id_bdq,foco_id,lat,lon,data_pas,pais,estado,municipio,bioma
 1615983386 ,09c7dcd9-24c9-3f72-a847-0bc06fc087f5,   -8.513750 ,  -70.258210 ,2023-01-10 18:00:00,Brasil,ACRE,FEIJÓ,Amazônia
 1616749517 ,d76867e1-f1ee-3c5e-b64a-30074af8c427,   -8.034660 ,  -72.516140 ,2023-01-17 18:02:00,Brasil,ACRE,CRUZEIRO DO SUL,Amazônia
 1616749518 ,ebe50d63-8d52-3f61-8801-ceb25fcaaf68,   -8.037120 ,  -72.488610 ,2023-01-17 18:02:00,Brasil,ACRE,CRUZEIRO DO SUL,Amazônia
 1616749519 ,e2d61ca8-8105-302f-9c21-b8e2cb2d7154,   -8.041210 ,  -72.519940 ,2023-01-17 18:02:00,Brasil,ACRE,CRUZEIRO DO SUL,Amazônia
 1617760505 ,aeb8e95a-f185-3df1-85cc-fdae6458b042,   -7.658710 ,  -73.309290 ,2023-01-27 18:34:00,Brasil,ACRE,MÂNCIO LIMA,Amazônia
 1622092527 ,a4a2015f-65f3-31ae-8e30-2615128bdb04,   -7.632240 ,  -72.687330 ,2023-02-28 18:17:00,Brasil,ACRE,CRUZEIRO DO SUL,Amazônia
 1628766280 ,ac258dc3-149b-30cf-b668-950a6baa029d,   -7.765420 ,  -72.995740 ,2023-05-02 18:24:00,Brasil,ACRE,RODRIGUES ALVES,Amazônia
 1629939064 ,55950742-a306-3b33-803d-09013f5027ae,   -7.543630 ,  -73.003560 ,2023-05-12 18:51:00,Brasil,ACRE,MÂNCIO LIMA,Amazônia
 1630036051 ,6c1f9824-b64c-38d6-811f-630495774960,  -10.421370 ,  -67.893080 ,2023-05-13 17:54:00,Brasil,ACRE,CAPIXABA,Amazônia
 1630145768 ,cd4de8e7-3c3a-34c1-b278-b82486e2ff69,   -7.701570 ,  -72.743100 ,2023-05-14 18:36:00,Brasil,ACRE,CRUZEIRO DO SUL,Amazônia
 1630145800 ,4dcf997f-5c49-34a3-8717-b3e3f7ba1cd4,   -7.884450 ,  -72.801380 ,2023-05-14 18:36:00,Brasil,ACRE,RODRIGUES ALVES,Amazônia
 1630145883 ,0f1fc553-9269-3cca-82b0-bfd1d3af466e,   -7.978690 ,  -72.947790 ,2023-05-14 18:36:00,Brasil,ACRE,CRUZEIRO DO SUL,Amazônia
 1630385648 ,00a4c926-4326-366c-b605-69f93462fa40,   -7.691950 ,  -72.424220 ,2023-05-16 18:24:00,Brasil,ACRE,CRUZEIRO DO SUL,Amazônia
 1632317804 ,040347dd-32f4-3f6d-942f-91224af11bb2,   -7.625160 ,  -72.669820 ,2023-06-04 18:36:00,Brasil,ACRE,CRUZEIRO DO SUL,Amazônia
 1632318016 ,cb5f5bc7-066e-3a7e-b65e-e3487eb2fb79,   -8.234850 ,  -70.745800 ,2023-06-04 18:36:00,Brasil,ACRE,TARAUACÁ,Amazônia
 1632518484 ,009f985a-95d4-38b4-b4c0-2f0d950efa2f,   -7.630890 ,  -72.676730 ,2023-06-06 18:21:00,Brasil,ACRE,CRUZEIRO DO SUL,Amazônia
 1633031649 ,85b00351-d151-3f08-9fe8-f637be16841e,   -7.827720 ,  -72.409450 ,2023-06-11 18:36:00,Brasil,ACRE,CRUZEIRO DO SUL,Amazônia
 1633031650 ,5e227798-e099-3f8f-af25-cce62d12f27e,   -7.841820 ,  -72.307820 ,2023-06-11 18:36:00,Brasil,ACRE,CRUZEIRO DO SUL,Amazônia
 1633031651 ,d68bbaf4-ac17-3d5b-b302-e5db79b47181,   -7.843200 ,  -72.317550 ,2023-06-11 18:36:00,Brasil,ACRE,CRUZEIRO DO SUL,Amazônia
 1633859266 ,3f7256b3-2ebf-3318-ae9e-6e7f13d5a28f,   -7.697900 ,  -72.468290 ,2023-06-18 18:34:00,Brasil,ACRE,CRUZEIRO DO SUL,Amazônia
 1633859282 ,5bb6e605-63ef-3b74-9bd5-379a42d60a35,   -7.717180 ,  -72.356760 ,2023-06-18 18:34:00,Brasil,ACRE,CRUZEIRO DO SUL,Amazônia
 1633859287 ,8790f91c-181a-389a-a276-f49f5c5c0902,   -9.546020 ,  -68.615020 ,2023-06-18 18:34:00,Brasil,ACRE,RIO BRANCO,Amazônia
 1633859294 ,ca482c85-ccb2-35a4-bd58-a4d893688ac3,   -9.547400 ,  -68.624440 ,2023-06-18 18:34:00,Brasil,ACRE,RIO BRANCO,Amazônia
 1633859297 ,80b804ad-5b5c-3c9c-9782-a2516a73841a,   -7.718560 ,  -72.366740 ,2023-06-18 18:34:00,Brasil,ACRE,CRUZEIRO DO SUL,Amazônia
 1633859316 ,9dd3cba4-3cde-365c-9698-7db5a131d561,  -10.014940 ,  -67.751460 ,2023-06-18 18:34:00,Brasil,ACRE,RIO BRANCO,Amazônia
 1634081726 ,cf210f87-e19c-3793-a005-f49ee3165770,  -10.046890 ,  -67.821110 ,2023-06-20 18:19:00,Brasil,ACRE,RIO BRANCO,Amazônia
 1634081731 ,58973d4d-166c-33fa-a89b-640f8f42b0b4,  -10.143550 ,  -67.667480 ,2023-06-20 18:19:00,Brasil,ACRE,SENADOR GUIOMARD,Amazônia
 1634081733 ,d86a4926-c6a2-39df-9e5f-c0589f0f3638,  -10.937150 ,  -69.381140 ,2023-06-20 18:19:00,Brasil,ACRE,BRASILÉIA,Amazônia
 1634081818 ,089edd6b-0eca-33ef-a045-9a9a33413898,   -8.099950 ,  -71.144290 ,2023-06-20 18:21:00,Brasil,ACRE,TARAUACÁ,Amazônia
 1634081856 ,914dbd2f-6853-3716-95e0-a41c738660ad,   -9.897210 ,  -68.336980 ,2023-06-20 18:19:00,Brasil,ACRE,RIO BRANCO,Amazônia
 1634235867 ,0aad21a5-fc74-37e5-92d0-713beba0c527,   -8.367080 ,  -72.721350 ,2023-06-21 19:02:00,Brasil,ACRE,PORTO WALTER,Amazônia
 1634390088 ,7444f8d5-acb4-3fad-8afa-c51a43afd407,   -9.758570 ,  -67.157620 ,2023-06-22 18:06:00,Brasil,ACRE,ACRELÂNDIA,Amazônia
 1634567227 ,cc1fbbae-148b-327c-965e-d8b2ee9b5e01,  -10.876650 ,  -69.330470 ,2023-06-23 18:47:00,Brasil,ACRE,BRASILÉIA,Amazônia
 1634567228 ,16565d62-e178-312a-9234-62fea47396e0,  -10.524150 ,  -69.811600 ,2023-06-23 18:49:00,Brasil,ACRE,ASSIS BRASIL,Amazônia
 1634567229 ,237c81a0-45a2-3c37-b7e7-42ce9fe2dc26,  -10.879570 ,  -69.322950 ,2023-06-23 18:47:00,Brasil,ACRE,BRASILÉIA,Amazônia
 1634567232 ,212f13d4-149a-32b0-bac2-47bc0b496aea,   -9.238540 ,  -71.652860 ,2023-06-23 18:49:00,Brasil,ACRE,FEIJÓ,Amazônia
 1634567233 ,a544c6ef-9465-3099-b595-3ff5f4e0b51a,   -9.240000 ,  -71.662600 ,2023-06-23 18:49:00,Brasil,ACRE,JORDÃO,Amazônia
 1634822360 ,4195b580-9c26-31fb-b868-c0a6414f7d2d,  -10.831610 ,  -69.520370 ,2023-06-25 18:34:00,Brasil,ACRE,BRASILÉIA,Amazônia
 1635046423 ,15e150a2-6cce-3259-b6aa-b9910dee46ec,  -10.001330 ,  -66.923590 ,2023-06-27 18:19:00,Brasil,ACRE,ACRELÂNDIA,Amazônia
 1635046581 ,47254a2d-0948-3a97-b880-64bc319106fb,   -9.858180 ,  -67.877490 ,2023-06-27 18:19:00,Brasil,ACRE,RIO BRANCO,Amazônia
 1635655301 ,13f3b5f2-321a-3a0b-9890-e2e1361f79ba,  -10.609260 ,  -68.932410 ,2023-07-02 18:32:00,Brasil,ACRE,BRASILÉIA,Amazônia
 1635655306 ,36bcec42-9ae0-3cd9-92b1-2de9477d9840,   -8.636060 ,  -69.610730 ,2023-07-02 18:34:00,Brasil,ACRE,FEIJÓ,Amazônia
 1635655308 ,88fc5bdb-4262-35b1-8021-677881c3e1c5,  -10.067560 ,  -66.936750 ,2023-07-02 18:34:00,Brasil,ACRE,ACRELÂNDIA,Amazônia
 1635655323 ,50482835-4cfb-3343-b5ab-494d53cefb0b,   -8.744390 ,  -69.340450 ,2023-07-02 18:34:00,Brasil,ACRE,MANOEL URBANO,Amazônia
 1635655339 ,3978fe7c-03a2-30a8-91b4-29229fddbe8e,   -8.745690 ,  -69.349430 ,2023-07-02 18:34:00,Brasil,ACRE,MANOEL URBANO,Amazônia
 1635655462 ,b9ce4a03-d144-3106-8099-a52e9cbe342f,   -9.830430 ,  -68.830910 ,2023-07-02 18:34:00,Brasil,ACRE,SENA MADUREIRA,Amazônia
 1635655464 ,49d3f8fd-86ff-3393-bc9b-4e039e4a53da,  -10.069100 ,  -66.947110 ,2023-07-02 18:34:00,Brasil,ACRE,ACRELÂNDIA,Amazônia
 1635655615 ,b2dfae32-aa1d-3f97-9448-3a8e96568a39,   -7.951260 ,  -72.897640 ,2023-07-02 18:34:00,Brasil,ACRE,CRUZEIRO DO SUL,Amazônia
 1635655627 ,9f7fce7b-6cfc-3c68-b0c9-b5b593cd643f,  -10.307740 ,  -67.213740 ,2023-07-02 18:32:00,Brasil,ACRE,PLÁCIDO DE CASTRO,Amazônia
 1635655640 ,90ff33e8-3b6c-3792-ab9c-d8ee24533fb1,   -8.038230 ,  -71.163010 ,2023-07-02 18:34:00,Brasil,ACRE,TARAUACÁ,Amazônia
 1635655655 ,5e985531-1f99-31d4-bdfc-cb15123ebe1c,   -8.162220 ,  -70.348620 ,2023-07-02 18:34:00,Brasil,ACRE,FEIJÓ,Amazônia
 1635655672 ,46e9b2f1-b5b3-3aea-b269-3979b6213598,   -8.166820 ,  -70.768820 ,2023-07-02 18:34:00,Brasil,ACRE,TARAUACÁ,Amazônia
 1635655703 ,92669ad7-4c27-39f8-a781-fa07e5c80e5f,   -8.373180 ,  -70.346140 ,2023-07-02 18:34:00,Brasil,ACRE,FEIJÓ,Amazônia
 1635655718 ,5979a2bd-3e24-3579-b88c-684c4cdc843e,   -8.382170 ,  -70.344830 ,2023-07-02 18:34:00,Brasil,ACRE,FEIJÓ,Amazônia
 1636057140 ,28d126d9-90aa-349b-913e-5dba55d0255b,  -10.672200 ,  -68.856230 ,2023-07-04 18:19:00,Brasil,ACRE,XAPURI,Amazônia
 1636057658 ,0c3f1771-749b-337d-b7a1-354a438e43c8,   -9.021160 ,  -71.920430 ,2023-07-04 18:19:00,Brasil,ACRE,JORDÃO,Amazônia
 1636239564 ,38a3439d-04b2-3b48-8d59-28b7187eaed6,   -7.706990 ,  -72.748440 ,2023-07-05 19:02:00,Brasil,ACRE,CRUZEIRO DO SUL,Amazônia
 1636387051 ,9d26ad31-a43c-35c7-b89c-48040b725a99,  -10.788500 ,  -69.210300 ,2023-07-06 18:04:00,Brasil,ACRE,BRASILÉIA,Amazônia
 1636387054 ,533ab37d-a039-3973-9a68-b5a5f837529a,  -10.794670 ,  -69.202330 ,2023-07-06 18:04:00,Brasil,ACRE,BRASILÉIA,Amazônia
 1636387106 ,d5e7f0a4-de05-398c-830a-6efcdcdd35bc,   -7.994830 ,  -70.601480 ,2023-07-06 18:04:00,Brasil,ACRE,TARAUACÁ,Amazônia
 1636387107 ,665dc4a5-629c-3110-a7b8-e8b27deec228,   -7.995300 ,  -70.606210 ,2023-07-06 18:04:00,Brasil,ACRE,FEIJÓ,Amazônia
 1636387108 ,b9327b49-35f3-3e06-9728-1d9b1d453e3b,   -7.998260 ,  -70.628660 ,2023-07-06 18:04:00,Brasil,ACRE,TARAUACÁ,Amazônia
 1636387124 ,6d240de6-1eb9-3632-a060-645a0dda6be6,   -9.957410 ,  -67.213140 ,2023-07-06 18:04:00,Brasil,ACRE,SENADOR GUIOMARD,Amazônia
 1636573545 ,6560f84b-693c-34f0-93e7-5a2f9ad6d141,   -7.650110 ,  -72.450650 ,2023-07-07 18:47:00,Brasil,ACRE,CRUZEIRO DO SUL,Amazônia
 1636573590 ,c4472b07-1e21-3a33-be0b-cfb76288cebf,   -8.776830 ,  -69.505410 ,2023-07-07 18:47:00,Brasil,ACRE,MANOEL URBANO,Amazônia
 1636573728 ,47cace16-e4d5-3d24-b536-185b0ec5563e,   -8.040930 ,  -72.478570 ,2023-07-07 18:47:00,Brasil,ACRE,CRUZEIRO DO SUL,Amazônia
 1636573794 ,c8ccf127-7f08-35c2-8c9c-fbe2cae8efb2,   -8.042240 ,  -72.487590 ,2023-07-07 18:47:00,Brasil,ACRE,CRUZEIRO DO SUL,Amazônia
 1636933468 ,6ec4a633-93df-314f-b879-22cd50240181,  -10.698070 ,  -68.952930 ,2023-07-09 18:32:00,Brasil,ACRE,BRASILÉIA,Amazônia
 1636933922 ,5e172a1f-768f-3f8c-bf4e-1a0d40566f9f,   -9.913210 ,  -67.553870 ,2023-07-09 18:32:00,Brasil,ACRE,RIO BRANCO,Amazônia
 1636934089 ,beb7131e-543a-3a60-98aa-42540f95df93,   -7.642850 ,  -72.493330 ,2023-07-09 18:32:00,Brasil,ACRE,CRUZEIRO DO SUL,Amazônia
 1637262892 ,e7b70a3a-0d6d-323c-914d-47a79b09ae5d,  -10.152130 ,  -67.732420 ,2023-07-11 18:17:00,Brasil,ACRE,SENADOR GUIOMARD,Amazônia
 1637262925 ,59a52faa-c81a-3f23-a41b-56401686bee1,   -7.768150 ,  -72.268090 ,2023-07-11 18:19:00,Brasil,ACRE,CRUZEIRO DO SUL,Amazônia
 1637262926 ,6df48ec4-175a-3abd-a303-107038518243,   -7.770180 ,  -72.272770 ,2023-07-11 18:19:00,Brasil,ACRE,CRUZEIRO DO SUL,Amazônia
 1637262927 ,726305ab-b8ff-3216-8be2-7b298324fed2,   -7.770700 ,  -72.287990 ,2023-07-11 18:19:00,Brasil,ACRE,CRUZEIRO DO SUL,Amazônia
 1637262928 ,2c6fc980-16e2-30a0-9e29-6571e2abd316,   -7.772870 ,  -72.292630 ,2023-07-11 18:19:00,Brasil,ACRE,CRUZEIRO DO SUL,Amazônia
 1637262929 ,2befc961-8ca7-32b7-aeab-3a53557b3e6a,   -7.781080 ,  -72.266250 ,2023-07-11 18:19:00,Brasil,ACRE,CRUZEIRO DO SUL,Amazônia
 1637262934 ,8521ffbf-e6f5-3949-aa21-ddae04f64e4e,   -8.306260 ,  -71.100410 ,2023-07-11 18:19:00,Brasil,ACRE,TARAUACÁ,Amazônia
 1637262937 ,be9852af-5173-3d21-8538-5a4d71afc310,   -8.828830 ,  -71.224770 ,2023-07-11 18:19:00,Brasil,ACRE,FEIJÓ,Amazônia
 1637471265 ,cedd20e6-d8c9-3461-81ec-13e50d4a1b62,   -9.219190 ,  -72.731990 ,2023-07-12 19:00:00,Brasil,ACRE,MARECHAL THAUMATURGO,Amazônia
 1637471266 ,92f7fd00-0f73-358d-82d4-4071de4f4630,   -7.668500 ,  -72.960500 ,2023-07-12 19:00:00,Brasil,ACRE,MÂNCIO LIMA,Amazônia
 1637471269 ,7b202331-de7d-38a1-b599-59730ee947ec,   -7.707760 ,  -72.826210 ,2023-07-12 19:00:00,Brasil,ACRE,RODRIGUES ALVES,Amazônia
 1637931392 ,2894b5d0-09a2-3cc9-a81a-a620524f59e8,   -8.217250 ,  -72.752080 ,2023-07-14 18:47:00,Brasil,ACRE,PORTO WALTER,Amazônia
 1637931399 ,ca01c618-4497-39f0-b2b8-f4a838263cfd,   -7.682490 ,  -72.749000 ,2023-07-14 18:47:00,Brasil,ACRE,CRUZEIRO DO SUL,Amazônia
 1637931668 ,5a3a8f76-d9fb-3582-b57b-0efb6bc8014f,   -8.218540 ,  -72.761050 ,2023-07-14 18:47:00,Brasil,ACRE,PORTO WALTER,Amazônia
 1637931760 ,666ce8f3-95e4-3ee5-9a94-f9081076ef50,   -8.288640 ,  -72.741530 ,2023-07-14 18:47:00,Brasil,ACRE,PORTO WALTER,Amazônia
 1637932029 ,a9b6acf7-9777-3a3c-9e1d-d1e0a30a3386,   -7.801050 ,  -73.000170 ,2023-07-14 18:47:00,Brasil,ACRE,RODRIGUES ALVES,Amazônia
 1637932061 ,2bddb425-fb17-3d66-9642-bbb36c4f4e1e,   -7.829040 ,  -72.941120 ,2023-07-14 18:47:00,Brasil,ACRE,RODRIGUES ALVES,Amazônia
 1637932066 ,2358067c-6fda-33d2-bae1-a4fb00c539f8,   -8.901520 ,  -71.259470 ,2023-07-14 18:45:00,Brasil,ACRE,FEIJÓ,Amazônia
 1637932073 ,ff505d3e-42d2-3436-beb3-1b5eed3285f8,   -7.681190 ,  -72.740050 ,2023-07-14 18:47:00,Brasil,ACRE,CRUZEIRO DO SUL,Amazônia
 1637932163 ,095e1290-99e3-34ed-b0af-d1f75d198f47,   -8.914880 ,  -72.808360 ,2023-07-14 18:45:00,Brasil,ACRE,MARECHAL THAUMATURGO,Amazônia
 1637932190 ,53bd33a2-57c3-3c3d-ab50-dd429c1ed443,   -7.830330 ,  -72.950080 ,2023-07-14 18:47:00,Brasil,ACRE,RODRIGUES ALVES,Amazônia
 1637932194 ,cf11c404-2d84-30ef-b605-6fef697790fb,   -8.916170 ,  -72.817370 ,2023-07-14 18:45:00,Brasil,ACRE,MARECHAL THAUMATURGO,Amazônia
 1638325574 ,25bfbb0c-0953-3c66-a9dd-0ada645c79ad,   -9.617690 ,  -68.241000 ,2023-07-16 18:32:00,Brasil,ACRE,BUJARI,Amazônia
 1638325577 ,93886c1b-3220-324a-b578-1a93f5e7ed90,   -8.162100 ,  -70.351580 ,2023-07-16 18:32:00,Brasil,ACRE,FEIJÓ,Amazônia
 1638326000 ,cd763ccf-7145-39aa-8802-58d35658f054,   -9.341620 ,  -68.436260 ,2023-07-16 18:32:00,Brasil,ACRE,SENA MADUREIRA,Amazônia
 1638326004 ,9d279f7d-94e8-39b9-a2d7-fcc95bdf68e1,   -9.899290 ,  -67.039380 ,2023-07-16 18:32:00,Brasil,ACRE,ACRELÂNDIA,Amazônia
 1638326045 ,90fa534f-37c1-3120-8921-067e2d2ea2c5,   -9.900730 ,  -67.048970 ,2023-07-16 18:32:00,Brasil,ACRE,ACRELÂNDIA,Amazônia
 1638326315 ,be27aeba-a0b7-38ea-b154-516793a8b05b,  -10.066400 ,  -68.416500 ,2023-07-16 18:32:00,Brasil,ACRE,RIO BRANCO,Amazônia
 1638326322 ,10b04833-1e71-3371-9dfa-863aaa65cd77,  -10.930510 ,  -69.371670 ,2023-07-16 18:30:00,Brasil,ACRE,BRASILÉIA,Amazônia
 1638326326 ,bfe69212-db00-3cfa-bacf-efa6ef913c13,  -10.931830 ,  -69.380960 ,2023-07-16 18:30:00,Brasil,ACRE,BRASILÉIA,Amazônia
 1638789136 ,1ba8483d-53b7-3df9-b774-56d77654add6,  -10.478730 ,  -67.525670 ,2023-07-18 18:17:00,Brasil,ACRE,PLÁCIDO DE CASTRO,Amazônia
 1638789194 ,1f2498da-000e-3efb-91fd-920fc4e9a693,   -9.228880 ,  -71.982590 ,2023-07-18 18:17:00,Brasil,ACRE,JORDÃO,Amazônia
 1638789198 ,b8bef674-4376-3103-a537-8aa657b4e073,   -9.417290 ,  -71.227340 ,2023-07-18 18:17:00,Brasil,ACRE,FEIJÓ,Amazônia
 1638990476 ,0ad27b31-4df4-3d37-bceb-26c903f8e0f0,  -10.024270 ,  -66.918200 ,2023-07-19 19:00:00,Brasil,ACRE,ACRELÂNDIA,Amazônia
 1638990477 ,2ef88db2-bd0e-3112-a792-ea10e855570e,  -10.029290 ,  -66.947300 ,2023-07-19 19:00:00,Brasil,ACRE,ACRELÂNDIA,Amazônia
 1638990479 ,78f01573-07fa-38f9-902b-d873573585d2,  -10.039350 ,  -66.915390 ,2023-07-19 19:00:00,Brasil,ACRE,ACRELÂNDIA,Amazônia
 1638990480 ,2f10889f-9ee3-3dd6-8c59-8326d7c81f6d,  -10.040880 ,  -66.939990 ,2023-07-19 19:00:00,Brasil,ACRE,ACRELÂNDIA,Amazônia
 1638990483 ,02609ff1-6be6-3c4d-892c-d538be4b2e0f,  -10.044310 ,  -66.944370 ,2023-07-19 19:00:00,Brasil,ACRE,ACRELÂNDIA,Amazônia
 1638990488 ,f228e701-d931-3ba8-832f-7404a220029d,  -10.483060 ,  -67.536580 ,2023-07-19 19:00:00,Brasil,ACRE,PLÁCIDO DE CASTRO,Amazônia
 1639152462 ,df1b8651-f20e-370d-8f59-384681eb7772,   -9.486030 ,  -68.254740 ,2023-07-20 18:02:00,Brasil,ACRE,BUJARI,Amazônia
 1639153194 ,42a58cf6-ae65-3ac1-80a6-3e9f6ad88de6,   -8.922000 ,  -69.420290 ,2023-07-20 18:02:00,Brasil,ACRE,MANOEL URBANO,Amazônia
 1639287321 ,1e65d296-2d4d-3930-a0ce-bf16d7571b8a,   -8.942820 ,  -72.800370 ,2023-07-21 18:43:00,Brasil,ACRE,MARECHAL THAUMATURGO,Amazônia
 1639287324 ,2c7f095f-dde9-33e9-8b22-8eb87d7f0f86,   -7.768930 ,  -72.448630 ,2023-07-21 18:45:00,Brasil,ACRE,CRUZEIRO DO SUL,Amazônia
 1639287328 ,bf9a85d5-7173-322d-937a-08041a5a2d28,   -9.410010 ,  -71.252880 ,2023-07-21 18:43:00,Brasil,ACRE,FEIJÓ,Amazônia
 1639287329 ,a25c67d5-5fef-30f3-9317-cb066567b82d,   -8.802170 ,  -71.128860 ,2023-07-21 18:43:00,Brasil,ACRE,FEIJÓ,Amazônia
 1639287341 ,0c0f1000-a53d-3c3c-bcfc-2e1c5a022b32,   -8.080700 ,  -70.176110 ,2023-07-21 18:43:00,Brasil,ACRE,FEIJÓ,Amazônia
 1639287342 ,f52f0e66-c15e-35d2-89b0-ddc39d03e05a,   -9.088240 ,  -70.003590 ,2023-07-21 18:43:00,Brasil,ACRE,SANTA ROSA DO PURUS,Amazônia
 1639287343 ,e3fdbcb6-b91e-3442-9144-7dcba94aa68d,   -8.547440 ,  -70.083280 ,2023-07-21 18:43:00,Brasil,ACRE,FEIJÓ,Amazônia
 1639287344 ,b0f14ebd-03bc-34ea-8163-4ec2903ca31c,   -9.086760 ,  -69.993550 ,2023-07-21 18:43:00,Brasil,ACRE,SANTA ROSA DO PURUS,Amazônia
 1639287345 ,8298f0f0-3bd1-39b5-9e0b-1da98bd57f9f,   -9.092220 ,  -69.997260 ,2023-07-21 18:43:00,Brasil,ACRE,SANTA ROSA DO PURUS,Amazônia
 1639287382 ,cd2d5f47-6c2d-32a2-b334-8a93a78f1457,  -10.462360 ,  -67.596660 ,2023-07-21 18:43:00,Brasil,ACRE,PLÁCIDO DE CASTRO,Amazônia
 1639287961 ,d3ee5f5e-47ff-3d0f-baa0-3a1c5ee1e105,   -9.373520 ,  -68.050180 ,2023-07-21 18:43:00,Brasil,ACRE,PORTO ACRE,Amazônia
 1639696192 ,08ae1fd6-2a0d-35af-8661-e935a1f7f420,   -7.656670 ,  -72.997900 ,2023-07-23 18:30:00,Brasil,ACRE,MÂNCIO LIMA,Amazônia
 1639696193 ,3b58026f-ff7d-3b20-a775-e4de91817be4,   -7.665190 ,  -72.900830 ,2023-07-23 18:30:00,Brasil,ACRE,MÂNCIO LIMA,Amazônia
 1639696196 ,1ae08382-89b1-307d-8681-ed930b530070,   -7.670460 ,  -72.907000 ,2023-07-23 18:30:00,Brasil,ACRE,RODRIGUES ALVES,Amazônia
 1639696200 ,a94f3864-0509-3fb1-827a-fdf4179ef86f,   -7.690280 ,  -73.056030 ,2023-07-23 18:30:00,Brasil,ACRE,RODRIGUES ALVES,Amazônia
 1639696204 ,1a2df559-5c10-3d56-8c91-93692038d209,   -7.692100 ,  -73.069730 ,2023-07-23 18:30:00,Brasil,ACRE,RODRIGUES ALVES,Amazônia
 1639696207 ,cec20148-13d8-3aa2-88d3-27db646a4a76,   -7.735780 ,  -73.063770 ,2023-07-23 18:30:00,Brasil,ACRE,RODRIGUES ALVES,Amazônia
 1639696216 ,93a4bce2-3988-3fc4-8c95-eaf825d91864,   -7.858010 ,  -72.308070 ,2023-07-23 18:30:00,Brasil,ACRE,CRUZEIRO DO SUL,Amazônia
 1639696217 ,f5c7cda8-27c4-3688-a020-a5d22a18a5d7,   -8.027260 ,  -71.555920 ,2023-07-23 18:30:00,Brasil,ACRE,TARAUACÁ,Amazônia
 1639696220 ,b39f83d9-945e-3b0a-90b4-b8dfc1cd73fb,   -8.028290 ,  -71.549200 ,2023-07-23 18:30:00,Brasil,ACRE,TARAUACÁ,Amazônia
 1639696225 ,aee30cd0-3fe0-3274-889d-f55330dc4e95,   -8.080110 ,  -71.275610 ,2023-07-23 18:30:00,Brasil,ACRE,TARAUACÁ,Amazônia
 1639696228 ,ea762fd4-0fda-315a-ac2a-637a052b9591,   -8.070420 ,  -71.277030 ,2023-07-23 18:30:00,Brasil,ACRE,TARAUACÁ,Amazônia
 1639696231 ,05c2a2bf-1d04-3346-ac27-d96faeddc940,   -8.338560 ,  -70.915210 ,2023-07-23 18:30:00,Brasil,ACRE,TARAUACÁ,Amazônia
 1639696235 ,9db2b658-899a-312c-be2b-abb0dec58241,   -8.339990 ,  -70.925570 ,2023-07-23 18:30:00,Brasil,ACRE,TARAUACÁ,Amazônia
 1639696239 ,6dec6e4a-8683-3ff2-9eac-138da80d4285,   -8.450620 ,  -70.716700 ,2023-07-23 18:30:00,Brasil,ACRE,TARAUACÁ,Amazônia
 1639696240 ,e9f57bf7-682e-3b77-9fa4-46cd8a8ac7bc,   -8.452050 ,  -70.726840 ,2023-07-23 18:30:00,Brasil,ACRE,TARAUACÁ,Amazônia
 1639696261 ,117bdbc7-9967-3bf2-9275-fdd5ee87978c,   -8.656700 ,  -69.771800 ,2023-07-23 18:30:00,Brasil,ACRE,FEIJÓ,Amazônia
 1639696263 ,12bb7c01-c8af-30b2-b7db-215e6e6abb11,   -8.679410 ,  -70.583050 ,2023-07-23 18:30:00,Brasil,ACRE,FEIJÓ,Amazônia
 1639696291 ,ea37bc7e-0fda-34d4-be73-ac3783bb2eae,   -8.751900 ,  -69.340040 ,2023-07-23 18:30:00,Brasil,ACRE,MANOEL URBANO,Amazônia
 1639696312 ,17496196-27e2-33e3-9580-24b800b17c74,   -9.179610 ,  -69.171870 ,2023-07-23 18:30:00,Brasil,ACRE,SENA MADUREIRA,Amazônia
 1639696313 ,83a6eb7a-891b-3235-9bf1-051fdd480a8c,   -9.180900 ,  -69.180990 ,2023-07-23 18:30:00,Brasil,ACRE,SENA MADUREIRA,Amazônia
 1639696387 ,a93871f2-a13e-3d4e-a846-93362a5a8215,   -9.953900 ,  -66.772960 ,2023-07-23 18:30:00,Brasil,ACRE,ACRELÂNDIA,Amazônia
 1639696390 ,1911eac4-51f3-353c-a764-bc400997d29d,   -9.952470 ,  -66.763440 ,2023-07-23 18:30:00,Brasil,ACRE,ACRELÂNDIA,Amazônia
 1639894673 ,8d69b309-be2e-3a0a-aa01-a39bb7db2bb5,   -7.705890 ,  -73.059470 ,2023-07-24 19:13:00,Brasil,ACRE,RODRIGUES ALVES,Amazônia
 1639894704 ,629c03f8-8c1d-3b6d-afb1-69ee3d7540d8,   -8.255850 ,  -72.969700 ,2023-07-24 19:13:00,Brasil,ACRE,PORTO WALTER,Amazônia
 1639894767 ,f59c9ada-3dcf-372f-ad98-4d775738d352,   -8.257320 ,  -72.961970 ,2023-07-24 19:13:00,Brasil,ACRE,PORTO WALTER,Amazônia
 1639894827 ,ffd77812-dfe6-391d-adf4-87159d3080cb,   -8.505940 ,  -71.462970 ,2023-07-24 19:13:00,Brasil,ACRE,TARAUACÁ,Amazônia
 1639894834 ,8e76fdb8-7a0b-3f87-9909-53fcb1d62bad,   -7.849560 ,  -71.845600 ,2023-07-24 19:13:00,Brasil,ACRE,TARAUACÁ,Amazônia
 1640085042 ,2ecd30b4-7124-3569-a5c4-172b1c2a5325,  -10.942650 ,  -68.498640 ,2023-07-25 18:15:00,Brasil,ACRE,EPITACIOLÂNDIA,Amazônia
 1640085044 ,fc971d3b-a36f-32e6-805b-de83f0e113b9,  -10.947620 ,  -68.491070 ,2023-07-25 18:15:00,Brasil,ACRE,EPITACIOLÂNDIA,Amazônia
 1640085045 ,19af68f8-f160-3288-9cf3-73c2a2698ce6,  -10.949430 ,  -68.504350 ,2023-07-25 18:15:00,Brasil,ACRE,EPITACIOLÂNDIA,Amazônia
 1640085053 ,0ad3154a-5157-3a58-a3cf-e807535d803c,  -10.153940 ,  -68.527730 ,2023-07-25 18:15:00,Brasil,ACRE,RIO BRANCO,Amazônia
 1640085054 ,d5502f8c-974f-34c7-84a8-e7ab2d034802,  -10.155660 ,  -68.540730 ,2023-07-25 18:15:00,Brasil,ACRE,RIO BRANCO,Amazônia
 1640085055 ,df587edc-7173-3b75-9837-ada8deceb714,  -10.201730 ,  -68.435770 ,2023-07-25 18:15:00,Brasil,ACRE,RIO BRANCO,Amazônia
 1640085056 ,277868ea-197b-381f-a799-d0967e7e1d02,  -10.203400 ,  -68.448620 ,2023-07-25 18:15:00,Brasil,ACRE,RIO BRANCO,Amazônia
 1640085057 ,7fc03578-5844-39f1-b919-ba078b193bb6,  -10.206950 ,  -68.441540 ,2023-07-25 18:15:00,Brasil,ACRE,RIO BRANCO,Amazônia
 1640085058 ,85985487-9c1b-3f41-a24a-2ea72e0763db,   -9.354390 ,  -68.797840 ,2023-07-25 18:15:00,Brasil,ACRE,SENA MADUREIRA,Amazônia
 1640085059 ,9d131707-2e98-33c5-800a-96651076dbdc,  -10.208710 ,  -68.454390 ,2023-07-25 18:15:00,Brasil,ACRE,XAPURI,Amazônia
 1640085060 ,06a8670b-1941-3c06-9d10-a346f2fcec4f,   -9.477300 ,  -68.033360 ,2023-07-25 18:15:00,Brasil,ACRE,BUJARI,Amazônia
 1640085061 ,c092e14f-792e-35ad-aabd-6033c72feb68,   -9.478920 ,  -68.045140 ,2023-07-25 18:15:00,Brasil,ACRE,BUJARI,Amazônia
 1640085064 ,640273df-448e-3104-8b6e-eca0501d525e,   -9.347910 ,  -68.142480 ,2023-07-25 18:15:00,Brasil,ACRE,BUJARI,Amazônia
 1640085090 ,7be63075-57eb-3aaa-9d03-b457af271c43,   -9.957720 ,  -67.214900 ,2023-07-25 18:15:00,Brasil,ACRE,SENADOR GUIOMARD,Amazônia
 1640085262 ,9c558dd6-4f16-39bf-a729-fcf04c68cd09,   -7.567080 ,  -73.481130 ,2023-07-25 18:17:00,Brasil,ACRE,MÂNCIO LIMA,Amazônia
 1640085273 ,3b93d483-349f-33fd-8470-713141c9290f,   -7.568420 ,  -73.488040 ,2023-07-25 18:17:00,Brasil,ACRE,MÂNCIO LIMA,Amazônia
 1640085544 ,867643b9-f8dc-3fbf-a1e9-782f2505b0e9,   -7.779040 ,  -72.790630 ,2023-07-25 18:17:00,Brasil,ACRE,RODRIGUES ALVES,Amazônia
 1640085545 ,cdf3f23c-341f-32f7-acd9-3c0abd9f3f6c,   -7.781540 ,  -72.785420 ,2023-07-25 18:17:00,Brasil,ACRE,RODRIGUES ALVES,Amazônia
 1640085569 ,907f18eb-c22a-33f6-b75f-f9dab9d3e44f,   -7.898210 ,  -71.664710 ,2023-07-25 18:17:00,Brasil,ACRE,TARAUACÁ,Amazônia
 1640085573 ,f424d637-3c1c-3044-af8d-fd2de3ca45fe,   -8.737760 ,  -70.993190 ,2023-07-25 18:17:00,Brasil,ACRE,FEIJÓ,Amazônia
 1640085586 ,b0011717-e040-3e34-820c-5530cdb0ce19,   -8.740190 ,  -71.012050 ,2023-07-25 18:17:00,Brasil,ACRE,FEIJÓ,Amazônia
 1640085979 ,2c536e3b-31bc-3a79-9fb7-8e9d18b9bd8a,  -10.940940 ,  -68.485340 ,2023-07-25 18:15:00,Brasil,ACRE,EPITACIOLÂNDIA,Amazônia
 1640406392 ,4dd8e6ed-0a0a-3afd-b0a0-e1626474e21e,   -9.035030 ,  -71.279800 ,2023-07-28 18:45:00,Brasil,ACRE,FEIJÓ,Amazônia
 1640406393 ,2d8eb16c-d30c-3185-b246-0cf4308093e3,   -9.033720 ,  -71.270790 ,2023-07-28 18:45:00,Brasil,ACRE,FEIJÓ,Amazônia
 1640406401 ,82817143-9294-33c1-b21d-02a97ec3ba5e,   -8.816590 ,  -71.232640 ,2023-07-28 18:45:00,Brasil,ACRE,TARAUACÁ,Amazônia
 1640406402 ,da2575d1-2c74-39bf-a4e4-9cc4f98a22c8,   -8.746490 ,  -69.379800 ,2023-07-28 18:45:00,Brasil,ACRE,MANOEL URBANO,Amazônia
 1640406403 ,6f43d154-3871-34e6-99a3-09b9319a86b5,   -8.736960 ,  -69.381300 ,2023-07-28 18:45:00,Brasil,ACRE,MANOEL URBANO,Amazônia
 1640406404 ,76ece2f9-2f5c-30d2-8841-d22a2a8bf5cc,   -8.735400 ,  -69.370920 ,2023-07-28 18:45:00,Brasil,ACRE,MANOEL URBANO,Amazônia
 1640406407 ,f7e0f1b4-f703-3c41-8a70-e9b497f45c6b,   -8.446210 ,  -70.585880 ,2023-07-28 18:45:00,Brasil,ACRE,FEIJÓ,Amazônia
 1640406408 ,b3e6829c-d5a9-3fd2-8860-418115cb4837,   -8.315110 ,  -71.199410 ,2023-07-28 18:45:00,Brasil,ACRE,TARAUACÁ,Amazônia
 1640406417 ,8cafdccb-5548-3529-a892-5005945d64ab,   -7.644870 ,  -72.811110 ,2023-07-28 18:45:00,Brasil,ACRE,MÂNCIO LIMA,Amazônia
 1640406420 ,9e7ac905-dccc-3cbb-abe5-b51e69adab20,   -7.354220 ,  -73.291150 ,2023-07-28 18:45:00,Brasil,ACRE,MÂNCIO LIMA,Amazônia
 1640406421 ,b320dfaa-7ff2-3c54-8474-966bf7a349fa,   -7.352890 ,  -73.281830 ,2023-07-28 18:45:00,Brasil,ACRE,MÂNCIO LIMA,Amazônia
 1640406436 ,ca98ff37-06bc-3cbf-bc74-8f0eef8825e2,  -10.194420 ,  -68.588080 ,2023-07-28 18:43:00,Brasil,ACRE,RIO BRANCO,Amazônia
 1640406439 ,71c81c8f-97ae-3a9d-a9d5-4cecb8009306,  -10.075870 ,  -68.213510 ,2023-07-28 18:43:00,Brasil,ACRE,RIO BRANCO,Amazônia
 1640473465 ,f7a26153-4806-37a3-88cd-80c110e76069,   -9.911090 ,  -67.051000 ,2023-07-29 17:47:00,Brasil,ACRE,ACRELÂNDIA,Amazônia
 1640473466 ,631eff04-b1ae-325c-bc17-8c291a3c674c,   -9.906950 ,  -67.014940 ,2023-07-29 17:47:00,Brasil,ACRE,ACRELÂNDIA,Amazônia
 1640473467 ,c0ac49bb-a049-314a-b5c0-7a85881037e3,   -9.901160 ,  -67.022980 ,2023-07-29 17:47:00,Brasil,ACRE,ACRELÂNDIA,Amazônia
 1640657636 ,859511fa-b4bc-3929-b69d-85062e2a1ce2,   -9.969700 ,  -66.886800 ,2023-07-30 18:28:00,Brasil,ACRE,ACRELÂNDIA,Amazônia
 1640657637 ,61a0642f-139d-3395-99ae-0b753dbfcee3,   -9.919360 ,  -67.041120 ,2023-07-30 18:28:00,Brasil,ACRE,ACRELÂNDIA,Amazônia
 1640657638 ,dd2ccc11-f67b-3c81-a915-9c132dffa44c,   -9.918010 ,  -67.031950 ,2023-07-30 18:28:00,Brasil,ACRE,ACRELÂNDIA,Amazônia
 1640657639 ,233439e5-53ef-3d3d-b4d7-1fc982fa7faa,   -9.910370 ,  -67.042500 ,2023-07-30 18:28:00,Brasil,ACRE,ACRELÂNDIA,Amazônia
 1640657655 ,6bcef4be-f10c-30b8-811d-62110a8c6b39,   -9.909020 ,  -67.033330 ,2023-07-30 18:28:00,Brasil,ACRE,ACRELÂNDIA,Amazônia
 1640657688 ,110845e3-9960-3004-8e84-226c273a4328,   -9.808060 ,  -68.888770 ,2023-07-30 18:28:00,Brasil,ACRE,SENA MADUREIRA,Amazônia
 1640657689 ,d7852f81-6d95-311a-8904-32108647da50,   -9.784650 ,  -67.829600 ,2023-07-30 18:28:00,Brasil,ACRE,BUJARI,Amazônia
 1640657691 ,e7e6591f-979b-3b30-81ab-c9cd89b1ba39,  -10.858290 ,  -68.248200 ,2023-07-30 18:28:00,Brasil,ACRE,XAPURI,Amazônia
 1640657692 ,a1a2a65a-1cdb-3745-b6d4-4e2690180984,   -9.806750 ,  -68.879520 ,2023-07-30 18:28:00,Brasil,ACRE,SENA MADUREIRA,Amazônia
 1640657693 ,2d540b6e-751b-3152-894d-b78d79232820,   -9.797710 ,  -68.880840 ,2023-07-30 18:28:00,Brasil,ACRE,SENA MADUREIRA,Amazônia
 1640657694 ,6d2d405b-c371-3a29-a7a8-9b15859a2c7d,   -9.785950 ,  -67.838590 ,2023-07-30 18:28:00,Brasil,ACRE,BUJARI,Amazônia
 1640657695 ,4733897e-4144-3cd3-b9b1-b35f186b48f9,   -9.478540 ,  -68.516350 ,2023-07-30 18:28:00,Brasil,ACRE,SENA MADUREIRA,Amazônia
 1640659481 ,3cd7c0c1-f8c3-3a30-8b39-5e0f024d8ee1,   -8.957090 ,  -69.445920 ,2023-07-30 18:28:00,Brasil,ACRE,MANOEL URBANO,Amazônia
 1640659483 ,b37cdea8-dff2-3977-9bde-0a68ac0db2a4,   -8.777630 ,  -69.150230 ,2023-07-30 18:28:00,Brasil,ACRE,MANOEL URBANO,Amazônia
 1640659484 ,0e0e4648-4bc4-3673-8818-9abf4483e39c,   -8.741010 ,  -69.544160 ,2023-07-30 18:28:00,Brasil,ACRE,MANOEL URBANO,Amazônia
 1640659485 ,d7933182-1dd9-3fd4-a602-7d065a38db82,   -8.702980 ,  -70.264110 ,2023-07-30 18:28:00,Brasil,ACRE,FEIJÓ,Amazônia
 1640659486 ,452d29a6-67ee-3ea5-b4f4-aa6517627e95,   -9.400710 ,  -70.449690 ,2023-07-30 18:28:00,Brasil,ACRE,SANTA ROSA DO PURUS,Amazônia
 1640659507 ,abdc26e9-c0d8-389b-9cde-4b1caf31e051,   -8.327630 ,  -71.693050 ,2023-07-30 18:28:00,Brasil,ACRE,TARAUACÁ,Amazônia
 1640659508 ,b65f58ca-b2fc-38c1-9a6c-5ca6f0b1bd84,   -8.221970 ,  -70.493900 ,2023-07-30 18:28:00,Brasil,ACRE,FEIJÓ,Amazônia
 1640659509 ,8ceee75c-c23a-3db3-b320-cb4df33f2e0b,   -9.014620 ,  -71.276840 ,2023-07-30 18:28:00,Brasil,ACRE,FEIJÓ,Amazônia
 1640659510 ,ffae5903-dc3a-3656-9995-25658dec20c2,   -8.895020 ,  -70.852810 ,2023-07-30 18:28:00,Brasil,ACRE,FEIJÓ,Amazônia
 1640659511 ,712c94cc-7d73-39e0-87cc-2e510e0e6b61,   -8.893510 ,  -70.841850 ,2023-07-30 18:28:00,Brasil,ACRE,FEIJÓ,Amazônia
 1640659512 ,73aeb474-fb15-33cf-ac5a-e751c4772556,   -8.658180 ,  -70.754920 ,2023-07-30 18:28:00,Brasil,ACRE,FEIJÓ,Amazônia
 1640659513 ,502225c7-8315-3785-a983-80878ac5b3a6,   -8.655140 ,  -70.749920 ,2023-07-30 18:28:00,Brasil,ACRE,FEIJÓ,Amazônia
 1640659514 ,93f9bcc1-9dbd-373c-a1c5-116e851d9bfc,   -8.161280 ,  -70.721120 ,2023-07-30 18:28:00,Brasil,ACRE,TARAUACÁ,Amazônia
 1640659517 ,2912cd80-d5d9-359a-a3e2-ea923cf78e17,   -7.870350 ,  -72.933700 ,2023-07-30 18:28:00,Brasil,ACRE,RODRIGUES ALVES,Amazônia
 1640659519 ,678f8090-e736-378e-b93a-4166150b0487,   -7.693570 ,  -72.373690 ,2023-07-30 18:28:00,Brasil,ACRE,CRUZEIRO DO SUL,Amazônia
 1640659520 ,c6044b82-676d-3242-9ac7-a33ccb4e37fe,   -7.689320 ,  -72.380830 ,2023-07-30 18:28:00,Brasil,ACRE,CRUZEIRO DO SUL,Amazônia
 1640659522 ,57506e62-348c-339e-982a-f93870bd0e51,   -7.868430 ,  -72.919240 ,2023-07-30 18:28:00,Brasil,ACRE,RODRIGUES ALVES,Amazônia
 1640659524 ,04aecb43-3553-386f-b58e-fbc4f52f5087,   -7.764990 ,  -73.004170 ,2023-07-30 18:28:00,Brasil,ACRE,RODRIGUES ALVES,Amazônia
 1640659525 ,7cac3c0a-2c73-3690-92fe-421b958118f5,   -7.764880 ,  -72.997510 ,2023-07-30 18:28:00,Brasil,ACRE,RODRIGUES ALVES,Amazônia
 1640659526 ,8696f93b-72c4-3a71-bfc4-38da79a14fdb,   -7.687490 ,  -72.367740 ,2023-07-30 18:28:00,Brasil,ACRE,CRUZEIRO DO SUL,Amazônia
 1640659527 ,6ea94584-96eb-3cee-be49-a0baa91eaffb,   -7.655640 ,  -72.452800 ,2023-07-30 18:28:00,Brasil,ACRE,CRUZEIRO DO SUL,Amazônia
 1640659528 ,8a7a47e6-e770-344e-bfcb-acc0ad5cfdda,   -7.615380 ,  -72.504570 ,2023-07-30 18:28:00,Brasil,ACRE,CRUZEIRO DO SUL,Amazônia
 1640659531 ,c780781e-15fb-3f72-ab53-6f6dde3d98c1,   -8.030900 ,  -72.513670 ,2023-07-30 18:28:00,Brasil,ACRE,CRUZEIRO DO SUL,Amazônia
 1640659532 ,e554ba66-4c02-395d-a633-2fafb419c4f0,   -7.940510 ,  -72.601200 ,2023-07-30 18:28:00,Brasil,ACRE,CRUZEIRO DO SUL,Amazônia
 1640659533 ,7b5fa299-8240-345d-91ce-cd044e10695f,   -8.990610 ,  -72.664410 ,2023-07-30 18:28:00,Brasil,ACRE,MARECHAL THAUMATURGO,Amazônia
 1640659534 ,fc245d9f-ce69-31ea-9551-ca43298337fe,   -8.073650 ,  -72.310200 ,2023-07-30 18:28:00,Brasil,ACRE,CRUZEIRO DO SUL,Amazônia
 1640659544 ,a9d968f2-5db5-33e5-a986-ece8aa3920fe,   -7.566070 ,  -73.491750 ,2023-07-30 18:28:00,Brasil,ACRE,MÂNCIO LIMA,Amazônia
 1640659545 ,2be34b4f-c8f6-30f5-b742-d8badd261d0e,   -7.556520 ,  -73.482000 ,2023-07-30 18:28:00,Brasil,ACRE,MÂNCIO LIMA,Amazônia
 1641121656 ,16d7d957-789c-394c-966f-e3f12ff55030,   -8.506940 ,  -70.570930 ,2023-07-27 18:02:00,Brasil,ACRE,FEIJÓ,Amazônia
 1641121657 ,587379a8-b503-3990-b1aa-6635642c9827,   -8.354520 ,  -71.743370 ,2023-07-27 18:02:00,Brasil,ACRE,TARAUACÁ,Amazônia
 1641121658 ,21d29070-eb26-329c-8b5d-1ac5661262b5,   -8.354480 ,  -71.747050 ,2023-07-27 18:02:00,Brasil,ACRE,TARAUACÁ,Amazônia
 1642540399 ,728e12ef-9b6f-3e67-b7cf-7b0a5038c922,  -10.005290 ,  -67.867860 ,2023-08-06 18:26:00,Brasil,ACRE,RIO BRANCO,Amazônia
 1643212620 ,2a571d07-9fd7-3090-9a31-a6470d614da0,   -7.939080 ,  -72.592940 ,2023-08-09 18:56:00,Brasil,ACRE,CRUZEIRO DO SUL,Amazônia
 1645022893 ,6ca6657f-7d4a-3264-8c22-11c4b6b0a072,   -8.100650 ,  -71.248870 ,2023-08-18 18:38:00,Brasil,ACRE,TARAUACÁ,Amazônia
 1653938162 ,346a6579-f2a6-344c-99f9-ab8cb2da2f54,   -9.214420 ,  -68.557010 ,2023-10-01 18:11:00,Brasil,ACRE,SENA MADUREIRA,Amazônia
 1653938326 ,0a76d692-1a23-3cea-846c-03c85c54a4ce,  -10.720250 ,  -69.004960 ,2023-10-01 18:11:00,Brasil,ACRE,BRASILÉIA,Amazônia
 1654101790 ,d525d33c-27a1-3827-a132-dd19cefdf8a5,  -10.610000 ,  -69.284880 ,2023-10-02 18:53:00,Brasil,ACRE,BRASILÉIA,Amazônia
 1654101791 ,4eb4a3b0-048d-3b22-b502-e8bbb2894488,  -10.478070 ,  -69.748690 ,2023-10-02 18:53:00,Brasil,ACRE,ASSIS BRASIL,Amazônia
 1654101799 ,668a6316-a8ed-3880-948b-5fa74566ff06,   -8.327720 ,  -70.532230 ,2023-10-02 18:53:00,Brasil,ACRE,FEIJÓ,Amazônia
 1654101800 ,a01913a0-b3e0-3dec-b6b2-a3039098212d,   -8.110320 ,  -71.333930 ,2023-10-02 18:53:00,Brasil,ACRE,TARAUACÁ,Amazônia
 1654101806 ,71be32ef-ecfc-3dcd-a27a-29fa04eac049,   -9.208110 ,  -72.715770 ,2023-10-02 18:53:00,Brasil,ACRE,MARECHAL THAUMATURGO,Amazônia
 1654266229 ,d21d0429-a9bd-3201-82d9-118e599d5eb6,  -10.562990 ,  -68.531940 ,2023-10-03 17:56:00,Brasil,ACRE,XAPURI,Amazônia
 1654266230 ,6e7e30ff-246e-3088-8e4c-04a1b495f903,  -10.521980 ,  -68.466180 ,2023-10-03 17:56:00,Brasil,ACRE,XAPURI,Amazônia
 1654266231 ,a5a116a0-791d-3771-ae67-0c1b0b222bc1,  -10.406240 ,  -67.983790 ,2023-10-03 17:56:00,Brasil,ACRE,CAPIXABA,Amazônia
 1654266232 ,a8d90653-1e36-3b6d-bcf5-6333d9ed3dce,  -10.086880 ,  -68.805610 ,2023-10-03 17:56:00,Brasil,ACRE,RIO BRANCO,Amazônia
 1654266233 ,49608098-34c9-3c9e-a514-57d6437bf0dd,  -10.074870 ,  -68.802670 ,2023-10-03 17:56:00,Brasil,ACRE,RIO BRANCO,Amazônia
 1654266239 ,4d591aa4-0f0f-3395-a532-d9bd7f98cada,  -10.883100 ,  -68.807950 ,2023-10-03 17:56:00,Brasil,ACRE,BRASILÉIA,Amazônia
 1654267225 ,97ee6a32-5679-3b1b-b1e3-a60ec0ea0f15,   -9.286660 ,  -68.325910 ,2023-10-03 17:56:00,Brasil,ACRE,SENA MADUREIRA,Amazônia
 1654267226 ,6beb00bc-597a-37e6-9a6a-b6cefd114409,   -9.279430 ,  -68.322370 ,2023-10-03 17:56:00,Brasil,ACRE,SENA MADUREIRA,Amazônia
 1654267246 ,60d98d7d-ee64-3fcd-a6ea-1684fde8e2f8,   -9.926610 ,  -68.511150 ,2023-10-03 17:56:00,Brasil,ACRE,RIO BRANCO,Amazônia
 1654267247 ,c6fddfac-54ed-341c-aba0-755686a81e42,   -9.877660 ,  -67.616140 ,2023-10-03 17:56:00,Brasil,ACRE,RIO BRANCO,Amazônia
 1654267248 ,68a7abcf-05c6-3cae-96e4-accd05e4d709,   -9.864590 ,  -67.624820 ,2023-10-03 17:56:00,Brasil,ACRE,RIO BRANCO,Amazônia
 1654267249 ,1eb9c8c1-42ea-3e34-a215-72fbab925ff6,   -9.862450 ,  -67.617980 ,2023-10-03 17:56:00,Brasil,ACRE,RIO BRANCO,Amazônia
 1654267250 ,d93f0e12-6ad9-3932-8ca1-75aab2acdf84,   -9.593820 ,  -67.525140 ,2023-10-03 17:56:00,Brasil,ACRE,PORTO ACRE,Amazônia
 1654267251 ,69f78f3c-1a1b-32f5-b291-b12451dbb4f0,   -9.492310 ,  -68.522640 ,2023-10-03 17:56:00,Brasil,ACRE,SENA MADUREIRA,Amazônia
 1654267252 ,9c58af34-e19d-35cf-9953-2522cb3dedf7,   -9.488150 ,  -68.489070 ,2023-10-03 17:56:00,Brasil,ACRE,SENA MADUREIRA,Amazônia
 1654267253 ,a3670884-6cac-3d09-910a-cc010d5891ba,   -9.483350 ,  -68.519680 ,2023-10-03 17:56:00,Brasil,ACRE,SENA MADUREIRA,Amazônia
 1654267254 ,eb6bfdb2-3a20-3b42-babf-64bb152136e2,  -10.668310 ,  -68.807840 ,2023-10-03 17:56:00,Brasil,ACRE,XAPURI,Amazônia
 1654267255 ,17bb0f84-7672-3523-af74-b3c0d026a4a2,  -10.664020 ,  -68.770920 ,2023-10-03 17:56:00,Brasil,ACRE,XAPURI,Amazônia
 1654267256 ,e975b020-c1dc-3d65-9671-26adf4f6141d,  -10.659890 ,  -68.776080 ,2023-10-03 17:56:00,Brasil,ACRE,XAPURI,Amazônia
 1654267257 ,4303c64a-02d7-3ae8-a42a-ceb399b7389b,  -10.568750 ,  -68.526660 ,2023-10-03 17:56:00,Brasil,ACRE,XAPURI,Amazônia
 1654267469 ,0f31a683-fc27-3577-915c-ea0480c1d8dc,   -8.720340 ,  -69.286500 ,2023-10-03 17:56:00,Brasil,ACRE,MANOEL URBANO,Amazônia
 1654267470 ,14326694-53af-34b2-8b35-7de99d657d3d,   -8.717030 ,  -69.291110 ,2023-10-03 17:56:00,Brasil,ACRE,MANOEL URBANO,Amazônia
 1654267471 ,e4b24e1e-3a26-3201-a29f-76b9888a724b,  -10.874280 ,  -69.496660 ,2023-10-03 17:56:00,Brasil,ACRE,ASSIS BRASIL,Amazônia
 1654267472 ,af32b771-dde8-3fbd-9560-f82d1451cfe7,  -10.873560 ,  -69.492870 ,2023-10-03 17:56:00,Brasil,ACRE,ASSIS BRASIL,Amazônia
 1654267473 ,04efbda2-1fbe-35c8-b0f9-ebc3e21d7c28,  -10.532500 ,  -69.346200 ,2023-10-03 17:56:00,Brasil,ACRE,BRASILÉIA,Amazônia
 1654267474 ,8d71b6d6-d100-3523-a03d-1777b3e78c2e,  -10.531810 ,  -69.350450 ,2023-10-03 17:56:00,Brasil,ACRE,BRASILÉIA,Amazônia
 1654267475 ,38bf3b29-986b-3dc7-a2e2-82eab7d540cb,  -10.526950 ,  -69.310180 ,2023-10-03 17:56:00,Brasil,ACRE,BRASILÉIA,Amazônia
 1654267476 ,3a65d27b-96cd-305a-a201-5fcf18a120f5,  -10.458620 ,  -69.483630 ,2023-10-03 17:56:00,Brasil,ACRE,SENA MADUREIRA,Amazônia
 1654267477 ,7c49f64b-b8ba-3e2f-84fd-5ae1e3460e2a,  -10.457910 ,  -69.490980 ,2023-10-03 17:56:00,Brasil,ACRE,SENA MADUREIRA,Amazônia
 1654267478 ,e31cbc2f-39ff-3e3c-883d-a22f01b1f171,  -10.452930 ,  -69.449710 ,2023-10-03 17:56:00,Brasil,ACRE,SENA MADUREIRA,Amazônia
 1654433933 ,9773dc66-d7ac-3b1f-be3b-53677c2f1e8e,   -9.988610 ,  -66.848790 ,2023-10-04 18:38:00,Brasil,ACRE,ACRELÂNDIA,Amazônia
 1654433934 ,b1e4a21d-797d-3033-bea7-89921430ce02,   -9.950140 ,  -66.737940 ,2023-10-04 18:38:00,Brasil,ACRE,ACRELÂNDIA,Amazônia
 1654433935 ,07d1a4ef-f8e5-3224-b52f-3503c2f143d6,   -9.948470 ,  -66.726920 ,2023-10-04 18:38:00,Brasil,ACRE,ACRELÂNDIA,Amazônia
 1654433936 ,dbf33d19-5e68-3da4-acee-3e652a226565,   -9.932360 ,  -67.301190 ,2023-10-04 18:38:00,Brasil,ACRE,SENADOR GUIOMARD,Amazônia
 1654434304 ,bdfee3b1-3793-39d3-b2ea-927d7be3f7af,   -8.910260 ,  -69.109230 ,2023-10-04 18:38:00,Brasil,ACRE,MANOEL URBANO,Amazônia
 1654434305 ,8cb4e74d-6734-3592-83ed-92f4153a075b,   -8.832940 ,  -69.394620 ,2023-10-04 18:38:00,Brasil,ACRE,MANOEL URBANO,Amazônia
 1654434306 ,1102aa14-c76c-390e-bdab-fb1073992d6f,   -8.799580 ,  -69.488980 ,2023-10-04 18:38:00,Brasil,ACRE,MANOEL URBANO,Amazônia
 1654434307 ,606d622d-a948-3289-80a5-41eb90043688,   -8.726980 ,  -69.808200 ,2023-10-04 18:38:00,Brasil,ACRE,FEIJÓ,Amazônia
 1654434308 ,9f025a46-4137-35c8-9335-3a2aaf5a7bae,   -8.674750 ,  -70.088190 ,2023-10-04 18:38:00,Brasil,ACRE,FEIJÓ,Amazônia
 1654434309 ,76e2063d-ab6b-353d-985a-be3417e2685a,   -8.655280 ,  -69.690600 ,2023-10-04 18:38:00,Brasil,ACRE,FEIJÓ,Amazônia
 1654434310 ,8e27212d-c03c-3e00-9cb0-dd90baca1155,   -8.649680 ,  -69.725480 ,2023-10-04 18:38:00,Brasil,ACRE,FEIJÓ,Amazônia
 1654434311 ,93419eb9-b4e2-36e7-8ef3-fcfb5ca29cca,   -8.622370 ,  -70.040920 ,2023-10-04 18:38:00,Brasil,ACRE,FEIJÓ,Amazônia
 1654434312 ,be4b43fd-f43e-392f-839a-282a255fd041,   -8.621080 ,  -70.031950 ,2023-10-04 18:38:00,Brasil,ACRE,FEIJÓ,Amazônia
 1654434313 ,f24dc567-503a-3aa2-8d9a-2cdea5157068,   -8.607840 ,  -70.195610 ,2023-10-04 18:38:00,Brasil,ACRE,FEIJÓ,Amazônia
 1654434314 ,bfc9d172-1056-304d-93a4-ca13b0da6d44,   -8.606540 ,  -70.186620 ,2023-10-04 18:38:00,Brasil,ACRE,FEIJÓ,Amazônia
 1654434315 ,74643933-80c7-3051-af76-082699a4163d,   -8.565410 ,  -70.027660 ,2023-10-04 18:38:00,Brasil,ACRE,FEIJÓ,Amazônia
 1654434316 ,011e5fdc-ea0f-319f-a5d5-561eb0f54738,   -8.556620 ,  -70.093100 ,2023-10-04 18:38:00,Brasil,ACRE,FEIJÓ,Amazônia
 1654434317 ,dca73be2-3202-391a-bbed-d2e958c571da,   -8.518220 ,  -70.016320 ,2023-10-04 18:38:00,Brasil,ACRE,FEIJÓ,Amazônia
 1654434318 ,63808e51-b42e-3218-b50e-369430881d79,   -8.457990 ,  -70.178360 ,2023-10-04 18:38:00,Brasil,ACRE,FEIJÓ,Amazônia
 1654434319 ,1b81156a-73be-3e4f-b98f-b12e7b35daab,   -8.442610 ,  -70.134790 ,2023-10-04 18:38:00,Brasil,ACRE,FEIJÓ,Amazônia
 1654434320 ,84d0d8e1-9c4e-3dc2-a906-0e895da7e447,   -8.407370 ,  -70.145760 ,2023-10-04 18:38:00,Brasil,ACRE,FEIJÓ,Amazônia
 1654434321 ,5f52770f-91ab-390d-8ddd-e703ef5cf7bf,   -8.389630 ,  -70.212550 ,2023-10-04 18:38:00,Brasil,ACRE,FEIJÓ,Amazônia
 1654434322 ,390955db-d010-39ce-81d0-a328d6f07abb,   -8.389270 ,  -70.020200 ,2023-10-04 18:38:00,Brasil,ACRE,FEIJÓ,Amazônia
 1654434323 ,9be5baba-a04e-3e97-93f3-e09e272f9594,   -8.374250 ,  -70.168980 ,2023-10-04 18:38:00,Brasil,ACRE,FEIJÓ,Amazônia
 1654434324 ,4c30c7dd-856e-3c80-92ce-d608a66c832b,   -8.299580 ,  -70.104070 ,2023-10-04 18:38:00,Brasil,ACRE,FEIJÓ,Amazônia
 1654434325 ,da826a73-ad6e-3a2f-9bb4-c287e9687d9f,   -8.185320 ,  -70.135790 ,2023-10-04 18:38:00,Brasil,ACRE,FEIJÓ,Amazônia
 1654434326 ,66dd2b9d-8f96-3457-b4ef-6dbd4b5757ad,   -8.164440 ,  -70.191180 ,2023-10-04 18:38:00,Brasil,ACRE,FEIJÓ,Amazônia
 1654434327 ,39780ac6-8445-345e-b8ef-675789748918,   -8.126160 ,  -70.178530 ,2023-10-04 18:38:00,Brasil,ACRE,FEIJÓ,Amazônia
 1654434328 ,2aac66ea-436f-32b8-9647-e3dce9fde89c,   -8.075100 ,  -70.140310 ,2023-10-04 18:38:00,Brasil,ACRE,FEIJÓ,Amazônia
 1654434329 ,0499b21e-9e6c-3e65-97ab-49ed7dd63e6e,   -8.029520 ,  -70.079620 ,2023-10-04 18:38:00,Brasil,ACRE,FEIJÓ,Amazônia
 1654434330 ,efb6ce3c-762d-3b05-8b53-1e4b8601b53c,   -8.028230 ,  -70.070670 ,2023-10-04 18:38:00,Brasil,ACRE,FEIJÓ,Amazônia
 1654434331 ,db02cd31-e3a0-3553-b866-271df7492bc6,   -7.902640 ,  -70.031820 ,2023-10-04 18:38:00,Brasil,ACRE,FEIJÓ,Amazônia
 1654434332 ,712334f1-27fd-3415-8ffd-fe4defafd3d3,  -10.844600 ,  -69.547160 ,2023-10-04 18:38:00,Brasil,ACRE,BRASILÉIA,Amazônia
 1654434333 ,08f56793-50bb-3512-b0f0-7c313df8faaf,  -10.842000 ,  -69.529090 ,2023-10-04 18:38:00,Brasil,ACRE,BRASILÉIA,Amazônia
 1654434334 ,a9cca650-1956-3885-8c0f-bc4756a8305b,  -10.829020 ,  -69.639180 ,2023-10-04 18:38:00,Brasil,ACRE,BRASILÉIA,Amazônia
 1654434335 ,e10cae1f-79ea-3493-8aa6-36f05d5bdbba,  -10.827710 ,  -69.630140 ,2023-10-04 18:38:00,Brasil,ACRE,BRASILÉIA,Amazônia
 1654434336 ,e89a661a-dbb1-38e9-9183-a8f551a3de17,  -10.821390 ,  -69.649560 ,2023-10-04 18:38:00,Brasil,ACRE,BRASILÉIA,Amazônia
 1654434337 ,0d72454c-ae61-3c2d-99c4-0a819c65a73a,  -10.820090 ,  -69.640520 ,2023-10-04 18:38:00,Brasil,ACRE,BRASILÉIA,Amazônia
 1654434338 ,8447245a-65f3-3229-83e5-60908dbc1c07,  -10.818780 ,  -69.631480 ,2023-10-04 18:38:00,Brasil,ACRE,BRASILÉIA,Amazônia
 1654434339 ,c61d8c9f-68e7-3c4e-992a-d3ae780b9732,  -10.778810 ,  -69.480570 ,2023-10-04 18:38:00,Brasil,ACRE,ASSIS BRASIL,Amazônia
 1654434340 ,1be00572-c512-3db3-b195-1d482944c02c,  -10.775440 ,  -69.647200 ,2023-10-04 18:38:00,Brasil,ACRE,BRASILÉIA,Amazônia
 1654434341 ,4a254cf2-f311-38a3-9eca-b4bd180fda13,  -10.752220 ,  -69.549130 ,2023-10-04 18:38:00,Brasil,ACRE,BRASILÉIA,Amazônia
 1654434342 ,bf054061-acc8-30ac-8f4b-901901987d74,  -10.741370 ,  -69.602600 ,2023-10-04 18:38:00,Brasil,ACRE,BRASILÉIA,Amazônia
 1654434343 ,74ab1724-179c-3c22-b5f9-7e4500a1537c,  -10.738760 ,  -69.584530 ,2023-10-04 18:38:00,Brasil,ACRE,BRASILÉIA,Amazônia
 1654434344 ,6c9c5efc-13ba-3844-b76a-94ff35a0ed2d,  -10.737460 ,  -69.575490 ,2023-10-04 18:38:00,Brasil,ACRE,BRASILÉIA,Amazônia
 1654434345 ,18490324-45d4-34af-9893-dce548932840,  -10.730020 ,  -69.650450 ,2023-10-04 18:38:00,Brasil,ACRE,BRASILÉIA,Amazônia
 1654434346 ,95f7090c-a043-321a-992e-e355e0eb4796,  -10.722560 ,  -69.725490 ,2023-10-04 18:38:00,Brasil,ACRE,ASSIS BRASIL,Amazônia
 1654434347 ,b56df986-0b3a-3d24-8e6d-f3ae7f0a4d88,  -10.715510 ,  -69.486530 ,2023-10-04 18:38:00,Brasil,ACRE,ASSIS BRASIL,Amazônia
 1654434348 ,5d83897a-b4b6-3bd0-9da0-6a046b6fd8cb,  -10.694300 ,  -69.655800 ,2023-10-04 18:38:00,Brasil,ACRE,ASSIS BRASIL,Amazônia
 1654434349 ,2e7acbd3-42a9-3479-ba7e-c6e59c15e90e,  -10.641540 ,  -69.679550 ,2023-10-04 18:38:00,Brasil,ACRE,ASSIS BRASIL,Amazônia
 1654434350 ,0455cb64-88f4-3d45-88af-21c2547ccd75,  -10.635030 ,  -69.634350 ,2023-10-04 18:38:00,Brasil,ACRE,ASSIS BRASIL,Amazônia
 1654434351 ,5088edc0-0fa9-34da-918b-c92a78e4207e,  -10.633730 ,  -69.625320 ,2023-10-04 18:38:00,Brasil,ACRE,ASSIS BRASIL,Amazônia
 1654434352 ,6844a119-488d-3f58-bc9d-ec583774c5b8,  -10.631310 ,  -69.671840 ,2023-10-04 18:38:00,Brasil,ACRE,ASSIS BRASIL,Amazônia
 1654434353 ,9d6c47dd-b430-3522-aa05-5e711738e905,  -10.592830 ,  -69.594550 ,2023-10-04 18:38:00,Brasil,ACRE,ASSIS BRASIL,Amazônia
 1654434354 ,4c6d2b0d-f62c-3299-bd52-421fd78ee111,  -10.582160 ,  -69.712550 ,2023-10-04 18:38:00,Brasil,ACRE,ASSIS BRASIL,Amazônia
 1654434355 ,2734adb3-ba7a-36e2-9cf7-df1b95fde4cd,  -10.580860 ,  -69.703510 ,2023-10-04 18:38:00,Brasil,ACRE,ASSIS BRASIL,Amazônia
 1654434356 ,fa1090e7-663b-3cfd-8b6d-4295200f3f98,  -10.579820 ,  -69.504300 ,2023-10-04 18:38:00,Brasil,ACRE,BRASILÉIA,Amazônia
 1654434357 ,01c568c9-5d3f-3066-a73d-7ef1f6305d18,  -10.561520 ,  -69.632560 ,2023-10-04 18:38:00,Brasil,ACRE,ASSIS BRASIL,Amazônia
 1654434358 ,0a292647-bd19-3969-8fa2-57deb85b4515,  -10.560220 ,  -69.623540 ,2023-10-04 18:38:00,Brasil,ACRE,ASSIS BRASIL,Amazônia
 1654434359 ,0d76aff5-5d32-31f3-97cf-4cbb4e237b10,  -10.484550 ,  -69.478160 ,2023-10-04 18:38:00,Brasil,ACRE,SENA MADUREIRA,Amazônia
 1654434360 ,16e93918-cc1c-3bca-a14e-f9a061150480,  -10.483250 ,  -69.469150 ,2023-10-04 18:38:00,Brasil,ACRE,SENA MADUREIRA,Amazônia
 1654434361 ,2f3721fd-a4c0-308c-b566-951e2658a450,  -10.457960 ,  -69.746800 ,2023-10-04 18:38:00,Brasil,ACRE,ASSIS BRASIL,Amazônia
 1654434362 ,c4f57c52-064f-3657-b09b-efec2555c132,  -10.452920 ,  -69.775250 ,2023-10-04 18:38:00,Brasil,ACRE,SENA MADUREIRA,Amazônia
 1654434363 ,c713e897-9015-31ac-8489-38bb8df4c22c,  -10.451620 ,  -69.766220 ,2023-10-04 18:38:00,Brasil,ACRE,SENA MADUREIRA,Amazônia
 1654434364 ,b81327f8-ee67-34ce-9d0a-aaf63f030da2,  -10.444390 ,  -69.463080 ,2023-10-04 18:38:00,Brasil,ACRE,SENA MADUREIRA,Amazônia
 1654434365 ,f6e1c546-b347-3094-821f-7d2d01097ae7,  -10.387160 ,  -69.508510 ,2023-10-04 18:38:00,Brasil,ACRE,SENA MADUREIRA,Amazônia
 1654434366 ,bd0fb5e0-3682-39fe-9bfd-b0e12f3eb61e,   -9.814970 ,  -69.059570 ,2023-10-04 18:38:00,Brasil,ACRE,SENA MADUREIRA,Amazônia
 1654434367 ,958965bc-72dd-3878-8b12-cc0143552753,   -9.813650 ,  -69.050510 ,2023-10-04 18:38:00,Brasil,ACRE,SENA MADUREIRA,Amazônia
 1654434368 ,f9fb68dc-9346-3f13-8ca1-91c0ff3c1702,   -9.812330 ,  -69.041440 ,2023-10-04 18:38:00,Brasil,ACRE,SENA MADUREIRA,Amazônia
 1654434369 ,a56a8050-9996-348c-91a3-a6cb013b3d58,   -9.787440 ,  -69.183980 ,2023-10-04 18:38:00,Brasil,ACRE,SENA MADUREIRA,Amazônia
 1654434370 ,5ced3716-8a4b-34f2-9ab4-92bd6ac74718,   -9.657920 ,  -68.986920 ,2023-10-04 18:38:00,Brasil,ACRE,SENA MADUREIRA,Amazônia
 1654434371 ,05341b9d-1529-3fc2-9172-aa658f7d6632,   -9.656580 ,  -68.977820 ,2023-10-04 18:38:00,Brasil,ACRE,SENA MADUREIRA,Amazônia
 1654434372 ,2322094f-71e6-377a-b28d-5a0dc7dee9d1,   -9.647520 ,  -68.985850 ,2023-10-04 18:38:00,Brasil,ACRE,SENA MADUREIRA,Amazônia
 1654434373 ,870fd766-26d4-355d-8078-7916b62ce8d3,   -9.646190 ,  -68.976760 ,2023-10-04 18:38:00,Brasil,ACRE,SENA MADUREIRA,Amazônia
 1654434374 ,314e58e2-0b24-3e9c-8527-a3732256b5c7,   -9.488750 ,  -70.436530 ,2023-10-04 18:38:00,Brasil,ACRE,SANTA ROSA DO PURUS,Amazônia
 1654434375 ,7e2ce090-a3f6-3747-8bef-e4243fb0bc8c,   -9.452790 ,  -70.441820 ,2023-10-04 18:38:00,Brasil,ACRE,SANTA ROSA DO PURUS,Amazônia
 1654434376 ,3f016ce4-950d-3b0b-afa0-578816e7f941,  -10.769470 ,  -69.352870 ,2023-10-04 18:38:00,Brasil,ACRE,BRASILÉIA,Amazônia
 1654434377 ,20e8ca62-0d12-3222-959e-1b7bf1e2f9e9,  -10.768160 ,  -69.343840 ,2023-10-04 18:38:00,Brasil,ACRE,BRASILÉIA,Amazônia
 1654434378 ,76f84a0a-c9de-36dd-bc43-04b2fe525b39,  -10.755540 ,  -69.382630 ,2023-10-04 18:38:00,Brasil,ACRE,BRASILÉIA,Amazônia
 1654434379 ,6547a6b0-5958-3d1c-97d9-8e828ac2ca73,  -10.742700 ,  -69.356900 ,2023-10-04 18:38:00,Brasil,ACRE,BRASILÉIA,Amazônia
 1654434380 ,67cc20b4-64f9-39d6-a404-1edb894a3ec7,  -10.732690 ,  -69.413730 ,2023-10-04 18:38:00,Brasil,ACRE,ASSIS BRASIL,Amazônia
 1654434381 ,869288a5-e182-3302-a063-032ecc6c18d1,  -10.722920 ,  -69.411640 ,2023-10-04 18:38:00,Brasil,ACRE,ASSIS BRASIL,Amazônia
 1654434382 ,34c62135-5eaa-3777-9da3-565734c344fb,  -10.721620 ,  -69.402610 ,2023-10-04 18:38:00,Brasil,ACRE,BRASILÉIA,Amazônia
 1654434383 ,29d7fb94-b4bc-3115-b93e-ae8f35449ca2,  -10.712700 ,  -69.403950 ,2023-10-04 18:38:00,Brasil,ACRE,BRASILÉIA,Amazônia
 1654434384 ,4e3b3c4f-ff09-337e-8d1c-a0fbb6da40a5,  -10.711390 ,  -69.394930 ,2023-10-04 18:38:00,Brasil,ACRE,BRASILÉIA,Amazônia
 1654434385 ,a9264260-bbce-3091-a2f0-cd2ea4ddb755,  -10.619100 ,  -69.261250 ,2023-10-04 18:38:00,Brasil,ACRE,BRASILÉIA,Amazônia
 1654434386 ,5ff3ab7a-5084-304e-85cd-89c5b382e5db,  -10.612250 ,  -69.287410 ,2023-10-04 18:38:00,Brasil,ACRE,BRASILÉIA,Amazônia
 1654434387 ,dca6501e-8b98-3840-893e-1c967423dba3,  -10.599640 ,  -69.326190 ,2023-10-04 18:38:00,Brasil,ACRE,BRASILÉIA,Amazônia
 1654434388 ,10de2dc6-dad5-39e7-8516-2d528788d245,  -10.598330 ,  -69.317180 ,2023-10-04 18:38:00,Brasil,ACRE,BRASILÉIA,Amazônia
 1654434389 ,47a9d61d-963f-33b9-8f97-0e7497cf8e9a,  -10.564180 ,  -69.396060 ,2023-10-04 18:38:00,Brasil,ACRE,BRASILÉIA,Amazônia
 1654434390 ,462643b8-49be-3820-b0aa-6ac6cd5f5287,  -10.527430 ,  -69.333500 ,2023-10-04 18:38:00,Brasil,ACRE,BRASILÉIA,Amazônia
 1654434391 ,30b8b80f-2d35-34d8-b1cc-01698f704deb,  -10.481020 ,  -69.202140 ,2023-10-04 18:38:00,Brasil,ACRE,BRASILÉIA,Amazônia
 1654434392 ,279825a7-a844-34be-80e0-738aec4792f4,  -10.467110 ,  -69.231930 ,2023-10-04 18:38:00,Brasil,ACRE,BRASILÉIA,Amazônia
 1654434393 ,bd511fbf-c52f-3174-b332-00fe67625748,  -10.466510 ,  -69.416380 ,2023-10-04 18:38:00,Brasil,ACRE,SENA MADUREIRA,Amazônia
 1654434394 ,468353aa-896e-397e-9652-3f13cf53e91f,  -10.460800 ,  -69.251330 ,2023-10-04 18:38:00,Brasil,ACRE,BRASILÉIA,Amazônia
 1654434395 ,1359b385-e94b-338b-9838-2e0a6ce01ba3,  -10.441370 ,  -69.180440 ,2023-10-04 18:38:00,Brasil,ACRE,BRASILÉIA,Amazônia
 1654434396 ,8f26edbe-1ff3-3533-8343-dd3a1f283eed,  -10.432450 ,  -69.181780 ,2023-10-04 18:38:00,Brasil,ACRE,BRASILÉIA,Amazônia
 1654434397 ,1621e211-c0ee-33e0-ab0d-39ceb52cadba,  -10.431130 ,  -69.172740 ,2023-10-04 18:38:00,Brasil,ACRE,BRASILÉIA,Amazônia
 1654434398 ,3c709b30-f8e5-3ff8-b78a-0091e189507e,  -10.423520 ,  -69.183120 ,2023-10-04 18:38:00,Brasil,ACRE,BRASILÉIA,Amazônia
 1654434399 ,a0459b2a-3874-314c-b46a-47e562075324,  -10.388890 ,  -69.268760 ,2023-10-04 18:38:00,Brasil,ACRE,RIO BRANCO,Amazônia
 1654434400 ,c36f9496-3d71-31e4-88d8-c3590d2451ab,  -10.132960 ,  -69.279160 ,2023-10-04 18:38:00,Brasil,ACRE,SENA MADUREIRA,Amazônia
 1654434401 ,9a30c213-7502-36da-84e2-ff03d8422fc2,  -10.131650 ,  -69.270140 ,2023-10-04 18:38:00,Brasil,ACRE,SENA MADUREIRA,Amazônia
 1654434402 ,e9dcbf2f-618e-3fdf-869b-ef4803c0b8ba,  -10.124040 ,  -69.280490 ,2023-10-04 18:38:00,Brasil,ACRE,SENA MADUREIRA,Amazônia
 1654434403 ,31a4ed9e-7e90-3711-b462-9118a0a0c326,  -10.122730 ,  -69.271480 ,2023-10-04 18:38:00,Brasil,ACRE,SENA MADUREIRA,Amazônia
 1654434404 ,95da14bc-62f1-3259-b0c7-ee1b180ee913,  -10.085430 ,  -69.203290 ,2023-10-04 18:38:00,Brasil,ACRE,SENA MADUREIRA,Amazônia
 1654434405 ,dcad8a18-1ff4-3e6d-b459-d385aafaf559,  -10.084120 ,  -69.194260 ,2023-10-04 18:38:00,Brasil,ACRE,SENA MADUREIRA,Amazônia
 1654434406 ,ded31b9b-4684-3be8-8968-d0aa29e31774,  -10.930150 ,  -69.316440 ,2023-10-04 18:38:00,Brasil,ACRE,BRASILÉIA,Amazônia
 1654434407 ,542030e5-1d47-3b15-acfe-973c68007509,  -10.906000 ,  -69.338530 ,2023-10-04 18:38:00,Brasil,ACRE,BRASILÉIA,Amazônia
 1654434408 ,448c69a3-b18a-3a66-a7bc-923b7535e892,  -10.904700 ,  -69.329510 ,2023-10-04 18:38:00,Brasil,ACRE,BRASILÉIA,Amazônia
 1654434409 ,8e29888e-593b-3aa3-8735-6000c1eaf01b,  -10.903390 ,  -69.320470 ,2023-10-04 18:38:00,Brasil,ACRE,BRASILÉIA,Amazônia
 1654434410 ,f20a4eb5-1a77-3118-bc1a-2f5410edbb03,  -10.896230 ,  -69.336380 ,2023-10-04 18:38:00,Brasil,ACRE,BRASILÉIA,Amazônia
 1654434411 ,a24a3d62-b7a4-3cca-a538-a33c03e29841,  -10.894930 ,  -69.327350 ,2023-10-04 18:38:00,Brasil,ACRE,BRASILÉIA,Amazônia
 1654434412 ,38ce75cf-49c4-35f9-911d-78c298ea976a,  -10.875770 ,  -69.321010 ,2023-10-04 18:38:00,Brasil,ACRE,BRASILÉIA,Amazônia
 1654434413 ,e8b146e3-1127-3444-9980-9844a561b792,  -10.874470 ,  -69.311980 ,2023-10-04 18:38:00,Brasil,ACRE,BRASILÉIA,Amazônia
 1654434414 ,a182a6dc-1b72-3aaf-8ae9-7a2ed36ec7e4,  -10.866850 ,  -69.322360 ,2023-10-04 18:38:00,Brasil,ACRE,BRASILÉIA,Amazônia
 1654434415 ,ad53c8c5-7b36-3fc2-8b8e-78d76ffbaa66,  -10.865550 ,  -69.313320 ,2023-10-04 18:38:00,Brasil,ACRE,BRASILÉIA,Amazônia
 1654434416 ,40c46d3a-75b0-3d17-b42a-3d4c045e65e3,  -10.862060 ,  -69.415340 ,2023-10-04 18:38:00,Brasil,ACRE,ASSIS BRASIL,Amazônia
 1654434425 ,34c47d00-cc07-3bf2-b075-ce1bbd3a6200,  -10.887130 ,  -69.716420 ,2023-10-04 18:38:00,Brasil,ACRE,ASSIS BRASIL,Amazônia
 1654434452 ,5b41c919-2f5b-3fc3-a307-b963b5fbf110,   -7.777160 ,  -71.470890 ,2023-10-04 18:38:00,Brasil,ACRE,TARAUACÁ,Amazônia
 1654434460 ,4c63d67a-c013-397e-92e2-f7ddb59d44c5,   -8.028690 ,  -70.326930 ,2023-10-04 18:38:00,Brasil,ACRE,FEIJÓ,Amazônia
 1654434461 ,c9ba008a-e637-31fb-a358-337d9d12b469,   -9.225190 ,  -71.638080 ,2023-10-04 18:38:00,Brasil,ACRE,FEIJÓ,Amazônia
 1654434462 ,d616e402-8170-3ebd-a1c0-178d5b48a245,   -9.130880 ,  -71.617000 ,2023-10-04 18:38:00,Brasil,ACRE,JORDÃO,Amazônia
 1654434463 ,5d9c071f-acc5-3bda-a892-979d69344fb2,   -8.978690 ,  -70.663050 ,2023-10-04 18:38:00,Brasil,ACRE,FEIJÓ,Amazônia
 1654434464 ,d6634088-0002-36de-8785-9551b6b2bcb9,   -8.878510 ,  -70.609400 ,2023-10-04 18:38:00,Brasil,ACRE,FEIJÓ,Amazônia
 1654434465 ,dde8d2b1-170b-34a1-a108-b4f6051d924b,   -8.869570 ,  -71.454480 ,2023-10-04 18:38:00,Brasil,ACRE,TARAUACÁ,Amazônia
 1654434466 ,bb2186df-1cbf-352b-baa4-0e044ba3ca0f,   -8.868210 ,  -71.444820 ,2023-10-04 18:38:00,Brasil,ACRE,TARAUACÁ,Amazônia
 1654434467 ,c8df4b5a-a742-363d-8bd0-47073dc2cc7e,   -8.858480 ,  -70.918850 ,2023-10-04 18:38:00,Brasil,ACRE,FEIJÓ,Amazônia
 1654434468 ,970e831d-f52a-311b-b980-495f38ab752d,   -8.850220 ,  -70.666020 ,2023-10-04 18:38:00,Brasil,ACRE,FEIJÓ,Amazônia
 1654434469 ,6b7c0319-35e9-3485-8faf-dafbb4292871,   -8.848910 ,  -70.656870 ,2023-10-04 18:38:00,Brasil,ACRE,FEIJÓ,Amazônia
 1654434470 ,22a401f3-f0f8-3907-9b00-99ec84e51202,   -8.841210 ,  -70.667320 ,2023-10-04 18:38:00,Brasil,ACRE,FEIJÓ,Amazônia
 1654434471 ,422f7656-bbf0-3ad1-b5d1-e48f451e30b7,   -8.839910 ,  -70.658170 ,2023-10-04 18:38:00,Brasil,ACRE,FEIJÓ,Amazônia
 1654434472 ,1a4ec236-2df2-3327-8d48-d8d505e3b48a,   -8.743820 ,  -71.080910 ,2023-10-04 18:38:00,Brasil,ACRE,TARAUACÁ,Amazônia
 1654434473 ,44d6dcfc-a673-3242-b3e0-24e25e2b174f,   -8.694890 ,  -70.738370 ,2023-10-04 18:38:00,Brasil,ACRE,FEIJÓ,Amazônia
 1654434474 ,c10f997b-af29-3e1d-bfb8-7a0572aca75c,   -8.664810 ,  -70.528510 ,2023-10-04 18:38:00,Brasil,ACRE,FEIJÓ,Amazônia
 1654434475 ,98af674e-9f41-36eb-a4d1-fbd7a1d0ab46,   -8.655840 ,  -70.529840 ,2023-10-04 18:38:00,Brasil,ACRE,FEIJÓ,Amazônia
 1654434476 ,fd51680b-3518-3a0c-bdc5-4487836a5976,   -8.567650 ,  -71.466700 ,2023-10-04 18:38:00,Brasil,ACRE,TARAUACÁ,Amazônia
 1654434477 ,14e7f336-1e62-37ce-9454-b4bcafacd29b,   -8.566300 ,  -71.457100 ,2023-10-04 18:38:00,Brasil,ACRE,TARAUACÁ,Amazônia
 1654434478 ,44dd1ae6-64d4-329a-b9b8-b30ec47bee48,   -8.533360 ,  -70.896220 ,2023-10-04 18:38:00,Brasil,ACRE,TARAUACÁ,Amazônia
 1654434479 ,e2b06b8f-dbc1-3d77-880e-b68f7d19e634,   -8.505230 ,  -71.413940 ,2023-10-04 18:38:00,Brasil,ACRE,TARAUACÁ,Amazônia
 1654434480 ,84041fbe-5e7f-3658-a846-f84b9b6d92cb,   -8.474980 ,  -70.745320 ,2023-10-04 18:38:00,Brasil,ACRE,TARAUACÁ,Amazônia
 1654434481 ,db49b6b4-c8de-34b4-8568-6aae9351825a,   -8.468120 ,  -70.504840 ,2023-10-04 18:38:00,Brasil,ACRE,FEIJÓ,Amazônia
 1654434482 ,f7b68bb1-b0fb-3ff6-8925-1398ef734efd,   -8.466820 ,  -70.495770 ,2023-10-04 18:38:00,Brasil,ACRE,FEIJÓ,Amazônia
 1654434483 ,e641a0e7-3ecf-3f67-ba74-4ce3ac2f665a,   -8.457120 ,  -70.879070 ,2023-10-04 18:38:00,Brasil,ACRE,TARAUACÁ,Amazônia
 1654434484 ,55a7fcfe-f33d-3a47-aaef-c66321177956,   -8.455820 ,  -70.869870 ,2023-10-04 18:38:00,Brasil,ACRE,TARAUACÁ,Amazônia
 1654434485 ,17acb3e1-a79e-30e2-8c7b-17f7534be38d,   -8.429760 ,  -70.556720 ,2023-10-04 18:38:00,Brasil,ACRE,FEIJÓ,Amazônia
 1654434486 ,5526a7fa-893d-3ef2-bc37-9dcbcb1cf460,   -8.409860 ,  -70.873650 ,2023-10-04 18:38:00,Brasil,ACRE,TARAUACÁ,Amazônia
 1654434487 ,03a7a5b0-821e-36e2-87d3-466196df0fb1,   -8.408550 ,  -70.864460 ,2023-10-04 18:38:00,Brasil,ACRE,TARAUACÁ,Amazônia
 1654434488 ,0a1f0a62-a897-3537-acf7-c8f9e502f833,   -8.356030 ,  -70.943600 ,2023-10-04 18:38:00,Brasil,ACRE,TARAUACÁ,Amazônia
 1654434489 ,d453c321-eddf-335a-a71b-0f643529644c,   -8.349080 ,  -71.744480 ,2023-10-04 18:38:00,Brasil,ACRE,TARAUACÁ,Amazônia
 1654434490 ,9cdc71c9-eee5-3b5f-935d-4c0f6df326b9,   -8.347710 ,  -71.734730 ,2023-10-04 18:38:00,Brasil,ACRE,TARAUACÁ,Amazônia
 1654434491 ,cad9c9c0-f33e-3791-b98d-8e9570630b96,   -8.314370 ,  -70.780980 ,2023-10-04 18:38:00,Brasil,ACRE,TARAUACÁ,Amazônia
 1654434492 ,5969409e-3f56-37dc-af29-49402265d5a1,   -8.292090 ,  -70.561290 ,2023-10-04 18:38:00,Brasil,ACRE,FEIJÓ,Amazônia
 1654434493 ,50d7e352-5fc5-3e83-b0ec-ddb6281c43a9,   -8.263410 ,  -70.879090 ,2023-10-04 18:38:00,Brasil,ACRE,TARAUACÁ,Amazônia
 1654434494 ,7395b3bf-8aac-34ec-940b-d952f9414f4e,   -8.201000 ,  -71.475560 ,2023-10-04 18:38:00,Brasil,ACRE,TARAUACÁ,Amazônia
 1654434495 ,e2884875-62ba-367b-b868-0f2a93e04f3b,   -8.166420 ,  -70.586200 ,2023-10-04 18:38:00,Brasil,ACRE,TARAUACÁ,Amazônia
 1654434496 ,27e968f9-0184-38fb-b862-92aa7bf17d45,   -8.105490 ,  -71.321950 ,2023-10-04 18:38:00,Brasil,ACRE,TARAUACÁ,Amazônia
 1654434497 ,0f5bc148-e518-35a6-8b7e-95b6c8207859,   -8.085190 ,  -71.048870 ,2023-10-04 18:38:00,Brasil,ACRE,TARAUACÁ,Amazônia
 1654434498 ,a97b5db4-3a58-32c0-8ad2-d588c94fe259,   -8.062230 ,  -71.213340 ,2023-10-04 18:38:00,Brasil,ACRE,TARAUACÁ,Amazônia
 1654434499 ,579c4edf-8d20-33e0-9ff9-3127c3a3b543,   -8.057750 ,  -70.921320 ,2023-10-04 18:38:00,Brasil,ACRE,TARAUACÁ,Amazônia
 1654434500 ,e0e0d1db-7ab6-3f52-9d3f-586ae1860f60,   -8.056440 ,  -70.912140 ,2023-10-04 18:38:00,Brasil,ACRE,TARAUACÁ,Amazônia
 1654434501 ,5dd48a97-f975-31f7-833b-143dbe3af34a,   -8.048730 ,  -70.922640 ,2023-10-04 18:38:00,Brasil,ACRE,TARAUACÁ,Amazônia
 1654434502 ,04035e4f-f486-3a2d-a6b5-6880326aed28,   -8.047420 ,  -70.913440 ,2023-10-04 18:38:00,Brasil,ACRE,TARAUACÁ,Amazônia
 1654434503 ,644b9a7c-367c-3b9a-9d8d-028780e4fcd4,   -8.040990 ,  -71.579150 ,2023-10-04 18:38:00,Brasil,ACRE,TARAUACÁ,Amazônia
 1654434504 ,b5392d2b-f194-359b-b90f-2bc3cd9e0617,   -8.039650 ,  -71.569600 ,2023-10-04 18:38:00,Brasil,ACRE,TARAUACÁ,Amazônia
 1654434505 ,79fc5585-7223-36a8-b31b-33fa678b4981,   -8.038640 ,  -71.298760 ,2023-10-04 18:38:00,Brasil,ACRE,TARAUACÁ,Amazônia
 1654434506 ,be6e1210-ddd3-3980-bbd5-9376667c494d,   -8.184240 ,  -70.255040 ,2023-10-04 18:38:00,Brasil,ACRE,FEIJÓ,Amazônia
 1654434507 ,05f60989-8198-3a1c-b9ce-634f846d3833,   -8.144130 ,  -70.239980 ,2023-10-04 18:38:00,Brasil,ACRE,FEIJÓ,Amazônia
 1654434508 ,94f31ed1-3447-3ba0-9216-eb0da2f5bd53,   -8.119930 ,  -70.261880 ,2023-10-04 18:38:00,Brasil,ACRE,FEIJÓ,Amazônia
 1654434509 ,0011481d-4594-30dd-8a79-74672d310d89,   -8.104560 ,  -70.218350 ,2023-10-04 18:38:00,Brasil,ACRE,FEIJÓ,Amazônia
 1654434510 ,d8422647-1c4d-3f1a-89c8-8635eb24228f,   -8.095730 ,  -70.283790 ,2023-10-04 18:38:00,Brasil,ACRE,FEIJÓ,Amazônia
 1654434511 ,f359a90f-7efc-36da-8b38-0f0a9cc1711b,   -8.084740 ,  -70.272840 ,2023-10-04 18:38:00,Brasil,ACRE,FEIJÓ,Amazônia
 1654434512 ,53efeac6-4457-360f-8ce6-c63f4a2d52a2,   -8.083440 ,  -70.263860 ,2023-10-04 18:38:00,Brasil,ACRE,FEIJÓ,Amazônia
 1654434513 ,9eb026c6-20fc-3352-8b55-c874fcdf27f0,   -8.052900 ,  -70.305040 ,2023-10-04 18:38:00,Brasil,ACRE,FEIJÓ,Amazônia
 1654434514 ,d611e334-2394-3749-a276-43c51104920c,   -8.051610 ,  -70.296060 ,2023-10-04 18:38:00,Brasil,ACRE,FEIJÓ,Amazônia
 1654434515 ,11b74a09-a77a-3719-b679-67d8f74759b4,   -9.651950 ,  -71.465310 ,2023-10-04 18:38:00,Brasil,ACRE,FEIJÓ,Amazônia
 1654434548 ,f086ab39-c7ea-3f61-a7c8-58bac9f35ee5,   -7.817950 ,  -73.062330 ,2023-10-04 18:38:00,Brasil,ACRE,RODRIGUES ALVES,Amazônia
 1654434549 ,c38252f9-ebe2-35ba-9dcd-2b3f5f428a38,   -7.795110 ,  -72.828180 ,2023-10-04 18:38:00,Brasil,ACRE,RODRIGUES ALVES,Amazônia
 1654434550 ,0391d43a-7fc7-3b7a-8137-81bb0ed8ef00,   -7.793570 ,  -72.817290 ,2023-10-04 18:38:00,Brasil,ACRE,RODRIGUES ALVES,Amazônia
 1654434551 ,2c5ebc73-8760-32c7-b84d-db07f5c8a2e4,   -7.789910 ,  -72.862340 ,2023-10-04 18:38:00,Brasil,ACRE,RODRIGUES ALVES,Amazônia
 1654434552 ,890be3e7-8e0d-3f56-b008-a81a1afd9c2c,   -7.787780 ,  -72.918740 ,2023-10-04 18:38:00,Brasil,ACRE,RODRIGUES ALVES,Amazônia
 1654434553 ,7920bc49-7e94-326e-9914-b2f6e0e0d1a9,   -7.780110 ,  -72.863800 ,2023-10-04 18:38:00,Brasil,ACRE,RODRIGUES ALVES,Amazônia
 1654434554 ,1e545198-6ab5-3851-a4a1-1f3325379a97,   -7.768780 ,  -72.854250 ,2023-10-04 18:38:00,Brasil,ACRE,RODRIGUES ALVES,Amazônia
 1654434555 ,524e3424-ebe2-3634-87ab-ab7c3d28239b,   -7.768080 ,  -72.466800 ,2023-10-04 18:38:00,Brasil,ACRE,CRUZEIRO DO SUL,Amazônia
 1654434556 ,24930538-6e79-3b95-a2f8-ba03307214a3,   -7.767250 ,  -72.843290 ,2023-10-04 18:38:00,Brasil,ACRE,RODRIGUES ALVES,Amazônia
 1654434557 ,f768a814-5658-3e41-a896-ce39e0198a68,   -7.766650 ,  -72.456380 ,2023-10-04 18:38:00,Brasil,ACRE,CRUZEIRO DO SUL,Amazônia
 1654434558 ,e0f4f6e1-499c-304b-ab4d-a4262b4e24f9,   -7.760550 ,  -73.013160 ,2023-10-04 18:38:00,Brasil,ACRE,RODRIGUES ALVES,Amazônia
 1654434559 ,02bf5459-ec8d-3f7d-a80a-8b9691de03af,   -7.760050 ,  -72.268170 ,2023-10-04 18:38:00,Brasil,ACRE,CRUZEIRO DO SUL,Amazônia
 1654434560 ,3e27d48f-697c-3e13-b127-00e3fb8d2c7a,   -7.758630 ,  -72.257980 ,2023-10-04 18:38:00,Brasil,ACRE,CRUZEIRO DO SUL,Amazônia
 1654434561 ,798c3073-4171-3caf-ab5d-b1f757bef75c,   -7.735540 ,  -72.903720 ,2023-10-04 18:38:00,Brasil,ACRE,RODRIGUES ALVES,Amazônia
 1654434562 ,1623cb6c-fe34-3373-add0-e09027977491,   -7.734040 ,  -72.892710 ,2023-10-04 18:38:00,Brasil,ACRE,RODRIGUES ALVES,Amazônia
 1654434563 ,2cae1cd0-4be0-30ee-82cb-700ff28cc23a,   -7.707110 ,  -72.482200 ,2023-10-04 18:38:00,Brasil,ACRE,CRUZEIRO DO SUL,Amazônia
 1654434564 ,e92fea94-72c8-36d0-977d-4adc02f8a9a8,   -7.697520 ,  -72.483550 ,2023-10-04 18:38:00,Brasil,ACRE,CRUZEIRO DO SUL,Amazônia
 1654434565 ,655aff2d-b538-3515-967e-db68a71e0056,   -7.695150 ,  -72.537230 ,2023-10-04 18:38:00,Brasil,ACRE,CRUZEIRO DO SUL,Amazônia
 1654434566 ,205060ba-398f-3daa-baef-24ea5a3c37ac,   -7.687740 ,  -73.074510 ,2023-10-04 18:38:00,Brasil,ACRE,RODRIGUES ALVES,Amazônia
 1654434567 ,6bb496cd-4bef-30de-8346-a5746d3db336,   -7.677820 ,  -73.075970 ,2023-10-04 18:38:00,Brasil,ACRE,MÂNCIO LIMA,Amazônia
 1654434568 ,393e2d08-28da-350a-9cb7-d138814f42b2,   -7.676280 ,  -73.064720 ,2023-10-04 18:38:00,Brasil,ACRE,MÂNCIO LIMA,Amazônia
 1654434569 ,b09523cc-dada-322a-9f76-654515584253,   -7.661730 ,  -72.462290 ,2023-10-04 18:38:00,Brasil,ACRE,CRUZEIRO DO SUL,Amazônia
 1654434570 ,92d24ba9-2d35-36c2-a136-60bccab9352e,   -7.660250 ,  -72.451920 ,2023-10-04 18:38:00,Brasil,ACRE,CRUZEIRO DO SUL,Amazônia
 1654434571 ,65aa6045-48ef-3028-aa7e-2d82e846a9ff,   -7.636080 ,  -72.350190 ,2023-10-04 18:38:00,Brasil,ACRE,CRUZEIRO DO SUL,Amazônia
 1654434572 ,9b18e7a6-4ff1-3ded-b9bc-041d84b94f99,   -7.634640 ,  -72.339990 ,2023-10-04 18:38:00,Brasil,ACRE,CRUZEIRO DO SUL,Amazônia
 1654434573 ,8cabb73d-0016-3140-8258-a4f42b8b5c67,   -7.626570 ,  -72.351570 ,2023-10-04 18:38:00,Brasil,ACRE,CRUZEIRO DO SUL,Amazônia
 1654434574 ,1fd5a4fa-782e-3533-a82c-b5a8c3e78ba0,   -7.625130 ,  -72.341350 ,2023-10-04 18:38:00,Brasil,ACRE,CRUZEIRO DO SUL,Amazônia
 1654434588 ,5ebdaa24-3614-3718-a8b0-e8fe10863f73,   -7.788520 ,  -72.022610 ,2023-10-04 18:38:00,Brasil,ACRE,CRUZEIRO DO SUL,Amazônia
 1654434589 ,424291e7-2e1c-39f2-b2b5-a14e8b3133f5,   -7.782620 ,  -72.018810 ,2023-10-04 18:38:00,Brasil,ACRE,CRUZEIRO DO SUL,Amazônia
 1654434590 ,6e970ebd-11fc-34ea-85a9-6b50a7f8d758,   -7.730210 ,  -71.985850 ,2023-10-04 18:38:00,Brasil,ACRE,CRUZEIRO DO SUL,Amazônia
 1654434591 ,8d8b4bb0-3395-3908-b656-5aa79c4aa8bb,   -7.645630 ,  -71.974480 ,2023-10-04 18:38:00,Brasil,ACRE,CRUZEIRO DO SUL,Amazônia
 1654434593 ,ddb83f03-6722-3b6e-ad7d-64cb77e469fc,   -9.211760 ,  -72.587170 ,2023-10-04 18:38:00,Brasil,ACRE,MARECHAL THAUMATURGO,Amazônia
 1654434594 ,32b2fede-5e43-30f8-bbe9-9496ee4678f8,   -9.210240 ,  -72.576150 ,2023-10-04 18:38:00,Brasil,ACRE,MARECHAL THAUMATURGO,Amazônia
 1654434595 ,04a24d1f-4cc9-3edc-92c8-70e5892625a6,   -9.067690 ,  -72.207660 ,2023-10-04 18:38:00,Brasil,ACRE,MARECHAL THAUMATURGO,Amazônia
 1654434596 ,3942887b-4010-3b97-a836-6cb2d2ffec4e,   -8.914960 ,  -72.359890 ,2023-10-04 18:38:00,Brasil,ACRE,MARECHAL THAUMATURGO,Amazônia
 1654434597 ,75fbc910-1ef5-3dbd-a0d6-c1d5a3082816,   -8.913470 ,  -72.349270 ,2023-10-04 18:38:00,Brasil,ACRE,MARECHAL THAUMATURGO,Amazônia
 1654434598 ,d1938256-36f3-3c90-8b7d-af60df9e3b7f,   -8.442390 ,  -72.699550 ,2023-10-04 18:38:00,Brasil,ACRE,PORTO WALTER,Amazônia
 1654434599 ,1a7c9ac8-303a-36c1-84cf-f8209389fd47,   -8.440910 ,  -72.688610 ,2023-10-04 18:38:00,Brasil,ACRE,PORTO WALTER,Amazônia
 1654434600 ,9d4c26c2-437d-3723-a9cb-7427ef422877,   -8.239060 ,  -73.076520 ,2023-10-04 18:38:00,Brasil,ACRE,CRUZEIRO DO SUL,Amazônia
 1654434601 ,b7ee961e-cbce-325a-8107-873c3326fab2,   -8.229040 ,  -73.077870 ,2023-10-04 18:38:00,Brasil,ACRE,CRUZEIRO DO SUL,Amazônia
 1654434602 ,af92dece-0119-3855-b8ed-a377048c59b1,   -8.053290 ,  -72.397930 ,2023-10-04 18:38:00,Brasil,ACRE,CRUZEIRO DO SUL,Amazônia
 1654434603 ,5d94479c-836d-3369-ae66-9815c31fc78a,   -9.570820 ,  -72.142340 ,2023-10-04 18:38:00,Brasil,ACRE,JORDÃO,Amazônia
 1654434628 ,855e67df-62bf-30e1-918a-592ee64efe6c,   -7.469180 ,  -73.647190 ,2023-10-04 18:38:00,Brasil,ACRE,MÂNCIO LIMA,Amazônia
 1654435209 ,7d320514-97ea-300c-8536-fc5fb078d5cf,   -9.208910 ,  -68.569720 ,2023-10-04 18:38:00,Brasil,ACRE,SENA MADUREIRA,Amazônia
 1654435249 ,f48d8460-e24d-38e1-9b6b-6f7aaad29bfe,   -9.210280 ,  -68.579040 ,2023-10-04 18:38:00,Brasil,ACRE,SENA MADUREIRA,Amazônia
 1654435260 ,de23a2c9-91f4-31d0-b71d-ded6fe9f935b,  -10.098600 ,  -68.731170 ,2023-10-04 18:38:00,Brasil,ACRE,RIO BRANCO,Amazônia
 1654435261 ,128826a6-052c-35a6-b3dc-c6d8e1e95b8b,  -10.086900 ,  -68.714200 ,2023-10-04 18:38:00,Brasil,ACRE,RIO BRANCO,Amazônia
 1654435262 ,31a248d2-1e5c-3748-9049-15ba89d592dc,  -10.080860 ,  -68.795700 ,2023-10-04 18:38:00,Brasil,ACRE,RIO BRANCO,Amazônia
 1654435263 ,f9fa2cd5-2d4f-3bd7-8747-8670de0bcf7d,  -10.076850 ,  -68.768250 ,2023-10-04 18:38:00,Brasil,ACRE,RIO BRANCO,Amazônia
 1654435264 ,8a52601c-e3ff-300d-8f35-d412d0f9bbab,  -10.051630 ,  -68.846840 ,2023-10-04 18:38:00,Brasil,ACRE,RIO BRANCO,Amazônia
 1654435265 ,5d8ee8da-ebc9-33ee-83b3-27bf044a3a2d,   -9.946630 ,  -68.512180 ,2023-10-04 18:38:00,Brasil,ACRE,RIO BRANCO,Amazônia
 1654435266 ,1536cfae-2eaa-3165-a66a-7c178f25bc90,   -9.932630 ,  -68.542760 ,2023-10-04 18:38:00,Brasil,ACRE,RIO BRANCO,Amazônia
 1654435267 ,667f3327-7c4b-3056-ba99-bb3bcd16e2c0,   -9.904150 ,  -68.537680 ,2023-10-04 18:38:00,Brasil,ACRE,RIO BRANCO,Amazônia
 1654435268 ,1fec89b0-6d39-3ea9-bfac-7420615188b7,   -9.902780 ,  -68.528400 ,2023-10-04 18:38:00,Brasil,ACRE,RIO BRANCO,Amazônia
 1654435269 ,6ceca425-5869-3ee7-9776-505ac49c4d72,   -9.758580 ,  -68.423090 ,2023-10-04 18:38:00,Brasil,ACRE,BUJARI,Amazônia
 1654435270 ,06b295f0-74cc-3bdb-b06c-69da41f59e47,   -9.732370 ,  -68.433700 ,2023-10-04 18:38:00,Brasil,ACRE,RIO BRANCO,Amazônia
 1654435271 ,6308aeb2-6f3b-30f8-8623-ea90683bdadd,   -9.691010 ,  -68.592090 ,2023-10-04 18:38:00,Brasil,ACRE,RIO BRANCO,Amazônia
 1654435272 ,b463f927-f561-3253-bb03-6b3bb15e6260,   -9.685500 ,  -68.674190 ,2023-10-04 18:38:00,Brasil,ACRE,RIO BRANCO,Amazônia
 1654435273 ,eb498dd7-c7b8-31ac-9e14-1079c9caf535,   -9.669240 ,  -68.563270 ,2023-10-04 18:38:00,Brasil,ACRE,RIO BRANCO,Amazônia
 1654435274 ,ba05bcd0-6920-3054-9422-ab0724ec96c8,   -9.667880 ,  -68.553990 ,2023-10-04 18:38:00,Brasil,ACRE,RIO BRANCO,Amazônia
 1654435275 ,902b5f2a-a3ab-3e41-a178-d06afe374d8d,   -9.666510 ,  -68.544700 ,2023-10-04 18:38:00,Brasil,ACRE,RIO BRANCO,Amazônia
 1654435276 ,88c77611-b50e-3d08-98cf-8459582b4e0f,   -9.662420 ,  -68.516840 ,2023-10-04 18:38:00,Brasil,ACRE,RIO BRANCO,Amazônia
 1654435277 ,3b476e66-f0b9-3bac-bff4-5c238e46b731,   -9.649780 ,  -68.556740 ,2023-10-04 18:38:00,Brasil,ACRE,RIO BRANCO,Amazônia
 1654435278 ,5c6a47a3-e749-35fd-a2d9-0d8148743899,   -9.636320 ,  -68.653390 ,2023-10-04 18:38:00,Brasil,ACRE,RIO BRANCO,Amazônia
 1654435279 ,6e9b568e-0da0-39c1-95c3-8b52dffee0c5,   -9.634950 ,  -68.644150 ,2023-10-04 18:38:00,Brasil,ACRE,RIO BRANCO,Amazônia
 1654435280 ,5e9efd48-b920-30cc-84af-314fa7f323df,   -9.630850 ,  -68.616430 ,2023-10-04 18:38:00,Brasil,ACRE,RIO BRANCO,Amazônia
 1654435281 ,fa8e9096-708c-362d-8c32-2ccf1b2bda50,   -9.629490 ,  -68.607200 ,2023-10-04 18:38:00,Brasil,ACRE,RIO BRANCO,Amazônia
 1654435282 ,b4463be0-8ed2-34eb-9c4b-3bfcac6e04b8,   -9.608070 ,  -68.525100 ,2023-10-04 18:38:00,Brasil,ACRE,RIO BRANCO,Amazônia
 1654435283 ,4672df6c-4da0-33da-b61c-12d23bc81a22,   -9.570440 ,  -68.584950 ,2023-10-04 18:38:00,Brasil,ACRE,RIO BRANCO,Amazônia
 1654435284 ,e414fdc3-d039-3f22-908f-2353ca8b0fa0,   -9.569080 ,  -68.575710 ,2023-10-04 18:38:00,Brasil,ACRE,RIO BRANCO,Amazônia
 1654435285 ,075eba9a-0c19-3261-9653-a5fc2a9f9339,   -9.560030 ,  -68.577090 ,2023-10-04 18:38:00,Brasil,ACRE,RIO BRANCO,Amazônia
 1654435286 ,22a00a28-6842-3537-94c8-40251106d964,   -9.558670 ,  -68.567830 ,2023-10-04 18:38:00,Brasil,ACRE,RIO BRANCO,Amazônia
 1654435287 ,53de32a9-da6d-38c6-9122-b852b70cf659,   -9.551500 ,  -68.644610 ,2023-10-04 18:38:00,Brasil,ACRE,RIO BRANCO,Amazônia
 1654435288 ,6f547bc4-9f92-32e9-97ec-20faf7a6f41e,   -9.549620 ,  -68.569220 ,2023-10-04 18:38:00,Brasil,ACRE,SENA MADUREIRA,Amazônia
 1654435289 ,12961e0b-e030-388d-9a26-24b2f7d63137,   -9.523240 ,  -68.516160 ,2023-10-04 18:38:00,Brasil,ACRE,SENA MADUREIRA,Amazônia
 1654435290 ,ef03af27-7c4c-37a5-a413-844444e1e531,   -9.498490 ,  -68.592180 ,2023-10-04 18:38:00,Brasil,ACRE,SENA MADUREIRA,Amazônia
 1654435291 ,411cf22c-0236-3b4f-87ff-14b91ffcbacb,   -9.497130 ,  -68.582890 ,2023-10-04 18:38:00,Brasil,ACRE,SENA MADUREIRA,Amazônia
 1654435292 ,9b193b25-467a-3fb7-9363-1dd28ed425a4,   -9.493280 ,  -68.501720 ,2023-10-04 18:38:00,Brasil,ACRE,SENA MADUREIRA,Amazônia
 1654435293 ,b35da5e7-46e3-34d1-addc-a1ea4040084b,   -9.493040 ,  -68.555020 ,2023-10-04 18:38:00,Brasil,ACRE,SENA MADUREIRA,Amazônia
 1654435294 ,d73f4148-711d-39e7-9dcd-d7f9f92bc9e4,   -9.491890 ,  -68.492410 ,2023-10-04 18:38:00,Brasil,ACRE,SENA MADUREIRA,Amazônia
 1654435295 ,1d979e81-dca0-347e-a69c-1fa997b70975,   -9.484860 ,  -68.499200 ,2023-10-04 18:38:00,Brasil,ACRE,SENA MADUREIRA,Amazônia
 1654435296 ,2cce801f-7bf2-3344-8cc9-28c841719e8a,   -9.483490 ,  -68.489880 ,2023-10-04 18:38:00,Brasil,ACRE,SENA MADUREIRA,Amazônia
 1654435297 ,e542025a-3218-3eac-965f-0b7d2dea2679,   -9.413780 ,  -68.269780 ,2023-10-04 18:38:00,Brasil,ACRE,BUJARI,Amazônia
 1654435298 ,29075569-7325-3c70-84bc-bd8dd19ae709,   -9.412370 ,  -68.260320 ,2023-10-04 18:38:00,Brasil,ACRE,BUJARI,Amazônia
 1654435299 ,31488062-d8eb-3946-aa91-c9c07b61b97f,   -9.403950 ,  -68.329320 ,2023-10-04 18:38:00,Brasil,ACRE,BUJARI,Amazônia
 1654435300 ,a70f321a-30fd-3c72-b09e-aa3614fe3d7f,   -9.402540 ,  -68.319890 ,2023-10-04 18:38:00,Brasil,ACRE,BUJARI,Amazônia
 1654435301 ,9c891a71-0b6f-30a8-8cea-ec883e863105,   -9.394830 ,  -68.330740 ,2023-10-04 18:38:00,Brasil,ACRE,BUJARI,Amazônia
 1654435302 ,1d05a48f-8eba-35cb-94fb-9cf9365be739,   -9.393420 ,  -68.321300 ,2023-10-04 18:38:00,Brasil,ACRE,BUJARI,Amazônia
 1654435303 ,6a510dc6-c54e-3d2f-8106-6bcdf4ca4443,   -9.393340 ,  -68.633690 ,2023-10-04 18:38:00,Brasil,ACRE,SENA MADUREIRA,Amazônia
 1654435304 ,0b0ab7c4-a422-3a7d-be96-caad0e2fc599,   -9.387020 ,  -68.653580 ,2023-10-04 18:38:00,Brasil,ACRE,SENA MADUREIRA,Amazônia
 1654435305 ,d8c02469-7a7a-3614-baa5-d442713c50a0,   -9.385700 ,  -68.332150 ,2023-10-04 18:38:00,Brasil,ACRE,BUJARI,Amazônia
 1654435306 ,664d4657-f29d-3cf7-b539-6477f3a3ef61,   -9.385660 ,  -68.644330 ,2023-10-04 18:38:00,Brasil,ACRE,SENA MADUREIRA,Amazônia
 1654435307 ,97da2b6d-50af-31c3-8d6b-cea3365d8bfd,   -9.384290 ,  -68.322710 ,2023-10-04 18:38:00,Brasil,ACRE,BUJARI,Amazônia
 1654435308 ,c000d73a-29a8-3a10-94f9-8511106a3751,   -9.382880 ,  -68.313260 ,2023-10-04 18:38:00,Brasil,ACRE,BUJARI,Amazônia
 1654435309 ,ab38c9e8-1aa0-3626-a809-a48e8bcdb0ce,   -9.362640 ,  -68.676160 ,2023-10-04 18:38:00,Brasil,ACRE,SENA MADUREIRA,Amazônia
 1654435310 ,3ab22536-2319-3fc0-ac4d-19aff1b7113c,  -10.026020 ,  -68.484030 ,2023-10-04 18:38:00,Brasil,ACRE,RIO BRANCO,Amazônia
 1654435311 ,edbb227f-7e9c-3441-8c58-99e5e13c19f1,  -10.025510 ,  -68.417540 ,2023-10-04 18:38:00,Brasil,ACRE,RIO BRANCO,Amazônia
 1654435312 ,23818ca5-7ebc-3415-b841-8c5a0ad9c116,   -9.992400 ,  -68.825040 ,2023-10-04 18:38:00,Brasil,ACRE,RIO BRANCO,Amazônia
 1654435313 ,7eac8d45-7b4f-3e7e-9e00-4690919c16a2,   -9.991060 ,  -68.815910 ,2023-10-04 18:38:00,Brasil,ACRE,RIO BRANCO,Amazônia
 1654435314 ,5b4ed070-7e45-3a4c-a184-b83215373c12,   -9.975390 ,  -68.771540 ,2023-10-04 18:38:00,Brasil,ACRE,RIO BRANCO,Amazônia
 1654435315 ,fd7d84b7-3c9d-3771-b3df-c66555954933,   -9.964120 ,  -68.820020 ,2023-10-04 18:38:00,Brasil,ACRE,SENA MADUREIRA,Amazônia
 1654435316 ,f8abcc93-eb04-3bc3-af8a-b468f3360ca6,   -9.960100 ,  -68.792590 ,2023-10-04 18:38:00,Brasil,ACRE,RIO BRANCO,Amazônia
 1654435317 ,37cf6765-7a8c-38d7-8f36-ea978a729658,   -9.958760 ,  -68.783440 ,2023-10-04 18:38:00,Brasil,ACRE,RIO BRANCO,Amazônia
 1654435318 ,30fe107c-6263-390e-8850-365dd132dc4b,   -9.889030 ,  -68.743610 ,2023-10-04 18:38:00,Brasil,ACRE,SENA MADUREIRA,Amazônia
 1654435319 ,4a072db7-56ca-3cf3-93ad-98ec5c30dca0,   -9.862270 ,  -68.999470 ,2023-10-04 18:38:00,Brasil,ACRE,SENA MADUREIRA,Amazônia
 1654435320 ,df1159e6-e177-3a96-9d1f-a9af28b37dcb,   -9.861500 ,  -68.869260 ,2023-10-04 18:38:00,Brasil,ACRE,SENA MADUREIRA,Amazônia
 1654435321 ,d8569a2e-ad27-3311-9813-3abd1bcb994c,   -9.860160 ,  -68.860130 ,2023-10-04 18:38:00,Brasil,ACRE,SENA MADUREIRA,Amazônia
 1654435323 ,dd395dbb-5e40-3dd3-8615-a5959437167b,   -9.825600 ,  -68.874720 ,2023-10-04 18:38:00,Brasil,ACRE,SENA MADUREIRA,Amazônia
 1654435324 ,8abab015-7793-39e8-b686-76234d2dfc9f,   -9.806330 ,  -68.874930 ,2023-10-04 18:38:00,Brasil,ACRE,SENA MADUREIRA,Amazônia
 1654435325 ,e85c9c71-5766-35b4-b40b-c8e31ba4db1b,   -9.570490 ,  -68.773420 ,2023-10-04 18:38:00,Brasil,ACRE,SENA MADUREIRA,Amazônia
 1654435326 ,a6a3214f-8a16-3ed0-959e-a7c0fb0f1697,   -9.494290 ,  -68.940210 ,2023-10-04 18:38:00,Brasil,ACRE,SENA MADUREIRA,Amazônia
 1654435327 ,220499d6-7fab-37f2-a733-75e12722cb5f,   -9.492960 ,  -68.931110 ,2023-10-04 18:38:00,Brasil,ACRE,SENA MADUREIRA,Amazônia
 1654435328 ,8b9d2d3c-400c-3697-9d31-76d62ede8526,   -9.442760 ,  -68.908040 ,2023-10-04 18:38:00,Brasil,ACRE,SENA MADUREIRA,Amazônia
 1654435329 ,d8a5c5ca-8f0f-3732-9113-1c537a94c550,   -9.441420 ,  -68.898910 ,2023-10-04 18:38:00,Brasil,ACRE,SENA MADUREIRA,Amazônia
 1654435330 ,d2fbf87c-b3c7-35a1-9a2d-8be1f4ca8c53,   -9.344670 ,  -68.863080 ,2023-10-04 18:38:00,Brasil,ACRE,SENA MADUREIRA,Amazônia
 1654435331 ,257d01a7-c1fe-3b05-a550-93daa261a3db,  -10.014980 ,  -68.979860 ,2023-10-04 18:38:00,Brasil,ACRE,SENA MADUREIRA,Amazônia
 1654435332 ,15287959-6988-31f4-b628-9644415353b8,  -10.013650 ,  -68.970770 ,2023-10-04 18:38:00,Brasil,ACRE,SENA MADUREIRA,Amazônia
 1654435333 ,5bddb57c-7e0f-31d0-ad2e-906ba99142bc,  -10.001380 ,  -68.817150 ,2023-10-04 18:38:00,Brasil,ACRE,RIO BRANCO,Amazônia
 1654435334 ,7c6a235b-dd72-32ce-aed3-6544c6450915,  -10.000040 ,  -68.808020 ,2023-10-04 18:38:00,Brasil,ACRE,RIO BRANCO,Amazônia
 1654435335 ,37a7d6a8-dddb-352a-8ba0-97827516f6a0,  -10.864440 ,  -68.236310 ,2023-10-04 18:38:00,Brasil,ACRE,XAPURI,Amazônia
 1654435339 ,e564f456-d041-3caf-af6f-9cd5e66e4b84,  -10.604090 ,  -68.161290 ,2023-10-04 18:38:00,Brasil,ACRE,XAPURI,Amazônia
 1654435340 ,4af52879-576e-3fb8-80db-b331d17781bb,  -10.578860 ,  -68.365980 ,2023-10-04 18:38:00,Brasil,ACRE,XAPURI,Amazônia
 1654435341 ,53411236-9cb1-3423-b420-b8086b729efe,  -10.577480 ,  -68.356690 ,2023-10-04 18:38:00,Brasil,ACRE,XAPURI,Amazônia
 1654435342 ,40bdc596-a5f3-33ea-98e2-32c44e9b5059,  -10.545880 ,  -68.083370 ,2023-10-04 18:38:00,Brasil,ACRE,XAPURI,Amazônia
 1654435343 ,ab80f22d-fd7c-388a-9767-deeea73cf124,  -10.544410 ,  -67.760190 ,2023-10-04 18:38:00,Brasil,ACRE,CAPIXABA,Amazônia
 1654435344 ,91d11ea4-1ff2-3e9c-bcfa-f743f86cbc2f,  -10.542960 ,  -67.750500 ,2023-10-04 18:38:00,Brasil,ACRE,CAPIXABA,Amazônia
 1654435345 ,284ceff8-fad6-3a02-a18f-ef162fca967f,  -10.536630 ,  -67.771350 ,2023-10-04 18:38:00,Brasil,ACRE,CAPIXABA,Amazônia
 1654435346 ,a58c7f42-5d7b-39ea-bf3b-7a5b2b75113b,  -10.535180 ,  -67.761620 ,2023-10-04 18:38:00,Brasil,ACRE,CAPIXABA,Amazônia
 1654435347 ,6d858baf-0265-39d4-818b-bf70b4d41151,  -10.472060 ,  -68.139300 ,2023-10-04 18:38:00,Brasil,ACRE,XAPURI,Amazônia
 1654435348 ,0cd267af-f189-3d7d-9485-5150340fb344,  -10.450240 ,  -68.178180 ,2023-10-04 18:38:00,Brasil,ACRE,XAPURI,Amazônia
 1654435349 ,fa5f41f4-48e0-3fc9-afe2-dbdff8ba3e58,  -10.416600 ,  -67.950200 ,2023-10-04 18:38:00,Brasil,ACRE,CAPIXABA,Amazônia
 1654435350 ,b7e604be-527a-3ea2-a38e-54914132e086,  -10.415190 ,  -67.940610 ,2023-10-04 18:38:00,Brasil,ACRE,CAPIXABA,Amazônia
 1654435351 ,b9193a0a-33fb-3e07-922d-46f20ac70104,  -10.411680 ,  -67.980350 ,2023-10-04 18:38:00,Brasil,ACRE,CAPIXABA,Amazônia
 1654435353 ,2bc5be90-242f-3d18-9b9a-20761126ffe0,  -10.389080 ,  -67.954500 ,2023-10-04 18:38:00,Brasil,ACRE,CAPIXABA,Amazônia
 1654435354 ,c9bb756b-b066-39b2-a603-78f2080a7480,  -10.387650 ,  -67.944890 ,2023-10-04 18:38:00,Brasil,ACRE,CAPIXABA,Amazônia
 1654435355 ,e7724077-e5bd-3def-8c88-8cf464dc7b1c,  -10.381340 ,  -67.965540 ,2023-10-04 18:38:00,Brasil,ACRE,CAPIXABA,Amazônia
 1654435356 ,cbc41472-cd2c-3714-92b0-de30cb92f60d,  -10.379910 ,  -67.955960 ,2023-10-04 18:38:00,Brasil,ACRE,CAPIXABA,Amazônia
 1654435357 ,17b15083-c74c-324d-9c01-2fab546835ee,  -10.366700 ,  -68.055600 ,2023-10-04 18:38:00,Brasil,ACRE,RIO BRANCO,Amazônia
 1654435358 ,52ce80f9-cbc4-362c-9178-dde8f341564a,  -10.366080 ,  -68.416760 ,2023-10-04 18:38:00,Brasil,ACRE,XAPURI,Amazônia
 1654435359 ,b9d07014-7097-3e19-a413-b760e5f44f2c,  -10.365270 ,  -68.046070 ,2023-10-04 18:38:00,Brasil,ACRE,RIO BRANCO,Amazônia
 1654435360 ,c9cd59d9-6b86-3420-9900-e3baa76ffe91,  -10.338360 ,  -67.991730 ,2023-10-04 18:38:00,Brasil,ACRE,CAPIXABA,Amazônia
 1654435361 ,67254bd7-a86f-3987-9c37-cb32009e0e89,  -10.332560 ,  -67.765830 ,2023-10-04 18:38:00,Brasil,ACRE,CAPIXABA,Amazônia
 1654435362 ,fcefe392-882a-3525-9df5-518bcc1ae102,  -10.297650 ,  -67.954810 ,2023-10-04 18:38:00,Brasil,ACRE,RIO BRANCO,Amazônia
 1654435363 ,a01e2c97-ad9b-3fac-8c5d-13a7f38ff53e,  -10.292920 ,  -68.111590 ,2023-10-04 18:38:00,Brasil,ACRE,RIO BRANCO,Amazônia
 1654435364 ,9ac1d22d-0b7c-303c-923c-0ac5f59ef356,  -10.288410 ,  -68.330440 ,2023-10-04 18:38:00,Brasil,ACRE,RIO BRANCO,Amazônia
 1654435365 ,c8b022e1-f2ed-36e8-bbb9-608feb826eda,  -10.271070 ,  -68.275720 ,2023-10-04 18:38:00,Brasil,ACRE,RIO BRANCO,Amazônia
 1654435366 ,87e47f38-a853-38b5-aa86-2bd8bc456c3f,  -10.269690 ,  -68.266330 ,2023-10-04 18:38:00,Brasil,ACRE,RIO BRANCO,Amazônia
 1654435367 ,f14f896e-0626-3223-84a2-16b2959ebbd2,  -10.256430 ,  -68.239540 ,2023-10-04 18:38:00,Brasil,ACRE,RIO BRANCO,Amazônia
 1654435368 ,1ca1099f-9fff-3a39-ac47-465b837ea21e,  -10.245290 ,  -68.164140 ,2023-10-04 18:38:00,Brasil,ACRE,RIO BRANCO,Amazônia
 1654435369 ,58448dfb-9e73-307b-827f-459b49bda3bd,  -10.184880 ,  -67.820850 ,2023-10-04 18:38:00,Brasil,ACRE,RIO BRANCO,Amazônia
 1654435370 ,4932170e-a1fc-3c46-8bc8-9cc22dcb80c9,  -10.130730 ,  -68.322160 ,2023-10-04 18:38:00,Brasil,ACRE,RIO BRANCO,Amazônia
 1654435371 ,aac339b1-ab02-3ab7-b049-ed647fdf5cb0,  -10.118150 ,  -68.362340 ,2023-10-04 18:38:00,Brasil,ACRE,RIO BRANCO,Amazônia
 1654435372 ,03256204-0409-33ae-8304-3df9cae20cb8,  -10.062540 ,  -68.425150 ,2023-10-04 18:38:00,Brasil,ACRE,RIO BRANCO,Amazônia
 1654435373 ,27c59b14-f922-3ee5-97b4-40b0d0dc9ca1,  -10.061160 ,  -68.415840 ,2023-10-04 18:38:00,Brasil,ACRE,RIO BRANCO,Amazônia
 1654435374 ,1b7de66b-2f02-3a6d-8c53-b06eb27760be,  -10.052100 ,  -68.417230 ,2023-10-04 18:38:00,Brasil,ACRE,RIO BRANCO,Amazônia
 1654435375 ,1f2bffbd-f73c-3a2d-ab73-7701792ad3a6,  -10.038150 ,  -68.447940 ,2023-10-04 18:38:00,Brasil,ACRE,RIO BRANCO,Amazônia
 1654435376 ,d561f86e-7cba-3b9a-ba12-ea5f3f1e6667,  -10.686800 ,  -69.097690 ,2023-10-04 18:38:00,Brasil,ACRE,BRASILÉIA,Amazônia
 1654435377 ,3beccd8a-ea41-37bf-b431-e7f687eb5942,  -10.678430 ,  -69.104540 ,2023-10-04 18:38:00,Brasil,ACRE,BRASILÉIA,Amazônia
 1654435378 ,d99eb051-ea16-3a6b-856d-21599079ee34,  -10.677120 ,  -69.095490 ,2023-10-04 18:38:00,Brasil,ACRE,BRASILÉIA,Amazônia
 1654435379 ,2cc17be3-a0a1-3515-bb71-ca826b78601d,  -10.634060 ,  -69.175920 ,2023-10-04 18:38:00,Brasil,ACRE,BRASILÉIA,Amazônia
 1654435380 ,4e3ddd12-7215-3e76-a240-df4891dafd75,  -10.632740 ,  -69.166880 ,2023-10-04 18:38:00,Brasil,ACRE,BRASILÉIA,Amazônia
 1654435381 ,78c653eb-ee3a-30dd-8907-efa8863dcfd6,  -10.624240 ,  -68.983150 ,2023-10-04 18:38:00,Brasil,ACRE,BRASILÉIA,Amazônia
 1654435382 ,9e92878f-fab3-357a-a663-e171c843ab33,  -10.536400 ,  -69.141960 ,2023-10-04 18:38:00,Brasil,ACRE,BRASILÉIA,Amazônia
 1654435383 ,87496ee3-1c6c-3276-aad5-e54d6e65b012,  -10.505650 ,  -69.118880 ,2023-10-04 18:38:00,Brasil,ACRE,XAPURI,Amazônia
 1654435384 ,0984b424-33f0-3c47-bcc5-6fce5e7af0be,  -10.504330 ,  -69.109840 ,2023-10-04 18:38:00,Brasil,ACRE,XAPURI,Amazônia
 1654435385 ,0b22e0ee-42dd-3ce4-bc89-43c7c2f10cb4,  -10.417940 ,  -69.082340 ,2023-10-04 18:38:00,Brasil,ACRE,XAPURI,Amazônia
 1654435386 ,cc9aeab5-721d-37d1-833c-c2e21c555976,  -10.241470 ,  -69.010180 ,2023-10-04 18:38:00,Brasil,ACRE,RIO BRANCO,Amazônia
 1654435387 ,88f2587f-1784-3ae8-85e8-a104d3821e8f,  -10.187500 ,  -69.025010 ,2023-10-04 18:38:00,Brasil,ACRE,RIO BRANCO,Amazônia
 1654435388 ,5ffdf6f7-4617-3175-af2c-410b7edcf33c,  -10.171930 ,  -68.980970 ,2023-10-04 18:38:00,Brasil,ACRE,RIO BRANCO,Amazônia
 1654435389 ,87d7e664-86b4-3916-8835-09205fc7981d,  -10.131170 ,  -69.015000 ,2023-10-04 18:38:00,Brasil,ACRE,SENA MADUREIRA,Amazônia
 1654435390 ,d63a4483-321a-3672-bca1-6d18f720ee00,  -10.053700 ,  -68.986030 ,2023-10-04 18:38:00,Brasil,ACRE,SENA MADUREIRA,Amazônia
 1654435391 ,fe5c906e-4050-3670-8e96-41c5301ef531,   -9.907720 ,  -68.000660 ,2023-10-04 18:38:00,Brasil,ACRE,RIO BRANCO,Amazônia
 1654435392 ,01ad7e07-6677-3f40-b4dc-1835a3974e7d,   -9.879890 ,  -67.625170 ,2023-10-04 18:38:00,Brasil,ACRE,RIO BRANCO,Amazônia
 1654435393 ,420f7150-1082-3fbe-9eec-b45e9b88059e,   -9.878390 ,  -67.615200 ,2023-10-04 18:38:00,Brasil,ACRE,RIO BRANCO,Amazônia
 1654435394 ,728551f1-a9d5-3062-a5e6-aa54dd7404af,   -9.872040 ,  -67.636560 ,2023-10-04 18:38:00,Brasil,ACRE,RIO BRANCO,Amazônia
 1654435395 ,85375ebe-5b45-362f-ba80-528f2de8389c,   -9.789860 ,  -67.897030 ,2023-10-04 18:38:00,Brasil,ACRE,BUJARI,Amazônia
 1654435396 ,ad0e165e-2405-3ea0-83f3-44781ed19a15,   -9.715910 ,  -67.472670 ,2023-10-04 18:38:00,Brasil,ACRE,PORTO ACRE,Amazônia
 1654435399 ,d369f483-2fee-3aab-939e-dd16a14c5f05,   -9.447940 ,  -67.884970 ,2023-10-04 18:38:00,Brasil,ACRE,PORTO ACRE,Amazônia
 1654435400 ,24072ade-8d8a-31ab-a378-d21b610258b0,  -10.014730 ,  -67.551050 ,2023-10-04 18:38:00,Brasil,ACRE,RIO BRANCO,Amazônia
 1654435425 ,ee34a710-21e4-304c-9450-aaff7e463aca,  -10.946200 ,  -69.175520 ,2023-10-04 18:38:00,Brasil,ACRE,BRASILÉIA,Amazônia
 1654435426 ,36355be3-e930-3ecf-8152-6d9c9a9365d8,  -10.884770 ,  -69.129390 ,2023-10-04 18:38:00,Brasil,ACRE,BRASILÉIA,Amazônia
 1654435427 ,14f27460-6c19-307f-b5fc-f49335052a73,  -10.866130 ,  -69.128580 ,2023-10-04 18:38:00,Brasil,ACRE,BRASILÉIA,Amazônia
 1654435428 ,00b4b5a1-bb9e-3cc8-b8c7-0f83b2fe8739,  -10.864820 ,  -69.119530 ,2023-10-04 18:38:00,Brasil,ACRE,BRASILÉIA,Amazônia
 1654435450 ,0c341509-a93e-3871-8f2c-6d2ce8a0517d,  -10.989790 ,  -68.837950 ,2023-10-04 18:38:00,Brasil,ACRE,BRASILÉIA,Amazônia
 1654435451 ,4cf7cf28-aef8-330b-91d3-e8a33c35d570,  -10.980840 ,  -68.839320 ,2023-10-04 18:38:00,Brasil,ACRE,BRASILÉIA,Amazônia
 1654435452 ,bdc0b39f-ea1d-3637-af99-9821b1866bef,  -10.895770 ,  -68.572170 ,2023-10-04 18:38:00,Brasil,ACRE,EPITACIOLÂNDIA,Amazônia
 1654435453 ,63acb359-ed4e-37e3-b17c-9a659195599a,  -10.872470 ,  -68.732240 ,2023-10-04 18:38:00,Brasil,ACRE,EPITACIOLÂNDIA,Amazônia
 1654435454 ,25000ddc-4a62-3fdd-b05a-643ce4a1a874,  -10.858150 ,  -68.697110 ,2023-10-04 18:38:00,Brasil,ACRE,EPITACIOLÂNDIA,Amazônia
 1654435463 ,8487023d-2284-3913-ab26-d7f3236ba5ba,  -10.927270 ,  -68.230460 ,2023-10-04 18:38:00,Brasil,ACRE,XAPURI,Amazônia
 1654435465 ,9a62b119-ec02-392c-81a1-7be497ef4be3,  -10.887310 ,  -68.328090 ,2023-10-04 18:38:00,Brasil,ACRE,XAPURI,Amazônia
 1654435466 ,d35c54dc-2478-3cf4-a021-ed1d0d121606,  -10.885940 ,  -68.318790 ,2023-10-04 18:38:00,Brasil,ACRE,XAPURI,Amazônia
 1654436431 ,63aa979b-4abd-327c-aa8a-fe6009363cc2,   -9.320480 ,  -68.203200 ,2023-10-04 18:38:00,Brasil,ACRE,BUJARI,Amazônia
 1654436432 ,9373d4a2-77a0-3277-a10f-e7065403a51c,   -9.291700 ,  -68.324130 ,2023-10-04 18:38:00,Brasil,ACRE,SENA MADUREIRA,Amazônia
 1654436433 ,8eaa934d-f45b-3a6d-bc3d-3636a17d13ac,   -9.285410 ,  -68.344440 ,2023-10-04 18:38:00,Brasil,ACRE,SENA MADUREIRA,Amazônia
 1654436434 ,d80a2f6d-755b-330b-9dc8-f9616f55633e,   -9.272610 ,  -68.259210 ,2023-10-04 18:38:00,Brasil,ACRE,BUJARI,Amazônia
 1654436435 ,013f4e9d-a09e-359d-8b37-d11e461032cb,   -9.271180 ,  -68.249700 ,2023-10-04 18:38:00,Brasil,ACRE,BUJARI,Amazônia
 1654436436 ,ae7675d6-eb04-3820-a338-9993bdb748d7,   -9.266990 ,  -68.333660 ,2023-10-04 18:38:00,Brasil,ACRE,SENA MADUREIRA,Amazônia
 1654436437 ,4c7b622e-64cd-3435-8404-509705abbdcf,   -9.265590 ,  -68.324180 ,2023-10-04 18:38:00,Brasil,ACRE,SENA MADUREIRA,Amazônia
 1654436438 ,1b80f31a-61f5-31b1-957e-5a0262016e24,  -10.812830 ,  -68.638530 ,2023-10-04 18:38:00,Brasil,ACRE,EPITACIOLÂNDIA,Amazônia
 1654436439 ,ed35a3b5-46ed-35bf-ba18-dc8b5663ef24,  -10.811470 ,  -68.629370 ,2023-10-04 18:38:00,Brasil,ACRE,EPITACIOLÂNDIA,Amazônia
 1654436440 ,c099bed4-f511-3abf-bf21-bb4ba00ef177,  -10.703690 ,  -68.900560 ,2023-10-04 18:38:00,Brasil,ACRE,XAPURI,Amazônia
 1654436441 ,b8cb1376-9ef2-37a9-8e63-30c8d231c52e,  -10.700060 ,  -68.938250 ,2023-10-04 18:38:00,Brasil,ACRE,XAPURI,Amazônia
 1654436442 ,a69d6261-4d40-3948-b18d-ebed094584fc,  -10.698380 ,  -68.864200 ,2023-10-04 18:38:00,Brasil,ACRE,XAPURI,Amazônia
 1654436443 ,e8524f76-35b5-3a25-9a86-bd074f1b92ac,  -10.697050 ,  -68.855100 ,2023-10-04 18:38:00,Brasil,ACRE,XAPURI,Amazônia
 1654436444 ,8b17cdd4-47e8-3539-a04b-c5ad2c210b03,  -10.688750 ,  -68.547710 ,2023-10-04 18:38:00,Brasil,ACRE,XAPURI,Amazônia
 1654436445 ,984e2dc2-3057-3a64-a754-322abe5097e4,  -10.660280 ,  -68.916440 ,2023-10-04 18:38:00,Brasil,ACRE,XAPURI,Amazônia
 1654436446 ,67c1703c-7e5f-30b3-8333-b034f43d0911,  -10.644140 ,  -68.868760 ,2023-10-04 18:38:00,Brasil,ACRE,XAPURI,Amazônia
 1654436447 ,0a522e1e-eff2-39b0-8801-dc6e9a317abc,  -10.642820 ,  -68.859660 ,2023-10-04 18:38:00,Brasil,ACRE,XAPURI,Amazônia
 1654436448 ,9e181b8c-06c1-342b-a939-a1adb44686c8,  -10.641490 ,  -68.850570 ,2023-10-04 18:38:00,Brasil,ACRE,XAPURI,Amazônia
 1654436449 ,695d5406-4f7c-3d9a-b55d-a43a2f899b7d,  -10.641020 ,  -68.536180 ,2023-10-04 18:38:00,Brasil,ACRE,XAPURI,Amazônia
 1654436450 ,4a4386f1-06fc-3f26-a84e-2d8fcb096a61,  -10.640490 ,  -68.906470 ,2023-10-04 18:38:00,Brasil,ACRE,XAPURI,Amazônia
 1654436451 ,c6cb117d-b5d1-37e3-bfdf-aadd73de3a5a,  -10.639660 ,  -68.526950 ,2023-10-04 18:38:00,Brasil,ACRE,XAPURI,Amazônia
 1654436452 ,ca8a4b9a-0e3f-3ec2-b43a-cfea4d9019e8,  -10.639160 ,  -68.897390 ,2023-10-04 18:38:00,Brasil,ACRE,XAPURI,Amazônia
 1654436453 ,a159cb89-f57f-3d36-96f4-17f706006af2,  -10.632140 ,  -68.725170 ,2023-10-04 18:38:00,Brasil,ACRE,XAPURI,Amazônia
 1654436454 ,b4979551-4bda-3c63-baca-52cb95137a57,  -10.619590 ,  -68.825970 ,2023-10-04 18:38:00,Brasil,ACRE,XAPURI,Amazônia
 1654436455 ,0e05cdbe-dc19-34bd-8d4f-e304b962d604,  -10.618260 ,  -68.816860 ,2023-10-04 18:38:00,Brasil,ACRE,XAPURI,Amazônia
 1654436456 ,29ce7932-6b08-3354-b36b-67bd357b5dfa,  -10.587750 ,  -68.858720 ,2023-10-04 18:38:00,Brasil,ACRE,XAPURI,Amazônia
 1654436457 ,2e61023b-753b-3d05-8e6d-06b2fa5c2087,  -10.577070 ,  -68.785850 ,2023-10-04 18:38:00,Brasil,ACRE,XAPURI,Amazônia
 1654436458 ,cdfff158-37b8-3854-9ff0-f72e65c8a06f,  -10.575730 ,  -68.776730 ,2023-10-04 18:38:00,Brasil,ACRE,XAPURI,Amazônia
 1654436459 ,c00d7688-c447-3cca-ae84-94363f1928d6,  -10.568500 ,  -68.852330 ,2023-10-04 18:38:00,Brasil,ACRE,XAPURI,Amazônia
 1654436460 ,9f5c5c1d-784f-378a-b076-35b5b1c2efb1,  -10.559550 ,  -68.853700 ,2023-10-04 18:38:00,Brasil,ACRE,XAPURI,Amazônia
 1654436461 ,b9e4522e-c446-3fb2-81d4-89454c0bb54a,  -10.490370 ,  -68.889540 ,2023-10-04 18:38:00,Brasil,ACRE,XAPURI,Amazônia
 1654436462 ,85b029ec-4762-39bc-973e-485c0b5153e6,  -10.489040 ,  -68.880440 ,2023-10-04 18:38:00,Brasil,ACRE,XAPURI,Amazônia
 1654436463 ,cab6b93a-eaea-3649-8466-eb675b9277f4,  -10.475230 ,  -68.724110 ,2023-10-04 18:38:00,Brasil,ACRE,XAPURI,Amazônia
 1654436464 ,e76c670f-e5e9-3383-8a4a-6a24451c4513,  -10.165550 ,  -68.749070 ,2023-10-04 18:38:00,Brasil,ACRE,RIO BRANCO,Amazônia
 1654436465 ,87655a79-48f6-3cc4-8ea6-3beaefc5a025,  -10.164210 ,  -68.739920 ,2023-10-04 18:38:00,Brasil,ACRE,RIO BRANCO,Amazônia
 1654436466 ,cf4c4a0e-b5d5-3b21-84d8-3ccd15f48c33,  -10.155230 ,  -68.741300 ,2023-10-04 18:38:00,Brasil,ACRE,RIO BRANCO,Amazônia
 1654436467 ,14b9dc1c-1c2a-31f1-b7b2-30b86c9d445b,  -10.114320 ,  -68.775540 ,2023-10-04 18:38:00,Brasil,ACRE,RIO BRANCO,Amazônia
 1654436468 ,24e5183b-6c33-3d28-86a7-42dd01aaf31e,  -10.101300 ,  -68.749470 ,2023-10-04 18:38:00,Brasil,ACRE,RIO BRANCO,Amazônia
 1654811997 ,698614b9-025a-392e-9358-497eedddc876,   -9.261060 ,  -68.832530 ,2023-10-06 18:24:00,Brasil,ACRE,SENA MADUREIRA,Amazônia
 1654811998 ,82f01602-dcc4-3c99-a40e-8612c21a6506,   -9.251220 ,  -68.833890 ,2023-10-06 18:24:00,Brasil,ACRE,SENA MADUREIRA,Amazônia
 1654811999 ,b07a21fd-a9c6-3227-9f93-0fdf8bc859a4,   -8.970110 ,  -68.790700 ,2023-10-06 18:24:00,Brasil,ACRE,SENA MADUREIRA,Amazônia
 1654812013 ,4bd3b96d-6a92-37bd-8938-490a76a6e3c7,   -9.251630 ,  -68.241720 ,2023-10-06 18:24:00,Brasil,ACRE,SENA MADUREIRA,Amazônia
 1654812014 ,62ea353d-aef2-3516-91bc-f63ccd46edc1,   -9.216600 ,  -68.584220 ,2023-10-06 18:24:00,Brasil,ACRE,SENA MADUREIRA,Amazônia
 1654812015 ,0fcfe73f-f8ce-3bd4-a0e6-b804d74ab929,   -9.215120 ,  -68.573590 ,2023-10-06 18:24:00,Brasil,ACRE,SENA MADUREIRA,Amazônia
 1654812016 ,45ac9c62-2585-3f24-9ef8-464edee800df,   -9.205440 ,  -68.574970 ,2023-10-06 18:24:00,Brasil,ACRE,SENA MADUREIRA,Amazônia
 1654812021 ,8c96fbf4-0131-3472-bb64-49258aa0f418,   -9.166240 ,  -68.504740 ,2023-10-06 18:24:00,Brasil,ACRE,SENA MADUREIRA,Amazônia
 1654812054 ,2a406ef9-65c6-326c-825d-54ce8b9f1a33,   -9.380650 ,  -68.055370 ,2023-10-06 18:24:00,Brasil,ACRE,PORTO ACRE,Amazônia
 1654812055 ,b06355ac-d591-327f-b068-0e0f21dd7dc6,   -9.379250 ,  -68.045240 ,2023-10-06 18:24:00,Brasil,ACRE,PORTO ACRE,Amazônia
 1654812056 ,750a819f-c40a-379a-abe1-3c3f533c1a71,   -9.364370 ,  -68.325410 ,2023-10-06 18:24:00,Brasil,ACRE,BUJARI,Amazônia
 1654812057 ,a15f1975-be04-3022-ab5d-b41880e710a3,   -9.343320 ,  -68.244070 ,2023-10-06 18:24:00,Brasil,ACRE,BUJARI,Amazônia
 1654812058 ,84f90bb9-a957-3db8-bd27-fcb45602bf2e,   -9.341890 ,  -68.233760 ,2023-10-06 18:24:00,Brasil,ACRE,BUJARI,Amazônia
 1654812059 ,3dfc55ef-d92d-3803-b73a-8f7a8b80dc00,   -9.340950 ,  -68.297040 ,2023-10-06 18:24:00,Brasil,ACRE,BUJARI,Amazônia
 1654812060 ,6aaaf4ee-697a-3b1a-ab67-add212dfb6eb,   -9.340460 ,  -68.223500 ,2023-10-06 18:24:00,Brasil,ACRE,BUJARI,Amazônia
 1654812061 ,67306b7c-b224-3cd1-b477-8f4bfc240e09,   -9.315150 ,  -68.321880 ,2023-10-06 18:24:00,Brasil,ACRE,BUJARI,Amazônia
 1654812062 ,6f8b4914-d448-3b46-bfab-6896bd3df603,   -9.313730 ,  -68.311460 ,2023-10-06 18:24:00,Brasil,ACRE,BUJARI,Amazônia
 1654812063 ,4413d4c7-bc2b-312f-af78-586c31df3c5d,   -9.305600 ,  -68.323260 ,2023-10-06 18:24:00,Brasil,ACRE,BUJARI,Amazônia
 1654812064 ,ee7a2f1b-bb39-31f8-bbf4-daaa4513c7c0,   -9.304180 ,  -68.312840 ,2023-10-06 18:24:00,Brasil,ACRE,BUJARI,Amazônia
 1654812065 ,1acb8a6b-b81c-3561-a316-857fb627a9db,   -9.301300 ,  -68.318790 ,2023-10-06 18:24:00,Brasil,ACRE,BUJARI,Amazônia
 1654812066 ,963486bf-0cbc-3c3b-bb9a-b96104cd6e3f,   -9.291750 ,  -68.320160 ,2023-10-06 18:24:00,Brasil,ACRE,SENA MADUREIRA,Amazônia
 1654812113 ,c18c7936-17cd-3b57-af13-d1af610bf70b,   -9.996930 ,  -68.839680 ,2023-10-06 18:24:00,Brasil,ACRE,SENA MADUREIRA,Amazônia
 1654812114 ,6d044351-76b0-317b-ae85-821df9c7a691,   -9.873700 ,  -68.828100 ,2023-10-06 18:24:00,Brasil,ACRE,SENA MADUREIRA,Amazônia
 1654812115 ,df3f18ee-b81b-3475-8e0b-782e4ddc0a88,   -9.853160 ,  -68.751170 ,2023-10-06 18:24:00,Brasil,ACRE,SENA MADUREIRA,Amazônia
 1654812116 ,e7dcd95f-ab82-3388-9fff-7dc4e9875ed7,   -9.831500 ,  -68.898350 ,2023-10-06 18:24:00,Brasil,ACRE,SENA MADUREIRA,Amazônia
 1654812117 ,f6ec34e8-7d17-3692-9850-1c88a4803692,   -9.828050 ,  -68.788840 ,2023-10-06 18:24:00,Brasil,ACRE,SENA MADUREIRA,Amazônia
 1654812118 ,f10c1d4e-9a69-3d5a-9a02-e930e6b14c2e,   -9.768720 ,  -68.883950 ,2023-10-06 18:24:00,Brasil,ACRE,SENA MADUREIRA,Amazônia
 1654812119 ,0b19b93e-0e74-34c2-85d9-ff849b37b6f5,   -9.748870 ,  -68.886850 ,2023-10-06 18:24:00,Brasil,ACRE,SENA MADUREIRA,Amazônia
 1654812120 ,7317e5e3-6d5e-3ff0-a66e-fe2870023a42,   -9.681450 ,  -68.765050 ,2023-10-06 18:24:00,Brasil,ACRE,SENA MADUREIRA,Amazônia
 1654812121 ,ad91e524-15b3-3a43-aa6d-ea54ed0195de,   -9.667950 ,  -68.522170 ,2023-10-06 18:24:00,Brasil,ACRE,RIO BRANCO,Amazônia
 1654812122 ,4a2708f6-4b43-3cdd-ae26-74ee65d48c3f,   -9.666450 ,  -68.511370 ,2023-10-06 18:24:00,Brasil,ACRE,RIO BRANCO,Amazônia
 1654812123 ,009a1f48-2f02-324f-bc7b-42a707374202,   -9.665660 ,  -68.577350 ,2023-10-06 18:24:00,Brasil,ACRE,RIO BRANCO,Amazônia
 1654812124 ,ecc74bd2-60f8-3d99-abbc-d7716c242d93,   -9.652980 ,  -68.557180 ,2023-10-06 18:24:00,Brasil,ACRE,RIO BRANCO,Amazônia
 1654812125 ,30398b28-6e6d-32b6-958b-0d66e1da19fc,   -9.643250 ,  -68.558510 ,2023-10-06 18:24:00,Brasil,ACRE,RIO BRANCO,Amazônia
 1654812126 ,119270f7-245a-36cd-adc4-ae52a0e7f36d,   -9.640880 ,  -68.613980 ,2023-10-06 18:24:00,Brasil,ACRE,RIO BRANCO,Amazônia
 1654812127 ,fe72f184-524f-305e-8c4b-4847dbcbfa2a,   -9.614090 ,  -68.562680 ,2023-10-06 18:24:00,Brasil,ACRE,RIO BRANCO,Amazônia
 1654812129 ,eaeac133-fa54-3d16-9771-fb8bd668f8b3,   -9.611840 ,  -68.569640 ,2023-10-06 18:24:00,Brasil,ACRE,RIO BRANCO,Amazônia
 1654812130 ,a9a4081f-5625-35d4-a065-e5785f066e0e,   -9.610330 ,  -68.558910 ,2023-10-06 18:24:00,Brasil,ACRE,RIO BRANCO,Amazônia
 1654812131 ,4ea4412d-7872-3181-8a9e-1dc415aaefde,   -9.594630 ,  -68.517430 ,2023-10-06 18:24:00,Brasil,ACRE,RIO BRANCO,Amazônia
 1654812132 ,1d69c094-f81a-3ea1-bc84-1a0f3cc63dca,   -9.593130 ,  -68.506710 ,2023-10-06 18:24:00,Brasil,ACRE,RIO BRANCO,Amazônia
 1654812133 ,3c1f9d87-23f5-32fc-8158-1fe01d90ac2a,   -9.581960 ,  -68.497410 ,2023-10-06 18:24:00,Brasil,ACRE,RIO BRANCO,Amazônia
 1654812134 ,53448731-4daf-3826-b178-b667af747a90,   -9.577410 ,  -68.607460 ,2023-10-06 18:24:00,Brasil,ACRE,RIO BRANCO,Amazônia
 1654812135 ,bf5a37e0-f231-3302-b1be-0c4a3794669a,   -9.539750 ,  -68.707210 ,2023-10-06 18:24:00,Brasil,ACRE,SENA MADUREIRA,Amazônia
 1654812136 ,3000054c-d66b-35d2-a315-24ec8b135300,   -9.538440 ,  -68.612930 ,2023-10-06 18:24:00,Brasil,ACRE,RIO BRANCO,Amazônia
 1654812137 ,c996102d-eb06-35bb-9a0d-c1517e69931f,   -9.528710 ,  -68.614360 ,2023-10-06 18:24:00,Brasil,ACRE,RIO BRANCO,Amazônia
 1654812138 ,c0f1f2df-752e-35b2-a61a-e0aa0496dea4,   -9.527750 ,  -68.461660 ,2023-10-06 18:24:00,Brasil,ACRE,SENA MADUREIRA,Amazônia
 1654812139 ,ea9e6811-e753-37d5-8215-1c8a7c07fd24,   -9.527510 ,  -68.620010 ,2023-10-06 18:24:00,Brasil,ACRE,RIO BRANCO,Amazônia
 1654812140 ,0df0bdfe-1644-39b9-8b07-1d1f41c4f2a7,   -9.527240 ,  -68.603510 ,2023-10-06 18:24:00,Brasil,ACRE,RIO BRANCO,Amazônia
 1654812141 ,25d9f973-0f1b-3f8a-a94f-fbf7cc4dbf14,   -9.525990 ,  -68.609140 ,2023-10-06 18:24:00,Brasil,ACRE,RIO BRANCO,Amazônia
 1654812142 ,9af09775-6355-3f48-990c-99a0f9cbf726,   -9.519940 ,  -68.566090 ,2023-10-06 18:24:00,Brasil,ACRE,SENA MADUREIRA,Amazônia
 1654812143 ,9b7b4ac0-3fb5-3a16-bead-51a279c190f2,   -9.515440 ,  -68.534000 ,2023-10-06 18:24:00,Brasil,ACRE,SENA MADUREIRA,Amazônia
 1654812144 ,f84c99af-9a98-3e61-8d27-610e38880cdc,   -9.506450 ,  -68.470060 ,2023-10-06 18:24:00,Brasil,ACRE,SENA MADUREIRA,Amazônia
 1654812145 ,d9299766-3b3c-39fe-8422-d2baeda29b79,   -9.503520 ,  -68.590350 ,2023-10-06 18:24:00,Brasil,ACRE,SENA MADUREIRA,Amazônia
 1654812146 ,ba168eed-5f40-37d5-945f-17ab13cc7f6d,   -9.491590 ,  -68.504660 ,2023-10-06 18:24:00,Brasil,ACRE,SENA MADUREIRA,Amazônia
 1654812147 ,fb9abc73-4b24-3d65-add3-5f55039966ea,   -9.490100 ,  -68.494010 ,2023-10-06 18:24:00,Brasil,ACRE,SENA MADUREIRA,Amazônia
 1654812148 ,5297dc2b-287e-3a68-aae0-581ef07ce3e7,   -9.482590 ,  -68.582330 ,2023-10-06 18:24:00,Brasil,ACRE,SENA MADUREIRA,Amazônia
 1654812149 ,f6208e0b-0858-3019-bfda-68061b47e710,   -9.478000 ,  -68.926160 ,2023-10-06 18:24:00,Brasil,ACRE,SENA MADUREIRA,Amazônia
 1654812150 ,84d57c06-43e7-39b7-9e37-1dfab15a236a,   -9.429660 ,  -68.556970 ,2023-10-06 18:24:00,Brasil,ACRE,SENA MADUREIRA,Amazônia
 1654812151 ,164c1423-5747-364b-918d-fcfd6e788941,   -9.428210 ,  -68.546230 ,2023-10-06 18:24:00,Brasil,ACRE,SENA MADUREIRA,Amazônia
 1654812152 ,f7dfc36b-d457-34f0-95ab-e6c7c6c55549,   -9.425690 ,  -68.553200 ,2023-10-06 18:24:00,Brasil,ACRE,SENA MADUREIRA,Amazônia
 1654812153 ,56c9a776-d76b-36d3-adc5-668c93caa0eb,   -9.416000 ,  -68.554600 ,2023-10-06 18:24:00,Brasil,ACRE,SENA MADUREIRA,Amazônia
 1654812154 ,2a3d3d65-391b-312b-b96c-b4fa391b9f9e,   -9.414490 ,  -68.543820 ,2023-10-06 18:24:00,Brasil,ACRE,SENA MADUREIRA,Amazônia
 1654812155 ,57708b4f-f7d0-3f59-9229-ed6c2e5d8324,   -9.398850 ,  -68.644970 ,2023-10-06 18:24:00,Brasil,ACRE,SENA MADUREIRA,Amazônia
 1654812156 ,554bc2b6-6500-313b-9081-9154f4415278,   -9.389100 ,  -68.646290 ,2023-10-06 18:24:00,Brasil,ACRE,SENA MADUREIRA,Amazônia
 1654812157 ,6ab0772d-3a3d-3202-8743-68f3b454b225,   -9.385300 ,  -68.691140 ,2023-10-06 18:24:00,Brasil,ACRE,SENA MADUREIRA,Amazônia
 1654812158 ,7790a0af-93f9-3f04-a1ac-8349fa926bc4,   -9.368360 ,  -68.867350 ,2023-10-06 18:24:00,Brasil,ACRE,SENA MADUREIRA,Amazônia
 1654812159 ,786ee908-085b-37e1-a4b9-e59c0d010a92,   -9.366810 ,  -68.856200 ,2023-10-06 18:24:00,Brasil,ACRE,SENA MADUREIRA,Amazônia
 1654812160 ,9c1353aa-98b8-32fd-b81a-6a89e55c3a1f,   -9.364830 ,  -68.760830 ,2023-10-06 18:24:00,Brasil,ACRE,SENA MADUREIRA,Amazônia
 1654812161 ,e10f02fc-54c3-3967-941d-cdc0d2857322,   -9.364270 ,  -68.766430 ,2023-10-06 18:24:00,Brasil,ACRE,SENA MADUREIRA,Amazônia
 1654812162 ,cc8d125e-a2d6-373a-99b4-4657d586054b,   -9.362740 ,  -68.755490 ,2023-10-06 18:24:00,Brasil,ACRE,SENA MADUREIRA,Amazônia
 1654812163 ,eaf11cbf-082f-3546-b9d4-4efe99c82c4a,   -9.343130 ,  -68.758240 ,2023-10-06 18:24:00,Brasil,ACRE,SENA MADUREIRA,Amazônia
 1654812164 ,c43bd1d2-e79e-30fe-9831-1e17317946d3,  -10.101730 ,  -68.630930 ,2023-10-06 18:24:00,Brasil,ACRE,RIO BRANCO,Amazônia
 1654812165 ,edda6a9a-1bbc-304b-9048-d0e8fb48da3a,  -10.078910 ,  -68.764400 ,2023-10-06 18:24:00,Brasil,ACRE,RIO BRANCO,Amazônia
 1654812166 ,91ec6dbf-9fcd-32a4-a7d4-a682f96e8386,  -10.069010 ,  -68.765750 ,2023-10-06 18:24:00,Brasil,ACRE,RIO BRANCO,Amazônia
 1654812167 ,d683b2d6-f2e4-3edb-9ea8-49aeb32bad08,  -10.026620 ,  -68.458210 ,2023-10-06 18:24:00,Brasil,ACRE,RIO BRANCO,Amazônia
 1654812169 ,e8fccf28-3c1e-3bc9-95fd-900900eaa668,  -10.598830 ,  -68.161120 ,2023-10-06 18:24:00,Brasil,ACRE,XAPURI,Amazônia
 1654812170 ,e0f33fb9-45cd-38b9-9d9d-5475bacd2901,  -10.590660 ,  -68.173090 ,2023-10-06 18:24:00,Brasil,ACRE,XAPURI,Amazônia
 1654812171 ,1cfe010a-db8c-3af9-b57a-3d7c4faab71d,  -10.589220 ,  -68.162510 ,2023-10-06 18:24:00,Brasil,ACRE,XAPURI,Amazônia
 1654812172 ,146b6860-0ec4-3daa-a821-e67223d34eef,  -10.568430 ,  -68.246880 ,2023-10-06 18:24:00,Brasil,ACRE,XAPURI,Amazônia
 1654812173 ,cea76367-6ed6-370d-aeb9-4719603fa2cf,  -10.557290 ,  -68.237590 ,2023-10-06 18:24:00,Brasil,ACRE,XAPURI,Amazônia
 1654812174 ,4f022adf-63d9-37f8-8293-22155a74c367,  -10.555820 ,  -68.226990 ,2023-10-06 18:24:00,Brasil,ACRE,XAPURI,Amazônia
 1654812175 ,86e01137-8188-36ca-91bc-fdefca92bbf7,  -10.535940 ,  -68.154290 ,2023-10-06 18:24:00,Brasil,ACRE,XAPURI,Amazônia
 1654812176 ,35f70c41-9d0f-3295-9012-7076cf95665e,  -10.525950 ,  -68.296370 ,2023-10-06 18:24:00,Brasil,ACRE,XAPURI,Amazônia
 1654812177 ,d311758f-d9cd-343b-99fa-162b1f7b2a5c,  -10.439650 ,  -68.413760 ,2023-10-06 18:24:00,Brasil,ACRE,XAPURI,Amazônia
 1654812178 ,dbef467a-822e-3cbb-b020-2156f7a595b5,  -10.438170 ,  -68.402890 ,2023-10-06 18:24:00,Brasil,ACRE,XAPURI,Amazônia
 1654812179 ,0e5f8ae2-bec6-3fcf-8f9f-1d93862afe55,  -10.425510 ,  -68.165540 ,2023-10-06 18:24:00,Brasil,ACRE,XAPURI,Amazônia
 1654812180 ,690f3805-e522-3c9b-87c1-27c93ebafd2e,  -10.424070 ,  -68.155060 ,2023-10-06 18:24:00,Brasil,ACRE,XAPURI,Amazônia
 1654812181 ,7b34f255-65bb-3f04-9e3e-be92bdedc9b2,  -10.420710 ,  -68.274120 ,2023-10-06 18:24:00,Brasil,ACRE,XAPURI,Amazônia
 1654812182 ,3b5939d1-0bb1-302d-b5a3-22d917955d1c,  -10.419270 ,  -68.263490 ,2023-10-06 18:24:00,Brasil,ACRE,XAPURI,Amazônia
 1654812183 ,b92c7c03-8ebb-3009-9002-df0017752d7d,  -10.410230 ,  -67.914300 ,2023-10-06 18:24:00,Brasil,ACRE,CAPIXABA,Amazônia
 1654812184 ,2c612ae2-aaa6-378d-a0b4-b610607bcc6b,  -10.408810 ,  -67.904090 ,2023-10-06 18:24:00,Brasil,ACRE,CAPIXABA,Amazônia
 1654812185 ,ddd2785b-7841-3978-9221-1a3f36ccb9e2,  -10.404750 ,  -68.391300 ,2023-10-06 18:24:00,Brasil,ACRE,XAPURI,Amazônia
 1654812186 ,fc384c2d-a096-3e90-8413-bfe3c24ba910,  -10.399350 ,  -67.905450 ,2023-10-06 18:24:00,Brasil,ACRE,CAPIXABA,Amazônia
 1654812187 ,c053a0fc-27fe-3fe3-8c25-c0cbec070f19,  -10.388070 ,  -67.824170 ,2023-10-06 18:24:00,Brasil,ACRE,CAPIXABA,Amazônia
 1654812188 ,b7b4e5a3-7fd1-3714-a946-a0321a647c7b,  -10.386820 ,  -68.404900 ,2023-10-06 18:24:00,Brasil,ACRE,XAPURI,Amazônia
 1654812189 ,e18c854a-7de2-3419-b973-ed5da1f78da9,  -10.385330 ,  -68.394120 ,2023-10-06 18:24:00,Brasil,ACRE,XAPURI,Amazônia
 1654812190 ,41ffe525-e372-3e3c-bcfb-4f227cc49e03,  -10.377950 ,  -67.960590 ,2023-10-06 18:24:00,Brasil,ACRE,CAPIXABA,Amazônia
 1654812191 ,08cb2702-8dde-3867-bc63-d7e1d048db27,  -10.372670 ,  -67.992800 ,2023-10-06 18:24:00,Brasil,ACRE,CAPIXABA,Amazônia
 1654812192 ,f3c4dfbe-b5e8-3057-8b4b-1cc9dce3406b,  -10.370180 ,  -68.045860 ,2023-10-06 18:24:00,Brasil,ACRE,RIO BRANCO,Amazônia
 1654812193 ,ce090f88-e986-3783-9a63-3872fdabf8c7,  -10.360510 ,  -68.073980 ,2023-10-06 18:24:00,Brasil,ACRE,RIO BRANCO,Amazônia
 1654812194 ,f4ff090f-393e-3525-b2ac-badc6c0c982d,  -10.345210 ,  -68.034000 ,2023-10-06 18:24:00,Brasil,ACRE,RIO BRANCO,Amazônia
 1654812195 ,d1565f7d-b31c-3a05-b38c-a978b45725ed,  -10.307100 ,  -68.039280 ,2023-10-06 18:24:00,Brasil,ACRE,RIO BRANCO,Amazônia
 1654812196 ,044d916f-94ac-3542-b32f-fca06896a93b,  -10.293650 ,  -67.802210 ,2023-10-06 18:24:00,Brasil,ACRE,CAPIXABA,Amazônia
 1654812197 ,292e54fd-cf9c-3684-9ac7-8a5d83af5a18,  -10.292250 ,  -67.792090 ,2023-10-06 18:24:00,Brasil,ACRE,CAPIXABA,Amazônia
 1654812198 ,ff06dc53-933e-3ec7-83ef-181198e759d2,  -10.255620 ,  -68.266420 ,2023-10-06 18:24:00,Brasil,ACRE,RIO BRANCO,Amazônia
 1654812199 ,984b2723-1c5e-3feb-96ff-c1a24dd49d4c,  -10.254170 ,  -68.255840 ,2023-10-06 18:24:00,Brasil,ACRE,RIO BRANCO,Amazônia
 1654812200 ,783d742c-c6e4-3a7e-b0c7-1843ef008cf9,  -10.250750 ,  -68.159930 ,2023-10-06 18:24:00,Brasil,ACRE,RIO BRANCO,Amazônia
 1654812201 ,1b2d2db0-749d-31b1-8ff5-b66f25beef80,  -10.248000 ,  -67.819020 ,2023-10-06 18:24:00,Brasil,ACRE,CAPIXABA,Amazônia
 1654812202 ,fec2223d-def5-3639-8d49-b2b3d4bee457,  -10.141820 ,  -68.033130 ,2023-10-06 18:24:00,Brasil,ACRE,RIO BRANCO,Amazônia
 1654812203 ,5e6509b1-c544-39eb-bfe4-e6ab3ab77ba8,  -10.140390 ,  -68.022860 ,2023-10-06 18:24:00,Brasil,ACRE,RIO BRANCO,Amazônia
 1654812204 ,3b1eaea4-2a38-365c-bdf7-001397c28b69,   -9.867270 ,  -67.976520 ,2023-10-06 18:24:00,Brasil,ACRE,RIO BRANCO,Amazônia
 1654812205 ,86a21276-8ea5-3739-abcc-ce81a138ea97,   -9.834320 ,  -67.605840 ,2023-10-06 18:24:00,Brasil,ACRE,PORTO ACRE,Amazônia
 1654812206 ,8be0d3ad-9896-36aa-9a9b-269add1b7f96,   -9.808710 ,  -67.831000 ,2023-10-06 18:24:00,Brasil,ACRE,RIO BRANCO,Amazônia
 1654812207 ,77ee8aca-54db-3ec8-81ae-550d44be1c8b,   -9.805120 ,  -67.600100 ,2023-10-06 18:24:00,Brasil,ACRE,PORTO ACRE,Amazônia
 1654812208 ,4147c3da-4bcb-344d-bad8-e610aeb1831a,   -9.799330 ,  -67.832340 ,2023-10-06 18:24:00,Brasil,ACRE,BUJARI,Amazônia
 1654812209 ,3e0fa305-49f4-3364-94e2-287c1f807fc6,   -9.797960 ,  -67.822380 ,2023-10-06 18:24:00,Brasil,ACRE,RIO BRANCO,Amazônia
 1654812210 ,f336425c-6a56-3577-a55d-d9fb8e0f07ff,   -9.768120 ,  -67.852520 ,2023-10-06 18:24:00,Brasil,ACRE,BUJARI,Amazônia
 1654812211 ,b20e6b1b-08f4-33aa-9d50-a89f6c00491f,   -9.722490 ,  -67.528250 ,2023-10-06 18:24:00,Brasil,ACRE,PORTO ACRE,Amazônia
 1654812212 ,acb7b4fd-c5c9-3059-b75e-1916c4afb503,   -9.702650 ,  -67.521260 ,2023-10-06 18:24:00,Brasil,ACRE,PORTO ACRE,Amazônia
 1654812213 ,21224977-afc5-3830-9e19-e2f740b2535c,   -9.602060 ,  -67.463750 ,2023-10-06 18:24:00,Brasil,ACRE,PORTO ACRE,Amazônia
 1654812214 ,55b165e8-25ad-3a66-a4d0-0e79695a6328,   -9.600700 ,  -67.454100 ,2023-10-06 18:24:00,Brasil,ACRE,PORTO ACRE,Amazônia
 1654812215 ,27d97526-3cd9-33c7-b20f-30cca3054f76,   -9.548210 ,  -68.255580 ,2023-10-06 18:24:00,Brasil,ACRE,BUJARI,Amazônia
 1654812217 ,6cf4c87d-3833-30f8-aa6d-ec72a58d570f,   -9.450660 ,  -68.039910 ,2023-10-06 18:24:00,Brasil,ACRE,BUJARI,Amazônia
 1654812218 ,551c8dd7-fba8-3c98-b374-faac76474cd0,   -9.444560 ,  -68.307520 ,2023-10-06 18:24:00,Brasil,ACRE,BUJARI,Amazônia
 1654812219 ,a7ab44be-b1a8-3bf5-b826-fa43982bd0fe,   -9.420700 ,  -68.205490 ,2023-10-06 18:24:00,Brasil,ACRE,BUJARI,Amazônia
 1654812220 ,94bf9607-a6b9-3ea4-80ce-b65af6dd2f76,   -9.399220 ,  -68.261010 ,2023-10-06 18:24:00,Brasil,ACRE,BUJARI,Amazônia
 1654812221 ,6094ea75-db49-3122-aef6-79c04280a525,   -9.396750 ,  -68.314270 ,2023-10-06 18:24:00,Brasil,ACRE,BUJARI,Amazônia
 1654812222 ,db55a575-b003-3c6a-9318-1e04bef13fe8,   -9.395340 ,  -68.303870 ,2023-10-06 18:24:00,Brasil,ACRE,BUJARI,Amazônia
 1654812223 ,a1856a2f-f8b1-36a3-888f-e57f9ff986b0,   -9.393060 ,  -68.321400 ,2023-10-06 18:24:00,Brasil,ACRE,BUJARI,Amazônia
 1654812224 ,7ecae8a0-e8b1-306a-8ef7-69748cbdb94c,   -9.389690 ,  -68.262380 ,2023-10-06 18:24:00,Brasil,ACRE,BUJARI,Amazônia
 1654812225 ,d81793ad-4bf2-3c81-8c5d-d8d175f32330,   -9.383500 ,  -68.322730 ,2023-10-06 18:24:00,Brasil,ACRE,BUJARI,Amazônia
 1654812226 ,5882a44d-94ce-3dd3-94df-80741ec83fbc,  -10.114070 ,  -68.288120 ,2023-10-06 18:24:00,Brasil,ACRE,RIO BRANCO,Amazônia
 1654812227 ,5c5bb334-2029-38d0-907f-bc52b26aab55,  -10.108060 ,  -68.386520 ,2023-10-06 18:24:00,Brasil,ACRE,RIO BRANCO,Amazônia
 1654812228 ,0324edef-bc69-37b2-99ab-7526698876ff,  -10.100040 ,  -68.257830 ,2023-10-06 18:24:00,Brasil,ACRE,RIO BRANCO,Amazônia
 1654812229 ,dd145e35-a3bf-3102-b6c7-092412e0238e,  -10.098580 ,  -68.247350 ,2023-10-06 18:24:00,Brasil,ACRE,RIO BRANCO,Amazônia
 1654812230 ,de7794e2-f6ad-3e2f-894f-349c05610016,  -10.057760 ,  -68.306910 ,2023-10-06 18:24:00,Brasil,ACRE,RIO BRANCO,Amazônia
 1654812231 ,82edbdb1-6984-387d-aa25-2bfb1c6e9393,  -10.809500 ,  -68.359350 ,2023-10-06 18:24:00,Brasil,ACRE,XAPURI,Amazônia
 1654812232 ,23e2eb5f-acb8-3005-aa7e-88dc307e7e70,  -10.799760 ,  -68.360790 ,2023-10-06 18:24:00,Brasil,ACRE,XAPURI,Amazônia
 1654812233 ,9d2f99ab-ec75-365b-947f-fb0358de3746,  -10.798290 ,  -68.349910 ,2023-10-06 18:24:00,Brasil,ACRE,XAPURI,Amazônia
 1654812234 ,5406d4b0-8c64-38eb-a945-8fdb9f33f2ad,  -10.796390 ,  -68.484380 ,2023-10-06 18:24:00,Brasil,ACRE,XAPURI,Amazônia
 1654812235 ,b9ed993d-9f69-39f7-9d6d-e22df58d92e8,  -10.794910 ,  -68.473280 ,2023-10-06 18:24:00,Brasil,ACRE,XAPURI,Amazônia
 1654812236 ,54ad16be-0857-3feb-968d-67b43d8b61ae,  -10.794450 ,  -68.478940 ,2023-10-06 18:24:00,Brasil,ACRE,XAPURI,Amazônia
 1654812237 ,449b9cd9-5d50-3e4d-b814-6d0e8fcf62b8,  -10.771950 ,  -68.757230 ,2023-10-06 18:24:00,Brasil,ACRE,EPITACIOLÂNDIA,Amazônia
 1654812238 ,7f03eddd-387f-3fa3-a5da-ff0c91be1b95,  -10.759360 ,  -68.966930 ,2023-10-06 18:24:00,Brasil,ACRE,XAPURI,Amazônia
 1654812239 ,d67d7916-ec9a-3754-bba8-a54881ebd1ba,  -10.687660 ,  -68.893300 ,2023-10-06 18:24:00,Brasil,ACRE,XAPURI,Amazônia
 1654812241 ,566d9a91-d460-3cad-aa0a-ee35c8797e09,  -10.632780 ,  -68.859280 ,2023-10-06 18:24:00,Brasil,ACRE,XAPURI,Amazônia
 1654812242 ,0ce2abda-433d-33ca-9835-058964d5d805,  -10.526030 ,  -68.517720 ,2023-10-06 18:24:00,Brasil,ACRE,XAPURI,Amazônia
 1654812243 ,6cfcba84-ed2f-3f55-8f12-671986d6103e,  -10.524570 ,  -68.524330 ,2023-10-06 18:24:00,Brasil,ACRE,XAPURI,Amazônia
 1654812244 ,88b282ca-cd5a-337d-801e-c414106b6c3f,  -10.523030 ,  -68.513280 ,2023-10-06 18:24:00,Brasil,ACRE,XAPURI,Amazônia
 1654812245 ,fe1d3f99-ce8e-36be-ae00-cc337d7040e3,  -10.521500 ,  -68.502300 ,2023-10-06 18:24:00,Brasil,ACRE,XAPURI,Amazônia
 1654812246 ,148726d5-c18e-3334-a779-052bd239b54c,  -10.507560 ,  -68.918660 ,2023-10-06 18:24:00,Brasil,ACRE,XAPURI,Amazônia
 1654812247 ,1fa75239-82b2-3464-8f08-ddd7ca2679b2,  -10.481440 ,  -68.723730 ,2023-10-06 18:24:00,Brasil,ACRE,XAPURI,Amazônia
 1654812248 ,ef6bc339-77f4-370e-957e-02117c02f89f,  -10.479920 ,  -68.712420 ,2023-10-06 18:24:00,Brasil,ACRE,XAPURI,Amazônia
 1654812249 ,71a46de2-809d-3827-be12-db9970143d23,  -10.477800 ,  -68.474860 ,2023-10-06 18:24:00,Brasil,ACRE,XAPURI,Amazônia
 1654812250 ,b4e366ab-6cfc-3c74-8e5c-8f991c4160c6,  -10.471710 ,  -68.576890 ,2023-10-06 18:24:00,Brasil,ACRE,XAPURI,Amazônia
 1654812251 ,334490d9-7531-3abe-9c96-c0c31ff3399a,  -10.454790 ,  -68.825710 ,2023-10-06 18:24:00,Brasil,ACRE,XAPURI,Amazônia
 1654812252 ,fae3d8fe-ef92-3bd3-a435-2ebdac96637f,  -10.452030 ,  -68.579610 ,2023-10-06 18:24:00,Brasil,ACRE,XAPURI,Amazônia
 1654812253 ,362703ae-8fcc-3a29-b77b-1cfeae5ab4be,  -10.412420 ,  -68.590900 ,2023-10-06 18:24:00,Brasil,ACRE,XAPURI,Amazônia
 1654812254 ,b61c9f3c-0392-307b-9a75-bd1463aa4172,  -10.366200 ,  -68.619930 ,2023-10-06 18:24:00,Brasil,ACRE,XAPURI,Amazônia
 1654812255 ,c1bf5d40-3e75-351e-b668-3c880fd279eb,  -10.363230 ,  -68.597820 ,2023-10-06 18:24:00,Brasil,ACRE,XAPURI,Amazônia
 1654812256 ,9adc0c85-1c02-30d1-b2b8-a4f6c6afe8e5,  -10.361740 ,  -68.586750 ,2023-10-06 18:24:00,Brasil,ACRE,XAPURI,Amazônia
 1654812257 ,15e968a5-2e15-32b8-959d-d5a7a100c811,  -10.318960 ,  -68.805000 ,2023-10-06 18:24:00,Brasil,ACRE,RIO BRANCO,Amazônia
 1654812258 ,ea74f3d5-8e0f-3844-8a69-6abb9194cd47,  -10.315860 ,  -68.633650 ,2023-10-06 18:24:00,Brasil,ACRE,XAPURI,Amazônia
 1654812259 ,d52c38e3-716d-32f0-a712-3354177c4388,  -10.311310 ,  -68.748370 ,2023-10-06 18:24:00,Brasil,ACRE,RIO BRANCO,Amazônia
 1654812260 ,2885f5ac-afe2-3ed0-b62b-21153b5df6ab,  -10.309780 ,  -68.737070 ,2023-10-06 18:24:00,Brasil,ACRE,RIO BRANCO,Amazônia
 1654812261 ,f05d85a2-30e5-3499-93e8-7cad54ca25fa,  -10.269940 ,  -68.817430 ,2023-10-06 18:24:00,Brasil,ACRE,RIO BRANCO,Amazônia
 1654812262 ,0e7e8f14-f6ac-3078-8a5e-d1525a195719,  -10.258700 ,  -68.590930 ,2023-10-06 18:24:00,Brasil,ACRE,RIO BRANCO,Amazônia
 1654812263 ,f4941122-d178-300c-bd04-7283a6ddad92,  -10.242310 ,  -68.763720 ,2023-10-06 18:24:00,Brasil,ACRE,RIO BRANCO,Amazônia
 1654812264 ,a8bec502-dc9a-3bc6-b83e-daa042ed0033,  -10.222450 ,  -68.766420 ,2023-10-06 18:24:00,Brasil,ACRE,RIO BRANCO,Amazônia
 1654812265 ,5161dac0-f765-360f-aede-7d584d65bf3c,  -10.211010 ,  -68.756520 ,2023-10-06 18:24:00,Brasil,ACRE,RIO BRANCO,Amazônia
 1654812266 ,80932f62-7c9e-3f10-81c2-2c4673f66388,  -10.196600 ,  -68.724330 ,2023-10-06 18:24:00,Brasil,ACRE,RIO BRANCO,Amazônia
 1654812267 ,7dbbac63-46d4-3f8e-ae48-2b63fc35adea,  -10.173320 ,  -68.625590 ,2023-10-06 18:24:00,Brasil,ACRE,RIO BRANCO,Amazônia
 1654812268 ,fd7df9a1-47a2-3b77-80be-0b8169a0e7b7,  -10.171440 ,  -68.700210 ,2023-10-06 18:24:00,Brasil,ACRE,RIO BRANCO,Amazônia
 1654812269 ,d2fd0a7b-bb0c-311d-bf0f-de8dcacd0043,  -10.169900 ,  -68.689090 ,2023-10-06 18:24:00,Brasil,ACRE,RIO BRANCO,Amazônia
 1654812270 ,4e52b64c-3baa-388c-80c2-334318dd3fbe,  -10.161580 ,  -68.701620 ,2023-10-06 18:24:00,Brasil,ACRE,RIO BRANCO,Amazônia
 1654812271 ,2f11ca51-90c7-3c50-8ed1-fba67e861021,  -10.160040 ,  -68.690500 ,2023-10-06 18:24:00,Brasil,ACRE,RIO BRANCO,Amazônia
 1654812272 ,02692140-c66b-37d2-ba64-d18cfe9432cb,  -10.157620 ,  -68.600650 ,2023-10-06 18:24:00,Brasil,ACRE,RIO BRANCO,Amazônia
 1654812293 ,2c226609-10e9-3b20-9bf4-89958b3f305d,  -10.908410 ,  -68.261640 ,2023-10-06 18:24:00,Brasil,ACRE,XAPURI,Amazônia
 1654812294 ,7d727d84-a8e9-3f00-871a-440218bd89d7,  -10.902530 ,  -68.218730 ,2023-10-06 18:24:00,Brasil,ACRE,XAPURI,Amazônia
 1654812295 ,92ab8ba4-d3d3-361c-88e0-3f7a7814be43,  -10.898710 ,  -68.263060 ,2023-10-06 18:24:00,Brasil,ACRE,XAPURI,Amazônia
 1654812296 ,bce0482f-ec07-3c66-ac74-a61b0104e858,  -10.893940 ,  -68.374240 ,2023-10-06 18:24:00,Brasil,ACRE,XAPURI,Amazônia
 1654812297 ,c1a002a9-30d9-328d-9627-e4c845900923,  -10.885630 ,  -68.386570 ,2023-10-06 18:24:00,Brasil,ACRE,XAPURI,Amazônia
 1654812298 ,22fbd95d-3ef6-30ef-8ca2-684f69490402,  -10.884170 ,  -68.375660 ,2023-10-06 18:24:00,Brasil,ACRE,XAPURI,Amazônia
 1654812304 ,d37ba85c-13a6-3f6f-91c2-e0d1fdce61b5,  -10.994690 ,  -68.820100 ,2023-10-06 18:24:00,Brasil,ACRE,BRASILÉIA,Amazônia
 1654812305 ,24b43aa3-5a09-3581-a878-4a05de33a5c7,  -10.864570 ,  -68.691980 ,2023-10-06 18:24:00,Brasil,ACRE,EPITACIOLÂNDIA,Amazônia
 1654812701 ,016a6855-14b9-3cbd-8cf5-c3d4379e2a97,   -9.995300 ,  -66.855920 ,2023-10-06 18:24:00,Brasil,ACRE,ACRELÂNDIA,Amazônia
 1654812702 ,2856777d-c6a8-339b-8bd1-aa678673f2f3,   -9.986250 ,  -66.857260 ,2023-10-06 18:24:00,Brasil,ACRE,ACRELÂNDIA,Amazônia
 1654812703 ,fc8a3e76-d861-3837-8e29-1f332c12031a,   -9.978660 ,  -66.934230 ,2023-10-06 18:24:00,Brasil,ACRE,ACRELÂNDIA,Amazônia
 1654812704 ,4a1ef9d4-c6fa-37bc-adef-287a75c234bb,   -9.950050 ,  -66.862530 ,2023-10-06 18:24:00,Brasil,ACRE,ACRELÂNDIA,Amazônia
 1654812705 ,7ae62b1e-5429-3aa9-ac30-df4f8cd2d0a3,   -9.944710 ,  -66.759450 ,2023-10-06 18:24:00,Brasil,ACRE,ACRELÂNDIA,Amazônia
 1654812706 ,75b8a303-92fe-3e60-8c18-396f960ee809,   -9.943400 ,  -66.750210 ,2023-10-06 18:24:00,Brasil,ACRE,ACRELÂNDIA,Amazônia
 1654812707 ,f9464d2e-1da9-3ced-a2e1-cae229aea6fe,   -9.883440 ,  -66.850350 ,2023-10-06 18:24:00,Brasil,ACRE,ACRELÂNDIA,Amazônia
 1654812722 ,096a4d95-0b8e-30cc-8750-08915c501558,  -10.003220 ,  -66.911640 ,2023-10-06 18:24:00,Brasil,ACRE,ACRELÂNDIA,Amazônia
 1654812847 ,d3c81a04-704e-3e18-afb4-5f6e4c57ae52,  -10.728740 ,  -69.488190 ,2023-10-06 18:24:00,Brasil,ACRE,ASSIS BRASIL,Amazônia
 1654812848 ,e3d30a3a-45e4-3a2c-a507-9c47fd40c2b8,  -10.694860 ,  -69.637020 ,2023-10-06 18:24:00,Brasil,ACRE,BRASILÉIA,Amazônia
 1654812849 ,2e997f82-111b-34b1-ba94-29a0b61d4063,  -10.693150 ,  -69.624020 ,2023-10-06 18:24:00,Brasil,ACRE,BRASILÉIA,Amazônia
 1654812850 ,926c3420-a39d-34be-a2f9-2855a488e626,  -10.684250 ,  -69.638480 ,2023-10-06 18:24:00,Brasil,ACRE,BRASILÉIA,Amazônia
 1654812851 ,e60e7ec6-ffc1-3220-8ad7-fc4395761bd6,  -10.682550 ,  -69.625470 ,2023-10-06 18:24:00,Brasil,ACRE,BRASILÉIA,Amazônia
 1654812852 ,f3f2cc9e-96c4-311f-a687-d05829444ad4,  -10.677650 ,  -69.632610 ,2023-10-06 18:24:00,Brasil,ACRE,BRASILÉIA,Amazônia
 1654812853 ,feeb8193-5e52-3748-a58f-5517be2a4af5,  -10.589240 ,  -69.976750 ,2023-10-06 18:24:00,Brasil,ACRE,ASSIS BRASIL,Amazônia
 1654812854 ,2ea496dc-5260-3b7c-a960-2672e1b162af,  -10.548530 ,  -69.511960 ,2023-10-06 18:24:00,Brasil,ACRE,ASSIS BRASIL,Amazônia
 1654812855 ,09ca94c4-3d2e-3f6c-88d9-bb865beffe87,  -10.532480 ,  -69.631890 ,2023-10-06 18:24:00,Brasil,ACRE,ASSIS BRASIL,Amazônia
 1654812856 ,dda11755-f1d7-339e-b023-5f127e50fbaa,  -10.474570 ,  -69.489910 ,2023-10-06 18:24:00,Brasil,ACRE,SENA MADUREIRA,Amazônia
 1654812857 ,6ef39397-7939-33d3-a4be-88f43bcd9b4d,  -10.471830 ,  -69.496680 ,2023-10-06 18:24:00,Brasil,ACRE,SENA MADUREIRA,Amazônia
 1654812858 ,f4a37bab-51bd-3c25-87e2-088508297330,  -10.470180 ,  -69.484010 ,2023-10-06 18:24:00,Brasil,ACRE,SENA MADUREIRA,Amazônia
 1654812859 ,9dc98894-c55d-3ba5-aa9d-25dafa185509,  -10.446030 ,  -69.756840 ,2023-10-06 18:24:00,Brasil,ACRE,SENA MADUREIRA,Amazônia
 1654812860 ,af2a72f3-a2e9-3baa-8e3a-1c8f1c3022de,  -10.437390 ,  -69.691400 ,2023-10-06 18:24:00,Brasil,ACRE,SENA MADUREIRA,Amazônia
 1654812861 ,a56c49ea-a1f6-32c1-9bef-46ad3ca4ec95,  -10.428490 ,  -69.705870 ,2023-10-06 18:24:00,Brasil,ACRE,SENA MADUREIRA,Amazônia
 1654812862 ,769c0650-fc7a-386d-987e-b93beec9f98b,  -10.426780 ,  -69.692860 ,2023-10-06 18:24:00,Brasil,ACRE,SENA MADUREIRA,Amazônia
 1654812863 ,ff145908-2650-32ef-badc-264262d741c3,  -10.416160 ,  -69.694210 ,2023-10-06 18:24:00,Brasil,ACRE,SENA MADUREIRA,Amazônia
 1654812864 ,5d22afed-e7b9-36a6-bebd-519ac13aa9e6,  -10.414470 ,  -69.681300 ,2023-10-06 18:24:00,Brasil,ACRE,ASSIS BRASIL,Amazônia
 1654812865 ,5cf99f95-2e5e-379b-86fb-2e77eaec1ec9,  -10.392130 ,  -69.592430 ,2023-10-06 18:24:00,Brasil,ACRE,ASSIS BRASIL,Amazônia
 1654812866 ,ac977a1b-d5bd-36a4-b10d-bb02fb9d2e05,   -9.616380 ,  -69.115770 ,2023-10-06 18:24:00,Brasil,ACRE,SENA MADUREIRA,Amazônia
 1654812867 ,1c4fcc17-d394-3faf-96bd-c142e0939717,   -9.484790 ,  -70.462150 ,2023-10-06 18:24:00,Brasil,ACRE,SANTA ROSA DO PURUS,Amazônia
 1654812868 ,ca142fa9-9157-31b1-8fcf-97915b6c4755,  -10.655810 ,  -69.420790 ,2023-10-06 18:24:00,Brasil,ACRE,BRASILÉIA,Amazônia
 1654812869 ,74c31387-2918-322a-9b5f-914a704c747b,  -10.628920 ,  -69.354520 ,2023-10-06 18:24:00,Brasil,ACRE,BRASILÉIA,Amazônia
 1654812870 ,add73b28-c08b-3eff-b807-021861b2c600,  -10.561740 ,  -69.326100 ,2023-10-06 18:24:00,Brasil,ACRE,BRASILÉIA,Amazônia
 1654812871 ,0c0c1485-9dbd-300a-bcc2-ff6f8ddbe969,  -10.560110 ,  -69.313770 ,2023-10-06 18:24:00,Brasil,ACRE,BRASILÉIA,Amazônia
 1654812872 ,ae2d788b-ddc1-31fe-9cc7-2cc7b6f8bda3,  -10.548150 ,  -69.302890 ,2023-10-06 18:24:00,Brasil,ACRE,BRASILÉIA,Amazônia
 1654812873 ,144b4b91-385b-3bd8-8a05-e5c7db365c3d,  -10.542310 ,  -69.179480 ,2023-10-06 18:24:00,Brasil,ACRE,BRASILÉIA,Amazônia
 1654812889 ,f34eebaa-f18c-35b4-8835-57f6e8b715e7,   -7.921500 ,  -70.923840 ,2023-10-06 18:24:00,Brasil,ACRE,TARAUACÁ,Amazônia
 1654812890 ,ed51c490-14be-311d-a5c3-a2e7b9851432,   -7.971540 ,  -70.628050 ,2023-10-06 18:24:00,Brasil,ACRE,FEIJÓ,Amazônia
 1654812891 ,c49214f3-244f-3422-b178-82deb5c20554,   -7.972770 ,  -70.622680 ,2023-10-06 18:24:00,Brasil,ACRE,FEIJÓ,Amazônia
 1654812898 ,36a80415-da2c-3a64-8cec-2fa7d178ad1c,   -7.919440 ,  -70.916070 ,2023-10-06 18:24:00,Brasil,ACRE,TARAUACÁ,Amazônia
 1654812899 ,e2561afd-0d79-3e2d-9a52-cbf296bb3a51,   -7.861940 ,  -70.663880 ,2023-10-06 18:24:00,Brasil,ACRE,TARAUACÁ,Amazônia
 1654812900 ,84754c2e-b14c-3029-8df9-9c74b87b6d92,   -7.846550 ,  -70.881870 ,2023-10-06 18:24:00,Brasil,ACRE,TARAUACÁ,Amazônia
 1654812904 ,0cfc2dbf-2643-33eb-9929-cfa1dfd8192c,   -8.794800 ,  -70.780680 ,2023-10-06 18:24:00,Brasil,ACRE,FEIJÓ,Amazônia
 1654812905 ,37c57c32-b7aa-3ec1-9b9b-4fdf317f1f8f,   -8.792810 ,  -70.766020 ,2023-10-06 18:24:00,Brasil,ACRE,FEIJÓ,Amazônia
 1654812906 ,dad83a82-0311-3840-87b3-239abee8a460,   -8.786250 ,  -71.301490 ,2023-10-06 18:24:00,Brasil,ACRE,TARAUACÁ,Amazônia
 1654812907 ,07bed94d-8e80-3ebf-bf5a-6e1a1c670091,   -8.698120 ,  -70.739980 ,2023-10-06 18:24:00,Brasil,ACRE,FEIJÓ,Amazônia
 1654812908 ,ec9cae2d-47e4-3a74-98e9-b684d804e4c7,   -8.692790 ,  -71.043530 ,2023-10-06 18:24:00,Brasil,ACRE,TARAUACÁ,Amazônia
 1654812909 ,11551473-013e-33ba-a0d5-97a8ca09595c,   -8.690790 ,  -71.028330 ,2023-10-06 18:24:00,Brasil,ACRE,TARAUACÁ,Amazônia
 1654812910 ,1957ca16-a2b7-3aae-85be-aa105f89cbf9,   -8.677360 ,  -71.014630 ,2023-10-06 18:24:00,Brasil,ACRE,TARAUACÁ,Amazônia
 1654812911 ,e8c24c97-7dbc-3a99-b454-902f30b3c418,   -8.667700 ,  -71.022790 ,2023-10-06 18:24:00,Brasil,ACRE,TARAUACÁ,Amazônia
 1654812912 ,34b631ea-45c2-393b-abd7-b271d1b92a1c,   -8.665950 ,  -71.016170 ,2023-10-06 18:24:00,Brasil,ACRE,TARAUACÁ,Amazônia
 1654812913 ,ec1064d8-ee38-308e-8fae-a138a2b56943,   -8.665620 ,  -71.007720 ,2023-10-06 18:24:00,Brasil,ACRE,TARAUACÁ,Amazônia
 1654812914 ,113ae90b-ac80-37bd-a9dd-eb5ec403d8ad,   -8.656280 ,  -71.024310 ,2023-10-06 18:24:00,Brasil,ACRE,TARAUACÁ,Amazônia
 1654812915 ,823a0e3c-6158-385a-88a2-fd3df1f67323,   -8.654530 ,  -71.017720 ,2023-10-06 18:24:00,Brasil,ACRE,TARAUACÁ,Amazônia
 1654812916 ,980adc6d-4d2e-38f5-8ef0-c92269d8265a,   -8.654210 ,  -71.009220 ,2023-10-06 18:24:00,Brasil,ACRE,TARAUACÁ,Amazônia
 1654812917 ,ed6bc3c3-c135-34ce-b4dd-51e46cb011c8,   -8.541710 ,  -70.857270 ,2023-10-06 18:24:00,Brasil,ACRE,TARAUACÁ,Amazônia
 1654812918 ,5ca9d784-3567-3b1d-ab11-fa7b8af7b9ab,   -8.540900 ,  -70.847610 ,2023-10-06 18:24:00,Brasil,ACRE,TARAUACÁ,Amazônia
 1654812919 ,298ad68b-4077-3dbf-be6a-fa2845d1cb9b,   -8.539800 ,  -70.842550 ,2023-10-06 18:24:00,Brasil,ACRE,TARAUACÁ,Amazônia
 1654812920 ,32b0a8d8-46b5-3d71-892f-40746dae4807,   -8.531680 ,  -70.863940 ,2023-10-06 18:24:00,Brasil,ACRE,TARAUACÁ,Amazônia
 1654812921 ,3ad95693-2a20-3141-90ab-2850bb5f708a,   -8.529670 ,  -70.849190 ,2023-10-06 18:24:00,Brasil,ACRE,TARAUACÁ,Amazônia
 1654812922 ,d8f6c88e-9d69-3cfd-bdd2-03a220f225a5,   -8.527670 ,  -70.834480 ,2023-10-06 18:24:00,Brasil,ACRE,TARAUACÁ,Amazônia
 1654812923 ,4c9f253d-2a7c-3eb6-b14e-c18edd9fabb9,   -8.501560 ,  -71.408130 ,2023-10-06 18:24:00,Brasil,ACRE,TARAUACÁ,Amazônia
 1654812924 ,1e83fb66-2b34-341a-97d1-1d08f070d5c5,   -8.499380 ,  -71.391880 ,2023-10-06 18:24:00,Brasil,ACRE,TARAUACÁ,Amazônia
 1654812925 ,6f994f7e-ff57-3dc0-9f2c-149e516be5aa,   -8.441290 ,  -70.793790 ,2023-10-06 18:24:00,Brasil,ACRE,TARAUACÁ,Amazônia
 1654812926 ,8b7f4066-97b0-3bee-97cc-d7057d9c2628,   -8.363710 ,  -70.809530 ,2023-10-06 18:24:00,Brasil,ACRE,TARAUACÁ,Amazônia
 1654812927 ,2b0ac703-6c56-37b3-b923-e0c44d4b9520,   -8.352530 ,  -70.811010 ,2023-10-06 18:24:00,Brasil,ACRE,TARAUACÁ,Amazônia
 1654812928 ,8f35fb11-9d62-3741-beea-d080da46aa62,   -8.348080 ,  -70.945790 ,2023-10-06 18:24:00,Brasil,ACRE,TARAUACÁ,Amazônia
 1654812930 ,45e0b8db-ce60-36e1-9ccf-0c19dc1fb594,   -8.266960 ,  -70.852230 ,2023-10-06 18:24:00,Brasil,ACRE,TARAUACÁ,Amazônia
 1654812931 ,f3d43389-136c-3681-8ff2-be1e69b676b9,   -8.263770 ,  -70.919240 ,2023-10-06 18:24:00,Brasil,ACRE,TARAUACÁ,Amazônia
 1654812932 ,f298b983-152b-3e15-9965-2624353ab4e9,   -8.209860 ,  -71.031990 ,2023-10-06 18:24:00,Brasil,ACRE,TARAUACÁ,Amazônia
 1654812933 ,44d4270e-e87a-364b-b439-4133c9fb172f,   -8.112920 ,  -70.900060 ,2023-10-06 18:24:00,Brasil,ACRE,TARAUACÁ,Amazônia
 1654812934 ,d955d15d-abf2-30e6-92d0-cce62f33ad81,   -8.073100 ,  -71.295940 ,2023-10-06 18:24:00,Brasil,ACRE,TARAUACÁ,Amazônia
 1654812935 ,035c69e6-ed0f-3235-9914-b17b9f5f2d21,   -8.072910 ,  -71.032560 ,2023-10-06 18:24:00,Brasil,ACRE,TARAUACÁ,Amazônia
 1654812936 ,36ba6791-8112-32b8-a9d3-d0c019437d19,   -8.070890 ,  -71.017660 ,2023-10-06 18:24:00,Brasil,ACRE,TARAUACÁ,Amazônia
 1654812937 ,bec44433-11e3-3e25-8130-15f19260d49b,   -8.061600 ,  -71.034150 ,2023-10-06 18:24:00,Brasil,ACRE,TARAUACÁ,Amazônia
 1654812938 ,e9246554-0c70-3cfc-b38e-45489f910c54,   -8.043970 ,  -71.252690 ,2023-10-06 18:24:00,Brasil,ACRE,TARAUACÁ,Amazônia
 1654812939 ,27838461-b0d1-3ab7-9c5c-3226f88a9ada,   -8.018040 ,  -71.214340 ,2023-10-06 18:24:00,Brasil,ACRE,TARAUACÁ,Amazônia
 1654812940 ,35112db3-87ba-3c9a-9903-c1e2ccc03384,   -8.013050 ,  -70.925960 ,2023-10-06 18:24:00,Brasil,ACRE,TARAUACÁ,Amazônia
 1654812941 ,deaecfb8-4bd5-3805-881f-6d4bf85dcedd,   -8.012160 ,  -70.920980 ,2023-10-06 18:24:00,Brasil,ACRE,TARAUACÁ,Amazônia
 1654812943 ,efa1302d-8d70-32c9-82b2-59e06de0355e,   -8.010240 ,  -70.906360 ,2023-10-06 18:24:00,Brasil,ACRE,TARAUACÁ,Amazônia
 1654812944 ,a3127581-2189-3635-b234-28e93deb9eec,   -7.977440 ,  -70.915980 ,2023-10-06 18:24:00,Brasil,ACRE,TARAUACÁ,Amazônia
 1654812945 ,47aa5e97-223b-3dd3-9c28-69424fc2468e,   -7.892280 ,  -71.493760 ,2023-10-06 18:24:00,Brasil,ACRE,TARAUACÁ,Amazônia
 1654812946 ,a64cd40d-a3b5-34c7-9ac9-db199e32c40d,   -7.858030 ,  -71.652040 ,2023-10-06 18:24:00,Brasil,ACRE,TARAUACÁ,Amazônia
 1654812947 ,68f466ea-9d56-3197-a9d9-36a49b7f11e7,   -7.897210 ,  -71.498060 ,2023-10-06 18:24:00,Brasil,ACRE,TARAUACÁ,Amazônia
 1654812948 ,f73de789-4879-3f42-925d-e01f6a17f950,   -7.869870 ,  -71.650410 ,2023-10-06 18:24:00,Brasil,ACRE,TARAUACÁ,Amazônia
 1654812949 ,0f510b9b-3b50-3d29-896d-bfeec1d328aa,   -8.284540 ,  -70.560780 ,2023-10-06 18:24:00,Brasil,ACRE,FEIJÓ,Amazônia
 1654812950 ,8884487b-5a1d-3569-9df2-0fd15901f5ee,   -8.266940 ,  -70.859040 ,2023-10-06 18:24:00,Brasil,ACRE,TARAUACÁ,Amazônia
 1654812951 ,46ed2206-9ddc-388d-b97c-c7fc02917ef7,   -8.264940 ,  -70.844530 ,2023-10-06 18:24:00,Brasil,ACRE,TARAUACÁ,Amazônia
 1654812952 ,7b2c0072-130c-3c5a-aa0c-85b039dd011b,   -8.209780 ,  -71.022050 ,2023-10-06 18:24:00,Brasil,ACRE,TARAUACÁ,Amazônia
 1654812953 ,0e70688c-b8a0-32f0-ad40-28231f79c3ce,   -8.207900 ,  -71.017050 ,2023-10-06 18:24:00,Brasil,ACRE,TARAUACÁ,Amazônia
 1654812954 ,63895edb-ce11-300f-b6ab-4b9c5ac78281,   -8.182950 ,  -70.252010 ,2023-10-06 18:24:00,Brasil,ACRE,FEIJÓ,Amazônia
 1654812955 ,49d14fa3-bdac-3890-8191-77d02bc7d511,   -8.169850 ,  -70.813690 ,2023-10-06 18:24:00,Brasil,ACRE,TARAUACÁ,Amazônia
 1654812956 ,322cfe5c-b581-3e0d-a75f-2d4e99f78a19,   -8.168260 ,  -70.804620 ,2023-10-06 18:24:00,Brasil,ACRE,TARAUACÁ,Amazônia
 1654812957 ,b6f6eaff-6fd4-3438-9ef0-a3a83d60ca4f,   -8.118550 ,  -70.525470 ,2023-10-06 18:24:00,Brasil,ACRE,FEIJÓ,Amazônia
 1654812958 ,4f7f8bcb-45d2-3b44-a3fd-607867784bf5,   -8.115140 ,  -71.258800 ,2023-10-06 18:24:00,Brasil,ACRE,TARAUACÁ,Amazônia
 1654812960 ,b608c9d4-991e-35f2-bf03-dea3c0037964,   -8.113050 ,  -71.243350 ,2023-10-06 18:24:00,Brasil,ACRE,TARAUACÁ,Amazônia
 1654812961 ,40f24ad9-cd8c-3aa3-a022-54cdc35dc0e8,   -8.075430 ,  -70.787850 ,2023-10-06 18:24:00,Brasil,ACRE,TARAUACÁ,Amazônia
 1654812962 ,5e20711c-4d7d-3d4f-a3ee-391d36969797,   -8.072700 ,  -70.780540 ,2023-10-06 18:24:00,Brasil,ACRE,TARAUACÁ,Amazônia
 1654812963 ,2695146a-305d-31d0-9af3-055e98abd63e,   -8.065220 ,  -71.301930 ,2023-10-06 18:24:00,Brasil,ACRE,TARAUACÁ,Amazônia
 1654812964 ,41224999-9902-393a-b878-a7af71eebe25,   -8.063590 ,  -71.049000 ,2023-10-06 18:24:00,Brasil,ACRE,TARAUACÁ,Amazônia
 1654812966 ,8300b422-b2f0-385b-87b8-11a372954d06,   -8.056980 ,  -70.914760 ,2023-10-06 18:24:00,Brasil,ACRE,TARAUACÁ,Amazônia
 1654812967 ,a7cc4bec-7757-310d-9ab9-6b3181334895,   -8.023370 ,  -70.919430 ,2023-10-06 18:24:00,Brasil,ACRE,TARAUACÁ,Amazônia
 1654812968 ,00004416-5b95-3bba-94b1-e663748f9914,   -8.021430 ,  -70.904820 ,2023-10-06 18:24:00,Brasil,ACRE,TARAUACÁ,Amazônia
 1654812969 ,a7c9b212-735d-36be-b4dd-318896e66b3e,   -8.017940 ,  -70.964900 ,2023-10-06 18:24:00,Brasil,ACRE,TARAUACÁ,Amazônia
 1654812970 ,026cde00-e049-3664-9c0d-fec34d093008,   -8.011010 ,  -70.911360 ,2023-10-06 18:24:00,Brasil,ACRE,TARAUACÁ,Amazônia
 1654812971 ,1803f6c6-a335-31b2-a649-c1686398deee,   -8.010570 ,  -70.996110 ,2023-10-06 18:24:00,Brasil,ACRE,TARAUACÁ,Amazônia
 1654812972 ,48ccb71e-48b6-3692-b3b0-a62ee9440508,   -8.008990 ,  -70.896790 ,2023-10-06 18:24:00,Brasil,ACRE,TARAUACÁ,Amazônia
 1654812973 ,6ad1b521-c1a7-32e7-a3db-6a3428375cd0,   -8.688190 ,  -70.490160 ,2023-10-06 18:24:00,Brasil,ACRE,FEIJÓ,Amazônia
 1654812974 ,d212643b-3ec9-3a3a-8333-a21644103011,   -8.687080 ,  -70.495710 ,2023-10-06 18:24:00,Brasil,ACRE,FEIJÓ,Amazônia
 1654812975 ,23bb07c8-0804-3fd4-b7b5-f6f762a0673c,   -8.601190 ,  -70.437000 ,2023-10-06 18:24:00,Brasil,ACRE,FEIJÓ,Amazônia
 1654812976 ,b7d7e6af-43c9-3b67-84e1-fde1b06a919f,   -8.599360 ,  -70.423200 ,2023-10-06 18:24:00,Brasil,ACRE,FEIJÓ,Amazônia
 1654812977 ,8b0f0929-4d7f-3bef-9651-320be2c56032,   -8.590290 ,  -70.438480 ,2023-10-06 18:24:00,Brasil,ACRE,FEIJÓ,Amazônia
 1654812978 ,b0f30734-ad94-3499-bcea-0a1c41143ab3,   -8.554490 ,  -70.284430 ,2023-10-06 18:24:00,Brasil,ACRE,FEIJÓ,Amazônia
 1654812979 ,331fb9e3-479c-30b4-84f5-ddbdb49ef7de,   -8.516890 ,  -70.330730 ,2023-10-06 18:24:00,Brasil,ACRE,FEIJÓ,Amazônia
 1654812980 ,2d823075-4b7d-3db2-b8f9-a878f19a5233,   -8.447850 ,  -70.332000 ,2023-10-06 18:24:00,Brasil,ACRE,FEIJÓ,Amazônia
 1654812981 ,0bf60b7d-86a0-376f-80a4-910cf0985995,   -8.361600 ,  -70.295990 ,2023-10-06 18:24:00,Brasil,ACRE,FEIJÓ,Amazônia
 1654812982 ,798c2bc2-1f84-3ff3-a022-c478667099e6,   -8.359770 ,  -70.282670 ,2023-10-06 18:24:00,Brasil,ACRE,FEIJÓ,Amazônia
 1654812983 ,435794a4-163d-32bc-96b2-95b681605aeb,   -8.319280 ,  -70.570050 ,2023-10-06 18:24:00,Brasil,ACRE,FEIJÓ,Amazônia
 1654812984 ,2f8ba646-b156-3d2c-97ea-e35f46ddd47b,   -8.318630 ,  -70.383800 ,2023-10-06 18:24:00,Brasil,ACRE,FEIJÓ,Amazônia
 1654812985 ,7094963a-59af-353b-b76e-8d8fcd2b3e24,   -8.249670 ,  -70.384960 ,2023-10-06 18:24:00,Brasil,ACRE,FEIJÓ,Amazônia
 1654812986 ,24618bd6-d3cf-3b67-bedc-ccf4e0011964,   -8.247860 ,  -70.371510 ,2023-10-06 18:24:00,Brasil,ACRE,FEIJÓ,Amazônia
 1654812987 ,c0cc43c7-163a-3045-8baa-6e48a3cbee20,   -8.215690 ,  -70.214010 ,2023-10-06 18:24:00,Brasil,ACRE,FEIJÓ,Amazônia
 1654812988 ,904fbe22-bd3e-3953-95dc-3c37f4aa3eb5,   -8.173010 ,  -70.582660 ,2023-10-06 18:24:00,Brasil,ACRE,TARAUACÁ,Amazônia
 1654812989 ,d6a4690e-1bb7-3a79-b1ff-1895456cb786,   -8.163930 ,  -70.598140 ,2023-10-06 18:24:00,Brasil,ACRE,TARAUACÁ,Amazônia
 1654812990 ,0a34561b-0a90-3fd7-ad24-2fcf64700cd0,   -8.162070 ,  -70.584190 ,2023-10-06 18:24:00,Brasil,ACRE,TARAUACÁ,Amazônia
 1654812991 ,0ab0b9b5-349c-3a39-951c-21fc12986769,   -8.093890 ,  -70.190120 ,2023-10-06 18:24:00,Brasil,ACRE,FEIJÓ,Amazônia
 1654812992 ,3c8e2e63-6830-332a-9d6d-14d3625ca1ae,   -8.058730 ,  -70.575910 ,2023-10-06 18:24:00,Brasil,ACRE,FEIJÓ,Amazônia
 1654812993 ,7ea7a3a8-4d91-3584-a586-a45fc64a5b30,   -8.056470 ,  -70.582970 ,2023-10-06 18:24:00,Brasil,ACRE,TARAUACÁ,Amazônia
 1654812994 ,65d8abf3-b7df-36a2-a8b6-cd5fc353257b,   -9.148310 ,  -71.634670 ,2023-10-06 18:24:00,Brasil,ACRE,JORDÃO,Amazônia
 1654812995 ,2addf68d-980b-3759-bdb7-e0ec71592f0d,   -9.018970 ,  -71.576930 ,2023-10-06 18:24:00,Brasil,ACRE,FEIJÓ,Amazônia
 1654812996 ,80c2ca2f-4482-37fe-b70c-d290140da7f2,   -9.013810 ,  -71.589940 ,2023-10-06 18:24:00,Brasil,ACRE,FEIJÓ,Amazônia
 1654812997 ,6b82e90e-9c5b-3b0e-a4f9-2d946fd2e2de,   -9.011620 ,  -71.572780 ,2023-10-06 18:24:00,Brasil,ACRE,FEIJÓ,Amazônia
 1654812998 ,7afd9635-59da-3e78-bb6f-fc2686c90681,   -8.873390 ,  -71.450330 ,2023-10-06 18:24:00,Brasil,ACRE,FEIJÓ,Amazônia
 1654813002 ,1181dfd7-612f-3432-8e06-c54bcfefaff6,   -7.945400 ,  -72.316520 ,2023-10-06 18:24:00,Brasil,ACRE,CRUZEIRO DO SUL,Amazônia
 1654813003 ,82c43f25-ae9f-3a57-962e-837d96af4083,   -7.908710 ,  -72.443570 ,2023-10-06 18:24:00,Brasil,ACRE,CRUZEIRO DO SUL,Amazônia
 1654813004 ,f1f7bfd7-e76f-3df3-8058-bf0de9dc3588,   -7.898600 ,  -72.273480 ,2023-10-06 18:24:00,Brasil,ACRE,CRUZEIRO DO SUL,Amazônia
 1654813005 ,65f480f4-4c04-30f8-8ed0-1244569d46d5,   -7.830010 ,  -72.344140 ,2023-10-06 18:24:00,Brasil,ACRE,CRUZEIRO DO SUL,Amazônia
 1654813006 ,5a157a97-0113-3f9d-b00b-ce8cebc6a1fe,   -7.828580 ,  -72.320440 ,2023-10-06 18:24:00,Brasil,ACRE,CRUZEIRO DO SUL,Amazônia
 1654813007 ,7e26ba5f-2c53-3c06-8bd8-6d2a88eb2bbc,   -7.827490 ,  -72.325710 ,2023-10-06 18:24:00,Brasil,ACRE,CRUZEIRO DO SUL,Amazônia
 1654813008 ,140dabff-c71d-3be6-a6e6-28b48329bd05,   -7.825900 ,  -73.008090 ,2023-10-06 18:24:00,Brasil,ACRE,RODRIGUES ALVES,Amazônia
 1654813009 ,274d902f-2285-3e7a-ae23-4a0e5d206327,   -7.823230 ,  -72.987110 ,2023-10-06 18:24:00,Brasil,ACRE,RODRIGUES ALVES,Amazônia
 1654813010 ,88badf54-263f-3643-9352-2fc80e5cb851,   -7.818430 ,  -72.340590 ,2023-10-06 18:24:00,Brasil,ACRE,CRUZEIRO DO SUL,Amazônia
 1654813011 ,5df153ac-c1fa-3122-a690-2b1c11255483,   -7.816070 ,  -72.322080 ,2023-10-06 18:24:00,Brasil,ACRE,CRUZEIRO DO SUL,Amazônia
 1654813012 ,4047e72a-5819-3319-97d3-43fb9682a85e,   -7.815030 ,  -72.422540 ,2023-10-06 18:24:00,Brasil,ACRE,CRUZEIRO DO SUL,Amazônia
 1654813013 ,229a8c4d-7a5c-32ef-b26a-6898430d4f12,   -7.785080 ,  -72.293870 ,2023-10-06 18:24:00,Brasil,ACRE,CRUZEIRO DO SUL,Amazônia
 1654813014 ,9e6c9395-807c-34f6-a8a9-bef8c165750a,   -7.728510 ,  -72.963770 ,2023-10-06 18:24:00,Brasil,ACRE,RODRIGUES ALVES,Amazônia
 1654813015 ,52629303-201d-3c49-9f51-ae92db356a1b,   -7.715380 ,  -72.965690 ,2023-10-06 18:24:00,Brasil,ACRE,RODRIGUES ALVES,Amazônia
 1654813016 ,e05f308a-a585-3fd3-9edd-8dc2bc807267,   -7.675550 ,  -72.352990 ,2023-10-06 18:24:00,Brasil,ACRE,CRUZEIRO DO SUL,Amazônia
 1654813017 ,88b51974-fe60-39a5-b28f-e03e8b577226,   -7.604850 ,  -72.805980 ,2023-10-06 18:24:00,Brasil,ACRE,CRUZEIRO DO SUL,Amazônia
 1654813018 ,18971063-7089-35ab-a4e5-99964c88aa8e,   -7.586110 ,  -72.667340 ,2023-10-06 18:24:00,Brasil,ACRE,CRUZEIRO DO SUL,Amazônia
 1654813019 ,79022d3c-8008-3171-8a1d-e7a5e2c36d97,   -7.585910 ,  -72.660420 ,2023-10-06 18:24:00,Brasil,ACRE,CRUZEIRO DO SUL,Amazônia
 1654813020 ,49c53fb9-f551-3a24-aa75-458e31878a3c,   -7.449700 ,  -73.110000 ,2023-10-06 18:24:00,Brasil,ACRE,MÂNCIO LIMA,Amazônia
 1654813034 ,328d577e-87c4-36b5-8d23-3a9e38a2739c,   -7.900770 ,  -72.266200 ,2023-10-06 18:24:00,Brasil,ACRE,CRUZEIRO DO SUL,Amazônia
 1654813035 ,9ab51030-e61c-3352-8b01-c64d98bc4bcb,   -7.896120 ,  -72.255100 ,2023-10-06 18:24:00,Brasil,ACRE,CRUZEIRO DO SUL,Amazônia
 1654813036 ,1701b6d4-aade-3be5-94b2-a058ad0d7f9e,   -7.835430 ,  -71.990170 ,2023-10-06 18:24:00,Brasil,ACRE,TARAUACÁ,Amazônia
 1654813037 ,531be492-76db-38c2-aafd-b63ebd5c2253,   -7.833090 ,  -71.972660 ,2023-10-06 18:24:00,Brasil,ACRE,TARAUACÁ,Amazônia
 1654813038 ,baad658d-8c5d-33f0-9eb5-319888bf92d8,   -7.830950 ,  -72.338900 ,2023-10-06 18:24:00,Brasil,ACRE,CRUZEIRO DO SUL,Amazônia
 1654813039 ,e52b10c3-90e7-33f3-a165-1d713b37c621,   -7.826250 ,  -72.993460 ,2023-10-06 18:24:00,Brasil,ACRE,RODRIGUES ALVES,Amazônia
 1654813040 ,3ab8fb87-03e1-3d0c-87e7-da647f480987,   -7.812500 ,  -72.403640 ,2023-10-06 18:24:00,Brasil,ACRE,CRUZEIRO DO SUL,Amazônia
 1654813041 ,68ae9c80-404a-3083-b15a-20d978da1044,   -7.809020 ,  -72.266900 ,2023-10-06 18:24:00,Brasil,ACRE,CRUZEIRO DO SUL,Amazônia
 1654813042 ,ffef54f6-38ed-331e-85fd-eb5b3e5c9d51,   -7.799920 ,  -72.405360 ,2023-10-06 18:24:00,Brasil,ACRE,CRUZEIRO DO SUL,Amazônia
 1654813043 ,4d499ea3-474a-35d3-952d-32d307dbad40,   -7.782640 ,  -72.275600 ,2023-10-06 18:24:00,Brasil,ACRE,CRUZEIRO DO SUL,Amazônia
 1654813044 ,80aa828f-fef6-3a9c-a8d4-e2d1fb069747,   -7.718890 ,  -72.970200 ,2023-10-06 18:24:00,Brasil,ACRE,RODRIGUES ALVES,Amazônia
 1654813045 ,78038e73-f62b-3210-92c9-ba8885c11a09,   -7.716100 ,  -72.949460 ,2023-10-06 18:24:00,Brasil,ACRE,RODRIGUES ALVES,Amazônia
 1654813046 ,43c3dcda-f2a7-3d58-8520-20727640a8ba,   -7.679270 ,  -72.005450 ,2023-10-06 18:24:00,Brasil,ACRE,CRUZEIRO DO SUL,Amazônia
 1654813047 ,1bc89a0b-92cf-3576-bd01-e2a077bc70b9,   -7.588400 ,  -72.679920 ,2023-10-06 18:24:00,Brasil,ACRE,CRUZEIRO DO SUL,Amazônia
 1654813048 ,8fdf2fbc-8e8c-3f4a-b59a-d341e0b32970,   -8.259640 ,  -72.530030 ,2023-10-06 18:24:00,Brasil,ACRE,PORTO WALTER,Amazônia
 1654813049 ,456c7783-b892-3b56-86f2-a8869abe6ae3,   -8.257080 ,  -72.510500 ,2023-10-06 18:24:00,Brasil,ACRE,PORTO WALTER,Amazônia
 1654813050 ,bc0eaf24-8dab-3fef-be4b-9681b46ba11f,   -8.071480 ,  -72.390050 ,2023-10-06 18:24:00,Brasil,ACRE,CRUZEIRO DO SUL,Amazônia
 1654813052 ,2296fdc7-9c41-3aa7-b5a5-d6c179667cbc,   -8.033650 ,  -72.395410 ,2023-10-06 18:24:00,Brasil,ACRE,CRUZEIRO DO SUL,Amazônia
 1654813053 ,3d19e3c9-447d-3f7a-a326-b52327ad6f97,   -8.026310 ,  -72.338620 ,2023-10-06 18:24:00,Brasil,ACRE,CRUZEIRO DO SUL,Amazônia
 1654813054 ,05fb1bc2-cb81-38fe-86b7-8f30e35116be,   -9.063500 ,  -72.388470 ,2023-10-06 18:24:00,Brasil,ACRE,MARECHAL THAUMATURGO,Amazônia
 1654813055 ,7bc52f84-9881-3d27-a20f-ab4f4aa26dd6,   -9.002750 ,  -72.733930 ,2023-10-06 18:24:00,Brasil,ACRE,MARECHAL THAUMATURGO,Amazônia
 1654813056 ,1e365c32-bf19-32b1-9440-d793249f4445,   -8.949650 ,  -72.415530 ,2023-10-06 18:24:00,Brasil,ACRE,MARECHAL THAUMATURGO,Amazônia
 1654813057 ,e028e8c3-ac6b-3b8b-9c18-bf45cb539d11,   -8.948420 ,  -72.410620 ,2023-10-06 18:24:00,Brasil,ACRE,MARECHAL THAUMATURGO,Amazônia
 1654813058 ,8ad2d353-0c14-363b-a045-38cbdb94d701,   -8.947000 ,  -72.395870 ,2023-10-06 18:24:00,Brasil,ACRE,MARECHAL THAUMATURGO,Amazônia
 1654813059 ,91241ef1-13ef-3662-b984-e53755994004,   -8.945920 ,  -72.390950 ,2023-10-06 18:24:00,Brasil,ACRE,MARECHAL THAUMATURGO,Amazônia
 1654813060 ,4e9e014b-2445-3cb3-bb13-6a8a6b11e75e,   -8.696770 ,  -72.791230 ,2023-10-06 18:24:00,Brasil,ACRE,PORTO WALTER,Amazônia
 1654813061 ,5215b6dc-5314-3faa-9432-b6479a1ead9b,   -8.686500 ,  -72.799520 ,2023-10-06 18:24:00,Brasil,ACRE,PORTO WALTER,Amazônia
 1654813062 ,9c1811ee-a803-3c69-8354-5f56f5bff3b0,   -8.683730 ,  -72.778470 ,2023-10-06 18:24:00,Brasil,ACRE,PORTO WALTER,Amazônia
 1654813063 ,4af096ad-0582-36e7-954d-20c06d7029ce,   -8.481250 ,  -72.528320 ,2023-10-06 18:24:00,Brasil,ACRE,PORTO WALTER,Amazônia
 1654813064 ,306d455e-899b-3db1-945d-d10be0751984,   -8.480690 ,  -72.521450 ,2023-10-06 18:24:00,Brasil,ACRE,PORTO WALTER,Amazônia
 1654813065 ,55e66505-110f-3ae6-99b7-1523e1a15c6c,   -8.478630 ,  -72.508740 ,2023-10-06 18:24:00,Brasil,ACRE,PORTO WALTER,Amazônia
 1654813066 ,cb844882-f610-3fb5-9891-3d0341d1c14a,   -8.478220 ,  -72.501830 ,2023-10-06 18:24:00,Brasil,ACRE,PORTO WALTER,Amazônia
 1654813067 ,969c6dac-ebe6-32b1-be27-2d04fb4335b2,   -8.330140 ,  -72.765000 ,2023-10-06 18:24:00,Brasil,ACRE,PORTO WALTER,Amazônia
 1654813068 ,b845f331-ca5d-348a-b9de-c9362423ea5c,   -8.328040 ,  -72.758310 ,2023-10-06 18:24:00,Brasil,ACRE,PORTO WALTER,Amazônia
 1654813069 ,b99943ca-2df5-385e-9148-80bd08c42339,   -8.246830 ,  -72.531740 ,2023-10-06 18:24:00,Brasil,ACRE,PORTO WALTER,Amazônia
 1654813070 ,2ee06ac5-6427-32bc-9302-e7ccc73bc922,   -8.074000 ,  -72.409090 ,2023-10-06 18:24:00,Brasil,ACRE,CRUZEIRO DO SUL,Amazônia
 1654813071 ,5d2fc613-6c7f-3e3e-8bf7-ca2aca9f37a1,   -8.056380 ,  -72.372850 ,2023-10-06 18:24:00,Brasil,ACRE,CRUZEIRO DO SUL,Amazônia
 1654813072 ,116dae4a-9952-35f3-a37e-ce830758d65b,   -8.036110 ,  -72.414410 ,2023-10-06 18:24:00,Brasil,ACRE,CRUZEIRO DO SUL,Amazônia
 1654813073 ,d4e29e43-fa9f-365e-b0d0-40b482ca9424,   -8.033410 ,  -72.400480 ,2023-10-06 18:24:00,Brasil,ACRE,CRUZEIRO DO SUL,Amazônia
 1654813074 ,9ae1d654-562d-3845-b327-18d20b7e7205,   -8.025640 ,  -72.343740 ,2023-10-06 18:24:00,Brasil,ACRE,CRUZEIRO DO SUL,Amazônia
 1654813075 ,9159c247-0596-336a-a33c-f6dcf1a36478,   -8.023070 ,  -72.325000 ,2023-10-06 18:24:00,Brasil,ACRE,CRUZEIRO DO SUL,Amazônia
 1654813076 ,74f37535-d257-3010-a161-682044d2be05,   -8.010890 ,  -72.520390 ,2023-10-06 18:24:00,Brasil,ACRE,CRUZEIRO DO SUL,Amazônia
 1654813077 ,f6fe47ee-3a01-39b3-968e-d7ca305f126a,   -7.940500 ,  -72.882110 ,2023-10-06 18:24:00,Brasil,ACRE,CRUZEIRO DO SUL,Amazônia
 1654813086 ,00a51abf-439c-3d27-b477-5e98c72893f6,   -7.661800 ,  -73.259220 ,2023-10-06 18:24:00,Brasil,ACRE,MÂNCIO LIMA,Amazônia
 1654813087 ,605d9ca9-62c8-358c-9930-f832472e0c46,   -7.659050 ,  -73.237390 ,2023-10-06 18:24:00,Brasil,ACRE,MÂNCIO LIMA,Amazônia
 1654813088 ,4eafc323-8f13-34d9-9dd2-cded6dabe8c5,   -7.666660 ,  -73.265470 ,2023-10-06 18:24:00,Brasil,ACRE,MÂNCIO LIMA,Amazônia
 1654813089 ,12b5d37a-8e8d-38e9-a8a1-0fabc7e9425f,   -7.663740 ,  -73.243680 ,2023-10-06 18:24:00,Brasil,ACRE,MÂNCIO LIMA,Amazônia
 1654813090 ,7d12813e-52cd-39a2-a3d6-79d7dbd3d07a,   -7.364020 ,  -73.148040 ,2023-10-06 18:24:00,Brasil,ACRE,MÂNCIO LIMA,Amazônia
 1654813315 ,694a1cba-b2ee-3d17-b382-6a126100f458,   -8.233430 ,  -70.106050 ,2023-10-06 18:24:00,Brasil,ACRE,FEIJÓ,Amazônia
 1654813316 ,5020e535-a305-3df4-ae02-0f5e1fd563ca,   -8.198070 ,  -70.163480 ,2023-10-06 18:24:00,Brasil,ACRE,FEIJÓ,Amazônia
 1654813317 ,effaa3ba-b2b5-3d72-8a90-3b294da25ce9,   -8.187460 ,  -70.164910 ,2023-10-06 18:24:00,Brasil,ACRE,FEIJÓ,Amazônia
 1654813318 ,dc054538-9155-34d4-9b47-2a9dcf1b45bc,   -8.161450 ,  -70.175180 ,2023-10-06 18:24:00,Brasil,ACRE,FEIJÓ,Amazônia
 1654813319 ,d03f3df8-796c-31cc-9f89-62417980cd25,   -8.159660 ,  -70.162200 ,2023-10-06 18:24:00,Brasil,ACRE,FEIJÓ,Amazônia
 1654813320 ,6abfebd0-4372-3483-82ea-60765bcadf21,   -8.157880 ,  -70.149310 ,2023-10-06 18:24:00,Brasil,ACRE,FEIJÓ,Amazônia
 1654813321 ,782ac736-446f-352a-bcf7-059f10f5ddb9,   -8.068930 ,  -69.967870 ,2023-10-06 18:24:00,Brasil,ACRE,FEIJÓ,Amazônia
 1654813322 ,bb41e1d5-704d-38ec-8f85-9ddd3401e768,   -8.041020 ,  -69.964520 ,2023-10-06 18:24:00,Brasil,ACRE,FEIJÓ,Amazônia
 1654813323 ,180196d0-a66b-315d-854b-81b1503b6924,   -8.032200 ,  -70.055270 ,2023-10-06 18:24:00,Brasil,ACRE,FEIJÓ,Amazônia
 1654813324 ,fe781d82-9088-38b4-a057-645808b54ee2,   -8.028870 ,  -69.953510 ,2023-10-06 18:24:00,Brasil,ACRE,FEIJÓ,Amazônia
 1654813325 ,8933fe21-41b9-3924-b122-b4b87f4bffd6,   -7.989890 ,  -70.139060 ,2023-10-06 18:24:00,Brasil,ACRE,FEIJÓ,Amazônia
 1654813326 ,c358d982-bc36-31bc-814a-33efb820cad7,   -7.984660 ,  -70.146420 ,2023-10-06 18:24:00,Brasil,ACRE,FEIJÓ,Amazônia
 1654813327 ,ecfdab87-5330-3f27-abfb-4b848674be79,   -9.268130 ,  -69.332210 ,2023-10-06 18:24:00,Brasil,ACRE,SENA MADUREIRA,Amazônia
 1654813328 ,fb2d10b6-93d5-3c2c-b8eb-5c4d60f3989a,   -9.168090 ,  -69.114520 ,2023-10-06 18:24:00,Brasil,ACRE,SENA MADUREIRA,Amazônia
 1654813329 ,fd9032e0-097d-3daa-965b-1bb6d4578f7f,   -9.166540 ,  -69.103100 ,2023-10-06 18:24:00,Brasil,ACRE,SENA MADUREIRA,Amazônia
 1654813330 ,bf0b767b-2b9a-3558-9308-b2a77c93c1af,   -9.136650 ,  -68.957600 ,2023-10-06 18:24:00,Brasil,ACRE,SENA MADUREIRA,Amazônia
 1654813331 ,315ccd36-88ac-331c-a84b-fe3f6e2d58c1,   -9.024730 ,  -69.111700 ,2023-10-06 18:24:00,Brasil,ACRE,SENA MADUREIRA,Amazônia
 1654813332 ,fb7e7e19-8c09-35da-8f7e-e5c6c1a5a2d1,   -9.007900 ,  -69.137210 ,2023-10-06 18:24:00,Brasil,ACRE,SENA MADUREIRA,Amazônia
 1654813333 ,0d59b060-8980-30a1-b0a2-754aa63f0783,   -8.988120 ,  -69.292990 ,2023-10-06 18:24:00,Brasil,ACRE,MANOEL URBANO,Amazônia
 1654813334 ,3cd925cd-0d48-3a6b-8486-9f17d6345d50,   -8.972500 ,  -69.026870 ,2023-10-06 18:24:00,Brasil,ACRE,SENA MADUREIRA,Amazônia
 1654813335 ,0a0d2510-6834-39a2-a2e0-acad15506bd3,   -8.924770 ,  -68.897490 ,2023-10-06 18:24:00,Brasil,ACRE,SENA MADUREIRA,Amazônia
 1654813336 ,cc2e916c-60ba-3359-8ba6-b0ab43fc5018,   -8.923290 ,  -68.886490 ,2023-10-06 18:24:00,Brasil,ACRE,SENA MADUREIRA,Amazônia
 1654813337 ,1689d348-380a-32eb-b459-e8eb32034fee,   -8.921970 ,  -68.893230 ,2023-10-06 18:24:00,Brasil,ACRE,SENA MADUREIRA,Amazônia
 1654813338 ,e9c1b8db-c962-34a1-a3a7-9a8c8c37c2b1,   -8.846780 ,  -69.529770 ,2023-10-06 18:24:00,Brasil,ACRE,MANOEL URBANO,Amazônia
 1654813339 ,a1592db6-57f5-3d63-a155-cc4f3bfa9425,   -8.843990 ,  -68.983260 ,2023-10-06 18:24:00,Brasil,ACRE,MANOEL URBANO,Amazônia
 1654813340 ,a0aacea8-f82a-3a1e-b2ab-35910895d70f,   -8.842500 ,  -68.972180 ,2023-10-06 18:24:00,Brasil,ACRE,SENA MADUREIRA,Amazônia
 1654813341 ,0e0ea816-8936-3636-ae3b-7f87a2afcc73,   -8.842470 ,  -68.977780 ,2023-10-06 18:24:00,Brasil,ACRE,MANOEL URBANO,Amazônia
 1654813342 ,430c1dc1-0a27-3668-829d-67199fe3172e,   -8.475800 ,  -70.187390 ,2023-10-06 18:24:00,Brasil,ACRE,FEIJÓ,Amazônia
 1654813343 ,5039bd52-a8b2-3e85-b8e8-98a598c85896,   -8.460630 ,  -69.914870 ,2023-10-06 18:24:00,Brasil,ACRE,FEIJÓ,Amazônia
 1654813344 ,8b52acff-5e3d-39fc-bda9-07d3acd81f1f,   -8.456230 ,  -70.155530 ,2023-10-06 18:24:00,Brasil,ACRE,FEIJÓ,Amazônia
 1654813345 ,9a24c357-6261-3b44-a925-9f0926fbc886,   -8.415410 ,  -70.095020 ,2023-10-06 18:24:00,Brasil,ACRE,FEIJÓ,Amazônia
 1654813346 ,b6a2f56c-e53e-30e0-a542-80d1152b7703,   -8.413640 ,  -70.082150 ,2023-10-06 18:24:00,Brasil,ACRE,FEIJÓ,Amazônia
 1654813347 ,c3080f7a-6460-3993-b619-58f81488d21a,   -8.379790 ,  -70.232780 ,2023-10-06 18:24:00,Brasil,ACRE,FEIJÓ,Amazônia
 1654813349 ,b381c6af-7305-3c31-838b-9a4b9407cfb4,   -8.375680 ,  -70.239960 ,2023-10-06 18:24:00,Brasil,ACRE,FEIJÓ,Amazônia
 1654813350 ,fbc58b97-0d6e-335b-9ad8-94d160c08335,   -8.373860 ,  -70.226860 ,2023-10-06 18:24:00,Brasil,ACRE,FEIJÓ,Amazônia
 1654813351 ,ab28b80f-f0c4-35b4-ae7a-4c143f4ee72d,   -8.186010 ,  -70.073520 ,2023-10-06 18:24:00,Brasil,ACRE,FEIJÓ,Amazônia
 1654813352 ,6df5d5f2-2ff5-3178-a815-bbddfd864c94,   -8.158990 ,  -69.872720 ,2023-10-06 18:24:00,Brasil,ACRE,FEIJÓ,Amazônia
 1654813353 ,c3ce51f7-4f13-3047-9d4b-3985e9afb68e,   -8.157330 ,  -69.860370 ,2023-10-06 18:24:00,Brasil,ACRE,FEIJÓ,Amazônia
 1654813354 ,77bae97c-53e2-39de-ab01-d3f624cd47ee,   -8.127870 ,  -70.166630 ,2023-10-06 18:24:00,Brasil,ACRE,FEIJÓ,Amazônia
 1654813355 ,33df1740-271b-372b-908b-61b796506f8c,   -8.126120 ,  -70.153750 ,2023-10-06 18:24:00,Brasil,ACRE,FEIJÓ,Amazônia
 1654813356 ,7d4b0b13-ddef-3f2c-a1bd-7aeeeb42168d,   -8.098060 ,  -70.105410 ,2023-10-06 18:24:00,Brasil,ACRE,FEIJÓ,Amazônia
 1654813357 ,8c0d93c3-69a3-32c6-a1f1-d6926a1efca7,   -8.096350 ,  -70.092660 ,2023-10-06 18:24:00,Brasil,ACRE,FEIJÓ,Amazônia
 1654813358 ,2cfd7f9f-2cdf-3363-aec4-00c2227159f0,   -8.044410 ,  -70.144440 ,2023-10-06 18:24:00,Brasil,ACRE,FEIJÓ,Amazônia
 1654813359 ,4b160c22-4409-3d65-a1a9-6174c8c3c108,   -8.042650 ,  -70.131610 ,2023-10-06 18:24:00,Brasil,ACRE,FEIJÓ,Amazônia
 1654813360 ,8fd26a9c-21d8-387b-94ff-565b3dd7c359,   -8.032410 ,  -69.902530 ,2023-10-06 18:24:00,Brasil,ACRE,FEIJÓ,Amazônia
 1654813361 ,067d4039-0e3d-3169-aa1d-139d61278ad6,   -8.030470 ,  -70.042650 ,2023-10-06 18:24:00,Brasil,ACRE,FEIJÓ,Amazônia
 1654813362 ,e105daaf-aa70-348f-a0f5-e32357051519,   -8.012710 ,  -70.148870 ,2023-10-06 18:24:00,Brasil,ACRE,FEIJÓ,Amazônia
 1654813363 ,2b542a5b-d410-325e-9f13-e0cd7cb9f165,   -8.010990 ,  -70.136090 ,2023-10-06 18:24:00,Brasil,ACRE,FEIJÓ,Amazônia
 1654813364 ,ed2b833a-52b4-356e-8163-96040d92f6de,   -7.982880 ,  -70.133610 ,2023-10-06 18:24:00,Brasil,ACRE,FEIJÓ,Amazônia
 1654813365 ,89a36d8c-b145-30ab-bf85-17f8292921b4,   -9.377150 ,  -69.003300 ,2023-10-06 18:24:00,Brasil,ACRE,SENA MADUREIRA,Amazônia
 1654813366 ,760f904f-aafd-36ef-aa83-cc8f57eb019a,   -9.375580 ,  -68.991960 ,2023-10-06 18:24:00,Brasil,ACRE,SENA MADUREIRA,Amazônia
 1654813367 ,999b72ce-dbab-3dd8-aacf-48aaf35c389e,   -8.822820 ,  -69.352050 ,2023-10-06 18:24:00,Brasil,ACRE,MANOEL URBANO,Amazônia
 1654813369 ,0ab887d6-021d-3508-accb-a4371c519e8d,   -8.811840 ,  -69.492360 ,2023-10-06 18:24:00,Brasil,ACRE,MANOEL URBANO,Amazônia
 1654813371 ,b158cf5f-f7b7-362e-b395-4c8c05f40046,   -8.781230 ,  -69.496630 ,2023-10-06 18:24:00,Brasil,ACRE,MANOEL URBANO,Amazônia
 1654813372 ,460cc567-05d8-38e0-b0e7-8f35df31608f,   -8.763420 ,  -69.366760 ,2023-10-06 18:24:00,Brasil,ACRE,MANOEL URBANO,Amazônia
 1654813373 ,9efe8549-5ec7-3bb2-9f22-1ebc25c6e8dc,   -8.761810 ,  -69.355060 ,2023-10-06 18:24:00,Brasil,ACRE,MANOEL URBANO,Amazônia
 1654813374 ,e6416bbc-fb1b-3615-a063-3a3ecdca93a9,   -8.753290 ,  -69.145410 ,2023-10-06 18:24:00,Brasil,ACRE,MANOEL URBANO,Amazônia
 1654813375 ,2150c4c2-0172-3884-9138-b8ec7a9726c6,   -8.743610 ,  -69.526150 ,2023-10-06 18:24:00,Brasil,ACRE,MANOEL URBANO,Amazônia
 1654813377 ,f5b5d748-a69f-3221-84bd-c9e51f5e90ea,   -8.738820 ,  -69.490410 ,2023-10-06 18:24:00,Brasil,ACRE,MANOEL URBANO,Amazônia
 1654813378 ,814079f7-27d7-33e4-82d2-17136b5bb2ca,   -8.734900 ,  -69.520810 ,2023-10-06 18:24:00,Brasil,ACRE,MANOEL URBANO,Amazônia
 1654813379 ,aea20ddf-6e15-37d5-94c0-25ddbf5c93d6,   -8.734700 ,  -69.594180 ,2023-10-06 18:24:00,Brasil,ACRE,MANOEL URBANO,Amazônia
 1654813380 ,e1f2f4af-8edd-3da3-8d35-51e74da97db6,   -8.733020 ,  -69.582110 ,2023-10-06 18:24:00,Brasil,ACRE,MANOEL URBANO,Amazônia
 1654813381 ,47945175-9692-3552-9009-e167b5d47ce9,   -8.731350 ,  -69.570110 ,2023-10-06 18:24:00,Brasil,ACRE,MANOEL URBANO,Amazônia
 1654813383 ,7dbdd566-1aa7-3036-af67-1503f838487b,   -8.722780 ,  -69.583590 ,2023-10-06 18:24:00,Brasil,ACRE,MANOEL URBANO,Amazônia
 1654813384 ,33a79101-57d7-31f4-8b8f-53b963424932,   -8.715850 ,  -69.609180 ,2023-10-06 18:24:00,Brasil,ACRE,MANOEL URBANO,Amazônia
 1654813386 ,94322d6a-dcac-3ab6-a3c2-dd676edac92a,   -8.679200 ,  -69.196210 ,2023-10-06 18:24:00,Brasil,ACRE,MANOEL URBANO,Amazônia
 1654813387 ,06171543-1b6a-3708-91d4-93413f0c2a8e,   -8.670400 ,  -69.505520 ,2023-10-06 18:24:00,Brasil,ACRE,MANOEL URBANO,Amazônia
 1654813388 ,37c9b2cb-ef0b-3dff-9d02-ff83015c6cab,   -8.668800 ,  -69.493680 ,2023-10-06 18:24:00,Brasil,ACRE,MANOEL URBANO,Amazônia
 1654813389 ,218d1630-f587-382f-8e08-25c02b53fb3f,   -8.668560 ,  -70.095490 ,2023-10-06 18:24:00,Brasil,ACRE,FEIJÓ,Amazônia
 1654813390 ,d24292e3-4e02-3aa5-a2ab-b4bb71c96ec8,   -8.658060 ,  -70.017750 ,2023-10-06 18:24:00,Brasil,ACRE,FEIJÓ,Amazônia
 1654813391 ,a8ce6772-b376-3117-b5a5-1cf7c3c11dd9,   -8.656310 ,  -70.004870 ,2023-10-06 18:24:00,Brasil,ACRE,FEIJÓ,Amazônia
 1654813393 ,5101597c-ded4-35de-876b-9397c5fe3089,   -8.633060 ,  -69.602710 ,2023-10-06 18:24:00,Brasil,ACRE,FEIJÓ,Amazônia
 1654813394 ,21855218-e4f2-36ed-a1d0-b67d725c7474,   -8.613520 ,  -69.767170 ,2023-10-06 18:24:00,Brasil,ACRE,FEIJÓ,Amazônia
 1654813395 ,a69ace25-488c-3581-a5ab-5c5964ed2ba3,   -8.611850 ,  -69.754810 ,2023-10-06 18:24:00,Brasil,ACRE,FEIJÓ,Amazônia
 1654813396 ,1c8b44d3-9268-3a58-bd80-279e2056612f,   -8.590370 ,  -70.111580 ,2023-10-06 18:24:00,Brasil,ACRE,FEIJÓ,Amazônia
 1654813397 ,6dd65453-c114-3bbd-9c2e-7620f6dc3b31,   -8.576410 ,  -69.930630 ,2023-10-06 18:24:00,Brasil,ACRE,FEIJÓ,Amazônia
 1654813398 ,e5bcadd7-3354-380d-b77a-0c6b8aff9cac,   -8.576330 ,  -70.008420 ,2023-10-06 18:24:00,Brasil,ACRE,FEIJÓ,Amazônia
 1654813399 ,6cb4f832-dffb-3f33-b78f-2ad9f386dff6,   -8.574680 ,  -69.918010 ,2023-10-06 18:24:00,Brasil,ACRE,FEIJÓ,Amazônia
 1654813400 ,a524f7b3-6dd3-3c54-a032-6391daff4dd6,   -8.574480 ,  -70.074160 ,2023-10-06 18:24:00,Brasil,ACRE,FEIJÓ,Amazônia
 1654813401 ,9c3f393d-bda2-3893-9a6e-d8aa455be6aa,   -8.558060 ,  -70.277310 ,2023-10-06 18:24:00,Brasil,ACRE,FEIJÓ,Amazônia
 1654813402 ,432ed524-0b3c-3670-bd0a-3dee2481eef3,   -8.546670 ,  -69.947760 ,2023-10-06 18:24:00,Brasil,ACRE,FEIJÓ,Amazônia
 1654813403 ,6ab0ec64-a4d2-35bf-b4cc-4ee98e72515b,   -8.544400 ,  -70.091550 ,2023-10-06 18:24:00,Brasil,ACRE,FEIJÓ,Amazônia
 1654813404 ,c45489b2-fb58-384a-94d2-e7a2ef5fd671,   -8.537540 ,  -70.039870 ,2023-10-06 18:24:00,Brasil,ACRE,FEIJÓ,Amazônia
 1654813405 ,1252fc91-f299-3491-8084-0f8084f07a21,   -8.535840 ,  -70.027070 ,2023-10-06 18:24:00,Brasil,ACRE,FEIJÓ,Amazônia
 1654813406 ,a62a3f60-07fe-3be9-9b54-a68c8bbf2c20,   -8.530630 ,  -70.034420 ,2023-10-06 18:24:00,Brasil,ACRE,FEIJÓ,Amazônia
 1654813407 ,de9e13a6-4845-32ae-957f-a8547c6bd6d5,   -8.529030 ,  -69.975940 ,2023-10-06 18:24:00,Brasil,ACRE,FEIJÓ,Amazônia
 1654813408 ,854daca9-cdf7-3eb5-9fa7-e2b346246749,   -8.504280 ,  -70.237250 ,2023-10-06 18:24:00,Brasil,ACRE,FEIJÓ,Amazônia
 1654813409 ,8a99f121-0f79-3385-bf30-07a6098c3e33,  -10.868250 ,  -69.561510 ,2023-10-06 18:24:00,Brasil,ACRE,ASSIS BRASIL,Amazônia
 1654813410 ,31210855-cc4b-3cfb-913b-76ee325495aa,  -10.855510 ,  -69.629520 ,2023-10-06 18:24:00,Brasil,ACRE,ASSIS BRASIL,Amazônia
 1654813411 ,a2b3e4a8-e7f6-34e0-bbde-dc0fafc03e7f,  -10.804860 ,  -69.616340 ,2023-10-06 18:24:00,Brasil,ACRE,BRASILÉIA,Amazônia
 1654813412 ,c3ce6b47-5510-3bfb-b274-0762f25bb087,  -10.799940 ,  -69.498640 ,2023-10-06 18:24:00,Brasil,ACRE,BRASILÉIA,Amazônia
 1654813414 ,0fc69043-3950-36d9-aa36-2fa7ffc0810f,  -10.744050 ,  -69.480420 ,2023-10-06 18:24:00,Brasil,ACRE,ASSIS BRASIL,Amazônia
 1655020292 ,5256151c-2fee-3961-bce4-adc4f3814be8,   -8.021940 ,  -71.071980 ,2023-10-07 19:06:00,Brasil,ACRE,TARAUACÁ,Amazônia
 1655020710 ,f5187884-de45-3d1e-bb27-41551b05f60c,   -9.372220 ,  -68.747490 ,2023-10-07 19:04:00,Brasil,ACRE,SENA MADUREIRA,Amazônia
 1655020721 ,e57c9ba4-dbbc-34b4-a8bc-7201cb735263,   -8.730300 ,  -71.022130 ,2023-10-07 19:04:00,Brasil,ACRE,FEIJÓ,Amazônia
 1655192465 ,4e060d44-6ca1-3300-9285-f0a4c59bceef,   -8.838930 ,  -69.484500 ,2023-10-08 18:09:00,Brasil,ACRE,MANOEL URBANO,Amazônia
 1655192467 ,13fb03d8-4999-38cf-959c-0d42fb42e610,   -8.514870 ,  -70.064000 ,2023-10-08 18:09:00,Brasil,ACRE,FEIJÓ,Amazônia
 1655192468 ,dd429192-ec18-3258-a3f0-2ceab9ce0387,   -8.484810 ,  -70.170420 ,2023-10-08 18:09:00,Brasil,ACRE,FEIJÓ,Amazônia
 1655192469 ,91064818-09f1-336d-b1ea-2c79f4041b64,   -8.481970 ,  -70.178150 ,2023-10-08 18:09:00,Brasil,ACRE,FEIJÓ,Amazônia
 1655192470 ,a17d6ed1-4c5b-3818-bda3-dd4368237797,   -7.886520 ,  -70.138570 ,2023-10-08 18:09:00,Brasil,ACRE,FEIJÓ,Amazônia
 1655192501 ,b7d1c332-e305-3e8d-9311-17a1b40bb3d4,   -8.627390 ,  -70.467450 ,2023-10-08 18:09:00,Brasil,ACRE,FEIJÓ,Amazônia
 1655192502 ,af616ec8-a169-3be4-a17f-49403e38ba16,   -8.439830 ,  -70.421710 ,2023-10-08 18:09:00,Brasil,ACRE,FEIJÓ,Amazônia
 1655192503 ,9aba5025-af57-3a2f-9753-24f79f4b6a8b,   -8.434300 ,  -70.262280 ,2023-10-08 18:09:00,Brasil,ACRE,FEIJÓ,Amazônia
 1655192504 ,9c883ba8-5ea4-3556-8ab8-eafb7ba60073,   -8.341410 ,  -70.358510 ,2023-10-08 18:09:00,Brasil,ACRE,FEIJÓ,Amazônia
 1655192505 ,4e4eede4-6662-3eec-914a-040d7f5f5108,   -8.290770 ,  -70.561990 ,2023-10-08 18:09:00,Brasil,ACRE,FEIJÓ,Amazônia
 1655192506 ,6d04d574-4275-379e-bfd7-dd47923c5134,   -8.287310 ,  -70.534940 ,2023-10-08 18:09:00,Brasil,ACRE,FEIJÓ,Amazônia
 1655192507 ,1e9c2705-270e-3534-85a3-01c2b05b4462,   -8.268260 ,  -70.852030 ,2023-10-08 18:09:00,Brasil,ACRE,TARAUACÁ,Amazônia
 1655192508 ,4ab95034-b71d-3728-9b4c-f954e4538920,   -8.265860 ,  -70.847890 ,2023-10-08 18:09:00,Brasil,ACRE,TARAUACÁ,Amazônia
 1655192509 ,91744cd9-ecbc-3bb2-b2f0-be1787747b3f,   -8.250170 ,  -70.245950 ,2023-10-08 18:09:00,Brasil,ACRE,FEIJÓ,Amazônia
 1655192510 ,252e5a81-4427-30f9-baa1-3e60a0433123,   -8.158090 ,  -70.583340 ,2023-10-08 18:09:00,Brasil,ACRE,TARAUACÁ,Amazônia
 1655192511 ,8d479b80-953b-33bc-8fed-b73ffe1e03be,   -8.157630 ,  -70.590580 ,2023-10-08 18:09:00,Brasil,ACRE,TARAUACÁ,Amazônia
 1655192512 ,12a449c0-ab00-3bb1-be97-3241295bc37f,   -8.102140 ,  -70.972690 ,2023-10-08 18:09:00,Brasil,ACRE,TARAUACÁ,Amazônia
 1655192513 ,95bd3ab2-aada-3e9b-893f-2648c409d0eb,   -8.099140 ,  -70.968570 ,2023-10-08 18:09:00,Brasil,ACRE,TARAUACÁ,Amazônia
 1655192514 ,6f984db6-3731-3a71-be73-443c76e68b2b,   -9.895580 ,  -71.597090 ,2023-10-08 18:09:00,Brasil,ACRE,FEIJÓ,Amazônia
 1655192905 ,7f7a31e1-40c6-342d-8be7-e5a375db884e,   -9.916690 ,  -66.831550 ,2023-10-08 18:09:00,Brasil,ACRE,ACRELÂNDIA,Amazônia
 1655192906 ,60e0380f-f976-3ec9-9405-847bd19b3482,   -9.914730 ,  -66.816800 ,2023-10-08 18:09:00,Brasil,ACRE,ACRELÂNDIA,Amazônia
 1655192914 ,7bdc6473-a10f-3628-97fd-82175c45efcf,   -9.657990 ,  -67.404070 ,2023-10-08 18:09:00,Brasil,ACRE,PORTO ACRE,Amazônia
 1655192946 ,c8d18eac-96ab-3325-9912-c61392b824bd,   -9.317680 ,  -68.241060 ,2023-10-08 18:09:00,Brasil,ACRE,BUJARI,Amazônia
 1655192947 ,73f689fc-d84f-33ed-bcd7-cc6b0b0b95a8,   -9.309660 ,  -68.253930 ,2023-10-08 18:09:00,Brasil,ACRE,BUJARI,Amazônia
 1655192948 ,0f20ff1a-2ad8-396b-ac05-5a3b9092ef47,   -9.307340 ,  -68.235540 ,2023-10-08 18:09:00,Brasil,ACRE,BUJARI,Amazônia
 1655192950 ,5dc1a9e1-2f09-3a5f-a8a4-7703c4108c0a,   -9.305190 ,  -68.242640 ,2023-10-08 18:09:00,Brasil,ACRE,BUJARI,Amazônia
 1655192972 ,21d0de7d-1361-34ca-b594-7414a0ec6ed2,   -9.957780 ,  -68.931500 ,2023-10-08 18:09:00,Brasil,ACRE,SENA MADUREIRA,Amazônia
 1655192973 ,174375a4-f383-3dfc-95a3-bbc1ef3ccacd,   -9.953810 ,  -68.924880 ,2023-10-08 18:09:00,Brasil,ACRE,SENA MADUREIRA,Amazônia
 1655192974 ,677938bc-f6eb-3beb-9af1-38081d53be2d,  -10.477480 ,  -68.420810 ,2023-10-08 18:09:00,Brasil,ACRE,XAPURI,Amazônia
 1655192975 ,1e3903ad-01c6-314b-87ec-bbe5453027a8,  -10.452810 ,  -68.127410 ,2023-10-08 18:09:00,Brasil,ACRE,XAPURI,Amazônia
 1655192976 ,f2aee537-e660-3e05-af36-5c2218e7c6e5,  -10.432450 ,  -68.168750 ,2023-10-08 18:09:00,Brasil,ACRE,XAPURI,Amazônia
 1655192977 ,55c1b995-4807-3703-a142-b610a044b7b4,  -10.430050 ,  -68.149840 ,2023-10-08 18:09:00,Brasil,ACRE,XAPURI,Amazônia
 1655192978 ,22126ed2-33f2-3af4-96fc-e7c4b13d70e7,  -10.362630 ,  -68.341940 ,2023-10-08 18:09:00,Brasil,ACRE,RIO BRANCO,Amazônia
 1655192979 ,302818db-776a-3992-b860-4bea9f580171,  -10.160630 ,  -68.089260 ,2023-10-08 18:09:00,Brasil,ACRE,RIO BRANCO,Amazônia
 1655192980 ,a1dade7c-dea0-35ab-a26f-a88801cd3e9b,  -10.158210 ,  -68.070500 ,2023-10-08 18:09:00,Brasil,ACRE,RIO BRANCO,Amazônia
 1655192981 ,88ffade8-53f4-34de-8a33-7bf46640f3bb,  -10.087080 ,  -68.730650 ,2023-10-08 18:09:00,Brasil,ACRE,RIO BRANCO,Amazônia
 1655192982 ,c0c6fbe5-8137-3c2c-822d-b41a3e3cfa8f,  -10.084380 ,  -68.709850 ,2023-10-08 18:09:00,Brasil,ACRE,RIO BRANCO,Amazônia
 1655192983 ,fb1261ae-f88f-3ef9-9366-90fc201f462e,   -9.768560 ,  -68.880910 ,2023-10-08 18:09:00,Brasil,ACRE,SENA MADUREIRA,Amazônia
 1655192984 ,301580d2-7e3d-394c-b521-da8f94883ca9,   -9.743790 ,  -67.981970 ,2023-10-08 18:09:00,Brasil,ACRE,BUJARI,Amazônia
 1655192985 ,ee5054f6-6bfe-3b62-a0b6-667c1a6acc16,   -9.741500 ,  -67.963940 ,2023-10-08 18:09:00,Brasil,ACRE,BUJARI,Amazônia
 1655192986 ,6c73e268-0ea5-35a4-bb76-f07210fd11c1,   -9.738860 ,  -67.969310 ,2023-10-08 18:09:00,Brasil,ACRE,BUJARI,Amazônia
 1655192987 ,929a7fb3-ad90-3575-a5ec-7e6e6ab66516,   -9.585620 ,  -67.978340 ,2023-10-08 18:09:00,Brasil,ACRE,PORTO ACRE,Amazônia
 1655192988 ,694a9fe2-41fd-31d8-adf7-e2a28c21ed64,   -9.583320 ,  -67.960590 ,2023-10-08 18:09:00,Brasil,ACRE,PORTO ACRE,Amazônia
 1655192989 ,6a215e9f-0d40-3087-812c-d17f1edcdeb1,   -9.564190 ,  -68.619510 ,2023-10-08 18:09:00,Brasil,ACRE,RIO BRANCO,Amazônia
 1655192993 ,de834a65-b6a4-3d7f-aa41-775976329406,   -9.493790 ,  -67.781980 ,2023-10-08 18:09:00,Brasil,ACRE,PORTO ACRE,Amazônia
 1655192994 ,cbaf4c0c-e247-3307-8283-a920d1ac975f,   -9.427500 ,  -68.568750 ,2023-10-08 18:09:00,Brasil,ACRE,SENA MADUREIRA,Amazônia
 1655192995 ,e630c880-a58f-38e1-a58a-4b55ea47ae46,   -9.426230 ,  -68.563800 ,2023-10-08 18:09:00,Brasil,ACRE,SENA MADUREIRA,Amazônia
 1655192996 ,c28dbb0c-de2b-3827-a2a7-38d36fdf5052,   -9.409610 ,  -68.734560 ,2023-10-08 18:09:00,Brasil,ACRE,SENA MADUREIRA,Amazônia
 1655192997 ,8bd75f0c-821c-37c1-8754-455995bd3b75,   -9.381050 ,  -68.717700 ,2023-10-08 18:09:00,Brasil,ACRE,SENA MADUREIRA,Amazônia
 1655192998 ,0653b01e-9da5-3851-b764-a30790a8b517,   -9.379850 ,  -68.704110 ,2023-10-08 18:09:00,Brasil,ACRE,SENA MADUREIRA,Amazônia
 1655192999 ,362f8c50-e87c-3b7f-bb76-e200f4c21839,   -9.378480 ,  -68.697300 ,2023-10-08 18:09:00,Brasil,ACRE,SENA MADUREIRA,Amazônia
 1655336325 ,e7aca618-91c3-363e-9274-08ddbd84b61a,   -9.958920 ,  -68.916520 ,2023-10-09 18:49:00,Brasil,ACRE,SENA MADUREIRA,Amazônia
 1655701070 ,036b797b-a867-3e66-ab21-4a20ef717ed7,   -9.993080 ,  -67.182140 ,2023-10-11 18:34:00,Brasil,ACRE,SENADOR GUIOMARD,Amazônia
 1655701071 ,0f6f378b-7112-346e-bc38-6ce950811000,   -9.988480 ,  -66.857410 ,2023-10-11 18:34:00,Brasil,ACRE,ACRELÂNDIA,Amazônia
 1655701072 ,17c4be2e-6b0d-3836-b1d7-87a4267b4d9e,   -9.969780 ,  -67.215220 ,2023-10-11 18:34:00,Brasil,ACRE,SENADOR GUIOMARD,Amazônia
 1655701073 ,1fa14bc3-1b73-3ad3-84f1-98bc32120846,   -9.969630 ,  -66.896580 ,2023-10-11 18:34:00,Brasil,ACRE,ACRELÂNDIA,Amazônia
 1655701075 ,316e5e85-b828-30d4-887d-76dcf2468253,   -9.968160 ,  -66.886670 ,2023-10-11 18:34:00,Brasil,ACRE,ACRELÂNDIA,Amazônia
 1655701076 ,2066f201-b411-3e76-afc8-3ce4e4418098,   -9.926670 ,  -67.296890 ,2023-10-11 18:34:00,Brasil,ACRE,SENADOR GUIOMARD,Amazônia
 1655701080 ,70d195bd-d638-3407-9f61-52c3d825308f,   -9.832890 ,  -66.984800 ,2023-10-11 18:34:00,Brasil,ACRE,ACRELÂNDIA,Amazônia
 1655701081 ,25eed3c0-bc77-316c-9858-1d4f092924a5,   -9.804390 ,  -67.592040 ,2023-10-11 18:34:00,Brasil,ACRE,PORTO ACRE,Amazônia
 1655701083 ,0a6588c8-3ee6-33fd-9c8f-ff20b51bce78,   -9.722330 ,  -67.476750 ,2023-10-11 18:34:00,Brasil,ACRE,PORTO ACRE,Amazônia
 1655701084 ,3abd4f07-1d03-34e7-8b9c-f37bba78e983,   -9.713200 ,  -67.478140 ,2023-10-11 18:34:00,Brasil,ACRE,PORTO ACRE,Amazônia
 1655701085 ,a89a905d-5186-3f32-ac89-e5bc76467ba2,   -9.711790 ,  -67.468700 ,2023-10-11 18:34:00,Brasil,ACRE,PORTO ACRE,Amazônia
 1655701086 ,6a453abc-8c45-3d66-a555-6653ba00b1a4,   -9.656190 ,  -67.395660 ,2023-10-11 18:34:00,Brasil,ACRE,PORTO ACRE,Amazônia
 1655701087 ,5782b9f4-9620-388f-ac99-bfd8b3daba96,   -9.604910 ,  -67.490690 ,2023-10-11 18:34:00,Brasil,ACRE,PORTO ACRE,Amazônia
 1655701088 ,05913600-e30c-3405-b396-08d221f76c6c,   -9.601470 ,  -67.526830 ,2023-10-11 18:34:00,Brasil,ACRE,PORTO ACRE,Amazônia
 1655701089 ,295b13ce-baff-3e83-8238-c0d61764aaf0,   -9.600080 ,  -67.517410 ,2023-10-11 18:34:00,Brasil,ACRE,PORTO ACRE,Amazônia
 1655701092 ,d5180abc-2262-330d-9978-536e61907915,   -9.545570 ,  -68.781440 ,2023-10-11 18:36:00,Brasil,ACRE,SENA MADUREIRA,Amazônia
 1655701093 ,1b0479ac-f7d6-3f21-b832-b82f76691f10,   -9.544260 ,  -68.772450 ,2023-10-11 18:36:00,Brasil,ACRE,SENA MADUREIRA,Amazônia
 1655701094 ,6c6d9f4c-c1ff-3f87-b44b-d46c918038bd,   -9.503250 ,  -67.796240 ,2023-10-11 18:36:00,Brasil,ACRE,PORTO ACRE,Amazônia
 1655701095 ,7895461a-6717-3dee-a92b-22bca4e3f2d5,   -9.501880 ,  -67.786960 ,2023-10-11 18:36:00,Brasil,ACRE,PORTO ACRE,Amazônia
 1655701097 ,add775ea-7469-383e-b669-d4f9a2467605,   -9.416770 ,  -68.650160 ,2023-10-11 18:36:00,Brasil,ACRE,SENA MADUREIRA,Amazônia
 1655701098 ,8942a026-7678-393b-af88-b91f4f0deca8,   -9.415460 ,  -68.641160 ,2023-10-11 18:36:00,Brasil,ACRE,SENA MADUREIRA,Amazônia
 1655701105 ,95500e09-5978-3549-92ac-a626e3e42458,   -9.283300 ,  -68.811030 ,2023-10-11 18:36:00,Brasil,ACRE,SENA MADUREIRA,Amazônia
 1655701106 ,7a6e7f2a-5640-3ebd-a0b0-4c7a0e98667a,   -9.282000 ,  -68.802040 ,2023-10-11 18:36:00,Brasil,ACRE,SENA MADUREIRA,Amazônia
 1655701120 ,6e272b04-aaa2-355b-9b04-108f14a3e83e,   -8.002260 ,  -70.149320 ,2023-10-11 18:36:00,Brasil,ACRE,FEIJÓ,Amazônia
 1655701126 ,7b0dd7d0-8162-3dc7-b9bd-9b6d5bbb43d0,   -7.837390 ,  -72.331160 ,2023-10-11 18:36:00,Brasil,ACRE,CRUZEIRO DO SUL,Amazônia
 1655701127 ,bc6ed656-1423-3d56-a072-524c85adacc2,   -7.827410 ,  -72.332550 ,2023-10-11 18:36:00,Brasil,ACRE,CRUZEIRO DO SUL,Amazônia
 1655701130 ,5df5e992-6dba-37e3-9e1c-f142c3eedfc8,   -7.791900 ,  -73.030490 ,2023-10-11 18:36:00,Brasil,ACRE,RODRIGUES ALVES,Amazônia
 1655701495 ,63d13039-0a29-3625-b041-459916b78493,  -11.032840 ,  -68.425390 ,2023-10-11 18:34:00,Brasil,ACRE,EPITACIOLÂNDIA,Amazônia
 1655701496 ,3a8ad8b4-70d0-3514-ba88-d7d2754987d3,  -11.022810 ,  -68.618220 ,2023-10-11 18:34:00,Brasil,ACRE,EPITACIOLÂNDIA,Amazônia
 1655701497 ,dcede4e4-29d8-3089-bb29-eb75c03cf2a2,  -11.021510 ,  -68.609180 ,2023-10-11 18:34:00,Brasil,ACRE,EPITACIOLÂNDIA,Amazônia
 1655701498 ,0becc2ad-52a2-3296-bf7e-ae562797da38,  -11.016890 ,  -68.388280 ,2023-10-11 18:34:00,Brasil,ACRE,XAPURI,Amazônia
 1655701506 ,a10a9a93-ae7d-34bd-904c-21cea2cb69b6,  -10.978500 ,  -69.009700 ,2023-10-11 18:34:00,Brasil,ACRE,BRASILÉIA,Amazônia
 1655701508 ,5804f823-1750-301a-9c89-ceb07cb76aa2,  -10.953050 ,  -69.677190 ,2023-10-11 18:34:00,Brasil,ACRE,ASSIS BRASIL,Amazônia
 1655701509 ,13f9627c-d65a-3fde-86dd-d4d55ddbedfb,  -10.949900 ,  -68.241230 ,2023-10-11 18:34:00,Brasil,ACRE,XAPURI,Amazônia
 1655701512 ,12530c7e-b56c-3bd5-a9ff-d8f6fc7cb6d4,  -10.922100 ,  -68.300980 ,2023-10-11 18:34:00,Brasil,ACRE,XAPURI,Amazônia
 1655701513 ,5a70cf97-dfda-32d5-b0de-8b95f93f8ab9,  -10.920780 ,  -68.291940 ,2023-10-11 18:34:00,Brasil,ACRE,XAPURI,Amazônia
 1655701514 ,3022b115-cb63-3bab-8dee-c2347e186bf1,  -10.919460 ,  -68.282890 ,2023-10-11 18:34:00,Brasil,ACRE,XAPURI,Amazônia
 1655701515 ,28321040-3321-38dd-affa-8da26234b596,  -10.918140 ,  -68.273830 ,2023-10-11 18:34:00,Brasil,ACRE,XAPURI,Amazônia
 1655701516 ,d4b440c0-e9c9-3f7f-98f8-f73d6a748dd0,  -10.913150 ,  -68.492670 ,2023-10-11 18:34:00,Brasil,ACRE,EPITACIOLÂNDIA,Amazônia
 1655701517 ,0c172572-8b98-34ce-8157-c1d1d14238c8,  -10.909770 ,  -68.280670 ,2023-10-11 18:34:00,Brasil,ACRE,XAPURI,Amazônia
 1655701519 ,1b85087c-ead2-3a31-b09c-3bc1ed6099cf,  -10.908450 ,  -68.271610 ,2023-10-11 18:34:00,Brasil,ACRE,XAPURI,Amazônia
 1655701520 ,c3298175-baf0-34c9-a1a8-ddd1f6df2740,  -10.900840 ,  -68.282020 ,2023-10-11 18:34:00,Brasil,ACRE,XAPURI,Amazônia
 1655701521 ,979eea08-20e8-3423-9790-f37327b824b5,  -10.899520 ,  -68.272970 ,2023-10-11 18:34:00,Brasil,ACRE,XAPURI,Amazônia
 1655701522 ,ae4a33a4-8126-3fcb-95ae-7eb2af10635e,  -10.896890 ,  -68.254860 ,2023-10-11 18:34:00,Brasil,ACRE,XAPURI,Amazônia
 1655701523 ,232f9258-af6b-3451-b380-ad864ee7e57f,  -10.895580 ,  -68.245810 ,2023-10-11 18:34:00,Brasil,ACRE,XAPURI,Amazônia
 1655701527 ,e9a33a09-6538-33e4-a235-fc94b1bc8074,  -10.871220 ,  -68.717770 ,2023-10-11 18:34:00,Brasil,ACRE,EPITACIOLÂNDIA,Amazônia
 1655701528 ,b3951960-317c-3cef-ba94-a147ccf51fa7,  -10.869920 ,  -68.708740 ,2023-10-11 18:34:00,Brasil,ACRE,EPITACIOLÂNDIA,Amazônia
 1655701529 ,2bbdac8b-275a-3c30-9313-c48b0789737c,  -10.868780 ,  -68.249880 ,2023-10-11 18:34:00,Brasil,ACRE,XAPURI,Amazônia
 1655701530 ,8306713b-0b9f-3b7a-9256-10955d99652f,  -10.862300 ,  -68.719120 ,2023-10-11 18:34:00,Brasil,ACRE,EPITACIOLÂNDIA,Amazônia
 1655701531 ,53efa5ec-dff8-39d3-a1f7-08706c5b4ba4,  -10.860990 ,  -68.710080 ,2023-10-11 18:34:00,Brasil,ACRE,EPITACIOLÂNDIA,Amazônia
 1655701532 ,87df04be-ff29-33f6-a2ca-1e2265e86e80,  -10.859850 ,  -68.251230 ,2023-10-11 18:34:00,Brasil,ACRE,XAPURI,Amazônia
 1655701533 ,ff44d0fb-3381-3daf-a55f-33b9c7cdb778,  -10.859690 ,  -68.701050 ,2023-10-11 18:34:00,Brasil,ACRE,EPITACIOLÂNDIA,Amazônia
 1655701534 ,26a23adf-2d5e-3ca5-a2b0-bcf5050466e0,  -10.854950 ,  -69.564340 ,2023-10-11 18:34:00,Brasil,ACRE,BRASILÉIA,Amazônia
 1655701535 ,8d5d5c24-11da-3aca-9fa9-f1af51dd1622,  -10.851660 ,  -68.582330 ,2023-10-11 18:34:00,Brasil,ACRE,EPITACIOLÂNDIA,Amazônia
 1655701536 ,4b1cbea8-a2fa-345c-8130-22d597874dc2,  -10.850350 ,  -68.573300 ,2023-10-11 18:34:00,Brasil,ACRE,EPITACIOLÂNDIA,Amazônia
 1655701537 ,549ff229-a5fe-32cd-83ed-a14ffb9d3921,  -10.849040 ,  -68.564280 ,2023-10-11 18:34:00,Brasil,ACRE,EPITACIOLÂNDIA,Amazônia
 1655701538 ,41f8e2b3-a039-34b4-bc78-9fc276344ca9,  -10.847740 ,  -68.555250 ,2023-10-11 18:34:00,Brasil,ACRE,EPITACIOLÂNDIA,Amazônia
 1655701539 ,e9bf2a05-ebfc-313a-9578-0794ff2906f5,  -10.844450 ,  -68.721790 ,2023-10-11 18:34:00,Brasil,ACRE,EPITACIOLÂNDIA,Amazônia
 1655701540 ,70f5f679-304a-3adf-af23-f082c42d3b65,  -10.843150 ,  -68.712750 ,2023-10-11 18:34:00,Brasil,ACRE,EPITACIOLÂNDIA,Amazônia
 1655701541 ,3b428dd2-7668-3294-8a35-54139eca9eba,  -10.839030 ,  -68.621130 ,2023-10-11 18:34:00,Brasil,ACRE,EPITACIOLÂNDIA,Amazônia
 1655701542 ,91c805d2-5f04-3abb-887d-25df8c507d34,  -10.837730 ,  -68.612110 ,2023-10-11 18:34:00,Brasil,ACRE,EPITACIOLÂNDIA,Amazônia
 1655701543 ,9d986e87-5acd-3f8f-900a-603c383536c7,  -10.834270 ,  -69.548450 ,2023-10-11 18:34:00,Brasil,ACRE,BRASILÉIA,Amazônia
 1655701544 ,c6b17b3b-91b2-3c61-b51c-346ba682a410,  -10.825240 ,  -69.549770 ,2023-10-11 18:34:00,Brasil,ACRE,BRASILÉIA,Amazônia
 1655701545 ,3388daf8-3429-3d4b-8c42-ba0ef38a5861,  -10.810230 ,  -68.800770 ,2023-10-11 18:34:00,Brasil,ACRE,BRASILÉIA,Amazônia
 1655701546 ,e63cf568-3f47-3af8-a611-fe08bb1b6b8b,  -10.788120 ,  -68.647230 ,2023-10-11 18:34:00,Brasil,ACRE,EPITACIOLÂNDIA,Amazônia
 1655701547 ,82fdf5b8-e4b2-35d2-a677-0376bfaa799f,  -10.756160 ,  -68.491750 ,2023-10-11 18:34:00,Brasil,ACRE,XAPURI,Amazônia
 1655701548 ,6edf1740-a958-3b87-9b79-87aac4d8ed2a,  -10.754850 ,  -68.482720 ,2023-10-11 18:34:00,Brasil,ACRE,XAPURI,Amazônia
 1655701549 ,ab664fdb-9728-338a-b39c-52d73ea68619,  -10.740790 ,  -68.890820 ,2023-10-11 18:34:00,Brasil,ACRE,XAPURI,Amazônia
 1655701550 ,b5b94322-3261-3cba-8c6e-4a7229e827f0,  -10.739500 ,  -68.881770 ,2023-10-11 18:34:00,Brasil,ACRE,XAPURI,Amazônia
 1655701551 ,9c8011cc-8479-38a0-9e37-8d4056feda61,  -10.733750 ,  -68.651920 ,2023-10-11 18:34:00,Brasil,ACRE,EPITACIOLÂNDIA,Amazônia
 1655701552 ,0709b55e-a79b-32b1-a386-36163084667d,  -10.725470 ,  -69.623940 ,2023-10-11 18:34:00,Brasil,ACRE,BRASILÉIA,Amazônia
 1655701553 ,7f6ca60a-d9c4-3b5f-a2ca-c76159e5595f,  -10.723920 ,  -68.973780 ,2023-10-11 18:34:00,Brasil,ACRE,BRASILÉIA,Amazônia
 1655701555 ,b3ed2dfe-ee32-36a6-aec8-43f389e81279,  -10.674330 ,  -69.073750 ,2023-10-11 18:34:00,Brasil,ACRE,BRASILÉIA,Amazônia
 1655701556 ,13a57299-ae69-3a4e-bd27-48f3189b60c4,  -10.655660 ,  -69.586880 ,2023-10-11 18:34:00,Brasil,ACRE,BRASILÉIA,Amazônia
 1655701557 ,1fbec2d1-045d-33e5-99a4-c775028efade,  -10.647940 ,  -69.597470 ,2023-10-11 18:34:00,Brasil,ACRE,ASSIS BRASIL,Amazônia
 1655701558 ,d20a7a67-e247-3c35-83e5-9e9a2c357b74,  -10.610960 ,  -69.014910 ,2023-10-11 18:34:00,Brasil,ACRE,BRASILÉIA,Amazônia
 1655701559 ,deffe2c5-6e6b-3bb7-97f5-d1946da42a2d,  -10.606530 ,  -68.793950 ,2023-10-11 18:34:00,Brasil,ACRE,XAPURI,Amazônia
 1655701560 ,5e9c7f7b-ff8d-362a-912a-f17acf8dbaab,  -10.602020 ,  -69.016240 ,2023-10-11 18:34:00,Brasil,ACRE,BRASILÉIA,Amazônia
 1655701561 ,76448bf4-612d-3089-af42-1fc9723e34a1,  -10.577160 ,  -68.779910 ,2023-10-11 18:34:00,Brasil,ACRE,XAPURI,Amazônia
 1655701562 ,ebcf556e-f853-329e-ae62-b82d78f6b191,  -10.575860 ,  -68.770890 ,2023-10-11 18:34:00,Brasil,ACRE,XAPURI,Amazônia
 1655701563 ,8d60d390-68d2-3dce-9c10-e238c5f5011d,  -10.570840 ,  -68.799300 ,2023-10-11 18:34:00,Brasil,ACRE,XAPURI,Amazônia
 1655701564 ,2c86b347-fc5b-3531-ada4-1112204b13b0,  -10.569000 ,  -69.240810 ,2023-10-11 18:34:00,Brasil,ACRE,BRASILÉIA,Amazônia
 1655701565 ,bede908d-f59d-343d-896f-63812751f9a7,  -10.548700 ,  -68.645920 ,2023-10-11 18:34:00,Brasil,ACRE,XAPURI,Amazônia
 1655701567 ,c63657e1-bdc9-333f-8aa2-09ad6d5b8f68,  -10.547390 ,  -68.636900 ,2023-10-11 18:34:00,Brasil,ACRE,XAPURI,Amazônia
 1655701568 ,22bd13e1-9a70-35e7-99be-c441a487c099,  -10.511360 ,  -68.713330 ,2023-10-11 18:34:00,Brasil,ACRE,XAPURI,Amazônia
 1655701569 ,9e7ac694-596d-38d8-9788-87f679c4ed2a,  -10.494820 ,  -68.725010 ,2023-10-11 18:34:00,Brasil,ACRE,XAPURI,Amazônia
 1655701570 ,f8d7cd27-ea9a-3bb3-b9e4-921c2c4cf61b,  -10.487880 ,  -67.913940 ,2023-10-11 18:34:00,Brasil,ACRE,CAPIXABA,Amazônia
 1655701572 ,9e5a0d3b-44bb-3619-8911-6191977019f2,  -10.468420 ,  -68.857970 ,2023-10-11 18:34:00,Brasil,ACRE,XAPURI,Amazônia
 1655701573 ,30446a56-f2d6-3cac-a216-13e5a9e4bab6,  -10.435650 ,  -68.568100 ,2023-10-11 18:34:00,Brasil,ACRE,XAPURI,Amazônia
 1655701574 ,cd9ac670-d57f-32d7-a065-bf6dad88e68c,  -10.344190 ,  -67.754520 ,2023-10-11 18:34:00,Brasil,ACRE,CAPIXABA,Amazônia
 1655701575 ,723175f7-1726-394f-a1d0-261e1c5bab66,  -10.333670 ,  -69.074910 ,2023-10-11 18:34:00,Brasil,ACRE,RIO BRANCO,Amazônia
 1655701576 ,b509873b-b8b8-394e-a4e5-6a9e4d36c471,  -10.123720 ,  -68.319380 ,2023-10-11 18:34:00,Brasil,ACRE,RIO BRANCO,Amazônia
 1655701577 ,772099bd-b50f-3de7-9715-ddeb4dd479f1,  -10.114120 ,  -68.191130 ,2023-10-11 18:34:00,Brasil,ACRE,RIO BRANCO,Amazônia
 1655861581 ,128f3fe9-c40e-352d-9f0e-c2bf821402a0,  -10.551750 ,  -69.241100 ,2023-10-12 19:17:00,Brasil,ACRE,BRASILÉIA,Amazônia
 1656021947 ,2e950b58-0c65-3802-b3ab-ba398e44706d,   -9.968510 ,  -68.816700 ,2023-10-13 18:21:00,Brasil,ACRE,SENA MADUREIRA,Amazônia
 1656021956 ,79ebb254-67f8-3ba7-8843-2c26020d993d,   -9.821340 ,  -69.005660 ,2023-10-13 18:21:00,Brasil,ACRE,SENA MADUREIRA,Amazônia
 1656021957 ,78b432ac-7b3f-3cce-bd0c-c3638d9d7da9,   -9.788070 ,  -68.918450 ,2023-10-13 18:21:00,Brasil,ACRE,SENA MADUREIRA,Amazônia
 1656021961 ,747892ca-5107-3130-8a01-ab09bcc251c1,   -9.728760 ,  -68.401990 ,2023-10-13 18:21:00,Brasil,ACRE,BUJARI,Amazônia
 1656021966 ,ac02df61-7ef0-39d6-b6f3-3a3b8ce72db5,   -9.668000 ,  -68.711720 ,2023-10-13 18:21:00,Brasil,ACRE,SENA MADUREIRA,Amazônia
 1656022125 ,8826250d-316c-3be3-9d85-9ff85108c7db,  -10.956650 ,  -68.666990 ,2023-10-13 18:19:00,Brasil,ACRE,EPITACIOLÂNDIA,Amazônia
 1656022127 ,01ba3998-d4a2-3e00-a198-8298f8729a98,  -10.829860 ,  -69.521930 ,2023-10-13 18:19:00,Brasil,ACRE,BRASILÉIA,Amazônia
 1656022129 ,d99eec7a-4421-31a3-a71e-f7efefcc5565,  -10.829020 ,  -69.516580 ,2023-10-13 18:19:00,Brasil,ACRE,BRASILÉIA,Amazônia
 1656022130 ,022f6524-e92f-3ce7-bc24-33ecb33e6dcd,  -10.817420 ,  -68.626540 ,2023-10-13 18:19:00,Brasil,ACRE,EPITACIOLÂNDIA,Amazônia
 1656022131 ,630b120d-3b00-3f4d-a03b-b77e8cbfed30,  -10.811470 ,  -68.633840 ,2023-10-13 18:19:00,Brasil,ACRE,EPITACIOLÂNDIA,Amazônia
 1656022132 ,052e7f7d-c9a2-3c37-a861-1690cd68cff4,  -10.796640 ,  -69.616410 ,2023-10-13 18:19:00,Brasil,ACRE,BRASILÉIA,Amazônia
 1656022133 ,3ca1d8eb-dbb4-3145-b34a-e4ce64fcc217,  -10.794700 ,  -69.601570 ,2023-10-13 18:19:00,Brasil,ACRE,BRASILÉIA,Amazônia
 1656022135 ,0200653d-2a89-320a-978e-38572cce74f8,  -10.723230 ,  -69.498560 ,2023-10-13 18:19:00,Brasil,ACRE,BRASILÉIA,Amazônia
 1656022136 ,31cf040a-5b09-381e-a70e-9e8bced05fb1,  -10.721760 ,  -69.573120 ,2023-10-13 18:19:00,Brasil,ACRE,BRASILÉIA,Amazônia
 1656022138 ,397ea1c8-8fbc-36d1-989d-70ef3633e30a,  -10.706330 ,  -69.456830 ,2023-10-13 18:19:00,Brasil,ACRE,BRASILÉIA,Amazônia
 1656022139 ,8aca5516-0c84-3203-ae36-c129f0055a23,  -10.693040 ,  -69.356840 ,2023-10-13 18:19:00,Brasil,ACRE,BRASILÉIA,Amazônia
 1656022140 ,644cc887-b03f-3608-96c6-7632af608762,  -10.669100 ,  -69.345520 ,2023-10-13 18:19:00,Brasil,ACRE,BRASILÉIA,Amazônia
 1656022142 ,caea724f-1856-3894-ad15-f96be2b3fbd0,  -10.647530 ,  -69.528700 ,2023-10-13 18:19:00,Brasil,ACRE,BRASILÉIA,Amazônia
 1656022143 ,71a88e77-402b-3904-8aed-9a8163de1b2f,  -10.646980 ,  -69.523470 ,2023-10-13 18:19:00,Brasil,ACRE,BRASILÉIA,Amazônia
 1656022145 ,35f52c4f-c814-330a-8020-b3dfc0040d6e,  -10.645580 ,  -69.514200 ,2023-10-13 18:19:00,Brasil,ACRE,BRASILÉIA,Amazônia
 1656022146 ,c4e5555e-9786-3549-9397-3a7cde603eaf,  -10.645130 ,  -69.508960 ,2023-10-13 18:19:00,Brasil,ACRE,BRASILÉIA,Amazônia
 1656022147 ,7d02a8e8-7c1f-33bd-a841-cd04181e6d19,  -10.643630 ,  -69.499720 ,2023-10-13 18:19:00,Brasil,ACRE,BRASILÉIA,Amazônia
 1656022148 ,38d55007-cedf-3449-835c-2e3c4d2ca5c0,  -10.643360 ,  -69.406720 ,2023-10-13 18:19:00,Brasil,ACRE,BRASILÉIA,Amazônia
 1656022149 ,eecb3388-ba69-381a-a499-6fd66f1d8964,  -10.624770 ,  -68.474890 ,2023-10-13 18:19:00,Brasil,ACRE,XAPURI,Amazônia
 1656022150 ,48732e3f-4d9d-39a1-98e8-2f8a1c114b3c,  -10.623150 ,  -68.462650 ,2023-10-13 18:19:00,Brasil,ACRE,XAPURI,Amazônia
 1656022152 ,52c50632-c1a7-332c-be7c-e7812696bd6b,  -10.602360 ,  -69.360050 ,2023-10-13 18:19:00,Brasil,ACRE,BRASILÉIA,Amazônia
 1656022154 ,0991a491-5ad8-3e6e-a65e-f6ecfed8403f,  -10.595170 ,  -69.033760 ,2023-10-13 18:19:00,Brasil,ACRE,BRASILÉIA,Amazônia
 1656022266 ,54071b43-d3e3-3429-baa2-716d07497c38,  -10.272500 ,  -67.151430 ,2023-10-13 18:19:00,Brasil,ACRE,PLÁCIDO DE CASTRO,Amazônia
 1656022267 ,5b616277-4b43-36f9-8dcb-0674f275fb21,  -10.271100 ,  -67.141230 ,2023-10-13 18:19:00,Brasil,ACRE,PLÁCIDO DE CASTRO,Amazônia
 1656022269 ,b9420a45-8334-3c14-b6b1-dc9bd637ac0e,  -10.245430 ,  -69.078270 ,2023-10-13 18:21:00,Brasil,ACRE,RIO BRANCO,Amazônia
 1656022270 ,748783ce-d62d-3e54-8028-9bdd5d8a387b,  -10.221170 ,  -67.238700 ,2023-10-13 18:21:00,Brasil,ACRE,PLÁCIDO DE CASTRO,Amazônia
 1656022271 ,794e37be-3d2d-3b83-b956-8b838e875882,  -10.219830 ,  -69.407730 ,2023-10-13 18:21:00,Brasil,ACRE,SENA MADUREIRA,Amazônia
 1656022272 ,ad3903eb-7343-37ac-a011-788b4f2291b0,  -10.217970 ,  -69.393660 ,2023-10-13 18:21:00,Brasil,ACRE,SENA MADUREIRA,Amazônia
 1656022273 ,6632de61-ac07-35a6-b628-7e49671253f2,  -10.102060 ,  -68.447310 ,2023-10-13 18:21:00,Brasil,ACRE,RIO BRANCO,Amazônia
 1656022274 ,263259a9-0317-36f4-8fd6-9ad29c97b51e,  -10.092820 ,  -68.303260 ,2023-10-13 18:21:00,Brasil,ACRE,RIO BRANCO,Amazônia
 1656022275 ,318e1312-c4df-3691-a8f6-fd8b60c078be,  -10.041360 ,  -68.450090 ,2023-10-13 18:21:00,Brasil,ACRE,RIO BRANCO,Amazônia
 1656022277 ,3da04ed2-cbd8-32ba-a759-cc86b5234086,  -10.031150 ,  -68.451550 ,2023-10-13 18:21:00,Brasil,ACRE,RIO BRANCO,Amazônia
 1656022291 ,fac4bc15-fe61-33d6-8a5f-c0e1457b2381,  -10.592360 ,  -69.039670 ,2023-10-13 18:19:00,Brasil,ACRE,BRASILÉIA,Amazônia
 1656022292 ,fec21417-05f4-3926-b3a9-5f2f86bf16f4,  -10.589270 ,  -69.261940 ,2023-10-13 18:19:00,Brasil,ACRE,BRASILÉIA,Amazônia
 1656022293 ,b883ff00-500c-3156-85ce-9bbd2a1eb87f,  -10.583900 ,  -69.305340 ,2023-10-13 18:19:00,Brasil,ACRE,BRASILÉIA,Amazônia
 1656022294 ,b1166228-3a1c-3b9a-90eb-d40d5b8c2ddd,  -10.581970 ,  -68.375480 ,2023-10-13 18:19:00,Brasil,ACRE,XAPURI,Amazônia
 1656022295 ,251d1b27-f9ec-3b2f-acb6-8f4515049a5c,  -10.572950 ,  -69.306890 ,2023-10-13 18:19:00,Brasil,ACRE,BRASILÉIA,Amazônia
 1656022297 ,f0a14c03-13db-3e4f-9a6a-f31fb48f1cce,  -10.483070 ,  -69.157070 ,2023-10-13 18:21:00,Brasil,ACRE,XAPURI,Amazônia
 1656022298 ,56a788fd-48e6-334d-8a04-fbbc31810b64,  -10.470440 ,  -69.144950 ,2023-10-13 18:21:00,Brasil,ACRE,XAPURI,Amazônia
 1656022299 ,302ee461-1697-3e78-83b7-b3d5ee2baa8e,  -10.437010 ,  -68.735360 ,2023-10-13 18:19:00,Brasil,ACRE,XAPURI,Amazônia
 1656022301 ,6c9a5f5f-0be0-3bb7-b6dc-5e502c7c8332,  -10.427470 ,  -68.292530 ,2023-10-13 18:19:00,Brasil,ACRE,XAPURI,Amazônia
 1656022302 ,f6b5e63c-3666-3760-8c5f-b0bf2e7dcdf7,  -10.425880 ,  -68.280620 ,2023-10-13 18:19:00,Brasil,ACRE,XAPURI,Amazônia
 1656022303 ,3272a733-73af-35d0-80af-7fdbeab84b18,  -10.403870 ,  -68.727100 ,2023-10-13 18:21:00,Brasil,ACRE,XAPURI,Amazônia
 1656022304 ,89d6fb73-6947-3073-8430-98bcfbbfc5d2,  -10.402490 ,  -68.637480 ,2023-10-13 18:21:00,Brasil,ACRE,XAPURI,Amazônia
 1656022305 ,2c6241ec-5309-3bb6-9255-50d147ff7070,  -10.355950 ,  -68.605930 ,2023-10-13 18:21:00,Brasil,ACRE,XAPURI,Amazônia
 1656022307 ,8fff5e3b-2282-31bd-83dd-f277b15a2dfa,  -10.354320 ,  -68.593570 ,2023-10-13 18:21:00,Brasil,ACRE,XAPURI,Amazônia
 1656022308 ,93936610-c066-3d30-bde5-1fd0ec52f58e,  -10.281980 ,  -67.150090 ,2023-10-13 18:19:00,Brasil,ACRE,PLÁCIDO DE CASTRO,Amazônia
 1656022309 ,dfb4450a-e7fe-349d-a588-593abeb89bb9,  -10.280560 ,  -67.139850 ,2023-10-13 18:19:00,Brasil,ACRE,PLÁCIDO DE CASTRO,Amazônia
 1656183613 ,5d11630e-b7af-339b-a7fd-3fccba121b54,   -9.733070 ,  -67.482930 ,2023-10-14 19:02:00,Brasil,ACRE,PORTO ACRE,Amazônia
 1656184922 ,fa31e808-6689-3bc0-b654-118ba5886200,   -7.792120 ,  -72.736830 ,2023-10-14 19:04:00,Brasil,ACRE,RODRIGUES ALVES,Amazônia
 1656338999 ,36681e8a-2e97-3d2a-822c-ea12b726fd32,   -9.899350 ,  -67.342510 ,2023-10-15 18:06:00,Brasil,ACRE,SENADOR GUIOMARD,Amazônia
 1656339002 ,048df5c6-d1c2-3278-b028-1b37846d7b1a,   -9.845110 ,  -68.781680 ,2023-10-15 18:06:00,Brasil,ACRE,SENA MADUREIRA,Amazônia
 1656339004 ,a0ab23a8-264d-33a4-8a88-870a3d0e992b,   -9.840880 ,  -68.786900 ,2023-10-15 18:06:00,Brasil,ACRE,SENA MADUREIRA,Amazônia
 1656339011 ,6b516812-70d4-3616-926e-270721a99cf3,   -9.680330 ,  -69.041100 ,2023-10-15 18:06:00,Brasil,ACRE,SENA MADUREIRA,Amazônia
 1656339012 ,ca1eea3f-e880-3fbb-a95e-f1929ff6c180,   -9.677760 ,  -69.046270 ,2023-10-15 18:06:00,Brasil,ACRE,SENA MADUREIRA,Amazônia
 1656339023 ,c0cbbaef-2971-3f34-b94c-1619ba11a4cb,   -9.477910 ,  -68.755770 ,2023-10-15 18:06:00,Brasil,ACRE,SENA MADUREIRA,Amazônia
 1656339036 ,c9585bb8-869a-3684-b747-a57851b5fab7,   -9.238590 ,  -68.684100 ,2023-10-15 18:06:00,Brasil,ACRE,SENA MADUREIRA,Amazônia
 1656339037 ,f0d06132-2e10-3117-89df-a270cde296b3,   -9.225850 ,  -68.477030 ,2023-10-15 18:06:00,Brasil,ACRE,SENA MADUREIRA,Amazônia
 1656339252 ,5c98b231-6376-364a-9eab-622ef6164b07,  -10.735990 ,  -68.512260 ,2023-10-15 18:06:00,Brasil,ACRE,XAPURI,Amazônia
 1656339253 ,97cc0556-48ff-32df-a0c0-040497e26fe7,  -10.731230 ,  -68.518090 ,2023-10-15 18:06:00,Brasil,ACRE,XAPURI,Amazônia
 1656339255 ,12161bcd-6c58-3753-a743-4ab07720516e,  -10.240590 ,  -67.255040 ,2023-10-15 18:06:00,Brasil,ACRE,PLÁCIDO DE CASTRO,Amazônia
 1656339260 ,9958df51-d130-3b41-967f-7c63d203982e,  -10.067610 ,  -68.431180 ,2023-10-15 18:06:00,Brasil,ACRE,RIO BRANCO,Amazônia
 1656339261 ,3206af58-96af-39fe-a989-8d313714c1fa,  -10.063750 ,  -68.447900 ,2023-10-15 18:06:00,Brasil,ACRE,RIO BRANCO,Amazônia
 1656479104 ,172c6730-53f2-3cab-ad4c-79ec3fea0e5c,   -7.798880 ,  -70.855760 ,2023-10-16 18:49:00,Brasil,ACRE,TARAUACÁ,Amazônia
 1656479105 ,ce6088fc-9296-3610-8c50-e434896195b3,   -8.076520 ,  -70.805360 ,2023-10-16 18:49:00,Brasil,ACRE,TARAUACÁ,Amazônia
 1656479106 ,77fc8b68-414a-3e34-96b9-8c30334178f3,   -8.030860 ,  -71.243440 ,2023-10-16 18:49:00,Brasil,ACRE,TARAUACÁ,Amazônia
 1656479107 ,35a910d4-2b38-3fa1-a2e7-05e1168bdb33,   -8.024650 ,  -70.832430 ,2023-10-16 18:49:00,Brasil,ACRE,TARAUACÁ,Amazônia
 1656479108 ,f28075b3-6a30-358b-9709-6bbf81fea696,   -8.023260 ,  -70.823060 ,2023-10-16 18:49:00,Brasil,ACRE,TARAUACÁ,Amazônia
 1656479109 ,a1eded9e-c4cc-3a66-9109-8333ef2144ab,   -8.162900 ,  -70.586740 ,2023-10-16 18:49:00,Brasil,ACRE,TARAUACÁ,Amazônia
 1656479110 ,27e01379-7087-3a54-bb83-292a7001240f,   -8.095680 ,  -71.311940 ,2023-10-16 18:49:00,Brasil,ACRE,TARAUACÁ,Amazônia
 1656479111 ,c151e9d6-5bfa-30ce-95b9-fca46f1233f1,   -8.029520 ,  -71.234290 ,2023-10-16 18:49:00,Brasil,ACRE,TARAUACÁ,Amazônia
 1656479112 ,b0c3d54e-07ea-3295-bdd6-9241d911a0f0,   -8.000640 ,  -71.350500 ,2023-10-16 18:49:00,Brasil,ACRE,TARAUACÁ,Amazônia
 1656479115 ,3e6def4d-f4a0-3c46-89df-e550d0f0053e,   -7.786260 ,  -72.864040 ,2023-10-16 18:49:00,Brasil,ACRE,RODRIGUES ALVES,Amazônia
 1656479116 ,ba34fdb2-f5b7-322c-89c0-f82891097171,   -7.595750 ,  -72.692310 ,2023-10-16 18:49:00,Brasil,ACRE,CRUZEIRO DO SUL,Amazônia
 1656479122 ,ac1a8082-9fd7-386b-a5b9-02e296eb04bf,   -8.370850 ,  -72.633480 ,2023-10-16 18:49:00,Brasil,ACRE,PORTO WALTER,Amazônia
 1656479123 ,1269bf22-3a14-3d39-8c73-1c85f10cc8eb,   -8.058500 ,  -72.321820 ,2023-10-16 18:49:00,Brasil,ACRE,CRUZEIRO DO SUL,Amazônia
 1656675996 ,89f0aba1-8351-3e7d-bc64-ad294cb86227,   -9.701230 ,  -67.120220 ,2023-10-17 17:52:00,Brasil,ACRE,ACRELÂNDIA,Amazônia
 1656676038 ,a8834b5e-1e9e-3fc2-9278-8a1385ff84a9,   -9.313440 ,  -68.261220 ,2023-10-17 17:52:00,Brasil,ACRE,BUJARI,Amazônia
 1656676039 ,9a8f73c5-2cc2-3c8c-af4e-2747f6fe0aa4,   -9.312320 ,  -68.257670 ,2023-10-17 17:52:00,Brasil,ACRE,BUJARI,Amazônia
 1656839745 ,e3f13882-ddb0-38bc-a7a2-b9f0559c08cf,   -9.980110 ,  -67.226930 ,2023-10-18 18:32:00,Brasil,ACRE,SENADOR GUIOMARD,Amazônia
 1656839746 ,d0bf6995-f3df-34c9-b80f-7d4a9b625626,   -9.978770 ,  -67.217800 ,2023-10-18 18:32:00,Brasil,ACRE,SENADOR GUIOMARD,Amazônia
 1656839747 ,0bac46b6-9b5c-3013-8ef2-cdec9c5a9254,   -9.976240 ,  -68.734400 ,2023-10-18 18:32:00,Brasil,ACRE,RIO BRANCO,Amazônia
 1656839748 ,644edbe5-70b2-3612-84db-f7376a796b9a,   -9.971140 ,  -67.228290 ,2023-10-18 18:32:00,Brasil,ACRE,SENADOR GUIOMARD,Amazônia
 1656839749 ,34b86f50-949b-3945-af62-9365a9ecf99f,   -9.969790 ,  -67.219160 ,2023-10-18 18:32:00,Brasil,ACRE,SENADOR GUIOMARD,Amazônia
 1656839750 ,709f0bb9-74ec-38ae-970b-5a036d38d611,   -9.964630 ,  -68.717420 ,2023-10-18 18:32:00,Brasil,ACRE,RIO BRANCO,Amazônia
 1656839751 ,afab9943-db2a-334a-92e5-560da395e1d5,   -9.963170 ,  -68.643010 ,2023-10-18 18:32:00,Brasil,ACRE,RIO BRANCO,Amazônia
 1656839752 ,b1de5a38-0bf5-3441-8566-cdb581bb652e,   -9.962080 ,  -66.729560 ,2023-10-18 18:32:00,Brasil,ACRE,ACRELÂNDIA,Amazônia
 1656839753 ,5dc60e7b-1290-38b0-9110-6b36760dd63e,   -9.961860 ,  -68.633880 ,2023-10-18 18:32:00,Brasil,ACRE,RIO BRANCO,Amazônia
 1656839754 ,81b9b205-b61b-31a4-b209-09b7d518491c,   -9.946210 ,  -68.524640 ,2023-10-18 18:32:00,Brasil,ACRE,RIO BRANCO,Amazônia
 1656839755 ,5fba8fbe-fc40-3a4a-9832-d3d73df57c8e,   -9.938520 ,  -67.638140 ,2023-10-18 18:32:00,Brasil,ACRE,RIO BRANCO,Amazônia
 1656839756 ,723b40a5-eab4-3c0b-b8b1-2158ad302c24,   -9.846430 ,  -66.763310 ,2023-10-18 18:32:00,Brasil,ACRE,ACRELÂNDIA,Amazônia
 1656839757 ,616604fa-1f88-30a0-a759-f14b0df202ce,   -9.774330 ,  -67.211630 ,2023-10-18 18:32:00,Brasil,ACRE,SENADOR GUIOMARD,Amazônia
 1656839758 ,de147860-84b1-3bf7-b9a6-93124f8c8d9e,   -9.729050 ,  -68.485610 ,2023-10-18 18:32:00,Brasil,ACRE,RIO BRANCO,Amazônia
 1656839759 ,5e0b837a-e229-37f4-b9c1-5845cd0e34b3,   -9.728290 ,  -67.586320 ,2023-10-18 18:32:00,Brasil,ACRE,PORTO ACRE,Amazônia
 1656839760 ,74ab9983-1164-3c6a-84cf-e00f4824e7e0,   -9.724340 ,  -67.559220 ,2023-10-18 18:32:00,Brasil,ACRE,PORTO ACRE,Amazônia
 1656839762 ,0e643b7d-6574-31f8-b89f-3c6b41cd752e,   -9.660780 ,  -67.759750 ,2023-10-18 18:32:00,Brasil,ACRE,PORTO ACRE,Amazônia
 1656839763 ,fa604c8b-2c3f-3d21-8254-340a3f87a93d,   -9.656160 ,  -67.467830 ,2023-10-18 18:32:00,Brasil,ACRE,PORTO ACRE,Amazônia
 1656839764 ,ad5cb18b-14da-35ed-9d36-d95d57ebb033,   -9.636560 ,  -67.396640 ,2023-10-18 18:32:00,Brasil,ACRE,PORTO ACRE,Amazônia
 1656839769 ,ccac213c-10e2-3716-8232-3e3e1fab1d21,   -9.496270 ,  -68.593510 ,2023-10-18 18:32:00,Brasil,ACRE,SENA MADUREIRA,Amazônia
 1656839770 ,18bb9390-d212-347d-bcb8-630bc9e4c736,   -9.494970 ,  -68.584450 ,2023-10-18 18:32:00,Brasil,ACRE,SENA MADUREIRA,Amazônia
 1656839771 ,8e01c145-65c5-37c2-984d-8f63ba174c33,   -9.479120 ,  -68.029010 ,2023-10-18 18:32:00,Brasil,ACRE,BUJARI,Amazônia
 1656839772 ,7ba5b552-9cf4-3470-bf6d-86b105bec735,   -9.475630 ,  -68.513370 ,2023-10-18 18:32:00,Brasil,ACRE,SENA MADUREIRA,Amazônia
 1656839773 ,0e77a80d-6d54-3387-a583-f113641df604,   -9.471880 ,  -68.550880 ,2023-10-18 18:32:00,Brasil,ACRE,SENA MADUREIRA,Amazônia
 1656839774 ,d9bb12dd-09db-3c22-8f47-fc306f178c27,   -9.462930 ,  -68.552190 ,2023-10-18 18:32:00,Brasil,ACRE,SENA MADUREIRA,Amazônia
 1656839775 ,7f0008e4-0edf-340e-a1a2-1c9b696a3ecd,   -9.462580 ,  -68.040660 ,2023-10-18 18:32:00,Brasil,ACRE,BUJARI,Amazônia
 1656839777 ,77928437-6c7d-3776-a1e2-eecc9ed79b05,   -9.461630 ,  -68.543140 ,2023-10-18 18:32:00,Brasil,ACRE,SENA MADUREIRA,Amazônia
 1656839779 ,e70b2ab3-da59-353c-b374-0e56a647cf22,   -9.439170 ,  -68.196690 ,2023-10-18 18:32:00,Brasil,ACRE,BUJARI,Amazônia
 1656839780 ,0c314685-eb0f-328c-8d82-d0990a77ba33,   -9.426190 ,  -68.106810 ,2023-10-18 18:32:00,Brasil,ACRE,BUJARI,Amazônia
 1656839781 ,ec48d4e9-fb15-3545-a205-3eaa98066fae,   -9.411500 ,  -67.879460 ,2023-10-18 18:32:00,Brasil,ACRE,PORTO ACRE,Amazônia
 1656839782 ,0c74ed5b-de91-3fb7-b922-19f1ba38781e,   -9.402580 ,  -67.880800 ,2023-10-18 18:32:00,Brasil,ACRE,PORTO ACRE,Amazônia
 1656839788 ,5918dc5d-0169-36ae-836d-5bf7608da3f3,   -9.318740 ,  -68.193650 ,2023-10-18 18:32:00,Brasil,ACRE,BUJARI,Amazônia
 1656839791 ,c5b8f2eb-8add-390c-bf4b-bb7e3432a82e,   -9.282910 ,  -68.134760 ,2023-10-18 18:32:00,Brasil,ACRE,BUJARI,Amazônia
 1656839794 ,62071c71-bf2a-3a04-adc8-be5c4ade79c0,   -9.243780 ,  -69.273420 ,2023-10-18 18:34:00,Brasil,ACRE,SENA MADUREIRA,Amazônia
 1656839795 ,23a131e2-baf6-367f-9f52-df5d53d6a9bc,   -9.242450 ,  -69.264110 ,2023-10-18 18:34:00,Brasil,ACRE,SENA MADUREIRA,Amazônia
 1656839800 ,c74450de-aa61-32fb-a1bb-aa1756d3c12d,   -9.129030 ,  -69.825850 ,2023-10-18 18:34:00,Brasil,ACRE,SANTA ROSA DO PURUS,Amazônia
 1656839802 ,185634cf-f189-3568-b35c-8b7c87706915,   -9.127650 ,  -69.816140 ,2023-10-18 18:34:00,Brasil,ACRE,SANTA ROSA DO PURUS,Amazônia
 1656839805 ,704d2d76-f9e9-3278-ac6d-1fb2aaa0d4b6,   -9.103790 ,  -68.942490 ,2023-10-18 18:34:00,Brasil,ACRE,SENA MADUREIRA,Amazônia
 1656839812 ,3fbd4553-3c45-3bf5-9db6-014996b9d63b,   -9.015670 ,  -69.223990 ,2023-10-18 18:34:00,Brasil,ACRE,SENA MADUREIRA,Amazônia
 1656839815 ,b69e60a0-195d-3a7c-9504-ce142be69363,   -9.001360 ,  -69.188270 ,2023-10-18 18:34:00,Brasil,ACRE,SENA MADUREIRA,Amazônia
 1656839816 ,eff48dfc-23b8-3d4e-bdb0-cea71b654566,   -9.000050 ,  -69.179020 ,2023-10-18 18:34:00,Brasil,ACRE,SENA MADUREIRA,Amazônia
 1656839817 ,ca2b461b-df10-30ce-b515-a5e284bf5d0c,   -8.992640 ,  -69.388970 ,2023-10-18 18:34:00,Brasil,ACRE,MANOEL URBANO,Amazônia
 1656839818 ,c10c79d5-a5e4-3aaa-a9f8-882f77ffd21a,   -8.989820 ,  -69.237240 ,2023-10-18 18:34:00,Brasil,ACRE,MANOEL URBANO,Amazônia
 1656839819 ,3e02d0c6-31b4-314f-b648-b723a38606f6,   -8.941530 ,  -69.288650 ,2023-10-18 18:34:00,Brasil,ACRE,MANOEL URBANO,Amazônia
 1656839823 ,b654da04-e2c6-3ad7-b625-3db41cbd5bad,   -8.876620 ,  -69.156480 ,2023-10-18 18:34:00,Brasil,ACRE,MANOEL URBANO,Amazônia
 1656839825 ,1a360d61-70e3-3f53-8256-d06491e774ec,   -8.875400 ,  -69.213200 ,2023-10-18 18:34:00,Brasil,ACRE,MANOEL URBANO,Amazônia
 1656839828 ,cef53178-ccec-3716-ba0b-a05e75f0fb09,   -8.733030 ,  -71.073460 ,2023-10-18 18:34:00,Brasil,ACRE,TARAUACÁ,Amazônia
 1656839829 ,198e86da-6dca-3cea-90eb-f22f92b5ba18,   -8.695380 ,  -70.662740 ,2023-10-18 18:34:00,Brasil,ACRE,FEIJÓ,Amazônia
 1656839830 ,40c35fad-04c7-3267-b63c-3946d06528e1,   -8.693910 ,  -70.652290 ,2023-10-18 18:34:00,Brasil,ACRE,FEIJÓ,Amazônia
 1656839831 ,df0e643f-7555-30a9-b8ca-ca37f2b37c8a,   -8.663640 ,  -71.005000 ,2023-10-18 18:34:00,Brasil,ACRE,TARAUACÁ,Amazônia
 1656839832 ,232e54b6-d1f2-3510-93a7-c5cb4dcb5a42,   -8.660450 ,  -71.000940 ,2023-10-18 18:34:00,Brasil,ACRE,TARAUACÁ,Amazônia
 1656839833 ,29d97bfb-febe-3edf-94fb-77ab15d0c058,   -8.612560 ,  -69.696170 ,2023-10-18 18:34:00,Brasil,ACRE,FEIJÓ,Amazônia
 1656839834 ,aa7f7f5c-d84c-37c1-af4b-f1f388c37ce1,   -8.571290 ,  -70.859470 ,2023-10-18 18:34:00,Brasil,ACRE,TARAUACÁ,Amazônia
 1656839836 ,227dc592-bc75-3264-b051-9092ff48c6e3,   -8.539950 ,  -70.491130 ,2023-10-18 18:34:00,Brasil,ACRE,FEIJÓ,Amazônia
 1656839837 ,1e3e36bf-5746-3d8b-9332-83a01143459d,   -8.538530 ,  -70.480930 ,2023-10-18 18:34:00,Brasil,ACRE,FEIJÓ,Amazônia
 1656839838 ,99e6c114-8584-3ebf-b4f6-cc7a1b1667a0,   -8.530190 ,  -70.936430 ,2023-10-18 18:34:00,Brasil,ACRE,TARAUACÁ,Amazônia
 1656839839 ,10a7b745-4ee0-3068-8617-1de9b5f30c2c,   -8.527280 ,  -70.195290 ,2023-10-18 18:34:00,Brasil,ACRE,FEIJÓ,Amazônia
 1656839840 ,7ac36d9b-8285-3fd3-bfd8-62dd85d554f5,   -8.516120 ,  -70.116350 ,2023-10-18 18:34:00,Brasil,ACRE,FEIJÓ,Amazônia
 1656839841 ,7c669855-6654-3b94-8279-6c232d55d257,   -8.502660 ,  -70.088290 ,2023-10-18 18:34:00,Brasil,ACRE,FEIJÓ,Amazônia
 1656839842 ,4fa22d6b-feb1-3735-a6e0-3107282e63cd,   -8.464520 ,  -70.890980 ,2023-10-18 18:34:00,Brasil,ACRE,TARAUACÁ,Amazônia
 1656839844 ,eb809200-2f34-3594-9ac9-94c5b4025b67,   -8.334300 ,  -70.543080 ,2023-10-18 18:34:00,Brasil,ACRE,FEIJÓ,Amazônia
 1656839845 ,0fa225f1-8a4f-3e78-b4a0-437ea9b46b6b,   -8.332890 ,  -70.532880 ,2023-10-18 18:34:00,Brasil,ACRE,FEIJÓ,Amazônia
 1656839846 ,7dce77fc-5bf3-3568-ae49-2751cdf481ef,   -8.286880 ,  -70.863150 ,2023-10-18 18:34:00,Brasil,ACRE,TARAUACÁ,Amazônia
 1656839847 ,edf0e4e9-db28-3bea-96e3-fc8c991660de,   -8.285430 ,  -70.852540 ,2023-10-18 18:34:00,Brasil,ACRE,TARAUACÁ,Amazônia
 1656839848 ,c604eabc-7de9-38f5-b3d3-99128f788edc,   -8.266240 ,  -70.883610 ,2023-10-18 18:34:00,Brasil,ACRE,TARAUACÁ,Amazônia
 1656839849 ,b32945b1-3b65-3e95-ba76-2375fc1e9ca5,   -8.202080 ,  -70.179240 ,2023-10-18 18:34:00,Brasil,ACRE,FEIJÓ,Amazônia
 1656839850 ,d24e9b07-201f-3647-8426-6b5ee9ef5759,   -8.096570 ,  -70.984760 ,2023-10-18 18:34:00,Brasil,ACRE,TARAUACÁ,Amazônia
 1656839851 ,ec3c6444-bc0d-3da9-9ffb-5b26c7707c74,   -8.082480 ,  -70.503300 ,2023-10-18 18:34:00,Brasil,ACRE,FEIJÓ,Amazônia
 1656839852 ,3e196185-6cae-3483-8222-c4fc9e9fbcc4,   -8.053760 ,  -70.162850 ,2023-10-18 18:34:00,Brasil,ACRE,FEIJÓ,Amazônia
 1656839853 ,4fa0aa93-c27d-3d8b-9ee3-629ddeb1cd0d,   -8.045750 ,  -71.046810 ,2023-10-18 18:34:00,Brasil,ACRE,TARAUACÁ,Amazônia
 1656839854 ,711d353b-5579-3d0d-8402-e80b719fe069,   -8.044110 ,  -72.496040 ,2023-10-18 18:34:00,Brasil,ACRE,CRUZEIRO DO SUL,Amazônia
 1656839855 ,57c90535-8c9f-306d-bc90-7ae6f2db29d6,   -8.043640 ,  -70.959650 ,2023-10-18 18:34:00,Brasil,ACRE,TARAUACÁ,Amazônia
 1656839856 ,328e20a5-004c-384b-897b-80262e102e20,   -8.036200 ,  -72.491770 ,2023-10-18 18:34:00,Brasil,ACRE,CRUZEIRO DO SUL,Amazônia
 1656839857 ,b017ad59-82ec-35a8-8f83-2643ff9b1c64,   -8.033370 ,  -72.497520 ,2023-10-18 18:34:00,Brasil,ACRE,CRUZEIRO DO SUL,Amazônia
 1656839858 ,f7fac5da-5b5c-323e-a34c-5145210b7d2f,   -8.028620 ,  -70.186440 ,2023-10-18 18:34:00,Brasil,ACRE,FEIJÓ,Amazônia
 1656839859 ,63cf39af-0236-3983-87f4-067fd23e4930,   -8.028100 ,  -71.076900 ,2023-10-18 18:34:00,Brasil,ACRE,TARAUACÁ,Amazônia
 1656839860 ,33a760fa-a999-3879-a8bf-db691aca6566,   -8.018750 ,  -72.359870 ,2023-10-18 18:34:00,Brasil,ACRE,CRUZEIRO DO SUL,Amazônia
 1656839861 ,d4299058-f60e-3b68-9b0a-fc8387f472f3,   -8.013220 ,  -72.352710 ,2023-10-18 18:34:00,Brasil,ACRE,CRUZEIRO DO SUL,Amazônia
 1656839862 ,35b07886-7731-3d55-a915-e40b879af7a4,   -8.009240 ,  -71.013700 ,2023-10-18 18:34:00,Brasil,ACRE,TARAUACÁ,Amazônia
 1656839863 ,8927ff10-f9bf-39ab-8404-0682dafa26f4,   -8.005940 ,  -70.159800 ,2023-10-18 18:34:00,Brasil,ACRE,FEIJÓ,Amazônia
 1656839864 ,f6fb3b77-cda3-327c-a6b2-13537f69697f,   -8.004580 ,  -70.150020 ,2023-10-18 18:34:00,Brasil,ACRE,FEIJÓ,Amazônia
 1656839865 ,47572a9f-1185-379b-a916-d9eeb3b00807,   -7.989060 ,  -70.158850 ,2023-10-18 18:34:00,Brasil,ACRE,FEIJÓ,Amazônia
 1656839866 ,2d04e292-a9a3-3616-9d74-9a15a1fa1275,   -7.982370 ,  -70.963170 ,2023-10-18 18:34:00,Brasil,ACRE,TARAUACÁ,Amazônia
 1656839867 ,4c380ff1-21bd-3922-86a8-7c3f7cf31fbb,   -7.979770 ,  -70.160190 ,2023-10-18 18:34:00,Brasil,ACRE,FEIJÓ,Amazônia
 1656839868 ,4fd53cf5-6b9e-34fd-a347-e58e42f46380,   -7.976060 ,  -72.397930 ,2023-10-18 18:34:00,Brasil,ACRE,CRUZEIRO DO SUL,Amazônia
 1656839870 ,15f1ede8-06d2-3cb0-aac9-198458e15025,   -7.974280 ,  -72.384820 ,2023-10-18 18:34:00,Brasil,ACRE,CRUZEIRO DO SUL,Amazônia
 1656839871 ,fda37d1e-c37d-3303-985f-d1b8b8685194,   -7.927350 ,  -69.990140 ,2023-10-18 18:34:00,Brasil,ACRE,FEIJÓ,Amazônia
 1656839872 ,1bedbf71-f004-337e-8997-33dee1fb71a7,   -7.912270 ,  -70.219730 ,2023-10-18 18:34:00,Brasil,ACRE,FEIJÓ,Amazônia
 1656839873 ,ca7ea540-81fb-3196-ad0f-3e52137d1c39,   -7.780230 ,  -72.074950 ,2023-10-18 18:34:00,Brasil,ACRE,CRUZEIRO DO SUL,Amazônia
 1656839874 ,74f44b18-8cfe-3a44-ac20-2f03b08de1ca,   -7.778520 ,  -72.062630 ,2023-10-18 18:34:00,Brasil,ACRE,CRUZEIRO DO SUL,Amazônia
 1656840001 ,4b38e6b7-8f34-3e4e-9f5a-275f81198264,  -10.966360 ,  -68.445560 ,2023-10-18 18:32:00,Brasil,ACRE,EPITACIOLÂNDIA,Amazônia
 1656840002 ,99fae7f9-aa96-3cac-8cbb-16da73e16361,  -10.917530 ,  -68.424740 ,2023-10-18 18:32:00,Brasil,ACRE,EPITACIOLÂNDIA,Amazônia
 1656840003 ,2910df73-f8ee-3ff1-b393-7d05b47e2fe0,  -10.897860 ,  -68.222860 ,2023-10-18 18:32:00,Brasil,ACRE,XAPURI,Amazônia
 1656840004 ,464fb446-df95-3b3e-9fd4-ddc50839a8f2,  -10.819790 ,  -68.324690 ,2023-10-18 18:32:00,Brasil,ACRE,XAPURI,Amazônia
 1656840005 ,cd174b09-5133-368b-be22-703bc9f8aadc,  -10.801510 ,  -68.773980 ,2023-10-18 18:32:00,Brasil,ACRE,EPITACIOLÂNDIA,Amazônia
 1656840007 ,e05d4716-b321-3746-a867-a0efaf929bde,  -10.770460 ,  -68.750180 ,2023-10-18 18:32:00,Brasil,ACRE,EPITACIOLÂNDIA,Amazônia
 1656840008 ,01ff1811-3625-3e9b-b646-c64900d556be,  -10.769810 ,  -68.294940 ,2023-10-18 18:32:00,Brasil,ACRE,XAPURI,Amazônia
 1656840009 ,7b9173d7-8d77-3da2-9ce1-689f37491d0e,  -10.769150 ,  -68.740920 ,2023-10-18 18:32:00,Brasil,ACRE,EPITACIOLÂNDIA,Amazônia
 1656840010 ,3e391286-8c86-3d04-828d-b4b821d721fd,  -10.766650 ,  -68.788590 ,2023-10-18 18:32:00,Brasil,ACRE,EPITACIOLÂNDIA,Amazônia
 1656840011 ,09d1f792-7d55-3d3d-a408-1c21ad81d060,  -10.765350 ,  -68.779330 ,2023-10-18 18:32:00,Brasil,ACRE,EPITACIOLÂNDIA,Amazônia
 1656840012 ,1e6ad163-d0e7-3b58-8854-d450ea88bf7b,  -10.753990 ,  -68.312250 ,2023-10-18 18:32:00,Brasil,ACRE,XAPURI,Amazônia
 1656840013 ,0c4c4141-969a-3e36-adc8-f4e05ac6f9dd,  -10.745870 ,  -68.706510 ,2023-10-18 18:32:00,Brasil,ACRE,EPITACIOLÂNDIA,Amazônia
 1656840014 ,0a8c6f17-564f-3e0b-a3c3-6f286d631828,  -10.742900 ,  -68.491000 ,2023-10-18 18:32:00,Brasil,ACRE,XAPURI,Amazônia
 1656840015 ,252e8094-f33d-3a24-a0b2-5cd2fb2cc1e6,  -10.721340 ,  -68.992470 ,2023-10-18 18:32:00,Brasil,ACRE,BRASILÉIA,Amazônia
 1656840016 ,05b9c742-e932-33db-951a-220c69b372c5,  -10.717750 ,  -68.641810 ,2023-10-18 18:32:00,Brasil,ACRE,EPITACIOLÂNDIA,Amazônia
 1656840017 ,12926015-6092-3a37-b45c-979be99a91c2,  -10.701430 ,  -69.301380 ,2023-10-18 18:32:00,Brasil,ACRE,BRASILÉIA,Amazônia
 1656840018 ,c51d4a20-ac9a-30cc-8838-1ea875af1e52,  -10.691040 ,  -68.777850 ,2023-10-18 18:32:00,Brasil,ACRE,EPITACIOLÂNDIA,Amazônia
 1656840019 ,baf30596-efdd-343c-bc5c-06a057deb562,  -10.690720 ,  -68.645790 ,2023-10-18 18:32:00,Brasil,ACRE,EPITACIOLÂNDIA,Amazônia
 1656840020 ,f4cf4b93-4396-3667-bdcd-ea53edcc67d4,  -10.690690 ,  -69.630530 ,2023-10-18 18:32:00,Brasil,ACRE,BRASILÉIA,Amazônia
 1656840021 ,e63f1048-b88f-3210-8b9b-90fedf0df71b,  -10.684380 ,  -68.081790 ,2023-10-18 18:32:00,Brasil,ACRE,XAPURI,Amazônia
 1656840022 ,6422fe8d-8bfc-3ca2-92b9-05274933a9c6,  -10.683080 ,  -68.072750 ,2023-10-18 18:32:00,Brasil,ACRE,XAPURI,Amazônia
 1656840023 ,1cbf3b2d-ee41-31b9-9923-e57e33cc9fd2,  -10.679390 ,  -68.760660 ,2023-10-18 18:32:00,Brasil,ACRE,EPITACIOLÂNDIA,Amazônia
 1656840025 ,4ff7d7da-8438-37de-897f-e402f00365bf,  -10.675690 ,  -68.865460 ,2023-10-18 18:32:00,Brasil,ACRE,XAPURI,Amazônia
 1656840026 ,0b040b39-5f8e-3484-b0d3-2659f99ffa42,  -10.671370 ,  -69.354720 ,2023-10-18 18:32:00,Brasil,ACRE,BRASILÉIA,Amazônia
 1656840027 ,acebe4aa-7521-334b-87f8-e16debf593fc,  -10.665240 ,  -68.791150 ,2023-10-18 18:32:00,Brasil,ACRE,XAPURI,Amazônia
 1656840028 ,ad9b01b9-84fe-3d92-b131-ff7d4bf29000,  -10.653500 ,  -68.707820 ,2023-10-18 18:32:00,Brasil,ACRE,EPITACIOLÂNDIA,Amazônia
 1656840029 ,8431fa83-0950-3770-b232-9e1d32815226,  -10.622600 ,  -68.680350 ,2023-10-18 18:32:00,Brasil,ACRE,XAPURI,Amazônia
 1656840030 ,1ed7a5f5-d740-30d7-91d2-fe6007cd9a28,  -10.600470 ,  -68.589710 ,2023-10-18 18:32:00,Brasil,ACRE,XAPURI,Amazônia
 1656840031 ,27d25c5c-a473-37a5-8259-f6e51a1e38e4,  -10.587170 ,  -69.081920 ,2023-10-18 18:32:00,Brasil,ACRE,BRASILÉIA,Amazônia
 1656840032 ,cec34071-bf16-35d4-a5ad-f0948266cc5b,  -10.586540 ,  -68.685650 ,2023-10-18 18:32:00,Brasil,ACRE,XAPURI,Amazônia
 1656840033 ,e4387077-c2ca-3186-b328-4275ded96828,  -10.584420 ,  -68.349660 ,2023-10-18 18:32:00,Brasil,ACRE,XAPURI,Amazônia
 1656840034 ,ca168662-256b-3687-b3b7-a58a296e4354,  -10.579620 ,  -69.160170 ,2023-10-18 18:32:00,Brasil,ACRE,BRASILÉIA,Amazônia
 1656840035 ,59f92d59-6a73-3791-b167-07b5d1b3e5c3,  -10.578410 ,  -68.499460 ,2023-10-18 18:32:00,Brasil,ACRE,XAPURI,Amazônia
 1656840036 ,92205d2b-abcd-357e-b605-23997c4dee23,  -10.577100 ,  -68.490320 ,2023-10-18 18:32:00,Brasil,ACRE,XAPURI,Amazônia
 1656840037 ,9f3ea5a3-c007-3eed-bce2-68205a80cfb8,  -10.573840 ,  -68.791270 ,2023-10-18 18:32:00,Brasil,ACRE,XAPURI,Amazônia
 1656840038 ,3afdcf3f-31fd-3239-ad11-8d070d2a48a1,  -10.572540 ,  -68.782010 ,2023-10-18 18:32:00,Brasil,ACRE,XAPURI,Amazônia
 1656840039 ,f6c2c166-5581-32c9-8b99-1cf58f36d0ca,  -10.571380 ,  -68.258840 ,2023-10-18 18:32:00,Brasil,ACRE,XAPURI,Amazônia
 1656840040 ,4c0d3a68-1239-3bdd-8bcf-0249bd9f7305,  -10.570070 ,  -68.249770 ,2023-10-18 18:32:00,Brasil,ACRE,XAPURI,Amazônia
 1656840041 ,955f2ca3-740b-36d0-ac1f-b9e1ce4afcb2,  -10.568270 ,  -68.557010 ,2023-10-18 18:32:00,Brasil,ACRE,XAPURI,Amazônia
 1656840042 ,16d9dce5-5954-38ad-ab6a-e822eaa771c9,  -10.563730 ,  -68.269240 ,2023-10-18 18:32:00,Brasil,ACRE,XAPURI,Amazônia
 1656840043 ,60babbda-f421-337f-aa75-4aa9429749e3,  -10.558300 ,  -68.746360 ,2023-10-18 18:32:00,Brasil,ACRE,XAPURI,Amazônia
 1656840044 ,71533095-3818-347b-9667-7f3ac5b78fba,  -10.551860 ,  -69.029390 ,2023-10-18 18:32:00,Brasil,ACRE,XAPURI,Amazônia
 1656840045 ,726fca07-3a15-3596-a746-8941eeaceee1,  -10.548110 ,  -68.160530 ,2023-10-18 18:32:00,Brasil,ACRE,XAPURI,Amazônia
 1656840046 ,11e124c2-f08f-396a-a23d-acfae7b03ebd,  -10.538600 ,  -68.477360 ,2023-10-18 18:32:00,Brasil,ACRE,XAPURI,Amazônia
 1656840047 ,21e95b00-39ad-3ceb-89ab-61426c363ba7,  -10.537300 ,  -68.468240 ,2023-10-18 18:32:00,Brasil,ACRE,XAPURI,Amazônia
 1656840048 ,dc340a32-8a7b-3428-b80e-631f15943c55,  -10.511550 ,  -69.006590 ,2023-10-18 18:32:00,Brasil,ACRE,XAPURI,Amazônia
 1656840049 ,b59bdef0-feaa-360c-b11d-2fbbb088ceef,  -10.493840 ,  -68.555800 ,2023-10-18 18:32:00,Brasil,ACRE,XAPURI,Amazônia
 1656840050 ,9eaa02cc-8f7c-342a-9fdd-cc66d11a2828,  -10.483580 ,  -67.902630 ,2023-10-18 18:32:00,Brasil,ACRE,CAPIXABA,Amazônia
 1656840051 ,f6b1662a-2717-34e3-a115-6e305e4e70c2,  -10.458950 ,  -68.439770 ,2023-10-18 18:32:00,Brasil,ACRE,XAPURI,Amazônia
 1656840052 ,4d059a82-02a3-3f9d-b4af-256f9fc8e6ff,  -10.457650 ,  -68.430670 ,2023-10-18 18:32:00,Brasil,ACRE,XAPURI,Amazônia
 1656840053 ,4f3420d3-05ed-3754-b867-5d81189fe848,  -10.453280 ,  -68.008560 ,2023-10-18 18:32:00,Brasil,ACRE,CAPIXABA,Amazônia
 1656840054 ,969d7171-cdcc-3d31-9a70-37eb753e111d,  -10.434540 ,  -68.396930 ,2023-10-18 18:32:00,Brasil,ACRE,XAPURI,Amazônia
 1656840055 ,14aca93a-563b-3d0f-8a66-baf2ad24877c,  -10.433240 ,  -68.387850 ,2023-10-18 18:32:00,Brasil,ACRE,XAPURI,Amazônia
 1656840056 ,ced01a22-7f5d-31bf-b730-9c92c56c7fa0,  -10.425790 ,  -67.954730 ,2023-10-18 18:32:00,Brasil,ACRE,CAPIXABA,Amazônia
 1656840057 ,0ce2ad4a-c0b1-301f-b367-ce931d8e542e,  -10.424480 ,  -67.945720 ,2023-10-18 18:32:00,Brasil,ACRE,CAPIXABA,Amazônia
 1656840058 ,311e13a5-f0ee-3954-b8e1-227199534eb5,  -10.420770 ,  -67.983120 ,2023-10-18 18:32:00,Brasil,ACRE,CAPIXABA,Amazônia
 1656840059 ,1902dfd2-c3dd-3a93-9523-ef8072a5582b,  -10.406640 ,  -67.948390 ,2023-10-18 18:32:00,Brasil,ACRE,CAPIXABA,Amazônia
 1656840060 ,b67864b9-0a17-3b58-9aae-815fe725aa1c,  -10.405340 ,  -67.939380 ,2023-10-18 18:32:00,Brasil,ACRE,CAPIXABA,Amazônia
 1656840061 ,c6ea3be6-41d2-31fb-bbbe-5b9221db1417,  -10.404040 ,  -67.930360 ,2023-10-18 18:32:00,Brasil,ACRE,CAPIXABA,Amazônia
 1656840062 ,88b225b6-b5a2-37ee-a339-b4c4948c2861,  -10.403580 ,  -68.500330 ,2023-10-18 18:32:00,Brasil,ACRE,XAPURI,Amazônia
 1656840063 ,c5502417-8f53-3cb5-8fc0-e6c469bdcf98,  -10.397720 ,  -67.949730 ,2023-10-18 18:32:00,Brasil,ACRE,CAPIXABA,Amazônia
 1656840064 ,650a6b01-9b73-3671-a86d-3c31ebead15e,  -10.396420 ,  -67.940710 ,2023-10-18 18:32:00,Brasil,ACRE,CAPIXABA,Amazônia
 1656840065 ,bf188a25-9dc4-369a-aeee-d7735b27ba1d,  -10.395120 ,  -67.931690 ,2023-10-18 18:32:00,Brasil,ACRE,CAPIXABA,Amazônia
 1656840067 ,feed023b-7154-3acc-95b1-6773bff9f1a6,  -10.319020 ,  -68.556640 ,2023-10-18 18:32:00,Brasil,ACRE,XAPURI,Amazônia
 1656840068 ,6cf94338-c683-3173-bdaa-19fd939b74be,  -10.317720 ,  -68.547530 ,2023-10-18 18:32:00,Brasil,ACRE,XAPURI,Amazônia
 1656840069 ,adaee720-664f-3471-91ac-c5eaacb3b4e0,  -10.314140 ,  -69.034370 ,2023-10-18 18:32:00,Brasil,ACRE,RIO BRANCO,Amazônia
 1656840070 ,fd81e74c-09da-3897-8519-0b629daebe46,  -10.270200 ,  -69.117260 ,2023-10-18 18:32:00,Brasil,ACRE,RIO BRANCO,Amazônia
 1656840071 ,46d22ca0-def6-3d58-9b4d-34868a570520,  -10.268880 ,  -69.107860 ,2023-10-18 18:32:00,Brasil,ACRE,RIO BRANCO,Amazônia
 1656840072 ,d4474d11-a37d-3442-b23c-2179683acb7c,  -10.238380 ,  -68.761490 ,2023-10-18 18:32:00,Brasil,ACRE,RIO BRANCO,Amazônia
 1656840073 ,03362ae3-4e9a-31b4-9ef7-033a68625c90,  -10.211480 ,  -69.093960 ,2023-10-18 18:32:00,Brasil,ACRE,SENA MADUREIRA,Amazônia
 1656840074 ,44c4c591-7863-3527-af4e-e12ce356ef2b,  -10.210150 ,  -69.084580 ,2023-10-18 18:32:00,Brasil,ACRE,SENA MADUREIRA,Amazônia
 1656840075 ,6133c6fc-b059-33bf-b83f-573d4ad6cc10,  -10.187840 ,  -68.992610 ,2023-10-18 18:32:00,Brasil,ACRE,RIO BRANCO,Amazônia
 1656840076 ,d81a9b11-abbd-30df-997f-504341437379,  -10.181640 ,  -68.685480 ,2023-10-18 18:32:00,Brasil,ACRE,RIO BRANCO,Amazônia
 1656840077 ,342b50b8-5a5c-397c-bd49-37d1c3e6e2ee,  -10.180350 ,  -68.676320 ,2023-10-18 18:32:00,Brasil,ACRE,RIO BRANCO,Amazônia
 1656840078 ,abac06d1-6b3b-3e86-a4d1-3d8d024ca14a,  -10.175070 ,  -68.574370 ,2023-10-18 18:32:00,Brasil,ACRE,RIO BRANCO,Amazônia
 1656840079 ,344a8ad1-d6af-3d20-9e52-77465e7fd42d,  -10.173770 ,  -68.565250 ,2023-10-18 18:32:00,Brasil,ACRE,RIO BRANCO,Amazônia
 1656840080 ,9d7da195-a20d-3600-a03b-be04d639d66f,  -10.153590 ,  -67.029020 ,2023-10-18 18:32:00,Brasil,ACRE,ACRELÂNDIA,Amazônia
 1656840081 ,39950216-b009-3f6c-b810-3697e598b221,  -10.144640 ,  -68.753470 ,2023-10-18 18:32:00,Brasil,ACRE,RIO BRANCO,Amazônia
 1656840082 ,299c03a2-3008-34df-a8da-eaa781e87e0c,  -10.143330 ,  -68.744270 ,2023-10-18 18:32:00,Brasil,ACRE,RIO BRANCO,Amazônia
 1656840083 ,1b607d9e-fb06-3ec9-ae60-8c03285e20ce,  -10.106040 ,  -67.211360 ,2023-10-18 18:32:00,Brasil,ACRE,PLÁCIDO DE CASTRO,Amazônia
 1656840084 ,248d2ec9-dccb-3b1e-9aad-62ccc5216d46,  -10.100170 ,  -68.954190 ,2023-10-18 18:32:00,Brasil,ACRE,SENA MADUREIRA,Amazônia
 1656840085 ,a3de3f6b-ca1c-3200-86b1-f9440db46c7e,  -10.098850 ,  -68.944920 ,2023-10-18 18:32:00,Brasil,ACRE,SENA MADUREIRA,Amazônia
 1656840086 ,d2d4130b-f5a4-367a-b291-428576c43ba3,  -10.075020 ,  -68.713330 ,2023-10-18 18:32:00,Brasil,ACRE,RIO BRANCO,Amazônia
 1656840087 ,68719a8b-d514-3635-bcc9-403ce5f082c5,  -10.073710 ,  -68.704150 ,2023-10-18 18:32:00,Brasil,ACRE,RIO BRANCO,Amazônia
 1656840088 ,c9939af1-10e2-32ee-a801-1da1f2df2518,  -10.057180 ,  -68.781520 ,2023-10-18 18:32:00,Brasil,ACRE,RIO BRANCO,Amazônia
 1656840089 ,a3a7910d-6d15-3636-baca-4a03947057ff,  -10.050830 ,  -68.035360 ,2023-10-18 18:32:00,Brasil,ACRE,RIO BRANCO,Amazônia
 1656840090 ,0851a33d-47c3-3974-ac4a-125394001ae9,  -10.037310 ,  -68.513950 ,2023-10-18 18:32:00,Brasil,ACRE,RIO BRANCO,Amazônia
 1656840091 ,1728dd0f-078e-3fb3-a6f2-bc6fb3fd181f,  -10.036010 ,  -68.504860 ,2023-10-18 18:32:00,Brasil,ACRE,RIO BRANCO,Amazônia
 1656840092 ,48bf6f30-29c2-33da-9a1b-0a92ae8111df,  -10.028350 ,  -68.515280 ,2023-10-18 18:32:00,Brasil,ACRE,RIO BRANCO,Amazônia
 1656840093 ,b694d6f0-22cf-3d64-9f81-011c12f96e70,  -10.027050 ,  -68.506190 ,2023-10-18 18:32:00,Brasil,ACRE,RIO BRANCO,Amazônia
 1656840094 ,0da93f0f-6e2f-353a-b47f-cc5250db0180,  -10.023660 ,  -68.739640 ,2023-10-18 18:32:00,Brasil,ACRE,RIO BRANCO,Amazônia
 1656840095 ,177af84a-d61a-336a-b1e5-11be1ef02231,  -10.022350 ,  -68.730450 ,2023-10-18 18:32:00,Brasil,ACRE,RIO BRANCO,Amazônia
 1657152941 ,d4bba4d3-11f8-304b-b388-622ce4166b03,   -9.958070 ,  -66.858580 ,2023-10-20 18:17:00,Brasil,ACRE,ACRELÂNDIA,Amazônia
 1657152942 ,55f65f8f-ffa9-36c6-adbe-627b3078912b,   -9.875390 ,  -67.301750 ,2023-10-20 18:17:00,Brasil,ACRE,SENADOR GUIOMARD,Amazônia
 1657152943 ,be9b4f3e-b260-3d4f-b5d3-01d8e428bb97,   -9.873810 ,  -67.290310 ,2023-10-20 18:17:00,Brasil,ACRE,SENADOR GUIOMARD,Amazônia
 1657152944 ,9a0c0388-d9fc-3561-a4a1-228c8d5902e1,   -9.863830 ,  -67.291740 ,2023-10-20 18:17:00,Brasil,ACRE,SENADOR GUIOMARD,Amazônia
 1657152953 ,66cb2b2d-a7b7-3679-b2a6-a69d0851bce6,  -10.252270 ,  -67.218220 ,2023-10-20 18:17:00,Brasil,ACRE,PLÁCIDO DE CASTRO,Amazônia
 1657153002 ,15ce80b8-9b17-3d64-96a8-01c33c54abec,   -9.336340 ,  -68.207790 ,2023-10-20 18:19:00,Brasil,ACRE,BUJARI,Amazônia
 1657153007 ,290f6cf6-3388-3314-ae52-692a661d72ad,  -10.810290 ,  -68.603830 ,2023-10-20 18:17:00,Brasil,ACRE,EPITACIOLÂNDIA,Amazônia
 1657153008 ,a606a47b-9a93-32fc-aed1-befce00b85c8,  -10.809830 ,  -68.610740 ,2023-10-20 18:17:00,Brasil,ACRE,EPITACIOLÂNDIA,Amazônia
 1657153009 ,6074578e-597a-3315-9224-ffc2e997a7dc,  -10.775220 ,  -68.779720 ,2023-10-20 18:17:00,Brasil,ACRE,EPITACIOLÂNDIA,Amazônia
 1657153010 ,7d22e534-cf2b-387f-b6e3-71d468dd7935,  -10.753860 ,  -68.957070 ,2023-10-20 18:17:00,Brasil,ACRE,XAPURI,Amazônia
 1657153011 ,d42ee341-ae90-3ded-9f43-91386ad5194d,  -10.740370 ,  -68.943180 ,2023-10-20 18:17:00,Brasil,ACRE,XAPURI,Amazônia
 1657153012 ,acd59a60-6adc-3680-92a1-d41c8cd2c9df,  -10.738330 ,  -68.927800 ,2023-10-20 18:17:00,Brasil,ACRE,XAPURI,Amazônia
 1657153013 ,594467d5-ef96-3b93-b185-2643ef51905b,  -10.719080 ,  -68.613560 ,2023-10-20 18:17:00,Brasil,ACRE,EPITACIOLÂNDIA,Amazônia
 1657153014 ,0b405f2c-367b-315f-b66a-707abc154691,  -10.709560 ,  -68.624180 ,2023-10-20 18:17:00,Brasil,ACRE,EPITACIOLÂNDIA,Amazônia
 1657153015 ,eea0e155-6bf9-3cb1-8e1d-f5fd718fecff,  -10.707950 ,  -68.615000 ,2023-10-20 18:17:00,Brasil,ACRE,EPITACIOLÂNDIA,Amazônia
 1657153016 ,58873f2c-d101-37f5-b168-ef409b59c141,  -10.707730 ,  -68.609840 ,2023-10-20 18:17:00,Brasil,ACRE,EPITACIOLÂNDIA,Amazônia
 1657153017 ,539f250c-55b1-3c81-8293-636b2f0fc45b,  -10.702620 ,  -68.659850 ,2023-10-20 18:17:00,Brasil,ACRE,EPITACIOLÂNDIA,Amazônia
 1657153018 ,a7e03c4b-da23-31e0-8132-e0d3cb78a239,  -10.696620 ,  -69.129630 ,2023-10-20 18:17:00,Brasil,ACRE,BRASILÉIA,Amazônia
 1657153019 ,b443487e-d286-3b0b-a67b-2c24ce693d4c,  -10.694520 ,  -69.113960 ,2023-10-20 18:17:00,Brasil,ACRE,BRASILÉIA,Amazônia
 1657153020 ,1a6df9ae-816d-33d0-bee9-e62337c5e41b,  -10.693540 ,  -69.123200 ,2023-10-20 18:17:00,Brasil,ACRE,BRASILÉIA,Amazônia
 1657153021 ,1fe5e50d-4a72-38a4-9959-3216b04bbb6a,  -10.671620 ,  -68.943960 ,2023-10-20 18:17:00,Brasil,ACRE,BRASILÉIA,Amazônia
 1657153022 ,ac24e331-7271-3e7b-a806-70ccaf44a969,  -10.665140 ,  -69.070000 ,2023-10-20 18:17:00,Brasil,ACRE,BRASILÉIA,Amazônia
 1657153023 ,8acd120f-68d4-35f9-9480-35b38fd4e2d7,  -10.659330 ,  -68.852960 ,2023-10-20 18:17:00,Brasil,ACRE,XAPURI,Amazônia
 1657153024 ,ce44fcff-f4e8-3b03-8f04-76396fa12479,  -10.537220 ,  -68.967120 ,2023-10-20 18:17:00,Brasil,ACRE,XAPURI,Amazônia
 1657153025 ,26272db0-658e-3a80-9cac-0662e6d62a52,  -10.535220 ,  -68.951900 ,2023-10-20 18:17:00,Brasil,ACRE,XAPURI,Amazônia
 1657153026 ,e353dd75-d7a6-3667-ab9d-a3950c76f933,  -10.533080 ,  -68.587050 ,2023-10-20 18:17:00,Brasil,ACRE,XAPURI,Amazônia
 1657153027 ,ecd4c814-8159-3acc-89fa-07a4c0916400,  -10.531500 ,  -68.665570 ,2023-10-20 18:17:00,Brasil,ACRE,XAPURI,Amazônia
 1657153028 ,f8c31e76-9b35-310e-86ea-19c6c28d5b78,  -10.531180 ,  -68.660400 ,2023-10-20 18:17:00,Brasil,ACRE,XAPURI,Amazônia
 1657153029 ,98b66f61-4a41-31c7-94de-f364b1448d8f,  -10.529540 ,  -68.651070 ,2023-10-20 18:17:00,Brasil,ACRE,XAPURI,Amazônia
 1657153030 ,3efb9d58-2c55-37bc-b68d-3d70952a779a,  -10.481700 ,  -68.806310 ,2023-10-20 18:17:00,Brasil,ACRE,XAPURI,Amazônia
 1657153031 ,fd812f83-8fa1-3528-ba9f-67cb46164ca5,  -10.258530 ,  -68.583560 ,2023-10-20 18:17:00,Brasil,ACRE,RIO BRANCO,Amazônia
 1657153032 ,012d3a44-369b-3174-bf08-0bc504019f0b,  -10.250460 ,  -68.707860 ,2023-10-20 18:17:00,Brasil,ACRE,RIO BRANCO,Amazônia
 1657153033 ,d9c9a814-11fb-3cad-858a-432cc0f421ee,  -10.239330 ,  -68.709380 ,2023-10-20 18:17:00,Brasil,ACRE,RIO BRANCO,Amazônia
 1657153034 ,f70e8839-4a06-3cad-b588-fe852d2a36e3,  -10.224400 ,  -68.682160 ,2023-10-20 18:17:00,Brasil,ACRE,RIO BRANCO,Amazônia
 1657153035 ,d904f36f-e628-396e-be56-36ffae22cbb2,   -9.668920 ,  -68.808490 ,2023-10-20 18:19:00,Brasil,ACRE,SENA MADUREIRA,Amazônia
 1657153036 ,40e44446-6380-35cc-af37-4d819a701d96,   -9.343550 ,  -68.862360 ,2023-10-20 18:19:00,Brasil,ACRE,SENA MADUREIRA,Amazônia
 1657153037 ,f5b1c11e-d33c-3ae1-8fce-09bd3e4ee5da,  -10.761250 ,  -68.308600 ,2023-10-20 18:17:00,Brasil,ACRE,XAPURI,Amazônia
 1657153038 ,e66cf885-9627-307c-86b3-30bbffe69a3a,  -10.756820 ,  -68.301900 ,2023-10-20 18:17:00,Brasil,ACRE,XAPURI,Amazônia
 1657153041 ,b2bf6322-1aa4-3564-98a5-fa5b6ef52f5d,  -10.605200 ,  -67.857240 ,2023-10-20 18:17:00,Brasil,ACRE,CAPIXABA,Amazônia
 1657153042 ,e5146d8f-4d2a-3850-b699-c33b9babef4e,  -10.603470 ,  -67.844600 ,2023-10-20 18:17:00,Brasil,ACRE,CAPIXABA,Amazônia
 1657153043 ,f301cfb9-42ca-3a32-b340-3ad043ef8602,  -10.578430 ,  -68.338600 ,2023-10-20 18:17:00,Brasil,ACRE,XAPURI,Amazônia
 1657153044 ,f58648fa-492d-328b-acaf-6a9bd59e35ae,  -10.545670 ,  -68.177720 ,2023-10-20 18:17:00,Brasil,ACRE,XAPURI,Amazônia
 1657153045 ,0470c9df-f2f3-3619-be35-0674f56accbb,  -10.452140 ,  -67.963330 ,2023-10-20 18:17:00,Brasil,ACRE,CAPIXABA,Amazônia
 1657153046 ,7ac30447-d27e-37ba-8bca-72ae86cf8b60,  -10.442500 ,  -68.009560 ,2023-10-20 18:17:00,Brasil,ACRE,CAPIXABA,Amazônia
 1657153047 ,c2ecbc7c-71b9-3a49-98a4-3b71a52bc496,  -10.440750 ,  -67.996710 ,2023-10-20 18:17:00,Brasil,ACRE,CAPIXABA,Amazônia
 1657153048 ,7120fb93-e9ef-34db-b56f-c24f452c8a61,  -10.073160 ,  -68.231250 ,2023-10-20 18:17:00,Brasil,ACRE,RIO BRANCO,Amazônia
 1657153049 ,8cac2a62-232d-380d-a9d7-b182971ae17f,  -10.071380 ,  -68.217990 ,2023-10-20 18:17:00,Brasil,ACRE,RIO BRANCO,Amazônia
 1657153056 ,72c6cd0d-46fa-3a46-95ec-553ee3d7a02a,  -11.016250 ,  -68.432610 ,2023-10-20 18:17:00,Brasil,ACRE,EPITACIOLÂNDIA,Amazônia
 1657153058 ,773a5acb-b891-315a-98d9-990fae3e7d5a,  -10.919160 ,  -68.395160 ,2023-10-20 18:17:00,Brasil,ACRE,XAPURI,Amazônia
 1657153059 ,c65c820c-28ea-3a2c-aadd-4c0090fc0e99,  -10.917320 ,  -68.381230 ,2023-10-20 18:17:00,Brasil,ACRE,XAPURI,Amazônia
 1657153062 ,63e73c1a-de22-3b44-90b4-1f37bf1c5547,  -10.838390 ,  -68.734040 ,2023-10-20 18:17:00,Brasil,ACRE,EPITACIOLÂNDIA,Amazônia
 1657153063 ,3fa4af70-fd1d-3382-9808-898a0fa45f2b,  -10.805720 ,  -68.836710 ,2023-10-20 18:17:00,Brasil,ACRE,BRASILÉIA,Amazônia
 1657153768 ,3a077b7e-bcb1-3121-8d97-b6a7fdf3a0ec,  -10.533450 ,  -69.302760 ,2023-10-20 18:17:00,Brasil,ACRE,BRASILÉIA,Amazônia
 1657153769 ,da7529d2-ed70-3b1f-bed2-4480c275c6bd,  -10.531410 ,  -69.286620 ,2023-10-20 18:17:00,Brasil,ACRE,BRASILÉIA,Amazônia
 1657153865 ,b823026d-8f19-3627-8c43-4c61f75a5ea9,  -10.902920 ,  -69.430720 ,2023-10-20 18:17:00,Brasil,ACRE,ASSIS BRASIL,Amazônia
 1657153866 ,28081b4f-a4f6-3300-9352-3cd386ca2d5e,  -10.847870 ,  -69.530620 ,2023-10-20 18:17:00,Brasil,ACRE,BRASILÉIA,Amazônia
 1657153867 ,4b88dee5-833d-304c-ada9-a8653e91a208,  -10.838810 ,  -69.654290 ,2023-10-20 18:17:00,Brasil,ACRE,BRASILÉIA,Amazônia
 1657153868 ,92008973-5e1f-335e-90a8-e8424f3eef45,  -10.838470 ,  -69.360980 ,2023-10-20 18:17:00,Brasil,ACRE,BRASILÉIA,Amazônia
 1657153869 ,73d39ec5-dea2-3488-90df-bb2deb8bc478,  -10.836670 ,  -69.636950 ,2023-10-20 18:17:00,Brasil,ACRE,BRASILÉIA,Amazônia
 1657153870 ,6c6bfcc6-a68e-305f-b570-908197a84168,  -10.834890 ,  -69.659810 ,2023-10-20 18:17:00,Brasil,ACRE,BRASILÉIA,Amazônia
 1657153871 ,973659f2-c181-3b7c-b3e1-52f8713b1610,  -10.832620 ,  -69.642490 ,2023-10-20 18:17:00,Brasil,ACRE,BRASILÉIA,Amazônia
 1657153872 ,7c540cd0-fa3d-3e8e-beb1-c51d0c9d7c96,  -10.828750 ,  -69.379230 ,2023-10-20 18:17:00,Brasil,ACRE,BRASILÉIA,Amazônia
 1657153873 ,60de1c5b-a114-3664-84b7-4ac79b0de81d,  -10.815160 ,  -69.697850 ,2023-10-20 18:17:00,Brasil,ACRE,BRASILÉIA,Amazônia
 1657153874 ,fd3d419b-1b33-38f8-88d6-6962eb3d7805,  -10.786370 ,  -69.474860 ,2023-10-20 18:17:00,Brasil,ACRE,ASSIS BRASIL,Amazônia
 1657153875 ,2a9b25b3-3546-3896-8e80-0e286b8f38b5,  -10.535450 ,  -69.292920 ,2023-10-20 18:17:00,Brasil,ACRE,BRASILÉIA,Amazônia
 1657153876 ,01a5001f-8551-3021-831a-1822bcaaa0ce,  -10.533290 ,  -69.276890 ,2023-10-20 18:17:00,Brasil,ACRE,BRASILÉIA,Amazônia
 1657484878 ,eddd607e-c0cd-3d4c-a208-a3756df26038,   -9.606180 ,  -68.700190 ,2023-10-22 18:04:00,Brasil,ACRE,SENA MADUREIRA,Amazônia
 1657704830 ,34c09abc-c390-3ae3-9818-c2d3d66eb239,   -9.951510 ,  -67.763890 ,2023-10-23 18:43:00,Brasil,ACRE,RIO BRANCO,Amazônia
 1657704831 ,f10910bb-f284-3de0-b436-226c2df112d3,   -9.871360 ,  -68.980130 ,2023-10-23 18:43:00,Brasil,ACRE,SENA MADUREIRA,Amazônia
 1657704833 ,f84de500-95cb-3740-b014-14cb0d0b3f9c,   -9.658800 ,  -68.603360 ,2023-10-23 18:43:00,Brasil,ACRE,RIO BRANCO,Amazônia
 1657704834 ,0bc86d22-ae83-3231-977c-89590b2159f9,   -9.645910 ,  -68.709990 ,2023-10-23 18:43:00,Brasil,ACRE,SENA MADUREIRA,Amazônia
 1657704835 ,189d93a7-1187-390f-a2a4-777d22e49ecb,   -9.638030 ,  -68.721650 ,2023-10-23 18:43:00,Brasil,ACRE,SENA MADUREIRA,Amazônia
 1657704836 ,f905a07d-e430-3019-beb7-5805833ee911,   -9.636480 ,  -68.711520 ,2023-10-23 18:43:00,Brasil,ACRE,SENA MADUREIRA,Amazônia
 1657704837 ,3c3b4a26-38ff-3778-bd77-c8a65a8a84fd,   -9.634780 ,  -68.763520 ,2023-10-23 18:43:00,Brasil,ACRE,SENA MADUREIRA,Amazônia
 1657704838 ,53c9c97c-5243-33f0-bf1b-15158cb210f0,   -9.633240 ,  -68.753460 ,2023-10-23 18:43:00,Brasil,ACRE,SENA MADUREIRA,Amazônia
 1657704840 ,7c959156-5149-3d58-b59a-db2761635c76,   -9.631940 ,  -68.554730 ,2023-10-23 18:43:00,Brasil,ACRE,RIO BRANCO,Amazônia
 1657704841 ,96a05792-d231-322f-8135-73e0ea14b22f,   -9.629530 ,  -68.759780 ,2023-10-23 18:43:00,Brasil,ACRE,SENA MADUREIRA,Amazônia
 1657704842 ,14365ad0-0dba-34e5-9dfb-ac5646c7b2dd,   -9.628030 ,  -68.749690 ,2023-10-23 18:43:00,Brasil,ACRE,SENA MADUREIRA,Amazônia
 1657704844 ,f6be499b-50cd-39a0-a9d0-cd263898ae8d,   -9.622340 ,  -68.682480 ,2023-10-23 18:43:00,Brasil,ACRE,RIO BRANCO,Amazônia
 1657704845 ,d2ae8a69-95ea-3625-90d9-022a5ee033ea,   -9.620470 ,  -68.698910 ,2023-10-23 18:43:00,Brasil,ACRE,SENA MADUREIRA,Amazônia
 1657704846 ,ad1104be-6ba8-310f-8607-8820f809513c,   -9.617440 ,  -68.678600 ,2023-10-23 18:43:00,Brasil,ACRE,RIO BRANCO,Amazônia
 1657704851 ,b1ab02b4-51fa-3ff0-ba57-05f3673bcd8d,   -9.525780 ,  -68.751390 ,2023-10-23 18:43:00,Brasil,ACRE,SENA MADUREIRA,Amazônia
 1657704852 ,f416dae6-d8e5-3b8e-909c-fd9380b8106f,   -9.499670 ,  -68.961130 ,2023-10-23 18:43:00,Brasil,ACRE,SENA MADUREIRA,Amazônia
 1657704853 ,711ef1ac-8392-3e0b-83de-6fa3da4cb742,   -9.464860 ,  -68.061860 ,2023-10-23 18:43:00,Brasil,ACRE,BUJARI,Amazônia
 1657704855 ,b3d808ad-9c38-35b6-97ac-b61e5f469c25,   -9.427550 ,  -68.097110 ,2023-10-23 18:43:00,Brasil,ACRE,BUJARI,Amazônia
 1657704856 ,ed7cfd00-e0aa-3988-abdd-7748b57af4d6,   -9.415340 ,  -68.753640 ,2023-10-23 18:43:00,Brasil,ACRE,SENA MADUREIRA,Amazônia
 1657704859 ,25ce79dd-4635-3682-94de-b87028331681,   -9.373000 ,  -68.666070 ,2023-10-23 18:43:00,Brasil,ACRE,SENA MADUREIRA,Amazônia
 1657704860 ,3c836e25-e001-3b2d-b72d-89b47419b6bc,   -9.371440 ,  -68.655790 ,2023-10-23 18:43:00,Brasil,ACRE,SENA MADUREIRA,Amazônia
 1657704864 ,a7b99dfc-ac3c-3c8a-bf17-157d3f61859f,   -9.171170 ,  -68.779340 ,2023-10-23 18:43:00,Brasil,ACRE,SENA MADUREIRA,Amazônia
 1657704865 ,714a4e2c-a207-35c8-8428-17c349f3e229,   -9.169650 ,  -68.769150 ,2023-10-23 18:43:00,Brasil,ACRE,SENA MADUREIRA,Amazônia
 1657704878 ,22ff2608-a28a-34e4-b052-1182960dada6,   -8.905880 ,  -68.849240 ,2023-10-23 18:45:00,Brasil,ACRE,SENA MADUREIRA,Amazônia
 1657704886 ,d04f4bad-0109-3313-8174-18b2e75002b1,   -8.767220 ,  -72.795020 ,2023-10-23 18:45:00,Brasil,ACRE,MARECHAL THAUMATURGO,Amazônia
 1657704887 ,8893baf2-5b69-36a7-a1f3-829e2a1b74b3,   -8.765860 ,  -72.785290 ,2023-10-23 18:45:00,Brasil,ACRE,MARECHAL THAUMATURGO,Amazônia
 1657704888 ,dccd3568-1f2f-3379-a52d-5b9980076c3e,   -8.747270 ,  -72.833210 ,2023-10-23 18:45:00,Brasil,ACRE,MARECHAL THAUMATURGO,Amazônia
 1657704890 ,f4a251bb-6223-3ae1-af71-912271fdfb0c,   -8.447960 ,  -72.806300 ,2023-10-23 18:45:00,Brasil,ACRE,PORTO WALTER,Amazônia
 1657704891 ,79add659-be4c-3bfa-ada0-c8d5e9c2e022,   -8.446590 ,  -72.796670 ,2023-10-23 18:45:00,Brasil,ACRE,PORTO WALTER,Amazônia
 1657704892 ,1e978701-062d-36ed-a0a3-24af5abf86a7,   -8.219570 ,  -73.005290 ,2023-10-23 18:45:00,Brasil,ACRE,CRUZEIRO DO SUL,Amazônia
 1657704893 ,da5b2dba-7567-30f7-939e-f377956ccac1,   -8.218180 ,  -72.995550 ,2023-10-23 18:45:00,Brasil,ACRE,CRUZEIRO DO SUL,Amazônia
 1657704894 ,9c132538-07b5-3b49-b396-baa5616f5d84,   -8.210280 ,  -73.006590 ,2023-10-23 18:45:00,Brasil,ACRE,CRUZEIRO DO SUL,Amazônia
 1657704895 ,fc4bc089-d625-3527-bf0c-e66b48a2584f,   -8.208900 ,  -72.996860 ,2023-10-23 18:45:00,Brasil,ACRE,CRUZEIRO DO SUL,Amazônia
 1657704896 ,007819c2-f8e4-36e3-ba25-02ddcd839ca1,   -7.930180 ,  -70.926900 ,2023-10-23 18:45:00,Brasil,ACRE,TARAUACÁ,Amazônia
 1657704898 ,a6ccf675-be6e-3f58-94cb-005942b2c657,   -7.844370 ,  -72.773780 ,2023-10-23 18:45:00,Brasil,ACRE,RODRIGUES ALVES,Amazônia
 1657704899 ,3bb81664-c309-3174-b417-87e49391863b,   -7.828890 ,  -72.337360 ,2023-10-23 18:45:00,Brasil,ACRE,CRUZEIRO DO SUL,Amazônia
 1657704905 ,c4d399b8-c52a-3fc1-aa1f-e78a754b8cf9,   -7.502980 ,  -73.479580 ,2023-10-23 18:45:00,Brasil,ACRE,MÂNCIO LIMA,Amazônia
 1657704906 ,e3bd5130-d694-301a-a40d-b3bc362ba446,   -7.434770 ,  -73.196430 ,2023-10-23 18:45:00,Brasil,ACRE,MÂNCIO LIMA,Amazônia
 1657704907 ,68608301-ecc3-37bc-9092-1c3ff942eb3c,   -7.433410 ,  -73.186660 ,2023-10-23 18:45:00,Brasil,ACRE,MÂNCIO LIMA,Amazônia
 1657704908 ,287a2fcb-0307-3275-84d6-c6fa8870f8fa,   -7.400190 ,  -73.338360 ,2023-10-23 18:45:00,Brasil,ACRE,MÂNCIO LIMA,Amazônia
 1657704911 ,55c70fe0-58b9-3d0d-a630-b937436ff838,   -7.387690 ,  -73.249780 ,2023-10-23 18:45:00,Brasil,ACRE,MÂNCIO LIMA,Amazônia
 1657704912 ,bb78d9e5-b90b-3ac3-a71c-94f52a079bc8,   -7.386310 ,  -73.239970 ,2023-10-23 18:45:00,Brasil,ACRE,MÂNCIO LIMA,Amazônia
 1657705077 ,bfd9c7f4-a16f-3dcc-9a2b-1cd61999286a,  -11.056620 ,  -68.509220 ,2023-10-23 18:43:00,Brasil,ACRE,EPITACIOLÂNDIA,Amazônia
 1657705078 ,96266beb-6248-305a-9dfe-85abf2aebdf6,  -11.055100 ,  -68.499080 ,2023-10-23 18:43:00,Brasil,ACRE,EPITACIOLÂNDIA,Amazônia
 1657705079 ,39e5eed4-2324-3b52-9727-d1f03f8a71f4,  -11.008110 ,  -68.506570 ,2023-10-23 18:43:00,Brasil,ACRE,EPITACIOLÂNDIA,Amazônia
 1657705080 ,2e91a0d4-3b06-3b4c-9e29-5ba437996f7a,  -10.968360 ,  -69.043750 ,2023-10-23 18:43:00,Brasil,ACRE,BRASILÉIA,Amazônia
 1657705083 ,1d9170fe-7ddb-3885-bfec-4388209b6a41,  -10.911130 ,  -69.643880 ,2023-10-23 18:43:00,Brasil,ACRE,ASSIS BRASIL,Amazônia
 1657705084 ,3b717093-e4d3-3335-8fe7-48af8e726ac8,  -10.904520 ,  -69.348680 ,2023-10-23 18:43:00,Brasil,ACRE,BRASILÉIA,Amazônia
 1657705085 ,b42f5fd0-4abc-30f0-aecf-c81abf19c7f4,  -10.900260 ,  -69.445460 ,2023-10-23 18:43:00,Brasil,ACRE,ASSIS BRASIL,Amazônia
 1657705086 ,bc065dc9-09a3-36fb-8e91-027b2990fb34,  -10.899750 ,  -68.405450 ,2023-10-23 18:43:00,Brasil,ACRE,EPITACIOLÂNDIA,Amazônia
 1657705087 ,3bee8e79-7e96-3704-a2b9-c72e215220bc,  -10.898180 ,  -68.395160 ,2023-10-23 18:43:00,Brasil,ACRE,XAPURI,Amazônia
 1657705088 ,8aa9f4b7-9b3a-3f4a-be51-dd14e15ff16b,  -10.865300 ,  -69.703960 ,2023-10-23 18:43:00,Brasil,ACRE,ASSIS BRASIL,Amazônia
 1657705089 ,56faad30-e60e-3824-b655-7ef41ba10edc,  -10.863290 ,  -69.508640 ,2023-10-23 18:43:00,Brasil,ACRE,ASSIS BRASIL,Amazônia
 1657705090 ,7c56989b-669f-3ca2-ab2b-054e51bec652,  -10.830640 ,  -69.166050 ,2023-10-23 18:43:00,Brasil,ACRE,BRASILÉIA,Amazônia
 1657705091 ,d3968a5a-5302-3b77-978e-a71e27b59bca,  -10.829200 ,  -69.156490 ,2023-10-23 18:43:00,Brasil,ACRE,BRASILÉIA,Amazônia
 1657705092 ,34524915-c456-3560-8383-d3579feaa685,  -10.821410 ,  -69.405910 ,2023-10-23 18:43:00,Brasil,ACRE,ASSIS BRASIL,Amazônia
 1657705093 ,00a8aadb-f498-3c76-82d1-579477c5065c,  -10.797610 ,  -69.495910 ,2023-10-23 18:43:00,Brasil,ACRE,BRASILÉIA,Amazônia
 1657705094 ,eefa42e8-c5a9-3a7e-9c3b-be116b01719f,  -10.762750 ,  -68.779010 ,2023-10-23 18:43:00,Brasil,ACRE,EPITACIOLÂNDIA,Amazônia
 1657705095 ,d5d53c65-92e2-3e9f-af80-6ee07e174c7a,  -10.754210 ,  -69.329540 ,2023-10-23 18:43:00,Brasil,ACRE,BRASILÉIA,Amazônia
 1657705096 ,a4862e68-8fde-3a7f-96f1-89c852fda5d5,  -10.752790 ,  -69.320080 ,2023-10-23 18:43:00,Brasil,ACRE,BRASILÉIA,Amazônia
 1657705097 ,c198b41e-6174-3bea-b88b-4c0452aeaad1,  -10.747150 ,  -68.801640 ,2023-10-23 18:43:00,Brasil,ACRE,EPITACIOLÂNDIA,Amazônia
 1657705098 ,2b6ce0f1-e80e-3d64-9032-729194081c97,  -10.726100 ,  -69.388660 ,2023-10-23 18:43:00,Brasil,ACRE,BRASILÉIA,Amazônia
 1657705099 ,5ec17d20-a407-3279-ad08-5c3c8b95558f,  -10.720430 ,  -69.476010 ,2023-10-23 18:43:00,Brasil,ACRE,ASSIS BRASIL,Amazônia
 1657705100 ,bf6a15b2-0240-3824-a651-17935c6c02c1,  -10.715520 ,  -69.505490 ,2023-10-23 18:43:00,Brasil,ACRE,BRASILÉIA,Amazônia
 1657705101 ,b7c73f78-6757-315b-83a2-2f2406561483,  -10.679810 ,  -68.583060 ,2023-10-23 18:43:00,Brasil,ACRE,XAPURI,Amazônia
 1657705102 ,5f2f16a8-afcc-3d6e-8f43-96325b39c022,  -10.664070 ,  -68.606180 ,2023-10-23 18:43:00,Brasil,ACRE,EPITACIOLÂNDIA,Amazônia
 1657705103 ,ecdd07fc-2563-31dc-956f-fe84416f3b73,  -10.639800 ,  -68.871150 ,2023-10-23 18:43:00,Brasil,ACRE,XAPURI,Amazônia
 1657705104 ,d7a190ff-b4f2-3f5c-bf77-a4b33b2dd2de,  -10.636890 ,  -69.041220 ,2023-10-23 18:43:00,Brasil,ACRE,BRASILÉIA,Amazônia
 1657705105 ,105ff17d-184e-3516-a91d-bf00fb904a7e,  -10.636390 ,  -69.100590 ,2023-10-23 18:43:00,Brasil,ACRE,BRASILÉIA,Amazônia
 1657705106 ,c4e7f8f7-dfb2-33c3-970e-81df306e3eed,  -10.633000 ,  -69.140480 ,2023-10-23 18:43:00,Brasil,ACRE,BRASILÉIA,Amazônia
 1657705107 ,d4929908-9cba-3cb1-984c-f85418def5d5,  -10.631550 ,  -69.130910 ,2023-10-23 18:43:00,Brasil,ACRE,BRASILÉIA,Amazônia
 1657705108 ,d504a8d7-8b18-34c5-abaf-a657f1565676,  -10.623810 ,  -69.141910 ,2023-10-23 18:43:00,Brasil,ACRE,BRASILÉIA,Amazônia
 1657705109 ,34977de8-32ac-3166-ade9-f91b59491f89,  -10.617850 ,  -68.914650 ,2023-10-23 18:43:00,Brasil,ACRE,XAPURI,Amazônia
 1657705110 ,248ccc3e-cf7c-32e9-a111-6c7a05f499ad,  -10.583960 ,  -68.336130 ,2023-10-23 18:43:00,Brasil,ACRE,XAPURI,Amazônia
 1657705111 ,4485b98b-68d6-3e5c-ac91-4acc9a203721,  -10.578630 ,  -69.700660 ,2023-10-23 18:43:00,Brasil,ACRE,ASSIS BRASIL,Amazônia
 1657705112 ,80f369e4-0032-3fb9-94b1-7a6ba1fd7513,  -10.540210 ,  -68.465990 ,2023-10-23 18:43:00,Brasil,ACRE,XAPURI,Amazônia
 1657705113 ,d1d8e452-e3c4-3c3a-8848-e5c63e7f45dd,  -10.532900 ,  -69.641300 ,2023-10-23 18:43:00,Brasil,ACRE,ASSIS BRASIL,Amazônia
 1657705114 ,36828382-8b08-39a0-a584-7e83712d2a99,  -10.531520 ,  -69.631990 ,2023-10-23 18:43:00,Brasil,ACRE,ASSIS BRASIL,Amazônia
 1657705115 ,8844f355-d83c-3b42-b288-7284ced443af,  -10.516970 ,  -69.346430 ,2023-10-23 18:43:00,Brasil,ACRE,BRASILÉIA,Amazônia
 1657705116 ,7c50501b-145d-3c01-9119-6608310311e0,  -10.484240 ,  -68.165250 ,2023-10-23 18:43:00,Brasil,ACRE,XAPURI,Amazônia
 1657705117 ,4b5ce2ad-0ac5-3a90-be60-4d272b9b1b9d,  -10.455230 ,  -69.734710 ,2023-10-23 18:43:00,Brasil,ACRE,ASSIS BRASIL,Amazônia
 1657705118 ,38f2cb5e-b251-34cd-b8a6-996a5a811d77,  -10.441310 ,  -69.765240 ,2023-10-23 18:43:00,Brasil,ACRE,SENA MADUREIRA,Amazônia
 1657705119 ,15362cb0-d4e1-374d-8a4f-87b2349f8b02,  -10.439940 ,  -69.756000 ,2023-10-23 18:43:00,Brasil,ACRE,SENA MADUREIRA,Amazônia
 1657705120 ,77c9cc4e-4806-3600-af87-7e2b84af68e5,  -10.369920 ,  -69.287500 ,2023-10-23 18:43:00,Brasil,ACRE,RIO BRANCO,Amazônia
 1657705121 ,d5c9742b-abb9-3a25-b3ae-71d7e3ee7bd8,  -10.354260 ,  -68.391580 ,2023-10-23 18:43:00,Brasil,ACRE,XAPURI,Amazônia
 1657705122 ,443ae952-8881-34a7-808f-fce7cbbf4f2b,  -10.347670 ,  -68.023350 ,2023-10-23 18:43:00,Brasil,ACRE,CAPIXABA,Amazônia
 1657705124 ,ab77e7dc-752a-37a2-a6b0-2220ab43402f,  -10.268970 ,  -68.791890 ,2023-10-23 18:43:00,Brasil,ACRE,RIO BRANCO,Amazônia
 1657705127 ,b5ed2161-7e11-38ab-aed8-12e689b21f49,  -10.216420 ,  -68.697530 ,2023-10-23 18:43:00,Brasil,ACRE,RIO BRANCO,Amazônia
 1657705128 ,4984d523-dcff-3a8e-a9bf-692e7f26908a,  -10.095510 ,  -68.439750 ,2023-10-23 18:43:00,Brasil,ACRE,RIO BRANCO,Amazônia
 1647937945 ,4a7b174a-7da9-345a-bc05-d41498ee3edb,   -7.920800 ,  -71.580410 ,2023-09-01 18:34:00,Brasil,ACRE,TARAUACÁ,Amazônia
 1647937946 ,3ef13286-cfdc-352c-ab2c-a8551f77e57b,   -7.908620 ,  -73.120600 ,2023-09-01 18:34:00,Brasil,ACRE,CRUZEIRO DO SUL,Amazônia
 1647937947 ,06ce690b-7dca-3c93-8ac6-c871469be029,   -7.905520 ,  -72.268460 ,2023-09-01 18:34:00,Brasil,ACRE,CRUZEIRO DO SUL,Amazônia
 1647937949 ,08ce4525-b1f0-3f36-afbe-5e288742a4bd,   -7.895740 ,  -72.269840 ,2023-09-01 18:34:00,Brasil,ACRE,CRUZEIRO DO SUL,Amazônia
 1647937950 ,187d70a6-bbdd-3154-b12a-a5fc412959a5,   -7.881550 ,  -72.842800 ,2023-09-01 18:34:00,Brasil,ACRE,RODRIGUES ALVES,Amazônia
 1647937951 ,0fa989a2-4227-3249-af53-3cac66ac0cd2,   -7.878710 ,  -72.957400 ,2023-09-01 18:34:00,Brasil,ACRE,RODRIGUES ALVES,Amazônia
 1647937952 ,440554a3-f2ef-3395-b534-0264c18e38f3,   -7.877190 ,  -72.964350 ,2023-09-01 18:34:00,Brasil,ACRE,RODRIGUES ALVES,Amazônia
 1647937953 ,4a81d3db-7dc6-3453-b91f-d29699febfa0,   -7.877040 ,  -72.945510 ,2023-09-01 18:34:00,Brasil,ACRE,RODRIGUES ALVES,Amazônia
 1647937954 ,008b3791-1283-3bad-9580-2e35fe7d92c6,   -7.876770 ,  -72.807610 ,2023-09-01 18:34:00,Brasil,ACRE,RODRIGUES ALVES,Amazônia
 1647937955 ,0de09182-c6b9-3f76-a981-edd0e631c474,   -7.875580 ,  -72.952380 ,2023-09-01 18:34:00,Brasil,ACRE,RODRIGUES ALVES,Amazônia
 1647937956 ,af13dfda-3a9c-3b94-bff5-5ea5e90b3138,   -7.872890 ,  -72.268650 ,2023-09-01 18:34:00,Brasil,ACRE,CRUZEIRO DO SUL,Amazônia
 1647937957 ,4d096ea2-62d7-37a4-a519-9cf306b0530a,   -7.872320 ,  -72.335340 ,2023-09-01 18:34:00,Brasil,ACRE,CRUZEIRO DO SUL,Amazônia
 1647937958 ,972272f1-5b92-331c-9df4-335c981e118f,   -7.871400 ,  -72.844150 ,2023-09-01 18:34:00,Brasil,ACRE,RODRIGUES ALVES,Amazônia
 1647937959 ,f5be61b0-5f43-3bce-880b-f8d692f5ca67,   -7.870790 ,  -72.324420 ,2023-09-01 18:34:00,Brasil,ACRE,CRUZEIRO DO SUL,Amazônia
 1647937960 ,fdf24126-8eaa-3ab8-b706-e890c0f2ee8b,   -7.869810 ,  -72.832410 ,2023-09-01 18:34:00,Brasil,ACRE,RODRIGUES ALVES,Amazônia
 1647937961 ,fb8c3736-c77e-3812-9b94-75f07a495a90,   -7.856740 ,  -73.414210 ,2023-09-01 18:34:00,Brasil,ACRE,RODRIGUES ALVES,Amazônia
 1647937962 ,e22ee89e-d197-3d07-b95e-6f7be91eaede,   -7.855020 ,  -73.401340 ,2023-09-01 18:34:00,Brasil,ACRE,RODRIGUES ALVES,Amazônia
 1647937965 ,d0b4270f-b169-3213-b4e6-c1a98633e4f4,   -7.828840 ,  -70.862260 ,2023-09-01 18:34:00,Brasil,ACRE,TARAUACÁ,Amazônia
 1647937966 ,bd5a22f5-1d6f-3e22-9c48-8f41f25caca4,   -7.821810 ,  -72.046880 ,2023-09-01 18:34:00,Brasil,ACRE,CRUZEIRO DO SUL,Amazônia
 1647937967 ,bd2fb692-5085-3743-869a-38af965297ba,   -7.809990 ,  -71.962930 ,2023-09-01 18:34:00,Brasil,ACRE,TARAUACÁ,Amazônia
 1647937968 ,95968333-bfc3-31e7-9857-85f1cc34e3ce,   -7.796670 ,  -72.007580 ,2023-09-01 18:34:00,Brasil,ACRE,CRUZEIRO DO SUL,Amazônia
 1647937969 ,75efdc09-46d0-320f-b71b-3374f0827604,   -7.790300 ,  -72.247260 ,2023-09-01 18:34:00,Brasil,ACRE,CRUZEIRO DO SUL,Amazônia
 1647937972 ,6f964694-b295-3279-9fae-909eba085031,   -7.739130 ,  -73.069130 ,2023-09-01 18:34:00,Brasil,ACRE,RODRIGUES ALVES,Amazônia
 1647937973 ,a2cca465-cb79-30bc-a9ff-c973086d0c0c,   -7.676530 ,  -72.465040 ,2023-09-01 18:34:00,Brasil,ACRE,CRUZEIRO DO SUL,Amazônia
 1647937974 ,7d03feb8-8ede-38ad-a0ba-bfac71cfd109,   -7.668390 ,  -72.626100 ,2023-09-01 18:34:00,Brasil,ACRE,CRUZEIRO DO SUL,Amazônia
 1647937991 ,dee281ad-9331-3713-a45b-216d833be0da,   -7.528150 ,  -73.303850 ,2023-09-01 18:34:00,Brasil,ACRE,MÂNCIO LIMA,Amazônia
 1647937992 ,0e29817c-873b-33f0-8b71-57c639bf2940,   -7.526430 ,  -73.291420 ,2023-09-01 18:34:00,Brasil,ACRE,MÂNCIO LIMA,Amazônia
 1647937993 ,4ec95727-e544-3d0c-bd1f-ff9c85eafe3c,   -7.516020 ,  -73.292880 ,2023-09-01 18:34:00,Brasil,ACRE,MÂNCIO LIMA,Amazônia
 1647938014 ,24f12434-6702-359a-b734-b394bacccc2d,   -7.361780 ,  -73.276060 ,2023-09-01 18:34:00,Brasil,ACRE,MÂNCIO LIMA,Amazônia
 1647938015 ,ba67e94d-225d-3a22-8258-2864f2e49959,   -7.354850 ,  -73.302150 ,2023-09-01 18:34:00,Brasil,ACRE,MÂNCIO LIMA,Amazônia
 1647938016 ,ba9b9504-d307-3590-8500-5e7ff9791bc0,   -7.353130 ,  -73.289800 ,2023-09-01 18:34:00,Brasil,ACRE,MÂNCIO LIMA,Amazônia
 1647938130 ,4bb449c8-0280-364a-86fa-978a6ab56f14,  -10.927110 ,  -69.156860 ,2023-09-01 18:34:00,Brasil,ACRE,BRASILÉIA,Amazônia
 1647938131 ,bfc7ebf7-9145-399b-b9d9-6f62464d511c,  -10.837950 ,  -69.556590 ,2023-09-01 18:34:00,Brasil,ACRE,BRASILÉIA,Amazônia
 1647938132 ,588a2245-92ea-38d5-8ddd-8d223879dcfd,  -10.836650 ,  -69.547450 ,2023-09-01 18:34:00,Brasil,ACRE,BRASILÉIA,Amazônia
 1647938133 ,a4e2f84c-0a6c-3a07-a427-67685ed11b0e,  -10.763300 ,  -69.490060 ,2023-09-01 18:34:00,Brasil,ACRE,ASSIS BRASIL,Amazônia
 1647938134 ,8ef57bd2-ecfa-36ad-bc6f-bbc6d8a0770e,  -10.730330 ,  -68.869160 ,2023-09-01 18:34:00,Brasil,ACRE,XAPURI,Amazônia
 1647938135 ,80d5d0c5-2180-33a2-97d8-fe8a7d751f24,  -10.724020 ,  -68.888540 ,2023-09-01 18:34:00,Brasil,ACRE,XAPURI,Amazônia
 1647938136 ,56fff0d4-f9e6-3cb8-bf62-7186d3ce0378,  -10.657760 ,  -69.135350 ,2023-09-01 18:34:00,Brasil,ACRE,BRASILÉIA,Amazônia
 1647938137 ,d9afe1e0-97ff-34a8-92ee-7744a90bc043,  -10.565040 ,  -69.902990 ,2023-09-01 18:34:00,Brasil,ACRE,ASSIS BRASIL,Amazônia
 1647938138 ,c311dbeb-bbb4-36da-87b2-c0aaa490a74b,  -10.504700 ,  -69.161350 ,2023-09-01 18:34:00,Brasil,ACRE,XAPURI,Amazônia
 1647938139 ,a3818dc1-ea72-3af8-8e38-9c9d36596331,  -10.481030 ,  -69.764790 ,2023-09-01 18:34:00,Brasil,ACRE,ASSIS BRASIL,Amazônia
 1647938141 ,35d70113-3a10-3484-977b-a452590081ff,  -10.091700 ,  -68.280620 ,2023-09-01 18:34:00,Brasil,ACRE,RIO BRANCO,Amazônia
 1647938142 ,e0d605ed-3d14-33c1-a1b2-a6e88bc25a55,  -10.086750 ,  -68.309360 ,2023-09-01 18:34:00,Brasil,ACRE,RIO BRANCO,Amazônia
 1647938143 ,f3e774cd-13a1-3d9a-bfa1-e9d2da79915f,  -10.081380 ,  -68.272840 ,2023-09-01 18:34:00,Brasil,ACRE,RIO BRANCO,Amazônia
 1647938144 ,8b916dc4-fbeb-38b1-8278-93927cb84b41,  -10.057050 ,  -67.556640 ,2023-09-01 18:34:00,Brasil,ACRE,SENADOR GUIOMARD,Amazônia
 1647938734 ,bc20a5a3-4619-34b2-b4e5-59bccad1d715,   -9.670770 ,  -71.527760 ,2023-09-01 18:34:00,Brasil,ACRE,FEIJÓ,Amazônia
 1647938735 ,84c11f46-4ce6-3ee4-b4c9-d8b5d5d4dd90,   -9.669320 ,  -71.517320 ,2023-09-01 18:34:00,Brasil,ACRE,FEIJÓ,Amazônia
 1647938736 ,fe8182fb-cca8-3b28-b136-f1e0e57a8b15,   -9.564970 ,  -68.583220 ,2023-09-01 18:34:00,Brasil,ACRE,RIO BRANCO,Amazônia
 1647938737 ,604ea324-7249-330c-826b-1ff5f0b20fb6,   -9.563650 ,  -68.574170 ,2023-09-01 18:34:00,Brasil,ACRE,RIO BRANCO,Amazônia
 1647938739 ,01965a44-2cb0-32b8-9a47-2ea780f5e70b,   -9.523600 ,  -68.559130 ,2023-09-01 18:34:00,Brasil,ACRE,SENA MADUREIRA,Amazônia
 1647938740 ,46cf220d-5abc-32bf-b09a-0c55a7cb11f7,   -9.506690 ,  -68.506010 ,2023-09-01 18:34:00,Brasil,ACRE,SENA MADUREIRA,Amazônia
 1647938741 ,3a01727a-ea18-360c-a452-852310385dd8,   -9.500730 ,  -68.590380 ,2023-09-01 18:34:00,Brasil,ACRE,SENA MADUREIRA,Amazônia
 1647938742 ,8c8d22d7-b54d-361d-860e-7ed556763a8d,   -9.499400 ,  -68.581310 ,2023-09-01 18:34:00,Brasil,ACRE,SENA MADUREIRA,Amazônia
 1647938745 ,92cdc6d8-d02e-3a96-bf06-4dae78f51627,   -9.448310 ,  -68.045650 ,2023-09-01 18:34:00,Brasil,ACRE,BUJARI,Amazônia
 1647938746 ,356cadbd-4a09-3a31-9db2-11069e6c3004,   -9.446940 ,  -68.036350 ,2023-09-01 18:34:00,Brasil,ACRE,BUJARI,Amazônia
 1647938747 ,985f520d-a862-39ca-b29c-d78c58025799,   -9.445160 ,  -68.899500 ,2023-09-01 18:34:00,Brasil,ACRE,SENA MADUREIRA,Amazônia
 1647938749 ,9f5e7dcc-719a-3c7c-8da7-4271bc9a8e07,   -9.429380 ,  -68.105450 ,2023-09-01 18:34:00,Brasil,ACRE,BUJARI,Amazônia
 1647938750 ,02d4d26c-6e00-3064-a635-6177fca029c5,   -9.426350 ,  -68.209720 ,2023-09-01 18:34:00,Brasil,ACRE,BUJARI,Amazônia
 1647938751 ,b824f9d0-7c7d-3dad-b5f8-49cbc7c76b27,   -9.424980 ,  -68.200510 ,2023-09-01 18:34:00,Brasil,ACRE,BUJARI,Amazônia
 1647938756 ,00110bdc-dfa4-3b43-9a0a-545bb39b2b6d,   -9.381310 ,  -71.044030 ,2023-09-01 18:34:00,Brasil,ACRE,FEIJÓ,Amazônia
 1647938757 ,04d0af8a-17e1-362f-bcb1-de1e6adebc1f,   -9.357760 ,  -68.873250 ,2023-09-01 18:34:00,Brasil,ACRE,SENA MADUREIRA,Amazônia
 1647938758 ,7eec837c-219d-378f-ad52-7b94928ff78c,   -9.352470 ,  -68.141740 ,2023-09-01 18:34:00,Brasil,ACRE,BUJARI,Amazônia
 1647938759 ,f796833e-f05e-34c0-b72e-c2a011ccc98e,   -9.340370 ,  -68.247260 ,2023-09-01 18:34:00,Brasil,ACRE,BUJARI,Amazônia
 1647938760 ,31174ae3-b361-3e74-ac50-556de7548757,   -9.339010 ,  -68.238070 ,2023-09-01 18:34:00,Brasil,ACRE,BUJARI,Amazônia
 1647938762 ,15d1e777-f5f0-3db0-b59f-a2e3d941e98c,   -9.305890 ,  -72.069500 ,2023-09-01 18:34:00,Brasil,ACRE,JORDÃO,Amazônia
 1647938763 ,6dc2cb72-a570-3607-96e0-083bdd0ee514,   -9.293150 ,  -68.870170 ,2023-09-01 18:34:00,Brasil,ACRE,SENA MADUREIRA,Amazônia
 1647938765 ,dc6245b0-f75e-316b-bf5d-0a0b57d85bf0,   -9.270260 ,  -71.885440 ,2023-09-01 18:34:00,Brasil,ACRE,JORDÃO,Amazônia
 1647938766 ,125aca3c-6ade-3c62-9ef5-0dfef487098f,   -9.260540 ,  -71.886830 ,2023-09-01 18:34:00,Brasil,ACRE,JORDÃO,Amazônia
 1647938767 ,70607319-7959-3d3f-a618-c15ccb22fcb6,   -9.259040 ,  -71.876050 ,2023-09-01 18:34:00,Brasil,ACRE,JORDÃO,Amazônia
 1647938771 ,bec2e305-5981-38c3-9b7b-cdf0bd838c2b,   -9.240600 ,  -71.672900 ,2023-09-01 18:34:00,Brasil,ACRE,JORDÃO,Amazônia
 1647938772 ,1c051dcb-8498-3db7-a509-66982378e0e1,   -9.239150 ,  -71.662480 ,2023-09-01 18:34:00,Brasil,ACRE,JORDÃO,Amazônia
 1647938780 ,59f23190-7f60-3b35-93fa-19d37fe114cc,   -9.210880 ,  -72.632570 ,2023-09-01 18:34:00,Brasil,ACRE,MARECHAL THAUMATURGO,Amazônia
 1647938782 ,268b7d22-df70-3d91-8dce-e2cf72000f08,   -9.210490 ,  -72.638390 ,2023-09-01 18:34:00,Brasil,ACRE,MARECHAL THAUMATURGO,Amazônia
 1647938784 ,0a2078ed-3374-3a76-8ce1-c89b16c67847,   -9.208920 ,  -72.626520 ,2023-09-01 18:34:00,Brasil,ACRE,MARECHAL THAUMATURGO,Amazônia
 1647938787 ,0d2fa3f5-d3b5-3ba9-a6a4-8b3b241af06b,   -9.191150 ,  -71.902390 ,2023-09-01 18:34:00,Brasil,ACRE,JORDÃO,Amazônia
 1647938788 ,adc9c459-c354-3df4-8030-941a531db1a0,   -9.189640 ,  -71.891600 ,2023-09-01 18:34:00,Brasil,ACRE,JORDÃO,Amazônia
 1647938793 ,d6c77fe8-82f2-31e5-8412-0e4906859362,   -9.181880 ,  -70.797520 ,2023-09-01 18:34:00,Brasil,ACRE,FEIJÓ,Amazônia
 1647938794 ,2f10d65f-150a-3cd3-8435-8362d71a9c32,   -9.180530 ,  -70.787900 ,2023-09-01 18:34:00,Brasil,ACRE,FEIJÓ,Amazônia
 1647938795 ,c7dce7ea-1e72-328e-a570-7f5e3a3e6b9a,   -9.178460 ,  -72.025820 ,2023-09-01 18:34:00,Brasil,ACRE,JORDÃO,Amazônia
 1647938796 ,16002be2-2eba-3e59-bc9f-f465803cbb9d,   -9.176950 ,  -72.014910 ,2023-09-01 18:34:00,Brasil,ACRE,JORDÃO,Amazônia
 1647938818 ,d4ecff6e-4b70-36c1-9e41-b937b63d09e3,   -9.123760 ,  -70.841710 ,2023-09-01 18:34:00,Brasil,ACRE,FEIJÓ,Amazônia
 1647938819 ,0a72510f-33ac-3873-8663-1692cf2b1a66,   -9.122410 ,  -70.832110 ,2023-09-01 18:34:00,Brasil,ACRE,FEIJÓ,Amazônia
 1647938824 ,8a1d21ac-05dd-3d6d-a3b8-6557a6fb61e3,   -9.079680 ,  -72.644420 ,2023-09-01 18:34:00,Brasil,ACRE,MARECHAL THAUMATURGO,Amazônia
 1647938826 ,b161bab3-5835-3c67-8923-acc50dfa30b0,   -9.062950 ,  -72.373520 ,2023-09-01 18:34:00,Brasil,ACRE,MARECHAL THAUMATURGO,Amazônia
 1647938827 ,463f4dc7-1620-368f-900a-1db9006db7bd,   -9.058730 ,  -72.270120 ,2023-09-01 18:34:00,Brasil,ACRE,MARECHAL THAUMATURGO,Amazônia
 1647938829 ,4dea9202-138f-3d3b-9092-d2458bbbeef9,   -9.052460 ,  -72.225200 ,2023-09-01 18:34:00,Brasil,ACRE,MARECHAL THAUMATURGO,Amazônia
 1647938831 ,e6b4d34b-4d77-3c13-a1a6-3f6bce514a01,   -9.040430 ,  -72.284180 ,2023-09-01 18:34:00,Brasil,ACRE,MARECHAL THAUMATURGO,Amazônia
 1647938832 ,9ac6bd1b-4105-3e93-ae5f-44e320a8d5cf,   -9.038870 ,  -72.272870 ,2023-09-01 18:34:00,Brasil,ACRE,MARECHAL THAUMATURGO,Amazônia
 1647938833 ,d996b734-84ba-33e2-9c83-e1a188bfb7ff,   -9.035160 ,  -72.319480 ,2023-09-01 18:34:00,Brasil,ACRE,MARECHAL THAUMATURGO,Amazônia
 1647938834 ,eede7eae-ca56-32bc-972d-2f6eebb40180,   -9.025980 ,  -70.930370 ,2023-09-01 18:34:00,Brasil,ACRE,FEIJÓ,Amazônia
 1647938835 ,8cbd9f32-846b-377d-abcc-1cb3eac85045,   -8.963610 ,  -72.777100 ,2023-09-01 18:34:00,Brasil,ACRE,MARECHAL THAUMATURGO,Amazônia
 1647938836 ,76ea22c7-70a5-3f6d-90e2-93f9ede9ab50,   -8.934870 ,  -72.700840 ,2023-09-01 18:34:00,Brasil,ACRE,MARECHAL THAUMATURGO,Amazônia
 1647938837 ,df0f7ea3-fa80-3ceb-bb04-969b9a334823,   -8.930610 ,  -71.250620 ,2023-09-01 18:34:00,Brasil,ACRE,FEIJÓ,Amazônia
 1647938838 ,e04f717e-83c7-3285-b40a-3f386f00155a,   -8.929350 ,  -72.811970 ,2023-09-01 18:34:00,Brasil,ACRE,MARECHAL THAUMATURGO,Amazônia
 1647938839 ,b5bfc075-2476-3f31-9ecd-9b9317e93fd8,   -8.926020 ,  -71.256970 ,2023-09-01 18:34:00,Brasil,ACRE,FEIJÓ,Amazônia
 1647938840 ,609df7e2-96eb-3540-997e-baa94cb25a63,   -8.924680 ,  -72.702290 ,2023-09-01 18:34:00,Brasil,ACRE,MARECHAL THAUMATURGO,Amazônia
 1647938843 ,ee30d7e7-99cd-3c6a-8b4c-66633a990412,   -8.896000 ,  -70.730850 ,2023-09-01 18:34:00,Brasil,ACRE,FEIJÓ,Amazônia
 1647938844 ,980e7746-2089-3dbb-b117-bfbeb7fc5ef6,   -8.894670 ,  -70.721350 ,2023-09-01 18:34:00,Brasil,ACRE,FEIJÓ,Amazônia
 1647938845 ,1363b49b-1d35-33aa-a1d9-721f98c699eb,   -8.890700 ,  -71.415310 ,2023-09-01 18:34:00,Brasil,ACRE,FEIJÓ,Amazônia
 1647938847 ,05c2650f-22d0-3b5b-8e23-96d2193a9d19,   -8.864650 ,  -71.477270 ,2023-09-01 18:34:00,Brasil,ACRE,TARAUACÁ,Amazônia
 1647938848 ,67216ed8-2cde-3c8c-a129-eeb02d66bc8e,   -8.862340 ,  -71.075130 ,2023-09-01 18:34:00,Brasil,ACRE,FEIJÓ,Amazônia
 1647938849 ,3c59f7a3-a93f-3980-a7f5-1965ac35fdda,   -8.831940 ,  -72.325440 ,2023-09-01 18:34:00,Brasil,ACRE,MARECHAL THAUMATURGO,Amazônia
 1647938850 ,3ac94435-8e6a-3e1c-ad66-67a143e6b966,   -8.826170 ,  -71.831380 ,2023-09-01 18:34:00,Brasil,ACRE,TARAUACÁ,Amazônia
 1647938854 ,96d1a274-e91a-3640-b19b-d9c2fd18861c,   -8.809080 ,  -71.219620 ,2023-09-01 18:34:00,Brasil,ACRE,TARAUACÁ,Amazônia
 1647938857 ,09ddfb4c-2785-3406-8a8a-d19224763b26,   -8.797580 ,  -71.071120 ,2023-09-01 18:34:00,Brasil,ACRE,FEIJÓ,Amazônia
 1647938860 ,960f8923-977b-3d10-8c83-9fec2fa225da,   -8.752320 ,  -71.018140 ,2023-09-01 18:34:00,Brasil,ACRE,FEIJÓ,Amazônia
 1647938861 ,4602f3dc-e444-3992-a4c1-03d96787ba29,   -8.750960 ,  -71.008450 ,2023-09-01 18:34:00,Brasil,ACRE,FEIJÓ,Amazônia
 1647938862 ,b2b788b0-94b8-3cb0-b4b7-125dc543d77c,   -8.701790 ,  -71.040910 ,2023-09-01 18:34:00,Brasil,ACRE,TARAUACÁ,Amazônia
 1647938865 ,70de8e0d-4f54-3942-a026-577ec7aab331,   -8.674790 ,  -69.690010 ,2023-09-01 18:34:00,Brasil,ACRE,FEIJÓ,Amazônia
 1647938866 ,f79af7be-7605-3c9c-8e11-96b53f5e2b88,   -8.673500 ,  -69.681020 ,2023-09-01 18:34:00,Brasil,ACRE,FEIJÓ,Amazônia
 1647938869 ,bfe35407-5be8-3cb1-91b2-4cefc37dbf47,   -8.659860 ,  -69.968700 ,2023-09-01 18:34:00,Brasil,ACRE,FEIJÓ,Amazônia
 1647938870 ,94978b9b-cf1b-37c7-b1b2-de44464f616d,   -8.647190 ,  -70.920930 ,2023-09-01 18:34:00,Brasil,ACRE,FEIJÓ,Amazônia
 1647938873 ,27fb31cd-192b-3931-8a7f-f7b7a60826af,   -8.597120 ,  -71.533110 ,2023-09-01 18:34:00,Brasil,ACRE,TARAUACÁ,Amazônia
 1647938874 ,2e4d4724-1b2b-3d68-960d-b784e9db8ad3,   -8.591820 ,  -70.984440 ,2023-09-01 18:34:00,Brasil,ACRE,TARAUACÁ,Amazônia
 1647938875 ,61924a6a-fdb6-32cb-b7b1-cf7c4b144e75,   -8.591520 ,  -70.916060 ,2023-09-01 18:34:00,Brasil,ACRE,TARAUACÁ,Amazônia
 1647938876 ,c3537847-0e68-3f70-b9c5-1a869ba7a782,   -8.558990 ,  -71.018730 ,2023-09-01 18:34:00,Brasil,ACRE,TARAUACÁ,Amazônia
 1647938878 ,90ccfdcb-7ab1-3274-a4b4-caa29597218d,   -8.552220 ,  -71.487900 ,2023-09-01 18:34:00,Brasil,ACRE,TARAUACÁ,Amazônia
 1647938879 ,2f0a7aa7-ba9b-3dcb-abff-bb55dc8f35cb,   -8.551100 ,  -71.029700 ,2023-09-01 18:34:00,Brasil,ACRE,TARAUACÁ,Amazônia
 1647938880 ,0bc9a951-79ca-3091-8ba8-720531af3b60,   -8.550810 ,  -71.477820 ,2023-09-01 18:34:00,Brasil,ACRE,TARAUACÁ,Amazônia
 1647938881 ,f102f70b-5531-369e-a887-b22e4dd62488,   -8.549760 ,  -71.020070 ,2023-09-01 18:34:00,Brasil,ACRE,TARAUACÁ,Amazônia
 1647938882 ,1bce3a3c-4f32-39bd-80ec-204a8da0cb80,   -8.533820 ,  -70.973250 ,2023-09-01 18:34:00,Brasil,ACRE,TARAUACÁ,Amazônia
 1647938884 ,72313965-26fa-3f18-8ca8-b822c5b22404,   -8.511020 ,  -70.743410 ,2023-09-01 18:34:00,Brasil,ACRE,TARAUACÁ,Amazônia
 1647938885 ,038a2a56-9405-3575-bb23-3771c473f179,   -8.501300 ,  -70.924800 ,2023-09-01 18:34:00,Brasil,ACRE,TARAUACÁ,Amazônia
 1647938887 ,80f45d4d-707a-36e9-9ad9-cd47caa39cb3,   -8.491840 ,  -70.281620 ,2023-09-01 18:34:00,Brasil,ACRE,FEIJÓ,Amazônia
 1647938888 ,c449392d-f9a5-3eb6-8266-21c0170fc155,   -8.488770 ,  -71.421720 ,2023-09-01 18:34:00,Brasil,ACRE,TARAUACÁ,Amazônia
 1647938890 ,2e34f922-eb99-3339-8fa1-1fa08e7edf4d,   -8.482840 ,  -70.282960 ,2023-09-01 18:34:00,Brasil,ACRE,FEIJÓ,Amazônia
 1647938891 ,9a0e131c-ca61-386a-acb2-828a9ad4438d,   -8.480360 ,  -70.330160 ,2023-09-01 18:34:00,Brasil,ACRE,FEIJÓ,Amazônia
 1647938892 ,2794f037-11b3-3f23-bb8e-a85bcd6786e3,   -8.479060 ,  -70.321000 ,2023-09-01 18:34:00,Brasil,ACRE,FEIJÓ,Amazônia
 1647938893 ,85ec9212-227d-3839-bc30-f8f0ac855613,   -8.467030 ,  -71.820820 ,2023-09-01 18:34:00,Brasil,ACRE,TARAUACÁ,Amazônia
 1647938894 ,76652036-39a9-3ba1-8fb3-ecc7aa1d54d8,   -8.466510 ,  -70.745830 ,2023-09-01 18:34:00,Brasil,ACRE,TARAUACÁ,Amazônia
 1647938895 ,a5e62b2e-d860-34db-9447-9d34071b3395,   -8.465590 ,  -71.810330 ,2023-09-01 18:34:00,Brasil,ACRE,TARAUACÁ,Amazônia
 1647938896 ,ec114aba-e09b-36b8-a8ef-1cf448133092,   -8.451280 ,  -72.983800 ,2023-09-01 18:34:00,Brasil,ACRE,PORTO WALTER,Amazônia
 1647938897 ,f1d07a89-2b88-3de5-95a2-391319feae2f,   -8.443110 ,  -70.778080 ,2023-09-01 18:34:00,Brasil,ACRE,TARAUACÁ,Amazônia
 1647938898 ,e065aeb0-743d-33ac-9409-92555dca6881,   -8.441780 ,  -70.768650 ,2023-09-01 18:34:00,Brasil,ACRE,TARAUACÁ,Amazônia
 1647938899 ,169c42d6-5458-3f21-a772-d2a3fb96e015,   -8.440960 ,  -72.985250 ,2023-09-01 18:34:00,Brasil,ACRE,PORTO WALTER,Amazônia
 1647938900 ,8c070eec-2148-390a-9c01-eeb8bc10b370,   -8.435460 ,  -70.856530 ,2023-09-01 18:34:00,Brasil,ACRE,TARAUACÁ,Amazônia
 1647938901 ,9e1f9ae7-25f3-38ed-975e-59eb36e21afd,   -8.434130 ,  -70.847070 ,2023-09-01 18:34:00,Brasil,ACRE,TARAUACÁ,Amazônia
 1647938902 ,956a1543-fb7a-3fa2-b754-45eac13eec06,   -8.432130 ,  -70.569290 ,2023-09-01 18:34:00,Brasil,ACRE,FEIJÓ,Amazônia
 1647938903 ,1f094266-c259-3aed-be4d-4ee0e08e5ac5,   -8.428710 ,  -70.225490 ,2023-09-01 18:34:00,Brasil,ACRE,FEIJÓ,Amazônia
 1647938904 ,c759c011-4cc1-3c04-a060-f85c27e1461f,   -8.417580 ,  -71.120320 ,2023-09-01 18:34:00,Brasil,ACRE,TARAUACÁ,Amazônia
 1647938905 ,4849d5b7-2dfa-3ccc-bf9e-cc44cec0d770,   -8.406790 ,  -72.578680 ,2023-09-01 18:34:00,Brasil,ACRE,PORTO WALTER,Amazônia
 1647938906 ,89bd4667-7ef7-3877-b5d2-5c790378f8e3,   -8.401560 ,  -70.225810 ,2023-09-01 18:34:00,Brasil,ACRE,FEIJÓ,Amazônia
 1647938907 ,76cfe607-8272-3fcd-b805-df6de595c229,   -8.400250 ,  -70.216700 ,2023-09-01 18:34:00,Brasil,ACRE,FEIJÓ,Amazônia
 1647938908 ,a3c7dc2f-786d-3f60-883b-d57637fc24d1,   -8.396060 ,  -71.034650 ,2023-09-01 18:34:00,Brasil,ACRE,TARAUACÁ,Amazônia
 1647938910 ,cf01dcde-0742-3dab-96a2-4f5441ca8e85,   -8.394710 ,  -71.025030 ,2023-09-01 18:34:00,Brasil,ACRE,TARAUACÁ,Amazônia
 1647938911 ,6eda0009-2dd3-3931-a1b8-072e6410f613,   -8.391260 ,  -70.218010 ,2023-09-01 18:34:00,Brasil,ACRE,FEIJÓ,Amazônia
 1647938912 ,f2095825-9163-3e86-85d0-0b631cdd1728,   -8.389950 ,  -70.208890 ,2023-09-01 18:34:00,Brasil,ACRE,FEIJÓ,Amazônia
 1647938913 ,bb0ea056-c3e1-3ed1-8d28-c084c56ae1e6,   -8.389550 ,  -71.055240 ,2023-09-01 18:34:00,Brasil,ACRE,TARAUACÁ,Amazônia
 1647938914 ,5993a514-4187-37ff-8832-c815033906c6,   -8.385820 ,  -70.764100 ,2023-09-01 18:34:00,Brasil,ACRE,TARAUACÁ,Amazônia
 1647938915 ,d7bb8173-6ecb-333e-bbab-a6368dae2db0,   -8.376000 ,  -70.304250 ,2023-09-01 18:34:00,Brasil,ACRE,FEIJÓ,Amazônia
 1647938916 ,22f448a4-0b4e-3006-b9ba-ff6629ca5ef8,   -8.374690 ,  -70.295090 ,2023-09-01 18:34:00,Brasil,ACRE,FEIJÓ,Amazônia
 1647938917 ,aed614e2-df6a-319e-bc19-ae0a7b2a00ed,   -8.374240 ,  -72.707210 ,2023-09-01 18:34:00,Brasil,ACRE,PORTO WALTER,Amazônia
 1647938918 ,127ad54d-5baa-3df2-bfff-4d32ef73ae5c,   -8.368290 ,  -70.314740 ,2023-09-01 18:34:00,Brasil,ACRE,FEIJÓ,Amazônia
 1647938919 ,027d41e3-8756-3d4c-80e7-40be5cc85528,   -8.366980 ,  -70.305570 ,2023-09-01 18:34:00,Brasil,ACRE,FEIJÓ,Amazônia
 1647938920 ,0df17989-1aad-3cfa-8072-df756d33761a,   -8.337660 ,  -70.819220 ,2023-09-01 18:34:00,Brasil,ACRE,TARAUACÁ,Amazônia
 1647938921 ,2feb016a-6435-3dfb-8026-5f130de83d94,   -8.333530 ,  -70.723680 ,2023-09-01 18:34:00,Brasil,ACRE,TARAUACÁ,Amazônia
 1647938922 ,c8222c02-9c12-3b07-9bb3-a42b899ea652,   -8.331390 ,  -70.382890 ,2023-09-01 18:34:00,Brasil,ACRE,FEIJÓ,Amazônia
 1647938923 ,9e81d924-ac7f-3079-b8f2-e6be2f646f2e,   -8.330080 ,  -70.373700 ,2023-09-01 18:34:00,Brasil,ACRE,FEIJÓ,Amazônia
 1647938924 ,470648cc-6dba-36dd-aeb3-82d069b2ee1d,   -8.329110 ,  -70.496180 ,2023-09-01 18:34:00,Brasil,ACRE,FEIJÓ,Amazônia
 1647938925 ,4cb0984b-4ac3-302e-86db-4f39fff8b3f9,   -8.327800 ,  -70.486940 ,2023-09-01 18:34:00,Brasil,ACRE,FEIJÓ,Amazônia
 1647938926 ,52630633-2b3e-3b28-b6e8-3afb0863f352,   -8.323140 ,  -70.190750 ,2023-09-01 18:34:00,Brasil,ACRE,FEIJÓ,Amazônia
 1647938927 ,3e4f7e09-77ac-3353-a6f0-559b12506d84,   -8.322370 ,  -70.384190 ,2023-09-01 18:34:00,Brasil,ACRE,FEIJÓ,Amazônia
 1647938928 ,38e6cbd4-ba82-3271-890e-32ef92748916,   -8.321050 ,  -70.375000 ,2023-09-01 18:34:00,Brasil,ACRE,FEIJÓ,Amazônia
 1647938929 ,606c5071-67a5-3ad6-8c0b-6d448030aa1f,   -8.312770 ,  -70.774710 ,2023-09-01 18:34:00,Brasil,ACRE,TARAUACÁ,Amazônia
 1647938930 ,99a8d1a8-aebc-33e8-97c1-d7242cd84094,   -8.311460 ,  -70.765310 ,2023-09-01 18:34:00,Brasil,ACRE,TARAUACÁ,Amazônia
 1647938931 ,c8561768-ce81-3297-92dc-fef5f2d5ff78,   -8.310410 ,  -70.877120 ,2023-09-01 18:34:00,Brasil,ACRE,TARAUACÁ,Amazônia
 1647938932 ,b26f9744-36c0-3092-8d08-3bac0929afa0,   -8.310130 ,  -70.809650 ,2023-09-01 18:34:00,Brasil,ACRE,TARAUACÁ,Amazônia
 1647938933 ,ede6580b-84b5-39d9-bd0f-581791724261,   -8.309060 ,  -70.867650 ,2023-09-01 18:34:00,Brasil,ACRE,TARAUACÁ,Amazônia
 1647938934 ,c835bfa0-dc50-35f2-b706-f7fa2d104031,   -8.300400 ,  -70.359280 ,2023-09-01 18:34:00,Brasil,ACRE,FEIJÓ,Amazônia
 1647938935 ,77a2ea57-3383-3dad-9a38-19254536ce4e,   -8.297470 ,  -70.917830 ,2023-09-01 18:34:00,Brasil,ACRE,TARAUACÁ,Amazônia
 1647938936 ,5e6775d6-902a-3eb3-9182-afe9c9fb1be7,   -8.289400 ,  -70.860820 ,2023-09-01 18:34:00,Brasil,ACRE,TARAUACÁ,Amazônia
 1647938937 ,0861c2f3-e352-384c-8dee-c2113395f207,   -8.277010 ,  -71.106680 ,2023-09-01 18:34:00,Brasil,ACRE,TARAUACÁ,Amazônia
 1647938938 ,f9403ea5-92ca-3c0a-85e3-ff2a5bad2fba,   -8.275670 ,  -71.097020 ,2023-09-01 18:34:00,Brasil,ACRE,TARAUACÁ,Amazônia
 1647938939 ,36ff83eb-6a24-3ff4-8809-29d55fce4033,   -8.270880 ,  -70.476320 ,2023-09-01 18:34:00,Brasil,ACRE,FEIJÓ,Amazônia
 1647938940 ,d6649c69-4e3a-34d5-a2a3-f75608e9d3ea,   -8.269590 ,  -70.467100 ,2023-09-01 18:34:00,Brasil,ACRE,FEIJÓ,Amazônia
 1647938941 ,aa0352d7-6376-3162-ac8f-4c67b5bca5e0,   -8.264250 ,  -70.749080 ,2023-09-01 18:34:00,Brasil,ACRE,TARAUACÁ,Amazônia
 1647938942 ,89211699-fb93-3f0f-aa0f-a8ea704653e3,   -8.262910 ,  -70.739650 ,2023-09-01 18:34:00,Brasil,ACRE,TARAUACÁ,Amazônia
 1647938943 ,a27b65d7-6629-3320-a08c-aaf83e8e0a95,   -8.257420 ,  -71.155610 ,2023-09-01 18:34:00,Brasil,ACRE,TARAUACÁ,Amazônia
 1647938944 ,81e81c5d-4759-3da2-951d-3d92b303e2f1,   -8.249500 ,  -69.875590 ,2023-09-01 18:34:00,Brasil,ACRE,FEIJÓ,Amazônia
 1647938945 ,cffc30d2-d2db-3373-b795-0f7274024198,   -8.249040 ,  -73.283880 ,2023-09-01 18:34:00,Brasil,ACRE,CRUZEIRO DO SUL,Amazônia
 1647938946 ,f0887f0e-9c9b-3a6f-b71a-a0134de8a746,   -8.248720 ,  -72.020160 ,2023-09-01 18:34:00,Brasil,ACRE,TARAUACÁ,Amazônia
 1647938948 ,0eb8df83-0fb8-337c-ae5f-e114f33e8632,   -8.248200 ,  -69.866590 ,2023-09-01 18:34:00,Brasil,ACRE,FEIJÓ,Amazônia
 1647938949 ,caf6b266-f402-3fc1-8e26-e6d7340f00ec,   -8.247500 ,  -73.117710 ,2023-09-01 18:34:00,Brasil,ACRE,CRUZEIRO DO SUL,Amazônia
 1647938950 ,b93d365f-eb3f-359f-a691-e3729e669387,   -8.245360 ,  -70.485830 ,2023-09-01 18:34:00,Brasil,ACRE,FEIJÓ,Amazônia
 1647938951 ,26157973-b097-3f45-8478-19b812934165,   -8.244280 ,  -72.943530 ,2023-09-01 18:34:00,Brasil,ACRE,PORTO WALTER,Amazônia
 1647938952 ,05ef4813-abc7-3489-8370-3fb91fae289b,   -8.244040 ,  -70.476590 ,2023-09-01 18:34:00,Brasil,ACRE,FEIJÓ,Amazônia
 1647938953 ,96c3498e-0e30-310f-a625-7b9ee510f85f,   -8.242320 ,  -72.950640 ,2023-09-01 18:34:00,Brasil,ACRE,PORTO WALTER,Amazônia
 1647938955 ,69cce9d6-d4a9-3aa1-aa23-18a6e8974e59,   -8.231700 ,  -72.793680 ,2023-09-01 18:34:00,Brasil,ACRE,PORTO WALTER,Amazônia
 1647938956 ,0436fc81-9ac9-393c-a1fc-ecc18706cb89,   -8.219530 ,  -70.498990 ,2023-09-01 18:34:00,Brasil,ACRE,FEIJÓ,Amazônia
 1647938957 ,10c502cc-f626-3de6-b499-f3773a2b7cc7,   -8.218810 ,  -70.171910 ,2023-09-01 18:34:00,Brasil,ACRE,FEIJÓ,Amazônia
 1647938958 ,0b5869e4-efb6-31ef-8990-35adf739e82f,   -8.218260 ,  -73.058880 ,2023-09-01 18:34:00,Brasil,ACRE,CRUZEIRO DO SUL,Amazônia
 1647938959 ,51d6c2b6-e414-35b4-9fff-29d8f2c2d3c9,   -8.214890 ,  -73.034320 ,2023-09-01 18:34:00,Brasil,ACRE,CRUZEIRO DO SUL,Amazônia
 1647938964 ,942e9bfb-6b3e-3348-a7e0-eb9c6eeb7649,   -8.193510 ,  -70.641730 ,2023-09-01 18:34:00,Brasil,ACRE,TARAUACÁ,Amazônia
 1647938966 ,9963f4f6-c10f-3b26-a1d9-1593e9ff07ee,   -8.169830 ,  -70.540940 ,2023-09-01 18:34:00,Brasil,ACRE,FEIJÓ,Amazônia
 1647938967 ,468bee10-dcc5-34f4-ab77-8c91232ab967,   -8.168520 ,  -70.531710 ,2023-09-01 18:34:00,Brasil,ACRE,FEIJÓ,Amazônia
 1647938969 ,8f6f0023-306f-385c-bf5f-90327b77efc2,   -8.167200 ,  -70.522490 ,2023-09-01 18:34:00,Brasil,ACRE,FEIJÓ,Amazônia
 1647938970 ,922a3661-a684-352b-b54f-1185fd4ec980,   -8.164930 ,  -70.636370 ,2023-09-01 18:34:00,Brasil,ACRE,TARAUACÁ,Amazônia
 1647938972 ,2f89d598-a5da-3dd7-b3a9-71336cfe1cfc,   -8.136720 ,  -70.174640 ,2023-09-01 18:34:00,Brasil,ACRE,FEIJÓ,Amazônia
 1647938973 ,412e1eeb-dbdb-30b8-9e5d-7862d7ddcdc3,   -8.135430 ,  -70.165550 ,2023-09-01 18:34:00,Brasil,ACRE,FEIJÓ,Amazônia
 1647938974 ,64582ae7-3eda-33b7-a979-f9da411669a3,   -8.134930 ,  -70.555470 ,2023-09-01 18:34:00,Brasil,ACRE,FEIJÓ,Amazônia
 1647938975 ,0f032d3d-9847-3c76-9719-f6fee95fd103,   -8.132250 ,  -71.388890 ,2023-09-01 18:34:00,Brasil,ACRE,TARAUACÁ,Amazônia
 1647938976 ,7f505aa4-df71-30b6-8903-ab837d46f474,   -8.120180 ,  -71.370480 ,2023-09-01 18:34:00,Brasil,ACRE,TARAUACÁ,Amazônia
 1647938979 ,170b1044-76e9-3ab0-87d2-5c37500373e5,   -8.102120 ,  -72.074900 ,2023-09-01 18:34:00,Brasil,ACRE,TARAUACÁ,Amazônia
 1647938980 ,e7aa5eaf-baf6-3910-9132-2c07e61d4993,   -8.092430 ,  -72.076260 ,2023-09-01 18:34:00,Brasil,ACRE,TARAUACÁ,Amazônia
 1647938981 ,26efc309-c8ba-37be-b753-f17912937cb6,   -8.090940 ,  -72.065630 ,2023-09-01 18:34:00,Brasil,ACRE,TARAUACÁ,Amazônia
 1647938982 ,7469b105-d4af-30ac-9957-2b1dcba206eb,   -8.089590 ,  -70.496070 ,2023-09-01 18:34:00,Brasil,ACRE,FEIJÓ,Amazônia
 1647938983 ,85276de8-e470-3229-8794-b5b889b677b0,   -8.088690 ,  -69.911450 ,2023-09-01 18:34:00,Brasil,ACRE,FEIJÓ,Amazônia
 1647938984 ,587f2d1a-d489-3fea-a97e-a58553ed8a45,   -8.088290 ,  -70.486850 ,2023-09-01 18:34:00,Brasil,ACRE,FEIJÓ,Amazônia
 1647938985 ,dbcccc8c-42e7-316a-934c-916b666f46ee,   -8.080750 ,  -70.493610 ,2023-09-01 18:34:00,Brasil,ACRE,FEIJÓ,Amazônia
 1647938986 ,53f79577-31b9-3b71-94f3-16b5db0048e2,   -8.079430 ,  -70.484390 ,2023-09-01 18:34:00,Brasil,ACRE,FEIJÓ,Amazônia
 1647938987 ,82e3a880-ee71-331f-be85-9c777ab939e1,   -8.066530 ,  -72.627360 ,2023-09-01 18:34:00,Brasil,ACRE,CRUZEIRO DO SUL,Amazônia
 1647938988 ,e74e5004-c703-3d94-ab40-5ae6bd681a70,   -8.046710 ,  -72.411250 ,2023-09-01 18:34:00,Brasil,ACRE,CRUZEIRO DO SUL,Amazônia
 1647938989 ,72168ac5-ab94-3d69-a2f9-02993bff07f2,   -8.045600 ,  -70.185220 ,2023-09-01 18:34:00,Brasil,ACRE,FEIJÓ,Amazônia
 1647938990 ,ef5cbc8a-35af-3a2a-81a8-21e00ae0de41,   -8.044110 ,  -71.149090 ,2023-09-01 18:34:00,Brasil,ACRE,TARAUACÁ,Amazônia
 1647938991 ,58a456c3-3bbc-3663-9d54-80ea64485bed,   -8.031290 ,  -71.259760 ,2023-09-01 18:34:00,Brasil,ACRE,TARAUACÁ,Amazônia
 1647938992 ,946f9ba5-3954-302f-951b-391040189b8f,   -8.019690 ,  -69.875690 ,2023-09-01 18:34:00,Brasil,ACRE,FEIJÓ,Amazônia
 1647938993 ,22540a20-3bd5-3e6d-8549-6c54dc5f0598,   -8.011760 ,  -72.450360 ,2023-09-01 18:34:00,Brasil,ACRE,CRUZEIRO DO SUL,Amazônia
 1647938994 ,7c331577-39f6-3562-b7e6-4bcc7b8b6ebd,   -8.010570 ,  -70.196010 ,2023-09-01 18:34:00,Brasil,ACRE,FEIJÓ,Amazônia
 1647938995 ,992a5821-bd5d-349b-97a8-6b7437aab377,   -8.001520 ,  -70.587170 ,2023-09-01 18:34:00,Brasil,ACRE,FEIJÓ,Amazônia
 1647938996 ,c3be36cc-1bb4-3806-84aa-82cf863d0752,   -8.001490 ,  -70.132570 ,2023-09-01 18:34:00,Brasil,ACRE,FEIJÓ,Amazônia
 1647938997 ,cf00520d-0e04-31d1-8172-28b5fa5158f2,   -7.999840 ,  -69.930180 ,2023-09-01 18:34:00,Brasil,ACRE,FEIJÓ,Amazônia
 1647938998 ,95a616d0-816e-3940-b375-9a4fc6ed4be1,   -7.998780 ,  -70.049900 ,2023-09-01 18:34:00,Brasil,ACRE,FEIJÓ,Amazônia
 1647939005 ,287ec1b7-3e77-33f9-8a52-819995716135,   -7.956730 ,  -70.203910 ,2023-09-01 18:34:00,Brasil,ACRE,FEIJÓ,Amazônia
 1647939006 ,de4657a4-2ea8-3138-b876-5e450ef3b3a2,   -7.943720 ,  -69.984360 ,2023-09-01 18:34:00,Brasil,ACRE,FEIJÓ,Amazônia
 1647939007 ,670fca94-2c4b-3d70-a184-5f425cb724d0,   -7.942430 ,  -69.975360 ,2023-09-01 18:34:00,Brasil,ACRE,FEIJÓ,Amazônia
 1647939008 ,e793ad03-d803-37c5-ae99-9b42882df972,   -7.934780 ,  -69.985680 ,2023-09-01 18:34:00,Brasil,ACRE,FEIJÓ,Amazônia
 1647939009 ,04ca08e3-a788-3f14-9dc9-5e7557cac473,   -7.933490 ,  -69.976680 ,2023-09-01 18:34:00,Brasil,ACRE,FEIJÓ,Amazônia
 1647939010 ,44d592a7-ffd4-3492-b2f3-475c9a6ae907,   -7.925520 ,  -71.477940 ,2023-09-01 18:34:00,Brasil,ACRE,TARAUACÁ,Amazônia
 1647939011 ,da7f12b9-5edf-3fcb-890d-96459be620cd,   -7.924120 ,  -72.777290 ,2023-09-01 18:34:00,Brasil,ACRE,CRUZEIRO DO SUL,Amazônia
 1648190871 ,b5661933-f48e-3ecd-9d4b-aa5cc324a2d9,   -8.999740 ,  -72.723950 ,2023-09-02 19:17:00,Brasil,ACRE,MARECHAL THAUMATURGO,Amazônia
 1648190872 ,07d7b558-6717-319f-b2d8-23b75f83e882,   -8.993670 ,  -71.287200 ,2023-09-02 19:17:00,Brasil,ACRE,FEIJÓ,Amazônia
 1648190873 ,dadd6014-b248-3526-a54a-8c1432d728ed,   -8.962940 ,  -72.541210 ,2023-09-02 19:17:00,Brasil,ACRE,MARECHAL THAUMATURGO,Amazônia
 1648190874 ,c601fc9a-932f-3c33-8eb5-3a0c0c0bca0c,   -8.957320 ,  -72.547270 ,2023-09-02 19:17:00,Brasil,ACRE,MARECHAL THAUMATURGO,Amazônia
 1648190875 ,dfe82e2c-334d-3520-a032-756815194667,   -8.933030 ,  -71.281010 ,2023-09-02 19:17:00,Brasil,ACRE,FEIJÓ,Amazônia
 1648190876 ,111e9120-249a-31f0-9330-d5155f5b3b45,   -8.929710 ,  -71.276280 ,2023-09-02 19:17:00,Brasil,ACRE,FEIJÓ,Amazônia
 1648190877 ,b2cd550d-bc0a-3fe7-8a5f-be44b960da8c,   -8.856820 ,  -72.756030 ,2023-09-02 19:17:00,Brasil,ACRE,MARECHAL THAUMATURGO,Amazônia
 1648190878 ,ee964c92-ffd0-311e-a639-4230d501bac1,   -8.806780 ,  -72.787040 ,2023-09-02 19:17:00,Brasil,ACRE,MARECHAL THAUMATURGO,Amazônia
 1648190879 ,271a63bc-7757-3b21-adbe-7334e3588d33,   -8.799800 ,  -72.793300 ,2023-09-02 19:17:00,Brasil,ACRE,MARECHAL THAUMATURGO,Amazônia
 1648190880 ,7dded5de-97ae-3def-9294-324f76cd7944,   -8.259330 ,  -73.354010 ,2023-09-02 19:17:00,Brasil,ACRE,CRUZEIRO DO SUL,Amazônia
 1648190881 ,0a76fe67-f11b-323f-98f5-10da4256b2cc,   -8.257920 ,  -72.803870 ,2023-09-02 19:17:00,Brasil,ACRE,PORTO WALTER,Amazônia
 1648190882 ,ab583bea-440b-376c-8458-f63845473ae2,   -7.867400 ,  -72.876330 ,2023-09-02 19:17:00,Brasil,ACRE,RODRIGUES ALVES,Amazônia
 1648190883 ,b872c151-b41b-3c30-9244-7f0a8160b192,   -7.848090 ,  -72.467960 ,2023-09-02 19:17:00,Brasil,ACRE,CRUZEIRO DO SUL,Amazônia
 1648190884 ,e08c6721-0ac5-3127-b5c2-4091f6fd2583,   -7.844690 ,  -72.473470 ,2023-09-02 19:17:00,Brasil,ACRE,CRUZEIRO DO SUL,Amazônia
 1648190885 ,33da2a35-3936-3d7c-905c-4b4fbd4e668d,   -7.666990 ,  -72.309100 ,2023-09-02 19:17:00,Brasil,ACRE,CRUZEIRO DO SUL,Amazônia
 1648190998 ,d2614a9f-2417-35ef-bc11-461bb587a217,   -9.202020 ,  -71.614740 ,2023-09-02 19:17:00,Brasil,ACRE,FEIJÓ,Amazônia
 1648190999 ,91d47f36-9891-3387-b419-ce8d1375f1e5,   -9.070410 ,  -72.202670 ,2023-09-02 19:17:00,Brasil,ACRE,MARECHAL THAUMATURGO,Amazônia
 1648191027 ,bd125151-5f28-31da-aec0-56c075483255,   -9.060400 ,  -72.229030 ,2023-09-02 19:17:00,Brasil,ACRE,MARECHAL THAUMATURGO,Amazônia
 1648382522 ,950d221d-d60d-3200-8bf4-522311fcad7e,   -9.935180 ,  -66.745000 ,2023-09-03 18:19:00,Brasil,ACRE,ACRELÂNDIA,Amazônia
 1648382538 ,b95a1621-d46d-32b8-9bd7-edf8ea05929a,  -10.203710 ,  -67.160180 ,2023-09-03 18:19:00,Brasil,ACRE,PLÁCIDO DE CASTRO,Amazônia
 1648382582 ,17662126-f646-3db6-a92c-b3172425083e,   -8.072010 ,  -70.609900 ,2023-09-03 18:21:00,Brasil,ACRE,TARAUACÁ,Amazônia
 1648382583 ,f2cc5026-1ae0-37cb-958c-35916cd1481b,   -8.052510 ,  -70.962680 ,2023-09-03 18:21:00,Brasil,ACRE,TARAUACÁ,Amazônia
 1648382584 ,acd6d6c3-7d48-34eb-bbed-1fc175a0b93c,   -8.042740 ,  -71.245920 ,2023-09-03 18:21:00,Brasil,ACRE,TARAUACÁ,Amazônia
 1648382585 ,32e9941b-c27c-3174-918e-7462293a65b0,   -8.040510 ,  -71.229180 ,2023-09-03 18:21:00,Brasil,ACRE,TARAUACÁ,Amazônia
 1648382586 ,f5ce2967-f409-3f23-95a1-788e51c4e8f9,   -8.019910 ,  -71.164800 ,2023-09-03 18:21:00,Brasil,ACRE,TARAUACÁ,Amazônia
 1648382587 ,1b5409d7-7d64-35be-bce1-82147b2381a2,   -8.017730 ,  -71.148320 ,2023-09-03 18:21:00,Brasil,ACRE,TARAUACÁ,Amazônia
 1648382588 ,651d334e-4f88-370c-bcfb-b95787806a3c,   -7.978040 ,  -71.452020 ,2023-09-03 18:21:00,Brasil,ACRE,TARAUACÁ,Amazônia
 1648382616 ,ec241f77-d154-3370-894a-96e901a5aebe,   -7.817250 ,  -72.801500 ,2023-09-03 18:21:00,Brasil,ACRE,RODRIGUES ALVES,Amazônia
 1648382617 ,5b2e1441-dc6a-37de-9b6f-73c98c8b713f,   -7.811560 ,  -71.964190 ,2023-09-03 18:21:00,Brasil,ACRE,TARAUACÁ,Amazônia
 1648382618 ,ba1eb300-9d91-340c-980c-e2441063a1dc,   -7.795950 ,  -71.952100 ,2023-09-03 18:21:00,Brasil,ACRE,TARAUACÁ,Amazônia
 1648382619 ,82a6d58c-7e94-307d-8df5-366b622482c6,   -7.695950 ,  -72.373580 ,2023-09-03 18:21:00,Brasil,ACRE,CRUZEIRO DO SUL,Amazônia
 1648382620 ,dcd295e7-e0e6-3434-b9a9-013ec20a46ba,   -7.693640 ,  -72.368930 ,2023-09-03 18:21:00,Brasil,ACRE,CRUZEIRO DO SUL,Amazônia
 1648382621 ,736d808e-42e0-3a0c-8f59-1989615e971a,   -7.667950 ,  -72.270680 ,2023-09-03 18:21:00,Brasil,ACRE,CRUZEIRO DO SUL,Amazônia
 1648382631 ,976e0427-092e-3d60-b795-8131fb9fdc9b,   -7.880220 ,  -72.483100 ,2023-09-03 18:21:00,Brasil,ACRE,CRUZEIRO DO SUL,Amazônia
 1648382632 ,8f337eb2-6085-364d-8811-90eb76c516a9,   -7.811070 ,  -71.969250 ,2023-09-03 18:21:00,Brasil,ACRE,TARAUACÁ,Amazônia
 1648382633 ,25f628f7-9526-34b3-956e-bbc56816cc90,   -7.808520 ,  -71.950420 ,2023-09-03 18:21:00,Brasil,ACRE,TARAUACÁ,Amazônia
 1648382634 ,509a7209-c08f-37cb-ac34-dfdcc67095ee,   -7.798480 ,  -71.970940 ,2023-09-03 18:21:00,Brasil,ACRE,TARAUACÁ,Amazônia
 1648382635 ,4d39442f-634c-326b-967d-f093c71ccc2d,   -7.733900 ,  -73.068700 ,2023-09-03 18:21:00,Brasil,ACRE,RODRIGUES ALVES,Amazônia
 1648382636 ,bb075878-fedc-3a96-982c-efc42bea5f2a,   -7.696220 ,  -72.389140 ,2023-09-03 18:21:00,Brasil,ACRE,CRUZEIRO DO SUL,Amazônia
 1648382637 ,03543257-74cc-32e8-bb8e-0c7fd373341a,   -7.656620 ,  -72.277180 ,2023-09-03 18:21:00,Brasil,ACRE,CRUZEIRO DO SUL,Amazônia
 1648382638 ,bcdc4018-4000-340c-a6f9-38902450a669,   -7.560980 ,  -73.033810 ,2023-09-03 18:21:00,Brasil,ACRE,MÂNCIO LIMA,Amazônia
 1648382642 ,a2a3ae25-ad08-36ae-8af5-644ae53382ee,   -7.536580 ,  -73.060220 ,2023-09-03 18:21:00,Brasil,ACRE,MÂNCIO LIMA,Amazônia
 1648382643 ,98c9b4c4-45e5-33fa-8c04-073a9e1e014f,   -7.533660 ,  -73.037640 ,2023-09-03 18:21:00,Brasil,ACRE,MÂNCIO LIMA,Amazônia
 1648382648 ,1af8ba7f-452d-3d9e-ae57-89949391245f,   -8.080930 ,  -72.439220 ,2023-09-03 18:21:00,Brasil,ACRE,CRUZEIRO DO SUL,Amazônia
 1648382649 ,fd933920-090f-34f7-a2a7-95cec0fbd5a9,   -8.078270 ,  -72.418420 ,2023-09-03 18:21:00,Brasil,ACRE,CRUZEIRO DO SUL,Amazônia
 1648382651 ,247eb4b9-97cd-3505-8ae2-c6c292c2842a,   -8.060900 ,  -72.468000 ,2023-09-03 18:21:00,Brasil,ACRE,CRUZEIRO DO SUL,Amazônia
 1648382652 ,ffee3a7f-7dfc-316a-9a53-fbbbb694658e,   -8.028600 ,  -72.325590 ,2023-09-03 18:21:00,Brasil,ACRE,CRUZEIRO DO SUL,Amazônia
 1648382653 ,cd78b2fd-0ba3-3bb9-9ef4-86a9bc8d20dc,   -7.987560 ,  -72.506170 ,2023-09-03 18:21:00,Brasil,ACRE,CRUZEIRO DO SUL,Amazônia
 1648382654 ,c00a7099-4cfe-3528-b59f-c79803c56b44,   -7.984570 ,  -72.499570 ,2023-09-03 18:21:00,Brasil,ACRE,CRUZEIRO DO SUL,Amazônia
 1648382655 ,5ecc261e-33bd-394b-bc8d-6166640ae52d,   -7.974360 ,  -72.507890 ,2023-09-03 18:21:00,Brasil,ACRE,CRUZEIRO DO SUL,Amazônia
 1648382656 ,c3722079-2b94-3d49-aabc-1405758b060f,   -7.974000 ,  -72.522190 ,2023-09-03 18:21:00,Brasil,ACRE,CRUZEIRO DO SUL,Amazônia
 1648382659 ,939c95df-2d7f-3cad-bc53-bb95597378f5,   -9.256030 ,  -72.038930 ,2023-09-03 18:19:00,Brasil,ACRE,JORDÃO,Amazônia
 1648382660 ,d012ea4f-fd0c-3146-a834-8193c6f9226f,   -9.253440 ,  -72.018880 ,2023-09-03 18:19:00,Brasil,ACRE,JORDÃO,Amazônia
 1648382661 ,327aa1b2-2154-35d3-a758-ad41fe527b7a,   -9.213120 ,  -72.010310 ,2023-09-03 18:19:00,Brasil,ACRE,JORDÃO,Amazônia
 1648382662 ,efc6b0bd-b209-372e-9b92-aea7adbecda2,   -9.212010 ,  -72.003620 ,2023-09-03 18:19:00,Brasil,ACRE,JORDÃO,Amazônia
 1648382663 ,d9d4c0d8-7b51-3714-bea0-1980db447587,   -9.111510 ,  -72.616750 ,2023-09-03 18:19:00,Brasil,ACRE,MARECHAL THAUMATURGO,Amazônia
 1648382664 ,b018ea36-e196-31b3-ad56-0009de4aa6da,   -9.086220 ,  -72.240230 ,2023-09-03 18:19:00,Brasil,ACRE,MARECHAL THAUMATURGO,Amazônia
 1648382665 ,b71418ac-d82e-30f3-8f68-a3857482aa9b,   -9.052220 ,  -72.273000 ,2023-09-03 18:19:00,Brasil,ACRE,MARECHAL THAUMATURGO,Amazônia
 1648382666 ,548a547e-0e45-3638-b89c-786f3052f4cc,   -9.049440 ,  -72.252040 ,2023-09-03 18:19:00,Brasil,ACRE,MARECHAL THAUMATURGO,Amazônia
 1648382667 ,e7997ce5-2772-3c14-8589-fa25a57cb071,   -9.049380 ,  -72.266400 ,2023-09-03 18:19:00,Brasil,ACRE,MARECHAL THAUMATURGO,Amazônia
 1648382668 ,362fc7cd-516f-3d5e-a36e-f6d961effbc3,   -9.024030 ,  -72.471340 ,2023-09-03 18:19:00,Brasil,ACRE,MARECHAL THAUMATURGO,Amazônia
 1648382669 ,bc586da7-3ea9-30a0-8f5d-32f5e1f087b4,   -9.021280 ,  -72.449800 ,2023-09-03 18:19:00,Brasil,ACRE,MARECHAL THAUMATURGO,Amazônia
 1648382670 ,42372b62-9961-3f77-a8e6-609e05e1c663,   -8.989470 ,  -72.632580 ,2023-09-03 18:19:00,Brasil,ACRE,MARECHAL THAUMATURGO,Amazônia
 1648382671 ,4f99c622-2833-30bb-88af-a361cff8c36c,   -8.973700 ,  -72.572010 ,2023-09-03 18:19:00,Brasil,ACRE,MARECHAL THAUMATURGO,Amazônia
 1648382672 ,b9ac7de7-5bea-3685-a56b-52fa1e4d1c80,   -8.970850 ,  -72.550120 ,2023-09-03 18:19:00,Brasil,ACRE,MARECHAL THAUMATURGO,Amazônia
 1648382673 ,2b709137-e01c-36a1-9f08-fc0d99544794,   -8.927310 ,  -72.813450 ,2023-09-03 18:19:00,Brasil,ACRE,MARECHAL THAUMATURGO,Amazônia
 1648382674 ,f71eeb63-fb60-3212-9eca-3cf899153f03,   -8.820550 ,  -71.905760 ,2023-09-03 18:19:00,Brasil,ACRE,JORDÃO,Amazônia
 1648382675 ,d40d7f6f-2159-3b40-9889-e824826960fa,   -8.621070 ,  -72.358520 ,2023-09-03 18:21:00,Brasil,ACRE,PORTO WALTER,Amazônia
 1648382676 ,bc8bd893-a4e7-37a3-b34e-b1b4fcf88648,   -8.417540 ,  -72.932060 ,2023-09-03 18:21:00,Brasil,ACRE,PORTO WALTER,Amazônia
 1648382677 ,7c3718a3-6a18-35f4-9e98-4efaa83bf6e0,   -8.136950 ,  -72.831310 ,2023-09-03 18:21:00,Brasil,ACRE,CRUZEIRO DO SUL,Amazônia
 1648382678 ,51978b4e-bbdf-3863-800c-09e9efb1c827,   -8.074070 ,  -72.466260 ,2023-09-03 18:21:00,Brasil,ACRE,CRUZEIRO DO SUL,Amazônia
 1648382679 ,50e3431f-2f2d-3df0-8809-32de20e5ce31,   -8.071260 ,  -72.445430 ,2023-09-03 18:21:00,Brasil,ACRE,CRUZEIRO DO SUL,Amazônia
 1648382680 ,96034d04-9f6d-3dea-9810-fd59b7e2734e,   -8.070430 ,  -72.461820 ,2023-09-03 18:21:00,Brasil,ACRE,CRUZEIRO DO SUL,Amazônia
 1648382682 ,63a9aa14-b91e-37e8-9098-5ba325bea5d6,   -7.971580 ,  -72.487110 ,2023-09-03 18:21:00,Brasil,ACRE,CRUZEIRO DO SUL,Amazônia
 1648382683 ,63d07c40-df87-33ed-80c7-1366f61a6b00,   -7.971380 ,  -72.501340 ,2023-09-03 18:21:00,Brasil,ACRE,CRUZEIRO DO SUL,Amazônia
 1648382684 ,f5e278cc-b548-37bc-a3e4-c09621961baf,   -8.820810 ,  -71.899060 ,2023-09-03 18:19:00,Brasil,ACRE,JORDÃO,Amazônia
 1648382685 ,07d8ef6a-a9b6-3205-b33b-a18b3a0caac4,   -8.817970 ,  -71.886490 ,2023-09-03 18:19:00,Brasil,ACRE,JORDÃO,Amazônia
 1648382686 ,c9554bc6-3e29-360b-9422-4e9c2e1a1dc9,   -8.617330 ,  -72.353670 ,2023-09-03 18:21:00,Brasil,ACRE,PORTO WALTER,Amazônia
 1648382687 ,a31e1f42-2b98-33fd-8e4f-75295aa29bf8,   -8.503210 ,  -72.466530 ,2023-09-03 18:21:00,Brasil,ACRE,PORTO WALTER,Amazônia
 1648382688 ,8aab5607-6d07-3905-b9f0-62e8b3474b7c,   -8.407750 ,  -72.916990 ,2023-09-03 18:21:00,Brasil,ACRE,PORTO WALTER,Amazônia
 1648382689 ,b90a0128-424b-3e4e-b889-337f68f7bfe3,   -8.229070 ,  -72.562770 ,2023-09-03 18:21:00,Brasil,ACRE,PORTO WALTER,Amazônia
 1648382690 ,89dac0f6-7421-3adc-981a-0197cd8f7bd7,   -8.215760 ,  -72.564540 ,2023-09-03 18:21:00,Brasil,ACRE,PORTO WALTER,Amazônia
 1648382691 ,f5079425-8389-3f59-9395-e2b2de68f83e,   -8.213000 ,  -72.543280 ,2023-09-03 18:21:00,Brasil,ACRE,PORTO WALTER,Amazônia
 1648382692 ,2f2b060b-88b5-3ab8-afa2-be77406367e8,   -8.143980 ,  -72.825500 ,2023-09-03 18:21:00,Brasil,ACRE,PORTO WALTER,Amazônia
 1648382708 ,69c0c222-9abe-3612-8893-697542c83e83,   -7.454340 ,  -73.242560 ,2023-09-03 18:21:00,Brasil,ACRE,MÂNCIO LIMA,Amazônia
 1648382710 ,bf7ada50-d43a-36cd-890b-528802e55a90,   -7.449190 ,  -73.248410 ,2023-09-03 18:21:00,Brasil,ACRE,MÂNCIO LIMA,Amazônia
 1648382711 ,feba5a9c-e92d-32fc-a5ec-01a9b178dd66,   -7.447520 ,  -73.413380 ,2023-09-03 18:21:00,Brasil,ACRE,MÂNCIO LIMA,Amazônia
 1648382712 ,09a0f28e-4eb4-33a0-aa5a-0c835d8defa5,   -7.446020 ,  -73.224990 ,2023-09-03 18:21:00,Brasil,ACRE,MÂNCIO LIMA,Amazônia
 1648382713 ,a7b88c63-b0aa-324f-9e59-ab8c8e035efe,   -7.388930 ,  -73.328490 ,2023-09-03 18:21:00,Brasil,ACRE,MÂNCIO LIMA,Amazônia
 1648382714 ,919257e8-a82b-36f7-aab3-c8b6d7d3283a,   -7.443540 ,  -73.418960 ,2023-09-03 18:21:00,Brasil,ACRE,MÂNCIO LIMA,Amazônia
 1648382715 ,9240244d-a0fb-3990-82af-56ceae1230d8,   -7.402900 ,  -73.326680 ,2023-09-03 18:21:00,Brasil,ACRE,MÂNCIO LIMA,Amazônia
 1648382829 ,25702491-f39e-3800-be37-af47f3739c25,   -9.457550 ,  -68.889830 ,2023-09-03 18:19:00,Brasil,ACRE,SENA MADUREIRA,Amazônia
 1648382830 ,b4dc9800-da55-3ed0-b2ae-b7fcf88a3045,  -10.274280 ,  -68.819030 ,2023-09-03 18:19:00,Brasil,ACRE,RIO BRANCO,Amazônia
 1648382831 ,fd3e8f1d-67c1-373b-8557-390f2a6f561c,  -10.245840 ,  -68.380540 ,2023-09-03 18:19:00,Brasil,ACRE,RIO BRANCO,Amazônia
 1648383490 ,1b092f92-ac3a-35f6-93ba-27976528636c,   -8.788080 ,  -69.290910 ,2023-09-03 18:19:00,Brasil,ACRE,MANOEL URBANO,Amazônia
 1648383491 ,5bb3ec94-8ca1-36a6-b9b3-782ef3c127d7,   -8.743840 ,  -69.197030 ,2023-09-03 18:19:00,Brasil,ACRE,MANOEL URBANO,Amazônia
 1648383492 ,7dc686d2-cf86-33bf-beee-0abff507ea2e,   -8.624400 ,  -69.788460 ,2023-09-03 18:19:00,Brasil,ACRE,FEIJÓ,Amazônia
 1648383493 ,292d201a-dd99-3704-82b8-97fb6f44791b,   -8.597630 ,  -69.832970 ,2023-09-03 18:19:00,Brasil,ACRE,FEIJÓ,Amazônia
 1648383494 ,e84ba24b-9109-36cd-9e0a-8b4bc605dc27,   -8.430730 ,  -70.204160 ,2023-09-03 18:21:00,Brasil,ACRE,FEIJÓ,Amazônia
 1648383495 ,bcf2eadc-ac55-38b1-801c-707634f21d97,   -9.078440 ,  -70.002820 ,2023-09-03 18:19:00,Brasil,ACRE,SANTA ROSA DO PURUS,Amazônia
 1648383496 ,1fcc23c4-a752-33c2-a70f-88939321fab3,   -9.076550 ,  -69.988780 ,2023-09-03 18:19:00,Brasil,ACRE,SANTA ROSA DO PURUS,Amazônia
 1648383497 ,c6f855b6-f082-3989-8c53-6fbf7162a136,   -8.266880 ,  -70.181310 ,2023-09-03 18:21:00,Brasil,ACRE,FEIJÓ,Amazônia
 1648383498 ,d2fb6408-ecc8-345d-9448-8490522ec90e,   -8.137580 ,  -70.168370 ,2023-09-03 18:21:00,Brasil,ACRE,FEIJÓ,Amazônia
 1648383499 ,fa1f7093-e4d4-3785-8d00-fe030c044806,   -9.456990 ,  -68.963190 ,2023-09-03 18:19:00,Brasil,ACRE,SENA MADUREIRA,Amazônia
 1648383500 ,9b855811-6662-3ec0-b723-bbdd5ea32b4b,   -9.446740 ,  -68.964550 ,2023-09-03 18:19:00,Brasil,ACRE,SENA MADUREIRA,Amazônia
 1648383501 ,e9d29c21-2677-3a91-909c-f3660db0bde6,   -8.035340 ,  -69.905900 ,2023-09-03 18:21:00,Brasil,ACRE,FEIJÓ,Amazônia
 1648383502 ,c42d7ab8-83c6-3d23-8685-694c4d606f0e,   -7.997500 ,  -69.904300 ,2023-09-03 18:21:00,Brasil,ACRE,FEIJÓ,Amazônia
 1648383503 ,614f46f6-7f0b-3a3a-b0b0-1532752c74ac,   -9.168020 ,  -69.076940 ,2023-09-03 18:19:00,Brasil,ACRE,SENA MADUREIRA,Amazônia
 1648383504 ,6e3219c5-c3ec-3612-85ca-6745786bda27,   -9.128100 ,  -68.863550 ,2023-09-03 18:19:00,Brasil,ACRE,SENA MADUREIRA,Amazônia
 1648383505 ,0e2551d5-c733-3d52-8152-54dd46bac45a,   -9.032220 ,  -69.213160 ,2023-09-03 18:19:00,Brasil,ACRE,SENA MADUREIRA,Amazônia
 1648383506 ,3be4d081-f478-345a-8a56-c7bb7e03d80d,   -9.007950 ,  -69.401760 ,2023-09-03 18:19:00,Brasil,ACRE,MANOEL URBANO,Amazônia
 1648383507 ,c3b7668d-c95b-39ec-b482-cf3908b3659d,   -9.006210 ,  -69.389070 ,2023-09-03 18:19:00,Brasil,ACRE,MANOEL URBANO,Amazônia
 1648383510 ,a76115d4-c7a5-367d-9593-b29708e40f54,  -10.742590 ,  -69.674730 ,2023-09-03 18:19:00,Brasil,ACRE,BRASILÉIA,Amazônia
 1648383511 ,d3443e34-4fdb-34b1-8704-b076531890cc,  -10.579120 ,  -70.004160 ,2023-09-03 18:19:00,Brasil,ACRE,SENA MADUREIRA,Amazônia
 1648383512 ,438efb9c-961b-3e3a-ac4a-1a9c43be4cf0,  -10.577680 ,  -69.996100 ,2023-09-03 18:19:00,Brasil,ACRE,ASSIS BRASIL,Amazônia
 1648383558 ,ab1e4587-e7c0-32f1-9e71-1ece890eb1f1,   -7.935950 ,  -70.618550 ,2023-09-03 18:21:00,Brasil,ACRE,FEIJÓ,Amazônia
 1648383559 ,eb609c32-ce73-34cc-b3db-2902ffbd32ec,   -7.800890 ,  -70.634040 ,2023-09-03 18:21:00,Brasil,ACRE,TARAUACÁ,Amazônia
 1648383560 ,1b21d750-bb35-3237-994a-7e7d74b1516d,   -7.798880 ,  -70.619300 ,2023-09-03 18:21:00,Brasil,ACRE,TARAUACÁ,Amazônia
 1648383561 ,71a2d92e-63fc-3535-92fb-478650014360,   -7.796860 ,  -70.604500 ,2023-09-03 18:21:00,Brasil,ACRE,TARAUACÁ,Amazônia
 1648383562 ,6a56fe10-89e9-3b50-8a5c-4b2b1ad577f3,   -8.816190 ,  -71.055160 ,2023-09-03 18:19:00,Brasil,ACRE,FEIJÓ,Amazônia
 1648383563 ,46d66c99-016f-3b9b-9c73-9d6fafa7a005,   -8.816110 ,  -71.244760 ,2023-09-03 18:19:00,Brasil,ACRE,TARAUACÁ,Amazônia
 1648383564 ,096000ff-40f8-3dcd-8fa9-deff87032a0e,   -8.813930 ,  -71.227620 ,2023-09-03 18:19:00,Brasil,ACRE,TARAUACÁ,Amazônia
 1648383565 ,1096c62c-5ac9-39e2-9b65-4782025cc6ea,   -8.684080 ,  -70.561020 ,2023-09-03 18:19:00,Brasil,ACRE,FEIJÓ,Amazônia
 1648383566 ,080d3131-a818-3769-b034-0732c7802883,   -8.666610 ,  -71.624820 ,2023-09-03 18:21:00,Brasil,ACRE,TARAUACÁ,Amazônia
 1648383567 ,c2ce9193-6bd3-3735-ace0-21fe6e6c7e89,   -8.634800 ,  -70.974370 ,2023-09-03 18:19:00,Brasil,ACRE,TARAUACÁ,Amazônia
 1648383568 ,8dd101f8-c357-3e2c-8862-2389bc2ea8ed,   -8.602860 ,  -70.912730 ,2023-09-03 18:19:00,Brasil,ACRE,TARAUACÁ,Amazônia
 1648383569 ,dfa33956-14e2-3f7a-9978-50a69635359e,   -8.557830 ,  -70.477430 ,2023-09-03 18:19:00,Brasil,ACRE,FEIJÓ,Amazônia
 1648383570 ,f4f5e8cf-6597-3f98-8874-468cff976d34,   -8.553470 ,  -70.778700 ,2023-09-03 18:21:00,Brasil,ACRE,TARAUACÁ,Amazônia
 1648383571 ,044cce61-3a08-3a35-95bf-a232622ac7b5,   -8.551360 ,  -70.763010 ,2023-09-03 18:21:00,Brasil,ACRE,TARAUACÁ,Amazônia
 1648383572 ,633cada2-8c26-3d98-a1ad-6f34af5aed9b,   -8.519950 ,  -70.703830 ,2023-09-03 18:21:00,Brasil,ACRE,TARAUACÁ,Amazônia
 1648383573 ,dff2c5d7-4765-328f-84d7-4fffbb7e8a86,   -8.518770 ,  -71.486130 ,2023-09-03 18:21:00,Brasil,ACRE,TARAUACÁ,Amazônia
 1648383574 ,48251824-b332-3aeb-b57e-93eea0223a3b,   -8.515580 ,  -71.273730 ,2023-09-03 18:21:00,Brasil,ACRE,TARAUACÁ,Amazônia
 1648383575 ,b24bccd9-b88e-3a42-af02-a7de06f5c339,   -8.509560 ,  -70.872100 ,2023-09-03 18:21:00,Brasil,ACRE,TARAUACÁ,Amazônia
 1648383576 ,60d823b8-c770-3cf1-8fd3-7aa2e6758065,   -8.488050 ,  -70.819660 ,2023-09-03 18:21:00,Brasil,ACRE,TARAUACÁ,Amazônia
 1648383577 ,c4ea8eca-f04c-3d7e-991f-d777bed2e17b,   -8.471100 ,  -70.592960 ,2023-09-03 18:21:00,Brasil,ACRE,FEIJÓ,Amazônia
 1648383578 ,fa3c56c7-951a-3a8e-abe8-8326a1e05ded,   -8.455510 ,  -70.735320 ,2023-09-03 18:21:00,Brasil,ACRE,TARAUACÁ,Amazônia
 1648383579 ,671a0e08-0064-3480-a12b-994d6c95ed8a,   -8.434530 ,  -70.753930 ,2023-09-03 18:21:00,Brasil,ACRE,TARAUACÁ,Amazônia
 1648383581 ,7a218e11-c6bc-35ab-8af6-0bf1b452bd2d,   -8.432050 ,  -70.914470 ,2023-09-03 18:21:00,Brasil,ACRE,TARAUACÁ,Amazônia
 1648383582 ,31ed5cf7-bec5-328b-b9fa-6500bc73da42,   -8.360720 ,  -70.546580 ,2023-09-03 18:21:00,Brasil,ACRE,FEIJÓ,Amazônia
 1648383583 ,38f99127-b271-3a87-ba6b-f77b26624a1c,   -8.332080 ,  -70.326320 ,2023-09-03 18:21:00,Brasil,ACRE,FEIJÓ,Amazônia
 1648383584 ,67e97d66-273f-32b2-b544-e2b3b343d1fc,   -8.323270 ,  -70.347500 ,2023-09-03 18:21:00,Brasil,ACRE,FEIJÓ,Amazônia
 1648383585 ,d024a032-b541-3777-8f56-a6f6d358d08c,   -8.321310 ,  -70.333130 ,2023-09-03 18:21:00,Brasil,ACRE,FEIJÓ,Amazônia
 1648383586 ,e509085b-ba5e-315d-a043-62c8d08bd97b,   -8.298430 ,  -70.928790 ,2023-09-03 18:21:00,Brasil,ACRE,TARAUACÁ,Amazônia
 1648383587 ,49a94226-53ed-3367-8242-dfea08e1feaf,   -8.296600 ,  -71.093990 ,2023-09-03 18:21:00,Brasil,ACRE,TARAUACÁ,Amazônia
 1648383588 ,81708ac6-adf1-310d-bc9d-659d3c5e00bd,   -8.286760 ,  -70.930360 ,2023-09-03 18:21:00,Brasil,ACRE,TARAUACÁ,Amazônia
 1648383589 ,1c090c87-8baf-3fc3-a8ea-57e74d31646e,   -8.283680 ,  -71.179590 ,2023-09-03 18:21:00,Brasil,ACRE,TARAUACÁ,Amazônia
 1648383590 ,9083f3c5-4e2f-368b-ae66-0ef24949a183,   -9.263580 ,  -71.895820 ,2023-09-03 18:19:00,Brasil,ACRE,JORDÃO,Amazônia
 1648383591 ,312d5992-0213-383d-8383-e43211f3d72a,   -9.262400 ,  -71.891010 ,2023-09-03 18:19:00,Brasil,ACRE,JORDÃO,Amazônia
 1648383592 ,ec7018c7-adb0-3b47-8368-7fa9f1fcf9ce,   -9.248210 ,  -71.978550 ,2023-09-03 18:19:00,Brasil,ACRE,JORDÃO,Amazônia
 1648383593 ,41c84a40-bbd2-391e-bbbd-d7805178d5a5,   -9.245620 ,  -71.958550 ,2023-09-03 18:19:00,Brasil,ACRE,JORDÃO,Amazônia
 1648383594 ,f7f1d707-1fd6-3c42-a1b6-56e17c1ef765,   -9.148530 ,  -71.918000 ,2023-09-03 18:19:00,Brasil,ACRE,JORDÃO,Amazônia
 1648383595 ,a8132838-762a-30d6-aa69-322b3893cb9d,   -8.962910 ,  -71.895050 ,2023-09-03 18:19:00,Brasil,ACRE,JORDÃO,Amazônia
 1648383596 ,4d6b7b2c-f134-34ba-b439-36a2cedc6398,   -8.960380 ,  -71.875630 ,2023-09-03 18:19:00,Brasil,ACRE,JORDÃO,Amazônia
 1648383597 ,8befc530-6996-34d5-97de-4f5a3f35536e,   -8.934870 ,  -71.878780 ,2023-09-03 18:19:00,Brasil,ACRE,JORDÃO,Amazônia
 1648383598 ,c8e4b29d-aa4c-349b-a789-bda1335f0fe9,   -8.932410 ,  -71.859660 ,2023-09-03 18:19:00,Brasil,ACRE,JORDÃO,Amazônia
 1648383599 ,532c75ad-4504-318b-b00e-20a4ed0ae6f3,   -8.101430 ,  -70.660400 ,2023-09-03 18:21:00,Brasil,ACRE,TARAUACÁ,Amazônia
 1648383600 ,fc2a2874-5092-33ed-b2a6-6ab36d924050,   -8.100900 ,  -70.651920 ,2023-09-03 18:21:00,Brasil,ACRE,TARAUACÁ,Amazônia
 1648383601 ,702b5f84-b0b0-3d37-8ff4-510ec43f1b32,   -8.054690 ,  -70.978550 ,2023-09-03 18:21:00,Brasil,ACRE,TARAUACÁ,Amazônia
 1648383602 ,461d2236-c5c8-371e-8271-8c66d2f94c17,   -8.050080 ,  -70.974260 ,2023-09-03 18:21:00,Brasil,ACRE,TARAUACÁ,Amazônia
 1648383603 ,8261497a-fb4f-38b7-a2ea-826b6a843759,   -9.051560 ,  -70.659560 ,2023-09-03 18:19:00,Brasil,ACRE,FEIJÓ,Amazônia
 1648383604 ,18b0fedc-40d9-395e-ac3f-f3bad590d972,   -9.044100 ,  -70.692720 ,2023-09-03 18:19:00,Brasil,ACRE,FEIJÓ,Amazônia
 1648383605 ,3cae7a53-81e8-3715-978b-068d7c85f419,   -9.042050 ,  -70.677010 ,2023-09-03 18:19:00,Brasil,ACRE,FEIJÓ,Amazônia
 1648383606 ,6a5270b4-c6c4-36e2-b569-a5e18a39ecd5,   -9.041360 ,  -70.581760 ,2023-09-03 18:19:00,Brasil,ACRE,FEIJÓ,Amazônia
 1648383607 ,6fa21853-dd89-3e63-b050-15da086b4c3e,   -9.027170 ,  -70.638020 ,2023-09-03 18:19:00,Brasil,ACRE,FEIJÓ,Amazônia
 1648383608 ,479d037b-9b23-3c58-8d0e-795c578f0131,   -8.968990 ,  -70.822840 ,2023-09-03 18:19:00,Brasil,ACRE,FEIJÓ,Amazônia
 1648383609 ,6675565d-18b8-3ec0-a285-52a314685971,   -8.960000 ,  -70.812680 ,2023-09-03 18:19:00,Brasil,ACRE,FEIJÓ,Amazônia
 1648383610 ,556aae61-df4a-37bf-a8b4-a0feecbe1e05,   -8.954890 ,  -70.862690 ,2023-09-03 18:19:00,Brasil,ACRE,FEIJÓ,Amazônia
 1648383611 ,bb64d305-6a6d-34ad-9c40-9953f47f11c6,   -8.936470 ,  -71.274460 ,2023-09-03 18:19:00,Brasil,ACRE,FEIJÓ,Amazônia
 1648383612 ,931f9adf-0d26-3f02-bad5-d71a48c7d273,   -8.934240 ,  -71.257100 ,2023-09-03 18:19:00,Brasil,ACRE,FEIJÓ,Amazônia
 1648383613 ,123eccf1-ae5f-3334-b0b9-d9876b850b1b,   -8.930930 ,  -71.554080 ,2023-09-03 18:19:00,Brasil,ACRE,JORDÃO,Amazônia
 1648383614 ,c8ae17e6-345c-3bab-a76d-192b49068e5d,   -8.929550 ,  -71.264800 ,2023-09-03 18:19:00,Brasil,ACRE,FEIJÓ,Amazônia
 1648383615 ,60d69de4-b459-38d8-ab06-af662ba9c2d7,   -8.899040 ,  -71.503040 ,2023-09-03 18:19:00,Brasil,ACRE,JORDÃO,Amazônia
 1648383616 ,a4766f3d-6bd1-3242-b62a-14eea7cd1b32,   -8.895500 ,  -71.286910 ,2023-09-03 18:19:00,Brasil,ACRE,FEIJÓ,Amazônia
 1648383617 ,883217ac-3b83-35a1-b5bb-266752649aa3,   -8.893190 ,  -71.269580 ,2023-09-03 18:19:00,Brasil,ACRE,FEIJÓ,Amazônia
 1648383618 ,ca620391-56cc-35a3-aae9-1d66380a94d2,   -8.878660 ,  -70.647290 ,2023-09-03 18:19:00,Brasil,ACRE,FEIJÓ,Amazônia
 1648383619 ,ea1107e0-94b2-30d8-a42a-86e71f71b3d2,   -8.814040 ,  -71.038600 ,2023-09-03 18:19:00,Brasil,ACRE,FEIJÓ,Amazônia
 1648383620 ,4103c22e-6d7b-35cb-bd8a-0c977c6daf8c,   -8.809920 ,  -70.823830 ,2023-09-03 18:19:00,Brasil,ACRE,FEIJÓ,Amazônia
 1648383621 ,41d4b679-8789-38be-aba5-c8e1bfd1bf72,   -8.808510 ,  -71.044550 ,2023-09-03 18:19:00,Brasil,ACRE,FEIJÓ,Amazônia
 1648383623 ,5f6632f6-0827-3601-adf8-57b6ebe17625,   -8.796630 ,  -71.046150 ,2023-09-03 18:19:00,Brasil,ACRE,FEIJÓ,Amazônia
 1648383624 ,fb3194fd-798f-3072-85ca-7f308c29f7c3,   -8.790290 ,  -71.041850 ,2023-09-03 18:19:00,Brasil,ACRE,FEIJÓ,Amazônia
 1648383625 ,f51112c3-b7a5-3793-bfd2-ce87485f497f,   -8.701590 ,  -71.058890 ,2023-09-03 18:19:00,Brasil,ACRE,TARAUACÁ,Amazônia
 1648383626 ,f76255b6-409e-32b3-a77f-506aec9ced33,   -8.699480 ,  -71.042340 ,2023-09-03 18:19:00,Brasil,ACRE,TARAUACÁ,Amazônia
 1648383628 ,398b80f4-8051-3c57-bbfb-724dee2740d8,   -8.695220 ,  -71.066480 ,2023-09-03 18:19:00,Brasil,ACRE,TARAUACÁ,Amazônia
 1648383629 ,9c01423c-f36c-3b05-a9de-c618ca9c67ad,   -8.692990 ,  -71.049930 ,2023-09-03 18:19:00,Brasil,ACRE,TARAUACÁ,Amazônia
 1648383630 ,b8f1e691-46ea-3ea5-91fa-cb9807783a12,   -8.691480 ,  -70.950000 ,2023-09-03 18:19:00,Brasil,ACRE,FEIJÓ,Amazônia
 1648383631 ,9b4be1a6-a0be-3b46-96ad-1e73b9a1d146,   -8.688980 ,  -70.960220 ,2023-09-03 18:19:00,Brasil,ACRE,FEIJÓ,Amazônia
 1648383632 ,0a05f159-11d8-37c2-af61-cb2d1294a319,   -8.686890 ,  -70.943930 ,2023-09-03 18:19:00,Brasil,ACRE,FEIJÓ,Amazônia
 1648383633 ,933cb0cb-a742-3743-91f0-c7d0b832230c,   -8.559790 ,  -70.492360 ,2023-09-03 18:19:00,Brasil,ACRE,FEIJÓ,Amazônia
 1648383634 ,e350599a-5748-356c-b12c-785e4fa8026e,   -8.527050 ,  -70.846610 ,2023-09-03 18:21:00,Brasil,ACRE,TARAUACÁ,Amazônia
 1648383635 ,cfdb2674-863e-3991-9396-68399a265131,   -8.524960 ,  -70.830730 ,2023-09-03 18:21:00,Brasil,ACRE,TARAUACÁ,Amazônia
 1648383636 ,25892bdf-20c0-3dee-9a7c-41a4d9daba19,   -8.507930 ,  -70.881840 ,2023-09-03 18:21:00,Brasil,ACRE,TARAUACÁ,Amazônia
 1648383637 ,c432bbb4-5caa-346e-a100-466521a1cd87,   -8.501950 ,  -71.452450 ,2023-09-03 18:21:00,Brasil,ACRE,TARAUACÁ,Amazônia
 1648383638 ,b3e9e6be-1a2c-32de-b88b-b9c114cc9430,   -8.498860 ,  -71.458050 ,2023-09-03 18:21:00,Brasil,ACRE,TARAUACÁ,Amazônia
 1648383639 ,248af6be-5130-31da-b310-bf0e52552078,   -8.496470 ,  -71.440570 ,2023-09-03 18:21:00,Brasil,ACRE,TARAUACÁ,Amazônia
 1648383640 ,7b50ea6c-d350-328a-9c37-884509e16463,   -8.491380 ,  -70.825940 ,2023-09-03 18:21:00,Brasil,ACRE,TARAUACÁ,Amazônia
 1648383641 ,456e9114-6929-38bd-b5e0-6e4eb1ec3352,   -8.490090 ,  -70.835550 ,2023-09-03 18:21:00,Brasil,ACRE,TARAUACÁ,Amazônia
 1648383642 ,6d6f6699-6d1a-3ad3-a669-6b6cf70e1c56,   -8.489220 ,  -70.810170 ,2023-09-03 18:21:00,Brasil,ACRE,TARAUACÁ,Amazônia
 1648383643 ,81fd7096-1356-3e02-8f09-eefffe5b68c8,   -8.469540 ,  -70.586540 ,2023-09-03 18:21:00,Brasil,ACRE,FEIJÓ,Amazônia
 1648383644 ,199e79d1-6a35-3437-8f81-9912c872f8eb,   -8.453410 ,  -70.719770 ,2023-09-03 18:21:00,Brasil,ACRE,TARAUACÁ,Amazônia
 1648383645 ,53467c85-0ea5-37eb-bb28-73295ed3fd1f,   -8.437490 ,  -70.865430 ,2023-09-03 18:21:00,Brasil,ACRE,TARAUACÁ,Amazônia
 1648383646 ,973a1e8a-3af8-305e-b982-f227ebfdb721,   -8.432470 ,  -70.738430 ,2023-09-03 18:21:00,Brasil,ACRE,TARAUACÁ,Amazônia
 1648383647 ,bb474345-5622-3265-bb87-1ec073930e4b,   -8.425160 ,  -70.920630 ,2023-09-03 18:21:00,Brasil,ACRE,TARAUACÁ,Amazônia
 1648383648 ,a1ce22e9-af57-3edc-850d-af492d340f28,   -8.422990 ,  -70.904820 ,2023-09-03 18:21:00,Brasil,ACRE,TARAUACÁ,Amazônia
 1648383649 ,39c7cde2-ca1d-37af-9bee-0eb1d4a6408d,   -8.413500 ,  -70.772720 ,2023-09-03 18:21:00,Brasil,ACRE,TARAUACÁ,Amazônia
 1648383650 ,c14ce635-b2e5-3a37-a455-5401cf1438e0,   -8.377330 ,  -70.830620 ,2023-09-03 18:21:00,Brasil,ACRE,TARAUACÁ,Amazônia
 1648383652 ,dfcfa402-bb82-3321-81b7-71e5fca58edf,   -8.375230 ,  -70.815030 ,2023-09-03 18:21:00,Brasil,ACRE,TARAUACÁ,Amazônia
 1648383653 ,9f4fdf06-9c33-3ec3-a232-595c2fd961cc,   -8.368900 ,  -70.262560 ,2023-09-03 18:21:00,Brasil,ACRE,FEIJÓ,Amazônia
 1648383654 ,91c31ab2-e6e8-3125-9400-221d0ccd4474,   -8.362710 ,  -70.551670 ,2023-09-03 18:21:00,Brasil,ACRE,FEIJÓ,Amazônia
 1648383655 ,97e077ce-2b46-306e-ab18-0917ea99ef0b,   -8.362670 ,  -70.561550 ,2023-09-03 18:21:00,Brasil,ACRE,FEIJÓ,Amazônia
 1648383656 ,f744e2dd-b9a1-3349-8070-8b177e104301,   -8.332450 ,  -70.331660 ,2023-09-03 18:21:00,Brasil,ACRE,FEIJÓ,Amazônia
 1648383657 ,b54fc098-bcc2-377d-b02c-1b2c088bb117,   -8.319340 ,  -70.572650 ,2023-09-03 18:21:00,Brasil,ACRE,FEIJÓ,Amazônia
 1648383658 ,9edbe5e2-480a-34ec-af7a-9691295f8b40,   -8.281530 ,  -71.163090 ,2023-09-03 18:21:00,Brasil,ACRE,TARAUACÁ,Amazônia
 1648383659 ,59513786-a8e1-336e-a5ef-422eb1e83ffb,   -8.241620 ,  -70.424840 ,2023-09-03 18:21:00,Brasil,ACRE,FEIJÓ,Amazônia
 1648383660 ,548d839c-b628-32f3-a78a-95c6cbf451bd,   -8.182100 ,  -70.917260 ,2023-09-03 18:21:00,Brasil,ACRE,TARAUACÁ,Amazônia
 1648383661 ,03a5afd0-c90d-3d03-b1f9-2a0dbfb75561,   -8.099470 ,  -70.645380 ,2023-09-03 18:21:00,Brasil,ACRE,TARAUACÁ,Amazônia
 1648383662 ,fc2b0ddb-6934-3e74-bb71-531b069f9874,   -8.098840 ,  -70.636960 ,2023-09-03 18:21:00,Brasil,ACRE,TARAUACÁ,Amazônia
 1648383663 ,658b97e0-7c8b-3182-903e-8b21a436ae9d,   -8.091300 ,  -70.494790 ,2023-09-03 18:21:00,Brasil,ACRE,FEIJÓ,Amazônia
 1648857546 ,9fb5c467-64b0-3cef-be92-7a14077dc1a7,   -8.975370 ,  -70.755390 ,2023-09-04 19:02:00,Brasil,ACRE,FEIJÓ,Amazônia
 1648857547 ,a436deed-1117-3de8-be61-a7c8200f6191,   -8.908230 ,  -70.689290 ,2023-09-04 19:02:00,Brasil,ACRE,FEIJÓ,Amazônia
 1648857548 ,fe3207ac-d676-3531-b0cf-fc5d3697555b,   -8.863660 ,  -70.713610 ,2023-09-04 19:02:00,Brasil,ACRE,FEIJÓ,Amazônia
 1648857549 ,0ec5d4ad-ba11-3f4b-8f27-927c0612aee3,   -8.840100 ,  -70.717560 ,2023-09-04 19:02:00,Brasil,ACRE,FEIJÓ,Amazônia
 1648857550 ,fd2afc42-d2ef-3176-abfd-aef97cb5d388,   -8.835880 ,  -70.616230 ,2023-09-04 19:02:00,Brasil,ACRE,FEIJÓ,Amazônia
 1648857551 ,ae703e15-2375-38fb-8c61-4d9c72184ab2,   -8.610930 ,  -70.665630 ,2023-09-04 19:02:00,Brasil,ACRE,FEIJÓ,Amazônia
 1648857552 ,516a7af9-4a95-3a70-9a86-786610725b40,   -8.600650 ,  -70.528610 ,2023-09-04 19:02:00,Brasil,ACRE,FEIJÓ,Amazônia
 1648857553 ,7558faa5-2057-3619-bff4-f0e33e985c28,   -8.594270 ,  -70.517660 ,2023-09-04 19:02:00,Brasil,ACRE,FEIJÓ,Amazônia
 1648857554 ,091f92cf-a596-34e9-8b93-de98d22d6c8c,   -8.574950 ,  -71.502090 ,2023-09-04 19:02:00,Brasil,ACRE,TARAUACÁ,Amazônia
 1648857555 ,2ce11e4c-a0cd-38cd-ba05-df9af41a4851,   -8.448210 ,  -70.722180 ,2023-09-04 19:02:00,Brasil,ACRE,TARAUACÁ,Amazônia
 1648857556 ,7577ab69-4408-3759-9df1-278a0f999cb1,   -8.443690 ,  -70.619530 ,2023-09-04 19:02:00,Brasil,ACRE,FEIJÓ,Amazônia
 1648857557 ,86a46b79-d04d-38cc-a4f4-bdf1af5440ea,   -8.443380 ,  -70.728460 ,2023-09-04 19:02:00,Brasil,ACRE,TARAUACÁ,Amazônia
 1648857558 ,234c35a8-aee7-352e-a5c3-e35d566e0c46,   -8.396180 ,  -71.035400 ,2023-09-04 19:02:00,Brasil,ACRE,TARAUACÁ,Amazônia
 1648857559 ,88a248d2-1770-3ab4-92f6-e7d1c2938f91,   -8.373770 ,  -70.824580 ,2023-09-04 19:02:00,Brasil,ACRE,TARAUACÁ,Amazônia
 1648857560 ,f13c1eaa-9787-3302-9cb1-bd2b47a993ce,   -8.318270 ,  -70.907300 ,2023-09-04 19:02:00,Brasil,ACRE,TARAUACÁ,Amazônia
 1648857561 ,79f6695c-5701-3842-8c89-2b7c675d7df3,   -8.306550 ,  -70.909230 ,2023-09-04 19:02:00,Brasil,ACRE,TARAUACÁ,Amazônia
 1648857562 ,4efbf4ab-46cf-3e50-bb43-38100784ced2,   -8.131300 ,  -71.387090 ,2023-09-04 19:02:00,Brasil,ACRE,TARAUACÁ,Amazônia
 1648857563 ,6181ebcd-91c7-3f68-a413-eef910883eb0,   -8.109670 ,  -71.250450 ,2023-09-04 19:02:00,Brasil,ACRE,TARAUACÁ,Amazônia
 1648857564 ,cbd33ebd-01d5-3593-8c8f-b809230e88a0,   -8.014260 ,  -71.382060 ,2023-09-04 19:02:00,Brasil,ACRE,TARAUACÁ,Amazônia
 1648857565 ,16965749-d7ff-3520-88a1-2fe195885bd7,   -7.985370 ,  -71.407770 ,2023-09-04 19:02:00,Brasil,ACRE,TARAUACÁ,Amazônia
 1648857567 ,d0236451-6d14-3a02-9597-3d28689cca3a,   -7.852870 ,  -71.814560 ,2023-09-04 19:02:00,Brasil,ACRE,TARAUACÁ,Amazônia
 1648857568 ,becf29b7-4a45-3104-ad11-6f5499e8c0e1,   -7.656990 ,  -72.269580 ,2023-09-04 19:02:00,Brasil,ACRE,CRUZEIRO DO SUL,Amazônia
 1648857569 ,690172e7-9537-3791-b496-f3466c974c33,   -7.654990 ,  -72.256480 ,2023-09-04 19:02:00,Brasil,ACRE,CRUZEIRO DO SUL,Amazônia
 1647732834 ,8c72619d-d8b0-31ad-bc2a-cd7e25b281a2,   -9.017550 ,  -69.429430 ,2023-08-31 17:54:00,Brasil,ACRE,MANOEL URBANO,Amazônia
 1647733086 ,0d7f2a35-3f8c-36f4-a66c-e24bab539eeb,   -9.570660 ,  -68.619510 ,2023-08-31 17:54:00,Brasil,ACRE,RIO BRANCO,Amazônia
 1647733087 ,70d3118a-4fb6-31f1-a6e9-18d1f1ffbdb7,   -9.566180 ,  -68.581880 ,2023-08-31 17:54:00,Brasil,ACRE,RIO BRANCO,Amazônia
 1647733088 ,75f97989-b904-3f8c-8f8e-59964f212678,   -9.562130 ,  -68.590570 ,2023-08-31 17:54:00,Brasil,ACRE,RIO BRANCO,Amazônia
 1647733089 ,c3a528c3-b853-3ab5-99ff-06a97c14972c,  -10.337590 ,  -68.026700 ,2023-08-31 17:54:00,Brasil,ACRE,RIO BRANCO,Amazônia
 1647733090 ,0d20cf0e-6ed8-3b7b-89bb-2c6c36ebd100,  -10.330780 ,  -68.033970 ,2023-08-31 17:54:00,Brasil,ACRE,RIO BRANCO,Amazônia
 1647733091 ,09087184-0251-3969-8694-0132495c00d2,  -10.301980 ,  -68.072870 ,2023-08-31 17:54:00,Brasil,ACRE,RIO BRANCO,Amazônia
 1647733092 ,dd206e31-0211-3f40-91fc-0374a16ab7e8,  -10.296360 ,  -68.078240 ,2023-08-31 17:54:00,Brasil,ACRE,RIO BRANCO,Amazônia
 1648708502 ,f25867bd-e9d5-3abf-8808-fcd932214f9f,   -9.894990 ,  -67.302860 ,2023-09-05 18:04:00,Brasil,ACRE,SENADOR GUIOMARD,Amazônia
 1648708507 ,cbf368a2-8c91-3c50-bde2-09f99b510fc4,   -9.892810 ,  -67.285650 ,2023-09-05 18:04:00,Brasil,ACRE,SENADOR GUIOMARD,Amazônia
 1648708508 ,03a3512c-54e1-31c4-b00f-d72d6bb8386b,   -9.889890 ,  -67.310680 ,2023-09-05 18:04:00,Brasil,ACRE,SENADOR GUIOMARD,Amazônia
 1648708509 ,4caa578d-eaae-3d22-85f5-10aaf040ef2f,   -9.887600 ,  -67.293500 ,2023-09-05 18:04:00,Brasil,ACRE,SENADOR GUIOMARD,Amazônia
 1648708510 ,48012f66-b76d-33d1-9c40-8a00f8bc61ed,   -9.882940 ,  -67.304520 ,2023-09-05 18:04:00,Brasil,ACRE,SENADOR GUIOMARD,Amazônia
 1648708511 ,eb0cd66f-f8c6-3101-b6c3-398c5c5885ec,   -9.880780 ,  -67.287320 ,2023-09-05 18:04:00,Brasil,ACRE,SENADOR GUIOMARD,Amazônia
 1648708560 ,0f47ebae-44e5-3eb4-bad5-cb6fc969b652,   -9.231460 ,  -68.251390 ,2023-09-05 18:06:00,Brasil,ACRE,SENA MADUREIRA,Amazônia
 1648708563 ,344225fa-bbe3-3109-9862-041079e7662c,   -9.344470 ,  -68.849150 ,2023-09-05 18:06:00,Brasil,ACRE,SENA MADUREIRA,Amazônia
 1648708564 ,0adf5eea-cb6b-3d6c-bd03-857c06ff1f74,  -10.440410 ,  -67.915090 ,2023-09-05 18:04:00,Brasil,ACRE,CAPIXABA,Amazônia
 1648708565 ,6b79890e-7d53-3fa0-b667-112e73ddd851,  -10.439600 ,  -67.910190 ,2023-09-05 18:04:00,Brasil,ACRE,CAPIXABA,Amazônia
 1648710049 ,ec05caae-689d-3894-98ff-fdfc230391ea,   -8.544070 ,  -71.462320 ,2023-09-05 18:06:00,Brasil,ACRE,TARAUACÁ,Amazônia
 1648710050 ,befbea2a-29a4-3e4f-a581-54a6fd49a91a,   -8.537910 ,  -71.467540 ,2023-09-05 18:06:00,Brasil,ACRE,TARAUACÁ,Amazônia
 1648710051 ,1cbb141d-ffed-3dd8-8654-71b4258dcdb4,   -8.498880 ,  -70.614810 ,2023-09-05 18:06:00,Brasil,ACRE,FEIJÓ,Amazônia
 1648710052 ,eacddec2-9071-3564-960d-412b34e799ec,   -8.486590 ,  -70.623570 ,2023-09-05 18:06:00,Brasil,ACRE,FEIJÓ,Amazônia
 1648710053 ,474dfe85-2068-3454-873d-61c64a747e54,   -8.483510 ,  -70.616620 ,2023-09-05 18:06:00,Brasil,ACRE,FEIJÓ,Amazônia
 1648710054 ,d6e5379b-73f8-3c80-a90e-6fe7331df7e3,   -8.482810 ,  -70.594280 ,2023-09-05 18:06:00,Brasil,ACRE,FEIJÓ,Amazônia
 1648710055 ,1ad197bc-3691-37cb-8aff-337b0bbc9802,   -8.886710 ,  -70.820240 ,2023-09-05 18:06:00,Brasil,ACRE,FEIJÓ,Amazônia
 1648711024 ,d91fa3c5-b27e-3bc0-9b1f-a7cf85952851,   -7.959050 ,  -69.930730 ,2023-09-05 18:06:00,Brasil,ACRE,FEIJÓ,Amazônia
 1648711032 ,a4e84cdf-f538-3ea2-bde5-f85ad69305e0,   -8.544200 ,  -70.855330 ,2023-09-05 18:06:00,Brasil,ACRE,TARAUACÁ,Amazônia
 1648973524 ,ef7b1f73-78c6-3910-80cf-5bc22f00ebc0,  -10.152170 ,  -67.365290 ,2023-09-06 18:47:00,Brasil,ACRE,PLÁCIDO DE CASTRO,Amazônia
 1648973525 ,74bfccca-a779-3563-af2b-446aa1bcf605,  -10.152040 ,  -67.358620 ,2023-09-06 18:47:00,Brasil,ACRE,PLÁCIDO DE CASTRO,Amazônia
 1648973526 ,079c0c6a-8890-3f2a-a7c3-813127d681ee,  -10.140960 ,  -67.367160 ,2023-09-06 18:47:00,Brasil,ACRE,PLÁCIDO DE CASTRO,Amazônia
 1648973527 ,e2904365-92be-300a-b17f-0a31faa8049e,  -10.140830 ,  -67.360470 ,2023-09-06 18:47:00,Brasil,ACRE,PLÁCIDO DE CASTRO,Amazônia
 1648973528 ,88f3fe6f-396c-3670-892f-251c0df7e79d,  -10.138650 ,  -67.352390 ,2023-09-06 18:47:00,Brasil,ACRE,PLÁCIDO DE CASTRO,Amazônia
 1648973952 ,22bacc9e-6cd0-34a8-8c52-31af13823451,   -9.905400 ,  -68.495560 ,2023-09-06 18:47:00,Brasil,ACRE,RIO BRANCO,Amazônia
 1648973953 ,f8f1afe0-2af6-30c8-aa40-0fc9199e3a39,   -9.903650 ,  -67.250370 ,2023-09-06 18:47:00,Brasil,ACRE,SENADOR GUIOMARD,Amazônia
 1648973961 ,fae437f5-4e6d-3fd6-87d2-ecf995c52d3e,   -9.785360 ,  -68.012940 ,2023-09-06 18:47:00,Brasil,ACRE,BUJARI,Amazônia
 1648973962 ,3d012b52-34a6-30a0-b8d0-9efdd1533430,   -9.783060 ,  -68.018820 ,2023-09-06 18:47:00,Brasil,ACRE,BUJARI,Amazônia
 1648974002 ,456cdae2-b27d-3570-ab5a-e44efb38a58b,   -9.403140 ,  -68.295060 ,2023-09-06 18:47:00,Brasil,ACRE,BUJARI,Amazônia
 1648974023 ,99e00bbf-06b0-3276-bcba-1d5d48b8dd8e,   -9.254300 ,  -69.313130 ,2023-09-06 18:47:00,Brasil,ACRE,SENA MADUREIRA,Amazônia
 1648974042 ,4f965364-88f5-3ae3-b527-607852bc8eec,   -9.188910 ,  -70.927180 ,2023-09-06 18:47:00,Brasil,ACRE,FEIJÓ,Amazônia
 1648974043 ,07a9fc61-e5b5-3a51-b523-ca17f6edce71,   -9.187510 ,  -70.917690 ,2023-09-06 18:47:00,Brasil,ACRE,FEIJÓ,Amazônia
 1648974057 ,6ab731ee-4f0e-38be-8fd1-cefa2a6d5236,   -9.095470 ,  -69.616100 ,2023-09-06 18:47:00,Brasil,ACRE,MANOEL URBANO,Amazônia
 1648974059 ,a7c2322c-4fff-3dbf-aed6-e68263bf215d,   -9.085720 ,  -69.617580 ,2023-09-06 18:47:00,Brasil,ACRE,MANOEL URBANO,Amazônia
 1648974070 ,f466ea71-960c-3a79-8ead-c766f6820b3e,   -8.977940 ,  -70.747250 ,2023-09-06 18:47:00,Brasil,ACRE,FEIJÓ,Amazônia
 1648974071 ,adbd36b5-caeb-361c-892c-6b91f324d28d,   -8.947360 ,  -68.779890 ,2023-09-06 18:47:00,Brasil,ACRE,SENA MADUREIRA,Amazônia
 1648974074 ,5b9697b9-d1f1-3bb2-abc0-c4135d09f080,   -8.911310 ,  -70.851470 ,2023-09-06 18:47:00,Brasil,ACRE,FEIJÓ,Amazônia
 1648974075 ,7dd30518-dd74-358e-936d-5f34011d1ee1,   -8.909900 ,  -70.841920 ,2023-09-06 18:47:00,Brasil,ACRE,FEIJÓ,Amazônia
 1648974079 ,f55e1e24-75fc-375a-b5d7-239918924022,   -8.884820 ,  -70.608390 ,2023-09-06 18:47:00,Brasil,ACRE,FEIJÓ,Amazônia
 1648974080 ,df7a99a3-0cf5-3b45-b470-97b5ff790607,   -8.856440 ,  -70.672580 ,2023-09-06 18:47:00,Brasil,ACRE,FEIJÓ,Amazônia
 1648974081 ,f01be4ab-cea5-38ba-968f-9b21ac1ba1ee,   -8.845210 ,  -70.723900 ,2023-09-06 18:47:00,Brasil,ACRE,FEIJÓ,Amazônia
 1648974082 ,76ecd093-36ce-3e47-b17c-9e41a6ade010,   -8.843760 ,  -70.714220 ,2023-09-06 18:47:00,Brasil,ACRE,FEIJÓ,Amazônia
 1648974087 ,e691ab01-7fa2-3212-859c-ba657f2c5ec0,   -8.763430 ,  -69.519220 ,2023-09-06 18:47:00,Brasil,ACRE,MANOEL URBANO,Amazônia
 1648974088 ,99657114-31d6-332a-bc65-166f178adcd5,   -8.761720 ,  -69.508130 ,2023-09-06 18:47:00,Brasil,ACRE,MANOEL URBANO,Amazônia
 1648974097 ,85beefd2-3fed-392c-9b96-6d3b5c1748b0,   -8.703780 ,  -70.757800 ,2023-09-06 18:47:00,Brasil,ACRE,FEIJÓ,Amazônia
 1648974098 ,13b7ad96-2109-343b-8178-dd96dce58e8a,   -8.702350 ,  -70.748150 ,2023-09-06 18:47:00,Brasil,ACRE,FEIJÓ,Amazônia
 1648974099 ,17ad8881-9141-361a-958a-c837e836620b,   -8.692870 ,  -71.562570 ,2023-09-06 18:47:00,Brasil,ACRE,JORDÃO,Amazônia
 1648974100 ,aa34da4d-9b58-3b1a-9f42-dcecfbd4d0de,   -8.691520 ,  -71.553410 ,2023-09-06 18:47:00,Brasil,ACRE,TARAUACÁ,Amazônia
 1648974101 ,a0b0b2f1-47e2-371d-9a2f-0c54a1de59ad,   -8.683180 ,  -70.490660 ,2023-09-06 18:47:00,Brasil,ACRE,FEIJÓ,Amazônia
 1648974102 ,f396ec39-cc87-3aa4-9dab-c227c4250c6f,   -8.658970 ,  -70.041950 ,2023-09-06 18:47:00,Brasil,ACRE,FEIJÓ,Amazônia
 1648974103 ,3a0958a3-a0a0-399f-a316-d2faf6187b21,   -8.644310 ,  -70.486550 ,2023-09-06 18:47:00,Brasil,ACRE,FEIJÓ,Amazônia
 1648974104 ,f221c4d2-8fab-37d1-9d55-dbf22535c687,   -8.642820 ,  -70.476630 ,2023-09-06 18:47:00,Brasil,ACRE,FEIJÓ,Amazônia
 1648974111 ,e1945ba5-53fd-33ea-a5dd-e71f17c3ad62,   -8.585180 ,  -70.900700 ,2023-09-06 18:47:00,Brasil,ACRE,TARAUACÁ,Amazônia
 1648974113 ,4723b50e-2191-3484-a664-52de7ebe04cc,   -8.542520 ,  -70.912930 ,2023-09-06 18:49:00,Brasil,ACRE,TARAUACÁ,Amazônia
 1648974114 ,8c003d2c-082a-3633-8d22-a38f5d231ac7,   -8.534000 ,  -70.855400 ,2023-09-06 18:49:00,Brasil,ACRE,TARAUACÁ,Amazônia
 1648974115 ,96ad8ccf-a9c6-3dd4-8e61-3ce66145fefa,   -8.497900 ,  -70.612260 ,2023-09-06 18:49:00,Brasil,ACRE,FEIJÓ,Amazônia
 1648974116 ,56309e94-1089-3547-a1b2-8655cd2abe1f,   -8.492630 ,  -71.454770 ,2023-09-06 18:49:00,Brasil,ACRE,TARAUACÁ,Amazônia
 1648974117 ,85544b65-7e45-3a3c-8af4-bb7289bf3e51,   -8.488180 ,  -70.322400 ,2023-09-06 18:49:00,Brasil,ACRE,FEIJÓ,Amazônia
 1648974118 ,3b74a75f-1509-38fc-86c2-8fe54a7a7e97,   -8.483080 ,  -70.318450 ,2023-09-06 18:49:00,Brasil,ACRE,FEIJÓ,Amazônia
 1648974119 ,df7808c2-6533-31ad-a3df-43a22cb76308,   -8.461070 ,  -70.557320 ,2023-09-06 18:49:00,Brasil,ACRE,FEIJÓ,Amazônia
 1648974120 ,78be755a-18db-3fb9-88ef-b3a0e7381dc3,   -8.458110 ,  -71.465680 ,2023-09-06 18:49:00,Brasil,ACRE,TARAUACÁ,Amazônia
 1648974121 ,dd7eb73c-2ad7-3cc1-9deb-e8315ffe2d68,   -8.450490 ,  -70.076130 ,2023-09-06 18:49:00,Brasil,ACRE,FEIJÓ,Amazônia
 1648974122 ,909cfeb5-cd06-3a0e-b09d-6ac9e7c6a82b,   -8.433690 ,  -71.298810 ,2023-09-06 18:49:00,Brasil,ACRE,TARAUACÁ,Amazônia
 1648974123 ,3595154b-73a2-37c3-b828-5d3149505c66,   -8.432320 ,  -71.289500 ,2023-09-06 18:49:00,Brasil,ACRE,TARAUACÁ,Amazônia
 1648974124 ,514c46b2-2191-3112-b204-ea8134e10e0f,   -8.428550 ,  -70.531910 ,2023-09-06 18:49:00,Brasil,ACRE,FEIJÓ,Amazônia
 1648974126 ,545ff96b-7447-358c-b89f-269411c01cd6,   -8.395330 ,  -70.482530 ,2023-09-06 18:49:00,Brasil,ACRE,FEIJÓ,Amazônia
 1648974127 ,39a40582-e6b7-3d9f-a7b9-9857196db7b6,   -8.311370 ,  -71.161120 ,2023-09-06 18:49:00,Brasil,ACRE,TARAUACÁ,Amazônia
 1648974128 ,590da77c-0320-3d53-bea2-02634afafc80,   -8.309990 ,  -71.151710 ,2023-09-06 18:49:00,Brasil,ACRE,TARAUACÁ,Amazônia
 1648974129 ,92dd4830-9c82-33cb-9913-e643abad59cc,   -8.262860 ,  -70.529120 ,2023-09-06 18:49:00,Brasil,ACRE,FEIJÓ,Amazônia
 1648974130 ,cd6f5f7a-0ef7-325e-bf3b-be67d865a20d,   -8.248960 ,  -70.500620 ,2023-09-06 18:49:00,Brasil,ACRE,FEIJÓ,Amazônia
 1648974131 ,f85dc760-f765-315d-9dd4-6c32dc761196,   -8.247440 ,  -70.490610 ,2023-09-06 18:49:00,Brasil,ACRE,FEIJÓ,Amazônia
 1648974132 ,4198fc40-d5b0-340f-b7e1-0a2af59ffbe2,   -8.246760 ,  -71.103420 ,2023-09-06 18:49:00,Brasil,ACRE,TARAUACÁ,Amazônia
 1648974133 ,7583ad49-103d-3f44-b13f-02b5bbf8f61b,   -8.144580 ,  -70.650950 ,2023-09-06 18:49:00,Brasil,ACRE,TARAUACÁ,Amazônia
 1648974134 ,2dfc3b98-5eb9-36db-a4ba-a767694fb154,   -8.136310 ,  -70.530460 ,2023-09-06 18:49:00,Brasil,ACRE,FEIJÓ,Amazônia
 1648974135 ,fd29f4b6-cd6c-3e95-ac29-419074a2a87a,   -8.125450 ,  -70.521930 ,2023-09-06 18:49:00,Brasil,ACRE,FEIJÓ,Amazônia
 1648974136 ,96e5515f-b60e-3d70-a15d-e634390b0cd4,   -8.123960 ,  -70.511890 ,2023-09-06 18:49:00,Brasil,ACRE,FEIJÓ,Amazônia
 1648974137 ,cad4c6c0-3213-3416-bad8-1813099e84f1,   -8.008530 ,  -70.196020 ,2023-09-06 18:49:00,Brasil,ACRE,FEIJÓ,Amazônia
 1648974138 ,c25b274a-d4f1-326d-b215-6efdfc3b3263,   -8.002220 ,  -71.061600 ,2023-09-06 18:49:00,Brasil,ACRE,TARAUACÁ,Amazônia
 1648974139 ,7a8abdaf-0da8-352e-88a7-1cfe72a2c4e1,   -8.000800 ,  -71.052070 ,2023-09-06 18:49:00,Brasil,ACRE,TARAUACÁ,Amazônia
 1648974140 ,9f2a4582-b3ca-3ae6-8b2b-88947183079d,   -7.992890 ,  -70.806920 ,2023-09-06 18:49:00,Brasil,ACRE,TARAUACÁ,Amazônia
 1648974141 ,2a30ba48-3ca6-3650-a6ff-4f748be34e44,   -7.960290 ,  -70.167520 ,2023-09-06 18:49:00,Brasil,ACRE,FEIJÓ,Amazônia
 1648974142 ,b1060ccc-c6bc-3599-beeb-531150ab0627,   -7.917760 ,  -70.233030 ,2023-09-06 18:49:00,Brasil,ACRE,FEIJÓ,Amazônia
 1648974143 ,a63a5506-8c4d-350f-8712-a7e590589f53,   -7.916230 ,  -70.222650 ,2023-09-06 18:49:00,Brasil,ACRE,FEIJÓ,Amazônia
 1648974144 ,60c97e02-9981-3e06-9867-b88ea6c33d8c,   -7.886390 ,  -72.097540 ,2023-09-06 18:49:00,Brasil,ACRE,TARAUACÁ,Amazônia
 1648974145 ,20e276da-9116-3dc8-a65e-f3846e9200e9,   -7.878260 ,  -71.721410 ,2023-09-06 18:49:00,Brasil,ACRE,TARAUACÁ,Amazônia
 1648974146 ,c4ec0ff0-915a-3cbf-b635-8b12cd1fd41e,   -7.876910 ,  -71.712260 ,2023-09-06 18:49:00,Brasil,ACRE,TARAUACÁ,Amazônia
 1648974147 ,31d0fe79-3f9c-3bf4-af1f-8e320d6368a0,   -7.858110 ,  -71.777680 ,2023-09-06 18:49:00,Brasil,ACRE,TARAUACÁ,Amazônia
 1648974148 ,7e4a5722-88fa-3f0f-a6c5-579db0408867,   -7.857100 ,  -71.833700 ,2023-09-06 18:49:00,Brasil,ACRE,TARAUACÁ,Amazônia
 1648974149 ,f8116e71-115e-32b4-a421-d0e629b6a18b,   -7.811370 ,  -72.022230 ,2023-09-06 18:49:00,Brasil,ACRE,CRUZEIRO DO SUL,Amazônia
 1648974150 ,53dab925-9e10-30e2-aabe-be45c31751fd,   -7.777500 ,  -71.479490 ,2023-09-06 18:49:00,Brasil,ACRE,TARAUACÁ,Amazônia
 1648974151 ,057b5953-1b06-3087-81e6-4de2a8ba93cc,   -7.755520 ,  -72.276350 ,2023-09-06 18:49:00,Brasil,ACRE,CRUZEIRO DO SUL,Amazônia
 1648974152 ,b0c5024b-e4c1-372d-82d9-21a23c6368cf,   -7.754220 ,  -72.267370 ,2023-09-06 18:49:00,Brasil,ACRE,CRUZEIRO DO SUL,Amazônia
 1648974153 ,3542e345-5d6e-3bb7-853c-687b113d6d74,   -7.752920 ,  -72.258390 ,2023-09-06 18:49:00,Brasil,ACRE,CRUZEIRO DO SUL,Amazônia
 1648974154 ,9cb0ef70-7fdd-3ebf-bb6a-42420f6247bd,   -7.679730 ,  -72.384840 ,2023-09-06 18:49:00,Brasil,ACRE,CRUZEIRO DO SUL,Amazônia
 1648974155 ,efe55ec2-356a-3c9c-9079-3228ae5c9acb,   -7.678430 ,  -72.375890 ,2023-09-06 18:49:00,Brasil,ACRE,CRUZEIRO DO SUL,Amazônia
 1648974157 ,be13e29f-bac7-3822-93b7-cff84e05763f,   -7.647580 ,  -72.288860 ,2023-09-06 18:49:00,Brasil,ACRE,CRUZEIRO DO SUL,Amazônia
 1648974158 ,c809d8b4-ed48-30ec-b078-e69ce76db1d0,   -7.646280 ,  -72.279880 ,2023-09-06 18:49:00,Brasil,ACRE,CRUZEIRO DO SUL,Amazônia
 1648974160 ,622dba64-f207-3f2a-97e1-087e2ec2090f,   -7.572530 ,  -72.599280 ,2023-09-06 18:49:00,Brasil,ACRE,CRUZEIRO DO SUL,Amazônia
 1648974162 ,dc1efdcb-76bc-3423-87d3-875a6f14377e,   -7.571230 ,  -72.590350 ,2023-09-06 18:49:00,Brasil,ACRE,CRUZEIRO DO SUL,Amazônia
 1648974200 ,e462c51b-04e7-3a16-b222-775bcd2d57d6,  -10.972060 ,  -68.510380 ,2023-09-06 18:47:00,Brasil,ACRE,EPITACIOLÂNDIA,Amazônia
 1648974202 ,5f18b55d-07d8-3697-bc6f-7f6dd25793df,  -10.748870 ,  -68.378130 ,2023-09-06 18:47:00,Brasil,ACRE,XAPURI,Amazônia
 1648974205 ,41984be3-d409-3231-9f9d-60d19236c9c2,  -10.566810 ,  -67.876230 ,2023-09-06 18:47:00,Brasil,ACRE,CAPIXABA,Amazônia
 1648974209 ,568d9907-8a10-3a94-9762-86e12a033e69,  -10.455360 ,  -69.408910 ,2023-09-06 18:47:00,Brasil,ACRE,SENA MADUREIRA,Amazônia
 1649144732 ,71fbdae8-93bf-3f35-ae3e-3e24a0535221,   -9.999000 ,  -66.791010 ,2023-09-07 17:52:00,Brasil,ACRE,ACRELÂNDIA,Amazônia
 1649144733 ,addbabb7-19dc-3fe6-a40d-d545817821a3,   -9.987700 ,  -66.799220 ,2023-09-07 17:52:00,Brasil,ACRE,ACRELÂNDIA,Amazônia
 1649144734 ,422b2313-4872-3f51-a2e3-5271812740a7,   -9.983450 ,  -66.792880 ,2023-09-07 17:52:00,Brasil,ACRE,ACRELÂNDIA,Amazônia
 1649145496 ,4f9923f5-5049-383c-b349-e3e07cd9ae41,  -10.429150 ,  -68.015310 ,2023-09-07 17:52:00,Brasil,ACRE,CAPIXABA,Amazônia
 1649145497 ,25be7bc9-5b7b-3e66-8843-003ad0703e0f,  -10.426880 ,  -68.019950 ,2023-09-07 17:52:00,Brasil,ACRE,CAPIXABA,Amazônia
 1649145498 ,b0f56ede-4d89-33d0-a737-c5ac81399a52,  -10.424750 ,  -67.977030 ,2023-09-07 17:52:00,Brasil,ACRE,CAPIXABA,Amazônia
 1649145499 ,d3f45226-d419-3b6f-a7a7-5b61f83a64fb,  -10.423870 ,  -68.139580 ,2023-09-07 17:52:00,Brasil,ACRE,XAPURI,Amazônia
 1649145500 ,871cbd53-bdd8-3ea2-9463-5b7a3e793d87,  -10.422230 ,  -67.981730 ,2023-09-07 17:52:00,Brasil,ACRE,CAPIXABA,Amazônia
 1649145501 ,3ee1b690-3f54-362c-b319-484e625d2c39,  -10.408090 ,  -68.137190 ,2023-09-07 17:52:00,Brasil,ACRE,XAPURI,Amazônia
 1649145503 ,e2823aed-0657-3cd0-b4f8-3330da28d127,  -10.406590 ,  -68.141650 ,2023-09-07 17:52:00,Brasil,ACRE,XAPURI,Amazônia
 1649145505 ,4002f20d-212c-32bb-8189-a58505c98f64,  -10.403680 ,  -68.097760 ,2023-09-07 17:52:00,Brasil,ACRE,XAPURI,Amazônia
 1649145517 ,0e6e2fca-3d20-3a10-ae70-67f8f8ca1208,  -10.003270 ,  -66.797420 ,2023-09-07 17:52:00,Brasil,ACRE,ACRELÂNDIA,Amazônia
 1649369547 ,88019b64-980d-3870-836c-e0cae644593b,  -10.974340 ,  -68.711620 ,2023-09-08 18:32:00,Brasil,ACRE,BRASILÉIA,Amazônia
 1649369548 ,bbd8f1f2-a4e2-37a6-bee7-4046e43a1043,  -10.965390 ,  -68.712940 ,2023-09-08 18:32:00,Brasil,ACRE,BRASILÉIA,Amazônia
 1649369549 ,e28b1b19-a1fd-3e0f-a6ce-74b1510e25f1,  -10.931520 ,  -68.412770 ,2023-09-08 18:32:00,Brasil,ACRE,XAPURI,Amazônia
 1649369550 ,5555ae86-80b0-3c37-8fb1-792908c97878,  -10.930220 ,  -68.403730 ,2023-09-08 18:32:00,Brasil,ACRE,XAPURI,Amazônia
 1649369551 ,c34b7481-36e4-3587-908c-6c00ec378453,  -10.874430 ,  -68.280420 ,2023-09-08 18:32:00,Brasil,ACRE,XAPURI,Amazônia
 1649369552 ,ef43748c-74dd-386d-8d4e-f03a52bc3307,  -10.873130 ,  -68.271390 ,2023-09-08 18:32:00,Brasil,ACRE,XAPURI,Amazônia
 1649370068 ,2c55cdf1-c7f1-3241-8f38-bd618a0ca372,   -8.258250 ,  -70.198590 ,2023-09-08 18:34:00,Brasil,ACRE,FEIJÓ,Amazônia
 1649370069 ,2e2adacb-ad8b-3be9-b61e-363c7ec2329a,   -8.226380 ,  -69.842830 ,2023-09-08 18:34:00,Brasil,ACRE,FEIJÓ,Amazônia
 1649370070 ,175bf0a7-5c1e-32d7-acf5-08f1721e204a,   -8.142290 ,  -70.164490 ,2023-09-08 18:34:00,Brasil,ACRE,FEIJÓ,Amazônia
 1649370071 ,533eb4f3-03bd-380d-ba1a-43024012d70c,   -8.076150 ,  -69.886300 ,2023-09-08 18:34:00,Brasil,ACRE,FEIJÓ,Amazônia
 1649370072 ,1bf1324e-9577-358a-9527-a9df2cece722,   -8.012940 ,  -69.895510 ,2023-09-08 18:34:00,Brasil,ACRE,FEIJÓ,Amazônia
 1649370073 ,fce7bbf6-ed10-3f9f-bba6-3e0ade5ef060,   -8.227690 ,  -69.852040 ,2023-09-08 18:34:00,Brasil,ACRE,FEIJÓ,Amazônia
 1649370074 ,1335afd0-5bcb-35c6-aafc-3406bcda46a2,   -8.194280 ,  -70.137870 ,2023-09-08 18:34:00,Brasil,ACRE,FEIJÓ,Amazônia
 1649370075 ,82d1bcae-d45b-3071-9844-3916a3e4a7ef,   -8.192950 ,  -70.128520 ,2023-09-08 18:34:00,Brasil,ACRE,FEIJÓ,Amazônia
 1649370076 ,df9f1066-6dac-3362-8d37-185b693bbf58,   -8.143610 ,  -70.173870 ,2023-09-08 18:34:00,Brasil,ACRE,FEIJÓ,Amazônia
 1649370077 ,e2a502c7-bd61-32cf-8cb3-c5f5f560a4ba,   -8.094820 ,  -70.081760 ,2023-09-08 18:34:00,Brasil,ACRE,FEIJÓ,Amazônia
 1649370078 ,37cb65c7-a9db-3742-b8bf-9a856a8aea8f,   -8.085190 ,  -69.884990 ,2023-09-08 18:34:00,Brasil,ACRE,FEIJÓ,Amazônia
 1649370079 ,a58786e3-bb2d-32a2-8cef-9ce800454e18,   -8.068440 ,  -69.896820 ,2023-09-08 18:34:00,Brasil,ACRE,FEIJÓ,Amazônia
 1649370080 ,56c6e1f6-392b-3499-9c42-2e2fd35661aa,   -7.963180 ,  -69.937400 ,2023-09-08 18:34:00,Brasil,ACRE,FEIJÓ,Amazônia
 1649370081 ,821fc395-7662-3ade-8e06-da7b16eefefb,   -7.923190 ,  -69.980850 ,2023-09-08 18:34:00,Brasil,ACRE,FEIJÓ,Amazônia
 1649370082 ,14ab6a55-a8e8-3d31-b4c0-1764fe0767ec,   -7.921890 ,  -69.971600 ,2023-09-08 18:34:00,Brasil,ACRE,FEIJÓ,Amazônia
 1649370083 ,e6b9e07c-a9f6-35e5-bc9f-10b470a90724,   -7.921070 ,  -70.024580 ,2023-09-08 18:34:00,Brasil,ACRE,FEIJÓ,Amazônia
 1649370085 ,951252dc-f0e0-3ba5-8fb0-34c9e317ebba,   -9.245020 ,  -69.303310 ,2023-09-08 18:34:00,Brasil,ACRE,SENA MADUREIRA,Amazônia
 1649370086 ,339ba71d-63a0-3297-8c5b-ae96ba044687,   -9.223770 ,  -68.900440 ,2023-09-08 18:34:00,Brasil,ACRE,SENA MADUREIRA,Amazônia
 1649370087 ,21a64caa-dab3-3626-a2be-a10a383826c2,   -9.196150 ,  -69.153140 ,2023-09-08 18:34:00,Brasil,ACRE,SENA MADUREIRA,Amazônia
 1649370088 ,e5006d03-4fc2-3159-92f2-be6655595c7d,   -9.162490 ,  -70.220090 ,2023-09-08 18:34:00,Brasil,ACRE,SANTA ROSA DO PURUS,Amazônia
 1649370089 ,c642e5a7-0df2-334d-a719-cc2c5a711187,   -9.153280 ,  -70.221390 ,2023-09-08 18:34:00,Brasil,ACRE,SANTA ROSA DO PURUS,Amazônia
 1649370090 ,8f61803e-45cb-3ab0-9337-bb19c9123bb1,   -9.151950 ,  -70.211810 ,2023-09-08 18:34:00,Brasil,ACRE,SANTA ROSA DO PURUS,Amazônia
 1649370093 ,496c1504-9859-3d0d-89d0-872b4cad7adc,   -9.270130 ,  -70.336830 ,2023-09-08 18:34:00,Brasil,ACRE,SANTA ROSA DO PURUS,Amazônia
 1649370094 ,0a1bc5ac-0ed6-3070-b3c1-61c6050bc959,   -9.173030 ,  -70.228340 ,2023-09-08 18:34:00,Brasil,ACRE,SANTA ROSA DO PURUS,Amazônia
 1649370095 ,7a6523c0-883a-3e15-acb9-be11ba565636,   -9.171690 ,  -70.218770 ,2023-09-08 18:34:00,Brasil,ACRE,SANTA ROSA DO PURUS,Amazônia
 1649370096 ,3400e7a9-aed3-3724-a267-3413c0adc63d,   -9.161150 ,  -70.210490 ,2023-09-08 18:34:00,Brasil,ACRE,SANTA ROSA DO PURUS,Amazônia
 1649370097 ,90c48e30-5f67-3748-b581-0a0f34786eed,   -9.153710 ,  -69.826190 ,2023-09-08 18:34:00,Brasil,ACRE,MANOEL URBANO,Amazônia
 1649370098 ,a1e71d8b-5a48-3e34-8d0c-629e476b9fcc,   -9.145190 ,  -70.096000 ,2023-09-08 18:34:00,Brasil,ACRE,SANTA ROSA DO PURUS,Amazônia
 1649370099 ,1ceeac89-2397-3954-8aef-038eab8a056c,   -9.082240 ,  -69.909750 ,2023-09-08 18:34:00,Brasil,ACRE,SANTA ROSA DO PURUS,Amazônia
 1649370100 ,d06ec1e5-970d-3f69-a5c3-a6682266cbd9,   -9.080180 ,  -70.092590 ,2023-09-08 18:34:00,Brasil,ACRE,SANTA ROSA DO PURUS,Amazônia
 1649370101 ,bdc43665-3d20-37e9-8a61-0a5fcef694cb,   -9.074670 ,  -69.987440 ,2023-09-08 18:34:00,Brasil,ACRE,SANTA ROSA DO PURUS,Amazônia
 1649370102 ,4aae5155-cf0f-360b-ae52-894a1ff65011,   -8.735340 ,  -69.994040 ,2023-09-08 18:34:00,Brasil,ACRE,FEIJÓ,Amazônia
 1649370103 ,3f06c451-cc1e-31dc-b5a8-7daaea921f38,   -8.622460 ,  -69.779490 ,2023-09-08 18:34:00,Brasil,ACRE,FEIJÓ,Amazônia
 1649370104 ,59011a82-6322-3877-9b66-0ebbedd0e32e,   -8.599600 ,  -69.943410 ,2023-09-08 18:34:00,Brasil,ACRE,FEIJÓ,Amazônia
 1649370105 ,79131995-b593-3943-bc56-46d8c4f3fcdf,   -8.586800 ,  -70.050010 ,2023-09-08 18:34:00,Brasil,ACRE,FEIJÓ,Amazônia
 1649370106 ,42e95f64-f3e3-38dc-977b-424f5eb7a0e4,   -8.585910 ,  -70.171770 ,2023-09-08 18:34:00,Brasil,ACRE,FEIJÓ,Amazônia
 1649370107 ,9476145a-2e48-3bc0-bd81-b165073f8d46,   -8.584560 ,  -70.162330 ,2023-09-08 18:34:00,Brasil,ACRE,FEIJÓ,Amazônia
 1649370108 ,53112c75-bf20-3361-aac4-9c6111f70f97,   -8.513990 ,  -70.124480 ,2023-09-08 18:34:00,Brasil,ACRE,FEIJÓ,Amazônia
 1649370109 ,a0fe4b8c-b608-3559-9eba-1c7b6cd971c3,   -8.508710 ,  -70.086950 ,2023-09-08 18:34:00,Brasil,ACRE,FEIJÓ,Amazônia
 1649370110 ,6d4b086c-f77f-3e2b-bdce-054d697e21a8,   -8.504870 ,  -70.125810 ,2023-09-08 18:34:00,Brasil,ACRE,FEIJÓ,Amazônia
 1649370111 ,cc85c909-ce23-3bb0-8cc9-41b32ae68c55,   -8.498290 ,  -70.078900 ,2023-09-08 18:34:00,Brasil,ACRE,FEIJÓ,Amazônia
 1649370112 ,6ae20f7f-ee09-36e4-a903-e5877256a77e,   -8.468250 ,  -69.931090 ,2023-09-08 18:34:00,Brasil,ACRE,FEIJÓ,Amazônia
 1649370113 ,f58e8dec-f4a2-3730-8187-b51dc4987a39,   -9.005130 ,  -69.562060 ,2023-09-08 18:34:00,Brasil,ACRE,MANOEL URBANO,Amazônia
 1649370114 ,e1b3df6c-d1a3-3c31-a97e-ac87e1e8a18e,   -9.002280 ,  -69.413300 ,2023-09-08 18:34:00,Brasil,ACRE,MANOEL URBANO,Amazônia
 1649370115 ,e1a335f4-0028-3b50-b8d6-b48069337f5f,   -9.000980 ,  -69.404210 ,2023-09-08 18:34:00,Brasil,ACRE,MANOEL URBANO,Amazônia
 1649370116 ,0eaf32ab-3b8e-3e43-828e-b3ce96fc752c,   -8.989620 ,  -69.517620 ,2023-09-08 18:34:00,Brasil,ACRE,MANOEL URBANO,Amazônia
 1649370117 ,a0891cfe-ee17-35f6-8278-53a2396d5c52,   -8.966170 ,  -69.288800 ,2023-09-08 18:34:00,Brasil,ACRE,MANOEL URBANO,Amazônia
 1649370118 ,92dc364b-b1ce-3ccb-a1d6-7ed0cd871137,   -8.964880 ,  -69.279750 ,2023-09-08 18:34:00,Brasil,ACRE,MANOEL URBANO,Amazônia
 1649370119 ,e17c6733-3a54-34fe-8694-1ef9e25be7fb,   -8.932930 ,  -69.312230 ,2023-09-08 18:34:00,Brasil,ACRE,MANOEL URBANO,Amazônia
 1649370120 ,df6436a9-44f0-3cb0-934f-de3d9a573cd8,   -8.897990 ,  -69.388020 ,2023-09-08 18:34:00,Brasil,ACRE,MANOEL URBANO,Amazônia
 1649370121 ,81dc3cb8-8812-3506-88d8-0f3e2d8f2ea9,   -8.883490 ,  -69.159190 ,2023-09-08 18:34:00,Brasil,ACRE,MANOEL URBANO,Amazônia
 1649370122 ,b338ab37-7260-33bf-b0e1-f12c555b9056,   -8.770980 ,  -69.403750 ,2023-09-08 18:34:00,Brasil,ACRE,MANOEL URBANO,Amazônia
 1649370123 ,8f50c884-6e22-376c-a98b-7a48eaf29a18,   -8.757830 ,  -69.439410 ,2023-09-08 18:34:00,Brasil,ACRE,MANOEL URBANO,Amazônia
 1649370124 ,82d7d6db-b5f1-30e6-9e22-baef501d66a3,   -8.751870 ,  -69.654530 ,2023-09-08 18:34:00,Brasil,ACRE,MANOEL URBANO,Amazônia
 1649370125 ,6ce3774c-309f-392a-b799-54edd8881ee9,   -8.750560 ,  -69.645360 ,2023-09-08 18:34:00,Brasil,ACRE,MANOEL URBANO,Amazônia
 1649370127 ,b04324fb-ec70-32f8-9c99-2bb5c9679f9c,   -8.741560 ,  -69.646680 ,2023-09-08 18:34:00,Brasil,ACRE,MANOEL URBANO,Amazônia
 1649370128 ,7194049a-6970-3b86-95ba-6bc5c8191b91,   -8.741320 ,  -69.516110 ,2023-09-08 18:34:00,Brasil,ACRE,MANOEL URBANO,Amazônia
 1649370129 ,88f415ff-b303-3efb-8880-aa91d297d9c1,   -8.740250 ,  -69.637510 ,2023-09-08 18:34:00,Brasil,ACRE,MANOEL URBANO,Amazônia
 1649370130 ,b237e2c8-b770-3691-bc1b-75d5cb2140b5,   -8.739760 ,  -69.377210 ,2023-09-08 18:34:00,Brasil,ACRE,MANOEL URBANO,Amazônia
 1649370131 ,96c2d786-d390-3c27-b9be-38b7666fbe47,   -8.736670 ,  -70.003370 ,2023-09-08 18:34:00,Brasil,ACRE,FEIJÓ,Amazônia
 1649370132 ,ddf8412a-c2ff-302b-b40c-d4689130deb0,   -8.621150 ,  -69.770280 ,2023-09-08 18:34:00,Brasil,ACRE,FEIJÓ,Amazônia
 1649370133 ,32e6bc13-0b33-3517-bfa3-4904ffb2a742,   -8.613240 ,  -69.715100 ,2023-09-08 18:34:00,Brasil,ACRE,FEIJÓ,Amazônia
 1649370134 ,e977ba35-bda7-3b88-abe0-cba4f663771e,   -8.537370 ,  -70.092380 ,2023-09-08 18:34:00,Brasil,ACRE,FEIJÓ,Amazônia
 1649370135 ,68d6b240-b9a0-3795-bde9-7c01bccc6588,   -8.521930 ,  -70.181050 ,2023-09-08 18:34:00,Brasil,ACRE,FEIJÓ,Amazônia
 1649370136 ,2354ea8f-e087-3bab-9983-b71ca50598da,   -8.517820 ,  -70.085620 ,2023-09-08 18:34:00,Brasil,ACRE,FEIJÓ,Amazônia
 1649370137 ,ac914114-dadc-3b3b-9b58-424594fe0056,   -8.500700 ,  -69.964290 ,2023-09-08 18:34:00,Brasil,ACRE,FEIJÓ,Amazônia
 1649370138 ,ad4960b8-d1dc-3145-81e6-e8d05e380cbf,   -8.469550 ,  -69.940360 ,2023-09-08 18:34:00,Brasil,ACRE,FEIJÓ,Amazônia
 1649370139 ,9f9c2c12-9ae3-3d19-a06d-b60c7513ecb9,   -8.431590 ,  -70.122890 ,2023-09-08 18:34:00,Brasil,ACRE,FEIJÓ,Amazônia
 1649370140 ,62824d02-6d13-367a-a2bb-a61fcaeffcea,  -10.672850 ,  -69.510490 ,2023-09-08 18:32:00,Brasil,ACRE,BRASILÉIA,Amazônia
 1649370141 ,00410271-0569-326e-9128-702ef5aa51cb,  -10.567230 ,  -69.866990 ,2023-09-08 18:32:00,Brasil,ACRE,ASSIS BRASIL,Amazônia
 1649370142 ,65d2955d-6776-335b-8558-200fc35f34fc,  -10.530580 ,  -69.347140 ,2023-09-08 18:32:00,Brasil,ACRE,BRASILÉIA,Amazônia
 1649370144 ,e3a0f60c-aabf-3724-a6fc-cef594db3eee,  -10.525230 ,  -69.244230 ,2023-09-08 18:32:00,Brasil,ACRE,BRASILÉIA,Amazônia
 1649370145 ,4ab4f2f0-ea9c-3779-8671-aba1157a0b68,  -10.523930 ,  -69.235020 ,2023-09-08 18:32:00,Brasil,ACRE,BRASILÉIA,Amazônia
 1649370146 ,9beb76ae-ebd2-35e3-88fe-7c5b7f6dc781,  -10.514920 ,  -69.236350 ,2023-09-08 18:32:00,Brasil,ACRE,BRASILÉIA,Amazônia
 1649370147 ,ab5ae6d7-eb50-31d2-8da2-b835fcc031c0,  -10.462920 ,  -69.458110 ,2023-09-08 18:32:00,Brasil,ACRE,SENA MADUREIRA,Amazônia
 1649370148 ,af32ff58-35ef-3b13-9bc7-5a1b4f370fce,  -10.456360 ,  -69.411620 ,2023-09-08 18:32:00,Brasil,ACRE,SENA MADUREIRA,Amazônia
 1649370149 ,d76270f4-c42f-36a0-bbf6-115503f34f0d,  -10.455050 ,  -69.402360 ,2023-09-08 18:32:00,Brasil,ACRE,SENA MADUREIRA,Amazônia
 1649370150 ,30e192d1-0398-34f0-8219-6f28de1f5726,  -10.453740 ,  -69.393110 ,2023-09-08 18:32:00,Brasil,ACRE,SENA MADUREIRA,Amazônia
 1649370151 ,473e6d7c-ad92-36f8-bfd0-49f43958e09b,  -10.452430 ,  -69.383840 ,2023-09-08 18:32:00,Brasil,ACRE,SENA MADUREIRA,Amazônia
 1649370152 ,4f8d3b82-cb8f-3793-8ea2-9f6b3452fe70,  -10.451120 ,  -69.374570 ,2023-09-08 18:32:00,Brasil,ACRE,SENA MADUREIRA,Amazônia
 1649370153 ,d23c83c2-c465-3f52-85f6-1a91fa9c9e54,  -10.447320 ,  -69.412970 ,2023-09-08 18:32:00,Brasil,ACRE,SENA MADUREIRA,Amazônia
 1649370154 ,a4ca093a-375d-338b-8ef0-dfc3de2ae818,  -10.434280 ,  -69.640150 ,2023-09-08 18:32:00,Brasil,ACRE,ASSIS BRASIL,Amazônia
 1649370155 ,abfb0ab6-0942-37d6-90fe-ed67f09aad21,  -10.205560 ,  -69.390950 ,2023-09-08 18:32:00,Brasil,ACRE,SENA MADUREIRA,Amazônia
 1649370156 ,975b6ed5-2fda-3075-9579-667a4721234f,  -10.178350 ,  -69.329060 ,2023-09-08 18:32:00,Brasil,ACRE,SENA MADUREIRA,Amazônia
 1649370157 ,67780012-5be0-3f87-a85f-032c86ce2dfd,  -10.177040 ,  -69.319850 ,2023-09-08 18:32:00,Brasil,ACRE,SENA MADUREIRA,Amazônia
 1649370158 ,3664b9f1-8b25-358f-8bf6-ff84b1c8e6a4,  -10.057250 ,  -69.129030 ,2023-09-08 18:32:00,Brasil,ACRE,SENA MADUREIRA,Amazônia
 1649370185 ,60e2cc73-4217-35b0-bf96-589cc06c3347,   -7.982440 ,  -70.652520 ,2023-09-08 18:34:00,Brasil,ACRE,TARAUACÁ,Amazônia
 1649370186 ,dcdf0663-5a17-3f38-b06a-38bef730663d,   -7.951930 ,  -70.185200 ,2023-09-08 18:34:00,Brasil,ACRE,FEIJÓ,Amazônia
 1649370187 ,5028af0a-abc6-32d2-b76f-613b00d981f8,   -7.912580 ,  -70.225190 ,2023-09-08 18:34:00,Brasil,ACRE,FEIJÓ,Amazônia
 1649370203 ,0c01425b-3aa2-331a-87d6-0c78ff988016,   -7.943650 ,  -70.965790 ,2023-09-08 18:34:00,Brasil,ACRE,TARAUACÁ,Amazônia
 1649370204 ,add7c5d8-f57f-3b81-90c5-6ec6614095f3,   -7.746340 ,  -71.449910 ,2023-09-08 18:34:00,Brasil,ACRE,TARAUACÁ,Amazônia
 1649370205 ,6f6ac0cd-a77f-3728-8765-431345d0308e,   -7.724170 ,  -71.431670 ,2023-09-08 18:34:00,Brasil,ACRE,TARAUACÁ,Amazônia
 1649370206 ,18ef49a3-1f62-373d-9c75-27e7ad1e3f8a,   -8.000570 ,  -70.580780 ,2023-09-08 18:34:00,Brasil,ACRE,FEIJÓ,Amazônia
 1649370207 ,de4a1b4c-466b-3f2e-bb54-4079df6a38e5,   -7.981060 ,  -70.642810 ,2023-09-08 18:34:00,Brasil,ACRE,TARAUACÁ,Amazônia
 1649370208 ,1ca5b4b0-c403-36d3-842d-9fe117b77264,   -7.940840 ,  -70.945860 ,2023-09-08 18:34:00,Brasil,ACRE,TARAUACÁ,Amazônia
 1649370209 ,d964580f-e1b9-3ab1-a635-73af5e173b9b,   -7.919420 ,  -70.339330 ,2023-09-08 18:34:00,Brasil,ACRE,FEIJÓ,Amazônia
 1649370225 ,7d5dbd85-7072-3ee5-aeed-99bc80b05999,   -8.283570 ,  -70.378610 ,2023-09-08 18:34:00,Brasil,ACRE,FEIJÓ,Amazônia
 1649370226 ,72b9aea0-39b1-3b1f-9cf7-4b91763d02ed,   -8.238690 ,  -70.450330 ,2023-09-08 18:34:00,Brasil,ACRE,FEIJÓ,Amazônia
 1649370227 ,c4bd7f21-aa58-3807-94da-c83e68484b64,   -8.186100 ,  -70.477420 ,2023-09-08 18:34:00,Brasil,ACRE,FEIJÓ,Amazônia
 1649370228 ,1893c59f-d8c0-3856-905e-3f05f00ea7bf,   -8.184760 ,  -70.467830 ,2023-09-08 18:34:00,Brasil,ACRE,FEIJÓ,Amazônia
 1649370229 ,f833f7bb-5f92-3ad8-bd63-4d03225dfc6a,   -8.168460 ,  -70.218210 ,2023-09-08 18:34:00,Brasil,ACRE,FEIJÓ,Amazônia
 1649370230 ,2715a2e2-ab89-3b92-913f-9a06c3c39df9,   -8.164500 ,  -70.505680 ,2023-09-08 18:34:00,Brasil,ACRE,FEIJÓ,Amazônia
 1649370231 ,c2a48bab-21aa-3a82-81a0-c83c70b5975b,   -8.154530 ,  -70.635310 ,2023-09-08 18:34:00,Brasil,ACRE,TARAUACÁ,Amazônia
 1649370232 ,0d62f722-974f-3cbb-92e2-ed3088233da4,   -8.126720 ,  -70.639330 ,2023-09-08 18:34:00,Brasil,ACRE,TARAUACÁ,Amazônia
 1649370233 ,858de9e8-ea06-3040-8256-326060f448e2,   -8.067870 ,  -70.477130 ,2023-09-08 18:34:00,Brasil,ACRE,FEIJÓ,Amazônia
 1649370234 ,46504a42-fd8d-365c-9262-87dfa2cd7a38,   -8.007630 ,  -70.583980 ,2023-09-08 18:34:00,Brasil,ACRE,FEIJÓ,Amazônia
 1649370235 ,f2afb13d-6e1c-32b5-b934-27eba81ce7f4,   -8.001950 ,  -70.590440 ,2023-09-08 18:34:00,Brasil,ACRE,TARAUACÁ,Amazônia
 1649370236 ,7d88e709-8d64-3f4f-bc8d-f76418ea1805,   -8.968460 ,  -71.266850 ,2023-09-08 18:34:00,Brasil,ACRE,FEIJÓ,Amazônia
 1649370237 ,68f5886b-51bd-35d7-9983-247c2b5c024d,   -8.955880 ,  -71.247020 ,2023-09-08 18:34:00,Brasil,ACRE,FEIJÓ,Amazônia
 1649370238 ,50baabbe-9ac7-371d-bfd2-64f90c1f54c6,   -8.954420 ,  -71.236370 ,2023-09-08 18:34:00,Brasil,ACRE,FEIJÓ,Amazônia
 1649370239 ,cd31aec7-572b-3b2b-b899-11a4a350ed31,   -8.919530 ,  -70.913380 ,2023-09-08 18:34:00,Brasil,ACRE,FEIJÓ,Amazônia
 1649370240 ,caf4d93f-65c1-31e2-b4e1-4df048b2a860,   -8.896030 ,  -70.813410 ,2023-09-08 18:34:00,Brasil,ACRE,FEIJÓ,Amazônia
 1649370241 ,5dcbf550-144b-3f23-adf2-b257d3fb9675,   -8.890270 ,  -71.515080 ,2023-09-08 18:34:00,Brasil,ACRE,JORDÃO,Amazônia
 1649370242 ,d23b64a1-721c-3112-8d5c-1f3d96bf7563,   -8.882240 ,  -71.383670 ,2023-09-08 18:34:00,Brasil,ACRE,TARAUACÁ,Amazônia
 1649370243 ,5a9c8761-094e-384a-9f9f-5d9b0869d4b1,   -8.881360 ,  -70.846410 ,2023-09-08 18:34:00,Brasil,ACRE,FEIJÓ,Amazônia
 1649370244 ,c79908c2-3ada-3df9-821e-8fc459619fac,   -8.880770 ,  -71.372900 ,2023-09-08 18:34:00,Brasil,ACRE,TARAUACÁ,Amazônia
 1649370245 ,6eb5b8ec-7120-38fc-a3d5-f69e797a8228,   -8.875760 ,  -71.264850 ,2023-09-08 18:34:00,Brasil,ACRE,FEIJÓ,Amazônia
 1649370279 ,9aac2855-a064-3b7d-995b-fb761448c4a6,   -8.746260 ,  -69.422560 ,2023-09-08 18:34:00,Brasil,ACRE,MANOEL URBANO,Amazônia
 1649370513 ,13128773-ad6f-375d-a77e-37fbc8538cc5,   -9.962390 ,  -66.839290 ,2023-09-08 18:32:00,Brasil,ACRE,ACRELÂNDIA,Amazônia
 1649370514 ,12b324f8-6538-3218-a5e5-195956045524,   -9.960930 ,  -66.829640 ,2023-09-08 18:32:00,Brasil,ACRE,ACRELÂNDIA,Amazônia
 1649370522 ,31b7d1ca-59b0-38b6-a0da-fd12dc85905a,  -10.489990 ,  -67.596660 ,2023-09-08 18:32:00,Brasil,ACRE,PLÁCIDO DE CASTRO,Amazônia
 1649370632 ,65c1b7d2-9799-3a2b-ab78-314047d1aaeb,   -9.342870 ,  -68.258740 ,2023-09-08 18:34:00,Brasil,ACRE,BUJARI,Amazônia
 1649370633 ,eda231bf-9f94-32c6-9f47-213cecd261c1,   -9.322030 ,  -68.368770 ,2023-09-08 18:34:00,Brasil,ACRE,BUJARI,Amazônia
 1649370640 ,820ad998-b39d-359e-b4f3-eb9239cd49cd,   -9.294290 ,  -68.114930 ,2023-09-08 18:34:00,Brasil,ACRE,BUJARI,Amazônia
 1649370703 ,e849b5e2-242c-3736-a753-334d0865cd2a,   -9.989450 ,  -68.529650 ,2023-09-08 18:32:00,Brasil,ACRE,RIO BRANCO,Amazônia
 1649370704 ,7f8eda6e-a1b3-30e0-b8f4-9319cda4164f,   -9.913670 ,  -67.561740 ,2023-09-08 18:32:00,Brasil,ACRE,RIO BRANCO,Amazônia
 1649370705 ,a0cb557a-a200-3cbf-8ba6-5a1f9f5511b6,   -9.887130 ,  -67.631540 ,2023-09-08 18:32:00,Brasil,ACRE,RIO BRANCO,Amazônia
 1649370706 ,52686bc8-c5bb-3a4e-98f5-2e52def55c31,   -9.820770 ,  -67.685800 ,2023-09-08 18:34:00,Brasil,ACRE,PORTO ACRE,Amazônia
 1649370707 ,20401133-7f48-3ea6-baca-a6522476e545,   -9.791200 ,  -68.369350 ,2023-09-08 18:34:00,Brasil,ACRE,RIO BRANCO,Amazônia
 1649370708 ,a5237994-b3c4-3dd3-b6f7-2247ff11a6c3,   -9.774170 ,  -67.866550 ,2023-09-08 18:34:00,Brasil,ACRE,BUJARI,Amazônia
 1649370709 ,84467000-a0b4-38c7-b6d4-0e28906143e3,   -9.772830 ,  -67.857440 ,2023-09-08 18:34:00,Brasil,ACRE,BUJARI,Amazônia
 1649370710 ,69732abc-ad51-39fe-be06-dee0e0c1ed26,   -9.741700 ,  -68.091190 ,2023-09-08 18:34:00,Brasil,ACRE,BUJARI,Amazônia
 1649370711 ,02dfec11-793a-3efd-aa63-a3f8e247d197,   -9.692790 ,  -68.573480 ,2023-09-08 18:34:00,Brasil,ACRE,RIO BRANCO,Amazônia
 1649370712 ,844035e2-d7ee-3c88-93e6-1b763f6bdee4,   -9.691490 ,  -68.564480 ,2023-09-08 18:34:00,Brasil,ACRE,RIO BRANCO,Amazônia
 1649370713 ,fe6e8574-4707-30ab-9a60-5f6e47b26f95,   -9.657000 ,  -68.778400 ,2023-09-08 18:34:00,Brasil,ACRE,SENA MADUREIRA,Amazônia
 1649370714 ,a6d44750-e288-32be-a5ed-34192d38cea3,   -9.645070 ,  -68.055900 ,2023-09-08 18:34:00,Brasil,ACRE,BUJARI,Amazônia
 1649370715 ,004cd88b-2d47-311f-9315-867aff1db656,   -9.605600 ,  -68.611490 ,2023-09-08 18:34:00,Brasil,ACRE,RIO BRANCO,Amazônia
 1649370716 ,de3eccf2-d258-36cc-9877-8ec6f807a29f,   -9.604300 ,  -68.602500 ,2023-09-08 18:34:00,Brasil,ACRE,RIO BRANCO,Amazônia
 1649370717 ,f4797765-38c8-3ac9-bf1f-f651b38c360f,   -9.596680 ,  -68.612820 ,2023-09-08 18:34:00,Brasil,ACRE,RIO BRANCO,Amazônia
 1649370718 ,07432774-1a1e-3223-801a-db54bea8f070,   -9.595390 ,  -68.603840 ,2023-09-08 18:34:00,Brasil,ACRE,RIO BRANCO,Amazônia
 1649370719 ,3d46a509-f2c3-345d-9512-24e14bf60b43,   -9.582350 ,  -67.814670 ,2023-09-08 18:34:00,Brasil,ACRE,PORTO ACRE,Amazônia
 1649370720 ,dc0a5842-7cca-3b53-aacf-72b4986fb502,   -9.573660 ,  -68.579540 ,2023-09-08 18:34:00,Brasil,ACRE,RIO BRANCO,Amazônia
 1649370721 ,07904b07-9f1b-3281-81dd-39efcb54f762,   -9.572360 ,  -68.570550 ,2023-09-08 18:34:00,Brasil,ACRE,RIO BRANCO,Amazônia
 1649370722 ,dc61a6ad-87ed-34b3-9016-2dc2b2769033,   -9.566040 ,  -68.589850 ,2023-09-08 18:34:00,Brasil,ACRE,RIO BRANCO,Amazônia
 1649370723 ,6004e75b-6d5a-3705-9e10-c3c6349199ee,   -9.564740 ,  -68.580860 ,2023-09-08 18:34:00,Brasil,ACRE,RIO BRANCO,Amazônia
 1649370724 ,17bfa2c2-38af-37bd-a718-b2ee4cb4c0d7,   -9.563450 ,  -68.571880 ,2023-09-08 18:34:00,Brasil,ACRE,RIO BRANCO,Amazônia
 1649370725 ,763d3c36-3b28-36de-807c-8e2e5df6f3d4,   -9.560850 ,  -68.553910 ,2023-09-08 18:34:00,Brasil,ACRE,RIO BRANCO,Amazônia
 1649370726 ,1bf16385-c918-3175-92c6-5e764f93d938,   -9.553150 ,  -67.865710 ,2023-09-08 18:34:00,Brasil,ACRE,PORTO ACRE,Amazônia
 1649370727 ,ae7feb71-583e-3e1f-8e23-9fc4e297edde,   -9.538240 ,  -68.272440 ,2023-09-08 18:34:00,Brasil,ACRE,BUJARI,Amazônia
 1649370728 ,57ee169e-a4b3-3d79-a593-052429ac7e4d,   -9.531090 ,  -68.729270 ,2023-09-08 18:34:00,Brasil,ACRE,SENA MADUREIRA,Amazônia
 1649370729 ,d7ed120d-2c00-3ea7-bffe-5a0014bea3a0,   -9.517760 ,  -68.257100 ,2023-09-08 18:34:00,Brasil,ACRE,BUJARI,Amazônia
 1649370730 ,10f8bec5-31d5-35ef-8a44-7875bc79da1d,   -9.512580 ,  -68.474930 ,2023-09-08 18:34:00,Brasil,ACRE,SENA MADUREIRA,Amazônia
 1649370731 ,65eb0cb1-0935-3dfa-8609-64f6341a9549,   -9.511950 ,  -68.722930 ,2023-09-08 18:34:00,Brasil,ACRE,SENA MADUREIRA,Amazônia
 1649370732 ,ef568a06-79c8-3387-8a0f-e6b936978879,   -9.509350 ,  -68.263950 ,2023-09-08 18:34:00,Brasil,ACRE,BUJARI,Amazônia
 1649370733 ,2251a9b5-03a1-3db4-9248-8f0a8764d6a0,   -9.508040 ,  -68.254940 ,2023-09-08 18:34:00,Brasil,ACRE,BUJARI,Amazônia
 1649370734 ,156d37ae-16cb-38f5-9778-cce598ea086c,   -9.504400 ,  -67.664670 ,2023-09-08 18:34:00,Brasil,ACRE,PORTO ACRE,Amazônia
 1649370735 ,b0c54e6d-9e20-3c0b-8980-9332eab4f9b3,   -9.477330 ,  -68.231920 ,2023-09-08 18:34:00,Brasil,ACRE,BUJARI,Amazônia
 1649370736 ,4dd427c9-bc2f-3951-ae20-8c31b1c7e218,   -9.468400 ,  -68.233260 ,2023-09-08 18:34:00,Brasil,ACRE,BUJARI,Amazônia
 1649370737 ,d0c4ddd0-23c0-38fa-909a-75f027940477,   -9.462490 ,  -68.580790 ,2023-09-08 18:34:00,Brasil,ACRE,SENA MADUREIRA,Amazônia
 1649370738 ,126bbf2f-ef7c-34a3-bca6-b9a506464778,   -9.447360 ,  -68.088780 ,2023-09-08 18:34:00,Brasil,ACRE,BUJARI,Amazônia
 1649370739 ,99962a1a-be54-3cd5-be83-29a3cbe9ac20,   -9.438420 ,  -68.090130 ,2023-09-08 18:34:00,Brasil,ACRE,BUJARI,Amazônia
 1649370740 ,86e9efef-da7a-3b13-a150-80d957903953,   -9.429470 ,  -68.091470 ,2023-09-08 18:34:00,Brasil,ACRE,BUJARI,Amazônia
 1649370741 ,e94c0488-f983-3049-a7af-110192b8ce1c,   -9.406570 ,  -68.635010 ,2023-09-08 18:34:00,Brasil,ACRE,SENA MADUREIRA,Amazônia
 1649370742 ,98b79873-f655-3caf-8ae6-f11922ded124,   -9.402760 ,  -68.231330 ,2023-09-08 18:34:00,Brasil,ACRE,BUJARI,Amazônia
 1649370743 ,f991c856-8a8f-3451-9611-d406fc70936a,  -10.005440 ,  -67.874930 ,2023-09-08 18:32:00,Brasil,ACRE,RIO BRANCO,Amazônia
 1649370744 ,6580960a-d01f-39ce-9070-a036f668f2d4,  -10.768560 ,  -68.761010 ,2023-09-08 18:32:00,Brasil,ACRE,EPITACIOLÂNDIA,Amazônia
 1649370745 ,eb6ff06b-9032-31e0-831d-47c394800578,  -10.767260 ,  -68.751940 ,2023-09-08 18:32:00,Brasil,ACRE,EPITACIOLÂNDIA,Amazônia
 1649370748 ,feada96c-c003-3593-b339-db755e81b200,  -10.608110 ,  -68.725960 ,2023-09-08 18:32:00,Brasil,ACRE,XAPURI,Amazônia
 1649370749 ,da74ef16-0025-3a89-8fca-42979a6c2103,  -10.594990 ,  -68.771290 ,2023-09-08 18:32:00,Brasil,ACRE,XAPURI,Amazônia
 1649370750 ,1d6cdaf1-eca8-3a82-942c-01474d33829b,  -10.460230 ,  -68.090640 ,2023-09-08 18:32:00,Brasil,ACRE,XAPURI,Amazônia
 1649370751 ,050aad40-ee7f-30ae-8ae9-b0f7a92055ec,  -10.453600 ,  -67.723630 ,2023-09-08 18:32:00,Brasil,ACRE,CAPIXABA,Amazônia
 1649370752 ,0cbf6cb2-4dd4-3e76-ad4d-a5db0ebc942b,  -10.441800 ,  -67.964000 ,2023-09-08 18:32:00,Brasil,ACRE,CAPIXABA,Amazônia
 1649370753 ,27382e3b-d80e-34ce-a13b-83c7faa3d714,  -10.427890 ,  -67.993870 ,2023-09-08 18:32:00,Brasil,ACRE,CAPIXABA,Amazônia
 1649370754 ,6003b1bc-8f59-352f-9e11-11c25e9b278f,  -10.416620 ,  -68.041810 ,2023-09-08 18:32:00,Brasil,ACRE,CAPIXABA,Amazônia
 1649370755 ,c38e8e67-1fbc-318b-bae3-2af8208b7554,  -10.415310 ,  -68.032770 ,2023-09-08 18:32:00,Brasil,ACRE,CAPIXABA,Amazônia
 1649370756 ,b0f19336-06fc-3538-bdd0-d4a71e6a9dbf,  -10.354390 ,  -67.992210 ,2023-09-08 18:32:00,Brasil,ACRE,CAPIXABA,Amazônia
 1649370757 ,935b2805-f703-3dd8-8b4c-a9d41af88d61,  -10.334180 ,  -68.041490 ,2023-09-08 18:32:00,Brasil,ACRE,RIO BRANCO,Amazônia
 1649370758 ,1971a898-c1a3-3c7f-b07a-4d4ca36cc36e,  -10.273850 ,  -68.075680 ,2023-09-08 18:32:00,Brasil,ACRE,RIO BRANCO,Amazônia
 1649370759 ,99d6c645-f947-37f0-8c84-ef1d2430b867,  -10.272530 ,  -68.066640 ,2023-09-08 18:32:00,Brasil,ACRE,RIO BRANCO,Amazônia
 1649370760 ,12b4bb8d-0734-3b78-821a-7706446da66d,  -10.269370 ,  -68.233120 ,2023-09-08 18:32:00,Brasil,ACRE,RIO BRANCO,Amazônia
 1649370761 ,3f4228c1-7f5f-3e29-aefa-9289b0ca0afa,  -10.268060 ,  -68.224100 ,2023-09-08 18:32:00,Brasil,ACRE,RIO BRANCO,Amazônia
 1649370762 ,e00df7ad-76fe-3bdc-953a-3a1114c004f6,  -10.254720 ,  -68.766030 ,2023-09-08 18:32:00,Brasil,ACRE,RIO BRANCO,Amazônia
 1649370763 ,1949fa8d-2de9-3df6-b62c-61633c4ed895,  -10.198480 ,  -67.935550 ,2023-09-08 18:32:00,Brasil,ACRE,RIO BRANCO,Amazônia
 1649370764 ,e8117df8-0f19-3b4c-88ad-0a04b1cd14dd,  -10.166330 ,  -68.352970 ,2023-09-08 18:32:00,Brasil,ACRE,RIO BRANCO,Amazônia
 1649370765 ,dbe2ffe5-eed0-3681-9eec-c1fb7ac17311,  -10.163340 ,  -68.647880 ,2023-09-08 18:32:00,Brasil,ACRE,RIO BRANCO,Amazônia
 1649370766 ,f91f43d1-c22b-3ecf-a7b6-59cad62c4060,  -10.162040 ,  -68.638870 ,2023-09-08 18:32:00,Brasil,ACRE,RIO BRANCO,Amazônia
 1649370767 ,e691fa5a-98b8-3cc2-8527-a164684b46eb,  -10.150930 ,  -68.815640 ,2023-09-08 18:32:00,Brasil,ACRE,RIO BRANCO,Amazônia
 1649370768 ,99a47255-6080-3425-b6f1-211780f6a93c,  -10.141270 ,  -68.813600 ,2023-09-08 18:32:00,Brasil,ACRE,RIO BRANCO,Amazônia
 1649370769 ,17f7ded0-72fe-375d-a867-efaa8026fe3b,  -10.139970 ,  -68.804570 ,2023-09-08 18:32:00,Brasil,ACRE,RIO BRANCO,Amazônia
 1649370770 ,1ef32ce1-89d0-3718-b54f-1ba61d3c17bc,  -10.104510 ,  -68.178070 ,2023-09-08 18:32:00,Brasil,ACRE,RIO BRANCO,Amazônia
 1649370771 ,a90c79e1-98e9-3a44-b526-fed1f87c5448,  -10.103200 ,  -68.169050 ,2023-09-08 18:32:00,Brasil,ACRE,RIO BRANCO,Amazônia
 1649370772 ,d219c7c2-4d65-3df9-abb8-93e2c462b70f,  -10.101690 ,  -68.473060 ,2023-09-08 18:32:00,Brasil,ACRE,RIO BRANCO,Amazônia
 1649370773 ,bfc4cd9a-fb72-3f1c-b799-468b8bf40972,  -10.088510 ,  -68.637110 ,2023-09-08 18:32:00,Brasil,ACRE,RIO BRANCO,Amazônia
 1649370774 ,eebca901-21ab-3d45-9bb2-a3a06741a537,  -10.087220 ,  -68.628100 ,2023-09-08 18:32:00,Brasil,ACRE,RIO BRANCO,Amazônia
 1649370775 ,ab5fcbaf-5941-3533-b7a7-c4568adc7d2d,  -10.704860 ,  -69.083520 ,2023-09-08 18:32:00,Brasil,ACRE,BRASILÉIA,Amazônia
 1649370776 ,119dc8db-abe3-3bb2-97fd-062d9415d511,  -10.521040 ,  -69.085530 ,2023-09-08 18:32:00,Brasil,ACRE,XAPURI,Amazônia
 1649370777 ,83d424f1-6b3c-3bc0-b02c-9793894cfad1,  -10.512050 ,  -69.086840 ,2023-09-08 18:32:00,Brasil,ACRE,XAPURI,Amazônia
 1649370778 ,2b8dde28-6143-3a23-bf51-fa985a2b995e,  -10.503070 ,  -69.088170 ,2023-09-08 18:32:00,Brasil,ACRE,XAPURI,Amazônia
 1649370779 ,6bb14594-72bb-324f-adb8-32cacecc8a34,  -10.487600 ,  -69.043810 ,2023-09-08 18:32:00,Brasil,ACRE,XAPURI,Amazônia
 1649370780 ,64ed380f-56aa-39ce-9aa6-5635148d1ae8,  -10.486300 ,  -69.034670 ,2023-09-08 18:32:00,Brasil,ACRE,XAPURI,Amazônia
 1649370781 ,99d8abb2-e2b9-3c27-b221-6c7f82ef4c1d,  -10.199860 ,  -69.030550 ,2023-09-08 18:32:00,Brasil,ACRE,RIO BRANCO,Amazônia
 1649370782 ,b9172032-83e3-365b-a166-414860f0b05d,  -10.190900 ,  -69.031860 ,2023-09-08 18:32:00,Brasil,ACRE,RIO BRANCO,Amazônia
 1649370783 ,9c91ca60-bb62-3b9f-b04e-6227da6631e2,  -10.189610 ,  -69.022760 ,2023-09-08 18:32:00,Brasil,ACRE,RIO BRANCO,Amazônia
 1649370784 ,f43c1c52-291c-3194-adb4-ab70ed986b1a,  -10.181940 ,  -69.033170 ,2023-09-08 18:32:00,Brasil,ACRE,RIO BRANCO,Amazônia
 1649370785 ,449163ad-7ecc-3927-b62a-d2674cb4ca58,  -10.169890 ,  -69.012910 ,2023-09-08 18:32:00,Brasil,ACRE,RIO BRANCO,Amazônia
 1649370786 ,586569ab-7d6c-33e5-947b-252306aeac69,  -10.168590 ,  -69.003830 ,2023-09-08 18:32:00,Brasil,ACRE,RIO BRANCO,Amazônia
 1649370787 ,93cc5ce6-20db-3252-8b2b-6d7cd7516ee0,  -10.160940 ,  -69.014230 ,2023-09-08 18:32:00,Brasil,ACRE,RIO BRANCO,Amazônia
 1649370788 ,67af572c-eca9-3fc4-a85c-16e2857d8239,  -10.122510 ,  -69.001360 ,2023-09-08 18:32:00,Brasil,ACRE,SENA MADUREIRA,Amazônia
 1649370789 ,d0cbcea4-6e9d-3645-a3d8-02e76e012b48,   -9.356450 ,  -68.859360 ,2023-09-08 18:34:00,Brasil,ACRE,SENA MADUREIRA,Amazônia
 1649370790 ,1a42f8c2-fa0f-3823-9548-b383974f15f0,   -9.355160 ,  -68.850360 ,2023-09-08 18:34:00,Brasil,ACRE,SENA MADUREIRA,Amazônia
 1649370791 ,5b0d1e28-ea05-36bf-92fc-ba147b4da6a1,   -9.304790 ,  -68.827630 ,2023-09-08 18:34:00,Brasil,ACRE,SENA MADUREIRA,Amazônia
 1649370792 ,0bb0f747-133f-3c98-9092-0df64f971142,   -9.303490 ,  -68.818630 ,2023-09-08 18:34:00,Brasil,ACRE,SENA MADUREIRA,Amazônia
 1649370808 ,f1c72da8-21bd-37e4-a433-10eff9bfc2fa,   -8.045160 ,  -70.893820 ,2023-09-08 18:34:00,Brasil,ACRE,TARAUACÁ,Amazônia
 1649370809 ,03faf06a-a070-3c14-8736-21f8a19adf75,   -8.012050 ,  -71.207750 ,2023-09-08 18:34:00,Brasil,ACRE,TARAUACÁ,Amazônia
 1649370810 ,22ff1b49-14c0-35bd-ba45-acd63e7dc327,   -7.973900 ,  -71.389020 ,2023-09-08 18:34:00,Brasil,ACRE,TARAUACÁ,Amazônia
 1649370811 ,0fd13b02-c20d-3b45-8740-407da00a6775,   -7.935470 ,  -71.627800 ,2023-09-08 18:34:00,Brasil,ACRE,TARAUACÁ,Amazônia
 1649370812 ,2d6cf843-5ed7-3514-85b4-fd3fd34f33c9,   -7.892660 ,  -71.677760 ,2023-09-08 18:34:00,Brasil,ACRE,TARAUACÁ,Amazônia
 1649370813 ,a26a78cb-b033-3ffc-aca0-4af46d1f10c7,   -8.265370 ,  -71.148990 ,2023-09-08 18:34:00,Brasil,ACRE,TARAUACÁ,Amazônia
 1649370815 ,9f9758c9-628a-37f5-a381-17ceab714d6d,   -8.259540 ,  -70.937360 ,2023-09-08 18:34:00,Brasil,ACRE,TARAUACÁ,Amazônia
 1649370816 ,0dfbd02b-4cef-3e52-8f88-008f51a81740,   -8.240040 ,  -70.459890 ,2023-09-08 18:34:00,Brasil,ACRE,FEIJÓ,Amazônia
 1649370817 ,cfa7ce57-3e44-31ba-98f9-1fa49e24457c,   -8.204550 ,  -70.991580 ,2023-09-08 18:34:00,Brasil,ACRE,TARAUACÁ,Amazônia
 1649370818 ,93964042-6a01-3998-a2cb-a974bab4f7b1,   -8.155900 ,  -70.645040 ,2023-09-08 18:34:00,Brasil,ACRE,TARAUACÁ,Amazônia
 1649370819 ,94bf6a54-51a0-3fc2-98cd-8b8d20415d48,   -8.150130 ,  -70.537150 ,2023-09-08 18:34:00,Brasil,ACRE,FEIJÓ,Amazônia
 1649370820 ,f3bf58f8-d01a-3e00-b07f-02736fdde9c9,   -8.130300 ,  -70.530140 ,2023-09-08 18:34:00,Brasil,ACRE,FEIJÓ,Amazônia
 1649370821 ,00af5a7f-55a8-3f02-b196-aac5c9af9628,   -8.129500 ,  -71.397790 ,2023-09-08 18:34:00,Brasil,ACRE,TARAUACÁ,Amazônia
 1649370822 ,620686ef-3a3f-34de-b987-a4666ce5962e,   -8.128050 ,  -71.387240 ,2023-09-08 18:34:00,Brasil,ACRE,TARAUACÁ,Amazônia
 1649370824 ,58703906-6feb-387e-a047-b2e1e7227b49,   -8.097710 ,  -71.332910 ,2023-09-08 18:34:00,Brasil,ACRE,TARAUACÁ,Amazônia
 1649370825 ,f82ee4c9-0bbc-37fe-b3b5-dfaf19db6f0d,   -8.077440 ,  -70.812780 ,2023-09-08 18:34:00,Brasil,ACRE,TARAUACÁ,Amazônia
 1649370826 ,56b4529e-b2b1-369d-a45c-9a419e924050,   -8.071180 ,  -70.904780 ,2023-09-08 18:34:00,Brasil,ACRE,TARAUACÁ,Amazônia
 1649370827 ,75dda803-13db-3a53-96d4-ab2c1f1eea25,   -8.068110 ,  -70.814150 ,2023-09-08 18:34:00,Brasil,ACRE,TARAUACÁ,Amazônia
 1649370828 ,151f2ab9-763a-356b-87b7-4daea81d2bae,   -8.050820 ,  -70.489360 ,2023-09-08 18:34:00,Brasil,ACRE,FEIJÓ,Amazônia
 1649370829 ,6027af3a-cf4a-3bc5-8ea4-6cf062b4ce16,   -8.028690 ,  -71.257900 ,2023-09-08 18:34:00,Brasil,ACRE,TARAUACÁ,Amazônia
 1649370830 ,b43ce8ba-2e54-3f98-8b89-5f5267c0984a,   -8.010640 ,  -71.197440 ,2023-09-08 18:34:00,Brasil,ACRE,TARAUACÁ,Amazônia
 1649370831 ,2c59313c-47f4-38fa-8e1e-6f505de4e178,   -7.972450 ,  -71.378550 ,2023-09-08 18:34:00,Brasil,ACRE,TARAUACÁ,Amazônia
 1649370832 ,74fcb994-c15a-37ce-abd8-3a41c20b877d,   -8.467570 ,  -70.378800 ,2023-09-08 18:34:00,Brasil,ACRE,FEIJÓ,Amazônia
 1649370833 ,9dcfe22d-a294-3e35-a58d-4750f4510431,   -8.466230 ,  -70.369250 ,2023-09-08 18:34:00,Brasil,ACRE,FEIJÓ,Amazônia
 1649370834 ,e6aea947-ab63-31ea-8676-ee884d6a2ef9,   -9.233780 ,  -71.640080 ,2023-09-08 18:34:00,Brasil,ACRE,FEIJÓ,Amazônia
 1649370835 ,96b569af-3369-3f80-901a-68987f33e6a9,   -9.203140 ,  -70.834370 ,2023-09-08 18:34:00,Brasil,ACRE,FEIJÓ,Amazônia
 1649370836 ,817abb58-ccdc-3a84-9dfe-8e724a4dd40c,   -9.165300 ,  -70.839840 ,2023-09-08 18:34:00,Brasil,ACRE,FEIJÓ,Amazônia
 1649370837 ,047bd20b-12f7-3ac1-8760-89c51e93e8dd,   -9.161110 ,  -70.809420 ,2023-09-08 18:34:00,Brasil,ACRE,FEIJÓ,Amazônia
 1649370838 ,0f391114-b6f3-38b4-a076-6bc38eb7b271,   -9.158640 ,  -70.861550 ,2023-09-08 18:34:00,Brasil,ACRE,FEIJÓ,Amazônia
 1649370839 ,1722c80f-d20b-3d12-b91d-33e744814b7d,   -8.958790 ,  -71.268180 ,2023-09-08 18:34:00,Brasil,ACRE,FEIJÓ,Amazônia
 1649370840 ,665196d5-1b43-370b-9407-e10802817538,   -8.920310 ,  -71.301860 ,2023-09-08 18:34:00,Brasil,ACRE,FEIJÓ,Amazônia
 1649370841 ,c039d7a3-ee55-3e04-86a5-1c6e02512d79,   -8.876600 ,  -70.673450 ,2023-09-08 18:34:00,Brasil,ACRE,FEIJÓ,Amazônia
 1649370842 ,e2fb053f-b63d-33cd-9240-abbefe7904a5,   -8.867570 ,  -71.276840 ,2023-09-08 18:34:00,Brasil,ACRE,FEIJÓ,Amazônia
 1649370843 ,a690d368-e17f-3059-aec2-7eff234f1957,   -8.866110 ,  -71.266240 ,2023-09-08 18:34:00,Brasil,ACRE,FEIJÓ,Amazônia
 1649370844 ,b08cccd2-8843-334e-9108-97884578927e,   -8.849080 ,  -70.795840 ,2023-09-08 18:34:00,Brasil,ACRE,FEIJÓ,Amazônia
 1649370845 ,aed23382-c4cd-3110-b2a2-be1bd7687155,   -8.819470 ,  -70.789860 ,2023-09-08 18:34:00,Brasil,ACRE,FEIJÓ,Amazônia
 1649370846 ,3b2dfae1-94bc-33aa-8830-e06cb63b9d6e,   -8.782860 ,  -71.112800 ,2023-09-08 18:34:00,Brasil,ACRE,FEIJÓ,Amazônia
 1649370847 ,40ec7f38-a68f-30da-8431-66a5591e0c2f,   -8.781410 ,  -71.102410 ,2023-09-08 18:34:00,Brasil,ACRE,FEIJÓ,Amazônia
 1649370848 ,f839cb95-5429-321c-947e-1db55e333b3f,   -8.776200 ,  -71.134950 ,2023-09-08 18:34:00,Brasil,ACRE,TARAUACÁ,Amazônia
 1649370850 ,efde8bea-eb2a-3b45-b307-1e3a08fa14bf,   -8.763750 ,  -71.115540 ,2023-09-08 18:34:00,Brasil,ACRE,TARAUACÁ,Amazônia
 1649370851 ,8eff683a-fd13-3e84-8de0-fdc5289113ca,   -8.717070 ,  -70.779690 ,2023-09-08 18:34:00,Brasil,ACRE,FEIJÓ,Amazônia
 1649370852 ,e0d3a384-7019-3a67-afcb-8361065b793c,   -8.701900 ,  -71.553930 ,2023-09-08 18:34:00,Brasil,ACRE,JORDÃO,Amazônia
 1649370853 ,22627f13-8aa2-3766-b436-e1ae320d39e0,   -8.694770 ,  -71.005850 ,2023-09-08 18:34:00,Brasil,ACRE,FEIJÓ,Amazônia
 1649370854 ,f282bf7c-74a1-3db9-af86-9e78219b3de8,   -8.693850 ,  -70.681550 ,2023-09-08 18:34:00,Brasil,ACRE,FEIJÓ,Amazônia
 1649370855 ,1897d0ef-a39b-32af-ad01-d5a1f412bfb5,   -8.693330 ,  -70.995610 ,2023-09-08 18:34:00,Brasil,ACRE,FEIJÓ,Amazônia
 1649370856 ,b211fbbc-ed24-382b-883c-a6791eb594ff,   -8.661540 ,  -70.906800 ,2023-09-08 18:34:00,Brasil,ACRE,FEIJÓ,Amazônia
 1649370857 ,a96cbd73-3cb4-3837-9e3b-9d487b61fafe,   -8.649800 ,  -70.755080 ,2023-09-08 18:34:00,Brasil,ACRE,FEIJÓ,Amazônia
 1649370858 ,3c56b9d2-3ae6-3647-bfd1-aeecbe570f98,   -8.613250 ,  -70.975770 ,2023-09-08 18:34:00,Brasil,ACRE,TARAUACÁ,Amazônia
 1649370859 ,9de64874-0a49-31df-8f7b-df9c8b620b3b,   -8.609250 ,  -70.670040 ,2023-09-08 18:34:00,Brasil,ACRE,FEIJÓ,Amazônia
 1649370860 ,0ec35d69-3bec-3304-93f1-6bdd5e3f69ea,   -8.577830 ,  -70.893450 ,2023-09-08 18:34:00,Brasil,ACRE,TARAUACÁ,Amazônia
 1649370861 ,65a314ab-deb6-36c8-abdd-922d8d284a4a,   -8.513250 ,  -70.912930 ,2023-09-08 18:34:00,Brasil,ACRE,TARAUACÁ,Amazônia
 1649370862 ,15b85d7f-0508-3938-87ed-c1baeeb94c84,   -8.508370 ,  -70.920390 ,2023-09-08 18:34:00,Brasil,ACRE,TARAUACÁ,Amazônia
 1649370863 ,58092146-bb78-370c-a237-42ae482a4e3c,   -8.506940 ,  -70.910360 ,2023-09-08 18:34:00,Brasil,ACRE,TARAUACÁ,Amazônia
 1649370864 ,d57c86f5-5dcd-3cec-97c4-59d168c6afa6,   -8.494670 ,  -70.891550 ,2023-09-08 18:34:00,Brasil,ACRE,TARAUACÁ,Amazônia
 1649370865 ,3db2ca87-92fa-34db-9034-a2957f678b38,   -8.493250 ,  -70.881520 ,2023-09-08 18:34:00,Brasil,ACRE,TARAUACÁ,Amazônia
 1649370866 ,1afad355-3313-31bf-9769-25d2ba5f45d7,   -8.441740 ,  -71.164310 ,2023-09-08 18:34:00,Brasil,ACRE,TARAUACÁ,Amazônia
 1649370867 ,4d21ec05-14c4-3e3f-a087-e287dc4134c4,   -8.419310 ,  -70.559800 ,2023-09-08 18:34:00,Brasil,ACRE,FEIJÓ,Amazônia
 1649370868 ,9e66eaeb-40de-3d00-a658-7846b1defabf,   -8.363730 ,  -71.266980 ,2023-09-08 18:34:00,Brasil,ACRE,TARAUACÁ,Amazônia
 1649370869 ,7aacec25-60d0-386a-b8e7-bdd171ca9de0,   -9.567920 ,  -71.399200 ,2023-09-08 18:34:00,Brasil,ACRE,FEIJÓ,Amazônia
 1649370870 ,da8e74f7-cdd3-307c-a019-448871c30823,   -9.566390 ,  -71.388210 ,2023-09-08 18:34:00,Brasil,ACRE,FEIJÓ,Amazônia
 1649370878 ,e254d6db-29b9-3391-96c3-83a38c613a58,   -7.871890 ,  -72.803150 ,2023-09-08 18:34:00,Brasil,ACRE,RODRIGUES ALVES,Amazônia
 1649370879 ,8cfc686b-876c-3a6e-941a-183c8097878f,   -7.785610 ,  -72.847630 ,2023-09-08 18:34:00,Brasil,ACRE,RODRIGUES ALVES,Amazônia
 1649370880 ,003c7d2b-71ae-33a5-b6f2-95ec76cc53c6,   -7.782670 ,  -72.668350 ,2023-09-08 18:34:00,Brasil,ACRE,RODRIGUES ALVES,Amazônia
 1649370881 ,6bcbe68f-bb98-33d3-9b97-cb70cdd46f21,   -7.771950 ,  -72.746190 ,2023-09-08 18:34:00,Brasil,ACRE,RODRIGUES ALVES,Amazônia
 1649370888 ,83b3c60d-c263-3b65-a059-3758cea1eeb2,   -7.965740 ,  -72.065060 ,2023-09-08 18:34:00,Brasil,ACRE,TARAUACÁ,Amazônia
 1649370889 ,0efc3d9e-ff65-3fe9-a433-35e008736856,   -7.936100 ,  -72.075810 ,2023-09-08 18:34:00,Brasil,ACRE,TARAUACÁ,Amazônia
 1649370890 ,75fa022d-3083-309e-95c3-a00077be373c,   -7.894140 ,  -71.688620 ,2023-09-08 18:34:00,Brasil,ACRE,TARAUACÁ,Amazônia
 1649370891 ,af90a6e7-f7fd-36a3-9d87-0a98b8dbeacd,   -7.888170 ,  -71.807460 ,2023-09-08 18:34:00,Brasil,ACRE,TARAUACÁ,Amazônia
 1649370892 ,55d80caa-3aea-3732-a446-a8014e1396a7,   -7.873710 ,  -71.775900 ,2023-09-08 18:34:00,Brasil,ACRE,TARAUACÁ,Amazônia
 1649370893 ,5097fff1-4591-34cb-8391-86882c9f4728,   -7.872170 ,  -71.764920 ,2023-09-08 18:34:00,Brasil,ACRE,TARAUACÁ,Amazônia
 1649370894 ,c1ad445c-3ca9-3c40-837a-b89e12ba9fad,   -7.860840 ,  -71.755370 ,2023-09-08 18:34:00,Brasil,ACRE,TARAUACÁ,Amazônia
 1649370895 ,fee6f138-61b3-3118-86b6-688c7d3b933b,   -7.801440 ,  -71.984530 ,2023-09-08 18:34:00,Brasil,ACRE,TARAUACÁ,Amazônia
 1649370896 ,1b0eb58e-c1e6-3bb4-b540-6d771e2084d2,   -7.799870 ,  -71.973280 ,2023-09-08 18:34:00,Brasil,ACRE,TARAUACÁ,Amazônia
 1649370897 ,0646ffcf-e7c8-325e-89c8-02c27d2faf50,   -7.780930 ,  -72.056630 ,2023-09-08 18:34:00,Brasil,ACRE,CRUZEIRO DO SUL,Amazônia
 1649370911 ,392578c2-a615-3e24-8b56-594a494324c6,   -7.915910 ,  -72.376480 ,2023-09-08 18:34:00,Brasil,ACRE,CRUZEIRO DO SUL,Amazônia
 1649370912 ,35a1b6d3-78cd-324e-890c-5ed7bf06d0e0,   -7.857770 ,  -72.390130 ,2023-09-08 18:34:00,Brasil,ACRE,CRUZEIRO DO SUL,Amazônia
 1649370913 ,b434103d-c93c-343f-bf84-1489a8da37a3,   -7.856120 ,  -72.378190 ,2023-09-08 18:34:00,Brasil,ACRE,CRUZEIRO DO SUL,Amazônia
 1649370914 ,4cb24340-16a2-3f9c-a3c6-bd059a2519e7,   -7.828330 ,  -72.480360 ,2023-09-08 18:34:00,Brasil,ACRE,CRUZEIRO DO SUL,Amazônia
 1649370915 ,182426d6-1300-32a3-bacb-9a990e4f18d6,   -7.826680 ,  -72.468170 ,2023-09-08 18:34:00,Brasil,ACRE,CRUZEIRO DO SUL,Amazônia
 1649370916 ,72caa1bc-7c79-3034-b97a-8478957c1b20,   -7.825940 ,  -72.309950 ,2023-09-08 18:34:00,Brasil,ACRE,CRUZEIRO DO SUL,Amazônia
 1649370917 ,712924f5-5f21-3a89-8106-a543c6a1f066,   -7.798720 ,  -72.405030 ,2023-09-08 18:34:00,Brasil,ACRE,CRUZEIRO DO SUL,Amazônia
 1649370918 ,624b7623-a27d-30e0-8519-ae55edcaa806,   -7.797030 ,  -72.393100 ,2023-09-08 18:34:00,Brasil,ACRE,CRUZEIRO DO SUL,Amazônia
 1649370919 ,25282e54-ac8a-330e-86ad-45953a1b0adf,   -7.796460 ,  -72.398800 ,2023-09-08 18:34:00,Brasil,ACRE,CRUZEIRO DO SUL,Amazônia
 1649370920 ,6da41d78-507f-3510-a205-49efc6d2d121,   -7.795360 ,  -72.381190 ,2023-09-08 18:34:00,Brasil,ACRE,CRUZEIRO DO SUL,Amazônia
 1649370921 ,9a26a536-d5e1-3079-920d-e386496a5984,   -7.794850 ,  -72.386840 ,2023-09-08 18:34:00,Brasil,ACRE,CRUZEIRO DO SUL,Amazônia
 1649370922 ,3258f2d7-bc16-3647-be16-b1633b8d8452,   -7.684470 ,  -72.390190 ,2023-09-08 18:34:00,Brasil,ACRE,CRUZEIRO DO SUL,Amazônia
 1649370923 ,a17105e8-bf8e-3f5e-a720-7d8f5b8684f4,   -7.664090 ,  -72.393100 ,2023-09-08 18:34:00,Brasil,ACRE,CRUZEIRO DO SUL,Amazônia
 1649370924 ,f7ba0eca-04a5-3e66-a2be-01277cf64781,   -7.662790 ,  -72.308930 ,2023-09-08 18:34:00,Brasil,ACRE,CRUZEIRO DO SUL,Amazônia
 1649370925 ,95e55067-0a7b-38f0-8718-7e7674b45c04,   -7.656300 ,  -72.262190 ,2023-09-08 18:34:00,Brasil,ACRE,CRUZEIRO DO SUL,Amazônia
 1649370926 ,e9169d8d-2cb2-30e3-bb4c-5c0f5fb357ba,   -7.650210 ,  -72.443680 ,2023-09-08 18:34:00,Brasil,ACRE,CRUZEIRO DO SUL,Amazônia
 1649370927 ,e0cafee8-acf1-3b38-9093-2c145983999d,   -7.639980 ,  -72.445110 ,2023-09-08 18:34:00,Brasil,ACRE,CRUZEIRO DO SUL,Amazônia
 1649370928 ,4cd363a6-85bf-327a-a0da-6fd82729a4dd,   -7.638360 ,  -72.433150 ,2023-09-08 18:34:00,Brasil,ACRE,CRUZEIRO DO SUL,Amazônia
 1649370929 ,414976e9-2a86-3714-8299-1f32e069b0c1,   -7.629750 ,  -72.446550 ,2023-09-08 18:34:00,Brasil,ACRE,CRUZEIRO DO SUL,Amazônia
 1649370941 ,df3dd434-d4ab-3be1-a414-2fa06cbf7df4,   -9.372070 ,  -72.724720 ,2023-09-08 18:34:00,Brasil,ACRE,MARECHAL THAUMATURGO,Amazônia
 1649370942 ,b43121f4-e698-3b63-b9ad-995afccd923f,   -9.303620 ,  -72.660130 ,2023-09-08 18:34:00,Brasil,ACRE,MARECHAL THAUMATURGO,Amazônia
 1649370943 ,79fa3955-7c0e-3df7-b8d3-75af844b06ea,   -8.976100 ,  -72.669830 ,2023-09-08 18:34:00,Brasil,ACRE,MARECHAL THAUMATURGO,Amazônia
 1649370944 ,3ee8b8d8-35d8-384a-adf5-e3ceff788dd5,   -8.974360 ,  -72.656880 ,2023-09-08 18:34:00,Brasil,ACRE,MARECHAL THAUMATURGO,Amazônia
 1649370945 ,d42c6019-50d8-3fbb-831e-ce83fb63c5e0,   -8.970720 ,  -72.710360 ,2023-09-08 18:34:00,Brasil,ACRE,MARECHAL THAUMATURGO,Amazônia
 1649370946 ,660dbe37-6d46-32ee-ab3a-932acb230c93,   -8.963760 ,  -72.658310 ,2023-09-08 18:34:00,Brasil,ACRE,MARECHAL THAUMATURGO,Amazônia
 1649370947 ,edef78e8-31ab-3cb0-b001-35d63de9cec7,   -8.958330 ,  -72.698650 ,2023-09-08 18:34:00,Brasil,ACRE,MARECHAL THAUMATURGO,Amazônia
 1649370948 ,30a4a41c-990b-3763-afcd-538ba59d9c39,   -8.940510 ,  -72.727750 ,2023-09-08 18:34:00,Brasil,ACRE,MARECHAL THAUMATURGO,Amazônia
 1649370949 ,038cc9f3-88c7-35f6-91e5-d80ec785d9b7,   -8.936020 ,  -72.734960 ,2023-09-08 18:34:00,Brasil,ACRE,MARECHAL THAUMATURGO,Amazônia
 1649370950 ,3bb73c2e-9756-3f9f-9c82-53aa943ac195,   -8.934200 ,  -72.721820 ,2023-09-08 18:34:00,Brasil,ACRE,MARECHAL THAUMATURGO,Amazônia
 1649370951 ,3dc65c48-1c65-3aa5-9a95-25c3e46d63ba,   -8.930900 ,  -72.856780 ,2023-09-08 18:34:00,Brasil,ACRE,MARECHAL THAUMATURGO,Amazônia
 1649370952 ,9c3d8d77-896c-3e3e-96db-e02c9ebe6483,   -8.911050 ,  -72.477210 ,2023-09-08 18:34:00,Brasil,ACRE,MARECHAL THAUMATURGO,Amazônia
 1649370953 ,903f42c4-1be8-390f-803a-0903033d1f94,   -8.908410 ,  -72.483860 ,2023-09-08 18:34:00,Brasil,ACRE,MARECHAL THAUMATURGO,Amazônia
 1649370954 ,2c90a2c6-7c77-3f1f-9bb7-7fbe4f129d1a,   -8.873860 ,  -72.756940 ,2023-09-08 18:34:00,Brasil,ACRE,MARECHAL THAUMATURGO,Amazônia
 1649370955 ,b7fdac1d-4f8d-3ec3-ba80-892bbcf1d43d,   -8.872110 ,  -72.743720 ,2023-09-08 18:34:00,Brasil,ACRE,MARECHAL THAUMATURGO,Amazônia
 1649370956 ,74aa57b6-8562-32a9-a843-46e72618fa99,   -8.606760 ,  -72.731690 ,2023-09-08 18:34:00,Brasil,ACRE,PORTO WALTER,Amazônia
 1649370957 ,3a710960-495b-3d1c-8fab-bd127a10f94b,   -8.433540 ,  -72.807330 ,2023-09-08 18:34:00,Brasil,ACRE,PORTO WALTER,Amazônia
 1649370958 ,b0d0e672-f27d-3b91-82ba-2d34420dfc24,   -8.246380 ,  -73.136680 ,2023-09-08 18:34:00,Brasil,ACRE,CRUZEIRO DO SUL,Amazônia
 1649370959 ,fc90d075-3cd3-3d97-88be-9bc3e0d79fd5,   -7.889050 ,  -73.012120 ,2023-09-08 18:34:00,Brasil,ACRE,RODRIGUES ALVES,Amazônia
 1649370960 ,320329e3-870f-357d-93c8-af5c37558bba,   -7.883140 ,  -73.006260 ,2023-09-08 18:34:00,Brasil,ACRE,RODRIGUES ALVES,Amazônia
 1649370961 ,8871f472-6a41-3c54-8c77-5678ca352992,   -8.079390 ,  -72.078580 ,2023-09-08 18:34:00,Brasil,ACRE,TARAUACÁ,Amazônia
 1649370962 ,2a589664-9f1d-3ca2-86a7-5d69d6a19f29,   -8.077810 ,  -72.067130 ,2023-09-08 18:34:00,Brasil,ACRE,TARAUACÁ,Amazônia
 1649370963 ,5407d416-03f5-39d5-9987-68dc1d8971ea,   -8.071490 ,  -71.803440 ,2023-09-08 18:34:00,Brasil,ACRE,TARAUACÁ,Amazônia
 1649370964 ,8e69a4ef-d2ed-3244-9f06-4791438a134e,   -8.069930 ,  -71.792370 ,2023-09-08 18:34:00,Brasil,ACRE,TARAUACÁ,Amazônia
 1649370965 ,760aa3c1-2cd8-329d-b6a9-245c67a2e2a5,   -8.023870 ,  -72.115490 ,2023-09-08 18:34:00,Brasil,ACRE,TARAUACÁ,Amazônia
 1649370966 ,81c4719c-c603-3616-b9b8-3dee205cf51c,   -7.887290 ,  -72.998920 ,2023-09-08 18:34:00,Brasil,ACRE,RODRIGUES ALVES,Amazônia
 1649370967 ,12615f7e-b363-3cd8-8e36-bcf11bdc9cfc,   -7.881290 ,  -72.993080 ,2023-09-08 18:34:00,Brasil,ACRE,RODRIGUES ALVES,Amazônia
 1649371082 ,05d4a0e9-c69d-355d-be97-dba02e0337b3,   -7.489450 ,  -73.457670 ,2023-09-08 18:34:00,Brasil,ACRE,MÂNCIO LIMA,Amazônia
 1649371083 ,dd8419a9-b1be-3ac1-bac9-484c9f000187,   -7.475720 ,  -73.450700 ,2023-09-08 18:34:00,Brasil,ACRE,MÂNCIO LIMA,Amazônia
 1649371084 ,74200af8-e6cd-3979-aea0-cc5b46c8ce7b,   -7.467440 ,  -73.292210 ,2023-09-08 18:34:00,Brasil,ACRE,MÂNCIO LIMA,Amazônia
 1649371085 ,3f1e64e3-29d6-3b9f-8475-17e4af560e93,   -7.465500 ,  -73.297900 ,2023-09-08 18:34:00,Brasil,ACRE,MÂNCIO LIMA,Amazônia
 1649371086 ,b9a7bd3f-2c62-3b58-8db2-8648e2738872,   -7.463600 ,  -73.284300 ,2023-09-08 18:34:00,Brasil,ACRE,MÂNCIO LIMA,Amazônia
 1649371087 ,ad44986c-f419-35a0-b5e9-400e5d553776,   -7.456590 ,  -73.293720 ,2023-09-08 18:34:00,Brasil,ACRE,MÂNCIO LIMA,Amazônia
 1649371088 ,7a1edfc6-d949-342b-b3ba-8c52d6151d20,   -7.423640 ,  -73.234840 ,2023-09-08 18:34:00,Brasil,ACRE,MÂNCIO LIMA,Amazônia
 1649371089 ,a45ee91d-a691-3921-9ce1-998e4c54117b,   -7.421790 ,  -73.221440 ,2023-09-08 18:34:00,Brasil,ACRE,MÂNCIO LIMA,Amazônia
 1649371090 ,aabeab20-df5d-3f36-b2e8-2ffa4572bf30,   -7.421480 ,  -73.140010 ,2023-09-08 18:34:00,Brasil,ACRE,MÂNCIO LIMA,Amazônia
 1649371091 ,173cdd73-d041-3f2e-abe4-f156aa3b70a9,   -7.367880 ,  -73.147420 ,2023-09-08 18:34:00,Brasil,ACRE,MÂNCIO LIMA,Amazônia
 1649371092 ,d52dbd9c-d118-3579-a447-2c339ec77178,   -7.362490 ,  -73.188750 ,2023-09-08 18:34:00,Brasil,ACRE,MÂNCIO LIMA,Amazônia
 1649371093 ,a20a245a-1568-343c-9c97-81e14d213acc,   -7.356990 ,  -73.182540 ,2023-09-08 18:34:00,Brasil,ACRE,MÂNCIO LIMA,Amazônia
 1649371094 ,bda2ca5b-dcaa-3d20-866e-e9b5258eb890,   -7.346640 ,  -73.265740 ,2023-09-08 18:34:00,Brasil,ACRE,MÂNCIO LIMA,Amazônia
 1649371206 ,933cecc7-17b5-30c0-ba90-b5c49376bc66,   -8.871620 ,  -71.451250 ,2023-09-08 18:34:00,Brasil,ACRE,TARAUACÁ,Amazônia
 1649371207 ,ac4c10da-cf60-3691-890c-90c113bcbc0a,   -8.825190 ,  -70.626790 ,2023-09-08 18:34:00,Brasil,ACRE,FEIJÓ,Amazônia
 1649371208 ,bef8f535-e229-3b75-97af-c5b9a70a8451,   -8.772470 ,  -70.796670 ,2023-09-08 18:34:00,Brasil,ACRE,FEIJÓ,Amazônia
 1649371209 ,9608e068-16d1-39a4-8882-007dbc91cc68,   -8.768260 ,  -70.802990 ,2023-09-08 18:34:00,Brasil,ACRE,FEIJÓ,Amazônia
 1649371210 ,c2a60e51-3b17-3ab2-bfeb-ff49b1a94eb1,   -8.766840 ,  -70.792930 ,2023-09-08 18:34:00,Brasil,ACRE,FEIJÓ,Amazônia
 1649371211 ,2c223896-8dc0-38e5-ac25-3e25aefb3c91,   -8.761800 ,  -71.031500 ,2023-09-08 18:34:00,Brasil,ACRE,FEIJÓ,Amazônia
 1649371212 ,eb093b50-0fd5-37c1-98c2-b95af37f0e2f,   -8.753080 ,  -70.587010 ,2023-09-08 18:34:00,Brasil,ACRE,FEIJÓ,Amazônia
 1649371213 ,2a0d24f6-cc92-32c4-a529-c745fa0ba0c2,   -8.692470 ,  -70.671630 ,2023-09-08 18:34:00,Brasil,ACRE,FEIJÓ,Amazônia
 1649371214 ,891e03c8-e433-376a-b8df-493e6349116c,   -8.659170 ,  -70.753740 ,2023-09-08 18:34:00,Brasil,ACRE,FEIJÓ,Amazônia
 1649371215 ,e631b2d3-2b95-32fd-bdfb-0ddf7ba08055,   -8.644070 ,  -70.919650 ,2023-09-08 18:34:00,Brasil,ACRE,FEIJÓ,Amazônia
 1649371216 ,00271029-4dc1-3cf8-b07d-116423870e13,   -8.614640 ,  -70.985920 ,2023-09-08 18:34:00,Brasil,ACRE,TARAUACÁ,Amazônia
 1649371217 ,ca1b8abc-93e7-3569-b7c5-6cd254d94cad,   -8.610630 ,  -70.679870 ,2023-09-08 18:34:00,Brasil,ACRE,FEIJÓ,Amazônia
 1649371218 ,33c9230d-537a-3f14-8c31-643a63910152,   -8.576410 ,  -70.883350 ,2023-09-08 18:34:00,Brasil,ACRE,TARAUACÁ,Amazônia
 1649371219 ,2d3a337a-6dc2-38ae-b292-737b44630a72,   -8.563900 ,  -71.453070 ,2023-09-08 18:34:00,Brasil,ACRE,TARAUACÁ,Amazônia
 1649371220 ,8fb38f45-5b8b-3a88-9096-920f1e2ef24a,   -8.547930 ,  -70.614180 ,2023-09-08 18:34:00,Brasil,ACRE,FEIJÓ,Amazônia
 1649371221 ,4966c091-7a81-3ad5-9184-8fd978adc47c,   -8.527590 ,  -70.808530 ,2023-09-08 18:34:00,Brasil,ACRE,TARAUACÁ,Amazônia
 1649371222 ,874a3050-9304-32eb-9591-64624d60a540,   -8.518270 ,  -71.481460 ,2023-09-08 18:34:00,Brasil,ACRE,TARAUACÁ,Amazônia
 1649371223 ,4fd520b4-01dc-32d5-a4e8-b1043483ae38,   -8.515340 ,  -71.460050 ,2023-09-08 18:34:00,Brasil,ACRE,TARAUACÁ,Amazônia
 1649371224 ,02db385f-76bb-34f7-b645-ac2a4c16dd00,   -8.502810 ,  -70.630660 ,2023-09-08 18:34:00,Brasil,ACRE,FEIJÓ,Amazônia
 1649371225 ,b5ae87a0-3636-3b5e-bc19-1ba81a2e2a91,   -8.489130 ,  -71.268970 ,2023-09-08 18:34:00,Brasil,ACRE,TARAUACÁ,Amazônia
 1649371226 ,25230acc-54a2-3d68-8c28-d344eca11728,   -8.472520 ,  -70.280750 ,2023-09-08 18:34:00,Brasil,ACRE,FEIJÓ,Amazônia
 1649371227 ,8d5ad882-66e0-34b4-b299-6cc1cfb185d1,   -8.440280 ,  -71.154000 ,2023-09-08 18:34:00,Brasil,ACRE,TARAUACÁ,Amazônia
 1649371228 ,582f5166-14e0-3b49-a9a6-8ee241248551,   -8.420680 ,  -70.569520 ,2023-09-08 18:34:00,Brasil,ACRE,FEIJÓ,Amazônia
 1649371229 ,89852536-92b4-3981-956f-a75633b9f656,   -8.418000 ,  -71.273780 ,2023-09-08 18:34:00,Brasil,ACRE,TARAUACÁ,Amazônia
 1649371230 ,f87fba41-6b55-3b83-88a4-0d5f6f9d2bea,   -8.398390 ,  -70.278780 ,2023-09-08 18:34:00,Brasil,ACRE,FEIJÓ,Amazônia
 1649371231 ,861c0dba-94f0-3121-9734-f7bb9028fd59,   -8.390570 ,  -70.289610 ,2023-09-08 18:34:00,Brasil,ACRE,FEIJÓ,Amazônia
 1649371232 ,56a7f857-af9b-3f43-8583-4c551e87720e,   -8.389230 ,  -70.280110 ,2023-09-08 18:34:00,Brasil,ACRE,FEIJÓ,Amazônia
 1649371233 ,93744ac4-f0ae-3c8c-8ef2-fad32e223125,   -8.360820 ,  -71.071070 ,2023-09-08 18:34:00,Brasil,ACRE,TARAUACÁ,Amazônia
 1649371234 ,7456ef13-052a-319c-990e-7b269accc93b,   -9.193690 ,  -70.835790 ,2023-09-08 18:34:00,Brasil,ACRE,FEIJÓ,Amazônia
 1649371235 ,627a0d1e-96a3-3a26-9e26-33b4722b00a9,   -9.186060 ,  -70.920230 ,2023-09-08 18:34:00,Brasil,ACRE,FEIJÓ,Amazônia
 1649371236 ,0d2001bd-5e61-3d31-99eb-81c48d3cfb91,   -9.166710 ,  -70.850050 ,2023-09-08 18:34:00,Brasil,ACRE,FEIJÓ,Amazônia
 1649371237 ,c379bc3f-801d-39e2-a21f-6824bdf61426,   -9.151660 ,  -70.810770 ,2023-09-08 18:34:00,Brasil,ACRE,FEIJÓ,Amazônia
 1649371238 ,bcb704c3-7b1b-3cdb-83cb-2759fef82809,   -8.277960 ,  -70.863200 ,2023-09-08 18:34:00,Brasil,ACRE,TARAUACÁ,Amazônia
 1649371239 ,609de9e2-fa78-3f9d-91a2-4b5280a0f04c,   -8.268580 ,  -70.864540 ,2023-09-08 18:34:00,Brasil,ACRE,TARAUACÁ,Amazônia
 1649371240 ,74169d77-d2f9-3ea8-922d-cfe30e04890f,   -8.263920 ,  -71.138750 ,2023-09-08 18:34:00,Brasil,ACRE,TARAUACÁ,Amazônia
 1649371241 ,4890e395-1911-3cf8-8549-7f4c6fe4d9a6,   -8.258150 ,  -70.927320 ,2023-09-08 18:34:00,Brasil,ACRE,TARAUACÁ,Amazônia
 1649371242 ,80eb72d1-46d9-358f-99df-a29ab04cd7fc,   -8.137160 ,  -71.311070 ,2023-09-08 18:34:00,Brasil,ACRE,TARAUACÁ,Amazônia
 1649371243 ,e69b60b0-fab8-3acf-8044-6f62680aba03,   -8.130940 ,  -71.408310 ,2023-09-08 18:34:00,Brasil,ACRE,TARAUACÁ,Amazônia
 1649371244 ,ade4d0cc-09c5-39a6-b730-f0e4b5d3825f,   -8.096240 ,  -71.322480 ,2023-09-08 18:34:00,Brasil,ACRE,TARAUACÁ,Amazônia
 1649371245 ,00490573-d729-398b-a208-0b9083bd0bef,   -8.066860 ,  -71.252400 ,2023-09-08 18:34:00,Brasil,ACRE,TARAUACÁ,Amazônia
 1649371246 ,ca5da55d-f537-3c98-9303-176de0325973,   -8.065420 ,  -71.242100 ,2023-09-08 18:34:00,Brasil,ACRE,TARAUACÁ,Amazônia
 1647555503 ,0045d883-445f-3efe-b3c3-f42bc02f5645,  -10.956630 ,  -69.738880 ,2023-08-30 18:49:00,Brasil,ACRE,ASSIS BRASIL,Amazônia
 1647555505 ,6d36779e-1af1-3d3b-83f5-132e9e0ca6ca,  -10.938120 ,  -69.758820 ,2023-08-30 18:49:00,Brasil,ACRE,ASSIS BRASIL,Amazônia
 1647555506 ,61dd5e59-a2ea-3c77-9910-b33f095e77df,  -10.925760 ,  -69.412060 ,2023-08-30 18:49:00,Brasil,ACRE,BRASILÉIA,Amazônia
 1647555507 ,76d62e11-7ac4-3883-87bf-d9df78bae73b,  -10.895010 ,  -69.346500 ,2023-08-30 18:49:00,Brasil,ACRE,BRASILÉIA,Amazônia
 1647555508 ,bf004b4a-048f-36b8-b4e2-d18bcb2fd869,  -10.893190 ,  -69.334980 ,2023-08-30 18:49:00,Brasil,ACRE,BRASILÉIA,Amazônia
 1647555509 ,165edb42-97df-378c-ace4-67fce27b9d80,  -10.820010 ,  -68.740710 ,2023-08-30 18:49:00,Brasil,ACRE,EPITACIOLÂNDIA,Amazônia
 1647555510 ,649b6525-3bc4-3636-abe1-5b9f0470b46b,  -10.710630 ,  -69.672650 ,2023-08-30 18:49:00,Brasil,ACRE,ASSIS BRASIL,Amazônia
 1647555511 ,1b859a80-5ad8-3ba9-81fc-ba93c910071d,  -10.640520 ,  -70.078120 ,2023-08-30 18:49:00,Brasil,ACRE,ASSIS BRASIL,Amazônia
 1647555513 ,0bae7956-a087-3829-a809-52dbd114ed17,  -10.508390 ,  -69.356410 ,2023-08-30 18:49:00,Brasil,ACRE,BRASILÉIA,Amazônia
 1647555514 ,39ce828d-3adf-364e-808d-66ca274a82d7,  -10.469740 ,  -68.133390 ,2023-08-30 18:49:00,Brasil,ACRE,XAPURI,Amazônia
 1647555515 ,d1eb33aa-fc34-3e5c-8f91-6de1c8349567,  -10.224620 ,  -68.474900 ,2023-08-30 18:49:00,Brasil,ACRE,XAPURI,Amazônia
 1647556782 ,e7b37193-7d8d-384f-9a26-96d07a83cf9e,   -9.907190 ,  -68.969880 ,2023-08-30 18:49:00,Brasil,ACRE,SENA MADUREIRA,Amazônia
 1647556783 ,c9ced7dd-4fac-3ac3-95fa-aa587f772251,   -9.903690 ,  -68.977740 ,2023-08-30 18:49:00,Brasil,ACRE,SENA MADUREIRA,Amazônia
 1647556784 ,96816d65-f57f-3ce7-85f5-7d481d9b868e,   -9.901660 ,  -68.965110 ,2023-08-30 18:49:00,Brasil,ACRE,SENA MADUREIRA,Amazônia
 1647556785 ,ae51f075-9c8a-3a92-ae2f-1a40723226db,   -9.740280 ,  -67.962090 ,2023-08-30 18:49:00,Brasil,ACRE,BUJARI,Amazônia
 1647556786 ,10ce55c5-5b16-3846-8b39-8e5596924a60,   -9.738220 ,  -67.956920 ,2023-08-30 18:49:00,Brasil,ACRE,BUJARI,Amazônia
 1647556792 ,f56b2131-0344-343f-a281-3127a9a0d30f,   -9.548370 ,  -68.580180 ,2023-08-30 18:49:00,Brasil,ACRE,RIO BRANCO,Amazônia
 1647556793 ,b577bc59-1e25-39c9-af7f-8052ca3aef6a,   -9.539710 ,  -68.595480 ,2023-08-30 18:49:00,Brasil,ACRE,RIO BRANCO,Amazônia
 1647556796 ,eaa1035c-9171-32ff-9605-1803fc766f99,   -9.522530 ,  -68.556490 ,2023-08-30 18:49:00,Brasil,ACRE,SENA MADUREIRA,Amazônia
 1647556807 ,296109a3-17aa-3346-899b-856425b15828,   -9.477130 ,  -68.549920 ,2023-08-30 18:49:00,Brasil,ACRE,SENA MADUREIRA,Amazônia
 1647556808 ,156b16c3-f641-32b4-92be-f8c164f2c1f9,   -9.377160 ,  -72.720630 ,2023-08-30 18:49:00,Brasil,ACRE,MARECHAL THAUMATURGO,Amazônia
 1647556809 ,1c24f213-a725-3d3f-8611-85fa94451d49,   -9.375860 ,  -72.711650 ,2023-08-30 18:49:00,Brasil,ACRE,MARECHAL THAUMATURGO,Amazônia
 1647556810 ,5fd24429-dbb1-3095-bdb2-8cae07c24a44,   -9.367240 ,  -68.879230 ,2023-08-30 18:49:00,Brasil,ACRE,SENA MADUREIRA,Amazônia
 1647556817 ,626ef750-9834-3f30-86c6-5b5b1f19cfa2,   -9.239730 ,  -71.903530 ,2023-08-30 18:49:00,Brasil,ACRE,JORDÃO,Amazônia
 1647556818 ,79bfdc2a-d605-3243-b716-ca4c084c0c79,   -9.238380 ,  -71.894310 ,2023-08-30 18:49:00,Brasil,ACRE,JORDÃO,Amazônia
 1647556820 ,18ed066f-80d3-3ab0-97bd-112ace026d95,   -9.218060 ,  -71.944450 ,2023-08-30 18:49:00,Brasil,ACRE,JORDÃO,Amazônia
 1647556823 ,84553295-a83c-3316-812c-e4eb0a48d780,   -9.210820 ,  -72.592500 ,2023-08-30 18:49:00,Brasil,ACRE,MARECHAL THAUMATURGO,Amazônia
 1647556828 ,bc740e7c-1b6e-3168-8ab6-91cd61231d3a,   -9.162360 ,  -70.821840 ,2023-08-30 18:49:00,Brasil,ACRE,FEIJÓ,Amazônia
 1647556829 ,afeb7510-4dd1-32d0-8167-f3c8a2c1775d,   -9.146570 ,  -70.844920 ,2023-08-30 18:49:00,Brasil,ACRE,FEIJÓ,Amazônia
 1647556835 ,dabfcb7b-b795-39d5-b4ec-9a70033c2375,   -9.123540 ,  -72.684550 ,2023-08-30 18:49:00,Brasil,ACRE,MARECHAL THAUMATURGO,Amazônia
 1647556848 ,7e22c8cf-366b-357b-bf9e-78605dd1cf96,   -9.070010 ,  -70.944370 ,2023-08-30 18:49:00,Brasil,ACRE,FEIJÓ,Amazônia
 1647556849 ,b9a6bfc8-bb40-31f0-b3ea-8739b344e504,   -9.068530 ,  -70.934420 ,2023-08-30 18:49:00,Brasil,ACRE,FEIJÓ,Amazônia
 1647556851 ,c9f1946a-a2c5-3af2-8405-22e9dc5b4450,   -9.064610 ,  -72.791850 ,2023-08-30 18:49:00,Brasil,ACRE,MARECHAL THAUMATURGO,Amazônia
 1647556852 ,768a9bba-6379-39af-b54d-4bfdda2eda83,   -9.062710 ,  -72.204510 ,2023-08-30 18:49:00,Brasil,ACRE,MARECHAL THAUMATURGO,Amazônia
 1647556853 ,da7e08f0-0efc-30d9-b2ed-3246e180ed48,   -9.060650 ,  -70.945780 ,2023-08-30 18:49:00,Brasil,ACRE,FEIJÓ,Amazônia
 1647556854 ,e4a4d058-9184-309e-83cf-31ec3c358c2d,   -9.060510 ,  -72.700710 ,2023-08-30 18:49:00,Brasil,ACRE,MARECHAL THAUMATURGO,Amazônia
 1647556857 ,04c0fa51-8011-38e3-b904-eb8f9c629c00,   -9.045310 ,  -70.907360 ,2023-08-30 18:49:00,Brasil,ACRE,FEIJÓ,Amazônia
 1647556858 ,3e25545a-52ca-3e66-a764-15eacb6bba67,   -9.043810 ,  -70.897400 ,2023-08-30 18:49:00,Brasil,ACRE,FEIJÓ,Amazônia
 1647556861 ,a4dd8ae4-77b8-335a-934d-81a6680d94c6,   -9.022820 ,  -70.693800 ,2023-08-30 18:49:00,Brasil,ACRE,FEIJÓ,Amazônia
 1647556862 ,f92f0ec8-31ea-3891-9fd6-d22d06c0aa53,   -9.009470 ,  -69.328800 ,2023-08-30 18:49:00,Brasil,ACRE,MANOEL URBANO,Amazônia
 1647556863 ,73658470-2f27-3ac1-8481-41a8053cdfc5,   -9.004390 ,  -72.690740 ,2023-08-30 18:49:00,Brasil,ACRE,MARECHAL THAUMATURGO,Amazônia
 1647556864 ,09adf3b4-fe1c-364b-809c-077f9a7c7d72,   -9.003080 ,  -72.681760 ,2023-08-30 18:49:00,Brasil,ACRE,MARECHAL THAUMATURGO,Amazônia
 1647556865 ,925e3907-04e2-3197-8bcb-237c8ef4029d,   -8.995540 ,  -69.442700 ,2023-08-30 18:49:00,Brasil,ACRE,MANOEL URBANO,Amazônia
 1647556866 ,f41ff99c-3744-36f6-98ef-1c610dd3be12,   -8.944630 ,  -70.596810 ,2023-08-30 18:49:00,Brasil,ACRE,FEIJÓ,Amazônia
 1647556867 ,4a903bd7-b2bb-3441-8bf5-e1e050031363,   -8.939990 ,  -70.565710 ,2023-08-30 18:49:00,Brasil,ACRE,FEIJÓ,Amazônia
 1647556868 ,3ca2b739-387c-37fb-bd88-db5bcdaa6055,   -8.935100 ,  -70.598300 ,2023-08-30 18:49:00,Brasil,ACRE,FEIJÓ,Amazônia
 1647556869 ,20bfad29-28cf-3557-8968-306e8b335847,   -8.930440 ,  -70.567200 ,2023-08-30 18:49:00,Brasil,ACRE,FEIJÓ,Amazônia
 1647556870 ,bd853d67-943f-335d-b055-75260f37510a,   -8.928890 ,  -70.556850 ,2023-08-30 18:49:00,Brasil,ACRE,FEIJÓ,Amazônia
 1647556871 ,81b6aba5-bdc5-3df0-afec-71245f22fc77,   -8.924010 ,  -70.589410 ,2023-08-30 18:49:00,Brasil,ACRE,FEIJÓ,Amazônia
 1647556872 ,8aaa17b3-f0f4-3da1-9545-52b1d7af51dd,   -8.921010 ,  -72.809700 ,2023-08-30 18:49:00,Brasil,ACRE,MARECHAL THAUMATURGO,Amazônia
 1647556873 ,49f44b0c-799c-3398-ab84-4a2b24bf957a,   -8.898870 ,  -71.411700 ,2023-08-30 18:49:00,Brasil,ACRE,FEIJÓ,Amazônia
 1647556874 ,14e596b3-571b-3c50-a7d6-2dc8b2b0c28e,   -8.897430 ,  -71.402120 ,2023-08-30 18:49:00,Brasil,ACRE,FEIJÓ,Amazônia
 1647556875 ,5fc119bd-fd16-3d1a-8471-4c37ec62fc76,   -8.887110 ,  -72.775630 ,2023-08-30 18:49:00,Brasil,ACRE,MARECHAL THAUMATURGO,Amazônia
 1647556876 ,b451aa11-e961-3ea3-a300-82c3d953ecea,   -8.874810 ,  -70.676610 ,2023-08-30 18:49:00,Brasil,ACRE,FEIJÓ,Amazônia
 1647556877 ,5c06e05e-4535-3d11-895b-7f6dfa0ad33d,   -8.869800 ,  -71.334310 ,2023-08-30 18:49:00,Brasil,ACRE,TARAUACÁ,Amazônia
 1647556878 ,9f995f5f-7f9d-3f82-84f1-e273665e8b3f,   -8.868380 ,  -71.324680 ,2023-08-30 18:49:00,Brasil,ACRE,TARAUACÁ,Amazônia
 1647556879 ,eb21159a-4dfe-372f-9e02-6284dce50318,   -8.846230 ,  -72.745060 ,2023-08-30 18:49:00,Brasil,ACRE,MARECHAL THAUMATURGO,Amazônia
 1647556880 ,7f5a4243-90b8-31ed-9d42-1c2d880590c3,   -8.829480 ,  -72.692500 ,2023-08-30 18:49:00,Brasil,ACRE,MARECHAL THAUMATURGO,Amazônia
 1647556881 ,6f1b0137-0c31-389e-a55e-e54a099fd2c0,   -8.821870 ,  -72.702820 ,2023-08-30 18:49:00,Brasil,ACRE,MARECHAL THAUMATURGO,Amazônia
 1647556882 ,4aca5b5d-f69d-3be6-a2e8-5feceb589e2e,   -8.820560 ,  -72.693830 ,2023-08-30 18:49:00,Brasil,ACRE,MARECHAL THAUMATURGO,Amazônia
 1647556884 ,9afc588b-1bef-3084-8baf-9bd0a9cfeb7d,   -8.819480 ,  -72.749050 ,2023-08-30 18:49:00,Brasil,ACRE,MARECHAL THAUMATURGO,Amazônia
 1647556885 ,d107f768-194c-3346-a369-8253da05980b,   -8.808810 ,  -71.114870 ,2023-08-30 18:49:00,Brasil,ACRE,FEIJÓ,Amazônia
 1647556886 ,33101c96-ceaf-31ac-90b6-bdf9f7f0b1f6,   -8.802910 ,  -71.075430 ,2023-08-30 18:49:00,Brasil,ACRE,FEIJÓ,Amazônia
 1647556887 ,20b385a7-4b57-3054-ac2e-f84eecc55e88,   -8.797550 ,  -71.166690 ,2023-08-30 18:49:00,Brasil,ACRE,FEIJÓ,Amazônia
 1647556888 ,a265fca3-3081-3f94-a8c4-a3b99e3683e5,   -8.791830 ,  -72.749570 ,2023-08-30 18:49:00,Brasil,ACRE,MARECHAL THAUMATURGO,Amazônia
 1647556889 ,fb23774e-aa2e-3130-a06f-09d0b167f677,   -8.790530 ,  -72.740590 ,2023-08-30 18:49:00,Brasil,ACRE,MARECHAL THAUMATURGO,Amazônia
 1647556890 ,d80707e6-d157-3f1d-aac5-243149ac6f3c,   -8.788870 ,  -70.852970 ,2023-08-30 18:49:00,Brasil,ACRE,FEIJÓ,Amazônia
 1647556891 ,ad20c23c-9d7b-3f07-9bc3-67eec7581a4c,   -8.763940 ,  -70.815410 ,2023-08-30 18:49:00,Brasil,ACRE,FEIJÓ,Amazônia
 1647556892 ,796f7f7a-429b-3f95-8187-bc2b1d413b74,   -8.754510 ,  -70.816900 ,2023-08-30 18:49:00,Brasil,ACRE,FEIJÓ,Amazônia
 1647556893 ,0460925d-72b8-3209-a8c8-8cb1ca5f8c62,   -8.748110 ,  -71.129890 ,2023-08-30 18:49:00,Brasil,ACRE,TARAUACÁ,Amazônia
 1647556894 ,8320629e-aafc-35d4-85fd-550c65aff7dd,   -8.738520 ,  -72.821680 ,2023-08-30 18:49:00,Brasil,ACRE,MARECHAL THAUMATURGO,Amazônia
 1647556897 ,7e69d8b8-e8a5-3fa5-b055-0ba915cbb20e,   -8.713100 ,  -69.999730 ,2023-08-30 18:49:00,Brasil,ACRE,FEIJÓ,Amazônia
 1647556898 ,6a392111-462c-3468-afd8-38a70c2a3d05,   -8.693510 ,  -70.955720 ,2023-08-30 18:49:00,Brasil,ACRE,FEIJÓ,Amazônia
 1647556899 ,a074d58a-3200-36e7-a2c5-37f4da75620d,   -8.675080 ,  -69.819610 ,2023-08-30 18:49:00,Brasil,ACRE,FEIJÓ,Amazônia
 1647556901 ,6ce45a1b-6210-37fd-ac35-9818d15c199d,   -8.667820 ,  -69.979190 ,2023-08-30 18:49:00,Brasil,ACRE,FEIJÓ,Amazônia
 1647556902 ,79a2b114-5f14-3e10-a38d-aac8adb0df57,   -8.666110 ,  -69.967830 ,2023-08-30 18:49:00,Brasil,ACRE,FEIJÓ,Amazônia
 1647556903 ,726497e4-43dc-3d45-ab18-e64ad20741d5,   -8.659280 ,  -70.919920 ,2023-08-30 18:49:00,Brasil,ACRE,FEIJÓ,Amazônia
 1647556904 ,3f5ca5ac-2bf4-3657-92cd-545051feb50f,   -8.620190 ,  -69.799670 ,2023-08-30 18:49:00,Brasil,ACRE,FEIJÓ,Amazônia
 1647556905 ,ed551d07-6a96-3edc-bdc9-894350c7b2c1,   -8.618430 ,  -69.788090 ,2023-08-30 18:49:00,Brasil,ACRE,FEIJÓ,Amazônia
 1647556906 ,07910c18-2463-39e2-b502-2a54aed44969,   -8.607110 ,  -70.934640 ,2023-08-30 18:49:00,Brasil,ACRE,TARAUACÁ,Amazônia
 1647556908 ,00d17aba-ba31-3ed7-9870-f6f319e59b54,   -8.595420 ,  -72.791200 ,2023-08-30 18:49:00,Brasil,ACRE,PORTO WALTER,Amazônia
 1647556911 ,3a673bc4-10eb-3623-b3c9-94b60e8ee245,   -8.540100 ,  -70.073680 ,2023-08-30 18:49:00,Brasil,ACRE,FEIJÓ,Amazônia
 1647556912 ,db1a0d35-a7dd-3f58-9d7a-02a0d5d1479c,   -8.538390 ,  -70.062520 ,2023-08-30 18:49:00,Brasil,ACRE,FEIJÓ,Amazônia
 1647556913 ,5cdc8d2e-395e-3dad-9135-d599f5095418,   -8.534380 ,  -70.930920 ,2023-08-30 18:49:00,Brasil,ACRE,TARAUACÁ,Amazônia
 1647556914 ,d57e04d8-f73e-3646-93c0-aa4798e034f8,   -8.521420 ,  -70.494670 ,2023-08-30 18:49:00,Brasil,ACRE,FEIJÓ,Amazônia
 1647556915 ,a8c2bed6-6268-334b-b0b1-d4ade8708b14,   -8.520810 ,  -71.287170 ,2023-08-30 18:49:00,Brasil,ACRE,TARAUACÁ,Amazônia
 1647556916 ,1c701a12-c3d2-3f59-bee8-cc733945dfe3,   -8.519340 ,  -71.277440 ,2023-08-30 18:49:00,Brasil,ACRE,TARAUACÁ,Amazônia
 1647556917 ,d8494d52-a3f7-3931-8bc8-ffa5935f15e9,   -8.519120 ,  -70.133930 ,2023-08-30 18:49:00,Brasil,ACRE,FEIJÓ,Amazônia
 1647556918 ,b5847a3c-93eb-359f-b493-055c9dbb23f7,   -8.517970 ,  -70.141010 ,2023-08-30 18:49:00,Brasil,ACRE,FEIJÓ,Amazônia
 1647556919 ,54b3e6ae-8625-3150-9a6d-97fbc436ee6d,   -8.516320 ,  -70.129970 ,2023-08-30 18:49:00,Brasil,ACRE,FEIJÓ,Amazônia
 1647556920 ,f2cb9c48-20ff-3bff-9971-7da9804e614d,   -8.511780 ,  -70.496140 ,2023-08-30 18:49:00,Brasil,ACRE,FEIJÓ,Amazônia
 1647556921 ,752101ab-dcfd-3cb1-9328-0bb252307fe6,   -8.499760 ,  -71.210580 ,2023-08-30 18:49:00,Brasil,ACRE,TARAUACÁ,Amazônia
 1647556922 ,95f5adc5-b331-3f8e-8a13-b8e46cfb05fc,   -8.496420 ,  -70.064610 ,2023-08-30 18:49:00,Brasil,ACRE,FEIJÓ,Amazônia
 1647556923 ,fbc0a70e-3e2d-338a-9b4e-ac0d3cf1e7a7,   -8.490490 ,  -70.291200 ,2023-08-30 18:49:00,Brasil,ACRE,FEIJÓ,Amazônia
 1647556924 ,567de8a4-8ee1-3603-93e4-530b39f5ff4d,   -8.488840 ,  -70.280360 ,2023-08-30 18:49:00,Brasil,ACRE,FEIJÓ,Amazônia
 1647556925 ,655f9103-5318-3dc0-abc6-9f0ae453a58b,   -8.479080 ,  -70.281850 ,2023-08-30 18:49:00,Brasil,ACRE,FEIJÓ,Amazônia
 1647556927 ,f7d102fb-ca3e-319c-a2b7-18f59c64d73d,   -8.451550 ,  -70.829680 ,2023-08-30 18:49:00,Brasil,ACRE,TARAUACÁ,Amazônia
 1647556928 ,61c2654f-b4f2-3edc-975c-e0dc7e273e86,   -8.447790 ,  -72.981130 ,2023-08-30 18:49:00,Brasil,ACRE,PORTO WALTER,Amazônia
 1647556930 ,b1898cf2-49d7-3076-be2b-4dd6824441df,   -8.411340 ,  -70.106290 ,2023-08-30 18:49:00,Brasil,ACRE,FEIJÓ,Amazônia
 1647556931 ,c72562dd-40c2-3ffd-8183-988e53967550,   -8.409670 ,  -70.095150 ,2023-08-30 18:49:00,Brasil,ACRE,FEIJÓ,Amazônia
 1647556932 ,0d4b2cdf-1a15-33fb-a6bf-de998e46b04f,   -8.409150 ,  -70.843030 ,2023-08-30 18:49:00,Brasil,ACRE,TARAUACÁ,Amazônia
 1647556933 ,00865cdf-95d5-3cd1-8191-30aec82870da,   -8.407630 ,  -70.832800 ,2023-08-30 18:49:00,Brasil,ACRE,TARAUACÁ,Amazônia
 1647556934 ,4060f217-e77b-3762-8cec-d58ec4879faf,   -8.405310 ,  -70.332120 ,2023-08-30 18:49:00,Brasil,ACRE,FEIJÓ,Amazônia
 1647556935 ,822400d6-87b5-3fef-9524-f0f290ec336c,   -8.403670 ,  -70.321290 ,2023-08-30 18:49:00,Brasil,ACRE,FEIJÓ,Amazônia
 1647556938 ,eb17e0a9-7b20-3237-bf1a-10d0617d89af,   -8.367730 ,  -70.282410 ,2023-08-30 18:49:00,Brasil,ACRE,FEIJÓ,Amazônia
 1647556940 ,90cd72be-45ca-3df2-a8fc-2f17e76777a5,   -8.365630 ,  -70.552830 ,2023-08-30 18:49:00,Brasil,ACRE,FEIJÓ,Amazônia
 1647556941 ,2c984312-d3f9-3e56-ac86-f23fe2bce422,   -8.339810 ,  -70.181180 ,2023-08-30 18:49:00,Brasil,ACRE,FEIJÓ,Amazônia
 1647556942 ,35ef3b50-add1-382a-9a25-9de1d0233edb,   -8.304190 ,  -70.343540 ,2023-08-30 18:49:00,Brasil,ACRE,FEIJÓ,Amazônia
 1647556943 ,e32c0197-6e44-39c7-8a53-5562170b310e,   -8.303820 ,  -71.071120 ,2023-08-30 18:49:00,Brasil,ACRE,TARAUACÁ,Amazônia
 1647556944 ,516d8805-36ea-3018-a3b4-b0de6c3be5a7,   -8.288030 ,  -70.368240 ,2023-08-30 18:49:00,Brasil,ACRE,FEIJÓ,Amazônia
 1647556945 ,633f4640-6d50-34ea-ae55-e1f0c88d2bdd,   -8.285900 ,  -72.755320 ,2023-08-30 18:49:00,Brasil,ACRE,PORTO WALTER,Amazônia
 1647556946 ,928ca1e1-0a23-3d46-8083-7a8d92372741,   -8.285180 ,  -70.086910 ,2023-08-30 18:49:00,Brasil,ACRE,FEIJÓ,Amazônia
 1647556947 ,08051af6-351b-33bd-814c-92eb5d35a220,   -8.283480 ,  -70.075730 ,2023-08-30 18:49:00,Brasil,ACRE,FEIJÓ,Amazônia
 1647556948 ,fa30e50a-1923-32ab-8940-e47c36a5f769,   -8.280970 ,  -70.920420 ,2023-08-30 18:49:00,Brasil,ACRE,TARAUACÁ,Amazônia
 1647556949 ,7b452879-d05e-3e6a-84dc-dd034ce5718f,   -8.278280 ,  -72.765620 ,2023-08-30 18:49:00,Brasil,ACRE,PORTO WALTER,Amazônia
 1647556950 ,d32258c7-bb62-36ed-9669-49e0b8f410f7,   -8.276970 ,  -72.756650 ,2023-08-30 18:49:00,Brasil,ACRE,PORTO WALTER,Amazônia
 1647556951 ,577b1c2b-c3c6-3b6c-99b3-c6ca8d5a3c7a,   -8.269590 ,  -70.248540 ,2023-08-30 18:49:00,Brasil,ACRE,FEIJÓ,Amazônia
 1647556952 ,a976b93b-02b3-3969-b93b-dfb439211679,   -8.266820 ,  -71.124140 ,2023-08-30 18:49:00,Brasil,ACRE,TARAUACÁ,Amazônia
 1647556953 ,0b47249a-b4a1-3bdd-83be-1ebb1d152490,   -8.262380 ,  -72.847040 ,2023-08-30 18:49:00,Brasil,ACRE,PORTO WALTER,Amazônia
 1647556954 ,57905751-4411-3006-baa4-a9b84fcceeb3,   -8.261080 ,  -72.838070 ,2023-08-30 18:49:00,Brasil,ACRE,PORTO WALTER,Amazônia
 1647556955 ,9938a03e-0b3c-3f7b-a384-40b334d448d0,   -8.253460 ,  -72.848370 ,2023-08-30 18:49:00,Brasil,ACRE,PORTO WALTER,Amazônia
 1647556956 ,cc496349-9446-3e88-96c7-45a389810770,   -8.253280 ,  -72.784240 ,2023-08-30 18:49:00,Brasil,ACRE,PORTO WALTER,Amazônia
 1647556957 ,3de62263-a939-34b6-ab70-9c4a5fa393f7,   -8.252160 ,  -72.839400 ,2023-08-30 18:49:00,Brasil,ACRE,PORTO WALTER,Amazônia
 1647556958 ,a4dce6ec-90e4-3769-b21d-62e5917db819,   -8.240640 ,  -72.822790 ,2023-08-30 18:49:00,Brasil,ACRE,PORTO WALTER,Amazônia
 1647556959 ,d8026fb3-d9a3-3724-bedd-b6aefdd947b0,   -8.239340 ,  -72.813820 ,2023-08-30 18:49:00,Brasil,ACRE,PORTO WALTER,Amazônia
 1647556960 ,bdea1932-437a-3536-bf77-ba2bdfc4cd48,   -8.236160 ,  -71.047310 ,2023-08-30 18:49:00,Brasil,ACRE,TARAUACÁ,Amazônia
 1647556962 ,e7eca58a-9e87-357e-bb64-37ce710aceea,   -8.144040 ,  -70.567100 ,2023-08-30 18:49:00,Brasil,ACRE,TARAUACÁ,Amazônia
 1647556963 ,ba638065-1f48-396c-bdaf-05c57412bb1c,   -8.113530 ,  -69.897740 ,2023-08-30 18:49:00,Brasil,ACRE,FEIJÓ,Amazônia
 1647556964 ,0d9c1ed1-dbca-34df-8f22-3a7ba7437191,   -8.112510 ,  -69.892800 ,2023-08-30 18:49:00,Brasil,ACRE,FEIJÓ,Amazônia
 1647556965 ,94e9b170-5af8-3cbf-8017-5358582b5f13,   -8.111720 ,  -69.886140 ,2023-08-30 18:49:00,Brasil,ACRE,FEIJÓ,Amazônia
 1647556966 ,4b3c9249-759b-387e-8ec8-b03ac8f31b6b,   -8.110770 ,  -69.881160 ,2023-08-30 18:49:00,Brasil,ACRE,FEIJÓ,Amazônia
 1647556967 ,09e1a8fa-ce05-3ce2-8592-129f43aec204,   -8.100190 ,  -71.242770 ,2023-08-30 18:49:00,Brasil,ACRE,TARAUACÁ,Amazônia
 1647556968 ,e6fda410-23f0-36b4-b699-83537287c981,   -8.040510 ,  -71.099750 ,2023-08-30 18:49:00,Brasil,ACRE,TARAUACÁ,Amazônia
 1647556969 ,0e757853-9de8-3d8b-bca1-ffcde58e7118,   -8.026580 ,  -71.071170 ,2023-08-30 18:49:00,Brasil,ACRE,TARAUACÁ,Amazônia
 1647556970 ,1612e03e-47de-38a3-a101-b74cb0cae2e6,   -7.989170 ,  -69.953250 ,2023-08-30 18:49:00,Brasil,ACRE,FEIJÓ,Amazônia
 1647556971 ,7efdd551-8d7d-3fbe-ac65-8534eb4a73ef,   -7.969190 ,  -71.474440 ,2023-08-30 18:49:00,Brasil,ACRE,TARAUACÁ,Amazônia
 1647556972 ,f3b4d8ea-0083-302d-b59b-ea550d58ecd0,   -7.967770 ,  -71.464780 ,2023-08-30 18:49:00,Brasil,ACRE,TARAUACÁ,Amazônia
 1647556973 ,104d3ab7-96ea-34c9-8de9-21d7e44cd749,   -7.935910 ,  -71.568020 ,2023-08-30 18:49:00,Brasil,ACRE,TARAUACÁ,Amazônia
 1647556974 ,3b6749a4-790a-38e9-b5bf-b6131e01bec6,   -7.890430 ,  -71.688140 ,2023-08-30 18:49:00,Brasil,ACRE,TARAUACÁ,Amazônia
 1647556975 ,ff3c864e-aa70-3138-9908-328732512bea,   -7.885480 ,  -71.718030 ,2023-08-30 18:49:00,Brasil,ACRE,TARAUACÁ,Amazônia
 1647556976 ,40cfb02d-a899-3bc6-acb3-227b80fa32d7,   -7.884070 ,  -71.708530 ,2023-08-30 18:49:00,Brasil,ACRE,TARAUACÁ,Amazônia
 1647556977 ,c59e44c5-5289-3f9a-90ab-3e7ea6f8d635,   -7.880530 ,  -71.747830 ,2023-08-30 18:49:00,Brasil,ACRE,TARAUACÁ,Amazônia
 1647556978 ,8c6ff3f6-7ed6-35f7-bfc4-42830277e2a9,   -7.879040 ,  -72.304720 ,2023-08-30 18:49:00,Brasil,ACRE,CRUZEIRO DO SUL,Amazônia
 1647556979 ,d6dfc069-bcfe-3a4d-add7-c1f49438a6fa,   -7.875640 ,  -70.615680 ,2023-08-30 18:49:00,Brasil,ACRE,TARAUACÁ,Amazônia
 1647556980 ,d610fee3-89fe-3614-abda-cb3556a4e17c,   -7.874180 ,  -71.768070 ,2023-08-30 18:49:00,Brasil,ACRE,TARAUACÁ,Amazônia
 1647556981 ,031f756c-b539-3f24-a947-eee1d8ca1578,   -7.866450 ,  -71.778890 ,2023-08-30 18:49:00,Brasil,ACRE,TARAUACÁ,Amazônia
 1647556982 ,fa86aeca-c97f-39b4-9d4e-f919498e7985,   -7.865040 ,  -71.769460 ,2023-08-30 18:49:00,Brasil,ACRE,TARAUACÁ,Amazônia
 1647556983 ,d097e632-0dbd-300f-a9b8-8ec03c40f3b1,   -7.863640 ,  -71.760030 ,2023-08-30 18:49:00,Brasil,ACRE,TARAUACÁ,Amazônia
 1647556984 ,058d80ce-bbc6-3892-88e3-1eb267aa9191,   -7.862230 ,  -71.750580 ,2023-08-30 18:49:00,Brasil,ACRE,TARAUACÁ,Amazônia
 1647556985 ,be69bc89-5b70-3540-be94-0b599cf434e0,   -7.843730 ,  -73.077550 ,2023-08-30 18:49:00,Brasil,ACRE,RODRIGUES ALVES,Amazônia
 1647556986 ,ed76a8f3-6fcd-39fd-98a6-0b079fe98d4b,   -7.836110 ,  -73.087810 ,2023-08-30 18:49:00,Brasil,ACRE,RODRIGUES ALVES,Amazônia
 1647556987 ,bfbb1b10-ac8d-3811-86e2-47b112f57923,   -7.829100 ,  -73.417630 ,2023-08-30 18:49:00,Brasil,ACRE,RODRIGUES ALVES,Amazônia
 1647556988 ,9b1e687a-c982-36da-93a8-4feedb5efebf,   -7.827820 ,  -73.408680 ,2023-08-30 18:49:00,Brasil,ACRE,RODRIGUES ALVES,Amazônia
 1647556989 ,b3bab696-fa74-371a-acca-92b2dad98df4,   -7.827000 ,  -71.887340 ,2023-08-30 18:49:00,Brasil,ACRE,TARAUACÁ,Amazônia
 1647556990 ,0724d84d-c80e-3f90-ae69-a25f038daac2,   -7.820360 ,  -72.717220 ,2023-08-30 18:49:00,Brasil,ACRE,RODRIGUES ALVES,Amazônia
 1647556991 ,bb1ea75e-32c0-3716-982c-fdd279d88516,   -7.819050 ,  -72.708240 ,2023-08-30 18:49:00,Brasil,ACRE,RODRIGUES ALVES,Amazônia
 1647556992 ,9d564f1d-664d-3cec-be86-79e683695a8c,   -7.812660 ,  -72.041910 ,2023-08-30 18:49:00,Brasil,ACRE,CRUZEIRO DO SUL,Amazônia
 1647556993 ,1318f934-fa22-39be-a165-08f5f97a6163,   -7.811290 ,  -72.032610 ,2023-08-30 18:49:00,Brasil,ACRE,CRUZEIRO DO SUL,Amazônia
 1647556994 ,630e7931-038b-35f2-93c4-f5eea9dcd57a,   -7.810520 ,  -73.036800 ,2023-08-30 18:49:00,Brasil,ACRE,RODRIGUES ALVES,Amazônia
 1647556995 ,d3428446-4fd7-3e3b-b2d3-8c842e9568b0,   -7.761140 ,  -71.998490 ,2023-08-30 18:49:00,Brasil,ACRE,CRUZEIRO DO SUL,Amazônia
 1647556996 ,2525ff24-b8b8-3150-af3f-abaa34969858,   -7.753580 ,  -73.087400 ,2023-08-30 18:49:00,Brasil,ACRE,RODRIGUES ALVES,Amazônia
 1647557001 ,74aecf91-e82f-30e9-9527-6c0c5f7834cc,   -7.731160 ,  -72.301850 ,2023-08-30 18:49:00,Brasil,ACRE,CRUZEIRO DO SUL,Amazônia
 1647557003 ,02b3035b-441b-398b-ba7c-c71ad893b1da,   -7.677500 ,  -72.375190 ,2023-08-30 18:49:00,Brasil,ACRE,CRUZEIRO DO SUL,Amazônia
 1647557004 ,a9cd7467-e347-3387-8017-0ba84aa2cd22,   -7.676160 ,  -72.366070 ,2023-08-30 18:49:00,Brasil,ACRE,CRUZEIRO DO SUL,Amazônia
 1647557005 ,84b4abca-9eb4-3ae0-b004-3a945d2b6c78,   -7.663580 ,  -72.466640 ,2023-08-30 18:49:00,Brasil,ACRE,CRUZEIRO DO SUL,Amazônia
 1647557006 ,f05f0b58-504e-3cf8-a295-9a8f805678b9,   -7.653560 ,  -72.523750 ,2023-08-30 18:49:00,Brasil,ACRE,CRUZEIRO DO SUL,Amazônia
 1647557007 ,4b65bede-24e5-32ba-b1af-702e5656edcd,   -7.644590 ,  -72.525090 ,2023-08-30 18:49:00,Brasil,ACRE,CRUZEIRO DO SUL,Amazônia
 1647557012 ,db16551f-4e84-3c5c-8ba2-c25b8945440d,   -7.455120 ,  -73.442440 ,2023-08-30 18:49:00,Brasil,ACRE,MÂNCIO LIMA,Amazônia
 1647557015 ,08c56136-515a-389e-b986-6ea86e26286f,   -7.410880 ,  -73.454620 ,2023-08-30 18:49:00,Brasil,ACRE,MÂNCIO LIMA,Amazônia
 1649599491 ,2e4cded2-078c-3d0e-8208-4e48b3b50954,  -10.602770 ,  -69.085110 ,2023-09-09 19:15:00,Brasil,ACRE,BRASILÉIA,Amazônia
 1649599492 ,fb418500-6705-3942-83d5-b436adf241f7,  -10.261650 ,  -68.781620 ,2023-09-09 19:15:00,Brasil,ACRE,RIO BRANCO,Amazônia
 1649599493 ,f4645e27-e7b5-320d-af8e-900649cadd46,  -10.131440 ,  -68.282690 ,2023-09-09 19:15:00,Brasil,ACRE,RIO BRANCO,Amazônia
 1649599494 ,0013d8d1-fd6e-3373-9303-b59f2926b684,  -10.129870 ,  -68.278140 ,2023-09-09 19:15:00,Brasil,ACRE,RIO BRANCO,Amazônia
 1649600562 ,51c99219-453d-329c-9d34-40bdc2157305,   -8.052820 ,  -69.979640 ,2023-09-09 19:15:00,Brasil,ACRE,FEIJÓ,Amazônia
 1649600563 ,a842cf82-056c-3d1a-93fd-c3a41bc77d06,   -8.047010 ,  -69.945790 ,2023-09-09 19:15:00,Brasil,ACRE,FEIJÓ,Amazônia
 1649600568 ,613977de-4064-39fc-bcbe-2ffb6ced95aa,   -9.456730 ,  -71.330640 ,2023-09-09 19:15:00,Brasil,ACRE,FEIJÓ,Amazônia
 1649600573 ,7055e80e-dac6-3f64-8d6f-1f8637e6b5f6,   -7.689320 ,  -73.065090 ,2023-09-09 19:15:00,Brasil,ACRE,RODRIGUES ALVES,Amazônia
 1649600574 ,b844824a-76f5-3d64-bb20-ab1cd4718f71,   -7.689010 ,  -73.057910 ,2023-09-09 19:15:00,Brasil,ACRE,RODRIGUES ALVES,Amazônia
 1649600575 ,863b2d17-a5cb-39d0-9d3c-feb5d94f8e55,   -7.628490 ,  -73.095340 ,2023-09-09 19:15:00,Brasil,ACRE,MÂNCIO LIMA,Amazônia
 1649600576 ,b3e03230-4760-37e7-8df1-dc502c846015,   -7.382920 ,  -73.112690 ,2023-09-09 19:15:00,Brasil,ACRE,MÂNCIO LIMA,Amazônia
 1649600579 ,bcf3bb90-76a6-30f6-a76f-cf930ba27eb9,   -7.857130 ,  -72.881480 ,2023-09-09 19:15:00,Brasil,ACRE,RODRIGUES ALVES,Amazônia
 1649600580 ,dc80b1d2-b5b4-3cdb-b1ec-f57e5b27c82a,   -7.855700 ,  -72.874180 ,2023-09-09 19:15:00,Brasil,ACRE,RODRIGUES ALVES,Amazônia
 1649600581 ,975cfa9d-9683-3ee8-8551-8be0102e6472,   -7.844170 ,  -72.883640 ,2023-09-09 19:15:00,Brasil,ACRE,RODRIGUES ALVES,Amazônia
 1649600582 ,96ca72e2-952f-3dd7-bef2-650ed366d08a,   -7.834380 ,  -72.987920 ,2023-09-09 19:15:00,Brasil,ACRE,RODRIGUES ALVES,Amazônia
 1649600583 ,7a47b9d0-5a94-352a-b452-64163c7cbd37,   -7.834310 ,  -73.068890 ,2023-09-09 19:15:00,Brasil,ACRE,RODRIGUES ALVES,Amazônia
 1649600584 ,6a3abd5e-cd43-3a6b-9f74-45d67a903f4f,   -7.831180 ,  -72.968070 ,2023-09-09 19:15:00,Brasil,ACRE,RODRIGUES ALVES,Amazônia
 1649600585 ,4d9f6dba-9e8c-3ada-80dc-42a6d99055f9,   -9.073410 ,  -72.693380 ,2023-09-09 19:15:00,Brasil,ACRE,MARECHAL THAUMATURGO,Amazônia
 1649600586 ,7a9f0fdf-8967-399c-8610-8be310a9032d,   -8.844250 ,  -72.268770 ,2023-09-09 19:15:00,Brasil,ACRE,MARECHAL THAUMATURGO,Amazônia
 1649600587 ,86d4b0f7-a8c1-3b99-8de9-9a0e5e637eb9,   -8.770540 ,  -72.843150 ,2023-09-09 19:15:00,Brasil,ACRE,MARECHAL THAUMATURGO,Amazônia
 1649600588 ,2eb22f9e-f975-3ca8-937b-baffe0b759a7,   -8.700260 ,  -72.821850 ,2023-09-09 19:15:00,Brasil,ACRE,PORTO WALTER,Amazônia
 1649600589 ,06b894a2-1343-34af-87d7-d25b27db18b3,   -8.394620 ,  -72.712700 ,2023-09-09 19:15:00,Brasil,ACRE,PORTO WALTER,Amazônia
 1649600590 ,d52a2c68-f4c4-3627-87e8-7c776cfec212,   -8.392920 ,  -72.705540 ,2023-09-09 19:15:00,Brasil,ACRE,PORTO WALTER,Amazônia
 1649600591 ,e8681acf-a7e6-3466-817a-e192f8f9f067,   -8.284250 ,  -72.840170 ,2023-09-09 19:15:00,Brasil,ACRE,PORTO WALTER,Amazônia
 1649600592 ,c40cc99d-9738-397b-97ef-9301f0643bc8,   -8.158290 ,  -72.551200 ,2023-09-09 19:15:00,Brasil,ACRE,CRUZEIRO DO SUL,Amazônia
 1649600593 ,56475aeb-7535-3cb9-b456-c3e2b476ec80,   -8.145060 ,  -72.553430 ,2023-09-09 19:15:00,Brasil,ACRE,CRUZEIRO DO SUL,Amazônia
 1649600594 ,2aec53ff-bf88-34a2-8160-fd61883a4a3f,   -7.920500 ,  -72.945790 ,2023-09-09 19:15:00,Brasil,ACRE,RODRIGUES ALVES,Amazônia
 1649600595 ,039fcd77-d71a-3056-9440-0de3637644fd,   -8.154970 ,  -72.544270 ,2023-09-09 19:15:00,Brasil,ACRE,CRUZEIRO DO SUL,Amazônia
 1649600596 ,b0a84269-a347-38c0-a98c-35d8ebba8a60,   -8.026860 ,  -72.468440 ,2023-09-09 19:15:00,Brasil,ACRE,CRUZEIRO DO SUL,Amazônia
 1649600603 ,95a9028a-85ff-3ae8-832d-0b478d4d9b7b,   -7.433340 ,  -73.264260 ,2023-09-09 19:15:00,Brasil,ACRE,MÂNCIO LIMA,Amazônia
 1649600604 ,d6b89680-5fd8-3275-bf96-d2a85e591a6a,   -7.360200 ,  -73.223930 ,2023-09-09 19:15:00,Brasil,ACRE,MÂNCIO LIMA,Amazônia
 1649790264 ,46005571-035c-3318-a61c-2a9b882d5d82,   -9.764240 ,  -68.903710 ,2023-09-10 18:19:00,Brasil,ACRE,SENA MADUREIRA,Amazônia
 1649790266 ,b88d8e20-41ab-3874-bb0e-b5b6645b098c,   -9.502360 ,  -67.706750 ,2023-09-10 18:19:00,Brasil,ACRE,PORTO ACRE,Amazônia
 1649790267 ,d072f767-f9b0-3932-b70e-f2697c4fb126,   -9.500840 ,  -67.695820 ,2023-09-10 18:19:00,Brasil,ACRE,PORTO ACRE,Amazônia
 1649790268 ,a5225d33-1207-3552-8218-0b7c73a2465b,  -10.733280 ,  -68.888450 ,2023-09-10 18:19:00,Brasil,ACRE,XAPURI,Amazônia
 1649790269 ,e7179f4e-bc76-3737-8257-27195221463e,  -10.720820 ,  -68.552470 ,2023-09-10 18:19:00,Brasil,ACRE,EPITACIOLÂNDIA,Amazônia
 1649790270 ,2afd7fad-da97-314e-a0ef-4f5fd8ba84d5,  -10.719100 ,  -68.539760 ,2023-09-10 18:19:00,Brasil,ACRE,EPITACIOLÂNDIA,Amazônia
 1649790271 ,655722dc-054c-37c3-8fe3-69c1b4d70466,  -10.710250 ,  -68.553890 ,2023-09-10 18:19:00,Brasil,ACRE,XAPURI,Amazônia
 1649790272 ,fc744f50-bffb-3f98-b45b-5195966cbd38,  -10.708530 ,  -68.541140 ,2023-09-10 18:19:00,Brasil,ACRE,XAPURI,Amazônia
 1649790273 ,0526fdda-3b11-37a0-b43f-4967a19edea9,  -10.608530 ,  -67.881830 ,2023-09-10 18:19:00,Brasil,ACRE,CAPIXABA,Amazônia
 1649790274 ,af33b6a2-2aa4-34ce-9b2b-42bab8d26ff9,  -10.597880 ,  -68.802250 ,2023-09-10 18:19:00,Brasil,ACRE,XAPURI,Amazônia
 1649790275 ,9e2b3bea-4573-390a-ae43-e7203ea9793c,  -10.550460 ,  -67.830600 ,2023-09-10 18:19:00,Brasil,ACRE,CAPIXABA,Amazônia
 1649790276 ,1f8f75ab-fb8f-32cd-aa17-5c7069c5399f,  -10.472970 ,  -68.391500 ,2023-09-10 18:19:00,Brasil,ACRE,XAPURI,Amazônia
 1649790277 ,a3e26462-9665-39f8-954f-cf462b46f338,  -10.376670 ,  -68.513020 ,2023-09-10 18:19:00,Brasil,ACRE,XAPURI,Amazônia
 1649790278 ,8888ca89-1f38-3b3d-9508-4cfc7a1294f4,  -10.362020 ,  -68.771960 ,2023-09-10 18:19:00,Brasil,ACRE,RIO BRANCO,Amazônia
 1649790279 ,794faa71-cfae-32bb-b1b1-1433f52db638,  -10.360250 ,  -68.758740 ,2023-09-10 18:19:00,Brasil,ACRE,RIO BRANCO,Amazônia
 1649790280 ,deaf7e31-3159-3f7e-9724-b3f84a08878a,  -10.330210 ,  -68.240990 ,2023-09-10 18:19:00,Brasil,ACRE,RIO BRANCO,Amazônia
 1649790281 ,40335966-2189-3f62-8aaa-8969c043e87b,  -10.328600 ,  -68.228840 ,2023-09-10 18:19:00,Brasil,ACRE,RIO BRANCO,Amazônia
 1649790282 ,84282029-fc84-3fe9-86fe-128320681d53,  -10.304830 ,  -68.049220 ,2023-09-10 18:19:00,Brasil,ACRE,RIO BRANCO,Amazônia
 1649790283 ,1b8de393-b987-3e91-884e-d73887f6db4d,  -10.271460 ,  -68.776420 ,2023-09-10 18:19:00,Brasil,ACRE,RIO BRANCO,Amazônia
 1649790284 ,0f29c160-de8a-3d60-92fe-7c1bbe051fcb,  -10.249140 ,  -68.376960 ,2023-09-10 18:19:00,Brasil,ACRE,RIO BRANCO,Amazônia
 1649790285 ,74d7d1a7-0b58-3dff-94f5-025cd5cd6b06,  -10.246340 ,  -68.384430 ,2023-09-10 18:19:00,Brasil,ACRE,RIO BRANCO,Amazônia
 1649790286 ,5b68d501-c933-3c0b-9a06-de9d2626320e,  -10.244720 ,  -68.372060 ,2023-09-10 18:19:00,Brasil,ACRE,RIO BRANCO,Amazônia
 1649790287 ,58aa0fdd-1aea-36f0-8813-090fa45e56e5,  -10.151940 ,  -68.046780 ,2023-09-10 18:19:00,Brasil,ACRE,RIO BRANCO,Amazônia
 1649790288 ,cef74709-d761-38fa-8c21-9f5d5ab02ec6,  -10.755250 ,  -69.054400 ,2023-09-10 18:19:00,Brasil,ACRE,BRASILÉIA,Amazônia
 1649790289 ,5e0aeed9-89b2-32cc-837a-73364deb80d1,  -10.662760 ,  -69.043750 ,2023-09-10 18:19:00,Brasil,ACRE,BRASILÉIA,Amazônia
 1649790290 ,45716ea5-8020-3d50-ac3b-8028e756858d,  -10.444150 ,  -69.113960 ,2023-09-10 18:19:00,Brasil,ACRE,XAPURI,Amazônia
 1649790291 ,3f3e076c-e204-327e-85d1-632030457e56,  -10.172550 ,  -69.056660 ,2023-09-10 18:19:00,Brasil,ACRE,SENA MADUREIRA,Amazônia
 1649790338 ,4276bb56-d112-3fa4-9028-5b3b0ed7b36c,  -10.954120 ,  -68.397210 ,2023-09-10 18:19:00,Brasil,ACRE,XAPURI,Amazônia
 1649792084 ,5b8ad5d2-a735-3b67-9392-c116cf951d2c,   -9.180220 ,  -70.205550 ,2023-09-10 18:19:00,Brasil,ACRE,SANTA ROSA DO PURUS,Amazônia
 1649792085 ,273f3358-5e3c-3c38-9451-10be6ae45969,   -8.927220 ,  -69.339890 ,2023-09-10 18:19:00,Brasil,ACRE,MANOEL URBANO,Amazônia
 1649792086 ,6ac53a84-0ed8-37d7-8f5a-0a83c7020f63,   -8.676630 ,  -69.955220 ,2023-09-10 18:19:00,Brasil,ACRE,FEIJÓ,Amazônia
 1649792087 ,9e937a4e-cdc7-3720-b863-f2225c775879,   -8.633430 ,  -69.966470 ,2023-09-10 18:19:00,Brasil,ACRE,FEIJÓ,Amazônia
 1649792088 ,65dc9e4d-ffa2-34cd-b31e-bc8cf62daf2b,   -8.631100 ,  -69.961480 ,2023-09-10 18:19:00,Brasil,ACRE,FEIJÓ,Amazônia
 1649792089 ,23040c30-0a74-3bb6-9f73-4c9030e71155,   -8.192490 ,  -70.181230 ,2023-09-10 18:19:00,Brasil,ACRE,FEIJÓ,Amazônia
 1649792090 ,4f69cd37-8d7a-34cc-8483-d5f04305e46e,   -9.739650 ,  -69.159670 ,2023-09-10 18:19:00,Brasil,ACRE,SENA MADUREIRA,Amazônia
 1649792091 ,1c8a6b2c-393c-384e-b858-069f3b7a7a4d,  -10.850890 ,  -69.517200 ,2023-09-10 18:19:00,Brasil,ACRE,ASSIS BRASIL,Amazônia
 1649792092 ,a42de272-4606-3fb1-b717-1ad3dc2e9407,  -10.483290 ,  -69.422740 ,2023-09-10 18:19:00,Brasil,ACRE,SENA MADUREIRA,Amazônia
 1649792093 ,2d055c82-695d-30ef-b6a9-eec12d4e03ef,  -10.482960 ,  -69.415930 ,2023-09-10 18:19:00,Brasil,ACRE,SENA MADUREIRA,Amazônia
 1649792094 ,a756999d-8cac-35d0-8b6f-8d74349ba8ba,  -10.481300 ,  -69.408030 ,2023-09-10 18:19:00,Brasil,ACRE,SENA MADUREIRA,Amazônia
 1649792095 ,70904d98-3b40-3090-ac62-ed4309e9bf6a,  -10.111180 ,  -69.284600 ,2023-09-10 18:19:00,Brasil,ACRE,SENA MADUREIRA,Amazônia
 1649792096 ,bf5db0f1-bde8-35ad-bde8-ab96317e927e,  -10.100110 ,  -69.286040 ,2023-09-10 18:19:00,Brasil,ACRE,SENA MADUREIRA,Amazônia
 1649792112 ,4936b9bf-305a-3ff1-b2e9-5fe7eea73220,   -7.961660 ,  -70.351520 ,2023-09-10 18:19:00,Brasil,ACRE,FEIJÓ,Amazônia
 1649792113 ,dd73556d-0ac0-369e-971a-7029b1f59f7a,   -7.959590 ,  -70.335840 ,2023-09-10 18:19:00,Brasil,ACRE,FEIJÓ,Amazônia
 1649792114 ,d8f5f366-a2f4-369a-8656-3916b5b67754,   -7.952030 ,  -70.342100 ,2023-09-10 18:19:00,Brasil,ACRE,FEIJÓ,Amazônia
 1649792115 ,f54052ae-e42c-360b-8f4e-322c438abfec,   -7.803340 ,  -70.631230 ,2023-09-10 18:19:00,Brasil,ACRE,TARAUACÁ,Amazônia
 1649792116 ,71a9d9c0-aa37-32c4-a85f-39214ef08404,   -7.797540 ,  -70.636930 ,2023-09-10 18:19:00,Brasil,ACRE,TARAUACÁ,Amazônia
 1649792117 ,3b92694f-e777-3470-a90f-076e5fafaccd,   -7.795310 ,  -70.620670 ,2023-09-10 18:19:00,Brasil,ACRE,TARAUACÁ,Amazônia
 1649792135 ,9c829a96-d9d5-3125-922e-2c5b62553624,   -9.236280 ,  -71.849020 ,2023-09-10 18:19:00,Brasil,ACRE,JORDÃO,Amazônia
 1649792136 ,d5e26c63-0e5d-3b54-a2f4-e7177bedc540,   -8.939160 ,  -71.846470 ,2023-09-10 18:19:00,Brasil,ACRE,JORDÃO,Amazônia
 1649792137 ,abac37a2-a8ab-3f01-8246-5a9419f01272,   -8.862210 ,  -71.259690 ,2023-09-10 18:19:00,Brasil,ACRE,FEIJÓ,Amazônia
 1649792138 ,50e498d5-4852-3e11-90be-50c4e42c9eb9,   -8.826760 ,  -71.888020 ,2023-09-10 18:19:00,Brasil,ACRE,JORDÃO,Amazônia
 1649792139 ,0fd9dcf2-d6bb-332b-bb60-75c98fcb0331,   -8.698220 ,  -70.801520 ,2023-09-10 18:19:00,Brasil,ACRE,FEIJÓ,Amazônia
 1649792140 ,7402b81f-24bf-3828-a9b7-7779e13dc092,   -8.695910 ,  -70.784020 ,2023-09-10 18:19:00,Brasil,ACRE,FEIJÓ,Amazônia
 1649792141 ,95fe3157-01d7-399b-8531-b7a26b2938a2,   -8.672030 ,  -71.790610 ,2023-09-10 18:19:00,Brasil,ACRE,TARAUACÁ,Amazônia
 1649792142 ,77213fea-f29e-3a40-aed3-3f5846b87e5e,   -8.655800 ,  -70.666260 ,2023-09-10 18:19:00,Brasil,ACRE,FEIJÓ,Amazônia
 1649792143 ,3a52d0b2-2ad7-32e1-83c7-d5d5fc940d4b,   -8.555160 ,  -70.600020 ,2023-09-10 18:19:00,Brasil,ACRE,FEIJÓ,Amazônia
 1649792144 ,fc1980c8-f582-3fec-8286-ee0abb3a5971,   -8.483490 ,  -70.842430 ,2023-09-10 18:19:00,Brasil,ACRE,TARAUACÁ,Amazônia
 1649792145 ,13878e68-6506-3196-9b0a-0c78d4636658,   -8.416060 ,  -70.840280 ,2023-09-10 18:19:00,Brasil,ACRE,TARAUACÁ,Amazônia
 1649792146 ,46cfa400-975b-3c5b-992d-9640f5ef9ba0,   -8.382230 ,  -71.275150 ,2023-09-10 18:19:00,Brasil,ACRE,TARAUACÁ,Amazônia
 1649792147 ,7d49425d-f15f-38c7-b3d8-c42fe643f59f,   -8.243600 ,  -71.111330 ,2023-09-10 18:19:00,Brasil,ACRE,TARAUACÁ,Amazônia
 1649792148 ,c008f222-863f-35f8-b09b-b9851e988ed0,   -8.148290 ,  -70.379190 ,2023-09-10 18:19:00,Brasil,ACRE,FEIJÓ,Amazônia
 1649792149 ,534856bb-e154-392a-9bfe-1338a556135f,   -8.141270 ,  -70.385040 ,2023-09-10 18:19:00,Brasil,ACRE,FEIJÓ,Amazônia
 1649792150 ,eabde3c1-611e-3187-967f-862079686cd6,   -8.087070 ,  -70.248070 ,2023-09-10 18:19:00,Brasil,ACRE,FEIJÓ,Amazônia
 1649792151 ,771833dc-f6e6-3afc-acb7-e27fe5f84250,   -8.084970 ,  -70.232560 ,2023-09-10 18:19:00,Brasil,ACRE,FEIJÓ,Amazônia
 1649792152 ,a212576a-62bf-394d-a838-1b8864cb88f1,   -7.886400 ,  -72.854810 ,2023-09-10 18:19:00,Brasil,ACRE,RODRIGUES ALVES,Amazônia
 1649792155 ,0552bf2b-191a-37cf-8abc-b9ec09178d0f,   -9.031090 ,  -72.783690 ,2023-09-10 18:19:00,Brasil,ACRE,MARECHAL THAUMATURGO,Amazônia
 1649792156 ,a7541fd2-be44-3cf9-91de-37de27c014ed,   -8.979350 ,  -72.744180 ,2023-09-10 18:19:00,Brasil,ACRE,MARECHAL THAUMATURGO,Amazônia
 1649792157 ,0fecd1ee-19d0-34ee-b29e-8b7d4ee85f92,   -8.971490 ,  -72.538140 ,2023-09-10 18:19:00,Brasil,ACRE,MARECHAL THAUMATURGO,Amazônia
 1649792158 ,bc901cb0-09ed-3f03-8c59-8674aa9ec036,   -8.931700 ,  -72.377930 ,2023-09-10 18:19:00,Brasil,ACRE,MARECHAL THAUMATURGO,Amazônia
 1649792159 ,b3e30845-1a22-3a74-8925-867fe4da3de8,   -8.829530 ,  -71.909580 ,2023-09-10 18:19:00,Brasil,ACRE,JORDÃO,Amazônia
 1649792160 ,1c17a4e3-1937-3869-9bd4-5aa922c51d80,   -8.815330 ,  -72.746120 ,2023-09-10 18:19:00,Brasil,ACRE,MARECHAL THAUMATURGO,Amazônia
 1649792161 ,88e32d2b-8830-3fc5-b5c6-0beadf928fb6,   -8.812680 ,  -72.751500 ,2023-09-10 18:19:00,Brasil,ACRE,MARECHAL THAUMATURGO,Amazônia
 1649792162 ,c6953840-8c06-3caa-bca7-b7de448f0e75,   -8.396550 ,  -71.796460 ,2023-09-10 18:19:00,Brasil,ACRE,TARAUACÁ,Amazônia
 1649792163 ,91fca106-a876-3d46-a0f0-bf43f2fdc2ad,   -8.491940 ,  -72.837470 ,2023-09-10 18:19:00,Brasil,ACRE,PORTO WALTER,Amazônia
 1649792164 ,af52d747-31f6-3dc4-bc72-f2fd02812327,   -8.274980 ,  -72.676090 ,2023-09-10 18:19:00,Brasil,ACRE,PORTO WALTER,Amazônia
 1649792165 ,14818188-bd9d-372b-81e6-fea2d5fe3009,   -8.271080 ,  -72.681600 ,2023-09-10 18:19:00,Brasil,ACRE,PORTO WALTER,Amazônia
 1649792166 ,7903bbdf-d2ea-33d8-9bd3-d0a84f727a0f,   -8.222740 ,  -72.863180 ,2023-09-10 18:19:00,Brasil,ACRE,PORTO WALTER,Amazônia
 1649792167 ,98c63bff-ff74-3f94-b662-46d337fc1723,   -8.219540 ,  -72.838230 ,2023-09-10 18:19:00,Brasil,ACRE,PORTO WALTER,Amazônia
 1649792168 ,ff391a71-6400-3b52-b389-85d1f9557337,   -8.050780 ,  -72.504260 ,2023-09-10 18:19:00,Brasil,ACRE,CRUZEIRO DO SUL,Amazônia
 1649792169 ,67cdce3c-f9c7-3952-9c9d-46379d9f6d63,   -8.047670 ,  -72.481060 ,2023-09-10 18:19:00,Brasil,ACRE,CRUZEIRO DO SUL,Amazônia
 1649792170 ,ba75634e-906e-37fb-994b-0155772c46e4,   -8.042360 ,  -72.500560 ,2023-09-10 18:19:00,Brasil,ACRE,CRUZEIRO DO SUL,Amazônia
 1649792171 ,a9064260-991b-3498-85a8-3586a0887593,   -8.039440 ,  -72.477300 ,2023-09-10 18:19:00,Brasil,ACRE,CRUZEIRO DO SUL,Amazônia
 1649792172 ,a749f0cb-dcd4-383e-9523-8bbc2ddc384f,   -8.015330 ,  -72.556300 ,2023-09-10 18:19:00,Brasil,ACRE,CRUZEIRO DO SUL,Amazônia
 1649792173 ,f11a6f75-97a6-30a4-9399-6dd461d136f4,   -8.012300 ,  -72.532990 ,2023-09-10 18:19:00,Brasil,ACRE,CRUZEIRO DO SUL,Amazônia
 1649792174 ,8ce6237a-dc11-3fe4-b982-a69d3752cdae,   -7.973530 ,  -72.940060 ,2023-09-10 18:19:00,Brasil,ACRE,CRUZEIRO DO SUL,Amazônia
 1649792175 ,42c76f8e-58f1-3bbb-a4fb-5810bf42d505,   -7.962430 ,  -72.966960 ,2023-09-10 18:19:00,Brasil,ACRE,CRUZEIRO DO SUL,Amazônia
 1649792176 ,4c9ef254-fe56-3a33-ae34-841574d6fb4e,   -7.959210 ,  -72.941830 ,2023-09-10 18:19:00,Brasil,ACRE,CRUZEIRO DO SUL,Amazônia
 1649792177 ,2c63379a-2297-3d1c-8be3-ab1bba07d826,   -7.956000 ,  -72.916840 ,2023-09-10 18:19:00,Brasil,ACRE,CRUZEIRO DO SUL,Amazônia
 1649792178 ,b98dca36-f547-32b7-b38e-27b64abb1d50,   -7.936970 ,  -72.996300 ,2023-09-10 18:19:00,Brasil,ACRE,RODRIGUES ALVES,Amazônia
 1649792179 ,6cb96160-712b-3320-819a-eda17021d524,   -7.933770 ,  -72.970890 ,2023-09-10 18:19:00,Brasil,ACRE,RODRIGUES ALVES,Amazônia
 1649792180 ,b9d3626d-af54-3c77-a31d-8d87424c2756,   -7.931450 ,  -72.975960 ,2023-09-10 18:19:00,Brasil,ACRE,RODRIGUES ALVES,Amazônia
 1649792181 ,e246736d-eb37-3e48-bea7-42ca20cd7ad9,   -7.928080 ,  -72.950740 ,2023-09-10 18:19:00,Brasil,ACRE,RODRIGUES ALVES,Amazônia
 1649792182 ,b1eeff9d-d6c3-3c2b-9c95-f5cad229e116,   -7.924760 ,  -72.925810 ,2023-09-10 18:19:00,Brasil,ACRE,RODRIGUES ALVES,Amazônia
 1649792183 ,7b2bbddc-3aa8-303e-a6a6-3f839705fc34,   -7.919420 ,  -72.972630 ,2023-09-10 18:19:00,Brasil,ACRE,RODRIGUES ALVES,Amazônia
 1649792184 ,913c3d41-be23-36db-9884-27e045ec7458,   -7.913150 ,  -72.922440 ,2023-09-10 18:19:00,Brasil,ACRE,RODRIGUES ALVES,Amazônia
 1649792189 ,c7c37fa5-9097-3f40-a144-84dd46f69aa4,   -7.629370 ,  -73.324190 ,2023-09-10 18:19:00,Brasil,ACRE,MÂNCIO LIMA,Amazônia
 1649792190 ,d0ff3f84-c732-3982-898d-9397006c5951,   -7.629080 ,  -73.329010 ,2023-09-10 18:19:00,Brasil,ACRE,MÂNCIO LIMA,Amazônia
 1650035815 ,b67ae07e-c8dc-37cb-9598-7c0571548ea9,   -9.950930 ,  -66.753120 ,2023-09-11 19:00:00,Brasil,ACRE,ACRELÂNDIA,Amazônia
 1650035820 ,cdbc0171-72ba-34a1-8d3c-b56c7c639085,   -9.509690 ,  -68.480090 ,2023-09-11 19:00:00,Brasil,ACRE,SENA MADUREIRA,Amazônia
 1650035821 ,a16d3119-795d-35ef-b2e8-4273a11a02e8,   -9.267440 ,  -71.690990 ,2023-09-11 19:00:00,Brasil,ACRE,FEIJÓ,Amazônia
 1650035824 ,cc051754-323d-344c-87fb-9b2cfc1f7e34,   -9.153950 ,  -71.625770 ,2023-09-11 19:00:00,Brasil,ACRE,JORDÃO,Amazônia
 1650035825 ,d5e4ac56-f07e-3ca2-ae31-6bbf73decfee,   -9.152020 ,  -71.613110 ,2023-09-11 19:00:00,Brasil,ACRE,FEIJÓ,Amazônia
 1650035828 ,489d22e2-80b3-36e9-a8f4-bcfaa760d77f,   -9.113920 ,  -72.232750 ,2023-09-11 19:00:00,Brasil,ACRE,MARECHAL THAUMATURGO,Amazônia
 1650035829 ,a17814d9-0368-3406-8e1a-844798b82f2d,   -9.046080 ,  -72.262160 ,2023-09-11 19:00:00,Brasil,ACRE,MARECHAL THAUMATURGO,Amazônia
 1650035830 ,6006f706-7999-33e0-8b7d-ae4bbc307f57,   -9.037190 ,  -72.870850 ,2023-09-11 19:00:00,Brasil,ACRE,MARECHAL THAUMATURGO,Amazônia
 1650035831 ,b0cf78ba-ea43-352a-9d8a-a0a397ce80ec,   -9.022540 ,  -72.774280 ,2023-09-11 19:00:00,Brasil,ACRE,MARECHAL THAUMATURGO,Amazônia
 1650035832 ,55128e1f-e3ff-38f9-82c4-46aa9f7e733c,   -8.991930 ,  -72.834130 ,2023-09-11 19:00:00,Brasil,ACRE,MARECHAL THAUMATURGO,Amazônia
 1650035842 ,2b02dc59-1063-3956-999a-c9d18842ae34,   -8.989490 ,  -72.623140 ,2023-09-11 19:00:00,Brasil,ACRE,MARECHAL THAUMATURGO,Amazônia
 1650035843 ,407d8f73-0d44-3b13-8072-0db75650465d,   -8.987810 ,  -72.612140 ,2023-09-11 19:00:00,Brasil,ACRE,MARECHAL THAUMATURGO,Amazônia
 1650035845 ,3c5b983c-1bbd-3d37-8ea8-ba781766f6b9,   -8.945870 ,  -72.815280 ,2023-09-11 19:00:00,Brasil,ACRE,MARECHAL THAUMATURGO,Amazônia
 1650035846 ,ee764c56-c037-3dc2-b25e-e246dd30fae4,   -8.939240 ,  -72.705350 ,2023-09-11 19:00:00,Brasil,ACRE,MARECHAL THAUMATURGO,Amazônia
 1650035847 ,fd83c850-8d26-30ea-9db6-e2f7b576404a,   -8.929730 ,  -72.839810 ,2023-09-11 19:00:00,Brasil,ACRE,MARECHAL THAUMATURGO,Amazônia
 1650035848 ,13652af3-7a98-3916-8bc9-5826a69aca71,   -8.928090 ,  -72.829080 ,2023-09-11 19:00:00,Brasil,ACRE,MARECHAL THAUMATURGO,Amazônia
 1650035849 ,45dc25af-d83b-3cf2-a722-a8afdd625251,   -8.925750 ,  -72.549170 ,2023-09-11 19:00:00,Brasil,ACRE,MARECHAL THAUMATURGO,Amazônia
 1650035850 ,96f15945-b3c1-32ba-bd4c-f4de9f34f7fc,   -8.818370 ,  -72.774350 ,2023-09-11 19:00:00,Brasil,ACRE,MARECHAL THAUMATURGO,Amazônia
 1650035853 ,701eb26c-0db4-3e35-8fac-63c940d9061c,   -8.605650 ,  -72.936940 ,2023-09-11 19:00:00,Brasil,ACRE,PORTO WALTER,Amazônia
 1650035854 ,866774cc-f713-367a-ad23-283823f8d477,   -8.522350 ,  -72.452360 ,2023-09-11 19:00:00,Brasil,ACRE,PORTO WALTER,Amazônia
 1650035855 ,1e9f4c9b-df71-3bb0-90b5-2771e1627294,   -8.505870 ,  -72.478280 ,2023-09-11 19:00:00,Brasil,ACRE,PORTO WALTER,Amazônia
 1650035856 ,e0ec67a3-bea5-3b29-8a27-fd9c734e7ee0,   -8.500060 ,  -72.373460 ,2023-09-11 19:00:00,Brasil,ACRE,PORTO WALTER,Amazônia
 1650035857 ,75809d05-07c5-3bbb-beab-0a1fbf14ee71,   -8.465110 ,  -72.809710 ,2023-09-11 19:00:00,Brasil,ACRE,PORTO WALTER,Amazônia
 1650035858 ,ba02482c-a64e-38f0-9f0b-b1e42083a38c,   -8.442590 ,  -72.528770 ,2023-09-11 19:00:00,Brasil,ACRE,PORTO WALTER,Amazônia
 1650035859 ,d724b091-a5ef-3a2e-83de-d2a1cd01d734,   -8.409740 ,  -72.580120 ,2023-09-11 19:00:00,Brasil,ACRE,PORTO WALTER,Amazônia
 1650035860 ,fefea5cd-1660-3f4f-be3b-a338d9d5f388,   -8.403310 ,  -72.604160 ,2023-09-11 19:00:00,Brasil,ACRE,PORTO WALTER,Amazônia
 1650035861 ,e5adb6dd-56ce-3383-9ea6-7a8eb64c246e,   -8.393230 ,  -72.816380 ,2023-09-11 19:00:00,Brasil,ACRE,PORTO WALTER,Amazônia
 1650035862 ,c8b6974d-059e-3b80-a78c-721955b1cc23,   -8.391590 ,  -72.805470 ,2023-09-11 19:00:00,Brasil,ACRE,PORTO WALTER,Amazônia
 1650035863 ,ee44be7c-2914-3adb-91bc-27719015f61a,   -8.391130 ,  -72.601290 ,2023-09-11 19:00:00,Brasil,ACRE,PORTO WALTER,Amazônia
 1650035864 ,a9ff59f0-12b9-355c-bbc8-969d293ca585,   -8.293370 ,  -72.826520 ,2023-09-11 19:00:00,Brasil,ACRE,PORTO WALTER,Amazônia
 1650035865 ,f2199c40-12a6-31bb-bd7b-d6efea116996,   -8.291710 ,  -72.815610 ,2023-09-11 19:00:00,Brasil,ACRE,PORTO WALTER,Amazônia
 1650035866 ,0c0476c8-d38d-30f5-be8b-f2b46ef26c6d,   -8.257520 ,  -72.523450 ,2023-09-11 19:00:00,Brasil,ACRE,PORTO WALTER,Amazônia
 1650035867 ,86626da3-4c26-316c-8f0f-fa4774ade981,   -8.249070 ,  -73.082470 ,2023-09-11 19:00:00,Brasil,ACRE,CRUZEIRO DO SUL,Amazônia
 1650035868 ,98418da4-afec-3ebf-8708-9c01350c64eb,   -8.236190 ,  -73.127810 ,2023-09-11 19:00:00,Brasil,ACRE,CRUZEIRO DO SUL,Amazônia
 1650035869 ,7bf169a0-ea75-3513-a059-e76fa54f0fb2,   -8.234590 ,  -73.117260 ,2023-09-11 19:00:00,Brasil,ACRE,CRUZEIRO DO SUL,Amazônia
 1650035870 ,cd3a9856-9b70-3786-95b8-2214582c75f4,   -8.231360 ,  -73.160870 ,2023-09-11 19:00:00,Brasil,ACRE,CRUZEIRO DO SUL,Amazônia
 1650035871 ,4101de90-a558-3060-851c-b07ea3719c48,   -8.229770 ,  -73.150360 ,2023-09-11 19:00:00,Brasil,ACRE,CRUZEIRO DO SUL,Amazônia
 1650035872 ,9848a214-d672-3c76-a362-d9ed23861e0f,   -8.223200 ,  -72.844210 ,2023-09-11 19:00:00,Brasil,ACRE,PORTO WALTER,Amazônia
 1650035873 ,2da64808-2ede-3d36-8411-012f8f2384c9,   -8.221550 ,  -72.833280 ,2023-09-11 19:00:00,Brasil,ACRE,PORTO WALTER,Amazônia
 1650035874 ,7225b696-87ef-3f3c-a7a3-6d6d9aae2aff,   -8.200450 ,  -72.892300 ,2023-09-11 19:00:00,Brasil,ACRE,PORTO WALTER,Amazônia
 1650035875 ,d5772425-6f6e-3665-b032-ba6d7ee3f057,   -8.198800 ,  -72.881420 ,2023-09-11 19:00:00,Brasil,ACRE,PORTO WALTER,Amazônia
 1650035876 ,0c0dea94-746e-3730-9517-3de02b355b29,   -8.187760 ,  -72.541170 ,2023-09-11 19:00:00,Brasil,ACRE,CRUZEIRO DO SUL,Amazônia
 1650035877 ,1e5f7682-6d9e-3577-a969-950fdc4c1de7,   -8.177320 ,  -72.806360 ,2023-09-11 19:00:00,Brasil,ACRE,PORTO WALTER,Amazônia
 1650035878 ,626ae62e-7507-3f06-b20c-e3a52dfb5057,   -8.052480 ,  -69.910980 ,2023-09-11 19:00:00,Brasil,ACRE,FEIJÓ,Amazônia
 1650035879 ,298992fd-95a9-3fbd-94bf-220f521a1fa2,   -8.049900 ,  -69.916920 ,2023-09-11 19:00:00,Brasil,ACRE,FEIJÓ,Amazônia
 1650035880 ,e38aceb7-990d-3609-9651-be6b1cf98b85,   -7.984230 ,  -72.955020 ,2023-09-11 19:00:00,Brasil,ACRE,CRUZEIRO DO SUL,Amazônia
 1650035881 ,3cb9291f-9322-3159-8a48-bdf9c22cb26a,   -7.974480 ,  -72.956600 ,2023-09-11 19:00:00,Brasil,ACRE,CRUZEIRO DO SUL,Amazônia
 1650035882 ,7e217c59-5e13-366e-911c-895de0afaf7f,   -7.972860 ,  -72.945700 ,2023-09-11 19:00:00,Brasil,ACRE,CRUZEIRO DO SUL,Amazônia
 1650035883 ,22cf09eb-7c44-3e35-a7ff-b28a03f76bc2,   -7.971230 ,  -72.934760 ,2023-09-11 19:00:00,Brasil,ACRE,CRUZEIRO DO SUL,Amazônia
 1650035884 ,74df6040-bbb0-36b1-ad8f-423e282475f6,   -7.944880 ,  -72.758510 ,2023-09-11 19:00:00,Brasil,ACRE,CRUZEIRO DO SUL,Amazônia
 1650035885 ,b4ffdb2c-3719-3cab-b8be-fb2573549d46,   -7.938730 ,  -72.984180 ,2023-09-11 19:00:00,Brasil,ACRE,RODRIGUES ALVES,Amazônia
 1650035886 ,f00b1682-5e17-367a-93ae-67a378a8938f,   -7.937150 ,  -73.263320 ,2023-09-11 19:00:00,Brasil,ACRE,RODRIGUES ALVES,Amazônia
 1650035887 ,1a9ab41f-6175-3016-8765-2dd99ef82ca0,   -7.917300 ,  -69.981410 ,2023-09-11 19:00:00,Brasil,ACRE,FEIJÓ,Amazônia
 1650035888 ,22016c74-2a47-3be8-a600-3333e5d705ce,   -7.900520 ,  -73.215300 ,2023-09-11 19:00:00,Brasil,ACRE,RODRIGUES ALVES,Amazônia
 1650035889 ,e1bc77dd-029b-32f2-aee3-73874aec0dff,   -7.884970 ,  -70.116100 ,2023-09-11 19:00:00,Brasil,ACRE,FEIJÓ,Amazônia
 1650035890 ,7182c8e2-ac50-37f5-8eff-5d1825e68ca0,   -7.876590 ,  -72.989620 ,2023-09-11 19:00:00,Brasil,ACRE,RODRIGUES ALVES,Amazônia
 1650035891 ,6fcfc7d6-71b8-3a84-be94-f4c3d3684fe8,   -7.874970 ,  -72.978800 ,2023-09-11 19:00:00,Brasil,ACRE,RODRIGUES ALVES,Amazônia
 1650035892 ,a6c96578-5572-3e3b-83b3-9227bdf2299e,   -7.867020 ,  -73.407200 ,2023-09-11 19:00:00,Brasil,ACRE,RODRIGUES ALVES,Amazônia
 1650035893 ,e8a29282-46ef-3f36-a0d4-4ea71786da46,   -7.860550 ,  -73.429210 ,2023-09-11 19:00:00,Brasil,ACRE,RODRIGUES ALVES,Amazônia
 1650035894 ,c3702d03-2494-3651-a71f-c3015d5eff7a,   -7.859020 ,  -73.418940 ,2023-09-11 19:00:00,Brasil,ACRE,RODRIGUES ALVES,Amazônia
 1650035895 ,e4329b4c-293c-3de0-b60a-156601f64010,   -7.795660 ,  -73.386460 ,2023-09-11 19:00:00,Brasil,ACRE,RODRIGUES ALVES,Amazônia
 1650035896 ,11c041ac-fa72-37d0-8ba8-fb909a0b54d2,   -7.794100 ,  -73.376130 ,2023-09-11 19:00:00,Brasil,ACRE,RODRIGUES ALVES,Amazônia
 1650035899 ,ae8d82da-b2d8-3858-9843-75ab26d2a680,   -7.692350 ,  -72.775960 ,2023-09-11 19:00:00,Brasil,ACRE,CRUZEIRO DO SUL,Amazônia
 1650251876 ,90fc88d0-9ec5-399f-bb47-8d23ccd8ae44,   -9.290120 ,  -71.960550 ,2023-09-12 18:04:00,Brasil,ACRE,JORDÃO,Amazônia
 1650251878 ,a1b13b25-a395-3206-93f0-32b4c3475f34,   -9.288440 ,  -71.957090 ,2023-09-12 18:04:00,Brasil,ACRE,JORDÃO,Amazônia
 1650251929 ,5d519950-ce33-3bb6-a6cf-e3f6ae286116,   -9.142980 ,  -71.943250 ,2023-09-12 18:04:00,Brasil,ACRE,JORDÃO,Amazônia
 1650251930 ,705f99fd-8ea6-3b54-961b-e43b2df945bb,   -9.140810 ,  -69.139490 ,2023-09-12 18:04:00,Brasil,ACRE,SENA MADUREIRA,Amazônia
 1650251931 ,2e5d93d0-a392-3d38-896c-0e818dc0a8b5,   -9.139290 ,  -69.144490 ,2023-09-12 18:04:00,Brasil,ACRE,SENA MADUREIRA,Amazônia
 1650251939 ,46e4bd54-c064-3706-8517-b152687147e9,   -9.112240 ,  -70.767590 ,2023-09-12 18:04:00,Brasil,ACRE,FEIJÓ,Amazônia
 1650251948 ,5711c5e4-22e1-3134-91a4-af038f3810a7,   -9.055040 ,  -70.704770 ,2023-09-12 18:04:00,Brasil,ACRE,FEIJÓ,Amazônia
 1650251950 ,28e5ed27-56a5-3744-9b25-bb2969e1fb70,   -9.021000 ,  -69.524590 ,2023-09-12 18:04:00,Brasil,ACRE,MANOEL URBANO,Amazônia
 1650251961 ,01b1fc78-d9af-3acc-bf67-da48f884fc20,   -8.826420 ,  -71.074390 ,2023-09-12 18:04:00,Brasil,ACRE,FEIJÓ,Amazônia
 1650251962 ,fe5e479f-d7c4-3990-bcff-2b66331d14f1,   -8.821810 ,  -71.078620 ,2023-09-12 18:04:00,Brasil,ACRE,FEIJÓ,Amazônia
 1650251974 ,f239acc1-832f-34fc-b271-7121b35f87b7,   -8.664940 ,  -70.680690 ,2023-09-12 18:04:00,Brasil,ACRE,FEIJÓ,Amazônia
 1650251975 ,d73ab3c6-74c2-363c-847f-c8f62725156b,   -8.657650 ,  -70.686050 ,2023-09-12 18:04:00,Brasil,ACRE,FEIJÓ,Amazônia
 1650251990 ,709c451a-990d-3676-87c2-051efbbf7f59,   -8.047540 ,  -69.972720 ,2023-09-12 18:04:00,Brasil,ACRE,FEIJÓ,Amazônia
 1650252277 ,a1c1e54e-7ef2-3b4f-9d41-fbedb1d39937,  -11.000900 ,  -68.371980 ,2023-09-12 18:04:00,Brasil,ACRE,XAPURI,Amazônia
 1650252280 ,108e9552-49c3-32c3-854b-e55f982d4d60,  -10.992640 ,  -68.355290 ,2023-09-12 18:04:00,Brasil,ACRE,XAPURI,Amazônia
 1650252283 ,b818e958-0d68-396e-b0df-e516e2944be4,  -10.931490 ,  -68.436350 ,2023-09-12 18:04:00,Brasil,ACRE,EPITACIOLÂNDIA,Amazônia
 1650252284 ,84f906cf-9c2b-3d3d-900b-bd6b878f75be,  -10.928540 ,  -68.412220 ,2023-09-12 18:04:00,Brasil,ACRE,XAPURI,Amazônia
 1650252298 ,b92757fb-de61-330f-99be-45500dd73d10,  -10.627340 ,  -68.803810 ,2023-09-12 18:04:00,Brasil,ACRE,XAPURI,Amazônia
 1650252303 ,db641113-c524-3e38-afbc-3fcc75436007,  -10.553400 ,  -68.587640 ,2023-09-12 18:04:00,Brasil,ACRE,XAPURI,Amazônia
 1650252304 ,ec7b8837-b143-3352-937e-de383e123bb6,  -10.550240 ,  -68.562900 ,2023-09-12 18:04:00,Brasil,ACRE,XAPURI,Amazônia
 1650252305 ,7ee6799a-4c1e-3303-851e-4535fe56917f,  -10.550160 ,  -69.031650 ,2023-09-12 18:04:00,Brasil,ACRE,XAPURI,Amazônia
 1650252307 ,779eda30-7ee1-35c2-ab33-a2f7b875cc6a,  -10.542690 ,  -68.584090 ,2023-09-12 18:04:00,Brasil,ACRE,XAPURI,Amazônia
 1650252309 ,358f5d73-13ac-3e8a-a826-2fb8ab7587bb,  -10.539730 ,  -68.559310 ,2023-09-12 18:04:00,Brasil,ACRE,XAPURI,Amazônia
 1650252311 ,0e34cc40-fd0f-392c-9273-ca927e9f632e,  -10.480030 ,  -68.232930 ,2023-09-12 18:04:00,Brasil,ACRE,XAPURI,Amazônia
 1650252313 ,88a91309-7bbe-36da-93b4-d3489f2bd5a6,  -10.477130 ,  -68.209990 ,2023-09-12 18:04:00,Brasil,ACRE,XAPURI,Amazônia
 1650252314 ,1340222e-b2ff-3662-bedb-104385c9033c,  -10.472360 ,  -68.113240 ,2023-09-12 18:04:00,Brasil,ACRE,XAPURI,Amazônia
 1650252316 ,11ee971b-f2cf-3b10-97fb-9369e9fc0afb,  -10.470710 ,  -68.050480 ,2023-09-12 18:04:00,Brasil,ACRE,XAPURI,Amazônia
 1650252317 ,1cc01111-3a38-3bb7-9849-9f0e6f7582b5,  -10.465620 ,  -68.118960 ,2023-09-12 18:04:00,Brasil,ACRE,XAPURI,Amazônia
 1650252318 ,1173c1a6-0229-334d-98fe-09ec5e28ff29,  -10.464340 ,  -68.046280 ,2023-09-12 18:04:00,Brasil,ACRE,CAPIXABA,Amazônia
 1650252349 ,b00e2733-b44f-3f0e-93f1-52d669ca9537,  -10.177610 ,  -68.609130 ,2023-09-12 18:04:00,Brasil,ACRE,RIO BRANCO,Amazônia
 1650252350 ,7b952317-aca9-3b35-8af0-ac705b313ee1,  -10.167380 ,  -68.605770 ,2023-09-12 18:04:00,Brasil,ACRE,RIO BRANCO,Amazônia
 1650252598 ,d56b9c17-0450-3429-9ec7-0d5a67f6c781,   -9.771680 ,  -68.004290 ,2023-09-12 18:04:00,Brasil,ACRE,BUJARI,Amazônia
 1650252599 ,30117ebd-c30f-36e4-a97a-33f0b7eb3b38,   -9.760430 ,  -67.988930 ,2023-09-12 18:04:00,Brasil,ACRE,BUJARI,Amazônia
 1650252630 ,20395d5c-4121-3ed4-a3c7-2a26354f7df7,   -9.477980 ,  -68.569820 ,2023-09-12 18:04:00,Brasil,ACRE,SENA MADUREIRA,Amazônia
 1650252631 ,0dae7782-4f64-325f-96f6-4496a290bd83,   -9.472980 ,  -68.575520 ,2023-09-12 18:04:00,Brasil,ACRE,SENA MADUREIRA,Amazônia
 1650405895 ,c9c3f8a5-7f9f-3720-9ab5-6ffe54061742,   -9.671170 ,  -68.722890 ,2023-09-13 18:45:00,Brasil,ACRE,SENA MADUREIRA,Amazônia
 1650405896 ,bf9a1ecf-5844-3ae8-8230-b95f3a3f81de,   -9.619660 ,  -68.650960 ,2023-09-13 18:45:00,Brasil,ACRE,RIO BRANCO,Amazônia
 1650405897 ,db9b5718-5c61-33b6-a51f-dbff00d7a75f,   -9.617900 ,  -68.639670 ,2023-09-13 18:45:00,Brasil,ACRE,RIO BRANCO,Amazônia
 1650405898 ,adeda492-262e-3abe-8386-c7b3f0a85718,  -10.570560 ,  -68.184610 ,2023-09-13 18:45:00,Brasil,ACRE,XAPURI,Amazônia
 1650405899 ,cf7ab38a-271a-382f-b610-fe4af4c45b52,  -10.990140 ,  -68.782740 ,2023-09-13 18:45:00,Brasil,ACRE,BRASILÉIA,Amazônia
 1650405900 ,770058f5-4d9c-3a63-89d9-89bd95537ebc,  -10.980500 ,  -68.784340 ,2023-09-13 18:45:00,Brasil,ACRE,BRASILÉIA,Amazônia
 1650405902 ,98595ffd-dd7d-3c94-9720-1fdbe7db8cfe,  -10.957770 ,  -68.700000 ,2023-09-13 18:45:00,Brasil,ACRE,BRASILÉIA,Amazônia
 1650405903 ,1a2d08ea-f419-3b6f-8e3a-e74b14914b37,  -10.825640 ,  -68.639140 ,2023-09-13 18:45:00,Brasil,ACRE,EPITACIOLÂNDIA,Amazônia
 1650406188 ,6d1a8fb0-dafe-320d-9097-a4fa879a8c65,   -8.765180 ,  -69.503040 ,2023-09-13 18:47:00,Brasil,ACRE,MANOEL URBANO,Amazônia
 1650406189 ,7b8a971d-f69e-3759-a49a-5cd59e9d5c3c,   -8.692680 ,  -69.821250 ,2023-09-13 18:47:00,Brasil,ACRE,FEIJÓ,Amazônia
 1650406190 ,6d636001-787e-3e84-ae5c-b04b61e6b33e,   -8.631460 ,  -69.775790 ,2023-09-13 18:47:00,Brasil,ACRE,FEIJÓ,Amazônia
 1650406191 ,8a739de9-2a59-3a8b-858e-ca2b1cb8e226,   -8.615660 ,  -69.798760 ,2023-09-13 18:47:00,Brasil,ACRE,FEIJÓ,Amazônia
 1650406192 ,8c2a4302-c0d0-350c-bbdf-443e826134bc,   -8.558290 ,  -70.026380 ,2023-09-13 18:47:00,Brasil,ACRE,FEIJÓ,Amazônia
 1650406193 ,3e87176e-c25d-3368-8d77-c39824604020,   -8.440180 ,  -70.216370 ,2023-09-13 18:47:00,Brasil,ACRE,FEIJÓ,Amazônia
 1650406194 ,0fc563e5-d07b-3453-9a77-77388d1a450c,   -8.438750 ,  -70.206680 ,2023-09-13 18:47:00,Brasil,ACRE,FEIJÓ,Amazônia
 1650406195 ,27b730bd-c91a-39a2-bd83-86b886dfe93b,   -8.413900 ,  -70.230330 ,2023-09-13 18:47:00,Brasil,ACRE,FEIJÓ,Amazônia
 1650406196 ,5bb72bf2-9b2b-359a-aa77-1d12128f5201,   -8.404670 ,  -70.231770 ,2023-09-13 18:47:00,Brasil,ACRE,FEIJÓ,Amazônia
 1650406197 ,d98e6042-341c-34cb-b60c-db6372b64f07,   -8.403230 ,  -70.222090 ,2023-09-13 18:47:00,Brasil,ACRE,FEIJÓ,Amazônia
 1650406198 ,30e520b9-9194-3a3f-9ba4-aeddf1a73cc5,   -8.393980 ,  -70.223500 ,2023-09-13 18:47:00,Brasil,ACRE,FEIJÓ,Amazônia
 1650406199 ,3a405c91-fca6-3292-93f0-87c6b5bf4cc7,   -8.391630 ,  -70.144370 ,2023-09-13 18:47:00,Brasil,ACRE,FEIJÓ,Amazônia
 1650406200 ,16990322-ff4e-3bc1-911c-f94992700131,   -8.380900 ,  -70.136040 ,2023-09-13 18:47:00,Brasil,ACRE,FEIJÓ,Amazônia
 1650406201 ,b9c86553-d333-3dec-a21a-0ed280b39336,   -7.977400 ,  -70.031360 ,2023-09-13 18:47:00,Brasil,ACRE,FEIJÓ,Amazônia
 1650406202 ,194e01af-68e8-337d-8444-a0be1ad3e227,   -9.375820 ,  -70.439970 ,2023-09-13 18:45:00,Brasil,ACRE,SANTA ROSA DO PURUS,Amazônia
 1650406203 ,a9b24f9c-cd0e-3b2e-932c-ee5a31a5b44e,  -10.556690 ,  -69.225420 ,2023-09-13 18:45:00,Brasil,ACRE,BRASILÉIA,Amazônia
 1650406204 ,fc6eedf9-4755-39f1-bf21-b7a784b1e7b9,  -10.555130 ,  -69.215150 ,2023-09-13 18:45:00,Brasil,ACRE,BRASILÉIA,Amazônia
 1650406205 ,059430cd-63ff-36ed-9b9f-3839c993096c,  -10.505520 ,  -69.364230 ,2023-09-13 18:45:00,Brasil,ACRE,BRASILÉIA,Amazônia
 1650406206 ,4f646231-cb25-3162-80a7-7d4ecfb238ee,  -10.293360 ,  -69.179800 ,2023-09-13 18:45:00,Brasil,ACRE,RIO BRANCO,Amazônia
 1650406213 ,89b410d4-3de0-3759-af5d-d71e33445b3c,   -8.032800 ,  -70.273450 ,2023-09-13 18:47:00,Brasil,ACRE,FEIJÓ,Amazônia
 1650406214 ,704dcdfe-4842-3cfd-bb73-b62fa8f26ef2,   -8.031350 ,  -70.263760 ,2023-09-13 18:47:00,Brasil,ACRE,FEIJÓ,Amazônia
 1650406215 ,b7ccf57d-055c-385d-8d96-689756a2d17b,   -8.027000 ,  -70.234670 ,2023-09-13 18:47:00,Brasil,ACRE,FEIJÓ,Amazônia
 1650406216 ,c0d212f7-1c4a-3f41-9cde-ab972e674da6,   -7.948810 ,  -70.332470 ,2023-09-13 18:47:00,Brasil,ACRE,FEIJÓ,Amazônia
 1650406219 ,0cca7230-f1fd-394a-8d8d-af5caf50a42c,   -9.240860 ,  -71.916440 ,2023-09-13 18:45:00,Brasil,ACRE,JORDÃO,Amazônia
 1650406220 ,11bf2811-c630-3160-b7d1-e68f8523ed26,   -9.210350 ,  -71.957680 ,2023-09-13 18:47:00,Brasil,ACRE,JORDÃO,Amazônia
 1650406221 ,8f8b12d7-3608-3eec-b367-9e6932af4c98,   -9.210060 ,  -71.829260 ,2023-09-13 18:47:00,Brasil,ACRE,JORDÃO,Amazônia
 1650406222 ,f1b8f37c-8a7b-33bb-95db-12510b761fa6,   -9.209060 ,  -71.948690 ,2023-09-13 18:47:00,Brasil,ACRE,JORDÃO,Amazônia
 1650406224 ,37fd3d5e-818e-32c6-a0ce-f9393147063c,   -9.432140 ,  -70.578240 ,2023-09-13 18:45:00,Brasil,ACRE,SANTA ROSA DO PURUS,Amazônia
 1650406225 ,5c97f1a7-fa5c-326d-b5b1-44dca1f64c5b,   -9.430750 ,  -70.568940 ,2023-09-13 18:45:00,Brasil,ACRE,SANTA ROSA DO PURUS,Amazônia
 1650406226 ,f02a17b5-5495-31fe-a196-8713de2e6dec,   -9.166640 ,  -70.775700 ,2023-09-13 18:45:00,Brasil,ACRE,FEIJÓ,Amazônia
 1650406227 ,f3483130-5068-36ef-8f0a-63620e2d556e,   -9.165290 ,  -70.766500 ,2023-09-13 18:45:00,Brasil,ACRE,FEIJÓ,Amazônia
 1650406228 ,ffeae0f6-9d5b-3a9c-ba26-b97ea8017467,   -9.097450 ,  -70.682300 ,2023-09-13 18:45:00,Brasil,ACRE,FEIJÓ,Amazônia
 1650406229 ,6fff32c1-a8ca-3ca7-9af6-6d997dfdde07,   -8.455060 ,  -70.381090 ,2023-09-13 18:47:00,Brasil,ACRE,FEIJÓ,Amazônia
 1650406230 ,67b785ef-6330-3f4a-a0bd-e908d68ff51d,   -8.385620 ,  -70.475980 ,2023-09-13 18:47:00,Brasil,ACRE,FEIJÓ,Amazônia
 1650406231 ,c1977324-623b-3c0a-b93e-12dc093a58d6,   -8.376470 ,  -70.477360 ,2023-09-13 18:47:00,Brasil,ACRE,FEIJÓ,Amazônia
 1650406232 ,54fbd814-1e96-3a45-ada9-25b0258fb75e,   -8.375070 ,  -70.467890 ,2023-09-13 18:47:00,Brasil,ACRE,FEIJÓ,Amazônia
 1650406233 ,98360750-eb5d-32cb-94ea-30bd90fe031a,   -8.370620 ,  -70.256690 ,2023-09-13 18:47:00,Brasil,ACRE,FEIJÓ,Amazônia
 1650406234 ,6cd4a458-3cc7-33d2-8392-42e45b4d3c80,   -8.337630 ,  -70.278170 ,2023-09-13 18:47:00,Brasil,ACRE,FEIJÓ,Amazônia
 1650406235 ,ffd8bfb8-b044-3de0-a94b-5638b8c63367,   -8.268190 ,  -71.057590 ,2023-09-13 18:47:00,Brasil,ACRE,TARAUACÁ,Amazônia
 1650406236 ,97642287-3498-3432-b515-210c980dc8d8,   -8.267230 ,  -71.113830 ,2023-09-13 18:47:00,Brasil,ACRE,TARAUACÁ,Amazônia
 1650406237 ,89cb43a3-1456-3ab2-b7b3-ca1037548f43,   -8.266850 ,  -71.048440 ,2023-09-13 18:47:00,Brasil,ACRE,TARAUACÁ,Amazônia
 1650406238 ,e89c1384-d5d4-3509-8623-dbd280384845,   -8.255940 ,  -71.162140 ,2023-09-13 18:47:00,Brasil,ACRE,TARAUACÁ,Amazônia
 1650406239 ,cfb6e088-c250-331a-a1b0-14c0088bf6eb,   -8.254600 ,  -71.153020 ,2023-09-13 18:47:00,Brasil,ACRE,TARAUACÁ,Amazônia
 1650406240 ,4c50ba25-67d2-374f-bdab-02f9c49e9806,   -8.230390 ,  -70.988390 ,2023-09-13 18:47:00,Brasil,ACRE,TARAUACÁ,Amazônia
 1650406241 ,b62536b0-3bd9-3ec2-8377-946421c8d623,   -8.211340 ,  -70.859260 ,2023-09-13 18:47:00,Brasil,ACRE,TARAUACÁ,Amazônia
 1650406242 ,0484aa20-5bea-375c-89ca-f87f26994eae,   -8.133200 ,  -71.332000 ,2023-09-13 18:47:00,Brasil,ACRE,TARAUACÁ,Amazônia
 1650406243 ,d50dbe8d-fbea-3eaf-abd9-0e145f658084,   -8.131880 ,  -71.322940 ,2023-09-13 18:47:00,Brasil,ACRE,TARAUACÁ,Amazônia
 1650406244 ,2b2ce6ad-3c64-3234-9223-5225782fe3f6,   -8.112320 ,  -71.251700 ,2023-09-13 18:47:00,Brasil,ACRE,TARAUACÁ,Amazônia
 1650406245 ,37060e7f-a2f1-3646-b84d-8261773bd30c,   -8.111000 ,  -71.242610 ,2023-09-13 18:47:00,Brasil,ACRE,TARAUACÁ,Amazônia
 1650406246 ,132a6352-77a1-35a0-a99a-95ffd43da2ba,   -8.049170 ,  -71.571430 ,2023-09-13 18:47:00,Brasil,ACRE,TARAUACÁ,Amazônia
 1650406247 ,98d18fcf-983d-3638-8550-b6efa9413cbd,   -8.044190 ,  -71.038020 ,2023-09-13 18:47:00,Brasil,ACRE,TARAUACÁ,Amazônia
 1650406248 ,99b2f58e-2ac6-3783-b679-18e09d8cc38b,   -8.800510 ,  -71.043270 ,2023-09-13 18:47:00,Brasil,ACRE,FEIJÓ,Amazônia
 1650406249 ,b16a1c63-f876-3b00-a955-d8c39458349f,   -8.780650 ,  -71.157870 ,2023-09-13 18:47:00,Brasil,ACRE,TARAUACÁ,Amazônia
 1650406250 ,ee670f66-0cd3-39c0-a379-26905ead73b3,   -8.779310 ,  -71.148780 ,2023-09-13 18:47:00,Brasil,ACRE,TARAUACÁ,Amazônia
 1650406251 ,2387178d-437e-3e60-b146-b4680d09ad5c,   -8.604990 ,  -70.841310 ,2023-09-13 18:47:00,Brasil,ACRE,TARAUACÁ,Amazônia
 1650406252 ,ebec0b9d-4adf-3779-8631-a40fbfb3912b,   -8.575640 ,  -70.892790 ,2023-09-13 18:47:00,Brasil,ACRE,TARAUACÁ,Amazônia
 1650406253 ,660057f5-4777-3b47-967d-be036cc94815,   -8.574280 ,  -70.883600 ,2023-09-13 18:47:00,Brasil,ACRE,TARAUACÁ,Amazônia
 1650406254 ,481a0d58-102b-32b0-b500-608a15bc0a57,   -8.538800 ,  -70.951030 ,2023-09-13 18:47:00,Brasil,ACRE,TARAUACÁ,Amazônia
 1650406255 ,bffa387c-321b-38e2-9811-9cf265e66584,   -8.520770 ,  -70.953730 ,2023-09-13 18:47:00,Brasil,ACRE,TARAUACÁ,Amazônia
 1650406256 ,d66f8e63-a009-3139-bcb3-b05745781626,   -8.517640 ,  -70.869550 ,2023-09-13 18:47:00,Brasil,ACRE,TARAUACÁ,Amazônia
 1650406257 ,60092233-cbe2-3dc5-8955-c4d72941acbe,   -8.516290 ,  -70.860350 ,2023-09-13 18:47:00,Brasil,ACRE,TARAUACÁ,Amazônia
 1650406258 ,23fe4e0d-7796-366e-8f73-87566d67cb02,   -8.499100 ,  -70.806300 ,2023-09-13 18:47:00,Brasil,ACRE,TARAUACÁ,Amazônia
 1650406259 ,6ed2f7a7-78e2-3841-802f-a3b146d08835,   -8.493260 ,  -70.892120 ,2023-09-13 18:47:00,Brasil,ACRE,TARAUACÁ,Amazônia
 1650406260 ,a8e60f9c-d7a5-3f6b-bafe-fb6d4d3b3bfb,   -8.491900 ,  -70.882900 ,2023-09-13 18:47:00,Brasil,ACRE,TARAUACÁ,Amazônia
 1650406261 ,126fa84f-0909-30aa-80a6-72c547694502,   -8.473830 ,  -70.885640 ,2023-09-13 18:47:00,Brasil,ACRE,TARAUACÁ,Amazônia
 1650406262 ,8ec49172-6bc4-3bd9-a2b1-6381640d1e39,   -8.463430 ,  -70.877760 ,2023-09-13 18:47:00,Brasil,ACRE,TARAUACÁ,Amazônia
 1650406263 ,f6fcc4f6-acba-33b7-93c9-f707789c78be,   -8.462060 ,  -70.868540 ,2023-09-13 18:47:00,Brasil,ACRE,TARAUACÁ,Amazônia
 1650406264 ,a4cd5707-a6db-38f6-86b1-e84b09d599fb,   -8.454040 ,  -71.444050 ,2023-09-13 18:47:00,Brasil,ACRE,TARAUACÁ,Amazônia
 1650406265 ,1e7a5b6d-e4a8-3e58-b9c0-6b37f373859f,   -8.452720 ,  -71.435040 ,2023-09-13 18:47:00,Brasil,ACRE,TARAUACÁ,Amazônia
 1650406266 ,2ef2c8a6-1868-3c41-8592-fbd439120121,   -8.388060 ,  -71.116980 ,2023-09-13 18:47:00,Brasil,ACRE,TARAUACÁ,Amazônia
 1650406267 ,690fcefe-6a58-338f-aea5-bc12a56b09e6,   -8.340040 ,  -71.040150 ,2023-09-13 18:47:00,Brasil,ACRE,TARAUACÁ,Amazônia
 1650406268 ,da5d9599-1469-3aaf-840c-2f52c2f08349,   -8.338690 ,  -71.030980 ,2023-09-13 18:47:00,Brasil,ACRE,TARAUACÁ,Amazônia
 1650406269 ,df443e66-3476-31f8-8475-3ac86d0553ea,   -8.313460 ,  -70.922160 ,2023-09-13 18:47:00,Brasil,ACRE,TARAUACÁ,Amazônia
 1650406270 ,179054bb-a57c-33c4-a382-3a96c1c8291d,   -8.309410 ,  -71.082150 ,2023-09-13 18:47:00,Brasil,ACRE,TARAUACÁ,Amazônia
 1650406271 ,c0cb15bb-6396-3b76-bb38-bd5f798f32a8,   -8.308070 ,  -71.073010 ,2023-09-13 18:47:00,Brasil,ACRE,TARAUACÁ,Amazônia
 1650406272 ,9e4f4294-be94-3fd9-bb20-5f68d99cd89d,   -9.677490 ,  -71.428790 ,2023-09-13 18:45:00,Brasil,ACRE,FEIJÓ,Amazônia
 1650406273 ,6e0b6c82-bd54-3952-9434-cc241235e653,   -9.676180 ,  -71.419780 ,2023-09-13 18:45:00,Brasil,ACRE,FEIJÓ,Amazônia
 1650406299 ,fdc4a52f-dd67-342a-9495-3f267938e912,   -7.875630 ,  -72.860760 ,2023-09-13 18:47:00,Brasil,ACRE,RODRIGUES ALVES,Amazônia
 1650406300 ,e8b20c10-97ce-3348-a184-399f537a630c,   -7.874330 ,  -72.851650 ,2023-09-13 18:47:00,Brasil,ACRE,RODRIGUES ALVES,Amazônia
 1650406301 ,895f8ec9-bfae-37ba-8826-544d6e0d09eb,   -7.863940 ,  -72.778920 ,2023-09-13 18:47:00,Brasil,ACRE,RODRIGUES ALVES,Amazônia
 1650406302 ,f5a887f0-b25b-3d9a-b96d-8856cb977817,   -7.840330 ,  -73.068640 ,2023-09-13 18:47:00,Brasil,ACRE,RODRIGUES ALVES,Amazônia
 1650406303 ,6388bae9-915a-3c82-97a2-cbe2648a5e0b,   -7.839660 ,  -72.866000 ,2023-09-13 18:47:00,Brasil,ACRE,RODRIGUES ALVES,Amazônia
 1650406304 ,0b09cedc-1170-38ec-9b77-99eaac2bd8ad,   -7.836390 ,  -73.041070 ,2023-09-13 18:47:00,Brasil,ACRE,RODRIGUES ALVES,Amazônia
 1650406305 ,8cd325e0-b2e9-3fe2-b01a-062682823ea2,   -7.835070 ,  -73.031880 ,2023-09-13 18:47:00,Brasil,ACRE,RODRIGUES ALVES,Amazônia
 1650406306 ,c7bf193b-21c4-3965-b3be-3dd912fb1251,   -7.828330 ,  -72.920660 ,2023-09-13 18:47:00,Brasil,ACRE,RODRIGUES ALVES,Amazônia
 1650406307 ,dab69e43-2c4a-3090-8c68-91671b4dbf23,   -7.827020 ,  -72.911530 ,2023-09-13 18:47:00,Brasil,ACRE,RODRIGUES ALVES,Amazônia
 1650406308 ,3124a912-4031-3664-8f59-3fc6a87325b9,   -7.816860 ,  -72.969000 ,2023-09-13 18:47:00,Brasil,ACRE,RODRIGUES ALVES,Amazônia
 1650406309 ,2dda9992-e008-3083-b5e0-9b3b3e738cb0,   -7.812620 ,  -72.811330 ,2023-09-13 18:47:00,Brasil,ACRE,RODRIGUES ALVES,Amazônia
 1650406310 ,2b1bd0e8-f737-33f3-be94-7d1af0b9604a,   -7.811320 ,  -72.802250 ,2023-09-13 18:47:00,Brasil,ACRE,RODRIGUES ALVES,Amazônia
 1650406311 ,0cbcb5bc-aae1-3bfc-b1d0-55c18c5507cd,   -7.807550 ,  -72.839910 ,2023-09-13 18:47:00,Brasil,ACRE,RODRIGUES ALVES,Amazônia
 1650406312 ,52f1d1eb-d0b5-31c3-ad3c-73a6f376609f,   -7.806250 ,  -72.830810 ,2023-09-13 18:47:00,Brasil,ACRE,RODRIGUES ALVES,Amazônia
 1650406313 ,3fb2cdc6-260a-3beb-a56e-00262697922c,   -7.795960 ,  -72.823040 ,2023-09-13 18:47:00,Brasil,ACRE,RODRIGUES ALVES,Amazônia
 1650406314 ,3ca616ab-0de4-3b03-b11d-df513a0bef51,   -7.779400 ,  -72.899830 ,2023-09-13 18:47:00,Brasil,ACRE,RODRIGUES ALVES,Amazônia
 1650406315 ,1e703624-b0f4-3231-961e-ab6e15ff1b0d,   -7.770400 ,  -72.901120 ,2023-09-13 18:47:00,Brasil,ACRE,RODRIGUES ALVES,Amazônia
 1650406316 ,fed00010-944a-3143-9828-4a23475e0753,   -7.769100 ,  -72.892010 ,2023-09-13 18:47:00,Brasil,ACRE,RODRIGUES ALVES,Amazônia
 1650406317 ,bba5dbe3-fbc2-3560-9846-746bec2c923e,   -7.705850 ,  -72.832760 ,2023-09-13 18:47:00,Brasil,ACRE,RODRIGUES ALVES,Amazônia
 1650406318 ,d77e7ad9-1788-3e85-b551-c4bb539e4c75,   -7.701100 ,  -73.057080 ,2023-09-13 18:47:00,Brasil,ACRE,RODRIGUES ALVES,Amazônia
 1650406319 ,8bdb6ecb-015a-3eb4-ae45-6c3401cc52a8,   -7.699790 ,  -73.047890 ,2023-09-13 18:47:00,Brasil,ACRE,RODRIGUES ALVES,Amazônia
 1650406320 ,0b1f19f2-7cca-3d84-9668-907d75f6e30c,   -7.692070 ,  -73.058390 ,2023-09-13 18:47:00,Brasil,ACRE,RODRIGUES ALVES,Amazônia
 1650406321 ,ed2230f1-bb56-32e2-8ae4-d2d9f6badf50,   -7.691790 ,  -72.862650 ,2023-09-13 18:47:00,Brasil,ACRE,RODRIGUES ALVES,Amazônia
 1650406322 ,01fce9da-199e-33f6-a463-cdb0635dcf4e,   -7.690770 ,  -73.049220 ,2023-09-13 18:47:00,Brasil,ACRE,RODRIGUES ALVES,Amazônia
 1650406323 ,75583dd7-9f28-3923-a929-302aa6378c75,   -7.689470 ,  -73.040050 ,2023-09-13 18:47:00,Brasil,ACRE,RODRIGUES ALVES,Amazônia
 1650406324 ,32ed5459-056f-3db6-bc0d-a8f3308d41b5,   -7.660340 ,  -73.097550 ,2023-09-13 18:47:00,Brasil,ACRE,MÂNCIO LIMA,Amazônia
 1650406325 ,09731262-1e41-3eef-8ccb-193bc8d0c9b7,   -7.659030 ,  -73.088370 ,2023-09-13 18:47:00,Brasil,ACRE,MÂNCIO LIMA,Amazônia
 1650406326 ,cb9a17b8-f5e6-32f1-8f00-62cb5b9d42b8,   -7.652620 ,  -73.108050 ,2023-09-13 18:47:00,Brasil,ACRE,MÂNCIO LIMA,Amazônia
 1650406327 ,1a553f64-b6d7-351e-9252-927e8f2d2a1d,   -7.651310 ,  -73.098870 ,2023-09-13 18:47:00,Brasil,ACRE,MÂNCIO LIMA,Amazônia
 1650406328 ,d911cd4d-9d08-3c93-bc4c-86604bee940f,   -7.633240 ,  -73.101460 ,2023-09-13 18:47:00,Brasil,ACRE,MÂNCIO LIMA,Amazônia
 1650406329 ,51f0c04f-ae42-37ce-b065-098f648c8f4b,   -7.515710 ,  -72.919080 ,2023-09-13 18:47:00,Brasil,ACRE,MÂNCIO LIMA,Amazônia
 1650406330 ,608e16e1-73f2-3fc0-acad-519be180ef85,   -7.514410 ,  -72.909980 ,2023-09-13 18:47:00,Brasil,ACRE,MÂNCIO LIMA,Amazônia
 1650406331 ,4877a7ef-da55-34e5-8da5-d1d03007a463,   -7.506720 ,  -72.920390 ,2023-09-13 18:47:00,Brasil,ACRE,MÂNCIO LIMA,Amazônia
 1650406332 ,b7856fac-3e77-3683-b9d4-39aa830e282e,   -7.505420 ,  -72.911290 ,2023-09-13 18:47:00,Brasil,ACRE,MÂNCIO LIMA,Amazônia
 1650406349 ,11d9c1bf-0ce5-3b98-8a3a-82a0bf31beb4,   -7.895380 ,  -71.780850 ,2023-09-13 18:47:00,Brasil,ACRE,TARAUACÁ,Amazônia
 1650406350 ,e3b726e9-228e-3577-b9d0-daaf511ae38b,   -7.852020 ,  -72.058900 ,2023-09-13 18:47:00,Brasil,ACRE,TARAUACÁ,Amazônia
 1650406351 ,0a7ac11c-cf7b-3fd5-8152-1ae428d32e80,   -7.851820 ,  -72.439700 ,2023-09-13 18:47:00,Brasil,ACRE,CRUZEIRO DO SUL,Amazônia
 1650406352 ,12bc67d5-52c1-3c6a-b5d8-87076040aea9,   -7.836540 ,  -72.460300 ,2023-09-13 18:47:00,Brasil,ACRE,CRUZEIRO DO SUL,Amazônia
 1650406353 ,4a2becb2-b840-374c-98ce-c8212930594c,   -7.827600 ,  -72.461610 ,2023-09-13 18:47:00,Brasil,ACRE,CRUZEIRO DO SUL,Amazônia
 1650406354 ,95722aed-0341-3883-a9cc-6d48c900481b,   -7.827260 ,  -72.269330 ,2023-09-13 18:47:00,Brasil,ACRE,CRUZEIRO DO SUL,Amazônia
 1650406355 ,4216e7dd-ef75-3eca-9694-c8320974a86c,   -7.812310 ,  -72.482220 ,2023-09-13 18:47:00,Brasil,ACRE,CRUZEIRO DO SUL,Amazônia
 1650406356 ,04c6928f-2da1-33a4-843f-b3f5aa814461,   -7.811020 ,  -72.473220 ,2023-09-13 18:47:00,Brasil,ACRE,CRUZEIRO DO SUL,Amazônia
 1650406357 ,362f7b72-d5fe-3c2b-b07d-93ebfbf21f3f,   -7.803380 ,  -72.483530 ,2023-09-13 18:47:00,Brasil,ACRE,CRUZEIRO DO SUL,Amazônia
 1650406358 ,0fa42e96-2f8d-3d6c-af60-1e71555bc291,   -7.802090 ,  -72.474530 ,2023-09-13 18:47:00,Brasil,ACRE,CRUZEIRO DO SUL,Amazônia
 1650406359 ,f3459b4e-00f6-37bc-ac4c-86aac06b0ef7,   -7.782930 ,  -72.468180 ,2023-09-13 18:47:00,Brasil,ACRE,CRUZEIRO DO SUL,Amazônia
 1650406360 ,9f158b62-bdc2-35f8-a6db-e9eb0901cb1d,   -7.777500 ,  -72.240100 ,2023-09-13 18:47:00,Brasil,ACRE,CRUZEIRO DO SUL,Amazônia
 1650406361 ,c4bc9eeb-810d-3e24-98a0-999b880e4195,   -7.712160 ,  -72.430020 ,2023-09-13 18:47:00,Brasil,ACRE,CRUZEIRO DO SUL,Amazônia
 1650406362 ,740f6048-83f3-303d-8336-cfbd71d423ec,   -7.685280 ,  -72.369880 ,2023-09-13 18:47:00,Brasil,ACRE,CRUZEIRO DO SUL,Amazônia
 1650406363 ,fa322d68-ceb7-3af9-baf4-163738394822,   -7.679780 ,  -72.587390 ,2023-09-13 18:47:00,Brasil,ACRE,CRUZEIRO DO SUL,Amazônia
 1650406364 ,ce58cde7-7e70-3208-983f-24c09989edcb,   -7.662200 ,  -72.272710 ,2023-09-13 18:47:00,Brasil,ACRE,CRUZEIRO DO SUL,Amazônia
 1650406365 ,ae736c4b-0abb-3f8e-88e9-d69a6b5148d3,   -7.660910 ,  -72.263760 ,2023-09-13 18:47:00,Brasil,ACRE,CRUZEIRO DO SUL,Amazônia
 1650406366 ,ed37bd93-ca19-3e47-a861-771db141b910,   -7.654020 ,  -72.471840 ,2023-09-13 18:47:00,Brasil,ACRE,CRUZEIRO DO SUL,Amazônia
 1650406367 ,b6a6aaa1-44d4-353f-94c4-94e7c2023f1f,   -7.650150 ,  -72.444920 ,2023-09-13 18:47:00,Brasil,ACRE,CRUZEIRO DO SUL,Amazônia
 1650406368 ,ed859c77-9c69-33e2-ba2e-52b6c5917224,   -7.648860 ,  -72.435940 ,2023-09-13 18:47:00,Brasil,ACRE,CRUZEIRO DO SUL,Amazônia
 1650406369 ,ff61d108-4f74-3898-908c-dd7ddc01d9a8,   -7.638740 ,  -72.492420 ,2023-09-13 18:47:00,Brasil,ACRE,CRUZEIRO DO SUL,Amazônia
 1650406379 ,3942db25-0608-34f9-96b0-a903850f84c6,   -9.095450 ,  -72.699780 ,2023-09-13 18:47:00,Brasil,ACRE,MARECHAL THAUMATURGO,Amazônia
 1650406380 ,ff843c75-eb8f-3971-80df-217dc641864b,   -9.080620 ,  -72.209740 ,2023-09-13 18:47:00,Brasil,ACRE,MARECHAL THAUMATURGO,Amazônia
 1650406381 ,9e25cab3-4e5d-3830-8f4b-ac86276e45f4,   -9.080240 ,  -72.661680 ,2023-09-13 18:47:00,Brasil,ACRE,MARECHAL THAUMATURGO,Amazônia
 1650406382 ,da7054a1-bdeb-385b-8a60-41c3ef4fa851,   -8.269960 ,  -72.075710 ,2023-09-13 18:47:00,Brasil,ACRE,TARAUACÁ,Amazônia
 1650406383 ,275b4e5d-402f-3dd4-a965-846e1a0e5c78,   -8.268670 ,  -72.066750 ,2023-09-13 18:47:00,Brasil,ACRE,TARAUACÁ,Amazônia
 1650406384 ,6bb4fa11-5d87-32aa-9a8f-d91017ea20fb,   -8.223530 ,  -72.526150 ,2023-09-13 18:47:00,Brasil,ACRE,PORTO WALTER,Amazônia
 1650406385 ,097262f9-af85-3388-8384-b40aed85a7f6,   -8.215700 ,  -72.026280 ,2023-09-13 18:47:00,Brasil,ACRE,TARAUACÁ,Amazônia
 1650406386 ,ac15f7cb-b3c2-3a72-8a6d-d93f493ae0cc,   -8.078530 ,  -72.415860 ,2023-09-13 18:47:00,Brasil,ACRE,CRUZEIRO DO SUL,Amazônia
 1650406387 ,0238bf1d-da0b-3eb7-8fb0-2a43bdb5ca7a,   -8.070790 ,  -72.361930 ,2023-09-13 18:47:00,Brasil,ACRE,CRUZEIRO DO SUL,Amazônia
 1650406388 ,b46603a0-1405-3a90-a0a5-238491c68726,   -8.030520 ,  -72.401160 ,2023-09-13 18:47:00,Brasil,ACRE,CRUZEIRO DO SUL,Amazônia
 1650406389 ,c898578e-6c99-3c38-81a1-6eef73a7a7fe,   -8.011240 ,  -72.330620 ,2023-09-13 18:47:00,Brasil,ACRE,CRUZEIRO DO SUL,Amazônia
 1650406390 ,335e47fc-e274-3001-8895-4ca3b19e1003,   -8.002310 ,  -72.331930 ,2023-09-13 18:47:00,Brasil,ACRE,CRUZEIRO DO SUL,Amazônia
 1650406391 ,b7605696-47a7-3f24-95cf-b0595b4cd12f,   -7.987040 ,  -72.352520 ,2023-09-13 18:47:00,Brasil,ACRE,CRUZEIRO DO SUL,Amazônia
 1650406392 ,f08f2bd6-94ce-3316-a615-dfadc5866381,   -7.979400 ,  -72.362820 ,2023-09-13 18:47:00,Brasil,ACRE,CRUZEIRO DO SUL,Amazônia
 1650406393 ,31100787-4f96-39c9-a49b-923aa9b46e3e,   -7.971990 ,  -72.566060 ,2023-09-13 18:47:00,Brasil,ACRE,CRUZEIRO DO SUL,Amazônia
 1650406394 ,6955c90f-919d-3ce4-ad0b-f9b5c9c2b4a5,   -7.970700 ,  -72.557030 ,2023-09-13 18:47:00,Brasil,ACRE,CRUZEIRO DO SUL,Amazônia
 1650406395 ,d64c6473-dfa7-3bb3-9f3e-4b3a3359364e,   -8.279460 ,  -72.851990 ,2023-09-13 18:47:00,Brasil,ACRE,PORTO WALTER,Amazônia
 1650406396 ,d2525cbc-8d00-3c30-9cb9-06dd411a74d6,   -8.234700 ,  -73.055830 ,2023-09-13 18:47:00,Brasil,ACRE,CRUZEIRO DO SUL,Amazônia
 1650406397 ,39d3b7b3-a505-3551-bb83-6cf72066bb46,   -8.233400 ,  -73.046590 ,2023-09-13 18:47:00,Brasil,ACRE,CRUZEIRO DO SUL,Amazônia
 1650406398 ,dde9a824-15b8-3c5a-8924-9f7456841d17,   -8.220440 ,  -73.020150 ,2023-09-13 18:47:00,Brasil,ACRE,CRUZEIRO DO SUL,Amazônia
 1650406399 ,5bc29cf4-620f-30b3-94aa-fbebe769839b,   -8.182120 ,  -72.947560 ,2023-09-13 18:47:00,Brasil,ACRE,CRUZEIRO DO SUL,Amazônia
 1650406400 ,2479566d-017b-3b1b-b150-ea987ce31ba0,   -8.180810 ,  -72.938370 ,2023-09-13 18:47:00,Brasil,ACRE,CRUZEIRO DO SUL,Amazônia
 1650406401 ,4c4721be-b9d2-3577-beaa-4841103a0a4e,   -8.019660 ,  -72.836830 ,2023-09-13 18:47:00,Brasil,ACRE,CRUZEIRO DO SUL,Amazônia
 1650406402 ,7d19539e-a9ba-356d-90ce-efe5fcc553d6,   -8.018370 ,  -72.827710 ,2023-09-13 18:47:00,Brasil,ACRE,CRUZEIRO DO SUL,Amazônia
 1650406403 ,29a2008f-875d-392a-94bd-c302287b4d2f,   -8.017080 ,  -72.818600 ,2023-09-13 18:47:00,Brasil,ACRE,CRUZEIRO DO SUL,Amazônia
 1650406404 ,e055499d-d9f4-37a3-8eeb-2fbc641b027c,   -7.954290 ,  -72.899360 ,2023-09-13 18:47:00,Brasil,ACRE,CRUZEIRO DO SUL,Amazônia
 1650406405 ,88d8baff-5926-3bfd-ba6a-2f2937b06574,   -7.952990 ,  -72.890220 ,2023-09-13 18:47:00,Brasil,ACRE,CRUZEIRO DO SUL,Amazônia
 1650406406 ,b7b82e61-4fe9-3a63-9638-af90ad095ec7,   -7.913090 ,  -72.929860 ,2023-09-13 18:47:00,Brasil,ACRE,RODRIGUES ALVES,Amazônia
 1650406407 ,f7c5bdc9-7208-31d2-a03c-1d2978b42745,   -8.970750 ,  -72.664720 ,2023-09-13 18:47:00,Brasil,ACRE,MARECHAL THAUMATURGO,Amazônia
 1650406408 ,041805c4-d022-3b68-84ae-e562e7d08e42,   -8.641320 ,  -72.360820 ,2023-09-13 18:47:00,Brasil,ACRE,PORTO WALTER,Amazônia
 1650406409 ,6f12eb3a-0ef2-313b-8c1e-cb3e4eaf424b,   -8.631080 ,  -72.353120 ,2023-09-13 18:47:00,Brasil,ACRE,PORTO WALTER,Amazônia
 1650406410 ,fe10e41f-4674-3956-9aaa-ebdc0612cb40,   -8.623430 ,  -72.363460 ,2023-09-13 18:47:00,Brasil,ACRE,PORTO WALTER,Amazônia
 1650406411 ,bd2d3340-36ae-39ff-a3fc-0937fe2f03b8,   -8.618360 ,  -72.391840 ,2023-09-13 18:47:00,Brasil,ACRE,PORTO WALTER,Amazônia
 1650406412 ,203faab0-de42-3de1-87c1-285be388ee41,   -8.609410 ,  -72.393160 ,2023-09-13 18:47:00,Brasil,ACRE,PORTO WALTER,Amazônia
 1650406413 ,58d5edc8-f3f8-34da-a8d2-419b7c6fe6d2,   -8.601760 ,  -72.403510 ,2023-09-13 18:47:00,Brasil,ACRE,PORTO WALTER,Amazônia
 1650406414 ,63c224d0-33ca-3c23-854a-f8a0861282ba,   -8.600470 ,  -72.394490 ,2023-09-13 18:47:00,Brasil,ACRE,PORTO WALTER,Amazônia
 1650406415 ,f331a9aa-ecd4-352a-a991-c1dad3c7cfbf,   -8.594100 ,  -72.413860 ,2023-09-13 18:47:00,Brasil,ACRE,PORTO WALTER,Amazônia
 1650406416 ,ef0c02ff-ba61-307b-b66e-73e94367163a,   -8.585890 ,  -72.420730 ,2023-09-13 18:47:00,Brasil,ACRE,PORTO WALTER,Amazônia
 1650406417 ,2ea686c7-98e0-318f-b94b-dbd38865e150,   -8.584590 ,  -72.411710 ,2023-09-13 18:47:00,Brasil,ACRE,PORTO WALTER,Amazônia
 1650406418 ,f3b13f30-84ba-3fc3-a82c-5e39f2b6e4b2,   -8.573050 ,  -72.394970 ,2023-09-13 18:47:00,Brasil,ACRE,PORTO WALTER,Amazônia
 1650406420 ,bfcbb5e0-777d-30b1-9ed6-b4b11942575a,   -8.564100 ,  -72.396280 ,2023-09-13 18:47:00,Brasil,ACRE,PORTO WALTER,Amazônia
 1650406421 ,ac743be6-fe31-3691-bf86-e47243810c49,   -8.523510 ,  -72.695830 ,2023-09-13 18:47:00,Brasil,ACRE,PORTO WALTER,Amazônia
 1650406422 ,debbf6fb-b0e2-3690-96c7-437f702292ad,   -8.503810 ,  -72.494740 ,2023-09-13 18:47:00,Brasil,ACRE,PORTO WALTER,Amazônia
 1650406423 ,8c6829d2-3075-3c9c-aa8d-0202d144edc1,   -8.502520 ,  -72.485700 ,2023-09-13 18:47:00,Brasil,ACRE,PORTO WALTER,Amazônia
 1650406424 ,1be22a91-a8fc-3138-88ca-20b0ea2e455d,   -8.422780 ,  -72.567760 ,2023-09-13 18:47:00,Brasil,ACRE,PORTO WALTER,Amazônia
 1650406425 ,4f788b7d-6689-3755-98a1-665f56032d5a,   -8.421480 ,  -72.558690 ,2023-09-13 18:47:00,Brasil,ACRE,PORTO WALTER,Amazônia
 1650406426 ,8038c891-db15-3ef5-98c9-ab038314f998,   -8.416420 ,  -72.587200 ,2023-09-13 18:47:00,Brasil,ACRE,PORTO WALTER,Amazônia
 1650406427 ,4598d58a-f28d-3eca-a0e7-b392bcfac40f,   -7.907250 ,  -73.212940 ,2023-09-13 18:47:00,Brasil,ACRE,RODRIGUES ALVES,Amazônia
 1650406428 ,c351ee55-0cbf-3690-8fda-528ddd4828c0,   -7.890400 ,  -73.224870 ,2023-09-13 18:47:00,Brasil,ACRE,RODRIGUES ALVES,Amazônia
 1650406429 ,b46439de-e97d-31e6-b2f7-ccf679516c1c,   -7.889090 ,  -73.215560 ,2023-09-13 18:47:00,Brasil,ACRE,RODRIGUES ALVES,Amazônia
 1650406456 ,5ada4bed-19b7-3ddd-b49b-6b621e80f233,   -7.436620 ,  -73.208190 ,2023-09-13 18:47:00,Brasil,ACRE,MÂNCIO LIMA,Amazônia
 1650406457 ,8bafe639-7449-3d03-b316-de706473b1e9,   -7.431490 ,  -73.490010 ,2023-09-13 18:47:00,Brasil,ACRE,MÂNCIO LIMA,Amazônia
 1650406458 ,7bbcee9a-6717-3218-882e-a4841ad48cc4,   -7.430150 ,  -73.480640 ,2023-09-13 18:47:00,Brasil,ACRE,MÂNCIO LIMA,Amazônia
 1650406459 ,aadba4a0-73e9-3f9f-ac44-98b90c66e281,   -7.405430 ,  -73.503360 ,2023-09-13 18:47:00,Brasil,ACRE,MÂNCIO LIMA,Amazônia
 1650406460 ,22148113-b1a3-3288-bfff-13e70bb559bb,   -7.404100 ,  -73.493940 ,2023-09-13 18:47:00,Brasil,ACRE,MÂNCIO LIMA,Amazônia
 1650406461 ,651b9614-8911-30c8-ab5e-ddafabf3e859,   -7.374730 ,  -73.157100 ,2023-09-13 18:47:00,Brasil,ACRE,MÂNCIO LIMA,Amazônia
 1650406462 ,b86f6afa-5024-3bbe-b005-ac15f7c63635,   -7.773090 ,  -73.368360 ,2023-09-13 18:47:00,Brasil,ACRE,RODRIGUES ALVES,Amazônia
 1650406463 ,f9385d97-04fb-3606-a140-15122e203724,   -7.771750 ,  -73.358960 ,2023-09-13 18:47:00,Brasil,ACRE,RODRIGUES ALVES,Amazônia
 1650406464 ,63517738-0b53-3281-b797-357a656e4999,   -7.642710 ,  -73.298390 ,2023-09-13 18:47:00,Brasil,ACRE,MÂNCIO LIMA,Amazônia
 1650406465 ,bf5363fd-70d0-34e4-934f-f2a5a3437865,   -7.614140 ,  -73.293040 ,2023-09-13 18:47:00,Brasil,ACRE,MÂNCIO LIMA,Amazônia
 1647377995 ,0bbc6654-8065-307c-9807-0a8fe8fa9733,   -9.330210 ,  -68.209410 ,2023-08-29 18:06:00,Brasil,ACRE,BUJARI,Amazônia
 1647378013 ,5d29cb57-fef0-33f0-ad47-2110491630b2,  -10.534620 ,  -68.138860 ,2023-08-29 18:06:00,Brasil,ACRE,XAPURI,Amazônia
 1647378014 ,4cd67a5a-0e22-36fd-9348-2a6a394ecc26,  -10.287630 ,  -67.645760 ,2023-08-29 18:06:00,Brasil,ACRE,SENADOR GUIOMARD,Amazônia
 1647378015 ,e50c6b3d-17ea-315f-8b0b-4571da9a1aed,  -10.215460 ,  -68.390500 ,2023-08-29 18:06:00,Brasil,ACRE,RIO BRANCO,Amazônia
 1647378016 ,043c9015-fae3-3315-924f-3c67de1f15e0,  -10.215360 ,  -68.395310 ,2023-08-29 18:06:00,Brasil,ACRE,RIO BRANCO,Amazônia
 1647378017 ,9be9df55-0e9d-39a7-a24f-3f3bf0f6ba16,  -10.194990 ,  -68.437030 ,2023-08-29 18:06:00,Brasil,ACRE,RIO BRANCO,Amazônia
 1647378018 ,5f1ad43b-3c60-3312-82e4-d13d100f277a,  -10.172600 ,  -68.981000 ,2023-08-29 18:06:00,Brasil,ACRE,RIO BRANCO,Amazônia
 1647378019 ,0cd3dbbd-7d76-3960-8a86-0268df7e4f31,  -10.123040 ,  -68.273080 ,2023-08-29 18:06:00,Brasil,ACRE,RIO BRANCO,Amazônia
 1647378020 ,e15ee538-af2a-34e4-8145-dce601869fdd,  -10.121150 ,  -68.280390 ,2023-08-29 18:06:00,Brasil,ACRE,RIO BRANCO,Amazônia
 1647378021 ,686ececf-c41f-3529-8419-f1b3e3f8e44b,  -10.097390 ,  -68.595610 ,2023-08-29 18:06:00,Brasil,ACRE,RIO BRANCO,Amazônia
 1647378022 ,6a968bb9-c45f-3dfe-a92e-17b5021f787d,  -10.094900 ,  -68.575880 ,2023-08-29 18:06:00,Brasil,ACRE,RIO BRANCO,Amazônia
 1647378023 ,414a785c-f622-3121-bf56-c35ed3dab4bc,   -9.468350 ,  -68.252530 ,2023-08-29 18:06:00,Brasil,ACRE,BUJARI,Amazônia
 1647378024 ,f2f5004b-ce77-33c9-8cf5-9a7272a12be9,   -9.466130 ,  -68.257930 ,2023-08-29 18:06:00,Brasil,ACRE,BUJARI,Amazônia
 1647378025 ,c954240b-6e14-369a-899b-a303aff7556c,   -9.420440 ,  -68.100530 ,2023-08-29 18:06:00,Brasil,ACRE,BUJARI,Amazônia
 1647378026 ,b752c9d5-a24c-3c90-938e-b27afd9ba94f,   -9.958200 ,  -68.519220 ,2023-08-29 18:06:00,Brasil,ACRE,RIO BRANCO,Amazônia
 1647378027 ,e98cb021-56a2-38dd-b6e4-4df92fcce5c5,   -9.957850 ,  -68.526250 ,2023-08-29 18:06:00,Brasil,ACRE,RIO BRANCO,Amazônia
 1647378028 ,fba65970-b6a3-3938-a11b-b22fb85f4737,   -9.955320 ,  -68.506920 ,2023-08-29 18:06:00,Brasil,ACRE,RIO BRANCO,Amazônia
 1647378029 ,c7b93e92-e23f-3fec-bf3c-bea79718ac2e,   -9.667960 ,  -68.700090 ,2023-08-29 18:06:00,Brasil,ACRE,SENA MADUREIRA,Amazônia
 1647378030 ,d77befc3-46ba-3ef1-9417-294727888697,   -9.392960 ,  -68.695530 ,2023-08-29 18:06:00,Brasil,ACRE,SENA MADUREIRA,Amazônia
 1647378040 ,5dd32253-1aef-37d9-9d23-1a06ea789507,  -10.874700 ,  -68.242460 ,2023-08-29 18:06:00,Brasil,ACRE,XAPURI,Amazônia
 1647379192 ,d3669b1d-829a-3893-ba0b-de6a681737bc,   -8.179450 ,  -69.894220 ,2023-08-29 18:09:00,Brasil,ACRE,FEIJÓ,Amazônia
 1647379193 ,c7d233fc-8f63-3fe7-9959-5759af88dc0b,   -8.165630 ,  -69.895990 ,2023-08-29 18:09:00,Brasil,ACRE,FEIJÓ,Amazônia
 1647379194 ,c2cecc2c-78c9-3aa4-af0c-53d691fdd269,   -8.032250 ,  -70.166380 ,2023-08-29 18:09:00,Brasil,ACRE,FEIJÓ,Amazônia
 1647379195 ,acf01ffd-a1b2-3bf8-a146-d10e48515e99,   -8.029150 ,  -70.142250 ,2023-08-29 18:09:00,Brasil,ACRE,FEIJÓ,Amazônia
 1647379196 ,8caa479d-bcfe-3662-9ad6-76a7520d3ab0,   -9.001280 ,  -69.481340 ,2023-08-29 18:09:00,Brasil,ACRE,MANOEL URBANO,Amazônia
 1647379197 ,3616ad72-ae4f-3537-9416-435d667a458b,   -8.995860 ,  -69.474890 ,2023-08-29 18:09:00,Brasil,ACRE,MANOEL URBANO,Amazônia
 1647379198 ,b5fbde2c-08bc-3e6a-883a-06e92820c5f5,   -8.941470 ,  -69.443980 ,2023-08-29 18:09:00,Brasil,ACRE,MANOEL URBANO,Amazônia
 1647379199 ,765b802a-ce59-357f-8eca-2f1f29502c33,   -8.938660 ,  -69.421960 ,2023-08-29 18:09:00,Brasil,ACRE,MANOEL URBANO,Amazônia
 1647379200 ,45bbcc17-ad3b-3637-9354-167e5111cc0b,   -8.863550 ,  -69.436260 ,2023-08-29 18:09:00,Brasil,ACRE,MANOEL URBANO,Amazônia
 1647379201 ,b2209f4c-dc46-33a3-8eb2-6199d64ef01f,   -8.860740 ,  -69.414450 ,2023-08-29 18:09:00,Brasil,ACRE,MANOEL URBANO,Amazônia
 1647379202 ,5664129c-840e-3b7c-b1bf-f17296ef6335,   -8.743670 ,  -69.219190 ,2023-08-29 18:09:00,Brasil,ACRE,MANOEL URBANO,Amazônia
 1647379203 ,6c8989fe-a10c-31c8-a17c-2333af1ff5a5,   -8.720940 ,  -70.012030 ,2023-08-29 18:09:00,Brasil,ACRE,FEIJÓ,Amazônia
 1647379204 ,f2d18ca7-e116-3198-95dc-d2ed8abea8de,   -8.717740 ,  -69.988010 ,2023-08-29 18:09:00,Brasil,ACRE,FEIJÓ,Amazônia
 1647379205 ,f15808ac-6bc5-37da-a04c-5392fe5c5c0a,   -8.711770 ,  -70.006120 ,2023-08-29 18:09:00,Brasil,ACRE,FEIJÓ,Amazônia
 1647379206 ,744b5e82-66ec-381c-a434-4b26d060d523,   -8.708770 ,  -69.982060 ,2023-08-29 18:09:00,Brasil,ACRE,FEIJÓ,Amazônia
 1647379207 ,ba31c7be-f133-38a6-92b9-5867b02332f1,  -10.561910 ,  -69.904200 ,2023-08-29 18:06:00,Brasil,ACRE,ASSIS BRASIL,Amazônia
 1647379224 ,48df2623-d105-31d0-b659-1637dd1b71b9,   -8.049490 ,  -70.188910 ,2023-08-29 18:09:00,Brasil,ACRE,FEIJÓ,Amazônia
 1647379230 ,10cbc212-5c91-3e2e-b33b-d95769b1cf48,   -8.479840 ,  -70.823360 ,2023-08-29 18:09:00,Brasil,ACRE,TARAUACÁ,Amazônia
 1647379231 ,7bad5abf-d341-349f-bae7-0dfab499343e,   -8.465440 ,  -70.832660 ,2023-08-29 18:09:00,Brasil,ACRE,TARAUACÁ,Amazônia
 1647379232 ,439103b2-7529-3e94-bd62-8016863da98a,   -8.464920 ,  -70.825360 ,2023-08-29 18:09:00,Brasil,ACRE,TARAUACÁ,Amazônia
 1647379233 ,485708a6-9872-3c25-b60a-708fd93914de,   -8.414820 ,  -71.133690 ,2023-08-29 18:09:00,Brasil,ACRE,TARAUACÁ,Amazônia
 1647379234 ,28013904-ba9c-3227-b934-fcadfb8c81ec,   -8.411390 ,  -71.129460 ,2023-08-29 18:09:00,Brasil,ACRE,TARAUACÁ,Amazônia
 1647379235 ,3c0a6629-d6a6-3a23-a5a1-e25c39605174,   -8.371000 ,  -71.743900 ,2023-08-29 18:09:00,Brasil,ACRE,TARAUACÁ,Amazônia
 1647379236 ,4f17883e-4a6a-3298-8748-de04fffc4e42,   -8.369880 ,  -70.299740 ,2023-08-29 18:09:00,Brasil,ACRE,FEIJÓ,Amazônia
 1647379237 ,280d409f-776c-3ddb-a324-0d22031eb4df,   -8.369240 ,  -71.021560 ,2023-08-29 18:09:00,Brasil,ACRE,TARAUACÁ,Amazônia
 1647379238 ,c781db26-9ed5-3e9b-b24a-0c547e202f1f,   -8.366750 ,  -70.274490 ,2023-08-29 18:09:00,Brasil,ACRE,FEIJÓ,Amazônia
 1647379239 ,31029497-0a54-3665-9d88-35e716158222,   -8.366680 ,  -71.017300 ,2023-08-29 18:09:00,Brasil,ACRE,TARAUACÁ,Amazônia
 1647379240 ,6eb94bf2-56fa-33c7-95e7-ca6b5c948ea2,   -8.364000 ,  -71.737670 ,2023-08-29 18:09:00,Brasil,ACRE,TARAUACÁ,Amazônia
 1647379241 ,31e8e549-e9af-3a35-9cd6-3612b072abef,   -8.363230 ,  -70.282040 ,2023-08-29 18:09:00,Brasil,ACRE,FEIJÓ,Amazônia
 1647379242 ,abe5d537-01db-346a-a0d6-4e978a459e3b,   -8.315690 ,  -70.365330 ,2023-08-29 18:09:00,Brasil,ACRE,FEIJÓ,Amazônia
 1647379243 ,b80ed531-4751-302e-8695-c49825466a2b,   -8.313510 ,  -70.370330 ,2023-08-29 18:09:00,Brasil,ACRE,FEIJÓ,Amazônia
 1647379244 ,b90c6c23-867e-331c-9dce-3f4467bf4130,   -8.312510 ,  -70.340140 ,2023-08-29 18:09:00,Brasil,ACRE,FEIJÓ,Amazônia
 1647379245 ,619b07d6-9572-3ce2-bb90-45ee95ba462f,   -8.310160 ,  -70.345190 ,2023-08-29 18:09:00,Brasil,ACRE,FEIJÓ,Amazônia
 1647379246 ,fb766f00-436a-3eb1-976e-510831add776,   -8.157380 ,  -71.618990 ,2023-08-29 18:09:00,Brasil,ACRE,TARAUACÁ,Amazônia
 1647379247 ,d2c8ab78-f362-3384-83ab-1042af9bcdd2,   -8.021870 ,  -71.388770 ,2023-08-29 18:09:00,Brasil,ACRE,TARAUACÁ,Amazônia
 1647379248 ,07750682-055a-3eee-a984-1f64b66df53a,   -7.979330 ,  -71.401530 ,2023-08-29 18:09:00,Brasil,ACRE,TARAUACÁ,Amazônia
 1647379249 ,c5635d72-0f8e-3ff7-b51b-7f7bbd7a4508,   -9.249570 ,  -71.918920 ,2023-08-29 18:09:00,Brasil,ACRE,JORDÃO,Amazônia
 1647379250 ,5ee40d29-729f-3891-8d80-a78840656811,   -9.167010 ,  -70.868900 ,2023-08-29 18:09:00,Brasil,ACRE,FEIJÓ,Amazônia
 1647379251 ,f036f530-1fc5-369e-81c5-c24e3ff70ef3,   -9.165250 ,  -70.861980 ,2023-08-29 18:09:00,Brasil,ACRE,FEIJÓ,Amazônia
 1647379252 ,202d85fb-286f-3dae-8ed2-63b2eab641ae,   -9.163370 ,  -70.840330 ,2023-08-29 18:09:00,Brasil,ACRE,FEIJÓ,Amazônia
 1647379253 ,fb6de5a3-580f-3201-885f-3b1f40f8bc62,   -8.935410 ,  -70.597760 ,2023-08-29 18:09:00,Brasil,ACRE,FEIJÓ,Amazônia
 1647379254 ,49920190-7f96-31a0-88d5-8969781433fb,   -8.932640 ,  -70.563510 ,2023-08-29 18:09:00,Brasil,ACRE,FEIJÓ,Amazônia
 1647379255 ,d2015e5b-e9bd-3639-8685-ec937fc5ae6f,   -8.931940 ,  -70.570590 ,2023-08-29 18:09:00,Brasil,ACRE,FEIJÓ,Amazônia
 1647379256 ,9e44a675-405e-32dd-b156-a89c51a641e1,   -8.887850 ,  -70.581020 ,2023-08-29 18:09:00,Brasil,ACRE,FEIJÓ,Amazônia
 1647379276 ,aedf3c3e-2804-3fcd-90af-88e5d69160fb,   -9.165740 ,  -71.969100 ,2023-08-29 18:09:00,Brasil,ACRE,JORDÃO,Amazônia
 1650727290 ,ec3cf244-bbc2-3aba-875d-e401aa795ba5,   -9.996930 ,  -69.045850 ,2023-09-15 18:32:00,Brasil,ACRE,SENA MADUREIRA,Amazônia
 1650727299 ,96e63a27-2ae8-36dd-9750-357bd67d435d,   -9.773630 ,  -67.869910 ,2023-09-15 18:32:00,Brasil,ACRE,BUJARI,Amazônia
 1650727307 ,8ad1d893-6d65-3660-8bba-daf0457fc70b,   -9.630590 ,  -68.610540 ,2023-09-15 18:32:00,Brasil,ACRE,RIO BRANCO,Amazônia
 1650727308 ,5d7b1fc5-fc1f-3918-8a58-eadfa032935d,   -9.599620 ,  -67.312140 ,2023-09-15 18:32:00,Brasil,ACRE,SENADOR GUIOMARD,Amazônia
 1650727310 ,c8cef29a-3f9f-3578-a993-cea87517d833,   -9.591030 ,  -67.378410 ,2023-09-15 18:32:00,Brasil,ACRE,PORTO ACRE,Amazônia
 1650727311 ,f3ca5ee0-51f8-35de-aef7-9108a9844b03,   -9.589700 ,  -67.369330 ,2023-09-15 18:32:00,Brasil,ACRE,PORTO ACRE,Amazônia
 1650727312 ,4fdd0654-0d5b-3316-adc1-d94e61dc8775,   -9.585820 ,  -67.468170 ,2023-09-15 18:32:00,Brasil,ACRE,PORTO ACRE,Amazônia
 1650727319 ,9a5e1404-84c1-3ce0-b64b-0abad2d18b8f,   -9.460830 ,  -68.582840 ,2023-09-15 18:32:00,Brasil,ACRE,SENA MADUREIRA,Amazônia
 1650727327 ,337def30-0ff7-3810-ad84-078b23aa7941,   -9.113220 ,  -68.984580 ,2023-09-15 18:32:00,Brasil,ACRE,SENA MADUREIRA,Amazônia
 1650727334 ,5a6ee62b-82fa-358e-b35c-ab73e153df81,   -8.726420 ,  -69.756740 ,2023-09-15 18:32:00,Brasil,ACRE,FEIJÓ,Amazônia
 1650727336 ,53cc977a-ba72-3b09-a619-31a2a1945454,   -8.640380 ,  -70.725130 ,2023-09-15 18:32:00,Brasil,ACRE,FEIJÓ,Amazônia
 1650727337 ,7a95818f-ed96-3e28-b717-6aa09c8a4b35,   -8.638910 ,  -70.714550 ,2023-09-15 18:32:00,Brasil,ACRE,FEIJÓ,Amazônia
 1650727338 ,02802efa-d443-3b61-8a88-a1554b3e5374,   -8.634880 ,  -70.023410 ,2023-09-15 18:32:00,Brasil,ACRE,FEIJÓ,Amazônia
 1650727341 ,1a96f829-a447-33a5-881b-5703e835ab47,   -8.533330 ,  -70.094670 ,2023-09-15 18:32:00,Brasil,ACRE,FEIJÓ,Amazônia
 1650727342 ,8805d86e-65e9-368f-b2d2-fdafcf929f9c,   -8.491580 ,  -70.176940 ,2023-09-15 18:32:00,Brasil,ACRE,FEIJÓ,Amazônia
 1650727345 ,25531e2b-9cd6-3cbc-8cdc-2bff0bce33b7,   -8.469700 ,  -70.089290 ,2023-09-15 18:32:00,Brasil,ACRE,FEIJÓ,Amazônia
 1650727346 ,dbe3180f-9bdd-3b2f-aa6f-1aa62eac22ed,   -8.465910 ,  -70.130090 ,2023-09-15 18:32:00,Brasil,ACRE,FEIJÓ,Amazônia
 1650727347 ,c2fe5c2d-751d-34e5-8444-1bd59bb94f69,   -8.460370 ,  -70.090630 ,2023-09-15 18:32:00,Brasil,ACRE,FEIJÓ,Amazônia
 1650727348 ,c8299919-9522-3030-a04f-5f292195bbfd,   -8.458990 ,  -70.080800 ,2023-09-15 18:32:00,Brasil,ACRE,FEIJÓ,Amazônia
 1650727349 ,7090c077-bb50-36b1-824c-a237771d67de,   -8.456570 ,  -70.131430 ,2023-09-15 18:32:00,Brasil,ACRE,FEIJÓ,Amazônia
 1650727350 ,13ccc774-0257-3824-86e5-759dbe96ad4a,   -8.435400 ,  -70.185050 ,2023-09-15 18:32:00,Brasil,ACRE,FEIJÓ,Amazônia
 1650727351 ,ead7bc43-2155-355e-9079-2f131d8b6ec5,   -8.378510 ,  -70.098920 ,2023-09-15 18:32:00,Brasil,ACRE,FEIJÓ,Amazônia
 1650727352 ,019a7e19-8c7f-3e35-b854-575d8343cd0b,   -8.377120 ,  -70.089070 ,2023-09-15 18:32:00,Brasil,ACRE,FEIJÓ,Amazônia
 1650727353 ,90bbab16-e471-32f5-89c1-aa478cce14ff,   -8.376110 ,  -70.149520 ,2023-09-15 18:32:00,Brasil,ACRE,FEIJÓ,Amazônia
 1650727354 ,ffc0b181-61d1-3321-871f-c76d022fdb12,   -8.372310 ,  -70.190490 ,2023-09-15 18:32:00,Brasil,ACRE,FEIJÓ,Amazônia
 1650727355 ,905c2772-eb12-3087-b55d-2ffa023be283,   -8.370920 ,  -70.180540 ,2023-09-15 18:32:00,Brasil,ACRE,FEIJÓ,Amazônia
 1650727356 ,9481c957-3f9a-37b6-b3f3-83a206de9627,   -8.082250 ,  -70.819090 ,2023-09-15 18:32:00,Brasil,ACRE,TARAUACÁ,Amazônia
 1650727357 ,d7c5d967-3dc5-3283-8e71-2e49b169b2d0,   -8.080790 ,  -70.808520 ,2023-09-15 18:32:00,Brasil,ACRE,TARAUACÁ,Amazônia
 1650727361 ,26864d44-3aa4-3515-b125-18941d48ec3c,   -7.983760 ,  -70.838580 ,2023-09-15 18:32:00,Brasil,ACRE,TARAUACÁ,Amazônia
 1650727362 ,48248cf4-41c4-3f2f-9297-3d9a6dc1ca4e,   -7.982310 ,  -70.828000 ,2023-09-15 18:32:00,Brasil,ACRE,TARAUACÁ,Amazônia
 1650727364 ,136c7527-f5e6-39b7-b6c5-8a051830d48e,   -7.948730 ,  -70.726130 ,2023-09-15 18:32:00,Brasil,ACRE,TARAUACÁ,Amazônia
 1650727365 ,ffd9472c-339e-36ae-9be6-a8adbc825d87,   -7.947310 ,  -70.715740 ,2023-09-15 18:32:00,Brasil,ACRE,TARAUACÁ,Amazônia
 1650727366 ,ff668b28-8fe7-35d2-95ed-3647d75d76c7,   -7.928250 ,  -70.682720 ,2023-09-15 18:32:00,Brasil,ACRE,TARAUACÁ,Amazônia
 1650727367 ,51dac12d-2d0e-3948-bb53-18d9585da794,   -7.912450 ,  -70.920220 ,2023-09-15 18:32:00,Brasil,ACRE,TARAUACÁ,Amazônia
 1650727368 ,3c8cda22-bba6-306b-81eb-d1d74b0d6929,   -7.910980 ,  -70.909650 ,2023-09-15 18:32:00,Brasil,ACRE,TARAUACÁ,Amazônia
 1650727369 ,c55b6398-2f03-38b5-80cd-4c17ef96ba46,   -7.907710 ,  -70.675130 ,2023-09-15 18:32:00,Brasil,ACRE,TARAUACÁ,Amazônia
 1650727437 ,9257aab1-1567-33e3-8410-28eca745c908,  -10.961790 ,  -69.703350 ,2023-09-15 18:30:00,Brasil,ACRE,ASSIS BRASIL,Amazônia
 1650727438 ,205b7662-ed36-3874-893c-c0228369c0f1,  -10.960400 ,  -69.693290 ,2023-09-15 18:30:00,Brasil,ACRE,ASSIS BRASIL,Amazônia
 1650727440 ,15aa44a9-32dd-30ec-9774-fa29a3cd6cf1,  -10.935490 ,  -69.765210 ,2023-09-15 18:30:00,Brasil,ACRE,ASSIS BRASIL,Amazônia
 1650727441 ,b25d3434-21fe-3825-af90-6f5c21cc184e,  -10.900960 ,  -69.468590 ,2023-09-15 18:30:00,Brasil,ACRE,ASSIS BRASIL,Amazônia
 1650727442 ,4828bf58-8a3f-36db-9e8e-9e3b66912a15,  -10.899610 ,  -69.458760 ,2023-09-15 18:30:00,Brasil,ACRE,ASSIS BRASIL,Amazônia
 1650727447 ,89331ac9-7c8f-37e0-b551-3e1e02a32cbc,  -10.780150 ,  -68.667560 ,2023-09-15 18:30:00,Brasil,ACRE,EPITACIOLÂNDIA,Amazônia
 1650727448 ,823959da-5a16-363b-a73e-8dbee1c0a2e8,  -10.773970 ,  -69.468930 ,2023-09-15 18:30:00,Brasil,ACRE,ASSIS BRASIL,Amazônia
 1650727451 ,51a76291-f356-3a85-87c1-537a8da9dbb4,  -10.661020 ,  -69.323260 ,2023-09-15 18:30:00,Brasil,ACRE,BRASILÉIA,Amazônia
 1650727452 ,f6514eca-b589-32bd-b737-6519a670257b,  -10.651810 ,  -69.324620 ,2023-09-15 18:30:00,Brasil,ACRE,BRASILÉIA,Amazônia
 1650727453 ,749ecf0c-863e-33e3-9c62-748b379adddb,  -10.628040 ,  -68.892070 ,2023-09-15 18:30:00,Brasil,ACRE,XAPURI,Amazônia
 1650727472 ,6f74c690-d8ae-317e-95bc-a2aba6e7357a,  -10.627280 ,  -69.532300 ,2023-09-15 18:30:00,Brasil,ACRE,BRASILÉIA,Amazônia
 1650727473 ,3b9923d1-3a25-32cb-9985-52508f3b8911,  -10.621490 ,  -69.309310 ,2023-09-15 18:30:00,Brasil,ACRE,BRASILÉIA,Amazônia
 1650727474 ,58515191-058c-315b-aab9-ada6967302ac,  -10.607980 ,  -69.145250 ,2023-09-15 18:30:00,Brasil,ACRE,BRASILÉIA,Amazônia
 1650727475 ,e0717fbe-5073-3c53-981f-0a27696615ce,  -10.606660 ,  -69.135740 ,2023-09-15 18:30:00,Brasil,ACRE,BRASILÉIA,Amazônia
 1650727476 ,dbabb0c3-f6fd-35db-8e66-39c6279432a2,  -10.559020 ,  -68.731290 ,2023-09-15 18:30:00,Brasil,ACRE,XAPURI,Amazônia
 1650727477 ,9c1e4cca-cd98-395b-8477-bd3c49e80ae9,  -10.367080 ,  -67.332360 ,2023-09-15 18:30:00,Brasil,ACRE,PLÁCIDO DE CASTRO,Amazônia
 1650727478 ,2c42457e-60f4-3602-b4cc-e72803f426a4,  -10.230110 ,  -68.228530 ,2023-09-15 18:32:00,Brasil,ACRE,RIO BRANCO,Amazônia
 1650727479 ,7720a5a0-0e26-3b8a-8973-83276a3126aa,  -10.216390 ,  -67.053760 ,2023-09-15 18:30:00,Brasil,ACRE,PLÁCIDO DE CASTRO,Amazônia
 1650727480 ,32236e8c-2896-32b3-bf3c-5ef2e875dbd6,  -10.143850 ,  -68.784610 ,2023-09-15 18:32:00,Brasil,ACRE,RIO BRANCO,Amazônia
 1650727481 ,fb54b823-bd80-324e-860e-6d6deb61ecd9,  -10.142540 ,  -68.775380 ,2023-09-15 18:32:00,Brasil,ACRE,RIO BRANCO,Amazônia
 1650727482 ,8f58d2d5-f10a-3ac6-b33b-87b09ec548fb,  -10.133510 ,  -68.776710 ,2023-09-15 18:32:00,Brasil,ACRE,RIO BRANCO,Amazônia
 1650727483 ,b9578ccf-6035-37d9-bbb3-8e1364dcfd12,  -10.089600 ,  -68.726730 ,2023-09-15 18:32:00,Brasil,ACRE,RIO BRANCO,Amazônia
 1650727484 ,41698502-30f4-373c-b1bb-9ed5d2e8d627,  -10.087110 ,  -69.036440 ,2023-09-15 18:32:00,Brasil,ACRE,SENA MADUREIRA,Amazônia
 1650727485 ,e9489d45-77ff-3709-a307-6015c8ffc486,  -10.061190 ,  -69.049800 ,2023-09-15 18:32:00,Brasil,ACRE,SENA MADUREIRA,Amazônia
 1650727486 ,df31bb42-758d-3357-a914-a79156645b65,  -10.055360 ,  -68.813510 ,2023-09-15 18:32:00,Brasil,ACRE,RIO BRANCO,Amazônia
 1650727487 ,70a8da15-27d8-354a-a7b8-de6167b71d91,  -10.054040 ,  -68.804280 ,2023-09-15 18:32:00,Brasil,ACRE,RIO BRANCO,Amazônia
 1650727488 ,c0aa7398-58dc-3ab6-9f82-9ec1520d3361,  -10.008670 ,  -69.063220 ,2023-09-15 18:32:00,Brasil,ACRE,SENA MADUREIRA,Amazônia
 1650727489 ,edd94378-542e-39fc-826c-49617ab8fb4f,  -10.007340 ,  -69.053860 ,2023-09-15 18:32:00,Brasil,ACRE,SENA MADUREIRA,Amazônia
 1647193256 ,d8e4e7e8-718e-39fc-b4e7-8780103857f0,  -10.995270 ,  -68.766280 ,2023-08-28 19:04:00,Brasil,ACRE,BRASILÉIA,Amazônia
 1647193258 ,c862baf0-b7dc-3053-84c8-d9d732716fb6,  -10.425980 ,  -69.683310 ,2023-08-28 19:04:00,Brasil,ACRE,SENA MADUREIRA,Amazônia
 1647193259 ,5257a908-aac7-3469-97d9-82cbb4d86f22,  -10.582300 ,  -69.444510 ,2023-08-28 19:04:00,Brasil,ACRE,BRASILÉIA,Amazônia
 1647193260 ,ff1053b8-3323-3ba5-9690-d1a2548907be,  -10.424320 ,  -69.675950 ,2023-08-28 19:04:00,Brasil,ACRE,SENA MADUREIRA,Amazônia
 1647193261 ,1b360652-4700-3196-9b7f-156fdf0539bd,  -10.214790 ,  -68.467740 ,2023-08-28 19:04:00,Brasil,ACRE,XAPURI,Amazônia
 1647193262 ,6a445be4-58d4-3f94-b068-5c83d0176937,  -10.211750 ,  -68.476150 ,2023-08-28 19:04:00,Brasil,ACRE,RIO BRANCO,Amazônia
 1647193613 ,d5a01d00-da71-3aa7-a89d-b6bf40dd2c15,   -9.474450 ,  -68.351580 ,2023-08-28 19:04:00,Brasil,ACRE,SENA MADUREIRA,Amazônia
 1647193614 ,d6ed3dc1-c863-3d9c-b82b-dc4a1e144f33,   -9.469760 ,  -68.324570 ,2023-08-28 19:04:00,Brasil,ACRE,BUJARI,Amazônia
 1647193615 ,b3465791-f06d-3776-8d0b-87d36e776ca8,   -9.468870 ,  -68.332240 ,2023-08-28 19:04:00,Brasil,ACRE,BUJARI,Amazônia
 1647193616 ,be2f6e11-90bd-3a92-8aff-51e2798506ee,   -9.147100 ,  -70.799260 ,2023-08-28 19:04:00,Brasil,ACRE,FEIJÓ,Amazônia
 1647193617 ,73e8ce87-2074-37b3-9828-94614ef64f45,   -9.075950 ,  -70.589900 ,2023-08-28 19:04:00,Brasil,ACRE,FEIJÓ,Amazônia
 1647193618 ,cf65c86c-ceee-334a-acaa-45d32656decd,   -9.010930 ,  -70.581820 ,2023-08-28 19:04:00,Brasil,ACRE,FEIJÓ,Amazônia
 1647193619 ,ce56595c-97ba-3ebc-b3d0-fd6ae98d0019,   -8.932520 ,  -70.580970 ,2023-08-28 19:04:00,Brasil,ACRE,FEIJÓ,Amazônia
 1647193620 ,63ca48b5-36aa-353f-98ba-beb74943847b,   -8.929480 ,  -70.562580 ,2023-08-28 19:04:00,Brasil,ACRE,FEIJÓ,Amazônia
 1647193621 ,fd1ae973-1345-3ace-bdda-80e75fe215fa,   -8.927290 ,  -70.570440 ,2023-08-28 19:04:00,Brasil,ACRE,FEIJÓ,Amazônia
 1647193622 ,e6712c59-c827-3769-ba21-8419a9763b20,   -8.507400 ,  -69.992550 ,2023-08-28 19:04:00,Brasil,ACRE,FEIJÓ,Amazônia
 1647193623 ,066eb569-6493-3143-9a76-31f0eb662fd7,   -8.363490 ,  -70.072140 ,2023-08-28 19:04:00,Brasil,ACRE,FEIJÓ,Amazônia
 1647193624 ,db9c446a-02f9-3487-a73e-82f9aa0faff0,   -8.051650 ,  -70.185950 ,2023-08-28 19:04:00,Brasil,ACRE,FEIJÓ,Amazônia
 1647193625 ,d1bcf5f0-caba-33cd-ae42-435f9c66f5ef,   -7.677280 ,  -72.507770 ,2023-08-28 19:04:00,Brasil,ACRE,CRUZEIRO DO SUL,Amazônia
 1651033108 ,883edc6f-a8ab-3a08-a72e-84fa20dd61c9,  -10.577870 ,  -69.083180 ,2023-09-16 19:13:00,Brasil,ACRE,BRASILÉIA,Amazônia
 1651033219 ,39c3fff4-a24c-332e-8af9-46173847a718,  -10.007840 ,  -69.057740 ,2023-09-16 19:13:00,Brasil,ACRE,SENA MADUREIRA,Amazônia
 1651033220 ,a2870831-41ff-3e3d-a18e-950fc20c9df9,   -9.998850 ,  -69.054320 ,2023-09-16 19:13:00,Brasil,ACRE,SENA MADUREIRA,Amazônia
 1651246029 ,bd0a368b-242d-3c58-a3ac-e870b020d242,   -8.747250 ,  -69.711980 ,2023-09-17 18:17:00,Brasil,ACRE,MANOEL URBANO,Amazônia
 1651246030 ,cde19508-d17b-3570-a942-4e397b2433c6,   -8.691750 ,  -70.123440 ,2023-09-17 18:17:00,Brasil,ACRE,FEIJÓ,Amazônia
 1651246031 ,c4aca194-323e-349e-9bc1-839c6c3e54fc,   -8.447580 ,  -70.221150 ,2023-09-17 18:17:00,Brasil,ACRE,FEIJÓ,Amazônia
 1651246032 ,bc7dadde-54a7-3038-8421-668fc06b10ac,   -8.445330 ,  -70.203770 ,2023-09-17 18:17:00,Brasil,ACRE,FEIJÓ,Amazônia
 1651246033 ,420e35ca-702e-3e28-9efb-f9928d708d2d,   -8.435420 ,  -70.222800 ,2023-09-17 18:17:00,Brasil,ACRE,FEIJÓ,Amazônia
 1651246034 ,8a7b86e8-123f-34f8-81a3-f1d0af76b010,   -9.227930 ,  -69.276150 ,2023-09-17 18:17:00,Brasil,ACRE,SENA MADUREIRA,Amazônia
 1651246035 ,4afc1976-f264-3047-8b9a-54ab2a52dc8b,   -9.227710 ,  -69.267490 ,2023-09-17 18:17:00,Brasil,ACRE,SENA MADUREIRA,Amazônia
 1651246036 ,01ac4732-0987-39c1-9eb3-42a0bd1e95ed,   -9.175300 ,  -69.136840 ,2023-09-17 18:17:00,Brasil,ACRE,SENA MADUREIRA,Amazônia
 1651246037 ,931dee9b-3987-36a9-adcc-6c84680fe7ff,   -9.087640 ,  -69.850880 ,2023-09-17 18:17:00,Brasil,ACRE,SANTA ROSA DO PURUS,Amazônia
 1651246038 ,dffc4318-8f15-3d26-988d-6645f1142593,   -8.754470 ,  -70.005330 ,2023-09-17 18:17:00,Brasil,ACRE,FEIJÓ,Amazônia
 1651246039 ,066bfde5-dd27-32f6-83b3-c4910fc7c030,   -8.739940 ,  -69.720170 ,2023-09-17 18:17:00,Brasil,ACRE,FEIJÓ,Amazônia
 1651246040 ,b9a06e09-3259-3239-8945-b1ba39467289,   -8.731120 ,  -69.655880 ,2023-09-17 18:17:00,Brasil,ACRE,MANOEL URBANO,Amazônia
 1651246041 ,9c8f1b69-228b-319b-8cd9-4b6ba0619d43,   -8.726490 ,  -69.552670 ,2023-09-17 18:17:00,Brasil,ACRE,MANOEL URBANO,Amazônia
 1651246042 ,eac99b18-a5be-31e7-b88e-3f4f2ffad47c,   -8.606670 ,  -69.944140 ,2023-09-17 18:17:00,Brasil,ACRE,FEIJÓ,Amazônia
 1651246043 ,de0f97a9-740d-35d9-af1b-9b8f6e74efbc,   -8.604490 ,  -69.927470 ,2023-09-17 18:17:00,Brasil,ACRE,FEIJÓ,Amazônia
 1651246044 ,1dee98c1-32b8-3987-af06-481f356a9414,   -8.597570 ,  -70.107710 ,2023-09-17 18:17:00,Brasil,ACRE,FEIJÓ,Amazônia
 1651246045 ,0f8618a3-f279-3d87-a5b7-c3eab264fa36,   -8.440920 ,  -70.211320 ,2023-09-17 18:17:00,Brasil,ACRE,FEIJÓ,Amazônia
 1651246046 ,6128a109-6605-3b60-8c55-22d10f57cfe0,   -8.406750 ,  -70.233350 ,2023-09-17 18:17:00,Brasil,ACRE,FEIJÓ,Amazônia
 1651246047 ,8a28c13a-e695-345f-910e-f0f04d4936d1,   -8.253230 ,  -70.177910 ,2023-09-17 18:17:00,Brasil,ACRE,FEIJÓ,Amazônia
 1651246048 ,5ea8aff6-718f-3cc2-8c63-14e3f0e030bd,   -8.248300 ,  -70.189260 ,2023-09-17 18:17:00,Brasil,ACRE,FEIJÓ,Amazônia
 1651246049 ,2e15f77e-f398-33b0-86b0-4007833fe8f2,   -8.246090 ,  -70.172070 ,2023-09-17 18:17:00,Brasil,ACRE,FEIJÓ,Amazônia
 1651246050 ,198c0354-86c0-336a-b5c5-5daa3cc65bba,   -8.241140 ,  -70.179490 ,2023-09-17 18:17:00,Brasil,ACRE,FEIJÓ,Amazônia
 1651246051 ,762505b5-f10e-3143-9c90-b54656e250b5,  -10.585440 ,  -69.231180 ,2023-09-17 18:17:00,Brasil,ACRE,BRASILÉIA,Amazônia
 1651246052 ,1374c222-6f7c-3f97-957b-c33d2c10c6fe,  -10.282740 ,  -69.290680 ,2023-09-17 18:17:00,Brasil,ACRE,SENA MADUREIRA,Amazônia
 1651246053 ,c768bbda-0539-3254-bd1b-37e60d132d2c,  -10.116230 ,  -69.149930 ,2023-09-17 18:17:00,Brasil,ACRE,SENA MADUREIRA,Amazônia
 1651246054 ,ec7cf1ba-83dc-32b7-8255-4acbf94f4278,  -10.115940 ,  -69.158630 ,2023-09-17 18:17:00,Brasil,ACRE,SENA MADUREIRA,Amazônia
 1651246055 ,f3c16c11-1687-3b0b-824b-9e139017089a,  -10.001620 ,  -69.061580 ,2023-09-17 18:17:00,Brasil,ACRE,SENA MADUREIRA,Amazônia
 1651246056 ,1eee93d2-00ee-355d-828f-c1471bf29504,  -10.776740 ,  -69.476280 ,2023-09-17 18:17:00,Brasil,ACRE,ASSIS BRASIL,Amazônia
 1651246057 ,481d9f2c-2a33-3533-9749-deaeba293f8f,  -10.739790 ,  -69.567200 ,2023-09-17 18:17:00,Brasil,ACRE,BRASILÉIA,Amazônia
 1651246058 ,906f9c07-3819-3c65-bbd6-69f3fb21c421,  -10.734230 ,  -69.574710 ,2023-09-17 18:17:00,Brasil,ACRE,BRASILÉIA,Amazônia
 1651246059 ,851e53d9-0c26-3229-a364-d4632347d27e,  -10.596590 ,  -69.685290 ,2023-09-17 18:17:00,Brasil,ACRE,ASSIS BRASIL,Amazônia
 1651246060 ,df9b5985-17ad-3fd1-bce1-1f087f0edcae,  -10.510630 ,  -69.828540 ,2023-09-17 18:17:00,Brasil,ACRE,ASSIS BRASIL,Amazônia
 1651246082 ,5c3cbbb1-a428-3a9a-9fda-cbae211ac1dd,   -8.024460 ,  -70.203340 ,2023-09-17 18:17:00,Brasil,ACRE,FEIJÓ,Amazônia
 1651246083 ,1e243ea2-eba9-3ae1-bbbb-6de19c4d46d4,   -7.964450 ,  -70.823840 ,2023-09-17 18:17:00,Brasil,ACRE,TARAUACÁ,Amazônia
 1651246090 ,bd8bc993-7168-3db1-bc1b-1afb055ef576,   -7.982900 ,  -70.261570 ,2023-09-17 18:17:00,Brasil,ACRE,FEIJÓ,Amazônia
 1651246091 ,644981eb-9d8b-3fd6-b046-a202c08956a6,   -7.963760 ,  -70.830900 ,2023-09-17 18:17:00,Brasil,ACRE,TARAUACÁ,Amazônia
 1651246092 ,080d1aae-e279-3ec9-be4a-f840c9ef4e2d,   -7.854950 ,  -70.889760 ,2023-09-17 18:17:00,Brasil,ACRE,TARAUACÁ,Amazônia
 1651246093 ,a8a4e170-b680-3370-817e-0af7ec293d10,   -7.811790 ,  -70.856570 ,2023-09-17 18:17:00,Brasil,ACRE,TARAUACÁ,Amazônia
 1651246096 ,dc2f0361-ddd9-3391-a006-ac22a169cc14,   -8.044620 ,  -71.329140 ,2023-09-17 18:17:00,Brasil,ACRE,TARAUACÁ,Amazônia
 1651246097 ,09a1bc17-2410-36fa-95a6-49fb7a467fda,   -8.043980 ,  -71.237950 ,2023-09-17 18:17:00,Brasil,ACRE,TARAUACÁ,Amazônia
 1651246098 ,88f3978c-297e-3819-9c0e-f9fbe1d9ca50,   -8.041800 ,  -71.308370 ,2023-09-17 18:17:00,Brasil,ACRE,TARAUACÁ,Amazônia
 1651246099 ,af255072-4d7e-309c-a11b-c4b5ef94369b,   -8.041490 ,  -71.322720 ,2023-09-17 18:17:00,Brasil,ACRE,TARAUACÁ,Amazônia
 1651246100 ,57672652-1c8f-3f1b-9f63-9468a8add42f,   -8.038820 ,  -71.301900 ,2023-09-17 18:17:00,Brasil,ACRE,TARAUACÁ,Amazônia
 1651246101 ,d30e4007-988a-3344-bd76-28a14f6e4d95,   -7.981310 ,  -71.359260 ,2023-09-17 18:17:00,Brasil,ACRE,TARAUACÁ,Amazônia
 1651246102 ,d96610b9-d9be-36f4-8a90-35835c111433,   -8.451320 ,  -70.346770 ,2023-09-17 18:17:00,Brasil,ACRE,FEIJÓ,Amazônia
 1651246103 ,4743477d-454d-3abd-906e-debe7c1a659f,   -8.449040 ,  -70.328970 ,2023-09-17 18:17:00,Brasil,ACRE,FEIJÓ,Amazônia
 1651246104 ,739b170a-4f70-3ee1-a170-66a6a4ce6af8,   -8.346950 ,  -70.372670 ,2023-09-17 18:17:00,Brasil,ACRE,FEIJÓ,Amazônia
 1651246105 ,fbe8631f-2c26-3f9d-b625-822ee38749a2,   -8.295450 ,  -70.361500 ,2023-09-17 18:17:00,Brasil,ACRE,FEIJÓ,Amazônia
 1651246106 ,6b113f7b-a3b5-33e7-927f-294df7c92b41,   -8.293140 ,  -70.343810 ,2023-09-17 18:17:00,Brasil,ACRE,FEIJÓ,Amazônia
 1651246107 ,95c622de-aef4-3a8b-8751-b69560e07e71,   -8.292500 ,  -70.435230 ,2023-09-17 18:17:00,Brasil,ACRE,FEIJÓ,Amazônia
 1651246108 ,f4f123b5-faaf-3f28-b225-3eb86ec8f80a,   -9.074980 ,  -70.947210 ,2023-09-17 18:17:00,Brasil,ACRE,FEIJÓ,Amazônia
 1651246109 ,c547814b-00b8-3196-85f0-a279c1a4f658,   -8.900390 ,  -70.601080 ,2023-09-17 18:17:00,Brasil,ACRE,FEIJÓ,Amazônia
 1651246110 ,37171e12-2a0a-358c-9706-9b4c0503e41b,   -8.801070 ,  -70.544410 ,2023-09-17 18:17:00,Brasil,ACRE,FEIJÓ,Amazônia
 1651246111 ,c3887218-0cca-3873-aaa8-a8ffc49d778c,   -8.768900 ,  -71.095210 ,2023-09-17 18:17:00,Brasil,ACRE,FEIJÓ,Amazônia
 1651246112 ,6371dfd7-f41a-32c1-9e4e-1d6609d6d040,   -8.668230 ,  -70.536020 ,2023-09-17 18:17:00,Brasil,ACRE,FEIJÓ,Amazônia
 1651246113 ,f5566383-b155-3ab5-8796-93d5269ba99c,   -8.648170 ,  -70.576650 ,2023-09-17 18:17:00,Brasil,ACRE,FEIJÓ,Amazônia
 1651246114 ,af4df13d-38fb-3522-a680-8bc55701a34d,   -8.610470 ,  -70.581650 ,2023-09-17 18:17:00,Brasil,ACRE,FEIJÓ,Amazônia
 1651246115 ,81973ef1-5db9-3582-86a4-3b429f222b76,   -8.589920 ,  -70.724320 ,2023-09-17 18:17:00,Brasil,ACRE,FEIJÓ,Amazônia
 1651246116 ,d9a18ee3-767b-3076-a933-f650ffa2a84c,   -8.589650 ,  -70.719500 ,2023-09-17 18:17:00,Brasil,ACRE,FEIJÓ,Amazônia
 1651246117 ,f381d528-ea80-356d-be1f-e027294528fc,   -8.587360 ,  -70.705310 ,2023-09-17 18:17:00,Brasil,ACRE,FEIJÓ,Amazônia
 1651246118 ,a41c108d-c8a5-3f13-ae0d-9b9eb97fc4ae,   -8.587230 ,  -70.700430 ,2023-09-17 18:17:00,Brasil,ACRE,FEIJÓ,Amazônia
 1651246119 ,72d473a2-f610-3956-80aa-3dd70a93cc2b,   -8.550620 ,  -71.017570 ,2023-09-17 18:17:00,Brasil,ACRE,TARAUACÁ,Amazônia
 1651246120 ,e38aac87-2430-33e2-a238-3485693d46fb,   -8.549010 ,  -71.010830 ,2023-09-17 18:17:00,Brasil,ACRE,TARAUACÁ,Amazônia
 1651246121 ,6acf3020-cba6-3e8b-b68d-b1aacf44938e,   -8.542450 ,  -70.957250 ,2023-09-17 18:17:00,Brasil,ACRE,TARAUACÁ,Amazônia
 1651246122 ,1338bd0c-1b48-3edf-9d32-a8b79da710aa,   -8.541320 ,  -70.950470 ,2023-09-17 18:17:00,Brasil,ACRE,TARAUACÁ,Amazônia
 1651246123 ,5e6eafbf-b305-3b35-901f-e04995c94e89,   -8.539770 ,  -70.937410 ,2023-09-17 18:17:00,Brasil,ACRE,TARAUACÁ,Amazônia
 1651246124 ,244cfbc2-ec68-3abc-a211-3f8d294183d2,   -8.472560 ,  -70.727460 ,2023-09-17 18:17:00,Brasil,ACRE,TARAUACÁ,Amazônia
 1651246125 ,92f910b9-dc48-392c-a1b9-3eb2c124ef2d,   -8.439250 ,  -71.162160 ,2023-09-17 18:17:00,Brasil,ACRE,TARAUACÁ,Amazônia
 1651246126 ,9f6cf81a-107c-3564-8cf1-ba51d537e587,   -8.424980 ,  -70.857160 ,2023-09-17 18:17:00,Brasil,ACRE,TARAUACÁ,Amazônia
 1651246127 ,2b2e7278-f48b-3b3d-bc7d-e5d62c80b6e5,   -8.394200 ,  -70.821560 ,2023-09-17 18:17:00,Brasil,ACRE,TARAUACÁ,Amazônia
 1651246128 ,bdb993f2-ca0f-306e-8d60-93fac9ed55fa,   -8.358940 ,  -70.556280 ,2023-09-17 18:17:00,Brasil,ACRE,FEIJÓ,Amazônia
 1651246129 ,9b870aa2-fa04-3f96-9717-ac4fc6170927,   -8.356480 ,  -70.537810 ,2023-09-17 18:17:00,Brasil,ACRE,FEIJÓ,Amazônia
 1651246130 ,6fbe7fb6-ac27-396e-97af-0dbbf8cdb3a5,   -8.330600 ,  -70.936270 ,2023-09-17 18:17:00,Brasil,ACRE,TARAUACÁ,Amazônia
 1651246131 ,d59a3648-1219-3f60-80eb-6049e02f05d9,   -8.329970 ,  -70.929700 ,2023-09-17 18:17:00,Brasil,ACRE,TARAUACÁ,Amazônia
 1651246132 ,9375b7b3-5a3b-31f8-b224-40cc71a78198,   -8.313140 ,  -71.206830 ,2023-09-17 18:17:00,Brasil,ACRE,TARAUACÁ,Amazônia
 1651246133 ,0ebc24f8-474c-3cc8-9331-7ea72e825fc1,   -8.307640 ,  -71.061510 ,2023-09-17 18:17:00,Brasil,ACRE,TARAUACÁ,Amazônia
 1651246134 ,a5435946-353b-3fd2-8688-5460a84e3575,   -8.297090 ,  -70.880600 ,2023-09-17 18:17:00,Brasil,ACRE,TARAUACÁ,Amazônia
 1651246135 ,0718e002-22e5-3418-b6cb-5d7963acfac8,   -8.247260 ,  -70.503270 ,2023-09-17 18:17:00,Brasil,ACRE,FEIJÓ,Amazônia
 1651246136 ,509c7885-584d-3cb8-887d-fc52454b8f50,   -8.199250 ,  -70.621930 ,2023-09-17 18:17:00,Brasil,ACRE,TARAUACÁ,Amazônia
 1651246137 ,ae63a68a-0059-38db-9ace-3e46fa099c56,   -8.195800 ,  -70.608600 ,2023-09-17 18:17:00,Brasil,ACRE,TARAUACÁ,Amazônia
 1651246138 ,4f49af6d-8ac0-3f40-98fc-554f72ebb35a,   -8.146000 ,  -71.325650 ,2023-09-17 18:17:00,Brasil,ACRE,TARAUACÁ,Amazônia
 1651246139 ,da981063-1a15-321b-9b9d-9632f905099f,   -8.033360 ,  -71.246330 ,2023-09-17 18:17:00,Brasil,ACRE,TARAUACÁ,Amazônia
 1651246140 ,5a56504b-b0eb-3455-8cfd-f5b5a7615449,   -8.030870 ,  -71.239800 ,2023-09-17 18:17:00,Brasil,ACRE,TARAUACÁ,Amazônia
 1651246141 ,263168a6-4cdf-3d7c-904c-a7105aecaf0b,   -8.030550 ,  -71.225690 ,2023-09-17 18:17:00,Brasil,ACRE,TARAUACÁ,Amazônia
 1651246142 ,a3438536-1529-3310-9f79-1d8061f43ff7,   -8.024240 ,  -70.582240 ,2023-09-17 18:17:00,Brasil,ACRE,TARAUACÁ,Amazônia
 1651246143 ,bd1f27ca-7b74-3ca5-86a4-85362e5e8afc,   -7.966910 ,  -70.843090 ,2023-09-17 18:17:00,Brasil,ACRE,TARAUACÁ,Amazônia
 1651246144 ,946c1b37-610a-3cef-8392-aa5d998f2a68,   -7.966360 ,  -70.850030 ,2023-09-17 18:17:00,Brasil,ACRE,TARAUACÁ,Amazônia
 1651246145 ,90c0f7bd-8a1f-33d9-86a8-37ed0b71eaf3,   -8.889930 ,  -70.719770 ,2023-09-17 18:17:00,Brasil,ACRE,FEIJÓ,Amazônia
 1651246146 ,115533e9-50f7-3fcb-aad3-60c693bf9f78,   -8.669960 ,  -70.528660 ,2023-09-17 18:17:00,Brasil,ACRE,FEIJÓ,Amazônia
 1651246147 ,bb22e48c-8724-3521-ad78-9715e4733255,   -8.650670 ,  -70.595400 ,2023-09-17 18:17:00,Brasil,ACRE,FEIJÓ,Amazônia
 1651246148 ,ca78bf5a-38ca-368e-ba8b-def0a7b59d32,   -8.635600 ,  -70.578340 ,2023-09-17 18:17:00,Brasil,ACRE,FEIJÓ,Amazônia
 1651246149 ,6d4328c9-1bf6-3c83-a829-d272def10c32,   -8.618140 ,  -70.542760 ,2023-09-17 18:17:00,Brasil,ACRE,FEIJÓ,Amazônia
 1651246150 ,be351992-8df2-37c3-b341-674c18aa34e7,   -8.615670 ,  -70.523960 ,2023-09-17 18:17:00,Brasil,ACRE,FEIJÓ,Amazônia
 1651246151 ,6b9d815c-bb3c-3266-b327-a5ce153852a1,   -8.612910 ,  -70.600330 ,2023-09-17 18:17:00,Brasil,ACRE,FEIJÓ,Amazônia
 1651246152 ,38516f37-8b68-395b-b7fa-d6df343790fa,   -8.574930 ,  -70.905710 ,2023-09-17 18:17:00,Brasil,ACRE,TARAUACÁ,Amazônia
 1651246153 ,572fdda1-a17a-335b-afae-8ba09eeb8c6b,   -8.570410 ,  -70.568120 ,2023-09-17 18:17:00,Brasil,ACRE,FEIJÓ,Amazônia
 1651246154 ,deb55a50-075e-3bd8-b239-a10efefb83d9,   -8.569540 ,  -70.573100 ,2023-09-17 18:17:00,Brasil,ACRE,FEIJÓ,Amazônia
 1651246155 ,5c878408-e5c3-3f9d-8ca9-da15767b401e,   -8.551590 ,  -71.031040 ,2023-09-17 18:17:00,Brasil,ACRE,TARAUACÁ,Amazônia
 1651246156 ,6e32dc3a-4667-3e91-8f92-89dde34f9842,   -8.538790 ,  -70.930620 ,2023-09-17 18:17:00,Brasil,ACRE,TARAUACÁ,Amazônia
 1651246157 ,6a7f571f-22c9-32af-adab-f9c6cc03c12b,   -8.483470 ,  -71.432410 ,2023-09-17 18:17:00,Brasil,ACRE,TARAUACÁ,Amazônia
 1651246158 ,0dc7ab1f-8dcf-382f-8e5d-ce910003311d,   -8.477640 ,  -70.765820 ,2023-09-17 18:17:00,Brasil,ACRE,TARAUACÁ,Amazônia
 1651246159 ,b57a1231-b604-3c93-98b1-82678c272a9f,   -8.475100 ,  -70.746630 ,2023-09-17 18:17:00,Brasil,ACRE,TARAUACÁ,Amazônia
 1651246160 ,0af6367f-4320-376b-bad6-119d7408cfd9,   -8.457790 ,  -70.334720 ,2023-09-17 18:17:00,Brasil,ACRE,FEIJÓ,Amazônia
 1651246161 ,19fa94e5-609d-3bf0-ab3d-4e8b069358c6,   -8.451590 ,  -71.176540 ,2023-09-17 18:17:00,Brasil,ACRE,TARAUACÁ,Amazônia
 1651246162 ,e5b04cb4-a60f-3391-937c-b591f41c6696,   -8.448990 ,  -71.155750 ,2023-09-17 18:17:00,Brasil,ACRE,TARAUACÁ,Amazônia
 1651246163 ,d49007b8-8742-3102-b2e7-9e08e8529401,   -8.445150 ,  -70.521140 ,2023-09-17 18:17:00,Brasil,ACRE,FEIJÓ,Amazônia
 1651246164 ,8e967c12-3204-3251-bfa9-53c1fc71c6ea,   -8.441960 ,  -71.182730 ,2023-09-17 18:17:00,Brasil,ACRE,TARAUACÁ,Amazônia
 1651246165 ,9262f013-e0ee-3c9b-912b-c66bfa7d6ecb,   -8.428430 ,  -70.302330 ,2023-09-17 18:17:00,Brasil,ACRE,FEIJÓ,Amazônia
 1651246166 ,aa316f69-b68f-3464-af78-59a830f3d50d,   -8.423930 ,  -70.852260 ,2023-09-17 18:17:00,Brasil,ACRE,TARAUACÁ,Amazônia
 1651246167 ,7fa7b19c-72aa-3178-89cf-e71fc6066264,   -8.363860 ,  -70.593270 ,2023-09-17 18:17:00,Brasil,ACRE,FEIJÓ,Amazônia
 1651246168 ,e169c13e-95f9-3896-8245-3df41175ec4b,   -8.302170 ,  -70.820690 ,2023-09-17 18:17:00,Brasil,ACRE,TARAUACÁ,Amazônia
 1651246169 ,a35359e6-90cb-3445-b8e0-5d7b4bfb5eac,   -8.294660 ,  -71.063350 ,2023-09-17 18:17:00,Brasil,ACRE,TARAUACÁ,Amazônia
 1651246170 ,23ac755c-8129-3c9f-ad4d-de92037d5155,   -8.254000 ,  -70.749160 ,2023-09-17 18:17:00,Brasil,ACRE,TARAUACÁ,Amazônia
 1651246171 ,9de8d09a-36b7-3402-a436-104145a81657,   -8.214150 ,  -70.638850 ,2023-09-17 18:17:00,Brasil,ACRE,TARAUACÁ,Amazônia
 1651246172 ,bfee23d0-8f72-31a1-8fa2-fab8c8fd522a,   -8.148710 ,  -71.346700 ,2023-09-17 18:17:00,Brasil,ACRE,TARAUACÁ,Amazônia
 1651246173 ,d354e663-5868-34fb-90f1-8f55900aceb9,   -8.138090 ,  -70.654170 ,2023-09-17 18:17:00,Brasil,ACRE,TARAUACÁ,Amazônia
 1651246174 ,34b0cc7f-fa9a-3ad9-9bd5-7a7d983c776b,   -9.404900 ,  -71.186670 ,2023-09-17 18:17:00,Brasil,ACRE,FEIJÓ,Amazônia
 1651246189 ,e7ca912d-d36a-3efe-8c93-9dd1c419ae0e,   -7.779550 ,  -73.083200 ,2023-09-17 18:17:00,Brasil,ACRE,RODRIGUES ALVES,Amazônia
 1651246190 ,ab51edda-9faa-3d98-8869-b10a27b597aa,   -7.701870 ,  -73.071380 ,2023-09-17 18:17:00,Brasil,ACRE,RODRIGUES ALVES,Amazônia
 1651246191 ,8fa01302-4dd8-34a8-a7ff-8cf6c8a79e2d,   -7.700340 ,  -73.064550 ,2023-09-17 18:17:00,Brasil,ACRE,RODRIGUES ALVES,Amazônia
 1651246192 ,9ece790b-f8a2-3627-bba2-e091c4d136e2,   -7.611230 ,  -73.082940 ,2023-09-17 18:17:00,Brasil,ACRE,MÂNCIO LIMA,Amazônia
 1651246196 ,adeea40c-fcd5-34d5-afd7-75c3a07aa578,   -7.776960 ,  -73.078950 ,2023-09-17 18:17:00,Brasil,ACRE,RODRIGUES ALVES,Amazônia
 1651246197 ,c983249b-096d-3c8f-b279-0cea305bb535,   -7.775850 ,  -73.054780 ,2023-09-17 18:17:00,Brasil,ACRE,RODRIGUES ALVES,Amazônia
 1651246198 ,cc5d1e2d-6504-3c51-bec9-a883b30c281e,   -7.698150 ,  -73.043080 ,2023-09-17 18:17:00,Brasil,ACRE,RODRIGUES ALVES,Amazônia
 1651246199 ,f8b80e54-5a14-39c5-b866-16504e66a6bb,   -7.637880 ,  -72.682160 ,2023-09-17 18:17:00,Brasil,ACRE,CRUZEIRO DO SUL,Amazônia
 1651246200 ,dee9fa17-ce25-3a71-bc55-79b530c7a16a,   -7.883030 ,  -73.066000 ,2023-09-17 18:17:00,Brasil,ACRE,RODRIGUES ALVES,Amazônia
 1651246201 ,358dfc0e-f8b2-3887-8113-dd9fd83be591,   -7.877740 ,  -73.030730 ,2023-09-17 18:17:00,Brasil,ACRE,RODRIGUES ALVES,Amazônia
 1651246202 ,13881aee-d161-3313-bc6f-fb5d0ccbe238,   -8.419010 ,  -72.874900 ,2023-09-17 18:17:00,Brasil,ACRE,PORTO WALTER,Amazônia
 1651246203 ,977e9d6e-62db-3fbb-a896-7cef98fc0d66,   -9.034820 ,  -72.720740 ,2023-09-17 18:17:00,Brasil,ACRE,MARECHAL THAUMATURGO,Amazônia
 1651246204 ,d44ae9df-42c8-38fe-a1d2-c0c34d716fb0,   -9.019140 ,  -72.470420 ,2023-09-17 18:17:00,Brasil,ACRE,MARECHAL THAUMATURGO,Amazônia
 1651246205 ,9a496f7b-ab3e-38a7-a39c-ec779285bfa7,   -8.984530 ,  -72.674770 ,2023-09-17 18:17:00,Brasil,ACRE,MARECHAL THAUMATURGO,Amazônia
 1651246206 ,b5d7d56d-092e-334f-9992-a4cd934df5be,   -8.977490 ,  -72.618930 ,2023-09-17 18:17:00,Brasil,ACRE,MARECHAL THAUMATURGO,Amazônia
 1651246207 ,53a71225-4c65-3a7a-b3a9-f7dcff5fb55f,   -8.955160 ,  -72.685210 ,2023-09-17 18:17:00,Brasil,ACRE,MARECHAL THAUMATURGO,Amazônia
 1651246208 ,c254af4d-e344-305b-ad0d-cbe62b308afa,   -8.954580 ,  -72.678090 ,2023-09-17 18:17:00,Brasil,ACRE,MARECHAL THAUMATURGO,Amazônia
 1651246209 ,9a96639a-2d4e-335c-965b-67cd538dc224,   -8.417870 ,  -72.868090 ,2023-09-17 18:17:00,Brasil,ACRE,PORTO WALTER,Amazônia
 1651246210 ,6d2ef1f4-d140-33aa-9757-92916f51cf22,   -7.881280 ,  -73.059410 ,2023-09-17 18:17:00,Brasil,ACRE,RODRIGUES ALVES,Amazônia
 1651246211 ,ab7f6998-c3a0-33b5-8ced-807793fd27b3,   -7.879280 ,  -73.037340 ,2023-09-17 18:17:00,Brasil,ACRE,RODRIGUES ALVES,Amazônia
 1651246222 ,d78e6ca5-6671-3b8a-903c-e1250d9236ab,   -7.456000 ,  -73.636060 ,2023-09-17 18:17:00,Brasil,ACRE,MÂNCIO LIMA,Amazônia
 1651246672 ,0df96b34-fc00-3aee-84c4-45069c99b5f9,   -9.962990 ,  -66.765010 ,2023-09-17 18:17:00,Brasil,ACRE,ACRELÂNDIA,Amazônia
 1651246673 ,6a2c23a7-549a-3293-a9aa-d4e52ff6874d,   -9.961500 ,  -66.754300 ,2023-09-17 18:17:00,Brasil,ACRE,ACRELÂNDIA,Amazônia
 1651246688 ,125a133a-ec70-3b48-9170-56f740061ef7,  -10.367450 ,  -67.331090 ,2023-09-17 18:17:00,Brasil,ACRE,PLÁCIDO DE CASTRO,Amazônia
 1651246689 ,25258bd3-49da-3599-9bd8-412a06c62016,  -10.080630 ,  -67.166730 ,2023-09-17 18:17:00,Brasil,ACRE,PLÁCIDO DE CASTRO,Amazônia
 1651246824 ,5b2eb0d1-ef75-3102-81b3-c98d5955eb57,   -9.281500 ,  -68.815320 ,2023-09-17 18:17:00,Brasil,ACRE,SENA MADUREIRA,Amazônia
 1651246865 ,d13ae9fa-0b61-3b50-8252-dd728d1e453e,   -9.395980 ,  -67.904080 ,2023-09-17 18:17:00,Brasil,ACRE,PORTO ACRE,Amazônia
 1651246866 ,db0f0070-3077-3dd9-b17f-689daaf905b0,   -9.394280 ,  -67.891800 ,2023-09-17 18:17:00,Brasil,ACRE,PORTO ACRE,Amazônia
 1651246867 ,26cf78a2-e90b-373e-bb97-ff693514bcf4,   -9.313680 ,  -68.123880 ,2023-09-17 18:17:00,Brasil,ACRE,BUJARI,Amazônia
 1651246868 ,0237630a-9469-3981-820c-c29c7a7b01ac,   -9.311960 ,  -68.111240 ,2023-09-17 18:17:00,Brasil,ACRE,BUJARI,Amazônia
 1651246882 ,6912a79f-ebd1-329f-9230-363a512ec2a8,   -9.811940 ,  -68.136000 ,2023-09-17 18:17:00,Brasil,ACRE,BUJARI,Amazônia
 1651246883 ,40c8d504-6733-3906-9861-f78c29533171,   -9.810250 ,  -68.123120 ,2023-09-17 18:17:00,Brasil,ACRE,BUJARI,Amazônia
 1651246884 ,4d04d56d-d973-3630-9d2b-2113e96b6ce7,   -9.805120 ,  -68.130470 ,2023-09-17 18:17:00,Brasil,ACRE,BUJARI,Amazônia
 1651246885 ,b0450854-ab43-379c-986c-28e99cc59bb5,   -9.765110 ,  -67.841130 ,2023-09-17 18:17:00,Brasil,ACRE,BUJARI,Amazônia
 1651246886 ,0a79cb27-c1b2-3a9d-a4be-0ff40179a057,   -9.763420 ,  -67.828930 ,2023-09-17 18:17:00,Brasil,ACRE,BUJARI,Amazônia
 1651246887 ,fc0928ea-22e2-3a2d-8fd4-08c1e68612a0,   -9.761730 ,  -67.835090 ,2023-09-17 18:17:00,Brasil,ACRE,BUJARI,Amazônia
 1651246888 ,681bd211-44f1-3301-9693-d6a5b87d56f4,  -10.551630 ,  -68.187190 ,2023-09-17 18:17:00,Brasil,ACRE,XAPURI,Amazônia
 1651246889 ,01fefd1e-a1cf-3d2b-9a4b-7eafd1d420e1,  -10.432270 ,  -68.338720 ,2023-09-17 18:17:00,Brasil,ACRE,XAPURI,Amazônia
 1651246890 ,ff8c6527-e102-3594-864b-92f7f0fbacaf,  -10.423250 ,  -67.950390 ,2023-09-17 18:17:00,Brasil,ACRE,CAPIXABA,Amazônia
 1651246891 ,c9e2d67e-6c74-3cc3-8fcb-437cb2dc7506,  -10.418980 ,  -67.958630 ,2023-09-17 18:17:00,Brasil,ACRE,CAPIXABA,Amazônia
 1651246892 ,5b9e4824-c063-31ff-879f-758c11e1ad25,  -10.414420 ,  -68.043370 ,2023-09-17 18:17:00,Brasil,ACRE,CAPIXABA,Amazônia
 1651246893 ,47fa8aa6-7047-39f3-86e8-e1e46df31978,  -10.376240 ,  -67.840480 ,2023-09-17 18:17:00,Brasil,ACRE,CAPIXABA,Amazônia
 1651246894 ,68d5e4e8-e536-3e23-9c33-668043d0d475,  -10.330000 ,  -68.345630 ,2023-09-17 18:17:00,Brasil,ACRE,RIO BRANCO,Amazônia
 1651246895 ,78ac977e-c154-3fb1-bd20-e3e70e56e7ba,  -10.305440 ,  -67.999180 ,2023-09-17 18:17:00,Brasil,ACRE,RIO BRANCO,Amazônia
 1651246896 ,66fe4b2e-2cf3-3762-9b49-498e5535fbaa,  -10.256520 ,  -67.953930 ,2023-09-17 18:17:00,Brasil,ACRE,RIO BRANCO,Amazônia
 1651246897 ,fa6d900d-7a75-35ea-9dab-946b38d262d6,  -10.144400 ,  -68.411020 ,2023-09-17 18:17:00,Brasil,ACRE,RIO BRANCO,Amazônia
 1651246898 ,6795d8bd-048b-31f0-8586-db76b0c1eef9,  -10.084320 ,  -68.314320 ,2023-09-17 18:17:00,Brasil,ACRE,RIO BRANCO,Amazônia
 1651246899 ,d2caf391-166a-3db6-be6f-43dfb06e117b,  -10.781870 ,  -68.735610 ,2023-09-17 18:17:00,Brasil,ACRE,EPITACIOLÂNDIA,Amazônia
 1651246900 ,e8f45b34-e5ad-340b-bc20-623390dcde04,  -10.743790 ,  -68.534650 ,2023-09-17 18:17:00,Brasil,ACRE,XAPURI,Amazônia
 1651246901 ,8e7915ef-efe2-30ce-83af-4642d4541319,  -10.741890 ,  -68.520320 ,2023-09-17 18:17:00,Brasil,ACRE,XAPURI,Amazônia
 1651246902 ,5af6f9bc-fa3d-3d37-a126-d42dfed0cc32,  -10.721790 ,  -68.624900 ,2023-09-17 18:17:00,Brasil,ACRE,EPITACIOLÂNDIA,Amazônia
 1651246903 ,49d3749d-7b94-389c-9873-fc26323ad0fb,  -10.650790 ,  -69.050540 ,2023-09-17 18:17:00,Brasil,ACRE,BRASILÉIA,Amazônia
 1651246904 ,6c6ca16b-692a-30d3-9294-86413930a8e1,  -10.638420 ,  -69.122570 ,2023-09-17 18:17:00,Brasil,ACRE,BRASILÉIA,Amazônia
 1651246905 ,ba71bbc9-6da5-35ee-8d85-3279519379c1,  -10.633550 ,  -68.997270 ,2023-09-17 18:17:00,Brasil,ACRE,BRASILÉIA,Amazônia
 1651246906 ,38707ccf-ba2c-3d88-86c3-8ca2d18a12c0,  -10.627540 ,  -68.687460 ,2023-09-17 18:17:00,Brasil,ACRE,XAPURI,Amazônia
 1651246907 ,c0001510-ea2d-35aa-97ae-f93ed516215a,  -10.621410 ,  -68.905980 ,2023-09-17 18:17:00,Brasil,ACRE,XAPURI,Amazônia
 1651246908 ,835e5a45-30eb-3b62-bf78-1794ea33cc4f,  -10.618230 ,  -68.792990 ,2023-09-17 18:17:00,Brasil,ACRE,XAPURI,Amazônia
 1651246909 ,d236da20-c314-371e-8f8b-e5894c5d32a3,  -10.607830 ,  -69.158860 ,2023-09-17 18:17:00,Brasil,ACRE,BRASILÉIA,Amazônia
 1651246910 ,741606b4-0185-3781-ba72-353bf95ee0be,  -10.599230 ,  -69.001850 ,2023-09-17 18:17:00,Brasil,ACRE,BRASILÉIA,Amazônia
 1651246911 ,6b3336fa-42c6-34c2-a0fd-2af77486f747,  -10.579610 ,  -68.489920 ,2023-09-17 18:17:00,Brasil,ACRE,XAPURI,Amazônia
 1651246912 ,0a664358-2b05-3063-a63c-5e8b1265230f,  -10.547540 ,  -68.870090 ,2023-09-17 18:17:00,Brasil,ACRE,XAPURI,Amazônia
 1651246913 ,59f9028e-dc4e-30fa-9c50-e33b88411aed,  -10.499480 ,  -69.114450 ,2023-09-17 18:17:00,Brasil,ACRE,XAPURI,Amazônia
 1651246914 ,af29b95f-fc6e-337d-896b-cb3b7ffa329a,  -10.490610 ,  -69.122790 ,2023-09-17 18:17:00,Brasil,ACRE,XAPURI,Amazônia
 1651246915 ,44b26e58-c650-33c0-9441-e40eb0abe147,  -10.443580 ,  -68.768390 ,2023-09-17 18:17:00,Brasil,ACRE,XAPURI,Amazônia
 1651246916 ,8ef9edf6-1da0-3a4c-9e38-cc6e1ff27a4a,  -10.439830 ,  -68.739170 ,2023-09-17 18:17:00,Brasil,ACRE,XAPURI,Amazônia
 1651246917 ,277e0fd8-c001-3e75-a563-ea4269b38ec6,  -10.439680 ,  -68.746210 ,2023-09-17 18:17:00,Brasil,ACRE,XAPURI,Amazônia
 1651246918 ,1072ad18-c50d-3aaa-aeaf-0b6ff04be7b7,  -10.437950 ,  -68.724510 ,2023-09-17 18:17:00,Brasil,ACRE,XAPURI,Amazônia
 1651246919 ,440faf23-3ca1-34a2-9ebd-c8185508e9d3,  -10.437690 ,  -68.731550 ,2023-09-17 18:17:00,Brasil,ACRE,XAPURI,Amazônia
 1651246920 ,f764d5a7-bd70-3e15-81f5-972fcc01d39e,  -10.402270 ,  -68.721650 ,2023-09-17 18:17:00,Brasil,ACRE,XAPURI,Amazônia
 1651246922 ,51250c30-a848-354a-b970-d021b7fc163f,   -9.500160 ,  -67.704920 ,2023-09-17 18:17:00,Brasil,ACRE,PORTO ACRE,Amazônia
 1651246927 ,f68e5abd-e46d-339f-a7c0-871cf2568d7d,   -9.999610 ,  -69.046550 ,2023-09-17 18:17:00,Brasil,ACRE,SENA MADUREIRA,Amazônia
 1651246928 ,7b45fefe-f4df-3dcb-aa76-1c81f30ee596,   -9.969220 ,  -68.736430 ,2023-09-17 18:17:00,Brasil,ACRE,RIO BRANCO,Amazônia
 1651246929 ,dbc85de9-3625-35b9-9760-62e9c03819f7,   -9.915820 ,  -68.846240 ,2023-09-17 18:17:00,Brasil,ACRE,SENA MADUREIRA,Amazônia
 1651246930 ,54d53a2b-7577-3393-8d1b-df76b89539cc,   -9.895300 ,  -68.775490 ,2023-09-17 18:17:00,Brasil,ACRE,SENA MADUREIRA,Amazônia
 1651246931 ,148785a4-7e0e-3d6a-9b5b-f02a7bf7b0ff,   -9.893440 ,  -68.761040 ,2023-09-17 18:17:00,Brasil,ACRE,SENA MADUREIRA,Amazônia
 1651246932 ,f241f44e-de20-3eed-b19c-2d506a2bbc4a,   -9.892650 ,  -68.767940 ,2023-09-17 18:17:00,Brasil,ACRE,SENA MADUREIRA,Amazônia
 1651246933 ,69f23edd-e981-32ec-8b15-ec901c73aa33,   -9.866050 ,  -68.549950 ,2023-09-17 18:17:00,Brasil,ACRE,RIO BRANCO,Amazônia
 1651246934 ,303111c4-8868-30cc-adad-cd8797fdaa49,   -9.861890 ,  -68.543240 ,2023-09-17 18:17:00,Brasil,ACRE,RIO BRANCO,Amazônia
 1651246935 ,46cc5e45-003d-3b76-851b-2f819fc7ecee,   -9.852800 ,  -68.981170 ,2023-09-17 18:17:00,Brasil,ACRE,SENA MADUREIRA,Amazônia
 1651246936 ,9948b635-d307-3fd6-8878-52cabba3fbe2,   -9.718610 ,  -68.568240 ,2023-09-17 18:17:00,Brasil,ACRE,RIO BRANCO,Amazônia
 1651246937 ,60073c02-41a6-3dac-a1b6-40557442b82c,   -9.716760 ,  -68.554340 ,2023-09-17 18:17:00,Brasil,ACRE,RIO BRANCO,Amazônia
 1651246938 ,e0fdf29e-ff5f-3405-8aaf-d0bbd51d476e,   -9.670690 ,  -68.567280 ,2023-09-17 18:17:00,Brasil,ACRE,RIO BRANCO,Amazônia
 1651246939 ,36150e6d-2b52-3fa3-bee7-77d285b58a76,   -9.669540 ,  -68.723520 ,2023-09-17 18:17:00,Brasil,ACRE,SENA MADUREIRA,Amazônia
 1651246940 ,deb4ad04-9ae1-3c38-a2fb-b0e85192859d,   -9.668820 ,  -68.553590 ,2023-09-17 18:17:00,Brasil,ACRE,RIO BRANCO,Amazônia
 1651246941 ,42960415-99b9-3286-ac8b-457699344786,   -9.585360 ,  -68.593050 ,2023-09-17 18:17:00,Brasil,ACRE,RIO BRANCO,Amazônia
 1651246942 ,d5ac0b1c-47da-3c53-9130-5e5f9af52098,   -9.583720 ,  -68.598540 ,2023-09-17 18:17:00,Brasil,ACRE,RIO BRANCO,Amazônia
 1651246943 ,f96c9749-b4e7-38e1-8c3a-53d8e06676a9,   -9.581850 ,  -68.584850 ,2023-09-17 18:17:00,Brasil,ACRE,RIO BRANCO,Amazônia
 1651246944 ,c0ae61bb-e10b-34d0-8b72-c9a1efa725c7,   -9.565630 ,  -68.629040 ,2023-09-17 18:17:00,Brasil,ACRE,RIO BRANCO,Amazônia
 1651246945 ,2b854540-69ff-3ca8-8c9a-4a4a92e82368,   -9.551010 ,  -68.602910 ,2023-09-17 18:17:00,Brasil,ACRE,RIO BRANCO,Amazônia
 1651246946 ,9f422921-0000-3159-a026-283104be0ace,   -9.512900 ,  -68.566300 ,2023-09-17 18:17:00,Brasil,ACRE,SENA MADUREIRA,Amazônia
 1651246947 ,7701c350-0bae-3f56-aee3-496ad60dd41d,   -9.428670 ,  -68.626640 ,2023-09-17 18:17:00,Brasil,ACRE,SENA MADUREIRA,Amazônia
 1651246948 ,6d5e0b89-a9c7-399b-a2f1-41cf0587811c,   -9.406880 ,  -68.629730 ,2023-09-17 18:17:00,Brasil,ACRE,SENA MADUREIRA,Amazônia
 1651246949 ,8cf8db03-a351-3254-892e-f9aa91b18df6,   -9.405290 ,  -68.635240 ,2023-09-17 18:17:00,Brasil,ACRE,SENA MADUREIRA,Amazônia
 1651246950 ,96c13d73-9b2f-38fa-b359-6b3559fbff1c,   -9.365370 ,  -68.668820 ,2023-09-17 18:17:00,Brasil,ACRE,SENA MADUREIRA,Amazônia
 1651246951 ,f8d9b490-aeb3-3a12-9fda-b672d4449d49,   -9.329480 ,  -68.837590 ,2023-09-17 18:17:00,Brasil,ACRE,SENA MADUREIRA,Amazônia
 1651246952 ,0b459dde-a880-3161-ba54-527ee8179b95,   -9.327540 ,  -68.823300 ,2023-09-17 18:17:00,Brasil,ACRE,SENA MADUREIRA,Amazônia
 1651246953 ,17f5edab-5caf-33be-b6ca-fa8656219cf4,   -9.316500 ,  -68.824860 ,2023-09-17 18:17:00,Brasil,ACRE,SENA MADUREIRA,Amazônia
 1651246954 ,38d0f368-6844-371a-a61e-1b6b167a03e3,  -10.226600 ,  -68.505040 ,2023-09-17 18:17:00,Brasil,ACRE,RIO BRANCO,Amazônia
 1651246955 ,3ff13051-da6f-3a57-af7d-edde8be6833b,  -10.224810 ,  -68.491210 ,2023-09-17 18:17:00,Brasil,ACRE,RIO BRANCO,Amazônia
 1651246956 ,4a30a718-85aa-36ae-8f99-01fa22e68afb,  -10.222640 ,  -68.498340 ,2023-09-17 18:17:00,Brasil,ACRE,RIO BRANCO,Amazônia
 1651246957 ,20fef1e9-c066-3719-9be8-87ccb8c13cad,  -10.191060 ,  -69.033970 ,2023-09-17 18:17:00,Brasil,ACRE,RIO BRANCO,Amazônia
 1651246958 ,96188d4f-76a1-32c9-9f6d-65eb083f8812,  -10.149280 ,  -68.967920 ,2023-09-17 18:17:00,Brasil,ACRE,RIO BRANCO,Amazônia
 1651246959 ,93227c14-3c56-3544-9b4e-d4c1f43512cf,  -10.147310 ,  -68.953000 ,2023-09-17 18:17:00,Brasil,ACRE,RIO BRANCO,Amazônia
 1651246960 ,d9ddd7e6-6a95-3d5c-accd-a2def36a73bb,  -10.144150 ,  -68.666400 ,2023-09-17 18:17:00,Brasil,ACRE,RIO BRANCO,Amazônia
 1651246961 ,12638180-2c5d-3220-bcb6-3c1b911b3df4,  -10.143820 ,  -68.671520 ,2023-09-17 18:17:00,Brasil,ACRE,RIO BRANCO,Amazônia
 1651246962 ,26f32c50-c60d-33dd-9e25-3ee3d82f7595,  -10.141900 ,  -68.657330 ,2023-09-17 18:17:00,Brasil,ACRE,RIO BRANCO,Amazônia
 1651246963 ,ea055b79-61be-35ea-9112-405cee115a24,  -10.086380 ,  -69.014100 ,2023-09-17 18:17:00,Brasil,ACRE,SENA MADUREIRA,Amazônia
 1651246964 ,e039c196-63a1-353b-9799-76f79a330dcc,  -10.035450 ,  -68.529050 ,2023-09-17 18:17:00,Brasil,ACRE,RIO BRANCO,Amazônia
 1651246965 ,3473229e-c21a-3f48-9409-a537de734d4f,  -10.033670 ,  -68.515200 ,2023-09-17 18:17:00,Brasil,ACRE,RIO BRANCO,Amazônia
 1651246966 ,22c10cf9-ce15-3f05-8f66-430a255b99e9,  -10.031350 ,  -68.522370 ,2023-09-17 18:17:00,Brasil,ACRE,RIO BRANCO,Amazônia
 1651246996 ,e82fc90d-20a6-3d4a-aaf5-1754adf212d8,  -10.935850 ,  -68.688000 ,2023-09-17 18:17:00,Brasil,ACRE,EPITACIOLÂNDIA,Amazônia
 1651246997 ,81c9bc58-fcd5-35a8-91f4-877b66ccd4d5,  -10.933940 ,  -68.673450 ,2023-09-17 18:17:00,Brasil,ACRE,EPITACIOLÂNDIA,Amazônia
 1651246998 ,36f1464e-cd18-3a7c-9207-cf0b350231a9,  -10.918720 ,  -69.162770 ,2023-09-17 18:17:00,Brasil,ACRE,BRASILÉIA,Amazônia
 1651246999 ,99d273b3-dd5b-34f3-b70e-debf598c0c63,  -10.907080 ,  -69.164310 ,2023-09-17 18:17:00,Brasil,ACRE,BRASILÉIA,Amazônia
 1651247000 ,1f98e8a3-7d8a-3a9c-b318-8639599ccc43,  -10.889080 ,  -68.679280 ,2023-09-17 18:17:00,Brasil,ACRE,EPITACIOLÂNDIA,Amazônia
 1651247001 ,d14857f2-0eea-392a-88a8-0de9b9a2e04f,  -10.834210 ,  -68.781980 ,2023-09-17 18:17:00,Brasil,ACRE,EPITACIOLÂNDIA,Amazônia
 1651433758 ,13aef1d0-b50d-3f8e-86f9-756ec7d37a6b,  -10.402380 ,  -67.995860 ,2023-09-18 18:58:00,Brasil,ACRE,CAPIXABA,Amazônia
 1651433759 ,92ce6ceb-240f-3340-acf7-2fced28112aa,  -10.401150 ,  -67.988730 ,2023-09-18 18:58:00,Brasil,ACRE,CAPIXABA,Amazônia
 1651433760 ,675fbc86-69ab-3c01-ad79-03e744fdccfe,  -10.399040 ,  -67.975400 ,2023-09-18 18:58:00,Brasil,ACRE,CAPIXABA,Amazônia
 1651433761 ,00f11393-bbf6-3eb4-8183-0a0e0c29a803,  -10.389460 ,  -67.998100 ,2023-09-18 18:58:00,Brasil,ACRE,CAPIXABA,Amazônia
 1651433762 ,5469206c-5ab3-3a4f-bbd0-2e19faa06081,  -10.388240 ,  -67.991000 ,2023-09-18 18:58:00,Brasil,ACRE,CAPIXABA,Amazônia
 1651433763 ,0b494a29-b780-32f9-bb22-955a27b8e8b0,  -10.386130 ,  -67.977810 ,2023-09-18 18:58:00,Brasil,ACRE,CAPIXABA,Amazônia
 1651433764 ,6cc0389d-fc1a-36a2-8a1a-d013c8cfed4c,  -10.384750 ,  -67.970700 ,2023-09-18 18:58:00,Brasil,ACRE,CAPIXABA,Amazônia
 1651433765 ,ab6a32da-75ff-3132-aa29-c9c2ef79fe2e,  -10.111840 ,  -68.471470 ,2023-09-18 18:58:00,Brasil,ACRE,RIO BRANCO,Amazônia
 1651434516 ,32c295f0-b4cf-3818-aa0f-e97fd1b42b63,   -9.476160 ,  -70.482490 ,2023-09-18 19:00:00,Brasil,ACRE,SANTA ROSA DO PURUS,Amazônia
 1651434517 ,45d224ac-3935-31d1-b548-21e2098d1ccb,  -10.456130 ,  -69.766020 ,2023-09-18 18:58:00,Brasil,ACRE,SENA MADUREIRA,Amazônia
 1651434531 ,c7f7ccb5-32e9-3528-88c5-c5b3c43bffd6,   -9.238390 ,  -71.916150 ,2023-09-18 19:00:00,Brasil,ACRE,JORDÃO,Amazônia
 1651434532 ,47143550-7b4e-37dc-836d-132625080645,   -9.211450 ,  -71.806270 ,2023-09-18 19:00:00,Brasil,ACRE,JORDÃO,Amazônia
 1651434533 ,b8b963d0-4b99-3283-b978-2d7d83ee2425,   -9.148710 ,  -71.937020 ,2023-09-18 19:00:00,Brasil,ACRE,JORDÃO,Amazônia
 1651434534 ,cfd6cab9-7928-3f8c-bf0e-d76ddb8cad79,   -8.953070 ,  -71.258190 ,2023-09-18 19:00:00,Brasil,ACRE,FEIJÓ,Amazônia
 1651434535 ,3b02467b-5a80-3b6b-970d-ba95ef476fbb,   -8.107640 ,  -71.615240 ,2023-09-18 19:00:00,Brasil,ACRE,TARAUACÁ,Amazônia
 1651434536 ,3ee0af45-fde9-3df7-adde-b9e63ff15bcf,   -8.856050 ,  -71.367780 ,2023-09-18 19:00:00,Brasil,ACRE,TARAUACÁ,Amazônia
 1651434537 ,2b3ec33b-4df9-3a9b-97fe-3b2213bf2949,   -8.854160 ,  -71.355630 ,2023-09-18 19:00:00,Brasil,ACRE,TARAUACÁ,Amazônia
 1651434538 ,4e6795e7-34ff-302c-a95f-18fcbd8770e8,   -8.794790 ,  -70.766720 ,2023-09-18 19:00:00,Brasil,ACRE,FEIJÓ,Amazônia
 1651434539 ,30c10e7e-af92-38d3-bfc4-ea6cfd4d1651,   -8.794130 ,  -71.175970 ,2023-09-18 19:00:00,Brasil,ACRE,FEIJÓ,Amazônia
 1651434540 ,c0f9ae94-4236-3e4a-93b5-cb423b2b1e37,   -8.788170 ,  -71.138470 ,2023-09-18 19:00:00,Brasil,ACRE,FEIJÓ,Amazônia
 1651434541 ,2faa5ea0-e9ef-38e4-bf01-74626a7135c2,   -8.767110 ,  -71.108800 ,2023-09-18 19:00:00,Brasil,ACRE,FEIJÓ,Amazônia
 1651434542 ,636d928a-c856-38f3-8ea9-bc3540fda91c,   -8.766790 ,  -70.798230 ,2023-09-18 19:00:00,Brasil,ACRE,FEIJÓ,Amazônia
 1651434543 ,ece632b1-c86c-3fa3-83ee-706c5a4465f2,   -8.665370 ,  -70.941350 ,2023-09-18 19:00:00,Brasil,ACRE,FEIJÓ,Amazônia
 1651434544 ,fca8d3ea-1856-304d-b74c-149f33b1477b,   -8.620150 ,  -70.968660 ,2023-09-18 19:00:00,Brasil,ACRE,TARAUACÁ,Amazônia
 1651434545 ,c574dfcc-055f-3533-9148-fe2b94b5edd7,   -8.618110 ,  -70.955630 ,2023-09-18 19:00:00,Brasil,ACRE,TARAUACÁ,Amazônia
 1651434546 ,dcfb5a96-e138-3951-8bed-5bf2672ee617,   -8.551300 ,  -71.441010 ,2023-09-18 19:00:00,Brasil,ACRE,TARAUACÁ,Amazônia
 1651434547 ,c82234b8-4398-3880-8930-57d90060b914,   -8.445060 ,  -70.716720 ,2023-09-18 19:00:00,Brasil,ACRE,TARAUACÁ,Amazônia
 1651434548 ,3b587387-ded9-36d8-a266-a1c049f788f2,   -8.389860 ,  -70.815280 ,2023-09-18 19:00:00,Brasil,ACRE,TARAUACÁ,Amazônia
 1651434549 ,c85b0c4a-43f4-3d02-8701-d19701cbe131,   -8.368630 ,  -71.053250 ,2023-09-18 19:00:00,Brasil,ACRE,TARAUACÁ,Amazônia
 1651434552 ,65358ef8-b4d1-3d32-8baf-d84e4fd34642,   -7.875810 ,  -72.847200 ,2023-09-18 19:00:00,Brasil,ACRE,RODRIGUES ALVES,Amazônia
 1651434553 ,184243b1-2552-388d-9d32-a19c82333768,   -7.844740 ,  -71.844630 ,2023-09-18 19:00:00,Brasil,ACRE,TARAUACÁ,Amazônia
 1651434554 ,b570b38a-006b-3ced-9ec5-39a42594a561,   -7.830860 ,  -73.036780 ,2023-09-18 19:00:00,Brasil,ACRE,RODRIGUES ALVES,Amazônia
 1651434555 ,4fe4f46b-0345-3fe4-81eb-68dbee14b75d,   -7.825210 ,  -71.918770 ,2023-09-18 19:00:00,Brasil,ACRE,TARAUACÁ,Amazônia
 1651434556 ,f9448049-96cc-31ef-83a3-45e55301b919,   -7.808550 ,  -72.339720 ,2023-09-18 19:00:00,Brasil,ACRE,CRUZEIRO DO SUL,Amazônia
 1651434557 ,2c9e529b-b96d-3b65-86d4-9a0c60a353d0,   -7.782530 ,  -72.972140 ,2023-09-18 19:00:00,Brasil,ACRE,RODRIGUES ALVES,Amazônia
 1651434558 ,afaa2e07-3dc6-3d59-85b3-dd1df5066f7c,   -7.780380 ,  -72.988520 ,2023-09-18 19:00:00,Brasil,ACRE,RODRIGUES ALVES,Amazônia
 1651434559 ,e7b05abd-997f-37db-adce-43532e702429,   -7.778890 ,  -72.978400 ,2023-09-18 19:00:00,Brasil,ACRE,RODRIGUES ALVES,Amazônia
 1651434560 ,db9c373c-dc25-3ea3-8de3-a86bf300c877,   -7.771960 ,  -73.061890 ,2023-09-18 19:00:00,Brasil,ACRE,RODRIGUES ALVES,Amazônia
 1651434561 ,45d0ae97-ded1-34e5-a145-fe775472598c,   -7.709460 ,  -73.030270 ,2023-09-18 19:00:00,Brasil,ACRE,RODRIGUES ALVES,Amazônia
 1651434562 ,106dc1f7-d1a7-34eb-a3a2-599c9d57c543,   -7.705910 ,  -72.406710 ,2023-09-18 19:00:00,Brasil,ACRE,CRUZEIRO DO SUL,Amazônia
 1651434563 ,aead8e60-3f81-32e6-b2a0-521152bfe8c7,   -7.695250 ,  -72.480060 ,2023-09-18 19:00:00,Brasil,ACRE,CRUZEIRO DO SUL,Amazônia
 1651434564 ,bbe48d89-fc69-33c4-b0c6-11c805ba04b6,   -7.653940 ,  -73.086550 ,2023-09-18 19:00:00,Brasil,ACRE,MÂNCIO LIMA,Amazônia
 1651434565 ,75a4e9b3-05a2-3997-b29d-84ee6bef2987,   -7.576720 ,  -73.052700 ,2023-09-18 19:00:00,Brasil,ACRE,MÂNCIO LIMA,Amazônia
 1651434570 ,2df8cf43-0e3c-3e50-8076-42f2d2d0b33e,   -9.253490 ,  -72.015150 ,2023-09-18 19:00:00,Brasil,ACRE,JORDÃO,Amazônia
 1651434571 ,c13ff99f-ee5b-3e38-b8dd-0dcffa74afe5,   -9.251830 ,  -72.004220 ,2023-09-18 19:00:00,Brasil,ACRE,JORDÃO,Amazônia
 1651434572 ,623155c6-1e3c-396b-a4ce-59a6e5d368ab,   -8.128070 ,  -72.848160 ,2023-09-18 19:00:00,Brasil,ACRE,CRUZEIRO DO SUL,Amazônia
 1651434573 ,8154f6dd-29e4-3927-9e88-3d89cc3837dc,   -8.036640 ,  -72.820470 ,2023-09-18 19:00:00,Brasil,ACRE,CRUZEIRO DO SUL,Amazônia
 1651434574 ,b132406f-d4d2-3c63-8230-8d8157d1af57,   -8.021010 ,  -72.459820 ,2023-09-18 19:00:00,Brasil,ACRE,CRUZEIRO DO SUL,Amazônia
 1651434575 ,9c1a94b0-8ad1-3699-bafc-34d6c44805ae,   -8.009040 ,  -72.736660 ,2023-09-18 19:00:00,Brasil,ACRE,CRUZEIRO DO SUL,Amazônia
 1651434576 ,8e0c83f6-3b7d-35a5-ad68-c56dee002ba0,   -8.890130 ,  -72.727290 ,2023-09-18 19:00:00,Brasil,ACRE,MARECHAL THAUMATURGO,Amazônia
 1651434577 ,59b292fc-9016-374a-8d54-df6c4f4f3560,   -8.886790 ,  -72.769130 ,2023-09-18 19:00:00,Brasil,ACRE,MARECHAL THAUMATURGO,Amazônia
 1651434578 ,91d9edc0-5b6d-3d25-ad62-036ee918647d,   -8.785780 ,  -72.770010 ,2023-09-18 19:00:00,Brasil,ACRE,MARECHAL THAUMATURGO,Amazônia
 1651434579 ,acba7c98-7070-330c-ac48-4c7d202f96b7,   -8.784250 ,  -72.759900 ,2023-09-18 19:00:00,Brasil,ACRE,MARECHAL THAUMATURGO,Amazônia
 1651434580 ,9b7699cd-739c-341a-b29f-6a332745ac94,   -8.616910 ,  -72.400830 ,2023-09-18 19:00:00,Brasil,ACRE,PORTO WALTER,Amazônia
 1651434581 ,56a07bea-af62-3991-b0aa-d5c660f50320,   -8.615280 ,  -72.390220 ,2023-09-18 19:00:00,Brasil,ACRE,PORTO WALTER,Amazônia
 1651434582 ,3df8d66b-5ba6-3c4b-85dd-4edd0abe47ff,   -8.612010 ,  -72.385430 ,2023-09-18 19:00:00,Brasil,ACRE,PORTO WALTER,Amazônia
 1651434583 ,2ceaff52-271e-323a-8855-304dcd19735a,   -8.576610 ,  -72.412640 ,2023-09-18 19:00:00,Brasil,ACRE,PORTO WALTER,Amazônia
 1651434584 ,5147992e-9e61-39ad-9761-115a67711de0,   -8.419920 ,  -72.788790 ,2023-09-18 19:00:00,Brasil,ACRE,PORTO WALTER,Amazônia
 1651434585 ,76f8ce03-7f35-36d1-ba99-cbdacac0ddb1,   -8.252630 ,  -72.837520 ,2023-09-18 19:00:00,Brasil,ACRE,PORTO WALTER,Amazônia
 1651434627 ,3793c8ef-c87c-3172-9713-9b8ae59a7748,   -7.581270 ,  -73.275890 ,2023-09-18 19:00:00,Brasil,ACRE,MÂNCIO LIMA,Amazônia
 1651434628 ,6a876972-4991-385a-8a8f-57d50e2e95f2,   -7.478270 ,  -73.398400 ,2023-09-18 19:00:00,Brasil,ACRE,MÂNCIO LIMA,Amazônia
 1651434629 ,c5a21ea9-d747-343e-b44c-c040f29968e3,   -7.456850 ,  -73.486850 ,2023-09-18 19:00:00,Brasil,ACRE,MÂNCIO LIMA,Amazônia
 1651434630 ,4b5ca340-b742-319c-92aa-e8fcb108d149,   -7.455420 ,  -73.477180 ,2023-09-18 19:00:00,Brasil,ACRE,MÂNCIO LIMA,Amazônia
 1651631217 ,1b1f5eed-a223-34b9-b703-c1b8fe425817,   -9.543330 ,  -68.775000 ,2023-09-19 18:02:00,Brasil,ACRE,SENA MADUREIRA,Amazônia
 1651631218 ,40af88f1-332e-3c87-9a69-d91b7e231c3f,   -9.542560 ,  -68.770560 ,2023-09-19 18:02:00,Brasil,ACRE,SENA MADUREIRA,Amazônia
 1651631219 ,f0870c5c-fb9d-37bf-8525-de90b4c5340c,   -9.539870 ,  -68.747820 ,2023-09-19 18:02:00,Brasil,ACRE,SENA MADUREIRA,Amazônia
 1651777520 ,9832f47a-1dee-312e-9f31-81ccd4b423aa,  -10.200180 ,  -67.049050 ,2023-09-20 18:45:00,Brasil,ACRE,ACRELÂNDIA,Amazônia
 1651777539 ,7c086bac-b222-34fa-aabe-b6bbaec3af4c,  -10.741010 ,  -68.935970 ,2023-09-20 18:45:00,Brasil,ACRE,XAPURI,Amazônia
 1651777540 ,7f66d260-0803-3a03-b37c-b431a7e5ac47,  -10.630820 ,  -69.175380 ,2023-09-20 18:45:00,Brasil,ACRE,BRASILÉIA,Amazônia
 1651777541 ,974793de-fb37-3d83-8d61-70f3d119e78d,  -10.613370 ,  -68.391310 ,2023-09-20 18:45:00,Brasil,ACRE,XAPURI,Amazônia
 1651777542 ,151f7714-3935-3a4c-845c-9e0358dfcef5,  -10.555310 ,  -68.352570 ,2023-09-20 18:45:00,Brasil,ACRE,XAPURI,Amazônia
 1651777543 ,7a3d93dd-72f9-373a-9d04-c9aa48414db0,  -10.520150 ,  -69.119660 ,2023-09-20 18:45:00,Brasil,ACRE,XAPURI,Amazônia
 1651777544 ,a450a2de-84ea-3598-9f8a-bfdb1596513e,  -10.387090 ,  -68.310140 ,2023-09-20 18:45:00,Brasil,ACRE,RIO BRANCO,Amazônia
 1651777545 ,fe52356e-c736-3f3d-8e39-73e5ab887973,  -10.351210 ,  -68.735570 ,2023-09-20 18:45:00,Brasil,ACRE,RIO BRANCO,Amazônia
 1651777546 ,db471776-fb2c-323f-8b48-96061e8a8c1f,  -10.335550 ,  -68.696420 ,2023-09-20 18:45:00,Brasil,ACRE,RIO BRANCO,Amazônia
 1651777547 ,1d79b9e7-00a9-3c7b-91a9-e99769dbfc46,  -10.333970 ,  -68.686200 ,2023-09-20 18:45:00,Brasil,ACRE,RIO BRANCO,Amazônia
 1651777548 ,ecda86ca-1657-3ca1-bdde-d9d545600281,  -10.272410 ,  -68.764850 ,2023-09-20 18:45:00,Brasil,ACRE,RIO BRANCO,Amazônia
 1651777549 ,58ef8a50-b705-3a5b-a45c-4dd4b9925897,   -9.866260 ,  -68.930950 ,2023-09-20 18:45:00,Brasil,ACRE,SENA MADUREIRA,Amazônia
 1651777550 ,d1ae222a-796f-3fa7-9435-c0e2fd2e6226,   -9.865370 ,  -68.796750 ,2023-09-20 18:45:00,Brasil,ACRE,SENA MADUREIRA,Amazônia
 1651777551 ,03e9066f-ea3e-3568-970c-15635fea149e,   -9.864750 ,  -68.920910 ,2023-09-20 18:45:00,Brasil,ACRE,SENA MADUREIRA,Amazônia
 1651777552 ,cce39293-887c-3c3b-b958-c174c30d02e7,   -9.862470 ,  -68.559570 ,2023-09-20 18:45:00,Brasil,ACRE,RIO BRANCO,Amazônia
 1651777553 ,a5117eeb-5d8d-30a5-acae-dbda9cf50e3c,   -9.860860 ,  -68.549120 ,2023-09-20 18:45:00,Brasil,ACRE,RIO BRANCO,Amazônia
 1651777554 ,8637d7df-fabf-32bc-b7ef-8b03a4d5f622,   -9.856880 ,  -68.932450 ,2023-09-20 18:45:00,Brasil,ACRE,SENA MADUREIRA,Amazônia
 1651777555 ,3fea5a92-6019-3fa9-907f-13eb3aa4e8d3,   -9.836810 ,  -68.863400 ,2023-09-20 18:45:00,Brasil,ACRE,SENA MADUREIRA,Amazônia
 1651777556 ,c82f7115-eec8-3554-940f-9a4a8d826544,   -9.811810 ,  -68.825950 ,2023-09-20 18:45:00,Brasil,ACRE,SENA MADUREIRA,Amazônia
 1651777557 ,aa768dc7-ef1b-3138-bf33-746bf7e3f18c,   -9.782870 ,  -68.930050 ,2023-09-20 18:45:00,Brasil,ACRE,SENA MADUREIRA,Amazônia
 1651777558 ,f166402e-0140-3245-aede-e406f8870f8f,   -9.781370 ,  -68.920020 ,2023-09-20 18:45:00,Brasil,ACRE,SENA MADUREIRA,Amazônia
 1651777559 ,99605adb-139e-3684-8791-f399d611b23d,   -9.326020 ,  -68.886570 ,2023-09-20 18:45:00,Brasil,ACRE,SENA MADUREIRA,Amazônia
 1651777560 ,b71747fd-7341-3b02-9de3-d86844f0fa02,   -9.304030 ,  -68.869140 ,2023-09-20 18:45:00,Brasil,ACRE,SENA MADUREIRA,Amazônia
 1651777561 ,f3f7719a-e727-3751-a8b5-5e6be29db091,  -10.638590 ,  -69.164280 ,2023-09-20 18:45:00,Brasil,ACRE,BRASILÉIA,Amazônia
 1651777562 ,3505968e-2295-30ec-83fc-09e469584a07,  -10.629360 ,  -69.165700 ,2023-09-20 18:45:00,Brasil,ACRE,BRASILÉIA,Amazônia
 1651777563 ,878dc005-fb47-377f-a57c-76ccf3a1f23f,  -10.540760 ,  -68.515170 ,2023-09-20 18:45:00,Brasil,ACRE,XAPURI,Amazônia
 1651777564 ,064ad7bc-6caf-3102-9613-1bcd334e876e,  -10.476940 ,  -69.062420 ,2023-09-20 18:45:00,Brasil,ACRE,XAPURI,Amazônia
 1651777565 ,0344a15b-d74c-3bde-b018-a86d97617d77,  -10.436850 ,  -68.378140 ,2023-09-20 18:45:00,Brasil,ACRE,XAPURI,Amazônia
 1651777566 ,b4174059-d4a9-3fae-9e2d-54f74bc7f923,  -10.435250 ,  -68.367600 ,2023-09-20 18:45:00,Brasil,ACRE,XAPURI,Amazônia
 1651777567 ,b13b8659-0f07-391a-adc4-6d9d9d1a0b9b,  -10.385440 ,  -68.299490 ,2023-09-20 18:45:00,Brasil,ACRE,RIO BRANCO,Amazônia
 1651777568 ,eecd47f8-5c0e-3af6-84e3-fb7fbf53eb99,  -10.361220 ,  -68.352620 ,2023-09-20 18:45:00,Brasil,ACRE,RIO BRANCO,Amazônia
 1651777569 ,59b37d9e-24c9-30cc-b6dc-e597dfeb0368,  -10.329240 ,  -68.693630 ,2023-09-20 18:45:00,Brasil,ACRE,RIO BRANCO,Amazônia
 1651777570 ,7fc43bd8-4b84-3471-af09-c6c869395f89,  -10.229570 ,  -68.227140 ,2023-09-20 18:45:00,Brasil,ACRE,RIO BRANCO,Amazônia
 1651777571 ,876d6013-f6e3-350c-839b-ef8a2ecc65ac,  -10.147870 ,  -68.612340 ,2023-09-20 18:45:00,Brasil,ACRE,RIO BRANCO,Amazônia
 1651777572 ,506d0ea6-0474-3ee4-9663-1213ba4e75db,  -10.024400 ,  -68.413950 ,2023-09-20 18:45:00,Brasil,ACRE,RIO BRANCO,Amazônia
 1651777573 ,cadd4b09-5b53-35ee-ad2f-706c257fc492,  -10.730440 ,  -68.866710 ,2023-09-20 18:45:00,Brasil,ACRE,XAPURI,Amazônia
 1651777574 ,a2270230-0fab-32fb-8087-1ae148635e34,  -10.728920 ,  -68.856770 ,2023-09-20 18:45:00,Brasil,ACRE,XAPURI,Amazônia
 1651777588 ,9cd76c04-c5f1-3dc1-aeae-4539e27d174a,  -10.995060 ,  -68.348980 ,2023-09-20 18:45:00,Brasil,ACRE,XAPURI,Amazônia
 1651777603 ,b859e2c5-2e68-3769-b53c-b34b887dcd80,  -10.987130 ,  -68.296590 ,2023-09-20 18:45:00,Brasil,ACRE,XAPURI,Amazônia
 1651777604 ,08b69688-928d-39f7-8d82-66be37db8b4e,  -10.925530 ,  -68.429590 ,2023-09-20 18:45:00,Brasil,ACRE,EPITACIOLÂNDIA,Amazônia
 1651777605 ,c92bb55c-8200-346d-bf18-4bbe4a43d919,  -10.876290 ,  -68.233480 ,2023-09-20 18:45:00,Brasil,ACRE,XAPURI,Amazônia
 1651779507 ,cbd36d4f-5b4a-3989-b5f7-cc743f702e99,   -8.739120 ,  -70.274630 ,2023-09-20 18:45:00,Brasil,ACRE,FEIJÓ,Amazônia
 1651779508 ,bdccbf65-578d-3b9d-adff-4f4508187153,   -8.939680 ,  -69.325550 ,2023-09-20 18:45:00,Brasil,ACRE,MANOEL URBANO,Amazônia
 1651779509 ,71871da8-1718-3e45-943b-492a44da926b,   -8.938230 ,  -69.315740 ,2023-09-20 18:45:00,Brasil,ACRE,MANOEL URBANO,Amazônia
 1651779510 ,0bc2c22e-a1d9-31bb-8dee-d2de29e2c0ed,   -8.888480 ,  -69.110080 ,2023-09-20 18:45:00,Brasil,ACRE,MANOEL URBANO,Amazônia
 1651779511 ,679b6cee-b6a2-3310-89bc-489253683cc3,   -8.175750 ,  -70.141630 ,2023-09-20 18:45:00,Brasil,ACRE,FEIJÓ,Amazônia
 1651779512 ,4d3aa21f-22ad-3c38-a1eb-da18da9af944,  -10.616740 ,  -69.207180 ,2023-09-20 18:45:00,Brasil,ACRE,BRASILÉIA,Amazônia
 1651779513 ,dc5f3954-624b-3a85-9fc3-9f00121eec2a,  -10.615290 ,  -69.197530 ,2023-09-20 18:45:00,Brasil,ACRE,BRASILÉIA,Amazônia
 1651779514 ,17710bfd-b45e-3efa-a882-ab92a56ee656,  -10.613370 ,  -69.247220 ,2023-09-20 18:45:00,Brasil,ACRE,BRASILÉIA,Amazônia
 1651779515 ,f1bde28f-87c3-3cf5-bff3-f8b536f1ed5b,  -10.605640 ,  -69.258330 ,2023-09-20 18:45:00,Brasil,ACRE,BRASILÉIA,Amazônia
 1651779516 ,bd1f2894-04f0-3a01-abd0-05c0f1018b07,  -10.599970 ,  -69.275510 ,2023-09-20 18:45:00,Brasil,ACRE,BRASILÉIA,Amazônia
 1651779517 ,ce70cbd5-a95f-389f-938f-e6162a9119dd,  -10.567520 ,  -69.309910 ,2023-09-20 18:45:00,Brasil,ACRE,BRASILÉIA,Amazônia
 1651779518 ,15d69e92-4e2f-3199-8fc8-622c5a710ce5,  -10.556040 ,  -69.233060 ,2023-09-20 18:45:00,Brasil,ACRE,BRASILÉIA,Amazônia
 1651779519 ,3247792e-22f7-3cee-94f4-798562a880da,  -10.539600 ,  -69.186180 ,2023-09-20 18:45:00,Brasil,ACRE,BRASILÉIA,Amazônia
 1651779520 ,414bad10-6979-3ebc-bd47-e7f2085a1d58,  -10.509020 ,  -69.171170 ,2023-09-20 18:45:00,Brasil,ACRE,BRASILÉIA,Amazônia
 1651779521 ,1e2e6bff-dcaa-3edd-9076-684811b32ace,  -10.638670 ,  -69.477450 ,2023-09-20 18:45:00,Brasil,ACRE,BRASILÉIA,Amazônia
 1651779522 ,3f6c4d1b-a963-3ad1-94c0-e8c76e1141d3,  -10.607090 ,  -69.267920 ,2023-09-20 18:45:00,Brasil,ACRE,BRASILÉIA,Amazônia
 1651779523 ,878c48d3-ec29-340a-85d5-4561dd197af0,  -10.578120 ,  -69.318080 ,2023-09-20 18:45:00,Brasil,ACRE,BRASILÉIA,Amazônia
 1651779524 ,d2468fcd-fd74-38ff-8484-879ef582e606,  -10.557480 ,  -69.242670 ,2023-09-20 18:45:00,Brasil,ACRE,BRASILÉIA,Amazônia
 1651779525 ,f67f52bb-9b29-39d2-8574-b574c5ce6b22,  -10.543420 ,  -69.274380 ,2023-09-20 18:45:00,Brasil,ACRE,BRASILÉIA,Amazônia
 1651779526 ,6d1c569f-a845-3177-b07f-9c9927b250d3,  -10.541050 ,  -69.195850 ,2023-09-20 18:45:00,Brasil,ACRE,BRASILÉIA,Amazônia
 1651779527 ,7cdcc171-066a-30ca-aa2d-0076171c6df6,  -10.522140 ,  -69.258020 ,2023-09-20 18:45:00,Brasil,ACRE,BRASILÉIA,Amazônia
 1651779528 ,da09362c-52d9-3a6f-a71d-79455be66970,  -10.507120 ,  -69.220950 ,2023-09-20 18:45:00,Brasil,ACRE,BRASILÉIA,Amazônia
 1651779529 ,3fb51295-a133-3193-963c-82d477183e5a,  -10.500000 ,  -69.218060 ,2023-09-20 18:45:00,Brasil,ACRE,BRASILÉIA,Amazônia
 1651779530 ,0b516509-b718-3d67-92cc-c147151ea648,  -10.492520 ,  -69.483390 ,2023-09-20 18:45:00,Brasil,ACRE,SENA MADUREIRA,Amazônia
 1651779531 ,f7a43704-918f-373d-b09f-fe2562c2033d,  -10.486080 ,  -69.377440 ,2023-09-20 18:45:00,Brasil,ACRE,SENA MADUREIRA,Amazônia
 1651779532 ,3ebd129b-1cdc-3730-b861-7d3c9a198438,  -10.461170 ,  -69.273450 ,2023-09-20 18:45:00,Brasil,ACRE,RIO BRANCO,Amazônia
 1651779533 ,e0c628c0-13de-380f-acb4-f9701ecbe326,  -10.459730 ,  -69.263820 ,2023-09-20 18:45:00,Brasil,ACRE,BRASILÉIA,Amazônia
 1651779534 ,672aee93-78f2-3250-8077-3c602e0e06e3,  -10.123200 ,  -69.162050 ,2023-09-20 18:45:00,Brasil,ACRE,SENA MADUREIRA,Amazônia
 1651779535 ,7b2b695c-8c6d-3db4-9b9c-cae3f1edb78e,  -10.089050 ,  -69.187260 ,2023-09-20 18:45:00,Brasil,ACRE,SENA MADUREIRA,Amazônia
 1651779536 ,aafa8c46-fb34-3b1e-a438-3fdc526507f5,  -10.087590 ,  -69.177510 ,2023-09-20 18:45:00,Brasil,ACRE,SENA MADUREIRA,Amazônia
 1651779537 ,cc500fe8-fca4-3b93-8964-9188c83eb1ed,  -10.806400 ,  -69.551770 ,2023-09-20 18:45:00,Brasil,ACRE,BRASILÉIA,Amazônia
 1651779538 ,52bfb898-689d-37ac-a536-3bf7cbbcbfc1,  -10.791010 ,  -69.573340 ,2023-09-20 18:45:00,Brasil,ACRE,BRASILÉIA,Amazônia
 1651779539 ,453bf780-0353-3870-8931-e418f07e0ce7,  -10.788140 ,  -69.678980 ,2023-09-20 18:45:00,Brasil,ACRE,BRASILÉIA,Amazônia
 1651779540 ,9ae69c4e-de97-3ee1-8869-b9657769b46f,  -10.781250 ,  -69.507550 ,2023-09-20 18:45:00,Brasil,ACRE,BRASILÉIA,Amazônia
 1651779541 ,88c53a66-7aaf-3c3b-8a32-4f6f07e8fc65,  -10.779090 ,  -69.680360 ,2023-09-20 18:45:00,Brasil,ACRE,BRASILÉIA,Amazônia
 1651779542 ,b2d7d95a-74e9-30b7-9c60-3cd6e245ac23,  -10.732110 ,  -69.428180 ,2023-09-20 18:45:00,Brasil,ACRE,ASSIS BRASIL,Amazônia
 1651779543 ,37a184d8-0a25-308b-a52c-521d9d8ec899,  -10.727250 ,  -69.457930 ,2023-09-20 18:45:00,Brasil,ACRE,ASSIS BRASIL,Amazônia
 1651779544 ,11f137f6-e693-3691-bf00-38364a46f9f7,  -10.721940 ,  -69.599310 ,2023-09-20 18:45:00,Brasil,ACRE,BRASILÉIA,Amazônia
 1651779545 ,50e9a937-988b-3ffe-967d-d1c397fdc960,  -10.710730 ,  -69.648940 ,2023-09-20 18:45:00,Brasil,ACRE,BRASILÉIA,Amazônia
 1651779546 ,91c71088-893b-3cc5-b513-a16ad7c105d5,  -10.709340 ,  -69.639570 ,2023-09-20 18:45:00,Brasil,ACRE,BRASILÉIA,Amazônia
 1651779547 ,0da46af5-79e8-3c65-af5d-1500659449d8,  -10.708780 ,  -69.447150 ,2023-09-20 18:45:00,Brasil,ACRE,ASSIS BRASIL,Amazônia
 1651779548 ,2ac12029-ab52-3e9e-b351-00fd01650d96,  -10.687750 ,  -69.556630 ,2023-09-20 18:45:00,Brasil,ACRE,BRASILÉIA,Amazônia
 1651779558 ,f13d3fee-2267-3cb5-aaf3-bfab0e08c9c6,   -7.932340 ,  -70.930630 ,2023-09-20 18:45:00,Brasil,ACRE,TARAUACÁ,Amazônia
 1651779559 ,07c0732f-fe80-3b82-8fd8-8e2781c126e2,   -7.846490 ,  -70.663740 ,2023-09-20 18:45:00,Brasil,ACRE,TARAUACÁ,Amazônia
 1651779560 ,8ae9a77c-8ed6-38de-81eb-77c3f687e04a,   -7.839670 ,  -70.868230 ,2023-09-20 18:45:00,Brasil,ACRE,TARAUACÁ,Amazônia
 1651779561 ,d11f827e-509a-31ed-a9cc-072c44772fc4,   -7.790420 ,  -70.844310 ,2023-09-20 18:45:00,Brasil,ACRE,TARAUACÁ,Amazônia
 1651779562 ,eb1fd0d8-9afc-328a-81e4-6d22386b9fc6,   -7.789110 ,  -70.835280 ,2023-09-20 18:45:00,Brasil,ACRE,TARAUACÁ,Amazônia
 1651779565 ,d0f2b113-2443-3f0f-8cad-f45f906baae8,   -8.066580 ,  -71.161770 ,2023-09-20 18:45:00,Brasil,ACRE,TARAUACÁ,Amazônia
 1651779566 ,fe8f6149-8979-3c2f-8b7b-69cf1bffa997,   -8.065280 ,  -71.152800 ,2023-09-20 18:45:00,Brasil,ACRE,TARAUACÁ,Amazônia
 1651779567 ,095b9e97-35bc-301b-a25b-94a51c71a9fc,   -8.048550 ,  -71.100350 ,2023-09-20 18:45:00,Brasil,ACRE,TARAUACÁ,Amazônia
 1651779568 ,31df9a00-e7b6-392f-a482-fc37a14ce518,   -8.047250 ,  -71.091380 ,2023-09-20 18:45:00,Brasil,ACRE,TARAUACÁ,Amazônia
 1651779569 ,7cd094ad-a41a-3d87-bb92-0941696f9aab,   -8.038110 ,  -71.028560 ,2023-09-20 18:45:00,Brasil,ACRE,TARAUACÁ,Amazônia
 1651779570 ,4c0cbfb2-6e91-36a6-9449-58b5e3ccc2d9,   -8.036810 ,  -71.019580 ,2023-09-20 18:45:00,Brasil,ACRE,TARAUACÁ,Amazônia
 1651779571 ,deb3f92f-a62f-38bf-a08c-c98038f4921b,   -8.005530 ,  -71.057450 ,2023-09-20 18:45:00,Brasil,ACRE,TARAUACÁ,Amazônia
 1651779572 ,b15ce127-951f-35d0-957a-d750f8f79aa1,   -7.992510 ,  -70.967620 ,2023-09-20 18:45:00,Brasil,ACRE,TARAUACÁ,Amazônia
 1651779573 ,19f8779e-3fe5-36fb-adab-f5421636a75e,   -7.946530 ,  -70.965290 ,2023-09-20 18:45:00,Brasil,ACRE,TARAUACÁ,Amazônia
 1651779574 ,f2316fd7-503a-3ef9-a6f1-04724c90f54e,   -9.090070 ,  -70.724070 ,2023-09-20 18:45:00,Brasil,ACRE,FEIJÓ,Amazônia
 1651779575 ,a192620b-6d8e-3c99-88a3-aee1d134cfb5,   -8.936460 ,  -71.251550 ,2023-09-20 18:45:00,Brasil,ACRE,FEIJÓ,Amazônia
 1651779576 ,60956234-b03b-33d4-9d07-4106b019dcda,   -8.932310 ,  -70.842860 ,2023-09-20 18:45:00,Brasil,ACRE,FEIJÓ,Amazônia
 1651779577 ,06c902af-3575-3ce7-bcbd-913b26c5f33a,   -8.931000 ,  -70.833860 ,2023-09-20 18:45:00,Brasil,ACRE,FEIJÓ,Amazônia
 1651779578 ,11e40aa2-ca87-33f2-b2c4-64a18f0be93c,   -8.923380 ,  -70.844200 ,2023-09-20 18:45:00,Brasil,ACRE,FEIJÓ,Amazônia
 1651779579 ,77b849ed-ff54-3f38-adea-2908ceaf8bfa,   -8.922070 ,  -70.835210 ,2023-09-20 18:45:00,Brasil,ACRE,FEIJÓ,Amazônia
 1651779580 ,75add14a-f793-37bc-9f2a-655d49858969,   -8.880500 ,  -71.305690 ,2023-09-20 18:45:00,Brasil,ACRE,FEIJÓ,Amazônia
 1651779581 ,6361e544-d9e1-3a56-9203-d106bdfa9bb0,   -8.879070 ,  -71.232580 ,2023-09-20 18:45:00,Brasil,ACRE,FEIJÓ,Amazônia
 1651779582 ,ab3f647b-2dd6-3ef1-8bcb-c092a16eac65,   -8.874970 ,  -71.404790 ,2023-09-20 18:45:00,Brasil,ACRE,TARAUACÁ,Amazônia
 1651779583 ,40df0325-7585-3270-b90d-19f86e07ccd8,   -8.873680 ,  -71.395810 ,2023-09-20 18:45:00,Brasil,ACRE,TARAUACÁ,Amazônia
 1651779584 ,93cf1f6f-561e-340f-9bc3-1a2312794016,   -8.872240 ,  -71.322690 ,2023-09-20 18:45:00,Brasil,ACRE,FEIJÓ,Amazônia
 1651779585 ,b6becb9d-589a-3d17-936d-14fdc64263ab,   -8.865760 ,  -71.277820 ,2023-09-20 18:45:00,Brasil,ACRE,FEIJÓ,Amazônia
 1651779586 ,71e4761a-337c-3eff-8047-2499a044ce6e,   -8.860730 ,  -71.306060 ,2023-09-20 18:45:00,Brasil,ACRE,FEIJÓ,Amazônia
 1651779587 ,6a5e8953-9ce9-3c57-b534-363b94722eff,   -8.859430 ,  -71.297090 ,2023-09-20 18:45:00,Brasil,ACRE,FEIJÓ,Amazônia
 1651779588 ,75b285c8-bb84-3093-a9a4-bb89a931bcfb,   -8.858140 ,  -71.288120 ,2023-09-20 18:45:00,Brasil,ACRE,FEIJÓ,Amazônia
 1651779589 ,97a5de6f-da68-39e3-9190-1a98da9c3418,   -8.849220 ,  -71.289440 ,2023-09-20 18:45:00,Brasil,ACRE,FEIJÓ,Amazônia
 1651779590 ,e6751212-6b56-3d3e-b561-95f7bb681d61,   -8.847920 ,  -71.280470 ,2023-09-20 18:45:00,Brasil,ACRE,FEIJÓ,Amazônia
 1651779591 ,a68e6109-bf71-3c11-8c16-650f8e6fb373,   -8.843830 ,  -70.612830 ,2023-09-20 18:45:00,Brasil,ACRE,FEIJÓ,Amazônia
 1651779592 ,d6b4c084-9184-3f52-ae32-a3d4ac0651c4,   -8.830090 ,  -71.283120 ,2023-09-20 18:45:00,Brasil,ACRE,TARAUACÁ,Amazônia
 1651779593 ,2fe925c9-6557-38cf-bfce-f85c4b5c3aa5,   -8.829430 ,  -71.026630 ,2023-09-20 18:45:00,Brasil,ACRE,FEIJÓ,Amazônia
 1651779594 ,1aa0d61c-0db8-3181-a8d7-d6e6c5bdf774,   -8.828790 ,  -71.274150 ,2023-09-20 18:45:00,Brasil,ACRE,TARAUACÁ,Amazônia
 1651779595 ,7a8b28d1-5eeb-3bef-9848-2100db75a43b,   -8.810960 ,  -71.276800 ,2023-09-20 18:45:00,Brasil,ACRE,TARAUACÁ,Amazônia
 1651779596 ,ea6c4572-4a6e-3ceb-9989-113bb6782608,   -8.803330 ,  -71.287090 ,2023-09-20 18:45:00,Brasil,ACRE,TARAUACÁ,Amazônia
 1651779597 ,c6f5affb-3011-3c10-a550-9b0c11360a74,   -8.795710 ,  -71.297390 ,2023-09-20 18:45:00,Brasil,ACRE,TARAUACÁ,Amazônia
 1651779598 ,c6d91db6-76e5-3ad1-9fbe-7209c6ea416b,   -8.794420 ,  -71.288410 ,2023-09-20 18:45:00,Brasil,ACRE,TARAUACÁ,Amazônia
 1651779599 ,e357a41c-e7b4-3ca6-824d-b82095ed9217,   -8.788120 ,  -70.867540 ,2023-09-20 18:45:00,Brasil,ACRE,FEIJÓ,Amazônia
 1651779600 ,59acd6be-25ce-361d-bd35-4e02f4fce165,   -8.777210 ,  -71.043590 ,2023-09-20 18:45:00,Brasil,ACRE,FEIJÓ,Amazônia
 1651779601 ,2ca8ee58-4b79-3813-87d9-8874870a2b1b,   -8.768860 ,  -71.748020 ,2023-09-20 18:45:00,Brasil,ACRE,JORDÃO,Amazônia
 1651779602 ,a1fc3b66-b369-3f40-9829-bb809963542c,   -8.766640 ,  -70.594020 ,2023-09-20 18:45:00,Brasil,ACRE,FEIJÓ,Amazônia
 1651779603 ,404f58a0-fab7-3a8b-b77c-0ea3302e7dfb,   -8.765320 ,  -70.584950 ,2023-09-20 18:45:00,Brasil,ACRE,FEIJÓ,Amazônia
 1651779604 ,946b8c4a-c4c5-3da3-9bfb-3d1cf6ada001,   -8.762680 ,  -70.566800 ,2023-09-20 18:45:00,Brasil,ACRE,FEIJÓ,Amazônia
 1651779605 ,5277ba1a-3260-337c-b2a8-f689bcdbbe5c,   -8.761710 ,  -71.317240 ,2023-09-20 18:45:00,Brasil,ACRE,TARAUACÁ,Amazônia
 1651779606 ,88afdf19-2750-3ff1-a8af-e9f31d339cd3,   -8.760420 ,  -71.308270 ,2023-09-20 18:45:00,Brasil,ACRE,TARAUACÁ,Amazônia
 1651779607 ,8892c12f-032e-3e91-b77d-d8ea18717531,   -8.760110 ,  -71.180070 ,2023-09-20 18:45:00,Brasil,ACRE,TARAUACÁ,Amazônia
 1651779608 ,8688174f-a28f-3800-8c2f-daffddddbaef,   -8.739520 ,  -71.100680 ,2023-09-20 18:45:00,Brasil,ACRE,TARAUACÁ,Amazônia
 1651779609 ,6c7522a4-3f86-3857-a308-56d98bea78c8,   -8.716490 ,  -71.067450 ,2023-09-20 18:45:00,Brasil,ACRE,TARAUACÁ,Amazônia
 1651779610 ,76a508c2-8cb0-3d19-a055-02dd88c0a01e,   -8.704520 ,  -71.690180 ,2023-09-20 18:45:00,Brasil,ACRE,TARAUACÁ,Amazônia
 1651779611 ,62e9d0c7-1ea9-3034-928e-33bbbd567d8d,   -8.703230 ,  -71.681180 ,2023-09-20 18:45:00,Brasil,ACRE,JORDÃO,Amazônia
 1651779612 ,72d0a2e2-a1ac-3108-afb0-093b1ff92bef,   -8.692140 ,  -71.025240 ,2023-09-20 18:45:00,Brasil,ACRE,TARAUACÁ,Amazônia
 1651779613 ,93b208b2-4369-3717-afef-c3fefe47de2a,   -8.668630 ,  -70.488130 ,2023-09-20 18:45:00,Brasil,ACRE,FEIJÓ,Amazônia
 1651779614 ,679b6308-cc85-31e9-a13b-c43c52bf2042,   -8.667370 ,  -71.622070 ,2023-09-20 18:45:00,Brasil,ACRE,TARAUACÁ,Amazônia
 1651779615 ,1bd9f838-2a4a-331a-a290-8ebca1aa8375,   -8.662560 ,  -70.947080 ,2023-09-20 18:45:00,Brasil,ACRE,FEIJÓ,Amazônia
 1651779616 ,fbe93a53-e23c-349f-8d3a-1d9326a24b3b,   -8.658930 ,  -70.671400 ,2023-09-20 18:45:00,Brasil,ACRE,FEIJÓ,Amazônia
 1651779617 ,aad4e8cd-71b7-37c5-8f0b-ae3c7d3a7177,   -8.652040 ,  -70.561330 ,2023-09-20 18:45:00,Brasil,ACRE,FEIJÓ,Amazônia
 1651779618 ,481822b3-90e1-33f5-8462-6a87805d5e19,   -8.650700 ,  -71.569430 ,2023-09-20 18:45:00,Brasil,ACRE,TARAUACÁ,Amazônia
 1651779619 ,b0e6564e-57fa-30cb-8833-c11b2d4bd61d,   -8.649410 ,  -71.560430 ,2023-09-20 18:45:00,Brasil,ACRE,JORDÃO,Amazônia
 1651779620 ,8d5357f4-aead-3b93-acb2-01c481fbead6,   -8.641740 ,  -70.553590 ,2023-09-20 18:45:00,Brasil,ACRE,FEIJÓ,Amazônia
 1651779621 ,68565140-29e9-398d-b5cf-be298f533849,   -8.640420 ,  -70.544500 ,2023-09-20 18:45:00,Brasil,ACRE,FEIJÓ,Amazônia
 1651779622 ,04ff4fb6-b727-3c38-b12e-db8979ff5c5b,   -8.612520 ,  -70.604370 ,2023-09-20 18:45:00,Brasil,ACRE,FEIJÓ,Amazônia
 1651779623 ,cd4bc266-a6a8-3541-b46b-09e5fa2dd1c1,   -8.600890 ,  -70.587580 ,2023-09-20 18:45:00,Brasil,ACRE,FEIJÓ,Amazônia
 1651779624 ,de0c045f-d3d7-3d59-9918-1704b66476b4,   -8.596730 ,  -70.880820 ,2023-09-20 18:45:00,Brasil,ACRE,TARAUACÁ,Amazônia
 1651779625 ,f8a0ac9c-3080-3fb0-bd76-d786cff1c62e,   -8.595420 ,  -70.871830 ,2023-09-20 18:45:00,Brasil,ACRE,TARAUACÁ,Amazônia
 1651779626 ,22ff65b1-6bff-3cbb-9624-2eadc1d564a9,   -8.580470 ,  -70.643470 ,2023-09-20 18:45:00,Brasil,ACRE,FEIJÓ,Amazônia
 1651779627 ,6376871b-6731-3fba-a83d-e096cecddadb,   -8.564600 ,  -70.534560 ,2023-09-20 18:45:00,Brasil,ACRE,FEIJÓ,Amazônia
 1651779628 ,a1d70f7f-3078-3256-9215-f20ce43d3978,   -8.562260 ,  -70.581360 ,2023-09-20 18:45:00,Brasil,ACRE,FEIJÓ,Amazônia
 1651779629 ,00f7fd16-7de2-31bd-ba8d-9a18b23781fd,   -8.559690 ,  -70.877160 ,2023-09-20 18:45:00,Brasil,ACRE,TARAUACÁ,Amazônia
 1651779630 ,0f6a6b21-3889-30fe-be28-2b4c5413d797,   -8.558370 ,  -70.868160 ,2023-09-20 18:45:00,Brasil,ACRE,TARAUACÁ,Amazônia
 1651779631 ,47d9bc03-70a5-3d2d-b9b1-5a68034b7d74,   -8.537330 ,  -70.473560 ,2023-09-20 18:45:00,Brasil,ACRE,FEIJÓ,Amazônia
 1651779632 ,680389af-4d94-368f-98d1-d86f8c6c027b,   -8.536000 ,  -70.464450 ,2023-09-20 18:45:00,Brasil,ACRE,FEIJÓ,Amazônia
 1651779633 ,e79f5476-d5a2-3008-8a28-9fcecd2d4247,   -8.519520 ,  -70.916440 ,2023-09-20 18:45:00,Brasil,ACRE,TARAUACÁ,Amazônia
 1651779634 ,00f67398-65ca-387f-9cdc-576799e02f86,   -8.518740 ,  -70.597170 ,2023-09-20 18:45:00,Brasil,ACRE,FEIJÓ,Amazônia
 1651779635 ,639dcc3a-1361-3fe9-86bf-94eb07c6e5e8,   -8.496430 ,  -70.883130 ,2023-09-20 18:45:00,Brasil,ACRE,TARAUACÁ,Amazônia
 1651779636 ,1e00c576-ddc1-347c-9eeb-6d986b378eea,   -8.488810 ,  -70.893460 ,2023-09-20 18:45:00,Brasil,ACRE,TARAUACÁ,Amazônia
 1651779637 ,266f8e30-4fdc-3a35-9696-2bf02bc68b10,   -8.487500 ,  -70.884470 ,2023-09-20 18:45:00,Brasil,ACRE,TARAUACÁ,Amazônia
 1651779638 ,40d31fd1-f506-3654-9a7d-37163235c0c8,   -8.484870 ,  -70.866460 ,2023-09-20 18:45:00,Brasil,ACRE,TARAUACÁ,Amazônia
 1651779639 ,923bc216-a216-3213-b58d-055dc653c5a7,   -8.477790 ,  -70.692400 ,2023-09-20 18:45:00,Brasil,ACRE,FEIJÓ,Amazônia
 1651779640 ,f40ed828-e8e3-3ba2-bdbe-9bac36a3cad0,   -8.476470 ,  -70.683360 ,2023-09-20 18:45:00,Brasil,ACRE,FEIJÓ,Amazônia
 1651779641 ,841e1309-f142-3bbc-9865-936d1ec590a5,   -8.458070 ,  -70.870470 ,2023-09-20 18:45:00,Brasil,ACRE,TARAUACÁ,Amazônia
 1651779642 ,6868e5cb-1d03-375c-9756-ec745d63602b,   -8.457810 ,  -70.806080 ,2023-09-20 18:45:00,Brasil,ACRE,TARAUACÁ,Amazônia
 1651779643 ,c26c0346-64af-3b2f-a31f-909cc9f3653b,   -8.456490 ,  -70.797070 ,2023-09-20 18:45:00,Brasil,ACRE,TARAUACÁ,Amazônia
 1651779644 ,73c290f3-fb84-3c49-9481-9f76c809180d,   -8.448860 ,  -70.807430 ,2023-09-20 18:45:00,Brasil,ACRE,TARAUACÁ,Amazônia
 1651779645 ,4fbb5adc-ad02-349e-b6ed-e4017de23294,   -8.447550 ,  -70.798410 ,2023-09-20 18:45:00,Brasil,ACRE,TARAUACÁ,Amazônia
 1651779646 ,eda209c7-9a03-35e6-9518-84faf0bd0546,   -8.437290 ,  -70.790730 ,2023-09-20 18:45:00,Brasil,ACRE,TARAUACÁ,Amazônia
 1651779647 ,38a896e9-9053-360e-85d0-cc6c12cf94eb,   -8.429360 ,  -70.736580 ,2023-09-20 18:45:00,Brasil,ACRE,TARAUACÁ,Amazônia
 1651779648 ,8bca7994-574d-31e4-aeee-b6fa438e9db4,   -8.423730 ,  -70.635730 ,2023-09-20 18:45:00,Brasil,ACRE,FEIJÓ,Amazônia
 1651779649 ,57384bd5-3282-3371-bf31-812e33e325fc,   -8.357490 ,  -70.943760 ,2023-09-20 18:45:00,Brasil,ACRE,TARAUACÁ,Amazônia
 1651779650 ,c4b50442-97ce-3135-9d3a-c3c67ec865a2,   -8.347160 ,  -70.746250 ,2023-09-20 18:45:00,Brasil,ACRE,TARAUACÁ,Amazônia
 1651779651 ,3df4ef9b-34ce-31e2-a700-f04db9c69bfc,   -8.338210 ,  -70.747590 ,2023-09-20 18:45:00,Brasil,ACRE,TARAUACÁ,Amazônia
 1651779652 ,3ccb1211-2f74-3275-a33d-6a8eafb1c87e,   -8.337020 ,  -70.928440 ,2023-09-20 18:45:00,Brasil,ACRE,TARAUACÁ,Amazônia
 1651779653 ,99437b4f-8ff2-37e3-8f11-76c959375808,   -8.333100 ,  -70.901470 ,2023-09-20 18:45:00,Brasil,ACRE,TARAUACÁ,Amazônia
 1651779654 ,a15db3d5-3f80-30c1-80ee-a3b8aaca7795,   -8.331790 ,  -70.892470 ,2023-09-20 18:45:00,Brasil,ACRE,TARAUACÁ,Amazônia
 1651779655 ,6fdc2c83-f643-3d03-a0d3-bd49bb04a72d,   -8.328950 ,  -70.810040 ,2023-09-20 18:45:00,Brasil,ACRE,TARAUACÁ,Amazônia
 1651779656 ,0b636e3c-2c41-32bc-8f10-71ec60f2198e,   -8.327640 ,  -70.801020 ,2023-09-20 18:45:00,Brasil,ACRE,TARAUACÁ,Amazônia
 1651779657 ,4efb77b6-b9ab-38e0-b3a0-5eecb18b65ab,   -8.307600 ,  -70.914450 ,2023-09-20 18:45:00,Brasil,ACRE,TARAUACÁ,Amazônia
 1651779658 ,96f523d9-0084-3ccb-859b-def73230811d,   -8.306300 ,  -70.905470 ,2023-09-20 18:45:00,Brasil,ACRE,TARAUACÁ,Amazônia
 1651779659 ,55696854-de94-3c1b-9214-bf65f39f851a,   -8.266610 ,  -70.883800 ,2023-09-20 18:45:00,Brasil,ACRE,TARAUACÁ,Amazônia
 1651779660 ,b26d22b7-ac27-3dc6-b38f-4cc54bce7483,   -8.265300 ,  -70.874790 ,2023-09-20 18:45:00,Brasil,ACRE,TARAUACÁ,Amazônia
 1651779661 ,3d624f25-c8af-3669-8e18-9a58665f892f,   -8.241750 ,  -70.848100 ,2023-09-20 18:45:00,Brasil,ACRE,TARAUACÁ,Amazônia
 1651779662 ,7d3b2597-d07c-3b03-961c-100bc3a5342f,   -8.221240 ,  -70.832740 ,2023-09-20 18:45:00,Brasil,ACRE,TARAUACÁ,Amazônia
 1651779663 ,7bee34d9-c195-3bed-8a84-7d413d09a02d,   -8.207290 ,  -70.862430 ,2023-09-20 18:45:00,Brasil,ACRE,TARAUACÁ,Amazônia
 1651779664 ,fc9b0a53-9717-3da6-8d4a-e453e5f6a964,   -8.205980 ,  -70.853420 ,2023-09-20 18:45:00,Brasil,ACRE,TARAUACÁ,Amazônia
 1651779665 ,ad8ac20a-06b7-32cf-86a2-d9c732482d40,   -8.203350 ,  -70.835400 ,2023-09-20 18:45:00,Brasil,ACRE,TARAUACÁ,Amazônia
 1651779666 ,47d071c1-eb29-3f6c-a6c8-6c97af433b55,   -8.202030 ,  -70.826380 ,2023-09-20 18:45:00,Brasil,ACRE,TARAUACÁ,Amazônia
 1651779667 ,06046bdb-1200-3e37-a8ca-75e8e96dba75,   -8.109570 ,  -70.196160 ,2023-09-20 18:45:00,Brasil,ACRE,FEIJÓ,Amazônia
 1651779668 ,023c181b-b2ca-30f2-a258-22ef7db13b96,   -9.285890 ,  -71.957500 ,2023-09-20 18:45:00,Brasil,ACRE,JORDÃO,Amazônia
 1651779669 ,832bce4b-d027-33b6-bec1-4d21726c2842,   -9.284590 ,  -71.948350 ,2023-09-20 18:45:00,Brasil,ACRE,JORDÃO,Amazônia
 1651779670 ,7d42c659-e4b2-3e84-bc00-85fea1ef575a,   -9.256290 ,  -71.943150 ,2023-09-20 18:45:00,Brasil,ACRE,JORDÃO,Amazônia
 1651779671 ,5f55f13a-de54-316f-bc73-e0f0ad3d41c7,   -8.598810 ,  -71.527830 ,2023-09-20 18:45:00,Brasil,ACRE,TARAUACÁ,Amazônia
 1651779672 ,7702ac7a-3231-3cc3-815a-0894aa513149,   -8.597520 ,  -71.518840 ,2023-09-20 18:45:00,Brasil,ACRE,TARAUACÁ,Amazônia
 1651779673 ,9f481194-72eb-3c82-948d-6007ed863850,   -8.587300 ,  -71.511190 ,2023-09-20 18:45:00,Brasil,ACRE,TARAUACÁ,Amazônia
 1651779674 ,1725fe00-e0c1-3abe-a4b6-c37bf0cd7979,   -8.586010 ,  -71.502210 ,2023-09-20 18:45:00,Brasil,ACRE,TARAUACÁ,Amazônia
 1651779675 ,612afc05-2bc1-3b34-8467-032d1ead5f2c,   -8.532360 ,  -71.445980 ,2023-09-20 18:45:00,Brasil,ACRE,TARAUACÁ,Amazônia
 1651779676 ,6a7d56f9-fbd8-3c0b-ba7c-bbfe34685671,   -8.531060 ,  -71.437010 ,2023-09-20 18:45:00,Brasil,ACRE,TARAUACÁ,Amazônia
 1651779677 ,3d1f8923-2d27-39fb-a8ca-c98c9f26cdad,   -8.527190 ,  -71.410100 ,2023-09-20 18:45:00,Brasil,ACRE,TARAUACÁ,Amazônia
 1651779678 ,9ed767f2-bb13-3dd8-8786-6fea727d83fb,   -8.525900 ,  -71.401130 ,2023-09-20 18:45:00,Brasil,ACRE,TARAUACÁ,Amazônia
 1651779679 ,2f61ecf1-0e84-3cee-b97e-941e74e0445a,   -8.486540 ,  -71.202930 ,2023-09-20 18:45:00,Brasil,ACRE,TARAUACÁ,Amazônia
 1651779680 ,943aa31b-0c07-3bfd-8793-52f60afc3fff,   -8.474310 ,  -71.433550 ,2023-09-20 18:45:00,Brasil,ACRE,TARAUACÁ,Amazônia
 1651779681 ,2de335a5-7c8e-3dd8-9a65-bd3d7362a657,   -8.473020 ,  -71.424590 ,2023-09-20 18:45:00,Brasil,ACRE,TARAUACÁ,Amazônia
 1651779682 ,188855b7-b635-3139-82c2-dea87db40147,   -8.426870 ,  -71.294150 ,2023-09-20 18:45:00,Brasil,ACRE,TARAUACÁ,Amazônia
 1651779683 ,8d4999ee-079c-3648-9756-7b53275a868a,   -8.412440 ,  -71.131560 ,2023-09-20 18:45:00,Brasil,ACRE,TARAUACÁ,Amazônia
 1651779684 ,82fbf489-3c0e-39f9-8ee3-bcd833267fdb,   -8.389800 ,  -71.736150 ,2023-09-20 18:45:00,Brasil,ACRE,TARAUACÁ,Amazônia
 1651779685 ,05f74044-b77c-3aa4-ae51-4224bcd894f4,   -8.370510 ,  -71.033580 ,2023-09-20 18:45:00,Brasil,ACRE,TARAUACÁ,Amazônia
 1651779686 ,20651303-d757-35af-bc1f-54734f85ce01,   -8.251680 ,  -71.167770 ,2023-09-20 18:45:00,Brasil,ACRE,TARAUACÁ,Amazônia
 1651779687 ,32a3279f-89bc-3ac4-b641-e7fd68bcd519,   -8.202770 ,  -71.019330 ,2023-09-20 18:45:00,Brasil,ACRE,TARAUACÁ,Amazônia
 1651779688 ,98a61750-ff7c-3f99-917a-67ef63240030,   -8.201460 ,  -71.010350 ,2023-09-20 18:45:00,Brasil,ACRE,TARAUACÁ,Amazônia
 1651779689 ,16e3bacc-8912-3df6-81fc-0011cc722c0c,   -8.111360 ,  -71.020200 ,2023-09-20 18:45:00,Brasil,ACRE,TARAUACÁ,Amazônia
 1651779699 ,9f3b700b-b886-3676-a1c1-480c9e45f27e,   -7.837620 ,  -72.773420 ,2023-09-20 18:45:00,Brasil,ACRE,RODRIGUES ALVES,Amazônia
 1651779700 ,f3d75942-331d-3ca1-ac59-cd4948fdbcc3,   -7.813060 ,  -73.055080 ,2023-09-20 18:45:00,Brasil,ACRE,RODRIGUES ALVES,Amazônia
 1651779701 ,caca282d-a251-3a8a-87f3-ed766872aa44,   -7.812730 ,  -72.986700 ,2023-09-20 18:45:00,Brasil,ACRE,RODRIGUES ALVES,Amazônia
 1651779702 ,c5f4e202-da20-3bf5-a7e3-c1de347742ba,   -7.811690 ,  -73.045490 ,2023-09-20 18:45:00,Brasil,ACRE,RODRIGUES ALVES,Amazônia
 1651779703 ,bb330426-ca30-365e-9005-ac06f65452cb,   -7.811360 ,  -72.977150 ,2023-09-20 18:45:00,Brasil,ACRE,RODRIGUES ALVES,Amazônia
 1651779704 ,551e5dcd-1aa0-3987-a063-3787eefe593d,   -7.808970 ,  -73.026300 ,2023-09-20 18:45:00,Brasil,ACRE,RODRIGUES ALVES,Amazônia
 1651779705 ,2e827900-c41c-3d3d-8478-6fd65a68ed8e,   -7.789700 ,  -72.825290 ,2023-09-20 18:45:00,Brasil,ACRE,RODRIGUES ALVES,Amazônia
 1651779706 ,bf1a065e-cb3d-333e-afd5-3c73cf7d30d7,   -7.788360 ,  -72.815870 ,2023-09-20 18:45:00,Brasil,ACRE,RODRIGUES ALVES,Amazônia
 1651779707 ,a7471073-e119-32d6-bc94-f94bc08419e5,   -7.772760 ,  -72.837380 ,2023-09-20 18:45:00,Brasil,ACRE,RODRIGUES ALVES,Amazônia
 1651779708 ,5ad57ad7-6e77-3b3a-bbea-76d24b8cda53,   -7.770960 ,  -73.090510 ,2023-09-20 18:45:00,Brasil,ACRE,RODRIGUES ALVES,Amazônia
 1651779709 ,be8f6c18-58a9-37c6-90b7-86188e1ff62b,   -7.769610 ,  -73.080880 ,2023-09-20 18:45:00,Brasil,ACRE,RODRIGUES ALVES,Amazônia
 1651779710 ,67f177ac-b47e-3f34-b87e-479acd057517,   -7.759040 ,  -73.072600 ,2023-09-20 18:45:00,Brasil,ACRE,RODRIGUES ALVES,Amazônia
 1651779711 ,306b7e4c-6dd9-398b-af1e-a946de503766,   -7.691490 ,  -72.778150 ,2023-09-20 18:45:00,Brasil,ACRE,CRUZEIRO DO SUL,Amazônia
 1651779712 ,05d372ba-30da-3b43-826a-027c4a9dee8a,   -7.690150 ,  -72.768780 ,2023-09-20 18:45:00,Brasil,ACRE,CRUZEIRO DO SUL,Amazônia
 1651779713 ,3997e0ba-863d-313b-8852-30c4369867d3,   -7.676740 ,  -73.070530 ,2023-09-20 18:45:00,Brasil,ACRE,MÂNCIO LIMA,Amazônia
 1651779714 ,9a3ce02d-304c-3bfa-9928-617456a5c1d9,   -7.660500 ,  -72.888340 ,2023-09-20 18:45:00,Brasil,ACRE,MÂNCIO LIMA,Amazônia
 1651779715 ,aae87d43-1558-3f98-8de8-ac274f5846a9,   -7.647760 ,  -73.120450 ,2023-09-20 18:45:00,Brasil,ACRE,MÂNCIO LIMA,Amazônia
 1651779718 ,8e6a33e4-4aeb-3596-a508-9024eba73592,   -7.428970 ,  -73.008120 ,2023-09-20 18:45:00,Brasil,ACRE,MÂNCIO LIMA,Amazônia
 1651779731 ,7da96d62-8245-3c38-8e6a-259425bfda48,   -7.973640 ,  -72.049520 ,2023-09-20 18:45:00,Brasil,ACRE,TARAUACÁ,Amazônia
 1651779732 ,6e3c19e7-f26b-32b6-b2f4-f4210de51a78,   -7.972350 ,  -72.040460 ,2023-09-20 18:45:00,Brasil,ACRE,TARAUACÁ,Amazônia
 1651779733 ,9f090484-d947-312f-a967-63b18a15cdc4,   -7.915800 ,  -72.286490 ,2023-09-20 18:45:00,Brasil,ACRE,CRUZEIRO DO SUL,Amazônia
 1651779734 ,cc5d4c2f-29ca-3212-b7c5-ba5a2fe2889f,   -7.870410 ,  -71.775720 ,2023-09-20 18:45:00,Brasil,ACRE,TARAUACÁ,Amazônia
 1651779735 ,e8bbf76f-fc27-3c35-9e5c-6e522f45e25f,   -7.849120 ,  -72.274820 ,2023-09-20 18:45:00,Brasil,ACRE,CRUZEIRO DO SUL,Amazônia
 1651779736 ,530f695a-ef24-37ae-b962-4fbc5f9df606,   -7.841950 ,  -71.841530 ,2023-09-20 18:45:00,Brasil,ACRE,TARAUACÁ,Amazônia
 1651779737 ,a42907cf-c39e-3d95-ae97-8efa8e26e69c,   -7.840660 ,  -71.832540 ,2023-09-20 18:45:00,Brasil,ACRE,TARAUACÁ,Amazônia
 1651779738 ,ebebc5a2-51b0-30fd-b362-d82974e0e4ef,   -7.837020 ,  -71.934140 ,2023-09-20 18:45:00,Brasil,ACRE,TARAUACÁ,Amazônia
 1651779739 ,836ebc08-22c7-3528-992a-73e83fe8d080,   -7.836300 ,  -72.314000 ,2023-09-20 18:45:00,Brasil,ACRE,CRUZEIRO DO SUL,Amazônia
 1651779740 ,7dccab04-1049-32b0-8882-e82b8554700d,   -7.825490 ,  -71.917440 ,2023-09-20 18:45:00,Brasil,ACRE,TARAUACÁ,Amazônia
 1651779741 ,89e21598-b200-36eb-82ff-1044844ed9d6,   -7.824190 ,  -71.908440 ,2023-09-20 18:45:00,Brasil,ACRE,TARAUACÁ,Amazônia
 1651779742 ,f87592c7-1c6b-3707-8ce6-c6bf7c13255d,   -7.806480 ,  -72.039990 ,2023-09-20 18:45:00,Brasil,ACRE,CRUZEIRO DO SUL,Amazônia
 1651779743 ,69062655-3e7e-31b4-aef3-bbcfeac52b32,   -7.806400 ,  -71.975460 ,2023-09-20 18:45:00,Brasil,ACRE,TARAUACÁ,Amazônia
 1651779744 ,a7dc905a-735b-323b-9a74-55b6a89ef30a,   -7.798800 ,  -72.050340 ,2023-09-20 18:45:00,Brasil,ACRE,CRUZEIRO DO SUL,Amazônia
 1651779745 ,c3b38936-12be-3f52-b4a8-f8babceca380,   -7.797510 ,  -72.041310 ,2023-09-20 18:45:00,Brasil,ACRE,CRUZEIRO DO SUL,Amazônia
 1651779746 ,94c9fa6c-98df-38ec-9930-ee44d437c982,   -7.787300 ,  -72.289570 ,2023-09-20 18:45:00,Brasil,ACRE,CRUZEIRO DO SUL,Amazônia
 1651779747 ,7ab9c93b-5b82-3fa0-b956-830645562d35,   -7.783400 ,  -72.006500 ,2023-09-20 18:45:00,Brasil,ACRE,CRUZEIRO DO SUL,Amazônia
 1651779749 ,f3e547cb-6386-3a6e-93af-8490bb2ff67d,   -7.752660 ,  -72.369320 ,2023-09-20 18:45:00,Brasil,ACRE,CRUZEIRO DO SUL,Amazônia
 1651779750 ,925b3cac-47d3-3a18-9e93-60e264502db7,   -7.660170 ,  -72.305270 ,2023-09-20 18:45:00,Brasil,ACRE,CRUZEIRO DO SUL,Amazônia
 1651779763 ,7516d171-9176-3d7b-8622-d96f65a7c617,   -7.974340 ,  -72.960980 ,2023-09-20 18:45:00,Brasil,ACRE,CRUZEIRO DO SUL,Amazônia
 1651779764 ,d89ee069-5044-3650-bc28-b9badf4a83b4,   -7.966490 ,  -72.971880 ,2023-09-20 18:45:00,Brasil,ACRE,CRUZEIRO DO SUL,Amazônia
 1651779765 ,d283f4c4-d86f-3a26-8af9-06b24dfd9d4b,   -7.965140 ,  -72.962300 ,2023-09-20 18:45:00,Brasil,ACRE,CRUZEIRO DO SUL,Amazônia
 1651779766 ,efeb6e09-8ad2-33ad-96ee-14a84a6be6e2,   -7.955710 ,  -72.895590 ,2023-09-20 18:45:00,Brasil,ACRE,CRUZEIRO DO SUL,Amazônia
 1651779767 ,f87c226d-a9a5-3ed0-bf90-81494fcc8496,   -7.945190 ,  -72.887420 ,2023-09-20 18:45:00,Brasil,ACRE,CRUZEIRO DO SUL,Amazônia
 1651779768 ,7729c64c-5b40-396e-9fce-46ce9865bc49,   -8.446930 ,  -72.729910 ,2023-09-20 18:45:00,Brasil,ACRE,PORTO WALTER,Amazônia
 1651779769 ,fc706f2a-ffb1-3918-8a74-3a71c3cf881e,   -8.255410 ,  -72.794680 ,2023-09-20 18:45:00,Brasil,ACRE,PORTO WALTER,Amazônia
 1651779770 ,dabeb700-606e-3703-a122-ab8d10c79606,   -8.213610 ,  -72.829850 ,2023-09-20 18:45:00,Brasil,ACRE,PORTO WALTER,Amazônia
 1651779771 ,d3723fb6-788b-3c26-a55c-f4b132e83bfb,   -8.212270 ,  -72.820330 ,2023-09-20 18:45:00,Brasil,ACRE,PORTO WALTER,Amazônia
 1651779772 ,062528a1-bcee-37f4-8cb4-21b170bb514f,   -8.147590 ,  -72.884900 ,2023-09-20 18:45:00,Brasil,ACRE,CRUZEIRO DO SUL,Amazônia
 1651779773 ,daae6d6d-3e42-3332-a99d-750d2596419e,   -8.146240 ,  -72.875360 ,2023-09-20 18:45:00,Brasil,ACRE,CRUZEIRO DO SUL,Amazônia
 1651779774 ,e612987a-e437-399e-8e36-8969c72d6556,   -8.053720 ,  -72.354320 ,2023-09-20 18:45:00,Brasil,ACRE,CRUZEIRO DO SUL,Amazônia
 1651779775 ,c362bd5e-a042-3146-b331-6d8d11e59311,   -8.049290 ,  -72.066190 ,2023-09-20 18:45:00,Brasil,ACRE,TARAUACÁ,Amazônia
 1651779776 ,de1cf4d6-cf7e-342e-a623-0249d94bcd2c,   -8.047990 ,  -72.057140 ,2023-09-20 18:45:00,Brasil,ACRE,TARAUACÁ,Amazônia
 1651779777 ,808f3e2b-7b32-3656-b070-e2ac5605fae5,   -8.029240 ,  -72.376690 ,2023-09-20 18:45:00,Brasil,ACRE,CRUZEIRO DO SUL,Amazônia
 1651779779 ,9dbccce5-3c5a-3697-bfa8-47bffd3ae950,   -8.016300 ,  -72.350390 ,2023-09-20 18:45:00,Brasil,ACRE,CRUZEIRO DO SUL,Amazônia
 1651779780 ,e353b198-7def-361e-8e0f-44ec7398cb7d,   -8.012100 ,  -72.062380 ,2023-09-20 18:45:00,Brasil,ACRE,TARAUACÁ,Amazônia
 1651779781 ,d8a8812c-e0a7-3e07-a9ce-02b17b5c864a,   -7.973920 ,  -72.371600 ,2023-09-20 18:45:00,Brasil,ACRE,CRUZEIRO DO SUL,Amazônia
 1651779782 ,9a5ac326-aac7-3d33-9187-172e022fe644,   -9.075120 ,  -71.963370 ,2023-09-20 18:45:00,Brasil,ACRE,JORDÃO,Amazônia
 1651779810 ,2bb7873e-3549-3c76-b789-48702ff548cb,   -7.427510 ,  -73.332580 ,2023-09-20 18:45:00,Brasil,ACRE,MÂNCIO LIMA,Amazônia
 1651779811 ,146de0b5-2eba-3953-b42b-8dd72cccd46a,   -7.391670 ,  -73.323430 ,2023-09-20 18:45:00,Brasil,ACRE,MÂNCIO LIMA,Amazônia
 1651779812 ,72d6ba3e-55b9-3427-9f00-f3badd040e56,   -7.390280 ,  -73.313670 ,2023-09-20 18:45:00,Brasil,ACRE,MÂNCIO LIMA,Amazônia
 1651779813 ,d9726505-9efc-3241-b21d-1c59740fb912,   -7.388900 ,  -73.303940 ,2023-09-20 18:45:00,Brasil,ACRE,MÂNCIO LIMA,Amazônia
 1651984846 ,aa133567-f230-3e10-b288-349e9140b1f0,   -8.866780 ,  -71.440180 ,2023-09-21 19:25:00,Brasil,ACRE,TARAUACÁ,Amazônia
 1651984847 ,779655bf-e1c2-3b77-a7c0-dcdcadb8b097,   -8.865860 ,  -71.445240 ,2023-09-21 19:25:00,Brasil,ACRE,TARAUACÁ,Amazônia
 1651984892 ,51aab7fd-94db-3077-806d-7acbf5eb8486,   -8.365090 ,  -72.636470 ,2023-09-21 19:25:00,Brasil,ACRE,PORTO WALTER,Amazônia
 1651984905 ,2c0a8d85-6757-342c-ae72-922cca501f3f,   -8.077650 ,  -72.810270 ,2023-09-21 19:25:00,Brasil,ACRE,CRUZEIRO DO SUL,Amazônia
 1651984906 ,5ea752c1-4179-3162-b136-2b00575357dd,   -8.050660 ,  -72.402890 ,2023-09-21 19:25:00,Brasil,ACRE,CRUZEIRO DO SUL,Amazônia
 1651984907 ,96d344c4-7457-3812-90d6-f03c0f6b2b3a,   -8.042820 ,  -72.411930 ,2023-09-21 19:25:00,Brasil,ACRE,CRUZEIRO DO SUL,Amazônia
 1651984918 ,eaf8a667-f7f2-33fd-a8b6-d447c3611e9e,   -7.828970 ,  -72.466130 ,2023-09-21 19:25:00,Brasil,ACRE,CRUZEIRO DO SUL,Amazônia
 1651984919 ,a819c85d-84cc-3214-945b-da1dc3d68d9f,   -7.824560 ,  -73.102690 ,2023-09-21 19:25:00,Brasil,ACRE,RODRIGUES ALVES,Amazônia
 1651984920 ,3181e839-82d7-3779-9585-1087b16968bb,   -7.824380 ,  -72.496930 ,2023-09-21 19:25:00,Brasil,ACRE,CRUZEIRO DO SUL,Amazônia
 1651984921 ,889eb806-3959-3c15-b495-071682f5ab00,   -7.820820 ,  -73.095540 ,2023-09-21 19:25:00,Brasil,ACRE,RODRIGUES ALVES,Amazônia
 1651984922 ,c0cf4ac4-5000-38b4-a845-a3168dfd1d0b,   -7.820350 ,  -72.905110 ,2023-09-21 19:25:00,Brasil,ACRE,RODRIGUES ALVES,Amazônia
 1651984924 ,50bafa1a-72e0-3746-936d-6163c4fbf9c2,   -7.818600 ,  -72.463360 ,2023-09-21 19:25:00,Brasil,ACRE,CRUZEIRO DO SUL,Amazônia
 1651984930 ,fea92ff0-7bd9-3e89-a3b9-ebe93167ff4c,   -7.804390 ,  -72.979840 ,2023-09-21 19:25:00,Brasil,ACRE,RODRIGUES ALVES,Amazônia
 1651984932 ,d80c57c9-1dfd-305d-8fc2-9f6e472487ca,   -7.773200 ,  -73.080800 ,2023-09-21 19:25:00,Brasil,ACRE,RODRIGUES ALVES,Amazônia
 1651984933 ,75af3a49-d1f3-357a-8c93-89f6ad27dd18,   -7.740880 ,  -72.340060 ,2023-09-21 19:25:00,Brasil,ACRE,CRUZEIRO DO SUL,Amazônia
 1652209129 ,8b4f6a4c-7917-3c00-a9b7-dc4c7cd783fb,   -9.137790 ,  -68.851570 ,2023-09-22 18:28:00,Brasil,ACRE,SENA MADUREIRA,Amazônia
 1652209130 ,d1f1bd5f-4449-3cef-8516-f65c6f71c68a,   -9.136450 ,  -68.842060 ,2023-09-22 18:28:00,Brasil,ACRE,SENA MADUREIRA,Amazônia
 1652209131 ,d97d358e-e0ac-318d-abaf-a87fe9215378,   -9.128640 ,  -68.852890 ,2023-09-22 18:28:00,Brasil,ACRE,SENA MADUREIRA,Amazônia
 1652209132 ,7f7aa900-6be6-38c4-9161-81600c7f01a7,   -9.127290 ,  -68.843400 ,2023-09-22 18:28:00,Brasil,ACRE,SENA MADUREIRA,Amazônia
 1652209138 ,6fb8ca9f-2164-3104-abe1-134100d00805,  -10.688900 ,  -69.029000 ,2023-09-22 18:28:00,Brasil,ACRE,BRASILÉIA,Amazônia
 1652209139 ,cf9545cf-bdb5-3cc7-8e3e-86eeca4b8f03,  -10.627030 ,  -68.786710 ,2023-09-22 18:28:00,Brasil,ACRE,XAPURI,Amazônia
 1652209140 ,6f7df48e-5f28-377a-a880-e122b5e4db0b,  -10.625690 ,  -68.777000 ,2023-09-22 18:28:00,Brasil,ACRE,XAPURI,Amazônia
 1652209141 ,c9ca3d09-fc29-3cf5-be0b-2432d29ac264,  -10.523110 ,  -68.369250 ,2023-09-22 18:28:00,Brasil,ACRE,XAPURI,Amazônia
 1652209142 ,ca44257d-80ba-3200-827a-024f44fc8901,  -10.514170 ,  -68.437950 ,2023-09-22 18:28:00,Brasil,ACRE,XAPURI,Amazônia
 1652209143 ,a83dd72f-a87d-370f-b5b6-7f4f6f101129,  -10.461340 ,  -68.714070 ,2023-09-22 18:28:00,Brasil,ACRE,XAPURI,Amazônia
 1652209144 ,df26ce23-85f7-3ee1-afac-bfc46e69b758,  -10.442060 ,  -68.377080 ,2023-09-22 18:28:00,Brasil,ACRE,XAPURI,Amazônia
 1652209145 ,1cfc94ac-5703-3a26-8ef5-8e1cc5523eb3,   -9.996130 ,  -68.881450 ,2023-09-22 18:28:00,Brasil,ACRE,SENA MADUREIRA,Amazônia
 1652209146 ,580cff22-0695-3fd2-86c9-5ad8bb150583,   -9.994790 ,  -68.871720 ,2023-09-22 18:28:00,Brasil,ACRE,SENA MADUREIRA,Amazônia
 1652209147 ,cd4af1c4-fb8b-371c-a98c-6067c5cfb7fe,   -9.939670 ,  -68.728480 ,2023-09-22 18:28:00,Brasil,ACRE,RIO BRANCO,Amazônia
 1652209148 ,068cafcf-6137-351f-a330-b3fd1f0d092b,   -9.879080 ,  -68.822030 ,2023-09-22 18:28:00,Brasil,ACRE,SENA MADUREIRA,Amazônia
 1652209149 ,7f1d7b73-4652-380c-8fe0-e23a418bc88b,   -9.830400 ,  -68.809540 ,2023-09-22 18:28:00,Brasil,ACRE,SENA MADUREIRA,Amazônia
 1652209150 ,31de04c3-bb5a-3476-91f9-8d70f3cd919c,   -9.828070 ,  -68.927860 ,2023-09-22 18:28:00,Brasil,ACRE,SENA MADUREIRA,Amazônia
 1652209151 ,1772cc87-74df-3fad-926e-8f7924095336,   -9.822710 ,  -68.889240 ,2023-09-22 18:28:00,Brasil,ACRE,SENA MADUREIRA,Amazônia
 1652209152 ,9f368026-bd97-34ee-8882-4bfbf8b71b0a,   -9.821370 ,  -68.879590 ,2023-09-22 18:28:00,Brasil,ACRE,SENA MADUREIRA,Amazônia
 1652209153 ,c8c51333-3d7d-3406-bcce-d958c5e686ec,   -9.691000 ,  -68.793210 ,2023-09-22 18:28:00,Brasil,ACRE,SENA MADUREIRA,Amazônia
 1652209154 ,ffd7bfeb-6db2-360b-85b0-58425bce4805,   -9.642040 ,  -68.645160 ,2023-09-22 18:28:00,Brasil,ACRE,RIO BRANCO,Amazônia
 1652209155 ,1fc60af0-72ff-3ed7-94e7-7a1aaf265e7a,   -9.632910 ,  -68.646510 ,2023-09-22 18:28:00,Brasil,ACRE,RIO BRANCO,Amazônia
 1652209156 ,af5fbbc9-fbef-384f-9f44-054d8aa7203a,   -9.622460 ,  -68.638410 ,2023-09-22 18:28:00,Brasil,ACRE,RIO BRANCO,Amazônia
 1652209157 ,291bba02-bc5b-30c0-88fa-e2111d70169d,   -9.617170 ,  -68.600760 ,2023-09-22 18:28:00,Brasil,ACRE,RIO BRANCO,Amazônia
 1652209158 ,7e15638d-ea06-34a1-b643-5eb519f355e0,   -9.615840 ,  -68.591350 ,2023-09-22 18:28:00,Brasil,ACRE,RIO BRANCO,Amazônia
 1652209159 ,b9bc8eeb-9f50-3419-8d40-0a5cdb20042e,   -9.559660 ,  -68.643470 ,2023-09-22 18:28:00,Brasil,ACRE,RIO BRANCO,Amazônia
 1652209160 ,8ad1a722-1262-3ae6-bca4-a5f58aac6f0e,   -9.523310 ,  -68.716290 ,2023-09-22 18:28:00,Brasil,ACRE,SENA MADUREIRA,Amazônia
 1652209161 ,91a9091d-4398-3584-994c-2d1ae11705a6,   -9.514170 ,  -68.717630 ,2023-09-22 18:28:00,Brasil,ACRE,SENA MADUREIRA,Amazônia
 1652209162 ,b9ea4169-c78e-3fc2-87da-1a42eba55b4d,   -9.506840 ,  -68.271310 ,2023-09-22 18:28:00,Brasil,ACRE,BUJARI,Amazônia
 1652209164 ,81f8e9cf-7a77-3bf0-bdfe-a57e678cc281,   -9.485270 ,  -68.510800 ,2023-09-22 18:28:00,Brasil,ACRE,SENA MADUREIRA,Amazônia
 1652209165 ,be604560-4876-350e-8c0c-6d37f15002b6,   -9.477190 ,  -68.518550 ,2023-09-22 18:28:00,Brasil,ACRE,SENA MADUREIRA,Amazônia
 1652209166 ,9a2aafc0-53ff-3161-a609-e98b1a4159fd,   -9.475860 ,  -68.509220 ,2023-09-22 18:28:00,Brasil,ACRE,SENA MADUREIRA,Amazônia
 1652209167 ,978bc44f-65dd-382a-a162-6b2714bf9afa,   -9.473430 ,  -68.557240 ,2023-09-22 18:28:00,Brasil,ACRE,SENA MADUREIRA,Amazônia
 1652209168 ,a276bbc0-762f-378f-a536-95662373ea1c,   -9.430630 ,  -68.582610 ,2023-09-22 18:28:00,Brasil,ACRE,SENA MADUREIRA,Amazônia
 1652209169 ,4641bcdb-58b1-312c-885f-61cadd8c2cdd,   -9.425600 ,  -68.679240 ,2023-09-22 18:28:00,Brasil,ACRE,SENA MADUREIRA,Amazônia
 1652209170 ,00f3ba86-fb42-37e2-bff5-4bcf947f3639,   -9.416730 ,  -68.802020 ,2023-09-22 18:28:00,Brasil,ACRE,SENA MADUREIRA,Amazônia
 1652209171 ,ea56e385-bf87-3eb9-8437-f57e79cb2055,   -9.414590 ,  -68.919280 ,2023-09-22 18:28:00,Brasil,ACRE,SENA MADUREIRA,Amazônia
 1652209172 ,354eca2b-b4a1-308f-a8bd-ffa13a5a1e94,   -9.413240 ,  -68.909730 ,2023-09-22 18:28:00,Brasil,ACRE,SENA MADUREIRA,Amazônia
 1652209173 ,db50572f-d045-3057-b077-b476b9c013a2,   -9.409910 ,  -68.633520 ,2023-09-22 18:28:00,Brasil,ACRE,SENA MADUREIRA,Amazônia
 1652209174 ,26c83bcb-4ba3-39b0-82ca-19346c27a6bb,   -9.403540 ,  -68.774870 ,2023-09-22 18:28:00,Brasil,ACRE,SENA MADUREIRA,Amazônia
 1652209175 ,ebed7b87-e778-37e0-a866-6b81600dcd19,   -9.394380 ,  -68.776190 ,2023-09-22 18:28:00,Brasil,ACRE,SENA MADUREIRA,Amazônia
 1652209176 ,8893e2a6-1a61-3b30-9129-bff0c1462d3e,   -9.386780 ,  -68.854970 ,2023-09-22 18:28:00,Brasil,ACRE,SENA MADUREIRA,Amazônia
 1652209177 ,5f0e2e8d-6c2f-3587-9e38-1193723f7285,   -9.385440 ,  -68.845430 ,2023-09-22 18:28:00,Brasil,ACRE,SENA MADUREIRA,Amazônia
 1652209178 ,aa417c92-32c2-3c42-90eb-7f88f92936fc,   -9.364280 ,  -68.761250 ,2023-09-22 18:28:00,Brasil,ACRE,SENA MADUREIRA,Amazônia
 1652209179 ,f899424b-1c3c-35a8-a6a8-2729841775c9,   -9.362950 ,  -68.751790 ,2023-09-22 18:28:00,Brasil,ACRE,SENA MADUREIRA,Amazônia
 1652209180 ,a5184ea5-1abb-369c-9b85-d5b2169b9e87,   -9.353800 ,  -68.753110 ,2023-09-22 18:28:00,Brasil,ACRE,SENA MADUREIRA,Amazônia
 1652209181 ,35c32904-b4f0-3168-b955-33b067a9b9f5,   -9.347430 ,  -68.841260 ,2023-09-22 18:28:00,Brasil,ACRE,SENA MADUREIRA,Amazônia
 1652209182 ,4f36c4bd-b582-316a-9741-864a3634ea82,   -9.340150 ,  -68.848850 ,2023-09-22 18:28:00,Brasil,ACRE,SENA MADUREIRA,Amazônia
 1652209183 ,cf99e129-a750-3d60-8383-dd48769054aa,   -9.338790 ,  -68.839310 ,2023-09-22 18:28:00,Brasil,ACRE,SENA MADUREIRA,Amazônia
 1652209184 ,60025154-cb0b-3522-bf81-a863d2e808e3,   -9.333380 ,  -68.801270 ,2023-09-22 18:28:00,Brasil,ACRE,SENA MADUREIRA,Amazônia
 1652209185 ,72ceb3f6-cc92-3453-9a95-1dc15705c9ba,   -9.325850 ,  -68.880040 ,2023-09-22 18:28:00,Brasil,ACRE,SENA MADUREIRA,Amazônia
 1652209187 ,4f158535-5181-37fe-af3f-e68737d34b10,  -10.564820 ,  -67.752300 ,2023-09-22 18:28:00,Brasil,ACRE,CAPIXABA,Amazônia
 1652209188 ,0d94997f-4d3c-34db-8087-e9f6d89d2b5c,  -10.558630 ,  -67.837180 ,2023-09-22 18:28:00,Brasil,ACRE,CAPIXABA,Amazônia
 1652209189 ,2baaa3c4-0f6c-3407-b68b-fe2181c1c152,  -10.421640 ,  -68.038340 ,2023-09-22 18:28:00,Brasil,ACRE,CAPIXABA,Amazônia
 1652209190 ,9610aee9-44cb-353c-ac7e-a32ef18b94b1,  -10.187420 ,  -67.944480 ,2023-09-22 18:28:00,Brasil,ACRE,RIO BRANCO,Amazônia
 1652209191 ,97ba13d9-175f-3d1b-a62d-4a87dd6bd201,  -10.186250 ,  -68.000780 ,2023-09-22 18:28:00,Brasil,ACRE,RIO BRANCO,Amazônia
 1652209192 ,078fe869-065a-3f3e-8a75-f91242366112,  -10.184950 ,  -67.991610 ,2023-09-22 18:28:00,Brasil,ACRE,RIO BRANCO,Amazônia
 1652209193 ,d8e9f908-5fc6-39a0-8a0e-58f136c7093d,  -10.095290 ,  -68.076920 ,2023-09-22 18:28:00,Brasil,ACRE,RIO BRANCO,Amazônia
 1652209194 ,032f1961-7bb8-3dc3-a0ba-201b179e4341,  -10.093990 ,  -68.067730 ,2023-09-22 18:28:00,Brasil,ACRE,RIO BRANCO,Amazônia
 1652209195 ,478c3c6a-4e4b-398d-bb6d-21055688dfb8,  -10.084980 ,  -68.069050 ,2023-09-22 18:28:00,Brasil,ACRE,RIO BRANCO,Amazônia
 1652209196 ,5f7ee52e-acc4-3989-9d19-8ae59c3927c4,  -10.014960 ,  -67.577530 ,2023-09-22 18:28:00,Brasil,ACRE,RIO BRANCO,Amazônia
 1652209197 ,011eda37-92c7-3adf-8bfc-77b4255919bd,   -9.818830 ,  -68.929180 ,2023-09-22 18:28:00,Brasil,ACRE,SENA MADUREIRA,Amazônia
 1652209198 ,116a9319-f03f-3936-9613-10877ca07055,  -10.688300 ,  -68.887630 ,2023-09-22 18:28:00,Brasil,ACRE,XAPURI,Amazônia
 1652209199 ,9cb7e158-e03e-39c4-a5e9-fcfcd388aaed,  -10.552450 ,  -68.577780 ,2023-09-22 18:28:00,Brasil,ACRE,XAPURI,Amazônia
 1652209200 ,5e4263a6-839e-394a-905c-acfcbd495b5c,  -10.515500 ,  -68.447400 ,2023-09-22 18:28:00,Brasil,ACRE,XAPURI,Amazônia
 1652209201 ,593adefa-db24-3c6f-aaa6-e78d22489589,  -10.472040 ,  -68.391940 ,2023-09-22 18:28:00,Brasil,ACRE,XAPURI,Amazônia
 1652209202 ,034f1810-2ae5-32df-84e2-e9b448ed8641,  -10.470700 ,  -68.382550 ,2023-09-22 18:28:00,Brasil,ACRE,XAPURI,Amazônia
 1652209203 ,3b45c8b0-95fb-3c9a-9650-4eedbfbf2156,  -10.396450 ,  -68.316800 ,2023-09-22 18:28:00,Brasil,ACRE,RIO BRANCO,Amazônia
 1652209204 ,058320db-ec70-3fd3-9b82-93a1db393876,  -10.395140 ,  -68.307450 ,2023-09-22 18:28:00,Brasil,ACRE,RIO BRANCO,Amazônia
 1652209205 ,6448ca15-855a-3ecf-9ac2-ef87ab53cc92,  -10.336570 ,  -68.351240 ,2023-09-22 18:28:00,Brasil,ACRE,RIO BRANCO,Amazônia
 1652209206 ,d4b13baa-9b06-3ca9-acb0-681192dc0e9d,  -10.272370 ,  -68.812800 ,2023-09-22 18:28:00,Brasil,ACRE,RIO BRANCO,Amazônia
 1652209207 ,567327fe-d8fd-3a7d-a9b5-7782ed07eea2,  -10.253730 ,  -68.802370 ,2023-09-22 18:28:00,Brasil,ACRE,RIO BRANCO,Amazônia
 1652209208 ,1a800ce1-5f65-3468-88fa-c05ad70989c9,  -10.252360 ,  -68.792710 ,2023-09-22 18:28:00,Brasil,ACRE,RIO BRANCO,Amazônia
 1652209209 ,14e8d910-153a-38f6-a56f-392708cbf735,  -10.251000 ,  -68.783110 ,2023-09-22 18:28:00,Brasil,ACRE,RIO BRANCO,Amazônia
 1652209210 ,9920daf1-4793-356e-a8f5-9a24481f89b1,  -10.247210 ,  -68.170460 ,2023-09-22 18:28:00,Brasil,ACRE,RIO BRANCO,Amazônia
 1652209211 ,32ed430b-bf81-3d99-beda-d855cf70a1ae,  -10.184570 ,  -68.578000 ,2023-09-22 18:28:00,Brasil,ACRE,RIO BRANCO,Amazônia
 1652209213 ,ff56cb44-a991-3914-ba59-6d99f5c588c4,  -10.183240 ,  -68.568530 ,2023-09-22 18:28:00,Brasil,ACRE,RIO BRANCO,Amazônia
 1652209214 ,d36e40bf-99d9-36c6-97e6-d9175b3acc10,  -10.164960 ,  -68.571170 ,2023-09-22 18:28:00,Brasil,ACRE,RIO BRANCO,Amazônia
 1652209215 ,19f2fd3a-423c-3cda-9f04-a96e714d4195,  -10.150660 ,  -68.602390 ,2023-09-22 18:28:00,Brasil,ACRE,RIO BRANCO,Amazônia
 1652209216 ,7254d2b3-ddbf-325e-965f-b524605647a9,   -9.772960 ,  -68.205080 ,2023-09-22 18:28:00,Brasil,ACRE,BUJARI,Amazônia
 1652209217 ,dba41e9d-b1c6-31da-bb4b-0c5214729c96,   -9.721050 ,  -67.969620 ,2023-09-22 18:28:00,Brasil,ACRE,BUJARI,Amazônia
 1652209218 ,4522d5e5-f128-3fce-9326-6fbc60b23303,   -9.649750 ,  -67.472240 ,2023-09-22 18:28:00,Brasil,ACRE,PORTO ACRE,Amazônia
 1652209219 ,93d807c7-77cc-3ea8-86f7-e723d4992d51,   -9.640830 ,  -67.473570 ,2023-09-22 18:28:00,Brasil,ACRE,PORTO ACRE,Amazônia
 1652209220 ,0d7bd583-9d20-3daf-8c19-f857dcee7ee2,   -9.600400 ,  -67.448500 ,2023-09-22 18:28:00,Brasil,ACRE,PORTO ACRE,Amazônia
 1652209225 ,35221a1c-8ed0-379f-99ac-445a5d934662,   -9.455310 ,  -68.297690 ,2023-09-22 18:28:00,Brasil,ACRE,BUJARI,Amazônia
 1652209405 ,058b900b-109c-3c9b-b1b6-87c0d3a0e89e,   -9.781930 ,  -67.238060 ,2023-09-22 18:28:00,Brasil,ACRE,SENADOR GUIOMARD,Amazônia
 1652209576 ,4444a3a8-fef5-3c2e-b18f-f2982c5b084f,   -9.301670 ,  -68.709460 ,2023-09-22 18:28:00,Brasil,ACRE,SENA MADUREIRA,Amazônia
 1652209580 ,315803cb-4396-312d-b828-0aabcb9970e4,   -9.390470 ,  -67.912930 ,2023-09-22 18:28:00,Brasil,ACRE,PORTO ACRE,Amazônia
 1652209586 ,659c4c5e-2277-34bf-8c03-db1705c7fe68,   -9.338300 ,  -68.124810 ,2023-09-22 18:28:00,Brasil,ACRE,BUJARI,Amazônia
 1652209650 ,7b386a38-5ee4-332c-b12f-3d91260f1af2,   -7.849570 ,  -70.875220 ,2023-09-22 18:28:00,Brasil,ACRE,TARAUACÁ,Amazônia
 1652209651 ,3ce2d39b-0491-3e4f-8dd7-57d19b111ca2,   -8.994860 ,  -71.268720 ,2023-09-22 18:28:00,Brasil,ACRE,FEIJÓ,Amazônia
 1652209652 ,1fce4306-396b-3ec5-a1f7-a7217d7345b9,   -8.917390 ,  -71.299020 ,2023-09-22 18:28:00,Brasil,ACRE,FEIJÓ,Amazônia
 1652209653 ,8e3dae97-0bdc-3418-b0d1-ae0c33a925e5,   -8.893970 ,  -71.525850 ,2023-09-22 18:28:00,Brasil,ACRE,JORDÃO,Amazônia
 1652209654 ,d3c6935b-21bf-33f8-bb87-f265927b5245,   -8.892240 ,  -71.512710 ,2023-09-22 18:28:00,Brasil,ACRE,JORDÃO,Amazônia
 1652209656 ,09edb434-3e60-3384-aebf-b71f8f4435a7,   -8.889580 ,  -71.251480 ,2023-09-22 18:28:00,Brasil,ACRE,FEIJÓ,Amazônia
 1652209657 ,927773b4-9474-3e65-b039-4d6a2d0129e2,   -8.652650 ,  -70.708490 ,2023-09-22 18:28:00,Brasil,ACRE,FEIJÓ,Amazônia
 1652209658 ,271fcc86-6b6f-39ad-a40a-793e8275cda6,   -8.651060 ,  -70.697040 ,2023-09-22 18:28:00,Brasil,ACRE,FEIJÓ,Amazônia
 1652209659 ,8c1b4bc1-3811-37f7-a087-9484d67c1cb7,   -8.439190 ,  -71.154120 ,2023-09-22 18:28:00,Brasil,ACRE,TARAUACÁ,Amazônia
 1652209660 ,bea2cb01-daab-3148-a4dc-45b8f656a561,   -8.325040 ,  -70.772090 ,2023-09-22 18:28:00,Brasil,ACRE,TARAUACÁ,Amazônia
 1652209661 ,65647b6d-0ef8-3315-9bd2-ab7adc6d8d06,   -8.324000 ,  -70.767140 ,2023-09-22 18:28:00,Brasil,ACRE,TARAUACÁ,Amazônia
 1652209662 ,7ad594c6-c46b-3262-b9a2-27102e642bd3,   -8.323500 ,  -70.760630 ,2023-09-22 18:28:00,Brasil,ACRE,TARAUACÁ,Amazônia
 1652209663 ,3b3211a2-a13a-3d1b-9112-9130892bdbed,   -8.312350 ,  -71.055340 ,2023-09-22 18:28:00,Brasil,ACRE,TARAUACÁ,Amazônia
 1652209664 ,9fc8e6a7-3bbd-323e-abf8-571b8533f3ea,   -8.255630 ,  -71.154650 ,2023-09-22 18:28:00,Brasil,ACRE,TARAUACÁ,Amazônia
 1652209665 ,c9970f9f-ffc4-38f4-88ba-b10a6fa0ca3e,   -8.232480 ,  -70.987080 ,2023-09-22 18:28:00,Brasil,ACRE,TARAUACÁ,Amazônia
 1652209666 ,b893e0d8-d1d7-3435-b5bb-89fabfb67e97,   -8.231230 ,  -70.903580 ,2023-09-22 18:28:00,Brasil,ACRE,TARAUACÁ,Amazônia
 1652209667 ,6775ce0f-4aae-3d1e-bf24-ca525b1d28f3,   -8.230850 ,  -70.975310 ,2023-09-22 18:28:00,Brasil,ACRE,TARAUACÁ,Amazônia
 1652209668 ,e99673cb-321f-39f9-a15b-b4d6f935910f,   -8.229610 ,  -70.891950 ,2023-09-22 18:28:00,Brasil,ACRE,TARAUACÁ,Amazônia
 1652209669 ,9243d8bf-65e7-3de2-a57e-6f273916dd6b,   -8.228350 ,  -70.809420 ,2023-09-22 18:28:00,Brasil,ACRE,TARAUACÁ,Amazônia
 1652209670 ,e92fd6a4-ecd8-3460-bad1-e3881c3cc5ea,   -8.226370 ,  -70.868690 ,2023-09-22 18:28:00,Brasil,ACRE,TARAUACÁ,Amazônia
 1652209671 ,bec9acf5-ebb9-3d25-b829-728b6c2b086d,   -8.224750 ,  -70.857060 ,2023-09-22 18:28:00,Brasil,ACRE,TARAUACÁ,Amazônia
 1652209672 ,7cfcf36a-57d4-3d10-8028-a6047b663685,   -8.149310 ,  -71.440700 ,2023-09-22 18:28:00,Brasil,ACRE,TARAUACÁ,Amazônia
 1652209673 ,f8b4f6a6-f019-3b4e-bb9a-a063f28dc13d,   -8.136450 ,  -70.659780 ,2023-09-22 18:28:00,Brasil,ACRE,TARAUACÁ,Amazônia
 1652209674 ,36fb186c-3158-3d52-8b9a-6eb7d0efe8a7,   -8.090790 ,  -71.214520 ,2023-09-22 18:28:00,Brasil,ACRE,TARAUACÁ,Amazônia
 1652209675 ,2845e76d-a8bc-32c1-8c2c-a927584e238a,   -8.089100 ,  -71.202360 ,2023-09-22 18:28:00,Brasil,ACRE,TARAUACÁ,Amazônia
 1652209676 ,f883b5ce-f786-3283-a77c-784ef911bdc6,   -8.061860 ,  -71.156880 ,2023-09-22 18:28:00,Brasil,ACRE,TARAUACÁ,Amazônia
 1652209677 ,6b0c857f-b3f1-3e66-b435-bc3f4429941e,   -8.060200 ,  -71.144840 ,2023-09-22 18:28:00,Brasil,ACRE,TARAUACÁ,Amazônia
 1652209678 ,df424aeb-54b2-3fa3-a6a6-5fb83293b5d6,   -8.059840 ,  -71.218600 ,2023-09-22 18:28:00,Brasil,ACRE,TARAUACÁ,Amazônia
 1652209679 ,421c2c6a-8bae-35bd-b703-f599a9b850b0,   -8.057870 ,  -70.904140 ,2023-09-22 18:28:00,Brasil,ACRE,TARAUACÁ,Amazônia
 1652209680 ,dc4461cd-7627-3d38-a880-621de11b4ae2,   -8.052850 ,  -71.244450 ,2023-09-22 18:28:00,Brasil,ACRE,TARAUACÁ,Amazônia
 1652209681 ,cf7664a1-cc79-392c-b57b-d184225089a1,   -8.051180 ,  -71.232190 ,2023-09-22 18:28:00,Brasil,ACRE,TARAUACÁ,Amazônia
 1652209682 ,577b21d0-d4e5-3e81-ab3a-a07ed2689f69,   -8.043780 ,  -71.025550 ,2023-09-22 18:28:00,Brasil,ACRE,TARAUACÁ,Amazônia
 1652209683 ,ec6f427a-2e68-37b4-a42b-d2a9852608a1,   -8.025020 ,  -71.329860 ,2023-09-22 18:28:00,Brasil,ACRE,TARAUACÁ,Amazônia
 1652209685 ,d642180c-74f8-3d05-bb9c-45f5278d757f,   -8.019960 ,  -71.218450 ,2023-09-22 18:28:00,Brasil,ACRE,TARAUACÁ,Amazônia
 1652209686 ,f099e646-a844-3568-9476-2d1be132876b,   -8.018630 ,  -71.224480 ,2023-09-22 18:28:00,Brasil,ACRE,TARAUACÁ,Amazônia
 1652209687 ,7387641c-7d79-3462-b224-21450fa2e611,   -8.008510 ,  -70.994610 ,2023-09-22 18:28:00,Brasil,ACRE,TARAUACÁ,Amazônia
 1652209688 ,c912480e-1f94-37ac-b3df-38615d50a936,   -7.983500 ,  -70.962260 ,2023-09-22 18:28:00,Brasil,ACRE,TARAUACÁ,Amazônia
 1652209689 ,af094317-7b1d-3e57-ad0c-4b9f0b8322e1,   -8.526550 ,  -70.603810 ,2023-09-22 18:28:00,Brasil,ACRE,FEIJÓ,Amazônia
 1652209690 ,91467e82-166f-35e9-ac61-878f706fc129,   -8.509460 ,  -70.334660 ,2023-09-22 18:28:00,Brasil,ACRE,FEIJÓ,Amazônia
 1652209691 ,722796be-2e4e-30ff-b91a-d602b35605f6,   -8.508170 ,  -70.617870 ,2023-09-22 18:28:00,Brasil,ACRE,FEIJÓ,Amazônia
 1652209692 ,01e9e55d-9d28-32e5-a72c-a1e61e052992,   -8.507950 ,  -70.323760 ,2023-09-22 18:28:00,Brasil,ACRE,FEIJÓ,Amazônia
 1652209693 ,8dd7e8d5-1314-3307-b9b0-d06beb799edb,   -8.506640 ,  -70.606590 ,2023-09-22 18:28:00,Brasil,ACRE,FEIJÓ,Amazônia
 1652209694 ,d198b3a6-3c25-3b1d-93f5-e8a7a243cba8,   -8.498170 ,  -70.325160 ,2023-09-22 18:28:00,Brasil,ACRE,FEIJÓ,Amazônia
 1652209695 ,c93f8f53-249e-343b-ab9c-96232c5e1fd5,   -8.476960 ,  -70.462390 ,2023-09-22 18:28:00,Brasil,ACRE,FEIJÓ,Amazônia
 1652209696 ,dd45ff09-6262-394c-abc5-11baf83c7a02,   -8.453670 ,  -70.382460 ,2023-09-22 18:28:00,Brasil,ACRE,FEIJÓ,Amazônia
 1652209697 ,624a33df-a99a-332b-b779-2241d6b233ae,   -8.444830 ,  -70.462260 ,2023-09-22 18:28:00,Brasil,ACRE,FEIJÓ,Amazônia
 1652209698 ,287aa0bb-cc1a-3f65-a61e-0952bf3a11cd,   -8.355390 ,  -70.548380 ,2023-09-22 18:28:00,Brasil,ACRE,FEIJÓ,Amazônia
 1652209699 ,7b2ab723-b65a-3476-a4c5-62a6073ba836,   -8.353840 ,  -70.537230 ,2023-09-22 18:28:00,Brasil,ACRE,FEIJÓ,Amazônia
 1652209700 ,a4a75d7c-8cc7-3f1f-aa5e-b390385f5608,   -8.351680 ,  -70.594470 ,2023-09-22 18:28:00,Brasil,ACRE,FEIJÓ,Amazônia
 1652209701 ,b060cffc-6f08-3d8f-bc71-da67d75040ec,   -8.350130 ,  -70.583280 ,2023-09-22 18:28:00,Brasil,ACRE,FEIJÓ,Amazônia
 1652209702 ,be24678c-19ab-374a-9d2c-d8505c800990,   -8.328510 ,  -70.284010 ,2023-09-22 18:28:00,Brasil,ACRE,FEIJÓ,Amazônia
 1652209703 ,937559fa-0fcb-3d32-87cf-e22500aa3375,   -8.318790 ,  -70.285420 ,2023-09-22 18:28:00,Brasil,ACRE,FEIJÓ,Amazônia
 1652209704 ,48ecca17-f16c-3d5d-9ab9-b08c56028c3e,   -8.317330 ,  -70.565060 ,2023-09-22 18:28:00,Brasil,ACRE,FEIJÓ,Amazônia
 1652209705 ,d79bcaa3-55b8-3ef7-b5d5-678ac0db5998,   -8.305310 ,  -70.331430 ,2023-09-22 18:28:00,Brasil,ACRE,FEIJÓ,Amazônia
 1652209706 ,854ff13b-3a62-337e-98ef-b7952e6939c6,   -8.297540 ,  -70.567890 ,2023-09-22 18:28:00,Brasil,ACRE,FEIJÓ,Amazônia
 1652209707 ,237bfd7c-a736-3a81-8772-83c4701d482f,   -8.296870 ,  -70.574520 ,2023-09-22 18:28:00,Brasil,ACRE,FEIJÓ,Amazônia
 1652209708 ,98b413bf-7e69-3f82-8dfb-9cf085ed848c,   -8.295310 ,  -70.563420 ,2023-09-22 18:28:00,Brasil,ACRE,FEIJÓ,Amazônia
 1652209709 ,74105095-e6fb-3a5a-856b-60f00cd39ffc,   -8.260660 ,  -70.388560 ,2023-09-22 18:28:00,Brasil,ACRE,FEIJÓ,Amazônia
 1652209711 ,d59a16b6-17aa-3124-a16f-5481967d2e1e,   -8.259130 ,  -70.377690 ,2023-09-22 18:28:00,Brasil,ACRE,FEIJÓ,Amazônia
 1652209712 ,8b1aa22b-9853-36f4-8e01-cce0ffe2d592,   -8.252410 ,  -70.400900 ,2023-09-22 18:28:00,Brasil,ACRE,FEIJÓ,Amazônia
 1652209713 ,d7803aef-c6e1-3041-9062-9d9b760233eb,   -9.354190 ,  -71.897450 ,2023-09-22 18:28:00,Brasil,ACRE,JORDÃO,Amazônia
 1652209714 ,bf51d53e-144f-3b45-bf10-6f8d6edc3ad1,   -9.293310 ,  -71.954570 ,2023-09-22 18:28:00,Brasil,ACRE,JORDÃO,Amazônia
 1652209720 ,a273225f-6a7e-3991-b760-98635182bd9a,   -7.912710 ,  -72.417060 ,2023-09-22 18:28:00,Brasil,ACRE,CRUZEIRO DO SUL,Amazônia
 1652209721 ,55d8a5d4-2fc0-3ce2-9548-c6969a9a41a4,   -7.911470 ,  -72.411830 ,2023-09-22 18:28:00,Brasil,ACRE,CRUZEIRO DO SUL,Amazônia
 1652209722 ,1ecaab73-12b7-301c-b872-3b4494bd873b,   -7.905350 ,  -72.279420 ,2023-09-22 18:28:00,Brasil,ACRE,CRUZEIRO DO SUL,Amazônia
 1652209723 ,7b6f568a-3320-3545-abdb-5fc99961907c,   -7.903730 ,  -72.353030 ,2023-09-22 18:28:00,Brasil,ACRE,CRUZEIRO DO SUL,Amazônia
 1652209724 ,7a5f2c8e-eda1-3838-8bb6-36820429079d,   -7.902510 ,  -72.343820 ,2023-09-22 18:28:00,Brasil,ACRE,CRUZEIRO DO SUL,Amazônia
 1652209725 ,01d137e1-52b6-3af2-b498-18cc962d0174,   -7.901820 ,  -72.338570 ,2023-09-22 18:28:00,Brasil,ACRE,CRUZEIRO DO SUL,Amazônia
 1652209726 ,5e84adb8-2221-3101-bdc5-b906216c7fc5,   -7.890420 ,  -72.854860 ,2023-09-22 18:28:00,Brasil,ACRE,RODRIGUES ALVES,Amazônia
 1652209727 ,c1f190eb-4822-3ea5-98bf-b3daeda74344,   -7.868970 ,  -72.348420 ,2023-09-22 18:28:00,Brasil,ACRE,CRUZEIRO DO SUL,Amazônia
 1652209728 ,ddc4f019-c518-3bab-93d1-a546fefd8a83,   -7.845210 ,  -72.426140 ,2023-09-22 18:28:00,Brasil,ACRE,CRUZEIRO DO SUL,Amazônia
 1652209729 ,317fafdc-e857-3140-89a7-8f06f32b5276,   -7.836720 ,  -72.788410 ,2023-09-22 18:28:00,Brasil,ACRE,RODRIGUES ALVES,Amazônia
 1652209730 ,3d605237-d573-3d26-a6cb-b359ca85af30,   -7.834610 ,  -72.772920 ,2023-09-22 18:28:00,Brasil,ACRE,RODRIGUES ALVES,Amazônia
 1652209731 ,b075863a-1d09-3b05-b0fc-136ea393a6d3,   -7.825810 ,  -72.281130 ,2023-09-22 18:28:00,Brasil,ACRE,CRUZEIRO DO SUL,Amazônia
 1652209732 ,fcf0cc0b-03ed-3390-bf38-10d2ac6b9c9d,   -7.823910 ,  -72.266900 ,2023-09-22 18:28:00,Brasil,ACRE,CRUZEIRO DO SUL,Amazônia
 1652209733 ,1a3c4607-6754-379a-a4e9-70f060667a9c,   -7.816600 ,  -72.297000 ,2023-09-22 18:28:00,Brasil,ACRE,CRUZEIRO DO SUL,Amazônia
 1652209734 ,f90aceed-2033-30f9-9b26-d20dceeccf8a,   -7.788570 ,  -72.170680 ,2023-09-22 18:28:00,Brasil,ACRE,CRUZEIRO DO SUL,Amazônia
 1652209735 ,d27ec29a-3c6f-3c1d-9630-c63895ce317e,   -7.787060 ,  -72.832270 ,2023-09-22 18:28:00,Brasil,ACRE,RODRIGUES ALVES,Amazônia
 1652209736 ,125f890f-74d9-3d9f-a655-405a559cad8c,   -7.785030 ,  -72.843350 ,2023-09-22 18:28:00,Brasil,ACRE,RODRIGUES ALVES,Amazônia
 1652209737 ,747e065e-66d9-32d7-b941-00c525b77c57,   -7.782980 ,  -72.827670 ,2023-09-22 18:28:00,Brasil,ACRE,RODRIGUES ALVES,Amazônia
 1652209738 ,2f36aec6-718c-3233-8fc8-1ad77223d238,   -7.683020 ,  -72.917850 ,2023-09-22 18:28:00,Brasil,ACRE,RODRIGUES ALVES,Amazônia
 1652209739 ,ebfd1b66-b2bf-355e-bba4-01704a7d6c20,   -7.680850 ,  -72.901980 ,2023-09-22 18:28:00,Brasil,ACRE,RODRIGUES ALVES,Amazônia
 1652209740 ,27206a39-2c10-3435-a631-ac5572059865,   -7.649820 ,  -72.420330 ,2023-09-22 18:28:00,Brasil,ACRE,CRUZEIRO DO SUL,Amazônia
 1652209742 ,92857f54-59f3-306f-b3fe-fec50650a114,   -7.647880 ,  -72.405800 ,2023-09-22 18:28:00,Brasil,ACRE,CRUZEIRO DO SUL,Amazônia
 1652209743 ,745773eb-006e-3563-a961-d749901edb2e,   -7.635040 ,  -71.979550 ,2023-09-22 18:28:00,Brasil,ACRE,CRUZEIRO DO SUL,Amazônia
 1652209744 ,d62ac505-14c0-3695-8b49-5e17d7c34d02,   -7.633190 ,  -71.966120 ,2023-09-22 18:28:00,Brasil,ACRE,CRUZEIRO DO SUL,Amazônia
 1652209753 ,1f101b6d-4809-3dc7-8eae-767c1ff02536,   -9.115560 ,  -72.677060 ,2023-09-22 18:28:00,Brasil,ACRE,MARECHAL THAUMATURGO,Amazônia
 1652209754 ,e1da6cd9-6eec-3563-ad82-a1dfbcd93b0c,   -9.052460 ,  -72.706790 ,2023-09-22 18:28:00,Brasil,ACRE,MARECHAL THAUMATURGO,Amazônia
 1652209755 ,96847053-3bfc-3aad-a005-92def3d3e419,   -9.047360 ,  -72.702640 ,2023-09-22 18:28:00,Brasil,ACRE,MARECHAL THAUMATURGO,Amazônia
 1652209756 ,6ea1f63b-16fa-3d83-b507-42486bf8cb19,   -8.672470 ,  -72.365540 ,2023-09-22 18:28:00,Brasil,ACRE,PORTO WALTER,Amazônia
 1652209757 ,2249874f-cee7-3da6-8419-d1d313fced4f,   -8.617750 ,  -72.378180 ,2023-09-22 18:28:00,Brasil,ACRE,PORTO WALTER,Amazônia
 1652209758 ,980133d0-674b-3e0c-8006-5d84656e3a17,   -8.615710 ,  -72.363200 ,2023-09-22 18:28:00,Brasil,ACRE,PORTO WALTER,Amazônia
 1652209759 ,a64e5342-7f09-3f0e-9d19-99f8bd9b5c9a,   -8.610450 ,  -72.409690 ,2023-09-22 18:28:00,Brasil,ACRE,PORTO WALTER,Amazônia
 1652209760 ,bb55f253-2734-3d31-ad6d-b0ce95d59d4a,   -8.515580 ,  -72.475750 ,2023-09-22 18:28:00,Brasil,ACRE,PORTO WALTER,Amazônia
 1652209761 ,bc15e6b2-b7c7-354d-904e-e3c875f89d45,   -8.513560 ,  -72.460620 ,2023-09-22 18:28:00,Brasil,ACRE,PORTO WALTER,Amazônia
 1652209762 ,67c4fab8-29af-3184-8080-e62507cc8954,   -8.473920 ,  -72.512540 ,2023-09-22 18:28:00,Brasil,ACRE,PORTO WALTER,Amazônia
 1652209763 ,1f693e84-21f1-3d2d-aaa1-2c172586e323,   -8.404700 ,  -72.589670 ,2023-09-22 18:28:00,Brasil,ACRE,PORTO WALTER,Amazônia
 1652209764 ,37cdd894-9f69-36e3-a38b-dc1e7376448e,   -8.238920 ,  -72.790180 ,2023-09-22 18:28:00,Brasil,ACRE,PORTO WALTER,Amazônia
 1652209765 ,f0535f55-fc6f-34f0-8d9d-feda6db2e871,   -8.236740 ,  -72.774410 ,2023-09-22 18:28:00,Brasil,ACRE,PORTO WALTER,Amazônia
 1652209766 ,0556ed98-78e1-3e9c-b98f-d95e8974ce50,   -8.235300 ,  -72.783880 ,2023-09-22 18:28:00,Brasil,ACRE,PORTO WALTER,Amazônia
 1652209767 ,07ac3258-789d-316f-a7bc-7739cd37555a,   -8.061300 ,  -72.414380 ,2023-09-22 18:28:00,Brasil,ACRE,CRUZEIRO DO SUL,Amazônia
 1652209768 ,b00c2b5f-94e2-3f7c-8fd0-8c013c5ff67e,   -8.038200 ,  -72.749480 ,2023-09-22 18:28:00,Brasil,ACRE,CRUZEIRO DO SUL,Amazônia
 1652209769 ,68e0c838-20ad-3b70-91fc-042fa7d017d2,   -8.035420 ,  -72.478580 ,2023-09-22 18:28:00,Brasil,ACRE,CRUZEIRO DO SUL,Amazônia
 1652209770 ,dcd957fc-2fdb-30f0-b6eb-91380f5bd064,   -8.028900 ,  -72.344090 ,2023-09-22 18:28:00,Brasil,ACRE,CRUZEIRO DO SUL,Amazônia
 1652209771 ,3888d153-8760-3b95-b1f8-1476c3bc34a2,   -8.027500 ,  -72.419170 ,2023-09-22 18:28:00,Brasil,ACRE,CRUZEIRO DO SUL,Amazônia
 1652209772 ,350b1662-430d-39dc-aac9-6cca5fa499e9,   -8.022370 ,  -72.719880 ,2023-09-22 18:28:00,Brasil,ACRE,CRUZEIRO DO SUL,Amazônia
 1652209773 ,18e37c0d-4632-3fd8-a17f-96980b929a23,   -8.020240 ,  -72.704280 ,2023-09-22 18:28:00,Brasil,ACRE,CRUZEIRO DO SUL,Amazônia
 1652209774 ,5b61841e-d55f-3ce3-b91b-d1374cf73a92,   -7.984190 ,  -72.967340 ,2023-09-22 18:28:00,Brasil,ACRE,CRUZEIRO DO SUL,Amazônia
 1652209775 ,9bf734fe-677d-32aa-9e22-8a5f2c1af3b0,   -7.982090 ,  -72.951220 ,2023-09-22 18:28:00,Brasil,ACRE,CRUZEIRO DO SUL,Amazônia
 1652209776 ,12cd7bdb-b6ce-3f82-b66b-456f6f7b3912,   -7.977870 ,  -72.973400 ,2023-09-22 18:28:00,Brasil,ACRE,CRUZEIRO DO SUL,Amazônia
 1652209777 ,e633aa55-51bc-3e3a-a1c6-5e9f8c6b3602,   -7.975650 ,  -72.957240 ,2023-09-22 18:28:00,Brasil,ACRE,CRUZEIRO DO SUL,Amazônia
 1652209778 ,9ad64bc4-d0e9-3e0a-bd02-333985e86385,   -7.939150 ,  -72.864430 ,2023-09-22 18:28:00,Brasil,ACRE,CRUZEIRO DO SUL,Amazônia
 1652209779 ,d3f2c364-26f8-3247-ae34-0f57d8227c3b,   -7.937000 ,  -72.848560 ,2023-09-22 18:28:00,Brasil,ACRE,CRUZEIRO DO SUL,Amazônia
 1652209780 ,84a9acb3-8877-3ef4-99d6-60f9df3c7119,   -7.926500 ,  -72.947550 ,2023-09-22 18:28:00,Brasil,ACRE,RODRIGUES ALVES,Amazônia
 1652209781 ,367c8083-abbc-3b07-bf35-47be87f637c6,   -7.924360 ,  -72.931500 ,2023-09-22 18:28:00,Brasil,ACRE,RODRIGUES ALVES,Amazônia
 1652209782 ,57b43699-6f19-3251-988a-238b511fb01d,   -7.895500 ,  -72.984590 ,2023-09-22 18:28:00,Brasil,ACRE,RODRIGUES ALVES,Amazônia
 1652209783 ,7c326812-3288-34f8-8d11-1c5ef33761d3,   -7.888330 ,  -72.992240 ,2023-09-22 18:28:00,Brasil,ACRE,RODRIGUES ALVES,Amazônia
 1652209942 ,9a83f780-a501-3dce-83a5-1e0a3dd451f2,  -10.885960 ,  -68.465870 ,2023-09-22 18:28:00,Brasil,ACRE,EPITACIOLÂNDIA,Amazônia
 1652210924 ,4a014ad0-e841-33cd-8114-fe1a289ffbd9,  -10.856490 ,  -68.573650 ,2023-09-22 18:28:00,Brasil,ACRE,EPITACIOLÂNDIA,Amazônia
 1652211090 ,1194df29-0436-3638-81b1-d8df53202ecd,   -9.166940 ,  -68.925000 ,2023-09-22 18:28:00,Brasil,ACRE,SENA MADUREIRA,Amazônia
 1652211091 ,81bbb007-76fe-3411-ba97-e9e8de132f71,   -8.983550 ,  -68.869910 ,2023-09-22 18:28:00,Brasil,ACRE,SENA MADUREIRA,Amazônia
 1652211092 ,ca8d5b40-102d-32d5-b189-ad5ef18492b1,   -8.946010 ,  -68.862490 ,2023-09-22 18:28:00,Brasil,ACRE,SENA MADUREIRA,Amazônia
 1652211093 ,df33a88b-3e3a-30dd-a808-7ec14a4279e4,   -8.902920 ,  -68.888050 ,2023-09-22 18:28:00,Brasil,ACRE,SENA MADUREIRA,Amazônia
 1652211094 ,0bddaef7-cff4-3f0c-b5b4-9091d7256a46,   -8.901600 ,  -68.878590 ,2023-09-22 18:28:00,Brasil,ACRE,SENA MADUREIRA,Amazônia
 1652211095 ,672dc494-6298-3e01-b2f4-126022eaf4b3,   -8.880050 ,  -69.042930 ,2023-09-22 18:28:00,Brasil,ACRE,MANOEL URBANO,Amazônia
 1652211096 ,b54dc40b-b983-34f8-bd00-1164dd30df6f,   -8.867500 ,  -69.222180 ,2023-09-22 18:28:00,Brasil,ACRE,MANOEL URBANO,Amazônia
 1652211097 ,8fadd190-8e4e-3994-82e0-b2fd2e29497e,   -8.860730 ,  -69.173570 ,2023-09-22 18:28:00,Brasil,ACRE,MANOEL URBANO,Amazônia
 1652211098 ,d5cf6064-1937-371b-8d28-c63721ba91e2,   -8.819600 ,  -69.136750 ,2023-09-22 18:28:00,Brasil,ACRE,MANOEL URBANO,Amazônia
 1652211099 ,62b7ab16-cf57-3186-b47b-b202d45ee105,   -8.818230 ,  -69.127090 ,2023-09-22 18:28:00,Brasil,ACRE,MANOEL URBANO,Amazônia
 1652211100 ,395b219b-4c2c-3115-8bd9-d35fe1f10418,   -8.812430 ,  -69.020190 ,2023-09-22 18:28:00,Brasil,ACRE,MANOEL URBANO,Amazônia
 1652211101 ,643312d7-07a5-3072-8685-0f74c275a93c,   -8.810370 ,  -69.138070 ,2023-09-22 18:28:00,Brasil,ACRE,MANOEL URBANO,Amazônia
 1652211102 ,c5720c3c-84bc-31cb-b2fb-0cdc1b42936c,   -8.779480 ,  -69.391170 ,2023-09-22 18:28:00,Brasil,ACRE,MANOEL URBANO,Amazônia
 1652211104 ,50ff532b-308e-3518-a04d-bbbf70b46368,   -8.720850 ,  -69.739170 ,2023-09-22 18:28:00,Brasil,ACRE,FEIJÓ,Amazônia
 1652211105 ,e50cfb0c-d650-3a5d-908d-981b63ee8281,   -8.670700 ,  -69.962410 ,2023-09-22 18:28:00,Brasil,ACRE,FEIJÓ,Amazônia
 1652211106 ,f1d9e6a8-7756-3fda-b6ef-3cd64e010232,   -8.626820 ,  -69.789220 ,2023-09-22 18:28:00,Brasil,ACRE,FEIJÓ,Amazônia
 1652211107 ,ae633cbc-e3ac-33d4-b0f6-926eb81c5adc,   -8.625380 ,  -69.779000 ,2023-09-22 18:28:00,Brasil,ACRE,FEIJÓ,Amazônia
 1652211108 ,11aeee2e-e541-3a54-a8c6-762610ebf1cd,   -8.575770 ,  -70.154780 ,2023-09-22 18:28:00,Brasil,ACRE,FEIJÓ,Amazônia
 1652211109 ,9f02f9f1-4fd6-3789-bd06-02fcf828f00c,   -8.062490 ,  -69.906350 ,2023-09-22 18:28:00,Brasil,ACRE,FEIJÓ,Amazônia
 1652211110 ,bdab42f1-0895-3360-bf3e-ffbbbaa0c22f,   -8.005560 ,  -69.952320 ,2023-09-22 18:28:00,Brasil,ACRE,FEIJÓ,Amazônia
 1652211111 ,88cc9e8f-f068-364f-b45b-7d875e718414,   -7.972750 ,  -69.925730 ,2023-09-22 18:28:00,Brasil,ACRE,FEIJÓ,Amazônia
 1652211112 ,d156c92f-332d-36ef-9baf-313b614e3f8f,   -7.911520 ,  -70.002800 ,2023-09-22 18:28:00,Brasil,ACRE,FEIJÓ,Amazônia
 1652211114 ,a16948a9-44c4-3c12-946a-8dd26e91b973,   -7.971320 ,  -69.915510 ,2023-09-22 18:28:00,Brasil,ACRE,FEIJÓ,Amazônia
 1652211115 ,5f71f154-6e31-373d-8f23-b629d86aa1c3,   -9.415940 ,  -68.928860 ,2023-09-22 18:28:00,Brasil,ACRE,SENA MADUREIRA,Amazônia
 1652211116 ,75c9101c-7787-316e-add5-bbc1e2342d6e,   -8.948910 ,  -68.949220 ,2023-09-22 18:28:00,Brasil,ACRE,SENA MADUREIRA,Amazônia
 1652211117 ,976d3344-6d93-317d-bf8a-c6054bbe06c1,   -8.908350 ,  -69.176570 ,2023-09-22 18:28:00,Brasil,ACRE,MANOEL URBANO,Amazônia
 1652211118 ,40ca1393-e61a-3d25-b3af-4026c3bcbe9e,   -8.878700 ,  -69.033360 ,2023-09-22 18:28:00,Brasil,ACRE,MANOEL URBANO,Amazônia
 1652211119 ,b7e82243-e524-3878-a828-25dead8ea517,   -8.854180 ,  -69.194350 ,2023-09-22 18:28:00,Brasil,ACRE,MANOEL URBANO,Amazônia
 1652211120 ,8fff9ba8-1d95-341d-81ed-37ca63569955,   -8.832960 ,  -69.164390 ,2023-09-22 18:28:00,Brasil,ACRE,MANOEL URBANO,Amazônia
 1652211121 ,72bb54f7-2c65-30e1-a4ad-c745abbcfe71,   -8.811070 ,  -69.010660 ,2023-09-22 18:28:00,Brasil,ACRE,MANOEL URBANO,Amazônia
 1652211122 ,741cedc2-842c-3c63-a1bb-e86d22ed4ff0,   -8.809000 ,  -69.128410 ,2023-09-22 18:28:00,Brasil,ACRE,MANOEL URBANO,Amazônia
 1652211123 ,a4e2c175-f19b-3d2f-9bf9-d982523812f1,   -8.808850 ,  -69.397000 ,2023-09-22 18:28:00,Brasil,ACRE,MANOEL URBANO,Amazônia
 1652211124 ,87e0f025-c53f-37db-a19a-4298cee4cde9,   -8.792700 ,  -69.013320 ,2023-09-22 18:28:00,Brasil,ACRE,MANOEL URBANO,Amazônia
 1652211125 ,cf64b22a-d663-3022-a90c-34c8d00e5525,   -8.778130 ,  -68.976570 ,2023-09-22 18:28:00,Brasil,ACRE,MANOEL URBANO,Amazônia
 1652211126 ,707f5914-f8f5-3910-9bd1-b508ea180197,   -8.752350 ,  -69.240780 ,2023-09-22 18:28:00,Brasil,ACRE,MANOEL URBANO,Amazônia
 1652211127 ,b3b12743-5d26-375b-bb95-60c13be8d7d6,   -8.688630 ,  -69.190670 ,2023-09-22 18:28:00,Brasil,ACRE,MANOEL URBANO,Amazônia
 1652211128 ,04fbad35-a450-33b2-8882-3d82bbf8b08a,   -8.673220 ,  -69.956690 ,2023-09-22 18:28:00,Brasil,ACRE,FEIJÓ,Amazônia
 1652211129 ,c126bbaa-6a36-363d-93b0-09889bdcbc18,   -8.645810 ,  -69.786510 ,2023-09-22 18:28:00,Brasil,ACRE,FEIJÓ,Amazônia
 1652211130 ,967ba7d6-157f-3bad-8537-132f19ae851e,   -8.562980 ,  -70.277190 ,2023-09-22 18:28:00,Brasil,ACRE,FEIJÓ,Amazônia
 1652211131 ,00e5f495-42e3-3047-ab05-4a4326314cb9,   -8.558060 ,  -70.027860 ,2023-09-22 18:28:00,Brasil,ACRE,FEIJÓ,Amazônia
 1652211132 ,22ac425d-281a-3c76-888c-55f15ed0543d,   -8.553220 ,  -70.278580 ,2023-09-22 18:28:00,Brasil,ACRE,FEIJÓ,Amazônia
 1652211133 ,b247866a-73c5-3085-954b-4a4513853ddf,   -8.551740 ,  -70.267770 ,2023-09-22 18:28:00,Brasil,ACRE,FEIJÓ,Amazônia
 1652211134 ,ee51b8c0-8452-3dd6-b205-c3ceffb25d67,   -8.342440 ,  -70.081280 ,2023-09-22 18:28:00,Brasil,ACRE,FEIJÓ,Amazônia
 1652211135 ,e998a5d1-47c3-3549-8b53-243079f74006,  -10.734640 ,  -69.577100 ,2023-09-22 18:28:00,Brasil,ACRE,BRASILÉIA,Amazônia
 1652211136 ,16047ccc-1891-36c7-9899-1d08ca689a69,  -10.547870 ,  -69.339670 ,2023-09-22 18:28:00,Brasil,ACRE,BRASILÉIA,Amazônia
 1652211137 ,bf76db01-cb30-35e1-a31e-611a1a045e7d,  -10.512210 ,  -69.220070 ,2023-09-22 18:28:00,Brasil,ACRE,BRASILÉIA,Amazônia
 1652211138 ,9b5066de-b1b3-33ca-99b0-520237ccdefd,  -10.669900 ,  -69.636080 ,2023-09-22 18:28:00,Brasil,ACRE,ASSIS BRASIL,Amazônia
 1652211139 ,5515a5a5-9d14-3ba5-9bf6-c2cb752e8ef9,  -10.596150 ,  -69.270130 ,2023-09-22 18:28:00,Brasil,ACRE,BRASILÉIA,Amazônia
 1652211140 ,4538bf25-3b64-3624-b068-aae3536beb7e,  -10.150930 ,  -69.265400 ,2023-09-22 18:28:00,Brasil,ACRE,SENA MADUREIRA,Amazônia
 1652211141 ,b6e6e7a6-f4dd-3f19-848f-af99ba8d9058,  -10.149560 ,  -69.255340 ,2023-09-22 18:28:00,Brasil,ACRE,SENA MADUREIRA,Amazônia
 1652211142 ,e10d829b-6072-3aa0-ba25-15615af4671d,   -9.496070 ,  -69.049550 ,2023-09-22 18:28:00,Brasil,ACRE,SENA MADUREIRA,Amazônia
 1652211195 ,ab55b7c2-427e-313c-b15b-2bc678c33fca,   -7.952530 ,  -70.732260 ,2023-09-22 18:28:00,Brasil,ACRE,TARAUACÁ,Amazônia
 1652553231 ,aebe35ca-3ff2-32ff-aa21-0d97c6052eb1,   -8.997390 ,  -72.706630 ,2023-09-23 19:10:00,Brasil,ACRE,MARECHAL THAUMATURGO,Amazônia
 1652553232 ,40eecfb9-3d75-30a1-a283-6f83be34a1b7,   -8.877930 ,  -70.636050 ,2023-09-23 19:10:00,Brasil,ACRE,FEIJÓ,Amazônia
 1652553233 ,cc4b4733-4c7e-3706-9da5-e900e1ee30a2,   -8.816040 ,  -72.706790 ,2023-09-23 19:10:00,Brasil,ACRE,MARECHAL THAUMATURGO,Amazônia
 1652553234 ,980ee963-7401-3ac0-9972-0ffc00dae0f7,   -8.812110 ,  -72.700350 ,2023-09-23 19:10:00,Brasil,ACRE,MARECHAL THAUMATURGO,Amazônia
 1652553235 ,790fea50-dd9c-3abf-ade5-b26900c7ec97,   -8.276970 ,  -71.111460 ,2023-09-23 19:13:00,Brasil,ACRE,TARAUACÁ,Amazônia
 1652553236 ,a64a5df0-8334-30da-a1a6-739b1cc33770,   -8.270750 ,  -71.107700 ,2023-09-23 19:13:00,Brasil,ACRE,TARAUACÁ,Amazônia
 1652553237 ,11b523e5-9d76-34cc-b1d1-01e053817ee8,   -8.214990 ,  -72.775890 ,2023-09-23 19:13:00,Brasil,ACRE,PORTO WALTER,Amazônia
 1652553238 ,eb507467-1ff9-3270-8233-d4cc6bf56545,   -7.996530 ,  -72.829380 ,2023-09-23 19:13:00,Brasil,ACRE,CRUZEIRO DO SUL,Amazônia
 1652553239 ,17e4e6a3-f6a6-3419-80dc-5bbe9338384a,   -7.924990 ,  -72.349500 ,2023-09-23 19:13:00,Brasil,ACRE,CRUZEIRO DO SUL,Amazônia
 1652553240 ,d6acd75e-0c27-31f4-9e8b-6e8b3872f40f,   -7.922090 ,  -72.331830 ,2023-09-23 19:13:00,Brasil,ACRE,CRUZEIRO DO SUL,Amazônia
 1652553241 ,5975f66e-a825-35c5-9d33-acd1c8c345d6,   -7.716400 ,  -72.291380 ,2023-09-23 19:13:00,Brasil,ACRE,CRUZEIRO DO SUL,Amazônia
 1652553254 ,cc3c43bf-ea13-360e-950c-5794ed8bf3df,  -10.616850 ,  -69.256410 ,2023-09-23 19:10:00,Brasil,ACRE,BRASILÉIA,Amazônia
 1652553255 ,665eb990-2e3f-3b19-abb7-54134784fb85,  -10.560910 ,  -69.897230 ,2023-09-23 19:10:00,Brasil,ACRE,ASSIS BRASIL,Amazônia
 1652553256 ,ccdbbe3e-1773-3f1a-9df4-daffd7929389,  -10.556450 ,  -69.905300 ,2023-09-23 19:10:00,Brasil,ACRE,ASSIS BRASIL,Amazônia
 1652645423 ,e4371216-d049-304e-875d-86d2b71ba3b3,   -9.896880 ,  -67.591900 ,2023-09-24 18:13:00,Brasil,ACRE,RIO BRANCO,Amazônia
 1652645424 ,469db218-7a1a-3387-8b0c-360dbc6bc38d,   -9.845680 ,  -69.025670 ,2023-09-24 18:13:00,Brasil,ACRE,SENA MADUREIRA,Amazônia
 1652645425 ,2cad1ee5-ff8a-3615-bca2-f0d7d42bf664,   -9.840460 ,  -69.031460 ,2023-09-24 18:13:00,Brasil,ACRE,SENA MADUREIRA,Amazônia
 1652645426 ,f71a5702-f806-3729-b587-9992f4a27b2d,   -9.828710 ,  -68.094640 ,2023-09-24 18:13:00,Brasil,ACRE,BUJARI,Amazônia
 1652645429 ,4bd41569-45e9-318f-a429-bccce27d14bd,   -9.811860 ,  -67.799510 ,2023-09-24 18:13:00,Brasil,ACRE,RIO BRANCO,Amazônia
 1652645430 ,a2c4dd48-0a0a-35fd-b87a-844bb1d26973,   -9.797410 ,  -67.856990 ,2023-09-24 18:13:00,Brasil,ACRE,BUJARI,Amazônia
 1652645431 ,9c0f030b-b3bd-3eda-9e5c-7f5f6afada3b,   -9.795610 ,  -67.843300 ,2023-09-24 18:13:00,Brasil,ACRE,BUJARI,Amazônia
 1652645433 ,e4b0ce44-8cac-3144-b31a-566e1fff5595,   -9.751000 ,  -67.786950 ,2023-09-24 18:13:00,Brasil,ACRE,PORTO ACRE,Amazônia
 1652645435 ,646eb5c7-3276-367e-936e-fa893d54e9b1,   -9.742230 ,  -67.885110 ,2023-09-24 18:13:00,Brasil,ACRE,BUJARI,Amazônia
 1652645440 ,00505f5a-57e2-3f84-abec-6f5bf02fc06b,   -9.709500 ,  -67.483960 ,2023-09-24 18:13:00,Brasil,ACRE,PORTO ACRE,Amazônia
 1652645441 ,f8fd69dc-8d90-3f22-a956-dfcd51619a4b,   -9.706520 ,  -68.559750 ,2023-09-24 18:13:00,Brasil,ACRE,RIO BRANCO,Amazônia
 1652645449 ,abbe6447-c472-32cb-bca9-e7075ea8fe90,   -9.663050 ,  -68.057060 ,2023-09-24 18:13:00,Brasil,ACRE,BUJARI,Amazônia
 1652645452 ,67520597-745f-31c0-871b-4e620b1302f7,   -9.657500 ,  -68.620190 ,2023-09-24 18:13:00,Brasil,ACRE,RIO BRANCO,Amazônia
 1652645453 ,5a2e6e42-a3f3-3254-a8a9-e7825499ed4c,   -9.655450 ,  -68.604790 ,2023-09-24 18:13:00,Brasil,ACRE,RIO BRANCO,Amazônia
 1652645466 ,f6ca2bcb-f32f-3fcd-8c49-bcc9a529fde5,   -9.598430 ,  -68.707740 ,2023-09-24 18:13:00,Brasil,ACRE,SENA MADUREIRA,Amazônia
 1652645467 ,882f7d73-31b8-30e9-945d-68eb126e3b0d,   -9.596150 ,  -67.479110 ,2023-09-24 18:13:00,Brasil,ACRE,PORTO ACRE,Amazônia
 1652645468 ,bb7d6e50-c0e6-310a-a7ad-d42168b7d256,   -9.590730 ,  -68.713880 ,2023-09-24 18:13:00,Brasil,ACRE,SENA MADUREIRA,Amazônia
 1652645484 ,8a53e9cc-7a63-3fd9-b25d-edd57f0a9eea,   -9.537030 ,  -68.486420 ,2023-09-24 18:13:00,Brasil,ACRE,SENA MADUREIRA,Amazônia
 1652645485 ,5301de6c-17a4-361c-9e04-07cfaf406ddb,   -9.535040 ,  -68.471400 ,2023-09-24 18:13:00,Brasil,ACRE,SENA MADUREIRA,Amazônia
 1652645490 ,7adacc9e-81db-3e46-a2ed-e3c4a06549ab,   -9.518700 ,  -68.263250 ,2023-09-24 18:13:00,Brasil,ACRE,BUJARI,Amazônia
 1652645496 ,99b5d691-8640-38c6-a8d1-91eef2c602d4,   -9.476180 ,  -68.547440 ,2023-09-24 18:13:00,Brasil,ACRE,SENA MADUREIRA,Amazônia
 1652645514 ,a34027ea-f318-3859-9172-27f31e0b892c,   -9.409270 ,  -68.995200 ,2023-09-24 18:13:00,Brasil,ACRE,SENA MADUREIRA,Amazônia
 1652645643 ,138e757a-8d15-3d2f-8639-8e44f9b810a6,  -10.927670 ,  -69.335030 ,2023-09-24 18:13:00,Brasil,ACRE,BRASILÉIA,Amazônia
 1652645645 ,0cd04ad3-877f-3db3-a16f-283f2ae7ec55,  -10.925720 ,  -68.256600 ,2023-09-24 18:13:00,Brasil,ACRE,XAPURI,Amazônia
 1652645646 ,2e878286-7f05-3d87-a4a6-c9e43affaf1c,  -10.924000 ,  -68.250020 ,2023-09-24 18:13:00,Brasil,ACRE,XAPURI,Amazônia
 1652645647 ,2af9d1fb-cf6e-386c-bcb3-ca044b6af605,  -10.910560 ,  -69.299770 ,2023-09-24 18:13:00,Brasil,ACRE,BRASILÉIA,Amazônia
 1652645648 ,6e6f73b3-76b6-362d-8f54-affae0d34335,  -10.908220 ,  -69.281330 ,2023-09-24 18:13:00,Brasil,ACRE,BRASILÉIA,Amazônia
 1652645650 ,83e7ddfe-3362-365a-9a69-982c162ad840,  -10.893540 ,  -69.264670 ,2023-09-24 18:13:00,Brasil,ACRE,BRASILÉIA,Amazônia
 1652645651 ,fe3ffacb-62f5-3145-b4f6-cdc4c2754838,  -10.865410 ,  -69.140170 ,2023-09-24 18:13:00,Brasil,ACRE,BRASILÉIA,Amazônia
 1652645655 ,49107a40-d9bf-3c18-a560-cfb0357cd873,  -10.838310 ,  -68.299440 ,2023-09-24 18:13:00,Brasil,ACRE,XAPURI,Amazônia
 1652645656 ,7623b8c5-6ab6-35c8-90ec-294becddc051,  -10.836840 ,  -69.544590 ,2023-09-24 18:13:00,Brasil,ACRE,BRASILÉIA,Amazônia
 1652645657 ,0183df50-1fb7-3927-b436-f33afa40979a,  -10.834440 ,  -69.525470 ,2023-09-24 18:13:00,Brasil,ACRE,BRASILÉIA,Amazônia
 1652645658 ,50d5c77d-e7cd-3126-9a09-e4ef8439a98b,  -10.829610 ,  -68.305630 ,2023-09-24 18:13:00,Brasil,ACRE,XAPURI,Amazônia
 1652645659 ,034947fe-fb7e-3d5d-821f-d6f0b8efba0a,  -10.824190 ,  -69.546160 ,2023-09-24 18:13:00,Brasil,ACRE,BRASILÉIA,Amazônia
 1652645660 ,692b4c3e-d4c0-3c80-b105-1ee84c70a189,  -10.823850 ,  -69.748830 ,2023-09-24 18:13:00,Brasil,ACRE,ASSIS BRASIL,Amazônia
 1652645663 ,89217922-b674-3f16-afc9-a32ba86f2590,  -10.780790 ,  -69.615340 ,2023-09-24 18:13:00,Brasil,ACRE,BRASILÉIA,Amazônia
 1652645664 ,382847f4-e500-319e-aaec-759254ed6978,  -10.779910 ,  -68.281340 ,2023-09-24 18:13:00,Brasil,ACRE,XAPURI,Amazônia
 1652645665 ,89b7ced3-a464-3a3b-9829-dc09115143b7,  -10.777930 ,  -68.266130 ,2023-09-24 18:13:00,Brasil,ACRE,XAPURI,Amazônia
 1652645666 ,e0a1dc46-271c-32d6-9cc3-6257c2fe3f40,  -10.770370 ,  -68.826100 ,2023-09-24 18:13:00,Brasil,ACRE,BRASILÉIA,Amazônia
 1652645667 ,e683f3aa-2f45-31d2-a440-88ac6694fff2,  -10.768480 ,  -68.282750 ,2023-09-24 18:13:00,Brasil,ACRE,XAPURI,Amazônia
 1652645668 ,cfaceeb8-9906-36e4-9239-288ef30e7e27,  -10.746560 ,  -68.829380 ,2023-09-24 18:13:00,Brasil,ACRE,EPITACIOLÂNDIA,Amazônia
 1652645669 ,0b9fb189-8758-3fb8-abda-4f9745786435,  -10.739200 ,  -69.096980 ,2023-09-24 18:13:00,Brasil,ACRE,BRASILÉIA,Amazônia
 1652645670 ,5e3ccdad-783a-3659-9671-29a4b12ea168,  -10.729300 ,  -69.116060 ,2023-09-24 18:13:00,Brasil,ACRE,BRASILÉIA,Amazônia
 1652645673 ,e1cb752b-36d7-3a91-a6cb-6b67e9b9b511,  -10.713580 ,  -69.488590 ,2023-09-24 18:13:00,Brasil,ACRE,ASSIS BRASIL,Amazônia
 1652645674 ,3f99d840-a0a2-3bee-b4cf-c523357a7b87,  -10.712040 ,  -69.495850 ,2023-09-24 18:13:00,Brasil,ACRE,ASSIS BRASIL,Amazônia
 1652645675 ,45c60797-94bd-34ad-8d9c-708d1a7c8f22,  -10.709590 ,  -69.477100 ,2023-09-24 18:13:00,Brasil,ACRE,ASSIS BRASIL,Amazônia
 1652645676 ,381a660b-5014-3542-810e-af489f45cb8e,  -10.703770 ,  -69.731510 ,2023-09-24 18:13:00,Brasil,ACRE,ASSIS BRASIL,Amazônia
 1652645677 ,d1239dc8-eeef-3748-afab-9503fa20497f,  -10.701280 ,  -69.711930 ,2023-09-24 18:13:00,Brasil,ACRE,ASSIS BRASIL,Amazônia
 1652645678 ,fbc508dd-cbfc-3322-82c3-a0733b9e9984,  -10.689600 ,  -69.397010 ,2023-09-24 18:13:00,Brasil,ACRE,BRASILÉIA,Amazônia
 1652645680 ,9e9210ff-ae40-324f-98f1-ec728365055e,  -10.653060 ,  -68.532140 ,2023-09-24 18:13:00,Brasil,ACRE,XAPURI,Amazônia
 1652645681 ,2e9d3ce1-4b34-3e70-8e62-01289169eab9,  -10.651430 ,  -68.796040 ,2023-09-24 18:13:00,Brasil,ACRE,XAPURI,Amazônia
 1652645689 ,c70d4378-4fb9-3124-a455-b35d989ff8a1,  -10.589130 ,  -69.347230 ,2023-09-24 18:13:00,Brasil,ACRE,BRASILÉIA,Amazônia
 1652645690 ,21eb0471-b19e-319e-b2ed-f2eab9d35fc1,  -10.582310 ,  -69.071660 ,2023-09-24 18:13:00,Brasil,ACRE,XAPURI,Amazônia
 1652645691 ,8108b19c-7fd4-3560-b435-0b613e1f4783,  -10.578430 ,  -69.077180 ,2023-09-24 18:13:00,Brasil,ACRE,XAPURI,Amazônia
 1652645694 ,808d71e8-17db-3d29-a16e-1ff5a0a5353c,  -10.538440 ,  -69.866190 ,2023-09-24 18:13:00,Brasil,ACRE,SENA MADUREIRA,Amazônia
 1652645695 ,b33ff5fc-11f6-3edb-aa0c-ebbcf5d94814,  -10.524530 ,  -69.137250 ,2023-09-24 18:13:00,Brasil,ACRE,BRASILÉIA,Amazônia
 1652645697 ,a99867c2-7b29-3957-8f99-70a92318e4db,  -10.522300 ,  -69.119830 ,2023-09-24 18:13:00,Brasil,ACRE,XAPURI,Amazônia
 1652645699 ,76932f50-29ee-3a0b-9f7d-a5f498155307,  -10.512370 ,  -69.138890 ,2023-09-24 18:13:00,Brasil,ACRE,XAPURI,Amazônia
 1652645701 ,4356256d-4e8a-351f-9567-6e96938ca01f,  -10.510150 ,  -69.121410 ,2023-09-24 18:13:00,Brasil,ACRE,XAPURI,Amazônia
 1652645702 ,02750222-a7bb-37f6-8663-0044219cfd1b,  -10.508020 ,  -69.302250 ,2023-09-24 18:13:00,Brasil,ACRE,BRASILÉIA,Amazônia
 1652645703 ,95998e90-1032-34ab-ae16-bd21447f4366,  -10.493900 ,  -68.110560 ,2023-09-24 18:13:00,Brasil,ACRE,XAPURI,Amazônia
 1652645704 ,99e1f9dd-fab7-3f9b-88f0-0d009a02c6b5,  -10.491970 ,  -68.095940 ,2023-09-24 18:13:00,Brasil,ACRE,XAPURI,Amazônia
 1652645705 ,15c2ee8c-475a-385d-ad5d-0d10c2ba9dbd,  -10.490890 ,  -67.812760 ,2023-09-24 18:13:00,Brasil,ACRE,CAPIXABA,Amazônia
 1652645706 ,2b4e9cc1-0c75-31d1-8341-446ac1688616,  -10.487030 ,  -67.805960 ,2023-09-24 18:13:00,Brasil,ACRE,CAPIXABA,Amazônia
 1652645707 ,2b2db180-8d8e-3942-82f4-e387dbb1cbbd,  -10.485460 ,  -69.257350 ,2023-09-24 18:13:00,Brasil,ACRE,BRASILÉIA,Amazônia
 1652645711 ,55dc3899-82f8-3c8a-83bd-8bf9d642c9d7,  -10.474070 ,  -68.933630 ,2023-09-24 18:13:00,Brasil,ACRE,XAPURI,Amazônia
 1652645712 ,f80b0c96-7130-38bb-b284-da1d3ff3d4a5,  -10.473160 ,  -69.258780 ,2023-09-24 18:13:00,Brasil,ACRE,BRASILÉIA,Amazônia
 1652645713 ,0ea00cfd-17cf-3ff8-968a-cdc3c6d29475,  -10.468520 ,  -69.223070 ,2023-09-24 18:13:00,Brasil,ACRE,BRASILÉIA,Amazônia
 1652645714 ,1a1586c7-2c19-3786-b5f6-f64f9c85f8ce,  -10.467220 ,  -67.908710 ,2023-09-24 18:13:00,Brasil,ACRE,CAPIXABA,Amazônia
 1652645715 ,708d161f-98b9-3a31-9056-1a96b36165dd,  -10.464630 ,  -69.098530 ,2023-09-24 18:13:00,Brasil,ACRE,XAPURI,Amazônia
 1652645716 ,a14c2a94-41e6-3a0b-9323-e24c542e2d95,  -10.462460 ,  -69.370410 ,2023-09-24 18:13:00,Brasil,ACRE,SENA MADUREIRA,Amazônia
 1652645717 ,e1db0168-4dbd-3600-a30b-5081c4b177e5,  -10.460130 ,  -69.352170 ,2023-09-24 18:13:00,Brasil,ACRE,RIO BRANCO,Amazônia
 1652645719 ,afe5852a-8b7f-37c6-8bcd-fe4e4a40ae38,  -10.452640 ,  -68.226390 ,2023-09-24 18:13:00,Brasil,ACRE,XAPURI,Amazônia
 1652645722 ,2b17cbb6-1460-36ea-afe7-3223beca25dc,  -10.437210 ,  -69.783260 ,2023-09-24 18:13:00,Brasil,ACRE,SENA MADUREIRA,Amazônia
 1652645723 ,1a58943c-00b1-384e-a1a4-9e518c965ea6,  -10.434090 ,  -69.245850 ,2023-09-24 18:13:00,Brasil,ACRE,RIO BRANCO,Amazônia
 1652645724 ,78fab676-a9c6-3a3f-9630-481c28cb1162,  -10.431830 ,  -69.228070 ,2023-09-24 18:13:00,Brasil,ACRE,BRASILÉIA,Amazônia
 1652645728 ,88a9c183-7061-3bfb-ae3e-c6aea7ac1ae7,  -10.415850 ,  -68.037380 ,2023-09-24 18:13:00,Brasil,ACRE,CAPIXABA,Amazônia
 1652645730 ,26058b30-ec70-3d2a-bd53-2423e6071869,  -10.407310 ,  -68.664230 ,2023-09-24 18:13:00,Brasil,ACRE,XAPURI,Amazônia
 1652645731 ,8d6d3f0e-9317-3d05-b62a-98e1c56730f6,  -10.405200 ,  -68.648300 ,2023-09-24 18:13:00,Brasil,ACRE,XAPURI,Amazônia
 1652645732 ,0adbfbcc-2157-3f49-98c9-ea890e3a1aad,  -10.393610 ,  -68.040470 ,2023-09-24 18:13:00,Brasil,ACRE,CAPIXABA,Amazônia
 1652645738 ,3668c686-d941-39c7-9ae8-5ef8009d0cc0,  -10.384530 ,  -68.318950 ,2023-09-24 18:13:00,Brasil,ACRE,RIO BRANCO,Amazônia
 1652645739 ,3c79b550-0baf-3cff-b191-6c756fc22879,  -10.383170 ,  -68.312320 ,2023-09-24 18:13:00,Brasil,ACRE,RIO BRANCO,Amazônia
 1652645741 ,2cb9df93-300f-3ea1-b05a-f4d36dd52d31,  -10.374800 ,  -69.595700 ,2023-09-24 18:13:00,Brasil,ACRE,ASSIS BRASIL,Amazônia
 1652645744 ,1bb90f37-92bc-380b-81f8-2c1ee6b5091d,  -10.363840 ,  -67.985950 ,2023-09-24 18:13:00,Brasil,ACRE,CAPIXABA,Amazônia
 1652645745 ,23269098-b83d-37e1-ba8f-15a808ee5a0e,  -10.361970 ,  -67.971660 ,2023-09-24 18:13:00,Brasil,ACRE,CAPIXABA,Amazônia
 1652645748 ,f6fc6f88-44c1-3296-bd77-bfe92fe17cbf,  -10.334450 ,  -67.761570 ,2023-09-24 18:13:00,Brasil,ACRE,CAPIXABA,Amazônia
 1652645749 ,ac6d131a-c022-3098-89a2-7254e4c867c5,  -10.332640 ,  -67.747780 ,2023-09-24 18:13:00,Brasil,ACRE,CAPIXABA,Amazônia
 1652645757 ,6e49babf-af19-3f0c-81cc-4955a72d8d04,  -10.270560 ,  -68.770270 ,2023-09-24 18:13:00,Brasil,ACRE,RIO BRANCO,Amazônia
 1652645758 ,63c7e739-c578-3396-b31a-44bd160fa564,  -10.255700 ,  -68.295490 ,2023-09-24 18:13:00,Brasil,ACRE,RIO BRANCO,Amazônia
 1652645759 ,322a6848-8497-3f78-b5f8-f40931d56c7c,  -10.201460 ,  -67.211990 ,2023-09-24 18:13:00,Brasil,ACRE,PLÁCIDO DE CASTRO,Amazônia
 1652645760 ,df94838d-6fe2-3f43-a500-4fb4b77ecf04,  -10.187350 ,  -67.265260 ,2023-09-24 18:13:00,Brasil,ACRE,PLÁCIDO DE CASTRO,Amazônia
 1652645761 ,10eb8cea-4a0a-36a5-b215-b61fbbe775fe,  -10.181940 ,  -69.030720 ,2023-09-24 18:13:00,Brasil,ACRE,RIO BRANCO,Amazônia
 1652645762 ,0de4a62d-10dd-3ff4-8adb-367a9547e694,  -10.177530 ,  -68.577990 ,2023-09-24 18:13:00,Brasil,ACRE,RIO BRANCO,Amazônia
 1652645763 ,ada92032-d051-3a8f-96d8-096d87c496cf,  -10.174150 ,  -68.642850 ,2023-09-24 18:13:00,Brasil,ACRE,RIO BRANCO,Amazônia
 1652645764 ,92137dc9-6c0d-3d9c-9dce-456749e57056,  -10.170140 ,  -68.344520 ,2023-09-24 18:13:00,Brasil,ACRE,RIO BRANCO,Amazônia
 1652645766 ,bd9f44d7-d80f-36be-a65e-edb665fe3426,  -10.156450 ,  -68.597050 ,2023-09-24 18:13:00,Brasil,ACRE,RIO BRANCO,Amazônia
 1652645767 ,a9fd01c9-27a3-3f94-8887-912976fcb467,  -10.156120 ,  -67.632420 ,2023-09-24 18:13:00,Brasil,ACRE,SENADOR GUIOMARD,Amazônia
 1652645779 ,2c9d36b1-830d-3786-bd50-9cbe72cbb61f,  -10.113100 ,  -69.162730 ,2023-09-24 18:13:00,Brasil,ACRE,SENA MADUREIRA,Amazônia
 1652645780 ,a368b50a-5b5f-377f-879d-bae81877b22d,  -10.095510 ,  -69.260890 ,2023-09-24 18:13:00,Brasil,ACRE,SENA MADUREIRA,Amazônia
 1652645782 ,a8f04b3b-af7c-3aac-9802-56f71364a5ba,  -10.072010 ,  -69.174830 ,2023-09-24 18:13:00,Brasil,ACRE,SENA MADUREIRA,Amazônia
 1652645784 ,f9e5a35c-13b8-3d2f-940b-fb912434ba57,  -10.060660 ,  -68.379890 ,2023-09-24 18:13:00,Brasil,ACRE,RIO BRANCO,Amazônia
 1652645799 ,64343fda-10a0-3611-96dd-bc03b4e9ef0e,   -9.385190 ,  -68.722110 ,2023-09-24 18:13:00,Brasil,ACRE,SENA MADUREIRA,Amazônia
 1652645800 ,5b6c358e-e503-32e6-9416-8730496a1868,   -9.383110 ,  -68.706470 ,2023-09-24 18:13:00,Brasil,ACRE,SENA MADUREIRA,Amazônia
 1652645803 ,d50a9471-089e-30e0-ad25-67380e8f4e51,   -9.369200 ,  -69.024350 ,2023-09-24 18:13:00,Brasil,ACRE,SENA MADUREIRA,Amazônia
 1652645804 ,cd429bf9-cdc0-3145-8c03-d79ad9bc8b9d,   -9.366230 ,  -69.034590 ,2023-09-24 18:13:00,Brasil,ACRE,SENA MADUREIRA,Amazônia
 1652645806 ,8bcf26aa-13c3-37bc-936f-cc7d9ae3272e,   -9.366150 ,  -68.756300 ,2023-09-24 18:13:00,Brasil,ACRE,SENA MADUREIRA,Amazônia
 1652645808 ,d0572f02-b0ef-3a36-897a-48911b013b05,   -9.352490 ,  -68.813160 ,2023-09-24 18:13:00,Brasil,ACRE,SENA MADUREIRA,Amazônia
 1652645809 ,f49802f4-2e7b-3a00-ba31-bd2374b1d91b,   -9.351110 ,  -68.822610 ,2023-09-24 18:13:00,Brasil,ACRE,SENA MADUREIRA,Amazônia
 1652645810 ,35d27ef4-bb4c-365c-8d33-241a7bf9e621,   -9.349080 ,  -68.806740 ,2023-09-24 18:13:00,Brasil,ACRE,SENA MADUREIRA,Amazônia
 1652645813 ,928db4d2-d6f3-3248-85f6-b267e7cc4608,   -9.330240 ,  -68.736270 ,2023-09-24 18:13:00,Brasil,ACRE,SENA MADUREIRA,Amazônia
 1652645820 ,ee30f441-a1b9-3763-8420-74f9585d4c36,   -9.317640 ,  -68.817960 ,2023-09-24 18:13:00,Brasil,ACRE,SENA MADUREIRA,Amazônia
 1652645823 ,d2f33b50-02a9-30d6-bef3-18c092cb4619,   -9.311310 ,  -68.770570 ,2023-09-24 18:13:00,Brasil,ACRE,SENA MADUREIRA,Amazônia
 1652645824 ,eaea00c5-458e-3f87-aa4c-6f1bd8b2b9fd,   -9.309210 ,  -68.754820 ,2023-09-24 18:13:00,Brasil,ACRE,SENA MADUREIRA,Amazônia
 1652645827 ,8e00a57f-0aa6-3277-8831-c7f4d4c0c4fa,   -9.282790 ,  -68.822810 ,2023-09-24 18:13:00,Brasil,ACRE,SENA MADUREIRA,Amazônia
 1652645829 ,6a16c51d-3c6d-3ba2-8cc1-f851e682e0ed,   -9.280720 ,  -68.806950 ,2023-09-24 18:13:00,Brasil,ACRE,SENA MADUREIRA,Amazônia
 1652645832 ,4d75770c-1fbc-3011-b1a4-37b60f4187e3,   -9.269710 ,  -68.374950 ,2023-09-24 18:13:00,Brasil,ACRE,SENA MADUREIRA,Amazônia
 1652645833 ,2c67d654-92ea-3bda-a476-7be3869077dc,   -9.257350 ,  -68.783220 ,2023-09-24 18:13:00,Brasil,ACRE,SENA MADUREIRA,Amazônia
 1652645838 ,f174ac2e-fe60-3b53-a877-92b712b071ef,   -9.239840 ,  -69.286000 ,2023-09-24 18:13:00,Brasil,ACRE,SENA MADUREIRA,Amazônia
 1652645839 ,b179a61e-7956-3bca-95ff-f6b889c9a212,   -9.237640 ,  -69.268900 ,2023-09-24 18:13:00,Brasil,ACRE,SENA MADUREIRA,Amazônia
 1652645841 ,dbb5bb89-3b70-3e44-914b-341782e86bee,   -9.232350 ,  -69.276450 ,2023-09-24 18:13:00,Brasil,ACRE,SENA MADUREIRA,Amazônia
 1652645848 ,b160322f-ae8b-3c29-a9e5-c65fa5fd7332,   -9.193280 ,  -68.744110 ,2023-09-24 18:13:00,Brasil,ACRE,SENA MADUREIRA,Amazônia
 1652645851 ,0277b349-d735-34b4-817f-5fd5e989150e,   -9.187420 ,  -71.789890 ,2023-09-24 18:13:00,Brasil,ACRE,JORDÃO,Amazônia
 1652645852 ,e2692acc-3c45-310a-b664-471d3c0c9413,   -9.181300 ,  -69.078330 ,2023-09-24 18:13:00,Brasil,ACRE,SENA MADUREIRA,Amazônia
 1652645871 ,52edb67c-b7fc-3bbc-8b00-dc3882a0f1d5,   -9.148860 ,  -72.690120 ,2023-09-24 18:13:00,Brasil,ACRE,MARECHAL THAUMATURGO,Amazônia
 1652645872 ,3488bb81-7fda-3438-b40e-25869fd5576a,   -9.144940 ,  -72.658200 ,2023-09-24 18:13:00,Brasil,ACRE,MARECHAL THAUMATURGO,Amazônia
 1652645873 ,0d73eb7d-40b9-3cf3-8086-06a3af59918e,   -9.143630 ,  -69.066700 ,2023-09-24 18:13:00,Brasil,ACRE,SENA MADUREIRA,Amazônia
 1652645875 ,ce50e543-eb81-3fb2-897c-5737ffa8aa07,   -9.141480 ,  -69.050290 ,2023-09-24 18:13:00,Brasil,ACRE,SENA MADUREIRA,Amazônia
 1652645880 ,aa1aaf14-660a-359d-a416-afb08ac90496,   -9.134590 ,  -72.666620 ,2023-09-24 18:13:00,Brasil,ACRE,MARECHAL THAUMATURGO,Amazônia
 1652645919 ,69f958b2-ca6b-3bdd-bc81-26c83b26ad2a,   -9.036380 ,  -69.455350 ,2023-09-24 18:13:00,Brasil,ACRE,MANOEL URBANO,Amazônia
 1652645922 ,3a9350b8-ccfe-38d9-8f95-914b638096ea,   -9.034070 ,  -69.437880 ,2023-09-24 18:13:00,Brasil,ACRE,MANOEL URBANO,Amazônia
 1652645940 ,334b10f4-057c-344a-9979-197bed6f26e3,   -8.914970 ,  -70.610880 ,2023-09-24 18:13:00,Brasil,ACRE,FEIJÓ,Amazônia
 1652645942 ,f14fabcf-1ad7-34e0-85b6-d7e126c32886,   -8.900860 ,  -68.881990 ,2023-09-24 18:13:00,Brasil,ACRE,SENA MADUREIRA,Amazônia
 1652645944 ,5513bcdd-dcd3-3e3b-9aa7-daa65d461145,   -8.895500 ,  -68.903740 ,2023-09-24 18:13:00,Brasil,ACRE,SENA MADUREIRA,Amazônia
 1652645945 ,de73d0a1-08a4-3106-92c9-c33128732db2,   -8.893360 ,  -68.888020 ,2023-09-24 18:13:00,Brasil,ACRE,SENA MADUREIRA,Amazônia
 1652645950 ,947463c2-890b-35ff-866a-090f3977a444,   -8.876890 ,  -69.499410 ,2023-09-24 18:13:00,Brasil,ACRE,MANOEL URBANO,Amazônia
 1652645951 ,5b3416bf-1306-3756-a269-418916f7b2ef,   -8.874110 ,  -71.819870 ,2023-09-24 18:13:00,Brasil,ACRE,JORDÃO,Amazônia
 1652645958 ,aa4ed5a2-eabe-3e32-91c2-3264628cb765,   -8.844050 ,  -69.114100 ,2023-09-24 18:13:00,Brasil,ACRE,MANOEL URBANO,Amazônia
 1652645962 ,48b47b19-842b-3bc5-9147-0af04fafa6f2,   -8.841210 ,  -69.181730 ,2023-09-24 18:13:00,Brasil,ACRE,MANOEL URBANO,Amazônia
 1652645964 ,c7f54c28-20f8-359b-801e-91f3ee5bf84b,   -8.839090 ,  -69.107860 ,2023-09-24 18:13:00,Brasil,ACRE,MANOEL URBANO,Amazônia
 1652645968 ,992de45f-b908-3f19-8ec5-b350d2508c6b,   -8.824460 ,  -68.994410 ,2023-09-24 18:13:00,Brasil,ACRE,MANOEL URBANO,Amazônia
 1652645970 ,cfadf4b8-a280-329c-b312-0c551349df34,   -8.822400 ,  -68.978420 ,2023-09-24 18:13:00,Brasil,ACRE,MANOEL URBANO,Amazônia
 1652645975 ,a76748dc-0f8a-374a-96f7-236bb631ebeb,   -8.816850 ,  -69.002410 ,2023-09-24 18:13:00,Brasil,ACRE,MANOEL URBANO,Amazônia
 1652645977 ,a887c716-4039-3a33-bdec-e6606fa2ab22,   -8.814660 ,  -68.986380 ,2023-09-24 18:13:00,Brasil,ACRE,MANOEL URBANO,Amazônia
 1652645980 ,b4746c65-59b0-3826-a76b-a0945ab780e3,   -8.812780 ,  -68.996050 ,2023-09-24 18:13:00,Brasil,ACRE,MANOEL URBANO,Amazônia
 1652645982 ,806a0e25-0ad0-35ce-880e-b73c1912ca26,   -8.810730 ,  -68.980060 ,2023-09-24 18:13:00,Brasil,ACRE,MANOEL URBANO,Amazônia
 1652645986 ,6b6942ac-e5b2-3f2e-85c0-6d7747528c0e,   -8.797370 ,  -69.498990 ,2023-09-24 18:13:00,Brasil,ACRE,MANOEL URBANO,Amazônia
 1652645987 ,74c47cfc-b787-3487-a5cc-3c1b3bc2faff,   -8.795140 ,  -69.481480 ,2023-09-24 18:13:00,Brasil,ACRE,MANOEL URBANO,Amazônia
 1652645988 ,42086701-09fb-3aa3-a394-e0b3844c7bcb,   -8.791540 ,  -69.487040 ,2023-09-24 18:13:00,Brasil,ACRE,MANOEL URBANO,Amazônia
 1652645998 ,f1c52484-925b-3c3e-af9b-ed40eb8c22cf,   -8.764330 ,  -69.562060 ,2023-09-24 18:13:00,Brasil,ACRE,MANOEL URBANO,Amazônia
 1652646006 ,5e5d7c52-1b87-3b9d-9a0b-3d361349b6af,   -8.692780 ,  -70.111580 ,2023-09-24 18:13:00,Brasil,ACRE,FEIJÓ,Amazônia
 1652646007 ,178d297a-2c0c-34c4-9df7-7189b47d3d5b,   -8.691970 ,  -70.106580 ,2023-09-24 18:13:00,Brasil,ACRE,FEIJÓ,Amazônia
 1652646008 ,b29e267c-95d5-32c5-a659-c39206bfc18a,   -8.690190 ,  -70.092240 ,2023-09-24 18:13:00,Brasil,ACRE,FEIJÓ,Amazônia
 1652646037 ,4e95325a-d1e7-37be-b98e-cf3ec595e7ae,   -8.603080 ,  -70.032200 ,2023-09-24 18:13:00,Brasil,ACRE,FEIJÓ,Amazônia
 1652646042 ,32a7133a-fa01-351f-955b-c5eb5e6d0807,   -8.598480 ,  -70.084490 ,2023-09-24 18:13:00,Brasil,ACRE,FEIJÓ,Amazônia
 1652646043 ,317290db-83ad-3f5b-bee4-0f513f0169ac,   -8.598140 ,  -70.091260 ,2023-09-24 18:13:00,Brasil,ACRE,FEIJÓ,Amazônia
 1652646045 ,0ce77a17-d391-3b4f-b7b2-ab565787662b,   -8.597010 ,  -69.872860 ,2023-09-24 18:13:00,Brasil,ACRE,FEIJÓ,Amazônia
 1652646048 ,7c6a1808-58d0-3330-983c-952c18ae0887,   -8.591180 ,  -70.026950 ,2023-09-24 18:13:00,Brasil,ACRE,FEIJÓ,Amazônia
 1652646049 ,5fa9c371-7b4b-38c7-85e4-a8591178c079,   -8.585410 ,  -70.092950 ,2023-09-24 18:13:00,Brasil,ACRE,FEIJÓ,Amazônia
 1652646058 ,40bf00dc-0f60-3cd4-ae1f-01fd731984a3,   -8.546910 ,  -70.298000 ,2023-09-24 18:13:00,Brasil,ACRE,FEIJÓ,Amazônia
 1652646060 ,accb1d15-5848-3820-98cc-20d67aac3375,   -8.544380 ,  -70.883610 ,2023-09-24 18:13:00,Brasil,ACRE,TARAUACÁ,Amazônia
 1652646062 ,3803c1f2-23f9-335d-9881-af1e13b3cdfc,   -8.541510 ,  -70.861160 ,2023-09-24 18:13:00,Brasil,ACRE,TARAUACÁ,Amazônia
 1652646065 ,744e9a30-10de-3f33-913f-be0c719d1525,   -8.502450 ,  -70.350060 ,2023-09-24 18:13:00,Brasil,ACRE,FEIJÓ,Amazônia
 1652646066 ,9bf45792-21a5-35d3-9312-712332e4f046,   -8.499830 ,  -70.330090 ,2023-09-24 18:13:00,Brasil,ACRE,FEIJÓ,Amazônia
 1652646068 ,0b15e56a-11d5-3e8f-9b3f-966b13f56b56,   -8.452170 ,  -70.879700 ,2023-09-24 18:13:00,Brasil,ACRE,TARAUACÁ,Amazônia
 1652646069 ,c444c283-bc45-34ca-bdeb-4ed7c7d0c3a5,   -8.449380 ,  -70.857820 ,2023-09-24 18:13:00,Brasil,ACRE,TARAUACÁ,Amazônia
 1652646070 ,10b12043-876f-3444-b137-3f942993fbed,   -8.444920 ,  -70.885620 ,2023-09-24 18:13:00,Brasil,ACRE,TARAUACÁ,Amazônia
 1652646071 ,36af46e9-9557-324b-87e7-64d5807a29f4,   -8.441960 ,  -70.863630 ,2023-09-24 18:13:00,Brasil,ACRE,TARAUACÁ,Amazônia
 1652646072 ,606479fc-d5de-363f-a14c-ed4cda83dc3e,   -8.376910 ,  -70.093770 ,2023-09-24 18:13:00,Brasil,ACRE,FEIJÓ,Amazônia
 1652646075 ,532d745a-d8d8-315c-a5fe-1d9212005e50,   -8.340170 ,  -70.404110 ,2023-09-24 18:13:00,Brasil,ACRE,FEIJÓ,Amazônia
 1652646076 ,bd9ce623-ab48-3155-be5e-356c4bd4b7ac,   -8.327180 ,  -70.405910 ,2023-09-24 18:13:00,Brasil,ACRE,FEIJÓ,Amazônia
 1652646077 ,ebfceabb-220e-3b8d-9947-e381a7ff1286,   -8.324000 ,  -70.184150 ,2023-09-24 18:13:00,Brasil,ACRE,FEIJÓ,Amazônia
 1652646078 ,908e2734-7be7-3435-8ce7-15391070bece,   -8.323210 ,  -70.179230 ,2023-09-24 18:13:00,Brasil,ACRE,FEIJÓ,Amazônia
 1652646079 ,cc04dafa-ced6-3a78-bf92-2ed4c7ff5960,   -8.320160 ,  -70.768770 ,2023-09-24 18:13:00,Brasil,ACRE,TARAUACÁ,Amazônia
 1652646081 ,eb2250b8-33b1-36f0-8b73-d62634becaf0,   -8.311240 ,  -70.185870 ,2023-09-24 18:13:00,Brasil,ACRE,FEIJÓ,Amazônia
 1652646082 ,14f1fd02-493d-31f2-b7eb-d08cb1ff232c,   -8.309230 ,  -70.561020 ,2023-09-24 18:13:00,Brasil,ACRE,FEIJÓ,Amazônia
 1652646083 ,9d71560c-896e-356e-bb59-76365a1c8964,   -8.306510 ,  -70.554570 ,2023-09-24 18:13:00,Brasil,ACRE,FEIJÓ,Amazônia
 1652646084 ,a2ba46b6-8ad3-3382-b611-049e53049fa2,   -8.290790 ,  -70.935200 ,2023-09-24 18:13:00,Brasil,ACRE,TARAUACÁ,Amazônia
 1652646085 ,db3f4de6-0671-3086-b8cf-f6e9685038fd,   -8.268670 ,  -70.359090 ,2023-09-24 18:13:00,Brasil,ACRE,FEIJÓ,Amazônia
 1652646086 ,9b9299ed-b718-3d9f-8204-85d2fc4b6bf2,   -8.268200 ,  -70.760490 ,2023-09-24 18:13:00,Brasil,ACRE,TARAUACÁ,Amazônia
 1652646087 ,afb9e23a-a9dc-3645-bb24-7607b7fe7144,   -8.267530 ,  -70.352510 ,2023-09-24 18:13:00,Brasil,ACRE,FEIJÓ,Amazônia
 1652646088 ,680dc4b7-f6e1-3847-a5e1-b37858e797bf,   -8.266010 ,  -70.339360 ,2023-09-24 18:13:00,Brasil,ACRE,FEIJÓ,Amazônia
 1652646089 ,57a5782e-2cab-3b4e-9ff2-cc589f2faf15,   -8.263120 ,  -70.826790 ,2023-09-24 18:13:00,Brasil,ACRE,TARAUACÁ,Amazônia
 1652646090 ,3294a59a-44c3-308b-87c4-dacde940c2ca,   -8.260330 ,  -70.805050 ,2023-09-24 18:13:00,Brasil,ACRE,TARAUACÁ,Amazônia
 1652646092 ,e1a80453-cabf-379f-bf96-edfcef6379ad,   -8.247420 ,  -70.194410 ,2023-09-24 18:13:00,Brasil,ACRE,FEIJÓ,Amazônia
 1652646093 ,3ef0518d-26a0-3566-833b-2d8b16b58596,   -8.247360 ,  -70.201240 ,2023-09-24 18:13:00,Brasil,ACRE,FEIJÓ,Amazônia
 1652646094 ,621780f3-6e6a-3ad2-bdf7-deb7273fdd7b,   -8.244750 ,  -70.181880 ,2023-09-24 18:13:00,Brasil,ACRE,FEIJÓ,Amazônia
 1652646096 ,e98015aa-0077-3c95-98ee-c25f900d5bc3,   -8.235150 ,  -70.098200 ,2023-09-24 18:13:00,Brasil,ACRE,FEIJÓ,Amazônia
 1652646097 ,101e1fd7-0a45-33df-b414-9d5a30d6c86c,   -8.231780 ,  -70.086060 ,2023-09-24 18:13:00,Brasil,ACRE,FEIJÓ,Amazônia
 1652646098 ,dce7b215-3661-366d-a98e-cb3383b097cb,   -8.197330 ,  -71.020570 ,2023-09-24 18:13:00,Brasil,ACRE,TARAUACÁ,Amazônia
 1652646101 ,4dedd916-f668-35f1-b600-ae66190c1d84,   -8.178480 ,  -70.562170 ,2023-09-24 18:13:00,Brasil,ACRE,FEIJÓ,Amazônia
 1652646102 ,18f2813a-ffab-3045-abfb-ba90eadd158f,   -8.176020 ,  -70.151820 ,2023-09-24 18:13:00,Brasil,ACRE,FEIJÓ,Amazônia
 1652646103 ,6104d4da-a2fd-3a98-a713-1e14a86bc4e2,   -8.173530 ,  -70.132620 ,2023-09-24 18:13:00,Brasil,ACRE,FEIJÓ,Amazônia
 1652646104 ,4884d289-346f-36f1-b2c2-62cfcf17d582,   -8.160350 ,  -70.628100 ,2023-09-24 18:13:00,Brasil,ACRE,TARAUACÁ,Amazônia
 1652646105 ,512503ab-e688-3735-b0fe-f767ab6a704c,   -8.158520 ,  -72.881170 ,2023-09-24 18:13:00,Brasil,ACRE,CRUZEIRO DO SUL,Amazônia
 1652646106 ,a34c7f82-5351-3707-bf7a-96761aaba69e,   -8.138880 ,  -72.851710 ,2023-09-24 18:13:00,Brasil,ACRE,CRUZEIRO DO SUL,Amazônia
 1652646108 ,7f1c1c0a-081e-37e2-a867-aa530df6f8fe,   -8.128370 ,  -70.382770 ,2023-09-24 18:13:00,Brasil,ACRE,FEIJÓ,Amazônia
 1652646110 ,cce1c43a-dcd8-38a6-b5cb-fb85c1a34421,   -8.085870 ,  -70.973740 ,2023-09-24 18:13:00,Brasil,ACRE,TARAUACÁ,Amazônia
 1652646111 ,d6d274f2-2e97-36cf-90cb-e3d716fd487b,   -8.083060 ,  -70.951620 ,2023-09-24 18:13:00,Brasil,ACRE,TARAUACÁ,Amazônia
 1652646112 ,db264854-d937-33eb-8483-f344afb7eebb,   -8.081460 ,  -70.624180 ,2023-09-24 18:13:00,Brasil,ACRE,TARAUACÁ,Amazônia
 1652646113 ,3785ddba-5bb0-3eb3-b2f7-627a7b72050c,   -8.075770 ,  -70.957580 ,2023-09-24 18:13:00,Brasil,ACRE,TARAUACÁ,Amazônia
 1652646114 ,1a0c1fce-ac88-3ea2-97ca-b2c4469d0da6,   -8.071030 ,  -70.646970 ,2023-09-24 18:13:00,Brasil,ACRE,TARAUACÁ,Amazônia
 1652646115 ,d1a4414a-cb6a-33aa-aaa6-08aeefc296ed,   -8.063300 ,  -72.490980 ,2023-09-24 18:13:00,Brasil,ACRE,CRUZEIRO DO SUL,Amazônia
 1652646116 ,d6c49858-707e-3553-9e20-1e9bbb39d853,   -8.036130 ,  -71.408210 ,2023-09-24 18:13:00,Brasil,ACRE,TARAUACÁ,Amazônia
 1652646117 ,6c13917f-39ed-3380-bb71-54af85622d3a,   -8.031850 ,  -72.688820 ,2023-09-24 18:13:00,Brasil,ACRE,CRUZEIRO DO SUL,Amazônia
 1652646118 ,722e43c9-082f-3870-a50c-6272a04cdf89,   -8.031060 ,  -71.416020 ,2023-09-24 18:13:00,Brasil,ACRE,TARAUACÁ,Amazônia
 1652646119 ,21d4c5a9-ef7a-33d7-a140-4903fbdc2d89,   -8.030350 ,  -71.031950 ,2023-09-24 18:13:00,Brasil,ACRE,TARAUACÁ,Amazônia
 1652646120 ,32cdad60-c054-3594-9d1b-6f58e9b4f898,   -8.027900 ,  -71.392140 ,2023-09-24 18:13:00,Brasil,ACRE,TARAUACÁ,Amazônia
 1652646121 ,5b7fb338-7418-3c98-93d6-be92985527d4,   -8.027830 ,  -72.681980 ,2023-09-24 18:13:00,Brasil,ACRE,CRUZEIRO DO SUL,Amazônia
 1652646122 ,620aa24b-b14d-318b-8c26-eb02e1ae5eb6,   -8.022110 ,  -71.410090 ,2023-09-24 18:13:00,Brasil,ACRE,TARAUACÁ,Amazônia
 1652646123 ,ba1e242d-b5a4-3c50-96c0-bc496a0eb24e,   -8.019140 ,  -71.386190 ,2023-09-24 18:13:00,Brasil,ACRE,TARAUACÁ,Amazônia
 1652646125 ,3fb28875-8d86-3959-a47f-a19b5a49b583,   -7.993980 ,  -70.856710 ,2023-09-24 18:13:00,Brasil,ACRE,TARAUACÁ,Amazônia
 1652646126 ,3e05d82a-721c-3334-b598-c656c3535d0e,   -7.991190 ,  -70.835120 ,2023-09-24 18:13:00,Brasil,ACRE,TARAUACÁ,Amazônia
 1652646127 ,29dad3b5-faea-322d-965b-b69803a99f05,   -7.985340 ,  -72.819520 ,2023-09-24 18:13:00,Brasil,ACRE,CRUZEIRO DO SUL,Amazônia
 1652646128 ,c3d89cf7-6ca2-35ab-b3ce-0d0160cf84d8,   -7.982190 ,  -70.843510 ,2023-09-24 18:13:00,Brasil,ACRE,TARAUACÁ,Amazônia
 1652646129 ,0678f4bb-4263-3573-af16-5ccc7e7c9a9a,   -7.972690 ,  -70.191390 ,2023-09-24 18:13:00,Brasil,ACRE,FEIJÓ,Amazônia
 1652646130 ,bc06565c-13f3-3adb-87ad-144c801a6699,   -7.970380 ,  -70.177100 ,2023-09-24 18:13:00,Brasil,ACRE,FEIJÓ,Amazônia
 1652646131 ,8f32467b-e9de-3062-a299-ca3699c54b7e,   -7.970220 ,  -70.172120 ,2023-09-24 18:13:00,Brasil,ACRE,FEIJÓ,Amazônia
 1652646134 ,f80ea5c9-8f92-388f-a8bc-e0db0f38691a,   -7.959170 ,  -70.674180 ,2023-09-24 18:13:00,Brasil,ACRE,TARAUACÁ,Amazônia
 1652646135 ,b4c7af08-de0f-31b4-b039-0945294ae3d9,   -7.956320 ,  -70.653240 ,2023-09-24 18:13:00,Brasil,ACRE,TARAUACÁ,Amazônia
 1652646136 ,30e859db-ff8a-3358-83c7-d258fe520d3c,   -7.956130 ,  -70.667470 ,2023-09-24 18:13:00,Brasil,ACRE,TARAUACÁ,Amazônia
 1652646139 ,39d74162-9fe5-35f1-ab1b-589da15f2aa3,   -7.881220 ,  -71.741770 ,2023-09-24 18:13:00,Brasil,ACRE,TARAUACÁ,Amazônia
 1652646142 ,44420eae-7bdc-3e67-9190-0c04ade15bd3,   -7.874280 ,  -70.131770 ,2023-09-24 18:13:00,Brasil,ACRE,FEIJÓ,Amazônia
 1652646147 ,05af45c8-1139-3bb7-8798-83d8f46caf50,   -7.856690 ,  -71.475830 ,2023-09-24 18:13:00,Brasil,ACRE,TARAUACÁ,Amazônia
 1652646148 ,f8df3464-e8f3-3548-b83b-6025e8a8ee2a,   -7.847520 ,  -71.469990 ,2023-09-24 18:13:00,Brasil,ACRE,TARAUACÁ,Amazônia
 1652646153 ,2ae59f20-2d3b-3b27-b198-3d81127deb5e,   -7.829090 ,  -71.940330 ,2023-09-24 18:13:00,Brasil,ACRE,TARAUACÁ,Amazônia
 1652646154 ,810d5576-3219-3422-8c6d-f3ae23a55003,   -7.828260 ,  -71.945080 ,2023-09-24 18:15:00,Brasil,ACRE,TARAUACÁ,Amazônia
 1652646155 ,2d2308c6-e0bf-342c-9fbd-1f246c5e4919,   -7.825810 ,  -71.914010 ,2023-09-24 18:13:00,Brasil,ACRE,TARAUACÁ,Amazônia
 1652646156 ,35ac2077-fed6-3679-99a9-fdec6bbd718d,   -7.824790 ,  -71.918750 ,2023-09-24 18:15:00,Brasil,ACRE,TARAUACÁ,Amazônia
 1652646165 ,58af4ec3-8b59-3935-b05c-02f3c52e81c0,   -7.781450 ,  -72.521000 ,2023-09-24 18:15:00,Brasil,ACRE,CRUZEIRO DO SUL,Amazônia
 1652646189 ,b889db20-57e6-3812-9fca-5eced2b86064,   -7.544580 ,  -73.006240 ,2023-09-24 18:15:00,Brasil,ACRE,MÂNCIO LIMA,Amazônia
 1652646191 ,0a0e9732-1134-32e5-a36f-8a885843e44f,   -7.539010 ,  -72.999850 ,2023-09-24 18:15:00,Brasil,ACRE,MÂNCIO LIMA,Amazônia
 1652646201 ,8ab1ab62-9a38-3145-8bec-f112e46d5a3f,   -7.409140 ,  -73.028110 ,2023-09-24 18:15:00,Brasil,ACRE,MÂNCIO LIMA,Amazônia
 1652646202 ,5d6ed5c5-6da5-30d4-a9ea-54ed9d8aebff,   -7.406590 ,  -73.055960 ,2023-09-24 18:15:00,Brasil,ACRE,MÂNCIO LIMA,Amazônia
 1652646203 ,2c3d4829-28da-365b-b27b-44403093f4d2,   -7.402730 ,  -73.024390 ,2023-09-24 18:15:00,Brasil,ACRE,MÂNCIO LIMA,Amazônia
 1652982728 ,964db212-d02f-3713-b43a-15bca823f421,   -9.818330 ,  -68.087060 ,2023-09-25 18:56:00,Brasil,ACRE,BUJARI,Amazônia
 1652982729 ,063ec95a-40cb-3616-916c-e4b0d6ce278b,   -9.781660 ,  -67.865790 ,2023-09-25 18:56:00,Brasil,ACRE,BUJARI,Amazônia
 1652982730 ,46077c92-5592-3f29-a18b-6afcd859d26d,   -9.778530 ,  -67.846910 ,2023-09-25 18:56:00,Brasil,ACRE,BUJARI,Amazônia
 1652982733 ,eccd1d50-31d8-384d-9d6b-8d9aade5f73b,   -9.635580 ,  -68.735610 ,2023-09-25 18:56:00,Brasil,ACRE,SENA MADUREIRA,Amazônia
 1652982741 ,b1785e5e-2b13-38ab-a592-8aa7dbda7188,   -9.288880 ,  -72.688870 ,2023-09-25 18:58:00,Brasil,ACRE,MARECHAL THAUMATURGO,Amazônia
 1652982742 ,3e3ba014-c280-34dc-9f4c-05e6924d5f2b,   -9.210410 ,  -72.603290 ,2023-09-25 18:58:00,Brasil,ACRE,MARECHAL THAUMATURGO,Amazônia
 1652982743 ,d6ac3295-fcab-31df-b320-acc5fd747fa9,   -9.208970 ,  -72.593710 ,2023-09-25 18:58:00,Brasil,ACRE,MARECHAL THAUMATURGO,Amazônia
 1652982744 ,8d087861-3873-3671-b68f-fb947742c387,   -9.188410 ,  -72.012780 ,2023-09-25 18:58:00,Brasil,ACRE,JORDÃO,Amazônia
 1652982750 ,5415d923-c89b-3fba-bec6-2c86379c444f,   -9.167390 ,  -72.684780 ,2023-09-25 18:58:00,Brasil,ACRE,MARECHAL THAUMATURGO,Amazônia
 1652982755 ,aaf9e5b1-7031-3217-b438-05fabf998570,   -9.130670 ,  -70.175900 ,2023-09-25 18:58:00,Brasil,ACRE,SANTA ROSA DO PURUS,Amazônia
 1652982756 ,47295449-bccc-3d97-8672-9e370c5b2e78,   -9.126010 ,  -72.706600 ,2023-09-25 18:58:00,Brasil,ACRE,MARECHAL THAUMATURGO,Amazônia
 1652982757 ,d47451ba-062b-3c66-a2e4-f3e92fb58f69,   -9.109110 ,  -72.591820 ,2023-09-25 18:58:00,Brasil,ACRE,MARECHAL THAUMATURGO,Amazônia
 1652982758 ,b41ccb73-6b0e-3615-aad7-6d567b9c5158,   -9.061200 ,  -72.897250 ,2023-09-25 18:58:00,Brasil,ACRE,MARECHAL THAUMATURGO,Amazônia
 1652982762 ,4c6cd5e2-c6dc-343c-93cc-21586da7754c,   -9.020580 ,  -72.874590 ,2023-09-25 18:58:00,Brasil,ACRE,MARECHAL THAUMATURGO,Amazônia
 1652982763 ,f2a4a58f-5e50-3e62-b3fa-9793bd18e2b2,   -9.007280 ,  -72.721660 ,2023-09-25 18:58:00,Brasil,ACRE,MARECHAL THAUMATURGO,Amazônia
 1652982765 ,4d288e11-5e96-3c78-96da-94e8733baded,   -8.907590 ,  -71.567310 ,2023-09-25 18:58:00,Brasil,ACRE,JORDÃO,Amazônia
 1652982780 ,bd0938ec-432a-3878-8dbe-784fb8581fea,   -8.715590 ,  -72.803750 ,2023-09-25 18:58:00,Brasil,ACRE,PORTO WALTER,Amazônia
 1652982781 ,41af0588-7154-39a3-9ed4-fbbeeca376ac,   -8.714180 ,  -72.794270 ,2023-09-25 18:58:00,Brasil,ACRE,PORTO WALTER,Amazônia
 1652982784 ,5a244202-f393-3604-bae9-28bd2b6bb670,   -8.673010 ,  -72.826480 ,2023-09-25 18:58:00,Brasil,ACRE,PORTO WALTER,Amazônia
 1652982785 ,aa86de8d-5abd-32fb-8a1e-21056de36ce9,   -8.663850 ,  -72.827870 ,2023-09-25 18:58:00,Brasil,ACRE,PORTO WALTER,Amazônia
 1652982791 ,9593265f-823c-31be-b337-f664e4c6df0c,   -8.619350 ,  -72.717640 ,2023-09-25 18:58:00,Brasil,ACRE,PORTO WALTER,Amazônia
 1652982792 ,fb2e7cdc-a813-31d0-8289-8666fcd9ab6e,   -8.606060 ,  -72.929660 ,2023-09-25 18:58:00,Brasil,ACRE,PORTO WALTER,Amazônia
 1652982794 ,c9f32820-af27-3813-9b1d-43db49694761,   -8.600900 ,  -72.402590 ,2023-09-25 18:58:00,Brasil,ACRE,PORTO WALTER,Amazônia
 1652982796 ,3bc88c2c-0ccf-3af6-92f3-6e8f0bd9601e,   -8.528030 ,  -72.844740 ,2023-09-25 18:58:00,Brasil,ACRE,PORTO WALTER,Amazônia
 1652982797 ,17fa742f-7c00-3afb-a0e6-7abc4ad46c62,   -8.521750 ,  -70.859280 ,2023-09-25 18:58:00,Brasil,ACRE,TARAUACÁ,Amazônia
 1652982798 ,e4919726-1aaa-3c23-a7c6-7e7c72b559a4,   -8.510880 ,  -72.412160 ,2023-09-25 18:58:00,Brasil,ACRE,PORTO WALTER,Amazônia
 1652982799 ,8a154794-8838-31e5-8504-fa8bdb20d253,   -8.509420 ,  -72.402290 ,2023-09-25 18:58:00,Brasil,ACRE,PORTO WALTER,Amazônia
 1652982800 ,2e85e78a-790e-374c-a6ea-293f455979be,   -8.494400 ,  -70.613910 ,2023-09-25 18:58:00,Brasil,ACRE,FEIJÓ,Amazônia
 1652982801 ,a76b5906-522d-34eb-a765-e2693c78e894,   -8.481230 ,  -72.838950 ,2023-09-25 18:58:00,Brasil,ACRE,PORTO WALTER,Amazônia
 1652982802 ,2e1c5d81-408d-3a1d-ae4c-ff2063a1cd53,   -8.468250 ,  -72.509090 ,2023-09-25 18:58:00,Brasil,ACRE,PORTO WALTER,Amazônia
 1652982803 ,392a5cff-07a7-3924-bf62-e7f79edfaeba,   -8.376370 ,  -72.812030 ,2023-09-25 18:58:00,Brasil,ACRE,PORTO WALTER,Amazônia
 1652982804 ,cfbb0279-2474-3c4d-ada5-7cc6c662a327,   -8.372830 ,  -71.088520 ,2023-09-25 18:58:00,Brasil,ACRE,TARAUACÁ,Amazônia
 1652982805 ,8812c377-0162-3726-94a5-97dd0c29c086,   -8.295760 ,  -72.703190 ,2023-09-25 18:58:00,Brasil,ACRE,PORTO WALTER,Amazônia
 1652982806 ,a42a503f-6f58-3b31-a7f9-9f87353f864b,   -8.286540 ,  -72.832210 ,2023-09-25 18:58:00,Brasil,ACRE,PORTO WALTER,Amazônia
 1652982807 ,8f6cba6a-04bf-37da-b9a1-22c259f8f509,   -8.256150 ,  -72.817340 ,2023-09-25 18:58:00,Brasil,ACRE,PORTO WALTER,Amazônia
 1652982808 ,948cf6f6-bc6e-3c3f-972d-a8892da782f4,   -8.254720 ,  -72.807760 ,2023-09-25 18:58:00,Brasil,ACRE,PORTO WALTER,Amazônia
 1652982809 ,60f324d6-1331-3d82-b3f4-24e23ccecc19,   -8.236320 ,  -72.810550 ,2023-09-25 18:58:00,Brasil,ACRE,PORTO WALTER,Amazônia
 1652982810 ,6d0cd14a-bc69-38e8-86c6-4b4ca985dc03,   -8.225690 ,  -70.862520 ,2023-09-25 18:58:00,Brasil,ACRE,TARAUACÁ,Amazônia
 1652982811 ,44ed1d89-1c6f-3da2-9a30-c3757933f08f,   -8.209230 ,  -72.800920 ,2023-09-25 18:58:00,Brasil,ACRE,PORTO WALTER,Amazônia
 1652982812 ,30d3d63c-ec2c-392e-a20e-f91819ab6526,   -8.207820 ,  -72.791330 ,2023-09-25 18:58:00,Brasil,ACRE,PORTO WALTER,Amazônia
 1652982813 ,a69f9f23-c552-33c9-9f3d-20871a4ed66b,   -8.037660 ,  -72.715500 ,2023-09-25 18:58:00,Brasil,ACRE,CRUZEIRO DO SUL,Amazônia
 1652982814 ,58dd9cbb-f21b-3f9a-b2c1-8d2adfa21c1e,   -8.028880 ,  -72.466770 ,2023-09-25 18:58:00,Brasil,ACRE,CRUZEIRO DO SUL,Amazônia
 1652982815 ,5ba147cf-29d0-3c55-91bd-db7031286294,   -8.028420 ,  -72.716920 ,2023-09-25 18:58:00,Brasil,ACRE,CRUZEIRO DO SUL,Amazônia
 1652982816 ,427ecb00-fb8b-3c75-b705-35f8bf75f50f,   -8.024860 ,  -72.375850 ,2023-09-25 18:58:00,Brasil,ACRE,CRUZEIRO DO SUL,Amazônia
 1652982817 ,b5594f47-e93b-3a6b-9cd4-d08865147a96,   -8.023370 ,  -72.365840 ,2023-09-25 18:58:00,Brasil,ACRE,CRUZEIRO DO SUL,Amazônia
 1652982818 ,c786d4f1-412d-32d4-b09e-7451aac24d32,   -8.005310 ,  -72.500670 ,2023-09-25 18:58:00,Brasil,ACRE,CRUZEIRO DO SUL,Amazônia
 1652982819 ,cdb6b40e-9fe2-351c-b7d8-bfdf62767cae,   -7.931860 ,  -72.365140 ,2023-09-25 18:58:00,Brasil,ACRE,CRUZEIRO DO SUL,Amazônia
 1652982820 ,4365f1bb-4814-3262-bf34-4fc8965f1df1,   -7.930360 ,  -72.355140 ,2023-09-25 18:58:00,Brasil,ACRE,CRUZEIRO DO SUL,Amazônia
 1652982821 ,64d05e1c-5c17-34c2-9399-6c77bc62ada3,   -7.882750 ,  -72.721780 ,2023-09-25 18:58:00,Brasil,ACRE,CRUZEIRO DO SUL,Amazônia
 1652982822 ,67e8d2b4-a50e-3089-b58f-760dd1b5be1f,   -7.834710 ,  -72.950860 ,2023-09-25 18:58:00,Brasil,ACRE,RODRIGUES ALVES,Amazônia
 1652982823 ,00cdbdf4-836c-3351-b350-69622affa202,   -7.833240 ,  -73.067340 ,2023-09-25 18:58:00,Brasil,ACRE,RODRIGUES ALVES,Amazônia
 1652982824 ,deb69e54-e35f-30ea-ad66-5a4c37cd3975,   -7.828300 ,  -73.096980 ,2023-09-25 18:58:00,Brasil,ACRE,RODRIGUES ALVES,Amazônia
 1652982825 ,f4bd0974-cbe8-33be-8a51-2d21429e126c,   -7.813450 ,  -72.807380 ,2023-09-25 18:58:00,Brasil,ACRE,RODRIGUES ALVES,Amazônia
 1652982826 ,77297f68-41a8-3289-96ac-67c577be450f,   -7.804220 ,  -72.808800 ,2023-09-25 18:58:00,Brasil,ACRE,RODRIGUES ALVES,Amazônia
 1652982827 ,255afa8e-a1d0-3358-a08d-560044fbc7bc,   -7.769410 ,  -73.074060 ,2023-09-25 18:58:00,Brasil,ACRE,RODRIGUES ALVES,Amazônia
 1652982829 ,3750b56b-0eef-3464-9d56-ec33779fcdfa,   -7.439120 ,  -73.206190 ,2023-09-25 18:58:00,Brasil,ACRE,MÂNCIO LIMA,Amazônia
 1652982831 ,8130d1b2-d1ec-3d3d-aeea-90545c16e503,   -7.434130 ,  -73.235690 ,2023-09-25 18:58:00,Brasil,ACRE,MÂNCIO LIMA,Amazônia
 1652982832 ,0cd3dde9-4801-3cea-b8f5-4b2ca760d2fb,   -7.431370 ,  -73.216930 ,2023-09-25 18:58:00,Brasil,ACRE,MÂNCIO LIMA,Amazônia
 1652982833 ,9defc451-1074-34e2-9e84-9670d7365f28,   -7.430000 ,  -73.207570 ,2023-09-25 18:58:00,Brasil,ACRE,MÂNCIO LIMA,Amazônia
 1652982836 ,34701e18-0ca6-3577-970e-6add7743bb61,   -7.390540 ,  -73.318670 ,2023-09-25 18:58:00,Brasil,ACRE,MÂNCIO LIMA,Amazônia
 1652982887 ,ac67134b-a50d-3346-bef7-6fe5128debde,  -10.730590 ,  -68.871190 ,2023-09-25 18:56:00,Brasil,ACRE,XAPURI,Amazônia
 1652982888 ,36182d15-9519-3f13-b4d3-1089a08a5072,  -10.669980 ,  -68.786290 ,2023-09-25 18:56:00,Brasil,ACRE,EPITACIOLÂNDIA,Amazônia
 1652982889 ,a7ca4671-8aa7-3a89-a167-4aa2714d6628,  -10.632760 ,  -69.199370 ,2023-09-25 18:56:00,Brasil,ACRE,BRASILÉIA,Amazônia
 1652982891 ,a6906aba-a9f3-3509-8056-ce6b90af25f8,  -10.393980 ,  -67.833320 ,2023-09-25 18:56:00,Brasil,ACRE,CAPIXABA,Amazônia
 1652982892 ,34f3aeeb-8cad-32b4-9a2b-6a6e107d347d,  -10.390240 ,  -67.820040 ,2023-09-25 18:56:00,Brasil,ACRE,CAPIXABA,Amazônia
 1652982893 ,a4d2347f-e2e6-3f98-a01e-ad5c4a9ad974,  -10.214010 ,  -67.933400 ,2023-09-25 18:56:00,Brasil,ACRE,RIO BRANCO,Amazônia
 1652982894 ,d08aa6e3-1592-39ca-aed5-b56eeb576cd4,  -10.209820 ,  -67.920440 ,2023-09-25 18:56:00,Brasil,ACRE,RIO BRANCO,Amazônia
 1652982895 ,998559dd-9bf7-3ba5-a703-5e9d46033fd4,  -10.180520 ,  -69.031970 ,2023-09-25 18:56:00,Brasil,ACRE,RIO BRANCO,Amazônia
 1653154956 ,5f308b8c-918d-3d93-8401-200f6c50d85f,  -10.179530 ,  -67.075070 ,2023-09-26 17:58:00,Brasil,ACRE,ACRELÂNDIA,Amazônia
 1653155089 ,50754086-6390-318d-a00f-0c05e5179e9f,   -9.287900 ,  -68.812040 ,2023-09-26 17:58:00,Brasil,ACRE,SENA MADUREIRA,Amazônia
 1653155090 ,080f0046-55ed-3ea7-9e8b-d5995285151c,   -9.284130 ,  -68.780940 ,2023-09-26 17:58:00,Brasil,ACRE,SENA MADUREIRA,Amazônia
 1653155101 ,5981e35f-07c7-39a8-9ae3-10411cc17fed,   -9.033850 ,  -68.707410 ,2023-09-26 17:58:00,Brasil,ACRE,SENA MADUREIRA,Amazônia
 1653155102 ,8090e4a4-bdc2-3fa7-8425-67deb00f9df9,   -8.953190 ,  -68.783450 ,2023-09-26 17:58:00,Brasil,ACRE,SENA MADUREIRA,Amazônia
 1653155107 ,898c9595-9562-311b-970e-a613ab2ac69d,   -9.822450 ,  -68.869630 ,2023-09-26 17:58:00,Brasil,ACRE,SENA MADUREIRA,Amazônia
 1653155108 ,cf4b5d1f-f9a7-3761-b89d-68a31ea5b32f,   -9.812530 ,  -68.877790 ,2023-09-26 17:58:00,Brasil,ACRE,SENA MADUREIRA,Amazônia
 1653155109 ,8b396a6d-97d8-366f-8cc4-d7d8c2bcbaa1,   -9.635060 ,  -68.657730 ,2023-09-26 17:58:00,Brasil,ACRE,RIO BRANCO,Amazônia
 1653155110 ,12088f7a-58ec-3760-bb02-907abb5b1f25,   -9.634630 ,  -68.681250 ,2023-09-26 17:58:00,Brasil,ACRE,RIO BRANCO,Amazônia
 1653155111 ,9b802331-1911-38e5-b5d5-892b967e9982,   -9.630940 ,  -68.650670 ,2023-09-26 17:58:00,Brasil,ACRE,RIO BRANCO,Amazônia
 1653155112 ,f75d2ea8-6be3-3e94-ae71-9867c3c7889b,   -9.572630 ,  -68.791530 ,2023-09-26 17:58:00,Brasil,ACRE,SENA MADUREIRA,Amazônia
 1653155113 ,d5d47b8d-b046-33be-a7a8-85acabf3187f,   -9.518470 ,  -67.729260 ,2023-09-26 17:58:00,Brasil,ACRE,PORTO ACRE,Amazônia
 1653155114 ,edcc30e0-6d53-3791-9f1b-41569194eea0,   -9.515330 ,  -67.703830 ,2023-09-26 17:58:00,Brasil,ACRE,PORTO ACRE,Amazônia
 1653155115 ,e263efc6-fd81-3a66-a102-58922485a825,   -9.512480 ,  -67.711330 ,2023-09-26 17:58:00,Brasil,ACRE,PORTO ACRE,Amazônia
 1653155116 ,68cc9895-9366-39de-b1b0-411a6f606786,   -9.484780 ,  -68.584530 ,2023-09-26 17:58:00,Brasil,ACRE,SENA MADUREIRA,Amazônia
 1653155117 ,40c72537-4832-3a9e-b7dd-f117e0c8e8f1,   -9.484000 ,  -68.935100 ,2023-09-26 17:58:00,Brasil,ACRE,SENA MADUREIRA,Amazônia
 1653155118 ,57171627-2ad2-34fb-bfc8-eea0ab89c3ed,   -9.478420 ,  -68.381480 ,2023-09-26 17:58:00,Brasil,ACRE,SENA MADUREIRA,Amazônia
 1653155119 ,d8fd1390-00e0-34c1-84ae-66ce1affa7e3,   -9.475760 ,  -68.377480 ,2023-09-26 17:58:00,Brasil,ACRE,SENA MADUREIRA,Amazônia
 1653155120 ,3edc9cc6-16b3-35f2-8e8c-005e86b76ad5,   -9.411570 ,  -68.574950 ,2023-09-26 17:58:00,Brasil,ACRE,SENA MADUREIRA,Amazônia
 1653155121 ,a5cca337-5ab9-3158-bb40-589391ce8b17,   -9.408400 ,  -68.568210 ,2023-09-26 17:58:00,Brasil,ACRE,SENA MADUREIRA,Amazônia
 1653155122 ,f16258e9-d58a-3467-b718-d00df8ecaf5c,   -9.383940 ,  -68.363380 ,2023-09-26 17:58:00,Brasil,ACRE,BUJARI,Amazônia
 1653155123 ,394d5388-9580-3301-938e-293f06bae25f,   -9.381970 ,  -68.341760 ,2023-09-26 17:58:00,Brasil,ACRE,BUJARI,Amazônia
 1653155124 ,fb3d3659-c3fc-3be7-bc77-24b104c5034a,   -9.380540 ,  -68.334920 ,2023-09-26 17:58:00,Brasil,ACRE,BUJARI,Amazônia
 1653155125 ,054d4445-6cfd-3815-b114-597e2c2bc57c,   -9.372220 ,  -68.764740 ,2023-09-26 17:58:00,Brasil,ACRE,SENA MADUREIRA,Amazônia
 1653155126 ,90998669-5473-34e4-a8f0-112351b2059e,   -9.362030 ,  -68.770920 ,2023-09-26 17:58:00,Brasil,ACRE,SENA MADUREIRA,Amazônia
 1653155128 ,712929eb-9f7d-3d29-beee-c34eb929a067,  -10.709200 ,  -68.573900 ,2023-09-26 17:58:00,Brasil,ACRE,EPITACIOLÂNDIA,Amazônia
 1653155129 ,be0e986b-933f-374f-8733-951c86b71ff2,  -10.691230 ,  -68.835870 ,2023-09-26 17:58:00,Brasil,ACRE,XAPURI,Amazônia
 1653155130 ,5f0c1a0d-6efe-3e30-b955-3abb066612e4,  -10.515220 ,  -68.737520 ,2023-09-26 17:58:00,Brasil,ACRE,XAPURI,Amazônia
 1653155131 ,ecc2f7d8-40a5-3539-9d39-526c39ed344b,  -10.510910 ,  -67.923520 ,2023-09-26 17:58:00,Brasil,ACRE,CAPIXABA,Amazônia
 1653155132 ,e298539d-38ba-3fb9-9a70-adc6c17cd941,  -10.510000 ,  -67.918690 ,2023-09-26 17:58:00,Brasil,ACRE,CAPIXABA,Amazônia
 1653155133 ,5d23201f-c40b-36b0-b333-d115602a557a,  -10.505320 ,  -68.745550 ,2023-09-26 17:58:00,Brasil,ACRE,XAPURI,Amazônia
 1653155134 ,b26207b4-049b-3f33-b96d-4952e43e8fea,  -10.501440 ,  -68.713680 ,2023-09-26 17:58:00,Brasil,ACRE,XAPURI,Amazônia
 1653155135 ,b43223af-1353-3575-bbb6-4e3f316cbdb7,  -10.466350 ,  -67.929340 ,2023-09-26 17:58:00,Brasil,ACRE,CAPIXABA,Amazônia
 1653155136 ,5081ddfe-6cfd-31bf-8933-5cc4c6d9946d,  -10.408110 ,  -67.832760 ,2023-09-26 17:58:00,Brasil,ACRE,CAPIXABA,Amazônia
 1653155137 ,61e6e82a-d4fa-313a-b5db-ff2ce2a3ecb1,  -10.395450 ,  -67.973280 ,2023-09-26 17:58:00,Brasil,ACRE,CAPIXABA,Amazônia
 1653155138 ,fbbfb53a-adf0-335f-9e40-62e455bc1cca,  -10.392100 ,  -67.945920 ,2023-09-26 17:58:00,Brasil,ACRE,CAPIXABA,Amazônia
 1653155140 ,0e8c5e6e-8553-3f7c-af44-36026f36577f,  -10.317540 ,  -68.313260 ,2023-09-26 17:58:00,Brasil,ACRE,RIO BRANCO,Amazônia
 1653155141 ,848d6e97-5e79-351d-b64c-03097767f2ab,  -10.315000 ,  -68.306590 ,2023-09-26 17:58:00,Brasil,ACRE,RIO BRANCO,Amazônia
 1653155142 ,6d45150c-2973-300b-8cbc-4abe1750eaae,  -10.251860 ,  -68.760410 ,2023-09-26 17:58:00,Brasil,ACRE,RIO BRANCO,Amazônia
 1653155143 ,3156ebb3-239f-35ff-84f8-f8d28e06f1a4,  -10.247960 ,  -68.728870 ,2023-09-26 17:58:00,Brasil,ACRE,RIO BRANCO,Amazônia
 1653155144 ,5950f14c-b4f0-38c0-bbed-1bc6c8225a83,  -10.245310 ,  -68.756510 ,2023-09-26 17:58:00,Brasil,ACRE,RIO BRANCO,Amazônia
 1653155145 ,aece5f62-9db1-3502-852f-b527d58bbb53,  -10.223410 ,  -69.061620 ,2023-09-26 17:58:00,Brasil,ACRE,RIO BRANCO,Amazônia
 1653155146 ,6be40ed8-6732-36fa-9d20-bc25aa27005a,  -10.215210 ,  -69.070170 ,2023-09-26 17:58:00,Brasil,ACRE,RIO BRANCO,Amazônia
 1653155147 ,9fcaf3b5-55a5-3d25-acc9-67cc6b871045,  -10.147480 ,  -68.528270 ,2023-09-26 17:58:00,Brasil,ACRE,RIO BRANCO,Amazônia
 1653155148 ,8af58a11-d78e-3c19-ab6d-1a847cb8edc4,  -10.116510 ,  -68.532070 ,2023-09-26 17:58:00,Brasil,ACRE,RIO BRANCO,Amazônia
 1653155149 ,6ac53381-654f-393f-9558-8eed1f26c6a2,  -10.112670 ,  -68.525260 ,2023-09-26 17:58:00,Brasil,ACRE,RIO BRANCO,Amazônia
 1653155150 ,f46e6708-a6b3-33b5-a6bb-f6c3bbd3faca,  -10.063130 ,  -68.574550 ,2023-09-26 17:58:00,Brasil,ACRE,RIO BRANCO,Amazônia
 1653155181 ,1a1c2f21-123e-3091-b4e0-09181608a36e,  -10.827010 ,  -68.753110 ,2023-09-26 17:58:00,Brasil,ACRE,EPITACIOLÂNDIA,Amazônia
 1653157485 ,1b2e9f9c-bc40-32a8-81ed-3546aac05112,   -9.489960 ,  -68.941570 ,2023-09-26 17:58:00,Brasil,ACRE,SENA MADUREIRA,Amazônia
 1653157486 ,cab73587-4fe9-3704-8a13-6d4bf4642f76,   -9.326630 ,  -68.998860 ,2023-09-26 17:58:00,Brasil,ACRE,SENA MADUREIRA,Amazônia
 1653157487 ,1b304bfc-8b23-3d9d-9d23-b6316d89ed33,   -9.119560 ,  -69.852500 ,2023-09-26 17:58:00,Brasil,ACRE,SANTA ROSA DO PURUS,Amazônia
 1653157488 ,19d572f2-9bf3-3823-b415-1593a2b82dca,   -8.968380 ,  -69.034030 ,2023-09-26 17:58:00,Brasil,ACRE,SENA MADUREIRA,Amazônia
 1653157489 ,049b41a5-6859-33d8-8938-24d2717bcac7,   -8.958430 ,  -69.042380 ,2023-09-26 17:58:00,Brasil,ACRE,SENA MADUREIRA,Amazônia
 1653157490 ,2843306c-994a-336f-a41c-8fecda483290,   -8.757930 ,  -69.591130 ,2023-09-26 18:00:00,Brasil,ACRE,MANOEL URBANO,Amazônia
 1653157491 ,5e98ec8d-fc19-3214-b3de-ffe752105862,   -8.747390 ,  -69.587890 ,2023-09-26 17:58:00,Brasil,ACRE,MANOEL URBANO,Amazônia
 1653157494 ,7dd29838-c98a-3692-a426-33df6f1f17fb,   -8.698140 ,  -69.594380 ,2023-09-26 17:58:00,Brasil,ACRE,MANOEL URBANO,Amazônia
 1653157495 ,6ea9cad4-c8a7-3854-91cd-a8b9d93cc825,   -8.581340 ,  -70.140340 ,2023-09-26 18:00:00,Brasil,ACRE,FEIJÓ,Amazônia
 1653157496 ,86bd2b65-be46-373b-811a-4f6b711962ef,   -8.578750 ,  -70.144830 ,2023-09-26 18:00:00,Brasil,ACRE,FEIJÓ,Amazônia
 1653157497 ,caac0775-e532-358e-8409-f6be74cd3501,   -8.558630 ,  -70.265240 ,2023-09-26 18:00:00,Brasil,ACRE,FEIJÓ,Amazônia
 1653157498 ,d7cd8971-485c-3c45-8978-5c6d57d39ee5,   -8.556040 ,  -70.273230 ,2023-09-26 18:00:00,Brasil,ACRE,FEIJÓ,Amazônia
 1653157499 ,2c5434db-147a-3045-b09e-d3d5b3ba542a,  -10.858140 ,  -69.563160 ,2023-09-26 17:58:00,Brasil,ACRE,BRASILÉIA,Amazônia
 1653157500 ,e62a6dea-ed72-3823-b606-333ed2be1c5d,  -10.722620 ,  -69.472740 ,2023-09-26 17:58:00,Brasil,ACRE,ASSIS BRASIL,Amazônia
 1653157501 ,242155df-a03a-3d60-8674-d5809d9040bc,  -10.508100 ,  -69.472660 ,2023-09-26 17:58:00,Brasil,ACRE,BRASILÉIA,Amazônia
 1653157502 ,1e2ff0b7-0595-3db9-9ab9-f2617e0cc1cf,  -10.466870 ,  -69.749030 ,2023-09-26 17:58:00,Brasil,ACRE,ASSIS BRASIL,Amazônia
 1653157503 ,13f7e52f-16f2-3ea3-bc3d-8eb76dff02b5,  -10.453130 ,  -69.195030 ,2023-09-26 17:58:00,Brasil,ACRE,BRASILÉIA,Amazônia
 1653157515 ,6d23a902-4e21-303e-9c18-b0b51338189f,   -8.702910 ,  -70.571500 ,2023-09-26 18:00:00,Brasil,ACRE,FEIJÓ,Amazônia
 1653157516 ,c423fd8a-47b5-3b7f-be27-7b5f47f3c08e,   -8.473120 ,  -70.327450 ,2023-09-26 18:00:00,Brasil,ACRE,FEIJÓ,Amazônia
 1653157517 ,14253723-30d9-396c-9f1d-4d0b949d62fe,   -8.457470 ,  -70.325740 ,2023-09-26 18:00:00,Brasil,ACRE,FEIJÓ,Amazônia
 1653157518 ,8a1afc1f-cf68-3941-8ab1-b35eb2e3e86e,   -8.455870 ,  -70.329700 ,2023-09-26 18:00:00,Brasil,ACRE,FEIJÓ,Amazônia
 1653157519 ,130fedb5-5512-3c50-b3bc-ef6717c806a5,   -8.306770 ,  -70.440900 ,2023-09-26 18:00:00,Brasil,ACRE,FEIJÓ,Amazônia
 1653341629 ,5537b818-b70f-3e29-ac29-4ab796064455,   -9.757560 ,  -67.152830 ,2023-09-27 18:41:00,Brasil,ACRE,ACRELÂNDIA,Amazônia
 1653341630 ,b43e9fcf-44ec-36e8-b3bf-710bf9401acc,   -9.654000 ,  -67.413660 ,2023-09-27 18:41:00,Brasil,ACRE,PORTO ACRE,Amazônia
 1653341774 ,808b5cfd-e073-3484-b50d-06731b3e6edf,   -9.379950 ,  -68.168470 ,2023-09-27 18:41:00,Brasil,ACRE,BUJARI,Amazônia
 1653341775 ,44c8ad46-5a47-3e57-81f3-5cb193b75c86,   -9.370480 ,  -68.169970 ,2023-09-27 18:41:00,Brasil,ACRE,BUJARI,Amazônia
 1653341803 ,d436d48e-9d2f-3369-ad8d-4590b31e22aa,   -9.286410 ,  -68.773990 ,2023-09-27 18:41:00,Brasil,ACRE,SENA MADUREIRA,Amazônia
 1653341804 ,f3ee9ddb-6e84-356e-a65f-3957ad4db767,   -9.284970 ,  -68.764340 ,2023-09-27 18:41:00,Brasil,ACRE,SENA MADUREIRA,Amazônia
 1653341805 ,e200c4b4-d4e0-32d1-83de-561895b83bca,   -9.254230 ,  -68.366290 ,2023-09-27 18:41:00,Brasil,ACRE,SENA MADUREIRA,Amazônia
 1653341814 ,cf1519da-0c0f-3338-be53-80ebf8ea7c74,   -9.105730 ,  -68.734850 ,2023-09-27 18:41:00,Brasil,ACRE,SENA MADUREIRA,Amazônia
 1653341816 ,7007b3d9-05ca-3f4d-a2c8-04e38efd76d0,   -9.094100 ,  -68.656730 ,2023-09-27 18:41:00,Brasil,ACRE,SENA MADUREIRA,Amazônia
 1653341823 ,09a21844-95f8-3833-89b9-f4cd9e144d75,   -9.977980 ,  -68.468340 ,2023-09-27 18:41:00,Brasil,ACRE,RIO BRANCO,Amazônia
 1653341824 ,3a860a27-683e-3731-8915-cb593bb75890,   -9.976510 ,  -68.458540 ,2023-09-27 18:41:00,Brasil,ACRE,RIO BRANCO,Amazônia
 1653341825 ,63ae0c25-7f3c-36cd-bc8d-10951b2e234e,   -9.893230 ,  -68.764870 ,2023-09-27 18:41:00,Brasil,ACRE,SENA MADUREIRA,Amazônia
 1653341826 ,99bbfcd7-b785-3a74-9810-d95e2ec3c6fd,   -9.884040 ,  -68.766230 ,2023-09-27 18:41:00,Brasil,ACRE,SENA MADUREIRA,Amazônia
 1653341827 ,dea07cf3-bb9a-3fd0-8720-a0982c61ad57,   -9.654630 ,  -68.771390 ,2023-09-27 18:41:00,Brasil,ACRE,SENA MADUREIRA,Amazônia
 1653341828 ,fb811959-9cec-356b-9343-6bbac8b9bf15,   -9.653200 ,  -68.761800 ,2023-09-27 18:41:00,Brasil,ACRE,SENA MADUREIRA,Amazônia
 1653341829 ,893686fa-1333-3acd-9454-206406b58d6a,   -9.631240 ,  -67.462620 ,2023-09-27 18:41:00,Brasil,ACRE,PORTO ACRE,Amazônia
 1653341830 ,16d19abc-1488-3ab9-bdb8-17aac5d4f050,   -9.629530 ,  -67.451520 ,2023-09-27 18:41:00,Brasil,ACRE,PORTO ACRE,Amazônia
 1653341831 ,5ee84855-9537-303f-954c-42f87e1f1df4,   -9.628130 ,  -68.657170 ,2023-09-27 18:41:00,Brasil,ACRE,RIO BRANCO,Amazônia
 1653341832 ,50e64fdf-f3ed-3cb9-a07a-cf7bc212482b,   -9.619710 ,  -67.453100 ,2023-09-27 18:41:00,Brasil,ACRE,PORTO ACRE,Amazônia
 1653341833 ,7005d6b7-5973-3b3c-a79a-518fee3aaa7a,   -9.618890 ,  -68.658590 ,2023-09-27 18:41:00,Brasil,ACRE,RIO BRANCO,Amazônia
 1653341835 ,83998a9f-c428-34a4-b765-da9360988465,   -9.523460 ,  -68.757930 ,2023-09-27 18:41:00,Brasil,ACRE,SENA MADUREIRA,Amazônia
 1653341836 ,5dda9559-e17b-35b3-9846-dfc492b8c3b7,   -9.503850 ,  -68.501920 ,2023-09-27 18:41:00,Brasil,ACRE,SENA MADUREIRA,Amazônia
 1653341837 ,c7e64a52-bd8a-323d-b6b5-b940d8e10e5e,   -9.494540 ,  -68.503370 ,2023-09-27 18:41:00,Brasil,ACRE,SENA MADUREIRA,Amazônia
 1653341838 ,e679d362-363a-36d6-a4bb-42777f24cbee,   -9.494400 ,  -68.247920 ,2023-09-27 18:41:00,Brasil,ACRE,BUJARI,Amazônia
 1653341839 ,07d1b3b2-14f4-3521-9579-9235cd8c4774,   -9.479830 ,  -68.342860 ,2023-09-27 18:41:00,Brasil,ACRE,BUJARI,Amazônia
 1653341842 ,ae583024-8b35-36d1-853b-03a2cf417900,   -9.439390 ,  -68.266780 ,2023-09-27 18:41:00,Brasil,ACRE,BUJARI,Amazônia
 1653341843 ,0737febb-c157-3c03-a477-cba0192d6d4a,   -9.437840 ,  -68.256680 ,2023-09-27 18:41:00,Brasil,ACRE,BUJARI,Amazônia
 1653341844 ,9da6b8a9-1653-377c-9877-f3d811090e25,   -9.436290 ,  -68.246540 ,2023-09-27 18:41:00,Brasil,ACRE,BUJARI,Amazônia
 1653341845 ,6d3af733-1952-37f9-922f-8383bbf476a9,   -9.432960 ,  -68.264150 ,2023-09-27 18:41:00,Brasil,ACRE,BUJARI,Amazônia
 1653341846 ,ff71c924-bdb2-3422-9676-39a03278b62a,   -9.431450 ,  -68.254020 ,2023-09-27 18:41:00,Brasil,ACRE,BUJARI,Amazônia
 1653341847 ,73c8140a-119f-366f-ac71-423099ffd244,   -9.429950 ,  -68.243870 ,2023-09-27 18:41:00,Brasil,ACRE,BUJARI,Amazônia
 1653341848 ,32c04d50-feda-3005-bb3e-5b4ec719f389,   -9.422020 ,  -68.255500 ,2023-09-27 18:41:00,Brasil,ACRE,BUJARI,Amazônia
 1653341849 ,7f1e41e7-8568-3c52-9a0e-26234ff02f47,   -9.408890 ,  -68.360660 ,2023-09-27 18:41:00,Brasil,ACRE,SENA MADUREIRA,Amazônia
 1653341850 ,361b5fe8-2bf6-3959-b0c1-490ac3bdcbae,   -9.386030 ,  -68.692630 ,2023-09-27 18:41:00,Brasil,ACRE,SENA MADUREIRA,Amazônia
 1653341851 ,c8fc3007-5940-38d0-b52b-86b3ce08af9d,   -9.376780 ,  -68.694060 ,2023-09-27 18:41:00,Brasil,ACRE,SENA MADUREIRA,Amazônia
 1653341852 ,5a5f2532-0a34-3d99-b42a-3420ac9b9270,  -10.799200 ,  -68.660630 ,2023-09-27 18:38:00,Brasil,ACRE,EPITACIOLÂNDIA,Amazônia
 1653341854 ,54352f1b-71eb-3c22-8154-4093298886d4,  -10.770680 ,  -68.652000 ,2023-09-27 18:38:00,Brasil,ACRE,EPITACIOLÂNDIA,Amazônia
 1653341855 ,a5da76cf-38da-3fdc-bb6d-b7c1f0612dcd,  -10.769260 ,  -68.642420 ,2023-09-27 18:38:00,Brasil,ACRE,EPITACIOLÂNDIA,Amazônia
 1653341856 ,c4c5d915-27eb-3c89-9666-41f694d7b973,  -10.768620 ,  -68.826970 ,2023-09-27 18:38:00,Brasil,ACRE,BRASILÉIA,Amazônia
 1653341857 ,e8388d28-b494-3695-aa57-21bbe899b4c6,  -10.765770 ,  -68.682050 ,2023-09-27 18:38:00,Brasil,ACRE,EPITACIOLÂNDIA,Amazônia
 1653341858 ,8f119677-054c-3ecf-868b-97e5b2eb5ea9,  -10.571980 ,  -68.251220 ,2023-09-27 18:41:00,Brasil,ACRE,XAPURI,Amazônia
 1653341859 ,1508b03d-9f50-3bc0-9727-50941f03a183,  -10.524370 ,  -68.064290 ,2023-09-27 18:41:00,Brasil,ACRE,XAPURI,Amazônia
 1653341860 ,fcac0093-6861-3217-b63e-f39b160043a4,  -10.522830 ,  -68.054200 ,2023-09-27 18:41:00,Brasil,ACRE,XAPURI,Amazônia
 1653341861 ,919d6e1e-9427-3909-a06b-c19480dbeb9c,  -10.479170 ,  -67.932400 ,2023-09-27 18:41:00,Brasil,ACRE,CAPIXABA,Amazônia
 1653341862 ,d8d20819-dd86-341f-9a6b-7f057dd6fcd0,  -10.477630 ,  -67.922150 ,2023-09-27 18:41:00,Brasil,ACRE,CAPIXABA,Amazônia
 1653341863 ,ef49fb52-4bd3-364e-9767-76bbdf437bb7,  -10.469690 ,  -67.933860 ,2023-09-27 18:41:00,Brasil,ACRE,CAPIXABA,Amazônia
 1653341864 ,8cf66280-46aa-30a6-b64e-8d495af22386,  -10.468150 ,  -67.923600 ,2023-09-27 18:41:00,Brasil,ACRE,CAPIXABA,Amazônia
 1653341865 ,32b62bf1-e185-3d9c-938c-8670e0968d7f,  -10.444520 ,  -67.895770 ,2023-09-27 18:41:00,Brasil,ACRE,CAPIXABA,Amazônia
 1653341866 ,bd5fc60f-88ce-3a1e-b0d0-195d5d347a9c,  -10.442950 ,  -67.885430 ,2023-09-27 18:41:00,Brasil,ACRE,CAPIXABA,Amazônia
 1653341867 ,3500ca77-5495-3618-8476-0d635f2eabd4,  -10.428750 ,  -67.856030 ,2023-09-27 18:41:00,Brasil,ACRE,CAPIXABA,Amazônia
 1653341868 ,03c64129-2f51-3445-bfba-e04f68e61f0c,  -10.423890 ,  -67.951480 ,2023-09-27 18:41:00,Brasil,ACRE,CAPIXABA,Amazônia
 1653341869 ,4420e529-a01f-3387-980a-85d21f81d84d,  -10.422320 ,  -67.941250 ,2023-09-27 18:41:00,Brasil,ACRE,CAPIXABA,Amazônia
 1653341870 ,bf21031a-7716-354c-a093-36d54cc261a9,  -10.406530 ,  -67.838260 ,2023-09-27 18:41:00,Brasil,ACRE,CAPIXABA,Amazônia
 1653341871 ,d6b84781-1f7e-348e-97ad-18147d3a590d,  -10.405610 ,  -68.116050 ,2023-09-27 18:41:00,Brasil,ACRE,XAPURI,Amazônia
 1653341872 ,aa454cb3-46c5-315f-9637-becc3c8fc82b,  -10.404100 ,  -68.105970 ,2023-09-27 18:41:00,Brasil,ACRE,XAPURI,Amazônia
 1653341873 ,981a36bc-bbc3-3674-b341-cb5c8a339ab4,  -10.398030 ,  -68.065560 ,2023-09-27 18:41:00,Brasil,ACRE,XAPURI,Amazônia
 1653341874 ,3b08b823-91f6-3868-a46f-b01c456c801c,  -10.396510 ,  -68.055430 ,2023-09-27 18:41:00,Brasil,ACRE,XAPURI,Amazônia
 1653341875 ,d22347b1-1594-3240-8037-336a0658f349,  -10.392200 ,  -67.962230 ,2023-09-27 18:41:00,Brasil,ACRE,CAPIXABA,Amazônia
 1653341876 ,50d50acd-8947-3249-b27d-d60ee5f2235d,  -10.390660 ,  -67.951970 ,2023-09-27 18:41:00,Brasil,ACRE,CAPIXABA,Amazônia
 1653341877 ,fc3df90f-fc41-30e3-a913-ce4415b21040,  -10.382500 ,  -68.026460 ,2023-09-27 18:41:00,Brasil,ACRE,CAPIXABA,Amazônia
 1653341878 ,72738741-5b0c-370c-8271-949f180a5bc7,  -10.381200 ,  -67.953510 ,2023-09-27 18:41:00,Brasil,ACRE,CAPIXABA,Amazônia
 1653341879 ,de6f594b-5341-3f17-8525-e44409fb3162,  -10.335320 ,  -68.033890 ,2023-09-27 18:41:00,Brasil,ACRE,RIO BRANCO,Amazônia
 1653341880 ,ffed7a84-c085-3a8d-bd0b-c8277df9d008,  -10.331650 ,  -68.113650 ,2023-09-27 18:41:00,Brasil,ACRE,RIO BRANCO,Amazônia
 1653341881 ,9cca40b2-06c9-356f-93cd-b68e7ae19783,  -10.247240 ,  -68.225120 ,2023-09-27 18:41:00,Brasil,ACRE,RIO BRANCO,Amazônia
 1653341882 ,5898e543-edca-3954-87d4-37c411840b9f,  -10.243920 ,  -68.106670 ,2023-09-27 18:41:00,Brasil,ACRE,RIO BRANCO,Amazônia
 1653341883 ,1a1634cd-c92c-3d61-b347-c82e89659c9d,  -10.231520 ,  -68.248070 ,2023-09-27 18:41:00,Brasil,ACRE,RIO BRANCO,Amazônia
 1653341884 ,49c7d2d7-f2a2-3ae7-9f4a-f989b3d1fb99,  -10.230030 ,  -68.238080 ,2023-09-27 18:41:00,Brasil,ACRE,RIO BRANCO,Amazônia
 1653341885 ,1a808c26-93dc-3960-872c-789ba32c3873,  -10.185770 ,  -67.944040 ,2023-09-27 18:41:00,Brasil,ACRE,RIO BRANCO,Amazônia
 1653341886 ,8161ffef-5f10-3447-93dc-d658411e5afa,  -10.141410 ,  -68.034980 ,2023-09-27 18:41:00,Brasil,ACRE,RIO BRANCO,Amazônia
 1653341887 ,e19865a6-8f7d-3190-8934-eb812acee191,  -10.104400 ,  -68.274350 ,2023-09-27 18:41:00,Brasil,ACRE,RIO BRANCO,Amazônia
 1653341888 ,b8b54f20-b5c1-3988-9502-562f98d27f5f,  -10.094360 ,  -68.017510 ,2023-09-27 18:41:00,Brasil,ACRE,RIO BRANCO,Amazônia
 1653341889 ,12e38dd2-a471-379d-b41a-b45503b98722,  -10.086430 ,  -68.029210 ,2023-09-27 18:41:00,Brasil,ACRE,RIO BRANCO,Amazônia
 1653341890 ,3ba76c7b-776a-3142-bc30-54b1240a72f1,  -10.084880 ,  -68.019000 ,2023-09-27 18:41:00,Brasil,ACRE,RIO BRANCO,Amazônia
 1653341891 ,988a5528-61ba-30ba-8e5b-90dd8c955d9d,   -9.984700 ,  -68.764500 ,2023-09-27 18:41:00,Brasil,ACRE,RIO BRANCO,Amazônia
 1653341892 ,c7ac4e7d-3524-323e-bbce-e9d2bac51c6e,   -9.894660 ,  -68.774410 ,2023-09-27 18:41:00,Brasil,ACRE,SENA MADUREIRA,Amazônia
 1653341893 ,9463cd80-59a2-3f63-8ad4-b62d876306b7,   -9.882590 ,  -68.756660 ,2023-09-27 18:41:00,Brasil,ACRE,SENA MADUREIRA,Amazônia
 1653341894 ,43814650-1af3-3801-b330-660e79ca68f2,   -9.514260 ,  -68.759380 ,2023-09-27 18:41:00,Brasil,ACRE,SENA MADUREIRA,Amazônia
 1653341895 ,7f6d59f6-bb16-3a09-84c3-bd1177046480,   -9.512800 ,  -68.749720 ,2023-09-27 18:41:00,Brasil,ACRE,SENA MADUREIRA,Amazônia
 1653341896 ,75c60656-4547-3943-ad12-5ff27b1e50cf,   -9.493050 ,  -68.493520 ,2023-09-27 18:41:00,Brasil,ACRE,SENA MADUREIRA,Amazônia
 1653341897 ,fb9d218d-b8bf-3627-b639-6b5b84c2322d,   -9.485230 ,  -68.504840 ,2023-09-27 18:41:00,Brasil,ACRE,SENA MADUREIRA,Amazônia
 1653341898 ,a1e30772-de91-3882-a448-51f95710624d,   -9.480180 ,  -68.582710 ,2023-09-27 18:41:00,Brasil,ACRE,SENA MADUREIRA,Amazônia
 1653341899 ,86034699-e4bf-3ded-bfcc-a5e261a5ec15,   -9.466540 ,  -68.554760 ,2023-09-27 18:41:00,Brasil,ACRE,SENA MADUREIRA,Amazônia
 1653341900 ,f3eb31ec-651f-3f96-a7cc-a0a1418ec78a,   -9.465080 ,  -68.544930 ,2023-09-27 18:41:00,Brasil,ACRE,SENA MADUREIRA,Amazônia
 1653341901 ,cf5689c4-ecb4-3db5-99ed-3534a2207a66,   -9.412240 ,  -68.573140 ,2023-09-27 18:41:00,Brasil,ACRE,SENA MADUREIRA,Amazônia
 1653341902 ,7d67379c-5d6a-312c-b1fb-500288c3e99c,   -9.387460 ,  -68.702320 ,2023-09-27 18:41:00,Brasil,ACRE,SENA MADUREIRA,Amazônia
 1653341903 ,5efc24d2-2239-3e66-8c6b-d02f2a6e9228,  -10.671380 ,  -68.535620 ,2023-09-27 18:38:00,Brasil,ACRE,XAPURI,Amazônia
 1653341904 ,82fcd604-ddd1-356d-b495-4bb121748fb3,  -10.642210 ,  -68.842640 ,2023-09-27 18:41:00,Brasil,ACRE,XAPURI,Amazônia
 1653341905 ,10ed7a89-8243-3b7a-8d0d-23e45b5e344b,  -10.640790 ,  -68.833180 ,2023-09-27 18:41:00,Brasil,ACRE,XAPURI,Amazônia
 1653341906 ,1f9e54a7-d8b7-34a8-8c20-88a3939ecc96,  -10.397870 ,  -69.062250 ,2023-09-27 18:41:00,Brasil,ACRE,XAPURI,Amazônia
 1653341907 ,130ff886-1c3c-3527-af1e-656c1e4dff43,  -10.396480 ,  -69.052930 ,2023-09-27 18:41:00,Brasil,ACRE,XAPURI,Amazônia
 1653341908 ,938539aa-9e11-3455-b538-182759038a47,  -10.303330 ,  -68.538570 ,2023-09-27 18:41:00,Brasil,ACRE,XAPURI,Amazônia
 1653341909 ,41724197-b516-3881-82c4-7fa1c9d4f927,  -10.280470 ,  -68.826600 ,2023-09-27 18:41:00,Brasil,ACRE,RIO BRANCO,Amazônia
 1653341910 ,2132da2f-bce1-3cf2-893a-6f3869406b11,  -10.268490 ,  -68.809030 ,2023-09-27 18:41:00,Brasil,ACRE,RIO BRANCO,Amazônia
 1653341911 ,d3658621-29c2-3420-925f-203f51a4e1a3,  -10.262440 ,  -68.643750 ,2023-09-27 18:41:00,Brasil,ACRE,RIO BRANCO,Amazônia
 1653341912 ,c72c8751-3427-3484-9b39-5b2d055010d3,  -10.261000 ,  -68.634150 ,2023-09-27 18:41:00,Brasil,ACRE,RIO BRANCO,Amazônia
 1653341913 ,9faaaa38-9696-3b33-b0cb-3c25aba6f34c,  -10.251800 ,  -68.635560 ,2023-09-27 18:41:00,Brasil,ACRE,RIO BRANCO,Amazônia
 1653341914 ,d2f26b82-f6f2-3abf-bb57-981a9a15e08e,  -10.249310 ,  -68.743760 ,2023-09-27 18:41:00,Brasil,ACRE,RIO BRANCO,Amazônia
 1653341915 ,52367a84-7b0d-3deb-97b2-977d1f7dc045,  -10.225130 ,  -68.763790 ,2023-09-27 18:41:00,Brasil,ACRE,RIO BRANCO,Amazônia
 1653341916 ,87b1cdd8-81f6-3a98-a0f2-c96a000ccd44,  -10.223030 ,  -69.063240 ,2023-09-27 18:41:00,Brasil,ACRE,RIO BRANCO,Amazônia
 1653341917 ,cf1eaa6b-4844-3063-8c24-0b5307fd7114,  -10.181910 ,  -68.662630 ,2023-09-27 18:41:00,Brasil,ACRE,RIO BRANCO,Amazônia
 1653341918 ,6f692de1-4913-3016-b7fd-814d31456b8c,  -10.059500 ,  -68.762680 ,2023-09-27 18:41:00,Brasil,ACRE,RIO BRANCO,Amazônia
 1653341919 ,95d2e787-9a70-386b-939d-e83f22909920,  -10.050350 ,  -68.890660 ,2023-09-27 18:41:00,Brasil,ACRE,SENA MADUREIRA,Amazônia
 1653341959 ,0ce46f86-6c8b-36e0-b327-1ecdbea0408a,  -11.054550 ,  -68.524420 ,2023-09-27 18:38:00,Brasil,ACRE,EPITACIOLÂNDIA,Amazônia
 1653341960 ,f3aa3235-0a2b-3409-868f-2d2d6e44c56d,  -11.053110 ,  -68.514860 ,2023-09-27 18:38:00,Brasil,ACRE,EPITACIOLÂNDIA,Amazônia
 1653341961 ,48c0d05b-0697-32d0-b97e-8f5f1369b178,  -10.941890 ,  -69.184400 ,2023-09-27 18:38:00,Brasil,ACRE,BRASILÉIA,Amazônia
 1653341962 ,33421176-572d-3a08-bbbf-b9561d8b62bd,  -10.916230 ,  -69.197810 ,2023-09-27 18:38:00,Brasil,ACRE,BRASILÉIA,Amazônia
 1653341971 ,b7b997a6-7d0b-3efc-8c53-8eb2621ec7cc,  -11.030770 ,  -68.429460 ,2023-09-27 18:38:00,Brasil,ACRE,EPITACIOLÂNDIA,Amazônia
 1653341972 ,ef35308d-98c5-32b5-9dfc-970dd363d0a6,  -11.029300 ,  -68.419820 ,2023-09-27 18:38:00,Brasil,ACRE,EPITACIOLÂNDIA,Amazônia
 1653342986 ,b173fd7f-bee0-3892-91c9-69f58d19673d,   -9.422310 ,  -69.000810 ,2023-09-27 18:41:00,Brasil,ACRE,SENA MADUREIRA,Amazônia
 1653342988 ,2f6a793d-5918-3cb7-878a-bef015bf11fb,   -8.620440 ,  -70.188880 ,2023-09-27 18:41:00,Brasil,ACRE,FEIJÓ,Amazônia
 1653342989 ,72d78061-81de-37b1-be4b-68bfe46aae62,   -8.560680 ,  -70.038540 ,2023-09-27 18:41:00,Brasil,ACRE,FEIJÓ,Amazônia
 1653342990 ,d4fa4050-3824-369d-b9b1-5cd85c17255f,   -8.451420 ,  -70.042110 ,2023-09-27 18:41:00,Brasil,ACRE,FEIJÓ,Amazônia
 1653342991 ,300287bc-341d-3996-9a27-f65728690143,   -8.384790 ,  -70.095640 ,2023-09-27 18:41:00,Brasil,ACRE,FEIJÓ,Amazônia
 1653342992 ,ebce0d6c-d169-352d-8771-0d3049506d93,   -8.359530 ,  -70.173140 ,2023-09-27 18:41:00,Brasil,ACRE,FEIJÓ,Amazônia
 1653342993 ,62389435-f8ed-33b9-baa4-e9f897110162,   -8.197230 ,  -70.136000 ,2023-09-27 18:41:00,Brasil,ACRE,FEIJÓ,Amazônia
 1653342994 ,f9afbcd3-15e4-3e63-a7b5-7a9686bca4b4,   -8.179600 ,  -70.203120 ,2023-09-27 18:41:00,Brasil,ACRE,FEIJÓ,Amazônia
 1653342995 ,0ad77cde-2daa-3208-8a1a-34b819763a20,   -8.130280 ,  -70.179260 ,2023-09-27 18:41:00,Brasil,ACRE,FEIJÓ,Amazônia
 1653342996 ,64222d7d-77ca-3552-aec6-ae2e5a6342e8,   -7.862780 ,  -70.118290 ,2023-09-27 18:41:00,Brasil,ACRE,FEIJÓ,Amazônia
 1653342997 ,6facbb57-da0a-3791-b297-5caed253afcb,   -8.670560 ,  -69.656420 ,2023-09-27 18:41:00,Brasil,ACRE,FEIJÓ,Amazônia
 1653342998 ,31f418de-3b9b-3112-93ee-704858685925,   -8.650140 ,  -69.953830 ,2023-09-27 18:41:00,Brasil,ACRE,FEIJÓ,Amazônia
 1653342999 ,33212991-356e-3913-930e-829bb4cb2d6f,   -8.599360 ,  -70.044650 ,2023-09-27 18:41:00,Brasil,ACRE,FEIJÓ,Amazônia
 1653343000 ,a244c3f4-1e55-3251-b377-eb0a68322e52,   -8.572520 ,  -70.119800 ,2023-09-27 18:41:00,Brasil,ACRE,FEIJÓ,Amazônia
 1653343001 ,fc92185d-05c2-3d03-aa69-5c9ce122bdcc,   -8.571210 ,  -70.110790 ,2023-09-27 18:41:00,Brasil,ACRE,FEIJÓ,Amazônia
 1653343002 ,9cdd404a-c4d1-364b-a8fa-84ebc1acefcf,   -8.537790 ,  -70.069680 ,2023-09-27 18:41:00,Brasil,ACRE,FEIJÓ,Amazônia
 1653343003 ,6c895389-b8f2-3483-9de4-5dff6aca99cf,   -8.536470 ,  -70.060650 ,2023-09-27 18:41:00,Brasil,ACRE,FEIJÓ,Amazônia
 1653343004 ,191a44c9-f15d-36a1-a8fc-ecebcb2a0279,   -8.527810 ,  -70.126500 ,2023-09-27 18:41:00,Brasil,ACRE,FEIJÓ,Amazônia
 1653343005 ,9aad07f0-4c0b-3752-9f35-8eb9c28424c2,   -8.518880 ,  -70.127850 ,2023-09-27 18:41:00,Brasil,ACRE,FEIJÓ,Amazônia
 1653343006 ,1498b73e-bc1c-3919-a45e-2703501a5208,   -8.452740 ,  -70.051150 ,2023-09-27 18:41:00,Brasil,ACRE,FEIJÓ,Amazônia
 1653343007 ,2964edc2-33e9-34c1-916c-4f6be182cada,   -8.393730 ,  -70.094310 ,2023-09-27 18:41:00,Brasil,ACRE,FEIJÓ,Amazônia
 1653343008 ,0fee4956-1292-3b59-a302-e51b7bb81487,   -8.335930 ,  -70.200720 ,2023-09-27 18:41:00,Brasil,ACRE,FEIJÓ,Amazônia
 1653343009 ,d8873442-a4b2-3cdc-9c21-5b6671e79260,   -8.325690 ,  -70.193050 ,2023-09-27 18:41:00,Brasil,ACRE,FEIJÓ,Amazônia
 1653343010 ,8759ff92-e5ff-328d-beae-308c260361ff,   -8.131590 ,  -70.188270 ,2023-09-27 18:41:00,Brasil,ACRE,FEIJÓ,Amazônia
 1653343011 ,b7585c48-923c-3edb-a090-d799bd7aba8e,   -8.126340 ,  -70.152210 ,2023-09-27 18:41:00,Brasil,ACRE,FEIJÓ,Amazônia
 1653343012 ,5230be3b-73c2-31fb-8e92-4040b66af029,   -7.864100 ,  -70.127330 ,2023-09-27 18:41:00,Brasil,ACRE,FEIJÓ,Amazônia
 1653343013 ,235db173-556b-36fc-8439-76d68899895b,   -9.061350 ,  -69.619480 ,2023-09-27 18:41:00,Brasil,ACRE,MANOEL URBANO,Amazônia
 1653343014 ,8241812e-f643-3dcc-85c5-4c70aeea655e,   -9.046130 ,  -69.452580 ,2023-09-27 18:41:00,Brasil,ACRE,MANOEL URBANO,Amazônia
 1653343015 ,2c099dd1-a48c-33e7-b752-1945c381e673,   -9.037090 ,  -69.453960 ,2023-09-27 18:41:00,Brasil,ACRE,MANOEL URBANO,Amazônia
 1653343016 ,3e238a7c-7356-37d8-8b6c-13b5a4c677f8,   -9.035730 ,  -69.444700 ,2023-09-27 18:41:00,Brasil,ACRE,MANOEL URBANO,Amazônia
 1653343017 ,6afa7f02-5ff7-33e1-9532-cd11210149ea,   -8.999320 ,  -69.260200 ,2023-09-27 18:41:00,Brasil,ACRE,MANOEL URBANO,Amazônia
 1653343018 ,a5b66387-c76a-3662-af1c-4d0cf3f7321c,   -8.997940 ,  -69.250850 ,2023-09-27 18:41:00,Brasil,ACRE,MANOEL URBANO,Amazônia
 1653343019 ,46e85952-61ce-3ea7-aa2a-d26be9951727,   -8.753620 ,  -69.590390 ,2023-09-27 18:41:00,Brasil,ACRE,MANOEL URBANO,Amazônia
 1653343020 ,e20a9820-22f9-3368-afb0-9d8ac1a8bd49,   -8.433870 ,  -70.244800 ,2023-09-27 18:41:00,Brasil,ACRE,FEIJÓ,Amazônia
 1653343021 ,235d68df-d7f0-3993-8158-3ffd224f61f1,   -9.839010 ,  -69.022320 ,2023-09-27 18:41:00,Brasil,ACRE,SENA MADUREIRA,Amazônia
 1653343022 ,9022a6c6-9f2f-3baa-8554-503bc04ef66b,  -10.682130 ,  -69.552060 ,2023-09-27 18:41:00,Brasil,ACRE,BRASILÉIA,Amazônia
 1653343023 ,da864c7f-c598-3911-ab08-c579884b3bae,  -10.680800 ,  -69.542950 ,2023-09-27 18:41:00,Brasil,ACRE,BRASILÉIA,Amazônia
 1653343024 ,6411ebc8-fce4-3b90-98fa-fc49efd70b1f,  -10.674200 ,  -69.310190 ,2023-09-27 18:41:00,Brasil,ACRE,BRASILÉIA,Amazônia
 1653343025 ,6ffe3b7b-01d7-3f78-84e7-c102818b450f,  -10.672850 ,  -69.300990 ,2023-09-27 18:41:00,Brasil,ACRE,BRASILÉIA,Amazônia
 1653343026 ,ab37804e-0a92-3873-b564-b0a32a52d40f,  -10.663280 ,  -69.610730 ,2023-09-27 18:41:00,Brasil,ACRE,BRASILÉIA,Amazônia
 1653343027 ,e708efe6-9085-39d8-bf6a-2e15b388c681,  -10.661940 ,  -69.601640 ,2023-09-27 18:41:00,Brasil,ACRE,BRASILÉIA,Amazônia
 1653343028 ,7afa2ce0-d0c0-30f4-8a83-817f40a4b9df,  -10.638230 ,  -69.315730 ,2023-09-27 18:41:00,Brasil,ACRE,BRASILÉIA,Amazônia
 1653343029 ,202aeaea-4c9b-363e-b545-788b387d034e,  -10.636870 ,  -69.306530 ,2023-09-27 18:41:00,Brasil,ACRE,BRASILÉIA,Amazônia
 1653343030 ,d8a81ec0-0b83-3978-8d8c-a3d3fe0004f4,  -10.635130 ,  -69.419300 ,2023-09-27 18:41:00,Brasil,ACRE,BRASILÉIA,Amazônia
 1653343031 ,0adb9a2a-1a30-3b79-aef2-447347f65f8b,  -10.605650 ,  -69.466930 ,2023-09-27 18:41:00,Brasil,ACRE,BRASILÉIA,Amazônia
 1653343032 ,f16d7285-d464-36e6-b713-76253fa8c648,  -10.600690 ,  -69.495680 ,2023-09-27 18:41:00,Brasil,ACRE,BRASILÉIA,Amazônia
 1653343033 ,4e6582b1-d764-3535-86b9-1b294315dbb6,  -10.596450 ,  -69.654410 ,2023-09-27 18:41:00,Brasil,ACRE,ASSIS BRASIL,Amazônia
 1653343034 ,02054945-e8a9-3723-a68d-ef4b178b4eed,  -10.595120 ,  -69.645330 ,2023-09-27 18:41:00,Brasil,ACRE,ASSIS BRASIL,Amazônia
 1653343035 ,0d6d3c7e-ab0c-327e-bc33-05fe8cf036b8,  -10.585030 ,  -69.451390 ,2023-09-27 18:41:00,Brasil,ACRE,BRASILÉIA,Amazônia
 1653343036 ,abdcff97-d2b1-39a3-95d0-ff2516df43cc,  -10.583690 ,  -69.442250 ,2023-09-27 18:41:00,Brasil,ACRE,BRASILÉIA,Amazônia
 1653343037 ,6412a2b1-e5b0-3d2d-aed1-5324264b1036,  -10.453850 ,  -69.252750 ,2023-09-27 18:41:00,Brasil,ACRE,RIO BRANCO,Amazônia
 1653343038 ,1c2b751e-3cc5-307a-8cf7-9e315c24a48a,  -10.095500 ,  -69.133220 ,2023-09-27 18:41:00,Brasil,ACRE,SENA MADUREIRA,Amazônia
 1653343039 ,aa455df9-4b44-3a46-8dcf-5653843ccb7e,  -10.094130 ,  -69.123910 ,2023-09-27 18:41:00,Brasil,ACRE,SENA MADUREIRA,Amazônia
 1653343040 ,0d1ca545-4d03-36bc-b4af-f1de78f14114,  -10.891070 ,  -69.470660 ,2023-09-27 18:38:00,Brasil,ACRE,ASSIS BRASIL,Amazônia
 1653343041 ,6cfc66a0-8aa6-3325-9fec-acffe78c1b4d,  -10.889370 ,  -69.396240 ,2023-09-27 18:38:00,Brasil,ACRE,BRASILÉIA,Amazônia
 1653343042 ,18f345b8-4a41-3e8b-a00e-c1c1eefb418b,  -10.860570 ,  -69.512600 ,2023-09-27 18:38:00,Brasil,ACRE,ASSIS BRASIL,Amazônia
 1653343043 ,e9833809-fe14-353e-b2d2-99d71eae2435,  -10.841790 ,  -69.697580 ,2023-09-27 18:38:00,Brasil,ACRE,ASSIS BRASIL,Amazônia
 1653343044 ,f2688970-a144-330c-8a00-ded0fdf8a6a9,  -10.840480 ,  -69.688510 ,2023-09-27 18:38:00,Brasil,ACRE,ASSIS BRASIL,Amazônia
 1653343045 ,ad490acf-080e-3b4f-a4c2-3888c4387f60,  -10.835440 ,  -69.590840 ,2023-09-27 18:38:00,Brasil,ACRE,BRASILÉIA,Amazônia
 1653343046 ,b14242a7-b293-3347-85f1-955cfde1761c,  -10.814900 ,  -69.388940 ,2023-09-27 18:38:00,Brasil,ACRE,BRASILÉIA,Amazônia
 1653343047 ,a54df1be-1d1e-3969-9392-39866a94e1c3,  -10.813550 ,  -69.379780 ,2023-09-27 18:38:00,Brasil,ACRE,BRASILÉIA,Amazônia
 1653343048 ,2796201c-afd4-3b54-a8e0-5f3656c4354a,  -10.792460 ,  -69.547260 ,2023-09-27 18:41:00,Brasil,ACRE,BRASILÉIA,Amazônia
 1653343049 ,7dcab5c5-a773-39a1-a132-6260d80ad06f,  -10.782880 ,  -69.669460 ,2023-09-27 18:41:00,Brasil,ACRE,BRASILÉIA,Amazônia
 1653343050 ,4e3d887a-3fdb-3d7b-baf3-3cc4463eb5e4,  -10.753570 ,  -69.469320 ,2023-09-27 18:41:00,Brasil,ACRE,ASSIS BRASIL,Amazônia
 1653343051 ,1cd89c3b-e796-3a29-b312-9b56b3c0857d,  -10.744600 ,  -69.470690 ,2023-09-27 18:41:00,Brasil,ACRE,ASSIS BRASIL,Amazônia
 1653343052 ,9f360631-46e3-3988-9208-82b6c8b02730,  -10.732220 ,  -69.581630 ,2023-09-27 18:41:00,Brasil,ACRE,BRASILÉIA,Amazônia
 1653343053 ,426b578c-d798-3122-ae82-4f557c5c9c72,  -10.730890 ,  -69.572540 ,2023-09-27 18:41:00,Brasil,ACRE,BRASILÉIA,Amazônia
 1653343054 ,2139473c-e64c-3727-83dc-93f5148e80dd,  -10.712270 ,  -69.444870 ,2023-09-27 18:41:00,Brasil,ACRE,ASSIS BRASIL,Amazônia
 1653343094 ,1bf7fe22-261c-34a2-a92f-73b58b1d025a,  -10.964280 ,  -69.712980 ,2023-09-27 18:38:00,Brasil,ACRE,ASSIS BRASIL,Amazônia
 1653343134 ,102aa2ef-080a-3667-8312-0325d0fd09b6,   -8.033320 ,  -70.338330 ,2023-09-27 18:41:00,Brasil,ACRE,FEIJÓ,Amazônia
 1653343135 ,27e20f45-af3c-302e-8d68-925a5b18e264,   -7.988410 ,  -70.280740 ,2023-09-27 18:41:00,Brasil,ACRE,FEIJÓ,Amazônia
 1653343136 ,2a67f6fa-eeb0-3187-bc64-fe67d38e97eb,   -7.987100 ,  -70.271740 ,2023-09-27 18:41:00,Brasil,ACRE,FEIJÓ,Amazônia
 1653343137 ,13bbdbfe-265f-3c6f-a73a-a269218e75ff,   -7.977920 ,  -70.398070 ,2023-09-27 18:41:00,Brasil,ACRE,FEIJÓ,Amazônia
 1653343138 ,56367d98-82e8-3664-a56f-8c054449ce9f,   -7.905760 ,  -70.215920 ,2023-09-27 18:41:00,Brasil,ACRE,FEIJÓ,Amazônia
 1653343139 ,211f4336-7670-30db-9854-ce8a2fd225bc,   -7.859210 ,  -70.596210 ,2023-09-27 18:41:00,Brasil,ACRE,TARAUACÁ,Amazônia
 1653343141 ,37d7f189-3714-3908-9fd3-243d1cc5d957,   -8.050750 ,  -70.207050 ,2023-09-27 18:41:00,Brasil,ACRE,FEIJÓ,Amazônia
 1653343146 ,661caec0-0a0c-3096-aba0-250abf8f4df8,   -8.032010 ,  -70.329350 ,2023-09-27 18:41:00,Brasil,ACRE,FEIJÓ,Amazônia
 1653343147 ,ab9de585-9ea4-3215-8c9f-0170bf4fd8ca,   -7.997340 ,  -70.279400 ,2023-09-27 18:41:00,Brasil,ACRE,FEIJÓ,Amazônia
 1653343148 ,e0dc1c9c-08c6-3bd1-8d3d-8e32550cc449,   -7.985550 ,  -70.387770 ,2023-09-27 18:41:00,Brasil,ACRE,FEIJÓ,Amazônia
 1653343149 ,d9797ab1-6edf-34b5-a8a8-01ba652a6dd8,   -7.984240 ,  -70.378790 ,2023-09-27 18:41:00,Brasil,ACRE,FEIJÓ,Amazônia
 1653343150 ,bccbe2c8-bc3e-30e1-8af8-3e2054477094,   -7.979220 ,  -70.407050 ,2023-09-27 18:41:00,Brasil,ACRE,FEIJÓ,Amazônia
 1653343151 ,c298a590-e335-3585-8fdb-e7bab7987a18,   -8.682660 ,  -70.491530 ,2023-09-27 18:41:00,Brasil,ACRE,FEIJÓ,Amazônia
 1653343152 ,bb9e1a44-b01a-3a85-aca7-47e613f18185,   -8.512540 ,  -70.336600 ,2023-09-27 18:41:00,Brasil,ACRE,FEIJÓ,Amazônia
 1653343153 ,99dd4d94-baf7-3ea0-9842-f0541df197f0,   -8.511240 ,  -70.327610 ,2023-09-27 18:41:00,Brasil,ACRE,FEIJÓ,Amazônia
 1653343154 ,d16a21e7-e93d-33e7-a6e3-78e1502bd679,   -8.496540 ,  -70.540570 ,2023-09-27 18:41:00,Brasil,ACRE,FEIJÓ,Amazônia
 1653343155 ,ad04606e-68d6-3a8e-bc94-67a07b681b85,   -8.480950 ,  -70.432980 ,2023-09-27 18:41:00,Brasil,ACRE,FEIJÓ,Amazônia
 1653343156 ,4bb717cb-59c1-36da-9cb7-062b77853eae,   -8.444660 ,  -70.444980 ,2023-09-27 18:41:00,Brasil,ACRE,FEIJÓ,Amazônia
 1653343157 ,de3e05d0-90d1-3295-9524-0bcb4c7a25b0,   -8.435740 ,  -70.446300 ,2023-09-27 18:41:00,Brasil,ACRE,FEIJÓ,Amazônia
 1653343158 ,2db56b8b-eaa8-33a3-8e6a-1d3551bedb93,   -8.392790 ,  -71.099900 ,2023-09-27 18:41:00,Brasil,ACRE,TARAUACÁ,Amazônia
 1653343159 ,da990f08-a74d-3885-b56d-a6e2ce36b6ac,   -8.391500 ,  -71.090880 ,2023-09-27 18:41:00,Brasil,ACRE,TARAUACÁ,Amazônia
 1653343160 ,8c5f6629-4b3f-3c69-8800-7b6954325a14,   -8.390210 ,  -71.081860 ,2023-09-27 18:41:00,Brasil,ACRE,TARAUACÁ,Amazônia
 1653343161 ,592d8dba-22d2-348c-9cc6-49a585b7241f,   -8.383120 ,  -70.334990 ,2023-09-27 18:41:00,Brasil,ACRE,FEIJÓ,Amazônia
 1653343162 ,76738504-f196-31db-a2df-521375a95e9b,   -8.351410 ,  -70.748230 ,2023-09-27 18:41:00,Brasil,ACRE,TARAUACÁ,Amazônia
 1653343163 ,679c2fdb-2ebd-37c2-b9d9-c00029e3c399,   -8.291000 ,  -71.228450 ,2023-09-27 18:41:00,Brasil,ACRE,TARAUACÁ,Amazônia
 1653343164 ,426e4739-2cf8-3ddf-bfd4-278f547bf622,   -8.275670 ,  -70.802600 ,2023-09-27 18:41:00,Brasil,ACRE,TARAUACÁ,Amazônia
 1653343165 ,954caa2c-756b-341d-a16a-2773f3c39dab,   -8.249410 ,  -70.876240 ,2023-09-27 18:41:00,Brasil,ACRE,TARAUACÁ,Amazônia
 1653343166 ,8283d221-85e2-3d06-8214-8ba2745bb7f9,   -8.180920 ,  -70.212120 ,2023-09-27 18:41:00,Brasil,ACRE,FEIJÓ,Amazônia
 1653343167 ,3915e2b6-0ec8-32d2-ab81-f2f924b1a3aa,   -8.122390 ,  -70.501640 ,2023-09-27 18:41:00,Brasil,ACRE,FEIJÓ,Amazônia
 1653343168 ,c519f449-6041-3e11-aa5c-3a626733b043,   -8.678910 ,  -71.622880 ,2023-09-27 18:41:00,Brasil,ACRE,JORDÃO,Amazônia
 1653343169 ,28a539a2-3e1c-3b3d-8e72-5de6b760c173,   -8.656890 ,  -71.597790 ,2023-09-27 18:41:00,Brasil,ACRE,TARAUACÁ,Amazônia
 1653343170 ,687a4e46-1d24-3f5c-a902-4f9d325b62a6,   -8.586180 ,  -71.492500 ,2023-09-27 18:41:00,Brasil,ACRE,TARAUACÁ,Amazônia
 1653343171 ,af862fad-9c07-37dc-b142-37f94f2177f9,   -8.171980 ,  -70.213460 ,2023-09-27 18:41:00,Brasil,ACRE,FEIJÓ,Amazônia
 1653343172 ,b2207515-895b-3dc8-8cc4-a21cdcbec592,   -8.077920 ,  -70.196280 ,2023-09-27 18:41:00,Brasil,ACRE,FEIJÓ,Amazônia
 1653343173 ,f4619ad1-4cca-36e3-b5ad-1e9b50419966,   -8.076610 ,  -70.187270 ,2023-09-27 18:41:00,Brasil,ACRE,FEIJÓ,Amazônia
 1653343174 ,17a4cbce-02c9-32be-b979-45da2ab1790c,   -9.099190 ,  -70.698540 ,2023-09-27 18:41:00,Brasil,ACRE,FEIJÓ,Amazônia
 1653343175 ,1a22b453-613e-3fc2-bbaf-429f085e9b55,   -8.925540 ,  -71.550080 ,2023-09-27 18:41:00,Brasil,ACRE,JORDÃO,Amazônia
 1653343176 ,113c32a6-ec3f-3418-ac39-9aad750ba905,   -8.924240 ,  -71.540860 ,2023-09-27 18:41:00,Brasil,ACRE,JORDÃO,Amazônia
 1653343177 ,7f219291-87d9-33c6-a2a7-f41ebddd9f65,   -8.891790 ,  -71.376620 ,2023-09-27 18:41:00,Brasil,ACRE,TARAUACÁ,Amazônia
 1653343178 ,2cfb0d33-0d35-3ac9-b542-1bc69a246b7a,   -8.704540 ,  -70.579880 ,2023-09-27 18:41:00,Brasil,ACRE,FEIJÓ,Amazônia
 1653343179 ,2e725849-3bcd-384e-94bf-3da0f22c3383,   -8.650320 ,  -70.530340 ,2023-09-27 18:41:00,Brasil,ACRE,FEIJÓ,Amazônia
 1653343180 ,5d44b41b-fed7-3e9a-b1a9-1b781d0fc587,   -8.528320 ,  -70.508380 ,2023-09-27 18:41:00,Brasil,ACRE,FEIJÓ,Amazônia
 1653343181 ,5b6130dc-c3f9-37bf-89be-859ad452698b,   -8.502310 ,  -70.328950 ,2023-09-27 18:41:00,Brasil,ACRE,FEIJÓ,Amazônia
 1653343182 ,d2d89e21-9e20-3548-bf3e-b61010fcc71d,   -8.445960 ,  -70.453940 ,2023-09-27 18:41:00,Brasil,ACRE,FEIJÓ,Amazônia
 1653343183 ,81f2c268-5fb8-3258-9a3e-fc2da4f7be77,   -8.430160 ,  -70.282100 ,2023-09-27 18:41:00,Brasil,ACRE,FEIJÓ,Amazônia
 1653343184 ,397987f7-d081-3d53-aa30-4a6a782d9fc6,   -8.360030 ,  -70.301730 ,2023-09-27 18:41:00,Brasil,ACRE,FEIJÓ,Amazônia
 1653343185 ,604f9493-e3a8-320a-a234-d9f46e71a46b,   -8.333530 ,  -70.247040 ,2023-09-27 18:41:00,Brasil,ACRE,FEIJÓ,Amazônia
 1653343186 ,769db5f0-5637-3174-8b8b-92e5679ab8de,   -8.286100 ,  -70.938430 ,2023-09-27 18:41:00,Brasil,ACRE,TARAUACÁ,Amazônia
 1653343187 ,139fa6b6-d04f-333a-b48f-28b50f72673f,   -8.284510 ,  -71.183280 ,2023-09-27 18:41:00,Brasil,ACRE,TARAUACÁ,Amazônia
 1653343188 ,eb176d78-3e5c-3e57-806b-76e389b3e781,   -8.234390 ,  -71.025120 ,2023-09-27 18:41:00,Brasil,ACRE,TARAUACÁ,Amazônia
 1653343189 ,26923999-c064-32f5-829d-3b74677305b3,   -8.131310 ,  -70.500310 ,2023-09-27 18:41:00,Brasil,ACRE,FEIJÓ,Amazônia
 1653343190 ,81b1cd02-2e43-32a3-86b8-60052c99457f,   -8.130010 ,  -70.491360 ,2023-09-27 18:41:00,Brasil,ACRE,FEIJÓ,Amazônia
 1653343191 ,2a3d73bb-1840-355b-aa38-a9144b9f2128,   -8.091300 ,  -70.350490 ,2023-09-27 18:41:00,Brasil,ACRE,FEIJÓ,Amazônia
 1653343192 ,ee3ebe44-335d-3fb8-80c7-56cb359834a2,   -8.014110 ,  -70.584930 ,2023-09-27 18:41:00,Brasil,ACRE,TARAUACÁ,Amazônia
 1653343193 ,0ec7d390-fdbb-30fe-b27b-8514bf55968f,   -7.961000 ,  -71.175960 ,2023-09-27 18:41:00,Brasil,ACRE,TARAUACÁ,Amazônia
 1653343194 ,c5b46c0e-b92d-3a9b-9b14-3afca3d4fb8d,   -9.233710 ,  -71.907440 ,2023-09-27 18:41:00,Brasil,ACRE,JORDÃO,Amazônia
 1653343195 ,a913bac9-5403-3ccf-96d9-83e36bce612b,   -9.232380 ,  -71.897920 ,2023-09-27 18:41:00,Brasil,ACRE,JORDÃO,Amazônia
 1653343196 ,ceb49e1e-5878-33af-8651-7364eae7a410,   -8.978940 ,  -71.273390 ,2023-09-27 18:41:00,Brasil,ACRE,FEIJÓ,Amazônia
 1653343197 ,fc61e039-c3a5-3041-8720-b6c5b9ce38d3,   -8.939280 ,  -71.322930 ,2023-09-27 18:41:00,Brasil,ACRE,FEIJÓ,Amazônia
 1653343198 ,54c9a603-7a45-3fab-b3ff-0e63de332f64,   -8.907190 ,  -71.355630 ,2023-09-27 18:41:00,Brasil,ACRE,FEIJÓ,Amazônia
 1653343199 ,29450cf9-ec86-3b0b-856e-5fc3879dd600,   -8.892140 ,  -71.504220 ,2023-09-27 18:41:00,Brasil,ACRE,JORDÃO,Amazônia
 1653343200 ,921dd0ea-e4ce-332b-be76-07368f14ffad,   -8.890490 ,  -71.367460 ,2023-09-27 18:41:00,Brasil,ACRE,TARAUACÁ,Amazônia
 1653343201 ,4b54df2a-5bd9-3753-9c50-4dd1fb950528,   -8.844100 ,  -71.361340 ,2023-09-27 18:41:00,Brasil,ACRE,TARAUACÁ,Amazônia
 1653343202 ,ff3d4be7-c11b-3698-a648-b0ddb9fec8a9,   -8.821580 ,  -71.853330 ,2023-09-27 18:41:00,Brasil,ACRE,JORDÃO,Amazônia
 1653343203 ,d7413aae-31b2-3c77-9996-de2aa2d96122,   -8.821500 ,  -70.630030 ,2023-09-27 18:41:00,Brasil,ACRE,FEIJÓ,Amazônia
 1653343204 ,d18b7c7f-f4b0-33dc-8066-57ba54386405,   -8.817580 ,  -71.825140 ,2023-09-27 18:41:00,Brasil,ACRE,TARAUACÁ,Amazônia
 1653343205 ,fdf17b36-9c6f-38a1-992f-08a07d6e090c,   -8.804120 ,  -71.274040 ,2023-09-27 18:41:00,Brasil,ACRE,TARAUACÁ,Amazônia
 1653343206 ,8523d050-ba8a-3247-8ec3-c609768d94a0,   -8.766690 ,  -71.075820 ,2023-09-27 18:41:00,Brasil,ACRE,TARAUACÁ,Amazônia
 1653343207 ,ee537e88-c500-34c8-a8e2-6db1a19ca601,   -8.746200 ,  -71.060380 ,2023-09-27 18:41:00,Brasil,ACRE,TARAUACÁ,Amazônia
 1653343208 ,364eedef-3b27-3ed5-aa98-89d37f070115,   -9.672810 ,  -71.563260 ,2023-09-27 18:41:00,Brasil,ACRE,FEIJÓ,Amazônia
 1653343209 ,022f17b2-f097-3068-ac1f-beb18bcb4576,   -9.671490 ,  -71.553890 ,2023-09-27 18:41:00,Brasil,ACRE,FEIJÓ,Amazônia
 1653343248 ,eb8fc197-d36a-378d-b939-b65cebdc7603,   -7.888270 ,  -72.473680 ,2023-09-27 18:41:00,Brasil,ACRE,CRUZEIRO DO SUL,Amazônia
 1653343249 ,92c10a9b-79ea-3f26-a54e-0b148850460e,   -7.886590 ,  -72.394940 ,2023-09-27 18:41:00,Brasil,ACRE,CRUZEIRO DO SUL,Amazônia
 1653343250 ,1174248c-cbdd-3498-b08a-99d89b93166f,   -7.865910 ,  -72.516590 ,2023-09-27 18:41:00,Brasil,ACRE,CRUZEIRO DO SUL,Amazônia
 1653343251 ,ae16f49a-f5d0-324a-906d-38395be6f28e,   -7.855570 ,  -72.899060 ,2023-09-27 18:41:00,Brasil,ACRE,RODRIGUES ALVES,Amazônia
 1653343252 ,7f8e5dcb-f331-35e5-88d8-4aac2024f2f3,   -7.829620 ,  -72.851200 ,2023-09-27 18:41:00,Brasil,ACRE,RODRIGUES ALVES,Amazônia
 1653343253 ,846e5708-ef4a-39ed-93ab-1574df73b510,   -7.824800 ,  -71.959630 ,2023-09-27 18:41:00,Brasil,ACRE,TARAUACÁ,Amazônia
 1653343254 ,9581cc43-19c0-3804-be1f-072170c14844,   -7.823480 ,  -71.950340 ,2023-09-27 18:41:00,Brasil,ACRE,TARAUACÁ,Amazônia
 1653343255 ,d40f0326-e602-3fc6-b8b5-0c7563d143d6,   -7.816460 ,  -72.297390 ,2023-09-27 18:41:00,Brasil,ACRE,CRUZEIRO DO SUL,Amazônia
 1653343256 ,990caf2c-eee2-3d3a-8e1b-0dd6f2b01817,   -7.801990 ,  -73.099760 ,2023-09-27 18:41:00,Brasil,ACRE,RODRIGUES ALVES,Amazônia
 1653343257 ,72cbb344-cebf-3be8-8a4c-1393894771b3,   -7.782890 ,  -73.102400 ,2023-09-27 18:41:00,Brasil,ACRE,RODRIGUES ALVES,Amazônia
 1653343258 ,c75f34f4-5627-3598-a555-d3fe4145f93d,   -7.781450 ,  -73.092060 ,2023-09-27 18:41:00,Brasil,ACRE,RODRIGUES ALVES,Amazônia
 1653343259 ,b573c65b-b4bc-3a97-83d3-e58bc4c776fc,   -7.672130 ,  -72.379270 ,2023-09-27 18:41:00,Brasil,ACRE,CRUZEIRO DO SUL,Amazônia
 1653343274 ,c717d706-f569-3fbe-878f-43a36f399313,   -7.892060 ,  -72.433580 ,2023-09-27 18:41:00,Brasil,ACRE,CRUZEIRO DO SUL,Amazônia
 1653343275 ,de955e5a-0cec-3b16-8140-1c299c69602e,   -7.886900 ,  -72.463970 ,2023-09-27 18:41:00,Brasil,ACRE,CRUZEIRO DO SUL,Amazônia
 1653343276 ,c1f22def-f59e-3b4f-acd5-4b6a9bc6fa3c,   -7.831030 ,  -72.861300 ,2023-09-27 18:41:00,Brasil,ACRE,RODRIGUES ALVES,Amazônia
 1653343277 ,f662050c-ccdc-3b81-aeda-47a1669d1c90,   -7.812160 ,  -72.863950 ,2023-09-27 18:41:00,Brasil,ACRE,RODRIGUES ALVES,Amazônia
 1653343278 ,675ffc05-3d0d-33c4-bebf-a5776640887b,   -7.803440 ,  -73.110100 ,2023-09-27 18:41:00,Brasil,ACRE,RODRIGUES ALVES,Amazônia
 1653343279 ,370c4ee0-d8da-3efb-898e-a1e0691a02e7,   -7.724010 ,  -72.297920 ,2023-09-27 18:41:00,Brasil,ACRE,CRUZEIRO DO SUL,Amazônia
 1653343280 ,25a4a8a1-57dc-37b4-a157-5730720abe5d,   -7.722680 ,  -72.288370 ,2023-09-27 18:41:00,Brasil,ACRE,CRUZEIRO DO SUL,Amazônia
 1653343281 ,cfd9d1fd-2601-3d5c-858c-3604f9cf5487,   -7.668300 ,  -72.419010 ,2023-09-27 18:41:00,Brasil,ACRE,CRUZEIRO DO SUL,Amazônia
 1653343282 ,72b92031-ccaf-34ba-a47f-b75d2b457364,   -7.666950 ,  -72.409410 ,2023-09-27 18:41:00,Brasil,ACRE,CRUZEIRO DO SUL,Amazônia
 1653343283 ,d32a06e2-c24e-37ce-a2f6-1d9172168b11,   -7.651180 ,  -72.431290 ,2023-09-27 18:41:00,Brasil,ACRE,CRUZEIRO DO SUL,Amazônia
 1653343289 ,4d11201b-a8a1-360a-b32e-288a886d98b9,   -9.205190 ,  -72.614500 ,2023-09-27 18:41:00,Brasil,ACRE,MARECHAL THAUMATURGO,Amazônia
 1653343290 ,1ceb4d31-b408-38df-a1de-017e474459f2,   -9.036130 ,  -72.339590 ,2023-09-27 18:41:00,Brasil,ACRE,MARECHAL THAUMATURGO,Amazônia
 1653343291 ,cc5e8629-90f4-357f-b4a8-e8336f99d476,   -8.984700 ,  -72.874130 ,2023-09-27 18:41:00,Brasil,ACRE,MARECHAL THAUMATURGO,Amazônia
 1653343292 ,21021159-6ba5-3a9d-8f32-03ddf8f3fe69,   -8.944400 ,  -72.588170 ,2023-09-27 18:41:00,Brasil,ACRE,MARECHAL THAUMATURGO,Amazônia
 1653343293 ,e7dde7ac-7f18-394b-ac5b-f7a492949fc8,   -8.936390 ,  -72.599520 ,2023-09-27 18:41:00,Brasil,ACRE,MARECHAL THAUMATURGO,Amazônia
 1653343294 ,8715f763-7547-35bf-b7ce-481806b77783,   -8.935400 ,  -72.456920 ,2023-09-27 18:41:00,Brasil,ACRE,MARECHAL THAUMATURGO,Amazônia
 1653343295 ,92d66b65-c16c-33b0-95f9-c317a0aa76c5,   -8.621790 ,  -72.388990 ,2023-09-27 18:41:00,Brasil,ACRE,PORTO WALTER,Amazônia
 1653343296 ,a760be5c-af79-3bcc-b19e-378f792f2ff3,   -8.620410 ,  -72.379230 ,2023-09-27 18:41:00,Brasil,ACRE,PORTO WALTER,Amazônia
 1653343297 ,253dfe88-32e5-3dcc-9bef-96d478da9796,   -8.232980 ,  -73.178990 ,2023-09-27 18:41:00,Brasil,ACRE,CRUZEIRO DO SUL,Amazônia
 1653343298 ,96986a20-9f46-32f2-94ff-a32cf3d2cb6c,   -8.229570 ,  -73.083200 ,2023-09-27 18:41:00,Brasil,ACRE,CRUZEIRO DO SUL,Amazônia
 1653343299 ,277de8a0-f9ff-34ca-a2bc-34cae4b2d393,   -8.228540 ,  -72.935760 ,2023-09-27 18:41:00,Brasil,ACRE,PORTO WALTER,Amazônia
 1653343300 ,37c84a07-0d6f-3f82-8465-123e35013618,   -8.022910 ,  -72.323750 ,2023-09-27 18:41:00,Brasil,ACRE,CRUZEIRO DO SUL,Amazônia
 1653343301 ,e59f95de-129e-3e11-8687-8bdf419b6a3a,   -8.017900 ,  -72.423000 ,2023-09-27 18:41:00,Brasil,ACRE,CRUZEIRO DO SUL,Amazônia
 1653343302 ,5ed864b7-f058-302f-8d47-8626d72ad479,   -8.016550 ,  -72.413310 ,2023-09-27 18:41:00,Brasil,ACRE,CRUZEIRO DO SUL,Amazônia
 1653343303 ,faed9117-b2ba-3ca0-9b95-9d6bdfa421a5,   -8.006710 ,  -72.530510 ,2023-09-27 18:41:00,Brasil,ACRE,CRUZEIRO DO SUL,Amazônia
 1653343304 ,61d8ba80-e554-344d-9759-56bcc07a5115,   -9.264220 ,  -72.059400 ,2023-09-27 18:41:00,Brasil,ACRE,JORDÃO,Amazônia
 1653343305 ,865f94a4-c2b0-3843-bdae-19888922ee9f,   -9.209960 ,  -72.718010 ,2023-09-27 18:41:00,Brasil,ACRE,MARECHAL THAUMATURGO,Amazônia
 1653343306 ,6815291f-2d1f-39fa-9068-0dd958010688,   -9.094350 ,  -71.959250 ,2023-09-27 18:41:00,Brasil,ACRE,JORDÃO,Amazônia
 1653343307 ,b03ec835-032e-3f33-96a8-97bc45a7b9d6,   -9.042970 ,  -72.388890 ,2023-09-27 18:41:00,Brasil,ACRE,MARECHAL THAUMATURGO,Amazônia
 1653343308 ,e03893d6-3278-3134-8550-ae9e7d68a1a1,   -9.037490 ,  -72.349450 ,2023-09-27 18:41:00,Brasil,ACRE,MARECHAL THAUMATURGO,Amazônia
 1653343309 ,cd4597e3-e468-30d0-bca6-741252696601,   -8.983240 ,  -72.863750 ,2023-09-27 18:41:00,Brasil,ACRE,MARECHAL THAUMATURGO,Amazônia
 1653343310 ,b4c20e7d-9e50-3945-847b-92488f955385,   -8.957400 ,  -72.569440 ,2023-09-27 18:41:00,Brasil,ACRE,MARECHAL THAUMATURGO,Amazônia
 1653343311 ,03bac598-a5b4-3bdb-ad9f-45712b528946,   -8.952390 ,  -72.576740 ,2023-09-27 18:41:00,Brasil,ACRE,MARECHAL THAUMATURGO,Amazônia
 1653343312 ,81a48605-3bd3-30cf-a13f-b3aee5a51b34,   -8.945820 ,  -72.598210 ,2023-09-27 18:41:00,Brasil,ACRE,MARECHAL THAUMATURGO,Amazônia
 1653343313 ,fad16c8c-c657-3950-b8b8-bd663f218375,   -8.936810 ,  -72.466850 ,2023-09-27 18:41:00,Brasil,ACRE,MARECHAL THAUMATURGO,Amazônia
 1653343314 ,63e1bf0e-e929-35c5-9502-04f6a161df0d,   -8.919930 ,  -72.550660 ,2023-09-27 18:41:00,Brasil,ACRE,MARECHAL THAUMATURGO,Amazônia
 1653343315 ,b497bf6c-7d7c-34e3-acad-02549fdbb163,   -8.918530 ,  -72.540680 ,2023-09-27 18:41:00,Brasil,ACRE,MARECHAL THAUMATURGO,Amazônia
 1653343316 ,e781058c-8f4d-30f7-b6fb-e4cad5b02572,   -8.912930 ,  -72.500750 ,2023-09-27 18:41:00,Brasil,ACRE,MARECHAL THAUMATURGO,Amazônia
 1653343317 ,24d6714a-a097-3383-8cc4-296581697543,   -8.605070 ,  -72.722720 ,2023-09-27 18:41:00,Brasil,ACRE,PORTO WALTER,Amazônia
 1653343318 ,cc0b7854-aadb-3fb9-a8a4-dd8f242ba797,   -8.510950 ,  -72.461630 ,2023-09-27 18:41:00,Brasil,ACRE,PORTO WALTER,Amazônia
 1653343319 ,102238ba-3fed-3446-b81a-a011f2e4c86e,   -8.282990 ,  -72.663560 ,2023-09-27 18:41:00,Brasil,ACRE,PORTO WALTER,Amazônia
 1653343320 ,67489231-7374-3d0a-ba0b-160d44e666ba,   -8.247790 ,  -72.798030 ,2023-09-27 18:41:00,Brasil,ACRE,PORTO WALTER,Amazônia
 1653343321 ,a4e25384-a356-3496-8dbe-6fd54b2f461b,   -8.228130 ,  -73.072780 ,2023-09-27 18:41:00,Brasil,ACRE,CRUZEIRO DO SUL,Amazônia
 1653343322 ,71b679c6-3b3c-3ae5-8106-907603a5c79c,   -8.226690 ,  -73.062400 ,2023-09-27 18:41:00,Brasil,ACRE,CRUZEIRO DO SUL,Amazônia
 1653343323 ,5ff667ff-abc3-3f2e-9982-3cd25e771094,   -8.176460 ,  -72.839260 ,2023-09-27 18:41:00,Brasil,ACRE,PORTO WALTER,Amazônia
 1653343324 ,2b1650b2-c6fc-36ea-a570-829ff9ec66fb,   -8.067980 ,  -72.376230 ,2023-09-27 18:41:00,Brasil,ACRE,CRUZEIRO DO SUL,Amazônia
 1653343325 ,90b39a81-4191-37ed-9c97-5e6a5119b224,   -8.024260 ,  -72.333360 ,2023-09-27 18:41:00,Brasil,ACRE,CRUZEIRO DO SUL,Amazônia
 1653343326 ,29c5dce7-39b8-35bf-904b-b0c4d29bc2a8,   -8.016370 ,  -72.344300 ,2023-09-27 18:41:00,Brasil,ACRE,CRUZEIRO DO SUL,Amazônia
 1653343327 ,ebcf2c44-7957-3de3-9004-7388fc667b2f,   -8.001800 ,  -72.307240 ,2023-09-27 18:41:00,Brasil,ACRE,CRUZEIRO DO SUL,Amazônia
 1653343328 ,4da3ff77-5479-3150-8c50-69de2225b069,   -8.000470 ,  -72.297650 ,2023-09-27 18:41:00,Brasil,ACRE,CRUZEIRO DO SUL,Amazônia
 1653343329 ,f20c7b6e-7352-30c2-a4c9-f2acf0cced9b,   -7.971970 ,  -72.485790 ,2023-09-27 18:41:00,Brasil,ACRE,CRUZEIRO DO SUL,Amazônia
 1653343330 ,cdf15ed2-7b19-3878-8a18-5afa2f3f85e0,   -7.968150 ,  -72.526130 ,2023-09-27 18:41:00,Brasil,ACRE,CRUZEIRO DO SUL,Amazônia
 1653343388 ,c5daded9-5054-3908-b4f2-0a3d4cdcca6a,   -7.835030 ,  -73.406150 ,2023-09-27 18:41:00,Brasil,ACRE,RODRIGUES ALVES,Amazônia
 1653343389 ,9844d74b-a177-3d8e-a2f2-d38f0268b89d,   -7.833540 ,  -73.395420 ,2023-09-27 18:41:00,Brasil,ACRE,RODRIGUES ALVES,Amazônia
 1653343390 ,4e3ec9f4-4291-30d0-9861-e2f5bac42ebb,   -7.782080 ,  -73.380940 ,2023-09-27 18:41:00,Brasil,ACRE,RODRIGUES ALVES,Amazônia
 1653343391 ,2d520cdf-809a-34dc-8305-d8285dc54163,   -7.778080 ,  -73.377080 ,2023-09-27 18:41:00,Brasil,ACRE,RODRIGUES ALVES,Amazônia
 1653343392 ,dc4818a6-631f-3dd9-9907-c153e065d85c,   -7.700010 ,  -73.312410 ,2023-09-27 18:41:00,Brasil,ACRE,MÂNCIO LIMA,Amazônia
 1653343393 ,333945a9-e332-3d85-a116-6d1f7c52231b,   -7.440440 ,  -73.497180 ,2023-09-27 18:41:00,Brasil,ACRE,MÂNCIO LIMA,Amazônia
 1653343394 ,6c387934-23f9-395e-b25b-5d9aed18d040,   -7.438090 ,  -73.196850 ,2023-09-27 18:41:00,Brasil,ACRE,MÂNCIO LIMA,Amazônia
 1653343395 ,a389a009-f12a-3a2e-b702-26f51abdea72,   -7.436640 ,  -73.186510 ,2023-09-27 18:41:00,Brasil,ACRE,MÂNCIO LIMA,Amazônia
 1653343396 ,87320da7-cd71-3a2b-ba6a-ded0053c3436,   -7.433640 ,  -73.519990 ,2023-09-27 18:41:00,Brasil,ACRE,MÂNCIO LIMA,Amazônia
 1653343397 ,31bc45a3-f914-32de-b230-4313768e688e,   -7.426330 ,  -73.466420 ,2023-09-27 18:41:00,Brasil,ACRE,MÂNCIO LIMA,Amazônia
 1653343398 ,52cf0b69-c3a9-3b2b-90fe-8564257cc50b,   -7.805880 ,  -73.410250 ,2023-09-27 18:41:00,Brasil,ACRE,RODRIGUES ALVES,Amazônia
 1653343399 ,a22fe48d-4c1b-3987-9ee1-5f6349dd405d,   -7.804410 ,  -73.399560 ,2023-09-27 18:41:00,Brasil,ACRE,RODRIGUES ALVES,Amazônia
 1653343400 ,8fc5d81e-8235-3a3f-9ec1-0e646049142d,   -7.779590 ,  -73.387720 ,2023-09-27 18:41:00,Brasil,ACRE,RODRIGUES ALVES,Amazônia
 1653343401 ,fa610083-06cd-3007-aac8-960e5753c11d,   -7.712590 ,  -73.332230 ,2023-09-27 18:41:00,Brasil,ACRE,RODRIGUES ALVES,Amazônia
 1653343402 ,25c882a0-2988-3299-8bcc-7304861bddbf,   -7.698550 ,  -73.301820 ,2023-09-27 18:41:00,Brasil,ACRE,MÂNCIO LIMA,Amazônia
 1653343403 ,76035751-a3eb-31bb-a201-f67417a67c95,   -7.499610 ,  -73.565700 ,2023-09-27 18:41:00,Brasil,ACRE,MÂNCIO LIMA,Amazônia
 1653343404 ,b876ca80-ca7a-3017-973e-4e9d6d55385e,   -7.472580 ,  -73.514500 ,2023-09-27 18:41:00,Brasil,ACRE,MÂNCIO LIMA,Amazônia
 1653343405 ,4c2b6495-51b8-3e3d-b3a9-3d8be9a1d43a,   -7.470370 ,  -73.427550 ,2023-09-27 18:41:00,Brasil,ACRE,MÂNCIO LIMA,Amazônia
 1653343406 ,0e389f4f-70b6-33d7-9da4-67779b6b72db,   -7.468880 ,  -73.416930 ,2023-09-27 18:41:00,Brasil,ACRE,MÂNCIO LIMA,Amazônia
 1653343407 ,44aad30e-1dc3-376b-aceb-dbf091a08a44,   -7.438970 ,  -73.486470 ,2023-09-27 18:41:00,Brasil,ACRE,MÂNCIO LIMA,Amazônia
 1653343408 ,47876503-9537-35ff-903c-a5cfa6f5e03a,   -7.423880 ,  -73.473310 ,2023-09-27 18:41:00,Brasil,ACRE,MÂNCIO LIMA,Amazônia
 1653343409 ,55495847-ebac-3975-9531-a5aac5a15491,   -7.396880 ,  -73.283460 ,2023-09-27 18:41:00,Brasil,ACRE,MÂNCIO LIMA,Amazônia
 1653343411 ,7cd7c2ce-ff85-30af-997e-db9f90986ff6,   -7.369670 ,  -73.160630 ,2023-09-27 18:41:00,Brasil,ACRE,MÂNCIO LIMA,Amazônia
 1653343412 ,2fba39ed-dcfc-36b1-bb46-e8b99e6d9c28,   -7.368220 ,  -73.150360 ,2023-09-27 18:41:00,Brasil,ACRE,MÂNCIO LIMA,Amazônia
 1653513368 ,8e2ff826-657b-3f5a-a4a8-a5cfb049758e,   -7.408930 ,  -73.002800 ,2023-09-28 19:23:00,Brasil,ACRE,MÂNCIO LIMA,Amazônia
 1653656624 ,4c58ab03-da05-3f75-98e8-62eac4f81fe5,  -10.224080 ,  -67.015400 ,2023-09-29 18:26:00,Brasil,ACRE,PLÁCIDO DE CASTRO,Amazônia
 1653656625 ,25e99ca5-636e-3c86-ad2c-72b5ac6f4003,  -10.222780 ,  -67.006330 ,2023-09-29 18:26:00,Brasil,ACRE,PLÁCIDO DE CASTRO,Amazônia
 1653656823 ,8805569c-16b9-3dcc-a1c7-ad0435d71ab3,   -9.753710 ,  -68.438170 ,2023-09-29 18:26:00,Brasil,ACRE,RIO BRANCO,Amazônia
 1653656824 ,1cc3cb5e-ab30-35d6-a3a4-0d02fb4ca411,  -10.769210 ,  -68.854830 ,2023-09-29 18:26:00,Brasil,ACRE,BRASILÉIA,Amazônia
 1653656825 ,861d3132-f44e-3700-a49f-d506ea957b29,  -10.767740 ,  -68.844220 ,2023-09-29 18:26:00,Brasil,ACRE,BRASILÉIA,Amazônia
 1653656827 ,1a283068-5df3-38ea-a8a3-b157514a9577,  -10.668470 ,  -68.065850 ,2023-09-29 18:26:00,Brasil,ACRE,XAPURI,Amazônia
 1653656828 ,8a73ee42-58bb-339e-b2a7-d4dd69d0dc12,  -10.667110 ,  -68.056170 ,2023-09-29 18:26:00,Brasil,ACRE,XAPURI,Amazônia
 1653656829 ,a1813d40-d204-3ae9-8761-8a1aae947f4e,  -10.666350 ,  -68.779820 ,2023-09-29 18:26:00,Brasil,ACRE,EPITACIOLÂNDIA,Amazônia
 1653656830 ,e4076488-168b-34ad-abf2-c73204769cc7,  -10.664900 ,  -68.769360 ,2023-09-29 18:26:00,Brasil,ACRE,XAPURI,Amazônia
 1653656831 ,65581baf-3525-349b-a889-d3a993969f3b,  -10.550720 ,  -68.887210 ,2023-09-29 18:26:00,Brasil,ACRE,XAPURI,Amazônia
 1653656832 ,8cc40ed7-2f23-3597-b878-bb9c2bdac6e6,  -10.534050 ,  -68.171420 ,2023-09-29 18:26:00,Brasil,ACRE,XAPURI,Amazônia
 1653656833 ,0bf04468-1837-3e45-ad05-a4b2fb0671d9,  -10.505610 ,  -67.899350 ,2023-09-29 18:26:00,Brasil,ACRE,CAPIXABA,Amazônia
 1653656834 ,3d54d463-bc8e-3609-ad4b-c58ec614eed7,  -10.504280 ,  -67.889810 ,2023-09-29 18:26:00,Brasil,ACRE,CAPIXABA,Amazônia
 1653656835 ,6235ce38-fa98-3b12-a299-94230eaae20a,  -10.497770 ,  -67.910250 ,2023-09-29 18:26:00,Brasil,ACRE,CAPIXABA,Amazônia
 1653656836 ,dfca2521-77ab-3555-8b01-676a320476d9,  -10.488600 ,  -67.911600 ,2023-09-29 18:26:00,Brasil,ACRE,CAPIXABA,Amazônia
 1653656837 ,ce6ed55c-3be4-3afb-a15d-69b8e486f8a2,  -10.485730 ,  -68.074730 ,2023-09-29 18:26:00,Brasil,ACRE,XAPURI,Amazônia
 1653656838 ,26f10f25-2c0e-33d0-89b2-f2aad1e0527d,  -10.430350 ,  -68.082680 ,2023-09-29 18:26:00,Brasil,ACRE,XAPURI,Amazônia
 1653656839 ,7af43fa9-fa1b-341c-9cff-d35a4f42898e,  -10.376910 ,  -67.959510 ,2023-09-29 18:26:00,Brasil,ACRE,CAPIXABA,Amazônia
 1653656840 ,1eec2985-79e8-37b0-ac9e-cf9640c4084c,  -10.375560 ,  -67.949970 ,2023-09-29 18:26:00,Brasil,ACRE,CAPIXABA,Amazônia
 1653656841 ,6e95d6f7-e2ca-3f6c-acfc-3432709f78f6,  -10.361630 ,  -68.777180 ,2023-09-29 18:26:00,Brasil,ACRE,RIO BRANCO,Amazônia
 1653656842 ,133e832a-2a7c-3e2e-a951-7508552b5989,  -10.256130 ,  -68.289140 ,2023-09-29 18:26:00,Brasil,ACRE,RIO BRANCO,Amazônia
 1653656843 ,0ba696c6-c3db-3341-b02d-7d764708ee63,  -10.174530 ,  -68.367940 ,2023-09-29 18:26:00,Brasil,ACRE,RIO BRANCO,Amazônia
 1653656844 ,27d6f130-2c18-3ca0-9af2-8ccb2f09adba,  -10.168190 ,  -68.364330 ,2023-09-29 18:26:00,Brasil,ACRE,RIO BRANCO,Amazônia
 1653656845 ,69a45997-f49f-3b16-99b4-8a0303f6b27d,  -10.166800 ,  -68.354460 ,2023-09-29 18:26:00,Brasil,ACRE,RIO BRANCO,Amazônia
 1653656846 ,344ba761-745b-335a-bee0-05c6f7d79ad2,  -10.107930 ,  -68.272830 ,2023-09-29 18:26:00,Brasil,ACRE,RIO BRANCO,Amazônia
 1653656847 ,9fa5e862-a77b-3292-aca4-ccad64d43c23,  -10.063050 ,  -67.819730 ,2023-09-29 18:26:00,Brasil,ACRE,RIO BRANCO,Amazônia
 1653656891 ,d3a554b3-87cf-3111-9dc3-e4001af29776,  -10.924240 ,  -68.404590 ,2023-09-29 18:26:00,Brasil,ACRE,XAPURI,Amazônia
 1653656892 ,23c15e21-d7fd-3d34-9e2a-0188ba322c52,  -10.816720 ,  -68.820870 ,2023-09-29 18:26:00,Brasil,ACRE,BRASILÉIA,Amazônia
 1653657181 ,733b3a1c-2947-3eaa-8a5f-25d0baba2920,  -10.927190 ,  -69.337750 ,2023-09-29 18:26:00,Brasil,ACRE,BRASILÉIA,Amazônia
 1653657182 ,53291554-03c1-312c-830f-4d05fc4dc6d8,  -10.909600 ,  -69.282940 ,2023-09-29 18:26:00,Brasil,ACRE,BRASILÉIA,Amazônia
 1653657183 ,1477a789-870e-3d37-83f0-745662937ed1,  -10.908070 ,  -69.271770 ,2023-09-29 18:26:00,Brasil,ACRE,BRASILÉIA,Amazônia
 1653657184 ,57f95432-471f-318a-8b05-5ec9aef5e689,  -10.894380 ,  -69.469760 ,2023-09-29 18:26:00,Brasil,ACRE,ASSIS BRASIL,Amazônia
 1653657185 ,9d903f1e-3644-3605-8118-6a8ff789e8de,  -10.892850 ,  -69.458300 ,2023-09-29 18:26:00,Brasil,ACRE,ASSIS BRASIL,Amazônia
 1653657186 ,38aa4717-5929-32ab-8b51-7e5adba3bc75,  -10.859110 ,  -69.657630 ,2023-09-29 18:26:00,Brasil,ACRE,BRASILÉIA,Amazônia
 1653657187 ,9cd8ce65-4e98-372e-86e1-077d127cd9d3,  -10.848640 ,  -69.505050 ,2023-09-29 18:26:00,Brasil,ACRE,ASSIS BRASIL,Amazônia
 1653772505 ,b934eede-7887-3d9d-8d4f-847bceffdb02,  -10.418400 ,  -68.786890 ,2023-09-30 19:06:00,Brasil,ACRE,XAPURI,Amazônia
 1641478390 ,66088b49-0dd0-3370-8c2f-3d877c02c39f,  -10.023280 ,  -66.845020 ,2023-08-01 18:13:00,Brasil,ACRE,ACRELÂNDIA,Amazônia
 1641478426 ,ff6e6e31-06b6-37f8-bc40-38ecfdc53ab1,   -9.348650 ,  -68.437770 ,2023-08-01 18:13:00,Brasil,ACRE,SENA MADUREIRA,Amazônia
 1641478427 ,d56ea597-6a32-3fe1-990f-8b6028505944,   -9.345730 ,  -68.443660 ,2023-08-01 18:13:00,Brasil,ACRE,SENA MADUREIRA,Amazônia
 1641478430 ,e611a1b6-76e6-351a-8bce-608b9d6f6567,   -9.290540 ,  -68.277640 ,2023-08-01 18:13:00,Brasil,ACRE,BUJARI,Amazônia
 1641479037 ,3114aff9-699c-3f38-b67f-7fd707c2e15c,   -8.812890 ,  -69.591150 ,2023-08-01 18:13:00,Brasil,ACRE,MANOEL URBANO,Amazônia
 1641479038 ,bfa7b952-3640-37cc-96df-56ec4d3416a7,   -8.810800 ,  -69.575310 ,2023-08-01 18:13:00,Brasil,ACRE,MANOEL URBANO,Amazônia
 1641479039 ,23942921-f002-3709-8ecd-a528288d1efd,   -8.794260 ,  -69.450360 ,2023-08-01 18:13:00,Brasil,ACRE,MANOEL URBANO,Amazônia
 1641479040 ,89e92be9-098c-3e49-9aef-90c98e0c1635,   -8.050750 ,  -69.960720 ,2023-08-01 18:13:00,Brasil,ACRE,FEIJÓ,Amazônia
 1641479041 ,79b63902-443a-36c0-8114-5cd29680bbc6,   -8.038920 ,  -69.962310 ,2023-08-01 18:13:00,Brasil,ACRE,FEIJÓ,Amazônia
 1641479042 ,d0014705-a147-34ea-a781-2ccc78e65bd0,   -9.990540 ,  -69.054760 ,2023-08-01 18:13:00,Brasil,ACRE,SENA MADUREIRA,Amazônia
 1641479065 ,3439717f-81b5-39b3-b0cb-9dc5ba0b2237,   -9.224320 ,  -71.805700 ,2023-08-01 18:13:00,Brasil,ACRE,JORDÃO,Amazônia
 1641479066 ,ecb427f5-74e1-3585-a60f-3c63d72732b7,   -9.219920 ,  -71.811120 ,2023-08-01 18:13:00,Brasil,ACRE,JORDÃO,Amazônia
 1641479067 ,152c22ef-7db8-3b80-bd67-9aae813e3438,   -9.216850 ,  -71.787190 ,2023-08-01 18:13:00,Brasil,ACRE,JORDÃO,Amazônia
 1641479068 ,f7341d6e-41ee-3ec7-a4a1-3c0843741794,   -9.673900 ,  -71.526430 ,2023-08-01 18:13:00,Brasil,ACRE,FEIJÓ,Amazônia
 1641479075 ,ee2bd5da-7547-34dc-875f-25757e2c80ee,   -7.819670 ,  -72.362890 ,2023-08-01 18:15:00,Brasil,ACRE,CRUZEIRO DO SUL,Amazônia
 1641479076 ,1a388580-7292-3f81-9ce7-e4289ed7c08d,   -7.805360 ,  -72.364740 ,2023-08-01 18:15:00,Brasil,ACRE,CRUZEIRO DO SUL,Amazônia
 1641479077 ,074c81bc-cadf-3189-a6d9-30270c5f0837,   -7.802140 ,  -72.339710 ,2023-08-01 18:15:00,Brasil,ACRE,CRUZEIRO DO SUL,Amazônia
 1641479085 ,7842b118-9ed7-3345-85cb-eec3583d48d5,   -8.545660 ,  -72.824040 ,2023-08-01 18:13:00,Brasil,ACRE,PORTO WALTER,Amazônia
 1641479086 ,e4a32181-b273-36df-af66-b7bd28d9bb8d,   -8.544730 ,  -72.816960 ,2023-08-01 18:13:00,Brasil,ACRE,PORTO WALTER,Amazônia
 1641479087 ,bd92e2ec-37fe-3eb4-999e-1c2cc4e97ea7,   -8.542020 ,  -72.795960 ,2023-08-01 18:13:00,Brasil,ACRE,PORTO WALTER,Amazônia
 1641479088 ,532813fc-f499-338d-9b98-6d3b913782df,   -8.541290 ,  -72.788800 ,2023-08-01 18:13:00,Brasil,ACRE,PORTO WALTER,Amazônia
 1641791818 ,d75e1f49-2975-3837-b7fb-da9611256986,   -8.499650 ,  -70.615460 ,2023-08-02 18:58:00,Brasil,ACRE,FEIJÓ,Amazônia
 1641791820 ,d750c798-8fb2-32a8-a043-9ea4a11ae087,   -8.496560 ,  -71.439440 ,2023-08-02 18:58:00,Brasil,ACRE,TARAUACÁ,Amazônia
 1641791821 ,396abe20-df48-3fd9-add5-cb4b36428076,   -8.455220 ,  -70.783800 ,2023-08-02 18:58:00,Brasil,ACRE,TARAUACÁ,Amazônia
 1641791822 ,8ff4bf32-446c-3a9f-8779-18c983a3b54f,   -8.419790 ,  -71.145230 ,2023-08-02 18:58:00,Brasil,ACRE,TARAUACÁ,Amazônia
 1641791823 ,da6d6953-fd8c-36fb-ab0e-69523c2bd440,   -8.284460 ,  -71.080770 ,2023-08-02 18:58:00,Brasil,ACRE,TARAUACÁ,Amazônia
 1641791824 ,0efc195b-3eee-38d3-bee4-c5a8454a70e5,   -8.273870 ,  -71.082460 ,2023-08-02 18:58:00,Brasil,ACRE,TARAUACÁ,Amazônia
 1641791829 ,383853c0-7b97-3049-b4b4-eab9f3d230f8,   -8.098920 ,  -72.802580 ,2023-08-02 18:58:00,Brasil,ACRE,CRUZEIRO DO SUL,Amazônia
 1641791830 ,cde6367a-d098-3537-8696-3e696b0ecca4,   -8.079090 ,  -72.407900 ,2023-08-02 18:58:00,Brasil,ACRE,CRUZEIRO DO SUL,Amazônia
 1641791832 ,d87cb236-a1fd-3d48-a927-20c872416b9d,   -8.077480 ,  -72.397140 ,2023-08-02 18:58:00,Brasil,ACRE,CRUZEIRO DO SUL,Amazônia
 1641791834 ,33579139-6ac8-3f42-a07c-c1716b54b012,   -8.066090 ,  -72.453810 ,2023-08-02 18:58:00,Brasil,ACRE,CRUZEIRO DO SUL,Amazônia
 1641791835 ,8a17b3a5-5c76-3693-bf64-e29228ffc58b,   -8.064480 ,  -72.443100 ,2023-08-02 18:58:00,Brasil,ACRE,CRUZEIRO DO SUL,Amazônia
 1641791836 ,d5b079c2-d37c-329b-b0e8-96b81a15ff21,   -8.049910 ,  -72.672490 ,2023-08-02 18:58:00,Brasil,ACRE,CRUZEIRO DO SUL,Amazônia
 1641791837 ,f1117e86-7b7d-3356-af9e-c4a6212aaf52,   -7.953640 ,  -72.455880 ,2023-08-02 18:58:00,Brasil,ACRE,CRUZEIRO DO SUL,Amazônia
 1641791839 ,c1d41450-fad7-369c-838a-c59f76ffedb1,   -7.913500 ,  -72.125120 ,2023-08-02 18:58:00,Brasil,ACRE,TARAUACÁ,Amazônia
 1641791840 ,e75db2da-f828-32b4-9da3-f9189fd3b4c4,   -7.891550 ,  -71.646450 ,2023-08-02 18:58:00,Brasil,ACRE,TARAUACÁ,Amazônia
 1641791841 ,2a84ecb2-2996-379a-975f-ead53cf68eea,   -7.878610 ,  -73.052750 ,2023-08-02 18:58:00,Brasil,ACRE,RODRIGUES ALVES,Amazônia
 1641791842 ,4296abf8-7ebc-380f-b403-e5729e44f252,   -7.877110 ,  -73.042710 ,2023-08-02 18:58:00,Brasil,ACRE,RODRIGUES ALVES,Amazônia
 1641791843 ,48655b06-0ec7-37a5-9d3e-6fbfd599ecff,   -7.873420 ,  -72.887750 ,2023-08-02 18:58:00,Brasil,ACRE,RODRIGUES ALVES,Amazônia
 1641791844 ,dba5bec6-8b42-328d-b369-4b99fc483610,   -7.865130 ,  -72.342410 ,2023-08-02 18:58:00,Brasil,ACRE,CRUZEIRO DO SUL,Amazônia
 1641791846 ,446f0a60-a47d-3f9a-ad24-06b7e1933234,   -7.693850 ,  -73.114040 ,2023-08-02 18:58:00,Brasil,ACRE,MÂNCIO LIMA,Amazônia
 1641791847 ,79e1b7cd-4bc8-350d-8949-844f62879928,   -7.692350 ,  -73.104000 ,2023-08-02 18:58:00,Brasil,ACRE,MÂNCIO LIMA,Amazônia
 1641791850 ,2d5c8097-9d3b-33d5-b10d-d09f014ace09,   -7.657330 ,  -72.319500 ,2023-08-02 18:58:00,Brasil,ACRE,CRUZEIRO DO SUL,Amazônia
 1641791852 ,670cd640-46c0-3e90-bc4e-21757e767c9b,   -7.655660 ,  -72.308470 ,2023-08-02 18:58:00,Brasil,ACRE,CRUZEIRO DO SUL,Amazônia
 1641791858 ,09e0fb64-57be-33e6-9c63-45fe6b871a70,   -7.414400 ,  -73.154110 ,2023-08-02 18:58:00,Brasil,ACRE,MÂNCIO LIMA,Amazônia
 1641792807 ,1a931e97-f434-3785-8f1c-007a5a35dc92,   -9.184170 ,  -72.665150 ,2023-08-02 18:58:00,Brasil,ACRE,MARECHAL THAUMATURGO,Amazônia
 1641792808 ,603bc57d-a8b6-3e03-b9e0-26f3cd1cfcfe,   -9.182640 ,  -72.655000 ,2023-08-02 18:58:00,Brasil,ACRE,MARECHAL THAUMATURGO,Amazônia
 1641792810 ,5fa9f14d-c254-3c54-b1b9-6cab2efdd614,   -9.060260 ,  -72.264410 ,2023-08-02 18:58:00,Brasil,ACRE,MARECHAL THAUMATURGO,Amazônia
 1641792811 ,78869b7a-4067-3767-a90e-ea8e96ec4992,   -9.011200 ,  -70.566380 ,2023-08-02 18:58:00,Brasil,ACRE,FEIJÓ,Amazônia
 1641792812 ,1a05ea47-ee3a-36c7-a2a6-d6fe026ffc67,   -8.953180 ,  -72.844230 ,2023-08-02 18:58:00,Brasil,ACRE,MARECHAL THAUMATURGO,Amazônia
 1641792813 ,f02dd207-b967-302c-92f3-3135c5eac5a4,   -8.923020 ,  -72.577940 ,2023-08-02 18:58:00,Brasil,ACRE,MARECHAL THAUMATURGO,Amazônia
 1641792814 ,8bee1f3d-e253-3a2b-987f-1b2e8668d08a,   -8.812910 ,  -71.130070 ,2023-08-02 18:58:00,Brasil,ACRE,FEIJÓ,Amazônia
 1641792816 ,c412889f-89ff-3b5e-9bd4-16e106beaed5,   -8.806330 ,  -71.123570 ,2023-08-02 18:58:00,Brasil,ACRE,FEIJÓ,Amazônia
 1641792817 ,35cedf6c-79c6-3228-bb3e-6b4c4d141e0e,   -8.674850 ,  -71.607570 ,2023-08-02 18:58:00,Brasil,ACRE,TARAUACÁ,Amazônia
 1641792818 ,bc05f435-bd08-3309-9cd7-115a979f9008,   -8.654940 ,  -69.782320 ,2023-08-02 18:58:00,Brasil,ACRE,FEIJÓ,Amazônia
 1641792819 ,dd1f07a1-c5d5-349c-b5bd-6318f0ec59cd,   -8.616260 ,  -69.690190 ,2023-08-02 18:58:00,Brasil,ACRE,FEIJÓ,Amazônia
 1641792820 ,cc2ae668-d455-32a8-8f58-5f6b9aa2fc12,   -8.540580 ,  -72.808480 ,2023-08-02 18:58:00,Brasil,ACRE,PORTO WALTER,Amazônia
 1641792821 ,1674b858-7739-3489-8fd4-38b3d26c1147,   -8.504430 ,  -71.444920 ,2023-08-02 18:58:00,Brasil,ACRE,TARAUACÁ,Amazônia
 1641792822 ,7d48c3c1-ebf3-36a8-8a7d-e56af5cf380f,   -8.502520 ,  -71.432750 ,2023-08-02 18:58:00,Brasil,ACRE,TARAUACÁ,Amazônia
 1641948789 ,0161a2d9-26f4-3a18-9149-e9700d1aa6b0,   -8.835880 ,  -69.409360 ,2023-08-03 18:00:00,Brasil,ACRE,MANOEL URBANO,Amazônia
 1641948791 ,6c4e8eda-170f-38ed-9a67-81181c34eaf3,   -8.801910 ,  -71.025000 ,2023-08-03 18:00:00,Brasil,ACRE,FEIJÓ,Amazônia
 1641948792 ,8ed21acc-c6fc-3d01-860d-45e524d0c783,   -8.800560 ,  -71.029170 ,2023-08-03 18:00:00,Brasil,ACRE,FEIJÓ,Amazônia
 1642126905 ,524bfd89-9e49-3e98-978e-91499dab8ff1,  -10.082020 ,  -67.066470 ,2023-08-04 18:41:00,Brasil,ACRE,ACRELÂNDIA,Amazônia
 1642126906 ,65958d8a-9cc8-3c4f-875c-884d6ba3c054,  -10.075180 ,  -67.159480 ,2023-08-04 18:41:00,Brasil,ACRE,PLÁCIDO DE CASTRO,Amazônia
 1642127316 ,45a3019e-60a0-3599-a0f7-197ae0250fa2,   -9.475440 ,  -71.304270 ,2023-08-04 18:41:00,Brasil,ACRE,FEIJÓ,Amazônia
 1642127318 ,39b8e8d3-ad99-3bcf-8354-d9d0f08815f3,   -9.447920 ,  -70.482910 ,2023-08-04 18:41:00,Brasil,ACRE,SANTA ROSA DO PURUS,Amazônia
 1642127319 ,1f6b11c0-96a6-3c7f-ae43-d7757a76e26a,   -9.287800 ,  -70.962620 ,2023-08-04 18:41:00,Brasil,ACRE,FEIJÓ,Amazônia
 1642127324 ,7f508359-9386-3b1f-a07e-6432e518eb91,   -8.977720 ,  -72.858380 ,2023-08-04 18:41:00,Brasil,ACRE,MARECHAL THAUMATURGO,Amazônia
 1642127325 ,4aeba4be-b607-3ec3-aea0-5cc7f19e1476,   -8.953330 ,  -70.559940 ,2023-08-04 18:41:00,Brasil,ACRE,FEIJÓ,Amazônia
 1642127327 ,12de0819-c12d-3a76-9a31-f01ce5f6ffb9,   -8.944350 ,  -70.561290 ,2023-08-04 18:41:00,Brasil,ACRE,FEIJÓ,Amazônia
 1642127328 ,731eedff-9667-3f5e-b6a7-2b7a5da4a364,   -8.927490 ,  -71.270140 ,2023-08-04 18:41:00,Brasil,ACRE,FEIJÓ,Amazônia
 1642127330 ,fe74a7bb-e2b4-3dfb-9089-74b7ef3cf6e3,   -8.813070 ,  -72.728840 ,2023-08-04 18:41:00,Brasil,ACRE,MARECHAL THAUMATURGO,Amazônia
 1642127331 ,4ee1db96-e1c1-3cfd-a25a-74df31c1d889,   -8.803910 ,  -72.730150 ,2023-08-04 18:41:00,Brasil,ACRE,MARECHAL THAUMATURGO,Amazônia
 1642127332 ,30fcf10a-3737-37c2-bdce-701289b2c889,   -8.647450 ,  -70.926190 ,2023-08-04 18:41:00,Brasil,ACRE,FEIJÓ,Amazônia
 1642127333 ,1fce34a3-c7ac-3fe5-82ea-d4823f0b42b9,   -8.646140 ,  -70.917180 ,2023-08-04 18:41:00,Brasil,ACRE,FEIJÓ,Amazônia
 1642127334 ,daa87d15-49f7-3c8d-8ba4-71865b5e1836,   -8.520730 ,  -72.808400 ,2023-08-04 18:41:00,Brasil,ACRE,PORTO WALTER,Amazônia
 1642127335 ,72c1b4af-b587-3b1d-8d4e-5da06864ac1a,   -8.517310 ,  -71.425320 ,2023-08-04 18:41:00,Brasil,ACRE,TARAUACÁ,Amazônia
 1642127336 ,fbe608b6-5c31-3c2f-b416-c00e55a50429,   -8.446380 ,  -72.738880 ,2023-08-04 18:41:00,Brasil,ACRE,PORTO WALTER,Amazônia
 1642127337 ,e084e6a6-b05a-31b8-a0e2-a2d5ddf629c9,   -8.438670 ,  -71.333730 ,2023-08-04 18:41:00,Brasil,ACRE,TARAUACÁ,Amazônia
 1642127338 ,b9eca77e-48ba-30f9-96c0-38e3ccafd587,   -8.437380 ,  -71.324780 ,2023-08-04 18:41:00,Brasil,ACRE,TARAUACÁ,Amazônia
 1642127339 ,8b5e8a92-5919-3baa-9659-29a3d1bef092,   -8.271500 ,  -72.738040 ,2023-08-04 18:41:00,Brasil,ACRE,PORTO WALTER,Amazônia
 1642127340 ,d644f1ea-62db-3edc-aa46-afcfd9b0e354,   -8.227010 ,  -73.070050 ,2023-08-04 18:41:00,Brasil,ACRE,CRUZEIRO DO SUL,Amazônia
 1642127341 ,9f7b8ff0-4152-34f1-a77a-928b658e7ef6,   -8.221580 ,  -73.031620 ,2023-08-04 18:41:00,Brasil,ACRE,CRUZEIRO DO SUL,Amazônia
 1642127342 ,851d88b4-e067-3687-913d-a2d3e4d07b3b,   -8.054260 ,  -72.440720 ,2023-08-04 18:41:00,Brasil,ACRE,CRUZEIRO DO SUL,Amazônia
 1642127343 ,8dd10bb8-2d11-3b42-a7d2-a6b7404c94da,   -7.873110 ,  -73.037890 ,2023-08-04 18:41:00,Brasil,ACRE,RODRIGUES ALVES,Amazônia
 1642127344 ,81972785-277c-34a6-84f9-a24daadff037,   -7.864960 ,  -72.340450 ,2023-08-04 18:41:00,Brasil,ACRE,CRUZEIRO DO SUL,Amazônia
 1642127345 ,395372ac-c714-3660-adb0-426bc4569110,   -7.850950 ,  -73.080040 ,2023-08-04 18:41:00,Brasil,ACRE,RODRIGUES ALVES,Amazônia
 1642127346 ,6b0da186-ca84-3113-9a37-6622477a19eb,   -7.827030 ,  -70.864930 ,2023-08-04 18:41:00,Brasil,ACRE,TARAUACÁ,Amazônia
 1642127347 ,e1d78138-41c4-313b-88fe-5e66c1bc51b1,   -7.746550 ,  -73.062610 ,2023-08-04 18:41:00,Brasil,ACRE,RODRIGUES ALVES,Amazônia
 1642127348 ,4111f48f-2323-38ef-a942-4f1232a8d547,   -7.652870 ,  -73.247900 ,2023-08-04 18:41:00,Brasil,ACRE,MÂNCIO LIMA,Amazônia
 1642127349 ,811e6c1a-50c8-3f80-9482-f3b74c0074cd,   -7.582960 ,  -73.274660 ,2023-08-04 18:41:00,Brasil,ACRE,MÂNCIO LIMA,Amazônia
 1642127350 ,848feec5-fb43-32af-ac48-7674f0f93c1b,   -7.521410 ,  -73.488010 ,2023-08-04 18:41:00,Brasil,ACRE,MÂNCIO LIMA,Amazônia
 1642127351 ,653a69be-e978-3e93-b4a3-47360a4300aa,   -7.520030 ,  -73.478180 ,2023-08-04 18:41:00,Brasil,ACRE,MÂNCIO LIMA,Amazônia
 1642343039 ,ad6f1efa-d930-3d00-b947-51b238f4ab41,   -8.054060 ,  -72.357680 ,2023-08-05 19:23:00,Brasil,ACRE,CRUZEIRO DO SUL,Amazônia
 1642540146 ,961d20a9-d230-3196-8e95-381a46c1dd4c,   -9.952980 ,  -66.864600 ,2023-08-06 18:26:00,Brasil,ACRE,ACRELÂNDIA,Amazônia
 1642540150 ,03c7209b-f94e-36bb-b530-bc8a3840a513,   -9.944030 ,  -66.865970 ,2023-08-06 18:26:00,Brasil,ACRE,ACRELÂNDIA,Amazônia
 1642540153 ,31b613c1-65d1-337f-8d3f-7e9b25ba7ef7,   -9.902570 ,  -67.020180 ,2023-08-06 18:26:00,Brasil,ACRE,ACRELÂNDIA,Amazônia
 1642540154 ,1574391a-464b-3d1b-922d-5892fe977e7b,   -9.861220 ,  -68.471150 ,2023-08-06 18:26:00,Brasil,ACRE,RIO BRANCO,Amazônia
 1642540155 ,df11ed95-3560-3b20-a635-be358b2b1478,   -9.749460 ,  -67.623040 ,2023-08-06 18:26:00,Brasil,ACRE,PORTO ACRE,Amazônia
 1642540158 ,8c1f6602-e0bf-3aa0-b7c9-f9d6b01746bd,   -9.710880 ,  -67.481780 ,2023-08-06 18:26:00,Brasil,ACRE,PORTO ACRE,Amazônia
 1642540165 ,4a1c5c69-8e06-36c1-b3b4-3f701231efb5,   -9.615940 ,  -68.619670 ,2023-08-06 18:26:00,Brasil,ACRE,RIO BRANCO,Amazônia
 1642540167 ,958d1363-5ecc-384a-b19d-1009135d4795,   -9.580800 ,  -68.501660 ,2023-08-06 18:26:00,Brasil,ACRE,RIO BRANCO,Amazônia
 1642540169 ,5629e8a7-318d-3fc4-80a5-f397d8273347,   -9.465810 ,  -71.299510 ,2023-08-06 18:26:00,Brasil,ACRE,FEIJÓ,Amazônia
 1642540178 ,e11fdb5a-b8d0-37b8-9525-bfc4f36e3ec0,   -9.345090 ,  -68.137280 ,2023-08-06 18:26:00,Brasil,ACRE,BUJARI,Amazônia
 1642540183 ,56c06e78-2575-3a9f-bdf5-3fc97a0d55a4,   -9.286470 ,  -70.968420 ,2023-08-06 18:26:00,Brasil,ACRE,FEIJÓ,Amazônia
 1642540184 ,22635a76-870c-32bb-ac28-96651be4090c,   -9.284860 ,  -70.956530 ,2023-08-06 18:26:00,Brasil,ACRE,FEIJÓ,Amazônia
 1642540186 ,993ccffa-901a-36e8-82de-7c84a2799811,   -9.247880 ,  -71.968970 ,2023-08-06 18:26:00,Brasil,ACRE,JORDÃO,Amazônia
 1642540187 ,d5a5ab1e-49a3-3329-8d9d-0e5ba7339043,   -9.246010 ,  -71.955000 ,2023-08-06 18:26:00,Brasil,ACRE,JORDÃO,Amazônia
 1642540216 ,85b92267-53b5-31b2-b630-7ec63e951f92,   -8.928730 ,  -68.835160 ,2023-08-06 18:26:00,Brasil,ACRE,SENA MADUREIRA,Amazônia
 1642540217 ,3fa368bf-55b9-3069-bb00-9e5639f05cd1,   -8.927400 ,  -68.825820 ,2023-08-06 18:26:00,Brasil,ACRE,SENA MADUREIRA,Amazônia
 1642540219 ,41b70063-dcba-3116-a020-30cbc3a00944,   -8.897080 ,  -71.401330 ,2023-08-06 18:26:00,Brasil,ACRE,FEIJÓ,Amazônia
 1642540220 ,4197b86f-6b36-3a58-8f46-7bb95ffb627e,   -8.895400 ,  -71.388870 ,2023-08-06 18:26:00,Brasil,ACRE,FEIJÓ,Amazônia
 1642540222 ,e12143da-b082-3b30-abea-943f8a596206,   -8.886640 ,  -71.402850 ,2023-08-06 18:26:00,Brasil,ACRE,FEIJÓ,Amazônia
 1642540226 ,aa6429f3-3208-3394-a504-dd1a0202b9a9,   -8.814940 ,  -69.133210 ,2023-08-06 18:26:00,Brasil,ACRE,MANOEL URBANO,Amazônia
 1642540227 ,1a65f28a-9a7a-3ff6-8956-bcc49687744f,   -8.813420 ,  -69.388440 ,2023-08-06 18:26:00,Brasil,ACRE,MANOEL URBANO,Amazônia
 1642540228 ,95c3357c-eefe-3da1-b882-71581a54dd60,   -8.739620 ,  -72.788140 ,2023-08-06 18:26:00,Brasil,ACRE,MARECHAL THAUMATURGO,Amazônia
 1642540229 ,d7e93870-e5a4-39f7-aac1-35645a9f1822,   -8.731520 ,  -70.937680 ,2023-08-06 18:26:00,Brasil,ACRE,FEIJÓ,Amazônia
 1642540230 ,87663c8b-b95e-32e8-b805-a74f609f3de1,   -8.728590 ,  -70.240180 ,2023-08-06 18:26:00,Brasil,ACRE,FEIJÓ,Amazônia
 1642540232 ,32909a0b-d33a-33b5-8f6f-51161e9c4923,   -8.650090 ,  -72.986210 ,2023-08-06 18:26:00,Brasil,ACRE,PORTO WALTER,Amazônia
 1642540236 ,425edd3d-5ccd-3184-af60-7f12d7f59e6e,   -8.472110 ,  -70.827200 ,2023-08-06 18:26:00,Brasil,ACRE,TARAUACÁ,Amazônia
 1642540237 ,2453f759-0a6a-34c9-a875-ebad50e73b03,   -8.470540 ,  -70.815830 ,2023-08-06 18:26:00,Brasil,ACRE,TARAUACÁ,Amazônia
 1642540238 ,b6f221a9-db1b-309f-9fe3-5d0cfdd030e1,   -8.446190 ,  -71.157880 ,2023-08-06 18:26:00,Brasil,ACRE,TARAUACÁ,Amazônia
 1642540239 ,081170a5-eb51-31c4-8c31-4a191fcc954d,   -8.442130 ,  -71.356050 ,2023-08-06 18:26:00,Brasil,ACRE,TARAUACÁ,Amazônia
 1642540240 ,2f83d7ac-43b8-397b-930f-29c8998c75c1,   -8.437090 ,  -71.319200 ,2023-08-06 18:26:00,Brasil,ACRE,TARAUACÁ,Amazônia
 1642540241 ,451be832-d16d-343f-98da-600324eadf0e,   -8.351490 ,  -70.770100 ,2023-08-06 18:26:00,Brasil,ACRE,TARAUACÁ,Amazônia
 1642540244 ,44804658-2254-3256-a440-d2978251d850,   -8.254720 ,  -71.028880 ,2023-08-06 18:26:00,Brasil,ACRE,TARAUACÁ,Amazônia
 1642540245 ,0c307f6e-a3a6-3a9e-b5f0-bb10cbc2bd33,   -8.253680 ,  -71.022640 ,2023-08-06 18:26:00,Brasil,ACRE,TARAUACÁ,Amazônia
 1642540246 ,b5651b8a-dd23-3839-befa-70a0df8dbb3b,   -8.230810 ,  -72.761480 ,2023-08-06 18:26:00,Brasil,ACRE,PORTO WALTER,Amazônia
 1642540247 ,ed69dc87-3a67-3780-8b13-aa62ab202291,   -8.210780 ,  -70.062750 ,2023-08-06 18:26:00,Brasil,ACRE,FEIJÓ,Amazônia
 1642540249 ,ee7bf817-01c6-3a30-a21e-3270af311436,   -8.110730 ,  -71.616740 ,2023-08-06 18:26:00,Brasil,ACRE,TARAUACÁ,Amazônia
 1642540250 ,e1b35c16-a5e5-331a-b832-9f1716345fdf,   -8.109020 ,  -71.604180 ,2023-08-06 18:26:00,Brasil,ACRE,TARAUACÁ,Amazônia
 1642540257 ,15829d9e-6381-33c2-b55b-38aa5f75ec68,   -8.072350 ,  -71.185950 ,2023-08-06 18:26:00,Brasil,ACRE,TARAUACÁ,Amazônia
 1642540260 ,b6e1e9c7-6311-3ddf-b9d8-5a5fb7966dae,   -7.979140 ,  -72.414620 ,2023-08-06 18:26:00,Brasil,ACRE,CRUZEIRO DO SUL,Amazônia
 1642540261 ,6d5fd00b-8178-3d20-8ea7-7cf45722d062,   -7.947930 ,  -71.461000 ,2023-08-06 18:26:00,Brasil,ACRE,TARAUACÁ,Amazônia
 1642540262 ,8a7f24ce-bcd6-3421-b9df-d1ffb319e150,   -7.944520 ,  -71.454940 ,2023-08-06 18:26:00,Brasil,ACRE,TARAUACÁ,Amazônia
 1642540266 ,13744021-4899-3c30-9b71-617fa9951779,   -7.735380 ,  -72.306610 ,2023-08-06 18:26:00,Brasil,ACRE,CRUZEIRO DO SUL,Amazônia
 1642540270 ,9e9b5619-1ef1-3fbf-8c76-867ce4f7f72f,   -7.632930 ,  -72.313450 ,2023-08-06 18:26:00,Brasil,ACRE,CRUZEIRO DO SUL,Amazônia
 1642540366 ,886cdcf7-f971-3622-84b8-6731c1a33a91,  -10.931580 ,  -69.793400 ,2023-08-06 18:26:00,Brasil,ACRE,ASSIS BRASIL,Amazônia
 1642540367 ,a2973b86-f937-34a8-9adc-ec2110352466,  -10.923390 ,  -69.805470 ,2023-08-06 18:26:00,Brasil,ACRE,ASSIS BRASIL,Amazônia
 1642540368 ,37ad2cb3-c6ba-309d-a1ef-704bb55d0255,  -10.921890 ,  -69.794660 ,2023-08-06 18:26:00,Brasil,ACRE,ASSIS BRASIL,Amazônia
 1642540369 ,c6b29129-6cc5-37b7-93c1-60b46364dc83,  -10.892250 ,  -69.482400 ,2023-08-06 18:26:00,Brasil,ACRE,ASSIS BRASIL,Amazônia
 1642540370 ,9dffc296-6164-33eb-867e-2161b22d7827,  -10.890840 ,  -69.472020 ,2023-08-06 18:26:00,Brasil,ACRE,ASSIS BRASIL,Amazônia
 1642540371 ,a6b84a4f-f5f0-37c5-b3b6-39cb2bc43b6e,  -10.887530 ,  -69.477930 ,2023-08-06 18:26:00,Brasil,ACRE,ASSIS BRASIL,Amazônia
 1642540372 ,f5073abe-4460-3814-a179-1217902f13f2,  -10.856740 ,  -68.609960 ,2023-08-06 18:26:00,Brasil,ACRE,EPITACIOLÂNDIA,Amazônia
 1642540373 ,d18e05a3-b4d7-35e3-a66b-9c5be3cbb619,  -10.706750 ,  -68.793480 ,2023-08-06 18:26:00,Brasil,ACRE,EPITACIOLÂNDIA,Amazônia
 1642540374 ,89782c21-6c08-3e45-a2b6-4b4a3f2d4148,  -10.660930 ,  -68.994960 ,2023-08-06 18:26:00,Brasil,ACRE,BRASILÉIA,Amazônia
 1642540375 ,e2dceb4f-ee5b-3003-ac05-39b1641328ad,  -10.657810 ,  -68.836720 ,2023-08-06 18:26:00,Brasil,ACRE,XAPURI,Amazônia
 1642540380 ,d5996942-8b61-300b-8df8-73c280188789,  -10.473560 ,  -68.112020 ,2023-08-06 18:26:00,Brasil,ACRE,XAPURI,Amazônia
 1642540382 ,382a5a01-4ee6-3322-ba41-d7160e2a2326,  -10.456870 ,  -68.123860 ,2023-08-06 18:26:00,Brasil,ACRE,XAPURI,Amazônia
 1642540383 ,5040bfb9-be91-35a2-b1f6-cf16d0e23d92,  -10.423390 ,  -68.081960 ,2023-08-06 18:26:00,Brasil,ACRE,XAPURI,Amazônia
 1642540384 ,d79a4bd0-85aa-3fe0-bcdb-2aba4bd54d3f,  -10.420800 ,  -68.063640 ,2023-08-06 18:26:00,Brasil,ACRE,XAPURI,Amazônia
 1642540390 ,d7ffe8b2-a411-387d-9c72-16417d1dba57,  -10.112310 ,  -68.815530 ,2023-08-06 18:26:00,Brasil,ACRE,RIO BRANCO,Amazônia
 1642540391 ,e9fcac5e-f621-3212-a03f-3445da0631a4,  -10.110970 ,  -68.805990 ,2023-08-06 18:26:00,Brasil,ACRE,RIO BRANCO,Amazônia
 1642540392 ,a3576642-1493-3c6a-8bc8-e30ac2920b34,  -10.065070 ,  -69.063490 ,2023-08-06 18:26:00,Brasil,ACRE,SENA MADUREIRA,Amazônia
 1642540393 ,27f0fa98-c0bc-3110-8592-e87794a23c40,  -10.063710 ,  -69.053760 ,2023-08-06 18:26:00,Brasil,ACRE,SENA MADUREIRA,Amazônia
 1642540394 ,19899458-cf31-3d90-a332-702963fad799,  -10.058010 ,  -67.844250 ,2023-08-06 18:26:00,Brasil,ACRE,RIO BRANCO,Amazônia
 1642540395 ,44db145d-55d9-329b-87fb-da2fc3efe756,  -10.056710 ,  -67.835200 ,2023-08-06 18:26:00,Brasil,ACRE,RIO BRANCO,Amazônia
 1642540396 ,659745ef-8a52-34fe-9435-f1784165f625,  -10.049060 ,  -67.845580 ,2023-08-06 18:26:00,Brasil,ACRE,RIO BRANCO,Amazônia
 1642540397 ,00c6d4e8-e818-33e0-9419-f67025b58006,  -10.047770 ,  -67.836520 ,2023-08-06 18:26:00,Brasil,ACRE,RIO BRANCO,Amazônia
 1642540398 ,453b14f0-eb0a-307d-9cda-5e5e60586442,  -10.014240 ,  -67.866530 ,2023-08-06 18:26:00,Brasil,ACRE,RIO BRANCO,Amazônia
 1642753578 ,4ad21dcb-ffac-3285-8ac6-2f159d8dc153,   -7.989520 ,  -72.409320 ,2023-08-07 19:08:00,Brasil,ACRE,CRUZEIRO DO SUL,Amazônia
 1642753579 ,ec6c9d98-de8b-3e1c-b217-3cb14efe20cb,   -7.983450 ,  -72.398960 ,2023-08-07 19:08:00,Brasil,ACRE,CRUZEIRO DO SUL,Amazônia
 1642753588 ,c0a12dcc-b8e5-385e-ae96-9a24770d4664,  -10.545640 ,  -68.098050 ,2023-08-07 19:08:00,Brasil,ACRE,XAPURI,Amazônia
 1642955327 ,0c0472c0-eb05-31e9-9c78-0da46039f7b0,  -10.203540 ,  -68.594370 ,2023-08-08 18:11:00,Brasil,ACRE,RIO BRANCO,Amazônia
 1642955328 ,e74b6838-d9b9-33d8-8c95-ef73e2604ce4,  -10.081700 ,  -68.271450 ,2023-08-08 18:11:00,Brasil,ACRE,RIO BRANCO,Amazônia
 1642955329 ,778fa8d2-8462-3f40-a2b1-7910d7751e7e,   -9.517930 ,  -67.762890 ,2023-08-08 18:11:00,Brasil,ACRE,PORTO ACRE,Amazônia
 1642955733 ,818a271e-99a9-3cd9-aadb-d9ee66553b19,   -8.745750 ,  -69.340200 ,2023-08-08 18:13:00,Brasil,ACRE,MANOEL URBANO,Amazônia
 1642955734 ,b49c4914-41bf-3892-b02a-36362cb11971,   -8.733160 ,  -69.483430 ,2023-08-08 18:13:00,Brasil,ACRE,MANOEL URBANO,Amazônia
 1642955735 ,acb9005e-8593-3391-9633-0f3d6d389b34,   -8.727240 ,  -69.477240 ,2023-08-08 18:13:00,Brasil,ACRE,MANOEL URBANO,Amazônia
 1642955736 ,50ae9ee4-c93b-3d6d-bbc7-f4cdd8bb41a5,   -8.684520 ,  -69.575740 ,2023-08-08 18:13:00,Brasil,ACRE,MANOEL URBANO,Amazônia
 1642955737 ,2549ef30-1cf2-35ef-a865-bbaf9bd00d25,   -8.427850 ,  -70.216680 ,2023-08-08 18:13:00,Brasil,ACRE,FEIJÓ,Amazônia
 1642955738 ,98657078-63b7-35e8-ba92-751ff4aa3c6c,   -8.425380 ,  -70.197880 ,2023-08-08 18:13:00,Brasil,ACRE,FEIJÓ,Amazônia
 1642955739 ,8a5eed8c-fec5-37b7-b6bb-c7df32cb6176,   -8.102370 ,  -70.015350 ,2023-08-08 18:13:00,Brasil,ACRE,FEIJÓ,Amazônia
 1642955740 ,16bb02dc-ef35-374d-8e3b-f81390cdeba7,   -8.100020 ,  -69.997370 ,2023-08-08 18:13:00,Brasil,ACRE,FEIJÓ,Amazônia
 1642955741 ,4896dd4e-33d2-38fe-9d94-8fdb6af42202,  -10.695980 ,  -69.389350 ,2023-08-08 18:11:00,Brasil,ACRE,BRASILÉIA,Amazônia
 1642955743 ,872e7462-0200-303a-a5ff-3ea239d34234,   -9.456030 ,  -70.497600 ,2023-08-08 18:11:00,Brasil,ACRE,SANTA ROSA DO PURUS,Amazônia
 1642955744 ,1f202970-2080-33d0-b3dc-eac42020846d,   -9.018760 ,  -70.648890 ,2023-08-08 18:13:00,Brasil,ACRE,FEIJÓ,Amazônia
 1642955745 ,939314e8-744c-3a8c-9def-2612660b5134,   -9.016060 ,  -70.627820 ,2023-08-08 18:13:00,Brasil,ACRE,FEIJÓ,Amazônia
 1642955746 ,f6980817-da59-38d2-9b64-9b4da2d20ef7,   -8.536340 ,  -70.941830 ,2023-08-08 18:13:00,Brasil,ACRE,TARAUACÁ,Amazônia
 1642955754 ,ebfe1b89-d7a6-31c3-9c90-ce2c50a68a15,   -8.190850 ,  -73.114110 ,2023-08-08 18:13:00,Brasil,ACRE,CRUZEIRO DO SUL,Amazônia
 1642955755 ,a7030d3c-e85b-335f-9a97-707b13e3f4f4,   -8.181600 ,  -73.119790 ,2023-08-08 18:13:00,Brasil,ACRE,CRUZEIRO DO SUL,Amazônia
 1643212611 ,9d8d8b67-5cbd-3b4a-9c62-471184cd3b57,   -9.768220 ,  -67.882770 ,2023-08-09 18:53:00,Brasil,ACRE,BUJARI,Amazônia
 1643212612 ,eecfbedd-aed5-3c8b-b3bc-ead0e2af7b51,   -9.479510 ,  -72.424610 ,2023-08-09 18:53:00,Brasil,ACRE,MARECHAL THAUMATURGO,Amazônia
 1643212613 ,e15d003c-63cc-3199-a7c0-6d2fcc17fe96,   -9.369200 ,  -71.010830 ,2023-08-09 18:53:00,Brasil,ACRE,FEIJÓ,Amazônia
 1643212614 ,899af734-6825-385c-9472-69b5b9c8f768,   -9.324440 ,  -72.061400 ,2023-08-09 18:56:00,Brasil,ACRE,JORDÃO,Amazônia
 1643212615 ,abbfa6cd-7a45-3cd2-b724-31e5b371576c,   -9.314550 ,  -72.682990 ,2023-08-09 18:56:00,Brasil,ACRE,MARECHAL THAUMATURGO,Amazônia
 1643212616 ,83480564-9cc8-35c1-b6d1-e2a541e2eaa1,   -9.159060 ,  -70.847660 ,2023-08-09 18:53:00,Brasil,ACRE,FEIJÓ,Amazônia
 1643212617 ,19ad79a4-3927-3a10-9af4-466e7a744976,   -9.135270 ,  -70.139170 ,2023-08-09 18:53:00,Brasil,ACRE,SANTA ROSA DO PURUS,Amazônia
 1643212618 ,fa18a97c-d089-3fe3-9b97-195005863f2f,   -8.812230 ,  -72.780740 ,2023-08-09 18:56:00,Brasil,ACRE,MARECHAL THAUMATURGO,Amazônia
 1643212619 ,07e3fd32-70f0-3985-a1e7-9d2eec2e1c09,   -8.337790 ,  -72.148830 ,2023-08-09 18:56:00,Brasil,ACRE,TARAUACÁ,Amazônia
 1643212621 ,3356ff19-4087-3c54-8e83-0fd7339c46fa,   -7.802180 ,  -72.360400 ,2023-08-09 18:56:00,Brasil,ACRE,CRUZEIRO DO SUL,Amazônia
 1643212622 ,8a5248eb-a57d-391c-b1ee-a94f899929b0,   -7.800640 ,  -72.350020 ,2023-08-09 18:56:00,Brasil,ACRE,CRUZEIRO DO SUL,Amazônia
 1643431089 ,eea5dde4-702f-36b9-be6c-522b1df30785,   -9.947070 ,  -66.766440 ,2023-08-10 17:58:00,Brasil,ACRE,ACRELÂNDIA,Amazônia
 1643431097 ,3ed2ea22-c085-3b6e-a02e-22daf1dacfbc,   -9.425640 ,  -68.100660 ,2023-08-10 17:58:00,Brasil,ACRE,BUJARI,Amazônia
 1643431965 ,63168b62-4ca0-3a92-9c64-538bfbce8815,   -8.982060 ,  -69.431960 ,2023-08-10 17:58:00,Brasil,ACRE,MANOEL URBANO,Amazônia
 1643610326 ,523312d6-b2e8-37f6-8f08-7b1b1c8edcfa,   -9.292530 ,  -70.941680 ,2023-08-11 18:41:00,Brasil,ACRE,FEIJÓ,Amazônia
 1643610327 ,f0327c92-82aa-3ee4-8b25-59d103b165e8,   -9.205480 ,  -72.603990 ,2023-08-11 18:41:00,Brasil,ACRE,MARECHAL THAUMATURGO,Amazônia
 1643610330 ,abbbe131-b40c-3434-81ec-ab314c1a5442,   -9.019100 ,  -72.723320 ,2023-08-11 18:41:00,Brasil,ACRE,MARECHAL THAUMATURGO,Amazônia
 1643610331 ,bf90e5d5-93df-31b4-b637-bf7075453007,   -8.988830 ,  -71.583290 ,2023-08-11 18:41:00,Brasil,ACRE,FEIJÓ,Amazônia
 1643610332 ,d463f124-5eb3-3c9c-be83-421a2c612b1a,   -8.888370 ,  -71.400520 ,2023-08-11 18:41:00,Brasil,ACRE,FEIJÓ,Amazônia
 1643610333 ,33b87d17-45c9-33ef-aecd-292bb90230b5,   -8.887820 ,  -69.490060 ,2023-08-11 18:41:00,Brasil,ACRE,MANOEL URBANO,Amazônia
 1643610334 ,0c66431e-9e41-3da1-9d05-83b0c1bfcd48,   -8.887080 ,  -71.391490 ,2023-08-11 18:41:00,Brasil,ACRE,FEIJÓ,Amazônia
 1643610335 ,fdcc9f12-168c-3e69-a040-63008c02aadd,   -8.879420 ,  -71.401860 ,2023-08-11 18:41:00,Brasil,ACRE,FEIJÓ,Amazônia
 1643610337 ,fe356943-96bb-3c41-9e54-e860901437a9,   -8.878120 ,  -71.392800 ,2023-08-11 18:41:00,Brasil,ACRE,TARAUACÁ,Amazônia
 1643610341 ,255df599-67bb-342e-aeea-b1cbf81d6d1f,   -8.529450 ,  -72.437170 ,2023-08-11 18:41:00,Brasil,ACRE,PORTO WALTER,Amazônia
 1643610344 ,75f47277-bcb2-373b-9fa0-80769ca83e25,   -8.253480 ,  -72.757160 ,2023-08-11 18:41:00,Brasil,ACRE,PORTO WALTER,Amazônia
 1643610345 ,41aa26f4-886b-3459-be5a-af3a9712abbb,   -7.926850 ,  -72.470330 ,2023-08-11 18:41:00,Brasil,ACRE,CRUZEIRO DO SUL,Amazônia
 1643610346 ,5da89e53-82c0-3eac-9d1e-7589d4083599,   -7.925510 ,  -72.460860 ,2023-08-11 18:41:00,Brasil,ACRE,CRUZEIRO DO SUL,Amazônia
 1643610347 ,13c22f29-c77a-39f0-9c2d-bbe3db679190,   -7.865920 ,  -72.041890 ,2023-08-11 18:41:00,Brasil,ACRE,TARAUACÁ,Amazônia
 1643610348 ,ce18bbc8-0b2d-37cc-8c9a-19e55ba64830,   -7.835900 ,  -71.831700 ,2023-08-11 18:41:00,Brasil,ACRE,TARAUACÁ,Amazônia
 1643610351 ,069674a7-a45f-3787-bb1b-feeb3465ffc2,   -7.605890 ,  -73.073460 ,2023-08-11 18:43:00,Brasil,ACRE,MÂNCIO LIMA,Amazônia
 1643610360 ,32758d75-e575-3290-9558-9898629b93f5,  -10.452320 ,  -69.168140 ,2023-08-11 18:41:00,Brasil,ACRE,BRASILÉIA,Amazônia
 1643610361 ,b5da10f5-f18b-39e6-8875-4b6c3ddc6698,  -10.341710 ,  -68.049920 ,2023-08-11 18:41:00,Brasil,ACRE,RIO BRANCO,Amazônia
 1643610362 ,c328f41b-1676-39db-a07e-43a3b95adf6f,  -10.216920 ,  -68.765300 ,2023-08-11 18:41:00,Brasil,ACRE,RIO BRANCO,Amazônia
 1643610363 ,c91b62bf-2454-3ccb-838a-dca238b02912,  -10.209130 ,  -68.776480 ,2023-08-11 18:41:00,Brasil,ACRE,RIO BRANCO,Amazônia
 1644422842 ,1bf79d7d-248f-3ec0-9f48-6d511ea531aa,   -9.852470 ,  -66.997080 ,2023-08-15 18:11:00,Brasil,ACRE,ACRELÂNDIA,Amazônia
 1644629026 ,da89db08-5832-3d84-a885-2827118486a5,   -7.987860 ,  -71.513440 ,2023-08-16 18:53:00,Brasil,ACRE,TARAUACÁ,Amazônia
 1644629027 ,9276e898-43e2-32b4-b49d-5bd47f4b6faf,   -7.986240 ,  -71.502620 ,2023-08-16 18:53:00,Brasil,ACRE,TARAUACÁ,Amazônia
 1644629029 ,b2eb5cbf-2af5-3bd3-9db3-42e0e856c705,   -9.141810 ,  -72.890020 ,2023-08-16 18:53:00,Brasil,ACRE,MARECHAL THAUMATURGO,Amazônia
 1644629030 ,4162873e-f0a0-3b21-853c-f0ec4cdb991a,   -8.997790 ,  -72.784660 ,2023-08-16 18:53:00,Brasil,ACRE,MARECHAL THAUMATURGO,Amazônia
 1644629031 ,3655354a-9c4f-3ecb-b9b5-09261a0e4f3c,   -8.988710 ,  -72.786030 ,2023-08-16 18:53:00,Brasil,ACRE,MARECHAL THAUMATURGO,Amazônia
 1644821111 ,eb3add86-c2ad-30cf-a0ab-938a3cdf4dbf,  -10.052140 ,  -66.944470 ,2023-08-17 17:56:00,Brasil,ACRE,ACRELÂNDIA,Amazônia
 1644821112 ,cf0df054-9dee-3541-96c8-e9d8d9ce16e1,  -10.049090 ,  -66.921130 ,2023-08-17 17:56:00,Brasil,ACRE,ACRELÂNDIA,Amazônia
 1644821113 ,3c6e33d0-9909-3c45-a8e6-fb7ecab50ddc,  -10.044340 ,  -66.938660 ,2023-08-17 17:56:00,Brasil,ACRE,ACRELÂNDIA,Amazônia
 1644821114 ,0e425c07-aeef-3dbd-9a7d-b9ef993d4eba,  -10.041470 ,  -66.915180 ,2023-08-17 17:56:00,Brasil,ACRE,ACRELÂNDIA,Amazônia
 1644821115 ,58a9e5b9-7b22-3e55-a4e6-b910403d45da,  -10.038260 ,  -66.946210 ,2023-08-17 17:56:00,Brasil,ACRE,ACRELÂNDIA,Amazônia
 1644821116 ,ae6520ac-7244-3bc7-842b-73f25105224b,  -10.035240 ,  -66.922860 ,2023-08-17 17:56:00,Brasil,ACRE,ACRELÂNDIA,Amazônia
 1644821314 ,45eabd31-9f68-38eb-84a7-9596522d35a0,   -9.728650 ,  -67.483770 ,2023-08-17 17:56:00,Brasil,ACRE,PORTO ACRE,Amazônia
 1644821315 ,49f0babd-6688-3d51-9be1-5df29fd9484b,   -9.725360 ,  -67.457980 ,2023-08-17 17:56:00,Brasil,ACRE,PORTO ACRE,Amazônia
 1644821316 ,4c01676c-c6cd-3a78-9765-e5bda5cc8c7e,   -9.716990 ,  -67.477950 ,2023-08-17 17:56:00,Brasil,ACRE,PORTO ACRE,Amazônia
 1644821317 ,f12dd7c3-e9bb-39d5-a245-93d13cab41ea,   -9.713910 ,  -67.452160 ,2023-08-17 17:56:00,Brasil,ACRE,PORTO ACRE,Amazônia
 1644821517 ,9fb9e373-f9dc-3e7f-92a1-54f9e54a43b4,   -8.375670 ,  -70.251740 ,2023-08-17 17:56:00,Brasil,ACRE,FEIJÓ,Amazônia
 1644821518 ,85e14545-be42-370d-aecf-77fdd557d264,   -8.374730 ,  -70.255430 ,2023-08-17 17:56:00,Brasil,ACRE,FEIJÓ,Amazônia
 1644821543 ,db8b20a5-dd6c-3a3f-9bee-a046118d44af,   -8.101570 ,  -70.220970 ,2023-08-17 17:56:00,Brasil,ACRE,FEIJÓ,Amazônia
 1644821545 ,982a809f-5fdb-36b1-acb2-59808ec83a3b,   -8.099410 ,  -70.228660 ,2023-08-17 17:56:00,Brasil,ACRE,FEIJÓ,Amazônia
 1645022730 ,20888132-e98a-33a2-9cd7-aa4ba25c8106,   -9.801980 ,  -67.854080 ,2023-08-18 18:38:00,Brasil,ACRE,BUJARI,Amazônia
 1645022733 ,5acb20bf-4b7c-3e79-b2f1-565121841e0e,   -9.730340 ,  -68.894010 ,2023-08-18 18:38:00,Brasil,ACRE,SENA MADUREIRA,Amazônia
 1645022734 ,63f271d3-f6b9-3245-8711-645cc0a7bc30,   -9.557990 ,  -71.395120 ,2023-08-18 18:38:00,Brasil,ACRE,FEIJÓ,Amazônia
 1645022740 ,c48241db-f7f0-383a-a5b3-7be768cfd3d6,   -9.370690 ,  -71.117100 ,2023-08-18 18:38:00,Brasil,ACRE,FEIJÓ,Amazônia
 1645022741 ,002886a8-9cb9-3d16-bf50-bd73904222ef,   -9.369400 ,  -71.107950 ,2023-08-18 18:38:00,Brasil,ACRE,FEIJÓ,Amazônia
 1645022747 ,eade7be3-2a1f-34d6-96a5-b168f255d99d,   -9.261670 ,  -72.036370 ,2023-08-18 18:38:00,Brasil,ACRE,JORDÃO,Amazônia
 1645022748 ,0825e505-945f-30cf-aa5e-f0c24d91769f,   -9.213220 ,  -71.758060 ,2023-08-18 18:38:00,Brasil,ACRE,JORDÃO,Amazônia
 1645022749 ,4fe5d5d5-597e-3824-8b21-0ed563eeae5b,   -9.212210 ,  -72.623990 ,2023-08-18 18:38:00,Brasil,ACRE,MARECHAL THAUMATURGO,Amazônia
 1645022750 ,d1e9a936-baae-3639-ae12-7bf7551f5d3e,   -9.210800 ,  -72.613660 ,2023-08-18 18:38:00,Brasil,ACRE,MARECHAL THAUMATURGO,Amazônia
 1645022751 ,8fc1cf72-0bee-3559-ade3-e145e29cba85,   -9.198560 ,  -71.653800 ,2023-08-18 18:38:00,Brasil,ACRE,JORDÃO,Amazônia
 1645022756 ,422c3f2e-5a0d-3c40-9258-cd9285202953,   -9.156890 ,  -71.949070 ,2023-08-18 18:38:00,Brasil,ACRE,JORDÃO,Amazônia
 1645022757 ,d483747e-0951-3bf1-8693-ff3b4843d606,   -9.155530 ,  -71.939380 ,2023-08-18 18:38:00,Brasil,ACRE,JORDÃO,Amazônia
 1645022759 ,26489167-3489-3e21-8797-e19152bc2e60,   -9.122950 ,  -72.568430 ,2023-08-18 18:38:00,Brasil,ACRE,MARECHAL THAUMATURGO,Amazônia
 1645022760 ,2e315f5c-99bc-33a6-80f4-584a65348319,   -9.112380 ,  -72.633030 ,2023-08-18 18:38:00,Brasil,ACRE,MARECHAL THAUMATURGO,Amazônia
 1645022761 ,087511b4-3f3d-3c9c-a5bc-f8e890fada69,   -9.106970 ,  -69.917790 ,2023-08-18 18:38:00,Brasil,ACRE,SANTA ROSA DO PURUS,Amazônia
 1645022762 ,7613bd1f-ba55-39a6-9092-a53596e5adf1,   -9.043310 ,  -72.247020 ,2023-08-18 18:38:00,Brasil,ACRE,MARECHAL THAUMATURGO,Amazônia
 1645022763 ,3cb20ef7-a8a0-3499-8455-cd5179930d25,   -9.033960 ,  -72.248340 ,2023-08-18 18:38:00,Brasil,ACRE,MARECHAL THAUMATURGO,Amazônia
 1645022764 ,a41281bf-73d2-3b47-87c3-2210f7f22a0e,   -8.940030 ,  -71.257150 ,2023-08-18 18:38:00,Brasil,ACRE,FEIJÓ,Amazônia
 1645022770 ,36b6f13e-5375-3efe-b5cc-683dd96c4e99,   -8.887880 ,  -72.726200 ,2023-08-18 18:38:00,Brasil,ACRE,MARECHAL THAUMATURGO,Amazônia
 1645022771 ,3b58eaf4-7ae0-3100-a54e-8d5bd7f93de5,   -8.886440 ,  -72.715810 ,2023-08-18 18:38:00,Brasil,ACRE,MARECHAL THAUMATURGO,Amazônia
 1645022773 ,305e847e-633b-3938-a6e9-8779fe5122d0,   -8.848230 ,  -72.747920 ,2023-08-18 18:38:00,Brasil,ACRE,MARECHAL THAUMATURGO,Amazônia
 1645022782 ,8986d96b-4750-37af-846f-1a672dbd4b3d,   -8.758030 ,  -69.550440 ,2023-08-18 18:38:00,Brasil,ACRE,MANOEL URBANO,Amazônia
 1645022783 ,a493458e-7001-314b-8ab5-74640627e0f1,   -8.756700 ,  -69.541310 ,2023-08-18 18:38:00,Brasil,ACRE,MANOEL URBANO,Amazônia
 1645022784 ,98e8c53e-cad4-3f05-8a31-a87c195e1689,   -8.091310 ,  -69.907540 ,2023-08-18 18:38:00,Brasil,ACRE,FEIJÓ,Amazônia
 1645022786 ,6f0c1b29-d9b8-3c61-8e85-5d1c00cffb12,   -8.089980 ,  -69.898500 ,2023-08-18 18:38:00,Brasil,ACRE,FEIJÓ,Amazônia
 1645022787 ,85af0713-520e-3a59-852e-db71700b92de,   -8.065480 ,  -72.307850 ,2023-08-18 18:38:00,Brasil,ACRE,CRUZEIRO DO SUL,Amazônia
 1645022788 ,b21aa23f-6329-3fde-a3d0-c3c97e57ab25,   -8.064120 ,  -72.298100 ,2023-08-18 18:38:00,Brasil,ACRE,CRUZEIRO DO SUL,Amazônia
 1645022789 ,79cb763c-c9fb-31ae-9a59-d2ef5c72bb4b,   -8.040650 ,  -70.187450 ,2023-08-18 18:38:00,Brasil,ACRE,FEIJÓ,Amazônia
 1645022790 ,3fc174af-ce2a-39dc-9b56-43356beed1a3,   -7.997830 ,  -71.368910 ,2023-08-18 18:38:00,Brasil,ACRE,TARAUACÁ,Amazônia
 1645022791 ,c756bd11-7eb0-3fc2-b8d2-9f408502b265,   -7.996520 ,  -71.359790 ,2023-08-18 18:38:00,Brasil,ACRE,TARAUACÁ,Amazônia
 1645022792 ,a491be56-92ec-394e-9f31-91b4f217a098,   -7.985200 ,  -71.473410 ,2023-08-18 18:38:00,Brasil,ACRE,TARAUACÁ,Amazônia
 1645022793 ,82feccd3-89ae-39d2-af45-aa24c1696640,   -7.983890 ,  -71.464260 ,2023-08-18 18:38:00,Brasil,ACRE,TARAUACÁ,Amazônia
 1645022794 ,8352b353-513f-396d-aa2e-285ff8f3fe0b,   -7.938210 ,  -70.626410 ,2023-08-18 18:38:00,Brasil,ACRE,FEIJÓ,Amazônia
 1645022795 ,79fae5c6-53e9-34e0-9a3b-9c3f02e1a7fc,   -7.935240 ,  -71.570820 ,2023-08-18 18:38:00,Brasil,ACRE,TARAUACÁ,Amazônia
 1645022796 ,2a8748a4-4dec-3126-aa20-6f1046de9d0d,   -7.934270 ,  -72.279460 ,2023-08-18 18:38:00,Brasil,ACRE,CRUZEIRO DO SUL,Amazônia
 1645022797 ,4d88d2ad-4ee3-3672-9cc2-a623a5fff871,   -7.932900 ,  -72.269750 ,2023-08-18 18:38:00,Brasil,ACRE,CRUZEIRO DO SUL,Amazônia
 1645022798 ,2818c8ea-8b1b-3c08-9955-559c9f1b2428,   -7.913090 ,  -71.480360 ,2023-08-18 18:38:00,Brasil,ACRE,TARAUACÁ,Amazônia
 1645022799 ,059dc49b-4928-3a7d-a9de-43e2c8a5c022,   -7.872160 ,  -72.308140 ,2023-08-18 18:38:00,Brasil,ACRE,CRUZEIRO DO SUL,Amazônia
 1645022800 ,4456460b-1b41-34ad-bddd-da7617357353,   -7.870280 ,  -72.092660 ,2023-08-18 18:38:00,Brasil,ACRE,CRUZEIRO DO SUL,Amazônia
 1645022801 ,776e4207-10c6-3d86-b56c-16747f09558d,   -7.865320 ,  -72.304880 ,2023-08-18 18:38:00,Brasil,ACRE,CRUZEIRO DO SUL,Amazônia
 1645022802 ,e363b349-bfa8-3ff8-b769-9046d3a0e918,   -7.862990 ,  -71.843250 ,2023-08-18 18:38:00,Brasil,ACRE,TARAUACÁ,Amazônia
 1645022803 ,dccfb45d-d97a-3714-a0fe-f8b98a1b3bbd,   -7.790610 ,  -72.109760 ,2023-08-18 18:38:00,Brasil,ACRE,CRUZEIRO DO SUL,Amazônia
 1645022804 ,3a3c2cfc-6b43-3a67-ad72-23d6b94fc7b6,   -7.789270 ,  -72.100250 ,2023-08-18 18:38:00,Brasil,ACRE,CRUZEIRO DO SUL,Amazônia
 1645022805 ,2a2b7e40-d18f-37d5-90f0-1f474cf8e4c6,   -7.767210 ,  -72.210730 ,2023-08-18 18:38:00,Brasil,ACRE,CRUZEIRO DO SUL,Amazônia
 1645022806 ,467e27e8-0425-3443-a816-ccbaa712b56d,   -7.762950 ,  -72.708960 ,2023-08-18 18:38:00,Brasil,ACRE,RODRIGUES ALVES,Amazônia
 1645022807 ,48182bc7-9227-336f-a5bf-6e34c29337be,   -7.749760 ,  -73.061780 ,2023-08-18 18:38:00,Brasil,ACRE,RODRIGUES ALVES,Amazônia
 1645022808 ,fb0444fc-acc2-3f91-8974-ce94b6585c8f,   -7.710340 ,  -72.508860 ,2023-08-18 18:38:00,Brasil,ACRE,CRUZEIRO DO SUL,Amazônia
 1645022809 ,4e00803c-134e-361b-8d0c-c572932701a3,   -7.708940 ,  -72.499020 ,2023-08-18 18:38:00,Brasil,ACRE,CRUZEIRO DO SUL,Amazônia
 1645022810 ,ea26a48d-9d16-3a9e-afed-3f420e6c0ef8,   -7.701010 ,  -72.510210 ,2023-08-18 18:38:00,Brasil,ACRE,CRUZEIRO DO SUL,Amazônia
 1645022811 ,41ae2789-4828-3d9f-9232-c16b243c6b34,   -7.699610 ,  -72.500370 ,2023-08-18 18:38:00,Brasil,ACRE,CRUZEIRO DO SUL,Amazônia
 1645022813 ,ad207dc7-05be-342e-81a2-0557a662a7e8,   -7.686650 ,  -72.342770 ,2023-08-18 18:38:00,Brasil,ACRE,CRUZEIRO DO SUL,Amazônia
 1645022814 ,45b9c863-120d-3a5d-bc16-9f24bb8e8fbe,   -7.666400 ,  -72.266870 ,2023-08-18 18:38:00,Brasil,ACRE,CRUZEIRO DO SUL,Amazônia
 1645022828 ,e16249b3-0aff-3802-8dae-4d738e82ea7c,   -7.510160 ,  -73.254670 ,2023-08-18 18:38:00,Brasil,ACRE,MÂNCIO LIMA,Amazônia
 1645022853 ,b63520b2-48d6-3049-bc64-e4ddc76560f3,   -8.750040 ,  -69.495580 ,2023-08-18 18:38:00,Brasil,ACRE,MANOEL URBANO,Amazônia
 1645022854 ,580c1430-8c16-3857-a700-331805e83c47,   -8.728340 ,  -70.680240 ,2023-08-18 18:38:00,Brasil,ACRE,FEIJÓ,Amazônia
 1645022855 ,340216da-8f82-3beb-9d83-190fc845d4a4,   -8.728290 ,  -70.235020 ,2023-08-18 18:38:00,Brasil,ACRE,FEIJÓ,Amazônia
 1645022856 ,931b8ded-35a6-35d9-a422-1ed938ca4396,   -8.722440 ,  -69.621030 ,2023-08-18 18:38:00,Brasil,ACRE,MANOEL URBANO,Amazônia
 1645022857 ,6e352fa8-12b7-3f2a-b0fc-d110a9c4fc03,   -8.720710 ,  -70.690540 ,2023-08-18 18:38:00,Brasil,ACRE,FEIJÓ,Amazônia
 1645022858 ,9ad08d9a-cf62-3333-b0da-038c465c0324,   -8.719410 ,  -70.681560 ,2023-08-18 18:38:00,Brasil,ACRE,FEIJÓ,Amazônia
 1645022859 ,e6bd215e-25ae-398a-ae4a-6ee63779347e,   -8.714360 ,  -70.264570 ,2023-08-18 18:38:00,Brasil,ACRE,FEIJÓ,Amazônia
 1645022861 ,3e79c7fb-d4b3-3149-bf93-12df0d1a50db,   -8.705510 ,  -71.555440 ,2023-08-18 18:38:00,Brasil,ACRE,JORDÃO,Amazônia
 1645022862 ,6b7e17d7-c1a6-318a-9d3f-b443362a284f,   -8.660660 ,  -70.917540 ,2023-08-18 18:38:00,Brasil,ACRE,FEIJÓ,Amazônia
 1645022863 ,b851aa12-d73d-3e2e-a6ad-5d92d1427bea,   -8.655800 ,  -69.924510 ,2023-08-18 18:38:00,Brasil,ACRE,FEIJÓ,Amazônia
 1645022871 ,f35c4220-b7c1-3430-9595-834ef581d664,   -8.596910 ,  -70.086020 ,2023-08-18 18:38:00,Brasil,ACRE,FEIJÓ,Amazônia
 1645022872 ,ba58a3c3-4a06-3214-a326-4a663a74eb84,   -8.506140 ,  -70.606260 ,2023-08-18 18:38:00,Brasil,ACRE,FEIJÓ,Amazônia
 1645022874 ,9a11fe54-8598-376f-a7ef-95d031dbf1af,   -8.448340 ,  -70.722150 ,2023-08-18 18:38:00,Brasil,ACRE,TARAUACÁ,Amazônia
 1645022875 ,cb669f08-614c-351b-9a8e-9ba252215079,   -8.447050 ,  -70.713180 ,2023-08-18 18:38:00,Brasil,ACRE,TARAUACÁ,Amazônia
 1645022876 ,29ba269b-3715-317a-82d6-1a4f63937223,   -8.439420 ,  -70.723470 ,2023-08-18 18:38:00,Brasil,ACRE,TARAUACÁ,Amazônia
 1645022877 ,8cf26d89-2951-3e44-862c-899f04921fb6,   -8.438130 ,  -70.714490 ,2023-08-18 18:38:00,Brasil,ACRE,TARAUACÁ,Amazônia
 1645022878 ,a7701664-7375-35e6-ae20-7f5c1cd6a0ff,   -8.427910 ,  -71.089630 ,2023-08-18 18:38:00,Brasil,ACRE,TARAUACÁ,Amazônia
 1645022879 ,bb0d61c8-63c3-32d0-a845-57f7f585e026,   -8.372160 ,  -70.257670 ,2023-08-18 18:38:00,Brasil,ACRE,FEIJÓ,Amazônia
 1645022880 ,c81557e9-781c-3efa-8b9c-0e18e9ff3789,   -8.354590 ,  -70.833340 ,2023-08-18 18:38:00,Brasil,ACRE,TARAUACÁ,Amazônia
 1645022881 ,209fbf74-2862-3e9e-885b-5d807e832562,   -8.320240 ,  -70.911870 ,2023-08-18 18:38:00,Brasil,ACRE,TARAUACÁ,Amazônia
 1645022882 ,801e94ee-4fcb-3878-9559-d0bcec8b073e,   -8.318950 ,  -70.902860 ,2023-08-18 18:38:00,Brasil,ACRE,TARAUACÁ,Amazônia
 1645022883 ,3a9d3aee-3634-3970-8922-63ba5a49e54e,   -8.267690 ,  -71.128870 ,2023-08-18 18:38:00,Brasil,ACRE,TARAUACÁ,Amazônia
 1645022885 ,1f679d6f-17dc-30f7-a14d-2c3cf8991462,   -8.263660 ,  -70.077750 ,2023-08-18 18:38:00,Brasil,ACRE,FEIJÓ,Amazônia
 1645022886 ,8dfc5054-8a30-3112-8948-ef86fb3ecc71,   -8.262360 ,  -70.068760 ,2023-08-18 18:38:00,Brasil,ACRE,FEIJÓ,Amazônia
 1645022887 ,1c370f71-d0fc-375f-a9a4-7b024750c7c0,   -8.256390 ,  -73.093940 ,2023-08-18 18:38:00,Brasil,ACRE,CRUZEIRO DO SUL,Amazônia
 1645022888 ,d8012a10-4e18-3d03-a9ff-66234d887f1f,   -8.239700 ,  -73.212330 ,2023-08-18 18:38:00,Brasil,ACRE,CRUZEIRO DO SUL,Amazônia
 1645022889 ,6785e47d-fc8e-3c6e-837f-51a7c9c1f464,   -8.204190 ,  -72.819240 ,2023-08-18 18:38:00,Brasil,ACRE,PORTO WALTER,Amazônia
 1645022890 ,693217d1-669b-3b5f-8d7d-ca53d8798ed2,   -8.125790 ,  -71.615690 ,2023-08-18 18:38:00,Brasil,ACRE,TARAUACÁ,Amazônia
 1645022891 ,0ecd7d41-5525-38b2-b151-0e23b9a99d0f,   -8.109620 ,  -71.247550 ,2023-08-18 18:38:00,Brasil,ACRE,TARAUACÁ,Amazônia
 1645022892 ,d29f6a5d-0ff1-35b8-8f0e-9c9953552d83,   -8.108330 ,  -71.238470 ,2023-08-18 18:38:00,Brasil,ACRE,TARAUACÁ,Amazônia
 1645022895 ,6820373a-ff50-3644-b081-9b1036e03b03,   -8.099360 ,  -71.239800 ,2023-08-18 18:38:00,Brasil,ACRE,TARAUACÁ,Amazônia
 1645022934 ,19dab7b4-62ef-387e-b257-b98988dcaf6c,  -11.129630 ,  -68.637370 ,2023-08-18 18:38:00,Brasil,ACRE,EPITACIOLÂNDIA,Amazônia
 1645022937 ,0158f806-7e76-38ee-91ce-3e879b59184c,  -10.922640 ,  -69.171160 ,2023-08-18 18:38:00,Brasil,ACRE,BRASILÉIA,Amazônia
 1645022938 ,13a1dbe8-fe40-3302-9ea1-3a12a066e27b,  -10.921290 ,  -69.162000 ,2023-08-18 18:38:00,Brasil,ACRE,BRASILÉIA,Amazônia
 1645022941 ,7fb51efa-67a1-3cff-a281-ee2c91191b59,  -10.654390 ,  -70.112060 ,2023-08-18 18:38:00,Brasil,ACRE,ASSIS BRASIL,Amazônia
 1645022942 ,ed12fee6-f197-3f3e-bce7-e6a3819365ac,  -10.597950 ,  -68.718150 ,2023-08-18 18:38:00,Brasil,ACRE,XAPURI,Amazônia
 1645022943 ,6f936ed9-ae5f-396d-b8d3-42e3dd7a8d06,  -10.596540 ,  -68.708740 ,2023-08-18 18:38:00,Brasil,ACRE,XAPURI,Amazônia
 1645022952 ,e35e0b4b-5e15-31b9-ae5e-4ef38f3873c5,  -10.463440 ,  -68.866050 ,2023-08-18 18:38:00,Brasil,ACRE,XAPURI,Amazônia
 1645022953 ,53a7ce12-1b2d-3fe7-ad06-79febdabae01,  -10.462060 ,  -68.856740 ,2023-08-18 18:38:00,Brasil,ACRE,XAPURI,Amazônia
 1645022954 ,5447308e-8087-35dd-95dc-3a9a28d08c28,  -10.206880 ,  -68.443180 ,2023-08-18 18:38:00,Brasil,ACRE,RIO BRANCO,Amazônia
 1645022955 ,3d9dae29-39e6-3002-9560-7cc1f087390c,  -10.205400 ,  -69.057540 ,2023-08-18 18:38:00,Brasil,ACRE,RIO BRANCO,Amazônia
 1645022956 ,0e452081-1ed0-3adb-9099-595ee627024f,  -10.182790 ,  -69.338920 ,2023-08-18 18:38:00,Brasil,ACRE,SENA MADUREIRA,Amazônia
 1645212507 ,dae56b4c-3198-3218-92f4-09c4a7a86099,   -8.281150 ,  -72.962600 ,2023-08-19 19:19:00,Brasil,ACRE,PORTO WALTER,Amazônia
 1645212508 ,93ccc00d-9813-3546-8eea-ed2c687cf0f5,   -8.254880 ,  -73.074250 ,2023-08-19 19:19:00,Brasil,ACRE,CRUZEIRO DO SUL,Amazônia
 1645397783 ,4339cc18-69f1-3671-82f7-4e3e66d0aa08,   -9.077910 ,  -69.729650 ,2023-08-20 18:24:00,Brasil,ACRE,MANOEL URBANO,Amazônia
 1645397784 ,ff2ea600-917f-3600-9d5a-488f36937dd1,   -9.076350 ,  -69.718260 ,2023-08-20 18:24:00,Brasil,ACRE,MANOEL URBANO,Amazônia
 1645397785 ,463a8359-b702-305b-be8b-4fe81b01167d,   -9.031940 ,  -69.541390 ,2023-08-20 18:24:00,Brasil,ACRE,MANOEL URBANO,Amazônia
 1645397786 ,99ef332d-5e19-3d6f-aae6-87ecf62110c2,   -9.030420 ,  -69.530300 ,2023-08-20 18:24:00,Brasil,ACRE,MANOEL URBANO,Amazônia
 1645397787 ,0d9771e7-c5c3-3590-b20a-5f34113aa685,   -8.972750 ,  -68.899020 ,2023-08-20 18:24:00,Brasil,ACRE,SENA MADUREIRA,Amazônia
 1645397788 ,ed0155a3-6eca-35c9-b70f-5aff1ee1fcf7,   -8.924120 ,  -69.428510 ,2023-08-20 18:24:00,Brasil,ACRE,MANOEL URBANO,Amazônia
 1645397789 ,ac991b3e-b54b-3dfb-b8bb-27be239a248e,   -8.712830 ,  -70.266490 ,2023-08-20 18:24:00,Brasil,ACRE,FEIJÓ,Amazônia
 1645397790 ,de193d82-b7e5-3ccf-b8ed-2db08a76bccf,   -8.631560 ,  -69.753530 ,2023-08-20 18:24:00,Brasil,ACRE,FEIJÓ,Amazônia
 1645397791 ,0054eea7-20fe-383f-95d2-92c302b01314,   -8.616350 ,  -69.790230 ,2023-08-20 18:24:00,Brasil,ACRE,FEIJÓ,Amazônia
 1645397792 ,ca6c73f1-5131-37d7-8265-01f0ff40759d,   -8.563800 ,  -70.073370 ,2023-08-20 18:24:00,Brasil,ACRE,FEIJÓ,Amazônia
 1645397793 ,8bb71791-018e-307a-998b-730071ddb889,   -8.495200 ,  -70.247230 ,2023-08-20 18:24:00,Brasil,ACRE,FEIJÓ,Amazônia
 1645397794 ,8c8098c6-fcfd-3d01-bada-b263cccc2ce1,   -8.433740 ,  -70.236720 ,2023-08-20 18:24:00,Brasil,ACRE,FEIJÓ,Amazônia
 1645397795 ,fa980f04-1318-31c6-b7b8-05cff9442b98,   -8.378300 ,  -70.135470 ,2023-08-20 18:24:00,Brasil,ACRE,FEIJÓ,Amazônia
 1645397796 ,68d49b74-a921-3334-9b4f-4cd4128cb4c8,   -8.312520 ,  -70.103450 ,2023-08-20 18:24:00,Brasil,ACRE,FEIJÓ,Amazônia
 1645397797 ,04a044c8-f758-357b-91ce-53cc2e5057b0,   -8.214710 ,  -70.206510 ,2023-08-20 18:24:00,Brasil,ACRE,FEIJÓ,Amazônia
 1645397798 ,06cb06fa-68f7-3330-8f85-3ce961d6e7ca,   -8.088970 ,  -69.889240 ,2023-08-20 18:24:00,Brasil,ACRE,FEIJÓ,Amazônia
 1645397799 ,6f583c9e-bcd7-3d73-a505-2363fe8263e5,   -8.023750 ,  -70.078310 ,2023-08-20 18:24:00,Brasil,ACRE,FEIJÓ,Amazônia
 1645397800 ,271773db-8a55-3b1c-a7f5-08b7c6bcffe1,   -8.022160 ,  -70.066800 ,2023-08-20 18:24:00,Brasil,ACRE,FEIJÓ,Amazônia
 1645397801 ,81e89484-df71-3b01-94e3-306c5d602ea8,  -10.636900 ,  -69.263240 ,2023-08-20 18:24:00,Brasil,ACRE,BRASILÉIA,Amazônia
 1645397802 ,091cf8be-ac6f-3375-a2b3-e074dbd823c9,  -10.635400 ,  -69.252060 ,2023-08-20 18:24:00,Brasil,ACRE,BRASILÉIA,Amazônia
 1645397823 ,a8d8559b-5a34-3f01-911e-d31b7d28be56,   -7.824900 ,  -71.473300 ,2023-08-20 18:24:00,Brasil,ACRE,TARAUACÁ,Amazônia
 1645397834 ,765b6212-4eec-33cd-89d5-5a842f57fe80,   -9.252360 ,  -71.886760 ,2023-08-20 18:24:00,Brasil,ACRE,JORDÃO,Amazônia
 1645397835 ,519060b9-57e5-3ee1-9836-3691aa73660b,   -9.242720 ,  -71.904710 ,2023-08-20 18:24:00,Brasil,ACRE,JORDÃO,Amazônia
 1645397836 ,cda99388-73ac-3942-96ed-9cc27e57a6ed,   -9.175550 ,  -70.803070 ,2023-08-20 18:24:00,Brasil,ACRE,FEIJÓ,Amazônia
 1645397837 ,ad3351c2-9251-3dea-a44f-4ef54a787836,   -9.173680 ,  -70.789540 ,2023-08-20 18:24:00,Brasil,ACRE,FEIJÓ,Amazônia
 1645397838 ,eec934d5-ffda-352f-8163-9f339aada480,   -9.168230 ,  -70.797570 ,2023-08-20 18:24:00,Brasil,ACRE,FEIJÓ,Amazônia
 1645397839 ,d10d01c1-42cc-31db-a3d8-74d3bf184061,   -9.166480 ,  -70.784130 ,2023-08-20 18:24:00,Brasil,ACRE,FEIJÓ,Amazônia
 1645397840 ,7c148caa-b492-3c8d-8444-a5c1b682f67c,   -9.130620 ,  -70.795520 ,2023-08-20 18:24:00,Brasil,ACRE,FEIJÓ,Amazônia
 1645397841 ,8569bcfe-48b8-3d52-90b2-f6ede79e7e04,   -9.128810 ,  -70.782130 ,2023-08-20 18:24:00,Brasil,ACRE,FEIJÓ,Amazônia
 1645397842 ,36790a7b-6440-349e-9504-afab579de3b9,   -9.025690 ,  -70.693710 ,2023-08-20 18:24:00,Brasil,ACRE,FEIJÓ,Amazônia
 1645397843 ,ce2277b4-5d73-3b35-a706-9500b071eb36,   -9.016780 ,  -70.708240 ,2023-08-20 18:24:00,Brasil,ACRE,FEIJÓ,Amazônia
 1645397844 ,7a606c65-ef0f-3e73-a678-b061e779f9f1,   -9.015020 ,  -70.695140 ,2023-08-20 18:24:00,Brasil,ACRE,FEIJÓ,Amazônia
 1645397845 ,dd3c3760-ee6b-3547-b279-b93999f51521,   -8.985850 ,  -71.588380 ,2023-08-20 18:24:00,Brasil,ACRE,JORDÃO,Amazônia
 1645397846 ,eacb0eac-8747-3e6b-8023-ef1ce5f90cae,   -8.963950 ,  -71.259840 ,2023-08-20 18:24:00,Brasil,ACRE,FEIJÓ,Amazônia
 1645397847 ,3bbf8f44-e95a-3a52-afac-206d00e3002d,   -8.910640 ,  -71.370590 ,2023-08-20 18:24:00,Brasil,ACRE,FEIJÓ,Amazônia
 1645397848 ,63258592-30fe-3c59-8a30-c9b845ed5c71,   -8.866630 ,  -71.473450 ,2023-08-20 18:24:00,Brasil,ACRE,TARAUACÁ,Amazônia
 1645397849 ,6100274d-62be-3c12-8fd1-27cb1133a6f9,   -8.739520 ,  -70.941720 ,2023-08-20 18:24:00,Brasil,ACRE,FEIJÓ,Amazônia
 1645397850 ,37a56569-e5f4-3f3c-9770-6db7cd8dc2ed,   -8.716010 ,  -71.033870 ,2023-08-20 18:24:00,Brasil,ACRE,TARAUACÁ,Amazônia
 1645397851 ,acf84249-656e-35b6-aab2-356fe75c57bd,   -8.693540 ,  -70.710140 ,2023-08-20 18:24:00,Brasil,ACRE,FEIJÓ,Amazônia
 1645397852 ,47c96fab-afdc-3eb9-9e7d-34f14c1017d8,   -8.691750 ,  -70.697180 ,2023-08-20 18:24:00,Brasil,ACRE,FEIJÓ,Amazônia
 1645397853 ,8381b904-3f0e-3df5-a89a-c32176a694eb,   -8.681680 ,  -71.632940 ,2023-08-20 18:24:00,Brasil,ACRE,TARAUACÁ,Amazônia
 1645397854 ,f9ebf9fe-f156-32be-8d27-2419bb379e6b,   -8.679670 ,  -71.617830 ,2023-08-20 18:24:00,Brasil,ACRE,JORDÃO,Amazônia
 1645397855 ,69e2c5c5-efd3-3484-88a1-ba914f2a1e30,   -8.668640 ,  -70.486710 ,2023-08-20 18:24:00,Brasil,ACRE,FEIJÓ,Amazônia
 1645397856 ,f9b25a54-687a-35d3-9c19-f8d2a3065e5a,   -8.597130 ,  -70.918740 ,2023-08-20 18:24:00,Brasil,ACRE,TARAUACÁ,Amazônia
 1645397857 ,951b9ace-07fe-3cce-a4c7-ced32fe7bc2b,   -8.558000 ,  -70.630560 ,2023-08-20 18:24:00,Brasil,ACRE,FEIJÓ,Amazônia
 1645397858 ,d7be12f2-226e-39ab-b682-a2b440364236,   -8.556240 ,  -70.617640 ,2023-08-20 18:24:00,Brasil,ACRE,FEIJÓ,Amazônia
 1645397859 ,4053284d-5c56-3c56-9a55-8825907b389f,   -8.531670 ,  -70.946580 ,2023-08-20 18:24:00,Brasil,ACRE,TARAUACÁ,Amazônia
 1645397860 ,e06787da-a0ac-327a-ba73-f817a77622ed,   -8.529510 ,  -70.739460 ,2023-08-20 18:24:00,Brasil,ACRE,TARAUACÁ,Amazônia
 1645397861 ,b981bf91-c79e-3c6f-8791-c03748c6d40f,   -8.525650 ,  -70.745310 ,2023-08-20 18:24:00,Brasil,ACRE,TARAUACÁ,Amazônia
 1645397862 ,16cb408d-f571-3bbf-b620-d5979edf0c96,   -8.522950 ,  -70.609390 ,2023-08-20 18:24:00,Brasil,ACRE,FEIJÓ,Amazônia
 1645397863 ,ac1b56af-47ab-3a50-ada3-2c1d60766a4e,   -8.521240 ,  -70.596580 ,2023-08-20 18:24:00,Brasil,ACRE,FEIJÓ,Amazônia
 1645397864 ,225506bf-3648-3772-9c0b-45963648adb2,   -8.504930 ,  -71.158930 ,2023-08-20 18:24:00,Brasil,ACRE,TARAUACÁ,Amazônia
 1645397865 ,e00fe928-4f7b-3a06-aa90-a8cdd0ea886e,   -8.503100 ,  -71.145080 ,2023-08-20 18:24:00,Brasil,ACRE,TARAUACÁ,Amazônia
 1645397866 ,ff09f115-4cdc-306f-b8db-877092a93d0f,   -8.481220 ,  -70.298470 ,2023-08-20 18:24:00,Brasil,ACRE,FEIJÓ,Amazônia
 1645397867 ,af561423-9dd1-352e-b89b-afa3fb4db25c,   -8.479590 ,  -70.286310 ,2023-08-20 18:24:00,Brasil,ACRE,FEIJÓ,Amazônia
 1645397868 ,b19c56bc-9c6c-3f3a-b34c-6d85efce56a5,   -8.479170 ,  -71.155290 ,2023-08-20 18:24:00,Brasil,ACRE,TARAUACÁ,Amazônia
 1645397869 ,387cf50c-7f5c-3fba-88de-7f09fb04ef59,   -8.434170 ,  -70.751550 ,2023-08-20 18:24:00,Brasil,ACRE,TARAUACÁ,Amazônia
 1645397870 ,08976273-a667-31f0-9f67-74fafc043ec4,   -8.411530 ,  -71.066380 ,2023-08-20 18:24:00,Brasil,ACRE,TARAUACÁ,Amazônia
 1645397871 ,25a91c89-c6a5-34a1-b75a-0bffb09fbc9d,   -8.400670 ,  -71.067900 ,2023-08-20 18:24:00,Brasil,ACRE,TARAUACÁ,Amazônia
 1645397872 ,4e3caa20-f133-385f-8c5f-1a964ec8a978,   -8.359660 ,  -70.841610 ,2023-08-20 18:24:00,Brasil,ACRE,TARAUACÁ,Amazônia
 1645397873 ,072f2db3-82b7-39c8-b46d-8aeca1dc8846,   -8.356260 ,  -70.847380 ,2023-08-20 18:24:00,Brasil,ACRE,TARAUACÁ,Amazônia
 1645397874 ,25ea220e-7e97-3e5d-9994-e609a23a5ec3,   -8.355130 ,  -70.567250 ,2023-08-20 18:24:00,Brasil,ACRE,FEIJÓ,Amazônia
 1645397875 ,132dd835-4d22-35c9-8a9e-7aaeff85e84b,   -8.315590 ,  -71.197390 ,2023-08-20 18:24:00,Brasil,ACRE,TARAUACÁ,Amazônia
 1645397876 ,46c400c0-66e4-398b-9ef9-f7411218a65c,   -8.313760 ,  -71.183550 ,2023-08-20 18:24:00,Brasil,ACRE,TARAUACÁ,Amazônia
 1645397877 ,d6a6277e-8e18-3d9f-a2af-b8bf8ab9d7bc,   -8.311720 ,  -71.190430 ,2023-08-20 18:24:00,Brasil,ACRE,TARAUACÁ,Amazônia
 1645397878 ,22b6d37c-c7ff-37fb-b322-73f3a53f5e0a,   -8.301160 ,  -70.762280 ,2023-08-20 18:24:00,Brasil,ACRE,TARAUACÁ,Amazônia
 1645397879 ,eb0a3433-16ee-34d5-9450-52a65bd2e20b,   -8.263890 ,  -70.806840 ,2023-08-20 18:24:00,Brasil,ACRE,TARAUACÁ,Amazônia
 1645397880 ,8d55fab2-6c28-391a-9bab-e4969f150fa3,   -8.250280 ,  -70.749520 ,2023-08-20 18:24:00,Brasil,ACRE,TARAUACÁ,Amazônia
 1645397881 ,35cf8e38-2e75-3ea1-943e-45637fca61e6,   -8.152090 ,  -71.433210 ,2023-08-20 18:24:00,Brasil,ACRE,TARAUACÁ,Amazônia
 1645397882 ,47bfcd7a-8682-318e-8892-ac2ea66aaeda,   -8.121500 ,  -71.385920 ,2023-08-20 18:24:00,Brasil,ACRE,TARAUACÁ,Amazônia
 1645397883 ,89ca56f8-837e-388b-9586-e10e6bc5f2ee,   -8.113270 ,  -71.243740 ,2023-08-20 18:24:00,Brasil,ACRE,TARAUACÁ,Amazônia
 1645397884 ,10e39f43-ab5c-3139-8702-22d37cfbfa2c,   -8.102310 ,  -71.245320 ,2023-08-20 18:24:00,Brasil,ACRE,TARAUACÁ,Amazônia
 1645397885 ,26aefcdf-662e-3a85-b6f6-c81a41022b67,   -8.073550 ,  -70.799010 ,2023-08-20 18:24:00,Brasil,ACRE,TARAUACÁ,Amazônia
 1645397886 ,a23bf12a-8451-3fe3-a8c6-fecfa047bef2,   -8.052840 ,  -71.126100 ,2023-08-20 18:24:00,Brasil,ACRE,TARAUACÁ,Amazônia
 1645397887 ,22cfbbf0-7aeb-3e9d-99f0-80568ab59af8,   -8.031230 ,  -70.572620 ,2023-08-20 18:24:00,Brasil,ACRE,FEIJÓ,Amazônia
 1645397888 ,2e6d683a-fc2e-39b1-8e85-bfe983bfb958,   -8.020820 ,  -70.574090 ,2023-08-20 18:24:00,Brasil,ACRE,FEIJÓ,Amazônia
 1645397889 ,a396c039-6191-3f7c-b9ca-65d263c229e4,   -7.992160 ,  -71.438030 ,2023-08-20 18:24:00,Brasil,ACRE,TARAUACÁ,Amazônia
 1645397890 ,91fe7fa2-b30c-3131-8901-11ec36556bd8,   -7.991850 ,  -71.351170 ,2023-08-20 18:24:00,Brasil,ACRE,TARAUACÁ,Amazônia
 1645397891 ,f399bb0c-451f-36fd-b5ec-bc9e3faa1610,   -7.989970 ,  -71.337130 ,2023-08-20 18:24:00,Brasil,ACRE,TARAUACÁ,Amazônia
 1645397892 ,1530be95-1cdf-3ac7-bced-c821f9e2410e,   -7.952210 ,  -71.406850 ,2023-08-20 18:24:00,Brasil,ACRE,TARAUACÁ,Amazônia
 1645397893 ,8399fbd7-1918-3592-82fc-cfabb634f753,   -7.908950 ,  -71.679180 ,2023-08-20 18:24:00,Brasil,ACRE,TARAUACÁ,Amazônia
 1645397894 ,62bfa6f9-ac56-38eb-810f-77c34ec86117,   -7.908580 ,  -71.669260 ,2023-08-20 18:24:00,Brasil,ACRE,TARAUACÁ,Amazônia
 1645397895 ,c9a674d4-6681-3196-bd3f-7eb331cc1c44,   -7.907010 ,  -71.664350 ,2023-08-20 18:24:00,Brasil,ACRE,TARAUACÁ,Amazônia
 1645397906 ,6da2b2f5-09bc-333f-8afb-d2a5a240e503,   -7.945020 ,  -72.286000 ,2023-08-20 18:24:00,Brasil,ACRE,CRUZEIRO DO SUL,Amazônia
 1645397907 ,7d8ef569-752b-3716-a4d2-9732b78421ad,   -7.919040 ,  -72.415660 ,2023-08-20 18:24:00,Brasil,ACRE,CRUZEIRO DO SUL,Amazônia
 1645397908 ,e1deaaef-191d-35f6-ab95-5655ab99cf28,   -7.871790 ,  -72.336310 ,2023-08-20 18:24:00,Brasil,ACRE,CRUZEIRO DO SUL,Amazônia
 1645397909 ,9088d141-a104-3991-8926-b51073afdc74,   -7.847020 ,  -72.465100 ,2023-08-20 18:24:00,Brasil,ACRE,CRUZEIRO DO SUL,Amazônia
 1645397910 ,174ef3e0-a147-3a99-b85f-69f7c7e194ce,   -7.841740 ,  -72.478100 ,2023-08-20 18:24:00,Brasil,ACRE,CRUZEIRO DO SUL,Amazônia
 1645397911 ,0e08ce3e-718f-320d-9dcb-f69d47e35d55,   -7.839510 ,  -72.460890 ,2023-08-20 18:24:00,Brasil,ACRE,CRUZEIRO DO SUL,Amazônia
 1645397912 ,d5b41bb1-74c5-3e13-b3ca-10e4efdaaf5e,   -7.790400 ,  -72.055820 ,2023-08-20 18:24:00,Brasil,ACRE,CRUZEIRO DO SUL,Amazônia
 1645397913 ,a160e333-e7b4-3509-90e8-01aaf74e9d2d,   -7.788220 ,  -72.067000 ,2023-08-20 18:24:00,Brasil,ACRE,CRUZEIRO DO SUL,Amazônia
 1645397914 ,6ce3ac24-359a-31cc-b5c2-aac444f1194b,   -7.786150 ,  -72.051230 ,2023-08-20 18:24:00,Brasil,ACRE,CRUZEIRO DO SUL,Amazônia
 1645397915 ,d1c3bd10-02bf-320f-a847-c14b803ea399,   -7.777980 ,  -72.138210 ,2023-08-20 18:24:00,Brasil,ACRE,CRUZEIRO DO SUL,Amazônia
 1645397916 ,f27fc723-0075-38a8-91d4-de4a61a72bbd,   -7.678670 ,  -72.442910 ,2023-08-20 18:24:00,Brasil,ACRE,CRUZEIRO DO SUL,Amazônia
 1645397917 ,c2688ab4-8d7d-33e8-bffe-97ea3aa13e54,   -7.676440 ,  -72.426060 ,2023-08-20 18:24:00,Brasil,ACRE,CRUZEIRO DO SUL,Amazônia
 1645397918 ,7b855633-d8dd-3f4d-9e33-8951a8b4da35,   -7.675030 ,  -72.913270 ,2023-08-20 18:24:00,Brasil,ACRE,RODRIGUES ALVES,Amazônia
 1645397919 ,8519a4b1-f8f6-3b08-a9df-332bb983833e,   -7.672600 ,  -72.895070 ,2023-08-20 18:24:00,Brasil,ACRE,RODRIGUES ALVES,Amazônia
 1645397920 ,19bf3be7-b536-3cfb-a371-2e43faec6c18,   -7.649860 ,  -72.452160 ,2023-08-20 18:24:00,Brasil,ACRE,CRUZEIRO DO SUL,Amazônia
 1645397921 ,5a6fe504-15ef-3ce1-8791-e70c162cdcbd,   -7.644930 ,  -72.464650 ,2023-08-20 18:24:00,Brasil,ACRE,CRUZEIRO DO SUL,Amazônia
 1645397922 ,b5fbf43b-4b31-31aa-8ce2-99ff43a610a5,   -7.570340 ,  -73.008940 ,2023-08-20 18:24:00,Brasil,ACRE,MÂNCIO LIMA,Amazônia
 1645397933 ,1db8d4c6-4743-373d-ba1b-ab2ef77e25ee,   -8.946260 ,  -72.849940 ,2023-08-20 18:24:00,Brasil,ACRE,MARECHAL THAUMATURGO,Amazônia
 1645397934 ,5fb68a0d-c0cf-3b06-a4c0-e1fae020dfb4,   -8.798750 ,  -71.911510 ,2023-08-20 18:24:00,Brasil,ACRE,JORDÃO,Amazônia
 1645397935 ,4213ad4d-3def-3ea7-9dbc-ddc0d34b9358,   -8.602770 ,  -72.919560 ,2023-08-20 18:24:00,Brasil,ACRE,PORTO WALTER,Amazônia
 1645397936 ,8f91e33d-231a-3f9a-ba51-9339d4946b2e,   -8.251770 ,  -73.127230 ,2023-08-20 18:24:00,Brasil,ACRE,CRUZEIRO DO SUL,Amazônia
 1645397937 ,a9af9656-6d9c-3f31-9a25-f66521b97b35,   -8.249210 ,  -73.107800 ,2023-08-20 18:24:00,Brasil,ACRE,CRUZEIRO DO SUL,Amazônia
 1645397938 ,627a8992-efe5-37cd-ba26-073f1b618cb8,   -8.211750 ,  -72.824170 ,2023-08-20 18:24:00,Brasil,ACRE,PORTO WALTER,Amazônia
 1645397939 ,cb6cb837-21b9-3f2d-8f12-2b3043f5b3af,   -8.122870 ,  -72.067720 ,2023-08-20 18:24:00,Brasil,ACRE,TARAUACÁ,Amazônia
 1645397940 ,ecc935a3-0119-39ae-8988-adc6839a970b,   -8.070340 ,  -72.452480 ,2023-08-20 18:24:00,Brasil,ACRE,CRUZEIRO DO SUL,Amazônia
 1645397941 ,032788ef-66d9-3d75-8c7c-96dbe6ca6424,   -8.066440 ,  -72.332230 ,2023-08-20 18:24:00,Brasil,ACRE,CRUZEIRO DO SUL,Amazônia
 1645397942 ,76552d54-a99d-346c-abe0-5b3ce83c3205,   -8.064180 ,  -72.315460 ,2023-08-20 18:24:00,Brasil,ACRE,CRUZEIRO DO SUL,Amazônia
 1645397943 ,e6d7102d-f7e7-39d4-a84e-98e3fbff35fb,   -8.008110 ,  -72.483540 ,2023-08-20 18:24:00,Brasil,ACRE,CRUZEIRO DO SUL,Amazônia
 1645397944 ,c6d997ac-ba74-3f14-953c-f46043db07a3,   -7.979780 ,  -72.737790 ,2023-08-20 18:24:00,Brasil,ACRE,CRUZEIRO DO SUL,Amazônia
 1645397945 ,b6adffec-6840-34ec-af0c-ed3da611cec3,   -7.976580 ,  -72.745060 ,2023-08-20 18:24:00,Brasil,ACRE,CRUZEIRO DO SUL,Amazônia
 1645397957 ,2d6f5dfd-d0b2-35c9-91eb-5470d73143ce,   -7.529450 ,  -73.290610 ,2023-08-20 18:24:00,Brasil,ACRE,MÂNCIO LIMA,Amazônia
 1645398557 ,7bb1e351-20a8-3413-9813-40617a91f6ef,   -9.999140 ,  -66.854230 ,2023-08-20 18:24:00,Brasil,ACRE,ACRELÂNDIA,Amazônia
 1645398558 ,03860050-9de5-3a72-9088-7d9e9775df31,   -9.997840 ,  -66.845190 ,2023-08-20 18:24:00,Brasil,ACRE,ACRELÂNDIA,Amazônia
 1645398644 ,7e8434d5-70c8-33d2-9f2a-19d0e2490d24,  -10.008790 ,  -66.856330 ,2023-08-20 18:24:00,Brasil,ACRE,ACRELÂNDIA,Amazônia
 1645398645 ,c886474b-e4a0-36cd-8f6c-500fa285efd1,  -10.007500 ,  -66.847290 ,2023-08-20 18:24:00,Brasil,ACRE,ACRELÂNDIA,Amazônia
 1645398695 ,7fc6eb85-52e4-339b-a1b5-8dac8e8ebcac,   -9.235050 ,  -68.348490 ,2023-08-20 18:24:00,Brasil,ACRE,SENA MADUREIRA,Amazônia
 1645398710 ,93661982-c8df-341b-ba50-8d9866a7012f,  -10.639350 ,  -69.059500 ,2023-08-20 18:24:00,Brasil,ACRE,BRASILÉIA,Amazônia
 1645398711 ,43272dc0-e30f-3404-99c1-729b6a399e2f,  -10.568360 ,  -68.828200 ,2023-08-20 18:24:00,Brasil,ACRE,XAPURI,Amazônia
 1645398712 ,c16f6ef0-791c-31b6-9ecd-8fe653b7136c,  -10.203630 ,  -68.775510 ,2023-08-20 18:24:00,Brasil,ACRE,RIO BRANCO,Amazônia
 1645398713 ,41deba69-4c70-3355-8f43-0019d4cb450b,  -10.397150 ,  -68.112430 ,2023-08-20 18:24:00,Brasil,ACRE,XAPURI,Amazônia
 1645398714 ,5ffebcad-da45-3859-bc61-c2a891310dde,  -10.395790 ,  -68.102650 ,2023-08-20 18:24:00,Brasil,ACRE,XAPURI,Amazônia
 1645398715 ,a373ca9d-4177-353d-b981-700bd23db75c,  -10.387870 ,  -68.113770 ,2023-08-20 18:24:00,Brasil,ACRE,XAPURI,Amazônia
 1645398716 ,b67ffb54-6b30-315f-bdc2-8485f715f0d1,  -10.386520 ,  -68.103980 ,2023-08-20 18:24:00,Brasil,ACRE,XAPURI,Amazônia
 1645398717 ,91dff4fe-3d73-352a-8c27-f93fd4e0db53,  -10.156520 ,  -68.572000 ,2023-08-20 18:24:00,Brasil,ACRE,RIO BRANCO,Amazônia
 1645398718 ,8e26e179-ed0a-3a22-8106-d47e2dfb89f6,  -10.151860 ,  -68.579250 ,2023-08-20 18:24:00,Brasil,ACRE,RIO BRANCO,Amazônia
 1645398719 ,8526cd91-49f6-32ed-8b14-a899e5046fdd,  -10.150420 ,  -68.569060 ,2023-08-20 18:24:00,Brasil,ACRE,RIO BRANCO,Amazônia
 1645398720 ,5b6740c6-dec3-3e3e-86d6-ba50f19e8c11,  -10.142530 ,  -67.672350 ,2023-08-20 18:24:00,Brasil,ACRE,SENADOR GUIOMARD,Amazônia
 1645398721 ,ec1e5c65-3e81-316a-841b-789d6f9c9191,  -10.107550 ,  -68.400410 ,2023-08-20 18:24:00,Brasil,ACRE,RIO BRANCO,Amazônia
 1645398722 ,f82766f0-5814-3fea-b990-163667b27c7a,  -10.106160 ,  -68.390440 ,2023-08-20 18:24:00,Brasil,ACRE,RIO BRANCO,Amazônia
 1645398723 ,f64abd3b-851d-32dc-98a2-dd5eba816136,  -10.096150 ,  -68.525080 ,2023-08-20 18:24:00,Brasil,ACRE,RIO BRANCO,Amazônia
 1645398724 ,003ef49f-8104-3fa1-81fa-05aadd2686ba,  -10.086730 ,  -68.526440 ,2023-08-20 18:24:00,Brasil,ACRE,RIO BRANCO,Amazônia
 1645398725 ,771fce1f-04a9-3353-a901-566e4612b065,  -10.045790 ,  -67.634580 ,2023-08-20 18:24:00,Brasil,ACRE,RIO BRANCO,Amazônia
 1645398726 ,d2564f4f-e669-3f21-bf00-6eb279a88b3f,  -10.039340 ,  -67.654690 ,2023-08-20 18:24:00,Brasil,ACRE,RIO BRANCO,Amazônia
 1645398727 ,97e17d5a-ac1e-348d-b433-3cb3e8a58952,  -10.038020 ,  -67.645320 ,2023-08-20 18:24:00,Brasil,ACRE,RIO BRANCO,Amazônia
 1645398728 ,4ca8a4ca-f567-388e-ada7-c20e6bca8e97,   -9.364730 ,  -68.834240 ,2023-08-20 18:24:00,Brasil,ACRE,SENA MADUREIRA,Amazônia
 1645398729 ,121640f0-a1ac-3f9b-b4bc-0a93be309954,   -9.363320 ,  -68.823950 ,2023-08-20 18:24:00,Brasil,ACRE,SENA MADUREIRA,Amazônia
 1645398730 ,96e99fbf-2920-3353-98c7-7397777899b0,   -9.881860 ,  -67.911570 ,2023-08-20 18:24:00,Brasil,ACRE,RIO BRANCO,Amazônia
 1645398731 ,edac7551-dbd4-393b-9fe5-eb4e2bdc9ae3,   -9.791930 ,  -67.863370 ,2023-08-20 18:24:00,Brasil,ACRE,BUJARI,Amazônia
 1645398732 ,14231fcb-5634-3586-83aa-b8c5b9741856,   -9.782790 ,  -67.864700 ,2023-08-20 18:24:00,Brasil,ACRE,BUJARI,Amazônia
 1645398733 ,f3e644cd-3c03-3352-819e-f49cf0a69ad6,   -9.777850 ,  -67.948640 ,2023-08-20 18:24:00,Brasil,ACRE,BUJARI,Amazônia
 1645398734 ,55a2b4b0-bee3-3daa-a2b2-0e6f6705bf4a,   -9.774860 ,  -67.861820 ,2023-08-20 18:24:00,Brasil,ACRE,BUJARI,Amazônia
 1645398735 ,e787abfc-7f3e-365c-ada3-4d1b4538bf7c,   -9.773520 ,  -67.852350 ,2023-08-20 18:24:00,Brasil,ACRE,BUJARI,Amazônia
 1645398736 ,bccd6676-57b9-3e7c-a329-d2a77fc8b220,   -9.620320 ,  -68.612690 ,2023-08-20 18:24:00,Brasil,ACRE,RIO BRANCO,Amazônia
 1645398737 ,8fe18e47-defb-39ce-873e-845ee1526002,   -9.569620 ,  -68.636820 ,2023-08-20 18:24:00,Brasil,ACRE,RIO BRANCO,Amazônia
 1645398738 ,21bf0c0f-145e-3e4f-ac1e-a8dc2b4b7f34,   -9.568220 ,  -68.626720 ,2023-08-20 18:24:00,Brasil,ACRE,RIO BRANCO,Amazônia
 1645398742 ,ac504796-b34e-3f29-9ea7-c82d3b3bda41,  -10.955660 ,  -68.372370 ,2023-08-20 18:24:00,Brasil,ACRE,XAPURI,Amazônia
 1645398743 ,fddf6ec4-cd21-34d3-a7fc-0418520a4da2,  -10.950350 ,  -68.368260 ,2023-08-20 18:24:00,Brasil,ACRE,XAPURI,Amazônia
 1645627935 ,9de0ea19-d1ca-3c11-a7ee-d75098715b43,   -9.135310 ,  -70.823090 ,2023-08-21 19:06:00,Brasil,ACRE,FEIJÓ,Amazônia
 1645627936 ,c08c78af-a8df-3af5-b043-69883c33aa82,   -9.134630 ,  -70.830680 ,2023-08-21 19:06:00,Brasil,ACRE,FEIJÓ,Amazônia
 1645627937 ,2b79ea95-7b52-3bfa-8ab1-43a25f0e27e4,   -9.044910 ,  -70.603320 ,2023-08-21 19:06:00,Brasil,ACRE,FEIJÓ,Amazônia
 1645627938 ,86e77e63-f148-3a0d-a3c5-3bd10c2a0cb5,   -9.034750 ,  -70.610340 ,2023-08-21 19:06:00,Brasil,ACRE,FEIJÓ,Amazônia
 1645627939 ,97073cb2-347f-337e-a471-f4a1f3289235,   -8.988400 ,  -72.659670 ,2023-08-21 19:06:00,Brasil,ACRE,MARECHAL THAUMATURGO,Amazônia
 1645627943 ,90298804-b387-380e-a6e2-92ff49c90181,   -8.254850 ,  -73.364110 ,2023-08-21 19:06:00,Brasil,ACRE,CRUZEIRO DO SUL,Amazônia
 1645627944 ,039b4523-e88d-360d-bde5-8d882d9a96a1,   -8.008930 ,  -72.724850 ,2023-08-21 19:06:00,Brasil,ACRE,CRUZEIRO DO SUL,Amazônia
 1645627946 ,d8f6a287-79a4-3908-abe1-09ab4780d85d,   -7.537240 ,  -73.487530 ,2023-08-21 19:06:00,Brasil,ACRE,MÂNCIO LIMA,Amazônia
 1645627961 ,43d00237-8cb9-3989-a9ad-80cb79cf9bb9,  -10.206510 ,  -68.788270 ,2023-08-21 19:04:00,Brasil,ACRE,RIO BRANCO,Amazônia
 1645627962 ,20c39bd8-f0c6-3513-97dc-3ca6ce3f5620,  -10.206250 ,  -68.783300 ,2023-08-21 19:04:00,Brasil,ACRE,RIO BRANCO,Amazônia
 1645856515 ,0e57859e-82be-3022-b784-eea1d5decd6e,   -9.284750 ,  -68.311200 ,2023-08-22 18:09:00,Brasil,ACRE,SENA MADUREIRA,Amazônia
 1645856516 ,a03fba91-4e46-3717-a8db-5498af9b330c,   -9.279500 ,  -68.304850 ,2023-08-22 18:09:00,Brasil,ACRE,SENA MADUREIRA,Amazônia
 1645856532 ,95c8f315-8a81-303f-8c57-0d92d8518361,   -9.679460 ,  -68.617370 ,2023-08-22 18:09:00,Brasil,ACRE,RIO BRANCO,Amazônia
 1645856533 ,92893bf2-f2c9-3f97-b785-bbb6d2bc3285,   -9.636640 ,  -67.522720 ,2023-08-22 18:09:00,Brasil,ACRE,PORTO ACRE,Amazônia
 1645856534 ,3b07fa0b-cb63-3a02-8569-6ecdc5b59848,   -9.532800 ,  -68.570050 ,2023-08-22 18:09:00,Brasil,ACRE,SENA MADUREIRA,Amazônia
 1645856535 ,58bb1e5c-e23a-3b98-96c0-1e9fd33f8b79,  -10.342490 ,  -68.097960 ,2023-08-22 18:09:00,Brasil,ACRE,RIO BRANCO,Amazônia
 1645856536 ,901a81b2-5e8b-31bd-a6a2-63b6de069dc0,  -10.337180 ,  -68.149400 ,2023-08-22 18:09:00,Brasil,ACRE,RIO BRANCO,Amazônia
 1645856537 ,1e6a3c03-02da-3b32-bddb-2ead82629738,  -10.250740 ,  -67.944340 ,2023-08-22 18:09:00,Brasil,ACRE,RIO BRANCO,Amazônia
 1645856538 ,f2d30953-1f6e-34e5-bf6f-3313ca7c4309,  -10.248680 ,  -67.928120 ,2023-08-22 18:09:00,Brasil,ACRE,RIO BRANCO,Amazônia
 1645856539 ,d4ee0b86-334f-3422-bf8d-00740ab7f880,  -10.241760 ,  -67.934480 ,2023-08-22 18:09:00,Brasil,ACRE,RIO BRANCO,Amazônia
 1645857158 ,c9040600-9062-30b7-bf47-562f229c2737,   -9.201090 ,  -69.245510 ,2023-08-22 18:09:00,Brasil,ACRE,SENA MADUREIRA,Amazônia
 1645857159 ,b4ff377d-b901-353e-8bec-56a88bed9a6f,   -8.986430 ,  -68.877690 ,2023-08-22 18:09:00,Brasil,ACRE,SENA MADUREIRA,Amazônia
 1645857160 ,8ec321a1-fe8f-3b70-a2ff-cf431a4e47a3,   -8.983390 ,  -68.884930 ,2023-08-22 18:09:00,Brasil,ACRE,SENA MADUREIRA,Amazônia
 1645857161 ,93dc3f78-6558-3215-86f6-e23a2563f3f7,   -8.980990 ,  -68.866940 ,2023-08-22 18:09:00,Brasil,ACRE,SENA MADUREIRA,Amazônia
 1645857162 ,45b35f86-fb60-344f-ae34-0a776b9448eb,   -8.973440 ,  -68.904700 ,2023-08-22 18:09:00,Brasil,ACRE,SENA MADUREIRA,Amazônia
 1645857163 ,a321fb66-bc4e-3ace-b1fa-81ffb37342bd,   -8.810960 ,  -69.547360 ,2023-08-22 18:09:00,Brasil,ACRE,MANOEL URBANO,Amazônia
 1645857164 ,c176999e-1203-3ed3-a7e0-4c9756b67c64,   -8.808560 ,  -69.542560 ,2023-08-22 18:09:00,Brasil,ACRE,MANOEL URBANO,Amazônia
 1645857165 ,f888f5f4-73c6-35a2-980d-8770dadb558a,   -8.739990 ,  -69.604580 ,2023-08-22 18:09:00,Brasil,ACRE,MANOEL URBANO,Amazônia
 1645857166 ,fce5d864-1a67-30a1-9e5c-6316566498ca,   -8.738140 ,  -69.598140 ,2023-08-22 18:09:00,Brasil,ACRE,MANOEL URBANO,Amazônia
 1645857167 ,e9420f6c-ea42-3edc-bc4b-aa20f19d2da0,   -8.700550 ,  -69.507220 ,2023-08-22 18:09:00,Brasil,ACRE,MANOEL URBANO,Amazônia
 1645857168 ,d2ccd3d1-d51a-3db9-9072-8a5703a280cc,   -8.699480 ,  -69.500760 ,2023-08-22 18:09:00,Brasil,ACRE,MANOEL URBANO,Amazônia
 1645857169 ,b0614245-ea2f-3ddc-ac0e-aba55657a69a,   -8.607710 ,  -69.796120 ,2023-08-22 18:09:00,Brasil,ACRE,FEIJÓ,Amazônia
 1645857170 ,856fae2d-9349-3ffa-bcf1-754a774ff254,   -8.477470 ,  -70.201030 ,2023-08-22 18:09:00,Brasil,ACRE,FEIJÓ,Amazônia
 1645857171 ,d711491d-fcb8-3abb-a057-103171a3522d,   -8.030790 ,  -70.066150 ,2023-08-22 18:09:00,Brasil,ACRE,FEIJÓ,Amazônia
 1645857172 ,b37769e6-ee98-3b93-93d9-4ee487f1623e,  -10.462160 ,  -69.763670 ,2023-08-22 18:09:00,Brasil,ACRE,ASSIS BRASIL,Amazônia
 1645857173 ,b0f8b0b8-516e-3231-941f-6882c8d0ac84,  -10.455250 ,  -69.769780 ,2023-08-22 18:09:00,Brasil,ACRE,SENA MADUREIRA,Amazônia
 1645857174 ,3595dbea-9dad-398b-9e7b-5951eaf5d3ff,  -10.452410 ,  -69.747340 ,2023-08-22 18:09:00,Brasil,ACRE,SENA MADUREIRA,Amazônia
 1645857199 ,7fdcf854-9968-3666-8d23-884cd3e956de,   -7.726300 ,  -71.443860 ,2023-08-22 18:09:00,Brasil,ACRE,TARAUACÁ,Amazônia
 1645857200 ,822bbf75-fa45-36d6-bf7b-d1bc5866aba8,   -7.722830 ,  -71.416730 ,2023-08-22 18:09:00,Brasil,ACRE,TARAUACÁ,Amazônia
 1645857203 ,e168de8a-7230-366a-a497-9e5c4381e55f,   -8.734540 ,  -71.024100 ,2023-08-22 18:09:00,Brasil,ACRE,FEIJÓ,Amazônia
 1645857204 ,e8b5b9ea-788a-3482-a667-aad19bb6ab8f,   -8.713430 ,  -71.694560 ,2023-08-22 18:09:00,Brasil,ACRE,TARAUACÁ,Amazônia
 1645857205 ,932551f5-8b61-30d2-a362-ef59c8de0d64,   -8.709330 ,  -71.690420 ,2023-08-22 18:09:00,Brasil,ACRE,TARAUACÁ,Amazônia
 1645857206 ,0f4bdb3e-7222-3441-bff9-3609ef4ecb1f,   -8.496080 ,  -70.456660 ,2023-08-22 18:09:00,Brasil,ACRE,FEIJÓ,Amazônia
 1645857208 ,1a947616-6147-3842-882e-ed53b2af8f46,   -8.493100 ,  -70.433090 ,2023-08-22 18:09:00,Brasil,ACRE,FEIJÓ,Amazônia
 1645857209 ,efc9dbc7-463d-3579-a72e-3aa8ec48cc2f,   -8.369440 ,  -70.557850 ,2023-08-22 18:09:00,Brasil,ACRE,FEIJÓ,Amazônia
 1645857210 ,7c0fa38c-cc6a-388a-bba7-7be7cbad062f,   -8.265080 ,  -70.403920 ,2023-08-22 18:09:00,Brasil,ACRE,FEIJÓ,Amazônia
 1645857211 ,148aa99f-f1ed-3e65-9586-8f6921053bf3,   -8.262190 ,  -70.380580 ,2023-08-22 18:09:00,Brasil,ACRE,FEIJÓ,Amazônia
 1645857212 ,8ce6003a-5f21-3bed-a7bd-2a6dfe65c30e,   -8.255600 ,  -70.388370 ,2023-08-22 18:09:00,Brasil,ACRE,FEIJÓ,Amazônia
 1645857213 ,e6e8ee79-89b7-31ac-875d-ffbe9b6005f7,   -8.156390 ,  -70.429950 ,2023-08-22 18:09:00,Brasil,ACRE,FEIJÓ,Amazônia
 1645857214 ,cd560521-1b59-3aa9-bec4-15b383b4021c,   -8.103810 ,  -71.315800 ,2023-08-22 18:09:00,Brasil,ACRE,TARAUACÁ,Amazônia
 1645857215 ,5cc6b3a3-9966-3981-91b4-4f7dc66bddf6,   -8.103340 ,  -71.311120 ,2023-08-22 18:09:00,Brasil,ACRE,TARAUACÁ,Amazônia
 1645857219 ,45030fd5-30ba-317a-abd4-f71b76bd8beb,   -7.962770 ,  -72.092740 ,2023-08-22 18:09:00,Brasil,ACRE,TARAUACÁ,Amazônia
 1645857220 ,f761c39d-e4d3-3c39-a7a4-5f91b9ea214b,   -7.957710 ,  -72.085980 ,2023-08-22 18:09:00,Brasil,ACRE,TARAUACÁ,Amazônia
 1645857221 ,ac1bcfbe-b8bb-35e8-95ba-63cd49ce5707,   -7.887740 ,  -72.332490 ,2023-08-22 18:09:00,Brasil,ACRE,CRUZEIRO DO SUL,Amazônia
 1645857222 ,20195812-4cd5-3473-8731-9aa3b7e12e46,   -7.883560 ,  -72.300250 ,2023-08-22 18:09:00,Brasil,ACRE,CRUZEIRO DO SUL,Amazônia
 1645857223 ,f08caa65-6750-30b0-9f4b-067edaf4278b,   -7.880210 ,  -72.329120 ,2023-08-22 18:09:00,Brasil,ACRE,CRUZEIRO DO SUL,Amazônia
 1645857224 ,9e622d43-3e7e-31c1-90eb-845610a313df,   -7.876270 ,  -72.296830 ,2023-08-22 18:09:00,Brasil,ACRE,CRUZEIRO DO SUL,Amazônia
 1645857225 ,1b743cb4-8a03-38c3-bd75-82c46768661d,   -7.563840 ,  -73.025470 ,2023-08-22 18:09:00,Brasil,ACRE,MÂNCIO LIMA,Amazônia
 1645857229 ,b6d0a384-fe96-37b8-b72e-3c97a4acb035,   -9.047260 ,  -72.238300 ,2023-08-22 18:09:00,Brasil,ACRE,MARECHAL THAUMATURGO,Amazônia
 1645857230 ,05d8cb0b-4bae-39cb-acd3-0929a8e0ade4,   -9.038920 ,  -72.246340 ,2023-08-22 18:09:00,Brasil,ACRE,MARECHAL THAUMATURGO,Amazônia
 1645857231 ,27afa987-2096-3cca-ba99-1856d04d7908,   -8.234390 ,  -73.052530 ,2023-08-22 18:09:00,Brasil,ACRE,CRUZEIRO DO SUL,Amazônia
 1645857232 ,af7f76ce-e2a7-3df6-acb1-83593d1d1cef,   -8.229690 ,  -73.015210 ,2023-08-22 18:09:00,Brasil,ACRE,CRUZEIRO DO SUL,Amazônia
 1645857233 ,160c0b27-6214-3d32-adbd-649784c27d87,   -8.221670 ,  -73.046520 ,2023-08-22 18:09:00,Brasil,ACRE,CRUZEIRO DO SUL,Amazônia
 1645857234 ,b0b63b34-aa5e-3639-bbc6-3648feed490c,   -8.217260 ,  -73.009150 ,2023-08-22 18:09:00,Brasil,ACRE,CRUZEIRO DO SUL,Amazônia
 1645857235 ,6be87201-c634-3923-8b3c-8bd171ed6a38,   -7.953040 ,  -72.522200 ,2023-08-22 18:09:00,Brasil,ACRE,CRUZEIRO DO SUL,Amazônia
 1646123533 ,e5b6d331-28a3-3ac7-b8c7-f13bebe18c45,   -8.761890 ,  -72.817380 ,2023-08-23 18:51:00,Brasil,ACRE,MARECHAL THAUMATURGO,Amazônia
 1646123455 ,3386983d-60b0-3a84-a6dc-dc534ab53525,  -10.624160 ,  -69.246650 ,2023-08-23 18:51:00,Brasil,ACRE,BRASILÉIA,Amazônia
 1646123456 ,2212bc72-c972-3be8-837e-c06321c39079,  -10.572980 ,  -69.921640 ,2023-08-23 18:51:00,Brasil,ACRE,ASSIS BRASIL,Amazônia
 1646123468 ,88e2a3a0-4875-3c21-9d02-943bd72b3083,   -7.953020 ,  -70.731660 ,2023-08-23 18:51:00,Brasil,ACRE,TARAUACÁ,Amazônia
 1646123469 ,cc82a267-6044-3cd1-af50-47a73ba2b674,   -7.876490 ,  -70.896030 ,2023-08-23 18:51:00,Brasil,ACRE,TARAUACÁ,Amazônia
 1646123470 ,0e7debe3-5bb7-3f9b-b17b-151ea77941cc,   -7.874810 ,  -70.885010 ,2023-08-23 18:51:00,Brasil,ACRE,TARAUACÁ,Amazônia
 1646123472 ,86744744-7a85-3df6-b0d8-3a06ba85dc34,   -9.302920 ,  -70.996800 ,2023-08-23 18:51:00,Brasil,ACRE,FEIJÓ,Amazônia
 1646123473 ,324c2cf4-2f88-3175-ba2e-0f45c75fd94f,   -9.004290 ,  -70.572360 ,2023-08-23 18:51:00,Brasil,ACRE,FEIJÓ,Amazônia
 1646123474 ,68e4c756-5130-35a9-aa5c-d903f577ba70,   -9.001710 ,  -70.685320 ,2023-08-23 18:51:00,Brasil,ACRE,FEIJÓ,Amazônia
 1646123475 ,9b1c7e33-e004-3594-8a2c-cd0f723b95d0,   -8.838960 ,  -71.035450 ,2023-08-23 18:51:00,Brasil,ACRE,FEIJÓ,Amazônia
 1646123476 ,104bbfd6-6a0e-3039-ba77-7c7401886720,   -8.802710 ,  -71.217760 ,2023-08-23 18:51:00,Brasil,ACRE,TARAUACÁ,Amazônia
 1646123477 ,56717c32-cba7-3a18-bf1b-44f4c2b95769,   -8.779580 ,  -71.062030 ,2023-08-23 18:51:00,Brasil,ACRE,FEIJÓ,Amazônia
 1646123478 ,fc8f153a-f5c5-3193-b12b-8968c9c851b5,   -8.778020 ,  -71.051550 ,2023-08-23 18:51:00,Brasil,ACRE,FEIJÓ,Amazônia
 1646123479 ,a37d94a8-17ed-3301-b609-58088faea24d,   -8.691670 ,  -71.601780 ,2023-08-23 18:51:00,Brasil,ACRE,JORDÃO,Amazônia
 1646123480 ,24e7cccf-cb55-3709-be6c-70ca6f9a6fe8,   -8.664070 ,  -70.559400 ,2023-08-23 18:51:00,Brasil,ACRE,FEIJÓ,Amazônia
 1646123481 ,3ac2a845-7a27-32ed-a798-756937349a4f,   -8.525970 ,  -70.929570 ,2023-08-23 18:51:00,Brasil,ACRE,TARAUACÁ,Amazônia
 1646123482 ,3a9360e8-daa9-32d4-aa9e-15ca89b1c201,   -8.515490 ,  -70.595090 ,2023-08-23 18:51:00,Brasil,ACRE,FEIJÓ,Amazônia
 1646123483 ,59172036-4703-348d-b2f2-7e919e85ff91,   -8.493820 ,  -70.978370 ,2023-08-23 18:51:00,Brasil,ACRE,TARAUACÁ,Amazônia
 1646123484 ,246c5dc4-4ca7-3139-84fc-833144a3b4f6,   -8.482410 ,  -70.577360 ,2023-08-23 18:51:00,Brasil,ACRE,FEIJÓ,Amazônia
 1646123485 ,62ca6857-c0ab-35ab-b5f2-82866d1a9b02,   -8.463090 ,  -71.182780 ,2023-08-23 18:51:00,Brasil,ACRE,TARAUACÁ,Amazônia
 1646123486 ,2a4ff574-e3e7-370a-b284-a5752ae4fb32,   -8.386390 ,  -71.029170 ,2023-08-23 18:51:00,Brasil,ACRE,TARAUACÁ,Amazônia
 1646123487 ,c93b2500-be72-33ac-91b8-37d93d37c0ef,   -8.376740 ,  -71.030660 ,2023-08-23 18:51:00,Brasil,ACRE,TARAUACÁ,Amazônia
 1646123488 ,0da121c0-4e92-3783-bcbc-80805ed376c4,   -8.339190 ,  -70.714950 ,2023-08-23 18:51:00,Brasil,ACRE,TARAUACÁ,Amazônia
 1646123489 ,1c16b415-6f7c-37e1-8fe7-33516c3b6776,   -8.334340 ,  -70.749500 ,2023-08-23 18:51:00,Brasil,ACRE,TARAUACÁ,Amazônia
 1646123490 ,e4c1fff5-5714-350b-942d-4f3804c217b7,   -8.331020 ,  -70.727530 ,2023-08-23 18:51:00,Brasil,ACRE,TARAUACÁ,Amazônia
 1646123491 ,4b37038b-58e7-38fb-a461-8efffe87ad69,   -8.329350 ,  -70.716480 ,2023-08-23 18:51:00,Brasil,ACRE,TARAUACÁ,Amazônia
 1646123492 ,d9a7aa1d-adb4-310f-bf80-5067e564b8c3,   -8.258860 ,  -70.520710 ,2023-08-23 18:51:00,Brasil,ACRE,FEIJÓ,Amazônia
 1646123493 ,685970d4-fcc2-3efc-8c86-cb06c4544c94,   -8.218890 ,  -70.984440 ,2023-08-23 18:51:00,Brasil,ACRE,TARAUACÁ,Amazônia
 1646123494 ,2bf50622-7525-3186-92e8-d5f89c3bc4af,   -8.214830 ,  -70.980880 ,2023-08-23 18:51:00,Brasil,ACRE,TARAUACÁ,Amazônia
 1646123495 ,34707979-3247-3555-8407-1dcadc2f5448,   -9.068780 ,  -70.927590 ,2023-08-23 18:51:00,Brasil,ACRE,FEIJÓ,Amazônia
 1646123496 ,ec2e3a22-e2d7-322b-bb34-5cdea9b8e756,   -9.034340 ,  -70.702440 ,2023-08-23 18:51:00,Brasil,ACRE,FEIJÓ,Amazônia
 1646123497 ,e02b99d8-787c-389a-94ae-ff6fcdc8d60b,   -9.006000 ,  -70.583440 ,2023-08-23 18:51:00,Brasil,ACRE,FEIJÓ,Amazônia
 1646123498 ,5ba93d5b-1f4c-34cd-ac21-24a345eff6fc,   -8.907760 ,  -70.604620 ,2023-08-23 18:51:00,Brasil,ACRE,FEIJÓ,Amazônia
 1646123499 ,034154c0-55a6-3462-ae64-2df5f9d71304,   -8.837390 ,  -71.024960 ,2023-08-23 18:51:00,Brasil,ACRE,FEIJÓ,Amazônia
 1646123500 ,debc082d-bf0f-3e57-97b0-d5df1e0da79d,   -8.714360 ,  -71.688960 ,2023-08-23 18:51:00,Brasil,ACRE,TARAUACÁ,Amazônia
 1646123501 ,660178e0-7cb9-3dd2-847b-8183ddde25ef,   -8.662360 ,  -70.548190 ,2023-08-23 18:51:00,Brasil,ACRE,FEIJÓ,Amazônia
 1646123502 ,5ee0c23c-5035-3d85-b5a7-85f75908e764,   -8.577410 ,  -71.524100 ,2023-08-23 18:51:00,Brasil,ACRE,TARAUACÁ,Amazônia
 1646123503 ,48fcdda3-15b8-3471-b537-0ee3dd85ecf5,   -8.527590 ,  -70.940220 ,2023-08-23 18:51:00,Brasil,ACRE,TARAUACÁ,Amazônia
 1646123504 ,c75e08a1-31a7-36ce-9656-bad289d75291,   -8.492180 ,  -70.967720 ,2023-08-23 18:51:00,Brasil,ACRE,TARAUACÁ,Amazônia
 1646123505 ,76cb62f3-6091-3ca3-a31a-1805cd7b3fd7,   -8.491670 ,  -70.436780 ,2023-08-23 18:51:00,Brasil,ACRE,FEIJÓ,Amazônia
 1646123506 ,195e7ff0-7d0e-3f18-b697-a997bec9da26,   -8.478640 ,  -70.815480 ,2023-08-23 18:51:00,Brasil,ACRE,TARAUACÁ,Amazônia
 1646123507 ,3a1b9cc2-771f-35ca-b024-95e0d26fd897,   -8.472490 ,  -70.578820 ,2023-08-23 18:51:00,Brasil,ACRE,FEIJÓ,Amazônia
 1646123508 ,1dbe15a3-13c9-3701-9a0a-93d3074f603f,   -8.384810 ,  -71.018610 ,2023-08-23 18:51:00,Brasil,ACRE,TARAUACÁ,Amazônia
 1646123509 ,da00eef8-2ca4-317e-87e0-871f76c03b3f,   -8.152310 ,  -70.554630 ,2023-08-23 18:51:00,Brasil,ACRE,FEIJÓ,Amazônia
 1646123510 ,7dce59f1-63df-3523-bc1b-4de0dd7847bf,   -8.150590 ,  -70.550110 ,2023-08-23 18:51:00,Brasil,ACRE,FEIJÓ,Amazônia
 1646123511 ,ef278e6c-7424-3c87-9574-97ae30f29ac4,   -8.089680 ,  -70.213300 ,2023-08-23 18:51:00,Brasil,ACRE,FEIJÓ,Amazônia
 1646123522 ,0fb3a805-95ed-3920-9732-8c2da807e446,   -7.772820 ,  -72.050210 ,2023-08-23 18:51:00,Brasil,ACRE,CRUZEIRO DO SUL,Amazônia
 1646123523 ,03cfc659-8f10-330d-bcea-52a798644488,   -7.929710 ,  -72.293130 ,2023-08-23 18:51:00,Brasil,ACRE,CRUZEIRO DO SUL,Amazônia
 1646123524 ,19929a1d-7c6b-3abf-9785-c00bcbee44b7,   -7.668320 ,  -71.962810 ,2023-08-23 18:51:00,Brasil,ACRE,CRUZEIRO DO SUL,Amazônia
 1646123525 ,aaa87ad0-776d-3af9-af25-ec4e879ee656,   -9.353120 ,  -72.074390 ,2023-08-23 18:51:00,Brasil,ACRE,JORDÃO,Amazônia
 1646123526 ,042f1dde-3f1f-314a-b0cd-be9c765bb2cd,   -9.351730 ,  -72.065020 ,2023-08-23 18:51:00,Brasil,ACRE,JORDÃO,Amazônia
 1646123527 ,cbdaf375-bffa-3568-a986-32a494204ac3,   -9.304750 ,  -72.062530 ,2023-08-23 18:51:00,Brasil,ACRE,JORDÃO,Amazônia
 1646123528 ,8b62fb5d-225c-3090-9bfe-5fbbd843a0bb,   -9.175520 ,  -72.687450 ,2023-08-23 18:51:00,Brasil,ACRE,MARECHAL THAUMATURGO,Amazônia
 1646123529 ,ddcf6437-b961-38a6-959f-3ed8fb0519e4,   -9.076150 ,  -72.633610 ,2023-08-23 18:51:00,Brasil,ACRE,MARECHAL THAUMATURGO,Amazônia
 1646123530 ,8b2f8826-f874-370a-b48b-b43db18488ca,   -9.000340 ,  -72.623550 ,2023-08-23 18:51:00,Brasil,ACRE,MARECHAL THAUMATURGO,Amazônia
 1646123531 ,f7957054-52d9-3bf2-944c-e1fe71f8f4a7,   -8.972010 ,  -72.618480 ,2023-08-23 18:51:00,Brasil,ACRE,MARECHAL THAUMATURGO,Amazônia
 1646123532 ,eeb46123-3b1f-3302-88ee-2598386911d0,   -8.935940 ,  -72.435920 ,2023-08-23 18:51:00,Brasil,ACRE,MARECHAL THAUMATURGO,Amazônia
 1646123534 ,6bdc3a13-04d5-311b-af5a-1fdfd1924b04,   -8.500510 ,  -72.352020 ,2023-08-23 18:51:00,Brasil,ACRE,PORTO WALTER,Amazônia
 1646123535 ,557f0d10-cc9a-3d26-a81e-e198679fe2d4,   -9.294150 ,  -72.051290 ,2023-08-23 18:51:00,Brasil,ACRE,JORDÃO,Amazônia
 1646123536 ,dddbb4e6-23f2-39bb-ae5c-150876117ae2,   -9.279550 ,  -72.702420 ,2023-08-23 18:51:00,Brasil,ACRE,MARECHAL THAUMATURGO,Amazônia
 1646123537 ,c6d4ecab-4db6-399d-ac44-9c8bf82e8a46,   -9.078830 ,  -72.651890 ,2023-08-23 18:51:00,Brasil,ACRE,MARECHAL THAUMATURGO,Amazônia
 1646123538 ,6963716d-04d6-3fa7-b9e4-4da9744ca53d,   -9.077490 ,  -72.642750 ,2023-08-23 18:51:00,Brasil,ACRE,MARECHAL THAUMATURGO,Amazônia
 1646123539 ,cd9ce76c-7bc8-3804-ae85-cf6c30bc454e,   -8.970670 ,  -72.609330 ,2023-08-23 18:51:00,Brasil,ACRE,MARECHAL THAUMATURGO,Amazônia
 1646123540 ,07b7eec3-df61-311a-8354-2de403579455,   -8.902930 ,  -72.709420 ,2023-08-23 18:51:00,Brasil,ACRE,MARECHAL THAUMATURGO,Amazônia
 1646123541 ,b26a892f-9595-393b-8240-544ff710927e,   -8.481680 ,  -72.794740 ,2023-08-23 18:51:00,Brasil,ACRE,PORTO WALTER,Amazônia
 1646123542 ,56fcac4f-8e2e-3a40-99a8-6c4aed841cae,   -8.472690 ,  -72.796090 ,2023-08-23 18:51:00,Brasil,ACRE,PORTO WALTER,Amazônia
 1646123543 ,e7815255-ac79-3e87-a135-9260a5f02d1f,   -8.237230 ,  -73.136280 ,2023-08-23 18:51:00,Brasil,ACRE,CRUZEIRO DO SUL,Amazônia
 1646123544 ,d06f7cc0-16ba-39c7-8986-5c634110599d,   -8.235920 ,  -73.127270 ,2023-08-23 18:51:00,Brasil,ACRE,CRUZEIRO DO SUL,Amazônia
 1646123545 ,781e4b61-2506-3991-8634-3acdcf5ca6fb,   -8.059650 ,  -72.366940 ,2023-08-23 18:51:00,Brasil,ACRE,CRUZEIRO DO SUL,Amazônia
 1646123555 ,1b1f8863-46ec-39a2-bf5b-202fe3f02f14,   -9.483190 ,  -72.522940 ,2023-08-23 18:51:00,Brasil,ACRE,MARECHAL THAUMATURGO,Amazônia
 1646124266 ,d974d3ce-cece-3dc8-8f40-65485b4b46c2,  -10.464750 ,  -67.597480 ,2023-08-23 18:51:00,Brasil,ACRE,PLÁCIDO DE CASTRO,Amazônia
 1646124559 ,40e67adb-a5cd-34a8-a78c-7999b3e25781,   -8.054570 ,  -70.120180 ,2023-08-23 18:51:00,Brasil,ACRE,FEIJÓ,Amazônia
 1646124560 ,0c84026f-8759-3074-844e-8e5b0efb6b68,   -8.003960 ,  -70.065680 ,2023-08-23 18:51:00,Brasil,ACRE,FEIJÓ,Amazônia
 1646124561 ,2e7c5d37-ba63-3fc4-afb8-613c265eb945,   -9.125250 ,  -70.096620 ,2023-08-23 18:51:00,Brasil,ACRE,SANTA ROSA DO PURUS,Amazônia
 1646124562 ,9af1368a-6e2b-365a-9b35-b14ce3f89f1b,   -8.898300 ,  -69.439130 ,2023-08-23 18:51:00,Brasil,ACRE,MANOEL URBANO,Amazônia
 1646124563 ,54dd243f-c619-382e-a7f3-1ea64b46be6b,   -8.670130 ,  -69.680370 ,2023-08-23 18:51:00,Brasil,ACRE,FEIJÓ,Amazônia
 1646124564 ,582d36a9-758a-33dd-a319-b5906b0c9789,   -8.647400 ,  -69.605180 ,2023-08-23 18:51:00,Brasil,ACRE,FEIJÓ,Amazônia
 1646124565 ,55802528-0c2f-37e0-b960-e87dccde5725,   -8.643650 ,  -69.611530 ,2023-08-23 18:51:00,Brasil,ACRE,FEIJÓ,Amazônia
 1646124566 ,f71abc0f-2e74-35fe-ace8-390c5e6ba12f,   -8.641680 ,  -69.598600 ,2023-08-23 18:51:00,Brasil,ACRE,FEIJÓ,Amazônia
 1646124567 ,5d27e466-6f93-3593-86c8-9cfcadb29e62,   -8.611420 ,  -69.682370 ,2023-08-23 18:51:00,Brasil,ACRE,FEIJÓ,Amazônia
 1646124568 ,d0998237-290e-3d99-9d3a-7034cbaf4b76,   -8.609430 ,  -69.669560 ,2023-08-23 18:51:00,Brasil,ACRE,FEIJÓ,Amazônia
 1646124569 ,3f04099d-cdeb-3835-9c28-9fe457e9c200,   -8.572720 ,  -69.963450 ,2023-08-23 18:51:00,Brasil,ACRE,FEIJÓ,Amazônia
 1646124570 ,a5e4133c-e13a-3ca4-bbb4-295350e918b9,   -8.492660 ,  -70.239790 ,2023-08-23 18:51:00,Brasil,ACRE,FEIJÓ,Amazônia
 1646124571 ,78c812b7-89a7-35bc-9caf-d9ef152720ef,   -8.271090 ,  -69.864470 ,2023-08-23 18:51:00,Brasil,ACRE,FEIJÓ,Amazônia
 1646124572 ,73aa544f-142f-355e-b052-35251fb78f9b,   -8.269150 ,  -69.851920 ,2023-08-23 18:51:00,Brasil,ACRE,FEIJÓ,Amazônia
 1646124573 ,9fa4aee1-7f45-3262-8234-a4052671032b,   -8.002050 ,  -70.053400 ,2023-08-23 18:51:00,Brasil,ACRE,FEIJÓ,Amazônia
 1646124575 ,9dbbc6fe-fab4-330a-8aa0-868b8ee6679c,   -8.658740 ,  -70.054920 ,2023-08-23 18:51:00,Brasil,ACRE,FEIJÓ,Amazônia
 1646124576 ,eb95fb1e-e428-3b32-8897-da36b60a72aa,   -8.621920 ,  -69.680670 ,2023-08-23 18:51:00,Brasil,ACRE,FEIJÓ,Amazônia
 1646124577 ,03d7a4fc-7c6f-3bee-92b4-41818ac0171c,   -8.606260 ,  -69.786570 ,2023-08-23 18:51:00,Brasil,ACRE,FEIJÓ,Amazônia
 1646124578 ,0e8007ea-7508-3e97-a931-87f34f726d72,   -8.431500 ,  -70.244170 ,2023-08-23 18:51:00,Brasil,ACRE,FEIJÓ,Amazônia
 1646124579 ,d3c3220f-031a-3860-9929-22e84afabb51,   -9.471720 ,  -70.478720 ,2023-08-23 18:51:00,Brasil,ACRE,SANTA ROSA DO PURUS,Amazônia
 1646124580 ,cfad46ae-98ec-32af-a505-c6ffeaf1bb40,   -9.331020 ,  -70.433460 ,2023-08-23 18:51:00,Brasil,ACRE,SANTA ROSA DO PURUS,Amazônia
 1646124581 ,28a337c5-c6d1-3f70-bca6-eab3ae80b3cc,   -9.330550 ,  -70.427940 ,2023-08-23 18:51:00,Brasil,ACRE,SANTA ROSA DO PURUS,Amazônia
 1646124582 ,71d36506-9018-3380-902e-de73371a3be2,   -9.329340 ,  -70.422290 ,2023-08-23 18:51:00,Brasil,ACRE,SANTA ROSA DO PURUS,Amazônia
 1646124583 ,6116b9c1-21e5-3407-b2be-024f35614ee6,  -10.690470 ,  -69.562400 ,2023-08-23 18:51:00,Brasil,ACRE,BRASILÉIA,Amazônia
 1646124584 ,092bccf4-8663-386f-9b44-361eaf8444f4,  -10.688550 ,  -69.550260 ,2023-08-23 18:51:00,Brasil,ACRE,BRASILÉIA,Amazônia
 1646124585 ,3d3f0ecb-6bec-3d69-836e-717f6986a220,  -10.628460 ,  -69.240170 ,2023-08-23 18:51:00,Brasil,ACRE,BRASILÉIA,Amazônia
 1646125460 ,9ff104a0-f232-3b9c-9b5f-82b906fa981f,   -9.295450 ,  -68.766270 ,2023-08-23 18:51:00,Brasil,ACRE,SENA MADUREIRA,Amazônia
 1646125478 ,22020220-8479-3d93-81f4-6803ad1e157e,   -9.998330 ,  -67.567750 ,2023-08-23 18:51:00,Brasil,ACRE,RIO BRANCO,Amazônia
 1646125479 ,d5e8f518-97c4-3450-9f53-7e1c30dd8083,   -9.957550 ,  -68.508470 ,2023-08-23 18:51:00,Brasil,ACRE,RIO BRANCO,Amazônia
 1646125480 ,97445b93-55de-3c68-9fe5-57f20531d7f2,   -9.805030 ,  -67.844410 ,2023-08-23 18:51:00,Brasil,ACRE,BUJARI,Amazônia
 1646125481 ,0ca81fb5-0560-3f53-9522-b54ff282518a,   -9.766560 ,  -67.606700 ,2023-08-23 18:51:00,Brasil,ACRE,PORTO ACRE,Amazônia
 1646125482 ,4f7a1640-8684-385e-99cb-934b84dbcb15,   -9.763730 ,  -67.589260 ,2023-08-23 18:51:00,Brasil,ACRE,PORTO ACRE,Amazônia
 1646125483 ,8399eb44-62d4-34f7-a3a9-5b1d2339d8b8,   -9.696620 ,  -68.091930 ,2023-08-23 18:51:00,Brasil,ACRE,BUJARI,Amazônia
 1646125484 ,cb3782c2-a545-3e9d-a0ce-89bf36b10a93,   -9.691450 ,  -68.087190 ,2023-08-23 18:51:00,Brasil,ACRE,BUJARI,Amazônia
 1646125485 ,d3d53a4b-2ebb-3386-8ba3-daa0adea090b,  -10.599120 ,  -68.711980 ,2023-08-23 18:51:00,Brasil,ACRE,XAPURI,Amazônia
 1646125486 ,92d74be2-30d0-3d20-a5ec-dc17240364e1,  -10.588210 ,  -68.713760 ,2023-08-23 18:51:00,Brasil,ACRE,XAPURI,Amazônia
 1646125487 ,8c52a9ab-cde7-39aa-a3e2-a824094f7c28,  -10.530500 ,  -68.059180 ,2023-08-23 18:51:00,Brasil,ACRE,XAPURI,Amazônia
 1646125488 ,b253a0f8-ce2f-35a0-a542-2b385d818566,  -10.528110 ,  -68.052670 ,2023-08-23 18:51:00,Brasil,ACRE,XAPURI,Amazônia
 1646125489 ,2141c82a-fa38-33b7-9655-07aa0189e2ff,  -10.528050 ,  -68.043630 ,2023-08-23 18:51:00,Brasil,ACRE,XAPURI,Amazônia
 1646125490 ,e210c22f-8fa7-3b93-8130-d7aacb287df8,  -10.525540 ,  -68.037130 ,2023-08-23 18:51:00,Brasil,ACRE,XAPURI,Amazônia
 1646125491 ,e876b5f0-5616-3bc8-ac3a-32e6e9470e54,  -10.519020 ,  -68.061080 ,2023-08-23 18:51:00,Brasil,ACRE,XAPURI,Amazônia
 1646125492 ,4b718f84-a572-3680-b3e4-23602a688580,  -10.516610 ,  -68.054540 ,2023-08-23 18:51:00,Brasil,ACRE,XAPURI,Amazônia
 1646125493 ,52968903-8c0b-3140-b933-10ef5254b389,  -10.516540 ,  -68.045490 ,2023-08-23 18:51:00,Brasil,ACRE,XAPURI,Amazônia
 1646125494 ,a3fef2e5-5c11-3818-b14c-6c7f74e42575,  -10.514020 ,  -68.038940 ,2023-08-23 18:51:00,Brasil,ACRE,XAPURI,Amazônia
 1646125495 ,0c1a359b-a8c3-3886-866d-04a9e333995c,  -10.467540 ,  -67.614290 ,2023-08-23 18:51:00,Brasil,ACRE,PLÁCIDO DE CASTRO,Amazônia
 1646125496 ,d7509bd4-c7df-32f0-8f8e-a6d73c323ce7,  -10.391080 ,  -69.070790 ,2023-08-23 18:51:00,Brasil,ACRE,XAPURI,Amazônia
 1646125497 ,36dae712-ccad-3728-8bf9-b062d462b94c,  -10.387950 ,  -67.959370 ,2023-08-23 18:51:00,Brasil,ACRE,CAPIXABA,Amazônia
 1646125498 ,d3e56abf-6739-367b-8ef3-aa8f3e2dfb87,  -10.332060 ,  -67.836390 ,2023-08-23 18:51:00,Brasil,ACRE,CAPIXABA,Amazônia
 1646125499 ,71048d86-e2f3-370b-b2d5-b05297c8dfd1,  -10.323010 ,  -67.854560 ,2023-08-23 18:51:00,Brasil,ACRE,CAPIXABA,Amazônia
 1646125500 ,f483df9c-5b0b-3c85-99ba-7086ed2da2af,  -10.320330 ,  -67.838330 ,2023-08-23 18:51:00,Brasil,ACRE,CAPIXABA,Amazônia
 1646125501 ,d78120e6-1e0f-37ad-a5d4-d91d566cee1a,  -10.210370 ,  -68.583280 ,2023-08-23 18:51:00,Brasil,ACRE,RIO BRANCO,Amazônia
 1646125502 ,396ac624-5432-389e-b098-d0ed4aa9a48f,  -10.208960 ,  -68.786960 ,2023-08-23 18:51:00,Brasil,ACRE,RIO BRANCO,Amazônia
 1646125503 ,8b1995ff-647c-3a6f-abc2-68b7ce87f575,  -10.198040 ,  -68.788710 ,2023-08-23 18:51:00,Brasil,ACRE,RIO BRANCO,Amazônia
 1646125504 ,61f2c2e8-2dd9-38e6-b924-a0ac9151b67c,  -10.177440 ,  -68.953020 ,2023-08-23 18:51:00,Brasil,ACRE,RIO BRANCO,Amazônia
 1646125505 ,7b86d63b-2a11-349c-bf35-8e6c4a4e1585,  -10.131410 ,  -67.661330 ,2023-08-23 18:51:00,Brasil,ACRE,SENADOR GUIOMARD,Amazônia
 1646125507 ,4611cba4-c6e5-3c3c-878f-77b4499498e7,  -10.104740 ,  -68.635860 ,2023-08-23 18:51:00,Brasil,ACRE,RIO BRANCO,Amazônia
 1646125508 ,53824c4e-e5c7-3065-93f8-c84c6452d8e3,  -10.066220 ,  -68.538280 ,2023-08-23 18:51:00,Brasil,ACRE,RIO BRANCO,Amazônia
 1646125524 ,dbcc3f69-abde-3173-8459-a12e023c2da4,  -10.976150 ,  -68.765780 ,2023-08-23 18:51:00,Brasil,ACRE,BRASILÉIA,Amazônia
 1646321108 ,fae9f149-45a6-395d-8df2-cbdebcd87d68,   -9.944200 ,  -67.062760 ,2023-08-24 17:54:00,Brasil,ACRE,ACRELÂNDIA,Amazônia
 1646321194 ,2301f258-bef4-3856-a952-46a9695a44eb,  -10.528530 ,  -68.046540 ,2023-08-24 17:54:00,Brasil,ACRE,XAPURI,Amazônia
 1646321195 ,8c563dd9-093e-318a-91a3-1e104d66e652,  -10.518780 ,  -68.055280 ,2023-08-24 17:54:00,Brasil,ACRE,XAPURI,Amazônia
 1646321196 ,c886efdd-d3c0-364f-95c9-6de193c190e5,  -10.256950 ,  -68.268580 ,2023-08-24 17:54:00,Brasil,ACRE,RIO BRANCO,Amazônia
 1646321197 ,cf79a4ce-2bbc-3a71-9c92-ed9d5fab9162,  -10.227600 ,  -68.583240 ,2023-08-24 17:54:00,Brasil,ACRE,RIO BRANCO,Amazônia
 1646321198 ,18d45d11-39bf-3bc0-8fb2-0dd1da4f5b60,  -10.220840 ,  -68.591160 ,2023-08-24 17:54:00,Brasil,ACRE,RIO BRANCO,Amazônia
 1646321199 ,b239c191-18f8-398f-983f-c6bf512db861,  -10.220690 ,  -68.776260 ,2023-08-24 17:54:00,Brasil,ACRE,RIO BRANCO,Amazônia
 1646321200 ,51271dc8-f40e-37c5-a6dd-df8aab2f68fe,  -10.216680 ,  -68.556350 ,2023-08-24 17:54:00,Brasil,ACRE,RIO BRANCO,Amazônia
 1646321201 ,805b2d46-d203-3b37-97bc-ba96c379525f,  -10.208810 ,  -68.773390 ,2023-08-24 17:54:00,Brasil,ACRE,RIO BRANCO,Amazônia
 1646321202 ,b4c8cf15-f7f8-3a11-afd8-270765e614e8,  -10.087710 ,  -68.506380 ,2023-08-24 17:54:00,Brasil,ACRE,RIO BRANCO,Amazônia
 1646321203 ,a2ecdee6-653b-3c68-a3f7-c9317546c22b,  -10.080270 ,  -68.514400 ,2023-08-24 17:54:00,Brasil,ACRE,RIO BRANCO,Amazônia
 1646321204 ,a9e61088-9b4b-3b31-86c9-8a7fa6b572ac,  -10.071410 ,  -68.508420 ,2023-08-24 17:54:00,Brasil,ACRE,RIO BRANCO,Amazônia
 1646322861 ,c8613e96-9700-3f82-a97e-e08d102ec5e2,   -9.263700 ,  -69.330690 ,2023-08-24 17:54:00,Brasil,ACRE,SENA MADUREIRA,Amazônia
 1646322862 ,2624b1a8-c85e-350c-8887-a86612a87347,   -8.739430 ,  -69.628310 ,2023-08-24 17:54:00,Brasil,ACRE,MANOEL URBANO,Amazônia
 1646322863 ,d64191f4-4ddf-3150-8c7b-8840d5ffc6e8,   -8.734760 ,  -69.588400 ,2023-08-24 17:54:00,Brasil,ACRE,MANOEL URBANO,Amazônia
 1646322864 ,d18f0025-4632-3528-bbdf-34e2590cef69,   -8.732530 ,  -69.596000 ,2023-08-24 17:54:00,Brasil,ACRE,MANOEL URBANO,Amazônia
 1646322865 ,db516133-6a79-3623-ad58-4333f183a3fe,   -8.672820 ,  -69.684860 ,2023-08-24 17:54:00,Brasil,ACRE,FEIJÓ,Amazônia
 1646322866 ,b196ed04-d499-32d0-ba0b-6afa89a06cd9,   -8.672000 ,  -69.689190 ,2023-08-24 17:54:00,Brasil,ACRE,FEIJÓ,Amazônia
 1646322867 ,e15c30ee-ffc8-354d-b6c5-e6ef369e9466,   -8.378390 ,  -70.085360 ,2023-08-24 17:54:00,Brasil,ACRE,FEIJÓ,Amazônia
 1646322868 ,8abbfd3b-00c0-33ea-a73e-730eeae34d84,   -8.377030 ,  -70.081470 ,2023-08-24 17:54:00,Brasil,ACRE,FEIJÓ,Amazônia
 1646322869 ,5b170f67-e6ec-3078-a6ee-dc8fbf87b7f7,   -8.079900 ,  -70.005650 ,2023-08-24 17:54:00,Brasil,ACRE,FEIJÓ,Amazônia
 1646322870 ,7fe59c37-9436-3e84-aecc-ba692455b685,   -8.079630 ,  -70.013180 ,2023-08-24 17:54:00,Brasil,ACRE,FEIJÓ,Amazônia
 1646322871 ,b245db7b-8f60-30f7-bbd2-54328e585318,   -8.074930 ,  -69.964120 ,2023-08-24 17:54:00,Brasil,ACRE,FEIJÓ,Amazônia
 1646322872 ,fef92d8a-f20e-38a9-a87a-9d11898b49f7,   -8.074380 ,  -69.971750 ,2023-08-24 17:54:00,Brasil,ACRE,FEIJÓ,Amazônia
 1646578881 ,91362100-77d0-31c0-a486-991a1f77ed4e,   -8.620330 ,  -70.234850 ,2023-08-25 18:36:00,Brasil,ACRE,FEIJÓ,Amazônia
 1646578882 ,110d7e94-0846-3fb7-81c0-19acce4c3bc2,   -8.619030 ,  -70.225860 ,2023-08-25 18:36:00,Brasil,ACRE,FEIJÓ,Amazônia
 1646578883 ,64c6aad6-01fc-3711-a332-955e85ba3bfb,   -8.608820 ,  -70.218190 ,2023-08-25 18:36:00,Brasil,ACRE,FEIJÓ,Amazônia
 1646578884 ,d3ac0372-b5e5-3b71-afbf-86faf894cdc3,   -8.640190 ,  -69.612500 ,2023-08-25 18:36:00,Brasil,ACRE,FEIJÓ,Amazônia
 1646578885 ,7588369d-73ad-39e5-9ab7-627c6d460c64,   -8.635360 ,  -69.704860 ,2023-08-25 18:36:00,Brasil,ACRE,FEIJÓ,Amazônia
 1646578886 ,b97554ae-3501-3b67-a421-d2af97c21dee,   -8.631810 ,  -69.806110 ,2023-08-25 18:36:00,Brasil,ACRE,FEIJÓ,Amazônia
 1646578887 ,df996b2c-9995-309e-95fd-d77bbfb0d012,   -8.623250 ,  -69.495660 ,2023-08-25 18:36:00,Brasil,ACRE,MANOEL URBANO,Amazônia
 1646578888 ,9dc77df5-3c56-3ad7-8a08-6575514ca6c0,   -8.567620 ,  -69.995220 ,2023-08-25 18:36:00,Brasil,ACRE,FEIJÓ,Amazônia
 1646578889 ,397f6acc-624a-30bd-be5f-9e45e7b76477,   -9.025760 ,  -69.154850 ,2023-08-25 18:36:00,Brasil,ACRE,SENA MADUREIRA,Amazônia
 1646578890 ,81874071-d785-3028-bb7f-0084703e214e,   -9.020550 ,  -69.432540 ,2023-08-25 18:36:00,Brasil,ACRE,MANOEL URBANO,Amazônia
 1646578891 ,1bf67cb7-9622-3125-8953-b882ccb80bf4,   -9.016800 ,  -69.156220 ,2023-08-25 18:36:00,Brasil,ACRE,SENA MADUREIRA,Amazônia
 1646578892 ,8c0b6a84-8184-3687-9a94-b6689069b2d4,   -9.013170 ,  -69.507180 ,2023-08-25 18:36:00,Brasil,ACRE,MANOEL URBANO,Amazônia
 1646578893 ,3c936de5-e4bb-3565-b3d0-e7de2cbd37d5,   -8.980610 ,  -69.096690 ,2023-08-25 18:36:00,Brasil,ACRE,SENA MADUREIRA,Amazônia
 1646578894 ,9c13c545-decf-35ae-8b66-d549fd2d66f8,   -8.887150 ,  -69.154570 ,2023-08-25 18:36:00,Brasil,ACRE,MANOEL URBANO,Amazônia
 1646578895 ,4d66d53f-1129-3dc0-87a1-4ef5e024102b,   -8.869060 ,  -69.218490 ,2023-08-25 18:36:00,Brasil,ACRE,MANOEL URBANO,Amazônia
 1646578896 ,00a9c13b-590d-36e5-9bc9-488103c3d910,   -8.860110 ,  -69.219830 ,2023-08-25 18:36:00,Brasil,ACRE,MANOEL URBANO,Amazônia
 1646578897 ,4e268580-67cf-323f-902d-0ba552cb4228,   -8.840390 ,  -69.398220 ,2023-08-25 18:36:00,Brasil,ACRE,MANOEL URBANO,Amazônia
 1646578898 ,b484fb72-1570-3ccd-8348-fc56f09805fe,   -8.792670 ,  -69.393610 ,2023-08-25 18:36:00,Brasil,ACRE,MANOEL URBANO,Amazônia
 1646578899 ,046d4dda-a6c0-33bf-a0d4-cb4b8da2a561,   -8.791360 ,  -69.384590 ,2023-08-25 18:36:00,Brasil,ACRE,MANOEL URBANO,Amazônia
 1646578900 ,524de045-b3d5-33fc-aa21-2f0315b171fc,   -8.771100 ,  -69.433660 ,2023-08-25 18:36:00,Brasil,ACRE,MANOEL URBANO,Amazônia
 1646578901 ,f9ae8bf7-39da-3e3a-b1e7-2993c307f76d,   -8.768950 ,  -69.544270 ,2023-08-25 18:36:00,Brasil,ACRE,MANOEL URBANO,Amazônia
 1646578902 ,ecfdc798-0cc2-3580-8e7f-2101823642f9,   -8.763480 ,  -69.444000 ,2023-08-25 18:36:00,Brasil,ACRE,MANOEL URBANO,Amazônia
 1646578903 ,3ce1db21-1aa2-3562-8b18-ff4597c8a7fc,   -8.762170 ,  -69.435000 ,2023-08-25 18:36:00,Brasil,ACRE,MANOEL URBANO,Amazônia
 1646578904 ,3790bf6d-5ce9-32a4-be83-20cf3f13a840,   -8.756550 ,  -69.647030 ,2023-08-25 18:36:00,Brasil,ACRE,MANOEL URBANO,Amazônia
 1646578905 ,e3a24a3e-8e28-3c3e-ab90-9ff96b6289fa,   -8.496050 ,  -70.268780 ,2023-08-25 18:36:00,Brasil,ACRE,FEIJÓ,Amazônia
 1646578906 ,89cb3a2a-acaf-39cb-a089-7f93fc09e5f1,   -8.422420 ,  -70.202880 ,2023-08-25 18:36:00,Brasil,ACRE,FEIJÓ,Amazônia
 1646578907 ,ff574017-da7e-3ce0-9bca-674576f12653,   -8.421130 ,  -70.193910 ,2023-08-25 18:36:00,Brasil,ACRE,FEIJÓ,Amazônia
 1646578908 ,fed94166-43e7-309f-9272-d94d2631ff3a,   -8.372170 ,  -70.244270 ,2023-08-25 18:36:00,Brasil,ACRE,FEIJÓ,Amazônia
 1646578909 ,8fa92f0f-7b2d-3f14-90f1-7fcfb520e1f2,   -8.345170 ,  -70.120090 ,2023-08-25 18:36:00,Brasil,ACRE,FEIJÓ,Amazônia
 1646578910 ,51c3cc7f-fee4-3954-b85a-471b9dc6a862,   -8.328740 ,  -70.195720 ,2023-08-25 18:36:00,Brasil,ACRE,FEIJÓ,Amazônia
 1646578911 ,0a8eb2a7-8ce6-3317-95dd-74e450a3b1c1,   -8.026640 ,  -70.075450 ,2023-08-25 18:36:00,Brasil,ACRE,FEIJÓ,Amazônia
 1646578912 ,99457135-51c8-3854-a5e0-5d05159f23ab,   -9.357160 ,  -70.428100 ,2023-08-25 18:36:00,Brasil,ACRE,SANTA ROSA DO PURUS,Amazônia
 1646578937 ,4c7fbf56-7b9e-3a9f-b1e8-fb784473ac64,   -7.741880 ,  -71.439740 ,2023-08-25 18:36:00,Brasil,ACRE,TARAUACÁ,Amazônia
 1646578938 ,56a4e996-1426-31f2-af81-6bdcc59b0c87,   -7.740550 ,  -71.430340 ,2023-08-25 18:36:00,Brasil,ACRE,TARAUACÁ,Amazônia
 1646578939 ,21d405a4-b58f-322b-9604-79deb0fcc485,   -7.732740 ,  -71.441020 ,2023-08-25 18:36:00,Brasil,ACRE,TARAUACÁ,Amazônia
 1646578940 ,45346c2e-f471-3071-b410-a3b81f0a9d3d,   -7.731430 ,  -71.431640 ,2023-08-25 18:36:00,Brasil,ACRE,TARAUACÁ,Amazônia
 1646578954 ,f98bf1e0-9dc3-33e3-a169-0a3b1efeaf0d,   -9.254440 ,  -71.664920 ,2023-08-25 18:36:00,Brasil,ACRE,FEIJÓ,Amazônia
 1646578955 ,3f60d1cf-1589-3697-acc8-d241e83dd13d,   -9.253060 ,  -71.655010 ,2023-08-25 18:36:00,Brasil,ACRE,FEIJÓ,Amazônia
 1646578956 ,afd24fb9-0c5c-383b-8989-188eb4256d23,   -9.233810 ,  -71.897780 ,2023-08-25 18:36:00,Brasil,ACRE,JORDÃO,Amazônia
 1646578957 ,b2a47a53-0456-3204-bcd3-ae53e9b1f637,   -9.195960 ,  -71.628510 ,2023-08-25 18:36:00,Brasil,ACRE,FEIJÓ,Amazônia
 1646578958 ,faf395ce-4230-3ea6-b709-29bfaffe846f,   -9.192890 ,  -71.811110 ,2023-08-25 18:36:00,Brasil,ACRE,JORDÃO,Amazônia
 1646578959 ,67f2b9b9-88a1-3402-8ea6-7ced01ed75f3,   -9.191500 ,  -71.801110 ,2023-08-25 18:36:00,Brasil,ACRE,JORDÃO,Amazônia
 1646578960 ,6825009b-ea51-360d-857b-013e2b02b3d7,   -9.186650 ,  -71.629840 ,2023-08-25 18:36:00,Brasil,ACRE,JORDÃO,Amazônia
 1646578961 ,9e715d20-ed06-38a6-94a7-b3a38dc4b586,   -9.141930 ,  -70.796580 ,2023-08-25 18:36:00,Brasil,ACRE,FEIJÓ,Amazônia
 1646578962 ,57479a05-e338-3bcf-880d-9cec23972e25,   -9.042640 ,  -70.741480 ,2023-08-25 18:36:00,Brasil,ACRE,FEIJÓ,Amazônia
 1646578963 ,47b01d2e-c63c-34a5-be6f-8c9fb61825ea,   -9.029500 ,  -70.584470 ,2023-08-25 18:36:00,Brasil,ACRE,FEIJÓ,Amazônia
 1646578964 ,3937c472-4ccf-3423-a2ee-4d37492ee312,   -8.939040 ,  -71.244540 ,2023-08-25 18:36:00,Brasil,ACRE,FEIJÓ,Amazônia
 1646578965 ,e1cd7805-3c82-3cab-94c6-d0b71243f902,   -8.851260 ,  -70.885110 ,2023-08-25 18:36:00,Brasil,ACRE,FEIJÓ,Amazônia
 1646578966 ,bea3055d-232d-32b1-b124-40d65735588b,   -8.849950 ,  -70.875870 ,2023-08-25 18:36:00,Brasil,ACRE,FEIJÓ,Amazônia
 1646578967 ,a65fa5c3-3d7b-39fc-b0c1-fee28ef4dd2e,   -8.848650 ,  -70.866630 ,2023-08-25 18:36:00,Brasil,ACRE,FEIJÓ,Amazônia
 1646578968 ,c318d15a-9804-3322-8258-001bdc37d5b8,   -8.797460 ,  -70.833500 ,2023-08-25 18:36:00,Brasil,ACRE,FEIJÓ,Amazônia
 1646578969 ,babc21ed-9a7b-38b1-93e8-98d4ca9fb4d4,   -8.774190 ,  -71.117380 ,2023-08-25 18:36:00,Brasil,ACRE,FEIJÓ,Amazônia
 1646578970 ,9dbc35ef-1f12-3942-90a3-0051c50d5247,   -8.772850 ,  -71.108020 ,2023-08-25 18:36:00,Brasil,ACRE,FEIJÓ,Amazônia
 1646578971 ,2f82e6f0-a767-33aa-b0dc-3d6bcf313a63,   -8.734960 ,  -71.037330 ,2023-08-25 18:36:00,Brasil,ACRE,FEIJÓ,Amazônia
 1646578972 ,1ec50b13-2f9a-3267-b926-980524ecc6d4,   -8.690070 ,  -71.642290 ,2023-08-25 18:36:00,Brasil,ACRE,TARAUACÁ,Amazônia
 1646578973 ,70f19439-730a-346f-aab8-b7a4050b7486,   -8.662000 ,  -71.622180 ,2023-08-25 18:36:00,Brasil,ACRE,TARAUACÁ,Amazônia
 1646578974 ,b956d763-9850-3da0-8bba-1e1eed9279be,   -8.660620 ,  -71.612500 ,2023-08-25 18:36:00,Brasil,ACRE,TARAUACÁ,Amazônia
 1646578975 ,ae559749-873f-37e2-8117-371e4b93d37c,   -8.659240 ,  -71.602790 ,2023-08-25 18:36:00,Brasil,ACRE,TARAUACÁ,Amazônia
 1646578976 ,48a78965-3d2d-3e1e-8c6e-781861436334,   -8.657870 ,  -71.593110 ,2023-08-25 18:36:00,Brasil,ACRE,JORDÃO,Amazônia
 1646578977 ,4a1209d2-74c6-32d4-8187-5df3645783a5,   -8.627310 ,  -70.667850 ,2023-08-25 18:36:00,Brasil,ACRE,FEIJÓ,Amazônia
 1646578978 ,f0a97b4b-2d57-3391-a43f-f8c46751e898,   -8.615720 ,  -70.657380 ,2023-08-25 18:36:00,Brasil,ACRE,FEIJÓ,Amazônia
 1646578979 ,08480049-ed40-3f48-8466-d3d03ae76c03,   -8.068610 ,  -70.951010 ,2023-08-25 18:36:00,Brasil,ACRE,TARAUACÁ,Amazônia
 1646578980 ,8e581087-e90b-3690-b837-0fa3b6cd77b2,   -8.036420 ,  -71.368620 ,2023-08-25 18:36:00,Brasil,ACRE,TARAUACÁ,Amazônia
 1646578981 ,639089f8-b166-3830-84cc-bed1f5bf2ece,   -8.010220 ,  -71.314930 ,2023-08-25 18:36:00,Brasil,ACRE,TARAUACÁ,Amazônia
 1646578982 ,b4d425b3-9ae3-3972-96a4-4defc72c25ec,   -8.007300 ,  -71.163310 ,2023-08-25 18:36:00,Brasil,ACRE,TARAUACÁ,Amazônia
 1646578983 ,5ceb9eec-81f9-3058-aebb-bb6dd8a3d9d4,   -7.991790 ,  -71.184460 ,2023-08-25 18:36:00,Brasil,ACRE,TARAUACÁ,Amazônia
 1646578984 ,599a4cd2-74b7-374f-89e4-f1372bd9bc6f,   -7.990480 ,  -71.175200 ,2023-08-25 18:36:00,Brasil,ACRE,TARAUACÁ,Amazônia
 1646578985 ,8f2a3b2a-79cf-3f69-8e5c-289681edb30b,   -7.983280 ,  -70.801480 ,2023-08-25 18:36:00,Brasil,ACRE,TARAUACÁ,Amazônia
 1646578986 ,0916d171-ea54-375f-a574-641732617bc8,   -7.977990 ,  -71.412450 ,2023-08-25 18:36:00,Brasil,ACRE,TARAUACÁ,Amazônia
 1646578987 ,107280a2-d8ab-33e4-8529-9e33bd64d16f,   -8.555340 ,  -70.619760 ,2023-08-25 18:36:00,Brasil,ACRE,FEIJÓ,Amazônia
 1646578988 ,59735dd3-eb63-3778-92f4-c1367b8be39c,   -8.546370 ,  -70.621090 ,2023-08-25 18:36:00,Brasil,ACRE,FEIJÓ,Amazônia
 1646578989 ,e1ae9ab0-fbaf-3081-bc5d-98c6c2345583,   -8.545070 ,  -70.611980 ,2023-08-25 18:36:00,Brasil,ACRE,FEIJÓ,Amazônia
 1646578990 ,3edf5264-d6c2-376c-9fdd-796c238b98d8,   -8.536530 ,  -70.936560 ,2023-08-25 18:36:00,Brasil,ACRE,TARAUACÁ,Amazônia
 1646578991 ,6b8aa578-96ba-30a6-b3db-12b5c9ed3a9c,   -8.530180 ,  -71.412090 ,2023-08-25 18:36:00,Brasil,ACRE,TARAUACÁ,Amazônia
 1646578992 ,9c3afbf9-e540-3316-8cbd-a215c7322dea,   -8.528830 ,  -71.402600 ,2023-08-25 18:36:00,Brasil,ACRE,TARAUACÁ,Amazônia
 1646578993 ,fe587cd2-9ba2-3d27-832e-8baff074fe18,   -8.497340 ,  -70.277760 ,2023-08-25 18:36:00,Brasil,ACRE,FEIJÓ,Amazônia
 1646578994 ,840d7d52-4a70-3b81-bc53-5d2e840bc52f,   -8.493200 ,  -70.505110 ,2023-08-25 18:36:00,Brasil,ACRE,FEIJÓ,Amazônia
 1646578995 ,c8ae1707-cf3c-3d73-a60f-6359d149cbd2,   -8.491770 ,  -70.431520 ,2023-08-25 18:36:00,Brasil,ACRE,FEIJÓ,Amazônia
 1646578996 ,caf525e3-6443-392a-b08f-1446796bc2a4,   -8.476220 ,  -70.323420 ,2023-08-25 18:36:00,Brasil,ACRE,FEIJÓ,Amazônia
 1646578997 ,47510524-2809-3e55-822a-3f9715820f90,   -8.473760 ,  -70.369740 ,2023-08-25 18:36:00,Brasil,ACRE,FEIJÓ,Amazônia
 1646578998 ,be8b7936-2033-3abb-a6a9-0479cfbe15a5,   -8.472460 ,  -70.360730 ,2023-08-25 18:36:00,Brasil,ACRE,FEIJÓ,Amazônia
 1646578999 ,6f6cb7e0-e33c-3c5f-b9a0-4e902bc62f4f,   -8.445760 ,  -70.429080 ,2023-08-25 18:36:00,Brasil,ACRE,FEIJÓ,Amazônia
 1646579000 ,6a45a4fd-053e-3b27-9bd6-b8deed4eccff,   -8.437240 ,  -70.760810 ,2023-08-25 18:36:00,Brasil,ACRE,TARAUACÁ,Amazônia
 1646579001 ,ed934ccf-de90-3570-a739-2f046d196e00,   -8.435940 ,  -70.751690 ,2023-08-25 18:36:00,Brasil,ACRE,TARAUACÁ,Amazônia
 1646579002 ,5b4ef61b-b4ea-3577-88ed-136c2d145f32,   -8.435630 ,  -71.324980 ,2023-08-25 18:36:00,Brasil,ACRE,TARAUACÁ,Amazônia
 1646579003 ,ea11c52f-cbf3-3904-a51b-437b07fa2a30,   -8.430710 ,  -70.715210 ,2023-08-25 18:36:00,Brasil,ACRE,TARAUACÁ,Amazônia
 1646579004 ,7795644f-b2a3-3332-96a8-1a31cb11ca99,   -8.429410 ,  -70.706110 ,2023-08-25 18:36:00,Brasil,ACRE,TARAUACÁ,Amazônia
 1646579005 ,761acefd-9411-323a-819e-45aeab912f1c,   -8.421720 ,  -70.716510 ,2023-08-25 18:36:00,Brasil,ACRE,TARAUACÁ,Amazônia
 1646579006 ,e443550a-7f74-3055-9d1f-37f16cf165d5,   -8.421120 ,  -71.288560 ,2023-08-25 18:36:00,Brasil,ACRE,TARAUACÁ,Amazônia
 1646579007 ,2a8bd450-a3ad-3e8e-bda0-64ddcb1e5987,   -8.420420 ,  -70.707410 ,2023-08-25 18:36:00,Brasil,ACRE,TARAUACÁ,Amazônia
 1646579008 ,5c43e766-3200-30b1-803a-5630f362b876,   -8.419770 ,  -71.279130 ,2023-08-25 18:36:00,Brasil,ACRE,TARAUACÁ,Amazônia
 1646579009 ,6614ad76-0613-380d-8bee-f3454e737c56,   -8.417260 ,  -71.140090 ,2023-08-25 18:36:00,Brasil,ACRE,TARAUACÁ,Amazônia
 1646579010 ,ae94149f-c21e-351d-9561-f587544bdbc6,   -8.415960 ,  -71.130800 ,2023-08-25 18:36:00,Brasil,ACRE,TARAUACÁ,Amazônia
 1646579011 ,943ece22-d734-317d-86db-f2e1f8b213b4,   -8.410140 ,  -70.699620 ,2023-08-25 18:36:00,Brasil,ACRE,TARAUACÁ,Amazônia
 1646579012 ,a95c540a-fb01-3a17-b10a-6bc69d71ae18,   -8.392920 ,  -71.026090 ,2023-08-25 18:36:00,Brasil,ACRE,TARAUACÁ,Amazônia
 1646579013 ,824b4a6c-29fb-3b71-9266-1831b417ce0a,   -8.392210 ,  -71.216100 ,2023-08-25 18:36:00,Brasil,ACRE,TARAUACÁ,Amazônia
 1646579014 ,e81acda3-459a-31a3-98ec-db195f20f7ae,   -8.371010 ,  -70.299470 ,2023-08-25 18:36:00,Brasil,ACRE,FEIJÓ,Amazônia
 1646579015 ,0a3ab28e-ec1f-364c-9cb2-3f60414aa5e4,   -8.367130 ,  -70.272520 ,2023-08-25 18:36:00,Brasil,ACRE,FEIJÓ,Amazônia
 1646579016 ,d1837c8a-6ae2-3e55-a579-a75d788f1a9b,   -8.363380 ,  -70.309780 ,2023-08-25 18:36:00,Brasil,ACRE,FEIJÓ,Amazônia
 1646579017 ,fbe7d00d-2481-33f2-88b3-0c5cb154b3b4,   -8.362080 ,  -70.300790 ,2023-08-25 18:36:00,Brasil,ACRE,FEIJÓ,Amazônia
 1646579018 ,74e3885e-e230-39b2-938f-502ff61be6c7,   -8.349390 ,  -70.339370 ,2023-08-25 18:36:00,Brasil,ACRE,FEIJÓ,Amazônia
 1646579019 ,b77a19a0-9cff-3a50-8df3-933c049fec16,   -8.343340 ,  -70.808180 ,2023-08-25 18:36:00,Brasil,ACRE,TARAUACÁ,Amazônia
 1646579020 ,39ee7e65-5255-36ab-8025-e23204210c36,   -8.335640 ,  -70.818630 ,2023-08-25 18:36:00,Brasil,ACRE,TARAUACÁ,Amazônia
 1646579021 ,a4c3ebb9-2625-3d4c-a208-5bdb6193eeb5,   -8.334340 ,  -70.809490 ,2023-08-25 18:36:00,Brasil,ACRE,TARAUACÁ,Amazônia
 1646579022 ,8c5c53b0-0a4c-3594-8d86-ef1cd5a0cf6f,   -8.334210 ,  -70.744350 ,2023-08-25 18:36:00,Brasil,ACRE,TARAUACÁ,Amazônia
 1646579023 ,c2c9c237-7abf-313b-90c1-c0c1801cf6c8,   -8.328740 ,  -71.688740 ,2023-08-25 18:36:00,Brasil,ACRE,TARAUACÁ,Amazônia
 1646579024 ,da43f58a-10a4-31ac-8198-2d39b18060bc,   -8.302780 ,  -70.397890 ,2023-08-25 18:36:00,Brasil,ACRE,FEIJÓ,Amazônia
 1646579025 ,0772fb0e-276d-3f44-b1c9-8e7c46dd34cb,   -8.160810 ,  -70.563300 ,2023-08-25 18:36:00,Brasil,ACRE,TARAUACÁ,Amazônia
 1646579026 ,891ac3ee-6369-3f7d-be80-2e5e6d99fe1e,   -8.159520 ,  -70.554280 ,2023-08-25 18:36:00,Brasil,ACRE,FEIJÓ,Amazônia
 1646579027 ,356d0f1b-dd88-3312-8297-2a64ce871f6e,   -8.118640 ,  -71.303160 ,2023-08-25 18:36:00,Brasil,ACRE,TARAUACÁ,Amazônia
 1646579028 ,f1ad6077-6c9b-3cfb-bcc1-c6039e67c318,   -8.110680 ,  -71.247010 ,2023-08-25 18:36:00,Brasil,ACRE,TARAUACÁ,Amazônia
 1646579046 ,f2fc8dbd-9556-3c30-8c72-71d888d48017,   -7.945570 ,  -72.167060 ,2023-08-25 18:36:00,Brasil,ACRE,TARAUACÁ,Amazônia
 1646579047 ,f5afa788-ffb6-3e3e-9d7c-44c0eb89adfb,   -7.944160 ,  -72.156990 ,2023-08-25 18:36:00,Brasil,ACRE,TARAUACÁ,Amazônia
 1646579048 ,5e31a1f3-edeb-3231-b348-d9194856364b,   -7.894540 ,  -72.837950 ,2023-08-25 18:36:00,Brasil,ACRE,RODRIGUES ALVES,Amazônia
 1646579049 ,456efebb-57d6-36fe-a634-6b2185acb727,   -7.875600 ,  -72.328800 ,2023-08-25 18:36:00,Brasil,ACRE,CRUZEIRO DO SUL,Amazônia
 1646579050 ,d9f8dc9d-6dea-3466-892f-feb91dc6fdb6,   -7.846390 ,  -72.778210 ,2023-08-25 18:36:00,Brasil,ACRE,RODRIGUES ALVES,Amazônia
 1646579051 ,5d113a72-0e25-3baa-a041-bf17f7fc0a10,   -7.844900 ,  -72.767410 ,2023-08-25 18:36:00,Brasil,ACRE,RODRIGUES ALVES,Amazônia
 1646579052 ,285f8052-d6c8-3696-bae7-1f0752d813fa,   -7.821550 ,  -72.814700 ,2023-08-25 18:36:00,Brasil,ACRE,RODRIGUES ALVES,Amazônia
 1646579053 ,be9b4cf9-b490-3872-9ca0-6890f1859956,   -7.820070 ,  -72.803870 ,2023-08-25 18:36:00,Brasil,ACRE,RODRIGUES ALVES,Amazônia
 1646579054 ,75a74e65-72e6-3dde-94ab-a4ca4eed42bd,   -7.818140 ,  -72.810690 ,2023-08-25 18:36:00,Brasil,ACRE,RODRIGUES ALVES,Amazônia
 1646579055 ,0488b983-c0ae-3bdf-9bac-ef808cf21097,   -7.816610 ,  -72.799880 ,2023-08-25 18:36:00,Brasil,ACRE,RODRIGUES ALVES,Amazônia
 1646579056 ,d81627df-5a19-34c7-af01-529970e16db3,   -7.809670 ,  -73.036360 ,2023-08-25 18:36:00,Brasil,ACRE,RODRIGUES ALVES,Amazônia
 1646579057 ,6a256199-0eb6-393d-ad32-3cb542fcb09a,   -7.808120 ,  -73.025200 ,2023-08-25 18:36:00,Brasil,ACRE,RODRIGUES ALVES,Amazônia
 1646579059 ,37eb18e0-04cc-3b4a-a88f-7c4404f95ae7,   -7.805740 ,  -72.344260 ,2023-08-25 18:36:00,Brasil,ACRE,CRUZEIRO DO SUL,Amazônia
 1646579060 ,c16f93a6-f353-3470-871f-873cd7249d71,   -7.802540 ,  -72.675090 ,2023-08-25 18:36:00,Brasil,ACRE,RODRIGUES ALVES,Amazônia
 1646579061 ,775bf5a5-f7ec-330b-9a75-248676874171,   -7.799920 ,  -72.682050 ,2023-08-25 18:36:00,Brasil,ACRE,RODRIGUES ALVES,Amazônia
 1646579062 ,c6659b6e-6b96-3167-af79-2927921ba55c,   -7.798410 ,  -72.671420 ,2023-08-25 18:36:00,Brasil,ACRE,RODRIGUES ALVES,Amazônia
 1646579063 ,81cb1654-81fd-3eba-81d3-77991c83497a,   -7.798220 ,  -73.026580 ,2023-08-25 18:36:00,Brasil,ACRE,RODRIGUES ALVES,Amazônia
 1646579064 ,77fb7e54-586b-31ef-9d54-cd5dc271560f,   -7.791930 ,  -72.109040 ,2023-08-25 18:36:00,Brasil,ACRE,CRUZEIRO DO SUL,Amazônia
 1646579065 ,b6a007a3-ab9a-32d1-9d8a-ad3adf2f1229,   -7.786760 ,  -72.140350 ,2023-08-25 18:36:00,Brasil,ACRE,CRUZEIRO DO SUL,Amazônia
 1646579066 ,2952553b-2b18-3600-9b0d-b553ce95af11,   -7.778220 ,  -72.285740 ,2023-08-25 18:36:00,Brasil,ACRE,CRUZEIRO DO SUL,Amazônia
 1646579067 ,9bfaa7cc-359d-3377-9c29-64bb4eacfdd3,   -7.777490 ,  -72.523900 ,2023-08-25 18:36:00,Brasil,ACRE,CRUZEIRO DO SUL,Amazônia
 1646579068 ,07a96bf2-6aa9-3917-b21f-ac8899faf947,   -7.777350 ,  -72.141690 ,2023-08-25 18:36:00,Brasil,ACRE,CRUZEIRO DO SUL,Amazônia
 1646579069 ,4d4b7eff-685b-35de-a4a1-bd5a399c202b,   -7.776010 ,  -72.513460 ,2023-08-25 18:36:00,Brasil,ACRE,CRUZEIRO DO SUL,Amazônia
 1646579070 ,3c148d52-e286-3ee3-a8e4-fffe80536d0a,   -7.756780 ,  -73.094840 ,2023-08-25 18:36:00,Brasil,ACRE,RODRIGUES ALVES,Amazônia
 1646579071 ,be392672-10cd-387f-a260-8e6675d89710,   -7.726990 ,  -73.099050 ,2023-08-25 18:36:00,Brasil,ACRE,RODRIGUES ALVES,Amazônia
 1646579072 ,be693495-702b-319f-a7ba-15ce89196f15,   -7.692240 ,  -72.263310 ,2023-08-25 18:36:00,Brasil,ACRE,CRUZEIRO DO SUL,Amazônia
 1646579073 ,184e6457-c443-38c8-9b40-1d151b045472,   -7.686510 ,  -72.879390 ,2023-08-25 18:36:00,Brasil,ACRE,RODRIGUES ALVES,Amazônia
 1646579074 ,9c787fef-f794-3c7a-8957-93b766c2c238,   -7.684190 ,  -72.274780 ,2023-08-25 18:36:00,Brasil,ACRE,CRUZEIRO DO SUL,Amazônia
 1646579075 ,60dc1ecc-47e9-3f45-9d19-a04c9315a54d,   -7.683490 ,  -73.002950 ,2023-08-25 18:36:00,Brasil,ACRE,RODRIGUES ALVES,Amazônia
 1646579076 ,d06baa2a-32de-34f3-8f93-34266daafdf6,   -7.676900 ,  -72.432290 ,2023-08-25 18:36:00,Brasil,ACRE,CRUZEIRO DO SUL,Amazônia
 1646579077 ,6960963c-7a38-3768-b940-c94ea4ae2534,   -7.676720 ,  -72.880780 ,2023-08-25 18:36:00,Brasil,ACRE,RODRIGUES ALVES,Amazônia
 1646579078 ,efc27cca-e0cd-34e8-bab2-cdf9a6269f6b,   -7.675230 ,  -72.869910 ,2023-08-25 18:36:00,Brasil,ACRE,RODRIGUES ALVES,Amazônia
 1646579079 ,5b663ee3-fdab-32c2-a799-64c05b76a1c3,   -7.673850 ,  -72.438190 ,2023-08-25 18:36:00,Brasil,ACRE,CRUZEIRO DO SUL,Amazônia
 1646579080 ,e8a35fd8-f762-364f-90e7-a1037f77e15b,   -7.673630 ,  -73.004350 ,2023-08-25 18:36:00,Brasil,ACRE,MÂNCIO LIMA,Amazônia
 1646579081 ,5f24ba9c-6109-37c4-b7ff-d72a3ae54d0b,   -7.672390 ,  -72.427870 ,2023-08-25 18:36:00,Brasil,ACRE,CRUZEIRO DO SUL,Amazônia
 1646579082 ,05f28d3c-b612-3393-b8b3-013ed9eb5186,   -7.672120 ,  -72.993300 ,2023-08-25 18:36:00,Brasil,ACRE,MÂNCIO LIMA,Amazônia
 1646579083 ,f5bada0f-779f-3e26-a13e-05661903f1c6,   -7.660000 ,  -72.309300 ,2023-08-25 18:36:00,Brasil,ACRE,CRUZEIRO DO SUL,Amazônia
 1646579084 ,af81ad3f-5b2c-3f4c-a5b9-85f34be36218,   -7.658600 ,  -72.299130 ,2023-08-25 18:36:00,Brasil,ACRE,CRUZEIRO DO SUL,Amazônia
 1646579085 ,37c5de5f-8c7d-3d1f-988c-f93a7556cfd4,   -7.649590 ,  -72.473240 ,2023-08-25 18:36:00,Brasil,ACRE,CRUZEIRO DO SUL,Amazônia
 1646579086 ,2e48c9b2-5909-3edc-a657-539966daefb4,   -7.648140 ,  -72.462900 ,2023-08-25 18:36:00,Brasil,ACRE,CRUZEIRO DO SUL,Amazônia
 1646579087 ,ebc4d9a9-1abe-3a2c-b079-4e83b5ed7f56,   -7.627960 ,  -72.319360 ,2023-08-25 18:36:00,Brasil,ACRE,CRUZEIRO DO SUL,Amazônia
 1646579088 ,67411d32-f65d-3d65-87a3-f48b27a8c061,   -7.626520 ,  -72.309170 ,2023-08-25 18:36:00,Brasil,ACRE,CRUZEIRO DO SUL,Amazônia
 1646579089 ,343e7a50-7bfe-36a1-997b-821876a243e3,   -7.479990 ,  -72.931740 ,2023-08-25 18:36:00,Brasil,ACRE,MÂNCIO LIMA,Amazônia
 1646579105 ,c37693e7-e692-3b2b-87a8-910ab8dd1c7d,   -7.815920 ,  -71.968640 ,2023-08-25 18:36:00,Brasil,ACRE,TARAUACÁ,Amazônia
 1646579106 ,db6c020d-2eb2-3887-bf3f-b0ddc422567c,   -7.814550 ,  -71.958790 ,2023-08-25 18:36:00,Brasil,ACRE,TARAUACÁ,Amazônia
 1646579107 ,8417e177-08e9-39c3-ac15-b4b14ea44900,   -7.737760 ,  -71.995440 ,2023-08-25 18:36:00,Brasil,ACRE,CRUZEIRO DO SUL,Amazônia
 1646579108 ,979d5d73-b3ea-3b05-8bba-dd5d9e7a0dc2,   -7.736370 ,  -71.985550 ,2023-08-25 18:36:00,Brasil,ACRE,CRUZEIRO DO SUL,Amazônia
 1646579109 ,db634d04-6005-3c40-8ccb-9a747ce539c7,   -7.728420 ,  -71.996780 ,2023-08-25 18:36:00,Brasil,ACRE,CRUZEIRO DO SUL,Amazônia
 1646579110 ,310c9cb6-cfda-3ca5-8086-a29b4d06c6f9,   -7.727040 ,  -71.986900 ,2023-08-25 18:36:00,Brasil,ACRE,CRUZEIRO DO SUL,Amazônia
 1646579111 ,c54dba30-a1eb-328e-8460-8ee3f78449e8,   -7.709750 ,  -71.999470 ,2023-08-25 18:36:00,Brasil,ACRE,CRUZEIRO DO SUL,Amazônia
 1646579121 ,d8880b23-53a3-3093-91a6-e7449f7ff430,   -9.073490 ,  -72.205430 ,2023-08-25 18:36:00,Brasil,ACRE,MARECHAL THAUMATURGO,Amazônia
 1646579122 ,a18d3d53-632b-3d7e-97e0-e107e91a028a,   -9.001010 ,  -72.492620 ,2023-08-25 18:36:00,Brasil,ACRE,MARECHAL THAUMATURGO,Amazônia
 1646579123 ,14ff0873-4319-3d91-987a-aa882d4d8427,   -8.999530 ,  -72.481880 ,2023-08-25 18:36:00,Brasil,ACRE,MARECHAL THAUMATURGO,Amazônia
 1646579124 ,1eb7877a-b97c-3a03-93fa-2227c7f34bb1,   -8.944280 ,  -72.386180 ,2023-08-25 18:36:00,Brasil,ACRE,MARECHAL THAUMATURGO,Amazônia
 1646579125 ,eb2658bb-a16b-38b1-ba17-bad35505d22e,   -8.942790 ,  -72.375560 ,2023-08-25 18:36:00,Brasil,ACRE,MARECHAL THAUMATURGO,Amazônia
 1646579126 ,37e70723-0c63-3b3f-bc0f-bb3b7363b117,   -8.930830 ,  -72.574430 ,2023-08-25 18:36:00,Brasil,ACRE,MARECHAL THAUMATURGO,Amazônia
 1646579127 ,29f9facc-63dc-359e-b96f-2d52e348d0b2,   -8.927700 ,  -72.697730 ,2023-08-25 18:36:00,Brasil,ACRE,MARECHAL THAUMATURGO,Amazônia
 1646579128 ,2234b566-abce-3b4b-a893-986256d53a8c,   -8.068530 ,  -72.394300 ,2023-08-25 18:36:00,Brasil,ACRE,CRUZEIRO DO SUL,Amazônia
 1646579129 ,ce641a54-b182-3ed4-b554-df9c58afe05b,   -8.067090 ,  -72.383920 ,2023-08-25 18:36:00,Brasil,ACRE,CRUZEIRO DO SUL,Amazônia
 1646579130 ,eb0b0dbb-2f15-3d87-90e6-92f2be365402,   -8.052270 ,  -72.417870 ,2023-08-25 18:36:00,Brasil,ACRE,CRUZEIRO DO SUL,Amazônia
 1646579131 ,a3e1a8a7-37a1-319d-bad8-d20516aaced8,   -8.050840 ,  -72.407460 ,2023-08-25 18:36:00,Brasil,ACRE,CRUZEIRO DO SUL,Amazônia
 1646579132 ,fbd89af2-6f97-3727-827a-71a1afb2f129,   -8.037750 ,  -72.478710 ,2023-08-25 18:36:00,Brasil,ACRE,CRUZEIRO DO SUL,Amazônia
 1646579133 ,a51b780c-89f2-3f28-8821-9320f686625a,   -7.983960 ,  -72.443770 ,2023-08-25 18:36:00,Brasil,ACRE,CRUZEIRO DO SUL,Amazônia
 1646579134 ,401c7768-20a3-366e-90ca-94244111ea59,   -7.974390 ,  -72.445150 ,2023-08-25 18:36:00,Brasil,ACRE,CRUZEIRO DO SUL,Amazônia
 1646579135 ,e11b1da4-c770-3a3f-aa64-2b36185ac84b,   -7.948030 ,  -72.498170 ,2023-08-25 18:36:00,Brasil,ACRE,CRUZEIRO DO SUL,Amazônia
 1646579136 ,e6d27cbc-ae9d-3be2-a8d3-d5c06f8f9a85,   -8.510300 ,  -72.787360 ,2023-08-25 18:36:00,Brasil,ACRE,PORTO WALTER,Amazônia
 1646579137 ,2bb09a5b-d0c9-34ff-a6d1-f65a4dc4b614,   -8.454880 ,  -72.529830 ,2023-08-25 18:36:00,Brasil,ACRE,PORTO WALTER,Amazônia
 1646579138 ,c228b4a0-3988-34c8-b5e1-3e99b50387a7,   -8.453410 ,  -72.519160 ,2023-08-25 18:36:00,Brasil,ACRE,PORTO WALTER,Amazônia
 1646579139 ,067c0ed9-84c0-3fb4-93eb-10406df3cb0c,   -8.304490 ,  -72.772480 ,2023-08-25 18:36:00,Brasil,ACRE,PORTO WALTER,Amazônia
 1646579140 ,bd3de066-7f8c-322a-af6a-a51bc1582f9f,   -8.302980 ,  -72.761520 ,2023-08-25 18:36:00,Brasil,ACRE,PORTO WALTER,Amazônia
 1646579141 ,286032ec-4863-3d6d-9f20-28069ed2afe8,   -8.240880 ,  -73.200200 ,2023-08-25 18:36:00,Brasil,ACRE,CRUZEIRO DO SUL,Amazônia
 1646579142 ,545f7cfd-09f8-3ba5-b587-edac98437f4e,   -8.240110 ,  -73.195030 ,2023-08-25 18:36:00,Brasil,ACRE,CRUZEIRO DO SUL,Amazônia
 1646579143 ,3004bf98-ed1a-3205-8048-36bd88f8394c,   -8.231660 ,  -73.207980 ,2023-08-25 18:36:00,Brasil,ACRE,CRUZEIRO DO SUL,Amazônia
 1646579144 ,9e1e0bdb-7a3b-3806-a1c7-184bd9612c2b,   -8.230040 ,  -73.196420 ,2023-08-25 18:36:00,Brasil,ACRE,CRUZEIRO DO SUL,Amazônia
 1646579145 ,10201034-b3a6-3d8b-a7e5-881295d7907f,   -8.217200 ,  -72.516330 ,2023-08-25 18:36:00,Brasil,ACRE,CRUZEIRO DO SUL,Amazônia
 1646579146 ,46375a3a-4d0e-3a5b-83f5-ed6cfe8d86d1,   -8.215710 ,  -72.505750 ,2023-08-25 18:36:00,Brasil,ACRE,CRUZEIRO DO SUL,Amazônia
 1646579147 ,ad878bcb-6c3e-3bae-89ad-4ba349c8266e,   -8.199540 ,  -72.082280 ,2023-08-25 18:36:00,Brasil,ACRE,TARAUACÁ,Amazônia
 1646579148 ,03dfce03-4c25-39bf-b701-13fc8156f688,   -8.149680 ,  -72.554050 ,2023-08-25 18:36:00,Brasil,ACRE,CRUZEIRO DO SUL,Amazônia
 1646579149 ,527bfb28-c370-3cfa-bfe1-65639ba69bb9,   -8.140020 ,  -72.555420 ,2023-08-25 18:36:00,Brasil,ACRE,CRUZEIRO DO SUL,Amazônia
 1646579151 ,bb806002-7ee1-33fd-83b5-1b6014d8688a,   -9.637280 ,  -72.152730 ,2023-08-25 18:36:00,Brasil,ACRE,JORDÃO,Amazônia
 1646579181 ,ce1593cb-0fc0-3de1-bf52-c5e28e4f5c31,   -7.743230 ,  -73.365300 ,2023-08-25 18:36:00,Brasil,ACRE,RODRIGUES ALVES,Amazônia
 1646579182 ,988e27d7-2651-33ba-a699-594c929146aa,   -7.741630 ,  -73.353610 ,2023-08-25 18:36:00,Brasil,ACRE,RODRIGUES ALVES,Amazônia
 1646579183 ,f0d9225d-37b7-3478-b4e7-1bac659669d7,   -7.733120 ,  -73.366710 ,2023-08-25 18:36:00,Brasil,ACRE,MÂNCIO LIMA,Amazônia
 1646579184 ,c2772794-9620-34e3-91bb-2588a55301c5,   -7.731540 ,  -73.355060 ,2023-08-25 18:36:00,Brasil,ACRE,RODRIGUES ALVES,Amazônia
 1646579185 ,dd89fabc-1288-3741-9834-1bb7f29ca7b8,   -7.525180 ,  -73.486320 ,2023-08-25 18:36:00,Brasil,ACRE,MÂNCIO LIMA,Amazônia
 1646579186 ,c3e908d4-2c2a-381a-a5db-92c67347418c,   -7.523530 ,  -73.474530 ,2023-08-25 18:36:00,Brasil,ACRE,MÂNCIO LIMA,Amazônia
 1646579187 ,144ee2cd-b61d-30dc-b9ae-f6ac9a6f1f7e,   -7.378150 ,  -73.381610 ,2023-08-25 18:36:00,Brasil,ACRE,MÂNCIO LIMA,Amazônia
 1646579188 ,97828121-5409-3bf4-bf82-a7ae8d43e62b,   -7.376570 ,  -73.370090 ,2023-08-25 18:36:00,Brasil,ACRE,MÂNCIO LIMA,Amazônia
 1646579189 ,cbb9dc1d-017a-36c2-96df-a766ab7f9b0d,   -7.432800 ,  -73.263100 ,2023-08-25 18:36:00,Brasil,ACRE,MÂNCIO LIMA,Amazônia
 1646579193 ,2dfd071a-d93c-3d0e-96d0-bb2ec8ec2144,   -8.257930 ,  -73.395920 ,2023-08-25 18:36:00,Brasil,ACRE,CRUZEIRO DO SUL,Amazônia
 1646579194 ,e76fd73f-d602-3327-a6dc-c4fce401294f,   -8.251300 ,  -73.348450 ,2023-08-25 18:36:00,Brasil,ACRE,CRUZEIRO DO SUL,Amazônia
 1646579195 ,81702ef4-8e46-3c1e-8f8f-676f0a1c7642,   -8.249650 ,  -73.336660 ,2023-08-25 18:36:00,Brasil,ACRE,CRUZEIRO DO SUL,Amazônia
 1646579560 ,ec005adc-cf15-36a1-ad0a-56dcb0427e7b,   -9.885320 ,  -67.331790 ,2023-08-25 18:36:00,Brasil,ACRE,SENADOR GUIOMARD,Amazônia
 1646579561 ,87038f3b-aac6-33b2-900a-cae5d5397eff,   -9.656940 ,  -67.194400 ,2023-08-25 18:36:00,Brasil,ACRE,SENADOR GUIOMARD,Amazônia
 1646579562 ,674b413f-6407-3a8a-9649-b91eb0b78dd0,   -9.655360 ,  -67.183880 ,2023-08-25 18:36:00,Brasil,ACRE,SENADOR GUIOMARD,Amazônia
 1646579570 ,cb96ce9b-ef24-37ae-84bb-5e4dfeb84142,   -9.961770 ,  -66.903950 ,2023-08-25 18:36:00,Brasil,ACRE,ACRELÂNDIA,Amazônia
 1646579732 ,6f6218fc-7df8-377e-9716-8b38054f0fc9,   -9.260190 ,  -68.367810 ,2023-08-25 18:36:00,Brasil,ACRE,SENA MADUREIRA,Amazônia
 1646579752 ,c47116d5-59d6-372d-bfcc-cc6540af2f22,   -9.996250 ,  -67.745990 ,2023-08-25 18:36:00,Brasil,ACRE,RIO BRANCO,Amazônia
 1646579753 ,5b642aa2-883b-384e-aa8a-c4a8b50c0aa1,   -9.986950 ,  -67.747410 ,2023-08-25 18:36:00,Brasil,ACRE,RIO BRANCO,Amazônia
 1646579754 ,3f8e0b8b-1a7e-3eea-a214-e19fe5640474,   -9.912020 ,  -67.602830 ,2023-08-25 18:36:00,Brasil,ACRE,RIO BRANCO,Amazônia
 1646579755 ,f9640a14-7e6f-3a55-99f4-04ce15e3e257,   -9.796770 ,  -68.004230 ,2023-08-25 18:36:00,Brasil,ACRE,BUJARI,Amazônia
 1646579756 ,50767875-675d-331c-960e-55f0b2cdf4f6,   -9.781900 ,  -67.861790 ,2023-08-25 18:36:00,Brasil,ACRE,BUJARI,Amazônia
 1646579757 ,21f2dd8e-ac60-3a31-a598-2b7333b73989,   -9.778150 ,  -67.878170 ,2023-08-25 18:36:00,Brasil,ACRE,BUJARI,Amazônia
 1646579758 ,1199941a-1a3d-3d01-ae50-14a46239a6b2,   -9.776710 ,  -67.868410 ,2023-08-25 18:36:00,Brasil,ACRE,BUJARI,Amazônia
 1646579759 ,1ae61022-d91c-37f6-a324-a41ef983ce0e,   -9.574600 ,  -67.457490 ,2023-08-25 18:36:00,Brasil,ACRE,PORTO ACRE,Amazônia
 1646579760 ,d84c9b9d-5655-39e7-adfd-1186e9ca8f0a,   -9.573070 ,  -67.447320 ,2023-08-25 18:36:00,Brasil,ACRE,PORTO ACRE,Amazônia
 1646579766 ,57eec0c6-2b04-3092-bfdd-fb6dce176645,   -9.473560 ,  -67.884240 ,2023-08-25 18:36:00,Brasil,ACRE,PORTO ACRE,Amazônia
 1646579767 ,8ce9bd2a-0c44-3615-b7bd-3bc074ff0f33,  -10.052230 ,  -67.867280 ,2023-08-25 18:36:00,Brasil,ACRE,RIO BRANCO,Amazônia
 1646579768 ,94a6a384-c64e-3637-a16c-024245a8de9d,  -10.050790 ,  -67.857550 ,2023-08-25 18:36:00,Brasil,ACRE,RIO BRANCO,Amazônia
 1646579770 ,14fa20e0-3642-335d-a76c-42487de4b390,  -10.532120 ,  -68.056510 ,2023-08-25 18:36:00,Brasil,ACRE,XAPURI,Amazônia
 1646579771 ,086197f0-e5f6-347a-8e4b-ce6f73caa155,  -10.433510 ,  -67.836360 ,2023-08-25 18:36:00,Brasil,ACRE,CAPIXABA,Amazônia
 1646579772 ,c6ad16c2-07b8-35a4-ab60-7c1792d4b700,  -10.402350 ,  -68.122110 ,2023-08-25 18:36:00,Brasil,ACRE,XAPURI,Amazônia
 1646579773 ,fb7e80d4-e7d0-307e-b2d8-0e0eed4003db,  -10.399520 ,  -68.103140 ,2023-08-25 18:36:00,Brasil,ACRE,XAPURI,Amazônia
 1646579774 ,38145666-cf9c-399e-8249-be9ee56a8bdb,  -10.393230 ,  -68.123540 ,2023-08-25 18:36:00,Brasil,ACRE,XAPURI,Amazônia
 1646579775 ,ee132837-9780-393a-ba44-55d3d7b0dc2c,  -10.380240 ,  -67.721900 ,2023-08-25 18:36:00,Brasil,ACRE,CAPIXABA,Amazônia
 1646579776 ,73231f97-9841-365f-81bd-0e7ceeedbc13,  -10.378780 ,  -67.712130 ,2023-08-25 18:36:00,Brasil,ACRE,CAPIXABA,Amazônia
 1646579777 ,dfda07dd-0e03-38e7-bbc0-c01156a5056c,  -10.179010 ,  -67.735440 ,2023-08-25 18:36:00,Brasil,ACRE,SENADOR GUIOMARD,Amazônia
 1646579778 ,acf090d4-ec6e-3fc2-b342-d98f6f19449a,  -10.177540 ,  -67.725670 ,2023-08-25 18:36:00,Brasil,ACRE,SENADOR GUIOMARD,Amazônia
 1646579779 ,c47f9a57-7546-3cf8-ab49-702b1c6bb960,  -10.835920 ,  -68.309130 ,2023-08-25 18:36:00,Brasil,ACRE,XAPURI,Amazônia
 1646579780 ,15ff4d2d-39ea-3ce2-a322-efd7aa6ede24,  -10.629600 ,  -68.782650 ,2023-08-25 18:36:00,Brasil,ACRE,XAPURI,Amazônia
 1646579781 ,c7a790b5-161b-332b-b031-e894aca2bd3a,  -10.628270 ,  -68.773520 ,2023-08-25 18:36:00,Brasil,ACRE,XAPURI,Amazônia
 1646579782 ,11bb84e6-e641-3703-a649-caa9de622771,  -10.257650 ,  -68.262890 ,2023-08-25 18:36:00,Brasil,ACRE,RIO BRANCO,Amazônia
 1646579783 ,7b695ed9-febd-3c97-8357-d8a4634d056d,  -10.256260 ,  -68.253480 ,2023-08-25 18:36:00,Brasil,ACRE,RIO BRANCO,Amazônia
 1646579784 ,0c283d07-0f6e-3a57-8a6b-973380e40325,  -10.205440 ,  -68.778540 ,2023-08-25 18:36:00,Brasil,ACRE,RIO BRANCO,Amazônia
 1646579785 ,972a6ce2-8bf6-3ab7-89af-dd342d8f14f6,  -10.114200 ,  -68.601800 ,2023-08-25 18:36:00,Brasil,ACRE,RIO BRANCO,Amazônia
 1646808057 ,dc9f44e3-0832-35b7-9cd0-aa4fcbbc9fa3,   -9.176790 ,  -70.929080 ,2023-08-26 19:19:00,Brasil,ACRE,FEIJÓ,Amazônia
 1646808058 ,4d13ef19-2114-3d8e-bd88-8252ab3a4aa9,   -9.170140 ,  -70.934950 ,2023-08-26 19:19:00,Brasil,ACRE,FEIJÓ,Amazônia
 1646808059 ,21a2e96a-48a5-3839-919e-fd988e24c284,   -8.483150 ,  -70.399140 ,2023-08-26 19:19:00,Brasil,ACRE,FEIJÓ,Amazônia
 1646808060 ,46bc2506-1f50-3cd1-85ba-0b760124cc3e,   -8.480920 ,  -70.404560 ,2023-08-26 19:19:00,Brasil,ACRE,FEIJÓ,Amazônia
 1646808061 ,dbdb1a5c-5a6b-3401-a445-3b720cbc19d2,   -8.296070 ,  -72.831810 ,2023-08-26 19:19:00,Brasil,ACRE,PORTO WALTER,Amazônia
 1646808062 ,f2b0bee7-ec9a-3378-8d09-9051058ef272,   -8.252040 ,  -73.374380 ,2023-08-26 19:19:00,Brasil,ACRE,CRUZEIRO DO SUL,Amazônia
 1646808063 ,5d691258-5f13-3786-98bc-95e6a7c50cae,   -8.249580 ,  -72.814430 ,2023-08-26 19:19:00,Brasil,ACRE,PORTO WALTER,Amazônia
 1646808064 ,950ef548-4892-3a68-814f-d8906beaaa13,   -8.245590 ,  -73.380450 ,2023-08-26 19:19:00,Brasil,ACRE,CRUZEIRO DO SUL,Amazônia
 1646808065 ,4f4b9623-4cdd-30c4-99a3-a2a5a24db2af,   -8.088130 ,  -70.140530 ,2023-08-26 19:19:00,Brasil,ACRE,FEIJÓ,Amazônia
 1646808066 ,df93db42-d09a-33a5-b9f1-b1e732919dd2,   -8.041020 ,  -72.496080 ,2023-08-26 19:19:00,Brasil,ACRE,CRUZEIRO DO SUL,Amazônia
 1646808068 ,6de3afd5-2fe2-3e08-933b-087d625c9c3d,   -7.660540 ,  -72.428650 ,2023-08-26 19:19:00,Brasil,ACRE,CRUZEIRO DO SUL,Amazônia
 1646808069 ,60005063-4622-3d5b-89a7-6d750d94f0ee,   -7.702200 ,  -72.301630 ,2023-08-26 19:19:00,Brasil,ACRE,CRUZEIRO DO SUL,Amazônia
 1646808378 ,ce7fa01e-4c92-3699-895f-fca62f5c87c6,   -7.399270 ,  -73.045570 ,2023-08-26 19:19:00,Brasil,ACRE,MÂNCIO LIMA,Amazônia
 1647010153 ,64a8ffc1-95df-377a-b766-25ec75cc07c3,   -7.999840 ,  -69.968730 ,2023-08-27 18:21:00,Brasil,ACRE,FEIJÓ,Amazônia
 1647010154 ,9fb50817-d9c4-34ba-8eb4-22a44d05c650,   -8.742220 ,  -70.258160 ,2023-08-27 18:21:00,Brasil,ACRE,FEIJÓ,Amazônia
 1647010155 ,608a137c-8749-3d42-9d1a-82584d2a2d6d,   -8.409540 ,  -70.149360 ,2023-08-27 18:21:00,Brasil,ACRE,FEIJÓ,Amazônia
 1647010156 ,0432de23-be90-35db-9c3b-da427a2f321d,   -8.407830 ,  -70.136570 ,2023-08-27 18:21:00,Brasil,ACRE,FEIJÓ,Amazônia
 1647010157 ,f1e8de36-cc85-34ff-b926-34fd6265987a,   -8.396930 ,  -70.216540 ,2023-08-27 18:21:00,Brasil,ACRE,FEIJÓ,Amazônia
 1647010158 ,a7a41026-48d6-3934-a93f-9bc40c3f9d3e,   -8.393840 ,  -70.236710 ,2023-08-27 18:21:00,Brasil,ACRE,FEIJÓ,Amazônia
 1647010159 ,19dffb4f-782c-34f3-9e2d-ee51c0056260,   -8.097710 ,  -69.880870 ,2023-08-27 18:21:00,Brasil,ACRE,FEIJÓ,Amazônia
 1647010160 ,12847a49-7c66-3ea3-88a6-75a3a9a5de0a,   -8.096070 ,  -69.868690 ,2023-08-27 18:21:00,Brasil,ACRE,FEIJÓ,Amazônia
 1647010161 ,47070481-2590-3af2-af39-a279423fcef0,   -8.003500 ,  -69.936670 ,2023-08-27 18:21:00,Brasil,ACRE,FEIJÓ,Amazônia
 1647010162 ,272a0293-929c-3bb8-bbb4-8d7f41d57c52,   -7.998080 ,  -69.974930 ,2023-08-27 18:21:00,Brasil,ACRE,FEIJÓ,Amazônia
 1647010163 ,4cdae98b-c1f8-3c7a-9a44-b4aa0c3781da,   -9.200080 ,  -69.203410 ,2023-08-27 18:21:00,Brasil,ACRE,SENA MADUREIRA,Amazônia
 1647010164 ,7b2c18eb-660a-3b74-a7c9-48e76cf5ff4b,   -9.090990 ,  -69.601490 ,2023-08-27 18:21:00,Brasil,ACRE,MANOEL URBANO,Amazônia
 1647010165 ,c41eb683-dbc1-33a8-bb15-25504a83598e,   -9.058630 ,  -69.593750 ,2023-08-27 18:21:00,Brasil,ACRE,MANOEL URBANO,Amazônia
 1647010166 ,882fa749-bf14-3054-88e5-6f0b190b8b22,   -9.051240 ,  -69.461030 ,2023-08-27 18:21:00,Brasil,ACRE,MANOEL URBANO,Amazônia
 1647010167 ,d9d2b4ad-61d4-30ae-91c2-955239195325,   -9.033680 ,  -69.180630 ,2023-08-27 18:21:00,Brasil,ACRE,SENA MADUREIRA,Amazônia
 1647010168 ,ca664048-643b-3bd6-9e53-a726098c2720,   -9.032140 ,  -69.169320 ,2023-08-27 18:21:00,Brasil,ACRE,SENA MADUREIRA,Amazônia
 1647010169 ,756d8037-9cca-391a-8877-33c8e39d8979,   -9.022190 ,  -69.170680 ,2023-08-27 18:21:00,Brasil,ACRE,SENA MADUREIRA,Amazônia
 1647010170 ,a161f9dc-f70d-3793-99a9-e1e020c93f16,   -8.998450 ,  -69.523500 ,2023-08-27 18:21:00,Brasil,ACRE,MANOEL URBANO,Amazônia
 1647010171 ,51332024-2775-3c79-89be-13fafcf62f99,   -8.941060 ,  -69.328640 ,2023-08-27 18:21:00,Brasil,ACRE,MANOEL URBANO,Amazônia
 1647010172 ,4ecb2646-350c-3bf1-9a6f-7cc00a95f9aa,   -8.871640 ,  -69.414570 ,2023-08-27 18:21:00,Brasil,ACRE,MANOEL URBANO,Amazônia
 1647010173 ,ac5e3674-8221-392b-a5ba-ccc0fbd1d4d5,   -8.835160 ,  -69.372320 ,2023-08-27 18:21:00,Brasil,ACRE,MANOEL URBANO,Amazônia
 1647010174 ,2ae2612c-3854-33fc-aef0-fc347b13cdbd,   -8.834320 ,  -69.367270 ,2023-08-27 18:21:00,Brasil,ACRE,MANOEL URBANO,Amazônia
 1647010175 ,f86743f9-92e9-391b-aca3-44567fee6843,   -8.771820 ,  -69.435110 ,2023-08-27 18:21:00,Brasil,ACRE,MANOEL URBANO,Amazônia
 1647010176 ,67ef6146-4d44-336d-a17a-9a2f945d87c3,   -8.769330 ,  -69.341130 ,2023-08-27 18:21:00,Brasil,ACRE,MANOEL URBANO,Amazônia
 1647010177 ,013edee7-555a-39d9-a880-9d844063dc86,   -8.767770 ,  -69.329670 ,2023-08-27 18:21:00,Brasil,ACRE,MANOEL URBANO,Amazônia
 1647010178 ,22b3df66-ca3b-397e-ac1e-c3d05e0c1adc,   -8.755490 ,  -69.390100 ,2023-08-27 18:21:00,Brasil,ACRE,MANOEL URBANO,Amazônia
 1647010179 ,a8207cde-0cec-3dc9-90bb-f7d6a23c574b,   -8.753930 ,  -69.378530 ,2023-08-27 18:21:00,Brasil,ACRE,MANOEL URBANO,Amazônia
 1647010180 ,11d0fe1c-ad18-33bb-926d-5b2bb322f395,   -8.750990 ,  -69.648140 ,2023-08-27 18:21:00,Brasil,ACRE,MANOEL URBANO,Amazônia
 1647010181 ,5b547f9b-7ce7-3102-9969-dfa076da55df,   -8.714930 ,  -69.690010 ,2023-08-27 18:21:00,Brasil,ACRE,FEIJÓ,Amazônia
 1647010182 ,6b5c607d-a4f0-3247-9727-e675bf4d27d2,   -8.693640 ,  -69.675000 ,2023-08-27 18:21:00,Brasil,ACRE,FEIJÓ,Amazônia
 1647010183 ,d7e93a95-78f8-3984-afa7-78e1f3e31cc6,   -8.691210 ,  -69.668720 ,2023-08-27 18:21:00,Brasil,ACRE,FEIJÓ,Amazônia
 1647010184 ,9d32245a-5f3b-3e5a-b446-76747182eea8,   -8.606060 ,  -69.929810 ,2023-08-27 18:21:00,Brasil,ACRE,FEIJÓ,Amazônia
 1647010185 ,964a05d2-ddfa-3ee7-b34c-2699f3cf164b,  -10.689760 ,  -69.658260 ,2023-08-27 18:21:00,Brasil,ACRE,ASSIS BRASIL,Amazônia
 1647010186 ,6e8c5a95-b916-312e-b39a-a9220194a842,  -10.688010 ,  -69.645320 ,2023-08-27 18:21:00,Brasil,ACRE,BRASILÉIA,Amazônia
 1647010187 ,759c7ffd-cf38-3e43-b534-26cc938eada3,  -10.579180 ,  -69.919180 ,2023-08-27 18:21:00,Brasil,ACRE,ASSIS BRASIL,Amazônia
 1647010188 ,cd5e0776-4246-339f-9ecb-86927c22e731,  -10.568460 ,  -69.920730 ,2023-08-27 18:21:00,Brasil,ACRE,ASSIS BRASIL,Amazônia
 1647010189 ,95a46d3c-d4b3-31e4-9f76-2836861b9aa7,  -10.562830 ,  -69.914740 ,2023-08-27 18:21:00,Brasil,ACRE,ASSIS BRASIL,Amazônia
 1647010190 ,232657c0-43f0-3040-9466-6931bc0d6618,  -10.477700 ,  -69.765690 ,2023-08-27 18:21:00,Brasil,ACRE,ASSIS BRASIL,Amazônia
 1647010191 ,6544b242-2644-3913-9097-9c1a8f952d63,  -10.475970 ,  -69.752660 ,2023-08-27 18:21:00,Brasil,ACRE,ASSIS BRASIL,Amazônia
 1647010227 ,8295c61f-0aa2-3229-b3b2-f0f59f6f6c7f,   -7.904310 ,  -70.922330 ,2023-08-27 18:21:00,Brasil,ACRE,TARAUACÁ,Amazônia
 1647010228 ,d56e8be9-8fbe-35f6-b97c-78cb4c5f3efc,   -7.902400 ,  -70.908230 ,2023-08-27 18:21:00,Brasil,ACRE,TARAUACÁ,Amazônia
 1647010230 ,abc56761-f5b9-3236-b851-8e2d43af70fb,   -9.431940 ,  -70.523960 ,2023-08-27 18:21:00,Brasil,ACRE,SANTA ROSA DO PURUS,Amazônia
 1647010231 ,833d5fc0-99a7-3ede-8cde-da31b404ebc7,   -9.256630 ,  -71.921450 ,2023-08-27 18:21:00,Brasil,ACRE,JORDÃO,Amazônia
 1647010232 ,cc77f3f8-1b29-3c39-9b73-e2de2f5e6d28,   -9.254370 ,  -71.903410 ,2023-08-27 18:21:00,Brasil,ACRE,JORDÃO,Amazônia
 1647010233 ,dee02ee9-b8bc-3d82-b42c-a0d1a49ac19d,   -9.251590 ,  -71.908820 ,2023-08-27 18:21:00,Brasil,ACRE,JORDÃO,Amazônia
 1647010234 ,3d95cfa3-02a4-3fef-b2f5-9e7af0b21071,   -9.231730 ,  -71.947870 ,2023-08-27 18:21:00,Brasil,ACRE,JORDÃO,Amazônia
 1647010235 ,b7673bea-45f2-3f0a-8fb3-18d8cd74d312,   -9.222340 ,  -71.876210 ,2023-08-27 18:21:00,Brasil,ACRE,JORDÃO,Amazônia
 1647010236 ,c464c79e-f9d4-3da1-9043-bcf2d8ea41c1,   -9.200220 ,  -71.615070 ,2023-08-27 18:21:00,Brasil,ACRE,FEIJÓ,Amazônia
 1647010237 ,eaab9c82-5869-336b-9e79-3887ec66bfff,   -9.190490 ,  -71.633710 ,2023-08-27 18:21:00,Brasil,ACRE,JORDÃO,Amazônia
 1647010238 ,c6816239-0690-3965-b3a3-6e33c3a81e09,   -9.177160 ,  -70.933050 ,2023-08-27 18:21:00,Brasil,ACRE,FEIJÓ,Amazônia
 1647010239 ,adeecf88-10fa-31c8-ae73-9291dc986269,   -9.176280 ,  -71.618370 ,2023-08-27 18:21:00,Brasil,ACRE,FEIJÓ,Amazônia
 1647010240 ,c95da8ce-78af-30d8-b308-da74a102f392,   -9.096410 ,  -70.753970 ,2023-08-27 18:21:00,Brasil,ACRE,FEIJÓ,Amazônia
 1647010241 ,85e8d374-9761-3215-a35e-e068583a3957,   -9.034880 ,  -70.718110 ,2023-08-27 18:21:00,Brasil,ACRE,FEIJÓ,Amazônia
 1647010242 ,3f56fc42-0082-30fd-8029-e3bcc95c71a3,   -9.033000 ,  -70.703820 ,2023-08-27 18:21:00,Brasil,ACRE,FEIJÓ,Amazônia
 1647010243 ,4b1f5fed-279d-3cfd-be26-6447346ba239,   -9.027500 ,  -70.748370 ,2023-08-27 18:21:00,Brasil,ACRE,FEIJÓ,Amazônia
 1647010244 ,0b9c4f7c-9c6c-37b5-be66-d7781272e871,   -9.027110 ,  -70.755200 ,2023-08-27 18:21:00,Brasil,ACRE,FEIJÓ,Amazônia
 1647010245 ,a3a60931-beb3-3642-9148-492ff3d42f7f,   -9.025130 ,  -70.740870 ,2023-08-27 18:21:00,Brasil,ACRE,FEIJÓ,Amazônia
 1647010246 ,be76c4ee-d324-3755-9d9b-47d7badc76f4,   -9.020020 ,  -70.690990 ,2023-08-27 18:21:00,Brasil,ACRE,FEIJÓ,Amazônia
 1647010247 ,fb7eb3ac-105a-38f9-94b6-6debbe6added,   -9.019210 ,  -70.697880 ,2023-08-27 18:21:00,Brasil,ACRE,FEIJÓ,Amazônia
 1647010248 ,5c79136e-9b8f-3d27-9696-63f442c81319,   -9.017250 ,  -70.683640 ,2023-08-27 18:21:00,Brasil,ACRE,FEIJÓ,Amazônia
 1647010249 ,7c58087e-f143-3a5e-801b-381d252c26ec,   -9.010770 ,  -70.706770 ,2023-08-27 18:21:00,Brasil,ACRE,FEIJÓ,Amazônia
 1647010250 ,7e77957d-1bcf-3437-b718-74431fffbf8c,   -9.008910 ,  -70.692430 ,2023-08-27 18:21:00,Brasil,ACRE,FEIJÓ,Amazônia
 1647010251 ,24f54f85-c8ec-3cc6-a401-2a65aafc85c3,   -9.002910 ,  -71.417860 ,2023-08-27 18:21:00,Brasil,ACRE,FEIJÓ,Amazônia
 1647010252 ,7f1b2a83-6b97-3297-9688-75d7a54dbe5d,   -8.977350 ,  -71.588590 ,2023-08-27 18:21:00,Brasil,ACRE,JORDÃO,Amazônia
 1647010253 ,7468bfb5-ed23-3956-889c-721145952f29,   -8.969780 ,  -71.259660 ,2023-08-27 18:21:00,Brasil,ACRE,FEIJÓ,Amazônia
 1647010254 ,1a999563-4aa2-3c1a-a34c-3997fcdc7a05,   -8.967670 ,  -71.243880 ,2023-08-27 18:21:00,Brasil,ACRE,FEIJÓ,Amazônia
 1647010255 ,331b01bd-b271-3a6b-948a-8300758d3e22,   -8.944830 ,  -70.564020 ,2023-08-27 18:21:00,Brasil,ACRE,FEIJÓ,Amazônia
 1647010256 ,72fc5614-9318-3cfa-bdd5-fa35c3c70aa8,   -8.937060 ,  -71.280100 ,2023-08-27 18:21:00,Brasil,ACRE,FEIJÓ,Amazônia
 1647010257 ,95d5929d-93ff-39bf-868a-5f4bdc8454ed,   -8.935000 ,  -71.264390 ,2023-08-27 18:21:00,Brasil,ACRE,FEIJÓ,Amazônia
 1647010258 ,b7ab1ecb-3ac9-33f6-83b6-1f32952e649b,   -8.933300 ,  -71.862290 ,2023-08-27 18:21:00,Brasil,ACRE,JORDÃO,Amazônia
 1647010259 ,7fbf4a1b-5e09-3235-af42-7249dc30707f,   -8.928530 ,  -70.695680 ,2023-08-27 18:21:00,Brasil,ACRE,FEIJÓ,Amazônia
 1647010260 ,cc25e534-ef2e-333f-802b-8b140fa98574,   -8.928460 ,  -70.700890 ,2023-08-27 18:21:00,Brasil,ACRE,FEIJÓ,Amazônia
 1647010261 ,51733540-4da5-336a-b02c-997779a3e0de,   -8.924310 ,  -71.518260 ,2023-08-27 18:21:00,Brasil,ACRE,FEIJÓ,Amazônia
 1647010262 ,ecf3543b-9539-3d1d-92dd-73a0980b81ae,   -8.921270 ,  -70.730870 ,2023-08-27 18:21:00,Brasil,ACRE,FEIJÓ,Amazônia
 1647010263 ,6f9a67b9-2475-3310-a438-5a4378312fa1,   -8.921140 ,  -70.725740 ,2023-08-27 18:21:00,Brasil,ACRE,FEIJÓ,Amazônia
 1647010264 ,60b12e47-572f-3703-8c3c-a3f3407ead51,   -8.919310 ,  -70.716580 ,2023-08-27 18:21:00,Brasil,ACRE,FEIJÓ,Amazônia
 1647010265 ,50b4f51a-4800-31d2-a57e-cafb982c4b85,   -8.905540 ,  -71.291210 ,2023-08-27 18:21:00,Brasil,ACRE,FEIJÓ,Amazônia
 1647010266 ,0371f9b6-3b9a-30e5-95e2-7a1510c57004,   -8.904240 ,  -71.300610 ,2023-08-27 18:21:00,Brasil,ACRE,FEIJÓ,Amazônia
 1647010267 ,b23dbf4a-ac36-3ac4-b568-5b2de70ca667,   -8.902220 ,  -71.284830 ,2023-08-27 18:21:00,Brasil,ACRE,FEIJÓ,Amazônia
 1647010268 ,452fb5b6-7c2f-3e95-9bf3-5fc0e7f9b4ab,   -8.854380 ,  -70.653070 ,2023-08-27 18:21:00,Brasil,ACRE,FEIJÓ,Amazônia
 1647010269 ,a0a8d28d-0f33-307f-a7e6-c1f5516a9e44,   -8.815770 ,  -70.615300 ,2023-08-27 18:21:00,Brasil,ACRE,FEIJÓ,Amazônia
 1647010270 ,4d9b17d4-6cbc-3a66-bc6d-4e769c5d6e68,   -8.812210 ,  -70.608300 ,2023-08-27 18:21:00,Brasil,ACRE,FEIJÓ,Amazônia
 1647010271 ,d0af421d-b18c-32a8-89b1-a491049677ad,   -8.756310 ,  -71.034400 ,2023-08-27 18:21:00,Brasil,ACRE,FEIJÓ,Amazônia
 1647010272 ,36e8dbf9-e328-377c-8a45-6af0569a2dff,   -8.744960 ,  -71.035980 ,2023-08-27 18:21:00,Brasil,ACRE,FEIJÓ,Amazônia
 1647010273 ,cb48e96c-fd79-397d-bdbd-33d57b0227f5,   -8.744430 ,  -70.603330 ,2023-08-27 18:21:00,Brasil,ACRE,FEIJÓ,Amazônia
 1647010274 ,9462db4f-525f-3aa8-a876-cd7f2ad99972,   -8.742940 ,  -71.020940 ,2023-08-27 18:21:00,Brasil,ACRE,FEIJÓ,Amazônia
 1647010275 ,93db7f5d-e904-354d-817f-cec8896268f6,   -8.722280 ,  -71.039210 ,2023-08-27 18:21:00,Brasil,ACRE,TARAUACÁ,Amazônia
 1647010276 ,289b39c7-a3ba-3b11-8396-5df9c7833ed8,   -8.713970 ,  -71.677210 ,2023-08-27 18:21:00,Brasil,ACRE,TARAUACÁ,Amazônia
 1647010277 ,1bfd6f8f-f53f-33d3-a36d-5399d1dbe3ae,   -8.708950 ,  -71.025670 ,2023-08-27 18:21:00,Brasil,ACRE,TARAUACÁ,Amazônia
 1647010278 ,be7801f2-b1aa-37e2-9561-dfada6c72dbc,   -8.706990 ,  -71.010760 ,2023-08-27 18:21:00,Brasil,ACRE,TARAUACÁ,Amazônia
 1647010279 ,e8fc457d-7e1a-3ee3-8c74-7461a77f1e63,   -8.692690 ,  -70.730610 ,2023-08-27 18:21:00,Brasil,ACRE,FEIJÓ,Amazônia
 1647010280 ,8b7a2f4a-0fcf-3dd2-80c0-07647e3f4219,   -8.652670 ,  -70.949420 ,2023-08-27 18:21:00,Brasil,ACRE,FEIJÓ,Amazônia
 1647010281 ,afbf5fd6-0279-3285-b676-3b06acec141e,   -8.464350 ,  -70.560600 ,2023-08-27 18:21:00,Brasil,ACRE,FEIJÓ,Amazônia
 1647010282 ,f0074e0b-b3db-3ca5-84c0-fec485ae54a6,   -8.453450 ,  -70.562030 ,2023-08-27 18:21:00,Brasil,ACRE,FEIJÓ,Amazônia
 1647010283 ,141347d0-deb2-327b-8127-01f2f7cc91f2,   -8.365560 ,  -70.267210 ,2023-08-27 18:21:00,Brasil,ACRE,FEIJÓ,Amazônia
 1647010284 ,48a15143-dffb-3993-93e1-d5901ea558bf,   -8.360220 ,  -70.572810 ,2023-08-27 18:21:00,Brasil,ACRE,FEIJÓ,Amazônia
 1647010285 ,4e937399-97ae-386d-a176-1ab008925717,   -8.360150 ,  -70.553500 ,2023-08-27 18:21:00,Brasil,ACRE,FEIJÓ,Amazônia
 1647010286 ,4bdd3bbe-0375-35ff-83ea-420e8c18e71c,   -8.358330 ,  -70.559170 ,2023-08-27 18:21:00,Brasil,ACRE,FEIJÓ,Amazônia
 1647010287 ,bf42d9fc-47cf-3715-ac9d-74680ef89273,   -8.356620 ,  -70.443770 ,2023-08-27 18:21:00,Brasil,ACRE,FEIJÓ,Amazônia
 1647010288 ,ad657ee2-a670-3693-82b2-7aab9836b339,   -8.349480 ,  -70.390170 ,2023-08-27 18:21:00,Brasil,ACRE,FEIJÓ,Amazônia
 1647010289 ,6eaecade-bfd8-3df4-b930-23d9617da0c9,   -8.257060 ,  -70.462880 ,2023-08-27 18:21:00,Brasil,ACRE,FEIJÓ,Amazônia
 1647010290 ,93f640a3-dd06-3b18-a887-bf69750fb364,   -8.253610 ,  -70.470040 ,2023-08-27 18:21:00,Brasil,ACRE,FEIJÓ,Amazônia
 1647010291 ,19094a13-e006-396e-97df-24a21743f214,   -8.163350 ,  -70.556330 ,2023-08-27 18:21:00,Brasil,ACRE,FEIJÓ,Amazônia
 1647010292 ,64788adf-9385-39c9-9b31-42d436becc96,   -8.137970 ,  -70.532200 ,2023-08-27 18:21:00,Brasil,ACRE,FEIJÓ,Amazônia
 1647010293 ,e2a071ef-1cfe-3612-9a9c-291c082bde58,   -8.127150 ,  -70.533620 ,2023-08-27 18:21:00,Brasil,ACRE,FEIJÓ,Amazônia
 1647010294 ,97af4e85-6aee-3b8d-9ae9-48c7c27d293f,   -8.089350 ,  -70.497800 ,2023-08-27 18:21:00,Brasil,ACRE,FEIJÓ,Amazônia
 1647010295 ,41b2aa98-3935-3441-a3d8-e4646f9eca7f,   -8.080570 ,  -70.350990 ,2023-08-27 18:21:00,Brasil,ACRE,FEIJÓ,Amazônia
 1647010296 ,dd6fef83-9ff2-3ed4-b126-f52865dfcb8c,   -8.078820 ,  -70.337990 ,2023-08-27 18:21:00,Brasil,ACRE,FEIJÓ,Amazônia
 1647010297 ,17b36bbe-81dc-3389-9e21-bad7003f39fd,   -8.534940 ,  -70.837010 ,2023-08-27 18:21:00,Brasil,ACRE,TARAUACÁ,Amazônia
 1647010298 ,d90ee36f-c621-3fcb-8a8e-8e51b67482d5,   -8.510420 ,  -70.738570 ,2023-08-27 18:21:00,Brasil,ACRE,TARAUACÁ,Amazônia
 1647010299 ,83deec71-83d4-3819-b24f-f1e11d0fedc5,   -8.437120 ,  -70.712170 ,2023-08-27 18:21:00,Brasil,ACRE,TARAUACÁ,Amazônia
 1647010300 ,91cae166-2d0c-3277-8e88-0292a2b0325b,   -8.423040 ,  -70.859050 ,2023-08-27 18:21:00,Brasil,ACRE,TARAUACÁ,Amazônia
 1647010301 ,088077e8-6261-3866-a2a6-c06b7f9d43eb,   -8.421130 ,  -70.844690 ,2023-08-27 18:21:00,Brasil,ACRE,TARAUACÁ,Amazônia
 1647010302 ,c92b6022-9240-36a9-8c63-a16162a56015,   -8.275910 ,  -71.130580 ,2023-08-27 18:21:00,Brasil,ACRE,TARAUACÁ,Amazônia
 1647010303 ,d9b06d54-ec54-3553-9bdc-92a1bb8c8f9e,   -8.256260 ,  -70.982670 ,2023-08-27 18:21:00,Brasil,ACRE,TARAUACÁ,Amazônia
 1647010304 ,3a27d3be-e660-3fa8-b003-58b5de94f902,   -8.248920 ,  -71.013510 ,2023-08-27 18:21:00,Brasil,ACRE,TARAUACÁ,Amazônia
 1647010305 ,e4a2bcc0-f710-3582-a0c4-e504ac1e5e39,   -8.246970 ,  -70.998770 ,2023-08-27 18:21:00,Brasil,ACRE,TARAUACÁ,Amazônia
 1647010306 ,aad18e92-696f-3b11-b351-3d8412e8daa7,   -8.191260 ,  -70.922730 ,2023-08-27 18:21:00,Brasil,ACRE,TARAUACÁ,Amazônia
 1647010307 ,30583077-bbf1-3eef-96f2-307ac70041a5,   -8.137210 ,  -71.611190 ,2023-08-27 18:21:00,Brasil,ACRE,TARAUACÁ,Amazônia
 1647010308 ,4eaf573f-764c-3e17-95bd-a77350d42b54,   -8.107590 ,  -71.242370 ,2023-08-27 18:21:00,Brasil,ACRE,TARAUACÁ,Amazônia
 1647010309 ,ca1cbbff-6391-3621-bca4-c20d839d0610,   -8.095940 ,  -70.655760 ,2023-08-27 18:21:00,Brasil,ACRE,TARAUACÁ,Amazônia
 1647010310 ,1cbfa54a-20da-30b6-9e61-97c4eaa3ae9d,   -8.059220 ,  -71.300320 ,2023-08-27 18:21:00,Brasil,ACRE,TARAUACÁ,Amazônia
 1647010311 ,1a55d22d-ee92-319e-ba30-c84cabb59e86,   -8.048050 ,  -71.052790 ,2023-08-27 18:21:00,Brasil,ACRE,TARAUACÁ,Amazônia
 1647010312 ,e0fed1f7-a468-3bb2-8fcb-16564363d8e6,   -8.047160 ,  -71.043240 ,2023-08-27 18:21:00,Brasil,ACRE,TARAUACÁ,Amazônia
 1647010313 ,61fe2f71-d4cf-3c22-bcbe-cdffcad8a394,   -8.046140 ,  -71.038170 ,2023-08-27 18:21:00,Brasil,ACRE,TARAUACÁ,Amazônia
 1647010314 ,e4e11824-63a0-3849-b935-e1a5e985a7f0,   -8.024730 ,  -71.046410 ,2023-08-27 18:21:00,Brasil,ACRE,TARAUACÁ,Amazônia
 1647010315 ,f7a77f8a-c89a-3c5a-baca-fde15c982d9d,   -8.006790 ,  -71.169190 ,2023-08-27 18:21:00,Brasil,ACRE,TARAUACÁ,Amazônia
 1647010316 ,503fa065-3e37-3fe5-9f88-34960d4044be,   -8.005970 ,  -71.339060 ,2023-08-27 18:21:00,Brasil,ACRE,TARAUACÁ,Amazônia
 1647010318 ,bbb8f5d2-709f-3beb-aff6-2770ad83ce5c,   -7.980460 ,  -70.804030 ,2023-08-27 18:21:00,Brasil,ACRE,TARAUACÁ,Amazônia
 1647010319 ,914b4bba-479f-34aa-b084-0f08c1f9d067,   -7.977050 ,  -71.460860 ,2023-08-27 18:21:00,Brasil,ACRE,TARAUACÁ,Amazônia
 1647010356 ,826d50d3-3c1c-36ba-9110-ddf1d2772c1f,   -7.937100 ,  -72.315320 ,2023-08-27 18:21:00,Brasil,ACRE,CRUZEIRO DO SUL,Amazônia
 1647010357 ,a1855cd7-f579-321f-babf-7424a4e2f117,   -7.934530 ,  -72.322460 ,2023-08-27 18:21:00,Brasil,ACRE,CRUZEIRO DO SUL,Amazônia
 1647010358 ,2ddbf840-fcc0-344c-8974-b4020d1187a4,   -7.763990 ,  -72.508490 ,2023-08-27 18:24:00,Brasil,ACRE,CRUZEIRO DO SUL,Amazônia
 1647010359 ,b1c548c8-4742-32ec-9950-562219cc03fb,   -7.735990 ,  -73.079310 ,2023-08-27 18:24:00,Brasil,ACRE,RODRIGUES ALVES,Amazônia
 1647010360 ,46d31cc2-9247-3746-8e3b-ee27be63c29f,   -7.733270 ,  -73.058720 ,2023-08-27 18:24:00,Brasil,ACRE,RODRIGUES ALVES,Amazônia
 1647010361 ,c654f7e7-dabf-302f-b004-840f101a41e8,   -7.699660 ,  -72.310590 ,2023-08-27 18:24:00,Brasil,ACRE,CRUZEIRO DO SUL,Amazônia
 1647010362 ,45097c73-66b2-35ab-935f-01a4680ada31,   -7.675340 ,  -72.621540 ,2023-08-27 18:24:00,Brasil,ACRE,CRUZEIRO DO SUL,Amazônia
 1647010377 ,58b44d66-ef51-3f78-9b5e-3fac66bb754e,   -7.788280 ,  -72.005030 ,2023-08-27 18:21:00,Brasil,ACRE,CRUZEIRO DO SUL,Amazônia
 1647010378 ,8ced0e77-1393-3c7e-962f-b57fd475fa2f,   -7.785950 ,  -71.987780 ,2023-08-27 18:21:00,Brasil,ACRE,TARAUACÁ,Amazônia
 1647010379 ,de96ee43-854b-3c00-aab2-7f335175baf6,   -7.761850 ,  -71.991110 ,2023-08-27 18:21:00,Brasil,ACRE,CRUZEIRO DO SUL,Amazônia
 1647010382 ,0a166b75-7f0c-35ab-acd0-6b3dcd1bee58,   -8.510140 ,  -73.032210 ,2023-08-27 18:21:00,Brasil,ACRE,PORTO WALTER,Amazônia
 1647010383 ,a5ecc9f3-9459-39aa-a87e-886c756a4ea4,   -8.292700 ,  -72.844810 ,2023-08-27 18:21:00,Brasil,ACRE,PORTO WALTER,Amazônia
 1647010384 ,bd0bfdfc-9172-3fa5-adeb-1ecc21ac1810,   -8.292620 ,  -72.860560 ,2023-08-27 18:21:00,Brasil,ACRE,PORTO WALTER,Amazônia
 1647010385 ,e17a95f9-40f1-34ca-ad5b-360a0cca8d6f,   -8.290030 ,  -72.840170 ,2023-08-27 18:21:00,Brasil,ACRE,PORTO WALTER,Amazônia
 1647010386 ,34253809-8533-3a2b-befe-39b05dbe5440,   -8.262090 ,  -73.017440 ,2023-08-27 18:21:00,Brasil,ACRE,PORTO WALTER,Amazônia
 1647010387 ,74caaf2f-21ee-3362-8061-c7fac5c4407f,   -8.250290 ,  -73.112180 ,2023-08-27 18:21:00,Brasil,ACRE,CRUZEIRO DO SUL,Amazônia
 1647010388 ,db7ecf8c-a713-32c7-9749-917d8929a42d,   -8.249180 ,  -73.127150 ,2023-08-27 18:21:00,Brasil,ACRE,CRUZEIRO DO SUL,Amazônia
 1647010389 ,a316938f-0884-3cf9-b475-79619c194be2,   -8.246460 ,  -73.105730 ,2023-08-27 18:21:00,Brasil,ACRE,CRUZEIRO DO SUL,Amazônia
 1647010390 ,6b84741d-6b74-3350-94a4-c50b1acbfd0b,   -8.233310 ,  -73.217060 ,2023-08-27 18:21:00,Brasil,ACRE,CRUZEIRO DO SUL,Amazônia
 1647010391 ,5d680f42-1ec2-387b-9b28-4ae2240af289,   -8.164270 ,  -72.869090 ,2023-08-27 18:21:00,Brasil,ACRE,PORTO WALTER,Amazônia
 1647010392 ,f078df9a-d48c-37b3-88cc-d2b70514aa55,   -9.466860 ,  -72.142590 ,2023-08-27 18:21:00,Brasil,ACRE,JORDÃO,Amazônia
 1647010393 ,9ce24340-d050-303e-98f2-cff7568a1287,   -9.078450 ,  -71.957150 ,2023-08-27 18:21:00,Brasil,ACRE,JORDÃO,Amazônia
 1647010394 ,3f9c9732-c656-3bbf-bcb7-f56964db2083,   -8.018120 ,  -72.045180 ,2023-08-27 18:21:00,Brasil,ACRE,TARAUACÁ,Amazônia
 1647010395 ,e22ffb27-259f-37e2-95b5-dc07d5804507,   -8.745710 ,  -72.833290 ,2023-08-27 18:21:00,Brasil,ACRE,MARECHAL THAUMATURGO,Amazônia
 1647010396 ,4fe49e11-b443-320f-b9c9-45c790e4b7e5,   -8.743110 ,  -72.812580 ,2023-08-27 18:21:00,Brasil,ACRE,MARECHAL THAUMATURGO,Amazônia
 1647010397 ,e20ccd72-13dd-3665-a328-778d0bcac9a3,   -8.682410 ,  -72.743860 ,2023-08-27 18:21:00,Brasil,ACRE,PORTO WALTER,Amazônia
 1647010431 ,1502fc88-2b7c-31f0-9bee-821e85962af1,   -7.527720 ,  -73.475990 ,2023-08-27 18:24:00,Brasil,ACRE,MÂNCIO LIMA,Amazônia
 1647010432 ,72bb2f71-9aea-385b-8033-c6762e7f3acc,   -7.363750 ,  -73.310170 ,2023-08-27 18:24:00,Brasil,ACRE,MÂNCIO LIMA,Amazônia
 1647010433 ,89cf22a0-94cf-3528-a72e-d938541af460,   -7.360840 ,  -73.288960 ,2023-08-27 18:24:00,Brasil,ACRE,MÂNCIO LIMA,Amazônia
 1647010434 ,b49f1071-cdac-363b-973e-7a1308837f1f,   -7.359790 ,  -73.303760 ,2023-08-27 18:24:00,Brasil,ACRE,MÂNCIO LIMA,Amazônia
 1647010435 ,7ab19c27-985b-39dd-bee3-51d65ec775d9,   -7.357050 ,  -73.282520 ,2023-08-27 18:24:00,Brasil,ACRE,MÂNCIO LIMA,Amazônia
 1647011218 ,7f7bca05-f2c7-3699-9dbe-76c66c4b1a54,   -9.890070 ,  -67.332090 ,2023-08-27 18:21:00,Brasil,ACRE,SENADOR GUIOMARD,Amazônia
 1647011271 ,2ff2dcf9-8de0-30a0-a935-216858741fd9,   -9.195970 ,  -68.360650 ,2023-08-27 18:21:00,Brasil,ACRE,SENA MADUREIRA,Amazônia
 1647011277 ,33358125-45c4-3fb4-9df2-76919084ae64,  -10.469000 ,  -67.869060 ,2023-08-27 18:21:00,Brasil,ACRE,CAPIXABA,Amazônia
 1647011278 ,a9b455ba-b2f6-3323-bf3d-2a86fae6cb21,  -10.452090 ,  -68.138690 ,2023-08-27 18:21:00,Brasil,ACRE,XAPURI,Amazônia
 1647011279 ,949604a5-0eb2-3211-be1f-05b6fd8b2560,  -10.450670 ,  -68.128330 ,2023-08-27 18:21:00,Brasil,ACRE,XAPURI,Amazônia
 1647011280 ,f3b0fd36-6510-3e74-ba94-56cdf6410f57,   -9.987690 ,  -67.892940 ,2023-08-27 18:21:00,Brasil,ACRE,RIO BRANCO,Amazônia
 1647011281 ,5b547c0a-34cc-3f69-9c97-e05d092eda45,   -9.975920 ,  -67.945630 ,2023-08-27 18:21:00,Brasil,ACRE,RIO BRANCO,Amazônia
 1647011282 ,cbc0bbde-c0b8-30ba-a3a2-11c0f02317a3,   -9.875460 ,  -68.476470 ,2023-08-27 18:21:00,Brasil,ACRE,RIO BRANCO,Amazônia
 1647011283 ,f68f3c98-843c-3921-b2b3-2bb969bf04c1,   -9.518200 ,  -68.551320 ,2023-08-27 18:21:00,Brasil,ACRE,SENA MADUREIRA,Amazônia
 1647011284 ,4bf62bd5-b284-33a3-b2e2-cc43d0042652,   -9.476730 ,  -68.535510 ,2023-08-27 18:21:00,Brasil,ACRE,SENA MADUREIRA,Amazônia
 1647011285 ,3849206d-938e-34a5-ba5d-7e65978fbf4c,   -9.403960 ,  -68.256020 ,2023-08-27 18:21:00,Brasil,ACRE,BUJARI,Amazônia
 1647011286 ,805e755e-1f52-318d-a095-a6b4bc8c8644,  -10.174840 ,  -69.023870 ,2023-08-27 18:21:00,Brasil,ACRE,RIO BRANCO,Amazônia
 1647011287 ,845861e6-9648-32e3-b51e-2aa915fcd99b,  -10.042670 ,  -68.571690 ,2023-08-27 18:21:00,Brasil,ACRE,RIO BRANCO,Amazônia
 1647011288 ,bbcaeed6-ed4e-3db9-a07e-a6f61c8f4350,  -10.041200 ,  -68.560940 ,2023-08-27 18:21:00,Brasil,ACRE,RIO BRANCO,Amazônia
 1637699654 ,ff87ec45-9324-3055-a2b6-61bc944d3eed,   -8.016300 ,  -70.284520 ,2023-07-13 18:04:00,Brasil,ACRE,FEIJÓ,Amazônia
 1640188587 ,b363592c-8081-352e-bddf-c9a7db107c12,  -10.485400 ,  -67.536670 ,2023-07-26 18:58:00,Brasil,ACRE,PLÁCIDO DE CASTRO,Amazônia
 1640188665 ,bd262638-77a1-308c-87de-9eab66e2d2f5,   -9.766170 ,  -67.880960 ,2023-07-26 18:58:00,Brasil,ACRE,BUJARI,Amazônia
 1640188696 ,1726afa5-373f-3e50-897d-90c79942ad4d,   -9.772750 ,  -67.887570 ,2023-07-26 18:58:00,Brasil,ACRE,BUJARI,Amazônia
 1640188728 ,84250c89-2313-3192-ac61-97f4dcecc9fd,   -9.804650 ,  -68.334790 ,2023-07-26 18:58:00,Brasil,ACRE,RIO BRANCO,Amazônia
 1640188731 ,e06cc525-912a-362f-9327-7ab022428804,  -10.485920 ,  -67.868260 ,2023-07-26 18:58:00,Brasil,ACRE,CAPIXABA,Amazônia
 1640188760 ,669a7948-bfc9-39cb-88a1-a24285e7a4e2,   -9.938270 ,  -67.645650 ,2023-07-26 18:58:00,Brasil,ACRE,RIO BRANCO,Amazônia
 1640188858 ,1897de13-1f02-3cfa-bdf3-706d932b0685,  -10.487560 ,  -67.852420 ,2023-07-26 18:58:00,Brasil,ACRE,CAPIXABA,Amazônia
 1640188916 ,42cff51c-b160-3be2-b33f-5e69fdb99216,   -7.483630 ,  -72.823470 ,2023-07-26 19:00:00,Brasil,ACRE,CRUZEIRO DO SUL,Amazônia
 1640188979 ,94bff288-6cf3-3986-9e66-993629c9f97a,   -7.592990 ,  -73.076220 ,2023-07-26 19:00:00,Brasil,ACRE,MÂNCIO LIMA,Amazônia
 1640188986 ,6723189b-6b64-36a3-a5f4-82807f909a64,  -10.491200 ,  -67.874450 ,2023-07-26 18:58:00,Brasil,ACRE,CAPIXABA,Amazônia
 1640189043 ,3e7ae41c-c02a-3f05-a73e-dfdef82d2be6,   -7.686440 ,  -72.740230 ,2023-07-26 19:00:00,Brasil,ACRE,CRUZEIRO DO SUL,Amazônia
 1640189106 ,593aa51c-acf9-3389-8d35-4d4bbeb3d77d,   -7.800130 ,  -72.012370 ,2023-07-26 19:00:00,Brasil,ACRE,CRUZEIRO DO SUL,Amazônia
 1640189113 ,44848f26-5809-3ecd-a4ac-24869058056b,  -10.555380 ,  -69.322850 ,2023-07-26 18:58:00,Brasil,ACRE,BRASILÉIA,Amazônia
 1640189241 ,2eeae709-9c95-37e8-9b09-4cb51915b625,  -10.563510 ,  -69.332370 ,2023-07-26 18:58:00,Brasil,ACRE,BRASILÉIA,Amazônia
 1640189298 ,b3075c0d-888f-3935-8191-53f82646dcbc,   -8.162160 ,  -70.344060 ,2023-07-26 18:58:00,Brasil,ACRE,FEIJÓ,Amazônia
 1640189361 ,264d9a84-10b6-3ce3-90e0-18bf763b8310,   -8.239470 ,  -73.146330 ,2023-07-26 18:58:00,Brasil,ACRE,CRUZEIRO DO SUL,Amazônia
 1640189368 ,2dfb953b-757e-3b28-b5c3-cb71aeea56db,  -10.830250 ,  -68.801830 ,2023-07-26 18:58:00,Brasil,ACRE,BRASILÉIA,Amazônia
 1640189425 ,00e587da-727a-317e-a988-59de3d01ae9b,   -8.659210 ,  -69.770870 ,2023-07-26 18:58:00,Brasil,ACRE,FEIJÓ,Amazônia
 1640189522 ,66316912-9794-3f35-8360-0299e119d56a,  -10.840580 ,  -68.807210 ,2023-07-26 18:58:00,Brasil,ACRE,BRASILÉIA,Amazônia
 1640189527 ,5e8550dd-3758-3e45-840f-cb60c5f56ff7,   -9.458750 ,  -68.548420 ,2023-07-26 18:58:00,Brasil,ACRE,SENA MADUREIRA,Amazônia
 1640189547 ,da3be276-5212-3363-9189-725c79a8c7fb,   -9.462130 ,  -68.568900 ,2023-07-26 18:58:00,Brasil,ACRE,SENA MADUREIRA,Amazônia
 1658078407 ,50fa85d8-99c3-3c34-9a43-a018a7b0018d,   -9.994620 ,  -68.851760 ,2023-10-25 18:28:00,Brasil,ACRE,SENA MADUREIRA,Amazônia
 1658078408 ,add80b8e-acfc-374c-9c22-697b4f0ddf4b,   -9.993230 ,  -68.841960 ,2023-10-25 18:28:00,Brasil,ACRE,SENA MADUREIRA,Amazônia
 1658078409 ,57ae4074-1c32-351a-919d-59c8066e812e,   -9.975940 ,  -66.984570 ,2023-10-25 18:28:00,Brasil,ACRE,ACRELÂNDIA,Amazônia
 1658078410 ,e8d1784a-5122-3701-8bf6-fa32ae361c26,   -9.974630 ,  -66.975570 ,2023-10-25 18:28:00,Brasil,ACRE,ACRELÂNDIA,Amazônia
 1658078411 ,ed8d2f13-e2b6-32a2-955b-632f280db90b,   -9.970210 ,  -68.745800 ,2023-10-25 18:28:00,Brasil,ACRE,RIO BRANCO,Amazônia
 1658078412 ,cafe6c3f-da1c-3f39-afc9-759045cd12be,   -9.964310 ,  -68.906360 ,2023-10-25 18:28:00,Brasil,ACRE,SENA MADUREIRA,Amazônia
 1658078413 ,aed11e73-091c-302b-a0c1-4c2eb7ea503e,   -9.940480 ,  -68.940160 ,2023-10-25 18:28:00,Brasil,ACRE,SENA MADUREIRA,Amazônia
 1658078414 ,7e2617af-dfc3-3d8a-9dd1-97c918742f8e,   -9.881760 ,  -69.046380 ,2023-10-25 18:28:00,Brasil,ACRE,SENA MADUREIRA,Amazônia
 1658078419 ,0a635ff9-027e-393a-ae1c-0c8673a1d78c,   -9.658170 ,  -67.461260 ,2023-10-25 18:28:00,Brasil,ACRE,PORTO ACRE,Amazônia
 1658078420 ,0c3e70aa-ba86-36bc-9867-f2c10ff02298,   -9.656870 ,  -67.452230 ,2023-10-25 18:28:00,Brasil,ACRE,PORTO ACRE,Amazônia
 1658078421 ,9e88c1e7-04fb-3356-a403-6860ff35f343,   -9.649920 ,  -68.702380 ,2023-10-25 18:28:00,Brasil,ACRE,SENA MADUREIRA,Amazônia
 1658078422 ,66b065b1-fa13-30b7-9613-6f7a8811fc71,   -9.648570 ,  -68.692720 ,2023-10-25 18:28:00,Brasil,ACRE,RIO BRANCO,Amazônia
 1658078423 ,c715549c-548b-34b5-a910-43192e7cbc9d,   -9.618160 ,  -68.609200 ,2023-10-25 18:28:00,Brasil,ACRE,RIO BRANCO,Amazônia
 1658078425 ,d4b6f288-08a7-37cc-9af2-78ccdc81b320,   -9.554370 ,  -68.277990 ,2023-10-25 18:28:00,Brasil,ACRE,BUJARI,Amazônia
 1658078426 ,90c99477-af3e-3363-b9ac-645c8b61019a,   -9.537460 ,  -68.753750 ,2023-10-25 18:28:00,Brasil,ACRE,SENA MADUREIRA,Amazônia
 1658078427 ,c4eea21e-a29b-3f58-a18f-54c62120b37f,   -9.530680 ,  -68.761370 ,2023-10-25 18:28:00,Brasil,ACRE,SENA MADUREIRA,Amazônia
 1658078428 ,0f416c0a-eeec-364b-8576-8ea36e44e87a,   -9.529310 ,  -68.751750 ,2023-10-25 18:28:00,Brasil,ACRE,SENA MADUREIRA,Amazônia
 1658078429 ,036b8a19-c677-3d31-9901-3a88f5cb4fc0,   -9.529150 ,  -68.559640 ,2023-10-25 18:28:00,Brasil,ACRE,SENA MADUREIRA,Amazônia
 1658078430 ,e4479460-5487-3694-9c31-12b97b473ee9,   -9.523850 ,  -68.521800 ,2023-10-25 18:28:00,Brasil,ACRE,SENA MADUREIRA,Amazônia
 1658078431 ,a13243f3-4986-31de-a334-6c76c984b860,   -9.500350 ,  -67.709080 ,2023-10-25 18:28:00,Brasil,ACRE,PORTO ACRE,Amazônia
 1658078432 ,9803a65f-8e5a-3be2-902a-044eb1a8c75f,   -9.499400 ,  -68.541630 ,2023-10-25 18:28:00,Brasil,ACRE,SENA MADUREIRA,Amazônia
 1658078433 ,a960a000-3224-3c04-9b89-e7f7187fc6e4,   -9.499050 ,  -67.700030 ,2023-10-25 18:28:00,Brasil,ACRE,PORTO ACRE,Amazônia
 1658078434 ,4a72033c-5eaa-34e7-8d85-cf4333fb7f9c,   -9.498050 ,  -68.532150 ,2023-10-25 18:28:00,Brasil,ACRE,SENA MADUREIRA,Amazônia
 1658078436 ,51ce8ae8-d31f-34e3-ba0c-9afa7a99ff93,   -9.436350 ,  -69.008870 ,2023-10-25 18:30:00,Brasil,ACRE,SENA MADUREIRA,Amazônia
 1658078437 ,5e44bb9c-d72a-325e-8582-14671c2a59b0,   -9.418990 ,  -68.685140 ,2023-10-25 18:30:00,Brasil,ACRE,SENA MADUREIRA,Amazônia
 1658078438 ,cc605495-8c29-3554-9771-c79227d1d70c,   -9.405460 ,  -68.923460 ,2023-10-25 18:30:00,Brasil,ACRE,SENA MADUREIRA,Amazônia
 1658078439 ,620b64ca-1444-344d-a5c2-9b429eab4d8a,   -9.404110 ,  -68.913750 ,2023-10-25 18:30:00,Brasil,ACRE,SENA MADUREIRA,Amazônia
 1658078440 ,fc61675c-c630-3c7c-b511-1805c0d04115,   -9.395050 ,  -68.984760 ,2023-10-25 18:30:00,Brasil,ACRE,SENA MADUREIRA,Amazônia
 1658078441 ,96c91efe-42c2-3f7a-b53c-9eaf15d8f412,   -9.391680 ,  -68.757550 ,2023-10-25 18:30:00,Brasil,ACRE,SENA MADUREIRA,Amazônia
 1658078444 ,5b46e586-0aaf-3341-a189-895b9b83b747,   -9.312440 ,  -68.785370 ,2023-10-25 18:30:00,Brasil,ACRE,SENA MADUREIRA,Amazônia
 1658078445 ,5f62b9a4-f2aa-32d8-af9e-4c17241d6a91,   -9.292890 ,  -68.847240 ,2023-10-25 18:30:00,Brasil,ACRE,SENA MADUREIRA,Amazônia
 1658078446 ,2e7f33f6-568c-3fc3-9476-48b14bb20778,   -9.291540 ,  -68.837590 ,2023-10-25 18:30:00,Brasil,ACRE,SENA MADUREIRA,Amazônia
 1658078447 ,2404bebf-b6d8-3029-b707-05f3d89a893f,   -9.287510 ,  -68.808670 ,2023-10-25 18:30:00,Brasil,ACRE,SENA MADUREIRA,Amazônia
 1658078448 ,4fbfa7a2-6402-30eb-889b-9b77f5d4a2b6,   -9.287280 ,  -68.345180 ,2023-10-25 18:30:00,Brasil,ACRE,SENA MADUREIRA,Amazônia
 1658078449 ,993f74b3-0fc7-3f0d-904e-1d71883090db,   -9.286160 ,  -68.799020 ,2023-10-25 18:30:00,Brasil,ACRE,SENA MADUREIRA,Amazônia
 1658078450 ,542feb89-f6ef-3467-bf62-8df2bc626936,   -9.285950 ,  -68.335870 ,2023-10-25 18:30:00,Brasil,ACRE,SENA MADUREIRA,Amazônia
 1658078451 ,1879af7e-f164-3b36-9035-02e605da2333,   -9.283650 ,  -68.848530 ,2023-10-25 18:30:00,Brasil,ACRE,SENA MADUREIRA,Amazônia
 1658078452 ,6f6a9c63-4539-37d9-86a5-cd5f115e6672,   -9.278290 ,  -68.810010 ,2023-10-25 18:30:00,Brasil,ACRE,SENA MADUREIRA,Amazônia
 1658078453 ,7938cc6d-28a5-38cd-a0b8-ed7e2d7577ef,   -9.257710 ,  -68.779400 ,2023-10-25 18:30:00,Brasil,ACRE,SENA MADUREIRA,Amazônia
 1658078454 ,73692800-b60e-385d-ace6-801673bc0005,   -9.246100 ,  -68.830070 ,2023-10-25 18:30:00,Brasil,ACRE,SENA MADUREIRA,Amazônia
 1658078455 ,49fe09d7-f620-3898-9e99-8db07c30e012,   -9.244730 ,  -68.820430 ,2023-10-25 18:30:00,Brasil,ACRE,SENA MADUREIRA,Amazônia
 1658078463 ,fb59a466-3f34-38e7-a941-d43080b627f3,   -9.149780 ,  -68.870170 ,2023-10-25 18:30:00,Brasil,ACRE,SENA MADUREIRA,Amazônia
 1658078465 ,49f9041a-956d-39dc-82b2-05b0008deac6,   -9.145190 ,  -69.039510 ,2023-10-25 18:30:00,Brasil,ACRE,SENA MADUREIRA,Amazônia
 1658078466 ,d33245da-8539-3506-ae40-82fde7abb31b,   -9.144340 ,  -68.831620 ,2023-10-25 18:30:00,Brasil,ACRE,SENA MADUREIRA,Amazônia
 1658078468 ,84498e5a-7d94-34fa-a814-8f9d9f6d236e,   -9.142980 ,  -68.821980 ,2023-10-25 18:30:00,Brasil,ACRE,SENA MADUREIRA,Amazônia
 1658078484 ,3094b883-ac3a-3192-84fe-6b614957bc90,   -9.087270 ,  -68.625910 ,2023-10-25 18:30:00,Brasil,ACRE,SENA MADUREIRA,Amazônia
 1658078503 ,09a179a4-9001-3bdc-a469-4de69d52e746,   -8.923400 ,  -69.424190 ,2023-10-25 18:30:00,Brasil,ACRE,MANOEL URBANO,Amazônia
 1658078504 ,eaa99679-934d-3e04-a040-ec928b543688,   -8.922000 ,  -69.414060 ,2023-10-25 18:30:00,Brasil,ACRE,MANOEL URBANO,Amazônia
 1658078506 ,4587580c-8d74-3707-830b-66e038038beb,   -8.911160 ,  -69.405310 ,2023-10-25 18:30:00,Brasil,ACRE,MANOEL URBANO,Amazônia
 1658078510 ,670f1efa-881d-38dd-8121-5867b8115903,   -8.814680 ,  -72.704050 ,2023-10-25 18:30:00,Brasil,ACRE,MARECHAL THAUMATURGO,Amazônia
 1658078511 ,2004f758-7466-3ec7-b266-e90e6f239603,   -8.751380 ,  -69.440250 ,2023-10-25 18:30:00,Brasil,ACRE,MANOEL URBANO,Amazônia
 1658078514 ,e7138df9-03fa-38c5-80ac-16b862be1fe0,   -8.702200 ,  -69.474590 ,2023-10-25 18:30:00,Brasil,ACRE,MANOEL URBANO,Amazônia
 1658078532 ,d37fe3c8-f87e-3a67-9d5d-a70e3b36b7ff,   -8.321860 ,  -70.542230 ,2023-10-25 18:30:00,Brasil,ACRE,FEIJÓ,Amazônia
 1658078533 ,3b78f099-c176-3553-8ea0-a3202f1ad354,   -8.177540 ,  -70.458990 ,2023-10-25 18:30:00,Brasil,ACRE,FEIJÓ,Amazônia
 1658078534 ,9fa4e3c8-51ca-3de2-a716-4e31d6d6f765,   -8.175980 ,  -70.447790 ,2023-10-25 18:30:00,Brasil,ACRE,FEIJÓ,Amazônia
 1658078535 ,8fa7a965-aa68-396d-9c98-0619f239b637,   -8.088810 ,  -71.144430 ,2023-10-25 18:30:00,Brasil,ACRE,TARAUACÁ,Amazônia
 1658078536 ,152424d3-9970-377d-938a-d157a8f6e1e1,   -8.078220 ,  -70.630130 ,2023-10-25 18:30:00,Brasil,ACRE,TARAUACÁ,Amazônia
 1658078610 ,b53f2240-f348-3795-92da-d250c5ff7628,  -10.928760 ,  -69.451320 ,2023-10-25 18:28:00,Brasil,ACRE,ASSIS BRASIL,Amazônia
 1658078611 ,b5ccbf9a-fbee-3612-8acc-3c22119513c4,  -10.919710 ,  -69.921140 ,2023-10-25 18:28:00,Brasil,ACRE,ASSIS BRASIL,Amazônia
 1658078612 ,58450529-1a40-333c-8b0c-7a8f7f6eb950,  -10.900010 ,  -69.627560 ,2023-10-25 18:28:00,Brasil,ACRE,ASSIS BRASIL,Amazônia
 1658078613 ,7a15e2af-acba-33fd-895d-60343c317a2f,  -10.887430 ,  -69.463550 ,2023-10-25 18:28:00,Brasil,ACRE,ASSIS BRASIL,Amazônia
 1658078614 ,e50e64e8-7c3b-3bbc-8b3e-48039ed08bf4,  -10.884040 ,  -69.730930 ,2023-10-25 18:28:00,Brasil,ACRE,ASSIS BRASIL,Amazônia
 1658078615 ,d7b51ebb-c09f-3765-aa45-8a45f87f6d80,  -10.859280 ,  -69.402010 ,2023-10-25 18:28:00,Brasil,ACRE,ASSIS BRASIL,Amazônia
 1658078616 ,d22c208e-79fa-3aaf-9c0b-298e76961c2c,  -10.857820 ,  -69.391380 ,2023-10-25 18:28:00,Brasil,ACRE,BRASILÉIA,Amazônia
 1658078617 ,2c6adccf-5c9c-39d8-b59c-96a3deb3c4e7,  -10.855600 ,  -68.636660 ,2023-10-25 18:28:00,Brasil,ACRE,EPITACIOLÂNDIA,Amazônia
 1658078618 ,6006ba8c-ac37-3c60-96cf-052aa5ede683,  -10.854520 ,  -69.512060 ,2023-10-25 18:28:00,Brasil,ACRE,ASSIS BRASIL,Amazônia
 1658078619 ,791316c9-3242-30ba-9eec-5195fbbf7a5d,  -10.834320 ,  -68.619740 ,2023-10-25 18:28:00,Brasil,ACRE,EPITACIOLÂNDIA,Amazônia
 1658078620 ,9d9948c1-d748-373d-b346-80bd35d760a7,  -10.832970 ,  -68.609990 ,2023-10-25 18:28:00,Brasil,ACRE,EPITACIOLÂNDIA,Amazônia
 1658078623 ,4977149b-9ac5-3a3c-899c-917291792bd2,  -10.825040 ,  -68.621060 ,2023-10-25 18:28:00,Brasil,ACRE,EPITACIOLÂNDIA,Amazônia
 1658078624 ,7e1bf4c2-5ff4-3af4-a46e-cc6b2621b031,  -10.823690 ,  -68.611290 ,2023-10-25 18:28:00,Brasil,ACRE,EPITACIOLÂNDIA,Amazônia
 1658078625 ,00ecc0af-5548-31ba-8edf-e2cc746d88d3,  -10.821410 ,  -68.325450 ,2023-10-25 18:28:00,Brasil,ACRE,XAPURI,Amazônia
 1658078626 ,d71091e6-4fa7-3580-b3fc-98209c338384,  -10.795480 ,  -69.603490 ,2023-10-25 18:28:00,Brasil,ACRE,BRASILÉIA,Amazônia
 1658078627 ,8f3502ba-7317-3c7b-8904-0a3c8c087deb,  -10.795240 ,  -69.749180 ,2023-10-25 18:28:00,Brasil,ACRE,BRASILÉIA,Amazônia
 1658078628 ,780e1b4e-765f-3453-a07d-48b1929fbd99,  -10.791650 ,  -69.648540 ,2023-10-25 18:28:00,Brasil,ACRE,BRASILÉIA,Amazônia
 1658078630 ,a3a74ec3-63da-3e7c-8995-faba8402b353,  -10.780620 ,  -68.694050 ,2023-10-25 18:28:00,Brasil,ACRE,EPITACIOLÂNDIA,Amazônia
 1658078631 ,349223d4-d816-3077-921b-1e9fda4e1562,  -10.780400 ,  -69.639060 ,2023-10-25 18:28:00,Brasil,ACRE,BRASILÉIA,Amazônia
 1658078632 ,4dc040c7-4964-32d4-81cf-355a93c65ecc,  -10.768100 ,  -68.878440 ,2023-10-25 18:28:00,Brasil,ACRE,BRASILÉIA,Amazônia
 1658078633 ,c5d8d372-a0cb-35b3-888a-ac36922f0540,  -10.766720 ,  -68.868410 ,2023-10-25 18:28:00,Brasil,ACRE,BRASILÉIA,Amazônia
 1658078634 ,430fd38b-f080-3a5b-8ef8-323e6e25e2e1,  -10.732370 ,  -68.551460 ,2023-10-25 18:28:00,Brasil,ACRE,EPITACIOLÂNDIA,Amazônia
 1658078635 ,ce6a5573-2144-3559-954d-8beff1719258,  -10.727240 ,  -69.318890 ,2023-10-25 18:28:00,Brasil,ACRE,BRASILÉIA,Amazônia
 1658078636 ,459d5c05-b005-36c4-b25d-5f3c4353df2b,  -10.717660 ,  -69.320280 ,2023-10-25 18:28:00,Brasil,ACRE,BRASILÉIA,Amazônia
 1658078637 ,18c231ec-e9ea-3611-b83a-d16290c0d54c,  -10.707860 ,  -69.711650 ,2023-10-25 18:28:00,Brasil,ACRE,ASSIS BRASIL,Amazônia
 1658078638 ,8a2029c9-6ed0-30cf-a434-05e1026f6d9a,  -10.706370 ,  -69.700660 ,2023-10-25 18:28:00,Brasil,ACRE,ASSIS BRASIL,Amazônia
 1658078640 ,e7ec4413-3105-3027-a29c-fde86f5d6c4c,  -10.700220 ,  -69.297180 ,2023-10-25 18:28:00,Brasil,ACRE,BRASILÉIA,Amazônia
 1658078641 ,d5569a51-11c6-3b76-8c25-aa175198c1f6,  -10.681760 ,  -68.845610 ,2023-10-25 18:28:00,Brasil,ACRE,XAPURI,Amazônia
 1658078642 ,2fb6a69a-beda-3a91-b0cd-ae05a69bae61,  -10.680170 ,  -69.364140 ,2023-10-25 18:28:00,Brasil,ACRE,BRASILÉIA,Amazônia
 1658078643 ,21665ee1-b87d-30b3-88c0-991bf7f774e9,  -10.663800 ,  -69.606290 ,2023-10-25 18:28:00,Brasil,ACRE,BRASILÉIA,Amazônia
 1658078644 ,ae2afa2e-6f45-3318-a77e-0c92209a99ad,  -10.663270 ,  -69.101910 ,2023-10-25 18:28:00,Brasil,ACRE,BRASILÉIA,Amazônia
 1658078645 ,10097186-95d7-39c7-8a3f-27e7f4c7e373,  -10.662610 ,  -69.611990 ,2023-10-25 18:28:00,Brasil,ACRE,BRASILÉIA,Amazônia
 1658078646 ,e0ab6f09-9aca-3b16-9ccb-a90b037db1f6,  -10.661850 ,  -69.091700 ,2023-10-25 18:28:00,Brasil,ACRE,BRASILÉIA,Amazônia
 1658078647 ,28e7d69b-f8e9-37c2-a92b-c6f9380cdbac,  -10.661100 ,  -69.601150 ,2023-10-25 18:28:00,Brasil,ACRE,BRASILÉIA,Amazônia
 1658078648 ,58773324-e164-3437-87d8-303bee41f262,  -10.659430 ,  -69.573700 ,2023-10-25 18:28:00,Brasil,ACRE,BRASILÉIA,Amazônia
 1658078649 ,860231ec-b5e0-31eb-9056-8f2e9f6e9231,  -10.657980 ,  -69.562930 ,2023-10-25 18:28:00,Brasil,ACRE,BRASILÉIA,Amazônia
 1658078650 ,d2fa6f0e-b8a7-32f2-a554-ce358cdeab72,  -10.656560 ,  -69.568640 ,2023-10-25 18:28:00,Brasil,ACRE,BRASILÉIA,Amazônia
 1658078651 ,6f8bf9bf-ec7b-3731-8f89-0e14a6489290,  -10.655060 ,  -69.557880 ,2023-10-25 18:28:00,Brasil,ACRE,BRASILÉIA,Amazônia
 1658078652 ,4e5e7ef8-c600-3e73-bb65-385ccb79a7ea,  -10.653810 ,  -69.103290 ,2023-10-25 18:28:00,Brasil,ACRE,BRASILÉIA,Amazônia
 1658078653 ,4ed5ccaf-e3ad-3c8b-b17d-57ce8be56237,  -10.652390 ,  -69.093040 ,2023-10-25 18:28:00,Brasil,ACRE,BRASILÉIA,Amazônia
 1658078654 ,85aba425-69b6-3da2-939d-bd5e57807da3,  -10.651790 ,  -69.443730 ,2023-10-25 18:28:00,Brasil,ACRE,BRASILÉIA,Amazônia
 1658078655 ,527ad755-502e-359e-80fc-a7da9e8acd7c,  -10.641760 ,  -69.369610 ,2023-10-25 18:28:00,Brasil,ACRE,BRASILÉIA,Amazônia
 1658078656 ,0b0dfd24-058e-31f2-ab1f-35e67af31551,  -10.638630 ,  -69.582180 ,2023-10-25 18:28:00,Brasil,ACRE,BRASILÉIA,Amazônia
 1658078657 ,922822f7-5f26-3b16-a394-e33a6dd75e82,  -10.634460 ,  -69.033340 ,2023-10-25 18:28:00,Brasil,ACRE,BRASILÉIA,Amazônia
 1658078658 ,5505a3d8-d17e-3cee-978d-9c1b0f2a4419,  -10.629630 ,  -69.138100 ,2023-10-25 18:28:00,Brasil,ACRE,BRASILÉIA,Amazônia
 1658078659 ,087f35e3-e25f-3f0d-a0d3-ab58b3376514,  -10.602360 ,  -68.408840 ,2023-10-25 18:28:00,Brasil,ACRE,XAPURI,Amazônia
 1658078660 ,884a25dd-4c21-379e-bb04-f9b861e9a3a8,  -10.591940 ,  -69.107240 ,2023-10-25 18:28:00,Brasil,ACRE,BRASILÉIA,Amazônia
 1658078661 ,471af7f3-e160-3ae0-8526-0358281660a2,  -10.574040 ,  -69.471110 ,2023-10-25 18:28:00,Brasil,ACRE,BRASILÉIA,Amazônia
 1658078662 ,a4e12189-ff0e-3cea-887f-528c310b2a3c,  -10.572240 ,  -69.698350 ,2023-10-25 18:28:00,Brasil,ACRE,ASSIS BRASIL,Amazônia
 1658078663 ,90aafec8-282b-3106-b2a9-e8c0b312e32d,  -10.557320 ,  -68.020180 ,2023-10-25 18:28:00,Brasil,ACRE,XAPURI,Amazônia
 1658078664 ,938af1ce-9f77-389e-9a71-d32f1f87177f,  -10.552110 ,  -69.238790 ,2023-10-25 18:28:00,Brasil,ACRE,BRASILÉIA,Amazônia
 1658078665 ,b939fb97-cf85-3f4f-aef0-85f35cdaaa8e,  -10.549570 ,  -68.030850 ,2023-10-25 18:28:00,Brasil,ACRE,XAPURI,Amazônia
 1658078666 ,91e95abe-22d6-334f-83a5-3f01c912697d,  -10.548250 ,  -68.021510 ,2023-10-25 18:28:00,Brasil,ACRE,XAPURI,Amazônia
 1658078667 ,23b85a8c-eae7-371d-bd91-ebf00538ad19,  -10.529930 ,  -68.553380 ,2023-10-25 18:28:00,Brasil,ACRE,XAPURI,Amazônia
 1658078668 ,3e6f9702-ecd0-3445-8af2-119d2f5c280c,  -10.517230 ,  -69.303360 ,2023-10-25 18:28:00,Brasil,ACRE,BRASILÉIA,Amazônia
 1658078669 ,1bda8295-5098-3bc8-9bbf-12573e5eb333,  -10.515780 ,  -69.292950 ,2023-10-25 18:28:00,Brasil,ACRE,BRASILÉIA,Amazônia
 1658078670 ,5b31347b-2471-3aca-b578-de767beea583,  -10.513130 ,  -67.837370 ,2023-10-25 18:28:00,Brasil,ACRE,CAPIXABA,Amazônia
 1658078671 ,ba5ddd20-2dfc-3cd3-8a75-bb1e9c5a1167,  -10.511830 ,  -67.828150 ,2023-10-25 18:28:00,Brasil,ACRE,CAPIXABA,Amazônia
 1658078672 ,50169a49-9361-3d7d-8dd6-57135e0c9a27,  -10.503920 ,  -68.751850 ,2023-10-25 18:28:00,Brasil,ACRE,XAPURI,Amazônia
 1658078673 ,2d64b2ca-e1f8-3785-b53f-d0ee1b954276,  -10.499940 ,  -67.614520 ,2023-10-25 18:28:00,Brasil,ACRE,CAPIXABA,Amazônia
 1658078674 ,bd04a693-3d9a-3de1-b0be-d095877be5c9,  -10.486680 ,  -68.764370 ,2023-10-25 18:28:00,Brasil,ACRE,XAPURI,Amazônia
 1658078675 ,6bc1fccd-df45-3084-8fe5-1eaaeea2341c,  -10.485320 ,  -68.754510 ,2023-10-25 18:28:00,Brasil,ACRE,XAPURI,Amazônia
 1658078676 ,ee5680e8-0cfe-3e4e-85ce-3a5cafea721d,  -10.480340 ,  -68.856080 ,2023-10-25 18:28:00,Brasil,ACRE,XAPURI,Amazônia
 1658078677 ,fd327151-3c4c-347e-9053-7d857d0b461d,  -10.478970 ,  -68.846170 ,2023-10-25 18:28:00,Brasil,ACRE,XAPURI,Amazônia
 1658078678 ,4a9a40e6-8c39-386d-a6f6-32675097b836,  -10.474420 ,  -68.676030 ,2023-10-25 18:28:00,Brasil,ACRE,XAPURI,Amazônia
 1658078679 ,4d8034fb-fe59-3ecb-85f0-fce8d3d241ff,  -10.460900 ,  -68.578830 ,2023-10-25 18:28:00,Brasil,ACRE,XAPURI,Amazônia
 1658078680 ,bf3e2d0f-5a20-399b-8a57-a089a27b4dd1,  -10.459550 ,  -68.569170 ,2023-10-25 18:28:00,Brasil,ACRE,XAPURI,Amazônia
 1658078681 ,f7c702a7-4588-319a-a3d3-f0a469929e8e,  -10.456630 ,  -68.480980 ,2023-10-25 18:28:00,Brasil,ACRE,XAPURI,Amazônia
 1658078682 ,9a952da8-df58-3958-827c-ff809b7c105e,  -10.455290 ,  -68.471370 ,2023-10-25 18:28:00,Brasil,ACRE,XAPURI,Amazônia
 1658078683 ,1bb337e9-8426-3752-b1ec-425c680df808,  -10.449590 ,  -69.687900 ,2023-10-25 18:28:00,Brasil,ACRE,ASSIS BRASIL,Amazônia
 1658078684 ,3e7a6e6e-b51e-33f3-9c48-48f3e3d92ba3,  -10.446010 ,  -69.000230 ,2023-10-25 18:28:00,Brasil,ACRE,XAPURI,Amazônia
 1658078685 ,fe1d457c-cd37-3659-a850-ee80530e0c3f,  -10.443980 ,  -67.872810 ,2023-10-25 18:28:00,Brasil,ACRE,CAPIXABA,Amazônia
 1658078688 ,92948327-e9ef-32fc-b376-8773bd6957f3,  -10.406860 ,  -67.931140 ,2023-10-25 18:28:00,Brasil,ACRE,CAPIXABA,Amazônia
 1658078689 ,04e589db-38bd-35cd-b786-850562e2acdc,  -10.400620 ,  -68.017200 ,2023-10-25 18:28:00,Brasil,ACRE,CAPIXABA,Amazônia
 1658078690 ,0e0c6480-2893-3700-9600-3bcf944ce29b,  -10.396360 ,  -68.644210 ,2023-10-25 18:28:00,Brasil,ACRE,XAPURI,Amazônia
 1658078691 ,2e9f13a6-b782-3cbb-b977-2c382a45848a,  -10.392050 ,  -69.629660 ,2023-10-25 18:28:00,Brasil,ACRE,SENA MADUREIRA,Amazônia
 1658078692 ,c916a71f-0cb5-3716-afe2-70b591de7867,  -10.382160 ,  -68.745910 ,2023-10-25 18:28:00,Brasil,ACRE,RIO BRANCO,Amazônia
 1658078693 ,50f95375-00a7-342f-ac78-38fbf9466bc8,  -10.380800 ,  -68.736110 ,2023-10-25 18:28:00,Brasil,ACRE,RIO BRANCO,Amazônia
 1658078694 ,f1e11525-63a0-3b95-89f8-24569911bd98,  -10.372870 ,  -68.747250 ,2023-10-25 18:28:00,Brasil,ACRE,RIO BRANCO,Amazônia
 1658078695 ,b964642a-0025-3bed-8681-1c491596d308,  -10.357790 ,  -67.910060 ,2023-10-25 18:28:00,Brasil,ACRE,CAPIXABA,Amazônia
 1658078696 ,2efe0ca7-b797-38be-84b0-76f678e396eb,  -10.343910 ,  -68.270910 ,2023-10-25 18:28:00,Brasil,ACRE,RIO BRANCO,Amazônia
 1658078697 ,308b0bfd-2c1e-3a13-beda-ce46ec6c2f0f,  -10.342570 ,  -68.261470 ,2023-10-25 18:28:00,Brasil,ACRE,RIO BRANCO,Amazônia
 1658078698 ,55a6c0e6-9409-3c91-b38c-a024d0f84f69,  -10.286050 ,  -69.455410 ,2023-10-25 18:28:00,Brasil,ACRE,SENA MADUREIRA,Amazônia
 1658078699 ,c463989a-7c73-395d-a685-574e427fed9a,  -10.276440 ,  -69.456850 ,2023-10-25 18:28:00,Brasil,ACRE,SENA MADUREIRA,Amazônia
 1658078700 ,1857e2af-e5d6-334b-a985-4079bcea3ce0,  -10.229170 ,  -67.847140 ,2023-10-25 18:28:00,Brasil,ACRE,RIO BRANCO,Amazônia
 1658078701 ,f2266685-ecc3-3ac5-a6b0-d35737506dd2,  -10.227850 ,  -67.837960 ,2023-10-25 18:28:00,Brasil,ACRE,RIO BRANCO,Amazônia
 1658078702 ,1b9ed292-97a2-3b35-821a-ee319d44cee1,  -10.214510 ,  -69.385570 ,2023-10-25 18:28:00,Brasil,ACRE,SENA MADUREIRA,Amazônia
 1658078703 ,0acce272-e0d9-3f53-b0a5-37f032f13093,  -10.213080 ,  -69.375130 ,2023-10-25 18:28:00,Brasil,ACRE,SENA MADUREIRA,Amazônia
 1658078704 ,7d5e9141-5864-36ca-9539-5ed5c5984d05,  -10.194240 ,  -67.031520 ,2023-10-25 18:28:00,Brasil,ACRE,ACRELÂNDIA,Amazônia
 1658078705 ,13a23463-f70e-3d04-a9a3-e3684d732cde,  -10.189370 ,  -67.890550 ,2023-10-25 18:28:00,Brasil,ACRE,RIO BRANCO,Amazônia
 1658078706 ,e02890d9-da97-3076-82d7-9b396cb4dfe3,  -10.182990 ,  -69.368820 ,2023-10-25 18:28:00,Brasil,ACRE,SENA MADUREIRA,Amazônia
 1658078707 ,062a1194-d594-3b0e-9eb2-64418113d58d,  -10.181570 ,  -69.358430 ,2023-10-25 18:28:00,Brasil,ACRE,SENA MADUREIRA,Amazônia
 1658078708 ,0f250933-1814-39fc-b09c-855c2e22d5cb,  -10.167800 ,  -69.328670 ,2023-10-25 18:28:00,Brasil,ACRE,SENA MADUREIRA,Amazônia
 1658078709 ,5f592681-2893-39a8-b8cb-db9288bab59f,  -10.166390 ,  -69.318290 ,2023-10-25 18:28:00,Brasil,ACRE,SENA MADUREIRA,Amazônia
 1658078710 ,a1bcef5e-b685-3ae2-a082-8265b4bc34c9,  -10.162370 ,  -69.325510 ,2023-10-25 18:28:00,Brasil,ACRE,SENA MADUREIRA,Amazônia
 1658078712 ,28e6fd59-7130-3246-84df-4f5224008e0a,  -10.153620 ,  -68.608390 ,2023-10-25 18:28:00,Brasil,ACRE,RIO BRANCO,Amazônia
 1658078714 ,4d6bd58a-9142-3715-830a-cec94962502b,  -10.031560 ,  -68.466490 ,2023-10-25 18:28:00,Brasil,ACRE,RIO BRANCO,Amazônia
 1658078715 ,f608801a-81a9-331d-9dd2-b53d38827448,  -10.030200 ,  -68.456980 ,2023-10-25 18:28:00,Brasil,ACRE,RIO BRANCO,Amazônia
 1658078716 ,eb2b40ea-c915-3c6a-be89-a25cdf0512f4,  -10.002530 ,  -68.840640 ,2023-10-25 18:28:00,Brasil,ACRE,SENA MADUREIRA,Amazônia
 1658078717 ,b6ec7eca-f484-3fc1-b267-27635544a1bd,  -10.003920 ,  -68.850470 ,2023-10-25 18:28:00,Brasil,ACRE,SENA MADUREIRA,Amazônia
 1635386456 ,9993d88b-0407-3db7-a239-999e366b5d43,   -7.796340 ,  -72.014630 ,2023-06-30 18:49:00,Brasil,ACRE,CRUZEIRO DO SUL,Amazônia
 1635386457 ,d1fe671e-1445-32a0-a940-8a89c118ab7f,   -8.093420 ,  -71.112060 ,2023-06-30 18:47:00,Brasil,ACRE,TARAUACÁ,Amazônia
 1635386460 ,5d29d548-dbb5-3e98-bc56-5c83bdb13a7a,   -8.746440 ,  -70.556950 ,2023-06-30 18:47:00,Brasil,ACRE,FEIJÓ,Amazônia
 1635386462 ,5671fc29-0818-352e-9ded-cc1dc77b56c9,   -8.748060 ,  -70.567590 ,2023-06-30 18:47:00,Brasil,ACRE,FEIJÓ,Amazônia
 1630592587 ,44e2cf0e-96a1-32bf-ba42-9091ce1a05fd,   -8.940530 ,  -71.265670 ,2023-05-18 18:09:00,Brasil,ACRE,FEIJÓ,Amazônia
 1615165421 ,1550a5a6-169b-334d-a045-676f77970cdf,   -7.752910 ,  -72.905740 ,2023-01-04 18:38:00,Brasil,ACRE,RODRIGUES ALVES,Amazônia
 1616506401 ,07bd48c9-e46f-375a-81b1-ce1596ac761e,  -10.637070 ,  -68.620480 ,2023-01-15 18:15:00,Brasil,ACRE,XAPURI,Amazônia
 1616506405 ,4746ecde-fbe5-3540-b664-69d7ed3baaa9,   -9.243510 ,  -68.821860 ,2023-01-15 18:15:00,Brasil,ACRE,SENA MADUREIRA,Amazônia
 1658462283 ,3c6d5fb9-aed9-3ac5-b9f0-92cf379907c6,   -9.422200 ,  -68.596520 ,2023-10-27 18:15:00,Brasil,ACRE,SENA MADUREIRA,Amazônia
 1658462285 ,90988b9b-e72e-31b9-a1bc-977711ff0300,   -9.399840 ,  -68.883620 ,2023-10-27 18:15:00,Brasil,ACRE,SENA MADUREIRA,Amazônia
 1658462286 ,2f589e33-7a30-3965-95fd-10dcf4ae6db1,   -9.382360 ,  -68.937580 ,2023-10-27 18:15:00,Brasil,ACRE,SENA MADUREIRA,Amazônia
 1658462288 ,921985ee-d355-32df-b8c5-d37279d7ad56,   -9.333780 ,  -68.795540 ,2023-10-27 18:15:00,Brasil,ACRE,SENA MADUREIRA,Amazônia
 1658462289 ,6da5395c-7572-3926-90e8-a7d460d00dd8,   -9.331590 ,  -68.779020 ,2023-10-27 18:15:00,Brasil,ACRE,SENA MADUREIRA,Amazônia
 1658462290 ,c1c60d40-aeee-390f-8c2f-3af83f7bd0f2,   -9.329410 ,  -68.762510 ,2023-10-27 18:15:00,Brasil,ACRE,SENA MADUREIRA,Amazônia
 1658462291 ,a37eb389-bb9c-3aa5-a28e-275956a2046d,   -9.291650 ,  -68.808300 ,2023-10-27 18:15:00,Brasil,ACRE,SENA MADUREIRA,Amazônia
 1658462292 ,d156d145-6f4a-34ad-85b0-5b6b3c626e08,   -9.288540 ,  -68.818730 ,2023-10-27 18:15:00,Brasil,ACRE,SENA MADUREIRA,Amazônia
 1658462293 ,b95b751a-1e6c-3fd9-8403-b7d014fff0f8,   -9.286400 ,  -68.802070 ,2023-10-27 18:15:00,Brasil,ACRE,SENA MADUREIRA,Amazônia
 1658462304 ,03ac11df-f91e-3f0d-b23f-e01f0e69b346,   -9.127020 ,  -68.944140 ,2023-10-27 18:15:00,Brasil,ACRE,SENA MADUREIRA,Amazônia
 1658462313 ,e7f35e5e-bfeb-3a98-b123-1be4c2b2f8fd,   -8.737800 ,  -69.228860 ,2023-10-27 18:15:00,Brasil,ACRE,MANOEL URBANO,Amazônia
 1658462314 ,2656cf6f-62fb-39e9-8669-d141d662a828,   -8.735510 ,  -69.211430 ,2023-10-27 18:15:00,Brasil,ACRE,MANOEL URBANO,Amazônia
 1658462321 ,c317da3b-8c48-3cd9-af98-017243123259,   -8.500390 ,  -72.740070 ,2023-10-27 18:15:00,Brasil,ACRE,PORTO WALTER,Amazônia
 1658462322 ,7b5e2fbf-21e7-3110-b14a-9f1d9d0c6169,   -8.491430 ,  -72.748210 ,2023-10-27 18:15:00,Brasil,ACRE,PORTO WALTER,Amazônia
 1658462323 ,ddfab58c-46b0-3e8f-b540-3e61eb101da4,   -8.487280 ,  -72.715510 ,2023-10-27 18:15:00,Brasil,ACRE,PORTO WALTER,Amazônia
 1658462324 ,425997c7-226d-3f93-90d8-9e1255cead96,   -8.317320 ,  -70.308430 ,2023-10-27 18:15:00,Brasil,ACRE,FEIJÓ,Amazônia
 1658462325 ,f1ca9c5c-7d05-3194-b778-ffd0b57d95e6,   -8.307790 ,  -70.314700 ,2023-10-27 18:15:00,Brasil,ACRE,FEIJÓ,Amazônia
 1658462326 ,e138aa17-cd16-332d-99b6-7477d14bd601,   -8.307040 ,  -71.095270 ,2023-10-27 18:15:00,Brasil,ACRE,TARAUACÁ,Amazônia
 1658630079 ,df1370a2-efe1-3551-bf3d-30abdcab18f1,   -7.438820 ,  -73.115750 ,2023-10-28 18:58:00,Brasil,ACRE,MÂNCIO LIMA,Amazônia
 1658945495 ,cd0468ae-ddb0-3eb2-8e13-ed2557863ff8,   -8.860890 ,  -69.180470 ,2023-10-30 18:43:00,Brasil,ACRE,MANOEL URBANO,Amazônia
 1658945496 ,dfe569de-4cd7-3603-b488-8c0e703ea162,   -8.722380 ,  -69.678800 ,2023-10-30 18:43:00,Brasil,ACRE,MANOEL URBANO,Amazônia
 1658945497 ,5973012b-b5b1-39a7-8a0a-761558430ea6,   -8.713440 ,  -69.680140 ,2023-10-30 18:43:00,Brasil,ACRE,MANOEL URBANO,Amazônia
 1658945498 ,9276fe9a-0d3e-3a98-a480-b3e2da61e6d7,   -8.645920 ,  -69.594300 ,2023-10-30 18:43:00,Brasil,ACRE,FEIJÓ,Amazônia
 1658945499 ,cba09be5-6ee1-31ca-bcb6-a72e2cc4d1ce,  -10.488810 ,  -69.159050 ,2023-10-30 18:43:00,Brasil,ACRE,XAPURI,Amazônia
 1658945510 ,1b7e423c-d4e7-3413-b108-1fbe702e2c1c,   -8.020220 ,  -71.321950 ,2023-10-30 18:43:00,Brasil,ACRE,TARAUACÁ,Amazônia
 1658945511 ,b9582a84-5eb2-3b6a-b4ae-99e6a11bfd0c,   -7.999230 ,  -70.984550 ,2023-10-30 18:43:00,Brasil,ACRE,TARAUACÁ,Amazônia
 1658945512 ,fac4caaa-a4bc-3677-aae1-e065b4943064,   -7.997940 ,  -70.975510 ,2023-10-30 18:43:00,Brasil,ACRE,TARAUACÁ,Amazônia
 1658945513 ,520606df-18fe-3073-909b-26278aaccdab,   -7.970010 ,  -71.357440 ,2023-10-30 18:43:00,Brasil,ACRE,TARAUACÁ,Amazônia
 1658946904 ,98b8e08f-463b-3794-95a9-fd31c4819b9f,  -10.200970 ,  -68.703130 ,2023-10-30 18:43:00,Brasil,ACRE,RIO BRANCO,Amazônia
 1659426865 ,e6c87dd6-cff4-39c3-910d-2717c1be5d41,   -9.760960 ,  -67.151700 ,2023-11-03 18:11:00,Brasil,ACRE,ACRELÂNDIA,Amazônia
 1659426866 ,74e819e8-a013-39ce-9d09-536b5cc202fe,   -9.751180 ,  -67.077620 ,2023-11-03 18:11:00,Brasil,ACRE,ACRELÂNDIA,Amazônia
 1659426959 ,6fc67c83-a69d-3ded-bd19-53394583a6fa,   -9.616580 ,  -68.556110 ,2023-11-03 18:11:00,Brasil,ACRE,RIO BRANCO,Amazônia
 1659426960 ,3e1a1542-6601-3799-88bf-00cd18fe4ffb,   -9.543320 ,  -68.584720 ,2023-11-03 18:11:00,Brasil,ACRE,RIO BRANCO,Amazônia
 1659427045 ,1a49730a-fbf1-397e-b932-98f24b2899be,   -8.320530 ,  -72.850740 ,2023-11-03 18:11:00,Brasil,ACRE,PORTO WALTER,Amazônia
 1659427046 ,4eaa9984-189e-3eba-897b-b37404cfadc5,   -8.318050 ,  -72.858640 ,2023-11-03 18:11:00,Brasil,ACRE,PORTO WALTER,Amazônia
 1659427047 ,4c8c972f-b28d-3d71-a03c-14e1dc46007c,   -8.315950 ,  -72.811690 ,2023-11-03 18:11:00,Brasil,ACRE,PORTO WALTER,Amazônia
 1659427048 ,95c6433e-68d6-3b5a-a7ab-29eb21c1aed0,   -8.313210 ,  -72.819610 ,2023-11-03 18:11:00,Brasil,ACRE,PORTO WALTER,Amazônia
 1659427049 ,b732f286-a92b-3b37-8cb0-1eab6313b174,   -8.261610 ,  -72.825920 ,2023-11-03 18:11:00,Brasil,ACRE,PORTO WALTER,Amazônia
 1659427050 ,a0ea7f79-4cf0-3fad-9aa0-9af0d3e24edf,   -8.259690 ,  -72.830370 ,2023-11-03 18:11:00,Brasil,ACRE,PORTO WALTER,Amazônia
 1659427494 ,e109d894-8bf9-3f40-ab3e-0f0644ac1d39,   -8.855170 ,  -69.020890 ,2023-11-03 18:11:00,Brasil,ACRE,MANOEL URBANO,Amazônia
 1659427495 ,ccaa89c8-acf4-346d-86b6-1e83728d41b7,   -8.544370 ,  -70.068650 ,2023-11-03 18:11:00,Brasil,ACRE,FEIJÓ,Amazônia
 1659427496 ,0ad542e5-f650-34d4-b4e2-117e0643b421,   -8.539010 ,  -70.076020 ,2023-11-03 18:11:00,Brasil,ACRE,FEIJÓ,Amazônia
 1659574881 ,4a9dc643-1d37-35c6-b825-a60db3c44250,   -8.020740 ,  -71.198690 ,2023-11-04 18:53:00,Brasil,ACRE,TARAUACÁ,Amazônia
 1659679824 ,c0d3fd92-b838-3196-933d-05021af3be98,  -10.807880 ,  -69.048360 ,2023-11-05 17:58:00,Brasil,ACRE,BRASILÉIA,Amazônia
 1658274362 ,443f5b5d-bc43-36d7-9739-b15db89bb035,  -10.770100 ,  -68.822650 ,2023-10-26 19:13:00,Brasil,ACRE,BRASILÉIA,Amazônia
 1659820056 ,e5f13089-6861-3a59-b7d4-45276fba4d1b,   -9.236640 ,  -68.397780 ,2023-11-06 18:38:00,Brasil,ACRE,SENA MADUREIRA,Amazônia
 1659820059 ,184c000c-755c-37f8-8d20-a88147f17c68,   -9.045530 ,  -68.725560 ,2023-11-06 18:38:00,Brasil,ACRE,SENA MADUREIRA,Amazônia
 1659820060 ,dfc53f9d-4abe-318c-97c4-47fdb9050dfc,   -9.044210 ,  -68.716550 ,2023-11-06 18:38:00,Brasil,ACRE,SENA MADUREIRA,Amazônia
 1659820061 ,694555c4-c3da-3d75-997e-4d1af529fcb8,   -8.500810 ,  -70.831710 ,2023-11-06 18:38:00,Brasil,ACRE,TARAUACÁ,Amazônia
 1659820062 ,9f8d8b9d-fa3b-31b6-92ee-e79315577ece,   -8.425950 ,  -70.832860 ,2023-11-06 18:38:00,Brasil,ACRE,TARAUACÁ,Amazônia
 1659820063 ,c5a555a7-6860-3fc8-add2-3b7ad91a1e6b,   -8.361670 ,  -70.760190 ,2023-11-06 18:38:00,Brasil,ACRE,TARAUACÁ,Amazônia
 1659820064 ,919852e5-5428-3a11-8599-b26dad8daa92,   -8.239500 ,  -70.421620 ,2023-11-06 18:38:00,Brasil,ACRE,FEIJÓ,Amazônia
 1659820065 ,49e5f332-24c4-3703-999e-ac7663c2cc37,   -8.179010 ,  -70.769920 ,2023-11-06 18:38:00,Brasil,ACRE,TARAUACÁ,Amazônia
 1659820099 ,e88fed0d-493f-3c6b-9104-ee1f9dd556e9,   -8.541700 ,  -70.731560 ,2023-11-06 18:38:00,Brasil,ACRE,TARAUACÁ,Amazônia
 1659820104 ,b38ea406-225d-3f21-ab27-77ecd9159250,  -10.689700 ,  -69.073260 ,2023-11-06 18:36:00,Brasil,ACRE,BRASILÉIA,Amazônia
 1659820105 ,91ddf2ca-4e90-36e3-b207-ef48bf2fa574,  -10.656270 ,  -68.967590 ,2023-11-06 18:36:00,Brasil,ACRE,BRASILÉIA,Amazônia
 1659820106 ,1ca4097b-14ec-3db1-a4db-5fb82b8f484d,  -10.605090 ,  -69.129370 ,2023-11-06 18:36:00,Brasil,ACRE,BRASILÉIA,Amazônia
 1659820107 ,920cdf8b-733a-3dd4-90e5-7a310fd587ce,  -10.591130 ,  -69.159160 ,2023-11-06 18:36:00,Brasil,ACRE,BRASILÉIA,Amazônia
 1659820108 ,f417758e-b752-374a-bbde-e8b68dc8643f,  -10.589830 ,  -69.150120 ,2023-11-06 18:36:00,Brasil,ACRE,BRASILÉIA,Amazônia
 1659820109 ,222406b5-fab0-391a-b15c-ee8db30d9ba5,  -10.470210 ,  -69.081400 ,2023-11-06 18:36:00,Brasil,ACRE,XAPURI,Amazônia
 1659820110 ,935e5af8-23d5-3702-95d2-82657701e90b,  -10.352790 ,  -69.102040 ,2023-11-06 18:36:00,Brasil,ACRE,RIO BRANCO,Amazônia
 1659820111 ,e2bc9322-f508-3b34-9452-3350de7a1e18,   -9.959250 ,  -68.674030 ,2023-11-06 18:36:00,Brasil,ACRE,RIO BRANCO,Amazônia
 1659820112 ,80fc101f-dfac-3f58-b52a-679b290b35ee,   -9.957940 ,  -68.665020 ,2023-11-06 18:36:00,Brasil,ACRE,RIO BRANCO,Amazônia
 1659820113 ,3f84184a-4a53-312c-9272-2bb28fa54ab8,   -9.935090 ,  -68.949940 ,2023-11-06 18:36:00,Brasil,ACRE,SENA MADUREIRA,Amazônia
 1659820114 ,03c4af8b-3bfc-38a8-9477-ba8de93a3be0,   -9.900090 ,  -68.771410 ,2023-11-06 18:36:00,Brasil,ACRE,SENA MADUREIRA,Amazônia
 1659820115 ,bc96cc72-8ab8-3f03-a69e-23af05992621,   -9.898790 ,  -68.762410 ,2023-11-06 18:36:00,Brasil,ACRE,SENA MADUREIRA,Amazônia
 1659820116 ,52d38dcb-13b3-31a0-a33e-96b9847b5d1f,   -9.896360 ,  -69.008220 ,2023-11-06 18:36:00,Brasil,ACRE,SENA MADUREIRA,Amazônia
 1659820117 ,3a56cca4-5c17-3a4d-afdb-2bfe8639e6e5,   -9.844890 ,  -68.841430 ,2023-11-06 18:36:00,Brasil,ACRE,SENA MADUREIRA,Amazônia
 1659820118 ,02233d22-2bed-3aa5-b6cb-93029723f227,   -9.805330 ,  -68.819820 ,2023-11-06 18:36:00,Brasil,ACRE,SENA MADUREIRA,Amazônia
 1659820119 ,a90ed457-48a1-39a2-86cf-3539156a29b1,   -9.796420 ,  -68.821150 ,2023-11-06 18:36:00,Brasil,ACRE,SENA MADUREIRA,Amazônia
 1659820120 ,981fdaba-d155-34a6-a5cc-ae267864c131,   -9.795110 ,  -68.812160 ,2023-11-06 18:36:00,Brasil,ACRE,SENA MADUREIRA,Amazônia
 1659820121 ,3f7fa980-7bca-391b-adb8-6b1d29c8dbd5,   -9.687750 ,  -68.640800 ,2023-11-06 18:36:00,Brasil,ACRE,RIO BRANCO,Amazônia
 1659820122 ,d034b5a8-53ab-32a3-88da-e7acfc9c6be2,   -9.556220 ,  -68.626810 ,2023-11-06 18:36:00,Brasil,ACRE,RIO BRANCO,Amazônia
 1659820123 ,d573ba54-f5f3-3424-a39e-637d3da48353,   -9.505540 ,  -68.032750 ,2023-11-06 18:36:00,Brasil,ACRE,PORTO ACRE,Amazônia
 1659820124 ,1125febd-77f2-345f-8865-f365323ab5a9,  -10.758300 ,  -68.725460 ,2023-11-06 18:36:00,Brasil,ACRE,EPITACIOLÂNDIA,Amazônia
 1659820125 ,f119b2cf-667c-35a2-bb47-cdb169439841,  -10.707670 ,  -68.815990 ,2023-11-06 18:36:00,Brasil,ACRE,XAPURI,Amazônia
 1659820126 ,f684b86a-0332-30fb-9160-5355b8148693,  -10.536280 ,  -68.715940 ,2023-11-06 18:36:00,Brasil,ACRE,XAPURI,Amazônia
 1659820127 ,4a60b60d-e007-3ffb-bd2e-5afc40044ac1,  -10.534980 ,  -68.706930 ,2023-11-06 18:36:00,Brasil,ACRE,XAPURI,Amazônia
 1659820128 ,a9cc4fea-b670-301c-84cf-22c85f3680de,  -10.437040 ,  -68.662900 ,2023-11-06 18:36:00,Brasil,ACRE,XAPURI,Amazônia
 1659820129 ,f310fb58-cea3-3ab3-a972-30cb3cc7ab6a,  -10.336760 ,  -68.610900 ,2023-11-06 18:36:00,Brasil,ACRE,XAPURI,Amazônia
 1659820130 ,001eb3bf-57f6-3512-8b07-504c4226acda,  -10.074950 ,  -68.456180 ,2023-11-06 18:36:00,Brasil,ACRE,RIO BRANCO,Amazônia
 1659820131 ,c3dad665-fb5a-3581-b61c-4f714a3f5188,  -10.005400 ,  -68.740700 ,2023-11-06 18:36:00,Brasil,ACRE,RIO BRANCO,Amazônia
 1659820144 ,adeebc98-33df-31a2-a774-9a7a3d7f5de2,  -10.955530 ,  -68.941600 ,2023-11-06 18:36:00,Brasil,ACRE,BRASILÉIA,Amazônia
 1659820145 ,c3efae7c-27d4-346c-88fe-d21cef33d300,  -10.863530 ,  -69.192170 ,2023-11-06 18:36:00,Brasil,ACRE,BRASILÉIA,Amazônia
 1659820146 ,fdf43802-4f09-3e35-9f56-6c61a2a4bf52,  -10.862240 ,  -69.183110 ,2023-11-06 18:36:00,Brasil,ACRE,BRASILÉIA,Amazônia
 1659820147 ,e885f324-d45b-3857-9c1c-3521d16492b9,  -10.821760 ,  -69.038540 ,2023-11-06 18:36:00,Brasil,ACRE,BRASILÉIA,Amazônia
 1659820148 ,a39f1e72-71d6-3328-828f-8b644598ed25,  -10.806520 ,  -69.059270 ,2023-11-06 18:36:00,Brasil,ACRE,BRASILÉIA,Amazônia
 1659820150 ,e5ba221b-d5af-301f-8ba2-c369d20a323b,  -10.897270 ,  -68.664550 ,2023-11-06 18:36:00,Brasil,ACRE,EPITACIOLÂNDIA,Amazônia
 1659820151 ,791e5a0c-dcd0-3116-a1c9-2c9b34442b01,  -10.872890 ,  -68.622130 ,2023-11-06 18:36:00,Brasil,ACRE,EPITACIOLÂNDIA,Amazônia
 1659820152 ,73d4abe6-a20e-3b62-a5b1-e2d6d4930381,  -10.849160 ,  -68.649890 ,2023-11-06 18:36:00,Brasil,ACRE,EPITACIOLÂNDIA,Amazônia
 1659820153 ,4d8cab93-7cd3-37b0-9ff1-9cf16ab1741c,  -10.847850 ,  -68.640860 ,2023-11-06 18:36:00,Brasil,ACRE,EPITACIOLÂNDIA,Amazônia
 1659821341 ,fd092c32-8130-3f99-b48c-7dd1af37741f,   -8.938860 ,  -69.322240 ,2023-11-06 18:38:00,Brasil,ACRE,MANOEL URBANO,Amazônia
 1659821342 ,f52ab4fe-fa2b-3161-9c1b-8c88a4998b6e,   -8.874670 ,  -69.007870 ,2023-11-06 18:38:00,Brasil,ACRE,SENA MADUREIRA,Amazônia
 1659821343 ,f2476008-bb3a-3012-8ea8-efd7d03baab6,   -8.832510 ,  -68.968340 ,2023-11-06 18:38:00,Brasil,ACRE,MANOEL URBANO,Amazônia
 1659821345 ,be9fc451-687e-3d38-b219-c9349b67317a,   -8.776120 ,  -69.093220 ,2023-11-06 18:38:00,Brasil,ACRE,MANOEL URBANO,Amazônia
 1659821346 ,9141312a-95a1-32d3-a7fb-30f0eb2d1281,   -8.691530 ,  -69.267070 ,2023-11-06 18:38:00,Brasil,ACRE,MANOEL URBANO,Amazônia
 1659821347 ,3b857d8c-eb07-38ea-a6cf-5784fc8717c5,   -8.535710 ,  -70.110000 ,2023-11-06 18:38:00,Brasil,ACRE,FEIJÓ,Amazônia
 1659821348 ,32979a7d-2933-3195-b785-190a820be50a,   -8.454810 ,  -70.249080 ,2023-11-06 18:38:00,Brasil,ACRE,FEIJÓ,Amazônia
 1659821349 ,eb375bd1-8740-3efb-b8b2-5e62da586300,  -10.866970 ,  -69.674190 ,2023-11-06 18:36:00,Brasil,ACRE,ASSIS BRASIL,Amazônia
 1659821350 ,ef794e55-487b-38eb-a2d1-f3be074cf0f7,  -10.847220 ,  -69.470750 ,2023-11-06 18:36:00,Brasil,ACRE,ASSIS BRASIL,Amazônia
 1659821351 ,ddfc517c-894b-3d58-b107-c7b8ce8ccd1d,  -10.844100 ,  -69.257190 ,2023-11-06 18:36:00,Brasil,ACRE,BRASILÉIA,Amazônia
 1659821352 ,a8dcdb0b-28b0-382a-9316-91765f1fde9c,  -10.843730 ,  -69.639980 ,2023-11-06 18:36:00,Brasil,ACRE,BRASILÉIA,Amazônia
 1659821353 ,0e29947c-cf8b-33fc-b118-966c62454dbd,  -10.842790 ,  -69.248120 ,2023-11-06 18:36:00,Brasil,ACRE,BRASILÉIA,Amazônia
 1659821354 ,0433cf7e-870f-3fee-b8e5-8dbb5754029e,  -10.756990 ,  -69.415310 ,2023-11-06 18:36:00,Brasil,ACRE,ASSIS BRASIL,Amazônia
 1659821355 ,a301c271-97d6-3adf-84db-0e397f17de85,  -10.754380 ,  -69.397060 ,2023-11-06 18:36:00,Brasil,ACRE,ASSIS BRASIL,Amazônia
 1659821356 ,7f11e3b3-e833-3266-a86c-c117966f04fe,  -10.751930 ,  -69.443980 ,2023-11-06 18:36:00,Brasil,ACRE,ASSIS BRASIL,Amazônia
 1659821357 ,e4bad23e-0ce9-30a1-9361-a60be54350eb,  -10.750630 ,  -69.434850 ,2023-11-06 18:36:00,Brasil,ACRE,ASSIS BRASIL,Amazônia
 1659821358 ,73809007-6bb2-3954-9fdc-c1feef7d9138,  -10.749000 ,  -69.295670 ,2023-11-06 18:36:00,Brasil,ACRE,BRASILÉIA,Amazônia
 1659821359 ,89a03738-30c9-3b10-80ee-2b16fe91980e,  -10.746870 ,  -69.472720 ,2023-11-06 18:36:00,Brasil,ACRE,ASSIS BRASIL,Amazônia
 1659821360 ,69877aea-0321-32fa-83fc-643a18ee2f19,  -10.745570 ,  -69.463590 ,2023-11-06 18:36:00,Brasil,ACRE,ASSIS BRASIL,Amazônia
 1659821361 ,2669bff9-0ac6-3dba-b3a9-456750398309,  -10.490420 ,  -69.744740 ,2023-11-06 18:36:00,Brasil,ACRE,ASSIS BRASIL,Amazônia
 1659821362 ,3543a9ee-4951-3dbc-a26c-3d1fc0bdc192,  -10.487820 ,  -69.726330 ,2023-11-06 18:36:00,Brasil,ACRE,ASSIS BRASIL,Amazônia
 1659821363 ,4faf415b-7ac4-3a93-8902-e760f53fd8da,  -10.481410 ,  -69.746080 ,2023-11-06 18:36:00,Brasil,ACRE,ASSIS BRASIL,Amazônia
 1659821364 ,57b840e0-4d2c-3e6d-9543-493598dab0a8,  -10.262470 ,  -69.436100 ,2023-11-06 18:36:00,Brasil,ACRE,SENA MADUREIRA,Amazônia
 1659821365 ,ab1f70e5-3acf-3dfd-9d9d-96921588a9ec,  -10.261180 ,  -69.427030 ,2023-11-06 18:36:00,Brasil,ACRE,SENA MADUREIRA,Amazônia
 1659821366 ,6910f5c9-b15b-3297-9628-152a9ce597fd,  -10.236820 ,  -69.384340 ,2023-11-06 18:36:00,Brasil,ACRE,SENA MADUREIRA,Amazônia
 1659821367 ,07bdebe8-1fc6-307e-ac1b-3e0f59c0478f,  -10.205420 ,  -69.357680 ,2023-11-06 18:36:00,Brasil,ACRE,SENA MADUREIRA,Amazônia
 1659821368 ,a37778a0-7d68-33aa-ace4-0cf9083d90b1,  -10.204110 ,  -69.348630 ,2023-11-06 18:36:00,Brasil,ACRE,SENA MADUREIRA,Amazônia
 1659821369 ,e6832d90-b40b-3574-b7e8-7ff17b5515af,  -10.101430 ,  -69.078170 ,2023-11-06 18:36:00,Brasil,ACRE,SENA MADUREIRA,Amazônia
 1660364329 ,9bfe9a10-0c4a-3be0-abe6-fa846e00360c,   -9.425140 ,  -68.583270 ,2023-11-10 18:06:00,Brasil,ACRE,SENA MADUREIRA,Amazônia
 1660364330 ,b76abe64-9640-3f2e-a7cc-304aa93e5149,   -9.422170 ,  -68.560470 ,2023-11-10 18:06:00,Brasil,ACRE,SENA MADUREIRA,Amazônia
 1660364579 ,6f01c846-2f53-3653-b5eb-9938455088fa,  -10.531230 ,  -69.273330 ,2023-11-10 18:06:00,Brasil,ACRE,BRASILÉIA,Amazônia
 1660364580 ,2be4b17c-a889-32e5-9694-59884c803f48,  -10.530160 ,  -69.280780 ,2023-11-10 18:06:00,Brasil,ACRE,BRASILÉIA,Amazônia
 1660494137 ,7c5f54c5-8792-3c33-a75d-1031672e6b2d,   -9.588700 ,  -68.720760 ,2023-11-11 18:49:00,Brasil,ACRE,SENA MADUREIRA,Amazônia
 1660494139 ,c0a49f4f-bb48-37ee-8047-f6a31004ee8c,   -8.332920 ,  -70.804570 ,2023-11-11 18:49:00,Brasil,ACRE,TARAUACÁ,Amazônia
 1660494140 ,e97ed645-8c84-37bc-8669-c24c5dc36659,   -8.331550 ,  -70.795190 ,2023-11-11 18:49:00,Brasil,ACRE,TARAUACÁ,Amazônia
 1660494141 ,3ef826ec-f515-3040-a9b5-5e49a37df8e0,   -7.950420 ,  -72.614810 ,2023-11-11 18:49:00,Brasil,ACRE,CRUZEIRO DO SUL,Amazônia
 1660494142 ,80491add-5fde-34fe-b73e-35752ab11c7e,   -7.928430 ,  -72.462430 ,2023-11-11 18:49:00,Brasil,ACRE,CRUZEIRO DO SUL,Amazônia
 1660494143 ,fa9fa36d-84e3-3714-a02c-899a3060c2b2,   -7.927130 ,  -72.453470 ,2023-11-11 18:49:00,Brasil,ACRE,CRUZEIRO DO SUL,Amazônia
 1660494144 ,cb2acd86-1fc3-3f35-a120-37dace99c2ca,   -7.828690 ,  -72.785320 ,2023-11-11 18:49:00,Brasil,ACRE,RODRIGUES ALVES,Amazônia
 1660494159 ,c2876ea2-582b-3eae-8a69-bcc3aae44fc8,  -10.860690 ,  -68.603270 ,2023-11-11 18:49:00,Brasil,ACRE,EPITACIOLÂNDIA,Amazônia
 1660849222 ,7c4216f6-61ef-3498-ae3b-55f6fa411ead,  -10.225730 ,  -67.241680 ,2023-11-13 18:34:00,Brasil,ACRE,PLÁCIDO DE CASTRO,Amazônia
 1660850927 ,bf03edde-ee94-33c8-82de-4979cd8d81e9,   -9.946300 ,  -68.170740 ,2023-11-13 18:34:00,Brasil,ACRE,RIO BRANCO,Amazônia
 1660850928 ,008491bc-772c-3cb0-bd37-126616c98968,   -9.925740 ,  -66.827000 ,2023-11-13 18:34:00,Brasil,ACRE,ACRELÂNDIA,Amazônia
 1660850929 ,9c7d8d3d-b5c7-3565-be58-9e2a22f3955d,   -9.924380 ,  -66.817720 ,2023-11-13 18:34:00,Brasil,ACRE,ACRELÂNDIA,Amazônia
 1661169008 ,38bc0894-28a3-397e-b7ce-2fb449d7ed4d,  -10.694240 ,  -69.019300 ,2023-11-15 18:19:00,Brasil,ACRE,BRASILÉIA,Amazônia
 1661169012 ,ddaf9153-948b-33f8-8081-f8dad00c0b90,  -10.790350 ,  -68.969290 ,2023-11-15 18:19:00,Brasil,ACRE,BRASILÉIA,Amazônia
 1661170997 ,19328e9b-b2b0-3078-89c6-c46791705a9e,  -10.745620 ,  -69.407960 ,2023-11-15 18:19:00,Brasil,ACRE,ASSIS BRASIL,Amazônia
 1661490184 ,d88a0c7c-8fdd-3f3c-b6be-6688bf69b13e,   -9.024970 ,  -69.209880 ,2023-11-17 18:04:00,Brasil,ACRE,SENA MADUREIRA,Amazônia
 1661490185 ,9abff291-0f52-3bcd-b64e-d04c9517be8b,   -9.021290 ,  -69.179520 ,2023-11-17 18:04:00,Brasil,ACRE,SENA MADUREIRA,Amazônia
 1661490186 ,2a7911cd-e8bf-3859-b3b3-3037d2cba8c9,   -9.009440 ,  -69.188270 ,2023-11-17 18:04:00,Brasil,ACRE,SENA MADUREIRA,Amazônia
 1661490407 ,fb01d6dd-6078-383c-9eb2-4e8e602d5f9b,   -9.913030 ,  -67.010130 ,2023-11-17 18:04:00,Brasil,ACRE,ACRELÂNDIA,Amazônia
 1661490408 ,8a6885a9-4235-3751-aa16-12bb454f7412,   -9.909260 ,  -67.005700 ,2023-11-17 18:04:00,Brasil,ACRE,ACRELÂNDIA,Amazônia
 1661490570 ,6fecaf1c-3392-3311-9388-351a7c51fd84,  -10.112080 ,  -67.928130 ,2023-11-17 18:04:00,Brasil,ACRE,RIO BRANCO,Amazônia
 1661490571 ,412ca68f-319c-3c1a-b162-f6142a18607b,  -10.108310 ,  -67.935550 ,2023-11-17 18:04:00,Brasil,ACRE,RIO BRANCO,Amazônia
 1661490572 ,da0fd4e8-6383-38e7-b69a-b011741b337a,  -10.719530 ,  -68.588190 ,2023-11-17 18:04:00,Brasil,ACRE,EPITACIOLÂNDIA,Amazônia
 1661667219 ,b09f59a9-5871-3ea9-b9d5-140e7712343b,   -9.933800 ,  -68.945730 ,2023-11-18 18:45:00,Brasil,ACRE,SENA MADUREIRA,Amazônia
 1661667220 ,d4653d38-65db-3a52-8667-ec2161c0b7a4,   -9.790820 ,  -68.165570 ,2023-11-18 18:45:00,Brasil,ACRE,BUJARI,Amazônia
 1661667221 ,423956f4-6a65-3f09-acb8-4c99bc326e5d,   -9.722650 ,  -68.769610 ,2023-11-18 18:45:00,Brasil,ACRE,SENA MADUREIRA,Amazônia
 1661667222 ,d74d902d-67f1-3c7b-ad96-0b9cbaacefe2,   -9.689020 ,  -68.548660 ,2023-11-18 18:45:00,Brasil,ACRE,RIO BRANCO,Amazônia
 1661667223 ,70e03d3d-2e9c-3950-86fa-9d35a24c1c38,   -9.637020 ,  -68.563440 ,2023-11-18 18:45:00,Brasil,ACRE,RIO BRANCO,Amazônia
 1661667224 ,7945f36d-e996-3f51-b580-a7f7f2ed6da7,   -9.329240 ,  -68.670970 ,2023-11-18 18:45:00,Brasil,ACRE,SENA MADUREIRA,Amazônia
 1661667225 ,c5876839-88e8-3caf-bfa0-fc0af7b689a9,  -10.589080 ,  -69.077140 ,2023-11-18 18:45:00,Brasil,ACRE,BRASILÉIA,Amazônia
 1661667226 ,f41df6af-be0b-37c7-bc8c-69b2176fa7a2,  -10.142090 ,  -68.023990 ,2023-11-18 18:45:00,Brasil,ACRE,RIO BRANCO,Amazônia
 1661667232 ,73d8a784-fb17-3eb2-84bc-8496a51e825e,  -10.867850 ,  -68.647890 ,2023-11-18 18:45:00,Brasil,ACRE,EPITACIOLÂNDIA,Amazônia
 1661667233 ,4cc8dbef-f027-3e9b-bf21-74cedf11b936,  -10.846290 ,  -69.189840 ,2023-11-18 18:45:00,Brasil,ACRE,BRASILÉIA,Amazônia
 1661667234 ,5cb741c9-abe9-3e0d-8a00-d3ab759bb32f,  -10.820420 ,  -69.203520 ,2023-11-18 18:45:00,Brasil,ACRE,BRASILÉIA,Amazônia
 1661667235 ,55be137c-c487-3cf7-93d7-09447ef8cdc6,  -10.806900 ,  -69.050480 ,2023-11-18 18:45:00,Brasil,ACRE,BRASILÉIA,Amazônia
 1661667236 ,59e965f6-4bda-3176-a735-a96cfe91cd62,  -10.805470 ,  -69.040930 ,2023-11-18 18:45:00,Brasil,ACRE,BRASILÉIA,Amazônia
 1661668005 ,bd3d94b7-2cf6-3395-b2db-7b18ffe6b112,  -10.485250 ,  -69.241470 ,2023-11-18 18:45:00,Brasil,ACRE,BRASILÉIA,Amazônia
 1661668014 ,3991a0e7-19fd-35b9-96d0-b8e57b06a7db,   -8.341400 ,  -70.326070 ,2023-11-18 18:45:00,Brasil,ACRE,FEIJÓ,Amazônia
 1661668015 ,46597abb-eb4b-3719-b915-575aaf47cc48,   -8.332440 ,  -70.327420 ,2023-11-18 18:47:00,Brasil,ACRE,FEIJÓ,Amazônia
 1661668016 ,f97c76d6-289a-3d49-aac4-e254e9ed1856,   -8.067200 ,  -71.225830 ,2023-11-18 18:47:00,Brasil,ACRE,TARAUACÁ,Amazônia
 1661668017 ,1cf98150-4f05-3d90-9e19-e16c93835177,   -8.065910 ,  -71.216900 ,2023-11-18 18:47:00,Brasil,ACRE,TARAUACÁ,Amazônia
 1661668018 ,7d1e4f02-61ea-3d66-a897-72e9eb47ebf3,   -8.020780 ,  -70.968010 ,2023-11-18 18:47:00,Brasil,ACRE,TARAUACÁ,Amazônia
 1661668019 ,10b1f841-4b37-3b92-b2a7-b7519910cca6,   -7.887230 ,  -71.646280 ,2023-11-18 18:47:00,Brasil,ACRE,TARAUACÁ,Amazônia
 1661668041 ,2eb67226-15f8-3e31-83f3-04dd84798feb,   -7.867790 ,  -72.277640 ,2023-11-18 18:47:00,Brasil,ACRE,CRUZEIRO DO SUL,Amazônia
 1661668042 ,40a5151f-df6e-3be2-9219-2b9c21692374,   -7.866480 ,  -72.268390 ,2023-11-18 18:47:00,Brasil,ACRE,CRUZEIRO DO SUL,Amazônia
 1661668043 ,c9d6866e-10dd-3d97-a3f7-d3972d6e5461,   -7.829100 ,  -72.460710 ,2023-11-18 18:47:00,Brasil,ACRE,CRUZEIRO DO SUL,Amazônia
 1661668044 ,ca871a22-e933-3c4c-baec-524048200a80,   -7.829060 ,  -72.330540 ,2023-11-18 18:47:00,Brasil,ACRE,CRUZEIRO DO SUL,Amazônia
 1661668045 ,c57a74a1-e1f2-38b9-8977-05f8c1a1c98c,   -7.805910 ,  -73.006010 ,2023-11-18 18:47:00,Brasil,ACRE,RODRIGUES ALVES,Amazônia
 1661668046 ,6ea150f0-7c60-3ecb-ab59-97747c53080f,   -7.795620 ,  -73.067520 ,2023-11-18 18:47:00,Brasil,ACRE,RODRIGUES ALVES,Amazônia
 1661668047 ,1775c40a-1f20-33fb-878c-e180bd7f2fb1,   -7.792110 ,  -72.266880 ,2023-11-18 18:47:00,Brasil,ACRE,CRUZEIRO DO SUL,Amazônia
 1661668048 ,e06fb188-acee-34e3-9d0b-efd08e5c69dc,   -7.744380 ,  -72.320980 ,2023-11-18 18:47:00,Brasil,ACRE,CRUZEIRO DO SUL,Amazônia
 1661668049 ,995fdf81-8841-3d29-a59f-abeeda005168,   -7.681970 ,  -73.120440 ,2023-11-18 18:47:00,Brasil,ACRE,MÂNCIO LIMA,Amazônia
 1661668050 ,20a87469-55b6-341a-8762-c6453ff2c1ea,   -7.680600 ,  -73.110590 ,2023-11-18 18:47:00,Brasil,ACRE,MÂNCIO LIMA,Amazônia
 1661668051 ,e8d9b9b5-fb11-3a91-a9a8-d7ecc0171b53,   -7.638850 ,  -72.947120 ,2023-11-18 18:47:00,Brasil,ACRE,MÂNCIO LIMA,Amazônia
 1661668052 ,939c785a-272c-3e84-be44-e4809cd64f8b,   -7.580740 ,  -73.050440 ,2023-11-18 18:47:00,Brasil,ACRE,MÂNCIO LIMA,Amazônia
 1661668064 ,9ee80561-1a78-313f-b332-108afd939619,   -8.297970 ,  -72.848820 ,2023-11-18 18:47:00,Brasil,ACRE,PORTO WALTER,Amazônia
 1661668065 ,cebb480a-bda5-31ff-bd10-7191d26a1a8d,   -8.296610 ,  -72.839080 ,2023-11-18 18:47:00,Brasil,ACRE,PORTO WALTER,Amazônia
 1661668066 ,eeee1ec5-3c35-3195-812f-15452b98452b,   -7.885900 ,  -73.059070 ,2023-11-18 18:47:00,Brasil,ACRE,RODRIGUES ALVES,Amazônia
 1661668093 ,1b5924e0-62f0-3f25-879e-f90f8c557b18,   -7.426170 ,  -73.508870 ,2023-11-18 18:47:00,Brasil,ACRE,MÂNCIO LIMA,Amazônia
 1661909350 ,2d7ef180-5402-311c-b2a9-f3451ba0c115,   -9.398280 ,  -68.931560 ,2023-11-20 18:30:00,Brasil,ACRE,SENA MADUREIRA,Amazônia
 1661909409 ,0c4ed915-e88e-3606-b18a-d9fd49bb4db5,   -8.325550 ,  -70.276910 ,2023-11-20 18:30:00,Brasil,ACRE,FEIJÓ,Amazônia
 1661909410 ,556a0c67-33ed-329d-a507-833388b00681,   -8.056740 ,  -71.158000 ,2023-11-20 18:32:00,Brasil,ACRE,TARAUACÁ,Amazônia
 1661909411 ,20bf8136-d750-3c5b-8251-db9cde06eb96,   -8.055030 ,  -71.145260 ,2023-11-20 18:32:00,Brasil,ACRE,TARAUACÁ,Amazônia
 1661909412 ,d133fa3c-eb95-331a-b552-61cb08ee2842,   -8.054330 ,  -71.582690 ,2023-11-20 18:32:00,Brasil,ACRE,TARAUACÁ,Amazônia
 1661909413 ,18f7e844-0cf1-3cac-9c7d-b5c6873747aa,   -8.049520 ,  -71.152460 ,2023-11-20 18:32:00,Brasil,ACRE,TARAUACÁ,Amazônia
 1662089422 ,59435958-29c6-3ee6-ab8f-850be3e37fcc,  -10.752110 ,  -68.967380 ,2023-11-22 18:15:00,Brasil,ACRE,XAPURI,Amazônia
 1662162430 ,f4569e70-17a3-31aa-b9c5-50bba3b20e70,   -7.413670 ,  -73.029850 ,2023-11-23 18:57:00,Brasil,ACRE,MÂNCIO LIMA,Amazônia
 1662876335 ,72d12b47-6bc5-3585-b95e-2db8bd0f7155,   -9.556780 ,  -68.589260 ,2023-12-02 18:36:00,Brasil,ACRE,RIO BRANCO,Amazônia
 1663591920 ,48049fd0-6ecc-3102-8f95-c4bf0c5e46f8,   -8.092660 ,  -71.122230 ,2023-12-09 18:34:00,Brasil,ACRE,TARAUACÁ,Amazônia
 1663779923 ,89ea44b7-8521-3678-8af0-f237318b073d,   -9.216660 ,  -68.872020 ,2023-12-11 18:17:00,Brasil,ACRE,SENA MADUREIRA,Amazônia
 1663779926 ,5dc4c1a8-bd1a-3b0f-9c5d-6089e2d1fb4c,   -9.027730 ,  -68.677380 ,2023-12-11 18:17:00,Brasil,ACRE,SENA MADUREIRA,Amazônia
