id_bdq,foco_id,lat,lon,data_pas,pais,estado,municipio,bioma
 1615853290 ,2747e1f7-53d3-3dcf-872e-3e2e6ed3a18b,  -27.575270 ,  -51.454010 ,2023-01-09 17:11:00,Brasil,SANTA CATARINA,CAMPOS NOVOS,Mata Atlântica
 1615853292 ,20fa5166-aff4-32ea-ab92-f98b5d9acfa8,  -27.350120 ,  -50.925340 ,2023-01-09 17:11:00,Brasil,SANTA CATARINA,BRUNÓPOLIS,Mata Atlântica
 1615853293 ,1b4b21d2-9b9f-3709-b865-61b3bd6dbf19,  -27.576870 ,  -51.467680 ,2023-01-09 17:11:00,Brasil,SANTA CATARINA,CAMPOS NOVOS,Mata Atlântica
 1615853294 ,82458106-6b86-30bd-b885-e2c254f7453a,  -28.227290 ,  -48.772150 ,2023-01-09 17:11:00,Brasil,SANTA CATARINA,IMARUÍ,Mata Atlântica
 1615853295 ,55c86413-cee7-3fde-8769-f01bc4efb300,  -28.236460 ,  -48.770850 ,2023-01-09 17:11:00,Brasil,SANTA CATARINA,IMARUÍ,Mata Atlântica
 1615853296 ,015c2b65-2a81-37b3-83c4-ecf7dd5c51e4,  -28.237860 ,  -48.781250 ,2023-01-09 17:11:00,Brasil,SANTA CATARINA,IMARUÍ,Mata Atlântica
 1615853297 ,08424388-e01c-358a-a2ac-4ac7b3939078,  -28.392040 ,  -49.184740 ,2023-01-09 17:11:00,Brasil,SANTA CATARINA,SÃO LUDGERO,Mata Atlântica
 1616089577 ,b36d556f-5e72-3f75-a779-e7d18b2df473,  -27.157610 ,  -52.901220 ,2023-01-11 16:58:00,Brasil,SANTA CATARINA,CAXAMBU DO SUL,Mata Atlântica
 1616089579 ,47b789f5-91b0-3bda-a8eb-6eea9a6e286f,  -27.169300 ,  -52.904740 ,2023-01-11 16:58:00,Brasil,SANTA CATARINA,CAXAMBU DO SUL,Mata Atlântica
 1616089580 ,6707e36c-ca0e-3656-9389-f59e66020c84,  -27.540370 ,  -50.717780 ,2023-01-11 16:58:00,Brasil,SANTA CATARINA,SÃO JOSÉ DO CERRITO,Mata Atlântica
 1616625382 ,7367858e-123a-3e1d-adab-e8b46840be0f,  -27.880660 ,  -50.395200 ,2023-01-16 17:13:00,Brasil,SANTA CATARINA,CAPÃO ALTO,Mata Atlântica
 1617355572 ,27c4c26c-7114-31c0-a569-83d88ca35c19,  -27.317500 ,  -50.514750 ,2023-01-23 17:17:00,Brasil,SANTA CATARINA,CURITIBANOS,Mata Atlântica
 1617355575 ,e5b33676-3d4e-3d59-bafa-214a8fe6d092,  -26.343410 ,  -50.919300 ,2023-01-23 17:17:00,Brasil,SANTA CATARINA,PORTO UNIÃO,Mata Atlântica
 1617561851 ,c50e7a60-4553-3e03-b4ad-419a710eb986,  -26.033480 ,  -48.855670 ,2023-01-25 17:04:00,Brasil,SANTA CATARINA,GARUVA,Mata Atlântica
 1617561853 ,36640b7e-60bd-31aa-83eb-cc2647cc8d24,  -26.515890 ,  -48.720440 ,2023-01-25 17:04:00,Brasil,SANTA CATARINA,ARAQUARI,Mata Atlântica
 1617561854 ,76e826dd-164b-3cf9-8d67-5b923a2458d2,  -26.699950 ,  -49.737580 ,2023-01-25 17:04:00,Brasil,SANTA CATARINA,ITAIÓPOLIS,Mata Atlântica
 1617561866 ,ae8f210f-e859-365b-9619-8f497d8335bd,  -26.720550 ,  -51.342640 ,2023-01-25 17:04:00,Brasil,SANTA CATARINA,CAÇADOR,Mata Atlântica
 1617561867 ,eb560d92-b2e4-3288-8ae8-91b7d2b7d77c,  -27.161330 ,  -51.297390 ,2023-01-25 17:04:00,Brasil,SANTA CATARINA,IBIAM,Mata Atlântica
 1617561868 ,86a144f7-8569-3ce9-9196-7d3af82698bd,  -26.724240 ,  -51.347280 ,2023-01-25 17:04:00,Brasil,SANTA CATARINA,CAÇADOR,Mata Atlântica
 1617757917 ,6d296951-91c8-3427-8909-33e1b289eab8,  -26.371930 ,  -49.485710 ,2023-01-27 16:52:00,Brasil,SANTA CATARINA,RIO NEGRINHO,Mata Atlântica
 1617757919 ,b7f9e878-106e-33c2-a4ee-6497aff40e53,  -26.372220 ,  -49.492570 ,2023-01-27 16:52:00,Brasil,SANTA CATARINA,RIO NEGRINHO,Mata Atlântica
 1617757930 ,efbdf54e-8614-32ee-bbe7-fdd02a829d45,  -26.688710 ,  -49.696700 ,2023-01-27 16:52:00,Brasil,SANTA CATARINA,ITAIÓPOLIS,Mata Atlântica
 1617757931 ,4a93d9bf-a0d9-326b-a55e-c3d84cddee39,  -26.691720 ,  -49.701290 ,2023-01-27 16:52:00,Brasil,SANTA CATARINA,ITAIÓPOLIS,Mata Atlântica
 1617757932 ,9edbe85c-8286-3205-a02c-c52cc8c22f73,  -27.548570 ,  -51.472310 ,2023-01-27 16:49:00,Brasil,SANTA CATARINA,CAMPOS NOVOS,Mata Atlântica
 1617757933 ,373959c9-4293-35ce-8551-24c65932c55b,  -27.561710 ,  -51.466810 ,2023-01-27 16:49:00,Brasil,SANTA CATARINA,CAMPOS NOVOS,Mata Atlântica
 1617757934 ,88d78ce2-f81b-3140-8d30-db2fb6123236,  -27.790900 ,  -50.602760 ,2023-01-27 16:49:00,Brasil,SANTA CATARINA,LAGES,Mata Atlântica
 1617757935 ,26908171-d84d-3932-995a-51eb266de839,  -27.788510 ,  -50.574980 ,2023-01-27 16:49:00,Brasil,SANTA CATARINA,LAGES,Mata Atlântica
 1617757936 ,aec71069-88bf-385d-b29b-3bbff9bce637,  -28.055680 ,  -49.112760 ,2023-01-27 16:49:00,Brasil,SANTA CATARINA,SANTA ROSA DE LIMA,Mata Atlântica
 1617757937 ,ec33dfbb-45dc-3adf-96b1-d2448fedee0c,  -28.056690 ,  -49.118000 ,2023-01-27 16:49:00,Brasil,SANTA CATARINA,SANTA ROSA DE LIMA,Mata Atlântica
 1617874322 ,2780dd6b-ac17-35f2-8dd9-a7fab8c61542,  -27.622970 ,  -50.984200 ,2023-01-28 17:34:00,Brasil,SANTA CATARINA,CERRO NEGRO,Mata Atlântica
 1617874323 ,8847c8c8-ffa0-362d-afdf-7b25cd372124,  -27.856930 ,  -49.974480 ,2023-01-28 17:32:00,Brasil,SANTA CATARINA,PAINEL,Mata Atlântica
 1617874324 ,687df95d-7edd-3f2b-b9f6-f16593cce1ed,  -28.468900 ,  -48.913010 ,2023-01-28 17:32:00,Brasil,SANTA CATARINA,LAGUNA,Mata Atlântica
 1617874325 ,b7b20958-3990-3464-bb31-ed3ccf08015a,  -27.858890 ,  -49.986300 ,2023-01-28 17:32:00,Brasil,SANTA CATARINA,PAINEL,Mata Atlântica
 1617874326 ,08f0d35b-3691-3cf9-850f-740299b8112c,  -28.467310 ,  -48.921470 ,2023-01-28 17:32:00,Brasil,SANTA CATARINA,CAPIVARI DE BAIXO,Mata Atlântica
 1617874327 ,ed9a9897-82d2-3edc-8ee3-534a75862c8c,  -28.471160 ,  -48.926220 ,2023-01-28 17:32:00,Brasil,SANTA CATARINA,CAPIVARI DE BAIXO,Mata Atlântica
 1618329159 ,259af83c-eb44-3924-ae39-852377c9d480,  -26.266320 ,  -53.632910 ,2023-02-01 17:06:00,Brasil,SANTA CATARINA,DIONÍSIO CERQUEIRA,Mata Atlântica
 1618329162 ,181083de-7033-3fad-9b98-e2e85d4847ae,  -26.818410 ,  -49.092290 ,2023-02-01 17:06:00,Brasil,SANTA CATARINA,BLUMENAU,Mata Atlântica
 1618329163 ,046795e7-5ad7-3d63-aeb5-8339af393829,  -26.868230 ,  -49.096350 ,2023-02-01 17:06:00,Brasil,SANTA CATARINA,BLUMENAU,Mata Atlântica
 1618329165 ,343b953f-e42c-37fc-987f-92283835dac8,  -26.943410 ,  -48.709660 ,2023-02-01 17:06:00,Brasil,SANTA CATARINA,ITAJAÍ,Mata Atlântica
 1618329166 ,a0e5aa7a-e5d1-32fe-9b00-6a4897eb82e3,  -27.441070 ,  -50.299630 ,2023-02-01 17:06:00,Brasil,SANTA CATARINA,PONTE ALTA,Mata Atlântica
 1618980853 ,fe37ad99-5d26-3ef3-b31f-8b5156ac3183,  -26.562840 ,  -52.531030 ,2023-02-06 17:21:00,Brasil,SANTA CATARINA,SÃO DOMINGOS,Mata Atlântica
 1618980922 ,de349b66-1ad0-37ae-beba-6a41dca1cc1b,  -27.149670 ,  -51.905110 ,2023-02-06 17:21:00,Brasil,SANTA CATARINA,CONCÓRDIA,Mata Atlântica
 1618980924 ,54b4bdc5-fdaf-3e1f-9a84-70bdffb1f1aa,  -27.323820 ,  -50.510700 ,2023-02-06 17:21:00,Brasil,SANTA CATARINA,CURITIBANOS,Mata Atlântica
 1618980925 ,4aec7c37-fe14-3042-bcff-8cfe376f6dbe,  -27.534380 ,  -50.698790 ,2023-02-06 17:21:00,Brasil,SANTA CATARINA,SÃO JOSÉ DO CERRITO,Mata Atlântica
 1618980928 ,b0dbd9a8-b471-31cb-8587-7c67787a0189,  -27.535820 ,  -50.708950 ,2023-02-06 17:21:00,Brasil,SANTA CATARINA,SÃO JOSÉ DO CERRITO,Mata Atlântica
 1618980955 ,6d4ff14d-4767-3ef4-aa86-07eb43291660,  -26.877880 ,  -50.543620 ,2023-02-06 17:21:00,Brasil,SANTA CATARINA,SANTA CECÍLIA,Mata Atlântica
 1619280159 ,7109ed7c-9ce0-3ce4-a97d-69e1d5211601,  -27.379940 ,  -50.532320 ,2023-02-08 17:09:00,Brasil,SANTA CATARINA,CURITIBANOS,Mata Atlântica
 1619280174 ,f198ff5e-031e-33b4-870e-069e1673dfcf,  -27.390140 ,  -50.530630 ,2023-02-08 17:09:00,Brasil,SANTA CATARINA,CURITIBANOS,Mata Atlântica
 1619280189 ,77d7e78b-1473-37f7-ae25-d81e5b4499d4,  -26.314340 ,  -49.806110 ,2023-02-08 17:09:00,Brasil,SANTA CATARINA,MAFRA,Mata Atlântica
 1619280194 ,554629f3-010c-38ef-83c0-2632510e971d,  -27.505390 ,  -50.488610 ,2023-02-08 17:09:00,Brasil,SANTA CATARINA,CORREIA PINTO,Mata Atlântica
 1619280202 ,ccc76cc4-311e-3a30-b522-818dcfabfd5b,  -27.506250 ,  -50.481880 ,2023-02-08 17:09:00,Brasil,SANTA CATARINA,CORREIA PINTO,Mata Atlântica
 1619280211 ,e7c219c9-0ecb-3d2f-b137-05a275607945,  -27.507830 ,  -50.494930 ,2023-02-08 17:09:00,Brasil,SANTA CATARINA,CORREIA PINTO,Mata Atlântica
 1619280215 ,b29206a5-fdd0-3829-93f1-e27a3e7fda3e,  -26.380940 ,  -48.716840 ,2023-02-08 17:09:00,Brasil,SANTA CATARINA,ARAQUARI,Mata Atlântica
 1619280220 ,d4c78ee3-8dec-3ac9-9c87-359f15f96792,  -27.888710 ,  -49.704530 ,2023-02-08 17:09:00,Brasil,SANTA CATARINA,RIO RUFINO,Mata Atlântica
 1619280230 ,1e4e4641-f576-3548-ab16-2259e8a8b27a,  -26.613380 ,  -49.994600 ,2023-02-08 17:09:00,Brasil,SANTA CATARINA,SANTA TEREZINHA,Mata Atlântica
 1619280247 ,752475e0-6560-32b1-b6c9-378f3ca6ee92,  -26.643550 ,  -48.698900 ,2023-02-08 17:09:00,Brasil,SANTA CATARINA,BARRA VELHA,Mata Atlântica
 1619280262 ,52228514-dab5-3447-9efc-ca2b359a1b3f,  -26.937410 ,  -50.832250 ,2023-02-08 17:09:00,Brasil,SANTA CATARINA,LEBON RÉGIS,Mata Atlântica
 1619280278 ,7983b6dc-91da-3fbe-a874-bf15117f1502,  -27.024020 ,  -51.064840 ,2023-02-08 17:09:00,Brasil,SANTA CATARINA,VIDEIRA,Mata Atlântica
 1619280293 ,d539fb9d-ec82-3d7f-93c9-8fca4ae69348,  -27.215240 ,  -49.051000 ,2023-02-08 17:09:00,Brasil,SANTA CATARINA,BOTUVERÁ,Mata Atlântica
 1619673165 ,7738aaaf-8b3c-3264-8fa5-4e37353f8364,  -27.648320 ,  -51.270580 ,2023-02-11 17:36:00,Brasil,SANTA CATARINA,CELSO RAMOS,Mata Atlântica
 1619985311 ,3f27c591-3e14-3ea2-87fb-9ca51351db43,  -26.704660 ,  -49.682360 ,2023-02-13 17:24:00,Brasil,SANTA CATARINA,JOSÉ BOITEUX,Mata Atlântica
 1619985327 ,529011ba-9c5b-3ea1-a5a0-5756bfd7d9f0,  -26.706230 ,  -49.692580 ,2023-02-13 17:24:00,Brasil,SANTA CATARINA,JOSÉ BOITEUX,Mata Atlântica
 1619985342 ,345d7559-6f73-3399-b838-62904e97105b,  -27.133400 ,  -50.959740 ,2023-02-13 17:24:00,Brasil,SANTA CATARINA,TANGARÁ,Mata Atlântica
 1619985366 ,32fb79eb-7f9e-3676-b726-94ddbfebdb38,  -27.169400 ,  -50.576680 ,2023-02-13 17:24:00,Brasil,SANTA CATARINA,PONTE ALTA DO NORTE,Mata Atlântica
 1619985368 ,cf4bb47b-590c-36f8-a3c2-28f4236e2898,  -27.170870 ,  -50.586710 ,2023-02-13 17:24:00,Brasil,SANTA CATARINA,PONTE ALTA DO NORTE,Mata Atlântica
 1619985380 ,64142da6-f27a-3d36-b2e1-d6e59e3c0002,  -27.460650 ,  -50.741360 ,2023-02-13 17:24:00,Brasil,SANTA CATARINA,SÃO JOSÉ DO CERRITO,Mata Atlântica
 1619985385 ,08cfe299-523e-3b1b-9df8-9b4f55353a4f,  -27.462100 ,  -50.751420 ,2023-02-13 17:24:00,Brasil,SANTA CATARINA,SÃO JOSÉ DO CERRITO,Mata Atlântica
 1620728190 ,50605e79-a825-32d4-ae50-388139bde99d,  -26.964440 ,  -50.707160 ,2023-02-18 17:41:00,Brasil,SANTA CATARINA,LEBON RÉGIS,Mata Atlântica
 1621278262 ,e8dc0db7-3c42-3cb3-9f38-9b4c25c62286,  -27.000880 ,  -53.271140 ,2023-02-22 17:13:00,Brasil,SANTA CATARINA,CAIBI,Mata Atlântica
 1621278269 ,e657ae6e-ab9a-3383-9055-f592268e1b41,  -27.069600 ,  -51.663750 ,2023-02-22 17:13:00,Brasil,SANTA CATARINA,CATANDUVAS,Mata Atlântica
 1622101666 ,45e40a47-2b72-38ba-93b1-2e622288bb32,  -26.918140 ,  -51.167150 ,2023-03-01 17:15:00,Brasil,SANTA CATARINA,RIO DAS ANTAS,Mata Atlântica
 1622101674 ,6d4fda74-720f-32ec-94d3-fe5526863a5b,  -27.141940 ,  -51.255700 ,2023-03-01 17:15:00,Brasil,SANTA CATARINA,IBIAM,Mata Atlântica
 1622101682 ,becfa9a4-c759-3a25-8b05-4a6a6d4dfd6a,  -27.166520 ,  -50.577840 ,2023-03-01 17:15:00,Brasil,SANTA CATARINA,PONTE ALTA DO NORTE,Mata Atlântica
 1622715404 ,cc1616c4-2589-3ac9-8f65-afa7408c8e91,  -26.308340 ,  -53.398300 ,2023-03-06 17:30:00,Brasil,SANTA CATARINA,DIONÍSIO CERQUEIRA,Mata Atlântica
 1623126497 ,38913cf7-c290-3a30-b85e-1ea627cc0294,  -27.171540 ,  -51.337280 ,2023-03-10 17:04:00,Brasil,SANTA CATARINA,IBICARÉ,Mata Atlântica
 1623584365 ,f241bd3c-d7c5-334d-9758-7ebd482938f7,  -29.085510 ,  -49.661430 ,2023-03-15 17:17:00,Brasil,SANTA CATARINA,SOMBRIO,Mata Atlântica
 1623759577 ,cc318734-83cb-31ee-aa33-dd7532131102,  -26.997880 ,  -50.584710 ,2023-03-17 17:05:00,Brasil,SANTA CATARINA,SANTA CECÍLIA,Mata Atlântica
 1623759580 ,15357f78-db9e-3965-8520-43d3034e59d2,  -27.007680 ,  -50.578560 ,2023-03-17 17:05:00,Brasil,SANTA CATARINA,SANTA CECÍLIA,Mata Atlântica
 1623759582 ,7865fc45-04b5-3106-8671-f8bff472f80e,  -27.009380 ,  -50.594520 ,2023-03-17 17:05:00,Brasil,SANTA CATARINA,SANTA CECÍLIA,Mata Atlântica
 1623759583 ,b5640eac-e407-31b5-b12b-ec91931b4638,  -27.104300 ,  -51.680440 ,2023-03-17 17:05:00,Brasil,SANTA CATARINA,CATANDUVAS,Mata Atlântica
 1623759586 ,9fbe2b05-969f-3da6-af67-8459bfa0e7b5,  -27.107410 ,  -51.675130 ,2023-03-17 17:05:00,Brasil,SANTA CATARINA,CATANDUVAS,Mata Atlântica
 1623759587 ,f0f872cc-c3f3-3be1-8830-f12eb82a7d70,  -27.215720 ,  -51.127650 ,2023-03-17 17:05:00,Brasil,SANTA CATARINA,TANGARÁ,Mata Atlântica
 1623759589 ,9e3b02e1-cbd1-336b-98a5-9c544d4f61dc,  -27.263840 ,  -50.734040 ,2023-03-17 17:05:00,Brasil,SANTA CATARINA,CURITIBANOS,Mata Atlântica
 1623759590 ,317d7ff1-c8b2-3dc0-9285-3ea85a11d309,  -27.769530 ,  -50.984770 ,2023-03-17 17:05:00,Brasil,SANTA CATARINA,ANITA GARIBALDI,Mata Atlântica
 1623759593 ,74f33fb9-8f87-3925-b81e-2625b86828ff,  -27.771430 ,  -51.002560 ,2023-03-17 17:05:00,Brasil,SANTA CATARINA,ANITA GARIBALDI,Mata Atlântica
 1623759595 ,3bfce8ee-462a-3265-8bd9-9bb42ed674a2,  -27.776090 ,  -50.978950 ,2023-03-17 17:05:00,Brasil,SANTA CATARINA,ANITA GARIBALDI,Mata Atlântica
 1623759597 ,177a058a-9ce4-3995-a113-9b23140c2ff5,  -27.777900 ,  -50.996800 ,2023-03-17 17:05:00,Brasil,SANTA CATARINA,ANITA GARIBALDI,Mata Atlântica
 1623828407 ,e04cc115-873e-3d7c-ac58-c4c22c9c81d1,  -26.883840 ,  -51.072610 ,2023-03-18 17:47:00,Brasil,SANTA CATARINA,RIO DAS ANTAS,Mata Atlântica
 1623828408 ,ae045604-2a67-38b6-acef-651c3cee087b,  -26.976750 ,  -49.703160 ,2023-03-18 17:47:00,Brasil,SANTA CATARINA,DONA EMMA,Mata Atlântica
 1623828409 ,f716ead8-8bc6-3f52-9552-ff13287dc858,  -27.353660 ,  -50.662640 ,2023-03-18 17:47:00,Brasil,SANTA CATARINA,CURITIBANOS,Mata Atlântica
 1623828411 ,9396c028-badb-3c64-8737-ceb08e19f63f,  -27.413880 ,  -50.608040 ,2023-03-18 17:47:00,Brasil,SANTA CATARINA,CURITIBANOS,Mata Atlântica
 1623828413 ,f650a4af-ff73-3cdf-8777-98825cc94c77,  -27.416810 ,  -50.623890 ,2023-03-18 17:47:00,Brasil,SANTA CATARINA,CURITIBANOS,Mata Atlântica
 1623828414 ,1d88a780-df0e-35f2-abec-8c21bb7f92ef,  -27.473390 ,  -51.634210 ,2023-03-18 17:47:00,Brasil,SANTA CATARINA,CAPINZAL,Mata Atlântica
 1623828416 ,a9efbee7-23a7-3cba-9084-2b613147d800,  -27.574110 ,  -50.472610 ,2023-03-18 17:47:00,Brasil,SANTA CATARINA,CORREIA PINTO,Mata Atlântica
 1623828418 ,3043c47d-04c7-317b-9190-a91f95e4002e,  -27.656930 ,  -51.169330 ,2023-03-18 17:47:00,Brasil,SANTA CATARINA,ANITA GARIBALDI,Mata Atlântica
 1623910708 ,31686cdb-d6cb-376f-919b-2090e402c512,  -26.707560 ,  -49.741470 ,2023-03-19 16:50:00,Brasil,SANTA CATARINA,ITAIÓPOLIS,Mata Atlântica
 1623910709 ,0af92849-1b2b-3fd3-a444-dc3293cdb4b4,  -28.197630 ,  -49.048990 ,2023-03-19 16:50:00,Brasil,SANTA CATARINA,ARMAZÉM,Mata Atlântica
 1624009296 ,989d08c3-05d2-307f-b5b1-cefecd31572b,  -26.407680 ,  -50.866290 ,2023-03-20 17:34:00,Brasil,SANTA CATARINA,PORTO UNIÃO,Mata Atlântica
 1624009318 ,b2fa7269-3e05-3539-ac27-473a9c25048c,  -26.409350 ,  -50.876790 ,2023-03-20 17:34:00,Brasil,SANTA CATARINA,PORTO UNIÃO,Mata Atlântica
 1624009320 ,2a2f4e67-f2cd-33c7-b7a5-67c03ec821d1,  -26.453390 ,  -49.950280 ,2023-03-20 17:34:00,Brasil,SANTA CATARINA,ITAIÓPOLIS,Mata Atlântica
 1624009328 ,51146a6f-9d67-37e9-b71a-73ab7f85a649,  -26.466720 ,  -49.970850 ,2023-03-20 17:34:00,Brasil,SANTA CATARINA,ITAIÓPOLIS,Mata Atlântica
 1624009335 ,53338413-5fa3-39b0-a48e-3c55aee70660,  -26.509300 ,  -49.866320 ,2023-03-20 17:34:00,Brasil,SANTA CATARINA,ITAIÓPOLIS,Mata Atlântica
 1624009344 ,f4d3fba3-c9ef-34bf-967a-274ea4cdf3a3,  -26.511160 ,  -49.877730 ,2023-03-20 17:34:00,Brasil,SANTA CATARINA,ITAIÓPOLIS,Mata Atlântica
 1624009359 ,abd77a8c-d4af-3c79-8bd9-db96f8a96341,  -26.512150 ,  -49.871940 ,2023-03-20 17:34:00,Brasil,SANTA CATARINA,ITAIÓPOLIS,Mata Atlântica
 1624009383 ,5b29f417-d2ec-3433-9d62-67f77a0ac632,  -26.702160 ,  -49.722970 ,2023-03-20 17:32:00,Brasil,SANTA CATARINA,ITAIÓPOLIS,Mata Atlântica
 1624009391 ,21c57f16-7768-31e1-8680-3fde3124d2ad,  -26.896950 ,  -51.212780 ,2023-03-20 17:34:00,Brasil,SANTA CATARINA,VIDEIRA,Mata Atlântica
 1624009398 ,f6696d68-33f7-3fc0-8f2b-3a4a1eea5bb3,  -26.900530 ,  -51.130800 ,2023-03-20 17:34:00,Brasil,SANTA CATARINA,RIO DAS ANTAS,Mata Atlântica
 1624009407 ,4e89a985-153a-3fde-9e03-9677a2436356,  -26.938260 ,  -49.913380 ,2023-03-20 17:32:00,Brasil,SANTA CATARINA,WITMARSUM,Mata Atlântica
 1624009414 ,3eda6c7b-3acc-30f0-b8a9-15eeea210103,  -26.987560 ,  -50.912310 ,2023-03-20 17:32:00,Brasil,SANTA CATARINA,FRAIBURGO,Mata Atlântica
 1624009422 ,67db995e-aa37-3196-adc6-a0a6c75f19f7,  -26.989230 ,  -50.922950 ,2023-03-20 17:32:00,Brasil,SANTA CATARINA,FRAIBURGO,Mata Atlântica
 1624008732 ,ae9b2b26-9571-33f3-b7b3-a1669d0e0638,  -27.070580 ,  -49.716050 ,2023-03-20 17:32:00,Brasil,SANTA CATARINA,PRESIDENTE GETÚLIO,Mata Atlântica
 1624008743 ,fd827b97-0c46-3465-9519-36e124431ddf,  -27.108850 ,  -53.289440 ,2023-03-20 17:34:00,Brasil,SANTA CATARINA,CAIBI,Mata Atlântica
 1624008750 ,df987b98-d177-3125-a0fe-96976e79a197,  -27.377630 ,  -50.527070 ,2023-03-20 17:32:00,Brasil,SANTA CATARINA,CURITIBANOS,Mata Atlântica
 1624008765 ,580caf9c-681e-3f61-83d1-f93459212295,  -27.386920 ,  -50.525250 ,2023-03-20 17:32:00,Brasil,SANTA CATARINA,CURITIBANOS,Mata Atlântica
 1624008774 ,0c81fc2e-63cf-3b0b-b73b-044c8963a58b,  -27.411590 ,  -50.620330 ,2023-03-20 17:32:00,Brasil,SANTA CATARINA,CURITIBANOS,Mata Atlântica
 1624008781 ,aa7a5bdb-6e66-3720-8251-82e914be13ec,  -27.413300 ,  -50.631140 ,2023-03-20 17:32:00,Brasil,SANTA CATARINA,CURITIBANOS,Mata Atlântica
 1624008789 ,a53eadaa-f789-3bb3-a368-7e647c611a1b,  -27.420830 ,  -50.618420 ,2023-03-20 17:32:00,Brasil,SANTA CATARINA,CURITIBANOS,Mata Atlântica
 1624008797 ,6361156a-8e83-352a-8798-295c3467326c,  -27.649340 ,  -51.202430 ,2023-03-20 17:32:00,Brasil,SANTA CATARINA,CELSO RAMOS,Mata Atlântica
 1624008806 ,64103a08-1c46-3c79-a4cc-4dfd6b35aeba,  -27.650960 ,  -51.212910 ,2023-03-20 17:32:00,Brasil,SANTA CATARINA,CELSO RAMOS,Mata Atlântica
 1624187231 ,06f403e9-e120-3bd4-bba7-de89fddfcab8,  -26.966700 ,  -49.640480 ,2023-03-22 17:20:00,Brasil,SANTA CATARINA,JOSÉ BOITEUX,Mata Atlântica
 1624187234 ,4170ac2b-9da8-3563-bc46-d67082748749,  -26.968090 ,  -49.650440 ,2023-03-22 17:20:00,Brasil,SANTA CATARINA,JOSÉ BOITEUX,Mata Atlântica
 1624444639 ,5c6ab1ae-e50e-309c-8462-358e15de5e59,  -26.709490 ,  -49.822850 ,2023-03-24 17:05:00,Brasil,SANTA CATARINA,VITOR MEIRELES,Mata Atlântica
 1624577220 ,8ec3c9cc-9a62-3520-929c-82b432ff8afb,  -26.296870 ,  -53.426180 ,2023-03-25 17:47:00,Brasil,SANTA CATARINA,DIONÍSIO CERQUEIRA,Mata Atlântica
 1624577223 ,1777e1b7-34db-3461-8ada-3ae97d9f9077,  -27.397330 ,  -51.917450 ,2023-03-25 17:47:00,Brasil,SANTA CATARINA,ALTO BELA VISTA,Mata Atlântica
 1624808490 ,729204db-0431-3401-bfee-092a80dea671,  -27.722380 ,  -50.091960 ,2023-03-27 17:34:00,Brasil,SANTA CATARINA,LAGES,Mata Atlântica
 1624808585 ,c21dd853-66b4-3d80-927c-d747d2e692f7,  -27.031220 ,  -51.865020 ,2023-03-27 17:34:00,Brasil,SANTA CATARINA,IRANI,Mata Atlântica
 1624808589 ,a900bd3e-33bc-3c60-b7df-08d65b3c2f2d,  -27.032760 ,  -51.875230 ,2023-03-27 17:34:00,Brasil,SANTA CATARINA,IRANI,Mata Atlântica
 1624808622 ,56345855-ebca-3479-a75b-f44481633e2b,  -26.999570 ,  -50.586720 ,2023-03-27 17:34:00,Brasil,SANTA CATARINA,SANTA CECÍLIA,Mata Atlântica
 1625623205 ,316151e2-baa2-38ba-8c1d-0064f7dad595,  -26.300520 ,  -49.782780 ,2023-04-03 17:34:00,Brasil,SANTA CATARINA,MAFRA,Mata Atlântica
 1625623209 ,fbe90a43-d003-3439-8517-4d396d1d66e4,  -26.754230 ,  -49.980880 ,2023-04-03 17:34:00,Brasil,SANTA CATARINA,SANTA TEREZINHA,Mata Atlântica
 1625623213 ,5fd699d8-11c7-3a85-ad42-ff6afd22dc06,  -26.756180 ,  -49.992610 ,2023-04-03 17:34:00,Brasil,SANTA CATARINA,SANTA TEREZINHA,Mata Atlântica
 1625623216 ,5f5a2786-bfdb-31f4-9164-3e397261c555,  -26.968640 ,  -52.401760 ,2023-04-03 17:34:00,Brasil,SANTA CATARINA,XANXERÊ,Mata Atlântica
 1625623221 ,3652fe9c-3f70-30ed-8dd4-019f5aac8e9d,  -26.970140 ,  -52.411900 ,2023-04-03 17:34:00,Brasil,SANTA CATARINA,XANXERÊ,Mata Atlântica
 1625623226 ,c09b1a1f-1c82-34dd-aeac-88c1522afe1c,  -27.065610 ,  -53.196880 ,2023-04-03 17:34:00,Brasil,SANTA CATARINA,PALMITOS,Mata Atlântica
 1625623230 ,addd2cda-b12e-39f1-aace-e5bdf8160f2e,  -27.107190 ,  -51.667090 ,2023-04-03 17:34:00,Brasil,SANTA CATARINA,CATANDUVAS,Mata Atlântica
 1625623233 ,8b313c4e-a3e9-311f-ad35-ba76cca1462f,  -27.150570 ,  -51.890490 ,2023-04-03 17:34:00,Brasil,SANTA CATARINA,CONCÓRDIA,Mata Atlântica
 1625623237 ,72bdb443-ca1b-3dca-86d0-ca758c855835,  -27.152110 ,  -51.900660 ,2023-04-03 17:34:00,Brasil,SANTA CATARINA,CONCÓRDIA,Mata Atlântica
 1625623241 ,6886816d-7bf5-3a11-8a59-ee00ebef77be,  -27.319840 ,  -51.317990 ,2023-04-03 17:34:00,Brasil,SANTA CATARINA,ERVAL VELHO,Mata Atlântica
 1625623245 ,af6b3d52-e523-33ea-a729-4e4f2624321e,  -27.420880 ,  -50.609200 ,2023-04-03 17:34:00,Brasil,SANTA CATARINA,CURITIBANOS,Mata Atlântica
 1625623248 ,cb20d529-61d6-3592-b060-3eaac1ed2918,  -27.428630 ,  -49.409930 ,2023-04-03 17:34:00,Brasil,SANTA CATARINA,VIDAL RAMOS,Mata Atlântica
 1625623252 ,85eb7d66-7f3f-3236-addf-d38e924dd7c4,  -27.987060 ,  -50.444440 ,2023-04-03 17:34:00,Brasil,SANTA CATARINA,CAPÃO ALTO,Mata Atlântica
 1625623257 ,042aaad6-80e0-3808-878d-200582b3d664,  -28.524930 ,  -49.513470 ,2023-04-03 17:34:00,Brasil,SANTA CATARINA,TREVISO,Mata Atlântica
 1625623279 ,6aaf407c-a31c-3b6b-b73b-ed4b3e8f1039,  -29.113220 ,  -49.834820 ,2023-04-03 17:34:00,Brasil,SANTA CATARINA,JACINTO MACHADO,Mata Atlântica
 1625926578 ,c6bb253b-8b41-34f7-997c-df0b33313fb1,  -27.755050 ,  -50.015170 ,2023-04-05 17:20:00,Brasil,SANTA CATARINA,BOCAINA DO SUL,Mata Atlântica
 1625927493 ,9ad29d81-df73-3556-976f-0916ff4d1f9e,  -26.151680 ,  -50.179760 ,2023-04-05 17:22:00,Brasil,SANTA CATARINA,TRÊS BARRAS,Mata Atlântica
 1625927525 ,2b624867-1590-33e1-a00b-006e30496248,  -26.153090 ,  -50.189770 ,2023-04-05 17:22:00,Brasil,SANTA CATARINA,TRÊS BARRAS,Mata Atlântica
 1625927556 ,7793ada3-ddb1-3bab-8f17-c6ed33038e6b,  -26.160680 ,  -50.178210 ,2023-04-05 17:22:00,Brasil,SANTA CATARINA,TRÊS BARRAS,Mata Atlântica
 1625927588 ,dbfa6edf-b531-3f5a-a33f-1f81726a7941,  -27.165400 ,  -50.943010 ,2023-04-05 17:22:00,Brasil,SANTA CATARINA,MONTE CARLO,Mata Atlântica
 1625927621 ,9d5f38ca-8a4e-3e98-83e2-9858449d0f4a,  -27.166810 ,  -50.953590 ,2023-04-05 17:22:00,Brasil,SANTA CATARINA,MONTE CARLO,Mata Atlântica
 1625927653 ,cbc806a8-9ac9-316b-b040-0cb36c7096b9,  -27.753620 ,  -50.004840 ,2023-04-05 17:20:00,Brasil,SANTA CATARINA,BOCAINA DO SUL,Mata Atlântica
 1626537451 ,e3f1e087-58f0-3097-8ffa-332528559a4b,  -27.176870 ,  -52.803140 ,2023-04-10 17:34:00,Brasil,SANTA CATARINA,GUATAMBÚ,Mata Atlântica
 1626537455 ,dfa908c9-7431-3c93-9eef-771c08c538c2,  -27.178320 ,  -52.813170 ,2023-04-10 17:34:00,Brasil,SANTA CATARINA,GUATAMBÚ,Mata Atlântica
 1626537458 ,4fc08ec0-0291-33b7-9f64-d8f7f3861120,  -27.769050 ,  -50.765070 ,2023-04-10 17:34:00,Brasil,SANTA CATARINA,CAMPO BELO DO SUL,Mata Atlântica
 1626793905 ,824fc44e-3664-3c43-b7b0-5114705e8e57,  -26.289690 ,  -49.773180 ,2023-04-12 17:22:00,Brasil,SANTA CATARINA,MAFRA,Mata Atlântica
 1626793921 ,3e0d9dd0-9773-333e-a08f-a8c0662337fe,  -26.291120 ,  -49.783120 ,2023-04-12 17:22:00,Brasil,SANTA CATARINA,MAFRA,Mata Atlântica
 1626793952 ,19ffdb6b-9b3b-3381-839d-127186f5438c,  -28.765740 ,  -49.657240 ,2023-04-12 17:22:00,Brasil,SANTA CATARINA,MELEIRO,Mata Atlântica
 1626794280 ,24ba2cfa-8f20-3eff-80e4-b4c3da5fe323,  -26.661250 ,  -51.263280 ,2023-04-12 17:22:00,Brasil,SANTA CATARINA,CAÇADOR,Mata Atlântica
 1626794288 ,b226e36e-4fda-38b4-9cc0-1466691a74bc,  -27.020670 ,  -51.647070 ,2023-04-12 17:22:00,Brasil,SANTA CATARINA,CATANDUVAS,Mata Atlântica
 1626794296 ,841f45dc-3fa0-36c3-8cc2-79c3d6ff4063,  -27.093250 ,  -51.493940 ,2023-04-12 17:22:00,Brasil,SANTA CATARINA,LUZERNA,Mata Atlântica
 1626794308 ,afc293b0-f0fa-304c-bcc2-534e39c9bd58,  -27.094650 ,  -51.504870 ,2023-04-12 17:22:00,Brasil,SANTA CATARINA,LUZERNA,Mata Atlântica
 1626794315 ,0c864b7c-ce7a-3664-9851-978b5077c1f8,  -27.125080 ,  -51.156060 ,2023-04-12 17:22:00,Brasil,SANTA CATARINA,TANGARÁ,Mata Atlântica
 1626794323 ,1bf78fa8-e2ef-3ff5-81fb-da1a655036ec,  -27.126500 ,  -51.166710 ,2023-04-12 17:22:00,Brasil,SANTA CATARINA,TANGARÁ,Mata Atlântica
 1626794330 ,682c7160-c5e5-325d-a0d6-0a4200d2a2a6,  -27.239090 ,  -51.772360 ,2023-04-12 17:22:00,Brasil,SANTA CATARINA,PRESIDENTE CASTELLO BRANCO,Mata Atlântica
 1626794339 ,b683dae0-e572-31fa-b281-f6c657914768,  -27.488700 ,  -51.202820 ,2023-04-12 17:22:00,Brasil,SANTA CATARINA,CAMPOS NOVOS,Mata Atlântica
 1626794346 ,f5fccf55-9634-32ac-a376-f916ed2c9486,  -27.595500 ,  -49.968520 ,2023-04-12 17:22:00,Brasil,SANTA CATARINA,OTACÍLIO COSTA,Mata Atlântica
 1626794354 ,85781bef-3082-303a-b9da-b087b9b27acf,  -28.646790 ,  -49.144290 ,2023-04-12 17:22:00,Brasil,SANTA CATARINA,SANGÃO,Mata Atlântica
 1626794362 ,0e23269f-c968-3f20-bd23-c0bbf0feebf7,  -28.655760 ,  -49.142600 ,2023-04-12 17:22:00,Brasil,SANTA CATARINA,SANGÃO,Mata Atlântica
 1627941281 ,c9e631ee-dbc4-32b9-a7d4-65972f6eff0d,  -26.709120 ,  -50.641530 ,2023-04-22 17:49:00,Brasil,SANTA CATARINA,TIMBÓ GRANDE,Mata Atlântica
 1627841890 ,92993f06-a2ec-3de3-a2c2-eccb17306f4b,  -26.050170 ,  -50.475360 ,2023-04-21 17:09:00,Brasil,SANTA CATARINA,CANOINHAS,Mata Atlântica
 1627841892 ,593baadd-13da-3074-98c5-4c8b51583cec,  -27.369210 ,  -51.797390 ,2023-04-21 17:07:00,Brasil,SANTA CATARINA,IPIRA,Mata Atlântica
 1628060731 ,cec99cea-f8a5-347f-9a94-eb1eae8c1912,  -27.372280 ,  -51.454460 ,2023-04-24 17:37:00,Brasil,SANTA CATARINA,CAMPOS NOVOS,Mata Atlântica
 1628060766 ,f8ab0583-e1d1-3a89-aaea-b32ed6946d47,  -27.379830 ,  -51.458170 ,2023-04-24 17:37:00,Brasil,SANTA CATARINA,CAMPOS NOVOS,Mata Atlântica
 1628060821 ,5937d41f-ef78-35fa-b10d-3557defd61c4,  -26.871580 ,  -51.097720 ,2023-04-24 17:37:00,Brasil,SANTA CATARINA,RIO DAS ANTAS,Mata Atlântica
 1628060822 ,b6b89e9f-b889-32a5-bc9e-e7b13e9158e3,  -26.913010 ,  -51.178280 ,2023-04-24 17:37:00,Brasil,SANTA CATARINA,RIO DAS ANTAS,Mata Atlântica
 1628060823 ,1290c633-5bc4-3cea-a2ac-46969b0a106d,  -26.934620 ,  -50.498120 ,2023-04-24 17:37:00,Brasil,SANTA CATARINA,SANTA CECÍLIA,Mata Atlântica
 1628060824 ,de016014-6cb7-3426-b274-fb5c819859c4,  -27.039540 ,  -52.179010 ,2023-04-24 17:37:00,Brasil,SANTA CATARINA,IPUMIRIM,Mata Atlântica
 1628060825 ,0ccc0eb1-2306-364d-8c82-1ca5562b9610,  -27.115080 ,  -52.012380 ,2023-04-24 17:37:00,Brasil,SANTA CATARINA,LINDÓIA DO SUL,Mata Atlântica
 1628060826 ,a746704c-e7df-38f1-9166-9eb149b2f95a,  -27.116620 ,  -52.022510 ,2023-04-24 17:37:00,Brasil,SANTA CATARINA,LINDÓIA DO SUL,Mata Atlântica
 1628060827 ,fe005e9c-6f19-3e1f-9d7d-b07d1f2874b1,  -27.185430 ,  -51.215090 ,2023-04-24 17:37:00,Brasil,SANTA CATARINA,IBIAM,Mata Atlântica
 1628060828 ,19243062-8f15-3fbb-8b0a-c1d66b761148,  -27.233160 ,  -51.216980 ,2023-04-24 17:37:00,Brasil,SANTA CATARINA,IBIAM,Mata Atlântica
 1628060829 ,60909cb3-e934-37a0-9c78-42b6531ba3b3,  -27.234840 ,  -51.227740 ,2023-04-24 17:37:00,Brasil,SANTA CATARINA,CAMPOS NOVOS,Mata Atlântica
 1628060830 ,10de1046-3b5e-39ad-8434-33a9ec72227b,  -27.317610 ,  -51.647160 ,2023-04-24 17:37:00,Brasil,SANTA CATARINA,OURO,Mata Atlântica
 1628060831 ,7d03f86b-152b-3509-9818-1c4e2ca5a79d,  -27.319220 ,  -51.657550 ,2023-04-24 17:37:00,Brasil,SANTA CATARINA,OURO,Mata Atlântica
 1628434748 ,4895e32d-1c64-3d9e-bd78-b22eda2e67ba,  -26.703180 ,  -49.992530 ,2023-04-28 17:09:00,Brasil,SANTA CATARINA,SANTA TEREZINHA,Mata Atlântica
 1628434792 ,0ecab4c5-f380-3ca9-b14c-e98403d501ee,  -26.835870 ,  -51.248570 ,2023-04-28 17:09:00,Brasil,SANTA CATARINA,CAÇADOR,Mata Atlântica
 1628529652 ,04cc2222-7d74-3895-9c25-f900bf4e874b,  -27.643140 ,  -50.822420 ,2023-04-29 17:49:00,Brasil,SANTA CATARINA,CAMPO BELO DO SUL,Mata Atlântica
 1628669852 ,34f1f0d4-a940-398a-81e5-c0281d188201,  -26.236820 ,  -50.411430 ,2023-05-01 17:37:00,Brasil,SANTA CATARINA,CANOINHAS,Mata Atlântica
 1628669861 ,766832f0-85ef-385f-990c-7e5a7be3e493,  -26.421220 ,  -51.037110 ,2023-05-01 17:37:00,Brasil,SANTA CATARINA,MATOS COSTA,Mata Atlântica
 1628669868 ,541c606f-51bf-3a61-a60b-454ffdb9983a,  -26.422950 ,  -51.047940 ,2023-05-01 17:37:00,Brasil,SANTA CATARINA,MATOS COSTA,Mata Atlântica
 1628669915 ,104f57a9-ef60-39a5-808d-0ef0e1945044,  -28.989580 ,  -49.608010 ,2023-05-01 17:34:00,Brasil,SANTA CATARINA,ERMO,Mata Atlântica
 1628670045 ,0be09e1c-6c7a-3d8d-b067-5cac9788459d,  -26.745470 ,  -49.951450 ,2023-05-01 17:37:00,Brasil,SANTA CATARINA,SANTA TEREZINHA,Mata Atlântica
 1628670046 ,8e2e0a5b-b9b0-3d72-a37d-08f6ef845340,  -26.832040 ,  -51.240250 ,2023-05-01 17:37:00,Brasil,SANTA CATARINA,CAÇADOR,Mata Atlântica
 1628670050 ,6a5a31cd-c621-3ed4-9376-d3d1a0b68823,  -26.833710 ,  -51.250930 ,2023-05-01 17:37:00,Brasil,SANTA CATARINA,MACIEIRA,Mata Atlântica
 1628670053 ,8ed66fb6-d1b2-3d6c-ab43-cec20a672f58,  -26.890490 ,  -51.090350 ,2023-05-01 17:37:00,Brasil,SANTA CATARINA,RIO DAS ANTAS,Mata Atlântica
 1628670056 ,bf969a2c-3a9c-3314-9e71-c746a63fc912,  -26.892190 ,  -51.101120 ,2023-05-01 17:37:00,Brasil,SANTA CATARINA,RIO DAS ANTAS,Mata Atlântica
 1628670057 ,fc4fcb18-be70-37cc-936e-1dbdca58f4a2,  -26.908560 ,  -50.501840 ,2023-05-01 17:37:00,Brasil,SANTA CATARINA,SANTA CECÍLIA,Mata Atlântica
 1628670060 ,ad8f16e5-b259-38c9-a0fb-51c341ac9200,  -26.908870 ,  -51.447420 ,2023-05-01 17:37:00,Brasil,SANTA CATARINA,SALTO VELOSO,Mata Atlântica
 1628670061 ,5212b87a-11e0-32e3-a690-c26abf345f1f,  -26.918000 ,  -50.499750 ,2023-05-01 17:37:00,Brasil,SANTA CATARINA,SANTA CECÍLIA,Mata Atlântica
 1628670063 ,524156d6-0af6-3868-af8c-ba311bcf44cd,  -27.009830 ,  -53.231140 ,2023-05-01 17:37:00,Brasil,SANTA CATARINA,CAIBI,Mata Atlântica
 1628670064 ,22f60289-832f-32cf-a0d5-3936ae34958c,  -27.023080 ,  -53.259630 ,2023-05-01 17:37:00,Brasil,SANTA CATARINA,CAIBI,Mata Atlântica
 1628670067 ,dade2eb8-cf22-3ce3-b0c8-0f90f20fe42e,  -27.030620 ,  -53.247950 ,2023-05-01 17:37:00,Brasil,SANTA CATARINA,CAIBI,Mata Atlântica
 1628670069 ,d3211f4e-9a0e-3d31-afb6-50ff061c2780,  -27.032050 ,  -53.257980 ,2023-05-01 17:37:00,Brasil,SANTA CATARINA,CAIBI,Mata Atlântica
 1628670071 ,230a8e02-37d4-318c-8e35-58aaaba64ead,  -27.092640 ,  -50.959940 ,2023-05-01 17:37:00,Brasil,SANTA CATARINA,FRAIBURGO,Mata Atlântica
 1628670072 ,ce782d23-9149-388a-8a3e-4ac2ace1c1eb,  -27.094340 ,  -50.970730 ,2023-05-01 17:37:00,Brasil,SANTA CATARINA,FRAIBURGO,Mata Atlântica
 1628670075 ,2f65deed-d009-31c0-9445-10b41a3fefd9,  -27.102850 ,  -50.861490 ,2023-05-01 17:37:00,Brasil,SANTA CATARINA,FRAIBURGO,Mata Atlântica
 1628670076 ,a1d89614-6be5-36b4-a820-a1ed3a7d9aac,  -27.131630 ,  -51.390800 ,2023-05-01 17:37:00,Brasil,SANTA CATARINA,IBICARÉ,Mata Atlântica
 1628670078 ,9421f3d6-b938-3dc3-9edf-32537a3c251c,  -27.166730 ,  -51.974540 ,2023-05-01 17:37:00,Brasil,SANTA CATARINA,CONCÓRDIA,Mata Atlântica
 1628670079 ,e8b0d627-39b5-3d70-aaaf-8100b29ae677,  -27.168260 ,  -51.984730 ,2023-05-01 17:37:00,Brasil,SANTA CATARINA,CONCÓRDIA,Mata Atlântica
 1628670082 ,9cc3faf9-096a-3680-a50f-0e802a047cff,  -27.194770 ,  -50.803250 ,2023-05-01 17:37:00,Brasil,SANTA CATARINA,FREI ROGÉRIO,Mata Atlântica
 1628670085 ,65d43719-f970-393c-94a6-6002b4824ca7,  -27.202970 ,  -52.590580 ,2023-05-01 17:37:00,Brasil,SANTA CATARINA,CHAPECÓ,Mata Atlântica
 1628670087 ,42325ff3-022a-394c-abf7-01069c7e1683,  -27.204450 ,  -52.600670 ,2023-05-01 17:37:00,Brasil,SANTA CATARINA,CHAPECÓ,Mata Atlântica
 1628670088 ,7af33999-aec6-3ea7-864c-7696114ad9d9,  -27.218780 ,  -50.137740 ,2023-05-01 17:37:00,Brasil,SANTA CATARINA,MIRIM DOCE,Mata Atlântica
 1628670091 ,37979751-eb24-37e6-b4aa-9b863f533d93,  -27.241850 ,  -52.173770 ,2023-05-01 17:37:00,Brasil,SANTA CATARINA,CONCÓRDIA,Mata Atlântica
 1628670092 ,75c17ceb-31a4-3245-ab83-1fb4c3f7aebd,  -27.245640 ,  -51.831070 ,2023-05-01 17:37:00,Brasil,SANTA CATARINA,PRESIDENTE CASTELLO BRANCO,Mata Atlântica
 1628670094 ,b2aeda35-9bff-36ce-811a-92874cce0392,  -27.251680 ,  -50.579660 ,2023-05-01 17:37:00,Brasil,SANTA CATARINA,CURITIBANOS,Mata Atlântica
 1628670095 ,39e9e2e6-ddf9-3680-98fb-c35b5599500b,  -27.253520 ,  -50.590940 ,2023-05-01 17:37:00,Brasil,SANTA CATARINA,CURITIBANOS,Mata Atlântica
 1628670098 ,66fe6cd1-b88b-34f8-85d2-37ef87a8edb9,  -27.336950 ,  -49.855630 ,2023-05-01 17:37:00,Brasil,SANTA CATARINA,TROMBUDO CENTRAL,Mata Atlântica
 1628670100 ,6fc37576-d6ac-3408-9bfb-3797991701e8,  -27.338950 ,  -49.867660 ,2023-05-01 17:37:00,Brasil,SANTA CATARINA,BRAÇO DO TROMBUDO,Mata Atlântica
 1628670102 ,ee7c6d2b-783c-3d2d-8745-34e928bf74b9,  -27.571210 ,  -50.667630 ,2023-05-01 17:37:00,Brasil,SANTA CATARINA,SÃO JOSÉ DO CERRITO,Mata Atlântica
 1628670103 ,8bfc894e-f5fd-33cc-b168-bf02d98e35fa,  -27.573960 ,  -50.564170 ,2023-05-01 17:37:00,Brasil,SANTA CATARINA,SÃO JOSÉ DO CERRITO,Mata Atlântica
 1628670106 ,0199dc96-2713-3482-b7d6-a46789f056d0,  -27.638870 ,  -50.008130 ,2023-05-01 17:37:00,Brasil,SANTA CATARINA,LAGES,Mata Atlântica
 1628670107 ,c8a8489c-12a8-35c5-963c-97f7528108bd,  -27.640800 ,  -50.019810 ,2023-05-01 17:37:00,Brasil,SANTA CATARINA,LAGES,Mata Atlântica
 1628670109 ,2c6a9442-2cbf-39f7-ae4b-021d92faa07c,  -27.658060 ,  -50.447980 ,2023-05-01 17:37:00,Brasil,SANTA CATARINA,CORREIA PINTO,Mata Atlântica
 1628670110 ,7b8fb54a-2b75-348e-a7c1-1b2077922861,  -27.659880 ,  -50.459340 ,2023-05-01 17:37:00,Brasil,SANTA CATARINA,CORREIA PINTO,Mata Atlântica
 1628670114 ,b0318b38-af5c-3887-ad67-d57084d11f95,  -27.663120 ,  -50.720840 ,2023-05-01 17:37:00,Brasil,SANTA CATARINA,SÃO JOSÉ DO CERRITO,Mata Atlântica
 1628670117 ,66f7f5ee-c285-338c-ab68-24d5d7db5361,  -27.686610 ,  -49.492780 ,2023-05-01 17:34:00,Brasil,SANTA CATARINA,BOM RETIRO,Mata Atlântica
 1628670119 ,c8b44e8c-4709-3a21-a6d9-3eb92f717a96,  -27.688670 ,  -49.505170 ,2023-05-01 17:34:00,Brasil,SANTA CATARINA,BOM RETIRO,Mata Atlântica
 1628670122 ,197da62e-52fd-3c12-a4c3-12fbe559e3a3,  -27.866870 ,  -49.707300 ,2023-05-01 17:34:00,Brasil,SANTA CATARINA,RIO RUFINO,Mata Atlântica
 1628670126 ,75a2874f-ba39-3742-bd28-33f4ce30be64,  -27.868860 ,  -49.719210 ,2023-05-01 17:34:00,Brasil,SANTA CATARINA,RIO RUFINO,Mata Atlântica
 1628597558 ,a03a8394-06ee-3f2f-9f03-dbe797b71fa5,  -26.989300 ,  -51.989800 ,2023-04-30 16:54:00,Brasil,SANTA CATARINA,IRANI,Mata Atlântica
 1628765446 ,dcaff15a-415c-3d27-91cf-96463b1c1288,  -27.262800 ,  -50.581840 ,2023-05-02 16:39:00,Brasil,SANTA CATARINA,CURITIBANOS,Mata Atlântica
 1628765462 ,e62edb30-585d-3564-ab3b-88692b8c7555,  -27.653040 ,  -50.015680 ,2023-05-02 16:39:00,Brasil,SANTA CATARINA,LAGES,Mata Atlântica
 1629931331 ,02c0a8a4-6cf4-308e-a25d-901899087eb8,  -26.159330 ,  -50.189980 ,2023-05-12 17:09:00,Brasil,SANTA CATARINA,TRÊS BARRAS,Mata Atlântica
 1630036675 ,e6ff8e31-9f00-3cfc-9749-f4c6cc5269be,  -26.886940 ,  -51.350070 ,2023-05-13 17:49:00,Brasil,SANTA CATARINA,ARROIO TRINTA,Mata Atlântica
 1630036692 ,4890b694-8648-318b-a950-07d5175fd04c,  -26.920190 ,  -50.159330 ,2023-05-13 17:49:00,Brasil,SANTA CATARINA,RIO DO CAMPO,Mata Atlântica
 1630140699 ,16f53c26-1a3f-3b31-9629-6cebd5bc4d03,  -26.259050 ,  -49.629160 ,2023-05-14 16:54:00,Brasil,SANTA CATARINA,MAFRA,Mata Atlântica
 1630140701 ,5d8fcc3d-8777-3cfa-80bd-470c672c2c5f,  -26.261170 ,  -49.651180 ,2023-05-14 16:54:00,Brasil,SANTA CATARINA,MAFRA,Mata Atlântica
 1630245722 ,f52ede27-3758-398d-86ce-d63c6db4c5b0,  -26.328060 ,  -51.021560 ,2023-05-15 17:37:00,Brasil,SANTA CATARINA,PORTO UNIÃO,Mata Atlântica
 1630245725 ,2e7f1301-2a35-3835-983f-21624f356209,  -26.329760 ,  -51.032300 ,2023-05-15 17:37:00,Brasil,SANTA CATARINA,PORTO UNIÃO,Mata Atlântica
 1630245730 ,57b113cf-0f80-3adc-a917-30cc8f27e956,  -26.353270 ,  -51.181880 ,2023-05-15 17:37:00,Brasil,SANTA CATARINA,PORTO UNIÃO,Mata Atlântica
 1630245731 ,e8e46b14-efad-3a09-9a7d-6fdbba40e711,  -26.354950 ,  -51.192650 ,2023-05-15 17:37:00,Brasil,SANTA CATARINA,PORTO UNIÃO,Mata Atlântica
 1630245734 ,3df55ba1-2217-320e-881a-32c4407a7894,  -26.708350 ,  -50.636360 ,2023-05-15 17:37:00,Brasil,SANTA CATARINA,TIMBÓ GRANDE,Mata Atlântica
 1630245737 ,9c86f688-50ee-3bdc-bbd5-e20f51e9c5a1,  -26.710090 ,  -50.647190 ,2023-05-15 17:37:00,Brasil,SANTA CATARINA,TIMBÓ GRANDE,Mata Atlântica
 1630245740 ,b20e3df7-031a-3af0-98fa-06613d4b8e86,  -26.731290 ,  -51.300020 ,2023-05-15 17:37:00,Brasil,SANTA CATARINA,CAÇADOR,Mata Atlântica
 1630245743 ,7c793ecd-e333-304e-9cd9-390a6e10756b,  -26.863330 ,  -51.683550 ,2023-05-15 17:37:00,Brasil,SANTA CATARINA,ÁGUA DOCE,Mata Atlântica
 1630245744 ,695e3221-430c-3ec8-b7c9-cdcad4f178df,  -27.003020 ,  -49.675490 ,2023-05-15 17:34:00,Brasil,SANTA CATARINA,PRESIDENTE GETÚLIO,Mata Atlântica
 1630245746 ,c8bed198-973e-37a8-ab57-fbc5f161c74d,  -27.275780 ,  -50.720190 ,2023-05-15 17:34:00,Brasil,SANTA CATARINA,CURITIBANOS,Mata Atlântica
 1630245747 ,fb4df6ec-db75-3996-8ce3-37f90d7aa268,  -27.277490 ,  -50.730870 ,2023-05-15 17:34:00,Brasil,SANTA CATARINA,CURITIBANOS,Mata Atlântica
 1630245751 ,07dcafd5-fdf4-329e-96ac-a4fc4511688c,  -27.376420 ,  -49.696130 ,2023-05-15 17:34:00,Brasil,SANTA CATARINA,AGRONÔMICA,Mata Atlântica
 1630245757 ,d64d05d2-2f16-395c-9225-cf63878403a4,  -27.768460 ,  -50.610920 ,2023-05-15 17:34:00,Brasil,SANTA CATARINA,LAGES,Mata Atlântica
 1630245758 ,03f48d66-c7cb-33be-aad9-aa8670a8e71d,  -27.805370 ,  -49.813580 ,2023-05-15 17:34:00,Brasil,SANTA CATARINA,BOCAINA DO SUL,Mata Atlântica
 1630245761 ,49ffc373-20fa-3049-8939-a59b99754943,  -27.807330 ,  -49.825500 ,2023-05-15 17:34:00,Brasil,SANTA CATARINA,BOCAINA DO SUL,Mata Atlântica
 1630245762 ,6e388fc4-e298-3405-a4b7-25d6e6edd3f7,  -27.841290 ,  -50.033580 ,2023-05-15 17:34:00,Brasil,SANTA CATARINA,PAINEL,Mata Atlântica
 1630245764 ,82acaacd-fc9d-35d2-99fa-dd189fe08616,  -28.353880 ,  -49.163830 ,2023-05-15 17:34:00,Brasil,SANTA CATARINA,SÃO LUDGERO,Mata Atlântica
 1630245769 ,cb3242e3-f380-39e4-b306-1a8614386c82,  -28.866030 ,  -49.580460 ,2023-05-15 17:34:00,Brasil,SANTA CATARINA,MELEIRO,Mata Atlântica
 1630482165 ,be4a0b82-830a-3d39-9198-6120b20d205e,  -26.047180 ,  -49.126720 ,2023-05-17 17:22:00,Brasil,SANTA CATARINA,CAMPO ALEGRE,Mata Atlântica
 1630482171 ,69f5c3b3-8343-30ba-b5e8-5b12798d3fbb,  -26.182350 ,  -49.300250 ,2023-05-17 17:22:00,Brasil,SANTA CATARINA,CAMPO ALEGRE,Mata Atlântica
 1630482174 ,6366ad54-948b-3048-a461-f4304ae05392,  -26.183790 ,  -49.310170 ,2023-05-17 17:22:00,Brasil,SANTA CATARINA,CAMPO ALEGRE,Mata Atlântica
 1630482202 ,028c862a-324e-3a08-a5f4-854eca55b13c,  -27.479660 ,  -49.172440 ,2023-05-17 17:22:00,Brasil,SANTA CATARINA,MAJOR GERCINO,Mata Atlântica
 1630482183 ,0dcd2e87-6194-3305-aba0-48bcc8988ccc,  -26.552780 ,  -49.828270 ,2023-05-17 17:22:00,Brasil,SANTA CATARINA,ITAIÓPOLIS,Mata Atlântica
 1630482184 ,90eafdd1-46c0-3e3d-9d53-52d6f3f99749,  -26.554190 ,  -49.838320 ,2023-05-17 17:22:00,Brasil,SANTA CATARINA,ITAIÓPOLIS,Mata Atlântica
 1630482186 ,5c2c261e-781a-388c-8dbd-63bb192c0945,  -26.616930 ,  -50.356280 ,2023-05-17 17:22:00,Brasil,SANTA CATARINA,MONTE CASTELO,Mata Atlântica
 1630482187 ,e3906c93-eb2d-333c-b26c-3a27cc06ccf5,  -26.830940 ,  -52.652180 ,2023-05-17 17:22:00,Brasil,SANTA CATARINA,MAREMA,Mata Atlântica
 1630482190 ,a5ee70f3-2fdd-36ab-a6dc-246a1369de78,  -26.872600 ,  -50.542260 ,2023-05-17 17:22:00,Brasil,SANTA CATARINA,SANTA CECÍLIA,Mata Atlântica
 1630482193 ,7c1fd237-aa72-37ef-be04-c20318ac37c3,  -26.874020 ,  -50.552650 ,2023-05-17 17:22:00,Brasil,SANTA CATARINA,SANTA CECÍLIA,Mata Atlântica
 1630482195 ,002b7b53-b02c-325c-98c7-e04406b7cf82,  -26.880300 ,  -50.546090 ,2023-05-17 17:22:00,Brasil,SANTA CATARINA,SANTA CECÍLIA,Mata Atlântica
 1630482196 ,0263c07e-cb37-3387-890e-292a34fd36c7,  -27.255440 ,  -50.657040 ,2023-05-17 17:22:00,Brasil,SANTA CATARINA,CURITIBANOS,Mata Atlântica
 1630482199 ,dac8d9f8-7822-3b90-8b47-6e0cc747bb4d,  -27.279730 ,  -51.272090 ,2023-05-17 17:22:00,Brasil,SANTA CATARINA,CAMPOS NOVOS,Mata Atlântica
 1630482200 ,3d8fab40-0e2f-30ed-98c3-9fb2ab032eee,  -27.281150 ,  -51.283110 ,2023-05-17 17:22:00,Brasil,SANTA CATARINA,CAMPOS NOVOS,Mata Atlântica
 1630482203 ,f359c0ed-4d72-3736-94b5-363dc4f91182,  -27.673120 ,  -50.089240 ,2023-05-17 17:22:00,Brasil,SANTA CATARINA,LAGES,Mata Atlântica
 1630482206 ,f7fbe86b-e534-3d11-b5e9-8a56e0988a90,  -27.978310 ,  -49.246540 ,2023-05-17 17:22:00,Brasil,SANTA CATARINA,SANTA ROSA DE LIMA,Mata Atlântica
 1630482208 ,0be65960-ad28-3847-8c3c-7f1b583e829e,  -28.179180 ,  -49.306480 ,2023-05-17 17:22:00,Brasil,SANTA CATARINA,GRÃO PARÁ,Mata Atlântica
 1630482210 ,8081d1a4-d25a-3a1b-9baa-21744c002414,  -28.188170 ,  -49.304860 ,2023-05-17 17:22:00,Brasil,SANTA CATARINA,GRÃO PARÁ,Mata Atlântica
 1630482211 ,21007cb9-7a58-3a17-a4ed-bf28cad2f36f,  -28.189600 ,  -49.314990 ,2023-05-17 17:22:00,Brasil,SANTA CATARINA,GRÃO PARÁ,Mata Atlântica
 1630482217 ,cab11844-3faf-3aed-a5ff-b1a3007bc9e9,  -28.598930 ,  -49.152730 ,2023-05-17 17:22:00,Brasil,SANTA CATARINA,TREZE DE MAIO,Mata Atlântica
 1630482221 ,99b98ecb-ecc8-3505-9236-6a6a2c9d8626,  -28.614820 ,  -49.528160 ,2023-05-17 17:22:00,Brasil,SANTA CATARINA,SIDERÓPOLIS,Mata Atlântica
 1630482226 ,31cfd93e-8671-3a2d-b3eb-432a24d10eda,  -28.726160 ,  -49.332650 ,2023-05-17 17:22:00,Brasil,SANTA CATARINA,CRICIÚMA,Mata Atlântica
 1631023092 ,e5a670ad-4dbd-3626-8719-2c3bd267170a,  -28.337000 ,  -48.910480 ,2023-05-22 17:34:00,Brasil,SANTA CATARINA,IMARUÍ,Mata Atlântica
 1631023094 ,81ea9acb-c393-3e7c-b49c-9da35d5abc22,  -28.339160 ,  -48.923040 ,2023-05-22 17:34:00,Brasil,SANTA CATARINA,IMARUÍ,Mata Atlântica
 1631023397 ,7ee91da7-46bd-3288-af99-3046c38f1bf0,  -27.794890 ,  -49.668880 ,2023-05-22 17:34:00,Brasil,SANTA CATARINA,BOM RETIRO,Mata Atlântica
 1631113024 ,65bd74aa-35c1-38c3-8a5c-bc6055b5e405,  -26.227100 ,  -49.571280 ,2023-05-23 16:39:00,Brasil,SANTA CATARINA,RIO NEGRINHO,Mata Atlântica
 1631213466 ,b10e5876-7c2f-300f-b9bd-7aaea06899ae,  -26.300410 ,  -49.965530 ,2023-05-24 17:22:00,Brasil,SANTA CATARINA,ITAIÓPOLIS,Mata Atlântica
 1631213473 ,71533b27-4838-3c21-abe7-737cc1e6cf42,  -26.350620 ,  -49.673640 ,2023-05-24 17:22:00,Brasil,SANTA CATARINA,MAFRA,Mata Atlântica
 1631213481 ,aa8b48a4-bddd-36ef-a842-16c8e72cc9b7,  -26.370380 ,  -50.539040 ,2023-05-24 17:22:00,Brasil,SANTA CATARINA,BELA VISTA DO TOLDO,Mata Atlântica
 1631213488 ,8ffabdf3-bd62-3785-8cc7-177fdb006c4a,  -26.390010 ,  -50.965520 ,2023-05-24 17:22:00,Brasil,SANTA CATARINA,PORTO UNIÃO,Mata Atlântica
 1631213497 ,441814df-76a7-3f92-87fa-3e56623a4e9c,  -26.390850 ,  -50.620630 ,2023-05-24 17:22:00,Brasil,SANTA CATARINA,CANOINHAS,Mata Atlântica
 1631213504 ,435de36f-77a1-3b46-95b8-7dc15d94522b,  -26.396840 ,  -50.614220 ,2023-05-24 17:22:00,Brasil,SANTA CATARINA,CANOINHAS,Mata Atlântica
 1631213512 ,c88f3349-fcaa-32dc-8e30-22bff3022408,  -26.422250 ,  -53.020550 ,2023-05-24 17:22:00,Brasil,SANTA CATARINA,SÃO BERNARDINO,Mata Atlântica
 1631213520 ,98c9375b-5d0e-3688-abbc-f6ad50bdfddd,  -26.449790 ,  -51.015620 ,2023-05-24 17:22:00,Brasil,SANTA CATARINA,MATOS COSTA,Mata Atlântica
 1631213529 ,906272c5-72ed-385a-8e1a-5c49ca01c8f4,  -26.451190 ,  -51.026330 ,2023-05-24 17:22:00,Brasil,SANTA CATARINA,MATOS COSTA,Mata Atlântica
 1631213536 ,e304fb9f-288e-3394-a470-0c9f8d3dc7a3,  -26.484290 ,  -53.012720 ,2023-05-24 17:22:00,Brasil,SANTA CATARINA,SÃO BERNARDINO,Mata Atlântica
 1631213544 ,6d4add8b-d627-3544-8b2a-936cccf1a8cf,  -26.494600 ,  -53.011220 ,2023-05-24 17:22:00,Brasil,SANTA CATARINA,SÃO BERNARDINO,Mata Atlântica
 1631213551 ,3f7e13bc-f95a-366d-a073-49a4fb638020,  -26.500660 ,  -49.892280 ,2023-05-24 17:22:00,Brasil,SANTA CATARINA,ITAIÓPOLIS,Mata Atlântica
 1631213560 ,7ad33cde-1159-3c91-a3d5-8ae8611e504b,  -26.523630 ,  -48.768750 ,2023-05-24 17:22:00,Brasil,SANTA CATARINA,ARAQUARI,Mata Atlântica
 1631213567 ,1bc9a8ff-153a-37d0-a20b-0aedda8463b8,  -26.554770 ,  -49.882890 ,2023-05-24 17:22:00,Brasil,SANTA CATARINA,ITAIÓPOLIS,Mata Atlântica
 1631213575 ,93ddb2ba-a8e9-3680-9637-fde7373f1523,  -26.656990 ,  -50.980040 ,2023-05-24 17:22:00,Brasil,SANTA CATARINA,CAÇADOR,Mata Atlântica
 1631213058 ,13c78216-2aa6-3302-8ebb-17340bebf744,  -26.727460 ,  -50.069540 ,2023-05-24 17:22:00,Brasil,SANTA CATARINA,SANTA TEREZINHA,Mata Atlântica
 1631213067 ,39785eb4-1805-3eea-8952-10d408934adb,  -26.797340 ,  -50.984170 ,2023-05-24 17:22:00,Brasil,SANTA CATARINA,CAÇADOR,Mata Atlântica
 1631213074 ,3b2193bc-db24-30e0-957f-2205f0589d33,  -26.840920 ,  -49.829270 ,2023-05-24 17:22:00,Brasil,SANTA CATARINA,VITOR MEIRELES,Mata Atlântica
 1631213082 ,84cc1ad6-ede8-362f-a002-1d4b254449d1,  -26.846360 ,  -50.599130 ,2023-05-24 17:22:00,Brasil,SANTA CATARINA,LEBON RÉGIS,Mata Atlântica
 1631213089 ,39573c3c-d0a4-3861-a665-f153c99dd954,  -26.905220 ,  -50.843690 ,2023-05-24 17:22:00,Brasil,SANTA CATARINA,FRAIBURGO,Mata Atlântica
 1631213097 ,a89d6c53-05aa-32a0-876a-f6b14d90771c,  -26.915240 ,  -50.495270 ,2023-05-24 17:22:00,Brasil,SANTA CATARINA,SANTA CECÍLIA,Mata Atlântica
 1631213109 ,48dde169-7cfb-37ed-b80e-3931dd702912,  -26.980480 ,  -49.902330 ,2023-05-24 17:22:00,Brasil,SANTA CATARINA,DONA EMMA,Mata Atlântica
 1631213112 ,d2b6bb69-7339-3b80-bd0d-3652c4cfe8c6,  -27.023470 ,  -51.690190 ,2023-05-24 17:22:00,Brasil,SANTA CATARINA,CATANDUVAS,Mata Atlântica
 1631213117 ,dea4ce40-d89c-3cd2-8b7a-ad847ce9a0e3,  -27.075240 ,  -51.634250 ,2023-05-24 17:22:00,Brasil,SANTA CATARINA,JOAÇABA,Mata Atlântica
 1631213122 ,9f1d4fae-e537-322d-8796-55e35254faa6,  -27.106820 ,  -50.021540 ,2023-05-24 17:22:00,Brasil,SANTA CATARINA,TAIÓ,Mata Atlântica
 1631213126 ,8ed58253-3514-3fb7-ae00-11d1209b9700,  -27.118470 ,  -49.772240 ,2023-05-24 17:22:00,Brasil,SANTA CATARINA,PRESIDENTE GETÚLIO,Mata Atlântica
 1631213129 ,7431b7de-de66-377c-9fef-b4decb90745a,  -27.186970 ,  -48.705090 ,2023-05-24 17:22:00,Brasil,SANTA CATARINA,TIJUCAS,Mata Atlântica
 1631213133 ,ef5e77d8-1993-3de5-8d63-66cda616123c,  -27.227870 ,  -50.162490 ,2023-05-24 17:22:00,Brasil,SANTA CATARINA,MIRIM DOCE,Mata Atlântica
 1631213137 ,963d6f44-6b89-3920-bff6-f031e015e588,  -27.267560 ,  -50.737730 ,2023-05-24 17:22:00,Brasil,SANTA CATARINA,CURITIBANOS,Mata Atlântica
 1631213141 ,bf862a93-ae63-3d82-8e7c-f4e283acff5a,  -27.302890 ,  -49.446850 ,2023-05-24 17:22:00,Brasil,SANTA CATARINA,PRESIDENTE NEREU,Mata Atlântica
 1631213144 ,66cd737f-0c5a-3f5f-84d8-d83de83ee765,  -27.304310 ,  -49.456910 ,2023-05-24 17:22:00,Brasil,SANTA CATARINA,PRESIDENTE NEREU,Mata Atlântica
 1631213146 ,2ee17920-8173-3874-8073-ec692de4d3d5,  -27.358560 ,  -51.067750 ,2023-05-24 17:22:00,Brasil,SANTA CATARINA,CAMPOS NOVOS,Mata Atlântica
 1631213150 ,06ba7838-3989-31ab-b307-08c5a4a85d9b,  -27.540110 ,  -50.980800 ,2023-05-24 17:22:00,Brasil,SANTA CATARINA,ABDON BATISTA,Mata Atlântica
 1631213153 ,408e863f-fe65-39a7-b43c-6fe16d4ec366,  -27.541540 ,  -50.991730 ,2023-05-24 17:22:00,Brasil,SANTA CATARINA,ABDON BATISTA,Mata Atlântica
 1631213156 ,a8c2f944-453b-3842-86c9-abc8182a9989,  -27.573900 ,  -51.389430 ,2023-05-24 17:22:00,Brasil,SANTA CATARINA,CAMPOS NOVOS,Mata Atlântica
 1631213158 ,1cadd505-d12a-3de7-a25e-4001ff54620f,  -27.575410 ,  -51.401160 ,2023-05-24 17:22:00,Brasil,SANTA CATARINA,CAMPOS NOVOS,Mata Atlântica
 1631213161 ,4aebc019-67a7-3ece-94ce-75f588e668bc,  -27.637370 ,  -50.007910 ,2023-05-24 17:22:00,Brasil,SANTA CATARINA,LAGES,Mata Atlântica
 1631213162 ,5d29bb74-ee31-3f0d-bdaf-d925d6c43e94,  -27.638790 ,  -50.018280 ,2023-05-24 17:22:00,Brasil,SANTA CATARINA,LAGES,Mata Atlântica
 1631213164 ,f89b2ccb-3af7-3ca0-94c4-1e0293e1ce4f,  -27.646460 ,  -50.006310 ,2023-05-24 17:22:00,Brasil,SANTA CATARINA,LAGES,Mata Atlântica
 1631213165 ,4a0c8e22-e6f1-3242-9352-9eaf9a0c8756,  -27.698670 ,  -49.065460 ,2023-05-24 17:22:00,Brasil,SANTA CATARINA,RANCHO QUEIMADO,Mata Atlântica
 1631213168 ,738afc08-9659-31dc-a8ee-62f80d785667,  -27.725440 ,  -50.252940 ,2023-05-24 17:22:00,Brasil,SANTA CATARINA,LAGES,Mata Atlântica
 1631213170 ,b6e94e38-420f-3d78-9d55-28d499ea9203,  -27.774840 ,  -50.341960 ,2023-05-24 17:22:00,Brasil,SANTA CATARINA,LAGES,Mata Atlântica
 1631213172 ,0a6f55f4-2fb7-3bf5-8a0f-27144ea7e84c,  -27.781190 ,  -50.945440 ,2023-05-24 17:22:00,Brasil,SANTA CATARINA,CERRO NEGRO,Mata Atlântica
 1631213173 ,5de3c6a8-ed62-3bde-92a8-b9bc5953036b,  -27.782640 ,  -50.956590 ,2023-05-24 17:22:00,Brasil,SANTA CATARINA,CERRO NEGRO,Mata Atlântica
 1631213176 ,efa95ced-81e1-30ba-af91-2c67207192ab,  -28.067500 ,  -48.879830 ,2023-05-24 17:22:00,Brasil,SANTA CATARINA,PAULO LOPES,Mata Atlântica
 1631213177 ,469e9b88-f55d-34b5-a16c-1f4a1adf0591,  -28.076040 ,  -49.263080 ,2023-05-24 17:22:00,Brasil,SANTA CATARINA,RIO FORTUNA,Mata Atlântica
 1631213179 ,7157b3c2-ea3a-3931-8704-464ab8fb80ca,  -28.129200 ,  -49.378720 ,2023-05-24 17:22:00,Brasil,SANTA CATARINA,GRÃO PARÁ,Mata Atlântica
 1631213180 ,02b034f3-9d1f-38ae-a4b7-f19fa2b83969,  -28.180340 ,  -49.950480 ,2023-05-24 17:22:00,Brasil,SANTA CATARINA,SÃO JOAQUIM,Mata Atlântica
 1631213184 ,0ccdfe50-2530-3076-aa3b-a77bc7603b63,  -28.182920 ,  -49.039170 ,2023-05-24 17:22:00,Brasil,SANTA CATARINA,ARMAZÉM,Mata Atlântica
 1631213187 ,4a275638-52d8-31c4-8d98-69a9b10419b1,  -28.184360 ,  -49.049300 ,2023-05-24 17:22:00,Brasil,SANTA CATARINA,ARMAZÉM,Mata Atlântica
 1631213189 ,48081c35-5576-33bf-9b5b-28b063c97786,  -28.194800 ,  -48.677600 ,2023-05-24 17:22:00,Brasil,SANTA CATARINA,IMBITUBA,Mata Atlântica
 1631213190 ,f1bebaee-1dbe-3596-8854-5a554c7b46c7,  -28.196270 ,  -48.687730 ,2023-05-24 17:22:00,Brasil,SANTA CATARINA,IMBITUBA,Mata Atlântica
 1631213196 ,844b2e05-25be-3797-b090-c02c615cebb5,  -28.281370 ,  -49.088230 ,2023-05-24 17:22:00,Brasil,SANTA CATARINA,BRAÇO DO NORTE,Mata Atlântica
 1631213197 ,70c0b2e3-8eb8-308e-8564-b9b5ac8b365a,  -28.282820 ,  -49.098430 ,2023-05-24 17:22:00,Brasil,SANTA CATARINA,BRAÇO DO NORTE,Mata Atlântica
 1631213200 ,a8460ab4-b2a5-3345-bcf4-c88a25971234,  -28.303130 ,  -49.109160 ,2023-05-24 17:22:00,Brasil,SANTA CATARINA,BRAÇO DO NORTE,Mata Atlântica
 1631213204 ,35593dca-b687-3437-8746-8f8fe3ca02ee,  -28.666400 ,  -49.276700 ,2023-05-24 17:22:00,Brasil,SANTA CATARINA,CRICIÚMA,Mata Atlântica
 1631213205 ,0c57c270-9bf2-3e49-8c20-47672bc7644d,  -28.698090 ,  -49.106500 ,2023-05-24 17:22:00,Brasil,SANTA CATARINA,JAGUARUNA,Mata Atlântica
 1631213210 ,5e275f3a-2c2f-38fa-83f4-62dff7e92614,  -28.822820 ,  -49.479800 ,2023-05-24 17:22:00,Brasil,SANTA CATARINA,FORQUILHINHA,Mata Atlântica
 1631213214 ,60c3ef4f-1199-3858-b637-5a0a473dd0d3,  -28.824240 ,  -49.490200 ,2023-05-24 17:22:00,Brasil,SANTA CATARINA,FORQUILHINHA,Mata Atlântica
 1631213448 ,00ad1cec-4946-3f25-9038-d9fcdccd4db5,  -26.189890 ,  -49.380840 ,2023-05-24 17:22:00,Brasil,SANTA CATARINA,CAMPO ALEGRE,Mata Atlântica
 1631213456 ,f8fd1421-2ebc-37d0-be34-6849ac50cf50,  -26.191320 ,  -49.390790 ,2023-05-24 17:22:00,Brasil,SANTA CATARINA,CAMPO ALEGRE,Mata Atlântica
 1631306582 ,cfd7cd69-3483-369d-be35-dc7fa5c69d08,  -26.861880 ,  -50.818460 ,2023-05-25 18:04:00,Brasil,SANTA CATARINA,LEBON RÉGIS,Mata Atlântica
 1631306586 ,f270681a-ca8f-321d-8c8c-6f47728d5cef,  -27.874410 ,  -51.021240 ,2023-05-25 18:04:00,Brasil,SANTA CATARINA,CERRO NEGRO,Mata Atlântica
 1631306776 ,225912f4-820f-353e-9c80-4c9bae20274f,  -27.873150 ,  -50.990600 ,2023-05-25 18:04:00,Brasil,SANTA CATARINA,CERRO NEGRO,Mata Atlântica
 1631395674 ,443c1268-f92b-3ecb-811e-5001d6a8f128,  -26.821270 ,  -51.261290 ,2023-05-26 17:07:00,Brasil,SANTA CATARINA,MACIEIRA,Mata Atlântica
 1631395675 ,4cf9499b-0baa-3db5-8dd1-b24ab99c5e88,  -26.864220 ,  -50.841780 ,2023-05-26 17:07:00,Brasil,SANTA CATARINA,LEBON RÉGIS,Mata Atlântica
 1631395677 ,79442e7d-6005-3ce6-810d-098f4d708433,  -26.884190 ,  -51.339150 ,2023-05-26 17:07:00,Brasil,SANTA CATARINA,ARROIO TRINTA,Mata Atlântica
 1631395678 ,21d523b0-8843-32af-b5bf-875823a69e16,  -27.584470 ,  -50.664400 ,2023-05-26 17:07:00,Brasil,SANTA CATARINA,SÃO JOSÉ DO CERRITO,Mata Atlântica
 1631395680 ,8086e77f-5d21-37d1-95f8-107cd96c4f27,  -27.823530 ,  -50.988180 ,2023-05-26 17:07:00,Brasil,SANTA CATARINA,CERRO NEGRO,Mata Atlântica
 1631395681 ,c74b64fa-934b-3a5e-bfa0-c197bc2c111d,  -28.179490 ,  -49.071090 ,2023-05-26 17:07:00,Brasil,SANTA CATARINA,ARMAZÉM,Mata Atlântica
 1631878572 ,334133d8-e81b-3348-9b4c-97a925c14bc5,  -29.033280 ,  -49.717660 ,2023-05-31 17:20:00,Brasil,SANTA CATARINA,SOMBRIO,Mata Atlântica
 1631878573 ,05118dcf-ddb6-3c7d-b77f-f5f7c24c9b8b,  -29.266370 ,  -49.807170 ,2023-05-31 17:20:00,Brasil,SANTA CATARINA,SÃO JOÃO DO SUL,Mata Atlântica
 1631970698 ,d1a5d495-b6d7-3123-915e-bf3dfbcb8dc8,  -27.545800 ,  -50.973460 ,2023-06-01 18:02:00,Brasil,SANTA CATARINA,ABDON BATISTA,Mata Atlântica
 1631970706 ,5cef7602-96ce-3d02-98a5-a8bcf6f5506f,  -28.988220 ,  -49.601120 ,2023-06-01 18:02:00,Brasil,SANTA CATARINA,ERMO,Mata Atlântica
 1631970722 ,8d22ed5a-3dcf-31b9-87c9-e2ed6798e0f8,  -28.995210 ,  -49.622680 ,2023-06-01 18:02:00,Brasil,SANTA CATARINA,ERMO,Mata Atlântica
 1632072707 ,d451429f-99f8-316e-b0e5-2e6067615efd,  -28.787670 ,  -49.661690 ,2023-06-02 17:07:00,Brasil,SANTA CATARINA,MELEIRO,Mata Atlântica
 1632213367 ,2c0cb4ac-5eb0-3fc6-8dc9-72e2cb7834bb,  -26.622020 ,  -50.946110 ,2023-06-03 17:49:00,Brasil,SANTA CATARINA,CALMON,Mata Atlântica
 1632213384 ,40c3d6d9-d4e3-3c1c-bdc1-4999a2880ee9,  -28.159660 ,  -49.625420 ,2023-06-03 17:49:00,Brasil,SANTA CATARINA,URUBICI,Mata Atlântica
 1632213390 ,19f850c6-61d7-3a89-ac34-fc875aaf64b9,  -28.171220 ,  -49.622600 ,2023-06-03 17:49:00,Brasil,SANTA CATARINA,BOM JARDIM DA SERRA,Mata Atlântica
 1632213396 ,0270ed57-d8a3-3948-87c4-a1e4e774e7ea,  -27.516180 ,  -49.456770 ,2023-06-03 17:49:00,Brasil,SANTA CATARINA,IMBUIA,Mata Atlântica
 1632213402 ,07d0700e-0614-340f-b24a-6b4eff0c7605,  -27.743000 ,  -49.932640 ,2023-06-03 17:49:00,Brasil,SANTA CATARINA,BOCAINA DO SUL,Mata Atlântica
 1632213408 ,77172ba0-f6b5-3b0e-9246-eb19a4ee107a,  -27.746210 ,  -49.949580 ,2023-06-03 17:49:00,Brasil,SANTA CATARINA,BOCAINA DO SUL,Mata Atlântica
 1632407232 ,1888fd97-781e-3d43-adcd-528f87aa1f77,  -26.301880 ,  -49.960150 ,2023-06-05 17:34:00,Brasil,SANTA CATARINA,ITAIÓPOLIS,Mata Atlântica
 1632407234 ,bffae12d-666f-365d-b642-1aa9de9a6ce6,  -26.303710 ,  -49.971440 ,2023-06-05 17:34:00,Brasil,SANTA CATARINA,ITAIÓPOLIS,Mata Atlântica
 1632407235 ,d2ddd3e0-7cb1-3bc6-879c-010df139cafe,  -26.469190 ,  -50.710600 ,2023-06-05 17:34:00,Brasil,SANTA CATARINA,IRINEÓPOLIS,Mata Atlântica
 1632407238 ,07588d43-0301-37b3-8b1d-2023b68bf579,  -26.568940 ,  -50.292370 ,2023-06-05 17:34:00,Brasil,SANTA CATARINA,MONTE CASTELO,Mata Atlântica
 1632407239 ,42fd809a-4953-30d6-af69-5068d1b4c7fc,  -26.646960 ,  -52.325890 ,2023-06-05 17:34:00,Brasil,SANTA CATARINA,ABELARDO LUZ,Mata Atlântica
 1632407240 ,cfb8eacf-f85c-3965-bc90-26160247eb08,  -26.668020 ,  -51.659480 ,2023-06-05 17:34:00,Brasil,SANTA CATARINA,ÁGUA DOCE,Mata Atlântica
 1632407242 ,a1646bf1-17f4-3c9f-ac59-def5cd6eb5bf,  -26.670450 ,  -52.045070 ,2023-06-05 17:34:00,Brasil,SANTA CATARINA,PASSOS MAIA,Mata Atlântica
 1632407243 ,7be55917-dfe4-36d5-9c10-3dcb05c2a2a0,  -26.877250 ,  -50.092090 ,2023-06-05 17:34:00,Brasil,SANTA CATARINA,RIO DO CAMPO,Mata Atlântica
 1632407244 ,0df6d69e-dd16-3f20-aaba-9fade1ad2bc2,  -26.879020 ,  -50.103070 ,2023-06-05 17:34:00,Brasil,SANTA CATARINA,RIO DO CAMPO,Mata Atlântica
 1632407245 ,b448f87a-0b1a-3ca7-b1fb-0d14adae095b,  -26.947600 ,  -52.438020 ,2023-06-05 17:34:00,Brasil,SANTA CATARINA,XANXERÊ,Mata Atlântica
 1632407246 ,99291976-8427-3723-89d8-bc14f6ee9501,  -27.034220 ,  -53.053170 ,2023-06-05 17:34:00,Brasil,SANTA CATARINA,SÃO CARLOS,Mata Atlântica
 1632407247 ,e862a155-5f27-3bea-a37b-eac2954bc8c0,  -27.258560 ,  -50.575460 ,2023-06-05 17:34:00,Brasil,SANTA CATARINA,CURITIBANOS,Mata Atlântica
 1632407248 ,3313f825-1d41-34a8-ba66-801edd419d65,  -27.260220 ,  -50.586130 ,2023-06-05 17:34:00,Brasil,SANTA CATARINA,CURITIBANOS,Mata Atlântica
 1632407249 ,a391588e-b3af-3014-a949-605e4b3d396b,  -27.541140 ,  -50.973150 ,2023-06-05 17:34:00,Brasil,SANTA CATARINA,ABDON BATISTA,Mata Atlântica
 1632407251 ,ed543ec0-e0d8-3838-b216-e85611023c2c,  -27.641420 ,  -50.012080 ,2023-06-05 17:34:00,Brasil,SANTA CATARINA,LAGES,Mata Atlântica
 1632621511 ,bd85b613-6b2e-36c8-9e67-c763ded5d510,  -27.387220 ,  -50.360910 ,2023-06-07 17:20:00,Brasil,SANTA CATARINA,PONTE ALTA,Mata Atlântica
 1632621515 ,ac489bad-ee59-3dc8-b085-306455344dd4,  -27.572410 ,  -51.244490 ,2023-06-07 17:20:00,Brasil,SANTA CATARINA,CAMPOS NOVOS,Mata Atlântica
 1632621519 ,a1129311-09d4-32e2-8e51-4fc6fe1f3aed,  -27.573860 ,  -51.256140 ,2023-06-07 17:20:00,Brasil,SANTA CATARINA,CAMPOS NOVOS,Mata Atlântica
 1632621523 ,0783385f-01df-39e0-bb61-09f0a0a03729,  -27.606540 ,  -50.345400 ,2023-06-07 17:20:00,Brasil,SANTA CATARINA,CORREIA PINTO,Mata Atlântica
 1632621526 ,2e5707a9-b4a4-3998-8060-08bbac1bc25a,  -27.611370 ,  -50.339080 ,2023-06-07 17:20:00,Brasil,SANTA CATARINA,CORREIA PINTO,Mata Atlântica
 1632621534 ,33e34c6e-71b4-3489-adb3-b60d3d3b028e,  -27.642680 ,  -50.005030 ,2023-06-07 17:20:00,Brasil,SANTA CATARINA,LAGES,Mata Atlântica
 1632621538 ,4db50db8-579c-3fd3-987d-27f9f851ddb3,  -27.644120 ,  -50.015650 ,2023-06-07 17:20:00,Brasil,SANTA CATARINA,LAGES,Mata Atlântica
 1632621541 ,615fe3c4-6744-336f-af69-80e112a12d00,  -27.646610 ,  -50.871610 ,2023-06-07 17:20:00,Brasil,SANTA CATARINA,CERRO NEGRO,Mata Atlântica
 1632621685 ,0afe9a8a-0ad3-309e-ad95-b083f2dbbdb5,  -26.395090 ,  -50.964580 ,2023-06-07 17:20:00,Brasil,SANTA CATARINA,PORTO UNIÃO,Mata Atlântica
 1632621692 ,89916dc4-357f-37f1-a47f-fbf57150764c,  -26.498670 ,  -49.764360 ,2023-06-07 17:20:00,Brasil,SANTA CATARINA,ITAIÓPOLIS,Mata Atlântica
 1632621697 ,a621dbc5-d1d5-35a2-85b8-f27be24ca422,  -26.536200 ,  -53.384480 ,2023-06-07 17:20:00,Brasil,SANTA CATARINA,ANCHIETA,Mata Atlântica
 1632621699 ,1651815d-47bf-37c5-9994-edb5ca15cea7,  -26.611850 ,  -50.743780 ,2023-06-07 17:20:00,Brasil,SANTA CATARINA,TIMBÓ GRANDE,Mata Atlântica
 1632621702 ,2613570b-d99a-32f8-a2a3-39c3689eec2a,  -26.630510 ,  -52.754570 ,2023-06-07 17:20:00,Brasil,SANTA CATARINA,FORMOSA DO SUL,Mata Atlântica
 1632621706 ,b918945e-0bbf-391d-822c-34de2d34a571,  -26.637270 ,  -52.761910 ,2023-06-07 17:20:00,Brasil,SANTA CATARINA,FORMOSA DO SUL,Mata Atlântica
 1632621710 ,0ae80f90-5225-399d-9431-07645a1ac402,  -26.656630 ,  -53.063680 ,2023-06-07 17:20:00,Brasil,SANTA CATARINA,SERRA ALTA,Mata Atlântica
 1632621714 ,7e66f13f-d1ab-3237-b84c-a482f4af7866,  -26.658280 ,  -53.077760 ,2023-06-07 17:20:00,Brasil,SANTA CATARINA,BOM JESUS DO OESTE,Mata Atlântica
 1632621717 ,3ad25795-9e32-3843-a917-62635079f310,  -26.717720 ,  -49.686950 ,2023-06-07 17:20:00,Brasil,SANTA CATARINA,JOSÉ BOITEUX,Mata Atlântica
 1632621722 ,b0c4eae7-4493-3a42-8016-1b0280f02fc3,  -26.719130 ,  -49.697240 ,2023-06-07 17:20:00,Brasil,SANTA CATARINA,JOSÉ BOITEUX,Mata Atlântica
 1632621727 ,62db8955-ab35-3ff2-89dd-0bc8c738175e,  -26.885570 ,  -48.792720 ,2023-06-07 17:20:00,Brasil,SANTA CATARINA,ILHOTA,Mata Atlântica
 1632621731 ,66dd6275-9c89-3f4c-8863-a367c38d5b05,  -27.003630 ,  -49.767420 ,2023-06-07 17:20:00,Brasil,SANTA CATARINA,DONA EMMA,Mata Atlântica
 1632621734 ,23bf4be4-61c7-32e7-8e39-ab80fe4b2324,  -27.052400 ,  -48.801520 ,2023-06-07 17:20:00,Brasil,SANTA CATARINA,ITAJAÍ,Mata Atlântica
 1632621738 ,07571a3a-c4f7-3f59-a686-477dff40ca18,  -27.123040 ,  -51.074420 ,2023-06-07 17:20:00,Brasil,SANTA CATARINA,TANGARÁ,Mata Atlântica
 1632621742 ,08484e30-6251-3fd0-ab58-b8209421ed8f,  -27.251630 ,  -50.652000 ,2023-06-07 17:20:00,Brasil,SANTA CATARINA,CURITIBANOS,Mata Atlântica
 1632621746 ,abfca45a-bc8e-3033-95d0-58571176dd7c,  -27.253050 ,  -50.662910 ,2023-06-07 17:20:00,Brasil,SANTA CATARINA,CURITIBANOS,Mata Atlântica
 1632621749 ,4a14a8c1-1d35-30ce-a5f4-be4fcc11c819,  -27.729210 ,  -49.961870 ,2023-06-07 17:20:00,Brasil,SANTA CATARINA,BOCAINA DO SUL,Mata Atlântica
 1632621753 ,1dee5ce6-1d31-37ab-9c54-f2cf1005ec2c,  -28.113700 ,  -49.974500 ,2023-06-07 17:20:00,Brasil,SANTA CATARINA,SÃO JOAQUIM,Mata Atlântica
 1632621758 ,a848f005-c60e-3e72-8518-0be10d474c5c,  -28.219320 ,  -49.257230 ,2023-06-07 17:20:00,Brasil,SANTA CATARINA,GRÃO PARÁ,Mata Atlântica
 1632621762 ,a7450a09-717b-3f6a-aab7-6931222b2bd4,  -28.220750 ,  -49.267570 ,2023-06-07 17:20:00,Brasil,SANTA CATARINA,GRÃO PARÁ,Mata Atlântica
 1632621776 ,16093e7b-85ac-3c1e-88ab-e88cb5af98d1,  -28.701150 ,  -49.215260 ,2023-06-07 17:20:00,Brasil,SANTA CATARINA,IÇARA,Mata Atlântica
 1632729731 ,9c50b526-31ce-347b-9934-cd8edc919f93,  -26.925620 ,  -51.674290 ,2023-06-08 18:02:00,Brasil,SANTA CATARINA,ÁGUA DOCE,Mata Atlântica
 1632729776 ,a28431e8-3f6a-3f79-99a1-46f61175f235,  -27.260410 ,  -50.584170 ,2023-06-08 18:02:00,Brasil,SANTA CATARINA,CURITIBANOS,Mata Atlântica
 1632729781 ,097f77d0-b06a-36eb-9ffe-35f79ec253c4,  -27.262810 ,  -50.578440 ,2023-06-08 18:02:00,Brasil,SANTA CATARINA,CURITIBANOS,Mata Atlântica
 1632729786 ,a603696f-40f1-3b20-bf61-ddeda5f71a98,  -27.268500 ,  -50.604950 ,2023-06-08 18:02:00,Brasil,SANTA CATARINA,CURITIBANOS,Mata Atlântica
 1632729790 ,2430c6c5-2032-3f10-80cf-4b836c3500ef,  -27.394820 ,  -50.790420 ,2023-06-08 18:02:00,Brasil,SANTA CATARINA,BRUNÓPOLIS,Mata Atlântica
 1632729793 ,0f4f24ae-c2fc-32b1-9b6b-2f1e3f692e9b,  -27.826180 ,  -50.831990 ,2023-06-08 18:02:00,Brasil,SANTA CATARINA,CAMPO BELO DO SUL,Mata Atlântica
 1632729797 ,37d27e31-85cf-349b-b4b2-617279283d2f,  -27.831420 ,  -50.857050 ,2023-06-08 18:02:00,Brasil,SANTA CATARINA,CAMPO BELO DO SUL,Mata Atlântica
 1632729801 ,653f15d5-6b94-3178-989f-2c5cb3253e48,  -27.690610 ,  -49.766080 ,2023-06-08 18:02:00,Brasil,SANTA CATARINA,BOM RETIRO,Mata Atlântica
 1632729805 ,5d245796-b6b1-30a5-9e47-6fa4387c5673,  -27.692180 ,  -49.770190 ,2023-06-08 18:02:00,Brasil,SANTA CATARINA,BOM RETIRO,Mata Atlântica
 1632846307 ,0fdc8a9e-e5b0-3617-bceb-c9f6af3180ac,  -26.639810 ,  -51.939380 ,2023-06-09 17:07:00,Brasil,SANTA CATARINA,PASSOS MAIA,Mata Atlântica
 1632846310 ,b54ef2a2-bb83-3ac8-85e2-e93d8bd280f3,  -26.640160 ,  -51.944400 ,2023-06-09 17:07:00,Brasil,SANTA CATARINA,PASSOS MAIA,Mata Atlântica
 1632846314 ,bc4e8f29-c9cc-3416-9b0e-86c708c7486d,  -26.695160 ,  -50.642570 ,2023-06-09 17:07:00,Brasil,SANTA CATARINA,TIMBÓ GRANDE,Mata Atlântica
 1632846319 ,bf31df56-1c00-36fd-b58b-20238881eac5,  -26.702900 ,  -50.636100 ,2023-06-09 17:07:00,Brasil,SANTA CATARINA,TIMBÓ GRANDE,Mata Atlântica
 1632846323 ,7e8b41f4-7578-3dc7-9343-717d4e02c572,  -26.704740 ,  -50.653660 ,2023-06-09 17:07:00,Brasil,SANTA CATARINA,LEBON RÉGIS,Mata Atlântica
 1632846326 ,8d6000ba-6c67-3065-b1cc-d7405bc2919a,  -26.814930 ,  -49.782950 ,2023-06-09 17:07:00,Brasil,SANTA CATARINA,VITOR MEIRELES,Mata Atlântica
 1632846330 ,9d4c6575-695c-34cf-913a-2a2ce179368e,  -26.836060 ,  -49.872240 ,2023-06-09 17:07:00,Brasil,SANTA CATARINA,VITOR MEIRELES,Mata Atlântica
 1632846334 ,a3187201-da72-3062-bfa3-783275830afb,  -26.837790 ,  -49.887640 ,2023-06-09 17:07:00,Brasil,SANTA CATARINA,VITOR MEIRELES,Mata Atlântica
 1632846338 ,af93a4f0-1d40-3531-add0-2ea8fd555616,  -26.869290 ,  -51.247080 ,2023-06-09 17:07:00,Brasil,SANTA CATARINA,CAÇADOR,Mata Atlântica
 1632846341 ,3aec5121-55bf-3d98-8b4c-0e3b07b96990,  -26.957780 ,  -52.013180 ,2023-06-09 17:07:00,Brasil,SANTA CATARINA,LINDÓIA DO SUL,Mata Atlântica
 1632846345 ,57fa70aa-728c-3ccd-84c1-5f7ca31b5701,  -26.962090 ,  -49.568850 ,2023-06-09 17:07:00,Brasil,SANTA CATARINA,IBIRAMA,Mata Atlântica
 1632846350 ,f5b374ad-3307-3753-aded-7748ee1bbb79,  -26.978460 ,  -50.547120 ,2023-06-09 17:07:00,Brasil,SANTA CATARINA,SANTA CECÍLIA,Mata Atlântica
 1632846354 ,85fa91d1-b4ca-3dbe-abc0-ad80bad17e66,  -26.989980 ,  -50.545640 ,2023-06-09 17:07:00,Brasil,SANTA CATARINA,SANTA CECÍLIA,Mata Atlântica
 1632846357 ,a34baeb8-1f24-3ed8-910f-be54250a4fd1,  -27.005280 ,  -49.563960 ,2023-06-09 17:07:00,Brasil,SANTA CATARINA,IBIRAMA,Mata Atlântica
 1632846361 ,53a1786c-7dde-3adc-ae49-4150530ea619,  -27.006990 ,  -49.578760 ,2023-06-09 17:07:00,Brasil,SANTA CATARINA,IBIRAMA,Mata Atlântica
 1632846366 ,134c8d92-31ce-3988-90c1-1c2b3bd78322,  -27.093870 ,  -51.188890 ,2023-06-09 17:07:00,Brasil,SANTA CATARINA,TANGARÁ,Mata Atlântica
 1632846367 ,8c69832d-fb68-38d1-86b0-fef5faff0d05,  -27.097800 ,  -51.183400 ,2023-06-09 17:07:00,Brasil,SANTA CATARINA,TANGARÁ,Mata Atlântica
 1632846371 ,3ff120da-6ab7-321b-b6ff-af2b851c5655,  -27.391090 ,  -50.789520 ,2023-06-09 17:07:00,Brasil,SANTA CATARINA,BRUNÓPOLIS,Mata Atlântica
 1632846374 ,68ff071c-c88e-340b-b874-237ec303319d,  -27.542370 ,  -50.612290 ,2023-06-09 17:07:00,Brasil,SANTA CATARINA,SÃO JOSÉ DO CERRITO,Mata Atlântica
 1632846377 ,2d3087d5-acc6-3640-9b9c-66297a161a0d,  -27.566520 ,  -51.255480 ,2023-06-09 17:07:00,Brasil,SANTA CATARINA,CAMPOS NOVOS,Mata Atlântica
 1632846379 ,5db793a0-c220-375f-9af7-732b88828ae2,  -27.570370 ,  -51.248300 ,2023-06-09 17:07:00,Brasil,SANTA CATARINA,CAMPOS NOVOS,Mata Atlântica
 1632846381 ,35216cb4-d8c6-3920-821a-5953076ad85b,  -27.571750 ,  -50.555240 ,2023-06-09 17:07:00,Brasil,SANTA CATARINA,SÃO JOSÉ DO CERRITO,Mata Atlântica
 1632846382 ,913a20c7-823c-30be-851c-89730c53571e,  -27.573620 ,  -50.572610 ,2023-06-09 17:07:00,Brasil,SANTA CATARINA,SÃO JOSÉ DO CERRITO,Mata Atlântica
 1632846385 ,307d4eb7-86f6-33fa-8c10-94a0f4651698,  -27.578920 ,  -50.548920 ,2023-06-09 17:07:00,Brasil,SANTA CATARINA,SÃO JOSÉ DO CERRITO,Mata Atlântica
 1632846386 ,5f8119fe-18b8-3e79-9382-e61bb614b88e,  -27.580690 ,  -50.566390 ,2023-06-09 17:07:00,Brasil,SANTA CATARINA,SÃO JOSÉ DO CERRITO,Mata Atlântica
 1632846388 ,6bd08dd1-b3ce-35b4-a02c-1ef89114ba63,  -27.583070 ,  -51.415430 ,2023-06-09 17:07:00,Brasil,SANTA CATARINA,CELSO RAMOS,Mata Atlântica
 1632846389 ,5045340d-6b49-388e-9e9b-ef55379dc1eb,  -27.585870 ,  -51.408410 ,2023-06-09 17:07:00,Brasil,SANTA CATARINA,CAMPOS NOVOS,Mata Atlântica
 1632846393 ,368c5e3b-d510-3ec6-8242-0d1097773d82,  -27.688520 ,  -49.759440 ,2023-06-09 17:07:00,Brasil,SANTA CATARINA,BOM RETIRO,Mata Atlântica
 1632846396 ,df1f1ef7-9dfb-3767-9260-9b389d7e7eb2,  -27.690290 ,  -49.775010 ,2023-06-09 17:07:00,Brasil,SANTA CATARINA,BOM RETIRO,Mata Atlântica
 1632846398 ,6c0c1776-fdee-37b9-a623-306e664d0f2b,  -27.690650 ,  -49.769550 ,2023-06-09 17:07:00,Brasil,SANTA CATARINA,BOM RETIRO,Mata Atlântica
 1632846399 ,63362b19-3046-3799-88e0-91d0d9edd019,  -27.692330 ,  -49.785130 ,2023-06-09 17:07:00,Brasil,SANTA CATARINA,BOM RETIRO,Mata Atlântica
 1632846402 ,5119e9e9-5c34-3061-9bb1-41a7fda3fdba,  -27.729860 ,  -49.924370 ,2023-06-09 17:07:00,Brasil,SANTA CATARINA,BOCAINA DO SUL,Mata Atlântica
 1632846403 ,deb93222-a91f-3fdc-87a1-d622f7041cb9,  -27.731600 ,  -49.940400 ,2023-06-09 17:07:00,Brasil,SANTA CATARINA,BOCAINA DO SUL,Mata Atlântica
 1632846405 ,3475420b-2418-3955-8b38-4f59ffad2145,  -27.746020 ,  -50.484680 ,2023-06-09 17:07:00,Brasil,SANTA CATARINA,SÃO JOSÉ DO CERRITO,Mata Atlântica
 1632846409 ,ffebc928-8a0b-3154-822d-db43c55ca534,  -27.999290 ,  -49.067360 ,2023-06-09 17:07:00,Brasil,SANTA CATARINA,SANTA ROSA DE LIMA,Mata Atlântica
 1632846411 ,ba45f523-5d7c-3b64-a95e-5a67c43e7e25,  -28.035070 ,  -49.005550 ,2023-06-09 17:07:00,Brasil,SANTA CATARINA,SÃO BONIFÁCIO,Mata Atlântica
 1632846413 ,26daf0fe-1a91-3353-986c-e733e9d8863e,  -28.057350 ,  -49.104380 ,2023-06-09 17:07:00,Brasil,SANTA CATARINA,SANTA ROSA DE LIMA,Mata Atlântica
 1632846414 ,90abf9e3-4c7c-399b-96da-212b5caf3414,  -28.063620 ,  -49.111260 ,2023-06-09 17:07:00,Brasil,SANTA CATARINA,RIO FORTUNA,Mata Atlântica
 1632957144 ,ff471e24-fd8f-3ada-a3e7-a191e6c2e107,  -26.211270 ,  -49.472230 ,2023-06-10 17:49:00,Brasil,SANTA CATARINA,SÃO BENTO DO SUL,Mata Atlântica
 1632957148 ,4ceb2456-13cc-32e3-9bf0-bf5dafec6fef,  -26.419790 ,  -50.841830 ,2023-06-10 17:49:00,Brasil,SANTA CATARINA,IRINEÓPOLIS,Mata Atlântica
 1632957151 ,d46ecd3c-96d2-3967-9103-2834488579cd,  -26.426130 ,  -49.854330 ,2023-06-10 17:49:00,Brasil,SANTA CATARINA,ITAIÓPOLIS,Mata Atlântica
 1632957156 ,cf03b551-4485-33b8-88f9-7449c7e96345,  -26.609620 ,  -49.779140 ,2023-06-10 17:49:00,Brasil,SANTA CATARINA,ITAIÓPOLIS,Mata Atlântica
 1632957162 ,27e801d2-746d-3873-ace1-9743c3020f50,  -26.614900 ,  -49.772850 ,2023-06-10 17:49:00,Brasil,SANTA CATARINA,ITAIÓPOLIS,Mata Atlântica
 1632957166 ,552c87c8-eb7d-326a-b925-8061d5f7247d,  -26.751560 ,  -52.477370 ,2023-06-10 17:49:00,Brasil,SANTA CATARINA,IPUAÇU,Mata Atlântica
 1632957169 ,cae77925-21c6-32c9-9c84-792466a2f3cc,  -26.873080 ,  -50.590520 ,2023-06-10 17:49:00,Brasil,SANTA CATARINA,LEBON RÉGIS,Mata Atlântica
 1632957173 ,8981b683-98d3-3625-8045-3cbc13cd39af,  -26.876030 ,  -50.606640 ,2023-06-10 17:49:00,Brasil,SANTA CATARINA,LEBON RÉGIS,Mata Atlântica
 1632957177 ,77ba2591-3953-3cb1-b4ed-e4a7268655ba,  -26.995900 ,  -53.215560 ,2023-06-10 17:49:00,Brasil,SANTA CATARINA,CAIBI,Mata Atlântica
 1632957181 ,b9315a2b-8aa6-3dd5-b748-19d991bea756,  -27.079450 ,  -51.867630 ,2023-06-10 17:49:00,Brasil,SANTA CATARINA,IRANI,Mata Atlântica
 1632957184 ,3aac4cc7-a40a-3d98-8ab0-7fe711a83559,  -27.199300 ,  -51.603110 ,2023-06-10 17:49:00,Brasil,SANTA CATARINA,JOAÇABA,Mata Atlântica
 1632957188 ,b4cd6f01-f785-318c-aa24-3a76cc83e491,  -27.201610 ,  -51.616620 ,2023-06-10 17:49:00,Brasil,SANTA CATARINA,JOAÇABA,Mata Atlântica
 1632957193 ,a5316eaf-a7e6-3455-8c6f-003595b24d57,  -27.208520 ,  -51.608180 ,2023-06-10 17:49:00,Brasil,SANTA CATARINA,JOAÇABA,Mata Atlântica
 1632957197 ,75a4e004-7ddc-3d1f-aecd-a8168141a486,  -27.210840 ,  -51.621330 ,2023-06-10 17:49:00,Brasil,SANTA CATARINA,LACERDÓPOLIS,Mata Atlântica
 1632957200 ,26171d29-dfc3-3e07-a084-9ae6d96629f2,  -27.303690 ,  -51.384920 ,2023-06-10 17:49:00,Brasil,SANTA CATARINA,ERVAL VELHO,Mata Atlântica
 1632957204 ,b63c40ee-8249-3a53-8697-f59c11a63801,  -27.450170 ,  -49.162670 ,2023-06-10 17:49:00,Brasil,SANTA CATARINA,MAJOR GERCINO,Mata Atlântica
 1632957208 ,a7a1c6a5-eb8b-314f-8f81-a9dec4e3311c,  -27.501890 ,  -49.203000 ,2023-06-10 17:49:00,Brasil,SANTA CATARINA,ANGELINA,Mata Atlântica
 1632957212 ,07dcfd5b-a6c4-3a02-92e5-85b86562f44b,  -27.509520 ,  -50.209440 ,2023-06-10 17:49:00,Brasil,SANTA CATARINA,PALMEIRA,Mata Atlântica
 1632957215 ,6cb9cc18-1fb6-3b26-9408-a5d6d4814d2c,  -27.509890 ,  -50.216220 ,2023-06-10 17:49:00,Brasil,SANTA CATARINA,PALMEIRA,Mata Atlântica
 1632957220 ,b683825d-5a72-3887-932a-fa1607f8a8cb,  -27.643740 ,  -50.435680 ,2023-06-10 17:49:00,Brasil,SANTA CATARINA,CORREIA PINTO,Mata Atlântica
 1632957225 ,04d4a315-3c69-390c-afa7-dcbcea5b2577,  -27.643980 ,  -50.441290 ,2023-06-10 17:49:00,Brasil,SANTA CATARINA,CORREIA PINTO,Mata Atlântica
 1632957229 ,259c28ca-8c65-388e-9853-28dea78fe55e,  -27.646690 ,  -50.451520 ,2023-06-10 17:49:00,Brasil,SANTA CATARINA,CORREIA PINTO,Mata Atlântica
 1632957232 ,0419d7bc-873d-3df7-a1d4-f2b729a24973,  -27.738950 ,  -50.007030 ,2023-06-10 17:49:00,Brasil,SANTA CATARINA,BOCAINA DO SUL,Mata Atlântica
 1632957236 ,75ac5255-5c31-3c34-b775-7316ec3a70f7,  -27.741890 ,  -50.023080 ,2023-06-10 17:49:00,Brasil,SANTA CATARINA,BOCAINA DO SUL,Mata Atlântica
 1632957240 ,c65404cd-51d2-3f3a-847f-70a064b4b5b3,  -27.846460 ,  -50.029490 ,2023-06-10 17:49:00,Brasil,SANTA CATARINA,PAINEL,Mata Atlântica
 1632957244 ,044d3c20-8b7e-39a2-86d3-9d9949008e86,  -27.883460 ,  -50.668580 ,2023-06-10 17:49:00,Brasil,SANTA CATARINA,CAMPO BELO DO SUL,Mata Atlântica
 1632957247 ,6f45b25b-1f48-35da-b51b-37958efd20b7,  -28.058430 ,  -49.108000 ,2023-06-10 17:47:00,Brasil,SANTA CATARINA,SANTA ROSA DE LIMA,Mata Atlântica
 1632957251 ,1a184719-021f-343a-b00f-aa9d18a4a31c,  -28.139990 ,  -49.367650 ,2023-06-10 17:47:00,Brasil,SANTA CATARINA,GRÃO PARÁ,Mata Atlântica
 1632957256 ,30b6e65e-d71d-374b-b5d5-df9bcca4bd65,  -28.358050 ,  -49.311040 ,2023-06-10 17:47:00,Brasil,SANTA CATARINA,ORLEANS,Mata Atlântica
 1632957260 ,3034c81b-a685-3499-96ca-46b67e5189bd,  -28.364150 ,  -49.315360 ,2023-06-10 17:47:00,Brasil,SANTA CATARINA,ORLEANS,Mata Atlântica
 1633964157 ,212fb226-4a44-326c-b0f8-4b5ac7976bf8,  -28.178330 ,  -50.086620 ,2023-06-19 17:34:00,Brasil,SANTA CATARINA,SÃO JOAQUIM,Mata Atlântica
 1634952270 ,a8330dc0-9679-3680-8085-f483bfad2d1e,  -26.658150 ,  -51.669920 ,2023-06-26 17:32:00,Brasil,SANTA CATARINA,ÁGUA DOCE,Mata Atlântica
 1634952391 ,07935402-7da7-32b4-a552-7b3e78f9d2d7,  -28.740310 ,  -49.125930 ,2023-06-26 17:32:00,Brasil,SANTA CATARINA,JAGUARUNA,Mata Atlântica
 1635143934 ,e2c99f1d-1547-3edf-886c-ba6d51e240e0,  -26.094540 ,  -49.201810 ,2023-06-28 17:20:00,Brasil,SANTA CATARINA,CAMPO ALEGRE,Mata Atlântica
 1635143936 ,dd556d63-7f98-322c-b817-7995de953223,  -26.215620 ,  -50.601290 ,2023-06-28 17:20:00,Brasil,SANTA CATARINA,CANOINHAS,Mata Atlântica
 1635143938 ,a1398e47-f338-39d3-9908-a7a42e5a212d,  -26.593280 ,  -48.877750 ,2023-06-28 17:20:00,Brasil,SANTA CATARINA,MASSARANDUBA,Mata Atlântica
 1635143940 ,02f13edc-a7d2-33a3-b152-16679be225c6,  -26.804000 ,  -51.335250 ,2023-06-28 17:20:00,Brasil,SANTA CATARINA,MACIEIRA,Mata Atlântica
 1635143942 ,de76c23a-fa19-3314-b7fe-8588c58ece85,  -26.817820 ,  -51.281910 ,2023-06-28 17:20:00,Brasil,SANTA CATARINA,MACIEIRA,Mata Atlântica
 1635143943 ,bcb63183-6897-3ed3-a87d-44ca7b0b427a,  -26.818780 ,  -51.288200 ,2023-06-28 17:20:00,Brasil,SANTA CATARINA,MACIEIRA,Mata Atlântica
 1635143945 ,54e5a0b9-3fd3-3d3a-a3d0-9ba1abb8ef2e,  -26.819420 ,  -51.294770 ,2023-06-28 17:20:00,Brasil,SANTA CATARINA,MACIEIRA,Mata Atlântica
 1635143947 ,f6c0a2fb-a7f1-3d72-b8b2-ba904279b830,  -26.820290 ,  -51.300920 ,2023-06-28 17:20:00,Brasil,SANTA CATARINA,MACIEIRA,Mata Atlântica
 1635143949 ,b0f1eb38-026f-3391-9e3a-faca66a41d48,  -26.926770 ,  -51.177040 ,2023-06-28 17:20:00,Brasil,SANTA CATARINA,VIDEIRA,Mata Atlântica
 1635143950 ,0b715831-b242-37eb-aa82-53c09d4b91e3,  -27.250110 ,  -50.668630 ,2023-06-28 17:20:00,Brasil,SANTA CATARINA,CURITIBANOS,Mata Atlântica
 1635143951 ,8561e383-2cd5-397b-925c-90e37c405bbc,  -27.542890 ,  -50.976780 ,2023-06-28 17:20:00,Brasil,SANTA CATARINA,ABDON BATISTA,Mata Atlântica
 1635143953 ,0a690dd6-f870-3a5a-865c-41091b77e862,  -28.277250 ,  -49.104790 ,2023-06-28 17:20:00,Brasil,SANTA CATARINA,BRAÇO DO NORTE,Mata Atlântica
 1635143955 ,20a6c195-5967-3d06-b10d-efecb4875158,  -28.383980 ,  -50.458320 ,2023-06-28 17:20:00,Brasil,SANTA CATARINA,LAGES,Mata Atlântica
 1635143956 ,aba72586-37da-33a2-b90c-afd52afb4b3d,  -28.738630 ,  -49.128220 ,2023-06-28 17:17:00,Brasil,SANTA CATARINA,JAGUARUNA,Mata Atlântica
 1635876454 ,691ed747-e8b2-3cd3-bc78-15a321c66d6d,  -28.391610 ,  -49.133490 ,2023-07-03 17:32:00,Brasil,SANTA CATARINA,SÃO LUDGERO,Mata Atlântica
 1636195070 ,69019d98-e1d6-397c-8f25-1d7c20e6034b,  -26.730620 ,  -53.019990 ,2023-07-05 17:17:00,Brasil,SANTA CATARINA,SERRA ALTA,Mata Atlântica
 1636195073 ,fc4f1544-4799-3eca-90e4-a3e3e39b39f0,  -26.732310 ,  -53.036010 ,2023-07-05 17:17:00,Brasil,SANTA CATARINA,SERRA ALTA,Mata Atlântica
 1636195121 ,57d62675-c9c4-30b5-8e51-bffd4f4b110b,  -28.272540 ,  -49.251380 ,2023-07-05 17:17:00,Brasil,SANTA CATARINA,ORLEANS,Mata Atlântica
 1636195126 ,96cb16b3-394b-3841-9674-49b2d46ce608,  -28.334060 ,  -49.876630 ,2023-07-05 17:17:00,Brasil,SANTA CATARINA,SÃO JOAQUIM,Mata Atlântica
 1636195131 ,32cdfaf1-170e-300a-972f-368949a9ee26,  -28.659140 ,  -49.146140 ,2023-07-05 17:17:00,Brasil,SANTA CATARINA,SANGÃO,Mata Atlântica
 1636195135 ,73bcaf70-4db6-35a8-a50f-9449a2ca2929,  -28.839950 ,  -49.384760 ,2023-07-05 17:17:00,Brasil,SANTA CATARINA,ARARANGUÁ,Mata Atlântica
 1636195138 ,c43d3a70-4e35-38f3-ad19-6814ead94b2c,  -28.843230 ,  -49.378690 ,2023-07-05 17:17:00,Brasil,SANTA CATARINA,ARARANGUÁ,Mata Atlântica
 1636195142 ,e1bcea31-0b78-35b3-8ab6-0dc9b30ada00,  -26.963380 ,  -49.565060 ,2023-07-05 17:17:00,Brasil,SANTA CATARINA,IBIRAMA,Mata Atlântica
 1636195513 ,d0d1b99d-0354-34b3-b683-1e2e09092780,  -28.346930 ,  -50.216900 ,2023-07-05 17:17:00,Brasil,SANTA CATARINA,SÃO JOAQUIM,Mata Atlântica
 1636195525 ,c8560c74-b7fb-3c65-91e8-07f3a466a4c8,  -26.899450 ,  -50.845770 ,2023-07-05 17:17:00,Brasil,SANTA CATARINA,FRAIBURGO,Mata Atlântica
 1636195532 ,d3ed1e35-b4f3-38e1-987a-a569f09ad7b9,  -26.917120 ,  -50.489250 ,2023-07-05 17:17:00,Brasil,SANTA CATARINA,SANTA CECÍLIA,Mata Atlântica
 1636195538 ,7ecd5fef-4df3-3b9c-8ff0-bc53b70ed737,  -26.955380 ,  -49.993530 ,2023-07-05 17:17:00,Brasil,SANTA CATARINA,SALETE,Mata Atlântica
 1636195567 ,15961766-8654-3b89-b740-c7bc84612fee,  -26.295030 ,  -49.990930 ,2023-07-05 17:17:00,Brasil,SANTA CATARINA,ITAIÓPOLIS,Mata Atlântica
 1636387436 ,dd031349-76f9-3c4b-b2d6-ba92dfc63197,  -26.351250 ,  -49.874310 ,2023-07-06 17:58:00,Brasil,SANTA CATARINA,ITAIÓPOLIS,Mata Atlântica
 1636387440 ,29e6057e-34d4-3972-b3c6-851e24bfae64,  -26.921640 ,  -50.505660 ,2023-07-06 17:58:00,Brasil,SANTA CATARINA,SANTA CECÍLIA,Mata Atlântica
 1636387473 ,e3172e7c-0b7d-361f-8749-004323efa824,  -27.048850 ,  -51.223350 ,2023-07-06 17:58:00,Brasil,SANTA CATARINA,PINHEIRO PRETO,Mata Atlântica
 1636387504 ,46ac6e04-c7a8-3f21-ba8e-f0ab8ff0698a,  -27.050010 ,  -51.215760 ,2023-07-06 17:58:00,Brasil,SANTA CATARINA,PINHEIRO PRETO,Mata Atlântica
 1636387532 ,7de631ca-a222-3311-9945-5263828fd99c,  -27.054030 ,  -51.235800 ,2023-07-06 17:58:00,Brasil,SANTA CATARINA,PINHEIRO PRETO,Mata Atlântica
 1636387556 ,56fd2c14-a35c-3e2d-9c6f-09717cbf80b3,  -26.588210 ,  -50.901230 ,2023-07-06 17:58:00,Brasil,SANTA CATARINA,CALMON,Mata Atlântica
 1636387557 ,fe84d1ae-6c3a-3d3e-8d86-94bc7e8012ec,  -27.538480 ,  -50.609360 ,2023-07-06 17:58:00,Brasil,SANTA CATARINA,SÃO JOSÉ DO CERRITO,Mata Atlântica
 1636387570 ,cc0af95b-5267-38b6-a883-354e2032a27e,  -27.543040 ,  -50.632040 ,2023-07-06 17:58:00,Brasil,SANTA CATARINA,SÃO JOSÉ DO CERRITO,Mata Atlântica
 1636387585 ,dc80845b-2f20-3a69-bb57-5020b013fbd4,  -26.917820 ,  -50.498550 ,2023-07-06 17:58:00,Brasil,SANTA CATARINA,SANTA CECÍLIA,Mata Atlântica
 1636387586 ,9cfcb654-525b-3a42-8117-fdac261ae239,  -27.804610 ,  -50.750770 ,2023-07-06 17:58:00,Brasil,SANTA CATARINA,CAMPO BELO DO SUL,Mata Atlântica
 1636387601 ,3d93e8f2-9459-3290-b968-82096c3b818d,  -28.184400 ,  -49.952830 ,2023-07-06 17:58:00,Brasil,SANTA CATARINA,SÃO JOAQUIM,Mata Atlântica
 1636556020 ,97f973f7-378d-327e-9876-ec7d7bc0cc2a,  -26.057420 ,  -50.215840 ,2023-07-07 17:05:00,Brasil,SANTA CATARINA,TRÊS BARRAS,Mata Atlântica
 1636556023 ,d6d1e85e-a475-3c97-96e1-315193571233,  -26.656930 ,  -51.285720 ,2023-07-07 17:05:00,Brasil,SANTA CATARINA,CAÇADOR,Mata Atlântica
 1636556024 ,0157f1ed-318a-3076-a6d7-05cf6611b919,  -27.076310 ,  -51.619490 ,2023-07-07 17:05:00,Brasil,SANTA CATARINA,JOAÇABA,Mata Atlântica
 1636556026 ,6bab7569-b114-33c6-b610-d30b1e811c9c,  -27.078490 ,  -51.643260 ,2023-07-07 17:05:00,Brasil,SANTA CATARINA,CATANDUVAS,Mata Atlântica
 1639152451 ,0ed64822-d037-34f3-bfcf-d70298ea765f,  -27.469780 ,  -51.210910 ,2023-07-20 17:56:00,Brasil,SANTA CATARINA,CAMPOS NOVOS,Mata Atlântica
 1639221574 ,5b6625c7-a15a-321e-a809-868e7bf59983,  -26.658670 ,  -51.577240 ,2023-07-21 17:02:00,Brasil,SANTA CATARINA,ÁGUA DOCE,Mata Atlântica
 1639221575 ,accc7c21-6a4e-3762-ae99-24e16742d1ba,  -26.663310 ,  -51.569580 ,2023-07-21 17:02:00,Brasil,SANTA CATARINA,ÁGUA DOCE,Mata Atlântica
 1639221576 ,b7a9647a-93ce-3caa-adb0-58f1b07c4140,  -26.665640 ,  -51.596610 ,2023-07-21 17:02:00,Brasil,SANTA CATARINA,ÁGUA DOCE,Mata Atlântica
 1639222057 ,f9b6bf12-e65a-3161-bde1-58cc549dc291,  -28.724580 ,  -49.128740 ,2023-07-21 17:00:00,Brasil,SANTA CATARINA,JAGUARUNA,Mata Atlântica
 1639222058 ,0ac503f7-8bba-3ed1-98f2-dec666527763,  -28.726510 ,  -49.148360 ,2023-07-21 17:00:00,Brasil,SANTA CATARINA,JAGUARUNA,Mata Atlântica
 1639441941 ,6227a6ef-47cf-301b-b07b-ae8c9ac48fd8,  -27.167030 ,  -51.898270 ,2023-07-22 17:41:00,Brasil,SANTA CATARINA,CONCÓRDIA,Mata Atlântica
 1639441960 ,9bf66ab7-b44d-322d-ac3f-d6e0b3207540,  -28.108100 ,  -50.052200 ,2023-07-22 17:41:00,Brasil,SANTA CATARINA,SÃO JOAQUIM,Mata Atlântica
 1639441965 ,72f8a68b-2ee0-30ae-87c4-97369daa00aa,  -28.246410 ,  -50.196130 ,2023-07-22 17:41:00,Brasil,SANTA CATARINA,SÃO JOAQUIM,Mata Atlântica
 1639441974 ,a396bc80-2b11-3955-a387-4a9a7d43b26e,  -28.254730 ,  -50.502420 ,2023-07-22 17:41:00,Brasil,SANTA CATARINA,LAGES,Mata Atlântica
 1639441975 ,0adce757-8bc2-3dc7-b009-719def4dffbf,  -28.256740 ,  -50.495390 ,2023-07-22 17:41:00,Brasil,SANTA CATARINA,LAGES,Mata Atlântica
 1639441988 ,fd1cd4ca-c483-32df-b890-4c0549330462,  -28.381370 ,  -50.211700 ,2023-07-22 17:41:00,Brasil,SANTA CATARINA,SÃO JOAQUIM,Mata Atlântica
 1639441993 ,20abee3d-9421-3898-9f10-73ae73a63c73,  -28.383440 ,  -50.224130 ,2023-07-22 17:41:00,Brasil,SANTA CATARINA,SÃO JOAQUIM,Mata Atlântica
 1639442018 ,22a24f03-7dd2-3d66-bf6b-d0a31dc59042,  -28.786760 ,  -49.754180 ,2023-07-22 17:41:00,Brasil,SANTA CATARINA,MORRO GRANDE,Mata Atlântica
 1639443418 ,33c664ba-df7f-3849-9cac-6b8d14b13bc3,  -26.906940 ,  -53.520650 ,2023-07-22 17:41:00,Brasil,SANTA CATARINA,DESCANSO,Mata Atlântica
 1639443432 ,2fc2946a-b310-3d1a-a61a-6d606abf7af5,  -27.103400 ,  -51.677690 ,2023-07-22 17:41:00,Brasil,SANTA CATARINA,CATANDUVAS,Mata Atlântica
 1639443440 ,8aebeca1-928a-3525-b07d-d8be6d022f31,  -27.165360 ,  -51.887610 ,2023-07-22 17:41:00,Brasil,SANTA CATARINA,CONCÓRDIA,Mata Atlântica
 1639878170 ,23b7048c-b025-3718-a03a-8c8ef9028bf3,  -26.511940 ,  -52.783130 ,2023-07-24 17:28:00,Brasil,SANTA CATARINA,SÃO LOURENÇO DO OESTE,Mata Atlântica
 1639878173 ,64f98392-07b9-337a-8e75-33702c0ba463,  -26.536390 ,  -49.758370 ,2023-07-24 17:28:00,Brasil,SANTA CATARINA,ITAIÓPOLIS,Mata Atlântica
 1639878177 ,b9135e00-10ca-39c2-b003-fb231c3fc8d3,  -26.885540 ,  -51.507470 ,2023-07-24 17:28:00,Brasil,SANTA CATARINA,TREZE TÍLIAS,Mata Atlântica
 1639878182 ,31206291-cdd8-34f7-aae8-8ce9e4cc71bb,  -26.909730 ,  -53.114930 ,2023-07-24 17:28:00,Brasil,SANTA CATARINA,CUNHA PORÃ,Mata Atlântica
 1639878188 ,55455bbd-4109-3712-be9d-b5079f2653ac,  -26.952950 ,  -52.578250 ,2023-07-24 17:28:00,Brasil,SANTA CATARINA,XAXIM,Mata Atlântica
 1639878195 ,60d717fe-79d9-3b83-8c43-f9d88aaf1cd6,  -27.309860 ,  -52.012240 ,2023-07-24 17:28:00,Brasil,SANTA CATARINA,CONCÓRDIA,Mata Atlântica
 1639878201 ,fde2a6dd-61a4-3a0f-abaf-78891da99164,  -27.614620 ,  -50.403840 ,2023-07-24 17:28:00,Brasil,SANTA CATARINA,CORREIA PINTO,Mata Atlântica
 1639878205 ,ece4b56b-bd1f-3f4d-8474-bc29fc4ad5c5,  -27.616050 ,  -50.413940 ,2023-07-24 17:28:00,Brasil,SANTA CATARINA,CORREIA PINTO,Mata Atlântica
 1639878209 ,e521ebfa-d1cd-3e26-81db-99f72e387b79,  -27.683470 ,  -50.301980 ,2023-07-24 17:28:00,Brasil,SANTA CATARINA,LAGES,Mata Atlântica
 1639878212 ,c8fbe120-900e-3fe2-aa2b-146f23513d42,  -27.737320 ,  -50.296810 ,2023-07-24 17:28:00,Brasil,SANTA CATARINA,LAGES,Mata Atlântica
 1639878217 ,d892fa1d-ea86-3857-aa5c-257eeb0481ed,  -27.738750 ,  -50.306910 ,2023-07-24 17:28:00,Brasil,SANTA CATARINA,CORREIA PINTO,Mata Atlântica
 1639878222 ,e05ba220-18f7-3925-b16f-1e9565b7e7a9,  -27.746280 ,  -50.295170 ,2023-07-24 17:28:00,Brasil,SANTA CATARINA,LAGES,Mata Atlântica
 1639878226 ,0dd6849a-90f3-3a2b-9673-0e126d94b233,  -27.807230 ,  -50.267230 ,2023-07-24 17:28:00,Brasil,SANTA CATARINA,LAGES,Mata Atlântica
 1639878229 ,9895627b-05d1-37bf-b3a5-9c0b7dc1f551,  -27.885800 ,  -50.367090 ,2023-07-24 17:28:00,Brasil,SANTA CATARINA,LAGES,Mata Atlântica
 1639878237 ,a25c574f-b891-3bb2-9887-13eeb9f37713,  -27.905860 ,  -50.253790 ,2023-07-24 17:28:00,Brasil,SANTA CATARINA,LAGES,Mata Atlântica
 1639878248 ,76ba512b-42a9-3aa2-ac85-2fcd0b98d82e,  -27.997630 ,  -49.053360 ,2023-07-24 17:28:00,Brasil,SANTA CATARINA,SANTA ROSA DE LIMA,Mata Atlântica
 1639878257 ,3573eaef-2a73-3932-b40c-177171cf0d5d,  -28.114600 ,  -49.160990 ,2023-07-24 17:28:00,Brasil,SANTA CATARINA,RIO FORTUNA,Mata Atlântica
 1639878260 ,039e31c6-1742-37ec-8679-a1d0a2f6edd8,  -28.116130 ,  -49.171210 ,2023-07-24 17:28:00,Brasil,SANTA CATARINA,RIO FORTUNA,Mata Atlântica
 1639878264 ,f8527687-a561-35a9-9416-365852564ea9,  -28.128750 ,  -50.597340 ,2023-07-24 17:28:00,Brasil,SANTA CATARINA,CAPÃO ALTO,Mata Atlântica
 1639878268 ,50e290a7-cdd5-376f-bd5f-4472c1ef967f,  -28.131440 ,  -50.158570 ,2023-07-24 17:28:00,Brasil,SANTA CATARINA,PAINEL,Mata Atlântica
 1639878578 ,ffdba693-ac9a-367c-9ba7-65470efed3cc,  -28.132210 ,  -49.902870 ,2023-07-24 17:28:00,Brasil,SANTA CATARINA,SÃO JOAQUIM,Mata Atlântica
 1639878579 ,bde068ea-96ed-3a37-a013-d00e032f0c33,  -28.133660 ,  -49.912960 ,2023-07-24 17:28:00,Brasil,SANTA CATARINA,SÃO JOAQUIM,Mata Atlântica
 1639878581 ,e6a00d16-1dc8-39de-97fc-f2a3951e11b2,  -28.140090 ,  -50.150570 ,2023-07-24 17:28:00,Brasil,SANTA CATARINA,PAINEL,Mata Atlântica
 1639878582 ,25e8c2cd-24a9-3fab-ab9c-c6c45a499f1a,  -28.140680 ,  -50.025790 ,2023-07-24 17:28:00,Brasil,SANTA CATARINA,SÃO JOAQUIM,Mata Atlântica
 1639878585 ,a39f82a8-24dc-30b1-8f6b-1bce9d8c9b7d,  -28.141520 ,  -50.160660 ,2023-07-24 17:28:00,Brasil,SANTA CATARINA,PAINEL,Mata Atlântica
 1639878587 ,4c645072-d3a4-3c26-9ad2-d556d9a1933d,  -28.190990 ,  -50.712680 ,2023-07-24 17:28:00,Brasil,SANTA CATARINA,CAPÃO ALTO,Mata Atlântica
 1639878589 ,76b22491-96fc-335f-a47e-0b9e27d99416,  -28.247370 ,  -50.197940 ,2023-07-24 17:28:00,Brasil,SANTA CATARINA,SÃO JOAQUIM,Mata Atlântica
 1639878593 ,c49eaf37-9238-3dc6-bd46-421b2a97696c,  -28.299430 ,  -50.240600 ,2023-07-24 17:28:00,Brasil,SANTA CATARINA,LAGES,Mata Atlântica
 1639878594 ,5002f3e5-5871-35ce-ae12-1a1744cb77d8,  -28.338050 ,  -50.185130 ,2023-07-24 17:28:00,Brasil,SANTA CATARINA,SÃO JOAQUIM,Mata Atlântica
 1639878596 ,fba20972-09ef-33f1-b288-a7ca3e821f5e,  -28.339490 ,  -50.195320 ,2023-07-24 17:28:00,Brasil,SANTA CATARINA,SÃO JOAQUIM,Mata Atlântica
 1639878597 ,03a0944d-a7a9-3694-af4c-f972efd43c3c,  -28.360210 ,  -49.889560 ,2023-07-24 17:28:00,Brasil,SANTA CATARINA,SÃO JOAQUIM,Mata Atlântica
 1639878601 ,274de17c-8fc7-3aac-8f20-3c2eec7267c2,  -28.393270 ,  -50.447030 ,2023-07-24 17:28:00,Brasil,SANTA CATARINA,LAGES,Mata Atlântica
 1639878606 ,a3d3266b-7134-36e6-9d40-cc28be58f746,  -28.405140 ,  -50.465980 ,2023-07-24 17:28:00,Brasil,SANTA CATARINA,LAGES,Mata Atlântica
 1639878607 ,c50d5037-3269-303c-81e3-59feec4fd451,  -28.411240 ,  -50.182080 ,2023-07-24 17:28:00,Brasil,SANTA CATARINA,SÃO JOAQUIM,Mata Atlântica
 1639878611 ,852ad02c-dfc1-364a-bf6c-2db9734596b7,  -28.535860 ,  -49.079330 ,2023-07-24 17:28:00,Brasil,SANTA CATARINA,TUBARÃO,Mata Atlântica
 1639878626 ,9fea4665-fe1b-3f7b-810a-5b00fab426e1,  -28.636650 ,  -49.322340 ,2023-07-24 17:28:00,Brasil,SANTA CATARINA,MORRO DA FUMAÇA,Mata Atlântica
 1639878628 ,1426b6be-f688-3a5d-914c-e2799ff72a1f,  -28.638150 ,  -49.332530 ,2023-07-24 17:28:00,Brasil,SANTA CATARINA,MORRO DA FUMAÇA,Mata Atlântica
 1639878641 ,2e2d1b90-6ac0-3776-9cfc-7ede19dd1493,  -28.774980 ,  -49.199320 ,2023-07-24 17:26:00,Brasil,SANTA CATARINA,JAGUARUNA,Mata Atlântica
 1640085951 ,d08f6e65-830b-3700-8c6c-e5467db85eb4,  -27.033940 ,  -53.258120 ,2023-07-25 18:09:00,Brasil,SANTA CATARINA,CAIBI,Mata Atlântica
 1640085953 ,d35d579b-f2f7-3077-ad58-ff57ba2976c6,  -27.038180 ,  -53.279370 ,2023-07-25 18:09:00,Brasil,SANTA CATARINA,CAIBI,Mata Atlântica
 1640473608 ,cd3c2984-9903-3075-ac1b-9e1706ba7c80,  -28.242870 ,  -50.055690 ,2023-07-29 17:41:00,Brasil,SANTA CATARINA,SÃO JOAQUIM,Mata Atlântica
 1640473609 ,299139b2-5681-355e-994c-18d7201d31fc,  -28.142860 ,  -49.761930 ,2023-07-29 17:41:00,Brasil,SANTA CATARINA,URUBICI,Mata Atlântica
 1640473652 ,2c05e046-ef63-3111-a73d-02777759b8b1,  -28.358120 ,  -50.378330 ,2023-07-29 17:41:00,Brasil,SANTA CATARINA,LAGES,Mata Atlântica
 1640828705 ,77f4ba76-d03a-3793-84bf-88087848bd5d,  -26.789130 ,  -50.805350 ,2023-07-31 17:26:00,Brasil,SANTA CATARINA,LEBON RÉGIS,Mata Atlântica
 1640828706 ,27b7c0fd-910d-39b3-9537-450cb0956464,  -26.716220 ,  -51.494260 ,2023-07-31 17:26:00,Brasil,SANTA CATARINA,ÁGUA DOCE,Mata Atlântica
 1640828911 ,e5bb28a9-955f-3bc2-8af3-df37c8b6d426,  -28.771180 ,  -49.730450 ,2023-07-31 17:26:00,Brasil,SANTA CATARINA,MORRO GRANDE,Mata Atlântica
 1640828918 ,f22ed13d-0e66-3078-86c6-bf617c2612d9,  -28.342370 ,  -50.212310 ,2023-07-31 17:26:00,Brasil,SANTA CATARINA,SÃO JOAQUIM,Mata Atlântica
 1640828919 ,f9530ced-deef-3c58-a6cf-0c9f835b64c2,  -28.226210 ,  -50.503410 ,2023-07-31 17:26:00,Brasil,SANTA CATARINA,LAGES,Mata Atlântica
 1640828920 ,68fc0463-e9e7-3bc1-bb4f-abd3f2dabc04,  -28.224800 ,  -50.493020 ,2023-07-31 17:26:00,Brasil,SANTA CATARINA,LAGES,Mata Atlântica
 1640828921 ,c6005de7-722d-3dbb-9b6b-469032f768db,  -28.210610 ,  -48.906230 ,2023-07-31 17:26:00,Brasil,SANTA CATARINA,IMARUÍ,Mata Atlântica
 1640828922 ,306ac028-6e3e-348b-a35e-862a99f00f80,  -28.209070 ,  -48.895870 ,2023-07-31 17:26:00,Brasil,SANTA CATARINA,IMARUÍ,Mata Atlântica
 1640828923 ,93894718-f767-3070-b56e-7d7df9afeaf4,  -28.131810 ,  -50.021180 ,2023-07-31 17:26:00,Brasil,SANTA CATARINA,SÃO JOAQUIM,Mata Atlântica
 1640828924 ,354b556a-f80f-3425-84b0-61c551b64425,  -28.122830 ,  -50.022810 ,2023-07-31 17:26:00,Brasil,SANTA CATARINA,SÃO JOAQUIM,Mata Atlântica
 1640828925 ,6c7d3827-0946-30f5-be1c-100ce93c33a4,  -28.121390 ,  -50.012600 ,2023-07-31 17:26:00,Brasil,SANTA CATARINA,SÃO JOAQUIM,Mata Atlântica
 1640828926 ,9e7cc840-ab4e-3b8a-87de-e7d61c45b456,  -28.088790 ,  -50.175170 ,2023-07-31 17:26:00,Brasil,SANTA CATARINA,PAINEL,Mata Atlântica
 1640828927 ,f4888dad-79da-31ea-a745-91e5ec3a3f25,  -28.087380 ,  -50.165000 ,2023-07-31 17:26:00,Brasil,SANTA CATARINA,PAINEL,Mata Atlântica
 1640828928 ,58b6af3a-c6bc-3540-aaec-9672382a76be,  -28.080060 ,  -50.171880 ,2023-07-31 17:26:00,Brasil,SANTA CATARINA,PAINEL,Mata Atlântica
 1640828929 ,a76b5f37-e045-3f51-81d9-a5e4c799fb58,  -28.040350 ,  -49.829470 ,2023-07-31 17:26:00,Brasil,SANTA CATARINA,URUPEMA,Mata Atlântica
 1640828930 ,c7d02369-c653-30ad-bf36-473b6de810ff,  -28.038910 ,  -49.819350 ,2023-07-31 17:26:00,Brasil,SANTA CATARINA,URUPEMA,Mata Atlântica
 1640828931 ,f94e817a-b4dc-3b65-b7cf-27738d8307f0,  -27.960650 ,  -49.911890 ,2023-07-31 17:26:00,Brasil,SANTA CATARINA,URUPEMA,Mata Atlântica
 1640828932 ,bdaf1b15-5f5c-36f8-8c96-f48cb4dd31ed,  -27.957000 ,  -50.085600 ,2023-07-31 17:26:00,Brasil,SANTA CATARINA,PAINEL,Mata Atlântica
 1640828933 ,7401ecb9-42ac-3fff-942f-92971b963928,  -27.815980 ,  -50.259330 ,2023-07-31 17:26:00,Brasil,SANTA CATARINA,LAGES,Mata Atlântica
 1640828934 ,4715e1c2-969b-3c9f-af8f-407ce72a3db9,  -27.804120 ,  -50.240530 ,2023-07-31 17:26:00,Brasil,SANTA CATARINA,LAGES,Mata Atlântica
 1640828935 ,ce7cc514-db05-3e59-9d88-d6d4cd51ba68,  -27.730500 ,  -50.301160 ,2023-07-31 17:26:00,Brasil,SANTA CATARINA,LAGES,Mata Atlântica
 1640828936 ,3e142f37-a0f5-3e65-a3ba-e423f0494cce,  -26.790550 ,  -50.815570 ,2023-07-31 17:26:00,Brasil,SANTA CATARINA,CAÇADOR,Mata Atlântica
 1654225077 ,f9039757-d39f-3bea-8991-9fc0a86f4e2f,  -28.319380 ,  -49.641950 ,2023-10-03 17:52:00,Brasil,SANTA CATARINA,BOM JARDIM DA SERRA,Mata Atlântica
 1655472971 ,e1e26f30-85b3-3038-9c16-5b8bb8474060,  -27.329350 ,  -51.940620 ,2023-10-10 17:49:00,Brasil,SANTA CATARINA,CONCÓRDIA,Mata Atlântica
 1655472990 ,3bd1a6d8-7754-3a93-895c-cd237633805c,  -27.013370 ,  -53.270850 ,2023-10-10 17:49:00,Brasil,SANTA CATARINA,CAIBI,Mata Atlântica
 1647733100 ,73542e15-6f14-3d84-a547-40dc74a65df8,  -26.317500 ,  -49.601130 ,2023-08-31 17:49:00,Brasil,SANTA CATARINA,RIO NEGRINHO,Mata Atlântica
 1647733101 ,19f5dab2-4336-3643-a4af-e7123dfe6e58,  -26.084590 ,  -48.859070 ,2023-08-31 17:49:00,Brasil,SANTA CATARINA,GARUVA,Mata Atlântica
 1647733102 ,13bdbf21-07cd-3391-8d8a-b8bec0214473,  -26.079730 ,  -48.865740 ,2023-08-31 17:49:00,Brasil,SANTA CATARINA,GARUVA,Mata Atlântica
 1647733103 ,e7992954-170c-33bc-9231-861145f2a448,  -28.141600 ,  -49.054380 ,2023-08-31 17:47:00,Brasil,SANTA CATARINA,RIO FORTUNA,Mata Atlântica
 1647733104 ,ca5370e9-140d-3804-acfd-56cc19e421e2,  -28.057150 ,  -49.795470 ,2023-08-31 17:47:00,Brasil,SANTA CATARINA,URUBICI,Mata Atlântica
 1647733105 ,5b492684-7c7d-3f42-b6e9-4fbbc49b8c5e,  -27.883820 ,  -49.677290 ,2023-08-31 17:47:00,Brasil,SANTA CATARINA,RIO RUFINO,Mata Atlântica
 1647733106 ,52140c69-7a1d-3c8d-9040-80cbba646b51,  -27.814850 ,  -48.985360 ,2023-08-31 17:47:00,Brasil,SANTA CATARINA,ÁGUAS MORNAS,Mata Atlântica
 1647733107 ,f3d6667a-c5b9-3e3c-8021-b65a50e8f408,  -27.799770 ,  -49.149300 ,2023-08-31 17:47:00,Brasil,SANTA CATARINA,ANITÁPOLIS,Mata Atlântica
 1647733108 ,268d1426-80dd-327e-9b76-2fe8de02858a,  -29.076090 ,  -49.735190 ,2023-08-31 17:47:00,Brasil,SANTA CATARINA,SANTA ROSA DO SUL,Mata Atlântica
 1647733109 ,575ee314-3fcc-3ca0-89e8-2dee214229f7,  -28.542790 ,  -49.740560 ,2023-08-31 17:47:00,Brasil,SANTA CATARINA,BOM JARDIM DA SERRA,Mata Atlântica
 1647733110 ,cbfe0ec0-5bce-381e-a52f-17be69e4be31,  -28.540280 ,  -49.726500 ,2023-08-31 17:47:00,Brasil,SANTA CATARINA,BOM JARDIM DA SERRA,Mata Atlântica
 1647733111 ,85859f81-d3ba-3569-9c34-4c19c30ab3fd,  -28.511690 ,  -49.628010 ,2023-08-31 17:47:00,Brasil,SANTA CATARINA,BOM JARDIM DA SERRA,Mata Atlântica
 1647733112 ,7cbbdabc-77a1-37bc-81e4-8a3b5eb23ea2,  -28.422100 ,  -49.579040 ,2023-08-31 17:47:00,Brasil,SANTA CATARINA,BOM JARDIM DA SERRA,Mata Atlântica
 1647733113 ,bffed31e-3c44-3b52-a383-8e4d1cd294f9,  -28.421060 ,  -49.313860 ,2023-08-31 17:47:00,Brasil,SANTA CATARINA,URUSSANGA,Mata Atlântica
 1647733114 ,5119b995-c396-3ab3-8046-37f3ce519be4,  -28.328080 ,  -49.637800 ,2023-08-31 17:47:00,Brasil,SANTA CATARINA,BOM JARDIM DA SERRA,Mata Atlântica
 1647733126 ,e6512f57-b85f-3f1e-9cac-2087a2dcf0de,  -28.453860 ,  -50.060650 ,2023-08-31 17:47:00,Brasil,SANTA CATARINA,SÃO JOAQUIM,Mata Atlântica
 1647733127 ,fac3eb86-6b22-3dfd-80ab-d7be53bd7cd6,  -28.289290 ,  -49.996100 ,2023-08-31 17:47:00,Brasil,SANTA CATARINA,SÃO JOAQUIM,Mata Atlântica
 1647733128 ,31e9fddf-9b5b-3738-902e-dbaa2f7a60f7,  -28.138760 ,  -50.070460 ,2023-08-31 17:47:00,Brasil,SANTA CATARINA,SÃO JOAQUIM,Mata Atlântica
 1647733129 ,48928369-a1d0-3bb3-a8e6-abeed124e3d0,  -28.128450 ,  -50.073190 ,2023-08-31 17:47:00,Brasil,SANTA CATARINA,SÃO JOAQUIM,Mata Atlântica
 1647733130 ,d6bde38f-bd7c-3d81-98bc-f11b1deb2763,  -28.064650 ,  -49.897930 ,2023-08-31 17:47:00,Brasil,SANTA CATARINA,URUPEMA,Mata Atlântica
 1647733134 ,b02b92d4-546e-36cc-a61b-1fc0a2840756,  -26.699640 ,  -49.793460 ,2023-08-31 17:49:00,Brasil,SANTA CATARINA,ITAIÓPOLIS,Mata Atlântica
 1647733136 ,6ebe6133-bf83-36d4-967c-b48f2d3c9c34,  -26.577880 ,  -50.674490 ,2023-08-31 17:49:00,Brasil,SANTA CATARINA,TIMBÓ GRANDE,Mata Atlântica
 1647733137 ,5dd1ce3e-71c7-305e-93f3-e7fe8a2ff8db,  -26.441650 ,  -50.772380 ,2023-08-31 17:49:00,Brasil,SANTA CATARINA,IRINEÓPOLIS,Mata Atlântica
 1647733138 ,454b3210-deed-3e0b-b36b-cb8bf1e894d8,  -26.436860 ,  -50.767640 ,2023-08-31 17:49:00,Brasil,SANTA CATARINA,IRINEÓPOLIS,Mata Atlântica
 1647733139 ,bd1197fc-dbf3-345b-93ac-f854a6a9d9be,  -26.077660 ,  -50.587330 ,2023-08-31 17:49:00,Brasil,SANTA CATARINA,CANOINHAS,Mata Atlântica
 1647733142 ,64837c8b-9ec4-326b-b4a8-72aa27ce213b,  -27.770670 ,  -51.037680 ,2023-08-31 17:47:00,Brasil,SANTA CATARINA,ANITA GARIBALDI,Mata Atlântica
 1647733143 ,e9ab8458-8038-34c5-992e-da2a16b6d233,  -27.561090 ,  -50.720460 ,2023-08-31 17:47:00,Brasil,SANTA CATARINA,SÃO JOSÉ DO CERRITO,Mata Atlântica
 1647733144 ,623001e5-d950-3d26-b3d1-cb6763fab104,  -27.548380 ,  -50.404670 ,2023-08-31 17:47:00,Brasil,SANTA CATARINA,CORREIA PINTO,Mata Atlântica
 1647733145 ,3ec924c6-f76a-3451-bc3b-a1cd1304ee24,  -27.446960 ,  -51.191350 ,2023-08-31 17:47:00,Brasil,SANTA CATARINA,CAMPOS NOVOS,Mata Atlântica
 1647733146 ,77578652-b5f3-32e2-a6fe-b51db810f097,  -27.407090 ,  -50.779410 ,2023-08-31 17:47:00,Brasil,SANTA CATARINA,BRUNÓPOLIS,Mata Atlântica
 1647733147 ,b7432a6d-332f-35d9-98e5-c06987d52cbe,  -27.254510 ,  -50.662680 ,2023-08-31 17:47:00,Brasil,SANTA CATARINA,CURITIBANOS,Mata Atlântica
 1647733148 ,fb932bf5-4e63-3c32-b6e8-56e92533fbbc,  -26.744750 ,  -51.173870 ,2023-08-31 17:49:00,Brasil,SANTA CATARINA,CAÇADOR,Mata Atlântica
 1647733149 ,469ce41c-3c8d-3d39-bd6f-4d603bf1d543,  -26.715420 ,  -50.646020 ,2023-08-31 17:49:00,Brasil,SANTA CATARINA,LEBON RÉGIS,Mata Atlântica
 1647733150 ,7e8f2716-c7e4-3775-840d-e2b3d96f3149,  -26.713070 ,  -50.632640 ,2023-08-31 17:49:00,Brasil,SANTA CATARINA,TIMBÓ GRANDE,Mata Atlântica
 1647733151 ,fb4a7ddf-9174-3a4e-9ab3-2e6e818254ce,  -26.664890 ,  -50.998790 ,2023-08-31 17:49:00,Brasil,SANTA CATARINA,CAÇADOR,Mata Atlântica
 1647733152 ,80a11cb6-97e7-346f-abf6-0695aa8111b2,  -26.662730 ,  -50.985990 ,2023-08-31 17:49:00,Brasil,SANTA CATARINA,CAÇADOR,Mata Atlântica
 1647733153 ,fc56b28a-46e9-3042-b0bf-12d8b4fa8ec7,  -26.661840 ,  -50.993790 ,2023-08-31 17:49:00,Brasil,SANTA CATARINA,CAÇADOR,Mata Atlântica
 1647733154 ,6b207f2d-b8c6-3ac6-a167-03bee7854683,  -26.641650 ,  -50.923200 ,2023-08-31 17:49:00,Brasil,SANTA CATARINA,CALMON,Mata Atlântica
 1647733155 ,6d7838ef-a2d4-39ac-b9c2-137f333edafe,  -28.150850 ,  -50.139320 ,2023-08-31 17:47:00,Brasil,SANTA CATARINA,PAINEL,Mata Atlântica
 1647733156 ,2105a9ce-2732-3168-9102-e5e634da2771,  -28.123280 ,  -50.517750 ,2023-08-31 17:47:00,Brasil,SANTA CATARINA,CAPÃO ALTO,Mata Atlântica
 1647733157 ,a3af2098-aea4-3d75-ab0d-6ee4d84c7548,  -28.120580 ,  -50.379800 ,2023-08-31 17:47:00,Brasil,SANTA CATARINA,LAGES,Mata Atlântica
 1647733158 ,f3835ce2-64d3-33a5-9601-f013f18b10d3,  -28.110430 ,  -50.382280 ,2023-08-31 17:47:00,Brasil,SANTA CATARINA,LAGES,Mata Atlântica
 1647733159 ,3ea08112-eab1-3371-8014-476babc9c5b1,  -28.096450 ,  -50.604450 ,2023-08-31 17:47:00,Brasil,SANTA CATARINA,CAPÃO ALTO,Mata Atlântica
 1647733160 ,9dbc383e-d698-3565-a485-edf463545d6b,  -28.094210 ,  -50.591580 ,2023-08-31 17:47:00,Brasil,SANTA CATARINA,CAPÃO ALTO,Mata Atlântica
 1647733161 ,d0ac2e52-6e52-3710-a321-b2367e14b31a,  -28.092910 ,  -50.524100 ,2023-08-31 17:47:00,Brasil,SANTA CATARINA,CAPÃO ALTO,Mata Atlântica
 1647733162 ,da2444ac-46d2-3cfd-b0ba-e9c4be0e20ca,  -28.090610 ,  -50.510920 ,2023-08-31 17:47:00,Brasil,SANTA CATARINA,CAPÃO ALTO,Mata Atlântica
 1647733163 ,830fdb32-49ed-3e37-9baf-e3fb376eb16c,  -28.089280 ,  -50.442960 ,2023-08-31 17:47:00,Brasil,SANTA CATARINA,LAGES,Mata Atlântica
 1647733164 ,1e9cdd50-da5a-32e2-9848-3756a016ad3a,  -27.944900 ,  -50.798160 ,2023-08-31 17:47:00,Brasil,SANTA CATARINA,CAMPO BELO DO SUL,Mata Atlântica
 1647733165 ,0136b1d1-7328-3989-87ca-141d11a1a874,  -27.942690 ,  -50.785410 ,2023-08-31 17:47:00,Brasil,SANTA CATARINA,CAMPO BELO DO SUL,Mata Atlântica
 1647733166 ,6e075d6d-edd1-353d-ab47-b0ae23d251d0,  -27.929670 ,  -50.407410 ,2023-08-31 17:47:00,Brasil,SANTA CATARINA,CAPÃO ALTO,Mata Atlântica
 1647733167 ,150c2b9b-4e4c-35ab-afd0-19f4929f0c39,  -27.921820 ,  -50.423260 ,2023-08-31 17:47:00,Brasil,SANTA CATARINA,CAPÃO ALTO,Mata Atlântica
 1647733168 ,c5bf7489-b4f7-3e74-b860-c761eac04bff,  -27.920150 ,  -50.888280 ,2023-08-31 17:47:00,Brasil,SANTA CATARINA,CAMPO BELO DO SUL,Mata Atlântica
 1647733169 ,f2c12814-cda0-3443-a0eb-102e16a94e15,  -27.919440 ,  -50.409550 ,2023-08-31 17:47:00,Brasil,SANTA CATARINA,CAPÃO ALTO,Mata Atlântica
 1647733170 ,83b9c023-9510-3b19-bd6c-ea1a416e30e4,  -27.904560 ,  -50.917640 ,2023-08-31 17:47:00,Brasil,SANTA CATARINA,CAMPO BELO DO SUL,Mata Atlântica
 1647733171 ,cc5701c1-9860-3b1d-aa20-43984fc46132,  -27.889520 ,  -50.359760 ,2023-08-31 17:47:00,Brasil,SANTA CATARINA,LAGES,Mata Atlântica
 1647733172 ,5623a8ec-4391-3001-b2da-b1b3bb28b00d,  -27.887160 ,  -50.346300 ,2023-08-31 17:47:00,Brasil,SANTA CATARINA,LAGES,Mata Atlântica
 1647733173 ,f10226a1-705f-3840-9e51-7a4b637daf6a,  -27.876900 ,  -50.348530 ,2023-08-31 17:47:00,Brasil,SANTA CATARINA,LAGES,Mata Atlântica
 1647733174 ,1716a3f7-58dc-3c13-a2e4-f9a4b24038eb,  -27.792960 ,  -50.870830 ,2023-08-31 17:47:00,Brasil,SANTA CATARINA,CERRO NEGRO,Mata Atlântica
 1647733175 ,ff85ba1a-00de-30bd-b44d-6491051f63b5,  -27.783000 ,  -50.872970 ,2023-08-31 17:47:00,Brasil,SANTA CATARINA,CERRO NEGRO,Mata Atlântica
 1647733225 ,9c4c8158-4279-31b6-8673-481b58e7b61b,  -28.384680 ,  -50.479620 ,2023-08-31 17:47:00,Brasil,SANTA CATARINA,LAGES,Mata Atlântica
 1647733226 ,bc79fc36-2f71-3ea1-bfd9-25e7763f6635,  -28.367870 ,  -50.443180 ,2023-08-31 17:47:00,Brasil,SANTA CATARINA,LAGES,Mata Atlântica
 1647733227 ,d238a3ee-f566-332e-b765-372e96a66dec,  -28.360270 ,  -50.278190 ,2023-08-31 17:47:00,Brasil,SANTA CATARINA,SÃO JOAQUIM,Mata Atlântica
 1647733228 ,e3a0953b-654c-327a-a2ca-703fd3e086c6,  -28.357920 ,  -50.264650 ,2023-08-31 17:47:00,Brasil,SANTA CATARINA,SÃO JOAQUIM,Mata Atlântica
 1647733229 ,4023b7ed-af1f-31b2-81d9-9cb7e98ffe35,  -28.297060 ,  -50.452180 ,2023-08-31 17:47:00,Brasil,SANTA CATARINA,LAGES,Mata Atlântica
 1647733230 ,987b847f-5dc7-3583-8549-647fbec6203e,  -28.294770 ,  -50.438970 ,2023-08-31 17:47:00,Brasil,SANTA CATARINA,LAGES,Mata Atlântica
 1647733231 ,be4bdd31-376e-304d-9f06-d68bf310b745,  -28.277070 ,  -50.578200 ,2023-08-31 17:47:00,Brasil,SANTA CATARINA,LAGES,Mata Atlântica
 1647733232 ,f81bb8df-e3d3-3ce1-a388-6a364b70dd04,  -28.258340 ,  -50.350690 ,2023-08-31 17:47:00,Brasil,SANTA CATARINA,LAGES,Mata Atlântica
 1647733233 ,9a15b3d4-bf04-302f-8837-2f8c31162e50,  -28.212910 ,  -50.435440 ,2023-08-31 17:47:00,Brasil,SANTA CATARINA,LAGES,Mata Atlântica
 1647733234 ,485b3eb2-e08b-38d1-8e4d-e782f2c50cf4,  -28.202760 ,  -50.437580 ,2023-08-31 17:47:00,Brasil,SANTA CATARINA,LAGES,Mata Atlântica
 1647733287 ,cfb3d71d-e635-3c3c-9c53-131f400a34ed,  -26.591070 ,  -51.539710 ,2023-08-31 17:49:00,Brasil,SANTA CATARINA,ÁGUA DOCE,Mata Atlântica
 1647733290 ,2b90cacd-b3d4-38df-bb32-bad492b5946c,  -26.481390 ,  -52.108170 ,2023-08-31 17:49:00,Brasil,SANTA CATARINA,ABELARDO LUZ,Mata Atlântica
 1647733292 ,834dbfe5-e106-33cb-bc8e-95732f07dd4e,  -26.358970 ,  -51.202690 ,2023-08-31 17:49:00,Brasil,SANTA CATARINA,PORTO UNIÃO,Mata Atlântica
 1647733293 ,6016d19e-85ad-3cb8-a8db-410ed9b61815,  -26.356790 ,  -51.189980 ,2023-08-31 17:49:00,Brasil,SANTA CATARINA,PORTO UNIÃO,Mata Atlântica
 1647733304 ,94fcb41c-31dc-3946-baab-eacfcc47e1ee,  -27.193250 ,  -52.322240 ,2023-08-31 17:49:00,Brasil,SANTA CATARINA,SEARA,Mata Atlântica
 1647733305 ,ef67d13e-4c1b-377a-aa76-71df43ef6474,  -26.777730 ,  -52.674410 ,2023-08-31 17:49:00,Brasil,SANTA CATARINA,MAREMA,Mata Atlântica
 1647733309 ,d0a4dbf6-7d35-340a-83b5-e8c8298dc369,  -27.372540 ,  -51.847480 ,2023-08-31 17:47:00,Brasil,SANTA CATARINA,PERITIBA,Mata Atlântica
 1647733310 ,d2646f39-5d61-361c-9d6e-b2eb7aa08880,  -27.319650 ,  -51.531360 ,2023-08-31 17:47:00,Brasil,SANTA CATARINA,CAMPOS NOVOS,Mata Atlântica
 1647733311 ,981439b0-4911-3db2-946a-fa56fe45f820,  -27.288600 ,  -51.775410 ,2023-08-31 17:47:00,Brasil,SANTA CATARINA,IPIRA,Mata Atlântica
 1647733312 ,884cdba0-f661-354b-83c7-a9d5245325bc,  -27.286670 ,  -51.763800 ,2023-08-31 17:47:00,Brasil,SANTA CATARINA,IPIRA,Mata Atlântica
 1647733313 ,d0a499ab-3e1d-322a-a532-a1879de06f67,  -27.053650 ,  -51.856280 ,2023-08-31 17:49:00,Brasil,SANTA CATARINA,IRANI,Mata Atlântica
 1647733314 ,6058c649-7715-3727-aa13-30c7c8aad06d,  -26.875990 ,  -51.459110 ,2023-08-31 17:49:00,Brasil,SANTA CATARINA,SALTO VELOSO,Mata Atlântica
 1647733315 ,4b868928-b838-3f48-b773-92079ddf4525,  -26.873860 ,  -51.446430 ,2023-08-31 17:49:00,Brasil,SANTA CATARINA,SALTO VELOSO,Mata Atlântica
 1647733316 ,52ff3006-b998-39d8-8a46-5499abec7a02,  -26.843360 ,  -51.326130 ,2023-08-31 17:49:00,Brasil,SANTA CATARINA,MACIEIRA,Mata Atlântica
 1647733317 ,7df7c7f0-90da-32e5-a370-4f03905bb23e,  -26.750960 ,  -51.938180 ,2023-08-31 17:49:00,Brasil,SANTA CATARINA,PASSOS MAIA,Mata Atlântica
 1647733348 ,d344c284-677b-3b8b-8a19-4cc11804cb03,  -26.726410 ,  -52.867960 ,2023-08-31 17:49:00,Brasil,SANTA CATARINA,JARDINÓPOLIS,Mata Atlântica
 1647733375 ,ab66ba1b-b048-3704-95d8-c23e431f3821,  -26.455060 ,  -52.786980 ,2023-08-31 17:49:00,Brasil,SANTA CATARINA,NOVO HORIZONTE,Mata Atlântica
 1647733393 ,06095ee7-cb4b-3e05-ad02-53e0cc4f8f03,  -26.725560 ,  -53.692920 ,2023-08-31 17:49:00,Brasil,SANTA CATARINA,PARAÍSO,Mata Atlântica
 1647733394 ,1e94c60e-75c6-3aad-a661-5f9a2c1ea57a,  -26.949970 ,  -53.537240 ,2023-08-31 17:49:00,Brasil,SANTA CATARINA,IPORÃ DO OESTE,Mata Atlântica
 1647551777 ,89a7e76c-245a-31e0-8719-0991ace43c63,  -28.426320 ,  -49.900330 ,2023-08-30 17:07:00,Brasil,SANTA CATARINA,SÃO JOAQUIM,Mata Atlântica
 1647551778 ,168f2492-0aa4-3409-9870-6c9dd8da533f,  -28.421410 ,  -49.912330 ,2023-08-30 17:07:00,Brasil,SANTA CATARINA,SÃO JOAQUIM,Mata Atlântica
 1647551779 ,766ee508-2364-36de-a2cb-01082ca07d31,  -28.311380 ,  -50.426480 ,2023-08-30 17:07:00,Brasil,SANTA CATARINA,LAGES,Mata Atlântica
 1647551780 ,dcad4816-abc6-3e90-b27e-ed7b6f18b62f,  -28.303100 ,  -50.441500 ,2023-08-30 17:07:00,Brasil,SANTA CATARINA,LAGES,Mata Atlântica
 1647551781 ,37585b2d-bef0-3547-a5f0-1f750f51e1b4,  -28.301140 ,  -50.420690 ,2023-08-30 17:07:00,Brasil,SANTA CATARINA,LAGES,Mata Atlântica
 1647551782 ,f0c1a2c3-5fce-36b0-a959-4b21998cf002,  -28.298940 ,  -50.428210 ,2023-08-30 17:07:00,Brasil,SANTA CATARINA,LAGES,Mata Atlântica
 1647551783 ,ca83d3dc-963e-31b0-9629-352e769b108c,  -28.247110 ,  -50.413920 ,2023-08-30 17:07:00,Brasil,SANTA CATARINA,LAGES,Mata Atlântica
 1647551784 ,6bf16956-a2ed-3dd3-ab82-d36485367b9b,  -28.182020 ,  -50.257720 ,2023-08-30 17:07:00,Brasil,SANTA CATARINA,LAGES,Mata Atlântica
 1647551785 ,642cc3fd-5db2-32d3-9e5d-ebe1c9e10824,  -28.179450 ,  -50.262890 ,2023-08-30 17:07:00,Brasil,SANTA CATARINA,LAGES,Mata Atlântica
 1647551786 ,776ed4d3-db2c-3837-a721-27d71d5b7174,  -28.118410 ,  -50.538930 ,2023-08-30 17:07:00,Brasil,SANTA CATARINA,CAPÃO ALTO,Mata Atlântica
 1647551787 ,121c50df-5a2b-388f-b8ed-549cd4358dd3,  -28.116720 ,  -50.546020 ,2023-08-30 17:07:00,Brasil,SANTA CATARINA,CAPÃO ALTO,Mata Atlântica
 1647551788 ,dcd1ec59-2a22-352f-9b6d-537c92b9c8d6,  -28.114620 ,  -50.525040 ,2023-08-30 17:07:00,Brasil,SANTA CATARINA,CAPÃO ALTO,Mata Atlântica
 1647551789 ,42bb59b2-9456-3d6d-b9a7-148f11443739,  -28.106350 ,  -49.787660 ,2023-08-30 17:07:00,Brasil,SANTA CATARINA,URUBICI,Mata Atlântica
 1647551790 ,e9880891-a415-35ab-9a17-79efe8ad79f0,  -28.102150 ,  -50.526970 ,2023-08-30 17:07:00,Brasil,SANTA CATARINA,CAPÃO ALTO,Mata Atlântica
 1647551791 ,b63c7a41-221c-302b-abe0-6d5cefbce9df,  -27.999130 ,  -50.113140 ,2023-08-30 17:07:00,Brasil,SANTA CATARINA,PAINEL,Mata Atlântica
 1647551792 ,c170e1d1-af6b-3864-827f-f10ccd6f0c8f,  -27.995440 ,  -50.118670 ,2023-08-30 17:07:00,Brasil,SANTA CATARINA,PAINEL,Mata Atlântica
 1647551793 ,0ad83112-469d-3e96-a88e-23082a6a480b,  -27.891700 ,  -50.360920 ,2023-08-30 17:07:00,Brasil,SANTA CATARINA,LAGES,Mata Atlântica
 1647551794 ,13e1e2c8-795f-3040-b3d8-6b0d36bb3109,  -27.822680 ,  -49.918680 ,2023-08-30 17:07:00,Brasil,SANTA CATARINA,BOCAINA DO SUL,Mata Atlântica
 1647551795 ,4112561d-3ba4-3e00-9d7b-234ac5fb8531,  -27.803010 ,  -50.375800 ,2023-08-30 17:07:00,Brasil,SANTA CATARINA,LAGES,Mata Atlântica
 1647551796 ,ac55e4e4-313d-3254-89df-b27ee47e8492,  -27.735180 ,  -49.187020 ,2023-08-30 17:07:00,Brasil,SANTA CATARINA,ALFREDO WAGNER,Mata Atlântica
 1647551797 ,eaa9b75f-1ea6-39fa-a26d-beaa60f95b35,  -27.692940 ,  -51.244850 ,2023-08-30 17:07:00,Brasil,SANTA CATARINA,CELSO RAMOS,Mata Atlântica
 1647551798 ,53c7779a-e44b-3473-8e71-9bc3b94ae9c6,  -27.614640 ,  -51.239380 ,2023-08-30 17:07:00,Brasil,SANTA CATARINA,CELSO RAMOS,Mata Atlântica
 1647551799 ,939b2fa3-b4f3-3c26-93e9-8b0bc170559b,  -27.612540 ,  -51.217220 ,2023-08-30 17:07:00,Brasil,SANTA CATARINA,CAMPOS NOVOS,Mata Atlântica
 1647551800 ,ae0740b1-9aa2-3a52-a3bf-30cd1308bf28,  -27.427480 ,  -49.389960 ,2023-08-30 17:07:00,Brasil,SANTA CATARINA,VIDAL RAMOS,Mata Atlântica
 1647551801 ,2c9a0ba6-3f76-3887-8473-2aaab41b8c68,  -27.036400 ,  -50.751810 ,2023-08-30 17:07:00,Brasil,SANTA CATARINA,FRAIBURGO,Mata Atlântica
 1647551802 ,80b3b090-d90d-3a4f-bc65-514deb9ae2fc,  -26.908100 ,  -50.750350 ,2023-08-30 17:07:00,Brasil,SANTA CATARINA,LEBON RÉGIS,Mata Atlântica
 1647551803 ,16c15bec-4b7b-3159-8fa2-9bada084d97a,  -26.906090 ,  -50.729860 ,2023-08-30 17:07:00,Brasil,SANTA CATARINA,LEBON RÉGIS,Mata Atlântica
 1647551804 ,82b9b0d6-f0ee-3788-80a1-26a44d180b12,  -26.889180 ,  -51.505530 ,2023-08-30 17:07:00,Brasil,SANTA CATARINA,TREZE TÍLIAS,Mata Atlântica
 1647551805 ,85a59b96-781f-30de-b8e4-a705a4d7ab58,  -26.879960 ,  -51.511180 ,2023-08-30 17:07:00,Brasil,SANTA CATARINA,TREZE TÍLIAS,Mata Atlântica
 1647551806 ,0b62f2cd-1880-3e02-8cc7-effa4c082772,  -26.873340 ,  -51.444350 ,2023-08-30 17:07:00,Brasil,SANTA CATARINA,SALTO VELOSO,Mata Atlântica
 1647551807 ,1dba99c8-3a06-3a75-b4b2-5517185cd9f4,  -26.743160 ,  -51.187330 ,2023-08-30 17:07:00,Brasil,SANTA CATARINA,CAÇADOR,Mata Atlântica
 1647551808 ,1c3e105d-f312-373e-b61a-d692842c7fab,  -26.741710 ,  -51.171990 ,2023-08-30 17:07:00,Brasil,SANTA CATARINA,CAÇADOR,Mata Atlântica
 1647551809 ,832cfcd2-8d0d-3012-8ca7-4c96952aab36,  -26.712860 ,  -50.867720 ,2023-08-30 17:07:00,Brasil,SANTA CATARINA,CALMON,Mata Atlântica
 1647551810 ,840de91d-0ea5-32c1-b2dc-f155476bfa68,  -26.686290 ,  -51.705960 ,2023-08-30 17:07:00,Brasil,SANTA CATARINA,ÁGUA DOCE,Mata Atlântica
 1647551811 ,cb1484a3-6922-35f3-bc4c-3f2ff66a64d6,  -26.678110 ,  -51.711980 ,2023-08-30 17:07:00,Brasil,SANTA CATARINA,ÁGUA DOCE,Mata Atlântica
 1650015457 ,454a8289-ab7e-308a-a7a9-04caeed5badb,  -28.271160 ,  -50.315180 ,2023-09-11 17:17:00,Brasil,SANTA CATARINA,LAGES,Mata Atlântica
 1650015458 ,7323a275-fed2-3cfa-a384-27b397d9130e,  -28.264560 ,  -50.323020 ,2023-09-11 17:17:00,Brasil,SANTA CATARINA,LAGES,Mata Atlântica
 1650015459 ,e383543e-09f1-37df-af15-f1ab87efb593,  -28.262920 ,  -50.309200 ,2023-09-11 17:17:00,Brasil,SANTA CATARINA,LAGES,Mata Atlântica
 1650252548 ,357d1626-67e6-3529-8342-55703f2a9c6f,  -26.630810 ,  -51.822990 ,2023-09-12 17:58:00,Brasil,SANTA CATARINA,ÁGUA DOCE,Mata Atlântica
 1650252549 ,02cf7efc-9272-3540-b1d7-0f03eee5f451,  -26.526210 ,  -50.108010 ,2023-09-12 17:58:00,Brasil,SANTA CATARINA,SANTA TEREZINHA,Mata Atlântica
 1650539636 ,826a2efd-d637-34b2-a686-2500a4abeb31,  -26.604070 ,  -52.758120 ,2023-09-14 17:43:00,Brasil,SANTA CATARINA,FORMOSA DO SUL,Mata Atlântica
 1650539686 ,4ec80f8b-19e2-365a-bb5d-dd7894f4254a,  -26.848870 ,  -53.549510 ,2023-09-14 17:43:00,Brasil,SANTA CATARINA,DESCANSO,Mata Atlântica
 1647378057 ,39d2f4ca-3d20-3d45-97dd-d7e88324f923,  -28.183570 ,  -49.956680 ,2023-08-29 18:02:00,Brasil,SANTA CATARINA,SÃO JOAQUIM,Mata Atlântica
 1647378058 ,aa68f280-f4b3-3ccb-8074-7d7eaf1739f6,  -28.176230 ,  -49.953520 ,2023-08-29 18:02:00,Brasil,SANTA CATARINA,SÃO JOAQUIM,Mata Atlântica
 1647378059 ,00565cf6-f679-3f99-9cda-92be4d1c2aa0,  -27.857130 ,  -51.048410 ,2023-08-29 18:02:00,Brasil,SANTA CATARINA,ANITA GARIBALDI,Mata Atlântica
 1647378073 ,df3c3cee-ad87-31c7-9abe-ce7a465e997c,  -27.292830 ,  -52.045620 ,2023-08-29 18:02:00,Brasil,SANTA CATARINA,CONCÓRDIA,Mata Atlântica
 1647378074 ,0084a0b0-e352-38b8-a9ed-e6d9b028c5f3,  -27.285210 ,  -52.042470 ,2023-08-29 18:02:00,Brasil,SANTA CATARINA,CONCÓRDIA,Mata Atlântica
 1647378075 ,caad2beb-fc6e-3661-8f2c-7e132b65506e,  -26.886990 ,  -52.744050 ,2023-08-29 18:02:00,Brasil,SANTA CATARINA,CORONEL FREITAS,Mata Atlântica
 1650995953 ,1728bb47-6d02-37e1-99e7-7245a5d5e69c,  -26.328480 ,  -50.527520 ,2023-09-16 17:28:00,Brasil,SANTA CATARINA,BELA VISTA DO TOLDO,Mata Atlântica
 1650995956 ,0e487ec2-6869-30da-b7b0-89a37aac19d4,  -26.544990 ,  -50.497520 ,2023-09-16 17:28:00,Brasil,SANTA CATARINA,BELA VISTA DO TOLDO,Mata Atlântica
 1650995957 ,c8e3862d-e744-3ef1-b07a-c0f969758eee,  -26.546420 ,  -50.507640 ,2023-09-16 17:28:00,Brasil,SANTA CATARINA,BELA VISTA DO TOLDO,Mata Atlântica
 1650995958 ,bfd34981-1f33-3933-9b2a-e7853d6690db,  -26.758830 ,  -50.779220 ,2023-09-16 17:28:00,Brasil,SANTA CATARINA,LEBON RÉGIS,Mata Atlântica
 1650995959 ,af72639e-17ab-3866-a680-ef5ea5b0ba84,  -26.893290 ,  -49.974330 ,2023-09-16 17:28:00,Brasil,SANTA CATARINA,SALETE,Mata Atlântica
 1650995960 ,db055dcd-0119-3615-834e-3a34f0fb2376,  -27.123250 ,  -51.029880 ,2023-09-16 17:28:00,Brasil,SANTA CATARINA,TANGARÁ,Mata Atlântica
 1650995961 ,ba8964eb-c872-321c-80d1-38f49f2c94ef,  -27.508170 ,  -49.767650 ,2023-09-16 17:28:00,Brasil,SANTA CATARINA,PETROLÂNDIA,Mata Atlântica
 1650995962 ,223d3bb1-ac53-3f68-91a7-a4493b60bac9,  -27.509610 ,  -49.777700 ,2023-09-16 17:28:00,Brasil,SANTA CATARINA,AGROLÂNDIA,Mata Atlântica
 1650995964 ,56e7bd33-2b1c-37cd-a251-e3d40390b559,  -28.289860 ,  -49.641140 ,2023-09-16 17:28:00,Brasil,SANTA CATARINA,BOM JARDIM DA SERRA,Mata Atlântica
 1650995965 ,27f2a2c1-c14d-31cd-8d87-c927f3590a58,  -28.307660 ,  -50.355130 ,2023-09-16 17:28:00,Brasil,SANTA CATARINA,LAGES,Mata Atlântica
 1650995966 ,e1a5f033-4fbd-3a5e-9dcb-9c2b25f924f0,  -28.394320 ,  -50.445980 ,2023-09-16 17:28:00,Brasil,SANTA CATARINA,LAGES,Mata Atlântica
 1650995969 ,ab235eed-03c8-33e1-a2ef-93cd756106c7,  -28.679650 ,  -49.408760 ,2023-09-16 17:28:00,Brasil,SANTA CATARINA,CRICIÚMA,Mata Atlântica
 1647189307 ,413ddc89-36e5-32a5-860c-ac01dcd1a36f,  -28.620830 ,  -49.691200 ,2023-08-28 17:20:00,Brasil,SANTA CATARINA,BOM JARDIM DA SERRA,Mata Atlântica
 1647189308 ,48b692fd-5ede-3c50-9feb-eb0d3e128200,  -28.619400 ,  -49.679890 ,2023-08-28 17:20:00,Brasil,SANTA CATARINA,BOM JARDIM DA SERRA,Mata Atlântica
 1647189310 ,7755e312-3662-35d5-8e1a-39e6119630ae,  -28.611370 ,  -49.692700 ,2023-08-28 17:20:00,Brasil,SANTA CATARINA,BOM JARDIM DA SERRA,Mata Atlântica
 1647189313 ,7d16f5f4-271c-3ff3-9e7b-310bc19ff05c,  -28.574850 ,  -49.258430 ,2023-08-28 17:20:00,Brasil,SANTA CATARINA,PEDRAS GRANDES,Mata Atlântica
 1647189315 ,49bb7f41-4e2d-360f-aa25-cefa6e644c67,  -28.548300 ,  -49.685270 ,2023-08-28 17:20:00,Brasil,SANTA CATARINA,BOM JARDIM DA SERRA,Mata Atlântica
 1647189316 ,9ab49b06-2099-39c4-99e4-27f3215b8b5a,  -28.445820 ,  -50.091570 ,2023-08-28 17:20:00,Brasil,SANTA CATARINA,SÃO JOAQUIM,Mata Atlântica
 1647189317 ,0c69dfb8-322a-3174-b031-e0cbb2e8cf8d,  -28.335970 ,  -50.438110 ,2023-08-28 17:20:00,Brasil,SANTA CATARINA,LAGES,Mata Atlântica
 1647189318 ,414fa470-495f-3527-965b-84ecbbd7aaaa,  -28.198410 ,  -50.234400 ,2023-08-28 17:20:00,Brasil,SANTA CATARINA,LAGES,Mata Atlântica
 1647189319 ,98afba37-c55a-3d50-b22c-f053f3538712,  -28.196980 ,  -50.223080 ,2023-08-28 17:20:00,Brasil,SANTA CATARINA,LAGES,Mata Atlântica
 1647189320 ,61105cf1-c3c1-3773-a124-00787ef050f3,  -28.190210 ,  -50.247540 ,2023-08-28 17:20:00,Brasil,SANTA CATARINA,LAGES,Mata Atlântica
 1647189321 ,8a3490d0-a9f9-3e6e-ad9f-eac7615bba2a,  -28.188770 ,  -50.236050 ,2023-08-28 17:20:00,Brasil,SANTA CATARINA,LAGES,Mata Atlântica
 1647189322 ,c7e4428e-bf48-3e8a-a608-85d49ebad888,  -28.115080 ,  -50.534420 ,2023-08-28 17:20:00,Brasil,SANTA CATARINA,CAPÃO ALTO,Mata Atlântica
 1647189323 ,96498fa5-5aff-3056-8f73-01354d33bd09,  -28.105310 ,  -50.536070 ,2023-08-28 17:20:00,Brasil,SANTA CATARINA,CAPÃO ALTO,Mata Atlântica
 1647189324 ,fb0c7411-bf29-37ca-9123-c13b2f282588,  -28.098710 ,  -50.401660 ,2023-08-28 17:20:00,Brasil,SANTA CATARINA,LAGES,Mata Atlântica
 1647189325 ,920d4e57-2895-311c-b36a-752ba927b22f,  -28.097210 ,  -50.389510 ,2023-08-28 17:20:00,Brasil,SANTA CATARINA,LAGES,Mata Atlântica
 1647189326 ,15919896-7a56-3326-8f88-58e65706de59,  -27.783810 ,  -50.900730 ,2023-08-28 17:20:00,Brasil,SANTA CATARINA,CERRO NEGRO,Mata Atlântica
 1651247025 ,ddce8950-b092-323d-99ef-deeebb5b6c32,  -26.708540 ,  -50.080880 ,2023-09-17 18:11:00,Brasil,SANTA CATARINA,SANTA TEREZINHA,Mata Atlântica
 1651247026 ,63c94297-8401-3ba2-8f32-e7a15caa68e4,  -28.360880 ,  -50.385800 ,2023-09-17 18:09:00,Brasil,SANTA CATARINA,LAGES,Mata Atlântica
 1651247027 ,fbb8b765-880a-3017-b092-3d387b21275c,  -28.358100 ,  -50.381390 ,2023-09-17 18:09:00,Brasil,SANTA CATARINA,LAGES,Mata Atlântica
 1651415117 ,82e34849-07bc-3e31-8d17-7a1dde71dd80,  -28.700620 ,  -49.445290 ,2023-09-18 17:13:00,Brasil,SANTA CATARINA,CRICIÚMA,Mata Atlântica
 1651415122 ,92e12e8a-02fa-349d-b607-9a4a665b236e,  -28.368840 ,  -50.162610 ,2023-09-18 17:13:00,Brasil,SANTA CATARINA,SÃO JOAQUIM,Mata Atlântica
 1651415123 ,5b430ad6-ad65-3fa0-98f2-ade67ed68e3c,  -28.330690 ,  -49.228450 ,2023-09-18 17:13:00,Brasil,SANTA CATARINA,ORLEANS,Mata Atlântica
 1651415124 ,4e2b607f-48cb-3a99-9a09-e7e5d18a7991,  -28.065370 ,  -48.794850 ,2023-09-18 17:13:00,Brasil,SANTA CATARINA,PAULO LOPES,Mata Atlântica
 1651415125 ,000f7225-9420-3a40-9c68-8680322937be,  -28.063940 ,  -48.783060 ,2023-09-18 17:13:00,Brasil,SANTA CATARINA,PAULO LOPES,Mata Atlântica
 1651415126 ,7c5eba7e-7ac6-39fe-90ed-b7b398821a92,  -27.809760 ,  -49.120330 ,2023-09-18 17:13:00,Brasil,SANTA CATARINA,ANITÁPOLIS,Mata Atlântica
 1651415127 ,b9337e06-290b-3230-bd8f-c147b1526683,  -27.796670 ,  -49.948040 ,2023-09-18 17:13:00,Brasil,SANTA CATARINA,BOCAINA DO SUL,Mata Atlântica
 1651415128 ,824e8eb8-416f-3b2c-b3e0-1de08a5c2d9a,  -27.784550 ,  -49.162800 ,2023-09-18 17:13:00,Brasil,SANTA CATARINA,ANITÁPOLIS,Mata Atlântica
 1651415129 ,22f45dfd-2cf1-3a6e-ad29-905fbb3711e4,  -27.779400 ,  -50.394840 ,2023-09-18 17:13:00,Brasil,SANTA CATARINA,LAGES,Mata Atlântica
 1651415130 ,fcf2ee39-4858-3188-9db8-63cd4474cd58,  -27.774560 ,  -49.164140 ,2023-09-18 17:13:00,Brasil,SANTA CATARINA,ANITÁPOLIS,Mata Atlântica
 1651415131 ,a9d3cc36-949f-3d6c-997f-6146b9428306,  -27.750840 ,  -50.012520 ,2023-09-18 17:13:00,Brasil,SANTA CATARINA,BOCAINA DO SUL,Mata Atlântica
 1651415132 ,9f90f260-4f90-3b3b-bed4-8bc298a003bb,  -27.625530 ,  -49.110100 ,2023-09-18 17:13:00,Brasil,SANTA CATARINA,RANCHO QUEIMADO,Mata Atlântica
 1651415133 ,83bbbac4-0615-3788-8ddd-9ad4d5478013,  -27.621980 ,  -51.228940 ,2023-09-18 17:13:00,Brasil,SANTA CATARINA,CELSO RAMOS,Mata Atlântica
 1651415134 ,5db593bc-4a95-3201-93a6-f31096fc2204,  -27.612200 ,  -51.237390 ,2023-09-18 17:13:00,Brasil,SANTA CATARINA,CELSO RAMOS,Mata Atlântica
 1651415135 ,ddefccfd-948a-3367-a8bc-010b4bb21b35,  -27.580890 ,  -48.993120 ,2023-09-18 17:13:00,Brasil,SANTA CATARINA,ANGELINA,Mata Atlântica
 1651415136 ,bd928579-9f43-3e79-8f44-b6b97a87098c,  -27.570670 ,  -49.157540 ,2023-09-18 17:13:00,Brasil,SANTA CATARINA,ANGELINA,Mata Atlântica
 1651415137 ,7a8cc52f-7fd2-3e4d-9ff0-da487c08c858,  -27.490080 ,  -51.826870 ,2023-09-18 17:13:00,Brasil,SANTA CATARINA,PIRATUBA,Mata Atlântica
 1651415138 ,3ab69a26-4ac9-34ec-8fee-46c4efbf4d86,  -27.488640 ,  -50.161470 ,2023-09-18 17:13:00,Brasil,SANTA CATARINA,PALMEIRA,Mata Atlântica
 1651415139 ,b89579de-b997-394d-9cd8-66f5fdba169e,  -27.483180 ,  -50.155580 ,2023-09-18 17:13:00,Brasil,SANTA CATARINA,PALMEIRA,Mata Atlântica
 1651415140 ,3c86c2c2-1c90-323e-ab21-0ec907c01209,  -27.199880 ,  -49.115460 ,2023-09-18 17:13:00,Brasil,SANTA CATARINA,BOTUVERÁ,Mata Atlântica
 1651415141 ,3e427f07-8a33-3ba3-b733-880c27fb509e,  -27.191890 ,  -49.731450 ,2023-09-18 17:13:00,Brasil,SANTA CATARINA,LAURENTINO,Mata Atlântica
 1651433331 ,c7e3841d-6d27-3f96-8426-7764444d12ff,  -26.600400 ,  -52.424180 ,2023-09-18 17:15:00,Brasil,SANTA CATARINA,IPUAÇU,Mata Atlântica
 1651433338 ,37402715-65ac-38bb-be8e-69b377de4bbb,  -27.258810 ,  -52.120560 ,2023-09-18 17:15:00,Brasil,SANTA CATARINA,CONCÓRDIA,Mata Atlântica
 1651433339 ,f48b09ca-fd50-328a-916b-5cc6564571ce,  -27.256920 ,  -52.101640 ,2023-09-18 17:15:00,Brasil,SANTA CATARINA,CONCÓRDIA,Mata Atlântica
 1651433340 ,a3b9e75d-3ceb-3078-a382-6b302ddffdf9,  -27.111680 ,  -51.678160 ,2023-09-18 17:15:00,Brasil,SANTA CATARINA,CATANDUVAS,Mata Atlântica
 1651433341 ,ba048e4e-855f-3613-9d5d-ba3dd7c572b2,  -27.103880 ,  -51.686390 ,2023-09-18 17:15:00,Brasil,SANTA CATARINA,CATANDUVAS,Mata Atlântica
 1651433342 ,b4cd6e4f-6ac1-3fa4-8579-a8860033c7ed,  -27.101980 ,  -51.668890 ,2023-09-18 17:15:00,Brasil,SANTA CATARINA,CATANDUVAS,Mata Atlântica
 1651433343 ,dd25536c-7bd5-33dd-8900-738bac780031,  -27.078530 ,  -51.781800 ,2023-09-18 17:15:00,Brasil,SANTA CATARINA,JABORÁ,Mata Atlântica
 1651433344 ,b6c6dcce-d58d-3125-b2ef-0e7ac210070f,  -27.076590 ,  -51.763490 ,2023-09-18 17:15:00,Brasil,SANTA CATARINA,CATANDUVAS,Mata Atlântica
 1651433345 ,e4d6720f-f45d-3da6-8f82-80ed90aa3fe7,  -26.996350 ,  -52.464120 ,2023-09-18 17:15:00,Brasil,SANTA CATARINA,XAXIM,Mata Atlântica
 1651433346 ,224e4de7-8fb8-3b55-910c-3fe6007b36f8,  -26.993140 ,  -52.470290 ,2023-09-18 17:15:00,Brasil,SANTA CATARINA,XAXIM,Mata Atlântica
 1651433414 ,f39d1e61-1599-3038-bbf3-2cd746a333e3,  -26.498510 ,  -53.493140 ,2023-09-18 17:15:00,Brasil,SANTA CATARINA,SÃO JOSÉ DO CEDRO,Mata Atlântica
 1651433415 ,383bfec4-29ce-364d-a2ce-d865f2835a99,  -26.489260 ,  -53.499310 ,2023-09-18 17:15:00,Brasil,SANTA CATARINA,SÃO JOSÉ DO CEDRO,Mata Atlântica
 1651434145 ,e1d26133-ff8b-3a6c-807e-d62b0f06d573,  -26.268890 ,  -49.323020 ,2023-09-18 17:15:00,Brasil,SANTA CATARINA,SÃO BENTO DO SUL,Mata Atlântica
 1651434146 ,a8bd6594-49d8-3503-836c-35745ab57fd9,  -26.083930 ,  -48.969340 ,2023-09-18 17:15:00,Brasil,SANTA CATARINA,GARUVA,Mata Atlântica
 1651434154 ,091bc7eb-e08a-348e-a475-e5affbd96d8f,  -27.136040 ,  -49.507340 ,2023-09-18 17:15:00,Brasil,SANTA CATARINA,LONTRAS,Mata Atlântica
 1651434155 ,85470d77-d6d1-3aff-8837-a74c95dd6126,  -27.049110 ,  -49.632420 ,2023-09-18 17:15:00,Brasil,SANTA CATARINA,PRESIDENTE GETÚLIO,Mata Atlântica
 1651434156 ,4d72a1c6-931d-3319-bf56-896542820cbe,  -26.915770 ,  -49.709230 ,2023-09-18 17:15:00,Brasil,SANTA CATARINA,JOSÉ BOITEUX,Mata Atlântica
 1651434288 ,bb0a1cef-3815-3aec-a0fe-e1bdbca054c8,  -26.717330 ,  -49.824750 ,2023-09-18 17:15:00,Brasil,SANTA CATARINA,VITOR MEIRELES,Mata Atlântica
 1651434289 ,4fa8b467-c101-3d6b-9a6a-d20c423c0a30,  -26.716380 ,  -49.831720 ,2023-09-18 17:15:00,Brasil,SANTA CATARINA,VITOR MEIRELES,Mata Atlântica
 1651434290 ,409754fa-1285-39f0-82a2-ba6cd336a493,  -26.714920 ,  -49.819150 ,2023-09-18 17:15:00,Brasil,SANTA CATARINA,VITOR MEIRELES,Mata Atlântica
 1651434291 ,d0cb7c32-8e2b-392e-889a-e1cb8c4907ff,  -26.490110 ,  -50.156350 ,2023-09-18 17:15:00,Brasil,SANTA CATARINA,PAPANDUVA,Mata Atlântica
 1651434292 ,e1d1a155-71df-3671-b7fe-17b923cb0573,  -26.484750 ,  -50.162740 ,2023-09-18 17:15:00,Brasil,SANTA CATARINA,PAPANDUVA,Mata Atlântica
 1651434293 ,104d6cc9-f240-36b4-9cf0-16de54bdf585,  -26.453390 ,  -50.166140 ,2023-09-18 17:15:00,Brasil,SANTA CATARINA,PAPANDUVA,Mata Atlântica
 1651434294 ,5586a150-684d-3f1a-a061-705b0a146321,  -26.333610 ,  -50.608750 ,2023-09-18 17:15:00,Brasil,SANTA CATARINA,CANOINHAS,Mata Atlântica
 1651434295 ,90970708-5593-371d-9199-9ba9460a31f2,  -26.121770 ,  -50.636340 ,2023-09-18 17:15:00,Brasil,SANTA CATARINA,CANOINHAS,Mata Atlântica
 1651434298 ,c13baff4-cf8d-330d-a113-1d2a2416ce85,  -27.052560 ,  -50.805390 ,2023-09-18 17:15:00,Brasil,SANTA CATARINA,FRAIBURGO,Mata Atlântica
 1651434299 ,8fed1e32-3be8-3c41-a002-707386233807,  -27.045850 ,  -50.745220 ,2023-09-18 17:15:00,Brasil,SANTA CATARINA,FRAIBURGO,Mata Atlântica
 1651434300 ,b0ae9903-7be4-3b7b-a464-f66d6c59141f,  -27.020000 ,  -49.822970 ,2023-09-18 17:15:00,Brasil,SANTA CATARINA,PRESIDENTE GETÚLIO,Mata Atlântica
 1651434301 ,df48c9ce-4610-3c31-af1f-c82ab73abdb5,  -27.018450 ,  -49.809820 ,2023-09-18 17:15:00,Brasil,SANTA CATARINA,PRESIDENTE GETÚLIO,Mata Atlântica
 1651434302 ,08f417ae-0095-3fcc-8a9d-edf4e1da5493,  -26.902130 ,  -50.015480 ,2023-09-18 17:15:00,Brasil,SANTA CATARINA,SALETE,Mata Atlântica
 1651434303 ,72082443-014e-3fb8-9bc7-4e8a29374dab,  -26.864630 ,  -50.147240 ,2023-09-18 17:15:00,Brasil,SANTA CATARINA,RIO DO CAMPO,Mata Atlântica
 1651434304 ,e8b08288-de54-3f30-a28f-07bc85a220f8,  -26.669120 ,  -51.254720 ,2023-09-18 17:15:00,Brasil,SANTA CATARINA,CAÇADOR,Mata Atlântica
 1651434305 ,4fbef443-46c1-32ba-b372-36c44ce46806,  -26.659090 ,  -50.945160 ,2023-09-18 17:15:00,Brasil,SANTA CATARINA,CALMON,Mata Atlântica
 1651434306 ,f882b812-72de-361b-83cf-7e9bea5cde0c,  -26.657440 ,  -50.929900 ,2023-09-18 17:15:00,Brasil,SANTA CATARINA,CALMON,Mata Atlântica
 1651434307 ,30a18613-15f2-32f9-be27-63ca080bc346,  -26.655770 ,  -50.936770 ,2023-09-18 17:15:00,Brasil,SANTA CATARINA,CALMON,Mata Atlântica
 1651954652 ,a9794f94-c184-34fe-a9d5-e19bfcf07ec4,  -28.542880 ,  -49.406960 ,2023-09-21 17:41:00,Brasil,SANTA CATARINA,SIDERÓPOLIS,Mata Atlântica
 1651954653 ,6bc8fbae-a29b-3fed-91a4-da20292841ce,  -26.970650 ,  -52.737300 ,2023-09-21 17:41:00,Brasil,SANTA CATARINA,CHAPECÓ,Mata Atlântica
 1652528752 ,e29c675d-00dd-369b-933d-60705beb1fca,  -26.235830 ,  -50.458730 ,2023-09-23 17:26:00,Brasil,SANTA CATARINA,BELA VISTA DO TOLDO,Mata Atlântica
 1652528753 ,f52a20a3-d5d4-3f62-b96c-ebae25788827,  -26.231640 ,  -50.427950 ,2023-09-23 17:26:00,Brasil,SANTA CATARINA,CANOINHAS,Mata Atlântica
 1652528754 ,79f7eb90-0b7c-3eea-a2b8-47b7ef9c9fd9,  -26.226740 ,  -50.460250 ,2023-09-23 17:26:00,Brasil,SANTA CATARINA,CANOINHAS,Mata Atlântica
 1652528758 ,e2c53898-cc96-326b-afb8-f99ef4d31f88,  -26.942240 ,  -50.657610 ,2023-09-23 17:26:00,Brasil,SANTA CATARINA,LEBON RÉGIS,Mata Atlântica
 1652528805 ,ca6136a4-aac8-3010-a95a-8893b622d566,  -26.926020 ,  -51.673870 ,2023-09-23 17:26:00,Brasil,SANTA CATARINA,ÁGUA DOCE,Mata Atlântica
 1652528806 ,4d3d5646-5265-35a1-b6ef-b50721bf8636,  -26.917910 ,  -51.687100 ,2023-09-23 17:26:00,Brasil,SANTA CATARINA,ÁGUA DOCE,Mata Atlântica
 1652528807 ,f3c11fc0-6557-3a6e-96a2-88fa4408a277,  -26.916460 ,  -51.675480 ,2023-09-23 17:26:00,Brasil,SANTA CATARINA,ÁGUA DOCE,Mata Atlântica
 1653476087 ,884892e6-ec49-3451-b240-3edbf8da3b4d,  -27.574150 ,  -51.379280 ,2023-09-28 17:39:00,Brasil,SANTA CATARINA,CAMPOS NOVOS,Mata Atlântica
 1653476089 ,2df30c7c-9382-3500-ae89-ceea94739d6d,  -27.572640 ,  -51.369170 ,2023-09-28 17:39:00,Brasil,SANTA CATARINA,CAMPOS NOVOS,Mata Atlântica
 1641479354 ,d0d1225c-5e78-3685-9aae-8d23566c1e5f,  -27.737130 ,  -50.306210 ,2023-08-01 18:09:00,Brasil,SANTA CATARINA,CORREIA PINTO,Mata Atlântica
 1641479355 ,c3fe1ebe-aa36-3d29-a3f2-a5095c4e1c0e,  -27.732560 ,  -50.302640 ,2023-08-01 18:09:00,Brasil,SANTA CATARINA,LAGES,Mata Atlântica
 1641783977 ,ad6e99ce-8543-3c25-8e79-6d4e2f9dc3c5,  -28.404860 ,  -49.779380 ,2023-08-02 17:11:00,Brasil,SANTA CATARINA,SÃO JOAQUIM,Mata Atlântica
 1641783978 ,ebcea8a7-52a8-3c31-9bb7-9675dd1c53f3,  -28.387980 ,  -49.910310 ,2023-08-02 17:11:00,Brasil,SANTA CATARINA,SÃO JOAQUIM,Mata Atlântica
 1641783979 ,4b577b90-3d36-390f-b58f-40a5374d2097,  -28.386320 ,  -49.895620 ,2023-08-02 17:11:00,Brasil,SANTA CATARINA,SÃO JOAQUIM,Mata Atlântica
 1641783980 ,502d67e6-d51c-3d09-8536-8b772b70e170,  -28.384400 ,  -50.211660 ,2023-08-02 17:11:00,Brasil,SANTA CATARINA,SÃO JOAQUIM,Mata Atlântica
 1641783981 ,3e42307d-b7af-3a16-8449-764749a9e785,  -28.360170 ,  -49.575650 ,2023-08-02 17:11:00,Brasil,SANTA CATARINA,BOM JARDIM DA SERRA,Mata Atlântica
 1641783982 ,f0fb61cb-fb37-3c29-8d59-16016420227f,  -28.357490 ,  -49.978500 ,2023-08-02 17:11:00,Brasil,SANTA CATARINA,SÃO JOAQUIM,Mata Atlântica
 1641783984 ,df190cdd-1836-3a55-ae0e-c27056d28f38,  -28.328610 ,  -49.643070 ,2023-08-02 17:11:00,Brasil,SANTA CATARINA,BOM JARDIM DA SERRA,Mata Atlântica
 1641783986 ,4769f0e0-c206-3e9d-8ee2-c68372811aa2,  -28.326940 ,  -49.629110 ,2023-08-02 17:11:00,Brasil,SANTA CATARINA,BOM JARDIM DA SERRA,Mata Atlântica
 1641783987 ,c6a2421b-17ac-39b4-b43c-0822d17cde17,  -28.322660 ,  -50.564270 ,2023-08-02 17:11:00,Brasil,SANTA CATARINA,LAGES,Mata Atlântica
 1641783989 ,3a0fdbff-1bd3-38a1-b7bc-d27f19840940,  -28.317190 ,  -50.226500 ,2023-08-02 17:11:00,Brasil,SANTA CATARINA,SÃO JOAQUIM,Mata Atlântica
 1641783990 ,48269b70-7f6d-3f80-a26b-a37caea5b24f,  -28.305620 ,  -49.374060 ,2023-08-02 17:11:00,Brasil,SANTA CATARINA,ORLEANS,Mata Atlântica
 1641783991 ,b044da37-7f40-3d21-a4f8-6ba0e29e8049,  -28.284700 ,  -50.522140 ,2023-08-02 17:11:00,Brasil,SANTA CATARINA,LAGES,Mata Atlântica
 1641783992 ,35536575-2109-3f5c-950c-c8e622eb76f9,  -28.242410 ,  -50.238190 ,2023-08-02 17:11:00,Brasil,SANTA CATARINA,LAGES,Mata Atlântica
 1641783993 ,728a8e22-e00a-3adc-b541-c1186b5d1fdc,  -28.217750 ,  -50.211560 ,2023-08-02 17:11:00,Brasil,SANTA CATARINA,SÃO JOAQUIM,Mata Atlântica
 1641783994 ,26141f66-f9cd-39ea-8b3f-a0f7a5a05027,  -28.184230 ,  -50.542650 ,2023-08-02 17:11:00,Brasil,SANTA CATARINA,CAPÃO ALTO,Mata Atlântica
 1641783995 ,d2a875d0-9133-3b51-a937-875955344556,  -28.179290 ,  -50.497320 ,2023-08-02 17:11:00,Brasil,SANTA CATARINA,LAGES,Mata Atlântica
 1641783996 ,e4fd2825-890c-355e-b378-f388fd1c621b,  -28.177290 ,  -50.091030 ,2023-08-02 17:11:00,Brasil,SANTA CATARINA,SÃO JOAQUIM,Mata Atlântica
 1641783997 ,80cc138e-7816-3e7b-a0bf-6337b4e40820,  -28.168480 ,  -49.769570 ,2023-08-02 17:11:00,Brasil,SANTA CATARINA,SÃO JOAQUIM,Mata Atlântica
 1641783998 ,642b6ef4-1cd3-30bd-ad94-97a738024cc0,  -28.157480 ,  -50.499930 ,2023-08-02 17:11:00,Brasil,SANTA CATARINA,LAGES,Mata Atlântica
 1641783999 ,fa361e36-4d26-34bc-845f-14045a667b2e,  -28.155870 ,  -50.505280 ,2023-08-02 17:11:00,Brasil,SANTA CATARINA,LAGES,Mata Atlântica
 1641784000 ,b40da4b8-8769-336a-8044-fc791b1acab6,  -28.080550 ,  -50.227250 ,2023-08-02 17:11:00,Brasil,SANTA CATARINA,LAGES,Mata Atlântica
 1641784001 ,642c1a5c-a920-3547-9eb7-897561797aed,  -28.038270 ,  -49.259890 ,2023-08-02 17:11:00,Brasil,SANTA CATARINA,RIO FORTUNA,Mata Atlântica
 1641784002 ,399c4f1c-cce1-38d2-929f-b9d5b7ca7125,  -27.963960 ,  -49.916810 ,2023-08-02 17:11:00,Brasil,SANTA CATARINA,URUPEMA,Mata Atlântica
 1641784003 ,83cc489b-6719-33d8-b6d8-aa972f3aaf1c,  -27.962320 ,  -49.902650 ,2023-08-02 17:11:00,Brasil,SANTA CATARINA,URUPEMA,Mata Atlântica
 1641784004 ,6ba289ed-84c8-3269-ba6d-9b28703d3059,  -27.938340 ,  -50.486250 ,2023-08-02 17:11:00,Brasil,SANTA CATARINA,CAPÃO ALTO,Mata Atlântica
 1641784005 ,39258988-0b3f-3b46-8a24-b72e32873140,  -27.898910 ,  -50.046200 ,2023-08-02 17:11:00,Brasil,SANTA CATARINA,PAINEL,Mata Atlântica
 1641784007 ,e7851526-75cc-35fc-8a5e-174f09aac1f1,  -27.896760 ,  -51.042430 ,2023-08-02 17:11:00,Brasil,SANTA CATARINA,CERRO NEGRO,Mata Atlântica
 1641784008 ,5508207d-3dd6-3fb6-8e13-f5a78f70d02d,  -27.881060 ,  -50.465000 ,2023-08-02 17:11:00,Brasil,SANTA CATARINA,CAPÃO ALTO,Mata Atlântica
 1641784009 ,15225c40-f986-3dca-a409-61761e188d6f,  -27.870740 ,  -51.012340 ,2023-08-02 17:11:00,Brasil,SANTA CATARINA,CERRO NEGRO,Mata Atlântica
 1641784010 ,355fb3f7-230d-3032-afeb-6796b03532cb,  -27.868990 ,  -50.995860 ,2023-08-02 17:11:00,Brasil,SANTA CATARINA,CERRO NEGRO,Mata Atlântica
 1641784011 ,6ec9a90b-05a1-382c-bb38-f03a555af270,  -27.867070 ,  -50.769410 ,2023-08-02 17:11:00,Brasil,SANTA CATARINA,CAMPO BELO DO SUL,Mata Atlântica
 1641784020 ,092290f3-630a-3fb9-bee7-435216dec15c,  -26.906920 ,  -50.842120 ,2023-08-02 17:11:00,Brasil,SANTA CATARINA,FRAIBURGO,Mata Atlântica
 1641784021 ,c9950084-370d-31f3-bdcf-8e9b10ac028e,  -26.888920 ,  -51.499780 ,2023-08-02 17:11:00,Brasil,SANTA CATARINA,TREZE TÍLIAS,Mata Atlântica
 1641785061 ,6332dbaa-291b-3b5f-a6bc-988e987cae75,  -29.179550 ,  -49.849890 ,2023-08-02 17:11:00,Brasil,SANTA CATARINA,SÃO JOÃO DO SUL,Mata Atlântica
 1641785062 ,d3d93723-9e80-3dc2-88d0-3468ddb8dc05,  -29.175680 ,  -49.855880 ,2023-08-02 17:11:00,Brasil,SANTA CATARINA,SÃO JOÃO DO SUL,Mata Atlântica
 1641785092 ,d19ec8ab-ac90-3d73-893a-68f38e232180,  -28.740000 ,  -49.893420 ,2023-08-02 17:11:00,Brasil,SANTA CATARINA,TIMBÉ DO SUL,Mata Atlântica
 1641785112 ,6c16bccd-4408-3666-803c-bbf4fd0cd1ae,  -28.511040 ,  -49.730400 ,2023-08-02 17:11:00,Brasil,SANTA CATARINA,BOM JARDIM DA SERRA,Mata Atlântica
 1641785113 ,1258134b-e140-3296-bbe3-70392001d5fe,  -28.509360 ,  -49.716170 ,2023-08-02 17:11:00,Brasil,SANTA CATARINA,BOM JARDIM DA SERRA,Mata Atlântica
 1641785120 ,a72abb85-d3e5-3968-8556-492fbc4914e0,  -28.454970 ,  -49.794940 ,2023-08-02 17:11:00,Brasil,SANTA CATARINA,BOM JARDIM DA SERRA,Mata Atlântica
 1641948665 ,68d45c56-bfd8-35d3-8088-1aa437d23fa8,  -28.267160 ,  -50.448340 ,2023-08-03 17:54:00,Brasil,SANTA CATARINA,LAGES,Mata Atlântica
 1641948687 ,fd0a17a3-3aa6-37ea-91db-6a38e80afc0d,  -28.430580 ,  -50.307870 ,2023-08-03 17:54:00,Brasil,SANTA CATARINA,SÃO JOAQUIM,Mata Atlântica
 1641948688 ,7195c389-6171-3810-9ea2-5feccfe530cf,  -28.428480 ,  -50.321910 ,2023-08-03 17:54:00,Brasil,SANTA CATARINA,SÃO JOAQUIM,Mata Atlântica
 1641948689 ,56416ead-dbc0-3ff8-95cf-daee41cfdf3a,  -28.425060 ,  -50.304340 ,2023-08-03 17:54:00,Brasil,SANTA CATARINA,SÃO JOAQUIM,Mata Atlântica
 1641948691 ,cf363c38-b66d-3a15-8e14-a1c21168c3c5,  -28.382400 ,  -49.896010 ,2023-08-03 17:54:00,Brasil,SANTA CATARINA,SÃO JOAQUIM,Mata Atlântica
 1641948692 ,440fd353-7bde-392b-9ac4-48ee572241a5,  -28.352910 ,  -50.026370 ,2023-08-03 17:54:00,Brasil,SANTA CATARINA,SÃO JOAQUIM,Mata Atlântica
 1641948693 ,a144c5fd-806d-3d3a-a1d9-410a80a2b1cd,  -28.298750 ,  -50.002110 ,2023-08-03 17:54:00,Brasil,SANTA CATARINA,SÃO JOAQUIM,Mata Atlântica
 1641948695 ,a96b614c-d1bf-378b-9cc6-96dd450af3f2,  -28.272080 ,  -50.452380 ,2023-08-03 17:54:00,Brasil,SANTA CATARINA,LAGES,Mata Atlântica
 1641948696 ,451c112a-c984-355a-a0c4-a4db8b3b421a,  -28.092810 ,  -50.319390 ,2023-08-03 17:54:00,Brasil,SANTA CATARINA,LAGES,Mata Atlântica
 1641948697 ,3455e0d4-ddbb-3a6b-99f0-deb56aef3684,  -28.020770 ,  -50.729670 ,2023-08-03 17:54:00,Brasil,SANTA CATARINA,CAPÃO ALTO,Mata Atlântica
 1641948698 ,552a54da-934e-357b-890b-62bf1f9f04c9,  -28.016980 ,  -50.211320 ,2023-08-03 17:54:00,Brasil,SANTA CATARINA,LAGES,Mata Atlântica
 1641948699 ,6ac14b03-552b-3f27-a55d-7826b467a27c,  -28.007280 ,  -49.270400 ,2023-08-03 17:54:00,Brasil,SANTA CATARINA,SANTA ROSA DE LIMA,Mata Atlântica
 1641948700 ,a3a0c13d-fa05-39fb-8aad-443277546fde,  -27.905280 ,  -51.044760 ,2023-08-03 17:54:00,Brasil,SANTA CATARINA,CERRO NEGRO,Mata Atlântica
 1641948701 ,29ab1eb4-ce36-33e6-bacb-774334f8d897,  -27.894240 ,  -51.047870 ,2023-08-03 17:54:00,Brasil,SANTA CATARINA,CERRO NEGRO,Mata Atlântica
 1641948702 ,f798da0a-b907-3b1d-a0b4-f2008490cce7,  -27.891470 ,  -51.032800 ,2023-08-03 17:54:00,Brasil,SANTA CATARINA,CERRO NEGRO,Mata Atlântica
 1641948704 ,415fb1cc-8c80-3d77-818a-dc3140248f00,  -27.253840 ,  -50.658860 ,2023-08-03 17:54:00,Brasil,SANTA CATARINA,CURITIBANOS,Mata Atlântica
 1641948705 ,6e8ad6ac-2d77-3607-b51e-02e987b0a871,  -27.196160 ,  -49.064470 ,2023-08-03 17:54:00,Brasil,SANTA CATARINA,BOTUVERÁ,Mata Atlântica
 1641948706 ,6d3eec5e-d8a1-36e1-80e4-d4c197b70d57,  -27.186760 ,  -50.661490 ,2023-08-03 17:54:00,Brasil,SANTA CATARINA,CURITIBANOS,Mata Atlântica
 1641948707 ,933f56ca-8367-34c9-b9c1-db74608aec83,  -26.994810 ,  -51.323180 ,2023-08-03 17:54:00,Brasil,SANTA CATARINA,IOMERÊ,Mata Atlântica
 1641948708 ,b3ae05c5-af69-33e2-9bb0-213074ce7742,  -26.993580 ,  -50.684680 ,2023-08-03 17:54:00,Brasil,SANTA CATARINA,LEBON RÉGIS,Mata Atlântica
 1641948709 ,933ad1f1-fb37-30c0-a132-74b58e361600,  -26.991910 ,  -51.307410 ,2023-08-03 17:54:00,Brasil,SANTA CATARINA,IOMERÊ,Mata Atlântica
 1641948710 ,7e10dbc8-ebca-3c5e-b35d-d782ef4d96cc,  -26.784500 ,  -51.750950 ,2023-08-03 17:54:00,Brasil,SANTA CATARINA,PONTE SERRADA,Mata Atlântica
 1641948711 ,6d23271a-5137-34ad-bceb-d244ee4520d9,  -26.641150 ,  -51.858350 ,2023-08-03 17:54:00,Brasil,SANTA CATARINA,PASSOS MAIA,Mata Atlântica
 1641948715 ,c3bb493a-cbaa-3e7c-b82b-90773c39d8df,  -26.352810 ,  -51.227260 ,2023-08-03 17:54:00,Brasil,SANTA CATARINA,PORTO UNIÃO,Mata Atlântica
 1641948716 ,a3e63ca7-d233-3227-935d-435b256edea9,  -26.349880 ,  -51.211350 ,2023-08-03 17:54:00,Brasil,SANTA CATARINA,PORTO UNIÃO,Mata Atlântica
 1642124053 ,ab08ba19-803e-361b-beaf-b5e983c97169,  -28.146050 ,  -50.438950 ,2023-08-04 16:58:00,Brasil,SANTA CATARINA,LAGES,Mata Atlântica
 1642124054 ,2d13ab29-a524-3374-a7c7-a734ce02e7ae,  -28.008850 ,  -50.603280 ,2023-08-04 16:58:00,Brasil,SANTA CATARINA,CAPÃO ALTO,Mata Atlântica
 1642124055 ,4de3a895-9c53-3476-bfb4-f20a78733047,  -27.799250 ,  -49.900570 ,2023-08-04 16:58:00,Brasil,SANTA CATARINA,BOCAINA DO SUL,Mata Atlântica
 1642124056 ,3176c465-dc86-3b2a-b61f-27c5314855a6,  -27.779330 ,  -49.010200 ,2023-08-04 16:58:00,Brasil,SANTA CATARINA,ÁGUAS MORNAS,Mata Atlântica
 1642124057 ,c31e7fc9-fd2c-3db1-bea9-8f6096bfe270,  -27.772930 ,  -49.340480 ,2023-08-04 16:58:00,Brasil,SANTA CATARINA,ALFREDO WAGNER,Mata Atlântica
 1642124058 ,baa060c8-daaf-3d43-86cc-50866ddf9320,  -27.770980 ,  -49.336050 ,2023-08-04 16:58:00,Brasil,SANTA CATARINA,ALFREDO WAGNER,Mata Atlântica
 1642124059 ,b77de4c6-b4c2-3895-8218-52d8e83416da,  -27.328190 ,  -50.688630 ,2023-08-04 16:58:00,Brasil,SANTA CATARINA,CURITIBANOS,Mata Atlântica
 1642124060 ,42d6c4c0-e426-3615-b5b4-408b84b34950,  -27.191760 ,  -50.656060 ,2023-08-04 16:58:00,Brasil,SANTA CATARINA,CURITIBANOS,Mata Atlântica
 1642124061 ,6a3bdc5a-a587-3854-be8c-d13df420ae4f,  -27.188100 ,  -50.661380 ,2023-08-04 16:58:00,Brasil,SANTA CATARINA,CURITIBANOS,Mata Atlântica
 1642124062 ,94fd0910-1933-3285-81d2-1a340b7c074d,  -26.992400 ,  -51.322080 ,2023-08-04 16:58:00,Brasil,SANTA CATARINA,IOMERÊ,Mata Atlântica
 1642124063 ,f1167f80-d15f-3561-bb2c-292e497dd272,  -26.939560 ,  -50.536510 ,2023-08-04 16:58:00,Brasil,SANTA CATARINA,SANTA CECÍLIA,Mata Atlântica
 1642124064 ,d3afadac-90f1-320f-95f3-924cb7460d24,  -26.937260 ,  -50.510620 ,2023-08-04 16:58:00,Brasil,SANTA CATARINA,SANTA CECÍLIA,Mata Atlântica
 1642124065 ,ced82b31-2248-3307-ade9-7d8bd6c19ca2,  -26.826750 ,  -51.317100 ,2023-08-04 16:58:00,Brasil,SANTA CATARINA,MACIEIRA,Mata Atlântica
 1642124066 ,7005fabc-1468-3da5-bb72-944a0dfc150f,  -26.734490 ,  -51.126020 ,2023-08-04 16:58:00,Brasil,SANTA CATARINA,CAÇADOR,Mata Atlântica
 1642124067 ,371320fe-ce1f-32ab-b81d-fe586642f1fb,  -26.732160 ,  -51.099180 ,2023-08-04 16:58:00,Brasil,SANTA CATARINA,CAÇADOR,Mata Atlântica
 1642326466 ,b09d9979-670f-3bce-ab62-c07b04b16bfa,  -27.987650 ,  -49.984610 ,2023-08-05 17:39:00,Brasil,SANTA CATARINA,PAINEL,Mata Atlântica
 1642326467 ,71e4b1ea-b013-331b-910e-0850037346e1,  -27.288390 ,  -49.235520 ,2023-08-05 17:39:00,Brasil,SANTA CATARINA,BOTUVERÁ,Mata Atlântica
 1642326468 ,2762fec2-f217-32d3-9512-4584621c09ed,  -26.883540 ,  -49.641720 ,2023-08-05 17:39:00,Brasil,SANTA CATARINA,JOSÉ BOITEUX,Mata Atlântica
 1642326476 ,b8feb36d-c5c3-3562-b9de-d3811b281d22,  -28.246320 ,  -49.936110 ,2023-08-05 17:39:00,Brasil,SANTA CATARINA,SÃO JOAQUIM,Mata Atlântica
 1642326477 ,bced0191-8e6b-3727-bbd7-86b53399e33d,  -28.244420 ,  -49.924510 ,2023-08-05 17:39:00,Brasil,SANTA CATARINA,SÃO JOAQUIM,Mata Atlântica
 1642326491 ,5d3f920c-24a8-3f05-95b0-da3b0df83340,  -26.600510 ,  -50.403450 ,2023-08-05 17:39:00,Brasil,SANTA CATARINA,MAJOR VIEIRA,Mata Atlântica
 1642326493 ,bebc976e-d2b3-3b19-a891-9a6d095bca6c,  -26.544600 ,  -50.186440 ,2023-08-05 17:39:00,Brasil,SANTA CATARINA,PAPANDUVA,Mata Atlântica
 1642326494 ,318dedf9-26e2-31a2-be93-0238babbfb72,  -26.543620 ,  -50.192440 ,2023-08-05 17:39:00,Brasil,SANTA CATARINA,PAPANDUVA,Mata Atlântica
 1642326495 ,146dc420-ee6e-316d-9730-730efb6260c1,  -26.541650 ,  -50.180320 ,2023-08-05 17:39:00,Brasil,SANTA CATARINA,PAPANDUVA,Mata Atlântica
 1642326496 ,b2bc96c1-8091-38e8-b370-791197a7281a,  -26.369430 ,  -50.065180 ,2023-08-05 17:39:00,Brasil,SANTA CATARINA,ITAIÓPOLIS,Mata Atlântica
 1642326497 ,8cc8ed7a-8b53-30c3-869e-88e7385e9c75,  -26.320650 ,  -50.383420 ,2023-08-05 17:39:00,Brasil,SANTA CATARINA,CANOINHAS,Mata Atlântica
 1642326498 ,7bef4cae-1b8d-3ec1-b33c-b58843131c9e,  -26.311080 ,  -50.385420 ,2023-08-05 17:39:00,Brasil,SANTA CATARINA,CANOINHAS,Mata Atlântica
 1642326506 ,ce7664da-5407-3632-bc9b-7d393f6acf7f,  -27.475180 ,  -51.007280 ,2023-08-05 17:39:00,Brasil,SANTA CATARINA,VARGEM,Mata Atlântica
 1642326507 ,3c975839-d2a4-3c04-89b8-8ee4588b4ce8,  -27.453130 ,  -50.646410 ,2023-08-05 17:39:00,Brasil,SANTA CATARINA,CURITIBANOS,Mata Atlântica
 1642326508 ,f2850f92-05b3-3e5d-9a62-ba9047a378a3,  -27.450560 ,  -50.451820 ,2023-08-05 17:39:00,Brasil,SANTA CATARINA,PONTE ALTA,Mata Atlântica
 1642326509 ,498477f3-86d3-3b1f-b3a1-2aa05cf8a44c,  -27.438740 ,  -50.656100 ,2023-08-05 17:39:00,Brasil,SANTA CATARINA,CURITIBANOS,Mata Atlântica
 1642326510 ,bc6bd29c-2c41-3e16-b3ee-e843d8c106df,  -27.437000 ,  -50.645180 ,2023-08-05 17:39:00,Brasil,SANTA CATARINA,CURITIBANOS,Mata Atlântica
 1642326512 ,1b243e82-a3e8-30ad-80a5-46bce634912f,  -27.273480 ,  -50.559090 ,2023-08-05 17:39:00,Brasil,SANTA CATARINA,CURITIBANOS,Mata Atlântica
 1642326513 ,8ca3d951-e529-383a-a2b3-6af17a1ac6be,  -27.271680 ,  -50.548080 ,2023-08-05 17:39:00,Brasil,SANTA CATARINA,CURITIBANOS,Mata Atlântica
 1642326514 ,b3748830-39ae-3acb-8762-92801090ace9,  -27.256080 ,  -50.212510 ,2023-08-05 17:39:00,Brasil,SANTA CATARINA,SÃO CRISTÓVÃO DO SUL,Mata Atlântica
 1642326515 ,0cc59610-d54e-3f8e-b598-b63ad81b40e6,  -27.152900 ,  -51.184750 ,2023-08-05 17:39:00,Brasil,SANTA CATARINA,TANGARÁ,Mata Atlântica
 1642326516 ,d8f47d1b-3ef5-3ee6-8387-bd1c2e54ac75,  -26.971450 ,  -50.737120 ,2023-08-05 17:39:00,Brasil,SANTA CATARINA,LEBON RÉGIS,Mata Atlântica
 1642326517 ,3cff0c2f-c51a-34ad-92a2-1bd684ecbc09,  -26.969700 ,  -50.726150 ,2023-08-05 17:39:00,Brasil,SANTA CATARINA,LEBON RÉGIS,Mata Atlântica
 1642326518 ,43e09d94-e83e-380a-acc5-0884a9d070cd,  -26.836890 ,  -51.112430 ,2023-08-05 17:39:00,Brasil,SANTA CATARINA,RIO DAS ANTAS,Mata Atlântica
 1642326519 ,c1e35f05-c918-3853-b197-45e23709d91e,  -26.822130 ,  -50.568650 ,2023-08-05 17:39:00,Brasil,SANTA CATARINA,LEBON RÉGIS,Mata Atlântica
 1642326520 ,a7ea7b90-7928-3c3c-91db-60bfdf39c3cc,  -28.144510 ,  -50.449650 ,2023-08-05 17:39:00,Brasil,SANTA CATARINA,LAGES,Mata Atlântica
 1642326521 ,e6c92ded-8bad-300c-b776-c1c67ed5d648,  -28.105860 ,  -50.628340 ,2023-08-05 17:39:00,Brasil,SANTA CATARINA,CAPÃO ALTO,Mata Atlântica
 1642326522 ,95f39a57-4eb7-347f-ab1e-841aa11b4e0d,  -28.104100 ,  -50.617400 ,2023-08-05 17:39:00,Brasil,SANTA CATARINA,CAPÃO ALTO,Mata Atlântica
 1642326523 ,02383888-0903-3d93-93f7-784a7f45125e,  -28.076690 ,  -50.209470 ,2023-08-05 17:39:00,Brasil,SANTA CATARINA,LAGES,Mata Atlântica
 1642326524 ,21f31602-8587-357a-85ff-d57b78ab0dcf,  -28.020260 ,  -50.770390 ,2023-08-05 17:39:00,Brasil,SANTA CATARINA,CAMPO BELO DO SUL,Mata Atlântica
 1642326525 ,3cf9b03e-0d03-3bdc-9df6-6ce43e698e73,  -28.019200 ,  -50.719240 ,2023-08-05 17:39:00,Brasil,SANTA CATARINA,CAPÃO ALTO,Mata Atlântica
 1642326526 ,e8cdea68-0858-3c10-b467-4faf028cfb54,  -28.006570 ,  -50.683450 ,2023-08-05 17:39:00,Brasil,SANTA CATARINA,CAPÃO ALTO,Mata Atlântica
 1642326527 ,9190bb5d-fd5c-33c2-be19-6bfae1e029bc,  -28.004850 ,  -50.672610 ,2023-08-05 17:39:00,Brasil,SANTA CATARINA,CAPÃO ALTO,Mata Atlântica
 1642326528 ,36c0dbad-1bd0-31e2-b4ba-73211e1cc113,  -28.003810 ,  -50.564350 ,2023-08-05 17:39:00,Brasil,SANTA CATARINA,CAPÃO ALTO,Mata Atlântica
 1642326529 ,7b626ba7-8b38-379e-a81f-99b2c340c078,  -28.002040 ,  -50.553400 ,2023-08-05 17:39:00,Brasil,SANTA CATARINA,CAPÃO ALTO,Mata Atlântica
 1642326530 ,28be528e-50fa-3cfd-9966-11d7028483a2,  -27.913680 ,  -50.102530 ,2023-08-05 17:39:00,Brasil,SANTA CATARINA,PAINEL,Mata Atlântica
 1642326531 ,e1311f16-ef05-38db-980f-b3058dbade84,  -27.907610 ,  -50.037660 ,2023-08-05 17:39:00,Brasil,SANTA CATARINA,PAINEL,Mata Atlântica
 1642326532 ,65322944-adf7-3d8b-b6c2-c03425834641,  -27.905660 ,  -50.025970 ,2023-08-05 17:39:00,Brasil,SANTA CATARINA,PAINEL,Mata Atlântica
 1642326533 ,6099bfed-6657-3608-b900-a9a5d2488638,  -27.902490 ,  -50.033530 ,2023-08-05 17:39:00,Brasil,SANTA CATARINA,PAINEL,Mata Atlântica
 1642326536 ,a744afd5-075a-3b91-9f96-23ccf1628130,  -27.826260 ,  -50.049620 ,2023-08-05 17:39:00,Brasil,SANTA CATARINA,PAINEL,Mata Atlântica
 1642326537 ,65f06ace-1ca4-33af-bc1c-606f35c7744a,  -27.824310 ,  -50.037910 ,2023-08-05 17:39:00,Brasil,SANTA CATARINA,PAINEL,Mata Atlântica
 1642326538 ,a74dbeff-d8f0-328b-ac69-29df65f54db4,  -27.777780 ,  -50.370900 ,2023-08-05 17:39:00,Brasil,SANTA CATARINA,LAGES,Mata Atlântica
 1642326539 ,9057a26a-8926-348c-923a-45644841e894,  -27.768260 ,  -50.767340 ,2023-08-05 17:39:00,Brasil,SANTA CATARINA,CAMPO BELO DO SUL,Mata Atlântica
 1642326540 ,94d39f6f-90ed-36c1-92b6-27d4a4c4ac2e,  -27.736500 ,  -50.570030 ,2023-08-05 17:39:00,Brasil,SANTA CATARINA,LAGES,Mata Atlântica
 1642326541 ,3d1771cf-8d67-3570-abbf-6909f283f75a,  -27.672150 ,  -50.679780 ,2023-08-05 17:39:00,Brasil,SANTA CATARINA,SÃO JOSÉ DO CERRITO,Mata Atlântica
 1642326542 ,902f2876-83db-3d75-a043-8f210a3a637b,  -27.631230 ,  -51.351300 ,2023-08-05 17:39:00,Brasil,SANTA CATARINA,CELSO RAMOS,Mata Atlântica
 1642326543 ,24ffd20c-cce4-3d70-aa8a-28b5d14a65b9,  -27.559330 ,  -50.676150 ,2023-08-05 17:39:00,Brasil,SANTA CATARINA,SÃO JOSÉ DO CERRITO,Mata Atlântica
 1642326544 ,58716c2f-033c-3734-8802-bac8d0f80c8d,  -27.549400 ,  -51.248760 ,2023-08-05 17:39:00,Brasil,SANTA CATARINA,CAMPOS NOVOS,Mata Atlântica
 1642326545 ,3079360c-35b4-33af-b7eb-2cd494e4da70,  -27.541770 ,  -50.508270 ,2023-08-05 17:39:00,Brasil,SANTA CATARINA,CORREIA PINTO,Mata Atlântica
 1642326582 ,bc0e24d6-1c68-305d-b96a-b4cc578c62f5,  -28.281770 ,  -50.454520 ,2023-08-05 17:39:00,Brasil,SANTA CATARINA,LAGES,Mata Atlântica
 1642326583 ,59bfdd8c-9530-3015-9192-d9376d8987cb,  -28.277810 ,  -50.489620 ,2023-08-05 17:39:00,Brasil,SANTA CATARINA,LAGES,Mata Atlântica
 1642326584 ,693bdd2d-8440-356b-968a-dbd9a758b201,  -28.266730 ,  -50.480590 ,2023-08-05 17:39:00,Brasil,SANTA CATARINA,LAGES,Mata Atlântica
 1642326585 ,e4dbf1e1-0ee6-3b41-a3f7-af09fe77994c,  -28.243000 ,  -50.393960 ,2023-08-05 17:39:00,Brasil,SANTA CATARINA,LAGES,Mata Atlântica
 1642326586 ,d7484a97-31ad-368f-b88f-ed77716a5c86,  -28.241190 ,  -50.382900 ,2023-08-05 17:39:00,Brasil,SANTA CATARINA,LAGES,Mata Atlântica
 1642326587 ,d66d51e4-4e09-348a-9a44-c81b6c76ca2d,  -28.239340 ,  -50.400360 ,2023-08-05 17:39:00,Brasil,SANTA CATARINA,LAGES,Mata Atlântica
 1642326588 ,eb81f283-3737-3da2-ac09-1da35bb2e170,  -28.237560 ,  -50.389210 ,2023-08-05 17:39:00,Brasil,SANTA CATARINA,LAGES,Mata Atlântica
 1642326589 ,7bdd959c-1f42-3d07-ad3e-0643be07bfe8,  -28.221950 ,  -50.472570 ,2023-08-05 17:39:00,Brasil,SANTA CATARINA,LAGES,Mata Atlântica
 1642326590 ,2a4bc708-e572-33a9-a12d-408dada6134b,  -28.189680 ,  -50.734350 ,2023-08-05 17:39:00,Brasil,SANTA CATARINA,CAPÃO ALTO,Mata Atlântica
 1642326623 ,75455ff2-09b0-39c4-8437-502b13d26088,  -26.714430 ,  -51.690320 ,2023-08-05 17:39:00,Brasil,SANTA CATARINA,ÁGUA DOCE,Mata Atlântica
 1642326624 ,e6a5e035-204c-3ccb-9d27-f7eaff8c4f0a,  -26.700010 ,  -51.597290 ,2023-08-05 17:39:00,Brasil,SANTA CATARINA,ÁGUA DOCE,Mata Atlântica
 1642326625 ,263d3bda-e592-3fd5-80a4-9c06a232a5c8,  -26.671380 ,  -51.588160 ,2023-08-05 17:39:00,Brasil,SANTA CATARINA,ÁGUA DOCE,Mata Atlântica
 1642326626 ,59c96811-12b2-3ef7-8427-1fd16a7a142b,  -26.669790 ,  -51.577830 ,2023-08-05 17:39:00,Brasil,SANTA CATARINA,ÁGUA DOCE,Mata Atlântica
 1642326627 ,a60b0b48-2004-3587-b369-dc1fce0d89d4,  -26.629660 ,  -52.221710 ,2023-08-05 17:39:00,Brasil,SANTA CATARINA,ABELARDO LUZ,Mata Atlântica
 1642326628 ,78515a26-4058-3ef2-853f-fbc09e5f0ed3,  -26.628140 ,  -52.211620 ,2023-08-05 17:39:00,Brasil,SANTA CATARINA,ABELARDO LUZ,Mata Atlântica
 1642326635 ,fd25270e-0649-35bd-99da-7502866446a3,  -26.348230 ,  -51.186100 ,2023-08-05 17:39:00,Brasil,SANTA CATARINA,PORTO UNIÃO,Mata Atlântica
 1642326641 ,1443a672-97bc-37e3-a993-c9ae66877637,  -27.173240 ,  -51.914030 ,2023-08-05 17:39:00,Brasil,SANTA CATARINA,CONCÓRDIA,Mata Atlântica
 1642326642 ,903e58ae-49b3-3f07-971c-035affe92813,  -27.113050 ,  -52.130650 ,2023-08-05 17:39:00,Brasil,SANTA CATARINA,IPUMIRIM,Mata Atlântica
 1642326643 ,ac38e13a-2188-3827-a4cc-7faa37f60f61,  -27.104730 ,  -52.819040 ,2023-08-05 17:39:00,Brasil,SANTA CATARINA,GUATAMBÚ,Mata Atlântica
 1642326644 ,f37998d9-0414-3316-9bc9-9070b039e64d,  -27.073550 ,  -51.627180 ,2023-08-05 17:39:00,Brasil,SANTA CATARINA,JOAÇABA,Mata Atlântica
 1642326645 ,7fbaa5ea-481a-3788-92cd-c295c56b5b57,  -27.064490 ,  -51.629070 ,2023-08-05 17:39:00,Brasil,SANTA CATARINA,CATANDUVAS,Mata Atlântica
 1642326646 ,bbff1c02-d238-3400-a43e-c89ab72dbf23,  -27.014300 ,  -52.082450 ,2023-08-05 17:39:00,Brasil,SANTA CATARINA,LINDÓIA DO SUL,Mata Atlântica
 1642326647 ,30d0abc2-bd94-38d1-b512-55b0d855f33f,  -27.012780 ,  -52.072320 ,2023-08-05 17:39:00,Brasil,SANTA CATARINA,LINDÓIA DO SUL,Mata Atlântica
 1642326648 ,d9762449-d940-331f-ba92-57bd2e75c03b,  -26.975250 ,  -52.069120 ,2023-08-05 17:39:00,Brasil,SANTA CATARINA,LINDÓIA DO SUL,Mata Atlântica
 1642326649 ,2f8ff46f-928b-3ee7-af39-0ef6f7c5463e,  -26.973740 ,  -52.059090 ,2023-08-05 17:39:00,Brasil,SANTA CATARINA,LINDÓIA DO SUL,Mata Atlântica
 1642326650 ,564e745e-2239-35df-a30e-98e0a6ba617f,  -26.880780 ,  -51.452790 ,2023-08-05 17:39:00,Brasil,SANTA CATARINA,SALTO VELOSO,Mata Atlântica
 1642326651 ,27a77b1c-125a-382c-9502-2b1c33f40ee0,  -26.879120 ,  -51.442130 ,2023-08-05 17:39:00,Brasil,SANTA CATARINA,SALTO VELOSO,Mata Atlântica
 1642326774 ,38518e9e-6809-303d-804a-cf27f70833fd,  -27.056950 ,  -53.193870 ,2023-08-05 17:39:00,Brasil,SANTA CATARINA,PALMITOS,Mata Atlântica
 1642326775 ,f27863d2-2674-34e4-8b10-5f06bb569b32,  -27.055520 ,  -53.183860 ,2023-08-05 17:39:00,Brasil,SANTA CATARINA,PALMITOS,Mata Atlântica
 1642668627 ,c2abc9cf-fe88-3835-91d2-d5def693c9d3,  -26.801200 ,  -49.536740 ,2023-08-07 17:24:00,Brasil,SANTA CATARINA,DOUTOR PEDRINHO,Mata Atlântica
 1644241202 ,42832134-4121-3e6b-9cf0-9241314b4acd,  -28.063360 ,  -50.322650 ,2023-08-14 17:24:00,Brasil,SANTA CATARINA,LAGES,Mata Atlântica
 1644241256 ,bdb55a39-d3e4-34fd-a70c-b135c6d12fc2,  -28.256700 ,  -50.546870 ,2023-08-14 17:24:00,Brasil,SANTA CATARINA,LAGES,Mata Atlântica
 1644241257 ,20ea8f8c-d32f-3ce8-8b1d-a954e4f0e8c9,  -28.226260 ,  -50.580860 ,2023-08-14 17:24:00,Brasil,SANTA CATARINA,CAPÃO ALTO,Mata Atlântica
 1644241263 ,1338ebb0-22ff-3417-87df-be81e9b91abe,  -28.413250 ,  -50.339130 ,2023-08-14 17:24:00,Brasil,SANTA CATARINA,SÃO JOAQUIM,Mata Atlântica
 1644241264 ,2fd3da7b-5b04-3240-a32b-609fe9f0b1b2,  -28.250410 ,  -50.278560 ,2023-08-14 17:24:00,Brasil,SANTA CATARINA,LAGES,Mata Atlântica
 1644241265 ,5b3cdc3d-7465-3038-9ae1-d7e4f00ddd2f,  -28.230480 ,  -50.270790 ,2023-08-14 17:24:00,Brasil,SANTA CATARINA,LAGES,Mata Atlântica
 1644241413 ,760599c7-c1e6-358e-8a56-92b04c97d5e4,  -28.132610 ,  -50.227730 ,2023-08-14 17:24:00,Brasil,SANTA CATARINA,LAGES,Mata Atlântica
 1644241414 ,7c1fbd02-ec2d-377a-ab7a-0a70da487c36,  -28.089520 ,  -50.163940 ,2023-08-14 17:24:00,Brasil,SANTA CATARINA,PAINEL,Mata Atlântica
 1644241415 ,5ba8c0d9-ab5f-3de3-b7a3-7638468ea165,  -28.088090 ,  -50.153260 ,2023-08-14 17:24:00,Brasil,SANTA CATARINA,PAINEL,Mata Atlântica
 1644241416 ,783840a0-239b-3ed8-aa1e-fe5bf73e65f6,  -28.069760 ,  -50.299360 ,2023-08-14 17:24:00,Brasil,SANTA CATARINA,LAGES,Mata Atlântica
 1644241417 ,18fbb1c8-c164-3850-8476-c742918298ea,  -28.065430 ,  -50.124440 ,2023-08-14 17:24:00,Brasil,SANTA CATARINA,PAINEL,Mata Atlântica
 1644241418 ,ae46163a-3633-3a76-b600-a2bab794b745,  -28.061940 ,  -50.311820 ,2023-08-14 17:24:00,Brasil,SANTA CATARINA,LAGES,Mata Atlântica
 1644241568 ,0dbd3091-d4a5-3df7-bdd0-b3da98261d34,  -28.038410 ,  -49.923060 ,2023-08-14 17:24:00,Brasil,SANTA CATARINA,URUPEMA,Mata Atlântica
 1644241588 ,84118e0f-3f16-3cb9-ae18-f9d1f9f935f3,  -28.629890 ,  -49.756480 ,2023-08-14 17:24:00,Brasil,SANTA CATARINA,MORRO GRANDE,Mata Atlântica
 1644241589 ,990245d6-8912-3679-a214-04e26531b925,  -28.474820 ,  -49.623130 ,2023-08-14 17:24:00,Brasil,SANTA CATARINA,BOM JARDIM DA SERRA,Mata Atlântica
 1644241590 ,c4aef8f6-9db6-36e5-9939-b868cf8b154b,  -28.383560 ,  -50.111320 ,2023-08-14 17:24:00,Brasil,SANTA CATARINA,SÃO JOAQUIM,Mata Atlântica
 1644241591 ,14c9ba46-c721-356c-b555-abc40ebbcd2b,  -28.378590 ,  -50.002290 ,2023-08-14 17:24:00,Brasil,SANTA CATARINA,SÃO JOAQUIM,Mata Atlântica
 1644241592 ,cbd723ea-1236-36a7-b0de-f163e82a75d1,  -28.344800 ,  -49.949260 ,2023-08-14 17:24:00,Brasil,SANTA CATARINA,SÃO JOAQUIM,Mata Atlântica
 1644241593 ,7a4f0d93-8a1d-3917-b7a2-5a6a5b70eef3,  -28.303260 ,  -49.988980 ,2023-08-14 17:24:00,Brasil,SANTA CATARINA,SÃO JOAQUIM,Mata Atlântica
 1644241836 ,236ed973-0767-3a4c-afa1-93de1df58a94,  -28.134040 ,  -50.238560 ,2023-08-14 17:24:00,Brasil,SANTA CATARINA,LAGES,Mata Atlântica
 1644422872 ,729ccbc9-c17e-3011-81e6-469080277923,  -28.290500 ,  -50.564520 ,2023-08-15 18:04:00,Brasil,SANTA CATARINA,LAGES,Mata Atlântica
 1644422873 ,68b7160d-8448-30f5-b84b-65b7c8ae0b41,  -28.242190 ,  -49.686740 ,2023-08-15 18:04:00,Brasil,SANTA CATARINA,BOM JARDIM DA SERRA,Mata Atlântica
 1644422874 ,bf90c843-3d9a-3f4d-923c-c6c8a963844a,  -28.241980 ,  -49.694130 ,2023-08-15 18:04:00,Brasil,SANTA CATARINA,BOM JARDIM DA SERRA,Mata Atlântica
 1644422875 ,03a463e7-49ca-3501-bbf5-b5352eca02f0,  -28.230260 ,  -50.061560 ,2023-08-15 18:04:00,Brasil,SANTA CATARINA,SÃO JOAQUIM,Mata Atlântica
 1644422876 ,e5793092-e3ea-32c6-812f-7b708897f7ee,  -28.229590 ,  -50.066620 ,2023-08-15 18:04:00,Brasil,SANTA CATARINA,SÃO JOAQUIM,Mata Atlântica
 1644422877 ,59d7d7d6-28d5-3499-a492-bd60b7d092e5,  -28.122370 ,  -50.423000 ,2023-08-15 18:04:00,Brasil,SANTA CATARINA,LAGES,Mata Atlântica
 1644422878 ,4cd70119-6e8d-3c84-b2e2-806103eb507a,  -28.119800 ,  -50.428890 ,2023-08-15 18:04:00,Brasil,SANTA CATARINA,LAGES,Mata Atlântica
 1644422879 ,5b1e1f1d-c9ea-3802-97e1-c3521d6f74a8,  -28.009910 ,  -50.353450 ,2023-08-15 18:04:00,Brasil,SANTA CATARINA,LAGES,Mata Atlântica
 1644422880 ,95354c4c-c03f-32df-bc3d-19439be9d529,  -27.999410 ,  -50.348030 ,2023-08-15 18:04:00,Brasil,SANTA CATARINA,LAGES,Mata Atlântica
 1644624295 ,87808dcc-6aaf-374c-98ef-20aa009c3973,  -29.208580 ,  -50.123810 ,2023-08-16 17:09:00,Brasil,SANTA CATARINA,PRAIA GRANDE,Mata Atlântica
 1644624334 ,e3be0cc1-0f12-35cf-8812-29b51e64bdf1,  -28.595200 ,  -49.704070 ,2023-08-16 17:09:00,Brasil,SANTA CATARINA,BOM JARDIM DA SERRA,Mata Atlântica
 1644624338 ,e87af39b-08d7-3e55-9d59-150c3f525713,  -28.543700 ,  -49.652350 ,2023-08-16 17:09:00,Brasil,SANTA CATARINA,BOM JARDIM DA SERRA,Mata Atlântica
 1644624344 ,6f0fcc8f-a5dc-32d9-aaba-4e62973f94ea,  -28.402870 ,  -50.025640 ,2023-08-16 17:09:00,Brasil,SANTA CATARINA,SÃO JOAQUIM,Mata Atlântica
 1644624346 ,f21d6695-9a00-3b31-9c35-482f916b1c35,  -28.271980 ,  -50.084870 ,2023-08-16 17:09:00,Brasil,SANTA CATARINA,SÃO JOAQUIM,Mata Atlântica
 1644624347 ,b356d474-0312-3b3f-a2dc-7b6646e8101a,  -28.243230 ,  -49.921480 ,2023-08-16 17:09:00,Brasil,SANTA CATARINA,SÃO JOAQUIM,Mata Atlântica
 1644624348 ,ad970675-20aa-344b-9b5f-3a79bb9329c8,  -28.241490 ,  -49.905170 ,2023-08-16 17:09:00,Brasil,SANTA CATARINA,SÃO JOAQUIM,Mata Atlântica
 1644624349 ,f593cf44-7c57-3e4d-b831-c3d1bd59d87e,  -28.230850 ,  -49.912330 ,2023-08-16 17:09:00,Brasil,SANTA CATARINA,SÃO JOAQUIM,Mata Atlântica
 1644624350 ,d632b615-0190-315b-8fb0-e87ae9dccf09,  -28.196980 ,  -50.016410 ,2023-08-16 17:09:00,Brasil,SANTA CATARINA,SÃO JOAQUIM,Mata Atlântica
 1644624351 ,28e111b0-17eb-3931-b598-167f1508a9cd,  -28.174590 ,  -50.019730 ,2023-08-16 17:09:00,Brasil,SANTA CATARINA,SÃO JOAQUIM,Mata Atlântica
 1644624352 ,1df58297-c7d9-39ca-acf2-928514db734b,  -28.152050 ,  -50.563760 ,2023-08-16 17:09:00,Brasil,SANTA CATARINA,CAPÃO ALTO,Mata Atlântica
 1644624353 ,4b5629d2-d4a6-3aa1-8c06-1b3f2df96b7e,  -28.112140 ,  -50.485110 ,2023-08-16 17:09:00,Brasil,SANTA CATARINA,LAGES,Mata Atlântica
 1644624354 ,8c773849-0745-3c92-a1e3-8caa49baacdc,  -28.004950 ,  -50.668730 ,2023-08-16 17:09:00,Brasil,SANTA CATARINA,CAPÃO ALTO,Mata Atlântica
 1644624355 ,151af759-62f8-3470-b5de-834df7e975c7,  -28.003040 ,  -50.650590 ,2023-08-16 17:09:00,Brasil,SANTA CATARINA,CAPÃO ALTO,Mata Atlântica
 1644624356 ,9bc71280-e74a-34b0-8136-e032ea8e7e63,  -27.901610 ,  -50.889240 ,2023-08-16 17:09:00,Brasil,SANTA CATARINA,CAMPO BELO DO SUL,Mata Atlântica
 1644624357 ,7f108ada-3c78-3768-b2dd-ab6b0287a475,  -27.359840 ,  -50.387120 ,2023-08-16 17:09:00,Brasil,SANTA CATARINA,PONTE ALTA,Mata Atlântica
 1644624358 ,79633044-5366-35f5-ad0e-b2ddc18001d7,  -27.336970 ,  -51.231790 ,2023-08-16 17:09:00,Brasil,SANTA CATARINA,CAMPOS NOVOS,Mata Atlântica
 1644624359 ,ad32a0fd-a134-32dc-987d-29d81ec8090d,  -27.273610 ,  -50.741680 ,2023-08-16 17:09:00,Brasil,SANTA CATARINA,FREI ROGÉRIO,Mata Atlântica
 1644624360 ,feaa4df1-982b-33e5-a4fa-a7c9cce7cd34,  -27.271720 ,  -50.723900 ,2023-08-16 17:09:00,Brasil,SANTA CATARINA,CURITIBANOS,Mata Atlântica
 1644624361 ,e167a138-82e5-36bc-bb64-fe4f77d90f0e,  -27.029360 ,  -52.696660 ,2023-08-16 17:09:00,Brasil,SANTA CATARINA,CHAPECÓ,Mata Atlântica
 1644624362 ,7092a7a3-7107-3872-b8de-91af033e9f95,  -26.805660 ,  -51.605080 ,2023-08-16 17:09:00,Brasil,SANTA CATARINA,ÁGUA DOCE,Mata Atlântica
 1644624363 ,28b030b6-2d0d-39e5-82af-28bb922887cb,  -26.739690 ,  -52.512430 ,2023-08-16 17:09:00,Brasil,SANTA CATARINA,IPUAÇU,Mata Atlântica
 1644624364 ,8bb004e3-2a0f-37be-ab1d-5ae0241011c3,  -26.581830 ,  -49.530630 ,2023-08-16 17:09:00,Brasil,SANTA CATARINA,DOUTOR PEDRINHO,Mata Atlântica
 1644624368 ,778bb773-c8e5-3307-b36c-6182c68f44cf,  -26.530990 ,  -50.711180 ,2023-08-16 17:09:00,Brasil,SANTA CATARINA,TIMBÓ GRANDE,Mata Atlântica
 1644624373 ,bde067f8-1b1c-3eb4-bd07-f90a0487bb08,  -26.360130 ,  -51.213130 ,2023-08-16 17:09:00,Brasil,SANTA CATARINA,PORTO UNIÃO,Mata Atlântica
 1644624374 ,b64b2b3f-c04f-33c3-9159-48f5038d3bc1,  -26.355480 ,  -51.227200 ,2023-08-16 17:09:00,Brasil,SANTA CATARINA,PORTO UNIÃO,Mata Atlântica
 1644624375 ,61c15f78-5dd5-34fb-9278-f18675c26393,  -26.353560 ,  -51.208120 ,2023-08-16 17:09:00,Brasil,SANTA CATARINA,PORTO UNIÃO,Mata Atlântica
 1644624376 ,cf310751-302b-3a58-b411-127d862a7be4,  -25.997820 ,  -48.962450 ,2023-08-16 17:09:00,Brasil,SANTA CATARINA,CAMPO ALEGRE,Mata Atlântica
 1644821145 ,85f399fa-5df0-31cc-af88-a89b31fb178f,  -26.659230 ,  -53.561450 ,2023-08-17 17:52:00,Brasil,SANTA CATARINA,SÃO MIGUEL DO OESTE,Mata Atlântica
 1644821146 ,443f3c21-f02d-3a61-b3d3-b3f0326db538,  -26.607880 ,  -51.604330 ,2023-08-17 17:52:00,Brasil,SANTA CATARINA,ÁGUA DOCE,Mata Atlântica
 1644821147 ,b2f671f6-512d-3e01-a496-90078064e5f4,  -26.606840 ,  -53.121910 ,2023-08-17 17:52:00,Brasil,SANTA CATARINA,SANTA TEREZINHA DO PROGRESSO,Mata Atlântica
 1644821148 ,7dbe4d69-d3c4-3b3a-91da-0ddccfd84f8f,  -26.490570 ,  -53.240300 ,2023-08-17 17:52:00,Brasil,SANTA CATARINA,ANCHIETA,Mata Atlântica
 1644821163 ,7d79a96c-288a-3eb9-a021-7b4ddc8b9267,  -28.814190 ,  -49.260630 ,2023-08-17 17:52:00,Brasil,SANTA CATARINA,BALNEÁRIO RINCÃO,Mata Atlântica
 1644821169 ,0831218b-8980-3b9f-9459-74669fc22d25,  -28.719260 ,  -49.925730 ,2023-08-17 17:52:00,Brasil,SANTA CATARINA,TIMBÉ DO SUL,Mata Atlântica
 1644821170 ,33d2a26d-7327-3c57-ac5a-f0558ba85676,  -28.292140 ,  -50.649260 ,2023-08-17 17:52:00,Brasil,SANTA CATARINA,LAGES,Mata Atlântica
 1644821186 ,ec8e2e99-e744-32ef-a2a9-03d8934c99ac,  -28.523530 ,  -49.623220 ,2023-08-17 17:52:00,Brasil,SANTA CATARINA,BOM JARDIM DA SERRA,Mata Atlântica
 1644821187 ,6ac9ca43-0bea-340c-b3b0-a94a06e1c16c,  -28.505490 ,  -49.715410 ,2023-08-17 17:52:00,Brasil,SANTA CATARINA,BOM JARDIM DA SERRA,Mata Atlântica
 1644821188 ,d47cd301-bb8c-3b1c-bcbb-8a9fc1577d95,  -28.494250 ,  -49.718260 ,2023-08-17 17:52:00,Brasil,SANTA CATARINA,BOM JARDIM DA SERRA,Mata Atlântica
 1644821191 ,be14eec9-c638-3b9c-8a05-ff91cee237b0,  -28.443780 ,  -50.067800 ,2023-08-17 17:52:00,Brasil,SANTA CATARINA,SÃO JOAQUIM,Mata Atlântica
 1644821192 ,4b3fc63c-dd83-3990-b496-65e8e67d85b1,  -28.442260 ,  -49.562390 ,2023-08-17 17:52:00,Brasil,SANTA CATARINA,BOM JARDIM DA SERRA,Mata Atlântica
 1644821195 ,eb1c0442-cb8a-3824-b48c-4473e1cea22a,  -28.403770 ,  -50.486830 ,2023-08-17 17:52:00,Brasil,SANTA CATARINA,LAGES,Mata Atlântica
 1644821196 ,f1513051-f8b7-316e-9417-fba640f64331,  -28.381940 ,  -49.983000 ,2023-08-17 17:52:00,Brasil,SANTA CATARINA,SÃO JOAQUIM,Mata Atlântica
 1644821197 ,71747acd-804e-3107-84aa-6fec16c9e9c8,  -28.352930 ,  -50.145390 ,2023-08-17 17:52:00,Brasil,SANTA CATARINA,SÃO JOAQUIM,Mata Atlântica
 1644821198 ,38bcc2e2-488a-304e-bd7a-1fc297a2eb62,  -28.332980 ,  -50.346230 ,2023-08-17 17:52:00,Brasil,SANTA CATARINA,LAGES,Mata Atlântica
 1644821199 ,6e1bff2d-c50b-308e-85e5-609d735bcbad,  -28.332670 ,  -50.352020 ,2023-08-17 17:52:00,Brasil,SANTA CATARINA,LAGES,Mata Atlântica
 1644821200 ,1670e9f8-7fbb-3495-b456-8b9ab2a07913,  -28.298320 ,  -50.657090 ,2023-08-17 17:52:00,Brasil,SANTA CATARINA,LAGES,Mata Atlântica
 1644821201 ,ca73abf3-0892-3074-99bd-3f6e7a33c6d7,  -28.245420 ,  -50.308500 ,2023-08-17 17:52:00,Brasil,SANTA CATARINA,LAGES,Mata Atlântica
 1644821202 ,4c97c8c8-5730-3d4e-a407-3bfa3a738500,  -28.230010 ,  -49.912990 ,2023-08-17 17:52:00,Brasil,SANTA CATARINA,SÃO JOAQUIM,Mata Atlântica
 1644821203 ,36fa35c5-df1a-3216-a889-6e8a1e44aa79,  -28.186500 ,  -50.695980 ,2023-08-17 17:52:00,Brasil,SANTA CATARINA,CAPÃO ALTO,Mata Atlântica
 1644821204 ,2faf473d-5c3b-3f47-aa50-181fcac86f04,  -28.173450 ,  -50.560380 ,2023-08-17 17:52:00,Brasil,SANTA CATARINA,CAPÃO ALTO,Mata Atlântica
 1644821205 ,77d36b38-05d3-3bdf-82ce-ce5316fd9ab3,  -28.151630 ,  -50.438300 ,2023-08-17 17:52:00,Brasil,SANTA CATARINA,LAGES,Mata Atlântica
 1644821206 ,d440d69f-eed2-30f6-9ba5-37e0bf3ac8c8,  -28.102860 ,  -50.418510 ,2023-08-17 17:52:00,Brasil,SANTA CATARINA,LAGES,Mata Atlântica
 1644821207 ,41a9edb3-0191-3774-b72c-d65773f4c270,  -28.090070 ,  -50.160890 ,2023-08-17 17:52:00,Brasil,SANTA CATARINA,PAINEL,Mata Atlântica
 1644821208 ,11d79db7-8bcb-3e06-848a-94155d289966,  -28.063490 ,  -50.716640 ,2023-08-17 17:52:00,Brasil,SANTA CATARINA,CAPÃO ALTO,Mata Atlântica
 1644821209 ,f26420ac-0063-3691-acb0-935ad4f13ef0,  -28.060800 ,  -50.701750 ,2023-08-17 17:52:00,Brasil,SANTA CATARINA,CAPÃO ALTO,Mata Atlântica
 1644821210 ,e134e1a2-6018-3650-8880-d7855d09e2e8,  -28.051100 ,  -50.136920 ,2023-08-17 17:52:00,Brasil,SANTA CATARINA,PAINEL,Mata Atlântica
 1644821211 ,22451032-72f4-35bc-a0a8-49bfa18f76fe,  -28.048130 ,  -50.120900 ,2023-08-17 17:52:00,Brasil,SANTA CATARINA,PAINEL,Mata Atlântica
 1644821212 ,71226297-a71f-33fc-af50-7ad67ede7734,  -28.033680 ,  -50.552090 ,2023-08-17 17:52:00,Brasil,SANTA CATARINA,CAPÃO ALTO,Mata Atlântica
 1644821213 ,ee51652c-b76f-3528-aaa9-91cff7d54a1d,  -28.030940 ,  -50.537010 ,2023-08-17 17:52:00,Brasil,SANTA CATARINA,CAPÃO ALTO,Mata Atlântica
 1644821214 ,b5bb398e-a71e-35c9-b39a-8ba5c37234ff,  -27.876940 ,  -50.914680 ,2023-08-17 17:52:00,Brasil,SANTA CATARINA,CERRO NEGRO,Mata Atlântica
 1644821215 ,95c15c23-d3f2-3e03-ac66-fd77d897d516,  -27.869210 ,  -50.911130 ,2023-08-17 17:52:00,Brasil,SANTA CATARINA,CERRO NEGRO,Mata Atlântica
 1644821219 ,3816271b-062c-3a59-89d4-076d02771af7,  -27.827430 ,  -50.437550 ,2023-08-17 17:52:00,Brasil,SANTA CATARINA,LAGES,Mata Atlântica
 1644821221 ,539f801d-9cb0-3302-b813-594ef6ef741b,  -27.794970 ,  -51.008210 ,2023-08-17 17:52:00,Brasil,SANTA CATARINA,ANITA GARIBALDI,Mata Atlântica
 1644821222 ,e6be4d97-4649-3681-9518-e482e32ab756,  -27.787880 ,  -51.001870 ,2023-08-17 17:52:00,Brasil,SANTA CATARINA,ANITA GARIBALDI,Mata Atlântica
 1644821223 ,84a00a47-479f-34d8-abfe-4ed5ef8234a1,  -27.760350 ,  -50.696370 ,2023-08-17 17:52:00,Brasil,SANTA CATARINA,CAMPO BELO DO SUL,Mata Atlântica
 1644821236 ,44eb22da-5598-3b0a-8942-8794311004fc,  -27.557530 ,  -50.663020 ,2023-08-17 17:52:00,Brasil,SANTA CATARINA,SÃO JOSÉ DO CERRITO,Mata Atlântica
 1644821237 ,a8b38502-a7c2-3eba-9db1-e27d0137b722,  -27.555240 ,  -50.670360 ,2023-08-17 17:52:00,Brasil,SANTA CATARINA,SÃO JOSÉ DO CERRITO,Mata Atlântica
 1644821238 ,55f404ba-1bc9-3a13-a99b-5c6ad15555ff,  -27.532180 ,  -49.351490 ,2023-08-17 17:52:00,Brasil,SANTA CATARINA,VIDAL RAMOS,Mata Atlântica
 1644821239 ,a01d6df6-200f-3212-9e5c-c4ca1999caaa,  -27.521100 ,  -51.183680 ,2023-08-17 17:52:00,Brasil,SANTA CATARINA,CAMPOS NOVOS,Mata Atlântica
 1644821247 ,fbf12a5d-94c1-389d-a448-e5d174443901,  -27.290340 ,  -51.456390 ,2023-08-17 17:52:00,Brasil,SANTA CATARINA,ERVAL VELHO,Mata Atlântica
 1644821248 ,f2f377a8-398a-3ffb-9438-84234d1b570d,  -27.274510 ,  -51.670140 ,2023-08-17 17:52:00,Brasil,SANTA CATARINA,OURO,Mata Atlântica
 1644821249 ,0c835391-2351-3800-9dff-0e153d9bbc0d,  -27.257160 ,  -50.677810 ,2023-08-17 17:52:00,Brasil,SANTA CATARINA,CURITIBANOS,Mata Atlântica
 1644821250 ,3daa022e-74eb-3814-9593-2e52316c556d,  -27.238720 ,  -51.008670 ,2023-08-17 17:52:00,Brasil,SANTA CATARINA,MONTE CARLO,Mata Atlântica
 1644821251 ,446b5cd0-f1c7-3746-848c-f1524c297aac,  -27.224840 ,  -50.810290 ,2023-08-17 17:52:00,Brasil,SANTA CATARINA,FREI ROGÉRIO,Mata Atlântica
 1644821252 ,4b75618e-ce7e-3524-85d0-1818234e39e6,  -27.177310 ,  -52.294050 ,2023-08-17 17:52:00,Brasil,SANTA CATARINA,SEARA,Mata Atlântica
 1644821253 ,825e0f8f-ce70-3fa2-ae9b-7ae18fc02a58,  -27.102380 ,  -52.825240 ,2023-08-17 17:52:00,Brasil,SANTA CATARINA,GUATAMBÚ,Mata Atlântica
 1644821254 ,276a00a2-7a2b-3824-a1f6-358ad15609aa,  -27.100470 ,  -52.813760 ,2023-08-17 17:52:00,Brasil,SANTA CATARINA,GUATAMBÚ,Mata Atlântica
 1644821255 ,c5ea5b16-0854-3eb5-825b-df1f4f9449ca,  -26.970570 ,  -51.518580 ,2023-08-17 17:52:00,Brasil,SANTA CATARINA,ÁGUA DOCE,Mata Atlântica
 1644821256 ,410d0d9d-5903-36eb-b3ad-4972c85e08e1,  -26.941670 ,  -51.234380 ,2023-08-17 17:52:00,Brasil,SANTA CATARINA,VIDEIRA,Mata Atlântica
 1644821257 ,04548996-1791-3240-a693-9156394338e1,  -26.939260 ,  -51.220830 ,2023-08-17 17:52:00,Brasil,SANTA CATARINA,VIDEIRA,Mata Atlântica
 1644821258 ,785629d9-c4ca-30af-bc32-b2b285857cc8,  -26.913520 ,  -52.682290 ,2023-08-17 17:52:00,Brasil,SANTA CATARINA,CORONEL FREITAS,Mata Atlântica
 1644821259 ,b77783e7-c926-3a33-bd16-9a4037d7a838,  -26.826030 ,  -53.331840 ,2023-08-17 17:52:00,Brasil,SANTA CATARINA,IRACEMINHA,Mata Atlântica
 1644821260 ,4ec4058c-2580-3e87-b7b3-9ad4a4225557,  -26.791460 ,  -52.085400 ,2023-08-17 17:52:00,Brasil,SANTA CATARINA,PASSOS MAIA,Mata Atlântica
 1644821261 ,a073f7c0-b1a0-3f3e-a44e-b2d3ab974c36,  -26.784020 ,  -52.092060 ,2023-08-17 17:52:00,Brasil,SANTA CATARINA,PASSOS MAIA,Mata Atlântica
 1644821262 ,a97a7b58-80aa-3e44-a227-6b68d46231ff,  -26.781840 ,  -52.079080 ,2023-08-17 17:52:00,Brasil,SANTA CATARINA,PASSOS MAIA,Mata Atlântica
 1644821263 ,cfa43109-ca33-3246-8f23-a11c85572bbc,  -26.781320 ,  -52.086940 ,2023-08-17 17:52:00,Brasil,SANTA CATARINA,PASSOS MAIA,Mata Atlântica
 1644821264 ,cd197907-bba0-362b-8541-9a700ec64808,  -26.724000 ,  -52.473660 ,2023-08-17 17:52:00,Brasil,SANTA CATARINA,IPUAÇU,Mata Atlântica
 1644821265 ,aa772a43-1b26-3ca9-8617-ab1c7064bd71,  -26.718050 ,  -50.641440 ,2023-08-17 17:52:00,Brasil,SANTA CATARINA,LEBON RÉGIS,Mata Atlântica
 1644821266 ,03767b2f-e6fd-38a6-8654-5aa1090605ef,  -26.716070 ,  -50.631360 ,2023-08-17 17:52:00,Brasil,SANTA CATARINA,TIMBÓ GRANDE,Mata Atlântica
 1644821267 ,f0949629-055b-3571-9f3c-b98025dae4af,  -26.715180 ,  -50.625900 ,2023-08-17 17:52:00,Brasil,SANTA CATARINA,TIMBÓ GRANDE,Mata Atlântica
 1644821268 ,d4728221-60e7-31ea-b649-6f4df27cc5d8,  -26.712250 ,  -51.511700 ,2023-08-17 17:52:00,Brasil,SANTA CATARINA,ÁGUA DOCE,Mata Atlântica
 1644821269 ,827d26e8-3f3b-343b-a692-341852a9dcea,  -26.610220 ,  -51.617960 ,2023-08-17 17:52:00,Brasil,SANTA CATARINA,ÁGUA DOCE,Mata Atlântica
 1644821270 ,ccd129ce-b554-34ae-86a5-a4cb7bfd4bc0,  -26.608390 ,  -51.625970 ,2023-08-17 17:52:00,Brasil,SANTA CATARINA,ÁGUA DOCE,Mata Atlântica
 1644821271 ,304f0438-af6f-3c4f-bf9b-a932a790c11c,  -26.605960 ,  -51.612270 ,2023-08-17 17:52:00,Brasil,SANTA CATARINA,ÁGUA DOCE,Mata Atlântica
 1644821277 ,c8d3aa2e-1912-3e82-9f89-b5f1242ab893,  -26.257090 ,  -49.904480 ,2023-08-17 17:52:00,Brasil,SANTA CATARINA,ITAIÓPOLIS,Mata Atlântica
 1645016419 ,f4fe262a-0241-3fbb-8995-b894565566f5,  -28.112610 ,  -48.833020 ,2023-08-18 16:54:00,Brasil,SANTA CATARINA,IMARUÍ,Mata Atlântica
 1645016420 ,27c9f3e0-2fd3-3bd3-ad33-239588fa1915,  -28.110560 ,  -48.810670 ,2023-08-18 16:54:00,Brasil,SANTA CATARINA,IMARUÍ,Mata Atlântica
 1645016535 ,da1e3338-33cc-3aa2-a9f3-9d3722086abf,  -27.535720 ,  -50.689900 ,2023-08-18 16:54:00,Brasil,SANTA CATARINA,SÃO JOSÉ DO CERRITO,Mata Atlântica
 1645622373 ,841bfa21-0c4c-32d9-90c7-4e150c39ec31,  -26.780920 ,  -48.903690 ,2023-08-21 17:22:00,Brasil,SANTA CATARINA,ILHOTA,Mata Atlântica
 1645622384 ,228d132f-061d-3063-ac25-e242564f3bd1,  -28.530280 ,  -49.124390 ,2023-08-21 17:22:00,Brasil,SANTA CATARINA,TREZE DE MAIO,Mata Atlântica
 1645622385 ,e68c3b6a-fc20-3f96-8716-42c6e2f93c80,  -28.106180 ,  -49.998220 ,2023-08-21 17:22:00,Brasil,SANTA CATARINA,SÃO JOAQUIM,Mata Atlântica
 1645622439 ,39575ce6-1fc1-3ad1-b655-edbf3ada8cf6,  -28.097480 ,  -50.375440 ,2023-08-21 17:22:00,Brasil,SANTA CATARINA,LAGES,Mata Atlântica
 1645622440 ,13d24366-29bf-3e5b-a1b7-62a465c5aadf,  -27.955220 ,  -50.469220 ,2023-08-21 17:22:00,Brasil,SANTA CATARINA,CAPÃO ALTO,Mata Atlântica
 1645622441 ,5ee6f0d6-efeb-34f3-966d-c55400d86b9e,  -27.953760 ,  -50.457810 ,2023-08-21 17:22:00,Brasil,SANTA CATARINA,CAPÃO ALTO,Mata Atlântica
 1645622442 ,339d6bb7-501d-3f19-ae7e-dcd1205af63f,  -27.944300 ,  -50.459480 ,2023-08-21 17:22:00,Brasil,SANTA CATARINA,CAPÃO ALTO,Mata Atlântica
 1645622443 ,4fc9f2b9-afa3-3f4e-bc2a-be65e6ede30e,  -27.666250 ,  -50.847060 ,2023-08-21 17:22:00,Brasil,SANTA CATARINA,CAMPO BELO DO SUL,Mata Atlântica
 1645622444 ,7ad18360-d24e-35f3-b8d6-b61504ed2593,  -27.139230 ,  -50.692150 ,2023-08-21 17:22:00,Brasil,SANTA CATARINA,CURITIBANOS,Mata Atlântica
 1645622445 ,3030d4cb-d87b-3fb4-ace7-9658787c2096,  -27.103250 ,  -50.668580 ,2023-08-21 17:22:00,Brasil,SANTA CATARINA,CURITIBANOS,Mata Atlântica
 1645622446 ,81ad4194-ad21-3f5d-aba7-8181b0c4966c,  -27.101770 ,  -50.657200 ,2023-08-21 17:22:00,Brasil,SANTA CATARINA,CURITIBANOS,Mata Atlântica
 1645622447 ,ad531d40-16c5-3250-a35e-d81c38d1ade4,  -27.092300 ,  -50.658830 ,2023-08-21 17:22:00,Brasil,SANTA CATARINA,CURITIBANOS,Mata Atlântica
 1645622448 ,203bf9e4-23a4-3b45-9f5a-f11a4f58bc7d,  -27.080820 ,  -50.460740 ,2023-08-21 17:22:00,Brasil,SANTA CATARINA,SANTA CECÍLIA,Mata Atlântica
 1645622459 ,f2a40d74-fb83-34f3-9589-e989e8521cc3,  -28.319200 ,  -50.526440 ,2023-08-21 17:22:00,Brasil,SANTA CATARINA,LAGES,Mata Atlântica
 1645856563 ,043eb04d-d520-3698-9dc1-5e500a2e0c18,  -26.714950 ,  -51.499070 ,2023-08-22 18:04:00,Brasil,SANTA CATARINA,ÁGUA DOCE,Mata Atlântica
 1645856564 ,3332cc10-0da9-3bd4-8cff-3a9fad24ab1b,  -26.707760 ,  -51.729860 ,2023-08-22 18:04:00,Brasil,SANTA CATARINA,ÁGUA DOCE,Mata Atlântica
 1646124673 ,6273d502-913e-335d-b004-ff25ff588b8d,  -26.533040 ,  -48.926460 ,2023-08-23 17:09:00,Brasil,SANTA CATARINA,GUARAMIRIM,Mata Atlântica
 1646124674 ,c747f7cd-4409-39c6-8579-e1927b3b3c56,  -26.531420 ,  -48.912750 ,2023-08-23 17:09:00,Brasil,SANTA CATARINA,GUARAMIRIM,Mata Atlântica
 1646124681 ,f0753bb3-9572-3a24-aef2-699b46944e7e,  -28.110050 ,  -49.767800 ,2023-08-23 17:07:00,Brasil,SANTA CATARINA,URUBICI,Mata Atlântica
 1646124784 ,297270f6-4084-340d-b978-2e9ab91df677,  -26.709620 ,  -50.085710 ,2023-08-23 17:09:00,Brasil,SANTA CATARINA,SANTA TEREZINHA,Mata Atlântica
 1646124785 ,856b92ae-9b98-32a0-b30d-2281607fd146,  -26.301610 ,  -49.784440 ,2023-08-23 17:09:00,Brasil,SANTA CATARINA,MAFRA,Mata Atlântica
 1646124793 ,352be1ad-0c8d-36ad-b472-cf0b5bd6e08b,  -27.081430 ,  -50.454170 ,2023-08-23 17:09:00,Brasil,SANTA CATARINA,SANTA CECÍLIA,Mata Atlântica
 1646124794 ,1c955c7d-7ac7-3061-a2ac-a530051671e3,  -27.013930 ,  -50.266690 ,2023-08-23 17:09:00,Brasil,SANTA CATARINA,TAIÓ,Mata Atlântica
 1646321249 ,b619924a-2428-3268-8583-474afa2fbf1f,  -27.249740 ,  -50.663190 ,2023-08-24 17:49:00,Brasil,SANTA CATARINA,CURITIBANOS,Mata Atlântica
 1646321276 ,290cd076-8b35-3c7a-ac64-49ece34274a7,  -27.161850 ,  -52.116590 ,2023-08-24 17:49:00,Brasil,SANTA CATARINA,ARABUTÃ,Mata Atlântica
 1646321277 ,3c3b6fc3-6154-358c-8124-6c519007d4f0,  -26.911380 ,  -51.433470 ,2023-08-24 17:49:00,Brasil,SANTA CATARINA,SALTO VELOSO,Mata Atlântica
 1646321278 ,c281f6ec-9b05-3aee-ad47-bd8c12a71b60,  -26.862070 ,  -51.436590 ,2023-08-24 17:49:00,Brasil,SANTA CATARINA,SALTO VELOSO,Mata Atlântica
 1646321493 ,a6a746b1-c3dd-3286-a112-38be99d89731,  -26.546740 ,  -53.335770 ,2023-08-24 17:49:00,Brasil,SANTA CATARINA,ANCHIETA,Mata Atlântica
 1646321501 ,79683df8-eb7c-33af-8d14-1b809a14ed9b,  -26.545050 ,  -53.325090 ,2023-08-24 17:49:00,Brasil,SANTA CATARINA,ANCHIETA,Mata Atlântica
 1646799764 ,d4f2bb6d-b23a-3178-b52c-b5115c42afa8,  -28.019700 ,  -50.673860 ,2023-08-26 17:34:00,Brasil,SANTA CATARINA,CAPÃO ALTO,Mata Atlântica
 1646800186 ,e328b3a0-b3c2-369f-8ece-409d0c854efb,  -28.756330 ,  -49.162250 ,2023-08-26 17:34:00,Brasil,SANTA CATARINA,JAGUARUNA,Mata Atlântica
 1646800187 ,72e633e2-461f-3878-a7d9-8791a588adda,  -28.754610 ,  -49.151370 ,2023-08-26 17:34:00,Brasil,SANTA CATARINA,JAGUARUNA,Mata Atlântica
 1646800200 ,23f4c849-83be-3a52-9ca2-5dbec1e045c7,  -28.314490 ,  -50.545960 ,2023-08-26 17:34:00,Brasil,SANTA CATARINA,LAGES,Mata Atlântica
 1646800202 ,8f1d7560-78df-3456-b3cc-12cc3be7cc5a,  -27.885760 ,  -50.391520 ,2023-08-26 17:34:00,Brasil,SANTA CATARINA,CAPÃO ALTO,Mata Atlântica
 1646800203 ,1df950eb-291e-3411-96af-c8d027a90ec7,  -27.884210 ,  -50.381320 ,2023-08-26 17:34:00,Brasil,SANTA CATARINA,CAPÃO ALTO,Mata Atlântica
 1646800204 ,4b2e0292-adb3-32eb-a342-4022a3cadb7f,  -27.470630 ,  -51.130980 ,2023-08-26 17:34:00,Brasil,SANTA CATARINA,CAMPOS NOVOS,Mata Atlântica
 1646800205 ,55d7e7d6-7d86-379e-80a5-2ecf74962bfc,  -27.470480 ,  -51.192840 ,2023-08-26 17:34:00,Brasil,SANTA CATARINA,CAMPOS NOVOS,Mata Atlântica
 1646800206 ,6c6397bf-887c-3c15-bf1d-7ae3222e22a6,  -27.421530 ,  -51.177690 ,2023-08-26 17:34:00,Brasil,SANTA CATARINA,CAMPOS NOVOS,Mata Atlântica
 1646800207 ,67f0ea65-d49d-3028-bd77-cc043723136d,  -27.418480 ,  -51.791800 ,2023-08-26 17:34:00,Brasil,SANTA CATARINA,IPIRA,Mata Atlântica
 1646800208 ,ea1bbd8a-a141-3300-9ae1-44aca69841d5,  -26.704120 ,  -52.945000 ,2023-08-26 17:34:00,Brasil,SANTA CATARINA,SUL BRASIL,Mata Atlântica
 1646800209 ,00172514-ad1a-3743-b9a4-e0bc6e81f22c,  -26.661600 ,  -51.709960 ,2023-08-26 17:34:00,Brasil,SANTA CATARINA,ÁGUA DOCE,Mata Atlântica
 1640184408 ,84d0e937-5b24-3044-a44e-d7ec0c553de8,  -26.931640 ,  -50.923650 ,2023-07-26 17:13:00,Brasil,SANTA CATARINA,FRAIBURGO,Mata Atlântica
 1640184409 ,76ac629d-dd52-3835-9a53-0d62b88d987a,  -26.933360 ,  -50.938330 ,2023-07-26 17:13:00,Brasil,SANTA CATARINA,FRAIBURGO,Mata Atlântica
 1640184412 ,3a518a02-b636-3127-a944-3aef13103ae8,  -27.204520 ,  -51.200860 ,2023-07-26 17:13:00,Brasil,SANTA CATARINA,IBIAM,Mata Atlântica
 1635252329 ,99457f87-6d0d-3cdc-ba3b-a8403a10a506,  -26.680860 ,  -51.657250 ,2023-06-29 18:00:00,Brasil,SANTA CATARINA,ÁGUA DOCE,Mata Atlântica
 1629709825 ,3f1c9b8b-cefb-3bfe-922f-1e9f74a5924e,  -26.848870 ,  -49.789920 ,2023-05-10 17:22:00,Brasil,SANTA CATARINA,VITOR MEIRELES,Mata Atlântica
 1629709827 ,47cd8dc2-ee16-323a-b407-3ebf7ce29a84,  -26.978310 ,  -49.795670 ,2023-05-10 17:22:00,Brasil,SANTA CATARINA,DONA EMMA,Mata Atlântica
 1630592655 ,2076dc4b-4750-35e6-a735-cdfa1b512306,  -26.433300 ,  -51.033220 ,2023-05-18 18:04:00,Brasil,SANTA CATARINA,MATOS COSTA,Mata Atlântica
 1630592664 ,2e6a2209-f0d9-331b-8a52-255319c6aaf8,  -26.883990 ,  -50.538990 ,2023-05-18 18:04:00,Brasil,SANTA CATARINA,SANTA CECÍLIA,Mata Atlântica
 1630592667 ,06edf22d-c471-3c46-938c-2b34940e28b7,  -26.884070 ,  -50.546270 ,2023-05-18 18:04:00,Brasil,SANTA CATARINA,SANTA CECÍLIA,Mata Atlântica
 1630592671 ,6b3f6dc1-b320-3edc-96d4-cf9a5686da73,  -27.137300 ,  -51.902000 ,2023-05-18 18:04:00,Brasil,SANTA CATARINA,CONCÓRDIA,Mata Atlântica
 1630592675 ,87ca6325-4954-3efa-8379-146e873b476e,  -27.402170 ,  -50.794390 ,2023-05-18 18:04:00,Brasil,SANTA CATARINA,BRUNÓPOLIS,Mata Atlântica
 1630592679 ,a7c279da-d1a3-3355-b9f6-621c3a1bbee5,  -27.402920 ,  -50.789520 ,2023-05-18 18:04:00,Brasil,SANTA CATARINA,BRUNÓPOLIS,Mata Atlântica
 1630721105 ,aa0aa272-f97f-3ded-b9e4-b890ef66058a,  -26.435800 ,  -51.040680 ,2023-05-19 17:07:00,Brasil,SANTA CATARINA,MATOS COSTA,Mata Atlântica
 1630721112 ,51527236-8b19-35ab-a895-60ae6f614f59,  -26.563150 ,  -48.898440 ,2023-05-19 17:07:00,Brasil,SANTA CATARINA,MASSARANDUBA,Mata Atlântica
 1630721115 ,ef3e93e0-9010-343b-84e6-062893d1e2cf,  -26.743550 ,  -50.427960 ,2023-05-19 17:07:00,Brasil,SANTA CATARINA,SANTA CECÍLIA,Mata Atlântica
 1630721117 ,b6abf01a-4137-3683-96b7-92aea68d35b1,  -26.745280 ,  -50.443320 ,2023-05-19 17:07:00,Brasil,SANTA CATARINA,SANTA CECÍLIA,Mata Atlântica
 1630721119 ,0013edf9-3a37-3b9b-bec8-828a6262dae3,  -26.806020 ,  -50.784150 ,2023-05-19 17:07:00,Brasil,SANTA CATARINA,LEBON RÉGIS,Mata Atlântica
 1630721120 ,66f655b4-afaf-37d2-953a-901c1e9a11fb,  -26.960950 ,  -51.176670 ,2023-05-19 17:07:00,Brasil,SANTA CATARINA,VIDEIRA,Mata Atlântica
 1630721123 ,47ed0adc-63d4-3cb5-8b72-9e242d716809,  -26.962560 ,  -52.006490 ,2023-05-19 17:07:00,Brasil,SANTA CATARINA,LINDÓIA DO SUL,Mata Atlântica
 1630721125 ,0055ca10-73e1-326f-8bed-ad91a6f04f2f,  -26.964530 ,  -52.025200 ,2023-05-19 17:07:00,Brasil,SANTA CATARINA,LINDÓIA DO SUL,Mata Atlântica
 1630721127 ,ec3486cd-142a-38ae-b718-ddc6f32324a2,  -26.965140 ,  -52.001310 ,2023-05-19 17:07:00,Brasil,SANTA CATARINA,IRANI,Mata Atlântica
 1630721128 ,380604cd-fce5-3586-a1a9-1a35256155a0,  -26.966980 ,  -52.019950 ,2023-05-19 17:07:00,Brasil,SANTA CATARINA,LINDÓIA DO SUL,Mata Atlântica
 1630721131 ,d3bbbf9c-3648-3d6c-9a7a-0d5ee9dce912,  -27.081980 ,  -51.765790 ,2023-05-19 17:07:00,Brasil,SANTA CATARINA,CATANDUVAS,Mata Atlântica
 1630721132 ,d29231ff-75f8-34e6-9256-55dc1dee2122,  -27.109720 ,  -50.970910 ,2023-05-19 17:07:00,Brasil,SANTA CATARINA,FRAIBURGO,Mata Atlântica
 1630721134 ,ccb9eb0d-52f7-34ac-af5e-3e62950b488a,  -27.176600 ,  -51.690220 ,2023-05-19 17:07:00,Brasil,SANTA CATARINA,JABORÁ,Mata Atlântica
 1630721135 ,74179c38-0e45-3bd6-ab23-0ac221e5474f,  -27.229470 ,  -49.205590 ,2023-05-19 17:07:00,Brasil,SANTA CATARINA,BOTUVERÁ,Mata Atlântica
 1630721138 ,7ff071da-2ad0-3925-a2dd-faf0d856b16e,  -27.363640 ,  -49.475150 ,2023-05-19 17:07:00,Brasil,SANTA CATARINA,ITUPORANGA,Mata Atlântica
 1630721141 ,ca471a17-96eb-3264-a4d6-f78a1858b1c0,  -27.798410 ,  -49.664440 ,2023-05-19 17:07:00,Brasil,SANTA CATARINA,BOM RETIRO,Mata Atlântica
 1630721143 ,bff29719-86b6-316b-9126-e3ba8b7e6d3f,  -27.885530 ,  -50.666270 ,2023-05-19 17:07:00,Brasil,SANTA CATARINA,CAMPO BELO DO SUL,Mata Atlântica
 1630721144 ,939c26a7-5936-321b-b305-bc51bef9b14a,  -28.015230 ,  -49.071090 ,2023-05-19 17:07:00,Brasil,SANTA CATARINA,SANTA ROSA DE LIMA,Mata Atlântica
 1630721147 ,573de5f8-858e-3aaa-a4b9-4dfef670e50a,  -28.064900 ,  -49.227950 ,2023-05-19 17:07:00,Brasil,SANTA CATARINA,RIO FORTUNA,Mata Atlântica
 1630721148 ,2e769271-d391-3450-b01c-374aa3ff854c,  -28.066510 ,  -49.241660 ,2023-05-19 17:07:00,Brasil,SANTA CATARINA,RIO FORTUNA,Mata Atlântica
 1630721150 ,42684508-4340-3695-a71f-99bee736a4e8,  -28.361490 ,  -49.936240 ,2023-05-19 17:07:00,Brasil,SANTA CATARINA,SÃO JOAQUIM,Mata Atlântica
 1630721151 ,7697224a-4839-3001-b48e-cb0b9113c128,  -28.363500 ,  -49.930910 ,2023-05-19 17:07:00,Brasil,SANTA CATARINA,SÃO JOAQUIM,Mata Atlântica
 1630721154 ,b8fb1283-2084-3eaa-8e30-9305ad4204ca,  -28.365120 ,  -49.945850 ,2023-05-19 17:07:00,Brasil,SANTA CATARINA,SÃO JOAQUIM,Mata Atlântica
 1630846999 ,0e875596-71e8-390d-991a-789f51fa4946,  -27.655540 ,  -50.058950 ,2023-05-20 17:49:00,Brasil,SANTA CATARINA,LAGES,Mata Atlântica
 1630847006 ,f60786ea-958d-36cc-b886-08147ed9e92a,  -27.846140 ,  -50.021750 ,2023-05-20 17:49:00,Brasil,SANTA CATARINA,PAINEL,Mata Atlântica
 1630847014 ,9e180e0b-912a-3e0d-97c1-dea4ecf0affc,  -27.849420 ,  -50.038930 ,2023-05-20 17:49:00,Brasil,SANTA CATARINA,PAINEL,Mata Atlântica
 1659539699 ,26077b4e-6866-3aff-977e-e0f39836c6e8,  -26.488010 ,  -49.048840 ,2023-11-04 17:09:00,Brasil,SANTA CATARINA,JARAGUÁ DO SUL,Mata Atlântica
 1658245226 ,6a7bd620-34ca-32ad-9889-772c39b85459,  -27.843150 ,  -50.998960 ,2023-10-26 17:26:00,Brasil,SANTA CATARINA,CERRO NEGRO,Mata Atlântica
 1658245227 ,82c3f2f7-ad50-347f-8db2-c0a069cf9a5a,  -27.833910 ,  -50.850730 ,2023-10-26 17:26:00,Brasil,SANTA CATARINA,CAMPO BELO DO SUL,Mata Atlântica
 1658245228 ,201deddf-5ccd-3e40-b045-179f6ab685c3,  -27.832470 ,  -50.839530 ,2023-10-26 17:26:00,Brasil,SANTA CATARINA,CAMPO BELO DO SUL,Mata Atlântica
 1658245229 ,01d4cb0e-7bed-37cb-94d4-19f4a00e6a6e,  -27.794560 ,  -51.036890 ,2023-10-26 17:26:00,Brasil,SANTA CATARINA,ANITA GARIBALDI,Mata Atlântica
 1658245230 ,d3c5a815-f64a-3098-909c-9726f7b8c6e4,  -27.793100 ,  -51.025570 ,2023-10-26 17:26:00,Brasil,SANTA CATARINA,ANITA GARIBALDI,Mata Atlântica
 1658245232 ,a8ebe6ea-7550-3a3b-b26d-eb5b16f26824,  -27.581870 ,  -50.809540 ,2023-10-26 17:26:00,Brasil,SANTA CATARINA,SÃO JOSÉ DO CERRITO,Mata Atlântica
 1658245233 ,53d18825-9b31-342a-ad9c-8d54fa3c3113,  -27.540110 ,  -50.782510 ,2023-10-26 17:26:00,Brasil,SANTA CATARINA,SÃO JOSÉ DO CERRITO,Mata Atlântica
 1658245234 ,d54b2144-9833-3881-bb36-70bfbf3c48f4,  -27.259660 ,  -50.590920 ,2023-10-26 17:26:00,Brasil,SANTA CATARINA,CURITIBANOS,Mata Atlântica
 1658245235 ,b5b3adec-596b-324f-a91b-6ba7ff79efe3,  -27.258260 ,  -50.580270 ,2023-10-26 17:26:00,Brasil,SANTA CATARINA,CURITIBANOS,Mata Atlântica
 1658245236 ,d1e93c37-c750-3e3d-9641-b1c13f1312e6,  -27.250410 ,  -50.592520 ,2023-10-26 17:26:00,Brasil,SANTA CATARINA,CURITIBANOS,Mata Atlântica
 1658245237 ,20fbeadc-8070-3469-a084-68f3ea124406,  -27.249010 ,  -50.581870 ,2023-10-26 17:26:00,Brasil,SANTA CATARINA,CURITIBANOS,Mata Atlântica
 1658245238 ,a60e88e5-8ca6-3860-8b8f-e6b070641611,  -27.218110 ,  -50.759760 ,2023-10-26 17:26:00,Brasil,SANTA CATARINA,FREI ROGÉRIO,Mata Atlântica
 1658245239 ,b0a9e15d-3869-31fd-94af-5f8459e291ae,  -27.210220 ,  -50.772140 ,2023-10-26 17:26:00,Brasil,SANTA CATARINA,FREI ROGÉRIO,Mata Atlântica
 1658245240 ,d6c90fee-3843-39d7-a6af-273492a1529f,  -27.208800 ,  -50.761340 ,2023-10-26 17:26:00,Brasil,SANTA CATARINA,FREI ROGÉRIO,Mata Atlântica
 1658245241 ,8c7d237b-d5f3-3901-ad33-658651bf019a,  -27.087770 ,  -51.017730 ,2023-10-26 17:28:00,Brasil,SANTA CATARINA,VIDEIRA,Mata Atlântica
 1658245242 ,febe350d-86cf-3783-9b79-c23337a87927,  -27.062350 ,  -50.753220 ,2023-10-26 17:28:00,Brasil,SANTA CATARINA,FRAIBURGO,Mata Atlântica
 1658245243 ,0309dde8-66d2-332f-b104-ce0797bd8986,  -26.763030 ,  -50.104890 ,2023-10-26 17:28:00,Brasil,SANTA CATARINA,SANTA TEREZINHA,Mata Atlântica
 1658245244 ,0a05c43f-064a-372f-a886-ce0cc0edf4af,  -26.632530 ,  -50.925130 ,2023-10-26 17:28:00,Brasil,SANTA CATARINA,CALMON,Mata Atlântica
 1659805104 ,acd96937-d408-3c4e-b577-56433adf5c36,  -27.518340 ,  -50.595860 ,2023-11-06 16:54:00,Brasil,SANTA CATARINA,SÃO JOSÉ DO CERRITO,Mata Atlântica
 1659805105 ,0a8bfbbd-77b3-3a32-abc4-10704cbedab4,  -27.464820 ,  -49.017100 ,2023-11-06 16:54:00,Brasil,SANTA CATARINA,MAJOR GERCINO,Mata Atlântica
 1659805106 ,a9107887-aa3e-3603-b56d-d18e1e630f3a,  -27.464210 ,  -49.021320 ,2023-11-06 16:54:00,Brasil,SANTA CATARINA,MAJOR GERCINO,Mata Atlântica
 1659954564 ,1e72694d-becc-3c08-ac5c-2c28b1cdfedf,  -26.009760 ,  -49.034320 ,2023-11-07 17:36:00,Brasil,SANTA CATARINA,GARUVA,Mata Atlântica
 1659954354 ,6f911c7e-1e8b-3f23-83eb-5806462edff7,  -27.181080 ,  -51.706910 ,2023-11-07 17:36:00,Brasil,SANTA CATARINA,JABORÁ,Mata Atlântica
 1659954563 ,71bb1a9f-3bb8-3877-9c78-bf6601204953,  -26.094730 ,  -49.149500 ,2023-11-07 17:36:00,Brasil,SANTA CATARINA,CAMPO ALEGRE,Mata Atlântica
 1659954568 ,802cf770-d3bd-35ea-b69a-83b30549256b,  -27.407220 ,  -49.057930 ,2023-11-07 17:36:00,Brasil,SANTA CATARINA,MAJOR GERCINO,Mata Atlântica
 1659954569 ,182a015f-1bd5-394f-af17-2f1b9410834c,  -27.405550 ,  -49.047310 ,2023-11-07 17:36:00,Brasil,SANTA CATARINA,MAJOR GERCINO,Mata Atlântica
 1659954570 ,877cb9eb-4d2d-3f3b-8fdb-9f7eb39fcea2,  -27.270950 ,  -49.366660 ,2023-11-07 17:36:00,Brasil,SANTA CATARINA,PRESIDENTE NEREU,Mata Atlântica
 1659954571 ,cc01afb3-a5e3-3f8a-a5d1-eecd43d08200,  -27.186630 ,  -49.473780 ,2023-11-07 17:36:00,Brasil,SANTA CATARINA,LONTRAS,Mata Atlântica
 1659954572 ,a23c6acf-2a18-3fb0-a82b-ce230e1a9c77,  -27.092920 ,  -49.578650 ,2023-11-07 17:36:00,Brasil,SANTA CATARINA,IBIRAMA,Mata Atlântica
 1659954573 ,bb845d6b-9a88-3885-85d4-4e403402de36,  -26.994300 ,  -49.540490 ,2023-11-07 17:36:00,Brasil,SANTA CATARINA,IBIRAMA,Mata Atlântica
 1659954574 ,63e9abba-f623-30ea-8684-d94521e7f96c,  -29.022220 ,  -49.789250 ,2023-11-07 17:34:00,Brasil,SANTA CATARINA,JACINTO MACHADO,Mata Atlântica
 1659954575 ,6d6d3a63-b963-3e42-9b33-0584003a7f87,  -28.430600 ,  -49.957510 ,2023-11-07 17:34:00,Brasil,SANTA CATARINA,SÃO JOAQUIM,Mata Atlântica
 1659954576 ,7536c61c-c843-3e8c-a27e-0db3aa135d33,  -28.429110 ,  -49.947400 ,2023-11-07 17:34:00,Brasil,SANTA CATARINA,SÃO JOAQUIM,Mata Atlântica
 1659954577 ,9bc616ab-dca0-3d37-9702-18485da655cc,  -28.301290 ,  -49.222050 ,2023-11-07 17:34:00,Brasil,SANTA CATARINA,ORLEANS,Mata Atlântica
 1659954578 ,0f6c700d-305d-3930-9f53-a5b4f6d85fed,  -28.220650 ,  -49.180000 ,2023-11-07 17:34:00,Brasil,SANTA CATARINA,BRAÇO DO NORTE,Mata Atlântica
 1659954585 ,7babe499-60d4-33e8-bb41-dd1aedd3fc0f,  -26.682860 ,  -49.735470 ,2023-11-07 17:36:00,Brasil,SANTA CATARINA,ITAIÓPOLIS,Mata Atlântica
 1659954586 ,e150e732-49fc-3424-9eb9-db7f4ff67439,  -26.681330 ,  -49.725440 ,2023-11-07 17:36:00,Brasil,SANTA CATARINA,ITAIÓPOLIS,Mata Atlântica
 1659954587 ,6d9b6ac9-8d03-320a-ab42-0be6681edd64,  -26.505860 ,  -50.834140 ,2023-11-07 17:36:00,Brasil,SANTA CATARINA,PORTO UNIÃO,Mata Atlântica
 1659954588 ,ecc46720-7f80-3dd2-bbb1-83f7dd55522a,  -26.121080 ,  -50.228680 ,2023-11-07 17:36:00,Brasil,SANTA CATARINA,TRÊS BARRAS,Mata Atlântica
 1659954592 ,3a0a503c-9426-3e50-8edd-e9c6d6f62678,  -27.765490 ,  -50.382000 ,2023-11-07 17:36:00,Brasil,SANTA CATARINA,LAGES,Mata Atlântica
 1659954593 ,dbdbbd95-f0f7-392e-bd5c-3938f8e66755,  -27.616730 ,  -50.375240 ,2023-11-07 17:36:00,Brasil,SANTA CATARINA,CORREIA PINTO,Mata Atlântica
 1659954594 ,bbb57d6d-7c2b-3f4a-9dbf-cc0b43347a24,  -27.615260 ,  -50.365200 ,2023-11-07 17:36:00,Brasil,SANTA CATARINA,CORREIA PINTO,Mata Atlântica
 1659954595 ,709706ef-6b32-371e-844a-48e5bf23815e,  -27.575980 ,  -50.852390 ,2023-11-07 17:36:00,Brasil,SANTA CATARINA,SÃO JOSÉ DO CERRITO,Mata Atlântica
 1659954596 ,a89f92cd-2990-325b-bb1a-c54610eda7fa,  -27.437980 ,  -50.725170 ,2023-11-07 17:36:00,Brasil,SANTA CATARINA,CURITIBANOS,Mata Atlântica
 1659954597 ,795f711b-ad48-3c55-8479-71ee51fdfea6,  -27.392680 ,  -50.856960 ,2023-11-07 17:36:00,Brasil,SANTA CATARINA,BRUNÓPOLIS,Mata Atlântica
 1659954598 ,8b846387-0d8e-36d4-996f-83868472681e,  -27.241790 ,  -50.578210 ,2023-11-07 17:36:00,Brasil,SANTA CATARINA,CURITIBANOS,Mata Atlântica
 1659954599 ,27f86f66-d77e-31c0-8d2b-daeb2bfbcf7b,  -26.837590 ,  -51.226570 ,2023-11-07 17:36:00,Brasil,SANTA CATARINA,CAÇADOR,Mata Atlântica
 1659954619 ,9ec9bc5d-19b3-3001-b9b2-da8ac378013e,  -28.439530 ,  -50.205730 ,2023-11-07 17:34:00,Brasil,SANTA CATARINA,SÃO JOAQUIM,Mata Atlântica
 1659954620 ,2b4e14f5-1ed6-3f6e-ad3d-9684712a76f0,  -28.438060 ,  -50.195630 ,2023-11-07 17:34:00,Brasil,SANTA CATARINA,SÃO JOAQUIM,Mata Atlântica
 1659954621 ,e1c34d5f-8155-3168-b272-5deb8ee5161b,  -28.430600 ,  -50.207440 ,2023-11-07 17:34:00,Brasil,SANTA CATARINA,SÃO JOAQUIM,Mata Atlântica
 1659954622 ,40892d49-eed4-3a49-a17e-bc7293476c2d,  -28.429120 ,  -50.197330 ,2023-11-07 17:34:00,Brasil,SANTA CATARINA,SÃO JOAQUIM,Mata Atlântica
 1659954639 ,695df9b2-e28f-3ca0-b7cb-50edd89639b5,  -26.689010 ,  -52.070460 ,2023-11-07 17:36:00,Brasil,SANTA CATARINA,VARGEÃO,Mata Atlântica
 1659954640 ,33f7b060-a2e9-3b24-b6a6-9d82d6a7dbe2,  -26.650930 ,  -51.272070 ,2023-11-07 17:36:00,Brasil,SANTA CATARINA,CAÇADOR,Mata Atlântica
 1660646949 ,72ed3759-7f3d-31f8-ab26-49863411690f,  -27.592690 ,  -50.822670 ,2023-11-12 17:47:00,Brasil,SANTA CATARINA,SÃO JOSÉ DO CERRITO,Mata Atlântica
 1660646950 ,5e7e9267-5a80-327d-858a-d77a2e253fad,  -27.507110 ,  -51.160440 ,2023-11-12 17:47:00,Brasil,SANTA CATARINA,CAMPOS NOVOS,Mata Atlântica
 1660646951 ,9cd25d87-e629-3a98-bb1a-a41069573c85,  -27.505320 ,  -51.149390 ,2023-11-12 17:47:00,Brasil,SANTA CATARINA,CAMPOS NOVOS,Mata Atlântica
 1660646952 ,f8f8ef58-04b5-3d88-a8fc-9541a5045c09,  -27.440350 ,  -50.572820 ,2023-11-12 17:47:00,Brasil,SANTA CATARINA,CURITIBANOS,Mata Atlântica
 1660646953 ,b9370436-9e15-3508-8148-ae89c99231be,  -27.154650 ,  -51.325550 ,2023-11-12 17:47:00,Brasil,SANTA CATARINA,IBICARÉ,Mata Atlântica
 1660646954 ,8a7de033-36d7-37d1-8b08-33bea7eb82b8,  -26.891460 ,  -51.534760 ,2023-11-12 17:47:00,Brasil,SANTA CATARINA,ÁGUA DOCE,Mata Atlântica
 1660646955 ,12f5f783-f386-352d-9844-f979cfdf0a4d,  -26.889700 ,  -51.523900 ,2023-11-12 17:47:00,Brasil,SANTA CATARINA,TREZE TÍLIAS,Mata Atlântica
 1660646956 ,a8c6c911-8716-36f0-b5d5-5f9e33067f74,  -26.844500 ,  -53.010010 ,2023-11-12 17:47:00,Brasil,SANTA CATARINA,PINHALZINHO,Mata Atlântica
 1660646957 ,dc8d2e40-48c2-37ee-a7d5-40940faf3200,  -26.814880 ,  -51.329920 ,2023-11-12 17:47:00,Brasil,SANTA CATARINA,MACIEIRA,Mata Atlântica
 1660646958 ,8b909692-3352-30bf-8db7-146f76e2bb0a,  -26.805490 ,  -51.331600 ,2023-11-12 17:47:00,Brasil,SANTA CATARINA,MACIEIRA,Mata Atlântica
 1661991265 ,5fb7bca2-fc02-3d99-adc4-a0ebc5094232,  -27.795070 ,  -50.609130 ,2023-11-21 17:28:00,Brasil,SANTA CATARINA,LAGES,Mata Atlântica
 1661991266 ,a5a48d28-d964-3ef5-a39b-9158407cb0aa,  -27.793620 ,  -50.597980 ,2023-11-21 17:28:00,Brasil,SANTA CATARINA,LAGES,Mata Atlântica
 1661991267 ,f604481b-fb53-3348-b46a-f46a8ced54f4,  -27.571740 ,  -49.159650 ,2023-11-21 17:28:00,Brasil,SANTA CATARINA,ANGELINA,Mata Atlântica
 1661991268 ,59faf6dd-81e1-3c90-bea8-0d2e1a5bc2a9,  -27.203050 ,  -49.023180 ,2023-11-21 17:28:00,Brasil,SANTA CATARINA,BOTUVERÁ,Mata Atlântica
 1661991269 ,217f685e-4a69-374a-90bd-c3f096501d0f,  -27.161500 ,  -48.732510 ,2023-11-21 17:28:00,Brasil,SANTA CATARINA,TIJUCAS,Mata Atlântica
 1661991270 ,f125acbf-d70f-30b8-8641-259794ccb4d7,  -27.073820 ,  -49.545340 ,2023-11-21 17:28:00,Brasil,SANTA CATARINA,IBIRAMA,Mata Atlântica
 1661991271 ,c1c571ed-542c-3e2f-bf84-d684300bad65,  -26.709300 ,  -48.783640 ,2023-11-21 17:28:00,Brasil,SANTA CATARINA,BALNEÁRIO PIÇARRAS,Mata Atlântica
 1661991272 ,c239fed5-7b7a-35e3-a3b9-801c14d62d7e,  -26.707860 ,  -48.773670 ,2023-11-21 17:28:00,Brasil,SANTA CATARINA,BALNEÁRIO PIÇARRAS,Mata Atlântica
 1661991273 ,b42188fa-0560-3a88-ac92-65eb04db6c3d,  -26.561000 ,  -48.904550 ,2023-11-21 17:28:00,Brasil,SANTA CATARINA,MASSARANDUBA,Mata Atlântica
 1661991274 ,16eae985-0b0c-3563-b704-0d6f67b93b63,  -26.478070 ,  -49.618150 ,2023-11-21 17:28:00,Brasil,SANTA CATARINA,RIO NEGRINHO,Mata Atlântica
 1661991275 ,0d3bd0ee-1ccd-3ff3-a2e4-774a38b095da,  -26.289550 ,  -50.394620 ,2023-11-21 17:28:00,Brasil,SANTA CATARINA,CANOINHAS,Mata Atlântica
 1662380147 ,ce0195a1-e206-37d1-ba1f-bbfd44e38824,  -26.685920 ,  -50.609790 ,2023-11-26 17:38:00,Brasil,SANTA CATARINA,TIMBÓ GRANDE,Mata Atlântica
 1662380148 ,496d2909-fa5d-3bab-8b26-5519f75ae094,  -27.673600 ,  -50.623930 ,2023-11-26 17:38:00,Brasil,SANTA CATARINA,SÃO JOSÉ DO CERRITO,Mata Atlântica
 1662380149 ,ca1892d5-82f9-35a1-923c-bf92493b124d,  -27.589740 ,  -51.117060 ,2023-11-26 17:38:00,Brasil,SANTA CATARINA,ABDON BATISTA,Mata Atlântica
 1662380150 ,5ec31f5b-8469-3f69-bde1-06e22353cbb2,  -27.164600 ,  -52.734090 ,2023-11-26 17:38:00,Brasil,SANTA CATARINA,GUATAMBÚ,Mata Atlântica
 1662780343 ,9c090bc1-74ea-3e78-b45d-13d98312b302,  -27.713590 ,  -51.175800 ,2023-12-01 17:49:00,Brasil,SANTA CATARINA,ANITA GARIBALDI,Mata Atlântica
 1662780344 ,1192eff9-ee58-30a6-9b90-fa9cc31de112,  -27.589470 ,  -50.081390 ,2023-12-01 17:49:00,Brasil,SANTA CATARINA,PALMEIRA,Mata Atlântica
 1662780345 ,d33ef54b-9cea-3d71-9147-d883ab0cb9f6,  -27.579350 ,  -50.083720 ,2023-12-01 17:49:00,Brasil,SANTA CATARINA,PALMEIRA,Mata Atlântica
 1662870420 ,222b0067-4803-3d2c-a79c-908afb73575b,  -26.821500 ,  -51.400590 ,2023-12-02 16:54:00,Brasil,SANTA CATARINA,MACIEIRA,Mata Atlântica
 1664133740 ,9dbde931-d7ea-30fb-bde7-2e5acca1517d,  -27.621070 ,  -50.938690 ,2023-12-14 17:00:00,Brasil,SANTA CATARINA,CERRO NEGRO,Mata Atlântica
 1664133741 ,31e89b75-3fd4-34c6-8586-28fa8ea6aab4,  -26.662290 ,  -50.167600 ,2023-12-14 17:00:00,Brasil,SANTA CATARINA,PAPANDUVA,Mata Atlântica
 1664133742 ,7ef7b66c-5801-337f-b439-af605b8b346d,  -26.659960 ,  -50.139120 ,2023-12-14 17:00:00,Brasil,SANTA CATARINA,PAPANDUVA,Mata Atlântica
 1664133743 ,dda455fa-2188-3bf2-aa6c-2e83659c4362,  -26.658540 ,  -50.146570 ,2023-12-14 17:00:00,Brasil,SANTA CATARINA,PAPANDUVA,Mata Atlântica
 1664234366 ,f452a47d-00a3-3634-aa6a-3788ca68b467,  -27.971170 ,  -48.975350 ,2023-12-15 17:43:00,Brasil,SANTA CATARINA,SÃO BONIFÁCIO,Mata Atlântica
 1664234367 ,556cd986-76a1-3db5-a945-946bf80d2330,  -27.969260 ,  -48.963460 ,2023-12-15 17:43:00,Brasil,SANTA CATARINA,SÃO BONIFÁCIO,Mata Atlântica
 1664234368 ,342564ac-e792-34f0-9e45-ea5327be96f6,  -27.603590 ,  -51.386610 ,2023-12-15 17:43:00,Brasil,SANTA CATARINA,CELSO RAMOS,Mata Atlântica
 1664234369 ,1605e3b2-29f1-387a-9acd-2a1b4ef29e45,  -27.602130 ,  -51.376560 ,2023-12-15 17:43:00,Brasil,SANTA CATARINA,CAMPOS NOVOS,Mata Atlântica
 1664234370 ,06eb4f74-ddd5-357c-acb5-ba911e453be0,  -26.943050 ,  -52.039250 ,2023-12-15 17:43:00,Brasil,SANTA CATARINA,PONTE SERRADA,Mata Atlântica
 1664234371 ,7b674695-2e86-386f-8328-8cce2583cbcd,  -26.524820 ,  -50.107400 ,2023-12-15 17:43:00,Brasil,SANTA CATARINA,SANTA TEREZINHA,Mata Atlântica
 1664422705 ,5abfd766-f1d8-3ed0-bde5-9873c661e1df,  -28.128730 ,  -49.149940 ,2023-12-17 17:26:00,Brasil,SANTA CATARINA,RIO FORTUNA,Mata Atlântica
 1664422706 ,9973b709-c285-3af1-9571-340a23abe263,  -28.110940 ,  -48.806970 ,2023-12-17 17:26:00,Brasil,SANTA CATARINA,IMARUÍ,Mata Atlântica
 1664422707 ,acc252b8-5293-324e-a31b-ec5687d70cfc,  -28.109540 ,  -48.796610 ,2023-12-17 17:26:00,Brasil,SANTA CATARINA,IMARUÍ,Mata Atlântica
 1664422708 ,296c21a2-257f-38e0-a188-7858f474d2af,  -27.257350 ,  -49.079440 ,2023-12-17 17:26:00,Brasil,SANTA CATARINA,BOTUVERÁ,Mata Atlântica
 1664422709 ,caad5770-8388-3d4a-8260-1739a34941b7,  -26.954510 ,  -48.751190 ,2023-12-17 17:26:00,Brasil,SANTA CATARINA,ITAJAÍ,Mata Atlântica
 1664422710 ,df3c6c8b-d2d5-3c92-b3f1-31c5dbec09bf,  -26.906810 ,  -52.706420 ,2023-12-17 17:26:00,Brasil,SANTA CATARINA,CORONEL FREITAS,Mata Atlântica
 1664422711 ,3b417710-579f-3d75-8aaf-b1eab28401c3,  -26.600040 ,  -53.535490 ,2023-12-17 17:26:00,Brasil,SANTA CATARINA,GUARACIABA,Mata Atlântica
 1664666592 ,17dd080b-ccd4-33b5-9e5a-38d99e78a464,  -27.642650 ,  -49.091010 ,2023-12-19 17:11:00,Brasil,SANTA CATARINA,RANCHO QUEIMADO,Mata Atlântica
 1664666593 ,f7252b73-0117-3a83-963b-14dbe78b64da,  -27.633320 ,  -49.096790 ,2023-12-19 17:11:00,Brasil,SANTA CATARINA,RANCHO QUEIMADO,Mata Atlântica
 1664666594 ,c473d3ca-d602-3c2f-ad07-5c16818177b9,  -27.631540 ,  -49.080640 ,2023-12-19 17:11:00,Brasil,SANTA CATARINA,RANCHO QUEIMADO,Mata Atlântica
 1664666595 ,24ff17d3-bf34-3a66-b1e7-788f681baf59,  -27.490820 ,  -50.030520 ,2023-12-19 17:11:00,Brasil,SANTA CATARINA,OTACÍLIO COSTA,Mata Atlântica
 1664666596 ,f046db8b-e79d-310f-a0aa-8225b73eed74,  -26.994070 ,  -50.383160 ,2023-12-19 17:11:00,Brasil,SANTA CATARINA,SANTA CECÍLIA,Mata Atlântica
 1664666597 ,e314d992-3a1e-30e6-bbd6-7fd49bef56a6,  -26.992110 ,  -50.363690 ,2023-12-19 17:11:00,Brasil,SANTA CATARINA,SANTA CECÍLIA,Mata Atlântica
 1664666598 ,2d386283-ae09-350d-87aa-6ee286e4f515,  -26.956030 ,  -48.752650 ,2023-12-19 17:11:00,Brasil,SANTA CATARINA,ITAJAÍ,Mata Atlântica
 1664974728 ,950658b9-8587-3e19-aa39-6bd8a7ea245e,  -27.798600 ,  -51.031490 ,2023-12-22 17:36:00,Brasil,SANTA CATARINA,ANITA GARIBALDI,Mata Atlântica
 1664974729 ,59025ebc-49e4-3f73-b080-a2ee522127b1,  -27.398960 ,  -48.997700 ,2023-12-22 17:36:00,Brasil,SANTA CATARINA,MAJOR GERCINO,Mata Atlântica
 1664974730 ,69cd7f09-945e-3db4-9fcb-438214f706fc,  -27.194890 ,  -49.479230 ,2023-12-22 17:36:00,Brasil,SANTA CATARINA,LONTRAS,Mata Atlântica
 1664974731 ,88664327-caed-3eca-99e2-305db7da5473,  -27.172810 ,  -50.068880 ,2023-12-22 17:36:00,Brasil,SANTA CATARINA,MIRIM DOCE,Mata Atlântica
 1664974732 ,dd59c713-4ca0-323d-a907-50e9ead611ac,  -27.063060 ,  -49.457950 ,2023-12-22 17:36:00,Brasil,SANTA CATARINA,APIÚNA,Mata Atlântica
 1664974733 ,acc13754-3605-3626-9b66-848b816737aa,  -27.061520 ,  -49.447830 ,2023-12-22 17:36:00,Brasil,SANTA CATARINA,APIÚNA,Mata Atlântica
 1664974734 ,55a157f1-c5f9-3b4c-92b4-9da9162ca871,  -27.054050 ,  -49.459630 ,2023-12-22 17:36:00,Brasil,SANTA CATARINA,APIÚNA,Mata Atlântica
 1664974735 ,5e1eb843-5532-3d39-8a51-c3be53049638,  -26.402410 ,  -51.108790 ,2023-12-22 17:36:00,Brasil,SANTA CATARINA,MATOS COSTA,Mata Atlântica
 1665191868 ,d356f5ea-b6a3-3ded-8d41-63d202f6e37e,  -27.619260 ,  -51.150620 ,2023-12-24 17:21:00,Brasil,SANTA CATARINA,ABDON BATISTA,Mata Atlântica
 1665191869 ,3181ca92-cb41-391d-bd7b-c8622f93bd70,  -26.519510 ,  -48.717440 ,2023-12-24 17:21:00,Brasil,SANTA CATARINA,ARAQUARI,Mata Atlântica
 1665409388 ,d1b9d75e-9173-3be9-ac61-52ffe144158e,  -27.655370 ,  -50.626820 ,2023-12-26 17:06:00,Brasil,SANTA CATARINA,SÃO JOSÉ DO CERRITO,Mata Atlântica
 1665409389 ,ebaac3e4-2d15-3ced-8359-25b2f4621282,  -27.649580 ,  -50.634720 ,2023-12-26 17:06:00,Brasil,SANTA CATARINA,SÃO JOSÉ DO CERRITO,Mata Atlântica
 1665409390 ,8bb858ef-4cbb-35fd-81dd-7f24f3b337de,  -27.328370 ,  -49.425330 ,2023-12-26 17:06:00,Brasil,SANTA CATARINA,PRESIDENTE NEREU,Mata Atlântica
 1665409391 ,a1316af7-130e-3c24-9611-0f90f80f8ace,  -27.326210 ,  -49.403180 ,2023-12-26 17:06:00,Brasil,SANTA CATARINA,PRESIDENTE NEREU,Mata Atlântica
 1665517135 ,f3c56103-df26-3a0f-b6ef-7fb96da9264f,  -29.021780 ,  -49.523790 ,2023-12-27 17:47:00,Brasil,SANTA CATARINA,ARARANGUÁ,Mata Atlântica
 1665517138 ,bbfc5a25-b157-31ea-a478-2e7a75cbe7c5,  -27.639140 ,  -50.917060 ,2023-12-27 17:47:00,Brasil,SANTA CATARINA,CERRO NEGRO,Mata Atlântica
 1665517139 ,81b2b548-034d-3da1-bc98-230923586b0a,  -27.405710 ,  -50.498980 ,2023-12-27 17:47:00,Brasil,SANTA CATARINA,CURITIBANOS,Mata Atlântica
 1665630985 ,40fcf755-2c06-3ecf-a43f-08715a8d81ce,  -28.163070 ,  -48.964810 ,2023-12-28 16:52:00,Brasil,SANTA CATARINA,SÃO MARTINHO,Mata Atlântica
 1665772437 ,83dd0937-50d9-3295-a25f-794b155ee50f,  -26.478800 ,  -50.027720 ,2023-12-29 17:32:00,Brasil,SANTA CATARINA,ITAIÓPOLIS,Mata Atlântica
