id_bdq,foco_id,lat,lon,data_pas,pais,estado,municipio,bioma
 1616089542 ,d016c16b-a4d1-32fa-9d3f-39ac1e0835fe,  -17.937710 ,  -49.755570 ,2023-01-11 17:02:00,Brasil,GOIÁS,GOIATUBA,Cerrado
 1616089652 ,fde6e9a8-8a29-3ff6-8448-481e78ecd56e,  -16.341060 ,  -49.095710 ,2023-01-11 17:02:00,Brasil,GOIÁS,ANÁPOLIS,Cerrado
 1616988123 ,066e4521-0c51-3843-bd68-2a1c88e5f45a,  -15.914400 ,  -51.544430 ,2023-01-19 17:47:00,Brasil,GOIÁS,MONTES CLAROS DE GOIÁS,Cerrado
 1617099616 ,73d560ed-e5ea-3e1b-9276-02a192ffbfa2,  -15.077730 ,  -51.505510 ,2023-01-20 16:52:00,Brasil,GOIÁS,JUSSARA,Cerrado
 1617355583 ,d403d7d3-284c-351d-aca5-207ce54d227f,  -19.009660 ,  -51.040650 ,2023-01-23 17:19:00,Brasil,GOIÁS,ITARUMÃ,Cerrado
 1617355667 ,2af20de5-58d6-39e7-8be5-a635eb9c7278,  -19.056610 ,  -51.303310 ,2023-01-23 17:19:00,Brasil,GOIÁS,ITAJÁ,Cerrado
 1617561862 ,afcc6d9e-e66f-3ab9-9c12-e5faeedd7f26,  -18.193560 ,  -52.173150 ,2023-01-25 17:06:00,Brasil,GOIÁS,SERRANÓPOLIS,Cerrado
 1617757885 ,19895a44-c29a-3386-abda-803ec3172417,  -16.876870 ,  -49.253650 ,2023-01-27 16:54:00,Brasil,GOIÁS,HIDROLÂNDIA,Cerrado
 1617757886 ,bd99a89f-9531-378f-92ea-fa5c7c1e6546,  -17.497500 ,  -49.836960 ,2023-01-27 16:54:00,Brasil,GOIÁS,EDÉIA,Cerrado
 1617757888 ,e35949db-8fbf-3c1d-b1ef-9468c8065ab1,  -18.457910 ,  -50.451680 ,2023-01-27 16:54:00,Brasil,GOIÁS,QUIRINÓPOLIS,Mata Atlântica
 1618093257 ,a4ec0cdf-011c-31cd-8086-55b3c3d2e1f1,  -17.469510 ,  -50.013830 ,2023-01-30 17:21:00,Brasil,GOIÁS,EDÉIA,Cerrado
 1618329147 ,e38facef-9c71-384e-9e2a-44e25905c6b2,  -15.539560 ,  -49.044490 ,2023-02-01 17:09:00,Brasil,GOIÁS,PIRENÓPOLIS,Cerrado
 1618548821 ,1718dfaf-eee2-347e-9628-18530ff8da9d,  -16.937670 ,  -50.206840 ,2023-02-03 16:56:00,Brasil,GOIÁS,JANDAIA,Cerrado
 1618548822 ,e147d843-b200-34c3-a946-6a961310fa6a,  -16.859040 ,  -47.322170 ,2023-02-03 16:56:00,Brasil,GOIÁS,CRISTALINA,Cerrado
 1618548827 ,dddafa35-1411-3239-8621-e941109229cc,  -18.228220 ,  -50.602280 ,2023-02-03 16:54:00,Brasil,GOIÁS,QUIRINÓPOLIS,Cerrado
 1618548829 ,91656490-784c-385c-8808-1813214c363e,  -18.684210 ,  -50.600720 ,2023-02-03 16:54:00,Brasil,GOIÁS,QUIRINÓPOLIS,Mata Atlântica
 1618548947 ,29f20e7e-7543-3c42-b19c-56550f6e05e8,  -16.939180 ,  -50.215160 ,2023-02-03 16:56:00,Brasil,GOIÁS,JANDAIA,Cerrado
 1618548951 ,2a81c882-48c7-3d75-93d3-0fe8c9577b3e,  -15.033840 ,  -46.600010 ,2023-02-03 16:56:00,Brasil,GOIÁS,FLORES DE GOIÁS,Cerrado
 1618548957 ,40c22472-e7bd-3f56-8a93-02467564d3f2,  -15.536960 ,  -51.480740 ,2023-02-03 16:56:00,Brasil,GOIÁS,JUSSARA,Cerrado
 1618548962 ,b89b84ce-f2a7-3193-863d-f6751716369c,  -15.545390 ,  -51.484800 ,2023-02-03 16:56:00,Brasil,GOIÁS,JUSSARA,Cerrado
 1618548968 ,d8867b4b-c307-3ae0-b89c-ebda121785c7,  -16.543930 ,  -50.162380 ,2023-02-03 16:56:00,Brasil,GOIÁS,TURVÂNIA,Cerrado
 1618843675 ,def4b453-58d2-347b-b7ee-9432118b2479,  -14.330750 ,  -46.956660 ,2023-02-05 16:43:00,Brasil,GOIÁS,FLORES DE GOIÁS,Cerrado
 1618843684 ,f3eb0506-a776-3279-a423-0176414c8c45,  -16.920570 ,  -50.334960 ,2023-02-05 16:41:00,Brasil,GOIÁS,PARAÚNA,Cerrado
 1619125791 ,15856482-b23c-3f66-ad82-d853c761409d,  -14.636500 ,  -47.591940 ,2023-02-07 16:30:00,Brasil,GOIÁS,SÃO JOÃO D'ALIANÇA,Cerrado
 1619293553 ,e1f527e6-3dc4-3bd7-97ce-0bd4ec1fee1f,  -14.817240 ,  -47.259670 ,2023-02-08 17:11:00,Brasil,GOIÁS,FORMOSA,Cerrado
 1619293568 ,323dcca1-52a6-31de-9cd7-29d2e4b61da7,  -15.406770 ,  -48.297780 ,2023-02-08 17:11:00,Brasil,GOIÁS,PADRE BERNARDO,Cerrado
 1619293589 ,5b255648-e404-335b-891a-fe8143b65a25,  -15.408210 ,  -48.307320 ,2023-02-08 17:11:00,Brasil,GOIÁS,PADRE BERNARDO,Cerrado
 1619293630 ,4761410c-a2d0-3d49-b392-5f9874e21bac,  -15.414930 ,  -50.898820 ,2023-02-08 17:11:00,Brasil,GOIÁS,MATRINCHÃ,Cerrado
 1619293631 ,6ba053e3-22b9-3cfa-877e-e8d66a35c2d5,  -14.024750 ,  -50.488490 ,2023-02-08 17:11:00,Brasil,GOIÁS,NOVA CRIXÁS,Cerrado
 1619293640 ,a4291e5e-4ce7-3cee-94f1-9352cea09b63,  -13.859650 ,  -50.237730 ,2023-02-08 17:11:00,Brasil,GOIÁS,MUNDO NOVO,Cerrado
 1619293641 ,89537dd9-8129-3751-8ca2-ea620769ef53,  -13.774650 ,  -50.604670 ,2023-02-08 17:11:00,Brasil,GOIÁS,NOVA CRIXÁS,Cerrado
 1619293652 ,60bedbc1-7570-313a-b15c-ab6f7f01b171,  -14.807620 ,  -47.261290 ,2023-02-08 17:11:00,Brasil,GOIÁS,FORMOSA,Cerrado
 1619293653 ,9e673ffa-d3ea-39ac-92c7-017e7b89ceb7,  -16.071760 ,  -50.535760 ,2023-02-08 17:11:00,Brasil,GOIÁS,NOVO BRASIL,Cerrado
 1619293655 ,789a97d5-337a-3615-8cc4-7da05928645f,  -14.809290 ,  -47.272060 ,2023-02-08 17:11:00,Brasil,GOIÁS,FORMOSA,Cerrado
 1619293662 ,d63d41ec-3e10-3737-a37f-497606894aa8,  -17.213680 ,  -50.086800 ,2023-02-08 17:11:00,Brasil,GOIÁS,INDIARA,Cerrado
 1619293669 ,7aea57f1-da87-315a-9054-c4054994b8b6,  -17.307870 ,  -50.296730 ,2023-02-08 17:11:00,Brasil,GOIÁS,ACREÚNA,Cerrado
 1619408290 ,fec35d92-3844-3fb5-971a-b044c6af2836,  -19.070040 ,  -51.314360 ,2023-02-09 17:53:00,Brasil,GOIÁS,ITAJÁ,Cerrado
 1619527414 ,020738f4-3d45-3794-b90a-6c0466a78fc2,  -14.023060 ,  -46.216070 ,2023-02-10 16:58:00,Brasil,GOIÁS,GUARANI DE GOIÁS,Cerrado
 1619527418 ,829736b7-6b82-394c-8b4f-40480e264914,  -14.096390 ,  -47.559030 ,2023-02-10 16:58:00,Brasil,GOIÁS,ALTO PARAÍSO DE GOIÁS,Cerrado
 1619527419 ,79bb6eb0-9b48-3a57-ad55-f818a57613c6,  -14.106770 ,  -47.567080 ,2023-02-10 16:58:00,Brasil,GOIÁS,ALTO PARAÍSO DE GOIÁS,Cerrado
 1619527426 ,18c5ce13-81c5-3007-a5fc-61cc35b5a0cf,  -15.520420 ,  -51.674050 ,2023-02-10 16:58:00,Brasil,GOIÁS,MONTES CLAROS DE GOIÁS,Cerrado
 1619527467 ,b2aea504-c36e-332b-ae83-a64e08fa62a1,  -13.346900 ,  -46.559970 ,2023-02-10 16:58:00,Brasil,GOIÁS,DIVINÓPOLIS DE GOIÁS,Cerrado
 1619527470 ,980c6eda-0212-3d9a-909e-332aee1f5076,  -15.802110 ,  -50.987380 ,2023-02-10 16:58:00,Brasil,GOIÁS,JUSSARA,Cerrado
 1619527476 ,0800bf8f-00f0-390a-a537-c3fced11d7bd,  -15.888880 ,  -47.099970 ,2023-02-10 16:58:00,Brasil,GOIÁS,CABECEIRAS,Cerrado
 1619527480 ,d5416d7e-d0f2-381e-9cd9-a66bb01f5e09,  -16.816140 ,  -47.359930 ,2023-02-10 16:58:00,Brasil,GOIÁS,CRISTALINA,Cerrado
 1619807985 ,f0a8da5f-2393-3561-9fd7-50d1d4b20906,  -17.927970 ,  -50.039880 ,2023-02-12 16:45:00,Brasil,GOIÁS,PORTEIRÃO,Cerrado
 1619985153 ,78b3403e-a6df-3f92-b544-31d844b57701,  -14.567480 ,  -47.568670 ,2023-02-13 17:26:00,Brasil,GOIÁS,SÃO JOÃO D'ALIANÇA,Cerrado
 1619985161 ,573aed68-56d8-386a-8515-137e34f4b42b,  -15.674210 ,  -51.132920 ,2023-02-13 17:26:00,Brasil,GOIÁS,SANTA FÉ DE GOIÁS,Cerrado
 1619985169 ,7a53b16f-309a-3eee-a218-2f7d857d348d,  -16.570770 ,  -51.131440 ,2023-02-13 17:26:00,Brasil,GOIÁS,AMORINÓPOLIS,Cerrado
 1619985181 ,6ec36ddd-f2ef-39f3-ad64-24592638a8a2,  -17.799140 ,  -50.387790 ,2023-02-13 17:26:00,Brasil,GOIÁS,TURVELÂNDIA,Cerrado
 1619985188 ,57084cb4-85f4-3a48-89d3-47974c64d72c,  -17.841480 ,  -50.203730 ,2023-02-13 17:26:00,Brasil,GOIÁS,PORTEIRÃO,Cerrado
 1619985192 ,2b36e7b3-2df1-368e-a568-b616a9205a91,  -17.920730 ,  -50.326780 ,2023-02-13 17:26:00,Brasil,GOIÁS,TURVELÂNDIA,Cerrado
 1620283507 ,ef5622c9-68f6-350c-9d20-ecb0e8840e60,  -13.008360 ,  -49.929770 ,2023-02-15 17:15:00,Brasil,GOIÁS,SÃO MIGUEL DO ARAGUAIA,Cerrado
 1620283512 ,e617328e-db99-3836-8416-85c79b897a0b,  -13.710260 ,  -48.218950 ,2023-02-15 17:15:00,Brasil,GOIÁS,MINAÇU,Cerrado
 1620283513 ,ec941452-46c1-3549-acb1-dc294e68c685,  -13.999050 ,  -49.524770 ,2023-02-15 17:15:00,Brasil,GOIÁS,MARA ROSA,Cerrado
 1620283514 ,35007e21-d1a5-3cf0-9c56-5475d5d18694,  -14.103940 ,  -47.970180 ,2023-02-15 17:13:00,Brasil,GOIÁS,COLINAS DO SUL,Cerrado
 1620283515 ,8b02fa86-53a8-3ea9-99d7-92fc2e7dd316,  -15.336630 ,  -49.422260 ,2023-02-15 17:13:00,Brasil,GOIÁS,SANTA ISABEL,Cerrado
 1620283516 ,3128bf5d-e8ce-3a5f-a123-712a3bc1d12f,  -15.782440 ,  -49.194630 ,2023-02-15 17:13:00,Brasil,GOIÁS,JARAGUÁ,Cerrado
 1620283517 ,5bbc868b-f296-3768-992b-dcef63b231c0,  -15.888910 ,  -51.216150 ,2023-02-15 17:13:00,Brasil,GOIÁS,JUSSARA,Cerrado
 1620283518 ,8574521a-915d-3206-8818-eba7bd421b9e,  -16.586470 ,  -50.493470 ,2023-02-15 17:13:00,Brasil,GOIÁS,SÃO LUÍS DE MONTES BELOS,Cerrado
 1620283519 ,7643d6a8-fd40-3a82-84b1-af3a0297e308,  -16.677380 ,  -47.336910 ,2023-02-15 17:13:00,Brasil,GOIÁS,CRISTALINA,Cerrado
 1620283526 ,3ac832aa-a35a-3223-a584-e832db9f9c54,  -16.988300 ,  -50.803440 ,2023-02-15 17:13:00,Brasil,GOIÁS,PARAÚNA,Cerrado
 1620283527 ,25b15f86-4db1-31d5-bbf7-15fa398cc0b3,  -17.221520 ,  -47.929590 ,2023-02-15 17:13:00,Brasil,GOIÁS,IPAMERI,Cerrado
 1620283528 ,d119a31d-4979-3fe9-9b3d-d286dc022b2b,  -17.400590 ,  -52.060810 ,2023-02-15 17:13:00,Brasil,GOIÁS,CAIAPÔNIA,Cerrado
 1620283563 ,c1fe9485-4903-35ba-921f-b0b5914b0c3f,  -18.161820 ,  -49.477230 ,2023-02-15 17:13:00,Brasil,GOIÁS,PANAMÁ,Cerrado
 1620559663 ,5af1712d-c6a2-3a07-ab3f-162fbbf28512,  -16.264950 ,  -51.104480 ,2023-02-17 17:00:00,Brasil,GOIÁS,JAUPACI,Cerrado
 1620559725 ,a18fab10-dffe-315f-957d-76c48d9f15a0,  -16.414220 ,  -50.040010 ,2023-02-17 17:00:00,Brasil,GOIÁS,ANICUNS,Cerrado
 1620559768 ,f8b3129c-a542-39df-aa58-bd1c4094dc79,  -16.587580 ,  -52.463960 ,2023-02-17 17:00:00,Brasil,GOIÁS,DOVERLÂNDIA,Cerrado
 1620559785 ,5c2df188-dc42-338d-822c-3e291578164a,  -16.604510 ,  -49.701200 ,2023-02-17 17:00:00,Brasil,GOIÁS,SANTA BÁRBARA DE GOIÁS,Cerrado
 1620559801 ,cff620a4-cf9a-340f-b76d-a4b87b887df5,  -16.614560 ,  -49.699810 ,2023-02-17 17:00:00,Brasil,GOIÁS,SANTA BÁRBARA DE GOIÁS,Cerrado
 1620559817 ,d803a706-ee93-3237-b696-3f47d8bf74a0,  -16.736810 ,  -50.846540 ,2023-02-17 17:00:00,Brasil,GOIÁS,PARAÚNA,Cerrado
 1620559927 ,a98e7acc-db70-3b3c-940d-acf98cabbe6f,  -17.625720 ,  -49.902660 ,2023-02-17 17:00:00,Brasil,GOIÁS,VICENTINÓPOLIS,Cerrado
 1620869252 ,a58a6f9d-0d67-37a7-851f-67f93cc459ec,  -17.243360 ,  -49.692600 ,2023-02-19 16:47:00,Brasil,GOIÁS,EDEALINA,Cerrado
 1620869258 ,66f556d0-c662-33de-b967-76f4597f405e,  -17.964240 ,  -49.064550 ,2023-02-19 16:47:00,Brasil,GOIÁS,BURITI ALEGRE,Cerrado
 1621962227 ,a24a841e-4107-3e9d-8563-4fc6d2f29e55,  -17.776070 ,  -50.463960 ,2023-02-27 17:32:00,Brasil,GOIÁS,SANTA HELENA DE GOIÁS,Cerrado
 1621962564 ,8cb3e423-d719-38d4-b1d4-8e45ce687a27,  -18.168460 ,  -52.797090 ,2023-02-27 17:32:00,Brasil,GOIÁS,CHAPADÃO DO CÉU,Cerrado
 1621962639 ,f0d47702-8899-3721-9ee8-c2554b76bea7,  -18.304400 ,  -52.112190 ,2023-02-27 17:32:00,Brasil,GOIÁS,SERRANÓPOLIS,Cerrado
 1622101751 ,771d9dec-f415-328c-bd77-d2f9ada13e83,  -15.183370 ,  -51.436530 ,2023-03-01 17:19:00,Brasil,GOIÁS,JUSSARA,Cerrado
 1622101760 ,43971e50-84fb-361c-81b8-0e9ec250d878,  -15.379630 ,  -51.657340 ,2023-03-01 17:19:00,Brasil,GOIÁS,JUSSARA,Cerrado
 1622101768 ,ecf4983f-cf1d-32c3-bc26-f642df92ad9e,  -15.844820 ,  -51.756760 ,2023-03-01 17:19:00,Brasil,GOIÁS,MONTES CLAROS DE GOIÁS,Cerrado
 1622101776 ,10268da1-4947-3eef-8eff-e54ea38fb151,  -16.510400 ,  -51.654570 ,2023-03-01 17:19:00,Brasil,GOIÁS,PIRANHAS,Cerrado
 1622100841 ,9bc21f34-48b1-390a-a6e2-dd96ea5954e3,  -12.657720 ,  -50.280500 ,2023-03-01 17:19:00,Brasil,GOIÁS,SÃO MIGUEL DO ARAGUAIA,Cerrado
 1622093638 ,cf092115-63fd-31dc-9e05-ac306a5710d3,  -14.690570 ,  -46.393740 ,2023-02-28 16:37:00,Brasil,GOIÁS,SÍTIO D'ABADIA,Cerrado
 1622093573 ,07357558-93c2-3deb-945b-ab923f93d730,  -16.772950 ,  -47.533930 ,2023-02-28 16:34:00,Brasil,GOIÁS,CRISTALINA,Cerrado
 1622093588 ,029ba684-9565-33cf-8a13-0e3f4d7baa3a,  -17.210400 ,  -47.382530 ,2023-02-28 16:34:00,Brasil,GOIÁS,CRISTALINA,Cerrado
 1622093653 ,38ee8ebc-b2bf-3fd7-9115-f467657fe12e,  -14.696490 ,  -46.404340 ,2023-02-28 16:37:00,Brasil,GOIÁS,SÍTIO D'ABADIA,Cerrado
 1622093671 ,ef93cca0-83f9-3749-9f55-75eec2a541f7,  -13.331920 ,  -46.376050 ,2023-02-28 16:37:00,Brasil,GOIÁS,SÃO DOMINGOS,Cerrado
 1622093687 ,28e13e6a-3851-30a6-9c9c-51ddd165fe32,  -13.338970 ,  -46.387470 ,2023-02-28 16:37:00,Brasil,GOIÁS,DIVINÓPOLIS DE GOIÁS,Cerrado
 1622306712 ,2a7e57a4-56bb-387b-b2f5-d1330d8013f2,  -16.743200 ,  -51.024300 ,2023-03-03 17:04:00,Brasil,GOIÁS,IVOLÂNDIA,Cerrado
 1622306729 ,f5375650-3365-382a-b6dc-c74f878911c0,  -16.744820 ,  -51.036760 ,2023-03-03 17:04:00,Brasil,GOIÁS,IVOLÂNDIA,Cerrado
 1622306745 ,4d8560b3-0d8f-3ee1-8cc2-38494be1333f,  -16.750370 ,  -51.030780 ,2023-03-03 17:04:00,Brasil,GOIÁS,IVOLÂNDIA,Cerrado
 1622306761 ,9bac9720-dfcf-38cb-851b-f1239e8d0a96,  -16.984730 ,  -51.360460 ,2023-03-03 17:04:00,Brasil,GOIÁS,CAIAPÔNIA,Cerrado
 1622306776 ,660fb630-61c1-3643-ad8b-c195d3839d8e,  -16.986420 ,  -51.374150 ,2023-03-03 17:04:00,Brasil,GOIÁS,CAIAPÔNIA,Cerrado
 1622306793 ,4485e1eb-d2e2-336f-a1b0-8cb0636acfca,  -17.355250 ,  -51.687510 ,2023-03-03 17:04:00,Brasil,GOIÁS,RIO VERDE,Cerrado
 1622306808 ,f342ba8f-7c40-3c9a-a01d-6c33ea6e55a8,  -15.368000 ,  -51.424160 ,2023-03-03 17:04:00,Brasil,GOIÁS,JUSSARA,Cerrado
 1622306824 ,94785796-67f9-36d7-9c6e-ada0243b8eaf,  -15.621830 ,  -50.871800 ,2023-03-03 17:04:00,Brasil,GOIÁS,ITAPIRAPUÃ,Cerrado
 1622306839 ,65d8ecf3-0352-360f-8c83-63fd54666b98,  -15.900330 ,  -51.210050 ,2023-03-03 17:04:00,Brasil,GOIÁS,JUSSARA,Cerrado
 1622306856 ,e8bebd83-a392-3118-814f-8be334475c34,  -16.398220 ,  -51.879900 ,2023-03-03 17:04:00,Brasil,GOIÁS,PIRANHAS,Cerrado
 1622306871 ,e710b9dd-f24a-3c8d-b7a6-e1576caefc3c,  -16.516850 ,  -51.017080 ,2023-03-03 17:04:00,Brasil,GOIÁS,IPORÁ,Cerrado
 1622306960 ,35151579-1fd1-3922-9a4e-39a5e2c50560,  -18.457900 ,  -50.448280 ,2023-03-03 17:04:00,Brasil,GOIÁS,QUIRINÓPOLIS,Mata Atlântica
 1622306970 ,64ddc56c-c8d7-3e8e-9cf5-6a7bebd8442b,  -18.906470 ,  -50.549770 ,2023-03-03 17:04:00,Brasil,GOIÁS,PARANAIGUARA,Mata Atlântica
 1622306986 ,943f3043-cb50-3c01-b08e-da13135b2138,  -17.704950 ,  -50.054430 ,2023-03-03 17:04:00,Brasil,GOIÁS,EDÉIA,Cerrado
 1622307044 ,6e735813-7adc-3845-bdf7-adba0cf029c2,  -18.222960 ,  -48.385500 ,2023-03-03 17:04:00,Brasil,GOIÁS,CORUMBAÍBA,Cerrado
 1622307051 ,65ffcbf8-d52a-3924-aebd-f9841bb1581c,  -18.228920 ,  -48.379020 ,2023-03-03 17:04:00,Brasil,GOIÁS,CORUMBAÍBA,Cerrado
 1622307066 ,08845ba2-22ba-351e-8cb0-34e12df105d4,  -17.825350 ,  -48.906240 ,2023-03-03 17:04:00,Brasil,GOIÁS,MORRINHOS,Cerrado
 1622307075 ,2b960fff-6f17-3b9c-8ddc-5fcca2be4edf,  -16.519230 ,  -48.758670 ,2023-03-03 17:04:00,Brasil,GOIÁS,SILVÂNIA,Cerrado
 1622307290 ,e11cc86c-005a-358f-bb9a-0f400bdb07d3,  -15.845480 ,  -51.932910 ,2023-03-03 17:04:00,Brasil,GOIÁS,ARAGARÇAS,Cerrado
 1622307329 ,e7c8f175-d8c0-335d-83d2-e1cd17cfedf1,  -18.950970 ,  -52.048440 ,2023-03-03 17:04:00,Brasil,GOIÁS,APORÉ,Cerrado
 1622454480 ,2298dc5f-5bd0-3b09-ba61-a397ebe28c7b,  -14.324390 ,  -48.679990 ,2023-03-04 17:47:00,Brasil,GOIÁS,NIQUELÂNDIA,Cerrado
 1622715384 ,0f967dc1-e3ac-3a73-9959-4da8d51a62c4,  -16.203270 ,  -52.157120 ,2023-03-06 17:34:00,Brasil,GOIÁS,BOM JARDIM DE GOIÁS,Cerrado
 1622918868 ,f7aaddd2-9acd-3ca5-8e61-2f1a78671c3e,  -18.967300 ,  -50.836560 ,2023-03-08 17:19:00,Brasil,GOIÁS,CAÇU,Mata Atlântica
 1622918871 ,8208c538-7317-3700-a084-db949cfec06c,  -19.290800 ,  -50.847420 ,2023-03-08 17:19:00,Brasil,GOIÁS,ITARUMÃ,Mata Atlântica
 1623126181 ,df980c55-f023-315b-ab9d-631fa4396e7d,  -14.527380 ,  -47.642720 ,2023-03-10 17:06:00,Brasil,GOIÁS,SÃO JOÃO D'ALIANÇA,Cerrado
 1623126192 ,bec71873-8fbf-3445-94b8-cc8e2f6c8852,  -17.927760 ,  -50.185190 ,2023-03-10 17:04:00,Brasil,GOIÁS,PORTEIRÃO,Cerrado
 1623290576 ,d8862aaf-24ae-353b-b937-8a404f485285,  -13.583070 ,  -47.347500 ,2023-03-12 16:54:00,Brasil,GOIÁS,CAVALCANTE,Cerrado
 1623290585 ,e3caa90d-bdee-381b-a598-42316b58a087,  -18.247750 ,  -50.047260 ,2023-03-12 16:52:00,Brasil,GOIÁS,BOM JESUS DE GOIÁS,Cerrado
 1623290598 ,bc713738-ca41-37bb-9e66-f1fec53a9a20,  -13.548430 ,  -47.022700 ,2023-03-12 16:54:00,Brasil,GOIÁS,NOVA ROMA,Cerrado
 1623290602 ,cea7f548-1792-3f6d-8c47-7bef1857a10f,  -13.549840 ,  -47.032970 ,2023-03-12 16:54:00,Brasil,GOIÁS,NOVA ROMA,Cerrado
 1623290605 ,feda84f7-0ab7-3342-8e16-d29653034139,  -13.551260 ,  -47.043290 ,2023-03-12 16:54:00,Brasil,GOIÁS,NOVA ROMA,Cerrado
 1623386439 ,c2e21e2f-606b-3df9-b3a6-297399dd7ec9,  -18.706420 ,  -52.110510 ,2023-03-13 17:34:00,Brasil,GOIÁS,APORÉ,Cerrado
 1623584333 ,11d533b2-572e-3f89-b13a-d4140531920d,  -16.906200 ,  -51.093650 ,2023-03-15 17:22:00,Brasil,GOIÁS,IVOLÂNDIA,Cerrado
 1623584336 ,de62bbca-7e18-38b3-9647-a6b53c00d0b3,  -17.754070 ,  -51.425420 ,2023-03-15 17:20:00,Brasil,GOIÁS,RIO VERDE,Cerrado
 1623584341 ,f8049941-6c8d-316a-aff8-46d39b26dd09,  -17.942840 ,  -51.013650 ,2023-03-15 17:20:00,Brasil,GOIÁS,RIO VERDE,Cerrado
 1623584344 ,210048d6-6eba-3000-9bf2-813db3b93a7f,  -17.819810 ,  -50.607530 ,2023-03-15 17:20:00,Brasil,GOIÁS,SANTA HELENA DE GOIÁS,Cerrado
 1623584351 ,184a18c7-e511-3860-bdd0-ba9d0526cf43,  -18.391040 ,  -51.246830 ,2023-03-15 17:20:00,Brasil,GOIÁS,CAÇU,Cerrado
 1623584355 ,3d69b6f9-e4bd-3e40-a6f0-7351c3c6499b,  -18.433200 ,  -51.220870 ,2023-03-15 17:20:00,Brasil,GOIÁS,CAÇU,Cerrado
 1624187299 ,71e55ba9-5219-39de-80c7-b66e9a43c65e,  -17.028940 ,  -47.346580 ,2023-03-22 17:22:00,Brasil,GOIÁS,CRISTALINA,Cerrado
 1624187320 ,59bcdb93-deac-3ccb-b915-92c98d00238e,  -17.821520 ,  -50.474510 ,2023-03-22 17:22:00,Brasil,GOIÁS,SANTA HELENA DE GOIÁS,Cerrado
 1624444687 ,1a9d4110-24dc-3c43-968f-d4ba04d30908,  -13.406690 ,  -48.361860 ,2023-03-24 17:09:00,Brasil,GOIÁS,MINAÇU,Cerrado
 1624444702 ,29749f34-9566-360d-b916-bcc4eb3fd9d9,  -13.446350 ,  -50.057970 ,2023-03-24 17:09:00,Brasil,GOIÁS,SÃO MIGUEL DO ARAGUAIA,Cerrado
 1624444718 ,f9fe41b8-1978-38a3-83fa-700a67e3c7b7,  -13.693540 ,  -49.790540 ,2023-03-24 17:09:00,Brasil,GOIÁS,BONÓPOLIS,Cerrado
 1624444733 ,5f3ea623-54bb-3459-aa76-f2efb37ccbe4,  -14.176770 ,  -47.089930 ,2023-03-24 17:09:00,Brasil,GOIÁS,FLORES DE GOIÁS,Cerrado
 1624444750 ,1ade6d5f-906a-3536-91ea-58152151f04c,  -14.975140 ,  -47.015090 ,2023-03-24 17:09:00,Brasil,GOIÁS,VILA BOA,Cerrado
 1624444766 ,1ee8c2c7-e50f-30e1-a1ab-7b8b1eb9998c,  -16.075120 ,  -51.175590 ,2023-03-24 17:09:00,Brasil,GOIÁS,JAUPACI,Cerrado
 1624444782 ,9e19c9a9-dea0-3576-9fc8-81814335f81b,  -16.492210 ,  -50.632160 ,2023-03-24 17:09:00,Brasil,GOIÁS,CÓRREGO DO OURO,Cerrado
 1624444797 ,fc8afc8f-1cd8-3d6c-a48e-3604db1aab0e,  -17.476030 ,  -49.972920 ,2023-03-24 17:09:00,Brasil,GOIÁS,EDÉIA,Cerrado
 1624444808 ,b2f37f08-d66e-31f2-9db1-ab959a5b71b2,  -17.973760 ,  -50.051590 ,2023-03-24 17:07:00,Brasil,GOIÁS,GOIATUBA,Cerrado
 1624444829 ,1563c851-7c55-324e-9e5a-b593cb19b2b7,  -17.507090 ,  -49.989530 ,2023-03-24 17:09:00,Brasil,GOIÁS,EDÉIA,Cerrado
 1624444846 ,bee0df78-e51d-3ba7-947e-1932cda691a4,  -17.836030 ,  -50.469680 ,2023-03-24 17:09:00,Brasil,GOIÁS,SANTA HELENA DE GOIÁS,Cerrado
 1624444856 ,54f4239b-de41-3bb7-b30f-07502b932524,  -17.513230 ,  -49.893360 ,2023-03-24 17:09:00,Brasil,GOIÁS,EDÉIA,Cerrado
 1624444875 ,1a701507-1484-3e60-a979-6f827e410df8,  -17.813840 ,  -50.011940 ,2023-03-24 17:09:00,Brasil,GOIÁS,GOIATUBA,Cerrado
 1624444894 ,c55291d9-a1ab-3bf6-be84-bd7ae5bb9f53,  -17.975190 ,  -50.062230 ,2023-03-24 17:07:00,Brasil,GOIÁS,GOIATUBA,Cerrado
 1624444910 ,6fb7e332-33c8-3c64-bb4b-5d1578638bb8,  -18.702930 ,  -51.894010 ,2023-03-24 17:07:00,Brasil,GOIÁS,APORÉ,Cerrado
 1624445099 ,edef81e4-1c21-3fe5-9564-1753ead2483f,  -18.065730 ,  -48.907110 ,2023-03-24 17:07:00,Brasil,GOIÁS,MORRINHOS,Mata Atlântica
 1624445130 ,3fb9bcb1-e126-3f04-ad56-ee0d48e70d4c,  -18.599500 ,  -49.851630 ,2023-03-24 17:07:00,Brasil,GOIÁS,INACIOLÂNDIA,Mata Atlântica
 1624445204 ,d5d08a21-d433-3389-8cb8-aa23c5290cdf,  -18.981860 ,  -50.590290 ,2023-03-24 17:07:00,Brasil,GOIÁS,SÃO SIMÃO,Mata Atlântica
 1624701725 ,b705128a-0e62-3e0f-a247-b8672acd79b8,  -13.356450 ,  -49.093420 ,2023-03-26 16:54:00,Brasil,GOIÁS,PORANGATU,Cerrado
 1624701733 ,415d0e46-a3d8-399f-9fa1-867fdc5d920b,  -13.358130 ,  -49.106180 ,2023-03-26 16:54:00,Brasil,GOIÁS,PORANGATU,Cerrado
 1624701740 ,c6b2730c-3b17-3ddb-9f5c-482139598638,  -14.338080 ,  -48.350460 ,2023-03-26 16:54:00,Brasil,GOIÁS,NIQUELÂNDIA,Cerrado
 1624701749 ,126e2560-f0b6-3269-8ad1-cdbea32aa542,  -15.080480 ,  -47.792910 ,2023-03-26 16:54:00,Brasil,GOIÁS,PLANALTINA,Cerrado
 1624808492 ,1e2e44b1-88e0-3aa4-9c51-a51b5451155c,  -17.509450 ,  -51.751660 ,2023-03-27 17:37:00,Brasil,GOIÁS,JATAÍ,Cerrado
 1624808493 ,b4d37671-2430-30b2-8114-91d7cff80bdb,  -15.883840 ,  -51.212100 ,2023-03-27 17:37:00,Brasil,GOIÁS,JUSSARA,Cerrado
 1624808498 ,8e201a04-ebb5-3fa0-a2d4-b422e1646e72,  -17.405390 ,  -50.178470 ,2023-03-27 17:37:00,Brasil,GOIÁS,ACREÚNA,Cerrado
 1624808500 ,cd1af479-cd19-3bf9-8df5-b3258e0be928,  -15.082340 ,  -47.797120 ,2023-03-27 17:37:00,Brasil,GOIÁS,PLANALTINA,Cerrado
 1624808501 ,257e6553-6bdb-3e85-90b1-ecd64652d7f3,  -15.087210 ,  -47.788990 ,2023-03-27 17:37:00,Brasil,GOIÁS,PLANALTINA,Cerrado
 1625066668 ,e300c0c9-0789-3782-aa28-6688b2f809c1,  -15.890120 ,  -51.217780 ,2023-03-29 17:24:00,Brasil,GOIÁS,JUSSARA,Cerrado
 1625066670 ,562a54bb-8e7c-3af7-a10f-704efa50b6b9,  -16.141120 ,  -51.043230 ,2023-03-29 17:24:00,Brasil,GOIÁS,JAUPACI,Cerrado
 1625066676 ,af4ab933-2cd5-35d7-9fdf-c98758985590,  -16.777490 ,  -52.783630 ,2023-03-29 17:24:00,Brasil,GOIÁS,DOVERLÂNDIA,Cerrado
 1625066678 ,9daa4a78-7b7a-3294-b76d-7e73e2c122d3,  -16.778820 ,  -52.793210 ,2023-03-29 17:24:00,Brasil,GOIÁS,DOVERLÂNDIA,Cerrado
 1625066679 ,7ccf7bf5-67ec-3fbe-af03-c6bd59b5aa73,  -17.228470 ,  -47.931060 ,2023-03-29 17:22:00,Brasil,GOIÁS,IPAMERI,Cerrado
 1625066685 ,02ba1e99-307d-3601-80d9-ffc7e1229bd9,  -18.880000 ,  -52.106690 ,2023-03-29 17:22:00,Brasil,GOIÁS,APORÉ,Cerrado
 1625512189 ,3b3d209f-cc22-31c1-94d3-3b8ac8b76fbd,  -15.086900 ,  -47.800910 ,2023-04-02 16:54:00,Brasil,GOIÁS,PLANALTINA,Cerrado
 1625512192 ,e7fd0cc6-cdc8-3361-9069-fe1adc3b22b9,  -15.676670 ,  -50.981090 ,2023-04-02 16:54:00,Brasil,GOIÁS,ITAPIRAPUÃ,Cerrado
 1625512193 ,8a151f60-d696-362f-8816-22826a1b7e40,  -15.721730 ,  -51.701800 ,2023-04-02 16:54:00,Brasil,GOIÁS,MONTES CLAROS DE GOIÁS,Cerrado
 1625512199 ,cdd5b1e6-d3f7-3527-b46b-b9716f1e07e6,  -17.242320 ,  -50.561250 ,2023-04-02 16:54:00,Brasil,GOIÁS,PARAÚNA,Cerrado
 1625512201 ,cd63b5d4-09df-3bee-b9c2-e19581997387,  -17.494820 ,  -50.384250 ,2023-04-02 16:54:00,Brasil,GOIÁS,ACREÚNA,Cerrado
 1625623672 ,da8b9c1b-a0cc-32b3-9b83-68bf3cfaaa76,  -18.185340 ,  -51.081880 ,2023-04-03 17:37:00,Brasil,GOIÁS,RIO VERDE,Cerrado
 1625770875 ,96266f6a-ecae-352d-b347-8b6f1b2278df,  -13.317180 ,  -49.608510 ,2023-04-04 16:41:00,Brasil,GOIÁS,NOVO PLANALTO,Cerrado
 1625770877 ,ddfedfe7-9214-363b-9c80-30071b5c50a5,  -13.321930 ,  -49.600980 ,2023-04-04 16:41:00,Brasil,GOIÁS,PORANGATU,Cerrado
 1625770878 ,52b9429b-0c96-3b7b-a2f0-514c2b638411,  -13.324760 ,  -49.625510 ,2023-04-04 16:41:00,Brasil,GOIÁS,NOVO PLANALTO,Cerrado
 1625770886 ,c2578281-f2c3-3167-80d8-2a6479eee54b,  -14.368760 ,  -49.907530 ,2023-04-04 16:41:00,Brasil,GOIÁS,CRIXÁS,Cerrado
 1625770888 ,d3112b5d-ab3b-37b7-93f2-79a4d2f5ed39,  -17.926960 ,  -50.203400 ,2023-04-04 16:41:00,Brasil,GOIÁS,PORTEIRÃO,Cerrado
 1625770889 ,3bac47d3-f1c6-3854-8f77-3772817f3f54,  -14.468660 ,  -48.833970 ,2023-04-04 16:41:00,Brasil,GOIÁS,NIQUELÂNDIA,Cerrado
 1625770894 ,c1c8ef2d-6f36-3b22-97d3-9ee68f6c4213,  -15.613340 ,  -51.237530 ,2023-04-04 16:41:00,Brasil,GOIÁS,JUSSARA,Cerrado
 1625926580 ,96c45f3d-83bd-35da-9c18-7d3d8f1d7642,  -15.797060 ,  -51.496490 ,2023-04-05 17:24:00,Brasil,GOIÁS,JUSSARA,Cerrado
 1625926582 ,cb119eb3-c450-3bff-8754-c10c4020d005,  -15.883990 ,  -51.208180 ,2023-04-05 17:24:00,Brasil,GOIÁS,JUSSARA,Cerrado
 1625926583 ,463673cc-117c-39d4-98b4-feb2b4aec7b4,  -15.885380 ,  -51.217570 ,2023-04-05 17:24:00,Brasil,GOIÁS,JUSSARA,Cerrado
 1625926586 ,12390a07-2d3b-3983-89d4-38f8dde23e42,  -16.194110 ,  -52.398150 ,2023-04-05 17:24:00,Brasil,GOIÁS,BALIZA,Cerrado
 1625926589 ,997affb8-19c2-30b8-9298-1bef568b0380,  -18.089430 ,  -51.366190 ,2023-04-05 17:24:00,Brasil,GOIÁS,JATAÍ,Cerrado
 1625926590 ,05b7f794-9a14-358b-a00d-00f2de050d75,  -18.344470 ,  -51.287830 ,2023-04-05 17:24:00,Brasil,GOIÁS,CAÇU,Cerrado
 1626053968 ,1fd425ca-43aa-3b2d-98f5-644d48f35e04,  -15.098780 ,  -47.772080 ,2023-04-06 16:28:00,Brasil,GOIÁS,PLANALTINA,Cerrado
 1626054025 ,cfabc4fe-e672-34b5-8a77-23d05b3356f2,  -15.109230 ,  -47.775940 ,2023-04-06 16:28:00,Brasil,GOIÁS,PLANALTINA,Cerrado
 1626173753 ,4c0ecb06-f2d2-3c4c-8bec-c3b8dd4bbae9,  -14.919520 ,  -49.019420 ,2023-04-07 17:09:00,Brasil,GOIÁS,SANTA RITA DO NOVO DESTINO,Cerrado
 1626173764 ,7ce9b686-3c32-31e7-bb57-d0273757eb4a,  -15.015540 ,  -49.307220 ,2023-04-07 17:09:00,Brasil,GOIÁS,SANTA ISABEL,Cerrado
 1626173766 ,f6e5b927-5d88-3291-b607-b82e67154c3f,  -15.062010 ,  -50.842880 ,2023-04-07 17:09:00,Brasil,GOIÁS,ARUANÃ,Cerrado
 1626173770 ,2983b46c-ce7e-31ef-aa15-7fd2dbdb93a9,  -15.376920 ,  -51.145760 ,2023-04-07 17:09:00,Brasil,GOIÁS,BRITÂNIA,Cerrado
 1626173773 ,6f345340-6dbd-3986-a849-f54380bdfb98,  -15.563630 ,  -51.335210 ,2023-04-07 17:09:00,Brasil,GOIÁS,JUSSARA,Cerrado
 1626173776 ,abc6934e-6448-3a5f-97ba-74bf7458768e,  -15.583890 ,  -51.027160 ,2023-04-07 17:09:00,Brasil,GOIÁS,ITAPIRAPUÃ,Cerrado
 1626173777 ,b93e1d51-fd26-3676-b792-9ca4a07a7d93,  -15.669750 ,  -50.834870 ,2023-04-07 17:09:00,Brasil,GOIÁS,ITAPIRAPUÃ,Cerrado
 1626173780 ,4458ae17-f547-3d5f-8345-33b588b04667,  -15.702370 ,  -51.003440 ,2023-04-07 17:09:00,Brasil,GOIÁS,ITAPIRAPUÃ,Cerrado
 1626173782 ,03089070-1f62-3169-8022-ecd7409c2386,  -17.610310 ,  -50.108840 ,2023-04-07 17:09:00,Brasil,GOIÁS,EDÉIA,Cerrado
 1626173784 ,7aff5ca2-f1be-333b-b928-565c1a873e96,  -17.611720 ,  -50.119160 ,2023-04-07 17:09:00,Brasil,GOIÁS,EDÉIA,Cerrado
 1626173785 ,195d0062-0ad2-3d62-baea-7c05726b3090,  -17.785920 ,  -50.049570 ,2023-04-07 17:09:00,Brasil,GOIÁS,VICENTINÓPOLIS,Cerrado
 1626409393 ,ffe00ea2-bbf3-3cc4-b91d-d4f21adcb62e,  -14.891030 ,  -51.037070 ,2023-04-09 16:56:00,Brasil,GOIÁS,ARUANÃ,Cerrado
 1626409516 ,be001ab8-80fb-3300-bc13-493a85123330,  -13.713260 ,  -50.487000 ,2023-04-09 16:56:00,Brasil,GOIÁS,NOVA CRIXÁS,Cerrado
 1626409563 ,3d4f1388-52b9-3ab9-8b9c-07f8f63df334,  -15.096990 ,  -47.775330 ,2023-04-09 16:56:00,Brasil,GOIÁS,PLANALTINA,Cerrado
 1626409594 ,cf4da7d0-0f0d-3d27-a656-28bec5aa8fad,  -15.443880 ,  -47.156770 ,2023-04-09 16:56:00,Brasil,GOIÁS,FORMOSA,Cerrado
 1626409626 ,17f970e0-5c98-3f19-af1f-1a773b9738f4,  -15.563480 ,  -49.942730 ,2023-04-09 16:56:00,Brasil,GOIÁS,ITAPURANGA,Cerrado
 1626670474 ,72eea2dc-d3c8-3adc-ae30-3c0e757e9b87,  -17.162690 ,  -50.211520 ,2023-04-11 16:41:00,Brasil,GOIÁS,JANDAIA,Cerrado
 1626794365 ,8862391c-c56c-3ad6-85ea-0c590a3193df,  -14.471070 ,  -50.318710 ,2023-04-12 17:24:00,Brasil,GOIÁS,NOVA CRIXÁS,Cerrado
 1626794396 ,fc3f0a41-35de-3fb9-b676-6fdc8b6e5108,  -15.720140 ,  -51.085090 ,2023-04-12 17:24:00,Brasil,GOIÁS,SANTA FÉ DE GOIÁS,Cerrado
 1626794428 ,de55574b-44e4-3a3a-9fd5-689140d19888,  -15.723690 ,  -51.545790 ,2023-04-12 17:24:00,Brasil,GOIÁS,MONTES CLAROS DE GOIÁS,Cerrado
 1626794460 ,9980466a-d3b9-3934-a773-e5a4cc90a898,  -15.728600 ,  -51.087630 ,2023-04-12 17:24:00,Brasil,GOIÁS,SANTA FÉ DE GOIÁS,Cerrado
 1626794492 ,bddbd397-c9b9-39d3-a701-6f8dae98aff7,  -15.808160 ,  -51.373740 ,2023-04-12 17:24:00,Brasil,GOIÁS,JUSSARA,Cerrado
 1626794523 ,597e5936-4e3b-352b-b00e-c8fff58cb81f,  -16.673170 ,  -51.742030 ,2023-04-12 17:24:00,Brasil,GOIÁS,CAIAPÔNIA,Cerrado
 1626794555 ,e6c24077-3f16-3093-a3c5-787ae101c4ef,  -16.674520 ,  -51.751320 ,2023-04-12 17:24:00,Brasil,GOIÁS,CAIAPÔNIA,Cerrado
 1626794588 ,63d0cc14-954b-38b6-855f-3040a604c580,  -16.889450 ,  -51.087220 ,2023-04-12 17:24:00,Brasil,GOIÁS,IVOLÂNDIA,Cerrado
 1626794620 ,3d946d80-77b2-3937-9503-50605880bdd3,  -17.030940 ,  -50.612640 ,2023-04-12 17:24:00,Brasil,GOIÁS,PARAÚNA,Cerrado
 1626794715 ,f1da56b2-db52-3cc4-ae88-ef244ddbad4a,  -13.542930 ,  -47.044100 ,2023-04-12 17:24:00,Brasil,GOIÁS,NOVA ROMA,Cerrado
 1627049332 ,9fe5eedc-87d6-3e8a-bc48-0e47c4fa14de,  -15.083990 ,  -47.784040 ,2023-04-14 17:09:00,Brasil,GOIÁS,PLANALTINA,Cerrado
 1627049333 ,59351ea2-4e6a-3738-a47d-0e4a2d1767b9,  -15.091640 ,  -47.773270 ,2023-04-14 17:09:00,Brasil,GOIÁS,PLANALTINA,Cerrado
 1627049335 ,bcb73164-0b68-30fd-86ea-5b84e8958ea1,  -15.093030 ,  -47.782650 ,2023-04-14 17:09:00,Brasil,GOIÁS,PLANALTINA,Cerrado
 1627049351 ,e74a707e-77b0-31ae-a5b3-1a216f329a91,  -13.549760 ,  -47.027530 ,2023-04-14 17:11:00,Brasil,GOIÁS,NOVA ROMA,Cerrado
 1627109532 ,96070bec-ba98-33da-9156-5b391acc005e,  -18.113500 ,  -53.041850 ,2023-04-15 17:52:00,Brasil,GOIÁS,MINEIROS,Cerrado
 1627317020 ,6a81892e-ee91-362b-8f5c-6cbcef888fc0,  -13.492020 ,  -50.251890 ,2023-04-16 16:56:00,Brasil,GOIÁS,SÃO MIGUEL DO ARAGUAIA,Cerrado
 1627317029 ,bff3031a-cf9f-33d6-b37f-71e412aeb977,  -13.993160 ,  -49.619920 ,2023-04-16 16:56:00,Brasil,GOIÁS,MARA ROSA,Cerrado
 1627317031 ,47e725ec-e93c-3fcf-9830-e9745b21936a,  -14.267400 ,  -47.238090 ,2023-04-16 16:56:00,Brasil,GOIÁS,SÃO JOÃO D'ALIANÇA,Cerrado
 1627317032 ,41594313-7f4c-3887-90eb-4043abf69098,  -14.268750 ,  -47.248070 ,2023-04-16 16:56:00,Brasil,GOIÁS,SÃO JOÃO D'ALIANÇA,Cerrado
 1627317035 ,8ba23ede-7ea5-3fed-b33a-d6eed47d6e74,  -14.425420 ,  -50.856330 ,2023-04-16 16:56:00,Brasil,GOIÁS,ARUANÃ,Cerrado
 1627317036 ,bc9f47f9-94c1-3920-b01a-9f28e6f5aaba,  -14.470920 ,  -48.460700 ,2023-04-16 16:56:00,Brasil,GOIÁS,NIQUELÂNDIA,Cerrado
 1627317038 ,dc508685-92b4-36e2-9c32-5dd055cab737,  -14.990630 ,  -50.843770 ,2023-04-16 16:56:00,Brasil,GOIÁS,ARUANÃ,Cerrado
 1627317039 ,4d275dbd-74d3-34c8-abff-f9e5f225b426,  -15.084200 ,  -47.778920 ,2023-04-16 16:56:00,Brasil,GOIÁS,PLANALTINA,Cerrado
 1627317042 ,8b8b40f7-275b-3526-9982-4f3dd42508a3,  -15.188650 ,  -50.771220 ,2023-04-16 16:56:00,Brasil,GOIÁS,MATRINCHÃ,Cerrado
 1627317045 ,2c724fe8-40dc-32d5-b84f-2a021ac8d957,  -15.897580 ,  -51.818790 ,2023-04-16 16:56:00,Brasil,GOIÁS,MONTES CLAROS DE GOIÁS,Cerrado
 1627406900 ,ca7542c6-012f-317c-baf0-443bb051dd70,  -15.861150 ,  -51.039680 ,2023-04-17 17:39:00,Brasil,GOIÁS,JUSSARA,Cerrado
 1627506958 ,7eea7282-ef16-33e4-bcd4-404c8792076b,  -13.132040 ,  -48.838730 ,2023-04-18 16:43:00,Brasil,GOIÁS,MONTIVIDIU DO NORTE,Cerrado
 1627941266 ,eb312b89-6e23-308a-8951-c2f22575fa3e,  -17.598150 ,  -50.536040 ,2023-04-22 17:52:00,Brasil,GOIÁS,ACREÚNA,Cerrado
 1627841730 ,891e8d26-ec1d-3217-bb02-0a8a83df7e2c,  -17.924180 ,  -52.952780 ,2023-04-21 17:09:00,Brasil,GOIÁS,MINEIROS,Cerrado
 1627841736 ,9811ed35-6f0e-3ab9-b46c-42626a31d2dc,  -17.926030 ,  -52.968030 ,2023-04-21 17:09:00,Brasil,GOIÁS,MINEIROS,Cerrado
 1627841740 ,5376df4d-afb9-30c8-b6fa-34e6b121a188,  -17.931700 ,  -52.920880 ,2023-04-21 17:09:00,Brasil,GOIÁS,MINEIROS,Cerrado
 1627841743 ,78cdb8b3-fe09-3c79-8866-209ac060cdd5,  -17.933540 ,  -52.935970 ,2023-04-21 17:09:00,Brasil,GOIÁS,MINEIROS,Cerrado
 1627841747 ,f462dd90-d055-34e9-bdf8-752e1de572fd,  -17.935390 ,  -52.951170 ,2023-04-21 17:09:00,Brasil,GOIÁS,MINEIROS,Cerrado
 1627841751 ,a44953fd-330b-38e5-b6a8-45aecd13ba49,  -17.937240 ,  -52.966440 ,2023-04-21 17:09:00,Brasil,GOIÁS,MINEIROS,Cerrado
 1627841755 ,888484da-65a4-3115-bbe5-612b5d613914,  -17.939080 ,  -52.981590 ,2023-04-21 17:09:00,Brasil,GOIÁS,MINEIROS,Cerrado
 1627841762 ,ac90fb2d-4729-395d-a263-475a9515859c,  -17.985470 ,  -51.007500 ,2023-04-21 17:09:00,Brasil,GOIÁS,RIO VERDE,Cerrado
 1627841852 ,68ed7f71-fab3-31c8-ad19-b1a851062a61,  -13.895700 ,  -46.716400 ,2023-04-21 17:11:00,Brasil,GOIÁS,IACIARA,Cerrado
 1627841912 ,1660b487-be58-31be-94e9-8a2b98af7256,  -15.085270 ,  -47.771180 ,2023-04-21 17:11:00,Brasil,GOIÁS,PLANALTINA,Cerrado
 1627841917 ,be406a2e-7dc6-3c15-bfe5-2abb9007d33f,  -15.086670 ,  -47.780570 ,2023-04-21 17:11:00,Brasil,GOIÁS,PLANALTINA,Cerrado
 1627841921 ,60f50baf-22a6-38b1-8285-ce90bb726400,  -15.986290 ,  -52.246140 ,2023-04-21 17:11:00,Brasil,GOIÁS,ARAGARÇAS,Cerrado
 1627841924 ,fd89ce21-c152-3bca-80d9-5f9449b92518,  -15.987900 ,  -52.258830 ,2023-04-21 17:11:00,Brasil,GOIÁS,ARAGARÇAS,Cerrado
 1627841928 ,6d715919-a1f4-39a4-8504-b9e97cfda37b,  -17.010600 ,  -47.339550 ,2023-04-21 17:09:00,Brasil,GOIÁS,CRISTALINA,Cerrado
 1627841932 ,696feccc-ae62-38ed-b1c7-01c733f5a821,  -17.249680 ,  -51.455160 ,2023-04-21 17:09:00,Brasil,GOIÁS,CAIAPÔNIA,Cerrado
 1628019750 ,e369c66a-f670-3811-abe5-4b3225633fdf,  -13.649760 ,  -47.699180 ,2023-04-23 16:56:00,Brasil,GOIÁS,CAVALCANTE,Cerrado
 1628019779 ,d3f6c730-4310-31f9-a5b9-3c63a7f4806a,  -18.161950 ,  -52.840790 ,2023-04-23 16:56:00,Brasil,GOIÁS,MINEIROS,Cerrado
 1628019802 ,89f4f239-da42-35ab-b37d-4a24959dc1f3,  -18.164880 ,  -52.868510 ,2023-04-23 16:56:00,Brasil,GOIÁS,MINEIROS,Cerrado
 1628019828 ,c9b2d25d-f71d-3804-8e56-d78dcbb2dfe2,  -18.165900 ,  -52.861380 ,2023-04-23 16:56:00,Brasil,GOIÁS,MINEIROS,Cerrado
 1628019851 ,41e7f923-a384-38bd-9606-8ab6f88374ec,  -18.179600 ,  -52.866960 ,2023-04-23 16:56:00,Brasil,GOIÁS,MINEIROS,Cerrado
 1628019880 ,ede7e78e-8869-3765-855e-6102691c2b31,  -18.180610 ,  -52.859760 ,2023-04-23 16:56:00,Brasil,GOIÁS,MINEIROS,Cerrado
 1628060797 ,dcc01725-4fe0-3ae6-9e80-cbf5eef5d72c,  -13.912970 ,  -48.959720 ,2023-04-24 17:39:00,Brasil,GOIÁS,FORMOSO,Cerrado
 1628060798 ,2693773e-4219-31d8-870b-c07d169f3a98,  -14.408770 ,  -49.079410 ,2023-04-24 17:39:00,Brasil,GOIÁS,URUAÇU,Cerrado
 1628060799 ,714f4690-1b6c-3e15-9239-eaf2f8d87292,  -14.474920 ,  -50.482850 ,2023-04-24 17:39:00,Brasil,GOIÁS,NOVA CRIXÁS,Cerrado
 1628060800 ,75255001-1a41-336b-bb1e-ddc0dae4d33b,  -14.480400 ,  -50.476340 ,2023-04-24 17:39:00,Brasil,GOIÁS,NOVA CRIXÁS,Cerrado
 1628060802 ,ba282cde-4eb9-3bdf-a3c6-5754999a65a0,  -15.894710 ,  -51.202900 ,2023-04-24 17:39:00,Brasil,GOIÁS,JUSSARA,Cerrado
 1628060803 ,a9230464-2331-31e6-b002-b67125730688,  -15.898350 ,  -51.211280 ,2023-04-24 17:39:00,Brasil,GOIÁS,JUSSARA,Cerrado
 1628198021 ,961dabf3-5ded-3d65-97a6-f2d03109d8e2,  -13.618360 ,  -47.264640 ,2023-04-25 16:43:00,Brasil,GOIÁS,TERESINA DE GOIÁS,Cerrado
 1628198023 ,6a839a28-a4ba-313b-ab02-756a37b6d822,  -13.622960 ,  -47.269100 ,2023-04-25 16:43:00,Brasil,GOIÁS,TERESINA DE GOIÁS,Cerrado
 1628198027 ,8bdbf4b1-f0af-3613-a31c-ae191694d79f,  -16.570840 ,  -47.908460 ,2023-04-25 16:41:00,Brasil,GOIÁS,LUZIÂNIA,Cerrado
 1628198028 ,99e3ad6d-83f3-3eea-976f-77b659fab539,  -16.573200 ,  -47.928800 ,2023-04-25 16:41:00,Brasil,GOIÁS,LUZIÂNIA,Cerrado
 1628290514 ,3aea34de-9e07-30a0-bac1-c05e0e82f8ff,  -16.982610 ,  -50.805270 ,2023-04-26 17:24:00,Brasil,GOIÁS,PARAÚNA,Cerrado
 1628290529 ,77b7d98b-b955-3617-b1ef-cfb364349dca,  -15.856390 ,  -51.039720 ,2023-04-26 17:24:00,Brasil,GOIÁS,JUSSARA,Cerrado
 1628290688 ,89c165c2-e4ff-3d03-8659-fc42c7b2180c,  -17.961710 ,  -50.090160 ,2023-04-26 17:24:00,Brasil,GOIÁS,PORTEIRÃO,Cerrado
 1628290708 ,153c159d-2bac-340a-8959-42d25d5fb909,  -14.000340 ,  -49.649510 ,2023-04-26 17:24:00,Brasil,GOIÁS,MARA ROSA,Cerrado
 1628290727 ,4fa965f0-b9d8-39fd-b0a3-c59271b3f347,  -13.225280 ,  -48.850360 ,2023-04-26 17:24:00,Brasil,GOIÁS,TROMBAS,Cerrado
 1628290743 ,d2c0a628-9c41-3f0c-b81f-8bbc238617dc,  -13.233670 ,  -48.836040 ,2023-04-26 17:24:00,Brasil,GOIÁS,TROMBAS,Cerrado
 1628290758 ,b2ebc187-8c24-33b1-8eaa-b876a0720adc,  -13.235710 ,  -48.848630 ,2023-04-26 17:24:00,Brasil,GOIÁS,TROMBAS,Cerrado
 1628290775 ,17b2aa47-c8bc-3fa7-92c0-0f723fa991df,  -13.329740 ,  -48.654700 ,2023-04-26 17:24:00,Brasil,GOIÁS,MONTIVIDIU DO NORTE,Cerrado
 1628291013 ,b5db5f53-78e4-34e8-9930-8e8cb9340e63,  -16.155040 ,  -48.581370 ,2023-04-26 17:24:00,Brasil,GOIÁS,ABADIÂNIA,Cerrado
 1628291030 ,325cb73c-3d3b-3372-a105-274318461f81,  -13.949480 ,  -47.177260 ,2023-04-26 17:24:00,Brasil,GOIÁS,ALTO PARAÍSO DE GOIÁS,Cerrado
 1628291045 ,3ff98af6-2823-32c3-95fd-9efce10989a3,  -13.950570 ,  -47.167510 ,2023-04-26 17:24:00,Brasil,GOIÁS,NOVA ROMA,Cerrado
 1628291061 ,04c435c3-16fd-30ce-ae12-4b7e68821834,  -13.953260 ,  -47.183880 ,2023-04-26 17:24:00,Brasil,GOIÁS,ALTO PARAÍSO DE GOIÁS,Cerrado
 1628291076 ,9b3e4a04-158d-30ef-a8d5-ba9525da46ce,  -13.997850 ,  -47.250840 ,2023-04-26 17:24:00,Brasil,GOIÁS,ALTO PARAÍSO DE GOIÁS,Cerrado
 1628291093 ,87ae0691-7632-3d28-8a68-4710a2178920,  -14.030580 ,  -47.583320 ,2023-04-26 17:24:00,Brasil,GOIÁS,CAVALCANTE,Cerrado
 1628291109 ,2ab303cb-7855-3b4f-9350-d1c319c799ef,  -14.031330 ,  -47.590430 ,2023-04-26 17:24:00,Brasil,GOIÁS,CAVALCANTE,Cerrado
 1628291125 ,9d79b664-61d4-3dd8-86fc-09ce90bfb4ca,  -14.261110 ,  -47.246780 ,2023-04-26 17:24:00,Brasil,GOIÁS,SÃO JOÃO D'ALIANÇA,Cerrado
 1628291140 ,f0653f7d-c0a2-37d7-ab98-b80df5701b03,  -13.683360 ,  -47.361860 ,2023-04-26 17:24:00,Brasil,GOIÁS,CAVALCANTE,Cerrado
 1628291157 ,894d0f04-0138-3dc8-8dfa-1b2a75211208,  -13.686150 ,  -47.378780 ,2023-04-26 17:24:00,Brasil,GOIÁS,CAVALCANTE,Cerrado
 1628291254 ,b92b540b-bdcb-3fce-bc64-72f49a78dd0c,  -13.709950 ,  -46.268070 ,2023-04-26 17:24:00,Brasil,GOIÁS,SÃO DOMINGOS,Cerrado
 1628291270 ,b9d28a5a-ce89-3626-b69c-7e1c3dfe3088,  -13.712950 ,  -46.281920 ,2023-04-26 17:24:00,Brasil,GOIÁS,GUARANI DE GOIÁS,Cerrado
 1628331926 ,53d9890f-9d66-3481-acad-0353f62a8761,  -13.988220 ,  -47.158820 ,2023-04-27 16:28:00,Brasil,GOIÁS,NOVA ROMA,Cerrado
 1628332241 ,85de9052-b448-3fd8-88e9-d56f626b76f1,  -16.546010 ,  -47.951520 ,2023-04-27 16:28:00,Brasil,GOIÁS,LUZIÂNIA,Cerrado
 1628332339 ,539bec32-dabb-3ab3-ac40-c46425d5a6e9,  -16.549710 ,  -47.946940 ,2023-04-27 16:28:00,Brasil,GOIÁS,LUZIÂNIA,Cerrado
 1628434721 ,4d218a72-eb65-3750-ae95-a3f922e1cdde,  -16.033240 ,  -49.979890 ,2023-04-28 17:11:00,Brasil,GOIÁS,ITABERAÍ,Cerrado
 1628434722 ,015c5ff8-af68-3e45-a879-6b0aed6a94a3,  -16.034580 ,  -49.989670 ,2023-04-28 17:11:00,Brasil,GOIÁS,ITABERAÍ,Cerrado
 1628434724 ,c78bf673-97e2-3dc3-a795-e93dfc708236,  -16.839230 ,  -48.702690 ,2023-04-28 17:09:00,Brasil,GOIÁS,SILVÂNIA,Cerrado
 1628434731 ,d62de617-6cb5-32dd-b1e9-08c476d0ebbc,  -17.187360 ,  -51.936940 ,2023-04-28 17:09:00,Brasil,GOIÁS,CAIAPÔNIA,Cerrado
 1628434732 ,98aa75a2-5b8a-3b4c-81b9-5d8910441388,  -17.279030 ,  -50.578150 ,2023-04-28 17:09:00,Brasil,GOIÁS,PARAÚNA,Cerrado
 1628434780 ,b2ff81de-bb2c-3716-af3e-2806ddf59c3d,  -13.634760 ,  -48.513120 ,2023-04-28 17:11:00,Brasil,GOIÁS,CAMPINAÇU,Cerrado
 1628434781 ,f5514409-af18-3cf2-8431-ea46cc306abd,  -13.636120 ,  -48.522350 ,2023-04-28 17:11:00,Brasil,GOIÁS,CAMPINAÇU,Cerrado
 1628434783 ,c2464ca7-5288-3964-8274-b5aa51109b92,  -13.768840 ,  -50.614120 ,2023-04-28 17:11:00,Brasil,GOIÁS,NOVA CRIXÁS,Cerrado
 1628434784 ,e0e0587f-8415-39de-97e8-3cbf77019522,  -13.918520 ,  -49.009570 ,2023-04-28 17:11:00,Brasil,GOIÁS,MARA ROSA,Cerrado
 1628434791 ,d8264a4d-8f16-3100-a002-4c1f06335b82,  -15.881760 ,  -51.215050 ,2023-04-28 17:11:00,Brasil,GOIÁS,JUSSARA,Cerrado
 1628529676 ,b917ea56-33ce-33ed-8e23-ffa0a3352a37,  -15.192490 ,  -50.784700 ,2023-04-29 17:54:00,Brasil,GOIÁS,MATRINCHÃ,Cerrado
 1628529683 ,6afa1222-d575-3d20-b009-340e07a62065,  -15.621140 ,  -51.046940 ,2023-04-29 17:54:00,Brasil,GOIÁS,SANTA FÉ DE GOIÁS,Cerrado
 1628669917 ,34034621-4778-3d33-880f-c71dc016bf5a,  -15.676220 ,  -51.046120 ,2023-05-01 17:39:00,Brasil,GOIÁS,SANTA FÉ DE GOIÁS,Cerrado
 1628669918 ,6ae97139-af73-3287-865e-c7590b6d781e,  -16.986760 ,  -50.804730 ,2023-05-01 17:39:00,Brasil,GOIÁS,PARAÚNA,Cerrado
 1628669922 ,d2650435-0b51-3d48-87eb-14e5979a4629,  -17.526240 ,  -52.492380 ,2023-05-01 17:39:00,Brasil,GOIÁS,MINEIROS,Cerrado
 1628597535 ,245b6a49-23db-3692-9f41-eae98d1fbc2f,  -17.478390 ,  -49.204490 ,2023-04-30 16:56:00,Brasil,GOIÁS,PIRACANJUBA,Cerrado
 1628765670 ,d4ca1026-d5c9-30e9-b972-37319636c74e,  -15.575950 ,  -48.565480 ,2023-05-02 16:43:00,Brasil,GOIÁS,COCALZINHO DE GOIÁS,Cerrado
 1628765679 ,3170f60a-c10c-34aa-9912-89f797e6e659,  -15.578490 ,  -48.587620 ,2023-05-02 16:43:00,Brasil,GOIÁS,COCALZINHO DE GOIÁS,Cerrado
 1628765701 ,40f6346f-3c76-3332-a32f-868ac958db3d,  -16.542900 ,  -47.939820 ,2023-05-02 16:41:00,Brasil,GOIÁS,LUZIÂNIA,Cerrado
 1628765710 ,e4ec5917-a9d1-3746-b483-805962e30466,  -16.544060 ,  -47.946440 ,2023-05-02 16:41:00,Brasil,GOIÁS,LUZIÂNIA,Cerrado
 1628765717 ,0e16e0d5-d8e4-3d3c-89fb-06b78aae2499,  -16.545210 ,  -47.960740 ,2023-05-02 16:41:00,Brasil,GOIÁS,LUZIÂNIA,Cerrado
 1628765725 ,24168d19-4278-3bc6-9315-4b5243373081,  -16.546540 ,  -47.967580 ,2023-05-02 16:41:00,Brasil,GOIÁS,LUZIÂNIA,Cerrado
 1628765733 ,5450063c-fdcb-31bb-9407-15cc5deaa7bc,  -16.690920 ,  -50.648610 ,2023-05-02 16:41:00,Brasil,GOIÁS,CACHOEIRA DE GOIÁS,Cerrado
 1628843487 ,daff531d-29cd-397a-84b5-ee4902c14a38,  -18.049880 ,  -48.927850 ,2023-05-03 17:24:00,Brasil,GOIÁS,MORRINHOS,Mata Atlântica
 1628844178 ,25199b58-2b3f-39ba-99ae-fd1505b79f01,  -13.200780 ,  -49.564010 ,2023-05-03 17:24:00,Brasil,GOIÁS,NOVO PLANALTO,Cerrado
 1628844194 ,26d8cc6a-cf35-37af-8d99-7c38bf6ac8b2,  -13.324900 ,  -48.653320 ,2023-05-03 17:24:00,Brasil,GOIÁS,MONTIVIDIU DO NORTE,Cerrado
 1628844209 ,d3ca50ae-4ee7-36e7-841e-da62b5836c62,  -13.765620 ,  -50.616360 ,2023-05-03 17:24:00,Brasil,GOIÁS,NOVA CRIXÁS,Cerrado
 1628844226 ,de6d7105-5322-3522-b883-dfbf65ac6758,  -13.915810 ,  -47.812630 ,2023-05-03 17:24:00,Brasil,GOIÁS,CAVALCANTE,Cerrado
 1628844245 ,c1e5e7e3-68cb-3e1c-aa66-e7a3cad7161a,  -14.237020 ,  -49.833630 ,2023-05-03 17:24:00,Brasil,GOIÁS,UIRAPURU,Cerrado
 1628844261 ,7507cc1a-8b12-3217-9207-2617bb5d6b62,  -14.310650 ,  -48.108640 ,2023-05-03 17:24:00,Brasil,GOIÁS,NIQUELÂNDIA,Cerrado
 1628844276 ,fd2c2ba5-21fd-3715-bcca-54170c320593,  -14.648860 ,  -49.060650 ,2023-05-03 17:24:00,Brasil,GOIÁS,URUAÇU,Cerrado
 1628844293 ,a3a0ee9e-f3b0-3213-b9c3-8625e7561199,  -14.964180 ,  -50.791000 ,2023-05-03 17:24:00,Brasil,GOIÁS,ARAGUAPAZ,Cerrado
 1628844308 ,96b16323-7caf-3a37-b653-0aa242df647a,  -15.159210 ,  -50.691440 ,2023-05-03 17:24:00,Brasil,GOIÁS,ARAGUAPAZ,Cerrado
 1628844324 ,a1fa32b3-b8ba-32c0-8487-7f356ad83c0b,  -15.351130 ,  -49.611960 ,2023-05-03 17:24:00,Brasil,GOIÁS,CERES,Cerrado
 1628844339 ,4a20cd9f-74e4-3cfe-b882-108b4c422e2e,  -15.574500 ,  -48.576200 ,2023-05-03 17:24:00,Brasil,GOIÁS,COCALZINHO DE GOIÁS,Cerrado
 1628844356 ,e79ba9fb-fdd5-3c82-ba77-324fcc642576,  -15.576470 ,  -48.588350 ,2023-05-03 17:24:00,Brasil,GOIÁS,COCALZINHO DE GOIÁS,Cerrado
 1628844372 ,ea973214-6f20-3e61-ad8b-272d66119857,  -15.750500 ,  -51.248720 ,2023-05-03 17:24:00,Brasil,GOIÁS,SANTA FÉ DE GOIÁS,Cerrado
 1628844388 ,c30cb411-1b8c-32b7-8418-173efd98d2d5,  -16.220870 ,  -52.393640 ,2023-05-03 17:24:00,Brasil,GOIÁS,BALIZA,Cerrado
 1628844403 ,8d361289-240b-3989-9124-17b2f2c0cdd2,  -16.797130 ,  -49.758970 ,2023-05-03 17:24:00,Brasil,GOIÁS,CAMPESTRE DE GOIÁS,Cerrado
 1628844420 ,ada63a0e-378f-3ab9-9fbb-8a0a095ea4ae,  -16.845730 ,  -52.915730 ,2023-05-03 17:24:00,Brasil,GOIÁS,MINEIROS,Cerrado
 1628844444 ,854cc267-c4e6-3638-b478-c92868a9d83c,  -16.847050 ,  -52.925310 ,2023-05-03 17:24:00,Brasil,GOIÁS,SANTA RITA DO ARAGUAIA,Cerrado
 1628844461 ,45ff43b5-dd01-3e12-8ba9-c0c16dfd1cf5,  -16.847720 ,  -48.712900 ,2023-05-03 17:24:00,Brasil,GOIÁS,SILVÂNIA,Cerrado
 1628844476 ,4d60c659-6899-3d3c-bfa6-355385c4eae2,  -16.854810 ,  -52.914340 ,2023-05-03 17:24:00,Brasil,GOIÁS,MINEIROS,Cerrado
 1628844493 ,388781e6-bea3-37f1-b1ab-057946b26190,  -16.876970 ,  -51.083690 ,2023-05-03 17:24:00,Brasil,GOIÁS,IVOLÂNDIA,Cerrado
 1628844510 ,5a1b47e8-7089-38e8-b4f3-b7911378e379,  -16.878360 ,  -51.093030 ,2023-05-03 17:24:00,Brasil,GOIÁS,IVOLÂNDIA,Cerrado
 1628844526 ,474fdf24-18be-3688-ab38-2f91535b679f,  -16.942530 ,  -51.341430 ,2023-05-03 17:24:00,Brasil,GOIÁS,CAIAPÔNIA,Cerrado
 1628844573 ,b8f15cdb-e978-3722-bcdc-718c97400197,  -17.462690 ,  -49.770670 ,2023-05-03 17:24:00,Brasil,GOIÁS,EDÉIA,Cerrado
 1628844589 ,734a9050-6ed3-3724-ad85-9bef599fe805,  -17.464250 ,  -49.780820 ,2023-05-03 17:24:00,Brasil,GOIÁS,EDEALINA,Cerrado
 1628844604 ,597d5413-a79e-3a6f-abf3-8af5f31917bd,  -17.610900 ,  -50.691060 ,2023-05-03 17:24:00,Brasil,GOIÁS,SANTO ANTÔNIO DA BARRA,Cerrado
 1628844621 ,2bbb93c1-438e-36e4-8326-17e5f58e26ec,  -17.612320 ,  -50.700620 ,2023-05-03 17:24:00,Brasil,GOIÁS,SANTO ANTÔNIO DA BARRA,Cerrado
 1628844637 ,c74d7c91-0364-3fb4-a905-edc4f4df5a31,  -17.613730 ,  -50.710180 ,2023-05-03 17:24:00,Brasil,GOIÁS,SANTO ANTÔNIO DA BARRA,Cerrado
 1628844668 ,6168ec01-b502-381c-a526-823b18f91767,  -17.884110 ,  -51.233150 ,2023-05-03 17:24:00,Brasil,GOIÁS,RIO VERDE,Cerrado
 1628844685 ,950c633e-db9e-3264-8c0d-bd29db7a6d1a,  -17.885470 ,  -51.242510 ,2023-05-03 17:24:00,Brasil,GOIÁS,RIO VERDE,Cerrado
 1629087376 ,eb7b16fb-cedf-39f3-9448-9fce006b5c50,  -18.176550 ,  -52.847610 ,2023-05-05 17:09:00,Brasil,GOIÁS,MINEIROS,Cerrado
 1629087383 ,0f18870b-a44f-35eb-81c3-2766efebce80,  -18.448630 ,  -51.182220 ,2023-05-05 17:09:00,Brasil,GOIÁS,CACHOEIRA ALTA,Cerrado
 1629087460 ,d9ffa302-c06e-3184-8c72-ea215d8a7f4d,  -13.548430 ,  -47.389610 ,2023-05-05 17:11:00,Brasil,GOIÁS,CAVALCANTE,Cerrado
 1629087462 ,54a96d78-6d97-3ce7-a516-21810b9ade47,  -13.695380 ,  -47.754830 ,2023-05-05 17:11:00,Brasil,GOIÁS,CAVALCANTE,Cerrado
 1629087464 ,0f5fb5ea-62b1-338c-8e69-80c7bdca60b8,  -13.765680 ,  -50.615650 ,2023-05-05 17:11:00,Brasil,GOIÁS,NOVA CRIXÁS,Cerrado
 1629087482 ,f8fd1a55-92d1-31f0-8994-38912c8682d9,  -14.192640 ,  -50.512230 ,2023-05-05 17:11:00,Brasil,GOIÁS,NOVA CRIXÁS,Cerrado
 1629087485 ,c852ce7a-41e5-33ba-8b4e-5c04fcf214c1,  -14.648010 ,  -48.910250 ,2023-05-05 17:11:00,Brasil,GOIÁS,NIQUELÂNDIA,Cerrado
 1629087486 ,705b7276-7c66-369b-a49f-a3ab5e9a5f50,  -14.680720 ,  -47.252250 ,2023-05-05 17:11:00,Brasil,GOIÁS,SÃO JOÃO D'ALIANÇA,Cerrado
 1629087488 ,72f96558-05e8-3b91-8d6b-52764ae97348,  -14.875650 ,  -46.306740 ,2023-05-05 17:11:00,Brasil,GOIÁS,SÍTIO D'ABADIA,Cerrado
 1629087494 ,3fead082-b28e-388d-9b43-a5f8f81297fe,  -15.885770 ,  -51.212880 ,2023-05-05 17:11:00,Brasil,GOIÁS,JUSSARA,Cerrado
 1629087496 ,915670f1-4815-3f98-9316-0a0c827c5cb9,  -16.211710 ,  -52.392290 ,2023-05-05 17:11:00,Brasil,GOIÁS,BALIZA,Cerrado
 1629087497 ,d2ebd712-2c07-3358-bd15-cf0d7e3366f4,  -16.671550 ,  -52.406370 ,2023-05-05 17:11:00,Brasil,GOIÁS,DOVERLÂNDIA,Cerrado
 1629087500 ,5e723c91-213d-3c3f-b35b-1a92ca089d87,  -16.672680 ,  -50.596360 ,2023-05-05 17:11:00,Brasil,GOIÁS,AURILÂNDIA,Cerrado
 1629087503 ,d096751f-52ae-365e-a484-b89bcc931d39,  -17.202290 ,  -47.669890 ,2023-05-05 17:09:00,Brasil,GOIÁS,IPAMERI,Cerrado
 1629087504 ,551eda02-e541-347f-87aa-425bef23ba84,  -17.351500 ,  -50.036560 ,2023-05-05 17:09:00,Brasil,GOIÁS,INDIARA,Cerrado
 1629087507 ,c6013c86-4e26-37ce-a734-fe615acd397f,  -17.608770 ,  -49.295040 ,2023-05-05 17:09:00,Brasil,GOIÁS,MORRINHOS,Cerrado
 1629087513 ,ac4a18c7-81a2-398b-b5c8-fc3b130f975d,  -17.872510 ,  -51.214350 ,2023-05-05 17:09:00,Brasil,GOIÁS,RIO VERDE,Cerrado
 1629087520 ,8a39a629-396d-3bff-a726-8de32e19d25a,  -17.874020 ,  -51.226160 ,2023-05-05 17:09:00,Brasil,GOIÁS,RIO VERDE,Cerrado
 1629087522 ,c7032a6e-b4ce-3bcf-be79-5505c0d96005,  -13.691880 ,  -50.403760 ,2023-05-05 17:11:00,Brasil,GOIÁS,MUNDO NOVO,Cerrado
 1629087525 ,48287f7e-9d9d-300c-9485-57c30077cde3,  -17.881330 ,  -48.546960 ,2023-05-05 17:09:00,Brasil,GOIÁS,CALDAS NOVAS,Cerrado
 1629087531 ,f05aadb9-22ac-346b-a622-3c9245dbdc09,  -17.884030 ,  -51.224830 ,2023-05-05 17:09:00,Brasil,GOIÁS,RIO VERDE,Cerrado
 1629087567 ,af3f8971-623f-3345-9f96-072c198610fe,  -17.993520 ,  -51.361090 ,2023-05-05 17:09:00,Brasil,GOIÁS,JATAÍ,Cerrado
 1629224192 ,0e03d8c0-fcfe-3512-984e-05c46a340454,  -17.938490 ,  -52.983070 ,2023-05-06 17:52:00,Brasil,GOIÁS,MINEIROS,Cerrado
 1629224470 ,92a58449-7bb1-3434-be7a-7c1245b820b4,  -17.877570 ,  -51.229580 ,2023-05-06 17:52:00,Brasil,GOIÁS,RIO VERDE,Cerrado
 1629224515 ,dbdf34d7-520b-37a2-921d-2309d6ec018d,  -17.881740 ,  -51.252250 ,2023-05-06 17:52:00,Brasil,GOIÁS,RIO VERDE,Cerrado
 1629365540 ,3ec01f63-2f9f-380a-ae06-7ab4425b5add,  -14.270500 ,  -48.464050 ,2023-05-07 16:56:00,Brasil,GOIÁS,NIQUELÂNDIA,Cerrado
 1629502421 ,211aeb8b-29bc-3997-8124-61fad92e993d,  -16.843920 ,  -50.729650 ,2023-05-08 17:39:00,Brasil,GOIÁS,PARAÚNA,Cerrado
 1629502427 ,8a936563-9cd0-3fa5-a184-f0c318ae9d83,  -16.940510 ,  -51.900820 ,2023-05-08 17:39:00,Brasil,GOIÁS,CAIAPÔNIA,Cerrado
 1629502442 ,bfc6bd49-f6ae-3260-b59c-5fc9bc88d125,  -17.790870 ,  -50.048980 ,2023-05-08 17:39:00,Brasil,GOIÁS,VICENTINÓPOLIS,Cerrado
 1629502446 ,5c1e3a1c-af26-3678-80fd-5abff98a4648,  -17.856990 ,  -51.220090 ,2023-05-08 17:39:00,Brasil,GOIÁS,RIO VERDE,Cerrado
 1629502449 ,8894771a-b467-35b7-a7aa-b3861a4720ad,  -17.862060 ,  -51.213340 ,2023-05-08 17:39:00,Brasil,GOIÁS,RIO VERDE,Cerrado
 1629502453 ,d769097e-a477-3fd2-be3c-c99309a4b98d,  -17.864210 ,  -51.226140 ,2023-05-08 17:39:00,Brasil,GOIÁS,RIO VERDE,Cerrado
 1629502465 ,173ea8d9-56f2-34ae-9d8f-8b718cbd4ada,  -18.770180 ,  -51.997940 ,2023-05-08 17:39:00,Brasil,GOIÁS,APORÉ,Cerrado
 1629502469 ,b05da50e-2072-313f-b6ad-29c2de47353e,  -18.771970 ,  -52.009130 ,2023-05-08 17:39:00,Brasil,GOIÁS,APORÉ,Cerrado
 1629502687 ,6718d48b-2b81-3b18-ac61-f8592cd0707a,  -14.188880 ,  -50.352910 ,2023-05-08 17:39:00,Brasil,GOIÁS,NOVA CRIXÁS,Cerrado
 1629502699 ,8b7dae23-04db-3ca0-8b35-66a2a00ca1bf,  -14.193960 ,  -50.346700 ,2023-05-08 17:39:00,Brasil,GOIÁS,NOVA CRIXÁS,Cerrado
 1629502710 ,ad410cfb-ac47-3cb0-8f8b-d71168ade305,  -16.762710 ,  -50.582100 ,2023-05-08 17:39:00,Brasil,GOIÁS,AURILÂNDIA,Cerrado
 1629931262 ,e783e226-4384-3de4-a6b7-41448f1ec679,  -12.734370 ,  -50.311530 ,2023-05-12 17:11:00,Brasil,GOIÁS,SÃO MIGUEL DO ARAGUAIA,Cerrado
 1629931267 ,c1c8f088-ac4b-31df-84da-6b2d23303354,  -12.968880 ,  -48.916610 ,2023-05-12 17:11:00,Brasil,GOIÁS,PORANGATU,Cerrado
 1629931268 ,bf7b7d05-44ec-30f1-ae11-e8f76e508374,  -12.970200 ,  -48.925730 ,2023-05-12 17:11:00,Brasil,GOIÁS,PORANGATU,Cerrado
 1629931270 ,a197b3ce-b790-34ed-8638-6ab186fc1e0e,  -13.769420 ,  -50.615680 ,2023-05-12 17:11:00,Brasil,GOIÁS,NOVA CRIXÁS,Cerrado
 1629931272 ,0f245ccd-e053-3b82-b43e-798606fdfada,  -13.821760 ,  -49.345380 ,2023-05-12 17:11:00,Brasil,GOIÁS,AMARALINA,Cerrado
 1629931273 ,a35ec6c1-9230-3044-80a1-d43571cc2b60,  -14.409310 ,  -47.940090 ,2023-05-12 17:11:00,Brasil,GOIÁS,NIQUELÂNDIA,Cerrado
 1629931274 ,e1e0934a-29e9-3995-8e32-900eab28f341,  -14.564360 ,  -48.616440 ,2023-05-12 17:11:00,Brasil,GOIÁS,NIQUELÂNDIA,Cerrado
 1629931275 ,088e45bc-4131-30c8-a06d-426db61425ef,  -14.606360 ,  -48.591150 ,2023-05-12 17:11:00,Brasil,GOIÁS,NIQUELÂNDIA,Cerrado
 1629931276 ,cfdc83da-246b-3e7d-a0a4-b5915cf334ef,  -15.591090 ,  -50.432540 ,2023-05-12 17:11:00,Brasil,GOIÁS,FAINA,Cerrado
 1629931277 ,63f68848-7c01-372a-ab0d-cca54b791f6c,  -15.628780 ,  -51.561440 ,2023-05-12 17:11:00,Brasil,GOIÁS,JUSSARA,Cerrado
 1629931278 ,6ffbc91e-496f-3e28-b058-113400a683e0,  -15.698430 ,  -49.283450 ,2023-05-12 17:11:00,Brasil,GOIÁS,JARAGUÁ,Cerrado
 1629931279 ,ea09f850-0f43-3dc8-8717-f035adb5f1e5,  -15.749900 ,  -51.246420 ,2023-05-12 17:11:00,Brasil,GOIÁS,SANTA FÉ DE GOIÁS,Cerrado
 1629931281 ,2125511e-6c50-329e-b1e2-fecbcb94f7dd,  -15.751430 ,  -51.257730 ,2023-05-12 17:11:00,Brasil,GOIÁS,SANTA FÉ DE GOIÁS,Cerrado
 1629931282 ,7053a530-f930-3a1e-a60b-e27114227634,  -15.751920 ,  -51.251930 ,2023-05-12 17:11:00,Brasil,GOIÁS,SANTA FÉ DE GOIÁS,Cerrado
 1629931287 ,b0dcd789-2fd2-355a-8915-13e9ded20133,  -15.981930 ,  -52.256140 ,2023-05-12 17:11:00,Brasil,GOIÁS,ARAGARÇAS,Cerrado
 1629931288 ,840b9298-7d04-3ff5-b903-78206f885209,  -16.198940 ,  -49.175660 ,2023-05-12 17:09:00,Brasil,GOIÁS,OURO VERDE DE GOIÁS,Cerrado
 1629931289 ,8aca7c83-2231-3754-9999-f7ccd4d05919,  -16.200280 ,  -49.185080 ,2023-05-12 17:09:00,Brasil,GOIÁS,OURO VERDE DE GOIÁS,Cerrado
 1629931290 ,307a6927-e3d1-3182-a944-4802a340a44d,  -16.253150 ,  -48.648970 ,2023-05-12 17:09:00,Brasil,GOIÁS,ABADIÂNIA,Cerrado
 1629931294 ,b0e43e06-7730-377c-a1ae-f1bad0bfed9a,  -16.841700 ,  -50.718400 ,2023-05-12 17:09:00,Brasil,GOIÁS,PARAÚNA,Cerrado
 1629931295 ,c26fd26a-8ddb-304f-9b50-49c30d33a7d0,  -16.843150 ,  -50.729290 ,2023-05-12 17:09:00,Brasil,GOIÁS,PARAÚNA,Cerrado
 1629931297 ,4dbaadaf-8f3a-37b0-911c-4bdf6ca79e6f,  -17.741020 ,  -51.439040 ,2023-05-12 17:09:00,Brasil,GOIÁS,RIO VERDE,Cerrado
 1629931298 ,5f1d31d5-ee23-3207-b676-1685f53f3260,  -17.863450 ,  -52.419430 ,2023-05-12 17:09:00,Brasil,GOIÁS,SERRANÓPOLIS,Cerrado
 1629931299 ,894a493c-a966-33e7-ac4c-2bffd7484556,  -17.865190 ,  -52.433730 ,2023-05-12 17:09:00,Brasil,GOIÁS,MINEIROS,Cerrado
 1630035975 ,4e111232-537f-37ab-acff-e75cbb5cfa8d,  -18.153950 ,  -52.294790 ,2023-05-13 17:52:00,Brasil,GOIÁS,SERRANÓPOLIS,Cerrado
 1630036723 ,5512cca6-7664-3728-a22e-f72133d4def8,  -15.982800 ,  -52.245480 ,2023-05-13 17:52:00,Brasil,GOIÁS,ARAGARÇAS,Cerrado
 1630140669 ,ce59163c-acd8-306b-b7ed-b3484d88f86d,  -15.894340 ,  -48.395040 ,2023-05-14 16:56:00,Brasil,GOIÁS,SANTO ANTÔNIO DO DESCOBERTO,Cerrado
 1630140670 ,8ee36765-1652-3038-8834-ea96c4faea8b,  -15.895970 ,  -48.407790 ,2023-05-14 16:56:00,Brasil,GOIÁS,SANTO ANTÔNIO DO DESCOBERTO,Cerrado
 1630140672 ,ff3c51f0-9949-38da-969f-2b1cbd53d9f6,  -15.987920 ,  -48.414860 ,2023-05-14 16:56:00,Brasil,GOIÁS,ALEXÂNIA,Cerrado
 1630245460 ,f91b271d-d526-3fc3-8133-5e71350407b4,  -17.751920 ,  -51.443190 ,2023-05-15 17:39:00,Brasil,GOIÁS,RIO VERDE,Cerrado
 1630245466 ,5813f62c-c1ac-3dff-9d39-19646f102679,  -17.803760 ,  -51.131770 ,2023-05-15 17:39:00,Brasil,GOIÁS,RIO VERDE,Cerrado
 1630245483 ,7fe7bc38-0d75-3db3-bb15-2edd9c9e2b09,  -18.161720 ,  -52.288220 ,2023-05-15 17:39:00,Brasil,GOIÁS,SERRANÓPOLIS,Cerrado
 1630245849 ,29602186-f983-3046-8123-a0077a738575,  -14.872240 ,  -47.592190 ,2023-05-15 17:39:00,Brasil,GOIÁS,ÁGUA FRIA DE GOIÁS,Cerrado
 1630245853 ,74cf60be-696d-3f8c-b3b9-b4713ba5ef5d,  -14.873660 ,  -47.587220 ,2023-05-15 17:39:00,Brasil,GOIÁS,ÁGUA FRIA DE GOIÁS,Cerrado
 1630245856 ,600874ae-d8ad-38e6-a415-d76c33f198ff,  -16.886370 ,  -51.293360 ,2023-05-15 17:39:00,Brasil,GOIÁS,CAIAPÔNIA,Cerrado
 1630245860 ,c5b383ef-2714-3e52-b0d1-0384acb04a92,  -16.896750 ,  -51.291390 ,2023-05-15 17:39:00,Brasil,GOIÁS,CAIAPÔNIA,Cerrado
 1630245864 ,905fd746-9a4e-3c5f-956a-8f0c2a7a29fd,  -17.101220 ,  -51.802290 ,2023-05-15 17:39:00,Brasil,GOIÁS,CAIAPÔNIA,Cerrado
 1630245871 ,3683e3d9-9cfc-30ac-a7c2-9e624a3b2439,  -17.749960 ,  -51.430940 ,2023-05-15 17:39:00,Brasil,GOIÁS,RIO VERDE,Cerrado
 1630375470 ,3739028a-fb60-34d4-8516-91bc464a369d,  -13.885660 ,  -48.311410 ,2023-05-16 16:43:00,Brasil,GOIÁS,COLINAS DO SUL,Cerrado
 1630375473 ,da9c1358-bda9-326c-a992-ce3d2d2fe6f9,  -13.941150 ,  -47.805830 ,2023-05-16 16:43:00,Brasil,GOIÁS,CAVALCANTE,Cerrado
 1630375475 ,5ae845ee-504a-3105-9c46-5da5475c3f95,  -13.943180 ,  -47.798520 ,2023-05-16 16:43:00,Brasil,GOIÁS,CAVALCANTE,Cerrado
 1630375477 ,a55b423b-54e5-3902-9643-006f143ee146,  -13.945400 ,  -47.817150 ,2023-05-16 16:43:00,Brasil,GOIÁS,CAVALCANTE,Cerrado
 1630375480 ,46686d7e-3887-301a-be42-f7c521323bec,  -15.831970 ,  -51.570300 ,2023-05-16 16:41:00,Brasil,GOIÁS,MONTES CLAROS DE GOIÁS,Cerrado
 1630375481 ,f3cc1847-527d-334f-b740-76afc61b84c1,  -15.835180 ,  -51.562310 ,2023-05-16 16:41:00,Brasil,GOIÁS,MONTES CLAROS DE GOIÁS,Cerrado
 1630375482 ,ff460fb5-d53f-371e-bc85-2fb644ec2b95,  -15.839130 ,  -51.601790 ,2023-05-16 16:41:00,Brasil,GOIÁS,MONTES CLAROS DE GOIÁS,Cerrado
 1630375483 ,65e13ca4-07a5-3c24-bdd3-1187d6b22222,  -15.852300 ,  -51.560540 ,2023-05-16 16:41:00,Brasil,GOIÁS,MONTES CLAROS DE GOIÁS,Cerrado
 1630375486 ,dc90bd94-d618-36b7-8beb-8726f08a18d8,  -16.546250 ,  -47.931750 ,2023-05-16 16:41:00,Brasil,GOIÁS,LUZIÂNIA,Cerrado
 1630375487 ,b417b24a-eae2-330e-80c2-012e4d1486de,  -16.548680 ,  -47.952960 ,2023-05-16 16:41:00,Brasil,GOIÁS,LUZIÂNIA,Cerrado
 1630375494 ,79206b0c-4dbd-3e34-ab20-6986e7d8283f,  -18.239890 ,  -48.468860 ,2023-05-16 16:41:00,Brasil,GOIÁS,CORUMBAÍBA,Mata Atlântica
 1630481882 ,c64dbdc0-34b3-33af-b327-3c4322d93acc,  -18.268510 ,  -51.079510 ,2023-05-17 17:24:00,Brasil,GOIÁS,RIO VERDE,Cerrado
 1630481885 ,9ad57dbc-bc14-373d-a172-a0bf734c7a75,  -18.269870 ,  -51.088880 ,2023-05-17 17:24:00,Brasil,GOIÁS,RIO VERDE,Cerrado
 1630481901 ,c94c7f93-0861-378a-8ae5-7cfd5570ab2b,  -18.849300 ,  -50.711160 ,2023-05-17 17:24:00,Brasil,GOIÁS,PARANAIGUARA,Mata Atlântica
 1630482189 ,016320fe-40e6-3630-ad66-11e5191fc9e7,  -13.498330 ,  -48.809020 ,2023-05-17 17:24:00,Brasil,GOIÁS,FORMOSO,Cerrado
 1630482205 ,a325b0e0-c6aa-3119-bd51-45985e96eb9f,  -13.776500 ,  -50.603940 ,2023-05-17 17:24:00,Brasil,GOIÁS,NOVA CRIXÁS,Cerrado
 1630482209 ,462f565f-d1dc-3bce-90fa-fc658be052cd,  -13.872460 ,  -47.074290 ,2023-05-17 17:24:00,Brasil,GOIÁS,NOVA ROMA,Cerrado
 1630482213 ,ca012c73-55fe-34d3-b5f1-b0e5eb648c0d,  -14.393570 ,  -47.841210 ,2023-05-17 17:24:00,Brasil,GOIÁS,SÃO JOÃO D'ALIANÇA,Cerrado
 1630482216 ,664ef7b9-a861-3f91-b9fc-ce9179d48950,  -14.401030 ,  -47.846790 ,2023-05-17 17:24:00,Brasil,GOIÁS,SÃO JOÃO D'ALIANÇA,Cerrado
 1630482229 ,b5b6c3e5-bcd9-3aa5-a1de-a0e7e2d75b48,  -15.383450 ,  -51.064820 ,2023-05-17 17:24:00,Brasil,GOIÁS,BRITÂNIA,Cerrado
 1630482244 ,7eab0a01-dbe2-35dc-a785-8af103113460,  -15.988920 ,  -52.254170 ,2023-05-17 17:24:00,Brasil,GOIÁS,ARAGARÇAS,Cerrado
 1630482251 ,0ebee97c-5cfe-393d-8930-7e8264d6b2b0,  -16.099440 ,  -50.861960 ,2023-05-17 17:24:00,Brasil,GOIÁS,FAZENDA NOVA,Cerrado
 1630482260 ,f2d52d6d-a920-30db-b949-ead34840a206,  -16.678380 ,  -50.914540 ,2023-05-17 17:24:00,Brasil,GOIÁS,IVOLÂNDIA,Cerrado
 1630482267 ,41c51e45-6963-3bdb-b9e4-39b6e48ee51c,  -16.988790 ,  -47.840430 ,2023-05-17 17:24:00,Brasil,GOIÁS,IPAMERI,Cerrado
 1630482275 ,e9ceed82-ffad-3956-8122-905f82e11f3a,  -17.102360 ,  -51.800480 ,2023-05-17 17:24:00,Brasil,GOIÁS,CAIAPÔNIA,Cerrado
 1630482282 ,ac0665a4-a95e-32fe-aefd-e89889f15d35,  -17.155890 ,  -49.142480 ,2023-05-17 17:24:00,Brasil,GOIÁS,PIRACANJUBA,Cerrado
 1630482291 ,009a9783-71cf-340a-b45b-3cba34ccb99b,  -17.572030 ,  -52.720040 ,2023-05-17 17:24:00,Brasil,GOIÁS,MINEIROS,Cerrado
 1630482298 ,7a348513-4f1f-3535-9f7e-4960f47b1bd9,  -17.573370 ,  -52.729760 ,2023-05-17 17:24:00,Brasil,GOIÁS,MINEIROS,Cerrado
 1630984576 ,bb0cdab3-ad98-3df3-94be-6c5604f6fadc,  -16.069060 ,  -49.133930 ,2023-05-21 16:56:00,Brasil,GOIÁS,PIRENÓPOLIS,Cerrado
 1630984591 ,6733604e-c593-3a90-a46d-9f2d33b93992,  -16.070870 ,  -49.148250 ,2023-05-21 16:56:00,Brasil,GOIÁS,PIRENÓPOLIS,Cerrado
 1630984608 ,932dc76a-9dd9-3d3a-a021-0c4bf3b4975e,  -15.019140 ,  -49.599120 ,2023-05-21 16:56:00,Brasil,GOIÁS,ITAPACI,Cerrado
 1630984623 ,0ad92b38-4a74-3821-89b1-a0c4ce70362a,  -13.026640 ,  -48.976510 ,2023-05-21 16:56:00,Brasil,GOIÁS,PORANGATU,Cerrado
 1630984639 ,9b31eb1c-fe78-3cbb-b37f-d12b4f33ab66,  -13.028280 ,  -48.988880 ,2023-05-21 16:56:00,Brasil,GOIÁS,PORANGATU,Cerrado
 1630984992 ,78794014-1eb3-3f22-a31a-a96215aa8548,  -15.576990 ,  -48.564170 ,2023-05-21 16:56:00,Brasil,GOIÁS,COCALZINHO DE GOIÁS,Cerrado
 1630985007 ,6f4a0b6d-6949-3595-a0f9-ec79e91d1bf8,  -15.578590 ,  -48.576950 ,2023-05-21 16:56:00,Brasil,GOIÁS,COCALZINHO DE GOIÁS,Cerrado
 1630985484 ,0b790eff-20ee-3966-b1ac-1849bcd0e525,  -17.756900 ,  -52.976990 ,2023-05-21 16:56:00,Brasil,GOIÁS,MINEIROS,Cerrado
 1630985492 ,387f9bb8-2cf7-3c7a-93c6-79814e280204,  -17.760010 ,  -53.007390 ,2023-05-21 16:56:00,Brasil,GOIÁS,MINEIROS,Cerrado
 1630985550 ,26aa14fd-9e7e-358b-a171-7be548ae4d84,  -14.298730 ,  -46.051000 ,2023-05-21 16:56:00,Brasil,GOIÁS,MAMBAÍ,Cerrado
 1630985567 ,42a9107f-3d77-34f6-a609-8e9febb23c9c,  -14.300050 ,  -46.060390 ,2023-05-21 16:56:00,Brasil,GOIÁS,MAMBAÍ,Cerrado
 1630985583 ,997a1f9d-758b-34c3-8d3c-462814db8f15,  -14.883680 ,  -46.287380 ,2023-05-21 16:56:00,Brasil,GOIÁS,SÍTIO D'ABADIA,Cerrado
 1631023384 ,0907db12-9d6f-31c0-b806-bc5fd5f5a51a,  -13.250540 ,  -48.253410 ,2023-05-22 17:39:00,Brasil,GOIÁS,MINAÇU,Cerrado
 1631023385 ,1944fc00-b7c4-39b9-95a2-ff8078d27691,  -13.256310 ,  -48.245160 ,2023-05-22 17:39:00,Brasil,GOIÁS,MINAÇU,Cerrado
 1631023386 ,5b7d34ad-40d8-3a6f-8b0a-8adbf9c86073,  -13.610500 ,  -46.266430 ,2023-05-22 17:39:00,Brasil,GOIÁS,SÃO DOMINGOS,Cerrado
 1631023387 ,efd55ce8-58c1-3bce-ac67-7da534a9ecf2,  -13.611510 ,  -46.239210 ,2023-05-22 17:39:00,Brasil,GOIÁS,SÃO DOMINGOS,Cerrado
 1631023388 ,d63ecbe8-e0c2-3803-ba35-617a2f437603,  -13.706300 ,  -46.248660 ,2023-05-22 17:39:00,Brasil,GOIÁS,SÃO DOMINGOS,Cerrado
 1631023389 ,977af8ba-713d-39f4-8993-ddc9d84568b7,  -13.712140 ,  -46.280540 ,2023-05-22 17:39:00,Brasil,GOIÁS,GUARANI DE GOIÁS,Cerrado
 1631023390 ,f746b0e6-c2ac-31e8-9bed-6e34489620a9,  -13.719210 ,  -46.274700 ,2023-05-22 17:39:00,Brasil,GOIÁS,GUARANI DE GOIÁS,Cerrado
 1631023391 ,ad53e4b3-0c9f-3b7a-bf70-912155cbfcaa,  -16.454350 ,  -51.962990 ,2023-05-22 17:39:00,Brasil,GOIÁS,PIRANHAS,Cerrado
 1631023392 ,2ac7d3fb-efb4-30d0-8b15-5c7595524761,  -16.454400 ,  -51.956350 ,2023-05-22 17:39:00,Brasil,GOIÁS,PIRANHAS,Cerrado
 1631023395 ,ca2b502c-1f6b-3d70-bdca-d8c13d8a9f7a,  -18.234430 ,  -48.462220 ,2023-05-22 17:37:00,Brasil,GOIÁS,CORUMBAÍBA,Mata Atlântica
 1631113223 ,46f7933d-7ef4-3b0e-9592-4c9fe893bc05,  -13.310350 ,  -47.438580 ,2023-05-23 16:43:00,Brasil,GOIÁS,CAVALCANTE,Cerrado
 1631113225 ,210e6e23-7de0-3a54-a778-4105949e1142,  -13.312230 ,  -47.453820 ,2023-05-23 16:43:00,Brasil,GOIÁS,CAVALCANTE,Cerrado
 1631213486 ,42c06f96-0af7-3385-99a4-be8f95e493f3,  -13.229610 ,  -50.550630 ,2023-05-24 17:24:00,Brasil,GOIÁS,SÃO MIGUEL DO ARAGUAIA,Cerrado
 1631213487 ,18c33c35-786d-3f42-afce-b5f7fc2b1d0e,  -13.244050 ,  -46.534160 ,2023-05-24 17:24:00,Brasil,GOIÁS,DIVINÓPOLIS DE GOIÁS,Cerrado
 1631213496 ,9746478f-55a2-332b-80c8-1f01327b2207,  -14.204690 ,  -50.341730 ,2023-05-24 17:24:00,Brasil,GOIÁS,NOVA CRIXÁS,Cerrado
 1631213499 ,da356421-e8c5-33f8-9ab7-69a0af500ee2,  -14.211480 ,  -50.344960 ,2023-05-24 17:24:00,Brasil,GOIÁS,NOVA CRIXÁS,Cerrado
 1631213500 ,4879fd6b-c907-3ede-a4c8-dbf5de37b27b,  -14.301460 ,  -49.147270 ,2023-05-24 17:24:00,Brasil,GOIÁS,CAMPINORTE,Cerrado
 1631213502 ,25e93d39-abfb-34ca-8363-5547360e4499,  -14.675620 ,  -47.294200 ,2023-05-24 17:24:00,Brasil,GOIÁS,SÃO JOÃO D'ALIANÇA,Cerrado
 1631213503 ,df350ce3-f5de-3e99-a44f-ca3610290fe6,  -15.235070 ,  -47.463150 ,2023-05-24 17:24:00,Brasil,GOIÁS,FORMOSA,Cerrado
 1631213506 ,96bb389a-d9e2-3ef2-8adf-fb82d9c37888,  -15.982800 ,  -52.240360 ,2023-05-24 17:24:00,Brasil,GOIÁS,ARAGARÇAS,Cerrado
 1631213508 ,12e6a077-e603-3105-a988-0b39c9dee3ea,  -15.984120 ,  -52.249700 ,2023-05-24 17:24:00,Brasil,GOIÁS,ARAGARÇAS,Cerrado
 1631213510 ,cdc531b2-0c2a-38a9-beaa-4e6ee0891eed,  -15.993110 ,  -52.248340 ,2023-05-24 17:24:00,Brasil,GOIÁS,ARAGARÇAS,Cerrado
 1631213511 ,83f512c6-1474-36f5-bc19-ef012e974342,  -15.994430 ,  -52.257690 ,2023-05-24 17:24:00,Brasil,GOIÁS,ARAGARÇAS,Cerrado
 1631213514 ,88adbda2-c47d-326b-932e-123f2c607fde,  -16.209220 ,  -49.171750 ,2023-05-24 17:24:00,Brasil,GOIÁS,OURO VERDE DE GOIÁS,Cerrado
 1631213515 ,a41a418a-c222-373e-b39f-b105163866a0,  -16.270990 ,  -50.919770 ,2023-05-24 17:24:00,Brasil,GOIÁS,ISRAELÂNDIA,Cerrado
 1631213517 ,7b95c396-f8d5-3ed4-afb0-5bc3b0b0ee17,  -16.561590 ,  -50.520110 ,2023-05-24 17:24:00,Brasil,GOIÁS,SÃO LUÍS DE MONTES BELOS,Cerrado
 1631213518 ,464b8853-c3bc-3a95-853c-9ca393bbe199,  -16.888460 ,  -51.175280 ,2023-05-24 17:24:00,Brasil,GOIÁS,CAIAPÔNIA,Cerrado
 1631213522 ,f289880e-9b74-3e6a-8cae-cfc404b35ebd,  -16.964310 ,  -50.874140 ,2023-05-24 17:24:00,Brasil,GOIÁS,PARAÚNA,Cerrado
 1631213525 ,e9cb6bf7-448d-3f23-9e84-4278768ab770,  -17.085090 ,  -50.637110 ,2023-05-24 17:24:00,Brasil,GOIÁS,PARAÚNA,Cerrado
 1631213531 ,9e17976f-b48b-385f-89f4-aeeece71edfa,  -17.523990 ,  -48.549810 ,2023-05-24 17:24:00,Brasil,GOIÁS,CALDAS NOVAS,Cerrado
 1631213532 ,395956b9-b2d2-3b1e-b73f-d1c8988d86fe,  -17.650130 ,  -52.720680 ,2023-05-24 17:24:00,Brasil,GOIÁS,MINEIROS,Cerrado
 1631213534 ,6d923bff-3dfa-3ccd-a93f-34b025fc5bc9,  -17.744110 ,  -51.432060 ,2023-05-24 17:24:00,Brasil,GOIÁS,RIO VERDE,Cerrado
 1631213538 ,e7fa39c4-0903-3b01-affa-1165c15ec1af,  -17.991700 ,  -51.230280 ,2023-05-24 17:24:00,Brasil,GOIÁS,JATAÍ,Cerrado
 1631213540 ,856227e2-ec2f-3c1a-88bf-a5073c704ec0,  -17.993040 ,  -51.239630 ,2023-05-24 17:24:00,Brasil,GOIÁS,JATAÍ,Cerrado
 1631213547 ,20822080-82ea-3379-a3d7-85d40850782f,  -18.435750 ,  -51.828470 ,2023-05-24 17:24:00,Brasil,GOIÁS,SERRANÓPOLIS,Cerrado
 1631213549 ,e8911782-ac38-3e5a-bebb-47cab717e463,  -18.693590 ,  -52.158680 ,2023-05-24 17:24:00,Brasil,GOIÁS,APORÉ,Cerrado
 1631213550 ,548856f9-bdc2-3789-9c65-15fa9064acdf,  -18.805330 ,  -52.040180 ,2023-05-24 17:24:00,Brasil,GOIÁS,APORÉ,Cerrado
 1631299661 ,f5570b91-2888-3680-aae9-4cc44068ad73,  -13.236090 ,  -46.532310 ,2023-05-25 16:28:00,Brasil,GOIÁS,DIVINÓPOLIS DE GOIÁS,Cerrado
 1631299662 ,5340a58f-49aa-365e-b7d2-81a02a565f40,  -13.252540 ,  -48.250450 ,2023-05-25 16:28:00,Brasil,GOIÁS,MINAÇU,Cerrado
 1631299663 ,dcce9a94-1508-3164-930c-d593b3d2e7f6,  -13.255280 ,  -48.245780 ,2023-05-25 16:28:00,Brasil,GOIÁS,MINAÇU,Cerrado
 1631299666 ,9afce41c-f1cd-3682-8fa4-1905650fbc22,  -14.671240 ,  -47.285240 ,2023-05-25 16:28:00,Brasil,GOIÁS,SÃO JOÃO D'ALIANÇA,Cerrado
 1631299667 ,d1e7e8e4-4c8e-3901-b3a1-c16381575b26,  -14.679560 ,  -47.291810 ,2023-05-25 16:28:00,Brasil,GOIÁS,SÃO JOÃO D'ALIANÇA,Cerrado
 1631395587 ,18ad517d-0257-3628-be17-9b7c19b7d1f5,  -16.271420 ,  -50.922610 ,2023-05-26 17:09:00,Brasil,GOIÁS,ISRAELÂNDIA,Cerrado
 1631395588 ,442aa5a5-b50e-3838-b623-c9356bd7d6b2,  -16.272400 ,  -50.915860 ,2023-05-26 17:09:00,Brasil,GOIÁS,ISRAELÂNDIA,Cerrado
 1631395589 ,5a5ea96d-dd7f-36f5-aad2-3f345571fa5d,  -16.545890 ,  -47.942410 ,2023-05-26 17:09:00,Brasil,GOIÁS,LUZIÂNIA,Cerrado
 1631395596 ,5673bb3f-7016-3cdd-86e5-2d2051767d94,  -16.750280 ,  -49.190540 ,2023-05-26 17:09:00,Brasil,GOIÁS,GOIÂNIA,Cerrado
 1631395597 ,7c64a4d5-45ee-336a-b111-bda5454f6ebe,  -16.821700 ,  -47.747020 ,2023-05-26 17:09:00,Brasil,GOIÁS,CRISTALINA,Cerrado
 1631395599 ,91b4f588-563e-31e8-9d9f-ace22a494860,  -16.823050 ,  -47.756290 ,2023-05-26 17:09:00,Brasil,GOIÁS,CRISTALINA,Cerrado
 1631395600 ,b4293a4c-33a6-32d7-a0df-369341ff006c,  -16.890680 ,  -47.844440 ,2023-05-26 17:09:00,Brasil,GOIÁS,CRISTALINA,Cerrado
 1631395602 ,1fe089e1-e1be-38b9-a8e2-64913718a39c,  -17.670150 ,  -48.599760 ,2023-05-26 17:09:00,Brasil,GOIÁS,CALDAS NOVAS,Cerrado
 1631395603 ,a2eb4d91-bd39-3c6e-9cb9-dcb87a96fa8b,  -17.912160 ,  -51.416970 ,2023-05-26 17:09:00,Brasil,GOIÁS,JATAÍ,Cerrado
 1631395855 ,7ddab3c2-12dd-34f5-8a69-80941a5123f0,  -13.295490 ,  -47.500810 ,2023-05-26 17:11:00,Brasil,GOIÁS,CAVALCANTE,Cerrado
 1631395863 ,697592ed-6bb4-3d4a-96c7-70e434ef2cf9,  -13.436550 ,  -47.836950 ,2023-05-26 17:11:00,Brasil,GOIÁS,CAVALCANTE,Cerrado
 1631395905 ,a8217b03-5979-3b88-9359-166c06c15100,  -14.150410 ,  -47.117480 ,2023-05-26 17:09:00,Brasil,GOIÁS,SÃO JOÃO D'ALIANÇA,Cerrado
 1631395906 ,d168e505-d3c4-314b-9c1d-fb651eea28c3,  -14.166130 ,  -47.975700 ,2023-05-26 17:09:00,Brasil,GOIÁS,COLINAS DO SUL,Cerrado
 1631395909 ,49620f37-7828-3065-8014-99c76b4eec10,  -14.167480 ,  -47.984930 ,2023-05-26 17:09:00,Brasil,GOIÁS,COLINAS DO SUL,Cerrado
 1631395912 ,4e02b2af-75b6-3497-b853-170418ffb4c8,  -15.070590 ,  -48.177730 ,2023-05-26 17:09:00,Brasil,GOIÁS,MIMOSO DE GOIÁS,Cerrado
 1631395913 ,baeae601-0be4-3711-b8b4-700a552e0f62,  -15.071920 ,  -48.186940 ,2023-05-26 17:09:00,Brasil,GOIÁS,MIMOSO DE GOIÁS,Cerrado
 1631395920 ,a2a998ba-77fd-3f7c-9ec4-bbbf9443353a,  -15.719530 ,  -49.778430 ,2023-05-26 17:09:00,Brasil,GOIÁS,HEITORAÍ,Cerrado
 1631395921 ,220dc6ce-a40c-32b8-8a92-fd60fdf187b6,  -15.720890 ,  -49.788330 ,2023-05-26 17:09:00,Brasil,GOIÁS,HEITORAÍ,Cerrado
 1631395924 ,0155f700-db8a-394c-95b8-d7cfbb219531,  -15.805950 ,  -50.199000 ,2023-05-26 17:09:00,Brasil,GOIÁS,GOIÁS,Cerrado
 1631395925 ,813e5704-664f-3425-89be-be0d46123ab3,  -15.807350 ,  -50.209190 ,2023-05-26 17:09:00,Brasil,GOIÁS,GOIÁS,Cerrado
 1631395927 ,1e474183-3439-39ee-aa31-6106724fd4e2,  -15.812180 ,  -50.201970 ,2023-05-26 17:09:00,Brasil,GOIÁS,GOIÁS,Cerrado
 1631493375 ,af5bca25-562a-302f-a880-62bb69f809bb,  -18.230700 ,  -52.764660 ,2023-05-27 17:52:00,Brasil,GOIÁS,CHAPADÃO DO CÉU,Cerrado
 1631591945 ,4cb0560f-7264-337b-a168-6e52d7c3a559,  -13.237450 ,  -48.258020 ,2023-05-28 16:56:00,Brasil,GOIÁS,MINAÇU,Cerrado
 1631591947 ,911b9cc4-857e-354f-b352-1be68b10206d,  -13.247480 ,  -48.256680 ,2023-05-28 16:56:00,Brasil,GOIÁS,MINAÇU,Cerrado
 1631591982 ,ed1e79a9-7f37-39fa-bb00-80cb2a6e0be3,  -14.009050 ,  -47.469380 ,2023-05-28 16:56:00,Brasil,GOIÁS,ALTO PARAÍSO DE GOIÁS,Cerrado
 1631591984 ,fd4d7aac-aabe-338c-a688-9d8148337356,  -14.010500 ,  -47.480210 ,2023-05-28 16:56:00,Brasil,GOIÁS,ALTO PARAÍSO DE GOIÁS,Cerrado
 1631591987 ,bb03f768-afce-3f15-9bd8-d46a03cc8006,  -14.408100 ,  -46.418580 ,2023-05-28 16:56:00,Brasil,GOIÁS,POSSE,Cerrado
 1631591990 ,561647c6-b359-362c-85d1-bc8c557041b6,  -14.482270 ,  -50.081700 ,2023-05-28 16:56:00,Brasil,GOIÁS,CRIXÁS,Cerrado
 1631688267 ,edaf262b-d85f-3a7e-8325-c819d292eafe,  -14.765320 ,  -47.287660 ,2023-05-29 17:39:00,Brasil,GOIÁS,FORMOSA,Cerrado
 1631688272 ,8c2fc4fa-10a4-38b1-b1d6-b3d15732d7e2,  -14.989430 ,  -50.911100 ,2023-05-29 17:39:00,Brasil,GOIÁS,ARUANÃ,Cerrado
 1631688276 ,d351dd37-174b-3c1a-8c1f-5057f73ec3c6,  -15.064440 ,  -47.500440 ,2023-05-29 17:39:00,Brasil,GOIÁS,FORMOSA,Cerrado
 1631688279 ,86b99e95-d257-3627-9eea-380ab54851df,  -16.128360 ,  -48.431500 ,2023-05-29 17:39:00,Brasil,GOIÁS,ALEXÂNIA,Cerrado
 1631688283 ,fbe272e4-202f-38f2-9b6a-e3f681394835,  -16.402700 ,  -49.859680 ,2023-05-29 17:39:00,Brasil,GOIÁS,ANICUNS,Cerrado
 1631688291 ,faa2bf77-a6f1-3798-9d40-15955992f579,  -17.521140 ,  -51.716430 ,2023-05-29 17:37:00,Brasil,GOIÁS,JATAÍ,Cerrado
 1631688471 ,63fb13dd-4da4-323b-a181-fc32c0a40af3,  -13.369500 ,  -49.536560 ,2023-05-29 17:39:00,Brasil,GOIÁS,PORANGATU,Cerrado
 1631688474 ,776ce395-ecb6-348b-a54e-f90208db4a97,  -13.372540 ,  -49.554890 ,2023-05-29 17:39:00,Brasil,GOIÁS,PORANGATU,Cerrado
 1631688478 ,af86c67f-6b62-314e-aab1-23294750c5c5,  -13.373740 ,  -49.549420 ,2023-05-29 17:39:00,Brasil,GOIÁS,PORANGATU,Cerrado
 1631688483 ,31c33f3a-08e2-38fa-9bb6-70048972a6c4,  -13.501070 ,  -48.843310 ,2023-05-29 17:39:00,Brasil,GOIÁS,SANTA TEREZA DE GOIÁS,Cerrado
 1631688487 ,c6eb205a-5180-3b3d-bf08-78fcfc864519,  -13.503040 ,  -48.850360 ,2023-05-29 17:39:00,Brasil,GOIÁS,SANTA TEREZA DE GOIÁS,Cerrado
 1631688490 ,61f31ef7-88bc-3c4a-b904-5e3c89bfbca0,  -13.917910 ,  -50.098760 ,2023-05-29 17:39:00,Brasil,GOIÁS,MUNDO NOVO,Cerrado
 1631688494 ,23f872f9-7178-3066-a0e7-888d0689ad06,  -13.922280 ,  -50.105130 ,2023-05-29 17:39:00,Brasil,GOIÁS,MUNDO NOVO,Cerrado
 1631688498 ,778748ea-e0e9-3c9d-b86e-0a22ee9d84e4,  -14.166360 ,  -47.112690 ,2023-05-29 17:39:00,Brasil,GOIÁS,SÃO JOÃO D'ALIANÇA,Cerrado
 1631688502 ,04f0461f-27d5-3fb9-92e5-6b355c0bec83,  -14.222950 ,  -50.338290 ,2023-05-29 17:39:00,Brasil,GOIÁS,NOVA CRIXÁS,Cerrado
 1631688505 ,0ca9179d-8627-3e7a-81ce-daf2a2778e74,  -14.247840 ,  -50.544290 ,2023-05-29 17:39:00,Brasil,GOIÁS,NOVA CRIXÁS,Cerrado
 1631787724 ,69058e60-958d-3534-a5ab-24aeb4538227,  -13.316010 ,  -48.185200 ,2023-05-30 16:41:00,Brasil,GOIÁS,MINAÇU,Cerrado
 1631787798 ,e6ed7430-9c5a-3289-8b2d-3c18a06e4010,  -16.868920 ,  -47.332230 ,2023-05-30 16:41:00,Brasil,GOIÁS,CRISTALINA,Cerrado
 1631878552 ,a053cc94-9a96-3597-8095-8c7be5f4f5c4,  -13.395650 ,  -49.654420 ,2023-05-31 17:24:00,Brasil,GOIÁS,BONÓPOLIS,Cerrado
 1631878565 ,e7df8419-2136-3b12-9477-e2cb450d6bac,  -17.223030 ,  -47.425800 ,2023-05-31 17:24:00,Brasil,GOIÁS,CRISTALINA,Cerrado
 1632071806 ,f6d30caa-53e5-370c-992c-a8d27b1e17e3,  -13.640450 ,  -47.754990 ,2023-06-02 17:09:00,Brasil,GOIÁS,CAVALCANTE,Cerrado
 1632071815 ,356e912c-e82a-3fad-9292-9e111385105a,  -13.650780 ,  -47.762860 ,2023-06-02 17:09:00,Brasil,GOIÁS,CAVALCANTE,Cerrado
 1632071861 ,d915b7e1-8248-3de7-961c-6f92bfbc70ef,  -14.342000 ,  -46.964270 ,2023-06-02 17:09:00,Brasil,GOIÁS,FLORES DE GOIÁS,Cerrado
 1632071868 ,a0d0f024-3d7c-32e1-a3f7-0474cfb90720,  -14.343440 ,  -46.973820 ,2023-06-02 17:09:00,Brasil,GOIÁS,FLORES DE GOIÁS,Cerrado
 1632071877 ,b8a42c7c-8489-3e97-9418-4f0875739c9c,  -14.535410 ,  -48.788970 ,2023-06-02 17:09:00,Brasil,GOIÁS,NIQUELÂNDIA,Cerrado
 1632071884 ,63b3b71b-8edc-3509-8a79-441b419840c0,  -14.589720 ,  -47.077850 ,2023-06-02 17:09:00,Brasil,GOIÁS,FLORES DE GOIÁS,Cerrado
 1632071892 ,74af3a86-295e-36a6-ba69-f506b18bbac8,  -14.598790 ,  -47.076400 ,2023-06-02 17:09:00,Brasil,GOIÁS,FORMOSA,Cerrado
 1632071905 ,7ee0a018-5c01-3d00-a56f-4886410680f2,  -14.600190 ,  -47.085880 ,2023-06-02 17:09:00,Brasil,GOIÁS,FLORES DE GOIÁS,Cerrado
 1632071919 ,7359ec72-9705-32d1-9b24-7e6b4f7854c8,  -14.903820 ,  -48.727540 ,2023-06-02 17:09:00,Brasil,GOIÁS,NIQUELÂNDIA,Cerrado
 1632071924 ,1b4de60d-bde7-3a4b-8fa6-8712cd43dd7e,  -15.019450 ,  -48.704060 ,2023-06-02 17:09:00,Brasil,GOIÁS,VILA PROPÍCIO,Cerrado
 1632071929 ,2306f135-7226-37e4-b009-635eeaaaeba0,  -15.020780 ,  -48.713370 ,2023-06-02 17:09:00,Brasil,GOIÁS,VILA PROPÍCIO,Cerrado
 1632071952 ,1fa8a232-785a-370b-9f08-7c78ae7f07ca,  -15.605690 ,  -48.551980 ,2023-06-02 17:09:00,Brasil,GOIÁS,COCALZINHO DE GOIÁS,Cerrado
 1632071961 ,1669f22c-00e5-3461-89b7-e0b745a9e937,  -16.053950 ,  -51.334510 ,2023-06-02 17:09:00,Brasil,GOIÁS,MONTES CLAROS DE GOIÁS,Cerrado
 1632071965 ,dd16248a-5f52-39d0-b8b7-4b463dade4e5,  -16.055520 ,  -51.346760 ,2023-06-02 17:09:00,Brasil,GOIÁS,MONTES CLAROS DE GOIÁS,Cerrado
 1632071970 ,b1ce9d5f-d70b-379b-bac8-d66e4208ca10,  -16.075010 ,  -49.142680 ,2023-06-02 17:09:00,Brasil,GOIÁS,PIRENÓPOLIS,Cerrado
 1632071974 ,e8c831fa-0284-3e81-969d-bb6e92f9d21f,  -16.076360 ,  -49.152330 ,2023-06-02 17:09:00,Brasil,GOIÁS,PIRENÓPOLIS,Cerrado
 1632071977 ,00b6944e-555f-38fe-9282-813ae21b5b47,  -16.295870 ,  -50.918040 ,2023-06-02 17:09:00,Brasil,GOIÁS,ISRAELÂNDIA,Cerrado
 1632071981 ,8f4c798d-39cd-3d36-af9a-3302fce593dd,  -16.547980 ,  -47.939770 ,2023-06-02 17:09:00,Brasil,GOIÁS,LUZIÂNIA,Cerrado
 1632071985 ,7207b9ff-3ad7-3d2a-8955-168e6c966c3e,  -16.592080 ,  -48.573090 ,2023-06-02 17:09:00,Brasil,GOIÁS,SILVÂNIA,Cerrado
 1632071989 ,63b79703-4838-3cb8-9a78-556008817e20,  -16.622340 ,  -49.455270 ,2023-06-02 17:09:00,Brasil,GOIÁS,TRINDADE,Cerrado
 1632071997 ,591685b8-4e4a-357f-80ef-447962007d6f,  -17.039780 ,  -47.901880 ,2023-06-02 17:09:00,Brasil,GOIÁS,IPAMERI,Cerrado
 1632072003 ,6d2591d2-f1f6-3398-a46d-3e9bc32cb432,  -17.041110 ,  -47.911190 ,2023-06-02 17:09:00,Brasil,GOIÁS,IPAMERI,Cerrado
 1632072007 ,71cb0bb9-ded5-3bcc-8014-5a092cfd9b03,  -17.047390 ,  -47.891150 ,2023-06-02 17:09:00,Brasil,GOIÁS,IPAMERI,Cerrado
 1632072010 ,a271de97-94d4-3358-b4d5-ccfa728af27e,  -17.048730 ,  -47.900470 ,2023-06-02 17:09:00,Brasil,GOIÁS,IPAMERI,Cerrado
 1632072022 ,10d775b8-0491-3056-8d11-ee7dc6b753ca,  -17.453580 ,  -48.482200 ,2023-06-02 17:09:00,Brasil,GOIÁS,SANTA CRUZ DE GOIÁS,Cerrado
 1632072025 ,269086a3-aec1-352e-8795-fc25716e4b81,  -17.454920 ,  -48.491730 ,2023-06-02 17:09:00,Brasil,GOIÁS,SANTA CRUZ DE GOIÁS,Cerrado
 1632072029 ,ffc06608-7f83-3db7-a5da-571b51f5ea50,  -17.655070 ,  -48.674600 ,2023-06-02 17:09:00,Brasil,GOIÁS,CALDAS NOVAS,Cerrado
 1632072038 ,ef7150e6-aa68-337b-8c03-40b96495c53e,  -18.109050 ,  -47.914820 ,2023-06-02 17:09:00,Brasil,GOIÁS,CATALÃO,Cerrado
 1632073086 ,d5534e6c-174f-35d7-9f8c-571a8eeffcf5,  -13.234250 ,  -46.529350 ,2023-06-02 17:09:00,Brasil,GOIÁS,DIVINÓPOLIS DE GOIÁS,Cerrado
 1632073095 ,327b75b7-b878-326a-b659-4460bf31db1e,  -13.235800 ,  -46.539390 ,2023-06-02 17:09:00,Brasil,GOIÁS,DIVINÓPOLIS DE GOIÁS,Cerrado
 1632073102 ,15d53a03-8095-319f-b9fb-0816a6579b32,  -13.283910 ,  -47.343360 ,2023-06-02 17:09:00,Brasil,GOIÁS,MONTE ALEGRE DE GOIÁS,Cerrado
 1632073117 ,566d4522-f68f-3bd6-9ad9-c8ec0a2277d5,  -13.365420 ,  -49.556400 ,2023-06-02 17:09:00,Brasil,GOIÁS,PORANGATU,Cerrado
 1632073126 ,17631df8-a765-3c9f-a9d0-ec52958c6106,  -13.373170 ,  -49.545600 ,2023-06-02 17:09:00,Brasil,GOIÁS,PORANGATU,Cerrado
 1632213253 ,7d209569-56f6-39e1-b76e-bffe95f981e2,  -17.986050 ,  -51.354190 ,2023-06-03 17:52:00,Brasil,GOIÁS,JATAÍ,Cerrado
 1632213259 ,663d4b3a-7e7e-33e9-b2a2-b3a9dd08cd60,  -17.986060 ,  -51.361540 ,2023-06-03 17:52:00,Brasil,GOIÁS,JATAÍ,Cerrado
 1632213294 ,01bf6cfc-7ce2-3097-ad65-ab08e3630aed,  -14.080740 ,  -49.595990 ,2023-06-03 17:52:00,Brasil,GOIÁS,MARA ROSA,Cerrado
 1632213300 ,b33add09-e379-3e46-a24c-1a3245fd46b8,  -14.088820 ,  -49.589440 ,2023-06-03 17:52:00,Brasil,GOIÁS,MARA ROSA,Cerrado
 1632213306 ,f98af0a2-a739-3fc2-a5bc-5a058701bbf4,  -14.094770 ,  -49.620990 ,2023-06-03 17:52:00,Brasil,GOIÁS,MARA ROSA,Cerrado
 1632316102 ,ee5a8550-c116-3c97-9467-13658ddb2f05,  -13.644940 ,  -47.774900 ,2023-06-04 16:56:00,Brasil,GOIÁS,CAVALCANTE,Cerrado
 1632316111 ,5063f362-7116-3e8c-9b00-0aeee2d7c2eb,  -14.543300 ,  -47.634060 ,2023-06-04 16:56:00,Brasil,GOIÁS,SÃO JOÃO D'ALIANÇA,Cerrado
 1632316113 ,7fb65353-3924-37e3-aa73-9de35c580534,  -14.598490 ,  -47.059110 ,2023-06-04 16:56:00,Brasil,GOIÁS,FLORES DE GOIÁS,Cerrado
 1632316114 ,a04dcc62-ae0e-3b13-9402-cb81fe908a08,  -14.599940 ,  -47.069790 ,2023-06-04 16:56:00,Brasil,GOIÁS,FLORES DE GOIÁS,Cerrado
 1632316120 ,796b4d41-cba6-3ee0-8c89-0aeb195c5176,  -15.214530 ,  -48.493130 ,2023-06-04 16:56:00,Brasil,GOIÁS,PADRE BERNARDO,Cerrado
 1632316138 ,ec1a275f-ac68-38c2-8397-676288bfc1a3,  -18.154930 ,  -52.281090 ,2023-06-04 16:54:00,Brasil,GOIÁS,SERRANÓPOLIS,Cerrado
 1632316140 ,df321fdc-8435-3e70-b34c-9ff032a1777c,  -18.155920 ,  -52.285760 ,2023-06-04 16:54:00,Brasil,GOIÁS,SERRANÓPOLIS,Cerrado
 1632407177 ,4e835e77-a32f-310f-b8a7-dfc5da015cdd,  -17.193320 ,  -47.688450 ,2023-06-05 17:37:00,Brasil,GOIÁS,CAMPO ALEGRE DE GOIÁS,Cerrado
 1632407178 ,b2f58b0c-6a77-3bf3-9b50-3c1f856862e6,  -17.645080 ,  -48.686200 ,2023-06-05 17:37:00,Brasil,GOIÁS,CALDAS NOVAS,Cerrado
 1632407289 ,eff71a61-4d3b-3942-85e4-b6cba17e377a,  -14.089200 ,  -49.599840 ,2023-06-05 17:39:00,Brasil,GOIÁS,MARA ROSA,Cerrado
 1632407291 ,07238fbc-c529-34d2-9892-86138a43376f,  -17.649020 ,  -48.679970 ,2023-06-05 17:37:00,Brasil,GOIÁS,CALDAS NOVAS,Cerrado
 1632407292 ,0d6b4ea3-3a1e-388f-816e-801c2289f79d,  -17.652950 ,  -52.727380 ,2023-06-05 17:37:00,Brasil,GOIÁS,MINEIROS,Cerrado
 1632407295 ,af3f98fa-8cf3-3ac9-9cca-2cdebe97da7b,  -18.128450 ,  -52.283960 ,2023-06-05 17:37:00,Brasil,GOIÁS,SERRANÓPOLIS,Cerrado
 1632407296 ,7c31138d-cebb-3798-b2fb-29e94b745da9,  -18.130050 ,  -52.294330 ,2023-06-05 17:37:00,Brasil,GOIÁS,SERRANÓPOLIS,Cerrado
 1632407299 ,15a53f2d-b00f-3ce8-8fcd-a0abe0625144,  -18.346250 ,  -51.571640 ,2023-06-05 17:37:00,Brasil,GOIÁS,JATAÍ,Cerrado
 1632407300 ,22b093aa-e0bc-3388-9a44-63c0eb73cbb3,  -18.752610 ,  -51.744540 ,2023-06-05 17:37:00,Brasil,GOIÁS,ITARUMÃ,Cerrado
 1632407548 ,a19a2637-647e-3fa0-b9f7-be9f569f2062,  -15.437560 ,  -47.883290 ,2023-06-05 17:37:00,Brasil,GOIÁS,PLANALTINA,Cerrado
 1632407549 ,dab52ee6-10db-302c-8719-a05a62a1d73e,  -15.646710 ,  -49.335540 ,2023-06-05 17:37:00,Brasil,GOIÁS,JARAGUÁ,Cerrado
 1632407553 ,edbb309b-fc7b-3c10-a9d8-ab5c9dbb4e59,  -16.237310 ,  -51.520100 ,2023-06-05 17:37:00,Brasil,GOIÁS,DIORAMA,Cerrado
 1632407554 ,1616dd5a-bfa9-33cd-aa86-dc0c5a7b6639,  -17.130940 ,  -51.735340 ,2023-06-05 17:37:00,Brasil,GOIÁS,CAIAPÔNIA,Cerrado
 1632407556 ,b8e5c8d4-860a-36e2-b866-9e67b2185dde,  -17.132690 ,  -51.746530 ,2023-06-05 17:37:00,Brasil,GOIÁS,CAIAPÔNIA,Cerrado
 1632407557 ,763f8342-bbe5-315c-aab7-85cd8a3528a3,  -17.187400 ,  -52.691300 ,2023-06-05 17:37:00,Brasil,GOIÁS,MINEIROS,Cerrado
 1632407558 ,3b44df40-140b-32c0-8341-077bb10d8fa2,  -17.191180 ,  -47.681120 ,2023-06-05 17:37:00,Brasil,GOIÁS,IPAMERI,Cerrado
 1632515771 ,e2ddff1b-e2cd-394b-a0d6-cd6f8c5819e4,  -17.340050 ,  -48.214560 ,2023-06-06 16:41:00,Brasil,GOIÁS,URUTAÍ,Cerrado
 1632515776 ,e3b4a588-e606-3627-af5d-cd700eaa1c8e,  -17.343410 ,  -48.209140 ,2023-06-06 16:41:00,Brasil,GOIÁS,URUTAÍ,Cerrado
 1632515899 ,86e4da49-497b-3ed3-9f7a-c68849ed5034,  -14.346750 ,  -46.974050 ,2023-06-06 16:41:00,Brasil,GOIÁS,FLORES DE GOIÁS,Cerrado
 1632515905 ,5159802a-8f6a-3f6b-af2a-cd02371feafd,  -14.437120 ,  -48.358510 ,2023-06-06 16:41:00,Brasil,GOIÁS,NIQUELÂNDIA,Cerrado
 1632515906 ,ea5ab050-1448-3998-a0a6-f4f9fa29de35,  -15.100290 ,  -47.597720 ,2023-06-06 16:41:00,Brasil,GOIÁS,PLANALTINA,Cerrado
 1632515909 ,9d86ba78-d049-3749-8b48-eac7b6d50214,  -15.110540 ,  -47.591470 ,2023-06-06 16:41:00,Brasil,GOIÁS,PLANALTINA,Cerrado
 1632621633 ,d205a4d8-b8c8-3cb2-9e25-2c49dcee82d9,  -13.766950 ,  -50.611960 ,2023-06-07 17:24:00,Brasil,GOIÁS,NOVA CRIXÁS,Cerrado
 1632621648 ,bb9ffd92-cd5a-3516-9fac-7005347700b0,  -14.440290 ,  -48.364350 ,2023-06-07 17:24:00,Brasil,GOIÁS,NIQUELÂNDIA,Cerrado
 1632621656 ,ee910abc-f0b1-3aea-a517-6d353492d76b,  -14.446540 ,  -48.339240 ,2023-06-07 17:24:00,Brasil,GOIÁS,NIQUELÂNDIA,Cerrado
 1632621669 ,19ac07d8-a25f-3dc4-b571-9b8fb163a207,  -14.448420 ,  -48.350980 ,2023-06-07 17:24:00,Brasil,GOIÁS,NIQUELÂNDIA,Cerrado
 1632621691 ,2426adf7-cdd6-380b-bf07-6934e9d92552,  -14.547210 ,  -49.117520 ,2023-06-07 17:24:00,Brasil,GOIÁS,URUAÇU,Cerrado
 1632621698 ,d3d8782d-bca0-37ae-9c18-4897a466d801,  -14.549420 ,  -49.111460 ,2023-06-07 17:24:00,Brasil,GOIÁS,URUAÇU,Cerrado
 1632621705 ,1d3b6d94-ff18-33a6-baf6-b5f8f80db36d,  -14.551100 ,  -49.122100 ,2023-06-07 17:24:00,Brasil,GOIÁS,URUAÇU,Cerrado
 1632621745 ,7717cf5c-54ec-3f11-9a22-59f6f3aa1b2c,  -16.506890 ,  -50.141760 ,2023-06-07 17:24:00,Brasil,GOIÁS,TURVÂNIA,Cerrado
 1632621752 ,64423727-59ca-3643-aafb-97f1a6329339,  -16.617930 ,  -49.404980 ,2023-06-07 17:24:00,Brasil,GOIÁS,TRINDADE,Cerrado
 1632621761 ,182f9e05-0102-3178-b95c-48ae516a7c0a,  -16.721690 ,  -47.384040 ,2023-06-07 17:24:00,Brasil,GOIÁS,CRISTALINA,Cerrado
 1632621771 ,c4574860-3497-3f54-9b47-1974b123a62e,  -16.723730 ,  -47.396560 ,2023-06-07 17:24:00,Brasil,GOIÁS,CRISTALINA,Cerrado
 1632621779 ,be664919-36a0-3bcb-af48-97d6162604a4,  -16.792000 ,  -50.889270 ,2023-06-07 17:24:00,Brasil,GOIÁS,PARAÚNA,Cerrado
 1632621787 ,8fb48ec3-cca6-3dde-9882-4f2bd0c36c29,  -16.793360 ,  -50.898560 ,2023-06-07 17:24:00,Brasil,GOIÁS,PARAÚNA,Cerrado
 1632621797 ,48ed0017-08a7-3cdb-9746-24f908dadbdb,  -16.828100 ,  -52.910260 ,2023-06-07 17:24:00,Brasil,GOIÁS,MINEIROS,Cerrado
 1632621804 ,e53992e5-1600-36fe-974e-66123831d035,  -16.829490 ,  -52.920430 ,2023-06-07 17:24:00,Brasil,GOIÁS,MINEIROS,Cerrado
 1632729841 ,0c17ee7c-0b6e-3596-96cd-a19b3a73f598,  -16.634360 ,  -52.055460 ,2023-06-08 18:04:00,Brasil,GOIÁS,CAIAPÔNIA,Cerrado
 1632729845 ,dad116fc-0ce0-36dc-b965-dad1edb04442,  -16.641130 ,  -52.049220 ,2023-06-08 18:04:00,Brasil,GOIÁS,CAIAPÔNIA,Cerrado
 1632846349 ,717a0e78-bf63-3ceb-880d-4ca72125a496,  -16.269950 ,  -48.652530 ,2023-06-09 17:09:00,Brasil,GOIÁS,ABADIÂNIA,Cerrado
 1632846460 ,d7d9321f-836b-3dce-aa76-276f93ad4069,  -18.311330 ,  -53.031680 ,2023-06-09 17:09:00,Brasil,GOIÁS,MINEIROS,Cerrado
 1632846463 ,eec97dd0-1e6b-3365-9759-a65b33e9357e,  -18.317040 ,  -53.019500 ,2023-06-09 17:09:00,Brasil,GOIÁS,MINEIROS,Cerrado
 1632846597 ,804e2ee3-edd3-33f3-83a8-82dd0241928f,  -13.286370 ,  -47.489010 ,2023-06-09 17:09:00,Brasil,GOIÁS,CAVALCANTE,Cerrado
 1632846601 ,48f4ad3f-6902-3a01-9244-a56dfee51501,  -13.287740 ,  -47.498290 ,2023-06-09 17:09:00,Brasil,GOIÁS,CAVALCANTE,Cerrado
 1632846604 ,fe0281ca-11ad-3bb0-88c0-dab49d94f50e,  -13.371160 ,  -47.497710 ,2023-06-09 17:09:00,Brasil,GOIÁS,CAVALCANTE,Cerrado
 1632846608 ,48273b4a-6881-351a-96fc-2289b76148d8,  -13.765380 ,  -50.612480 ,2023-06-09 17:09:00,Brasil,GOIÁS,NOVA CRIXÁS,Cerrado
 1632846616 ,7471f6e3-a5a5-325a-a945-f82c3ef36699,  -14.354790 ,  -48.763620 ,2023-06-09 17:09:00,Brasil,GOIÁS,NIQUELÂNDIA,Cerrado
 1632846619 ,7ec74fd9-be83-314b-818b-e46557c502a7,  -14.356120 ,  -48.772940 ,2023-06-09 17:09:00,Brasil,GOIÁS,NIQUELÂNDIA,Cerrado
 1632846624 ,50ea1e51-326a-3d64-b83d-73849097fcfa,  -14.465970 ,  -49.553330 ,2023-06-09 17:09:00,Brasil,GOIÁS,SANTA TEREZINHA DE GOIÁS,Cerrado
 1632846630 ,cdf667e0-2709-3bc2-b76e-f639c3a2736f,  -14.467340 ,  -49.563110 ,2023-06-09 17:09:00,Brasil,GOIÁS,SANTA TEREZINHA DE GOIÁS,Cerrado
 1632846635 ,48119870-1fd8-354d-9b07-666547d15995,  -15.364320 ,  -47.405710 ,2023-06-09 17:09:00,Brasil,GOIÁS,FORMOSA,Cerrado
 1632846642 ,edc74bb3-f5cc-3fa0-abfc-2086880bfa58,  -15.822500 ,  -47.324910 ,2023-06-09 17:09:00,Brasil,GOIÁS,FORMOSA,Cerrado
 1632846646 ,59045c61-0a31-34da-a41b-40898a9ec124,  -15.830090 ,  -47.314240 ,2023-06-09 17:09:00,Brasil,GOIÁS,FORMOSA,Cerrado
 1632846650 ,47ceab59-4b54-3a0e-ac9d-cdbe69d4dd17,  -16.537750 ,  -51.725490 ,2023-06-09 17:09:00,Brasil,GOIÁS,PIRANHAS,Cerrado
 1632846653 ,37cedd75-fd23-3cc3-b03f-6dc7f03f7f9d,  -16.539460 ,  -51.739220 ,2023-06-09 17:09:00,Brasil,GOIÁS,PIRANHAS,Cerrado
 1632846657 ,50b7326c-3e04-3fd4-b889-1837360b047d,  -16.548460 ,  -51.723900 ,2023-06-09 17:09:00,Brasil,GOIÁS,PIRANHAS,Cerrado
 1632846662 ,d884c357-dd7e-385e-bcd4-e11f6abdc96f,  -16.651260 ,  -51.731320 ,2023-06-09 17:09:00,Brasil,GOIÁS,CAIAPÔNIA,Cerrado
 1632846666 ,b83f6c0d-f74f-3bbd-af99-4445e0b24167,  -16.765930 ,  -48.191900 ,2023-06-09 17:09:00,Brasil,GOIÁS,ORIZONA,Cerrado
 1632846669 ,73475ea0-f4e3-3818-b1d3-bad06a5cd7b9,  -17.037960 ,  -47.904720 ,2023-06-09 17:09:00,Brasil,GOIÁS,IPAMERI,Cerrado
 1632846673 ,357d9c16-df19-32bd-b6bc-e370a657eea7,  -17.039290 ,  -47.914070 ,2023-06-09 17:09:00,Brasil,GOIÁS,IPAMERI,Cerrado
 1632846698 ,1eff7d67-2172-30fd-b633-2e7214f17a1d,  -17.617670 ,  -52.709570 ,2023-06-09 17:09:00,Brasil,GOIÁS,MINEIROS,Cerrado
 1632846701 ,ba77ed1c-f632-3296-8725-625f6252bec8,  -17.642120 ,  -48.668030 ,2023-06-09 17:09:00,Brasil,GOIÁS,CALDAS NOVAS,Cerrado
 1632846705 ,99bfae95-f517-34d2-92b9-dd938f601d03,  -17.643480 ,  -48.677830 ,2023-06-09 17:09:00,Brasil,GOIÁS,CALDAS NOVAS,Cerrado
 1632846713 ,506ea175-7431-3aad-97a0-46b473509d05,  -18.304910 ,  -53.021190 ,2023-06-09 17:09:00,Brasil,GOIÁS,MINEIROS,Cerrado
 1632846716 ,c0eb821e-ea5e-3bcd-a4ed-bdd7af2f447b,  -18.309280 ,  -53.013480 ,2023-06-09 17:09:00,Brasil,GOIÁS,MINEIROS,Cerrado
 1632957082 ,73168ff0-2d66-3350-b04c-b851de870d2a,  -18.294720 ,  -53.005230 ,2023-06-10 17:49:00,Brasil,GOIÁS,MINEIROS,Cerrado
 1632957083 ,a5e3b92f-eec3-33ff-8c39-50b908a678ab,  -18.297080 ,  -53.013960 ,2023-06-10 17:49:00,Brasil,GOIÁS,MINEIROS,Cerrado
 1632957086 ,16b4ecd7-14a6-3300-9e45-382642853bfb,  -18.297140 ,  -53.019730 ,2023-06-10 17:49:00,Brasil,GOIÁS,MINEIROS,Cerrado
 1633029294 ,04aaec24-9053-3256-b597-5078c25a59a7,  -13.987300 ,  -47.773730 ,2023-06-11 16:54:00,Brasil,GOIÁS,CAVALCANTE,Cerrado
 1633144225 ,7253bc81-eef5-3aac-a2e8-d8e01c7303aa,  -12.734500 ,  -50.289760 ,2023-06-12 17:37:00,Brasil,GOIÁS,SÃO MIGUEL DO ARAGUAIA,Cerrado
 1633144226 ,13195223-612f-3993-a8a4-10933ba9ac2a,  -12.737020 ,  -50.305210 ,2023-06-12 17:37:00,Brasil,GOIÁS,SÃO MIGUEL DO ARAGUAIA,Cerrado
 1633144231 ,2c6df3ad-7d09-37eb-be43-328925cd041d,  -14.757090 ,  -47.285180 ,2023-06-12 17:37:00,Brasil,GOIÁS,FORMOSA,Cerrado
 1633144234 ,a935798e-f439-3643-b3e4-471d768fb608,  -15.329280 ,  -50.310490 ,2023-06-12 17:37:00,Brasil,GOIÁS,FAINA,Cerrado
 1633144235 ,9af6631e-767e-3ef2-87d8-b98054230ffe,  -15.331590 ,  -50.324620 ,2023-06-12 17:37:00,Brasil,GOIÁS,FAINA,Cerrado
 1633144237 ,ec92cb3c-a5ed-373f-9e2e-ac4b7216393d,  -15.817810 ,  -51.573090 ,2023-06-12 17:37:00,Brasil,GOIÁS,MONTES CLAROS DE GOIÁS,Cerrado
 1633144238 ,39b90621-31e6-31ac-ae7d-4fa07d46299d,  -15.819610 ,  -51.584610 ,2023-06-12 17:37:00,Brasil,GOIÁS,MONTES CLAROS DE GOIÁS,Cerrado
 1633144240 ,32333ac2-8218-3bdd-8c31-6e56fca871f1,  -15.829510 ,  -51.582900 ,2023-06-12 17:37:00,Brasil,GOIÁS,MONTES CLAROS DE GOIÁS,Cerrado
 1633144241 ,1d640913-c697-3112-af89-21e4db3373ea,  -15.829840 ,  -51.576070 ,2023-06-12 17:37:00,Brasil,GOIÁS,MONTES CLAROS DE GOIÁS,Cerrado
 1633144242 ,9724dae5-2c43-3002-8c0f-d2c7f07af526,  -15.831710 ,  -51.587550 ,2023-06-12 17:37:00,Brasil,GOIÁS,MONTES CLAROS DE GOIÁS,Cerrado
 1633144243 ,59411d82-2e4a-3ec5-aaac-77a477b72c7c,  -16.615410 ,  -50.856120 ,2023-06-12 17:37:00,Brasil,GOIÁS,IVOLÂNDIA,Cerrado
 1633352172 ,7caf2ef1-562d-3e55-bb54-e4daa43e8fd9,  -14.218200 ,  -50.341780 ,2023-06-14 17:24:00,Brasil,GOIÁS,NOVA CRIXÁS,Cerrado
 1633352173 ,86d5c116-fe5e-394e-b835-5255d78c5875,  -14.331910 ,  -50.491330 ,2023-06-14 17:24:00,Brasil,GOIÁS,NOVA CRIXÁS,Cerrado
 1633352179 ,e1c7af28-4541-376c-a90c-c8ef9375a5f7,  -13.204750 ,  -50.532030 ,2023-06-14 17:24:00,Brasil,GOIÁS,SÃO MIGUEL DO ARAGUAIA,Cerrado
 1633352181 ,fd2c7b0f-2449-39aa-a076-70fa4089d0de,  -13.206150 ,  -50.541450 ,2023-06-14 17:24:00,Brasil,GOIÁS,SÃO MIGUEL DO ARAGUAIA,Cerrado
 1633352269 ,8537e46e-807a-39fa-b0ae-1ac1a4ecccdb,  -15.529700 ,  -49.387210 ,2023-06-14 17:24:00,Brasil,GOIÁS,JARAGUÁ,Cerrado
 1633352270 ,0786894b-631a-3ff1-8589-0c45fd8790a5,  -15.531210 ,  -49.397090 ,2023-06-14 17:24:00,Brasil,GOIÁS,JARAGUÁ,Cerrado
 1633352273 ,c1199337-a9f1-3eaf-b9a4-7d392ff02448,  -13.720740 ,  -49.549700 ,2023-06-14 17:24:00,Brasil,GOIÁS,PORANGATU,Cerrado
 1633352279 ,681e36cc-9875-34eb-a33c-3bbb945c2988,  -17.004230 ,  -48.072400 ,2023-06-14 17:22:00,Brasil,GOIÁS,ORIZONA,Cerrado
 1633352281 ,790668f3-2149-306a-b347-3372373349bd,  -13.650270 ,  -48.506140 ,2023-06-14 17:24:00,Brasil,GOIÁS,CAMPINAÇU,Cerrado
 1633352282 ,773ccb05-2b5e-366a-96b2-09add6fcd77a,  -13.652030 ,  -48.517300 ,2023-06-14 17:24:00,Brasil,GOIÁS,CAMPINAÇU,Cerrado
 1633352285 ,a41ab807-07c7-39ae-8955-e3da87238788,  -13.418410 ,  -49.131160 ,2023-06-14 17:24:00,Brasil,GOIÁS,PORANGATU,Cerrado
 1633352287 ,740af285-1340-3f65-b572-44f350737639,  -17.510340 ,  -48.111930 ,2023-06-14 17:22:00,Brasil,GOIÁS,URUTAÍ,Cerrado
 1633352299 ,5ba32f28-49a0-342a-967b-7df0028c293c,  -14.094250 ,  -47.244970 ,2023-06-14 17:24:00,Brasil,GOIÁS,ALTO PARAÍSO DE GOIÁS,Cerrado
 1633352302 ,52d2b868-9d37-3526-88c4-3440fc7fead9,  -14.530740 ,  -47.792680 ,2023-06-14 17:24:00,Brasil,GOIÁS,NIQUELÂNDIA,Cerrado
 1633352306 ,42aa7310-ccc9-3c16-a323-dae45bc757f8,  -13.541130 ,  -47.619070 ,2023-06-14 17:24:00,Brasil,GOIÁS,CAVALCANTE,Cerrado
 1633352310 ,0eadc519-c5c2-31dd-95a9-5e25dc842144,  -13.543190 ,  -47.632010 ,2023-06-14 17:24:00,Brasil,GOIÁS,CAVALCANTE,Cerrado
 1633352413 ,fbb0b64e-18bf-37f2-8605-7b3d04aceb4d,  -15.183790 ,  -47.007040 ,2023-06-14 17:24:00,Brasil,GOIÁS,VILA BOA,Cerrado
 1633618041 ,d22d1585-0799-3966-a35a-5b0a3c4d3702,  -14.171700 ,  -47.112600 ,2023-06-16 17:09:00,Brasil,GOIÁS,SÃO JOÃO D'ALIANÇA,Cerrado
 1633618053 ,aca28192-2352-328e-9ea5-4078df8e3e80,  -16.195900 ,  -52.172970 ,2023-06-16 17:09:00,Brasil,GOIÁS,BOM JARDIM DE GOIÁS,Cerrado
 1633618056 ,01da441a-b77b-323a-bbe2-245f0eb26f58,  -16.804960 ,  -49.761440 ,2023-06-16 17:09:00,Brasil,GOIÁS,CAMPESTRE DE GOIÁS,Cerrado
 1633618057 ,489de4a9-c8b8-3057-b54f-7fe137ecfdee,  -16.806390 ,  -49.772280 ,2023-06-16 17:09:00,Brasil,GOIÁS,PALMEIRAS DE GOIÁS,Cerrado
 1633750838 ,8ded4c43-1686-3094-9c9b-6c58f2d567e8,  -13.128230 ,  -49.714850 ,2023-06-17 17:52:00,Brasil,GOIÁS,NOVO PLANALTO,Cerrado
 1633750843 ,03a357b4-9103-3d39-9f59-f270664eb928,  -13.131510 ,  -49.722130 ,2023-06-17 17:52:00,Brasil,GOIÁS,NOVO PLANALTO,Cerrado
 1633855241 ,01534be2-dab0-3b78-9b1b-7674b01ea558,  -13.288830 ,  -47.520270 ,2023-06-18 16:54:00,Brasil,GOIÁS,CAVALCANTE,Cerrado
 1633855247 ,26ee4d82-dcac-39fe-94d1-eff2831559b8,  -13.587280 ,  -47.933380 ,2023-06-18 16:54:00,Brasil,GOIÁS,CAVALCANTE,Cerrado
 1633855253 ,f9507006-e3c4-34d6-bf2b-799903bf9960,  -13.773850 ,  -47.035960 ,2023-06-18 16:54:00,Brasil,GOIÁS,NOVA ROMA,Cerrado
 1633855258 ,8f579f30-c1fb-3769-a5e5-2d6b59cb3b0d,  -13.775410 ,  -47.047390 ,2023-06-18 16:54:00,Brasil,GOIÁS,NOVA ROMA,Cerrado
 1633855278 ,554781b4-8361-3950-86e8-0954c250c4f0,  -14.986310 ,  -46.646020 ,2023-06-18 16:54:00,Brasil,GOIÁS,FLORES DE GOIÁS,Cerrado
 1633964162 ,0606c271-3bd1-3662-8b88-7111d09123f6,  -14.013240 ,  -47.511270 ,2023-06-19 17:37:00,Brasil,GOIÁS,ALTO PARAÍSO DE GOIÁS,Cerrado
 1633964164 ,433eed27-82f8-39bc-8827-2292530572d8,  -14.019070 ,  -47.517780 ,2023-06-19 17:37:00,Brasil,GOIÁS,ALTO PARAÍSO DE GOIÁS,Cerrado
 1633964165 ,066fd2ef-45ba-3af6-af3d-c1c3b57ca810,  -14.334090 ,  -50.493860 ,2023-06-19 17:37:00,Brasil,GOIÁS,NOVA CRIXÁS,Cerrado
 1633964166 ,bad1fe17-4f0e-3aa3-988f-2b37b91c1d8d,  -14.471570 ,  -49.565070 ,2023-06-19 17:37:00,Brasil,GOIÁS,SANTA TEREZINHA DE GOIÁS,Cerrado
 1633964170 ,5bd6f058-2cc0-3d7d-88e3-ed5253139861,  -15.856220 ,  -49.585760 ,2023-06-19 17:37:00,Brasil,GOIÁS,JARAGUÁ,Cerrado
 1633964171 ,97356e7b-76f6-3537-a381-8b79a4d0cb80,  -15.858650 ,  -49.600530 ,2023-06-19 17:37:00,Brasil,GOIÁS,ITAGUARU,Cerrado
 1633964172 ,2d77cffa-9346-3cf6-987e-e81b5f5cbac2,  -16.068550 ,  -49.142340 ,2023-06-19 17:37:00,Brasil,GOIÁS,PIRENÓPOLIS,Cerrado
 1633964173 ,9bde2469-a1c9-3834-a103-4e02039c1425,  -15.067030 ,  -47.508270 ,2023-06-19 17:37:00,Brasil,GOIÁS,FORMOSA,Cerrado
 1633964174 ,dbf40488-2a89-380d-858a-2f28793a4041,  -16.072660 ,  -49.147210 ,2023-06-19 17:37:00,Brasil,GOIÁS,PIRENÓPOLIS,Cerrado
 1633964177 ,ecd8e374-9db4-33e7-82ad-83fa48ac0941,  -16.970920 ,  -49.089160 ,2023-06-19 17:37:00,Brasil,GOIÁS,HIDROLÂNDIA,Cerrado
 1633964178 ,22437314-e800-3fbb-8444-2724501695cf,  -16.973820 ,  -49.094270 ,2023-06-19 17:37:00,Brasil,GOIÁS,HIDROLÂNDIA,Cerrado
 1633964179 ,cc99b661-f0d7-38d5-8b39-ec7c57b344fc,  -16.971210 ,  -49.078650 ,2023-06-19 17:37:00,Brasil,GOIÁS,HIDROLÂNDIA,Cerrado
 1633964181 ,13502cc8-dee8-3b11-802b-dfbaf7bdfba4,  -19.156570 ,  -50.978620 ,2023-06-19 17:34:00,Brasil,GOIÁS,ITARUMÃ,Cerrado
 1634076388 ,44ad3217-4520-30d6-b25f-541b2e55766a,  -15.863200 ,  -49.628530 ,2023-06-20 16:39:00,Brasil,GOIÁS,ITAGUARU,Cerrado
 1634076391 ,7a35517f-092d-336d-a4f4-b62413a6d501,  -15.859710 ,  -49.595410 ,2023-06-20 16:39:00,Brasil,GOIÁS,JARAGUÁ,Cerrado
 1634076393 ,d0fdc76f-5cf9-3b46-bc4e-9b4f93232d03,  -16.980780 ,  -49.099740 ,2023-06-20 16:39:00,Brasil,GOIÁS,HIDROLÂNDIA,Cerrado
 1634076419 ,77cc899f-4555-391d-83d3-cbdcfe717a78,  -14.440560 ,  -48.348180 ,2023-06-20 16:39:00,Brasil,GOIÁS,NIQUELÂNDIA,Cerrado
 1634228608 ,e2645cd5-8241-3d0f-89bb-ca487fbe6b7a,  -13.736410 ,  -47.842740 ,2023-06-21 17:22:00,Brasil,GOIÁS,CAVALCANTE,Cerrado
 1634228610 ,7c14131d-e580-3dfa-98c2-eabeabf4a108,  -13.745330 ,  -47.847710 ,2023-06-21 17:22:00,Brasil,GOIÁS,CAVALCANTE,Cerrado
 1634228612 ,6ffcc06c-4c03-3309-82af-b303af707f3f,  -13.757840 ,  -47.533040 ,2023-06-21 17:22:00,Brasil,GOIÁS,CAVALCANTE,Cerrado
 1634228613 ,174bfd31-e5d7-3a1c-9374-3bb923b03623,  -13.964290 ,  -48.724430 ,2023-06-21 17:22:00,Brasil,GOIÁS,CAMPINAÇU,Cerrado
 1634228616 ,83830a31-e6a3-3b70-8b11-5ee1a47b16cd,  -13.965920 ,  -48.735080 ,2023-06-21 17:22:00,Brasil,GOIÁS,URUAÇU,Cerrado
 1634228617 ,9b616833-3097-3ef7-ba9a-15b13bde7107,  -14.199580 ,  -50.352440 ,2023-06-21 17:22:00,Brasil,GOIÁS,NOVA CRIXÁS,Cerrado
 1634228619 ,91447823-660d-3c4d-b301-8d96e2c16bcd,  -14.441720 ,  -48.363740 ,2023-06-21 17:22:00,Brasil,GOIÁS,NIQUELÂNDIA,Cerrado
 1634228620 ,efab7137-bcc6-3162-8c17-ba86a1bef907,  -14.557680 ,  -48.702110 ,2023-06-21 17:22:00,Brasil,GOIÁS,NIQUELÂNDIA,Cerrado
 1634228624 ,6e868fcf-d926-3778-9839-b2b31096da4c,  -14.559310 ,  -48.712590 ,2023-06-21 17:22:00,Brasil,GOIÁS,NIQUELÂNDIA,Cerrado
 1634228627 ,791c254c-328c-3c47-bc93-6792be63e7be,  -14.567200 ,  -48.700470 ,2023-06-21 17:22:00,Brasil,GOIÁS,NIQUELÂNDIA,Cerrado
 1634228629 ,1fd75a55-4fb7-3383-afc8-802a0b46d554,  -14.568830 ,  -48.710970 ,2023-06-21 17:22:00,Brasil,GOIÁS,NIQUELÂNDIA,Cerrado
 1634228630 ,c3e802dc-e529-3a33-9f83-4be816db1f00,  -14.866530 ,  -48.506950 ,2023-06-21 17:22:00,Brasil,GOIÁS,NIQUELÂNDIA,Cerrado
 1634228633 ,51e35843-6f87-3f9d-9d15-41ff1f1e0983,  -15.053560 ,  -47.500350 ,2023-06-21 17:22:00,Brasil,GOIÁS,FORMOSA,Cerrado
 1634228634 ,bb45db0c-99c8-329f-a631-3ef0dc49b111,  -15.248030 ,  -48.273640 ,2023-06-21 17:22:00,Brasil,GOIÁS,PADRE BERNARDO,Cerrado
 1634228636 ,2a721519-3374-357b-8407-8a0938643262,  -15.421130 ,  -47.622820 ,2023-06-21 17:22:00,Brasil,GOIÁS,PLANALTINA,Cerrado
 1634228644 ,098b6ec6-cb94-3eb0-a62d-78691bae5abc,  -15.900910 ,  -47.229540 ,2023-06-21 17:22:00,Brasil,GOIÁS,FORMOSA,Cerrado
 1634228645 ,87d77c84-4681-3215-add6-53f9a8bc0da1,  -15.998650 ,  -49.021140 ,2023-06-21 17:22:00,Brasil,GOIÁS,PIRENÓPOLIS,Cerrado
 1634228648 ,37bb9825-a2c6-38b1-a17b-0f19b98d24b9,  -16.000170 ,  -49.031100 ,2023-06-21 17:22:00,Brasil,GOIÁS,PIRENÓPOLIS,Cerrado
 1634228649 ,f2e26aa9-5de8-35ca-8df8-c7054a0e9d25,  -16.106440 ,  -52.032540 ,2023-06-21 17:22:00,Brasil,GOIÁS,BOM JARDIM DE GOIÁS,Cerrado
 1634228651 ,618728c1-a268-3049-b5c2-bf448d3d04cb,  -16.115580 ,  -52.031190 ,2023-06-21 17:22:00,Brasil,GOIÁS,BOM JARDIM DE GOIÁS,Cerrado
 1634228655 ,67dc733c-d453-35cb-89fa-dbd713237fe7,  -16.257590 ,  -48.311330 ,2023-06-21 17:22:00,Brasil,GOIÁS,SANTO ANTÔNIO DO DESCOBERTO,Cerrado
 1634228658 ,e2f250f3-7aab-3d71-bb84-d63e03e1061b,  -16.284850 ,  -51.993630 ,2023-06-21 17:22:00,Brasil,GOIÁS,BOM JARDIM DE GOIÁS,Cerrado
 1634228660 ,1615944d-4359-3e3b-83bd-068e360805d9,  -16.457450 ,  -51.192550 ,2023-06-21 17:22:00,Brasil,GOIÁS,IPORÁ,Cerrado
 1634228661 ,b1d3edc0-a8b5-362c-9a0d-bd57657abcd1,  -16.560150 ,  -51.730820 ,2023-06-21 17:22:00,Brasil,GOIÁS,PIRANHAS,Cerrado
 1634228664 ,c7912b25-9377-3d87-ad77-bcf1ae4e560b,  -16.663490 ,  -52.415750 ,2023-06-21 17:22:00,Brasil,GOIÁS,DOVERLÂNDIA,Cerrado
 1634228665 ,6638d530-7a6d-3df3-9c62-6dfb35d26c94,  -16.856100 ,  -49.015220 ,2023-06-21 17:22:00,Brasil,GOIÁS,BELA VISTA DE GOIÁS,Cerrado
 1634228668 ,b871a2aa-e426-370a-a6f2-762f1fc89659,  -16.983210 ,  -52.888030 ,2023-06-21 17:22:00,Brasil,GOIÁS,MINEIROS,Cerrado
 1634228671 ,6c45d838-7a22-3f6e-9e70-19ee85d153bb,  -16.984610 ,  -52.898630 ,2023-06-21 17:22:00,Brasil,GOIÁS,MINEIROS,Cerrado
 1634228673 ,4c2677e7-acd2-32a9-b91b-f81be17c0da9,  -17.051110 ,  -47.686810 ,2023-06-21 17:22:00,Brasil,GOIÁS,CRISTALINA,Cerrado
 1634228675 ,fe77812a-d52d-363b-a3b6-b2f16839bf76,  -17.052910 ,  -47.698000 ,2023-06-21 17:22:00,Brasil,GOIÁS,CRISTALINA,Cerrado
 1634228679 ,583c752d-28c2-32bb-b61e-dea8b3cc381e,  -17.391650 ,  -52.023000 ,2023-06-21 17:22:00,Brasil,GOIÁS,CAIAPÔNIA,Cerrado
 1634228683 ,c51ffb66-7ba4-3b17-92bf-a5e461d83595,  -17.642480 ,  -48.674730 ,2023-06-21 17:22:00,Brasil,GOIÁS,CALDAS NOVAS,Cerrado
 1634228687 ,10ffb463-13e1-3209-86ce-5cff5a596680,  -17.644000 ,  -48.684740 ,2023-06-21 17:22:00,Brasil,GOIÁS,CALDAS NOVAS,Cerrado
 1634228701 ,128fea9a-8186-31d3-93b1-1c2cd93803f3,  -17.947880 ,  -50.293620 ,2023-06-21 17:22:00,Brasil,GOIÁS,TURVELÂNDIA,Cerrado
 1634390094 ,d047797f-b136-33b7-aeb9-bb7541b0f1f6,  -17.194570 ,  -52.559120 ,2023-06-22 18:04:00,Brasil,GOIÁS,MINEIROS,Cerrado
 1634560880 ,ca383aec-ace2-3338-a9a3-ba35903b9a64,  -13.261280 ,  -46.713610 ,2023-06-23 17:09:00,Brasil,GOIÁS,MONTE ALEGRE DE GOIÁS,Cerrado
 1634560898 ,db59cee7-f4d8-3cca-b6b7-cf2232cbfd31,  -14.621360 ,  -48.670210 ,2023-06-23 17:09:00,Brasil,GOIÁS,NIQUELÂNDIA,Cerrado
 1634560899 ,6f17f6c7-514d-3b72-9ba8-d84dfe72a3cb,  -14.622700 ,  -48.679740 ,2023-06-23 17:09:00,Brasil,GOIÁS,NIQUELÂNDIA,Cerrado
 1634560904 ,d3ecec02-3d83-306c-99e8-9dcfc50112b3,  -14.902180 ,  -48.055180 ,2023-06-23 17:09:00,Brasil,GOIÁS,ÁGUA FRIA DE GOIÁS,Cerrado
 1634560906 ,bf1ded4f-9442-3a56-af4f-993734030181,  -15.060710 ,  -47.493810 ,2023-06-23 17:09:00,Brasil,GOIÁS,FORMOSA,Cerrado
 1634561042 ,d7e6f52f-968d-3a81-85d9-44725eb4d752,  -18.320890 ,  -47.714700 ,2023-06-23 17:07:00,Brasil,GOIÁS,TRÊS RANCHOS,Cerrado
 1634561133 ,b1a664e8-84b4-3898-8f2b-b1d3e4bf248b,  -15.289250 ,  -47.549580 ,2023-06-23 17:09:00,Brasil,GOIÁS,PLANALTINA,Cerrado
 1634561157 ,2cf52546-770b-3fec-91f7-12d1b0b859ea,  -15.531690 ,  -50.629040 ,2023-06-23 17:09:00,Brasil,GOIÁS,MATRINCHÃ,Cerrado
 1634561164 ,41169bc7-b66a-3a8c-b45c-a1261bf6aef3,  -15.531720 ,  -50.623450 ,2023-06-23 17:09:00,Brasil,GOIÁS,MATRINCHÃ,Cerrado
 1634561195 ,2c1a33e3-e838-3c6f-b993-543d51593c2a,  -16.266180 ,  -48.277570 ,2023-06-23 17:07:00,Brasil,GOIÁS,SANTO ANTÔNIO DO DESCOBERTO,Cerrado
 1634561203 ,d61dfdf0-0dec-34db-bb40-aa7bec1cd434,  -16.275270 ,  -48.276130 ,2023-06-23 17:07:00,Brasil,GOIÁS,SANTO ANTÔNIO DO DESCOBERTO,Cerrado
 1634561215 ,26c5ea10-3981-3fd6-8d69-1df68fd78c55,  -16.516320 ,  -49.436080 ,2023-06-23 17:07:00,Brasil,GOIÁS,GOIANIRA,Cerrado
 1634561218 ,1c30d08d-b860-3b98-8d7a-728f86771ac4,  -16.667470 ,  -49.412680 ,2023-06-23 17:07:00,Brasil,GOIÁS,GOIÂNIA,Cerrado
 1634561224 ,9992dd88-19ae-30ea-9c75-35557762c2cd,  -17.033520 ,  -47.910020 ,2023-06-23 17:07:00,Brasil,GOIÁS,IPAMERI,Cerrado
 1634561228 ,4718379d-4e4b-3608-8dbf-fc422d3d3dd4,  -17.034850 ,  -47.919580 ,2023-06-23 17:07:00,Brasil,GOIÁS,IPAMERI,Cerrado
 1634561232 ,f40dfbfd-c099-354d-9975-bed39120d94a,  -17.047570 ,  -52.386420 ,2023-06-23 17:07:00,Brasil,GOIÁS,CAIAPÔNIA,Cerrado
 1634561235 ,e9554a07-4343-3de9-8c2a-19d6a506a26a,  -17.215970 ,  -52.267550 ,2023-06-23 17:07:00,Brasil,GOIÁS,CAIAPÔNIA,Cerrado
 1634561239 ,9fc2b84b-9c19-3347-9ec6-0ef36f355012,  -17.217940 ,  -52.284340 ,2023-06-23 17:07:00,Brasil,GOIÁS,CAIAPÔNIA,Cerrado
 1634700633 ,50a1964a-7afd-3671-b6bc-4fd7b84bc628,  -14.486160 ,  -48.993470 ,2023-06-24 17:49:00,Brasil,GOIÁS,NIQUELÂNDIA,Cerrado
 1634818208 ,cd92b6fc-fd67-36f1-873a-3cc1afec8772,  -13.524020 ,  -46.960950 ,2023-06-25 16:54:00,Brasil,GOIÁS,MONTE ALEGRE DE GOIÁS,Cerrado
 1634818217 ,99681772-7f7f-3457-bdfc-f4b74122035f,  -13.525480 ,  -46.971960 ,2023-06-25 16:54:00,Brasil,GOIÁS,MONTE ALEGRE DE GOIÁS,Cerrado
 1634818224 ,5c750d53-1756-310e-9024-c2ddebcd8ec4,  -13.533880 ,  -46.959810 ,2023-06-25 16:54:00,Brasil,GOIÁS,MONTE ALEGRE DE GOIÁS,Cerrado
 1634818232 ,c6a9c923-da48-3d2a-90a5-3812ca9146ff,  -13.535390 ,  -46.971180 ,2023-06-25 16:54:00,Brasil,GOIÁS,MONTE ALEGRE DE GOIÁS,Cerrado
 1634818239 ,03951f25-fe15-39e6-9883-95d135e6788d,  -17.194440 ,  -52.557610 ,2023-06-25 16:54:00,Brasil,GOIÁS,MINEIROS,Cerrado
 1634818248 ,7c0a9040-d2d0-3b2f-8b82-a8e87ba2e007,  -17.201240 ,  -52.561320 ,2023-06-25 16:54:00,Brasil,GOIÁS,MINEIROS,Cerrado
 1634818694 ,d057c2ec-6d6c-34f7-b11a-598248099785,  -13.522530 ,  -46.949630 ,2023-06-25 16:54:00,Brasil,GOIÁS,MONTE ALEGRE DE GOIÁS,Cerrado
 1634952874 ,b8a3d979-2cda-3919-b326-996ecef13e79,  -16.876190 ,  -50.740770 ,2023-06-26 17:34:00,Brasil,GOIÁS,PARAÚNA,Cerrado
 1634952882 ,e936ded5-239c-3ad8-843b-9c354bfd010a,  -16.878030 ,  -50.752320 ,2023-06-26 17:34:00,Brasil,GOIÁS,PARAÚNA,Cerrado
 1634952890 ,04ca0a0c-8436-3214-90b9-e2ca24611eeb,  -17.820510 ,  -51.275020 ,2023-06-26 17:34:00,Brasil,GOIÁS,RIO VERDE,Cerrado
 1634952901 ,6f527a0d-bf00-3b20-a4e8-0c1fff8038aa,  -17.822150 ,  -51.285640 ,2023-06-26 17:34:00,Brasil,GOIÁS,RIO VERDE,Cerrado
 1634952908 ,59e36ed6-f6c2-35d1-8f47-9e71568fd2ec,  -17.823800 ,  -51.296310 ,2023-06-26 17:34:00,Brasil,GOIÁS,RIO VERDE,Cerrado
 1634952916 ,429675c7-eccf-3232-92f4-2243b74d3f6a,  -14.332420 ,  -49.153660 ,2023-06-26 17:37:00,Brasil,GOIÁS,CAMPINORTE,Cerrado
 1634952923 ,8f24fc61-22a7-36d5-932e-fdc45c062ab8,  -14.335200 ,  -49.169720 ,2023-06-26 17:37:00,Brasil,GOIÁS,CAMPINORTE,Cerrado
 1634952932 ,f44451f3-3878-3b06-8d95-ef48dd52ecb5,  -14.337610 ,  -49.158420 ,2023-06-26 17:37:00,Brasil,GOIÁS,CAMPINORTE,Cerrado
 1634952939 ,14131e38-7079-33a9-a1e6-9686b02d8955,  -15.976840 ,  -48.710880 ,2023-06-26 17:34:00,Brasil,GOIÁS,CORUMBÁ DE GOIÁS,Cerrado
 1634952947 ,403d5e16-18cc-335d-8481-5aff2ee24b56,  -15.048150 ,  -47.530350 ,2023-06-26 17:34:00,Brasil,GOIÁS,FORMOSA,Cerrado
 1634952986 ,dce4703d-dafd-32c7-80d9-0f8c2d865c82,  -17.824730 ,  -51.279500 ,2023-06-26 17:34:00,Brasil,GOIÁS,RIO VERDE,Cerrado
 1634952995 ,068b1ef9-89c3-3b81-860a-6698b4521b61,  -17.825440 ,  -51.306920 ,2023-06-26 17:34:00,Brasil,GOIÁS,RIO VERDE,Cerrado
 1634953002 ,5a6721f2-9e25-38cd-8951-ca44c11eecd1,  -17.826430 ,  -51.290140 ,2023-06-26 17:34:00,Brasil,GOIÁS,RIO VERDE,Cerrado
 1634953010 ,eb9ea276-f80e-3eb5-8160-78f79e8c5bfa,  -17.828120 ,  -51.300770 ,2023-06-26 17:34:00,Brasil,GOIÁS,RIO VERDE,Cerrado
 1634953018 ,608a269c-f98a-3954-bd1d-d968666ce9a0,  -17.829820 ,  -51.311440 ,2023-06-26 17:34:00,Brasil,GOIÁS,RIO VERDE,Cerrado
 1634953028 ,eab1dcd3-bfb9-37fc-8ab6-c44513a2365d,  -18.258090 ,  -49.718120 ,2023-06-26 17:34:00,Brasil,GOIÁS,ITUMBIARA,Cerrado
 1634953035 ,e3233f50-2d1b-35d4-8836-f11275ef0e76,  -18.260220 ,  -49.730990 ,2023-06-26 17:34:00,Brasil,GOIÁS,ITUMBIARA,Cerrado
 1634953066 ,6175059e-b7f3-3481-a0c6-0f1c899b812f,  -17.514760 ,  -52.481470 ,2023-06-26 17:34:00,Brasil,GOIÁS,MINEIROS,Cerrado
 1634953074 ,e2da1ab5-7335-3705-b000-2c22347bb883,  -17.516220 ,  -52.491180 ,2023-06-26 17:34:00,Brasil,GOIÁS,MINEIROS,Cerrado
 1634953082 ,02eb4d22-0228-39ad-9b8c-270fc3ec9754,  -17.525330 ,  -52.489750 ,2023-06-26 17:34:00,Brasil,GOIÁS,MINEIROS,Cerrado
 1634953091 ,9167896f-721b-30ff-b06f-b321d92392a8,  -17.588690 ,  -52.541940 ,2023-06-26 17:34:00,Brasil,GOIÁS,MINEIROS,Cerrado
 1634953098 ,ca2dd79d-c49b-3db0-81aa-2266af96dfe7,  -17.590150 ,  -52.551640 ,2023-06-26 17:34:00,Brasil,GOIÁS,MINEIROS,Cerrado
 1634952139 ,87be38d8-810a-3af2-b299-cc3f790fb583,  -16.664170 ,  -51.738750 ,2023-06-26 17:34:00,Brasil,GOIÁS,CAIAPÔNIA,Cerrado
 1634952143 ,29403816-faef-39d9-8b9c-8163685e92c5,  -16.784900 ,  -50.869160 ,2023-06-26 17:34:00,Brasil,GOIÁS,PARAÚNA,Cerrado
 1634952147 ,b34485e5-7022-376c-adbc-b294342bc379,  -16.866250 ,  -50.742450 ,2023-06-26 17:34:00,Brasil,GOIÁS,PARAÚNA,Cerrado
 1634952151 ,85ae8831-e139-3ba8-825e-8cde0078ddfe,  -16.868130 ,  -50.754200 ,2023-06-26 17:34:00,Brasil,GOIÁS,PARAÚNA,Cerrado
 1635039716 ,6dd6582a-4782-37a2-9eab-f93bd3a93468,  -16.722190 ,  -49.406040 ,2023-06-27 16:39:00,Brasil,GOIÁS,GOIÂNIA,Cerrado
 1635039768 ,2a28ebad-9c0b-318a-b753-6d5e332c30f0,  -15.598250 ,  -49.857740 ,2023-06-27 16:39:00,Brasil,GOIÁS,ITAPURANGA,Cerrado
 1635039778 ,6225740d-98a4-343e-839c-409b2fff2034,  -15.603460 ,  -49.852350 ,2023-06-27 16:39:00,Brasil,GOIÁS,ITAPURANGA,Cerrado
 1635039839 ,aa08e3db-a479-31ca-8f07-0bb053db1cca,  -16.056620 ,  -48.541560 ,2023-06-27 16:39:00,Brasil,GOIÁS,ALEXÂNIA,Cerrado
 1635042511 ,87cc4521-4c76-32fe-a952-c4ee0de1f59e,  -14.358480 ,  -46.959180 ,2023-06-27 16:39:00,Brasil,GOIÁS,FLORES DE GOIÁS,Cerrado
 1635042514 ,7baba3f3-5d8f-35ca-a94c-becf847d7ff4,  -14.360840 ,  -46.979970 ,2023-06-27 16:39:00,Brasil,GOIÁS,FLORES DE GOIÁS,Cerrado
 1635042518 ,24f55e88-f5dd-3a64-ab17-d7ce9c3ff8b9,  -14.361130 ,  -46.963730 ,2023-06-27 16:39:00,Brasil,GOIÁS,FLORES DE GOIÁS,Cerrado
 1635042523 ,c1220fd5-1c38-335a-94c0-f11b124a6f7e,  -14.363650 ,  -46.984480 ,2023-06-27 16:39:00,Brasil,GOIÁS,FLORES DE GOIÁS,Cerrado
 1635143467 ,c03151a2-064e-3623-bca6-ba87f28f88d4,  -15.732530 ,  -51.142430 ,2023-06-28 17:22:00,Brasil,GOIÁS,SANTA FÉ DE GOIÁS,Cerrado
 1635143482 ,067b3508-59e6-30e3-93c1-c6559b69c848,  -15.780530 ,  -49.195530 ,2023-06-28 17:22:00,Brasil,GOIÁS,JARAGUÁ,Cerrado
 1635143489 ,ff283918-57d9-3b09-a44e-9c84b044ef94,  -15.868940 ,  -46.915630 ,2023-06-28 17:22:00,Brasil,GOIÁS,CABECEIRAS,Cerrado
 1635143493 ,d60355af-d53b-3d45-91ef-5be03a1dd38c,  -16.076860 ,  -47.957230 ,2023-06-28 17:22:00,Brasil,GOIÁS,VALPARAÍSO DE GOIÁS,Cerrado
 1635143495 ,7f2eaac4-fb45-329c-96fd-c9a00c3d57ca,  -16.078560 ,  -47.968050 ,2023-06-28 17:22:00,Brasil,GOIÁS,VALPARAÍSO DE GOIÁS,Cerrado
 1635143498 ,756adbac-985e-3651-98f5-34732bf49683,  -16.149910 ,  -48.237380 ,2023-06-28 17:22:00,Brasil,GOIÁS,SANTO ANTÔNIO DO DESCOBERTO,Cerrado
 1635143506 ,6502e90c-fa32-3aea-861f-d809bfa6693f,  -16.548560 ,  -49.778410 ,2023-06-28 17:22:00,Brasil,GOIÁS,AVELINÓPOLIS,Cerrado
 1635143507 ,62a1d7c1-370f-3dad-9b8e-60ebe543ee50,  -16.549940 ,  -49.787770 ,2023-06-28 17:22:00,Brasil,GOIÁS,NAZÁRIO,Cerrado
 1635143508 ,4f52fce5-8cea-33be-a99f-14fa653ac424,  -16.781910 ,  -50.887580 ,2023-06-28 17:22:00,Brasil,GOIÁS,PARAÚNA,Cerrado
 1635143510 ,1fccdd01-3bb3-362e-affb-6e5962c37b21,  -16.783240 ,  -50.896970 ,2023-06-28 17:22:00,Brasil,GOIÁS,PARAÚNA,Cerrado
 1635143512 ,73f176c8-d7f5-33a3-9e25-08abcb2bab84,  -16.790890 ,  -50.886190 ,2023-06-28 17:22:00,Brasil,GOIÁS,PARAÚNA,Cerrado
 1635143513 ,230ae547-1825-3871-9e21-05e0a2149b15,  -16.869760 ,  -51.250390 ,2023-06-28 17:22:00,Brasil,GOIÁS,CAIAPÔNIA,Cerrado
 1635143515 ,f46899cf-47cf-3904-816b-01f04a2c9f69,  -16.983950 ,  -48.930930 ,2023-06-28 17:22:00,Brasil,GOIÁS,BELA VISTA DE GOIÁS,Cerrado
 1635143526 ,02c1b7ad-bc5f-39ec-89e8-9a34df3f0403,  -17.898930 ,  -52.664600 ,2023-06-28 17:22:00,Brasil,GOIÁS,MINEIROS,Cerrado
 1635143529 ,f1374cfe-5303-3ff2-aa0d-e44dcd42d76a,  -18.358000 ,  -47.927210 ,2023-06-28 17:20:00,Brasil,GOIÁS,CATALÃO,Cerrado
 1635143533 ,76b646a9-1704-38ce-9e10-5a54616fd23e,  -18.643470 ,  -51.121930 ,2023-06-28 17:20:00,Brasil,GOIÁS,CAÇU,Cerrado
 1635143534 ,a6d83dc3-9475-3b5d-bf38-c4328d2d7aa0,  -18.644800 ,  -51.131710 ,2023-06-28 17:20:00,Brasil,GOIÁS,CAÇU,Cerrado
 1635143535 ,7fbc9fea-db0a-365e-acd0-55827f485e86,  -18.652580 ,  -51.120470 ,2023-06-28 17:20:00,Brasil,GOIÁS,CAÇU,Cerrado
 1635143537 ,73a1495a-7ec3-37c4-b82f-a9c3a2017546,  -18.653920 ,  -51.130280 ,2023-06-28 17:20:00,Brasil,GOIÁS,CAÇU,Cerrado
 1635143540 ,c1cb9a10-9e03-37dd-844b-3a5a3d613a16,  -18.661700 ,  -51.119040 ,2023-06-28 17:20:00,Brasil,GOIÁS,CAÇU,Cerrado
 1635143542 ,84f82f03-80b7-36dd-a8c4-a707b073e36c,  -18.663050 ,  -51.128860 ,2023-06-28 17:20:00,Brasil,GOIÁS,CAÇU,Cerrado
 1635143650 ,a3378e5d-9851-3023-9d27-7e47e6b40cb3,  -16.792220 ,  -50.895570 ,2023-06-28 17:22:00,Brasil,GOIÁS,PARAÚNA,Cerrado
 1635143822 ,cc396518-a3d8-3f23-8bea-22cfcea0c638,  -18.483060 ,  -50.427570 ,2023-06-28 17:20:00,Brasil,GOIÁS,QUIRINÓPOLIS,Mata Atlântica
 1635143967 ,2b24966a-1538-3153-8de6-b4de01d8da65,  -14.162020 ,  -47.122910 ,2023-06-28 17:22:00,Brasil,GOIÁS,SÃO JOÃO D'ALIANÇA,Cerrado
 1635143969 ,0392795c-f97a-33c4-89c4-b2431da5a17e,  -14.179460 ,  -50.519200 ,2023-06-28 17:22:00,Brasil,GOIÁS,NOVA CRIXÁS,Cerrado
 1635143970 ,3c1a6197-3129-3cd5-b59d-741dd7b0d047,  -14.359160 ,  -46.965890 ,2023-06-28 17:22:00,Brasil,GOIÁS,FLORES DE GOIÁS,Cerrado
 1635143972 ,9cab62ea-6036-31dc-9383-16718aa48289,  -14.361250 ,  -46.978690 ,2023-06-28 17:22:00,Brasil,GOIÁS,FLORES DE GOIÁS,Cerrado
 1635143974 ,74a901d1-a8b4-3e12-a730-cbd59391351c,  -14.369690 ,  -49.006270 ,2023-06-28 17:22:00,Brasil,GOIÁS,URUAÇU,Cerrado
 1635143975 ,911a73ac-c038-307a-9705-dfa0efa7da77,  -14.371190 ,  -49.016270 ,2023-06-28 17:22:00,Brasil,GOIÁS,URUAÇU,Cerrado
 1635143984 ,386298d1-2318-35c3-b8ff-ecf7a168eb22,  -14.774230 ,  -48.538490 ,2023-06-28 17:22:00,Brasil,GOIÁS,NIQUELÂNDIA,Cerrado
 1635143985 ,56c4c729-1753-3ea8-aaf9-b1494941edd6,  -14.784120 ,  -48.224820 ,2023-06-28 17:22:00,Brasil,GOIÁS,NIQUELÂNDIA,Cerrado
 1635143988 ,1e332e31-2e30-3add-b2d0-76f0fde92552,  -14.800400 ,  -48.266740 ,2023-06-28 17:22:00,Brasil,GOIÁS,NIQUELÂNDIA,Cerrado
 1635143989 ,4031e563-11f7-3d13-9652-f8a185ea3b2e,  -14.802020 ,  -48.277290 ,2023-06-28 17:22:00,Brasil,GOIÁS,NIQUELÂNDIA,Cerrado
 1635143991 ,63e044a6-a269-3947-8114-b1fb9913b363,  -15.059800 ,  -47.492100 ,2023-06-28 17:22:00,Brasil,GOIÁS,FORMOSA,Cerrado
 1635143993 ,038a8a32-afec-3f7b-8b0b-019540a26557,  -15.254610 ,  -47.300740 ,2023-06-28 17:22:00,Brasil,GOIÁS,FORMOSA,Cerrado
 1635143995 ,6a910069-26f6-3870-aa47-bbae737320ba,  -15.417850 ,  -48.018760 ,2023-06-28 17:22:00,Brasil,GOIÁS,PADRE BERNARDO,Cerrado
 1635143997 ,9264bb3a-1850-36d0-b0e8-3d5332118d42,  -15.419500 ,  -48.029460 ,2023-06-28 17:22:00,Brasil,GOIÁS,PADRE BERNARDO,Cerrado
 1635143998 ,ed7153e4-bc20-38e7-b122-a68e6e9684aa,  -15.421210 ,  -48.023700 ,2023-06-28 17:22:00,Brasil,GOIÁS,PADRE BERNARDO,Cerrado
 1635144000 ,8aadd43c-c930-3036-8a83-8c30152f1cfb,  -15.540240 ,  -50.628500 ,2023-06-28 17:22:00,Brasil,GOIÁS,MATRINCHÃ,Cerrado
 1635144002 ,876ca368-f95a-37a4-b5c2-e2edd6270e75,  -15.731210 ,  -51.133110 ,2023-06-28 17:22:00,Brasil,GOIÁS,SANTA FÉ DE GOIÁS,Cerrado
 1635876595 ,62198941-c39e-311c-b356-2a45f2b39e0c,  -14.356490 ,  -46.972800 ,2023-07-03 17:34:00,Brasil,GOIÁS,FLORES DE GOIÁS,Cerrado
 1635876598 ,6dd86371-bc82-3621-862e-b6dc33ab5c42,  -14.387620 ,  -47.753250 ,2023-07-03 17:34:00,Brasil,GOIÁS,ALTO PARAÍSO DE GOIÁS,Cerrado
 1635876614 ,f9a13811-29e2-3331-9ad8-121a4e238f5c,  -14.548930 ,  -47.769700 ,2023-07-03 17:34:00,Brasil,GOIÁS,NIQUELÂNDIA,Cerrado
 1635876618 ,8188c1f5-41d8-34c0-8610-f6bb3e71bfb4,  -14.549420 ,  -47.775240 ,2023-07-03 17:34:00,Brasil,GOIÁS,NIQUELÂNDIA,Cerrado
 1635876634 ,c75694f6-d780-3843-bc13-cbe4e8fc23fd,  -16.463590 ,  -51.766810 ,2023-07-03 17:34:00,Brasil,GOIÁS,PIRANHAS,Cerrado
 1635876640 ,98ba11d8-4610-31db-8a73-8ce39f59ed69,  -16.465130 ,  -51.776890 ,2023-07-03 17:34:00,Brasil,GOIÁS,PIRANHAS,Cerrado
 1635876645 ,d2f61b98-b3fe-3a8d-b5f9-c22b23a1215d,  -16.538910 ,  -47.776600 ,2023-07-03 17:34:00,Brasil,GOIÁS,CRISTALINA,Cerrado
 1635876648 ,e1e045c2-c6fa-35c8-8db4-ea0b57a6bfba,  -16.631320 ,  -52.081710 ,2023-07-03 17:34:00,Brasil,GOIÁS,CAIAPÔNIA,Cerrado
 1635876652 ,120305f9-9fe8-32f0-ab35-ac7ba87c6a7a,  -17.313920 ,  -47.777860 ,2023-07-03 17:34:00,Brasil,GOIÁS,CAMPO ALEGRE DE GOIÁS,Cerrado
 1635876656 ,78b986ec-878a-389c-97f3-637b90038c4e,  -17.521020 ,  -52.483390 ,2023-07-03 17:34:00,Brasil,GOIÁS,MINEIROS,Cerrado
 1635876660 ,237bb69f-2ab6-32bf-9857-9aed00147bb8,  -17.522440 ,  -52.492940 ,2023-07-03 17:34:00,Brasil,GOIÁS,MINEIROS,Cerrado
 1635876676 ,e84a8d44-b61a-3b30-b09c-4393160417db,  -17.735920 ,  -48.296790 ,2023-07-03 17:34:00,Brasil,GOIÁS,IPAMERI,Cerrado
 1635653316 ,87d848b0-2493-3493-8762-870061b641cd,  -12.721740 ,  -50.302680 ,2023-07-02 16:54:00,Brasil,GOIÁS,SÃO MIGUEL DO ARAGUAIA,Cerrado
 1635653328 ,d5f83df2-7d92-3dce-8446-789d6b735741,  -13.407870 ,  -47.490300 ,2023-07-02 16:54:00,Brasil,GOIÁS,CAVALCANTE,Cerrado
 1635653334 ,ac8c43ff-865e-3777-a9a9-a2c73497b772,  -13.409440 ,  -47.502590 ,2023-07-02 16:54:00,Brasil,GOIÁS,CAVALCANTE,Cerrado
 1635653340 ,d9a285ed-9baa-3ca4-bbf2-50b237f6e6fb,  -13.412280 ,  -47.495130 ,2023-07-02 16:54:00,Brasil,GOIÁS,CAVALCANTE,Cerrado
 1635653345 ,6bf0f429-9735-3ef7-8ee6-ca917ee87bca,  -13.446510 ,  -47.750270 ,2023-07-02 16:54:00,Brasil,GOIÁS,CAVALCANTE,Cerrado
 1635653351 ,78a9a065-ec80-35b6-8c43-99b328101193,  -13.448270 ,  -47.763410 ,2023-07-02 16:54:00,Brasil,GOIÁS,CAVALCANTE,Cerrado
 1635653357 ,ab0971b0-4558-33ee-9d8f-c62828985a61,  -13.452540 ,  -47.757370 ,2023-07-02 16:54:00,Brasil,GOIÁS,CAVALCANTE,Cerrado
 1635653363 ,8ed3116d-cc0f-3a18-8b57-9c38a738557c,  -13.770210 ,  -47.057470 ,2023-07-02 16:54:00,Brasil,GOIÁS,NOVA ROMA,Cerrado
 1635653396 ,ea2fbd41-fd6a-3d08-bc5c-9b196ccb49fd,  -15.418590 ,  -47.847640 ,2023-07-02 16:52:00,Brasil,GOIÁS,PLANALTINA,Cerrado
 1635653433 ,bb35f642-5fe4-35ea-a0ec-9d819db8ac00,  -17.174220 ,  -50.250840 ,2023-07-02 16:52:00,Brasil,GOIÁS,JANDAIA,Cerrado
 1635653437 ,f5e6c20c-13e1-3334-99db-4bc04f8cf2de,  -17.176800 ,  -50.273960 ,2023-07-02 16:52:00,Brasil,GOIÁS,JANDAIA,Cerrado
 1635653446 ,41e2cf7a-d893-3c31-a5a5-c12d87ff38ef,  -17.742360 ,  -50.338120 ,2023-07-02 16:52:00,Brasil,GOIÁS,TURVELÂNDIA,Cerrado
 1636043836 ,d00bb2c6-0783-3a41-a600-bb216d9976cc,  -15.403810 ,  -47.838680 ,2023-07-04 16:39:00,Brasil,GOIÁS,PLANALTINA,Cerrado
 1636043851 ,ec56d151-f6f0-398d-83ce-74db1cf5b007,  -16.141330 ,  -48.239750 ,2023-07-04 16:39:00,Brasil,GOIÁS,SANTO ANTÔNIO DO DESCOBERTO,Cerrado
 1636043864 ,dc6d0e11-b7b3-3092-8851-fb2b35915c36,  -16.287340 ,  -47.755350 ,2023-07-04 16:39:00,Brasil,GOIÁS,LUZIÂNIA,Cerrado
 1636044181 ,fb7176fc-a334-3355-88b9-b128a551fcdf,  -13.902820 ,  -49.153350 ,2023-07-04 16:39:00,Brasil,GOIÁS,MARA ROSA,Cerrado
 1636044185 ,8a25ceb2-1831-31e5-b860-2050757a38b5,  -13.908870 ,  -49.157010 ,2023-07-04 16:39:00,Brasil,GOIÁS,MARA ROSA,Cerrado
 1636194888 ,22ba57b1-f1ae-334d-92cd-31ff67e43276,  -16.899200 ,  -47.842110 ,2023-07-05 17:20:00,Brasil,GOIÁS,CRISTALINA,Cerrado
 1636194894 ,5cd2d78b-286e-3b9c-9ef8-f9bb65d8c1e7,  -17.031060 ,  -47.907870 ,2023-07-05 17:20:00,Brasil,GOIÁS,IPAMERI,Cerrado
 1636194901 ,aff1ff70-6e0f-3c78-a86e-4f0961e4de23,  -17.600860 ,  -48.389880 ,2023-07-05 17:20:00,Brasil,GOIÁS,IPAMERI,Cerrado
 1636194907 ,97a36805-af0f-32b7-9076-8799e129569b,  -17.602350 ,  -48.399660 ,2023-07-05 17:20:00,Brasil,GOIÁS,IPAMERI,Cerrado
 1636194912 ,dd1c7982-31ee-3983-80c5-9d051c6155fb,  -15.551140 ,  -47.283620 ,2023-07-05 17:20:00,Brasil,GOIÁS,FORMOSA,Cerrado
 1636194918 ,33611801-fee6-3bd3-8bbd-f66c439f3d41,  -15.580010 ,  -48.559620 ,2023-07-05 17:20:00,Brasil,GOIÁS,COCALZINHO DE GOIÁS,Cerrado
 1636194924 ,7ee6da8e-803c-3c40-94ba-d287a8b01990,  -15.581530 ,  -48.569540 ,2023-07-05 17:20:00,Brasil,GOIÁS,COCALZINHO DE GOIÁS,Cerrado
 1636194939 ,b90ec6fc-6f3a-30cc-885a-efecdb34aedd,  -16.278270 ,  -47.743990 ,2023-07-05 17:20:00,Brasil,GOIÁS,LUZIÂNIA,Cerrado
 1636194942 ,acd90f33-9133-3c9f-a90d-b861acb226b3,  -16.279900 ,  -47.754600 ,2023-07-05 17:20:00,Brasil,GOIÁS,LUZIÂNIA,Cerrado
 1636194943 ,9ee1a352-ce85-3bda-bb1f-4fd77f921927,  -16.282700 ,  -47.748390 ,2023-07-05 17:20:00,Brasil,GOIÁS,LUZIÂNIA,Cerrado
 1636194945 ,ff0a5868-876a-3aba-b846-a0626fb0f555,  -16.284370 ,  -47.758960 ,2023-07-05 17:20:00,Brasil,GOIÁS,LUZIÂNIA,Cerrado
 1636194946 ,ced7a3b2-461d-3817-85ea-a34bb74566ed,  -16.387910 ,  -48.113220 ,2023-07-05 17:20:00,Brasil,GOIÁS,LUZIÂNIA,Cerrado
 1636194949 ,eba8786d-c679-35ea-bd1d-5e170af95e64,  -14.103550 ,  -47.983220 ,2023-07-05 17:22:00,Brasil,GOIÁS,COLINAS DO SUL,Cerrado
 1636194952 ,5def4fcb-c2a7-3f1a-b171-3758a405067a,  -14.105050 ,  -47.977470 ,2023-07-05 17:22:00,Brasil,GOIÁS,COLINAS DO SUL,Cerrado
 1636194954 ,d74d7424-dbb0-3e30-b189-855205f0f8b7,  -14.106760 ,  -47.988300 ,2023-07-05 17:22:00,Brasil,GOIÁS,COLINAS DO SUL,Cerrado
 1636194955 ,9dc5f4e9-e344-3898-b364-2d1e930dafeb,  -14.353740 ,  -46.968350 ,2023-07-05 17:20:00,Brasil,GOIÁS,FLORES DE GOIÁS,Cerrado
 1636194958 ,1284fd79-a952-3d2b-955e-e63586f5ca0c,  -14.396530 ,  -47.878130 ,2023-07-05 17:20:00,Brasil,GOIÁS,NIQUELÂNDIA,Cerrado
 1636195116 ,fe3f7fcf-be68-3a79-85e0-866d86bfb3a1,  -18.476280 ,  -51.677580 ,2023-07-05 17:20:00,Brasil,GOIÁS,SERRANÓPOLIS,Cerrado
 1636195119 ,6e7fcf15-f08d-3899-ba01-03f75a0e7da8,  -16.847260 ,  -50.725610 ,2023-07-05 17:20:00,Brasil,GOIÁS,PARAÚNA,Cerrado
 1636195120 ,5f587c17-268f-3004-aeef-a560f2f0af77,  -16.848590 ,  -50.735060 ,2023-07-05 17:20:00,Brasil,GOIÁS,PARAÚNA,Cerrado
 1636195122 ,1323b6b4-2996-3698-83aa-549061243aac,  -16.858920 ,  -50.743070 ,2023-07-05 17:20:00,Brasil,GOIÁS,PARAÚNA,Cerrado
 1636195123 ,9f73e799-d5ec-33f6-8fc3-53621cd2668c,  -16.867920 ,  -50.741670 ,2023-07-05 17:20:00,Brasil,GOIÁS,PARAÚNA,Cerrado
 1636195127 ,c7cd922b-7517-356a-9889-51f15182a294,  -16.869250 ,  -50.751080 ,2023-07-05 17:20:00,Brasil,GOIÁS,PARAÚNA,Cerrado
 1636195130 ,62d1c896-ac02-3dba-9fb8-b25672ad541f,  -16.116000 ,  -51.086530 ,2023-07-05 17:20:00,Brasil,GOIÁS,JAUPACI,Cerrado
 1636195132 ,dafcff85-0815-3e5d-92e2-f2a3845b8584,  -16.117340 ,  -51.095990 ,2023-07-05 17:20:00,Brasil,GOIÁS,JAUPACI,Cerrado
 1636195133 ,40260f96-9505-3a30-b9f6-d9f8a7df7e75,  -14.865070 ,  -50.063720 ,2023-07-05 17:20:00,Brasil,GOIÁS,CRIXÁS,Cerrado
 1636195324 ,a0fda335-7f6f-36c8-a58e-492786597f95,  -16.684750 ,  -49.407160 ,2023-07-05 17:20:00,Brasil,GOIÁS,GOIÂNIA,Cerrado
 1636195327 ,afab1936-b038-3314-8255-d2ecaf3987bf,  -16.968720 ,  -49.085830 ,2023-07-05 17:20:00,Brasil,GOIÁS,HIDROLÂNDIA,Cerrado
 1636195331 ,6d4ce8d3-2ad1-398e-be20-41370432e166,  -15.980470 ,  -49.072320 ,2023-07-05 17:20:00,Brasil,GOIÁS,PIRENÓPOLIS,Cerrado
 1636195336 ,485ddf57-d2ed-3237-959a-c48df237635d,  -15.981890 ,  -49.081830 ,2023-07-05 17:20:00,Brasil,GOIÁS,PIRENÓPOLIS,Cerrado
 1636195340 ,992ec5c4-269f-3282-a4be-4e262ba914e2,  -16.653440 ,  -49.133000 ,2023-07-05 17:20:00,Brasil,GOIÁS,SENADOR CANEDO,Cerrado
 1636195343 ,58267196-a173-32e1-919c-d9f3e277a38e,  -14.368520 ,  -49.014390 ,2023-07-05 17:20:00,Brasil,GOIÁS,URUAÇU,Cerrado
 1636195347 ,f5b6fa0b-5a95-3700-b678-0530656328ec,  -14.515060 ,  -49.378250 ,2023-07-05 17:20:00,Brasil,GOIÁS,URUAÇU,Cerrado
 1636195358 ,753f3fc5-e4e0-35c1-b5e0-ca9c74b85566,  -13.544000 ,  -49.113170 ,2023-07-05 17:22:00,Brasil,GOIÁS,PORANGATU,Cerrado
 1636387536 ,7cb64522-537f-348f-b66d-6eb038b1bd09,  -16.960750 ,  -51.629760 ,2023-07-06 18:02:00,Brasil,GOIÁS,CAIAPÔNIA,Cerrado
 1636387545 ,c9e6203b-0a97-31a7-addb-816d734c3a6d,  -16.962600 ,  -51.637290 ,2023-07-06 18:02:00,Brasil,GOIÁS,CAIAPÔNIA,Cerrado
 1636387553 ,78607ecd-45a3-3e39-ac7b-2d81e2036452,  -16.975800 ,  -51.626690 ,2023-07-06 18:02:00,Brasil,GOIÁS,CAIAPÔNIA,Cerrado
 1636387560 ,61f51a9a-88f2-3e6a-be01-cb581069d86d,  -16.977640 ,  -51.634200 ,2023-07-06 18:02:00,Brasil,GOIÁS,CAIAPÔNIA,Cerrado
 1636555871 ,8d65d418-c569-39dd-941f-322f0fb7388c,  -13.407820 ,  -47.492000 ,2023-07-07 17:07:00,Brasil,GOIÁS,CAVALCANTE,Cerrado
 1636555879 ,304e5646-ad3c-3a02-908c-ebf56b444d44,  -14.449050 ,  -48.756470 ,2023-07-07 17:07:00,Brasil,GOIÁS,NIQUELÂNDIA,Cerrado
 1636555881 ,968ea3de-c9e3-36ab-875b-b43cc8f0e04b,  -15.372750 ,  -47.405110 ,2023-07-07 17:07:00,Brasil,GOIÁS,FORMOSA,Cerrado
 1636555882 ,3ee35de0-dedc-3cc9-b480-8882b9c51a81,  -15.374070 ,  -47.414440 ,2023-07-07 17:07:00,Brasil,GOIÁS,FORMOSA,Cerrado
 1636555889 ,5769e248-ce99-3b70-abe4-7d978951abe4,  -15.723550 ,  -48.343500 ,2023-07-07 17:07:00,Brasil,GOIÁS,ÁGUAS LINDAS DE GOIÁS,Cerrado
 1636555896 ,ba3e0c87-ceb9-3c1f-875c-a685b4fc809f,  -16.086730 ,  -47.834840 ,2023-07-07 17:07:00,Brasil,GOIÁS,CIDADE OCIDENTAL,Cerrado
 1636555898 ,6c8f1619-0212-3ab7-a978-5c4660b94046,  -16.395720 ,  -47.952810 ,2023-07-07 17:07:00,Brasil,GOIÁS,LUZIÂNIA,Cerrado
 1636555899 ,8b0a999d-9a09-3c8b-853a-89e974d9d9e9,  -16.842220 ,  -49.644870 ,2023-07-07 17:07:00,Brasil,GOIÁS,CAMPESTRE DE GOIÁS,Cerrado
 1636555902 ,19ef8b48-4b07-33c0-bb95-42790b85ff27,  -17.280860 ,  -53.055120 ,2023-07-07 17:07:00,Brasil,GOIÁS,SANTA RITA DO ARAGUAIA,Cerrado
 1636555903 ,4a7164a5-b7f3-37d7-9035-348fc3df1255,  -17.283320 ,  -53.076520 ,2023-07-07 17:07:00,Brasil,GOIÁS,SANTA RITA DO ARAGUAIA,Cerrado
 1636555905 ,3460d22d-ccc4-3125-be41-b7b04d8acb42,  -17.502300 ,  -48.108960 ,2023-07-07 17:05:00,Brasil,GOIÁS,URUTAÍ,Cerrado
 1636555906 ,76be91eb-9a85-3727-b72b-56e3d3d1d715,  -17.503730 ,  -48.119370 ,2023-07-07 17:05:00,Brasil,GOIÁS,URUTAÍ,Cerrado
 1636555909 ,5008a7f3-ddb3-3d28-9123-6bddbdba0193,  -17.527800 ,  -49.599300 ,2023-07-07 17:05:00,Brasil,GOIÁS,PONTALINA,Cerrado
 1636555911 ,aca1e0f3-be46-3d4d-88a7-262f37c48180,  -17.529310 ,  -49.611430 ,2023-07-07 17:05:00,Brasil,GOIÁS,PONTALINA,Cerrado
 1636555913 ,086814b8-d382-3291-8731-d679c9834ffa,  -17.529430 ,  -49.605640 ,2023-07-07 17:05:00,Brasil,GOIÁS,PONTALINA,Cerrado
 1636555914 ,a5e97031-18bf-3c32-8fcb-a57fe2d2ff3b,  -17.560180 ,  -47.399500 ,2023-07-07 17:05:00,Brasil,GOIÁS,CATALÃO,Cerrado
 1636555917 ,e0da5f9d-e175-373b-b6eb-de948a0ad2a4,  -17.571950 ,  -48.366770 ,2023-07-07 17:05:00,Brasil,GOIÁS,IPAMERI,Cerrado
 1636555920 ,3f924305-2492-33ba-bedd-e510109f9929,  -17.581400 ,  -48.365350 ,2023-07-07 17:05:00,Brasil,GOIÁS,IPAMERI,Cerrado
 1636555937 ,f247a2c6-2b58-33ed-a640-69aadb762df8,  -18.155120 ,  -52.291870 ,2023-07-07 17:05:00,Brasil,GOIÁS,SERRANÓPOLIS,Cerrado
 1636555940 ,c510bfa7-cceb-309a-a214-6f691bfd37ad,  -18.157300 ,  -52.311250 ,2023-07-07 17:05:00,Brasil,GOIÁS,SERRANÓPOLIS,Cerrado
 1636768950 ,d9960e1d-93e6-33aa-94e9-a3970cd46a9d,  -17.683720 ,  -53.187490 ,2023-07-08 17:47:00,Brasil,GOIÁS,MINEIROS,Cerrado
 1636768962 ,af5fe2f2-b3c4-3599-a781-e71ba8434d9d,  -15.550180 ,  -50.804910 ,2023-07-08 17:49:00,Brasil,GOIÁS,ITAPIRAPUÃ,Cerrado
 1636768973 ,2e49a770-aa17-323b-8b51-db46329aa6cb,  -13.144470 ,  -46.894670 ,2023-07-08 17:49:00,Brasil,GOIÁS,MONTE ALEGRE DE GOIÁS,Cerrado
 1636771293 ,98b16445-7c07-3ab3-b9ab-794cac8c5e08,  -15.550720 ,  -50.809970 ,2023-07-08 17:49:00,Brasil,GOIÁS,ITAPIRAPUÃ,Cerrado
 1636771297 ,4d7b2dfd-86da-3783-b270-7a8016b45b17,  -15.553600 ,  -50.824090 ,2023-07-08 17:49:00,Brasil,GOIÁS,ITAPIRAPUÃ,Cerrado
 1636919184 ,e3fcc44b-a2a4-3685-a0c4-acb18dcd1210,  -17.805100 ,  -52.086070 ,2023-07-09 16:52:00,Brasil,GOIÁS,JATAÍ,Cerrado
 1637061676 ,05a0fbe8-258e-3118-ba9b-d896bcea534b,  -14.727740 ,  -48.957410 ,2023-07-10 17:34:00,Brasil,GOIÁS,SANTA RITA DO NOVO DESTINO,Cerrado
 1637061679 ,d3d87d87-291a-307c-9757-4d45390f706d,  -14.941080 ,  -47.283110 ,2023-07-10 17:34:00,Brasil,GOIÁS,FORMOSA,Cerrado
 1637061683 ,5e9dfd39-c6a7-319e-8d1a-8c892f535a86,  -14.944490 ,  -47.302860 ,2023-07-10 17:34:00,Brasil,GOIÁS,FORMOSA,Cerrado
 1637061708 ,af94ad7e-7628-35d4-baba-d57fdb33551d,  -15.977350 ,  -49.052610 ,2023-07-10 17:34:00,Brasil,GOIÁS,PIRENÓPOLIS,Cerrado
 1637061712 ,2764468b-63ba-33ce-86cd-7c1e30335bd2,  -15.979620 ,  -49.066360 ,2023-07-10 17:34:00,Brasil,GOIÁS,PIRENÓPOLIS,Cerrado
 1637061715 ,0008aa06-6131-360d-a87f-b92522675422,  -16.299710 ,  -52.467100 ,2023-07-10 17:34:00,Brasil,GOIÁS,BALIZA,Cerrado
 1637061732 ,1d2044f7-7882-3c86-ad3d-51eb78fc2182,  -16.555910 ,  -49.778110 ,2023-07-10 17:34:00,Brasil,GOIÁS,NAZÁRIO,Cerrado
 1637061736 ,8a598856-6047-332b-be4d-17869848a924,  -16.815680 ,  -51.306750 ,2023-07-10 17:34:00,Brasil,GOIÁS,CAIAPÔNIA,Cerrado
 1637061740 ,247d969d-34e9-31e6-ba41-bcf2b69875e7,  -16.825030 ,  -51.305270 ,2023-07-10 17:34:00,Brasil,GOIÁS,CAIAPÔNIA,Cerrado
 1637061744 ,d0b0c203-6955-3397-98a0-e62a753b4d41,  -17.261740 ,  -48.943540 ,2023-07-10 17:34:00,Brasil,GOIÁS,PIRACANJUBA,Cerrado
 1637061747 ,a7e0eeb5-b5c1-3ba7-b120-9e30b5eeeb7d,  -17.464370 ,  -50.008290 ,2023-07-10 17:34:00,Brasil,GOIÁS,EDÉIA,Cerrado
 1637061751 ,971ec2b6-1ff6-37c7-b068-0871a140b0bd,  -17.466250 ,  -50.019800 ,2023-07-10 17:34:00,Brasil,GOIÁS,EDÉIA,Cerrado
 1637061756 ,45e8ac7b-ca01-350a-954d-46d7726df35e,  -17.540850 ,  -52.830390 ,2023-07-10 17:34:00,Brasil,GOIÁS,MINEIROS,Cerrado
 1637061763 ,8d297b94-6666-312a-8f5e-a3c523daebf6,  -17.693050 ,  -48.633340 ,2023-07-10 17:34:00,Brasil,GOIÁS,CALDAS NOVAS,Cerrado
 1637061767 ,899ac984-7e17-3cbb-886a-fc83839864ee,  -17.695360 ,  -48.647380 ,2023-07-10 17:34:00,Brasil,GOIÁS,CALDAS NOVAS,Cerrado
 1637061771 ,51bf7388-c758-354f-a24d-61baea13ed1b,  -17.698260 ,  -48.640070 ,2023-07-10 17:34:00,Brasil,GOIÁS,CALDAS NOVAS,Cerrado
 1637061778 ,0777320c-6d01-3dd0-aae6-f1e4bdf8951f,  -17.911380 ,  -48.006180 ,2023-07-10 17:34:00,Brasil,GOIÁS,CATALÃO,Cerrado
 1637061790 ,502f6ba6-b387-3737-8039-a3cf741d21bd,  -18.092680 ,  -51.405920 ,2023-07-10 17:34:00,Brasil,GOIÁS,JATAÍ,Cerrado
 1637061792 ,91f70e5c-5ecc-306a-a36f-03716dd11ef5,  -18.094190 ,  -51.415830 ,2023-07-10 17:34:00,Brasil,GOIÁS,JATAÍ,Cerrado
 1637061804 ,36aaa3a8-64c6-34ee-8d0f-7d56a5d197f0,  -18.515290 ,  -50.437470 ,2023-07-10 17:34:00,Brasil,GOIÁS,QUIRINÓPOLIS,Mata Atlântica
 1637061809 ,21c0800e-e291-3573-a51f-b8724a4837c6,  -19.129000 ,  -51.673480 ,2023-07-10 17:32:00,Brasil,GOIÁS,ITAJÁ,Cerrado
 1637467108 ,a18a26d9-8cd3-3ba3-85d5-d8fa8bfcf5f3,  -14.300370 ,  -47.436370 ,2023-07-12 17:20:00,Brasil,GOIÁS,ALTO PARAÍSO DE GOIÁS,Cerrado
 1637467113 ,8d545856-0689-3c74-908b-b302093582af,  -14.439810 ,  -48.343270 ,2023-07-12 17:20:00,Brasil,GOIÁS,NIQUELÂNDIA,Cerrado
 1637467114 ,0b09b9ec-ef51-32fa-96f8-ad2c82385be8,  -14.441330 ,  -48.353240 ,2023-07-12 17:20:00,Brasil,GOIÁS,NIQUELÂNDIA,Cerrado
 1637467120 ,efe2fece-5398-3048-8bb0-ec6392f4652b,  -14.735450 ,  -48.960060 ,2023-07-12 17:20:00,Brasil,GOIÁS,SANTA RITA DO NOVO DESTINO,Cerrado
 1637467138 ,6c775a1b-ad33-3817-8b4f-329869bf714b,  -16.214320 ,  -52.388420 ,2023-07-12 17:20:00,Brasil,GOIÁS,BALIZA,Cerrado
 1637467140 ,4e07dce5-89a6-392e-9e15-c8779c957d9f,  -16.223990 ,  -52.386990 ,2023-07-12 17:20:00,Brasil,GOIÁS,BALIZA,Cerrado
 1637467147 ,f0e7628d-ee69-3b4e-b92f-b5eedfd6ca8a,  -17.195130 ,  -47.672940 ,2023-07-12 17:20:00,Brasil,GOIÁS,IPAMERI,Cerrado
 1637467148 ,8271d2b7-04e8-3783-a383-4293418097ba,  -17.196680 ,  -47.683070 ,2023-07-12 17:20:00,Brasil,GOIÁS,IPAMERI,Cerrado
 1637467153 ,c53a8543-2089-3ea1-a6a7-0e80e458a771,  -17.378990 ,  -52.958020 ,2023-07-12 17:20:00,Brasil,GOIÁS,MINEIROS,Cerrado
 1637467159 ,0b68d629-c942-39aa-b6f3-973eb04a4ea9,  -17.546430 ,  -52.835630 ,2023-07-12 17:20:00,Brasil,GOIÁS,MINEIROS,Cerrado
 1637467167 ,e86adba8-a477-31f4-ab75-9cb172bbcaac,  -18.147660 ,  -50.081280 ,2023-07-12 17:20:00,Brasil,GOIÁS,BOM JESUS DE GOIÁS,Cerrado
 1637467216 ,4b2a1bab-258e-3b89-b9e6-e5a2cc4f7366,  -18.841960 ,  -50.710110 ,2023-07-12 17:20:00,Brasil,GOIÁS,PARANAIGUARA,Mata Atlântica
 1637467572 ,0ee6fb33-f386-31bc-9ef4-b0a793939e34,  -14.158860 ,  -47.116030 ,2023-07-12 17:20:00,Brasil,GOIÁS,SÃO JOÃO D'ALIANÇA,Cerrado
 1637467583 ,ca07957e-667e-3d39-b171-d08138740eae,  -14.209310 ,  -49.512760 ,2023-07-12 17:20:00,Brasil,GOIÁS,ALTO HORIZONTE,Cerrado
 1637467587 ,0276dc09-5f3c-3689-aa87-29d9c48826b8,  -14.210680 ,  -49.522020 ,2023-07-12 17:20:00,Brasil,GOIÁS,ALTO HORIZONTE,Cerrado
 1637926382 ,11dcd1a1-a8cf-3ac0-ab10-fe3a1b4f81fc,  -17.538790 ,  -52.838650 ,2023-07-14 17:05:00,Brasil,GOIÁS,MINEIROS,Cerrado
 1637926430 ,cc4b3667-d02b-359f-964c-5534936f6a5a,  -17.898830 ,  -48.020220 ,2023-07-14 17:05:00,Brasil,GOIÁS,IPAMERI,Cerrado
 1637926527 ,78e0e17c-bb93-39f2-aa85-66b66960b47b,  -13.089830 ,  -46.875130 ,2023-07-14 17:05:00,Brasil,GOIÁS,MONTE ALEGRE DE GOIÁS,Cerrado
 1637926529 ,4910de7e-9f84-344a-8b1a-14791ce4ed3c,  -13.094810 ,  -46.846440 ,2023-07-14 17:05:00,Brasil,GOIÁS,MONTE ALEGRE DE GOIÁS,Cerrado
 1637926530 ,550b74a1-155d-3876-bccc-3a6889b0a188,  -13.098750 ,  -46.873770 ,2023-07-14 17:05:00,Brasil,GOIÁS,MONTE ALEGRE DE GOIÁS,Cerrado
 1637926559 ,4fa098bf-b13f-3b4b-94bd-1d7045ba1ebe,  -13.937820 ,  -47.337090 ,2023-07-14 17:05:00,Brasil,GOIÁS,CAVALCANTE,Cerrado
 1637926564 ,40c9a25f-83bc-3bec-8e58-ac835affd540,  -14.163190 ,  -47.112370 ,2023-07-14 17:05:00,Brasil,GOIÁS,SÃO JOÃO D'ALIANÇA,Cerrado
 1637926575 ,d6c0761c-e133-3e70-8a4c-d280609861ec,  -14.346540 ,  -46.971490 ,2023-07-14 17:05:00,Brasil,GOIÁS,FLORES DE GOIÁS,Cerrado
 1637926610 ,d6dd975e-4b90-3986-a658-d3c8bce93106,  -14.773170 ,  -48.242070 ,2023-07-14 17:05:00,Brasil,GOIÁS,NIQUELÂNDIA,Cerrado
 1637926623 ,5fda4997-0001-3d89-b137-930ad9ab1396,  -15.174620 ,  -48.702110 ,2023-07-14 17:05:00,Brasil,GOIÁS,VILA PROPÍCIO,Cerrado
 1637926626 ,12d1deec-0fae-3799-b367-6a6d9960cb3b,  -15.176030 ,  -48.712550 ,2023-07-14 17:05:00,Brasil,GOIÁS,VILA PROPÍCIO,Cerrado
 1637926881 ,43554845-2723-3a3b-98e0-ac061af4d595,  -15.373380 ,  -48.422100 ,2023-07-14 17:05:00,Brasil,GOIÁS,PADRE BERNARDO,Cerrado
 1637926914 ,aa1b8c4f-ee07-39a3-b6aa-9b421e9b9108,  -16.094790 ,  -52.023200 ,2023-07-14 17:05:00,Brasil,GOIÁS,BOM JARDIM DE GOIÁS,Cerrado
 1637926915 ,66c5f041-f168-3011-8076-5ef8ae1e0dc4,  -16.102640 ,  -52.028980 ,2023-07-14 17:05:00,Brasil,GOIÁS,BOM JARDIM DE GOIÁS,Cerrado
 1637926921 ,a0ff476d-f9a1-30d4-a387-aebae2619ddd,  -16.812300 ,  -51.309790 ,2023-07-14 17:05:00,Brasil,GOIÁS,CAIAPÔNIA,Cerrado
 1637926923 ,b31301c0-0e74-3e03-82c4-5c27750f8618,  -16.816990 ,  -50.888390 ,2023-07-14 17:05:00,Brasil,GOIÁS,PARAÚNA,Cerrado
 1637926925 ,693ab1ac-ad8d-3925-a83d-bc735b229612,  -16.818820 ,  -50.903510 ,2023-07-14 17:05:00,Brasil,GOIÁS,PARAÚNA,Cerrado
 1637926926 ,ea06e2a9-93c8-39b1-983f-8880de50bc5c,  -16.820650 ,  -50.918670 ,2023-07-14 17:05:00,Brasil,GOIÁS,PARAÚNA,Cerrado
 1638117759 ,3e2479bf-e0a3-305d-ab95-f26f1e593696,  -14.376640 ,  -49.021280 ,2023-07-15 17:47:00,Brasil,GOIÁS,URUAÇU,Cerrado
 1638117760 ,3b8aed62-9120-37f7-adfd-1417898bb633,  -14.377440 ,  -49.016110 ,2023-07-15 17:47:00,Brasil,GOIÁS,URUAÇU,Cerrado
 1638117761 ,625fdaf8-90e6-3192-b993-4405dd85ff14,  -16.037790 ,  -51.099710 ,2023-07-15 17:47:00,Brasil,GOIÁS,FAZENDA NOVA,Cerrado
 1638117762 ,477a7f85-2010-300c-9c29-e68a1f781b30,  -16.042440 ,  -51.093360 ,2023-07-15 17:47:00,Brasil,GOIÁS,FAZENDA NOVA,Cerrado
 1638117763 ,6bd28879-c693-32d0-8ee1-6e0c4ef0ba7d,  -16.609680 ,  -52.113760 ,2023-07-15 17:47:00,Brasil,GOIÁS,CAIAPÔNIA,Cerrado
 1638117765 ,e0804559-63d9-3ea0-b668-5e220875e24d,  -16.642590 ,  -51.756440 ,2023-07-15 17:47:00,Brasil,GOIÁS,CAIAPÔNIA,Cerrado
 1638117766 ,8fe6509a-4e08-3081-a39f-1d6af5f25fb6,  -16.729330 ,  -51.044140 ,2023-07-15 17:47:00,Brasil,GOIÁS,AMORINÓPOLIS,Cerrado
 1638117767 ,92bac86c-e444-3ede-905c-9cf592192ede,  -16.732210 ,  -51.060970 ,2023-07-15 17:47:00,Brasil,GOIÁS,AMORINÓPOLIS,Cerrado
 1638117769 ,83d5f006-ebb6-3964-98e2-4a1cf273fa93,  -16.811090 ,  -50.917770 ,2023-07-15 17:47:00,Brasil,GOIÁS,PARAÚNA,Cerrado
 1638117770 ,bcdfd868-d954-31b3-8b00-8a5bb5945ef3,  -16.817370 ,  -50.909350 ,2023-07-15 17:47:00,Brasil,GOIÁS,PARAÚNA,Cerrado
 1638117771 ,3f81cb7b-cc28-3bf8-b465-8100ea2df877,  -17.293620 ,  -52.002700 ,2023-07-15 17:47:00,Brasil,GOIÁS,CAIAPÔNIA,Cerrado
 1638117772 ,f02a1071-5159-3940-86e1-c6310c2d444f,  -17.294940 ,  -51.996780 ,2023-07-15 17:47:00,Brasil,GOIÁS,CAIAPÔNIA,Cerrado
 1638117773 ,9e045953-5a92-3146-8e2a-ef32d689d6f8,  -17.539990 ,  -52.837530 ,2023-07-15 17:47:00,Brasil,GOIÁS,MINEIROS,Cerrado
 1638318549 ,89137338-57f8-3ec5-9b74-79fccc19ef56,  -13.114300 ,  -46.934640 ,2023-07-16 16:52:00,Brasil,GOIÁS,MONTE ALEGRE DE GOIÁS,Cerrado
 1638318552 ,66c3f40b-ab41-397a-911d-34dba02397f1,  -13.485880 ,  -47.507610 ,2023-07-16 16:52:00,Brasil,GOIÁS,CAVALCANTE,Cerrado
 1638318619 ,fba9ea75-75f9-3549-b136-1f90027e2e06,  -16.679390 ,  -47.358070 ,2023-07-16 16:50:00,Brasil,GOIÁS,CRISTALINA,Cerrado
 1638318630 ,dd1e75e1-cb2d-39b0-bc3b-149d2a286dd1,  -18.118390 ,  -48.564800 ,2023-07-16 16:50:00,Brasil,GOIÁS,CORUMBAÍBA,Cerrado
 1638566243 ,15ead596-abb2-304a-8607-2c6e2bbaf242,  -14.078280 ,  -49.140000 ,2023-07-17 17:34:00,Brasil,GOIÁS,CAMPINORTE,Cerrado
 1638566256 ,05b4ee36-e745-3968-8ff4-988288beafaf,  -14.351540 ,  -46.959860 ,2023-07-17 17:32:00,Brasil,GOIÁS,FLORES DE GOIÁS,Cerrado
 1638566260 ,367b4290-37e6-3d63-8222-b4496206f211,  -14.355010 ,  -46.979630 ,2023-07-17 17:32:00,Brasil,GOIÁS,FLORES DE GOIÁS,Cerrado
 1638566266 ,ec40d8b2-bb96-3a64-a542-a0d0d9c32845,  -14.853740 ,  -46.746580 ,2023-07-17 17:32:00,Brasil,GOIÁS,FLORES DE GOIÁS,Cerrado
 1638566270 ,7e1fa246-e38f-3eba-9005-0d7c14556402,  -14.856100 ,  -46.751440 ,2023-07-17 17:32:00,Brasil,GOIÁS,FLORES DE GOIÁS,Cerrado
 1638566274 ,bfd060e7-3535-3b7a-88fe-c4bd9d033bd1,  -14.957350 ,  -48.673890 ,2023-07-17 17:32:00,Brasil,GOIÁS,NIQUELÂNDIA,Cerrado
 1638566278 ,c0854cb1-cde0-3a51-93f6-22bd990717e9,  -15.659540 ,  -50.301610 ,2023-07-17 17:32:00,Brasil,GOIÁS,GOIÁS,Cerrado
 1638566281 ,bebcf6b4-619d-3feb-9dd1-dec860f46c08,  -16.110560 ,  -52.032960 ,2023-07-17 17:32:00,Brasil,GOIÁS,BOM JARDIM DE GOIÁS,Cerrado
 1638566286 ,806535c7-5edd-3f74-80cc-f11b5a6e04ef,  -16.631090 ,  -50.893670 ,2023-07-17 17:32:00,Brasil,GOIÁS,IVOLÂNDIA,Cerrado
 1638566292 ,e703d593-1758-3b23-adec-fd762bc0aff5,  -16.636670 ,  -50.897550 ,2023-07-17 17:32:00,Brasil,GOIÁS,IVOLÂNDIA,Cerrado
 1638566296 ,b88196b7-cb19-3960-b1f7-cd01c78aa63b,  -16.727300 ,  -51.049940 ,2023-07-17 17:32:00,Brasil,GOIÁS,AMORINÓPOLIS,Cerrado
 1638566299 ,80343466-7388-3676-8c5b-77c2f8dc710e,  -16.728860 ,  -51.060140 ,2023-07-17 17:32:00,Brasil,GOIÁS,AMORINÓPOLIS,Cerrado
 1638566303 ,0c7f9ccb-9f99-300f-87ca-14bbbf07ac25,  -16.811920 ,  -51.305750 ,2023-07-17 17:32:00,Brasil,GOIÁS,CAIAPÔNIA,Cerrado
 1638566311 ,dc52d03f-f75c-3994-a6df-6e28ce6b4f61,  -17.545340 ,  -52.836940 ,2023-07-17 17:32:00,Brasil,GOIÁS,MINEIROS,Cerrado
 1638566314 ,842544cc-2f1f-3efb-aa69-22eca304772a,  -18.479180 ,  -51.668110 ,2023-07-17 17:32:00,Brasil,GOIÁS,SERRANÓPOLIS,Cerrado
 1638771674 ,99d4eeb3-60d9-363d-8394-a46d9ad49f88,  -13.659460 ,  -47.438380 ,2023-07-18 16:37:00,Brasil,GOIÁS,CAVALCANTE,Cerrado
 1638771692 ,f1010a8c-3518-379e-b6bc-891a49d5f680,  -15.148010 ,  -49.633190 ,2023-07-18 16:37:00,Brasil,GOIÁS,IPIRANGA DE GOIÁS,Cerrado
 1638771700 ,a1cd06fd-551b-3306-9e1e-0ff64ea120df,  -15.149030 ,  -49.629490 ,2023-07-18 16:37:00,Brasil,GOIÁS,IPIRANGA DE GOIÁS,Cerrado
 1638771708 ,e6234c65-8010-3c7d-b43a-1924b8f17c09,  -15.161260 ,  -49.591510 ,2023-07-18 16:37:00,Brasil,GOIÁS,NOVA GLÓRIA,Cerrado
 1638771715 ,ccbe2db9-04f4-3eaa-a74f-06da075e6aa6,  -15.162540 ,  -49.587720 ,2023-07-18 16:37:00,Brasil,GOIÁS,NOVA GLÓRIA,Cerrado
 1638772465 ,7e3aa78e-7e98-3bfc-8021-3a9bf08cc9a3,  -13.504150 ,  -46.916030 ,2023-07-18 16:37:00,Brasil,GOIÁS,MONTE ALEGRE DE GOIÁS,Cerrado
 1638772469 ,82b896b8-4b6e-3e45-b228-369f7b0739dc,  -13.510340 ,  -46.908290 ,2023-07-18 16:37:00,Brasil,GOIÁS,MONTE ALEGRE DE GOIÁS,Cerrado
 1638966275 ,ed316b28-3988-3b85-9dce-49bb4d69b5ef,  -14.287400 ,  -50.465150 ,2023-07-19 17:20:00,Brasil,GOIÁS,NOVA CRIXÁS,Cerrado
 1638966276 ,5277fef0-2a74-3318-850e-909dabe0278b,  -14.298660 ,  -49.143970 ,2023-07-19 17:20:00,Brasil,GOIÁS,CAMPINORTE,Cerrado
 1638966279 ,ffb5a7b7-5851-3835-a250-8286dc96d40a,  -14.381290 ,  -47.190760 ,2023-07-19 17:20:00,Brasil,GOIÁS,SÃO JOÃO D'ALIANÇA,Cerrado
 1638966280 ,17a26115-66b4-32e3-9ef5-2a5549b2de78,  -14.382980 ,  -47.201640 ,2023-07-19 17:20:00,Brasil,GOIÁS,SÃO JOÃO D'ALIANÇA,Cerrado
 1638966282 ,bd9ee455-a5b6-39ad-8ef1-3171a6b38280,  -14.420780 ,  -49.665710 ,2023-07-19 17:20:00,Brasil,GOIÁS,SANTA TEREZINHA DE GOIÁS,Cerrado
 1638966287 ,baf1b94c-fbb7-3428-847f-5698a357e8d7,  -14.506840 ,  -47.219600 ,2023-07-19 17:20:00,Brasil,GOIÁS,SÃO JOÃO D'ALIANÇA,Cerrado
 1638966288 ,2d05becd-ab4a-307b-b30e-46479719213d,  -14.508490 ,  -47.230380 ,2023-07-19 17:20:00,Brasil,GOIÁS,SÃO JOÃO D'ALIANÇA,Cerrado
 1638966290 ,95203954-798d-3ed5-a1ea-513b14c3d05a,  -14.511440 ,  -47.223210 ,2023-07-19 17:20:00,Brasil,GOIÁS,SÃO JOÃO D'ALIANÇA,Cerrado
 1638966293 ,67290278-5157-3eed-b208-95203e8b984b,  -14.636500 ,  -46.723340 ,2023-07-19 17:20:00,Brasil,GOIÁS,FLORES DE GOIÁS,Cerrado
 1638966309 ,0bd9614a-0730-3aae-b7a9-08f7066dc80b,  -14.899270 ,  -48.104180 ,2023-07-19 17:20:00,Brasil,GOIÁS,MIMOSO DE GOIÁS,Cerrado
 1638966310 ,b35b6d56-65df-309f-9ead-91874fbe82f3,  -14.900730 ,  -48.113870 ,2023-07-19 17:20:00,Brasil,GOIÁS,MIMOSO DE GOIÁS,Cerrado
 1638966312 ,57481403-a44d-353f-af25-96858749dc93,  -15.024950 ,  -49.581780 ,2023-07-19 17:20:00,Brasil,GOIÁS,NOVA GLÓRIA,Cerrado
 1638966315 ,86b9681e-d741-3dae-9be8-92147f15757b,  -15.087820 ,  -47.779640 ,2023-07-19 17:20:00,Brasil,GOIÁS,PLANALTINA,Cerrado
 1638966316 ,ddf99737-7f9f-3c80-8752-9d9c4c4e2f6f,  -15.202120 ,  -49.786390 ,2023-07-19 17:20:00,Brasil,GOIÁS,RUBIATABA,Cerrado
 1638966317 ,9bc7e4a8-9b59-3082-b67c-86da4663f886,  -15.203440 ,  -49.795590 ,2023-07-19 17:20:00,Brasil,GOIÁS,RUBIATABA,Cerrado
 1638966318 ,daa6d1cb-486e-3887-bf9e-06c42a94357c,  -15.374200 ,  -47.589500 ,2023-07-19 17:20:00,Brasil,GOIÁS,PLANALTINA,Cerrado
 1638966319 ,03de344a-8a9b-36f2-988b-28e9f64539ed,  -15.377420 ,  -47.392310 ,2023-07-19 17:20:00,Brasil,GOIÁS,FORMOSA,Cerrado
 1638966635 ,32375d14-d9cd-33b0-a2b2-1626abe403d8,  -13.060800 ,  -46.809680 ,2023-07-19 17:20:00,Brasil,GOIÁS,CAMPOS BELOS,Cerrado
 1638966651 ,0a3e9516-f57e-3453-ae4b-34122322bf38,  -13.423420 ,  -47.152420 ,2023-07-19 17:20:00,Brasil,GOIÁS,TERESINA DE GOIÁS,Cerrado
 1638966654 ,7788959d-b160-35bf-ab5a-724a961dfa36,  -13.472520 ,  -46.884090 ,2023-07-19 17:20:00,Brasil,GOIÁS,MONTE ALEGRE DE GOIÁS,Cerrado
 1638966657 ,7fe00ef1-7a3f-3767-94f7-ecbf5b179a84,  -13.507730 ,  -46.913190 ,2023-07-19 17:20:00,Brasil,GOIÁS,MONTE ALEGRE DE GOIÁS,Cerrado
 1638966661 ,3ebf4568-0090-3277-8021-b9200f43cc88,  -13.593540 ,  -46.736350 ,2023-07-19 17:20:00,Brasil,GOIÁS,SÃO DOMINGOS,Cerrado
 1638966662 ,86a5ee5c-fe9b-3246-98ae-25b8d6380f3d,  -13.601470 ,  -46.729550 ,2023-07-19 17:20:00,Brasil,GOIÁS,SÃO DOMINGOS,Cerrado
 1638966665 ,bfe61e01-b5de-3525-b495-611261774443,  -13.603350 ,  -46.741200 ,2023-07-19 17:20:00,Brasil,GOIÁS,SÃO DOMINGOS,Cerrado
 1638966667 ,9e047800-c005-3e87-a311-2dc9e352e08d,  -13.603580 ,  -46.734650 ,2023-07-19 17:20:00,Brasil,GOIÁS,SÃO DOMINGOS,Cerrado
 1638966670 ,d9b43b1f-0273-3966-af96-012aa013c8bd,  -14.044560 ,  -47.461040 ,2023-07-19 17:20:00,Brasil,GOIÁS,ALTO PARAÍSO DE GOIÁS,Cerrado
 1638966671 ,67c23362-b645-3ca3-b41d-81b7008f4ab9,  -14.046170 ,  -47.471420 ,2023-07-19 17:20:00,Brasil,GOIÁS,ALTO PARAÍSO DE GOIÁS,Cerrado
 1638966673 ,3b844914-6739-377a-8d55-a3d17bfd62e9,  -14.278880 ,  -48.146470 ,2023-07-19 17:20:00,Brasil,GOIÁS,NIQUELÂNDIA,Cerrado
 1638966675 ,b5abf327-56de-3042-9865-16dd296a6efb,  -14.280360 ,  -48.156280 ,2023-07-19 17:20:00,Brasil,GOIÁS,NIQUELÂNDIA,Cerrado
 1638966676 ,ce2e2f65-837f-3537-9e22-8a38ca82a5bf,  -14.285360 ,  -48.138840 ,2023-07-19 17:20:00,Brasil,GOIÁS,NIQUELÂNDIA,Cerrado
 1638966678 ,f3651f7c-42a0-30cf-ad4c-0f8c44b91f74,  -14.286880 ,  -48.148690 ,2023-07-19 17:20:00,Brasil,GOIÁS,NIQUELÂNDIA,Cerrado
 1639152445 ,39479435-9ce4-3e1f-9333-dfd6754a684d,  -16.870910 ,  -50.341940 ,2023-07-20 18:00:00,Brasil,GOIÁS,SÃO JOÃO DA PARAÚNA,Cerrado
 1639152446 ,c0b2f917-5902-349a-a1ed-40280864067c,  -16.877270 ,  -50.375150 ,2023-07-20 18:00:00,Brasil,GOIÁS,SÃO JOÃO DA PARAÚNA,Cerrado
 1639152447 ,eab764e6-c287-33b0-b20f-017df56c94ff,  -16.880490 ,  -50.331810 ,2023-07-20 18:00:00,Brasil,GOIÁS,SÃO JOÃO DA PARAÚNA,Cerrado
 1639152448 ,f7e9ff78-f784-382d-992a-5cea1226672b,  -16.887060 ,  -50.365020 ,2023-07-20 18:00:00,Brasil,GOIÁS,SÃO JOÃO DA PARAÚNA,Cerrado
 1639152449 ,8b358fc8-4a16-3676-abfc-dda9ad334740,  -17.383430 ,  -50.079980 ,2023-07-20 17:58:00,Brasil,GOIÁS,INDIARA,Cerrado
 1639152450 ,e1f11774-8117-3d13-9a2b-c99945b22d0a,  -17.383760 ,  -50.052640 ,2023-07-20 17:58:00,Brasil,GOIÁS,EDÉIA,Cerrado
 1639152452 ,0e599eef-e921-3c74-b2f2-b027522457fa,  -17.376720 ,  -50.046390 ,2023-07-20 17:58:00,Brasil,GOIÁS,EDÉIA,Cerrado
 1639221434 ,81cf6863-cdd4-380d-9cbf-0c135f0604b2,  -16.211470 ,  -51.260270 ,2023-07-21 17:05:00,Brasil,GOIÁS,DIORAMA,Cerrado
 1639221435 ,7620137f-8ce2-3daa-bff3-b13f76088313,  -16.213530 ,  -51.277570 ,2023-07-21 17:05:00,Brasil,GOIÁS,DIORAMA,Cerrado
 1639221585 ,c7c2ae36-4cb7-369a-8160-812f7ed724dc,  -18.839590 ,  -50.713330 ,2023-07-21 17:05:00,Brasil,GOIÁS,PARANAIGUARA,Mata Atlântica
 1639221586 ,b5a784fd-bef3-3145-a301-1da08156ce58,  -18.845670 ,  -50.707650 ,2023-07-21 17:05:00,Brasil,GOIÁS,PARANAIGUARA,Mata Atlântica
 1639221588 ,f2977938-606f-362b-b656-e0e6439f19c0,  -15.475520 ,  -49.494520 ,2023-07-21 17:05:00,Brasil,GOIÁS,RIANÁPOLIS,Cerrado
 1639221589 ,0d5102ed-e555-3142-883c-8ccc6996c6b8,  -15.485770 ,  -49.493060 ,2023-07-21 17:05:00,Brasil,GOIÁS,RIANÁPOLIS,Cerrado
 1639221793 ,e3ec4d0b-e851-3d70-a565-7a071f9dcfc5,  -18.231250 ,  -48.449290 ,2023-07-21 17:05:00,Brasil,GOIÁS,CORUMBAÍBA,Mata Atlântica
 1639221805 ,957023c9-c7b4-382c-97de-df7e32ec76be,  -13.043690 ,  -46.835610 ,2023-07-21 17:05:00,Brasil,GOIÁS,CAMPOS BELOS,Cerrado
 1639221810 ,7ec17757-c2f8-316b-a864-7e615e83c7fa,  -13.143860 ,  -46.888390 ,2023-07-21 17:05:00,Brasil,GOIÁS,MONTE ALEGRE DE GOIÁS,Cerrado
 1639221811 ,82eeaf28-fe65-3ea2-8325-9cb8242d56d0,  -13.152800 ,  -46.887010 ,2023-07-21 17:05:00,Brasil,GOIÁS,MONTE ALEGRE DE GOIÁS,Cerrado
 1639221812 ,bd6c2f9a-61a9-3de8-934c-1e05a761a846,  -13.154120 ,  -46.896270 ,2023-07-21 17:05:00,Brasil,GOIÁS,MONTE ALEGRE DE GOIÁS,Cerrado
 1639221813 ,f19d6376-79a5-33d4-97ea-dee7d5a71494,  -13.161740 ,  -46.885670 ,2023-07-21 17:05:00,Brasil,GOIÁS,MONTE ALEGRE DE GOIÁS,Cerrado
 1639221814 ,e571923f-7e66-3c91-9d36-6f5b09632138,  -13.163060 ,  -46.894910 ,2023-07-21 17:05:00,Brasil,GOIÁS,MONTE ALEGRE DE GOIÁS,Cerrado
 1639221815 ,5efac9ed-8f5f-3336-9d39-7c1490ff97c7,  -13.516470 ,  -46.920360 ,2023-07-21 17:05:00,Brasil,GOIÁS,MONTE ALEGRE DE GOIÁS,Cerrado
 1639221816 ,26ba4cbd-16c5-3496-b298-e937d0fe9820,  -13.517580 ,  -46.863820 ,2023-07-21 17:05:00,Brasil,GOIÁS,MONTE ALEGRE DE GOIÁS,Cerrado
 1639221817 ,9e3bab9b-cf39-33fe-887f-7c9e6e10177c,  -13.518890 ,  -46.873030 ,2023-07-21 17:05:00,Brasil,GOIÁS,MONTE ALEGRE DE GOIÁS,Cerrado
 1639221818 ,be045b25-5548-3d37-9cc1-98ef70b6d513,  -13.526540 ,  -46.862510 ,2023-07-21 17:05:00,Brasil,GOIÁS,MONTE ALEGRE DE GOIÁS,Cerrado
 1639221819 ,96153fb0-31eb-3623-9260-019c00ffd4e6,  -13.527850 ,  -46.871670 ,2023-07-21 17:05:00,Brasil,GOIÁS,MONTE ALEGRE DE GOIÁS,Cerrado
 1639221820 ,b8d618dd-72fd-3dc1-8b1e-dd790ecfb983,  -13.536800 ,  -46.870300 ,2023-07-21 17:05:00,Brasil,GOIÁS,MONTE ALEGRE DE GOIÁS,Cerrado
 1639221821 ,e1675f9a-dc10-38c1-9b6b-eac471341a2a,  -13.544450 ,  -46.859820 ,2023-07-21 17:05:00,Brasil,GOIÁS,MONTE ALEGRE DE GOIÁS,Cerrado
 1639221823 ,109edfff-2b11-3a27-ba39-c3ed32a43bb0,  -13.581590 ,  -46.863590 ,2023-07-21 17:05:00,Brasil,GOIÁS,MONTE ALEGRE DE GOIÁS,Cerrado
 1639221825 ,3c1cc236-492c-3032-b354-191ef1d43055,  -13.582910 ,  -46.872780 ,2023-07-21 17:05:00,Brasil,GOIÁS,MONTE ALEGRE DE GOIÁS,Cerrado
 1639222229 ,3ef000d4-68f4-3fb0-b05f-fa4b4d497047,  -18.548380 ,  -50.096660 ,2023-07-21 17:05:00,Brasil,GOIÁS,GOUVELÂNDIA,Mata Atlântica
 1639222230 ,1b8bdefc-c9f2-3b67-91fe-a5b065dcf64a,  -18.559590 ,  -50.095180 ,2023-07-21 17:05:00,Brasil,GOIÁS,GOUVELÂNDIA,Mata Atlântica
 1639222231 ,c401dd2a-9e62-307a-824f-594102e3d80c,  -14.831900 ,  -49.091050 ,2023-07-21 17:05:00,Brasil,GOIÁS,SANTA RITA DO NOVO DESTINO,Cerrado
 1639222232 ,722a55f3-9e7f-39e9-bd48-1fe6803169ea,  -14.833380 ,  -49.102360 ,2023-07-21 17:05:00,Brasil,GOIÁS,SANTA RITA DO NOVO DESTINO,Cerrado
 1639222254 ,9fe12604-8fe5-38a3-a8bb-16b4e5d178d5,  -16.746090 ,  -49.320830 ,2023-07-21 17:05:00,Brasil,GOIÁS,GOIÂNIA,Cerrado
 1639222255 ,43c60ae8-f40b-346a-a9b6-4d82a50aa503,  -16.279440 ,  -47.737770 ,2023-07-21 17:05:00,Brasil,GOIÁS,LUZIÂNIA,Cerrado
 1639222256 ,1dce92ab-4245-394b-bd17-6d702bee5252,  -16.280850 ,  -47.748000 ,2023-07-21 17:05:00,Brasil,GOIÁS,LUZIÂNIA,Cerrado
 1639222302 ,8a24d8df-6117-3d01-89e1-56e57b29c49c,  -15.543920 ,  -51.379890 ,2023-07-21 17:05:00,Brasil,GOIÁS,JUSSARA,Cerrado
 1639222313 ,116317d9-474f-39d9-a688-afe455b1a29e,  -13.591030 ,  -46.865870 ,2023-07-21 17:05:00,Brasil,GOIÁS,MONTE ALEGRE DE GOIÁS,Cerrado
 1639222362 ,12795b7f-8588-3c4e-b4a7-acf939e41823,  -16.615430 ,  -49.592660 ,2023-07-21 17:05:00,Brasil,GOIÁS,TRINDADE,Cerrado
 1639222363 ,41656ad2-5a45-3cba-9de4-828f9722f399,  -16.618480 ,  -49.585540 ,2023-07-21 17:05:00,Brasil,GOIÁS,TRINDADE,Cerrado
 1639222364 ,5dd0ae73-f02a-3068-9391-102462bbf3c5,  -15.705760 ,  -49.306980 ,2023-07-21 17:05:00,Brasil,GOIÁS,JARAGUÁ,Cerrado
 1639222365 ,34578a3f-4e4a-3ab0-9114-dee6a459309b,  -14.239830 ,  -48.849110 ,2023-07-21 17:05:00,Brasil,GOIÁS,NIQUELÂNDIA,Cerrado
 1639222366 ,33d6c50a-e360-3cac-af55-8a6706b8307c,  -14.249500 ,  -48.847640 ,2023-07-21 17:05:00,Brasil,GOIÁS,NIQUELÂNDIA,Cerrado
 1639222372 ,eca9c1ad-51f7-38a9-a3af-f9fccc1a1fac,  -14.656700 ,  -48.241380 ,2023-07-21 17:05:00,Brasil,GOIÁS,NIQUELÂNDIA,Cerrado
 1639442283 ,aa79d9cf-41a9-3d26-8b63-8c9900d4859f,  -17.871000 ,  -51.209770 ,2023-07-22 17:45:00,Brasil,GOIÁS,RIO VERDE,Cerrado
 1639442288 ,a080d28d-8017-3cb1-bda8-57ec3a6ac72f,  -17.873510 ,  -51.224430 ,2023-07-22 17:45:00,Brasil,GOIÁS,RIO VERDE,Cerrado
 1639442321 ,b4f9ebf4-9c75-330b-809e-3f55e036c26c,  -16.212090 ,  -52.389250 ,2023-07-22 17:45:00,Brasil,GOIÁS,BALIZA,Cerrado
 1639442323 ,7d4ec169-c8f6-39d3-83b4-540546fef74f,  -16.214240 ,  -52.402220 ,2023-07-22 17:45:00,Brasil,GOIÁS,BALIZA,Cerrado
 1639620036 ,bfb2c62e-a7af-3d7f-bd05-ea2724af75bb,  -16.989360 ,  -49.930010 ,2023-07-23 16:50:00,Brasil,GOIÁS,INDIARA,Cerrado
 1639620038 ,c86cd082-699d-33d4-848a-2950f94294fc,  -17.003710 ,  -49.928440 ,2023-07-23 16:50:00,Brasil,GOIÁS,INDIARA,Cerrado
 1639620043 ,b2c315c9-e3a5-39a5-a987-229cd7201c73,  -17.951050 ,  -50.317510 ,2023-07-23 16:50:00,Brasil,GOIÁS,TURVELÂNDIA,Cerrado
 1639620047 ,cbf2481b-475d-38b1-8bf0-af725ab371d9,  -13.624840 ,  -49.234900 ,2023-07-23 16:50:00,Brasil,GOIÁS,MUTUNÓPOLIS,Cerrado
 1639620142 ,50b735a3-18d1-3683-97ec-73dd2490067f,  -14.655340 ,  -48.256070 ,2023-07-23 16:50:00,Brasil,GOIÁS,NIQUELÂNDIA,Cerrado
 1639620145 ,c7fd2557-235f-39b1-b1aa-d875be3219f5,  -14.662720 ,  -48.261960 ,2023-07-23 16:50:00,Brasil,GOIÁS,NIQUELÂNDIA,Cerrado
 1639620149 ,1a13df9b-19b9-3ad4-824c-51eb044d08e8,  -13.192190 ,  -46.887340 ,2023-07-23 16:50:00,Brasil,GOIÁS,MONTE ALEGRE DE GOIÁS,Cerrado
 1639620150 ,f0995174-aaa3-3863-a6a1-119d5ce09b55,  -13.194080 ,  -46.901530 ,2023-07-23 16:50:00,Brasil,GOIÁS,MONTE ALEGRE DE GOIÁS,Cerrado
 1639877802 ,a582629b-b4b6-3bbd-9b39-e0ad53e29af0,  -18.855150 ,  -51.002250 ,2023-07-24 17:30:00,Brasil,GOIÁS,CAÇU,Cerrado
 1639877829 ,ba4ef3c1-2fe4-3f2c-91d9-30649f87382e,  -12.782200 ,  -50.324080 ,2023-07-24 17:32:00,Brasil,GOIÁS,SÃO MIGUEL DO ARAGUAIA,Cerrado
 1639877833 ,e3f3349a-3ba9-3cde-8a40-52ed78e78227,  -13.519110 ,  -46.858470 ,2023-07-24 17:32:00,Brasil,GOIÁS,MONTE ALEGRE DE GOIÁS,Cerrado
 1639877834 ,074f5357-f3e4-3df3-851e-40ac746603d5,  -13.586330 ,  -47.905990 ,2023-07-24 17:32:00,Brasil,GOIÁS,CAVALCANTE,Cerrado
 1639877838 ,c0e29d13-d9b5-366d-9055-59fd4121c5dd,  -15.731010 ,  -51.123720 ,2023-07-24 17:32:00,Brasil,GOIÁS,SANTA FÉ DE GOIÁS,Cerrado
 1639877840 ,e201e944-31ef-3317-93de-e9a9f73e94c0,  -15.950580 ,  -48.328440 ,2023-07-24 17:32:00,Brasil,GOIÁS,SANTO ANTÔNIO DO DESCOBERTO,Cerrado
 1639877841 ,2492f0c9-d8db-3e14-9ac5-9f13b1cf76df,  -16.268110 ,  -52.062660 ,2023-07-24 17:32:00,Brasil,GOIÁS,BOM JARDIM DE GOIÁS,Cerrado
 1639877844 ,28d36ca8-4835-3062-8054-e7bceff87d66,  -16.269490 ,  -52.072010 ,2023-07-24 17:32:00,Brasil,GOIÁS,BOM JARDIM DE GOIÁS,Cerrado
 1639878779 ,0aeb1f5f-7393-3ee2-93da-81be86b56780,  -17.046500 ,  -50.209130 ,2023-07-24 17:32:00,Brasil,GOIÁS,JANDAIA,Cerrado
 1639878780 ,ac5f29ca-8a0e-3b7d-892e-709fca26fcd6,  -17.958440 ,  -48.475200 ,2023-07-24 17:30:00,Brasil,GOIÁS,CORUMBAÍBA,Cerrado
 1639878786 ,01d8cb34-2ed2-3af1-806b-be8bc0818c2f,  -18.789600 ,  -51.362510 ,2023-07-24 17:30:00,Brasil,GOIÁS,ITARUMÃ,Cerrado
 1640405054 ,4d8c8c4b-72b2-33ce-acf1-1813a3b9c63f,  -15.981670 ,  -47.254460 ,2023-07-28 17:02:00,Brasil,GOIÁS,FORMOSA,Cerrado
 1640405055 ,7c807d2f-0cec-3fe9-b911-324c7c391625,  -14.980950 ,  -50.172810 ,2023-07-28 17:05:00,Brasil,GOIÁS,CRIXÁS,Cerrado
 1640405056 ,abc14263-c2af-3c25-8aa5-d58102b6a588,  -14.980100 ,  -50.178210 ,2023-07-28 17:05:00,Brasil,GOIÁS,CRIXÁS,Cerrado
 1640405057 ,ea07c452-c7c9-35ac-ad7d-c50b33ba0c7a,  -14.409680 ,  -47.235770 ,2023-07-28 17:05:00,Brasil,GOIÁS,SÃO JOÃO D'ALIANÇA,Cerrado
 1640473637 ,14689724-ad21-3ec2-a404-52d5f437c002,  -15.524420 ,  -48.552250 ,2023-07-29 17:43:00,Brasil,GOIÁS,PADRE BERNARDO,Cerrado
 1640473638 ,3cd10112-04c2-3424-a632-2cb20e3157c9,  -15.429560 ,  -48.421710 ,2023-07-29 17:43:00,Brasil,GOIÁS,PADRE BERNARDO,Cerrado
 1640473639 ,0a3174f0-481d-3f49-9f36-c5ef8aec302e,  -15.227090 ,  -48.243670 ,2023-07-29 17:43:00,Brasil,GOIÁS,PADRE BERNARDO,Cerrado
 1640473640 ,ce7efbfc-443c-3466-9d45-a42e8508fc17,  -15.212960 ,  -48.246240 ,2023-07-29 17:43:00,Brasil,GOIÁS,PADRE BERNARDO,Cerrado
 1640473700 ,17b0277c-a8cf-37d2-92d4-5755e39837c1,  -16.470230 ,  -51.789730 ,2023-07-29 17:43:00,Brasil,GOIÁS,PIRANHAS,Cerrado
 1640657612 ,3dd0a373-ddab-32af-89d0-97cd212c210c,  -14.285780 ,  -47.246500 ,2023-07-30 16:50:00,Brasil,GOIÁS,SÃO JOÃO D'ALIANÇA,Cerrado
 1640658103 ,d028c01a-5ec7-30cb-8bfa-6d6dd06c83da,  -16.277290 ,  -48.107680 ,2023-07-30 16:50:00,Brasil,GOIÁS,LUZIÂNIA,Cerrado
 1640658104 ,62dcd0c4-2632-3176-91c3-115e11324d2e,  -16.275080 ,  -48.092990 ,2023-07-30 16:50:00,Brasil,GOIÁS,LUZIÂNIA,Cerrado
 1640658108 ,d5fb71df-2c7d-3900-8944-3147062efa7f,  -16.191570 ,  -47.926190 ,2023-07-30 16:50:00,Brasil,GOIÁS,LUZIÂNIA,Cerrado
 1640658109 ,89927b12-19c6-314c-b2bc-2886aad14f28,  -16.189400 ,  -47.907470 ,2023-07-30 16:50:00,Brasil,GOIÁS,LUZIÂNIA,Cerrado
 1640658110 ,6fa13d15-a255-33db-af67-4e1bf27bce96,  -16.186450 ,  -48.012220 ,2023-07-30 16:50:00,Brasil,GOIÁS,LUZIÂNIA,Cerrado
 1640658111 ,4cc0e0b8-9846-35c7-bd40-a1eb92021fad,  -16.184040 ,  -47.992540 ,2023-07-30 16:50:00,Brasil,GOIÁS,LUZIÂNIA,Cerrado
 1640828712 ,69b8c388-c503-3b77-a725-9a10c5768f2c,  -18.958960 ,  -50.624240 ,2023-07-31 17:28:00,Brasil,GOIÁS,SÃO SIMÃO,Mata Atlântica
 1640828716 ,7cdc87e0-68be-37f2-a142-a8f9300aaa8f,  -18.117460 ,  -52.043510 ,2023-07-31 17:28:00,Brasil,GOIÁS,SERRANÓPOLIS,Cerrado
 1640828720 ,6d5c54b9-27bd-32b1-8b95-2cb65838c3ee,  -17.505640 ,  -48.117580 ,2023-07-31 17:28:00,Brasil,GOIÁS,URUTAÍ,Cerrado
 1640828721 ,cacfe806-3607-3ba7-bb07-10286aa5682e,  -17.495290 ,  -48.119600 ,2023-07-31 17:28:00,Brasil,GOIÁS,URUTAÍ,Cerrado
 1640828722 ,750a995f-b21b-3602-a1d7-cc92f3538282,  -16.933560 ,  -51.687040 ,2023-07-31 17:30:00,Brasil,GOIÁS,CAIAPÔNIA,Cerrado
 1640828723 ,eba77d8e-9dee-34e9-9a69-b372372d2a8b,  -16.791500 ,  -50.857560 ,2023-07-31 17:30:00,Brasil,GOIÁS,PARAÚNA,Cerrado
 1640828725 ,d8f51418-40f3-3914-9c0e-00cc61c5273e,  -15.436420 ,  -47.102660 ,2023-07-31 17:30:00,Brasil,GOIÁS,FORMOSA,Cerrado
 1640828726 ,f1435d01-a099-3187-a148-b5fc72373708,  -15.434150 ,  -47.114360 ,2023-07-31 17:30:00,Brasil,GOIÁS,FORMOSA,Cerrado
 1640828727 ,b0f4b44d-fe7d-38fb-8258-046a352dfd56,  -15.431300 ,  -47.097950 ,2023-07-31 17:30:00,Brasil,GOIÁS,FORMOSA,Cerrado
 1640828728 ,43af4bb7-fcb9-3dbf-9376-b180b1f6c7ec,  -15.424820 ,  -47.104730 ,2023-07-31 17:30:00,Brasil,GOIÁS,FORMOSA,Cerrado
 1640828729 ,1f788c93-6075-3606-b17a-f4f38d614eef,  -14.906350 ,  -48.353490 ,2023-07-31 17:30:00,Brasil,GOIÁS,NIQUELÂNDIA,Cerrado
 1641121584 ,59d63421-dbd1-3513-ad69-8bf77cb310ef,  -17.009950 ,  -53.022110 ,2023-07-27 17:58:00,Brasil,GOIÁS,SANTA RITA DO ARAGUAIA,Cerrado
 1653902807 ,e4c86310-dfc2-3d09-85fb-0b2b41919d64,  -13.437660 ,  -48.031440 ,2023-10-01 16:33:00,Brasil,GOIÁS,CAVALCANTE,Cerrado
 1653902808 ,ee4e36e6-0de7-3363-b8ae-13fe3ecd07fe,  -13.437070 ,  -48.027200 ,2023-10-01 16:33:00,Brasil,GOIÁS,CAVALCANTE,Cerrado
 1653902809 ,a02ea8c7-76e3-39ac-bad6-15c7c5b8e57e,  -13.432900 ,  -47.987090 ,2023-10-01 16:33:00,Brasil,GOIÁS,CAVALCANTE,Cerrado
 1653902810 ,d2fc7854-8794-3bbd-88a9-30bb522afc06,  -13.432580 ,  -47.982520 ,2023-10-01 16:33:00,Brasil,GOIÁS,CAVALCANTE,Cerrado
 1653902811 ,83a67523-b142-3266-bee2-c10eb0638863,  -13.409580 ,  -47.454780 ,2023-10-01 16:33:00,Brasil,GOIÁS,CAVALCANTE,Cerrado
 1653902812 ,4640f4e7-8a3f-3ac8-b195-51d878bca3af,  -13.395910 ,  -47.453070 ,2023-10-01 16:33:00,Brasil,GOIÁS,CAVALCANTE,Cerrado
 1654102048 ,e99ca5d2-44fb-3c8e-867a-6f5a12f1c1d8,  -13.617110 ,  -48.290620 ,2023-10-02 17:13:00,Brasil,GOIÁS,MINAÇU,Cerrado
 1654102049 ,29af1913-b2a5-356b-9d47-068299614aa6,  -13.615810 ,  -48.281460 ,2023-10-02 17:13:00,Brasil,GOIÁS,MINAÇU,Cerrado
 1654102186 ,5c9532e0-1785-39ad-b9a9-dfd74f42febf,  -14.270140 ,  -50.011780 ,2023-10-02 17:13:00,Brasil,GOIÁS,UIRAPURU,Cerrado
 1654103081 ,3c6e5766-a6a9-368d-a63b-ac849821b340,  -13.268980 ,  -46.479850 ,2023-10-02 17:13:00,Brasil,GOIÁS,DIVINÓPOLIS DE GOIÁS,Cerrado
 1654103258 ,ed9e6164-b88e-3c8e-892f-f5a9d92a9c2b,  -14.275580 ,  -48.194430 ,2023-10-02 17:13:00,Brasil,GOIÁS,NIQUELÂNDIA,Cerrado
 1654103250 ,d1557ab8-2afc-3c34-a440-446ac3e98ec8,  -13.309820 ,  -47.627040 ,2023-10-02 17:13:00,Brasil,GOIÁS,CAVALCANTE,Cerrado
 1654103251 ,ce874b23-455d-32d6-9ce7-57b7cb8045bb,  -13.260390 ,  -46.979760 ,2023-10-02 17:13:00,Brasil,GOIÁS,MONTE ALEGRE DE GOIÁS,Cerrado
 1654103259 ,7c63f968-fb82-3d94-962e-462ece8ede28,  -14.266620 ,  -48.195790 ,2023-10-02 17:13:00,Brasil,GOIÁS,NIQUELÂNDIA,Cerrado
 1654103260 ,fbe9a3d0-5614-34cc-abe8-57a3ecf0e67c,  -14.225390 ,  -48.170790 ,2023-10-02 17:13:00,Brasil,GOIÁS,NIQUELÂNDIA,Cerrado
 1654103261 ,eabd1801-420f-3c3f-b9b7-33edb8fe96e2,  -14.144080 ,  -47.985850 ,2023-10-02 17:13:00,Brasil,GOIÁS,COLINAS DO SUL,Cerrado
 1654103262 ,8022eff0-4a75-34c4-b1d6-fbc988a9cf62,  -13.748050 ,  -47.603910 ,2023-10-02 17:13:00,Brasil,GOIÁS,CAVALCANTE,Cerrado
 1654103263 ,befea754-7e92-3c15-a308-a0551c565616,  -13.739120 ,  -47.605290 ,2023-10-02 17:13:00,Brasil,GOIÁS,CAVALCANTE,Cerrado
 1654103264 ,d424c6ac-63dd-35a9-a512-3272122c1907,  -13.730820 ,  -48.182230 ,2023-10-02 17:13:00,Brasil,GOIÁS,MINAÇU,Cerrado
 1654103265 ,2f18d2bd-52c5-3d6c-9fb7-662d64f3bd84,  -13.721880 ,  -48.183620 ,2023-10-02 17:13:00,Brasil,GOIÁS,MINAÇU,Cerrado
 1654225083 ,2e3b2ffa-10fa-3a38-a333-bf7c060e09e8,  -17.510000 ,  -52.998380 ,2023-10-03 17:54:00,Brasil,GOIÁS,MINEIROS,Cerrado
 1654406425 ,a21de50d-64ca-3519-a804-67a33885518f,  -13.259600 ,  -47.277740 ,2023-10-04 16:58:00,Brasil,GOIÁS,MONTE ALEGRE DE GOIÁS,Cerrado
 1654406434 ,52b6c821-41ce-3dff-a47e-70e2374e4386,  -14.202660 ,  -47.007450 ,2023-10-04 16:58:00,Brasil,GOIÁS,FLORES DE GOIÁS,Cerrado
 1654406440 ,548204cb-cabb-3f7a-b16d-a8680eca4940,  -13.408150 ,  -48.740720 ,2023-10-04 16:58:00,Brasil,GOIÁS,TROMBAS,Cerrado
 1654406441 ,c0bf4b7d-bbfb-30fa-b110-6e83b2655da4,  -14.042660 ,  -49.533160 ,2023-10-04 16:58:00,Brasil,GOIÁS,MARA ROSA,Cerrado
 1654406442 ,5a7bdb47-98ae-3190-a576-8a7f2e9137c6,  -14.040580 ,  -49.515980 ,2023-10-04 16:58:00,Brasil,GOIÁS,MARA ROSA,Cerrado
 1654406443 ,3d5dfc27-4d4f-3c92-ad00-77235dd8fc86,  -14.035420 ,  -49.521730 ,2023-10-04 16:58:00,Brasil,GOIÁS,MARA ROSA,Cerrado
 1654406445 ,f7f3c427-3191-3cf1-8da1-6de468c97989,  -13.792700 ,  -50.808110 ,2023-10-04 16:58:00,Brasil,GOIÁS,NOVA CRIXÁS,Cerrado
 1654406446 ,4257b257-ee5f-3738-b62b-93007c6a2374,  -13.790140 ,  -50.787010 ,2023-10-04 16:58:00,Brasil,GOIÁS,NOVA CRIXÁS,Cerrado
 1654591762 ,86aba16e-eb79-3d2e-855e-d12e7345c2e5,  -18.520400 ,  -50.057150 ,2023-10-05 17:39:00,Brasil,GOIÁS,GOUVELÂNDIA,Mata Atlântica
 1654591763 ,42545695-44d8-39a6-b317-43c5d2e2acc1,  -18.502350 ,  -50.072910 ,2023-10-05 17:39:00,Brasil,GOIÁS,GOUVELÂNDIA,Mata Atlântica
 1654591764 ,cf62ada8-46bf-3f9e-90eb-4241be899e5d,  -18.501380 ,  -50.067410 ,2023-10-05 17:39:00,Brasil,GOIÁS,GOUVELÂNDIA,Mata Atlântica
 1654591765 ,ec05243b-87c0-39b6-b3ba-a187b4c7c2ee,  -18.500350 ,  -50.060890 ,2023-10-05 17:39:00,Brasil,GOIÁS,GOUVELÂNDIA,Mata Atlântica
 1654591766 ,9aef441b-68b3-394e-9639-d4ab4680be77,  -18.441840 ,  -49.584590 ,2023-10-05 17:39:00,Brasil,GOIÁS,ITUMBIARA,Mata Atlântica
 1654591767 ,daf828f8-43fd-3ded-b5ea-6bf0d5a9c19c,  -18.439690 ,  -49.571750 ,2023-10-05 17:39:00,Brasil,GOIÁS,CACHOEIRA DOURADA,Mata Atlântica
 1654591771 ,1e79a6e8-7888-3bef-bd66-b0923f3f06d4,  -16.863250 ,  -52.716850 ,2023-10-05 17:39:00,Brasil,GOIÁS,DOVERLÂNDIA,Cerrado
 1654591772 ,06ca1e78-705a-39a3-ad5a-5371ff432f4d,  -16.854220 ,  -52.718460 ,2023-10-05 17:39:00,Brasil,GOIÁS,DOVERLÂNDIA,Cerrado
 1654591773 ,e18d7351-5df0-38d3-9c68-ccf041ce31d2,  -16.861830 ,  -52.707300 ,2023-10-05 17:39:00,Brasil,GOIÁS,DOVERLÂNDIA,Cerrado
 1654591774 ,02e1e4cb-c9c8-3668-a9c0-271fcd445c2e,  -16.852790 ,  -52.708900 ,2023-10-05 17:39:00,Brasil,GOIÁS,DOVERLÂNDIA,Cerrado
 1654629987 ,c2fc2903-3fa1-309a-a6d6-0950e0623b00,  -16.278520 ,  -51.831150 ,2023-10-05 17:39:00,Brasil,GOIÁS,PIRANHAS,Cerrado
 1654629988 ,04d2834f-907b-3c2f-bf08-122b02f682d2,  -15.252600 ,  -50.903400 ,2023-10-05 17:39:00,Brasil,GOIÁS,MATRINCHÃ,Cerrado
 1654629989 ,9eca641d-5bbd-3504-8239-de0377067666,  -15.250700 ,  -50.891640 ,2023-10-05 17:39:00,Brasil,GOIÁS,MATRINCHÃ,Cerrado
 1654629992 ,436d8e38-7a1c-335c-9ae6-b5672a1cefb0,  -13.703270 ,  -48.109960 ,2023-10-05 17:39:00,Brasil,GOIÁS,COLINAS DO SUL,Cerrado
 1654974018 ,df7286b0-f908-3ddd-ab62-abfa6e84eb06,  -18.473800 ,  -52.409420 ,2023-10-07 17:24:00,Brasil,GOIÁS,CHAPADÃO DO CÉU,Cerrado
 1654974019 ,b0fec82e-b1c8-3abe-950c-5768c8dceef1,  -18.303220 ,  -47.764580 ,2023-10-07 17:24:00,Brasil,GOIÁS,TRÊS RANCHOS,Cerrado
 1654982533 ,b7d773a3-4956-30ce-90db-599e54464e53,  -15.616710 ,  -46.983990 ,2023-10-07 17:24:00,Brasil,GOIÁS,FORMOSA,Cerrado
 1654982544 ,ea61e7f4-7b4e-3a20-ac21-a21828755acb,  -13.421960 ,  -47.297230 ,2023-10-07 17:24:00,Brasil,GOIÁS,CAVALCANTE,Cerrado
 1654982549 ,c8aa6069-d55e-3b80-ac8d-2dfcc7e140c9,  -13.633610 ,  -48.448740 ,2023-10-07 17:24:00,Brasil,GOIÁS,MINAÇU,Cerrado
 1654982551 ,29c9c71a-5963-3654-84bd-dfccd7fe338d,  -14.818760 ,  -49.955680 ,2023-10-07 17:24:00,Brasil,GOIÁS,CRIXÁS,Cerrado
 1654982552 ,3ae2abb1-3321-3f9a-8941-cbd8048764f0,  -14.817400 ,  -49.946420 ,2023-10-07 17:24:00,Brasil,GOIÁS,CRIXÁS,Cerrado
 1654982553 ,b2d99782-dc49-3134-b57f-7f45638db747,  -14.809800 ,  -49.957100 ,2023-10-07 17:24:00,Brasil,GOIÁS,CRIXÁS,Cerrado
 1654982554 ,e1dc6941-ae0a-3273-9379-06380753cca5,  -14.808440 ,  -49.947830 ,2023-10-07 17:24:00,Brasil,GOIÁS,CRIXÁS,Cerrado
 1654982555 ,ce6c2a6e-116e-3a58-8e36-c0f939e09f7c,  -16.235490 ,  -49.376180 ,2023-10-07 17:24:00,Brasil,GOIÁS,INHUMAS,Cerrado
 1654982556 ,7a99f35b-2e8c-36fe-83c3-cc80965d5a24,  -15.989200 ,  -49.521220 ,2023-10-07 17:24:00,Brasil,GOIÁS,SANTA ROSA DE GOIÁS,Cerrado
 1654982560 ,46c20949-f06e-3199-bbd2-198b83e4a139,  -13.435500 ,  -50.636430 ,2023-10-07 17:26:00,Brasil,GOIÁS,NOVA CRIXÁS,Cerrado
 1654982567 ,680dfb52-aeee-324b-b6dc-0ee541e2e1b2,  -14.600010 ,  -50.219470 ,2023-10-07 17:24:00,Brasil,GOIÁS,CRIXÁS,Cerrado
 1654982568 ,54994300-ce27-391d-9e3d-3843a90b6f83,  -13.761830 ,  -50.598850 ,2023-10-07 17:24:00,Brasil,GOIÁS,NOVA CRIXÁS,Cerrado
 1654982569 ,b3aa4145-ff68-39c9-9be9-eed1827e12a8,  -15.627870 ,  -50.581070 ,2023-10-07 17:24:00,Brasil,GOIÁS,GOIÁS,Cerrado
 1654982635 ,4ceb9762-9242-34ce-bd1d-fe2009320537,  -17.683980 ,  -52.749020 ,2023-10-07 17:24:00,Brasil,GOIÁS,MINEIROS,Cerrado
 1655336615 ,df43c055-686e-35fc-b4b0-1e9bf4daccec,  -13.658560 ,  -46.810230 ,2023-10-09 17:11:00,Brasil,GOIÁS,NOVA ROMA,Cerrado
 1655336616 ,7e2625f0-77ca-3e4e-961d-43ffc295ad5d,  -13.353400 ,  -47.438030 ,2023-10-09 17:11:00,Brasil,GOIÁS,CAVALCANTE,Cerrado
 1655336617 ,172195f8-301f-33ea-b26e-ccc0e67b23a3,  -13.352080 ,  -47.428870 ,2023-10-09 17:11:00,Brasil,GOIÁS,CAVALCANTE,Cerrado
 1655336623 ,74234c8f-8d55-3a76-be1c-64a1d57c6f5e,  -13.657230 ,  -46.801090 ,2023-10-09 17:11:00,Brasil,GOIÁS,NOVA ROMA,Cerrado
 1655336624 ,40aa1670-4206-3599-ba81-2f45143e1955,  -14.288610 ,  -47.350160 ,2023-10-09 17:09:00,Brasil,GOIÁS,SÃO JOÃO D'ALIANÇA,Cerrado
 1655336625 ,c0bf7c00-93d6-33d3-aa4a-36cc2e85d378,  -16.220120 ,  -48.340690 ,2023-10-09 17:09:00,Brasil,GOIÁS,SANTO ANTÔNIO DO DESCOBERTO,Cerrado
 1655336626 ,2d27d479-8615-366d-b424-dfb1e0fd63bb,  -16.218750 ,  -48.330640 ,2023-10-09 17:09:00,Brasil,GOIÁS,SANTO ANTÔNIO DO DESCOBERTO,Cerrado
 1655336627 ,b16feaf3-2119-3262-9924-bd6b5e16cf94,  -16.210790 ,  -48.342030 ,2023-10-09 17:09:00,Brasil,GOIÁS,SANTO ANTÔNIO DO DESCOBERTO,Cerrado
 1655336628 ,ffea4553-30b5-359f-9f9c-77fc00dd6598,  -16.209430 ,  -48.331970 ,2023-10-09 17:09:00,Brasil,GOIÁS,SANTO ANTÔNIO DO DESCOBERTO,Cerrado
 1655336629 ,de390c7e-f926-301b-ad52-4368e5b08872,  -17.619600 ,  -48.036100 ,2023-10-09 17:09:00,Brasil,GOIÁS,IPAMERI,Cerrado
 1655336630 ,267d4677-2190-3b2a-ae06-8b90bae0a459,  -17.198940 ,  -47.575390 ,2023-10-09 17:09:00,Brasil,GOIÁS,CRISTALINA,Cerrado
 1655336631 ,c6520ef9-9ba5-379a-bd91-8d78571328d7,  -17.189800 ,  -47.576730 ,2023-10-09 17:09:00,Brasil,GOIÁS,CRISTALINA,Cerrado
 1655336708 ,e7529e08-83e7-399d-83b4-ddae30f0a3d3,  -13.703840 ,  -48.480660 ,2023-10-09 17:11:00,Brasil,GOIÁS,CAMPINAÇU,Cerrado
 1655336714 ,7168743e-7403-37fd-8b55-2d354300a708,  -16.411820 ,  -49.012850 ,2023-10-09 17:09:00,Brasil,GOIÁS,TEREZÓPOLIS DE GOIÁS,Cerrado
 1655337086 ,96a9f3bc-1b5e-360e-be99-7b30995cf473,  -16.995340 ,  -52.074690 ,2023-10-09 17:09:00,Brasil,GOIÁS,CAIAPÔNIA,Cerrado
 1655472957 ,8e1396f2-8395-3bea-ac18-47c3982d663c,  -14.611380 ,  -47.055240 ,2023-10-10 17:52:00,Brasil,GOIÁS,FLORES DE GOIÁS,Cerrado
 1655472968 ,c6a7f7c3-8086-34dc-933d-e8625a5ea494,  -15.154500 ,  -49.553630 ,2023-10-10 17:52:00,Brasil,GOIÁS,NOVA GLÓRIA,Cerrado
 1655472988 ,13096c72-7c70-3842-a4fc-0c9394db4e27,  -18.255990 ,  -51.302760 ,2023-10-10 17:52:00,Brasil,GOIÁS,APARECIDA DO RIO DOCE,Cerrado
 1655700613 ,5f1b49eb-a111-3a8c-a885-5daef3ed1369,  -17.553500 ,  -50.449260 ,2023-10-11 16:54:00,Brasil,GOIÁS,ACREÚNA,Cerrado
 1655700614 ,61143f8c-3aab-3af0-b209-545ca8b82dad,  -16.500850 ,  -49.870800 ,2023-10-11 16:54:00,Brasil,GOIÁS,ANICUNS,Cerrado
 1655700615 ,bfebb245-8c10-3c15-9370-465e8fafe890,  -16.497790 ,  -49.887660 ,2023-10-11 16:54:00,Brasil,GOIÁS,ANICUNS,Cerrado
 1655700616 ,1438ca11-1137-3802-ba53-1f2db6f7462d,  -16.495270 ,  -49.864450 ,2023-10-11 16:54:00,Brasil,GOIÁS,ANICUNS,Cerrado
 1655700617 ,9f682cb1-f19a-3a42-95e3-5dfc47e67838,  -15.482440 ,  -47.785050 ,2023-10-11 16:54:00,Brasil,GOIÁS,PLANALTINA,Cerrado
 1655700618 ,b7f054fd-3698-3a0f-aca3-69b54360ed4f,  -15.471060 ,  -47.786140 ,2023-10-11 16:54:00,Brasil,GOIÁS,PLANALTINA,Cerrado
 1655700619 ,e24a91fd-6e0a-3d84-91fb-4c45ab7e6e43,  -15.285310 ,  -47.949690 ,2023-10-11 16:54:00,Brasil,GOIÁS,PLANALTINA,Cerrado
 1655700620 ,413177e5-dc41-3976-85b0-288948d0d390,  -15.257270 ,  -47.627490 ,2023-10-11 16:54:00,Brasil,GOIÁS,PLANALTINA,Cerrado
 1655700621 ,6105cd54-50d3-338d-9635-9e53f76e2785,  -15.146850 ,  -47.931960 ,2023-10-11 16:54:00,Brasil,GOIÁS,PLANALTINA,Cerrado
 1655700622 ,31ba538d-a903-3782-af02-82f79f6654da,  -14.910990 ,  -47.135720 ,2023-10-11 16:54:00,Brasil,GOIÁS,VILA BOA,Cerrado
 1655700623 ,07cf219a-6636-3d5c-9abf-34c34e79692f,  -14.909310 ,  -47.122300 ,2023-10-11 16:54:00,Brasil,GOIÁS,VILA BOA,Cerrado
 1655700624 ,49b88172-4f80-3bc1-8bc8-43e826a575f3,  -14.738080 ,  -48.125530 ,2023-10-11 16:54:00,Brasil,GOIÁS,NIQUELÂNDIA,Cerrado
 1655700625 ,e34821e4-56a2-3a96-b278-dad456f47c02,  -14.735940 ,  -48.108810 ,2023-10-11 16:54:00,Brasil,GOIÁS,NIQUELÂNDIA,Cerrado
 1655700626 ,0f0812f2-3ec4-3096-b32a-de55c906e568,  -14.734880 ,  -48.120980 ,2023-10-11 16:54:00,Brasil,GOIÁS,NIQUELÂNDIA,Cerrado
 1655700627 ,c2c7e1cf-faec-3080-880b-e9e6460917e2,  -13.599510 ,  -48.256280 ,2023-10-11 16:56:00,Brasil,GOIÁS,MINAÇU,Cerrado
 1655700628 ,c66559df-01d6-3c29-b0a2-d5865903bf6b,  -13.597630 ,  -48.241220 ,2023-10-11 16:56:00,Brasil,GOIÁS,MINAÇU,Cerrado
 1655700629 ,944728f9-3ffa-3221-afba-9fad31dcf821,  -13.369900 ,  -48.337640 ,2023-10-11 16:56:00,Brasil,GOIÁS,MINAÇU,Cerrado
 1655700630 ,acc45815-f022-3d15-8427-354b95f6a26e,  -13.360710 ,  -48.543450 ,2023-10-11 16:56:00,Brasil,GOIÁS,MINAÇU,Cerrado
 1655700631 ,8e4a6309-60d0-3cdd-906e-e04dc113c568,  -13.306660 ,  -47.933950 ,2023-10-11 16:56:00,Brasil,GOIÁS,CAVALCANTE,Cerrado
 1655700632 ,9d1a1f74-0d17-341b-8b60-95ac014c5880,  -13.046260 ,  -48.760940 ,2023-10-11 16:56:00,Brasil,GOIÁS,MONTIVIDIU DO NORTE,Cerrado
 1655700678 ,115b8644-e523-31f2-b5ab-5cd9d8d2fb73,  -14.446840 ,  -46.138220 ,2023-10-11 16:56:00,Brasil,GOIÁS,MAMBAÍ,Cerrado
 1655700680 ,30a2c539-757c-3b41-8596-7cd09539ea1a,  -14.445320 ,  -46.126770 ,2023-10-11 16:56:00,Brasil,GOIÁS,MAMBAÍ,Cerrado
 1655700697 ,c7aa7bbb-6e0f-3c1f-8fa7-e4069f9a0db7,  -13.235900 ,  -46.535110 ,2023-10-11 16:56:00,Brasil,GOIÁS,DIVINÓPOLIS DE GOIÁS,Cerrado
 1655700698 ,1fc708fa-ab35-31e3-b27a-cee43b8ba3e0,  -13.234330 ,  -46.523460 ,2023-10-11 16:56:00,Brasil,GOIÁS,DIVINÓPOLIS DE GOIÁS,Cerrado
 1655700699 ,be8fbec0-b977-3917-9a1a-c9cea57bd431,  -13.225880 ,  -46.536450 ,2023-10-11 16:56:00,Brasil,GOIÁS,DIVINÓPOLIS DE GOIÁS,Cerrado
 1655860658 ,7a63c87e-3061-3b86-8683-675b3e5758b7,  -17.782000 ,  -52.110430 ,2023-10-12 17:37:00,Brasil,GOIÁS,JATAÍ,Cerrado
 1655860660 ,7e2de506-392f-347c-b1b3-b83f658bd120,  -17.254950 ,  -48.783590 ,2023-10-12 17:37:00,Brasil,GOIÁS,CRISTIANÓPOLIS,Cerrado
 1655860661 ,7925b90f-e397-39cb-b2b4-f001f88ac7f2,  -16.950510 ,  -52.915450 ,2023-10-12 17:37:00,Brasil,GOIÁS,MINEIROS,Cerrado
 1655860664 ,995862f2-6f78-3a04-bd72-482208e117fa,  -16.105080 ,  -50.730630 ,2023-10-12 17:37:00,Brasil,GOIÁS,FAZENDA NOVA,Cerrado
 1655860665 ,35d1dd79-5bda-37d3-b4d5-a42f71ad3019,  -15.373870 ,  -47.904620 ,2023-10-12 17:37:00,Brasil,GOIÁS,PLANALTINA,Cerrado
 1655860668 ,5b5a63e6-3f34-3b15-ae7e-9e3c5b16e158,  -14.746110 ,  -48.214550 ,2023-10-12 17:37:00,Brasil,GOIÁS,NIQUELÂNDIA,Cerrado
 1655860669 ,45b69db9-142b-3dbc-a0d3-f8c68edd79f9,  -14.737550 ,  -48.222130 ,2023-10-12 17:37:00,Brasil,GOIÁS,NIQUELÂNDIA,Cerrado
 1655860670 ,de5a5069-d019-37f4-ab36-e27803747daa,  -14.734870 ,  -48.205930 ,2023-10-12 17:37:00,Brasil,GOIÁS,NIQUELÂNDIA,Cerrado
 1655860671 ,1a660829-12bb-3f51-bac4-f60cd0e39bd5,  -14.734380 ,  -48.215640 ,2023-10-12 17:37:00,Brasil,GOIÁS,NIQUELÂNDIA,Cerrado
 1655860672 ,3f55f489-1f31-306e-b5f1-cc4a4d9e6b3b,  -14.730390 ,  -49.143810 ,2023-10-12 17:37:00,Brasil,GOIÁS,URUAÇU,Cerrado
 1655860673 ,9d5161bd-9a0f-35a1-a28b-727ed0f965bc,  -14.723140 ,  -48.207010 ,2023-10-12 17:37:00,Brasil,GOIÁS,NIQUELÂNDIA,Cerrado
 1655860684 ,1bcf643d-17f2-3a18-bd66-c590b62dbc37,  -13.415140 ,  -47.841920 ,2023-10-12 17:37:00,Brasil,GOIÁS,CAVALCANTE,Cerrado
 1656002829 ,72b60fda-d568-3bd1-ba63-e5f8eae8578c,  -13.792130 ,  -46.342210 ,2023-10-13 16:41:00,Brasil,GOIÁS,GUARANI DE GOIÁS,Cerrado
 1656184165 ,1210f322-647f-39a8-802f-5df0fd128201,  -13.546720 ,  -46.711310 ,2023-10-14 17:22:00,Brasil,GOIÁS,SÃO DOMINGOS,Cerrado
 1656184166 ,2f7db2cb-44e0-318b-842c-769ba358e9a4,  -13.408500 ,  -47.977510 ,2023-10-14 17:22:00,Brasil,GOIÁS,CAVALCANTE,Cerrado
 1656184180 ,50591309-fca4-3432-8f0d-2d49b8f092cf,  -14.522750 ,  -48.089500 ,2023-10-14 17:22:00,Brasil,GOIÁS,NIQUELÂNDIA,Cerrado
 1656184181 ,b1e6682c-16d0-3c1d-bece-de9cce9d83fc,  -14.506380 ,  -47.797520 ,2023-10-14 17:22:00,Brasil,GOIÁS,SÃO JOÃO D'ALIANÇA,Cerrado
 1656184182 ,176df045-9b9f-3adc-a9ba-31854fb40251,  -13.919710 ,  -47.997490 ,2023-10-14 17:22:00,Brasil,GOIÁS,COLINAS DO SUL,Cerrado
 1656184183 ,766085b5-c78a-3e4a-8ced-0e4eca0de5f8,  -13.729460 ,  -47.958350 ,2023-10-14 17:22:00,Brasil,GOIÁS,CAVALCANTE,Cerrado
 1656184184 ,11c0beec-a752-38be-8865-f824b74f5737,  -13.727940 ,  -47.948350 ,2023-10-14 17:22:00,Brasil,GOIÁS,CAVALCANTE,Cerrado
 1656184185 ,78979dc8-9bf5-3f3b-b2e1-211ac53282c1,  -13.703090 ,  -47.658660 ,2023-10-14 17:22:00,Brasil,GOIÁS,CAVALCANTE,Cerrado
 1656184186 ,5d91e975-e337-3792-8fc2-0235752b27d2,  -15.374120 ,  -47.926000 ,2023-10-14 17:22:00,Brasil,GOIÁS,PLANALTINA,Cerrado
 1656184187 ,61cbb63d-3233-3500-ae18-83ec0f40174d,  -17.890380 ,  -48.232010 ,2023-10-14 17:22:00,Brasil,GOIÁS,IPAMERI,Cerrado
 1656184198 ,a42b6aaf-50ea-3b08-8d98-123ab59a7fa2,  -13.681170 ,  -48.368160 ,2023-10-14 17:22:00,Brasil,GOIÁS,MINAÇU,Cerrado
 1656184199 ,75aef542-c9cd-3fec-a871-5a1b3caa84a7,  -13.657110 ,  -48.887300 ,2023-10-14 17:22:00,Brasil,GOIÁS,FORMOSO,Cerrado
 1656184200 ,1dc65c3e-c0c3-3558-a3b9-76ca7c3cee44,  -13.575470 ,  -48.531010 ,2023-10-14 17:22:00,Brasil,GOIÁS,MINAÇU,Cerrado
 1656184203 ,a5cc0970-06cd-37ca-b50a-6aa70bb222ce,  -15.010330 ,  -49.757740 ,2023-10-14 17:22:00,Brasil,GOIÁS,ITAPACI,Cerrado
 1656184204 ,f3b38e0b-e27c-3814-9932-a015efd2020d,  -15.009000 ,  -49.748550 ,2023-10-14 17:22:00,Brasil,GOIÁS,ITAPACI,Cerrado
 1656184205 ,d5813a63-1da7-3673-916e-7cd15dba1388,  -15.001400 ,  -49.759120 ,2023-10-14 17:22:00,Brasil,GOIÁS,ITAPACI,Cerrado
 1656184206 ,4a11f3ea-2837-3aa7-8a10-63499411a6ee,  -15.000080 ,  -49.749940 ,2023-10-14 17:22:00,Brasil,GOIÁS,ITAPACI,Cerrado
 1656184207 ,8583bf97-5c14-3cd2-949e-2efe0c136372,  -14.903120 ,  -49.846720 ,2023-10-14 17:22:00,Brasil,GOIÁS,CRIXÁS,Cerrado
 1656184208 ,40a1a25d-47fe-397d-9405-bddd828843de,  -14.573110 ,  -48.602690 ,2023-10-14 17:22:00,Brasil,GOIÁS,NIQUELÂNDIA,Cerrado
 1656184209 ,5fa2f168-4a60-3c86-9d87-f9b571089d02,  -14.278300 ,  -49.473950 ,2023-10-14 17:22:00,Brasil,GOIÁS,PILAR DE GOIÁS,Cerrado
 1656184210 ,70d2897b-8739-38e5-9c4c-02d7ad4eb1f8,  -13.844000 ,  -48.593300 ,2023-10-14 17:22:00,Brasil,GOIÁS,CAMPINAÇU,Cerrado
 1656184211 ,d8f7a962-9c84-3517-ace1-9dd31bb70e01,  -16.010600 ,  -49.225800 ,2023-10-14 17:22:00,Brasil,GOIÁS,SÃO FRANCISCO DE GOIÁS,Cerrado
 1656184212 ,6dff1eaf-63c1-3786-b036-f5e5760ad442,  -18.415170 ,  -49.370830 ,2023-10-14 17:22:00,Brasil,GOIÁS,ITUMBIARA,Cerrado
 1656184251 ,3b1c6e9b-b881-3d6c-aa78-768d2e511405,  -15.013920 ,  -50.626300 ,2023-10-14 17:22:00,Brasil,GOIÁS,ARAGUAPAZ,Cerrado
 1656184252 ,6a5d0fbd-de1a-3248-b6df-978f7538dafb,  -16.232280 ,  -51.325930 ,2023-10-14 17:22:00,Brasil,GOIÁS,DIORAMA,Cerrado
 1656184357 ,ddffcc20-ca46-36ce-a47b-edfeded5b87e,  -17.105500 ,  -53.079080 ,2023-10-14 17:22:00,Brasil,GOIÁS,SANTA RITA DO ARAGUAIA,Cerrado
 1656184443 ,f6d4aad7-e057-36f8-ba9c-4eae33128d57,  -16.594920 ,  -52.353320 ,2023-10-14 17:22:00,Brasil,GOIÁS,DOVERLÂNDIA,Cerrado
 1656184444 ,aa664afb-9a04-329e-928a-d765b2fef093,  -16.594460 ,  -52.359930 ,2023-10-14 17:22:00,Brasil,GOIÁS,DOVERLÂNDIA,Cerrado
 1656184446 ,2ff79894-d7b3-3e0b-ba9a-ebdef691decf,  -17.103780 ,  -53.065570 ,2023-10-14 17:22:00,Brasil,GOIÁS,SANTA RITA DO ARAGUAIA,Cerrado
 1656479156 ,36f0f600-c8ba-392d-afba-ebeaedc8d8dc,  -15.619730 ,  -46.927410 ,2023-10-16 17:07:00,Brasil,GOIÁS,FORMOSA,Cerrado
 1656479157 ,1887e659-dc3d-3a02-8e19-308eea3aeab1,  -15.618400 ,  -46.917900 ,2023-10-16 17:07:00,Brasil,GOIÁS,FORMOSA,Cerrado
 1656479195 ,968f7ad0-b8f9-302f-a27e-59537c83ca63,  -15.227730 ,  -47.948770 ,2023-10-16 17:07:00,Brasil,GOIÁS,PLANALTINA,Cerrado
 1656479395 ,18149d1d-6b76-31d9-9675-ffa377246517,  -13.505820 ,  -46.358300 ,2023-10-16 17:09:00,Brasil,GOIÁS,SÃO DOMINGOS,Cerrado
 1656479403 ,15805e1f-a8ae-316e-9a85-a321d757ae9d,  -14.692430 ,  -46.677180 ,2023-10-16 17:07:00,Brasil,GOIÁS,ALVORADA DO NORTE,Cerrado
 1656479422 ,1504a179-8f35-3125-8a8e-f4cab88bf9e1,  -13.672010 ,  -47.333770 ,2023-10-16 17:09:00,Brasil,GOIÁS,CAVALCANTE,Cerrado
 1656479423 ,13b03af0-961e-3e06-a7d5-f806decd2cb2,  -13.633470 ,  -46.995530 ,2023-10-16 17:09:00,Brasil,GOIÁS,NOVA ROMA,Cerrado
 1656479424 ,18bb71aa-a5e2-329a-842d-839fd814bd3b,  -13.624490 ,  -46.997010 ,2023-10-16 17:09:00,Brasil,GOIÁS,NOVA ROMA,Cerrado
 1656479425 ,c5554edd-3773-3765-9888-994de53c78c4,  -13.615510 ,  -46.998430 ,2023-10-16 17:09:00,Brasil,GOIÁS,NOVA ROMA,Cerrado
 1656479426 ,7fee291d-a734-3e5f-b1b8-cb9b8483c61d,  -13.506430 ,  -47.801110 ,2023-10-16 17:09:00,Brasil,GOIÁS,CAVALCANTE,Cerrado
 1656479427 ,23da7928-7842-306e-9e11-4bbbc9e55ca4,  -13.505070 ,  -47.791120 ,2023-10-16 17:09:00,Brasil,GOIÁS,CAVALCANTE,Cerrado
 1656479428 ,9855c960-f1d8-356b-9611-b0604ffe9b59,  -13.499090 ,  -47.797770 ,2023-10-16 17:09:00,Brasil,GOIÁS,CAVALCANTE,Cerrado
 1656479429 ,5e9afe08-3865-3b12-86b7-453891acb70a,  -13.497700 ,  -47.787940 ,2023-10-16 17:09:00,Brasil,GOIÁS,CAVALCANTE,Cerrado
 1656479430 ,ac76b604-b346-3c68-9681-b15ee113f9b1,  -13.425830 ,  -47.934760 ,2023-10-16 17:09:00,Brasil,GOIÁS,CAVALCANTE,Cerrado
 1656479431 ,55419dd5-16b6-3221-acd3-2d9c42987ac8,  -13.383680 ,  -47.970890 ,2023-10-16 17:09:00,Brasil,GOIÁS,CAVALCANTE,Cerrado
 1656479456 ,0dcef72e-39fb-36bc-98df-040b0ff82162,  -15.156570 ,  -47.498100 ,2023-10-16 17:07:00,Brasil,GOIÁS,FORMOSA,Cerrado
 1656479457 ,ddd35a25-fb3a-322a-8744-5d0c8485103f,  -15.147350 ,  -47.499520 ,2023-10-16 17:07:00,Brasil,GOIÁS,FORMOSA,Cerrado
 1656479458 ,4885e252-20f5-3233-8283-7f8846b39c6c,  -14.868780 ,  -47.941200 ,2023-10-16 17:07:00,Brasil,GOIÁS,ÁGUA FRIA DE GOIÁS,Cerrado
 1656479459 ,52a54e60-9f78-3fd2-ad11-95e7ce5d9e32,  -14.799040 ,  -47.435870 ,2023-10-16 17:07:00,Brasil,GOIÁS,SÃO JOÃO D'ALIANÇA,Cerrado
 1656479460 ,43939f22-bcef-3e41-a814-4993d75eb6b0,  -14.789220 ,  -48.459340 ,2023-10-16 17:07:00,Brasil,GOIÁS,NIQUELÂNDIA,Cerrado
 1656479461 ,9714915d-33b1-3a1a-95d2-5ef9d7215781,  -14.783060 ,  -48.444550 ,2023-10-16 17:07:00,Brasil,GOIÁS,NIQUELÂNDIA,Cerrado
 1656479462 ,f81154cd-701e-3549-8bb4-29b371989caa,  -14.619130 ,  -47.067480 ,2023-10-16 17:07:00,Brasil,GOIÁS,FLORES DE GOIÁS,Cerrado
 1656479463 ,2966576c-6752-3c00-8f61-c805883c5cbf,  -14.610070 ,  -47.068830 ,2023-10-16 17:07:00,Brasil,GOIÁS,FLORES DE GOIÁS,Cerrado
 1656479464 ,0cd25e76-c20e-357c-8261-fabbbca0ab50,  -14.594490 ,  -47.155130 ,2023-10-16 17:07:00,Brasil,GOIÁS,FORMOSA,Cerrado
 1656479465 ,50585149-3c66-3200-8b94-1a3073fd3a6d,  -14.526080 ,  -47.913800 ,2023-10-16 17:07:00,Brasil,GOIÁS,NIQUELÂNDIA,Cerrado
 1656479466 ,25036725-809d-38f2-baf4-68ccc75d1778,  -14.524690 ,  -47.903750 ,2023-10-16 17:07:00,Brasil,GOIÁS,NIQUELÂNDIA,Cerrado
 1656479467 ,2c2c6fd3-0dff-35d2-b5e3-dae1df1767ff,  -14.488060 ,  -48.053890 ,2023-10-16 17:07:00,Brasil,GOIÁS,NIQUELÂNDIA,Cerrado
 1656479468 ,a34975ca-53aa-3452-9389-bdb4d3b9a75e,  -14.392710 ,  -47.816310 ,2023-10-16 17:07:00,Brasil,GOIÁS,SÃO JOÃO D'ALIANÇA,Cerrado
 1656479469 ,8334f9e6-c373-38a2-8794-abceca1ce3c5,  -14.383440 ,  -47.817730 ,2023-10-16 17:07:00,Brasil,GOIÁS,SÃO JOÃO D'ALIANÇA,Cerrado
 1656479470 ,cdda5b36-575a-3cf8-a2ee-78a13bd6ba0f,  -14.382090 ,  -47.807930 ,2023-10-16 17:07:00,Brasil,GOIÁS,SÃO JOÃO D'ALIANÇA,Cerrado
 1656479471 ,71869361-81dc-33b6-9add-261bc4048b2e,  -13.766600 ,  -47.615990 ,2023-10-16 17:07:00,Brasil,GOIÁS,CAVALCANTE,Cerrado
 1656479472 ,ff064924-c4a9-3306-a891-8470e9981ad7,  -13.710500 ,  -47.949900 ,2023-10-16 17:09:00,Brasil,GOIÁS,CAVALCANTE,Cerrado
 1656479473 ,86554d38-9bf6-32d9-934d-6b3f87f9ff9c,  -13.709140 ,  -47.939920 ,2023-10-16 17:09:00,Brasil,GOIÁS,CAVALCANTE,Cerrado
 1656479474 ,f0ded389-2c5a-3a9c-b1c0-f036f146285d,  -15.409560 ,  -47.262020 ,2023-10-16 17:07:00,Brasil,GOIÁS,FORMOSA,Cerrado
 1656479475 ,5b47da80-ee85-35ce-8f4a-7ae4e334d023,  -15.254920 ,  -47.337200 ,2023-10-16 17:07:00,Brasil,GOIÁS,FORMOSA,Cerrado
 1656479476 ,2254fd60-08da-3a6d-bdfa-b81538228f5e,  -15.226330 ,  -47.938450 ,2023-10-16 17:07:00,Brasil,GOIÁS,PLANALTINA,Cerrado
 1656479477 ,0b8b6ea6-46d0-30af-841c-36eacf89d04b,  -15.218310 ,  -47.950090 ,2023-10-16 17:07:00,Brasil,GOIÁS,PLANALTINA,Cerrado
 1656479478 ,00ad5cd9-1af1-3809-83a8-52ecb5aa442c,  -15.216920 ,  -47.939790 ,2023-10-16 17:07:00,Brasil,GOIÁS,PLANALTINA,Cerrado
 1656479479 ,c5279312-5b1c-3c1a-983c-3ee2e83cf53f,  -15.180670 ,  -47.955550 ,2023-10-16 17:07:00,Brasil,GOIÁS,PLANALTINA,Cerrado
 1656479480 ,269f0d44-d085-3357-b8cb-c0601712bddb,  -17.352500 ,  -47.754260 ,2023-10-16 17:07:00,Brasil,GOIÁS,CAMPO ALEGRE DE GOIÁS,Cerrado
 1656479481 ,82b0e71e-43e5-3685-82a7-3280da81e931,  -17.353940 ,  -47.764870 ,2023-10-16 17:07:00,Brasil,GOIÁS,CAMPO ALEGRE DE GOIÁS,Cerrado
 1656479482 ,b2637e51-8da0-38c9-bdd5-4cd9042b2533,  -16.916200 ,  -48.294650 ,2023-10-16 17:07:00,Brasil,GOIÁS,ORIZONA,Cerrado
 1656479483 ,0b3c28b7-ee51-351c-bf16-d0d6a3ceb752,  -17.851290 ,  -48.204580 ,2023-10-16 17:07:00,Brasil,GOIÁS,IPAMERI,Cerrado
 1656479484 ,03daa9c5-cac7-3831-b340-fa730e2a9ff8,  -17.356840 ,  -47.759100 ,2023-10-16 17:07:00,Brasil,GOIÁS,CAMPO ALEGRE DE GOIÁS,Cerrado
 1656479540 ,19cd4f60-1f0d-3e6a-897e-ffc61a789bb3,  -13.709410 ,  -48.547300 ,2023-10-16 17:09:00,Brasil,GOIÁS,CAMPINAÇU,Cerrado
 1656479541 ,3b0f6a02-5747-3344-9c08-00ad69a7a1ae,  -13.460580 ,  -48.390810 ,2023-10-16 17:09:00,Brasil,GOIÁS,MINAÇU,Cerrado
 1656479542 ,37d3d207-0fb6-31fe-a539-3deab852c9d7,  -13.418060 ,  -48.220680 ,2023-10-16 17:09:00,Brasil,GOIÁS,MINAÇU,Cerrado
 1656479543 ,9dc585e0-4e97-3994-b2d5-906f8c2256be,  -13.307970 ,  -48.477150 ,2023-10-16 17:09:00,Brasil,GOIÁS,MINAÇU,Cerrado
 1656479544 ,795cf127-d239-3140-a8e7-cb13857f98c9,  -13.306540 ,  -48.466860 ,2023-10-16 17:09:00,Brasil,GOIÁS,MINAÇU,Cerrado
 1656479546 ,8474a21c-e1d2-3985-a107-c5951d88cf32,  -14.115610 ,  -49.083790 ,2023-10-16 17:07:00,Brasil,GOIÁS,CAMPINORTE,Cerrado
 1656479547 ,0b659980-6b6a-34af-9013-4e7052146ef3,  -15.491510 ,  -49.315530 ,2023-10-16 17:07:00,Brasil,GOIÁS,SANTA ISABEL,Cerrado
 1656479660 ,11a3760b-86a0-3757-a7cb-ebe6d2ff13f5,  -13.007510 ,  -49.943790 ,2023-10-16 17:09:00,Brasil,GOIÁS,SÃO MIGUEL DO ARAGUAIA,Cerrado
 1656479661 ,d3529899-a206-313b-ac9e-cc3b395504b7,  -15.138120 ,  -50.135190 ,2023-10-16 17:07:00,Brasil,GOIÁS,ARAGUAPAZ,Cerrado
 1656479662 ,86f9db21-271a-31e3-abe5-8828be07982f,  -15.127340 ,  -50.136730 ,2023-10-16 17:07:00,Brasil,GOIÁS,ARAGUAPAZ,Cerrado
 1656479663 ,77626efe-2e62-3fbb-a8b2-a35fddde64f8,  -15.125620 ,  -50.123080 ,2023-10-16 17:07:00,Brasil,GOIÁS,ARAGUAPAZ,Cerrado
 1656479664 ,cf25b94a-1cf1-3603-acf3-aabd24ac0bf0,  -18.935740 ,  -51.041150 ,2023-10-16 17:07:00,Brasil,GOIÁS,ITARUMÃ,Cerrado
 1656826092 ,a12bfce5-2a0f-3d1f-b0f7-8bae6244c0c3,  -13.225760 ,  -46.541530 ,2023-10-18 16:54:00,Brasil,GOIÁS,DIVINÓPOLIS DE GOIÁS,Cerrado
 1656826093 ,17a74a9d-e841-37e3-92df-407852be785d,  -13.224060 ,  -46.528390 ,2023-10-18 16:54:00,Brasil,GOIÁS,DIVINÓPOLIS DE GOIÁS,Cerrado
 1656826094 ,33177f45-edfa-3fa8-97cd-b81bf19dcc48,  -13.215150 ,  -46.542990 ,2023-10-18 16:54:00,Brasil,GOIÁS,DIVINÓPOLIS DE GOIÁS,Cerrado
 1656826503 ,5e7d61cc-882a-39b6-a2b5-5d0f3e112300,  -14.673370 ,  -48.129710 ,2023-10-18 16:52:00,Brasil,GOIÁS,NIQUELÂNDIA,Cerrado
 1656826516 ,0d35d754-afa2-3a5d-8ca5-0996a45cfb96,  -14.326540 ,  -48.137360 ,2023-10-18 16:52:00,Brasil,GOIÁS,NIQUELÂNDIA,Cerrado
 1656826517 ,f022a92d-2c72-39c9-941c-2653b65b97dd,  -14.324840 ,  -48.162690 ,2023-10-18 16:54:00,Brasil,GOIÁS,NIQUELÂNDIA,Cerrado
 1656826435 ,c4cef175-6ef4-36a4-9bbd-b0893a0a8cb1,  -15.293600 ,  -47.946000 ,2023-10-18 16:52:00,Brasil,GOIÁS,PLANALTINA,Cerrado
 1656826467 ,2a778920-1119-34b4-86cd-7cac6f28fe2d,  -13.470160 ,  -47.949590 ,2023-10-18 16:54:00,Brasil,GOIÁS,CAVALCANTE,Cerrado
 1656826468 ,6c0b9bcf-b004-343b-bc7b-d25f929e3086,  -13.413750 ,  -46.750930 ,2023-10-18 16:54:00,Brasil,GOIÁS,MONTE ALEGRE DE GOIÁS,Cerrado
 1656826469 ,2a65ee0c-bdba-3289-b7ac-f9fb278efc7e,  -13.404990 ,  -47.961360 ,2023-10-18 16:54:00,Brasil,GOIÁS,CAVALCANTE,Cerrado
 1656826470 ,666c11e9-dac5-3f28-96f9-60dd2bae79e6,  -13.384390 ,  -47.953090 ,2023-10-18 16:54:00,Brasil,GOIÁS,CAVALCANTE,Cerrado
 1656826471 ,cb88fc5c-745b-30f6-a73c-bb703e0d8f19,  -13.383580 ,  -46.637050 ,2023-10-18 16:54:00,Brasil,GOIÁS,DIVINÓPOLIS DE GOIÁS,Cerrado
 1656826472 ,3d596a10-6557-3077-ac78-b8cbe85da03b,  -13.350100 ,  -47.247730 ,2023-10-18 16:54:00,Brasil,GOIÁS,MONTE ALEGRE DE GOIÁS,Cerrado
 1656826473 ,f56e4341-aaa4-35c9-85c8-9d2d38fddb3a,  -13.348060 ,  -47.232010 ,2023-10-18 16:54:00,Brasil,GOIÁS,MONTE ALEGRE DE GOIÁS,Cerrado
 1656826474 ,644258e4-c65c-342e-8662-06211510fe15,  -13.273040 ,  -47.188110 ,2023-10-18 16:54:00,Brasil,GOIÁS,MONTE ALEGRE DE GOIÁS,Cerrado
 1656826500 ,c32447a9-1b1c-3760-aef7-19c511517142,  -14.936840 ,  -48.458440 ,2023-10-18 16:52:00,Brasil,GOIÁS,NIQUELÂNDIA,Cerrado
 1656826501 ,2191ff68-332d-3e5a-8ac8-2947315744ef,  -14.885350 ,  -47.826680 ,2023-10-18 16:52:00,Brasil,GOIÁS,ÁGUA FRIA DE GOIÁS,Cerrado
 1656826502 ,68af4e69-24a0-3b84-b1bb-1289b03dcbdb,  -14.679120 ,  -48.140620 ,2023-10-18 16:52:00,Brasil,GOIÁS,NIQUELÂNDIA,Cerrado
 1656826504 ,de72701e-1c03-30f9-80e2-ead128c1e992,  -14.666810 ,  -48.142110 ,2023-10-18 16:52:00,Brasil,GOIÁS,NIQUELÂNDIA,Cerrado
 1656826505 ,32cecfeb-8158-3aad-8a18-2e829ee3bfa7,  -14.664690 ,  -48.123870 ,2023-10-18 16:52:00,Brasil,GOIÁS,NIQUELÂNDIA,Cerrado
 1656826506 ,487f2ba5-27d4-39c6-9a7d-bca70be3513d,  -14.663410 ,  -48.149900 ,2023-10-18 16:52:00,Brasil,GOIÁS,NIQUELÂNDIA,Cerrado
 1656826507 ,11397369-2995-33d9-b048-12808cde17e6,  -14.661070 ,  -48.131060 ,2023-10-18 16:52:00,Brasil,GOIÁS,NIQUELÂNDIA,Cerrado
 1656826508 ,3d813fe7-562d-3453-a77a-1d68e81a327f,  -14.564500 ,  -47.645610 ,2023-10-18 16:52:00,Brasil,GOIÁS,SÃO JOÃO D'ALIANÇA,Cerrado
 1656826509 ,8b009427-5f90-3a49-85fb-05e88407a508,  -14.502530 ,  -48.084100 ,2023-10-18 16:52:00,Brasil,GOIÁS,NIQUELÂNDIA,Cerrado
 1656826510 ,ac5b55f7-b777-39dd-9db2-66696b389952,  -14.476800 ,  -47.869270 ,2023-10-18 16:52:00,Brasil,GOIÁS,NIQUELÂNDIA,Cerrado
 1656826511 ,94742843-acaa-39e5-bea4-ad32fa853a8e,  -14.435240 ,  -47.881770 ,2023-10-18 16:52:00,Brasil,GOIÁS,NIQUELÂNDIA,Cerrado
 1656826512 ,dbc98329-1241-3666-ac23-ba257488e6d1,  -14.432910 ,  -47.863070 ,2023-10-18 16:52:00,Brasil,GOIÁS,NIQUELÂNDIA,Cerrado
 1656826513 ,8cc179ad-ad91-3cce-9c65-757ba3ecd494,  -14.369310 ,  -47.263960 ,2023-10-18 16:52:00,Brasil,GOIÁS,SÃO JOÃO D'ALIANÇA,Cerrado
 1656826514 ,98320021-56d5-36a2-b011-bbc091b18198,  -14.340950 ,  -48.153970 ,2023-10-18 16:52:00,Brasil,GOIÁS,NIQUELÂNDIA,Cerrado
 1656826515 ,8062ed19-2835-35be-995c-5d2aa34ddef9,  -14.328700 ,  -48.155430 ,2023-10-18 16:52:00,Brasil,GOIÁS,NIQUELÂNDIA,Cerrado
 1656826518 ,ac5e638f-da50-30b3-88ce-313c825479f2,  -14.322560 ,  -48.144710 ,2023-10-18 16:54:00,Brasil,GOIÁS,NIQUELÂNDIA,Cerrado
 1656826519 ,be20f4d3-c553-3a80-b2eb-c1b499a74f08,  -13.736700 ,  -48.236480 ,2023-10-18 16:54:00,Brasil,GOIÁS,MINAÇU,Cerrado
 1656826520 ,fdb98ef3-8c5c-3121-a9b8-ad1e19f91860,  -13.734420 ,  -48.218060 ,2023-10-18 16:54:00,Brasil,GOIÁS,MINAÇU,Cerrado
 1656826521 ,1333e32e-385d-3d2f-8084-1ac18a927e08,  -13.732080 ,  -48.199150 ,2023-10-18 16:54:00,Brasil,GOIÁS,MINAÇU,Cerrado
 1656826522 ,ec82acaf-44e8-39bc-9a8e-f5e7778b9dba,  -13.722190 ,  -48.219220 ,2023-10-18 16:54:00,Brasil,GOIÁS,MINAÇU,Cerrado
 1656826523 ,c91a03d1-eb36-3540-8141-65e4ac915354,  -15.615470 ,  -48.363030 ,2023-10-18 16:52:00,Brasil,GOIÁS,PADRE BERNARDO,Cerrado
 1656826524 ,9c709a28-1948-398d-bc22-f1e882c49f60,  -15.614960 ,  -48.370680 ,2023-10-18 16:52:00,Brasil,GOIÁS,PADRE BERNARDO,Cerrado
 1656826525 ,76aba0d2-4636-363a-8740-c4f63df28b8a,  -15.613010 ,  -48.341500 ,2023-10-18 16:52:00,Brasil,GOIÁS,PADRE BERNARDO,Cerrado
 1656826526 ,b4efd3f3-89e1-3258-bbcf-27fe0638d72b,  -15.612310 ,  -48.349010 ,2023-10-18 16:52:00,Brasil,GOIÁS,PADRE BERNARDO,Cerrado
 1656826527 ,6de046ac-6eaf-3c4f-ba5c-3aa7fc97a4d2,  -15.350290 ,  -47.901990 ,2023-10-18 16:52:00,Brasil,GOIÁS,PLANALTINA,Cerrado
 1656826528 ,3bc7cf2a-836c-3156-852a-ab003ee41c04,  -15.290480 ,  -47.951650 ,2023-10-18 16:52:00,Brasil,GOIÁS,PLANALTINA,Cerrado
 1656826529 ,dfd9fc97-8df5-34bb-aed0-9b2c684688af,  -15.288210 ,  -47.933350 ,2023-10-18 16:52:00,Brasil,GOIÁS,PLANALTINA,Cerrado
 1656826530 ,b1b7dfc1-3856-3612-aceb-e32320c46dc6,  -17.859820 ,  -48.211670 ,2023-10-18 16:52:00,Brasil,GOIÁS,IPAMERI,Cerrado
 1656826531 ,8e4ff1e9-2e03-3489-be89-8d278008bb03,  -17.857490 ,  -48.207150 ,2023-10-18 16:52:00,Brasil,GOIÁS,IPAMERI,Cerrado
 1656826612 ,2520a40a-f324-3dad-b5f4-54851b1a2c2d,  -13.549100 ,  -48.607740 ,2023-10-18 16:54:00,Brasil,GOIÁS,MINAÇU,Cerrado
 1656826613 ,1a5ffea7-50fb-33d5-a6d9-3d5f14eaf901,  -13.548160 ,  -48.612850 ,2023-10-18 16:54:00,Brasil,GOIÁS,MINAÇU,Cerrado
 1656826615 ,856c3af9-3674-34d6-8ca1-6feedb58befe,  -13.724420 ,  -48.237340 ,2023-10-18 16:54:00,Brasil,GOIÁS,MINAÇU,Cerrado
 1656826618 ,04078477-3d67-3f8c-96ef-2cf09eb3dfa7,  -13.896310 ,  -48.462020 ,2023-10-18 16:54:00,Brasil,GOIÁS,CAMPINAÇU,Cerrado
 1656826619 ,28d4edab-49a1-3b8d-9c45-ff704312328d,  -13.894720 ,  -48.466680 ,2023-10-18 16:54:00,Brasil,GOIÁS,CAMPINAÇU,Cerrado
 1656826620 ,5b8a0dbb-751d-3c07-93ca-5fbf57fb8ba2,  -13.894220 ,  -48.444420 ,2023-10-18 16:54:00,Brasil,GOIÁS,CAMPINAÇU,Cerrado
 1656826621 ,9a89f3d3-05a2-3bb0-ae59-736a6a70523e,  -13.892560 ,  -48.449400 ,2023-10-18 16:54:00,Brasil,GOIÁS,CAMPINAÇU,Cerrado
 1656826622 ,5ee94db2-4050-3f48-ba5f-c99c0174bcf1,  -16.175230 ,  -49.750100 ,2023-10-18 16:52:00,Brasil,GOIÁS,ITABERAÍ,Cerrado
 1656826623 ,50c050e4-f9b1-3c16-944b-bdc32f18e0c4,  -16.067780 ,  -50.146650 ,2023-10-18 16:52:00,Brasil,GOIÁS,MOSSÂMEDES,Cerrado
 1656826624 ,b806cab7-eae0-35c1-a60c-15df2f8fba3a,  -16.067610 ,  -50.151200 ,2023-10-18 16:52:00,Brasil,GOIÁS,MOSSÂMEDES,Cerrado
 1656826738 ,6742ed58-3f39-3bda-b785-1908bb39a479,  -12.790660 ,  -50.311410 ,2023-10-18 16:54:00,Brasil,GOIÁS,SÃO MIGUEL DO ARAGUAIA,Cerrado
 1656826748 ,aecf4a91-7bd1-33fb-a9e6-fd701653b800,  -15.160200 ,  -50.125130 ,2023-10-18 16:52:00,Brasil,GOIÁS,ARAGUAPAZ,Cerrado
 1656826749 ,6469c28b-a789-3126-8d05-2859db5a3894,  -15.158740 ,  -50.130140 ,2023-10-18 16:52:00,Brasil,GOIÁS,ARAGUAPAZ,Cerrado
 1656826750 ,c804e53b-32b7-3008-9aa8-f53c920fd432,  -14.178210 ,  -49.995280 ,2023-10-18 16:54:00,Brasil,GOIÁS,UIRAPURU,Cerrado
 1656826751 ,cc050587-de52-3370-bbe7-2f61a8cec1dd,  -14.173720 ,  -50.003180 ,2023-10-18 16:54:00,Brasil,GOIÁS,UIRAPURU,Cerrado
 1657000532 ,63759017-ca29-37ac-b839-0aa25476068e,  -16.376290 ,  -52.421920 ,2023-10-19 17:34:00,Brasil,GOIÁS,BALIZA,Cerrado
 1657000550 ,3eb82a3d-1221-3774-9ede-c925c7f3d100,  -18.887790 ,  -51.391730 ,2023-10-19 17:34:00,Brasil,GOIÁS,ITARUMÃ,Cerrado
 1657000551 ,386aef35-3777-3077-bbc7-c1ee86546dc7,  -18.837430 ,  -51.493330 ,2023-10-19 17:34:00,Brasil,GOIÁS,ITARUMÃ,Cerrado
 1657000552 ,2a8eb9a6-e465-3417-bfad-57699b5bed15,  -18.757790 ,  -51.261520 ,2023-10-19 17:34:00,Brasil,GOIÁS,ITARUMÃ,Cerrado
 1657000554 ,9fbaa13f-5eab-3253-bc64-34266b2ad7bb,  -18.246920 ,  -48.157940 ,2023-10-19 17:34:00,Brasil,GOIÁS,CUMARI,Cerrado
 1657000555 ,e4e25391-e0f1-3f62-8135-a20176317cb8,  -18.184460 ,  -52.517540 ,2023-10-19 17:34:00,Brasil,GOIÁS,SERRANÓPOLIS,Cerrado
 1657000556 ,0eda1e9e-2757-34d9-85eb-4dd7798d4312,  -18.183130 ,  -52.508140 ,2023-10-19 17:34:00,Brasil,GOIÁS,SERRANÓPOLIS,Cerrado
 1657000559 ,3a420355-ff43-3ee1-9bbc-7fd7020d92d5,  -17.635280 ,  -50.294870 ,2023-10-19 17:34:00,Brasil,GOIÁS,TURVELÂNDIA,Cerrado
 1657000560 ,124701e4-5803-3bc3-a0fd-6f2b7985efa1,  -17.626060 ,  -50.296440 ,2023-10-19 17:34:00,Brasil,GOIÁS,TURVELÂNDIA,Cerrado
 1657000561 ,9e01b9b5-d505-3470-9b6c-5436a7d32c8a,  -17.329970 ,  -53.178210 ,2023-10-19 17:34:00,Brasil,GOIÁS,SANTA RITA DO ARAGUAIA,Cerrado
 1657000562 ,d3320de7-e2e5-34d0-ace1-b62277d5d901,  -16.973380 ,  -51.343840 ,2023-10-19 17:34:00,Brasil,GOIÁS,CAIAPÔNIA,Cerrado
 1657000563 ,ed704e66-d0aa-3ff0-8598-b15437c706ad,  -16.860330 ,  -51.576340 ,2023-10-19 17:34:00,Brasil,GOIÁS,PALESTINA DE GOIÁS,Cerrado
 1657000564 ,8354da72-77bd-34ad-ade8-8b0432f82bb4,  -16.713430 ,  -50.358780 ,2023-10-19 17:34:00,Brasil,GOIÁS,SÃO JOÃO DA PARAÚNA,Cerrado
 1657000565 ,901e993a-9bc8-39ff-ae64-9be7e6607569,  -16.713140 ,  -48.633030 ,2023-10-19 17:34:00,Brasil,GOIÁS,SILVÂNIA,Cerrado
 1657000566 ,05a319dc-7339-3d91-8dd7-29b575294032,  -16.593670 ,  -51.512820 ,2023-10-19 17:34:00,Brasil,GOIÁS,PALESTINA DE GOIÁS,Cerrado
 1657000567 ,a73c3f2d-e3a4-3262-8477-687079a45a1a,  -16.554820 ,  -51.374650 ,2023-10-19 17:34:00,Brasil,GOIÁS,PALESTINA DE GOIÁS,Cerrado
 1657000568 ,7472fd07-2777-3b61-8df0-98a2625e9be0,  -16.553420 ,  -51.365200 ,2023-10-19 17:34:00,Brasil,GOIÁS,PALESTINA DE GOIÁS,Cerrado
 1657000569 ,303bfc43-827f-3c95-bd2c-d888fd582851,  -16.544410 ,  -51.366640 ,2023-10-19 17:34:00,Brasil,GOIÁS,PALESTINA DE GOIÁS,Cerrado
 1657000570 ,d52cb388-d505-3fc6-96de-7cd04f885056,  -16.537600 ,  -51.824590 ,2023-10-19 17:34:00,Brasil,GOIÁS,PIRANHAS,Cerrado
 1657000571 ,a0bb6486-71a4-34fe-8e19-108e1f44f513,  -16.472380 ,  -51.194000 ,2023-10-19 17:34:00,Brasil,GOIÁS,IPORÁ,Cerrado
 1657000572 ,5d8ea933-09a2-3d23-a7bd-39e41143b27c,  -16.470940 ,  -51.184480 ,2023-10-19 17:34:00,Brasil,GOIÁS,IPORÁ,Cerrado
 1657000574 ,ae9f923f-5eb6-3087-9d59-9623e0d0fe20,  -16.077770 ,  -51.454140 ,2023-10-19 17:34:00,Brasil,GOIÁS,MONTES CLAROS DE GOIÁS,Cerrado
 1657000575 ,465f138d-8021-32fd-9b1a-6c11b45c4352,  -14.649860 ,  -49.951360 ,2023-10-19 17:34:00,Brasil,GOIÁS,CRIXÁS,Cerrado
 1657000576 ,d0cf8533-e345-3c63-be6d-47f8f86a8910,  -14.980460 ,  -49.389870 ,2023-10-19 17:34:00,Brasil,GOIÁS,SÃO LUIZ DO NORTE,Cerrado
 1657000577 ,4bd1f640-6398-3d75-965e-fb5443ebaa76,  -14.980140 ,  -49.383530 ,2023-10-19 17:34:00,Brasil,GOIÁS,SÃO LUIZ DO NORTE,Cerrado
 1657000581 ,74c71fb9-eb4e-3d66-95ae-b478b6633e94,  -14.877830 ,  -49.323570 ,2023-10-19 17:34:00,Brasil,GOIÁS,SÃO LUIZ DO NORTE,Cerrado
 1657000582 ,58d7fce6-d097-3468-96ca-b6b3e4f3bd4e,  -14.877020 ,  -49.316810 ,2023-10-19 17:34:00,Brasil,GOIÁS,SÃO LUIZ DO NORTE,Cerrado
 1657000583 ,bc74ca59-4186-361e-9c70-c4ad3e05b2c8,  -14.875980 ,  -49.311760 ,2023-10-19 17:34:00,Brasil,GOIÁS,SÃO LUIZ DO NORTE,Cerrado
 1657000585 ,c9e4165f-eea3-31d6-ae23-b2e47e276a79,  -14.787150 ,  -49.779300 ,2023-10-19 17:34:00,Brasil,GOIÁS,GUARINOS,Cerrado
 1657000587 ,04653bfe-1748-3b82-b850-77236930d3cd,  -14.785400 ,  -49.768290 ,2023-10-19 17:34:00,Brasil,GOIÁS,GUARINOS,Cerrado
 1657000598 ,5a188703-fe81-3d11-ad67-bb044b15f862,  -14.444780 ,  -50.225300 ,2023-10-19 17:34:00,Brasil,GOIÁS,CRIXÁS,Cerrado
 1657000599 ,451477c3-56a2-3a59-b3a5-0747b3fe92f9,  -13.971200 ,  -50.202470 ,2023-10-19 17:34:00,Brasil,GOIÁS,MUNDO NOVO,Cerrado
 1657000600 ,068d8169-4002-302e-806d-b22659256ec4,  -13.774120 ,  -48.815980 ,2023-10-19 17:34:00,Brasil,GOIÁS,FORMOSO,Cerrado
 1657000601 ,febfb890-9891-3cea-8567-81a682a28a5b,  -13.772150 ,  -48.803650 ,2023-10-19 17:34:00,Brasil,GOIÁS,CAMPINORTE,Cerrado
 1657000602 ,5cbd4b0b-6ef7-39bb-8143-1271180909c8,  -13.761540 ,  -48.805210 ,2023-10-19 17:34:00,Brasil,GOIÁS,FORMOSO,Cerrado
 1657000603 ,7ec8c410-70cd-34f0-963a-032033295dd7,  -13.570500 ,  -47.442300 ,2023-10-19 17:34:00,Brasil,GOIÁS,CAVALCANTE,Cerrado
 1657000604 ,1837ec67-a5e5-3f0a-8280-ecabbd6d73a4,  -13.565160 ,  -47.449670 ,2023-10-19 17:34:00,Brasil,GOIÁS,CAVALCANTE,Cerrado
 1657000605 ,798cf1dd-e7f4-36e0-b4a3-e664e1c30d78,  -13.562270 ,  -47.432000 ,2023-10-19 17:34:00,Brasil,GOIÁS,CAVALCANTE,Cerrado
 1657294377 ,49213d4f-c292-3e84-8611-e1a479570693,  -18.838310 ,  -51.505890 ,2023-10-21 17:20:00,Brasil,GOIÁS,ITARUMÃ,Cerrado
 1657294378 ,f2723f25-691e-3654-add1-61cae51937a0,  -18.526160 ,  -50.745360 ,2023-10-21 17:20:00,Brasil,GOIÁS,QUIRINÓPOLIS,Cerrado
 1657294379 ,586adccf-ca2c-3760-b4ca-8927b9c6802b,  -18.462800 ,  -49.980010 ,2023-10-21 17:20:00,Brasil,GOIÁS,INACIOLÂNDIA,Mata Atlântica
 1657294381 ,34a66a0e-3dfb-392f-8cdd-75757ea78d22,  -18.127360 ,  -47.487850 ,2023-10-21 17:20:00,Brasil,GOIÁS,DAVINÓPOLIS,Cerrado
 1657294390 ,daeafcaa-4cc6-3592-9261-0c30f2dd2310,  -16.689900 ,  -50.448860 ,2023-10-21 17:20:00,Brasil,GOIÁS,AURILÂNDIA,Cerrado
 1657294391 ,43ef7119-8d1f-3a3a-bc82-94117284bebd,  -16.363410 ,  -51.507560 ,2023-10-21 17:20:00,Brasil,GOIÁS,ARENÓPOLIS,Cerrado
 1657294392 ,4e5ee15c-af36-3a54-9975-0c1291db134a,  -16.255780 ,  -51.309720 ,2023-10-21 17:20:00,Brasil,GOIÁS,DIORAMA,Cerrado
 1657294395 ,5829b3f9-7457-3fc6-83f9-4d4c12fe07a8,  -15.267370 ,  -50.201970 ,2023-10-21 17:20:00,Brasil,GOIÁS,FAINA,Cerrado
 1657294396 ,1d51c5e8-e909-3b4a-b483-15a76582dc38,  -15.167900 ,  -47.110460 ,2023-10-21 17:20:00,Brasil,GOIÁS,FORMOSA,Cerrado
 1657294397 ,bb5adec1-7ef7-3219-88aa-8b0cd844a203,  -15.166400 ,  -47.100600 ,2023-10-21 17:20:00,Brasil,GOIÁS,FORMOSA,Cerrado
 1657294398 ,c3d1f442-88e3-36b0-9636-8b809cc8359e,  -15.158680 ,  -47.111980 ,2023-10-21 17:20:00,Brasil,GOIÁS,FORMOSA,Cerrado
 1657294399 ,34c1b2f4-98af-3d63-9644-3873a93db67b,  -14.910380 ,  -47.231010 ,2023-10-21 17:20:00,Brasil,GOIÁS,FORMOSA,Cerrado
 1657294406 ,a375b9ac-124a-373f-829f-4d6567de1446,  -14.696310 ,  -48.327710 ,2023-10-21 17:20:00,Brasil,GOIÁS,NIQUELÂNDIA,Cerrado
 1657294407 ,5da56aae-2252-312a-89d4-25d51e3fa3a6,  -14.575710 ,  -49.726920 ,2023-10-21 17:20:00,Brasil,GOIÁS,GUARINOS,Cerrado
 1657294409 ,e5141013-1cde-3874-97cc-24127298c011,  -14.219300 ,  -47.661460 ,2023-10-21 17:20:00,Brasil,GOIÁS,ALTO PARAÍSO DE GOIÁS,Cerrado
 1657294411 ,05b848c8-bdcb-3200-a6a9-01b4c54d39a7,  -13.922500 ,  -48.457920 ,2023-10-21 17:20:00,Brasil,GOIÁS,CAMPINAÇU,Cerrado
 1657294416 ,198a6bd2-677d-3e08-b1ba-064e69f2b7e1,  -13.842420 ,  -48.598500 ,2023-10-21 17:20:00,Brasil,GOIÁS,CAMPINAÇU,Cerrado
 1657299192 ,f46fa109-bbf2-3f35-a1b8-88bc37109c8b,  -13.926550 ,  -50.472790 ,2023-10-21 17:20:00,Brasil,GOIÁS,NOVA CRIXÁS,Cerrado
 1657299193 ,d8e8c4b4-dd5f-380f-8ad9-149a0d0c2444,  -13.760230 ,  -50.598260 ,2023-10-21 17:20:00,Brasil,GOIÁS,NOVA CRIXÁS,Cerrado
 1657299194 ,c424cb71-8ec3-3db0-9c5a-bd4ea9f9a342,  -13.247990 ,  -47.520840 ,2023-10-21 17:20:00,Brasil,GOIÁS,CAVALCANTE,Cerrado
 1657685020 ,7c90710b-2873-3e96-9937-e4592364f2df,  -17.143280 ,  -50.832990 ,2023-10-23 17:05:00,Brasil,GOIÁS,PARAÚNA,Cerrado
 1657685037 ,1b7ed8cc-f0c3-328b-b0ad-a60f1083cf23,  -15.091060 ,  -49.629730 ,2023-10-23 17:05:00,Brasil,GOIÁS,IPIRANGA DE GOIÁS,Cerrado
 1657685048 ,8bf27b68-4045-30fc-84ce-a87dfe6321b0,  -14.410250 ,  -46.673090 ,2023-10-23 17:05:00,Brasil,GOIÁS,SIMOLÂNDIA,Cerrado
 1657685049 ,a85a349b-c24c-3dc1-acf1-3a0c0abc3c50,  -14.350100 ,  -48.099400 ,2023-10-23 17:05:00,Brasil,GOIÁS,NIQUELÂNDIA,Cerrado
 1657704774 ,403d263f-199c-3854-a53a-2c595a0729c5,  -13.874720 ,  -48.511520 ,2023-10-23 17:05:00,Brasil,GOIÁS,CAMPINAÇU,Cerrado
 1657704775 ,86092e1e-6ee9-3056-ae7f-4699e1a31562,  -13.552850 ,  -47.467260 ,2023-10-23 17:05:00,Brasil,GOIÁS,CAVALCANTE,Cerrado
 1657704776 ,3983bdcc-65dc-369d-9ba4-d0aeb365b213,  -13.551510 ,  -47.457320 ,2023-10-23 17:05:00,Brasil,GOIÁS,CAVALCANTE,Cerrado
 1657704777 ,4553ba80-4117-3325-b1c9-3063211e1e27,  -13.284560 ,  -47.588030 ,2023-10-23 17:05:00,Brasil,GOIÁS,CAVALCANTE,Cerrado
 1657704778 ,1617dd75-6e1b-3eb3-aae7-91b6a7b36b65,  -13.270520 ,  -47.596980 ,2023-10-23 17:05:00,Brasil,GOIÁS,CAVALCANTE,Cerrado
 1647932094 ,0e809c4c-4eed-3697-a747-8bd56d8f7d0f,  -14.914440 ,  -47.458760 ,2023-09-01 16:54:00,Brasil,GOIÁS,FORMOSA,Cerrado
 1647932097 ,c267ea3e-f2a2-34af-a4c2-8d8cde6dbd13,  -14.415580 ,  -47.223200 ,2023-09-01 16:54:00,Brasil,GOIÁS,SÃO JOÃO D'ALIANÇA,Cerrado
 1647932105 ,02e48820-b65b-3bcc-abdf-05232efce6c1,  -13.558260 ,  -47.595950 ,2023-09-01 16:54:00,Brasil,GOIÁS,CAVALCANTE,Cerrado
 1647932106 ,48353f08-59f9-33a3-a479-76a4ac7ab5d3,  -13.556500 ,  -47.582320 ,2023-09-01 16:54:00,Brasil,GOIÁS,CAVALCANTE,Cerrado
 1648182753 ,e768d098-d07a-376c-bdcc-285420b4dae4,  -13.607930 ,  -48.086930 ,2023-09-02 17:37:00,Brasil,GOIÁS,CAVALCANTE,Cerrado
 1648182754 ,1a25c3f7-2b68-3231-a04d-ed797b1393c4,  -14.872390 ,  -48.482650 ,2023-09-02 17:37:00,Brasil,GOIÁS,NIQUELÂNDIA,Cerrado
 1648182755 ,a8ebafba-853f-3d81-b8be-804bbf7552e8,  -17.948190 ,  -48.458240 ,2023-09-02 17:34:00,Brasil,GOIÁS,CORUMBAÍBA,Cerrado
 1648182762 ,e2e14d45-09b8-3661-adb5-a6ca7e8f9bc2,  -13.731780 ,  -48.894580 ,2023-09-02 17:37:00,Brasil,GOIÁS,FORMOSO,Cerrado
 1648182763 ,dba70b03-6e46-37b7-9c21-7fd5692b2005,  -13.499290 ,  -48.807510 ,2023-09-02 17:37:00,Brasil,GOIÁS,FORMOSO,Cerrado
 1648182764 ,3150bf9d-a94b-3feb-ae42-c6f02d21ebf4,  -13.498680 ,  -48.817080 ,2023-09-02 17:37:00,Brasil,GOIÁS,FORMOSO,Cerrado
 1648182765 ,b8154ee5-5b6b-380e-b371-df78416032bc,  -13.496000 ,  -48.801320 ,2023-09-02 17:37:00,Brasil,GOIÁS,FORMOSO,Cerrado
 1648182766 ,59f89908-54fc-3afb-869a-d151a1a7ca97,  -13.491440 ,  -48.759270 ,2023-09-02 17:37:00,Brasil,GOIÁS,TROMBAS,Cerrado
 1648182767 ,1f81d64a-ed23-365b-9305-cd4b8175e33c,  -13.490520 ,  -48.769170 ,2023-09-02 17:37:00,Brasil,GOIÁS,TROMBAS,Cerrado
 1648182768 ,18e0c685-a4d9-3dc8-86c3-aa5fe54a39e3,  -13.487760 ,  -48.752990 ,2023-09-02 17:37:00,Brasil,GOIÁS,TROMBAS,Cerrado
 1648182769 ,0a71107a-4b5a-3ded-a6e0-51cac1391567,  -14.296760 ,  -49.102290 ,2023-09-02 17:37:00,Brasil,GOIÁS,CAMPINORTE,Cerrado
 1648182770 ,a4420da5-f870-349c-a356-e12f89e3a5b2,  -14.294290 ,  -49.087580 ,2023-09-02 17:37:00,Brasil,GOIÁS,CAMPINORTE,Cerrado
 1648182771 ,b08a8bca-1afb-3180-b23d-3ddee856a99b,  -14.283100 ,  -49.089440 ,2023-09-02 17:37:00,Brasil,GOIÁS,CAMPINORTE,Cerrado
 1648182772 ,fd9396af-5f87-3614-92d9-3de9da412754,  -14.283070 ,  -49.096280 ,2023-09-02 17:37:00,Brasil,GOIÁS,CAMPINORTE,Cerrado
 1648182773 ,7aa8a5ff-c7eb-30b7-8372-b21058596a18,  -14.280660 ,  -49.081340 ,2023-09-02 17:37:00,Brasil,GOIÁS,CAMPINORTE,Cerrado
 1648182774 ,831fdb8e-b991-35e9-9adc-664333bec523,  -14.280570 ,  -49.074490 ,2023-09-02 17:37:00,Brasil,GOIÁS,CAMPINORTE,Cerrado
 1648182775 ,bf0c7133-2f44-3b9a-ba8e-7dcab5778343,  -18.816740 ,  -50.842390 ,2023-09-02 17:34:00,Brasil,GOIÁS,CACHOEIRA ALTA,Cerrado
 1648182776 ,78060252-9943-3e5b-9782-5fbe8e8bb410,  -18.815110 ,  -50.832060 ,2023-09-02 17:34:00,Brasil,GOIÁS,CACHOEIRA ALTA,Cerrado
 1648182777 ,53d6ecb4-9750-3dc5-bd97-ff6d4bc1bf31,  -18.807400 ,  -50.844020 ,2023-09-02 17:34:00,Brasil,GOIÁS,CACHOEIRA ALTA,Cerrado
 1648182778 ,39897e2e-d8a0-31f6-a4c0-6175b0d7f7b5,  -18.805780 ,  -50.833740 ,2023-09-02 17:34:00,Brasil,GOIÁS,CACHOEIRA ALTA,Cerrado
 1648182788 ,6df6cbd2-c1ba-3c41-9733-ffc41dd4c463,  -16.585840 ,  -50.678810 ,2023-09-02 17:37:00,Brasil,GOIÁS,MOIPORÁ,Cerrado
 1648182789 ,683e66ff-d51e-323b-a663-fff5b4983242,  -15.734630 ,  -51.129810 ,2023-09-02 17:37:00,Brasil,GOIÁS,SANTA FÉ DE GOIÁS,Cerrado
 1648182790 ,69429af3-6094-3e90-bfb6-a9a7ed78e537,  -18.729190 ,  -52.261590 ,2023-09-02 17:34:00,Brasil,GOIÁS,APORÉ,Cerrado
 1648182791 ,abecf73f-3574-3bee-a586-c30c6777cfc2,  -18.727790 ,  -52.252120 ,2023-09-02 17:34:00,Brasil,GOIÁS,APORÉ,Cerrado
 1648182792 ,3be3469d-eaa8-3a2a-9c1f-0af56a5e2eec,  -18.726390 ,  -52.242660 ,2023-09-02 17:34:00,Brasil,GOIÁS,APORÉ,Cerrado
 1648182793 ,c5ebcb2b-dc0b-3aac-a996-8e7f37f63be0,  -18.720220 ,  -52.263100 ,2023-09-02 17:34:00,Brasil,GOIÁS,APORÉ,Cerrado
 1648182794 ,26f97c25-e6df-3c40-bbe6-d2993db92a4f,  -18.718820 ,  -52.253640 ,2023-09-02 17:34:00,Brasil,GOIÁS,APORÉ,Cerrado
 1648278026 ,547f951e-4417-346a-97ad-84c2abdb53dc,  -14.978010 ,  -49.568200 ,2023-09-03 16:39:00,Brasil,GOIÁS,ITAPACI,Cerrado
 1648278027 ,83ed4f29-26a2-3b4d-a1e1-4ee6b78b24b0,  -14.966230 ,  -49.562580 ,2023-09-03 16:39:00,Brasil,GOIÁS,ITAPACI,Cerrado
 1648278030 ,c2034668-89b7-3de1-91c3-883dc292f744,  -14.802740 ,  -48.288820 ,2023-09-03 16:39:00,Brasil,GOIÁS,NIQUELÂNDIA,Cerrado
 1648278031 ,9c30b45e-a225-3420-8d0c-87f233d0e61b,  -14.786510 ,  -48.267680 ,2023-09-03 16:39:00,Brasil,GOIÁS,NIQUELÂNDIA,Cerrado
 1648278032 ,e205b2cf-2fc9-3cef-aa9e-79e4f829842e,  -14.609150 ,  -47.752580 ,2023-09-03 16:39:00,Brasil,GOIÁS,SÃO JOÃO D'ALIANÇA,Cerrado
 1648278033 ,5b203d24-f69f-3d5e-a658-e1999454bd89,  -14.607460 ,  -47.759930 ,2023-09-03 16:39:00,Brasil,GOIÁS,SÃO JOÃO D'ALIANÇA,Cerrado
 1648278045 ,ff1bc32b-3280-3c18-8967-e269488f1f72,  -13.851720 ,  -48.013380 ,2023-09-03 16:39:00,Brasil,GOIÁS,COLINAS DO SUL,Cerrado
 1648278046 ,bd9d28cf-c02f-36cd-b107-e25b9187b909,  -13.848610 ,  -47.986310 ,2023-09-03 16:39:00,Brasil,GOIÁS,COLINAS DO SUL,Cerrado
 1648278056 ,00c71f72-c7de-3c56-b1d5-23302e69f160,  -12.756880 ,  -50.312610 ,2023-09-03 16:41:00,Brasil,GOIÁS,SÃO MIGUEL DO ARAGUAIA,Cerrado
 1648278057 ,cd180c98-1485-35ac-babf-c58cc3a4f4b7,  -12.754930 ,  -50.316670 ,2023-09-03 16:41:00,Brasil,GOIÁS,SÃO MIGUEL DO ARAGUAIA,Cerrado
 1648449056 ,6d451be6-4575-330a-be43-8014506d092c,  -13.558220 ,  -47.634460 ,2023-09-04 17:22:00,Brasil,GOIÁS,CAVALCANTE,Cerrado
 1648449055 ,2479237a-6bc0-3fe5-bea6-dc5a3ddcdb0b,  -13.753400 ,  -47.117810 ,2023-09-04 17:22:00,Brasil,GOIÁS,NOVA ROMA,Cerrado
 1648449058 ,84ef7b86-0aef-3db6-af88-66e8a89c46f8,  -13.629610 ,  -48.089590 ,2023-09-04 17:22:00,Brasil,GOIÁS,CAVALCANTE,Cerrado
 1648449059 ,e87c43fb-07d0-371b-aeda-5ac1477149c9,  -13.628050 ,  -48.079580 ,2023-09-04 17:22:00,Brasil,GOIÁS,CAVALCANTE,Cerrado
 1648449064 ,5950e718-f563-3c0f-92f7-3ef526494ab8,  -14.840380 ,  -48.457780 ,2023-09-04 17:22:00,Brasil,GOIÁS,NIQUELÂNDIA,Cerrado
 1648449065 ,2e220c04-5bc9-374c-bb7f-6e1c96a641e7,  -14.694730 ,  -46.978750 ,2023-09-04 17:22:00,Brasil,GOIÁS,FLORES DE GOIÁS,Cerrado
 1648449066 ,26af42b3-fdcd-3f4c-a3b9-3b8e4a9e5f0b,  -14.101920 ,  -47.969670 ,2023-09-04 17:22:00,Brasil,GOIÁS,COLINAS DO SUL,Cerrado
 1648449067 ,6824567c-8998-3271-bb8a-3cc89f56a188,  -14.039210 ,  -47.050630 ,2023-09-04 17:22:00,Brasil,GOIÁS,NOVA ROMA,Cerrado
 1648449068 ,d9d15f74-78bd-39c8-8ec6-202df3475548,  -13.732850 ,  -47.904790 ,2023-09-04 17:22:00,Brasil,GOIÁS,CAVALCANTE,Cerrado
 1648449069 ,c1220ebd-edbd-3491-8260-3862a5e23871,  -14.437100 ,  -48.355110 ,2023-09-04 17:22:00,Brasil,GOIÁS,NIQUELÂNDIA,Cerrado
 1648449070 ,45e95dd8-3b36-3f9b-9700-a9e885d10ffe,  -13.844960 ,  -47.847900 ,2023-09-04 17:22:00,Brasil,GOIÁS,CAVALCANTE,Cerrado
 1648449071 ,8083e214-2d3b-36bb-83bd-111e1610ed37,  -15.128670 ,  -48.531560 ,2023-09-04 17:22:00,Brasil,GOIÁS,MIMOSO DE GOIÁS,Cerrado
 1648449072 ,db9301e0-f028-3bfa-936a-86108de7226c,  -15.388330 ,  -47.600890 ,2023-09-04 17:22:00,Brasil,GOIÁS,PLANALTINA,Cerrado
 1648449073 ,697b7047-41a6-3e34-81e6-84def4f2d30e,  -17.228670 ,  -48.528480 ,2023-09-04 17:22:00,Brasil,GOIÁS,SANTA CRUZ DE GOIÁS,Cerrado
 1648449074 ,29279fb5-eea1-3985-a836-47e4392f573b,  -17.227250 ,  -48.518980 ,2023-09-04 17:22:00,Brasil,GOIÁS,SANTA CRUZ DE GOIÁS,Cerrado
 1648449075 ,59646a4c-8687-31c9-94ff-9587be095caa,  -18.328650 ,  -48.241880 ,2023-09-04 17:22:00,Brasil,GOIÁS,ANHANGUERA,Mata Atlântica
 1648449136 ,54659e2d-bc27-3614-841f-9386b7fc84b4,  -13.450040 ,  -50.647860 ,2023-09-04 17:22:00,Brasil,GOIÁS,NOVA CRIXÁS,Cerrado
 1648449150 ,059471d2-5f09-3501-8e41-8877b05a1c16,  -13.664510 ,  -49.407010 ,2023-09-04 17:22:00,Brasil,GOIÁS,PORANGATU,Cerrado
 1648449151 ,2def2e5f-2fac-31e3-9419-a78825a1856b,  -13.313820 ,  -48.657630 ,2023-09-04 17:22:00,Brasil,GOIÁS,MONTIVIDIU DO NORTE,Cerrado
 1648449155 ,5a445728-1b73-3d7a-ac28-4104518b4970,  -15.173920 ,  -48.770900 ,2023-09-04 17:22:00,Brasil,GOIÁS,VILA PROPÍCIO,Cerrado
 1648449156 ,9d9a1fd9-f282-31f9-9e30-f0703c21c4d2,  -15.183530 ,  -48.710430 ,2023-09-04 17:22:00,Brasil,GOIÁS,VILA PROPÍCIO,Cerrado
 1648449157 ,89649ed0-1924-3f97-a8ec-88659bd294fc,  -15.180150 ,  -48.750320 ,2023-09-04 17:22:00,Brasil,GOIÁS,VILA PROPÍCIO,Cerrado
 1648449158 ,08be7428-482b-3624-889c-ea5039b70fdb,  -15.191580 ,  -48.713250 ,2023-09-04 17:22:00,Brasil,GOIÁS,VILA PROPÍCIO,Cerrado
 1648449224 ,1d433108-04b0-3d68-a17a-8abe29b0c018,  -13.731560 ,  -50.427290 ,2023-09-04 17:22:00,Brasil,GOIÁS,MUNDO NOVO,Cerrado
 1648449225 ,7c7f26d7-e347-382a-beea-de2351df6e64,  -13.440400 ,  -50.645680 ,2023-09-04 17:22:00,Brasil,GOIÁS,NOVA CRIXÁS,Cerrado
 1648449226 ,3556df7c-a1de-3719-9df8-50cbae07c8ca,  -12.760160 ,  -50.330120 ,2023-09-04 17:22:00,Brasil,GOIÁS,SÃO MIGUEL DO ARAGUAIA,Cerrado
 1648449230 ,256a1d8f-0cdf-3fe1-ad4f-0e0c7d9c97e7,  -17.475710 ,  -52.026790 ,2023-09-04 17:22:00,Brasil,GOIÁS,CAIAPÔNIA,Cerrado
 1648449231 ,71c92bbc-e697-377c-b351-9828e31198bd,  -19.055600 ,  -51.309640 ,2023-09-04 17:22:00,Brasil,GOIÁS,ITAJÁ,Cerrado
 1648449232 ,339b7ea9-acac-3557-8dd7-eafc5e10b67c,  -19.054230 ,  -51.299180 ,2023-09-04 17:22:00,Brasil,GOIÁS,ITAJÁ,Cerrado
 1648449302 ,1abb9d37-6711-3f78-976d-28e4e03e67de,  -17.450540 ,  -52.609020 ,2023-09-04 17:22:00,Brasil,GOIÁS,MINEIROS,Cerrado
 1647733250 ,de72bb96-38b2-3ee3-8d6c-2a4208fbbb9a,  -15.986300 ,  -49.067810 ,2023-08-31 17:49:00,Brasil,GOIÁS,PIRENÓPOLIS,Cerrado
 1647733251 ,beb65633-f0c9-32af-8c99-20095d70cbea,  -15.985390 ,  -49.073150 ,2023-08-31 17:49:00,Brasil,GOIÁS,PIRENÓPOLIS,Cerrado
 1647733347 ,ea8ea9d5-becc-3134-9df8-cbf58a28c87a,  -15.603780 ,  -50.422110 ,2023-08-31 17:52:00,Brasil,GOIÁS,FAINA,Cerrado
 1648708567 ,a6c7bb13-f6b2-36c5-bafc-77d9212ce5af,  -16.449190 ,  -49.444630 ,2023-09-05 18:04:00,Brasil,GOIÁS,GOIANIRA,Cerrado
 1648955717 ,219c6081-d309-397a-bb1d-d6aa134ae3d7,  -14.411110 ,  -46.085870 ,2023-09-06 17:07:00,Brasil,GOIÁS,MAMBAÍ,Cerrado
 1648955806 ,68e3fbba-ad14-32ae-a3c1-eb1e53d0fd6a,  -15.028900 ,  -48.173040 ,2023-09-06 17:07:00,Brasil,GOIÁS,MIMOSO DE GOIÁS,Cerrado
 1648955807 ,5f40639e-80c3-3d36-a501-c0fdcaae548a,  -15.020980 ,  -48.184450 ,2023-09-06 17:07:00,Brasil,GOIÁS,MIMOSO DE GOIÁS,Cerrado
 1648955808 ,25bc06f3-56d1-3f3e-93df-cfb7610abcd4,  -14.241300 ,  -48.181880 ,2023-09-06 17:07:00,Brasil,GOIÁS,NIQUELÂNDIA,Cerrado
 1648955809 ,96ba46e3-1e77-3b16-9c66-bdfca4d76da3,  -16.931730 ,  -48.595540 ,2023-09-06 17:07:00,Brasil,GOIÁS,SÃO MIGUEL DO PASSA QUATRO,Cerrado
 1648955890 ,87a3b641-7de7-31a5-acb3-83cdc66b1310,  -15.195240 ,  -48.719010 ,2023-09-06 17:07:00,Brasil,GOIÁS,VILA PROPÍCIO,Cerrado
 1648955891 ,7f5f6db8-f2df-36af-b06e-c07efeb4d7b4,  -14.501900 ,  -49.490120 ,2023-09-06 17:07:00,Brasil,GOIÁS,PILAR DE GOIÁS,Cerrado
 1648955892 ,54e5de58-9550-3048-acf1-3630e2f78c68,  -14.208120 ,  -49.037570 ,2023-09-06 17:07:00,Brasil,GOIÁS,URUAÇU,Cerrado
 1649144673 ,6d052ac3-a486-3cfa-bc0a-492b0968a0c2,  -18.828780 ,  -50.660300 ,2023-09-07 17:49:00,Brasil,GOIÁS,PARANAIGUARA,Cerrado
 1649144674 ,fcfecbae-be3d-3784-a017-df52dce88596,  -18.827270 ,  -50.671920 ,2023-09-07 17:49:00,Brasil,GOIÁS,PARANAIGUARA,Cerrado
 1649144675 ,5d303c94-50f5-330a-b4ac-8f5254e6b766,  -18.824380 ,  -50.655670 ,2023-09-07 17:49:00,Brasil,GOIÁS,PARANAIGUARA,Mata Atlântica
 1649144676 ,75474451-d1f0-3d75-b226-b37e4f6d2276,  -18.820090 ,  -50.678910 ,2023-09-07 17:49:00,Brasil,GOIÁS,PARANAIGUARA,Cerrado
 1649144677 ,bcdf6097-2892-3f3f-a490-7306124f746f,  -18.817320 ,  -50.662730 ,2023-09-07 17:49:00,Brasil,GOIÁS,PARANAIGUARA,Cerrado
 1649144678 ,4f953d28-d505-3f53-8c98-1ebeb44a555e,  -18.814510 ,  -50.646340 ,2023-09-07 17:49:00,Brasil,GOIÁS,PARANAIGUARA,Mata Atlântica
 1649144679 ,ec22c7c7-5b66-3ce6-97fd-93519d8a4209,  -18.811700 ,  -50.629940 ,2023-09-07 17:49:00,Brasil,GOIÁS,PARANAIGUARA,Mata Atlântica
 1649144680 ,3c480aeb-e80c-3e38-9c84-5174f3b5059b,  -18.809960 ,  -50.641530 ,2023-09-07 17:49:00,Brasil,GOIÁS,PARANAIGUARA,Mata Atlântica
 1649144681 ,514cb799-8b13-3e07-bc60-4d3f8ed63075,  -18.807030 ,  -50.625200 ,2023-09-07 17:49:00,Brasil,GOIÁS,PARANAIGUARA,Mata Atlântica
 1649144682 ,7e3fbc75-b781-391d-a775-bdd20c220797,  -18.785780 ,  -50.617810 ,2023-09-07 17:49:00,Brasil,GOIÁS,PARANAIGUARA,Mata Atlântica
 1649144683 ,20efb26b-9d1a-3647-8c50-6838a5b3cde2,  -18.464540 ,  -51.834560 ,2023-09-07 17:49:00,Brasil,GOIÁS,SERRANÓPOLIS,Cerrado
 1649144684 ,f995e9b9-aa76-36a3-9cfa-6a1cfbca8183,  -18.461740 ,  -51.840840 ,2023-09-07 17:49:00,Brasil,GOIÁS,SERRANÓPOLIS,Cerrado
 1649144685 ,df231e52-83f0-3184-be6a-54e193746863,  -18.459530 ,  -51.827470 ,2023-09-07 17:49:00,Brasil,GOIÁS,SERRANÓPOLIS,Cerrado
 1649144686 ,2ff8aa6f-1862-3153-945a-834ba14ad6a3,  -18.185370 ,  -51.092030 ,2023-09-07 17:49:00,Brasil,GOIÁS,RIO VERDE,Cerrado
 1649144687 ,2743863f-86d6-39b5-a726-fd3e354d21a9,  -18.091630 ,  -52.290000 ,2023-09-07 17:49:00,Brasil,GOIÁS,SERRANÓPOLIS,Cerrado
 1649144688 ,881ea49a-06fd-34df-b06a-39e4dbaaa952,  -17.659920 ,  -50.136120 ,2023-09-07 17:49:00,Brasil,GOIÁS,EDÉIA,Cerrado
 1649144689 ,1f8c84b3-0c12-3ff3-8a9d-47551c31fc96,  -17.656650 ,  -50.117790 ,2023-09-07 17:49:00,Brasil,GOIÁS,EDÉIA,Cerrado
 1649144690 ,4cb0f134-11bd-3c2a-ac0c-48e7e8f75bba,  -17.650970 ,  -50.156810 ,2023-09-07 17:49:00,Brasil,GOIÁS,EDÉIA,Cerrado
 1649144691 ,1003f1bd-7ed3-328c-92d9-0abf0d51dada,  -17.647680 ,  -50.138480 ,2023-09-07 17:49:00,Brasil,GOIÁS,EDÉIA,Cerrado
 1649144692 ,5e2ca57e-9101-3c27-90dd-21389ff335ef,  -17.050360 ,  -48.147270 ,2023-09-07 17:49:00,Brasil,GOIÁS,ORIZONA,Cerrado
 1649144693 ,487aefb5-71ea-345c-bd7c-ed958086c5ea,  -17.049920 ,  -48.152340 ,2023-09-07 17:49:00,Brasil,GOIÁS,ORIZONA,Cerrado
 1649144694 ,99f47fbb-6d74-302e-b8e4-c5ac9b79f08a,  -16.771730 ,  -50.782730 ,2023-09-07 17:49:00,Brasil,GOIÁS,CACHOEIRA DE GOIÁS,Cerrado
 1649144695 ,bce51d9e-5caf-3e9a-905a-7f782db9b208,  -16.768760 ,  -50.622840 ,2023-09-07 17:49:00,Brasil,GOIÁS,CACHOEIRA DE GOIÁS,Cerrado
 1649144696 ,bc113536-8eda-315c-ab4c-42d3d37f2822,  -16.608050 ,  -50.731970 ,2023-09-07 17:49:00,Brasil,GOIÁS,CACHOEIRA DE GOIÁS,Cerrado
 1649144697 ,2e8ef847-b6f9-3b79-8146-516994163a15,  -16.370860 ,  -52.659510 ,2023-09-07 17:49:00,Brasil,GOIÁS,BALIZA,Cerrado
 1649144698 ,df6112bf-ac12-3c98-980a-55dcd8265f2c,  -16.368800 ,  -52.646830 ,2023-09-07 17:49:00,Brasil,GOIÁS,BALIZA,Cerrado
 1649144699 ,23eed308-8171-37a9-9cb4-4bf4a6ef87d2,  -16.360430 ,  -52.661320 ,2023-09-07 17:49:00,Brasil,GOIÁS,BALIZA,Cerrado
 1649144700 ,468bebc6-fccf-3a23-aa2b-ac9333c87485,  -16.358360 ,  -52.648610 ,2023-09-07 17:49:00,Brasil,GOIÁS,BALIZA,Cerrado
 1649144701 ,e2e2b801-363d-3ba7-a2d6-ccc1527352c1,  -16.347890 ,  -52.650190 ,2023-09-07 17:49:00,Brasil,GOIÁS,BALIZA,Cerrado
 1649144702 ,109a5dc4-f1c2-39ef-b954-17940b1f7a81,  -16.345830 ,  -52.637560 ,2023-09-07 17:49:00,Brasil,GOIÁS,BALIZA,Cerrado
 1649144706 ,b853af23-a4c1-3418-a701-df8f057271d5,  -15.661330 ,  -50.387210 ,2023-09-07 17:49:00,Brasil,GOIÁS,GOIÁS,Cerrado
 1649144707 ,db8e9cfb-a72e-3e83-8976-2d789525e71a,  -15.136740 ,  -48.754800 ,2023-09-07 17:49:00,Brasil,GOIÁS,VILA PROPÍCIO,Cerrado
 1649144708 ,aec4af41-a1b5-32bf-b9fe-218839c68cc8,  -15.135610 ,  -48.759590 ,2023-09-07 17:49:00,Brasil,GOIÁS,VILA PROPÍCIO,Cerrado
 1649144709 ,65b52b14-a937-300d-a2fd-883c1e6cede9,  -15.097130 ,  -48.548070 ,2023-09-07 17:49:00,Brasil,GOIÁS,MIMOSO DE GOIÁS,Cerrado
 1649144710 ,0d35e8a8-ece6-3cea-a0a6-5ecb3626be91,  -15.096720 ,  -48.543430 ,2023-09-07 17:49:00,Brasil,GOIÁS,MIMOSO DE GOIÁS,Cerrado
 1649144711 ,8d145423-3132-3706-b164-897a3070bbbe,  -14.532880 ,  -49.158410 ,2023-09-07 17:49:00,Brasil,GOIÁS,URUAÇU,Cerrado
 1649144712 ,c4b3b612-cf52-3f27-8882-2b77af23b007,  -14.273110 ,  -48.321270 ,2023-09-07 17:49:00,Brasil,GOIÁS,NIQUELÂNDIA,Cerrado
 1649144713 ,67294659-769e-3f80-87a6-0abd187e7a65,  -13.643910 ,  -48.079220 ,2023-09-07 17:49:00,Brasil,GOIÁS,CAVALCANTE,Cerrado
 1649144714 ,fe37a108-8b88-3d51-aef4-ad672b1c79df,  -13.642720 ,  -48.055460 ,2023-09-07 17:49:00,Brasil,GOIÁS,CAVALCANTE,Cerrado
 1649144715 ,0f8dde8c-a334-30e5-ab4b-e21c2f77541e,  -13.638050 ,  -48.048230 ,2023-09-07 17:49:00,Brasil,GOIÁS,CAVALCANTE,Cerrado
 1649144716 ,8547f508-7d4c-31da-bb18-df799f41de1d,  -13.468760 ,  -50.646800 ,2023-09-07 17:49:00,Brasil,GOIÁS,NOVA CRIXÁS,Cerrado
 1649144717 ,b812c0a7-f74d-3a74-87fc-722063a2ee5d,  -13.466620 ,  -50.642060 ,2023-09-07 17:49:00,Brasil,GOIÁS,NOVA CRIXÁS,Cerrado
 1649144718 ,47158e14-85d5-3243-b55e-4052ccff2d2c,  -13.453810 ,  -50.644400 ,2023-09-07 17:49:00,Brasil,GOIÁS,NOVA CRIXÁS,Cerrado
 1649144719 ,18fb29f1-0a4e-305e-a55f-1adcf4d14fad,  -13.443160 ,  -50.651550 ,2023-09-07 17:49:00,Brasil,GOIÁS,NOVA CRIXÁS,Cerrado
 1649357881 ,f478611c-0acb-39a1-8581-71bf8918aac5,  -13.244800 ,  -46.536330 ,2023-09-08 16:54:00,Brasil,GOIÁS,DIVINÓPOLIS DE GOIÁS,Cerrado
 1649357882 ,4feb96b4-4763-3e70-adc5-b14e3649089b,  -13.234580 ,  -46.537690 ,2023-09-08 16:54:00,Brasil,GOIÁS,DIVINÓPOLIS DE GOIÁS,Cerrado
 1649357883 ,98dee85d-4836-389b-8d49-e4bf43c5112f,  -13.222780 ,  -46.526930 ,2023-09-08 16:54:00,Brasil,GOIÁS,DIVINÓPOLIS DE GOIÁS,Cerrado
 1649358331 ,b3ef2551-8cdd-37c9-b4f4-0ba3098872ba,  -14.602850 ,  -48.202630 ,2023-09-08 16:54:00,Brasil,GOIÁS,NIQUELÂNDIA,Cerrado
 1649358332 ,c3f0b037-9dc8-3dd4-8ec0-f495215c10b5,  -13.844590 ,  -47.991150 ,2023-09-08 16:54:00,Brasil,GOIÁS,COLINAS DO SUL,Cerrado
 1649358333 ,43ee2638-4224-361c-ba6a-6e37aae475c0,  -13.841510 ,  -47.986500 ,2023-09-08 16:54:00,Brasil,GOIÁS,COLINAS DO SUL,Cerrado
 1649358334 ,7a6b7ef2-51fb-3777-b47c-82d4f278a1f5,  -15.135910 ,  -48.126710 ,2023-09-08 16:52:00,Brasil,GOIÁS,MIMOSO DE GOIÁS,Cerrado
 1649358335 ,c549bddb-c550-321c-8e0b-617c9d505b8b,  -15.130110 ,  -48.132550 ,2023-09-08 16:52:00,Brasil,GOIÁS,MIMOSO DE GOIÁS,Cerrado
 1649358336 ,4203195d-c844-3134-8fe3-45b3002c6135,  -15.569760 ,  -47.172790 ,2023-09-08 16:52:00,Brasil,GOIÁS,FORMOSA,Cerrado
 1649358337 ,6b26ae1e-38b7-3277-82f6-ca31b8fb33cc,  -15.567990 ,  -47.158150 ,2023-09-08 16:52:00,Brasil,GOIÁS,FORMOSA,Cerrado
 1649358338 ,6368fa34-0902-3182-8173-ff2bc3343dd7,  -15.567740 ,  -47.163560 ,2023-09-08 16:52:00,Brasil,GOIÁS,FORMOSA,Cerrado
 1649358339 ,617d52aa-60c3-37c3-a163-cc842d8df868,  -17.319810 ,  -48.683180 ,2023-09-08 16:52:00,Brasil,GOIÁS,SANTA CRUZ DE GOIÁS,Cerrado
 1649358340 ,93b2dd11-17f1-3e9f-b8dc-0a89a2508baf,  -17.317540 ,  -48.669460 ,2023-09-08 16:52:00,Brasil,GOIÁS,SANTA CRUZ DE GOIÁS,Cerrado
 1649358341 ,9d3d73a5-0c7e-361e-89dd-8d85ada3911b,  -17.317540 ,  -48.662780 ,2023-09-08 16:52:00,Brasil,GOIÁS,SANTA CRUZ DE GOIÁS,Cerrado
 1649358423 ,42c3072e-ccf7-3a9a-9b06-172cffbf8013,  -15.154820 ,  -48.742340 ,2023-09-08 16:52:00,Brasil,GOIÁS,VILA PROPÍCIO,Cerrado
 1649358424 ,9caae091-591b-3667-bed9-c98198eee73e,  -14.875600 ,  -49.135540 ,2023-09-08 16:54:00,Brasil,GOIÁS,SÃO LUIZ DO NORTE,Cerrado
 1649358425 ,04dd0317-c54b-3758-9888-7eef5ef4691c,  -14.048030 ,  -48.777150 ,2023-09-08 16:54:00,Brasil,GOIÁS,URUAÇU,Cerrado
 1649358426 ,d1ba52a4-200a-36a2-9d28-39299da9ff5f,  -16.449920 ,  -49.035260 ,2023-09-08 16:52:00,Brasil,GOIÁS,TEREZÓPOLIS DE GOIÁS,Cerrado
 1649358427 ,0825b9c9-38b6-3c19-96dc-df03d4127bab,  -18.470480 ,  -49.445800 ,2023-09-08 16:52:00,Brasil,GOIÁS,CACHOEIRA DOURADA,Cerrado
 1649358428 ,541eec4d-ec1b-3ab1-83e4-d8177c8d12c6,  -18.067050 ,  -50.168540 ,2023-09-08 16:52:00,Brasil,GOIÁS,PORTEIRÃO,Cerrado
 1649358495 ,e8071ff8-1b51-381d-8df5-836f2453d5ba,  -13.483210 ,  -50.672280 ,2023-09-08 16:54:00,Brasil,GOIÁS,NOVA CRIXÁS,Cerrado
 1649358496 ,c28efcdd-f560-37d2-a35c-6588706568c4,  -13.469080 ,  -50.673970 ,2023-09-08 16:54:00,Brasil,GOIÁS,NOVA CRIXÁS,Cerrado
 1649358497 ,42ccf8df-a150-3578-827b-7cf4424e0c97,  -13.462360 ,  -50.654560 ,2023-09-08 16:54:00,Brasil,GOIÁS,NOVA CRIXÁS,Cerrado
 1649358498 ,56b85d45-406f-3a23-9c11-c03c15f7b02e,  -13.452130 ,  -50.650940 ,2023-09-08 16:54:00,Brasil,GOIÁS,NOVA CRIXÁS,Cerrado
 1649358503 ,fc0cb852-c3cd-3aa3-8484-007799667cb3,  -14.596550 ,  -50.886380 ,2023-09-08 16:54:00,Brasil,GOIÁS,ARUANÃ,Cerrado
 1649358504 ,0881f99a-9258-3172-ae9d-0fa2df73a2ee,  -14.593540 ,  -50.859570 ,2023-09-08 16:54:00,Brasil,GOIÁS,NOVA CRIXÁS,Cerrado
 1649358505 ,49d44942-c8bb-3996-90c5-c1dd2dc625ed,  -15.908630 ,  -50.865630 ,2023-09-08 16:52:00,Brasil,GOIÁS,JUSSARA,Cerrado
 1649358506 ,e62cb19e-54cb-39b4-9fea-c1f371027f0a,  -15.905680 ,  -50.837430 ,2023-09-08 16:52:00,Brasil,GOIÁS,JUSSARA,Cerrado
 1649358507 ,331c3417-2a03-36ec-8188-5d195b905451,  -15.905480 ,  -50.844410 ,2023-09-08 16:52:00,Brasil,GOIÁS,JUSSARA,Cerrado
 1647551462 ,27412907-c24d-33d3-8f7b-58466d368977,  -17.049870 ,  -50.738040 ,2023-08-30 17:09:00,Brasil,GOIÁS,PARAÚNA,Cerrado
 1647551466 ,b22ce228-15b5-3756-b720-9255542a6962,  -16.436540 ,  -47.784700 ,2023-08-30 17:09:00,Brasil,GOIÁS,LUZIÂNIA,Cerrado
 1647551467 ,e2288799-9da4-3433-92d7-360158802775,  -15.528200 ,  -51.473030 ,2023-08-30 17:09:00,Brasil,GOIÁS,JUSSARA,Cerrado
 1649564752 ,3048b170-f070-399d-a4f7-e4a0ec849ed1,  -19.020580 ,  -51.061080 ,2023-09-09 17:34:00,Brasil,GOIÁS,ITARUMÃ,Cerrado
 1649564811 ,2d428b7e-ea9b-3cde-a27e-f8b76b51e948,  -17.835470 ,  -48.511070 ,2023-09-09 17:34:00,Brasil,GOIÁS,IPAMERI,Cerrado
 1649564815 ,a24a14b8-ac89-390a-85ac-af6c6e6bc5a4,  -17.108360 ,  -52.138500 ,2023-09-09 17:34:00,Brasil,GOIÁS,CAIAPÔNIA,Cerrado
 1649564816 ,5f890705-838a-330b-a0f1-bd747e5d6441,  -17.047370 ,  -48.156250 ,2023-09-09 17:34:00,Brasil,GOIÁS,ORIZONA,Cerrado
 1649564817 ,4fd35dfe-058e-34f0-b494-5e7339b8699c,  -16.356070 ,  -52.656630 ,2023-09-09 17:34:00,Brasil,GOIÁS,BALIZA,Cerrado
 1649564818 ,60363afe-7da3-3294-b6c9-d370639c602a,  -16.225600 ,  -52.399160 ,2023-09-09 17:34:00,Brasil,GOIÁS,BALIZA,Cerrado
 1649564819 ,bd144ec7-faea-3f84-8530-699ac1d1daf7,  -16.224230 ,  -52.389860 ,2023-09-09 17:34:00,Brasil,GOIÁS,BALIZA,Cerrado
 1649564820 ,d62d575b-b45b-3bb7-9b0c-3a5adfc33dba,  -15.898940 ,  -52.247050 ,2023-09-09 17:34:00,Brasil,GOIÁS,ARAGARÇAS,Cerrado
 1649564825 ,04aefcca-99da-3f4a-a7c4-49db6ca929e9,  -14.883040 ,  -49.137330 ,2023-09-09 17:34:00,Brasil,GOIÁS,SÃO LUIZ DO NORTE,Cerrado
 1649564826 ,678c008d-2596-35c2-95ab-b5079e64c481,  -14.877220 ,  -48.356880 ,2023-09-09 17:34:00,Brasil,GOIÁS,NIQUELÂNDIA,Cerrado
 1649564827 ,71340933-b274-3756-9f05-b848e3142bb0,  -14.865980 ,  -48.358460 ,2023-09-09 17:34:00,Brasil,GOIÁS,NIQUELÂNDIA,Cerrado
 1649564828 ,52851516-88c1-39aa-b9d2-45dcccc718fa,  -14.762540 ,  -47.466750 ,2023-09-09 17:34:00,Brasil,GOIÁS,SÃO JOÃO D'ALIANÇA,Cerrado
 1649598724 ,5f505b96-fac0-36be-95e6-cc9bf67d3d1b,  -13.811800 ,  -48.051240 ,2023-09-09 17:34:00,Brasil,GOIÁS,COLINAS DO SUL,Cerrado
 1649598725 ,6a7304ca-b837-3f4f-98da-2792d1b5abb6,  -13.808760 ,  -48.033310 ,2023-09-09 17:34:00,Brasil,GOIÁS,COLINAS DO SUL,Cerrado
 1649598757 ,5ed98e53-9580-359e-80c8-50c7429a6577,  -13.699560 ,  -48.410600 ,2023-09-09 17:34:00,Brasil,GOIÁS,MINAÇU,Cerrado
 1649598820 ,62676343-7994-3cd6-aa88-937d4bb44187,  -13.457070 ,  -50.660670 ,2023-09-09 17:34:00,Brasil,GOIÁS,NOVA CRIXÁS,Cerrado
 1649769930 ,2af9f038-ec06-335a-9b81-26cd78910fd8,  -14.865330 ,  -48.354220 ,2023-09-10 16:39:00,Brasil,GOIÁS,NIQUELÂNDIA,Cerrado
 1649769935 ,fc1423a8-db11-397a-b6af-cb8a9e008651,  -14.805660 ,  -46.720990 ,2023-09-10 16:39:00,Brasil,GOIÁS,FLORES DE GOIÁS,Cerrado
 1649769936 ,1bbf3215-f74d-3ec9-9ba1-b4df29ffb276,  -14.801050 ,  -46.727960 ,2023-09-10 16:39:00,Brasil,GOIÁS,FLORES DE GOIÁS,Cerrado
 1649769937 ,cedd5017-2229-3ce3-b956-ee1c4a283cde,  -14.798210 ,  -46.703870 ,2023-09-10 16:39:00,Brasil,GOIÁS,FLORES DE GOIÁS,Cerrado
 1649769938 ,205bf60d-7899-3b4d-879c-808210e71c7d,  -14.794120 ,  -46.746270 ,2023-09-10 16:39:00,Brasil,GOIÁS,FLORES DE GOIÁS,Cerrado
 1649769939 ,b23b5cbc-6311-317d-925a-2d7a408ff017,  -14.791420 ,  -46.721720 ,2023-09-10 16:39:00,Brasil,GOIÁS,FLORES DE GOIÁS,Cerrado
 1649769942 ,25723690-db36-3f6d-9211-ca19f014d2cc,  -14.628690 ,  -48.235990 ,2023-09-10 16:39:00,Brasil,GOIÁS,NIQUELÂNDIA,Cerrado
 1649769943 ,919ff0fc-b27d-301d-ac03-21909ad9186c,  -14.626210 ,  -48.260690 ,2023-09-10 16:39:00,Brasil,GOIÁS,NIQUELÂNDIA,Cerrado
 1649769948 ,1598c14d-e012-3d5d-90a5-28402b4403ad,  -14.478630 ,  -47.043730 ,2023-09-10 16:39:00,Brasil,GOIÁS,FLORES DE GOIÁS,Cerrado
 1649769949 ,1614dc2f-3c37-3107-8358-d706dc1c9e60,  -14.475860 ,  -47.050960 ,2023-09-10 16:39:00,Brasil,GOIÁS,FLORES DE GOIÁS,Cerrado
 1649769950 ,872ec466-dcb6-33b9-9fec-dd1a894b9c4a,  -14.472790 ,  -47.024930 ,2023-09-10 16:39:00,Brasil,GOIÁS,FLORES DE GOIÁS,Cerrado
 1649769960 ,7c6d8bba-0c24-36a8-9a5f-48402d2e2eb6,  -13.805560 ,  -48.057910 ,2023-09-10 16:39:00,Brasil,GOIÁS,COLINAS DO SUL,Cerrado
 1649769961 ,5b959532-8641-3dcb-a7ac-90d18e1f08fb,  -13.802560 ,  -48.030950 ,2023-09-10 16:39:00,Brasil,GOIÁS,COLINAS DO SUL,Cerrado
 1657893973 ,bb8559a4-6fc4-3ada-9aa7-604a8a6b63e6,  -17.612340 ,  -52.367170 ,2023-10-24 17:45:00,Brasil,GOIÁS,MINEIROS,Cerrado
 1657893974 ,e4785e14-3d30-34bf-ac28-4d86fc58615b,  -16.299700 ,  -52.422590 ,2023-10-24 17:45:00,Brasil,GOIÁS,BALIZA,Cerrado
 1657893975 ,e7f90d59-1519-3aec-9dcf-0876b37a656e,  -16.297940 ,  -52.411560 ,2023-10-24 17:45:00,Brasil,GOIÁS,BALIZA,Cerrado
 1650015452 ,0fd641bc-b429-3306-a7c8-b69d5c52ecb4,  -17.222020 ,  -48.029330 ,2023-09-11 17:20:00,Brasil,GOIÁS,IPAMERI,Cerrado
 1650015576 ,8c888790-9a26-3ac0-b0b7-467f4db679d0,  -18.900590 ,  -51.546110 ,2023-09-11 17:20:00,Brasil,GOIÁS,ITAJÁ,Cerrado
 1650015578 ,48c8684a-04ae-3662-ac9e-23e90888d0f6,  -18.817760 ,  -51.293110 ,2023-09-11 17:20:00,Brasil,GOIÁS,ITARUMÃ,Cerrado
 1650015592 ,656e9b23-780e-3e82-8fe3-fe9b451de2fd,  -18.117210 ,  -48.227020 ,2023-09-11 17:20:00,Brasil,GOIÁS,GOIANDIRA,Cerrado
 1650015593 ,4863f10b-c425-3fda-ad26-661d757681df,  -18.115820 ,  -48.217620 ,2023-09-11 17:20:00,Brasil,GOIÁS,GOIANDIRA,Cerrado
 1650015598 ,87506710-22c8-34ed-9fec-e8cf7d8c8288,  -17.829030 ,  -48.586270 ,2023-09-11 17:20:00,Brasil,GOIÁS,CALDAS NOVAS,Cerrado
 1650015599 ,3336255e-1b1b-3ea3-b465-a0aa4ecee861,  -17.827670 ,  -48.576930 ,2023-09-11 17:20:00,Brasil,GOIÁS,CALDAS NOVAS,Cerrado
 1650015600 ,651720ad-2ef5-32ba-a109-76bde2b909dd,  -17.810640 ,  -48.397820 ,2023-09-11 17:20:00,Brasil,GOIÁS,IPAMERI,Cerrado
 1650015601 ,3b0a4a38-06ea-3009-b354-adb786a89f87,  -17.809260 ,  -48.388440 ,2023-09-11 17:20:00,Brasil,GOIÁS,IPAMERI,Cerrado
 1650015604 ,6d45e9e4-19aa-32d7-bcd4-17fb810eb8de,  -17.727910 ,  -48.465860 ,2023-09-11 17:20:00,Brasil,GOIÁS,IPAMERI,Cerrado
 1650015611 ,170caaeb-5b24-3ecd-a1bb-5fe86effa968,  -17.547870 ,  -47.690230 ,2023-09-11 17:20:00,Brasil,GOIÁS,CAMPO ALEGRE DE GOIÁS,Cerrado
 1650015616 ,de68e815-0916-3336-a86b-5246b9ed5731,  -17.306410 ,  -49.107110 ,2023-09-11 17:20:00,Brasil,GOIÁS,PIRACANJUBA,Cerrado
 1650015617 ,415c1c3c-bb1f-3d1a-9342-eb973a7c04da,  -17.296180 ,  -52.920900 ,2023-09-11 17:20:00,Brasil,GOIÁS,SANTA RITA DO ARAGUAIA,Cerrado
 1650015618 ,74aa900f-6d8a-3c2f-adba-722c8475b8c9,  -17.294510 ,  -52.907680 ,2023-09-11 17:20:00,Brasil,GOIÁS,MINEIROS,Cerrado
 1650015624 ,534e6058-6bbd-3b39-b30c-3b1aca6c731c,  -17.203280 ,  -47.603630 ,2023-09-11 17:20:00,Brasil,GOIÁS,IPAMERI,Cerrado
 1650015626 ,62de8618-843f-336f-8295-736a1d3585f9,  -17.016570 ,  -48.953430 ,2023-09-11 17:20:00,Brasil,GOIÁS,BELA VISTA DE GOIÁS,Cerrado
 1650015634 ,e621ac61-9761-34a3-bcab-d049e420614a,  -16.779160 ,  -52.147130 ,2023-09-11 17:20:00,Brasil,GOIÁS,CAIAPÔNIA,Cerrado
 1650015635 ,a442d848-15cc-3a0e-9e5e-2c495b5153be,  -16.757330 ,  -49.192690 ,2023-09-11 17:20:00,Brasil,GOIÁS,GOIÂNIA,Cerrado
 1650024283 ,003857ce-23ec-3c8d-a392-75dff21d3b96,  -16.366510 ,  -51.953550 ,2023-09-11 17:20:00,Brasil,GOIÁS,PIRANHAS,Cerrado
 1650024284 ,11efe53d-4f92-390e-af19-6b5d0605fd87,  -16.359580 ,  -52.673480 ,2023-09-11 17:20:00,Brasil,GOIÁS,BALIZA,Cerrado
 1650024285 ,342c3b36-60d4-3688-9d83-92671236b584,  -16.331260 ,  -52.614610 ,2023-09-11 17:20:00,Brasil,GOIÁS,BALIZA,Cerrado
 1650024286 ,1e0e141d-b66f-37f1-a420-321216bd8e3a,  -16.317190 ,  -52.666900 ,2023-09-11 17:20:00,Brasil,GOIÁS,BALIZA,Cerrado
 1650024287 ,3ab7f6cd-29c1-3737-a4b9-033bec3fc2d8,  -16.315610 ,  -52.654450 ,2023-09-11 17:20:00,Brasil,GOIÁS,BALIZA,Cerrado
 1650024288 ,f49cc377-5228-3d48-aad6-0dab76a045a3,  -16.307500 ,  -52.662430 ,2023-09-11 17:20:00,Brasil,GOIÁS,BALIZA,Cerrado
 1650024289 ,599dfe23-bb25-35c0-b61c-f74204cbc031,  -16.305870 ,  -52.650170 ,2023-09-11 17:20:00,Brasil,GOIÁS,BALIZA,Cerrado
 1650024290 ,5e152c7c-b468-3743-b86f-aa789cd36a3a,  -16.304210 ,  -52.483980 ,2023-09-11 17:20:00,Brasil,GOIÁS,BALIZA,Cerrado
 1650024919 ,587f1288-e03e-30e0-b0e8-b91922c57212,  -13.478480 ,  -47.707770 ,2023-09-11 17:20:00,Brasil,GOIÁS,CAVALCANTE,Cerrado
 1650024829 ,e8dad158-ea84-3b83-ba77-daf376249bb3,  -14.778670 ,  -46.763140 ,2023-09-11 17:20:00,Brasil,GOIÁS,FLORES DE GOIÁS,Cerrado
 1650024830 ,a9703dd4-dfc9-39a6-9876-f43f0247725c,  -14.777020 ,  -46.752620 ,2023-09-11 17:20:00,Brasil,GOIÁS,FLORES DE GOIÁS,Cerrado
 1650024831 ,3bb07612-9663-3730-bdff-bc075a74c70e,  -14.768930 ,  -46.764600 ,2023-09-11 17:20:00,Brasil,GOIÁS,FLORES DE GOIÁS,Cerrado
 1650024832 ,5b0914d7-b420-3200-989a-2cd0a636e086,  -14.767250 ,  -46.753890 ,2023-09-11 17:20:00,Brasil,GOIÁS,FLORES DE GOIÁS,Cerrado
 1650024833 ,b625d6fb-5de7-34a5-b8df-90c09c727cf9,  -14.755800 ,  -46.744530 ,2023-09-11 17:20:00,Brasil,GOIÁS,FLORES DE GOIÁS,Cerrado
 1650024834 ,c013f242-9c21-382d-85af-b96293232a43,  -14.746050 ,  -46.746010 ,2023-09-11 17:20:00,Brasil,GOIÁS,FLORES DE GOIÁS,Cerrado
 1650024957 ,38383d00-713e-3777-96e7-7f339fffaf11,  -13.908030 ,  -48.112000 ,2023-09-11 17:20:00,Brasil,GOIÁS,COLINAS DO SUL,Cerrado
 1650024853 ,95098b64-8a4b-3b47-8594-cc1884f27b42,  -14.982140 ,  -48.585240 ,2023-09-11 17:20:00,Brasil,GOIÁS,NIQUELÂNDIA,Cerrado
 1650024918 ,a9371037-52a2-3496-93f2-5e1980e4f639,  -13.508110 ,  -48.029670 ,2023-09-11 17:20:00,Brasil,GOIÁS,CAVALCANTE,Cerrado
 1650024958 ,f3d5913b-1a34-32a4-a8a8-6e4e61c8ffe8,  -13.898860 ,  -48.113700 ,2023-09-11 17:20:00,Brasil,GOIÁS,COLINAS DO SUL,Cerrado
 1650024942 ,1a540031-7769-3ac3-b83f-65c72f6c3c02,  -15.057840 ,  -48.045280 ,2023-09-11 17:20:00,Brasil,GOIÁS,ÁGUA FRIA DE GOIÁS,Cerrado
 1650024943 ,839069cd-14c5-33d4-b497-78687cd38875,  -15.056380 ,  -48.035610 ,2023-09-11 17:20:00,Brasil,GOIÁS,ÁGUA FRIA DE GOIÁS,Cerrado
 1650024944 ,5526c4bf-349f-3167-9044-17c4d4075a7e,  -15.048710 ,  -48.046790 ,2023-09-11 17:20:00,Brasil,GOIÁS,ÁGUA FRIA DE GOIÁS,Cerrado
 1650024945 ,54132f6b-7efb-3643-a9b3-892ac3e2920c,  -15.047260 ,  -48.037230 ,2023-09-11 17:20:00,Brasil,GOIÁS,ÁGUA FRIA DE GOIÁS,Cerrado
 1650024946 ,f5a3e68e-c9c8-346e-a6d9-57ff09c15524,  -15.040310 ,  -48.176200 ,2023-09-11 17:20:00,Brasil,GOIÁS,MIMOSO DE GOIÁS,Cerrado
 1650024947 ,30176668-ce48-32ae-9a3b-598984dcbf9c,  -15.038120 ,  -48.038660 ,2023-09-11 17:20:00,Brasil,GOIÁS,ÁGUA FRIA DE GOIÁS,Cerrado
 1650024948 ,9813f46b-aff2-3890-a157-fc87fb702672,  -14.863710 ,  -47.980380 ,2023-09-11 17:20:00,Brasil,GOIÁS,ÁGUA FRIA DE GOIÁS,Cerrado
 1650024949 ,b5bb7378-e7fc-3495-9a7e-5b7342b44cbd,  -14.854480 ,  -48.341720 ,2023-09-11 17:20:00,Brasil,GOIÁS,NIQUELÂNDIA,Cerrado
 1650024950 ,07b82f04-2fa8-32a3-b4c8-25c9ffdb6cbb,  -14.744750 ,  -48.414500 ,2023-09-11 17:20:00,Brasil,GOIÁS,NIQUELÂNDIA,Cerrado
 1650024951 ,5315d553-f23d-37f6-a4d9-0360b2f6ed30,  -14.741510 ,  -48.268680 ,2023-09-11 17:20:00,Brasil,GOIÁS,NIQUELÂNDIA,Cerrado
 1650024952 ,f61d4a6c-11ab-39c2-b78e-5f93ed46bb56,  -14.720500 ,  -48.252770 ,2023-09-11 17:20:00,Brasil,GOIÁS,NIQUELÂNDIA,Cerrado
 1650024953 ,2f2c84c1-8c2f-3dba-ba55-b280d1b178d7,  -14.719090 ,  -48.243390 ,2023-09-11 17:20:00,Brasil,GOIÁS,NIQUELÂNDIA,Cerrado
 1650024954 ,52616d0b-f054-3e06-aaf8-e0d63275d0ad,  -14.638100 ,  -48.251880 ,2023-09-11 17:20:00,Brasil,GOIÁS,NIQUELÂNDIA,Cerrado
 1650024955 ,44605dac-9f6b-3494-92c9-815055b9c536,  -14.124940 ,  -47.490280 ,2023-09-11 17:20:00,Brasil,GOIÁS,ALTO PARAÍSO DE GOIÁS,Cerrado
 1650024956 ,9c241d5f-e0bb-35cc-83ed-42f3a13afe54,  -14.123390 ,  -47.480260 ,2023-09-11 17:20:00,Brasil,GOIÁS,ALTO PARAÍSO DE GOIÁS,Cerrado
 1650024959 ,54629083-a50e-3158-bff6-d85d65bdc04b,  -13.859170 ,  -48.100430 ,2023-09-11 17:20:00,Brasil,GOIÁS,COLINAS DO SUL,Cerrado
 1650024960 ,07450d05-d064-36fa-a494-bf919ac49740,  -13.786710 ,  -48.048290 ,2023-09-11 17:20:00,Brasil,GOIÁS,COLINAS DO SUL,Cerrado
 1650024967 ,177a9630-d22f-3640-a000-c0dbd2c2d1ea,  -15.579920 ,  -48.263280 ,2023-09-11 17:20:00,Brasil,GOIÁS,PADRE BERNARDO,Cerrado
 1650024968 ,42a80a68-d70f-3218-9ed4-b32aac7dd79f,  -15.467010 ,  -48.499690 ,2023-09-11 17:20:00,Brasil,GOIÁS,PADRE BERNARDO,Cerrado
 1650024969 ,06fbec61-c6b8-3f23-95af-45756737f499,  -15.465610 ,  -48.490310 ,2023-09-11 17:20:00,Brasil,GOIÁS,PADRE BERNARDO,Cerrado
 1650024970 ,2480ad6e-7934-3023-af4a-1877fc277705,  -15.205690 ,  -47.989000 ,2023-09-11 17:20:00,Brasil,GOIÁS,PLANALTINA,Cerrado
 1650025043 ,45d269af-f083-30ff-a5e8-a7a6aecc5c03,  -13.488740 ,  -48.767380 ,2023-09-11 17:20:00,Brasil,GOIÁS,TROMBAS,Cerrado
 1650024999 ,ff3b5e3a-058f-3371-9405-042221ee9933,  -14.980760 ,  -48.575920 ,2023-09-11 17:20:00,Brasil,GOIÁS,NIQUELÂNDIA,Cerrado
 1650025035 ,be53c993-2249-3c39-ab75-6ee64450f720,  -13.646380 ,  -48.955670 ,2023-09-11 17:20:00,Brasil,GOIÁS,SANTA TEREZA DE GOIÁS,Cerrado
 1650025036 ,367af70b-43a4-3609-b5c2-65a02896b0b9,  -13.639360 ,  -49.032750 ,2023-09-11 17:20:00,Brasil,GOIÁS,SANTA TEREZA DE GOIÁS,Cerrado
 1650025037 ,525c4bf5-0e02-3381-aca0-d2491dc90878,  -13.638760 ,  -48.966370 ,2023-09-11 17:20:00,Brasil,GOIÁS,SANTA TEREZA DE GOIÁS,Cerrado
 1650025038 ,0a89fe35-0252-3f9d-876a-efc95c355758,  -13.638010 ,  -49.023600 ,2023-09-11 17:20:00,Brasil,GOIÁS,SANTA TEREZA DE GOIÁS,Cerrado
 1650025039 ,3d13e5c3-5525-396d-aa7a-be693fb893f4,  -13.637390 ,  -48.957070 ,2023-09-11 17:20:00,Brasil,GOIÁS,SANTA TEREZA DE GOIÁS,Cerrado
 1650025040 ,8eefbc5d-27e6-3ca7-92ee-c0e2a7a3a6ce,  -13.615930 ,  -48.998620 ,2023-09-11 17:20:00,Brasil,GOIÁS,SANTA TEREZA DE GOIÁS,Cerrado
 1650025041 ,456fae97-f345-31bb-a365-906d49c6de83,  -13.606940 ,  -49.000000 ,2023-09-11 17:20:00,Brasil,GOIÁS,SANTA TEREZA DE GOIÁS,Cerrado
 1650025042 ,de681158-f63c-3697-856b-8e4feed4f8ef,  -13.605550 ,  -48.990640 ,2023-09-11 17:20:00,Brasil,GOIÁS,SANTA TEREZA DE GOIÁS,Cerrado
 1650025044 ,d0369f1b-4681-36c8-8c4e-8c7c3b7e5015,  -13.487340 ,  -48.757980 ,2023-09-11 17:20:00,Brasil,GOIÁS,TROMBAS,Cerrado
 1650025045 ,0171e5ad-b274-3c57-9d91-c587d3109edf,  -13.721820 ,  -48.411540 ,2023-09-11 17:20:00,Brasil,GOIÁS,MINAÇU,Cerrado
 1650025046 ,b26480cf-2a12-3042-b6ef-563b1a8b2374,  -13.720360 ,  -48.401900 ,2023-09-11 17:20:00,Brasil,GOIÁS,MINAÇU,Cerrado
 1650025047 ,9a3f1fc3-139c-3290-94fc-dd706277adce,  -13.394260 ,  -48.310790 ,2023-09-11 17:20:00,Brasil,GOIÁS,MINAÇU,Cerrado
 1650025048 ,dd43f2d0-6a02-3e75-8048-767341188256,  -13.146490 ,  -48.507930 ,2023-09-11 17:20:00,Brasil,GOIÁS,MINAÇU,Cerrado
 1650025049 ,11ebe0d5-e663-3294-a5e3-4ff5223c397d,  -14.821020 ,  -48.928600 ,2023-09-11 17:20:00,Brasil,GOIÁS,SANTA RITA DO NOVO DESTINO,Cerrado
 1650025050 ,a93c8a1a-7820-3030-8fcd-983d05308c16,  -14.817050 ,  -48.777070 ,2023-09-11 17:20:00,Brasil,GOIÁS,BARRO ALTO,Cerrado
 1650025051 ,9b41b9e3-e870-3bbf-b83b-2aeb18e46c9a,  -14.812060 ,  -48.929920 ,2023-09-11 17:20:00,Brasil,GOIÁS,SANTA RITA DO NOVO DESTINO,Cerrado
 1650025052 ,35f249c1-578d-3278-9fd1-530537254bec,  -14.810700 ,  -48.920700 ,2023-09-11 17:20:00,Brasil,GOIÁS,SANTA RITA DO NOVO DESTINO,Cerrado
 1650025053 ,2fef2964-57e3-3c6b-bf65-214b208403a3,  -14.801730 ,  -48.922070 ,2023-09-11 17:20:00,Brasil,GOIÁS,SANTA RITA DO NOVO DESTINO,Cerrado
 1650025054 ,60f5bc26-2a3b-3685-99ae-a584c7230e87,  -14.725150 ,  -49.660850 ,2023-09-11 17:20:00,Brasil,GOIÁS,GUARINOS,Cerrado
 1650025055 ,57802bc8-5f78-3621-8e91-bbb8beb399f1,  -14.723830 ,  -49.651660 ,2023-09-11 17:20:00,Brasil,GOIÁS,PILAR DE GOIÁS,Cerrado
 1650025056 ,e4a7f636-5a9f-3ed6-9589-3776251e32d4,  -14.440330 ,  -49.722800 ,2023-09-11 17:20:00,Brasil,GOIÁS,SANTA TEREZINHA DE GOIÁS,Cerrado
 1650025057 ,128ffbac-1aa9-3613-9e2d-ed7673984f03,  -13.969230 ,  -49.527280 ,2023-09-11 17:20:00,Brasil,GOIÁS,AMARALINA,Cerrado
 1650025058 ,fdbeaead-f9f9-35d8-9022-4eeb6be22132,  -15.107700 ,  -48.562700 ,2023-09-11 17:20:00,Brasil,GOIÁS,MIMOSO DE GOIÁS,Cerrado
 1650025059 ,d204c900-2c49-386b-8ad2-755bd75f2742,  -15.103550 ,  -48.655060 ,2023-09-11 17:20:00,Brasil,GOIÁS,VILA PROPÍCIO,Cerrado
 1650025060 ,894ff07a-ac04-3c57-a0d3-560546b01f80,  -13.884910 ,  -48.641920 ,2023-09-11 17:20:00,Brasil,GOIÁS,CAMPINAÇU,Cerrado
 1650025061 ,b13de846-aa27-3906-b368-97145e81ac1b,  -15.920390 ,  -50.172070 ,2023-09-11 17:20:00,Brasil,GOIÁS,GOIÁS,Cerrado
 1650025062 ,72f45fa7-7ce6-3b6c-9ec4-5fb16ff1cb9b,  -15.697760 ,  -49.441870 ,2023-09-11 17:20:00,Brasil,GOIÁS,JARAGUÁ,Cerrado
 1650025063 ,25807c3b-36c2-3b48-a46d-aed1775a7249,  -15.318720 ,  -49.503770 ,2023-09-11 17:20:00,Brasil,GOIÁS,RIALMA,Cerrado
 1650025064 ,edf6c5ba-f4c5-39da-9e16-d3b3fa3c4bd0,  -15.106610 ,  -50.073520 ,2023-09-11 17:20:00,Brasil,GOIÁS,CRIXÁS,Cerrado
 1650025065 ,a91bd802-6b9b-3fff-8f6d-814fadc2bff5,  -15.105270 ,  -50.064160 ,2023-09-11 17:20:00,Brasil,GOIÁS,CRIXÁS,Cerrado
 1650025177 ,5616775e-7a2d-341c-b1f1-cfa50333ced5,  -13.476740 ,  -50.648910 ,2023-09-11 17:20:00,Brasil,GOIÁS,NOVA CRIXÁS,Cerrado
 1650025178 ,fb5f42c7-3063-3480-9e4e-ceb89715040a,  -13.475440 ,  -50.639610 ,2023-09-11 17:20:00,Brasil,GOIÁS,NOVA CRIXÁS,Cerrado
 1650025179 ,8a852c69-51ff-3c70-9490-b60cefa233a8,  -13.472960 ,  -50.687490 ,2023-09-11 17:20:00,Brasil,GOIÁS,NOVA CRIXÁS,Cerrado
 1650025180 ,ae6026b0-5216-3a70-a03c-59dfcb731cab,  -13.461700 ,  -50.676550 ,2023-09-11 17:20:00,Brasil,GOIÁS,NOVA CRIXÁS,Cerrado
 1650025181 ,f62f0ccf-13a7-3d41-8300-0e76282a0ae5,  -13.182490 ,  -49.750110 ,2023-09-11 17:20:00,Brasil,GOIÁS,NOVO PLANALTO,Cerrado
 1650025182 ,f89238c5-3afd-33e6-b39a-a4fd9d88895c,  -12.774690 ,  -50.308980 ,2023-09-11 17:20:00,Brasil,GOIÁS,SÃO MIGUEL DO ARAGUAIA,Cerrado
 1650025202 ,2b906126-f0f1-333c-aedb-1e65a2b42af3,  -15.724210 ,  -51.136890 ,2023-09-11 17:20:00,Brasil,GOIÁS,SANTA FÉ DE GOIÁS,Cerrado
 1650025203 ,51ee8306-21e9-3b3d-8adc-f14cc1b32e97,  -15.657580 ,  -51.065330 ,2023-09-11 17:20:00,Brasil,GOIÁS,SANTA FÉ DE GOIÁS,Cerrado
 1650025204 ,f552d80e-6668-302e-b33b-71f66ccd3675,  -15.656230 ,  -51.055370 ,2023-09-11 17:20:00,Brasil,GOIÁS,SANTA FÉ DE GOIÁS,Cerrado
 1650025205 ,050ad145-5f27-350e-a5d4-dfedc958999a,  -15.654870 ,  -51.045430 ,2023-09-11 17:20:00,Brasil,GOIÁS,SANTA FÉ DE GOIÁS,Cerrado
 1650386484 ,e22d557d-7819-33ef-b107-696aa1e80b9c,  -16.905930 ,  -50.565360 ,2023-09-13 17:05:00,Brasil,GOIÁS,PARAÚNA,Cerrado
 1650386485 ,dbdae4dd-9bfb-3237-b67d-5dd45a088922,  -17.879080 ,  -50.713150 ,2023-09-13 17:05:00,Brasil,GOIÁS,RIO VERDE,Cerrado
 1650386688 ,522ef568-6999-367f-90cf-6342b2f63d4d,  -16.363230 ,  -52.579300 ,2023-09-13 17:05:00,Brasil,GOIÁS,BALIZA,Cerrado
 1650386689 ,0640eb95-a16c-3c6b-94b3-4f14cdea309f,  -16.327690 ,  -52.591480 ,2023-09-13 17:05:00,Brasil,GOIÁS,BALIZA,Cerrado
 1650386690 ,f761b7cb-6e61-33c0-adba-d3ed806f8d6f,  -16.325470 ,  -52.607800 ,2023-09-13 17:05:00,Brasil,GOIÁS,BALIZA,Cerrado
 1650387849 ,5d3bd7e4-4d5b-3195-8462-04b9a600499f,  -13.946900 ,  -46.606480 ,2023-09-13 17:05:00,Brasil,GOIÁS,IACIARA,Cerrado
 1650387850 ,8f629f70-0dfd-3fd0-94fe-eecc7f6506dc,  -13.948210 ,  -46.615720 ,2023-09-13 17:05:00,Brasil,GOIÁS,IACIARA,Cerrado
 1650387851 ,d555cca3-cdbc-3bbc-b8cc-13b2968333ea,  -14.819800 ,  -46.733000 ,2023-09-13 17:05:00,Brasil,GOIÁS,FLORES DE GOIÁS,Cerrado
 1650388204 ,2a3ce7ef-59b1-3ebc-9d06-0207a085d503,  -14.015390 ,  -48.082200 ,2023-09-13 17:05:00,Brasil,GOIÁS,COLINAS DO SUL,Cerrado
 1650388171 ,7f8b9461-0eb1-39c0-9ab9-94f10778f1c6,  -13.503460 ,  -47.708020 ,2023-09-13 17:07:00,Brasil,GOIÁS,CAVALCANTE,Cerrado
 1650388172 ,3fb1ebbb-e477-3947-9035-e71b4447e3df,  -13.492890 ,  -47.699580 ,2023-09-13 17:07:00,Brasil,GOIÁS,CAVALCANTE,Cerrado
 1650388173 ,6ac9774c-3c43-3c10-9c61-441a40d4180f,  -13.716190 ,  -47.121930 ,2023-09-13 17:05:00,Brasil,GOIÁS,NOVA ROMA,Cerrado
 1650388174 ,ab664fa5-5366-3115-b801-910230009e4e,  -13.491540 ,  -47.689820 ,2023-09-13 17:07:00,Brasil,GOIÁS,CAVALCANTE,Cerrado
 1650388198 ,a4e50c71-636b-3e09-bc9a-eea4c322ceef,  -15.264300 ,  -47.147670 ,2023-09-13 17:05:00,Brasil,GOIÁS,FORMOSA,Cerrado
 1650388199 ,28ac92fb-31e7-341f-a72f-e4e3caa4b731,  -14.907450 ,  -47.226170 ,2023-09-13 17:05:00,Brasil,GOIÁS,FORMOSA,Cerrado
 1650388200 ,a7dd849d-9314-31bb-8f41-9f7c25b16ca1,  -14.761010 ,  -47.233800 ,2023-09-13 17:05:00,Brasil,GOIÁS,FORMOSA,Cerrado
 1650388201 ,cffb7e09-d20d-37f3-8c42-ba460f8608d4,  -14.727210 ,  -48.270110 ,2023-09-13 17:05:00,Brasil,GOIÁS,NIQUELÂNDIA,Cerrado
 1650388202 ,e2c100ba-759c-3553-abf7-3cf95b85f8b7,  -14.296250 ,  -46.935250 ,2023-09-13 17:05:00,Brasil,GOIÁS,FLORES DE GOIÁS,Cerrado
 1650388203 ,a657e148-f628-335d-9fe6-348bd1705e89,  -14.133420 ,  -47.472170 ,2023-09-13 17:05:00,Brasil,GOIÁS,ALTO PARAÍSO DE GOIÁS,Cerrado
 1650388205 ,90cdcfb3-e5ba-36cb-84fd-3579b7a92a78,  -13.780100 ,  -48.055270 ,2023-09-13 17:07:00,Brasil,GOIÁS,COLINAS DO SUL,Cerrado
 1650388206 ,fe73b5ee-0261-3147-83a0-0eb12f0ed982,  -14.916610 ,  -47.224780 ,2023-09-13 17:05:00,Brasil,GOIÁS,FORMOSA,Cerrado
 1650388207 ,98f49894-4ad9-39f4-bca5-ab51376320e4,  -14.412970 ,  -47.241050 ,2023-09-13 17:05:00,Brasil,GOIÁS,SÃO JOÃO D'ALIANÇA,Cerrado
 1650388208 ,1a749e96-92d5-33fc-8d19-92097c3eb2ab,  -14.378980 ,  -47.197230 ,2023-09-13 17:05:00,Brasil,GOIÁS,SÃO JOÃO D'ALIANÇA,Cerrado
 1650388209 ,e6c777b2-1924-3b81-9334-08497d78011d,  -14.906100 ,  -47.216480 ,2023-09-13 17:05:00,Brasil,GOIÁS,FORMOSA,Cerrado
 1650388210 ,fce2ff55-1557-3e33-a0ef-2a338beccba2,  -14.904750 ,  -47.206810 ,2023-09-13 17:05:00,Brasil,GOIÁS,VILA BOA,Cerrado
 1650388211 ,b12c135f-6b71-3f2c-9ffe-b174097f308c,  -14.915260 ,  -47.215110 ,2023-09-13 17:05:00,Brasil,GOIÁS,FORMOSA,Cerrado
 1650388212 ,e67f9081-d7bb-3d25-8eeb-c9daeca49b36,  -14.287210 ,  -46.936610 ,2023-09-13 17:05:00,Brasil,GOIÁS,IACIARA,Cerrado
 1650388213 ,68ff034d-b9c5-3627-9388-95856cb2f79a,  -13.840300 ,  -47.826730 ,2023-09-13 17:05:00,Brasil,GOIÁS,CAVALCANTE,Cerrado
 1650388214 ,623aad77-ddf3-3c5d-957e-d5b066dfed53,  -16.516760 ,  -48.555870 ,2023-09-13 17:05:00,Brasil,GOIÁS,SILVÂNIA,Cerrado
 1650388215 ,71406039-3407-307d-8ff7-9614bfc5f045,  -16.179050 ,  -48.394590 ,2023-09-13 17:05:00,Brasil,GOIÁS,ALEXÂNIA,Cerrado
 1650388216 ,9074cb17-cacc-30bd-a891-c46774910928,  -16.158340 ,  -48.619010 ,2023-09-13 17:05:00,Brasil,GOIÁS,ABADIÂNIA,Cerrado
 1650388217 ,47ffe7a1-1db1-3911-ade3-f80b694dd71d,  -16.486180 ,  -48.554050 ,2023-09-13 17:05:00,Brasil,GOIÁS,GAMELEIRA DE GOIÁS,Cerrado
 1650388218 ,47757c7f-b3f6-383e-a11f-ba76a5793994,  -16.515250 ,  -48.544240 ,2023-09-13 17:05:00,Brasil,GOIÁS,SILVÂNIA,Cerrado
 1650388219 ,96738c50-abff-32e3-adf4-0bc53057fd21,  -16.485420 ,  -48.548560 ,2023-09-13 17:05:00,Brasil,GOIÁS,SILVÂNIA,Cerrado
 1650388220 ,2b921570-909e-3210-ad46-a19e828ff711,  -16.483940 ,  -48.536990 ,2023-09-13 17:05:00,Brasil,GOIÁS,SILVÂNIA,Cerrado
 1650388222 ,f78094fb-420b-397b-8683-81511d6deabf,  -15.522960 ,  -47.360820 ,2023-09-13 17:05:00,Brasil,GOIÁS,FORMOSA,Cerrado
 1650388223 ,0eda073f-8dec-3b20-a06b-cd34a31c9526,  -16.484620 ,  -48.542400 ,2023-09-13 17:05:00,Brasil,GOIÁS,SILVÂNIA,Cerrado
 1650388224 ,09d76b57-f50e-3cb9-ad2c-c6977ba1ffb5,  -16.311470 ,  -48.014620 ,2023-09-13 17:05:00,Brasil,GOIÁS,LUZIÂNIA,Cerrado
 1650388225 ,0d1d57d5-15e0-3b3d-b9bc-b4e506cba472,  -16.148340 ,  -48.239650 ,2023-09-13 17:05:00,Brasil,GOIÁS,SANTO ANTÔNIO DO DESCOBERTO,Cerrado
 1650388226 ,1b1d776a-1215-3e0f-941e-98c301b28dfc,  -15.235990 ,  -47.955920 ,2023-09-13 17:05:00,Brasil,GOIÁS,PLANALTINA,Cerrado
 1650388227 ,7b53cd12-a2a3-327e-8ded-f8d398c150da,  -18.401700 ,  -49.275840 ,2023-09-13 17:05:00,Brasil,GOIÁS,ITUMBIARA,Cerrado
 1650388459 ,bf21b280-cd94-3fbd-ba9e-43098edc6df8,  -15.774670 ,  -50.199760 ,2023-09-13 17:05:00,Brasil,GOIÁS,GOIÁS,Cerrado
 1650388424 ,e728f720-44e2-38ed-96f6-49d468c212cf,  -13.563870 ,  -48.283250 ,2023-09-13 17:07:00,Brasil,GOIÁS,MINAÇU,Cerrado
 1650388449 ,84470a71-33e3-3c87-b909-920796c23dff,  -15.926100 ,  -49.843870 ,2023-09-13 17:05:00,Brasil,GOIÁS,GOIÁS,Cerrado
 1650388460 ,34d8ef6b-acba-3768-9ba3-c403df74aebc,  -17.948110 ,  -49.310460 ,2023-09-13 17:05:00,Brasil,GOIÁS,MORRINHOS,Cerrado
 1650388461 ,7f557839-a9c1-34f9-b36a-0b2fdc05fc07,  -18.435820 ,  -50.694780 ,2023-09-13 17:05:00,Brasil,GOIÁS,QUIRINÓPOLIS,Cerrado
 1650388418 ,2a665ede-3ae2-3c27-8027-d4ce6b3d8ec4,  -13.562480 ,  -48.273050 ,2023-09-13 17:07:00,Brasil,GOIÁS,MINAÇU,Cerrado
 1650388433 ,64a91074-2a4b-3113-aeb9-ea80caffe8a5,  -13.890680 ,  -48.657960 ,2023-09-13 17:07:00,Brasil,GOIÁS,CAMPINAÇU,Cerrado
 1650388434 ,8f41c2b9-c762-3ef2-9a42-4a94d0e1dca3,  -14.251460 ,  -48.684150 ,2023-09-13 17:05:00,Brasil,GOIÁS,NIQUELÂNDIA,Cerrado
 1650388435 ,253e423d-a775-3eb6-8579-d68aed0d2cde,  -13.898940 ,  -48.646030 ,2023-09-13 17:07:00,Brasil,GOIÁS,CAMPINAÇU,Cerrado
 1650388436 ,ec0307d3-505e-36e2-8ddd-b462a909491a,  -14.623440 ,  -48.951800 ,2023-09-13 17:05:00,Brasil,GOIÁS,NIQUELÂNDIA,Cerrado
 1650388437 ,7fff4a84-3dd8-3733-b330-d91d7c669354,  -14.621920 ,  -48.940040 ,2023-09-13 17:05:00,Brasil,GOIÁS,NIQUELÂNDIA,Cerrado
 1650388438 ,dcf1e889-c9bb-328d-8722-ab993ce94f8a,  -14.611960 ,  -48.941360 ,2023-09-13 17:05:00,Brasil,GOIÁS,NIQUELÂNDIA,Cerrado
 1650388439 ,c75992a2-6a47-35cd-b4d1-e04247f2ee2c,  -14.567400 ,  -48.919220 ,2023-09-13 17:05:00,Brasil,GOIÁS,NIQUELÂNDIA,Cerrado
 1650388440 ,820f7e00-de26-343c-a58e-5c75dc1ffec5,  -14.501090 ,  -48.496550 ,2023-09-13 17:05:00,Brasil,GOIÁS,NIQUELÂNDIA,Cerrado
 1650388441 ,59be9dce-ec87-3488-ac7b-25ca1adac50c,  -14.276990 ,  -49.107230 ,2023-09-13 17:05:00,Brasil,GOIÁS,CAMPINORTE,Cerrado
 1650388442 ,021e0a1f-1a5a-3913-a56e-ea698923ba60,  -14.252930 ,  -48.695190 ,2023-09-13 17:05:00,Brasil,GOIÁS,NIQUELÂNDIA,Cerrado
 1650388443 ,ee3f0ee0-da06-31c3-91bc-5f1d29d8647c,  -14.236860 ,  -49.510610 ,2023-09-13 17:05:00,Brasil,GOIÁS,PILAR DE GOIÁS,Cerrado
 1650388444 ,5a9422e5-b403-3a57-a14d-da2627b40fc9,  -14.228580 ,  -49.504990 ,2023-09-13 17:05:00,Brasil,GOIÁS,PILAR DE GOIÁS,Cerrado
 1650388445 ,b8a10987-bebf-3211-a432-af82c36ee761,  -13.900420 ,  -48.656980 ,2023-09-13 17:07:00,Brasil,GOIÁS,CAMPINAÇU,Cerrado
 1650388446 ,56ad3900-9d6e-392e-8a0b-32c67d2596a9,  -13.857950 ,  -48.487980 ,2023-09-13 17:07:00,Brasil,GOIÁS,CAMPINAÇU,Cerrado
 1650388447 ,8104bb04-9fb8-3599-9e6f-85565efa4f58,  -16.317620 ,  -48.978590 ,2023-09-13 17:05:00,Brasil,GOIÁS,ANÁPOLIS,Cerrado
 1650388448 ,70f89833-6b44-3388-a188-c17951594255,  -16.278290 ,  -48.995960 ,2023-09-13 17:05:00,Brasil,GOIÁS,ANÁPOLIS,Cerrado
 1650388450 ,9eb3e8c9-cb58-3c2d-ba93-222b4a9f4168,  -15.924410 ,  -49.830130 ,2023-09-13 17:05:00,Brasil,GOIÁS,ITABERAÍ,Cerrado
 1650388451 ,a860968d-034a-36b9-9d6d-a842d783b0d1,  -15.921880 ,  -49.836070 ,2023-09-13 17:05:00,Brasil,GOIÁS,ITABERAÍ,Cerrado
 1650388452 ,563a1f0b-6220-3e73-83f0-13ef2222db02,  -15.920080 ,  -49.822240 ,2023-09-13 17:05:00,Brasil,GOIÁS,ITABERAÍ,Cerrado
 1650388453 ,f71bf0f8-b0b9-38f2-8b0c-a9049bf70018,  -15.913630 ,  -49.831520 ,2023-09-13 17:05:00,Brasil,GOIÁS,ITABERAÍ,Cerrado
 1650388454 ,1a4ff154-0a77-34d7-9bd8-0d91aca445ff,  -15.787830 ,  -50.207420 ,2023-09-13 17:05:00,Brasil,GOIÁS,GOIÁS,Cerrado
 1650388455 ,60da4f30-76f8-3087-b339-483b61c67551,  -15.785710 ,  -50.198220 ,2023-09-13 17:05:00,Brasil,GOIÁS,GOIÁS,Cerrado
 1650388456 ,699f00f8-bd88-3546-b591-257106b0874b,  -15.776780 ,  -50.209030 ,2023-09-13 17:05:00,Brasil,GOIÁS,GOIÁS,Cerrado
 1650388457 ,bc1566c6-3535-37e8-a848-1f1a958c946f,  -15.776530 ,  -50.214320 ,2023-09-13 17:05:00,Brasil,GOIÁS,GOIÁS,Cerrado
 1650388458 ,3ab4ab02-8b94-3e36-9284-705dac4f5ffb,  -15.775010 ,  -50.194400 ,2023-09-13 17:05:00,Brasil,GOIÁS,GOIÁS,Cerrado
 1650388462 ,31e07acc-484d-3f4c-84af-7031d256802b,  -18.433790 ,  -50.677280 ,2023-09-13 17:05:00,Brasil,GOIÁS,QUIRINÓPOLIS,Cerrado
 1650388463 ,fb5d475b-ecfb-30ea-b789-1d97dc4998f8,  -18.425870 ,  -50.713870 ,2023-09-13 17:05:00,Brasil,GOIÁS,QUIRINÓPOLIS,Cerrado
 1650388464 ,c73933cf-3ac7-3071-abbe-dc9427e39508,  -18.423820 ,  -50.695990 ,2023-09-13 17:05:00,Brasil,GOIÁS,QUIRINÓPOLIS,Cerrado
 1650388465 ,c9a925ca-3b16-3a3c-a7b8-8e1b8222697a,  -18.413870 ,  -50.715220 ,2023-09-13 17:05:00,Brasil,GOIÁS,QUIRINÓPOLIS,Cerrado
 1650388466 ,a6152a4b-0aac-3585-8fdd-4a4b16798db7,  -18.411840 ,  -50.697400 ,2023-09-13 17:05:00,Brasil,GOIÁS,QUIRINÓPOLIS,Cerrado
 1650388467 ,d98ab1c6-3a80-38d5-81ce-88748c45cbe3,  -18.409080 ,  -50.721040 ,2023-09-13 17:05:00,Brasil,GOIÁS,QUIRINÓPOLIS,Cerrado
 1650388468 ,890df117-35c1-3785-9b0e-9757550e29df,  -18.406930 ,  -50.703210 ,2023-09-13 17:05:00,Brasil,GOIÁS,QUIRINÓPOLIS,Cerrado
 1650388469 ,b527fa54-548e-37a5-8d5a-36d06f4545e5,  -18.401870 ,  -50.716600 ,2023-09-13 17:05:00,Brasil,GOIÁS,QUIRINÓPOLIS,Cerrado
 1650388470 ,897329b4-1f7c-3056-9adf-156bbcb2f538,  -18.399870 ,  -50.698910 ,2023-09-13 17:05:00,Brasil,GOIÁS,QUIRINÓPOLIS,Cerrado
 1650388471 ,2ab32b0e-ae61-3ed9-8cb4-bfb6a48b142e,  -18.394950 ,  -50.704670 ,2023-09-13 17:05:00,Brasil,GOIÁS,QUIRINÓPOLIS,Cerrado
 1650388472 ,e6947b1b-b041-36a1-ba0f-a322444136e2,  -18.392870 ,  -50.687290 ,2023-09-13 17:05:00,Brasil,GOIÁS,QUIRINÓPOLIS,Cerrado
 1650388473 ,86a96743-42f8-36d7-8d28-6abc11e411a4,  -18.387890 ,  -50.700350 ,2023-09-13 17:05:00,Brasil,GOIÁS,QUIRINÓPOLIS,Cerrado
 1650388474 ,f13a6799-1224-379c-ba55-afc22dd3c5fa,  -18.382970 ,  -50.706120 ,2023-09-13 17:05:00,Brasil,GOIÁS,QUIRINÓPOLIS,Cerrado
 1650388475 ,a6ed193f-0cc8-3547-9fac-bbfc0afc15c9,  -18.371000 ,  -50.707550 ,2023-09-13 17:05:00,Brasil,GOIÁS,QUIRINÓPOLIS,Cerrado
 1650388476 ,835a60f6-c791-3db9-b9de-4104693eb2be,  -18.368960 ,  -50.690270 ,2023-09-13 17:05:00,Brasil,GOIÁS,QUIRINÓPOLIS,Cerrado
 1650388477 ,a3df5085-3837-3363-8551-e138b4e9d82f,  -18.359010 ,  -50.708940 ,2023-09-13 17:05:00,Brasil,GOIÁS,QUIRINÓPOLIS,Cerrado
 1650388478 ,7f8f4af1-df46-3149-a5df-78730a40fd10,  -18.357000 ,  -50.691750 ,2023-09-13 17:05:00,Brasil,GOIÁS,QUIRINÓPOLIS,Cerrado
 1650388479 ,a1bf74ab-6974-3edf-82b3-da265a702038,  -18.609730 ,  -50.519680 ,2023-09-13 17:05:00,Brasil,GOIÁS,QUIRINÓPOLIS,Mata Atlântica
 1650388480 ,04699093-ffb8-3efd-a124-82ac38b510d8,  -18.607750 ,  -50.502770 ,2023-09-13 17:05:00,Brasil,GOIÁS,QUIRINÓPOLIS,Mata Atlântica
 1650388481 ,02068dfc-485e-307d-bf8d-724579843898,  -18.595930 ,  -50.504340 ,2023-09-13 17:05:00,Brasil,GOIÁS,QUIRINÓPOLIS,Mata Atlântica
 1650539635 ,cb2cbcc3-2422-34ea-ade3-7e7cc4152dc4,  -14.056070 ,  -49.687060 ,2023-09-14 17:47:00,Brasil,GOIÁS,MARA ROSA,Cerrado
 1650539685 ,5af75a2c-e377-33c2-bb4d-f41bb587d2b7,  -14.514720 ,  -50.124150 ,2023-09-14 17:47:00,Brasil,GOIÁS,CRIXÁS,Cerrado
 1650695543 ,42765965-c50e-3eeb-95e9-73a30f7a2761,  -14.604090 ,  -47.497970 ,2023-09-15 16:52:00,Brasil,GOIÁS,SÃO JOÃO D'ALIANÇA,Cerrado
 1650695544 ,ad18ad01-21aa-36ab-b357-3b72747a8f05,  -14.429830 ,  -47.206080 ,2023-09-15 16:52:00,Brasil,GOIÁS,SÃO JOÃO D'ALIANÇA,Cerrado
 1650695669 ,5c8e2a28-342a-385e-96e0-d978aac51907,  -15.320350 ,  -49.524840 ,2023-09-15 16:52:00,Brasil,GOIÁS,RIALMA,Cerrado
 1650695670 ,5b6ac90c-0adf-3218-9cc3-b553eeecfb80,  -18.403300 ,  -50.217390 ,2023-09-15 16:50:00,Brasil,GOIÁS,GOUVELÂNDIA,Mata Atlântica
 1650695671 ,08dbbdeb-a16b-38de-b949-b73acd934b7e,  -18.400470 ,  -50.210620 ,2023-09-15 16:50:00,Brasil,GOIÁS,GOUVELÂNDIA,Mata Atlântica
 1647377013 ,9bc4213c-b91d-3360-a047-96b6ab7374ac,  -17.347020 ,  -52.985380 ,2023-08-29 18:04:00,Brasil,GOIÁS,MINEIROS,Cerrado
 1650996024 ,69232f10-12b3-3e7e-baa3-f5dadc353322,  -16.356750 ,  -52.532730 ,2023-09-16 17:32:00,Brasil,GOIÁS,BALIZA,Cerrado
 1650996025 ,e52e826e-b964-32cf-8cf1-ab474957e857,  -16.359420 ,  -52.551280 ,2023-09-16 17:32:00,Brasil,GOIÁS,BALIZA,Cerrado
 1650996026 ,ac0168b9-8a7a-3cad-9265-0061fe0deb59,  -17.258050 ,  -52.722350 ,2023-09-16 17:32:00,Brasil,GOIÁS,PORTELÂNDIA,Cerrado
 1650996035 ,630cbf02-6ec3-3bc8-a191-2326709da548,  -13.876390 ,  -47.996050 ,2023-09-16 17:32:00,Brasil,GOIÁS,COLINAS DO SUL,Cerrado
 1650996036 ,cd9468fb-aabc-3ed7-a2bf-a58f2d54adfb,  -14.595680 ,  -47.468820 ,2023-09-16 17:32:00,Brasil,GOIÁS,SÃO JOÃO D'ALIANÇA,Cerrado
 1650996039 ,8222fec8-4bc2-3a4d-bd21-31c9c7d3a531,  -14.897220 ,  -50.086870 ,2023-09-16 17:32:00,Brasil,GOIÁS,CRIXÁS,Cerrado
 1650996040 ,f799e332-f1a0-3318-8f14-7461e4b5e2af,  -14.901000 ,  -50.091410 ,2023-09-16 17:32:00,Brasil,GOIÁS,CRIXÁS,Cerrado
 1650996041 ,dc761239-f851-33ad-8fc7-2afa9115d45c,  -15.073630 ,  -50.099170 ,2023-09-16 17:32:00,Brasil,GOIÁS,CRIXÁS,Cerrado
 1650996047 ,e03a0594-79c9-3320-bdd8-0bf8a4d760cd,  -15.389410 ,  -49.556140 ,2023-09-16 17:32:00,Brasil,GOIÁS,RIALMA,Cerrado
 1650996050 ,a958bf56-f268-3a09-9890-dbe6f850dc0e,  -17.190100 ,  -50.573690 ,2023-09-16 17:32:00,Brasil,GOIÁS,PARAÚNA,Cerrado
 1650996067 ,64ded247-9499-3350-9be8-5c1a91009a81,  -17.323630 ,  -52.992280 ,2023-09-16 17:32:00,Brasil,GOIÁS,SANTA RITA DO ARAGUAIA,Cerrado
 1647189345 ,9b9afbc7-d368-37f8-a680-e20c231629e0,  -16.486550 ,  -51.790350 ,2023-08-28 17:24:00,Brasil,GOIÁS,PIRANHAS,Cerrado
 1647189347 ,db0906e4-0a61-3133-83fe-35f1643b87be,  -16.194310 ,  -52.548660 ,2023-08-28 17:24:00,Brasil,GOIÁS,BALIZA,Cerrado
 1647189348 ,69b8c56a-bae1-32c4-b269-739fd43d501b,  -15.517030 ,  -50.018120 ,2023-08-28 17:24:00,Brasil,GOIÁS,ITAPURANGA,Cerrado
 1647189357 ,6f9d12b0-2a77-3780-bdde-27f16d01a1c2,  -13.425360 ,  -50.643490 ,2023-08-28 17:24:00,Brasil,GOIÁS,NOVA CRIXÁS,Cerrado
 1651433313 ,42d1de33-38dd-31b6-a9a4-de99d0b13a1e,  -14.556960 ,  -49.280400 ,2023-09-18 17:20:00,Brasil,GOIÁS,URUAÇU,Cerrado
 1651433314 ,3fd677b9-8bea-3242-9f96-b8e397aeb43e,  -14.548020 ,  -49.281810 ,2023-09-18 17:20:00,Brasil,GOIÁS,URUAÇU,Cerrado
 1651433315 ,cd72e6fd-f182-348a-9225-4f2fa247796c,  -14.485410 ,  -48.408820 ,2023-09-18 17:20:00,Brasil,GOIÁS,NIQUELÂNDIA,Cerrado
 1651433316 ,66779864-138e-3eea-b225-0451a92a1b92,  -14.251050 ,  -48.699790 ,2023-09-18 17:20:00,Brasil,GOIÁS,NIQUELÂNDIA,Cerrado
 1651433317 ,455a904f-0f28-33a9-a76a-ed1f540f1a3f,  -14.249710 ,  -48.690620 ,2023-09-18 17:20:00,Brasil,GOIÁS,NIQUELÂNDIA,Cerrado
 1651433411 ,145259df-589d-3cad-bd7b-fb7fccf98d58,  -14.298270 ,  -49.921830 ,2023-09-18 17:20:00,Brasil,GOIÁS,UIRAPURU,Cerrado
 1651434122 ,6ba51f5b-66ac-39ce-97ea-073c9792954c,  -14.901010 ,  -46.709380 ,2023-09-18 17:17:00,Brasil,GOIÁS,FLORES DE GOIÁS,Cerrado
 1651434124 ,c9c3ba23-ae24-30fd-8458-b755b9462dfc,  -14.713510 ,  -46.791050 ,2023-09-18 17:20:00,Brasil,GOIÁS,FLORES DE GOIÁS,Cerrado
 1651434125 ,b30d0310-4fb2-3ec7-a344-5408c3577a42,  -14.671040 ,  -46.702840 ,2023-09-18 17:20:00,Brasil,GOIÁS,FLORES DE GOIÁS,Cerrado
 1651434126 ,39052445-3f07-35cd-8aa7-5f1f9d4f2d7a,  -14.669450 ,  -46.692470 ,2023-09-18 17:20:00,Brasil,GOIÁS,FLORES DE GOIÁS,Cerrado
 1651434129 ,3545ef12-f526-3200-acbb-46a0a3e2510b,  -15.905820 ,  -46.998610 ,2023-09-18 17:17:00,Brasil,GOIÁS,CABECEIRAS,Cerrado
 1651434232 ,b22fdfd6-9b81-30e7-b03b-b19a212e2892,  -13.366240 ,  -46.801230 ,2023-09-18 17:20:00,Brasil,GOIÁS,MONTE ALEGRE DE GOIÁS,Cerrado
 1651434233 ,8634ac6e-ba8d-354d-bf43-de4915e8cce4,  -13.311930 ,  -47.228400 ,2023-09-18 17:20:00,Brasil,GOIÁS,MONTE ALEGRE DE GOIÁS,Cerrado
 1651434235 ,d373ee2c-0670-3985-9cf2-5c4b7577057c,  -13.310400 ,  -47.218470 ,2023-09-18 17:20:00,Brasil,GOIÁS,MONTE ALEGRE DE GOIÁS,Cerrado
 1651434236 ,649307ca-bb5a-3f36-ba1b-e6b12a8e1d02,  -13.304910 ,  -47.225950 ,2023-09-18 17:20:00,Brasil,GOIÁS,MONTE ALEGRE DE GOIÁS,Cerrado
 1651434237 ,60907e69-d8f4-3a8e-bbe0-bcfb45dab03d,  -13.303410 ,  -47.216030 ,2023-09-18 17:20:00,Brasil,GOIÁS,MONTE ALEGRE DE GOIÁS,Cerrado
 1651434266 ,8f062eab-e963-393a-ae96-16a5bb358460,  -13.818550 ,  -47.949270 ,2023-09-18 17:20:00,Brasil,GOIÁS,CAVALCANTE,Cerrado
 1651434267 ,21101a26-c376-3222-a079-a7b87115b406,  -13.817130 ,  -47.939790 ,2023-09-18 17:20:00,Brasil,GOIÁS,CAVALCANTE,Cerrado
 1651434268 ,2f3cc97b-e137-32ea-a7d7-edab6bc19ca8,  -13.631540 ,  -48.181070 ,2023-09-18 17:20:00,Brasil,GOIÁS,MINAÇU,Cerrado
 1651434269 ,1f88cfb4-506f-359b-a38b-5ee3b5e289b0,  -14.634010 ,  -47.059030 ,2023-09-18 17:20:00,Brasil,GOIÁS,FLORES DE GOIÁS,Cerrado
 1651434270 ,842715bf-5df6-3839-bb95-cbcc7b68eeb6,  -14.624710 ,  -47.060550 ,2023-09-18 17:20:00,Brasil,GOIÁS,FLORES DE GOIÁS,Cerrado
 1651434271 ,062a1a42-4ed4-36c1-b973-3bebed89bc96,  -14.516220 ,  -48.369960 ,2023-09-18 17:20:00,Brasil,GOIÁS,NIQUELÂNDIA,Cerrado
 1651434272 ,c51f66c8-5e2e-3efe-83fa-113d84745815,  -15.409320 ,  -48.428250 ,2023-09-18 17:17:00,Brasil,GOIÁS,PADRE BERNARDO,Cerrado
 1651434273 ,f6026cb9-6132-3f08-a188-4c04edcf7ad0,  -15.400390 ,  -48.429680 ,2023-09-18 17:17:00,Brasil,GOIÁS,PADRE BERNARDO,Cerrado
 1651434274 ,4e0ef56f-df53-36dd-ba98-e4ab4782c462,  -15.145630 ,  -48.074530 ,2023-09-18 17:17:00,Brasil,GOIÁS,ÁGUA FRIA DE GOIÁS,Cerrado
 1651434277 ,4db15526-0512-3780-b23f-98c79a1a4df7,  -16.705540 ,  -47.597440 ,2023-09-18 17:17:00,Brasil,GOIÁS,CRISTALINA,Cerrado
 1651434278 ,92ef1d94-6741-3080-92b9-282e3adce770,  -16.704140 ,  -47.588030 ,2023-09-18 17:17:00,Brasil,GOIÁS,CRISTALINA,Cerrado
 1651778265 ,2f2a19e3-8de9-334d-95ab-49d77f9bfba6,  -13.216950 ,  -46.532290 ,2023-09-20 17:05:00,Brasil,GOIÁS,DIVINÓPOLIS DE GOIÁS,Cerrado
 1651778266 ,ed930dbb-2a08-3148-a833-a353545a2a89,  -13.215630 ,  -46.522930 ,2023-09-20 17:05:00,Brasil,GOIÁS,DIVINÓPOLIS DE GOIÁS,Cerrado
 1651778274 ,950c4bc4-c64a-387e-a849-fa7d71eb68e1,  -14.895480 ,  -46.699080 ,2023-09-20 17:05:00,Brasil,GOIÁS,FLORES DE GOIÁS,Cerrado
 1651778275 ,f64f2eb6-1ab0-3f9e-bdb2-4ebbcf9816f3,  -14.849740 ,  -46.832520 ,2023-09-20 17:05:00,Brasil,GOIÁS,FLORES DE GOIÁS,Cerrado
 1651778276 ,38c69374-f8c5-39ad-9df3-7434428b1ede,  -14.673580 ,  -46.694520 ,2023-09-20 17:05:00,Brasil,GOIÁS,FLORES DE GOIÁS,Cerrado
 1651778299 ,5ab193b5-31d2-3b9b-a345-743071367b42,  -15.578370 ,  -46.992330 ,2023-09-20 17:05:00,Brasil,GOIÁS,FORMOSA,Cerrado
 1651778568 ,35b36fce-90ce-3918-bbf5-473a0a89d8d9,  -14.425070 ,  -48.271220 ,2023-09-20 17:05:00,Brasil,GOIÁS,NIQUELÂNDIA,Cerrado
 1651778528 ,8ebcb13d-6ec2-348c-b4e4-696dad962f46,  -13.623490 ,  -46.942250 ,2023-09-20 17:05:00,Brasil,GOIÁS,NOVA ROMA,Cerrado
 1651778529 ,6507b1fa-1542-3420-a228-80d6c6644ada,  -13.437430 ,  -47.741870 ,2023-09-20 17:05:00,Brasil,GOIÁS,CAVALCANTE,Cerrado
 1651778530 ,61975f1c-4f75-3724-9ed9-5de8e923785d,  -13.435990 ,  -47.731170 ,2023-09-20 17:05:00,Brasil,GOIÁS,CAVALCANTE,Cerrado
 1651778531 ,dee01670-0337-3b74-b7bd-3505a565c464,  -13.434580 ,  -47.720650 ,2023-09-20 17:05:00,Brasil,GOIÁS,CAVALCANTE,Cerrado
 1651778558 ,8f82302e-ea9d-3067-8139-226d1fa0e8d9,  -15.063900 ,  -47.261190 ,2023-09-20 17:05:00,Brasil,GOIÁS,FORMOSA,Cerrado
 1651778559 ,68cbe3cf-5625-382c-bc44-4a6034f8c45c,  -15.043760 ,  -48.013170 ,2023-09-20 17:05:00,Brasil,GOIÁS,ÁGUA FRIA DE GOIÁS,Cerrado
 1651778560 ,64414c3f-ad2a-3468-b684-9098e9e703d6,  -14.908990 ,  -47.401550 ,2023-09-20 17:05:00,Brasil,GOIÁS,FORMOSA,Cerrado
 1651778561 ,10b51eb9-d690-35e9-bd7b-6826b4e8be47,  -14.907520 ,  -47.390830 ,2023-09-20 17:05:00,Brasil,GOIÁS,FORMOSA,Cerrado
 1651778562 ,681814db-d928-37f5-9a8d-41f39cbc9011,  -14.621690 ,  -47.060720 ,2023-09-20 17:05:00,Brasil,GOIÁS,FLORES DE GOIÁS,Cerrado
 1651778563 ,6e9aa68e-c663-3f2e-8809-3c992309254e,  -14.616620 ,  -47.067020 ,2023-09-20 17:05:00,Brasil,GOIÁS,FLORES DE GOIÁS,Cerrado
 1651778564 ,8a4fa5f9-5dcf-3183-b4b2-3b2fede3ea86,  -14.607310 ,  -47.068370 ,2023-09-20 17:05:00,Brasil,GOIÁS,FLORES DE GOIÁS,Cerrado
 1651778565 ,5179f19d-442f-3f7b-b644-f0357e54c676,  -14.501270 ,  -48.388440 ,2023-09-20 17:05:00,Brasil,GOIÁS,NIQUELÂNDIA,Cerrado
 1651778566 ,4dd8ece0-4e74-3877-8376-42c21df0eb3d,  -14.499750 ,  -48.377060 ,2023-09-20 17:05:00,Brasil,GOIÁS,NIQUELÂNDIA,Cerrado
 1651778567 ,f00260eb-85ce-3acb-9e8f-014925a1698b,  -14.426560 ,  -48.282650 ,2023-09-20 17:05:00,Brasil,GOIÁS,NIQUELÂNDIA,Cerrado
 1651778569 ,0dcfadbd-5eb0-3280-97b0-e593e2861365,  -13.935600 ,  -47.597960 ,2023-09-20 17:05:00,Brasil,GOIÁS,CAVALCANTE,Cerrado
 1651778570 ,18be7e46-7d42-3bd7-ae92-212571d83895,  -13.934170 ,  -47.587540 ,2023-09-20 17:05:00,Brasil,GOIÁS,CAVALCANTE,Cerrado
 1651778571 ,ce7d6e62-4734-3e5f-bc42-bd4b838e4029,  -13.923300 ,  -47.578640 ,2023-09-20 17:05:00,Brasil,GOIÁS,CAVALCANTE,Cerrado
 1651778572 ,8835b4e1-3016-3726-ac66-a23da0b81ff8,  -13.921850 ,  -47.568100 ,2023-09-20 17:05:00,Brasil,GOIÁS,CAVALCANTE,Cerrado
 1651778573 ,bc12b1b7-b9ac-3440-b08e-39bbdca3fdf7,  -13.920850 ,  -48.094230 ,2023-09-20 17:05:00,Brasil,GOIÁS,COLINAS DO SUL,Cerrado
 1651778574 ,a1aa0dd0-2a8b-3971-8aa6-37eb29a5d8cb,  -13.803200 ,  -47.973110 ,2023-09-20 17:05:00,Brasil,GOIÁS,CAVALCANTE,Cerrado
 1651778575 ,d8d41997-dac9-34e4-99bd-9070aced6347,  -13.801610 ,  -47.961540 ,2023-09-20 17:05:00,Brasil,GOIÁS,CAVALCANTE,Cerrado
 1651778576 ,861ce957-3d71-394e-b3a1-0c670fe99ae4,  -13.800120 ,  -47.950610 ,2023-09-20 17:05:00,Brasil,GOIÁS,CAVALCANTE,Cerrado
 1651778577 ,6ffaa408-0582-399e-b51a-1e5434aa05f2,  -13.798700 ,  -47.940150 ,2023-09-20 17:05:00,Brasil,GOIÁS,CAVALCANTE,Cerrado
 1651778578 ,42045ae4-19b8-3b63-be8f-4c7771fcbfd6,  -13.793440 ,  -47.973670 ,2023-09-20 17:05:00,Brasil,GOIÁS,CAVALCANTE,Cerrado
 1651778579 ,caba9659-5946-3c78-8e1a-559d65d12da3,  -13.791970 ,  -47.962860 ,2023-09-20 17:05:00,Brasil,GOIÁS,CAVALCANTE,Cerrado
 1651778580 ,b8ab7cb8-45b0-34d4-8dd6-0abef9946c22,  -13.790500 ,  -47.952010 ,2023-09-20 17:05:00,Brasil,GOIÁS,CAVALCANTE,Cerrado
 1651778581 ,a9956bc3-6e11-3140-8a20-ed9318d0d9d0,  -16.690020 ,  -47.599580 ,2023-09-20 17:02:00,Brasil,GOIÁS,CRISTALINA,Cerrado
 1651778582 ,f4b12fca-9f97-3265-a6fc-2941f7759bd6,  -16.688530 ,  -47.588360 ,2023-09-20 17:02:00,Brasil,GOIÁS,CRISTALINA,Cerrado
 1651778583 ,d0380c35-523d-3f45-a293-c385bbebe3f1,  -16.533270 ,  -48.191770 ,2023-09-20 17:02:00,Brasil,GOIÁS,LUZIÂNIA,Cerrado
 1651778584 ,84447c01-279f-3e5e-b60d-4b62b77f39c6,  -16.499260 ,  -47.848380 ,2023-09-20 17:02:00,Brasil,GOIÁS,LUZIÂNIA,Cerrado
 1651778585 ,a07d4a95-510d-3403-9928-14f6fc9dbfd7,  -16.065220 ,  -48.118060 ,2023-09-20 17:05:00,Brasil,GOIÁS,SANTO ANTÔNIO DO DESCOBERTO,Cerrado
 1651778586 ,42f1d55c-fa41-3759-9e36-2c4047ac2f09,  -15.562170 ,  -48.481460 ,2023-09-20 17:05:00,Brasil,GOIÁS,PADRE BERNARDO,Cerrado
 1651778587 ,aa8ec3d3-e74b-337e-9eef-49b552d2b009,  -15.382970 ,  -48.432450 ,2023-09-20 17:05:00,Brasil,GOIÁS,PADRE BERNARDO,Cerrado
 1651778588 ,1c969d36-8127-3ab1-bff6-315004f2c3a0,  -15.382760 ,  -47.970030 ,2023-09-20 17:05:00,Brasil,GOIÁS,PADRE BERNARDO,Cerrado
 1651778589 ,51deec9f-8768-33e1-9abc-6a030a75314a,  -15.381410 ,  -48.420340 ,2023-09-20 17:05:00,Brasil,GOIÁS,PADRE BERNARDO,Cerrado
 1651778590 ,dacc1935-d0a0-3b64-a78c-33e7b238fb77,  -15.381210 ,  -47.958570 ,2023-09-20 17:05:00,Brasil,GOIÁS,PADRE BERNARDO,Cerrado
 1651778591 ,a81f849f-2faf-346b-b205-cacf77511976,  -15.304060 ,  -48.137930 ,2023-09-20 17:05:00,Brasil,GOIÁS,PADRE BERNARDO,Cerrado
 1651778592 ,7e64feb2-742a-345f-8e2e-fe595bbb77b8,  -15.175570 ,  -48.093190 ,2023-09-20 17:05:00,Brasil,GOIÁS,PADRE BERNARDO,Cerrado
 1651778593 ,88299d9b-30d0-343e-8a67-e3b8f3d8bcf8,  -17.948720 ,  -49.099690 ,2023-09-20 17:02:00,Brasil,GOIÁS,MORRINHOS,Cerrado
 1651778594 ,c888df18-3fbf-35db-84c6-e6b91a777429,  -17.012510 ,  -48.282510 ,2023-09-20 17:02:00,Brasil,GOIÁS,ORIZONA,Cerrado
 1651778732 ,1fcc8178-6e6d-3cb4-8331-e4b6c6b20a19,  -14.472950 ,  -48.404800 ,2023-09-20 17:05:00,Brasil,GOIÁS,NIQUELÂNDIA,Cerrado
 1651778710 ,8bf39d4b-e88d-305a-8515-366b4d22c660,  -13.735880 ,  -48.532900 ,2023-09-20 17:05:00,Brasil,GOIÁS,CAMPINAÇU,Cerrado
 1651778711 ,3b09dee8-a14d-362d-880f-45561449269c,  -13.679280 ,  -48.488190 ,2023-09-20 17:05:00,Brasil,GOIÁS,CAMPINAÇU,Cerrado
 1651778712 ,030e920d-d56f-39ac-8b2b-1c38d8437047,  -13.066820 ,  -48.867060 ,2023-09-20 17:05:00,Brasil,GOIÁS,MONTIVIDIU DO NORTE,Cerrado
 1651778722 ,d6db1a65-4ae8-3465-af46-969ca276d278,  -14.075230 ,  -49.107010 ,2023-09-20 17:05:00,Brasil,GOIÁS,CAMPINORTE,Cerrado
 1651778723 ,0094f6d6-7fa6-36b3-b132-755d1fd67d33,  -14.968360 ,  -49.942590 ,2023-09-20 17:05:00,Brasil,GOIÁS,CRIXÁS,Cerrado
 1651778724 ,bc37096b-f2f7-3635-a900-21622c272095,  -14.916670 ,  -49.337710 ,2023-09-20 17:05:00,Brasil,GOIÁS,SÃO LUIZ DO NORTE,Cerrado
 1651778725 ,86d2a5fd-bbd6-3a53-ad5c-5c2c487b1d71,  -14.914990 ,  -49.324200 ,2023-09-20 17:05:00,Brasil,GOIÁS,SÃO LUIZ DO NORTE,Cerrado
 1651778726 ,883ff3c3-c36f-331c-bba3-f523f6a163ce,  -14.913620 ,  -49.343420 ,2023-09-20 17:05:00,Brasil,GOIÁS,SÃO LUIZ DO NORTE,Cerrado
 1651778727 ,5fac62ab-f1a0-3090-8c58-2b5c18a7e597,  -14.904640 ,  -49.358320 ,2023-09-20 17:05:00,Brasil,GOIÁS,SÃO LUIZ DO NORTE,Cerrado
 1651778728 ,aa6c5413-a0c1-387f-9937-0dd6cf32e709,  -14.902880 ,  -49.344750 ,2023-09-20 17:05:00,Brasil,GOIÁS,SÃO LUIZ DO NORTE,Cerrado
 1651778729 ,d6256164-1725-338e-952b-01520d87deec,  -14.901130 ,  -49.331230 ,2023-09-20 17:05:00,Brasil,GOIÁS,SÃO LUIZ DO NORTE,Cerrado
 1651778730 ,74ec07fb-5158-353f-9e05-e47b1634c093,  -14.813580 ,  -48.903590 ,2023-09-20 17:05:00,Brasil,GOIÁS,BARRO ALTO,Cerrado
 1651778731 ,7691c65c-0fd7-3dd0-a090-1520d10533e8,  -14.474470 ,  -48.416340 ,2023-09-20 17:05:00,Brasil,GOIÁS,NIQUELÂNDIA,Cerrado
 1651778733 ,2180d4d7-ad45-3c30-9d9c-ff29a59a47d3,  -15.656670 ,  -48.889140 ,2023-09-20 17:05:00,Brasil,GOIÁS,PIRENÓPOLIS,Cerrado
 1651778734 ,10d98b94-849b-324d-8a2a-627ef864188c,  -15.655010 ,  -48.876240 ,2023-09-20 17:05:00,Brasil,GOIÁS,PIRENÓPOLIS,Cerrado
 1651778888 ,ab21dacb-90b6-3ddf-a22d-79083800d415,  -16.574050 ,  -50.682630 ,2023-09-20 17:05:00,Brasil,GOIÁS,MOIPORÁ,Cerrado
 1651778889 ,fba9a526-054b-3226-b8ff-fef5ef869226,  -18.257690 ,  -51.326580 ,2023-09-20 17:02:00,Brasil,GOIÁS,APARECIDA DO RIO DOCE,Cerrado
 1651778890 ,f79532ba-6372-3171-9634-1adaf6f2886c,  -18.255370 ,  -51.304990 ,2023-09-20 17:02:00,Brasil,GOIÁS,APARECIDA DO RIO DOCE,Cerrado
 1651778891 ,5c288c7b-b480-3e12-9c71-829078323df4,  -18.248120 ,  -51.332600 ,2023-09-20 17:02:00,Brasil,GOIÁS,APARECIDA DO RIO DOCE,Cerrado
 1651778892 ,6affb42f-29d7-31ab-9767-080d2a5cc0c8,  -18.245640 ,  -51.310760 ,2023-09-20 17:02:00,Brasil,GOIÁS,APARECIDA DO RIO DOCE,Cerrado
 1651778893 ,20438acf-1474-34de-b31c-4301c383f094,  -18.244510 ,  -51.328110 ,2023-09-20 17:02:00,Brasil,GOIÁS,APARECIDA DO RIO DOCE,Cerrado
 1651778894 ,f33b7f74-061a-3583-b44a-95717874b4ee,  -18.242200 ,  -51.306370 ,2023-09-20 17:02:00,Brasil,GOIÁS,APARECIDA DO RIO DOCE,Cerrado
 1651954721 ,74fab3c1-bd84-34be-a1fc-64565cba89b5,  -18.368540 ,  -50.411370 ,2023-09-21 17:43:00,Brasil,GOIÁS,QUIRINÓPOLIS,Mata Atlântica
 1651954722 ,675056a9-cb10-34ab-8a7a-23a5bb1a8d2b,  -18.357730 ,  -50.413320 ,2023-09-21 17:43:00,Brasil,GOIÁS,QUIRINÓPOLIS,Mata Atlântica
 1651954724 ,57955e0d-663a-344f-8499-7e02855c8dc2,  -17.774650 ,  -52.526640 ,2023-09-21 17:43:00,Brasil,GOIÁS,MINEIROS,Cerrado
 1651954725 ,dc81eace-da80-356e-b23f-616da0e8f02e,  -17.769440 ,  -52.523190 ,2023-09-21 17:43:00,Brasil,GOIÁS,MINEIROS,Cerrado
 1651954726 ,a90bf024-a93f-31d0-8b8f-35c377757ec9,  -17.313920 ,  -52.990760 ,2023-09-21 17:43:00,Brasil,GOIÁS,SANTA RITA DO ARAGUAIA,Cerrado
 1651954727 ,e22b7948-91f4-3325-8494-5dd4f72d2490,  -17.182160 ,  -47.446990 ,2023-09-21 17:43:00,Brasil,GOIÁS,CRISTALINA,Cerrado
 1651954728 ,c6861964-610b-345a-8673-3d8aa893520c,  -17.177640 ,  -47.422080 ,2023-09-21 17:43:00,Brasil,GOIÁS,CRISTALINA,Cerrado
 1651954729 ,234ae713-7895-3c9d-89d0-af1dac240175,  -17.172470 ,  -47.443860 ,2023-09-21 17:43:00,Brasil,GOIÁS,CRISTALINA,Cerrado
 1651954730 ,e27f5e75-58d3-3326-b6de-a6d2f1e4330c,  -17.167810 ,  -47.419280 ,2023-09-21 17:43:00,Brasil,GOIÁS,CRISTALINA,Cerrado
 1651954731 ,a68f65e0-6afa-3a19-9ae1-0d4f512b4417,  -17.162310 ,  -52.953930 ,2023-09-21 17:43:00,Brasil,GOIÁS,SANTA RITA DO ARAGUAIA,Cerrado
 1651954732 ,bb74ffdf-8c60-3400-8437-aad039adade3,  -16.899460 ,  -49.260900 ,2023-09-21 17:43:00,Brasil,GOIÁS,HIDROLÂNDIA,Cerrado
 1651984717 ,ff41bbc0-4ac3-367f-ab26-4c5fc89827e1,  -16.364540 ,  -52.441770 ,2023-09-21 17:45:00,Brasil,GOIÁS,BALIZA,Cerrado
 1651984718 ,68b396e3-c898-3e8b-a4dc-f1f5ac084e59,  -16.362800 ,  -52.430680 ,2023-09-21 17:45:00,Brasil,GOIÁS,BALIZA,Cerrado
 1651984719 ,15f53965-fdee-3574-b40f-ca380ec235fe,  -16.354750 ,  -52.443370 ,2023-09-21 17:45:00,Brasil,GOIÁS,BALIZA,Cerrado
 1651984720 ,370809dd-8566-3f19-89c6-a120b9cd6331,  -16.353040 ,  -52.432510 ,2023-09-21 17:45:00,Brasil,GOIÁS,BALIZA,Cerrado
 1651984721 ,ee029a1f-6166-3fbe-877c-2a2b675322e3,  -14.644930 ,  -49.635930 ,2023-09-21 17:45:00,Brasil,GOIÁS,PILAR DE GOIÁS,Cerrado
 1651984722 ,8f035419-fecb-3b43-8789-19f17cf03d83,  -14.500560 ,  -47.811680 ,2023-09-21 17:45:00,Brasil,GOIÁS,SÃO JOÃO D'ALIANÇA,Cerrado
 1651984723 ,088aea4e-fadc-39fa-88c6-f629c06bb6f2,  -14.151750 ,  -46.970310 ,2023-09-21 17:45:00,Brasil,GOIÁS,FLORES DE GOIÁS,Cerrado
 1651984724 ,5614d1a3-88d8-3d5a-8e01-07e154d0dd98,  -14.139880 ,  -49.986660 ,2023-09-21 17:45:00,Brasil,GOIÁS,UIRAPURU,Cerrado
 1651984725 ,8b5b68ac-dfb2-3d03-b0bd-5776229d6276,  -13.789930 ,  -47.938900 ,2023-09-21 17:45:00,Brasil,GOIÁS,CAVALCANTE,Cerrado
 1651984726 ,68e0b439-ff3c-3b7c-bc3d-51d94aac1f31,  -13.788380 ,  -47.943730 ,2023-09-21 17:45:00,Brasil,GOIÁS,CAVALCANTE,Cerrado
 1651984727 ,e69c184a-cbcd-32a7-90e3-694ab5e13888,  -13.780250 ,  -47.966560 ,2023-09-21 17:45:00,Brasil,GOIÁS,CAVALCANTE,Cerrado
 1651984728 ,96720513-4973-3975-8709-d93c8f2a913a,  -13.737730 ,  -50.516740 ,2023-09-21 17:45:00,Brasil,GOIÁS,NOVA CRIXÁS,Cerrado
 1651984729 ,18c32e5f-b603-3b0e-8412-81e97a5f00fe,  -13.735000 ,  -50.500240 ,2023-09-21 17:45:00,Brasil,GOIÁS,NOVA CRIXÁS,Cerrado
 1651984730 ,f3c3748b-0d39-3cc1-b763-ca1f5de8d100,  -13.227020 ,  -46.522840 ,2023-09-21 17:45:00,Brasil,GOIÁS,DIVINÓPOLIS DE GOIÁS,Cerrado
 1651984731 ,944391e5-4053-3200-9a7a-6e6b85425772,  -13.225860 ,  -46.549810 ,2023-09-21 17:45:00,Brasil,GOIÁS,DIVINÓPOLIS DE GOIÁS,Cerrado
 1651984732 ,5d81aa4e-575a-3647-be66-c280b061641a,  -13.212400 ,  -47.029800 ,2023-09-21 17:45:00,Brasil,GOIÁS,MONTE ALEGRE DE GOIÁS,Cerrado
 1651984733 ,e2b326b4-f41d-3e53-ba24-2a338538aadd,  -13.212370 ,  -47.056850 ,2023-09-21 17:45:00,Brasil,GOIÁS,MONTE ALEGRE DE GOIÁS,Cerrado
 1651984734 ,05768f6f-de63-3438-99da-cf4d2250b0c3,  -13.206520 ,  -47.025900 ,2023-09-21 17:45:00,Brasil,GOIÁS,MONTE ALEGRE DE GOIÁS,Cerrado
 1652166598 ,2338e915-54b1-347e-a8b4-62698a3bd6c6,  -13.375210 ,  -47.844890 ,2023-09-22 16:50:00,Brasil,GOIÁS,CAVALCANTE,Cerrado
 1652166599 ,95180597-af03-3a23-b74d-0191e3ea0748,  -13.241820 ,  -48.058880 ,2023-09-22 16:50:00,Brasil,GOIÁS,CAVALCANTE,Cerrado
 1652166607 ,d60e25b9-c5a9-3aba-991c-578d94de143c,  -13.634250 ,  -46.938830 ,2023-09-22 16:50:00,Brasil,GOIÁS,NOVA ROMA,Cerrado
 1652166608 ,b0c7dbf7-458d-3c62-9f76-66c6e63ff86b,  -13.631000 ,  -46.932720 ,2023-09-22 16:50:00,Brasil,GOIÁS,NOVA ROMA,Cerrado
 1652166609 ,d17cfc92-7b05-31d5-ac77-6b101212dd2d,  -13.210150 ,  -47.036620 ,2023-09-22 16:50:00,Brasil,GOIÁS,MONTE ALEGRE DE GOIÁS,Cerrado
 1652166616 ,5fd8c3c4-bff6-370e-b389-0423370f0bf1,  -14.504110 ,  -47.823100 ,2023-09-22 16:50:00,Brasil,GOIÁS,NIQUELÂNDIA,Cerrado
 1652166617 ,e339298d-3ca8-3e8b-a6ba-45c1c16a20f7,  -14.978770 ,  -47.535330 ,2023-09-22 16:50:00,Brasil,GOIÁS,FORMOSA,Cerrado
 1652166618 ,65543360-8afa-3402-9839-68a90687e8cc,  -14.976360 ,  -47.542480 ,2023-09-22 16:50:00,Brasil,GOIÁS,FORMOSA,Cerrado
 1652166619 ,84296a71-d11d-3454-9c8e-ffc6da68143f,  -14.204130 ,  -47.012190 ,2023-09-22 16:50:00,Brasil,GOIÁS,FLORES DE GOIÁS,Cerrado
 1652166620 ,789a5f42-17e8-36fd-b47b-d7f1fb624915,  -14.199430 ,  -47.006150 ,2023-09-22 16:50:00,Brasil,GOIÁS,FLORES DE GOIÁS,Cerrado
 1652166685 ,c2568973-db6e-3e7f-9c06-509b08de4c06,  -13.685980 ,  -49.147670 ,2023-09-22 16:50:00,Brasil,GOIÁS,MUTUNÓPOLIS,Cerrado
 1652166789 ,675ab192-03c5-3d7f-9308-5aa6b0003f33,  -13.736850 ,  -50.504870 ,2023-09-22 16:50:00,Brasil,GOIÁS,NOVA CRIXÁS,Cerrado
 1652167965 ,d0c25e84-82ad-3ae3-9a2b-3c5ca5d77f0a,  -14.706270 ,  -46.292740 ,2023-09-22 16:50:00,Brasil,GOIÁS,SÍTIO D'ABADIA,Cerrado
 1652528698 ,87b83dc6-7ace-3e69-a5cf-1d481b7c603a,  -13.636570 ,  -46.944890 ,2023-09-23 17:30:00,Brasil,GOIÁS,NOVA ROMA,Cerrado
 1652528699 ,efef0bf0-77af-3023-a1eb-09c3507307f1,  -13.634100 ,  -47.550770 ,2023-09-23 17:30:00,Brasil,GOIÁS,CAVALCANTE,Cerrado
 1652528700 ,2f356c88-2b0f-394c-bc4a-adc3e7b2dd24,  -13.633770 ,  -46.928120 ,2023-09-23 17:30:00,Brasil,GOIÁS,NOVA ROMA,Cerrado
 1652528701 ,46c42855-1150-3604-a578-3e0b72cb01da,  -13.221510 ,  -47.024870 ,2023-09-23 17:30:00,Brasil,GOIÁS,MONTE ALEGRE DE GOIÁS,Cerrado
 1652528728 ,0333fb42-a41f-38d7-b8e1-8b515550c05d,  -14.461530 ,  -48.294880 ,2023-09-23 17:30:00,Brasil,GOIÁS,NIQUELÂNDIA,Cerrado
 1652528729 ,0db6674c-1f85-3f42-9cc0-dff5ddeff64c,  -14.449140 ,  -48.284230 ,2023-09-23 17:30:00,Brasil,GOIÁS,NIQUELÂNDIA,Cerrado
 1652528730 ,743be4b9-20fd-3906-8122-c5330b388127,  -14.251260 ,  -46.967670 ,2023-09-23 17:30:00,Brasil,GOIÁS,FLORES DE GOIÁS,Cerrado
 1652528731 ,e6892e87-34b3-3a81-9920-ad156ed38592,  -13.959260 ,  -47.559970 ,2023-09-23 17:30:00,Brasil,GOIÁS,CAVALCANTE,Cerrado
 1652528732 ,9c2350b6-f403-3575-a63b-6f4b1df52a1e,  -13.957520 ,  -47.565890 ,2023-09-23 17:30:00,Brasil,GOIÁS,CAVALCANTE,Cerrado
 1652528733 ,8fc03347-7e0f-3f61-b726-50dfc48cd4c3,  -13.955390 ,  -47.552720 ,2023-09-23 17:30:00,Brasil,GOIÁS,CAVALCANTE,Cerrado
 1652528734 ,2a3b9b98-0d7c-370b-8fc8-15f755b59833,  -13.808000 ,  -48.054420 ,2023-09-23 17:30:00,Brasil,GOIÁS,COLINAS DO SUL,Cerrado
 1652528737 ,7aca654e-35fa-3e2e-a8d4-329c81101bdf,  -18.044780 ,  -48.259650 ,2023-09-23 17:28:00,Brasil,GOIÁS,NOVA AURORA,Cerrado
 1652528738 ,7e85e9c4-3f84-350b-a678-65033a34e2c7,  -18.043020 ,  -48.253710 ,2023-09-23 17:28:00,Brasil,GOIÁS,NOVA AURORA,Cerrado
 1652528739 ,fe0b3a63-f44c-3ede-86d1-9afab77fbe25,  -17.865360 ,  -48.041940 ,2023-09-23 17:28:00,Brasil,GOIÁS,IPAMERI,Cerrado
 1652528740 ,d50ad7c7-460a-3a73-bdd9-fd10e9d92284,  -17.819960 ,  -48.514750 ,2023-09-23 17:28:00,Brasil,GOIÁS,IPAMERI,Cerrado
 1652528741 ,7aa286b8-ab27-3f45-856b-3f8499e46e5a,  -17.818160 ,  -48.503640 ,2023-09-23 17:28:00,Brasil,GOIÁS,IPAMERI,Cerrado
 1652528783 ,0dc2f5bd-5fd7-3847-b400-9e0f3123cf87,  -16.508240 ,  -49.242010 ,2023-09-23 17:30:00,Brasil,GOIÁS,GOIÂNIA,Cerrado
 1652528784 ,46608a34-ad99-3768-9b48-4ed91a224db8,  -16.498760 ,  -49.243660 ,2023-09-23 17:30:00,Brasil,GOIÁS,GOIÂNIA,Cerrado
 1652528785 ,2c26992d-75d7-33b0-8456-cda7c76dc69d,  -16.497950 ,  -49.112860 ,2023-09-23 17:30:00,Brasil,GOIÁS,TEREZÓPOLIS DE GOIÁS,Cerrado
 1652528786 ,05667cca-101c-34fa-b625-6208af397f25,  -16.496290 ,  -49.102220 ,2023-09-23 17:30:00,Brasil,GOIÁS,TEREZÓPOLIS DE GOIÁS,Cerrado
 1652528859 ,82bc6d4d-f79c-3b16-894b-7626253804ce,  -12.771820 ,  -50.310670 ,2023-09-23 17:32:00,Brasil,GOIÁS,SÃO MIGUEL DO ARAGUAIA,Cerrado
 1652528957 ,50612d82-f228-3ffc-9ac1-fd0b45fc090d,  -16.051640 ,  -52.309960 ,2023-09-23 17:30:00,Brasil,GOIÁS,ARAGARÇAS,Cerrado
 1652528958 ,d739b477-0f4d-333b-a5f2-0b28124315d1,  -16.050310 ,  -52.300590 ,2023-09-23 17:30:00,Brasil,GOIÁS,ARAGARÇAS,Cerrado
 1652530248 ,6815e1a7-39a3-38f4-aa5f-b9a76853385b,  -13.222330 ,  -46.524400 ,2023-09-23 17:30:00,Brasil,GOIÁS,DIVINÓPOLIS DE GOIÁS,Cerrado
 1652530264 ,dcb73611-aeaf-3d1f-b2b5-888a02dbb12e,  -14.651720 ,  -46.184900 ,2023-09-23 17:30:00,Brasil,GOIÁS,SÍTIO D'ABADIA,Cerrado
 1652530276 ,20330453-c461-3435-a264-1d66b065e004,  -18.306780 ,  -47.658080 ,2023-09-23 17:28:00,Brasil,GOIÁS,TRÊS RANCHOS,Cerrado
 1652530277 ,bff70eac-4e45-3d40-ac93-26cba4e44ea5,  -18.304780 ,  -47.645640 ,2023-09-23 17:28:00,Brasil,GOIÁS,OUVIDOR,Mata Atlântica
 1652646432 ,a2bafc57-9d03-3068-b6e9-206a215d0a09,  -16.043760 ,  -52.290980 ,2023-09-24 18:11:00,Brasil,GOIÁS,ARAGARÇAS,Cerrado
 1652770497 ,b6fd4c35-fb34-38da-8f57-adcc86cb9eab,  -13.425350 ,  -46.250710 ,2023-09-24 16:35:00,Brasil,GOIÁS,SÃO DOMINGOS,Cerrado
 1652770498 ,9e9806ad-514e-3590-8d53-a97db176270d,  -13.425350 ,  -46.245020 ,2023-09-24 16:35:00,Brasil,GOIÁS,SÃO DOMINGOS,Cerrado
 1652770534 ,23ac6076-5a36-3b40-a19e-cbea876b2b19,  -14.441850 ,  -46.687980 ,2023-09-24 16:35:00,Brasil,GOIÁS,SIMOLÂNDIA,Cerrado
 1652770793 ,941812b6-9dc8-30ae-a0ea-bcc4cd11d827,  -14.399100 ,  -47.178870 ,2023-09-24 16:35:00,Brasil,GOIÁS,FLORES DE GOIÁS,Cerrado
 1652770792 ,b002128a-aea9-32e8-9646-b75224fdca3d,  -14.407020 ,  -47.182040 ,2023-09-24 16:35:00,Brasil,GOIÁS,FLORES DE GOIÁS,Cerrado
 1652968508 ,78728fb1-3664-3475-9fda-b70b10d65fa6,  -13.598940 ,  -46.944800 ,2023-09-25 17:17:00,Brasil,GOIÁS,NOVA ROMA,Cerrado
 1652968532 ,8d71e6b4-9775-30fd-bac4-0fcbe20adff5,  -14.828540 ,  -48.288520 ,2023-09-25 17:15:00,Brasil,GOIÁS,NIQUELÂNDIA,Cerrado
 1652968533 ,d9865489-79e8-3392-a6fc-50b4b38a467d,  -14.730800 ,  -47.493400 ,2023-09-25 17:15:00,Brasil,GOIÁS,SÃO JOÃO D'ALIANÇA,Cerrado
 1652968534 ,a024a58b-5e68-3d83-a109-cb8b627fdc7d,  -14.534740 ,  -48.352070 ,2023-09-25 17:17:00,Brasil,GOIÁS,NIQUELÂNDIA,Cerrado
 1652968535 ,ce463db5-cd85-3b67-9257-e9f7fab1887c,  -14.533410 ,  -48.342900 ,2023-09-25 17:17:00,Brasil,GOIÁS,NIQUELÂNDIA,Cerrado
 1652968536 ,468d7adc-b993-33d1-9e34-0a2625021d6c,  -14.399320 ,  -47.179110 ,2023-09-25 17:15:00,Brasil,GOIÁS,FLORES DE GOIÁS,Cerrado
 1652968537 ,3c096b6b-4a12-35cd-aa73-3ab569d64a1a,  -14.397910 ,  -47.169670 ,2023-09-25 17:15:00,Brasil,GOIÁS,FLORES DE GOIÁS,Cerrado
 1652968538 ,f633548f-f53b-3353-90c3-f47831b6a122,  -14.391660 ,  -47.190030 ,2023-09-25 17:17:00,Brasil,GOIÁS,SÃO JOÃO D'ALIANÇA,Cerrado
 1652968539 ,0e10f96b-2f6e-3e65-9dbc-360f3d7542f8,  -14.044960 ,  -48.028130 ,2023-09-25 17:17:00,Brasil,GOIÁS,COLINAS DO SUL,Cerrado
 1652968540 ,b78e662a-cbe1-3bbb-aeed-cd98525d1526,  -14.043620 ,  -48.018960 ,2023-09-25 17:17:00,Brasil,GOIÁS,COLINAS DO SUL,Cerrado
 1652968541 ,5d477478-988a-35b6-b33c-bf9dfe916a42,  -14.037780 ,  -47.598530 ,2023-09-25 17:17:00,Brasil,GOIÁS,CAVALCANTE,Cerrado
 1652968542 ,c10e3513-f78a-3956-a458-3f40dfadb754,  -14.030170 ,  -47.609170 ,2023-09-25 17:17:00,Brasil,GOIÁS,CAVALCANTE,Cerrado
 1652968543 ,cb163fa9-b5fa-359d-950f-b03f7591254a,  -14.028800 ,  -47.599950 ,2023-09-25 17:17:00,Brasil,GOIÁS,CAVALCANTE,Cerrado
 1652968544 ,af4de9c0-4611-3f1f-8319-4a8b8b340470,  -13.955410 ,  -48.104120 ,2023-09-25 17:17:00,Brasil,GOIÁS,COLINAS DO SUL,Cerrado
 1652968545 ,d7b28b6c-cbbd-3dd0-91cb-231d461cd956,  -13.954060 ,  -48.094850 ,2023-09-25 17:17:00,Brasil,GOIÁS,COLINAS DO SUL,Cerrado
 1652968546 ,a16ad0cd-07e2-301d-a3c0-3f309977fd3e,  -16.050380 ,  -48.078110 ,2023-09-25 17:15:00,Brasil,GOIÁS,NOVO GAMA,Cerrado
 1652968550 ,4df27654-f41a-3e04-aa9d-34f7f58a12fd,  -15.473270 ,  -48.097770 ,2023-09-25 17:15:00,Brasil,GOIÁS,PADRE BERNARDO,Cerrado
 1652968551 ,1426a769-ddbb-3d1d-a6e6-5829dce3ed20,  -15.165370 ,  -48.324550 ,2023-09-25 17:15:00,Brasil,GOIÁS,PADRE BERNARDO,Cerrado
 1652968552 ,74b78f9a-1ccc-37b6-8fbc-5e0d6a359a38,  -16.746480 ,  -47.673190 ,2023-09-25 17:15:00,Brasil,GOIÁS,CRISTALINA,Cerrado
 1652968553 ,0697687d-6fbd-3c75-8e3a-a623aa1bddc9,  -16.712970 ,  -47.631130 ,2023-09-25 17:15:00,Brasil,GOIÁS,CRISTALINA,Cerrado
 1652968600 ,be332deb-987c-3c64-9223-3bd82c063e77,  -14.508690 ,  -48.945840 ,2023-09-25 17:17:00,Brasil,GOIÁS,NIQUELÂNDIA,Cerrado
 1652968601 ,eaeb4b68-0028-33d1-94ed-93791baa0ba5,  -14.499710 ,  -48.947170 ,2023-09-25 17:17:00,Brasil,GOIÁS,NIQUELÂNDIA,Cerrado
 1652968602 ,86003731-6ba3-3c6a-ade1-51656e42c7f3,  -14.389840 ,  -48.752580 ,2023-09-25 17:17:00,Brasil,GOIÁS,NIQUELÂNDIA,Cerrado
 1652968603 ,c73d733e-e8a1-35a0-9866-3059691e789d,  -16.507590 ,  -49.229600 ,2023-09-25 17:15:00,Brasil,GOIÁS,GOIÂNIA,Cerrado
 1652968733 ,bb3ec1c4-4d2e-33a2-9d3f-7a4816b5ac53,  -13.224890 ,  -50.541610 ,2023-09-25 17:17:00,Brasil,GOIÁS,SÃO MIGUEL DO ARAGUAIA,Cerrado
 1652968734 ,91d69582-c93e-3670-a8e7-f31ffe3227c5,  -13.215530 ,  -50.542960 ,2023-09-25 17:17:00,Brasil,GOIÁS,SÃO MIGUEL DO ARAGUAIA,Cerrado
 1652968735 ,805e18f1-bea4-3b8b-bcc2-b50417c32cc3,  -13.214140 ,  -50.532910 ,2023-09-25 17:17:00,Brasil,GOIÁS,SÃO MIGUEL DO ARAGUAIA,Cerrado
 1652968736 ,ac512852-1869-3acb-8634-d6a53c979251,  -13.110900 ,  -50.523760 ,2023-09-25 17:17:00,Brasil,GOIÁS,SÃO MIGUEL DO ARAGUAIA,Cerrado
 1652968740 ,829b5d3c-05ce-3b89-a678-691bcdb2cd22,  -16.329150 ,  -51.795410 ,2023-09-25 17:15:00,Brasil,GOIÁS,PIRANHAS,Cerrado
 1652968741 ,0cdee14e-74d8-3728-8d45-70a3de017972,  -16.327480 ,  -51.782490 ,2023-09-25 17:15:00,Brasil,GOIÁS,PIRANHAS,Cerrado
 1652968742 ,cf218412-efd8-3bbb-9eed-478a9b13c518,  -15.789290 ,  -50.934880 ,2023-09-25 17:15:00,Brasil,GOIÁS,JUSSARA,Cerrado
 1652968743 ,1129ea3a-5c85-38d1-9bfb-0206a96f5ffd,  -15.787820 ,  -50.923570 ,2023-09-25 17:15:00,Brasil,GOIÁS,JUSSARA,Cerrado
 1652968744 ,08238182-80eb-3341-85fa-525aa323ec93,  -18.895810 ,  -51.541010 ,2023-09-25 17:15:00,Brasil,GOIÁS,ITAJÁ,Cerrado
 1652968996 ,d10384fb-bc29-3868-9954-58448b9a5f1f,  -16.970150 ,  -52.895480 ,2023-09-25 17:15:00,Brasil,GOIÁS,MINEIROS,Cerrado
 1652968995 ,91b4e09b-87cc-3856-88e1-0f13d3d1b0a5,  -16.981640 ,  -52.893920 ,2023-09-25 17:15:00,Brasil,GOIÁS,MINEIROS,Cerrado
 1653155207 ,10f5e346-4941-32e6-8802-b32da149d84a,  -16.800800 ,  -49.218660 ,2023-09-26 17:56:00,Brasil,GOIÁS,APARECIDA DE GOIÂNIA,Cerrado
 1653155208 ,07a7f500-5490-3411-b7c9-b73052557e00,  -16.798200 ,  -49.194840 ,2023-09-26 17:56:00,Brasil,GOIÁS,APARECIDA DE GOIÂNIA,Cerrado
 1653155248 ,7fb71c7b-826a-38b6-8ed4-c02398e132ee,  -16.978560 ,  -52.892750 ,2023-09-26 17:56:00,Brasil,GOIÁS,MINEIROS,Cerrado
 1653155249 ,99cc2269-9e8c-3a1c-b1d0-f096a4c9fb5b,  -16.967000 ,  -52.894840 ,2023-09-26 17:56:00,Brasil,GOIÁS,MINEIROS,Cerrado
 1653155250 ,0f61f557-4daf-34fe-a443-1bb521beb1bc,  -16.964180 ,  -52.878560 ,2023-09-26 17:56:00,Brasil,GOIÁS,MINEIROS,Cerrado
 1653340631 ,a5fc41d8-c9ed-3c03-8262-5255e7557136,  -14.380320 ,  -46.118650 ,2023-09-27 17:02:00,Brasil,GOIÁS,MAMBAÍ,Cerrado
 1653340632 ,5d06c9a0-d868-300f-a691-1902f9c02d41,  -14.378970 ,  -46.108960 ,2023-09-27 17:02:00,Brasil,GOIÁS,MAMBAÍ,Cerrado
 1653340633 ,b60f3e16-dd21-383a-ae84-ec1e07238653,  -14.376270 ,  -46.089680 ,2023-09-27 17:02:00,Brasil,GOIÁS,MAMBAÍ,Cerrado
 1653340634 ,4310789f-0c08-3dbb-8224-d1f64d0c2229,  -15.720490 ,  -47.092740 ,2023-09-27 17:00:00,Brasil,GOIÁS,CABECEIRAS,Cerrado
 1653340635 ,340e3798-0d70-3ad2-877f-3e87058d7dc9,  -15.717090 ,  -47.088410 ,2023-09-27 17:00:00,Brasil,GOIÁS,CABECEIRAS,Cerrado
 1653340665 ,b755bbc0-201a-3487-9653-03aa06871022,  -15.512690 ,  -47.382310 ,2023-09-27 17:02:00,Brasil,GOIÁS,FORMOSA,Cerrado
 1653340706 ,17fe1c0b-c3d7-3c91-91c6-c4853f2e5c72,  -13.713500 ,  -46.959370 ,2023-09-27 17:02:00,Brasil,GOIÁS,NOVA ROMA,Cerrado
 1653340707 ,8bbaf6bf-ae39-3618-97b9-8c948e1aa024,  -13.621920 ,  -46.894360 ,2023-09-27 17:02:00,Brasil,GOIÁS,NOVA ROMA,Cerrado
 1653340708 ,2983ba34-1443-3663-822e-1cfd80c8ac31,  -13.615390 ,  -46.916990 ,2023-09-27 17:02:00,Brasil,GOIÁS,NOVA ROMA,Cerrado
 1653340709 ,79c133ad-1c94-3104-ba88-2e13c3b990ed,  -13.613940 ,  -46.906310 ,2023-09-27 17:02:00,Brasil,GOIÁS,NOVA ROMA,Cerrado
 1653340718 ,8c3764ea-cb9d-3e91-80e9-872a283eb4fe,  -15.093820 ,  -47.449770 ,2023-09-27 17:02:00,Brasil,GOIÁS,FORMOSA,Cerrado
 1653340720 ,ec334c1a-96af-32d0-b40b-243475d7f769,  -15.873550 ,  -47.260330 ,2023-09-27 17:00:00,Brasil,GOIÁS,FORMOSA,Cerrado
 1653340721 ,97be62c3-b008-3ae8-8bca-5440796d3591,  -15.862200 ,  -47.250420 ,2023-09-27 17:00:00,Brasil,GOIÁS,FORMOSA,Cerrado
 1653340722 ,f61683b9-1181-3f65-8e72-b960c8b6f655,  -15.670860 ,  -47.266630 ,2023-09-27 17:00:00,Brasil,GOIÁS,FORMOSA,Cerrado
 1653340723 ,4b3995bf-37f1-3722-9460-4c6023ea46ae,  -15.522600 ,  -47.380940 ,2023-09-27 17:02:00,Brasil,GOIÁS,FORMOSA,Cerrado
 1653340724 ,ca63a577-323a-31d1-803d-5aa7983d5d88,  -15.521110 ,  -47.369630 ,2023-09-27 17:02:00,Brasil,GOIÁS,FORMOSA,Cerrado
 1653340725 ,1a7df8f6-7218-3a2a-98a8-a51dbdec47cf,  -15.511230 ,  -47.371110 ,2023-09-27 17:02:00,Brasil,GOIÁS,FORMOSA,Cerrado
 1653491960 ,a3b52130-89c3-3a4a-b810-a70bad9b5997,  -17.222100 ,  -52.766000 ,2023-09-28 17:41:00,Brasil,GOIÁS,MINEIROS,Cerrado
 1653491961 ,22065044-4767-30ba-993b-823437ea3e38,  -17.063310 ,  -49.346270 ,2023-09-28 17:41:00,Brasil,GOIÁS,HIDROLÂNDIA,Cerrado
 1653491962 ,3e1bb179-df1e-38ef-8f4d-911b3521228a,  -17.061440 ,  -49.339870 ,2023-09-28 17:41:00,Brasil,GOIÁS,HIDROLÂNDIA,Cerrado
 1653491963 ,30e9d7fc-4bca-34b6-943b-cf6ba8e6bc04,  -16.910460 ,  -51.671080 ,2023-09-28 17:41:00,Brasil,GOIÁS,CAIAPÔNIA,Cerrado
 1653491964 ,a912d165-d031-31f0-b4d9-7ea7135c2eb8,  -15.123440 ,  -48.536200 ,2023-09-28 17:41:00,Brasil,GOIÁS,MIMOSO DE GOIÁS,Cerrado
 1653491965 ,1fec2d4a-4560-3d16-b920-7a1239ad01bf,  -14.634550 ,  -46.999990 ,2023-09-28 17:41:00,Brasil,GOIÁS,FLORES DE GOIÁS,Cerrado
 1653749555 ,2cf46d2e-c781-3545-9ce5-3cf0533704d0,  -13.430350 ,  -48.006480 ,2023-09-30 17:28:00,Brasil,GOIÁS,CAVALCANTE,Cerrado
 1653749556 ,e8cff0ff-c300-30bc-9621-bbb077f29e84,  -13.420210 ,  -48.008820 ,2023-09-30 17:28:00,Brasil,GOIÁS,CAVALCANTE,Cerrado
 1653749557 ,e755bd84-194d-3f8a-b605-fd4be5d07308,  -13.408080 ,  -47.998710 ,2023-09-30 17:28:00,Brasil,GOIÁS,CAVALCANTE,Cerrado
 1653749561 ,080aaae8-7656-30bf-b58c-f1a73a9a000b,  -14.992220 ,  -47.195770 ,2023-09-30 17:26:00,Brasil,GOIÁS,FORMOSA,Cerrado
 1653749562 ,13e99b5b-e13a-3d99-9471-bf1981292cf3,  -14.769390 ,  -48.181340 ,2023-09-30 17:28:00,Brasil,GOIÁS,NIQUELÂNDIA,Cerrado
 1653749563 ,51fbe79e-b560-3ae4-9f54-615f862a2c5a,  -14.567360 ,  -47.746310 ,2023-09-30 17:28:00,Brasil,GOIÁS,SÃO JOÃO D'ALIANÇA,Cerrado
 1653749564 ,450705c3-56c9-3203-82a6-335fb1a01be3,  -14.557110 ,  -47.747840 ,2023-09-30 17:28:00,Brasil,GOIÁS,SÃO JOÃO D'ALIANÇA,Cerrado
 1653749565 ,f8654728-92ae-3527-8634-2820dd9c1fa3,  -14.527170 ,  -47.945340 ,2023-09-30 17:28:00,Brasil,GOIÁS,NIQUELÂNDIA,Cerrado
 1653749566 ,967c9a27-2d67-3aae-bf6a-4fba615e8bf4,  -14.328590 ,  -47.478230 ,2023-09-30 17:28:00,Brasil,GOIÁS,ALTO PARAÍSO DE GOIÁS,Cerrado
 1653749567 ,643ae879-82de-37de-8b18-1eb3c0aa3fe1,  -14.078640 ,  -47.581830 ,2023-09-30 17:28:00,Brasil,GOIÁS,ALTO PARAÍSO DE GOIÁS,Cerrado
 1653749568 ,5c5c7446-1893-35f2-8d58-453740b69a32,  -14.076630 ,  -47.569480 ,2023-09-30 17:28:00,Brasil,GOIÁS,ALTO PARAÍSO DE GOIÁS,Cerrado
 1653749569 ,a8817c21-9703-3194-a0bc-ca6d1805c3d2,  -13.887780 ,  -47.846840 ,2023-09-30 17:28:00,Brasil,GOIÁS,CAVALCANTE,Cerrado
 1653749570 ,09e1c8af-73f6-31da-b1fd-c91751527efb,  -13.877500 ,  -47.848470 ,2023-09-30 17:28:00,Brasil,GOIÁS,CAVALCANTE,Cerrado
 1653749571 ,ab3d848a-5c14-3b81-bb89-edb8d6be3466,  -16.933930 ,  -47.810330 ,2023-09-30 17:26:00,Brasil,GOIÁS,IPAMERI,Cerrado
 1653749610 ,11c5933b-f4ea-3d90-8977-2e8987215c16,  -13.664030 ,  -48.510770 ,2023-09-30 17:28:00,Brasil,GOIÁS,CAMPINAÇU,Cerrado
 1653749611 ,ebdcb500-255c-30df-8fea-9b06599e0ae9,  -13.625960 ,  -48.399830 ,2023-09-30 17:28:00,Brasil,GOIÁS,MINAÇU,Cerrado
 1653749612 ,12f69880-fb03-3418-9d53-45a50af2f9a5,  -13.625420 ,  -48.393740 ,2023-09-30 17:28:00,Brasil,GOIÁS,MINAÇU,Cerrado
 1653749613 ,d4a2fe8a-6e5d-3aed-a7ba-b32d9c1064ea,  -15.133850 ,  -49.596590 ,2023-09-30 17:26:00,Brasil,GOIÁS,NOVA GLÓRIA,Cerrado
 1653749614 ,7378073e-5146-31c1-91af-854297dbbe2c,  -15.126160 ,  -49.607960 ,2023-09-30 17:26:00,Brasil,GOIÁS,NOVA GLÓRIA,Cerrado
 1653749615 ,879c927f-5ad4-3e2d-b229-baef999f7959,  -15.344900 ,  -49.165010 ,2023-09-30 17:26:00,Brasil,GOIÁS,GOIANÉSIA,Cerrado
 1653749616 ,501a759b-7acf-388c-be60-fd854f5cc186,  -15.232070 ,  -49.159880 ,2023-09-30 17:26:00,Brasil,GOIÁS,GOIANÉSIA,Cerrado
 1653749617 ,570a742a-2f18-3925-bf24-14055f91d0b2,  -15.135350 ,  -49.606430 ,2023-09-30 17:26:00,Brasil,GOIÁS,NOVA GLÓRIA,Cerrado
 1653749645 ,c7bbff1c-5baa-3026-9943-211a57e14284,  -13.101270 ,  -50.105870 ,2023-09-30 17:28:00,Brasil,GOIÁS,SÃO MIGUEL DO ARAGUAIA,Cerrado
 1653749649 ,aba57048-9f63-377b-b352-81ab7bd8e9fb,  -15.023460 ,  -50.888360 ,2023-09-30 17:28:00,Brasil,GOIÁS,ARUANÃ,Cerrado
 1641479326 ,de0b9ec2-7058-3f41-a840-cddb6d6e0c23,  -13.504840 ,  -47.565850 ,2023-08-01 16:35:00,Brasil,GOIÁS,CAVALCANTE,Cerrado
 1641479329 ,5ffbd7e9-d58b-305b-8180-0a337ca24be6,  -14.373640 ,  -46.989370 ,2023-08-01 16:35:00,Brasil,GOIÁS,FLORES DE GOIÁS,Cerrado
 1641479330 ,bc1f91ca-b598-3158-b9fb-bcfeb48d9bb6,  -14.372090 ,  -46.965290 ,2023-08-01 16:35:00,Brasil,GOIÁS,FLORES DE GOIÁS,Cerrado
 1641479337 ,196ff421-3e25-31ca-a86e-14aad3d1aef6,  -14.233470 ,  -47.465530 ,2023-08-01 16:35:00,Brasil,GOIÁS,ALTO PARAÍSO DE GOIÁS,Cerrado
 1641479338 ,a99bc791-6d5b-39a3-9917-33eeab02093a,  -14.229840 ,  -47.433910 ,2023-08-01 16:35:00,Brasil,GOIÁS,ALTO PARAÍSO DE GOIÁS,Cerrado
 1641479339 ,2af2c5e8-ed1d-3d92-9bcc-e52c92ea1735,  -14.228480 ,  -47.460970 ,2023-08-01 16:35:00,Brasil,GOIÁS,ALTO PARAÍSO DE GOIÁS,Cerrado
 1641479340 ,9d870ad8-9d78-3638-a5c4-8f38def4f9cd,  -14.225120 ,  -47.429710 ,2023-08-01 16:35:00,Brasil,GOIÁS,ALTO PARAÍSO DE GOIÁS,Cerrado
 1641479341 ,f9d26533-4bda-36e1-8508-c61fcb9537a0,  -17.355480 ,  -47.780440 ,2023-08-01 16:35:00,Brasil,GOIÁS,CAMPO ALEGRE DE GOIÁS,Cerrado
 1641479344 ,9ce5687f-9751-362c-82a1-8ce9ea0577aa,  -17.344060 ,  -47.777250 ,2023-08-01 16:35:00,Brasil,GOIÁS,CAMPO ALEGRE DE GOIÁS,Cerrado
 1641792698 ,9f08aaaa-7466-3e41-a178-158a0996ecad,  -18.328800 ,  -49.439630 ,2023-08-02 17:15:00,Brasil,GOIÁS,ITUMBIARA,Cerrado
 1641792699 ,35d45701-a335-3bcb-a632-1ecb0a3f6cdf,  -18.320830 ,  -49.436510 ,2023-08-02 17:15:00,Brasil,GOIÁS,ITUMBIARA,Cerrado
 1641792705 ,d76fdd62-f61a-34c6-9bc9-5d93e1c4d812,  -18.112800 ,  -48.227360 ,2023-08-02 17:15:00,Brasil,GOIÁS,GOIANDIRA,Cerrado
 1641792707 ,d41ad5d8-c142-322e-bb21-c70407d80651,  -17.869020 ,  -51.213760 ,2023-08-02 17:15:00,Brasil,GOIÁS,RIO VERDE,Cerrado
 1641792717 ,48870af1-3fa0-362e-9a7c-17293be78786,  -17.516410 ,  -50.223810 ,2023-08-02 17:15:00,Brasil,GOIÁS,ACREÚNA,Cerrado
 1641792718 ,6438667d-1579-334d-af9b-c71341fdf3cc,  -17.511630 ,  -50.229980 ,2023-08-02 17:15:00,Brasil,GOIÁS,ACREÚNA,Cerrado
 1641792719 ,2cf171c0-5d92-3e56-9a3e-1bf5553fdc57,  -17.034250 ,  -47.905700 ,2023-08-02 17:15:00,Brasil,GOIÁS,IPAMERI,Cerrado
 1641792720 ,9bd33d07-a6fd-3fca-bc04-3d12ea662cc4,  -16.932770 ,  -51.685540 ,2023-08-02 17:15:00,Brasil,GOIÁS,CAIAPÔNIA,Cerrado
 1641792722 ,af72683c-7f85-3a0f-8cd9-660b0f78a4e6,  -16.732240 ,  -49.125500 ,2023-08-02 17:15:00,Brasil,GOIÁS,SENADOR CANEDO,Cerrado
 1641792725 ,77b22eea-5cda-3295-9b05-1617f69ccfbb,  -16.280620 ,  -47.731400 ,2023-08-02 17:15:00,Brasil,GOIÁS,LUZIÂNIA,Cerrado
 1641792726 ,9b95216d-3b78-3693-a5d6-eb193d90f311,  -16.255370 ,  -51.269250 ,2023-08-02 17:15:00,Brasil,GOIÁS,DIORAMA,Cerrado
 1641792727 ,81982dfc-ac84-3fd1-aa64-d5edb6ca58ab,  -16.253900 ,  -51.258300 ,2023-08-02 17:15:00,Brasil,GOIÁS,DIORAMA,Cerrado
 1641792728 ,ed0899c8-cf14-3efb-8c6b-ad4179181c82,  -16.245690 ,  -51.270770 ,2023-08-02 17:15:00,Brasil,GOIÁS,DIORAMA,Cerrado
 1641792729 ,ab1d0034-24ce-3598-acb8-8716a32131e7,  -16.126750 ,  -47.500380 ,2023-08-02 17:15:00,Brasil,GOIÁS,CRISTALINA,Cerrado
 1641792730 ,2a8a81ae-f7a2-3bf7-83f8-e12244390d68,  -16.125320 ,  -47.490870 ,2023-08-02 17:15:00,Brasil,GOIÁS,CRISTALINA,Cerrado
 1641792731 ,4bcd2c36-9c15-346f-9897-277efbe0a1dc,  -16.117700 ,  -47.501870 ,2023-08-02 17:15:00,Brasil,GOIÁS,CRISTALINA,Cerrado
 1641792732 ,8b236a80-772e-33ce-adaa-49c809bb9fe6,  -16.084690 ,  -51.590790 ,2023-08-02 17:15:00,Brasil,GOIÁS,MONTES CLAROS DE GOIÁS,Cerrado
 1641792738 ,b877d6b4-da61-36da-ae3a-a10bf4caca85,  -15.456380 ,  -47.512270 ,2023-08-02 17:15:00,Brasil,GOIÁS,PLANALTINA,Cerrado
 1641792739 ,58d19064-b08d-35cc-8892-d891e30058b0,  -15.448730 ,  -47.523320 ,2023-08-02 17:15:00,Brasil,GOIÁS,PLANALTINA,Cerrado
 1641792740 ,63f5b483-2358-3e6e-991d-edf5177efd77,  -15.447300 ,  -47.513820 ,2023-08-02 17:15:00,Brasil,GOIÁS,PLANALTINA,Cerrado
 1641792741 ,bfd94adc-878c-32e7-b022-82035c7409ab,  -15.257810 ,  -48.227580 ,2023-08-02 17:17:00,Brasil,GOIÁS,PADRE BERNARDO,Cerrado
 1641792742 ,cc93bc36-f87e-3c33-bcef-f04c6904e50f,  -15.256450 ,  -48.218290 ,2023-08-02 17:17:00,Brasil,GOIÁS,PADRE BERNARDO,Cerrado
 1641792743 ,cda622e3-8f8a-39ad-acbe-d55b8b93561c,  -15.248850 ,  -48.229000 ,2023-08-02 17:17:00,Brasil,GOIÁS,PADRE BERNARDO,Cerrado
 1641792744 ,06d26a4f-c523-3f45-aade-f632659a9819,  -15.247490 ,  -48.219720 ,2023-08-02 17:17:00,Brasil,GOIÁS,PADRE BERNARDO,Cerrado
 1641792745 ,71b4d768-c478-300b-9802-2a0665ad3e29,  -15.235790 ,  -48.202620 ,2023-08-02 17:17:00,Brasil,GOIÁS,PADRE BERNARDO,Cerrado
 1641792746 ,b8861652-747d-31bd-a27c-de5cfa59f3c5,  -15.234420 ,  -48.193350 ,2023-08-02 17:17:00,Brasil,GOIÁS,PADRE BERNARDO,Cerrado
 1641792747 ,9c9f216c-1023-3cb2-aa33-b27faaa01af0,  -15.226830 ,  -48.204040 ,2023-08-02 17:17:00,Brasil,GOIÁS,PADRE BERNARDO,Cerrado
 1641792748 ,c74a9040-b722-3953-b4f1-c1844f6f3cca,  -15.200960 ,  -48.213750 ,2023-08-02 17:17:00,Brasil,GOIÁS,PADRE BERNARDO,Cerrado
 1641792749 ,79b0af35-b776-3cbc-93e9-efb7ed43e701,  -15.199600 ,  -48.204460 ,2023-08-02 17:17:00,Brasil,GOIÁS,PADRE BERNARDO,Cerrado
 1641792750 ,52f1f0fd-505c-3981-b459-eea5a914fb40,  -15.193360 ,  -48.224430 ,2023-08-02 17:17:00,Brasil,GOIÁS,PADRE BERNARDO,Cerrado
 1641792751 ,51f6630c-c063-3f3c-9bc5-f7ddb34987a4,  -15.185110 ,  -46.996130 ,2023-08-02 17:15:00,Brasil,GOIÁS,VILA BOA,Cerrado
 1641792754 ,1c06ba54-d77f-374a-a8cd-c6fcca1a5475,  -14.997610 ,  -48.717950 ,2023-08-02 17:17:00,Brasil,GOIÁS,VILA PROPÍCIO,Cerrado
 1641792755 ,41ebd881-e9d9-3421-b511-162d2e8b24d5,  -14.996270 ,  -48.708760 ,2023-08-02 17:17:00,Brasil,GOIÁS,VILA PROPÍCIO,Cerrado
 1641792756 ,b1041637-c999-3162-a245-c24900cf5f24,  -14.977550 ,  -48.579990 ,2023-08-02 17:17:00,Brasil,GOIÁS,NIQUELÂNDIA,Cerrado
 1641792758 ,0e0ecd10-8123-37f1-9e3d-bf8841f86687,  -14.923270 ,  -48.333870 ,2023-08-02 17:17:00,Brasil,GOIÁS,MIMOSO DE GOIÁS,Cerrado
 1641792759 ,4cc90362-2aa8-34b7-94f1-2cb6085bfb93,  -14.921900 ,  -48.324540 ,2023-08-02 17:17:00,Brasil,GOIÁS,MIMOSO DE GOIÁS,Cerrado
 1641792760 ,d542637e-137c-3214-a5cf-65cc24caa2ee,  -14.912950 ,  -48.326020 ,2023-08-02 17:17:00,Brasil,GOIÁS,MIMOSO DE GOIÁS,Cerrado
 1641792761 ,8d39f28b-7e1a-36ea-b106-43a9cd7b7c43,  -14.906740 ,  -48.346100 ,2023-08-02 17:17:00,Brasil,GOIÁS,NIQUELÂNDIA,Cerrado
 1641792762 ,e96213bc-2335-3674-beff-177cf23ab8d3,  -14.905370 ,  -48.336800 ,2023-08-02 17:17:00,Brasil,GOIÁS,NIQUELÂNDIA,Cerrado
 1641792764 ,bbb938d7-5c85-3dd8-9d1c-7af63e7d5630,  -14.641830 ,  -47.060800 ,2023-08-02 17:17:00,Brasil,GOIÁS,FLORES DE GOIÁS,Cerrado
 1641792765 ,cfde9594-8257-37ee-9769-6eefe3743c13,  -14.640300 ,  -47.050740 ,2023-08-02 17:17:00,Brasil,GOIÁS,FLORES DE GOIÁS,Cerrado
 1641792766 ,6fb97378-ce87-3b8c-97c0-c2d60e8a43f8,  -14.550470 ,  -46.004600 ,2023-08-02 17:17:00,Brasil,GOIÁS,MAMBAÍ,Cerrado
 1641792767 ,3dd77b31-2715-3031-b700-a183ba9fce53,  -14.548720 ,  -45.993460 ,2023-08-02 17:17:00,Brasil,GOIÁS,MAMBAÍ,Cerrado
 1641792768 ,dc0433c4-47cf-3f1b-95ab-f34f30267062,  -14.540620 ,  -46.006200 ,2023-08-02 17:17:00,Brasil,GOIÁS,MAMBAÍ,Cerrado
 1641792769 ,f7eac52e-2c90-343a-a29b-29ad23ae17ca,  -14.538850 ,  -45.995000 ,2023-08-02 17:17:00,Brasil,GOIÁS,MAMBAÍ,Cerrado
 1641792770 ,84c6e71a-6989-36af-900a-c4a2387e47f0,  -14.375880 ,  -46.654010 ,2023-08-02 17:17:00,Brasil,GOIÁS,SIMOLÂNDIA,Cerrado
 1641792774 ,7be4630a-ba0d-35d5-b800-84675509100c,  -14.097940 ,  -49.115880 ,2023-08-02 17:17:00,Brasil,GOIÁS,CAMPINORTE,Cerrado
 1641792775 ,3b708634-e879-3d63-a6c7-e801e5d9a3cd,  -14.096620 ,  -49.106740 ,2023-08-02 17:17:00,Brasil,GOIÁS,CAMPINORTE,Cerrado
 1641792776 ,dd4a6979-06b2-3163-82b1-00d9acfe861f,  -14.089020 ,  -49.117260 ,2023-08-02 17:17:00,Brasil,GOIÁS,CAMPINORTE,Cerrado
 1641792777 ,49cc7d6c-0ddf-3ed8-8ff9-3a148803da39,  -14.087690 ,  -49.108110 ,2023-08-02 17:17:00,Brasil,GOIÁS,CAMPINORTE,Cerrado
 1641792780 ,53ac2312-f8f7-3315-bef1-90afe8d88006,  -14.052990 ,  -50.289910 ,2023-08-02 17:17:00,Brasil,GOIÁS,NOVA CRIXÁS,Cerrado
 1641792781 ,ed076f6a-b754-320d-b9b6-2c023270e999,  -14.051660 ,  -50.280410 ,2023-08-02 17:17:00,Brasil,GOIÁS,NOVA CRIXÁS,Cerrado
 1641792782 ,d922e730-efb7-3fd0-bafb-c4f3a48520e4,  -13.925170 ,  -49.005320 ,2023-08-02 17:17:00,Brasil,GOIÁS,MARA ROSA,Cerrado
 1641792783 ,7afad4d3-b73d-308f-bd43-b24421093f16,  -13.809290 ,  -47.171780 ,2023-08-02 17:17:00,Brasil,GOIÁS,NOVA ROMA,Cerrado
 1641792784 ,faef9c81-9db0-3077-99d8-40bd99026c43,  -13.807710 ,  -47.161450 ,2023-08-02 17:17:00,Brasil,GOIÁS,NOVA ROMA,Cerrado
 1641792785 ,3cd864b7-74c4-3c39-923b-58bce922441e,  -13.689250 ,  -49.025930 ,2023-08-02 17:17:00,Brasil,GOIÁS,SANTA TEREZA DE GOIÁS,Cerrado
 1641792786 ,bdf0deaa-5e7a-3db8-9316-01d1543f08e4,  -13.646810 ,  -47.625890 ,2023-08-02 17:17:00,Brasil,GOIÁS,CAVALCANTE,Cerrado
 1641792787 ,1dd05501-8e38-3a5f-917f-da238da3ba9b,  -13.640860 ,  -47.632160 ,2023-08-02 17:17:00,Brasil,GOIÁS,CAVALCANTE,Cerrado
 1641792788 ,36847c00-58d7-3095-8f5d-f83bfc06cd27,  -13.592740 ,  -49.379670 ,2023-08-02 17:17:00,Brasil,GOIÁS,PORANGATU,Cerrado
 1641792791 ,82558c9c-9a93-3b8f-8eed-bb4ce67048ca,  -13.288060 ,  -46.645910 ,2023-08-02 17:17:00,Brasil,GOIÁS,DIVINÓPOLIS DE GOIÁS,Cerrado
 1641792792 ,ace56770-a5ae-3603-84b7-d18812e1835c,  -13.286410 ,  -46.635150 ,2023-08-02 17:17:00,Brasil,GOIÁS,DIVINÓPOLIS DE GOIÁS,Cerrado
 1641948745 ,25a3c532-f93e-30de-a4e8-a1354c5c050b,  -18.499990 ,  -51.573290 ,2023-08-03 17:56:00,Brasil,GOIÁS,JATAÍ,Cerrado
 1641948746 ,4c2d9155-b2e2-3919-9f5e-4060cdd7ae00,  -18.429810 ,  -49.924720 ,2023-08-03 17:56:00,Brasil,GOIÁS,INACIOLÂNDIA,Cerrado
 1641948747 ,6a0c0fd4-f135-3685-9b21-7cd0690cae07,  -18.429370 ,  -49.917210 ,2023-08-03 17:56:00,Brasil,GOIÁS,INACIOLÂNDIA,Cerrado
 1641948748 ,f4e5df94-d14f-3d93-84d0-a980cc70dcf3,  -18.414970 ,  -49.927590 ,2023-08-03 17:56:00,Brasil,GOIÁS,INACIOLÂNDIA,Cerrado
 1641948751 ,d1f3d3f9-9057-33d4-aeff-6cda886b1d18,  -17.875400 ,  -51.233710 ,2023-08-03 17:56:00,Brasil,GOIÁS,RIO VERDE,Cerrado
 1641948752 ,3cbc0409-57bf-3bc0-a176-3f0d855d82d6,  -17.871140 ,  -51.210290 ,2023-08-03 17:56:00,Brasil,GOIÁS,RIO VERDE,Cerrado
 1641948753 ,8b120cb5-7c8c-388e-9ff0-d7b19dc79ba4,  -17.867270 ,  -51.230540 ,2023-08-03 17:56:00,Brasil,GOIÁS,RIO VERDE,Cerrado
 1641948754 ,3816bf5d-6b83-3e26-a6e6-6c6026eaa21a,  -17.862820 ,  -51.207140 ,2023-08-03 17:56:00,Brasil,GOIÁS,RIO VERDE,Cerrado
 1642124164 ,16e8e133-f137-38ba-a1e4-16b0b5c1d6b1,  -18.290430 ,  -47.810030 ,2023-08-04 17:00:00,Brasil,GOIÁS,TRÊS RANCHOS,Cerrado
 1642124171 ,6527ec35-30e0-3b84-bc02-5286019d2d1b,  -18.118360 ,  -48.223930 ,2023-08-04 17:00:00,Brasil,GOIÁS,GOIANDIRA,Cerrado
 1642124182 ,f327c026-e1a5-341b-8695-4a79d8bc9d1d,  -17.504180 ,  -48.110900 ,2023-08-04 17:02:00,Brasil,GOIÁS,URUTAÍ,Cerrado
 1642124191 ,1509b44f-cd4c-3101-8a7f-11fd7b1e4505,  -16.592260 ,  -47.374720 ,2023-08-04 17:02:00,Brasil,GOIÁS,CRISTALINA,Cerrado
 1642124204 ,cd6f33fb-bcf3-3af9-a1f7-c3b630efdb3b,  -15.931270 ,  -47.243310 ,2023-08-04 17:02:00,Brasil,GOIÁS,FORMOSA,Cerrado
 1642124205 ,6be5dc18-6d59-3ce6-9798-e410b6195a70,  -15.921810 ,  -47.244680 ,2023-08-04 17:02:00,Brasil,GOIÁS,FORMOSA,Cerrado
 1642124206 ,f6bdbc6e-fe57-337c-b6d4-cd8625ade271,  -15.920390 ,  -47.234200 ,2023-08-04 17:02:00,Brasil,GOIÁS,FORMOSA,Cerrado
 1642124207 ,c48d02a8-e57d-3205-841d-81b9451a6794,  -15.917650 ,  -48.360790 ,2023-08-04 17:02:00,Brasil,GOIÁS,SANTO ANTÔNIO DO DESCOBERTO,Cerrado
 1642124212 ,cbc186d6-b74d-37c8-b661-6ae4559f80cc,  -15.689100 ,  -47.237740 ,2023-08-04 17:02:00,Brasil,GOIÁS,FORMOSA,Cerrado
 1642124213 ,9f83fc4b-ea18-3c15-b1ec-44c90f64f93c,  -15.687730 ,  -47.227470 ,2023-08-04 17:02:00,Brasil,GOIÁS,FORMOSA,Cerrado
 1642124218 ,307bee2d-3d02-36ac-bb1f-d89568683bd9,  -15.567630 ,  -47.341590 ,2023-08-04 17:02:00,Brasil,GOIÁS,FORMOSA,Cerrado
 1642124231 ,0727b99f-d9c5-378a-9935-1d2db56f19ab,  -14.887330 ,  -47.274120 ,2023-08-04 17:02:00,Brasil,GOIÁS,FORMOSA,Cerrado
 1642124232 ,12c94f51-1d7c-3967-bc71-21ac8951b722,  -14.885950 ,  -47.263960 ,2023-08-04 17:02:00,Brasil,GOIÁS,FORMOSA,Cerrado
 1642124234 ,60ea7e10-353a-3fba-8eb5-58cadb6a753b,  -14.742340 ,  -47.096500 ,2023-08-04 17:02:00,Brasil,GOIÁS,FLORES DE GOIÁS,Cerrado
 1642124235 ,0bfc899c-a624-3c2e-bd87-10aaf8540b09,  -14.740990 ,  -47.086520 ,2023-08-04 17:02:00,Brasil,GOIÁS,FLORES DE GOIÁS,Cerrado
 1642124240 ,b4955d06-35db-3d5f-9773-fe33296cb94e,  -14.197070 ,  -47.001640 ,2023-08-04 17:02:00,Brasil,GOIÁS,FLORES DE GOIÁS,Cerrado
 1642124247 ,5e24ae84-b695-371a-b794-a2558ff0a46e,  -13.124030 ,  -48.578630 ,2023-08-04 17:02:00,Brasil,GOIÁS,MONTIVIDIU DO NORTE,Cerrado
 1642326417 ,806ec550-757b-39c3-a03c-a98d817d2ca2,  -16.104230 ,  -48.465010 ,2023-08-05 17:41:00,Brasil,GOIÁS,ALEXÂNIA,Cerrado
 1642326478 ,a4a5fc35-fdb6-31b2-93c5-b1654b4f505b,  -15.710050 ,  -47.248010 ,2023-08-05 17:43:00,Brasil,GOIÁS,FORMOSA,Cerrado
 1642326481 ,ccbea330-cf09-3792-ac74-bd40ea48cf36,  -15.724610 ,  -47.245120 ,2023-08-05 17:43:00,Brasil,GOIÁS,FORMOSA,Cerrado
 1642326595 ,b757862f-ad13-378a-b4af-88de3ffce04d,  -14.066230 ,  -49.673810 ,2023-08-05 17:43:00,Brasil,GOIÁS,MARA ROSA,Cerrado
 1642326596 ,d4c0b3f8-e5ac-3c6d-9c2e-f964fe13ba3d,  -14.069390 ,  -49.687730 ,2023-08-05 17:43:00,Brasil,GOIÁS,CAMPOS VERDES,Cerrado
 1642326597 ,ccd2af02-7d34-387b-9d6e-4a8b0f27faf2,  -18.420700 ,  -49.662400 ,2023-08-05 17:41:00,Brasil,GOIÁS,ITUMBIARA,Mata Atlântica
 1642326598 ,39f1c197-c469-3985-9612-37f83682f31b,  -18.417830 ,  -49.656220 ,2023-08-05 17:41:00,Brasil,GOIÁS,ITUMBIARA,Mata Atlântica
 1642326687 ,81da2dc7-0c95-3f95-9975-55aff3c667c2,  -13.856850 ,  -50.695840 ,2023-08-05 17:43:00,Brasil,GOIÁS,NOVA CRIXÁS,Cerrado
 1642519870 ,ab0d16ee-0333-386d-b99f-24b36dd1dfd2,  -18.718170 ,  -50.546750 ,2023-08-06 16:48:00,Brasil,GOIÁS,PARANAIGUARA,Mata Atlântica
 1642519871 ,7954ff2b-c3fd-3040-a488-e0493cb1c08c,  -18.718080 ,  -50.651790 ,2023-08-06 16:48:00,Brasil,GOIÁS,QUIRINÓPOLIS,Mata Atlântica
 1642519872 ,7091b4e7-36fe-39c8-8c30-77c4cdffa70a,  -18.714800 ,  -50.615730 ,2023-08-06 16:48:00,Brasil,GOIÁS,QUIRINÓPOLIS,Mata Atlântica
 1642519873 ,a45e8dce-9fd3-316a-a481-439e035aead9,  -18.714650 ,  -50.511150 ,2023-08-06 16:48:00,Brasil,GOIÁS,PARANAIGUARA,Mata Atlântica
 1642519874 ,67f145f0-76ec-3b4a-a7e0-296051177c32,  -18.712320 ,  -50.656330 ,2023-08-06 16:48:00,Brasil,GOIÁS,QUIRINÓPOLIS,Mata Atlântica
 1642519875 ,984aff0e-2349-37e2-9c3e-5285e654402d,  -18.708820 ,  -50.620260 ,2023-08-06 16:48:00,Brasil,GOIÁS,QUIRINÓPOLIS,Mata Atlântica
 1642519876 ,114a001b-c95e-30f1-af5d-4255bfc43d47,  -18.708210 ,  -50.543420 ,2023-08-06 16:48:00,Brasil,GOIÁS,PARANAIGUARA,Mata Atlântica
 1642519877 ,47299d68-23ec-3398-92b4-174d74297fae,  -18.704940 ,  -50.507640 ,2023-08-06 16:48:00,Brasil,GOIÁS,PARANAIGUARA,Mata Atlântica
 1642519878 ,105f67ba-0a8b-397d-b9bb-9b70637a3a01,  -18.701570 ,  -50.653170 ,2023-08-06 16:48:00,Brasil,GOIÁS,QUIRINÓPOLIS,Mata Atlântica
 1642519879 ,136fb106-9434-3c7b-b0bc-a61c01e6f10b,  -18.698350 ,  -50.617230 ,2023-08-06 16:48:00,Brasil,GOIÁS,QUIRINÓPOLIS,Mata Atlântica
 1642519882 ,41f29a0e-a5c4-3c98-a07f-e33d855a6f2e,  -17.910220 ,  -51.657400 ,2023-08-06 16:48:00,Brasil,GOIÁS,JATAÍ,Cerrado
 1642519883 ,e9e544f2-cecc-353c-b0df-d664aed7167d,  -17.909820 ,  -51.661190 ,2023-08-06 16:48:00,Brasil,GOIÁS,JATAÍ,Cerrado
 1642519884 ,fb6bbabc-5b4a-31b2-9112-f8702d396e5f,  -17.906400 ,  -51.614410 ,2023-08-06 16:48:00,Brasil,GOIÁS,JATAÍ,Cerrado
 1642519885 ,d7f9b25a-bd1d-39a3-9844-fc552b2dd2ff,  -17.905740 ,  -51.618290 ,2023-08-06 16:48:00,Brasil,GOIÁS,JATAÍ,Cerrado
 1642519886 ,69dc7aa7-0a7e-36ff-956a-9f62a7bc3f49,  -17.892660 ,  -51.658570 ,2023-08-06 16:48:00,Brasil,GOIÁS,JATAÍ,Cerrado
 1642519887 ,9b617b83-01b3-3c9c-809c-9fbbd9ecae21,  -17.892250 ,  -51.662280 ,2023-08-06 16:48:00,Brasil,GOIÁS,JATAÍ,Cerrado
 1642519888 ,ebe2f2b6-06b5-3c8f-8fc8-1b2c082f2124,  -17.888950 ,  -51.616250 ,2023-08-06 16:48:00,Brasil,GOIÁS,JATAÍ,Cerrado
 1642519889 ,4df686fb-cbc1-3cd0-b91e-3b9b2326e9bc,  -17.888290 ,  -51.620140 ,2023-08-06 16:48:00,Brasil,GOIÁS,JATAÍ,Cerrado
 1642519892 ,63a3a727-fbdf-3f51-8b71-e49105ad4096,  -17.575410 ,  -52.111360 ,2023-08-06 16:48:00,Brasil,GOIÁS,PEROLÂNDIA,Cerrado
 1642519893 ,0216fef6-a806-3c97-a805-29660377a4de,  -17.573390 ,  -52.108220 ,2023-08-06 16:48:00,Brasil,GOIÁS,PEROLÂNDIA,Cerrado
 1642519894 ,18d3a14e-614c-382a-abe3-25a986e7c5d5,  -17.558720 ,  -52.121810 ,2023-08-06 16:48:00,Brasil,GOIÁS,PEROLÂNDIA,Cerrado
 1642519895 ,a4c9cb1d-124b-3877-a71b-9a815d4cff9f,  -17.418050 ,  -51.360960 ,2023-08-06 16:48:00,Brasil,GOIÁS,MONTIVIDIU,Cerrado
 1642519896 ,9ee1bbd8-05c4-38b7-81f1-10b4978891ec,  -17.414400 ,  -51.369100 ,2023-08-06 16:48:00,Brasil,GOIÁS,MONTIVIDIU,Cerrado
 1642519897 ,44609c56-96ab-3a35-b9e6-90053f1e434c,  -17.410630 ,  -51.330250 ,2023-08-06 16:48:00,Brasil,GOIÁS,MONTIVIDIU,Cerrado
 1642519900 ,1245f6f6-e943-3d86-8c91-953df3845d67,  -16.930070 ,  -48.985460 ,2023-08-06 16:48:00,Brasil,GOIÁS,BELA VISTA DE GOIÁS,Cerrado
 1642519901 ,e8bebc32-8094-371f-9ae2-5e0155bb1295,  -16.926850 ,  -48.990870 ,2023-08-06 16:48:00,Brasil,GOIÁS,BELA VISTA DE GOIÁS,Cerrado
 1642519902 ,f3fe3d93-b774-358e-8048-6c1c3af0e204,  -16.923910 ,  -48.964650 ,2023-08-06 16:48:00,Brasil,GOIÁS,BELA VISTA DE GOIÁS,Cerrado
 1642519903 ,0b4393e2-afd9-369c-8d09-b0f48d2668aa,  -16.819380 ,  -47.607210 ,2023-08-06 16:48:00,Brasil,GOIÁS,CRISTALINA,Cerrado
 1642519904 ,935c0392-1698-3378-a1cc-24865f50fd4e,  -16.817130 ,  -47.587630 ,2023-08-06 16:48:00,Brasil,GOIÁS,CRISTALINA,Cerrado
 1642519905 ,458a990d-328a-3924-b340-f317032e6861,  -16.806610 ,  -47.608370 ,2023-08-06 16:48:00,Brasil,GOIÁS,CRISTALINA,Cerrado
 1642519906 ,b20e9961-7fbb-3f20-8c89-83dd0914fccf,  -16.804410 ,  -47.589040 ,2023-08-06 16:48:00,Brasil,GOIÁS,CRISTALINA,Cerrado
 1642519924 ,be052a73-6bbc-329f-8f41-8dc7ca08ad13,  -15.452690 ,  -48.378860 ,2023-08-06 16:48:00,Brasil,GOIÁS,PADRE BERNARDO,Cerrado
 1642519927 ,590f61e9-57a6-380c-9a23-568c7211b84d,  -15.425290 ,  -48.493880 ,2023-08-06 16:48:00,Brasil,GOIÁS,PADRE BERNARDO,Cerrado
 1642519928 ,cfacc0f5-90d1-32bc-9f95-6140482641ef,  -15.416900 ,  -48.500120 ,2023-08-06 16:48:00,Brasil,GOIÁS,PADRE BERNARDO,Cerrado
 1642519929 ,eed3cb54-3650-3813-ad4d-8e72315ec8cf,  -15.414320 ,  -48.478310 ,2023-08-06 16:48:00,Brasil,GOIÁS,PADRE BERNARDO,Cerrado
 1642519939 ,3be83497-8ea6-30cc-9280-6edd9e2028ef,  -14.511290 ,  -46.238410 ,2023-08-06 16:48:00,Brasil,GOIÁS,DAMIANÓPOLIS,Cerrado
 1642519940 ,db5c4f98-d354-3f6a-83ad-3b6282c32182,  -14.509540 ,  -46.224170 ,2023-08-06 16:48:00,Brasil,GOIÁS,DAMIANÓPOLIS,Cerrado
 1642519941 ,41c25768-38a7-3b79-9fce-68b78459296b,  -14.507950 ,  -46.230930 ,2023-08-06 16:48:00,Brasil,GOIÁS,DAMIANÓPOLIS,Cerrado
 1642519952 ,883377bc-cae0-3f21-be8a-f1f25569078d,  -14.377830 ,  -47.651600 ,2023-08-06 16:48:00,Brasil,GOIÁS,ALTO PARAÍSO DE GOIÁS,Cerrado
 1642519960 ,8380c8d5-deee-37d4-b37f-0f4f6286a8ae,  -13.763420 ,  -47.852790 ,2023-08-06 16:48:00,Brasil,GOIÁS,CAVALCANTE,Cerrado
 1642519961 ,92c5f9b0-b368-39f2-90f7-540630bd05fb,  -13.761170 ,  -47.834470 ,2023-08-06 16:48:00,Brasil,GOIÁS,CAVALCANTE,Cerrado
 1642519962 ,cfaa8b20-1c99-38f3-99d0-dd254f631ae1,  -13.547380 ,  -46.941730 ,2023-08-06 16:48:00,Brasil,GOIÁS,MONTE ALEGRE DE GOIÁS,Cerrado
 1642519963 ,d1f79a7f-be04-3123-bdb7-9d863366a983,  -13.449300 ,  -47.721730 ,2023-08-06 16:48:00,Brasil,GOIÁS,CAVALCANTE,Cerrado
 1642519964 ,b64c5913-9391-35e1-9f83-3d2ceacddecc,  -13.280130 ,  -46.643560 ,2023-08-06 16:48:00,Brasil,GOIÁS,DIVINÓPOLIS DE GOIÁS,Cerrado
 1642667235 ,4d0e8957-77dd-304d-b70b-a933fefcc4b5,  -16.281160 ,  -51.894410 ,2023-08-07 17:28:00,Brasil,GOIÁS,PIRANHAS,Cerrado
 1642667236 ,6a5c20de-2df8-34b5-8fa0-9b67643dcc58,  -17.007150 ,  -51.192500 ,2023-08-07 17:28:00,Brasil,GOIÁS,CAIAPÔNIA,Cerrado
 1642667269 ,be04afdd-c6a9-3356-91be-d6069204f1d9,  -17.652390 ,  -52.349240 ,2023-08-07 17:28:00,Brasil,GOIÁS,MINEIROS,Cerrado
 1642667266 ,6e8c201b-8ff3-37eb-b509-f45ca48eb9ca,  -17.670410 ,  -52.346450 ,2023-08-07 17:28:00,Brasil,GOIÁS,MINEIROS,Cerrado
 1642667267 ,f5511aa7-b19a-3e26-a5d5-e59e15b66bb5,  -17.661390 ,  -52.347810 ,2023-08-07 17:28:00,Brasil,GOIÁS,MINEIROS,Cerrado
 1642667268 ,f4c24576-5f7b-358c-8746-046b1e7a799d,  -17.660060 ,  -52.338310 ,2023-08-07 17:28:00,Brasil,GOIÁS,MINEIROS,Cerrado
 1642667270 ,1ec15666-3000-3cd8-b300-c143fc3503c0,  -17.651060 ,  -52.339760 ,2023-08-07 17:28:00,Brasil,GOIÁS,MINEIROS,Cerrado
 1642667271 ,361eca5b-dbe1-3a14-a0f7-3ee42e35668c,  -17.378530 ,  -52.955740 ,2023-08-07 17:28:00,Brasil,GOIÁS,MINEIROS,Cerrado
 1642667272 ,f2bc1271-c1d5-3b09-9e5b-38237cfd98cb,  -16.882420 ,  -52.698190 ,2023-08-07 17:28:00,Brasil,GOIÁS,DOVERLÂNDIA,Cerrado
 1642668685 ,ae63873a-3e0e-393d-916e-ea8e47500bc3,  -15.541170 ,  -48.462720 ,2023-08-07 17:28:00,Brasil,GOIÁS,PADRE BERNARDO,Cerrado
 1642668669 ,4fb6e606-f55f-3929-8e13-5996cc7f6891,  -13.621610 ,  -47.603640 ,2023-08-07 17:28:00,Brasil,GOIÁS,CAVALCANTE,Cerrado
 1642668670 ,bc49f0d1-92c6-3e81-9816-18e1bc94b0d4,  -15.049960 ,  -48.458990 ,2023-08-07 17:28:00,Brasil,GOIÁS,MIMOSO DE GOIÁS,Cerrado
 1642668671 ,2d9ba728-d475-30d0-a40e-4b02d5a73b1f,  -15.033460 ,  -48.487400 ,2023-08-07 17:28:00,Brasil,GOIÁS,MIMOSO DE GOIÁS,Cerrado
 1642668672 ,bcff8ab0-72d7-315d-8715-a44453ef7568,  -15.031450 ,  -48.474910 ,2023-08-07 17:28:00,Brasil,GOIÁS,MIMOSO DE GOIÁS,Cerrado
 1642668673 ,a0e99238-4b0b-3a83-aca2-55a25ac94be4,  -15.023230 ,  -48.489170 ,2023-08-07 17:28:00,Brasil,GOIÁS,MIMOSO DE GOIÁS,Cerrado
 1642668674 ,a1d190b3-f820-3d38-86c1-46889d8324f0,  -15.021220 ,  -48.476710 ,2023-08-07 17:28:00,Brasil,GOIÁS,MIMOSO DE GOIÁS,Cerrado
 1642668675 ,e76fcb23-13fc-3042-b0a5-ddc5d168c051,  -14.815090 ,  -47.784080 ,2023-08-07 17:28:00,Brasil,GOIÁS,ÁGUA FRIA DE GOIÁS,Cerrado
 1642668676 ,a36a3c1d-8623-3dc5-b816-44c24e86569c,  -14.363700 ,  -47.632790 ,2023-08-07 17:28:00,Brasil,GOIÁS,ALTO PARAÍSO DE GOIÁS,Cerrado
 1642668677 ,100d2882-1ce9-31a4-b9d2-b89853adebd9,  -14.357000 ,  -46.976960 ,2023-08-07 17:28:00,Brasil,GOIÁS,FLORES DE GOIÁS,Cerrado
 1642668678 ,78ae9a51-6769-3251-8cb2-94b6cd1d5cae,  -14.200450 ,  -47.001090 ,2023-08-07 17:28:00,Brasil,GOIÁS,FLORES DE GOIÁS,Cerrado
 1642668686 ,479fafbc-7402-32ff-9f20-18bb172a7819,  -15.539210 ,  -48.450730 ,2023-08-07 17:28:00,Brasil,GOIÁS,PADRE BERNARDO,Cerrado
 1642668687 ,d9c7afeb-49eb-3801-90f3-3a9cc6fda275,  -15.531130 ,  -48.458890 ,2023-08-07 17:28:00,Brasil,GOIÁS,PADRE BERNARDO,Cerrado
 1642668688 ,5531c030-e446-324e-b953-12245e79a47b,  -15.531000 ,  -48.464430 ,2023-08-07 17:28:00,Brasil,GOIÁS,PADRE BERNARDO,Cerrado
 1642668689 ,9fe72000-ce8e-3241-8ebb-9c2ae599d3f7,  -15.529200 ,  -48.446690 ,2023-08-07 17:28:00,Brasil,GOIÁS,PADRE BERNARDO,Cerrado
 1642668690 ,c508f68f-c400-3df6-b324-d70421af515f,  -15.529010 ,  -48.452340 ,2023-08-07 17:28:00,Brasil,GOIÁS,PADRE BERNARDO,Cerrado
 1642668691 ,6cf75eb0-6359-33b5-a59b-b7e5df5d23b2,  -15.445870 ,  -48.385040 ,2023-08-07 17:28:00,Brasil,GOIÁS,PADRE BERNARDO,Cerrado
 1642668692 ,a6300b8c-3f85-3cfc-8a31-5e9f4dee903a,  -15.443930 ,  -48.373170 ,2023-08-07 17:28:00,Brasil,GOIÁS,PADRE BERNARDO,Cerrado
 1642668693 ,831f1888-9404-3b4d-8bb4-f0c0842656f5,  -17.660780 ,  -48.764410 ,2023-08-07 17:28:00,Brasil,GOIÁS,CALDAS NOVAS,Cerrado
 1642668694 ,89c982b8-8691-3f0d-a4aa-726cfb41ef53,  -17.650090 ,  -48.316380 ,2023-08-07 17:28:00,Brasil,GOIÁS,IPAMERI,Cerrado
 1642668754 ,c4a74ce9-8bab-39f5-990e-d2c0c96f7dbe,  -15.174140 ,  -48.730390 ,2023-08-07 17:28:00,Brasil,GOIÁS,VILA PROPÍCIO,Cerrado
 1642668755 ,2eb8b796-90f6-33c0-a0dc-d24f9a7a75f3,  -15.172230 ,  -48.718420 ,2023-08-07 17:28:00,Brasil,GOIÁS,VILA PROPÍCIO,Cerrado
 1642668756 ,9af05939-51ce-3195-8689-a7ab807cd87e,  -14.811980 ,  -49.225090 ,2023-08-07 17:28:00,Brasil,GOIÁS,HIDROLINA,Cerrado
 1642668757 ,fd235652-8fa4-3cb4-b760-72e0b31dcd45,  -14.810220 ,  -49.213770 ,2023-08-07 17:28:00,Brasil,GOIÁS,HIDROLINA,Cerrado
 1642668758 ,f6befe3b-b5a7-30a0-941c-23052271663f,  -14.377950 ,  -48.872640 ,2023-08-07 17:28:00,Brasil,GOIÁS,NIQUELÂNDIA,Cerrado
 1642668759 ,dd587d2a-606d-38fc-9504-7de3b76b3431,  -17.437660 ,  -49.233330 ,2023-08-07 17:28:00,Brasil,GOIÁS,PROFESSOR JAMIL,Cerrado
 1642668760 ,4fdd3630-3da7-3171-93eb-c791387f5f14,  -18.842900 ,  -50.705540 ,2023-08-07 17:26:00,Brasil,GOIÁS,PARANAIGUARA,Mata Atlântica
 1642668761 ,a8b0f7bf-361f-380c-a6a7-dc3d5a41e529,  -18.639020 ,  -50.264100 ,2023-08-07 17:28:00,Brasil,GOIÁS,QUIRINÓPOLIS,Mata Atlântica
 1642952136 ,ef91e4b1-953e-3f69-b898-2b5e2fa5a5ca,  -15.612000 ,  -47.302160 ,2023-08-08 16:33:00,Brasil,GOIÁS,FORMOSA,Cerrado
 1642952137 ,c45c0dc5-b514-3e11-aa72-64a210c2d345,  -15.608520 ,  -47.267490 ,2023-08-08 16:33:00,Brasil,GOIÁS,FORMOSA,Cerrado
 1642952138 ,6e17033b-ff4e-32da-97ad-68c5f16461a9,  -15.603900 ,  -47.310700 ,2023-08-08 16:33:00,Brasil,GOIÁS,FORMOSA,Cerrado
 1642952139 ,e2d1f42c-f1c1-3e2b-ae97-e014b89fc6ea,  -15.600180 ,  -47.275820 ,2023-08-08 16:33:00,Brasil,GOIÁS,FORMOSA,Cerrado
 1642952140 ,56ec39c2-f898-34ae-81e0-ffc25dc47555,  -15.595860 ,  -47.304310 ,2023-08-08 16:33:00,Brasil,GOIÁS,FORMOSA,Cerrado
 1642952141 ,236861a9-0da5-3287-9946-6cb326cbaf3f,  -15.592400 ,  -47.269460 ,2023-08-08 16:33:00,Brasil,GOIÁS,FORMOSA,Cerrado
 1642952142 ,f74b925d-b260-312e-b898-6ec8c822da9c,  -15.489320 ,  -48.448270 ,2023-08-08 16:33:00,Brasil,GOIÁS,PADRE BERNARDO,Cerrado
 1642952143 ,d8de804f-7ffc-370b-be74-08f9db4bd8f5,  -15.489040 ,  -48.452410 ,2023-08-08 16:33:00,Brasil,GOIÁS,PADRE BERNARDO,Cerrado
 1642952144 ,a2136847-b91b-3c43-9c20-c6a6f9bffffa,  -15.200780 ,  -47.701200 ,2023-08-08 16:33:00,Brasil,GOIÁS,PLANALTINA,Cerrado
 1642952145 ,5e4e36f8-2d9c-3b13-85a1-c45d133f1026,  -15.195470 ,  -47.705970 ,2023-08-08 16:33:00,Brasil,GOIÁS,PLANALTINA,Cerrado
 1642952146 ,07d73102-418e-35f7-8243-662b5f3364b3,  -15.191390 ,  -47.667640 ,2023-08-08 16:33:00,Brasil,GOIÁS,PLANALTINA,Cerrado
 1642952149 ,0363db48-0ef6-38e9-b272-5a3ecca107b4,  -15.087370 ,  -48.557220 ,2023-08-08 16:33:00,Brasil,GOIÁS,MIMOSO DE GOIÁS,Cerrado
 1642952150 ,88f71a72-9ab7-34fc-b93d-ab0a12e27e3d,  -15.083130 ,  -48.512900 ,2023-08-08 16:33:00,Brasil,GOIÁS,MIMOSO DE GOIÁS,Cerrado
 1642952151 ,03f6ae48-a314-3040-a692-929f88dab34f,  -15.082730 ,  -48.516050 ,2023-08-08 16:33:00,Brasil,GOIÁS,MIMOSO DE GOIÁS,Cerrado
 1642952152 ,90f429f7-2b1d-37d3-baa4-3598e8b3a821,  -15.065200 ,  -48.517850 ,2023-08-08 16:33:00,Brasil,GOIÁS,MIMOSO DE GOIÁS,Cerrado
 1642952153 ,b6ee977b-11c9-3c54-b050-a911a1d30a0c,  -15.064110 ,  -48.526270 ,2023-08-08 16:33:00,Brasil,GOIÁS,MIMOSO DE GOIÁS,Cerrado
 1642952154 ,d00086d4-4e09-38c9-a28d-bb01510e0bb2,  -15.061170 ,  -48.478050 ,2023-08-08 16:33:00,Brasil,GOIÁS,MIMOSO DE GOIÁS,Cerrado
 1642952155 ,4f470962-460a-3057-a936-21bdd13075fe,  -15.059740 ,  -48.485690 ,2023-08-08 16:33:00,Brasil,GOIÁS,MIMOSO DE GOIÁS,Cerrado
 1642952156 ,1a920f27-f240-3539-a78e-ade8ccd4d222,  -15.047760 ,  -48.520530 ,2023-08-08 16:33:00,Brasil,GOIÁS,MIMOSO DE GOIÁS,Cerrado
 1642952157 ,171dd9e1-0ded-3bc8-be4b-7bae0ce4f0e1,  -15.046740 ,  -48.529540 ,2023-08-08 16:33:00,Brasil,GOIÁS,MIMOSO DE GOIÁS,Cerrado
 1642952158 ,a01c255b-4dec-382a-a4f0-b2d01aa916c3,  -15.043720 ,  -48.480080 ,2023-08-08 16:33:00,Brasil,GOIÁS,MIMOSO DE GOIÁS,Cerrado
 1642952159 ,30571deb-5ad7-3e01-8840-0e14f4615b1c,  -15.042290 ,  -48.487800 ,2023-08-08 16:33:00,Brasil,GOIÁS,MIMOSO DE GOIÁS,Cerrado
 1642952160 ,52939fca-b1d4-3c9b-affd-9162e611f2de,  -15.030360 ,  -48.523630 ,2023-08-08 16:33:00,Brasil,GOIÁS,MIMOSO DE GOIÁS,Cerrado
 1642952161 ,110db8ec-43d6-3d91-b4a4-4d12cf9f715c,  -15.026290 ,  -48.482430 ,2023-08-08 16:33:00,Brasil,GOIÁS,MIMOSO DE GOIÁS,Cerrado
 1642952162 ,f8ae3b0d-e77b-3cf1-94dc-5117fcb475b1,  -15.024910 ,  -48.490480 ,2023-08-08 16:33:00,Brasil,GOIÁS,MIMOSO DE GOIÁS,Cerrado
 1642952165 ,7966f235-d9ac-3f84-95d7-baabae8a24e7,  -14.378620 ,  -47.667720 ,2023-08-08 16:33:00,Brasil,GOIÁS,ALTO PARAÍSO DE GOIÁS,Cerrado
 1642952166 ,9cfb40e9-4b9f-3637-8740-633f735e42b3,  -14.374570 ,  -47.630800 ,2023-08-08 16:33:00,Brasil,GOIÁS,ALTO PARAÍSO DE GOIÁS,Cerrado
 1642952167 ,54b9b2be-c101-3830-b903-263cc8ff7d6b,  -14.369650 ,  -47.661580 ,2023-08-08 16:33:00,Brasil,GOIÁS,ALTO PARAÍSO DE GOIÁS,Cerrado
 1642952168 ,5c01aac4-ee15-3fa7-bd82-e90ac85efcbf,  -14.366000 ,  -47.625820 ,2023-08-08 16:33:00,Brasil,GOIÁS,ALTO PARAÍSO DE GOIÁS,Cerrado
 1643209722 ,48b09fa6-3e1f-3f6f-b8ef-70bf6a0a073f,  -18.431400 ,  -49.326450 ,2023-08-09 17:13:00,Brasil,GOIÁS,ITUMBIARA,Cerrado
 1643209723 ,c81c1d50-9e74-311a-ac7f-6c20847a0370,  -18.430040 ,  -49.316370 ,2023-08-09 17:13:00,Brasil,GOIÁS,ITUMBIARA,Cerrado
 1643209724 ,9b00bffd-bafe-32d2-a3b7-dec018793af6,  -18.407100 ,  -52.183440 ,2023-08-09 17:13:00,Brasil,GOIÁS,SERRANÓPOLIS,Cerrado
 1643209725 ,35c663bc-52ff-37d9-bb65-3f7c7f23c493,  -18.404970 ,  -52.190460 ,2023-08-09 17:13:00,Brasil,GOIÁS,SERRANÓPOLIS,Cerrado
 1643209734 ,d3479d28-271e-39bf-ba42-e829a568bfeb,  -17.738460 ,  -49.705640 ,2023-08-09 17:13:00,Brasil,GOIÁS,JOVIÂNIA,Cerrado
 1643209735 ,6acf3a22-2ded-30db-acfd-61e00da77878,  -17.737130 ,  -49.695650 ,2023-08-09 17:13:00,Brasil,GOIÁS,JOVIÂNIA,Cerrado
 1643209738 ,93998646-7799-32a5-a142-d226715503ec,  -17.575820 ,  -48.134440 ,2023-08-09 17:13:00,Brasil,GOIÁS,IPAMERI,Cerrado
 1643209742 ,c456a6b3-1353-3fe8-a234-baf99585b753,  -17.421720 ,  -52.729810 ,2023-08-09 17:13:00,Brasil,GOIÁS,PORTELÂNDIA,Cerrado
 1643209744 ,7ba7b7a6-627a-3682-9584-65f98863369e,  -17.281260 ,  -49.112680 ,2023-08-09 17:13:00,Brasil,GOIÁS,PIRACANJUBA,Cerrado
 1643209745 ,7a5e6568-8612-311c-a960-f132c0fcb691,  -17.279930 ,  -49.103030 ,2023-08-09 17:13:00,Brasil,GOIÁS,PIRACANJUBA,Cerrado
 1643209746 ,0d059382-6ab7-3368-858e-fcb1da9636ab,  -17.168270 ,  -48.765960 ,2023-08-09 17:13:00,Brasil,GOIÁS,BELA VISTA DE GOIÁS,Cerrado
 1643209747 ,06e26f12-ab6a-3944-b453-24a5d24f7751,  -17.157950 ,  -48.757930 ,2023-08-09 17:13:00,Brasil,GOIÁS,BELA VISTA DE GOIÁS,Cerrado
 1643209761 ,40740c67-35e5-3bb8-8b92-7176d940a86c,  -16.870410 ,  -49.403500 ,2023-08-09 17:13:00,Brasil,GOIÁS,ARAGOIÂNIA,Cerrado
 1643209762 ,56ed82e4-a6bc-3e7b-b858-bbdfba55ce3d,  -16.846340 ,  -49.552930 ,2023-08-09 17:13:00,Brasil,GOIÁS,GUAPÓ,Cerrado
 1643209763 ,562be102-5edb-38a3-b177-a4b9f38b128f,  -16.688070 ,  -49.079770 ,2023-08-09 17:13:00,Brasil,GOIÁS,SENADOR CANEDO,Cerrado
 1643209764 ,dd3b1241-f58a-351d-8c7a-04c5c2b65163,  -16.679290 ,  -49.149230 ,2023-08-09 17:13:00,Brasil,GOIÁS,SENADOR CANEDO,Cerrado
 1643209768 ,387d4897-f040-351e-b05d-79fc7292973c,  -16.528000 ,  -49.980940 ,2023-08-09 17:13:00,Brasil,GOIÁS,ANICUNS,Cerrado
 1643209769 ,0bf65f63-8759-312f-b725-1a203fffd090,  -16.526620 ,  -49.970810 ,2023-08-09 17:13:00,Brasil,GOIÁS,ANICUNS,Cerrado
 1643209770 ,dd1d98e0-de08-379d-8e87-061197e17e32,  -16.518670 ,  -49.982270 ,2023-08-09 17:13:00,Brasil,GOIÁS,ANICUNS,Cerrado
 1643209771 ,cf732f29-f235-3edb-89a8-9f6b770a346e,  -16.517310 ,  -49.972180 ,2023-08-09 17:13:00,Brasil,GOIÁS,ANICUNS,Cerrado
 1643209772 ,c04cf518-f133-3cfd-abd2-0f47e171ae9d,  -16.450330 ,  -47.864350 ,2023-08-09 17:13:00,Brasil,GOIÁS,LUZIÂNIA,Cerrado
 1643209777 ,edf8619c-3115-372e-a713-b0e7a382a766,  -16.085740 ,  -47.890080 ,2023-08-09 17:13:00,Brasil,GOIÁS,CIDADE OCIDENTAL,Cerrado
 1643209778 ,58c750dd-5afd-3f9a-b4e8-385a48a65f77,  -16.084400 ,  -47.880820 ,2023-08-09 17:13:00,Brasil,GOIÁS,CIDADE OCIDENTAL,Cerrado
 1643209779 ,d68fd21b-5547-326f-a1d6-278d04eb3e5f,  -16.022990 ,  -49.385780 ,2023-08-09 17:13:00,Brasil,GOIÁS,PETROLINA DE GOIÁS,Cerrado
 1643209780 ,1efdb56e-ffab-3ec7-9483-0bdfb3b657cf,  -16.021650 ,  -49.376250 ,2023-08-09 17:13:00,Brasil,GOIÁS,PETROLINA DE GOIÁS,Cerrado
 1643209781 ,ba7264ec-53a2-3818-90be-dd318a546add,  -16.015250 ,  -49.396740 ,2023-08-09 17:13:00,Brasil,GOIÁS,PETROLINA DE GOIÁS,Cerrado
 1643209782 ,54ad8fd2-7f6f-3921-9619-1f2afe6387e9,  -16.013910 ,  -49.387170 ,2023-08-09 17:13:00,Brasil,GOIÁS,PETROLINA DE GOIÁS,Cerrado
 1643209783 ,e169aa54-6f8b-3c0e-873d-1b3ec0ec5c29,  -16.012580 ,  -49.377640 ,2023-08-09 17:13:00,Brasil,GOIÁS,PETROLINA DE GOIÁS,Cerrado
 1643209784 ,b3a1ec23-9f28-397c-b0de-c51b3a47b648,  -16.006170 ,  -49.398120 ,2023-08-09 17:13:00,Brasil,GOIÁS,PETROLINA DE GOIÁS,Cerrado
 1643209785 ,5bff7407-f351-3c71-b518-d72032fdb17e,  -16.004830 ,  -49.388560 ,2023-08-09 17:13:00,Brasil,GOIÁS,PETROLINA DE GOIÁS,Cerrado
 1643209786 ,87c70731-c82c-317b-a540-0159e90c12ad,  -16.003500 ,  -49.379010 ,2023-08-09 17:13:00,Brasil,GOIÁS,PETROLINA DE GOIÁS,Cerrado
 1643209787 ,efd48f10-1b9f-3fbe-87e9-5a776029b168,  -15.994420 ,  -49.380400 ,2023-08-09 17:13:00,Brasil,GOIÁS,PETROLINA DE GOIÁS,Cerrado
 1643209788 ,b2967685-3dc4-337c-8473-8d41aca71d80,  -15.985340 ,  -49.381750 ,2023-08-09 17:13:00,Brasil,GOIÁS,JESÚPOLIS,Cerrado
 1643209791 ,a85a6694-ccb3-3fc6-9159-2d528ced07ae,  -15.435330 ,  -48.356560 ,2023-08-09 17:13:00,Brasil,GOIÁS,PADRE BERNARDO,Cerrado
 1643209792 ,90227a52-8156-31fc-abbf-c00fe5db6893,  -15.169250 ,  -47.983040 ,2023-08-09 17:13:00,Brasil,GOIÁS,PLANALTINA,Cerrado
 1643209793 ,90cfc067-0c47-337a-a32a-700ecbfcf451,  -15.167900 ,  -47.973820 ,2023-08-09 17:13:00,Brasil,GOIÁS,PLANALTINA,Cerrado
 1643209794 ,984ff26b-de76-3bc0-bfe8-edc70e461cce,  -15.063180 ,  -47.263160 ,2023-08-09 17:13:00,Brasil,GOIÁS,FORMOSA,Cerrado
 1643209795 ,fe706b62-723d-3258-9b8f-7479354c2be1,  -15.061770 ,  -47.253620 ,2023-08-09 17:13:00,Brasil,GOIÁS,FORMOSA,Cerrado
 1643209796 ,e1cc51d1-bb22-301b-be63-3be2387eab99,  -14.954740 ,  -48.665410 ,2023-08-09 17:13:00,Brasil,GOIÁS,NIQUELÂNDIA,Cerrado
 1643209797 ,4eefc4dc-202b-388e-972b-09ff0e9ac0d7,  -14.953420 ,  -48.656210 ,2023-08-09 17:13:00,Brasil,GOIÁS,NIQUELÂNDIA,Cerrado
 1643209799 ,4551ce74-0b80-32b5-92e8-0c6f6bcecfcf,  -14.683540 ,  -47.251280 ,2023-08-09 17:13:00,Brasil,GOIÁS,SÃO JOÃO D'ALIANÇA,Cerrado
 1643209800 ,bc9cac1d-ae07-33c6-aaea-4a9793b8d82e,  -14.577890 ,  -47.537450 ,2023-08-09 17:13:00,Brasil,GOIÁS,SÃO JOÃO D'ALIANÇA,Cerrado
 1643209801 ,3005b4fd-2129-3f96-8edc-55bf7e650d93,  -14.472930 ,  -47.824300 ,2023-08-09 17:13:00,Brasil,GOIÁS,SÃO JOÃO D'ALIANÇA,Cerrado
 1643209804 ,611a22a6-bcdc-3bef-be36-5551b418b2bd,  -13.714040 ,  -50.513250 ,2023-08-09 17:15:00,Brasil,GOIÁS,NOVA CRIXÁS,Cerrado
 1643209809 ,1b2e115f-8806-39a3-976e-6780945e9aa7,  -13.477460 ,  -46.963510 ,2023-08-09 17:15:00,Brasil,GOIÁS,MONTE ALEGRE DE GOIÁS,Cerrado
 1643209810 ,e3360543-7d62-3947-94ac-df7a814e3a77,  -13.461900 ,  -46.972200 ,2023-08-09 17:15:00,Brasil,GOIÁS,MONTE ALEGRE DE GOIÁS,Cerrado
 1643209815 ,5b872bb8-f3b7-3ddf-995e-b0d55c19e675,  -12.998580 ,  -46.317990 ,2023-08-09 17:15:00,Brasil,GOIÁS,CAMPOS BELOS,Cerrado
 1643209816 ,bd52464e-dbc9-3872-9e29-4c6e99fca0ff,  -12.996880 ,  -46.307190 ,2023-08-09 17:15:00,Brasil,GOIÁS,CAMPOS BELOS,Cerrado
 1643209817 ,eac4afd3-6548-3d09-b712-4f6221e8f76f,  -12.993860 ,  -46.314470 ,2023-08-09 17:15:00,Brasil,GOIÁS,CAMPOS BELOS,Cerrado
 1643209818 ,50a7b3d5-c8bd-3555-8913-bab37dffc573,  -12.992210 ,  -46.303660 ,2023-08-09 17:15:00,Brasil,GOIÁS,CAMPOS BELOS,Cerrado
 1643209819 ,3cd2d369-4bc6-3004-aa34-0102d46cbd16,  -12.827300 ,  -49.110260 ,2023-08-09 17:15:00,Brasil,GOIÁS,PORANGATU,Cerrado
 1643431109 ,c9efd8c6-3883-3b52-8831-d46448af30be,  -17.632760 ,  -49.880810 ,2023-08-10 17:54:00,Brasil,GOIÁS,VICENTINÓPOLIS,Cerrado
 1643431110 ,85ef8496-045f-3842-8944-0dec4ec7421c,  -17.460490 ,  -50.269940 ,2023-08-10 17:54:00,Brasil,GOIÁS,ACREÚNA,Cerrado
 1643431111 ,ad70e855-f918-3fd6-8a20-7dbecb330d2b,  -17.452660 ,  -50.293870 ,2023-08-10 17:54:00,Brasil,GOIÁS,ACREÚNA,Cerrado
 1643431112 ,d3e1b45c-ec35-3764-90ac-f448316304c8,  -17.447620 ,  -50.267840 ,2023-08-10 17:54:00,Brasil,GOIÁS,ACREÚNA,Cerrado
 1643431113 ,9eb84554-c5f5-3e3b-9cf2-a5f66cd582d6,  -17.197240 ,  -50.088390 ,2023-08-10 17:54:00,Brasil,GOIÁS,INDIARA,Cerrado
 1643431125 ,e9ca43c6-4e19-3158-ba42-59e61d380850,  -17.857120 ,  -51.798500 ,2023-08-10 17:54:00,Brasil,GOIÁS,JATAÍ,Cerrado
 1643431126 ,2f666c40-5219-34df-8573-17e509971b1f,  -17.853000 ,  -50.982720 ,2023-08-10 17:54:00,Brasil,GOIÁS,RIO VERDE,Cerrado
 1643431127 ,00bd121a-3ca7-3f9f-a6cc-5ae6609c3d7a,  -17.848890 ,  -50.960270 ,2023-08-10 17:54:00,Brasil,GOIÁS,RIO VERDE,Cerrado
 1643431128 ,5d6569ee-0e19-3363-90df-2fea180b0167,  -17.328080 ,  -51.290330 ,2023-08-10 17:54:00,Brasil,GOIÁS,MONTIVIDIU,Cerrado
 1643431129 ,520f86ea-feeb-35d5-95d2-3231047dc0cf,  -17.324030 ,  -51.268260 ,2023-08-10 17:54:00,Brasil,GOIÁS,MONTIVIDIU,Cerrado
 1643606713 ,e3d1809e-c17f-3613-b918-e04896a1553b,  -17.984320 ,  -49.845640 ,2023-08-11 16:58:00,Brasil,GOIÁS,GOIATUBA,Cerrado
 1643606714 ,f788b2f3-684e-314d-ae00-74d42a52d3ba,  -17.977760 ,  -49.839570 ,2023-08-11 16:58:00,Brasil,GOIÁS,GOIATUBA,Cerrado
 1643606715 ,d6f6e749-b97f-326f-a417-1317c4d4e309,  -17.965140 ,  -50.338310 ,2023-08-11 16:58:00,Brasil,GOIÁS,MAURILÂNDIA,Cerrado
 1643606717 ,b3748901-0db5-3313-922e-0ef9b70f697d,  -17.956040 ,  -50.353650 ,2023-08-11 16:58:00,Brasil,GOIÁS,MAURILÂNDIA,Cerrado
 1643606718 ,697a7a18-afbe-3c0d-8ca7-88677323bc1a,  -17.954880 ,  -50.358710 ,2023-08-11 16:58:00,Brasil,GOIÁS,MAURILÂNDIA,Cerrado
 1643606720 ,37dec57e-a835-36fa-af77-14d42be77990,  -17.953920 ,  -50.334540 ,2023-08-11 16:58:00,Brasil,GOIÁS,TURVELÂNDIA,Cerrado
 1643606722 ,3c4eed17-c7fa-34d1-ad28-3201d8a19741,  -17.952640 ,  -50.339760 ,2023-08-11 16:58:00,Brasil,GOIÁS,TURVELÂNDIA,Cerrado
 1643606740 ,a9a2a2cf-acc7-33ca-8ef9-76c2e598a464,  -17.161010 ,  -47.663870 ,2023-08-11 16:58:00,Brasil,GOIÁS,IPAMERI,Cerrado
 1643606744 ,20c5312e-6c7e-3b83-b963-f96fec1874ed,  -16.873710 ,  -47.333810 ,2023-08-11 16:58:00,Brasil,GOIÁS,CRISTALINA,Cerrado
 1643606749 ,e853a421-5012-3553-ba8f-8ad6a35d0659,  -15.722360 ,  -47.190970 ,2023-08-11 17:00:00,Brasil,GOIÁS,FORMOSA,Cerrado
 1643606750 ,addb0322-f896-3ae8-9870-666f5e4a00fc,  -15.711290 ,  -47.181660 ,2023-08-11 17:00:00,Brasil,GOIÁS,FORMOSA,Cerrado
 1643606751 ,a0cf2ac5-7376-3c6b-9577-daa97e4e383b,  -15.709810 ,  -47.170730 ,2023-08-11 17:00:00,Brasil,GOIÁS,FORMOSA,Cerrado
 1643606759 ,f5389fd1-137d-3ecb-9a44-f15c683cb603,  -15.254150 ,  -48.193140 ,2023-08-11 17:00:00,Brasil,GOIÁS,PADRE BERNARDO,Cerrado
 1643606760 ,4659f8a9-0451-3bb7-8f6a-61fff61d072b,  -15.236900 ,  -48.220540 ,2023-08-11 17:00:00,Brasil,GOIÁS,PADRE BERNARDO,Cerrado
 1643606761 ,b1812106-01aa-3e4d-8e3b-e4dded0bba25,  -15.180960 ,  -48.259530 ,2023-08-11 17:00:00,Brasil,GOIÁS,PADRE BERNARDO,Cerrado
 1643606765 ,43aa901f-8dbd-3df6-85eb-c4ae08bae0d8,  -14.755640 ,  -49.406440 ,2023-08-11 17:00:00,Brasil,GOIÁS,HIDROLINA,Cerrado
 1643606766 ,bc0ca5bb-d7e1-3d66-9a69-cba15883f58c,  -14.630030 ,  -48.789150 ,2023-08-11 17:00:00,Brasil,GOIÁS,NIQUELÂNDIA,Cerrado
 1643606767 ,11437342-5590-37a4-81fc-e3b096895f58,  -14.628320 ,  -48.776020 ,2023-08-11 17:00:00,Brasil,GOIÁS,NIQUELÂNDIA,Cerrado
 1643606772 ,a5f0cc5b-9b7c-37b1-9cf5-38f557e76304,  -14.359990 ,  -46.982060 ,2023-08-11 17:00:00,Brasil,GOIÁS,FLORES DE GOIÁS,Cerrado
 1643606773 ,e2124c18-021f-3505-b16f-2a81a5409d1f,  -14.358600 ,  -46.971860 ,2023-08-11 17:00:00,Brasil,GOIÁS,FLORES DE GOIÁS,Cerrado
 1643606789 ,f41e9dde-427f-3c44-b082-78d68cee77aa,  -13.019740 ,  -46.327550 ,2023-08-11 17:00:00,Brasil,GOIÁS,CAMPOS BELOS,Cerrado
 1643606790 ,6346f40d-ca2a-328d-8e71-99ccaf7765b1,  -13.018420 ,  -46.318190 ,2023-08-11 17:00:00,Brasil,GOIÁS,CAMPOS BELOS,Cerrado
 1643789792 ,ef9271c8-ee01-314e-a0f9-de972dec859e,  -14.804480 ,  -48.237730 ,2023-08-12 17:41:00,Brasil,GOIÁS,NIQUELÂNDIA,Cerrado
 1643789793 ,73e39fa3-4266-356c-94cf-b3e08a858c56,  -15.876260 ,  -47.213180 ,2023-08-12 17:41:00,Brasil,GOIÁS,FORMOSA,Cerrado
 1643789794 ,abb94b79-392b-305a-922e-d66f41e3cc44,  -15.138440 ,  -48.120240 ,2023-08-12 17:41:00,Brasil,GOIÁS,MIMOSO DE GOIÁS,Cerrado
 1643789795 ,19deae93-389b-309d-9d43-cff5eae1a82c,  -15.878740 ,  -47.207720 ,2023-08-12 17:41:00,Brasil,GOIÁS,FORMOSA,Cerrado
 1643789797 ,922fdb7e-4705-312c-baff-aa559f3085e0,  -15.139590 ,  -48.277930 ,2023-08-12 17:41:00,Brasil,GOIÁS,PADRE BERNARDO,Cerrado
 1643789874 ,5da29ce2-2cac-386e-a22b-bac9db3be67b,  -13.015650 ,  -50.560070 ,2023-08-12 17:41:00,Brasil,GOIÁS,SÃO MIGUEL DO ARAGUAIA,Cerrado
 1643979809 ,0138f6c6-18ae-3677-9b0b-b0c8bf5e8626,  -15.090460 ,  -48.136610 ,2023-08-13 16:45:00,Brasil,GOIÁS,MIMOSO DE GOIÁS,Cerrado
 1643979810 ,996d4747-368c-3d4c-922c-72635835bb17,  -14.987570 ,  -47.701740 ,2023-08-13 16:45:00,Brasil,GOIÁS,ÁGUA FRIA DE GOIÁS,Cerrado
 1643979811 ,e80c7f43-b6fa-38eb-972d-dd5f862ebac4,  -14.986580 ,  -47.694510 ,2023-08-13 16:45:00,Brasil,GOIÁS,ÁGUA FRIA DE GOIÁS,Cerrado
 1644241827 ,2d44ec5d-8ec2-3bc0-b09f-2f8c1c0b02e6,  -15.096050 ,  -48.126590 ,2023-08-14 17:26:00,Brasil,GOIÁS,MIMOSO DE GOIÁS,Cerrado
 1644241828 ,fdcce054-5a05-3740-8f7c-fa54615d0d64,  -15.068800 ,  -48.137000 ,2023-08-14 17:26:00,Brasil,GOIÁS,MIMOSO DE GOIÁS,Cerrado
 1644241829 ,a8364507-96a3-3cd9-be0b-d2b2f126da82,  -15.066870 ,  -48.124920 ,2023-08-14 17:26:00,Brasil,GOIÁS,MIMOSO DE GOIÁS,Cerrado
 1644241830 ,ed713551-6634-32ea-9e30-d52a1414430c,  -15.056730 ,  -48.126720 ,2023-08-14 17:26:00,Brasil,GOIÁS,MIMOSO DE GOIÁS,Cerrado
 1644241831 ,702d16f1-ea38-3cea-a0da-8bf3ebf8e017,  -15.064950 ,  -48.112870 ,2023-08-14 17:26:00,Brasil,GOIÁS,MIMOSO DE GOIÁS,Cerrado
 1644241833 ,c6f31415-68ef-3722-b1a1-c956e2598d6a,  -16.903120 ,  -48.386780 ,2023-08-14 17:26:00,Brasil,GOIÁS,VIANÓPOLIS,Cerrado
 1644241834 ,314f0cbe-ec0b-3123-bfab-27076074a929,  -16.893410 ,  -48.388520 ,2023-08-14 17:26:00,Brasil,GOIÁS,VIANÓPOLIS,Cerrado
 1644624396 ,1792f523-865c-35a0-a590-db673f1eaf50,  -17.841940 ,  -50.827640 ,2023-08-16 17:11:00,Brasil,GOIÁS,RIO VERDE,Cerrado
 1644624397 ,70e42095-586a-3464-ae99-a8e74dea7ac9,  -17.840380 ,  -50.815210 ,2023-08-16 17:11:00,Brasil,GOIÁS,RIO VERDE,Cerrado
 1644624402 ,dd35613a-7b46-3d2e-8b06-e869ad6a57de,  -17.385080 ,  -50.043130 ,2023-08-16 17:11:00,Brasil,GOIÁS,EDÉIA,Cerrado
 1644624403 ,2e133548-bd0c-33ac-9d24-45a9fe21ad60,  -17.379690 ,  -52.963720 ,2023-08-16 17:11:00,Brasil,GOIÁS,MINEIROS,Cerrado
 1644624404 ,14f70131-c090-31e9-89b5-efec5eb0be69,  -17.377680 ,  -52.946480 ,2023-08-16 17:11:00,Brasil,GOIÁS,MINEIROS,Cerrado
 1644624405 ,b2ca40b7-756f-36cc-b5fa-0b9bbec540d4,  -17.375430 ,  -50.044580 ,2023-08-16 17:11:00,Brasil,GOIÁS,EDÉIA,Cerrado
 1644624406 ,ce2074f6-f4fe-3aaf-8d99-46b82ad2b038,  -17.372940 ,  -52.971500 ,2023-08-16 17:11:00,Brasil,GOIÁS,MINEIROS,Cerrado
 1644624407 ,18e1a2c7-0d64-32e4-8461-a2a342366201,  -17.370840 ,  -52.954440 ,2023-08-16 17:11:00,Brasil,GOIÁS,MINEIROS,Cerrado
 1644624411 ,a06dd91f-de54-3d75-b90b-e5738d9e4dd0,  -15.467190 ,  -48.771720 ,2023-08-16 17:11:00,Brasil,GOIÁS,VILA PROPÍCIO,Cerrado
 1644624412 ,9854c72d-a021-375e-b9f0-c1fbb0b567f1,  -15.437160 ,  -48.623200 ,2023-08-16 17:11:00,Brasil,GOIÁS,COCALZINHO DE GOIÁS,Cerrado
 1644624414 ,e9cfba91-d9b0-3747-94d3-90ca37b5470c,  -15.244250 ,  -48.238510 ,2023-08-16 17:11:00,Brasil,GOIÁS,PADRE BERNARDO,Cerrado
 1644624415 ,373af452-c746-3436-817b-83cadf79be76,  -15.209340 ,  -47.171170 ,2023-08-16 17:11:00,Brasil,GOIÁS,FORMOSA,Cerrado
 1644624416 ,56f09bc5-6240-34bb-9bb5-f931daf8a04a,  -15.186450 ,  -47.711580 ,2023-08-16 17:11:00,Brasil,GOIÁS,PLANALTINA,Cerrado
 1644624417 ,90e29693-0175-384c-bf25-c08631037787,  -15.114240 ,  -48.160690 ,2023-08-16 17:11:00,Brasil,GOIÁS,MIMOSO DE GOIÁS,Cerrado
 1644624418 ,7c4ebe26-4fa0-3e33-9431-d720b9e5444f,  -15.112920 ,  -48.151500 ,2023-08-16 17:11:00,Brasil,GOIÁS,MIMOSO DE GOIÁS,Cerrado
 1644624419 ,9ca57a50-5caf-3f7e-affb-e94dacba5317,  -15.075360 ,  -48.408860 ,2023-08-16 17:11:00,Brasil,GOIÁS,MIMOSO DE GOIÁS,Cerrado
 1644624420 ,76c9f3d1-311b-3ba0-af5c-b1d87c9736e0,  -15.074040 ,  -48.399620 ,2023-08-16 17:11:00,Brasil,GOIÁS,MIMOSO DE GOIÁS,Cerrado
 1644624421 ,22c8a997-f8a0-3ffb-b9d2-80020cdca7d6,  -15.072720 ,  -48.390370 ,2023-08-16 17:11:00,Brasil,GOIÁS,MIMOSO DE GOIÁS,Cerrado
 1644624425 ,f54bfa68-b557-3ca7-9ab0-431282ba827c,  -14.764910 ,  -47.094360 ,2023-08-16 17:11:00,Brasil,GOIÁS,FLORES DE GOIÁS,Cerrado
 1644624426 ,685a4521-c043-3091-ab4e-005c986ff400,  -14.755900 ,  -47.095790 ,2023-08-16 17:11:00,Brasil,GOIÁS,FLORES DE GOIÁS,Cerrado
 1644624427 ,6d4597dc-ba58-3847-96f5-b136f51135f6,  -14.440360 ,  -47.390670 ,2023-08-16 17:13:00,Brasil,GOIÁS,SÃO JOÃO D'ALIANÇA,Cerrado
 1644624428 ,ce97d4bd-f43f-33bf-af03-100adbc87ea8,  -14.438980 ,  -47.381380 ,2023-08-16 17:13:00,Brasil,GOIÁS,SÃO JOÃO D'ALIANÇA,Cerrado
 1644624430 ,e0e630a2-b65d-3843-b292-3b2420a85e55,  -14.271770 ,  -47.248290 ,2023-08-16 17:13:00,Brasil,GOIÁS,SÃO JOÃO D'ALIANÇA,Cerrado
 1644624431 ,c4e874f1-ad3d-37bd-8a32-dcee7ac8335c,  -14.062870 ,  -46.236880 ,2023-08-16 17:13:00,Brasil,GOIÁS,POSSE,Cerrado
 1644819706 ,b89b052d-4fcf-3a6c-944b-3cbc1e665502,  -18.782660 ,  -51.313510 ,2023-08-17 17:54:00,Brasil,GOIÁS,ITARUMÃ,Cerrado
 1644819707 ,d7d03634-3668-3f7b-a052-decf42b97a3e,  -18.779280 ,  -51.294420 ,2023-08-17 17:54:00,Brasil,GOIÁS,ITARUMÃ,Cerrado
 1644819708 ,bbfb7cc2-66a3-3975-8b57-0f27c2e8031f,  -17.664820 ,  -52.989560 ,2023-08-17 17:54:00,Brasil,GOIÁS,MINEIROS,Cerrado
 1644819717 ,08caf262-0b1f-3890-ad52-138832e72db0,  -18.784990 ,  -51.305790 ,2023-08-17 17:54:00,Brasil,GOIÁS,ITARUMÃ,Cerrado
 1644819718 ,43d8d190-f45d-3dc8-8ca0-ba93e9b40c45,  -17.662280 ,  -52.974590 ,2023-08-17 17:54:00,Brasil,GOIÁS,MINEIROS,Cerrado
 1644819719 ,0af7f394-6c45-32a6-af27-8b98cc2ed6cf,  -17.651120 ,  -52.976650 ,2023-08-17 17:54:00,Brasil,GOIÁS,MINEIROS,Cerrado
 1644819720 ,e59fc0e0-f276-30f7-b342-592486d2b5c6,  -17.526940 ,  -52.255590 ,2023-08-17 17:54:00,Brasil,GOIÁS,PEROLÂNDIA,Cerrado
 1644820755 ,eb856d84-e25f-33f8-96c6-01e6bc6dcab7,  -17.639960 ,  -52.978750 ,2023-08-17 17:54:00,Brasil,GOIÁS,MINEIROS,Cerrado
 1645016516 ,bfd7f144-d364-33df-8a68-99f04d645af6,  -15.081150 ,  -48.010620 ,2023-08-18 16:58:00,Brasil,GOIÁS,ÁGUA FRIA DE GOIÁS,Cerrado
 1645016517 ,5fcb2017-e5cb-3f93-93df-4840d0a666f0,  -15.042970 ,  -48.100110 ,2023-08-18 16:58:00,Brasil,GOIÁS,MIMOSO DE GOIÁS,Cerrado
 1645016518 ,70840c71-407e-3212-b832-64f6229cff6b,  -14.621100 ,  -47.073480 ,2023-08-18 16:58:00,Brasil,GOIÁS,FLORES DE GOIÁS,Cerrado
 1645016519 ,a50742a4-0c72-33e1-b43d-d0fb91e22cce,  -14.619620 ,  -47.062530 ,2023-08-18 16:58:00,Brasil,GOIÁS,FLORES DE GOIÁS,Cerrado
 1645016520 ,efe04235-d5f4-3a1c-a358-86035475fce8,  -14.561760 ,  -47.149180 ,2023-08-18 16:58:00,Brasil,GOIÁS,FORMOSA,Cerrado
 1645016521 ,98d3bb4d-d0a3-3013-8b47-bb0e1fc01273,  -14.533830 ,  -48.111180 ,2023-08-18 16:58:00,Brasil,GOIÁS,NIQUELÂNDIA,Cerrado
 1645016522 ,20024f45-c735-3b16-8778-5ff6e887393b,  -14.532230 ,  -48.098710 ,2023-08-18 16:58:00,Brasil,GOIÁS,NIQUELÂNDIA,Cerrado
 1645016523 ,22b8708d-f406-3ddd-84e3-666fae3d97c2,  -14.287140 ,  -47.246070 ,2023-08-18 16:58:00,Brasil,GOIÁS,SÃO JOÃO D'ALIANÇA,Cerrado
 1645016524 ,b6b9aeb1-5c1b-3a14-9374-19c199175b1d,  -16.870430 ,  -47.679790 ,2023-08-18 16:56:00,Brasil,GOIÁS,CRISTALINA,Cerrado
 1645016525 ,269462a5-9123-36c9-a268-8b0674093216,  -16.860030 ,  -47.681230 ,2023-08-18 16:56:00,Brasil,GOIÁS,CRISTALINA,Cerrado
 1645016526 ,0e7b46ca-db0f-3d6b-9d4d-dc65ae7a36f8,  -16.868830 ,  -47.667170 ,2023-08-18 16:56:00,Brasil,GOIÁS,CRISTALINA,Cerrado
 1645016615 ,4ced35ea-6ed1-385b-9af0-430619eb92de,  -15.087350 ,  -48.695100 ,2023-08-18 16:58:00,Brasil,GOIÁS,VILA PROPÍCIO,Cerrado
 1645016616 ,25e82614-05b0-37bf-99d8-f3f943cf580a,  -15.126480 ,  -48.626060 ,2023-08-18 16:58:00,Brasil,GOIÁS,MIMOSO DE GOIÁS,Cerrado
 1645016617 ,c8fb300d-b666-37e6-8536-d7b6eb1d7e6a,  -15.123650 ,  -48.718440 ,2023-08-18 16:58:00,Brasil,GOIÁS,VILA PROPÍCIO,Cerrado
 1645016618 ,bef7c475-e2ca-3bcb-967d-cfd84f67ce64,  -15.076440 ,  -48.696500 ,2023-08-18 16:58:00,Brasil,GOIÁS,VILA PROPÍCIO,Cerrado
 1645016619 ,6a77ca72-017f-3181-ab4b-e3f0a3a5647c,  -14.343300 ,  -48.688740 ,2023-08-18 16:58:00,Brasil,GOIÁS,NIQUELÂNDIA,Cerrado
 1645016771 ,694d2545-0008-399c-a2fb-3304038134a7,  -17.170100 ,  -50.971360 ,2023-08-18 16:56:00,Brasil,GOIÁS,RIO VERDE,Cerrado
 1645016898 ,32c494bf-4944-3a40-87f3-bac1e7e4f551,  -17.657710 ,  -53.012650 ,2023-08-18 16:56:00,Brasil,GOIÁS,MINEIROS,Cerrado
 1645206182 ,a73bab01-fdc5-36bd-89e2-24568b39739c,  -16.299900 ,  -49.973110 ,2023-08-19 17:39:00,Brasil,GOIÁS,ANICUNS,Cerrado
 1645206183 ,13947b92-fa47-3b30-bf00-5e0db3809b22,  -16.275700 ,  -49.962780 ,2023-08-19 17:39:00,Brasil,GOIÁS,ANICUNS,Cerrado
 1645206184 ,421e82f2-f895-3c5b-85e8-3302611857dc,  -17.734710 ,  -50.905220 ,2023-08-19 17:39:00,Brasil,GOIÁS,RIO VERDE,Cerrado
 1645206185 ,fb720aaf-8707-3c4a-b104-5911e88d826e,  -17.726680 ,  -50.919010 ,2023-08-19 17:39:00,Brasil,GOIÁS,RIO VERDE,Cerrado
 1645206186 ,6e0c3339-607a-390d-b0ad-7ac503c2f8fe,  -17.724740 ,  -50.907100 ,2023-08-19 17:39:00,Brasil,GOIÁS,RIO VERDE,Cerrado
 1645206187 ,21be0400-7dfb-3ac0-b973-e78080faf0f9,  -17.736630 ,  -50.917050 ,2023-08-19 17:39:00,Brasil,GOIÁS,RIO VERDE,Cerrado
 1645206189 ,e1623b60-44cd-3fe2-9379-d7809b4d0e8a,  -16.297550 ,  -49.959000 ,2023-08-19 17:39:00,Brasil,GOIÁS,ANICUNS,Cerrado
 1645206190 ,8ae5858d-436e-3186-9e25-31c3578d39f1,  -17.842330 ,  -50.940970 ,2023-08-19 17:39:00,Brasil,GOIÁS,RIO VERDE,Cerrado
 1645378531 ,bec74731-2fa7-363c-8dd1-1fc4809f10d4,  -14.398870 ,  -48.681630 ,2023-08-20 16:43:00,Brasil,GOIÁS,NIQUELÂNDIA,Cerrado
 1645378532 ,1d9860d6-5ed5-3afd-b90c-88fb5a2aa6f6,  -14.394000 ,  -49.151130 ,2023-08-20 16:43:00,Brasil,GOIÁS,URUAÇU,Cerrado
 1645378533 ,7b645f09-1202-3697-8eff-c7bb8a656af0,  -14.386580 ,  -48.677510 ,2023-08-20 16:43:00,Brasil,GOIÁS,NIQUELÂNDIA,Cerrado
 1645378534 ,9906cb3e-0d36-3bc2-88c8-e6ff587326ce,  -14.384580 ,  -48.684040 ,2023-08-20 16:43:00,Brasil,GOIÁS,NIQUELÂNDIA,Cerrado
 1645378536 ,cd4745e9-b92c-3e1e-8615-12302f20e907,  -14.366950 ,  -48.657990 ,2023-08-20 16:43:00,Brasil,GOIÁS,NIQUELÂNDIA,Cerrado
 1645378581 ,a00ee716-6f96-329e-936c-eff5b034067d,  -16.305720 ,  -49.956180 ,2023-08-20 16:43:00,Brasil,GOIÁS,ANICUNS,Cerrado
 1645378582 ,8cd1f0e1-1000-3486-92be-6db8d78fdc1c,  -16.296260 ,  -49.952640 ,2023-08-20 16:43:00,Brasil,GOIÁS,ANICUNS,Cerrado
 1645378583 ,57369baf-ad96-352e-9f8f-8384302a7566,  -16.206960 ,  -49.172770 ,2023-08-20 16:43:00,Brasil,GOIÁS,OURO VERDE DE GOIÁS,Cerrado
 1645378584 ,96354e83-30dc-314e-8cb1-9354b4e7e3d8,  -16.203800 ,  -49.143170 ,2023-08-20 16:43:00,Brasil,GOIÁS,ANÁPOLIS,Cerrado
 1645378598 ,c7111478-4f8a-38e0-8abf-0146a6a49ece,  -14.352770 ,  -48.661100 ,2023-08-20 16:43:00,Brasil,GOIÁS,NIQUELÂNDIA,Cerrado
 1645378599 ,d6e192a4-e7e3-3a72-a5d5-0756b10e7162,  -14.292230 ,  -47.723640 ,2023-08-20 16:43:00,Brasil,GOIÁS,ALTO PARAÍSO DE GOIÁS,Cerrado
 1645378600 ,2aa470af-6a3a-3c96-a69e-f80b6d5aa790,  -14.283500 ,  -47.729430 ,2023-08-20 16:43:00,Brasil,GOIÁS,ALTO PARAÍSO DE GOIÁS,Cerrado
 1645622357 ,28754383-baee-3edd-8631-6cf8c1e717ee,  -15.692790 ,  -46.932370 ,2023-08-21 17:24:00,Brasil,GOIÁS,CABECEIRAS,Cerrado
 1645622358 ,36380908-2ebf-31ff-9757-814175314709,  -15.689090 ,  -46.938760 ,2023-08-21 17:24:00,Brasil,GOIÁS,CABECEIRAS,Cerrado
 1645622359 ,4e3cbfc0-4353-37e8-9a33-5b97f7de2dac,  -15.682260 ,  -46.934260 ,2023-08-21 17:24:00,Brasil,GOIÁS,CABECEIRAS,Cerrado
 1645622408 ,b63ec1de-85d0-370a-bcef-726c277583c7,  -13.613840 ,  -47.760330 ,2023-08-21 17:26:00,Brasil,GOIÁS,CAVALCANTE,Cerrado
 1645622412 ,4e42b44c-0387-316c-944e-f950be097533,  -15.130870 ,  -48.072280 ,2023-08-21 17:24:00,Brasil,GOIÁS,ÁGUA FRIA DE GOIÁS,Cerrado
 1645622413 ,281bbf71-88c8-3ca2-884a-d45aa2176fd9,  -15.067480 ,  -48.393490 ,2023-08-21 17:24:00,Brasil,GOIÁS,MIMOSO DE GOIÁS,Cerrado
 1645622414 ,67924de7-edaa-3acc-ae75-f81e9d0c19eb,  -15.065790 ,  -48.382590 ,2023-08-21 17:24:00,Brasil,GOIÁS,MIMOSO DE GOIÁS,Cerrado
 1645622415 ,2a8896a1-14b8-3e85-a902-26eaa44a91de,  -14.561310 ,  -47.210350 ,2023-08-21 17:24:00,Brasil,GOIÁS,SÃO JOÃO D'ALIANÇA,Cerrado
 1645622416 ,9bfd30af-aaa3-30d0-86e7-b5aeeedc73e1,  -14.540450 ,  -48.096830 ,2023-08-21 17:24:00,Brasil,GOIÁS,NIQUELÂNDIA,Cerrado
 1645622417 ,857679e5-bf6a-3977-bd08-814e52376db0,  -15.237850 ,  -48.239070 ,2023-08-21 17:24:00,Brasil,GOIÁS,PADRE BERNARDO,Cerrado
 1645622418 ,2d8935cb-9609-3313-9bda-328ea47a14cc,  -15.236100 ,  -48.227790 ,2023-08-21 17:24:00,Brasil,GOIÁS,PADRE BERNARDO,Cerrado
 1645622419 ,c70bd018-95ee-3a55-a060-3f4aec4a8e61,  -15.162260 ,  -48.078580 ,2023-08-21 17:24:00,Brasil,GOIÁS,PLANALTINA,Cerrado
 1645622420 ,4447bbc1-59b8-398e-8ca8-3bbd851bc41e,  -15.150570 ,  -48.068770 ,2023-08-21 17:24:00,Brasil,GOIÁS,PLANALTINA,Cerrado
 1645622421 ,50f107ff-4edd-3924-ba06-b0c85b928f59,  -15.148750 ,  -48.057430 ,2023-08-21 17:24:00,Brasil,GOIÁS,PLANALTINA,Cerrado
 1645622422 ,ab7f98ed-9338-366c-ab35-ef9ba4073da9,  -15.147230 ,  -48.173850 ,2023-08-21 17:24:00,Brasil,GOIÁS,PADRE BERNARDO,Cerrado
 1645622423 ,6305bb45-988b-367b-824c-db8453c799c7,  -15.145420 ,  -48.168130 ,2023-08-21 17:24:00,Brasil,GOIÁS,PADRE BERNARDO,Cerrado
 1645622424 ,b323d57e-e784-3cac-a092-aaad87a85503,  -15.145410 ,  -48.162550 ,2023-08-21 17:24:00,Brasil,GOIÁS,MIMOSO DE GOIÁS,Cerrado
 1645622425 ,dc287199-f277-30bc-bb0e-309a5dce3eb7,  -15.144360 ,  -48.093170 ,2023-08-21 17:24:00,Brasil,GOIÁS,PLANALTINA,Cerrado
 1645622426 ,99ace886-96eb-3a5c-8845-4ca015840e0c,  -15.143660 ,  -48.156830 ,2023-08-21 17:24:00,Brasil,GOIÁS,PADRE BERNARDO,Cerrado
 1645622427 ,d8998605-2be5-3f06-97ec-526067fa2cdb,  -15.142530 ,  -48.081790 ,2023-08-21 17:24:00,Brasil,GOIÁS,PLANALTINA,Cerrado
 1645622428 ,1f9c1a59-90a4-3cfe-aed3-4c6ce89e64b5,  -15.140710 ,  -48.070500 ,2023-08-21 17:24:00,Brasil,GOIÁS,ÁGUA FRIA DE GOIÁS,Cerrado
 1645622429 ,682bf6b2-88b1-3932-bd6b-28e3402cf164,  -15.138880 ,  -48.059110 ,2023-08-21 17:24:00,Brasil,GOIÁS,ÁGUA FRIA DE GOIÁS,Cerrado
 1645622430 ,8115853f-37c6-3832-a09d-58e7c13c2a29,  -15.127570 ,  -48.182770 ,2023-08-21 17:24:00,Brasil,GOIÁS,MIMOSO DE GOIÁS,Cerrado
 1645622431 ,33fab4e1-b163-38ca-8c01-b0e69a6c5e85,  -15.125840 ,  -48.171730 ,2023-08-21 17:24:00,Brasil,GOIÁS,MIMOSO DE GOIÁS,Cerrado
 1645622432 ,6d8171cc-91a1-381a-9835-1c9a3c7372e3,  -15.117790 ,  -48.184590 ,2023-08-21 17:24:00,Brasil,GOIÁS,MIMOSO DE GOIÁS,Cerrado
 1645622476 ,4c1651f0-c33e-3782-a824-2294bf9ee523,  -14.506620 ,  -48.999900 ,2023-08-21 17:26:00,Brasil,GOIÁS,NIQUELÂNDIA,Cerrado
 1645622477 ,b808bf3b-46b3-3d12-99be-b98d389f4d63,  -14.505020 ,  -48.989510 ,2023-08-21 17:26:00,Brasil,GOIÁS,NIQUELÂNDIA,Cerrado
 1645622478 ,7c373f86-c19e-35fc-a462-8ed70efff21f,  -14.419420 ,  -48.690190 ,2023-08-21 17:26:00,Brasil,GOIÁS,NIQUELÂNDIA,Cerrado
 1645622479 ,0a5ce93b-b27b-374a-9cd7-9361c42e3d0a,  -14.408230 ,  -48.681760 ,2023-08-21 17:26:00,Brasil,GOIÁS,NIQUELÂNDIA,Cerrado
 1645622480 ,251cc759-75ac-30aa-ae84-5fc875ddc8a3,  -14.406590 ,  -48.671350 ,2023-08-21 17:26:00,Brasil,GOIÁS,NIQUELÂNDIA,Cerrado
 1645622481 ,4f449773-9780-3260-9380-87dc4086934f,  -14.379310 ,  -48.649130 ,2023-08-21 17:26:00,Brasil,GOIÁS,NIQUELÂNDIA,Cerrado
 1645622482 ,7c5a0c44-f7a9-35ee-a70b-eddec7b64338,  -14.218480 ,  -49.528360 ,2023-08-21 17:26:00,Brasil,GOIÁS,PILAR DE GOIÁS,Cerrado
 1645622483 ,404873e0-6d4a-32d1-b282-3c4e14b91918,  -14.216970 ,  -49.518410 ,2023-08-21 17:26:00,Brasil,GOIÁS,PILAR DE GOIÁS,Cerrado
 1645622484 ,c10d2d64-3b56-344c-9080-baf2cf4ac194,  -17.799600 ,  -50.311210 ,2023-08-21 17:24:00,Brasil,GOIÁS,TURVELÂNDIA,Cerrado
 1645622537 ,4a5a1db5-fadf-3338-a7d6-109f44315f7b,  -15.034790 ,  -51.313220 ,2023-08-21 17:24:00,Brasil,GOIÁS,BRITÂNIA,Cerrado
 1645622538 ,90ab153f-f3f8-3f25-8a3f-d1f69ac2e019,  -15.033470 ,  -51.304030 ,2023-08-21 17:24:00,Brasil,GOIÁS,BRITÂNIA,Cerrado
 1645798905 ,35c1f596-c01d-3cea-abb1-1a8744a46142,  -14.363440 ,  -46.990910 ,2023-08-22 16:28:00,Brasil,GOIÁS,FLORES DE GOIÁS,Cerrado
 1645856583 ,7b9a95ac-bfd7-3aaa-a522-0e425e967d80,  -16.742830 ,  -52.139770 ,2023-08-22 18:06:00,Brasil,GOIÁS,CAIAPÔNIA,Cerrado
 1645856584 ,cb790f79-a54a-3c3f-b4ca-3ade5b588cc1,  -16.740730 ,  -52.116190 ,2023-08-22 18:06:00,Brasil,GOIÁS,CAIAPÔNIA,Cerrado
 1645856585 ,127c0acc-8933-3960-b91d-2875a2fda5c6,  -16.736930 ,  -52.109380 ,2023-08-22 18:06:00,Brasil,GOIÁS,CAIAPÔNIA,Cerrado
 1646124613 ,994f3fc5-2bab-30f2-be89-2c583ef66514,  -13.052640 ,  -46.336030 ,2023-08-23 17:11:00,Brasil,GOIÁS,CAMPOS BELOS,Cerrado
 1646124624 ,b214f1e3-f2f5-314c-a7a3-9cfa2a61fa6c,  -15.456120 ,  -47.011260 ,2023-08-23 17:11:00,Brasil,GOIÁS,FORMOSA,Cerrado
 1646124639 ,7dbec0f4-0349-3fc9-afeb-e59619ef3267,  -18.303680 ,  -47.678360 ,2023-08-23 17:09:00,Brasil,GOIÁS,TRÊS RANCHOS,Cerrado
 1646124640 ,ff9a66d0-5d75-3517-b334-36d893a00c11,  -18.302330 ,  -47.668760 ,2023-08-23 17:09:00,Brasil,GOIÁS,OUVIDOR,Cerrado
 1646124729 ,ef26f84a-4eaf-33f1-b38c-3322b2f738e3,  -14.505940 ,  -47.061710 ,2023-08-23 17:11:00,Brasil,GOIÁS,FLORES DE GOIÁS,Cerrado
 1646124730 ,64366f44-437a-3616-b7fb-58452af77b87,  -14.496990 ,  -47.063120 ,2023-08-23 17:11:00,Brasil,GOIÁS,FLORES DE GOIÁS,Cerrado
 1646124731 ,98a3c654-5bf2-3e78-ab31-9dcf5df01672,  -14.495640 ,  -47.053890 ,2023-08-23 17:11:00,Brasil,GOIÁS,FLORES DE GOIÁS,Cerrado
 1646124732 ,ce532720-475e-37c8-a090-72a5445bb2e1,  -14.488050 ,  -47.064530 ,2023-08-23 17:11:00,Brasil,GOIÁS,FLORES DE GOIÁS,Cerrado
 1646124733 ,659c870a-9206-3722-9be8-18c926c9bdb1,  -14.486690 ,  -47.055300 ,2023-08-23 17:11:00,Brasil,GOIÁS,FLORES DE GOIÁS,Cerrado
 1646124734 ,a35af786-858b-3730-b3b1-6872dbedf368,  -14.237240 ,  -47.367450 ,2023-08-23 17:11:00,Brasil,GOIÁS,SÃO JOÃO D'ALIANÇA,Cerrado
 1646124735 ,69101054-fbd2-3c70-a119-bc1ae5e5a363,  -14.230120 ,  -47.383440 ,2023-08-23 17:11:00,Brasil,GOIÁS,SÃO JOÃO D'ALIANÇA,Cerrado
 1646124736 ,ca553c44-90db-3de2-9604-5ef5581cf86c,  -14.228790 ,  -47.374310 ,2023-08-23 17:11:00,Brasil,GOIÁS,SÃO JOÃO D'ALIANÇA,Cerrado
 1646124737 ,6ae91bcc-b01e-3cb8-8132-7bd7a2b1bf80,  -14.227460 ,  -47.365150 ,2023-08-23 17:11:00,Brasil,GOIÁS,SÃO JOÃO D'ALIANÇA,Cerrado
 1646124741 ,82df2ed4-cde0-3951-8adc-f4d00376ef8d,  -15.370350 ,  -47.436150 ,2023-08-23 17:11:00,Brasil,GOIÁS,FORMOSA,Cerrado
 1646124742 ,ec88ff47-2899-3721-9b0a-0a01bf635ac2,  -15.135150 ,  -48.110330 ,2023-08-23 17:11:00,Brasil,GOIÁS,MIMOSO DE GOIÁS,Cerrado
 1646124743 ,103a0323-fe0e-356b-9269-c2d2d8d4c086,  -17.983920 ,  -48.501500 ,2023-08-23 17:09:00,Brasil,GOIÁS,CORUMBAÍBA,Cerrado
 1646124744 ,ea208833-3cc0-3b2b-beb1-f315c50caa62,  -16.869950 ,  -47.625450 ,2023-08-23 17:09:00,Brasil,GOIÁS,CRISTALINA,Cerrado
 1646124745 ,eb6b5a5b-bb90-3476-a98c-96efde397502,  -16.868630 ,  -47.616110 ,2023-08-23 17:09:00,Brasil,GOIÁS,CRISTALINA,Cerrado
 1646124746 ,96a9535e-72d3-3f20-838e-a9fe43357f8a,  -16.598170 ,  -48.379830 ,2023-08-23 17:09:00,Brasil,GOIÁS,SILVÂNIA,Cerrado
 1646124808 ,eb16308f-9d08-3858-8597-7c4224f3b43d,  -15.194000 ,  -48.981610 ,2023-08-23 17:11:00,Brasil,GOIÁS,GOIANÉSIA,Cerrado
 1646124809 ,59475a74-04e9-397f-bb42-2e6bb3417005,  -15.131350 ,  -48.733400 ,2023-08-23 17:11:00,Brasil,GOIÁS,VILA PROPÍCIO,Cerrado
 1646124810 ,4ab18cb5-a779-3de3-9d7b-6030d47114e6,  -15.130010 ,  -48.723770 ,2023-08-23 17:11:00,Brasil,GOIÁS,VILA PROPÍCIO,Cerrado
 1646124811 ,17285885-6c2c-3b23-8680-340cee9f9333,  -14.402190 ,  -48.648400 ,2023-08-23 17:11:00,Brasil,GOIÁS,NIQUELÂNDIA,Cerrado
 1646124812 ,dc61682b-f324-3923-a4f6-5a4d7ec8780a,  -13.762490 ,  -49.400650 ,2023-08-23 17:11:00,Brasil,GOIÁS,MUTUNÓPOLIS,Cerrado
 1646124813 ,2a3a8453-ccf4-34fc-9298-054b0f390b45,  -13.761130 ,  -49.390840 ,2023-08-23 17:11:00,Brasil,GOIÁS,MUTUNÓPOLIS,Cerrado
 1646124814 ,6a5b43bb-dc0a-3e1e-8c2e-b526e9848f1b,  -13.753250 ,  -49.401970 ,2023-08-23 17:11:00,Brasil,GOIÁS,MUTUNÓPOLIS,Cerrado
 1646124815 ,58ee8e9f-7ffe-3aa3-8afe-9d5ffc180983,  -13.751890 ,  -49.392150 ,2023-08-23 17:11:00,Brasil,GOIÁS,MUTUNÓPOLIS,Cerrado
 1646124816 ,c69aba06-b88a-3a44-920a-8720ebecd4be,  -16.391660 ,  -49.817970 ,2023-08-23 17:11:00,Brasil,GOIÁS,ANICUNS,Cerrado
 1646124817 ,cf1f5c47-ab03-39d6-b72f-23bc668af4a2,  -16.390210 ,  -49.807150 ,2023-08-23 17:11:00,Brasil,GOIÁS,ITABERAÍ,Cerrado
 1646124818 ,c30c9025-d975-3e7d-8d6a-bf0783d26664,  -16.380520 ,  -49.808480 ,2023-08-23 17:11:00,Brasil,GOIÁS,ITABERAÍ,Cerrado
 1646124819 ,a15b386d-6836-38e7-bd1d-2c40a547fbd0,  -16.372290 ,  -49.820800 ,2023-08-23 17:11:00,Brasil,GOIÁS,ANICUNS,Cerrado
 1646124820 ,7b96593f-3b55-3a0f-a166-851d32a4d6ea,  -15.592850 ,  -49.849050 ,2023-08-23 17:11:00,Brasil,GOIÁS,ITAPURANGA,Cerrado
 1646124821 ,55a40136-e121-3282-9552-a15576da0bd9,  -15.591440 ,  -49.838260 ,2023-08-23 17:11:00,Brasil,GOIÁS,ITAPURANGA,Cerrado
 1646124822 ,f730a6da-908f-3c4c-92c2-58f8bb3a846d,  -15.588250 ,  -49.845440 ,2023-08-23 17:11:00,Brasil,GOIÁS,ITAPURANGA,Cerrado
 1646124823 ,111abb25-c8b9-398f-b0aa-f272e2426744,  -15.586770 ,  -49.834640 ,2023-08-23 17:11:00,Brasil,GOIÁS,ITAPURANGA,Cerrado
 1646124824 ,fd8efddc-8698-33ae-b3d4-672dbf8a127f,  -15.406340 ,  -49.324180 ,2023-08-23 17:11:00,Brasil,GOIÁS,SANTA ISABEL,Cerrado
 1646124825 ,0737a224-c082-322d-a08c-29863f887e42,  -18.014240 ,  -49.600560 ,2023-08-23 17:09:00,Brasil,GOIÁS,GOIATUBA,Cerrado
 1646124826 ,c42067aa-bad9-326e-a207-48406bae73d8,  -18.012790 ,  -49.589520 ,2023-08-23 17:09:00,Brasil,GOIÁS,GOIATUBA,Cerrado
 1646124827 ,f77fe2d9-e685-306f-86d6-864d32414039,  -16.954960 ,  -49.673350 ,2023-08-23 17:09:00,Brasil,GOIÁS,GUAPÓ,Cerrado
 1646124828 ,e481ee30-be42-3a5d-a80f-4b6da0210914,  -16.953500 ,  -49.662080 ,2023-08-23 17:09:00,Brasil,GOIÁS,GUAPÓ,Cerrado
 1646124829 ,981c9a75-eed0-3a2e-a717-e08e9b8778e8,  -16.739330 ,  -49.068290 ,2023-08-23 17:09:00,Brasil,GOIÁS,SENADOR CANEDO,Cerrado
 1646124830 ,7f255609-bba7-3964-bcaa-edb6459ef1fe,  -16.727510 ,  -49.122280 ,2023-08-23 17:09:00,Brasil,GOIÁS,SENADOR CANEDO,Cerrado
 1646124831 ,8a6b5732-7c0d-3da7-8c4f-f7ac48b2bb2b,  -18.810540 ,  -50.676720 ,2023-08-23 17:09:00,Brasil,GOIÁS,PARANAIGUARA,Cerrado
 1646124865 ,65df1256-49aa-330d-ab91-cca37814d7dc,  -16.250930 ,  -50.759280 ,2023-08-23 17:11:00,Brasil,GOIÁS,FAZENDA NOVA,Cerrado
 1646124866 ,df7c6834-b09f-3b27-8ddf-e124cd6f7e3b,  -19.020220 ,  -51.024020 ,2023-08-23 17:09:00,Brasil,GOIÁS,ITARUMÃ,Cerrado
 1646125419 ,f6f5ef6e-3aeb-3556-97a8-b4ab72fec59e,  -16.381970 ,  -49.819350 ,2023-08-23 17:11:00,Brasil,GOIÁS,ITABERAÍ,Cerrado
 1646321507 ,04820ad4-0a02-3fc6-8381-2ec1d6546743,  -16.848890 ,  -52.398630 ,2023-08-24 17:52:00,Brasil,GOIÁS,DOVERLÂNDIA,Cerrado
 1646321508 ,423aa155-b4f7-368b-b6d7-514a04120919,  -16.846160 ,  -52.382750 ,2023-08-24 17:52:00,Brasil,GOIÁS,DOVERLÂNDIA,Cerrado
 1646570191 ,87e30e20-85f0-368e-a557-2e98dcc3480a,  -17.225720 ,  -48.029220 ,2023-08-25 16:56:00,Brasil,GOIÁS,IPAMERI,Cerrado
 1646800216 ,a0009925-7f48-382e-8429-47216d73f2f2,  -17.619930 ,  -52.542870 ,2023-08-26 17:37:00,Brasil,GOIÁS,MINEIROS,Cerrado
 1646800217 ,6dd5363c-620b-31d0-9519-718f55f42402,  -17.618490 ,  -52.533300 ,2023-08-26 17:37:00,Brasil,GOIÁS,MINEIROS,Cerrado
 1646800218 ,51aef8fd-0ce0-3ccd-a671-c36184da5d29,  -17.617030 ,  -52.523700 ,2023-08-26 17:37:00,Brasil,GOIÁS,MINEIROS,Cerrado
 1646800221 ,305cd6d6-c923-3f8f-b00e-74789b4e02f2,  -14.086750 ,  -48.123870 ,2023-08-26 17:39:00,Brasil,GOIÁS,COLINAS DO SUL,Cerrado
 1646800222 ,bd0ec7fd-f99b-300d-b2ad-9f89e7bee402,  -14.083470 ,  -48.104700 ,2023-08-26 17:39:00,Brasil,GOIÁS,COLINAS DO SUL,Cerrado
 1647006034 ,b2661067-1307-3811-bc2d-7f2b9af38cd6,  -14.905840 ,  -47.226420 ,2023-08-27 16:41:00,Brasil,GOIÁS,FORMOSA,Cerrado
 1635521099 ,9364bb9b-9a46-350f-b802-e6a7edf6d5a7,  -17.981180 ,  -49.847430 ,2023-07-01 17:49:00,Brasil,GOIÁS,GOIATUBA,Cerrado
 1635521114 ,cf62fb17-20c8-3e7a-8a08-8fb912783f6f,  -18.007440 ,  -50.346870 ,2023-07-01 17:49:00,Brasil,GOIÁS,MAURILÂNDIA,Cerrado
 1635521616 ,d135a002-ece7-3cb6-bfbb-3f7370867732,  -16.246310 ,  -49.068610 ,2023-07-01 17:49:00,Brasil,GOIÁS,CAMPO LIMPO DE GOIÁS,Cerrado
 1635521632 ,f0ce8cb8-5e25-3217-ab17-b9f3143526cf,  -17.671950 ,  -50.602920 ,2023-07-01 17:49:00,Brasil,GOIÁS,SANTA HELENA DE GOIÁS,Cerrado
 1635521663 ,ecf3c5f4-9459-38d8-8f3d-625d1f191b05,  -17.672310 ,  -50.608180 ,2023-07-01 17:49:00,Brasil,GOIÁS,SANTA HELENA DE GOIÁS,Cerrado
 1635521695 ,77a686cb-17df-3664-a731-61dff08acc86,  -17.675530 ,  -50.622480 ,2023-07-01 17:49:00,Brasil,GOIÁS,SANTA HELENA DE GOIÁS,Cerrado
 1635521726 ,e2ab29b9-db6c-3df3-b252-281ef9851bf0,  -17.947330 ,  -50.301080 ,2023-07-01 17:49:00,Brasil,GOIÁS,TURVELÂNDIA,Cerrado
 1635521757 ,e9a9e92f-6a4b-3481-a43d-0036ba30c36c,  -17.967490 ,  -49.835180 ,2023-07-01 17:49:00,Brasil,GOIÁS,GOIATUBA,Cerrado
 1635521792 ,59575122-0912-38e5-abd5-f60ebe80fbfb,  -17.980730 ,  -49.832820 ,2023-07-01 17:49:00,Brasil,GOIÁS,GOIATUBA,Cerrado
 1637692633 ,da54f6e3-b729-3d3f-aa04-02fff9d83be0,  -14.079520 ,  -46.345520 ,2023-07-13 16:24:00,Brasil,GOIÁS,POSSE,Cerrado
 1637692634 ,f88501ce-2463-32ea-b56f-3ad3d0ff5c43,  -14.082640 ,  -46.337120 ,2023-07-13 16:24:00,Brasil,GOIÁS,POSSE,Cerrado
 1640184927 ,16e32d62-b7d8-3ca9-92f8-ce3ed99967ce,  -13.747080 ,  -50.429150 ,2023-07-26 17:17:00,Brasil,GOIÁS,MUNDO NOVO,Cerrado
 1640184928 ,345c3d6d-b6dc-3fb5-8e4b-a7d8afe611ae,  -13.763140 ,  -50.608160 ,2023-07-26 17:17:00,Brasil,GOIÁS,NOVA CRIXÁS,Cerrado
 1640184942 ,986d3e39-e5d3-3940-96b0-faa7eec79b05,  -13.428470 ,  -47.150780 ,2023-07-26 17:17:00,Brasil,GOIÁS,TERESINA DE GOIÁS,Cerrado
 1640184943 ,d3d6cfe7-a6ba-3986-92ea-74e8dbc1bba6,  -13.430110 ,  -47.161380 ,2023-07-26 17:17:00,Brasil,GOIÁS,TERESINA DE GOIÁS,Cerrado
 1640184946 ,b76b4e5c-aa3e-3d4e-849f-1ed4a8195f28,  -13.465310 ,  -46.862890 ,2023-07-26 17:17:00,Brasil,GOIÁS,MONTE ALEGRE DE GOIÁS,Cerrado
 1640184947 ,e20b2e27-a2c7-38a0-8581-1905105161db,  -13.514080 ,  -46.836280 ,2023-07-26 17:17:00,Brasil,GOIÁS,MONTE ALEGRE DE GOIÁS,Cerrado
 1640184949 ,df691410-f452-35bb-ac57-08ac9a39096e,  -13.557000 ,  -46.918700 ,2023-07-26 17:17:00,Brasil,GOIÁS,MONTE ALEGRE DE GOIÁS,Cerrado
 1640184950 ,4f3ff0cd-142d-3c87-a826-371880423a9a,  -13.582680 ,  -46.891870 ,2023-07-26 17:17:00,Brasil,GOIÁS,MONTE ALEGRE DE GOIÁS,Cerrado
 1640184954 ,1085fc64-a818-3301-b94d-260b47a93612,  -13.785460 ,  -47.990910 ,2023-07-26 17:17:00,Brasil,GOIÁS,CAVALCANTE,Cerrado
 1640184957 ,fe8fb3dc-48fc-3427-81a9-362804b8b74c,  -13.802290 ,  -47.977780 ,2023-07-26 17:17:00,Brasil,GOIÁS,CAVALCANTE,Cerrado
 1640184959 ,d24654ae-7834-31a0-82be-d8116bba1ce4,  -13.803730 ,  -47.987300 ,2023-07-26 17:17:00,Brasil,GOIÁS,CAVALCANTE,Cerrado
 1640184960 ,8f086197-aff9-3b7c-878e-07fc2f3aa963,  -14.192250 ,  -47.632920 ,2023-07-26 17:17:00,Brasil,GOIÁS,ALTO PARAÍSO DE GOIÁS,Cerrado
 1640184963 ,ad89396e-982b-3c85-a25b-51f6ded57dca,  -14.193800 ,  -47.642980 ,2023-07-26 17:17:00,Brasil,GOIÁS,ALTO PARAÍSO DE GOIÁS,Cerrado
 1640184966 ,5012cf04-c5da-3943-9ae8-822411bbacce,  -14.361370 ,  -46.967670 ,2023-07-26 17:17:00,Brasil,GOIÁS,FLORES DE GOIÁS,Cerrado
 1640184967 ,b12086f2-6f08-3b02-a8f0-160c195d0457,  -14.363550 ,  -46.961660 ,2023-07-26 17:17:00,Brasil,GOIÁS,FLORES DE GOIÁS,Cerrado
 1640184970 ,2d3cf18e-442d-31ff-9eb9-9c1e07c8a8ec,  -14.365230 ,  -46.972280 ,2023-07-26 17:17:00,Brasil,GOIÁS,FLORES DE GOIÁS,Cerrado
 1640184972 ,f3f20709-05f9-3be8-a700-df49f36ae099,  -14.373130 ,  -46.960080 ,2023-07-26 17:17:00,Brasil,GOIÁS,FLORES DE GOIÁS,Cerrado
 1640184974 ,4b10cf95-b154-34d4-a5a9-b1b7e7a7897c,  -14.374800 ,  -46.970700 ,2023-07-26 17:17:00,Brasil,GOIÁS,FLORES DE GOIÁS,Cerrado
 1640185013 ,5f4ba759-1464-3445-a7a4-75d04166ca7e,  -14.820230 ,  -46.677090 ,2023-07-26 17:17:00,Brasil,GOIÁS,FLORES DE GOIÁS,Cerrado
 1640185020 ,47dd0e57-d71d-3c99-aeaf-edce3c909328,  -15.610990 ,  -48.548280 ,2023-07-26 17:17:00,Brasil,GOIÁS,COCALZINHO DE GOIÁS,Cerrado
 1640185031 ,8e50addd-e5ea-3653-bfe7-55711d7bfe48,  -16.062500 ,  -47.803750 ,2023-07-26 17:17:00,Brasil,GOIÁS,CIDADE OCIDENTAL,Cerrado
 1640185034 ,1434b325-894e-36a2-bf03-3e11cfa331f5,  -16.226680 ,  -48.909620 ,2023-07-26 17:17:00,Brasil,GOIÁS,ABADIÂNIA,Cerrado
 1640185036 ,de52137d-d2ba-3285-80f5-9181abb35f15,  -16.228020 ,  -48.918870 ,2023-07-26 17:17:00,Brasil,GOIÁS,ANÁPOLIS,Cerrado
 1640185038 ,294b2876-66f1-3ba7-a089-456b10a1cb6a,  -16.283100 ,  -47.735310 ,2023-07-26 17:17:00,Brasil,GOIÁS,LUZIÂNIA,Cerrado
 1640185039 ,2528ab95-6340-36c0-b7b2-994fb023450d,  -16.284540 ,  -47.744910 ,2023-07-26 17:17:00,Brasil,GOIÁS,LUZIÂNIA,Cerrado
 1640185042 ,0c7b8752-c9cc-3d6f-a0cf-e1e4a9cc0cc1,  -16.349430 ,  -47.930470 ,2023-07-26 17:17:00,Brasil,GOIÁS,LUZIÂNIA,Cerrado
 1640185043 ,c2f6e23a-6bf6-344b-a9aa-ce0a24a6fee9,  -16.491090 ,  -47.534020 ,2023-07-26 17:17:00,Brasil,GOIÁS,CRISTALINA,Cerrado
 1640185049 ,32a0e77c-3ec8-3fdb-8ff4-6b5f9e104d1e,  -16.589120 ,  -48.618770 ,2023-07-26 17:17:00,Brasil,GOIÁS,SILVÂNIA,Cerrado
 1640185052 ,c42f4987-52a2-37ef-a394-968d6416588c,  -16.685930 ,  -49.353120 ,2023-07-26 17:17:00,Brasil,GOIÁS,GOIÂNIA,Cerrado
 1640185054 ,f30ae1c5-cc6d-3eab-b344-2e45aada88f8,  -16.736830 ,  -47.630700 ,2023-07-26 17:17:00,Brasil,GOIÁS,CRISTALINA,Cerrado
 1640185055 ,c28a5ae7-f7d3-36a9-92b1-ff16eec8e202,  -16.738270 ,  -47.640260 ,2023-07-26 17:17:00,Brasil,GOIÁS,CRISTALINA,Cerrado
 1640185058 ,c8be9d74-6177-3962-8925-78f587fe1c27,  -16.745920 ,  -47.629170 ,2023-07-26 17:17:00,Brasil,GOIÁS,CRISTALINA,Cerrado
 1640185059 ,43625173-46c6-3e5f-8e4b-47371f2275a6,  -16.747360 ,  -47.638780 ,2023-07-26 17:17:00,Brasil,GOIÁS,CRISTALINA,Cerrado
 1640185061 ,aec76721-d8ad-3146-910c-9b30db85f711,  -16.759240 ,  -48.027440 ,2023-07-26 17:17:00,Brasil,GOIÁS,LUZIÂNIA,Cerrado
 1640185062 ,a50f0adc-afe7-3cd2-b9ef-2f0bd5ce8ef0,  -16.760650 ,  -48.036900 ,2023-07-26 17:17:00,Brasil,GOIÁS,LUZIÂNIA,Cerrado
 1640185065 ,e43d8dee-603f-397e-9ebb-f72050690373,  -16.945660 ,  -49.371020 ,2023-07-26 17:17:00,Brasil,GOIÁS,ARAGOIÂNIA,Cerrado
 1640185069 ,5eb81ad9-81c4-3416-ab4c-2ff919544419,  -17.238150 ,  -47.658140 ,2023-07-26 17:17:00,Brasil,GOIÁS,IPAMERI,Cerrado
 1640185070 ,9c573ee8-c6bc-38b3-b2a7-ba0018273328,  -17.239590 ,  -47.667690 ,2023-07-26 17:17:00,Brasil,GOIÁS,IPAMERI,Cerrado
 1640185073 ,52b7a618-f572-37cc-8c35-e7666aa812fc,  -17.241040 ,  -47.677260 ,2023-07-26 17:17:00,Brasil,GOIÁS,IPAMERI,Cerrado
 1640185074 ,daaf1175-ba3b-3370-89b5-b1ad3c1557be,  -17.247190 ,  -47.656580 ,2023-07-26 17:17:00,Brasil,GOIÁS,IPAMERI,Cerrado
 1640185076 ,ebd51aeb-3eb8-371c-ad59-b5a931c874d3,  -17.257700 ,  -47.664680 ,2023-07-26 17:17:00,Brasil,GOIÁS,IPAMERI,Cerrado
 1640185087 ,a4d28e96-32e0-3fc4-ae15-b7d3ec819d26,  -17.949560 ,  -48.480320 ,2023-07-26 17:17:00,Brasil,GOIÁS,CORUMBAÍBA,Cerrado
 1640185090 ,5a248757-812b-3905-b7e4-3cfd23784b48,  -17.950920 ,  -48.489660 ,2023-07-26 17:17:00,Brasil,GOIÁS,CORUMBAÍBA,Cerrado
 1658065782 ,f838cd3c-7d5f-3132-9b2f-9d6e8a770aac,  -13.319370 ,  -46.579470 ,2023-10-25 16:50:00,Brasil,GOIÁS,DIVINÓPOLIS DE GOIÁS,Cerrado
 1658066051 ,97a1bce6-8056-35cf-82c3-6b91e07b82fb,  -15.287210 ,  -47.866860 ,2023-10-25 16:50:00,Brasil,GOIÁS,PLANALTINA,Cerrado
 1658066169 ,a7f5ec5e-4416-3261-94ab-745ae7e803b3,  -16.796330 ,  -49.628250 ,2023-10-25 16:50:00,Brasil,GOIÁS,TRINDADE,Cerrado
 1658066170 ,839a73d9-491e-33ce-8dd1-d7fb3b4d4dac,  -16.792970 ,  -49.624310 ,2023-10-25 16:50:00,Brasil,GOIÁS,TRINDADE,Cerrado
 1633240691 ,a2fcf4c4-9f7f-3b3d-949a-3ce7cd2b5dd7,  -13.368300 ,  -49.671300 ,2023-06-13 16:41:00,Brasil,GOIÁS,NOVO PLANALTO,Cerrado
 1633240692 ,29543eb8-4a03-3bfd-aafb-8933d1d39582,  -13.920080 ,  -47.147580 ,2023-06-13 16:41:00,Brasil,GOIÁS,NOVA ROMA,Cerrado
 1633240697 ,7b0f0aa7-badd-3854-94c6-20f98079d5b6,  -14.655690 ,  -49.046910 ,2023-06-13 16:41:00,Brasil,GOIÁS,URUAÇU,Cerrado
 1633240699 ,493a15b3-61c0-3783-b271-045b6261ed6d,  -14.656070 ,  -49.051430 ,2023-06-13 16:41:00,Brasil,GOIÁS,URUAÇU,Cerrado
 1633240700 ,1e1cdef7-89cc-33ff-8730-54d06b608649,  -14.658700 ,  -49.074500 ,2023-06-13 16:41:00,Brasil,GOIÁS,URUAÇU,Cerrado
 1633240702 ,51e4d49a-0c13-3246-98db-6adc8a27f143,  -14.659270 ,  -49.079010 ,2023-06-13 16:41:00,Brasil,GOIÁS,URUAÇU,Cerrado
 1633240711 ,b964ecac-b5c5-304a-ba98-7b1f210d8bf3,  -15.171790 ,  -47.172190 ,2023-06-13 16:41:00,Brasil,GOIÁS,FORMOSA,Cerrado
 1633240712 ,57f6d3df-0af8-3dfb-ae84-32a91471574c,  -15.173280 ,  -47.176950 ,2023-06-13 16:41:00,Brasil,GOIÁS,FORMOSA,Cerrado
 1633240714 ,504df2dc-c905-3023-970a-2eebe54444b6,  -15.174040 ,  -47.191660 ,2023-06-13 16:41:00,Brasil,GOIÁS,FORMOSA,Cerrado
 1633240715 ,adf62dbe-de8f-3d80-b045-d21da1df3907,  -15.175640 ,  -47.196220 ,2023-06-13 16:41:00,Brasil,GOIÁS,FORMOSA,Cerrado
 1633240717 ,bfb75cea-ffaa-3dfb-b88f-b1ab2157f15a,  -15.184660 ,  -47.170580 ,2023-06-13 16:41:00,Brasil,GOIÁS,FORMOSA,Cerrado
 1633240718 ,d401817b-0931-353a-ba36-ca9fcd1f3075,  -15.186910 ,  -47.189950 ,2023-06-13 16:41:00,Brasil,GOIÁS,FORMOSA,Cerrado
 1633240741 ,bb6390f6-b225-3f60-8aac-61716509b15a,  -17.006900 ,  -48.078820 ,2023-06-13 16:39:00,Brasil,GOIÁS,ORIZONA,Cerrado
 1633240742 ,533d0db3-0bc9-3f3e-bc52-4f0284f6108a,  -17.011000 ,  -48.071480 ,2023-06-13 16:39:00,Brasil,GOIÁS,ORIZONA,Cerrado
 1633240743 ,334ec987-0437-319d-84a7-62e172ebde81,  -17.041070 ,  -47.909880 ,2023-06-13 16:39:00,Brasil,GOIÁS,IPAMERI,Cerrado
 1635252278 ,ab8320f2-81d7-38b5-98cc-da3e6aefb827,  -16.232750 ,  -52.214340 ,2023-06-29 18:04:00,Brasil,GOIÁS,BOM JARDIM DE GOIÁS,Cerrado
 1635252279 ,688ae555-eafa-3bd7-be59-1d1fc067781e,  -16.236870 ,  -52.236110 ,2023-06-29 18:04:00,Brasil,GOIÁS,BOM JARDIM DE GOIÁS,Cerrado
 1635252282 ,6f213de9-860b-3c86-89c6-52cafab1d260,  -16.238160 ,  -52.243800 ,2023-06-29 18:04:00,Brasil,GOIÁS,BOM JARDIM DE GOIÁS,Cerrado
 1635252305 ,4a253502-aafa-3cd0-aad6-7f803f0c8e75,  -18.150420 ,  -52.288420 ,2023-06-29 18:02:00,Brasil,GOIÁS,SERRANÓPOLIS,Cerrado
 1635252308 ,8052c618-ff06-37ac-9801-48ecda648927,  -18.151150 ,  -52.283250 ,2023-06-29 18:02:00,Brasil,GOIÁS,SERRANÓPOLIS,Cerrado
 1635252314 ,58083f8a-8fb3-37e7-a520-e73b9908b90d,  -16.798100 ,  -50.900900 ,2023-06-29 18:02:00,Brasil,GOIÁS,PARAÚNA,Cerrado
 1635252315 ,968e8ebf-3d85-35e4-b8ce-272e3813ed24,  -16.802850 ,  -50.894550 ,2023-06-29 18:02:00,Brasil,GOIÁS,PARAÚNA,Cerrado
 1635252317 ,c35e1103-8957-3238-aa7a-c1c48f1e6fb3,  -16.804920 ,  -50.936320 ,2023-06-29 18:02:00,Brasil,GOIÁS,PARAÚNA,Cerrado
 1635252318 ,184417d7-6dd6-3418-98cb-bad8fbcfaac8,  -16.809960 ,  -50.930300 ,2023-06-29 18:02:00,Brasil,GOIÁS,PARAÚNA,Cerrado
 1635366833 ,ff219f44-fecd-301c-845a-d3dfbcffa1a8,  -14.352100 ,  -47.890490 ,2023-06-30 17:07:00,Brasil,GOIÁS,NIQUELÂNDIA,Cerrado
 1635366830 ,975b68bb-e4b5-37fb-99c1-a8474da7a9d5,  -13.766320 ,  -47.846310 ,2023-06-30 17:07:00,Brasil,GOIÁS,CAVALCANTE,Cerrado
 1635366832 ,6cdbb12e-cced-3586-9817-33137f797806,  -13.978500 ,  -50.432530 ,2023-06-30 17:07:00,Brasil,GOIÁS,NOVA CRIXÁS,Cerrado
 1635366838 ,3efe5703-674f-373e-b27d-653a28754e87,  -14.690420 ,  -48.204060 ,2023-06-30 17:07:00,Brasil,GOIÁS,NIQUELÂNDIA,Cerrado
 1635366839 ,26874009-c463-3255-b874-81776341aa35,  -15.079960 ,  -49.511670 ,2023-06-30 17:07:00,Brasil,GOIÁS,NOVA GLÓRIA,Cerrado
 1635366840 ,9110315e-03af-3780-9c7a-85fa5016963e,  -15.069350 ,  -50.974960 ,2023-06-30 17:07:00,Brasil,GOIÁS,ARUANÃ,Cerrado
 1635366841 ,be40dbd0-1188-3b87-b937-1b4c580502af,  -15.081370 ,  -49.522340 ,2023-06-30 17:07:00,Brasil,GOIÁS,NOVA GLÓRIA,Cerrado
 1635366842 ,2610f286-778a-3877-8ee0-66e670cc4889,  -16.944010 ,  -51.681810 ,2023-06-30 17:07:00,Brasil,GOIÁS,CAIAPÔNIA,Cerrado
 1635366843 ,e58e90ec-0194-3e68-928f-b3b5604a5389,  -16.994130 ,  -48.238070 ,2023-06-30 17:07:00,Brasil,GOIÁS,ORIZONA,Cerrado
 1635366844 ,d658e9c2-b240-324a-a1be-4e5d7b8ac94e,  -16.995520 ,  -48.248050 ,2023-06-30 17:07:00,Brasil,GOIÁS,ORIZONA,Cerrado
 1635366845 ,3f8bc0e3-900f-353d-b5a7-423abce4756e,  -17.001210 ,  -48.241580 ,2023-06-30 17:07:00,Brasil,GOIÁS,ORIZONA,Cerrado
 1635366846 ,0af79543-7f3a-3238-8c65-37e707c53b5c,  -17.128250 ,  -47.362260 ,2023-06-30 17:07:00,Brasil,GOIÁS,CRISTALINA,Cerrado
 1635366847 ,a69e527d-60f3-3ea2-a0ee-058486eaad16,  -17.129590 ,  -47.371740 ,2023-06-30 17:07:00,Brasil,GOIÁS,CRISTALINA,Cerrado
 1635366854 ,c3cc9acd-5222-36b1-96e8-0593fdcd815e,  -17.483880 ,  -47.672740 ,2023-06-30 17:07:00,Brasil,GOIÁS,CAMPO ALEGRE DE GOIÁS,Cerrado
 1629709524 ,ab1578c5-6f7b-345c-9eb2-2d6d2abc7871,  -15.987150 ,  -52.255460 ,2023-05-10 17:24:00,Brasil,GOIÁS,ARAGARÇAS,Cerrado
 1629709635 ,fd7c99d9-c6c1-3d73-89a0-d9bded457896,  -16.556430 ,  -51.801620 ,2023-05-10 17:24:00,Brasil,GOIÁS,PIRANHAS,Cerrado
 1629709641 ,881b6375-9fbd-3272-a4bc-e9807e22d723,  -17.689170 ,  -52.064580 ,2023-05-10 17:24:00,Brasil,GOIÁS,JATAÍ,Cerrado
 1629709646 ,afbc7538-694d-3e62-9a23-9778242e4b1f,  -17.690510 ,  -52.073960 ,2023-05-10 17:24:00,Brasil,GOIÁS,JATAÍ,Cerrado
 1629709652 ,fc18a17a-9437-37e4-ab67-c632dcfd1d88,  -17.871320 ,  -51.217190 ,2023-05-10 17:24:00,Brasil,GOIÁS,RIO VERDE,Cerrado
 1629709658 ,3dfeaab4-b1d8-393e-b682-11b4cb459f52,  -15.380730 ,  -51.064400 ,2023-05-10 17:24:00,Brasil,GOIÁS,BRITÂNIA,Cerrado
 1629709664 ,15cc93af-cac0-3713-9d59-da02d9d970f8,  -15.890380 ,  -51.212210 ,2023-05-10 17:24:00,Brasil,GOIÁS,JUSSARA,Cerrado
 1629709670 ,ae15fb2c-caf1-3194-b369-d67a60edcfd4,  -15.899370 ,  -51.210750 ,2023-05-10 17:24:00,Brasil,GOIÁS,JUSSARA,Cerrado
 1629709676 ,a9e10963-bc9d-31ed-8c2f-6f8c956d2147,  -15.989680 ,  -51.132010 ,2023-05-10 17:24:00,Brasil,GOIÁS,FAZENDA NOVA,Cerrado
 1629709682 ,ed05bf45-d62e-3bf0-bf23-a12336fe01c5,  -15.991060 ,  -51.141390 ,2023-05-10 17:24:00,Brasil,GOIÁS,FAZENDA NOVA,Cerrado
 1629709858 ,09a89efe-e6c1-3e22-9b99-3ac5d96c8f0f,  -17.179810 ,  -52.693620 ,2023-05-10 17:24:00,Brasil,GOIÁS,MINEIROS,Cerrado
 1629709860 ,3d7a0cda-78f8-35cc-9cbc-a960d32c2951,  -17.187540 ,  -52.682650 ,2023-05-10 17:24:00,Brasil,GOIÁS,MINEIROS,Cerrado
 1629709862 ,0ace6a2b-8fa3-32cc-951f-332e16baa3c2,  -17.188880 ,  -52.692220 ,2023-05-10 17:24:00,Brasil,GOIÁS,MINEIROS,Cerrado
 1629709863 ,fe6d6ae2-ee0c-3e7b-993b-a113bace4722,  -17.190210 ,  -52.701810 ,2023-05-10 17:24:00,Brasil,GOIÁS,MINEIROS,Cerrado
 1629709866 ,c33cd40b-b171-3603-b1fc-a7e06a2a77bd,  -17.653820 ,  -52.727170 ,2023-05-10 17:24:00,Brasil,GOIÁS,MINEIROS,Cerrado
 1630721232 ,5bf76498-9c5f-3bd0-8edf-7bb9ec2f09af,  -13.645990 ,  -46.722250 ,2023-05-19 17:11:00,Brasil,GOIÁS,SÃO DOMINGOS,Cerrado
 1630721220 ,70ad7bf4-fc30-3729-863c-4daeed4fc3b6,  -13.248270 ,  -48.305240 ,2023-05-19 17:11:00,Brasil,GOIÁS,MINAÇU,Cerrado
 1630721227 ,458b93e3-8249-3fbb-b5a7-d13931884eca,  -13.405060 ,  -48.306080 ,2023-05-19 17:11:00,Brasil,GOIÁS,MINAÇU,Cerrado
 1630721238 ,d7d613c9-56d0-359f-beaa-b9d7f77cd95b,  -13.700540 ,  -46.283630 ,2023-05-19 17:11:00,Brasil,GOIÁS,SÃO DOMINGOS,Cerrado
 1630721242 ,49fd3df8-b27b-3574-9a22-fd41224075e2,  -13.702160 ,  -46.294180 ,2023-05-19 17:11:00,Brasil,GOIÁS,GUARANI DE GOIÁS,Cerrado
 1630721245 ,1f2e6f46-7129-37ba-a91c-2003c534e152,  -13.708110 ,  -50.173400 ,2023-05-19 17:11:00,Brasil,GOIÁS,MUNDO NOVO,Cerrado
 1630721260 ,bc7fefd2-051a-38b8-b59f-7d49c12afdd4,  -13.828100 ,  -49.328840 ,2023-05-19 17:11:00,Brasil,GOIÁS,AMARALINA,Cerrado
 1630721264 ,a932e8cf-5562-343a-ab5f-9026df8949a1,  -13.829410 ,  -49.338090 ,2023-05-19 17:11:00,Brasil,GOIÁS,AMARALINA,Cerrado
 1630721269 ,6e1c2021-d847-3d40-a1d8-8bdc9f6dcf71,  -13.968300 ,  -48.956590 ,2023-05-19 17:11:00,Brasil,GOIÁS,MARA ROSA,Cerrado
 1630721273 ,c14b1a37-f629-3c42-a105-085b180bd4f5,  -14.176430 ,  -50.516740 ,2023-05-19 17:11:00,Brasil,GOIÁS,NOVA CRIXÁS,Cerrado
 1630721288 ,54cd2078-3702-3406-81e4-c1fd33dcdabc,  -14.907260 ,  -47.815730 ,2023-05-19 17:11:00,Brasil,GOIÁS,ÁGUA FRIA DE GOIÁS,Cerrado
 1630721291 ,9a8b1ec8-7f6c-3842-b04b-f702619fe64f,  -14.908630 ,  -47.825030 ,2023-05-19 17:11:00,Brasil,GOIÁS,ÁGUA FRIA DE GOIÁS,Cerrado
 1630721305 ,535daf80-9799-3714-a536-7fdd7e3e2087,  -15.148010 ,  -47.888580 ,2023-05-19 17:09:00,Brasil,GOIÁS,PLANALTINA,Cerrado
 1630721316 ,5c374591-3bbb-3409-bcdb-a79c1befd607,  -15.380100 ,  -51.062190 ,2023-05-19 17:11:00,Brasil,GOIÁS,BRITÂNIA,Cerrado
 1630721320 ,bf14946a-494a-3387-876a-08b58c422bec,  -15.381570 ,  -51.073220 ,2023-05-19 17:11:00,Brasil,GOIÁS,BRITÂNIA,Cerrado
 1630721323 ,49bcab45-7a36-349b-82cc-4d375cce1246,  -15.528620 ,  -48.668720 ,2023-05-19 17:09:00,Brasil,GOIÁS,COCALZINHO DE GOIÁS,Cerrado
 1630721378 ,52a14d19-43f4-3f34-94f2-2f97b1d91351,  -16.291760 ,  -51.887460 ,2023-05-19 17:09:00,Brasil,GOIÁS,PIRANHAS,Cerrado
 1630721386 ,6b2abd05-66bb-305d-b1d5-15c0768ffecb,  -16.293370 ,  -51.900300 ,2023-05-19 17:09:00,Brasil,GOIÁS,PIRANHAS,Cerrado
 1630721404 ,9d2e7572-d679-34f7-b73f-14d58716407c,  -16.462500 ,  -48.380670 ,2023-05-19 17:09:00,Brasil,GOIÁS,SILVÂNIA,Cerrado
 1630721411 ,89c7a6a0-a18f-3409-8bc7-3148e2b20354,  -16.705760 ,  -51.765880 ,2023-05-19 17:09:00,Brasil,GOIÁS,CAIAPÔNIA,Cerrado
 1630721435 ,c26b7cd2-46c2-3066-bc61-9d363ba071b2,  -17.569940 ,  -52.718560 ,2023-05-19 17:09:00,Brasil,GOIÁS,MINEIROS,Cerrado
 1630721442 ,0cb23b6c-1c50-3df7-852e-d501344d4e0f,  -17.571200 ,  -52.723630 ,2023-05-19 17:09:00,Brasil,GOIÁS,MINEIROS,Cerrado
 1630721450 ,3f17bdd5-7c77-39aa-b91d-5a8ace5c4332,  -17.571730 ,  -52.733680 ,2023-05-19 17:09:00,Brasil,GOIÁS,MINEIROS,Cerrado
 1630721458 ,f11f2cf9-9e54-37fd-9723-bbc1ec981392,  -17.581160 ,  -52.716870 ,2023-05-19 17:09:00,Brasil,GOIÁS,MINEIROS,Cerrado
 1630721467 ,15027965-88f9-303e-8c4f-0a0fb526e1e4,  -18.132230 ,  -52.278180 ,2023-05-19 17:09:00,Brasil,GOIÁS,SERRANÓPOLIS,Cerrado
 1630721474 ,86faef1a-e06d-3991-a814-ed4e4758a3c6,  -18.230770 ,  -48.457550 ,2023-05-19 17:09:00,Brasil,GOIÁS,CORUMBAÍBA,Mata Atlântica
 1630721513 ,b1e9b68d-c919-36ed-9b92-9329845c199e,  -18.773410 ,  -51.998150 ,2023-05-19 17:09:00,Brasil,GOIÁS,APORÉ,Cerrado
 1630847323 ,37bdcccc-6d51-31a4-a889-fb158e4ca959,  -14.569580 ,  -48.713380 ,2023-05-20 17:52:00,Brasil,GOIÁS,NIQUELÂNDIA,Cerrado
 1630847328 ,519cd2c4-a470-3ded-bf6d-e1d071418b2a,  -14.573000 ,  -48.704510 ,2023-05-20 17:52:00,Brasil,GOIÁS,NIQUELÂNDIA,Cerrado
 1630847332 ,b8d5b901-7431-308d-bada-f60cd7927a14,  -16.680020 ,  -51.743160 ,2023-05-20 17:52:00,Brasil,GOIÁS,CAIAPÔNIA,Cerrado
 1630847335 ,f318f3e6-422f-309a-b7ee-8ae475316858,  -16.683860 ,  -51.747590 ,2023-05-20 17:52:00,Brasil,GOIÁS,CAIAPÔNIA,Cerrado
 1630847339 ,2de08f55-fdaa-3a16-adbc-9c9ff67cb6a4,  -17.211690 ,  -51.905850 ,2023-05-20 17:52:00,Brasil,GOIÁS,CAIAPÔNIA,Cerrado
 1630847343 ,513c0362-f59e-3721-9c96-3358b8cdfdc8,  -17.215210 ,  -51.925550 ,2023-05-20 17:52:00,Brasil,GOIÁS,CAIAPÔNIA,Cerrado
 1625408024 ,24de8265-f453-3393-b562-0dd23eb7f884,  -16.074360 ,  -50.936530 ,2023-04-01 17:52:00,Brasil,GOIÁS,FAZENDA NOVA,Cerrado
 1622576948 ,73094a12-e290-37ed-b769-14901ffd4ff6,  -15.363480 ,  -51.219770 ,2023-03-05 16:52:00,Brasil,GOIÁS,BRITÂNIA,Cerrado
 1622576935 ,72c99775-03d6-3afa-bd40-79f188b20f1a,  -13.032290 ,  -48.831970 ,2023-03-05 16:52:00,Brasil,GOIÁS,MONTIVIDIU DO NORTE,Cerrado
 1622576940 ,3e094587-c138-310c-896c-f93f6aa2676a,  -13.159830 ,  -49.666050 ,2023-03-05 16:52:00,Brasil,GOIÁS,NOVO PLANALTO,Cerrado
 1622576941 ,95951723-25d3-303f-821a-c6ddc96f3156,  -14.814870 ,  -50.746770 ,2023-03-05 16:52:00,Brasil,GOIÁS,MOZARLÂNDIA,Cerrado
 1622576944 ,01df2403-fec8-31bc-bea6-5196c52fa1f2,  -14.951240 ,  -48.829060 ,2023-03-05 16:52:00,Brasil,GOIÁS,BARRO ALTO,Cerrado
 1622576953 ,d4a67dc1-2064-36fa-9d86-d404de1a539b,  -16.521430 ,  -51.023420 ,2023-03-05 16:52:00,Brasil,GOIÁS,IPORÁ,Cerrado
 1625303901 ,590a4fd9-e48b-3921-892c-ccd23a876d6f,  -15.085430 ,  -47.787810 ,2023-03-31 17:09:00,Brasil,GOIÁS,PLANALTINA,Cerrado
 1625303924 ,8cb2a484-be72-3144-b7f9-388a7ff2d440,  -14.015650 ,  -49.492150 ,2023-03-31 17:09:00,Brasil,GOIÁS,MARA ROSA,Cerrado
 1625303928 ,46b3a02f-2c06-38f9-ba1a-1a350a178e50,  -14.254390 ,  -48.463420 ,2023-03-31 17:09:00,Brasil,GOIÁS,NIQUELÂNDIA,Cerrado
 1625303931 ,5ffd672e-3c64-388a-83da-bd77e2ecd919,  -14.364960 ,  -47.214700 ,2023-03-31 17:09:00,Brasil,GOIÁS,SÃO JOÃO D'ALIANÇA,Cerrado
 1625303934 ,7f4296a1-02af-3dda-8c22-7381f294f65c,  -14.553690 ,  -48.241320 ,2023-03-31 17:09:00,Brasil,GOIÁS,NIQUELÂNDIA,Cerrado
 1625303937 ,04272737-2b66-33bb-b204-2deaa74fbad2,  -14.705540 ,  -48.521670 ,2023-03-31 17:09:00,Brasil,GOIÁS,NIQUELÂNDIA,Cerrado
 1625303940 ,e2db36aa-7039-3c90-8d6b-af8253639889,  -15.061170 ,  -47.686340 ,2023-03-31 17:09:00,Brasil,GOIÁS,PLANALTINA,Cerrado
 1625303945 ,318a4ae0-7576-3eab-8167-3f4e335864de,  -15.284630 ,  -49.491220 ,2023-03-31 17:09:00,Brasil,GOIÁS,SANTA ISABEL,Cerrado
 1625303948 ,5b4c07d0-a5e5-3fee-a353-e5efd6eaa840,  -15.858230 ,  -51.040310 ,2023-03-31 17:09:00,Brasil,GOIÁS,JUSSARA,Cerrado
 1625303951 ,d6f641d9-3b29-3508-b907-aba82d7c7e24,  -15.985970 ,  -52.238950 ,2023-03-31 17:09:00,Brasil,GOIÁS,ARAGARÇAS,Cerrado
 1625303953 ,0f0c64ed-f6ee-3ffa-bda0-5f7059b30ee9,  -15.987630 ,  -52.251880 ,2023-03-31 17:09:00,Brasil,GOIÁS,ARAGARÇAS,Cerrado
 1625303958 ,16a0ad06-b743-3246-aec8-4811c2a333c8,  -16.304850 ,  -51.712430 ,2023-03-31 17:09:00,Brasil,GOIÁS,PIRANHAS,Cerrado
 1625303960 ,b5ca0264-080f-35f2-b77d-1f89a12c1977,  -16.355420 ,  -48.474470 ,2023-03-31 17:09:00,Brasil,GOIÁS,SILVÂNIA,Cerrado
 1625303967 ,a6523ff1-bc44-3cc3-b2c4-c152266d98cf,  -17.681500 ,  -49.599450 ,2023-03-31 17:09:00,Brasil,GOIÁS,PONTALINA,Cerrado
 1625303981 ,896e36bb-39a8-3578-8a2f-2fc67466d1fb,  -17.914570 ,  -47.926800 ,2023-03-31 17:09:00,Brasil,GOIÁS,CATALÃO,Cerrado
 1625303982 ,2f7de41b-1765-3693-b9bb-6e2101a0860e,  -17.915930 ,  -47.936150 ,2023-03-31 17:09:00,Brasil,GOIÁS,CATALÃO,Cerrado
 1625303984 ,879a6c5f-7803-369b-9873-7ec6ff16103a,  -18.164220 ,  -52.276150 ,2023-03-31 17:09:00,Brasil,GOIÁS,SERRANÓPOLIS,Cerrado
 1625303988 ,0631f730-d42a-33b5-bdb3-7a3c53467e9b,  -18.377120 ,  -49.946170 ,2023-03-31 17:09:00,Brasil,GOIÁS,INACIOLÂNDIA,Cerrado
 1625303994 ,53298116-0e0e-3b67-94e4-d396c1ecda9e,  -18.608760 ,  -52.002160 ,2023-03-31 17:09:00,Brasil,GOIÁS,APORÉ,Cerrado
 1625304044 ,10b0e3b3-84d8-36d7-87af-5f66e02a938f,  -16.364360 ,  -48.473060 ,2023-03-31 17:09:00,Brasil,GOIÁS,SILVÂNIA,Cerrado
 1621513244 ,a885bc54-21f8-3104-ad89-1957d26fe15e,  -16.565720 ,  -52.522420 ,2023-02-24 17:02:00,Brasil,GOIÁS,DOVERLÂNDIA,Cerrado
 1621513255 ,9a7e842d-b6aa-3f1e-a409-42823f3a0308,  -15.672770 ,  -51.132290 ,2023-02-24 17:02:00,Brasil,GOIÁS,SANTA FÉ DE GOIÁS,Cerrado
 1621513262 ,733fb015-92d0-3ea8-be2e-447503cd74a1,  -15.874510 ,  -51.283740 ,2023-02-24 17:02:00,Brasil,GOIÁS,JUSSARA,Cerrado
 1621513333 ,eda78607-e625-3c33-951b-3592676399ba,  -18.499870 ,  -50.722970 ,2023-02-24 17:02:00,Brasil,GOIÁS,QUIRINÓPOLIS,Cerrado
 1621513349 ,308a9420-33e3-3db2-994e-5024a4858c86,  -18.669640 ,  -50.618610 ,2023-02-24 17:02:00,Brasil,GOIÁS,QUIRINÓPOLIS,Mata Atlântica
 1621513372 ,33238341-f015-3fb1-8185-142943fe1ffe,  -17.290890 ,  -50.173690 ,2023-02-24 17:02:00,Brasil,GOIÁS,JANDAIA,Cerrado
 1621513382 ,ffca3631-9cb3-3550-b9be-9493f2fba244,  -17.530730 ,  -49.366720 ,2023-02-24 17:02:00,Brasil,GOIÁS,PONTALINA,Cerrado
 1621513397 ,c0448920-3484-3d2d-b21e-04e0ace7dd31,  -18.044750 ,  -49.859290 ,2023-02-24 17:02:00,Brasil,GOIÁS,BOM JESUS DE GOIÁS,Cerrado
 1621513583 ,1530502b-c71f-3942-95d5-c1da5289a292,  -14.532300 ,  -47.493070 ,2023-02-24 17:04:00,Brasil,GOIÁS,SÃO JOÃO D'ALIANÇA,Cerrado
 1621514151 ,93c67875-968a-3037-95fd-f1fa1dd1fa82,  -14.754960 ,  -50.704830 ,2023-02-24 17:04:00,Brasil,GOIÁS,MOZARLÂNDIA,Cerrado
 1621514166 ,e624adab-83f3-33e9-b820-feae9985266a,  -14.963940 ,  -50.900090 ,2023-02-24 17:04:00,Brasil,GOIÁS,ARUANÃ,Cerrado
 1621514183 ,e28c1996-6e8f-31c1-ab88-024685e7269e,  -13.250350 ,  -50.427800 ,2023-02-24 17:04:00,Brasil,GOIÁS,SÃO MIGUEL DO ARAGUAIA,Cerrado
 1621905310 ,347cf758-100b-35b7-86a0-8898eb19ea39,  -14.742510 ,  -50.790600 ,2023-02-26 16:49:00,Brasil,GOIÁS,MOZARLÂNDIA,Cerrado
 1621905389 ,8e842fc6-0561-32d9-8256-df17823b421c,  -17.414020 ,  -50.196220 ,2023-02-26 16:49:00,Brasil,GOIÁS,ACREÚNA,Cerrado
 1621905397 ,9fbf2e1d-023d-30f9-b796-8ffe9c43e80b,  -17.416480 ,  -50.217640 ,2023-02-26 16:49:00,Brasil,GOIÁS,ACREÚNA,Cerrado
 1621905454 ,4ea86206-590f-35b2-86ef-1c8b24c9119b,  -15.319750 ,  -47.358970 ,2023-02-26 16:49:00,Brasil,GOIÁS,FORMOSA,Cerrado
 1616862795 ,4b3f9295-174a-3b80-8cb4-3036c1970938,  -16.353190 ,  -47.696090 ,2023-01-18 17:04:00,Brasil,GOIÁS,LUZIÂNIA,Cerrado
 1658628579 ,2c30fc6b-1811-3109-9149-5d16bb22b520,  -18.028590 ,  -52.242320 ,2023-10-28 17:15:00,Brasil,GOIÁS,SERRANÓPOLIS,Cerrado
 1658628418 ,fa9af852-1164-3cf0-b042-614e0ab05845,  -14.967070 ,  -49.668240 ,2023-10-28 17:17:00,Brasil,GOIÁS,ITAPACI,Cerrado
 1658628419 ,8d5c66aa-838f-3e3a-877d-9325f09362ac,  -14.965720 ,  -49.658300 ,2023-10-28 17:17:00,Brasil,GOIÁS,ITAPACI,Cerrado
 1658628420 ,2447d4bb-8a7e-3211-b1f1-f2b622749026,  -14.960290 ,  -49.664460 ,2023-10-28 17:17:00,Brasil,GOIÁS,ITAPACI,Cerrado
 1658628421 ,dfa52581-736c-3dd5-bde7-2064ec7685f7,  -14.690900 ,  -49.713930 ,2023-10-28 17:17:00,Brasil,GOIÁS,GUARINOS,Cerrado
 1658628422 ,f52093c1-b424-325b-892a-aa5ba6baccb7,  -15.664390 ,  -50.180770 ,2023-10-28 17:17:00,Brasil,GOIÁS,GOIÁS,Cerrado
 1658628423 ,2c45f6d0-a5a4-32cf-b7ea-fea0b065acfb,  -15.654810 ,  -50.182120 ,2023-10-28 17:17:00,Brasil,GOIÁS,GOIÁS,Cerrado
 1658628574 ,6d22f782-6739-3bbf-bf68-e96750c27a7d,  -16.289760 ,  -50.735360 ,2023-10-28 17:17:00,Brasil,GOIÁS,FAZENDA NOVA,Cerrado
 1658628575 ,00b45228-7a5c-3bfd-90b3-c18565479060,  -16.812850 ,  -50.841240 ,2023-10-28 17:15:00,Brasil,GOIÁS,PARAÚNA,Cerrado
 1658628576 ,cb9e14c3-b625-31d3-822a-3136e9209409,  -16.811260 ,  -50.828980 ,2023-10-28 17:15:00,Brasil,GOIÁS,PARAÚNA,Cerrado
 1658628577 ,33a2d232-2d71-3e98-a0d9-e8bc59171959,  -18.265090 ,  -52.322010 ,2023-10-28 17:15:00,Brasil,GOIÁS,SERRANÓPOLIS,Cerrado
 1658628578 ,cd542d90-2a4b-3520-b700-d330abf8de73,  -18.037750 ,  -52.235970 ,2023-10-28 17:15:00,Brasil,GOIÁS,SERRANÓPOLIS,Cerrado
 1658945639 ,4f7a7bf5-1e0f-3dc9-bae2-cc6553e80063,  -13.265050 ,  -48.234550 ,2023-10-30 17:02:00,Brasil,GOIÁS,MINAÇU,Cerrado
 1658945640 ,a8896990-99d7-3266-b62b-3707241e06ab,  -14.615390 ,  -49.846030 ,2023-10-30 17:02:00,Brasil,GOIÁS,CRIXÁS,Cerrado
 1658945641 ,18cb0fd8-229a-32ee-9bbe-d3cd82652992,  -14.608020 ,  -49.841860 ,2023-10-30 17:02:00,Brasil,GOIÁS,CRIXÁS,Cerrado
 1658945642 ,73facc31-586f-3df1-baa6-ab6d2a706f60,  -14.191860 ,  -48.400970 ,2023-10-30 17:02:00,Brasil,GOIÁS,NIQUELÂNDIA,Cerrado
 1658945643 ,070948b4-1510-30ec-bd8b-3f0f42f3f738,  -15.807990 ,  -48.897490 ,2023-10-30 17:02:00,Brasil,GOIÁS,PIRENÓPOLIS,Cerrado
 1658946576 ,ee2a592c-b775-32e6-8a73-0f1e3b592620,  -13.480210 ,  -47.390950 ,2023-10-30 17:02:00,Brasil,GOIÁS,CAVALCANTE,Cerrado
 1658946581 ,5ab2bb78-8cee-3684-ba5d-dc0bf3c45da8,  -15.184490 ,  -47.181670 ,2023-10-30 17:02:00,Brasil,GOIÁS,FORMOSA,Cerrado
 1658946582 ,15cb8dec-b99f-3b49-b7c3-79d6f0f0b81a,  -15.296360 ,  -47.985120 ,2023-10-30 17:02:00,Brasil,GOIÁS,PADRE BERNARDO,Cerrado
 1658947598 ,595daba4-a168-31f9-996c-352c4141aa52,  -13.638400 ,  -46.232220 ,2023-10-30 17:02:00,Brasil,GOIÁS,SÃO DOMINGOS,Cerrado
 1658947599 ,986a763d-c83c-371a-aa92-3f7cc24d724f,  -13.325830 ,  -46.424780 ,2023-10-30 17:02:00,Brasil,GOIÁS,DIVINÓPOLIS DE GOIÁS,Cerrado
 1658947600 ,72203dd7-d072-333e-946b-3708dc67fc3d,  -13.230880 ,  -46.537120 ,2023-10-30 17:02:00,Brasil,GOIÁS,DIVINÓPOLIS DE GOIÁS,Cerrado
 1658947603 ,5ca2d747-3750-3413-9f5b-0824b812200c,  -14.519250 ,  -46.625490 ,2023-10-30 17:02:00,Brasil,GOIÁS,ALVORADA DO NORTE,Cerrado
 1658947604 ,5cdb5487-e1a7-3467-ad81-9ecb39f4aabe,  -14.517820 ,  -46.614910 ,2023-10-30 17:02:00,Brasil,GOIÁS,ALVORADA DO NORTE,Cerrado
 1659140752 ,bc37b9dd-5e73-36f4-8462-710c68fdad36,  -15.186700 ,  -47.757110 ,2023-11-01 16:48:00,Brasil,GOIÁS,PLANALTINA,Cerrado
 1659140761 ,cbd10de1-5147-3988-93e5-7f8cd35a526a,  -14.886450 ,  -47.453210 ,2023-11-01 16:48:00,Brasil,GOIÁS,FORMOSA,Cerrado
 1659291542 ,6004bcaa-941f-3d07-b1bd-7298a9e73cb3,  -17.929870 ,  -48.759910 ,2023-11-02 17:26:00,Brasil,GOIÁS,MARZAGÃO,Cerrado
 1659291543 ,0a2c6481-1bf1-3a10-8a83-9c1c45b78da1,  -17.188240 ,  -48.733910 ,2023-11-02 17:26:00,Brasil,GOIÁS,CRISTIANÓPOLIS,Cerrado
 1659291550 ,f4b38975-9253-3629-b789-3b27e87d4400,  -13.962300 ,  -49.649590 ,2023-11-02 17:28:00,Brasil,GOIÁS,MARA ROSA,Cerrado
 1659291551 ,9c8e6867-b716-3707-9d54-c2157e463fe6,  -13.960870 ,  -49.640050 ,2023-11-02 17:28:00,Brasil,GOIÁS,MARA ROSA,Cerrado
 1659291560 ,9369a341-1eb1-3bd4-8812-a1a71fe14191,  -13.551560 ,  -50.611430 ,2023-11-02 17:28:00,Brasil,GOIÁS,NOVA CRIXÁS,Cerrado
 1659291561 ,f8d436f1-defc-30b1-9f27-3051999681c0,  -14.052000 ,  -50.063550 ,2023-11-02 17:28:00,Brasil,GOIÁS,UIRAPURU,Cerrado
 1659291562 ,b74d5e07-cf1b-30c6-ac05-5483eb9d7537,  -13.754830 ,  -50.607830 ,2023-11-02 17:28:00,Brasil,GOIÁS,NOVA CRIXÁS,Cerrado
 1659291563 ,acdf98a9-c29d-351f-b79f-0475cfeea58f,  -13.753490 ,  -50.598670 ,2023-11-02 17:28:00,Brasil,GOIÁS,NOVA CRIXÁS,Cerrado
 1659291566 ,b4dafbc1-33fa-3c6e-b71c-498e1383e3e8,  -16.597610 ,  -50.913140 ,2023-11-02 17:26:00,Brasil,GOIÁS,IVOLÂNDIA,Cerrado
 1659291567 ,e3ca72a3-bbde-3824-ba17-f15489c674f9,  -16.283250 ,  -51.292250 ,2023-11-02 17:26:00,Brasil,GOIÁS,DIORAMA,Cerrado
 1659291568 ,f72da932-6f08-39f9-acf5-97a85161f79b,  -16.281930 ,  -51.282870 ,2023-11-02 17:26:00,Brasil,GOIÁS,DIORAMA,Cerrado
 1659291569 ,07da0713-259a-31a8-965c-bc36950b4f75,  -18.166500 ,  -52.298270 ,2023-11-02 17:26:00,Brasil,GOIÁS,SERRANÓPOLIS,Cerrado
 1659291570 ,093319f4-f2e3-36b3-bb70-292062e40387,  -18.165090 ,  -52.287670 ,2023-11-02 17:26:00,Brasil,GOIÁS,SERRANÓPOLIS,Cerrado
 1659291571 ,fdad85df-aaec-32d3-bbc2-eed559b927a8,  -18.157030 ,  -52.299650 ,2023-11-02 17:26:00,Brasil,GOIÁS,SERRANÓPOLIS,Cerrado
 1659291572 ,24a91e73-baf5-33ae-b707-25c87c11e9d3,  -18.155620 ,  -52.289050 ,2023-11-02 17:26:00,Brasil,GOIÁS,SERRANÓPOLIS,Cerrado
 1659291680 ,439f59d3-2e65-3a71-b7f5-2b21c42ecc8d,  -16.418600 ,  -52.200000 ,2023-11-02 17:26:00,Brasil,GOIÁS,BOM JARDIM DE GOIÁS,Cerrado
 1659291681 ,0ed52572-4546-31b3-84c5-439837b94d5e,  -17.100300 ,  -52.950980 ,2023-11-02 17:26:00,Brasil,GOIÁS,MINEIROS,Cerrado
 1659552228 ,785240c7-6060-30f8-a146-67b7cc66240a,  -14.965270 ,  -49.664120 ,2023-11-04 17:11:00,Brasil,GOIÁS,ITAPACI,Cerrado
 1659552229 ,33b4b7ba-62f4-3b81-b9c3-b725306b79f2,  -14.938840 ,  -47.357340 ,2023-11-04 17:11:00,Brasil,GOIÁS,FORMOSA,Cerrado
 1659552230 ,a54f8867-437e-3d59-af94-f2bc7b9cc55d,  -14.785200 ,  -46.611320 ,2023-11-04 17:11:00,Brasil,GOIÁS,ALVORADA DO NORTE,Cerrado
 1659552232 ,2eeda944-edd6-3713-a895-3c92e50f6fb6,  -13.584600 ,  -46.408120 ,2023-11-04 17:13:00,Brasil,GOIÁS,SÃO DOMINGOS,Cerrado
 1659552233 ,6f2daa3d-47e5-3c32-89b4-d89b539fef12,  -13.562370 ,  -46.506440 ,2023-11-04 17:13:00,Brasil,GOIÁS,SÃO DOMINGOS,Cerrado
 1659552234 ,e81f8b0e-43cc-3251-88a1-5f55f73c9dff,  -13.553390 ,  -46.507820 ,2023-11-04 17:13:00,Brasil,GOIÁS,SÃO DOMINGOS,Cerrado
 1659552236 ,2c988839-9eb0-37f3-baa9-69903bb87d6c,  -13.240490 ,  -47.577910 ,2023-11-04 17:13:00,Brasil,GOIÁS,CAVALCANTE,Cerrado
 1658249393 ,afccc1c4-9c5a-3884-bc88-f6068af2ec13,  -16.014720 ,  -47.300250 ,2023-10-26 17:30:00,Brasil,GOIÁS,FORMOSA,Cerrado
 1658249397 ,c3417ecd-37b0-3ceb-a9db-fbcd0b9e4a83,  -16.321420 ,  -49.536340 ,2023-10-26 17:30:00,Brasil,GOIÁS,INHUMAS,Cerrado
 1658249421 ,eca0371f-7f57-367c-b5f1-9d45c490a151,  -16.478280 ,  -50.628940 ,2023-10-26 17:30:00,Brasil,GOIÁS,CÓRREGO DO OURO,Cerrado
 1658249422 ,5fd739e6-3db5-318a-940f-c95db8854415,  -15.655060 ,  -51.482250 ,2023-10-26 17:32:00,Brasil,GOIÁS,JUSSARA,Cerrado
 1658249423 ,94b6f7bf-f0b3-309b-b6b9-7ba05dcdf9d2,  -16.901530 ,  -50.564490 ,2023-10-26 17:30:00,Brasil,GOIÁS,PARAÚNA,Cerrado
 1658249424 ,6f2e95a4-3358-3b61-817c-f1c667053a39,  -16.900140 ,  -50.555090 ,2023-10-26 17:30:00,Brasil,GOIÁS,PARAÚNA,Cerrado
 1658249425 ,276802b0-c9b0-3810-b747-46432451ae17,  -16.892560 ,  -50.565930 ,2023-10-26 17:30:00,Brasil,GOIÁS,PARAÚNA,Cerrado
 1658249570 ,22d228d3-8fe9-3659-adf6-11953fd5c566,  -16.598400 ,  -52.357680 ,2023-10-26 17:32:00,Brasil,GOIÁS,DOVERLÂNDIA,Cerrado
 1658249571 ,faac8a99-2755-302e-803d-37b9f394290a,  -16.597060 ,  -52.348160 ,2023-10-26 17:32:00,Brasil,GOIÁS,DOVERLÂNDIA,Cerrado
 1658249572 ,3e3639c5-8d0e-398a-b70e-427c163c9e41,  -16.589350 ,  -52.359000 ,2023-10-26 17:32:00,Brasil,GOIÁS,DOVERLÂNDIA,Cerrado
 1659097780 ,fedad8e7-0a52-39e3-bf81-c9866d515393,  -13.581980 ,  -46.262540 ,2023-10-31 17:43:00,Brasil,GOIÁS,SÃO DOMINGOS,Cerrado
 1659805144 ,a3d93606-3e8b-30e5-a563-0929192d7c8c,  -19.000310 ,  -51.426530 ,2023-11-06 16:56:00,Brasil,GOIÁS,ITAJÁ,Cerrado
 1659805153 ,9a97cc3a-830c-3dc8-b1a2-191ed13c3c3d,  -18.209990 ,  -52.510430 ,2023-11-06 16:56:00,Brasil,GOIÁS,SERRANÓPOLIS,Cerrado
 1659805156 ,fa4be9dc-d42e-3c5a-b052-7767d7337caa,  -17.699610 ,  -52.120970 ,2023-11-06 16:56:00,Brasil,GOIÁS,JATAÍ,Cerrado
 1659805178 ,eecd7280-7189-3df4-9dc3-b49a9765295d,  -13.757050 ,  -49.099130 ,2023-11-06 16:58:00,Brasil,GOIÁS,SANTA TEREZA DE GOIÁS,Cerrado
 1659954697 ,3e3ca57d-887e-320c-9f04-9aaa6a12152d,  -16.725130 ,  -52.653960 ,2023-11-07 17:38:00,Brasil,GOIÁS,DOVERLÂNDIA,Cerrado
 1659954668 ,3c1255d1-35dd-3e22-976a-8bd2aed2d24b,  -16.179170 ,  -51.354860 ,2023-11-07 17:38:00,Brasil,GOIÁS,MONTES CLAROS DE GOIÁS,Cerrado
 1659954669 ,565d84fc-a1a4-38bb-9b41-c8a1398a262c,  -18.352400 ,  -51.096210 ,2023-11-07 17:38:00,Brasil,GOIÁS,CACHOEIRA ALTA,Cerrado
 1659954683 ,2e00ea73-4946-3afb-81fa-b5cf35eeacb5,  -16.360400 ,  -52.430910 ,2023-11-07 17:38:00,Brasil,GOIÁS,BALIZA,Cerrado
 1659954684 ,c583c915-9589-318b-a2a1-debaa1d19c07,  -16.140590 ,  -52.440020 ,2023-11-07 17:38:00,Brasil,GOIÁS,BALIZA,Cerrado
 1659954685 ,dde2a787-340b-3456-a3be-367cb49d4715,  -16.131590 ,  -52.441470 ,2023-11-07 17:38:00,Brasil,GOIÁS,BALIZA,Cerrado
 1659954686 ,5aea2925-3bef-36f9-bd07-76943a651e2b,  -16.130190 ,  -52.432070 ,2023-11-07 17:38:00,Brasil,GOIÁS,BALIZA,Cerrado
 1659954692 ,424b6e12-bdf5-3098-ae91-2e06b5ac3e94,  -17.750990 ,  -52.486420 ,2023-11-07 17:38:00,Brasil,GOIÁS,MINEIROS,Cerrado
 1659954693 ,88844dbb-c69f-3505-a406-62710f42e824,  -17.160730 ,  -52.542640 ,2023-11-07 17:38:00,Brasil,GOIÁS,MINEIROS,Cerrado
 1659954694 ,9f17b583-931e-3739-940d-64f67c003d15,  -17.107960 ,  -52.939070 ,2023-11-07 17:38:00,Brasil,GOIÁS,MINEIROS,Cerrado
 1659954695 ,e5abc3ae-7163-3c7b-aaab-5dd0ab44de71,  -17.098320 ,  -52.936800 ,2023-11-07 17:38:00,Brasil,GOIÁS,MINEIROS,Cerrado
 1659954696 ,af5bde26-c441-3edb-9798-56d839d2e6b8,  -16.726510 ,  -52.663290 ,2023-11-07 17:38:00,Brasil,GOIÁS,DOVERLÂNDIA,Cerrado
 1660253059 ,7afa4667-c37a-3960-b0ed-8ee2bfc20c53,  -16.924080 ,  -47.792620 ,2023-11-09 17:24:00,Brasil,GOIÁS,IPAMERI,Cerrado
 1660253063 ,965fd26c-892a-35a3-b8aa-bebaf9750e28,  -16.463190 ,  -50.899630 ,2023-11-09 17:24:00,Brasil,GOIÁS,MOIPORÁ,Cerrado
 1660253065 ,f9f21011-eaff-307a-8d6c-49e6d1f0cc62,  -15.962760 ,  -50.545150 ,2023-11-09 17:24:00,Brasil,GOIÁS,ITAPIRAPUÃ,Cerrado
 1660253068 ,807a0645-e630-3be1-bddc-43e843dda722,  -15.787430 ,  -50.146490 ,2023-11-09 17:24:00,Brasil,GOIÁS,GOIÁS,Cerrado
 1660253069 ,1577e572-93b6-330f-9b10-aabf0340b3c6,  -15.778470 ,  -50.147850 ,2023-11-09 17:24:00,Brasil,GOIÁS,GOIÁS,Cerrado
 1660253070 ,514a1ff0-cdd2-3332-b08c-91a1fda98d8a,  -15.581230 ,  -48.420390 ,2023-11-09 17:24:00,Brasil,GOIÁS,PADRE BERNARDO,Cerrado
 1660253072 ,d5b5849f-fcef-3f6e-a72f-482240eb1f41,  -15.172890 ,  -48.403470 ,2023-11-09 17:24:00,Brasil,GOIÁS,PADRE BERNARDO,Cerrado
 1660253073 ,4ae00728-843d-3b84-9b55-1a48bfbe2f04,  -15.146250 ,  -47.096320 ,2023-11-09 17:24:00,Brasil,GOIÁS,FORMOSA,Cerrado
 1660253074 ,4514c7b4-59c5-3daa-86fc-3e161fa09b56,  -14.948310 ,  -47.226220 ,2023-11-09 17:24:00,Brasil,GOIÁS,FORMOSA,Cerrado
 1660253075 ,e501aee6-e6cf-3e24-b56e-944fc0788660,  -14.663230 ,  -48.630290 ,2023-11-09 17:24:00,Brasil,GOIÁS,NIQUELÂNDIA,Cerrado
 1660253076 ,fe3f748d-e564-3272-bf02-b7215008a82c,  -14.466240 ,  -46.369270 ,2023-11-09 17:24:00,Brasil,GOIÁS,SÍTIO D'ABADIA,Cerrado
 1660253077 ,b0fbeb65-4cef-38e4-9d64-6c726766a2e8,  -14.125080 ,  -49.855500 ,2023-11-09 17:24:00,Brasil,GOIÁS,UIRAPURU,Cerrado
 1660253078 ,10132487-6bbc-3745-b95e-5dfa75174b23,  -13.987720 ,  -48.557290 ,2023-11-09 17:24:00,Brasil,GOIÁS,CAMPINAÇU,Cerrado
 1660253079 ,1b13bdba-5b4e-3f23-8f0a-37d3a3981695,  -13.609480 ,  -49.227250 ,2023-11-09 17:24:00,Brasil,GOIÁS,MUTUNÓPOLIS,Cerrado
 1660253080 ,fe84d61e-6fa2-3f7a-9c80-a0e2db8ee814,  -13.608100 ,  -49.217960 ,2023-11-09 17:24:00,Brasil,GOIÁS,MUTUNÓPOLIS,Cerrado
 1660253081 ,51aaf8aa-eb44-3ced-995a-056136a97752,  -13.575810 ,  -47.959990 ,2023-11-09 17:24:00,Brasil,GOIÁS,CAVALCANTE,Cerrado
 1660253082 ,92b3402e-ce46-3b7a-b2b6-1ed6bbfe215f,  -13.574290 ,  -47.950030 ,2023-11-09 17:24:00,Brasil,GOIÁS,CAVALCANTE,Cerrado
 1660253083 ,e503899e-34ea-3649-a00c-d45a9158f34b,  -13.553850 ,  -49.915310 ,2023-11-09 17:24:00,Brasil,GOIÁS,BONÓPOLIS,Cerrado
 1660253084 ,850cbd55-3e27-3e70-bc2b-bd91a03273ce,  -13.408490 ,  -48.072040 ,2023-11-09 17:24:00,Brasil,GOIÁS,CAVALCANTE,Cerrado
 1660253086 ,a9f79739-401b-3021-a9e6-24c8a88f1dda,  -13.399140 ,  -47.402340 ,2023-11-09 17:24:00,Brasil,GOIÁS,CAVALCANTE,Cerrado
 1660253164 ,fe3f0f8a-7730-3576-afc2-17a90228e719,  -17.976970 ,  -48.919560 ,2023-11-09 17:24:00,Brasil,GOIÁS,MORRINHOS,Cerrado
 1660253165 ,d722c1e0-2551-37fe-9580-ce1758f322fd,  -17.685520 ,  -49.134090 ,2023-11-09 17:24:00,Brasil,GOIÁS,MORRINHOS,Cerrado
 1660253169 ,321c7abc-d0a6-31d8-ab2e-4a7883d7d127,  -17.292050 ,  -48.773990 ,2023-11-09 17:24:00,Brasil,GOIÁS,CRISTIANÓPOLIS,Cerrado
 1660253170 ,2ece4197-2cba-3e1a-8bb2-d85c4ead1012,  -17.283110 ,  -48.775470 ,2023-11-09 17:24:00,Brasil,GOIÁS,CRISTIANÓPOLIS,Cerrado
 1660364212 ,08961ef3-a9b0-3791-a420-b32ad9f962ba,  -18.899870 ,  -51.035530 ,2023-11-10 18:04:00,Brasil,GOIÁS,CAÇU,Cerrado
 1660364213 ,3e526c54-fdec-3887-8d06-c57ec089d5c3,  -18.898910 ,  -51.040790 ,2023-11-10 18:04:00,Brasil,GOIÁS,CAÇU,Cerrado
 1660364214 ,77c94a6a-13a0-3b60-b9a0-60db49ea79ce,  -18.894660 ,  -51.009180 ,2023-11-10 18:04:00,Brasil,GOIÁS,CAÇU,Cerrado
 1660364215 ,aed339ff-3eec-345a-9bba-ea834695021f,  -18.893860 ,  -51.014320 ,2023-11-10 18:04:00,Brasil,GOIÁS,CAÇU,Cerrado
 1660364216 ,6411026b-dc1a-3a0f-9587-370e7bcf24d3,  -18.879630 ,  -51.017810 ,2023-11-10 18:04:00,Brasil,GOIÁS,CAÇU,Cerrado
 1660673111 ,b45737bb-6fd8-3b7a-87d9-f50dcfb26b2b,  -18.119730 ,  -50.249100 ,2023-11-12 17:49:00,Brasil,GOIÁS,CASTELÂNDIA,Cerrado
 1660102341 ,901afab1-b0a7-382e-bece-b2ad8d242fa9,  -13.460330 ,  -46.579400 ,2023-11-08 16:43:00,Brasil,GOIÁS,SÃO DOMINGOS,Cerrado
 1660102343 ,3d48d99b-f1c5-34b0-bbb8-7e601b455bcb,  -14.863770 ,  -46.225060 ,2023-11-08 16:41:00,Brasil,GOIÁS,SÍTIO D'ABADIA,Cerrado
 1660102522 ,75b234b8-a924-3062-8123-96bd529fd38b,  -18.252060 ,  -49.287710 ,2023-11-08 16:41:00,Brasil,GOIÁS,ITUMBIARA,Cerrado
 1660810035 ,ab06dbcc-a13d-3160-88d1-93fc245f179d,  -13.360230 ,  -46.253730 ,2023-11-13 16:54:00,Brasil,GOIÁS,SÃO DOMINGOS,Cerrado
 1660810036 ,7bc0cbb8-3cdf-38a7-8af7-f641c4b2ddfd,  -13.299160 ,  -46.573900 ,2023-11-13 16:54:00,Brasil,GOIÁS,DIVINÓPOLIS DE GOIÁS,Cerrado
 1660810037 ,0a1b009a-2e8e-3c33-94cc-c3157421eb96,  -13.071720 ,  -46.481690 ,2023-11-13 16:54:00,Brasil,GOIÁS,MONTE ALEGRE DE GOIÁS,Cerrado
 1660810276 ,8f33c70d-5e8c-38d8-ba55-ad43c60ef7a1,  -14.634220 ,  -47.348160 ,2023-11-13 16:54:00,Brasil,GOIÁS,SÃO JOÃO D'ALIANÇA,Cerrado
 1660810277 ,0e3a6781-3e8b-37bf-a83f-7fa731bae168,  -14.632200 ,  -47.332330 ,2023-11-13 16:54:00,Brasil,GOIÁS,SÃO JOÃO D'ALIANÇA,Cerrado
 1660810278 ,2c667241-9645-3dcb-912e-cb9981d15a3f,  -14.630640 ,  -47.343490 ,2023-11-13 16:54:00,Brasil,GOIÁS,SÃO JOÃO D'ALIANÇA,Cerrado
 1660810279 ,2b671155-d7cb-31af-84b5-7546c6e5fb3c,  -14.628740 ,  -47.327700 ,2023-11-13 16:54:00,Brasil,GOIÁS,SÃO JOÃO D'ALIANÇA,Cerrado
 1660810500 ,4da6f1e2-bf6e-3af7-a6ca-c3715a8ebd42,  -13.689350 ,  -48.961650 ,2023-11-13 16:54:00,Brasil,GOIÁS,FORMOSO,Cerrado
 1660950945 ,78dd8d1a-73be-3835-a7eb-cfb2e8a4feae,  -16.250970 ,  -48.446490 ,2023-11-14 17:34:00,Brasil,GOIÁS,ABADIÂNIA,Cerrado
 1660950947 ,d61dc72e-df08-3d36-b40c-f52826578109,  -18.181850 ,  -50.279100 ,2023-11-14 17:34:00,Brasil,GOIÁS,CASTELÂNDIA,Cerrado
 1660950948 ,93b7d09b-fac4-319c-bb53-509b91020029,  -18.553490 ,  -49.824070 ,2023-11-14 17:34:00,Brasil,GOIÁS,INACIOLÂNDIA,Mata Atlântica
 1660950949 ,e85fc753-f3c9-34a7-a9c9-df6ade1cc33b,  -18.551910 ,  -49.813880 ,2023-11-14 17:34:00,Brasil,GOIÁS,INACIOLÂNDIA,Mata Atlântica
 1660950950 ,bced8302-2e60-3c07-800c-058f014e0216,  -18.544210 ,  -49.825710 ,2023-11-14 17:34:00,Brasil,GOIÁS,INACIOLÂNDIA,Mata Atlântica
 1660950951 ,105f7fe6-5615-315c-9aec-6fbaa8da882b,  -18.542630 ,  -49.815550 ,2023-11-14 17:34:00,Brasil,GOIÁS,INACIOLÂNDIA,Mata Atlântica
 1660950976 ,4c3d9219-09d6-37e3-b0e2-fe134a769f84,  -16.681160 ,  -51.704850 ,2023-11-14 17:34:00,Brasil,GOIÁS,CAIAPÔNIA,Cerrado
 1660950977 ,dfa9760b-6fcf-3ec4-bed5-261488bf6982,  -18.443720 ,  -51.102210 ,2023-11-14 17:34:00,Brasil,GOIÁS,CACHOEIRA ALTA,Cerrado
 1660951078 ,f3541e46-5e1a-332b-bbaf-699a09eab45b,  -16.591910 ,  -52.356900 ,2023-11-14 17:34:00,Brasil,GOIÁS,DOVERLÂNDIA,Cerrado
 1660951079 ,89a6c5e3-0ece-3519-8bfa-6c1cda832ed4,  -16.457760 ,  -52.324040 ,2023-11-14 17:34:00,Brasil,GOIÁS,BALIZA,Cerrado
 1660951080 ,ff3f11ca-20d2-333d-a9e5-fde2190de98a,  -16.443770 ,  -52.544000 ,2023-11-14 17:34:00,Brasil,GOIÁS,BALIZA,Cerrado
 1661319134 ,3bc90016-4595-353d-82ec-05dc111247ae,  -14.973940 ,  -47.531360 ,2023-11-16 17:19:00,Brasil,GOIÁS,FORMOSA,Cerrado
 1661319135 ,2b1d0436-27c3-369a-9a12-94ce7f6dbcf4,  -14.394010 ,  -47.046130 ,2023-11-16 17:19:00,Brasil,GOIÁS,FLORES DE GOIÁS,Cerrado
 1661319136 ,8878b0ec-6def-37bc-9c91-fb1340fc1d58,  -13.969680 ,  -48.150050 ,2023-11-16 17:19:00,Brasil,GOIÁS,COLINAS DO SUL,Cerrado
 1661319139 ,87499e90-154a-348e-b41d-873286150140,  -15.334130 ,  -48.283040 ,2023-11-16 17:19:00,Brasil,GOIÁS,PADRE BERNARDO,Cerrado
 1661319140 ,765e934e-442a-3f8f-81a3-65f2de1cec0d,  -17.847940 ,  -48.213450 ,2023-11-16 17:19:00,Brasil,GOIÁS,IPAMERI,Cerrado
 1661319141 ,7c41b9d8-1b06-3b61-ad7e-0b882cbd9d28,  -17.846600 ,  -48.204140 ,2023-11-16 17:19:00,Brasil,GOIÁS,IPAMERI,Cerrado
 1661319142 ,7e6aa91e-d9c5-392b-a134-d1435caabd7e,  -17.696900 ,  -48.507330 ,2023-11-16 17:19:00,Brasil,GOIÁS,CALDAS NOVAS,Cerrado
 1661319143 ,f06a3f92-9591-35e5-b9a4-02f602b88767,  -16.919960 ,  -48.289530 ,2023-11-16 17:19:00,Brasil,GOIÁS,ORIZONA,Cerrado
 1661319147 ,70125c99-174a-369b-beb6-c451dbe8bf69,  -18.255760 ,  -48.171470 ,2023-11-16 17:19:00,Brasil,GOIÁS,CUMARI,Cerrado
 1661319163 ,fb98dfd2-d3bc-3791-85be-29fdd6e9c90b,  -13.534190 ,  -48.948990 ,2023-11-16 17:21:00,Brasil,GOIÁS,SANTA TEREZA DE GOIÁS,Cerrado
 1661319164 ,72ea8672-f527-31e3-bb63-6afccbfe3e41,  -13.532870 ,  -48.939880 ,2023-11-16 17:21:00,Brasil,GOIÁS,SANTA TEREZA DE GOIÁS,Cerrado
 1661319165 ,ce8196ad-917a-3b1c-8f9e-541e72ecbb4e,  -13.380810 ,  -49.161740 ,2023-11-16 17:21:00,Brasil,GOIÁS,PORANGATU,Cerrado
 1661319167 ,6d09dfa3-fa50-3371-b67d-98dc112e4a83,  -14.857330 ,  -49.701660 ,2023-11-16 17:19:00,Brasil,GOIÁS,GUARINOS,Cerrado
 1661319168 ,3adf7d95-1809-3dd2-b275-3744cdfc1506,  -14.697680 ,  -49.613900 ,2023-11-16 17:19:00,Brasil,GOIÁS,PILAR DE GOIÁS,Cerrado
 1661319169 ,96cb12ee-c319-3f1a-ac23-0fdd127a5a8d,  -14.450720 ,  -49.823110 ,2023-11-16 17:19:00,Brasil,GOIÁS,CRIXÁS,Cerrado
 1661319170 ,404ad0ac-716e-3060-a630-634a55f59fc2,  -14.449400 ,  -49.813740 ,2023-11-16 17:19:00,Brasil,GOIÁS,CRIXÁS,Cerrado
 1661319171 ,72cecba6-d3ab-33b5-a250-97b669f35dbf,  -14.515100 ,  -49.175790 ,2023-11-16 17:19:00,Brasil,GOIÁS,URUAÇU,Cerrado
 1661319172 ,2d4c1728-c422-36a3-8c3f-85723de0284a,  -14.428710 ,  -49.147910 ,2023-11-16 17:19:00,Brasil,GOIÁS,URUAÇU,Cerrado
 1661319173 ,bae867c7-6ed0-30af-b669-b3d7c249b00b,  -14.354040 ,  -48.757080 ,2023-11-16 17:19:00,Brasil,GOIÁS,NIQUELÂNDIA,Cerrado
 1661319174 ,0135bc69-2893-3a3b-b8d6-eaaa4076f8e3,  -14.352710 ,  -48.747930 ,2023-11-16 17:19:00,Brasil,GOIÁS,NIQUELÂNDIA,Cerrado
 1661319175 ,e56ef246-d3f8-366e-b0cd-46f92487478c,  -13.966660 ,  -48.626710 ,2023-11-16 17:19:00,Brasil,GOIÁS,CAMPINAÇU,Cerrado
 1661319176 ,4b362069-15b5-350e-a318-e1555814bdf0,  -15.520260 ,  -49.312880 ,2023-11-16 17:19:00,Brasil,GOIÁS,JARAGUÁ,Cerrado
 1661319177 ,4f52a6fa-2d75-392a-8d5a-e24d4e435728,  -15.518940 ,  -49.303540 ,2023-11-16 17:19:00,Brasil,GOIÁS,JARAGUÁ,Cerrado
 1661319178 ,7567da85-c3a5-3bdd-b9a7-7a33d818be89,  -15.511290 ,  -49.314240 ,2023-11-16 17:19:00,Brasil,GOIÁS,JARAGUÁ,Cerrado
 1661319179 ,1899050f-7d21-3d91-8537-9363177d1b29,  -15.509980 ,  -49.304930 ,2023-11-16 17:19:00,Brasil,GOIÁS,JARAGUÁ,Cerrado
 1661319180 ,f6077b73-d6b8-3cac-bb32-b0e28fa89835,  -17.374680 ,  -50.168500 ,2023-11-16 17:19:00,Brasil,GOIÁS,ACREÚNA,Cerrado
 1661319181 ,c52a7c7c-e04f-312c-943c-2c7be9ead128,  -16.925260 ,  -50.027280 ,2023-11-16 17:19:00,Brasil,GOIÁS,PALMEIRAS DE GOIÁS,Cerrado
 1661319268 ,2ec9f5b6-0e0b-3d24-8427-2158059b6c4a,  -16.218730 ,  -51.533830 ,2023-11-16 17:19:00,Brasil,GOIÁS,DIORAMA,Cerrado
 1661319269 ,d8e0fffd-b2c3-36f1-9391-1a046c9026a4,  -16.411320 ,  -50.513760 ,2023-11-16 17:19:00,Brasil,GOIÁS,SANCLERLÂNDIA,Cerrado
 1661319270 ,94b286d5-bb6b-3979-9c47-1ef54837fe5c,  -16.409920 ,  -50.503220 ,2023-11-16 17:19:00,Brasil,GOIÁS,SANCLERLÂNDIA,Cerrado
 1661319271 ,605079b1-72bb-34a6-832d-8c0c276a1cd7,  -15.638000 ,  -50.351500 ,2023-11-16 17:19:00,Brasil,GOIÁS,GOIÁS,Cerrado
 1661319272 ,4c79c5e1-aa75-38d6-88d0-f5bcec22694f,  -15.636610 ,  -50.341500 ,2023-11-16 17:19:00,Brasil,GOIÁS,GOIÁS,Cerrado
 1661319273 ,1d7aaa7f-0de3-3931-87f2-d6a5246f6415,  -15.528780 ,  -50.852410 ,2023-11-16 17:19:00,Brasil,GOIÁS,ITAPIRAPUÃ,Cerrado
 1661662415 ,6b9efce6-32c8-3036-91b3-fae6890b4cf4,  -13.594580 ,  -46.512790 ,2023-11-18 17:04:00,Brasil,GOIÁS,SÃO DOMINGOS,Cerrado
 1661662416 ,dc58e33b-206c-3c60-8360-42e646b11041,  -13.076690 ,  -46.490170 ,2023-11-18 17:04:00,Brasil,GOIÁS,MONTE ALEGRE DE GOIÁS,Cerrado
 1661662434 ,7699e3d0-d30b-3ae9-9673-d1b5285d0464,  -13.787200 ,  -49.030150 ,2023-11-18 17:04:00,Brasil,GOIÁS,ESTRELA DO NORTE,Cerrado
 1661662549 ,530c6fb9-eecb-3392-a33a-c1ef60600354,  -15.055570 ,  -48.837150 ,2023-11-18 17:04:00,Brasil,GOIÁS,VILA PROPÍCIO,Cerrado
 1661662550 ,d36fb24d-b7e7-36d1-8e88-e74aa4eae7c9,  -14.696920 ,  -48.897500 ,2023-11-18 17:04:00,Brasil,GOIÁS,BARRO ALTO,Cerrado
 1661662551 ,140e0b20-d09a-3ede-8c74-f40f79acb078,  -14.685340 ,  -49.605810 ,2023-11-18 17:04:00,Brasil,GOIÁS,PILAR DE GOIÁS,Cerrado
 1661662552 ,33ffe188-11fb-326e-b17f-b5305c732f4c,  -13.887350 ,  -48.472690 ,2023-11-18 17:04:00,Brasil,GOIÁS,CAMPINAÇU,Cerrado
 1661662553 ,013f78aa-2716-3bdb-8218-d6bbf52fab3e,  -13.885890 ,  -48.461560 ,2023-11-18 17:04:00,Brasil,GOIÁS,CAMPINAÇU,Cerrado
 1661662554 ,b29683fe-aa08-3ea6-a509-3b0bdc342589,  -15.723050 ,  -49.217100 ,2023-11-18 17:04:00,Brasil,GOIÁS,JARAGUÁ,Cerrado
 1661662632 ,21df9f24-2db4-3746-9cbe-8836fd4134be,  -15.150760 ,  -51.513450 ,2023-11-18 17:04:00,Brasil,GOIÁS,JUSSARA,Cerrado
 1661805340 ,82f44203-f8dc-3093-ae20-5cba503ad38c,  -16.577690 ,  -51.975920 ,2023-11-19 17:47:00,Brasil,GOIÁS,PIRANHAS,Cerrado
 1661995188 ,9290419a-252a-3527-b054-e5e255a609aa,  -17.371010 ,  -50.172630 ,2023-11-21 17:32:00,Brasil,GOIÁS,ACREÚNA,Cerrado
 1661995189 ,5c0debe4-9db6-3414-bafe-3bff354d5cef,  -16.806750 ,  -49.187830 ,2023-11-21 17:32:00,Brasil,GOIÁS,APARECIDA DE GOIÂNIA,Cerrado
 1661995190 ,c47d00c0-4c58-3838-9371-f96e25fef6d2,  -16.163000 ,  -50.665440 ,2023-11-21 17:32:00,Brasil,GOIÁS,FAZENDA NOVA,Cerrado
 1661995191 ,3f9ebf9b-b47b-333e-826e-41fb6ff90be0,  -14.124170 ,  -49.611290 ,2023-11-21 17:32:00,Brasil,GOIÁS,MARA ROSA,Cerrado
 1661995192 ,b66d4e37-4a7e-3511-b181-5d08d1c87987,  -13.558290 ,  -50.747280 ,2023-11-21 17:32:00,Brasil,GOIÁS,NOVA CRIXÁS,Cerrado
 1661995193 ,14536932-7fa2-3c92-b888-54259e48afe0,  -13.166610 ,  -50.111970 ,2023-11-21 17:32:00,Brasil,GOIÁS,SÃO MIGUEL DO ARAGUAIA,Cerrado
 1661995194 ,9b6c451f-4c5d-3ba1-befa-58054b6d9d6a,  -13.055250 ,  -50.282510 ,2023-11-21 17:32:00,Brasil,GOIÁS,SÃO MIGUEL DO ARAGUAIA,Cerrado
 1662159529 ,3d16e5d6-5203-3446-b03d-0d7c5fa17214,  -13.450510 ,  -46.578950 ,2023-11-23 17:17:00,Brasil,GOIÁS,SÃO DOMINGOS,Cerrado
 1662159530 ,a3a1bf85-5b62-30c0-93b6-e7f34d74be97,  -13.468730 ,  -46.575970 ,2023-11-23 17:17:00,Brasil,GOIÁS,SÃO DOMINGOS,Cerrado
 1662159531 ,3e05f39a-551c-3035-ab6c-777df13b05fb,  -13.579310 ,  -46.640560 ,2023-11-23 17:17:00,Brasil,GOIÁS,SÃO DOMINGOS,Cerrado
 1662159532 ,cdd4ac78-60a6-387b-9254-cf139705aad5,  -13.580730 ,  -46.650060 ,2023-11-23 17:17:00,Brasil,GOIÁS,SÃO DOMINGOS,Cerrado
 1662159535 ,84772164-1f4b-3f81-a3a3-ea56d74d5949,  -14.373970 ,  -47.211450 ,2023-11-23 17:17:00,Brasil,GOIÁS,SÃO JOÃO D'ALIANÇA,Cerrado
 1662159536 ,0cedaa59-15c8-3fe3-ab45-b89eab103653,  -14.375330 ,  -47.220660 ,2023-11-23 17:17:00,Brasil,GOIÁS,SÃO JOÃO D'ALIANÇA,Cerrado
 1662159540 ,8ab5b719-d59c-357d-8e86-c164c341bffc,  -14.718960 ,  -46.617270 ,2023-11-23 17:17:00,Brasil,GOIÁS,ALVORADA DO NORTE,Cerrado
 1662159541 ,30f71441-1164-3cef-8432-248fe65ddfa6,  -14.727340 ,  -46.609510 ,2023-11-23 17:17:00,Brasil,GOIÁS,ALVORADA DO NORTE,Cerrado
 1662159543 ,38ba0810-f081-3655-a826-bd28132ee154,  -14.975900 ,  -50.967200 ,2023-11-23 17:17:00,Brasil,GOIÁS,ARUANÃ,Cerrado
 1662159545 ,dc1bf835-f60f-35c4-82d9-2adae6cc5808,  -15.395930 ,  -48.033430 ,2023-11-23 17:17:00,Brasil,GOIÁS,PADRE BERNARDO,Cerrado
 1662159547 ,a246c456-44a9-31f0-93d6-961606503e8d,  -15.743510 ,  -46.873040 ,2023-11-23 17:17:00,Brasil,GOIÁS,CABECEIRAS,Cerrado
 1662159548 ,1a5b6cdb-88a8-36c1-8d63-bfd0166e81c1,  -15.864940 ,  -50.518100 ,2023-11-23 17:17:00,Brasil,GOIÁS,ITAPIRAPUÃ,Cerrado
 1662159551 ,7aee5fbc-bc3b-3b53-8d83-b7d688cc79e2,  -16.074790 ,  -50.488120 ,2023-11-23 17:17:00,Brasil,GOIÁS,NOVO BRASIL,Cerrado
 1662159552 ,6148b9b1-c502-3190-a1f4-2543e551f723,  -16.419480 ,  -50.320230 ,2023-11-23 17:17:00,Brasil,GOIÁS,SÃO LUÍS DE MONTES BELOS,Cerrado
 1662159562 ,3d627453-bdce-3aeb-a9a1-5530874afcfe,  -18.294350 ,  -52.714370 ,2023-11-23 17:15:00,Brasil,GOIÁS,CHAPADÃO DO CÉU,Cerrado
 1662322274 ,3bc71df1-cd09-3f7b-88eb-91ca8b23aa2d,  -18.126810 ,  -49.623520 ,2023-11-25 17:00:00,Brasil,GOIÁS,BOM JESUS DE GOIÁS,Cerrado
 1662322307 ,ecace1d0-d6c2-3cbb-9ed2-fbf775ca52e2,  -13.485670 ,  -50.538190 ,2023-11-25 17:02:00,Brasil,GOIÁS,NOVA CRIXÁS,Cerrado
 1662322308 ,fb9031d9-aa0a-34a9-843e-0c81af22cf21,  -13.485570 ,  -50.544910 ,2023-11-25 17:02:00,Brasil,GOIÁS,NOVA CRIXÁS,Cerrado
 1662386543 ,1f627754-ba36-3884-b486-32e9c9bca748,  -16.276010 ,  -52.199730 ,2023-11-26 17:41:00,Brasil,GOIÁS,BOM JARDIM DE GOIÁS,Cerrado
 1662386544 ,77d2ccb5-be97-3752-8f10-0f70c20b1faf,  -16.146570 ,  -52.434940 ,2023-11-26 17:41:00,Brasil,GOIÁS,BALIZA,Cerrado
 1662517807 ,3596ca44-9c0b-3b05-a9a4-14f867d4fc53,  -17.713320 ,  -47.379180 ,2023-11-28 17:26:00,Brasil,GOIÁS,CATALÃO,Cerrado
 1662517808 ,9fd82b20-ac7b-363d-93cb-3c3fbc39dd9d,  -17.527450 ,  -51.581550 ,2023-11-28 17:26:00,Brasil,GOIÁS,RIO VERDE,Cerrado
 1662517812 ,070c88c3-5871-34af-bbba-c817834c97a6,  -15.886670 ,  -51.886460 ,2023-11-28 17:26:00,Brasil,GOIÁS,ARAGARÇAS,Cerrado
 1662517813 ,53093b13-b676-33c9-be0b-544d795ec61d,  -14.797580 ,  -49.240410 ,2023-11-28 17:26:00,Brasil,GOIÁS,HIDROLINA,Cerrado
 1662517814 ,c019397f-1344-3d0a-8c3f-8d74bec08de5,  -14.039070 ,  -48.545440 ,2023-11-28 17:26:00,Brasil,GOIÁS,CAMPINAÇU,Cerrado
 1662517815 ,363c2481-16c0-3ca6-9365-e9a53abb7fc6,  -13.858270 ,  -50.812310 ,2023-11-28 17:28:00,Brasil,GOIÁS,NOVA CRIXÁS,Cerrado
 1662517821 ,8568d83b-a602-3a84-9521-5986a60def74,  -13.242320 ,  -48.955900 ,2023-11-28 17:28:00,Brasil,GOIÁS,PORANGATU,Cerrado
 1662517823 ,4664dd00-765f-38ed-b4e8-78b7d47efa24,  -12.935570 ,  -49.003230 ,2023-11-28 17:28:00,Brasil,GOIÁS,PORANGATU,Cerrado
 1662694263 ,800a7924-77ca-336c-a04b-672022bc2c4e,  -14.673780 ,  -50.063400 ,2023-11-30 17:11:00,Brasil,GOIÁS,CRIXÁS,Cerrado
 1662694444 ,5f1bf3ad-fde6-3cd4-8912-628857d8f988,  -15.885730 ,  -51.883500 ,2023-11-30 17:11:00,Brasil,GOIÁS,ARAGARÇAS,Cerrado
 1662694884 ,a286fe2d-93f3-32a2-a2ce-1f4fb1429f00,  -13.166100 ,  -47.064170 ,2023-11-30 17:11:00,Brasil,GOIÁS,MONTE ALEGRE DE GOIÁS,Cerrado
 1662694885 ,2a4584e8-45ea-3228-b5cf-7d72d045d132,  -13.164790 ,  -47.055080 ,2023-11-30 17:11:00,Brasil,GOIÁS,MONTE ALEGRE DE GOIÁS,Cerrado
 1662694893 ,433b7c36-0d74-34e8-99c9-831c69d04a0b,  -14.605760 ,  -47.148570 ,2023-11-30 17:11:00,Brasil,GOIÁS,FORMOSA,Cerrado
 1662694894 ,2b46b332-17d0-31d6-97f5-03eaf2b3af9b,  -14.337500 ,  -46.889220 ,2023-11-30 17:11:00,Brasil,GOIÁS,ALVORADA DO NORTE,Cerrado
 1662695022 ,42ddd8ad-1b33-3b6f-8186-613e3efb62e1,  -14.433140 ,  -48.554860 ,2023-11-30 17:11:00,Brasil,GOIÁS,NIQUELÂNDIA,Cerrado
 1662695023 ,2265b22f-849b-354e-a1da-3567d97610a7,  -14.093320 ,  -48.618660 ,2023-11-30 17:11:00,Brasil,GOIÁS,CAMPINAÇU,Cerrado
 1662870476 ,b6ed8be1-4d81-38a0-b49b-503eba81179a,  -15.003850 ,  -50.878780 ,2023-12-02 16:56:00,Brasil,GOIÁS,ARUANÃ,Cerrado
 1662870481 ,dbef2df6-2a42-315b-96d5-3a7150edc687,  -14.026760 ,  -47.355520 ,2023-12-02 16:56:00,Brasil,GOIÁS,ALTO PARAÍSO DE GOIÁS,Cerrado
 1662961335 ,f89294dd-d60f-3501-82b7-ea5d5ffedc6e,  -18.711280 ,  -50.465930 ,2023-12-03 17:36:00,Brasil,GOIÁS,PARANAIGUARA,Mata Atlântica
 1663127492 ,2dd9dd2d-3025-3b55-9a71-4983536d50c9,  -17.747220 ,  -50.094810 ,2023-12-05 17:21:00,Brasil,GOIÁS,EDÉIA,Cerrado
 1663127493 ,b7fc676c-94c3-369b-aa06-0bc30132dd68,  -14.827710 ,  -51.055370 ,2023-12-05 17:24:00,Brasil,GOIÁS,ARUANÃ,Cerrado
 1663357275 ,c51cd449-2ac7-36e3-bd5e-f60324eb4e56,  -18.846660 ,  -51.655520 ,2023-12-07 17:06:00,Brasil,GOIÁS,ITAJÁ,Cerrado
 1663357289 ,644b5534-b65a-31a7-94b0-05f10c9a4404,  -16.923220 ,  -49.187320 ,2023-12-07 17:06:00,Brasil,GOIÁS,HIDROLÂNDIA,Cerrado
 1663357290 ,fa5ee003-d92f-3505-9a4c-2467ffd3d3fc,  -16.734350 ,  -49.141850 ,2023-12-07 17:06:00,Brasil,GOIÁS,SENADOR CANEDO,Cerrado
 1663357294 ,c9b077da-efb0-3101-b90b-fb1f4bafab4c,  -16.508280 ,  -50.858240 ,2023-12-07 17:06:00,Brasil,GOIÁS,IVOLÂNDIA,Cerrado
 1663357295 ,578282ba-db3b-3075-8955-372494f3b647,  -16.504760 ,  -50.864030 ,2023-12-07 17:06:00,Brasil,GOIÁS,IVOLÂNDIA,Cerrado
 1663357297 ,e454d8fe-a119-3a66-a340-e1d33efed402,  -16.243020 ,  -48.718390 ,2023-12-07 17:06:00,Brasil,GOIÁS,ABADIÂNIA,Cerrado
 1663357301 ,865a4421-1f4a-31ad-837f-6d480cd178fb,  -15.885220 ,  -51.879570 ,2023-12-07 17:09:00,Brasil,GOIÁS,ARAGARÇAS,Cerrado
 1663357314 ,ff9f8dca-5909-31b8-803f-eb3d8db46c65,  -15.101690 ,  -47.280780 ,2023-12-07 17:09:00,Brasil,GOIÁS,FORMOSA,Cerrado
 1663357315 ,11de558f-90b4-3fcc-aec2-9e468e2057c5,  -14.835050 ,  -51.045630 ,2023-12-07 17:09:00,Brasil,GOIÁS,ARUANÃ,Cerrado
 1663357317 ,005669a1-21a9-31d8-aace-85486b53aacc,  -14.506150 ,  -49.496300 ,2023-12-07 17:09:00,Brasil,GOIÁS,PILAR DE GOIÁS,Cerrado
 1663357318 ,0ab17044-5c09-3acf-9893-393c7834795f,  -14.504490 ,  -49.483110 ,2023-12-07 17:09:00,Brasil,GOIÁS,PILAR DE GOIÁS,Cerrado
 1663357319 ,db2f0a26-f0df-34ff-87c8-556a14db6e48,  -14.500580 ,  -49.489210 ,2023-12-07 17:09:00,Brasil,GOIÁS,PILAR DE GOIÁS,Cerrado
 1663357322 ,dd3066c4-0af7-39fb-9f57-c343435a9754,  -14.244370 ,  -46.409480 ,2023-12-07 17:09:00,Brasil,GOIÁS,POSSE,Cerrado
 1663357324 ,876ffb50-4815-3e96-89c5-d03eac5a013e,  -13.936490 ,  -46.579920 ,2023-12-07 17:09:00,Brasil,GOIÁS,GUARANI DE GOIÁS,Cerrado
 1663357326 ,4ab67c30-5f02-315d-8447-8d0c9162b052,  -13.682970 ,  -48.937450 ,2023-12-07 17:09:00,Brasil,GOIÁS,FORMOSO,Cerrado
 1663357327 ,73f2c0b3-9562-3d90-bc56-4f11e422068e,  -13.603670 ,  -46.246630 ,2023-12-07 17:09:00,Brasil,GOIÁS,SÃO DOMINGOS,Cerrado
 1663357328 ,a0be00d6-77ef-3b6a-a38a-1965f2dacc1d,  -13.602350 ,  -46.237430 ,2023-12-07 17:09:00,Brasil,GOIÁS,SÃO DOMINGOS,Cerrado
 1663357329 ,ce0460a8-7ad4-39d8-bb9e-4781261db274,  -13.594730 ,  -46.247980 ,2023-12-07 17:09:00,Brasil,GOIÁS,SÃO DOMINGOS,Cerrado
 1663357330 ,8a19726a-3d7b-38cf-b478-de9e7ed3978d,  -13.588000 ,  -48.381530 ,2023-12-07 17:09:00,Brasil,GOIÁS,MINAÇU,Cerrado
 1663357331 ,19175654-9dfe-3287-acfc-b0946e250440,  -13.578290 ,  -48.383030 ,2023-12-07 17:09:00,Brasil,GOIÁS,MINAÇU,Cerrado
 1663357332 ,54515f31-2a4c-3fd5-a4e8-f98cdde20b33,  -13.574780 ,  -48.283670 ,2023-12-07 17:09:00,Brasil,GOIÁS,MINAÇU,Cerrado
 1663357334 ,f69bee58-7279-304b-8e5a-de86b62d0879,  -13.334530 ,  -46.484260 ,2023-12-07 17:09:00,Brasil,GOIÁS,DIVINÓPOLIS DE GOIÁS,Cerrado
 1663357335 ,531536d0-30fc-35e6-b12d-6db02562f71c,  -13.298580 ,  -48.210610 ,2023-12-07 17:09:00,Brasil,GOIÁS,MINAÇU,Cerrado
 1663580923 ,35ab626e-9f0f-3a42-8dd5-47c04642ab46,  -13.642500 ,  -46.395180 ,2023-12-09 16:54:00,Brasil,GOIÁS,SÃO DOMINGOS,Cerrado
 1663580924 ,7b232ee3-ac02-33d1-8271-87b1c033221a,  -13.641610 ,  -46.402160 ,2023-12-09 16:54:00,Brasil,GOIÁS,SÃO DOMINGOS,Cerrado
 1663580925 ,39ef36fb-9ebf-310b-90fe-73785b763d34,  -13.639710 ,  -46.387730 ,2023-12-09 16:54:00,Brasil,GOIÁS,SÃO DOMINGOS,Cerrado
 1663580926 ,dff65318-9866-349c-8ce0-a5b13baecf64,  -13.631430 ,  -46.396900 ,2023-12-09 16:54:00,Brasil,GOIÁS,SÃO DOMINGOS,Cerrado
 1663580927 ,05fc3f91-e7cd-395d-aced-a5e8e95a0ee2,  -13.630560 ,  -46.403980 ,2023-12-09 16:54:00,Brasil,GOIÁS,SÃO DOMINGOS,Cerrado
 1663580928 ,cc2c0a9c-e228-3baf-91d1-70408aecfecd,  -13.628620 ,  -46.389180 ,2023-12-09 16:54:00,Brasil,GOIÁS,SÃO DOMINGOS,Cerrado
 1663580930 ,9d06637d-1363-3455-b062-9184bc8301fc,  -18.195820 ,  -47.693950 ,2023-12-09 16:52:00,Brasil,GOIÁS,OUVIDOR,Cerrado
 1663581073 ,729cd261-eaba-3ba0-9434-c61c861db837,  -13.920950 ,  -48.722720 ,2023-12-09 16:54:00,Brasil,GOIÁS,CAMPINAÇU,Cerrado
 1663581074 ,70f899bd-ccc8-3432-9987-66b38a6c9eed,  -17.854150 ,  -49.892640 ,2023-12-09 16:52:00,Brasil,GOIÁS,GOIATUBA,Cerrado
 1663581133 ,8f4c014b-6c42-3765-a13b-4bc294f62641,  -16.628120 ,  -50.894080 ,2023-12-09 16:52:00,Brasil,GOIÁS,IVOLÂNDIA,Cerrado
 1663689245 ,f7dcdf9a-2c6e-34d6-b3fc-08886ca07e8a,  -17.967170 ,  -49.075850 ,2023-12-10 17:34:00,Brasil,GOIÁS,BURITI ALEGRE,Cerrado
 1663689246 ,5655f873-eb0d-31e3-9e98-1771f8275ca8,  -17.535580 ,  -50.732230 ,2023-12-10 17:34:00,Brasil,GOIÁS,SANTO ANTÔNIO DA BARRA,Cerrado
 1663689247 ,9960a48b-0ad9-395b-97d2-80da80e0be4d,  -14.845590 ,  -48.850510 ,2023-12-10 17:34:00,Brasil,GOIÁS,BARRO ALTO,Cerrado
 1663689249 ,d5f1de95-352e-32e1-9515-67e449fe2cb7,  -14.344660 ,  -50.238220 ,2023-12-10 17:34:00,Brasil,GOIÁS,CRIXÁS,Cerrado
 1663689250 ,43122ac7-fe10-3c4b-b042-882027fe116b,  -14.343140 ,  -50.228330 ,2023-12-10 17:34:00,Brasil,GOIÁS,CRIXÁS,Cerrado
 1663886452 ,d547b5e9-8109-306e-b7d0-2fed2b98af76,  -18.363440 ,  -52.515510 ,2023-12-12 17:19:00,Brasil,GOIÁS,CHAPADÃO DO CÉU,Cerrado
 1663886456 ,fa4f2d85-0d91-36c6-ae61-4a1fdb3f0ba5,  -18.211370 ,  -52.110880 ,2023-12-12 17:19:00,Brasil,GOIÁS,SERRANÓPOLIS,Cerrado
 1663886459 ,b022154e-bdc3-3e6b-b31a-84e2688d7e6d,  -17.865770 ,  -48.982830 ,2023-12-12 17:19:00,Brasil,GOIÁS,MORRINHOS,Cerrado
 1663886460 ,cf1d6888-4dd9-3f33-975c-c2569519fe86,  -17.853190 ,  -52.921960 ,2023-12-12 17:19:00,Brasil,GOIÁS,MINEIROS,Cerrado
 1663886461 ,3633abf9-21bb-36d0-8461-a89c12e3ea1c,  -17.806300 ,  -50.210450 ,2023-12-12 17:19:00,Brasil,GOIÁS,PORTEIRÃO,Cerrado
 1663886462 ,5cf6991e-f8a4-314a-bd61-1ec8f9affcb0,  -17.569430 ,  -50.513500 ,2023-12-12 17:19:00,Brasil,GOIÁS,ACREÚNA,Cerrado
 1663886464 ,8bbd3d4d-314a-3b2a-9a05-c7a0b3b7787e,  -17.526650 ,  -51.588320 ,2023-12-12 17:19:00,Brasil,GOIÁS,RIO VERDE,Cerrado
 1663886465 ,2690fbab-bd65-3965-8979-0f27c6bf1fdd,  -17.372320 ,  -50.166030 ,2023-12-12 17:19:00,Brasil,GOIÁS,ACREÚNA,Cerrado
 1663886466 ,f52c2a63-cf15-33e7-b5f7-d066a2ef355b,  -17.357330 ,  -52.322760 ,2023-12-12 17:19:00,Brasil,GOIÁS,PEROLÂNDIA,Cerrado
 1663886467 ,9dfe5962-2b1e-3f46-9821-c4ecb79e059c,  -16.810620 ,  -50.946450 ,2023-12-12 17:19:00,Brasil,GOIÁS,PARAÚNA,Cerrado
 1663886468 ,57bd61af-1b04-311d-94f9-7bfdde70832a,  -16.802560 ,  -50.953170 ,2023-12-12 17:19:00,Brasil,GOIÁS,PARAÚNA,Cerrado
 1663886469 ,ed933957-4b3a-3e4e-be12-a945a6140c59,  -16.484910 ,  -51.568610 ,2023-12-12 17:19:00,Brasil,GOIÁS,ARENÓPOLIS,Cerrado
 1663886470 ,3188fc61-157b-3c01-91dd-2773c8e86837,  -16.081540 ,  -51.913250 ,2023-12-12 17:19:00,Brasil,GOIÁS,BOM JARDIM DE GOIÁS,Cerrado
 1663886471 ,91c16321-6605-35db-84d0-50b1edba389d,  -16.079800 ,  -51.899750 ,2023-12-12 17:19:00,Brasil,GOIÁS,BOM JARDIM DE GOIÁS,Cerrado
 1663886472 ,210ef351-31f0-3d3f-805e-ea00aa65d032,  -15.279550 ,  -48.440150 ,2023-12-12 17:19:00,Brasil,GOIÁS,PADRE BERNARDO,Cerrado
 1663886473 ,77f96a8e-4f58-3c89-ba4f-557131f2d172,  -14.663280 ,  -47.249870 ,2023-12-12 17:19:00,Brasil,GOIÁS,SÃO JOÃO D'ALIANÇA,Cerrado
 1663886478 ,1fc6d1af-83c7-3b64-ae77-0fe58a19bc3b,  -13.650150 ,  -48.899850 ,2023-12-12 17:19:00,Brasil,GOIÁS,FORMOSO,Cerrado
 1663886479 ,ca312158-a27c-3990-8705-041c95875386,  -13.537160 ,  -48.941520 ,2023-12-12 17:19:00,Brasil,GOIÁS,SANTA TEREZA DE GOIÁS,Cerrado
 1663886480 ,83431c98-b56f-38ed-bbdc-8116176ef813,  -13.366440 ,  -49.364610 ,2023-12-12 17:19:00,Brasil,GOIÁS,PORANGATU,Cerrado
 1663886481 ,0b2d4af1-df8c-3a61-9d67-9364ca214520,  -13.365110 ,  -49.355270 ,2023-12-12 17:19:00,Brasil,GOIÁS,PORANGATU,Cerrado
 1663886482 ,d1cdc518-7964-374b-8f8d-887364c4ddeb,  -13.282160 ,  -50.274310 ,2023-12-12 17:19:00,Brasil,GOIÁS,SÃO MIGUEL DO ARAGUAIA,Cerrado
 1664133819 ,c54cb9fd-7a30-3ef7-b69c-b59c3e9ffe97,  -16.865870 ,  -51.017040 ,2023-12-14 17:04:00,Brasil,GOIÁS,PARAÚNA,Cerrado
 1664133820 ,73896e74-a4fb-37ed-9fc2-1a3f25eccd23,  -16.817660 ,  -50.955460 ,2023-12-14 17:04:00,Brasil,GOIÁS,PARAÚNA,Cerrado
 1664133822 ,a5b4d8d8-cd38-35b4-8b32-089c7156d24d,  -16.629700 ,  -50.898780 ,2023-12-14 17:04:00,Brasil,GOIÁS,IVOLÂNDIA,Cerrado
 1664133823 ,fb0d3258-ada1-3d26-a8f4-4645080090cf,  -16.627180 ,  -50.876150 ,2023-12-14 17:04:00,Brasil,GOIÁS,IVOLÂNDIA,Cerrado
 1664133824 ,c66e614c-92fd-3cf1-90a3-773ca4f91946,  -16.618420 ,  -50.884460 ,2023-12-14 17:04:00,Brasil,GOIÁS,IVOLÂNDIA,Cerrado
 1664133839 ,c6ebc1c1-cc89-3283-ab40-7e04a0b13622,  -16.064060 ,  -49.329850 ,2023-12-14 17:04:00,Brasil,GOIÁS,PETROLINA DE GOIÁS,Cerrado
 1664133840 ,697910a8-75c6-39bf-898e-d0727fca196f,  -16.059470 ,  -49.323700 ,2023-12-14 17:04:00,Brasil,GOIÁS,PETROLINA DE GOIÁS,Cerrado
 1664133848 ,bd19ad19-0620-3397-9521-0b0a5fa16a67,  -15.763620 ,  -50.156570 ,2023-12-14 17:04:00,Brasil,GOIÁS,GOIÁS,Cerrado
 1664133858 ,68ddd418-7058-3d76-8d1a-7905197cd002,  -15.236360 ,  -50.965240 ,2023-12-14 17:04:00,Brasil,GOIÁS,ARUANÃ,Cerrado
 1664133859 ,993c9184-c287-3c46-8889-35223ee1d117,  -15.232280 ,  -50.960810 ,2023-12-14 17:04:00,Brasil,GOIÁS,ARUANÃ,Cerrado
 1664133864 ,eb0e7246-3217-338a-ba1d-8950f8863649,  -14.868610 ,  -47.104430 ,2023-12-14 17:04:00,Brasil,GOIÁS,VILA BOA,Cerrado
 1664133890 ,f89d07ab-20f6-38a3-8afd-930d9914e8a8,  -13.795960 ,  -46.704540 ,2023-12-14 17:04:00,Brasil,GOIÁS,SÃO DOMINGOS,Cerrado
 1664133892 ,68a609dc-12fc-37f4-989b-fd45eb4fffa2,  -13.645250 ,  -48.738670 ,2023-12-14 17:04:00,Brasil,GOIÁS,FORMOSO,Cerrado
 1664133894 ,a14ac98b-7e75-3b2a-be2e-de50dae736d1,  -13.274230 ,  -48.702580 ,2023-12-14 17:04:00,Brasil,GOIÁS,MONTIVIDIU DO NORTE,Cerrado
 1664133900 ,d37ff1e7-d2d0-3068-90d6-3eaa7f39b79e,  -13.081150 ,  -46.500800 ,2023-12-14 17:04:00,Brasil,GOIÁS,MONTE ALEGRE DE GOIÁS,Cerrado
 1664133904 ,84c80bbc-0e41-357f-911a-e82c380d1a9d,  -12.982360 ,  -46.378760 ,2023-12-14 17:04:00,Brasil,GOIÁS,CAMPOS BELOS,Cerrado
 1664234242 ,3db9c903-4a2a-3c26-8949-12d35bea19e7,  -17.800430 ,  -52.392180 ,2023-12-15 17:45:00,Brasil,GOIÁS,MINEIROS,Cerrado
 1664234410 ,a4bfc749-18ff-318d-aa3f-56d2ccb25495,  -18.417350 ,  -51.909770 ,2023-12-15 17:45:00,Brasil,GOIÁS,SERRANÓPOLIS,Cerrado
 1664234424 ,9995c9a1-2786-38ea-a190-fb153900996c,  -17.807890 ,  -50.211160 ,2023-12-15 17:45:00,Brasil,GOIÁS,PORTEIRÃO,Cerrado
 1664234429 ,3c217e51-6c83-3ca7-b0f5-443dbb3b38d8,  -16.754210 ,  -50.862870 ,2023-12-15 17:45:00,Brasil,GOIÁS,PARAÚNA,Cerrado
 1664234430 ,d48117be-f823-3c4b-8f60-483dc13a5645,  -16.634470 ,  -50.883880 ,2023-12-15 17:45:00,Brasil,GOIÁS,IVOLÂNDIA,Cerrado
 1664234431 ,3c2f47a1-857c-3184-a776-96306f69806a,  -15.030270 ,  -50.062450 ,2023-12-15 17:45:00,Brasil,GOIÁS,CRIXÁS,Cerrado
 1664323045 ,d97de647-4161-347c-aa6c-7722f556df43,  -15.478940 ,  -47.465500 ,2023-12-16 16:49:00,Brasil,GOIÁS,FORMOSA,Cerrado
 1664323046 ,5799e05c-89db-3426-9999-6a76db21e67a,  -15.465240 ,  -47.466980 ,2023-12-16 16:49:00,Brasil,GOIÁS,FORMOSA,Cerrado
 1664323047 ,d3c9a379-4d22-3a7a-b992-0b4943f0742c,  -17.273110 ,  -48.645750 ,2023-12-16 16:47:00,Brasil,GOIÁS,SANTA CRUZ DE GOIÁS,Cerrado
 1664323048 ,e11f9141-9324-38d4-926d-45445fbab0a7,  -17.270000 ,  -48.639130 ,2023-12-16 16:47:00,Brasil,GOIÁS,SANTA CRUZ DE GOIÁS,Cerrado
 1664422757 ,cb56e839-9a32-3af8-892e-bc04a2cebc7b,  -17.804580 ,  -50.206830 ,2023-12-17 17:28:00,Brasil,GOIÁS,PORTEIRÃO,Cerrado
 1664422758 ,cb4e2497-d329-328b-baa4-935c0c5897b0,  -17.547450 ,  -50.472330 ,2023-12-17 17:28:00,Brasil,GOIÁS,ACREÚNA,Cerrado
 1664422759 ,a95d21c3-8709-31fd-abb3-103c953db6aa,  -17.339140 ,  -50.112470 ,2023-12-17 17:28:00,Brasil,GOIÁS,INDIARA,Cerrado
 1664422760 ,1e098db1-30b2-3466-97be-110f6aac4aac,  -16.948300 ,  -49.208930 ,2023-12-17 17:28:00,Brasil,GOIÁS,HIDROLÂNDIA,Cerrado
 1664422767 ,f9830275-2ceb-341e-a54d-27430ff0025c,  -15.407210 ,  -49.448890 ,2023-12-17 17:28:00,Brasil,GOIÁS,SANTA ISABEL,Cerrado
 1664422769 ,c87d9c86-e0f4-351c-ac47-36255a735cc8,  -13.930510 ,  -48.707260 ,2023-12-17 17:30:00,Brasil,GOIÁS,CAMPINAÇU,Cerrado
 1664666613 ,7a42ac3e-ca5c-3fd3-a300-92ccdd7faea7,  -18.222220 ,  -50.538460 ,2023-12-19 17:13:00,Brasil,GOIÁS,QUIRINÓPOLIS,Cerrado
 1664666614 ,0ba3ed30-4ff0-3e11-a6f9-a3120c4b2eb4,  -18.166650 ,  -50.296000 ,2023-12-19 17:13:00,Brasil,GOIÁS,CASTELÂNDIA,Cerrado
 1664666615 ,4b52c21f-d27d-3c6e-b942-f7ddd9268c98,  -17.120610 ,  -49.905190 ,2023-12-19 17:13:00,Brasil,GOIÁS,INDIARA,Cerrado
 1664666618 ,3fb63baf-c24a-39b4-8e98-21264a8b61f1,  -16.657890 ,  -52.590780 ,2023-12-19 17:13:00,Brasil,GOIÁS,DOVERLÂNDIA,Cerrado
 1664666621 ,90b63dad-ef1f-3f7e-bad5-ccfe557ff588,  -16.411900 ,  -47.852860 ,2023-12-19 17:13:00,Brasil,GOIÁS,LUZIÂNIA,Cerrado
 1664666623 ,c5e169f8-4641-3fbd-9359-260995be321c,  -16.092290 ,  -52.193850 ,2023-12-19 17:13:00,Brasil,GOIÁS,BOM JARDIM DE GOIÁS,Cerrado
 1664666628 ,2072bb7e-efdb-3305-9647-3ee77627c84d,  -14.538230 ,  -50.816450 ,2023-12-19 17:13:00,Brasil,GOIÁS,NOVA CRIXÁS,Cerrado
 1664666629 ,9929010a-fb20-302d-9213-b57f826532ee,  -14.536560 ,  -50.803430 ,2023-12-19 17:13:00,Brasil,GOIÁS,NOVA CRIXÁS,Cerrado
 1665191887 ,0a094b7b-ef5f-3f37-9908-8e51536b7d7c,  -18.231330 ,  -50.188380 ,2023-12-24 17:24:00,Brasil,GOIÁS,QUIRINÓPOLIS,Mata Atlântica
 1665191888 ,21d8df03-fe18-3ab7-b5cb-8e8e8be8b27f,  -18.083300 ,  -50.042160 ,2023-12-24 17:24:00,Brasil,GOIÁS,GOIATUBA,Cerrado
 1665191889 ,4c4c718d-ed45-32cc-9f67-03a53693143d,  -18.025150 ,  -50.289230 ,2023-12-24 17:24:00,Brasil,GOIÁS,TURVELÂNDIA,Cerrado
 1665409400 ,0a7aa45a-8cba-30ca-8c60-5b8435503163,  -17.656930 ,  -49.438270 ,2023-12-26 17:09:00,Brasil,GOIÁS,ALOÂNDIA,Cerrado
 1665409411 ,7bccaa7c-0fd3-329a-acae-f15c8557b841,  -14.341440 ,  -46.542180 ,2023-12-26 17:09:00,Brasil,GOIÁS,POSSE,Cerrado
 1665409412 ,08c7a4d4-6e81-3298-a59e-139dbd7a9e33,  -14.110150 ,  -46.594890 ,2023-12-26 17:09:00,Brasil,GOIÁS,IACIARA,Cerrado
 1665409415 ,c3359735-7b1d-3dda-9219-5139d10a26a2,  -13.725290 ,  -46.868280 ,2023-12-26 17:09:00,Brasil,GOIÁS,NOVA ROMA,Cerrado
 1665409416 ,172aa37a-211e-332d-9d3e-2357b129b305,  -13.711870 ,  -50.165110 ,2023-12-26 17:09:00,Brasil,GOIÁS,MUNDO NOVO,Cerrado
 1665409417 ,2b7e1964-f337-3436-97b8-d2d685b0b9cb,  -13.710240 ,  -50.170690 ,2023-12-26 17:09:00,Brasil,GOIÁS,MUNDO NOVO,Cerrado
 1665631026 ,7247f7c2-497b-34ea-b05b-7e2a641e26fc,  -18.516670 ,  -50.235170 ,2023-12-28 16:54:00,Brasil,GOIÁS,GOUVELÂNDIA,Mata Atlântica
 1665631027 ,4f6acb85-a98a-350a-ab3e-6ee05c526369,  -17.877820 ,  -50.417720 ,2023-12-28 16:54:00,Brasil,GOIÁS,TURVELÂNDIA,Cerrado
 1665631028 ,849f8f01-3cf0-3614-93df-a6b3781d2681,  -17.772610 ,  -50.930230 ,2023-12-28 16:54:00,Brasil,GOIÁS,RIO VERDE,Cerrado
 1665631039 ,f5a2d559-99ce-3331-86f0-6c9bd7d6f2b7,  -15.257270 ,  -51.566820 ,2023-12-28 16:54:00,Brasil,GOIÁS,JUSSARA,Cerrado
 1665631051 ,72b8ac62-5639-3708-a715-7c0107eb0086,  -14.411060 ,  -50.699200 ,2023-12-28 16:54:00,Brasil,GOIÁS,NOVA CRIXÁS,Cerrado
 1665631056 ,8e518e87-eb5f-32ee-85bf-ea8a0f0f7d70,  -13.953270 ,  -50.501210 ,2023-12-28 16:54:00,Brasil,GOIÁS,NOVA CRIXÁS,Cerrado
 1665631066 ,fdcebef4-3430-34e0-bf3d-e34deddfb006,  -13.292630 ,  -49.725890 ,2023-12-28 16:54:00,Brasil,GOIÁS,NOVO PLANALTO,Cerrado
 1665772478 ,b09554c6-97c8-3f41-a2a4-add9b6dd635f,  -17.788370 ,  -52.330700 ,2023-12-29 17:34:00,Brasil,GOIÁS,MINEIROS,Cerrado
 1665772492 ,833c6c40-680f-3eb8-8302-a70e1d051572,  -17.787030 ,  -52.321080 ,2023-12-29 17:34:00,Brasil,GOIÁS,MINEIROS,Cerrado
 1665772525 ,ccdd2167-03c7-3f11-a1c2-991f3bb4fd70,  -18.017440 ,  -50.479240 ,2023-12-29 17:34:00,Brasil,GOIÁS,MAURILÂNDIA,Cerrado
 1665772527 ,10294f94-d915-330f-9cc0-2c2785cd86f0,  -17.555320 ,  -52.443770 ,2023-12-29 17:34:00,Brasil,GOIÁS,MINEIROS,Cerrado
 1665772528 ,f84c28d6-933d-3be3-80e9-8d02987bfd8c,  -17.553990 ,  -52.434230 ,2023-12-29 17:34:00,Brasil,GOIÁS,MINEIROS,Cerrado
 1665772529 ,735d2dc4-c1c5-385e-8ce4-a09caf4e7936,  -17.467250 ,  -51.054150 ,2023-12-29 17:34:00,Brasil,GOIÁS,MONTIVIDIU,Cerrado
 1665772530 ,cf6158a3-811c-349f-bc88-a0ff48e3c677,  -16.197200 ,  -52.078210 ,2023-12-29 17:34:00,Brasil,GOIÁS,BOM JARDIM DE GOIÁS,Cerrado
 1665772531 ,edceeb23-5718-3b73-a5f3-0bc501cb251f,  -16.195870 ,  -52.068950 ,2023-12-29 17:34:00,Brasil,GOIÁS,BOM JARDIM DE GOIÁS,Cerrado
 1665772532 ,3216c2c6-b0c2-3c06-aaf7-ce65293e05d1,  -15.756460 ,  -51.011450 ,2023-12-29 17:34:00,Brasil,GOIÁS,SANTA FÉ DE GOIÁS,Cerrado
 1665772533 ,820fafa4-dfea-3e3c-940c-6830923ca20a,  -15.678440 ,  -51.482650 ,2023-12-29 17:34:00,Brasil,GOIÁS,JUSSARA,Cerrado
 1665772534 ,364f6241-1aa0-3271-9a79-cf7e9d2bf8a7,  -14.527970 ,  -50.816830 ,2023-12-29 17:36:00,Brasil,GOIÁS,NOVA CRIXÁS,Cerrado
 1665902618 ,345cfd1c-88ec-383e-85a1-dafdd48b3fe9,  -14.673600 ,  -46.076080 ,2023-12-30 16:39:00,Brasil,GOIÁS,SÍTIO D'ABADIA,Cerrado
