id_bdq,foco_id,lat,lon,data_pas,pais,estado,municipio,bioma
 1615095644 ,5bdd497c-fac1-3d27-a48e-aed2421d1098,   -6.715050 ,  -38.033370 ,2023-01-03 16:20:00,Brasil,PARAÍBA,APARECIDA,Caatinga
 1615095649 ,5f482d66-cfce-38b9-8e86-6cc7697b44dd,   -6.716340 ,  -38.042340 ,2023-01-03 16:20:00,Brasil,PARAÍBA,APARECIDA,Caatinga
 1615095654 ,0f1638ef-df0c-399d-a640-dc1d75d8e70d,   -6.813100 ,  -38.334990 ,2023-01-03 16:20:00,Brasil,PARAÍBA,MARIZÓPOLIS,Caatinga
 1615095662 ,e84f8d60-7d08-36d5-9edd-249324ba0d1c,   -7.207620 ,  -38.391480 ,2023-01-03 16:20:00,Brasil,PARAÍBA,SERRA GRANDE,Caatinga
 1615095674 ,5e48792f-e382-363d-b63d-16bac3627993,   -7.208910 ,  -38.400540 ,2023-01-03 16:20:00,Brasil,PARAÍBA,SERRA GRANDE,Caatinga
 1615095686 ,905a8e32-353a-309d-b49c-fbaa16b89432,   -7.295900 ,  -38.104540 ,2023-01-03 16:17:00,Brasil,PARAÍBA,ITAPORANGA,Caatinga
 1615095800 ,c0ae36c4-9e91-348b-942b-77b547fc8ba6,   -6.387620 ,  -38.509850 ,2023-01-03 16:20:00,Brasil,PARAÍBA,POÇO DANTAS,Caatinga
 1615095801 ,ad94500e-f82d-37a7-b89a-7814e41692b5,   -6.568520 ,  -38.167780 ,2023-01-03 16:20:00,Brasil,PARAÍBA,LASTRO,Caatinga
 1615095803 ,e97cf7fc-8b57-3db4-b6a9-add16d622a1d,   -6.578680 ,  -38.111320 ,2023-01-03 16:20:00,Brasil,PARAÍBA,SANTA CRUZ,Caatinga
 1615095808 ,7c19a486-d2d5-3877-a4b1-3fe78b0c6c7d,   -6.638170 ,  -37.816120 ,2023-01-03 16:20:00,Brasil,PARAÍBA,LAGOA,Caatinga
 1615355298 ,1f464c0b-1d98-34b9-b2f1-c66dfc223b48,   -6.532440 ,  -37.879890 ,2023-01-05 16:05:00,Brasil,PARAÍBA,JERICÓ,Caatinga
 1615355305 ,e8a292f8-c881-3109-bf69-54a5ed6a0b5b,   -6.988490 ,  -37.989630 ,2023-01-05 16:05:00,Brasil,PARAÍBA,COREMAS,Caatinga
 1615355306 ,efbee931-e91b-335a-a86c-f26a5c87298a,   -7.036710 ,  -38.409150 ,2023-01-05 16:05:00,Brasil,PARAÍBA,SÃO JOSÉ DE PIRANHAS,Caatinga
 1615355307 ,5fe56d10-231b-3b24-8410-da794e0e8198,   -7.039860 ,  -38.403410 ,2023-01-05 16:05:00,Brasil,PARAÍBA,SÃO JOSÉ DE PIRANHAS,Caatinga
 1615355309 ,b5e56a1b-8978-3b3b-8069-7b4bfd98314b,   -7.129910 ,  -38.225500 ,2023-01-05 16:05:00,Brasil,PARAÍBA,IGARACY,Caatinga
 1615355311 ,8eaa270c-8c7e-3128-9440-216f5e3bd56f,   -7.434140 ,  -37.534520 ,2023-01-05 16:05:00,Brasil,PARAÍBA,IMACULADA,Caatinga
 1615355329 ,b6b80a76-c121-3666-aa20-741ba44072b4,   -7.649550 ,  -37.998640 ,2023-01-05 16:05:00,Brasil,PARAÍBA,PRINCESA ISABEL,Caatinga
 1615355345 ,c3f6f56e-bfa6-3cee-8c3d-4e47a18a3305,   -7.806450 ,  -38.086890 ,2023-01-05 16:05:00,Brasil,PARAÍBA,SÃO JOSÉ DE PRINCESA,Caatinga
 1615355393 ,dbffa5b1-8ff9-3d9c-9629-d55cba30ba78,   -6.495640 ,  -35.504010 ,2023-01-05 16:05:00,Brasil,PARAÍBA,TACIMA,Caatinga
 1615488577 ,95348546-5a82-353e-b41d-1c27317d1adc,   -7.538820 ,  -38.095980 ,2023-01-06 16:47:00,Brasil,PARAÍBA,CURRAL VELHO,Caatinga
 1615614376 ,10380fa7-b17c-3a57-a0c7-e6ca84f22dd7,   -6.401420 ,  -38.477860 ,2023-01-07 15:52:00,Brasil,PARAÍBA,POÇO DANTAS,Caatinga
 1615614385 ,98afe843-553c-3a81-b418-22529ca92cb1,   -7.187160 ,  -38.536150 ,2023-01-07 15:52:00,Brasil,PARAÍBA,MONTE HOREBE,Caatinga
 1615614386 ,d455f69c-3306-3f7d-9510-a4b33d9569ed,   -7.433530 ,  -35.407180 ,2023-01-07 15:52:00,Brasil,PARAÍBA,SALGADO DE SÃO FÉLIX,Mata Atlântica
 1615614389 ,20a958ba-c166-3df1-8788-3425caf8a5dd,   -7.487050 ,  -38.257920 ,2023-01-07 15:52:00,Brasil,PARAÍBA,DIAMANTE,Caatinga
 1615729906 ,b5ab1a86-1ad3-3c3f-9f80-f8494e82f2cb,   -6.547820 ,  -37.776050 ,2023-01-08 16:34:00,Brasil,PARAÍBA,JERICÓ,Caatinga
 1615729915 ,638e8dff-afe6-3a66-802a-0cc6052f846a,   -7.572580 ,  -38.548310 ,2023-01-08 16:34:00,Brasil,PARAÍBA,CONCEIÇÃO,Caatinga
 1615832031 ,97aaf4bb-0800-3231-8ea5-d57c44df619b,   -6.400290 ,  -38.469840 ,2023-01-09 15:39:00,Brasil,PARAÍBA,UIRAÚNA,Caatinga
 1615832035 ,7add4ba8-26d5-3ce3-9ece-dc71c1f351eb,   -6.401230 ,  -38.477810 ,2023-01-09 15:39:00,Brasil,PARAÍBA,POÇO DANTAS,Caatinga
 1615832036 ,1268ad5d-c277-340d-a251-65a63033dea6,   -6.405810 ,  -38.513210 ,2023-01-09 15:39:00,Brasil,PARAÍBA,POÇO DANTAS,Caatinga
 1615977693 ,c67eb645-908e-386c-9870-eac2af827e1b,   -6.283800 ,  -37.595830 ,2023-01-10 16:22:00,Brasil,PARAÍBA,BREJO DO CRUZ,Caatinga
 1615977694 ,2bcddc6a-bb5c-393d-9f17-38f1054e0a79,   -6.285130 ,  -37.604980 ,2023-01-10 16:22:00,Brasil,PARAÍBA,BREJO DO CRUZ,Caatinga
 1615977699 ,11c471aa-7c3f-3842-9e37-c3ccacec5b0c,   -6.455840 ,  -38.457290 ,2023-01-10 16:22:00,Brasil,PARAÍBA,JOCA CLAUDINO,Caatinga
 1615977700 ,1bbbd595-3413-3f47-8a00-cadb3067dd3b,   -6.457140 ,  -38.466230 ,2023-01-10 16:22:00,Brasil,PARAÍBA,JOCA CLAUDINO,Caatinga
 1615977705 ,d4f9d7b6-1cd3-382d-b7f0-0dc6b4def795,   -6.723630 ,  -38.024760 ,2023-01-10 16:22:00,Brasil,PARAÍBA,POMBAL,Caatinga
 1615977706 ,eb43938e-efe6-33b1-b679-b4f99ae5bc74,   -6.724940 ,  -38.033740 ,2023-01-10 16:22:00,Brasil,PARAÍBA,APARECIDA,Caatinga
 1615977707 ,22d4116d-1ee9-3595-afb3-4c05605b163a,   -7.067060 ,  -38.105410 ,2023-01-10 16:22:00,Brasil,PARAÍBA,AGUIAR,Caatinga
 1615977709 ,e9e91a72-a3be-3164-b4c0-96b9eaab4735,   -7.076010 ,  -38.104090 ,2023-01-10 16:22:00,Brasil,PARAÍBA,AGUIAR,Caatinga
 1615977710 ,cf63da06-4b27-3d95-b84f-9ada044cbce7,   -7.106600 ,  -38.062900 ,2023-01-10 16:22:00,Brasil,PARAÍBA,IGARACY,Caatinga
 1615977711 ,11cb6a63-434b-3f68-8c9a-cbbb917080bf,   -7.516920 ,  -38.481250 ,2023-01-10 16:22:00,Brasil,PARAÍBA,CONCEIÇÃO,Caatinga
 1615977713 ,3b375651-81e8-3ccf-b5ca-8a8fd0e7a86b,   -7.675740 ,  -37.917070 ,2023-01-10 16:22:00,Brasil,PARAÍBA,TAVARES,Caatinga
 1615977714 ,101a7a48-a2ea-3ff5-9514-eee5edf27f3a,   -7.728890 ,  -38.547760 ,2023-01-10 16:22:00,Brasil,PARAÍBA,SANTA INÊS,Caatinga
 1616190368 ,0dcdcc7d-a770-326d-a243-4268b43824c0,   -7.165990 ,  -35.535840 ,2023-01-12 16:07:00,Brasil,PARAÍBA,GURINHÉM,Caatinga
 1616190369 ,0d826b1a-f65f-3322-83d9-a8aeea7bae4a,   -7.217080 ,  -37.807470 ,2023-01-12 16:07:00,Brasil,PARAÍBA,OLHO D'ÁGUA,Caatinga
 1616190370 ,6d778a1b-4fc1-3e7e-b171-cc74e89c2e8f,   -7.337130 ,  -37.444980 ,2023-01-12 16:07:00,Brasil,PARAÍBA,IMACULADA,Caatinga
 1616190374 ,19746d0a-2748-3b86-a9b0-9101173fb849,   -7.341740 ,  -37.448410 ,2023-01-12 16:07:00,Brasil,PARAÍBA,IMACULADA,Caatinga
 1616743355 ,88ab6744-0fa3-3a6a-af78-fd9ca4528656,   -6.414320 ,  -37.763120 ,2023-01-17 16:24:00,Brasil,PARAÍBA,CATOLÉ DO ROCHA,Caatinga
 1616743356 ,71f8fa78-6330-3223-bc27-3a4be9b78a32,   -6.415710 ,  -37.772580 ,2023-01-17 16:24:00,Brasil,PARAÍBA,CATOLÉ DO ROCHA,Caatinga
 1616984586 ,028a7e1e-e52c-340b-9e3f-411605b42a3e,   -7.225270 ,  -38.024480 ,2023-01-19 16:09:00,Brasil,PARAÍBA,PIANCÓ,Caatinga
 1616984587 ,c0259da5-72e9-3f9d-8b19-0dc348eba8ce,   -7.229390 ,  -38.028870 ,2023-01-19 16:09:00,Brasil,PARAÍBA,PIANCÓ,Caatinga
 1616984588 ,68c190e1-3688-3e85-91fb-22228f6c6cf0,   -7.227970 ,  -38.018520 ,2023-01-19 16:09:00,Brasil,PARAÍBA,PIANCÓ,Caatinga
 1617348550 ,17943afe-036e-32bf-bbed-db814f361a9e,   -7.128270 ,  -35.500660 ,2023-01-23 15:43:00,Brasil,PARAÍBA,GURINHÉM,Caatinga
 1617348551 ,5b496096-7071-3e3c-8fa4-26d6de4f1347,   -7.354210 ,  -35.639210 ,2023-01-23 15:43:00,Brasil,PARAÍBA,ITATUBA,Caatinga
 1617410002 ,85f158fe-9f7d-3919-94cf-c971e40d5f51,   -7.149850 ,  -35.081920 ,2023-01-24 16:26:00,Brasil,PARAÍBA,CRUZ DO ESPÍRITO SANTO,Mata Atlântica
 1617653529 ,66e5b641-1a0d-3a8c-8a62-85e03164b9aa,   -7.267870 ,  -35.055150 ,2023-01-26 16:13:00,Brasil,PARAÍBA,PEDRAS DE FOGO,Mata Atlântica
 1617653534 ,376717f4-6547-3596-b223-abba62372f11,   -7.266180 ,  -38.064850 ,2023-01-26 16:13:00,Brasil,PARAÍBA,PIANCÓ,Caatinga
 1617653538 ,654a7bdf-d4eb-34d3-bc7c-9fb8a54fb7c8,   -7.266630 ,  -35.488640 ,2023-01-26 16:13:00,Brasil,PARAÍBA,MOGEIRO,Caatinga
 1617653543 ,ccfe58ae-19b4-3d34-afdb-d32ae0658287,   -7.269240 ,  -35.064490 ,2023-01-26 16:13:00,Brasil,PARAÍBA,PEDRAS DE FOGO,Mata Atlântica
 1617653549 ,f7c08a1b-862b-39bc-bb37-185796c75a31,   -7.278340 ,  -35.063050 ,2023-01-26 16:13:00,Brasil,PARAÍBA,PEDRAS DE FOGO,Mata Atlântica
 1617653564 ,847cabb5-96ef-3856-b5f9-6ed5ff534c25,   -7.492640 ,  -35.711420 ,2023-01-26 16:13:00,Brasil,PARAÍBA,AROEIRAS,Caatinga
 1617867884 ,57904667-af88-3821-a9ea-f477b6231938,   -6.650290 ,  -35.385360 ,2023-01-28 16:00:00,Brasil,PARAÍBA,LAGOA DE DENTRO,Caatinga
 1617867885 ,73e64465-d536-3a6c-9977-b17152d3477a,   -6.786050 ,  -35.115110 ,2023-01-28 16:00:00,Brasil,PARAÍBA,RIO TINTO,Mata Atlântica
 1617867886 ,dd7cf1d4-f522-31f4-95de-af00ecaeb402,   -7.212980 ,  -35.444210 ,2023-01-28 16:00:00,Brasil,PARAÍBA,GURINHÉM,Caatinga
 1617978679 ,187c379b-e1e6-3eb5-9eff-2983ca7a5ea7,   -7.128290 ,  -35.060880 ,2023-01-29 16:41:00,Brasil,PARAÍBA,CRUZ DO ESPÍRITO SANTO,Mata Atlântica
 1617978680 ,22fc2a71-edb4-3248-988f-181080c42abb,   -7.130430 ,  -35.068150 ,2023-01-29 16:41:00,Brasil,PARAÍBA,CRUZ DO ESPÍRITO SANTO,Mata Atlântica
 1618206643 ,c5dd4d24-a03c-3688-b2ea-58cb9aeee9f5,   -7.573890 ,  -38.034630 ,2023-01-31 16:28:00,Brasil,PARAÍBA,PRINCESA ISABEL,Caatinga
 1618218505 ,6b4e787d-928d-3432-8445-abab4d97ec6b,   -7.826810 ,  -38.239260 ,2023-01-31 16:28:00,Brasil,PARAÍBA,MANAÍRA,Caatinga
 1618218509 ,546447a5-714a-3cd4-ba6f-7ba6ae6bc4a0,   -6.555280 ,  -35.576090 ,2023-01-31 16:28:00,Brasil,PARAÍBA,DONA INÊS,Caatinga
 1618313297 ,663ccd2b-ce39-33eb-b26f-0ab66f551a3c,   -7.580890 ,  -35.609150 ,2023-02-01 15:35:00,Brasil,PARAÍBA,AROEIRAS,Caatinga
 1618313298 ,27baadb4-b611-3623-b11d-1116c5f87742,   -7.576350 ,  -35.573060 ,2023-02-01 15:35:00,Brasil,PARAÍBA,NATUBA,Caatinga
 1618427255 ,6b686cee-6b5e-355d-933f-579160878e56,   -6.947990 ,  -34.868880 ,2023-02-02 16:17:00,Brasil,PARAÍBA,LUCENA,Mata Atlântica
 1618427316 ,6a46ec2f-fbcf-3c34-b880-6aa7136960be,   -7.430630 ,  -38.077450 ,2023-02-02 16:17:00,Brasil,PARAÍBA,PEDRA BRANCA,Caatinga
 1618427364 ,11d8bdea-6cb1-372b-b22b-f4c9a1f10f30,   -7.659410 ,  -37.166560 ,2023-02-02 16:15:00,Brasil,PARAÍBA,OURO VELHO,Caatinga
 1618720240 ,fde89a47-e5de-31df-ab29-0a2258c67f07,   -6.693200 ,  -35.449310 ,2023-02-04 16:02:00,Brasil,PARAÍBA,SERRA DA RAIZ,Caatinga
 1618720241 ,7874ffc0-f36f-3511-bbc3-068cc4d12cc4,   -6.792490 ,  -38.287030 ,2023-02-04 16:02:00,Brasil,PARAÍBA,SOUSA,Caatinga
 1618720244 ,bd3dd24f-dc6b-3ece-9abf-a9a71b13cf1c,   -7.984970 ,  -37.181990 ,2023-02-04 16:02:00,Brasil,PARAÍBA,MONTEIRO,Caatinga
 1619125818 ,b8cbe922-c9eb-36f0-9ccc-3d06068e2057,   -7.446510 ,  -35.402330 ,2023-02-07 16:32:00,Brasil,PARAÍBA,SALGADO DE SÃO FÉLIX,Mata Atlântica
 1619406316 ,30ee6181-73f3-3e67-85f4-a049be686aeb,   -6.399330 ,  -37.849340 ,2023-02-09 16:20:00,Brasil,PARAÍBA,BREJO DOS SANTOS,Caatinga
 1619406319 ,61c630fd-2fe8-3931-8a41-981a2c17ccd5,   -6.507410 ,  -37.965370 ,2023-02-09 16:20:00,Brasil,PARAÍBA,BOM SUCESSO,Caatinga
 1619406320 ,b8af57c6-e9d8-3494-b48f-ec3c305610f0,   -6.775790 ,  -36.893580 ,2023-02-09 16:20:00,Brasil,PARAÍBA,SÃO JOSÉ DO SABUGI,Caatinga
 1619406322 ,1bb8cd5f-fb55-3a48-9ae9-ef4893fed2e9,   -6.819430 ,  -37.956170 ,2023-02-09 16:20:00,Brasil,PARAÍBA,SÃO DOMINGOS,Caatinga
 1619406323 ,fe08cd2d-8d06-3ee2-b060-21f0c32195d8,   -6.820720 ,  -37.965180 ,2023-02-09 16:20:00,Brasil,PARAÍBA,SÃO DOMINGOS,Caatinga
 1619669547 ,819a105c-7997-38eb-b586-2e1db2147227,   -6.431070 ,  -37.697970 ,2023-02-11 16:05:00,Brasil,PARAÍBA,RIACHO DOS CAVALOS,Caatinga
 1619669548 ,998d00a8-2e63-37bf-acdb-3a7f7bda1fa8,   -6.567280 ,  -37.581840 ,2023-02-11 16:05:00,Brasil,PARAÍBA,PAULISTA,Caatinga
 1619669553 ,600156fe-e7d1-3d06-8ce6-ab835aac9d33,   -6.915330 ,  -37.648780 ,2023-02-11 16:05:00,Brasil,PARAÍBA,CONDADO,Caatinga
 1619669554 ,25ffc524-b487-38ff-9a66-f44e98596954,   -6.947320 ,  -38.518770 ,2023-02-11 16:05:00,Brasil,PARAÍBA,CAJAZEIRAS,Caatinga
 1619807995 ,5e162bfa-beb3-3795-b0f1-a80d152f919a,   -7.589910 ,  -38.397770 ,2023-02-12 16:47:00,Brasil,PARAÍBA,IBIARA,Caatinga
 1619807998 ,bcb2f07f-e9dd-34b8-bcea-bbf90115577a,   -7.590810 ,  -38.390180 ,2023-02-12 16:47:00,Brasil,PARAÍBA,IBIARA,Caatinga
 1620140489 ,89267e7d-0221-31d4-9c0f-d512db812395,   -7.480520 ,  -35.534560 ,2023-02-14 16:34:00,Brasil,PARAÍBA,NATUBA,Caatinga
 1620718797 ,119bb16e-9fa2-3272-b80b-7b901c5ae873,   -7.329210 ,  -35.191070 ,2023-02-18 16:07:00,Brasil,PARAÍBA,JURIPIRANGA,Mata Atlântica
 1621094163 ,2f9333c3-d7e2-3b7b-baec-52aabfeb0977,   -7.101910 ,  -36.736350 ,2023-02-21 16:37:00,Brasil,PARAÍBA,ASSUNÇÃO,Caatinga
 1621094167 ,38c4ecf6-cd72-3ec7-a5b5-47b33a4c7bfc,   -7.923830 ,  -37.213870 ,2023-02-21 16:34:00,Brasil,PARAÍBA,MONTEIRO,Caatinga
 1622159846 ,4ca19197-6752-343c-87d4-b9df4043025a,   -6.755140 ,  -38.110020 ,2023-03-02 16:24:00,Brasil,PARAÍBA,APARECIDA,Caatinga
 1622159851 ,e2a417a1-076d-3f59-a91f-b2f5adb787ec,   -6.756460 ,  -38.119080 ,2023-03-02 16:24:00,Brasil,PARAÍBA,APARECIDA,Caatinga
 1622159855 ,49ca3444-e5c2-3669-84b8-1d4b32d974d5,   -6.925140 ,  -38.202130 ,2023-03-02 16:24:00,Brasil,PARAÍBA,SÃO JOSÉ DA LAGOA TAPADA,Caatinga
 1622439379 ,9217d413-dce1-362d-9292-f7d91f0f5db9,   -6.784100 ,  -38.422960 ,2023-03-04 16:11:00,Brasil,PARAÍBA,SÃO JOÃO DO RIO DO PEIXE,Caatinga
 1622439572 ,3820e5f6-588d-332c-904a-5ea3ef9835f2,   -7.530300 ,  -34.851200 ,2023-03-04 16:09:00,Brasil,PARAÍBA,CAAPORÃ,Mata Atlântica
 1622439676 ,11599006-5a9a-3cd4-81c2-35973a4dc478,   -6.723720 ,  -38.507130 ,2023-03-04 16:11:00,Brasil,PARAÍBA,SANTA HELENA,Caatinga
 1623996579 ,b1f993dd-1671-3807-814d-fa6720b45b4d,   -6.673220 ,  -35.143410 ,2023-03-20 15:58:00,Brasil,PARAÍBA,MAMANGUAPE,Mata Atlântica
 1625617600 ,048293e5-bd9b-318b-8460-756468bb54b9,   -6.581870 ,  -35.245540 ,2023-04-03 16:01:00,Brasil,PARAÍBA,JACARAÚ,Caatinga
 1625617601 ,805bc4b0-e812-3e47-8ba9-392c2bee3123,   -6.653410 ,  -35.454990 ,2023-04-03 16:01:00,Brasil,PARAÍBA,CAIÇARA,Caatinga
 1625770822 ,62a5163a-3d7f-3262-9985-e169a41db7aa,   -6.965830 ,  -37.997360 ,2023-04-04 16:43:00,Brasil,PARAÍBA,COREMAS,Caatinga
 1626535037 ,1c0ab038-107b-3200-8383-9f5b9977a0e1,   -6.555140 ,  -35.034320 ,2023-04-10 16:03:00,Brasil,PARAÍBA,MATARACA,Mata Atlântica
 1626535040 ,e1c59b1e-207b-3b6f-948a-ee388a62c61e,   -6.556530 ,  -35.044330 ,2023-04-10 16:03:00,Brasil,PARAÍBA,MATARACA,Mata Atlântica
 1626535044 ,d4bdae8f-26a4-389b-9491-820273dda347,   -6.564580 ,  -35.033020 ,2023-04-10 16:03:00,Brasil,PARAÍBA,MATARACA,Mata Atlântica
 1626535049 ,4415d8dd-0a69-38aa-84bf-2c4cb6f387da,   -6.565970 ,  -35.043030 ,2023-04-10 16:03:00,Brasil,PARAÍBA,MATARACA,Mata Atlântica
 1626784695 ,89f974fa-db07-3083-9efe-4090794f4f03,   -7.164850 ,  -38.402420 ,2023-04-12 15:48:00,Brasil,PARAÍBA,SÃO JOSÉ DE PIRANHAS,Caatinga
 1626785052 ,963eb6da-d30d-34fb-92ee-b52b2e0c86d4,   -7.171700 ,  -38.408860 ,2023-04-12 15:48:00,Brasil,PARAÍBA,SÃO JOSÉ DE PIRANHAS,Caatinga
 1627105505 ,b251d8d3-8630-398b-90b3-c9f12fe19b4a,   -7.962440 ,  -37.139240 ,2023-04-15 16:18:00,Brasil,PARAÍBA,MONTEIRO,Caatinga
 1627105506 ,c3329db3-1225-3e03-b528-4bb838aab347,   -7.085640 ,  -37.569170 ,2023-04-15 16:18:00,Brasil,PARAÍBA,CATINGUEIRA,Caatinga
 1627397888 ,88853ea5-c7ec-39cd-8451-2df5ec7097bb,   -6.753040 ,  -38.187020 ,2023-04-17 16:01:00,Brasil,PARAÍBA,SOUSA,Caatinga
 1627752070 ,63127bb4-c722-36f5-9e10-e1cbaa90a2b5,   -6.824950 ,  -38.022200 ,2023-04-20 16:33:00,Brasil,PARAÍBA,APARECIDA,Caatinga
 1630242103 ,55867e70-95e7-3496-8f65-88da7137bc8c,   -6.680010 ,  -35.209710 ,2023-05-15 16:01:00,Brasil,PARAÍBA,MAMANGUAPE,Mata Atlântica
 1631787723 ,909bdf5f-d561-356b-be28-645537a53d34,   -6.825080 ,  -38.021490 ,2023-05-30 16:43:00,Brasil,PARAÍBA,APARECIDA,Caatinga
 1631787725 ,1c7ea575-337c-3ed8-be5f-d12206cd6859,   -6.827460 ,  -38.036550 ,2023-05-30 16:43:00,Brasil,PARAÍBA,APARECIDA,Caatinga
 1631965780 ,332267cb-a888-3584-b959-895c0fecacc9,   -6.627680 ,  -37.512400 ,2023-06-01 16:30:00,Brasil,PARAÍBA,PAULISTA,Caatinga
 1631965787 ,d0bfe241-b6e5-3fd6-b7a9-9f68aecdd3a4,   -6.829970 ,  -38.016830 ,2023-06-01 16:30:00,Brasil,PARAÍBA,APARECIDA,Caatinga
 1632404191 ,4e3d80e6-c1b6-3257-9a3a-f39b920a9293,   -6.825670 ,  -38.020500 ,2023-06-05 16:03:00,Brasil,PARAÍBA,APARECIDA,Caatinga
 1633749628 ,4b13a9c5-bb33-38d0-a5bf-7794c3ad29d1,   -6.808970 ,  -38.284000 ,2023-06-17 16:13:00,Brasil,PARAÍBA,SOUSA,Caatinga
 1636044037 ,49100526-9956-365c-85ee-4a29c421ee62,   -6.828340 ,  -38.010430 ,2023-07-04 16:39:00,Brasil,PARAÍBA,APARECIDA,Caatinga
 1636044041 ,fb1ec469-e476-3829-a6d1-e457d6dee602,   -6.830240 ,  -38.022690 ,2023-07-04 16:39:00,Brasil,PARAÍBA,APARECIDA,Caatinga
 1636044036 ,79ed63e6-e9c7-344b-916e-91360e9b3639,   -6.821380 ,  -38.018480 ,2023-07-04 16:39:00,Brasil,PARAÍBA,APARECIDA,Caatinga
 1636044042 ,10c71ff9-0121-3f6d-97b6-62aa3b12ddac,   -6.833320 ,  -38.238490 ,2023-07-04 16:39:00,Brasil,PARAÍBA,SOUSA,Caatinga
 1636381915 ,3ea9b273-9e7f-3b8c-959d-0f02e94812f8,   -7.593490 ,  -38.004620 ,2023-07-06 16:26:00,Brasil,PARAÍBA,PRINCESA ISABEL,Caatinga
 1638112923 ,d9f91bff-e43f-341f-a00f-e81d85825854,   -6.633760 ,  -38.645370 ,2023-07-15 16:11:00,Brasil,PARAÍBA,SANTA HELENA,Caatinga
 1638112926 ,eed70ee8-b997-3583-8531-4c896de39020,   -7.131330 ,  -35.138660 ,2023-07-15 16:11:00,Brasil,PARAÍBA,CRUZ DO ESPÍRITO SANTO,Mata Atlântica
 1638771761 ,f916d991-3e53-370e-bf20-79d4b1cfec37,   -7.357550 ,  -38.224900 ,2023-07-18 16:39:00,Brasil,PARAÍBA,ITAPORANGA,Caatinga
 1639141945 ,ba960e3b-f1f3-3130-9c25-c1547b237e98,   -7.454820 ,  -34.919520 ,2023-07-20 16:24:00,Brasil,PARAÍBA,CAAPORÃ,Mata Atlântica
 1640828689 ,5a52113e-b75b-31b6-91ef-383217c11a5d,   -7.375680 ,  -34.952820 ,2023-07-31 15:54:00,Brasil,PARAÍBA,ALHANDRA,Mata Atlântica
 1640828690 ,6724965b-dcba-3493-b391-68842f5fa17d,   -7.370430 ,  -34.958810 ,2023-07-31 15:54:00,Brasil,PARAÍBA,ALHANDRA,Mata Atlântica
 1640828695 ,73a6e339-5c04-3e85-ac80-722571ef0296,   -6.499490 ,  -38.167580 ,2023-07-31 15:54:00,Brasil,PARAÍBA,LASTRO,Caatinga
 1641091679 ,5037a01e-7c20-3c1b-9d7a-60104ec8dd76,   -7.756590 ,  -38.215550 ,2023-07-27 16:22:00,Brasil,PARAÍBA,MANAÍRA,Caatinga
 1641091681 ,37bbaf6c-0e29-3cb7-a3d1-8b39784ee3df,   -7.674680 ,  -36.923660 ,2023-07-27 16:22:00,Brasil,PARAÍBA,SUMÉ,Caatinga
 1641091686 ,15f13072-bfff-362d-a363-2a9cdb0f0a5a,   -7.318000 ,  -38.165370 ,2023-07-27 16:22:00,Brasil,PARAÍBA,ITAPORANGA,Caatinga
 1641091707 ,f0312c1e-70e9-341e-bc65-ac17f93f8f30,   -6.568520 ,  -35.272330 ,2023-07-27 16:22:00,Brasil,PARAÍBA,JACARAÚ,Caatinga
 1647139370 ,ff7d392d-33d5-3b93-a18f-5dd619792da1,   -7.105930 ,  -35.116550 ,2023-08-28 15:46:00,Brasil,PARAÍBA,CRUZ DO ESPÍRITO SANTO,Mata Atlântica
 1647139379 ,fd2adc83-b6d8-37a9-8521-5e3eee1daf36,   -7.109110 ,  -35.141090 ,2023-08-28 15:46:00,Brasil,PARAÍBA,SAPÉ,Mata Atlântica
 1647139380 ,8b178df9-ed14-3fc5-b1ef-6e8f11bd8068,   -7.101830 ,  -35.122270 ,2023-08-28 15:46:00,Brasil,PARAÍBA,CRUZ DO ESPÍRITO SANTO,Mata Atlântica
 1653903374 ,1b9ae5a5-ca2b-330d-8f58-885b0a541ea2,   -7.926380 ,  -36.592830 ,2023-10-01 16:35:00,Brasil,PARAÍBA,CAMALAÚ,Caatinga
 1653903375 ,95585cd7-0873-3aea-b9e4-88eb5c152c76,   -7.924910 ,  -36.582930 ,2023-10-01 16:35:00,Brasil,PARAÍBA,CONGO,Caatinga
 1653903376 ,d35f92d3-ad3b-349f-835d-9cae4e377f3e,   -7.917030 ,  -36.594230 ,2023-10-01 16:35:00,Brasil,PARAÍBA,CONGO,Caatinga
 1653903377 ,d7bc2423-7192-376d-b028-62cc2a3d0722,   -7.915550 ,  -36.584340 ,2023-10-01 16:35:00,Brasil,PARAÍBA,CONGO,Caatinga
 1653903411 ,588bacf7-28e1-3b73-9222-e366eb9e90d2,   -7.692060 ,  -37.947320 ,2023-10-01 16:35:00,Brasil,PARAÍBA,PRINCESA ISABEL,Caatinga
 1653903483 ,b2c47432-8224-336e-ae40-1a1b88df3228,   -7.311930 ,  -37.611340 ,2023-10-01 16:35:00,Brasil,PARAÍBA,OLHO D'ÁGUA,Caatinga
 1653903499 ,28785b23-cd00-3dfb-9c7b-0b1ed57450f9,   -7.257150 ,  -37.869610 ,2023-10-01 16:35:00,Brasil,PARAÍBA,OLHO D'ÁGUA,Caatinga
 1653903501 ,a0eb29d3-e184-3f76-8fc9-ccb8f4286b68,   -7.248170 ,  -37.871030 ,2023-10-01 16:35:00,Brasil,PARAÍBA,PIANCÓ,Caatinga
 1653903505 ,ceb4837f-d5a2-3ac3-aca3-f2352e9105d5,   -7.224170 ,  -38.594570 ,2023-10-01 16:35:00,Brasil,PARAÍBA,MONTE HOREBE,Caatinga
 1653903539 ,eb714d5a-8246-3d25-9127-c5cb005e72c4,   -6.976700 ,  -38.597820 ,2023-10-01 16:35:00,Brasil,PARAÍBA,CAJAZEIRAS,Caatinga
 1653903541 ,9d125bbe-39e1-36ce-98eb-14891861b2f2,   -6.968260 ,  -38.668560 ,2023-10-01 16:35:00,Brasil,PARAÍBA,CACHOEIRA DOS ÍNDIOS,Caatinga
 1653903551 ,ebd5aa35-95a5-3b9f-afc2-010c5143178c,   -6.900690 ,  -38.642050 ,2023-10-01 16:35:00,Brasil,PARAÍBA,CACHOEIRA DOS ÍNDIOS,Caatinga
 1653903553 ,f7616d44-74b8-3322-b5b2-0b714aca914c,   -6.899390 ,  -38.633130 ,2023-10-01 16:35:00,Brasil,PARAÍBA,CAJAZEIRAS,Caatinga
 1653903573 ,ca9a2e34-b537-3da7-b9d2-e11e3014e0c0,   -6.727110 ,  -38.087430 ,2023-10-01 16:35:00,Brasil,PARAÍBA,APARECIDA,Caatinga
 1653903608 ,d48e19ab-8b82-36f4-9cd2-dbbb04056e67,   -6.516280 ,  -38.531770 ,2023-10-01 16:35:00,Brasil,PARAÍBA,TRIUNFO,Caatinga
 1653903619 ,621f7213-d1b2-3075-8bcf-58871d922446,   -6.494100 ,  -38.379490 ,2023-10-01 16:35:00,Brasil,PARAÍBA,UIRAÚNA,Caatinga
 1653903620 ,4809aee6-ffda-3b01-8271-b57cadc1b771,   -6.492800 ,  -38.370520 ,2023-10-01 16:35:00,Brasil,PARAÍBA,UIRAÚNA,Caatinga
 1654220480 ,e8fdf604-7d4b-33c7-8b05-7b9718c9275b,   -6.977020 ,  -38.612170 ,2023-10-03 16:20:00,Brasil,PARAÍBA,CAJAZEIRAS,Caatinga
 1654220481 ,45e8f17f-cdf0-3c24-966a-e531becde67c,   -6.975320 ,  -38.600020 ,2023-10-03 16:20:00,Brasil,PARAÍBA,CAJAZEIRAS,Caatinga
 1654220482 ,b0c02744-83d2-39e1-aa7c-ba66dc7d8a5f,   -6.966690 ,  -38.613540 ,2023-10-03 16:20:00,Brasil,PARAÍBA,CAJAZEIRAS,Caatinga
 1654220483 ,63222d84-7e7f-3081-a19c-c95413397347,   -6.965010 ,  -38.601480 ,2023-10-03 16:20:00,Brasil,PARAÍBA,CAJAZEIRAS,Caatinga
 1654220494 ,ec14ce8e-8631-307f-96c1-984ee7b9676b,   -6.775520 ,  -35.058900 ,2023-10-03 16:20:00,Brasil,PARAÍBA,RIO TINTO,Mata Atlântica
 1654220708 ,80e89f19-bb39-3054-ae87-405834d98767,   -8.237170 ,  -37.044450 ,2023-10-03 16:20:00,Brasil,PARAÍBA,SÃO SEBASTIÃO DO UMBUZEIRO,Caatinga
 1654220724 ,dd35e6ed-6369-30ee-807e-5fae753b3761,   -7.921550 ,  -36.583250 ,2023-10-03 16:20:00,Brasil,PARAÍBA,CONGO,Caatinga
 1654220751 ,c149ef3a-a628-3e4f-b6a7-bfb03b24ea50,   -7.636250 ,  -36.378010 ,2023-10-03 16:20:00,Brasil,PARAÍBA,SÃO DOMINGOS DO CARIRI,Caatinga
 1654220753 ,df4124fb-a028-3003-8abe-7f45c1c73c3d,   -7.634910 ,  -36.368520 ,2023-10-03 16:20:00,Brasil,PARAÍBA,SÃO DOMINGOS DO CARIRI,Caatinga
 1654220772 ,4d45b8f8-815b-38e6-8a81-c258305ebf58,   -7.565010 ,  -38.364090 ,2023-10-03 16:20:00,Brasil,PARAÍBA,SANTANA DE MANGUEIRA,Caatinga
 1654220774 ,f897667c-e548-369d-9697-d0db86fac6ab,   -7.554790 ,  -38.365560 ,2023-10-03 16:20:00,Brasil,PARAÍBA,SANTANA DE MANGUEIRA,Caatinga
 1654220795 ,45d22a28-fc25-31c8-8577-4b26e77238ae,   -7.463760 ,  -38.606430 ,2023-10-03 16:20:00,Brasil,PARAÍBA,CONCEIÇÃO,Caatinga
 1654220798 ,51e20fa2-53fc-33ac-a691-a95eb04b16af,   -7.462100 ,  -38.594040 ,2023-10-03 16:20:00,Brasil,PARAÍBA,CONCEIÇÃO,Caatinga
 1654220801 ,3af443a9-05af-3ceb-8cde-07f7672c7cd2,   -7.456360 ,  -38.600550 ,2023-10-03 16:20:00,Brasil,PARAÍBA,CONCEIÇÃO,Caatinga
 1654220803 ,46ddd51e-ed9e-3d27-8030-7215dd38ab7e,   -7.451730 ,  -38.595620 ,2023-10-03 16:20:00,Brasil,PARAÍBA,CONCEIÇÃO,Caatinga
 1654220804 ,89ea7dfc-8611-346b-968f-bdda1b109f0e,   -7.431690 ,  -38.292510 ,2023-10-03 16:20:00,Brasil,PARAÍBA,DIAMANTE,Caatinga
 1654220805 ,9638c168-3cc4-3294-8070-e46e58e64a94,   -7.430090 ,  -38.280770 ,2023-10-03 16:20:00,Brasil,PARAÍBA,DIAMANTE,Caatinga
 1654220809 ,789cabc3-281d-3205-a01d-47423a7ebb62,   -7.421540 ,  -38.294010 ,2023-10-03 16:20:00,Brasil,PARAÍBA,DIAMANTE,Caatinga
 1654220821 ,7cb81fbb-aedd-3950-85f6-dbadf53cac2b,   -7.338350 ,  -35.576600 ,2023-10-03 16:20:00,Brasil,PARAÍBA,INGÁ,Caatinga
 1654220822 ,b143cee8-4d95-3d3d-a03d-351951839481,   -7.337060 ,  -35.567570 ,2023-10-03 16:20:00,Brasil,PARAÍBA,INGÁ,Caatinga
 1654220834 ,f208ee76-45c1-3b51-969d-998c125de332,   -7.038880 ,  -35.418570 ,2023-10-03 16:20:00,Brasil,PARAÍBA,MULUNGU,Caatinga
 1654220835 ,8e070dcc-c6bc-33c9-a4fd-99a73a6ef229,   -6.988070 ,  -37.737000 ,2023-10-03 16:20:00,Brasil,PARAÍBA,CAJAZEIRINHAS,Caatinga
 1654220836 ,d7184890-6c8e-3ecd-b5ab-b1f0fd981536,   -6.986580 ,  -37.726240 ,2023-10-03 16:20:00,Brasil,PARAÍBA,SÃO BENTINHO,Caatinga
 1654435501 ,f90e10bc-d5fc-35b4-948e-6d816deef007,   -7.462580 ,  -38.038330 ,2023-10-04 17:00:00,Brasil,PARAÍBA,NOVA OLINDA,Caatinga
 1654435502 ,6a24a97c-933e-3613-98d6-bb144bd610fd,   -7.458840 ,  -38.015030 ,2023-10-04 17:00:00,Brasil,PARAÍBA,NOVA OLINDA,Caatinga
 1654435503 ,b38b559a-6d6d-38a2-af85-aabb7d27c9cd,   -7.454930 ,  -38.031940 ,2023-10-04 17:00:00,Brasil,PARAÍBA,NOVA OLINDA,Caatinga
 1654435504 ,f60d38c7-2fc0-3974-8632-dc51b9ab2db1,   -7.448730 ,  -38.547680 ,2023-10-04 17:00:00,Brasil,PARAÍBA,CONCEIÇÃO,Caatinga
 1654435505 ,918fb814-9b6f-39bb-bc58-68caf33242b9,   -7.440740 ,  -38.553650 ,2023-10-04 17:00:00,Brasil,PARAÍBA,CONCEIÇÃO,Caatinga
 1654435506 ,aea2ecf1-783b-3a2e-b388-7a3ac180ed4c,   -7.437300 ,  -38.532170 ,2023-10-04 17:00:00,Brasil,PARAÍBA,CONCEIÇÃO,Caatinga
 1654435507 ,87f53a89-89bc-3437-b69e-073f3e1693f1,   -7.371230 ,  -38.441620 ,2023-10-04 17:00:00,Brasil,PARAÍBA,CONCEIÇÃO,Caatinga
 1654435508 ,ff5fa814-9d22-3f0a-94a7-aa0f3ea30e76,   -7.265110 ,  -38.298940 ,2023-10-04 17:00:00,Brasil,PARAÍBA,SÃO JOSÉ DE CAIANA,Caatinga
 1654435509 ,5146f058-0933-3007-acc1-e0a45e6a04cd,   -7.259190 ,  -38.305180 ,2023-10-04 17:00:00,Brasil,PARAÍBA,SÃO JOSÉ DE CAIANA,Caatinga
 1654435510 ,9897a550-c30e-3ef8-8211-094918a9c771,   -7.228930 ,  -37.992550 ,2023-10-04 17:00:00,Brasil,PARAÍBA,PIANCÓ,Caatinga
 1654435511 ,214e1e86-46e7-3dae-be20-795078365ba8,   -7.099700 ,  -38.544900 ,2023-10-04 17:00:00,Brasil,PARAÍBA,SÃO JOSÉ DE PIRANHAS,Caatinga
 1654435512 ,929706b3-32b5-3efd-8012-392fbc18f55c,   -7.098960 ,  -38.405630 ,2023-10-04 17:00:00,Brasil,PARAÍBA,SÃO JOSÉ DE PIRANHAS,Caatinga
 1654435513 ,cb6089c3-dbcb-3558-9bb0-7dfbe40d87cf,   -7.097220 ,  -38.562530 ,2023-10-04 17:00:00,Brasil,PARAÍBA,SÃO JOSÉ DE PIRANHAS,Caatinga
 1654435514 ,8e6ff274-cf6e-3740-98ea-b6c258164039,   -7.095290 ,  -38.383220 ,2023-10-04 17:00:00,Brasil,PARAÍBA,SÃO JOSÉ DE PIRANHAS,Caatinga
 1654435515 ,b6773323-172a-3208-b0b8-92f9d762473e,   -7.093600 ,  -38.540730 ,2023-10-04 17:00:00,Brasil,PARAÍBA,SÃO JOSÉ DE PIRANHAS,Caatinga
 1654435516 ,68a9601c-0a5a-3fc4-b9c8-b14b015e2e64,   -7.089030 ,  -38.389120 ,2023-10-04 17:00:00,Brasil,PARAÍBA,SÃO JOSÉ DE PIRANHAS,Caatinga
 1654435517 ,987bbb25-3c92-330c-b5bc-82ec2cefcedc,   -6.906350 ,  -38.264430 ,2023-10-04 17:00:00,Brasil,PARAÍBA,SOUSA,Caatinga
 1654435518 ,77ce2170-3ded-3c17-92d1-b99c1bd96844,   -6.902720 ,  -38.242100 ,2023-10-04 17:00:00,Brasil,PARAÍBA,SÃO JOSÉ DA LAGOA TAPADA,Caatinga
 1654575994 ,aadca792-7d9d-31f2-be0a-779541a4eada,   -7.549270 ,  -37.697250 ,2023-10-05 16:05:00,Brasil,PARAÍBA,ÁGUA BRANCA,Caatinga
 1654575995 ,23117fd8-05a1-30cf-98ad-9d1eb0a4e892,   -7.546740 ,  -37.692560 ,2023-10-05 16:05:00,Brasil,PARAÍBA,ÁGUA BRANCA,Caatinga
 1654576003 ,3c135893-f2d3-3307-8115-9f53f99d7c0b,   -7.413050 ,  -37.661710 ,2023-10-05 16:05:00,Brasil,PARAÍBA,ÁGUA BRANCA,Caatinga
 1654576005 ,7c51a89b-0d72-33f4-8a7b-e43c20d57c30,   -7.355820 ,  -37.715800 ,2023-10-05 16:05:00,Brasil,PARAÍBA,IMACULADA,Caatinga
 1654576006 ,dd70e254-c8b7-33c1-ab31-01d9203085a0,   -7.237190 ,  -37.517360 ,2023-10-05 16:05:00,Brasil,PARAÍBA,CATINGUEIRA,Caatinga
 1654576007 ,8395f692-9681-3d90-a922-acb356f2b004,   -7.234370 ,  -37.496530 ,2023-10-05 16:05:00,Brasil,PARAÍBA,CATINGUEIRA,Caatinga
 1654576008 ,b0163db3-910b-3f3f-9528-04681944bfae,   -6.981460 ,  -38.031470 ,2023-10-05 16:05:00,Brasil,PARAÍBA,COREMAS,Caatinga
 1654576009 ,9e64195b-70e9-30f7-83b0-6dc0ed578974,   -6.978120 ,  -38.024950 ,2023-10-05 16:05:00,Brasil,PARAÍBA,COREMAS,Caatinga
 1654576021 ,9bcfcb44-7806-32ce-9b35-94b3fb48b2c6,   -6.607680 ,  -35.009630 ,2023-10-05 16:05:00,Brasil,PARAÍBA,BAÍA DA TRAIÇÃO,Mata Atlântica
 1654576029 ,121301b7-9b56-30fb-a32a-6a6b5ca0cc62,   -6.424720 ,  -38.469890 ,2023-10-05 16:05:00,Brasil,PARAÍBA,JOCA CLAUDINO,Caatinga
 1654576030 ,4be12546-2f8d-34bb-a95e-70030975b08b,   -6.421700 ,  -38.447170 ,2023-10-05 16:05:00,Brasil,PARAÍBA,UIRAÚNA,Caatinga
 1654760679 ,c187660b-8829-3e55-8cfc-495e5b071ec1,   -7.537990 ,  -38.030630 ,2023-10-06 16:45:00,Brasil,PARAÍBA,PRINCESA ISABEL,Caatinga
 1654760680 ,a08dfefe-1726-33a5-9f96-c2be91d36c82,   -7.536180 ,  -38.018720 ,2023-10-06 16:45:00,Brasil,PARAÍBA,PRINCESA ISABEL,Caatinga
 1654760694 ,9a5405b6-e3ea-337b-ac7f-b3db0056755b,   -7.473280 ,  -38.610840 ,2023-10-06 16:45:00,Brasil,PARAÍBA,CONCEIÇÃO,Caatinga
 1654760745 ,68ef8134-70a3-34d0-ab21-21bc5b4d24a0,   -7.299820 ,  -37.499270 ,2023-10-06 16:45:00,Brasil,PARAÍBA,MÃE D'ÁGUA,Caatinga
 1655154062 ,73b3980a-430c-36cf-8774-4de2513e9f2f,   -7.457310 ,  -34.942380 ,2023-10-08 16:30:00,Brasil,PARAÍBA,CAAPORÃ,Mata Atlântica
 1655154063 ,e40aafd0-9618-3e4b-85cb-35836ed5f10b,   -7.444790 ,  -37.761850 ,2023-10-08 16:30:00,Brasil,PARAÍBA,JURU,Caatinga
 1655154077 ,301990e4-0444-3e6f-873d-b5d16f22efa9,   -7.145530 ,  -38.177170 ,2023-10-08 16:30:00,Brasil,PARAÍBA,IGARACY,Caatinga
 1655154078 ,e8b4fd5f-f5cc-3506-9457-59a6a5b71b33,   -7.083680 ,  -37.812410 ,2023-10-08 16:30:00,Brasil,PARAÍBA,EMAS,Caatinga
 1655154079 ,9bbf327a-d24d-3d47-bf28-e1e110d1d9a2,   -7.082380 ,  -37.803480 ,2023-10-08 16:30:00,Brasil,PARAÍBA,EMAS,Caatinga
 1655154109 ,755cdb85-4212-3742-85fc-f9ffdc5d4abd,   -6.614680 ,  -38.264700 ,2023-10-08 16:33:00,Brasil,PARAÍBA,VIEIRÓPOLIS,Caatinga
 1655154110 ,81774d2a-c064-35b0-8597-35bb8a4e9fd5,   -6.605760 ,  -38.266010 ,2023-10-08 16:33:00,Brasil,PARAÍBA,VIEIRÓPOLIS,Caatinga
 1655154111 ,760ba4c5-b8b4-3791-b0e6-e94cad7493be,   -6.604480 ,  -38.257090 ,2023-10-08 16:33:00,Brasil,PARAÍBA,VIEIRÓPOLIS,Caatinga
 1655154114 ,dca63049-290a-3a22-bb60-92902b766429,   -6.496220 ,  -38.078290 ,2023-10-08 16:33:00,Brasil,PARAÍBA,SANTA CRUZ,Caatinga
 1655154115 ,7e8a9e84-02d7-331b-bb38-f7e88e12ce37,   -6.485210 ,  -38.380490 ,2023-10-08 16:33:00,Brasil,PARAÍBA,UIRAÚNA,Caatinga
 1655461922 ,21f51c84-663a-3b38-bec5-5d192775d0e9,   -8.284970 ,  -36.950380 ,2023-10-10 16:16:00,Brasil,PARAÍBA,SÃO JOÃO DO TIGRE,Caatinga
 1655461976 ,b6dd597d-bc0d-36f4-977a-6394d031becb,   -7.477880 ,  -37.768820 ,2023-10-10 16:18:00,Brasil,PARAÍBA,JURU,Caatinga
 1655461977 ,acf08343-2947-3a57-a023-5664b607ef50,   -7.476210 ,  -37.756380 ,2023-10-10 16:18:00,Brasil,PARAÍBA,JURU,Caatinga
 1655461979 ,72e5d0fe-af67-37a5-8a07-049a3cdc94e0,   -7.471840 ,  -37.775230 ,2023-10-10 16:18:00,Brasil,PARAÍBA,JURU,Caatinga
 1655461980 ,b7f47e56-7ed6-370a-99ba-94b41617f045,   -7.470100 ,  -37.762860 ,2023-10-10 16:18:00,Brasil,PARAÍBA,JURU,Caatinga
 1655461989 ,5e1aa16b-91f1-344c-973b-298ce1effcc6,   -7.387800 ,  -37.699680 ,2023-10-10 16:18:00,Brasil,PARAÍBA,ÁGUA BRANCA,Caatinga
 1655462000 ,6e85a2fd-8ff8-3355-a065-3e5a7058c1f2,   -7.328920 ,  -37.790680 ,2023-10-10 16:18:00,Brasil,PARAÍBA,OLHO D'ÁGUA,Caatinga
 1655462011 ,207bc50f-528b-3520-85eb-04959a4d2875,   -6.574410 ,  -38.307880 ,2023-10-10 16:18:00,Brasil,PARAÍBA,VIEIRÓPOLIS,Caatinga
 1655852246 ,d30023bd-4e4e-3852-ab8b-7fda57fdf592,   -6.592800 ,  -35.264000 ,2023-10-12 16:01:00,Brasil,PARAÍBA,JACARAÚ,Caatinga
 1655852247 ,d9d18032-d729-3fd3-8d8e-0912121b4c77,   -6.590810 ,  -35.249520 ,2023-10-12 16:01:00,Brasil,PARAÍBA,JACARAÚ,Caatinga
 1656002513 ,3c60874f-7fcf-3262-a606-f9696b3e3687,   -7.504580 ,  -37.773300 ,2023-10-13 16:41:00,Brasil,PARAÍBA,JURU,Caatinga
 1656002514 ,80156e0b-b44f-3325-9dbe-5940f9b892c8,   -7.494610 ,  -37.774680 ,2023-10-13 16:41:00,Brasil,PARAÍBA,JURU,Caatinga
 1656002525 ,77c314ad-4183-3e72-a95d-62ba79caa94a,   -6.563330 ,  -38.584790 ,2023-10-13 16:41:00,Brasil,PARAÍBA,TRIUNFO,Caatinga
 1656318867 ,4f1dd6d6-3c88-3e19-af35-c4ec55af8f0c,   -7.286330 ,  -38.023590 ,2023-10-15 16:26:00,Brasil,PARAÍBA,PIANCÓ,Caatinga
 1656318868 ,b272e21e-8e50-373a-ad81-b1d8e9eea69c,   -7.194030 ,  -37.443870 ,2023-10-15 16:26:00,Brasil,PARAÍBA,MÃE D'ÁGUA,Caatinga
 1656318869 ,348ef1d8-300c-36c1-8324-a98d4e700856,   -6.624220 ,  -38.094570 ,2023-10-15 16:28:00,Brasil,PARAÍBA,SÃO FRANCISCO,Caatinga
 1656318870 ,b5e532db-111b-3b81-be42-57b37b0d6c1e,   -6.622910 ,  -38.085480 ,2023-10-15 16:28:00,Brasil,PARAÍBA,SÃO FRANCISCO,Caatinga
 1656318871 ,02f2e96b-3fc0-33a9-9833-69fa512a8c72,   -6.616050 ,  -37.910680 ,2023-10-15 16:28:00,Brasil,PARAÍBA,LAGOA,Caatinga
 1656318872 ,6ecf4716-44c6-3237-8bd1-1a382fefdb57,   -6.607140 ,  -37.912190 ,2023-10-15 16:28:00,Brasil,PARAÍBA,LAGOA,Caatinga
 1656478171 ,2d2b624e-4a24-3314-aee8-c5b67726fb82,   -7.309650 ,  -37.447130 ,2023-10-16 17:09:00,Brasil,PARAÍBA,MÃE D'ÁGUA,Caatinga
 1656478172 ,b0dcf404-f8b7-35c1-81eb-d81828aba1b2,   -7.308250 ,  -37.451590 ,2023-10-16 17:09:00,Brasil,PARAÍBA,MÃE D'ÁGUA,Caatinga
 1656478173 ,d70e3589-0593-3b4d-af70-537001d4a669,   -7.292270 ,  -37.448160 ,2023-10-16 17:09:00,Brasil,PARAÍBA,MÃE D'ÁGUA,Caatinga
 1656478174 ,19257de9-34e2-3f01-a475-d59785d3fc12,   -7.290910 ,  -37.452780 ,2023-10-16 17:09:00,Brasil,PARAÍBA,MÃE D'ÁGUA,Caatinga
 1656478183 ,730fec40-e162-3677-8c37-7ee2d63f9f2e,   -7.256810 ,  -38.550620 ,2023-10-16 17:09:00,Brasil,PARAÍBA,BONITO DE SANTA FÉ,Caatinga
 1656631570 ,ebdd2e7f-4da8-3930-a9d2-165076a11a2e,   -6.434900 ,  -38.415620 ,2023-10-17 16:13:00,Brasil,PARAÍBA,UIRAÚNA,Caatinga
 1656631571 ,b92997e7-1874-3031-805c-8672a3088cc1,   -6.432900 ,  -38.400760 ,2023-10-17 16:13:00,Brasil,PARAÍBA,UIRAÚNA,Caatinga
 1656631576 ,524f2165-e4d4-3aea-a629-bc51d227e939,   -6.395900 ,  -38.457350 ,2023-10-17 16:13:00,Brasil,PARAÍBA,UIRAÚNA,Caatinga
 1656827265 ,0a65856f-65db-3487-b804-b51050ce0a2f,   -6.404730 ,  -38.446540 ,2023-10-18 16:54:00,Brasil,PARAÍBA,UIRAÚNA,Caatinga
 1656827279 ,c4321a97-db2e-3638-a6ba-d9d780246316,   -6.449930 ,  -38.421470 ,2023-10-18 16:54:00,Brasil,PARAÍBA,UIRAÚNA,Caatinga
 1656827289 ,c65016f3-f4d5-3689-b308-d41955aae4a8,   -7.755240 ,  -38.102670 ,2023-10-18 16:54:00,Brasil,PARAÍBA,SÃO JOSÉ DE PRINCESA,Caatinga
 1656827291 ,b2ca000e-53b2-38f4-843c-a704311848b7,   -7.729760 ,  -38.060530 ,2023-10-18 16:54:00,Brasil,PARAÍBA,PRINCESA ISABEL,Caatinga
 1656827292 ,d7a802a5-3ac7-37af-920b-84752866941d,   -7.510720 ,  -38.380760 ,2023-10-18 16:54:00,Brasil,PARAÍBA,IBIARA,Caatinga
 1656827293 ,862b72b2-5a77-3127-80f3-f8e31b3dde81,   -7.432720 ,  -37.660960 ,2023-10-18 16:54:00,Brasil,PARAÍBA,ÁGUA BRANCA,Caatinga
 1656827294 ,58490193-8333-3cf8-bd03-8b2ef9be0273,   -7.337530 ,  -38.372990 ,2023-10-18 16:54:00,Brasil,PARAÍBA,DIAMANTE,Caatinga
 1656827295 ,6d88fe62-b3f6-347c-85a6-2951a6ccf1a3,   -7.334870 ,  -38.356300 ,2023-10-18 16:54:00,Brasil,PARAÍBA,DIAMANTE,Caatinga
 1656827296 ,5a3604c2-2c0d-346c-bf1d-88af01fee9e6,   -7.175300 ,  -37.849410 ,2023-10-18 16:54:00,Brasil,PARAÍBA,PIANCÓ,Caatinga
 1656827297 ,64309f2d-9691-37f9-b1e0-b6c51d6d0c38,   -6.871390 ,  -38.532740 ,2023-10-18 16:54:00,Brasil,PARAÍBA,CAJAZEIRAS,Caatinga
 1656827298 ,21d9f16e-d336-3c80-af3d-25af47d47db8,   -6.627060 ,  -38.057170 ,2023-10-18 16:54:00,Brasil,PARAÍBA,SÃO FRANCISCO,Caatinga
 1656827299 ,43841014-f290-38ee-81a4-36645b65028e,   -6.624500 ,  -38.040520 ,2023-10-18 16:54:00,Brasil,PARAÍBA,SÃO FRANCISCO,Caatinga
 1656827300 ,9dc60508-2234-3fc7-b151-c7f388007ca9,   -6.614740 ,  -38.059150 ,2023-10-18 16:54:00,Brasil,PARAÍBA,SÃO FRANCISCO,Caatinga
 1656827301 ,0fda5cca-e9bb-369d-a1ed-db49b0486f6d,   -6.612040 ,  -38.041690 ,2023-10-18 16:54:00,Brasil,PARAÍBA,SÃO FRANCISCO,Caatinga
 1656827302 ,2ea380a5-9386-32c2-ae7d-17c444c0fc14,   -6.476600 ,  -38.392020 ,2023-10-18 16:54:00,Brasil,PARAÍBA,UIRAÚNA,Caatinga
 1656827303 ,cff228b1-5ad5-3893-ba41-88a1bb2af9a2,   -7.290400 ,  -38.420350 ,2023-10-18 16:54:00,Brasil,PARAÍBA,SERRA GRANDE,Caatinga
 1656827305 ,aab7e85a-30ea-3b05-b2ae-f92f7e77713c,   -6.958010 ,  -37.903650 ,2023-10-18 16:54:00,Brasil,PARAÍBA,CAJAZEIRINHAS,Caatinga
 1656827306 ,1268e90a-c622-3e10-ae28-153bef648154,   -6.866530 ,  -38.526660 ,2023-10-18 16:54:00,Brasil,PARAÍBA,CAJAZEIRAS,Caatinga
 1656827307 ,6004db98-54b6-3417-88dd-0b485a5be817,   -6.573260 ,  -37.955640 ,2023-10-18 16:54:00,Brasil,PARAÍBA,LAGOA,Caatinga
 1656827308 ,4c867e91-c569-326e-9cd0-ffb6c236342e,   -6.618000 ,  -38.051750 ,2023-10-18 16:54:00,Brasil,PARAÍBA,SÃO FRANCISCO,Caatinga
 1656827309 ,70777f58-d269-320f-b1da-b19594ffd362,   -6.615250 ,  -38.034730 ,2023-10-18 16:54:00,Brasil,PARAÍBA,SÃO FRANCISCO,Caatinga
 1656827310 ,f3eba789-eb28-39b6-87af-3257b59fa9f5,   -6.576240 ,  -37.974640 ,2023-10-18 16:54:00,Brasil,PARAÍBA,SANTA CRUZ,Caatinga
 1657131233 ,f8583174-40b3-3a16-bd2c-eca2ca5520ac,   -7.313190 ,  -37.459440 ,2023-10-20 16:39:00,Brasil,PARAÍBA,MÃE D'ÁGUA,Caatinga
 1657131234 ,3d27fbcd-829f-3b98-9871-7413817c8bca,   -7.271310 ,  -37.508780 ,2023-10-20 16:39:00,Brasil,PARAÍBA,MÃE D'ÁGUA,Caatinga
 1657131235 ,b099a29e-ce5a-3f9e-a3df-043dc2c35f22,   -7.269720 ,  -37.498290 ,2023-10-20 16:39:00,Brasil,PARAÍBA,MÃE D'ÁGUA,Caatinga
 1657131236 ,d12cb1ca-6d3e-324f-9666-0782ac877689,   -7.232680 ,  -37.384860 ,2023-10-20 16:39:00,Brasil,PARAÍBA,MÃE D'ÁGUA,Caatinga
 1657131237 ,e8cc491c-7ac1-32dd-ac7a-0d1e4eab6f20,   -7.231120 ,  -37.374650 ,2023-10-20 16:39:00,Brasil,PARAÍBA,MÃE D'ÁGUA,Caatinga
 1657131272 ,b1a2eaeb-7b34-3096-a7bc-64c790c1eb85,   -7.657070 ,  -37.985020 ,2023-10-20 16:39:00,Brasil,PARAÍBA,PRINCESA ISABEL,Caatinga
 1657131273 ,43d20e5c-ec46-33a2-ba6a-82141893575f,   -7.564940 ,  -38.362190 ,2023-10-20 16:39:00,Brasil,PARAÍBA,SANTANA DE MANGUEIRA,Caatinga
 1657131274 ,73b95f7f-5ba2-3dc8-8a07-90ccdbd9f550,   -7.563500 ,  -38.352590 ,2023-10-20 16:39:00,Brasil,PARAÍBA,SANTANA DE MANGUEIRA,Caatinga
 1657131275 ,b0a34919-8879-312b-9e2b-277fbdcd9dd1,   -7.555730 ,  -38.363560 ,2023-10-20 16:39:00,Brasil,PARAÍBA,SANTANA DE MANGUEIRA,Caatinga
 1657131276 ,b570672c-14b8-3f2c-ae44-70fd54bc0494,   -7.554290 ,  -38.353950 ,2023-10-20 16:39:00,Brasil,PARAÍBA,SANTANA DE MANGUEIRA,Caatinga
 1657131279 ,fb7263e4-4f1d-3ae5-8fae-43bd4b218a7d,   -7.509240 ,  -38.484710 ,2023-10-20 16:39:00,Brasil,PARAÍBA,CONCEIÇÃO,Caatinga
 1657131280 ,d4503109-07f3-3a00-9c06-9e5d64f4910b,   -7.437770 ,  -38.070060 ,2023-10-20 16:39:00,Brasil,PARAÍBA,PEDRA BRANCA,Caatinga
 1657131281 ,3c6ff3fe-b762-3c79-9c70-e9d7b5df058d,   -7.436280 ,  -38.060190 ,2023-10-20 16:39:00,Brasil,PARAÍBA,PEDRA BRANCA,Caatinga
 1657131282 ,2f3adc4e-eca7-39a5-8491-d06c3182a379,   -7.412220 ,  -37.642300 ,2023-10-20 16:39:00,Brasil,PARAÍBA,ÁGUA BRANCA,Caatinga
 1657131283 ,94aee604-e97a-3066-8b4e-aeb62f4b6364,   -7.398690 ,  -38.419880 ,2023-10-20 16:39:00,Brasil,PARAÍBA,CONCEIÇÃO,Caatinga
 1657131287 ,a56e49d1-7985-342d-8511-d2e3e4e05657,   -7.251920 ,  -38.060020 ,2023-10-20 16:39:00,Brasil,PARAÍBA,PIANCÓ,Caatinga
 1657282074 ,d9a661ce-7eb4-3822-919c-87bf07f1663b,   -7.058630 ,  -34.963760 ,2023-10-21 15:44:00,Brasil,PARAÍBA,SANTA RITA,Mata Atlântica
 1657282108 ,ed8f3d3f-0aaf-311f-b398-4999cba63db4,   -7.071080 ,  -34.990080 ,2023-10-21 15:44:00,Brasil,PARAÍBA,SANTA RITA,Mata Atlântica
 1657282109 ,23478766-4ef4-3a17-9e45-ef229c3518af,   -7.066990 ,  -34.958150 ,2023-10-21 15:44:00,Brasil,PARAÍBA,SANTA RITA,Mata Atlântica
 1657282110 ,1ba23524-0a2b-3a0c-b0c1-c964f1ece806,   -7.062940 ,  -34.995770 ,2023-10-21 15:44:00,Brasil,PARAÍBA,SANTA RITA,Mata Atlântica
 1657440954 ,e8764481-6966-3769-860e-93c91a6626f2,   -7.497210 ,  -38.120890 ,2023-10-22 16:24:00,Brasil,PARAÍBA,CURRAL VELHO,Caatinga
 1657440955 ,882990d5-795f-3ae7-947c-f8f248cf887c,   -7.495840 ,  -38.111050 ,2023-10-22 16:24:00,Brasil,PARAÍBA,CURRAL VELHO,Caatinga
 1657440956 ,7a5a253a-b103-36d1-a42a-28a1e6627e8f,   -7.411580 ,  -37.959440 ,2023-10-22 16:24:00,Brasil,PARAÍBA,SANTANA DOS GARROTES,Caatinga
 1657440957 ,ce5fd1fc-aa7d-3aeb-8212-9bcfd151f213,   -7.408830 ,  -38.460950 ,2023-10-22 16:24:00,Brasil,PARAÍBA,CONCEIÇÃO,Caatinga
 1657440962 ,abe332e2-8986-3151-92b0-a92e713dccae,   -7.302640 ,  -37.516150 ,2023-10-22 16:24:00,Brasil,PARAÍBA,MÃE D'ÁGUA,Caatinga
 1657440969 ,b6cd144f-9953-3953-aa50-a12a3762b9e5,   -6.443180 ,  -38.475940 ,2023-10-22 16:24:00,Brasil,PARAÍBA,JOCA CLAUDINO,Caatinga
 1657440970 ,654e7075-c555-3876-9f2e-0852c087b751,   -6.441770 ,  -38.465800 ,2023-10-22 16:24:00,Brasil,PARAÍBA,JOCA CLAUDINO,Caatinga
 1657440972 ,aae88b5b-94e6-3a73-96b7-8a1ca273f689,   -6.306120 ,  -37.689950 ,2023-10-22 16:24:00,Brasil,PARAÍBA,CATOLÉ DO ROCHA,Caatinga
 1657440973 ,a14e0c0b-ba86-3959-91cb-a45567416dbc,   -6.295870 ,  -37.747980 ,2023-10-22 16:24:00,Brasil,PARAÍBA,CATOLÉ DO ROCHA,Caatinga
 1647931884 ,1dac5556-3445-33d9-aa23-0c4d6834aef0,   -6.619430 ,  -38.260190 ,2023-09-01 16:56:00,Brasil,PARAÍBA,SOUSA,Caatinga
 1647931885 ,41daa76f-2c0c-3077-ac8d-56a95690c9a5,   -6.627480 ,  -38.253590 ,2023-09-01 16:56:00,Brasil,PARAÍBA,SOUSA,Caatinga
 1647931908 ,aeaa2e8c-a0af-3014-bd64-51aecbaa49e2,   -7.473040 ,  -37.769390 ,2023-09-01 16:56:00,Brasil,PARAÍBA,JURU,Caatinga
 1647931909 ,bba4edd7-e793-382d-a118-4b2d92da925f,   -7.479240 ,  -37.763400 ,2023-09-01 16:56:00,Brasil,PARAÍBA,JURU,Caatinga
 1648059426 ,3dd9223c-d003-3e65-8edd-4b5ba268e6cc,   -7.191630 ,  -37.996210 ,2023-09-02 15:58:00,Brasil,PARAÍBA,PIANCÓ,Caatinga
 1648059427 ,441c60be-085a-3d2e-9c73-3531667d82be,   -7.183660 ,  -37.992310 ,2023-09-02 15:58:00,Brasil,PARAÍBA,PIANCÓ,Caatinga
 1647730200 ,0a51bd89-ff65-3fbe-a5ba-2e9202fd0ab2,   -6.933290 ,  -35.367550 ,2023-08-31 16:16:00,Brasil,PARAÍBA,ARAÇAGI,Caatinga
 1648689718 ,5f9c7f2a-33ea-375a-a9e6-7920aabaf553,   -7.673790 ,  -38.609450 ,2023-09-05 16:26:00,Brasil,PARAÍBA,SANTA INÊS,Caatinga
 1648689749 ,e82cee2d-a974-3fd4-9e29-348e048663c9,   -7.103960 ,  -34.947280 ,2023-09-05 16:26:00,Brasil,PARAÍBA,SANTA RITA,Mata Atlântica
 1648689750 ,148a060e-801c-372f-938f-ec44f0c7f3e9,   -7.095870 ,  -34.959450 ,2023-09-05 16:26:00,Brasil,PARAÍBA,SANTA RITA,Mata Atlântica
 1648689751 ,07730f86-c3bf-33ce-92b9-171d460f5ca4,   -7.094270 ,  -34.948780 ,2023-09-05 16:26:00,Brasil,PARAÍBA,SANTA RITA,Mata Atlântica
 1648689761 ,cc2ff184-4f1b-39c9-aec8-fc42822024c3,   -6.854670 ,  -38.670200 ,2023-09-05 16:26:00,Brasil,PARAÍBA,BOM JESUS,Caatinga
 1648955460 ,02d465ec-a4bf-31f6-8452-9f1c22c4c162,   -6.982820 ,  -38.697130 ,2023-09-06 17:09:00,Brasil,PARAÍBA,CACHOEIRA DOS ÍNDIOS,Caatinga
 1648955461 ,0c4c4a02-4562-3942-b781-afc20bb59740,   -6.976940 ,  -38.662820 ,2023-09-06 17:09:00,Brasil,PARAÍBA,CACHOEIRA DOS ÍNDIOS,Caatinga
 1648955462 ,5ad01a37-85e7-3f86-a82d-0fe259d37447,   -6.974890 ,  -38.706170 ,2023-09-06 17:09:00,Brasil,PARAÍBA,CACHOEIRA DOS ÍNDIOS,Caatinga
 1648955463 ,c25722e4-7a80-3e58-918c-3d11634f6e8b,   -6.969280 ,  -38.672130 ,2023-09-06 17:09:00,Brasil,PARAÍBA,CACHOEIRA DOS ÍNDIOS,Caatinga
 1648955464 ,e23fb4cf-eefe-331f-9472-912f871614e9,   -6.893050 ,  -38.653910 ,2023-09-06 17:09:00,Brasil,PARAÍBA,CACHOEIRA DOS ÍNDIOS,Caatinga
 1649140550 ,61205990-1d54-37cc-9f20-50f301b6e8e5,   -7.035310 ,  -37.261680 ,2023-09-07 16:13:00,Brasil,PARAÍBA,PATOS,Caatinga
 1649140553 ,04646b4e-71e7-3729-9049-f2ed0fc250fc,   -6.897380 ,  -38.217710 ,2023-09-07 16:13:00,Brasil,PARAÍBA,SÃO JOSÉ DA LAGOA TAPADA,Caatinga
 1649140554 ,16183398-167e-3a60-98dd-3433479b7e73,   -6.895630 ,  -38.204600 ,2023-09-07 16:13:00,Brasil,PARAÍBA,SÃO JOSÉ DA LAGOA TAPADA,Caatinga
 1649140555 ,9f609466-c0d1-3729-8857-601b7c49606e,   -6.893620 ,  -38.210090 ,2023-09-07 16:13:00,Brasil,PARAÍBA,SÃO JOSÉ DA LAGOA TAPADA,Caatinga
 1647551745 ,f39fb427-4772-33e2-84c4-da757400da63,   -6.936000 ,  -38.184290 ,2023-08-30 17:11:00,Brasil,PARAÍBA,SÃO JOSÉ DA LAGOA TAPADA,Caatinga
 1649559895 ,b42f0e7f-6d26-3572-93f3-b0c2f940ccd9,   -6.910860 ,  -38.233740 ,2023-09-09 15:58:00,Brasil,PARAÍBA,SÃO JOSÉ DA LAGOA TAPADA,Caatinga
 1649559896 ,82f320ef-6db8-3264-b2ac-59047d8ff298,   -6.907470 ,  -38.207420 ,2023-09-09 15:58:00,Brasil,PARAÍBA,SÃO JOSÉ DA LAGOA TAPADA,Caatinga
 1649559897 ,42cf533e-fda3-333d-b809-bc260baf4508,   -6.906700 ,  -38.211980 ,2023-09-09 15:58:00,Brasil,PARAÍBA,SÃO JOSÉ DA LAGOA TAPADA,Caatinga
 1657874492 ,3458f5d3-3a97-3c26-b678-badeb5cd406a,   -7.708760 ,  -37.042270 ,2023-10-24 16:09:00,Brasil,PARAÍBA,PRATA,Caatinga
 1657874495 ,fade70c4-64f6-31b9-9b70-31cbb9e277fd,   -7.642840 ,  -37.835970 ,2023-10-24 16:09:00,Brasil,PARAÍBA,TAVARES,Caatinga
 1657874496 ,b47d3c38-eedd-3001-9bdb-e3e8f5fe755e,   -7.640640 ,  -37.819370 ,2023-10-24 16:09:00,Brasil,PARAÍBA,TAVARES,Caatinga
 1657874507 ,ff8aa4d8-3cac-391a-b981-2758dd473dde,   -7.496630 ,  -37.751910 ,2023-10-24 16:09:00,Brasil,PARAÍBA,JURU,Caatinga
 1657874510 ,e71d53f6-6aa6-317f-bd92-1e27a2de93d9,   -7.351730 ,  -37.531910 ,2023-10-24 16:09:00,Brasil,PARAÍBA,IMACULADA,Caatinga
 1657874511 ,d9b73495-5fbd-34c2-80d5-112644d4776b,   -7.302010 ,  -38.519650 ,2023-10-24 16:09:00,Brasil,PARAÍBA,BONITO DE SANTA FÉ,Caatinga
 1657874521 ,0c1cf1a3-9641-34ca-a2a9-6d4115e64a28,   -7.023900 ,  -37.231350 ,2023-10-24 16:09:00,Brasil,PARAÍBA,PATOS,Caatinga
 1657874522 ,c256942f-c2cc-330e-8cea-0c8004c3115b,   -6.948800 ,  -38.519210 ,2023-10-24 16:09:00,Brasil,PARAÍBA,CAJAZEIRAS,Caatinga
 1657874523 ,47d11b6f-8637-3c3b-b8e0-1ddfec0342cb,   -6.490940 ,  -38.251540 ,2023-10-24 16:09:00,Brasil,PARAÍBA,VIEIRÓPOLIS,Caatinga
 1657874532 ,bddbbc6a-53cd-3140-9b59-b244cc90a07f,   -6.384290 ,  -38.590230 ,2023-10-24 16:09:00,Brasil,PARAÍBA,POÇO DANTAS,Caatinga
 1650226199 ,24c39bdb-8be2-3e62-88ee-c3c4a6260e62,   -7.537340 ,  -38.392690 ,2023-09-12 16:24:00,Brasil,PARAÍBA,IBIARA,Caatinga
 1650226207 ,4649ff3f-0dc5-32d2-af75-0730209ea7c5,   -7.377790 ,  -38.302680 ,2023-09-12 16:24:00,Brasil,PARAÍBA,DIAMANTE,Caatinga
 1650226208 ,5fb52573-d3ec-3b18-8749-2428a5b2fb38,   -7.353570 ,  -37.678990 ,2023-09-12 16:24:00,Brasil,PARAÍBA,IMACULADA,Caatinga
 1650226209 ,1b47daf2-494e-3455-b78b-971774cf5db1,   -7.335830 ,  -37.811910 ,2023-09-12 16:24:00,Brasil,PARAÍBA,OLHO D'ÁGUA,Caatinga
 1650226212 ,a5f69e83-4c92-338f-949f-54ff3410c3ea,   -7.264220 ,  -36.868370 ,2023-09-12 16:24:00,Brasil,PARAÍBA,TAPEROÁ,Caatinga
 1650226223 ,5bb4a2fb-5eb9-3d2e-a507-aefa76849556,   -6.907480 ,  -38.229220 ,2023-09-12 16:24:00,Brasil,PARAÍBA,SÃO JOSÉ DA LAGOA TAPADA,Caatinga
 1650226224 ,de23ae81-7534-3200-8dc1-f00c900d25d7,   -6.906160 ,  -38.220000 ,2023-09-12 16:24:00,Brasil,PARAÍBA,SÃO JOSÉ DA LAGOA TAPADA,Caatinga
 1650226226 ,909b6caf-377b-3cb2-84ab-4d8fd4e2e0c5,   -6.901070 ,  -38.249150 ,2023-09-12 16:24:00,Brasil,PARAÍBA,SÃO JOSÉ DA LAGOA TAPADA,Caatinga
 1650226228 ,e9bf5277-09d2-30b8-bc85-b95b63f7aae6,   -6.884610 ,  -38.394590 ,2023-09-12 16:24:00,Brasil,PARAÍBA,SÃO JOÃO DO RIO DO PEIXE,Caatinga
 1650226229 ,5052cbbb-bc6e-3799-953b-034046885980,   -6.875490 ,  -38.395920 ,2023-09-12 16:24:00,Brasil,PARAÍBA,SÃO JOÃO DO RIO DO PEIXE,Caatinga
 1650226230 ,a47d7243-6a9f-3025-a963-7af35ee5a5f4,   -6.870130 ,  -38.615360 ,2023-09-12 16:24:00,Brasil,PARAÍBA,CAJAZEIRAS,Caatinga
 1650226238 ,6c0b7be5-5926-381b-ba13-ea89f6c22d1e,   -6.329260 ,  -37.794830 ,2023-09-12 16:24:00,Brasil,PARAÍBA,CATOLÉ DO ROCHA,Caatinga
 1650386335 ,ff58211e-2fdf-3750-8b0d-7e97da3151c3,   -6.615180 ,  -38.092440 ,2023-09-13 17:07:00,Brasil,PARAÍBA,SÃO FRANCISCO,Caatinga
 1650386336 ,733ec7cb-3afa-3640-b148-3d257b5be388,   -7.523150 ,  -38.640900 ,2023-09-13 17:07:00,Brasil,PARAÍBA,CONCEIÇÃO,Caatinga
 1650386337 ,2175785a-7175-37d1-bb48-c2f189f71dd4,   -6.620260 ,  -38.086720 ,2023-09-13 17:07:00,Brasil,PARAÍBA,SÃO FRANCISCO,Caatinga
 1650386338 ,541e6d8c-9c84-3ebd-9aa7-5dee6b2d0e55,   -7.526520 ,  -38.647560 ,2023-09-13 17:07:00,Brasil,PARAÍBA,CONCEIÇÃO,Caatinga
 1650527443 ,87209d5e-453e-31a4-9e79-2505b5e18e9e,   -7.708160 ,  -35.764200 ,2023-09-14 16:09:00,Brasil,PARAÍBA,UMBUZEIRO,Caatinga
 1650527450 ,627fb600-b5b8-37cd-8f02-ab65a9383ec1,   -7.349770 ,  -37.402680 ,2023-09-14 16:11:00,Brasil,PARAÍBA,IMACULADA,Caatinga
 1650527451 ,24cd4fac-75e9-3248-8041-8e8ac432a3d9,   -7.344310 ,  -37.396480 ,2023-09-14 16:11:00,Brasil,PARAÍBA,IMACULADA,Caatinga
 1650527452 ,1fe79284-2412-3a19-952d-15362c6eddf4,   -7.346170 ,  -37.409710 ,2023-09-14 16:11:00,Brasil,PARAÍBA,IMACULADA,Caatinga
 1650527453 ,0d02319f-7679-379e-b1ef-d5ef0b5964ef,   -7.339030 ,  -37.404310 ,2023-09-14 16:11:00,Brasil,PARAÍBA,IMACULADA,Caatinga
 1650527464 ,0dcc8f50-a16b-3823-b557-8924a2823750,   -6.541440 ,  -37.614030 ,2023-09-14 16:11:00,Brasil,PARAÍBA,PAULISTA,Caatinga
 1650527465 ,040fe348-cc17-3d95-9e5b-fcf6d64f335c,   -6.539700 ,  -37.601060 ,2023-09-14 16:11:00,Brasil,PARAÍBA,PAULISTA,Caatinga
 1650527466 ,c79f828d-4091-3380-9bea-51d4d73ad080,   -6.537140 ,  -37.606510 ,2023-09-14 16:11:00,Brasil,PARAÍBA,PAULISTA,Caatinga
 1650527470 ,1a9b9b08-3281-3810-975e-c22d1a17eb41,   -6.202130 ,  -37.340840 ,2023-09-14 16:11:00,Brasil,PARAÍBA,SÃO JOSÉ DO BREJO DO CRUZ,Caatinga
 1650527546 ,bcef257d-83ed-3644-9381-cf2cf88fc950,   -7.500400 ,  -37.598130 ,2023-09-14 16:11:00,Brasil,PARAÍBA,ÁGUA BRANCA,Caatinga
 1647370294 ,15bdb640-07f6-3aeb-8766-075fd954c30a,   -7.478840 ,  -37.750690 ,2023-08-29 16:28:00,Brasil,PARAÍBA,JURU,Caatinga
 1647370301 ,755f1b2b-a9e0-357e-b543-cf0dee44b3e9,   -6.576420 ,  -38.324610 ,2023-08-29 16:28:00,Brasil,PARAÍBA,UIRAÚNA,Caatinga
 1647370302 ,1a6e155a-8660-3e2c-946f-a2478a29d4cb,   -6.575140 ,  -38.315700 ,2023-08-29 16:28:00,Brasil,PARAÍBA,UIRAÚNA,Caatinga
 1647370304 ,34ef430b-0245-3e98-aeee-c48a0bbf2293,   -6.308690 ,  -37.811200 ,2023-08-29 16:28:00,Brasil,PARAÍBA,CATOLÉ DO ROCHA,Caatinga
 1647370305 ,977639b4-cafc-37f4-b1b7-0b64daff2071,   -6.307390 ,  -37.802280 ,2023-08-29 16:28:00,Brasil,PARAÍBA,CATOLÉ DO ROCHA,Caatinga
 1650694277 ,5905f8bb-438b-35a3-a196-41655e63cfa1,   -6.531330 ,  -37.610000 ,2023-09-15 16:52:00,Brasil,PARAÍBA,PAULISTA,Caatinga
 1650694286 ,ddd30abd-09b1-308d-840d-09544132e598,   -6.804240 ,  -38.483010 ,2023-09-15 16:52:00,Brasil,PARAÍBA,SÃO JOÃO DO RIO DO PEIXE,Caatinga
 1650694287 ,3e530127-6723-3a45-9dfa-cad31a8cc238,   -6.801580 ,  -38.466430 ,2023-09-15 16:52:00,Brasil,PARAÍBA,SÃO JOÃO DO RIO DO PEIXE,Caatinga
 1651217292 ,e565d680-771f-391a-a0f6-b0d5954641c1,   -7.008230 ,  -37.920160 ,2023-09-17 16:39:00,Brasil,PARAÍBA,COREMAS,Caatinga
 1651949380 ,0c6ed0a1-1127-339d-aa91-a0609dccc586,   -7.029940 ,  -35.418750 ,2023-09-21 16:09:00,Brasil,PARAÍBA,MULUNGU,Caatinga
 1652166383 ,78cd1865-5304-3f1e-a396-e8054bb70eed,   -7.481100 ,  -38.618930 ,2023-09-22 16:50:00,Brasil,PARAÍBA,CONCEIÇÃO,Caatinga
 1652166384 ,0109c1e1-bba3-3d1f-a49c-e16f1f3d46ce,   -7.020530 ,  -38.316440 ,2023-09-22 16:50:00,Brasil,PARAÍBA,CARRAPATEIRA,Caatinga
 1652166385 ,a726353b-38bb-36ae-9498-a547d8bce5c4,   -6.879240 ,  -38.663090 ,2023-09-22 16:50:00,Brasil,PARAÍBA,CACHOEIRA DOS ÍNDIOS,Caatinga
 1652166386 ,bbf95fbe-3c1d-3075-b02f-e18aba0725aa,   -6.877010 ,  -38.648870 ,2023-09-22 16:50:00,Brasil,PARAÍBA,CACHOEIRA DOS ÍNDIOS,Caatinga
 1652166387 ,fa5be59f-a680-393f-9db6-b179103b1fb4,   -6.804390 ,  -38.473220 ,2023-09-22 16:50:00,Brasil,PARAÍBA,SÃO JOÃO DO RIO DO PEIXE,Caatinga
 1652514621 ,89338553-8f5d-3ed9-9e96-6a2c41542c13,   -7.096840 ,  -37.998770 ,2023-09-23 15:54:00,Brasil,PARAÍBA,COREMAS,Caatinga
 1652514622 ,40bbda94-4a51-3399-918b-d07566a91a5e,   -7.491610 ,  -38.364150 ,2023-09-23 15:54:00,Brasil,PARAÍBA,IBIARA,Caatinga
 1652514623 ,191a8740-146b-3b23-8a78-50a6725142f0,   -7.497560 ,  -38.358810 ,2023-09-23 15:54:00,Brasil,PARAÍBA,IBIARA,Caatinga
 1652768113 ,ae0ba125-4e25-39ec-8639-ba07a4823e1f,   -7.300940 ,  -38.092410 ,2023-09-24 16:35:00,Brasil,PARAÍBA,ITAPORANGA,Caatinga
 1652768150 ,37222ec9-5d0a-3b02-bfee-6b69b415dfe6,   -7.299550 ,  -38.083050 ,2023-09-24 16:35:00,Brasil,PARAÍBA,PIANCÓ,Caatinga
 1652768294 ,05defb74-f8c7-3753-8b48-0cc9e4e22333,   -7.204590 ,  -38.562820 ,2023-09-24 16:35:00,Brasil,PARAÍBA,MONTE HOREBE,Caatinga
 1652768295 ,6c329861-ffe7-36ff-890a-5f4ad79d8ae5,   -7.203250 ,  -38.553680 ,2023-09-24 16:35:00,Brasil,PARAÍBA,MONTE HOREBE,Caatinga
 1652768296 ,54a53bf2-49f5-38c5-9949-dd573f23fc00,   -7.195600 ,  -38.564140 ,2023-09-24 16:35:00,Brasil,PARAÍBA,MONTE HOREBE,Caatinga
 1652768297 ,93b10848-df36-3d90-8a7c-ba72f28f2ded,   -7.194260 ,  -38.555030 ,2023-09-24 16:35:00,Brasil,PARAÍBA,MONTE HOREBE,Caatinga
 1653148951 ,502e2748-ca1d-3346-957f-8a85bb0e7de3,   -7.580000 ,  -38.454080 ,2023-09-26 16:22:00,Brasil,PARAÍBA,CONCEIÇÃO,Caatinga
 1653148952 ,042e4595-4b79-39b3-9fb3-524a46305062,   -7.561280 ,  -37.744030 ,2023-09-26 16:22:00,Brasil,PARAÍBA,ÁGUA BRANCA,Caatinga
 1653148955 ,58c9b429-6c8a-32d6-b814-d2473e3bb0eb,   -7.361950 ,  -38.495800 ,2023-09-26 16:22:00,Brasil,PARAÍBA,BONITO DE SANTA FÉ,Caatinga
 1653148960 ,891529b3-e03c-33b9-91bc-91051faee865,   -7.261590 ,  -38.296520 ,2023-09-26 16:22:00,Brasil,PARAÍBA,SÃO JOSÉ DE CAIANA,Caatinga
 1653148961 ,7c93f1b5-6e44-3459-b30b-cf3d5d87045e,   -7.260110 ,  -38.286000 ,2023-09-26 16:22:00,Brasil,PARAÍBA,SÃO JOSÉ DE CAIANA,Caatinga
 1653148963 ,bab1cc5d-6b36-32f6-a5f8-9cd8e76f9c3b,   -7.242080 ,  -35.064670 ,2023-09-26 16:22:00,Brasil,PARAÍBA,PEDRAS DE FOGO,Mata Atlântica
 1653148964 ,369e881a-e9d3-3330-9c90-2db79cb0b1f9,   -7.108040 ,  -36.885350 ,2023-09-26 16:22:00,Brasil,PARAÍBA,SALGADINHO,Caatinga
 1653148965 ,3460b58d-9947-3220-b85f-8ec9a56126f1,   -7.105120 ,  -38.111380 ,2023-09-26 16:22:00,Brasil,PARAÍBA,IGARACY,Caatinga
 1653148966 ,5bf1b2d6-1b39-3bd9-a31c-99266481e3b9,   -6.987470 ,  -38.375290 ,2023-09-26 16:22:00,Brasil,PARAÍBA,NAZAREZINHO,Caatinga
 1653148968 ,1022ceb3-ad5a-37c5-955c-9f844500d1ff,   -6.948480 ,  -37.788050 ,2023-09-26 16:22:00,Brasil,PARAÍBA,CAJAZEIRINHAS,Caatinga
 1653342007 ,31100312-2bfb-32eb-a28b-aa5be3c90f86,   -7.463640 ,  -38.324090 ,2023-09-27 17:02:00,Brasil,PARAÍBA,IBIARA,Caatinga
 1653342008 ,77672bd2-b9dd-3852-af50-94ea3f7c9672,   -7.462220 ,  -38.329400 ,2023-09-27 17:02:00,Brasil,PARAÍBA,IBIARA,Caatinga
 1653342010 ,1cf8c32f-59ed-3b3e-8df3-0be57b873c57,   -7.377830 ,  -38.558850 ,2023-09-27 17:02:00,Brasil,PARAÍBA,CONCEIÇÃO,Caatinga
 1653342011 ,eeedd207-0c86-3b6c-9248-4fcf6db36aa0,   -7.371760 ,  -38.433430 ,2023-09-27 17:02:00,Brasil,PARAÍBA,CONCEIÇÃO,Caatinga
 1653342012 ,592454f4-dd6e-30b0-8d6f-04bbd695eb79,   -7.357010 ,  -38.542700 ,2023-09-27 17:02:00,Brasil,PARAÍBA,CONCEIÇÃO,Caatinga
 1653342014 ,251ff553-042c-3b76-812a-bfa524daf3c1,   -7.345790 ,  -38.540130 ,2023-09-27 17:02:00,Brasil,PARAÍBA,CONCEIÇÃO,Caatinga
 1653469262 ,c7bef264-0ac2-3d24-9d12-f43b0265f595,   -7.466920 ,  -37.774120 ,2023-09-28 16:07:00,Brasil,PARAÍBA,JURU,Caatinga
 1653469263 ,96631a37-6b39-3c94-88a2-453c10754388,   -7.464600 ,  -37.756070 ,2023-09-28 16:07:00,Brasil,PARAÍBA,JURU,Caatinga
 1653469264 ,fa50a34b-6e47-3880-9401-0022b93fa508,   -7.461300 ,  -37.763540 ,2023-09-28 16:07:00,Brasil,PARAÍBA,JURU,Caatinga
 1653469273 ,129d006e-48c9-38a7-a275-98e0e044e3ad,   -7.319370 ,  -38.538070 ,2023-09-28 16:07:00,Brasil,PARAÍBA,BONITO DE SANTA FÉ,Caatinga
 1653469275 ,09a4dc5e-d008-30e5-8697-49aac86acdcc,   -7.316420 ,  -38.533710 ,2023-09-28 16:07:00,Brasil,PARAÍBA,BONITO DE SANTA FÉ,Caatinga
 1653469277 ,9fdaf282-4aa0-3d45-a975-7b0ff836b739,   -7.284020 ,  -37.220620 ,2023-09-28 16:07:00,Brasil,PARAÍBA,TEIXEIRA,Caatinga
 1653469282 ,e6a888fc-6394-3307-bffe-be416beab97a,   -6.996230 ,  -38.377890 ,2023-09-28 16:07:00,Brasil,PARAÍBA,SÃO JOSÉ DE PIRANHAS,Caatinga
 1653469284 ,3b14a6d9-6294-392a-888c-6cba447babc4,   -6.971320 ,  -38.585450 ,2023-09-28 16:07:00,Brasil,PARAÍBA,CAJAZEIRAS,Caatinga
 1653469285 ,6818c164-a95e-32ea-b54e-c861502da5ba,   -6.888290 ,  -38.644050 ,2023-09-28 16:07:00,Brasil,PARAÍBA,CACHOEIRA DOS ÍNDIOS,Caatinga
 1653469287 ,05082651-5819-3376-812e-efe18514c810,   -6.885580 ,  -38.623450 ,2023-09-28 16:07:00,Brasil,PARAÍBA,CAJAZEIRAS,Caatinga
 1653469295 ,87cc1220-c5dd-347a-8211-225a22bb3a72,   -6.423840 ,  -38.490620 ,2023-09-28 16:07:00,Brasil,PARAÍBA,POÇO DANTAS,Caatinga
 1653616282 ,7b3bd195-a10c-362c-a671-2aae1877873f,   -7.694660 ,  -38.486830 ,2023-09-29 16:48:00,Brasil,PARAÍBA,SANTA INÊS,Caatinga
 1653616283 ,28c8f6b6-57de-3956-814f-b4e7aa951b6f,   -7.643070 ,  -38.363390 ,2023-09-29 16:48:00,Brasil,PARAÍBA,SANTANA DE MANGUEIRA,Caatinga
 1653616284 ,5c2a9edc-1e69-3434-8808-fc0c0592b003,   -7.535720 ,  -37.903170 ,2023-09-29 16:48:00,Brasil,PARAÍBA,TAVARES,Caatinga
 1653616287 ,548f1dd6-1847-3590-ac15-f3a55e614973,   -7.251320 ,  -38.522260 ,2023-09-29 16:50:00,Brasil,PARAÍBA,BONITO DE SANTA FÉ,Caatinga
 1653616288 ,fc2e4c20-b2da-3fc8-a2ee-5ef65bafc320,   -7.168260 ,  -38.515900 ,2023-09-29 16:50:00,Brasil,PARAÍBA,SÃO JOSÉ DE PIRANHAS,Caatinga
 1653616289 ,7b97d579-dae4-3e20-a218-690274447d94,   -7.166320 ,  -38.503100 ,2023-09-29 16:50:00,Brasil,PARAÍBA,SÃO JOSÉ DE PIRANHAS,Caatinga
 1653616290 ,0abc2fad-77bf-31b4-ba1f-34b94f75ab9f,   -7.120290 ,  -38.415530 ,2023-09-29 16:50:00,Brasil,PARAÍBA,SÃO JOSÉ DE PIRANHAS,Caatinga
 1653616291 ,b25d3553-fab8-329a-a4d8-86c9069c2413,   -7.118280 ,  -38.402530 ,2023-09-29 16:50:00,Brasil,PARAÍBA,SÃO JOSÉ DE PIRANHAS,Caatinga
 1653740108 ,d474d521-8cf7-3e8c-bedd-747dc64a383c,   -7.481800 ,  -37.779190 ,2023-09-30 15:52:00,Brasil,PARAÍBA,JURU,Caatinga
 1653740109 ,20e2c03a-b755-35c8-9838-515855b03a71,   -7.471330 ,  -37.772810 ,2023-09-30 15:52:00,Brasil,PARAÍBA,JURU,Caatinga
 1653740110 ,7a62c8dc-8e50-35c8-8413-c282efb57905,   -7.255300 ,  -37.864290 ,2023-09-30 15:52:00,Brasil,PARAÍBA,OLHO D'ÁGUA,Caatinga
 1653740111 ,19b9799f-f2ff-309a-aa43-28856cd39383,   -7.243700 ,  -37.860670 ,2023-09-30 15:52:00,Brasil,PARAÍBA,PIANCÓ,Caatinga
 1641478443 ,ec5472b4-a98c-3ea6-9562-b92db6bb5c02,   -6.527840 ,  -38.001130 ,2023-08-01 16:37:00,Brasil,PARAÍBA,SANTA CRUZ,Caatinga
 1641478444 ,fc58b5e0-77e1-3a9f-87e1-f17420858db9,   -6.526360 ,  -37.991100 ,2023-08-01 16:37:00,Brasil,PARAÍBA,BOM SUCESSO,Caatinga
 1641478447 ,3f0a8f3e-e621-3b0e-b784-747267e75840,   -6.503140 ,  -38.159110 ,2023-08-01 16:37:00,Brasil,PARAÍBA,LASTRO,Caatinga
 1641478451 ,49934d77-e404-3840-90d2-0c4ca271b615,   -6.935800 ,  -38.103540 ,2023-08-01 16:37:00,Brasil,PARAÍBA,SÃO JOSÉ DA LAGOA TAPADA,Caatinga
 1641478452 ,febffb87-0c40-3d30-bb4f-fbb545027fc2,   -6.931550 ,  -38.109860 ,2023-08-01 16:37:00,Brasil,PARAÍBA,SÃO JOSÉ DA LAGOA TAPADA,Caatinga
 1641478453 ,5a0923c0-d7ea-3db1-99d4-a2d44e9327f0,   -6.930090 ,  -38.099900 ,2023-08-01 16:37:00,Brasil,PARAÍBA,SÃO JOSÉ DA LAGOA TAPADA,Caatinga
 1641478454 ,d7fe84d0-04dd-3316-9bde-b9c55e56a244,   -6.660760 ,  -38.411090 ,2023-08-01 16:37:00,Brasil,PARAÍBA,SÃO JOÃO DO RIO DO PEIXE,Caatinga
 1642952021 ,08926e67-a095-3e03-9472-b90777116c41,   -6.613330 ,  -37.610320 ,2023-08-08 16:35:00,Brasil,PARAÍBA,PAULISTA,Caatinga
 1643426330 ,4a83c0ea-09e7-32bf-a6b2-e9152fe408c5,   -6.987680 ,  -37.617020 ,2023-08-10 16:20:00,Brasil,PARAÍBA,CONDADO,Caatinga
 1643979733 ,6a340e9a-39be-33c2-9644-4c49e0b25630,   -6.619070 ,  -38.385000 ,2023-08-13 16:48:00,Brasil,PARAÍBA,SÃO JOÃO DO RIO DO PEIXE,Caatinga
 1644419869 ,5aaa255d-dc0d-341f-964d-ba1308eaccd9,   -7.424210 ,  -38.397230 ,2023-08-15 16:33:00,Brasil,PARAÍBA,DIAMANTE,Caatinga
 1644419871 ,7cff0471-3a41-3b3b-8f2a-78e693e6dcf7,   -7.422890 ,  -38.388210 ,2023-08-15 16:33:00,Brasil,PARAÍBA,DIAMANTE,Caatinga
 1645016109 ,9675ccfb-52eb-3931-855e-284bd1c6285c,   -6.845460 ,  -38.556990 ,2023-08-18 17:00:00,Brasil,PARAÍBA,CAJAZEIRAS,Caatinga
 1645016110 ,1e26e015-3eb3-3bd6-9d51-b08aeb6a3a22,   -6.841470 ,  -38.532750 ,2023-08-18 17:00:00,Brasil,PARAÍBA,CAJAZEIRAS,Caatinga
 1645016111 ,30723356-124f-3133-ba77-dc67fc805f73,   -6.836490 ,  -38.541290 ,2023-08-18 17:00:00,Brasil,PARAÍBA,CAJAZEIRAS,Caatinga
 1645799025 ,39cfd48e-3a81-3999-a23d-c888e489d881,   -7.388290 ,  -37.698030 ,2023-08-22 16:33:00,Brasil,PARAÍBA,ÁGUA BRANCA,Caatinga
 1645799050 ,6df091b5-5cc1-3686-b1d7-805ae6ec603c,   -6.434110 ,  -38.414250 ,2023-08-22 16:33:00,Brasil,PARAÍBA,UIRAÚNA,Caatinga
 1646315725 ,16cdf863-3f47-34e4-b0a7-ab0e15699af1,   -7.201120 ,  -37.406110 ,2023-08-24 16:18:00,Brasil,PARAÍBA,MÃE D'ÁGUA,Caatinga
 1646315741 ,1acdcced-082a-3f90-ad26-61a4933b4d0d,   -6.831460 ,  -38.575090 ,2023-08-24 16:18:00,Brasil,PARAÍBA,CAJAZEIRAS,Caatinga
 1646315742 ,7f3e4d39-6db3-3b03-bb87-dfb7d92b24be,   -6.829790 ,  -38.563000 ,2023-08-24 16:18:00,Brasil,PARAÍBA,CAJAZEIRAS,Caatinga
 1647005980 ,832e5f7b-8122-3af1-a3ab-3beb994924ec,   -7.086840 ,  -34.967850 ,2023-08-27 16:43:00,Brasil,PARAÍBA,SANTA RITA,Mata Atlântica
 1637692654 ,c82c8504-2f1a-31e7-bd4f-c44b76a6f47b,   -7.048590 ,  -35.745080 ,2023-07-13 16:24:00,Brasil,PARAÍBA,ALAGOA NOVA,Caatinga
 1658065022 ,d0def4a6-7891-33e2-be24-f93f52652600,   -6.422960 ,  -38.473010 ,2023-10-25 16:52:00,Brasil,PARAÍBA,JOCA CLAUDINO,Caatinga
 1658065023 ,a8482a28-f0f9-38d7-8ccb-396aaf6d7bca,   -6.420630 ,  -38.458270 ,2023-10-25 16:52:00,Brasil,PARAÍBA,JOCA CLAUDINO,Caatinga
 1658065024 ,8262802a-f7a7-3952-b561-6c0597db6cde,   -6.420190 ,  -38.465420 ,2023-10-25 16:52:00,Brasil,PARAÍBA,JOCA CLAUDINO,Caatinga
 1658065042 ,d0fd5814-ba04-3c2e-8185-723e3e97e8a8,   -7.606650 ,  -38.249390 ,2023-10-25 16:52:00,Brasil,PARAÍBA,SANTANA DE MANGUEIRA,Caatinga
 1658065043 ,a398e0cc-02f6-3f04-b657-1e786f0d3515,   -7.595520 ,  -38.250980 ,2023-10-25 16:52:00,Brasil,PARAÍBA,SANTANA DE MANGUEIRA,Caatinga
 1658065044 ,fee00282-be79-368f-8357-66c73b967f07,   -7.593260 ,  -38.236730 ,2023-10-25 16:52:00,Brasil,PARAÍBA,SANTANA DE MANGUEIRA,Caatinga
 1658065045 ,cb617849-57a2-3bbd-82d5-810406850bbc,   -7.564930 ,  -38.348440 ,2023-10-25 16:52:00,Brasil,PARAÍBA,SANTANA DE MANGUEIRA,Caatinga
 1658065046 ,231d1dae-e734-3098-828d-2f16c15cb9b7,   -7.545080 ,  -38.366040 ,2023-10-25 16:52:00,Brasil,PARAÍBA,SANTANA DE MANGUEIRA,Caatinga
 1658065047 ,60ccf4fa-d457-395c-9dee-f4e4a3d9c16a,   -7.542850 ,  -38.351780 ,2023-10-25 16:52:00,Brasil,PARAÍBA,SANTANA DE MANGUEIRA,Caatinga
 1658065053 ,7b588073-a032-3a32-aa7d-5a32195403ac,   -7.057180 ,  -38.194460 ,2023-10-25 16:52:00,Brasil,PARAÍBA,AGUIAR,Caatinga
 1658065054 ,bf081206-5af1-37e5-b7d8-ac2c3a6bf67e,   -7.054810 ,  -38.179340 ,2023-10-25 16:52:00,Brasil,PARAÍBA,AGUIAR,Caatinga
 1635246185 ,589af820-210d-30b3-8608-0f85dc6eca5a,   -7.266210 ,  -37.983630 ,2023-06-29 16:26:00,Brasil,PARAÍBA,PIANCÓ,Caatinga
 1616398581 ,8748c7b5-7ee0-3afa-936b-0eb5a3386a15,   -7.402750 ,  -36.925220 ,2023-01-14 15:54:00,Brasil,PARAÍBA,SÃO JOSÉ DOS CORDEIROS,Caatinga
 1616398584 ,e5f10b9e-dc70-3070-ade7-027a716ebf0f,   -7.399330 ,  -36.937180 ,2023-01-14 15:54:00,Brasil,PARAÍBA,SÃO JOSÉ DOS CORDEIROS,Caatinga
 1616398587 ,be61cda9-d3af-353f-abd9-c4d8299d2b19,   -7.404980 ,  -36.941390 ,2023-01-14 15:54:00,Brasil,PARAÍBA,SÃO JOSÉ DOS CORDEIROS,Caatinga
 1658441111 ,01ebdc97-40e7-3fe5-9ef6-60863285f89f,   -6.301080 ,  -37.730280 ,2023-10-27 16:37:00,Brasil,PARAÍBA,CATOLÉ DO ROCHA,Caatinga
 1658441115 ,21fb4d4b-ec7f-3e34-b369-b8ecbc6531f0,   -6.505700 ,  -37.548800 ,2023-10-27 16:37:00,Brasil,PARAÍBA,RIACHO DOS CAVALOS,Caatinga
 1658441116 ,90b76aec-d60d-3f65-b85c-180277a93e36,   -6.504270 ,  -37.539150 ,2023-10-27 16:37:00,Brasil,PARAÍBA,RIACHO DOS CAVALOS,Caatinga
 1658441132 ,71f2fe18-758d-3984-a47b-c59d270a4c1b,   -6.426230 ,  -38.388110 ,2023-10-27 16:37:00,Brasil,PARAÍBA,UIRAÚNA,Caatinga
 1658441135 ,0ac6d32a-966a-35f7-8288-f3194eaf9c41,   -6.302520 ,  -37.739910 ,2023-10-27 16:37:00,Brasil,PARAÍBA,CATOLÉ DO ROCHA,Caatinga
 1658441140 ,48c4de72-1e4d-36ff-bab5-56333dc49bbb,   -6.525650 ,  -38.441780 ,2023-10-27 16:37:00,Brasil,PARAÍBA,UIRAÚNA,Caatinga
 1658441141 ,f684eb1b-3c3a-3893-94b7-a5576f45cee4,   -6.524310 ,  -38.432670 ,2023-10-27 16:37:00,Brasil,PARAÍBA,UIRAÚNA,Caatinga
 1658441142 ,8cb4bf3e-3a1e-3d1e-8674-fb1a93ccf256,   -7.487740 ,  -38.532780 ,2023-10-27 16:37:00,Brasil,PARAÍBA,CONCEIÇÃO,Caatinga
 1658441143 ,297feb89-0105-37d2-9ac8-8c2e4d5a79f5,   -7.427800 ,  -38.310500 ,2023-10-27 16:37:00,Brasil,PARAÍBA,DIAMANTE,Caatinga
 1658441144 ,ea810f9f-4808-34ac-ba3a-943939962481,   -7.153290 ,  -38.004260 ,2023-10-27 16:37:00,Brasil,PARAÍBA,COREMAS,Caatinga
 1658441147 ,0c733bf8-c37d-3f9b-9fa3-25cf37d01106,   -7.583830 ,  -37.741590 ,2023-10-27 16:37:00,Brasil,PARAÍBA,JURU,Caatinga
 1658441148 ,e0b3be43-870d-3b5d-8f73-92cc9444121d,   -7.467400 ,  -38.267400 ,2023-10-27 16:37:00,Brasil,PARAÍBA,DIAMANTE,Caatinga
 1658441149 ,6445b702-9170-3a9a-b9f5-796b6559d539,   -7.420150 ,  -38.320920 ,2023-10-27 16:37:00,Brasil,PARAÍBA,DIAMANTE,Caatinga
 1658441150 ,c4ed2b30-8d69-311a-b2e3-55a1cb5d382d,   -7.183170 ,  -38.272430 ,2023-10-27 16:37:00,Brasil,PARAÍBA,ITAPORANGA,Caatinga
 1658441151 ,2c74e077-5692-364b-b3e6-b93d279e14d1,   -7.006860 ,  -38.080080 ,2023-10-27 16:37:00,Brasil,PARAÍBA,COREMAS,Caatinga
 1658441152 ,3f63533c-9871-3fae-8625-d50892ee0e2a,   -6.587530 ,  -38.481480 ,2023-10-27 16:37:00,Brasil,PARAÍBA,POÇO DE JOSÉ DE MOURA,Caatinga
 1658441155 ,92b2ed59-2dba-3bb4-be4a-c23de55eb02b,   -7.466080 ,  -38.258310 ,2023-10-27 16:37:00,Brasil,PARAÍBA,DIAMANTE,Caatinga
 1658441156 ,fc7db9a6-2a4b-3cfe-81f8-974aa864912d,   -7.015920 ,  -38.078790 ,2023-10-27 16:37:00,Brasil,PARAÍBA,COREMAS,Caatinga
 1658441159 ,b7017770-0d9e-3af7-a623-bc9de56e430e,   -7.437740 ,  -37.621770 ,2023-10-27 16:37:00,Brasil,PARAÍBA,ÁGUA BRANCA,Caatinga
 1658441160 ,774ebccb-9cf2-3892-9acb-1d22cd56abd5,   -7.429130 ,  -38.319570 ,2023-10-27 16:37:00,Brasil,PARAÍBA,DIAMANTE,Caatinga
 1658441161 ,1369b640-9863-3092-90b8-291ea950e063,   -7.275730 ,  -38.086810 ,2023-10-27 16:37:00,Brasil,PARAÍBA,PIANCÓ,Caatinga
 1658777425 ,ec775a26-9c53-3798-bb07-64c6ca7349e8,   -7.565720 ,  -38.257050 ,2023-10-29 16:22:00,Brasil,PARAÍBA,DIAMANTE,Caatinga
 1658777426 ,98c1a84f-05cf-32e8-b71e-7e5a0f7018b1,   -7.555840 ,  -38.258530 ,2023-10-29 16:22:00,Brasil,PARAÍBA,DIAMANTE,Caatinga
 1658777427 ,77e80851-3438-3789-83d8-1c1edad12842,   -7.554310 ,  -38.247350 ,2023-10-29 16:22:00,Brasil,PARAÍBA,DIAMANTE,Caatinga
 1658777430 ,37af5103-1fd4-35da-adfd-57110ebd44ee,   -7.530400 ,  -37.787130 ,2023-10-29 16:22:00,Brasil,PARAÍBA,JURU,Caatinga
 1658777432 ,8c607b76-5891-3027-899b-2f4ed277b85e,   -7.434510 ,  -38.565410 ,2023-10-29 16:22:00,Brasil,PARAÍBA,CONCEIÇÃO,Caatinga
 1658777442 ,d6abc358-d01f-37c6-ad16-5d8424356aee,   -7.364020 ,  -38.429120 ,2023-10-29 16:22:00,Brasil,PARAÍBA,CONCEIÇÃO,Caatinga
 1658777495 ,697084e1-f854-3145-9f07-67f5d1527db8,   -6.515580 ,  -38.276100 ,2023-10-29 16:22:00,Brasil,PARAÍBA,VIEIRÓPOLIS,Caatinga
 1658777496 ,d4546c87-e3ed-3881-9972-5f699b9e36d7,   -6.514110 ,  -38.265690 ,2023-10-29 16:22:00,Brasil,PARAÍBA,VIEIRÓPOLIS,Caatinga
 1658777505 ,f9f1f4e9-9fa0-3286-a425-aa0362207630,   -6.312300 ,  -37.768090 ,2023-10-29 16:22:00,Brasil,PARAÍBA,CATOLÉ DO ROCHA,Caatinga
 1658777506 ,5692a380-52f0-3913-b904-8b468f785c10,   -6.310870 ,  -37.757900 ,2023-10-29 16:22:00,Brasil,PARAÍBA,CATOLÉ DO ROCHA,Caatinga
 1658777507 ,4e17b53e-d5ae-3ea8-99a7-3fabed361f43,   -6.308410 ,  -37.809340 ,2023-10-29 16:22:00,Brasil,PARAÍBA,CATOLÉ DO ROCHA,Caatinga
 1658946919 ,372253c5-7fc7-35bd-9903-b50a999e4a95,   -6.316000 ,  -37.804060 ,2023-10-30 17:05:00,Brasil,PARAÍBA,CATOLÉ DO ROCHA,Caatinga
 1658946920 ,7fb81fd4-fd21-3393-8446-dedbb71fa01c,   -6.315560 ,  -37.811820 ,2023-10-30 17:05:00,Brasil,PARAÍBA,CATOLÉ DO ROCHA,Caatinga
 1658946921 ,79496f40-4e6d-3247-96d4-8c471f9ec1de,   -6.311170 ,  -37.775280 ,2023-10-30 17:05:00,Brasil,PARAÍBA,CATOLÉ DO ROCHA,Caatinga
 1658946922 ,98519993-0df5-3e49-93fa-033c2f957174,   -6.311080 ,  -37.783790 ,2023-10-30 17:05:00,Brasil,PARAÍBA,CATOLÉ DO ROCHA,Caatinga
 1658946923 ,ed988069-46b7-3221-ae13-8612c04c1407,   -6.306470 ,  -37.755050 ,2023-10-30 17:05:00,Brasil,PARAÍBA,CATOLÉ DO ROCHA,Caatinga
 1658946924 ,5fbf01dc-538c-30c6-9a9c-94333bd1ce93,   -6.306440 ,  -37.747080 ,2023-10-30 17:05:00,Brasil,PARAÍBA,CATOLÉ DO ROCHA,Caatinga
 1659140622 ,c2c4b0c7-16fd-3406-b79d-f85d702d9422,   -6.889160 ,  -38.365950 ,2023-11-01 16:50:00,Brasil,PARAÍBA,SÃO JOÃO DO RIO DO PEIXE,Caatinga
 1659405842 ,5dd7bbbd-45a2-392b-9c0d-ebbc3ef11ddc,   -7.396120 ,  -37.664400 ,2023-11-03 16:35:00,Brasil,PARAÍBA,ÁGUA BRANCA,Caatinga
 1659405843 ,7052b495-a908-3a54-a46e-6d6d7ac4b7df,   -7.223280 ,  -38.374160 ,2023-11-03 16:35:00,Brasil,PARAÍBA,SERRA GRANDE,Caatinga
 1659405845 ,d0830c27-856b-3492-abf4-6cd1e25923df,   -7.384360 ,  -38.465850 ,2023-11-03 16:35:00,Brasil,PARAÍBA,CONCEIÇÃO,Caatinga
 1659405846 ,a72490d2-e336-38c4-aeb0-7a0f66439036,   -7.307030 ,  -37.994090 ,2023-11-03 16:35:00,Brasil,PARAÍBA,SANTANA DOS GARROTES,Caatinga
 1659552212 ,1115be8c-b694-3d51-96b7-2e67ce141c3e,   -7.584210 ,  -38.630230 ,2023-11-04 17:13:00,Brasil,PARAÍBA,CONCEIÇÃO,Caatinga
 1659552213 ,baf060e8-e9f4-397d-99f9-c9cba7a6776f,   -7.577440 ,  -38.591240 ,2023-11-04 17:13:00,Brasil,PARAÍBA,CONCEIÇÃO,Caatinga
 1659671001 ,0362fbce-2f02-3875-896b-a893c964d938,   -7.952080 ,  -36.989600 ,2023-11-05 16:17:00,Brasil,PARAÍBA,MONTEIRO,Caatinga
 1659671012 ,9cece7bc-5f5c-3bb1-ba09-1607cbdbec49,   -7.534890 ,  -38.052760 ,2023-11-05 16:20:00,Brasil,PARAÍBA,PEDRA BRANCA,Caatinga
 1659671014 ,9031e65e-7a3f-3d3c-af2f-ccfd6182263c,   -7.175060 ,  -38.027270 ,2023-11-05 16:20:00,Brasil,PARAÍBA,PIANCÓ,Caatinga
 1659671015 ,88e78b71-89a3-38db-889d-d11cd5e7046a,   -7.168010 ,  -38.034730 ,2023-11-05 16:20:00,Brasil,PARAÍBA,PIANCÓ,Caatinga
 1659671016 ,074dbe3e-c28b-3bf7-a80b-530f31220d52,   -7.166290 ,  -38.022590 ,2023-11-05 16:20:00,Brasil,PARAÍBA,COREMAS,Caatinga
 1659671017 ,aadf315a-72c9-35d1-9b7b-6b1bc938228c,   -7.164730 ,  -38.028710 ,2023-11-05 16:20:00,Brasil,PARAÍBA,COREMAS,Caatinga
 1658239611 ,dee2ccfb-bea9-3978-897d-436ca76b4aee,   -6.370060 ,  -38.522820 ,2023-10-26 15:54:00,Brasil,PARAÍBA,POÇO DANTAS,Caatinga
 1659097641 ,cfabc062-5bc9-3cc0-bfaf-8dd39c41b641,   -6.433740 ,  -38.544930 ,2023-10-31 16:07:00,Brasil,PARAÍBA,POÇO DANTAS,Caatinga
 1659097642 ,2d7073db-210a-373b-b28a-81e71d8ffbd2,   -6.301950 ,  -37.758980 ,2023-10-31 16:07:00,Brasil,PARAÍBA,CATOLÉ DO ROCHA,Caatinga
 1659097648 ,db289785-bef4-3f8d-aae7-1f03a8d8ba2e,   -6.920680 ,  -38.090030 ,2023-10-31 16:07:00,Brasil,PARAÍBA,SÃO JOSÉ DA LAGOA TAPADA,Caatinga
 1659947786 ,b3539bad-8169-329c-aef3-66bbb49aeeab,   -7.607380 ,  -37.933640 ,2023-11-07 16:02:00,Brasil,PARAÍBA,TAVARES,Caatinga
 1660357172 ,666b77db-9d18-3909-82ea-c4a1d200f9fd,   -7.914080 ,  -37.295290 ,2023-11-10 16:28:00,Brasil,PARAÍBA,MONTEIRO,Caatinga
 1660357193 ,3df228c8-e417-3d73-a02c-3058abf9e740,   -7.625930 ,  -38.629340 ,2023-11-10 16:28:00,Brasil,PARAÍBA,SANTA INÊS,Caatinga
 1660357204 ,12fe5143-bfcc-3cbc-9fe9-2eaa5798585c,   -7.556260 ,  -38.466420 ,2023-11-10 16:28:00,Brasil,PARAÍBA,CONCEIÇÃO,Caatinga
 1660357205 ,196b9c0b-caaf-34c6-99d5-9268e3a3b053,   -7.554940 ,  -38.457070 ,2023-11-10 16:28:00,Brasil,PARAÍBA,CONCEIÇÃO,Caatinga
 1660357212 ,1bd5004d-a409-31a3-afaa-d36197e4046c,   -7.523100 ,  -38.037350 ,2023-11-10 16:28:00,Brasil,PARAÍBA,PRINCESA ISABEL,Caatinga
 1660357213 ,a94c7ea4-26ea-351a-b16d-bdbfbf616664,   -7.506920 ,  -38.242090 ,2023-11-10 16:28:00,Brasil,PARAÍBA,CURRAL VELHO,Caatinga
 1660357217 ,e9d60f91-7e69-3567-aaa7-551c96b2ee92,   -7.496360 ,  -38.624430 ,2023-11-10 16:28:00,Brasil,PARAÍBA,CONCEIÇÃO,Caatinga
 1660357222 ,81d16bb3-0b9d-380a-b450-22769841eb28,   -7.443620 ,  -38.446670 ,2023-11-10 16:28:00,Brasil,PARAÍBA,IBIARA,Caatinga
 1660357223 ,8aa8a819-94c3-3330-9a1f-6c49c0ab6b60,   -7.442290 ,  -38.437380 ,2023-11-10 16:28:00,Brasil,PARAÍBA,IBIARA,Caatinga
 1660357226 ,3fd2b608-4222-33c7-a16c-402e30fc48ca,   -7.401050 ,  -34.950230 ,2023-11-10 16:28:00,Brasil,PARAÍBA,ALHANDRA,Mata Atlântica
 1660357227 ,a73b1de3-8551-384c-b5ed-695ea0d9e539,   -7.399510 ,  -34.940140 ,2023-11-10 16:28:00,Brasil,PARAÍBA,ALHANDRA,Mata Atlântica
 1660357228 ,b967cdcc-5bc7-3ecd-b3c9-2ae12fdda776,   -7.396060 ,  -34.946320 ,2023-11-10 16:28:00,Brasil,PARAÍBA,ALHANDRA,Mata Atlântica
 1660357231 ,8c274ce0-a2b4-3e89-b272-2d5eda573566,   -7.385920 ,  -37.528530 ,2023-11-10 16:28:00,Brasil,PARAÍBA,IMACULADA,Caatinga
 1660357232 ,a7582a58-bde3-3ba5-b7e6-58b4dbe3e346,   -7.384630 ,  -37.519570 ,2023-11-10 16:28:00,Brasil,PARAÍBA,IMACULADA,Caatinga
 1660357233 ,c3141fdc-d2e0-3ca1-8aed-2a731d8ff56f,   -7.356610 ,  -37.514520 ,2023-11-10 16:28:00,Brasil,PARAÍBA,IMACULADA,Caatinga
 1660357251 ,86f81f9a-708a-3ee1-99bd-19bf737190a2,   -7.252080 ,  -38.524770 ,2023-11-10 16:28:00,Brasil,PARAÍBA,BONITO DE SANTA FÉ,Caatinga
 1660357252 ,0c1045bc-ecf1-37f0-bfe5-33e0871d122b,   -7.250750 ,  -38.515460 ,2023-11-10 16:28:00,Brasil,PARAÍBA,BONITO DE SANTA FÉ,Caatinga
 1660357253 ,d38078cb-74fd-324f-aabc-4c51b6b80d39,   -7.246760 ,  -38.291680 ,2023-11-10 16:28:00,Brasil,PARAÍBA,SÃO JOSÉ DE CAIANA,Caatinga
 1660357256 ,725f6efe-9b85-3bed-bae8-7d68995995a4,   -7.189830 ,  -37.190410 ,2023-11-10 16:28:00,Brasil,PARAÍBA,CACIMBA DE AREIA,Caatinga
 1660357264 ,480e481b-304c-34cd-8004-44e36c14fb1a,   -7.158840 ,  -37.874430 ,2023-11-10 16:28:00,Brasil,PARAÍBA,PIANCÓ,Caatinga
 1660357265 ,3ef77cbb-96c5-3de9-9035-c19ae24b44dc,   -7.152710 ,  -38.023100 ,2023-11-10 16:28:00,Brasil,PARAÍBA,COREMAS,Caatinga
 1660357266 ,d83a7c89-29d7-379e-85c7-1cac65e7c94e,   -7.151410 ,  -38.014030 ,2023-11-10 16:28:00,Brasil,PARAÍBA,COREMAS,Caatinga
 1660357267 ,072de603-4cc7-3cf3-8fe9-30f4e9dd41fa,   -7.149880 ,  -37.875730 ,2023-11-10 16:28:00,Brasil,PARAÍBA,PIANCÓ,Caatinga
 1660357268 ,1a244b82-273c-34c7-aee9-07a9698572f7,   -7.148700 ,  -37.931220 ,2023-11-10 16:28:00,Brasil,PARAÍBA,PIANCÓ,Caatinga
 1660357274 ,59d46485-8d4e-381a-b05e-4074765d047f,   -7.094990 ,  -35.660240 ,2023-11-10 16:28:00,Brasil,PARAÍBA,ALAGOA GRANDE,Caatinga
 1660357280 ,6d87996d-a723-3079-95a0-e5613e4ae244,   -7.003440 ,  -38.010900 ,2023-11-10 16:28:00,Brasil,PARAÍBA,COREMAS,Caatinga
 1660357281 ,950027e4-f987-39e9-96f5-13ce2a548cf6,   -7.002140 ,  -38.001850 ,2023-11-10 16:28:00,Brasil,PARAÍBA,COREMAS,Caatinga
 1660357282 ,7f782fb8-0cd8-3204-ab14-d1488210924b,   -6.976850 ,  -38.209720 ,2023-11-10 16:28:00,Brasil,PARAÍBA,SÃO JOSÉ DA LAGOA TAPADA,Caatinga
 1660357283 ,5aedc3dc-2569-312c-9c5f-94d33fde586c,   -6.950120 ,  -38.340920 ,2023-11-10 16:28:00,Brasil,PARAÍBA,NAZAREZINHO,Caatinga
 1660357284 ,f5dcf40a-f12b-3ea0-846d-071cb6f2f286,   -6.947490 ,  -38.322550 ,2023-11-10 16:28:00,Brasil,PARAÍBA,NAZAREZINHO,Caatinga
 1660357285 ,eba0804f-161a-36b0-b20d-0c6ef3f980a4,   -6.946170 ,  -38.313350 ,2023-11-10 16:28:00,Brasil,PARAÍBA,NAZAREZINHO,Caatinga
 1660357290 ,a1e60339-4cb8-3b40-836e-eaf9d4c8036f,   -6.924180 ,  -38.288440 ,2023-11-10 16:28:00,Brasil,PARAÍBA,NAZAREZINHO,Caatinga
 1660357295 ,b5590849-a20b-3ccb-8a0c-99bb12a36fff,   -6.912530 ,  -38.271350 ,2023-11-10 16:28:00,Brasil,PARAÍBA,NAZAREZINHO,Caatinga
 1660357332 ,83dd823a-6066-389a-8c92-ab9c3a13ce9f,   -6.534330 ,  -38.266860 ,2023-11-10 16:28:00,Brasil,PARAÍBA,VIEIRÓPOLIS,Caatinga
 1660357333 ,4c28eb38-ef37-34fe-9645-ed177fbfce7f,   -6.533030 ,  -38.257770 ,2023-11-10 16:28:00,Brasil,PARAÍBA,VIEIRÓPOLIS,Caatinga
 1660357334 ,bc5893da-a63b-3a03-b32c-be1d60415720,   -6.494080 ,  -38.569460 ,2023-11-10 16:28:00,Brasil,PARAÍBA,BERNARDINO BATISTA,Caatinga
 1660357335 ,c156fb2a-e8c4-3382-bff3-2749c5d8b9e7,   -6.492740 ,  -38.560050 ,2023-11-10 16:28:00,Brasil,PARAÍBA,BERNARDINO BATISTA,Caatinga
 1660357339 ,19fe7021-2cb3-38d7-b673-72d4c5b53215,   -6.479500 ,  -38.402610 ,2023-11-10 16:28:00,Brasil,PARAÍBA,UIRAÚNA,Caatinga
 1660357341 ,40a05c22-2b3e-32ed-8706-c173ead7c674,   -6.478190 ,  -38.393430 ,2023-11-10 16:28:00,Brasil,PARAÍBA,UIRAÚNA,Caatinga
 1660357343 ,3d916bd6-c35f-3137-85d9-72d4114fa0bd,   -6.474370 ,  -37.532510 ,2023-11-10 16:28:00,Brasil,PARAÍBA,SÃO BENTO,Caatinga
 1660357348 ,c14502e5-a7be-3323-ad55-6fc7fecb2c42,   -6.470470 ,  -38.403910 ,2023-11-10 16:28:00,Brasil,PARAÍBA,UIRAÚNA,Caatinga
 1660357349 ,e1c6be5a-e629-389d-9ac3-b20f6b1b9252,   -6.469160 ,  -38.394730 ,2023-11-10 16:28:00,Brasil,PARAÍBA,UIRAÚNA,Caatinga
 1660357353 ,4ce1f999-9f1e-38a4-a1a6-dd2ed522b443,   -6.460130 ,  -38.396020 ,2023-11-10 16:28:00,Brasil,PARAÍBA,UIRAÚNA,Caatinga
 1660357354 ,8ca1b13f-693f-3235-b1d1-20176f1e813c,   -6.458830 ,  -38.386890 ,2023-11-10 16:28:00,Brasil,PARAÍBA,UIRAÚNA,Caatinga
 1660357358 ,1009604b-28a3-35bd-9ca7-bf4d87dd4418,   -6.437480 ,  -38.554920 ,2023-11-10 16:28:00,Brasil,PARAÍBA,BERNARDINO BATISTA,Caatinga
 1660637051 ,d6ac0671-6dc1-3a5a-82f6-d9f5158faa7d,   -6.654240 ,  -35.168620 ,2023-11-12 16:13:00,Brasil,PARAÍBA,JACARAÚ,Mata Atlântica
 1660637059 ,9a8fe486-86a5-34f3-8684-5e794b7aad69,   -6.763570 ,  -35.495890 ,2023-11-12 16:13:00,Brasil,PARAÍBA,BELÉM,Caatinga
 1660637062 ,68befd79-6480-3aa5-9923-0e5faadbf034,   -7.136550 ,  -35.975120 ,2023-11-12 16:13:00,Brasil,PARAÍBA,PUXINANÃ,Caatinga
 1660637066 ,31b932da-4a69-3f53-aae2-569a2ac09fd7,   -7.363940 ,  -35.703330 ,2023-11-12 16:13:00,Brasil,PARAÍBA,ITATUBA,Caatinga
 1660637068 ,98638423-d94b-3839-a450-cd38a65aec5f,   -7.485730 ,  -37.640160 ,2023-11-12 16:13:00,Brasil,PARAÍBA,ÁGUA BRANCA,Caatinga
 1660101690 ,e4ede2cc-9ab1-334d-9014-835ae6c5e9e2,   -7.666900 ,  -36.983730 ,2023-11-08 16:43:00,Brasil,PARAÍBA,SUMÉ,Caatinga
 1660101692 ,cb645923-4fbf-3912-8275-81acfb7c0d01,   -7.494810 ,  -37.584470 ,2023-11-08 16:43:00,Brasil,PARAÍBA,ÁGUA BRANCA,Caatinga
 1660101694 ,60e1c7d4-d105-34ea-a96f-ab5333e3da98,   -7.010730 ,  -37.505780 ,2023-11-08 16:43:00,Brasil,PARAÍBA,SANTA TERESINHA,Caatinga
 1660101719 ,d1360391-829c-3783-a374-5a18a214dcba,   -6.431320 ,  -38.407430 ,2023-11-08 16:43:00,Brasil,PARAÍBA,UIRAÚNA,Caatinga
 1660101720 ,4d15ada7-db53-3936-9fa3-1976b5ebffff,   -6.355800 ,  -38.513240 ,2023-11-08 16:43:00,Brasil,PARAÍBA,POÇO DANTAS,Caatinga
 1660101721 ,5105e426-384c-3905-a023-f31bd07e8e3d,   -6.354190 ,  -38.502460 ,2023-11-08 16:43:00,Brasil,PARAÍBA,POÇO DANTAS,Caatinga
 1660101754 ,dd921a6b-9295-3dee-97b5-8e1dc5f33e29,   -7.734770 ,  -38.080310 ,2023-11-08 16:43:00,Brasil,PARAÍBA,PRINCESA ISABEL,Caatinga
 1660101755 ,4d46fc64-03bd-3f39-8051-cc772c17a53a,   -7.733110 ,  -38.069540 ,2023-11-08 16:43:00,Brasil,PARAÍBA,PRINCESA ISABEL,Caatinga
 1660101756 ,148d77d8-95b9-3d3c-b7d0-3014886173e7,   -7.714490 ,  -38.556560 ,2023-11-08 16:43:00,Brasil,PARAÍBA,SANTA INÊS,Caatinga
 1660101758 ,d151e9f8-f1e7-3769-9bb5-e8f78064a73a,   -7.708010 ,  -37.971760 ,2023-11-08 16:43:00,Brasil,PARAÍBA,PRINCESA ISABEL,Caatinga
 1660101759 ,52c14009-3b0c-386e-ad1e-0be3ae7a17f0,   -7.706280 ,  -37.960570 ,2023-11-08 16:43:00,Brasil,PARAÍBA,PRINCESA ISABEL,Caatinga
 1660101760 ,755e8428-0402-3b03-a924-ce754cc0bf3c,   -7.672440 ,  -38.017600 ,2023-11-08 16:43:00,Brasil,PARAÍBA,PRINCESA ISABEL,Caatinga
 1660101761 ,a52dc77d-693c-38e9-a855-42567a3811d9,   -7.670770 ,  -38.006600 ,2023-11-08 16:43:00,Brasil,PARAÍBA,PRINCESA ISABEL,Caatinga
 1660101762 ,94afeed1-fbe5-31fd-8613-4cbcbd1fc198,   -7.659300 ,  -37.997340 ,2023-11-08 16:43:00,Brasil,PARAÍBA,PRINCESA ISABEL,Caatinga
 1660101763 ,b2f99968-178d-3a58-9f78-1c91e6ca2c34,   -7.657640 ,  -37.986390 ,2023-11-08 16:43:00,Brasil,PARAÍBA,PRINCESA ISABEL,Caatinga
 1660101765 ,b4fd0ccc-8673-36a5-99f3-2dd6fdf6ae4f,   -7.590960 ,  -38.474200 ,2023-11-08 16:43:00,Brasil,PARAÍBA,CONCEIÇÃO,Caatinga
 1660101767 ,10b9ef94-5bef-3422-837d-093cd209a546,   -7.543210 ,  -38.098710 ,2023-11-08 16:43:00,Brasil,PARAÍBA,PEDRA BRANCA,Caatinga
 1660101768 ,977ea28e-8352-33f2-8033-8b8be2725134,   -7.541510 ,  -38.087690 ,2023-11-08 16:43:00,Brasil,PARAÍBA,PEDRA BRANCA,Caatinga
 1660101771 ,fc843139-311a-3903-afe0-92a541e3741b,   -7.469880 ,  -38.633350 ,2023-11-08 16:43:00,Brasil,PARAÍBA,CONCEIÇÃO,Caatinga
 1660101772 ,d4f71edb-ac2e-341a-9ee8-be0af9230445,   -7.377550 ,  -38.023110 ,2023-11-08 16:43:00,Brasil,PARAÍBA,SANTANA DOS GARROTES,Caatinga
 1660101774 ,d3c3caba-a661-3fcd-9572-50d8c194af0f,   -7.316550 ,  -37.824520 ,2023-11-08 16:43:00,Brasil,PARAÍBA,OLHO D'ÁGUA,Caatinga
 1660101778 ,2aaf636f-4eed-33b8-9a73-51dc6c713558,   -6.951520 ,  -38.322590 ,2023-11-08 16:43:00,Brasil,PARAÍBA,NAZAREZINHO,Caatinga
 1660101779 ,13ac3b4b-6107-37ff-a027-ebfe6acc77fd,   -6.659280 ,  -38.567120 ,2023-11-08 16:43:00,Brasil,PARAÍBA,TRIUNFO,Caatinga
 1660101780 ,6546b384-c20d-3675-978d-b5fd7871a3d7,   -6.645170 ,  -38.405500 ,2023-11-08 16:43:00,Brasil,PARAÍBA,SÃO JOÃO DO RIO DO PEIXE,Caatinga
 1660101781 ,46fc4905-738e-3cab-8c06-b4bb84b2a6ce,   -6.615990 ,  -38.064130 ,2023-11-08 16:43:00,Brasil,PARAÍBA,SÃO FRANCISCO,Caatinga
 1660101782 ,d1fa6b9e-61c5-3873-b8e6-b80f333d5411,   -6.529070 ,  -38.440060 ,2023-11-08 16:43:00,Brasil,PARAÍBA,UIRAÚNA,Caatinga
 1660101783 ,95d29c61-4acb-3f12-9fcd-f5c9bb1124b9,   -6.527430 ,  -38.429160 ,2023-11-08 16:43:00,Brasil,PARAÍBA,UIRAÚNA,Caatinga
 1660101784 ,5cfa79ca-ec15-386e-a7e4-14f5ec3b8343,   -6.499510 ,  -38.243510 ,2023-11-08 16:43:00,Brasil,PARAÍBA,VIEIRÓPOLIS,Caatinga
 1660809077 ,1a6060fc-be7b-3dfb-a418-258aa4620f81,   -6.359170 ,  -38.488430 ,2023-11-13 16:56:00,Brasil,PARAÍBA,POÇO DANTAS,Caatinga
 1660809079 ,c4057c43-a837-3eb4-bc5b-a557f624040f,   -7.633180 ,  -37.981070 ,2023-11-13 16:54:00,Brasil,PARAÍBA,PRINCESA ISABEL,Caatinga
 1660809080 ,6927959e-ee6f-321a-a3c8-778a4928cec5,   -7.459700 ,  -37.624600 ,2023-11-13 16:54:00,Brasil,PARAÍBA,ÁGUA BRANCA,Caatinga
 1660809082 ,c7a6d3d7-5e1a-3db5-9fd0-f0052968762f,   -7.110850 ,  -38.008370 ,2023-11-13 16:54:00,Brasil,PARAÍBA,COREMAS,Caatinga
 1660809084 ,c8601b95-44e8-3fc7-9128-862a833028c7,   -6.968510 ,  -38.430610 ,2023-11-13 16:56:00,Brasil,PARAÍBA,CAJAZEIRAS,Caatinga
 1660809085 ,85eb1cfe-d97b-3d88-b4ef-3b1a5a587676,   -6.964700 ,  -38.328560 ,2023-11-13 16:56:00,Brasil,PARAÍBA,NAZAREZINHO,Caatinga
 1660950754 ,52161eb1-7b54-364c-81e3-b58b3a5c1155,   -7.760100 ,  -38.062000 ,2023-11-14 15:58:00,Brasil,PARAÍBA,PRINCESA ISABEL,Caatinga
 1660950755 ,a2ade936-3793-3623-a73f-c90cca3f6d87,   -7.756230 ,  -38.057480 ,2023-11-14 15:58:00,Brasil,PARAÍBA,PRINCESA ISABEL,Caatinga
 1660950763 ,238d4648-6673-3289-8771-8c1ed68582be,   -6.601960 ,  -38.144060 ,2023-11-14 15:58:00,Brasil,PARAÍBA,LASTRO,Caatinga
 1661152955 ,8d551266-52f5-3f5d-9bee-b9486efc3dfd,   -7.794750 ,  -37.117290 ,2023-11-15 16:39:00,Brasil,PARAÍBA,MONTEIRO,Caatinga
 1661153005 ,16e1fed3-6759-34cd-b3d1-153aa759abad,   -7.576380 ,  -37.720860 ,2023-11-15 16:39:00,Brasil,PARAÍBA,ÁGUA BRANCA,Caatinga
 1661153007 ,67ec7741-690e-3bff-98d5-38370f20662a,   -7.506280 ,  -38.490180 ,2023-11-15 16:39:00,Brasil,PARAÍBA,CONCEIÇÃO,Caatinga
 1661153008 ,b80281cc-a6a6-3a8c-8693-b227507a053b,   -7.477490 ,  -37.605960 ,2023-11-15 16:39:00,Brasil,PARAÍBA,ÁGUA BRANCA,Caatinga
 1661153010 ,8d7308a9-db4f-3a03-be7d-55e161623e67,   -7.286630 ,  -38.123530 ,2023-11-15 16:39:00,Brasil,PARAÍBA,ITAPORANGA,Caatinga
 1661153011 ,770f2c29-bb25-30cc-b996-26eda2f621a9,   -7.285190 ,  -38.113760 ,2023-11-15 16:39:00,Brasil,PARAÍBA,ITAPORANGA,Caatinga
 1661153013 ,29286990-ab3d-3ce0-9fdc-61cff48916f6,   -7.165410 ,  -37.986670 ,2023-11-15 16:39:00,Brasil,PARAÍBA,PIANCÓ,Caatinga
 1661153014 ,7e305170-9259-3c95-a886-8d91342a1fb3,   -7.120100 ,  -38.003600 ,2023-11-15 16:39:00,Brasil,PARAÍBA,COREMAS,Caatinga
 1661153017 ,090f1f81-b220-3708-80d2-0c6fcefba904,   -7.009240 ,  -37.884130 ,2023-11-15 16:39:00,Brasil,PARAÍBA,POMBAL,Caatinga
 1661153018 ,bf6ab633-d380-3b2f-933d-8feca3b990b1,   -6.992480 ,  -37.933330 ,2023-11-15 16:39:00,Brasil,PARAÍBA,COREMAS,Caatinga
 1661153019 ,7374a8ea-08fa-31ef-add7-178f76099c59,   -6.991000 ,  -37.923310 ,2023-11-15 16:39:00,Brasil,PARAÍBA,POMBAL,Caatinga
 1661153020 ,fc831b18-a054-377e-89e4-6eb52a3ed7b8,   -6.958930 ,  -38.221280 ,2023-11-15 16:39:00,Brasil,PARAÍBA,SÃO JOSÉ DA LAGOA TAPADA,Caatinga
 1661153021 ,fbdd0797-0c33-3a22-a2a9-372e5c30d46b,   -6.955000 ,  -38.131810 ,2023-11-15 16:39:00,Brasil,PARAÍBA,SÃO JOSÉ DA LAGOA TAPADA,Caatinga
 1661153022 ,13e185cf-2718-3d4a-bb97-b9d6c11aa17b,   -6.953530 ,  -38.122000 ,2023-11-15 16:39:00,Brasil,PARAÍBA,SÃO JOSÉ DA LAGOA TAPADA,Caatinga
 1661153023 ,d906b90b-1317-30b4-8249-5a9ade2e8278,   -6.953060 ,  -38.182240 ,2023-11-15 16:39:00,Brasil,PARAÍBA,SÃO JOSÉ DA LAGOA TAPADA,Caatinga
 1661153024 ,db48b9fe-907a-3258-90f8-094d61b9f66a,   -6.885370 ,  -37.966640 ,2023-11-15 16:39:00,Brasil,PARAÍBA,POMBAL,Caatinga
 1661153025 ,4b1a9269-4219-36e0-85e2-655cdb8ff48c,   -6.723940 ,  -38.185740 ,2023-11-15 16:41:00,Brasil,PARAÍBA,SOUSA,Caatinga
 1661479542 ,e683f1fa-4f10-30b3-badf-d926be79aa40,   -7.711710 ,  -37.959240 ,2023-11-17 16:24:00,Brasil,PARAÍBA,PRINCESA ISABEL,Caatinga
 1661479543 ,4728a9e2-1e3b-3c89-985e-01470a17a18b,   -7.710300 ,  -37.949380 ,2023-11-17 16:24:00,Brasil,PARAÍBA,PRINCESA ISABEL,Caatinga
 1661479544 ,7260793f-9942-3e00-8a58-7f65acaa3c31,   -7.702370 ,  -37.960420 ,2023-11-17 16:24:00,Brasil,PARAÍBA,PRINCESA ISABEL,Caatinga
 1661479545 ,ce3223cd-415a-3737-9bf7-1d08925de0c6,   -7.700990 ,  -37.950680 ,2023-11-17 16:24:00,Brasil,PARAÍBA,PRINCESA ISABEL,Caatinga
 1661479548 ,3ef5f575-4ccf-3ab7-8871-854eed759ed9,   -7.479230 ,  -38.536550 ,2023-11-17 16:24:00,Brasil,PARAÍBA,CONCEIÇÃO,Caatinga
 1661479549 ,e1f31d87-55e5-3c76-b7d0-af4eeb9fd908,   -7.477780 ,  -38.526130 ,2023-11-17 16:24:00,Brasil,PARAÍBA,CONCEIÇÃO,Caatinga
 1661479555 ,43646b97-b6bf-361d-b65f-ed4ff109bcdf,   -7.413870 ,  -35.003140 ,2023-11-17 16:24:00,Brasil,PARAÍBA,PEDRAS DE FOGO,Mata Atlântica
 1661479556 ,9631fbe0-88ca-3745-82e5-f8ddf4b8e2d8,   -7.412500 ,  -34.993910 ,2023-11-17 16:24:00,Brasil,PARAÍBA,PEDRAS DE FOGO,Mata Atlântica
 1661479564 ,46f82e08-447d-3cae-a95d-5433993f3dfb,   -7.278800 ,  -38.213950 ,2023-11-17 16:24:00,Brasil,PARAÍBA,ITAPORANGA,Caatinga
 1661479565 ,7fa2ff73-122e-34da-bc18-cc8a7128fc65,   -7.269680 ,  -34.961560 ,2023-11-17 16:24:00,Brasil,PARAÍBA,SANTA RITA,Mata Atlântica
 1661479566 ,4ce1900b-ae73-3b43-be34-4a324f884608,   -7.268310 ,  -34.952240 ,2023-11-17 16:24:00,Brasil,PARAÍBA,SANTA RITA,Mata Atlântica
 1661479569 ,fcf2ad2a-c181-3819-89bb-ef028cd3aa0e,   -7.155600 ,  -38.268590 ,2023-11-17 16:24:00,Brasil,PARAÍBA,AGUIAR,Caatinga
 1661479573 ,d93baf61-9a18-3363-8836-41877a17e29f,   -7.067430 ,  -37.841930 ,2023-11-17 16:24:00,Brasil,PARAÍBA,COREMAS,Caatinga
 1661479574 ,ce587e94-b879-3a81-b0a3-70f1bf169386,   -7.066080 ,  -37.832320 ,2023-11-17 16:24:00,Brasil,PARAÍBA,COREMAS,Caatinga
 1661479575 ,c0f636ea-c01e-3fb0-ba02-29402cc35b7d,   -6.994700 ,  -37.976120 ,2023-11-17 16:24:00,Brasil,PARAÍBA,COREMAS,Caatinga
 1661479576 ,c15ec8d6-65c5-307d-899a-127384a8a0a3,   -6.993350 ,  -37.966440 ,2023-11-17 16:24:00,Brasil,PARAÍBA,COREMAS,Caatinga
 1661479577 ,1a82f0d3-02f8-3757-adc3-396ae190ad6e,   -6.986890 ,  -37.973990 ,2023-11-17 16:24:00,Brasil,PARAÍBA,COREMAS,Caatinga
 1661479578 ,e29ce7c6-590e-37e4-9871-7ad7dae1b00e,   -6.985500 ,  -37.964310 ,2023-11-17 16:24:00,Brasil,PARAÍBA,COREMAS,Caatinga
 1661479580 ,52d7421a-22be-390c-a2a5-f8fa751f7cb1,   -6.915270 ,  -37.934960 ,2023-11-17 16:24:00,Brasil,PARAÍBA,POMBAL,Caatinga
 1661479581 ,42249eff-c1ac-3f8e-907b-426cae9cb536,   -6.911140 ,  -38.352470 ,2023-11-17 16:24:00,Brasil,PARAÍBA,NAZAREZINHO,Caatinga
 1661479582 ,b95a2839-f70f-37b4-aab3-94b01d8a8941,   -6.909720 ,  -38.342400 ,2023-11-17 16:24:00,Brasil,PARAÍBA,NAZAREZINHO,Caatinga
 1661479583 ,af026c14-e27d-3aed-9e9c-f5426447a67a,   -6.844490 ,  -38.399460 ,2023-11-17 16:24:00,Brasil,PARAÍBA,SÃO JOÃO DO RIO DO PEIXE,Caatinga
 1661479588 ,a48f4775-4ecc-3690-a4f7-52b976e4f402,   -6.798940 ,  -38.013200 ,2023-11-17 16:24:00,Brasil,PARAÍBA,APARECIDA,Caatinga
 1661479591 ,5bbc729b-c5d9-3618-b99f-098b0805d5df,   -6.723010 ,  -38.188970 ,2023-11-17 16:24:00,Brasil,PARAÍBA,SOUSA,Caatinga
 1661479592 ,18636dc5-bcdd-3da3-84a3-63c2f7f562dd,   -6.655800 ,  -38.049050 ,2023-11-17 16:24:00,Brasil,PARAÍBA,SÃO FRANCISCO,Caatinga
 1661479593 ,bd1be2c1-cacd-367c-94f8-10e48df7a984,   -6.654440 ,  -38.039400 ,2023-11-17 16:24:00,Brasil,PARAÍBA,SÃO FRANCISCO,Caatinga
 1661662244 ,eee50d3d-1a14-37c0-8fa5-44cfe82ace80,   -7.564730 ,  -38.293540 ,2023-11-18 17:06:00,Brasil,PARAÍBA,SANTANA DE MANGUEIRA,Caatinga
 1661662245 ,75e020ce-8031-3ca6-9149-710137849bba,   -7.466350 ,  -37.966380 ,2023-11-18 17:06:00,Brasil,PARAÍBA,SANTANA DOS GARROTES,Caatinga
 1661662246 ,b076728e-3ff8-36c2-8f8a-1c4bc05b720a,   -7.462390 ,  -37.962140 ,2023-11-18 17:06:00,Brasil,PARAÍBA,SANTANA DOS GARROTES,Caatinga
 1661662247 ,5bec8d67-0d6f-32f4-985b-02e9639f6dda,   -7.458480 ,  -37.660880 ,2023-11-18 17:06:00,Brasil,PARAÍBA,ÁGUA BRANCA,Caatinga
 1661662251 ,1feb1747-9ca7-3585-9eec-71d97cb0c0fc,   -6.654690 ,  -37.950370 ,2023-11-18 17:06:00,Brasil,PARAÍBA,POMBAL,Caatinga
 1661662252 ,1690e012-4edb-37f0-8c4e-a4026b2a462c,   -6.651290 ,  -37.943570 ,2023-11-18 17:06:00,Brasil,PARAÍBA,POMBAL,Caatinga
 1661802406 ,60af6443-1ad6-3b9d-a8f8-58ce6532bf97,   -7.364240 ,  -35.695360 ,2023-11-19 16:09:00,Brasil,PARAÍBA,ITATUBA,Caatinga
 1661802407 ,6c3c931c-9ad2-3d06-a85a-899d105c9711,   -7.350820 ,  -37.471130 ,2023-11-19 16:09:00,Brasil,PARAÍBA,IMACULADA,Caatinga
 1661802408 ,a6a922dc-8467-306a-9d9a-7fc38be0a7a7,   -7.106030 ,  -34.935140 ,2023-11-19 16:09:00,Brasil,PARAÍBA,SANTA RITA,Mata Atlântica
 1661988419 ,22bb6f25-e5a1-38e6-8461-9b41855fb8fc,   -7.263720 ,  -37.237250 ,2023-11-21 15:54:00,Brasil,PARAÍBA,TEIXEIRA,Caatinga
 1661988420 ,c2f4acf1-f0ac-3150-ba72-9db6799cd2df,   -7.252290 ,  -37.245930 ,2023-11-21 15:54:00,Brasil,PARAÍBA,TEIXEIRA,Caatinga
 1662075303 ,c71baa34-cb90-3a83-af2a-7ae5d15a6256,   -7.730610 ,  -38.052610 ,2023-11-22 16:37:00,Brasil,PARAÍBA,PRINCESA ISABEL,Caatinga
 1662075307 ,75ddfbf9-b796-3e35-838f-c48b8b311f3c,   -7.676890 ,  -37.881450 ,2023-11-22 16:37:00,Brasil,PARAÍBA,TAVARES,Caatinga
 1662075309 ,6710c13a-ef53-32c3-8de2-5fb0d7352f6c,   -7.451520 ,  -38.164730 ,2023-11-22 16:37:00,Brasil,PARAÍBA,BOA VENTURA,Caatinga
 1662075311 ,946000c6-7687-3a26-9df8-640d9cbc497d,   -7.387250 ,  -38.548270 ,2023-11-22 16:37:00,Brasil,PARAÍBA,CONCEIÇÃO,Caatinga
 1662075312 ,91634ad6-99c4-33ea-9ea5-eaa1bdf7bf2a,   -7.381560 ,  -38.248940 ,2023-11-22 16:37:00,Brasil,PARAÍBA,ITAPORANGA,Caatinga
 1662075313 ,4e3b2638-81e0-38a2-b282-88a15f4f5e4e,   -7.378350 ,  -38.549620 ,2023-11-22 16:37:00,Brasil,PARAÍBA,CONCEIÇÃO,Caatinga
 1662075314 ,4dc9aedb-6eb0-36b9-acb8-3113bf826e73,   -7.349340 ,  -38.288010 ,2023-11-22 16:37:00,Brasil,PARAÍBA,ITAPORANGA,Caatinga
 1662075316 ,b83d1c27-b6bf-384a-bebb-42418f5f7f04,   -7.251020 ,  -37.306430 ,2023-11-22 16:37:00,Brasil,PARAÍBA,MATURÉIA,Caatinga
 1662075319 ,6553f29a-dc67-38d5-bd3a-2768fef04118,   -7.241520 ,  -37.180080 ,2023-11-22 16:37:00,Brasil,PARAÍBA,TEIXEIRA,Caatinga
 1662075322 ,05a60b04-137f-3228-94c9-70390cb9b889,   -7.129690 ,  -38.296280 ,2023-11-22 16:37:00,Brasil,PARAÍBA,SÃO JOSÉ DE PIRANHAS,Caatinga
 1662075324 ,38ac232f-c45f-3602-8d6b-76de5e16eaad,   -7.073060 ,  -37.848890 ,2023-11-22 16:37:00,Brasil,PARAÍBA,COREMAS,Caatinga
 1662075325 ,5cc55160-c910-3a9d-aff6-381b6cb7234d,   -7.030970 ,  -38.122600 ,2023-11-22 16:37:00,Brasil,PARAÍBA,AGUIAR,Caatinga
 1662075326 ,9ab8a572-e51d-32a3-a8bf-f0939da8cca2,   -6.936540 ,  -34.972850 ,2023-11-22 16:37:00,Brasil,PARAÍBA,SANTA RITA,Mata Atlântica
 1662075327 ,1ca71087-3489-393b-a8da-acb4c964f9e4,   -6.904600 ,  -38.393710 ,2023-11-22 16:37:00,Brasil,PARAÍBA,SÃO JOÃO DO RIO DO PEIXE,Caatinga
 1662075328 ,b5f4ff08-4328-35f1-8aa6-3ed46d4ece2b,   -6.880620 ,  -38.166600 ,2023-11-22 16:37:00,Brasil,PARAÍBA,SÃO JOSÉ DA LAGOA TAPADA,Caatinga
 1662075329 ,9987e62d-42d0-3d48-a5ac-6b26a1fa9f7c,   -6.877790 ,  -38.397710 ,2023-11-22 16:37:00,Brasil,PARAÍBA,SÃO JOÃO DO RIO DO PEIXE,Caatinga
 1662238675 ,69786128-1eff-3282-bbdf-06f86b55a8a0,   -7.402500 ,  -38.452230 ,2023-11-24 16:22:00,Brasil,PARAÍBA,CONCEIÇÃO,Caatinga
 1662238668 ,96f0699e-1c88-394b-bc4e-52fa29a7cbfb,   -7.438860 ,  -35.791480 ,2023-11-24 16:22:00,Brasil,PARAÍBA,FAGUNDES,Caatinga
 1662238669 ,b25d0924-b0f2-37ec-9dd2-2430a45ef94c,   -7.437570 ,  -35.782440 ,2023-11-24 16:22:00,Brasil,PARAÍBA,FAGUNDES,Caatinga
 1662238670 ,d4b2fd47-9ecb-3d50-8e4b-ad73b585abb3,   -7.436270 ,  -35.773380 ,2023-11-24 16:22:00,Brasil,PARAÍBA,FAGUNDES,Caatinga
 1662238674 ,68e087b3-4dd4-392e-b43d-f28c77f85e18,   -7.404130 ,  -38.463900 ,2023-11-24 16:22:00,Brasil,PARAÍBA,CONCEIÇÃO,Caatinga
 1662238676 ,cbdcfbc8-9b6f-336a-9701-0fc1645083fd,   -7.395950 ,  -37.586890 ,2023-11-24 16:22:00,Brasil,PARAÍBA,IMACULADA,Caatinga
 1662238677 ,2b1ad3bf-7791-3387-9a04-2f2724560813,   -7.380470 ,  -38.443030 ,2023-11-24 16:22:00,Brasil,PARAÍBA,CONCEIÇÃO,Caatinga
 1662238681 ,89a8ece3-f59b-3228-8a32-92acc40cc971,   -7.038270 ,  -38.262130 ,2023-11-24 16:22:00,Brasil,PARAÍBA,AGUIAR,Caatinga
 1662238682 ,c04950a0-352f-3ced-afe9-3b74885896e6,   -6.960110 ,  -38.209980 ,2023-11-24 16:22:00,Brasil,PARAÍBA,SÃO JOSÉ DA LAGOA TAPADA,Caatinga
 1662238684 ,73ae520c-0766-3e1e-9c62-0ba0d9959482,   -6.628990 ,  -37.958290 ,2023-11-24 16:22:00,Brasil,PARAÍBA,POMBAL,Caatinga
 1662238685 ,b28c785e-c77d-3d00-8992-fcb6eb1d050c,   -6.627490 ,  -37.947420 ,2023-11-24 16:22:00,Brasil,PARAÍBA,POMBAL,Caatinga
 1662238686 ,c6a97b61-becf-383d-8596-daf00a58ee74,   -6.570790 ,  -37.702710 ,2023-11-24 16:22:00,Brasil,PARAÍBA,PAULISTA,Caatinga
 1662322007 ,6eba3383-e3eb-3ee1-ac00-d10b83e0bf63,   -7.674230 ,  -38.100480 ,2023-11-25 17:04:00,Brasil,PARAÍBA,SÃO JOSÉ DE PRINCESA,Caatinga
 1662322010 ,87a66958-b8ba-34d6-baef-cc3cc60263f4,   -7.617450 ,  -37.841880 ,2023-11-25 17:04:00,Brasil,PARAÍBA,TAVARES,Caatinga
 1662322011 ,277f2e1d-100f-366d-8f1d-af73c04f411e,   -7.613490 ,  -37.817940 ,2023-11-25 17:04:00,Brasil,PARAÍBA,TAVARES,Caatinga
 1662322015 ,774c7570-e2bd-34fb-9989-067578c2cee5,   -7.561410 ,  -37.978960 ,2023-11-25 17:04:00,Brasil,PARAÍBA,PRINCESA ISABEL,Caatinga
 1662322018 ,a33d0417-5d84-3043-901b-e76831f2095a,   -7.525700 ,  -38.567870 ,2023-11-25 17:04:00,Brasil,PARAÍBA,CONCEIÇÃO,Caatinga
 1662322019 ,a3c9da53-ec9f-3b12-b5eb-4fb8a74c427c,   -7.515680 ,  -38.488370 ,2023-11-25 17:04:00,Brasil,PARAÍBA,CONCEIÇÃO,Caatinga
 1662322021 ,5f2d03c7-6934-3a7d-a39d-29c3c08bf34b,   -7.511400 ,  -38.481540 ,2023-11-25 17:04:00,Brasil,PARAÍBA,CONCEIÇÃO,Caatinga
 1662322029 ,3a8273f5-b17f-3eb5-aafb-2a61a5df91db,   -7.456850 ,  -37.698320 ,2023-11-25 17:04:00,Brasil,PARAÍBA,ÁGUA BRANCA,Caatinga
 1662322030 ,77870c1c-ee04-3d31-a33e-e542fe7c7ce8,   -7.454890 ,  -37.703660 ,2023-11-25 17:04:00,Brasil,PARAÍBA,ÁGUA BRANCA,Caatinga
 1662322033 ,015cb297-bb0f-3e52-88fa-e6619864b8c3,   -7.425000 ,  -38.488650 ,2023-11-25 17:04:00,Brasil,PARAÍBA,CONCEIÇÃO,Caatinga
 1662322034 ,80c710c9-23e3-3a7a-a981-2d3bc0023853,   -7.422440 ,  -38.505860 ,2023-11-25 17:04:00,Brasil,PARAÍBA,CONCEIÇÃO,Caatinga
 1662322035 ,a159cb83-c322-31cf-8e22-368ac2cac5ad,   -7.418970 ,  -38.484850 ,2023-11-25 17:04:00,Brasil,PARAÍBA,CONCEIÇÃO,Caatinga
 1662322039 ,4f8ee6b6-c740-30f7-9fe0-72493bb1e88c,   -7.350260 ,  -38.240200 ,2023-11-25 17:04:00,Brasil,PARAÍBA,ITAPORANGA,Caatinga
 1662322040 ,95ae47be-ae4e-3ffa-bd52-002fd1df7ef4,   -7.346380 ,  -38.217230 ,2023-11-25 17:04:00,Brasil,PARAÍBA,ITAPORANGA,Caatinga
 1662322041 ,dd30af3e-285e-3b22-97f0-e514fd343c29,   -7.344710 ,  -38.246130 ,2023-11-25 17:04:00,Brasil,PARAÍBA,ITAPORANGA,Caatinga
 1662322042 ,4d34038c-7d0a-3fd4-85b1-b4c8e5809dad,   -7.341000 ,  -38.223130 ,2023-11-25 17:04:00,Brasil,PARAÍBA,ITAPORANGA,Caatinga
 1662322054 ,91285993-fde8-3746-8b01-93d3aec2f539,   -7.145120 ,  -37.877350 ,2023-11-25 17:04:00,Brasil,PARAÍBA,PIANCÓ,Caatinga
 1662322059 ,e6a15619-ec95-3a81-acda-deb3f41e8b2d,   -7.048880 ,  -38.385550 ,2023-11-25 17:04:00,Brasil,PARAÍBA,SÃO JOSÉ DE PIRANHAS,Caatinga
 1662322063 ,7d4b367e-747c-387e-ae5d-fa3b4bd62815,   -6.928320 ,  -38.688060 ,2023-11-25 17:04:00,Brasil,PARAÍBA,CACHOEIRA DOS ÍNDIOS,Caatinga
 1662322065 ,6b6ca867-e59c-3acc-a39c-ea6e3381ae79,   -6.856940 ,  -38.335210 ,2023-11-25 17:04:00,Brasil,PARAÍBA,MARIZÓPOLIS,Caatinga
 1662322077 ,02f4a731-b61d-3939-9887-7741bf49cf1d,   -6.434680 ,  -38.554170 ,2023-11-25 17:04:00,Brasil,PARAÍBA,POÇO DANTAS,Caatinga
 1662322078 ,2bea2b15-64c3-3933-8c3d-8920d8c96a8a,   -6.431020 ,  -38.531650 ,2023-11-25 17:04:00,Brasil,PARAÍBA,POÇO DANTAS,Caatinga
 1662322079 ,3c09da01-99ef-3c77-a597-0ddb8f1f0006,   -6.423200 ,  -38.540160 ,2023-11-25 17:04:00,Brasil,PARAÍBA,POÇO DANTAS,Caatinga
 1662322080 ,4d20dc43-927c-3d74-85cc-6bb34a9cc3ca,   -6.419690 ,  -38.517610 ,2023-11-25 17:04:00,Brasil,PARAÍBA,POÇO DANTAS,Caatinga
 1662378838 ,5e6d8bf3-d7ce-37da-9783-7a366642e934,   -7.259120 ,  -35.107960 ,2023-11-26 16:07:00,Brasil,PARAÍBA,PEDRAS DE FOGO,Mata Atlântica
 1662378839 ,6a1066db-7b66-3d0f-bbe4-6a26f8a504ed,   -7.227580 ,  -35.191490 ,2023-11-26 16:07:00,Brasil,PARAÍBA,SÃO MIGUEL DE TAIPU,Mata Atlântica
 1662378840 ,51f20bd5-11c5-3490-a5b9-29d67af33e9d,   -7.225800 ,  -35.178410 ,2023-11-26 16:07:00,Brasil,PARAÍBA,SÃO MIGUEL DE TAIPU,Mata Atlântica
 1662378841 ,d2526a86-cc21-3e0d-a32c-64cce5e81fb0,   -7.196440 ,  -34.963310 ,2023-11-26 16:07:00,Brasil,PARAÍBA,JOÃO PESSOA,Mata Atlântica
 1662378843 ,a429145b-df28-3fc9-a3fd-05ed0fc0159b,   -7.051880 ,  -38.257600 ,2023-11-26 16:07:00,Brasil,PARAÍBA,AGUIAR,Caatinga
 1662378844 ,b20ae270-e5be-3f1f-901c-d70f0fb87e5c,   -7.036580 ,  -35.295720 ,2023-11-26 16:07:00,Brasil,PARAÍBA,MARI,Caatinga
 1662378845 ,bdf0aeca-fff8-38b3-8af1-6a376e4bbb92,   -6.979270 ,  -38.502930 ,2023-11-26 16:07:00,Brasil,PARAÍBA,CAJAZEIRAS,Caatinga
 1662378846 ,3d454a8e-1b76-3b1b-abe9-b4bb5d588419,   -6.977670 ,  -38.186800 ,2023-11-26 16:07:00,Brasil,PARAÍBA,SÃO JOSÉ DA LAGOA TAPADA,Caatinga
 1662378847 ,9f2ba9c0-caa5-3367-9ffb-8236bdecb94e,   -6.918870 ,  -35.458770 ,2023-11-26 16:07:00,Brasil,PARAÍBA,GUARABIRA,Caatinga
 1662378848 ,eb953d3b-e783-392d-a9cb-82ad84253ab9,   -6.917030 ,  -35.445470 ,2023-11-26 16:07:00,Brasil,PARAÍBA,GUARABIRA,Caatinga
 1662378849 ,d1e9896f-7913-354f-ac51-3df2755840fc,   -6.908120 ,  -35.460290 ,2023-11-26 16:07:00,Brasil,PARAÍBA,GUARABIRA,Caatinga
 1662378850 ,6c7ef695-bb3d-34dc-8120-2e97eae1707f,   -6.906300 ,  -35.447020 ,2023-11-26 16:07:00,Brasil,PARAÍBA,GUARABIRA,Caatinga
 1662378851 ,fce4ef57-3b81-3cff-bc35-6ecebbfea96d,   -6.868010 ,  -38.665940 ,2023-11-26 16:07:00,Brasil,PARAÍBA,CACHOEIRA DOS ÍNDIOS,Caatinga
 1662378852 ,bec6775c-e098-3f37-b68e-df99306b4764,   -6.864940 ,  -38.642520 ,2023-11-26 16:07:00,Brasil,PARAÍBA,CAJAZEIRAS,Caatinga
 1662378853 ,50a449bc-fe5d-3bb5-82eb-fdf8121689c1,   -6.849660 ,  -35.459950 ,2023-11-26 16:07:00,Brasil,PARAÍBA,GUARABIRA,Caatinga
 1662378854 ,52bc988b-926f-3f5d-af2f-00c712f999c7,   -6.847820 ,  -35.446780 ,2023-11-26 16:07:00,Brasil,PARAÍBA,GUARABIRA,Caatinga
 1662378855 ,a887fe49-1362-34df-8b7d-0f1605f48aa7,   -6.793990 ,  -35.215760 ,2023-11-26 16:07:00,Brasil,PARAÍBA,ITAPOROROCA,Mata Atlântica
 1662378857 ,52fd05bd-490e-3d95-a900-2dc0d3f33094,   -6.785160 ,  -35.550290 ,2023-11-26 16:07:00,Brasil,PARAÍBA,BORBOREMA,Caatinga
 1662438313 ,655de13c-b400-3689-8b44-3eff0b9d69d7,   -6.947110 ,  -38.536910 ,2023-11-27 16:49:00,Brasil,PARAÍBA,CAJAZEIRAS,Caatinga
 1662438319 ,afdcae29-9df1-39d8-a4e0-ba3f6bcdd4c3,   -6.854440 ,  -38.661510 ,2023-11-27 16:49:00,Brasil,PARAÍBA,BOM JESUS,Caatinga
 1662438320 ,27184385-6dd9-3092-81ad-cd907b3cf6e5,   -6.852700 ,  -38.650200 ,2023-11-27 16:49:00,Brasil,PARAÍBA,BOM JESUS,Caatinga
 1662438322 ,71d8b7e9-af72-33f0-9a06-15d674c49f1f,   -6.844520 ,  -38.663070 ,2023-11-27 16:49:00,Brasil,PARAÍBA,BOM JESUS,Caatinga
 1662438323 ,4f3aeaf8-599b-387f-82cb-947e074a617f,   -6.842770 ,  -38.651790 ,2023-11-27 16:49:00,Brasil,PARAÍBA,BOM JESUS,Caatinga
 1662438324 ,5285b424-0763-3ceb-aaef-40f55dda32cb,   -6.842410 ,  -38.658600 ,2023-11-27 16:49:00,Brasil,PARAÍBA,BOM JESUS,Caatinga
 1662438330 ,96acdff9-5c1e-3f44-aa71-657cdc64c973,   -6.709660 ,  -38.449560 ,2023-11-27 16:49:00,Brasil,PARAÍBA,SÃO JOÃO DO RIO DO PEIXE,Caatinga
 1662438331 ,03a5166b-6b3b-3021-8aac-67b00c3952a2,   -6.699580 ,  -38.451240 ,2023-11-27 16:49:00,Brasil,PARAÍBA,SÃO JOÃO DO RIO DO PEIXE,Caatinga
 1662603296 ,2fa5981e-6bbb-3bcd-9c47-9a9de5df6982,   -8.221950 ,  -37.111140 ,2023-11-29 16:32:00,Brasil,PARAÍBA,SÃO SEBASTIÃO DO UMBUZEIRO,Caatinga
 1662603301 ,72065ce6-3cac-31ef-8a6d-ebd23d18c752,   -8.153320 ,  -36.891200 ,2023-11-29 16:32:00,Brasil,PARAÍBA,SÃO JOÃO DO TIGRE,Caatinga
 1662603302 ,359246ca-103c-348e-a549-374e801f5286,   -8.151990 ,  -36.882130 ,2023-11-29 16:32:00,Brasil,PARAÍBA,SÃO JOÃO DO TIGRE,Caatinga
 1662603303 ,7017bf65-4761-3fa5-828d-f62b32e543db,   -8.144360 ,  -36.892500 ,2023-11-29 16:32:00,Brasil,PARAÍBA,SÃO JOÃO DO TIGRE,Caatinga
 1662603304 ,75820edb-da25-3749-96da-6b923e439ad0,   -8.143030 ,  -36.883450 ,2023-11-29 16:32:00,Brasil,PARAÍBA,SÃO JOÃO DO TIGRE,Caatinga
 1662603310 ,bf4ff965-5ebe-3bbc-bc6e-ba43c6f11f75,   -8.068830 ,  -37.001720 ,2023-11-29 16:32:00,Brasil,PARAÍBA,SÃO SEBASTIÃO DO UMBUZEIRO,Caatinga
 1662603311 ,03d86921-e9db-3b07-9a96-1f1310ed59fc,   -8.067510 ,  -36.992690 ,2023-11-29 16:32:00,Brasil,PARAÍBA,SÃO SEBASTIÃO DO UMBUZEIRO,Caatinga
 1662603320 ,724d16b0-d6dc-39f5-9dea-85459e559c66,   -7.859420 ,  -37.153150 ,2023-11-29 16:32:00,Brasil,PARAÍBA,MONTEIRO,Caatinga
 1662603326 ,126060e9-c8c3-3bcc-8d77-36dfb988d197,   -7.770860 ,  -38.127670 ,2023-11-29 16:32:00,Brasil,PARAÍBA,MANAÍRA,Caatinga
 1662603327 ,abe822e7-cce8-3145-ab49-fc1d54b8e323,   -7.769570 ,  -38.118680 ,2023-11-29 16:32:00,Brasil,PARAÍBA,SÃO JOSÉ DE PRINCESA,Caatinga
 1662603328 ,ab2cf6b6-a4a4-31f4-8ba8-0cdbfa4b3052,   -7.761960 ,  -38.129080 ,2023-11-29 16:32:00,Brasil,PARAÍBA,MANAÍRA,Caatinga
 1662603329 ,c70d9c47-cb6c-3923-ad45-3d43af382671,   -7.755520 ,  -38.084260 ,2023-11-29 16:32:00,Brasil,PARAÍBA,SÃO JOSÉ DE PRINCESA,Caatinga
 1662603330 ,329ab4a6-76a4-3c66-8dc0-b04917cd843a,   -7.754230 ,  -38.075240 ,2023-11-29 16:32:00,Brasil,PARAÍBA,SÃO JOSÉ DE PRINCESA,Caatinga
 1662603334 ,b0dbf749-a961-38da-bd2a-8ec2aa60f031,   -7.737790 ,  -36.946760 ,2023-11-29 16:32:00,Brasil,PARAÍBA,SUMÉ,Caatinga
 1662603336 ,25a8970f-d8aa-35ab-b97f-a326f2046adc,   -7.736470 ,  -36.937700 ,2023-11-29 16:32:00,Brasil,PARAÍBA,SUMÉ,Caatinga
 1662603339 ,c32bfd4b-38db-352b-9173-ac4586318133,   -7.718980 ,  -38.150380 ,2023-11-29 16:32:00,Brasil,PARAÍBA,MANAÍRA,Caatinga
 1662603341 ,091ba9f0-7aa7-39f6-8eec-5b2656c6e423,   -7.704260 ,  -37.154540 ,2023-11-29 16:32:00,Brasil,PARAÍBA,PRATA,Caatinga
 1662603356 ,975370b4-7c1c-339a-839d-9c80d9966b8f,   -7.521300 ,  -37.675450 ,2023-11-29 16:32:00,Brasil,PARAÍBA,ÁGUA BRANCA,Caatinga
 1662603357 ,ccd15b3f-9a2f-3df4-8077-368127365ac6,   -7.513850 ,  -37.749340 ,2023-11-29 16:32:00,Brasil,PARAÍBA,JURU,Caatinga
 1662603359 ,0c27ff5e-bf16-37a8-b1aa-8e8d524e289c,   -7.512560 ,  -37.740440 ,2023-11-29 16:32:00,Brasil,PARAÍBA,JURU,Caatinga
 1662603360 ,7ea7912b-00e9-30f7-bf20-6311df7b53f1,   -7.502060 ,  -37.605490 ,2023-11-29 16:32:00,Brasil,PARAÍBA,ÁGUA BRANCA,Caatinga
 1662603362 ,0e75d8ba-6dfe-3efc-860c-6397e9eb9be5,   -7.500770 ,  -37.596570 ,2023-11-29 16:32:00,Brasil,PARAÍBA,ÁGUA BRANCA,Caatinga
 1662603367 ,9f0c9281-1acb-39ca-bd3b-7c53b2f07103,   -7.418060 ,  -37.532630 ,2023-11-29 16:32:00,Brasil,PARAÍBA,IMACULADA,Caatinga
 1662603372 ,e97849c0-0798-3f3c-b4ea-52e32ec3530c,   -7.330100 ,  -37.816130 ,2023-11-29 16:32:00,Brasil,PARAÍBA,OLHO D'ÁGUA,Caatinga
 1662603379 ,6d4917d4-3154-3986-b810-3aeb05e0e438,   -7.202060 ,  -37.439980 ,2023-11-29 16:32:00,Brasil,PARAÍBA,MÃE D'ÁGUA,Caatinga
 1662603380 ,e14d0b52-b37c-380d-b1a5-8607ee3c208f,   -7.200760 ,  -37.431060 ,2023-11-29 16:32:00,Brasil,PARAÍBA,MÃE D'ÁGUA,Caatinga
 1662603384 ,191f3457-ba2b-342c-ad4c-c9b742fac7b4,   -6.987390 ,  -38.188310 ,2023-11-29 16:32:00,Brasil,PARAÍBA,SÃO JOSÉ DA LAGOA TAPADA,Caatinga
 1662603385 ,6c892957-d355-3594-bd5c-639b62d96466,   -6.986100 ,  -38.179380 ,2023-11-29 16:32:00,Brasil,PARAÍBA,SÃO JOSÉ DA LAGOA TAPADA,Caatinga
 1662603386 ,445d6436-7773-311e-b7d0-418b71110745,   -6.973330 ,  -38.153900 ,2023-11-29 16:32:00,Brasil,PARAÍBA,SÃO JOSÉ DA LAGOA TAPADA,Caatinga
 1662603389 ,47aec7c2-9d57-33f4-b4b0-77650517101f,   -6.963350 ,  -38.273990 ,2023-11-29 16:32:00,Brasil,PARAÍBA,NAZAREZINHO,Caatinga
 1662603390 ,33c93a90-451a-3b22-b501-35bf4b795658,   -6.962060 ,  -38.265050 ,2023-11-29 16:32:00,Brasil,PARAÍBA,NAZAREZINHO,Caatinga
 1662603391 ,9e36cfd3-fbb9-3b35-b0ba-9624bea83b32,   -6.959360 ,  -38.510190 ,2023-11-29 16:32:00,Brasil,PARAÍBA,CAJAZEIRAS,Caatinga
 1662603392 ,ef962488-048b-3d56-b08f-a491e0726bba,   -6.958060 ,  -38.501180 ,2023-11-29 16:32:00,Brasil,PARAÍBA,CAJAZEIRAS,Caatinga
 1662603393 ,b4042926-6548-36ec-ada6-d068b0e19103,   -6.931380 ,  -38.178310 ,2023-11-29 16:32:00,Brasil,PARAÍBA,SÃO JOSÉ DA LAGOA TAPADA,Caatinga
 1662603395 ,c31c69a4-bd0b-3215-afc1-ea2befe83ab8,   -6.900630 ,  -38.028010 ,2023-11-29 16:32:00,Brasil,PARAÍBA,SÃO JOSÉ DA LAGOA TAPADA,Caatinga
 1662603399 ,d6389839-38b6-3be3-a1e9-371ab6768ae7,   -6.867550 ,  -37.486710 ,2023-11-29 16:32:00,Brasil,PARAÍBA,SÃO JOSÉ DE ESPINHARAS,Caatinga
 1662603400 ,d5d4533e-5bd1-34c0-b4d4-51264788d35d,   -6.866250 ,  -37.477770 ,2023-11-29 16:32:00,Brasil,PARAÍBA,SÃO JOSÉ DE ESPINHARAS,Caatinga
 1662603405 ,eeaab731-ab83-356e-961f-957035892ec3,   -6.658990 ,  -38.209800 ,2023-11-29 16:34:00,Brasil,PARAÍBA,SOUSA,Caatinga
 1662603406 ,cb8fb964-5a28-32c2-aa71-c7cb05398017,   -6.533720 ,  -38.240360 ,2023-11-29 16:34:00,Brasil,PARAÍBA,VIEIRÓPOLIS,Caatinga
 1662603407 ,67be0710-2dae-3957-a4d1-ed2972fea594,   -6.531310 ,  -37.834270 ,2023-11-29 16:34:00,Brasil,PARAÍBA,JERICÓ,Caatinga
 1662603408 ,40714a08-67be-3d96-971d-be93f1b7ee4f,   -6.524820 ,  -38.241670 ,2023-11-29 16:34:00,Brasil,PARAÍBA,VIEIRÓPOLIS,Caatinga
 1662603411 ,673b94d8-20e6-320b-ab22-a8eafe5f78f4,   -6.511210 ,  -38.526710 ,2023-11-29 16:34:00,Brasil,PARAÍBA,TRIUNFO,Caatinga
 1662603412 ,65b017d7-c3e5-3146-b2c2-9c1021763842,   -6.508400 ,  -38.316900 ,2023-11-29 16:34:00,Brasil,PARAÍBA,UIRAÚNA,Caatinga
 1662603414 ,03e78b08-816f-3a1e-b0c8-108dadc15a80,   -6.499490 ,  -38.318220 ,2023-11-29 16:34:00,Brasil,PARAÍBA,UIRAÚNA,Caatinga
 1662603417 ,c29f285b-f3b3-33a4-bdd9-7f5c508f6803,   -6.451510 ,  -38.431300 ,2023-11-29 16:34:00,Brasil,PARAÍBA,UIRAÚNA,Caatinga
 1662603418 ,1448c7ba-ffa5-38c4-ae57-796d6bcbaf0d,   -6.450230 ,  -38.422360 ,2023-11-29 16:34:00,Brasil,PARAÍBA,UIRAÚNA,Caatinga
 1662603419 ,ff391f1d-3143-374e-9664-ae4c8971e542,   -6.432550 ,  -38.552930 ,2023-11-29 16:34:00,Brasil,PARAÍBA,POÇO DANTAS,Caatinga
 1662694123 ,49358174-1d24-3c25-9211-619e16f03490,   -6.664660 ,  -38.576870 ,2023-11-30 17:13:00,Brasil,PARAÍBA,TRIUNFO,Caatinga
 1662777491 ,eae36f12-c781-375b-8d39-06b38cc0fb51,   -7.548260 ,  -37.735960 ,2023-12-01 16:17:00,Brasil,PARAÍBA,ÁGUA BRANCA,Caatinga
 1662777492 ,8d97e6e0-2fdd-30c1-94d3-339c8051dfe4,   -7.546530 ,  -37.723130 ,2023-12-01 16:17:00,Brasil,PARAÍBA,ÁGUA BRANCA,Caatinga
 1662777493 ,643d26eb-d27d-3566-ae8f-49a99a68c649,   -7.541710 ,  -37.729380 ,2023-12-01 16:17:00,Brasil,PARAÍBA,JURU,Caatinga
 1662777494 ,f49b5d81-af3d-35c0-bdee-74d5fcfbced7,   -7.529260 ,  -37.673970 ,2023-12-01 16:17:00,Brasil,PARAÍBA,ÁGUA BRANCA,Caatinga
 1662777497 ,2986062f-320e-3851-b1c7-962dcf50b0a4,   -7.122700 ,  -35.243760 ,2023-12-01 16:17:00,Brasil,PARAÍBA,SOBRADO,Mata Atlântica
 1662777498 ,11cccfac-69a7-34cb-ab32-564f4f0ffd1d,   -6.516700 ,  -35.585270 ,2023-12-01 16:17:00,Brasil,PARAÍBA,TACIMA,Caatinga
 1662777499 ,b1f1a754-24ca-3d94-a484-cdc705b3b183,   -6.508880 ,  -35.596050 ,2023-12-01 16:17:00,Brasil,PARAÍBA,TACIMA,Caatinga
 1662870237 ,a15e94e9-5a4b-348c-9d83-e380b077a607,   -7.401490 ,  -38.331590 ,2023-12-02 16:58:00,Brasil,PARAÍBA,DIAMANTE,Caatinga
 1662870238 ,668af0fa-02f7-3aec-aa3f-90d9f832c9c2,   -7.398640 ,  -38.339440 ,2023-12-02 16:58:00,Brasil,PARAÍBA,DIAMANTE,Caatinga
 1662870239 ,6c451064-53b1-3394-bbbd-047b55ac9d1a,   -7.398480 ,  -38.313150 ,2023-12-02 16:58:00,Brasil,PARAÍBA,DIAMANTE,Caatinga
 1662870240 ,5fe4de17-e37c-30ee-8865-1dc9b0034bd6,   -7.395750 ,  -38.320950 ,2023-12-02 16:58:00,Brasil,PARAÍBA,DIAMANTE,Caatinga
 1662870249 ,6284f3ad-f28a-383c-b11d-f7b278c7e2ac,   -6.917770 ,  -38.114300 ,2023-12-02 16:58:00,Brasil,PARAÍBA,SÃO JOSÉ DA LAGOA TAPADA,Caatinga
 1662870250 ,89cb3cca-3f75-38eb-9eaf-d22fdb58755d,   -6.915920 ,  -38.100090 ,2023-12-02 16:58:00,Brasil,PARAÍBA,SÃO JOSÉ DA LAGOA TAPADA,Caatinga
 1662955738 ,876cee7f-fc18-33ee-afee-40c01bbe3477,   -7.546130 ,  -35.970850 ,2023-12-03 16:02:00,Brasil,PARAÍBA,BARRA DE SANTANA,Caatinga
 1662955739 ,3d3239c1-3f77-3f25-816f-6d197e07eefa,   -7.272030 ,  -38.070620 ,2023-12-03 16:02:00,Brasil,PARAÍBA,PIANCÓ,Caatinga
 1662955740 ,b4b03bc0-3950-3f6c-b8c6-1a2a2bfe4664,   -7.267070 ,  -38.051240 ,2023-12-03 16:02:00,Brasil,PARAÍBA,PIANCÓ,Caatinga
 1663035375 ,c377eee3-8fa7-3250-a428-a3003ba1e171,   -7.498680 ,  -35.712390 ,2023-12-04 16:43:00,Brasil,PARAÍBA,AROEIRAS,Caatinga
 1663035376 ,f94ced81-f9f4-3f81-a022-8df3ee3998b5,   -7.453210 ,  -38.567270 ,2023-12-04 16:43:00,Brasil,PARAÍBA,CONCEIÇÃO,Caatinga
 1663035384 ,b6bc2dce-b5b0-379e-9c94-31f2edefdb87,   -7.128610 ,  -38.121250 ,2023-12-04 16:43:00,Brasil,PARAÍBA,IGARACY,Caatinga
 1663035386 ,db58c3c3-36d4-3283-b342-e22fece6bedc,   -6.952420 ,  -38.369470 ,2023-12-04 16:43:00,Brasil,PARAÍBA,NAZAREZINHO,Caatinga
 1663229928 ,34259969-9ebd-3689-b967-5b76d6e6b6e6,   -7.696410 ,  -38.008380 ,2023-12-06 16:28:00,Brasil,PARAÍBA,PRINCESA ISABEL,Caatinga
 1663229929 ,2343e1eb-6b11-3c1e-be5a-76b0494e2ff4,   -7.695040 ,  -37.998870 ,2023-12-06 16:28:00,Brasil,PARAÍBA,PRINCESA ISABEL,Caatinga
 1663229939 ,1397bf32-078e-398c-94f8-5ff42217ddea,   -7.500370 ,  -37.804090 ,2023-12-06 16:28:00,Brasil,PARAÍBA,JURU,Caatinga
 1663229940 ,51cfb67a-112d-350e-90f8-d68fecc987c0,   -7.487370 ,  -37.777570 ,2023-12-06 16:28:00,Brasil,PARAÍBA,JURU,Caatinga
 1663229944 ,c03afaac-5d29-39a7-be55-742f4d33c978,   -7.424210 ,  -38.105850 ,2023-12-06 16:28:00,Brasil,PARAÍBA,PEDRA BRANCA,Caatinga
 1663229946 ,ff45b1ed-f182-307d-b56b-3091f8d65d32,   -7.333760 ,  -37.539280 ,2023-12-06 16:28:00,Brasil,PARAÍBA,IMACULADA,Caatinga
 1663229947 ,4376f5df-5cbc-3b53-aec9-73ff0e28ae6e,   -7.323160 ,  -38.039270 ,2023-12-06 16:28:00,Brasil,PARAÍBA,SANTANA DOS GARROTES,Caatinga
 1663229948 ,adeff1c0-84f7-387d-99a5-37e82c17f3cb,   -7.321800 ,  -38.029830 ,2023-12-06 16:28:00,Brasil,PARAÍBA,SANTANA DOS GARROTES,Caatinga
 1663229951 ,f76df5d9-b233-349c-bda2-e52c2da5f599,   -7.238510 ,  -35.735610 ,2023-12-06 16:28:00,Brasil,PARAÍBA,MASSARANDUBA,Caatinga
 1663229952 ,a08c2b2e-b5fe-3c4d-b10e-1bc1a94878d1,   -7.237170 ,  -35.726520 ,2023-12-06 16:28:00,Brasil,PARAÍBA,MASSARANDUBA,Caatinga
 1663229958 ,9255321d-0879-3fd1-b988-9e09c5bce2e5,   -7.032790 ,  -37.880600 ,2023-12-06 16:28:00,Brasil,PARAÍBA,COREMAS,Caatinga
 1663229959 ,216008de-a40e-396a-93fa-ee4bc392ccb9,   -7.031460 ,  -37.871320 ,2023-12-06 16:28:00,Brasil,PARAÍBA,COREMAS,Caatinga
 1663229961 ,71a8c39a-a27a-325a-b825-b065ca80057c,   -6.950260 ,  -38.538140 ,2023-12-06 16:28:00,Brasil,PARAÍBA,CAJAZEIRAS,Caatinga
 1663229962 ,ae415e67-73f7-387a-8e35-bc1cabee9d0c,   -6.897580 ,  -38.029520 ,2023-12-06 16:28:00,Brasil,PARAÍBA,SÃO JOSÉ DA LAGOA TAPADA,Caatinga
 1663229964 ,a4dc6475-bf7e-342c-a025-564babb7f3fe,   -6.884370 ,  -37.936260 ,2023-12-06 16:28:00,Brasil,PARAÍBA,POMBAL,Caatinga
 1663229965 ,29c07447-81e3-33d0-a76e-21ded4eaa966,   -6.883060 ,  -37.926990 ,2023-12-06 16:28:00,Brasil,PARAÍBA,POMBAL,Caatinga
 1663229966 ,01e2cb10-1f82-3495-b10c-53c30067ff0f,   -6.855200 ,  -38.564050 ,2023-12-06 16:28:00,Brasil,PARAÍBA,CAJAZEIRAS,Caatinga
 1663229974 ,5c134a4b-6bdb-34cc-a870-4a565c391a5d,   -6.628500 ,  -36.283830 ,2023-12-06 16:28:00,Brasil,PARAÍBA,PICUÍ,Caatinga
 1663357174 ,aaa8e3b4-3848-311e-acbc-4d4bd3e32fb3,   -6.432350 ,  -38.388570 ,2023-12-07 17:09:00,Brasil,PARAÍBA,UIRAÚNA,Caatinga
 1663464153 ,be4135e6-a362-329f-8e28-053c39eb25cc,   -8.153310 ,  -36.742770 ,2023-12-08 16:13:00,Brasil,PARAÍBA,SÃO JOÃO DO TIGRE,Caatinga
 1663464160 ,be495b80-4079-3632-bb93-6384cb07372e,   -7.431460 ,  -35.357380 ,2023-12-08 16:13:00,Brasil,PARAÍBA,ITABAIANA,Mata Atlântica
 1663580448 ,0677b392-bb12-3e71-a9ff-a4bcd7185d7b,   -7.920290 ,  -37.297340 ,2023-12-09 16:54:00,Brasil,PARAÍBA,MONTEIRO,Caatinga
 1663580510 ,19424eef-d474-3cf5-9e3b-07c202b32b88,   -7.200550 ,  -38.110150 ,2023-12-09 16:54:00,Brasil,PARAÍBA,IGARACY,Caatinga
 1663580511 ,1fb032f2-512a-358b-a803-207ec5296904,   -7.198170 ,  -38.094520 ,2023-12-09 16:54:00,Brasil,PARAÍBA,IGARACY,Caatinga
 1663580512 ,622b9b35-1b13-38f7-a172-a6256aa66490,   -7.196650 ,  -38.105050 ,2023-12-09 16:54:00,Brasil,PARAÍBA,IGARACY,Caatinga
 1663580513 ,9711354f-8f09-3d51-b526-f26ba361d35b,   -7.050430 ,  -37.814640 ,2023-12-09 16:54:00,Brasil,PARAÍBA,EMAS,Caatinga
 1663580514 ,2301ccb6-712e-35cc-b2a0-9e6d7bbc2587,   -7.048290 ,  -37.824670 ,2023-12-09 16:54:00,Brasil,PARAÍBA,COREMAS,Caatinga
 1663580515 ,b4c02ab3-9140-3811-b23e-cda405238817,   -6.670920 ,  -38.049230 ,2023-12-09 16:54:00,Brasil,PARAÍBA,SÃO FRANCISCO,Caatinga
 1663580516 ,ab92aab7-2a0f-32d2-85ab-1c48689436ee,   -6.520580 ,  -38.263970 ,2023-12-09 16:54:00,Brasil,PARAÍBA,VIEIRÓPOLIS,Caatinga
 1663681240 ,b1896834-3db2-38e0-b27f-e6a148712ecc,   -7.349980 ,  -37.972160 ,2023-12-10 15:58:00,Brasil,PARAÍBA,SANTANA DOS GARROTES,Caatinga
 1663681241 ,2c2db66d-af22-3d12-aab0-3c4524ba6dac,   -7.342420 ,  -37.968480 ,2023-12-10 15:58:00,Brasil,PARAÍBA,SANTANA DOS GARROTES,Caatinga
 1663772820 ,a117e92e-ae4d-3ac7-8541-47d8592bc072,   -7.314960 ,  -37.557740 ,2023-12-11 16:39:00,Brasil,PARAÍBA,MÃE D'ÁGUA,Caatinga
 1663772821 ,23723f4a-a22b-3ecd-ad09-8640501c31c0,   -7.208870 ,  -37.784260 ,2023-12-11 16:39:00,Brasil,PARAÍBA,OLHO D'ÁGUA,Caatinga
 1663772822 ,5e780fd8-1abf-36b8-b02e-7c42d9bfa69e,   -7.132080 ,  -37.694730 ,2023-12-11 16:39:00,Brasil,PARAÍBA,EMAS,Caatinga
 1663772824 ,a1f1e0c4-4807-3bd5-99f2-a64c36c776e2,   -7.066630 ,  -38.067280 ,2023-12-11 16:39:00,Brasil,PARAÍBA,COREMAS,Caatinga
 1663772825 ,989e665a-f59a-3ba8-8b65-5eb53632e790,   -6.887550 ,  -37.162300 ,2023-12-11 16:39:00,Brasil,PARAÍBA,SÃO MAMEDE,Caatinga
 1663772826 ,509c5372-fd8e-39aa-806a-fdbd4c69d837,   -6.848730 ,  -38.521430 ,2023-12-11 16:39:00,Brasil,PARAÍBA,CAJAZEIRAS,Caatinga
 1663772827 ,27f0591b-354d-3350-b523-f56f2119b3e9,   -6.830980 ,  -38.025500 ,2023-12-11 16:39:00,Brasil,PARAÍBA,APARECIDA,Caatinga
 1663772828 ,b25b0b5e-8dd8-3a16-bf88-64d2133986a3,   -6.829610 ,  -38.016120 ,2023-12-11 16:39:00,Brasil,PARAÍBA,APARECIDA,Caatinga
 1663772830 ,8124705b-bbd1-3dd3-b49e-b2aa9518803d,   -6.585930 ,  -37.930740 ,2023-12-11 16:39:00,Brasil,PARAÍBA,LAGOA,Caatinga
 1664004978 ,5098c982-fdc6-3322-abef-54a14b4d56ca,   -7.996680 ,  -36.655290 ,2023-12-13 16:24:00,Brasil,PARAÍBA,SÃO JOÃO DO TIGRE,Caatinga
 1664004989 ,c23ee270-3741-3783-88c1-62f312bf18e8,   -7.191010 ,  -37.333370 ,2023-12-13 16:24:00,Brasil,PARAÍBA,SÃO JOSÉ DO BONFIM,Caatinga
 1664004990 ,c12bdf19-7329-3998-9482-83df9c54c7eb,   -7.120770 ,  -38.643780 ,2023-12-13 16:24:00,Brasil,PARAÍBA,SÃO JOSÉ DE PIRANHAS,Caatinga
 1664004991 ,60c0cee7-47bb-387e-b0f3-04a2d07ffdc1,   -7.119130 ,  -38.632230 ,2023-12-13 16:24:00,Brasil,PARAÍBA,SÃO JOSÉ DE PIRANHAS,Caatinga
 1664004992 ,2b522adb-58b5-3f60-aa9f-bd3dbcc11e45,   -7.095070 ,  -35.191680 ,2023-12-13 16:24:00,Brasil,PARAÍBA,SAPÉ,Mata Atlântica
 1664004993 ,8fa8afee-d5fd-3ca0-be7c-cc1f88948168,   -7.093780 ,  -35.182750 ,2023-12-13 16:24:00,Brasil,PARAÍBA,SAPÉ,Mata Atlântica
 1664004994 ,3aa831ca-4053-3a75-aafc-5aa059eda2e8,   -7.092480 ,  -35.173820 ,2023-12-13 16:24:00,Brasil,PARAÍBA,SAPÉ,Mata Atlântica
 1664004995 ,1d7a6f9b-39c0-308a-bca1-585314f1d7d7,   -7.084880 ,  -35.184070 ,2023-12-13 16:24:00,Brasil,PARAÍBA,SAPÉ,Mata Atlântica
 1664004996 ,75bb0978-5a0f-365a-a05b-e7bacf570942,   -7.083580 ,  -35.175150 ,2023-12-13 16:24:00,Brasil,PARAÍBA,SAPÉ,Mata Atlântica
 1664004999 ,3adb7c87-c2dd-34df-b777-79ed164839a9,   -6.821670 ,  -35.459430 ,2023-12-13 16:24:00,Brasil,PARAÍBA,GUARABIRA,Caatinga
 1664005005 ,803ec1fa-c5a0-333f-ad7c-9c3ba47009e2,   -6.359680 ,  -37.577660 ,2023-12-13 16:24:00,Brasil,PARAÍBA,BREJO DO CRUZ,Caatinga
 1664005093 ,3e1f1b7d-c1ae-3aba-8bf2-54c5dda01bf9,   -7.954890 ,  -37.325420 ,2023-12-13 16:24:00,Brasil,PARAÍBA,MONTEIRO,Caatinga
 1664005109 ,f6de28c7-8cec-3960-952c-6172561aa21b,   -7.700830 ,  -37.034070 ,2023-12-13 16:24:00,Brasil,PARAÍBA,PRATA,Caatinga
 1664005123 ,2526337e-923b-39af-9403-1245f0b13b8a,   -7.664330 ,  -38.079990 ,2023-12-13 16:24:00,Brasil,PARAÍBA,SÃO JOSÉ DE PRINCESA,Caatinga
 1664005124 ,c73e7a7f-599f-34d6-be30-5511589bd13a,   -7.662830 ,  -38.069260 ,2023-12-13 16:24:00,Brasil,PARAÍBA,SÃO JOSÉ DE PRINCESA,Caatinga
 1664005125 ,4ad310d1-7805-3ffd-bc94-6d6109fa6a02,   -7.654550 ,  -38.081130 ,2023-12-13 16:24:00,Brasil,PARAÍBA,SÃO JOSÉ DE PRINCESA,Caatinga
 1664005126 ,bafa1414-f2aa-3e9a-aca6-cc7882256fa0,   -7.653090 ,  -38.070640 ,2023-12-13 16:24:00,Brasil,PARAÍBA,SÃO JOSÉ DE PRINCESA,Caatinga
 1664005128 ,53af95d5-917d-3d49-9225-619636215cc8,   -7.534740 ,  -36.190790 ,2023-12-13 16:24:00,Brasil,PARAÍBA,BOQUEIRÃO,Caatinga
 1664005131 ,2690f774-3488-3c0c-8912-ef3a489c368a,   -7.493210 ,  -38.029980 ,2023-12-13 16:24:00,Brasil,PARAÍBA,NOVA OLINDA,Caatinga
 1664005134 ,59de7f88-81e8-3a49-b221-7911d2303ebb,   -7.450250 ,  -35.794610 ,2023-12-13 16:24:00,Brasil,PARAÍBA,FAGUNDES,Caatinga
 1664005135 ,8ef5db01-6b02-38f4-be72-e7ca86aa6354,   -7.448960 ,  -35.785660 ,2023-12-13 16:24:00,Brasil,PARAÍBA,FAGUNDES,Caatinga
 1664005137 ,b32298e2-bff4-36b6-9ec0-b470695d9f19,   -7.699470 ,  -37.024460 ,2023-12-13 16:24:00,Brasil,PARAÍBA,PRATA,Caatinga
 1664005139 ,e57f626c-a6da-3098-872e-5865bfa1eea6,   -7.395480 ,  -35.793480 ,2023-12-13 16:24:00,Brasil,PARAÍBA,FAGUNDES,Caatinga
 1664133518 ,4206b413-27b6-3bfb-ba0a-0b5b7ead3a5e,   -7.668470 ,  -37.996600 ,2023-12-14 17:04:00,Brasil,PARAÍBA,PRINCESA ISABEL,Caatinga
 1664133519 ,361d565a-1ceb-3e97-a79f-245bca51491c,   -7.666280 ,  -38.001820 ,2023-12-14 17:04:00,Brasil,PARAÍBA,PRINCESA ISABEL,Caatinga
 1664133520 ,6e21c890-d4a1-3e67-ab2e-42915e5ae51f,   -7.662310 ,  -37.977410 ,2023-12-14 17:04:00,Brasil,PARAÍBA,PRINCESA ISABEL,Caatinga
 1665077490 ,74e175d3-5fcd-35d9-8370-0366e7e0f004,   -7.651410 ,  -37.949470 ,2023-12-23 16:45:00,Brasil,PARAÍBA,PRINCESA ISABEL,Caatinga
 1665077491 ,aadac950-55bc-37b2-9fea-0d5725c24b2f,   -7.648280 ,  -37.944650 ,2023-12-23 16:45:00,Brasil,PARAÍBA,TAVARES,Caatinga
 1665077517 ,24cb1fa4-2e0a-3026-86dd-3709f85e7408,   -6.870720 ,  -38.687760 ,2023-12-23 16:45:00,Brasil,PARAÍBA,CACHOEIRA DOS ÍNDIOS,Caatinga
 1665077528 ,f8fb00bb-6d22-3948-a64f-89f6c9e6e832,   -6.321830 ,  -37.832280 ,2023-12-23 16:47:00,Brasil,PARAÍBA,CATOLÉ DO ROCHA,Caatinga
 1665292706 ,05b5fa2f-a202-39ae-a58e-fabecf416a44,   -8.119260 ,  -36.647320 ,2023-12-25 16:30:00,Brasil,PARAÍBA,SÃO JOÃO DO TIGRE,Caatinga
 1665292707 ,b8a21f70-d912-32fc-b7ce-bc3cd0bc0f36,   -7.963590 ,  -37.292270 ,2023-12-25 16:30:00,Brasil,PARAÍBA,MONTEIRO,Caatinga
 1665292715 ,88732cd7-ba3a-37d9-82eb-5a13fa7f50e4,   -7.561890 ,  -37.772110 ,2023-12-25 16:30:00,Brasil,PARAÍBA,JURU,Caatinga
 1665292725 ,7c8895a2-88a7-3351-b706-6f2df3359871,   -6.772060 ,  -37.528480 ,2023-12-25 16:30:00,Brasil,PARAÍBA,SÃO JOSÉ DE ESPINHARAS,Caatinga
 1665292726 ,998c4c6a-a192-3c26-826c-b7be592c883f,   -6.608790 ,  -35.093470 ,2023-12-25 16:30:00,Brasil,PARAÍBA,MATARACA,Mata Atlântica
 1665514221 ,a055985f-911a-3e7c-869e-0107239a7356,   -8.152220 ,  -37.128890 ,2023-12-27 16:13:00,Brasil,PARAÍBA,SÃO SEBASTIÃO DO UMBUZEIRO,Caatinga
 1665514222 ,f0ea3896-b1b6-3941-80be-77c0f6f83655,   -8.150320 ,  -37.114970 ,2023-12-27 16:13:00,Brasil,PARAÍBA,SÃO SEBASTIÃO DO UMBUZEIRO,Caatinga
 1665514226 ,e3b1bd6c-daa5-3f20-b40d-f0cd5cde56a3,   -7.747280 ,  -38.192910 ,2023-12-27 16:15:00,Brasil,PARAÍBA,MANAÍRA,Caatinga
 1665514227 ,3fd4f635-287b-32f0-b2f6-4fc5ae966bde,   -7.745010 ,  -38.176180 ,2023-12-27 16:15:00,Brasil,PARAÍBA,MANAÍRA,Caatinga
 1665514237 ,8fe0a42b-abcb-36d5-bdf6-a1805c82904f,   -7.545330 ,  -37.727890 ,2023-12-27 16:15:00,Brasil,PARAÍBA,ÁGUA BRANCA,Caatinga
 1665514243 ,947699a4-240a-341c-b82a-39b484f3fb63,   -7.501220 ,  -37.817840 ,2023-12-27 16:15:00,Brasil,PARAÍBA,JURU,Caatinga
 1665514246 ,5c6d4add-ed12-32b4-9e7e-6b14582942ec,   -7.493260 ,  -37.011910 ,2023-12-27 16:15:00,Brasil,PARAÍBA,SUMÉ,Caatinga
 1665514247 ,750d26c8-25cf-38fa-9786-30efbd40d490,   -7.430060 ,  -38.059990 ,2023-12-27 16:15:00,Brasil,PARAÍBA,PEDRA BRANCA,Caatinga
 1665514248 ,4e383f1f-aedd-3b8e-9cb9-c5e1c65566b3,   -7.427910 ,  -38.043980 ,2023-12-27 16:15:00,Brasil,PARAÍBA,NOVA OLINDA,Caatinga
 1665514252 ,29062db9-7dfa-3b1f-a2fb-a536d2177368,   -7.357110 ,  -35.657430 ,2023-12-27 16:15:00,Brasil,PARAÍBA,ITATUBA,Caatinga
 1665514253 ,70f3e7d0-92ee-3e8a-b082-e0b73883575b,   -7.335840 ,  -38.538180 ,2023-12-27 16:15:00,Brasil,PARAÍBA,BONITO DE SANTA FÉ,Caatinga
 1665514256 ,a5b46db2-2640-37d9-85ac-c37e727f1af2,   -7.271100 ,  -35.632080 ,2023-12-27 16:15:00,Brasil,PARAÍBA,INGÁ,Caatinga
 1665514257 ,518fa7f0-9dea-365f-9f53-a664e5b9eb5c,   -6.946860 ,  -38.113990 ,2023-12-27 16:15:00,Brasil,PARAÍBA,SÃO JOSÉ DA LAGOA TAPADA,Caatinga
 1665514261 ,5ed00cc0-affd-3f57-9db9-2bde08229db0,   -6.871830 ,  -38.172640 ,2023-12-27 16:15:00,Brasil,PARAÍBA,SÃO JOSÉ DA LAGOA TAPADA,Caatinga
 1665514262 ,b4909585-706a-3eaf-bd30-599908f48bd7,   -6.868830 ,  -38.293090 ,2023-12-27 16:15:00,Brasil,PARAÍBA,SOUSA,Caatinga
 1665514263 ,29c5aa5b-a5d3-349b-b8af-594a26ccc47b,   -6.859830 ,  -38.228520 ,2023-12-27 16:15:00,Brasil,PARAÍBA,SOUSA,Caatinga
 1665514267 ,020ae268-4873-37cf-95e0-a0eb6234eb5d,   -6.718040 ,  -35.551170 ,2023-12-27 16:15:00,Brasil,PARAÍBA,BANANEIRAS,Caatinga
 1665514268 ,6537ad7d-2451-3dfd-87c1-e96488ad6a90,   -6.716550 ,  -35.540580 ,2023-12-27 16:15:00,Brasil,PARAÍBA,BELÉM,Caatinga
 1665514269 ,a423a82a-5469-3d26-8f97-2608e62719a5,   -6.648540 ,  -37.704030 ,2023-12-27 16:15:00,Brasil,PARAÍBA,PAULISTA,Caatinga
 1665514272 ,aee938e6-1a16-3f8a-a711-1db8f9755255,   -6.530010 ,  -37.755040 ,2023-12-27 16:15:00,Brasil,PARAÍBA,MATO GROSSO,Caatinga
 1665514273 ,ab18aa97-c73e-38e6-aaf1-7fd0d8cc4114,   -6.499340 ,  -38.534620 ,2023-12-27 16:15:00,Brasil,PARAÍBA,TRIUNFO,Caatinga
 1665514274 ,463b52ef-e5e7-3727-9943-c2d6b7a7fa55,   -6.497110 ,  -38.518280 ,2023-12-27 16:15:00,Brasil,PARAÍBA,TRIUNFO,Caatinga
 1665630820 ,d2bf49e0-8beb-3b77-81ba-af00333379f6,   -7.668240 ,  -38.456910 ,2023-12-28 16:56:00,Brasil,PARAÍBA,CONCEIÇÃO,Caatinga
 1665630821 ,355bc4b6-afa9-3a84-8caf-b6adf3f93a00,   -7.660490 ,  -37.886220 ,2023-12-28 16:56:00,Brasil,PARAÍBA,TAVARES,Caatinga
 1665630823 ,22daebc6-2ada-3fb2-867b-78db8afd1496,   -7.621560 ,  -37.792500 ,2023-12-28 16:56:00,Brasil,PARAÍBA,TAVARES,Caatinga
 1665630824 ,2ef740d6-b10e-3b0f-bce7-ef942a243afc,   -7.618920 ,  -37.775930 ,2023-12-28 16:56:00,Brasil,PARAÍBA,JURU,Caatinga
 1665630825 ,960de07f-3d6c-322f-9a57-7f3d02f83c5b,   -7.616320 ,  -37.759610 ,2023-12-28 16:56:00,Brasil,PARAÍBA,JURU,Caatinga
 1665630830 ,282ffe25-3330-3e59-8d69-f4cf779adde7,   -7.553660 ,  -38.599350 ,2023-12-28 16:56:00,Brasil,PARAÍBA,CONCEIÇÃO,Caatinga
 1665630834 ,de99cf80-0157-3e54-ad0b-877ea766de30,   -7.468000 ,  -38.279620 ,2023-12-28 16:56:00,Brasil,PARAÍBA,DIAMANTE,Caatinga
 1665630835 ,ed5b15e4-61f4-3f37-a365-0373be7b1533,   -7.467150 ,  -38.271030 ,2023-12-28 16:56:00,Brasil,PARAÍBA,DIAMANTE,Caatinga
 1665630836 ,443f8c9a-ee0a-373f-b848-e716353db3e4,   -7.465560 ,  -38.264500 ,2023-12-28 16:56:00,Brasil,PARAÍBA,DIAMANTE,Caatinga
 1665630837 ,939f3c0b-a385-3c65-a5b1-a7a5846c1ba3,   -7.384580 ,  -38.477040 ,2023-12-28 16:56:00,Brasil,PARAÍBA,CONCEIÇÃO,Caatinga
 1665630838 ,9b76fc02-b7aa-302f-b631-2bf153d57799,   -7.382230 ,  -38.461910 ,2023-12-28 16:56:00,Brasil,PARAÍBA,CONCEIÇÃO,Caatinga
 1665630839 ,8295db61-a44f-3f88-beec-b84cb4025f09,   -7.379500 ,  -38.369560 ,2023-12-28 16:56:00,Brasil,PARAÍBA,DIAMANTE,Caatinga
 1665630841 ,4b03918c-a179-3e44-8e83-ba607d2e5b70,   -7.349000 ,  -38.248240 ,2023-12-28 16:56:00,Brasil,PARAÍBA,ITAPORANGA,Caatinga
 1665630843 ,b90718f1-7233-3c4b-912a-0f85365f9dd3,   -7.174940 ,  -37.807400 ,2023-12-28 16:56:00,Brasil,PARAÍBA,OLHO D'ÁGUA,Caatinga
 1665630844 ,55cd0f93-2edc-3e4c-b85d-b78001d3a43d,   -7.172270 ,  -37.790490 ,2023-12-28 16:56:00,Brasil,PARAÍBA,OLHO D'ÁGUA,Caatinga
 1665630846 ,27eb2d30-c957-30ff-b68a-8f20e2878d28,   -7.120240 ,  -37.695010 ,2023-12-28 16:56:00,Brasil,PARAÍBA,EMAS,Caatinga
 1665630852 ,e1aaf6bf-6852-31da-9671-a2775aa1e233,   -6.993250 ,  -38.050200 ,2023-12-28 16:56:00,Brasil,PARAÍBA,COREMAS,Caatinga
 1665630855 ,14305307-a87d-3f37-aa86-9a944ad36954,   -6.925090 ,  -38.487410 ,2023-12-28 16:56:00,Brasil,PARAÍBA,CAJAZEIRAS,Caatinga
 1665630856 ,ce35a81e-3b29-3c0d-9341-cc3989a1ce9a,   -6.910800 ,  -37.798260 ,2023-12-28 16:56:00,Brasil,PARAÍBA,CAJAZEIRINHAS,Caatinga
 1665630857 ,61639b6a-1f3a-3856-abcd-28deef17efa8,   -6.900020 ,  -38.037300 ,2023-12-28 16:56:00,Brasil,PARAÍBA,SÃO JOSÉ DA LAGOA TAPADA,Caatinga
 1665630866 ,552f3789-7495-3ca1-aeb5-2078a2cd48db,   -6.669920 ,  -37.673070 ,2023-12-28 16:56:00,Brasil,PARAÍBA,PAULISTA,Caatinga
 1665630868 ,7654c35b-8725-3754-80e3-c29ad0ed143f,   -6.633400 ,  -37.951370 ,2023-12-28 16:56:00,Brasil,PARAÍBA,POMBAL,Caatinga
 1665630869 ,1d321bac-4d78-3517-8ff7-29ce002b9f39,   -6.569100 ,  -37.855330 ,2023-12-28 16:56:00,Brasil,PARAÍBA,LAGOA,Caatinga
 1665630875 ,ffd46f42-18cd-39f6-abe8-329a13fa539f,   -6.440750 ,  -38.550880 ,2023-12-28 16:56:00,Brasil,PARAÍBA,BERNARDINO BATISTA,Caatinga
 1665760163 ,bbea5321-e5b2-344f-9586-099c8c343f20,   -7.812690 ,  -37.213330 ,2023-12-29 15:58:00,Brasil,PARAÍBA,MONTEIRO,Caatinga
 1665760169 ,99502751-71ae-3b2e-bea8-775282cfc31e,   -7.416890 ,  -38.243760 ,2023-12-29 15:58:00,Brasil,PARAÍBA,BOA VENTURA,Caatinga
 1665760171 ,27a6f95d-a253-3714-ae3c-94a68b5f89f5,   -7.408890 ,  -38.237460 ,2023-12-29 15:58:00,Brasil,PARAÍBA,BOA VENTURA,Caatinga
 1665760175 ,61ae49bf-830b-30a4-803a-5c0cd5571abb,   -6.720340 ,  -35.549690 ,2023-12-29 15:58:00,Brasil,PARAÍBA,BANANEIRAS,Caatinga
 1665760176 ,55d2c433-14a5-3f38-83e9-fe363acce783,   -6.686950 ,  -35.007350 ,2023-12-29 15:58:00,Brasil,PARAÍBA,BAÍA DA TRAIÇÃO,Mata Atlântica
 1665902377 ,ca54fd24-de63-3cdf-928c-c72ad6224c31,   -7.726270 ,  -38.039830 ,2023-12-30 16:39:00,Brasil,PARAÍBA,PRINCESA ISABEL,Caatinga
 1665902378 ,c942b26d-17ff-32dd-939a-b52e5d979036,   -7.696910 ,  -38.210690 ,2023-12-30 16:39:00,Brasil,PARAÍBA,MANAÍRA,Caatinga
 1665902382 ,7702a917-554a-340d-9942-ed9880fb175f,   -7.643200 ,  -38.477140 ,2023-12-30 16:39:00,Brasil,PARAÍBA,CONCEIÇÃO,Caatinga
 1665902383 ,f715f29d-46c7-34d6-9f70-ecf1cddf46c4,   -7.641870 ,  -38.468060 ,2023-12-30 16:39:00,Brasil,PARAÍBA,CONCEIÇÃO,Caatinga
 1665902388 ,8c78eeb8-6e5d-34be-acd0-90f338271330,   -7.613310 ,  -38.210650 ,2023-12-30 16:39:00,Brasil,PARAÍBA,SANTANA DE MANGUEIRA,Caatinga
 1665902390 ,a615780d-3e31-3afb-ae97-fed8453bc0c9,   -7.420270 ,  -38.401810 ,2023-12-30 16:41:00,Brasil,PARAÍBA,CONCEIÇÃO,Caatinga
 1665902391 ,a4b4535b-9f52-3a55-a7f3-146e098c742b,   -7.418930 ,  -38.392720 ,2023-12-30 16:41:00,Brasil,PARAÍBA,DIAMANTE,Caatinga
 1665902392 ,7d039cc2-7d5d-372e-93e4-69f0e2b6a3bc,   -7.410830 ,  -38.337780 ,2023-12-30 16:41:00,Brasil,PARAÍBA,DIAMANTE,Caatinga
 1665902393 ,afeb8062-23b6-3eec-9a2a-bbff5f9962a7,   -7.409940 ,  -38.394090 ,2023-12-30 16:41:00,Brasil,PARAÍBA,DIAMANTE,Caatinga
 1665902394 ,c7001985-ec63-3f71-8566-de09b4fb0e0d,   -7.409470 ,  -38.328610 ,2023-12-30 16:41:00,Brasil,PARAÍBA,DIAMANTE,Caatinga
 1665902395 ,d4a06d16-705a-3c12-9a4a-6348a6d09b45,   -7.386010 ,  -38.294570 ,2023-12-30 16:41:00,Brasil,PARAÍBA,DIAMANTE,Caatinga
 1665902396 ,5fba7670-be48-33e9-ba60-8f63a7a58829,   -7.384640 ,  -38.285370 ,2023-12-30 16:41:00,Brasil,PARAÍBA,DIAMANTE,Caatinga
 1665902397 ,03a2caac-90d6-37ee-a3d5-6962bda540e0,   -7.366420 ,  -37.974970 ,2023-12-30 16:41:00,Brasil,PARAÍBA,SANTANA DOS GARROTES,Caatinga
 1665902398 ,a94140aa-0bf4-3588-afc7-94fd88c06489,   -7.365030 ,  -37.965630 ,2023-12-30 16:41:00,Brasil,PARAÍBA,SANTANA DOS GARROTES,Caatinga
 1665902399 ,f47c27c7-39eb-39b5-8c49-aafa7831b90d,   -7.315330 ,  -38.311170 ,2023-12-30 16:41:00,Brasil,PARAÍBA,SÃO JOSÉ DE CAIANA,Caatinga
 1665902400 ,43186478-c8b6-37e8-a863-0f95aa1c96c5,   -7.313970 ,  -38.301960 ,2023-12-30 16:41:00,Brasil,PARAÍBA,ITAPORANGA,Caatinga
 1665902401 ,aa0e9d31-9b6b-3dbd-ba08-c767b769eb5e,   -7.274800 ,  -37.360110 ,2023-12-30 16:41:00,Brasil,PARAÍBA,MATURÉIA,Caatinga
 1665902403 ,2219b0d6-424d-38e7-9af8-065eab0c0c00,   -7.267330 ,  -35.749530 ,2023-12-30 16:39:00,Brasil,PARAÍBA,MASSARANDUBA,Caatinga
 1665902404 ,8440bb81-a214-39a6-a91d-63f99a56d2ab,   -7.266230 ,  -35.755530 ,2023-12-30 16:39:00,Brasil,PARAÍBA,MASSARANDUBA,Caatinga
 1665902405 ,97b2269f-6730-3d58-b4ef-66dd101f86f7,   -7.264300 ,  -35.743260 ,2023-12-30 16:39:00,Brasil,PARAÍBA,MASSARANDUBA,Caatinga
 1665902406 ,4328fdd5-2f6d-3165-9f78-e0157f9aea73,   -7.209060 ,  -37.404740 ,2023-12-30 16:41:00,Brasil,PARAÍBA,MÃE D'ÁGUA,Caatinga
 1665902409 ,16258eeb-6f2b-3bac-b7dc-7d487ba1b7a1,   -6.906970 ,  -38.422100 ,2023-12-30 16:41:00,Brasil,PARAÍBA,SÃO JOÃO DO RIO DO PEIXE,Caatinga
 1665902412 ,e68a6d6e-f723-3365-bc93-28c14cb9ed74,   -6.540330 ,  -38.435970 ,2023-12-30 16:41:00,Brasil,PARAÍBA,UIRAÚNA,Caatinga
