id_bdq,foco_id,lat,lon,data_pas,pais,estado,municipio,bioma
 1615033661 ,d5c03fb1-93ec-382a-a8ac-67a7ce7941d0,    3.946760 ,  -59.759160 ,2023-01-02 17:17:00,Brasil,RORAIMA,NORMANDIA,Amazônia
 1615095853 ,d876a10a-65da-3283-9d4d-f14f4026236f,    3.906830 ,  -60.518450 ,2023-01-03 18:00:00,Brasil,RORAIMA,PACARAIMA,Amazônia
 1615095854 ,df57ae73-9911-3089-b2a7-d4a55e9e0363,    3.961210 ,  -60.851990 ,2023-01-03 18:00:00,Brasil,RORAIMA,PACARAIMA,Amazônia
 1615095899 ,f8c000b8-4346-36e2-b89c-fe1ecfdede57,    3.079980 ,  -60.788110 ,2023-01-03 18:00:00,Brasil,RORAIMA,BOA VISTA,Amazônia
 1615095900 ,a129433c-1fbe-3a1c-bd4c-a6d26c405e3d,    3.090460 ,  -60.789600 ,2023-01-03 18:00:00,Brasil,RORAIMA,BOA VISTA,Amazônia
 1615095902 ,0de16b2e-ef3e-3427-924c-0554ea1d6cb3,    3.092210 ,  -60.777060 ,2023-01-03 18:00:00,Brasil,RORAIMA,BOA VISTA,Amazônia
 1615095903 ,4eb7e224-1aa1-31b2-8181-3fe5766abcde,    3.342730 ,  -60.456290 ,2023-01-03 18:00:00,Brasil,RORAIMA,BOA VISTA,Amazônia
 1616194396 ,27381165-82c1-3155-98fd-0155a7d751b1,     .769130 ,  -59.593350 ,2023-01-12 17:49:00,Brasil,RORAIMA,CAROEBE,Amazônia
 1616194397 ,e62816e2-45c6-3990-ba43-e2d638750ec5,     .770530 ,  -59.583610 ,2023-01-12 17:49:00,Brasil,RORAIMA,CAROEBE,Amazônia
 1616194400 ,a6ab5f0e-6a38-3174-8843-b6b71868d279,    3.920660 ,  -59.876950 ,2023-01-12 17:49:00,Brasil,RORAIMA,NORMANDIA,Amazônia
 1616194401 ,68dae303-8be3-38f6-88a8-ce75e6cd5c75,    4.133410 ,  -59.878990 ,2023-01-12 17:49:00,Brasil,RORAIMA,NORMANDIA,Amazônia
 1616194403 ,71107294-afe3-32a3-9d8a-7bc08176217b,    4.134910 ,  -59.868420 ,2023-01-12 17:49:00,Brasil,RORAIMA,NORMANDIA,Amazônia
 1616625406 ,09c1144c-840c-344d-b090-0ab91c8e31ad,    3.406690 ,  -59.860280 ,2023-01-16 17:24:00,Brasil,RORAIMA,BONFIM,Amazônia
 1616625410 ,10de33ab-efd8-3a27-a68d-5dacfcd8736d,    3.524710 ,  -60.294980 ,2023-01-16 17:24:00,Brasil,RORAIMA,NORMANDIA,Amazônia
 1616625412 ,8d68b7f5-ca9f-3665-9bad-dcc30e5f9bec,    3.653610 ,  -60.499910 ,2023-01-16 17:24:00,Brasil,RORAIMA,PACARAIMA,Amazônia
 1616625417 ,854ecbe8-8eeb-3cc8-a29b-41637230bf01,    3.834330 ,  -59.611480 ,2023-01-16 17:24:00,Brasil,RORAIMA,NORMANDIA,Amazônia
 1616625421 ,a9448336-525d-3603-80d0-e2d5f08bc9dc,    3.836320 ,  -59.598120 ,2023-01-16 17:24:00,Brasil,RORAIMA,NORMANDIA,Amazônia
 1616625424 ,3e7f6497-7299-3552-b340-ad9a6bc93f66,    4.075730 ,  -60.823840 ,2023-01-16 17:24:00,Brasil,RORAIMA,PACARAIMA,Amazônia
 1616625469 ,b784ce30-1c36-3ecb-8aa8-a89c8e655005,     .779580 ,  -59.530690 ,2023-01-16 17:21:00,Brasil,RORAIMA,CAROEBE,Amazônia
 1616625470 ,ca948652-cf10-3257-ab9f-b335552b4823,    3.404550 ,  -59.874420 ,2023-01-16 17:24:00,Brasil,RORAIMA,BONFIM,Amazônia
 1616753942 ,b6331668-5d11-350e-b8f4-2e0eca9c657e,    3.225660 ,  -60.073050 ,2023-01-17 18:04:00,Brasil,RORAIMA,BONFIM,Amazônia
 1616753943 ,684455a6-aba7-3d5c-85d8-4e2477c59ae9,    3.842260 ,  -59.593960 ,2023-01-17 18:04:00,Brasil,RORAIMA,NORMANDIA,Amazônia
 1616753945 ,97b4159d-fd6b-3667-91b3-b26ed625f482,    4.545750 ,  -60.670020 ,2023-01-17 18:06:00,Brasil,RORAIMA,PACARAIMA,Amazônia
 1616753946 ,42e3ae35-9464-3383-8159-36286ea30107,    4.552500 ,  -60.663850 ,2023-01-17 18:06:00,Brasil,RORAIMA,PACARAIMA,Amazônia
 1616988892 ,2953b44e-d5bc-3472-9afe-2f86030889fe,    3.654170 ,  -61.054300 ,2023-01-19 17:51:00,Brasil,RORAIMA,AMAJARI,Amazônia
 1616988905 ,c7d73dbe-9684-31f6-a7c8-806935055ed9,    3.954370 ,  -59.680340 ,2023-01-19 17:51:00,Brasil,RORAIMA,NORMANDIA,Amazônia
 1616988937 ,00bf4173-5123-361d-a4e4-ef5c565dd9b8,    3.954510 ,  -59.674370 ,2023-01-19 17:51:00,Brasil,RORAIMA,NORMANDIA,Amazônia
 1616988968 ,82d2c093-6d83-3c0d-a061-e38aca38bc80,    4.104670 ,  -60.792690 ,2023-01-19 17:51:00,Brasil,RORAIMA,PACARAIMA,Amazônia
 1616989012 ,0d4e9552-36e5-3576-a12d-9e1b6e4da990,    4.171000 ,  -60.597030 ,2023-01-19 17:51:00,Brasil,RORAIMA,PACARAIMA,Amazônia
 1616989077 ,ead22add-3877-31f7-9bc1-0443359c49de,    4.254870 ,  -60.896790 ,2023-01-19 17:51:00,Brasil,RORAIMA,PACARAIMA,Amazônia
 1617193845 ,6455d687-d836-3c1d-93c0-8a6d80162d2c,    1.519750 ,  -59.985100 ,2023-01-21 17:38:00,Brasil,RORAIMA,CARACARAÍ,Amazônia
 1617193848 ,0c5f9d95-da4c-3559-9d29-b903e439d045,    1.521080 ,  -59.975940 ,2023-01-21 17:38:00,Brasil,RORAIMA,CARACARAÍ,Amazônia
 1617193849 ,19e079a4-a465-3e0b-ab76-7d57019b15b7,    2.303270 ,  -59.980590 ,2023-01-21 17:38:00,Brasil,RORAIMA,BONFIM,Amazônia
 1617193850 ,700b3673-d846-3495-8d9e-7075b966f7be,    2.588630 ,  -59.981880 ,2023-01-21 17:38:00,Brasil,RORAIMA,BONFIM,Amazônia
 1617193851 ,e834e326-4485-35b7-a667-0ab86b4d2ae3,    2.659390 ,  -60.001450 ,2023-01-21 17:38:00,Brasil,RORAIMA,BONFIM,Amazônia
 1617193852 ,bfce993d-fd4c-3766-b893-32a6eb324fa9,    3.061760 ,  -60.844780 ,2023-01-21 17:38:00,Brasil,RORAIMA,BOA VISTA,Amazônia
 1617355687 ,085fe730-a147-3976-a26d-a4c6cdcd84ab,    3.814220 ,  -60.656240 ,2023-01-23 17:26:00,Brasil,RORAIMA,PACARAIMA,Amazônia
 1617561786 ,b69065ba-2886-3259-85f6-efe25bf94810,     .636580 ,  -59.733080 ,2023-01-25 17:11:00,Brasil,RORAIMA,CAROEBE,Amazônia
 1617561788 ,de5ffa47-8832-392b-a92e-485bfa4bb80d,     .634590 ,  -59.727830 ,2023-01-25 17:11:00,Brasil,RORAIMA,CAROEBE,Amazônia
 1617561789 ,e7d70d53-e21e-3b77-a50c-80a012a9bd18,     .638280 ,  -59.702750 ,2023-01-25 17:11:00,Brasil,RORAIMA,CAROEBE,Amazônia
 1617561790 ,47df8e07-64fb-313c-9782-02f257c3a176,     .640450 ,  -59.708020 ,2023-01-25 17:11:00,Brasil,RORAIMA,CAROEBE,Amazônia
 1617561791 ,0d46f306-6398-3aeb-8539-9a0925f96b40,     .741480 ,  -59.424460 ,2023-01-25 17:11:00,Brasil,RORAIMA,CAROEBE,Amazônia
 1617561792 ,8b6ad26c-a65d-3242-bc04-9f5ff70a0789,     .755530 ,  -59.330630 ,2023-01-25 17:11:00,Brasil,RORAIMA,CAROEBE,Amazônia
 1617561793 ,b1836a44-5ed4-3cae-b672-b779d3fd152f,     .769390 ,  -59.332790 ,2023-01-25 17:11:00,Brasil,RORAIMA,CAROEBE,Amazônia
 1617561795 ,0924fa1b-3f5e-375c-be27-406428d23d7a,     .833270 ,  -59.718490 ,2023-01-25 17:11:00,Brasil,RORAIMA,CAROEBE,Amazônia
 1617561796 ,af070cac-1466-3cb0-98ec-0fedab082f98,    3.710560 ,  -59.954280 ,2023-01-25 17:11:00,Brasil,RORAIMA,NORMANDIA,Amazônia
 1617561797 ,8f85530e-2a9f-38ab-ab97-97c6f895b1ed,    3.715750 ,  -59.960180 ,2023-01-25 17:11:00,Brasil,RORAIMA,NORMANDIA,Amazônia
 1617561813 ,de1c69c0-1443-3fab-8731-10ef71382839,    3.911400 ,  -60.454550 ,2023-01-25 17:11:00,Brasil,RORAIMA,NORMANDIA,Amazônia
 1617561814 ,0042d6ca-85a3-326f-98b7-0996cd34b836,    4.301710 ,  -59.957910 ,2023-01-25 17:11:00,Brasil,RORAIMA,UIRAMUTÃ,Amazônia
 1617561860 ,c5b20a7b-b01c-30b9-88e4-720d4ff4b734,    3.816390 ,  -59.858370 ,2023-01-25 17:11:00,Brasil,RORAIMA,NORMANDIA,Amazônia
 1617410651 ,084a7c49-04ea-3ccc-b38f-e3891950cea3,    2.981410 ,  -60.481240 ,2023-01-24 18:08:00,Brasil,RORAIMA,BONFIM,Amazônia
 1617410652 ,82f0033e-b52f-3767-888e-404e0ed0d884,    3.625430 ,  -60.726750 ,2023-01-24 18:08:00,Brasil,RORAIMA,PACARAIMA,Amazônia
 1617410653 ,9c52a6e6-5941-3aad-9d61-ff7acd4b8dac,    3.655070 ,  -60.786370 ,2023-01-24 18:08:00,Brasil,RORAIMA,PACARAIMA,Amazônia
 1617410654 ,eec5a09f-d9e4-35ab-bab7-9729839d2f8b,    3.658100 ,  -60.793920 ,2023-01-24 18:08:00,Brasil,RORAIMA,PACARAIMA,Amazônia
 1617410655 ,df042db0-87ad-3437-93b5-c871d029151e,    3.660530 ,  -60.775890 ,2023-01-24 18:08:00,Brasil,RORAIMA,PACARAIMA,Amazônia
 1617654297 ,eea22c85-f58a-39e9-8bdf-3fd53c51a198,     .000200 ,  -60.579180 ,2023-01-26 17:53:00,Brasil,RORAIMA,RORAINÓPOLIS,Amazônia
 1617654298 ,5e0b11dc-b527-375b-a698-dc134613059e,     .006720 ,  -60.600180 ,2023-01-26 17:53:00,Brasil,RORAIMA,RORAINÓPOLIS,Amazônia
 1617654299 ,f70a02b5-6fea-33a1-881a-057bd42814de,     .221470 ,  -60.689350 ,2023-01-26 17:53:00,Brasil,RORAIMA,RORAINÓPOLIS,Amazônia
 1617654300 ,fab34c69-fbb7-3ee7-bb4e-1aa55c5fe97e,     .381810 ,  -60.618750 ,2023-01-26 17:53:00,Brasil,RORAIMA,RORAINÓPOLIS,Amazônia
 1617654301 ,6fbfd8fd-acea-3f54-9bac-970ced6b9f66,     .426350 ,  -60.610660 ,2023-01-26 17:53:00,Brasil,RORAIMA,RORAINÓPOLIS,Amazônia
 1617654306 ,381096d4-b1f8-37c8-bd92-d428f53c429b,     .714590 ,  -59.882200 ,2023-01-26 17:53:00,Brasil,RORAIMA,SÃO JOÃO DA BALIZA,Amazônia
 1617654307 ,999e6465-b9bb-3dc2-898c-3f7af3cf1f5e,    1.147460 ,  -60.075320 ,2023-01-26 17:53:00,Brasil,RORAIMA,CARACARAÍ,Amazônia
 1617654308 ,3cbaf3b1-ac25-3a76-ac70-4a0fd6c9d6ff,    2.193070 ,  -61.775990 ,2023-01-26 17:53:00,Brasil,RORAIMA,IRACEMA,Amazônia
 1617654309 ,17a70801-e36c-3fd9-ac24-93dcd5787366,    2.408010 ,  -60.702150 ,2023-01-26 17:53:00,Brasil,RORAIMA,CANTÁ,Amazônia
 1617654310 ,51f9a15f-4f00-30ec-8694-a38e791f4f32,    2.623900 ,  -61.729560 ,2023-01-26 17:56:00,Brasil,RORAIMA,MUCAJAÍ,Amazônia
 1617654311 ,fab14f53-4f1f-3e58-8708-82452e6baeb8,    2.906530 ,  -60.709830 ,2023-01-26 17:56:00,Brasil,RORAIMA,BOA VISTA,Amazônia
 1617654314 ,e6a478df-6fb1-31af-bd68-7f6c9d202f9c,    3.050570 ,  -60.265850 ,2023-01-26 17:56:00,Brasil,RORAIMA,BONFIM,Amazônia
 1617654315 ,00ff67c1-c94f-30c7-ae5c-e4f14380fba9,    3.052130 ,  -60.254770 ,2023-01-26 17:56:00,Brasil,RORAIMA,BONFIM,Amazônia
 1617654317 ,819f65cc-7ae0-34cb-8682-21ebe5dd9a76,    3.436670 ,  -60.490680 ,2023-01-26 17:56:00,Brasil,RORAIMA,BOA VISTA,Amazônia
 1617654318 ,8bc4ba3e-128c-3856-baba-4eac362e8a0a,    3.438230 ,  -60.479820 ,2023-01-26 17:56:00,Brasil,RORAIMA,BOA VISTA,Amazônia
 1617654319 ,f0dc5645-f01e-36fa-bfdb-1e4c5189a1e9,    3.439360 ,  -60.401960 ,2023-01-26 17:56:00,Brasil,RORAIMA,BOA VISTA,Amazônia
 1617654321 ,1a2c13d8-346f-3940-ba29-b2a754bff0c1,    3.440940 ,  -60.390970 ,2023-01-26 17:56:00,Brasil,RORAIMA,BOA VISTA,Amazônia
 1617654323 ,54e806a2-6cba-3325-b1b1-e0a600860bb6,    3.749760 ,  -60.237650 ,2023-01-26 17:56:00,Brasil,RORAIMA,NORMANDIA,Amazônia
 1617654324 ,e4332ae4-4eae-3405-a1bc-8f7e310ab93b,    3.751390 ,  -60.226290 ,2023-01-26 17:56:00,Brasil,RORAIMA,NORMANDIA,Amazônia
 1617654326 ,41ac32db-b036-3965-96ec-8ed83ba68121,    3.771450 ,  -63.987750 ,2023-01-26 17:56:00,Brasil,RORAIMA,AMAJARI,Amazônia
 1617654327 ,59588e52-28d8-3e3b-8ecd-757fd4dd3e2c,    3.999780 ,  -64.508700 ,2023-01-26 17:56:00,Brasil,RORAIMA,AMAJARI,Amazônia
 1617654329 ,216fd2b0-b481-3d82-bce6-0d6088c861f8,    4.001120 ,  -64.499550 ,2023-01-26 17:56:00,Brasil,RORAIMA,AMAJARI,Amazônia
 1617654330 ,208b9eb5-f73d-3b03-af91-f356f34b3d0a,    4.014660 ,  -60.164960 ,2023-01-26 17:56:00,Brasil,RORAIMA,NORMANDIA,Amazônia
 1617654331 ,09d4d137-6857-3028-8b44-c2ece6cf7026,    4.059840 ,  -60.793290 ,2023-01-26 17:56:00,Brasil,RORAIMA,PACARAIMA,Amazônia
 1617654333 ,359e532d-33f3-38de-ae14-9abec508bb2b,    4.066210 ,  -60.237820 ,2023-01-26 17:56:00,Brasil,RORAIMA,NORMANDIA,Amazônia
 1617654335 ,6794e0f8-732b-311e-8d4b-36c2fc7e4eef,    4.067800 ,  -60.226410 ,2023-01-26 17:56:00,Brasil,RORAIMA,NORMANDIA,Amazônia
 1617654336 ,858b5374-3b0b-38c7-9aff-a38afdf96378,    4.132000 ,  -64.356610 ,2023-01-26 17:56:00,Brasil,RORAIMA,AMAJARI,Amazônia
 1617654339 ,b1a92087-df11-3891-b23c-57904b132839,    4.164880 ,  -61.258600 ,2023-01-26 17:56:00,Brasil,RORAIMA,PACARAIMA,Amazônia
 1617654340 ,d632eb11-0b48-3f67-a22f-0747f216c747,    4.193740 ,  -59.976560 ,2023-01-26 17:56:00,Brasil,RORAIMA,NORMANDIA,Amazônia
 1617874218 ,23aaf1f9-9af8-32e4-8aaf-898e0969f794,     .072800 ,  -60.539960 ,2023-01-28 17:41:00,Brasil,RORAIMA,RORAINÓPOLIS,Amazônia
 1617874220 ,e469c2ee-5a4b-3895-bdbc-691851ecae10,     .570690 ,  -59.636340 ,2023-01-28 17:41:00,Brasil,RORAIMA,CAROEBE,Amazônia
 1617874223 ,d0d7e2c2-ffe3-302b-80be-9e9d528aa45c,     .221590 ,  -60.526250 ,2023-01-28 17:41:00,Brasil,RORAIMA,RORAINÓPOLIS,Amazônia
 1617874226 ,57684147-48d9-3d3b-9471-ce8602fa9d9e,     .580060 ,  -59.644130 ,2023-01-28 17:41:00,Brasil,RORAIMA,CAROEBE,Amazônia
 1617874230 ,0a41e434-7cc4-3952-a879-71ede05dc5eb,     .581350 ,  -59.635230 ,2023-01-28 17:41:00,Brasil,RORAIMA,CAROEBE,Amazônia
 1617874232 ,b68fa8c8-01b6-3912-9e34-edd863003bec,     .613080 ,  -59.858440 ,2023-01-28 17:41:00,Brasil,RORAIMA,SÃO JOÃO DA BALIZA,Amazônia
 1617874233 ,29640c5b-20a1-31ae-bc1b-938b50e9a0e7,     .613260 ,  -59.667120 ,2023-01-28 17:41:00,Brasil,RORAIMA,CAROEBE,Amazônia
 1617874234 ,f0be41d8-1bcd-302f-a360-afa079488ae5,     .615370 ,  -60.158600 ,2023-01-28 17:41:00,Brasil,RORAIMA,SÃO LUIZ,Amazônia
 1617874235 ,14d44d09-ebff-3f33-82a8-fa1e803fd620,     .611790 ,  -59.867400 ,2023-01-28 17:41:00,Brasil,RORAIMA,SÃO JOÃO DA BALIZA,Amazônia
 1617874238 ,60f15a87-6a3d-30a6-b711-3d87c346b258,     .622050 ,  -59.859750 ,2023-01-28 17:41:00,Brasil,RORAIMA,SÃO JOÃO DA BALIZA,Amazônia
 1617874239 ,ff3bb996-bad5-3e1a-9be8-69c7cb2132be,     .622200 ,  -59.668420 ,2023-01-28 17:41:00,Brasil,RORAIMA,CAROEBE,Amazônia
 1617874240 ,f10bbc36-92cd-32e2-bd8c-eba5f977b9ad,     .623490 ,  -59.659520 ,2023-01-28 17:41:00,Brasil,RORAIMA,CAROEBE,Amazônia
 1617874241 ,cc2cd29c-65bf-315e-baf8-a29e6f00e172,     .638490 ,  -60.189710 ,2023-01-28 17:41:00,Brasil,RORAIMA,SÃO LUIZ,Amazônia
 1617874242 ,d1568b41-7bce-3cea-9d85-4ed8c46ebdd1,     .654040 ,  -60.145730 ,2023-01-28 17:41:00,Brasil,RORAIMA,SÃO LUIZ,Amazônia
 1617874243 ,7d627ce0-8640-3e2c-ac74-e5545b3113d2,     .647700 ,  -60.637970 ,2023-01-28 17:41:00,Brasil,RORAIMA,RORAINÓPOLIS,Amazônia
 1617874244 ,076d521d-dc3f-3086-ad65-83967e2e05bd,     .655340 ,  -60.136680 ,2023-01-28 17:41:00,Brasil,RORAIMA,SÃO LUIZ,Amazônia
 1617874245 ,6cf6cba4-b8ec-3478-af6a-b3716506f92f,     .660220 ,  -60.294930 ,2023-01-28 17:41:00,Brasil,RORAIMA,RORAINÓPOLIS,Amazônia
 1617874246 ,a3dff0fe-3e47-3452-8880-6c12b4cc7480,     .660880 ,  -60.611370 ,2023-01-28 17:41:00,Brasil,RORAIMA,RORAINÓPOLIS,Amazônia
 1617874247 ,6f59f4c6-4a1f-3af6-a816-797ede81b4fa,     .661520 ,  -60.285810 ,2023-01-28 17:41:00,Brasil,RORAIMA,RORAINÓPOLIS,Amazônia
 1617874248 ,aba90bc3-8374-3f18-a144-fa9fc1fadb46,     .673260 ,  -60.204020 ,2023-01-28 17:41:00,Brasil,RORAIMA,SÃO LUIZ,Amazônia
 1617874249 ,10e10868-8d01-34ca-8667-168ff22a3f63,     .680470 ,  -59.582760 ,2023-01-28 17:41:00,Brasil,RORAIMA,CAROEBE,Amazônia
 1617874250 ,c4b13173-505c-3700-ac6e-b2b98baec363,     .689460 ,  -59.520550 ,2023-01-28 17:41:00,Brasil,RORAIMA,CAROEBE,Amazônia
 1617874251 ,557ad902-f218-3adc-b245-75744b438f6d,     .685820 ,  -60.567660 ,2023-01-28 17:41:00,Brasil,RORAIMA,RORAINÓPOLIS,Amazônia
 1617874252 ,5dbdfc0e-9037-3bdc-9d03-6917b4e37217,     .686060 ,  -60.501650 ,2023-01-28 17:41:00,Brasil,RORAIMA,RORAINÓPOLIS,Amazônia
 1617874253 ,9ced27e5-e235-397a-8a1e-117b4965cf01,     .690740 ,  -59.511680 ,2023-01-28 17:41:00,Brasil,RORAIMA,CAROEBE,Amazônia
 1617874254 ,160549b1-c767-3798-899e-2cc36531a799,     .693590 ,  -60.578260 ,2023-01-28 17:41:00,Brasil,RORAIMA,RORAINÓPOLIS,Amazônia
 1617874255 ,1c1ae28c-0dbf-3019-9b53-ddf5f22740c6,     .694930 ,  -60.568990 ,2023-01-28 17:41:00,Brasil,RORAIMA,RORAINÓPOLIS,Amazônia
 1617874256 ,db86fb71-95d4-3759-9538-aeb0254a4720,     .695150 ,  -60.502970 ,2023-01-28 17:41:00,Brasil,RORAIMA,RORAINÓPOLIS,Amazônia
 1617874257 ,f5b385c5-2b5a-32fd-9df7-c6b16682e09d,     .698400 ,  -59.521850 ,2023-01-28 17:41:00,Brasil,RORAIMA,CAROEBE,Amazônia
 1617874258 ,5638cc13-77bb-3d9a-9c51-cd68432f51f8,     .709850 ,  -59.568870 ,2023-01-28 17:41:00,Brasil,RORAIMA,CAROEBE,Amazônia
 1617874259 ,a3d699de-6815-3f80-af7c-ba13b6ef322b,     .699680 ,  -59.512970 ,2023-01-28 17:41:00,Brasil,RORAIMA,CAROEBE,Amazônia
 1617874260 ,d0078f5d-ebd8-3e04-b00e-6be1346408b4,     .710930 ,  -59.814590 ,2023-01-28 17:41:00,Brasil,RORAIMA,SÃO JOÃO DA BALIZA,Amazônia
 1617874261 ,4f459ae0-c4ea-375a-b428-fa2ed7a7b78b,     .711130 ,  -59.559980 ,2023-01-28 17:41:00,Brasil,RORAIMA,CAROEBE,Amazônia
 1617874262 ,03f2c91e-68d0-3a58-a502-6f97a762870c,     .714840 ,  -59.724060 ,2023-01-28 17:41:00,Brasil,RORAIMA,CAROEBE,Amazônia
 1617874263 ,7346af98-dbb3-346d-8573-76375a050c9e,     .716120 ,  -59.715160 ,2023-01-28 17:41:00,Brasil,RORAIMA,CAROEBE,Amazônia
 1617874264 ,144d4c70-f839-3c48-adb6-4f35b1f170a3,     .716680 ,  -60.226000 ,2023-01-28 17:41:00,Brasil,RORAIMA,SÃO LUIZ,Amazônia
 1617874265 ,a35c52fd-ccbe-3106-8c30-696be583ff1c,     .717990 ,  -60.216940 ,2023-01-28 17:41:00,Brasil,RORAIMA,SÃO LUIZ,Amazônia
 1617874266 ,11ec822d-0451-30fe-939f-a5d2f8ffe7c6,     .727020 ,  -60.218250 ,2023-01-28 17:41:00,Brasil,RORAIMA,SÃO LUIZ,Amazônia
 1617874267 ,cf616572-f8ff-362d-b03f-5af1b348cf65,     .744380 ,  -59.455990 ,2023-01-28 17:41:00,Brasil,RORAIMA,CAROEBE,Amazônia
 1617874268 ,427585c9-add1-33b8-aa36-99d35e4a5906,     .734730 ,  -60.228620 ,2023-01-28 17:41:00,Brasil,RORAIMA,SÃO LUIZ,Amazônia
 1617874269 ,c9ff930f-78f6-35de-ad20-1c0864dfaba5,     .738910 ,  -60.072350 ,2023-01-28 17:41:00,Brasil,RORAIMA,SÃO LUIZ,Amazônia
 1617874270 ,f3c1c540-a2ac-334c-838f-9d9576126417,     .747900 ,  -60.073650 ,2023-01-28 17:41:00,Brasil,RORAIMA,SÃO LUIZ,Amazônia
 1617874271 ,b1e5c3f8-4edb-3c62-b7f6-9f0a139a6f8b,     .751800 ,  -60.046650 ,2023-01-28 17:41:00,Brasil,RORAIMA,SÃO JOÃO DA BALIZA,Amazônia
 1617874272 ,a7a7ec46-92c4-3f63-a5a6-1e8af7cf7933,     .753410 ,  -59.845480 ,2023-01-28 17:41:00,Brasil,RORAIMA,SÃO JOÃO DA BALIZA,Amazônia
 1617874273 ,7a2b6318-c4e5-3a43-bca6-2c713a51f82c,     .754700 ,  -59.836540 ,2023-01-28 17:41:00,Brasil,RORAIMA,SÃO JOÃO DA BALIZA,Amazônia
 1617874274 ,daa3dba7-15f2-30a9-b4b3-9ba77e176322,     .756900 ,  -60.074950 ,2023-01-28 17:41:00,Brasil,RORAIMA,SÃO LUIZ,Amazônia
 1617874275 ,34f94efa-352c-3481-8a22-9f96aed2a2f2,     .755600 ,  -60.083960 ,2023-01-28 17:41:00,Brasil,RORAIMA,SÃO LUIZ,Amazônia
 1617874276 ,088d9dfe-0466-3cc6-b8be-f9ae88c52aef,     .760700 ,  -60.112290 ,2023-01-28 17:41:00,Brasil,RORAIMA,SÃO LUIZ,Amazônia
 1617874277 ,118af80a-d9f2-3d18-9666-e865926ea4b1,     .762000 ,  -60.103270 ,2023-01-28 17:41:00,Brasil,RORAIMA,SÃO LUIZ,Amazônia
 1617874278 ,c28fc2ee-4fe9-3b3b-a249-bcc1461db6af,     .762780 ,  -60.284810 ,2023-01-28 17:41:00,Brasil,RORAIMA,RORAINÓPOLIS,Amazônia
 1617874279 ,210f2674-6a43-3e5c-b1e9-cfe37b056dae,     .766240 ,  -59.819980 ,2023-01-28 17:41:00,Brasil,RORAIMA,SÃO JOÃO DA BALIZA,Amazônia
 1617874280 ,62c6e6fd-1da8-37ef-9eb0-20e84c82a707,     .768400 ,  -60.122640 ,2023-01-28 17:41:00,Brasil,RORAIMA,SÃO LUIZ,Amazônia
 1617874281 ,72216d09-d37c-3924-b29c-3b139143d123,     .769700 ,  -60.113610 ,2023-01-28 17:41:00,Brasil,RORAIMA,SÃO LUIZ,Amazônia
 1617874282 ,c42d636f-d738-3984-95b8-64448223b148,     .770990 ,  -60.104580 ,2023-01-28 17:41:00,Brasil,RORAIMA,SÃO LUIZ,Amazônia
 1617874283 ,a49e9eb2-bbd8-3ca2-869e-469dff2c2888,     .774460 ,  -60.267940 ,2023-01-28 17:41:00,Brasil,RORAIMA,SÃO LUIZ,Amazônia
 1617874284 ,823961d4-d322-3702-b06e-462e9862d6f2,     .781710 ,  -59.712970 ,2023-01-28 17:41:00,Brasil,RORAIMA,CAROEBE,Amazônia
 1617874285 ,73b23adb-1625-373b-9b6e-b2c03a3dbddf,     .775200 ,  -59.821290 ,2023-01-28 17:41:00,Brasil,RORAIMA,SÃO JOÃO DA BALIZA,Amazônia
 1617874286 ,439dba3d-5392-37c5-a006-c3284207f9da,     .782580 ,  -60.087880 ,2023-01-28 17:41:00,Brasil,RORAIMA,SÃO LUIZ,Amazônia
 1617874287 ,9d169c5e-e415-35d3-b31c-a7bfe761e3c1,     .789370 ,  -59.723180 ,2023-01-28 17:41:00,Brasil,RORAIMA,CAROEBE,Amazônia
 1617874288 ,1e2e8c9c-870a-3366-92db-fb90ddc6b8c5,     .798470 ,  -59.533820 ,2023-01-28 17:41:00,Brasil,RORAIMA,CAROEBE,Amazônia
 1617874289 ,e2f1b3c7-2b4e-3a3d-a73a-37ed8178ca66,     .799490 ,  -59.843060 ,2023-01-28 17:41:00,Brasil,RORAIMA,SÃO JOÃO DA BALIZA,Amazônia
 1617874290 ,1bb10615-94df-3303-a787-b5b891673544,     .800780 ,  -59.834130 ,2023-01-28 17:41:00,Brasil,RORAIMA,SÃO JOÃO DA BALIZA,Amazônia
 1617874291 ,e3262430-9b4f-3a5d-bc50-94d50c57bcdc,     .809740 ,  -59.835420 ,2023-01-28 17:41:00,Brasil,RORAIMA,SÃO JOÃO DA BALIZA,Amazônia
 1617874292 ,72951348-cbbe-3c44-8f4b-f80cc94f3198,     .813360 ,  -60.190260 ,2023-01-28 17:41:00,Brasil,RORAIMA,SÃO LUIZ,Amazônia
 1617874293 ,8d24c3c1-e508-34de-8635-d2cb0e65b871,     .814660 ,  -60.181210 ,2023-01-28 17:41:00,Brasil,RORAIMA,SÃO LUIZ,Amazônia
 1617874294 ,7ba9b3a0-645a-301d-aae8-e24ad2dc239f,     .808450 ,  -59.844360 ,2023-01-28 17:41:00,Brasil,RORAIMA,SÃO JOÃO DA BALIZA,Amazônia
 1617874295 ,1c9e7969-d12a-31e4-919d-80aacaeece1f,     .802390 ,  -59.380330 ,2023-01-28 17:41:00,Brasil,RORAIMA,CAROEBE,Amazônia
 1617874296 ,24685e4f-4365-3b53-8ccf-5900df34108e,     .815970 ,  -60.172170 ,2023-01-28 17:41:00,Brasil,RORAIMA,SÃO LUIZ,Amazônia
 1617874297 ,78e795b4-99e5-3c20-89a0-a27dc12a4474,     .817280 ,  -60.163130 ,2023-01-28 17:41:00,Brasil,RORAIMA,SÃO LUIZ,Amazônia
 1617874298 ,7903ccc1-45a4-3808-84fb-0518d3fcc905,     .826400 ,  -59.783160 ,2023-01-28 17:41:00,Brasil,RORAIMA,SÃO JOÃO DA BALIZA,Amazônia
 1617874299 ,32ce33e1-1d12-32bb-8501-b23a29db1135,     .863090 ,  -60.615090 ,2023-01-28 17:41:00,Brasil,RORAIMA,RORAINÓPOLIS,Amazônia
 1617874300 ,92aef0b3-d049-30d6-b8b9-3a4b6660e26a,     .827680 ,  -59.774240 ,2023-01-28 17:41:00,Brasil,RORAIMA,CAROEBE,Amazônia
 1617874301 ,9e3a2576-f38b-3b97-8d8b-c1088c63e2c4,     .866940 ,  -60.269260 ,2023-01-28 17:41:00,Brasil,RORAIMA,RORAINÓPOLIS,Amazônia
 1617874302 ,c38b464e-8713-32b1-ae09-fc456dcc03f6,     .868260 ,  -60.260180 ,2023-01-28 17:41:00,Brasil,RORAIMA,RORAINÓPOLIS,Amazônia
 1617874303 ,45d1a1c9-99d8-31b4-9c2c-b36653c48e09,     .875960 ,  -60.270570 ,2023-01-28 17:41:00,Brasil,RORAIMA,RORAINÓPOLIS,Amazônia
 1617874304 ,25a13aad-d8bc-33a9-9497-ad81e2010c33,     .877280 ,  -60.261490 ,2023-01-28 17:41:00,Brasil,RORAIMA,RORAINÓPOLIS,Amazônia
 1617874305 ,8bd24662-b219-3aa7-836c-1e79a4d4b918,     .913220 ,  -60.331700 ,2023-01-28 17:41:00,Brasil,RORAIMA,RORAINÓPOLIS,Amazônia
 1617874306 ,6edf6806-43ef-3403-98ef-78f025307dc6,     .915330 ,  -59.935950 ,2023-01-28 17:41:00,Brasil,RORAIMA,SÃO JOÃO DA BALIZA,Amazônia
 1617874307 ,34abb341-00a6-3dc0-983b-cd011cf5b788,     .935780 ,  -59.532220 ,2023-01-28 17:41:00,Brasil,RORAIMA,CAROEBE,Amazônia
 1617874308 ,5c05b57a-eb35-3b1e-8ef7-8faec14d10d5,     .923210 ,  -59.818490 ,2023-01-28 17:41:00,Brasil,RORAIMA,SÃO JOÃO DA BALIZA,Amazônia
 1617874309 ,1ee3aa41-9d09-3f84-a131-68d52074ddc4,     .924500 ,  -59.809560 ,2023-01-28 17:41:00,Brasil,RORAIMA,SÃO JOÃO DA BALIZA,Amazônia
 1617874310 ,72bb3377-98ec-394c-9119-4f34c7b1fd54,     .937060 ,  -59.523340 ,2023-01-28 17:41:00,Brasil,RORAIMA,CAROEBE,Amazônia
 1617874311 ,ceb2fdb1-bf94-308e-b9f4-e625f7f3e2b6,     .945990 ,  -59.524640 ,2023-01-28 17:41:00,Brasil,RORAIMA,CAROEBE,Amazônia
 1617874312 ,c8f25263-eea1-375f-a3e9-597e3e4c7ac0,     .961660 ,  -59.742150 ,2023-01-28 17:41:00,Brasil,RORAIMA,CAROEBE,Amazônia
 1617874313 ,51e7d58f-bbf9-327b-9f4c-8620ac672959,     .972050 ,  -59.543980 ,2023-01-28 17:41:00,Brasil,RORAIMA,CAROEBE,Amazônia
 1617874314 ,2a5b15d5-bece-30cc-86af-e1dac30941ff,     .973330 ,  -59.535100 ,2023-01-28 17:41:00,Brasil,RORAIMA,CAROEBE,Amazônia
 1617874315 ,a183a1d4-e780-3274-858b-1c4a8724761b,     .984790 ,  -60.024960 ,2023-01-28 17:41:00,Brasil,RORAIMA,SÃO LUIZ,Amazônia
 1617874316 ,0f732758-8592-3cb2-8687-ea9a1ca23ba7,     .983240 ,  -59.909260 ,2023-01-28 17:41:00,Brasil,RORAIMA,SÃO JOÃO DA BALIZA,Amazônia
 1617874317 ,55dea2f0-ef2d-3743-9ecc-535840c95913,     .986100 ,  -60.015980 ,2023-01-28 17:41:00,Brasil,RORAIMA,SÃO LUIZ,Amazônia
 1617874652 ,76b4682f-e780-3d56-8636-accf403d3ff4,     .991230 ,  -59.474260 ,2023-01-28 17:41:00,Brasil,RORAIMA,CAROEBE,Amazônia
 1617874653 ,a7010913-b4d2-3073-95ae-2e5e72cba004,    1.000520 ,  -60.552910 ,2023-01-28 17:41:00,Brasil,RORAIMA,CARACARAÍ,Amazônia
 1617874654 ,f4c917e2-9b59-3447-bf02-7b733eb7710c,    1.009600 ,  -60.554230 ,2023-01-28 17:41:00,Brasil,RORAIMA,CARACARAÍ,Amazônia
 1617874655 ,d3846a0d-c428-3bc5-b4df-5ebba1866321,    1.010950 ,  -60.545020 ,2023-01-28 17:41:00,Brasil,RORAIMA,CARACARAÍ,Amazônia
 1617874656 ,5219038f-e163-3299-978d-820f7ff39b42,    1.026170 ,  -59.802660 ,2023-01-28 17:41:00,Brasil,RORAIMA,SÃO JOÃO DA BALIZA,Amazônia
 1617874657 ,0a2f799d-e35d-3cce-bc46-3626b32b2243,    1.020900 ,  -59.902200 ,2023-01-28 17:41:00,Brasil,RORAIMA,SÃO JOÃO DA BALIZA,Amazônia
 1617874658 ,f10e5041-2d31-3a98-8ac7-09cd035b20c6,    1.022190 ,  -59.893260 ,2023-01-28 17:41:00,Brasil,RORAIMA,SÃO JOÃO DA BALIZA,Amazônia
 1617874659 ,c356af94-c939-3e9b-8f52-7b821cbd8e53,    1.039860 ,  -60.088000 ,2023-01-28 17:41:00,Brasil,RORAIMA,SÃO LUIZ,Amazônia
 1617874660 ,25bf6ec3-7287-3cf8-9c00-838f29473ad7,    1.043900 ,  -59.932930 ,2023-01-28 17:41:00,Brasil,RORAIMA,SÃO JOÃO DA BALIZA,Amazônia
 1617874661 ,40ec4821-718a-3da5-bc15-586a3baf571d,    1.045200 ,  -59.923980 ,2023-01-28 17:41:00,Brasil,RORAIMA,SÃO JOÃO DA BALIZA,Amazônia
 1617874662 ,d3a2e11c-d6dd-324e-8f0e-0b9d7b9a1d89,    1.045530 ,  -59.605680 ,2023-01-28 17:41:00,Brasil,RORAIMA,CAROEBE,Amazônia
 1617874663 ,ab947679-cf50-3b2b-bf7c-888149c6f983,    1.050430 ,  -59.824440 ,2023-01-28 17:41:00,Brasil,RORAIMA,SÃO JOÃO DA BALIZA,Amazônia
 1617874664 ,a983e40f-7ff0-3c73-89c6-8a63b4c5c8e9,    1.052940 ,  -59.870360 ,2023-01-28 17:41:00,Brasil,RORAIMA,SÃO JOÃO DA BALIZA,Amazônia
 1617874665 ,8ffef687-0e1e-3d6f-884b-029118643157,    1.051720 ,  -59.815530 ,2023-01-28 17:41:00,Brasil,RORAIMA,SÃO JOÃO DA BALIZA,Amazônia
 1617874666 ,679827c5-aa60-3319-90ff-04a4631e5620,    1.054470 ,  -59.606980 ,2023-01-28 17:41:00,Brasil,RORAIMA,CAROEBE,Amazônia
 1617874667 ,525198f0-79e6-3c57-9a63-96e74e212ab2,    1.064530 ,  -60.431080 ,2023-01-28 17:41:00,Brasil,RORAIMA,RORAINÓPOLIS,Amazônia
 1617874668 ,f889a9cf-829a-3c0d-b729-4ec896e871dd,    1.065850 ,  -60.421950 ,2023-01-28 17:41:00,Brasil,RORAIMA,RORAINÓPOLIS,Amazônia
 1617874669 ,d2538c39-70b3-3baf-b08c-80e372397ee4,    1.068060 ,  -60.089390 ,2023-01-28 17:41:00,Brasil,RORAIMA,SÃO LUIZ,Amazônia
 1617874670 ,0012822e-29dd-3753-9750-0fdaeeef64a3,    1.073610 ,  -59.600690 ,2023-01-28 17:41:00,Brasil,RORAIMA,CAROEBE,Amazônia
 1617874671 ,93269297-f78b-3702-b967-07ce07b4da01,    1.074900 ,  -59.591800 ,2023-01-28 17:41:00,Brasil,RORAIMA,CAROEBE,Amazônia
 1617874672 ,81026aea-fa57-3154-b1b9-284604c39511,    1.097810 ,  -59.685850 ,2023-01-28 17:41:00,Brasil,RORAIMA,CAROEBE,Amazônia
 1617874673 ,a82fc833-9bfa-36b6-8218-82b596657ab0,    1.104110 ,  -60.030450 ,2023-01-28 17:41:00,Brasil,RORAIMA,SÃO LUIZ,Amazônia
 1617874674 ,e0f55dd6-75bd-31f8-82b8-6c43c6c21857,    1.099100 ,  -59.676960 ,2023-01-28 17:41:00,Brasil,RORAIMA,CAROEBE,Amazônia
 1617874675 ,79fed88e-e69f-3289-86ba-f0caf85534c3,    1.103350 ,  -60.418110 ,2023-01-28 17:41:00,Brasil,RORAIMA,CARACARAÍ,Amazônia
 1617874676 ,4fa294ab-314f-3f80-918d-52ada766aa15,    1.105410 ,  -60.021490 ,2023-01-28 17:41:00,Brasil,RORAIMA,SÃO LUIZ,Amazônia
 1617874677 ,9380340f-0dff-3cd2-a7c2-d79636acb452,    1.108100 ,  -59.551280 ,2023-01-28 17:41:00,Brasil,RORAIMA,CAROEBE,Amazônia
 1617874678 ,e68fe5e2-e8d4-3fe1-9188-ed6716555ec6,    1.111870 ,  -59.651580 ,2023-01-28 17:41:00,Brasil,RORAIMA,CAROEBE,Amazônia
 1617874679 ,0dc40007-78d0-368a-8efe-e62dc1374655,    1.113160 ,  -59.642700 ,2023-01-28 17:41:00,Brasil,RORAIMA,CAROEBE,Amazônia
 1617874680 ,ada10563-91ba-3cb6-a40e-e2390bc679ae,    1.136100 ,  -60.568880 ,2023-01-28 17:41:00,Brasil,RORAIMA,CARACARAÍ,Amazônia
 1617874681 ,4cf361cc-c0fb-3cff-8be9-1b373aca35ea,    1.133540 ,  -60.080540 ,2023-01-28 17:41:00,Brasil,RORAIMA,CARACARAÍ,Amazônia
 1617874682 ,7549bf27-9463-3d3a-9299-757856eb60d5,    1.270030 ,  -60.723220 ,2023-01-28 17:41:00,Brasil,RORAIMA,CARACARAÍ,Amazônia
 1617874683 ,354d6808-9973-3edb-9f69-cb6b4a474e6f,    1.270630 ,  -60.343090 ,2023-01-28 17:41:00,Brasil,RORAIMA,CARACARAÍ,Amazônia
 1617874684 ,4b68b5e7-db18-3bf6-85cd-a106223160b0,    1.276780 ,  -60.676900 ,2023-01-28 17:41:00,Brasil,RORAIMA,CARACARAÍ,Amazônia
 1617874685 ,35ebd2bf-e9b7-3ba6-b85f-f5ca18881889,    1.318530 ,  -60.645230 ,2023-01-28 17:41:00,Brasil,RORAIMA,CARACARAÍ,Amazônia
 1617874686 ,0a821633-9104-3d28-af26-1cbe01d1dd99,    1.319870 ,  -60.635990 ,2023-01-28 17:41:00,Brasil,RORAIMA,CARACARAÍ,Amazônia
 1617874687 ,0bf604de-9fd1-3bc1-9dc8-91336f1a149e,    1.335180 ,  -60.723220 ,2023-01-28 17:41:00,Brasil,RORAIMA,CARACARAÍ,Amazônia
 1617874688 ,5efccaf1-9521-30ff-a9ac-dab60bb8abfb,    1.550060 ,  -60.253960 ,2023-01-28 17:41:00,Brasil,RORAIMA,CARACARAÍ,Amazônia
 1617874689 ,d2271e1f-bccb-3a8e-b9fa-f9920e5f6d35,    1.348620 ,  -60.056400 ,2023-01-28 17:41:00,Brasil,RORAIMA,CARACARAÍ,Amazônia
 1617874690 ,4ea897ef-6259-3f25-9f6f-c995bad58165,    1.378840 ,  -60.355230 ,2023-01-28 17:41:00,Brasil,RORAIMA,CARACARAÍ,Amazônia
 1617874691 ,b68e2992-ba06-3363-a7ce-544fb711fddd,    1.576810 ,  -60.645190 ,2023-01-28 17:41:00,Brasil,RORAIMA,CARACARAÍ,Amazônia
 1617874692 ,cb46daca-49a5-3a0b-845b-1f335d545d4a,    1.606860 ,  -60.939570 ,2023-01-28 17:41:00,Brasil,RORAIMA,CARACARAÍ,Amazônia
 1617874693 ,458875fa-f474-38ff-9564-b2a1180a4399,    1.656450 ,  -60.349650 ,2023-01-28 17:41:00,Brasil,RORAIMA,CARACARAÍ,Amazônia
 1617874694 ,269f1dd0-2a7c-3a9a-8e24-a6fcfdfacdf1,    1.657750 ,  -60.340610 ,2023-01-28 17:41:00,Brasil,RORAIMA,CARACARAÍ,Amazônia
 1617874695 ,fca2002f-2a1e-3611-9f1f-de010c2bbfb4,    1.713190 ,  -60.335850 ,2023-01-28 17:41:00,Brasil,RORAIMA,CARACARAÍ,Amazônia
 1617874696 ,6c05310d-0cdf-323b-9f58-b822a89d4bcc,    1.814330 ,  -60.468090 ,2023-01-28 17:41:00,Brasil,RORAIMA,CANTÁ,Amazônia
 1617874697 ,38572fb3-9fca-3ad6-9d9f-626fdb15d1e7,    1.729450 ,  -60.542190 ,2023-01-28 17:41:00,Brasil,RORAIMA,CANTÁ,Amazônia
 1617874698 ,88958070-9b88-39c6-9907-479d9ae15b75,    1.826570 ,  -61.147670 ,2023-01-28 17:41:00,Brasil,RORAIMA,CARACARAÍ,Amazônia
 1617874699 ,15a55bfa-b83b-3054-853b-ccd326aafd7b,    1.827940 ,  -61.138170 ,2023-01-28 17:41:00,Brasil,RORAIMA,CARACARAÍ,Amazônia
 1617874700 ,267164f6-47a1-3872-8548-d7d10c9473ea,    1.829300 ,  -61.128680 ,2023-01-28 17:41:00,Brasil,RORAIMA,CARACARAÍ,Amazônia
 1617874701 ,1479bea5-c241-30f4-b85e-8bd77b2dba60,    1.851690 ,  -60.460740 ,2023-01-28 17:41:00,Brasil,RORAIMA,CANTÁ,Amazônia
 1617874702 ,a826d949-6866-3433-af38-df697f13fcd4,    1.853010 ,  -60.451680 ,2023-01-28 17:41:00,Brasil,RORAIMA,CANTÁ,Amazônia
 1617874703 ,4145a0a9-6a24-3635-9864-8d763ec8fec4,    1.982210 ,  -59.938950 ,2023-01-28 17:41:00,Brasil,RORAIMA,CARACARAÍ,Amazônia
 1617874704 ,b89b40f4-1796-31b1-97e3-29d6da0c7959,    1.992440 ,  -59.931340 ,2023-01-28 17:41:00,Brasil,RORAIMA,CARACARAÍ,Amazônia
 1617874705 ,7d8d513e-6f70-3d7a-8174-b210e04c150b,    2.009610 ,  -61.089970 ,2023-01-28 17:41:00,Brasil,RORAIMA,IRACEMA,Amazônia
 1617874706 ,f68dbbb3-8844-328a-b060-5ee31cab05e0,    2.010970 ,  -61.080560 ,2023-01-28 17:41:00,Brasil,RORAIMA,IRACEMA,Amazônia
 1617874707 ,b1bb9e32-247d-3cf2-acd2-ce5ab5ecd0c6,    2.154730 ,  -61.229630 ,2023-01-28 17:41:00,Brasil,RORAIMA,IRACEMA,Amazônia
 1617874708 ,c9d10290-4cad-35b3-a912-b14be3fc72d6,    2.156110 ,  -61.220140 ,2023-01-28 17:41:00,Brasil,RORAIMA,IRACEMA,Amazônia
 1617874709 ,18d1f6bf-05f5-3ea6-8a4b-7fdf3aa020b0,    2.227640 ,  -60.093480 ,2023-01-28 17:41:00,Brasil,RORAIMA,BONFIM,Amazônia
 1617874710 ,cf5412fc-0ac0-3b26-bfe1-62eea48ddb8f,    2.402070 ,  -61.629670 ,2023-01-28 17:41:00,Brasil,RORAIMA,IRACEMA,Amazônia
 1617874711 ,e480c7f2-b127-34c8-a183-8d2e6c24fc09,    2.412530 ,  -60.278540 ,2023-01-28 17:41:00,Brasil,RORAIMA,CANTÁ,Amazônia
 1617874712 ,282413ef-0946-30a4-a50f-907da8e80710,    2.411240 ,  -60.287440 ,2023-01-28 17:41:00,Brasil,RORAIMA,CANTÁ,Amazônia
 1617874713 ,bc6a68ce-d1ff-35be-b70b-8f0fc43bf83c,    2.502200 ,  -60.988340 ,2023-01-28 17:41:00,Brasil,RORAIMA,MUCAJAÍ,Amazônia
 1617874714 ,252b756c-c912-3673-93df-34e4b024684a,    2.732950 ,  -60.733860 ,2023-01-28 17:41:00,Brasil,RORAIMA,BOA VISTA,Amazônia
 1617874715 ,96304063-0127-399a-8b25-80cdb02e6e05,    2.740660 ,  -60.744290 ,2023-01-28 17:41:00,Brasil,RORAIMA,BOA VISTA,Amazônia
 1617874716 ,a3b2fa51-9642-3fbe-8da5-df31d4174d28,    2.741990 ,  -60.735180 ,2023-01-28 17:41:00,Brasil,RORAIMA,BOA VISTA,Amazônia
 1617874717 ,6441e365-a0f0-3105-90df-cd2a4a5059db,    2.834680 ,  -60.671660 ,2023-01-28 17:41:00,Brasil,RORAIMA,BOA VISTA,Amazônia
 1617874718 ,1cd70b84-fe97-39a7-94d7-e3972dc838f1,    2.910090 ,  -60.342220 ,2023-01-28 17:41:00,Brasil,RORAIMA,BONFIM,Amazônia
 1617874719 ,81f80a6f-52f8-3bc3-89d4-5aefa8ba0d9b,    3.348290 ,  -60.175390 ,2023-01-28 17:41:00,Brasil,RORAIMA,BONFIM,Amazônia
 1617874720 ,756ec6e5-25e1-3f96-b2d9-a6749182889f,    2.919050 ,  -60.343530 ,2023-01-28 17:41:00,Brasil,RORAIMA,BONFIM,Amazônia
 1617874721 ,4dde20f2-a48c-3ebb-ab9c-878ee2063e85,    3.002910 ,  -60.270170 ,2023-01-28 17:41:00,Brasil,RORAIMA,BONFIM,Amazônia
 1617874722 ,d52be0b1-3bb3-3d54-9a38-a21707cff309,    3.349580 ,  -60.166490 ,2023-01-28 17:41:00,Brasil,RORAIMA,BONFIM,Amazônia
 1617874723 ,7dc5f42d-321d-3563-ac05-01a4b542fe16,    3.384550 ,  -60.368530 ,2023-01-28 17:41:00,Brasil,RORAIMA,BOA VISTA,Amazônia
 1617874724 ,10b93d2e-95c6-3b50-8ac1-12b9d25f5368,    3.385840 ,  -60.359590 ,2023-01-28 17:41:00,Brasil,RORAIMA,BOA VISTA,Amazônia
 1617874725 ,c50ca597-dfbf-37e5-ab0f-2ab2607a0d0d,    3.392020 ,  -60.506810 ,2023-01-28 17:41:00,Brasil,RORAIMA,BOA VISTA,Amazônia
 1617874726 ,c6f1c7d3-136b-314f-9711-b59440c32f17,    3.657380 ,  -60.017790 ,2023-01-28 17:41:00,Brasil,RORAIMA,NORMANDIA,Amazônia
 1617874727 ,707ff024-1e89-3b08-985e-1461d9c2f3d3,    3.667590 ,  -60.010200 ,2023-01-28 17:41:00,Brasil,RORAIMA,NORMANDIA,Amazônia
 1617874728 ,d0dc634a-5e9e-3ab7-804a-e5e18372f872,    3.666310 ,  -60.019090 ,2023-01-28 17:41:00,Brasil,RORAIMA,NORMANDIA,Amazônia
 1617874729 ,4c170454-95ae-3a5b-9835-96ff5e5a2b2e,    3.701780 ,  -60.278620 ,2023-01-28 17:41:00,Brasil,RORAIMA,NORMANDIA,Amazônia
 1617874730 ,ec5f27d8-2c89-309a-a8c3-7f6f3ab14598,    3.713730 ,  -60.450190 ,2023-01-28 17:41:00,Brasil,RORAIMA,NORMANDIA,Amazônia
 1617874731 ,06a3167c-8cc7-3620-951a-98f47d12a58f,    3.715020 ,  -60.441250 ,2023-01-28 17:41:00,Brasil,RORAIMA,NORMANDIA,Amazônia
 1617874732 ,856d2696-b418-3abb-9647-e1446243a78b,    3.717190 ,  -60.171760 ,2023-01-28 17:41:00,Brasil,RORAIMA,NORMANDIA,Amazônia
 1617874733 ,5c0ffa9f-2c63-36f6-bdbd-4af53a817207,    3.726070 ,  -60.681110 ,2023-01-28 17:41:00,Brasil,RORAIMA,PACARAIMA,Amazônia
 1617874734 ,f775b2bb-d26e-3f23-9d2e-3ed6d628c22a,    3.736800 ,  -60.417050 ,2023-01-28 17:41:00,Brasil,RORAIMA,NORMANDIA,Amazônia
 1617874735 ,d540b66c-fe70-3ea0-a90c-b4692c8e6fbe,    3.824380 ,  -60.263180 ,2023-01-28 17:41:00,Brasil,RORAIMA,NORMANDIA,Amazônia
 1617874736 ,16ea628a-f4f5-3b64-99f5-c95b56214424,    3.752600 ,  -63.989510 ,2023-01-28 17:41:00,Brasil,RORAIMA,AMAJARI,Amazônia
 1617874737 ,795a6119-b506-36e2-b459-813142a50248,    3.820510 ,  -60.289900 ,2023-01-28 17:41:00,Brasil,RORAIMA,NORMANDIA,Amazônia
 1617874738 ,3a0b8cc6-d5ae-33d6-8456-fcf04abee627,    3.825750 ,  -60.190680 ,2023-01-28 17:41:00,Brasil,RORAIMA,NORMANDIA,Amazônia
 1617874739 ,d25948eb-b1ed-3173-82ff-28a5002fc861,    3.960040 ,  -59.765290 ,2023-01-28 17:41:00,Brasil,RORAIMA,NORMANDIA,Amazônia
 1617874740 ,f2a8e218-1f19-377a-85d4-8c8337bfc86e,    3.960660 ,  -60.909770 ,2023-01-28 17:41:00,Brasil,RORAIMA,PACARAIMA,Amazônia
 1617874741 ,cde33866-932d-369f-a0d0-12f0f188c86a,    4.071540 ,  -61.096470 ,2023-01-28 17:41:00,Brasil,RORAIMA,PACARAIMA,Amazônia
 1617874742 ,feb069c6-0b28-36b0-b584-5aafe32d19b8,    4.654370 ,  -60.630050 ,2023-01-28 17:41:00,Brasil,RORAIMA,PACARAIMA,Amazônia
 1617874743 ,56d280de-fbc1-3dd0-b548-d423bd28b985,    4.205400 ,  -61.440110 ,2023-01-28 17:41:00,Brasil,RORAIMA,AMAJARI,Amazônia
 1617874744 ,a3677ee5-88dc-3824-a970-cae48d27e03d,    4.671360 ,  -60.648260 ,2023-01-28 17:41:00,Brasil,RORAIMA,PACARAIMA,Amazônia
 1617874745 ,934731f2-4530-3b9e-b9f8-bad91c87df00,    4.879470 ,  -60.157030 ,2023-01-28 17:41:00,Brasil,RORAIMA,UIRAMUTÃ,Amazônia
 1617874746 ,f58803c2-4610-3f11-b9c8-70c6011fb1e8,    4.880750 ,  -60.148140 ,2023-01-28 17:41:00,Brasil,RORAIMA,UIRAMUTÃ,Amazônia
 1617874747 ,5becb890-6808-3d11-bac1-025e5d15e5b4,    4.888380 ,  -60.158320 ,2023-01-28 17:41:00,Brasil,RORAIMA,UIRAMUTÃ,Amazônia
 1617874748 ,0c380a64-2c31-3c35-9cb4-f37dcec1ff70,    4.889660 ,  -60.149430 ,2023-01-28 17:41:00,Brasil,RORAIMA,UIRAMUTÃ,Amazônia
 1617874749 ,95ead738-449a-3514-af63-11cc20abd56a,    5.014610 ,  -60.434170 ,2023-01-28 17:41:00,Brasil,RORAIMA,UIRAMUTÃ,Amazônia
 1617874757 ,7b42f151-4c3b-3240-b2d3-ed9de676421a,    1.983500 ,  -59.930030 ,2023-01-28 17:41:00,Brasil,RORAIMA,CARACARAÍ,Amazônia
 1617874758 ,05d530c1-05ab-32a8-98b7-0e7c971a75fa,    3.746690 ,  -60.672100 ,2023-01-28 17:41:00,Brasil,RORAIMA,PACARAIMA,Amazônia
 1617986128 ,1401e01a-81f7-357e-a873-fea7dc35374e,    2.872520 ,  -60.940410 ,2023-01-29 18:23:00,Brasil,RORAIMA,BOA VISTA,Amazônia
 1618093013 ,5e7da5f8-aab4-3ebe-9110-fdc5c7b69f97,    2.023150 ,  -61.084510 ,2023-01-30 17:28:00,Brasil,RORAIMA,IRACEMA,Amazônia
 1618093024 ,aed96403-4312-3514-8977-790d8cb8b3b0,    2.170790 ,  -60.785770 ,2023-01-30 17:28:00,Brasil,RORAIMA,CANTÁ,Amazônia
 1618093031 ,a61726dd-f425-328c-bb6d-76b25718657a,    2.200560 ,  -60.891910 ,2023-01-30 17:28:00,Brasil,RORAIMA,CANTÁ,Amazônia
 1618093039 ,76932a8a-92d6-38c3-b7e2-6a246baf0738,    2.235770 ,  -61.659070 ,2023-01-30 17:28:00,Brasil,RORAIMA,IRACEMA,Amazônia
 1618093046 ,f072b8ba-4ba1-395b-8a32-a25990ab5e12,    2.283050 ,  -60.653170 ,2023-01-30 17:28:00,Brasil,RORAIMA,CANTÁ,Amazônia
 1618093055 ,91ca3ecf-218b-3b74-a64f-2105e9c0ec95,    2.322970 ,  -60.534070 ,2023-01-30 17:28:00,Brasil,RORAIMA,CANTÁ,Amazônia
 1618093062 ,6ae10a3f-4002-3470-986f-c9315d383db7,    2.727140 ,  -60.905200 ,2023-01-30 17:28:00,Brasil,RORAIMA,BOA VISTA,Amazônia
 1618093070 ,5549ef82-9d4e-3079-84b3-52125d655926,    3.009180 ,  -60.866210 ,2023-01-30 17:28:00,Brasil,RORAIMA,BOA VISTA,Amazônia
 1618093078 ,db7efe8b-d87c-3767-abad-c2d3e29df125,    3.086530 ,  -60.272080 ,2023-01-30 17:28:00,Brasil,RORAIMA,BONFIM,Amazônia
 1618093087 ,0906e85c-18bb-3891-80aa-7b9d3a3c951d,    3.251640 ,  -59.916910 ,2023-01-30 17:28:00,Brasil,RORAIMA,BONFIM,Amazônia
 1618093100 ,ae2b6933-610a-3e0c-886b-403e1c1de016,    3.253370 ,  -59.905090 ,2023-01-30 17:28:00,Brasil,RORAIMA,BONFIM,Amazônia
 1618093115 ,b6c0d6c6-e777-3b94-803f-c5f4724cb84f,    3.627210 ,  -59.865670 ,2023-01-30 17:28:00,Brasil,RORAIMA,NORMANDIA,Amazônia
 1618093132 ,b68b4791-c031-3392-876d-9ba2fc724b57,    3.839130 ,  -59.745440 ,2023-01-30 17:28:00,Brasil,RORAIMA,NORMANDIA,Amazônia
 1618093147 ,e13267a1-a930-3e7d-b984-5d75814a71c3,    3.840790 ,  -59.734120 ,2023-01-30 17:28:00,Brasil,RORAIMA,NORMANDIA,Amazônia
 1618093163 ,85fcbca4-9cdc-3b5b-b8ad-734cff917ea6,    3.966050 ,  -59.718730 ,2023-01-30 17:28:00,Brasil,RORAIMA,NORMANDIA,Amazônia
 1618093178 ,2b00d39d-fa88-3feb-b0f7-d0a5576883be,    3.997480 ,  -59.850850 ,2023-01-30 17:28:00,Brasil,RORAIMA,NORMANDIA,Amazônia
 1618093195 ,1db34d87-22ca-3790-a580-fead36ac5c1f,    4.192710 ,  -60.051020 ,2023-01-30 17:28:00,Brasil,RORAIMA,NORMANDIA,Amazônia
 1618093210 ,f188bad6-aeda-3a7a-8d6a-712951aa0997,    4.202930 ,  -60.052050 ,2023-01-30 17:28:00,Brasil,RORAIMA,NORMANDIA,Amazônia
 1618093226 ,5e8e9906-a4c0-3403-964b-6105012d1932,    4.204630 ,  -60.040730 ,2023-01-30 17:28:00,Brasil,RORAIMA,NORMANDIA,Amazônia
 1618093318 ,bd25f28e-af64-3477-927c-5f0c53a32beb,    4.194510 ,  -60.039130 ,2023-01-30 17:28:00,Brasil,RORAIMA,NORMANDIA,Amazônia
 1618093320 ,1a1b6ccd-dc55-33b1-bb88-f6e49411077e,    1.310090 ,  -60.699770 ,2023-01-30 17:26:00,Brasil,RORAIMA,CARACARAÍ,Amazônia
 1618093322 ,047f03ca-08ca-39de-9a10-4ebb07d0f19f,    1.312160 ,  -60.685430 ,2023-01-30 17:26:00,Brasil,RORAIMA,CARACARAÍ,Amazônia
 1618093324 ,ece61a0e-9db4-3cbc-bf3d-4cccb540cf4b,    1.312440 ,  -60.692150 ,2023-01-30 17:26:00,Brasil,RORAIMA,CARACARAÍ,Amazônia
 1618093325 ,88b10c3f-e355-3813-a03f-752a82ef19dc,    1.321250 ,  -60.701400 ,2023-01-30 17:26:00,Brasil,RORAIMA,CARACARAÍ,Amazônia
 1618093326 ,c2ec9d41-4048-3e8a-b12b-dfd57e198501,    5.008750 ,  -60.408120 ,2023-01-30 17:28:00,Brasil,RORAIMA,UIRAMUTÃ,Amazônia
 1618093328 ,9540926e-c6da-3e65-b8bd-b461b9ce2193,    1.321430 ,  -60.708100 ,2023-01-30 17:26:00,Brasil,RORAIMA,CARACARAÍ,Amazônia
 1618093329 ,90ccfd7a-0d0c-31a8-bc42-1b4aeb8e9811,    1.323310 ,  -60.687070 ,2023-01-30 17:26:00,Brasil,RORAIMA,CARACARAÍ,Amazônia
 1618093331 ,e0f07bb6-e356-34dc-8d44-a53bbea92fc3,    1.323590 ,  -60.693760 ,2023-01-30 17:26:00,Brasil,RORAIMA,CARACARAÍ,Amazônia
 1618093332 ,a74a0bb9-ef36-3209-a704-846acd1304c7,    1.330430 ,  -60.724140 ,2023-01-30 17:26:00,Brasil,RORAIMA,CARACARAÍ,Amazônia
 1618093333 ,81d9a450-3e7a-3b33-952a-73e720713d5d,    5.010550 ,  -60.396080 ,2023-01-30 17:28:00,Brasil,RORAIMA,UIRAMUTÃ,Amazônia
 1618093335 ,9bad2cef-eaa8-3671-b1bf-2e0fd0eeb1f9,    1.332590 ,  -60.709740 ,2023-01-30 17:26:00,Brasil,RORAIMA,CARACARAÍ,Amazônia
 1618093338 ,8d5e6daa-1b10-3a7e-a147-51f6657920bb,    1.543230 ,  -60.281930 ,2023-01-30 17:26:00,Brasil,RORAIMA,CARACARAÍ,Amazônia
 1618093340 ,2f5d0764-8a76-32e9-805c-096def58062e,    1.552070 ,  -60.296800 ,2023-01-30 17:26:00,Brasil,RORAIMA,CARACARAÍ,Amazônia
 1618093341 ,6b9329c8-7f8f-3ecd-9adc-f264036bd224,    1.554000 ,  -60.283480 ,2023-01-30 17:26:00,Brasil,RORAIMA,CARACARAÍ,Amazônia
 1618093344 ,50ee97d3-ee82-3ac4-8686-f9ffb60980b7,    1.595970 ,  -61.020560 ,2023-01-30 17:28:00,Brasil,RORAIMA,CARACARAÍ,Amazônia
 1618093614 ,ed12b2bb-1452-3101-b9a3-41c8c70b810f,    1.809230 ,  -60.504590 ,2023-01-30 17:28:00,Brasil,RORAIMA,CANTÁ,Amazônia
 1618093650 ,48881b8a-6b59-3e82-88a3-69f58bc19c3d,    1.810730 ,  -60.510150 ,2023-01-30 17:28:00,Brasil,RORAIMA,CANTÁ,Amazônia
 1618093673 ,afa61434-f87a-3c9a-870c-9bf02c8defc2,    1.812790 ,  -60.496540 ,2023-01-30 17:28:00,Brasil,RORAIMA,CANTÁ,Amazônia
 1618093679 ,70e70503-707f-3b17-a505-00477857a710,    1.874020 ,  -60.688920 ,2023-01-30 17:28:00,Brasil,RORAIMA,CARACARAÍ,Amazônia
 1618213529 ,fe473ad1-d3f2-30c9-9399-8acc787877b5,    1.686220 ,  -60.391110 ,2023-01-31 18:10:00,Brasil,RORAIMA,CARACARAÍ,Amazônia
 1618213682 ,0600e4a3-dfe2-3591-ab36-924a69bc4798,    1.731400 ,  -60.523350 ,2023-01-31 18:10:00,Brasil,RORAIMA,CANTÁ,Amazônia
 1618213932 ,a33adb01-c527-37bb-be49-9d610987a9c7,    1.794540 ,  -60.267200 ,2023-01-31 18:10:00,Brasil,RORAIMA,CARACARAÍ,Amazônia
 1618213939 ,449cd760-ed22-3b7f-8371-7e299b860b4e,    2.937930 ,  -60.209080 ,2023-01-31 18:10:00,Brasil,RORAIMA,BONFIM,Amazônia
 1618213945 ,3ebd8a63-2654-30ea-8a07-62115937d3a7,    2.942610 ,  -60.202240 ,2023-01-31 18:10:00,Brasil,RORAIMA,BONFIM,Amazônia
 1618213951 ,c8144a87-4789-37ef-a9ca-53794ce2c5d4,    3.613060 ,  -60.999340 ,2023-01-31 18:13:00,Brasil,RORAIMA,AMAJARI,Amazônia
 1618214064 ,23b67e3d-3cdc-35b2-94e8-326953aadf3f,    -.157450 ,  -60.747590 ,2023-01-31 18:10:00,Brasil,RORAIMA,RORAINÓPOLIS,Amazônia
 1618329135 ,4b775935-c1df-364f-9ea9-7988da149c89,     .851700 ,  -60.624110 ,2023-02-01 17:13:00,Brasil,RORAIMA,RORAINÓPOLIS,Amazônia
 1618329138 ,82dc4313-9ad4-3725-b377-179ae0b0175b,     .851810 ,  -60.629020 ,2023-02-01 17:13:00,Brasil,RORAIMA,RORAINÓPOLIS,Amazônia
 1618329143 ,2dfebd6e-7d82-399e-9232-22c7f95d5353,    1.426380 ,  -59.965900 ,2023-02-01 17:13:00,Brasil,RORAIMA,CARACARAÍ,Amazônia
 1618433414 ,54f6a163-d68c-3a73-97fd-61795f192bae,    3.641170 ,  -59.973050 ,2023-02-02 17:58:00,Brasil,RORAIMA,NORMANDIA,Amazônia
 1618433423 ,39ee7ead-064f-3c27-ad9d-2a52caa6c996,    3.644850 ,  -60.796660 ,2023-02-02 17:58:00,Brasil,RORAIMA,PACARAIMA,Amazônia
 1618433426 ,eba5d9ea-6dd6-3907-b0fc-3a9f5f0145c0,    3.885760 ,  -60.462590 ,2023-02-02 17:58:00,Brasil,RORAIMA,NORMANDIA,Amazônia
 1618433430 ,05cae5ad-11f9-3d38-aec9-71e4eaeb110b,    3.911320 ,  -59.775400 ,2023-02-02 17:58:00,Brasil,RORAIMA,NORMANDIA,Amazônia
 1618433434 ,9551cc29-79cc-38f8-afc8-d42c46e8a8e9,    4.557850 ,  -60.611790 ,2023-02-02 17:58:00,Brasil,RORAIMA,UIRAMUTÃ,Amazônia
 1618433438 ,b4b79c73-af18-38ee-b491-b43718c763af,    4.558590 ,  -60.617380 ,2023-02-02 17:58:00,Brasil,RORAIMA,PACARAIMA,Amazônia
 1618433929 ,0f1a6c90-2ad8-39f5-9e3c-868d6bd9ffee,    2.701300 ,  -60.828070 ,2023-02-02 17:58:00,Brasil,RORAIMA,BOA VISTA,Amazônia
 1618433932 ,69d0e5a8-dcc1-3fd2-be3f-154ccfbbe994,    2.711160 ,  -60.829480 ,2023-02-02 17:58:00,Brasil,RORAIMA,BOA VISTA,Amazônia
 1618433936 ,2cf7164c-02d4-3bad-8320-1395cda4d5d8,    3.508330 ,  -60.102710 ,2023-02-02 17:58:00,Brasil,RORAIMA,NORMANDIA,Amazônia
 1618433940 ,7cba2c80-ee4c-30d3-b226-d8be715ef7ec,    3.510120 ,  -60.090170 ,2023-02-02 17:58:00,Brasil,RORAIMA,NORMANDIA,Amazônia
 1618433944 ,1cc85ced-d2a9-3678-ae50-c8e6eb773ad8,    3.633260 ,  -60.806530 ,2023-02-02 17:58:00,Brasil,RORAIMA,PACARAIMA,Amazônia
 1618433947 ,d2a7ec73-7dad-3e7d-bd67-523ffce62b21,    3.634830 ,  -60.795230 ,2023-02-02 17:58:00,Brasil,RORAIMA,PACARAIMA,Amazônia
 1618548890 ,b5477ad3-6b2b-3b1e-bc39-aad8e7727538,    2.926400 ,  -60.018230 ,2023-02-03 17:02:00,Brasil,RORAIMA,BONFIM,Amazônia
 1618548894 ,a21acaae-bf39-3d54-b8cf-8fabf7fd4e2b,    3.139460 ,  -60.277610 ,2023-02-03 17:02:00,Brasil,RORAIMA,BONFIM,Amazônia
 1618548897 ,ba331c24-4dd6-3948-afef-deea5dfa408f,    3.140330 ,  -60.273720 ,2023-02-03 17:02:00,Brasil,RORAIMA,BONFIM,Amazônia
 1618724529 ,d044e6a2-a0e9-3e6c-a5cb-e162c221fb8f,    4.008690 ,  -60.301310 ,2023-02-04 17:45:00,Brasil,RORAIMA,NORMANDIA,Amazônia
 1618980988 ,8384aeba-5908-35bd-a4ef-ba99fa0db8f8,     .997360 ,  -60.372370 ,2023-02-06 17:30:00,Brasil,RORAIMA,SÃO LUIZ,Amazônia
 1618980991 ,514e8d04-4a79-34ee-9bd2-e58f7f8546c4,    1.317920 ,  -60.691200 ,2023-02-06 17:30:00,Brasil,RORAIMA,CARACARAÍ,Amazônia
 1619293607 ,4f79471c-ea81-35c9-9d95-e0b2f9ec474e,    3.940640 ,  -59.731510 ,2023-02-08 17:17:00,Brasil,RORAIMA,NORMANDIA,Amazônia
 1619293618 ,3a2cb2a1-3f7f-3d8e-9530-26db4dcd406f,    4.307670 ,  -60.675230 ,2023-02-08 17:17:00,Brasil,RORAIMA,PACARAIMA,Amazônia
 1619408281 ,da174bc6-7fc0-3358-a4fd-5b2aff3000cd,    3.607500 ,  -60.988330 ,2023-02-09 18:00:00,Brasil,RORAIMA,AMAJARI,Amazônia
 1619408283 ,19c0c36b-a02a-3657-9834-5075f6d75929,    3.729340 ,  -60.188720 ,2023-02-09 18:00:00,Brasil,RORAIMA,NORMANDIA,Amazônia
 1619408284 ,91d29336-d744-35d7-9ca8-dac24f93b222,    3.806470 ,  -59.958940 ,2023-02-09 18:00:00,Brasil,RORAIMA,NORMANDIA,Amazônia
 1619673023 ,cf9a84c4-9f62-32d9-8f0b-b60694ef6fb6,     .437490 ,  -60.523080 ,2023-02-11 17:45:00,Brasil,RORAIMA,RORAINÓPOLIS,Amazônia
 1619673038 ,914d93e7-8f85-312d-9aed-b4fdd9a4ad41,     .766030 ,  -60.544170 ,2023-02-11 17:47:00,Brasil,RORAIMA,RORAINÓPOLIS,Amazônia
 1619673055 ,7c562a76-0949-37bb-8c4f-a004f219915c,     .773680 ,  -60.554340 ,2023-02-11 17:47:00,Brasil,RORAIMA,RORAINÓPOLIS,Amazônia
 1619673070 ,412f759c-8464-3d05-8ed4-8c02a6622f4c,     .774960 ,  -60.545460 ,2023-02-11 17:47:00,Brasil,RORAIMA,RORAINÓPOLIS,Amazônia
 1619673086 ,c85d5c17-43b9-3418-9f2b-a093d21a98df,     .782740 ,  -60.301900 ,2023-02-11 17:47:00,Brasil,RORAIMA,RORAINÓPOLIS,Amazônia
 1619673101 ,c78691fe-0403-3688-8b6d-49a1c1d0189b,     .784020 ,  -60.293020 ,2023-02-11 17:47:00,Brasil,RORAIMA,RORAINÓPOLIS,Amazônia
 1619673118 ,a3ac688f-5562-39d3-bc97-3ee5791a42b8,     .906370 ,  -60.594970 ,2023-02-11 17:47:00,Brasil,RORAIMA,RORAINÓPOLIS,Amazônia
 1619673135 ,120e21f2-c5e1-38dd-84a4-c71500b7806d,    2.748390 ,  -61.226590 ,2023-02-11 17:47:00,Brasil,RORAIMA,ALTO ALEGRE,Amazônia
 1619673145 ,14655a4b-7e0b-3d23-9b6e-a6d869a51b07,    3.351310 ,  -60.624310 ,2023-02-11 17:47:00,Brasil,RORAIMA,BOA VISTA,Amazônia
 1619673146 ,575d6a36-271e-3026-8c05-9358c5d7e87a,    3.849680 ,  -61.704470 ,2023-02-11 17:47:00,Brasil,RORAIMA,AMAJARI,Amazônia
 1619673149 ,47c30c0b-c80b-3112-9dc7-e21e7750716a,    3.882900 ,  -59.606330 ,2023-02-11 17:47:00,Brasil,RORAIMA,NORMANDIA,Amazônia
 1619673151 ,0cc9dba2-9a30-3773-a05d-a546d3d05478,    2.956310 ,  -60.427440 ,2023-02-11 17:47:00,Brasil,RORAIMA,BONFIM,Amazônia
 1619673152 ,a0a46e60-27d5-37d3-b62f-00463304becc,    3.901460 ,  -60.192900 ,2023-02-11 17:47:00,Brasil,RORAIMA,NORMANDIA,Amazônia
 1619673154 ,ada3f875-6f12-3ade-b4fb-1704c43e063e,    3.902520 ,  -60.378130 ,2023-02-11 17:47:00,Brasil,RORAIMA,NORMANDIA,Amazônia
 1619673155 ,7bef8053-c8fc-3127-a97d-75be877dc545,    3.944430 ,  -60.021530 ,2023-02-11 17:47:00,Brasil,RORAIMA,NORMANDIA,Amazônia
 1619673158 ,9136b9ff-7f64-327b-a11b-e8300da47a2d,    3.991750 ,  -60.006200 ,2023-02-11 17:47:00,Brasil,RORAIMA,NORMANDIA,Amazônia
 1619673159 ,050b4379-8dbe-3275-9eff-ab3882416e18,    4.012310 ,  -60.121690 ,2023-02-11 17:47:00,Brasil,RORAIMA,NORMANDIA,Amazônia
 1619673166 ,61df70fa-6af9-3b2c-957b-5d3e34549134,    3.222380 ,  -60.748050 ,2023-02-11 17:47:00,Brasil,RORAIMA,BOA VISTA,Amazônia
 1619673183 ,a28c9491-2377-338b-b433-99375c4891b4,    3.269970 ,  -60.997430 ,2023-02-11 17:47:00,Brasil,RORAIMA,BOA VISTA,Amazônia
 1619673190 ,509bc71e-683f-33ee-86f1-bfe5bbf5546e,    4.063240 ,  -61.176620 ,2023-02-11 17:47:00,Brasil,RORAIMA,PACARAIMA,Amazônia
 1619673191 ,6031a9d9-0113-38ab-8acd-e574bf79bd65,    4.064530 ,  -61.167730 ,2023-02-11 17:47:00,Brasil,RORAIMA,PACARAIMA,Amazônia
 1619673193 ,29e43ed0-62c9-35ca-baf3-83d2f10fe68b,    4.065810 ,  -61.158840 ,2023-02-11 17:47:00,Brasil,RORAIMA,PACARAIMA,Amazônia
 1619673194 ,cfbb3379-a5dc-39d5-9240-a9b84c947c4f,    4.087790 ,  -60.688920 ,2023-02-11 17:47:00,Brasil,RORAIMA,PACARAIMA,Amazônia
 1619673197 ,6510e4c5-d7e5-346e-92a5-377364fe252d,    4.089070 ,  -60.679970 ,2023-02-11 17:47:00,Brasil,RORAIMA,PACARAIMA,Amazônia
 1619673198 ,881e6929-e19e-36e5-ad43-43da70e27812,    3.341940 ,  -60.434650 ,2023-02-11 17:47:00,Brasil,RORAIMA,BOA VISTA,Amazônia
 1619673199 ,688f74d3-565d-3498-9d64-33601c681044,    4.143700 ,  -60.109690 ,2023-02-11 17:47:00,Brasil,RORAIMA,NORMANDIA,Amazônia
 1619673265 ,d87081ea-7f2e-3445-8e05-cea643b866ee,    4.239200 ,  -60.016650 ,2023-02-11 17:47:00,Brasil,RORAIMA,NORMANDIA,Amazônia
 1619673266 ,15e85379-29c8-37c3-a3d6-d6aa82560601,    4.473600 ,  -60.312810 ,2023-02-11 17:47:00,Brasil,RORAIMA,UIRAMUTÃ,Amazônia
 1619673269 ,b96ecd0e-a2f9-3ba0-8dc1-7fd12077e92e,    4.632740 ,  -60.422790 ,2023-02-11 17:47:00,Brasil,RORAIMA,UIRAMUTÃ,Amazônia
 1619985246 ,3bec3dbb-db4f-34e7-a293-5b86f257d676,    3.653540 ,  -60.953110 ,2023-02-13 17:34:00,Brasil,RORAIMA,AMAJARI,Amazônia
 1619985247 ,323f0702-4f42-3f0c-8204-18cf9cc885ad,    4.024420 ,  -61.764960 ,2023-02-13 17:34:00,Brasil,RORAIMA,AMAJARI,Amazônia
 1619985250 ,c47f43f9-cac8-3c1f-b844-4a79aab0244b,    4.026360 ,  -61.752010 ,2023-02-13 17:34:00,Brasil,RORAIMA,AMAJARI,Amazônia
 1619985252 ,ff4469dc-1511-3912-bd10-c4fc77c5076b,    4.208360 ,  -59.766970 ,2023-02-13 17:34:00,Brasil,RORAIMA,NORMANDIA,Amazônia
 1619985254 ,76b4951e-cd44-34f4-bab0-8e0c7d903480,    4.360800 ,  -61.011860 ,2023-02-13 17:34:00,Brasil,RORAIMA,PACARAIMA,Amazônia
 1620728112 ,b1f3eaca-9243-316a-9b30-ff44b1a410bb,     .601260 ,  -60.673800 ,2023-02-18 17:47:00,Brasil,RORAIMA,RORAINÓPOLIS,Amazônia
 1620728127 ,a8d0175c-f7ca-3746-bffc-f4117e63a88d,    1.274620 ,  -60.723000 ,2023-02-18 17:49:00,Brasil,RORAIMA,CARACARAÍ,Amazônia
 1620728143 ,90b6cc0b-253a-3982-86b3-f6515cc45e0f,    1.335190 ,  -60.501560 ,2023-02-18 17:49:00,Brasil,RORAIMA,CARACARAÍ,Amazônia
 1620728153 ,a0725cbf-3156-3255-9154-0c9eb071175a,    1.345330 ,  -60.685350 ,2023-02-18 17:49:00,Brasil,RORAIMA,CARACARAÍ,Amazônia
 1620728160 ,6033fecd-fc00-30ca-a14d-7ec96aa0f100,    1.346620 ,  -60.676440 ,2023-02-18 17:49:00,Brasil,RORAIMA,CARACARAÍ,Amazônia
 1620728169 ,5a188c01-33f3-380b-916e-8dab44622a50,    1.872410 ,  -60.536340 ,2023-02-18 17:49:00,Brasil,RORAIMA,CANTÁ,Amazônia
 1620728176 ,8f924166-ad2e-3b17-af7d-19cf975ad08b,    1.876350 ,  -60.644150 ,2023-02-18 17:49:00,Brasil,RORAIMA,CARACARAÍ,Amazônia
 1620728184 ,72c91223-adf5-3b37-bb35-a657dd0cfb6c,    2.065360 ,  -60.546490 ,2023-02-18 17:49:00,Brasil,RORAIMA,CANTÁ,Amazônia
 1620728192 ,34cc834a-d1da-3e05-b54b-e370ff6070f1,    2.313570 ,  -60.928980 ,2023-02-18 17:49:00,Brasil,RORAIMA,MUCAJAÍ,Amazônia
 1620728201 ,06fc30fd-5c65-3f31-80b4-27ca35b3c60e,    3.209550 ,  -60.592100 ,2023-02-18 17:49:00,Brasil,RORAIMA,BOA VISTA,Amazônia
 1620728208 ,6467dace-8312-31f1-8a48-eb1eec95b6ce,    3.720580 ,  -60.102720 ,2023-02-18 17:49:00,Brasil,RORAIMA,NORMANDIA,Amazônia
 1620728216 ,3170fd14-4921-3b42-898a-d5e3ef512b71,    3.804730 ,  -60.803820 ,2023-02-18 17:49:00,Brasil,RORAIMA,PACARAIMA,Amazônia
 1620728223 ,15de7fc6-207f-36b2-83be-1d43201b9d1e,    3.920420 ,  -60.771710 ,2023-02-18 17:49:00,Brasil,RORAIMA,PACARAIMA,Amazônia
 1620728232 ,cf059148-3f41-37f9-9ed5-631a2126ea57,    3.965080 ,  -60.073500 ,2023-02-18 17:49:00,Brasil,RORAIMA,NORMANDIA,Amazônia
 1620728239 ,a95646e0-6e0b-3f66-b8d2-d2161b070ab5,    3.984850 ,  -60.703290 ,2023-02-18 17:49:00,Brasil,RORAIMA,PACARAIMA,Amazônia
 1620728247 ,3f8124b0-5b24-3531-8bdf-996392c851ae,    4.031280 ,  -60.700700 ,2023-02-18 17:49:00,Brasil,RORAIMA,PACARAIMA,Amazônia
 1620728255 ,51be30b5-2845-32d7-9b35-02dd7ee71194,    4.033890 ,  -60.682490 ,2023-02-18 17:49:00,Brasil,RORAIMA,PACARAIMA,Amazônia
 1620728265 ,ab125616-3e78-3a44-98e5-ba2c39e51cba,    4.087450 ,  -60.891240 ,2023-02-18 17:49:00,Brasil,RORAIMA,PACARAIMA,Amazônia
 1620728272 ,f6311bf3-da81-3383-a5f5-de2d2b2b1ce3,    4.186760 ,  -60.392280 ,2023-02-18 17:49:00,Brasil,RORAIMA,NORMANDIA,Amazônia
 1620728280 ,4c0968e5-cea9-3765-b4b2-8b5786bd4639,    4.235530 ,  -60.233390 ,2023-02-18 17:49:00,Brasil,RORAIMA,UIRAMUTÃ,Amazônia
 1620728287 ,f5f62b81-1266-35e9-9c23-5d888e31bced,    4.387440 ,  -60.655940 ,2023-02-18 17:49:00,Brasil,RORAIMA,PACARAIMA,Amazônia
 1620728296 ,ac20311d-5e83-3d1d-8838-23be96ec8096,    4.388760 ,  -60.646710 ,2023-02-18 17:49:00,Brasil,RORAIMA,PACARAIMA,Amazônia
 1620728303 ,ee39322c-fe9b-3550-8ba0-980f56ac4564,    4.409480 ,  -60.631050 ,2023-02-18 17:49:00,Brasil,RORAIMA,UIRAMUTÃ,Amazônia
 1620728311 ,76a888fa-06a6-3115-ab34-5ecfc173993f,    4.503650 ,  -60.169270 ,2023-02-18 17:49:00,Brasil,RORAIMA,UIRAMUTÃ,Amazônia
 1620728328 ,5e3b451c-0363-3d5d-b34e-e5495b9fa3f8,     .185930 ,  -60.609780 ,2023-02-18 17:47:00,Brasil,RORAIMA,RORAINÓPOLIS,Amazônia
 1620728335 ,ae8b3cf8-632a-3ca6-b517-04517b8ef066,     .578080 ,  -60.381910 ,2023-02-18 17:47:00,Brasil,RORAIMA,RORAINÓPOLIS,Amazônia
 1620728343 ,3b4f8c10-a26a-3e2a-9f1c-9546b09a14dc,     .687540 ,  -60.583020 ,2023-02-18 17:47:00,Brasil,RORAIMA,RORAINÓPOLIS,Amazônia
 1620728350 ,dbd7c9fc-3526-3663-a920-c126d7abee1a,     .688820 ,  -60.574110 ,2023-02-18 17:47:00,Brasil,RORAIMA,RORAINÓPOLIS,Amazônia
 1620728359 ,c6a2a846-9f32-3dd2-8270-591006e96b4e,     .711910 ,  -59.584140 ,2023-02-18 17:47:00,Brasil,RORAIMA,CAROEBE,Amazônia
 1620728375 ,0989d4cc-5e61-36c5-a6a7-0b39d295908d,     .855530 ,  -59.540950 ,2023-02-18 17:47:00,Brasil,RORAIMA,CAROEBE,Amazônia
 1620728391 ,9d935de3-495f-3cdf-9dfe-afd28ce9546a,     .864740 ,  -60.250160 ,2023-02-18 17:49:00,Brasil,RORAIMA,RORAINÓPOLIS,Amazônia
 1620728396 ,d8ef77e2-65db-36bb-a582-1045c3121c82,     .931520 ,  -60.484980 ,2023-02-18 17:49:00,Brasil,RORAIMA,RORAINÓPOLIS,Amazônia
 1620728405 ,db9b2cc7-fb43-37f3-85f5-ba6919de6f8f,    1.299200 ,  -60.425690 ,2023-02-18 17:49:00,Brasil,RORAIMA,CARACARAÍ,Amazônia
 1620728412 ,0f3925d9-3e80-3e4e-adeb-48078bc34f11,    1.309470 ,  -60.418020 ,2023-02-18 17:49:00,Brasil,RORAIMA,CARACARAÍ,Amazônia
 1620728420 ,df438cc1-c39c-392a-82d1-0be612a8de7c,    1.521090 ,  -59.970330 ,2023-02-18 17:49:00,Brasil,RORAIMA,CARACARAÍ,Amazônia
 1620728427 ,19228973-0445-3154-8c12-f46fe38c4643,    3.237270 ,  -59.948000 ,2023-02-18 17:49:00,Brasil,RORAIMA,BONFIM,Amazônia
 1620728435 ,cf66c64c-a9cd-3f0b-bbb4-9a6442487848,    3.246470 ,  -59.949320 ,2023-02-18 17:49:00,Brasil,RORAIMA,BONFIM,Amazônia
 1621019479 ,ed2f3efe-1f55-3069-b305-47d996d54c68,    3.704280 ,  -60.330990 ,2023-02-20 17:34:00,Brasil,RORAIMA,NORMANDIA,Amazônia
 1621019565 ,8c971c7c-a70a-317e-ae7e-ac153cdd2302,    4.148980 ,  -60.376630 ,2023-02-20 17:34:00,Brasil,RORAIMA,NORMANDIA,Amazônia
 1621019495 ,3acbdc6a-76c8-3771-b005-bf24df51f3ab,    3.742160 ,  -60.336610 ,2023-02-20 17:34:00,Brasil,RORAIMA,NORMANDIA,Amazônia
 1621019511 ,49564695-92f0-3de4-b1e9-81950011817d,    3.767100 ,  -60.336630 ,2023-02-20 17:34:00,Brasil,RORAIMA,NORMANDIA,Amazônia
 1621019526 ,143a9d96-de30-3109-8506-369f1075182e,    3.810620 ,  -59.669850 ,2023-02-20 17:34:00,Brasil,RORAIMA,NORMANDIA,Amazônia
 1621019542 ,e3e153e9-057a-37a4-9b06-3f030a3ab8bb,    2.799890 ,  -60.219180 ,2023-02-20 17:34:00,Brasil,RORAIMA,BONFIM,Amazônia
 1621019543 ,695b2528-f7ee-3ccb-bfe3-fef4a76b25ae,    4.990100 ,  -60.421360 ,2023-02-20 17:34:00,Brasil,RORAIMA,UIRAMUTÃ,Amazônia
 1621019553 ,a2ec7cd1-31cc-3ed3-93d8-645268608cca,    3.811990 ,  -59.660400 ,2023-02-20 17:34:00,Brasil,RORAIMA,NORMANDIA,Amazônia
 1621019554 ,cf457955-e93e-3f8f-9e15-9fb5a02b6416,    3.902690 ,  -59.738380 ,2023-02-20 17:34:00,Brasil,RORAIMA,NORMANDIA,Amazônia
 1621019557 ,2409c60f-57bd-3a7c-9322-b4109609b1ca,    3.907750 ,  -59.768250 ,2023-02-20 17:34:00,Brasil,RORAIMA,NORMANDIA,Amazônia
 1621019558 ,80f8b0e0-4ef5-3e42-a4bc-34b8b915f75b,    4.991570 ,  -60.411330 ,2023-02-20 17:34:00,Brasil,RORAIMA,UIRAMUTÃ,Amazônia
 1621019559 ,58ffc8a7-27b6-3691-8523-3d3b4cc7f0f7,    4.052220 ,  -60.107070 ,2023-02-20 17:34:00,Brasil,RORAIMA,NORMANDIA,Amazônia
 1621019561 ,0d6739d4-03da-38a0-b476-49c0a6b45e43,    4.116300 ,  -60.663470 ,2023-02-20 17:34:00,Brasil,RORAIMA,PACARAIMA,Amazônia
 1621019562 ,f1a9ba1d-3387-3d7f-884f-4224fd29160f,    4.117830 ,  -60.653110 ,2023-02-20 17:34:00,Brasil,RORAIMA,PACARAIMA,Amazônia
 1621019566 ,15919f48-3bb7-3c6c-8a11-be76a100c06d,    4.891320 ,  -60.340580 ,2023-02-20 17:34:00,Brasil,RORAIMA,UIRAMUTÃ,Amazônia
 1621019568 ,9ad020ea-55d5-3498-9712-83903342bf3a,    4.892780 ,  -60.330660 ,2023-02-20 17:34:00,Brasil,RORAIMA,UIRAMUTÃ,Amazônia
 1621019573 ,43830c7a-1876-3cf8-ae35-6c1fffe169db,    3.513690 ,  -60.178140 ,2023-02-20 17:34:00,Brasil,RORAIMA,NORMANDIA,Amazônia
 1621019605 ,a5224781-4f6f-30be-8b07-2b7c9124ee74,    3.533990 ,  -60.170970 ,2023-02-20 17:34:00,Brasil,RORAIMA,NORMANDIA,Amazônia
 1621019636 ,760cbeac-0b7e-35ee-9073-f9ea58c58232,    3.535450 ,  -60.161030 ,2023-02-20 17:34:00,Brasil,RORAIMA,NORMANDIA,Amazônia
 1621019667 ,eea89be9-4d61-3795-8ab7-b145ff156e9c,    3.544860 ,  -60.162430 ,2023-02-20 17:34:00,Brasil,RORAIMA,NORMANDIA,Amazônia
 1621019729 ,bdff18e0-5c09-302c-9456-0cb5b2565daf,    3.578220 ,  -60.632140 ,2023-02-20 17:34:00,Brasil,RORAIMA,PACARAIMA,Amazônia
 1621278137 ,91395c76-846e-3015-bfda-a2d039eb5b87,    1.326130 ,  -60.705320 ,2023-02-22 17:21:00,Brasil,RORAIMA,CARACARAÍ,Amazônia
 1621278164 ,44242133-26dc-3fc3-b66f-5c6bad56d4cc,    1.327510 ,  -60.691830 ,2023-02-22 17:21:00,Brasil,RORAIMA,CARACARAÍ,Amazônia
 1621278175 ,d956daac-90b5-3c82-bc08-84568e31c9a3,    1.965140 ,  -60.889550 ,2023-02-22 17:21:00,Brasil,RORAIMA,CARACARAÍ,Amazônia
 1621278183 ,8a8f6d31-16dd-371e-b48a-a57829731aa3,    2.709070 ,  -60.024750 ,2023-02-22 17:21:00,Brasil,RORAIMA,BONFIM,Amazônia
 1621278190 ,aa5bb5b9-b330-3179-95bd-4ed7bba5a96c,    3.979330 ,  -59.588360 ,2023-02-22 17:21:00,Brasil,RORAIMA,NORMANDIA,Amazônia
 1621278450 ,010fe86b-cc4a-3db0-81cf-23afb83fd1e1,     .833700 ,  -60.582960 ,2023-02-22 17:21:00,Brasil,RORAIMA,RORAINÓPOLIS,Amazônia
 1621278481 ,f6717b9a-9538-3a4f-bf8d-157a2881ee45,    1.324430 ,  -60.711860 ,2023-02-22 17:21:00,Brasil,RORAIMA,CARACARAÍ,Amazônia
 1621398108 ,80a4ff32-e75c-366e-b380-b0e4a7ef18ef,    3.099170 ,  -60.155740 ,2023-02-23 18:04:00,Brasil,RORAIMA,BONFIM,Amazônia
 1621398111 ,de2b2643-35e5-33ee-b490-8aae18e158d4,    3.743980 ,  -60.280200 ,2023-02-23 18:04:00,Brasil,RORAIMA,NORMANDIA,Amazônia
 1621398113 ,0a4c85f1-c878-35b7-9d57-52d20aa1aba4,    3.823420 ,  -59.587460 ,2023-02-23 18:04:00,Brasil,RORAIMA,NORMANDIA,Amazônia
 1621958239 ,5e86269a-5949-348f-ad51-0a809e034397,    2.630460 ,  -61.128480 ,2023-02-27 17:36:00,Brasil,RORAIMA,MUCAJAÍ,Amazônia
 1621958287 ,ba805a5e-4ccf-379a-9800-a14e0e42051b,    1.645170 ,  -60.585350 ,2023-02-27 17:36:00,Brasil,RORAIMA,CARACARAÍ,Amazônia
 1621959175 ,7efadfa5-750a-3b05-9e6e-088288c72a02,    5.130820 ,  -60.545190 ,2023-02-27 17:36:00,Brasil,RORAIMA,UIRAMUTÃ,Amazônia
 1621959495 ,3cfe3a48-d233-3c80-b13a-f2b0216bff32,    1.185910 ,  -59.876140 ,2023-02-27 17:36:00,Brasil,RORAIMA,SÃO JOÃO DA BALIZA,Amazônia
 1621959512 ,6f05f5ab-06ed-344a-8166-d54288b6f297,    1.344670 ,  -60.051410 ,2023-02-27 17:36:00,Brasil,RORAIMA,CARACARAÍ,Amazônia
 1621959527 ,003986d4-0cbf-3414-938c-bb5b1e08de78,    1.635760 ,  -60.250420 ,2023-02-27 17:36:00,Brasil,RORAIMA,CARACARAÍ,Amazônia
 1621959543 ,e1b977e6-66ab-31dd-94be-0d8b50b39a3f,    1.637240 ,  -60.240420 ,2023-02-27 17:36:00,Brasil,RORAIMA,CARACARAÍ,Amazônia
 1621959558 ,88220ca5-3866-3f19-a408-72e3852d29fe,    1.646680 ,  -60.241800 ,2023-02-27 17:36:00,Brasil,RORAIMA,CARACARAÍ,Amazônia
 1621959575 ,cb053b79-3303-3564-8789-e4a8d07dd5ce,    1.673550 ,  -60.255940 ,2023-02-27 17:36:00,Brasil,RORAIMA,CARACARAÍ,Amazônia
 1621959592 ,52ab149f-4d36-3ad6-9db3-980bccdbb1a3,    1.675010 ,  -60.245920 ,2023-02-27 17:36:00,Brasil,RORAIMA,CARACARAÍ,Amazônia
 1621959608 ,bbadbfac-ab38-3cc7-a2e4-b19610469b2f,    2.286160 ,  -60.216050 ,2023-02-27 17:36:00,Brasil,RORAIMA,CANTÁ,Amazônia
 1621959623 ,32420d93-9113-35b4-8518-2e77d0fccff1,    2.310650 ,  -60.179550 ,2023-02-27 17:36:00,Brasil,RORAIMA,BONFIM,Amazônia
 1621959640 ,93a4660f-75ae-3b0f-beac-797df2689f1a,    2.947850 ,  -60.097910 ,2023-02-27 17:36:00,Brasil,RORAIMA,BONFIM,Amazônia
 1621959686 ,0ad9820d-4737-331e-9aff-3f0f7e451a78,    4.038600 ,  -59.703220 ,2023-02-27 17:36:00,Brasil,RORAIMA,NORMANDIA,Amazônia
 1621961948 ,528ddb59-6c06-30d1-be17-8c0d7e391981,    1.184510 ,  -59.885860 ,2023-02-27 17:36:00,Brasil,RORAIMA,SÃO JOÃO DA BALIZA,Amazônia
 1621961969 ,2961c46e-cad4-37ab-941c-09a0b34e503b,    2.545280 ,  -60.393600 ,2023-02-27 17:36:00,Brasil,RORAIMA,CANTÁ,Amazônia
 1621962079 ,4add53b8-b4a5-348c-89e7-253f240e74c0,    1.773290 ,  -60.500130 ,2023-02-27 17:36:00,Brasil,RORAIMA,CANTÁ,Amazônia
 1621962187 ,8035751e-242f-367a-ba36-1f9b99004224,    1.914700 ,  -60.433560 ,2023-02-27 17:36:00,Brasil,RORAIMA,CANTÁ,Amazônia
 1621962224 ,a8f43825-70ca-300e-9f06-9c111dfd9c0b,    2.632080 ,  -61.117560 ,2023-02-27 17:36:00,Brasil,RORAIMA,MUCAJAÍ,Amazônia
 1621962258 ,6c0448f5-a75b-3d3e-a3f5-3044c3a73554,    2.946440 ,  -60.107500 ,2023-02-27 17:36:00,Brasil,RORAIMA,BONFIM,Amazônia
 1621962297 ,61ff9128-e8c1-3cd2-8c64-213fa6d22619,    3.015950 ,  -61.012930 ,2023-02-27 17:36:00,Brasil,RORAIMA,ALTO ALEGRE,Amazônia
 1621962334 ,3d7039bd-8e2a-3708-8ffa-6aa1e60acff2,    3.237710 ,  -60.267750 ,2023-02-27 17:36:00,Brasil,RORAIMA,BONFIM,Amazônia
 1621962372 ,c7555d75-e8a3-3147-95aa-5afff7ed1e2b,    3.253580 ,  -60.984770 ,2023-02-27 17:36:00,Brasil,RORAIMA,BOA VISTA,Amazônia
 1621962409 ,cf9118e9-8a1f-3206-a88a-935771fd3958,    3.742980 ,  -60.882600 ,2023-02-27 17:36:00,Brasil,RORAIMA,PACARAIMA,Amazônia
 1621962441 ,6c9ff7fa-cf11-3c91-936f-e9de5f9816c4,    1.770460 ,  -60.494290 ,2023-02-27 17:36:00,Brasil,RORAIMA,CANTÁ,Amazônia
 1621962447 ,b02bfa4f-302d-3fd4-8355-dbd9e16132b9,    3.744510 ,  -60.872390 ,2023-02-27 17:36:00,Brasil,RORAIMA,PACARAIMA,Amazônia
 1621962484 ,d8127fba-38a4-3888-81df-1d3da84b534d,    3.755560 ,  -60.184230 ,2023-02-27 17:36:00,Brasil,RORAIMA,NORMANDIA,Amazônia
 1621962515 ,3378813d-f943-311c-adcb-ebfa4ec6f975,    3.825880 ,  -60.327510 ,2023-02-27 17:36:00,Brasil,RORAIMA,NORMANDIA,Amazônia
 1621962547 ,8acc8250-ed02-35ca-b594-e8a857087065,    3.876820 ,  -60.671940 ,2023-02-27 17:36:00,Brasil,RORAIMA,PACARAIMA,Amazônia
 1621962579 ,be1bdfd1-9589-3403-8d80-aff50d7e2a96,    3.885690 ,  -60.612380 ,2023-02-27 17:36:00,Brasil,RORAIMA,PACARAIMA,Amazônia
 1621962611 ,8a059c07-48ae-3fcd-9bd7-07d3e81bdab2,    3.886230 ,  -60.673330 ,2023-02-27 17:36:00,Brasil,RORAIMA,PACARAIMA,Amazônia
 1621962638 ,872e70b5-9d4b-3c35-9e26-de79d2434e1d,    4.057550 ,  -60.197890 ,2023-02-27 17:36:00,Brasil,RORAIMA,NORMANDIA,Amazônia
 1622104815 ,2d3fc671-7f37-325a-841d-c5194bcf14a1,    1.834090 ,  -60.486580 ,2023-03-01 17:24:00,Brasil,RORAIMA,CANTÁ,Amazônia
 1622104831 ,3e1c2ec5-bf7e-3c0d-8b08-7b1c0b4af979,    2.920010 ,  -60.075020 ,2023-03-01 17:24:00,Brasil,RORAIMA,BONFIM,Amazônia
 1622104780 ,0edd8326-3f20-3ccb-8955-a6e9486da911,    1.828630 ,  -60.498660 ,2023-03-01 17:24:00,Brasil,RORAIMA,CANTÁ,Amazônia
 1622104797 ,4e31ae42-0331-38b4-9f02-ea9a2dc2107a,    1.831420 ,  -60.504120 ,2023-03-01 17:24:00,Brasil,RORAIMA,CANTÁ,Amazônia
 1622097175 ,ed0a8aaf-2141-375e-9101-b4519e861d27,    3.988230 ,  -60.956410 ,2023-02-28 18:19:00,Brasil,RORAIMA,AMAJARI,Amazônia
 1622454495 ,5ef00a59-1eec-343b-93e9-88fa36d2fb00,    3.098640 ,  -60.140390 ,2023-03-04 17:51:00,Brasil,RORAIMA,BONFIM,Amazônia
 1622454500 ,e5f851c9-4437-365c-ba8d-e213643e100f,    3.106160 ,  -60.222630 ,2023-03-04 17:51:00,Brasil,RORAIMA,BONFIM,Amazônia
 1622454505 ,5278df02-26e6-3b75-bc4a-aacae51b1acc,    3.107570 ,  -60.212710 ,2023-03-04 17:51:00,Brasil,RORAIMA,BONFIM,Amazônia
 1622454509 ,919aef69-63bf-3c6c-a045-22b0f3d00df1,    3.110400 ,  -60.192870 ,2023-03-04 17:51:00,Brasil,RORAIMA,BONFIM,Amazônia
 1622454512 ,13f5d533-9d0e-3320-93e9-5029394eeeb8,    3.116970 ,  -60.214050 ,2023-03-04 17:51:00,Brasil,RORAIMA,BONFIM,Amazônia
 1622454516 ,e1eab7b7-47f7-3fd8-bf0b-b5a8f8b7c78a,    3.119810 ,  -60.194220 ,2023-03-04 17:51:00,Brasil,RORAIMA,BONFIM,Amazônia
 1622454520 ,db2043ed-e2d1-3910-ac49-ccb5dbc6b6e3,    3.121230 ,  -60.184290 ,2023-03-04 17:51:00,Brasil,RORAIMA,BONFIM,Amazônia
 1622454524 ,a98cfc7b-803a-3b1f-99d9-f0610ed6c0c1,    3.717370 ,  -60.967870 ,2023-03-04 17:51:00,Brasil,RORAIMA,AMAJARI,Amazônia
 1622454527 ,f9b413fb-0fef-384e-a02f-f5cde6c50b47,    4.006330 ,  -60.363030 ,2023-03-04 17:51:00,Brasil,RORAIMA,NORMANDIA,Amazônia
 1622715378 ,4e784d65-5999-3d4a-8256-915584958cc5,    1.931930 ,  -61.332260 ,2023-03-06 17:38:00,Brasil,RORAIMA,CARACARAÍ,Amazônia
 1622715381 ,95ad14b3-2a32-3bda-9a31-3dfe659828e3,    3.852760 ,  -61.888450 ,2023-03-06 17:38:00,Brasil,RORAIMA,AMAJARI,Amazônia
 1622715382 ,5af363fa-fc4d-3074-b302-f171e94dffb4,    3.854380 ,  -61.877400 ,2023-03-06 17:38:00,Brasil,RORAIMA,AMAJARI,Amazônia
 1622918908 ,3d275f18-58ce-3daa-b2a6-a7b91099f39e,    3.326570 ,  -60.135530 ,2023-03-08 17:24:00,Brasil,RORAIMA,BONFIM,Amazônia
 1622918910 ,5340ea2e-2a1e-315c-b4d8-76e105a0fa1a,    3.835100 ,  -59.964410 ,2023-03-08 17:24:00,Brasil,RORAIMA,NORMANDIA,Amazônia
 1622918912 ,3fb6892b-1390-3fe0-bd05-bd9371b68953,    3.995840 ,  -61.035760 ,2023-03-08 17:24:00,Brasil,RORAIMA,AMAJARI,Amazônia
 1622918913 ,ca5d9559-2881-3922-bd2d-dd4c43a7ccbf,    4.979840 ,  -60.063740 ,2023-03-08 17:24:00,Brasil,RORAIMA,UIRAMUTÃ,Amazônia
 1622918916 ,a3ba66fe-13f4-3921-8a56-ce3857a30fdd,    4.982420 ,  -60.070690 ,2023-03-08 17:24:00,Brasil,RORAIMA,UIRAMUTÃ,Amazônia
 1622918917 ,3c9ea7c0-8c97-36e7-9a70-c099b42e8af8,    4.990720 ,  -60.065350 ,2023-03-08 17:24:00,Brasil,RORAIMA,UIRAMUTÃ,Amazônia
 1623032094 ,44ae0447-7795-34e3-978a-8f674aac2c9a,    3.448160 ,  -59.902410 ,2023-03-09 18:06:00,Brasil,RORAIMA,BONFIM,Amazônia
 1623032106 ,9feb94c4-e177-3d6e-aa8d-ddfc737adfd4,    3.384870 ,  -59.893540 ,2023-03-09 18:06:00,Brasil,RORAIMA,BONFIM,Amazônia
 1623032197 ,cea1983a-632a-32a2-b5dc-d590d14a890f,    3.451880 ,  -59.890910 ,2023-03-09 18:06:00,Brasil,RORAIMA,BONFIM,Amazônia
 1623032288 ,5405a2bc-a5ee-3e00-a754-f5b107e1dff8,    3.442750 ,  -59.940160 ,2023-03-09 18:06:00,Brasil,RORAIMA,BONFIM,Amazônia
 1623032291 ,0a9eb95d-f5cb-3c9d-9695-041f12920795,    4.031810 ,  -60.513710 ,2023-03-09 18:06:00,Brasil,RORAIMA,PACARAIMA,Amazônia
 1623032350 ,af6c87c9-beb9-3a81-99fe-18315160c24a,    3.445450 ,  -59.921330 ,2023-03-09 18:06:00,Brasil,RORAIMA,BONFIM,Amazônia
 1623032422 ,e659e747-0389-35cf-b766-38e6eb2934d9,    3.446740 ,  -59.928850 ,2023-03-09 18:06:00,Brasil,RORAIMA,BONFIM,Amazônia
 1623126511 ,62fc1bfe-f6aa-3193-ba40-724b8ccae0e5,     .615170 ,  -59.735100 ,2023-03-10 17:11:00,Brasil,RORAIMA,CAROEBE,Amazônia
 1623126512 ,9a6fd346-da3a-302d-a3ad-5cafee3ab874,     .616800 ,  -59.728020 ,2023-03-10 17:11:00,Brasil,RORAIMA,CAROEBE,Amazônia
 1623126514 ,a50a20ce-3bf2-3b64-8f06-ac81fd138d11,    1.253390 ,  -60.353530 ,2023-03-10 17:11:00,Brasil,RORAIMA,CARACARAÍ,Amazônia
 1623126515 ,89e2eb5c-087e-3977-ab93-2639510b2f37,    1.263880 ,  -60.362220 ,2023-03-10 17:11:00,Brasil,RORAIMA,CARACARAÍ,Amazônia
 1623126516 ,2007325e-284e-3b81-8783-055eff95e168,    1.345740 ,  -60.037600 ,2023-03-10 17:11:00,Brasil,RORAIMA,CARACARAÍ,Amazônia
 1623126517 ,f69cb896-1ed7-36bd-9456-c5c140d3e23e,    1.348370 ,  -60.031100 ,2023-03-10 17:11:00,Brasil,RORAIMA,CARACARAÍ,Amazônia
 1623126519 ,ba519823-02bd-3fd2-a436-88817a05d1b6,    2.645690 ,  -60.202220 ,2023-03-10 17:11:00,Brasil,RORAIMA,BONFIM,Amazônia
 1623126520 ,c95effbf-a0a3-3403-a45c-fe2004d55970,    2.647690 ,  -60.178110 ,2023-03-10 17:11:00,Brasil,RORAIMA,BONFIM,Amazônia
 1623126522 ,bfd50267-9f1f-3cfe-8d3e-bf8651a1a212,    2.650020 ,  -60.173900 ,2023-03-10 17:11:00,Brasil,RORAIMA,BONFIM,Amazônia
 1623126523 ,72f0bbe5-a10a-3421-8785-8f89f1188514,    2.871570 ,  -60.614550 ,2023-03-10 17:11:00,Brasil,RORAIMA,BOA VISTA,Amazônia
 1623126525 ,f19e39d0-8fd0-31c7-87f4-b0d782d9d4cd,    3.136820 ,  -60.674020 ,2023-03-10 17:11:00,Brasil,RORAIMA,BOA VISTA,Amazônia
 1623126526 ,109f135c-158e-363a-89d8-ac87cdfbe4e9,    3.147210 ,  -60.680100 ,2023-03-10 17:11:00,Brasil,RORAIMA,BOA VISTA,Amazônia
 1623126527 ,071fc645-1a26-3450-848d-9d0b83e3a335,    3.390450 ,  -59.919560 ,2023-03-10 17:11:00,Brasil,RORAIMA,BONFIM,Amazônia
 1623209887 ,31bfbca4-852f-3e65-82ba-baec0825d351,    3.523680 ,  -60.927500 ,2023-03-11 17:53:00,Brasil,RORAIMA,AMAJARI,Amazônia
 1623209958 ,aea4be75-1a79-397b-83d8-f7975c74c351,    3.883830 ,  -60.474690 ,2023-03-11 17:53:00,Brasil,RORAIMA,NORMANDIA,Amazônia
 1623210014 ,6dc5c93a-ccd4-3cde-8774-808670b489fb,    3.885270 ,  -60.464540 ,2023-03-11 17:53:00,Brasil,RORAIMA,NORMANDIA,Amazônia
 1623386048 ,d03977c4-95ea-3c65-930e-3164fdf1bb5f,    2.076430 ,  -61.709100 ,2023-03-13 17:39:00,Brasil,RORAIMA,IRACEMA,Amazônia
 1623386051 ,c876f5e1-f4c8-3fc0-b594-012b7fc05010,     .736670 ,  -59.548410 ,2023-03-13 17:39:00,Brasil,RORAIMA,CAROEBE,Amazônia
 1623386052 ,bbfbe335-fcfe-3f1d-be8d-b0841ece68b2,    1.291730 ,  -60.425120 ,2023-03-13 17:39:00,Brasil,RORAIMA,CARACARAÍ,Amazônia
 1623386059 ,e7f50c24-9b03-3725-a7b0-0430afac70e1,    2.078060 ,  -61.698220 ,2023-03-13 17:39:00,Brasil,RORAIMA,IRACEMA,Amazônia
 1623386066 ,fe1718b9-495d-3571-a71c-86fbfabe5d91,    2.091300 ,  -60.992920 ,2023-03-13 17:39:00,Brasil,RORAIMA,CANTÁ,Amazônia
 1623386069 ,9a32ec6e-0fe7-3e54-9aed-af3d306d8ab3,    1.349770 ,  -60.331470 ,2023-03-13 17:39:00,Brasil,RORAIMA,CARACARAÍ,Amazônia
 1623386074 ,bd2157ef-6569-3a49-9d59-996837c968f8,    2.111640 ,  -60.985690 ,2023-03-13 17:39:00,Brasil,RORAIMA,CANTÁ,Amazônia
 1623386081 ,4d162ab9-3cfb-38b1-bdb9-00c14dbe03cf,    2.122540 ,  -60.977100 ,2023-03-13 17:39:00,Brasil,RORAIMA,CANTÁ,Amazônia
 1623386084 ,6dc931ee-a514-33b4-b9c2-0176eed3c476,     .743120 ,  -60.597160 ,2023-03-13 17:39:00,Brasil,RORAIMA,RORAINÓPOLIS,Amazônia
 1623386085 ,17b284d3-be6c-3bac-8875-63b51c656bd5,    1.351180 ,  -60.321930 ,2023-03-13 17:39:00,Brasil,RORAIMA,CARACARAÍ,Amazônia
 1623386090 ,cf8f9756-65c8-3b57-9895-2abf8fcb842d,    2.134830 ,  -60.582820 ,2023-03-13 17:39:00,Brasil,RORAIMA,CANTÁ,Amazônia
 1623386097 ,f4ced128-cb2d-3916-8ccd-f857031759d6,    2.136950 ,  -59.989820 ,2023-03-13 17:39:00,Brasil,RORAIMA,BONFIM,Amazônia
 1623386100 ,4cf3b3ae-b169-3c76-b6c2-8f427f2a1f20,    1.360390 ,  -60.323290 ,2023-03-13 17:39:00,Brasil,RORAIMA,CARACARAÍ,Amazônia
 1623386105 ,f7cdc1b2-f63e-3478-a09b-7a79d8a2b42e,    2.200020 ,  -60.707210 ,2023-03-13 17:39:00,Brasil,RORAIMA,CANTÁ,Amazônia
 1623386113 ,e067617e-f91d-3d5d-ab2d-9a966cb4c785,    2.248640 ,  -60.305830 ,2023-03-13 17:39:00,Brasil,RORAIMA,CANTÁ,Amazônia
 1623386116 ,dce00688-bfda-3072-b3e4-2ffdaef402a1,     .758270 ,  -60.164390 ,2023-03-13 17:39:00,Brasil,RORAIMA,SÃO LUIZ,Amazônia
 1623386117 ,59bb6625-875e-3c33-97bf-6e584da6f676,    1.361790 ,  -60.313790 ,2023-03-13 17:39:00,Brasil,RORAIMA,CARACARAÍ,Amazônia
 1623386122 ,92272f39-abad-395b-a12a-fb0e53977d4e,    2.250000 ,  -60.296470 ,2023-03-13 17:39:00,Brasil,RORAIMA,CANTÁ,Amazônia
 1623386129 ,6166d377-57cf-325c-ac7a-7b98e7da9531,    2.271050 ,  -60.459110 ,2023-03-13 17:39:00,Brasil,RORAIMA,CANTÁ,Amazônia
 1623386132 ,fc74d49a-4be9-314b-81c0-a2eae15d903d,    1.531730 ,  -60.104590 ,2023-03-13 17:39:00,Brasil,RORAIMA,CARACARAÍ,Amazônia
 1623386137 ,314642f3-ee0a-3bb7-b017-0ecf7c744c93,    2.272450 ,  -60.449540 ,2023-03-13 17:39:00,Brasil,RORAIMA,CANTÁ,Amazônia
 1623386144 ,77f96133-efe1-3fa9-8b42-f9cb480a45b8,    2.284410 ,  -60.187150 ,2023-03-13 17:39:00,Brasil,RORAIMA,BONFIM,Amazônia
 1623386147 ,c3730b27-0ecf-3b26-9e18-2ccf15ce91a5,     .759650 ,  -60.154890 ,2023-03-13 17:39:00,Brasil,RORAIMA,SÃO LUIZ,Amazônia
 1623386148 ,079bce05-b6a5-31d7-a0ea-6a54c7f3b6e3,    1.547000 ,  -60.192970 ,2023-03-13 17:39:00,Brasil,RORAIMA,CARACARAÍ,Amazônia
 1623386153 ,1a91bec4-75ec-3fba-b5f9-0322c3496d68,    2.285750 ,  -60.177850 ,2023-03-13 17:39:00,Brasil,RORAIMA,BONFIM,Amazônia
 1623386160 ,ee82a165-a320-31d7-93c2-b1d123e8a35c,    2.302720 ,  -60.242950 ,2023-03-13 17:39:00,Brasil,RORAIMA,CANTÁ,Amazônia
 1623386163 ,b5227dc4-65c9-3cc1-bcf5-cb3558c11d03,    1.553350 ,  -60.199570 ,2023-03-13 17:39:00,Brasil,RORAIMA,CARACARAÍ,Amazônia
 1623386168 ,6eccf92c-0310-3b70-bbc9-dd3224b8a024,    2.304090 ,  -60.233600 ,2023-03-13 17:39:00,Brasil,RORAIMA,CANTÁ,Amazônia
 1623386176 ,d6b69c35-e082-3b19-befa-e026ee927fb4,    2.317470 ,  -60.398060 ,2023-03-13 17:39:00,Brasil,RORAIMA,CANTÁ,Amazônia
 1623386179 ,c1755a9b-7ab2-3315-9d13-f85310f78792,     .846210 ,  -60.124730 ,2023-03-13 17:39:00,Brasil,RORAIMA,SÃO LUIZ,Amazônia
 1623386180 ,efc255c3-6ce9-36ee-8edf-8abf3942d20e,    1.554730 ,  -60.190190 ,2023-03-13 17:39:00,Brasil,RORAIMA,CARACARAÍ,Amazônia
 1623386186 ,21d0aad7-931e-31b7-952b-51b4b7ddba1f,    2.318820 ,  -60.388790 ,2023-03-13 17:39:00,Brasil,RORAIMA,CANTÁ,Amazônia
 1623386193 ,1523c885-74a2-3fe8-bad3-153dbe32de7c,    2.326600 ,  -60.399700 ,2023-03-13 17:39:00,Brasil,RORAIMA,CANTÁ,Amazônia
 1623386196 ,0154d1bc-8f69-3763-bb76-da9a36b4822e,    1.690140 ,  -60.477960 ,2023-03-13 17:39:00,Brasil,RORAIMA,CARACARAÍ,Amazônia
 1623386201 ,58f00c6c-f40d-3418-9e5e-f9d33be6f41c,    2.327960 ,  -60.390300 ,2023-03-13 17:39:00,Brasil,RORAIMA,CANTÁ,Amazônia
 1623386208 ,2264306a-b904-36b5-b356-3d8431098ed5,    2.428850 ,  -60.768490 ,2023-03-13 17:39:00,Brasil,RORAIMA,CANTÁ,Amazônia
 1623386211 ,5d73b9f9-4c6d-300f-8341-1bd0ebe20fc3,     .875930 ,  -59.417780 ,2023-03-13 17:39:00,Brasil,RORAIMA,CAROEBE,Amazônia
 1623386212 ,6d2f90f1-48ee-3e76-b4a7-652e388d66c8,    1.735300 ,  -60.667930 ,2023-03-13 17:39:00,Brasil,RORAIMA,CARACARAÍ,Amazônia
 1623386217 ,e2c61a81-d92b-3c1c-816e-c8a5ac3f1756,    2.438150 ,  -60.769870 ,2023-03-13 17:39:00,Brasil,RORAIMA,CANTÁ,Amazônia
 1623386224 ,0fbc0726-be48-3f12-a036-7d62f81435ea,    2.447490 ,  -60.204550 ,2023-03-13 17:39:00,Brasil,RORAIMA,CANTÁ,Amazônia
 1623386227 ,e9c046fe-35bb-3c62-b928-5c329b6e19b4,    3.600950 ,  -61.833730 ,2023-03-13 17:39:00,Brasil,RORAIMA,AMAJARI,Amazônia
 1623386228 ,f2314eeb-b752-3a6a-8651-5fde401a14f6,    1.766960 ,  -60.514450 ,2023-03-13 17:39:00,Brasil,RORAIMA,CANTÁ,Amazônia
 1623386232 ,0177fdba-1436-30a9-936a-40394db5f3b0,    3.567150 ,  -60.542680 ,2023-03-13 17:39:00,Brasil,RORAIMA,PACARAIMA,Amazônia
 1623386234 ,7ec9e060-debd-35d5-98bc-f6040a2647bd,    3.554470 ,  -61.946980 ,2023-03-13 17:39:00,Brasil,RORAIMA,AMAJARI,Amazônia
 1623386238 ,6131fa48-09a2-3f4f-8b25-06c9fa9dc334,    3.552880 ,  -61.957750 ,2023-03-13 17:39:00,Brasil,RORAIMA,AMAJARI,Amazônia
 1623386240 ,53128fd4-cddf-3c89-8aaa-e963cc5c82c3,    1.802140 ,  -60.714120 ,2023-03-13 17:39:00,Brasil,RORAIMA,CARACARAÍ,Amazônia
 1623386241 ,144155b6-ae63-3e61-814d-cc8ae57ec698,    2.482340 ,  -60.531290 ,2023-03-13 17:39:00,Brasil,RORAIMA,CANTÁ,Amazônia
 1623386243 ,74eed293-7c33-3b05-b7f5-247809f2a064,     .883480 ,  -59.492730 ,2023-03-13 17:39:00,Brasil,RORAIMA,CAROEBE,Amazônia
 1623386245 ,cf0a5bb7-2214-3e04-9c64-dc1bc21f7558,    3.327780 ,  -60.103790 ,2023-03-13 17:39:00,Brasil,RORAIMA,BONFIM,Amazônia
 1623386247 ,892a177e-470d-3dfc-bb86-c40d484f6e93,    3.326440 ,  -60.112900 ,2023-03-13 17:39:00,Brasil,RORAIMA,BONFIM,Amazônia
 1623386251 ,45b65d32-ac64-3797-b1a0-97c2c57efc84,    3.325110 ,  -60.122020 ,2023-03-13 17:39:00,Brasil,RORAIMA,BONFIM,Amazônia
 1623386255 ,687f2747-c196-31bf-b0da-d331c78dd969,    3.322850 ,  -60.696400 ,2023-03-13 17:39:00,Brasil,RORAIMA,BOA VISTA,Amazônia
 1623386256 ,f141b57b-2f83-3e67-9819-448def8beeff,    3.321440 ,  -60.705870 ,2023-03-13 17:39:00,Brasil,RORAIMA,BOA VISTA,Amazônia
 1623386263 ,a28b30de-dddb-3d79-a438-ce07e5bbfee3,    3.320040 ,  -60.715350 ,2023-03-13 17:39:00,Brasil,RORAIMA,BOA VISTA,Amazônia
 1623386265 ,5ff2bc3b-7dde-3696-99f8-549d55b34d9d,     .877230 ,  -59.408750 ,2023-03-13 17:39:00,Brasil,RORAIMA,CAROEBE,Amazônia
 1623386266 ,d39b27f4-643c-3ab5-b93b-9d310c68d5ba,    1.767520 ,  -60.951740 ,2023-03-13 17:39:00,Brasil,RORAIMA,CARACARAÍ,Amazônia
 1623386292 ,457d2d7b-1598-3eef-970c-1b65dd3f395a,    1.768340 ,  -60.504860 ,2023-03-13 17:39:00,Brasil,RORAIMA,CANTÁ,Amazônia
 1623386310 ,56acd72e-fae5-396c-acd7-560cdd49cb0f,    2.664860 ,  -60.159910 ,2023-03-13 17:39:00,Brasil,RORAIMA,BONFIM,Amazônia
 1623386313 ,b3f4ecc3-e625-3e19-a02b-3778476f3635,    2.666210 ,  -60.150700 ,2023-03-13 17:39:00,Brasil,RORAIMA,BONFIM,Amazônia
 1623386314 ,830133c3-4ddd-3de5-9e8d-adda4b6b5885,     .882170 ,  -59.501800 ,2023-03-13 17:39:00,Brasil,RORAIMA,CAROEBE,Amazônia
 1623386315 ,3ec1a2fd-a9a9-3d0c-b1cc-98856634cfe0,    1.781210 ,  -60.532880 ,2023-03-13 17:39:00,Brasil,RORAIMA,CANTÁ,Amazônia
 1623386316 ,6b0e2e3f-9371-339b-80b5-a9ce382e78cc,    2.677980 ,  -60.133640 ,2023-03-13 17:39:00,Brasil,RORAIMA,BONFIM,Amazônia
 1623386318 ,45732290-17f3-3529-88ee-b1c7efc17af5,    2.679320 ,  -60.124450 ,2023-03-13 17:39:00,Brasil,RORAIMA,BONFIM,Amazônia
 1623386319 ,8b9ef169-1906-36f6-9164-924a97681790,    2.764090 ,  -60.115260 ,2023-03-13 17:39:00,Brasil,RORAIMA,BONFIM,Amazônia
 1623386322 ,d2ab9778-a001-3d25-b929-12dab8829d8d,    2.791960 ,  -61.435180 ,2023-03-13 17:39:00,Brasil,RORAIMA,MUCAJAÍ,Amazônia
 1623386323 ,ec72224a-8e33-3bd3-a8cc-0f611d9c50f6,    2.903530 ,  -60.103950 ,2023-03-13 17:39:00,Brasil,RORAIMA,BONFIM,Amazônia
 1623386325 ,1cb1762c-51ee-360e-aab8-b08ba54bc10f,    2.904860 ,  -60.094800 ,2023-03-13 17:39:00,Brasil,RORAIMA,BONFIM,Amazônia
 1623386326 ,27c77b99-a57e-39eb-874c-3a0641a860f7,    2.945240 ,  -60.390060 ,2023-03-13 17:39:00,Brasil,RORAIMA,BONFIM,Amazônia
 1623386329 ,99064dfb-8d4b-342e-8cf8-974e11d847be,    2.946590 ,  -60.380740 ,2023-03-13 17:39:00,Brasil,RORAIMA,BONFIM,Amazônia
 1623386330 ,9ccae414-9413-3ece-a8f8-f3a554b8e1da,    1.790480 ,  -60.534220 ,2023-03-13 17:39:00,Brasil,RORAIMA,CANTÁ,Amazônia
 1623386331 ,e21ac3e3-8610-3bc3-80a8-da9c79fb8ddf,    3.141840 ,  -60.241890 ,2023-03-13 17:39:00,Brasil,RORAIMA,BONFIM,Amazônia
 1623386333 ,938eed3c-64ab-334e-87b9-fdc7e5cc68db,    3.270070 ,  -60.947540 ,2023-03-13 17:39:00,Brasil,RORAIMA,BOA VISTA,Amazônia
 1623386334 ,abd95797-9cf3-367c-a6f2-5250f3e5857a,    3.601140 ,  -59.869670 ,2023-03-13 17:39:00,Brasil,RORAIMA,NORMANDIA,Amazônia
 1623386336 ,648932a7-4e60-3ea4-ac60-6ff3b0e4ec2a,    3.602440 ,  -59.860680 ,2023-03-13 17:39:00,Brasil,RORAIMA,NORMANDIA,Amazônia
 1623386337 ,2e490d16-9358-3087-b597-66a1fe762a6e,    3.602500 ,  -61.823100 ,2023-03-13 17:39:00,Brasil,RORAIMA,AMAJARI,Amazônia
 1623386340 ,bc3f0730-8ec7-372d-94c7-ddd0a73cccc3,    3.614020 ,  -60.285040 ,2023-03-13 17:39:00,Brasil,RORAIMA,NORMANDIA,Amazônia
 1623386341 ,87036497-c67e-3b97-8c40-e820bd3590fc,    1.834900 ,  -60.619520 ,2023-03-13 17:39:00,Brasil,RORAIMA,CARACARAÍ,Amazônia
 1623386342 ,004b22d7-8fb3-348a-a0af-139d4e92632f,    3.628060 ,  -59.999020 ,2023-03-13 17:39:00,Brasil,RORAIMA,NORMANDIA,Amazônia
 1623386344 ,88dd9dea-bc98-33a4-b612-9536a5e2d2ec,    3.645710 ,  -61.956300 ,2023-03-13 17:39:00,Brasil,RORAIMA,AMAJARI,Amazônia
 1623386345 ,d0cac3bd-cf3c-3eb1-87a0-895e616bda28,    3.839130 ,  -61.694510 ,2023-03-13 17:39:00,Brasil,RORAIMA,AMAJARI,Amazônia
 1623386348 ,0e15c42c-fda2-3fe8-b65d-dd2a116ddbaf,    3.849010 ,  -61.760100 ,2023-03-13 17:39:00,Brasil,RORAIMA,AMAJARI,Amazônia
 1623386349 ,24519f59-d088-39c1-9455-2a4e37eaaa51,    3.859360 ,  -61.890820 ,2023-03-13 17:39:00,Brasil,RORAIMA,AMAJARI,Amazônia
 1623386351 ,f119a128-3dcb-308f-80fd-6b654994bb3a,    3.862460 ,  -61.869690 ,2023-03-13 17:39:00,Brasil,RORAIMA,AMAJARI,Amazônia
 1623386352 ,17cec7bb-638b-3ba4-b42a-cddc69d8a97e,    3.864010 ,  -61.859100 ,2023-03-13 17:39:00,Brasil,RORAIMA,AMAJARI,Amazônia
 1623386355 ,2b525401-0033-395f-94f0-4fe54eb00e1c,    3.868460 ,  -60.745720 ,2023-03-13 17:39:00,Brasil,RORAIMA,PACARAIMA,Amazônia
 1623386356 ,a8c7a541-0a32-32a2-b27e-911bb85b9110,     .920730 ,  -60.248700 ,2023-03-13 17:39:00,Brasil,RORAIMA,RORAINÓPOLIS,Amazônia
 1623386357 ,532d950b-df11-3c69-8a3a-89870a330354,    1.847450 ,  -60.338130 ,2023-03-13 17:39:00,Brasil,RORAIMA,CANTÁ,Amazônia
 1623386358 ,f39f8029-3a2f-3f05-8a7b-9ce205b69a50,    3.879250 ,  -60.863510 ,2023-03-13 17:39:00,Brasil,RORAIMA,PACARAIMA,Amazônia
 1623386360 ,d0c95f5c-73d5-3baa-bde0-eb84cb470bd9,    3.944170 ,  -60.045510 ,2023-03-13 17:39:00,Brasil,RORAIMA,NORMANDIA,Amazônia
 1623386361 ,d13a7cbf-e75f-343f-ba01-7aa88459d265,    4.034180 ,  -60.566230 ,2023-03-13 17:39:00,Brasil,RORAIMA,PACARAIMA,Amazônia
 1623386364 ,33d0e376-3117-390f-8264-51d0cf6c0e47,    4.096250 ,  -60.330570 ,2023-03-13 17:39:00,Brasil,RORAIMA,NORMANDIA,Amazônia
 1623386365 ,a5427c71-baad-3170-8117-6addfee50346,    4.114030 ,  -60.774660 ,2023-03-13 17:39:00,Brasil,RORAIMA,PACARAIMA,Amazônia
 1623386367 ,7edc45d3-a93c-319f-aff8-4ba158b8ec7a,    4.115380 ,  -60.765350 ,2023-03-13 17:39:00,Brasil,RORAIMA,PACARAIMA,Amazônia
 1623386368 ,3c687e10-a936-3e2b-8e94-e6c03b17c1bf,    4.121810 ,  -60.785570 ,2023-03-13 17:39:00,Brasil,RORAIMA,PACARAIMA,Amazônia
 1623386371 ,a4f2bf5a-8974-3c6d-8885-cda51c7d4cc2,    4.123170 ,  -60.776170 ,2023-03-13 17:39:00,Brasil,RORAIMA,PACARAIMA,Amazônia
 1623386372 ,fcbd0bc2-265b-3b9c-b94d-3768ea586226,    1.883850 ,  -60.411160 ,2023-03-13 17:39:00,Brasil,RORAIMA,CANTÁ,Amazônia
 1623386373 ,3370b446-7ff2-37f6-994b-30dc8176d582,    4.151290 ,  -60.391260 ,2023-03-13 17:39:00,Brasil,RORAIMA,NORMANDIA,Amazônia
 1623386375 ,4a1758f6-4d4a-3147-a94e-afbebc4499dd,    4.186400 ,  -60.657970 ,2023-03-13 17:39:00,Brasil,RORAIMA,PACARAIMA,Amazônia
 1623386376 ,1a96b59a-ade9-3a9e-861e-ac806366da85,    4.187780 ,  -60.330660 ,2023-03-13 17:39:00,Brasil,RORAIMA,UIRAMUTÃ,Amazônia
 1623386379 ,3c2f48b2-1903-3c58-9ee4-572f3393f150,    4.189110 ,  -60.321460 ,2023-03-13 17:39:00,Brasil,RORAIMA,UIRAMUTÃ,Amazônia
 1623386380 ,99cc5613-e695-3bfe-9cf9-d3482373b6f7,    4.190500 ,  -60.821400 ,2023-03-13 17:39:00,Brasil,RORAIMA,PACARAIMA,Amazônia
 1623386382 ,aa3dafdd-d08c-3330-b46f-80ab3887cd94,    4.414670 ,  -61.174570 ,2023-03-13 17:39:00,Brasil,RORAIMA,PACARAIMA,Amazônia
 1623386383 ,29034c40-2eb3-3f21-9cba-1b7fef32191e,    4.417160 ,  -60.467330 ,2023-03-13 17:39:00,Brasil,RORAIMA,UIRAMUTÃ,Amazônia
 1623386384 ,5c447656-02ca-302e-b19e-b89251bcbf46,     .624900 ,  -59.750870 ,2023-03-13 17:39:00,Brasil,RORAIMA,CAROEBE,Amazônia
 1623386387 ,f730ffc1-12f4-39a1-a6ec-6625c9c87a30,    4.419700 ,  -61.205050 ,2023-03-13 17:39:00,Brasil,RORAIMA,PACARAIMA,Amazônia
 1623386388 ,d473108a-1f2d-39a1-9502-c692e5557467,     .970870 ,  -59.585240 ,2023-03-13 17:39:00,Brasil,RORAIMA,CAROEBE,Amazônia
 1623386389 ,502fab33-67b0-38fa-91cc-472d9fd40a0b,    1.887500 ,  -60.822560 ,2023-03-13 17:39:00,Brasil,RORAIMA,CARACARAÍ,Amazônia
 1623386390 ,37677675-94be-31a1-81c6-90ffedf910a5,    4.562130 ,  -60.928020 ,2023-03-13 17:39:00,Brasil,RORAIMA,PACARAIMA,Amazônia
 1623386392 ,599b735d-bf5e-3dde-b83b-35d83f578552,    4.662590 ,  -60.236220 ,2023-03-13 17:39:00,Brasil,RORAIMA,UIRAMUTÃ,Amazônia
 1623386393 ,d5a563b8-b0c4-3375-8aed-75d7ddc294c5,    4.744130 ,  -60.115780 ,2023-03-13 17:39:00,Brasil,RORAIMA,UIRAMUTÃ,Amazônia
 1623386396 ,513c8ab8-d59e-3eff-9813-a552e029a040,    4.816930 ,  -60.252580 ,2023-03-13 17:39:00,Brasil,RORAIMA,UIRAMUTÃ,Amazônia
 1623386397 ,7c55611e-046f-3571-9380-c79f8399f028,    4.818260 ,  -60.243440 ,2023-03-13 17:39:00,Brasil,RORAIMA,UIRAMUTÃ,Amazônia
 1623386399 ,8131de50-b7e4-3fc3-8cdb-91da97209650,    4.827240 ,  -60.244740 ,2023-03-13 17:39:00,Brasil,RORAIMA,UIRAMUTÃ,Amazônia
 1623386400 ,1198acdb-4006-37e6-a2a9-d2a51bf0cef7,    4.832850 ,  -60.080250 ,2023-03-13 17:39:00,Brasil,RORAIMA,UIRAMUTÃ,Amazônia
 1623386403 ,99ff6b0e-f2be-3625-a0ae-e6790f261f07,    4.961450 ,  -60.462230 ,2023-03-13 17:39:00,Brasil,RORAIMA,UIRAMUTÃ,Amazônia
 1623386404 ,30e4471d-f3b2-3329-b5af-67137b8bbede,    1.896880 ,  -60.823940 ,2023-03-13 17:39:00,Brasil,RORAIMA,CARACARAÍ,Amazônia
 1623386405 ,d3942006-86df-3560-91d5-04f51e64f509,    4.962790 ,  -60.453100 ,2023-03-13 17:39:00,Brasil,RORAIMA,UIRAMUTÃ,Amazônia
 1623386407 ,b8c8d10c-20e9-31f6-9437-e05f961ef743,    4.963830 ,  -60.509030 ,2023-03-13 17:39:00,Brasil,RORAIMA,UIRAMUTÃ,Amazônia
 1623386408 ,7c76422d-b6ae-3d55-a556-16a06031e720,    4.965170 ,  -60.499900 ,2023-03-13 17:39:00,Brasil,RORAIMA,UIRAMUTÃ,Amazônia
 1623386411 ,fa2a07e7-7593-3870-a1aa-dd1a2f5670c8,    5.033610 ,  -60.469130 ,2023-03-13 17:39:00,Brasil,RORAIMA,UIRAMUTÃ,Amazônia
 1623386412 ,b7d22baa-6364-3ba8-8f6e-5d0ebb50b456,    5.046310 ,  -60.508210 ,2023-03-13 17:39:00,Brasil,RORAIMA,UIRAMUTÃ,Amazônia
 1623386414 ,961d6e3d-f8bd-348c-bdaa-6dd2b2215309,    5.047640 ,  -60.499110 ,2023-03-13 17:39:00,Brasil,RORAIMA,UIRAMUTÃ,Amazônia
 1623386419 ,e75de079-d036-3c06-bc82-4950ab63f96e,    1.023670 ,  -59.479080 ,2023-03-13 17:39:00,Brasil,RORAIMA,CAROEBE,Amazônia
 1623386420 ,e99ebf42-b4b2-33b8-a9ee-9fbccfdc826e,    1.898310 ,  -60.814080 ,2023-03-13 17:39:00,Brasil,RORAIMA,CARACARAÍ,Amazônia
 1623386435 ,1a89ec09-c884-3cb8-ab20-707da077e5b7,    1.917460 ,  -60.421720 ,2023-03-13 17:39:00,Brasil,RORAIMA,CANTÁ,Amazônia
 1623386447 ,a8256eaa-81ec-3352-89ca-ffa4871e50b9,     .728710 ,  -59.603060 ,2023-03-13 17:39:00,Brasil,RORAIMA,CAROEBE,Amazônia
 1623386451 ,95746f68-e140-37da-a298-aaa0f66679fe,    1.050330 ,  -59.612640 ,2023-03-13 17:39:00,Brasil,RORAIMA,CAROEBE,Amazônia
 1623386452 ,2b83f06c-7a56-3b06-8a0c-5f42b1bc92d7,    1.918850 ,  -60.412230 ,2023-03-13 17:39:00,Brasil,RORAIMA,CANTÁ,Amazônia
 1623386467 ,9f54ec26-c873-33b9-befe-3cad14b3f5cb,    1.929370 ,  -60.599480 ,2023-03-13 17:39:00,Brasil,RORAIMA,CANTÁ,Amazônia
 1623386482 ,5b4e39bc-a62c-3b69-b4a7-74892812e9b5,    1.062290 ,  -59.778800 ,2023-03-13 17:39:00,Brasil,RORAIMA,SÃO JOÃO DA BALIZA,Amazônia
 1623386483 ,1f4cc0c0-a374-354a-90be-dc2b46f031fa,    1.930760 ,  -60.589840 ,2023-03-13 17:39:00,Brasil,RORAIMA,CANTÁ,Amazônia
 1623386498 ,17020afc-67ea-3be7-8ee0-3b81165605b8,    1.942670 ,  -60.816990 ,2023-03-13 17:39:00,Brasil,RORAIMA,CARACARAÍ,Amazônia
 1623386513 ,791a6cd1-42a5-3c6c-8d43-750ce28b7d5f,    1.070060 ,  -60.044830 ,2023-03-13 17:39:00,Brasil,RORAIMA,SÃO LUIZ,Amazônia
 1623386514 ,15228a74-91cd-3d63-95a4-a6e9503f6659,    1.947010 ,  -60.787490 ,2023-03-13 17:39:00,Brasil,RORAIMA,CARACARAÍ,Amazônia
 1623386529 ,30d21651-2129-3fdb-b00c-0fddc1b89eae,    1.977940 ,  -60.771950 ,2023-03-13 17:39:00,Brasil,RORAIMA,CARACARAÍ,Amazônia
 1623386544 ,89e2b04b-83b1-3ab1-b81a-8cefbaf062a6,     .730040 ,  -59.593940 ,2023-03-13 17:39:00,Brasil,RORAIMA,CAROEBE,Amazônia
 1623386549 ,e64586c8-d953-3850-8bc4-665c4187ee63,    1.091610 ,  -59.896050 ,2023-03-13 17:39:00,Brasil,RORAIMA,SÃO JOÃO DA BALIZA,Amazônia
 1623386553 ,4c5d7cfd-bc4f-3a73-89f4-b9824ff89fb5,    1.979370 ,  -60.762190 ,2023-03-13 17:39:00,Brasil,RORAIMA,CARACARAÍ,Amazônia
 1623386557 ,7cbb0b04-a342-3deb-b7cd-3f697d2bfc76,    2.008470 ,  -60.627450 ,2023-03-13 17:39:00,Brasil,RORAIMA,CANTÁ,Amazônia
 1623492814 ,b4d63d17-149d-38fc-b006-54bbabab5a73,     .362720 ,  -60.538350 ,2023-03-14 18:21:00,Brasil,RORAIMA,RORAINÓPOLIS,Amazônia
 1623584299 ,0e5428fe-3afc-310d-9b77-6983f331248e,    3.065190 ,  -60.885920 ,2023-03-15 17:26:00,Brasil,RORAIMA,BOA VISTA,Amazônia
 1623584303 ,f5cce6cf-79c6-3dc0-9267-272b3c58624d,    3.322860 ,  -60.871730 ,2023-03-15 17:26:00,Brasil,RORAIMA,BOA VISTA,Amazônia
 1623584307 ,29265467-4343-3d0c-9a4f-168315fac01f,    3.329730 ,  -60.877620 ,2023-03-15 17:26:00,Brasil,RORAIMA,BOA VISTA,Amazônia
 1623584308 ,cf7b0906-2699-3164-8bed-b2fa5bceda29,    3.473290 ,  -60.314420 ,2023-03-15 17:26:00,Brasil,RORAIMA,BOA VISTA,Amazônia
 1623584311 ,35f6e0f7-13e1-3980-88e3-c2e391ddb86a,    4.109550 ,  -60.820480 ,2023-03-15 17:26:00,Brasil,RORAIMA,PACARAIMA,Amazônia
 1623584315 ,9fa46353-03e3-35eb-afbf-143324a090a4,    4.253190 ,  -60.165740 ,2023-03-15 17:26:00,Brasil,RORAIMA,UIRAMUTÃ,Amazônia
 1623584317 ,09bdf822-dd04-3247-8020-98940e8fcc89,    4.310440 ,  -60.862880 ,2023-03-15 17:26:00,Brasil,RORAIMA,PACARAIMA,Amazônia
 1623584320 ,7fe7ffb1-de9a-3e5d-955c-5b6bca06d9da,    4.255790 ,  -60.172650 ,2023-03-15 17:26:00,Brasil,RORAIMA,UIRAMUTÃ,Amazônia
 1623584323 ,56abd7d1-7e1f-35a7-a990-c72c6a04a64b,    4.399150 ,  -61.175490 ,2023-03-15 17:26:00,Brasil,RORAIMA,PACARAIMA,Amazônia
 1623584327 ,72285b0f-806b-34d1-8306-9076f7de9466,    5.040680 ,  -60.524500 ,2023-03-15 17:26:00,Brasil,RORAIMA,UIRAMUTÃ,Amazônia
 1623584329 ,c4efcdf6-b1df-35a1-80dd-a03afd991cf4,    5.064020 ,  -60.373870 ,2023-03-15 17:26:00,Brasil,RORAIMA,UIRAMUTÃ,Amazônia
 1623584332 ,170919d7-9a0b-3bb1-a306-c25d119bc22a,    5.111670 ,  -60.353070 ,2023-03-15 17:26:00,Brasil,RORAIMA,UIRAMUTÃ,Amazônia
 1623680617 ,26d2e107-315d-332e-8d7c-054fab04cf74,     .024430 ,  -60.658200 ,2023-03-16 18:06:00,Brasil,RORAIMA,RORAINÓPOLIS,Amazônia
 1623680621 ,a8dc79aa-4742-3d36-9b8e-1e2186fc9a5c,     .024680 ,  -60.649670 ,2023-03-16 18:06:00,Brasil,RORAIMA,RORAINÓPOLIS,Amazônia
 1623680736 ,74954d84-8b77-312b-8361-c14f815f06cf,     .999030 ,  -59.494950 ,2023-03-16 18:09:00,Brasil,RORAIMA,CAROEBE,Amazônia
 1623680738 ,859ab51f-2484-3363-a5f0-4ea214fd0453,    1.089650 ,  -59.501000 ,2023-03-16 18:09:00,Brasil,RORAIMA,CAROEBE,Amazônia
 1623680739 ,c48aa222-ab4a-3d07-9f7d-f66959d5c00f,    3.230960 ,  -60.447100 ,2023-03-16 18:09:00,Brasil,RORAIMA,BOA VISTA,Amazônia
 1623680742 ,353b47ac-b111-3661-b534-d068076e2ec1,    3.296480 ,  -60.881770 ,2023-03-16 18:09:00,Brasil,RORAIMA,BOA VISTA,Amazônia
 1623680743 ,2bed7dc5-006d-39f2-a2b2-e7e7238a915f,    3.298870 ,  -60.865220 ,2023-03-16 18:09:00,Brasil,RORAIMA,BOA VISTA,Amazônia
 1623680745 ,75d466a3-5057-3506-8802-f746d783f4a3,    4.038500 ,  -60.467710 ,2023-03-16 18:09:00,Brasil,RORAIMA,PACARAIMA,Amazônia
 1623759539 ,36ea5d8f-aaec-390c-93aa-dd3d1d49d34b,     .019400 ,  -60.667830 ,2023-03-17 17:11:00,Brasil,RORAIMA,RORAINÓPOLIS,Amazônia
 1623759541 ,23a08488-bbf0-3841-a7e9-1ce25dd2c68b,     .032940 ,  -60.643320 ,2023-03-17 17:11:00,Brasil,RORAIMA,RORAINÓPOLIS,Amazônia
 1623759542 ,6bd22549-477b-3f10-bdd8-87c4a86dbd09,     .141830 ,  -60.630630 ,2023-03-17 17:11:00,Brasil,RORAIMA,RORAINÓPOLIS,Amazônia
 1623759546 ,754eacdb-c030-329e-b068-660e93defcca,     .149700 ,  -60.627130 ,2023-03-17 17:11:00,Brasil,RORAIMA,RORAINÓPOLIS,Amazônia
 1623759549 ,fce3b68a-8645-3af3-b935-53b669d38605,     .584530 ,  -59.832090 ,2023-03-17 17:11:00,Brasil,RORAIMA,SÃO JOÃO DA BALIZA,Amazônia
 1623759551 ,3681a5f9-c4b7-3a04-8240-5478ec9dcba7,     .644420 ,  -60.541130 ,2023-03-17 17:11:00,Brasil,RORAIMA,RORAINÓPOLIS,Amazônia
 1623759552 ,e9383ec3-cf5b-31e1-a2ed-6de01485ff46,     .645520 ,  -60.566040 ,2023-03-17 17:11:00,Brasil,RORAIMA,RORAINÓPOLIS,Amazônia
 1623759555 ,d6194905-ef48-32d9-9f75-f0c841f82d3d,     .749870 ,  -59.648750 ,2023-03-17 17:11:00,Brasil,RORAIMA,CAROEBE,Amazônia
 1623759556 ,72856db9-f05f-3542-abc3-2621138d66ca,     .831980 ,  -60.613260 ,2023-03-17 17:11:00,Brasil,RORAIMA,RORAINÓPOLIS,Amazônia
 1623759558 ,802592d7-0df4-3473-a50c-730489fad75b,     .964110 ,  -59.940480 ,2023-03-17 17:11:00,Brasil,RORAIMA,SÃO JOÃO DA BALIZA,Amazônia
 1623759619 ,830e68d5-8ecd-340c-9016-bf7e62bba626,     .966930 ,  -59.917420 ,2023-03-17 17:11:00,Brasil,RORAIMA,SÃO JOÃO DA BALIZA,Amazônia
 1623759620 ,c2182735-fe60-3c1d-a0e3-d41660bcafe9,     .968180 ,  -59.913050 ,2023-03-17 17:11:00,Brasil,RORAIMA,SÃO JOÃO DA BALIZA,Amazônia
 1623759622 ,a97603f0-a279-3fcc-8b45-d83627d9759f,    2.736950 ,  -60.501180 ,2023-03-17 17:11:00,Brasil,RORAIMA,CANTÁ,Amazônia
 1623759623 ,3ddfd8ae-979b-3d64-9488-5fc968132146,    2.738720 ,  -60.477110 ,2023-03-17 17:11:00,Brasil,RORAIMA,CANTÁ,Amazônia
 1623759626 ,e2d5d3b1-0c9c-3924-a472-e9b9c458a4c5,    2.741230 ,  -60.472790 ,2023-03-17 17:11:00,Brasil,RORAIMA,CANTÁ,Amazônia
 1623759628 ,b91c1029-95a8-36da-aa36-94ac8698aeaa,    3.923320 ,  -59.724080 ,2023-03-17 17:13:00,Brasil,RORAIMA,NORMANDIA,Amazônia
 1623759630 ,909ffa0a-be0e-34ac-beb4-18520543c4bd,    3.928020 ,  -59.729520 ,2023-03-17 17:13:00,Brasil,RORAIMA,NORMANDIA,Amazônia
 1623828400 ,c97ba043-de19-3abe-b2fd-1d3e34bc45f1,    4.250000 ,  -59.769690 ,2023-03-18 17:54:00,Brasil,RORAIMA,UIRAMUTÃ,Amazônia
 1623828403 ,e5622b25-86d2-3f3b-bb58-791c0fea42a7,    4.329860 ,  -60.223790 ,2023-03-18 17:54:00,Brasil,RORAIMA,UIRAMUTÃ,Amazônia
 1623828419 ,80940157-4cea-302a-9e8a-b5dd8770b0c9,    4.924370 ,  -60.496060 ,2023-03-18 17:54:00,Brasil,RORAIMA,UIRAMUTÃ,Amazônia
 1623829104 ,37f87f54-ab4e-3ed9-a387-6836ca42ef80,     .761730 ,  -60.587470 ,2023-03-18 17:54:00,Brasil,RORAIMA,RORAINÓPOLIS,Amazônia
 1623829114 ,1cb7e28c-908b-3fad-b623-58175a30a8eb,    1.648530 ,  -60.757420 ,2023-03-18 17:54:00,Brasil,RORAIMA,CARACARAÍ,Amazônia
 1623829132 ,ac169003-1d56-3184-b28b-5936a88dfbbb,    1.790690 ,  -60.535630 ,2023-03-18 17:54:00,Brasil,RORAIMA,CANTÁ,Amazônia
 1623829141 ,57d5be05-ccee-3aa6-89d2-44f549329f1b,    2.260330 ,  -61.628970 ,2023-03-18 17:54:00,Brasil,RORAIMA,IRACEMA,Amazônia
 1623829142 ,5307bbc7-06c8-357c-add1-df022b744448,    2.568720 ,  -60.104880 ,2023-03-18 17:54:00,Brasil,RORAIMA,BONFIM,Amazônia
 1623829155 ,7e6d6ae2-1f1e-3bc6-9641-a25568b16385,    3.240130 ,  -60.628880 ,2023-03-18 17:54:00,Brasil,RORAIMA,BOA VISTA,Amazônia
 1623829160 ,93a2303e-f1e3-32bc-bd3f-301ae5ba4aae,    3.249600 ,  -60.630230 ,2023-03-18 17:54:00,Brasil,RORAIMA,BOA VISTA,Amazônia
 1623829166 ,0caaf6f6-c2af-390b-b7aa-af2b616b2da0,    3.565030 ,  -60.358400 ,2023-03-18 17:54:00,Brasil,RORAIMA,NORMANDIA,Amazônia
 1623829170 ,d032f446-b181-3356-aa0f-134dc0ddcce0,    3.656080 ,  -59.930750 ,2023-03-18 17:54:00,Brasil,RORAIMA,NORMANDIA,Amazônia
 1623829172 ,1c74cfd9-320c-36b7-a25e-ccef223c3a75,    3.563680 ,  -61.142430 ,2023-03-18 17:54:00,Brasil,RORAIMA,AMAJARI,Amazônia
 1623829175 ,39cd578f-5ead-3612-b1d0-27c3d3067929,    3.563540 ,  -60.943700 ,2023-03-18 17:54:00,Brasil,RORAIMA,AMAJARI,Amazônia
 1623829197 ,1ca01833-d597-3354-9eb2-74e331df6ccf,    3.709620 ,  -60.497860 ,2023-03-18 17:54:00,Brasil,RORAIMA,PACARAIMA,Amazônia
 1623829198 ,6ed1e2eb-4845-384d-bf11-f90056920d32,    3.932690 ,  -64.206110 ,2023-03-18 17:54:00,Brasil,RORAIMA,AMAJARI,Amazônia
 1623829211 ,530b84a0-126d-39ad-bd28-a9132f31e550,    3.968670 ,  -59.816450 ,2023-03-18 17:54:00,Brasil,RORAIMA,NORMANDIA,Amazônia
 1623829216 ,3de168d3-ce03-3587-855b-b21339c9ab33,    4.028670 ,  -59.826420 ,2023-03-18 17:54:00,Brasil,RORAIMA,NORMANDIA,Amazônia
 1623829222 ,cdf73909-9618-3bef-9cd5-f13c4f9c91a4,    4.045140 ,  -61.307560 ,2023-03-18 17:54:00,Brasil,RORAIMA,AMAJARI,Amazônia
 1623829226 ,16257aa8-b900-3f0a-a8ee-b1906a49503f,    4.052010 ,  -59.806470 ,2023-03-18 17:54:00,Brasil,RORAIMA,NORMANDIA,Amazônia
 1623829239 ,75a8185d-e0b0-342a-88c7-23e5950b92a8,    4.177200 ,  -60.295800 ,2023-03-18 17:54:00,Brasil,RORAIMA,UIRAMUTÃ,Amazônia
 1623829244 ,9cf14854-11da-39b1-bf1b-ec774bb4a40b,    4.240980 ,  -60.126050 ,2023-03-18 17:54:00,Brasil,RORAIMA,NORMANDIA,Amazônia
 1624008832 ,977b606a-aa33-3e5c-a272-431d547d138e,    3.877550 ,  -60.465240 ,2023-03-20 17:41:00,Brasil,RORAIMA,NORMANDIA,Amazônia
 1624008847 ,650d8db9-4b35-351e-aa35-d8eb426d17d4,    3.885240 ,  -60.475690 ,2023-03-20 17:41:00,Brasil,RORAIMA,NORMANDIA,Amazônia
 1624008859 ,dd3f3939-f2c6-30ba-898f-0c3db7d1fbee,    1.669590 ,  -60.827730 ,2023-03-20 17:41:00,Brasil,RORAIMA,CARACARAÍ,Amazônia
 1624008863 ,0c8f5bbd-382b-3880-a7ce-6eaac467b103,    2.254840 ,  -59.963110 ,2023-03-20 17:41:00,Brasil,RORAIMA,BONFIM,Amazônia
 1624008864 ,025d5588-a3d8-3a65-8448-f7873e9303b4,    3.886570 ,  -60.466570 ,2023-03-20 17:41:00,Brasil,RORAIMA,NORMANDIA,Amazônia
 1624008866 ,1ba03f37-9bd6-3cd9-a89d-69ae6bde1872,    1.196460 ,  -60.521830 ,2023-03-20 17:41:00,Brasil,RORAIMA,CARACARAÍ,Amazônia
 1624008880 ,85d8a4ca-71f2-3b7a-b1bb-3b836bdd1a9d,    3.950410 ,  -60.782180 ,2023-03-20 17:41:00,Brasil,RORAIMA,PACARAIMA,Amazônia
 1624008895 ,4a273552-31ca-36fe-9f54-d005ee66e6a3,    2.256150 ,  -59.954060 ,2023-03-20 17:41:00,Brasil,RORAIMA,BONFIM,Amazônia
 1624008896 ,50640b15-a5da-3a84-9ec2-5be977a2dfe5,    3.963670 ,  -59.801400 ,2023-03-20 17:41:00,Brasil,RORAIMA,NORMANDIA,Amazônia
 1624008911 ,13cd6525-1478-3a99-ab53-19f443837d86,    4.156170 ,  -60.259090 ,2023-03-20 17:41:00,Brasil,RORAIMA,NORMANDIA,Amazônia
 1624008923 ,13bef3f0-755f-3b7e-a0e1-243b143f1648,    1.671000 ,  -60.818040 ,2023-03-20 17:41:00,Brasil,RORAIMA,CARACARAÍ,Amazônia
 1624008927 ,35369d38-9db3-344c-8dc5-e40260a40556,    2.309160 ,  -60.227890 ,2023-03-20 17:41:00,Brasil,RORAIMA,CANTÁ,Amazônia
 1624008928 ,4c516dfc-f813-3a42-a3b8-1a2f67b10913,    4.202410 ,  -60.952190 ,2023-03-20 17:41:00,Brasil,RORAIMA,PACARAIMA,Amazônia
 1624008943 ,be904f94-3492-36bc-96b7-c71d2102d713,    4.243030 ,  -60.039510 ,2023-03-20 17:41:00,Brasil,RORAIMA,NORMANDIA,Amazônia
 1624008958 ,f56efddb-f2d4-3b15-9dfd-5e1ef612a566,    2.310480 ,  -60.218770 ,2023-03-20 17:41:00,Brasil,RORAIMA,CANTÁ,Amazônia
 1624008959 ,71374e09-92a2-3d51-b237-71d416160e3d,    4.260890 ,  -60.042110 ,2023-03-20 17:41:00,Brasil,RORAIMA,NORMANDIA,Amazônia
 1624008974 ,efe6c007-4259-3245-8043-2163bff469ee,    4.479380 ,  -59.931600 ,2023-03-20 17:41:00,Brasil,RORAIMA,UIRAMUTÃ,Amazônia
 1624008986 ,56f1e5f9-00c3-3487-933c-543c45fbd02a,    1.684160 ,  -60.215880 ,2023-03-20 17:41:00,Brasil,RORAIMA,CARACARAÍ,Amazônia
 1624008990 ,582de313-e18f-3e26-8e29-fbad8cef1036,    2.320740 ,  -61.771730 ,2023-03-20 17:41:00,Brasil,RORAIMA,IRACEMA,Amazônia
 1624008991 ,8f9652aa-94f4-3786-843f-547f08ae1523,    4.787680 ,  -60.668480 ,2023-03-20 17:41:00,Brasil,RORAIMA,PACARAIMA,Amazônia
 1624009006 ,f4219af3-6f87-367c-9135-9ad5ad605321,    4.918620 ,  -60.462090 ,2023-03-20 17:41:00,Brasil,RORAIMA,UIRAMUTÃ,Amazônia
 1624009021 ,769adb24-4b70-3e17-a00c-6e974c0983ee,    2.322300 ,  -61.761210 ,2023-03-20 17:41:00,Brasil,RORAIMA,IRACEMA,Amazônia
 1624009022 ,9c7281b1-9dde-327c-a0b3-3de4fcd2c49a,    4.919930 ,  -60.453060 ,2023-03-20 17:41:00,Brasil,RORAIMA,UIRAMUTÃ,Amazônia
 1624009037 ,dc9714a4-8095-38ea-952a-af65b474558b,    4.946830 ,  -60.457000 ,2023-03-20 17:41:00,Brasil,RORAIMA,UIRAMUTÃ,Amazônia
 1624009052 ,fe45e378-89cb-33f1-94e9-305ebb299c96,    2.368920 ,  -60.640690 ,2023-03-20 17:41:00,Brasil,RORAIMA,CANTÁ,Amazônia
 1624009053 ,1152090e-7564-38ac-acf5-d92d2e40bf15,    5.002400 ,  -60.398030 ,2023-03-20 17:41:00,Brasil,RORAIMA,UIRAMUTÃ,Amazônia
 1624009068 ,b13de363-019e-395d-bed2-b3184d653d4a,    5.018990 ,  -60.409660 ,2023-03-20 17:41:00,Brasil,RORAIMA,UIRAMUTÃ,Amazônia
 1624009074 ,a91eedb1-00d7-3a1f-a243-8b9d2cf39310,     .064370 ,  -60.533870 ,2023-03-20 17:39:00,Brasil,RORAIMA,RORAINÓPOLIS,Amazônia
 1624009077 ,b1969f43-1143-3b29-a5c0-3500ca8cd8ca,     .065760 ,  -60.524170 ,2023-03-20 17:39:00,Brasil,RORAIMA,RORAINÓPOLIS,Amazônia
 1624009081 ,fee6dfdd-dd0b-3241-a823-6dc7763bf31c,     .067620 ,  -60.644430 ,2023-03-20 17:39:00,Brasil,RORAIMA,RORAINÓPOLIS,Amazônia
 1624009083 ,4e29b498-9944-3fd0-a033-63f16c9db284,    1.111090 ,  -59.405940 ,2023-03-20 17:39:00,Brasil,RORAIMA,CAROEBE,Amazônia
 1624009085 ,11c8922e-e97a-3829-9e3f-8beec3ae1d4d,     .069020 ,  -60.634590 ,2023-03-20 17:39:00,Brasil,RORAIMA,RORAINÓPOLIS,Amazônia
 1624009087 ,64997863-b8f1-3549-8132-0ee96768f106,     .073610 ,  -60.640740 ,2023-03-20 17:39:00,Brasil,RORAIMA,RORAINÓPOLIS,Amazônia
 1624009088 ,70d44442-2bee-3c19-9539-4d615e1a7c2b,    1.217080 ,  -60.136680 ,2023-03-20 17:41:00,Brasil,RORAIMA,CARACARAÍ,Amazônia
 1624009089 ,839a59f1-4280-3747-9b25-584518bea069,    5.123130 ,  -60.449140 ,2023-03-20 17:41:00,Brasil,RORAIMA,UIRAMUTÃ,Amazônia
 1624009091 ,00bb8cad-395e-37e5-a30f-77ea3e687ea2,     .112510 ,  -60.636310 ,2023-03-20 17:39:00,Brasil,RORAIMA,RORAINÓPOLIS,Amazônia
 1624009092 ,999d7d28-a612-3080-87f4-eb517561dbcb,    1.685270 ,  -60.272660 ,2023-03-20 17:41:00,Brasil,RORAIMA,CARACARAÍ,Amazônia
 1624009093 ,a16a74d7-4dd8-3823-bdaf-74385bf9ddd0,    2.381750 ,  -60.610610 ,2023-03-20 17:41:00,Brasil,RORAIMA,CANTÁ,Amazônia
 1624009094 ,86b83c11-443e-37e9-b6cc-5fab59abd299,     .189270 ,  -60.614100 ,2023-03-20 17:39:00,Brasil,RORAIMA,RORAINÓPOLIS,Amazônia
 1624009097 ,811fc9c9-ef70-3f4b-a78c-a5442d247af3,     .469230 ,  -60.410350 ,2023-03-20 17:39:00,Brasil,RORAIMA,RORAINÓPOLIS,Amazônia
 1624009098 ,8cf5869f-7159-39fa-a0a3-161e7355bb3b,    1.025550 ,  -60.382470 ,2023-03-20 17:39:00,Brasil,RORAIMA,RORAINÓPOLIS,Amazônia
 1624009099 ,cdcca6af-602e-3d31-af15-da243f30b55b,    1.031740 ,  -60.388930 ,2023-03-20 17:39:00,Brasil,RORAIMA,RORAINÓPOLIS,Amazônia
 1624009100 ,f23a693f-78d7-3e05-b2c6-3646ec75726e,     .549530 ,  -60.291970 ,2023-03-20 17:39:00,Brasil,RORAIMA,RORAINÓPOLIS,Amazônia
 1624009102 ,c6d687b8-1e2d-3c27-96ad-ed5c62f34e3b,     .612330 ,  -59.920980 ,2023-03-20 17:39:00,Brasil,RORAIMA,SÃO JOÃO DA BALIZA,Amazônia
 1624009103 ,a071f7e8-5d8e-342b-8803-7a28b79ab979,     .637340 ,  -59.940450 ,2023-03-20 17:39:00,Brasil,RORAIMA,SÃO JOÃO DA BALIZA,Amazônia
 1624009104 ,e14472ea-9658-3cf0-8cc2-b57bbe3491d6,    1.218420 ,  -60.127450 ,2023-03-20 17:41:00,Brasil,RORAIMA,CARACARAÍ,Amazônia
 1624009108 ,5530d01a-db7f-3572-ac0d-a49b252ea943,     .649560 ,  -60.370950 ,2023-03-20 17:39:00,Brasil,RORAIMA,RORAINÓPOLIS,Amazônia
 1624009109 ,aca4fd47-a09a-324b-acc8-0e92cca71f84,    1.686600 ,  -60.263400 ,2023-03-20 17:41:00,Brasil,RORAIMA,CARACARAÍ,Amazônia
 1624009110 ,c1751f0d-ca0c-3564-80e1-3641d4980f28,    2.673870 ,  -60.884110 ,2023-03-20 17:41:00,Brasil,RORAIMA,BOA VISTA,Amazônia
 1624009111 ,fb0f86a1-57c2-3eb6-a61e-087000e9259b,    1.696090 ,  -60.841510 ,2023-03-20 17:41:00,Brasil,RORAIMA,CARACARAÍ,Amazônia
 1624009112 ,1986e733-f8ec-3b00-88e2-3d117a97fa15,    2.492830 ,  -61.300330 ,2023-03-20 17:41:00,Brasil,RORAIMA,MUCAJAÍ,Amazônia
 1624009114 ,cb9a58c8-de02-3764-9c35-b14562c8e228,     .650920 ,  -60.361470 ,2023-03-20 17:39:00,Brasil,RORAIMA,RORAINÓPOLIS,Amazônia
 1624009116 ,56f92ed0-af0a-32e1-a271-358da91d1960,    1.271260 ,  -60.074940 ,2023-03-20 17:41:00,Brasil,RORAIMA,CARACARAÍ,Amazônia
 1624009119 ,c3fd5246-530c-33f5-beea-bf0701c3780f,     .657450 ,  -60.622590 ,2023-03-20 17:39:00,Brasil,RORAIMA,RORAINÓPOLIS,Amazônia
 1624009122 ,5489a6dd-a7d7-3f92-895a-676037ea0557,     .678800 ,  -59.586980 ,2023-03-20 17:39:00,Brasil,RORAIMA,CAROEBE,Amazônia
 1624009126 ,53e5c9a4-56a0-3985-bf12-7042cc08287b,     .680100 ,  -59.577960 ,2023-03-20 17:39:00,Brasil,RORAIMA,CAROEBE,Amazônia
 1624009127 ,d6d90a18-ed1b-3872-9fa5-465bc318ad25,     .716270 ,  -60.347660 ,2023-03-20 17:39:00,Brasil,RORAIMA,RORAINÓPOLIS,Amazônia
 1624009129 ,fd053881-bfb3-3bda-9ee7-155923c8879a,     .750630 ,  -60.553890 ,2023-03-20 17:39:00,Brasil,RORAIMA,RORAINÓPOLIS,Amazônia
 1624009130 ,00d067a2-0ce2-36c2-8b9c-e191cd1876e3,     .774840 ,  -60.136050 ,2023-03-20 17:39:00,Brasil,RORAIMA,SÃO LUIZ,Amazônia
 1624009133 ,cf86ccab-377d-38b5-86be-80653015201e,     .775350 ,  -59.369270 ,2023-03-20 17:39:00,Brasil,RORAIMA,CAROEBE,Amazônia
 1624009134 ,4896f5da-1022-378a-83b9-d163d65db13d,    2.607720 ,  -60.261820 ,2023-03-20 17:41:00,Brasil,RORAIMA,BONFIM,Amazônia
 1624009135 ,c8303fba-188c-363f-a168-a0ec0670e828,     .847310 ,  -59.568560 ,2023-03-20 17:39:00,Brasil,RORAIMA,CAROEBE,Amazônia
 1624009137 ,6b901189-bb23-31a5-81d4-69c835d15063,     .871460 ,  -60.547710 ,2023-03-20 17:39:00,Brasil,RORAIMA,RORAINÓPOLIS,Amazônia
 1624009138 ,bc78382f-bfce-37e1-bee8-797548d60248,     .884870 ,  -60.520350 ,2023-03-20 17:39:00,Brasil,RORAIMA,RORAINÓPOLIS,Amazônia
 1624009141 ,03eb1f7f-9224-3a1e-9513-7896d533c86a,     .902700 ,  -59.509610 ,2023-03-20 17:39:00,Brasil,RORAIMA,CAROEBE,Amazônia
 1624009142 ,49d4cf79-f6ea-3023-b5e3-d3a99acaa714,    1.009210 ,  -60.236370 ,2023-03-20 17:39:00,Brasil,RORAIMA,SÃO LUIZ,Amazônia
 1624009144 ,5db8778d-69a5-3a3b-ab4f-5d57dc08e291,    1.024190 ,  -60.391920 ,2023-03-20 17:39:00,Brasil,RORAIMA,RORAINÓPOLIS,Amazônia
 1624009149 ,b9fcd99d-6043-376e-8711-97581006718e,    1.694690 ,  -60.851220 ,2023-03-20 17:41:00,Brasil,RORAIMA,CARACARAÍ,Amazônia
 1624009150 ,e17c8f99-df8e-3f4e-9d00-fd0a48289a46,    2.664640 ,  -60.882760 ,2023-03-20 17:41:00,Brasil,RORAIMA,BOA VISTA,Amazônia
 1624009165 ,670025b5-c166-351a-b239-5496f43073f8,    2.668470 ,  -60.100580 ,2023-03-20 17:41:00,Brasil,RORAIMA,BONFIM,Amazônia
 1624009174 ,9a619aec-905d-3373-b742-bd8a60c2ee57,    1.114880 ,  -59.442940 ,2023-03-20 17:39:00,Brasil,RORAIMA,CAROEBE,Amazônia
 1624009177 ,6b3aeaa7-11f7-37a1-a933-c7ad96db2536,    1.100860 ,  -59.413570 ,2023-03-20 17:39:00,Brasil,RORAIMA,CAROEBE,Amazônia
 1624009189 ,f8987f0c-d6fb-3dcf-ac33-3d0e62317353,    2.675260 ,  -60.874570 ,2023-03-20 17:41:00,Brasil,RORAIMA,BOA VISTA,Amazônia
 1624009204 ,c245a44a-6034-39a0-9fe5-2d853ad09503,    1.696550 ,  -60.772420 ,2023-03-20 17:41:00,Brasil,RORAIMA,CARACARAÍ,Amazônia
 1624009205 ,f8129d44-d67a-3aab-8032-6928286b2a3c,    2.816060 ,  -62.223800 ,2023-03-20 17:41:00,Brasil,RORAIMA,ALTO ALEGRE,Amazônia
 1624009220 ,a899ec6d-3a72-3142-86e0-3bb3099b9a10,    2.848450 ,  -60.129850 ,2023-03-20 17:41:00,Brasil,RORAIMA,BONFIM,Amazônia
 1624009232 ,58a20d2a-55d1-3f02-8463-873ee4367265,    1.295720 ,  -60.420350 ,2023-03-20 17:41:00,Brasil,RORAIMA,CARACARAÍ,Amazônia
 1624009236 ,3684da17-ef2e-3b49-a64b-26801c2f6934,    1.702640 ,  -60.838180 ,2023-03-20 17:41:00,Brasil,RORAIMA,CARACARAÍ,Amazônia
 1624009237 ,c462f62b-3115-3dec-bb10-3f43e2524f8f,    3.124140 ,  -60.701390 ,2023-03-20 17:41:00,Brasil,RORAIMA,BOA VISTA,Amazônia
 1624009252 ,040218c7-cda6-309c-8e2f-9ce1c2a1d7dd,    3.132190 ,  -60.328510 ,2023-03-20 17:41:00,Brasil,RORAIMA,BONFIM,Amazônia
 1624009267 ,e9eafa20-f98f-371f-9963-57a9723142de,    1.856130 ,  -60.300360 ,2023-03-20 17:41:00,Brasil,RORAIMA,CANTÁ,Amazônia
 1624009268 ,6b4d81ab-57ba-33f6-b959-ee2be2e9c018,    3.133510 ,  -60.319390 ,2023-03-20 17:41:00,Brasil,RORAIMA,BONFIM,Amazônia
 1624009283 ,cfe3201c-d3ff-3597-9f4c-ce32dc52b505,    3.144330 ,  -61.186620 ,2023-03-20 17:41:00,Brasil,RORAIMA,ALTO ALEGRE,Amazônia
 1624009295 ,8ba1d410-2e0e-3026-979a-05789e1c434b,    1.340040 ,  -60.047400 ,2023-03-20 17:41:00,Brasil,RORAIMA,CARACARAÍ,Amazônia
 1624009299 ,348e0ecf-31ae-3f01-99c7-590708aa5596,    1.878840 ,  -60.654800 ,2023-03-20 17:41:00,Brasil,RORAIMA,CARACARAÍ,Amazônia
 1624009300 ,c38fd83c-00b9-3219-a3e3-682a393e7e12,    3.301210 ,  -60.179980 ,2023-03-20 17:41:00,Brasil,RORAIMA,BONFIM,Amazônia
 1624009302 ,2d126a6e-2ed8-3697-9ab8-10affaae254c,    1.135430 ,  -59.363960 ,2023-03-20 17:39:00,Brasil,RORAIMA,CAROEBE,Amazônia
 1624009323 ,4238eb2f-2b2e-3d9d-8b52-212eaa18f78c,    3.302530 ,  -60.170950 ,2023-03-20 17:41:00,Brasil,RORAIMA,BONFIM,Amazônia
 1624009338 ,f0893ece-8656-3a86-ae1f-72435dea15f1,    1.880220 ,  -60.645310 ,2023-03-20 17:41:00,Brasil,RORAIMA,CARACARAÍ,Amazônia
 1624009339 ,947a07a3-4350-3d99-beb7-7bdd0d8092ca,    3.331590 ,  -59.845270 ,2023-03-20 17:41:00,Brasil,RORAIMA,BONFIM,Amazônia
 1624009354 ,9a7b70e5-8421-39c5-afb9-d4955f62ae98,    3.341820 ,  -59.837650 ,2023-03-20 17:41:00,Brasil,RORAIMA,BONFIM,Amazônia
 1624009366 ,b5b8b7cc-b553-3dc8-815b-4b1892bfe515,    1.341360 ,  -60.038200 ,2023-03-20 17:41:00,Brasil,RORAIMA,CARACARAÍ,Amazônia
 1624009370 ,be7ce4ca-b026-3f5b-8495-f06bf71b9470,    1.917680 ,  -60.822400 ,2023-03-20 17:41:00,Brasil,RORAIMA,CARACARAÍ,Amazônia
 1624009371 ,dee98ffb-bdfc-3133-b53a-d859ce921999,    3.422770 ,  -60.801330 ,2023-03-20 17:41:00,Brasil,RORAIMA,BOA VISTA,Amazônia
 1624009386 ,a1471022-ca6e-3c86-bd91-a0ca0f118863,    3.424130 ,  -60.791980 ,2023-03-20 17:41:00,Brasil,RORAIMA,BOA VISTA,Amazônia
 1624009401 ,04d52cc4-29b3-3948-80ac-ac8ecc0d299b,    1.919100 ,  -60.812750 ,2023-03-20 17:41:00,Brasil,RORAIMA,CARACARAÍ,Amazônia
 1624009402 ,48ffd0bc-6384-3e4a-91e7-fcdfb89dac62,    3.435990 ,  -60.774590 ,2023-03-20 17:41:00,Brasil,RORAIMA,BOA VISTA,Amazônia
 1624009417 ,3a4c3f15-f68a-3013-80a2-70d353534e72,    3.480030 ,  -60.534890 ,2023-03-20 17:41:00,Brasil,RORAIMA,BOA VISTA,Amazônia
 1624008731 ,852b8ae9-9d08-3aa2-9083-0830658ca139,    1.565540 ,  -60.468850 ,2023-03-20 17:41:00,Brasil,RORAIMA,CARACARAÍ,Amazônia
 1624008735 ,1f8ab92d-6a95-3c94-bb7f-febddf88ff8e,    2.101260 ,  -61.863620 ,2023-03-20 17:41:00,Brasil,RORAIMA,IRACEMA,Amazônia
 1624008736 ,b1f9bd38-f8a5-3762-b79f-15eb5a2409ab,    3.490420 ,  -60.527020 ,2023-03-20 17:41:00,Brasil,RORAIMA,BOA VISTA,Amazônia
 1624008738 ,8b3d220e-a209-3fd0-a208-e5bb978eae25,    1.189180 ,  -60.524960 ,2023-03-20 17:41:00,Brasil,RORAIMA,CARACARAÍ,Amazônia
 1624008741 ,2a44aa0f-dcf2-3279-b238-7c20cc909c5c,    1.109800 ,  -59.414860 ,2023-03-20 17:39:00,Brasil,RORAIMA,CAROEBE,Amazônia
 1624008753 ,43b0dc62-d6fd-3250-8005-458a0d9e5cfb,    3.651640 ,  -61.066070 ,2023-03-20 17:41:00,Brasil,RORAIMA,AMAJARI,Amazônia
 1624008768 ,bcae4c2b-9e61-3e33-9ef9-edeeaa5d5426,    2.103680 ,  -61.858500 ,2023-03-20 17:41:00,Brasil,RORAIMA,IRACEMA,Amazônia
 1624008769 ,8cb34068-5271-3444-aab0-c465b5d9a010,    3.756220 ,  -60.603530 ,2023-03-20 17:41:00,Brasil,RORAIMA,PACARAIMA,Amazônia
 1624008784 ,8af295be-1176-3e6b-aa62-032ac55938c1,    3.757550 ,  -60.594340 ,2023-03-20 17:41:00,Brasil,RORAIMA,PACARAIMA,Amazônia
 1624008796 ,815d0871-55a8-3381-bfbb-2829be21cf3a,    1.661710 ,  -60.816670 ,2023-03-20 17:41:00,Brasil,RORAIMA,CARACARAÍ,Amazônia
 1624008800 ,fff6ae8b-5fe3-3bea-a1b6-bf4fbd6cad39,    2.105300 ,  -61.847700 ,2023-03-20 17:41:00,Brasil,RORAIMA,IRACEMA,Amazônia
 1624008801 ,e6ed94e9-4044-3c12-8c76-dfbfc51176cc,    3.815120 ,  -59.628770 ,2023-03-20 17:41:00,Brasil,RORAIMA,NORMANDIA,Amazônia
 1624008816 ,256500e0-f3c9-39ee-917a-73bd8d011ccb,    3.876210 ,  -60.474360 ,2023-03-20 17:41:00,Brasil,RORAIMA,NORMANDIA,Amazônia
 1624008831 ,cf048868-9c74-3d4e-8c60-b9dd5462ffe8,    2.184110 ,  -59.882550 ,2023-03-20 17:41:00,Brasil,RORAIMA,BONFIM,Amazônia
 1624090430 ,796544db-bdcb-3ae1-8d7a-3535344c623b,    4.124000 ,  -60.712790 ,2023-03-21 18:24:00,Brasil,RORAIMA,PACARAIMA,Amazônia
 1624091059 ,24042f6a-0600-3dbd-82ac-d8f32a9a35f2,    2.679520 ,  -60.884590 ,2023-03-21 18:24:00,Brasil,RORAIMA,BOA VISTA,Amazônia
 1624091060 ,ef60aad6-a49d-34d0-999d-ca86d15db6e0,    2.687660 ,  -60.890750 ,2023-03-21 18:24:00,Brasil,RORAIMA,BOA VISTA,Amazônia
 1624091066 ,15196acb-ab72-3920-8660-2de534ddb098,    3.429250 ,  -60.842060 ,2023-03-21 18:24:00,Brasil,RORAIMA,BOA VISTA,Amazônia
 1624091070 ,fb62dc6f-e0fa-3736-87fd-24afa2c8cf99,    3.440620 ,  -60.814660 ,2023-03-21 18:24:00,Brasil,RORAIMA,BOA VISTA,Amazônia
 1624091073 ,1b887364-cde7-3549-958b-7fa9383f38a1,    3.445030 ,  -60.781460 ,2023-03-21 18:24:00,Brasil,RORAIMA,BOA VISTA,Amazônia
 1624091077 ,db432fe6-e542-35d4-a53b-12dfafecd018,    3.866140 ,  -61.039220 ,2023-03-21 18:24:00,Brasil,RORAIMA,AMAJARI,Amazônia
 1624186923 ,5c074658-63de-3b9a-8da0-b7e2983038f5,    2.869830 ,  -60.738700 ,2023-03-22 17:26:00,Brasil,RORAIMA,BOA VISTA,Amazônia
 1624186925 ,9d3403c1-f401-3162-b377-5c7dea1b892a,    2.872170 ,  -60.723500 ,2023-03-22 17:26:00,Brasil,RORAIMA,BOA VISTA,Amazônia
 1624186926 ,174eef19-e80c-3790-aac2-86d957a44df0,    2.872750 ,  -60.733800 ,2023-03-22 17:26:00,Brasil,RORAIMA,BOA VISTA,Amazônia
 1624186929 ,bc3d347e-7a29-3638-b8f4-641a199af5e1,    4.111420 ,  -59.988650 ,2023-03-22 17:26:00,Brasil,RORAIMA,NORMANDIA,Amazônia
 1624186953 ,c74db63f-0d0b-3417-be96-036af39899f8,     .569220 ,  -59.918750 ,2023-03-22 17:26:00,Brasil,RORAIMA,SÃO JOÃO DA BALIZA,Amazônia
 1624186970 ,46f4e8d7-0906-368c-ab28-be677f00c880,     .588670 ,  -60.552340 ,2023-03-22 17:26:00,Brasil,RORAIMA,RORAINÓPOLIS,Amazônia
 1624186973 ,41bbbfde-476e-313f-834c-7ebc25609bd9,    4.663350 ,  -60.279050 ,2023-03-22 17:28:00,Brasil,RORAIMA,UIRAMUTÃ,Amazônia
 1624186974 ,514a5376-8f3a-3211-a6bc-44c4f4cf9e26,    4.870620 ,  -60.519230 ,2023-03-22 17:28:00,Brasil,RORAIMA,UIRAMUTÃ,Amazônia
 1624186977 ,de5fd2ad-36d5-36d3-8ba9-876f5925c363,    4.965650 ,  -60.212590 ,2023-03-22 17:28:00,Brasil,RORAIMA,UIRAMUTÃ,Amazônia
 1624186978 ,91cc0f52-b4fb-31df-bd59-3df0bf1279ca,    5.092710 ,  -60.414510 ,2023-03-22 17:28:00,Brasil,RORAIMA,UIRAMUTÃ,Amazônia
 1624186985 ,03a424e4-2c4a-3f32-ad9f-e3cb4acef02d,     .593160 ,  -60.545930 ,2023-03-22 17:26:00,Brasil,RORAIMA,RORAINÓPOLIS,Amazônia
 1624187001 ,a995ae4d-3047-360e-b41d-b70d0ee648d6,     .757080 ,  -60.598390 ,2023-03-22 17:26:00,Brasil,RORAIMA,RORAINÓPOLIS,Amazônia
 1624187016 ,f0059fbc-288f-37c1-96a7-803ef4e35a40,     .773610 ,  -59.402000 ,2023-03-22 17:26:00,Brasil,RORAIMA,CAROEBE,Amazônia
 1624187033 ,bb4242c0-4333-31cb-9883-36d4f359e9cd,     .824660 ,  -59.277710 ,2023-03-22 17:26:00,Brasil,RORAIMA,CAROEBE,Amazônia
 1624187049 ,8f7ed2af-296e-3d25-8af1-746f44440b98,     .910100 ,  -60.022420 ,2023-03-22 17:26:00,Brasil,RORAIMA,SÃO JOÃO DA BALIZA,Amazônia
 1624187065 ,4287aaee-4ce2-37cb-b4ee-2dbc40e7e724,    1.080320 ,  -59.411060 ,2023-03-22 17:26:00,Brasil,RORAIMA,CAROEBE,Amazônia
 1624187080 ,efdf7a0b-a618-345c-bdfb-0a14ab20950b,    1.180520 ,  -59.977180 ,2023-03-22 17:26:00,Brasil,RORAIMA,CARACARAÍ,Amazônia
 1624187099 ,97d33a12-e484-3248-b929-82e9d1c601a0,    1.182600 ,  -59.963140 ,2023-03-22 17:26:00,Brasil,RORAIMA,CARACARAÍ,Amazônia
 1624187127 ,49eb59f2-635a-34e9-ba3e-24b758701861,    1.191610 ,  -59.978840 ,2023-03-22 17:26:00,Brasil,RORAIMA,CARACARAÍ,Amazônia
 1624187150 ,89fea3f4-aa0a-3b88-929b-0101a0d00f10,    1.193680 ,  -59.964760 ,2023-03-22 17:26:00,Brasil,RORAIMA,CARACARAÍ,Amazônia
 1624187165 ,6c26d6a5-d753-3b5f-bac9-6a2f1a4817c3,    1.314700 ,  -60.690850 ,2023-03-22 17:26:00,Brasil,RORAIMA,CARACARAÍ,Amazônia
 1624187180 ,2a1dcfd7-4333-3132-aa2b-dd235fd6e7dc,    1.317110 ,  -60.674950 ,2023-03-22 17:26:00,Brasil,RORAIMA,CARACARAÍ,Amazônia
 1624187196 ,c8e34e54-0d77-3231-ae70-234335be051a,    1.319000 ,  -60.684720 ,2023-03-22 17:26:00,Brasil,RORAIMA,CARACARAÍ,Amazônia
 1624187206 ,3c22b847-5c01-3d16-b6b6-838d8d42cd8e,    1.674980 ,  -60.817690 ,2023-03-22 17:26:00,Brasil,RORAIMA,CARACARAÍ,Amazônia
 1624187214 ,840535a5-db4b-3ac7-8d91-4d86ff5a35c2,    1.776740 ,  -60.375130 ,2023-03-22 17:26:00,Brasil,RORAIMA,CANTÁ,Amazônia
 1624187221 ,74f68091-e94d-33d4-9d45-fb1b63096ea1,    1.803260 ,  -60.273730 ,2023-03-22 17:26:00,Brasil,RORAIMA,CARACARAÍ,Amazônia
 1624187230 ,febda1fc-1b9c-3de0-a0bb-75bd4af21075,    1.805400 ,  -60.259200 ,2023-03-22 17:26:00,Brasil,RORAIMA,CARACARAÍ,Amazônia
 1624187237 ,25dcb1e4-163d-3c63-945b-74ed9d389e01,    1.838300 ,  -60.419560 ,2023-03-22 17:26:00,Brasil,RORAIMA,CANTÁ,Amazônia
 1624187245 ,914259fe-447a-321a-b166-7f0300c592d6,    2.018960 ,  -60.675690 ,2023-03-22 17:26:00,Brasil,RORAIMA,CANTÁ,Amazônia
 1624187253 ,ed29f1c6-2bae-3d2c-8c48-4d09499c9b5f,    2.260460 ,  -60.208690 ,2023-03-22 17:26:00,Brasil,RORAIMA,CANTÁ,Amazônia
 1624187262 ,85e63e04-2a6a-3326-ae59-9ec824d0b2bf,    2.358410 ,  -61.920520 ,2023-03-22 17:26:00,Brasil,RORAIMA,MUCAJAÍ,Amazônia
 1624187269 ,3e53b4de-de34-3398-a5bf-1b5a15dbf458,    2.438520 ,  -60.247750 ,2023-03-22 17:26:00,Brasil,RORAIMA,CANTÁ,Amazônia
 1624187280 ,42bf557b-0e8c-371b-8ae8-1b3380a0bf85,    2.495520 ,  -61.625550 ,2023-03-22 17:26:00,Brasil,RORAIMA,MUCAJAÍ,Amazônia
 1624307720 ,c04d95a1-480b-38da-9ef7-d77660b21425,    3.454860 ,  -60.804990 ,2023-03-23 18:09:00,Brasil,RORAIMA,BOA VISTA,Amazônia
 1624307828 ,e349b51e-59e6-3e2a-b688-40a2826d8cd9,    3.457240 ,  -60.787370 ,2023-03-23 18:09:00,Brasil,RORAIMA,BOA VISTA,Amazônia
 1624307891 ,a765759d-d65d-3ae8-a0d8-e14a44b3c531,    3.462920 ,  -60.798890 ,2023-03-23 18:09:00,Brasil,RORAIMA,BOA VISTA,Amazônia
 1624308183 ,b82b3511-22ca-3f08-9651-d2bedfb1ecd5,    1.181240 ,  -60.772010 ,2023-03-23 18:09:00,Brasil,RORAIMA,CARACARAÍ,Amazônia
 1624308240 ,094f67b1-51e9-3ba5-a965-f96fbb862a18,    3.577010 ,  -60.663940 ,2023-03-23 18:09:00,Brasil,RORAIMA,PACARAIMA,Amazônia
 1624308303 ,6f22cf0d-d524-32bf-afc1-4c03b6759c13,    3.723040 ,  -60.169940 ,2023-03-23 18:09:00,Brasil,RORAIMA,NORMANDIA,Amazônia
 1624308310 ,666bf407-9015-3c82-b12d-7fcd404a09ae,    1.187380 ,  -60.767260 ,2023-03-23 18:09:00,Brasil,RORAIMA,CARACARAÍ,Amazônia
 1624308368 ,fe0a0b0f-1bdc-3257-aa63-e406738bb2e2,    3.872620 ,  -61.274090 ,2023-03-23 18:09:00,Brasil,RORAIMA,AMAJARI,Amazônia
 1624308431 ,6f19a4f1-f17e-3214-9556-cc0865e736c7,    4.798580 ,  -60.621140 ,2023-03-23 18:09:00,Brasil,RORAIMA,UIRAMUTÃ,Amazônia
 1624308624 ,0405620b-35c2-3ff6-a41e-779dfd90efba,    1.922560 ,  -60.623290 ,2023-03-23 18:09:00,Brasil,RORAIMA,CANTÁ,Amazônia
 1624308641 ,73385de9-9520-33d4-8401-7883fa9f4b6a,    -.119470 ,  -60.669500 ,2023-03-23 18:09:00,Brasil,RORAIMA,RORAINÓPOLIS,Amazônia
 1624308661 ,d83019d3-4262-3776-8fdf-f8593e29f20a,    3.238510 ,  -60.737220 ,2023-03-23 18:09:00,Brasil,RORAIMA,BOA VISTA,Amazônia
 1624444717 ,37f97070-45f2-3d9c-ba3c-0a32fc0f51c3,    2.398280 ,  -61.594320 ,2023-03-24 17:13:00,Brasil,RORAIMA,IRACEMA,Amazônia
 1624444749 ,5211663b-23cc-35ee-9305-6b08c1bfd479,    2.531680 ,  -60.540000 ,2023-03-24 17:13:00,Brasil,RORAIMA,CANTÁ,Amazônia
 1624444781 ,10752b60-636f-3829-9c42-20644910fb47,    2.535040 ,  -60.518930 ,2023-03-24 17:13:00,Brasil,RORAIMA,CANTÁ,Amazônia
 1624444814 ,8a37001c-8a58-389c-8901-ee7845e5d941,    3.186040 ,  -59.931520 ,2023-03-24 17:13:00,Brasil,RORAIMA,BONFIM,Amazônia
 1624444828 ,02c4f0a0-7171-39d2-9927-069f4a483a25,    3.176150 ,  -59.937260 ,2023-03-24 17:13:00,Brasil,RORAIMA,BONFIM,Amazônia
 1624444874 ,441058e7-a11a-31d5-922f-bd77bc806ff5,    3.179970 ,  -59.913100 ,2023-03-24 17:13:00,Brasil,RORAIMA,BONFIM,Amazônia
 1624444909 ,ddbc4945-0dc4-30d8-adf2-187ff2c1e957,    3.456020 ,  -59.869550 ,2023-03-24 17:13:00,Brasil,RORAIMA,BONFIM,Amazônia
 1624444941 ,578bde1c-fbc4-3b38-b904-0f41a156ad4c,    3.464120 ,  -59.851480 ,2023-03-24 17:13:00,Brasil,RORAIMA,BONFIM,Amazônia
 1624444972 ,e2eab66b-3f3c-3590-b2f4-1c430d72d934,    3.743370 ,  -60.588010 ,2023-03-24 17:13:00,Brasil,RORAIMA,PACARAIMA,Amazônia
 1624445004 ,78ac87f9-dbc1-3e6f-a4d8-06a0feff8589,    4.638590 ,  -60.327500 ,2023-03-24 17:13:00,Brasil,RORAIMA,UIRAMUTÃ,Amazônia
 1624445036 ,ccb03381-3abb-322e-a991-07dd0cabe18a,    4.751540 ,  -60.774070 ,2023-03-24 17:13:00,Brasil,RORAIMA,PACARAIMA,Amazônia
 1624445068 ,97e1baf2-df48-3fae-97db-36649e4e0bc2,    4.751750 ,  -60.778650 ,2023-03-24 17:13:00,Brasil,RORAIMA,PACARAIMA,Amazônia
 1624577033 ,f8bdf8ae-7887-3d28-a738-7a55d5618313,    1.682870 ,  -60.810720 ,2023-03-25 17:54:00,Brasil,RORAIMA,CARACARAÍ,Amazônia
 1624577201 ,1d2aae59-9244-3a54-a6d7-c7b20cd3acbd,    1.684270 ,  -60.800980 ,2023-03-25 17:54:00,Brasil,RORAIMA,CARACARAÍ,Amazônia
 1624577202 ,f1b7f5db-0467-3837-a8d0-2555725f9dd1,    1.771130 ,  -60.898510 ,2023-03-25 17:54:00,Brasil,RORAIMA,CARACARAÍ,Amazônia
 1624577204 ,7441d04b-5937-3b19-9a19-073aef865d49,    1.772530 ,  -60.888800 ,2023-03-25 17:54:00,Brasil,RORAIMA,CARACARAÍ,Amazônia
 1624577205 ,ca3bc209-af6d-3e72-8e5a-29163877fd1d,    2.035490 ,  -61.426090 ,2023-03-25 17:54:00,Brasil,RORAIMA,IRACEMA,Amazônia
 1624577208 ,65acaedf-21b2-3882-9a0b-6bebb23ab7f1,    2.036820 ,  -61.416740 ,2023-03-25 17:54:00,Brasil,RORAIMA,IRACEMA,Amazônia
 1624577210 ,38dfd7ba-8ea0-3bb1-b4fd-af138c48d94a,    2.106740 ,  -60.624080 ,2023-03-25 17:54:00,Brasil,RORAIMA,CANTÁ,Amazônia
 1624577212 ,55cd685b-5def-3048-a3b7-02b1330d058a,    3.851550 ,  -60.956700 ,2023-03-25 17:56:00,Brasil,RORAIMA,AMAJARI,Amazônia
 1624577213 ,5d0f7ef5-fae7-3bb4-8f81-c446ceac1dbf,    3.996210 ,  -60.144230 ,2023-03-25 17:56:00,Brasil,RORAIMA,NORMANDIA,Amazônia
 1624577216 ,9203ba67-648e-3de2-b947-32caa9ce1435,    3.842080 ,  -60.955350 ,2023-03-25 17:56:00,Brasil,RORAIMA,AMAJARI,Amazônia
 1624577227 ,31d27161-6404-33b2-92c3-c9893cabe172,    4.123650 ,  -59.961300 ,2023-03-25 17:56:00,Brasil,RORAIMA,NORMANDIA,Amazônia
 1624577228 ,a80cc526-fe1c-3bbd-873a-d0c3441b0c76,    4.136930 ,  -60.015030 ,2023-03-25 17:56:00,Brasil,RORAIMA,NORMANDIA,Amazônia
 1624577231 ,93a04e5a-23ac-362d-84bd-60107ace21da,    4.137490 ,  -60.008320 ,2023-03-25 17:56:00,Brasil,RORAIMA,NORMANDIA,Amazônia
 1624577232 ,7097246c-a8cd-3d42-89c7-54aad3f02462,    4.262710 ,  -59.838080 ,2023-03-25 17:56:00,Brasil,RORAIMA,UIRAMUTÃ,Amazônia
 1624577234 ,ffd75349-d489-3ef1-93df-070eeac57e09,    4.264830 ,  -60.564320 ,2023-03-25 17:56:00,Brasil,RORAIMA,PACARAIMA,Amazônia
 1624577690 ,9a77a7d4-461f-31cf-819b-209cfc168ce7,    4.440880 ,  -59.802500 ,2023-03-25 17:56:00,Brasil,RORAIMA,UIRAMUTÃ,Amazônia
 1624577691 ,38599d23-2a3e-31e9-930e-ab64e06a2f24,    4.906220 ,  -60.502380 ,2023-03-25 17:56:00,Brasil,RORAIMA,UIRAMUTÃ,Amazônia
 1624808476 ,a1b0ee42-753b-382b-bf36-ddd34ea18f01,    4.155170 ,  -59.960740 ,2023-03-27 17:41:00,Brasil,RORAIMA,NORMANDIA,Amazônia
 1624808482 ,edc73fae-b5e0-3efa-87f3-5686eee76d1e,    4.238830 ,  -59.834560 ,2023-03-27 17:41:00,Brasil,RORAIMA,UIRAMUTÃ,Amazônia
 1624808495 ,fe237044-8615-3c89-bc4d-ca0420b82896,     .683380 ,  -60.529270 ,2023-03-27 17:41:00,Brasil,RORAIMA,RORAINÓPOLIS,Amazônia
 1624808499 ,5c4d0896-0578-35ce-9359-56a5eff6f957,    1.242810 ,  -60.417380 ,2023-03-27 17:41:00,Brasil,RORAIMA,CARACARAÍ,Amazônia
 1624808503 ,06c88953-159a-3bad-bbf0-5f2b2bdec6bf,    1.641560 ,  -60.208520 ,2023-03-27 17:41:00,Brasil,RORAIMA,CARACARAÍ,Amazônia
 1624808506 ,148e6daa-97dd-32bc-93ae-cbc9e72f8581,    1.645530 ,  -60.181180 ,2023-03-27 17:41:00,Brasil,RORAIMA,CARACARAÍ,Amazônia
 1624808510 ,a87c6374-2bc6-3389-b2ea-ccf545c1a1cf,    3.279180 ,  -59.899050 ,2023-03-27 17:41:00,Brasil,RORAIMA,BONFIM,Amazônia
 1624808515 ,f3c60c85-24de-3fff-b722-bb4965e2acad,    3.301540 ,  -59.881520 ,2023-03-27 17:41:00,Brasil,RORAIMA,BONFIM,Amazônia
 1624808519 ,1a184191-678d-3335-a633-cd3247c160bf,    3.478420 ,  -59.858560 ,2023-03-27 17:41:00,Brasil,RORAIMA,BONFIM,Amazônia
 1624808568 ,8677009a-c217-3cb7-844f-5369877ae85e,    3.782580 ,  -59.737030 ,2023-03-27 17:41:00,Brasil,RORAIMA,NORMANDIA,Amazônia
 1624809184 ,900b7d83-0405-3ef8-b2ae-dd6bc3ccb3bc,    1.772360 ,  -61.010720 ,2023-03-27 17:41:00,Brasil,RORAIMA,CARACARAÍ,Amazônia
 1624809194 ,6a106ab9-1164-3c1c-87a7-47ab29c5393f,    1.957810 ,  -60.761630 ,2023-03-27 17:41:00,Brasil,RORAIMA,CARACARAÍ,Amazônia
 1624809201 ,7b141e3b-5e7a-3382-8ace-76ce38e8db6f,    1.959170 ,  -60.752170 ,2023-03-27 17:41:00,Brasil,RORAIMA,CANTÁ,Amazônia
 1624809209 ,b8d559b4-0f41-3da5-8624-81a19f5e3fce,    1.965570 ,  -60.514690 ,2023-03-27 17:41:00,Brasil,RORAIMA,CANTÁ,Amazônia
 1624809216 ,1e78b5e4-6a43-3584-9f12-6f7137277b6a,    1.994180 ,  -61.516570 ,2023-03-27 17:41:00,Brasil,RORAIMA,CARACARAÍ,Amazônia
 1624809225 ,09a62572-7ed8-3924-b9ac-71cef6a26b0e,    2.058030 ,  -61.573040 ,2023-03-27 17:41:00,Brasil,RORAIMA,IRACEMA,Amazônia
 1624809232 ,fdeb4603-d840-3399-9543-e0092552f1d8,    2.059530 ,  -61.562870 ,2023-03-27 17:41:00,Brasil,RORAIMA,IRACEMA,Amazônia
 1624809240 ,d5b1b8c7-cfed-3733-a094-76c93230acff,    2.069050 ,  -61.564250 ,2023-03-27 17:41:00,Brasil,RORAIMA,IRACEMA,Amazônia
 1624809248 ,eb361621-b7f7-330a-a301-9af5694d625c,    2.079040 ,  -61.263760 ,2023-03-27 17:41:00,Brasil,RORAIMA,IRACEMA,Amazônia
 1624809257 ,bfe5f20e-f995-3fc2-9b2b-2ec60cb24874,    2.083600 ,  -61.270020 ,2023-03-27 17:41:00,Brasil,RORAIMA,IRACEMA,Amazônia
 1624809264 ,6fb0fe2f-e8b0-3dd7-8fd7-6f7601e64f58,    2.418740 ,  -61.197960 ,2023-03-27 17:41:00,Brasil,RORAIMA,MUCAJAÍ,Amazônia
 1624809272 ,087bfccb-5c16-3fea-85b8-00a37ffc21d2,    2.530720 ,  -61.319710 ,2023-03-27 17:41:00,Brasil,RORAIMA,MUCAJAÍ,Amazônia
 1624809279 ,36bea092-0759-34e3-86cb-034a606f3955,    2.919190 ,  -60.921090 ,2023-03-27 17:41:00,Brasil,RORAIMA,BOA VISTA,Amazônia
 1624809288 ,7e5eeacc-3810-3226-91d8-040d5c1cf348,    2.921060 ,  -61.037090 ,2023-03-27 17:41:00,Brasil,RORAIMA,ALTO ALEGRE,Amazônia
 1624809295 ,2dc22093-acc2-3216-b712-2c3d5de80378,    2.924500 ,  -60.693460 ,2023-03-27 17:41:00,Brasil,RORAIMA,BOA VISTA,Amazônia
 1624809303 ,97530711-237b-3e7c-b0ee-401c06af54ad,    2.928350 ,  -60.922430 ,2023-03-27 17:41:00,Brasil,RORAIMA,BOA VISTA,Amazônia
 1624809311 ,3189f7f6-0ad6-397e-a370-71b14910e337,    2.929710 ,  -60.913030 ,2023-03-27 17:41:00,Brasil,RORAIMA,BOA VISTA,Amazônia
 1624809320 ,00571fff-cff0-344d-9ec0-c76c299e3496,    2.930260 ,  -61.038440 ,2023-03-27 17:41:00,Brasil,RORAIMA,ALTO ALEGRE,Amazônia
 1624809327 ,2e59dff8-7621-3dc0-ae59-cf88f74e6011,    2.931080 ,  -60.903640 ,2023-03-27 17:41:00,Brasil,RORAIMA,BOA VISTA,Amazônia
 1624809335 ,84dc5741-df2c-3660-8b57-54d142650769,    2.932440 ,  -60.894260 ,2023-03-27 17:41:00,Brasil,RORAIMA,BOA VISTA,Amazônia
 1624809342 ,53e9d027-29ba-3911-b9bd-89f015498630,    2.935170 ,  -60.875520 ,2023-03-27 17:41:00,Brasil,RORAIMA,BOA VISTA,Amazônia
 1624809351 ,392ef118-a4e2-39c2-9fcb-0c22a011c75a,    2.936530 ,  -60.866160 ,2023-03-27 17:41:00,Brasil,RORAIMA,BOA VISTA,Amazônia
 1624809358 ,85520a8b-c01f-3225-bcba-8e1e7dbee167,    2.937890 ,  -60.856810 ,2023-03-27 17:41:00,Brasil,RORAIMA,BOA VISTA,Amazônia
 1624809366 ,4007f8f0-c53c-3ab9-b9b0-d1a1cc327f78,    2.944310 ,  -60.876870 ,2023-03-27 17:41:00,Brasil,RORAIMA,BOA VISTA,Amazônia
 1624809373 ,6c4bdfbc-8626-3a11-8172-f3028ef25b0c,    2.980350 ,  -60.692200 ,2023-03-27 17:41:00,Brasil,RORAIMA,BOA VISTA,Amazônia
 1624809382 ,73c5ed16-c879-31b1-976c-813751898520,    2.981690 ,  -60.682960 ,2023-03-27 17:41:00,Brasil,RORAIMA,BOA VISTA,Amazônia
 1624809389 ,49d2e4b9-4cdb-3cfb-a2bb-4e49706cbdd7,    3.307100 ,  -60.661030 ,2023-03-27 17:41:00,Brasil,RORAIMA,BOA VISTA,Amazônia
 1624809397 ,710c909c-65bd-3aa6-835f-22a095f0c319,    3.355030 ,  -60.649330 ,2023-03-27 17:41:00,Brasil,RORAIMA,BOA VISTA,Amazônia
 1624809404 ,6bec42d3-055c-3932-857d-720afc2f4175,    3.594510 ,  -60.015010 ,2023-03-27 17:41:00,Brasil,RORAIMA,NORMANDIA,Amazônia
 1624809412 ,3e0bf0e0-85f7-3654-b1ca-078cb62b4476,    3.841700 ,  -60.472870 ,2023-03-27 17:41:00,Brasil,RORAIMA,NORMANDIA,Amazônia
 1624809419 ,cd371cbb-db52-30a7-8196-d36549ec5ee2,    4.122110 ,  -59.937780 ,2023-03-27 17:41:00,Brasil,RORAIMA,NORMANDIA,Amazônia
 1624809429 ,d029f6c0-1258-37a7-8ce8-bba1da08ac97,    4.139920 ,  -59.940380 ,2023-03-27 17:41:00,Brasil,RORAIMA,NORMANDIA,Amazônia
 1625082071 ,f9fd81a5-28f7-390b-9920-d5c6cbb1bbfb,     .650040 ,  -59.534440 ,2023-03-29 17:26:00,Brasil,RORAIMA,CAROEBE,Amazônia
 1625082072 ,34ec514a-b389-302d-a260-e46b12e3eb3f,     .805780 ,  -60.282630 ,2023-03-29 17:28:00,Brasil,RORAIMA,RORAINÓPOLIS,Amazônia
 1625082074 ,1445a0c8-536c-3b05-8aaf-14e96c3f49a5,    1.021010 ,  -59.767550 ,2023-03-29 17:28:00,Brasil,RORAIMA,SÃO JOÃO DA BALIZA,Amazônia
 1625082075 ,4b1aba07-b3cf-34e1-9d3d-6f2532a7a88d,    1.224220 ,  -60.089590 ,2023-03-29 17:28:00,Brasil,RORAIMA,CARACARAÍ,Amazônia
 1625082078 ,999298b5-63c6-3181-a2df-70b5733d6fc0,    1.732810 ,  -61.298790 ,2023-03-29 17:28:00,Brasil,RORAIMA,CARACARAÍ,Amazônia
 1625082083 ,d61b4e4a-e714-3b5e-bb20-a3bbd7a7b7ae,    1.911110 ,  -60.800880 ,2023-03-29 17:28:00,Brasil,RORAIMA,CARACARAÍ,Amazônia
 1625082086 ,c31c3ef3-4c18-397a-b26a-f3767a7854df,    1.913410 ,  -60.785470 ,2023-03-29 17:28:00,Brasil,RORAIMA,CARACARAÍ,Amazônia
 1625082090 ,9396c329-e17c-30d6-95b1-6c789529a682,    2.077310 ,  -60.232370 ,2023-03-29 17:28:00,Brasil,RORAIMA,BONFIM,Amazônia
 1625082094 ,4feb2801-0341-3a69-80be-72dca28ef786,    2.170860 ,  -60.070520 ,2023-03-29 17:28:00,Brasil,RORAIMA,BONFIM,Amazônia
 1625082098 ,1d14bdb7-20bf-3993-951d-40b29c76badd,    2.176400 ,  -60.566190 ,2023-03-29 17:28:00,Brasil,RORAIMA,CANTÁ,Amazônia
 1625082101 ,91d0d5d8-d1e1-32c4-b6d2-ddef0386ba65,    2.181700 ,  -60.072120 ,2023-03-29 17:28:00,Brasil,RORAIMA,BONFIM,Amazônia
 1625082106 ,a78604e9-086e-36c0-8168-406f5f1bd2e7,    2.285050 ,  -60.528960 ,2023-03-29 17:28:00,Brasil,RORAIMA,CANTÁ,Amazônia
 1625082139 ,76d8c139-d9e7-30bc-98a9-e9947e130275,     .644150 ,  -60.592940 ,2023-03-29 17:26:00,Brasil,RORAIMA,RORAINÓPOLIS,Amazônia
 1625082171 ,6f1e49ca-b07d-33d2-8ca9-4dfce84e63bd,     .646470 ,  -60.577350 ,2023-03-29 17:26:00,Brasil,RORAIMA,RORAINÓPOLIS,Amazônia
 1625082202 ,362b99c9-e870-3a6a-aef6-0d490ba6ec94,    2.287620 ,  -60.741100 ,2023-03-29 17:28:00,Brasil,RORAIMA,CANTÁ,Amazônia
 1625082230 ,18ed2dd8-056c-31fa-9deb-a23d0c1e172b,    2.639690 ,  -60.089360 ,2023-03-29 17:28:00,Brasil,RORAIMA,BONFIM,Amazônia
 1625082258 ,13080163-8963-38ba-a298-06a47416ec04,    2.641700 ,  -60.076080 ,2023-03-29 17:28:00,Brasil,RORAIMA,BONFIM,Amazônia
 1625082275 ,7a6e4fbe-7318-31ca-a02a-86087ca529ec,    2.939490 ,  -61.059020 ,2023-03-29 17:28:00,Brasil,RORAIMA,ALTO ALEGRE,Amazônia
 1625082284 ,2e729698-c543-3a42-8703-a31e3be9e1f8,    2.941120 ,  -61.069970 ,2023-03-29 17:28:00,Brasil,RORAIMA,ALTO ALEGRE,Amazônia
 1625082296 ,6c25d335-70d3-3bb5-9b07-3c696f6a7479,    3.187020 ,  -60.193910 ,2023-03-29 17:28:00,Brasil,RORAIMA,BONFIM,Amazônia
 1625622990 ,b2c29720-010c-3ce2-a935-031f21d05ca9,     .919020 ,  -60.527190 ,2023-04-03 17:41:00,Brasil,RORAIMA,RORAINÓPOLIS,Amazônia
 1625622999 ,5ad0f67c-a3b1-3099-9ab7-e2af11bf9119,    1.144920 ,  -60.242910 ,2023-04-03 17:41:00,Brasil,RORAIMA,CARACARAÍ,Amazônia
 1625623006 ,619ded08-fc92-3eb1-beff-b0acc2207956,    1.146250 ,  -60.233800 ,2023-04-03 17:41:00,Brasil,RORAIMA,CARACARAÍ,Amazônia
 1625623014 ,3e7b0916-ca5c-3010-bfa4-13a411186ca2,    1.151010 ,  -60.327830 ,2023-04-03 17:41:00,Brasil,RORAIMA,CARACARAÍ,Amazônia
 1625623021 ,b6ebcab0-f3ff-32a7-b3f7-aa2f0f89d55a,    1.170950 ,  -60.190880 ,2023-04-03 17:41:00,Brasil,RORAIMA,CARACARAÍ,Amazônia
 1625623030 ,e3ec905e-4087-3456-b3f9-af176cb0725a,    1.511350 ,  -60.320620 ,2023-04-03 17:41:00,Brasil,RORAIMA,CARACARAÍ,Amazônia
 1625623037 ,1a1b12f2-0b6d-3456-ac70-517d14534dbe,    1.695660 ,  -60.832790 ,2023-04-03 17:41:00,Brasil,RORAIMA,CARACARAÍ,Amazônia
 1625623045 ,d472e777-0f98-3684-bed5-c1e66b2ef2c6,    1.703780 ,  -60.776330 ,2023-04-03 17:41:00,Brasil,RORAIMA,CARACARAÍ,Amazônia
 1625623052 ,e47a9bd5-8f99-33db-80a2-d9e267bbfad3,    1.769530 ,  -60.955610 ,2023-04-03 17:41:00,Brasil,RORAIMA,CARACARAÍ,Amazônia
 1625623065 ,95d6b0d7-974f-30e5-9948-34e28208f4cb,    1.797610 ,  -60.946740 ,2023-04-03 17:41:00,Brasil,RORAIMA,CARACARAÍ,Amazônia
 1625623067 ,3ed4446a-7a9e-328b-8d9c-ea272b4d9883,    5.139550 ,  -60.518370 ,2023-04-03 17:43:00,Brasil,RORAIMA,UIRAMUTÃ,Amazônia
 1625623069 ,a3affda0-247b-363f-8669-52cb6cc737ac,    1.808200 ,  -60.938590 ,2023-04-03 17:41:00,Brasil,RORAIMA,CARACARAÍ,Amazônia
 1625623074 ,0dde0f5d-9513-3ec8-8783-b4d7b07fd2bb,    1.950230 ,  -60.849350 ,2023-04-03 17:41:00,Brasil,RORAIMA,CARACARAÍ,Amazônia
 1625623078 ,702fc2a0-9380-3fd9-b259-fe0770d41751,    1.998090 ,  -61.459640 ,2023-04-03 17:41:00,Brasil,RORAIMA,CARACARAÍ,Amazônia
 1625623082 ,c905711f-5fd0-34f0-b30b-7f78d6ae3667,    2.006030 ,  -61.470960 ,2023-04-03 17:41:00,Brasil,RORAIMA,CARACARAÍ,Amazônia
 1625623086 ,1085068a-337c-3075-9b79-372a6c2d19a6,    2.007490 ,  -61.461040 ,2023-04-03 17:41:00,Brasil,RORAIMA,CARACARAÍ,Amazônia
 1625623089 ,94166371-50d5-3bfe-b982-696a6681fbcc,    2.269550 ,  -60.239070 ,2023-04-03 17:41:00,Brasil,RORAIMA,CANTÁ,Amazônia
 1625623094 ,2eaca2f0-c936-3898-82ae-563576a251ee,    2.279700 ,  -60.989270 ,2023-04-03 17:41:00,Brasil,RORAIMA,MUCAJAÍ,Amazônia
 1625623099 ,07dad877-7b44-3274-9d52-b11d7a429d79,    2.281070 ,  -60.979830 ,2023-04-03 17:41:00,Brasil,RORAIMA,MUCAJAÍ,Amazônia
 1625623103 ,ecb12283-4c9a-3661-86d7-2421d4e9c562,    2.316180 ,  -61.735580 ,2023-04-03 17:41:00,Brasil,RORAIMA,IRACEMA,Amazônia
 1625623106 ,be336fb8-aa8c-3f6c-92ee-46275b802c63,    2.465200 ,  -61.681600 ,2023-04-03 17:43:00,Brasil,RORAIMA,MUCAJAÍ,Amazônia
 1625623110 ,008095e2-d67f-3ab9-9217-df3c04f276fd,    2.466660 ,  -61.671540 ,2023-04-03 17:43:00,Brasil,RORAIMA,MUCAJAÍ,Amazônia
 1625623114 ,7b62a86c-5be0-3c80-9536-6f69e1dddbc8,    2.502250 ,  -61.625560 ,2023-04-03 17:43:00,Brasil,RORAIMA,MUCAJAÍ,Amazônia
 1625623118 ,e20d493d-6c5a-3534-b967-204e64495339,    2.503700 ,  -61.615530 ,2023-04-03 17:43:00,Brasil,RORAIMA,MUCAJAÍ,Amazônia
 1625623121 ,844edf7a-97ae-351e-8186-421daef2985d,    2.925880 ,  -61.288340 ,2023-04-03 17:43:00,Brasil,RORAIMA,ALTO ALEGRE,Amazônia
 1625623125 ,fab01877-26cb-398e-a969-59c73ec58032,    2.995130 ,  -61.396820 ,2023-04-03 17:43:00,Brasil,RORAIMA,ALTO ALEGRE,Amazônia
 1625623130 ,319aa0fb-9b12-388e-86a2-da868188a5c9,    2.996520 ,  -61.387160 ,2023-04-03 17:43:00,Brasil,RORAIMA,ALTO ALEGRE,Amazônia
 1625623134 ,40a45251-89f8-3ab7-8592-848f599b2e17,    3.002830 ,  -61.394610 ,2023-04-03 17:43:00,Brasil,RORAIMA,ALTO ALEGRE,Amazônia
 1625623137 ,cff0eb37-b241-34b7-b56d-25faf101832b,    3.394800 ,  -59.841390 ,2023-04-03 17:43:00,Brasil,RORAIMA,BONFIM,Amazônia
 1625623141 ,8afe7147-f2e8-3ef0-b4a7-ef03ae4c8715,    4.097790 ,  -61.349370 ,2023-04-03 17:43:00,Brasil,RORAIMA,AMAJARI,Amazônia
 1625623145 ,95b370cd-ed07-3d9f-bd4e-c0c3486cd354,    4.301170 ,  -60.007470 ,2023-04-03 17:43:00,Brasil,RORAIMA,UIRAMUTÃ,Amazônia
 1625623149 ,6707e504-0a9c-381a-928e-67b602318bd0,    4.403930 ,  -61.211900 ,2023-04-03 17:43:00,Brasil,RORAIMA,PACARAIMA,Amazônia
 1625623152 ,66aa8ac1-e037-364b-8718-bb57c273754e,    4.475430 ,  -61.094960 ,2023-04-03 17:43:00,Brasil,RORAIMA,PACARAIMA,Amazônia
 1625623157 ,6b515225-2325-3b67-86ed-ec47a381db43,    4.476770 ,  -61.085800 ,2023-04-03 17:43:00,Brasil,RORAIMA,PACARAIMA,Amazônia
 1625623534 ,016e5462-2d4e-3981-98fd-ada27051fd79,    5.138260 ,  -60.527280 ,2023-04-03 17:43:00,Brasil,RORAIMA,UIRAMUTÃ,Amazônia
 1625623820 ,e50197db-9800-3bbb-9f1a-80baef6d62c3,     .658380 ,  -60.671970 ,2023-04-03 17:41:00,Brasil,RORAIMA,RORAINÓPOLIS,Amazônia
 1625623827 ,a8639658-7941-3868-81c8-4b6110442707,     .754080 ,  -60.586620 ,2023-04-03 17:41:00,Brasil,RORAIMA,RORAINÓPOLIS,Amazônia
 1625623835 ,fb819288-9388-3ecb-b4a6-89058d391d72,     .845630 ,  -60.146980 ,2023-04-03 17:41:00,Brasil,RORAIMA,SÃO LUIZ,Amazônia
 1625774553 ,a3cf62ff-b5c3-3c37-a359-df82f4495665,    3.789780 ,  -61.148740 ,2023-04-04 18:24:00,Brasil,RORAIMA,AMAJARI,Amazônia
 1625926430 ,1b5aaad4-6481-3370-a0a0-6799d4f22759,    3.854160 ,  -61.239500 ,2023-04-05 17:28:00,Brasil,RORAIMA,AMAJARI,Amazônia
 1625926495 ,c9a319cb-0185-3b7a-8d02-6174a45663aa,    3.854580 ,  -61.852290 ,2023-04-05 17:28:00,Brasil,RORAIMA,AMAJARI,Amazônia
 1625926558 ,e9123cc7-4b87-31c4-b208-ff16ef83757f,    3.863340 ,  -61.256470 ,2023-04-05 17:28:00,Brasil,RORAIMA,AMAJARI,Amazônia
 1625926609 ,3efad161-c0e6-3bd3-99a8-747a25106425,    -.177820 ,  -60.639670 ,2023-04-05 17:28:00,Brasil,RORAIMA,RORAINÓPOLIS,Amazônia
 1625926632 ,a20f694b-9ab1-3d1b-8463-0a679c6b7230,    3.863480 ,  -61.247720 ,2023-04-05 17:28:00,Brasil,RORAIMA,AMAJARI,Amazônia
 1625926751 ,8a4270c4-92c6-3fa5-82aa-374103472a2b,     .023330 ,  -60.653780 ,2023-04-05 17:28:00,Brasil,RORAIMA,RORAINÓPOLIS,Amazônia
 1625926753 ,9cf6970e-f144-3045-a327-bdc2caf2743b,    3.865600 ,  -61.241230 ,2023-04-05 17:28:00,Brasil,RORAIMA,AMAJARI,Amazônia
 1625926795 ,54d7df5b-1a9f-3978-b2df-951d9797f9e8,    3.874920 ,  -61.249450 ,2023-04-05 17:28:00,Brasil,RORAIMA,AMAJARI,Amazônia
 1625926828 ,98e01c19-a093-3dda-8ec9-14988a912469,     .679440 ,  -60.648990 ,2023-04-05 17:28:00,Brasil,RORAIMA,RORAINÓPOLIS,Amazônia
 1625926837 ,e2e46e91-c556-362a-8c23-5e406ebe6287,    3.920680 ,  -61.256320 ,2023-04-05 17:28:00,Brasil,RORAIMA,AMAJARI,Amazônia
 1625926860 ,41f145a8-c28c-303b-b5e0-7bfa8cc44a37,    3.904850 ,  -61.207000 ,2023-04-05 17:28:00,Brasil,RORAIMA,AMAJARI,Amazônia
 1625926867 ,68806919-0356-38a5-bfec-37072730cd89,     .645070 ,  -60.574270 ,2023-04-05 17:28:00,Brasil,RORAIMA,RORAINÓPOLIS,Amazônia
 1625926924 ,c93a0048-3a3f-3687-859c-0f928d32d361,    3.913930 ,  -61.223920 ,2023-04-05 17:28:00,Brasil,RORAIMA,AMAJARI,Amazônia
 1625926985 ,c45da4b9-e12e-302c-acd7-0889d203ba1f,    3.923030 ,  -61.240870 ,2023-04-05 17:28:00,Brasil,RORAIMA,AMAJARI,Amazônia
 1625927022 ,bb866df8-c81a-3900-86bb-3053dc51285f,    3.975920 ,  -59.666070 ,2023-04-05 17:28:00,Brasil,RORAIMA,NORMANDIA,Amazônia
 1625927132 ,59683a1d-490a-387d-b0a7-511c8b0f611b,     .739220 ,  -60.246940 ,2023-04-05 17:28:00,Brasil,RORAIMA,SÃO LUIZ,Amazônia
 1625927136 ,edd7e7c8-bbd0-3a96-927b-a7225235660a,    4.009180 ,  -61.352820 ,2023-04-05 17:28:00,Brasil,RORAIMA,AMAJARI,Amazônia
 1625927144 ,bd8e2e9f-a040-3ba6-a580-690017c8c055,     .745990 ,  -60.596040 ,2023-04-05 17:28:00,Brasil,RORAIMA,RORAINÓPOLIS,Amazônia
 1625927148 ,bd7ee203-bf28-3986-96f7-dc91fb6f3624,    4.100810 ,  -60.351830 ,2023-04-05 17:28:00,Brasil,RORAIMA,NORMANDIA,Amazônia
 1625927180 ,2faf8d73-b884-34a5-924a-da52dcb965a3,    4.104340 ,  -60.358090 ,2023-04-05 17:28:00,Brasil,RORAIMA,NORMANDIA,Amazônia
 1625927208 ,19659ec7-f4be-3e27-a32b-5e0c3d3a35d8,     .781490 ,  -60.422070 ,2023-04-05 17:28:00,Brasil,RORAIMA,RORAINÓPOLIS,Amazônia
 1625927212 ,ca29bb4d-1bd1-34b7-b9f7-c7c2c899db6d,    4.272920 ,  -60.001290 ,2023-04-05 17:28:00,Brasil,RORAIMA,NORMANDIA,Amazônia
 1625927243 ,3a61b68b-d5a2-3c59-b773-a3305ce9b79c,    4.399330 ,  -59.771180 ,2023-04-05 17:28:00,Brasil,RORAIMA,UIRAMUTÃ,Amazônia
 1625927271 ,3099037a-443e-35b9-8532-ef00afc480ef,     .843750 ,  -60.622250 ,2023-04-05 17:28:00,Brasil,RORAIMA,RORAINÓPOLIS,Amazônia
 1625927275 ,604001ee-2d1c-3231-928d-e2abaf678a82,    4.401080 ,  -59.759570 ,2023-04-05 17:28:00,Brasil,RORAIMA,UIRAMUTÃ,Amazônia
 1625927337 ,16baa180-972a-383c-816c-0a2b329ec058,     .846070 ,  -60.606920 ,2023-04-05 17:28:00,Brasil,RORAIMA,RORAINÓPOLIS,Amazônia
 1625927470 ,dcbe11ae-0e73-3061-a4e0-2cdc26efa7e4,     .846160 ,  -60.615840 ,2023-04-05 17:28:00,Brasil,RORAIMA,RORAINÓPOLIS,Amazônia
 1625927521 ,bcb0153c-4a52-31d6-9a52-76aeefd7dfda,     .857530 ,  -60.608650 ,2023-04-05 17:28:00,Brasil,RORAIMA,RORAINÓPOLIS,Amazônia
 1625927649 ,3348ce6e-94da-3338-af13-be44b7ecd7c7,    2.248310 ,  -60.293610 ,2023-04-05 17:28:00,Brasil,RORAIMA,CANTÁ,Amazônia
 1625927712 ,4967d0de-0517-3af2-bee6-a00aa13a0144,    2.483790 ,  -61.640030 ,2023-04-05 17:28:00,Brasil,RORAIMA,MUCAJAÍ,Amazônia
 1625927776 ,d440f53e-05f7-3a4b-8da1-daaf559cdd95,    3.851890 ,  -61.254730 ,2023-04-05 17:28:00,Brasil,RORAIMA,AMAJARI,Amazônia
 1626173778 ,e14f69b2-5117-3961-b7e7-3e9c9d74bf4d,    1.549380 ,  -60.958230 ,2023-04-07 17:15:00,Brasil,RORAIMA,CARACARAÍ,Amazônia
 1626173786 ,53f41114-b9aa-3cc3-b15d-abbafa2f70fb,    1.553860 ,  -60.928700 ,2023-04-07 17:15:00,Brasil,RORAIMA,CARACARAÍ,Amazônia
 1626173793 ,e6da55ec-1bf8-3e97-8ebb-b1c932deba18,    2.001630 ,  -61.475360 ,2023-04-07 17:15:00,Brasil,RORAIMA,CARACARAÍ,Amazônia
 1626173802 ,b28cd1af-477a-35a3-bc5b-0288a88db950,    2.017550 ,  -61.477770 ,2023-04-07 17:15:00,Brasil,RORAIMA,IRACEMA,Amazônia
 1626173809 ,93fd52ff-31b5-3183-8368-ca14982dce54,    2.841710 ,  -60.770810 ,2023-04-07 17:15:00,Brasil,RORAIMA,BOA VISTA,Amazônia
 1626173819 ,afe5f84c-714e-3b3c-a125-f8d7dc59cf84,    3.405890 ,  -60.673770 ,2023-04-07 17:15:00,Brasil,RORAIMA,BOA VISTA,Amazônia
 1626173825 ,3232183a-e0d1-333a-9733-722a0d1752d4,    4.865460 ,  -60.620650 ,2023-04-07 17:17:00,Brasil,RORAIMA,UIRAMUTÃ,Amazônia
 1626173894 ,9cfbdc0f-469a-3fef-bc1c-30e633105352,    4.872420 ,  -60.541920 ,2023-04-07 17:17:00,Brasil,RORAIMA,UIRAMUTÃ,Amazônia
 1626173905 ,510bffbb-758f-3c21-9799-a83e2d0e848f,    4.877050 ,  -60.548550 ,2023-04-07 17:17:00,Brasil,RORAIMA,UIRAMUTÃ,Amazônia
 1626173917 ,7029c036-e72c-3b54-ae9d-f099999d9808,    4.880650 ,  -60.526140 ,2023-04-07 17:17:00,Brasil,RORAIMA,UIRAMUTÃ,Amazônia
 1626292847 ,da72cfb9-cf3c-3504-96db-97fad34a933b,    3.926220 ,  -61.633080 ,2023-04-08 17:56:00,Brasil,RORAIMA,AMAJARI,Amazônia
 1626292986 ,23ad3b23-13f7-380c-bc97-c8665cb28a5a,   -1.163300 ,  -61.918130 ,2023-04-08 17:56:00,Brasil,RORAIMA,CARACARAÍ,Amazônia
 1626293144 ,8a6c4d69-874a-3ba8-bb3f-241dd39e99ec,     .437610 ,  -60.518760 ,2023-04-08 17:56:00,Brasil,RORAIMA,RORAINÓPOLIS,Amazônia
 1626293145 ,81788d2e-e906-315c-b193-283f896946bf,     .877670 ,  -60.556000 ,2023-04-08 17:56:00,Brasil,RORAIMA,RORAINÓPOLIS,Amazônia
 1626293146 ,c292f03e-7be1-352d-a566-2b821b9c59c4,    1.081900 ,  -60.284050 ,2023-04-08 17:56:00,Brasil,RORAIMA,RORAINÓPOLIS,Amazônia
 1626293147 ,3919672c-ba91-3e87-b9fc-e35e974db1f5,    1.755600 ,  -61.162950 ,2023-04-08 17:56:00,Brasil,RORAIMA,CARACARAÍ,Amazônia
 1626293148 ,4a4ac97c-fb17-33fe-8da0-d6507cde4bd6,    3.767800 ,  -61.895600 ,2023-04-08 17:56:00,Brasil,RORAIMA,AMAJARI,Amazônia
 1626293149 ,a7fa8cf2-94c8-3306-a909-b1c1374b09ac,    3.769140 ,  -61.886170 ,2023-04-08 17:56:00,Brasil,RORAIMA,AMAJARI,Amazônia
 1626293150 ,e7bbee94-1490-3fae-bf5a-856d511fa55d,    3.796610 ,  -60.464630 ,2023-04-08 17:56:00,Brasil,RORAIMA,NORMANDIA,Amazônia
 1626537177 ,3c986d77-f6ed-3169-aab6-ffa564ffde7e,    1.348510 ,  -60.036730 ,2023-04-10 17:43:00,Brasil,RORAIMA,CARACARAÍ,Amazônia
 1626537178 ,b95a0bdf-e8ab-353d-a4ab-d347a6e1e0ea,    2.891730 ,  -61.339860 ,2023-04-10 17:43:00,Brasil,RORAIMA,ALTO ALEGRE,Amazônia
 1626537194 ,d81e1f46-5215-389c-88e4-e9450a197da2,    2.949900 ,  -60.179060 ,2023-04-10 17:43:00,Brasil,RORAIMA,BONFIM,Amazônia
 1626537209 ,5decaf9c-51fd-3669-b55f-41192999b05c,    1.598870 ,  -61.048850 ,2023-04-10 17:43:00,Brasil,RORAIMA,CARACARAÍ,Amazônia
 1626537210 ,d1b20242-4ede-3028-9702-e920a3552f3c,    2.972000 ,  -60.853870 ,2023-04-10 17:43:00,Brasil,RORAIMA,BOA VISTA,Amazônia
 1626537225 ,f2bc6f3e-7985-38ac-b883-11abc72efb00,    3.179700 ,  -60.179350 ,2023-04-10 17:43:00,Brasil,RORAIMA,BONFIM,Amazônia
 1626537241 ,2060869b-5a1a-3586-bf1c-747824247d88,    1.623260 ,  -60.242630 ,2023-04-10 17:43:00,Brasil,RORAIMA,CARACARAÍ,Amazônia
 1626537242 ,deb31ba2-7a95-306d-a3f6-7e1af5871c1f,    3.358660 ,  -60.729400 ,2023-04-10 17:43:00,Brasil,RORAIMA,BOA VISTA,Amazônia
 1626537257 ,c74a255b-40d1-3699-8d86-55e3de77a533,    3.366350 ,  -60.739820 ,2023-04-10 17:43:00,Brasil,RORAIMA,BOA VISTA,Amazônia
 1626537272 ,1331db2e-a06f-344f-87a1-c68744e922e3,    1.653630 ,  -60.475410 ,2023-04-10 17:43:00,Brasil,RORAIMA,CARACARAÍ,Amazônia
 1626537273 ,d3447f36-3316-39c9-b42e-b29d667f5ab6,    3.367670 ,  -60.730720 ,2023-04-10 17:43:00,Brasil,RORAIMA,BOA VISTA,Amazônia
 1626537288 ,9146d91b-4140-36b1-909e-be8942678d61,    3.444440 ,  -60.264100 ,2023-04-10 17:43:00,Brasil,RORAIMA,NORMANDIA,Amazônia
 1626537303 ,301fbf55-b6ce-38ba-8c03-8212c2b893e8,    1.654940 ,  -60.466330 ,2023-04-10 17:43:00,Brasil,RORAIMA,CARACARAÍ,Amazônia
 1626537304 ,36512060-dd4b-3642-a460-c3a78fc5aa6b,    3.574600 ,  -59.871350 ,2023-04-10 17:43:00,Brasil,RORAIMA,NORMANDIA,Amazônia
 1626537319 ,75e31b87-5954-3f75-9343-445ab1b1f9e6,    3.852050 ,  -59.994000 ,2023-04-10 17:43:00,Brasil,RORAIMA,NORMANDIA,Amazônia
 1626537343 ,8db8fd94-67c5-3c63-b9a2-c720a6c25c74,    1.699110 ,  -60.351870 ,2023-04-10 17:43:00,Brasil,RORAIMA,CARACARAÍ,Amazônia
 1626537344 ,8e238574-0d25-3959-b12c-6deab8808359,    3.853330 ,  -59.985130 ,2023-04-10 17:43:00,Brasil,RORAIMA,NORMANDIA,Amazônia
 1626537360 ,19413357-f37e-3d7a-b0af-73a62fac31c6,    1.704310 ,  -60.573730 ,2023-04-10 17:43:00,Brasil,RORAIMA,CARACARAÍ,Amazônia
 1626537375 ,f01f5f15-686c-3922-8998-9245dde103a9,    1.812090 ,  -60.717640 ,2023-04-10 17:43:00,Brasil,RORAIMA,CARACARAÍ,Amazônia
 1626537392 ,b9d5d4b4-9344-36fa-b736-8aa3a6f11cc1,    1.815810 ,  -60.436850 ,2023-04-10 17:43:00,Brasil,RORAIMA,CANTÁ,Amazônia
 1626537408 ,4775dd6f-c426-38b6-882b-6bca70fec60c,    1.859440 ,  -60.517760 ,2023-04-10 17:43:00,Brasil,RORAIMA,CANTÁ,Amazônia
 1626537422 ,f9867746-a93b-3786-a656-5735a22f3ce1,    3.881060 ,  -60.749930 ,2023-04-10 17:43:00,Brasil,RORAIMA,PACARAIMA,Amazônia
 1626537424 ,423555c4-ae63-3a62-a565-133617b1b586,    1.867900 ,  -60.525450 ,2023-04-10 17:43:00,Brasil,RORAIMA,CANTÁ,Amazônia
 1626537425 ,022136a6-b798-3f08-9835-a0431fb21459,    4.060850 ,  -60.269180 ,2023-04-10 17:43:00,Brasil,RORAIMA,NORMANDIA,Amazônia
 1626537427 ,3b987bcc-fbbc-3c68-8fb6-cf445db6f6ac,    4.062130 ,  -60.260310 ,2023-04-10 17:43:00,Brasil,RORAIMA,NORMANDIA,Amazônia
 1626537428 ,d1b661ac-99c0-3329-a8ca-98b3e45a73e8,    4.141010 ,  -60.671180 ,2023-04-10 17:43:00,Brasil,RORAIMA,PACARAIMA,Amazônia
 1626537431 ,127d5b39-8f97-3ac1-89a0-8782441540ef,    4.150490 ,  -60.669160 ,2023-04-10 17:43:00,Brasil,RORAIMA,PACARAIMA,Amazônia
 1626537439 ,b6d2a677-84e5-330f-8ba1-33c8058a60bf,    1.872730 ,  -60.361590 ,2023-04-10 17:43:00,Brasil,RORAIMA,CANTÁ,Amazônia
 1626537457 ,61ebd928-aab5-3ef5-96b0-f7e3f0368488,    1.874050 ,  -60.352400 ,2023-04-10 17:43:00,Brasil,RORAIMA,CANTÁ,Amazônia
 1626537468 ,3343ce4b-b35a-35ed-ae23-0a79495c2064,    4.194000 ,  -60.684730 ,2023-04-10 17:43:00,Brasil,RORAIMA,PACARAIMA,Amazônia
 1626537471 ,2f96c566-96d0-3c13-aa3b-1f9fb4fd23e7,    4.450610 ,  -59.996960 ,2023-04-10 17:43:00,Brasil,RORAIMA,UIRAMUTÃ,Amazônia
 1626537472 ,e0dbdb24-39a7-38f1-a55e-e955c8e240f1,    1.881350 ,  -60.686980 ,2023-04-10 17:43:00,Brasil,RORAIMA,CARACARAÍ,Amazônia
 1626537473 ,a88133d8-990c-394c-9789-a0001dd86798,    4.561190 ,  -60.946650 ,2023-04-10 17:43:00,Brasil,RORAIMA,PACARAIMA,Amazônia
 1626537475 ,7c65c28e-dfd7-3e13-ae0d-9cd08f1d40fe,    5.035560 ,  -60.415810 ,2023-04-10 17:43:00,Brasil,RORAIMA,UIRAMUTÃ,Amazônia
 1626537487 ,f585bb85-6b5c-383d-906f-05b57f527776,    1.892370 ,  -60.547690 ,2023-04-10 17:43:00,Brasil,RORAIMA,CANTÁ,Amazônia
 1626537502 ,4fd5cd2b-a99b-3964-aed8-6efa63836880,    1.909410 ,  -60.814300 ,2023-04-10 17:43:00,Brasil,RORAIMA,CARACARAÍ,Amazônia
 1626537520 ,a0dec6ea-d7fb-3870-83ad-455cd25de794,    1.921690 ,  -60.664590 ,2023-04-10 17:43:00,Brasil,RORAIMA,CANTÁ,Amazônia
 1626537537 ,9c8e999a-8ef0-3fd1-804f-c96ed3922998,    1.981990 ,  -60.688530 ,2023-04-10 17:43:00,Brasil,RORAIMA,CANTÁ,Amazônia
 1626537553 ,0d5f3722-e6cd-356b-be8e-040ea33c5ebc,    2.008610 ,  -60.505070 ,2023-04-10 17:43:00,Brasil,RORAIMA,CANTÁ,Amazônia
 1626537568 ,f46a6467-0a0b-3ffa-8975-cc88039b69e8,    2.033840 ,  -59.824180 ,2023-04-10 17:43:00,Brasil,RORAIMA,BONFIM,Amazônia
 1626537585 ,f5d67b4d-f8f5-35ba-b08f-cddc537d6345,    2.092200 ,  -61.766530 ,2023-04-10 17:43:00,Brasil,RORAIMA,IRACEMA,Amazônia
 1626537600 ,cc01b242-8f37-30ec-a87b-4a96b0840319,    2.143170 ,  -61.289120 ,2023-04-10 17:43:00,Brasil,RORAIMA,IRACEMA,Amazônia
 1626537616 ,debf9638-672c-371d-84fd-85044e5203dd,    2.161100 ,  -61.361080 ,2023-04-10 17:43:00,Brasil,RORAIMA,IRACEMA,Amazônia
 1626537631 ,5124f275-67f6-35c6-95dc-a9678bdd2480,    2.162520 ,  -61.351360 ,2023-04-10 17:43:00,Brasil,RORAIMA,IRACEMA,Amazônia
 1626537647 ,55aa059c-1afe-36f9-9c48-c060111c6412,     .218590 ,  -60.525190 ,2023-04-10 17:41:00,Brasil,RORAIMA,RORAINÓPOLIS,Amazônia
 1626537648 ,a5cd2af8-0566-3c0b-ad8c-dad1282b8efb,    2.173240 ,  -60.832740 ,2023-04-10 17:43:00,Brasil,RORAIMA,CANTÁ,Amazônia
 1626537664 ,36c31521-b5ad-35b8-a8d4-80a35286709a,    2.174590 ,  -60.823420 ,2023-04-10 17:43:00,Brasil,RORAIMA,CANTÁ,Amazônia
 1626537679 ,991a8940-f8db-3ebc-be90-48b9b814bcb0,     .888950 ,  -60.160850 ,2023-04-10 17:43:00,Brasil,RORAIMA,SÃO LUIZ,Amazônia
 1626537680 ,ccb26a31-171b-35cc-8e4e-c8611ba2e653,    2.359100 ,  -60.187300 ,2023-04-10 17:43:00,Brasil,RORAIMA,CANTÁ,Amazônia
 1626537695 ,8f58bf37-29ad-3312-82a1-1feae02f5413,    2.360390 ,  -60.178400 ,2023-04-10 17:43:00,Brasil,RORAIMA,CANTÁ,Amazônia
 1626537711 ,19a0a63c-ab27-3415-b7a1-3e68eb2e7bc6,     .889530 ,  -60.343520 ,2023-04-10 17:43:00,Brasil,RORAIMA,RORAINÓPOLIS,Amazônia
 1626537712 ,7a1cab84-108c-3dbb-b786-d78d6bc31ff0,    2.423530 ,  -61.387520 ,2023-04-10 17:43:00,Brasil,RORAIMA,MUCAJAÍ,Amazônia
 1626537727 ,24e8cf10-e1a3-3fc6-baba-92251405a862,    2.431500 ,  -61.397920 ,2023-04-10 17:43:00,Brasil,RORAIMA,MUCAJAÍ,Amazônia
 1626537742 ,02b77fed-0de2-3fad-ab2c-8ea24a1f92f0,    1.332730 ,  -60.722200 ,2023-04-10 17:43:00,Brasil,RORAIMA,CARACARAÍ,Amazônia
 1626537743 ,9ab7b733-98cd-3e9f-bf90-d6d499b6c034,    2.576450 ,  -61.343350 ,2023-04-10 17:43:00,Brasil,RORAIMA,MUCAJAÍ,Amazônia
 1626537758 ,315f2eda-70f7-3e90-9487-ee381d04d59f,    2.774850 ,  -60.625860 ,2023-04-10 17:43:00,Brasil,RORAIMA,CANTÁ,Amazônia
 1626672584 ,4cbc2d6d-b842-31ff-b753-47b6d38d8fdd,    3.889720 ,  -61.988970 ,2023-04-11 18:26:00,Brasil,RORAIMA,AMAJARI,Amazônia
 1626793443 ,01d2a06d-37e6-3994-bbf1-23b06dee72eb,    4.060060 ,  -61.304780 ,2023-04-12 17:30:00,Brasil,RORAIMA,AMAJARI,Amazônia
 1626793475 ,f97ffc29-e064-33d5-9f38-7206dd733880,    4.060670 ,  -61.296340 ,2023-04-12 17:30:00,Brasil,RORAIMA,AMAJARI,Amazônia
 1626939298 ,2500798c-7d9a-3d96-a6e2-8a2a36d08ac8,    2.412080 ,  -61.209300 ,2023-04-13 18:11:00,Brasil,RORAIMA,MUCAJAÍ,Amazônia
 1626939299 ,fef936c2-39a2-3bd8-9a45-1f8fa37bb54f,    4.209630 ,  -61.109770 ,2023-04-13 18:11:00,Brasil,RORAIMA,PACARAIMA,Amazônia
 1627049329 ,aeb1edeb-1c20-315b-acc1-555d8e97ff81,    1.940550 ,  -60.858310 ,2023-04-14 17:15:00,Brasil,RORAIMA,CARACARAÍ,Amazônia
 1627049330 ,0ae489c5-09f7-39b5-a7bd-005cdffe16e2,    4.762140 ,  -60.657090 ,2023-04-14 17:17:00,Brasil,RORAIMA,PACARAIMA,Amazônia
 1627049411 ,7d802415-934a-3989-974c-2c9a5657ed14,     .699970 ,  -60.593560 ,2023-04-14 17:15:00,Brasil,RORAIMA,RORAINÓPOLIS,Amazônia
 1627049412 ,67e24cba-60c2-3481-bc93-94b31fc1b814,     .702770 ,  -60.589500 ,2023-04-14 17:15:00,Brasil,RORAIMA,RORAINÓPOLIS,Amazônia
 1627049413 ,2e82e54a-5f19-3c65-9d32-f3c251e71ca4,    1.650530 ,  -60.156090 ,2023-04-14 17:15:00,Brasil,RORAIMA,CARACARAÍ,Amazônia
 1627049414 ,ff1c163b-d95c-3b60-9f47-9169fcc0f93b,    1.654360 ,  -60.130740 ,2023-04-14 17:15:00,Brasil,RORAIMA,CARACARAÍ,Amazônia
 1627049415 ,fc0850d5-9edf-3f95-8937-78efcf384bb4,    1.937770 ,  -60.862480 ,2023-04-14 17:15:00,Brasil,RORAIMA,CARACARAÍ,Amazônia
 1627109531 ,2e116300-5851-39ca-914a-9f93ff70554d,    3.218080 ,  -61.325220 ,2023-04-15 17:58:00,Brasil,RORAIMA,ALTO ALEGRE,Amazônia
 1627109597 ,acd5f12f-5d23-346e-b1a8-0baec470a5fb,    4.307890 ,  -61.018140 ,2023-04-15 17:58:00,Brasil,RORAIMA,PACARAIMA,Amazônia
 1627109601 ,bc3947c5-2fa8-3cc6-891d-1bfee70ef984,    3.734960 ,  -61.304740 ,2023-04-15 17:58:00,Brasil,RORAIMA,AMAJARI,Amazônia
 1627109626 ,c4cf8256-3ea0-35b0-9920-64c6f9729a80,    1.652780 ,  -60.755300 ,2023-04-15 17:56:00,Brasil,RORAIMA,CARACARAÍ,Amazônia
 1627109627 ,d789f25a-7639-36b6-8eb6-fc8d60a8a861,    1.654240 ,  -60.745230 ,2023-04-15 17:56:00,Brasil,RORAIMA,CARACARAÍ,Amazônia
 1627109629 ,bb3b3525-cb59-3d87-bf11-2e7cd02513ca,    1.709030 ,  -60.466220 ,2023-04-15 17:56:00,Brasil,RORAIMA,CARACARAÍ,Amazônia
 1627109630 ,6429176d-b519-323f-b218-af44fff41177,    1.929390 ,  -60.348720 ,2023-04-15 17:56:00,Brasil,RORAIMA,CANTÁ,Amazônia
 1627109632 ,eed2f0f3-14f5-3f94-b169-a64b02c89bd2,    1.930910 ,  -60.338020 ,2023-04-15 17:56:00,Brasil,RORAIMA,CANTÁ,Amazônia
 1627109633 ,0d9bb2e2-84fd-3a82-bd21-f7dece976e0c,    1.963050 ,  -60.616420 ,2023-04-15 17:56:00,Brasil,RORAIMA,CANTÁ,Amazônia
 1627109636 ,aaadcd51-6f5d-3cfe-9a01-be7115f9e8de,    2.868700 ,  -61.260370 ,2023-04-15 17:58:00,Brasil,RORAIMA,ALTO ALEGRE,Amazônia
 1627109637 ,653c78cd-77a9-347e-a09d-41711584b39f,    2.913460 ,  -60.469260 ,2023-04-15 17:58:00,Brasil,RORAIMA,BONFIM,Amazônia
 1627109639 ,b8d77abc-fe95-31f2-bdad-af59fab89390,    2.919320 ,  -60.568640 ,2023-04-15 17:58:00,Brasil,RORAIMA,BOA VISTA,Amazônia
 1627637208 ,90d52a8f-2d31-33ae-9fa8-601ec91fc14c,     .749510 ,  -60.028760 ,2023-04-19 17:28:00,Brasil,RORAIMA,SÃO JOÃO DA BALIZA,Amazônia
 1627637209 ,23eca56f-cf30-38c1-9ec5-28707e9b7f71,     .885820 ,  -59.697670 ,2023-04-19 17:28:00,Brasil,RORAIMA,CAROEBE,Amazônia
 1627637211 ,0323587b-0b30-3354-b0dc-6e3aec2d9ce9,    1.225270 ,  -60.765860 ,2023-04-19 17:28:00,Brasil,RORAIMA,CARACARAÍ,Amazônia
 1627644814 ,a05f6047-4092-3544-8dd3-aed3a4182c23,    2.813490 ,  -60.275600 ,2023-04-19 17:30:00,Brasil,RORAIMA,BONFIM,Amazônia
 1627645264 ,a8f757f8-0da5-34d1-97ee-448ce21b16e8,    3.872550 ,  -61.124380 ,2023-04-19 17:30:00,Brasil,RORAIMA,AMAJARI,Amazônia
 1627645266 ,612616aa-969d-3bcb-b205-8ac34023bfe5,    3.925460 ,  -59.934370 ,2023-04-19 17:30:00,Brasil,RORAIMA,NORMANDIA,Amazônia
 1627645267 ,e2527343-b214-366f-97e1-e3666d9b15e6,    4.445270 ,  -60.364580 ,2023-04-19 17:30:00,Brasil,RORAIMA,UIRAMUTÃ,Amazônia
 1627645269 ,2dd19b77-6cf8-358f-9b67-22ec7aa9898c,    4.657210 ,  -60.298780 ,2023-04-19 17:30:00,Brasil,RORAIMA,UIRAMUTÃ,Amazônia
 1627757879 ,6701bafb-800a-34e2-88b7-ff933f93d79f,    2.462390 ,  -60.685470 ,2023-04-20 18:11:00,Brasil,RORAIMA,CANTÁ,Amazônia
 1627757942 ,4992e780-8d67-30ac-a7cd-3b1597efbee2,    3.352780 ,  -59.855820 ,2023-04-20 18:11:00,Brasil,RORAIMA,BONFIM,Amazônia
 1627758006 ,12db59b1-b513-3933-b989-508008b358c2,    3.359320 ,  -59.861820 ,2023-04-20 18:11:00,Brasil,RORAIMA,BONFIM,Amazônia
 1628060790 ,91ac7b54-3277-3cd2-aab4-1c1202e10056,    1.078730 ,  -60.445140 ,2023-04-24 17:43:00,Brasil,RORAIMA,RORAINÓPOLIS,Amazônia
 1628060791 ,e70d5221-8b3e-3027-a566-c2682faa19e3,    1.080070 ,  -60.435960 ,2023-04-24 17:43:00,Brasil,RORAIMA,RORAINÓPOLIS,Amazônia
 1628060792 ,57d328a4-c271-3c2c-b047-eac98da89019,    1.744780 ,  -60.678360 ,2023-04-24 17:43:00,Brasil,RORAIMA,CARACARAÍ,Amazônia
 1628060793 ,266f016f-3e18-373a-8404-719bb854d0f1,    1.769440 ,  -60.955020 ,2023-04-24 17:43:00,Brasil,RORAIMA,CARACARAÍ,Amazônia
 1628060794 ,ccb2fcd1-f7d9-374a-9848-dc90904f962d,    2.178220 ,  -61.307440 ,2023-04-24 17:43:00,Brasil,RORAIMA,IRACEMA,Amazônia
 1628060795 ,3e40f0ff-046e-3e45-86fd-b98f620fb44f,    2.179620 ,  -61.297810 ,2023-04-24 17:43:00,Brasil,RORAIMA,IRACEMA,Amazônia
 1628060796 ,ee42ac1e-5da2-3507-9185-eca7e93c8410,    4.312290 ,  -60.824040 ,2023-04-24 17:43:00,Brasil,RORAIMA,PACARAIMA,Amazônia
 1628434807 ,9d4857f5-b15c-3b04-9d8e-3b447e4b984d,    2.223280 ,  -61.264480 ,2023-04-28 17:17:00,Brasil,RORAIMA,IRACEMA,Amazônia
 1628434808 ,92123457-19d6-3e8b-b67a-8bd8af8abe40,    2.233350 ,  -61.270910 ,2023-04-28 17:17:00,Brasil,RORAIMA,IRACEMA,Amazônia
 1628434809 ,178fadf7-f5be-3510-a809-c85fb228356d,    2.560910 ,  -61.340040 ,2023-04-28 17:17:00,Brasil,RORAIMA,MUCAJAÍ,Amazônia
 1628529449 ,61c962cd-f6a9-37ed-ad27-8e7b216dc825,     .759200 ,  -60.597070 ,2023-04-29 17:56:00,Brasil,RORAIMA,RORAINÓPOLIS,Amazônia
 1628529485 ,6985b562-0c06-3131-bd38-6a16609860ad,     .760640 ,  -60.587040 ,2023-04-29 17:56:00,Brasil,RORAIMA,RORAINÓPOLIS,Amazônia
 1628529504 ,ae6719bc-4883-316c-8902-0747c2ff9337,    1.953640 ,  -60.673620 ,2023-04-29 17:58:00,Brasil,RORAIMA,CANTÁ,Amazônia
 1628529533 ,96d0ca3a-1f78-3c74-b2bb-55e193bca425,    2.571180 ,  -61.133790 ,2023-04-29 17:58:00,Brasil,RORAIMA,MUCAJAÍ,Amazônia
 1628529564 ,ce3edee6-3eba-3591-b5ed-a76b8c30715a,    2.650580 ,  -61.150830 ,2023-04-29 17:58:00,Brasil,RORAIMA,MUCAJAÍ,Amazônia
 1628529587 ,d1dc2e82-78af-35b1-b3fb-db2bd9dfc93d,    2.652010 ,  -61.140950 ,2023-04-29 17:58:00,Brasil,RORAIMA,MUCAJAÍ,Amazônia
 1628529597 ,fc4da1b7-383b-3e44-9083-81edb7f045a3,    2.665710 ,  -61.689580 ,2023-04-29 17:58:00,Brasil,RORAIMA,MUCAJAÍ,Amazônia
 1628529604 ,45f327dd-0115-3986-8d51-f18a955d91fb,    3.111510 ,  -61.217990 ,2023-04-29 17:58:00,Brasil,RORAIMA,ALTO ALEGRE,Amazônia
 1628529613 ,68f93632-ba90-3a5d-8048-33f835f5884a,    3.227700 ,  -61.155880 ,2023-04-29 17:58:00,Brasil,RORAIMA,ALTO ALEGRE,Amazônia
 1628529620 ,df32860d-669d-3e66-b776-238ca0c12df4,    3.427520 ,  -59.868520 ,2023-04-29 17:58:00,Brasil,RORAIMA,BONFIM,Amazônia
 1628529628 ,1bab592e-9f71-3b4c-b71f-c03d6fa7d3f1,    3.437740 ,  -59.869970 ,2023-04-29 17:58:00,Brasil,RORAIMA,BONFIM,Amazônia
 1628529636 ,5976d7a2-fb8e-3f71-bf75-334f8bcde1f2,    4.216450 ,  -59.933140 ,2023-04-29 17:58:00,Brasil,RORAIMA,NORMANDIA,Amazônia
 1628529645 ,63155d95-a41f-3730-9664-516364ff946d,    4.260260 ,  -61.279050 ,2023-04-29 17:58:00,Brasil,RORAIMA,PACARAIMA,Amazônia
 1628670202 ,762d3369-1cd3-3420-b2cb-623fdcaafea3,    3.437550 ,  -59.860420 ,2023-05-01 17:43:00,Brasil,RORAIMA,BONFIM,Amazônia
 1628669454 ,640357f7-3cf3-3e33-8f05-43bd67093c4c,    3.906900 ,  -60.438050 ,2023-05-01 17:43:00,Brasil,RORAIMA,NORMANDIA,Amazônia
 1628669486 ,38dc88a9-a070-3d69-a966-426c54d86335,    3.908190 ,  -60.429110 ,2023-05-01 17:43:00,Brasil,RORAIMA,NORMANDIA,Amazônia
 1628669518 ,41e25fdc-dcf4-3427-9267-4480a459d9ce,    4.017140 ,  -61.331300 ,2023-05-01 17:43:00,Brasil,RORAIMA,AMAJARI,Amazônia
 1628669549 ,314d1dec-8af5-3d30-8312-dd167ffd5d7f,    4.302720 ,  -60.700920 ,2023-05-01 17:45:00,Brasil,RORAIMA,PACARAIMA,Amazônia
 1628669581 ,ba70a7e1-3c4a-329d-862b-63cf05351a45,    4.319320 ,  -60.712710 ,2023-05-01 17:45:00,Brasil,RORAIMA,PACARAIMA,Amazônia
 1628669612 ,415f2d8c-6ab0-399c-895c-74ea772a75e4,    4.320630 ,  -60.703700 ,2023-05-01 17:45:00,Brasil,RORAIMA,PACARAIMA,Amazônia
 1628669664 ,9c081e24-9392-3759-928e-b604792d2c5c,    4.328300 ,  -60.713860 ,2023-05-01 17:45:00,Brasil,RORAIMA,PACARAIMA,Amazônia
 1628670004 ,36962869-d4e2-38e3-9b32-889d65266e2f,     .789310 ,  -60.591240 ,2023-05-01 17:43:00,Brasil,RORAIMA,RORAINÓPOLIS,Amazônia
 1628670020 ,d9c966a6-0a50-3281-bd31-89f7269c3aa8,     .928460 ,  -60.455970 ,2023-05-01 17:43:00,Brasil,RORAIMA,RORAINÓPOLIS,Amazônia
 1628670035 ,bb9be8bf-9b80-32f1-91ba-a9982c3624b1,    2.431530 ,  -61.654340 ,2023-05-01 17:43:00,Brasil,RORAIMA,IRACEMA,Amazônia
 1628670052 ,95c9bec7-9e70-3836-8917-a549c470558d,    2.793830 ,  -60.110880 ,2023-05-01 17:43:00,Brasil,RORAIMA,BONFIM,Amazônia
 1628670068 ,b86b9061-1f70-30b2-b91c-7314088ef3ae,    2.795120 ,  -60.101960 ,2023-05-01 17:43:00,Brasil,RORAIMA,BONFIM,Amazônia
 1628670084 ,ad472387-649f-32db-a1a8-ce0309e14aff,    2.856770 ,  -60.190350 ,2023-05-01 17:43:00,Brasil,RORAIMA,BONFIM,Amazônia
 1628670099 ,6d0fbf88-c260-3efa-a020-443f4840f709,    3.173080 ,  -60.674770 ,2023-05-01 17:43:00,Brasil,RORAIMA,BOA VISTA,Amazônia
 1628670116 ,86e48328-1cee-3ec4-800d-a76b3fa2a9af,    3.217210 ,  -61.564170 ,2023-05-01 17:43:00,Brasil,RORAIMA,ALTO ALEGRE,Amazônia
 1628670139 ,dcf21af9-dcf7-3895-a375-86ab6eb39e3c,    3.266470 ,  -61.108010 ,2023-05-01 17:43:00,Brasil,RORAIMA,ALTO ALEGRE,Amazônia
 1628670171 ,b2a02c09-27f2-38a6-ab3a-effee0aa0635,    3.306980 ,  -61.274200 ,2023-05-01 17:43:00,Brasil,RORAIMA,ALTO ALEGRE,Amazônia
 1628765353 ,1dfc7c23-c063-3dc8-a640-e4e29c72878a,    2.876770 ,  -60.237120 ,2023-05-02 18:26:00,Brasil,RORAIMA,BONFIM,Amazônia
 1628766014 ,fb32c05b-f66d-3e16-93b9-a447c48c66cf,    2.875210 ,  -60.232030 ,2023-05-02 18:26:00,Brasil,RORAIMA,BONFIM,Amazônia
 1628766038 ,d40c7f78-6c9c-3fc6-b90a-51fbbff99462,    2.869800 ,  -60.270020 ,2023-05-02 18:26:00,Brasil,RORAIMA,BONFIM,Amazônia
 1628842988 ,82265f1e-266a-31c7-8960-d648780272c7,    2.356310 ,  -60.219080 ,2023-05-03 17:30:00,Brasil,RORAIMA,CANTÁ,Amazônia
 1628843003 ,84276c79-166b-36c3-9250-065264fd63e0,    2.359250 ,  -60.226310 ,2023-05-03 17:30:00,Brasil,RORAIMA,CANTÁ,Amazônia
 1628843019 ,11d8b1cb-c32b-3aa0-a91d-ad2a3e7bcfdd,    2.361260 ,  -60.213050 ,2023-05-03 17:30:00,Brasil,RORAIMA,CANTÁ,Amazônia
 1628843039 ,150f4fa0-af16-33ce-8dfe-dc11d3decc88,    2.854290 ,  -60.358430 ,2023-05-03 17:30:00,Brasil,RORAIMA,BONFIM,Amazônia
 1628843071 ,a1f5ceac-4df2-3a3b-bad1-f9f57ae41ba2,    2.856290 ,  -60.344940 ,2023-05-03 17:30:00,Brasil,RORAIMA,BONFIM,Amazônia
 1628843200 ,32054da9-bb4f-3acd-82fa-1010d09f6ca9,    3.397940 ,  -61.110320 ,2023-05-03 17:30:00,Brasil,RORAIMA,ALTO ALEGRE,Amazônia
 1628843232 ,61706578-c3eb-3557-b203-9a70e66f9b9a,    3.400180 ,  -61.095280 ,2023-05-03 17:30:00,Brasil,RORAIMA,ALTO ALEGRE,Amazônia
 1628843264 ,34adaf85-5a74-3d5f-9eb1-ec3d8e00a20c,    3.407930 ,  -60.739020 ,2023-05-03 17:30:00,Brasil,RORAIMA,BOA VISTA,Amazônia
 1628843295 ,ac168165-31e1-338e-a499-cff22db5531f,    3.409120 ,  -61.101800 ,2023-05-03 17:30:00,Brasil,RORAIMA,ALTO ALEGRE,Amazônia
 1628843327 ,0a312e31-68a5-336e-a11b-74270f4778b3,    3.424660 ,  -61.228490 ,2023-05-03 17:30:00,Brasil,RORAIMA,ALTO ALEGRE,Amazônia
 1628843360 ,dd13f6ad-8ce8-3251-be63-2e19af1e573c,    3.505230 ,  -61.900540 ,2023-05-03 17:30:00,Brasil,RORAIMA,AMAJARI,Amazônia
 1628843392 ,31ffe00b-5054-3e41-8054-7d1e103cadcd,    3.523030 ,  -59.909480 ,2023-05-03 17:30:00,Brasil,RORAIMA,BONFIM,Amazônia
 1628843423 ,db7fe87c-cc6c-3793-8348-e4e6662afe02,    3.524890 ,  -59.897220 ,2023-05-03 17:30:00,Brasil,RORAIMA,BONFIM,Amazônia
 1628843455 ,082912ce-20ce-3c27-8f42-c2207117f92e,    4.446070 ,  -61.170590 ,2023-05-03 17:32:00,Brasil,RORAIMA,PACARAIMA,Amazônia
 1628961094 ,2067c485-63c3-3c58-8f1f-68d9783da5b3,    1.389490 ,  -60.802410 ,2023-05-04 18:11:00,Brasil,RORAIMA,CARACARAÍ,Amazônia
 1628961101 ,bbff1e58-289c-3836-871e-8027fd561fa1,    2.820830 ,  -63.639000 ,2023-05-04 18:11:00,Brasil,RORAIMA,ALTO ALEGRE,Amazônia
 1628961235 ,a9d5db8b-abab-3427-84e0-8855c540982b,    3.028220 ,  -61.439500 ,2023-05-04 18:11:00,Brasil,RORAIMA,ALTO ALEGRE,Amazônia
 1628961239 ,d682ddc5-afc6-3d5b-877b-0bc6bbadc4c0,    3.076850 ,  -59.974380 ,2023-05-04 18:11:00,Brasil,RORAIMA,BONFIM,Amazônia
 1629219346 ,7719a017-6b4d-3689-889d-f36b81c71f4a,     .527080 ,  -60.464950 ,2023-05-06 17:56:00,Brasil,RORAIMA,RORAINÓPOLIS,Amazônia
 1629219350 ,e08ba601-e53b-3dd5-b0d2-e5a5e78325ad,    1.176670 ,  -60.197930 ,2023-05-06 17:56:00,Brasil,RORAIMA,CARACARAÍ,Amazônia
 1629219352 ,e8d0ccb4-74f3-3231-8ff5-2813802f454d,    2.460860 ,  -60.666560 ,2023-05-06 17:58:00,Brasil,RORAIMA,CANTÁ,Amazônia
 1629502602 ,33f9858e-4860-34ad-a69f-305a7383990a,    2.568130 ,  -60.948530 ,2023-05-08 17:43:00,Brasil,RORAIMA,MUCAJAÍ,Amazônia
 1629502609 ,670ed31f-b388-3fbb-960c-a6aeee489661,    2.569500 ,  -60.939160 ,2023-05-08 17:43:00,Brasil,RORAIMA,MUCAJAÍ,Amazônia
 1629502625 ,4815c066-4b77-33e6-9299-44d8ed301cfe,    4.563830 ,  -60.592390 ,2023-05-08 17:45:00,Brasil,RORAIMA,UIRAMUTÃ,Amazônia
 1629502641 ,29f8835d-61cc-36bb-bc83-526123519ef7,    3.160900 ,  -60.675160 ,2023-05-08 17:43:00,Brasil,RORAIMA,BOA VISTA,Amazônia
 1630036364 ,ccc4e693-0717-325b-8255-c68fa8418a58,    4.237910 ,  -60.287500 ,2023-05-13 17:58:00,Brasil,RORAIMA,UIRAMUTÃ,Amazônia
 1630245844 ,a4019ca5-5ca5-340e-859d-5da8e1f584a9,    3.499150 ,  -59.881150 ,2023-05-15 17:43:00,Brasil,RORAIMA,BONFIM,Amazônia
 1632072568 ,fe4d4577-d085-3874-a0a4-f682fda5b618,    1.825340 ,  -60.502870 ,2023-06-02 17:15:00,Brasil,RORAIMA,CANTÁ,Amazônia
 1632072580 ,129698c8-235e-3636-80b9-6c0ff76b4f4e,    1.825560 ,  -60.478940 ,2023-06-02 17:15:00,Brasil,RORAIMA,CANTÁ,Amazônia
 1634700611 ,a1d8a05a-71d0-3de1-ad6d-44032b4b0b45,    3.517870 ,  -59.835780 ,2023-06-24 17:54:00,Brasil,RORAIMA,BONFIM,Amazônia
 1637061672 ,0ae1e4ee-f48e-38fb-94b7-b39f324089f5,    2.734460 ,  -60.564740 ,2023-07-10 17:39:00,Brasil,RORAIMA,CANTÁ,Amazônia
 1637467150 ,fae6a7ad-e271-371f-aeef-5f0f228982d5,    3.053610 ,  -60.051690 ,2023-07-12 17:24:00,Brasil,RORAIMA,BONFIM,Amazônia
 1637467154 ,9e39e85a-2073-3bfd-801c-642befeaffa2,    3.054360 ,  -60.056470 ,2023-07-12 17:24:00,Brasil,RORAIMA,BONFIM,Amazônia
 1637467158 ,ac5eff29-d702-3767-8748-d0707b94c2d7,    3.057270 ,  -60.037880 ,2023-07-12 17:24:00,Brasil,RORAIMA,BONFIM,Amazônia
 1638117758 ,7a189ac4-8993-38c4-a247-4ce894941d7f,    4.290430 ,  -60.919500 ,2023-07-15 17:52:00,Brasil,RORAIMA,PACARAIMA,Amazônia
 1638566165 ,75f1c07c-9317-3d94-832f-f5a3812afd91,    3.125710 ,  -60.688740 ,2023-07-17 17:39:00,Brasil,RORAIMA,BOA VISTA,Amazônia
 1638566173 ,885b4184-9400-324e-a418-5d78214ffca5,    3.127500 ,  -60.676910 ,2023-07-17 17:39:00,Brasil,RORAIMA,BOA VISTA,Amazônia
 1638566181 ,040b73c5-0b5a-392f-80bb-767ece8148e7,    3.548650 ,  -60.812750 ,2023-07-17 17:39:00,Brasil,RORAIMA,AMAJARI,Amazônia
 1638789212 ,db50c3f3-3c2d-3657-b649-7835ee0317e8,    4.808460 ,  -60.181630 ,2023-07-18 18:19:00,Brasil,RORAIMA,UIRAMUTÃ,Amazônia
 1638789213 ,c346552c-e5fa-386d-b3a0-4843216a9d60,    4.806540 ,  -60.173780 ,2023-07-18 18:19:00,Brasil,RORAIMA,UIRAMUTÃ,Amazônia
 1639878128 ,af1bdb78-7821-352f-8e47-abced9980143,     .085940 ,  -60.671090 ,2023-07-24 17:37:00,Brasil,RORAIMA,RORAINÓPOLIS,Amazônia
 1653938059 ,5e2fcced-4287-3c85-b306-d4c4b0f18bea,    4.794640 ,  -60.403870 ,2023-10-01 18:15:00,Brasil,RORAIMA,UIRAMUTÃ,Amazônia
 1653938060 ,217acf72-e7eb-3f80-bb22-f1a632788675,    4.029560 ,  -60.461690 ,2023-10-01 18:15:00,Brasil,RORAIMA,PACARAIMA,Amazônia
 1653938061 ,6475dea9-60cc-3a94-ad54-56dfdd31cbf1,    3.957510 ,  -60.755250 ,2023-10-01 18:15:00,Brasil,RORAIMA,PACARAIMA,Amazônia
 1653938062 ,8b03c2fa-77e6-374a-b8cc-b1ffd889df64,    3.952730 ,  -64.452590 ,2023-10-01 18:15:00,Brasil,RORAIMA,AMAJARI,Amazônia
 1653938063 ,3428d6f0-8f2a-314d-bea1-088542c05cfd,    3.677420 ,  -60.943980 ,2023-10-01 18:15:00,Brasil,RORAIMA,AMAJARI,Amazônia
 1653938064 ,bdb25e12-2917-30ae-9ec5-1cedc8f13476,    3.676740 ,  -60.950810 ,2023-10-01 18:15:00,Brasil,RORAIMA,AMAJARI,Amazônia
 1653938065 ,b7f059e6-2ffb-3bdd-860c-f5d764d8dc54,    3.540470 ,  -60.455270 ,2023-10-01 18:15:00,Brasil,RORAIMA,BOA VISTA,Amazônia
 1653938066 ,a2e5c821-4c71-399d-989d-45b8738d8197,    3.538180 ,  -60.471360 ,2023-10-01 18:15:00,Brasil,RORAIMA,BOA VISTA,Amazônia
 1653938067 ,172e4c0c-965c-3c1d-b804-1f394188b5c5,    3.535890 ,  -60.487400 ,2023-10-01 18:15:00,Brasil,RORAIMA,BOA VISTA,Amazônia
 1653938068 ,5093a41f-60ef-320b-a86b-a9acda39b8b3,    3.151700 ,  -60.002220 ,2023-10-01 18:15:00,Brasil,RORAIMA,BONFIM,Amazônia
 1653938069 ,4c60b4d0-e0b6-384e-b7bb-db9d93f7be8d,    2.680550 ,  -60.054310 ,2023-10-01 18:13:00,Brasil,RORAIMA,BONFIM,Amazônia
 1653938070 ,3d1c24af-2077-3790-a280-b897c96df43e,    2.668580 ,  -60.052620 ,2023-10-01 18:13:00,Brasil,RORAIMA,BONFIM,Amazônia
 1654101592 ,3319d2f7-81f4-3bda-8a91-7d46e098e007,    3.933860 ,  -59.660170 ,2023-10-02 17:20:00,Brasil,RORAIMA,NORMANDIA,Amazônia
 1654101593 ,1cface90-a873-3335-8943-3e7d5b83d95f,    3.933170 ,  -59.653270 ,2023-10-02 17:20:00,Brasil,RORAIMA,NORMANDIA,Amazônia
 1654101594 ,4e4c5778-3e59-3b32-843b-2f26e54a5b73,    3.174680 ,  -60.032650 ,2023-10-02 17:20:00,Brasil,RORAIMA,BONFIM,Amazônia
 1654101595 ,e6deef5e-902c-3038-a58d-08c7e14c2e00,    3.171450 ,  -60.039120 ,2023-10-02 17:20:00,Brasil,RORAIMA,BONFIM,Amazônia
 1654101596 ,036b39d9-f7df-39ec-b53d-8ede9d13f488,    3.140800 ,  -60.034360 ,2023-10-02 17:20:00,Brasil,RORAIMA,BONFIM,Amazônia
 1654101597 ,515388da-8a9d-3177-9093-136387952904,     .628550 ,  -60.057530 ,2023-10-02 17:17:00,Brasil,RORAIMA,SÃO JOÃO DA BALIZA,Amazônia
 1654101598 ,e3003e40-acb2-3e73-8f08-c9b6e1d24cf6,     .620100 ,  -60.049170 ,2023-10-02 17:17:00,Brasil,RORAIMA,SÃO JOÃO DA BALIZA,Amazônia
 1654101638 ,e15dd733-0cbe-36e6-9e8a-5493d1f677cc,    3.916670 ,  -60.520370 ,2023-10-02 17:20:00,Brasil,RORAIMA,PACARAIMA,Amazônia
 1654101639 ,99120faa-abc0-35f9-9938-e70c08161635,    3.424450 ,  -60.744060 ,2023-10-02 17:20:00,Brasil,RORAIMA,BOA VISTA,Amazônia
 1654101640 ,a9778014-98d7-3f7f-97bc-bb710344d81b,    3.419100 ,  -60.777400 ,2023-10-02 17:20:00,Brasil,RORAIMA,BOA VISTA,Amazônia
 1654101641 ,d873be8c-9ce0-3fad-b92c-b906cc14ebe5,    3.411270 ,  -60.768900 ,2023-10-02 17:20:00,Brasil,RORAIMA,BOA VISTA,Amazônia
 1654266676 ,d07cc1ec-8fd2-341e-8ef1-7b217d24adf8,    3.356280 ,  -59.944890 ,2023-10-03 18:00:00,Brasil,RORAIMA,BONFIM,Amazônia
 1654266666 ,dfe9ab73-dbd6-3003-8444-ae88d1296a6b,    3.777620 ,  -59.908410 ,2023-10-03 18:00:00,Brasil,RORAIMA,NORMANDIA,Amazônia
 1654266674 ,b299dfb9-9e9f-3f4c-8846-a35669ff2c76,    3.367050 ,  -59.936360 ,2023-10-03 18:00:00,Brasil,RORAIMA,BONFIM,Amazônia
 1654266675 ,111579e4-8b73-35bb-95e7-615244f62f60,    3.357680 ,  -59.934990 ,2023-10-03 18:00:00,Brasil,RORAIMA,BONFIM,Amazônia
 1654266677 ,49938b68-3ab8-38f7-95ed-95b0414aacfd,    2.675720 ,  -60.061990 ,2023-10-03 18:00:00,Brasil,RORAIMA,BONFIM,Amazônia
 1654266678 ,9f67dd16-c79f-3cc7-86c3-2dc0b23d07ff,    2.674360 ,  -60.071610 ,2023-10-03 18:00:00,Brasil,RORAIMA,BONFIM,Amazônia
 1654266679 ,92fcce65-db22-38f4-a01c-f89780f76704,     .992520 ,  -59.603810 ,2023-10-03 17:58:00,Brasil,RORAIMA,CAROEBE,Amazônia
 1654266680 ,706cb217-65b6-3dc6-a591-60e9208623c0,     .938920 ,  -59.529770 ,2023-10-03 17:58:00,Brasil,RORAIMA,CAROEBE,Amazônia
 1654266681 ,2ca601b9-b8b7-3501-9868-a80df937f8f1,     .657470 ,  -59.570230 ,2023-10-03 17:58:00,Brasil,RORAIMA,CAROEBE,Amazônia
 1654266914 ,49355875-faec-3f85-99a0-4b23c8d2d3e9,    4.297580 ,  -60.308410 ,2023-10-03 18:00:00,Brasil,RORAIMA,UIRAMUTÃ,Amazônia
 1654266915 ,0d20133f-f92f-327f-9b94-098483069842,    4.226470 ,  -59.983590 ,2023-10-03 18:00:00,Brasil,RORAIMA,NORMANDIA,Amazônia
 1654266916 ,44e345d0-39d6-3f5e-bb8f-f92a95bc07ff,    4.225030 ,  -59.993600 ,2023-10-03 18:00:00,Brasil,RORAIMA,NORMANDIA,Amazônia
 1654266917 ,cfcb7ee0-85e8-37ed-abc5-bba405357842,    4.167720 ,  -60.777970 ,2023-10-03 18:00:00,Brasil,RORAIMA,PACARAIMA,Amazônia
 1654266918 ,8bc365b7-39ec-326e-8db8-dfb2ebca0386,    4.166390 ,  -60.787280 ,2023-10-03 18:00:00,Brasil,RORAIMA,PACARAIMA,Amazônia
 1654266919 ,e7a2cfea-5b2c-3178-be84-e27400077620,    4.116900 ,  -60.745050 ,2023-10-03 18:00:00,Brasil,RORAIMA,PACARAIMA,Amazônia
 1654266920 ,b7406642-7b2a-3ba1-8103-12c6577a1cdb,    4.045700 ,  -60.342090 ,2023-10-03 18:00:00,Brasil,RORAIMA,NORMANDIA,Amazônia
 1654266921 ,99013b41-4f1e-3cee-8517-356d5d170b99,    3.994320 ,  -60.702510 ,2023-10-03 18:00:00,Brasil,RORAIMA,PACARAIMA,Amazônia
 1654266922 ,a7c00542-a135-3507-9944-173c3df446b7,    3.992590 ,  -59.927850 ,2023-10-03 18:00:00,Brasil,RORAIMA,NORMANDIA,Amazônia
 1654266923 ,e9350942-5f04-33c8-8022-894cf4ab2e7d,    3.989800 ,  -59.947690 ,2023-10-03 18:00:00,Brasil,RORAIMA,NORMANDIA,Amazônia
 1654266924 ,93864416-3285-367c-a8a6-6d137ab5eb76,    3.978730 ,  -60.681170 ,2023-10-03 18:00:00,Brasil,RORAIMA,PACARAIMA,Amazônia
 1654266925 ,96165af6-ca77-39ed-b4cd-cdc31051fbda,    3.747390 ,  -61.012430 ,2023-10-03 18:00:00,Brasil,RORAIMA,AMAJARI,Amazônia
 1654266926 ,185a2b67-9d81-3292-9538-275e5b5579b5,    3.059250 ,  -61.247430 ,2023-10-03 18:00:00,Brasil,RORAIMA,ALTO ALEGRE,Amazônia
 1654266927 ,a684277a-6231-3efd-bae3-8e8204313ad5,    3.040690 ,  -61.248230 ,2023-10-03 18:00:00,Brasil,RORAIMA,ALTO ALEGRE,Amazônia
 1654266928 ,94890842-f629-3479-b61d-83bc70b77ee1,    2.653100 ,  -60.482780 ,2023-10-03 18:00:00,Brasil,RORAIMA,CANTÁ,Amazônia
 1654266929 ,874133b2-c004-381d-a4db-9a61ceaa9fa7,    2.651760 ,  -60.492070 ,2023-10-03 18:00:00,Brasil,RORAIMA,CANTÁ,Amazônia
 1654266930 ,c1b913ab-a185-385c-9d0a-0bc0693cec2b,    2.645330 ,  -60.472180 ,2023-10-03 18:00:00,Brasil,RORAIMA,CANTÁ,Amazônia
 1654266931 ,cc569e5c-55aa-3c06-b9a3-14a7f4979e46,    2.644000 ,  -60.481470 ,2023-10-03 18:00:00,Brasil,RORAIMA,CANTÁ,Amazônia
 1654266932 ,0d704702-b78c-39f7-9b38-ef44da399355,    2.103610 ,  -60.913510 ,2023-10-03 18:00:00,Brasil,RORAIMA,CANTÁ,Amazônia
 1654266933 ,99c831dc-72ec-39c7-a398-e1c91c5851d7,    1.774670 ,  -60.638230 ,2023-10-03 18:00:00,Brasil,RORAIMA,CARACARAÍ,Amazônia
 1654266934 ,96fb5069-a767-3551-93c4-df5e00e88aa7,     .693000 ,  -60.601510 ,2023-10-03 17:58:00,Brasil,RORAIMA,RORAINÓPOLIS,Amazônia
 1654267292 ,40262d4f-7b64-3913-a6cc-937cd99231dc,    3.267650 ,  -63.116620 ,2023-10-03 18:00:00,Brasil,RORAIMA,ALTO ALEGRE,Amazônia
 1654629996 ,1ad1cb90-1628-38ec-a6bd-450e5f95b659,    4.840770 ,  -60.538600 ,2023-10-05 17:47:00,Brasil,RORAIMA,UIRAMUTÃ,Amazônia
 1654629997 ,37afc5f2-0ac8-3c79-b725-a384c02f927e,    4.266200 ,  -60.122630 ,2023-10-05 17:45:00,Brasil,RORAIMA,UIRAMUTÃ,Amazônia
 1654629998 ,0751b6d5-82dc-3f03-a481-2c7ec1710ca7,    4.256970 ,  -60.121270 ,2023-10-05 17:45:00,Brasil,RORAIMA,NORMANDIA,Amazônia
 1654629999 ,5d097157-6336-30af-b8e0-3f7f8d29cbf6,    3.936380 ,  -60.902180 ,2023-10-05 17:45:00,Brasil,RORAIMA,PACARAIMA,Amazônia
 1654630000 ,bcfeb885-eed7-3bfd-bbe9-c0b89fc39900,    3.804880 ,  -60.323330 ,2023-10-05 17:45:00,Brasil,RORAIMA,NORMANDIA,Amazônia
 1654630001 ,e7d71aa6-89bf-3a50-93d1-aaff1ff6513c,    3.773300 ,  -60.278200 ,2023-10-05 17:45:00,Brasil,RORAIMA,NORMANDIA,Amazônia
 1654630002 ,c18d4bf5-fa3d-3fde-b2b2-d97058db09cf,    3.713560 ,  -61.356740 ,2023-10-05 17:45:00,Brasil,RORAIMA,AMAJARI,Amazônia
 1654630005 ,eea16201-3c6b-397c-bbf7-e393f20106da,    3.270060 ,  -61.045350 ,2023-10-05 17:45:00,Brasil,RORAIMA,ALTO ALEGRE,Amazônia
 1654630006 ,b0095315-b802-3bbf-9dcf-4ae57c1ad866,    3.185890 ,  -59.949210 ,2023-10-05 17:45:00,Brasil,RORAIMA,BONFIM,Amazônia
 1654630007 ,0555cf49-79ba-3540-853c-4edec8a506df,    3.029570 ,  -60.082820 ,2023-10-05 17:45:00,Brasil,RORAIMA,BONFIM,Amazônia
 1654630008 ,ff0603a5-23eb-361c-be09-b37dc9fcdee7,    3.020230 ,  -60.081450 ,2023-10-05 17:45:00,Brasil,RORAIMA,BONFIM,Amazônia
 1654630009 ,b7694bf2-a2e9-37ad-9e74-cdbff8305af1,    2.882390 ,  -60.465360 ,2023-10-05 17:45:00,Brasil,RORAIMA,BONFIM,Amazônia
 1654630010 ,ab994f66-06ec-3d1d-8bbe-7a90f92d4f44,    2.872860 ,  -60.463920 ,2023-10-05 17:45:00,Brasil,RORAIMA,BONFIM,Amazônia
 1654630011 ,df305b07-996a-3b9d-a4f8-472b65ea46ea,    2.860910 ,  -63.659660 ,2023-10-05 17:45:00,Brasil,RORAIMA,ALTO ALEGRE,Amazônia
 1654630012 ,9d9d0f80-43a2-3661-a2a1-22e21471439b,    2.792250 ,  -61.084510 ,2023-10-05 17:45:00,Brasil,RORAIMA,ALTO ALEGRE,Amazônia
 1654630013 ,3e69edd6-8870-32d0-96f2-eae1e0d5145f,    2.698780 ,  -60.066510 ,2023-10-05 17:45:00,Brasil,RORAIMA,BONFIM,Amazônia
 1654630014 ,38080631-e0d9-3883-ad96-7ab623a13279,    2.653100 ,  -60.440250 ,2023-10-05 17:45:00,Brasil,RORAIMA,CANTÁ,Amazônia
 1654630015 ,87e81359-ff2b-3c52-a923-d485d0d8c59f,    2.618810 ,  -60.241480 ,2023-10-05 17:45:00,Brasil,RORAIMA,BONFIM,Amazônia
 1654630021 ,a872b63d-31ba-393a-96fd-43215039c298,    1.765500 ,  -60.630320 ,2023-10-05 17:45:00,Brasil,RORAIMA,CARACARAÍ,Amazônia
 1654630022 ,4fc3331f-5dcc-3c22-8a1b-4a37126d8abb,    1.763890 ,  -60.641080 ,2023-10-05 17:45:00,Brasil,RORAIMA,CARACARAÍ,Amazônia
 1654630023 ,4d977a7f-1db2-357a-9abd-d1a4be02534c,    1.763010 ,  -60.635480 ,2023-10-05 17:45:00,Brasil,RORAIMA,CARACARAÍ,Amazônia
 1654630031 ,594e46e2-6484-32c3-bffe-8bfbf2095413,    1.080770 ,  -59.483790 ,2023-10-05 17:45:00,Brasil,RORAIMA,CAROEBE,Amazônia
 1654630032 ,42693eab-2cce-3c27-bbca-5415e33caf14,    1.080520 ,  -59.729310 ,2023-10-05 17:45:00,Brasil,RORAIMA,CAROEBE,Amazônia
 1654630033 ,c8139a77-9a0d-3637-9a54-4b4ea6b2499e,    1.079380 ,  -59.493430 ,2023-10-05 17:45:00,Brasil,RORAIMA,CAROEBE,Amazônia
 1654630034 ,d060b87b-9007-35f8-82fe-8611a82ec6cc,    1.079060 ,  -59.739200 ,2023-10-05 17:45:00,Brasil,RORAIMA,CAROEBE,Amazônia
 1654630035 ,90a2f447-c9b8-3e20-a5eb-314d4fc3c3d9,     .990920 ,  -59.603820 ,2023-10-05 17:45:00,Brasil,RORAIMA,CAROEBE,Amazônia
 1654630036 ,dec01a68-1f9c-37d8-98e3-4c8a1c07e6a9,     .989510 ,  -59.613600 ,2023-10-05 17:45:00,Brasil,RORAIMA,CAROEBE,Amazônia
 1654630037 ,be11e128-7fdf-30af-bfca-653c5dc5afa2,     .731920 ,  -59.593800 ,2023-10-05 17:43:00,Brasil,RORAIMA,CAROEBE,Amazônia
 1654630038 ,d3101753-ea47-3f25-8bd4-8a426ad3b7da,     .605920 ,  -59.653790 ,2023-10-05 17:43:00,Brasil,RORAIMA,CAROEBE,Amazônia
 1654630039 ,190aa0af-2bce-3779-8c70-c7f5530a09f8,     .366810 ,  -60.394760 ,2023-10-05 17:43:00,Brasil,RORAIMA,RORAINÓPOLIS,Amazônia
 1654630040 ,41c82cd6-8275-32ea-a534-d27dc3b2065d,     .159040 ,  -60.419100 ,2023-10-05 17:43:00,Brasil,RORAIMA,RORAINÓPOLIS,Amazônia
 1654825388 ,5e1df391-787d-33ac-8dfc-7e37b0501e12,    2.627100 ,  -60.250540 ,2023-10-06 18:26:00,Brasil,RORAIMA,BONFIM,Amazônia
 1654982014 ,ee0c8051-37ee-3f28-a4a3-ea02709060f8,     .995930 ,  -59.478650 ,2023-10-07 17:30:00,Brasil,RORAIMA,CAROEBE,Amazônia
 1654982039 ,5ef76bfe-0a11-381f-a137-66e41e03cca1,    4.813610 ,  -60.432010 ,2023-10-07 17:32:00,Brasil,RORAIMA,UIRAMUTÃ,Amazônia
 1654982040 ,57f2edd5-3c4b-3aec-9fdc-093e40874698,    4.643640 ,  -60.341030 ,2023-10-07 17:32:00,Brasil,RORAIMA,UIRAMUTÃ,Amazônia
 1654982041 ,d49ff357-6273-34c3-b341-6942cdef4325,    3.492830 ,  -60.668040 ,2023-10-07 17:30:00,Brasil,RORAIMA,AMAJARI,Amazônia
 1655191996 ,269d3706-0c90-3e91-af65-54473430c911,    2.658710 ,  -60.127690 ,2023-10-08 18:11:00,Brasil,RORAIMA,BONFIM,Amazônia
 1655192161 ,09da1012-486d-34e8-ac58-97bb1d675143,    4.517500 ,  -60.205240 ,2023-10-08 18:11:00,Brasil,RORAIMA,UIRAMUTÃ,Amazônia
 1655192162 ,975f3d9a-6f1c-3aa9-b775-f6b4da0778cd,    4.517250 ,  -60.213370 ,2023-10-08 18:11:00,Brasil,RORAIMA,UIRAMUTÃ,Amazônia
 1655192163 ,6ef63a4a-ad8b-33ec-9a8c-5231187f20e0,    4.319550 ,  -60.311340 ,2023-10-08 18:11:00,Brasil,RORAIMA,UIRAMUTÃ,Amazônia
 1655192164 ,a6ea4433-8fc7-307c-b891-3be0fdfad669,    4.318800 ,  -60.318280 ,2023-10-08 18:11:00,Brasil,RORAIMA,UIRAMUTÃ,Amazônia
 1655192165 ,6406b5dc-cece-3fcb-b467-55b1b43e0084,    4.007440 ,  -60.571870 ,2023-10-08 18:11:00,Brasil,RORAIMA,PACARAIMA,Amazônia
 1655192166 ,571f267c-c0d6-348a-8e40-3d79c2ea3481,    3.978290 ,  -60.538920 ,2023-10-08 18:11:00,Brasil,RORAIMA,PACARAIMA,Amazônia
 1655192167 ,e2eb2c61-3766-3850-ba45-5acc0bf31185,    3.967220 ,  -60.537360 ,2023-10-08 18:11:00,Brasil,RORAIMA,PACARAIMA,Amazônia
 1655192168 ,c43a851e-2a43-3c75-8018-7fa23158afa3,    3.853780 ,  -60.685200 ,2023-10-08 18:11:00,Brasil,RORAIMA,PACARAIMA,Amazônia
 1655192169 ,4c0ce0ac-5ff2-3519-8646-63c6b3b7d4c6,    3.851850 ,  -60.698940 ,2023-10-08 18:11:00,Brasil,RORAIMA,PACARAIMA,Amazônia
 1655192170 ,bf7c3aaf-eb08-3283-90e3-47f3fcd2b42d,    3.782890 ,  -61.338080 ,2023-10-08 18:11:00,Brasil,RORAIMA,AMAJARI,Amazônia
 1655192171 ,538cab04-1b0a-36bc-9a1f-a6fd31aa28b9,    3.771660 ,  -60.778970 ,2023-10-08 18:11:00,Brasil,RORAIMA,PACARAIMA,Amazônia
 1655192172 ,4d4c86a6-afbd-35bc-ab47-df6326a8dd49,    3.769740 ,  -60.792420 ,2023-10-08 18:11:00,Brasil,RORAIMA,PACARAIMA,Amazônia
 1655192173 ,290f4f24-7e18-37d1-bf96-97d97c01658c,    3.680790 ,  -61.113650 ,2023-10-08 18:11:00,Brasil,RORAIMA,AMAJARI,Amazônia
 1655192174 ,a8b4db45-a710-337b-87c9-26073217b25f,    2.877010 ,  -61.020440 ,2023-10-08 18:11:00,Brasil,RORAIMA,ALTO ALEGRE,Amazônia
 1655192175 ,61986714-1266-31fb-84f2-89115280c889,    2.875230 ,  -61.033000 ,2023-10-08 18:11:00,Brasil,RORAIMA,ALTO ALEGRE,Amazônia
 1655192176 ,10a53c42-c7f0-311e-9000-2ca295cbd332,    2.873460 ,  -61.045530 ,2023-10-08 18:11:00,Brasil,RORAIMA,ALTO ALEGRE,Amazônia
 1655192374 ,e1a0a02a-4c90-3d44-b955-a7b59109fbe1,    3.757090 ,  -61.734460 ,2023-10-08 18:11:00,Brasil,RORAIMA,AMAJARI,Amazônia
 1655192827 ,6bcfe4b0-ca78-3a7e-8f74-da56a7bfe16d,    2.891850 ,  -63.631490 ,2023-10-08 18:11:00,Brasil,RORAIMA,ALTO ALEGRE,Amazônia
 1655472864 ,a02a6a1c-9a37-36b7-a5d6-fcf094598918,    2.855870 ,  -60.252540 ,2023-10-10 17:56:00,Brasil,RORAIMA,BONFIM,Amazônia
 1655472930 ,14e1b424-3141-335f-a7b7-532554d25c9a,    2.643040 ,  -63.757720 ,2023-10-10 17:56:00,Brasil,RORAIMA,ALTO ALEGRE,Amazônia
 1655474094 ,aef20c69-c771-3253-8cdc-962289b9df80,    3.856410 ,  -59.883890 ,2023-10-10 17:56:00,Brasil,RORAIMA,NORMANDIA,Amazônia
 1655474109 ,a2c65ea7-eab1-35ce-ba23-6d07b495dbe8,     .775610 ,  -59.790940 ,2023-10-10 17:56:00,Brasil,RORAIMA,SÃO JOÃO DA BALIZA,Amazônia
 1655474110 ,b5f8f64b-b00a-3c60-a8d2-9ada607837b8,     .750380 ,  -59.587170 ,2023-10-10 17:56:00,Brasil,RORAIMA,CAROEBE,Amazônia
 1655474111 ,970f136c-4e37-37dd-8ae5-b0d56f509a13,     .749050 ,  -59.596290 ,2023-10-10 17:56:00,Brasil,RORAIMA,CAROEBE,Amazônia
 1655474112 ,bc4f273e-4bf9-3379-be28-72844ab495c8,     .699410 ,  -59.875190 ,2023-10-10 17:56:00,Brasil,RORAIMA,SÃO JOÃO DA BALIZA,Amazônia
 1655474113 ,7e23ab38-4052-328d-b586-1c3bb7bee3d7,     .690990 ,  -59.615760 ,2023-10-10 17:56:00,Brasil,RORAIMA,CAROEBE,Amazônia
 1655474114 ,da573d83-052f-3073-9201-83b92b9658bd,     .669050 ,  -59.640390 ,2023-10-10 17:56:00,Brasil,RORAIMA,CAROEBE,Amazônia
 1655474115 ,2dc3c44c-2cc6-3555-b4e8-de9b6384fbe6,     .631950 ,  -60.534020 ,2023-10-10 17:56:00,Brasil,RORAIMA,RORAINÓPOLIS,Amazônia
 1655474116 ,49007e40-4422-382c-bc08-4abd8276190f,     .630670 ,  -60.542870 ,2023-10-10 17:56:00,Brasil,RORAIMA,RORAINÓPOLIS,Amazônia
 1655474117 ,959a6002-b7a5-3b35-9214-56c6df4aaf87,     .618310 ,  -59.920950 ,2023-10-10 17:56:00,Brasil,RORAIMA,SÃO JOÃO DA BALIZA,Amazônia
 1655474118 ,fcbb4e96-9c0e-3886-802b-2c13555622d0,     .571150 ,  -60.447170 ,2023-10-10 17:56:00,Brasil,RORAIMA,RORAINÓPOLIS,Amazônia
 1655474119 ,e451dae4-d841-39a7-b7ac-b607ef728654,     .499290 ,  -59.344850 ,2023-10-10 17:56:00,Brasil,RORAIMA,CAROEBE,Amazônia
 1655474120 ,753f516b-d7d1-3cd5-848a-ffd6195bcc6d,     .214720 ,  -60.614770 ,2023-10-10 17:56:00,Brasil,RORAIMA,RORAINÓPOLIS,Amazônia
 1655474121 ,efd477ec-431d-384a-af60-b05d984b5d78,     .212160 ,  -60.632470 ,2023-10-10 17:56:00,Brasil,RORAIMA,RORAINÓPOLIS,Amazônia
 1655474122 ,e89c6451-016f-3a3b-b5d7-80cdb5b65607,     .181770 ,  -60.465470 ,2023-10-10 17:56:00,Brasil,RORAIMA,RORAINÓPOLIS,Amazônia
 1655474302 ,256a9fe0-29f6-3b3d-978c-1a8b66439a66,    4.911550 ,  -60.301170 ,2023-10-10 17:56:00,Brasil,RORAIMA,UIRAMUTÃ,Amazônia
 1655474303 ,01f2974b-7fd2-3b7a-b1e9-2b099a8f6c6c,    4.910270 ,  -60.310240 ,2023-10-10 17:56:00,Brasil,RORAIMA,UIRAMUTÃ,Amazônia
 1655474304 ,dcf361ed-542e-3c3d-ac6b-8d506fe24d95,    4.640560 ,  -60.653580 ,2023-10-10 17:56:00,Brasil,RORAIMA,PACARAIMA,Amazônia
 1655474305 ,7dfe5207-11a5-31dd-bec2-cf6e549f6652,    4.639280 ,  -60.662510 ,2023-10-10 17:56:00,Brasil,RORAIMA,PACARAIMA,Amazônia
 1655474306 ,b4c96b54-98f1-36b6-a99f-c40b42ab6874,    4.510910 ,  -60.719880 ,2023-10-10 17:56:00,Brasil,RORAIMA,PACARAIMA,Amazônia
 1655474307 ,c9aaa911-628b-32c9-b556-c2bf428c0d80,    4.501970 ,  -60.718520 ,2023-10-10 17:56:00,Brasil,RORAIMA,PACARAIMA,Amazônia
 1655474308 ,2e446b33-7f2f-34ce-b1a0-5427e1d04cec,    4.500660 ,  -60.727680 ,2023-10-10 17:56:00,Brasil,RORAIMA,PACARAIMA,Amazônia
 1655474309 ,2fd15485-fd52-3e8b-9532-5400f5fabc34,    4.475640 ,  -60.197760 ,2023-10-10 17:56:00,Brasil,RORAIMA,UIRAMUTÃ,Amazônia
 1655474310 ,a3d1de92-aa11-3f22-b531-27b832ee8337,    4.373440 ,  -60.849250 ,2023-10-10 17:56:00,Brasil,RORAIMA,PACARAIMA,Amazônia
 1655474311 ,fb2bf8d2-c2c1-31db-99ef-b9feb6842bf9,    4.351680 ,  -61.000880 ,2023-10-10 17:56:00,Brasil,RORAIMA,PACARAIMA,Amazônia
 1655474312 ,e05576de-67ea-3e68-b83f-93c25c7c20e8,    4.338010 ,  -59.870420 ,2023-10-10 17:56:00,Brasil,RORAIMA,UIRAMUTÃ,Amazônia
 1655474313 ,f7c0f3ce-67c9-31e5-a52b-b40fd9d5ccac,    4.321680 ,  -60.944350 ,2023-10-10 17:56:00,Brasil,RORAIMA,PACARAIMA,Amazônia
 1655474314 ,6179ca07-b773-37db-98d9-37691f73a4ee,    4.282180 ,  -60.965840 ,2023-10-10 17:56:00,Brasil,RORAIMA,PACARAIMA,Amazônia
 1655474315 ,81338670-c6f1-3e7f-8f1c-7f76afd81622,    4.280900 ,  -60.974770 ,2023-10-10 17:56:00,Brasil,RORAIMA,PACARAIMA,Amazônia
 1655474316 ,415b3137-a44e-3d36-8c46-29e88885322b,    4.243170 ,  -60.854280 ,2023-10-10 17:56:00,Brasil,RORAIMA,PACARAIMA,Amazônia
 1655474317 ,0008aadc-e4dc-3631-b7d5-49bc3f4f78b1,    4.208870 ,  -60.712220 ,2023-10-10 17:56:00,Brasil,RORAIMA,PACARAIMA,Amazônia
 1655474318 ,9d822d4f-44a3-3ded-9271-92ffec774e0b,    4.190480 ,  -60.702960 ,2023-10-10 17:56:00,Brasil,RORAIMA,PACARAIMA,Amazônia
 1655474319 ,3f77116a-6cdb-3fdc-b6d1-5859d3f2c586,    4.133010 ,  -60.657970 ,2023-10-10 17:56:00,Brasil,RORAIMA,PACARAIMA,Amazônia
 1655474320 ,05d2ed0f-6ac5-3c4f-bba1-4863cb1629f7,    4.090080 ,  -60.700970 ,2023-10-10 17:56:00,Brasil,RORAIMA,PACARAIMA,Amazônia
 1655474321 ,a5cf9539-8d46-312f-bebc-2921744b754a,    4.039610 ,  -61.181180 ,2023-10-10 17:56:00,Brasil,RORAIMA,AMAJARI,Amazônia
 1655474322 ,29f95907-c9ca-3633-bf2c-494811237a3b,    3.900470 ,  -59.966430 ,2023-10-10 17:56:00,Brasil,RORAIMA,NORMANDIA,Amazônia
 1655474323 ,ebaba68a-50e7-3f52-bbfd-436e801f09d2,    3.858770 ,  -59.998310 ,2023-10-10 17:56:00,Brasil,RORAIMA,NORMANDIA,Amazônia
 1655474324 ,3bca2dcf-245a-32d6-82de-012f6d332a9a,    3.851000 ,  -59.987710 ,2023-10-10 17:56:00,Brasil,RORAIMA,NORMANDIA,Amazônia
 1655474325 ,b9d2e113-c9c9-3a08-bc0d-acd825f2bb1a,    4.019480 ,  -61.063880 ,2023-10-10 17:56:00,Brasil,RORAIMA,PACARAIMA,Amazônia
 1655474326 ,22839f82-e03f-3bcd-8453-9b8721cb45ac,    3.887530 ,  -61.146740 ,2023-10-10 17:56:00,Brasil,RORAIMA,AMAJARI,Amazônia
 1655474329 ,87f14b25-3519-3d96-984e-10cb03bc535b,    4.891180 ,  -60.320880 ,2023-10-10 17:56:00,Brasil,RORAIMA,UIRAMUTÃ,Amazônia
 1655474330 ,b485cf1b-322c-3b6e-a4bb-5b2cbbd40034,    4.800400 ,  -60.568770 ,2023-10-10 17:56:00,Brasil,RORAIMA,UIRAMUTÃ,Amazônia
 1655474331 ,e5b73409-a608-393c-992f-dfbcff5ca55c,    4.799100 ,  -60.577840 ,2023-10-10 17:56:00,Brasil,RORAIMA,UIRAMUTÃ,Amazônia
 1655474332 ,edb9b96b-00fd-3a7e-8bdd-65d29019ae12,    4.756160 ,  -60.228440 ,2023-10-10 17:56:00,Brasil,RORAIMA,UIRAMUTÃ,Amazônia
 1655474333 ,21da5213-9492-323e-9023-ab5a0da11b02,    4.574180 ,  -60.470630 ,2023-10-10 17:56:00,Brasil,RORAIMA,UIRAMUTÃ,Amazônia
 1655474334 ,fcbd154f-dd91-39a1-aef0-c13a21a928fd,    4.491730 ,  -60.726350 ,2023-10-10 17:56:00,Brasil,RORAIMA,PACARAIMA,Amazônia
 1655474335 ,b8acf1b6-3a19-3268-884a-8284bff75e91,    4.339330 ,  -59.861130 ,2023-10-10 17:56:00,Brasil,RORAIMA,UIRAMUTÃ,Amazônia
 1655474336 ,61f6dabf-bb32-34ff-8076-6e9d9e2a6cf0,    4.241890 ,  -60.863200 ,2023-10-10 17:56:00,Brasil,RORAIMA,PACARAIMA,Amazônia
 1655474337 ,f867df69-5547-3adb-8479-f67d27a60be3,    4.207590 ,  -60.721180 ,2023-10-10 17:56:00,Brasil,RORAIMA,PACARAIMA,Amazônia
 1655474338 ,99ccae11-bd74-3f47-a5b0-59cac9a82b6f,    4.179000 ,  -60.148680 ,2023-10-10 17:56:00,Brasil,RORAIMA,NORMANDIA,Amazônia
 1655474339 ,59ac88d8-1b18-3eb8-823b-a089f175b91f,    4.071090 ,  -60.578970 ,2023-10-10 17:56:00,Brasil,RORAIMA,PACARAIMA,Amazônia
 1655474340 ,3b88712f-e19f-37f5-88fe-4a57e44a5af0,    4.041980 ,  -60.327870 ,2023-10-10 17:56:00,Brasil,RORAIMA,NORMANDIA,Amazônia
 1655474341 ,315df0fc-b3bd-37c7-ad85-9e6a8cedc4e6,    4.039360 ,  -60.346070 ,2023-10-10 17:56:00,Brasil,RORAIMA,NORMANDIA,Amazônia
 1655474342 ,14f77ebd-003e-3ba8-a3c2-ad8de4b79cce,    4.031660 ,  -60.335670 ,2023-10-10 17:56:00,Brasil,RORAIMA,NORMANDIA,Amazônia
 1655474343 ,1c077f38-acf1-37b8-99c3-c9e535d0e630,    4.030350 ,  -60.344770 ,2023-10-10 17:56:00,Brasil,RORAIMA,NORMANDIA,Amazônia
 1655474344 ,d6437e27-f4f3-327a-8850-fbe69553053c,    4.025130 ,  -60.381130 ,2023-10-10 17:56:00,Brasil,RORAIMA,NORMANDIA,Amazônia
 1655474345 ,de52cd9d-c5dd-31af-b4d6-676098ac14f6,    4.024340 ,  -59.943960 ,2023-10-10 17:56:00,Brasil,RORAIMA,NORMANDIA,Amazônia
 1655474346 ,9d16f6fe-88ce-33a1-b762-e73766ef7aab,    3.849680 ,  -59.996990 ,2023-10-10 17:56:00,Brasil,RORAIMA,NORMANDIA,Amazônia
 1655474347 ,38ecd5e9-8654-3f85-8474-6564e2582db1,    3.700800 ,  -60.528250 ,2023-10-10 17:56:00,Brasil,RORAIMA,PACARAIMA,Amazônia
 1655474348 ,55798b62-ef59-3aa3-86ed-5428c1c53648,    3.524130 ,  -60.855240 ,2023-10-10 17:56:00,Brasil,RORAIMA,AMAJARI,Amazônia
 1655474349 ,b993e79a-08a2-3c21-bb12-1e7b9ced8e24,    3.507600 ,  -60.843770 ,2023-10-10 17:56:00,Brasil,RORAIMA,AMAJARI,Amazônia
 1655474350 ,6079a4de-c24c-39f5-ae30-c16a0a6d7199,    3.361220 ,  -60.454520 ,2023-10-10 17:56:00,Brasil,RORAIMA,BOA VISTA,Amazônia
 1655474351 ,91fdb0ca-6db1-3af0-aae8-2415ef89b95d,    2.903480 ,  -60.430270 ,2023-10-10 17:56:00,Brasil,RORAIMA,BONFIM,Amazônia
 1655474352 ,f2508fd6-6387-3491-9b2a-614e87b340fc,    3.508880 ,  -60.834870 ,2023-10-10 17:56:00,Brasil,RORAIMA,AMAJARI,Amazônia
 1655474353 ,403f8604-34e3-3569-a128-edf1dfe71cf7,    3.362520 ,  -60.445540 ,2023-10-10 17:56:00,Brasil,RORAIMA,BOA VISTA,Amazônia
 1655474354 ,119d3a56-50b9-350f-b039-f2e8b9751206,    3.359930 ,  -60.463510 ,2023-10-10 17:56:00,Brasil,RORAIMA,BOA VISTA,Amazônia
 1655474355 ,2902a272-cc28-3edf-be43-bb1ec1abe1f3,    3.186060 ,  -60.581460 ,2023-10-10 17:56:00,Brasil,RORAIMA,BOA VISTA,Amazônia
 1655474356 ,c891a65e-35f6-3f9b-afeb-26fe0fa4ea28,    2.902190 ,  -60.439240 ,2023-10-10 17:56:00,Brasil,RORAIMA,BONFIM,Amazônia
 1655474357 ,f8b4150f-15a9-33cc-b79a-bcf28faa2a42,    2.368580 ,  -60.242870 ,2023-10-10 17:56:00,Brasil,RORAIMA,CANTÁ,Amazônia
 1655474358 ,98767e32-ece1-3941-b39d-9d287519698e,    1.768120 ,  -60.637070 ,2023-10-10 17:56:00,Brasil,RORAIMA,CARACARAÍ,Amazônia
 1655474359 ,ff3d5126-d76d-3141-896c-f7de25776f63,    -.238900 ,  -61.014290 ,2023-10-10 17:56:00,Brasil,RORAIMA,RORAINÓPOLIS,Amazônia
 1655474367 ,c3f70261-e98b-31a0-9e1f-1cb5058302ac,   -1.080300 ,  -61.605850 ,2023-10-10 17:56:00,Brasil,RORAIMA,RORAINÓPOLIS,Amazônia
 1655474531 ,5164315c-0546-38b3-b288-4f3ef4393ba1,    3.557740 ,  -61.833520 ,2023-10-10 17:56:00,Brasil,RORAIMA,AMAJARI,Amazônia
 1655860721 ,fa68126b-52a1-3220-a44f-fc2577536e4c,    4.233820 ,  -60.401520 ,2023-10-12 17:41:00,Brasil,RORAIMA,UIRAMUTÃ,Amazônia
 1655860722 ,62ee3eb9-11a2-3bb0-ac9b-8ac6707929cd,    4.180450 ,  -60.007970 ,2023-10-12 17:41:00,Brasil,RORAIMA,NORMANDIA,Amazônia
 1655860723 ,5b088d02-7ed9-3826-b6a8-45658045914e,    4.170890 ,  -60.006600 ,2023-10-12 17:41:00,Brasil,RORAIMA,NORMANDIA,Amazônia
 1655860724 ,a4da7f62-4cba-31fd-96b6-389df40234cb,    4.032940 ,  -59.693570 ,2023-10-12 17:41:00,Brasil,RORAIMA,NORMANDIA,Amazônia
 1655860725 ,8244d486-143b-32fa-913f-cb3024d1f84b,    3.970880 ,  -59.850820 ,2023-10-12 17:41:00,Brasil,RORAIMA,NORMANDIA,Amazônia
 1655860726 ,bab780cd-7af6-3919-ab96-5207784bcde3,    3.669340 ,  -60.415060 ,2023-10-12 17:41:00,Brasil,RORAIMA,NORMANDIA,Amazônia
 1655860740 ,0007b8df-6c90-36d2-9272-df5f84129822,    1.066320 ,  -59.621160 ,2023-10-12 17:41:00,Brasil,RORAIMA,CAROEBE,Amazônia
 1655860741 ,5f04040a-156e-36ed-b6b1-2ac94c2ac490,     .921540 ,  -59.555390 ,2023-10-12 17:41:00,Brasil,RORAIMA,CAROEBE,Amazônia
 1655860742 ,7c726b9c-bcf5-3430-89bb-85bbd6c8a1ea,     .770550 ,  -59.327990 ,2023-10-12 17:41:00,Brasil,RORAIMA,CAROEBE,Amazônia
 1655860743 ,95de0efc-4088-3cf9-930c-78155b617eee,     .769050 ,  -59.338330 ,2023-10-12 17:41:00,Brasil,RORAIMA,CAROEBE,Amazônia
 1655860744 ,d9031714-6aed-373e-9369-1ae968b7646e,     .710420 ,  -59.879710 ,2023-10-12 17:41:00,Brasil,RORAIMA,SÃO JOÃO DA BALIZA,Amazônia
 1655860745 ,2b5de833-0756-3a84-aed4-b914296e58b5,     .650490 ,  -60.222420 ,2023-10-12 17:41:00,Brasil,RORAIMA,SÃO LUIZ,Amazônia
 1655860746 ,18ed06dd-7c83-3f6f-b19d-402e1239380d,     .648780 ,  -60.234200 ,2023-10-12 17:41:00,Brasil,RORAIMA,SÃO LUIZ,Amazônia
 1655860747 ,18f32b2a-e5ab-3973-bdb7-e09184810882,     .642020 ,  -60.209210 ,2023-10-12 17:41:00,Brasil,RORAIMA,SÃO LUIZ,Amazônia
 1655860748 ,a855f32c-b2e7-3af4-87be-2395be29c883,     .172540 ,  -60.416740 ,2023-10-12 17:41:00,Brasil,RORAIMA,RORAINÓPOLIS,Amazônia
 1655860749 ,5ac494ce-3b17-31ac-88af-6605c3f74463,     .170760 ,  -60.429070 ,2023-10-12 17:41:00,Brasil,RORAIMA,RORAINÓPOLIS,Amazônia
 1655860750 ,19d8089d-e773-3da0-84f5-43abd47224bb,     .123650 ,  -60.460250 ,2023-10-12 17:41:00,Brasil,RORAIMA,RORAINÓPOLIS,Amazônia
 1655861636 ,785cdbf3-d6c7-3757-bbf1-7fb56cbb7222,    -.054520 ,  -60.641560 ,2023-10-12 17:41:00,Brasil,RORAIMA,RORAINÓPOLIS,Amazônia
 1656021944 ,2b4ea51c-2de7-329e-be05-9a3985e86adf,    4.267930 ,  -60.493830 ,2023-10-13 18:24:00,Brasil,RORAIMA,UIRAMUTÃ,Amazônia
 1656184879 ,d86d11b4-ac48-3865-a7e5-5d88aed40287,    3.681810 ,  -62.388750 ,2023-10-14 17:28:00,Brasil,RORAIMA,AMAJARI,Amazônia
 1656184880 ,67939563-f010-3319-8fd9-b671cfe79d9e,    3.677440 ,  -62.392600 ,2023-10-14 17:28:00,Brasil,RORAIMA,AMAJARI,Amazônia
 1656184881 ,83e57cc3-a311-351e-ac7d-3cf065050341,    3.677110 ,  -62.418820 ,2023-10-14 17:28:00,Brasil,RORAIMA,AMAJARI,Amazônia
 1656185329 ,0a2e8c59-c6cd-3a76-bb9b-114faa7cc64b,    2.062570 ,  -59.806500 ,2023-10-14 17:26:00,Brasil,RORAIMA,BONFIM,Amazônia
 1656185330 ,ac10cd94-f45d-3401-beb3-96ac7bc65d0a,    2.057610 ,  -59.928620 ,2023-10-14 17:26:00,Brasil,RORAIMA,BONFIM,Amazônia
 1656185331 ,daae5290-9ac7-31dd-9990-7c0862bb8336,    2.054720 ,  -59.933160 ,2023-10-14 17:26:00,Brasil,RORAIMA,BONFIM,Amazônia
 1656185332 ,78e9acdd-2ba2-393b-b39f-53c7e1c7b46b,     .915120 ,  -59.415940 ,2023-10-14 17:26:00,Brasil,RORAIMA,CAROEBE,Amazônia
 1656185333 ,cda8d1cc-050c-37be-a434-3415a1f5e9ea,     .847930 ,  -59.341870 ,2023-10-14 17:26:00,Brasil,RORAIMA,CAROEBE,Amazônia
 1656185334 ,84730e84-b254-374f-8e83-1d713b9f13bb,     .845070 ,  -59.361290 ,2023-10-14 17:26:00,Brasil,RORAIMA,CAROEBE,Amazônia
 1656185335 ,52604b77-8b4c-39d9-8e5d-25c4f4dee8b7,     .699040 ,  -59.372340 ,2023-10-14 17:26:00,Brasil,RORAIMA,CAROEBE,Amazônia
 1656185336 ,15327522-7524-332d-8af3-39b78657b46c,     .697170 ,  -59.386970 ,2023-10-14 17:26:00,Brasil,RORAIMA,CAROEBE,Amazônia
 1656185337 ,0e90bc7a-dfde-30bb-ba13-5f0a1ac56568,     .696100 ,  -59.391780 ,2023-10-14 17:26:00,Brasil,RORAIMA,CAROEBE,Amazônia
 1656185338 ,3868226e-629c-38bf-82f4-95882b333b0f,     .674570 ,  -59.544400 ,2023-10-14 17:26:00,Brasil,RORAIMA,CAROEBE,Amazônia
 1656185339 ,274ee218-70e7-33e4-a758-dbe21d73f3fd,     .672280 ,  -59.549020 ,2023-10-14 17:26:00,Brasil,RORAIMA,CAROEBE,Amazônia
 1656185340 ,9edd6a96-b438-3c1e-808b-6e0068adf4aa,     .662120 ,  -59.885520 ,2023-10-14 17:26:00,Brasil,RORAIMA,SÃO JOÃO DA BALIZA,Amazônia
 1656185341 ,3afea87b-01b9-3cde-8c1d-253876cc98a3,     .648820 ,  -59.883390 ,2023-10-14 17:26:00,Brasil,RORAIMA,SÃO JOÃO DA BALIZA,Amazônia
 1656185391 ,dd47675a-6662-32bd-b041-c93a8395c42f,    4.580310 ,  -60.315290 ,2023-10-14 17:28:00,Brasil,RORAIMA,UIRAMUTÃ,Amazônia
 1656185392 ,7f4eda33-45d6-3714-b77b-c94245c61ae2,    4.578770 ,  -60.320110 ,2023-10-14 17:28:00,Brasil,RORAIMA,UIRAMUTÃ,Amazônia
 1656185393 ,e10140f3-ccd1-3f98-97c9-f8745dd63f69,    4.214350 ,  -59.886990 ,2023-10-14 17:28:00,Brasil,RORAIMA,NORMANDIA,Amazônia
 1656185394 ,858c5ee6-3dd8-3226-9999-73a7746eaed3,    4.208920 ,  -60.257580 ,2023-10-14 17:28:00,Brasil,RORAIMA,UIRAMUTÃ,Amazônia
 1656185395 ,bfd64548-9f13-3003-a1fa-194dfb26b5ac,    4.095110 ,  -59.975800 ,2023-10-14 17:28:00,Brasil,RORAIMA,NORMANDIA,Amazônia
 1656185396 ,7683fabf-18f2-3a73-bfc4-8728da3799ca,    4.094900 ,  -59.970860 ,2023-10-14 17:28:00,Brasil,RORAIMA,NORMANDIA,Amazônia
 1656185397 ,513aa0cb-4447-3894-96b6-7951cf799693,    4.053020 ,  -61.089890 ,2023-10-14 17:28:00,Brasil,RORAIMA,PACARAIMA,Amazônia
 1656185398 ,d29a61f8-c445-3fff-a693-d2cd536818ce,    3.951450 ,  -61.334620 ,2023-10-14 17:28:00,Brasil,RORAIMA,AMAJARI,Amazônia
 1656185399 ,de2e53ab-bd7b-3892-a415-a82df8df481c,    3.881660 ,  -60.332930 ,2023-10-14 17:28:00,Brasil,RORAIMA,NORMANDIA,Amazônia
 1656185400 ,a41d6b63-e6d2-39d3-80a6-d11e97826d54,    3.829180 ,  -60.669150 ,2023-10-14 17:28:00,Brasil,RORAIMA,PACARAIMA,Amazônia
 1656185401 ,575eda6c-c4df-37b8-88dd-2bd0fa453ce9,    3.710700 ,  -60.086220 ,2023-10-14 17:26:00,Brasil,RORAIMA,NORMANDIA,Amazônia
 1656185402 ,1a6e1c28-9ae5-330f-b01a-175ad668725d,    3.709400 ,  -60.091150 ,2023-10-14 17:26:00,Brasil,RORAIMA,NORMANDIA,Amazônia
 1656185403 ,e7693056-26a8-33af-8aac-d77eb4a17435,    3.311340 ,  -60.040190 ,2023-10-14 17:26:00,Brasil,RORAIMA,BONFIM,Amazônia
 1656185404 ,eda824a2-da39-3f56-bcfc-182cb91bfd41,    3.308330 ,  -60.059970 ,2023-10-14 17:26:00,Brasil,RORAIMA,BONFIM,Amazônia
 1656185405 ,524a38c9-b4f9-320c-9fc0-aaae526773b3,    2.717700 ,  -60.560750 ,2023-10-14 17:26:00,Brasil,RORAIMA,CANTÁ,Amazônia
 1656185406 ,415476d6-6a08-324c-990b-db08c1c1c5fc,    2.710760 ,  -60.554810 ,2023-10-14 17:26:00,Brasil,RORAIMA,CANTÁ,Amazônia
 1656338997 ,419c5cf0-6e0f-317d-bbde-a59ba1729dda,    3.656830 ,  -59.801720 ,2023-10-15 18:09:00,Brasil,RORAIMA,NORMANDIA,Amazônia
 1656338998 ,9a57b6bf-6e31-302a-b9a4-647e4297f491,    3.654920 ,  -59.815510 ,2023-10-15 18:09:00,Brasil,RORAIMA,NORMANDIA,Amazônia
 1656675737 ,feb41d09-c7c4-310c-bc5b-47c26ce72109,    3.975550 ,  -59.870580 ,2023-10-17 17:54:00,Brasil,RORAIMA,NORMANDIA,Amazônia
 1656675857 ,93d896d9-6056-3dfb-85b3-f7cc2c872b16,    4.752450 ,  -60.048460 ,2023-10-17 17:54:00,Brasil,RORAIMA,UIRAMUTÃ,Amazônia
 1656675858 ,737d1840-8f65-3986-8430-73eb2050b923,    4.219860 ,  -60.034210 ,2023-10-17 17:54:00,Brasil,RORAIMA,NORMANDIA,Amazônia
 1656675859 ,d90c5754-f955-3449-9e5f-d7c43feb577c,    4.091940 ,  -60.667860 ,2023-10-17 17:54:00,Brasil,RORAIMA,PACARAIMA,Amazônia
 1656675860 ,491de774-d44e-3d0c-8e6e-df256e74e575,    3.598360 ,  -60.764160 ,2023-10-17 17:54:00,Brasil,RORAIMA,PACARAIMA,Amazônia
 1657007672 ,ac459647-301c-30e9-affc-6ee1540f9c67,    4.518150 ,  -61.218110 ,2023-10-19 17:39:00,Brasil,RORAIMA,PACARAIMA,Amazônia
 1657007673 ,3654a91c-39c9-36a0-81f8-22e15d3f16aa,    4.411330 ,  -61.171790 ,2023-10-19 17:39:00,Brasil,RORAIMA,PACARAIMA,Amazônia
 1657007674 ,1e0a7636-ea37-3ac1-a473-1e20db0ebe8f,    4.113810 ,  -61.383190 ,2023-10-19 17:39:00,Brasil,RORAIMA,AMAJARI,Amazônia
 1657007675 ,4be16268-7898-3695-b3c9-1d4aa5373a88,    4.081410 ,  -61.141320 ,2023-10-19 17:39:00,Brasil,RORAIMA,PACARAIMA,Amazônia
 1657007677 ,d05e1ab6-e4a7-35bb-acf4-bfd7f3b16789,    4.079280 ,  -61.155570 ,2023-10-19 17:39:00,Brasil,RORAIMA,PACARAIMA,Amazônia
 1657007678 ,3bb63b62-645b-3875-8f09-819d86280aef,    3.803920 ,  -60.533920 ,2023-10-19 17:39:00,Brasil,RORAIMA,PACARAIMA,Amazônia
 1657007679 ,226a0a8d-c03b-378f-8f79-2549f0a1a979,    3.722240 ,  -60.606380 ,2023-10-19 17:39:00,Brasil,RORAIMA,PACARAIMA,Amazônia
 1657007680 ,0344c8b6-5ecd-3292-b26e-777ba76292ee,    3.647160 ,  -59.792380 ,2023-10-19 17:39:00,Brasil,RORAIMA,NORMANDIA,Amazônia
 1657007681 ,2ee55d70-ffc1-3c0f-815b-9f1baa195899,    3.645490 ,  -59.803780 ,2023-10-19 17:39:00,Brasil,RORAIMA,NORMANDIA,Amazônia
 1657007682 ,8fa89021-ef64-3fa7-8543-aa118de60ee4,    3.635380 ,  -59.872600 ,2023-10-19 17:39:00,Brasil,RORAIMA,NORMANDIA,Amazônia
 1657007683 ,e1a14af9-3f42-31cf-8d95-ccb736ed30f2,    3.505460 ,  -60.535350 ,2023-10-19 17:39:00,Brasil,RORAIMA,BOA VISTA,Amazônia
 1657007684 ,a4157599-761f-3111-bbbf-5c0b290c3a64,    3.503540 ,  -60.548180 ,2023-10-19 17:39:00,Brasil,RORAIMA,BOA VISTA,Amazônia
 1657007685 ,710aa7f3-8a0d-32aa-8847-9283c4b863a5,    2.673840 ,  -63.688980 ,2023-10-19 17:39:00,Brasil,RORAIMA,ALTO ALEGRE,Amazônia
 1657007703 ,46356c35-c327-3f75-92e9-c2834d5cbda6,    1.390920 ,  -60.913050 ,2023-10-19 17:39:00,Brasil,RORAIMA,CARACARAÍ,Amazônia
 1657007705 ,f5045473-777f-3d53-8c51-d9165dd8a2bd,    1.201580 ,  -60.948800 ,2023-10-19 17:39:00,Brasil,RORAIMA,CARACARAÍ,Amazônia
 1657007706 ,806037a9-d2ec-37e1-a674-5b766a12b319,     .744630 ,  -60.070140 ,2023-10-19 17:39:00,Brasil,RORAIMA,SÃO LUIZ,Amazônia
 1657176990 ,edef6d5c-b562-31e7-b2b7-130b5173f174,    4.317620 ,  -59.875270 ,2023-10-20 18:21:00,Brasil,RORAIMA,UIRAMUTÃ,Amazônia
 1657177000 ,88c29260-096c-3980-bba0-2feb0aa7975f,    2.812770 ,  -60.257390 ,2023-10-20 18:21:00,Brasil,RORAIMA,BONFIM,Amazônia
 1657177001 ,7d9c1ff9-735c-3a04-a8a3-24b374265fd4,    2.808630 ,  -60.262060 ,2023-10-20 18:21:00,Brasil,RORAIMA,BONFIM,Amazônia
 1657299237 ,4194e8a9-ed51-38df-827d-c41443885073,    4.240940 ,  -60.032260 ,2023-10-21 17:24:00,Brasil,RORAIMA,NORMANDIA,Amazônia
 1657299265 ,42e79a9a-a663-3de0-9509-47c6246bcaad,     .606210 ,  -59.918530 ,2023-10-21 17:24:00,Brasil,RORAIMA,SÃO JOÃO DA BALIZA,Amazônia
 1648182681 ,6d35b9af-0537-3010-a6a0-37d54d474892,    3.951270 ,  -64.432790 ,2023-09-02 17:41:00,Brasil,RORAIMA,AMAJARI,Amazônia
 1648182682 ,b6b8913b-ca68-3fce-b85e-edbd4da42b7e,    3.948390 ,  -64.437230 ,2023-09-02 17:41:00,Brasil,RORAIMA,AMAJARI,Amazônia
 1648182685 ,5c12c0e1-79c0-3b1b-b62b-2336237b11f1,    3.212550 ,  -64.203160 ,2023-09-02 17:41:00,Brasil,RORAIMA,ALTO ALEGRE,Amazônia
 1648183832 ,b8db314b-08f8-3f57-952c-d41fa845a140,    1.154810 ,  -59.322760 ,2023-09-02 17:41:00,Brasil,RORAIMA,CAROEBE,Amazônia
 1648183833 ,cafecc59-ca17-3ab8-92f0-a3df339c304d,     .243530 ,  -60.641750 ,2023-09-02 17:41:00,Brasil,RORAIMA,RORAINÓPOLIS,Amazônia
 1648183834 ,f323ea75-939b-3ae7-bb0f-381198387835,     .073980 ,  -60.543130 ,2023-09-02 17:41:00,Brasil,RORAIMA,RORAINÓPOLIS,Amazônia
 1648183943 ,7a17630b-3ca0-38de-a0ec-074fffca0e43,    2.740450 ,  -61.470650 ,2023-09-02 17:41:00,Brasil,RORAIMA,MUCAJAÍ,Amazônia
 1648183944 ,0d8574bb-7021-3733-a304-588a6c9a1a8f,    2.334880 ,  -60.953220 ,2023-09-02 17:41:00,Brasil,RORAIMA,MUCAJAÍ,Amazônia
 1648183945 ,d60d70b9-1299-3e6a-bd32-fdf3f89b2771,    1.943710 ,  -60.557290 ,2023-09-02 17:41:00,Brasil,RORAIMA,CANTÁ,Amazônia
 1648183946 ,30590793-b0fe-3e37-b0f8-c68fd6dee414,    1.942050 ,  -60.568640 ,2023-09-02 17:41:00,Brasil,RORAIMA,CANTÁ,Amazônia
 1648183947 ,f3b7bab6-e6b5-3152-91d3-0db848565b62,    1.523040 ,  -60.988830 ,2023-09-02 17:41:00,Brasil,RORAIMA,CARACARAÍ,Amazônia
 1648184009 ,7d91028c-949e-3de6-94eb-207d72e4e352,    3.230380 ,  -62.585140 ,2023-09-02 17:41:00,Brasil,RORAIMA,ALTO ALEGRE,Amazônia
 1648184010 ,2fa9ad03-c9ba-3e4f-a23f-ccc731157189,    3.228810 ,  -62.591500 ,2023-09-02 17:41:00,Brasil,RORAIMA,ALTO ALEGRE,Amazônia
 1648184011 ,10c325f1-cd72-36fc-9152-f243e730ed9c,    3.228160 ,  -62.600180 ,2023-09-02 17:41:00,Brasil,RORAIMA,ALTO ALEGRE,Amazônia
 1648450473 ,077d3a3f-eeff-31ab-95ba-816c4e6698a5,    1.756380 ,  -60.227280 ,2023-09-04 17:26:00,Brasil,RORAIMA,CARACARAÍ,Amazônia
 1648450595 ,1878ba36-7967-3f74-b0ad-94589b49e51a,    3.295520 ,  -60.695490 ,2023-09-04 17:26:00,Brasil,RORAIMA,BOA VISTA,Amazônia
 1647732606 ,15e25e05-8504-353a-9c69-8a506cae8461,    3.031250 ,  -60.085670 ,2023-08-31 17:56:00,Brasil,RORAIMA,BONFIM,Amazônia
 1647732607 ,32a922ff-fc04-3c65-9762-21b29e68b6fd,    1.088540 ,  -59.631970 ,2023-08-31 17:56:00,Brasil,RORAIMA,CAROEBE,Amazônia
 1647732608 ,10e7526e-9bbc-3f6d-bc5e-76660e40909f,     .925200 ,  -60.058380 ,2023-08-31 17:54:00,Brasil,RORAIMA,SÃO LUIZ,Amazônia
 1647732609 ,92f2d035-f547-3fc2-8c34-c89d0e59f47a,     .823290 ,  -60.193790 ,2023-08-31 17:54:00,Brasil,RORAIMA,SÃO LUIZ,Amazônia
 1647732610 ,ae0fb4ef-a59f-34b0-9b4d-8aa68fb692b2,     .822010 ,  -60.202720 ,2023-08-31 17:54:00,Brasil,RORAIMA,SÃO LUIZ,Amazônia
 1647732611 ,0f754112-ce88-3938-bbdd-ef17f0e3a686,     .820720 ,  -60.211670 ,2023-08-31 17:54:00,Brasil,RORAIMA,SÃO LUIZ,Amazônia
 1647732612 ,131bd2a0-4b86-3b6e-acf5-4ffd0fad0fc6,     .686130 ,  -59.867150 ,2023-08-31 17:54:00,Brasil,RORAIMA,SÃO JOÃO DA BALIZA,Amazônia
 1647732613 ,0ed302e9-829b-37a9-939e-1c0b7213696f,     .684820 ,  -59.876230 ,2023-08-31 17:54:00,Brasil,RORAIMA,SÃO JOÃO DA BALIZA,Amazônia
 1647732614 ,0046becb-0486-3713-8de8-d8d2f50d6829,     .589020 ,  -60.213940 ,2023-08-31 17:54:00,Brasil,RORAIMA,SÃO LUIZ,Amazônia
 1647732681 ,ec71c30c-674e-3253-9011-f3c9af93534d,    5.003680 ,  -60.137460 ,2023-08-31 17:56:00,Brasil,RORAIMA,UIRAMUTÃ,Amazônia
 1647732682 ,3e2296a7-da83-390d-b0ad-8ce35f8f54f3,    3.627360 ,  -60.550690 ,2023-08-31 17:56:00,Brasil,RORAIMA,PACARAIMA,Amazônia
 1647732683 ,ffd228ee-88c5-3d60-8080-b07fcd8fb77c,    2.530300 ,  -61.009370 ,2023-08-31 17:56:00,Brasil,RORAIMA,MUCAJAÍ,Amazônia
 1647732684 ,99f967e3-9af9-3311-b3aa-ed573940df44,    2.529020 ,  -61.018230 ,2023-08-31 17:56:00,Brasil,RORAIMA,MUCAJAÍ,Amazônia
 1647732685 ,e8fb0801-87c7-3916-8b24-f495794c8fff,    2.370600 ,  -60.964880 ,2023-08-31 17:56:00,Brasil,RORAIMA,MUCAJAÍ,Amazônia
 1647732686 ,8a9fb386-0626-3783-9e4d-f94341f3cea8,    1.015410 ,  -60.521830 ,2023-08-31 17:56:00,Brasil,RORAIMA,CARACARAÍ,Amazônia
 1648708339 ,12ca8dcf-5e57-3a1d-a20e-963b3d361be4,    2.734660 ,  -63.450850 ,2023-09-05 18:09:00,Brasil,RORAIMA,IRACEMA,Amazônia
 1648708340 ,ba37088b-641d-3608-bfc7-f928f2149dd4,    2.524400 ,  -63.884590 ,2023-09-05 18:09:00,Brasil,RORAIMA,ALTO ALEGRE,Amazônia
 1648709391 ,e89cafdd-aa34-36a1-822c-e5786bcbacf9,     .860460 ,  -60.131320 ,2023-09-05 18:09:00,Brasil,RORAIMA,SÃO LUIZ,Amazônia
 1648709933 ,aacc3278-ae30-3b8f-a754-14eb324c5ba4,    4.787290 ,  -60.391500 ,2023-09-05 18:09:00,Brasil,RORAIMA,UIRAMUTÃ,Amazônia
 1648709934 ,c1e48cb7-1637-3cea-8e61-c01379c5d43a,    4.683530 ,  -60.656430 ,2023-09-05 18:09:00,Brasil,RORAIMA,PACARAIMA,Amazônia
 1648709935 ,27854929-b7bc-30ea-a8a6-e1d8ebb8eb6d,    4.418550 ,  -60.082230 ,2023-09-05 18:09:00,Brasil,RORAIMA,UIRAMUTÃ,Amazônia
 1648709936 ,6684a20e-b8cc-369b-8582-8ee8c22186eb,    4.068600 ,  -59.959730 ,2023-09-05 18:09:00,Brasil,RORAIMA,NORMANDIA,Amazônia
 1648709937 ,de8fe865-24ed-34e7-b575-4a4c83d5a9ce,    3.954830 ,  -60.994450 ,2023-09-05 18:09:00,Brasil,RORAIMA,AMAJARI,Amazônia
 1648709938 ,46088995-350b-3978-9dcc-b84b9a581d30,    3.930590 ,  -61.016030 ,2023-09-05 18:09:00,Brasil,RORAIMA,AMAJARI,Amazônia
 1648709939 ,7e853055-ecad-38a0-8068-500d00847d71,    3.920240 ,  -61.014530 ,2023-09-05 18:09:00,Brasil,RORAIMA,AMAJARI,Amazônia
 1648710824 ,7e788812-1420-3e85-9e00-c883dfcd9c15,    2.737150 ,  -62.596260 ,2023-09-05 18:09:00,Brasil,RORAIMA,MUCAJAÍ,Amazônia
 1649144720 ,33fb65a8-e997-352c-b693-ecd467b50126,    3.284910 ,  -63.885640 ,2023-09-07 17:54:00,Brasil,RORAIMA,ALTO ALEGRE,Amazônia
 1649144721 ,430c4c1a-97be-3d5b-bafc-a2839c5b0751,    2.847830 ,  -60.500300 ,2023-09-07 17:54:00,Brasil,RORAIMA,BONFIM,Amazônia
 1649144724 ,c2e26bc2-2ef8-3ca6-bde5-72c463044eba,    1.523100 ,  -60.991350 ,2023-09-07 17:54:00,Brasil,RORAIMA,CARACARAÍ,Amazônia
 1649144725 ,32d4186d-a48c-3fdd-b687-4899721e0fdb,     .809580 ,  -60.638840 ,2023-09-07 17:54:00,Brasil,RORAIMA,RORAINÓPOLIS,Amazônia
 1649144726 ,14119772-3d45-3182-9c0d-f2d63112c511,     .734030 ,  -60.205620 ,2023-09-07 17:54:00,Brasil,RORAIMA,SÃO LUIZ,Amazônia
 1649144727 ,f1910ad7-cbc7-3fd4-aa0a-6caaaee883eb,     .702300 ,  -60.294620 ,2023-09-07 17:54:00,Brasil,RORAIMA,RORAINÓPOLIS,Amazônia
 1649144728 ,20c1cae7-ed0b-3024-9dad-a38beb154349,     .687810 ,  -60.650970 ,2023-09-07 17:54:00,Brasil,RORAIMA,RORAINÓPOLIS,Amazônia
 1649144729 ,ce21e209-5803-3c57-9ff5-7cb455f14665,     .617810 ,  -59.859860 ,2023-09-07 17:54:00,Brasil,RORAIMA,SÃO JOÃO DA BALIZA,Amazônia
 1649144730 ,29906ec0-b473-335e-9d94-24a97b21eb0d,     .616530 ,  -59.868740 ,2023-09-07 17:54:00,Brasil,RORAIMA,SÃO JOÃO DA BALIZA,Amazônia
 1649144731 ,36f841a6-e23b-36f5-a66c-1e5a102d6d71,     .550760 ,  -59.689980 ,2023-09-07 17:54:00,Brasil,RORAIMA,CAROEBE,Amazônia
 1649168367 ,c1e8ed72-a91d-34a7-86dd-0512af16898d,    4.879390 ,  -60.015010 ,2023-09-07 17:54:00,Brasil,RORAIMA,UIRAMUTÃ,Amazônia
 1649168368 ,ca0b28ff-f9e4-306f-bae4-97fdb9fa3a39,    4.013790 ,  -64.485250 ,2023-09-07 17:54:00,Brasil,RORAIMA,AMAJARI,Amazônia
 1649168369 ,0f9a1d91-7f90-392d-bfef-875f6bd9fbef,    3.979000 ,  -61.348200 ,2023-09-07 17:54:00,Brasil,RORAIMA,AMAJARI,Amazônia
 1649168371 ,36e0f93b-9a75-3a59-b25f-1bbede71fffa,    3.855920 ,  -62.570960 ,2023-09-07 17:54:00,Brasil,RORAIMA,AMAJARI,Amazônia
 1647551510 ,cdb1f964-d919-33e2-8deb-fda0fe236bbe,     .684400 ,  -59.879650 ,2023-08-30 17:13:00,Brasil,RORAIMA,SÃO JOÃO DA BALIZA,Amazônia
 1649600339 ,f71a832c-d504-31d7-a2cd-e69ee2236a39,    2.831070 ,  -60.109620 ,2023-09-09 17:39:00,Brasil,RORAIMA,BONFIM,Amazônia
 1649600340 ,61693d7e-c473-3e94-9132-b5f51aeb8acb,    1.114490 ,  -59.815550 ,2023-09-09 17:39:00,Brasil,RORAIMA,SÃO JOÃO DA BALIZA,Amazônia
 1649600341 ,f08181c9-8d53-32ae-a36a-86ac8e86a90e,    1.103780 ,  -59.473650 ,2023-09-09 17:39:00,Brasil,RORAIMA,CAROEBE,Amazônia
 1649600342 ,65547347-5441-3152-a97f-bf18aa4a3a90,    1.102180 ,  -59.484470 ,2023-09-09 17:39:00,Brasil,RORAIMA,CAROEBE,Amazônia
 1649600343 ,64579d2b-6421-3895-bbce-c5561587927c,    1.063750 ,  -59.595410 ,2023-09-09 17:39:00,Brasil,RORAIMA,CAROEBE,Amazônia
 1649600344 ,25b4b5f3-14d1-34b0-8cf3-a27875f94a8a,    1.053880 ,  -59.593930 ,2023-09-09 17:39:00,Brasil,RORAIMA,CAROEBE,Amazônia
 1649600345 ,fe78acea-dd08-3893-8078-3208d2741fc8,     .647140 ,  -59.376390 ,2023-09-09 17:39:00,Brasil,RORAIMA,CAROEBE,Amazônia
 1649600346 ,a9dde27d-83f8-3e0d-b989-f2b76a0040a0,     .645530 ,  -59.387250 ,2023-09-09 17:39:00,Brasil,RORAIMA,CAROEBE,Amazônia
 1649600452 ,a58e9ed3-7962-3e8c-8ea7-c20fed0b5431,    3.891480 ,  -60.682510 ,2023-09-09 17:39:00,Brasil,RORAIMA,PACARAIMA,Amazônia
 1649600453 ,f465acc1-2c53-3ad8-9e34-6b7a64d1a0d1,    3.889700 ,  -60.694370 ,2023-09-09 17:39:00,Brasil,RORAIMA,PACARAIMA,Amazônia
 1649600454 ,def4ab6d-ca08-3f5a-ab7f-0db92c7e4589,    3.693380 ,  -60.774890 ,2023-09-09 17:39:00,Brasil,RORAIMA,PACARAIMA,Amazônia
 1649600455 ,5114421e-f3cc-374e-b447-a818f89eb728,    2.310580 ,  -61.003250 ,2023-09-09 17:39:00,Brasil,RORAIMA,MUCAJAÍ,Amazônia
 1649600456 ,321fae63-d2ba-359a-b2e8-6ca75bdbc31f,    1.954090 ,  -60.561550 ,2023-09-09 17:39:00,Brasil,RORAIMA,CANTÁ,Amazônia
 1649600526 ,7476dc9e-e8e9-3da8-9ca0-2b813a7b58dd,    3.840090 ,  -62.632640 ,2023-09-09 17:39:00,Brasil,RORAIMA,AMAJARI,Amazônia
 1649600527 ,29f88e26-bb23-3c6b-9fe8-d26ef91c6288,    3.834070 ,  -62.636550 ,2023-09-09 17:39:00,Brasil,RORAIMA,AMAJARI,Amazônia
 1649809724 ,b5835809-51c4-3fd3-a4d6-32a67f54707a,    4.214780 ,  -61.112140 ,2023-09-10 18:21:00,Brasil,RORAIMA,PACARAIMA,Amazônia
 1657893977 ,0818f151-c3e7-35e5-8917-54b1ceebd81d,    4.891430 ,  -60.015880 ,2023-10-24 17:52:00,Brasil,RORAIMA,UIRAMUTÃ,Amazônia
 1657893978 ,04f3b77f-8361-3d6a-9cd4-4e128a359066,    4.864900 ,  -60.336240 ,2023-10-24 17:52:00,Brasil,RORAIMA,UIRAMUTÃ,Amazônia
 1657893979 ,9f4c6a3d-501e-355a-bf0b-65977233e8c5,    4.151810 ,  -60.357270 ,2023-10-24 17:52:00,Brasil,RORAIMA,NORMANDIA,Amazônia
 1657893980 ,cd164677-f05b-3b58-b514-4326182a347c,    4.044300 ,  -59.891690 ,2023-10-24 17:52:00,Brasil,RORAIMA,NORMANDIA,Amazônia
 1657893981 ,3ae26819-9b3e-3bf3-9fa8-c0717db4b640,    3.690020 ,  -60.359640 ,2023-10-24 17:52:00,Brasil,RORAIMA,NORMANDIA,Amazônia
 1650015644 ,79f30a8d-282d-3306-b9a6-19901794bb1d,    4.332790 ,  -60.784150 ,2023-09-11 17:24:00,Brasil,RORAIMA,PACARAIMA,Amazônia
 1650015645 ,8f907fdd-cd24-3406-a9d0-ed9bd9a93eaf,    4.265890 ,  -60.940500 ,2023-09-11 17:24:00,Brasil,RORAIMA,PACARAIMA,Amazônia
 1650387327 ,c56fe969-6a77-36a7-8a43-713228e3dfed,    1.084580 ,  -59.478740 ,2023-09-13 17:09:00,Brasil,RORAIMA,CAROEBE,Amazônia
 1650387328 ,5d37d54a-18f5-3b09-82fa-fb729144109f,    1.078260 ,  -59.518510 ,2023-09-13 17:09:00,Brasil,RORAIMA,CAROEBE,Amazônia
 1650387329 ,24058f05-6d52-39a9-9694-386b2ff08348,    1.076690 ,  -59.510780 ,2023-09-13 17:09:00,Brasil,RORAIMA,CAROEBE,Amazônia
 1650538984 ,67df1c4e-0919-3c50-8d83-708cc4ff7cf1,    3.946060 ,  -59.590150 ,2023-09-14 17:52:00,Brasil,RORAIMA,NORMANDIA,Amazônia
 1650538985 ,7e185d56-03ac-311d-b56e-b544eae41b80,    3.944770 ,  -59.599150 ,2023-09-14 17:52:00,Brasil,RORAIMA,NORMANDIA,Amazônia
 1650538986 ,5b70e075-05d1-369e-b48f-dc47c92e6929,    3.824630 ,  -59.725410 ,2023-09-14 17:52:00,Brasil,RORAIMA,NORMANDIA,Amazônia
 1650538995 ,e3f98e92-fe6f-3ee5-ba27-c5a4bd2d2ce4,    1.105360 ,  -59.479890 ,2023-09-14 17:52:00,Brasil,RORAIMA,CAROEBE,Amazônia
 1650538996 ,62e82c63-f196-3e5d-a4cf-0005573ddbaa,    1.104080 ,  -59.488750 ,2023-09-14 17:52:00,Brasil,RORAIMA,CAROEBE,Amazônia
 1650538997 ,00e75ece-217c-3cec-a852-8d3000896745,    1.085210 ,  -59.489340 ,2023-09-14 17:52:00,Brasil,RORAIMA,CAROEBE,Amazônia
 1650538998 ,8f824cb3-35e0-3bb5-a83a-706d1265fed5,    1.073620 ,  -59.632290 ,2023-09-14 17:52:00,Brasil,RORAIMA,CAROEBE,Amazônia
 1650538999 ,4b026e96-0a51-3199-9260-ececdbffc450,    1.072340 ,  -59.641130 ,2023-09-14 17:52:00,Brasil,RORAIMA,CAROEBE,Amazônia
 1650539000 ,c626b3e8-105b-327c-81ba-629a487444f4,    1.034230 ,  -59.590430 ,2023-09-14 17:52:00,Brasil,RORAIMA,CAROEBE,Amazônia
 1650539001 ,6031ded6-9ab0-3aff-bc25-c63683941a72,     .728230 ,  -60.431710 ,2023-09-14 17:52:00,Brasil,RORAIMA,RORAINÓPOLIS,Amazônia
 1650539002 ,f46084e2-9153-347f-9f8a-79a83bcc1362,     .722060 ,  -59.896600 ,2023-09-14 17:52:00,Brasil,RORAIMA,SÃO JOÃO DA BALIZA,Amazônia
 1650539003 ,ad63dbc2-fd9f-3c71-a9e0-95e7bc8ed928,     .606080 ,  -59.234580 ,2023-09-14 17:52:00,Brasil,RORAIMA,CAROEBE,Amazônia
 1650539125 ,d764b7b6-973a-39c7-88e2-144ed354075a,    3.858580 ,  -61.019740 ,2023-09-14 17:52:00,Brasil,RORAIMA,AMAJARI,Amazônia
 1650539126 ,52af70fa-0ea1-3563-b633-6553ef20a7a1,    3.841990 ,  -61.008150 ,2023-09-14 17:52:00,Brasil,RORAIMA,AMAJARI,Amazônia
 1650539127 ,819cd3b5-fdce-3863-8535-c849e84a2162,    3.840680 ,  -61.017120 ,2023-09-14 17:52:00,Brasil,RORAIMA,AMAJARI,Amazônia
 1650539131 ,820a32d5-c3b9-3271-bd6b-9648570644cd,    4.851840 ,  -60.463380 ,2023-09-14 17:52:00,Brasil,RORAIMA,UIRAMUTÃ,Amazônia
 1650539132 ,255a3c02-b024-3bf2-8cc3-1c7ea9509ffe,    4.808820 ,  -60.315660 ,2023-09-14 17:52:00,Brasil,RORAIMA,UIRAMUTÃ,Amazônia
 1650539133 ,68787c8f-f748-3efb-951d-4aa80918335f,    4.630230 ,  -60.086540 ,2023-09-14 17:52:00,Brasil,RORAIMA,UIRAMUTÃ,Amazônia
 1650539134 ,abd8d93d-fc15-3ec2-848a-ddecb1598240,    4.495520 ,  -60.441120 ,2023-09-14 17:52:00,Brasil,RORAIMA,UIRAMUTÃ,Amazônia
 1650539135 ,40a11b4a-799e-36ec-9694-ad875731c641,    4.453560 ,  -60.474500 ,2023-09-14 17:52:00,Brasil,RORAIMA,UIRAMUTÃ,Amazônia
 1650539136 ,9ddf7987-9330-34cd-91fb-55e1f48865a0,    3.759610 ,  -60.683040 ,2023-09-14 17:52:00,Brasil,RORAIMA,PACARAIMA,Amazônia
 1650539137 ,86d61822-4107-3bd7-84f5-224abbbcd517,    3.671580 ,  -61.163900 ,2023-09-14 17:52:00,Brasil,RORAIMA,AMAJARI,Amazônia
 1650539138 ,c16daf15-609c-3ae9-83f7-32b2ed72256f,    3.125520 ,  -60.927630 ,2023-09-14 17:52:00,Brasil,RORAIMA,BOA VISTA,Amazônia
 1650539139 ,cd919404-0a8e-3170-aa43-cc7044092ba5,    3.594860 ,  -60.610490 ,2023-09-14 17:52:00,Brasil,RORAIMA,PACARAIMA,Amazônia
 1650539140 ,b96b2b97-a110-3c32-8ed6-d8147d7b2f5a,    3.421830 ,  -60.670260 ,2023-09-14 17:52:00,Brasil,RORAIMA,BOA VISTA,Amazônia
 1650539141 ,96b3859e-5a31-3184-9568-e81d0724ca1f,    3.230120 ,  -60.207000 ,2023-09-14 17:52:00,Brasil,RORAIMA,BONFIM,Amazônia
 1650539142 ,ee020ad4-1990-305f-a75b-721d89c560d2,    3.224930 ,  -60.305720 ,2023-09-14 17:52:00,Brasil,RORAIMA,BONFIM,Amazônia
 1650539143 ,e5886713-e67f-35bb-95cc-aab334430210,    1.980200 ,  -61.387880 ,2023-09-14 17:52:00,Brasil,RORAIMA,CARACARAÍ,Amazônia
 1650539144 ,d3588c2b-1f9a-345d-8152-4447d9948a32,    1.978840 ,  -61.397250 ,2023-09-14 17:52:00,Brasil,RORAIMA,CARACARAÍ,Amazônia
 1650539145 ,69530e9a-81dc-3e62-94f9-3b38f22d9117,    1.969690 ,  -61.395910 ,2023-09-14 17:52:00,Brasil,RORAIMA,CARACARAÍ,Amazônia
 1650539146 ,25636de4-1acd-3bfe-a7cf-8e8187d39379,    1.765940 ,  -60.711250 ,2023-09-14 17:52:00,Brasil,RORAIMA,CARACARAÍ,Amazônia
 1650539532 ,50e17da4-0bad-3256-93c0-7c27941a536f,    3.892330 ,  -64.433650 ,2023-09-14 17:52:00,Brasil,RORAIMA,AMAJARI,Amazônia
 1650539533 ,6bda2418-1f4f-33ba-8e84-94134ea851bf,    3.650890 ,  -64.068340 ,2023-09-14 17:52:00,Brasil,RORAIMA,AMAJARI,Amazônia
 1650539536 ,ff924565-3bca-39df-a36c-d08130bf3d00,    3.648960 ,  -64.080890 ,2023-09-14 17:52:00,Brasil,RORAIMA,AMAJARI,Amazônia
 1650539537 ,48a7ad52-8f6e-3b16-be51-6429bb6753c2,    3.642850 ,  -64.073320 ,2023-09-14 17:52:00,Brasil,RORAIMA,AMAJARI,Amazônia
 1647377854 ,9ee0b40d-3f55-3439-b9e4-3379f7690740,    3.999940 ,  -64.480830 ,2023-08-29 18:11:00,Brasil,RORAIMA,AMAJARI,Amazônia
 1647377855 ,0e25cdb4-3cbc-366f-973a-263278d96570,    2.902720 ,  -63.787910 ,2023-08-29 18:11:00,Brasil,RORAIMA,ALTO ALEGRE,Amazônia
 1647378673 ,39d1a3a8-b490-31f7-ba0d-700466b1ddf1,    3.117460 ,  -61.365220 ,2023-08-29 18:11:00,Brasil,RORAIMA,ALTO ALEGRE,Amazônia
 1647378674 ,8e38ebce-7e3f-3576-873b-3620d13cf26c,    2.743320 ,  -61.557780 ,2023-08-29 18:11:00,Brasil,RORAIMA,MUCAJAÍ,Amazônia
 1650727283 ,d300372b-9659-3ff9-8c46-3a56053cbd55,    3.802250 ,  -60.935390 ,2023-09-15 18:34:00,Brasil,RORAIMA,AMAJARI,Amazônia
 1650727284 ,a2eff92e-c982-3a6f-b7cf-c5e4ff0b1df7,    3.799990 ,  -60.930480 ,2023-09-15 18:34:00,Brasil,RORAIMA,AMAJARI,Amazônia
 1650727285 ,2b5ed74e-7d61-33d1-baf9-7078cf30956b,    3.254980 ,  -60.420960 ,2023-09-15 18:34:00,Brasil,RORAIMA,BOA VISTA,Amazônia
 1650727286 ,c4243d55-a2fa-347b-8009-74c08425e6f2,    3.249610 ,  -60.461300 ,2023-09-15 18:34:00,Brasil,RORAIMA,BOA VISTA,Amazônia
 1650727287 ,9005ff3f-a5b5-3608-aa76-2dbce54f3e91,    3.247380 ,  -60.453240 ,2023-09-15 18:34:00,Brasil,RORAIMA,BOA VISTA,Amazônia
 1650995908 ,c520d679-8fd8-334c-aad5-b9a679c1b1e4,    2.821920 ,  -63.607990 ,2023-09-16 17:37:00,Brasil,RORAIMA,ALTO ALEGRE,Amazônia
 1650995909 ,11b57f23-85ed-3596-97da-6befd584cee0,    2.829430 ,  -63.604770 ,2023-09-16 17:37:00,Brasil,RORAIMA,ALTO ALEGRE,Amazônia
 1650995912 ,18d8229c-9cf9-31ba-8b66-c804c6489b3a,    3.856710 ,  -61.536480 ,2023-09-16 17:39:00,Brasil,RORAIMA,AMAJARI,Amazônia
 1650995913 ,413f4860-67fd-3799-a6dd-19f9e4edd9c8,    3.859040 ,  -61.531650 ,2023-09-16 17:39:00,Brasil,RORAIMA,AMAJARI,Amazônia
 1647189360 ,54b6cf85-7d45-3565-ac1a-f466e3a4925d,    3.848740 ,  -61.672260 ,2023-08-28 17:28:00,Brasil,RORAIMA,AMAJARI,Amazônia
 1647189361 ,d415934b-73eb-3923-94df-d12073f2a296,    3.845370 ,  -61.694310 ,2023-08-28 17:28:00,Brasil,RORAIMA,AMAJARI,Amazônia
 1647189362 ,da58d676-e199-318d-9b92-0d33d46009c9,    3.842730 ,  -61.676430 ,2023-08-28 17:28:00,Brasil,RORAIMA,AMAJARI,Amazônia
 1647189363 ,9f2ce900-d8d5-3571-a379-287389108e2d,    3.839280 ,  -61.697860 ,2023-08-28 17:28:00,Brasil,RORAIMA,AMAJARI,Amazônia
 1647189364 ,3de19c99-a48f-3566-bfce-67d408ae4c19,    3.221640 ,  -60.547390 ,2023-08-28 17:28:00,Brasil,RORAIMA,BOA VISTA,Amazônia
 1647189365 ,0b961ab9-664d-33ed-bfa3-506f2472cd19,    2.703420 ,  -61.008530 ,2023-08-28 17:28:00,Brasil,RORAIMA,ALTO ALEGRE,Amazônia
 1647189377 ,35dccf8f-c5c9-3507-b698-9a68ce00b261,    1.104770 ,  -59.526060 ,2023-08-28 17:28:00,Brasil,RORAIMA,CAROEBE,Amazônia
 1647189378 ,c77f8f7d-1302-313a-8efa-6d1e7eb19bc0,    1.102290 ,  -59.542690 ,2023-08-28 17:28:00,Brasil,RORAIMA,CAROEBE,Amazônia
 1647189379 ,1dc3a841-e332-39f7-b5ec-4a029a415a45,     .757880 ,  -59.553820 ,2023-08-28 17:28:00,Brasil,RORAIMA,CAROEBE,Amazônia
 1651451865 ,90901987-ebdd-38f2-9979-c89f65ba601d,    3.946520 ,  -59.642080 ,2023-09-18 17:24:00,Brasil,RORAIMA,NORMANDIA,Amazônia
 1651451866 ,1053917f-8bac-3150-8c5f-7c7f54a7b12c,    3.937050 ,  -59.635700 ,2023-09-18 17:24:00,Brasil,RORAIMA,NORMANDIA,Amazônia
 1651631192 ,9fbd704f-7ad6-39ea-ab21-ba90f15b1d4b,    4.668620 ,  -60.524780 ,2023-09-19 18:04:00,Brasil,RORAIMA,UIRAMUTÃ,Amazônia
 1651631193 ,fc5428b9-5678-30d9-9968-f2dbd33110ad,    4.667030 ,  -60.536190 ,2023-09-19 18:04:00,Brasil,RORAIMA,UIRAMUTÃ,Amazônia
 1651631194 ,7daa5275-52e8-3bde-b973-558b040cab25,    4.657080 ,  -60.534730 ,2023-09-19 18:04:00,Brasil,RORAIMA,UIRAMUTÃ,Amazônia
 1651631195 ,5bcd986a-dced-3512-ad93-64dc734eff32,    4.236310 ,  -60.914650 ,2023-09-19 18:04:00,Brasil,RORAIMA,PACARAIMA,Amazônia
 1651631196 ,443bfd0f-8078-3529-aa3c-b2e24c8a6d92,    4.234830 ,  -60.925210 ,2023-09-19 18:04:00,Brasil,RORAIMA,PACARAIMA,Amazônia
 1651631197 ,08548cd7-0733-379f-b7c4-fd71ee861eaf,    4.050110 ,  -64.409770 ,2023-09-19 18:04:00,Brasil,RORAIMA,AMAJARI,Amazônia
 1651631198 ,848a81e4-9d67-3b93-830b-f05809b030e5,    3.941730 ,  -60.815190 ,2023-09-19 18:04:00,Brasil,RORAIMA,PACARAIMA,Amazônia
 1651631199 ,27fe166f-d583-3310-b8eb-23c1ebf497a5,    3.919310 ,  -60.833670 ,2023-09-19 18:04:00,Brasil,RORAIMA,PACARAIMA,Amazônia
 1651631200 ,17b69a20-8fcc-3b30-9dec-cff7c5d6926e,    3.853530 ,  -60.861780 ,2023-09-19 18:04:00,Brasil,RORAIMA,PACARAIMA,Amazônia
 1651631201 ,8e2dfa80-51f3-3a62-a96d-884d8af48933,    3.059120 ,  -61.127880 ,2023-09-19 18:04:00,Brasil,RORAIMA,ALTO ALEGRE,Amazônia
 1651631202 ,8394aee6-7533-3414-b67a-67580f35580a,    3.057680 ,  -61.137870 ,2023-09-19 18:04:00,Brasil,RORAIMA,ALTO ALEGRE,Amazônia
 1651631203 ,11758e85-5e8f-3754-8969-e57b9859c397,    2.903300 ,  -63.739980 ,2023-09-19 18:04:00,Brasil,RORAIMA,ALTO ALEGRE,Amazônia
 1651631204 ,ad1f16d3-8784-3677-8182-7d9c51145e16,    2.902010 ,  -63.748870 ,2023-09-19 18:04:00,Brasil,RORAIMA,ALTO ALEGRE,Amazônia
 1651631205 ,9eab0a46-cb86-3e56-8360-61d02f5c7c7b,    2.732760 ,  -63.452250 ,2023-09-19 18:04:00,Brasil,RORAIMA,IRACEMA,Amazônia
 1651631206 ,8b961ccb-ba90-3161-81f3-55e2310a821f,    2.605380 ,  -61.143110 ,2023-09-19 18:04:00,Brasil,RORAIMA,MUCAJAÍ,Amazônia
 1652529784 ,1f1e1385-18b6-3b33-bb70-9f8c81001311,    4.632370 ,  -60.114380 ,2023-09-23 17:37:00,Brasil,RORAIMA,UIRAMUTÃ,Amazônia
 1652529785 ,3da7183b-00ba-3f4f-91f2-777c427ea0a5,    2.890450 ,  -60.898010 ,2023-09-23 17:34:00,Brasil,RORAIMA,BOA VISTA,Amazônia
 1652529786 ,bf1a166e-1575-3b60-aab6-88bc1b4b3683,    2.311350 ,  -61.002350 ,2023-09-23 17:34:00,Brasil,RORAIMA,MUCAJAÍ,Amazônia
 1652646436 ,2802b8e6-0b82-3a8c-8983-94fe7471faa4,    4.074390 ,  -60.489940 ,2023-09-24 18:17:00,Brasil,RORAIMA,PACARAIMA,Amazônia
 1652646437 ,3ec129e5-025b-3ef1-bb6d-377b45c6a475,    3.337620 ,  -60.430870 ,2023-09-24 18:17:00,Brasil,RORAIMA,BOA VISTA,Amazônia
 1652968249 ,d1ac1969-9723-3f67-b659-f2c03d38b755,    4.713010 ,  -60.368230 ,2023-09-25 17:22:00,Brasil,RORAIMA,UIRAMUTÃ,Amazônia
 1653154849 ,9d13091f-1207-305a-8a24-63c85ecda66b,    3.317790 ,  -63.259810 ,2023-09-26 18:02:00,Brasil,RORAIMA,ALTO ALEGRE,Amazônia
 1653154850 ,cbc39674-b225-3fda-9527-7aa6569ea895,    2.999770 ,  -63.736680 ,2023-09-26 18:02:00,Brasil,RORAIMA,ALTO ALEGRE,Amazônia
 1653154851 ,f09493fe-90ad-3021-b652-349e2fe6fdc3,    2.647030 ,  -63.754230 ,2023-09-26 18:02:00,Brasil,RORAIMA,ALTO ALEGRE,Amazônia
 1653156664 ,70327a4f-a4af-3a7b-8038-171c455a9b7e,     .813950 ,  -59.860530 ,2023-09-26 18:02:00,Brasil,RORAIMA,SÃO JOÃO DA BALIZA,Amazônia
 1653156957 ,5ad28ade-56f7-3212-a351-d35a903f670a,    4.821940 ,  -60.285350 ,2023-09-26 18:04:00,Brasil,RORAIMA,UIRAMUTÃ,Amazônia
 1653156958 ,a21fc574-b479-3d78-8cee-630e6fecb452,    4.034050 ,  -61.356820 ,2023-09-26 18:02:00,Brasil,RORAIMA,AMAJARI,Amazônia
 1653156959 ,d89bf3d4-cbc6-3b23-865b-abfcf311b44f,    3.868380 ,  -60.384470 ,2023-09-26 18:02:00,Brasil,RORAIMA,NORMANDIA,Amazônia
 1653156960 ,24ea4ae7-0c28-3e37-9c5d-bfdcf1cc560d,    3.647820 ,  -61.285980 ,2023-09-26 18:02:00,Brasil,RORAIMA,AMAJARI,Amazônia
 1653156961 ,57ed4e8b-7a69-35d2-95fb-4388d99e9c18,    3.385490 ,  -60.172540 ,2023-09-26 18:02:00,Brasil,RORAIMA,BONFIM,Amazônia
 1653156962 ,e9b38157-2e61-39a7-b4ca-6bd093931075,    3.383990 ,  -60.182970 ,2023-09-26 18:02:00,Brasil,RORAIMA,BONFIM,Amazônia
 1653156963 ,fbf5d7f1-7dab-3df5-8e98-95db5a09ba10,    3.099830 ,  -60.544760 ,2023-09-26 18:02:00,Brasil,RORAIMA,BOA VISTA,Amazônia
 1653156964 ,630c03d0-bdbd-3554-b2c7-603fd55433ad,    3.098430 ,  -60.554690 ,2023-09-26 18:02:00,Brasil,RORAIMA,BOA VISTA,Amazônia
 1653156965 ,833eb165-bca9-3c3f-ba10-299be756a729,    3.091840 ,  -60.533480 ,2023-09-26 18:02:00,Brasil,RORAIMA,BOA VISTA,Amazônia
 1653156966 ,2204d6f7-7ee6-3d6a-b0c4-8cd134cb39ff,    3.090440 ,  -60.543420 ,2023-09-26 18:02:00,Brasil,RORAIMA,BOA VISTA,Amazônia
 1653156967 ,47678862-817e-3b64-a56a-0c92a9b5c616,    3.085040 ,  -60.782890 ,2023-09-26 18:02:00,Brasil,RORAIMA,BOA VISTA,Amazônia
 1653157214 ,ec75d5a2-d246-3801-90eb-c82be397f2bc,    3.508100 ,  -61.943500 ,2023-09-26 18:02:00,Brasil,RORAIMA,AMAJARI,Amazônia
 1653503988 ,f67e1f78-bea6-3632-9c2e-45919791afd5,    4.180670 ,  -60.498310 ,2023-09-28 17:49:00,Brasil,RORAIMA,NORMANDIA,Amazônia
 1653503989 ,6c44a171-0388-3ba3-a04a-c759e541437a,    4.014700 ,  -61.658840 ,2023-09-28 17:49:00,Brasil,RORAIMA,AMAJARI,Amazônia
 1653503990 ,7a5c5089-170a-39b2-a5c1-45e4b79a9f5d,    4.013110 ,  -61.669380 ,2023-09-28 17:49:00,Brasil,RORAIMA,AMAJARI,Amazônia
 1653503993 ,64d11b3c-965c-3177-96e8-b9e035260665,    3.785110 ,  -60.858520 ,2023-09-28 17:49:00,Brasil,RORAIMA,PACARAIMA,Amazônia
 1653503994 ,4645e425-f3ff-323a-b505-a46f971449a0,    3.783720 ,  -60.310580 ,2023-09-28 17:49:00,Brasil,RORAIMA,NORMANDIA,Amazônia
 1653503995 ,560eb009-a505-3920-a8db-8e928ec2bfc3,    3.782350 ,  -60.319890 ,2023-09-28 17:49:00,Brasil,RORAIMA,NORMANDIA,Amazônia
 1653503996 ,87a67198-2b96-372f-90e5-419d80f085a5,    3.773260 ,  -60.318550 ,2023-09-28 17:49:00,Brasil,RORAIMA,NORMANDIA,Amazônia
 1653503997 ,e5e767c3-9673-3674-a1a8-cb790d92699e,    3.678840 ,  -60.393310 ,2023-09-28 17:49:00,Brasil,RORAIMA,NORMANDIA,Amazônia
 1653503998 ,c9ec8ffa-b9b6-3afa-b42f-279a9c5d008a,    3.168060 ,  -60.425320 ,2023-09-28 17:47:00,Brasil,RORAIMA,BOA VISTA,Amazônia
 1653503999 ,348b1572-919e-34fb-8fd9-9132c630aaf9,    3.140670 ,  -63.840110 ,2023-09-28 17:49:00,Brasil,RORAIMA,ALTO ALEGRE,Amazônia
 1653504000 ,897dbb68-0ae3-38e4-b52c-62fd9ec1c585,    3.137830 ,  -63.844800 ,2023-09-28 17:49:00,Brasil,RORAIMA,ALTO ALEGRE,Amazônia
 1653504001 ,138b3a8e-88b4-3321-bf6d-d5a57be4c8d3,    3.136090 ,  -61.083580 ,2023-09-28 17:49:00,Brasil,RORAIMA,ALTO ALEGRE,Amazônia
 1653504002 ,e0c77419-c71b-38d0-98b3-b02f00a51c3d,    2.622040 ,  -60.250610 ,2023-09-28 17:47:00,Brasil,RORAIMA,BONFIM,Amazônia
 1653504005 ,e74ee18a-f547-3793-87e7-66ba2375845b,    2.412930 ,  -60.990120 ,2023-09-28 17:47:00,Brasil,RORAIMA,MUCAJAÍ,Amazônia
 1653504007 ,66dafa37-2700-33f8-b444-8e9c49cb1ff2,    2.358200 ,  -60.996060 ,2023-09-28 17:47:00,Brasil,RORAIMA,MUCAJAÍ,Amazônia
 1653504027 ,5c045746-8a06-3ccb-99d0-401502685228,    1.071400 ,  -59.572810 ,2023-09-28 17:47:00,Brasil,RORAIMA,CAROEBE,Amazônia
 1653504029 ,3ed884fa-214d-3384-ac9c-a412de4765f4,    1.055960 ,  -59.551830 ,2023-09-28 17:47:00,Brasil,RORAIMA,CAROEBE,Amazônia
 1653504030 ,3c58bfe4-ee93-3c89-8640-6313db728bf7,    1.054630 ,  -59.560990 ,2023-09-28 17:47:00,Brasil,RORAIMA,CAROEBE,Amazônia
 1653504031 ,ae037b8f-a7d3-3c5a-aaa5-8ff5d3f32efe,    1.046910 ,  -59.550510 ,2023-09-28 17:47:00,Brasil,RORAIMA,CAROEBE,Amazônia
 1653504032 ,39385aeb-4850-3f00-9120-1b1263106caf,    1.045580 ,  -59.559660 ,2023-09-28 17:47:00,Brasil,RORAIMA,CAROEBE,Amazônia
 1653504033 ,37dd7698-17c2-310f-bf31-d2ca77aebdc1,    1.029120 ,  -59.482580 ,2023-09-28 17:47:00,Brasil,RORAIMA,CAROEBE,Amazônia
 1653504034 ,6526ce3e-bc2c-3308-949a-5f6544cc10dd,    1.024810 ,  -59.575370 ,2023-09-28 17:47:00,Brasil,RORAIMA,CAROEBE,Amazônia
 1653504035 ,c15ff7e2-f713-344d-bc4d-9eec69f9790f,    1.015760 ,  -59.574070 ,2023-09-28 17:47:00,Brasil,RORAIMA,CAROEBE,Amazônia
 1653504036 ,93fca6ff-e8e8-3a8f-8748-d3327a95bcfe,     .949090 ,  -60.157900 ,2023-09-28 17:47:00,Brasil,RORAIMA,SÃO LUIZ,Amazônia
 1653504037 ,e0ba36a2-7ee3-38f3-bbf2-670deb2dd33a,     .947680 ,  -60.167500 ,2023-09-28 17:47:00,Brasil,RORAIMA,SÃO LUIZ,Amazônia
 1653504038 ,f25403f6-c7f4-3ffc-ab2d-e34aa8449a3e,     .939840 ,  -60.156520 ,2023-09-28 17:47:00,Brasil,RORAIMA,SÃO LUIZ,Amazônia
 1653504039 ,99012dda-9b5a-3c1c-b127-fab41acb9c11,     .938420 ,  -60.166160 ,2023-09-28 17:47:00,Brasil,RORAIMA,SÃO LUIZ,Amazônia
 1653504040 ,62b1ba0b-839a-3645-a02d-9ffe5a2c210e,     .738470 ,  -60.099670 ,2023-09-28 17:47:00,Brasil,RORAIMA,SÃO LUIZ,Amazônia
 1653504041 ,d1d6ad8f-2029-3b05-985e-8578ee7c9a0f,     .629980 ,  -59.572370 ,2023-09-28 17:47:00,Brasil,RORAIMA,CAROEBE,Amazônia
 1653504042 ,742196e0-5d28-3954-9d2e-a2ca8f93093e,     .606220 ,  -59.918030 ,2023-09-28 17:47:00,Brasil,RORAIMA,SÃO JOÃO DA BALIZA,Amazônia
 1653504048 ,3f3e5292-0246-3879-9b3f-f43e30220688,     .183680 ,  -60.986000 ,2023-09-28 17:47:00,Brasil,RORAIMA,RORAINÓPOLIS,Amazônia
 1653750800 ,d4eb3f66-1018-32e3-9944-cd6cf6f0d1d1,    3.787680 ,  -59.720730 ,2023-09-30 17:34:00,Brasil,RORAIMA,NORMANDIA,Amazônia
 1653750803 ,fe604d2e-9af1-3c5d-9c01-3e1b16add0b7,    2.632390 ,  -59.976960 ,2023-09-30 17:34:00,Brasil,RORAIMA,BONFIM,Amazônia
 1653750804 ,9b8e78f3-a91f-36d8-9ac7-869d1ea12f57,    1.120770 ,  -59.565600 ,2023-09-30 17:32:00,Brasil,RORAIMA,CAROEBE,Amazônia
 1653750805 ,6e5a0429-9cf9-300b-91b0-418c7b51fe0c,    1.118620 ,  -59.570520 ,2023-09-30 17:32:00,Brasil,RORAIMA,CAROEBE,Amazônia
 1653750806 ,d32a34bd-b3ef-3be6-9a81-5e8f6d586c8c,    1.118610 ,  -59.580580 ,2023-09-30 17:32:00,Brasil,RORAIMA,CAROEBE,Amazônia
 1653750807 ,7696ba82-d5ad-39f1-9ae2-fce2c21d9311,    1.078540 ,  -59.911120 ,2023-09-30 17:32:00,Brasil,RORAIMA,SÃO JOÃO DA BALIZA,Amazônia
 1653750808 ,7ed0ae80-06fc-3944-acb3-7b0ba0082883,    1.071650 ,  -59.904950 ,2023-09-30 17:32:00,Brasil,RORAIMA,SÃO JOÃO DA BALIZA,Amazônia
 1653750809 ,0795a63e-34d3-37f0-a5e0-eb5033497da1,    1.030720 ,  -59.469890 ,2023-09-30 17:32:00,Brasil,RORAIMA,CAROEBE,Amazônia
 1653750810 ,3dafedef-9373-3678-b8ff-05e2dc8f1ab6,    1.028580 ,  -59.484630 ,2023-09-30 17:32:00,Brasil,RORAIMA,CAROEBE,Amazônia
 1653750811 ,40ff4500-3a47-3d8c-8b11-8639f4247e10,    1.017270 ,  -59.483040 ,2023-09-30 17:32:00,Brasil,RORAIMA,CAROEBE,Amazônia
 1653750812 ,989de621-a8eb-3c2c-9f9d-c5d47ee92301,     .940400 ,  -59.532670 ,2023-09-30 17:32:00,Brasil,RORAIMA,CAROEBE,Amazônia
 1653750813 ,f3722fbe-ccb8-3509-86c9-98be0767d03b,     .931240 ,  -59.525930 ,2023-09-30 17:32:00,Brasil,RORAIMA,CAROEBE,Amazônia
 1653750814 ,3a0d1f14-8f45-38a8-8b53-971776a36d5f,     .653980 ,  -59.375800 ,2023-09-30 17:32:00,Brasil,RORAIMA,CAROEBE,Amazônia
 1653750815 ,e97b5b66-9d81-3a1a-bdab-1bef4f25849c,     .651810 ,  -59.390530 ,2023-09-30 17:32:00,Brasil,RORAIMA,CAROEBE,Amazônia
 1653750827 ,7e359564-9476-34e7-ae7e-5a30354c1303,    4.474450 ,  -60.267230 ,2023-09-30 17:34:00,Brasil,RORAIMA,UIRAMUTÃ,Amazônia
 1653750828 ,b09aa13e-99cf-3303-949e-9317fd66586f,    4.241210 ,  -60.360120 ,2023-09-30 17:34:00,Brasil,RORAIMA,UIRAMUTÃ,Amazônia
 1653750829 ,a474c279-5fe7-3407-a701-93eb52712f54,    2.670110 ,  -60.643740 ,2023-09-30 17:34:00,Brasil,RORAIMA,CANTÁ,Amazônia
 1653750836 ,deb5db7f-eb51-37cc-ba4f-1dcc60c78e78,    3.225710 ,  -62.603580 ,2023-09-30 17:34:00,Brasil,RORAIMA,ALTO ALEGRE,Amazônia
 1641478828 ,d5fdcec8-4d1a-3a18-b578-022022634cc7,    4.403580 ,  -60.658060 ,2023-08-01 18:17:00,Brasil,RORAIMA,PACARAIMA,Amazônia
 1641478829 ,dbca16f1-b54f-31e3-9384-fd37a3f29a3f,    4.400680 ,  -60.679060 ,2023-08-01 18:17:00,Brasil,RORAIMA,PACARAIMA,Amazônia
 1641478830 ,4d97596b-ff1d-3174-bec4-5bf64119bc55,    4.390520 ,  -60.655900 ,2023-08-01 18:17:00,Brasil,RORAIMA,PACARAIMA,Amazônia
 1642667745 ,2508c8d0-3ad7-3e61-b7af-ddf6fc82adf2,    4.530280 ,  -60.835640 ,2023-08-07 17:34:00,Brasil,RORAIMA,PACARAIMA,Amazônia
 1643209827 ,e456d949-c87b-3f03-9168-812ce3b8c8f0,    3.061050 ,  -61.020690 ,2023-08-09 17:20:00,Brasil,RORAIMA,ALTO ALEGRE,Amazônia
 1643209828 ,46e72935-c8a0-3b0f-abd0-ee807767bedb,    3.060100 ,  -61.044160 ,2023-08-09 17:20:00,Brasil,RORAIMA,ALTO ALEGRE,Amazônia
 1643209829 ,13d7c50a-7bb2-39ad-b160-2ac009b9165d,    3.056270 ,  -61.050590 ,2023-08-09 17:20:00,Brasil,RORAIMA,ALTO ALEGRE,Amazônia
 1643431711 ,f9d5c604-746b-3aae-8e5f-e746bc44b37b,    3.310620 ,  -59.992050 ,2023-08-10 18:02:00,Brasil,RORAIMA,BONFIM,Amazônia
 1643431827 ,3b8f4a35-0314-33a5-9a44-b6e2d639ff8c,    2.988570 ,  -60.247600 ,2023-08-10 18:02:00,Brasil,RORAIMA,BONFIM,Amazônia
 1643790724 ,8f6738c1-98ef-3608-8478-938be3331132,    4.543540 ,  -60.725420 ,2023-08-12 17:47:00,Brasil,RORAIMA,PACARAIMA,Amazônia
 1643790725 ,58f794d9-1033-32bd-9360-f13fe87cd6f5,    3.225090 ,  -61.351300 ,2023-08-12 17:47:00,Brasil,RORAIMA,ALTO ALEGRE,Amazônia
 1643790726 ,3b745786-861b-322f-8d15-324832216809,    2.773700 ,  -61.116860 ,2023-08-12 17:47:00,Brasil,RORAIMA,ALTO ALEGRE,Amazônia
 1643790727 ,7bb21914-b052-3fe3-8b19-cd96a25aceeb,    2.754530 ,  -60.164260 ,2023-08-12 17:47:00,Brasil,RORAIMA,BONFIM,Amazônia
 1643790728 ,e0931b72-dcf7-3d0b-8501-2c597511b95d,    2.442670 ,  -60.924110 ,2023-08-12 17:47:00,Brasil,RORAIMA,MUCAJAÍ,Amazônia
 1643790729 ,d482004e-112f-3296-8bca-14bb379468c5,    2.032970 ,  -60.623730 ,2023-08-12 17:47:00,Brasil,RORAIMA,CANTÁ,Amazônia
 1643790766 ,9d160c2e-7784-39f7-bb75-fd271f9b6cf4,    3.677950 ,  -61.929310 ,2023-08-12 17:47:00,Brasil,RORAIMA,AMAJARI,Amazônia
 1644422839 ,1edb0995-b101-34bb-8b3c-788e894b1163,    3.651420 ,  -60.567850 ,2023-08-15 18:13:00,Brasil,RORAIMA,PACARAIMA,Amazônia
 1644422840 ,494da3df-80fb-33e0-a8f5-3f33e6415f1e,    3.649080 ,  -60.585010 ,2023-08-15 18:13:00,Brasil,RORAIMA,PACARAIMA,Amazônia
 1644422841 ,418df1df-555a-3351-826c-ad90755464a0,    3.645440 ,  -60.579160 ,2023-08-15 18:13:00,Brasil,RORAIMA,PACARAIMA,Amazônia
 1644821293 ,057c72ce-b32d-30ec-a966-59fb432c0930,    3.426800 ,  -61.398740 ,2023-08-17 18:00:00,Brasil,RORAIMA,AMAJARI,Amazônia
 1645206201 ,c59e41d2-1d99-3583-b508-8e21d845f0bc,     .054340 ,  -60.485100 ,2023-08-19 17:43:00,Brasil,RORAIMA,RORAINÓPOLIS,Amazônia
 1645623558 ,7215048c-40e3-3ce4-b66a-4f4850d4ad4f,    1.035720 ,  -59.614130 ,2023-08-21 17:30:00,Brasil,RORAIMA,CAROEBE,Amazônia
 1645623559 ,4a7bc7b2-9389-37e0-bd2b-fba9bda9bd69,    1.027500 ,  -59.607660 ,2023-08-21 17:30:00,Brasil,RORAIMA,CAROEBE,Amazônia
 1645623560 ,d5fa6980-43aa-37a3-bbea-beee0cfec356,    1.025240 ,  -59.623160 ,2023-08-21 17:30:00,Brasil,RORAIMA,CAROEBE,Amazônia
 1645623713 ,8905d1c5-37ca-3610-b337-50434c894c4f,    4.602380 ,  -60.578850 ,2023-08-21 17:32:00,Brasil,RORAIMA,UIRAMUTÃ,Amazônia
 1645623714 ,81bcf13a-6995-32a6-ae4a-f986045448d6,    3.656980 ,  -60.074680 ,2023-08-21 17:32:00,Brasil,RORAIMA,NORMANDIA,Amazônia
 1645858274 ,5800c224-6dd4-3f4d-a50b-76911beb93f2,     .699470 ,  -60.038310 ,2023-08-22 18:11:00,Brasil,RORAIMA,SÃO JOÃO DA BALIZA,Amazônia
 1646321388 ,59d1d77f-1fb3-3d8f-89cc-531e01da4666,    4.009670 ,  -64.511300 ,2023-08-24 17:58:00,Brasil,RORAIMA,AMAJARI,Amazônia
 1646322427 ,b273a3cd-7d5c-32c4-93a3-5c7d475a3b75,    4.940650 ,  -60.226040 ,2023-08-24 17:58:00,Brasil,RORAIMA,UIRAMUTÃ,Amazônia
 1646322428 ,5605f3e2-d6f0-3a07-8684-c5ace09431bf,    4.875180 ,  -60.380020 ,2023-08-24 17:58:00,Brasil,RORAIMA,UIRAMUTÃ,Amazônia
 1646322429 ,e4bfd57e-1274-3836-bef4-300088f12658,    4.494880 ,  -60.595120 ,2023-08-24 17:58:00,Brasil,RORAIMA,UIRAMUTÃ,Amazônia
 1646322430 ,9c821832-432b-357f-9f3e-c6683e82d54c,    4.041730 ,  -61.119600 ,2023-08-24 17:58:00,Brasil,RORAIMA,PACARAIMA,Amazônia
 1646322431 ,3146a8bf-1172-3d1f-8e7d-67979d7177b6,    4.032720 ,  -61.118340 ,2023-08-24 17:58:00,Brasil,RORAIMA,PACARAIMA,Amazônia
 1646322432 ,eea24d2e-cc90-3d0f-ae21-a6b5cf524eec,    3.379200 ,  -61.045140 ,2023-08-24 17:58:00,Brasil,RORAIMA,ALTO ALEGRE,Amazônia
 1646322433 ,b1643816-6035-3731-a3d7-920e58799737,    3.370210 ,  -61.043840 ,2023-08-24 17:58:00,Brasil,RORAIMA,ALTO ALEGRE,Amazônia
 1646322434 ,d5575eb6-267c-392c-bdac-e3daa66d9dee,    2.704750 ,  -60.232250 ,2023-08-24 17:58:00,Brasil,RORAIMA,BONFIM,Amazônia
 1646322435 ,fc14826f-c559-36eb-848c-593ebf4b9aa4,    1.666820 ,  -60.974700 ,2023-08-24 17:56:00,Brasil,RORAIMA,CARACARAÍ,Amazônia
 1646322682 ,16652ba1-8c6d-3c78-a21b-5dfcc3441ff9,    3.596150 ,  -61.653300 ,2023-08-24 17:58:00,Brasil,RORAIMA,AMAJARI,Amazônia
 1646322988 ,93bb525e-ae7d-30b0-9665-2d3174953c03,     .642120 ,  -60.541790 ,2023-08-24 17:56:00,Brasil,RORAIMA,RORAINÓPOLIS,Amazônia
 1646322989 ,2babd243-10d1-3567-a0f7-238dffbd885c,     .368380 ,  -60.455660 ,2023-08-24 17:56:00,Brasil,RORAIMA,RORAINÓPOLIS,Amazônia
 1646322990 ,093b042c-46ee-310f-a4b1-cf73dc39eb72,     .367060 ,  -60.464690 ,2023-08-24 17:56:00,Brasil,RORAIMA,RORAINÓPOLIS,Amazônia
 1646800223 ,04d43042-96b3-3473-be29-73bf720b39b8,    4.162810 ,  -61.182930 ,2023-08-26 17:43:00,Brasil,RORAIMA,PACARAIMA,Amazônia
 1646800224 ,a2ed80fc-d783-3105-8217-97108ccc05db,    4.112940 ,  -60.198420 ,2023-08-26 17:43:00,Brasil,RORAIMA,NORMANDIA,Amazônia
 1646800225 ,c82a1885-559b-3dfd-b4cb-6179a090027f,    3.006300 ,  -60.272110 ,2023-08-26 17:43:00,Brasil,RORAIMA,BONFIM,Amazônia
 1646800226 ,449ad383-4236-34df-9b8c-3473202a5ebd,    2.985840 ,  -61.191700 ,2023-08-26 17:43:00,Brasil,RORAIMA,ALTO ALEGRE,Amazônia
 1646800227 ,5465564a-c543-36fc-923a-840345271a62,    2.984160 ,  -61.202850 ,2023-08-26 17:43:00,Brasil,RORAIMA,ALTO ALEGRE,Amazônia
 1646800232 ,be10620f-a69d-3463-8937-3cdc48a1a9e2,    1.110490 ,  -59.545660 ,2023-08-26 17:43:00,Brasil,RORAIMA,CAROEBE,Amazônia
 1646800234 ,e89c4f03-ff91-3198-b0cd-dc437805a64c,     .471920 ,  -60.465950 ,2023-08-26 17:43:00,Brasil,RORAIMA,RORAINÓPOLIS,Amazônia
 1647011189 ,c8f4848e-1401-3514-80b2-1c1b30244b7a,    3.974880 ,  -64.450460 ,2023-08-27 18:24:00,Brasil,RORAIMA,AMAJARI,Amazônia
 1637699740 ,bad7aeba-516c-34ac-b925-6ad7e1bf28d0,    3.425180 ,  -60.692910 ,2023-07-13 18:06:00,Brasil,RORAIMA,BOA VISTA,Amazônia
 1658078400 ,0b91dfb4-e252-3f16-b177-3e0c8d80da2c,    4.321400 ,  -60.763810 ,2023-10-25 18:34:00,Brasil,RORAIMA,PACARAIMA,Amazônia
 1658078401 ,46614670-488d-36c4-b127-6d40fc8b2a5d,    4.313290 ,  -60.770570 ,2023-10-25 18:34:00,Brasil,RORAIMA,PACARAIMA,Amazônia
 1658078402 ,45327f4c-cbfd-3edd-b9ae-88ed3fb65f88,    3.720540 ,  -61.037710 ,2023-10-25 18:34:00,Brasil,RORAIMA,AMAJARI,Amazônia
 1658078403 ,6d521187-6a97-3b7a-9245-04d4675db596,    3.715320 ,  -61.044750 ,2023-10-25 18:34:00,Brasil,RORAIMA,AMAJARI,Amazônia
 1630847291 ,3fb52214-99c8-367f-b17b-363f132b3d58,    2.901580 ,  -61.001330 ,2023-05-20 17:58:00,Brasil,RORAIMA,ALTO ALEGRE,Amazônia
 1625418613 ,5a0ca876-b06a-3242-9ef4-f7001ae13375,    3.102240 ,  -61.274280 ,2023-04-01 17:56:00,Brasil,RORAIMA,ALTO ALEGRE,Amazônia
 1625418762 ,12205eb0-ba07-3572-93f6-7f18d09b9cf6,    1.746370 ,  -61.232360 ,2023-04-01 17:56:00,Brasil,RORAIMA,CARACARAÍ,Amazônia
 1625418767 ,482f6f5f-9679-3dfd-9a7d-13ee42b3af39,    3.149840 ,  -60.875450 ,2023-04-01 17:56:00,Brasil,RORAIMA,BOA VISTA,Amazônia
 1625418774 ,cd6860ad-c395-3bc8-a798-d5d4e2692c9f,     .438410 ,  -60.525110 ,2023-04-01 17:56:00,Brasil,RORAIMA,RORAINÓPOLIS,Amazônia
 1625418813 ,5e93845b-1c1a-3bd4-b6f1-2493f1cc1c45,    2.089990 ,  -61.779460 ,2023-04-01 17:56:00,Brasil,RORAIMA,IRACEMA,Amazônia
 1625418818 ,3b0e421e-27a1-3fda-965e-1a243b6e1736,    3.835400 ,  -61.095340 ,2023-04-01 17:56:00,Brasil,RORAIMA,AMAJARI,Amazônia
 1625418898 ,5853ca20-d2e4-3f41-a44c-1e0345ca5f06,    3.053060 ,  -60.845600 ,2023-04-01 17:56:00,Brasil,RORAIMA,BOA VISTA,Amazônia
 1625418908 ,310e2066-69d4-3e05-b1d4-936bcaf6eae4,    1.183340 ,  -60.779250 ,2023-04-01 17:56:00,Brasil,RORAIMA,CARACARAÍ,Amazônia
 1625418964 ,9e14c842-118a-325e-a45b-30557f5d725f,    3.054510 ,  -60.835410 ,2023-04-01 17:56:00,Brasil,RORAIMA,BOA VISTA,Amazônia
 1625197238 ,13952218-df79-3e0b-83dd-1a3056aef891,    3.012040 ,  -60.629060 ,2023-03-30 18:09:00,Brasil,RORAIMA,BOA VISTA,Amazônia
 1625303911 ,998c5a83-de2f-3f11-be09-a4e806cd91ae,     .895820 ,  -60.509830 ,2023-03-31 17:13:00,Brasil,RORAIMA,RORAINÓPOLIS,Amazônia
 1625303912 ,201ee2e0-fda0-37b1-bf67-dbe009b78a0f,    1.685360 ,  -60.422400 ,2023-03-31 17:13:00,Brasil,RORAIMA,CARACARAÍ,Amazônia
 1625303914 ,8e371ded-27e8-3920-8331-df00253e25d0,    1.686650 ,  -60.417210 ,2023-03-31 17:13:00,Brasil,RORAIMA,CARACARAÍ,Amazônia
 1625303915 ,4bd61d34-da5e-37b5-aa8f-2d8881babbf6,    1.900050 ,  -60.517600 ,2023-03-31 17:13:00,Brasil,RORAIMA,CANTÁ,Amazônia
 1625303952 ,03539ae6-ae45-30a9-8125-4d25b548cb66,     .747330 ,  -60.595010 ,2023-03-31 17:13:00,Brasil,RORAIMA,RORAINÓPOLIS,Amazônia
 1620418766 ,eba72e3c-bbe5-3461-969c-bf08f2460224,    2.753450 ,  -60.889800 ,2023-02-16 18:02:00,Brasil,RORAIMA,BOA VISTA,Amazônia
 1620418767 ,f2139ca3-6082-3b50-9f91-7cf90d2bfe50,    3.268940 ,  -61.064970 ,2023-02-16 18:02:00,Brasil,RORAIMA,ALTO ALEGRE,Amazônia
 1620418770 ,1f9e56d6-066a-31af-9609-443d60e89395,    3.972220 ,  -60.644360 ,2023-02-16 18:02:00,Brasil,RORAIMA,PACARAIMA,Amazônia
 1620418772 ,d6bd5ae8-7d03-3052-867f-0354cebdfd1a,    3.974170 ,  -60.630550 ,2023-02-16 18:02:00,Brasil,RORAIMA,PACARAIMA,Amazônia
 1620418774 ,a8efb2a4-5b94-3471-bc40-cd4df0788cc4,    3.979640 ,  -60.430640 ,2023-02-16 18:02:00,Brasil,RORAIMA,NORMANDIA,Amazônia
 1621915039 ,a0f56971-a583-35d4-8cf7-55b57e823bdc,    4.339000 ,  -60.816450 ,2023-02-25 17:51:00,Brasil,RORAIMA,PACARAIMA,Amazônia
 1621910990 ,52934913-117a-33c6-ac28-be7ec423b64b,     .903820 ,  -60.312980 ,2023-02-25 17:49:00,Brasil,RORAIMA,RORAINÓPOLIS,Amazônia
 1616404081 ,4a54a19b-2e61-33bf-ab88-ad5ccf55fecc,    2.968540 ,  -60.165660 ,2023-01-14 17:36:00,Brasil,RORAIMA,BONFIM,Amazônia
 1616862853 ,339dc01a-eba3-33a9-a4ed-3490dbbda482,    3.426710 ,  -59.853680 ,2023-01-18 17:09:00,Brasil,RORAIMA,BONFIM,Amazônia
 1616862855 ,2e62cb97-626d-39ee-acf9-601da1b79d83,    3.425500 ,  -59.849000 ,2023-01-18 17:09:00,Brasil,RORAIMA,BONFIM,Amazônia
 1616862856 ,b3113057-be5d-3a18-9c38-3a2f9882e1ec,    3.421620 ,  -59.874810 ,2023-01-18 17:09:00,Brasil,RORAIMA,BONFIM,Amazônia
 1658462256 ,1403ec3f-7966-3724-a762-0c5cc17e3e68,    3.738170 ,  -61.569980 ,2023-10-27 18:19:00,Brasil,RORAIMA,AMAJARI,Amazônia
 1658462257 ,67d3bbe5-16b3-3fec-a0d8-e40c7f153adc,    2.527670 ,  -59.924200 ,2023-10-27 18:17:00,Brasil,RORAIMA,BONFIM,Amazônia
 1658462258 ,86c4d1b2-da02-3758-8412-d3ed4edd6b7d,    1.424030 ,  -60.974540 ,2023-10-27 18:17:00,Brasil,RORAIMA,CARACARAÍ,Amazônia
 1658462259 ,c50fd569-b53d-3b08-99c1-bca13f350260,    1.266270 ,  -60.954270 ,2023-10-27 18:17:00,Brasil,RORAIMA,CARACARAÍ,Amazônia
 1658462260 ,2f517674-a04d-3ea4-a088-0a796fc5a387,    1.255020 ,  -60.952660 ,2023-10-27 18:17:00,Brasil,RORAIMA,CARACARAÍ,Amazônia
 1658462261 ,667b2963-669d-347a-9cb9-39b00dd18195,    1.243780 ,  -60.951040 ,2023-10-27 18:17:00,Brasil,RORAIMA,CARACARAÍ,Amazônia
 1658462262 ,06563212-f31b-3c31-bc15-54c7c86e4740,    1.232530 ,  -60.949420 ,2023-10-27 18:17:00,Brasil,RORAIMA,CARACARAÍ,Amazônia
 1658462263 ,0d29103d-0388-3844-b346-0a3fa9b936dc,    1.230460 ,  -60.964010 ,2023-10-27 18:17:00,Brasil,RORAIMA,CARACARAÍ,Amazônia
 1658462264 ,e7e10326-82d6-30dd-bf2e-e7ce2bed3d5c,    1.225240 ,  -61.081080 ,2023-10-27 18:17:00,Brasil,RORAIMA,CARACARAÍ,Amazônia
 1658462265 ,b30c19f4-d0f0-3489-b49b-5b1b1191a3ad,    1.214110 ,  -61.079480 ,2023-10-27 18:17:00,Brasil,RORAIMA,CARACARAÍ,Amazônia
 1658462266 ,3e0dcef4-72fb-3058-a369-b3c48ac0df12,    1.197910 ,  -61.099490 ,2023-10-27 18:17:00,Brasil,RORAIMA,CARACARAÍ,Amazônia
 1658462267 ,51089624-1b80-37e3-bd89-b3173bd3c1ed,    1.189850 ,  -61.090550 ,2023-10-27 18:17:00,Brasil,RORAIMA,CARACARAÍ,Amazônia
 1658462268 ,ac8c86aa-9810-3ffe-a14e-97437e1a6c83,    1.187860 ,  -61.104790 ,2023-10-27 18:17:00,Brasil,RORAIMA,CARACARAÍ,Amazônia
 1658462269 ,5ecbaf24-e570-3277-9f85-ff76867f0321,    1.186800 ,  -61.097900 ,2023-10-27 18:17:00,Brasil,RORAIMA,CARACARAÍ,Amazônia
 1658462270 ,36a16a4b-92a3-3274-8427-6036d943f31c,    1.175690 ,  -61.096310 ,2023-10-27 18:17:00,Brasil,RORAIMA,CARACARAÍ,Amazônia
 1658462271 ,d454b326-c550-35d9-a594-aa9dd2dae2cd,    1.173620 ,  -61.110510 ,2023-10-27 18:17:00,Brasil,RORAIMA,CARACARAÍ,Amazônia
 1658630051 ,5d4bd8e2-f770-3a73-ae01-f6987278e33a,    1.092620 ,  -59.889370 ,2023-10-28 17:22:00,Brasil,RORAIMA,SÃO JOÃO DA BALIZA,Amazônia
 1658630052 ,5951de61-0502-3d2b-8456-b7735569762a,    1.065770 ,  -59.562850 ,2023-10-28 17:22:00,Brasil,RORAIMA,CAROEBE,Amazônia
 1658630053 ,96045ed3-cd1c-3758-a881-ec3aba3eb7d3,    1.064820 ,  -59.567340 ,2023-10-28 17:22:00,Brasil,RORAIMA,CAROEBE,Amazônia
 1658630054 ,c081c18d-0cac-32a7-b732-c0f5e212a3f5,    1.061700 ,  -59.590390 ,2023-10-28 17:22:00,Brasil,RORAIMA,CAROEBE,Amazônia
 1658630055 ,687dfbf1-51cb-32c2-a2fe-dcd8384ee726,     .723820 ,  -59.810260 ,2023-10-28 17:22:00,Brasil,RORAIMA,SÃO JOÃO DA BALIZA,Amazônia
 1658630056 ,c55a298b-a139-3675-9fd5-dc08f982e195,     .745880 ,  -60.087690 ,2023-10-28 17:22:00,Brasil,RORAIMA,SÃO LUIZ,Amazônia
 1658630057 ,437528a9-543c-30ee-93d9-f75cd4d4e1bc,     .056080 ,  -60.507560 ,2023-10-28 17:20:00,Brasil,RORAIMA,RORAINÓPOLIS,Amazônia
 1658630058 ,c8a381fc-88d1-3eda-b265-7825e67e44c6,     .049410 ,  -60.502080 ,2023-10-28 17:20:00,Brasil,RORAIMA,RORAINÓPOLIS,Amazônia
 1658630067 ,fecabc9b-540d-3849-99e6-7a8d0165b5b6,    4.041280 ,  -61.012290 ,2023-10-28 17:22:00,Brasil,RORAIMA,PACARAIMA,Amazônia
 1658630068 ,8c0e61cc-c3c0-3009-bbb5-2f4c269eb440,    3.710600 ,  -60.010110 ,2023-10-28 17:22:00,Brasil,RORAIMA,NORMANDIA,Amazônia
 1658630069 ,63dd42db-332a-38c1-819a-1fd35fd61009,    3.101580 ,  -60.394780 ,2023-10-28 17:22:00,Brasil,RORAIMA,BONFIM,Amazônia
 1658630070 ,096d0dd2-53dc-3242-b87e-ac5b80797474,     .190250 ,  -60.715370 ,2023-10-28 17:20:00,Brasil,RORAIMA,RORAINÓPOLIS,Amazônia
 1658630071 ,afd80669-c986-3b92-aabd-efa9c0aac8ee,     .184920 ,  -60.750490 ,2023-10-28 17:20:00,Brasil,RORAIMA,RORAINÓPOLIS,Amazônia
 1658797567 ,f31e6439-959a-3ca3-9dab-4fbd0ef7a012,    4.743740 ,  -60.122030 ,2023-10-29 18:04:00,Brasil,RORAIMA,UIRAMUTÃ,Amazônia
 1658797568 ,85f12505-e6c1-3716-9961-0a28161dcede,    4.674750 ,  -60.854540 ,2023-10-29 18:04:00,Brasil,RORAIMA,PACARAIMA,Amazônia
 1658797569 ,a3b2f0ef-2cd4-3e1b-83e9-d183ab3bcada,    4.047510 ,  -60.991130 ,2023-10-29 18:04:00,Brasil,RORAIMA,PACARAIMA,Amazônia
 1658797570 ,63b61c15-b58b-3f8c-95a6-d792527fcc97,    4.046160 ,  -61.000530 ,2023-10-29 18:04:00,Brasil,RORAIMA,PACARAIMA,Amazônia
 1658797571 ,6dd6e0e1-f584-3389-b466-bff11de4424a,    4.040810 ,  -64.519760 ,2023-10-29 18:04:00,Brasil,RORAIMA,AMAJARI,Amazônia
 1658797572 ,1b471e34-c261-3862-a25b-cf6a9d62a06d,    3.930560 ,  -60.774890 ,2023-10-29 18:04:00,Brasil,RORAIMA,PACARAIMA,Amazônia
 1658797573 ,ed09f1d6-4167-3b4e-acda-773552652f86,    3.929210 ,  -60.784450 ,2023-10-29 18:04:00,Brasil,RORAIMA,PACARAIMA,Amazônia
 1658797574 ,036e58f9-081a-32c0-9afc-723c8309cbe7,    3.774760 ,  -60.456420 ,2023-10-29 18:04:00,Brasil,RORAIMA,NORMANDIA,Amazônia
 1658797575 ,31dc3a06-33d4-34b8-9874-c982286ae337,    2.654230 ,  -63.747650 ,2023-10-29 18:02:00,Brasil,RORAIMA,ALTO ALEGRE,Amazônia
 1658797576 ,56a1f7a1-2a2a-3ea1-ac4e-cd01f11bf5fd,    2.653280 ,  -63.689730 ,2023-10-29 18:02:00,Brasil,RORAIMA,ALTO ALEGRE,Amazônia
 1658797577 ,0a9fe123-5555-3068-b56f-0ee4c581c15d,    2.652870 ,  -63.757000 ,2023-10-29 18:02:00,Brasil,RORAIMA,ALTO ALEGRE,Amazônia
 1658797578 ,37f52752-54f7-35fb-9677-e9f44358d272,    2.651920 ,  -63.699090 ,2023-10-29 18:02:00,Brasil,RORAIMA,ALTO ALEGRE,Amazônia
 1658797579 ,1a2d5192-cfd7-3ae1-9490-79127639c499,    2.108310 ,  -61.090880 ,2023-10-29 18:02:00,Brasil,RORAIMA,IRACEMA,Amazônia
 1658797580 ,3b874a54-2782-371d-92b4-d87d35305944,    1.857310 ,  -61.171650 ,2023-10-29 18:02:00,Brasil,RORAIMA,CARACARAÍ,Amazônia
 1658797581 ,fa837b23-9027-3999-a12a-e8a583b8532c,    1.371000 ,  -61.091780 ,2023-10-29 18:02:00,Brasil,RORAIMA,CARACARAÍ,Amazônia
 1658797582 ,6aaea8df-db57-34aa-856a-ac1b19a9a4a6,    1.369700 ,  -61.100780 ,2023-10-29 18:02:00,Brasil,RORAIMA,CARACARAÍ,Amazônia
 1658797583 ,bf45e386-1fd5-3d71-a759-9a56137168ab,    1.105800 ,  -59.540540 ,2023-10-29 18:02:00,Brasil,RORAIMA,CAROEBE,Amazônia
 1658797584 ,cfd7808c-d070-3761-a8c1-2cbb892655ac,    1.104340 ,  -59.550690 ,2023-10-29 18:02:00,Brasil,RORAIMA,CAROEBE,Amazônia
 1658797585 ,102bbb24-15c8-300f-afe8-8fcf0cf4be9e,    1.099210 ,  -59.518780 ,2023-10-29 18:02:00,Brasil,RORAIMA,CAROEBE,Amazônia
 1658797586 ,5943242d-3db7-3f95-9c4a-9a68d423035f,    1.097750 ,  -59.528980 ,2023-10-29 18:02:00,Brasil,RORAIMA,CAROEBE,Amazônia
 1658797587 ,d0f693c1-8350-307c-8756-3aaf8eab5b8a,     .987760 ,  -59.455140 ,2023-10-29 18:02:00,Brasil,RORAIMA,CAROEBE,Amazônia
 1658797588 ,dcc62700-d740-3a98-8528-afbf3166005d,     .796110 ,  -59.843940 ,2023-10-29 18:02:00,Brasil,RORAIMA,SÃO JOÃO DA BALIZA,Amazônia
 1658797589 ,51ec9cf7-1cde-3ef3-a266-6beae013e7e7,     .744080 ,  -60.073400 ,2023-10-29 18:02:00,Brasil,RORAIMA,SÃO LUIZ,Amazônia
 1658797590 ,03962b6b-cf96-3175-84de-0f5c31ac9e5b,     .676370 ,  -60.608010 ,2023-10-29 18:02:00,Brasil,RORAIMA,RORAINÓPOLIS,Amazônia
 1658797591 ,99ded026-761d-3ce6-9cd0-2fb69f740520,     .602730 ,  -60.166900 ,2023-10-29 18:02:00,Brasil,RORAIMA,SÃO LUIZ,Amazônia
 1658797592 ,7c5688d4-f498-377b-b702-85821f0f5c53,     .552570 ,  -59.679380 ,2023-10-29 18:02:00,Brasil,RORAIMA,CAROEBE,Amazônia
 1658797594 ,f9774e38-a43a-3bfd-825a-6d76a67f4990,     .200010 ,  -60.712380 ,2023-10-29 18:02:00,Brasil,RORAIMA,RORAINÓPOLIS,Amazônia
 1658797595 ,356265f9-5e80-39a7-8a22-7756120e8174,     .179400 ,  -60.727890 ,2023-10-29 18:02:00,Brasil,RORAIMA,RORAINÓPOLIS,Amazônia
 1658797596 ,bed7e6b8-5fa6-3f9f-a88b-ea0b48e9841c,     .178090 ,  -60.736950 ,2023-10-29 18:02:00,Brasil,RORAIMA,RORAINÓPOLIS,Amazônia
 1658797597 ,441131b7-e39f-344f-9da8-fbbb0893172d,     .056890 ,  -60.427800 ,2023-10-29 18:02:00,Brasil,RORAIMA,RORAINÓPOLIS,Amazônia
 1658798080 ,ba3c9ff5-b419-36dd-84cc-d9e9cc81b957,    -.718470 ,  -60.316140 ,2023-10-29 18:02:00,Brasil,RORAIMA,RORAINÓPOLIS,Amazônia
 1659291179 ,6ef5bb0a-3d5b-3e0f-9c7c-7a9ee9eb0b11,    4.048120 ,  -59.711300 ,2023-11-02 17:34:00,Brasil,RORAIMA,NORMANDIA,Amazônia
 1659291181 ,620242df-6a38-38e8-a9fb-42008347ffe7,    2.961290 ,  -59.975600 ,2023-11-02 17:34:00,Brasil,RORAIMA,BONFIM,Amazônia
 1659291182 ,0dcf700a-42b2-3f43-b776-ce7dda778f2b,    1.113480 ,  -59.587090 ,2023-11-02 17:32:00,Brasil,RORAIMA,CAROEBE,Amazônia
 1659291183 ,c1ebd7ef-b49a-3cc0-a380-883e8e996c20,    1.113330 ,  -60.210260 ,2023-11-02 17:32:00,Brasil,RORAIMA,SÃO LUIZ,Amazônia
 1659291184 ,4f804a20-787e-364c-946f-ae27e24b1afd,    1.104410 ,  -59.486760 ,2023-11-02 17:32:00,Brasil,RORAIMA,CAROEBE,Amazônia
 1659291185 ,5a754a9c-7d1d-3f95-bb17-2b06ff582b2f,     .923600 ,  -59.547430 ,2023-11-02 17:32:00,Brasil,RORAIMA,CAROEBE,Amazônia
 1659291186 ,e14fa248-205a-32ba-928a-5f7ae6182180,     .921170 ,  -59.563760 ,2023-11-02 17:32:00,Brasil,RORAIMA,CAROEBE,Amazônia
 1659291187 ,2d071f23-2a8b-3b8f-9232-4ad2fa5dc98c,     .723280 ,  -60.279090 ,2023-11-02 17:32:00,Brasil,RORAIMA,RORAINÓPOLIS,Amazônia
 1659291188 ,fdbee4b3-2863-3e21-b860-65b06ac61516,     .719040 ,  -60.394520 ,2023-11-02 17:32:00,Brasil,RORAIMA,RORAINÓPOLIS,Amazônia
 1659291189 ,e5d22e23-f7b9-3576-8ad1-0c35eef66531,     .716200 ,  -60.413710 ,2023-11-02 17:32:00,Brasil,RORAIMA,RORAINÓPOLIS,Amazônia
 1659291190 ,0d583a97-92f0-39e2-ade0-c03bb646e5f2,     .706350 ,  -60.392620 ,2023-11-02 17:32:00,Brasil,RORAIMA,RORAINÓPOLIS,Amazônia
 1659291191 ,096c97fc-fc84-3725-bdcb-cc8689837f83,     .703480 ,  -60.411830 ,2023-11-02 17:32:00,Brasil,RORAIMA,RORAINÓPOLIS,Amazônia
 1659291192 ,40f4b6a7-c845-3a47-b69a-1465bb28e6de,     .672080 ,  -60.003290 ,2023-11-02 17:32:00,Brasil,RORAIMA,SÃO JOÃO DA BALIZA,Amazônia
 1659291193 ,402cd305-7891-3de9-8a20-48609f7f3d6b,     .669400 ,  -60.021250 ,2023-11-02 17:32:00,Brasil,RORAIMA,SÃO JOÃO DA BALIZA,Amazônia
 1659291194 ,ae26db2e-3e06-334d-9574-1d762f6eea4f,     .663870 ,  -60.498150 ,2023-11-02 17:32:00,Brasil,RORAIMA,RORAINÓPOLIS,Amazônia
 1659291195 ,6c112842-69e4-3d6a-b059-69ac5bc2f3bb,     .663390 ,  -60.504880 ,2023-11-02 17:32:00,Brasil,RORAIMA,RORAINÓPOLIS,Amazônia
 1659291196 ,2fe81788-2fac-3359-b3f0-2b4c391f5ac7,     .661050 ,  -60.517770 ,2023-11-02 17:32:00,Brasil,RORAIMA,RORAINÓPOLIS,Amazônia
 1659291197 ,74636858-505b-3fb5-ab19-a74c1ac86eb0,     .644780 ,  -59.573080 ,2023-11-02 17:32:00,Brasil,RORAIMA,CAROEBE,Amazônia
 1659291198 ,6094e81d-91fb-368f-9d03-f7089172b4a6,     .642320 ,  -59.589620 ,2023-11-02 17:32:00,Brasil,RORAIMA,CAROEBE,Amazônia
 1659291199 ,c56a269c-dae0-34ad-8240-58aeb60d8c21,     .639860 ,  -59.606210 ,2023-11-02 17:32:00,Brasil,RORAIMA,CAROEBE,Amazônia
 1659291200 ,a4a14d35-fc3f-3d43-a3ab-4814dcdec50c,     .606320 ,  -59.916100 ,2023-11-02 17:32:00,Brasil,RORAIMA,SÃO JOÃO DA BALIZA,Amazônia
 1659291201 ,5197aa12-14a1-3f7e-867c-af42ad17b737,     .573360 ,  -60.226200 ,2023-11-02 17:32:00,Brasil,RORAIMA,SÃO LUIZ,Amazônia
 1659291207 ,0dbc2ae2-0339-3265-a28c-38ce5decd3c4,    4.539500 ,  -60.321300 ,2023-11-02 17:34:00,Brasil,RORAIMA,UIRAMUTÃ,Amazônia
 1659291208 ,cb392f7a-712f-34c9-a39e-2ccc9c4acd70,    3.704450 ,  -60.005490 ,2023-11-02 17:34:00,Brasil,RORAIMA,NORMANDIA,Amazônia
 1659291209 ,895493ac-7f07-3b95-a089-b84514419d7e,    3.691280 ,  -60.950200 ,2023-11-02 17:34:00,Brasil,RORAIMA,AMAJARI,Amazônia
 1659291210 ,e7b76acb-790f-3683-84aa-ec2aa6a37ca2,    3.690070 ,  -60.943210 ,2023-11-02 17:34:00,Brasil,RORAIMA,AMAJARI,Amazônia
 1659291211 ,df90e852-7b81-32d5-805e-9b4b53213d72,    2.865570 ,  -60.156650 ,2023-11-02 17:34:00,Brasil,RORAIMA,BONFIM,Amazônia
 1659291212 ,300eb94d-0574-3f03-8be6-e2e25f7adf72,    2.853600 ,  -60.154810 ,2023-11-02 17:34:00,Brasil,RORAIMA,BONFIM,Amazônia
 1659291213 ,c28b590d-e50e-3092-992a-9291d35f86b9,    2.853490 ,  -61.017620 ,2023-11-02 17:34:00,Brasil,RORAIMA,ALTO ALEGRE,Amazônia
 1659291214 ,acda644d-ac92-3a4f-b74f-95f00b711a0a,    2.733270 ,  -60.183510 ,2023-11-02 17:34:00,Brasil,RORAIMA,BONFIM,Amazônia
 1659291215 ,1b3c25cd-da77-32be-8646-c498a3f65a85,    1.562070 ,  -61.070930 ,2023-11-02 17:32:00,Brasil,RORAIMA,CARACARAÍ,Amazônia
 1659291218 ,13ad89ee-fa3f-3ae5-af35-a2b1a11c06e3,   -1.364520 ,  -61.818400 ,2023-11-02 17:32:00,Brasil,RORAIMA,RORAINÓPOLIS,Amazônia
 1659427302 ,d0eb9484-942e-3db9-a39d-46d6ab92ade2,    4.826920 ,  -60.185460 ,2023-11-03 18:15:00,Brasil,RORAIMA,UIRAMUTÃ,Amazônia
 1659574859 ,a74926bf-415d-30e5-85e1-53e5b60fbdb0,    4.383890 ,  -59.723050 ,2023-11-04 17:20:00,Brasil,RORAIMA,UIRAMUTÃ,Amazônia
 1659574860 ,3add0b3e-59d6-3e5c-a94f-3cbd7fcf2e03,    4.380430 ,  -59.726510 ,2023-11-04 17:20:00,Brasil,RORAIMA,UIRAMUTÃ,Amazônia
 1659574867 ,80486ea1-cbbf-37e4-af8d-a46e7eea05c8,    4.847230 ,  -60.160960 ,2023-11-04 17:20:00,Brasil,RORAIMA,UIRAMUTÃ,Amazônia
 1659574868 ,0425a22c-69f1-3597-acf7-1f0bd1c5cea7,    4.841470 ,  -60.196960 ,2023-11-04 17:20:00,Brasil,RORAIMA,UIRAMUTÃ,Amazônia
 1659679284 ,ee227ddb-6ad4-3f43-9d2c-7b2adf943847,    4.623370 ,  -60.391350 ,2023-11-05 18:00:00,Brasil,RORAIMA,UIRAMUTÃ,Amazônia
 1659679285 ,070ed24f-7011-3032-a32f-0a3689ce81de,    4.201830 ,  -61.080850 ,2023-11-05 18:00:00,Brasil,RORAIMA,PACARAIMA,Amazônia
 1659679286 ,986540a7-b4a3-305d-a043-5e79bee0d05d,    2.905390 ,  -61.186580 ,2023-11-05 18:00:00,Brasil,RORAIMA,ALTO ALEGRE,Amazônia
 1659679288 ,44401652-7bea-3ee0-aeb9-e80c54c4f1f2,    1.331700 ,  -60.862890 ,2023-11-05 18:00:00,Brasil,RORAIMA,CARACARAÍ,Amazônia
 1659679289 ,9e7ad0d4-d991-3121-b2f0-4816660dd24d,    1.330420 ,  -60.871720 ,2023-11-05 18:00:00,Brasil,RORAIMA,CARACARAÍ,Amazônia
 1659679290 ,6af1161d-a886-3825-9ed6-7c5d9fe9fada,    1.104940 ,  -59.426290 ,2023-11-05 18:00:00,Brasil,RORAIMA,CAROEBE,Amazônia
 1659679291 ,75d7d662-2bd4-3eec-84c4-ca82a3344558,     .941460 ,  -59.476140 ,2023-11-05 18:00:00,Brasil,RORAIMA,CAROEBE,Amazônia
 1658274161 ,b5516d4d-edca-3d82-bf0f-7733b24cfc7e,     .979660 ,  -59.613770 ,2023-10-26 17:34:00,Brasil,RORAIMA,CAROEBE,Amazônia
 1658274168 ,1232d545-a45f-3d03-9a78-282978e7763f,     .577450 ,  -60.152320 ,2023-10-26 17:34:00,Brasil,RORAIMA,SÃO LUIZ,Amazônia
 1658274169 ,b9359992-867a-34c8-ba03-b1f1689f2232,     .503310 ,  -59.344540 ,2023-10-26 17:34:00,Brasil,RORAIMA,CAROEBE,Amazônia
 1658274170 ,c05e4699-36d5-3ae5-a6f5-b4b248439629,     .501510 ,  -59.338830 ,2023-10-26 17:34:00,Brasil,RORAIMA,CAROEBE,Amazônia
 1658274171 ,a82105e2-d3e8-3410-873f-6ebd70d09bdd,     .499560 ,  -59.352510 ,2023-10-26 17:34:00,Brasil,RORAIMA,CAROEBE,Amazônia
 1658274244 ,f9a042df-405e-33cb-96a2-7befff3bfd49,    4.365670 ,  -60.055150 ,2023-10-26 17:37:00,Brasil,RORAIMA,UIRAMUTÃ,Amazônia
 1658274245 ,15a1ccca-1e40-32a4-ac23-c2e30b7e51ae,    4.314930 ,  -59.712230 ,2023-10-26 17:37:00,Brasil,RORAIMA,UIRAMUTÃ,Amazônia
 1658274246 ,fee09713-5f01-31b8-98e8-d6938074e9f0,    4.310970 ,  -60.785060 ,2023-10-26 17:37:00,Brasil,RORAIMA,PACARAIMA,Amazônia
 1658274247 ,2a472007-af4c-3026-887a-b6e0ed8f6b71,    4.030370 ,  -59.768270 ,2023-10-26 17:37:00,Brasil,RORAIMA,NORMANDIA,Amazônia
 1658274248 ,cfa83ec0-9c1e-3c9b-a3ef-42395d5d445b,    4.025370 ,  -59.761010 ,2023-10-26 17:37:00,Brasil,RORAIMA,NORMANDIA,Amazônia
 1658274249 ,2878075c-5a60-3b83-8f26-7a493de36d2b,    4.023490 ,  -59.773830 ,2023-10-26 17:37:00,Brasil,RORAIMA,NORMANDIA,Amazônia
 1658274252 ,8f36f934-dd21-3947-9374-86b6f94dd927,    3.956030 ,  -61.427820 ,2023-10-26 17:37:00,Brasil,RORAIMA,AMAJARI,Amazônia
 1658274287 ,e52366f0-ff7c-397a-89d3-b2ada60d3ef2,    3.073180 ,  -60.986440 ,2023-10-26 17:37:00,Brasil,RORAIMA,BOA VISTA,Amazônia
 1658274288 ,e44b56f8-512f-3c15-aa1c-0fb381303487,    3.061350 ,  -60.984660 ,2023-10-26 17:37:00,Brasil,RORAIMA,BOA VISTA,Amazônia
 1658274289 ,3c75b4bb-4a70-334a-a8c8-71167dbac7b3,    2.847520 ,  -60.500450 ,2023-10-26 17:37:00,Brasil,RORAIMA,BONFIM,Amazônia
 1658274290 ,00f9b82e-53a5-352b-a82c-d667d7b595f4,    2.835950 ,  -60.576780 ,2023-10-26 17:37:00,Brasil,RORAIMA,CANTÁ,Amazônia
 1658274291 ,cd098298-c1e8-31f6-89c7-6ab3a9397847,    2.833620 ,  -60.592170 ,2023-10-26 17:37:00,Brasil,RORAIMA,CANTÁ,Amazônia
 1658274293 ,b2b18d7a-28c7-353a-9ed4-37ef2cf188d9,    2.160870 ,  -60.570070 ,2023-10-26 17:37:00,Brasil,RORAIMA,CANTÁ,Amazônia
 1658274294 ,c5511d3a-fbf2-35ca-a1c1-073a087926dc,    2.156410 ,  -60.574580 ,2023-10-26 17:37:00,Brasil,RORAIMA,CANTÁ,Amazônia
 1659097600 ,f8ce57ea-c8e0-3f73-81da-7b932da43487,    2.645630 ,  -63.870560 ,2023-10-31 17:49:00,Brasil,RORAIMA,ALTO ALEGRE,Amazônia
 1659098900 ,ec091009-d73e-3851-8120-1f417191ec73,    2.222030 ,  -59.814520 ,2023-10-31 17:47:00,Brasil,RORAIMA,BONFIM,Amazônia
 1659098901 ,ad09dc2a-bf6f-3848-8128-700a0d74b9f3,    1.521010 ,  -60.384900 ,2023-10-31 17:47:00,Brasil,RORAIMA,CARACARAÍ,Amazônia
 1659098902 ,2410e9a7-ff48-30bc-ad5b-3d221e75225f,    1.519550 ,  -60.394890 ,2023-10-31 17:47:00,Brasil,RORAIMA,CARACARAÍ,Amazônia
 1659098903 ,800529cb-8a02-338e-888e-d2713036a8e3,    1.050450 ,  -60.085370 ,2023-10-31 17:47:00,Brasil,RORAIMA,SÃO LUIZ,Amazônia
 1659098904 ,01708257-2caf-3b34-9098-c2ab4730b3a2,     .966290 ,  -60.465610 ,2023-10-31 17:47:00,Brasil,RORAIMA,RORAINÓPOLIS,Amazônia
 1659098905 ,ad67fad3-8fb6-3d84-acd2-321f43c7e1dc,    1.105080 ,  -59.706550 ,2023-10-31 17:47:00,Brasil,RORAIMA,CAROEBE,Amazônia
 1659098906 ,20c5838e-d325-374d-84c4-bf46f82cec7a,    1.104940 ,  -59.513420 ,2023-10-31 17:47:00,Brasil,RORAIMA,CAROEBE,Amazônia
 1659098907 ,cbb4593b-c1c3-39bf-a05e-50a2584d5607,    1.103570 ,  -59.522800 ,2023-10-31 17:47:00,Brasil,RORAIMA,CAROEBE,Amazônia
 1659098908 ,302394b0-f419-3246-b26d-5ff6bc5ab066,    1.095800 ,  -59.512080 ,2023-10-31 17:47:00,Brasil,RORAIMA,CAROEBE,Amazônia
 1659098909 ,1b49c2e0-3f51-30a2-a1b2-31bed4b0449d,    1.094430 ,  -59.521480 ,2023-10-31 17:47:00,Brasil,RORAIMA,CAROEBE,Amazônia
 1659098910 ,6bd0a93f-007e-39aa-a754-46d7345d78d6,    1.048510 ,  -59.528500 ,2023-10-31 17:47:00,Brasil,RORAIMA,CAROEBE,Amazônia
 1659098911 ,5fcca1ef-fa15-3c22-84c2-d3ef0c6316cd,    1.020090 ,  -59.466870 ,2023-10-31 17:47:00,Brasil,RORAIMA,CAROEBE,Amazônia
 1659098912 ,52c1a48a-6915-31ce-8743-450ec35204c0,     .998170 ,  -59.617610 ,2023-10-31 17:47:00,Brasil,RORAIMA,CAROEBE,Amazônia
 1659098913 ,05bed520-7cb4-3958-8e1c-1e4197ddd3ee,     .995430 ,  -59.444140 ,2023-10-31 17:47:00,Brasil,RORAIMA,CAROEBE,Amazônia
 1659098914 ,98272499-6490-3754-b0d1-7f504a84ebab,     .994060 ,  -59.453490 ,2023-10-31 17:47:00,Brasil,RORAIMA,CAROEBE,Amazônia
 1659098915 ,21882932-b25a-34c9-b919-1294757b3626,     .988990 ,  -59.616280 ,2023-10-31 17:47:00,Brasil,RORAIMA,CAROEBE,Amazônia
 1659098916 ,f11be535-6469-30ce-ba54-6024ba203106,     .985820 ,  -59.509800 ,2023-10-31 17:47:00,Brasil,RORAIMA,CAROEBE,Amazônia
 1659098917 ,65ddbf3f-b423-36c4-8807-d980480d3f89,     .984440 ,  -59.519200 ,2023-10-31 17:47:00,Brasil,RORAIMA,CAROEBE,Amazônia
 1659098918 ,8983bd9b-2cff-380b-b03b-dc2ae01a3a7f,     .953900 ,  -59.412500 ,2023-10-31 17:47:00,Brasil,RORAIMA,CAROEBE,Amazônia
 1659098919 ,cea5176f-7e77-3c10-8502-551258e845cd,     .934140 ,  -59.679370 ,2023-10-31 17:47:00,Brasil,RORAIMA,CAROEBE,Amazônia
 1659098920 ,6315ea47-58b4-3f7c-814b-574b51a03393,     .867400 ,  -59.620990 ,2023-10-31 17:47:00,Brasil,RORAIMA,CAROEBE,Amazônia
 1659098921 ,55a0864c-bd01-348e-95e4-3e71f4955254,     .739760 ,  -59.619330 ,2023-10-31 17:47:00,Brasil,RORAIMA,CAROEBE,Amazônia
 1659098922 ,e5c41716-a466-3564-b6a7-ebfbce7e5408,     .738390 ,  -59.628860 ,2023-10-31 17:47:00,Brasil,RORAIMA,CAROEBE,Amazônia
 1659098923 ,ba93ac6b-70ee-352c-adec-7c4f0488d29e,     .618340 ,  -60.191970 ,2023-10-31 17:47:00,Brasil,RORAIMA,SÃO LUIZ,Amazônia
 1659098924 ,6f22c4fc-791d-3869-8e44-310598e7cd12,     .616860 ,  -60.202100 ,2023-10-31 17:47:00,Brasil,RORAIMA,SÃO LUIZ,Amazônia
 1659098925 ,f720b02c-cdda-3a43-bbe3-d717f0d92f4e,     .608870 ,  -60.190610 ,2023-10-31 17:47:00,Brasil,RORAIMA,SÃO LUIZ,Amazônia
 1659098926 ,ffede312-2999-3a78-926a-d94894ea7e1c,     .607380 ,  -60.200720 ,2023-10-31 17:47:00,Brasil,RORAIMA,SÃO LUIZ,Amazônia
 1659098927 ,802cb1f3-2662-32f9-a190-5981e1e21c04,     .581170 ,  -60.150280 ,2023-10-31 17:47:00,Brasil,RORAIMA,SÃO LUIZ,Amazônia
 1659098928 ,70a36fb9-8259-3138-95a7-85cf07b44846,     .579720 ,  -60.160370 ,2023-10-31 17:47:00,Brasil,RORAIMA,SÃO LUIZ,Amazônia
 1659098929 ,d05b7f20-454a-3c49-8d34-033e52fd0fa5,     .125780 ,  -60.481310 ,2023-10-31 17:47:00,Brasil,RORAIMA,RORAINÓPOLIS,Amazônia
 1659098930 ,7b7b0e40-f1c0-3053-9754-22428f7ae57c,     .124240 ,  -60.491920 ,2023-10-31 17:47:00,Brasil,RORAIMA,RORAINÓPOLIS,Amazônia
 1659098931 ,1cdeed04-d2cb-3f40-afe8-6f201a516311,     .725250 ,  -59.899710 ,2023-10-31 17:47:00,Brasil,RORAIMA,SÃO JOÃO DA BALIZA,Amazônia
 1659098932 ,31c53fd5-1b96-344f-ac72-e6a2575c6e71,     .719890 ,  -59.822570 ,2023-10-31 17:47:00,Brasil,RORAIMA,SÃO JOÃO DA BALIZA,Amazônia
 1659098933 ,0057f6bb-5f0f-32da-bd62-10046c526157,     .691750 ,  -59.690420 ,2023-10-31 17:47:00,Brasil,RORAIMA,CAROEBE,Amazônia
 1659098934 ,a9caae25-4d7f-357d-a220-71a33986a267,     .690350 ,  -59.700040 ,2023-10-31 17:47:00,Brasil,RORAIMA,CAROEBE,Amazônia
 1659098935 ,612764ff-036b-362f-9389-232a64e5d233,     .655000 ,  -59.572230 ,2023-10-31 17:47:00,Brasil,RORAIMA,CAROEBE,Amazônia
 1659098936 ,2157f6a2-b56d-3e9b-bd59-b3f3b331eb0c,     .645790 ,  -59.570900 ,2023-10-31 17:47:00,Brasil,RORAIMA,CAROEBE,Amazônia
 1659098965 ,1ca40a73-54aa-3626-877d-18ca1817323f,    5.022460 ,  -60.138070 ,2023-10-31 17:49:00,Brasil,RORAIMA,UIRAMUTÃ,Amazônia
 1659098966 ,993c70f7-305e-36e1-8cc6-450b8e2f07c5,    5.021090 ,  -60.147300 ,2023-10-31 17:49:00,Brasil,RORAIMA,UIRAMUTÃ,Amazônia
 1659098967 ,42318c64-a2aa-3bb7-8337-b71c8ab56f8e,    4.520130 ,  -60.362490 ,2023-10-31 17:49:00,Brasil,RORAIMA,UIRAMUTÃ,Amazônia
 1659098968 ,8d264b80-0905-39b6-8862-672f71df5689,    3.919900 ,  -60.492770 ,2023-10-31 17:49:00,Brasil,RORAIMA,PACARAIMA,Amazônia
 1659098969 ,a716cc99-708a-3477-9251-6ce747d60a4b,    3.914170 ,  -60.403080 ,2023-10-31 17:49:00,Brasil,RORAIMA,NORMANDIA,Amazônia
 1659098970 ,9acdab74-5b78-31fd-800a-97a3d55c0ed8,    3.912050 ,  -60.481690 ,2023-10-31 17:49:00,Brasil,RORAIMA,NORMANDIA,Amazônia
 1659098971 ,a538e8f5-608e-35e9-8940-ded64a023e9d,    3.840850 ,  -60.640850 ,2023-10-31 17:49:00,Brasil,RORAIMA,PACARAIMA,Amazônia
 1659098973 ,fc6a0182-3dbd-3bf3-96f2-8fa1fc78bb1b,    3.839380 ,  -60.650710 ,2023-10-31 17:49:00,Brasil,RORAIMA,PACARAIMA,Amazônia
 1659098974 ,f089c44b-5613-33a5-9b0d-f037b131e948,    3.834690 ,  -60.644510 ,2023-10-31 17:49:00,Brasil,RORAIMA,PACARAIMA,Amazônia
 1659098975 ,8d0c7baf-b952-392c-aad0-65483f7dbb03,    3.833260 ,  -60.654380 ,2023-10-31 17:49:00,Brasil,RORAIMA,PACARAIMA,Amazônia
 1659098976 ,6ab911b2-779a-3ff4-939c-22351403b4fb,    3.805330 ,  -60.208940 ,2023-10-31 17:49:00,Brasil,RORAIMA,NORMANDIA,Amazônia
 1659098977 ,f783ee9b-cc8d-3b47-bb3f-0606c8749449,    3.803950 ,  -60.218430 ,2023-10-31 17:49:00,Brasil,RORAIMA,NORMANDIA,Amazônia
 1659098978 ,63fe93a2-4298-3cac-a6a5-69de29143f94,    3.764870 ,  -60.487460 ,2023-10-31 17:49:00,Brasil,RORAIMA,NORMANDIA,Amazônia
 1659098979 ,fedec5a5-be70-3fbf-9c31-bd979633295a,    3.021820 ,  -61.518880 ,2023-10-31 17:49:00,Brasil,RORAIMA,ALTO ALEGRE,Amazônia
 1659098981 ,345a6a51-cc97-3e79-874c-5a4b7a830ffb,    2.729270 ,  -60.317600 ,2023-10-31 17:47:00,Brasil,RORAIMA,BONFIM,Amazônia
 1659098982 ,55cbebc1-25a2-3ac0-8113-5ae78b602a29,    1.774010 ,  -61.237920 ,2023-10-31 17:47:00,Brasil,RORAIMA,CARACARAÍ,Amazônia
 1659098983 ,1a9b0e21-7d05-3d4b-9606-25afb5be409c,     .201270 ,  -60.728840 ,2023-10-31 17:47:00,Brasil,RORAIMA,RORAINÓPOLIS,Amazônia
 1659099002 ,f29e21e7-ac27-39ca-bbdb-428b01c256bb,    3.812350 ,  -61.712410 ,2023-10-31 17:49:00,Brasil,RORAIMA,AMAJARI,Amazônia
 1659099003 ,0549b904-a322-385b-a903-9054c4552754,    3.802390 ,  -61.711050 ,2023-10-31 17:49:00,Brasil,RORAIMA,AMAJARI,Amazônia
 1659099004 ,2f61179e-f549-3520-931b-21358f38061d,    3.800690 ,  -61.722400 ,2023-10-31 17:49:00,Brasil,RORAIMA,AMAJARI,Amazônia
 1659954898 ,7e16139b-ee54-3954-8ff1-c41695bec24f,    4.253290 ,  -60.719200 ,2023-11-07 17:45:00,Brasil,RORAIMA,PACARAIMA,Amazônia
 1659954899 ,cb7cc6e1-e9ff-3b19-acd5-83e7f6b1bced,    4.049290 ,  -61.121150 ,2023-11-07 17:45:00,Brasil,RORAIMA,PACARAIMA,Amazônia
 1660269869 ,091fbe69-c272-36f1-bc42-a0b7d9ecd299,    3.152450 ,  -60.668600 ,2023-11-09 17:28:00,Brasil,RORAIMA,BOA VISTA,Amazônia
 1660269870 ,86f61809-33c1-3871-b9af-22f7126597b0,    3.140860 ,  -60.682170 ,2023-11-09 17:28:00,Brasil,RORAIMA,BOA VISTA,Amazônia
 1660269888 ,d12a62ad-326e-31ce-bdf1-614272185412,    1.560440 ,  -61.066810 ,2023-11-09 17:28:00,Brasil,RORAIMA,CARACARAÍ,Amazônia
 1660364316 ,03e763af-7129-3822-84ec-57e7367ca08b,    3.791720 ,  -60.843540 ,2023-11-10 18:13:00,Brasil,RORAIMA,PACARAIMA,Amazônia
 1660364317 ,f52a2f09-f32e-3b53-988a-956708f3cb3c,    3.502050 ,  -60.096870 ,2023-11-10 18:13:00,Brasil,RORAIMA,NORMANDIA,Amazônia
 1660364318 ,c81eaf0b-3596-335c-9e0a-bb0a036d70af,    3.069000 ,  -60.057490 ,2023-11-10 18:13:00,Brasil,RORAIMA,BONFIM,Amazônia
 1660364319 ,d43132b0-4e13-33ad-84be-fa91bcda4db7,    3.026320 ,  -60.051460 ,2023-11-10 18:13:00,Brasil,RORAIMA,BONFIM,Amazônia
 1660364320 ,f73ec50d-df7a-393f-b441-09ddbb6aeab7,     .834910 ,  -60.299960 ,2023-11-10 18:10:00,Brasil,RORAIMA,RORAINÓPOLIS,Amazônia
 1660674059 ,09979875-698b-3aaa-b264-403ee5bf1bb3,    4.298140 ,  -59.738120 ,2023-11-12 17:58:00,Brasil,RORAIMA,UIRAMUTÃ,Amazônia
 1660674072 ,1e0cfde8-7c3b-380e-8fbe-d84f710070e5,    1.171590 ,  -60.322590 ,2023-11-12 17:56:00,Brasil,RORAIMA,CARACARAÍ,Amazônia
 1660674073 ,76124370-8caa-3b2f-80f3-74a9c249aef0,     .866870 ,  -60.332790 ,2023-11-12 17:56:00,Brasil,RORAIMA,RORAINÓPOLIS,Amazônia
 1660674074 ,d8c9c752-1070-3650-8aee-8df18bebe0d0,    2.105830 ,  -59.728310 ,2023-11-12 17:56:00,Brasil,RORAIMA,BONFIM,Amazônia
 1660674075 ,42266a8d-7cce-36ff-a2df-74dad3ff1fb3,    1.149630 ,  -59.528000 ,2023-11-12 17:56:00,Brasil,RORAIMA,CAROEBE,Amazônia
 1660674076 ,3d26a852-27a5-3596-81c1-650fee5ed2d4,    1.140730 ,  -59.526700 ,2023-11-12 17:56:00,Brasil,RORAIMA,CAROEBE,Amazônia
 1660674077 ,86ecde76-4e5b-3aaa-8fa8-18dbd6b40de2,    1.139450 ,  -59.535570 ,2023-11-12 17:56:00,Brasil,RORAIMA,CAROEBE,Amazônia
 1660674078 ,ffbaed9d-5381-3c21-b97b-4623f35d72bf,    1.130890 ,  -59.518630 ,2023-11-12 17:56:00,Brasil,RORAIMA,CAROEBE,Amazônia
 1660674079 ,4ea5a9bb-ca38-3276-bda1-6b18afd51546,    1.129610 ,  -59.527500 ,2023-11-12 17:56:00,Brasil,RORAIMA,CAROEBE,Amazônia
 1660674080 ,3fbe3805-09ef-3067-b2be-44414c8d3581,    1.128320 ,  -59.536360 ,2023-11-12 17:56:00,Brasil,RORAIMA,CAROEBE,Amazônia
 1660674081 ,cc312a66-932a-3ccd-9271-e55cc60de061,    1.085790 ,  -59.906770 ,2023-11-12 17:56:00,Brasil,RORAIMA,SÃO JOÃO DA BALIZA,Amazônia
 1660674082 ,4f12e223-3ab5-3b24-b0ce-f2aba99f2cf7,    1.081080 ,  -59.737210 ,2023-11-12 17:56:00,Brasil,RORAIMA,CAROEBE,Amazônia
 1660674083 ,6723461d-c3e9-3550-bf5e-9e35fb8855ce,    1.079800 ,  -59.746040 ,2023-11-12 17:56:00,Brasil,RORAIMA,SÃO JOÃO DA BALIZA,Amazônia
 1660674084 ,81dd997b-e990-3a66-baf5-8820185d796a,     .912520 ,  -59.628240 ,2023-11-12 17:56:00,Brasil,RORAIMA,CAROEBE,Amazônia
 1660674085 ,56a396be-c351-3d25-a64c-52138bae546b,     .911240 ,  -59.637080 ,2023-11-12 17:56:00,Brasil,RORAIMA,CAROEBE,Amazônia
 1660674086 ,ff95b1cb-8bc1-396b-9ad3-ff280cde9024,     .733760 ,  -59.589970 ,2023-11-12 17:56:00,Brasil,RORAIMA,CAROEBE,Amazônia
 1660674087 ,ab87a122-228b-34ea-a118-429c629d4e50,     .732480 ,  -59.598810 ,2023-11-12 17:56:00,Brasil,RORAIMA,CAROEBE,Amazônia
 1660674088 ,ead7d23a-dd70-3d69-9b73-7fed8f9c4ca1,     .760570 ,  -60.238270 ,2023-11-12 17:56:00,Brasil,RORAIMA,SÃO LUIZ,Amazônia
 1660674089 ,fc079423-b45e-31c5-92f5-42a14b7c5f47,     .731750 ,  -60.056380 ,2023-11-12 17:56:00,Brasil,RORAIMA,SÃO JOÃO DA BALIZA,Amazônia
 1660674090 ,352b3c3e-78f2-3c72-90ea-c93b4793aa4b,     .730470 ,  -60.065230 ,2023-11-12 17:56:00,Brasil,RORAIMA,SÃO LUIZ,Amazônia
 1660674091 ,b989debc-f78a-3c5a-9de6-360606361b38,     .263140 ,  -60.555800 ,2023-11-12 17:56:00,Brasil,RORAIMA,RORAINÓPOLIS,Amazônia
 1660674092 ,9b71857f-8037-34ef-ad38-80f4893f27b6,    -.688430 ,  -60.313110 ,2023-11-12 17:56:00,Brasil,RORAIMA,RORAINÓPOLIS,Amazônia
 1660674188 ,acaa8618-d1cd-35e6-9ece-c250ea141c3a,    4.076670 ,  -59.995600 ,2023-11-12 17:58:00,Brasil,RORAIMA,NORMANDIA,Amazônia
 1660674189 ,57351cdc-a7e7-3ae7-8f92-26f57dc0dffc,    4.016780 ,  -60.095810 ,2023-11-12 17:58:00,Brasil,RORAIMA,NORMANDIA,Amazônia
 1660674190 ,016ae70f-cb62-3653-acd4-3283584494c3,    4.015500 ,  -60.104730 ,2023-11-12 17:58:00,Brasil,RORAIMA,NORMANDIA,Amazônia
 1660674191 ,cf4f3d11-7192-3fea-b050-2147bde57b1d,    4.008980 ,  -60.275810 ,2023-11-12 17:58:00,Brasil,RORAIMA,NORMANDIA,Amazônia
 1660674192 ,1a4cc020-6d5a-30b6-983b-d77da35a37c9,    3.968770 ,  -60.100360 ,2023-11-12 17:58:00,Brasil,RORAIMA,NORMANDIA,Amazônia
 1660674193 ,8fd4c485-ac62-35d0-a1f5-b27185e2e393,    3.828900 ,  -61.003340 ,2023-11-12 17:58:00,Brasil,RORAIMA,AMAJARI,Amazônia
 1660674194 ,52d4c7a0-cdc7-3fd6-a9e2-fe308a9348d3,    3.753090 ,  -60.831990 ,2023-11-12 17:58:00,Brasil,RORAIMA,PACARAIMA,Amazônia
 1660674195 ,10edf903-ff74-377d-9e7b-0373aa8b160a,    3.751800 ,  -60.840870 ,2023-11-12 17:58:00,Brasil,RORAIMA,PACARAIMA,Amazônia
 1660674196 ,4a50b563-e013-32b2-a121-e649894f4784,    3.321920 ,  -61.386340 ,2023-11-12 17:58:00,Brasil,RORAIMA,ALTO ALEGRE,Amazônia
 1660674197 ,19f61dd7-c6bb-333c-b56a-8165e75d9ed3,    3.305600 ,  -60.735440 ,2023-11-12 17:58:00,Brasil,RORAIMA,BOA VISTA,Amazônia
 1660674198 ,68982b9a-403a-39a0-84b3-6dca49c33912,    3.226140 ,  -60.401650 ,2023-11-12 17:58:00,Brasil,RORAIMA,BOA VISTA,Amazônia
 1660674199 ,080c0e70-c206-3791-bb73-7e5bd87a172c,    3.214940 ,  -60.402490 ,2023-11-12 17:58:00,Brasil,RORAIMA,BOA VISTA,Amazônia
 1660674200 ,224304de-5f8e-32e2-a7a4-d406b4f4b682,    2.785100 ,  -60.261100 ,2023-11-12 17:56:00,Brasil,RORAIMA,BONFIM,Amazônia
 1660674201 ,29e0fb65-782f-3035-bfe3-7e42c09a8385,    2.783830 ,  -60.269940 ,2023-11-12 17:56:00,Brasil,RORAIMA,BONFIM,Amazônia
 1660674202 ,46d62324-7f3e-3e2a-9234-1e2b2cee9b57,    2.774880 ,  -60.262940 ,2023-11-12 17:56:00,Brasil,RORAIMA,BONFIM,Amazônia
 1660674203 ,d70918c7-b3f6-3953-af00-d287eb4e016b,    2.773600 ,  -60.271770 ,2023-11-12 17:56:00,Brasil,RORAIMA,BONFIM,Amazônia
 1660674204 ,f98ff67d-03b0-3cf6-adb2-2b3ec26cca87,    2.772320 ,  -60.280610 ,2023-11-12 17:56:00,Brasil,RORAIMA,BONFIM,Amazônia
 1660674205 ,c55ff7c4-ad79-3424-bcf5-56597eb7d5c2,    2.771040 ,  -60.289450 ,2023-11-12 17:56:00,Brasil,RORAIMA,BONFIM,Amazônia
 1660674206 ,9b945761-c907-39df-bf83-6823fc8ef306,    2.764720 ,  -60.270480 ,2023-11-12 17:56:00,Brasil,RORAIMA,BONFIM,Amazônia
 1660674207 ,a7e04c5e-0bf9-38c2-87e9-8a6c4fdee39f,    2.763440 ,  -60.279320 ,2023-11-12 17:56:00,Brasil,RORAIMA,BONFIM,Amazônia
 1660674208 ,022cd508-a668-3514-8c68-309afbc846d3,    1.630770 ,  -61.096770 ,2023-11-12 17:56:00,Brasil,RORAIMA,CARACARAÍ,Amazônia
 1660674209 ,ad341407-02a6-383b-a0eb-3cac9c2ad5a7,    1.450000 ,  -60.881630 ,2023-11-12 17:56:00,Brasil,RORAIMA,CARACARAÍ,Amazônia
 1660674210 ,856708d8-dc7e-3c2d-994f-50e5b6099ca2,    1.433580 ,  -60.805390 ,2023-11-12 17:56:00,Brasil,RORAIMA,CARACARAÍ,Amazônia
 1660110014 ,8b14378f-ebba-36e5-9659-77d4ddc3e0d9,    3.886870 ,  -61.001850 ,2023-11-08 18:28:00,Brasil,RORAIMA,AMAJARI,Amazônia
 1660110015 ,b89a9fd0-0d85-3c88-8aac-3a6282bf829d,    1.565830 ,  -61.077590 ,2023-11-08 18:25:00,Brasil,RORAIMA,CARACARAÍ,Amazônia
 1660951287 ,98f2c485-8650-30bc-9c8d-c32ca91c5568,    3.656400 ,  -59.903630 ,2023-11-14 17:41:00,Brasil,RORAIMA,NORMANDIA,Amazônia
 1660951288 ,f9a0ad9e-4ade-342d-ae46-d4bd322976a4,    3.643180 ,  -59.854250 ,2023-11-14 17:41:00,Brasil,RORAIMA,NORMANDIA,Amazônia
 1660951292 ,2513da24-4426-33e5-a1d2-984aeb2c8bfa,    1.179360 ,  -60.392230 ,2023-11-14 17:38:00,Brasil,RORAIMA,CARACARAÍ,Amazônia
 1660951293 ,c02d67c2-d5a0-33d6-b88d-0dc3127f7821,     .837900 ,  -59.381480 ,2023-11-14 17:38:00,Brasil,RORAIMA,CAROEBE,Amazônia
 1660951294 ,d4d86d31-d7b3-3a89-b900-eb2c5c533e88,     .836140 ,  -59.393230 ,2023-11-14 17:38:00,Brasil,RORAIMA,CAROEBE,Amazônia
 1660951440 ,b463213f-b2ef-309c-88c8-3dc06b793a87,    3.826100 ,  -60.000920 ,2023-11-14 17:41:00,Brasil,RORAIMA,NORMANDIA,Amazônia
 1660951441 ,289283c3-5350-352c-8d2f-bc7ee26b37fc,    3.823290 ,  -60.636870 ,2023-11-14 17:41:00,Brasil,RORAIMA,PACARAIMA,Amazônia
 1660951445 ,9346ac5c-1095-3d45-b68c-6df2312079c4,    3.781150 ,  -60.301100 ,2023-11-14 17:41:00,Brasil,RORAIMA,NORMANDIA,Amazônia
 1660951446 ,4afeb42c-f580-3bd3-b279-75394da0b745,    3.770790 ,  -60.299530 ,2023-11-14 17:41:00,Brasil,RORAIMA,NORMANDIA,Amazônia
 1660951447 ,1fab59e4-b9f5-36fb-b012-2d04894c58b9,    3.767480 ,  -60.113150 ,2023-11-14 17:41:00,Brasil,RORAIMA,NORMANDIA,Amazônia
 1660951448 ,c12d3b6c-4c36-39b8-8621-83bf22d6d3e9,    3.730240 ,  -60.313300 ,2023-11-14 17:41:00,Brasil,RORAIMA,NORMANDIA,Amazônia
 1660951449 ,ade9b03b-93be-3477-bcc2-cf8ef0c45884,    3.727420 ,  -60.305700 ,2023-11-14 17:41:00,Brasil,RORAIMA,NORMANDIA,Amazônia
 1660951451 ,464eb757-a9fe-3597-a1e2-f3fb1259e04f,    3.680940 ,  -60.218040 ,2023-11-14 17:41:00,Brasil,RORAIMA,NORMANDIA,Amazônia
 1660951452 ,2ce5b07b-1e52-30dd-87f0-f51e3680ee37,    3.679090 ,  -60.230220 ,2023-11-14 17:41:00,Brasil,RORAIMA,NORMANDIA,Amazônia
 1660951453 ,ecfeda38-766c-3839-89a3-e533e2157861,    3.677340 ,  -60.991130 ,2023-11-14 17:41:00,Brasil,RORAIMA,AMAJARI,Amazônia
 1660951460 ,0d182415-51e7-3ea8-8096-812b334165f8,    4.405580 ,  -60.098710 ,2023-11-14 17:41:00,Brasil,RORAIMA,UIRAMUTÃ,Amazônia
 1660951461 ,cd1ae48b-8b52-3312-80f6-59b873bcea4c,    4.359340 ,  -60.200600 ,2023-11-14 17:41:00,Brasil,RORAIMA,UIRAMUTÃ,Amazônia
 1660951462 ,b3b6eafd-60d4-37bd-98a2-529e654a5660,    4.325570 ,  -59.950250 ,2023-11-14 17:41:00,Brasil,RORAIMA,UIRAMUTÃ,Amazônia
 1660951464 ,f8510e1f-958c-3930-b91a-f4d4b0c78960,    4.259520 ,  -60.866410 ,2023-11-14 17:41:00,Brasil,RORAIMA,PACARAIMA,Amazônia
 1660951465 ,5978a631-dd88-31b2-ba62-924d6f34f82b,    4.257530 ,  -60.879620 ,2023-11-14 17:41:00,Brasil,RORAIMA,PACARAIMA,Amazônia
 1660951466 ,ff63a6c7-23ec-3657-9396-075eb15f16bf,    4.211370 ,  -60.296190 ,2023-11-14 17:41:00,Brasil,RORAIMA,UIRAMUTÃ,Amazônia
 1660951467 ,08770a79-5df0-3433-966c-66fcb52b1f91,    4.203050 ,  -60.281850 ,2023-11-14 17:41:00,Brasil,RORAIMA,UIRAMUTÃ,Amazônia
 1660951468 ,54ff0f65-9a83-3178-9f9e-81f2457a2d92,    4.104960 ,  -60.248360 ,2023-11-14 17:41:00,Brasil,RORAIMA,NORMANDIA,Amazônia
 1660951469 ,d3860b52-59e3-3b47-9cc5-faa96361260a,    4.096540 ,  -60.254030 ,2023-11-14 17:41:00,Brasil,RORAIMA,NORMANDIA,Amazônia
 1660951470 ,62fb2b2e-8178-3d2a-877a-3000e68090de,    3.973660 ,  -60.645360 ,2023-11-14 17:41:00,Brasil,RORAIMA,PACARAIMA,Amazônia
 1660951471 ,8c4e5a9e-42cd-3ccf-a9cf-0db1045d3786,    3.971690 ,  -60.658260 ,2023-11-14 17:41:00,Brasil,RORAIMA,PACARAIMA,Amazônia
 1660951472 ,f2bd6014-07b1-3fcb-b73a-260c1e0d8fca,    3.955010 ,  -60.092070 ,2023-11-14 17:41:00,Brasil,RORAIMA,NORMANDIA,Amazônia
 1660951473 ,b594b4b6-3ef4-30b2-922d-ea184250f8f3,    3.953250 ,  -60.103660 ,2023-11-14 17:41:00,Brasil,RORAIMA,NORMANDIA,Amazônia
 1660951474 ,cf5e08c2-7fe7-35be-bbe3-79d4bd253d7b,    3.946020 ,  -60.096900 ,2023-11-14 17:41:00,Brasil,RORAIMA,NORMANDIA,Amazônia
 1660951475 ,d9ec26fb-7e8a-39cd-a36f-47437e590afb,    3.937870 ,  -60.412900 ,2023-11-14 17:41:00,Brasil,RORAIMA,NORMANDIA,Amazônia
 1660951476 ,c675e1e6-11af-3117-8e3a-39657a6e6d4c,    3.927440 ,  -60.411330 ,2023-11-14 17:41:00,Brasil,RORAIMA,NORMANDIA,Amazônia
 1660951477 ,adcd8e7d-dfe5-3dd9-ad86-30e3f66f1ab9,    3.915720 ,  -60.020900 ,2023-11-14 17:41:00,Brasil,RORAIMA,NORMANDIA,Amazônia
 1660951478 ,48e6b44e-a998-33f2-92a7-b669b4a26f73,    3.910360 ,  -60.339900 ,2023-11-14 17:41:00,Brasil,RORAIMA,NORMANDIA,Amazônia
 1660951479 ,3fa75984-af49-3a41-a5c3-b4e39a4734a0,    3.884600 ,  -60.515140 ,2023-11-14 17:41:00,Brasil,RORAIMA,PACARAIMA,Amazônia
 1660951480 ,5c9f86b2-002f-3497-b059-7133b434743f,    3.882920 ,  -60.310550 ,2023-11-14 17:41:00,Brasil,RORAIMA,NORMANDIA,Amazônia
 1660951481 ,2cf2407e-164f-36f7-95a9-f1ab5c52e404,    3.878730 ,  -60.519620 ,2023-11-14 17:41:00,Brasil,RORAIMA,PACARAIMA,Amazônia
 1660951483 ,99cd1ef1-e7a0-385e-9fe2-7ebcdaec2501,    3.173340 ,  -60.670410 ,2023-11-14 17:41:00,Brasil,RORAIMA,BOA VISTA,Amazônia
 1660951484 ,5375a21a-208b-36c6-8f40-8772e8b55c79,    3.139000 ,  -60.679030 ,2023-11-14 17:38:00,Brasil,RORAIMA,BOA VISTA,Amazônia
 1660951485 ,9db778df-76f7-336e-a22d-f75265b8e4a5,    2.987490 ,  -60.358650 ,2023-11-14 17:38:00,Brasil,RORAIMA,BONFIM,Amazônia
 1660951486 ,85f65a85-b72a-3abe-a89c-31e0707786ba,    2.122750 ,  -61.542660 ,2023-11-14 17:38:00,Brasil,RORAIMA,IRACEMA,Amazônia
 1660951488 ,9ebeeb31-8003-3715-a6f0-a38fe1195e70,    1.502430 ,  -61.005510 ,2023-11-14 17:38:00,Brasil,RORAIMA,CARACARAÍ,Amazônia
 1660951489 ,5fb78fe4-ef99-347b-b791-b8b212426b44,    1.340890 ,  -60.855010 ,2023-11-14 17:38:00,Brasil,RORAIMA,CARACARAÍ,Amazônia
 1660951490 ,515a3633-7ada-35f4-8b97-0e52e77f2ddc,    1.339390 ,  -60.863040 ,2023-11-14 17:38:00,Brasil,RORAIMA,CARACARAÍ,Amazônia
 1660951492 ,c76a80c9-4f6b-3172-bc67-8f4ecaff68c9,    1.328110 ,  -60.861370 ,2023-11-14 17:38:00,Brasil,RORAIMA,CARACARAÍ,Amazônia
 1660951595 ,c16f0d84-3e10-3b0f-98f5-a64c55d64cfc,    3.766610 ,  -61.932690 ,2023-11-14 17:41:00,Brasil,RORAIMA,AMAJARI,Amazônia
 1660951596 ,2602470b-2c03-312e-8214-c236021ccd52,    3.764190 ,  -61.948970 ,2023-11-14 17:41:00,Brasil,RORAIMA,AMAJARI,Amazônia
 1660951597 ,5c226f77-b82e-3f88-9de4-cdab6e0e7794,    3.761860 ,  -61.938840 ,2023-11-14 17:41:00,Brasil,RORAIMA,AMAJARI,Amazônia
 1661170051 ,2eb69c2e-1fb1-323c-8572-07aac50b44fc,     .891100 ,  -59.818400 ,2023-11-15 18:21:00,Brasil,RORAIMA,SÃO JOÃO DA BALIZA,Amazônia
 1661170052 ,e0cd453f-f5ee-328f-a442-bf60abd8955d,     .894920 ,  -59.813820 ,2023-11-15 18:21:00,Brasil,RORAIMA,SÃO JOÃO DA BALIZA,Amazônia
 1661170534 ,5a77baa2-92c3-38f2-9104-5803699f0d17,    3.912070 ,  -60.562190 ,2023-11-15 18:21:00,Brasil,RORAIMA,PACARAIMA,Amazônia
 1661170535 ,e7a2a4e3-01d5-382e-be2c-70d62c504130,    3.915030 ,  -60.557390 ,2023-11-15 18:21:00,Brasil,RORAIMA,PACARAIMA,Amazônia
 1661170536 ,556bae72-afbd-348c-acfb-7b067620347f,   -1.367220 ,  -61.824970 ,2023-11-15 18:21:00,Brasil,RORAIMA,RORAINÓPOLIS,Amazônia
 1661320205 ,6f49dee8-0ae8-352b-bfd8-dc61067578c6,    4.359140 ,  -59.708820 ,2023-11-16 17:26:00,Brasil,RORAIMA,UIRAMUTÃ,Amazônia
 1661320206 ,71eaab05-403b-3e75-838a-b03c6558ec33,    4.356030 ,  -59.728490 ,2023-11-16 17:26:00,Brasil,RORAIMA,UIRAMUTÃ,Amazônia
 1661320208 ,1e1493c2-dd62-3c65-8ff5-6952c68e01cc,     .993940 ,  -59.617260 ,2023-11-16 17:24:00,Brasil,RORAIMA,CAROEBE,Amazônia
 1661320209 ,1450fe55-10d7-3057-bf46-b1052380db65,     .990370 ,  -59.640900 ,2023-11-16 17:24:00,Brasil,RORAIMA,CAROEBE,Amazônia
 1661320210 ,0f875f2e-293f-3bdb-bf35-2d6134cd8a7e,     .659790 ,  -59.793420 ,2023-11-16 17:24:00,Brasil,RORAIMA,CAROEBE,Amazônia
 1661320211 ,1bfcd1a4-191f-38fd-b72b-efa2cba5d950,     .627970 ,  -60.030990 ,2023-11-16 17:24:00,Brasil,RORAIMA,SÃO JOÃO DA BALIZA,Amazônia
 1661320212 ,7ba97022-f329-3c5b-92d9-a2c87c7c36c6,     .626310 ,  -60.023780 ,2023-11-16 17:24:00,Brasil,RORAIMA,SÃO JOÃO DA BALIZA,Amazônia
 1661320213 ,87a1975e-2983-3dbe-8ab5-3f14df22fa8f,     .623960 ,  -60.057220 ,2023-11-16 17:24:00,Brasil,RORAIMA,SÃO JOÃO DA BALIZA,Amazônia
 1661320214 ,1517d5d3-2ce1-3c63-8bf3-c962840c2037,     .622490 ,  -60.050030 ,2023-11-16 17:24:00,Brasil,RORAIMA,SÃO JOÃO DA BALIZA,Amazônia
 1661320215 ,3329c028-14d0-32e2-b2d5-587c33fb4288,     .606460 ,  -59.759750 ,2023-11-16 17:24:00,Brasil,RORAIMA,CAROEBE,Amazônia
 1661320216 ,20a93e93-afc2-365a-ae9b-129da0e896bd,     .602710 ,  -59.784770 ,2023-11-16 17:24:00,Brasil,RORAIMA,CAROEBE,Amazônia
 1661320217 ,86da0672-097b-306b-892a-e2c47cf05547,     .575140 ,  -59.679130 ,2023-11-16 17:24:00,Brasil,RORAIMA,CAROEBE,Amazônia
 1661320218 ,941d6651-11c8-3ad0-abb1-b82e3627d8b9,     .571830 ,  -59.673840 ,2023-11-16 17:24:00,Brasil,RORAIMA,CAROEBE,Amazônia
 1661320219 ,2fd75e5f-6f7c-3490-b6d0-d6fd3ffeb794,     .568240 ,  -59.698370 ,2023-11-16 17:24:00,Brasil,RORAIMA,CAROEBE,Amazônia
 1661320220 ,d9de9083-e75e-33bb-b97c-498d55f9fb96,     .560980 ,  -59.677020 ,2023-11-16 17:24:00,Brasil,RORAIMA,CAROEBE,Amazônia
 1661320221 ,4a20ea61-a107-38b0-a0c0-14208e10a250,     .557670 ,  -59.671690 ,2023-11-16 17:24:00,Brasil,RORAIMA,CAROEBE,Amazônia
 1661320222 ,6ca1f2b4-0c7f-318c-8aac-d7fe7d84cfc3,     .179310 ,  -60.473040 ,2023-11-16 17:24:00,Brasil,RORAIMA,RORAINÓPOLIS,Amazônia
 1661320227 ,3edae168-f422-3f49-90a2-fa1baa1349d4,    -.529710 ,  -61.256300 ,2023-11-16 17:24:00,Brasil,RORAIMA,RORAINÓPOLIS,Amazônia
 1661488105 ,f788e576-2f7f-3708-8f46-5f50e8b48285,    1.411470 ,  -60.963250 ,2023-11-17 18:06:00,Brasil,RORAIMA,CARACARAÍ,Amazônia
 1661488857 ,f488bfa6-3662-36b4-8131-c679f9c325c1,    3.693030 ,  -59.941690 ,2023-11-17 18:06:00,Brasil,RORAIMA,NORMANDIA,Amazônia
 1661488858 ,a6addd74-2c0d-316b-96d4-3d6ba183f056,    1.133710 ,  -60.234020 ,2023-11-17 18:06:00,Brasil,RORAIMA,CARACARAÍ,Amazônia
 1661488859 ,f542d417-d228-3c14-9973-771c3e41159e,    1.007240 ,  -60.060520 ,2023-11-17 18:06:00,Brasil,RORAIMA,SÃO LUIZ,Amazônia
 1661488860 ,610b5769-a331-3688-a578-09846a2c92a2,     .849980 ,  -60.078720 ,2023-11-17 18:06:00,Brasil,RORAIMA,SÃO LUIZ,Amazônia
 1661488861 ,816e1710-5cef-3d41-8b1a-d7622d596f22,     .772870 ,  -60.115020 ,2023-11-17 18:06:00,Brasil,RORAIMA,SÃO LUIZ,Amazônia
 1661488862 ,41e1b5bd-f001-3782-b5e5-b358beecc4ec,     .763950 ,  -60.338470 ,2023-11-17 18:06:00,Brasil,RORAIMA,RORAINÓPOLIS,Amazônia
 1661488863 ,dec28719-7155-372b-932b-d0d490e7e4ac,     .758250 ,  -60.081070 ,2023-11-17 18:06:00,Brasil,RORAIMA,SÃO LUIZ,Amazônia
 1661488864 ,6e158b2c-0134-359c-a137-1d7b671e3bff,     .681180 ,  -60.412930 ,2023-11-17 18:06:00,Brasil,RORAIMA,RORAINÓPOLIS,Amazônia
 1661489144 ,3ee816c1-6e67-3568-a7f8-93263a2a977b,    4.670740 ,  -60.103620 ,2023-11-17 18:06:00,Brasil,RORAIMA,UIRAMUTÃ,Amazônia
 1661489145 ,fa3316aa-72c7-3048-a312-c66c74a2ad60,    4.358700 ,  -61.021060 ,2023-11-17 18:06:00,Brasil,RORAIMA,PACARAIMA,Amazônia
 1661489146 ,fe01972d-7827-3334-be1e-b02357748b8b,    4.054980 ,  -59.982980 ,2023-11-17 18:06:00,Brasil,RORAIMA,NORMANDIA,Amazônia
 1661489147 ,77bf0636-c0c4-3f33-9026-d4f0b2e349c7,    3.691410 ,  -59.953230 ,2023-11-17 18:06:00,Brasil,RORAIMA,NORMANDIA,Amazônia
 1661489148 ,932012cb-e6fa-3570-85c6-621a34f8574c,    3.658430 ,  -60.259060 ,2023-11-17 18:06:00,Brasil,RORAIMA,NORMANDIA,Amazônia
 1661489149 ,aab7b82b-5b40-3f7d-923f-553defbea23c,    3.656870 ,  -60.270090 ,2023-11-17 18:06:00,Brasil,RORAIMA,NORMANDIA,Amazônia
 1661489150 ,730b6906-c42d-3d39-a669-a1050f664f74,    3.402050 ,  -60.699980 ,2023-11-17 18:06:00,Brasil,RORAIMA,BOA VISTA,Amazônia
 1661489151 ,8b86129a-05b8-3635-a8e7-57f4e9454667,    3.148090 ,  -60.676200 ,2023-11-17 18:06:00,Brasil,RORAIMA,BOA VISTA,Amazônia
 1661489152 ,d1ef81b9-290d-3f82-8d25-9f57c4a81fbf,    3.138550 ,  -60.674800 ,2023-11-17 18:06:00,Brasil,RORAIMA,BOA VISTA,Amazônia
 1661489153 ,2b44fa31-bf11-3105-aa7f-3596db285e9d,    2.753220 ,  -60.223660 ,2023-11-17 18:06:00,Brasil,RORAIMA,BONFIM,Amazônia
 1661489154 ,84c4caaa-7093-371d-a0f0-c451574c1b73,    2.745000 ,  -60.211460 ,2023-11-17 18:06:00,Brasil,RORAIMA,BONFIM,Amazônia
 1661489155 ,74101ea1-4624-3887-929f-f0f523df3b6b,    2.371330 ,  -60.955730 ,2023-11-17 18:06:00,Brasil,RORAIMA,MUCAJAÍ,Amazônia
 1661489156 ,eb091ea1-e57c-374a-98d3-349438e4a0d9,    1.650610 ,  -61.487550 ,2023-11-17 18:06:00,Brasil,RORAIMA,CARACARAÍ,Amazônia
 1661489157 ,f00edb14-fab2-3a64-8508-42a73e5c1238,    1.632460 ,  -61.484920 ,2023-11-17 18:06:00,Brasil,RORAIMA,CARACARAÍ,Amazônia
 1661489158 ,8532979b-bdbc-333c-84fe-e5ec117aa2b0,    1.631130 ,  -61.494160 ,2023-11-17 18:06:00,Brasil,RORAIMA,CARACARAÍ,Amazônia
 1661489159 ,98c3d045-4e22-39ac-b9a4-e153d27c9495,    1.623970 ,  -61.094250 ,2023-11-17 18:06:00,Brasil,RORAIMA,CARACARAÍ,Amazônia
 1661489160 ,fb4c2a8c-42e5-3fb4-bc80-4298c741abc2,    1.623380 ,  -61.483610 ,2023-11-17 18:06:00,Brasil,RORAIMA,CARACARAÍ,Amazônia
 1661489161 ,1fc5708a-a4fc-3fe9-9794-c054cb324ae9,    1.622060 ,  -61.492850 ,2023-11-17 18:06:00,Brasil,RORAIMA,CARACARAÍ,Amazônia
 1661489162 ,44a60728-954c-30bc-8db4-36e9d9f0cacf,    1.620740 ,  -61.502070 ,2023-11-17 18:06:00,Brasil,RORAIMA,CARACARAÍ,Amazônia
 1661489163 ,12a8e2b5-41bf-3d3b-9fc5-4a8589c5cf09,    1.614310 ,  -61.482290 ,2023-11-17 18:06:00,Brasil,RORAIMA,CARACARAÍ,Amazônia
 1661489164 ,06180950-0536-3b51-88be-0df1e7c4204d,    1.612990 ,  -61.491540 ,2023-11-17 18:06:00,Brasil,RORAIMA,CARACARAÍ,Amazônia
 1661489165 ,e3c0f05b-0bab-32a7-8b5f-e8e171c883a5,    1.611670 ,  -61.500760 ,2023-11-17 18:06:00,Brasil,RORAIMA,CARACARAÍ,Amazônia
 1661489166 ,0fa4bb9d-cc48-31d1-bfe0-f7fe08f7767a,    1.607870 ,  -61.462470 ,2023-11-17 18:06:00,Brasil,RORAIMA,CARACARAÍ,Amazônia
 1661489167 ,d2f134e7-2825-3761-a0f8-d7cca048cb0b,    1.606550 ,  -61.471730 ,2023-11-17 18:06:00,Brasil,RORAIMA,CARACARAÍ,Amazônia
 1661489168 ,507f24f7-19fd-3137-9447-ec05e229883e,    1.605230 ,  -61.480980 ,2023-11-17 18:06:00,Brasil,RORAIMA,CARACARAÍ,Amazônia
 1661489169 ,be21c4f7-34dc-3d80-b1c7-26f3a14976cd,    1.603910 ,  -61.490220 ,2023-11-17 18:06:00,Brasil,RORAIMA,CARACARAÍ,Amazônia
 1661489170 ,98228d0c-ccdb-3f68-9426-0bdeea990bce,    1.599660 ,  -61.454730 ,2023-11-17 18:06:00,Brasil,RORAIMA,CARACARAÍ,Amazônia
 1661489171 ,1a40196a-da38-3db7-bb4e-32ee6a8b8def,    1.598310 ,  -61.463990 ,2023-11-17 18:06:00,Brasil,RORAIMA,CARACARAÍ,Amazônia
 1661489172 ,7d791322-2d9a-3eb9-a61f-abbb5bb743b6,    1.596970 ,  -61.473230 ,2023-11-17 18:06:00,Brasil,RORAIMA,CARACARAÍ,Amazônia
 1661489173 ,9cdeb804-d46b-3547-9072-09586d1b21bd,    1.595620 ,  -61.482460 ,2023-11-17 18:06:00,Brasil,RORAIMA,CARACARAÍ,Amazônia
 1661489174 ,d06dc02b-4322-38e2-8117-c8b2847d5170,    1.594280 ,  -61.491700 ,2023-11-17 18:06:00,Brasil,RORAIMA,CARACARAÍ,Amazônia
 1661489175 ,6bcfc39b-2b21-31ee-9ba3-4c3f4e9f62d5,    1.590580 ,  -61.453420 ,2023-11-17 18:06:00,Brasil,RORAIMA,CARACARAÍ,Amazônia
 1661489176 ,5c5212a4-5913-38d0-8b1b-1d0b02a6f1a2,    1.589230 ,  -61.462670 ,2023-11-17 18:06:00,Brasil,RORAIMA,CARACARAÍ,Amazônia
 1661489177 ,ad93d3f3-6d8e-3a50-b928-aca17124ab5d,    1.587890 ,  -61.471910 ,2023-11-17 18:06:00,Brasil,RORAIMA,CARACARAÍ,Amazônia
 1661489178 ,5062a3aa-95aa-39dc-b086-2d2940ab650f,    1.581500 ,  -61.452110 ,2023-11-17 18:06:00,Brasil,RORAIMA,CARACARAÍ,Amazônia
 1661489179 ,945f8c3f-91b1-3f0c-9077-e7861d1b0925,    1.580160 ,  -61.461360 ,2023-11-17 18:06:00,Brasil,RORAIMA,CARACARAÍ,Amazônia
 1661489180 ,6aac8c4c-b4fd-34da-883c-00b9b6056060,    1.578820 ,  -61.470600 ,2023-11-17 18:06:00,Brasil,RORAIMA,CARACARAÍ,Amazônia
 1661489181 ,541cd05a-3542-3bd3-8204-0dfea96b27e6,    1.577480 ,  -61.479840 ,2023-11-17 18:06:00,Brasil,RORAIMA,CARACARAÍ,Amazônia
 1661489182 ,167709b7-d239-3615-99e7-91153afcd850,    1.572410 ,  -61.450790 ,2023-11-17 18:06:00,Brasil,RORAIMA,CARACARAÍ,Amazônia
 1661489183 ,81cf4efe-7f71-3756-a149-c1848e6d2778,    1.571080 ,  -61.460040 ,2023-11-17 18:06:00,Brasil,RORAIMA,CARACARAÍ,Amazônia
 1661489184 ,93fcaa28-6ee1-3879-a328-c3c0f370d095,    1.568400 ,  -61.478520 ,2023-11-17 18:06:00,Brasil,RORAIMA,CARACARAÍ,Amazônia
 1661489185 ,3724bd8b-7d8e-36a7-b5a3-06f69662098e,    1.541180 ,  -61.474580 ,2023-11-17 18:06:00,Brasil,RORAIMA,CARACARAÍ,Amazônia
 1661489186 ,a7818dda-4ecc-3100-81d9-9ca12b93ecfa,    1.539860 ,  -61.483810 ,2023-11-17 18:06:00,Brasil,RORAIMA,CARACARAÍ,Amazônia
 1661489187 ,9d642fd1-e597-326c-8074-68f69f9167a1,    1.533430 ,  -61.464030 ,2023-11-17 18:06:00,Brasil,RORAIMA,CARACARAÍ,Amazônia
 1661489188 ,781a99b4-b3be-3d49-a224-c4445efee617,    1.532110 ,  -61.473270 ,2023-11-17 18:06:00,Brasil,RORAIMA,CARACARAÍ,Amazônia
 1661489189 ,7f89f501-2b45-3326-8a53-ea71802e4376,    1.530790 ,  -61.482490 ,2023-11-17 18:06:00,Brasil,RORAIMA,CARACARAÍ,Amazônia
 1661489190 ,03d26e47-dbe8-305d-9650-40423a0116f2,    1.412840 ,  -60.953620 ,2023-11-17 18:06:00,Brasil,RORAIMA,CARACARAÍ,Amazônia
 1661489191 ,254c4672-768d-348b-953f-8b3e2d764811,    1.409070 ,  -60.913750 ,2023-11-17 18:06:00,Brasil,RORAIMA,CARACARAÍ,Amazônia
 1661489192 ,8023127d-aa31-3627-a03f-4b0672e2fa1b,    1.404960 ,  -60.942660 ,2023-11-17 18:06:00,Brasil,RORAIMA,CARACARAÍ,Amazônia
 1661489193 ,57805f33-54e3-3fbf-baf5-57a1ac49ca42,    1.403590 ,  -60.952270 ,2023-11-17 18:06:00,Brasil,RORAIMA,CARACARAÍ,Amazônia
 1661489194 ,8e160883-79c2-3630-895f-b1657790d313,    1.400870 ,  -60.926550 ,2023-11-17 18:06:00,Brasil,RORAIMA,CARACARAÍ,Amazônia
 1661489195 ,c59d6843-92f7-319a-8e41-465ad740229a,    1.399460 ,  -60.936170 ,2023-11-17 18:06:00,Brasil,RORAIMA,CARACARAÍ,Amazônia
 1661489196 ,444992b2-5edc-31f4-8b2e-72daaeed41e2,    1.393010 ,  -60.915580 ,2023-11-17 18:06:00,Brasil,RORAIMA,CARACARAÍ,Amazônia
 1661489197 ,d2afdfd6-9454-3ccb-8980-4b2dcbaa259f,    1.391610 ,  -60.925210 ,2023-11-17 18:06:00,Brasil,RORAIMA,CARACARAÍ,Amazônia
 1661489198 ,1e4dd155-3f03-3d47-a0df-c86673c47fcf,    1.373100 ,  -60.922540 ,2023-11-17 18:06:00,Brasil,RORAIMA,CARACARAÍ,Amazônia
 1661489199 ,2338f06b-c7d9-3cbb-8a8d-122df733c902,    1.371710 ,  -60.932160 ,2023-11-17 18:06:00,Brasil,RORAIMA,CARACARAÍ,Amazônia
 1661489200 ,e1451117-f7df-33e7-989f-97dc5feaed76,    1.363840 ,  -60.921200 ,2023-11-17 18:06:00,Brasil,RORAIMA,CARACARAÍ,Amazônia
 1661489201 ,3fb9c4f6-2486-3628-be78-dc5f768e0b1a,    1.353200 ,  -60.929490 ,2023-11-17 18:06:00,Brasil,RORAIMA,CARACARAÍ,Amazônia
 1661489202 ,b333a92c-afee-384f-8148-989d28998d93,    1.345750 ,  -60.849580 ,2023-11-17 18:06:00,Brasil,RORAIMA,CARACARAÍ,Amazônia
 1661489203 ,e81f9eb0-f9af-3f3d-9cbd-dcdf71735fad,    1.345330 ,  -60.918530 ,2023-11-17 18:06:00,Brasil,RORAIMA,CARACARAÍ,Amazônia
 1661489204 ,16ff747b-752e-3120-be13-5c8cbcb2b4cd,    1.344360 ,  -60.859270 ,2023-11-17 18:06:00,Brasil,RORAIMA,CARACARAÍ,Amazônia
 1661489205 ,4af81cec-2a9b-3c1d-938b-f883fe2fb71d,    1.343950 ,  -60.928150 ,2023-11-17 18:06:00,Brasil,RORAIMA,CARACARAÍ,Amazônia
 1661489206 ,aa4bded4-fc9f-36c1-ba95-0a867a9cf577,    1.342570 ,  -60.937760 ,2023-11-17 18:06:00,Brasil,RORAIMA,CARACARAÍ,Amazônia
 1661489207 ,134b4a62-65f1-3f9a-983f-e6fccd0ff684,    1.340620 ,  -60.819090 ,2023-11-17 18:06:00,Brasil,RORAIMA,CARACARAÍ,Amazônia
 1661489208 ,c05e6655-11f2-371c-81c2-0db0941253fa,    1.334700 ,  -60.926810 ,2023-11-17 18:06:00,Brasil,RORAIMA,CARACARAÍ,Amazônia
 1661489209 ,b19ef6a2-8bd3-3e95-9896-96824dc16269,    1.333330 ,  -60.936420 ,2023-11-17 18:06:00,Brasil,RORAIMA,CARACARAÍ,Amazônia
 1661489210 ,83623655-2cf0-3446-b908-19d0f5799c20,    1.331320 ,  -60.817740 ,2023-11-17 18:06:00,Brasil,RORAIMA,CARACARAÍ,Amazônia
 1661489211 ,9ecda447-cba9-339e-952c-c1f407a1b3d4,    1.329940 ,  -60.827470 ,2023-11-17 18:06:00,Brasil,RORAIMA,CARACARAÍ,Amazônia
 1661489212 ,bef045e1-c25c-3fbf-b268-d35f07e5b595,    1.325450 ,  -60.925470 ,2023-11-17 18:06:00,Brasil,RORAIMA,CARACARAÍ,Amazônia
 1661489213 ,da58b295-1b02-3c10-aa29-233da5b6a3a2,    1.324080 ,  -60.935080 ,2023-11-17 18:06:00,Brasil,RORAIMA,CARACARAÍ,Amazônia
 1661489214 ,9280f604-d8b7-3b2f-80bf-f49b76dc6556,    1.323620 ,  -60.819930 ,2023-11-17 18:06:00,Brasil,RORAIMA,CARACARAÍ,Amazônia
 1661489215 ,bccdb74b-44c7-39bc-8214-aa0708e29c50,    1.322710 ,  -60.944690 ,2023-11-17 18:06:00,Brasil,RORAIMA,CARACARAÍ,Amazônia
 1661489216 ,6f4b869a-6d13-3c24-852d-91a50a4ea3dd,    1.322200 ,  -60.829640 ,2023-11-17 18:06:00,Brasil,RORAIMA,CARACARAÍ,Amazônia
 1661489217 ,e2717019-f55a-387f-8fc7-6cfe2c6a1f3c,    1.314830 ,  -60.933750 ,2023-11-17 18:06:00,Brasil,RORAIMA,CARACARAÍ,Amazônia
 1661489218 ,bd5a5acb-e19d-33c7-8421-129c4e0445cb,    1.313470 ,  -60.943350 ,2023-11-17 18:06:00,Brasil,RORAIMA,CARACARAÍ,Amazônia
 1661489219 ,5464e210-7483-3833-bbd4-23b7aee353ba,    1.312910 ,  -60.828290 ,2023-11-17 18:06:00,Brasil,RORAIMA,CARACARAÍ,Amazônia
 1661489220 ,c8b7b9d1-28d6-3236-a5f6-fe774823e52e,    1.311500 ,  -60.837990 ,2023-11-17 18:06:00,Brasil,RORAIMA,CARACARAÍ,Amazônia
 1661489221 ,86235b1c-2433-3d73-a2fc-7b5a3f2a58cf,    1.306690 ,  -60.935790 ,2023-11-17 18:06:00,Brasil,RORAIMA,CARACARAÍ,Amazônia
 1661489222 ,1fcf5d16-a25f-3677-b0db-29e6005b77de,    1.302210 ,  -60.836650 ,2023-11-17 18:06:00,Brasil,RORAIMA,CARACARAÍ,Amazônia
 1661489223 ,3b79099e-29ac-3f38-bc5c-ba1ad8e01009,    1.291520 ,  -60.845020 ,2023-11-17 18:06:00,Brasil,RORAIMA,CARACARAÍ,Amazônia
 1661489224 ,fb0fd6c5-46ad-323b-b582-5efed5bd5330,    1.290120 ,  -60.854710 ,2023-11-17 18:06:00,Brasil,RORAIMA,CARACARAÍ,Amazônia
 1661489225 ,b5260b58-70ea-3d7f-bc24-467c9d6a410d,    1.282240 ,  -60.843670 ,2023-11-17 18:06:00,Brasil,RORAIMA,CARACARAÍ,Amazônia
 1661489226 ,3a1a25b9-c1d6-339e-acec-9310998f17db,    1.280840 ,  -60.853360 ,2023-11-17 18:06:00,Brasil,RORAIMA,CARACARAÍ,Amazônia
 1661489227 ,1b8b44f7-45e4-33d1-bf82-f32cafaa3215,    1.272960 ,  -60.842330 ,2023-11-17 18:06:00,Brasil,RORAIMA,CARACARAÍ,Amazônia
 1661489228 ,fb8ad569-aafd-358a-bfa2-f5d17d193aeb,    1.256210 ,  -60.760510 ,2023-11-17 18:06:00,Brasil,RORAIMA,CARACARAÍ,Amazônia
 1661489229 ,b5d21d8e-4400-3d92-9603-351b4078f5e3,    1.254400 ,  -60.839660 ,2023-11-17 18:06:00,Brasil,RORAIMA,CARACARAÍ,Amazônia
 1661489230 ,80e22cc1-2e7e-3828-8829-3a7c54825bf9,    1.245510 ,  -60.768920 ,2023-11-17 18:06:00,Brasil,RORAIMA,CARACARAÍ,Amazônia
 1661489231 ,83b468ef-7e96-37b5-8abb-0019502c9aa3,    1.244120 ,  -60.778660 ,2023-11-17 18:06:00,Brasil,RORAIMA,CARACARAÍ,Amazônia
 1661489232 ,5653e173-3db9-31a8-b5ec-3ded7da464ce,    1.239120 ,  -60.772290 ,2023-11-17 18:06:00,Brasil,RORAIMA,CARACARAÍ,Amazônia
 1661489233 ,8329e116-3ad6-3ca6-a7e0-e8c3b068fbe4,    1.237700 ,  -60.782010 ,2023-11-17 18:06:00,Brasil,RORAIMA,CARACARAÍ,Amazônia
 1661489234 ,9c8378bd-b742-3322-995a-603b496ed216,    1.237220 ,  -60.827260 ,2023-11-17 18:06:00,Brasil,RORAIMA,CARACARAÍ,Amazônia
 1661489235 ,d1e1d1b8-8586-31ae-bd3d-b807ab81466e,    1.235840 ,  -60.836970 ,2023-11-17 18:06:00,Brasil,RORAIMA,CARACARAÍ,Amazônia
 1661489236 ,fdb1c207-7725-393e-90bc-23bbcddf0245,    1.233090 ,  -60.856310 ,2023-11-17 18:06:00,Brasil,RORAIMA,CARACARAÍ,Amazônia
 1661489237 ,1e9bfaab-cefa-38a2-b06d-35a66c65866a,    1.215690 ,  -60.867820 ,2023-11-17 18:06:00,Brasil,RORAIMA,CARACARAÍ,Amazônia
 1661489238 ,0229a529-66e4-387b-b00a-aa76610a78bb,    1.201360 ,  -60.836170 ,2023-11-17 18:06:00,Brasil,RORAIMA,CARACARAÍ,Amazônia
 1661489239 ,8bf4d663-f30a-3102-9322-1a981c09a68f,    1.194370 ,  -60.884430 ,2023-11-17 18:06:00,Brasil,RORAIMA,CARACARAÍ,Amazônia
 1661489240 ,dc67c231-58b4-347e-85df-8147b131ee57,    1.185120 ,  -60.883080 ,2023-11-17 18:06:00,Brasil,RORAIMA,CARACARAÍ,Amazônia
 1661489241 ,f59d1a29-3252-3f90-9a17-ea1aeddb18eb,    1.165220 ,  -60.890030 ,2023-11-17 18:06:00,Brasil,RORAIMA,CARACARAÍ,Amazônia
 1661489242 ,300a6c87-fa28-33dc-8ce3-3712223b1eb0,    1.155970 ,  -60.888690 ,2023-11-17 18:06:00,Brasil,RORAIMA,CARACARAÍ,Amazônia
 1661489243 ,a722a08d-048d-3ab3-a1b8-24a083c40d86,    1.154590 ,  -60.898310 ,2023-11-17 18:06:00,Brasil,RORAIMA,CARACARAÍ,Amazônia
 1661489244 ,1e8860ce-1ef1-3ac6-912e-c1e3c131e36b,    1.146720 ,  -60.887350 ,2023-11-17 18:06:00,Brasil,RORAIMA,CARACARAÍ,Amazônia
 1661489245 ,2d5fc92f-78a1-3378-8261-35f147f5476f,     .677910 ,  -60.634080 ,2023-11-17 18:06:00,Brasil,RORAIMA,RORAINÓPOLIS,Amazônia
 1661489255 ,404a6ff6-9337-3c57-9008-d43ce828f7ac,   -1.009430 ,  -61.912650 ,2023-11-17 18:06:00,Brasil,RORAIMA,CARACARAÍ,Amazônia
 1661805341 ,55009b54-e4fc-3b0e-b308-0e774ba007ad,    4.820730 ,  -60.341150 ,2023-11-19 17:51:00,Brasil,RORAIMA,UIRAMUTÃ,Amazônia
 1661805342 ,0623c55b-a1ba-3be0-831e-143e44eab319,    4.581630 ,  -60.653720 ,2023-11-19 17:51:00,Brasil,RORAIMA,PACARAIMA,Amazônia
 1661805343 ,d6633b09-6a33-30d1-908e-b8b50c71684b,    4.447920 ,  -61.132970 ,2023-11-19 17:51:00,Brasil,RORAIMA,PACARAIMA,Amazônia
 1661805344 ,c1ad6d1d-5e80-32b8-8414-c34d9383fd0d,    4.097520 ,  -60.305980 ,2023-11-19 17:51:00,Brasil,RORAIMA,NORMANDIA,Amazônia
 1661805345 ,007549c9-a6f4-3cf6-a2e9-fd92dadd7193,    4.096210 ,  -60.315010 ,2023-11-19 17:51:00,Brasil,RORAIMA,NORMANDIA,Amazônia
 1661805346 ,89c380d8-9641-3223-a34e-bfe9a3d3aa38,    4.066400 ,  -60.775220 ,2023-11-19 17:51:00,Brasil,RORAIMA,PACARAIMA,Amazônia
 1661805347 ,0794d60d-4aaf-3e05-b3b3-628bca515b31,    3.872660 ,  -60.016510 ,2023-11-19 17:51:00,Brasil,RORAIMA,NORMANDIA,Amazônia
 1661805348 ,336dbc11-06cb-3690-8df3-f2c325305657,    3.816520 ,  -60.026550 ,2023-11-19 17:51:00,Brasil,RORAIMA,NORMANDIA,Amazônia
 1661805349 ,b0a865d8-58c0-3000-8e14-3dd927af4bdb,    3.808460 ,  -60.144390 ,2023-11-19 17:51:00,Brasil,RORAIMA,NORMANDIA,Amazônia
 1661805350 ,a804fe53-0f30-3037-b32a-22d4a62491c9,    3.807150 ,  -60.153370 ,2023-11-19 17:51:00,Brasil,RORAIMA,NORMANDIA,Amazônia
 1661805351 ,561f2719-16a7-369e-8b23-1bd11a423779,    3.805880 ,  -60.477150 ,2023-11-19 17:51:00,Brasil,RORAIMA,NORMANDIA,Amazônia
 1661805352 ,7d14b657-bdd2-3231-b4a3-47c86ccdfd1f,    3.769360 ,  -60.846040 ,2023-11-19 17:51:00,Brasil,RORAIMA,PACARAIMA,Amazônia
 1661805353 ,4072e35c-d066-30ba-b562-6f131688ee39,    3.673220 ,  -60.057350 ,2023-11-19 17:51:00,Brasil,RORAIMA,NORMANDIA,Amazônia
 1661805354 ,3eddb0e1-aa51-316a-bb40-b294833efb17,    3.631800 ,  -60.718110 ,2023-11-19 17:51:00,Brasil,RORAIMA,PACARAIMA,Amazônia
 1661805355 ,8bfbdf59-ed4d-32c7-a732-0919a9f7b887,    3.622700 ,  -60.716760 ,2023-11-19 17:51:00,Brasil,RORAIMA,PACARAIMA,Amazônia
 1661805356 ,caf5fd50-a962-35ae-8995-ccb4091137ec,    3.621330 ,  -60.726080 ,2023-11-19 17:51:00,Brasil,RORAIMA,PACARAIMA,Amazônia
 1661805357 ,81ec2838-717d-32d3-9e3d-462f07f95efd,    3.587230 ,  -60.010730 ,2023-11-19 17:51:00,Brasil,RORAIMA,NORMANDIA,Amazônia
 1661805358 ,48796122-8604-3fd9-992e-e6fc858ab1ef,    3.585930 ,  -60.019690 ,2023-11-19 17:51:00,Brasil,RORAIMA,NORMANDIA,Amazônia
 1661805359 ,c0e664f4-1bbd-3c6d-a38f-31c06300c410,    3.584630 ,  -60.028650 ,2023-11-19 17:51:00,Brasil,RORAIMA,NORMANDIA,Amazônia
 1661805360 ,4e0ea6cc-ccd3-3bf8-91ef-adc0fb899d8e,    3.576990 ,  -60.018380 ,2023-11-19 17:51:00,Brasil,RORAIMA,NORMANDIA,Amazônia
 1661805361 ,54e7f09d-37ba-3b6b-986d-f5d6d6dcc9fa,    3.575690 ,  -60.027340 ,2023-11-19 17:51:00,Brasil,RORAIMA,NORMANDIA,Amazônia
 1661805362 ,90359ce7-1cf2-31d0-80cc-d03456a8502d,    3.558730 ,  -60.144120 ,2023-11-19 17:51:00,Brasil,RORAIMA,NORMANDIA,Amazônia
 1661805363 ,ae528e39-9b54-367e-9d28-afc9fc6f44c0,    3.557420 ,  -60.153130 ,2023-11-19 17:51:00,Brasil,RORAIMA,NORMANDIA,Amazônia
 1661805364 ,c329178e-3cb6-3988-a805-9a00d07ed3f1,    3.317700 ,  -60.533860 ,2023-11-19 17:51:00,Brasil,RORAIMA,BOA VISTA,Amazônia
 1661805365 ,237b406a-75ce-3b1f-b84c-cc639f4fd612,    3.316360 ,  -60.543090 ,2023-11-19 17:51:00,Brasil,RORAIMA,BOA VISTA,Amazônia
 1661805366 ,9321a295-3b46-32ce-8e4d-bd2ac1bcbb67,    2.902410 ,  -60.097550 ,2023-11-19 17:51:00,Brasil,RORAIMA,BONFIM,Amazônia
 1661805367 ,3ca02ce7-bc30-319a-ae6f-fe15054e2f06,    2.755370 ,  -60.217770 ,2023-11-19 17:51:00,Brasil,RORAIMA,BONFIM,Amazônia
 1661805368 ,009530eb-56e1-3a5b-96f8-f940d856e110,    2.696190 ,  -60.184650 ,2023-11-19 17:51:00,Brasil,RORAIMA,BONFIM,Amazônia
 1661805369 ,c7476c80-9ee6-3884-978c-d63b1f085cbf,    2.694870 ,  -60.193760 ,2023-11-19 17:51:00,Brasil,RORAIMA,BONFIM,Amazônia
 1661805370 ,127725c7-4e7f-3fb1-b2da-e53413cd1717,    2.693530 ,  -60.202870 ,2023-11-19 17:51:00,Brasil,RORAIMA,BONFIM,Amazônia
 1661805371 ,417c7a72-c1fd-393d-a385-0e30473bae4f,    2.687190 ,  -60.183330 ,2023-11-19 17:51:00,Brasil,RORAIMA,BONFIM,Amazônia
 1661805372 ,60c1c526-0f87-34c3-8a4f-0d258b208bb6,    2.685860 ,  -60.192440 ,2023-11-19 17:51:00,Brasil,RORAIMA,BONFIM,Amazônia
 1661805373 ,d5353eae-e9f2-3792-9bbc-be185b33844f,    1.907630 ,  -61.358470 ,2023-11-19 17:51:00,Brasil,RORAIMA,CARACARAÍ,Amazônia
 1661805374 ,3b978c63-e75b-3e44-960a-cae2c93332bb,    1.664830 ,  -61.490830 ,2023-11-19 17:51:00,Brasil,RORAIMA,CARACARAÍ,Amazônia
 1661805375 ,4d3e45e0-a8d7-3e0f-a175-079a152b228d,    1.633730 ,  -61.480730 ,2023-11-19 17:51:00,Brasil,RORAIMA,CARACARAÍ,Amazônia
 1661805376 ,0978e10c-b598-3e46-ad4f-7690391b6250,    1.545690 ,  -61.543140 ,2023-11-19 17:51:00,Brasil,RORAIMA,CARACARAÍ,Amazônia
 1661805377 ,a9120afe-e5e0-30ba-a939-0b5ae420fceb,    1.531830 ,  -61.545300 ,2023-11-19 17:51:00,Brasil,RORAIMA,CARACARAÍ,Amazônia
 1661805378 ,808ce808-dd71-3b63-8f57-9e8f5eae7912,    1.530300 ,  -61.555920 ,2023-11-19 17:51:00,Brasil,RORAIMA,CARACARAÍ,Amazônia
 1661805379 ,35d34890-baa5-3f47-a0b5-e6d9249fb0b3,    1.522150 ,  -61.543870 ,2023-11-19 17:51:00,Brasil,RORAIMA,CARACARAÍ,Amazônia
 1661805380 ,189f2b55-8873-3a77-bf72-0ca34168d28b,    1.520610 ,  -61.554490 ,2023-11-19 17:51:00,Brasil,RORAIMA,CARACARAÍ,Amazônia
 1661805381 ,90e4baab-04b5-3b4b-aa77-01e838f3f061,    1.519070 ,  -61.565110 ,2023-11-19 17:51:00,Brasil,RORAIMA,CARACARAÍ,Amazônia
 1661805382 ,c6a64fed-3e24-35a9-a04d-3afbd53d770d,    1.512470 ,  -61.542450 ,2023-11-19 17:51:00,Brasil,RORAIMA,CARACARAÍ,Amazônia
 1661805383 ,896a2790-1c02-3cf0-8f2f-2269b0bbe720,    1.510920 ,  -61.553060 ,2023-11-19 17:51:00,Brasil,RORAIMA,CARACARAÍ,Amazônia
 1661805384 ,cdd1ef6b-427c-3bb4-9442-b7b1233943f0,    1.509380 ,  -61.563690 ,2023-11-19 17:51:00,Brasil,RORAIMA,CARACARAÍ,Amazônia
 1661805385 ,9c1666e1-9dfb-3582-be20-55200d95e71e,    1.504330 ,  -61.530420 ,2023-11-19 17:51:00,Brasil,RORAIMA,CARACARAÍ,Amazônia
 1661805386 ,c76b8f90-71f5-3df2-bec2-8fd963737ba5,    1.502780 ,  -61.541020 ,2023-11-19 17:51:00,Brasil,RORAIMA,CARACARAÍ,Amazônia
 1661805387 ,9baf6cf1-1ed3-3bd7-93b0-14356d4a74d1,    1.501240 ,  -61.551640 ,2023-11-19 17:51:00,Brasil,RORAIMA,CARACARAÍ,Amazônia
 1661805388 ,650c3a4c-71d3-3334-9851-4fa326ce2adf,    1.493100 ,  -61.539600 ,2023-11-19 17:51:00,Brasil,RORAIMA,CARACARAÍ,Amazônia
 1661805392 ,415d918e-bf23-3ed8-8579-38e57a5ce52d,    1.350290 ,  -60.825170 ,2023-11-19 17:51:00,Brasil,RORAIMA,CARACARAÍ,Amazônia
 1661805393 ,a366e1ad-05dd-382e-95b7-52cc46f78a7a,    1.340960 ,  -60.823820 ,2023-11-19 17:51:00,Brasil,RORAIMA,CARACARAÍ,Amazônia
 1661805394 ,8d652a77-0ac9-3fe5-975a-89affbed4c4a,    1.331620 ,  -60.822470 ,2023-11-19 17:51:00,Brasil,RORAIMA,CARACARAÍ,Amazônia
 1661805395 ,b52c610b-a31f-3d6a-bae1-0154ade5e4e9,    1.325820 ,  -60.731820 ,2023-11-19 17:51:00,Brasil,RORAIMA,CARACARAÍ,Amazônia
 1661805396 ,08c38d55-d759-303d-9857-c10e353c83ae,    1.322290 ,  -60.821100 ,2023-11-19 17:51:00,Brasil,RORAIMA,CARACARAÍ,Amazônia
 1661805397 ,9499851b-2e55-34f6-ab9e-4310e4e124c8,    1.297860 ,  -60.857620 ,2023-11-19 17:51:00,Brasil,RORAIMA,CARACARAÍ,Amazônia
 1661805398 ,668d7bf4-0cf2-3875-9825-c96fc9d5c610,    1.288510 ,  -60.856250 ,2023-11-19 17:51:00,Brasil,RORAIMA,CARACARAÍ,Amazônia
 1661805399 ,bf9a6573-928f-30b2-bab3-fd818ed37bfe,    1.287060 ,  -60.866100 ,2023-11-19 17:51:00,Brasil,RORAIMA,CARACARAÍ,Amazônia
 1661805400 ,2295a483-0eec-3ee7-baee-0dbd44b33e84,    1.253980 ,  -60.784490 ,2023-11-19 17:51:00,Brasil,RORAIMA,CARACARAÍ,Amazônia
 1661805401 ,480115e2-3772-35b8-bafb-78f2a86f4028,    1.228180 ,  -60.830790 ,2023-11-19 17:51:00,Brasil,RORAIMA,CARACARAÍ,Amazônia
 1661805402 ,7a8d49f5-fe25-3313-818f-38efecd95464,    1.221000 ,  -60.880090 ,2023-11-19 17:51:00,Brasil,RORAIMA,CARACARAÍ,Amazônia
 1661805403 ,0bd18a9e-ae2b-3574-b667-96a3f585bc57,    1.190800 ,  -60.825340 ,2023-11-19 17:51:00,Brasil,RORAIMA,CARACARAÍ,Amazônia
 1661805404 ,2b25ab8d-10ff-3c47-b018-25826703f132,    1.189350 ,  -60.835170 ,2023-11-19 17:51:00,Brasil,RORAIMA,CARACARAÍ,Amazônia
 1661805405 ,42e4d43c-1fb5-3531-90e2-81a0185224f4,    1.181450 ,  -60.823970 ,2023-11-19 17:51:00,Brasil,RORAIMA,CARACARAÍ,Amazônia
 1661805406 ,fcc0226c-76da-3d0d-8713-3a95bc6886d9,    1.091030 ,  -60.250640 ,2023-11-19 17:51:00,Brasil,RORAIMA,SÃO LUIZ,Amazônia
 1661805407 ,5d9267cb-a2d7-3466-8b60-ad437f6f894e,    1.089650 ,  -60.260020 ,2023-11-19 17:51:00,Brasil,RORAIMA,SÃO LUIZ,Amazônia
 1661805408 ,5b02e7c8-0b3b-3811-b3f1-1145d6a0e3be,    1.081390 ,  -60.316260 ,2023-11-19 17:51:00,Brasil,RORAIMA,RORAINÓPOLIS,Amazônia
 1661805409 ,06ea8395-4cf5-3653-b3be-22e1c11dcbfa,    1.078620 ,  -60.335100 ,2023-11-19 17:51:00,Brasil,RORAIMA,RORAINÓPOLIS,Amazônia
 1661805410 ,9d943e57-2af8-3b35-80a1-6cd801b1514f,    1.077240 ,  -60.344510 ,2023-11-19 17:51:00,Brasil,RORAIMA,RORAINÓPOLIS,Amazônia
 1661805411 ,c3660f8d-7ceb-3d8e-82db-d992e82bc124,     .955690 ,  -59.476510 ,2023-11-19 17:51:00,Brasil,RORAIMA,CAROEBE,Amazônia
 1661805412 ,2997b2e6-5328-3a69-b68e-c5e84a607d4e,     .950650 ,  -59.448380 ,2023-11-19 17:51:00,Brasil,RORAIMA,CAROEBE,Amazônia
 1661805413 ,88789c1f-fe83-3e14-98e3-7ea53077991d,     .949350 ,  -59.457310 ,2023-11-19 17:51:00,Brasil,RORAIMA,CAROEBE,Amazônia
 1661805414 ,97bdf062-2d72-3926-b174-f26afa9af3c8,     .914090 ,  -60.327700 ,2023-11-19 17:51:00,Brasil,RORAIMA,RORAINÓPOLIS,Amazônia
 1661805415 ,bb0364e3-85d4-3ff6-837f-f7d2a6089a08,     .912710 ,  -60.337150 ,2023-11-19 17:51:00,Brasil,RORAIMA,RORAINÓPOLIS,Amazônia
 1661805416 ,e1f6a5fc-d54f-3978-8ec4-077f9615e364,     .814660 ,  -60.317230 ,2023-11-19 17:51:00,Brasil,RORAIMA,RORAINÓPOLIS,Amazônia
 1661805417 ,ee29697c-fe6e-3b8b-ab0f-db3ab603a96d,     .698930 ,  -60.410170 ,2023-11-19 17:51:00,Brasil,RORAIMA,RORAINÓPOLIS,Amazônia
 1661805418 ,186de2d8-b045-3c43-ab86-50f3c86bb83d,     .697530 ,  -60.419730 ,2023-11-19 17:51:00,Brasil,RORAIMA,RORAINÓPOLIS,Amazônia
 1661805419 ,2ef28d35-8e1f-322e-b19d-9403ef2be998,     .697000 ,  -59.539250 ,2023-11-19 17:51:00,Brasil,RORAIMA,CAROEBE,Amazônia
 1661805420 ,00d809c5-7635-351f-babb-c4335dffe485,     .693730 ,  -59.757710 ,2023-11-19 17:51:00,Brasil,RORAIMA,CAROEBE,Amazônia
 1661805421 ,c2d8ead8-8441-3bfb-bb2f-f74477c5c139,     .689720 ,  -60.408840 ,2023-11-19 17:51:00,Brasil,RORAIMA,RORAINÓPOLIS,Amazônia
 1661805422 ,d8622f8b-6a4f-3873-b6d8-04e98283d2f2,     .688310 ,  -60.418390 ,2023-11-19 17:51:00,Brasil,RORAIMA,RORAINÓPOLIS,Amazônia
 1661805423 ,976294d5-1583-3d47-af1f-fbaeffeb32cf,     .681510 ,  -59.582980 ,2023-11-19 17:51:00,Brasil,RORAIMA,CAROEBE,Amazônia
 1661805424 ,593722cc-70e4-3d86-85f2-752bc993955b,     .680210 ,  -59.592000 ,2023-11-19 17:51:00,Brasil,RORAIMA,CAROEBE,Amazônia
 1661805425 ,2ad76f04-eff1-3651-99fa-abcd2e52f1ff,     .672540 ,  -59.581680 ,2023-11-19 17:51:00,Brasil,RORAIMA,CAROEBE,Amazônia
 1661805426 ,7b2f4e2d-37cd-3adf-8668-2c1e24a098ff,     .671240 ,  -59.590690 ,2023-11-19 17:51:00,Brasil,RORAIMA,CAROEBE,Amazônia
 1661805427 ,c9db8da2-0469-35ba-a839-824eb0f76c98,     .663900 ,  -60.215720 ,2023-11-19 17:51:00,Brasil,RORAIMA,SÃO LUIZ,Amazônia
 1661805428 ,e0df9225-c757-36d2-8650-01dabbd824fc,     .662530 ,  -60.225110 ,2023-11-19 17:51:00,Brasil,RORAIMA,SÃO LUIZ,Amazônia
 1661805429 ,40995e48-627c-3eef-8cec-bea48160c4aa,     .659640 ,  -59.607450 ,2023-11-19 17:51:00,Brasil,RORAIMA,CAROEBE,Amazônia
 1661805430 ,5ce9c5a8-df30-358a-bf0e-251764be5c70,     .658330 ,  -59.616480 ,2023-11-19 17:51:00,Brasil,RORAIMA,CAROEBE,Amazônia
 1661805431 ,5ce3b91c-a15f-3319-bc97-7697eacf3cc0,     .597290 ,  -59.217770 ,2023-11-19 17:51:00,Brasil,RORAIMA,CAROEBE,Amazônia
 1661805432 ,039e59c2-0c64-32c5-b14b-7e5d77e1a829,     .192450 ,  -60.724190 ,2023-11-19 17:51:00,Brasil,RORAIMA,RORAINÓPOLIS,Amazônia
 1661805433 ,c9593509-aeca-373c-9bb7-2bdaf6703022,     .037020 ,  -60.528080 ,2023-11-19 17:51:00,Brasil,RORAIMA,RORAINÓPOLIS,Amazônia
 1661805434 ,1fe42a49-4772-3060-a14f-b2ef7d71a0b1,     .035590 ,  -60.537830 ,2023-11-19 17:51:00,Brasil,RORAIMA,RORAINÓPOLIS,Amazônia
 1662000353 ,8aa0e085-91a3-3c23-84c3-f7f4708f16d1,    4.228400 ,  -60.001180 ,2023-11-21 17:36:00,Brasil,RORAIMA,NORMANDIA,Amazônia
 1662000354 ,7eb673a0-3563-3275-b8f9-beadd317a15d,    4.226330 ,  -60.014610 ,2023-11-21 17:36:00,Brasil,RORAIMA,NORMANDIA,Amazônia
 1662000355 ,0e7294e6-d7b6-3e3f-84f0-bf590831db7f,    4.045840 ,  -60.513730 ,2023-11-21 17:36:00,Brasil,RORAIMA,PACARAIMA,Amazônia
 1662000356 ,d14effd7-282c-3803-942d-ab203a1e977b,    4.045150 ,  -60.522270 ,2023-11-21 17:36:00,Brasil,RORAIMA,PACARAIMA,Amazônia
 1662000357 ,582e4374-4bc7-3577-a09b-725c4a5dafb1,    4.043480 ,  -60.528820 ,2023-11-21 17:36:00,Brasil,RORAIMA,PACARAIMA,Amazônia
 1662000365 ,b245f934-2b7d-3f02-a3f7-9bb3f73924f2,    2.904050 ,  -60.230290 ,2023-11-21 17:36:00,Brasil,RORAIMA,BONFIM,Amazônia
 1662000366 ,c621d43e-1fec-382f-8382-0fb3671736ed,    2.869690 ,  -60.158890 ,2023-11-21 17:36:00,Brasil,RORAIMA,BONFIM,Amazônia
 1662000367 ,afc18246-471f-3e98-8c91-e1e544c43a1e,    2.849990 ,  -60.504770 ,2023-11-21 17:36:00,Brasil,RORAIMA,BONFIM,Amazônia
 1662000368 ,bba0a298-61df-3d46-828e-6cea0ad4553b,    2.712340 ,  -60.204400 ,2023-11-21 17:36:00,Brasil,RORAIMA,BONFIM,Amazônia
 1662000370 ,95a7fcbd-f992-3f32-82be-b5a3615c1cf9,    2.410640 ,  -60.150330 ,2023-11-21 17:36:00,Brasil,RORAIMA,BONFIM,Amazônia
 1662000371 ,0c4661fe-a273-3d41-8eba-285e5361cd7e,    2.177470 ,  -60.322810 ,2023-11-21 17:36:00,Brasil,RORAIMA,CANTÁ,Amazônia
 1662000373 ,3d4ad38a-2688-36a9-8145-b5ffdadeef11,    1.649590 ,  -61.471950 ,2023-11-21 17:36:00,Brasil,RORAIMA,CARACARAÍ,Amazônia
 1662000374 ,54ab3e10-25e9-3ee7-9a2b-757c67ca3416,    1.646630 ,  -61.491670 ,2023-11-21 17:36:00,Brasil,RORAIMA,CARACARAÍ,Amazônia
 1662000375 ,a9b78355-5cd7-39f5-98c1-4563fa3cd61f,    1.627660 ,  -61.094520 ,2023-11-21 17:36:00,Brasil,RORAIMA,CARACARAÍ,Amazônia
 1662000376 ,b5150040-ae4e-339f-a746-7f6d7fa67d71,    1.611050 ,  -61.466190 ,2023-11-21 17:36:00,Brasil,RORAIMA,CARACARAÍ,Amazônia
 1662000377 ,01aa8928-6381-3e9d-877d-f00bd4e6720b,    1.609640 ,  -61.481090 ,2023-11-21 17:36:00,Brasil,RORAIMA,CARACARAÍ,Amazônia
 1662000378 ,7001cab0-dd15-3efa-8b08-22f8e90cb01e,    1.608040 ,  -61.485840 ,2023-11-21 17:36:00,Brasil,RORAIMA,CARACARAÍ,Amazônia
 1662000385 ,382f9d29-3eb4-3d8b-afe6-efe61742cc69,    1.485890 ,  -61.516590 ,2023-11-21 17:36:00,Brasil,RORAIMA,CARACARAÍ,Amazônia
 1662000386 ,735e7b42-d10e-3381-83af-44dba57ddefc,    1.472960 ,  -61.514630 ,2023-11-21 17:36:00,Brasil,RORAIMA,CARACARAÍ,Amazônia
 1662000389 ,fe8a8440-1ec9-3f67-9068-87b18dbf8fb7,    1.216480 ,  -60.854110 ,2023-11-21 17:36:00,Brasil,RORAIMA,CARACARAÍ,Amazônia
 1662000390 ,8c4241a3-84ec-36ab-8b86-003a491cac68,    1.187120 ,  -59.875390 ,2023-11-21 17:36:00,Brasil,RORAIMA,SÃO JOÃO DA BALIZA,Amazônia
 1662000391 ,6f2c93c9-35d2-3d19-9fb6-5a4e5b8b8d9a,    1.186440 ,  -59.883740 ,2023-11-21 17:36:00,Brasil,RORAIMA,SÃO JOÃO DA BALIZA,Amazônia
 1662000392 ,71eddc59-6838-3de9-a594-5053f923bb43,     .948220 ,  -59.472940 ,2023-11-21 17:36:00,Brasil,RORAIMA,CAROEBE,Amazônia
 1662000393 ,c3b5e03f-d146-318b-95b0-c751f6a9b6aa,     .946130 ,  -59.487240 ,2023-11-21 17:36:00,Brasil,RORAIMA,CAROEBE,Amazônia
 1662000395 ,ea94286a-7663-330a-8ea7-a57603bb1e1a,     .896870 ,  -59.823490 ,2023-11-21 17:36:00,Brasil,RORAIMA,SÃO JOÃO DA BALIZA,Amazônia
 1662000396 ,42eb7f82-0be8-3a5b-96e2-c3ea42ae8cb1,     .869150 ,  -59.616090 ,2023-11-21 17:36:00,Brasil,RORAIMA,CAROEBE,Amazônia
 1662000397 ,d53c61d0-8005-3545-ae65-f57ae8cf4da1,     .869020 ,  -59.622800 ,2023-11-21 17:36:00,Brasil,RORAIMA,CAROEBE,Amazônia
 1662000399 ,7dc6d8b6-3784-3ed9-9d73-748b600a316e,     .690900 ,  -59.577670 ,2023-11-21 17:36:00,Brasil,RORAIMA,CAROEBE,Amazônia
 1662000400 ,39228a19-74a4-3a77-8df1-44afbbe0e7a3,     .690770 ,  -59.584500 ,2023-11-21 17:36:00,Brasil,RORAIMA,CAROEBE,Amazônia
 1662000401 ,48f3ec1c-4c18-344d-9346-4d7d25570dd7,     .688820 ,  -59.592210 ,2023-11-21 17:36:00,Brasil,RORAIMA,CAROEBE,Amazônia
 1662000402 ,6b71a606-d745-3093-bbb8-8bbf85e5fbe5,     .632150 ,  -59.905710 ,2023-11-21 17:36:00,Brasil,RORAIMA,SÃO JOÃO DA BALIZA,Amazônia
 1662000403 ,58cc36ad-69c6-312f-b847-155aaa200849,     .631830 ,  -59.896850 ,2023-11-21 17:36:00,Brasil,RORAIMA,SÃO JOÃO DA BALIZA,Amazônia
 1662000404 ,c179ac87-5ef7-3e9b-9e16-4e447bf6197c,     .629480 ,  -59.912280 ,2023-11-21 17:36:00,Brasil,RORAIMA,SÃO JOÃO DA BALIZA,Amazônia
 1662000405 ,f011994f-4503-328a-af37-c7658d23511c,     .602780 ,  -60.166510 ,2023-11-21 17:36:00,Brasil,RORAIMA,SÃO LUIZ,Amazônia
 1662000406 ,c25ad997-f25f-3efa-ae1c-7c3ddd76bae2,     .595670 ,  -60.158600 ,2023-11-21 17:36:00,Brasil,RORAIMA,SÃO LUIZ,Amazônia
 1662000407 ,539e919d-1844-3b94-bdd2-f7a5d51c669a,     .593340 ,  -60.174730 ,2023-11-21 17:36:00,Brasil,RORAIMA,SÃO LUIZ,Amazônia
 1662000408 ,10a56ba2-1152-317b-bcef-7e2cebbd6280,     .591000 ,  -60.164850 ,2023-11-21 17:36:00,Brasil,RORAIMA,SÃO LUIZ,Amazônia
 1662000409 ,d1f11e84-42eb-3c71-9ab6-c83d0ff784f7,     .569760 ,  -60.171400 ,2023-11-21 17:36:00,Brasil,RORAIMA,SÃO LUIZ,Amazônia
 1662000410 ,7aa6f3b7-c61e-3480-9422-6fbcb831a48d,     .567390 ,  -60.187640 ,2023-11-21 17:36:00,Brasil,RORAIMA,RORAINÓPOLIS,Amazônia
 1661909345 ,5124fbbb-db8e-32b3-b441-c45a61c711ff,    1.649240 ,  -61.487450 ,2023-11-20 18:34:00,Brasil,RORAIMA,CARACARAÍ,Amazônia
 1662089382 ,fb74fe66-fa0d-3ad3-be40-d934413dfa93,    4.916290 ,  -60.167190 ,2023-11-22 18:19:00,Brasil,RORAIMA,UIRAMUTÃ,Amazônia
 1662089383 ,ec93c77a-212b-35e7-bfc3-282b1acfbc87,    4.310170 ,  -59.739480 ,2023-11-22 18:19:00,Brasil,RORAIMA,UIRAMUTÃ,Amazônia
 1662089384 ,93e0bdba-e84d-3a5c-8aa8-021ac692b28d,    4.291510 ,  -60.347040 ,2023-11-22 18:19:00,Brasil,RORAIMA,UIRAMUTÃ,Amazônia
 1662089385 ,7f8ad61e-e912-33a9-8e3e-d529c61dc96e,    4.163010 ,  -59.948110 ,2023-11-22 18:19:00,Brasil,RORAIMA,NORMANDIA,Amazônia
 1662089386 ,66dbfed2-86b9-365e-a072-9537c1410852,    3.954440 ,  -59.939450 ,2023-11-22 18:19:00,Brasil,RORAIMA,NORMANDIA,Amazônia
 1662089387 ,d389a987-55d6-3e11-9726-fa8e8119922a,    3.521310 ,  -59.868560 ,2023-11-22 18:19:00,Brasil,RORAIMA,BONFIM,Amazônia
 1662162352 ,2e9bf5ec-a994-3a46-8cf6-f54e9531a0e0,    4.336950 ,  -59.739930 ,2023-11-23 17:21:00,Brasil,RORAIMA,UIRAMUTÃ,Amazônia
 1662162353 ,4b21d9d5-be45-3e19-a2f6-b63b4de6544e,    4.332660 ,  -59.766400 ,2023-11-23 17:21:00,Brasil,RORAIMA,UIRAMUTÃ,Amazônia
 1662162354 ,b00f4237-8834-3549-9f00-56455ef3246e,    4.330820 ,  -59.759440 ,2023-11-23 17:21:00,Brasil,RORAIMA,UIRAMUTÃ,Amazônia
 1662162355 ,fac297db-7986-3920-80bb-08d372b9568d,    4.136970 ,  -61.273600 ,2023-11-23 17:21:00,Brasil,RORAIMA,AMAJARI,Amazônia
 1662162356 ,e0d69bea-aff1-34ac-9c4a-1d376d29f888,    3.950850 ,  -59.954460 ,2023-11-23 17:21:00,Brasil,RORAIMA,NORMANDIA,Amazônia
 1662162357 ,255cbc67-e99f-3e99-8f49-58d66723e547,    3.936170 ,  -59.944940 ,2023-11-23 17:21:00,Brasil,RORAIMA,NORMANDIA,Amazônia
 1662162358 ,690b1231-d88c-3912-8d19-207f67d8ed9a,    3.936050 ,  -59.952010 ,2023-11-23 17:21:00,Brasil,RORAIMA,NORMANDIA,Amazônia
 1662162359 ,516c7a14-015c-3158-8785-ee5e9d977ef7,    3.920780 ,  -60.145030 ,2023-11-23 17:21:00,Brasil,RORAIMA,NORMANDIA,Amazônia
 1662162360 ,2b314228-50ba-3f3e-828a-a332d304b8d9,    3.919020 ,  -60.152880 ,2023-11-23 17:21:00,Brasil,RORAIMA,NORMANDIA,Amazônia
 1662162361 ,6ae7ad83-5350-33bd-bb02-c24ed8714864,    3.859370 ,  -60.930520 ,2023-11-23 17:21:00,Brasil,RORAIMA,AMAJARI,Amazônia
 1662254746 ,274c986e-9bcb-3f8d-b508-a03760190163,    4.353420 ,  -59.749150 ,2023-11-24 18:04:00,Brasil,RORAIMA,UIRAMUTÃ,Amazônia
 1662254747 ,c0fc617d-d4de-3129-8307-f0deb394743f,    4.335180 ,  -60.662660 ,2023-11-24 18:04:00,Brasil,RORAIMA,PACARAIMA,Amazônia
 1662254748 ,17872685-353b-30ca-8d0f-28b7d6d4537c,    4.333840 ,  -60.672130 ,2023-11-24 18:04:00,Brasil,RORAIMA,PACARAIMA,Amazônia
 1662254749 ,5e549da7-beb4-3572-9a75-46aad4c9fd01,    4.331200 ,  -59.977040 ,2023-11-24 18:04:00,Brasil,RORAIMA,UIRAMUTÃ,Amazônia
 1662254750 ,ca957cf5-407a-3ed0-812b-0213cdf38ba4,    4.247080 ,  -61.087010 ,2023-11-24 18:04:00,Brasil,RORAIMA,PACARAIMA,Amazônia
 1662254751 ,2c965bc1-0edc-369e-9ea7-547693b0c874,    4.184650 ,  -59.848590 ,2023-11-24 18:04:00,Brasil,RORAIMA,NORMANDIA,Amazônia
 1662254752 ,97f40fec-56d1-32a0-8ed3-d7138e102d8c,    4.183190 ,  -59.858940 ,2023-11-24 18:04:00,Brasil,RORAIMA,NORMANDIA,Amazônia
 1662254753 ,af64a01b-5815-3fe8-ac98-4d7edd64386f,    4.148930 ,  -61.262530 ,2023-11-24 18:04:00,Brasil,RORAIMA,AMAJARI,Amazônia
 1662254754 ,7d26cc20-9860-31c6-bb60-f1161a8535fd,    4.139950 ,  -61.261230 ,2023-11-24 18:04:00,Brasil,RORAIMA,AMAJARI,Amazônia
 1662254755 ,be4a6580-9322-33f0-a08b-798502ea0f5f,    4.132260 ,  -61.250840 ,2023-11-24 18:04:00,Brasil,RORAIMA,AMAJARI,Amazônia
 1662254756 ,57573d88-073c-3a83-a36b-e76701c8ff15,    4.099830 ,  -59.996050 ,2023-11-24 18:04:00,Brasil,RORAIMA,NORMANDIA,Amazônia
 1662254757 ,9d6b53c7-907e-3df4-b5bd-763b0f96afa3,    3.770160 ,  -60.173500 ,2023-11-24 18:04:00,Brasil,RORAIMA,NORMANDIA,Amazônia
 1662254758 ,a51c3d95-985e-3ae9-801e-b2d2abb4af02,    3.620120 ,  -61.920670 ,2023-11-24 18:04:00,Brasil,RORAIMA,AMAJARI,Amazônia
 1662254759 ,e7fe673f-e527-3e8a-a47c-dfbf2dae01a2,    3.611240 ,  -61.919380 ,2023-11-24 18:04:00,Brasil,RORAIMA,AMAJARI,Amazônia
 1662254760 ,67ab9cbb-d317-308b-b466-fd5366865aae,    3.609960 ,  -61.928220 ,2023-11-24 18:04:00,Brasil,RORAIMA,AMAJARI,Amazônia
 1662254761 ,057f5ebe-0253-35b0-ac60-b0a83b749f36,    3.237840 ,  -61.317300 ,2023-11-24 18:04:00,Brasil,RORAIMA,ALTO ALEGRE,Amazônia
 1662254762 ,9dc951e2-722a-30e6-8a4e-ef02dfdb586f,    3.114620 ,  -61.402260 ,2023-11-24 18:04:00,Brasil,RORAIMA,ALTO ALEGRE,Amazônia
 1662444341 ,7d676e90-9ad7-392b-96ae-7de063c9634c,    3.715790 ,  -61.138510 ,2023-11-27 18:30:00,Brasil,RORAIMA,AMAJARI,Amazônia
 1662444342 ,d2796c16-87ce-3785-a577-de6b35610bd1,    3.488880 ,  -60.120370 ,2023-11-27 18:30:00,Brasil,RORAIMA,NORMANDIA,Amazônia
 1662444343 ,7963ab10-2a2a-30aa-bfe0-9bb4f3105413,    1.882360 ,  -61.225090 ,2023-11-27 18:30:00,Brasil,RORAIMA,CARACARAÍ,Amazônia
 1662444344 ,f8747eda-dd98-343e-af60-987c7bc67c0b,    1.876730 ,  -61.231960 ,2023-11-27 18:30:00,Brasil,RORAIMA,CARACARAÍ,Amazônia
 1662517440 ,f21bc0ad-0e59-34d7-bbd4-bb008c9c05ba,    1.877490 ,  -61.238390 ,2023-11-28 17:32:00,Brasil,RORAIMA,CARACARAÍ,Amazônia
 1662517441 ,055c6d37-5e0b-336f-b345-b7d1bda4e310,    1.560330 ,  -61.058000 ,2023-11-28 17:32:00,Brasil,RORAIMA,CARACARAÍ,Amazônia
 1662517835 ,cc45724a-bf82-3bec-8870-f9389a3b95b5,    3.814770 ,  -59.603910 ,2023-11-28 17:34:00,Brasil,RORAIMA,NORMANDIA,Amazônia
 1662517836 ,42eb9d21-2118-3769-94d9-a7cf776c4f78,    3.804530 ,  -61.730000 ,2023-11-28 17:34:00,Brasil,RORAIMA,AMAJARI,Amazônia
 1662613161 ,7f2efe23-f30b-3116-8d00-b983c6941d4d,    4.321240 ,  -60.658660 ,2023-11-29 18:15:00,Brasil,RORAIMA,PACARAIMA,Amazônia
 1662613162 ,2c3cc1de-ed27-37c0-a9ac-f86c5ce2db48,    4.220120 ,  -59.921800 ,2023-11-29 18:15:00,Brasil,RORAIMA,NORMANDIA,Amazônia
 1662613163 ,2c89b32f-5ec2-3147-bdbf-f08ffdbca0f0,    3.902940 ,  -60.968900 ,2023-11-29 18:15:00,Brasil,RORAIMA,AMAJARI,Amazônia
 1662613164 ,360b4b19-0958-3280-b342-0a537e265ab0,    3.897000 ,  -60.975320 ,2023-11-29 18:15:00,Brasil,RORAIMA,AMAJARI,Amazônia
 1662613165 ,c484dd13-8947-304b-bec5-6450200db3a1,    3.819180 ,  -59.591000 ,2023-11-29 18:15:00,Brasil,RORAIMA,NORMANDIA,Amazônia
 1662613166 ,32661d2a-2b83-3641-a712-08cbb0a9b221,    3.738960 ,  -60.324600 ,2023-11-29 18:15:00,Brasil,RORAIMA,NORMANDIA,Amazônia
 1662613167 ,3270bb4f-d1cd-3b48-9c49-d8f2a87b5a80,    2.694070 ,  -60.465280 ,2023-11-29 18:15:00,Brasil,RORAIMA,CANTÁ,Amazônia
 1662613168 ,4cac80e6-9d9e-3eb5-80ce-3c074a361ad5,    2.687630 ,  -60.456600 ,2023-11-29 18:15:00,Brasil,RORAIMA,CANTÁ,Amazônia
 1662613169 ,90d1ebe9-6796-3b35-9fac-38af8dda22be,    2.685800 ,  -60.469890 ,2023-11-29 18:15:00,Brasil,RORAIMA,CANTÁ,Amazônia
 1662613170 ,0666e093-7c35-3319-8d45-15a61c3651ef,    2.010110 ,  -61.082010 ,2023-11-29 18:15:00,Brasil,RORAIMA,IRACEMA,Amazônia
 1662613171 ,a1480258-b157-3e1d-ab73-05a88c84ef88,    1.999950 ,  -61.080520 ,2023-11-29 18:15:00,Brasil,RORAIMA,IRACEMA,Amazônia
 1662613172 ,a1230437-9ca0-3284-a86a-d4bb2c2f8322,    1.998260 ,  -61.092350 ,2023-11-29 18:15:00,Brasil,RORAIMA,IRACEMA,Amazônia
 1662694725 ,46ee441a-dac9-3ae1-9f01-e6c3bb821530,    3.638010 ,  -60.802700 ,2023-11-30 17:19:00,Brasil,RORAIMA,PACARAIMA,Amazônia
 1662780366 ,999d6dcb-87ba-3894-bc79-47e3c67adfbe,    5.007380 ,  -60.403320 ,2023-12-01 18:00:00,Brasil,RORAIMA,UIRAMUTÃ,Amazônia
 1662780367 ,291ce023-405b-343a-b106-87593233efac,    4.663880 ,  -60.291760 ,2023-12-01 18:00:00,Brasil,RORAIMA,UIRAMUTÃ,Amazônia
 1662780368 ,d85f9e4d-2540-3ad4-9ea5-9a3b3ae0670c,    4.422240 ,  -60.172840 ,2023-12-01 18:00:00,Brasil,RORAIMA,UIRAMUTÃ,Amazônia
 1662780369 ,4ba06433-ac60-3a00-b71f-9f9002fc3f39,    4.383100 ,  -61.147700 ,2023-12-01 18:00:00,Brasil,RORAIMA,PACARAIMA,Amazônia
 1662780370 ,77fe2b0e-b474-326e-a55d-5559bf121d33,    4.381820 ,  -61.156540 ,2023-12-01 18:00:00,Brasil,RORAIMA,PACARAIMA,Amazônia
 1662780371 ,8aa51318-e617-3009-8e41-a91cf92201fb,    3.927390 ,  -61.309440 ,2023-12-01 18:00:00,Brasil,RORAIMA,AMAJARI,Amazônia
 1662780372 ,3c2ba60e-027e-39fb-9efa-82fee99ba86c,    3.915930 ,  -61.325860 ,2023-12-01 18:00:00,Brasil,RORAIMA,AMAJARI,Amazônia
 1662780373 ,4b983d88-01f6-3e62-a330-b726face5c95,    3.825760 ,  -59.582780 ,2023-12-01 18:00:00,Brasil,RORAIMA,NORMANDIA,Amazônia
 1662780374 ,76d15f3e-7134-3386-ac75-cdcf7ad23a2a,    3.679490 ,  -60.851380 ,2023-12-01 18:00:00,Brasil,RORAIMA,PACARAIMA,Amazônia
 1662780375 ,269256cc-ac85-3545-9f54-f8d4d34eb4b6,    3.678210 ,  -60.860220 ,2023-12-01 18:00:00,Brasil,RORAIMA,PACARAIMA,Amazônia
 1662780376 ,16e5b5f2-f220-381e-864d-a3aea28767ad,    3.670610 ,  -60.850090 ,2023-12-01 18:00:00,Brasil,RORAIMA,PACARAIMA,Amazônia
 1662780377 ,e5b81cb3-12e7-3eee-94c3-93d923225602,    3.652520 ,  -61.100130 ,2023-12-01 18:00:00,Brasil,RORAIMA,AMAJARI,Amazônia
 1662780378 ,6c6b10bd-2215-3897-ad68-1ce37a61fd2c,    3.642780 ,  -60.791850 ,2023-12-01 18:00:00,Brasil,RORAIMA,PACARAIMA,Amazônia
 1662780379 ,3537c34b-5d9c-3ef8-ade8-99935574c530,    3.590300 ,  -59.875920 ,2023-12-01 18:00:00,Brasil,RORAIMA,NORMANDIA,Amazônia
 1662780380 ,9d83dfb7-5fc0-35ba-b1ac-6784fab61449,    3.471910 ,  -61.392960 ,2023-12-01 18:00:00,Brasil,RORAIMA,AMAJARI,Amazônia
 1662780381 ,8aeea799-0add-3746-820f-6a98b6a239a6,    3.380800 ,  -60.430440 ,2023-12-01 18:00:00,Brasil,RORAIMA,BOA VISTA,Amazônia
 1662780382 ,6729f520-0d73-3508-a1f1-22289abddaf1,    3.334440 ,  -61.457880 ,2023-12-01 18:00:00,Brasil,RORAIMA,ALTO ALEGRE,Amazônia
 1662780383 ,ec8d399f-0ccd-36a5-9417-660d6ff949fa,    3.323400 ,  -61.458960 ,2023-12-01 18:00:00,Brasil,RORAIMA,ALTO ALEGRE,Amazônia
 1662780384 ,1e1b7074-9347-3c41-94f0-8ee5ba0058b3,    3.322110 ,  -61.467880 ,2023-12-01 18:00:00,Brasil,RORAIMA,ALTO ALEGRE,Amazônia
 1662780385 ,f6e0e529-cc2e-3f0f-86a4-ecca4cb7e0c0,    3.284340 ,  -61.289770 ,2023-12-01 18:00:00,Brasil,RORAIMA,ALTO ALEGRE,Amazônia
 1662780386 ,a2fa30c0-e9fc-31b3-a572-af60058915d7,    3.241630 ,  -61.015580 ,2023-12-01 18:00:00,Brasil,RORAIMA,ALTO ALEGRE,Amazônia
 1662780387 ,386a806e-c4c8-395d-bb19-106e34e8176a,    3.235630 ,  -60.160160 ,2023-12-01 18:00:00,Brasil,RORAIMA,BONFIM,Amazônia
 1662780388 ,54761fc8-df34-38f4-9902-d242673ec037,    3.148180 ,  -60.701030 ,2023-12-01 18:00:00,Brasil,RORAIMA,BOA VISTA,Amazônia
 1662780389 ,31aed73c-25a2-3603-8701-1a6dc80d0ad2,    3.051990 ,  -61.681240 ,2023-12-01 18:00:00,Brasil,RORAIMA,ALTO ALEGRE,Amazônia
 1662780390 ,bb06b4af-f717-307b-a64b-35dfd10db116,    2.915680 ,  -60.970660 ,2023-12-01 18:00:00,Brasil,RORAIMA,BOA VISTA,Amazônia
 1662780391 ,79116b22-c66a-37c3-a47a-109d37bf73ca,    2.914400 ,  -60.979500 ,2023-12-01 18:00:00,Brasil,RORAIMA,BOA VISTA,Amazônia
 1662780392 ,77460439-7309-3f8b-b5eb-a7fc3e1e373d,    2.904040 ,  -60.284550 ,2023-12-01 18:00:00,Brasil,RORAIMA,BONFIM,Amazônia
 1662780393 ,0fc442ce-bf0d-3515-9fb3-7e4d77471e70,    2.651400 ,  -61.145720 ,2023-12-01 18:00:00,Brasil,RORAIMA,MUCAJAÍ,Amazônia
 1662780394 ,0ed8bb09-7b8f-3051-8d2e-cc440193f117,    2.650110 ,  -61.154580 ,2023-12-01 18:00:00,Brasil,RORAIMA,MUCAJAÍ,Amazônia
 1662780395 ,bf4e744e-05dc-331f-a16a-10017d6fcfd7,    2.642500 ,  -61.144420 ,2023-12-01 18:00:00,Brasil,RORAIMA,MUCAJAÍ,Amazônia
 1662780396 ,897e2bf9-2fc0-3832-a34e-f680ebc50f9f,    2.641210 ,  -61.153280 ,2023-12-01 18:00:00,Brasil,RORAIMA,MUCAJAÍ,Amazônia
 1662780397 ,a52d046c-6602-335b-98f3-7056f047edc6,    2.380200 ,  -60.207940 ,2023-12-01 18:00:00,Brasil,RORAIMA,CANTÁ,Amazônia
 1662780398 ,fc402067-aa9b-3b51-833f-1266f3943fdc,    2.239470 ,  -61.692430 ,2023-12-01 18:00:00,Brasil,RORAIMA,IRACEMA,Amazônia
 1662780399 ,bfe2cecc-04db-3c70-bb72-a42c429d55e2,    1.892260 ,  -61.231130 ,2023-12-01 18:00:00,Brasil,RORAIMA,CARACARAÍ,Amazônia
 1662780400 ,ee7e551b-2661-317e-9c9a-ae229642e865,    1.890960 ,  -61.240050 ,2023-12-01 18:00:00,Brasil,RORAIMA,CARACARAÍ,Amazônia
 1662780401 ,fbed850a-c1eb-35c0-9ff3-26788a504014,    1.880120 ,  -61.241110 ,2023-12-01 18:00:00,Brasil,RORAIMA,CARACARAÍ,Amazônia
 1662780402 ,141541da-55b7-3d06-a33a-5be9921d4921,    1.878830 ,  -61.250040 ,2023-12-01 18:00:00,Brasil,RORAIMA,CARACARAÍ,Amazônia
 1662780403 ,e8b7ee9c-1b6c-3694-ac4d-6a96f6f3df26,    1.872490 ,  -61.230870 ,2023-12-01 18:00:00,Brasil,RORAIMA,CARACARAÍ,Amazônia
 1662780404 ,9bb10f4b-29f4-3d7c-81de-74e35d49ef0b,    1.834220 ,  -60.486980 ,2023-12-01 18:00:00,Brasil,RORAIMA,CANTÁ,Amazônia
 1662780405 ,c514558f-b074-3a58-9626-f9539a632b33,    1.741880 ,  -60.289880 ,2023-12-01 18:00:00,Brasil,RORAIMA,CARACARAÍ,Amazônia
 1662780407 ,ff2e75bb-9bdb-3f36-8a89-06adb0f05bd8,     .358910 ,  -60.426640 ,2023-12-01 18:00:00,Brasil,RORAIMA,RORAINÓPOLIS,Amazônia
 1662780408 ,17a3bfbb-2e52-3da5-b16f-dec66adc27f5,     .350030 ,  -60.425350 ,2023-12-01 18:00:00,Brasil,RORAIMA,RORAINÓPOLIS,Amazônia
 1662780559 ,ceec9806-9488-3056-8dd1-5c1e7c7a958c,    -.159270 ,  -60.754820 ,2023-12-01 18:00:00,Brasil,RORAIMA,RORAINÓPOLIS,Amazônia
 1662876334 ,a41464d4-0d20-3d90-b864-475337b14070,    1.226830 ,  -60.797580 ,2023-12-02 18:40:00,Brasil,RORAIMA,CARACARAÍ,Amazônia
 1662961337 ,ea94fc8f-513a-3757-93c0-9d06671d3333,    4.376820 ,  -60.575890 ,2023-12-03 17:45:00,Brasil,RORAIMA,UIRAMUTÃ,Amazônia
 1662961338 ,b54b3108-3726-31d8-99ae-973c5b23d88e,    3.966280 ,  -60.443860 ,2023-12-03 17:45:00,Brasil,RORAIMA,NORMANDIA,Amazônia
 1662961339 ,cf74b134-3e19-3ae0-a38c-aa9b28c0ca09,    3.902110 ,  -61.290780 ,2023-12-03 17:45:00,Brasil,RORAIMA,AMAJARI,Amazônia
 1662961340 ,6d586c0f-0172-3ba6-9808-c8a83c65c079,    3.884400 ,  -61.950850 ,2023-12-03 17:45:00,Brasil,RORAIMA,AMAJARI,Amazônia
 1662961341 ,a706cf86-b488-3cc2-84f5-1e537c02a5c9,    3.882180 ,  -61.965590 ,2023-12-03 17:45:00,Brasil,RORAIMA,AMAJARI,Amazônia
 1662961342 ,d3c8aa48-037b-3e26-86e6-1a7aec0a55ca,    3.868390 ,  -61.682740 ,2023-12-03 17:45:00,Brasil,RORAIMA,AMAJARI,Amazônia
 1662961343 ,016532b0-2d63-3907-bbe8-32c0c915f1cb,    3.733190 ,  -60.227830 ,2023-12-03 17:45:00,Brasil,RORAIMA,NORMANDIA,Amazônia
 1662961344 ,96ce5064-ad41-3329-a4db-be75dfcbc1d3,    3.704580 ,  -60.554120 ,2023-12-03 17:45:00,Brasil,RORAIMA,PACARAIMA,Amazônia
 1662961345 ,7e18454e-6c99-3561-9949-4e9fd485a1f4,    3.637030 ,  -60.525350 ,2023-12-03 17:45:00,Brasil,RORAIMA,PACARAIMA,Amazônia
 1662961349 ,011e1b20-fbc9-3f42-b0ef-6b93e8203005,    3.542560 ,  -60.615330 ,2023-12-03 17:45:00,Brasil,RORAIMA,PACARAIMA,Amazônia
 1662961350 ,6abe1434-d76c-3d84-84f2-273996d466b7,    3.344380 ,  -59.945690 ,2023-12-03 17:45:00,Brasil,RORAIMA,BONFIM,Amazônia
 1662961351 ,d83fab76-ba85-3c64-9623-b6a6a594d90a,    3.230770 ,  -60.162330 ,2023-12-03 17:45:00,Brasil,RORAIMA,BONFIM,Amazônia
 1662961352 ,c2d55ad8-c07c-3b1a-ab15-13ded2153a51,    3.174670 ,  -60.683770 ,2023-12-03 17:45:00,Brasil,RORAIMA,BOA VISTA,Amazônia
 1662961353 ,22d559a5-12b1-3d52-a413-acc4170d4cfe,    3.141640 ,  -60.692250 ,2023-12-03 17:45:00,Brasil,RORAIMA,BOA VISTA,Amazônia
 1662961354 ,0038f304-4fda-3844-8573-71d2ddfd3ddb,    3.139780 ,  -60.704690 ,2023-12-03 17:45:00,Brasil,RORAIMA,BOA VISTA,Amazônia
 1662961355 ,a6212739-609d-3dc6-9afc-412572a35bc0,    3.137930 ,  -60.717090 ,2023-12-03 17:45:00,Brasil,RORAIMA,BOA VISTA,Amazônia
 1662961356 ,cbe89bfd-ac41-3637-bfef-8cb3fe911bbc,    3.129400 ,  -60.703160 ,2023-12-03 17:45:00,Brasil,RORAIMA,BOA VISTA,Amazônia
 1662961357 ,3b227f54-a218-3c2f-90ab-dfb4f9ddeec6,    3.127540 ,  -60.715540 ,2023-12-03 17:45:00,Brasil,RORAIMA,BOA VISTA,Amazônia
 1662961358 ,a81f6799-9fcd-3d44-94af-a66a5d606dcc,    2.831610 ,  -60.231010 ,2023-12-03 17:45:00,Brasil,RORAIMA,BONFIM,Amazônia
 1662961359 ,2eb627f4-2735-388a-bf6a-3ccbb17773b2,    2.691350 ,  -60.950130 ,2023-12-03 17:45:00,Brasil,RORAIMA,BOA VISTA,Amazônia
 1662961360 ,fb1b32c0-f24c-38fd-a17f-3a919b765272,    2.689360 ,  -60.963150 ,2023-12-03 17:45:00,Brasil,RORAIMA,BOA VISTA,Amazônia
 1662961361 ,96916b52-13a2-3953-828e-e766ce2b3375,    2.685000 ,  -60.956000 ,2023-12-03 17:45:00,Brasil,RORAIMA,BOA VISTA,Amazônia
 1662961362 ,26352319-a633-3929-96dd-2c09f4e94664,    2.678700 ,  -60.961560 ,2023-12-03 17:45:00,Brasil,RORAIMA,BOA VISTA,Amazônia
 1662961374 ,b82c69b7-88cc-301e-ad2f-e7c6c1399870,     .983710 ,  -59.505660 ,2023-12-03 17:45:00,Brasil,RORAIMA,CAROEBE,Amazônia
 1663042705 ,4ccf3ff6-6e81-32c8-861f-9b118b5eab5f,    3.289620 ,  -63.849160 ,2023-12-04 18:25:00,Brasil,RORAIMA,ALTO ALEGRE,Amazônia
 1663042706 ,0e0f1e28-bec3-3bd4-a415-142826686a44,    3.152360 ,  -61.402970 ,2023-12-04 18:25:00,Brasil,RORAIMA,ALTO ALEGRE,Amazônia
 1663042707 ,e8e95907-6254-3960-b423-0220dc1701ad,    3.146150 ,  -60.710120 ,2023-12-04 18:25:00,Brasil,RORAIMA,BOA VISTA,Amazônia
 1663042708 ,99405878-ab3e-3ac3-84b8-ab07e2427bbb,    3.132960 ,  -60.708220 ,2023-12-04 18:25:00,Brasil,RORAIMA,BOA VISTA,Amazônia
 1663042709 ,0eef841d-24fd-3c37-933a-af8f9a3a8691,    3.131450 ,  -60.691910 ,2023-12-04 18:25:00,Brasil,RORAIMA,BOA VISTA,Amazônia
 1663042710 ,31c6175b-a484-3c39-888a-d06e8444440c,    3.128610 ,  -60.712760 ,2023-12-04 18:25:00,Brasil,RORAIMA,BOA VISTA,Amazônia
 1663127498 ,e9763e00-bfe2-3135-ab83-e5c10cac0f47,    4.553980 ,  -60.561190 ,2023-12-05 17:28:00,Brasil,RORAIMA,UIRAMUTÃ,Amazônia
 1663127499 ,62d34d7a-7efd-3c66-b881-532d2aa9cf88,    3.356080 ,  -59.922090 ,2023-12-05 17:28:00,Brasil,RORAIMA,BONFIM,Amazônia
 1663127504 ,70e7ad3d-ccd5-393c-9a02-712d35a2716e,    1.035800 ,  -59.587560 ,2023-12-05 17:28:00,Brasil,RORAIMA,CAROEBE,Amazônia
 1663127505 ,8b42fa5d-4e0a-3a75-9647-fcb3e52f909b,     .890280 ,  -59.337800 ,2023-12-05 17:28:00,Brasil,RORAIMA,CAROEBE,Amazônia
 1663239782 ,f7029b56-d0ad-3f27-a714-1c5e3d03cf7a,    3.709330 ,  -60.702580 ,2023-12-06 18:10:00,Brasil,RORAIMA,PACARAIMA,Amazônia
 1663239783 ,f23cd7fa-5492-3f41-bb3a-ec4758060eaf,    3.707790 ,  -60.713640 ,2023-12-06 18:10:00,Brasil,RORAIMA,PACARAIMA,Amazônia
 1663239784 ,a8bbf7f2-84df-3bcd-8f9e-277a768e1192,    3.701000 ,  -60.690080 ,2023-12-06 18:10:00,Brasil,RORAIMA,PACARAIMA,Amazônia
 1663239785 ,abee9798-446a-3ab5-99f0-bbde9fa3b909,    3.698310 ,  -60.694210 ,2023-12-06 18:10:00,Brasil,RORAIMA,PACARAIMA,Amazônia
 1663239786 ,66cd10b6-1b19-37e8-aad1-605af24a2f01,    3.623210 ,  -59.868740 ,2023-12-06 18:10:00,Brasil,RORAIMA,NORMANDIA,Amazônia
 1663469999 ,85e7ea4e-3d98-31aa-9bc9-05dddf667dd5,    4.322670 ,  -60.446280 ,2023-12-08 17:56:00,Brasil,RORAIMA,UIRAMUTÃ,Amazônia
 1663470000 ,ba848377-d166-3b80-874c-cac8e878208a,    3.757470 ,  -60.782020 ,2023-12-08 17:56:00,Brasil,RORAIMA,PACARAIMA,Amazônia
 1663470001 ,b332dfa7-4a54-346d-bed0-2d3fda817ef1,    3.756130 ,  -60.791100 ,2023-12-08 17:56:00,Brasil,RORAIMA,PACARAIMA,Amazônia
 1663470002 ,450ce037-2ce3-3d46-aac7-9ca9bf4d90fb,    3.747150 ,  -60.789780 ,2023-12-08 17:56:00,Brasil,RORAIMA,PACARAIMA,Amazônia
 1663470003 ,23ae46dd-3f7c-3f78-9b52-eb453697214e,    3.745810 ,  -60.798870 ,2023-12-08 17:56:00,Brasil,RORAIMA,PACARAIMA,Amazônia
 1663470004 ,aef603bc-505a-35d2-b18c-21ea0189b094,    3.738160 ,  -60.788460 ,2023-12-08 17:56:00,Brasil,RORAIMA,PACARAIMA,Amazônia
 1663470005 ,cbb3c238-eb46-3844-ba96-af01788967cb,    3.220740 ,  -60.165920 ,2023-12-08 17:56:00,Brasil,RORAIMA,BONFIM,Amazônia
 1663470007 ,3e65378e-e438-362a-a160-40defa785a7b,    2.926060 ,  -60.286110 ,2023-12-08 17:53:00,Brasil,RORAIMA,BONFIM,Amazônia
 1663470008 ,f4a71217-8502-3f15-a677-c702c11b6e4f,    2.924760 ,  -60.295060 ,2023-12-08 17:53:00,Brasil,RORAIMA,BONFIM,Amazônia
 1663470009 ,1410dfb0-0ca0-340b-baee-35e8664b1bf2,    2.917140 ,  -60.284800 ,2023-12-08 17:53:00,Brasil,RORAIMA,BONFIM,Amazônia
 1663470010 ,2eb9c74c-ae95-3b1b-bd54-c169e67c7c2d,    2.915840 ,  -60.293740 ,2023-12-08 17:53:00,Brasil,RORAIMA,BONFIM,Amazônia
 1663689252 ,35542ea8-43aa-314b-82b4-3748b6dc4978,    3.862380 ,  -61.448600 ,2023-12-10 17:38:00,Brasil,RORAIMA,AMAJARI,Amazônia
 1663689253 ,079cca51-50e5-3510-90d6-ef611f525cd3,    3.724430 ,  -60.248520 ,2023-12-10 17:38:00,Brasil,RORAIMA,NORMANDIA,Amazônia
 1663689254 ,4165687d-c4ed-330d-9ded-38cf103bcc77,    3.722380 ,  -60.262190 ,2023-12-10 17:38:00,Brasil,RORAIMA,NORMANDIA,Amazônia
 1663689255 ,28a90cb2-7858-36d8-95a7-2226d698040d,    3.678410 ,  -60.630970 ,2023-12-10 17:38:00,Brasil,RORAIMA,PACARAIMA,Amazônia
 1663689256 ,1877e86f-9643-3342-8bb5-ab6e0ac2d6f2,    3.028380 ,  -60.053380 ,2023-12-10 17:38:00,Brasil,RORAIMA,BONFIM,Amazônia
 1663779919 ,4160f1f2-4295-3522-8723-c3e6e2c1d225,    2.756730 ,  -60.790390 ,2023-12-11 18:19:00,Brasil,RORAIMA,BOA VISTA,Amazônia
 1663779920 ,efec81e1-5e54-3532-8214-a3d76ff33021,    1.567930 ,  -61.068760 ,2023-12-11 18:19:00,Brasil,RORAIMA,CARACARAÍ,Amazônia
 1663886490 ,e74f8959-abf1-359a-8ba6-7d902ebbc5d3,    3.686340 ,  -60.419660 ,2023-12-12 17:24:00,Brasil,RORAIMA,NORMANDIA,Amazônia
 1663886491 ,8199b5df-72c4-3a4f-b770-d837ce2695c7,    1.099710 ,  -59.591110 ,2023-12-12 17:24:00,Brasil,RORAIMA,CAROEBE,Amazônia
 1664017267 ,7f252646-dd89-3c1f-81f6-68d8727c129b,    3.956030 ,  -61.103140 ,2023-12-13 18:06:00,Brasil,RORAIMA,AMAJARI,Amazônia
 1664017268 ,9265c043-ec71-3055-9c62-5f550310e138,    3.955620 ,  -61.235930 ,2023-12-13 18:06:00,Brasil,RORAIMA,AMAJARI,Amazônia
 1664017269 ,87e140a1-dd1a-37b3-90d9-ef52fcfdeac9,    3.865950 ,  -61.534050 ,2023-12-13 18:06:00,Brasil,RORAIMA,AMAJARI,Amazônia
 1664017270 ,7c5da150-c449-3612-9465-21019ba91b80,    3.811300 ,  -61.911530 ,2023-12-13 18:06:00,Brasil,RORAIMA,AMAJARI,Amazônia
 1664017271 ,392d6fee-6a07-332a-ba87-3caba49d2fe2,    3.810010 ,  -61.920440 ,2023-12-13 18:06:00,Brasil,RORAIMA,AMAJARI,Amazônia
 1664017272 ,0e2a05a2-5fe6-3a58-94b6-602e221ffdec,    3.803680 ,  -61.901320 ,2023-12-13 18:06:00,Brasil,RORAIMA,AMAJARI,Amazônia
 1664017273 ,7a1dcf39-d2d2-3952-8d99-151653e9cfcb,    3.802390 ,  -61.910230 ,2023-12-13 18:06:00,Brasil,RORAIMA,AMAJARI,Amazônia
 1664017274 ,dbace3b2-34d3-30e7-83eb-223c6a94780b,    3.801100 ,  -61.919130 ,2023-12-13 18:06:00,Brasil,RORAIMA,AMAJARI,Amazônia
 1664017275 ,9934cfed-b073-3478-a212-b9ff3ce5aadf,    3.124290 ,  -60.474910 ,2023-12-13 18:04:00,Brasil,RORAIMA,BOA VISTA,Amazônia
 1664017276 ,57968bea-13bb-3910-8ac6-f0025c02dd22,    3.082350 ,  -60.703920 ,2023-12-13 18:04:00,Brasil,RORAIMA,BOA VISTA,Amazônia
 1664017277 ,ce68fe16-2c43-3057-b621-7c14c2570ff5,    3.081000 ,  -60.713410 ,2023-12-13 18:04:00,Brasil,RORAIMA,BOA VISTA,Amazônia
 1664017278 ,16ca7f7d-5dc2-3c88-9951-59c1fa3dd088,    2.902960 ,  -60.284540 ,2023-12-13 18:04:00,Brasil,RORAIMA,BONFIM,Amazônia
 1664017279 ,6a9c31aa-d28a-3580-91f5-db5e78a41627,    1.896260 ,  -61.331270 ,2023-12-13 18:04:00,Brasil,RORAIMA,CARACARAÍ,Amazônia
 1664017280 ,742c1bf7-f0de-3e61-a5d6-7b7ccc22f809,    1.887320 ,  -61.329960 ,2023-12-13 18:04:00,Brasil,RORAIMA,CARACARAÍ,Amazônia
 1664017281 ,2a74f410-c604-3706-ab19-bf3b866b9e09,    1.626100 ,  -61.092870 ,2023-12-13 18:04:00,Brasil,RORAIMA,CARACARAÍ,Amazônia
 1664017282 ,a4068624-8e3c-3d64-90a5-638515e55738,    1.027940 ,  -60.380420 ,2023-12-13 18:04:00,Brasil,RORAIMA,RORAINÓPOLIS,Amazônia
 1664017283 ,0eff809d-d3f2-38ba-bdc3-1c704a521b6c,     .615490 ,  -59.672440 ,2023-12-13 18:04:00,Brasil,RORAIMA,CAROEBE,Amazônia
 1664017284 ,228d455c-c954-318e-ad9e-47ef151bf9b4,     .606090 ,  -59.671090 ,2023-12-13 18:04:00,Brasil,RORAIMA,CAROEBE,Amazônia
 1664017462 ,6a1756bb-cd29-35ec-a251-7d076cc2cc63,    -.160320 ,  -60.762170 ,2023-12-13 18:04:00,Brasil,RORAIMA,RORAINÓPOLIS,Amazônia
 1664234434 ,1613b0f7-4c80-3ef4-912e-2f9cdb1f05b3,    4.875630 ,  -60.548450 ,2023-12-15 17:51:00,Brasil,RORAIMA,UIRAMUTÃ,Amazônia
 1664234435 ,b4fc067d-0597-38a1-9be7-63433337f103,    4.486500 ,  -60.639870 ,2023-12-15 17:49:00,Brasil,RORAIMA,UIRAMUTÃ,Amazônia
 1664234436 ,919bda8b-5022-38a7-94a0-166781176f14,    4.252940 ,  -60.845900 ,2023-12-15 17:49:00,Brasil,RORAIMA,PACARAIMA,Amazônia
 1664234437 ,453e2de2-4d7c-3e1d-b960-1b85498ea295,    3.979400 ,  -60.435310 ,2023-12-15 17:49:00,Brasil,RORAIMA,NORMANDIA,Amazônia
 1664234438 ,4cb8d1a8-ce50-3f52-86b1-768fadcac775,    3.977960 ,  -60.444970 ,2023-12-15 17:49:00,Brasil,RORAIMA,NORMANDIA,Amazônia
 1664234439 ,6d0b8033-0807-3af6-981d-e59a4fc967d7,    3.951120 ,  -61.147690 ,2023-12-15 17:49:00,Brasil,RORAIMA,AMAJARI,Amazônia
 1664234440 ,b8e45a40-1c3a-35c4-b058-d432c295e11e,    3.909640 ,  -61.162860 ,2023-12-15 17:49:00,Brasil,RORAIMA,AMAJARI,Amazônia
 1664234441 ,de1d8fdf-da0e-30f7-9f07-6cb808eb4448,    3.651950 ,  -60.843590 ,2023-12-15 17:49:00,Brasil,RORAIMA,PACARAIMA,Amazônia
 1664234442 ,a870e527-54e2-352f-8c07-102e94884cbf,    3.519550 ,  -61.792400 ,2023-12-15 17:49:00,Brasil,RORAIMA,AMAJARI,Amazônia
 1664234443 ,be73948f-6bed-3c8f-bd6c-dc920de3b423,    3.511240 ,  -61.779420 ,2023-12-15 17:49:00,Brasil,RORAIMA,AMAJARI,Amazônia
 1664234444 ,c926abce-8860-346b-a362-c76bebdeb1ec,    3.504280 ,  -61.825390 ,2023-12-15 17:49:00,Brasil,RORAIMA,AMAJARI,Amazônia
 1664234445 ,c50cfcab-3567-324d-b2d1-e638211a94f7,    3.502530 ,  -61.836940 ,2023-12-15 17:49:00,Brasil,RORAIMA,AMAJARI,Amazônia
 1664234446 ,5c7ff155-0346-385f-b431-eaf53a199b32,    3.494220 ,  -61.823840 ,2023-12-15 17:49:00,Brasil,RORAIMA,AMAJARI,Amazônia
 1664234447 ,6654e6db-a3b1-32d0-a32d-4539c37ba4f1,    3.492460 ,  -61.835380 ,2023-12-15 17:49:00,Brasil,RORAIMA,AMAJARI,Amazônia
 1664234448 ,130de995-032a-38a7-bde5-e6cd3537f046,    3.162830 ,  -60.349080 ,2023-12-15 17:49:00,Brasil,RORAIMA,BONFIM,Amazônia
 1664234449 ,4feea65b-ed76-3d93-9fff-3b616654723a,    3.161380 ,  -60.358810 ,2023-12-15 17:49:00,Brasil,RORAIMA,BONFIM,Amazônia
 1664234450 ,75c05bec-6639-3090-92e0-1c57d3b97a99,    3.153540 ,  -60.347710 ,2023-12-15 17:49:00,Brasil,RORAIMA,BONFIM,Amazônia
 1664234451 ,1502481d-f668-3030-aae3-0f8856a11a6e,    3.152090 ,  -60.357440 ,2023-12-15 17:49:00,Brasil,RORAIMA,BONFIM,Amazônia
 1664234452 ,5f63c80d-c6df-37c9-b959-30dde4d4678d,    2.991990 ,  -61.204050 ,2023-12-15 17:49:00,Brasil,RORAIMA,ALTO ALEGRE,Amazônia
 1664234453 ,1d64ee08-eb81-3e52-bf74-42c5c31abd79,    2.990390 ,  -61.214850 ,2023-12-15 17:49:00,Brasil,RORAIMA,ALTO ALEGRE,Amazônia
 1664234454 ,66e9a7ec-0165-30df-86f8-6a294083a982,    2.633260 ,  -60.739680 ,2023-12-15 17:49:00,Brasil,RORAIMA,CANTÁ,Amazônia
 1664234455 ,1134c492-c7ba-33cd-9724-6538c417cc6d,    2.122800 ,  -60.092530 ,2023-12-15 17:49:00,Brasil,RORAIMA,BONFIM,Amazônia
 1664234456 ,7a6a7727-a4ec-34e7-b935-673ff59bb17d,    2.119060 ,  -60.807430 ,2023-12-15 17:49:00,Brasil,RORAIMA,CANTÁ,Amazônia
 1664234457 ,40a50aff-c955-3abd-a919-21e11f855945,    2.010260 ,  -61.476170 ,2023-12-15 17:49:00,Brasil,RORAIMA,CARACARAÍ,Amazônia
 1664234458 ,356f76a7-7a5e-321e-87a2-eeade55ce26f,    1.986980 ,  -61.425780 ,2023-12-15 17:49:00,Brasil,RORAIMA,CARACARAÍ,Amazônia
 1664234459 ,c29f826a-274a-3430-93a1-578b6ba933e1,    1.067530 ,  -59.746480 ,2023-12-15 17:49:00,Brasil,RORAIMA,SÃO JOÃO DA BALIZA,Amazônia
 1664234460 ,7a1b848e-1547-3f11-a5c4-d0235190c6ee,     .708900 ,  -59.485340 ,2023-12-15 17:49:00,Brasil,RORAIMA,CAROEBE,Amazônia
 1664234461 ,74d29ff9-30e6-364e-950e-dc4b7ef372cb,     .077510 ,  -60.487600 ,2023-12-15 17:49:00,Brasil,RORAIMA,RORAINÓPOLIS,Amazônia
 1664422783 ,9590d3c2-eb21-318f-9466-43003db799da,     .818310 ,  -59.718970 ,2023-12-17 17:34:00,Brasil,RORAIMA,CAROEBE,Amazônia
 1664422784 ,e1bca7c6-a604-3708-a301-2931bc754b6e,     .815720 ,  -59.736030 ,2023-12-17 17:34:00,Brasil,RORAIMA,CAROEBE,Amazônia
 1664422785 ,4284f3df-ebc2-3afc-bac2-77ce58d276a7,     .811880 ,  -59.730330 ,2023-12-17 17:34:00,Brasil,RORAIMA,CAROEBE,Amazônia
 1664422786 ,8e184f73-1b26-38f9-b1bf-2d5ce748c885,     .806400 ,  -59.854420 ,2023-12-17 17:34:00,Brasil,RORAIMA,SÃO JOÃO DA BALIZA,Amazônia
 1664422787 ,eb2a57a1-0207-3cd7-8356-53e9de2b6ada,     .797120 ,  -59.858070 ,2023-12-17 17:34:00,Brasil,RORAIMA,SÃO JOÃO DA BALIZA,Amazônia
 1664422788 ,c777172f-bf2a-3ec6-a248-3edcb92290e1,     .629190 ,  -60.004500 ,2023-12-17 17:34:00,Brasil,RORAIMA,SÃO JOÃO DA BALIZA,Amazônia
 1664422789 ,4d43f184-8908-3db6-90fd-52ad535f8157,     .195720 ,  -60.632960 ,2023-12-17 17:34:00,Brasil,RORAIMA,RORAINÓPOLIS,Amazônia
 1664547566 ,7471d119-0311-3b4b-9fae-d79340da1a88,    4.414950 ,  -60.127820 ,2023-12-18 18:17:00,Brasil,RORAIMA,UIRAMUTÃ,Amazônia
 1664547567 ,d469c3f9-406e-3a0e-b082-3f0ec94c9ce9,    4.370180 ,  -59.758000 ,2023-12-18 18:17:00,Brasil,RORAIMA,UIRAMUTÃ,Amazônia
 1664547568 ,525aab5b-d840-3b94-8bf2-0a96db0bde39,    1.785160 ,  -60.368480 ,2023-12-18 18:17:00,Brasil,RORAIMA,CANTÁ,Amazônia
 1664547569 ,0f746bdb-c71b-3a41-b32e-b5c703a975ef,    1.054800 ,  -59.864200 ,2023-12-18 18:15:00,Brasil,RORAIMA,SÃO JOÃO DA BALIZA,Amazônia
 1664547570 ,0c216d73-35f2-3ec1-9e7a-f17bd227d42a,    1.053630 ,  -59.869650 ,2023-12-18 18:15:00,Brasil,RORAIMA,SÃO JOÃO DA BALIZA,Amazônia
 1664666633 ,32cf6a92-f306-3e91-8030-38e5c4ddaf80,    1.088380 ,  -59.749830 ,2023-12-19 17:19:00,Brasil,RORAIMA,SÃO JOÃO DA BALIZA,Amazônia
 1664666634 ,b59a9e37-3782-3057-9911-eea0e44dfb9b,    1.013470 ,  -59.482170 ,2023-12-19 17:19:00,Brasil,RORAIMA,CAROEBE,Amazônia
 1664666635 ,99e0a347-a6a0-38d9-9405-8fc2fa16ab25,    1.005360 ,  -59.488860 ,2023-12-19 17:19:00,Brasil,RORAIMA,CAROEBE,Amazônia
 1664666636 ,0d1df50e-57a7-3dcc-b747-c3d0b0ee46bb,     .863060 ,  -59.881900 ,2023-12-19 17:19:00,Brasil,RORAIMA,SÃO JOÃO DA BALIZA,Amazônia
 1664666637 ,8f1467ed-2771-3efe-81da-c30c771de363,     .851140 ,  -59.884010 ,2023-12-19 17:19:00,Brasil,RORAIMA,SÃO JOÃO DA BALIZA,Amazônia
 1664666638 ,8114d947-8464-3bd3-afdc-930864468dd6,     .807890 ,  -59.865820 ,2023-12-19 17:19:00,Brasil,RORAIMA,SÃO JOÃO DA BALIZA,Amazônia
 1664666639 ,b1dcd2c2-ba5b-3e7f-814f-9147f96a2563,     .796540 ,  -59.871730 ,2023-12-19 17:19:00,Brasil,RORAIMA,SÃO JOÃO DA BALIZA,Amazônia
 1664666640 ,487b23b0-fd3b-3f14-9302-64a17c39a6d7,     .791290 ,  -59.863130 ,2023-12-19 17:19:00,Brasil,RORAIMA,SÃO JOÃO DA BALIZA,Amazônia
 1664666641 ,f5c7518b-36d4-3762-b79d-9c35c25ce602,     .330060 ,  -60.647310 ,2023-12-19 17:19:00,Brasil,RORAIMA,RORAINÓPOLIS,Amazônia
 1664666642 ,beb68376-bc08-36ad-bf9a-4a9798c8164d,     .329640 ,  -60.654850 ,2023-12-19 17:19:00,Brasil,RORAIMA,RORAINÓPOLIS,Amazônia
 1664774650 ,11478750-1edd-3a2f-8333-9fa4aaa9bb2f,    4.366810 ,  -60.309870 ,2023-12-20 18:02:00,Brasil,RORAIMA,UIRAMUTÃ,Amazônia
 1664774651 ,ac248265-ecc7-3d69-91b6-0f49e27b9534,    4.351830 ,  -60.992240 ,2023-12-20 18:02:00,Brasil,RORAIMA,PACARAIMA,Amazônia
 1664774652 ,5c9ea7a2-9e99-3f07-a314-fd6183163376,    4.236540 ,  -60.959470 ,2023-12-20 18:02:00,Brasil,RORAIMA,PACARAIMA,Amazônia
 1664774653 ,26225dbc-5375-3178-9f67-b759145f9196,    4.235260 ,  -60.968350 ,2023-12-20 18:02:00,Brasil,RORAIMA,PACARAIMA,Amazônia
 1664774654 ,e88fce37-9737-3819-8e8b-0283c7d12866,    3.835890 ,  -60.798330 ,2023-12-20 18:02:00,Brasil,RORAIMA,PACARAIMA,Amazônia
 1664774655 ,79940277-51d6-38f4-8346-73d375c483ce,    3.673640 ,  -60.072770 ,2023-12-20 18:02:00,Brasil,RORAIMA,NORMANDIA,Amazônia
 1664774656 ,6f224ab8-edc6-3a46-a8f5-cb1b02af1d09,    3.672340 ,  -60.081920 ,2023-12-20 18:02:00,Brasil,RORAIMA,NORMANDIA,Amazônia
 1664774657 ,a20b3e42-0c37-3810-996b-d4ecbf11ed12,    3.599890 ,  -61.661540 ,2023-12-20 18:02:00,Brasil,RORAIMA,AMAJARI,Amazônia
 1664774658 ,82db4ba8-d910-394d-ab4d-5b6515811c93,    3.598600 ,  -61.670430 ,2023-12-20 18:02:00,Brasil,RORAIMA,AMAJARI,Amazônia
 1664774659 ,79baefdb-0383-3ae4-ab31-bc097bdeba2c,    3.564440 ,  -60.063390 ,2023-12-20 18:02:00,Brasil,RORAIMA,NORMANDIA,Amazônia
 1664774660 ,0ccfb525-7e6a-30da-af98-7e4f725ccebd,    3.423090 ,  -61.102440 ,2023-12-20 18:02:00,Brasil,RORAIMA,ALTO ALEGRE,Amazônia
 1664774661 ,4e60ff2b-bdaf-3bd3-b492-5404e495f0b0,    3.346070 ,  -59.850400 ,2023-12-20 18:02:00,Brasil,RORAIMA,BONFIM,Amazônia
 1664774662 ,afb12803-9bb4-35e7-9014-f31c3833fe12,    3.293100 ,  -60.664400 ,2023-12-20 18:02:00,Brasil,RORAIMA,BOA VISTA,Amazônia
 1664774663 ,ade345f5-2d01-3be3-81d3-4b0f740ee873,    2.910550 ,  -61.204070 ,2023-12-20 18:02:00,Brasil,RORAIMA,ALTO ALEGRE,Amazônia
 1664774664 ,8802a007-72df-38e8-96ea-361f0e8864ab,    2.817790 ,  -61.211980 ,2023-12-20 18:02:00,Brasil,RORAIMA,ALTO ALEGRE,Amazônia
 1664774665 ,083a5f11-38f4-3ea1-84c7-7186419a2bf0,    2.212210 ,  -59.849630 ,2023-12-20 18:02:00,Brasil,RORAIMA,BONFIM,Amazônia
 1664774666 ,af8ebca9-115c-3ba2-922d-bd4597d260d8,    2.179010 ,  -60.781180 ,2023-12-20 18:02:00,Brasil,RORAIMA,CANTÁ,Amazônia
 1664774667 ,18cbd726-dff0-3b7a-a738-43997cd70777,    2.177730 ,  -60.790010 ,2023-12-20 18:02:00,Brasil,RORAIMA,CANTÁ,Amazônia
 1664774668 ,6927f175-688e-3c61-8746-c14cb5f8254e,    2.172260 ,  -59.871690 ,2023-12-20 18:02:00,Brasil,RORAIMA,BONFIM,Amazônia
 1664774669 ,dfbf91b7-8d73-3042-bb70-ae6be989f8bc,    2.170950 ,  -59.880790 ,2023-12-20 18:02:00,Brasil,RORAIMA,BONFIM,Amazônia
 1664774670 ,8d85f343-3146-32ef-a9cd-df62693b9fc6,    1.984090 ,  -61.424120 ,2023-12-20 18:02:00,Brasil,RORAIMA,CARACARAÍ,Amazônia
 1664974786 ,6e06555f-f90b-3991-b7ff-34266c12cec2,    4.672470 ,  -60.590460 ,2023-12-22 17:47:00,Brasil,RORAIMA,UIRAMUTÃ,Amazônia
 1665196113 ,cb4d2395-4790-3867-803a-b0770700a85d,    4.372710 ,  -60.668550 ,2023-12-24 17:32:00,Brasil,RORAIMA,PACARAIMA,Amazônia
 1665196114 ,c496389d-7537-3ce8-a25d-a19a9d7e3bd7,    3.587120 ,  -61.261290 ,2023-12-24 17:30:00,Brasil,RORAIMA,AMAJARI,Amazônia
 1665297630 ,c50a73a9-1322-34ce-b13c-dbc41ff9957a,    3.389910 ,  -60.758490 ,2023-12-25 18:13:00,Brasil,RORAIMA,BOA VISTA,Amazônia
 1665297631 ,11dade77-a86b-3c42-b4eb-678ce9c97d8c,    3.388360 ,  -60.769620 ,2023-12-25 18:13:00,Brasil,RORAIMA,BOA VISTA,Amazônia
 1665517161 ,837612e9-115e-320e-ab46-589bc2c0e8d4,    4.414570 ,  -60.126910 ,2023-12-27 17:58:00,Brasil,RORAIMA,UIRAMUTÃ,Amazônia
 1665517162 ,ba3c369d-f00a-370e-b670-6bb6a728568a,    4.409270 ,  -60.676350 ,2023-12-27 17:58:00,Brasil,RORAIMA,PACARAIMA,Amazônia
 1665517163 ,ff7f1156-356f-374d-8e5a-2105c9e50e5c,    4.231070 ,  -59.738810 ,2023-12-27 17:58:00,Brasil,RORAIMA,UIRAMUTÃ,Amazônia
 1665517164 ,146d872c-6d1a-3f83-b733-eddc3bdb70ac,    4.211470 ,  -60.193410 ,2023-12-27 17:58:00,Brasil,RORAIMA,UIRAMUTÃ,Amazônia
 1665517165 ,130fb26a-0314-303e-b297-0eeb5a36b962,    4.190230 ,  -59.895630 ,2023-12-27 17:58:00,Brasil,RORAIMA,NORMANDIA,Amazônia
 1665517166 ,48d26545-9266-357c-a9bf-fd33d2597189,    4.167270 ,  -61.447310 ,2023-12-27 17:58:00,Brasil,RORAIMA,AMAJARI,Amazônia
 1665517167 ,f92bddb5-f040-3d8d-b1ff-02c1c6b956f4,    3.888580 ,  -59.814660 ,2023-12-27 17:58:00,Brasil,RORAIMA,NORMANDIA,Amazônia
 1665517168 ,d0af4ac4-bd90-3462-b763-d5666678f392,    3.879700 ,  -59.813360 ,2023-12-27 17:58:00,Brasil,RORAIMA,NORMANDIA,Amazônia
 1665517169 ,802fd4e1-a88e-3cda-8ac6-d647f9370a4f,    3.822140 ,  -60.079020 ,2023-12-27 17:58:00,Brasil,RORAIMA,NORMANDIA,Amazônia
 1665517170 ,ff238d35-7963-3120-8957-86d0a6e973a8,    3.770270 ,  -59.999210 ,2023-12-27 17:58:00,Brasil,RORAIMA,NORMANDIA,Amazônia
 1665517171 ,458acd39-1c99-3e86-bed0-20ffe0778db9,    3.759290 ,  -59.747380 ,2023-12-27 17:58:00,Brasil,RORAIMA,NORMANDIA,Amazônia
 1665517172 ,c555ac31-7f57-3d49-834f-d983a16702b5,    3.512320 ,  -60.304540 ,2023-12-27 17:58:00,Brasil,RORAIMA,NORMANDIA,Amazônia
 1665517173 ,e98cedfe-6f4e-3a3b-a709-fad0de152863,    3.511040 ,  -60.313420 ,2023-12-27 17:58:00,Brasil,RORAIMA,NORMANDIA,Amazônia
 1665517174 ,33aeb51b-ead0-351d-87f7-cc1b80d0bc59,    3.463160 ,  -60.643760 ,2023-12-27 17:58:00,Brasil,RORAIMA,AMAJARI,Amazônia
 1665517175 ,4fb21379-6773-3edd-aafb-28d3d380aefe,    3.371790 ,  -60.768360 ,2023-12-27 17:58:00,Brasil,RORAIMA,BOA VISTA,Amazônia
 1665517176 ,7305b1b2-800a-326b-bda7-0e45fd491098,    2.913490 ,  -61.196040 ,2023-12-27 17:58:00,Brasil,RORAIMA,ALTO ALEGRE,Amazônia
 1665517177 ,11d147a9-8865-3320-91ed-05f97fbed2c5,    2.660010 ,  -60.088790 ,2023-12-27 17:58:00,Brasil,RORAIMA,BONFIM,Amazônia
 1665517178 ,42d6c857-2b8d-3f3a-bf6f-fde3bbfc248d,    2.658720 ,  -60.097660 ,2023-12-27 17:58:00,Brasil,RORAIMA,BONFIM,Amazônia
 1665517179 ,87ba4a07-c20c-3975-8beb-88e387232519,    2.610870 ,  -60.740970 ,2023-12-27 17:58:00,Brasil,RORAIMA,CANTÁ,Amazônia
 1665640241 ,dcb12163-12f5-39a3-b38c-40d009689170,    1.800570 ,  -61.157030 ,2023-12-28 18:36:00,Brasil,RORAIMA,CARACARAÍ,Amazônia
 1665772536 ,6c89f9dc-b885-38dd-9da5-fbd70169182e,    4.789800 ,  -60.539990 ,2023-12-29 17:43:00,Brasil,RORAIMA,UIRAMUTÃ,Amazônia
 1665772537 ,955748e9-cb72-34e8-a84f-832126f7d829,    4.787660 ,  -60.553720 ,2023-12-29 17:43:00,Brasil,RORAIMA,UIRAMUTÃ,Amazônia
 1665772538 ,cb1532d0-1b89-3290-b0e8-1125fcc6eb6c,    4.784730 ,  -60.546270 ,2023-12-29 17:43:00,Brasil,RORAIMA,UIRAMUTÃ,Amazônia
 1665772539 ,e8dcc543-6055-3454-8503-aa07cc469690,    4.667540 ,  -60.071080 ,2023-12-29 17:43:00,Brasil,RORAIMA,UIRAMUTÃ,Amazônia
 1665772540 ,617598d8-b60a-381b-921f-8ae30125b604,    4.618760 ,  -60.134650 ,2023-12-29 17:43:00,Brasil,RORAIMA,UIRAMUTÃ,Amazônia
 1665772541 ,21de0254-c7f7-3a28-a33d-d0d5f1c8447f,    4.132520 ,  -60.164180 ,2023-12-29 17:43:00,Brasil,RORAIMA,NORMANDIA,Amazônia
 1665772542 ,78302cdd-b5b6-3572-86dd-a9e1741419a4,    4.036160 ,  -59.725200 ,2023-12-29 17:43:00,Brasil,RORAIMA,NORMANDIA,Amazônia
 1665772543 ,03ad30fb-26a8-3a15-a774-980387f8e4ed,    3.781940 ,  -60.263290 ,2023-12-29 17:43:00,Brasil,RORAIMA,NORMANDIA,Amazônia
 1665772544 ,0140fbf8-083f-37d8-9211-a5341a2488b8,    2.966750 ,  -61.160580 ,2023-12-29 17:43:00,Brasil,RORAIMA,ALTO ALEGRE,Amazônia
 1665772545 ,488c29a6-673f-3372-a03b-4c81c9a81788,    2.638740 ,  -61.136310 ,2023-12-29 17:43:00,Brasil,RORAIMA,MUCAJAÍ,Amazônia
 1665772546 ,5e5f7a64-374e-37f7-ab80-419952cd5765,    2.636290 ,  -61.152630 ,2023-12-29 17:43:00,Brasil,RORAIMA,MUCAJAÍ,Amazônia
 1665772547 ,b3988a00-0821-30f8-8c2d-f9ed3f68953b,    1.799490 ,  -60.367010 ,2023-12-29 17:41:00,Brasil,RORAIMA,CANTÁ,Amazônia
 1665772548 ,664f4795-c075-3d57-af67-6e534dd604e8,     .884760 ,  -59.501350 ,2023-12-29 17:41:00,Brasil,RORAIMA,CAROEBE,Amazônia
 1665772549 ,4c8875aa-9e77-3a2f-90d8-d96fd84fe794,     .880540 ,  -59.494010 ,2023-12-29 17:41:00,Brasil,RORAIMA,CAROEBE,Amazônia
 1665772550 ,e173982d-4539-3d92-a15a-258a22a3297c,     .878640 ,  -59.507190 ,2023-12-29 17:41:00,Brasil,RORAIMA,CAROEBE,Amazônia
 1666020233 ,c713d703-238b-333f-9b7a-e86f693c8ffa,    3.591160 ,  -61.268690 ,2023-12-31 17:26:00,Brasil,RORAIMA,AMAJARI,Amazônia
 1666020234 ,f0e325e4-2d99-37c0-8fc1-e902e46d38b1,    1.088490 ,  -59.513100 ,2023-12-31 17:24:00,Brasil,RORAIMA,CAROEBE,Amazônia
 1666020235 ,84ef3d55-d4f1-33ba-a31f-cac4a62a84d7,    1.086960 ,  -59.505630 ,2023-12-31 17:24:00,Brasil,RORAIMA,CAROEBE,Amazônia
 1666020236 ,8aa4bf34-0fb4-318f-aa83-bf1197010ede,    1.083010 ,  -59.532120 ,2023-12-31 17:24:00,Brasil,RORAIMA,CAROEBE,Amazônia
