id_bdq,foco_id,lat,lon,data_pas,pais,estado,municipio,bioma
 1615033257 ,4b40f1a2-29f0-38c9-82a0-392aaaee3af6,  -27.886980 ,  -51.062580 ,2023-01-02 17:09:00,Brasil,RIO GRANDE DO SUL,ESMERALDA,Mata Atlântica
 1615095908 ,fd6037fd-6daa-35f4-83fb-5ce7acdc833f,  -31.747090 ,  -52.957970 ,2023-01-03 17:49:00,Brasil,RIO GRANDE DO SUL,PIRATINI,Pampa
 1615095909 ,ece40ad0-b66b-3e41-977a-6b20e58ba998,  -31.744800 ,  -52.944980 ,2023-01-03 17:49:00,Brasil,RIO GRANDE DO SUL,PIRATINI,Pampa
 1615095910 ,d58fbea5-1216-3f87-b7cc-088d02c67ef5,  -31.920180 ,  -53.179800 ,2023-01-03 17:49:00,Brasil,RIO GRANDE DO SUL,HERVAL,Pampa
 1615383329 ,7c5b51df-6f4f-3511-8a68-3405698bf666,  -30.918060 ,  -52.723290 ,2023-01-05 17:36:00,Brasil,RIO GRANDE DO SUL,CANGUÇU,Pampa
 1615383330 ,aded9ea7-0b2f-3d7f-8099-c89bf1ca2da3,  -31.157090 ,  -53.401500 ,2023-01-05 17:36:00,Brasil,RIO GRANDE DO SUL,PINHEIRO MACHADO,Pampa
 1615383331 ,5da617c8-db74-3c2e-a25e-3acc244f33ad,  -31.358950 ,  -51.164690 ,2023-01-05 17:36:00,Brasil,RIO GRANDE DO SUL,TAVARES,Pampa
 1615383332 ,7c2fc87a-c718-3e19-b1a4-08b72cb31c52,  -31.259910 ,  -53.871020 ,2023-01-05 17:36:00,Brasil,RIO GRANDE DO SUL,HULHA NEGRA,Pampa
 1615383333 ,22114040-8cb2-39e9-9d4a-2ea963b70934,  -31.794440 ,  -52.424830 ,2023-01-05 17:36:00,Brasil,RIO GRANDE DO SUL,CAPÃO DO LEÃO,Pampa
 1615618812 ,08179776-4ac8-32c0-bc60-c1a967c77e72,  -29.014360 ,  -52.283810 ,2023-01-07 17:24:00,Brasil,RIO GRANDE DO SUL,FONTOURA XAVIER,Mata Atlântica
 1615618813 ,ee0d2ae1-de5f-34d0-830c-7f96743647e8,  -29.471220 ,  -51.637160 ,2023-01-07 17:24:00,Brasil,RIO GRANDE DO SUL,POÇO DAS ANTAS,Mata Atlântica
 1615618814 ,ab30892c-689a-3874-9e6e-487b62c53fcf,  -29.495100 ,  -51.085620 ,2023-01-07 17:24:00,Brasil,RIO GRANDE DO SUL,MORRO REUTER,Mata Atlântica
 1615618815 ,e981e91c-0a37-347f-a2e2-1b4a662750ec,  -30.004590 ,  -50.592320 ,2023-01-07 17:24:00,Brasil,RIO GRANDE DO SUL,SANTO ANTÔNIO DA PATRULHA,Pampa
 1615618818 ,dc053c29-ee0f-335b-a956-8fdb4b83f8b3,  -30.109720 ,  -51.610850 ,2023-01-07 17:24:00,Brasil,RIO GRANDE DO SUL,ELDORADO DO SUL,Pampa
 1615853298 ,ac37c6a5-f360-3426-9f7e-9423dd9c12d3,  -28.919260 ,  -50.062070 ,2023-01-09 17:11:00,Brasil,RIO GRANDE DO SUL,CAMBARÁ DO SUL,Mata Atlântica
 1615853299 ,a3d5c442-a6ea-3511-bd80-5867bcfbd1e4,  -28.794300 ,  -50.863850 ,2023-01-09 17:11:00,Brasil,RIO GRANDE DO SUL,MONTE ALEGRE DOS CAMPOS,Mata Atlântica
 1615853300 ,c9de76eb-df16-3ac7-a045-8da7be6d87c7,  -28.928910 ,  -50.060520 ,2023-01-09 17:11:00,Brasil,RIO GRANDE DO SUL,CAMBARÁ DO SUL,Mata Atlântica
 1615853301 ,bbf48784-b5bc-380d-8f55-891a19160456,  -29.483980 ,  -51.026160 ,2023-01-09 17:11:00,Brasil,RIO GRANDE DO SUL,SANTA MARIA DO HERVAL,Mata Atlântica
 1615853302 ,15313a34-825f-32dd-b0a2-ee5b2688aaa2,  -29.485650 ,  -51.040300 ,2023-01-09 17:11:00,Brasil,RIO GRANDE DO SUL,SANTA MARIA DO HERVAL,Mata Atlântica
 1615853303 ,a95233d4-dce2-361c-9183-0f09b8132ca3,  -29.673030 ,  -51.888120 ,2023-01-09 17:11:00,Brasil,RIO GRANDE DO SUL,TAQUARI,Mata Atlântica
 1615853304 ,df01a578-2bc2-36f6-9878-0aa5b900c8d5,  -29.674700 ,  -51.903270 ,2023-01-09 17:11:00,Brasil,RIO GRANDE DO SUL,TAQUARI,Mata Atlântica
 1615853305 ,940d7fbd-19e6-35f8-a2ff-48181b7cbc27,  -29.779560 ,  -52.675320 ,2023-01-09 17:11:00,Brasil,RIO GRANDE DO SUL,CANDELÁRIA,Mata Atlântica
 1615853310 ,ad1f7ac1-d872-3783-b84e-b05d8b06c161,  -29.781280 ,  -52.692510 ,2023-01-09 17:11:00,Brasil,RIO GRANDE DO SUL,CANDELÁRIA,Mata Atlântica
 1615853317 ,6935b7b3-e0fb-3dbb-b996-3531927e3003,  -29.781970 ,  -52.681680 ,2023-01-09 17:11:00,Brasil,RIO GRANDE DO SUL,CANDELÁRIA,Mata Atlântica
 1615853319 ,7a79d387-d7b7-3821-850d-2eacbb0672a5,  -30.076460 ,  -54.952480 ,2023-01-09 17:11:00,Brasil,RIO GRANDE DO SUL,CACEQUI,Pampa
 1615978156 ,4263d797-955f-343e-a8b2-6f4f2c9a9ddc,  -31.594160 ,  -53.635800 ,2023-01-10 17:53:00,Brasil,RIO GRANDE DO SUL,CANDIOTA,Pampa
 1615978157 ,78708185-d9c3-3d77-8501-3da32f76ece5,  -31.584170 ,  -53.638210 ,2023-01-10 17:53:00,Brasil,RIO GRANDE DO SUL,CANDIOTA,Pampa
 1616089582 ,5535f4ed-3c68-3356-ba7b-629e8a92b885,  -30.111160 ,  -54.953980 ,2023-01-11 16:56:00,Brasil,RIO GRANDE DO SUL,ROSÁRIO DO SUL,Pampa
 1616194410 ,c4874d76-ce24-3105-a476-fe5814c86df0,  -29.946560 ,  -51.088930 ,2023-01-12 17:38:00,Brasil,RIO GRANDE DO SUL,CACHOEIRINHA,Pampa
 1616194412 ,ef5f6c54-ea3a-3965-b40d-982799c62409,  -31.376490 ,  -53.367530 ,2023-01-12 17:38:00,Brasil,RIO GRANDE DO SUL,PIRATINI,Pampa
 1616625384 ,d4288a75-12c4-3015-aadd-1570aee8416e,  -30.637720 ,  -52.753220 ,2023-01-16 17:13:00,Brasil,RIO GRANDE DO SUL,ENCRUZILHADA DO SUL,Pampa
 1616625385 ,d717d3f1-f537-3bc1-9685-2c5d7a245bfa,  -31.654690 ,  -53.033470 ,2023-01-16 17:13:00,Brasil,RIO GRANDE DO SUL,PIRATINI,Pampa
 1616988326 ,7913c0c5-7919-383a-93f3-2ea98dbbe5dc,  -29.170570 ,  -53.762000 ,2023-01-19 17:45:00,Brasil,RIO GRANDE DO SUL,JÚLIO DE CASTILHOS,Pampa
 1616988358 ,125b93bb-cf58-358e-ada2-e67c51b7f080,  -30.115210 ,  -54.954510 ,2023-01-19 17:45:00,Brasil,RIO GRANDE DO SUL,ROSÁRIO DO SUL,Pampa
 1616988389 ,7558c598-cc3f-3f51-b8ac-ca39bb080e60,  -30.116710 ,  -54.964860 ,2023-01-19 17:45:00,Brasil,RIO GRANDE DO SUL,ROSÁRIO DO SUL,Pampa
 1616988421 ,528af349-44a5-3906-917b-d3c2069290c3,  -30.124190 ,  -54.952760 ,2023-01-19 17:45:00,Brasil,RIO GRANDE DO SUL,ROSÁRIO DO SUL,Pampa
 1616988477 ,c8d21c33-10a9-3fc2-a3e5-b481e11b8daf,  -30.125690 ,  -54.963100 ,2023-01-19 17:45:00,Brasil,RIO GRANDE DO SUL,ROSÁRIO DO SUL,Pampa
 1617099624 ,8ea49372-f066-3640-9334-515094a8404b,  -30.107760 ,  -50.200120 ,2023-01-20 16:47:00,Brasil,RIO GRANDE DO SUL,CIDREIRA,Pampa
 1617355580 ,d4661d8c-622b-30e1-9a69-dbc592b100df,  -27.717030 ,  -53.704270 ,2023-01-23 17:17:00,Brasil,RIO GRANDE DO SUL,CORONEL BICACO,Mata Atlântica
 1617561869 ,c9497f51-1572-396f-9a50-f28091d6bb55,  -29.520930 ,  -50.408570 ,2023-01-25 17:04:00,Brasil,RIO GRANDE DO SUL,RIOZINHO,Mata Atlântica
 1617561870 ,484c33bd-56e7-3735-a094-5ca5356168e5,  -29.522800 ,  -50.425880 ,2023-01-25 17:04:00,Brasil,RIO GRANDE DO SUL,SÃO FRANCISCO DE PAULA,Mata Atlântica
 1617561871 ,3a6ec6ff-e86c-35ce-9cd8-1e0ff887a17d,  -29.795540 ,  -51.419110 ,2023-01-25 17:04:00,Brasil,RIO GRANDE DO SUL,MONTENEGRO,Pampa
 1617410722 ,f71f7dce-3be9-371f-ac07-1234126ae8f8,  -30.794550 ,  -55.428520 ,2023-01-24 18:00:00,Brasil,RIO GRANDE DO SUL,SANT'ANA DO LIVRAMENTO,Pampa
 1617410724 ,ccda1745-fe7e-3096-a79d-3175d77270c3,  -30.796740 ,  -55.441340 ,2023-01-24 18:00:00,Brasil,RIO GRANDE DO SUL,SANT'ANA DO LIVRAMENTO,Pampa
 1617410726 ,7393aa53-fda9-3003-aef5-cb3cc3c3657e,  -31.146340 ,  -53.138760 ,2023-01-24 18:00:00,Brasil,RIO GRANDE DO SUL,PIRATINI,Pampa
 1617410727 ,9542b3b4-965e-3b34-a82c-9dea6ed4602a,  -31.382270 ,  -53.847640 ,2023-01-24 18:00:00,Brasil,RIO GRANDE DO SUL,HULHA NEGRA,Pampa
 1617410728 ,aaf773e1-babe-3e9b-bc74-9ea2ba59b7f9,  -31.383710 ,  -53.841760 ,2023-01-24 18:00:00,Brasil,RIO GRANDE DO SUL,HULHA NEGRA,Pampa
 1617874328 ,074c0280-eb76-39fe-9d75-80eb741e1614,  -28.505560 ,  -51.379170 ,2023-01-28 17:32:00,Brasil,RIO GRANDE DO SUL,LAGOA VERMELHA,Mata Atlântica
 1617986129 ,18ddfcc5-0b94-3721-b689-db3b2c807cf2,  -29.303330 ,  -54.737980 ,2023-01-29 18:15:00,Brasil,RIO GRANDE DO SUL,SANTIAGO,Mata Atlântica
 1618093277 ,8285f322-0e65-37c1-8bae-1a2f28ec14d9,  -30.608240 ,  -51.539580 ,2023-01-30 17:19:00,Brasil,RIO GRANDE DO SUL,TAPES,Pampa
 1618093285 ,b5495f8a-2b05-3cc8-88a1-e441a9b5f576,  -31.122300 ,  -50.915210 ,2023-01-30 17:19:00,Brasil,RIO GRANDE DO SUL,MOSTARDAS,Pampa
 1618093294 ,97db1964-6082-3062-97c9-2abdd84b6639,  -31.217330 ,  -53.640440 ,2023-01-30 17:19:00,Brasil,RIO GRANDE DO SUL,BAGÉ,Pampa
 1618093302 ,07c8788a-f924-3e0c-9223-33123e8e0e05,  -31.219020 ,  -53.656140 ,2023-01-30 17:19:00,Brasil,RIO GRANDE DO SUL,BAGÉ,Pampa
 1618093311 ,4f29e079-5c82-3a2c-9d66-9ff35d7ed90c,  -31.230040 ,  -53.654650 ,2023-01-30 17:19:00,Brasil,RIO GRANDE DO SUL,BAGÉ,Pampa
 1618213142 ,2de80ffc-e5c5-3990-9586-9cde6b14a539,  -31.229240 ,  -53.660830 ,2023-01-31 18:02:00,Brasil,RIO GRANDE DO SUL,BAGÉ,Pampa
 1618213389 ,8bc9318f-47fd-3b74-bc1b-b835933e45ca,  -31.225980 ,  -53.656320 ,2023-01-31 18:02:00,Brasil,RIO GRANDE DO SUL,BAGÉ,Pampa
 1618213402 ,b34d53c3-153c-3cb6-9ba3-9e1bdca1828d,  -31.225970 ,  -53.643380 ,2023-01-31 18:02:00,Brasil,RIO GRANDE DO SUL,BAGÉ,Pampa
 1618213416 ,32097f1b-83d7-3961-981b-103692911623,  -30.140580 ,  -57.375890 ,2023-01-31 18:02:00,Brasil,RIO GRANDE DO SUL,BARRA DO QUARAÍ,Pampa
 1618213425 ,df0ebd3f-38b6-38f7-8488-445e18b9f2a8,  -30.138720 ,  -57.364520 ,2023-01-31 18:02:00,Brasil,RIO GRANDE DO SUL,BARRA DO QUARAÍ,Pampa
 1618213439 ,925fe0f1-42cc-3f77-8cd3-24e857d2881b,  -29.712800 ,  -56.904690 ,2023-01-31 18:02:00,Brasil,RIO GRANDE DO SUL,URUGUAIANA,Pampa
 1618213453 ,3bcf2a9a-52e5-385a-82a4-27289c10aed3,  -29.703200 ,  -56.906860 ,2023-01-31 18:02:00,Brasil,RIO GRANDE DO SUL,URUGUAIANA,Pampa
 1618213957 ,d3b74265-2852-36e0-bf5a-c1056729f5d9,  -29.701190 ,  -56.894890 ,2023-01-31 18:02:00,Brasil,RIO GRANDE DO SUL,URUGUAIANA,Pampa
 1618329169 ,0dddeacf-7a21-3473-919c-9cbf190d8f0f,  -30.105060 ,  -51.590470 ,2023-02-01 17:06:00,Brasil,RIO GRANDE DO SUL,ELDORADO DO SUL,Pampa
 1618433419 ,376ff39e-5d0d-39c6-97d4-cf2202ae1628,  -30.912460 ,  -52.793400 ,2023-02-02 17:49:00,Brasil,RIO GRANDE DO SUL,CANGUÇU,Pampa
 1618980929 ,ea05575e-92ce-3467-95a5-9a6e27ca806b,  -28.398440 ,  -51.640800 ,2023-02-06 17:21:00,Brasil,RIO GRANDE DO SUL,IBIRAIARAS,Mata Atlântica
 1618980931 ,6e256c8b-edb2-3628-8ae4-7632242d4b16,  -28.935950 ,  -51.545550 ,2023-02-06 17:21:00,Brasil,RIO GRANDE DO SUL,VERANÓPOLIS,Mata Atlântica
 1619280227 ,1e236676-decd-3bb7-9340-e3c31f0c3e8d,  -28.824600 ,  -50.821830 ,2023-02-08 17:09:00,Brasil,RIO GRANDE DO SUL,SÃO FRANCISCO DE PAULA,Mata Atlântica
 1619280235 ,aa6d13e4-6956-3df9-a284-06138d79e97f,  -29.444630 ,  -54.059060 ,2023-02-08 17:09:00,Brasil,RIO GRANDE DO SUL,SÃO MARTINHO DA SERRA,Mata Atlântica
 1619280243 ,90c068ff-d459-3835-8643-bf66c5931f66,  -29.568600 ,  -51.047440 ,2023-02-08 17:09:00,Brasil,RIO GRANDE DO SUL,SAPIRANGA,Mata Atlântica
 1619280252 ,5448bc92-de6f-348f-a0ff-c1052788b722,  -29.570860 ,  -51.040500 ,2023-02-08 17:09:00,Brasil,RIO GRANDE DO SUL,SAPIRANGA,Mata Atlântica
 1619280259 ,a5381fa5-11e1-37b9-94f3-a176df5cd3ac,  -30.164990 ,  -52.073980 ,2023-02-08 17:09:00,Brasil,RIO GRANDE DO SUL,MINAS DO LEÃO,Pampa
 1619280267 ,52197f03-0fbd-33ea-bff2-608a3feea02d,  -32.134360 ,  -52.119880 ,2023-02-08 17:06:00,Brasil,RIO GRANDE DO SUL,RIO GRANDE,Pampa
 1619280279 ,eda82a0d-d3fb-342b-a3ac-44d334a43f7d,  -32.137580 ,  -52.114620 ,2023-02-08 17:06:00,Brasil,RIO GRANDE DO SUL,RIO GRANDE,Pampa
 1619408297 ,11ccd335-56ae-3a4b-8339-67417a188e63,  -31.757230 ,  -53.887650 ,2023-02-09 17:49:00,Brasil,RIO GRANDE DO SUL,CANDIOTA,Pampa
 1619408299 ,4d8aae57-74b8-34bb-8bcb-d8d288a2e33e,  -31.764750 ,  -53.873770 ,2023-02-09 17:49:00,Brasil,RIO GRANDE DO SUL,CANDIOTA,Pampa
 1619408300 ,43a047b3-28df-36c2-83bd-d9edc81df7a2,  -31.768590 ,  -53.897210 ,2023-02-09 17:49:00,Brasil,RIO GRANDE DO SUL,CANDIOTA,Pampa
 1619408303 ,6377b3c2-662b-314a-8d5f-bb6db77b5b77,  -31.770490 ,  -53.908850 ,2023-02-09 17:49:00,Brasil,RIO GRANDE DO SUL,CANDIOTA,Pampa
 1619408305 ,a1a417bf-40e4-33f6-9758-65f17c599aa6,  -31.778020 ,  -53.895070 ,2023-02-09 17:49:00,Brasil,RIO GRANDE DO SUL,CANDIOTA,Pampa
 1619527306 ,5a487108-bfc1-376d-bf7b-30e40ae8ed13,  -29.231050 ,  -51.337690 ,2023-02-10 16:54:00,Brasil,RIO GRANDE DO SUL,FARROUPILHA,Mata Atlântica
 1619529618 ,ee5593d0-145e-3f35-97dd-435d0887cea4,  -32.347660 ,  -52.334120 ,2023-02-10 16:54:00,Brasil,RIO GRANDE DO SUL,RIO GRANDE,Pampa
 1619673167 ,3fe74e4e-40fc-384f-9a34-833b1b02eece,  -28.898120 ,  -50.149490 ,2023-02-11 17:36:00,Brasil,RIO GRANDE DO SUL,CAMBARÁ DO SUL,Mata Atlântica
 1619673169 ,8b6a9230-d5d9-324c-ba64-c12de39b3d9d,  -29.452890 ,  -54.045730 ,2023-02-11 17:36:00,Brasil,RIO GRANDE DO SUL,SÃO MARTINHO DA SERRA,Pampa
 1619673170 ,d726e32e-be29-30b5-943c-9f6e38f89acd,  -29.518590 ,  -54.449230 ,2023-02-11 17:36:00,Brasil,RIO GRANDE DO SUL,MATA,Mata Atlântica
 1619673173 ,45108005-d14c-3a6d-aa33-2e1517c84708,  -29.693610 ,  -51.946230 ,2023-02-11 17:36:00,Brasil,RIO GRANDE DO SUL,BOM RETIRO DO SUL,Mata Atlântica
 1619673174 ,ea79b234-6e4e-39bb-96ac-72d779676bd1,  -30.274130 ,  -50.894390 ,2023-02-11 17:36:00,Brasil,RIO GRANDE DO SUL,VIAMÃO,Pampa
 1619673176 ,233d0e64-a921-3101-8bb4-2b7b64ba57a6,  -30.582200 ,  -52.388110 ,2023-02-11 17:36:00,Brasil,RIO GRANDE DO SUL,DOM FELICIANO,Pampa
 1619673177 ,cb3b29ea-485c-3642-bbff-968be0d8a515,  -30.796280 ,  -52.227460 ,2023-02-11 17:36:00,Brasil,RIO GRANDE DO SUL,AMARAL FERRADOR,Pampa
 1619673181 ,676c1333-2631-3a78-86a5-88519e45b2ee,  -30.826910 ,  -53.430210 ,2023-02-11 17:36:00,Brasil,RIO GRANDE DO SUL,CAÇAPAVA DO SUL,Pampa
 1619673184 ,ef67d7bd-2686-3577-a068-e5cc27e78637,  -30.865080 ,  -53.373180 ,2023-02-11 17:36:00,Brasil,RIO GRANDE DO SUL,SANTANA DA BOA VISTA,Pampa
 1619673186 ,dc535088-3e2a-3d31-afa4-fe8e342c168d,  -30.866580 ,  -53.383620 ,2023-02-11 17:36:00,Brasil,RIO GRANDE DO SUL,SANTANA DA BOA VISTA,Pampa
 1619673187 ,2e4d7748-f26a-34c4-8a3f-44213660b233,  -31.543930 ,  -52.660940 ,2023-02-11 17:36:00,Brasil,RIO GRANDE DO SUL,CANGUÇU,Pampa
 1619814562 ,4d5a1e33-0f4d-3c45-957c-ed209132c7bc,  -30.570460 ,  -54.395290 ,2023-02-12 18:19:00,Brasil,RIO GRANDE DO SUL,SÃO GABRIEL,Pampa
 1619814649 ,e81572f3-9937-3796-b0c3-95fdf3462b65,  -31.080760 ,  -53.893080 ,2023-02-12 18:19:00,Brasil,RIO GRANDE DO SUL,BAGÉ,Pampa
 1619807992 ,f8e20a51-2205-38cf-b9d4-0bd6a134e85f,  -29.675060 ,  -49.985950 ,2023-02-12 16:41:00,Brasil,RIO GRANDE DO SUL,CAPÃO DA CANOA,Pampa
 1619985391 ,6b20509f-da48-3104-89d5-fd52a26697e4,  -27.788900 ,  -51.444040 ,2023-02-13 17:24:00,Brasil,RIO GRANDE DO SUL,BARRACÃO,Mata Atlântica
 1619985394 ,ced3aaf2-d369-3faf-8bd1-82e89fdf5302,  -28.434190 ,  -50.545870 ,2023-02-13 17:24:00,Brasil,RIO GRANDE DO SUL,BOM JESUS,Mata Atlântica
 1619985399 ,cbb63308-821a-3c3b-99ef-377858d20e21,  -28.734200 ,  -50.140730 ,2023-02-13 17:24:00,Brasil,RIO GRANDE DO SUL,SÃO JOSÉ DOS AUSENTES,Mata Atlântica
 1619985405 ,23a9fb24-2f0f-3dca-94ae-3e2cef7ae902,  -28.782500 ,  -50.987000 ,2023-02-13 17:24:00,Brasil,RIO GRANDE DO SUL,CAMPESTRE DA SERRA,Mata Atlântica
 1619985409 ,ffc4486d-11b3-3ac1-b846-a90e98feec4a,  -28.915490 ,  -51.286530 ,2023-02-13 17:24:00,Brasil,RIO GRANDE DO SUL,ANTÔNIO PRADO,Mata Atlântica
 1619985412 ,930c262d-0e2a-37c7-abd2-dd4d923d70d1,  -29.273020 ,  -50.368740 ,2023-02-13 17:24:00,Brasil,RIO GRANDE DO SUL,SÃO FRANCISCO DE PAULA,Mata Atlântica
 1619985416 ,515433ce-bb0b-31ac-accc-11a7fa847e36,  -29.274490 ,  -50.378990 ,2023-02-13 17:24:00,Brasil,RIO GRANDE DO SUL,SÃO FRANCISCO DE PAULA,Mata Atlântica
 1619985420 ,dd478e9f-06e0-3013-9aed-dcbedbee7e93,  -29.647340 ,  -49.966320 ,2023-02-13 17:24:00,Brasil,RIO GRANDE DO SUL,CAPÃO DA CANOA,Pampa
 1619985424 ,2f467200-9848-3cb9-af70-ea6c50cefaf4,  -29.648840 ,  -49.976620 ,2023-02-13 17:24:00,Brasil,RIO GRANDE DO SUL,CAPÃO DA CANOA,Pampa
 1619985427 ,2e2c1410-a6e7-3f55-ba31-a8352828f751,  -29.656330 ,  -49.964580 ,2023-02-13 17:24:00,Brasil,RIO GRANDE DO SUL,CAPÃO DA CANOA,Pampa
 1619985431 ,1bc724e5-7f7e-3432-b5b0-cb4bfb295da1,  -29.657840 ,  -49.974880 ,2023-02-13 17:24:00,Brasil,RIO GRANDE DO SUL,CAPÃO DA CANOA,Pampa
 1619985436 ,3b7a264e-dde9-3805-980e-240068d4c361,  -29.740800 ,  -56.779620 ,2023-02-13 17:24:00,Brasil,RIO GRANDE DO SUL,URUGUAIANA,Pampa
 1619985440 ,75e9732d-6ae0-3bb6-9ac6-87e1da988d04,  -29.753220 ,  -56.778030 ,2023-02-13 17:24:00,Brasil,RIO GRANDE DO SUL,URUGUAIANA,Pampa
 1619985443 ,d41a64d6-b271-3662-879f-8aa0f555b027,  -29.813950 ,  -51.962930 ,2023-02-13 17:24:00,Brasil,RIO GRANDE DO SUL,GENERAL CÂMARA,Pampa
 1619985447 ,f5163fa5-cf1d-37a8-9c27-47da7e65bd2d,  -30.348750 ,  -53.057810 ,2023-02-13 17:24:00,Brasil,RIO GRANDE DO SUL,CACHOEIRA DO SUL,Pampa
 1619985451 ,91d37864-a24c-3121-a78b-df8f0ab2116e,  -30.384950 ,  -51.906080 ,2023-02-13 17:24:00,Brasil,RIO GRANDE DO SUL,SÃO JERÔNIMO,Pampa
 1619985455 ,8bc8b383-9d5f-3bab-b2eb-c1a8f2b60c4c,  -30.389240 ,  -51.900000 ,2023-02-13 17:24:00,Brasil,RIO GRANDE DO SUL,SÃO JERÔNIMO,Pampa
 1619985458 ,921121af-84f4-3cfd-bf49-820cb66592fa,  -30.571060 ,  -53.132870 ,2023-02-13 17:24:00,Brasil,RIO GRANDE DO SUL,CACHOEIRA DO SUL,Pampa
 1619985463 ,07abcbf4-4497-38fb-bac0-fc7186871c9e,  -30.580970 ,  -53.131270 ,2023-02-13 17:24:00,Brasil,RIO GRANDE DO SUL,CACHOEIRA DO SUL,Pampa
 1619985468 ,0cd40561-b67d-3190-8f7a-c043e1687194,  -30.581970 ,  -52.811490 ,2023-02-13 17:24:00,Brasil,RIO GRANDE DO SUL,ENCRUZILHADA DO SUL,Pampa
 1619985472 ,f1fe017b-784a-3579-9c92-55a02c7206d6,  -30.949820 ,  -52.326560 ,2023-02-13 17:24:00,Brasil,RIO GRANDE DO SUL,CANGUÇU,Pampa
 1619985475 ,ec35df3d-98d3-3e80-9744-3916d4acd185,  -30.951290 ,  -52.338340 ,2023-02-13 17:24:00,Brasil,RIO GRANDE DO SUL,CANGUÇU,Pampa
 1619985479 ,f8711951-35b3-37ef-838b-39a32e4378c3,  -31.074870 ,  -53.874230 ,2023-02-13 17:24:00,Brasil,RIO GRANDE DO SUL,BAGÉ,Pampa
 1619985483 ,d4c7c810-eae9-3716-8f63-eac07cdb64e2,  -31.076520 ,  -53.888470 ,2023-02-13 17:24:00,Brasil,RIO GRANDE DO SUL,BAGÉ,Pampa
 1619985487 ,60a1b8d7-a9d9-35f6-b308-d8937ba98831,  -31.081010 ,  -53.866490 ,2023-02-13 17:24:00,Brasil,RIO GRANDE DO SUL,BAGÉ,Pampa
 1619985490 ,c636ccb2-dcce-3f17-8b11-0e03dc1edc41,  -31.082580 ,  -53.880780 ,2023-02-13 17:24:00,Brasil,RIO GRANDE DO SUL,BAGÉ,Pampa
 1619985494 ,51a431d8-4201-3ee8-99c7-f8c567a080ae,  -31.085260 ,  -53.872530 ,2023-02-13 17:24:00,Brasil,RIO GRANDE DO SUL,BAGÉ,Pampa
 1619985499 ,b79d06c5-ea40-3ba3-aa7a-fbf18e20169e,  -31.086940 ,  -53.886910 ,2023-02-13 17:24:00,Brasil,RIO GRANDE DO SUL,BAGÉ,Pampa
 1619985503 ,1f42368a-bba5-3b58-a066-0090177875d9,  -31.116920 ,  -52.700500 ,2023-02-13 17:24:00,Brasil,RIO GRANDE DO SUL,CANGUÇU,Pampa
 1619985506 ,7842da3d-e242-3484-8c1f-1f47b5cde901,  -31.260610 ,  -54.188210 ,2023-02-13 17:24:00,Brasil,RIO GRANDE DO SUL,BAGÉ,Pampa
 1619985510 ,a8ad0097-55f4-3ebc-8142-b7497cc680c9,  -31.262280 ,  -54.203220 ,2023-02-13 17:24:00,Brasil,RIO GRANDE DO SUL,BAGÉ,Pampa
 1619985514 ,046608a2-75bd-364f-a3c3-505c7df9dbd3,  -31.485940 ,  -52.382470 ,2023-02-13 17:24:00,Brasil,RIO GRANDE DO SUL,ARROIO DO PADRE,Pampa
 1619985518 ,ddde33a8-ba5f-3e5c-a313-a3414be91841,  -31.841340 ,  -52.894030 ,2023-02-13 17:24:00,Brasil,RIO GRANDE DO SUL,PIRATINI,Pampa
 1619985521 ,5b1ee348-e7da-3c5d-9f5b-b28c8f06373b,  -32.010770 ,  -52.269760 ,2023-02-13 17:24:00,Brasil,RIO GRANDE DO SUL,RIO GRANDE,Pampa
 1620728172 ,bd14b069-49eb-392e-b03b-deff25c4e2b9,  -29.183310 ,  -54.863060 ,2023-02-18 17:38:00,Brasil,RIO GRANDE DO SUL,SANTIAGO,Pampa
 1620728174 ,b36b284c-7863-3057-8400-45801686be6f,  -29.281210 ,  -54.978280 ,2023-02-18 17:38:00,Brasil,RIO GRANDE DO SUL,SÃO FRANCISCO DE ASSIS,Pampa
 1620728175 ,e6c3c6b8-c79a-3f7e-a01e-faf8626bb430,  -31.114640 ,  -52.703540 ,2023-02-18 17:38:00,Brasil,RIO GRANDE DO SUL,CANGUÇU,Pampa
 1620728178 ,351fa631-2a1c-3a8c-9559-53f8365cc923,  -30.894080 ,  -53.266700 ,2023-02-18 17:38:00,Brasil,RIO GRANDE DO SUL,SANTANA DA BOA VISTA,Pampa
 1620728180 ,13cc2ead-c2a1-3ed1-8ced-23e233d3e28c,  -31.655680 ,  -52.392950 ,2023-02-18 17:38:00,Brasil,RIO GRANDE DO SUL,PELOTAS,Pampa
 1620728182 ,c6547f5a-a91a-3ebc-96d2-52467d7dab02,  -31.771790 ,  -52.361370 ,2023-02-18 17:38:00,Brasil,RIO GRANDE DO SUL,PELOTAS,Pampa
 1620728183 ,66849b22-db4e-3d1e-8643-e41acb9fffc5,  -31.773430 ,  -52.372110 ,2023-02-18 17:38:00,Brasil,RIO GRANDE DO SUL,PELOTAS,Pampa
 1620728186 ,fd37c802-fe82-3a08-ab0c-1267b728244c,  -32.133430 ,  -52.315040 ,2023-02-18 17:38:00,Brasil,RIO GRANDE DO SUL,RIO GRANDE,Pampa
 1620728187 ,042e636c-4a7e-39cf-ac14-4568ece95b4c,  -32.135070 ,  -52.325810 ,2023-02-18 17:38:00,Brasil,RIO GRANDE DO SUL,RIO GRANDE,Pampa
 1620728189 ,6ff2bd52-1ae2-3f28-9227-8da9cb189caa,  -30.022730 ,  -51.531410 ,2023-02-18 17:38:00,Brasil,RIO GRANDE DO SUL,CHARQUEADAS,Pampa
 1620728194 ,65915ef4-f612-3610-92b3-3df37d5cfce4,  -31.109740 ,  -50.779750 ,2023-02-18 17:38:00,Brasil,RIO GRANDE DO SUL,MOSTARDAS,Pampa
 1620728206 ,2f6f8b87-b057-3819-ac6d-da34509e547e,  -31.111780 ,  -50.791820 ,2023-02-18 17:38:00,Brasil,RIO GRANDE DO SUL,MOSTARDAS,Pampa
 1621161659 ,c90734a2-06d0-3573-9f3a-93267487736d,  -28.905200 ,  -54.374260 ,2023-02-21 18:08:00,Brasil,RIO GRANDE DO SUL,SÃO MIGUEL DAS MISSÕES,Pampa
 1621278277 ,91fef983-45aa-314d-ae38-07e3658314e8,  -30.086420 ,  -56.281730 ,2023-02-22 17:11:00,Brasil,RIO GRANDE DO SUL,URUGUAIANA,Pampa
 1621278285 ,df02be77-180a-3c8e-b375-43c709f24576,  -30.086600 ,  -56.274760 ,2023-02-22 17:11:00,Brasil,RIO GRANDE DO SUL,URUGUAIANA,Pampa
 1621278287 ,35644e01-f5de-3e53-8a51-e752fd008e22,  -31.073450 ,  -54.243920 ,2023-02-22 17:11:00,Brasil,RIO GRANDE DO SUL,DOM PEDRITO,Pampa
 1621278290 ,f47da1e5-5b59-39c0-b0b4-b69fcbf7781b,  -31.225810 ,  -53.654110 ,2023-02-22 17:11:00,Brasil,RIO GRANDE DO SUL,BAGÉ,Pampa
 1621278292 ,055d0663-b905-3612-99a1-4d722f46a526,  -31.227790 ,  -53.675010 ,2023-02-22 17:11:00,Brasil,RIO GRANDE DO SUL,BAGÉ,Pampa
 1621278294 ,8371fdac-b7ce-39a1-b12a-16c1303ef145,  -30.088830 ,  -56.305740 ,2023-02-22 17:11:00,Brasil,RIO GRANDE DO SUL,URUGUAIANA,Pampa
 1621278301 ,1b421b00-47cc-36a3-b9b8-5e7cd4f16c2d,  -30.088850 ,  -56.312680 ,2023-02-22 17:11:00,Brasil,RIO GRANDE DO SUL,URUGUAIANA,Pampa
 1621278309 ,1fc11a31-b2e8-3edc-9303-b16bc10e7757,  -30.389630 ,  -51.814150 ,2023-02-22 17:11:00,Brasil,RIO GRANDE DO SUL,BARÃO DO TRIUNFO,Pampa
 1621278326 ,0bc71a9d-e29b-34cf-b783-5a6a50cfdf61,  -31.228450 ,  -53.670070 ,2023-02-22 17:11:00,Brasil,RIO GRANDE DO SUL,BAGÉ,Pampa
 1621397956 ,8341119b-759d-32db-b3cf-ae0fd6e92dfd,  -31.221950 ,  -53.671210 ,2023-02-23 17:53:00,Brasil,RIO GRANDE DO SUL,BAGÉ,Pampa
 1621398741 ,c4919c3c-a96e-323b-8e03-5dedea1e96e3,  -31.219630 ,  -53.657780 ,2023-02-23 17:53:00,Brasil,RIO GRANDE DO SUL,BAGÉ,Pampa
 1621962425 ,75c6f863-8282-3fec-8f74-eccbdf9ac431,  -29.914750 ,  -53.027110 ,2023-02-27 17:26:00,Brasil,RIO GRANDE DO SUL,CACHOEIRA DO SUL,Pampa
 1621962434 ,8d51d210-d400-3dd2-a6b2-e83a92ad9c11,  -30.312210 ,  -52.750070 ,2023-02-27 17:26:00,Brasil,RIO GRANDE DO SUL,CACHOEIRA DO SUL,Pampa
 1622101646 ,e5ee8a91-146c-3ee7-bf44-622463f035ba,  -29.584490 ,  -50.626900 ,2023-03-01 17:13:00,Brasil,RIO GRANDE DO SUL,TAQUARA,Mata Atlântica
 1622101656 ,509cc00e-dfbb-3732-af19-83c1cf8483c4,  -29.585990 ,  -50.639320 ,2023-03-01 17:13:00,Brasil,RIO GRANDE DO SUL,TAQUARA,Mata Atlântica
 1622101873 ,3723267f-92a5-317c-aa57-095a7f7a8957,  -31.178780 ,  -51.809110 ,2023-03-01 17:13:00,Brasil,RIO GRANDE DO SUL,SÃO LOURENÇO DO SUL,Pampa
 1622101881 ,cba4ee0b-6fa8-3a27-8ba8-3c21b2d78904,  -29.724210 ,  -51.734230 ,2023-03-01 17:13:00,Brasil,RIO GRANDE DO SUL,TAQUARI,Pampa
 1622101890 ,264f92c8-ae1e-354b-a05f-e90d514460ee,  -29.725800 ,  -51.748410 ,2023-03-01 17:13:00,Brasil,RIO GRANDE DO SUL,TAQUARI,Pampa
 1622715406 ,9c988a10-42f1-382f-95bd-e10c4a96acaf,  -31.084600 ,  -54.233250 ,2023-03-06 17:28:00,Brasil,RIO GRANDE DO SUL,DOM PEDRITO,Pampa
 1622918900 ,c391dbbb-f478-3c27-b9a1-7dc50d635188,  -27.900880 ,  -52.229500 ,2023-03-08 17:17:00,Brasil,RIO GRANDE DO SUL,GETÚLIO VARGAS,Mata Atlântica
 1622918902 ,ee2f75ee-fd29-312f-8883-eea093f43f4b,  -29.888530 ,  -51.547360 ,2023-03-08 17:17:00,Brasil,RIO GRANDE DO SUL,TRIUNFO,Pampa
 1622918903 ,35dc512c-2b24-3070-97bb-3d1500a89077,  -29.889930 ,  -51.539150 ,2023-03-08 17:17:00,Brasil,RIO GRANDE DO SUL,TRIUNFO,Pampa
 1622918904 ,9de8e8e8-b9de-3f97-beb2-4669efaf2fb3,  -31.025130 ,  -52.470780 ,2023-03-08 17:15:00,Brasil,RIO GRANDE DO SUL,CANGUÇU,Pampa
 1622918905 ,3c88a372-5756-3aa4-8ba3-0d6bb77b6bf1,  -31.036060 ,  -52.469120 ,2023-03-08 17:15:00,Brasil,RIO GRANDE DO SUL,CANGUÇU,Pampa
 1623032260 ,418e81f5-b2d5-39b9-ac99-8fa5cc2f5036,  -30.516900 ,  -54.375780 ,2023-03-09 18:00:00,Brasil,RIO GRANDE DO SUL,SÃO GABRIEL,Pampa
 1623032261 ,e4659bea-30df-32eb-a491-44b784228ae7,  -30.524660 ,  -54.359590 ,2023-03-09 18:00:00,Brasil,RIO GRANDE DO SUL,SÃO GABRIEL,Pampa
 1623032264 ,356906d5-baf8-35ad-b7c5-bf55bf448840,  -30.527050 ,  -54.373270 ,2023-03-09 18:00:00,Brasil,RIO GRANDE DO SUL,SÃO GABRIEL,Pampa
 1623032265 ,75df1279-121e-3a96-aece-b840567f93ee,  -30.529440 ,  -54.386910 ,2023-03-09 18:00:00,Brasil,RIO GRANDE DO SUL,SÃO GABRIEL,Pampa
 1623032322 ,6a56bda8-7ae9-3f69-9e61-fbf38e169820,  -29.463500 ,  -55.549340 ,2023-03-09 18:00:00,Brasil,RIO GRANDE DO SUL,MANOEL VIANA,Pampa
 1623032354 ,0d17e95f-1469-3eac-bc9e-11058bc42f02,  -29.465520 ,  -55.561560 ,2023-03-09 18:00:00,Brasil,RIO GRANDE DO SUL,MANOEL VIANA,Pampa
 1623032386 ,225ddc7e-0e1f-39f0-be15-7cbcf261c902,  -29.465610 ,  -55.556100 ,2023-03-09 18:00:00,Brasil,RIO GRANDE DO SUL,MANOEL VIANA,Pampa
 1623032426 ,a7ae1d20-3b91-3db8-8653-6562244b165c,  -29.467680 ,  -55.568250 ,2023-03-09 18:00:00,Brasil,RIO GRANDE DO SUL,MANOEL VIANA,Pampa
 1623126499 ,74e9efab-0e08-3e35-bcbc-0a2fb5506659,  -27.632360 ,  -54.324650 ,2023-03-10 17:04:00,Brasil,RIO GRANDE DO SUL,HORIZONTINA,Mata Atlântica
 1623126500 ,52d16f57-4182-3dca-9066-70a0719ec022,  -28.903450 ,  -55.921050 ,2023-03-10 17:02:00,Brasil,RIO GRANDE DO SUL,SÃO BORJA,Pampa
 1623126502 ,c82fe267-2a68-33da-8628-844f82fe6d24,  -29.907730 ,  -51.926030 ,2023-03-10 17:02:00,Brasil,RIO GRANDE DO SUL,GENERAL CÂMARA,Pampa
 1623126503 ,9862f03b-38c2-3b4b-9a92-e3e994b2e4c7,  -29.909860 ,  -51.949710 ,2023-03-10 17:02:00,Brasil,RIO GRANDE DO SUL,GENERAL CÂMARA,Pampa
 1623126504 ,7fff414b-e471-37bd-a9c2-73d64aeca355,  -30.838840 ,  -52.660180 ,2023-03-10 17:02:00,Brasil,RIO GRANDE DO SUL,ENCRUZILHADA DO SUL,Pampa
 1623126505 ,0a31a928-c179-38f5-880e-10286c128d41,  -30.843790 ,  -52.652390 ,2023-03-10 17:02:00,Brasil,RIO GRANDE DO SUL,ENCRUZILHADA DO SUL,Pampa
 1623126508 ,0219b9c0-2415-3c88-8b73-a0fc3f33d57d,  -30.845950 ,  -52.679470 ,2023-03-10 17:02:00,Brasil,RIO GRANDE DO SUL,ENCRUZILHADA DO SUL,Pampa
 1623126509 ,74b32cdc-4c99-351c-aaf9-0b1475481905,  -31.103790 ,  -53.702420 ,2023-03-10 17:02:00,Brasil,RIO GRANDE DO SUL,BAGÉ,Pampa
 1623209870 ,0bbf9d69-d6d4-3bfb-952a-a4547be11b52,  -29.772100 ,  -51.492340 ,2023-03-11 17:43:00,Brasil,RIO GRANDE DO SUL,MONTENEGRO,Pampa
 1623209911 ,90fbd8c8-c4b3-35b6-8fb2-fd1005fe665e,  -29.774330 ,  -51.505370 ,2023-03-11 17:43:00,Brasil,RIO GRANDE DO SUL,MONTENEGRO,Pampa
 1623209959 ,eead4976-989c-3d24-8cb4-31a3767756ef,  -30.859080 ,  -55.523120 ,2023-03-11 17:43:00,Brasil,RIO GRANDE DO SUL,SANT'ANA DO LIVRAMENTO,Pampa
 1623209986 ,cc95f2d4-4d60-33d0-a059-5b2660e29cb6,  -30.868120 ,  -55.521430 ,2023-03-11 17:43:00,Brasil,RIO GRANDE DO SUL,SANT'ANA DO LIVRAMENTO,Pampa
 1623210018 ,a4b8cdc2-f8de-3d08-8148-e4f5acf57259,  -30.980270 ,  -53.411850 ,2023-03-11 17:43:00,Brasil,RIO GRANDE DO SUL,PINHEIRO MACHADO,Pampa
 1623210050 ,705364eb-8d3b-3e8a-a633-afe05006789d,  -31.122900 ,  -53.674140 ,2023-03-11 17:43:00,Brasil,RIO GRANDE DO SUL,BAGÉ,Pampa
 1623210155 ,419e064e-02fd-33b9-9dd8-2a1e813b2b24,  -31.170360 ,  -53.448370 ,2023-03-11 17:43:00,Brasil,RIO GRANDE DO SUL,PINHEIRO MACHADO,Pampa
 1623210156 ,dd20356a-66f3-3871-9646-a87ecfe0b1f9,  -31.172020 ,  -53.459120 ,2023-03-11 17:43:00,Brasil,RIO GRANDE DO SUL,PINHEIRO MACHADO,Pampa
 1623210282 ,ac4c56ca-7efb-3e88-9048-0ea44b2a27c7,  -28.900440 ,  -55.905490 ,2023-03-11 17:45:00,Brasil,RIO GRANDE DO SUL,SÃO BORJA,Pampa
 1623210346 ,26efa490-f5a6-3e25-9d1b-c83e4811b429,  -29.573840 ,  -54.212310 ,2023-03-11 17:45:00,Brasil,RIO GRANDE DO SUL,SÃO PEDRO DO SUL,Pampa
 1623386413 ,eff3df9a-8061-3545-801e-050a98f02ec6,  -30.241390 ,  -52.294580 ,2023-03-13 17:32:00,Brasil,RIO GRANDE DO SUL,PANTANO GRANDE,Pampa
 1623386417 ,0d6b6ed6-1899-3c6a-80b6-fff9b28f5b10,  -30.297570 ,  -53.196030 ,2023-03-13 17:32:00,Brasil,RIO GRANDE DO SUL,CACHOEIRA DO SUL,Pampa
 1623386421 ,7ee063b5-bd2a-3a58-88b7-7f38c173f3be,  -28.577070 ,  -53.694390 ,2023-03-13 17:32:00,Brasil,RIO GRANDE DO SUL,CRUZ ALTA,Mata Atlântica
 1623386422 ,1ba3b1d9-fc6a-3fa8-b212-3b78f5cbfae6,  -30.335550 ,  -51.985360 ,2023-03-13 17:32:00,Brasil,RIO GRANDE DO SUL,SÃO JERÔNIMO,Pampa
 1623386423 ,79900924-8220-34a3-9cd8-f7d2b229485e,  -28.915190 ,  -50.892980 ,2023-03-13 17:32:00,Brasil,RIO GRANDE DO SUL,CAXIAS DO SUL,Mata Atlântica
 1623386424 ,9e4a939b-0aca-3db7-895f-e64e174b985e,  -28.977230 ,  -51.066930 ,2023-03-13 17:32:00,Brasil,RIO GRANDE DO SUL,SÃO MARCOS,Mata Atlântica
 1623386426 ,8992b167-65e9-37fd-9bc7-6f03c4d3e445,  -30.450770 ,  -53.528830 ,2023-03-13 17:32:00,Brasil,RIO GRANDE DO SUL,CAÇAPAVA DO SUL,Pampa
 1623386427 ,de623fe8-208b-3bbd-8f5e-96bceaf796fa,  -29.034300 ,  -52.606670 ,2023-03-13 17:32:00,Brasil,RIO GRANDE DO SUL,BARROS CASSAL,Mata Atlântica
 1623386428 ,b75cd43d-8f83-3df5-ac87-97cb0807235c,  -29.548520 ,  -51.129300 ,2023-03-13 17:32:00,Brasil,RIO GRANDE DO SUL,IVOTI,Mata Atlântica
 1623386429 ,44bb79aa-b888-389b-8d13-7452e7a5a3b4,  -30.468980 ,  -52.751480 ,2023-03-13 17:32:00,Brasil,RIO GRANDE DO SUL,ENCRUZILHADA DO SUL,Pampa
 1623386430 ,7b98345b-7932-38d7-bf04-ce4941f6ac94,  -29.648160 ,  -51.554860 ,2023-03-13 17:32:00,Brasil,RIO GRANDE DO SUL,MONTENEGRO,Pampa
 1623386431 ,1cda5726-8b7a-3e67-b5aa-8bbcbaab00ef,  -29.698730 ,  -51.841330 ,2023-03-13 17:32:00,Brasil,RIO GRANDE DO SUL,TAQUARI,Mata Atlântica
 1623386433 ,7b5dec92-7820-311c-a403-2dbdcba75e88,  -30.748920 ,  -52.522190 ,2023-03-13 17:30:00,Brasil,RIO GRANDE DO SUL,ENCRUZILHADA DO SUL,Pampa
 1623386434 ,2dee2873-e725-33a3-95e9-b8269251733d,  -29.799940 ,  -51.587330 ,2023-03-13 17:32:00,Brasil,RIO GRANDE DO SUL,TRIUNFO,Pampa
 1623386436 ,8c6fbcec-2780-38e3-bebf-9d7d9f12d91a,  -29.801430 ,  -51.597640 ,2023-03-13 17:32:00,Brasil,RIO GRANDE DO SUL,TRIUNFO,Pampa
 1623386437 ,e744b823-9d6c-3a40-86c4-de8df064b8df,  -31.006270 ,  -52.325190 ,2023-03-13 17:30:00,Brasil,RIO GRANDE DO SUL,CANGUÇU,Pampa
 1623386438 ,0fc9b961-6c47-373d-bbad-9b5a6de5629f,  -30.181840 ,  -54.970490 ,2023-03-13 17:32:00,Brasil,RIO GRANDE DO SUL,ROSÁRIO DO SUL,Pampa
 1623386441 ,96e7e894-bc09-3d96-be27-3c6e03de0e3c,  -31.122620 ,  -52.572580 ,2023-03-13 17:30:00,Brasil,RIO GRANDE DO SUL,CANGUÇU,Pampa
 1623386444 ,bdd186cc-7fcc-3e40-8aab-c982908d9884,  -31.402250 ,  -53.016360 ,2023-03-13 17:30:00,Brasil,RIO GRANDE DO SUL,PIRATINI,Pampa
 1623386449 ,e1dd8362-b448-351a-ac44-65a017a85261,  -31.939150 ,  -53.139820 ,2023-03-13 17:30:00,Brasil,RIO GRANDE DO SUL,HERVAL,Pampa
 1623386454 ,99e74e4c-76ab-343f-ba6a-9d58684d64d6,  -32.078860 ,  -53.528610 ,2023-03-13 17:30:00,Brasil,RIO GRANDE DO SUL,HERVAL,Pampa
 1623584361 ,e5aca789-c1ac-36e5-8385-8aa5e3ae120e,  -31.000950 ,  -52.782670 ,2023-03-15 17:17:00,Brasil,RIO GRANDE DO SUL,CANGUÇU,Pampa
 1623584371 ,1e138fa6-1a78-38e7-92e3-b090aefaac69,  -29.666970 ,  -51.829110 ,2023-03-15 17:17:00,Brasil,RIO GRANDE DO SUL,TAQUARI,Pampa
 1623759598 ,88e4003e-94f4-3b4a-925e-2919c04efbf9,  -27.839400 ,  -51.248040 ,2023-03-17 17:05:00,Brasil,RIO GRANDE DO SUL,PINHAL DA SERRA,Mata Atlântica
 1623759601 ,428ea798-4dc0-3292-9495-c7db4db604a3,  -28.818030 ,  -50.815100 ,2023-03-17 17:05:00,Brasil,RIO GRANDE DO SUL,MONTE ALEGRE DOS CAMPOS,Mata Atlântica
 1623759602 ,84d4309d-c2e3-369c-a48e-426b2e48f65b,  -28.819900 ,  -50.833090 ,2023-03-17 17:05:00,Brasil,RIO GRANDE DO SUL,MONTE ALEGRE DOS CAMPOS,Mata Atlântica
 1623759604 ,733c4460-a11e-3db3-b3a9-57d901941398,  -29.021460 ,  -50.273620 ,2023-03-17 17:05:00,Brasil,RIO GRANDE DO SUL,JAQUIRANA,Mata Atlântica
 1623759605 ,729b9799-9c04-3979-8ff6-79b601518aa5,  -29.270570 ,  -50.376190 ,2023-03-17 17:05:00,Brasil,RIO GRANDE DO SUL,SÃO FRANCISCO DE PAULA,Mata Atlântica
 1623759609 ,c6a482a5-4d5f-383b-ac16-27b7aced8724,  -29.282030 ,  -50.374520 ,2023-03-17 17:05:00,Brasil,RIO GRANDE DO SUL,SÃO FRANCISCO DE PAULA,Mata Atlântica
 1623759612 ,867d5a10-c105-3b60-bef9-0496554f4d4c,  -29.283790 ,  -50.391620 ,2023-03-17 17:05:00,Brasil,RIO GRANDE DO SUL,SÃO FRANCISCO DE PAULA,Mata Atlântica
 1623759615 ,ca7c1124-b212-3e16-b015-b7cf910c3eac,  -30.463560 ,  -52.757070 ,2023-03-17 17:05:00,Brasil,RIO GRANDE DO SUL,ENCRUZILHADA DO SUL,Pampa
 1623759616 ,53c42fa6-7b52-32da-ae31-8d349ddf4cc6,  -30.469010 ,  -52.751720 ,2023-03-17 17:05:00,Brasil,RIO GRANDE DO SUL,ENCRUZILHADA DO SUL,Pampa
 1623910711 ,45c9097f-e7d6-3696-b4eb-e4999d6d400d,  -28.830940 ,  -51.139430 ,2023-03-19 16:50:00,Brasil,RIO GRANDE DO SUL,CAMPESTRE DA SERRA,Mata Atlântica
 1623910712 ,c338e9df-f7b4-3b16-b999-0ead7fdabf40,  -28.834300 ,  -51.146680 ,2023-03-19 16:50:00,Brasil,RIO GRANDE DO SUL,CAMPESTRE DA SERRA,Mata Atlântica
 1624008837 ,cafbaf04-8b8f-352d-9673-b67d63fb6543,  -30.782840 ,  -52.553380 ,2023-03-20 17:32:00,Brasil,RIO GRANDE DO SUL,ENCRUZILHADA DO SUL,Pampa
 1624008758 ,b4daa44f-18e7-33ec-88dc-9ffd54f81f08,  -27.380520 ,  -54.068920 ,2023-03-20 17:32:00,Brasil,RIO GRANDE DO SUL,TIRADENTES DO SUL,Mata Atlântica
 1624008813 ,fc226961-f7ef-3edb-af76-7801cd7deaca,  -29.006060 ,  -52.339680 ,2023-03-20 17:32:00,Brasil,RIO GRANDE DO SUL,FONTOURA XAVIER,Mata Atlântica
 1624091212 ,eb9a4897-38ef-3443-bf27-6338279ed612,  -27.559410 ,  -51.500680 ,2023-03-21 18:15:00,Brasil,RIO GRANDE DO SUL,BARRACÃO,Mata Atlântica
 1624186956 ,b2143d08-8f23-3976-b319-adc0c7845306,  -28.885510 ,  -50.872410 ,2023-03-22 17:20:00,Brasil,RIO GRANDE DO SUL,CAXIAS DO SUL,Mata Atlântica
 1624186957 ,cf48463e-62c0-3de2-97aa-2dfde138f1fc,  -28.886960 ,  -50.883610 ,2023-03-22 17:20:00,Brasil,RIO GRANDE DO SUL,CAXIAS DO SUL,Mata Atlântica
 1624186960 ,9f56143e-e965-3b4e-bab5-5ac13ab09996,  -28.980920 ,  -52.374480 ,2023-03-22 17:20:00,Brasil,RIO GRANDE DO SUL,FONTOURA XAVIER,Mata Atlântica
 1624186961 ,d1cf2af2-0034-33d9-bc3c-7005e16f41a9,  -28.982520 ,  -52.387960 ,2023-03-22 17:20:00,Brasil,RIO GRANDE DO SUL,FONTOURA XAVIER,Mata Atlântica
 1624186963 ,2c59166f-ce1f-333c-a151-3af1d3eb94ab,  -29.032410 ,  -51.788660 ,2023-03-22 17:20:00,Brasil,RIO GRANDE DO SUL,SÃO VALENTIM DO SUL,Mata Atlântica
 1624186964 ,7fd5c237-711a-3583-bcc5-ba3c8a7b73cb,  -29.719060 ,  -51.848610 ,2023-03-22 17:20:00,Brasil,RIO GRANDE DO SUL,TAQUARI,Mata Atlântica
 1624186968 ,e6dd7d12-625c-3dec-aac1-12e7e5b240e5,  -29.751310 ,  -53.212390 ,2023-03-22 17:20:00,Brasil,RIO GRANDE DO SUL,AGUDO,Mata Atlântica
 1624187238 ,4f72ed85-f88d-33e2-a760-6557b133f35b,  -27.326090 ,  -53.141190 ,2023-03-22 17:20:00,Brasil,RIO GRANDE DO SUL,PLANALTO,Mata Atlântica
 1624187242 ,29193ef3-5145-3833-943d-6c6956598c9d,  -28.736040 ,  -52.026410 ,2023-03-22 17:20:00,Brasil,RIO GRANDE DO SUL,UNIÃO DA SERRA,Mata Atlântica
 1624444655 ,aac7aca1-e543-3e98-8e07-3add511dc573,  -29.165010 ,  -51.153370 ,2023-03-24 17:05:00,Brasil,RIO GRANDE DO SUL,CAXIAS DO SUL,Mata Atlântica
 1624444793 ,5fb75dd4-1ad6-354b-b7ed-68e0da6fb8ae,  -30.479150 ,  -52.745340 ,2023-03-24 17:05:00,Brasil,RIO GRANDE DO SUL,ENCRUZILHADA DO SUL,Pampa
 1624808511 ,e05889f9-37aa-39dc-90bb-ff676472079f,  -28.886220 ,  -56.246540 ,2023-03-27 17:34:00,Brasil,RIO GRANDE DO SUL,SÃO BORJA,Pampa
 1624808514 ,b35f9bb3-b669-3996-8940-096b526e1b68,  -28.887860 ,  -56.260360 ,2023-03-27 17:34:00,Brasil,RIO GRANDE DO SUL,SÃO BORJA,Pampa
 1624808516 ,6ed5b93d-6630-3014-b0df-34d4f6f3b544,  -30.188990 ,  -54.094960 ,2023-03-27 17:34:00,Brasil,RIO GRANDE DO SUL,SÃO GABRIEL,Pampa
 1624808517 ,c52e4dc7-75cc-3b29-b77c-18e038b575cb,  -30.701980 ,  -52.490570 ,2023-03-27 17:34:00,Brasil,RIO GRANDE DO SUL,ENCRUZILHADA DO SUL,Pampa
 1624808520 ,3916f487-a473-3150-9306-ed352821ef32,  -29.800330 ,  -51.594820 ,2023-03-27 17:34:00,Brasil,RIO GRANDE DO SUL,TRIUNFO,Pampa
 1624808521 ,27aac8e8-b950-30fe-be57-9f9b73c44ef7,  -30.629290 ,  -51.728050 ,2023-03-27 17:34:00,Brasil,RIO GRANDE DO SUL,CERRO GRANDE DO SUL,Pampa
 1624808615 ,7c337021-9367-3cc7-832d-35126270b22e,  -28.147200 ,  -51.564850 ,2023-03-27 17:34:00,Brasil,RIO GRANDE DO SUL,LAGOA VERMELHA,Mata Atlântica
 1624808618 ,a3e1b449-70a4-3837-b69f-1db42bcd92b8,  -28.148750 ,  -51.575090 ,2023-03-27 17:34:00,Brasil,RIO GRANDE DO SUL,LAGOA VERMELHA,Mata Atlântica
 1625066408 ,f567826e-f81d-3764-bbed-bcc5f221efb7,  -29.554250 ,  -50.058300 ,2023-03-29 17:20:00,Brasil,RIO GRANDE DO SUL,TERRA DE AREIA,Mata Atlântica
 1625066414 ,e6fbfdac-8492-343b-9852-725be5b3e2c0,  -30.400800 ,  -51.761780 ,2023-03-29 17:20:00,Brasil,RIO GRANDE DO SUL,BARÃO DO TRIUNFO,Pampa
 1625066416 ,92924cfe-4122-38ad-857d-355bfa7278d6,  -30.814530 ,  -52.612730 ,2023-03-29 17:20:00,Brasil,RIO GRANDE DO SUL,ENCRUZILHADA DO SUL,Pampa
 1625066419 ,2395c179-7dc1-3695-8318-66a719e04ebb,  -30.816150 ,  -52.627050 ,2023-03-29 17:20:00,Brasil,RIO GRANDE DO SUL,ENCRUZILHADA DO SUL,Pampa
 1625066420 ,59d7a756-4a7d-3a7d-a102-8c3380a2ee63,  -30.825080 ,  -52.611230 ,2023-03-29 17:20:00,Brasil,RIO GRANDE DO SUL,ENCRUZILHADA DO SUL,Pampa
 1625066422 ,5af25c1b-2d8d-317e-bfd9-3c57b0b7a8e6,  -30.826730 ,  -52.625710 ,2023-03-29 17:20:00,Brasil,RIO GRANDE DO SUL,ENCRUZILHADA DO SUL,Pampa
 1625066423 ,2d55252b-4765-3cf0-b305-8094b9684066,  -30.886920 ,  -52.927890 ,2023-03-29 17:20:00,Brasil,RIO GRANDE DO SUL,ENCRUZILHADA DO SUL,Pampa
 1625623071 ,3b131614-019e-3d9c-b253-d914afe59fc9,  -30.341540 ,  -53.713280 ,2023-04-03 17:34:00,Brasil,RIO GRANDE DO SUL,SÃO SEPÉ,Pampa
 1625623162 ,e0cb9717-bb3e-3d6a-a540-b6b5b8d9ad37,  -30.467740 ,  -52.750170 ,2023-04-03 17:34:00,Brasil,RIO GRANDE DO SUL,ENCRUZILHADA DO SUL,Pampa
 1625623261 ,d0f1c206-977d-3690-ab82-dcc43d4de72c,  -28.980790 ,  -52.250070 ,2023-04-03 17:34:00,Brasil,RIO GRANDE DO SUL,FONTOURA XAVIER,Mata Atlântica
 1625623264 ,ae943ac3-bb63-36f9-ac61-b15895ec7075,  -28.982270 ,  -52.260280 ,2023-04-03 17:34:00,Brasil,RIO GRANDE DO SUL,FONTOURA XAVIER,Mata Atlântica
 1625623268 ,498ac290-3911-3a50-a8ba-f4f03b0289b0,  -29.003570 ,  -50.992340 ,2023-04-03 17:34:00,Brasil,RIO GRANDE DO SUL,SÃO MARCOS,Mata Atlântica
 1625623272 ,170aebc2-3f12-3f4b-8a80-5fa10c8471ea,  -29.005210 ,  -51.002880 ,2023-04-03 17:34:00,Brasil,RIO GRANDE DO SUL,SÃO MARCOS,Mata Atlântica
 1625623276 ,54d5023f-69e0-31c5-b732-e543c4a80be7,  -29.020620 ,  -52.204260 ,2023-04-03 17:34:00,Brasil,RIO GRANDE DO SUL,PUTINGA,Mata Atlântica
 1625623284 ,1c49a182-e0f2-3bce-a4f1-c5e1fa756585,  -29.420890 ,  -51.001650 ,2023-04-03 17:34:00,Brasil,RIO GRANDE DO SUL,SANTA MARIA DO HERVAL,Mata Atlântica
 1625623289 ,8c59a77d-9605-3e1f-b80e-8fdc1652867f,  -30.534320 ,  -52.302040 ,2023-04-03 17:34:00,Brasil,RIO GRANDE DO SUL,DOM FELICIANO,Pampa
 1625623290 ,ef45ab49-11bd-3975-b972-ca48a744e9d1,  -29.511610 ,  -51.723800 ,2023-04-03 17:34:00,Brasil,RIO GRANDE DO SUL,PAVERAMA,Mata Atlântica
 1625623294 ,fadd8bbe-7de5-3f0d-a643-0cabcb8bac81,  -29.532210 ,  -51.613430 ,2023-04-03 17:34:00,Brasil,RIO GRANDE DO SUL,BROCHIER,Mata Atlântica
 1625623297 ,9ddc030d-6e52-3b04-805a-887eaa92e715,  -29.603780 ,  -51.604190 ,2023-04-03 17:34:00,Brasil,RIO GRANDE DO SUL,MONTENEGRO,Mata Atlântica
 1625623511 ,df3e5ba9-3669-39d2-b7d6-c127d98f63f1,  -30.589800 ,  -51.987000 ,2023-04-03 17:34:00,Brasil,RIO GRANDE DO SUL,SÃO JERÔNIMO,Pampa
 1625623515 ,5fbd094f-0125-36a6-b359-18dd0a65c1ad,  -29.688800 ,  -51.366800 ,2023-04-03 17:34:00,Brasil,RIO GRANDE DO SUL,CAPELA DE SANTANA,Pampa
 1625623524 ,6a443355-e318-385d-922b-a7906342e952,  -30.632030 ,  -52.610090 ,2023-04-03 17:34:00,Brasil,RIO GRANDE DO SUL,ENCRUZILHADA DO SUL,Pampa
 1625623531 ,28f97f1b-b8f9-3ce2-94a9-7a1f7cc8f731,  -29.809440 ,  -51.437310 ,2023-04-03 17:34:00,Brasil,RIO GRANDE DO SUL,MONTENEGRO,Pampa
 1625623659 ,fe25931a-7d16-39ac-a23e-7420ed9b19d9,  -29.811010 ,  -51.447720 ,2023-04-03 17:34:00,Brasil,RIO GRANDE DO SUL,MONTENEGRO,Pampa
 1625623676 ,23da9450-e858-3423-aba3-c151ba12a450,  -30.938010 ,  -52.425640 ,2023-04-03 17:34:00,Brasil,RIO GRANDE DO SUL,CANGUÇU,Pampa
 1625623677 ,8ab08864-8f1f-33f9-9fc7-4de5e0e28895,  -30.939480 ,  -52.436130 ,2023-04-03 17:34:00,Brasil,RIO GRANDE DO SUL,CANGUÇU,Pampa
 1625623680 ,2ff2985e-7d30-3446-8e4d-8d66e219f85b,  -30.947010 ,  -52.423900 ,2023-04-03 17:34:00,Brasil,RIO GRANDE DO SUL,CANGUÇU,Pampa
 1625623681 ,29330f88-63cb-3635-9d22-b42e5fbe64b9,  -30.948490 ,  -52.434400 ,2023-04-03 17:34:00,Brasil,RIO GRANDE DO SUL,CANGUÇU,Pampa
 1625623683 ,1f38e06d-dd32-36a7-949a-c5f670ba9f3a,  -30.996330 ,  -52.322630 ,2023-04-03 17:34:00,Brasil,RIO GRANDE DO SUL,CANGUÇU,Pampa
 1625926606 ,1cd0f9fa-1e60-3634-86c8-83856e6ab24e,  -29.814210 ,  -51.437560 ,2023-04-05 17:20:00,Brasil,RIO GRANDE DO SUL,MONTENEGRO,Pampa
 1625926608 ,35e340f1-d697-3373-8c97-82215d1cdcc2,  -31.717230 ,  -52.433750 ,2023-04-05 17:20:00,Brasil,RIO GRANDE DO SUL,PELOTAS,Pampa
 1626537460 ,25ee36d2-0523-309d-a7d9-44f58ad600e4,  -29.652700 ,  -52.364040 ,2023-04-10 17:34:00,Brasil,RIO GRANDE DO SUL,SANTA CRUZ DO SUL,Mata Atlântica
 1626537461 ,2f542b59-e905-3e62-928f-3f8b70c24c0f,  -29.677140 ,  -53.318680 ,2023-04-10 17:34:00,Brasil,RIO GRANDE DO SUL,AGUDO,Mata Atlântica
 1626537464 ,6312eaa1-f618-3a97-b548-b120e932d54c,  -30.504180 ,  -52.791830 ,2023-04-10 17:34:00,Brasil,RIO GRANDE DO SUL,ENCRUZILHADA DO SUL,Pampa
 1626537465 ,0c79a658-9969-3133-8814-9d4d690b6ad8,  -31.072040 ,  -52.447060 ,2023-04-10 17:34:00,Brasil,RIO GRANDE DO SUL,CANGUÇU,Pampa
 1626537467 ,4de8e281-b490-35ac-86bd-f1d421816d41,  -32.101360 ,  -53.481810 ,2023-04-10 17:34:00,Brasil,RIO GRANDE DO SUL,HERVAL,Pampa
 1626672616 ,4b8b3647-ec85-35cd-92a6-40feb1122664,  -30.190670 ,  -54.104180 ,2023-04-11 18:17:00,Brasil,RIO GRANDE DO SUL,SANTA MARGARIDA DO SUL,Pampa
 1626793062 ,0c0454bc-9682-3431-8447-58cf38df22b8,  -29.773730 ,  -51.391530 ,2023-04-12 17:20:00,Brasil,RIO GRANDE DO SUL,MONTENEGRO,Pampa
 1626793078 ,43e622db-2927-399c-99b0-4d048afa5291,  -30.104370 ,  -51.600850 ,2023-04-12 17:20:00,Brasil,RIO GRANDE DO SUL,ELDORADO DO SUL,Pampa
 1626793936 ,29d247a7-f7ce-3322-a49d-bb3e5681061a,  -28.733700 ,  -51.203410 ,2023-04-12 17:22:00,Brasil,RIO GRANDE DO SUL,IPÊ,Mata Atlântica
 1626793971 ,96abe1c4-03d4-3c20-bf55-89c9c65d4a62,  -29.065430 ,  -52.586550 ,2023-04-12 17:22:00,Brasil,RIO GRANDE DO SUL,BARROS CASSAL,Mata Atlântica
 1626794002 ,6cfa0cfa-11ee-3d8c-8296-801d995c41dc,  -29.433490 ,  -51.678600 ,2023-04-12 17:20:00,Brasil,RIO GRANDE DO SUL,POÇO DAS ANTAS,Mata Atlântica
 1626794033 ,aac12798-4e75-3418-bacc-0b19fa2b8657,  -29.434980 ,  -51.690790 ,2023-04-12 17:20:00,Brasil,RIO GRANDE DO SUL,POÇO DAS ANTAS,Mata Atlântica
 1626794061 ,2c0d98b0-5a1e-348d-b499-6226e6b2dd09,  -29.444240 ,  -50.954830 ,2023-04-12 17:20:00,Brasil,RIO GRANDE DO SUL,SANTA MARIA DO HERVAL,Mata Atlântica
 1626794076 ,376019e2-04c0-3e12-8406-29f7369e3eb7,  -29.455680 ,  -52.625510 ,2023-04-12 17:22:00,Brasil,RIO GRANDE DO SUL,HERVEIRAS,Mata Atlântica
 1626794093 ,97c3ee0b-9889-3663-a1bd-dae0bdfaa425,  -29.526040 ,  -50.663310 ,2023-04-12 17:20:00,Brasil,RIO GRANDE DO SUL,TAQUARA,Mata Atlântica
 1626794108 ,df7ba833-6976-3ad0-a834-b75a87b683c5,  -29.535140 ,  -50.463180 ,2023-04-12 17:20:00,Brasil,RIO GRANDE DO SUL,SÃO FRANCISCO DE PAULA,Mata Atlântica
 1626794124 ,56ecae21-1a07-3471-8cb6-70a0bc7b6e7f,  -29.536610 ,  -50.474350 ,2023-04-12 17:20:00,Brasil,RIO GRANDE DO SUL,SÃO FRANCISCO DE PAULA,Mata Atlântica
 1626794139 ,78e52484-2192-39ce-b726-d7e3f7a5a777,  -29.539120 ,  -50.910020 ,2023-04-12 17:20:00,Brasil,RIO GRANDE DO SUL,IGREJINHA,Mata Atlântica
 1626794156 ,dadc76f2-b995-37ab-97a4-e23f9673874b,  -29.540570 ,  -50.921280 ,2023-04-12 17:20:00,Brasil,RIO GRANDE DO SUL,SANTA MARIA DO HERVAL,Mata Atlântica
 1626794172 ,02f3da3e-ab6d-3671-a99f-b7c60ddb6747,  -29.572240 ,  -51.735670 ,2023-04-12 17:20:00,Brasil,RIO GRANDE DO SUL,PAVERAMA,Mata Atlântica
 1626794188 ,5d51be4d-aca0-3619-8fd8-feae1aeadd5a,  -29.576150 ,  -50.973520 ,2023-04-12 17:20:00,Brasil,RIO GRANDE DO SUL,SAPIRANGA,Mata Atlântica
 1626794203 ,dce58d96-ff91-32cd-9362-76a583af0a83,  -29.740680 ,  -50.416390 ,2023-04-12 17:20:00,Brasil,RIO GRANDE DO SUL,CARAÁ,Mata Atlântica
 1626794747 ,bd127b48-ecf5-3995-8ad6-9f78b1b5ba06,  -29.674000 ,  -51.559250 ,2023-04-12 17:20:00,Brasil,RIO GRANDE DO SUL,MONTENEGRO,Pampa
 1626794778 ,9fdfc76a-a38c-30b8-9b26-397e5e0ebd80,  -29.675470 ,  -51.571310 ,2023-04-12 17:20:00,Brasil,RIO GRANDE DO SUL,MONTENEGRO,Pampa
 1627049334 ,7440e990-fc3d-32a9-80d3-8550aa807062,  -30.165920 ,  -53.783420 ,2023-04-14 17:07:00,Brasil,RIO GRANDE DO SUL,SÃO SEPÉ,Pampa
 1627049336 ,3914f1a3-e416-329d-92a2-8a56ff2864f3,  -30.169580 ,  -53.776050 ,2023-04-14 17:07:00,Brasil,RIO GRANDE DO SUL,SÃO SEPÉ,Pampa
 1627109536 ,80dd1b7b-116a-357b-afbe-887c0f5a1ee0,  -29.033900 ,  -56.176110 ,2023-04-15 17:49:00,Brasil,RIO GRANDE DO SUL,MAÇAMBARÁ,Pampa
 1627109537 ,d2262c0f-863b-3a12-8a70-e6d7d4c28c6d,  -29.257280 ,  -56.258590 ,2023-04-15 17:49:00,Brasil,RIO GRANDE DO SUL,ITAQUI,Pampa
 1627109538 ,110f1e83-5d61-3f91-9fe6-5cad5d8bd5cc,  -29.321560 ,  -56.648380 ,2023-04-15 17:49:00,Brasil,RIO GRANDE DO SUL,ITAQUI,Pampa
 1627109539 ,8775bd76-463c-3dc9-bdc8-08846c1bf53a,  -29.323010 ,  -56.658740 ,2023-04-15 17:49:00,Brasil,RIO GRANDE DO SUL,ITAQUI,Pampa
 1627406588 ,37d032f4-2488-3412-8c62-5d808954a08e,  -30.009500 ,  -55.735510 ,2023-04-17 17:34:00,Brasil,RIO GRANDE DO SUL,ALEGRETE,Pampa
 1627406591 ,de81b03c-e360-3c12-9be1-eea0c6deffa4,  -31.250520 ,  -54.183340 ,2023-04-17 17:34:00,Brasil,RIO GRANDE DO SUL,BAGÉ,Pampa
 1627757710 ,e679361d-3fd4-36fa-928b-4d889331d96a,  -30.010110 ,  -55.721370 ,2023-04-20 18:04:00,Brasil,RIO GRANDE DO SUL,ALEGRETE,Pampa
 1627757722 ,d13bd948-6ca5-3925-bde2-680747c3b67f,  -30.453990 ,  -52.855120 ,2023-04-20 18:02:00,Brasil,RIO GRANDE DO SUL,ENCRUZILHADA DO SUL,Pampa
 1627757738 ,c5099ddc-f387-3167-a07b-202372c3cbf3,  -30.457780 ,  -52.874230 ,2023-04-20 18:02:00,Brasil,RIO GRANDE DO SUL,ENCRUZILHADA DO SUL,Pampa
 1627757753 ,0b92a9f1-3d1f-360c-916b-47c7d2d1e460,  -30.461610 ,  -52.858780 ,2023-04-20 18:02:00,Brasil,RIO GRANDE DO SUL,ENCRUZILHADA DO SUL,Pampa
 1627757770 ,60c06719-fc00-3ceb-8610-f096b0570b89,  -30.465210 ,  -52.877640 ,2023-04-20 18:02:00,Brasil,RIO GRANDE DO SUL,ENCRUZILHADA DO SUL,Pampa
 1627941206 ,03e9bcf5-21c7-31fc-a9f2-9e912d4f11ca,  -28.215220 ,  -55.034130 ,2023-04-22 17:49:00,Brasil,RIO GRANDE DO SUL,SÃO LUIZ GONZAGA,Mata Atlântica
 1627941210 ,95d074e4-c293-30f7-9dd8-a627c605781d,  -31.712250 ,  -52.433170 ,2023-04-22 17:49:00,Brasil,RIO GRANDE DO SUL,PELOTAS,Pampa
 1627941283 ,8d44d09f-4236-3ab0-8f43-8fcce47839fb,  -27.492780 ,  -54.258850 ,2023-04-22 17:49:00,Brasil,RIO GRANDE DO SUL,DOUTOR MAURÍCIO CARDOSO,Mata Atlântica
 1627841894 ,3047f964-4ada-34ec-a1a9-80adad6391a6,  -28.784860 ,  -50.374550 ,2023-04-21 17:07:00,Brasil,RIO GRANDE DO SUL,BOM JESUS,Mata Atlântica
 1627841895 ,72a92380-ba07-36bc-a06f-27c2d08c274f,  -31.790510 ,  -52.924370 ,2023-04-21 17:07:00,Brasil,RIO GRANDE DO SUL,PIRATINI,Pampa
 1628060736 ,5b52e2fc-8941-3bda-8311-9189de790624,  -31.123500 ,  -53.699140 ,2023-04-24 17:34:00,Brasil,RIO GRANDE DO SUL,BAGÉ,Pampa
 1628060737 ,ae650213-dd2d-38d5-89ae-cf1c1f01d2f2,  -30.905670 ,  -52.631470 ,2023-04-24 17:34:00,Brasil,RIO GRANDE DO SUL,ENCRUZILHADA DO SUL,Pampa
 1628060738 ,3ee7c180-cd5b-38aa-850c-3a2fe561244c,  -30.215670 ,  -54.110150 ,2023-04-24 17:34:00,Brasil,RIO GRANDE DO SUL,SANTA MARGARIDA DO SUL,Pampa
 1628060739 ,1bcdf59e-f2c5-3c85-a440-12aa936a0cc1,  -30.214210 ,  -54.098990 ,2023-04-24 17:34:00,Brasil,RIO GRANDE DO SUL,SANTA MARGARIDA DO SUL,Pampa
 1628060740 ,6deee138-7483-3ba8-8926-2d587c1c94ba,  -30.136630 ,  -53.585960 ,2023-04-24 17:34:00,Brasil,RIO GRANDE DO SUL,SÃO SEPÉ,Pampa
 1628060741 ,67edc3b6-36aa-3e74-ad1d-0a0f493fae75,  -30.135190 ,  -53.575210 ,2023-04-24 17:34:00,Brasil,RIO GRANDE DO SUL,SÃO SEPÉ,Pampa
 1628060742 ,f9c7f218-bfb7-393e-876a-f39993be0104,  -30.009570 ,  -50.456060 ,2023-04-24 17:34:00,Brasil,RIO GRANDE DO SUL,SANTO ANTÔNIO DA PATRULHA,Pampa
 1628060743 ,aa8994cc-8058-352b-aed2-32a39c11d92a,  -30.007830 ,  -50.445130 ,2023-04-24 17:34:00,Brasil,RIO GRANDE DO SUL,OSÓRIO,Pampa
 1628060744 ,3fb96f62-3fad-3580-8da2-425527ff56e6,  -29.995530 ,  -51.373510 ,2023-04-24 17:34:00,Brasil,RIO GRANDE DO SUL,ELDORADO DO SUL,Pampa
 1628060745 ,998f01cf-b1ee-31ed-92df-f2e522f58a22,  -29.993950 ,  -51.363060 ,2023-04-24 17:34:00,Brasil,RIO GRANDE DO SUL,ELDORADO DO SUL,Pampa
 1628060746 ,e927f35f-7be9-3ad5-8ee4-2dc8d5fef833,  -29.945900 ,  -53.742730 ,2023-04-24 17:34:00,Brasil,RIO GRANDE DO SUL,SANTA MARIA,Pampa
 1628060747 ,4e32ec99-6035-3dc8-af18-cb281e3a6733,  -29.796770 ,  -51.339970 ,2023-04-24 17:34:00,Brasil,RIO GRANDE DO SUL,NOVA SANTA RITA,Pampa
 1628060748 ,3d51815e-2023-35ab-87d5-347f598cd938,  -29.648480 ,  -54.053120 ,2023-04-24 17:34:00,Brasil,RIO GRANDE DO SUL,SANTA MARIA,Pampa
 1628060749 ,5b81727a-4dbf-3d88-8a6f-9c26e4de165a,  -29.643420 ,  -51.848020 ,2023-04-24 17:34:00,Brasil,RIO GRANDE DO SUL,TAQUARI,Mata Atlântica
 1628060750 ,769b80e5-5e25-3592-9c9c-39825c215218,  -29.641900 ,  -51.837720 ,2023-04-24 17:34:00,Brasil,RIO GRANDE DO SUL,FAZENDA VILANOVA,Mata Atlântica
 1628060751 ,48c52bd4-f0ea-385c-ba52-9f25a654ba51,  -29.615140 ,  -51.603500 ,2023-04-24 17:34:00,Brasil,RIO GRANDE DO SUL,MONTENEGRO,Pampa
 1628060752 ,aa1ff277-5a08-3657-bdfe-f2c3272220fa,  -29.614000 ,  -52.150100 ,2023-04-24 17:34:00,Brasil,RIO GRANDE DO SUL,VENÂNCIO AIRES,Mata Atlântica
 1628060753 ,459c3092-53dd-3084-93cd-7caeb14e0c7b,  -29.603430 ,  -51.579380 ,2023-04-24 17:34:00,Brasil,RIO GRANDE DO SUL,BROCHIER,Mata Atlântica
 1628060754 ,49876920-3097-322c-b67e-54b06e77c2af,  -29.596410 ,  -50.991800 ,2023-04-24 17:34:00,Brasil,RIO GRANDE DO SUL,SAPIRANGA,Mata Atlântica
 1628060755 ,e52e7fd5-adfe-373e-9b07-599023712c07,  -29.580130 ,  -51.733260 ,2023-04-24 17:34:00,Brasil,RIO GRANDE DO SUL,PAVERAMA,Mata Atlântica
 1628060756 ,1df0c7f0-63e4-3d36-9e0a-65498f9009e4,  -29.574870 ,  -51.574400 ,2023-04-24 17:34:00,Brasil,RIO GRANDE DO SUL,BROCHIER,Mata Atlântica
 1628060757 ,55fc8d66-e381-3fbc-ab33-e833e29755ae,  -29.538590 ,  -50.982360 ,2023-04-24 17:34:00,Brasil,RIO GRANDE DO SUL,MORRO REUTER,Mata Atlântica
 1628060758 ,40dc6f35-6035-3084-b09b-ea476aad5c5e,  -29.511810 ,  -51.037320 ,2023-04-24 17:34:00,Brasil,RIO GRANDE DO SUL,MORRO REUTER,Mata Atlântica
 1628060759 ,38d33c6a-c2ad-3f91-aef0-5fb118510d97,  -29.510170 ,  -51.026650 ,2023-04-24 17:34:00,Brasil,RIO GRANDE DO SUL,MORRO REUTER,Mata Atlântica
 1628060760 ,4f32a239-87d1-3320-aa4a-dc491f35a378,  -29.464250 ,  -53.229420 ,2023-04-24 17:34:00,Brasil,RIO GRANDE DO SUL,IBARAMA,Mata Atlântica
 1628060761 ,afeadf59-7b7b-33dc-a937-62eb7e7b8e30,  -29.462800 ,  -53.218960 ,2023-04-24 17:34:00,Brasil,RIO GRANDE DO SUL,IBARAMA,Mata Atlântica
 1628060762 ,351198d2-31e2-363a-8030-09de878ee1bd,  -29.419770 ,  -53.109370 ,2023-04-24 17:34:00,Brasil,RIO GRANDE DO SUL,IBARAMA,Mata Atlântica
 1628060763 ,3bc11413-a1f5-3809-afcc-0d12e2c62a16,  -29.347620 ,  -52.857940 ,2023-04-24 17:34:00,Brasil,RIO GRANDE DO SUL,SEGREDO,Mata Atlântica
 1628060764 ,385e2709-fb50-3f1e-a98a-9237aaa36cbc,  -29.247310 ,  -52.035170 ,2023-04-24 17:34:00,Brasil,RIO GRANDE DO SUL,NOVA BRÉSCIA,Mata Atlântica
 1628060765 ,a03c86f9-1433-31af-baf2-11ee2964dd5d,  -27.603870 ,  -51.886370 ,2023-04-24 17:37:00,Brasil,RIO GRANDE DO SUL,MAXIMILIANO DE ALMEIDA,Mata Atlântica
 1628290656 ,13233ec3-df91-37c6-a858-3cb0ef524097,  -31.983830 ,  -53.298190 ,2023-04-26 17:20:00,Brasil,RIO GRANDE DO SUL,HERVAL,Pampa
 1628290672 ,cca4c442-bf10-3dea-9fb9-ebffbac615c4,  -31.985570 ,  -53.314600 ,2023-04-26 17:20:00,Brasil,RIO GRANDE DO SUL,HERVAL,Pampa
 1628340441 ,029ec78f-445c-3af6-9359-c5b451fcccb3,  -31.777620 ,  -52.692970 ,2023-04-27 18:02:00,Brasil,RIO GRANDE DO SUL,CAPÃO DO LEÃO,Pampa
 1628340443 ,5bdc8b0a-a568-3699-8716-575d91c1e317,  -31.991010 ,  -53.304950 ,2023-04-27 18:02:00,Brasil,RIO GRANDE DO SUL,HERVAL,Pampa
 1628434793 ,0f508d73-bdab-3921-9e1e-44da975f6567,  -29.912800 ,  -51.894230 ,2023-04-28 17:07:00,Brasil,RIO GRANDE DO SUL,GENERAL CÂMARA,Pampa
 1628434794 ,89cd0be5-b619-3afc-a90f-86592aad5c59,  -29.916110 ,  -51.910490 ,2023-04-28 17:07:00,Brasil,RIO GRANDE DO SUL,GENERAL CÂMARA,Pampa
 1628434795 ,ef760deb-af3a-3ae4-a3cf-9c89420fd109,  -30.575440 ,  -52.795340 ,2023-04-28 17:07:00,Brasil,RIO GRANDE DO SUL,ENCRUZILHADA DO SUL,Pampa
 1628434797 ,3d7e43b1-6122-3644-800c-4ed7d17bbb27,  -31.114480 ,  -53.703880 ,2023-04-28 17:07:00,Brasil,RIO GRANDE DO SUL,BAGÉ,Pampa
 1628529055 ,3b95a708-5009-30b4-b12d-522517970ee1,  -28.333370 ,  -55.394430 ,2023-04-29 17:49:00,Brasil,RIO GRANDE DO SUL,SANTO ANTÔNIO DAS MISSÕES,Pampa
 1628529078 ,9e22deb2-9e55-3795-bde7-7952de926ca6,  -28.334900 ,  -55.404660 ,2023-04-29 17:49:00,Brasil,RIO GRANDE DO SUL,SANTO ANTÔNIO DAS MISSÕES,Pampa
 1628529103 ,e23380fa-27c5-3f5a-9081-9b14bc309d1e,  -29.324510 ,  -54.160350 ,2023-04-29 17:49:00,Brasil,RIO GRANDE DO SUL,JARI,Pampa
 1628529126 ,5dad1105-ee3b-3684-80e1-dedd2e70b253,  -29.416700 ,  -56.189990 ,2023-04-29 17:49:00,Brasil,RIO GRANDE DO SUL,ALEGRETE,Pampa
 1628529150 ,f64bc3af-dc06-31e8-8fb7-a6ac7e403da8,  -29.425680 ,  -56.188300 ,2023-04-29 17:49:00,Brasil,RIO GRANDE DO SUL,ALEGRETE,Pampa
 1628529172 ,1276f54d-e520-354b-991e-594064d4e5ef,  -30.123340 ,  -56.579970 ,2023-04-29 17:49:00,Brasil,RIO GRANDE DO SUL,URUGUAIANA,Pampa
 1628529181 ,edb7efb0-21d0-3dec-a736-f2151ceaa89c,  -30.124790 ,  -56.590470 ,2023-04-29 17:49:00,Brasil,RIO GRANDE DO SUL,URUGUAIANA,Pampa
 1628529198 ,b31fda01-3d41-3a66-b3c0-e7e83d24b130,  -30.132390 ,  -56.578300 ,2023-04-29 17:49:00,Brasil,RIO GRANDE DO SUL,URUGUAIANA,Pampa
 1628529213 ,9b12fd4c-42d6-35e0-b954-ff8e27d34af3,  -30.133840 ,  -56.588810 ,2023-04-29 17:49:00,Brasil,RIO GRANDE DO SUL,URUGUAIANA,Pampa
 1628529230 ,c3f0acc0-7293-3ff5-9b61-b8f7b9366bf9,  -30.187790 ,  -53.152390 ,2023-04-29 17:49:00,Brasil,RIO GRANDE DO SUL,CACHOEIRA DO SUL,Pampa
 1628529245 ,acb0670d-39fa-3585-8177-6840e8a1a76f,  -30.249980 ,  -52.770600 ,2023-04-29 17:49:00,Brasil,RIO GRANDE DO SUL,CACHOEIRA DO SUL,Pampa
 1628529261 ,ffc679a0-f97d-3781-9a87-bd7bdbd69319,  -30.257560 ,  -52.756400 ,2023-04-29 17:49:00,Brasil,RIO GRANDE DO SUL,CACHOEIRA DO SUL,Pampa
 1628529276 ,2153082e-08b8-3b60-a867-bd16f23190db,  -30.259590 ,  -52.768440 ,2023-04-29 17:49:00,Brasil,RIO GRANDE DO SUL,CACHOEIRA DO SUL,Pampa
 1628529293 ,6f9ac211-028b-3e25-b0c3-b136343c31da,  -30.480200 ,  -53.599810 ,2023-04-29 17:49:00,Brasil,RIO GRANDE DO SUL,CAÇAPAVA DO SUL,Pampa
 1628529308 ,204f3d6b-0e55-3fc5-bed7-fb8949b6103e,  -30.565830 ,  -51.674570 ,2023-04-29 17:49:00,Brasil,RIO GRANDE DO SUL,CERRO GRANDE DO SUL,Pampa
 1628529324 ,e4bb3641-eff5-3477-bac3-53767b5117f3,  -30.604960 ,  -51.673980 ,2023-04-29 17:49:00,Brasil,RIO GRANDE DO SUL,CERRO GRANDE DO SUL,Pampa
 1628529339 ,e834aad3-aa03-39a4-b70a-e5a223e58798,  -30.724030 ,  -52.293830 ,2023-04-29 17:49:00,Brasil,RIO GRANDE DO SUL,DOM FELICIANO,Pampa
 1628529356 ,30f1bdc1-2aa1-3f87-af65-446cacf7f815,  -31.265850 ,  -52.695700 ,2023-04-29 17:49:00,Brasil,RIO GRANDE DO SUL,CANGUÇU,Pampa
 1628529371 ,4868bb91-abfb-3cdc-8966-c05f22bce7e8,  -31.398060 ,  -52.879720 ,2023-04-29 17:49:00,Brasil,RIO GRANDE DO SUL,CANGUÇU,Pampa
 1628529389 ,2528d1e1-1bb6-36b8-ad6c-cafe0effc0c9,  -31.405550 ,  -52.865830 ,2023-04-29 17:49:00,Brasil,RIO GRANDE DO SUL,CANGUÇU,Pampa
 1628529402 ,24c26620-ec1c-3c68-aab0-f753ad49c829,  -31.407460 ,  -52.877450 ,2023-04-29 17:49:00,Brasil,RIO GRANDE DO SUL,CANGUÇU,Pampa
 1628529419 ,b9395e13-de9d-30ac-801f-fd4b5a3a27ad,  -31.424840 ,  -53.841420 ,2023-04-29 17:49:00,Brasil,RIO GRANDE DO SUL,HULHA NEGRA,Pampa
 1628529434 ,22f550b2-f0fd-3e56-8efe-9d26f335f16e,  -31.442520 ,  -52.704460 ,2023-04-29 17:49:00,Brasil,RIO GRANDE DO SUL,CANGUÇU,Pampa
 1628529450 ,b95ff25d-529d-3902-ace7-08f664d60182,  -32.569450 ,  -53.203410 ,2023-04-29 17:49:00,Brasil,RIO GRANDE DO SUL,JAGUARÃO,Pampa
 1628529465 ,353c68d9-6d57-36b3-9c35-97cfca1366ea,  -32.571250 ,  -53.214660 ,2023-04-29 17:49:00,Brasil,RIO GRANDE DO SUL,JAGUARÃO,Pampa
 1628529660 ,efb25be8-b968-3426-a310-f03d723a2b5f,  -29.288460 ,  -53.183610 ,2023-04-29 17:49:00,Brasil,RIO GRANDE DO SUL,ESTRELA VELHA,Mata Atlântica
 1628529667 ,8f6276bb-a3a3-3b74-8225-9450cd169060,  -29.392500 ,  -51.450790 ,2023-04-29 17:49:00,Brasil,RIO GRANDE DO SUL,BARÃO,Mata Atlântica
 1628669914 ,b311102a-ecd8-3d1d-958a-54193a0da507,  -28.582810 ,  -50.639250 ,2023-05-01 17:34:00,Brasil,RIO GRANDE DO SUL,BOM JESUS,Mata Atlântica
 1628669934 ,29dd3510-80a8-30bc-acfc-629938b8f5dc,  -29.977540 ,  -51.677370 ,2023-05-01 17:34:00,Brasil,RIO GRANDE DO SUL,SÃO JERÔNIMO,Pampa
 1628669936 ,0105711f-50fe-357b-8070-c2ded18f760d,  -29.994500 ,  -51.603360 ,2023-05-01 17:34:00,Brasil,RIO GRANDE DO SUL,CHARQUEADAS,Pampa
 1628597562 ,67a25930-41fb-324a-82ce-a50442bb02e3,  -30.261140 ,  -51.852040 ,2023-04-30 16:54:00,Brasil,RIO GRANDE DO SUL,SÃO JERÔNIMO,Pampa
 1628597567 ,0e750d3a-76a6-318d-8be4-2c17ee7fc39f,  -30.269420 ,  -51.847000 ,2023-04-30 16:54:00,Brasil,RIO GRANDE DO SUL,SÃO JERÔNIMO,Pampa
 1628597571 ,a82e68d2-4a34-37c0-857f-aec682ecf9d1,  -30.988580 ,  -55.147630 ,2023-04-30 18:32:00,Brasil,RIO GRANDE DO SUL,SANT'ANA DO LIVRAMENTO,Pampa
 1628597574 ,4c1ee15d-1fcd-3fca-83f9-97675c8cf3a8,  -30.996560 ,  -55.137300 ,2023-04-30 18:32:00,Brasil,RIO GRANDE DO SUL,SANT'ANA DO LIVRAMENTO,Pampa
 1629931332 ,92c27d1d-8e2f-3745-b0bd-c32d85b0bb4b,  -28.894230 ,  -50.855630 ,2023-05-12 17:07:00,Brasil,RIO GRANDE DO SUL,CAXIAS DO SUL,Mata Atlântica
 1630036159 ,5b930176-7d7e-3dfd-9951-1a09a79cfafb,  -29.833920 ,  -51.430880 ,2023-05-13 17:49:00,Brasil,RIO GRANDE DO SUL,MONTENEGRO,Pampa
 1630036176 ,859cb584-9781-3b95-9212-d8aa858b042e,  -30.320880 ,  -52.092190 ,2023-05-13 17:49:00,Brasil,RIO GRANDE DO SUL,BUTIÁ,Pampa
 1630036191 ,f31725f6-806b-3662-bddd-d7abc8d0320d,  -30.708560 ,  -51.535240 ,2023-05-13 17:49:00,Brasil,RIO GRANDE DO SUL,TAPES,Pampa
 1630036207 ,59fd2a63-b39c-3a0e-a49e-23b3dfbc632f,  -30.710900 ,  -51.548610 ,2023-05-13 17:49:00,Brasil,RIO GRANDE DO SUL,TAPES,Pampa
 1630036395 ,8ee3e487-4dc7-31c6-9ca1-9d1667bdedc5,  -28.794440 ,  -52.243720 ,2023-05-13 17:49:00,Brasil,RIO GRANDE DO SUL,ITAPUCA,Mata Atlântica
 1630036423 ,542036f8-b4ed-3ad2-aa59-96868509daef,  -28.796660 ,  -52.256580 ,2023-05-13 17:49:00,Brasil,RIO GRANDE DO SUL,ITAPUCA,Mata Atlântica
 1630036438 ,3804a291-d460-30de-b085-7226cd08ef65,  -28.896400 ,  -50.861390 ,2023-05-13 17:49:00,Brasil,RIO GRANDE DO SUL,CAXIAS DO SUL,Mata Atlântica
 1630036459 ,b6e0fc22-ee85-38f9-aef1-db39f03c8303,  -28.950040 ,  -52.735940 ,2023-05-13 17:49:00,Brasil,RIO GRANDE DO SUL,ESPUMOSO,Mata Atlântica
 1630036485 ,9412a76f-510c-3466-ba8f-cf4e55ed2e15,  -28.952110 ,  -52.748170 ,2023-05-13 17:49:00,Brasil,RIO GRANDE DO SUL,ESPUMOSO,Mata Atlântica
 1630036501 ,d155e33d-3458-39dd-a99b-b1e2ac320e78,  -29.460210 ,  -51.474370 ,2023-05-13 17:49:00,Brasil,RIO GRANDE DO SUL,SALVADOR DO SUL,Mata Atlântica
 1630036516 ,024b869b-42cc-3a19-823c-816dd559a239,  -29.611320 ,  -52.693480 ,2023-05-13 17:49:00,Brasil,RIO GRANDE DO SUL,VALE DO SOL,Mata Atlântica
 1630245471 ,40726fc7-eb92-386a-a0ce-2e055e735447,  -29.817110 ,  -51.595210 ,2023-05-15 17:34:00,Brasil,RIO GRANDE DO SUL,TRIUNFO,Pampa
 1630245472 ,3aacac5e-9055-3378-bc21-f6787c878f5e,  -30.322470 ,  -52.091660 ,2023-05-15 17:34:00,Brasil,RIO GRANDE DO SUL,BUTIÁ,Pampa
 1630245474 ,f72e8464-8d44-3854-916a-1295e498680a,  -30.897360 ,  -52.519790 ,2023-05-15 17:34:00,Brasil,RIO GRANDE DO SUL,ENCRUZILHADA DO SUL,Pampa
 1630245600 ,e555efa9-b11e-3eb1-8356-8549765ef81b,  -29.338110 ,  -50.562190 ,2023-05-15 17:34:00,Brasil,RIO GRANDE DO SUL,SÃO FRANCISCO DE PAULA,Mata Atlântica
 1630245754 ,0395adac-0d8f-330a-a645-20f344b9ce08,  -27.442900 ,  -53.186370 ,2023-05-15 17:37:00,Brasil,RIO GRANDE DO SUL,RODEIO BONITO,Mata Atlântica
 1630245765 ,6f321d57-4e48-3f97-91c9-ba1bec674c73,  -28.790240 ,  -50.371220 ,2023-05-15 17:34:00,Brasil,RIO GRANDE DO SUL,BOM JESUS,Mata Atlântica
 1630245768 ,bfb7058e-97b4-3424-8a32-a897198923ef,  -29.384430 ,  -51.467080 ,2023-05-15 17:34:00,Brasil,RIO GRANDE DO SUL,BARÃO,Mata Atlântica
 1630245771 ,7168b005-b741-3792-ac8f-fd4a00406eef,  -28.902900 ,  -50.847050 ,2023-05-15 17:34:00,Brasil,RIO GRANDE DO SUL,CAXIAS DO SUL,Mata Atlântica
 1630245773 ,8e1ab26c-9fa6-338a-85ef-f3419257b067,  -28.904550 ,  -50.857750 ,2023-05-15 17:34:00,Brasil,RIO GRANDE DO SUL,CAXIAS DO SUL,Mata Atlântica
 1630245774 ,e70ee145-8d3a-3b9d-8d96-1d91a93fb0c8,  -29.385970 ,  -51.477440 ,2023-05-15 17:34:00,Brasil,RIO GRANDE DO SUL,BARÃO,Mata Atlântica
 1630245776 ,514625c6-4d90-3e9d-bc8b-632589ad8eb0,  -29.424740 ,  -51.495990 ,2023-05-15 17:34:00,Brasil,RIO GRANDE DO SUL,SÃO PEDRO DA SERRA,Mata Atlântica
 1630245777 ,db221286-9163-3995-96a8-d7d4e10f52d3,  -29.517820 ,  -51.374540 ,2023-05-15 17:34:00,Brasil,RIO GRANDE DO SUL,BOM PRINCÍPIO,Mata Atlântica
 1630245780 ,f24bebb1-019f-39c0-8b97-f1b6bd4d2b4c,  -29.729070 ,  -51.618160 ,2023-05-15 17:34:00,Brasil,RIO GRANDE DO SUL,TRIUNFO,Pampa
 1630245783 ,631f946e-bc2f-36b2-b92a-b69f74049071,  -29.730590 ,  -51.628470 ,2023-05-15 17:34:00,Brasil,RIO GRANDE DO SUL,TRIUNFO,Pampa
 1630245785 ,fcc1452d-f661-314b-9689-a0d9ff6daa81,  -29.798310 ,  -51.964620 ,2023-05-15 17:34:00,Brasil,RIO GRANDE DO SUL,GENERAL CÂMARA,Pampa
 1630245786 ,55d1045c-5014-3d79-a057-a41ad0449ef8,  -29.800480 ,  -51.545380 ,2023-05-15 17:34:00,Brasil,RIO GRANDE DO SUL,TRIUNFO,Pampa
 1630245789 ,63ed8367-6065-3e1e-9aa5-e23af88f6444,  -29.802020 ,  -51.555710 ,2023-05-15 17:34:00,Brasil,RIO GRANDE DO SUL,TRIUNFO,Pampa
 1630245790 ,3ce87c54-a51c-3953-9485-36214643dcf0,  -29.815580 ,  -51.584880 ,2023-05-15 17:34:00,Brasil,RIO GRANDE DO SUL,TRIUNFO,Pampa
 1630376773 ,42a7444f-67d2-38d6-9566-c1e60325958d,  -30.947240 ,  -52.446630 ,2023-05-16 18:17:00,Brasil,RIO GRANDE DO SUL,CANGUÇU,Pampa
 1630376777 ,2840f47b-fad1-3c41-a373-799618670623,  -30.948740 ,  -52.453860 ,2023-05-16 18:17:00,Brasil,RIO GRANDE DO SUL,CANGUÇU,Pampa
 1630482214 ,0bbde8f9-531e-3cf6-bf12-86702398c02d,  -28.530480 ,  -51.289850 ,2023-05-17 17:22:00,Brasil,RIO GRANDE DO SUL,MUITOS CAPÕES,Mata Atlântica
 1630482215 ,adec21f0-a12f-3a42-ab3f-3e2520ac365b,  -28.531980 ,  -51.301510 ,2023-05-17 17:22:00,Brasil,RIO GRANDE DO SUL,MUITOS CAPÕES,Mata Atlântica
 1630482230 ,84ba1608-4ebc-34bf-b087-2e5c940a43e0,  -28.873270 ,  -50.547200 ,2023-05-17 17:22:00,Brasil,RIO GRANDE DO SUL,JAQUIRANA,Mata Atlântica
 1630482233 ,c9be44a0-46aa-346a-8e96-85ed00436447,  -29.451440 ,  -51.144320 ,2023-05-17 17:22:00,Brasil,RIO GRANDE DO SUL,PICADA CAFÉ,Mata Atlântica
 1630482237 ,14498db4-259c-3a27-8ea3-73b46fc55828,  -29.639220 ,  -51.690130 ,2023-05-17 17:22:00,Brasil,RIO GRANDE DO SUL,TABAÍ,Pampa
 1630482241 ,ad733873-40d2-32e7-a3f5-1f6805bcb22d,  -29.791300 ,  -51.602820 ,2023-05-17 17:22:00,Brasil,RIO GRANDE DO SUL,TRIUNFO,Pampa
 1630482245 ,451c5eb0-5dcb-3030-9daf-8a2e85a6b5ed,  -29.910080 ,  -55.970820 ,2023-05-17 17:22:00,Brasil,RIO GRANDE DO SUL,ALEGRETE,Pampa
 1630482248 ,6bd8fe45-84b9-3904-87cb-5feb2830c590,  -29.926840 ,  -52.580870 ,2023-05-17 17:22:00,Brasil,RIO GRANDE DO SUL,RIO PARDO,Pampa
 1630482252 ,5fdbcc10-dde7-3d55-b916-c2253524e4d7,  -30.080460 ,  -52.152350 ,2023-05-17 17:22:00,Brasil,RIO GRANDE DO SUL,MINAS DO LEÃO,Pampa
 1630482257 ,56708c29-b893-38e7-aa4d-8b2dbc87a657,  -30.082070 ,  -52.165940 ,2023-05-17 17:22:00,Brasil,RIO GRANDE DO SUL,RIO PARDO,Pampa
 1630482261 ,539534af-0de5-33b8-a9ee-bb0c3f1cc8a4,  -30.718710 ,  -51.548380 ,2023-05-17 17:22:00,Brasil,RIO GRANDE DO SUL,TAPES,Pampa
 1630482264 ,9a9de0fe-ea04-3626-aad6-3671eba3d383,  -30.796250 ,  -52.490600 ,2023-05-17 17:22:00,Brasil,RIO GRANDE DO SUL,ENCRUZILHADA DO SUL,Pampa
 1630482268 ,56a71091-f0b6-3f1d-a01e-8b8b8ac66c92,  -30.945430 ,  -52.432200 ,2023-05-17 17:20:00,Brasil,RIO GRANDE DO SUL,CANGUÇU,Pampa
 1630482272 ,0f98666b-97cf-3535-a9ad-3811bae78acd,  -30.947120 ,  -52.446910 ,2023-05-17 17:20:00,Brasil,RIO GRANDE DO SUL,CANGUÇU,Pampa
 1630482276 ,d2559bec-081f-339b-83aa-9a4a83356590,  -30.951630 ,  -52.440940 ,2023-05-17 17:20:00,Brasil,RIO GRANDE DO SUL,CANGUÇU,Pampa
 1630482279 ,6d6e9ae9-4bad-39e6-b2a8-0ce1d2c4471e,  -31.919090 ,  -52.891420 ,2023-05-17 17:20:00,Brasil,RIO GRANDE DO SUL,PEDRO OSÓRIO,Pampa
 1630482283 ,68e2a80d-b3d3-3f38-9e0c-52158b61ae8e,  -31.921610 ,  -52.902080 ,2023-05-17 17:20:00,Brasil,RIO GRANDE DO SUL,PEDRO OSÓRIO,Pampa
 1631023097 ,7994226e-0e11-3a1a-b31b-7987fd5b00ec,  -28.521460 ,  -51.303280 ,2023-05-22 17:34:00,Brasil,RIO GRANDE DO SUL,MUITOS CAPÕES,Mata Atlântica
 1631023098 ,1f71b431-f071-3568-826f-fa76261703da,  -29.233250 ,  -56.341390 ,2023-05-22 17:34:00,Brasil,RIO GRANDE DO SUL,ITAQUI,Pampa
 1631023099 ,06c43933-1d87-362b-a458-658d4842dad0,  -30.581430 ,  -52.364620 ,2023-05-22 17:34:00,Brasil,RIO GRANDE DO SUL,DOM FELICIANO,Pampa
 1631023100 ,a801290c-ab8d-3421-948d-00abb05507d9,  -30.582890 ,  -52.375100 ,2023-05-22 17:34:00,Brasil,RIO GRANDE DO SUL,DOM FELICIANO,Pampa
 1631120483 ,336f671f-6e2b-3063-bb03-0f203a364980,  -27.977960 ,  -55.005810 ,2023-05-23 18:17:00,Brasil,RIO GRANDE DO SUL,SÃO PAULO DAS MISSÕES,Mata Atlântica
 1631213193 ,1c650056-2e19-3522-a111-0a784dee4ea0,  -28.220540 ,  -50.796250 ,2023-05-24 17:22:00,Brasil,RIO GRANDE DO SUL,VACARIA,Mata Atlântica
 1631213194 ,a693d9c4-c2c0-346a-8d0d-dc4d097a08da,  -28.229960 ,  -50.795030 ,2023-05-24 17:22:00,Brasil,RIO GRANDE DO SUL,VACARIA,Mata Atlântica
 1631213202 ,ef6f01fa-79ed-3529-8b63-cd516adc952c,  -28.637000 ,  -50.336850 ,2023-05-24 17:22:00,Brasil,RIO GRANDE DO SUL,BOM JESUS,Mata Atlântica
 1631213217 ,865a2ba1-359e-3033-b560-148e1374be0e,  -28.920580 ,  -50.064950 ,2023-05-24 17:22:00,Brasil,RIO GRANDE DO SUL,CAMBARÁ DO SUL,Mata Atlântica
 1631213222 ,a06f499f-513e-3de8-a42d-f38bc52309c7,  -29.121460 ,  -51.979190 ,2023-05-24 17:22:00,Brasil,RIO GRANDE DO SUL,DOUTOR RICARDO,Mata Atlântica
 1631213227 ,26f8bc1f-992d-3d45-bc7f-3f407931232f,  -29.182290 ,  -50.590760 ,2023-05-24 17:22:00,Brasil,RIO GRANDE DO SUL,SÃO FRANCISCO DE PAULA,Mata Atlântica
 1631213231 ,28035b11-7610-3337-b4b4-a0300ebca777,  -29.190220 ,  -50.577920 ,2023-05-24 17:22:00,Brasil,RIO GRANDE DO SUL,SÃO FRANCISCO DE PAULA,Mata Atlântica
 1631213234 ,3ee4a142-0b1a-303c-815d-1e4225a48172,  -29.191670 ,  -50.589160 ,2023-05-24 17:22:00,Brasil,RIO GRANDE DO SUL,SÃO FRANCISCO DE PAULA,Mata Atlântica
 1631213238 ,d8037fce-d192-3dda-94cb-3395d8d2bc2a,  -29.344830 ,  -50.357160 ,2023-05-24 17:22:00,Brasil,RIO GRANDE DO SUL,SÃO FRANCISCO DE PAULA,Mata Atlântica
 1631213242 ,60ec3ea8-6303-3eb8-a9da-0ea2b4505a25,  -29.346270 ,  -50.368170 ,2023-05-24 17:22:00,Brasil,RIO GRANDE DO SUL,SÃO FRANCISCO DE PAULA,Mata Atlântica
 1631213246 ,fa694689-7d46-380f-83bb-54e3f6e0c3a6,  -29.431680 ,  -51.607720 ,2023-05-24 17:22:00,Brasil,RIO GRANDE DO SUL,SALVADOR DO SUL,Mata Atlântica
 1631213249 ,aeb9a275-4dee-3c27-b2fa-d2f6f33e847b,  -29.436880 ,  -51.568260 ,2023-05-24 17:22:00,Brasil,RIO GRANDE DO SUL,SALVADOR DO SUL,Mata Atlântica
 1631213253 ,1cb05664-49ba-3c46-bb05-230310912ab8,  -29.443980 ,  -51.212430 ,2023-05-24 17:22:00,Brasil,RIO GRANDE DO SUL,LINHA NOVA,Mata Atlântica
 1631213258 ,0a97acb5-468a-3cfb-91e4-b42dcebbd840,  -29.445550 ,  -51.225100 ,2023-05-24 17:22:00,Brasil,RIO GRANDE DO SUL,LINHA NOVA,Mata Atlântica
 1631213262 ,a26c7cd2-caa4-344a-8705-97351d94febc,  -29.514850 ,  -51.121320 ,2023-05-24 17:20:00,Brasil,RIO GRANDE DO SUL,PRESIDENTE LUCENA,Mata Atlântica
 1631213265 ,a3ece71e-cc08-3b4e-b781-b5baba02e1cf,  -29.516300 ,  -50.487170 ,2023-05-24 17:20:00,Brasil,RIO GRANDE DO SUL,SÃO FRANCISCO DE PAULA,Mata Atlântica
 1631213270 ,f112361f-f19a-3ab8-8790-1117105887cf,  -29.516350 ,  -51.133420 ,2023-05-24 17:20:00,Brasil,RIO GRANDE DO SUL,PRESIDENTE LUCENA,Mata Atlântica
 1631213275 ,0c5e74f3-1a6c-3dc5-ac8c-39f43a90bc90,  -29.517750 ,  -50.498420 ,2023-05-24 17:20:00,Brasil,RIO GRANDE DO SUL,SÃO FRANCISCO DE PAULA,Mata Atlântica
 1631213282 ,e6964f92-5e84-3b57-af80-79c20e57f0e8,  -29.622110 ,  -51.669890 ,2023-05-24 17:20:00,Brasil,RIO GRANDE DO SUL,PAVERAMA,Pampa
 1631213290 ,93b73a02-a0fe-3144-bc39-a90f786f913a,  -29.623680 ,  -51.682770 ,2023-05-24 17:20:00,Brasil,RIO GRANDE DO SUL,TABAÍ,Pampa
 1631213298 ,42091c3c-dcd0-3c2f-909e-b7b09e206efe,  -30.319190 ,  -50.972500 ,2023-05-24 17:20:00,Brasil,RIO GRANDE DO SUL,VIAMÃO,Pampa
 1631213307 ,1d8bf712-f571-33f0-839d-e6213618f124,  -30.320680 ,  -50.984560 ,2023-05-24 17:20:00,Brasil,RIO GRANDE DO SUL,VIAMÃO,Pampa
 1631306439 ,7577a977-91d8-3de0-a729-42487f6424bc,  -28.881590 ,  -50.115140 ,2023-05-25 18:02:00,Brasil,RIO GRANDE DO SUL,CAMBARÁ DO SUL,Mata Atlântica
 1631306443 ,944e9778-f12a-3a88-9501-560bbc4973a5,  -29.640340 ,  -51.690560 ,2023-05-25 18:02:00,Brasil,RIO GRANDE DO SUL,TABAÍ,Pampa
 1631306474 ,29a44677-536a-3e57-a62a-3a5624487eb8,  -29.781160 ,  -52.064880 ,2023-05-25 18:02:00,Brasil,RIO GRANDE DO SUL,VALE VERDE,Pampa
 1631306505 ,2fee6354-04a6-3e70-a927-120901119957,  -29.785210 ,  -52.085240 ,2023-05-25 18:02:00,Brasil,RIO GRANDE DO SUL,VALE VERDE,Pampa
 1631306562 ,e59eb5a6-3c96-341c-b154-24eee046e502,  -29.980590 ,  -54.830140 ,2023-05-25 18:02:00,Brasil,RIO GRANDE DO SUL,CACEQUI,Pampa
 1631306574 ,f412248f-81b1-334e-b1de-5ace4a37d239,  -28.885100 ,  -50.151050 ,2023-05-25 18:02:00,Brasil,RIO GRANDE DO SUL,CAMBARÁ DO SUL,Mata Atlântica
 1631306592 ,ccdc22fc-35cb-3ea2-b05b-c2771a2464cf,  -28.531450 ,  -50.148780 ,2023-05-25 18:02:00,Brasil,RIO GRANDE DO SUL,BOM JESUS,Mata Atlântica
 1631306597 ,6b61083f-2441-3b8a-a818-2860d05c3163,  -28.897850 ,  -50.856610 ,2023-05-25 18:02:00,Brasil,RIO GRANDE DO SUL,CAXIAS DO SUL,Mata Atlântica
 1631306601 ,fd8e4955-8495-3fa5-af8c-cc040fe00c34,  -29.983780 ,  -54.836350 ,2023-05-25 18:02:00,Brasil,RIO GRANDE DO SUL,CACEQUI,Pampa
 1631306646 ,8a6b0049-ae1e-3b16-ade4-6c8b8cdc2434,  -30.321950 ,  -50.998200 ,2023-05-25 18:02:00,Brasil,RIO GRANDE DO SUL,VIAMÃO,Pampa
 1631306709 ,dae015e9-711f-3894-a8f3-45dbe0d707d3,  -30.369630 ,  -52.345360 ,2023-05-25 18:02:00,Brasil,RIO GRANDE DO SUL,DOM FELICIANO,Pampa
 1631306716 ,dcfd924d-6841-33cc-a96b-be0ac3d5cbd1,  -28.980240 ,  -51.013690 ,2023-05-25 18:02:00,Brasil,RIO GRANDE DO SUL,SÃO MARCOS,Mata Atlântica
 1631306745 ,e4935f87-f430-371a-8045-bb09a11a616d,  -30.621060 ,  -54.548680 ,2023-05-25 18:02:00,Brasil,RIO GRANDE DO SUL,LAVRAS DO SUL,Pampa
 1631306792 ,59318aab-95cd-354a-942f-04e9a22ad084,  -28.537470 ,  -50.176530 ,2023-05-25 18:02:00,Brasil,RIO GRANDE DO SUL,BOM JESUS,Mata Atlântica
 1631306797 ,70eb7329-2c18-32fc-888d-e0a837343f58,  -29.416710 ,  -50.917720 ,2023-05-25 18:02:00,Brasil,RIO GRANDE DO SUL,GRAMADO,Mata Atlântica
 1631306801 ,a8f380ef-d9c5-3c18-807f-e839304f6552,  -30.623520 ,  -54.562520 ,2023-05-25 18:02:00,Brasil,RIO GRANDE DO SUL,LAVRAS DO SUL,Pampa
 1631306807 ,eedddd8b-0a9a-3bfd-b48d-2738f290a4ac,  -30.650910 ,  -52.351480 ,2023-05-25 18:02:00,Brasil,RIO GRANDE DO SUL,ENCRUZILHADA DO SUL,Pampa
 1631306822 ,c283facd-248b-383d-9ebb-942bb6e535fa,  -29.513780 ,  -50.556680 ,2023-05-25 18:02:00,Brasil,RIO GRANDE DO SUL,SÃO FRANCISCO DE PAULA,Mata Atlântica
 1631306823 ,4cc2c1f5-4ed8-3e59-8b1b-f05ce1cf8bd3,  -30.725950 ,  -52.734150 ,2023-05-25 18:02:00,Brasil,RIO GRANDE DO SUL,ENCRUZILHADA DO SUL,Pampa
 1631306838 ,0edb990d-9e81-3e51-984f-e765f818e3c4,  -31.666120 ,  -52.375530 ,2023-05-25 18:02:00,Brasil,RIO GRANDE DO SUL,PELOTAS,Pampa
 1631306850 ,c02edde7-b120-3a26-adb2-af033c70555d,  -28.879190 ,  -50.123150 ,2023-05-25 18:02:00,Brasil,RIO GRANDE DO SUL,CAMBARÁ DO SUL,Mata Atlântica
 1631306854 ,840464db-425d-3752-8c83-d3a8d921cd17,  -29.543900 ,  -50.970760 ,2023-05-25 18:02:00,Brasil,RIO GRANDE DO SUL,SAPIRANGA,Mata Atlântica
 1631306855 ,73bec30f-6dcc-366f-bcb3-8f4cb03a31f0,  -31.813180 ,  -53.505470 ,2023-05-25 18:02:00,Brasil,RIO GRANDE DO SUL,PEDRAS ALTAS,Pampa
 1631306885 ,41572b53-f5c9-3162-b2f6-a2f9e117b5cd,  -29.553350 ,  -51.213010 ,2023-05-25 18:02:00,Brasil,RIO GRANDE DO SUL,PRESIDENTE LUCENA,Mata Atlântica
 1631878576 ,794fc894-92af-3a4f-b434-976a2fdf3c5b,  -29.730830 ,  -51.623900 ,2023-05-31 17:20:00,Brasil,RIO GRANDE DO SUL,TRIUNFO,Pampa
 1631878577 ,ae2b2142-8edf-3db1-84e1-4cadaeb3ce40,  -29.779740 ,  -51.776710 ,2023-05-31 17:20:00,Brasil,RIO GRANDE DO SUL,TAQUARI,Pampa
 1631970737 ,16682b70-b2e6-313b-85d5-105023d644c4,  -30.411080 ,  -52.621220 ,2023-06-01 18:02:00,Brasil,RIO GRANDE DO SUL,ENCRUZILHADA DO SUL,Pampa
 1631970754 ,a42fe583-9327-3be4-95cf-2da56c6c47cf,  -30.729870 ,  -52.775560 ,2023-06-01 18:02:00,Brasil,RIO GRANDE DO SUL,ENCRUZILHADA DO SUL,Pampa
 1632072101 ,bb60805f-b5d7-39e4-bfd0-9cc7341cf66c,  -29.701880 ,  -51.588760 ,2023-06-02 17:07:00,Brasil,RIO GRANDE DO SUL,MONTENEGRO,Pampa
 1632072104 ,41593900-9867-3eb3-bb46-67f910af3e2d,  -30.400080 ,  -52.621900 ,2023-06-02 17:07:00,Brasil,RIO GRANDE DO SUL,ENCRUZILHADA DO SUL,Pampa
 1632072108 ,d701a77e-755d-3360-bb21-1d038892123a,  -31.116240 ,  -53.706870 ,2023-06-02 17:07:00,Brasil,RIO GRANDE DO SUL,BAGÉ,Pampa
 1632072112 ,bdadf10c-6baf-3803-b99d-9e71271f6d48,  -31.982480 ,  -53.279480 ,2023-06-02 17:05:00,Brasil,RIO GRANDE DO SUL,HERVAL,Pampa
 1632072116 ,d79872d3-8e13-3011-841f-90dfbfcec949,  -31.984800 ,  -53.310830 ,2023-06-02 17:05:00,Brasil,RIO GRANDE DO SUL,HERVAL,Pampa
 1632212858 ,32fa6502-6a17-37a6-a590-434c29df1f7e,  -29.531530 ,  -56.273140 ,2023-06-03 17:49:00,Brasil,RIO GRANDE DO SUL,ALEGRETE,Pampa
 1632212859 ,c3cc8420-77d8-3814-9ca9-df07d5ecfc86,  -29.532970 ,  -56.283680 ,2023-06-03 17:49:00,Brasil,RIO GRANDE DO SUL,ALEGRETE,Pampa
 1632212862 ,cea0ff1e-631b-36ac-a512-09629823af9e,  -28.621580 ,  -55.490750 ,2023-06-03 17:49:00,Brasil,RIO GRANDE DO SUL,SANTO ANTÔNIO DAS MISSÕES,Pampa
 1632212864 ,29fff89b-624c-3496-a696-db7a34812d16,  -29.499850 ,  -55.653830 ,2023-06-03 17:49:00,Brasil,RIO GRANDE DO SUL,MANOEL VIANA,Pampa
 1632213288 ,65733358-f516-36a7-b334-b73d029891db,  -31.326920 ,  -53.249970 ,2023-06-03 17:47:00,Brasil,RIO GRANDE DO SUL,PIRATINI,Pampa
 1632213323 ,4d54f618-4911-3ab7-8a65-19d4e842ab98,  -29.740990 ,  -50.827810 ,2023-06-03 17:49:00,Brasil,RIO GRANDE DO SUL,TAQUARA,Mata Atlântica
 1632213329 ,3d6fb06c-f3a0-39fb-aad8-6abfa3348fb2,  -29.712560 ,  -51.535230 ,2023-06-03 17:49:00,Brasil,RIO GRANDE DO SUL,MONTENEGRO,Pampa
 1632213335 ,9ed2e0f4-3d42-3ec5-a80e-a3ba12911b67,  -29.714810 ,  -51.548220 ,2023-06-03 17:49:00,Brasil,RIO GRANDE DO SUL,MONTENEGRO,Pampa
 1632213343 ,a7e3c11c-dd6a-3c2e-bf72-3aeda4a79338,  -29.722540 ,  -51.533010 ,2023-06-03 17:49:00,Brasil,RIO GRANDE DO SUL,MONTENEGRO,Pampa
 1632213349 ,18568b3b-d4b7-3a6b-bd14-24889b14d886,  -29.724790 ,  -51.546060 ,2023-06-03 17:49:00,Brasil,RIO GRANDE DO SUL,MONTENEGRO,Pampa
 1632213355 ,49b15070-3a6a-3fea-a3ee-9dcc61d7ccb8,  -30.128650 ,  -51.862270 ,2023-06-03 17:49:00,Brasil,RIO GRANDE DO SUL,BUTIÁ,Pampa
 1632213361 ,c6a65142-8846-38de-ae31-b0dae07a1934,  -28.484270 ,  -50.749760 ,2023-06-03 17:49:00,Brasil,RIO GRANDE DO SUL,VACARIA,Mata Atlântica
 1632407302 ,c9437d9e-b9a6-3615-a5ce-bf3894ad8456,  -30.724590 ,  -52.776740 ,2023-06-05 17:34:00,Brasil,RIO GRANDE DO SUL,ENCRUZILHADA DO SUL,Pampa
 1632407303 ,7540a710-1d61-36dd-9042-585c24a64375,  -30.726070 ,  -52.787750 ,2023-06-05 17:34:00,Brasil,RIO GRANDE DO SUL,ENCRUZILHADA DO SUL,Pampa
 1632621530 ,900ac13f-7658-33ab-a042-6a8104928954,  -27.631370 ,  -53.618920 ,2023-06-07 17:20:00,Brasil,RIO GRANDE DO SUL,REDENTORA,Mata Atlântica
 1632621768 ,045b9965-e162-333e-8095-57e42207f4fe,  -28.489100 ,  -50.754950 ,2023-06-07 17:20:00,Brasil,RIO GRANDE DO SUL,VACARIA,Mata Atlântica
 1632621772 ,56569e6c-07a4-3b38-8c0b-1a9c6467c11f,  -28.498640 ,  -50.753360 ,2023-06-07 17:20:00,Brasil,RIO GRANDE DO SUL,VACARIA,Mata Atlântica
 1632621780 ,57673ba1-e2a9-37b9-bfaf-6aeb392a1a51,  -28.894410 ,  -52.095700 ,2023-06-07 17:20:00,Brasil,RIO GRANDE DO SUL,ILÓPOLIS,Mata Atlântica
 1632621783 ,0e858d8d-8dcb-358d-a246-5da0a8a31f24,  -28.896020 ,  -52.109450 ,2023-06-07 17:20:00,Brasil,RIO GRANDE DO SUL,ILÓPOLIS,Mata Atlântica
 1632621788 ,7a1fe1d1-6930-3946-b694-05387de63b34,  -28.916050 ,  -50.066340 ,2023-06-07 17:20:00,Brasil,RIO GRANDE DO SUL,CAMBARÁ DO SUL,Mata Atlântica
 1632621794 ,de971ea7-3617-3955-936c-ec8b44d66f26,  -28.978950 ,  -51.954430 ,2023-06-07 17:20:00,Brasil,RIO GRANDE DO SUL,ANTA GORDA,Mata Atlântica
 1632621798 ,3d0fad82-9b1b-3493-8445-252ea9e0d8cd,  -29.544970 ,  -50.528530 ,2023-06-07 17:20:00,Brasil,RIO GRANDE DO SUL,ROLANTE,Mata Atlântica
 1632621801 ,5b259e67-d740-36af-a029-e32ed94f0ea2,  -29.621140 ,  -51.645820 ,2023-06-07 17:20:00,Brasil,RIO GRANDE DO SUL,PAVERAMA,Pampa
 1632621805 ,d1d92637-e67f-3817-a273-c6fda53061e9,  -29.627940 ,  -51.794880 ,2023-06-07 17:20:00,Brasil,RIO GRANDE DO SUL,TAQUARI,Pampa
 1632621809 ,b068f825-bd47-3cdf-9f58-0011fb23a831,  -29.767010 ,  -53.840030 ,2023-06-07 17:20:00,Brasil,RIO GRANDE DO SUL,SANTA MARIA,Pampa
 1632621813 ,867aec8b-30cb-3750-b38a-1b13d59c4f7b,  -29.795710 ,  -51.757450 ,2023-06-07 17:20:00,Brasil,RIO GRANDE DO SUL,TRIUNFO,Pampa
 1632621816 ,fc252341-4868-365a-99fb-97c3fc899959,  -29.803740 ,  -51.646200 ,2023-06-07 17:20:00,Brasil,RIO GRANDE DO SUL,TRIUNFO,Pampa
 1632621820 ,08264127-816c-3e0f-b6a1-026676093d64,  -30.454420 ,  -52.697820 ,2023-06-07 17:20:00,Brasil,RIO GRANDE DO SUL,ENCRUZILHADA DO SUL,Pampa
 1632621825 ,b0a2393c-3e58-337c-a2ed-4ba9a46e1612,  -30.455150 ,  -52.692510 ,2023-06-07 17:20:00,Brasil,RIO GRANDE DO SUL,ENCRUZILHADA DO SUL,Pampa
 1632621829 ,b1f21528-f546-3f7e-93e8-347d0aeae3d4,  -30.456790 ,  -52.708180 ,2023-06-07 17:20:00,Brasil,RIO GRANDE DO SUL,ENCRUZILHADA DO SUL,Pampa
 1632621832 ,629ec6a5-920a-3a96-8fb7-b79b8aa67fbb,  -30.588570 ,  -51.670000 ,2023-06-07 17:20:00,Brasil,RIO GRANDE DO SUL,CERRO GRANDE DO SUL,Pampa
 1632729613 ,b2e73132-0149-3130-ac8d-5f7732229531,  -29.098560 ,  -53.712500 ,2023-06-08 18:02:00,Brasil,RIO GRANDE DO SUL,TUPANCIRETÃ,Pampa
 1632729620 ,752d4e00-e51d-334f-87f0-523bcfeac5bb,  -29.100390 ,  -53.705300 ,2023-06-08 18:02:00,Brasil,RIO GRANDE DO SUL,TUPANCIRETÃ,Pampa
 1632729704 ,af0358d0-c475-3e85-91b2-8e1359378d6d,  -30.402720 ,  -52.615490 ,2023-06-08 18:02:00,Brasil,RIO GRANDE DO SUL,ENCRUZILHADA DO SUL,Pampa
 1632729707 ,f5474966-5d82-3d54-9f9f-edf938710d75,  -30.568600 ,  -53.002750 ,2023-06-08 18:02:00,Brasil,RIO GRANDE DO SUL,CACHOEIRA DO SUL,Pampa
 1632729711 ,ddec2538-c4ff-3130-b007-8b4cf6a4ac74,  -30.569990 ,  -52.395260 ,2023-06-08 18:02:00,Brasil,RIO GRANDE DO SUL,DOM FELICIANO,Pampa
 1632729715 ,85dbcbf7-136e-364e-ae39-4f112cfea2e3,  -30.620940 ,  -52.474340 ,2023-06-08 18:02:00,Brasil,RIO GRANDE DO SUL,ENCRUZILHADA DO SUL,Pampa
 1632729725 ,bfb6b603-31f5-30eb-bd70-731fb17e9b7c,  -29.239320 ,  -52.534580 ,2023-06-08 18:02:00,Brasil,RIO GRANDE DO SUL,GRAMADO XAVIER,Mata Atlântica
 1632729761 ,d9c6a250-e080-34c5-b177-03664a5f94dc,  -29.594890 ,  -51.562740 ,2023-06-08 18:02:00,Brasil,RIO GRANDE DO SUL,MARATÁ,Mata Atlântica
 1632729763 ,4f737fb2-6198-343e-956e-87b12b8228b5,  -28.617900 ,  -55.802470 ,2023-06-08 18:02:00,Brasil,RIO GRANDE DO SUL,SÃO BORJA,Pampa
 1632729765 ,d06350cf-4f68-395a-998a-6d50d6c057e9,  -29.805080 ,  -51.750260 ,2023-06-08 18:02:00,Brasil,RIO GRANDE DO SUL,TRIUNFO,Pampa
 1632729766 ,3b1d7cbb-6161-3bdd-a34d-7889dae2922e,  -28.913850 ,  -56.099910 ,2023-06-08 18:02:00,Brasil,RIO GRANDE DO SUL,ITAQUI,Pampa
 1632729769 ,3492b69a-5844-3430-a443-bfd4db1284de,  -28.950260 ,  -50.993920 ,2023-06-08 18:02:00,Brasil,RIO GRANDE DO SUL,SÃO MARCOS,Mata Atlântica
 1632729773 ,a7d8faee-d7cd-32f8-b8ad-be4c3a1418f8,  -28.959950 ,  -50.984230 ,2023-06-08 18:02:00,Brasil,RIO GRANDE DO SUL,SÃO MARCOS,Mata Atlântica
 1632729858 ,b6cb0493-715b-384f-a57b-22a75f842fd6,  -29.756580 ,  -53.822520 ,2023-06-08 18:02:00,Brasil,RIO GRANDE DO SUL,SANTA MARIA,Pampa
 1632729859 ,260f7499-ddab-30c0-9835-34f5d8dd7287,  -29.759250 ,  -53.837400 ,2023-06-08 18:02:00,Brasil,RIO GRANDE DO SUL,SANTA MARIA,Pampa
 1632729862 ,2eba419b-5487-3fe6-a79c-5318e2d43ce7,  -28.569290 ,  -53.658720 ,2023-06-08 18:02:00,Brasil,RIO GRANDE DO SUL,CRUZ ALTA,Mata Atlântica
 1632729864 ,03800860-b2fa-3ace-b8c4-99abbd9bfa86,  -29.095790 ,  -53.697110 ,2023-06-08 18:02:00,Brasil,RIO GRANDE DO SUL,TUPANCIRETÃ,Pampa
 1632846406 ,3e4c3cb7-f2ea-3fd3-af9a-995bff793bdd,  -27.804340 ,  -51.945070 ,2023-06-09 17:07:00,Brasil,RIO GRANDE DO SUL,CENTENÁRIO,Mata Atlântica
 1632846417 ,f7b2a64a-deae-3f03-9315-ee48d1900ad7,  -28.339780 ,  -50.829290 ,2023-06-09 17:07:00,Brasil,RIO GRANDE DO SUL,VACARIA,Mata Atlântica
 1632846418 ,c8fbda47-d4b1-3041-ae5c-fa795383cc26,  -28.344380 ,  -50.823900 ,2023-06-09 17:07:00,Brasil,RIO GRANDE DO SUL,VACARIA,Mata Atlântica
 1632846420 ,072884c3-288a-3388-a58d-a9375d89bd0b,  -28.677370 ,  -55.734580 ,2023-06-09 17:07:00,Brasil,RIO GRANDE DO SUL,SÃO BORJA,Pampa
 1632846421 ,9343b341-c394-39cb-b62f-189ec7e7f509,  -28.680280 ,  -55.776450 ,2023-06-09 17:07:00,Brasil,RIO GRANDE DO SUL,SÃO BORJA,Pampa
 1632846424 ,634b86b6-e3b4-3ac7-ad31-0beac76cd322,  -28.683970 ,  -55.768300 ,2023-06-09 17:07:00,Brasil,RIO GRANDE DO SUL,SÃO BORJA,Pampa
 1632846427 ,42eaf401-41f0-3126-9d2b-e732bbadf545,  -28.891340 ,  -50.854760 ,2023-06-09 17:07:00,Brasil,RIO GRANDE DO SUL,CAXIAS DO SUL,Mata Atlântica
 1632846429 ,32a8e159-f8af-3e2e-81e3-c4151b776152,  -28.899710 ,  -50.858320 ,2023-06-09 17:07:00,Brasil,RIO GRANDE DO SUL,CAXIAS DO SUL,Mata Atlântica
 1632846430 ,c462a46d-93b3-3d03-a803-e65bac2594b2,  -29.753840 ,  -51.504630 ,2023-06-09 17:05:00,Brasil,RIO GRANDE DO SUL,MONTENEGRO,Pampa
 1632846433 ,03dc3209-d3ff-33a5-a627-d6b0a7be91b7,  -29.779730 ,  -53.314330 ,2023-06-09 17:05:00,Brasil,RIO GRANDE DO SUL,RESTINGA SÊCA,Pampa
 1632846434 ,4055e8d0-44d0-3215-86fc-c8784b5a3120,  -29.914300 ,  -51.564600 ,2023-06-09 17:05:00,Brasil,RIO GRANDE DO SUL,TRIUNFO,Pampa
 1632846436 ,6152bd1f-cf55-30e5-8ff7-5aeb3e8a9f7b,  -30.450870 ,  -52.703490 ,2023-06-09 17:05:00,Brasil,RIO GRANDE DO SUL,ENCRUZILHADA DO SUL,Pampa
 1632956921 ,2ec6d797-e261-3784-a2eb-94ceba18abfc,  -28.749910 ,  -55.356090 ,2023-06-10 17:49:00,Brasil,RIO GRANDE DO SUL,ITACURUBI,Pampa
 1632957263 ,e965ca98-1e8b-332c-a205-69b08bf66796,  -28.900140 ,  -50.864870 ,2023-06-10 17:47:00,Brasil,RIO GRANDE DO SUL,CAXIAS DO SUL,Mata Atlântica
 1633144273 ,d7d26425-dbe5-3d6d-946e-435f096030ef,  -30.732170 ,  -52.782050 ,2023-06-12 17:34:00,Brasil,RIO GRANDE DO SUL,ENCRUZILHADA DO SUL,Pampa
 1633964158 ,9437240e-ee4e-33cd-884a-5a7b274d943a,  -28.521450 ,  -50.588130 ,2023-06-19 17:34:00,Brasil,RIO GRANDE DO SUL,BOM JESUS,Mata Atlântica
 1633964159 ,e7a3f871-565f-32a6-b3d3-42e941657daa,  -28.594920 ,  -53.539830 ,2023-06-19 17:34:00,Brasil,RIO GRANDE DO SUL,CRUZ ALTA,Mata Atlântica
 1633964160 ,d1995747-91f4-3f35-aded-f2678d4f6f9f,  -28.596390 ,  -53.551110 ,2023-06-19 17:34:00,Brasil,RIO GRANDE DO SUL,CRUZ ALTA,Mata Atlântica
 1633964187 ,6a5f7d60-c1d6-35c1-893c-fa4ce0e87bf6,  -30.400230 ,  -52.623540 ,2023-06-19 17:32:00,Brasil,RIO GRANDE DO SUL,ENCRUZILHADA DO SUL,Pampa
 1633964188 ,125865c7-9eb0-35bc-9c21-115cbde02b17,  -30.401700 ,  -52.634620 ,2023-06-19 17:32:00,Brasil,RIO GRANDE DO SUL,ENCRUZILHADA DO SUL,Pampa
 1634952266 ,f98c1943-8fbe-3620-80e9-e3a02c7f8448,  -29.196710 ,  -52.919460 ,2023-06-26 17:32:00,Brasil,RIO GRANDE DO SUL,SEGREDO,Mata Atlântica
 1634952419 ,180e16bb-8583-3ad2-b1b5-2bb07b6d4bbf,  -27.845990 ,  -51.363080 ,2023-06-26 17:32:00,Brasil,RIO GRANDE DO SUL,PINHAL DA SERRA,Mata Atlântica
 1635876278 ,3502ecf7-4bd5-38d2-96fb-08c74d7b3eb4,  -29.830410 ,  -52.010230 ,2023-07-03 17:32:00,Brasil,RIO GRANDE DO SUL,GENERAL CÂMARA,Pampa
 1635876281 ,ab29fe7d-b181-3338-a569-d75bd404f15f,  -30.473410 ,  -52.651450 ,2023-07-03 17:32:00,Brasil,RIO GRANDE DO SUL,ENCRUZILHADA DO SUL,Pampa
 1635876282 ,eb962349-745d-34f2-8af8-baebe84b9ab6,  -30.481400 ,  -52.638230 ,2023-07-03 17:32:00,Brasil,RIO GRANDE DO SUL,ENCRUZILHADA DO SUL,Pampa
 1635876284 ,dd60a479-c706-325d-bfce-4e6358d25e03,  -30.482870 ,  -52.649730 ,2023-07-03 17:32:00,Brasil,RIO GRANDE DO SUL,ENCRUZILHADA DO SUL,Pampa
 1635876285 ,af39f358-4f67-3497-b519-945222cb3f25,  -30.735530 ,  -52.779580 ,2023-07-03 17:32:00,Brasil,RIO GRANDE DO SUL,ENCRUZILHADA DO SUL,Pampa
 1635876288 ,23bf1a2d-69c9-3e1e-b27d-ccb95e2bee7e,  -30.889040 ,  -52.621330 ,2023-07-03 17:30:00,Brasil,RIO GRANDE DO SUL,ENCRUZILHADA DO SUL,Pampa
 1635876290 ,cf43d0eb-461f-3113-bd1a-94bd39f67a7e,  -28.943580 ,  -55.312760 ,2023-07-03 17:32:00,Brasil,RIO GRANDE DO SUL,ITACURUBI,Pampa
 1635876292 ,b960713a-cc81-35ca-8b6a-e1cc359c5134,  -29.307060 ,  -53.812610 ,2023-07-03 17:32:00,Brasil,RIO GRANDE DO SUL,JÚLIO DE CASTILHOS,Pampa
 1635876461 ,fa153c83-e3c5-3fe7-bade-f8e62bfecd14,  -29.128120 ,  -52.945450 ,2023-07-03 17:32:00,Brasil,RIO GRANDE DO SUL,TUNAS,Mata Atlântica
 1635876470 ,d141b76b-0b7d-366b-ae54-affaa37e01c9,  -29.717540 ,  -51.848380 ,2023-07-03 17:32:00,Brasil,RIO GRANDE DO SUL,TAQUARI,Mata Atlântica
 1636057106 ,197e1f0a-a4c9-3b5b-8b75-9b9427da4026,  -29.430260 ,  -51.047070 ,2023-07-04 18:11:00,Brasil,RIO GRANDE DO SUL,NOVA PETRÓPOLIS,Mata Atlântica
 1636057110 ,971f3d4d-09a6-3e89-9fd7-6a22879b2ceb,  -29.433750 ,  -51.072110 ,2023-07-04 18:11:00,Brasil,RIO GRANDE DO SUL,NOVA PETRÓPOLIS,Mata Atlântica
 1636057113 ,90496898-8e96-37d1-8e0d-00f81670473f,  -29.437130 ,  -51.078240 ,2023-07-04 18:11:00,Brasil,RIO GRANDE DO SUL,NOVA PETRÓPOLIS,Mata Atlântica
 1636195045 ,1e16c639-a5a7-39a3-89c5-09e079974fe2,  -30.200140 ,  -54.643910 ,2023-07-05 17:17:00,Brasil,RIO GRANDE DO SUL,SÃO GABRIEL,Pampa
 1636195048 ,c1f845c5-cd4e-3e0d-a794-ac2c5f5b7587,  -30.208320 ,  -54.636190 ,2023-07-05 17:17:00,Brasil,RIO GRANDE DO SUL,SÃO GABRIEL,Pampa
 1636195050 ,51b6e104-4f6d-3554-94d0-d0a35081d38c,  -30.320980 ,  -54.829540 ,2023-07-05 17:17:00,Brasil,RIO GRANDE DO SUL,SÃO GABRIEL,Pampa
 1636195052 ,60e68961-c28b-39df-bef7-79a9ef11ccb6,  -30.323230 ,  -54.855360 ,2023-07-05 17:17:00,Brasil,RIO GRANDE DO SUL,ROSÁRIO DO SUL,Pampa
 1636195053 ,c8d463c5-6e01-3fe2-adb1-c200f523b3a6,  -30.326970 ,  -54.824020 ,2023-07-05 17:17:00,Brasil,RIO GRANDE DO SUL,SÃO GABRIEL,Pampa
 1636195056 ,99358cdc-f359-3978-9e6d-e50ed455225e,  -30.329060 ,  -54.849860 ,2023-07-05 17:17:00,Brasil,RIO GRANDE DO SUL,ROSÁRIO DO SUL,Pampa
 1636195272 ,877dbffb-61de-3d16-9747-3d4544466017,  -29.206740 ,  -52.589680 ,2023-07-05 17:17:00,Brasil,RIO GRANDE DO SUL,BARROS CASSAL,Mata Atlântica
 1636195276 ,45150a41-aa59-399b-a221-25d6bbfd09a7,  -29.210420 ,  -52.594600 ,2023-07-05 17:17:00,Brasil,RIO GRANDE DO SUL,BARROS CASSAL,Mata Atlântica
 1636195279 ,2c6903db-0a5c-38bb-a7bd-cbc772896956,  -29.386600 ,  -52.344640 ,2023-07-05 17:17:00,Brasil,RIO GRANDE DO SUL,VENÂNCIO AIRES,Mata Atlântica
 1636195283 ,ddc58a87-8463-3258-884c-2fad4dbdf576,  -29.388290 ,  -52.360970 ,2023-07-05 17:17:00,Brasil,RIO GRANDE DO SUL,VENÂNCIO AIRES,Mata Atlântica
 1636195519 ,1f4a6fa4-9f8a-35dc-8c19-4d79d8e540f7,  -28.874620 ,  -50.552030 ,2023-07-05 17:17:00,Brasil,RIO GRANDE DO SUL,JAQUIRANA,Mata Atlântica
 1636387141 ,6c4b7314-d5c0-3102-a4e7-ec695b4e081c,  -29.671390 ,  -51.289540 ,2023-07-06 17:58:00,Brasil,RIO GRANDE DO SUL,CAPELA DE SANTANA,Pampa
 1636387143 ,c2815032-a02c-3323-ad27-53518055ac23,  -29.795040 ,  -51.471260 ,2023-07-06 17:58:00,Brasil,RIO GRANDE DO SUL,MONTENEGRO,Pampa
 1636387144 ,d2f13ca0-16da-3580-b00f-ab4cf8917850,  -29.798550 ,  -51.489160 ,2023-07-06 17:58:00,Brasil,RIO GRANDE DO SUL,MONTENEGRO,Pampa
 1636387145 ,044e4605-7f81-31e4-8274-42b8b7b62119,  -29.800320 ,  -51.475570 ,2023-07-06 17:58:00,Brasil,RIO GRANDE DO SUL,MONTENEGRO,Pampa
 1636387146 ,d1d672e6-ff26-39da-98c6-6d52cd7ca253,  -29.803710 ,  -51.493530 ,2023-07-06 17:58:00,Brasil,RIO GRANDE DO SUL,MONTENEGRO,Pampa
 1636387147 ,5d7813b9-85c3-3198-a706-4c48d013aef5,  -30.392390 ,  -52.619960 ,2023-07-06 17:58:00,Brasil,RIO GRANDE DO SUL,ENCRUZILHADA DO SUL,Pampa
 1636387441 ,73517534-3179-3599-bb23-ab6669d033d5,  -28.221240 ,  -51.307480 ,2023-07-06 17:58:00,Brasil,RIO GRANDE DO SUL,MUITOS CAPÕES,Mata Atlântica
 1636387457 ,d9319d7b-e172-3b5c-a0ba-f6156235d531,  -28.973880 ,  -50.156130 ,2023-07-06 17:58:00,Brasil,RIO GRANDE DO SUL,CAMBARÁ DO SUL,Mata Atlântica
 1636387474 ,13ce5298-4110-3700-849a-8afe765ad204,  -29.162540 ,  -52.545250 ,2023-07-06 17:58:00,Brasil,RIO GRANDE DO SUL,BARROS CASSAL,Mata Atlântica
 1636387489 ,6d9e14b0-e8ff-3f13-a0dc-6f2500aee0bf,  -29.562520 ,  -51.046040 ,2023-07-06 17:58:00,Brasil,RIO GRANDE DO SUL,SAPIRANGA,Mata Atlântica
 1638117685 ,c4712691-7634-3974-8ff5-6610dbe8b9bb,  -28.562580 ,  -49.940960 ,2023-07-15 17:43:00,Brasil,RIO GRANDE DO SUL,SÃO JOSÉ DOS AUSENTES,Mata Atlântica
 1638544966 ,017c7209-2ab4-372f-a6ad-fcdb0b59a03a,  -30.471540 ,  -52.639070 ,2023-07-17 17:28:00,Brasil,RIO GRANDE DO SUL,ENCRUZILHADA DO SUL,Pampa
 1638545068 ,12651680-f782-3f98-a8e5-6e095718d6db,  -29.036850 ,  -50.732850 ,2023-07-17 17:28:00,Brasil,RIO GRANDE DO SUL,SÃO FRANCISCO DE PAULA,Mata Atlântica
 1638545072 ,cf701490-c5a5-3766-8804-a3a7531c0e19,  -30.400090 ,  -52.625240 ,2023-07-17 17:28:00,Brasil,RIO GRANDE DO SUL,ENCRUZILHADA DO SUL,Pampa
 1638545073 ,525039b8-4bce-3450-b7ae-4200116440b0,  -30.473070 ,  -52.651440 ,2023-07-17 17:28:00,Brasil,RIO GRANDE DO SUL,ENCRUZILHADA DO SUL,Pampa
 1638545082 ,6a513586-af7a-34ae-baf5-a22782ec67fd,  -30.401580 ,  -52.637610 ,2023-07-17 17:28:00,Brasil,RIO GRANDE DO SUL,ENCRUZILHADA DO SUL,Pampa
 1638545088 ,67c918a6-dd45-378a-8839-d7f9b1357562,  -28.560750 ,  -50.101170 ,2023-07-17 17:28:00,Brasil,RIO GRANDE DO SUL,BOM JESUS,Mata Atlântica
 1638545089 ,23bf8fc7-e281-347b-8370-0c520ec51b4e,  -29.034970 ,  -50.652540 ,2023-07-17 17:28:00,Brasil,RIO GRANDE DO SUL,SÃO FRANCISCO DE PAULA,Mata Atlântica
 1638545091 ,4778f9c0-ff94-3c2b-a445-975fb3261500,  -29.036400 ,  -50.662860 ,2023-07-17 17:28:00,Brasil,RIO GRANDE DO SUL,SÃO FRANCISCO DE PAULA,Mata Atlântica
 1638789216 ,1cc39ead-fd24-371a-8361-921f25487c89,  -29.940800 ,  -54.767160 ,2023-07-18 18:09:00,Brasil,RIO GRANDE DO SUL,CACEQUI,Pampa
 1638789217 ,bf4cfadf-d8cb-3ac8-8bf4-379c052a4b6a,  -29.943940 ,  -54.783700 ,2023-07-18 18:09:00,Brasil,RIO GRANDE DO SUL,CACEQUI,Pampa
 1638789218 ,11373078-46b1-3548-81cc-eb7185136b8e,  -30.475520 ,  -52.638680 ,2023-07-18 18:09:00,Brasil,RIO GRANDE DO SUL,ENCRUZILHADA DO SUL,Pampa
 1638789219 ,ed3b5a75-16fd-3e62-b666-00a06f30146b,  -31.115020 ,  -53.353800 ,2023-07-18 18:09:00,Brasil,RIO GRANDE DO SUL,PINHEIRO MACHADO,Pampa
 1638966398 ,22dfef59-e169-3a85-a697-0c05a38d0505,  -30.464700 ,  -52.651240 ,2023-07-19 17:13:00,Brasil,RIO GRANDE DO SUL,ENCRUZILHADA DO SUL,Pampa
 1638966399 ,8465d680-c9ed-3513-90dc-564d437577f8,  -30.477060 ,  -52.649480 ,2023-07-19 17:13:00,Brasil,RIO GRANDE DO SUL,ENCRUZILHADA DO SUL,Pampa
 1639221785 ,dda6aadd-3905-300d-955c-8419fe7aad72,  -28.991930 ,  -50.485920 ,2023-07-21 17:00:00,Brasil,RIO GRANDE DO SUL,SÃO FRANCISCO DE PAULA,Mata Atlântica
 1639221786 ,1537677d-2b86-3925-bf27-3dc8c7bb4a72,  -29.011770 ,  -50.558410 ,2023-07-21 17:00:00,Brasil,RIO GRANDE DO SUL,SÃO FRANCISCO DE PAULA,Mata Atlântica
 1639221787 ,170d24cd-aacd-372d-b06b-9561826cd0e3,  -29.113990 ,  -50.692330 ,2023-07-21 17:00:00,Brasil,RIO GRANDE DO SUL,SÃO FRANCISCO DE PAULA,Mata Atlântica
 1639222059 ,1a941dc8-ad8c-3e30-b9db-70d43cd63815,  -29.122330 ,  -50.173330 ,2023-07-21 17:00:00,Brasil,RIO GRANDE DO SUL,CAMBARÁ DO SUL,Mata Atlântica
 1639222060 ,fe66472c-cdf4-3824-bafa-e53d88f07c17,  -29.419250 ,  -50.357520 ,2023-07-21 17:00:00,Brasil,RIO GRANDE DO SUL,SÃO FRANCISCO DE PAULA,Mata Atlântica
 1639222061 ,78b1d7a9-71d1-34a4-8fca-7d19312c885f,  -29.421320 ,  -50.382200 ,2023-07-21 17:00:00,Brasil,RIO GRANDE DO SUL,SÃO FRANCISCO DE PAULA,Mata Atlântica
 1639222062 ,4c075756-3443-30b5-881b-75d08cc089f4,  -29.423870 ,  -50.364130 ,2023-07-21 17:00:00,Brasil,RIO GRANDE DO SUL,SÃO FRANCISCO DE PAULA,Mata Atlântica
 1639222222 ,2e5c0d2b-3dc7-3a88-8e98-32384db3782c,  -28.788290 ,  -50.374410 ,2023-07-21 17:00:00,Brasil,RIO GRANDE DO SUL,BOM JESUS,Mata Atlântica
 1639222223 ,62da0b3a-4faa-366f-a96f-5343ade9cbfc,  -28.793150 ,  -50.379290 ,2023-07-21 17:00:00,Brasil,RIO GRANDE DO SUL,BOM JESUS,Mata Atlântica
 1639441945 ,be72f9ec-4117-397a-8407-11052c04dec4,  -27.879380 ,  -51.210340 ,2023-07-22 17:41:00,Brasil,RIO GRANDE DO SUL,PINHAL DA SERRA,Mata Atlântica
 1639442004 ,07ad826a-243e-33cd-867d-9f8be6ca2a14,  -28.591700 ,  -52.587380 ,2023-07-22 17:41:00,Brasil,RIO GRANDE DO SUL,TIO HUGO,Mata Atlântica
 1639442009 ,d7de2a94-a468-3a5a-91e2-ad13ec6cd23c,  -28.644190 ,  -50.361570 ,2023-07-22 17:41:00,Brasil,RIO GRANDE DO SUL,BOM JESUS,Mata Atlântica
 1639442023 ,5ce8e590-9395-3937-9fd6-89577c6f960e,  -28.787950 ,  -50.373870 ,2023-07-22 17:41:00,Brasil,RIO GRANDE DO SUL,BOM JESUS,Mata Atlântica
 1639442033 ,72ef717e-536e-38e1-8e79-99f6dba9e896,  -28.865970 ,  -50.642770 ,2023-07-22 17:41:00,Brasil,RIO GRANDE DO SUL,SÃO FRANCISCO DE PAULA,Mata Atlântica
 1639442038 ,5d1f6bc9-53e8-37d7-8e00-7c4b267a8391,  -28.884680 ,  -50.456320 ,2023-07-22 17:41:00,Brasil,RIO GRANDE DO SUL,JAQUIRANA,Mata Atlântica
 1639442045 ,42c051ae-8f47-3201-87b4-01986c927991,  -28.886630 ,  -50.468190 ,2023-07-22 17:41:00,Brasil,RIO GRANDE DO SUL,JAQUIRANA,Mata Atlântica
 1639442053 ,e25bbdf7-2b96-3ef5-a0de-1009d5b15947,  -28.915300 ,  -50.763680 ,2023-07-22 17:41:00,Brasil,RIO GRANDE DO SUL,SÃO FRANCISCO DE PAULA,Mata Atlântica
 1639442063 ,b23c31ab-8915-3e61-85e6-4eec8137de98,  -28.947210 ,  -50.839890 ,2023-07-22 17:41:00,Brasil,RIO GRANDE DO SUL,CAXIAS DO SUL,Mata Atlântica
 1639442064 ,9e47b3da-1aff-3124-84ad-164b92491c14,  -28.950360 ,  -50.979780 ,2023-07-22 17:41:00,Brasil,RIO GRANDE DO SUL,SÃO MARCOS,Mata Atlântica
 1639442078 ,e0d9751b-0c4c-3cad-9019-91ae53ed3485,  -28.966790 ,  -52.201210 ,2023-07-22 17:41:00,Brasil,RIO GRANDE DO SUL,PUTINGA,Mata Atlântica
 1639442083 ,b7ceee87-922f-3652-bb26-b91a28b519b8,  -28.984130 ,  -50.623870 ,2023-07-22 17:41:00,Brasil,RIO GRANDE DO SUL,SÃO FRANCISCO DE PAULA,Mata Atlântica
 1639442093 ,0a9da2ec-dd7a-3731-a1ef-8f802149967d,  -28.996110 ,  -50.432610 ,2023-07-22 17:41:00,Brasil,RIO GRANDE DO SUL,JAQUIRANA,Mata Atlântica
 1639442098 ,3ba27351-906b-3e35-9d18-312cceb59064,  -29.028420 ,  -50.387850 ,2023-07-22 17:41:00,Brasil,RIO GRANDE DO SUL,JAQUIRANA,Mata Atlântica
 1639442105 ,8b1852ed-c0fa-374c-8023-a8f8b9a343ab,  -29.030430 ,  -50.399980 ,2023-07-22 17:41:00,Brasil,RIO GRANDE DO SUL,JAQUIRANA,Mata Atlântica
 1639442113 ,2d7ecdd8-37ab-32c2-9d55-7ce477ec1839,  -29.037080 ,  -50.737170 ,2023-07-22 17:41:00,Brasil,RIO GRANDE DO SUL,SÃO FRANCISCO DE PAULA,Mata Atlântica
 1639442124 ,a69ad0b1-5842-3032-b480-14562540b266,  -29.041080 ,  -52.633220 ,2023-07-22 17:41:00,Brasil,RIO GRANDE DO SUL,BARROS CASSAL,Mata Atlântica
 1639442129 ,fe3b2267-0901-32f5-8316-499b9bfa39f4,  -29.042610 ,  -52.643460 ,2023-07-22 17:41:00,Brasil,RIO GRANDE DO SUL,BARROS CASSAL,Mata Atlântica
 1639442141 ,256b860c-0a94-36e0-9842-d50e531e9165,  -29.050620 ,  -52.947130 ,2023-07-22 17:41:00,Brasil,RIO GRANDE DO SUL,JACUIZINHO,Mata Atlântica
 1639442150 ,b594a143-2198-3228-ba9a-bcfd7c52b957,  -29.084300 ,  -50.786510 ,2023-07-22 17:41:00,Brasil,RIO GRANDE DO SUL,SÃO FRANCISCO DE PAULA,Mata Atlântica
 1639442163 ,4593fe46-4b60-3d59-b8db-7dd1c1de6744,  -29.086160 ,  -50.797850 ,2023-07-22 17:41:00,Brasil,RIO GRANDE DO SUL,SÃO FRANCISCO DE PAULA,Mata Atlântica
 1639442168 ,739ac6aa-ed90-35e9-b9f0-8cd7ed70a69f,  -29.253010 ,  -50.388040 ,2023-07-22 17:41:00,Brasil,RIO GRANDE DO SUL,SÃO FRANCISCO DE PAULA,Mata Atlântica
 1639442175 ,3d2e6378-6a8e-33a0-a602-172125dfe40c,  -29.254410 ,  -50.382000 ,2023-07-22 17:41:00,Brasil,RIO GRANDE DO SUL,SÃO FRANCISCO DE PAULA,Mata Atlântica
 1639442183 ,e757ad99-aa48-3a62-ab3b-e41fae6a6170,  -29.320530 ,  -52.532260 ,2023-07-22 17:41:00,Brasil,RIO GRANDE DO SUL,GRAMADO XAVIER,Mata Atlântica
 1639442193 ,efaad963-ee84-3bcd-bc04-52ad6f6db5b9,  -29.322090 ,  -52.542640 ,2023-07-22 17:41:00,Brasil,RIO GRANDE DO SUL,GRAMADO XAVIER,Mata Atlântica
 1639442194 ,652853e1-5489-379e-8aa8-2e63c7346de6,  -29.416120 ,  -50.376600 ,2023-07-22 17:41:00,Brasil,RIO GRANDE DO SUL,SÃO FRANCISCO DE PAULA,Mata Atlântica
 1639442208 ,5bd6344f-7270-3a3c-86a8-523a3bf943b5,  -29.462760 ,  -51.240980 ,2023-07-22 17:41:00,Brasil,RIO GRANDE DO SUL,LINHA NOVA,Mata Atlântica
 1639442213 ,43e3b948-d6b9-3be1-9a85-bc57f9df9ba0,  -29.618170 ,  -51.297150 ,2023-07-22 17:41:00,Brasil,RIO GRANDE DO SUL,SÃO SEBASTIÃO DO CAÍ,Mata Atlântica
 1639442223 ,46c4fe67-616a-3178-80e6-8436b842f6fe,  -29.681120 ,  -53.046060 ,2023-07-22 17:41:00,Brasil,RIO GRANDE DO SUL,PARAÍSO DO SUL,Mata Atlântica
 1639442228 ,567cc0d5-9dbe-382b-b32c-2f50c8913ccb,  -29.682610 ,  -53.056330 ,2023-07-22 17:41:00,Brasil,RIO GRANDE DO SUL,PARAÍSO DO SUL,Mata Atlântica
 1639442341 ,a4c4a5de-8daf-32f5-b3a2-51accd6c0f21,  -29.471040 ,  -53.765120 ,2023-07-22 17:41:00,Brasil,RIO GRANDE DO SUL,SÃO MARTINHO DA SERRA,Pampa
 1639442349 ,6f9c7f10-d155-3d67-9fe0-97bbc45965aa,  -29.678360 ,  -51.619150 ,2023-07-22 17:41:00,Brasil,RIO GRANDE DO SUL,TRIUNFO,Pampa
 1639442359 ,bcb8f914-b13a-3592-8262-0019db4c3a53,  -29.861940 ,  -54.463310 ,2023-07-22 17:41:00,Brasil,RIO GRANDE DO SUL,CACEQUI,Pampa
 1639442364 ,6d2d4e38-2641-339e-8bb2-a08c2693b9f6,  -29.863400 ,  -54.474070 ,2023-07-22 17:41:00,Brasil,RIO GRANDE DO SUL,CACEQUI,Pampa
 1639442371 ,f70fa617-6bee-36fe-b775-0c04a3987c69,  -29.987480 ,  -54.242140 ,2023-07-22 17:41:00,Brasil,RIO GRANDE DO SUL,SÃO GABRIEL,Pampa
 1639442379 ,5b0a26e8-9d53-3276-a37a-3dcba8ac3abe,  -30.413310 ,  -51.659270 ,2023-07-22 17:41:00,Brasil,RIO GRANDE DO SUL,SERTÃO SANTANA,Pampa
 1639442389 ,72608cb0-aabb-32fb-ac5a-25683f647dd2,  -30.469830 ,  -52.517280 ,2023-07-22 17:41:00,Brasil,RIO GRANDE DO SUL,ENCRUZILHADA DO SUL,Pampa
 1639442394 ,38716fe0-b735-3eba-89fb-5ff5215c5b77,  -30.471360 ,  -52.527630 ,2023-07-22 17:41:00,Brasil,RIO GRANDE DO SUL,ENCRUZILHADA DO SUL,Pampa
 1639442409 ,bed099c3-3c12-3b28-ada4-6bfcae56f658,  -30.493640 ,  -53.981810 ,2023-07-22 17:41:00,Brasil,RIO GRANDE DO SUL,SANTA MARGARIDA DO SUL,Pampa
 1639878233 ,70629c76-62f1-322e-a6df-f76c201496ec,  -27.904850 ,  -51.374660 ,2023-07-24 17:28:00,Brasil,RIO GRANDE DO SUL,LAGOA VERMELHA,Mata Atlântica
 1639878241 ,9bc5c3af-edef-3332-bf91-1b03b92eaa35,  -27.968260 ,  -52.405480 ,2023-07-24 17:28:00,Brasil,RIO GRANDE DO SUL,IPIRANGA DO SUL,Mata Atlântica
 1639878244 ,de7c3fd6-e673-32a6-b41c-ad87065cf2c7,  -27.969750 ,  -52.417080 ,2023-07-24 17:28:00,Brasil,RIO GRANDE DO SUL,IPIRANGA DO SUL,Mata Atlântica
 1639878253 ,3af41557-6fa9-306d-8ea0-44baa6c25adb,  -28.099860 ,  -51.603020 ,2023-07-24 17:28:00,Brasil,RIO GRANDE DO SUL,LAGOA VERMELHA,Mata Atlântica
 1639878590 ,1e0d55a0-e94f-396c-a487-5a674451fa30,  -28.280770 ,  -50.827810 ,2023-07-24 17:28:00,Brasil,RIO GRANDE DO SUL,VACARIA,Mata Atlântica
 1639878604 ,8d0a9c33-59bc-3a22-86d2-513801144b81,  -28.398940 ,  -50.688410 ,2023-07-24 17:28:00,Brasil,RIO GRANDE DO SUL,BOM JESUS,Mata Atlântica
 1639878610 ,af7d821f-4681-399b-8aac-4d0bd41bec64,  -28.476840 ,  -50.457780 ,2023-07-24 17:28:00,Brasil,RIO GRANDE DO SUL,BOM JESUS,Mata Atlântica
 1639878613 ,3a6efcc6-cce1-3ebe-97dc-060cf94b412f,  -28.540730 ,  -50.187840 ,2023-07-24 17:28:00,Brasil,RIO GRANDE DO SUL,BOM JESUS,Mata Atlântica
 1639878614 ,c74a3e22-75da-366b-88ca-74ff18a6ef2b,  -28.586820 ,  -50.851570 ,2023-07-24 17:28:00,Brasil,RIO GRANDE DO SUL,MONTE ALEGRE DOS CAMPOS,Mata Atlântica
 1639878617 ,1f8fdea9-d4c9-3474-a255-19eb91a7d627,  -28.588260 ,  -50.862060 ,2023-07-24 17:28:00,Brasil,RIO GRANDE DO SUL,MONTE ALEGRE DOS CAMPOS,Mata Atlântica
 1639878619 ,c39acddc-933e-318a-9cc1-74062f5997ce,  -28.609380 ,  -50.680840 ,2023-07-24 17:28:00,Brasil,RIO GRANDE DO SUL,BOM JESUS,Mata Atlântica
 1639878621 ,2822fb28-c6ae-3d29-b119-bad57350b99b,  -28.610800 ,  -50.691190 ,2023-07-24 17:28:00,Brasil,RIO GRANDE DO SUL,BOM JESUS,Mata Atlântica
 1639878622 ,54cae7c7-c0b3-3084-b207-f9290eac556a,  -28.617870 ,  -50.283270 ,2023-07-24 17:28:00,Brasil,RIO GRANDE DO SUL,BOM JESUS,Mata Atlântica
 1639878625 ,0289a107-8944-3b59-aff0-baaafa8db2a8,  -28.618910 ,  -51.017970 ,2023-07-24 17:28:00,Brasil,RIO GRANDE DO SUL,VACARIA,Mata Atlântica
 1639878629 ,ffb75d4c-1537-36d1-b237-8b92039436b1,  -28.681050 ,  -50.471710 ,2023-07-24 17:28:00,Brasil,RIO GRANDE DO SUL,BOM JESUS,Mata Atlântica
 1639878632 ,5bb5077d-469f-32f4-8064-0e68683883a7,  -28.682500 ,  -50.482140 ,2023-07-24 17:28:00,Brasil,RIO GRANDE DO SUL,BOM JESUS,Mata Atlântica
 1639878635 ,e3e5247f-0227-379f-9864-358de5a43124,  -28.702350 ,  -50.425620 ,2023-07-24 17:28:00,Brasil,RIO GRANDE DO SUL,BOM JESUS,Mata Atlântica
 1639878637 ,4947ecb1-cf77-3034-b6fc-5656899a439c,  -28.703780 ,  -50.435870 ,2023-07-24 17:28:00,Brasil,RIO GRANDE DO SUL,BOM JESUS,Mata Atlântica
 1639878638 ,6e0c51f4-a4bb-38e0-9532-c8924737f9e5,  -28.720030 ,  -50.352700 ,2023-07-24 17:28:00,Brasil,RIO GRANDE DO SUL,BOM JESUS,Mata Atlântica
 1639878642 ,e2680fa5-6227-3001-b511-db649e16e045,  -28.801680 ,  -50.880950 ,2023-07-24 17:28:00,Brasil,RIO GRANDE DO SUL,MONTE ALEGRE DOS CAMPOS,Mata Atlântica
 1639878644 ,262824f4-904c-3acf-8bed-141655a0ce65,  -28.882330 ,  -50.871560 ,2023-07-24 17:28:00,Brasil,RIO GRANDE DO SUL,CAXIAS DO SUL,Mata Atlântica
 1639878645 ,6f2d5b18-0deb-3cfd-88dd-b9cd193dddd8,  -28.883040 ,  -50.603560 ,2023-07-24 17:28:00,Brasil,RIO GRANDE DO SUL,SÃO FRANCISCO DE PAULA,Mata Atlântica
 1639878648 ,949cc05c-3c42-34e5-b724-a35fca00e648,  -28.884460 ,  -50.613910 ,2023-07-24 17:28:00,Brasil,RIO GRANDE DO SUL,SÃO FRANCISCO DE PAULA,Mata Atlântica
 1639878650 ,04d16d5d-fe0e-3c5f-b37e-26b9d05f7e11,  -28.888010 ,  -50.913800 ,2023-07-24 17:28:00,Brasil,RIO GRANDE DO SUL,CAXIAS DO SUL,Mata Atlântica
 1639878652 ,b75ca041-e10a-3e14-b38f-c9d9275a8552,  -28.889430 ,  -50.924410 ,2023-07-24 17:28:00,Brasil,RIO GRANDE DO SUL,CAXIAS DO SUL,Mata Atlântica
 1639878653 ,b1ad8a42-f896-3c42-9eb6-5c4678520de2,  -28.891430 ,  -50.869900 ,2023-07-24 17:28:00,Brasil,RIO GRANDE DO SUL,CAXIAS DO SUL,Mata Atlântica
 1639878656 ,5b3dce68-5e4b-38fd-a0ba-1998286d7717,  -28.894380 ,  -50.484580 ,2023-07-24 17:28:00,Brasil,RIO GRANDE DO SUL,JAQUIRANA,Mata Atlântica
 1639878657 ,a0ff218d-36dd-3366-98d9-a10a8164f1e6,  -28.913560 ,  -50.758480 ,2023-07-24 17:28:00,Brasil,RIO GRANDE DO SUL,SÃO FRANCISCO DE PAULA,Mata Atlântica
 1639878659 ,31333204-1950-35e9-b573-9a9a164f65b3,  -28.925220 ,  -50.440570 ,2023-07-24 17:26:00,Brasil,RIO GRANDE DO SUL,JAQUIRANA,Mata Atlântica
 1639878660 ,8386635b-e6bd-3405-90a3-0418577633c5,  -28.954160 ,  -50.988730 ,2023-07-24 17:28:00,Brasil,RIO GRANDE DO SUL,SÃO MARCOS,Mata Atlântica
 1639878664 ,fb7b1fe0-7172-30ec-b344-4c86d757eeca,  -28.958970 ,  -50.955240 ,2023-07-24 17:28:00,Brasil,RIO GRANDE DO SUL,CAXIAS DO SUL,Mata Atlântica
 1639878667 ,182900cb-61d7-3b06-98d4-b0fe00d254d3,  -28.967050 ,  -50.677750 ,2023-07-24 17:26:00,Brasil,RIO GRANDE DO SUL,SÃO FRANCISCO DE PAULA,Mata Atlântica
 1639878670 ,ec0e1ad1-5e3d-333c-8f8d-95b490918624,  -28.968030 ,  -50.549560 ,2023-07-24 17:26:00,Brasil,RIO GRANDE DO SUL,SÃO FRANCISCO DE PAULA,Mata Atlântica
 1639878671 ,a0d904a8-b3f8-3514-9ede-ddeffa315ce3,  -28.985470 ,  -50.408320 ,2023-07-24 17:26:00,Brasil,RIO GRANDE DO SUL,JAQUIRANA,Mata Atlântica
 1639878674 ,184fc5b7-5b11-335a-92db-3a63965fb7ce,  -28.987090 ,  -50.620760 ,2023-07-24 17:26:00,Brasil,RIO GRANDE DO SUL,SÃO FRANCISCO DE PAULA,Mata Atlântica
 1639878675 ,8ecc4b2a-e3cc-35d5-bd90-fbb09b7483d8,  -28.990900 ,  -50.716370 ,2023-07-24 17:26:00,Brasil,RIO GRANDE DO SUL,SÃO FRANCISCO DE PAULA,Mata Atlântica
 1639878677 ,7243cdbc-6992-37b3-a0da-b7734fc241ae,  -28.992330 ,  -50.726890 ,2023-07-24 17:26:00,Brasil,RIO GRANDE DO SUL,SÃO FRANCISCO DE PAULA,Mata Atlântica
 1639878678 ,facbf308-2c33-38b1-8069-d7e5037bf6fd,  -28.993060 ,  -50.396420 ,2023-07-24 17:26:00,Brasil,RIO GRANDE DO SUL,JAQUIRANA,Mata Atlântica
 1639878681 ,1c15d65a-7045-3e92-af0e-4c5e691ffdd0,  -28.999690 ,  -52.105100 ,2023-07-24 17:28:00,Brasil,RIO GRANDE DO SUL,PUTINGA,Mata Atlântica
 1639878683 ,7a2bcc4e-ac8a-3dec-96f6-689c0e77bc33,  -29.009500 ,  -50.648710 ,2023-07-24 17:26:00,Brasil,RIO GRANDE DO SUL,SÃO FRANCISCO DE PAULA,Mata Atlântica
 1639878685 ,3c57c524-29c5-3ebb-9eca-bc816d6e5dfb,  -29.010940 ,  -50.659210 ,2023-07-24 17:26:00,Brasil,RIO GRANDE DO SUL,SÃO FRANCISCO DE PAULA,Mata Atlântica
 1639878686 ,6b99d390-e082-39cc-b719-94e8d0a7f663,  -29.021450 ,  -50.872520 ,2023-07-24 17:26:00,Brasil,RIO GRANDE DO SUL,CAXIAS DO SUL,Mata Atlântica
 1639878689 ,ec4bd30c-f478-3099-98b6-a4ab845cbbe7,  -29.035820 ,  -50.446390 ,2023-07-24 17:26:00,Brasil,RIO GRANDE DO SUL,JAQUIRANA,Mata Atlântica
 1639878690 ,f3124310-0c6d-3cb7-979e-8a8406f7dc4b,  -29.056790 ,  -50.666720 ,2023-07-24 17:26:00,Brasil,RIO GRANDE DO SUL,SÃO FRANCISCO DE PAULA,Mata Atlântica
 1639878692 ,c60ac7e2-0c05-363b-b11d-3b8699c2e3c5,  -29.063650 ,  -50.908290 ,2023-07-24 17:26:00,Brasil,RIO GRANDE DO SUL,CAXIAS DO SUL,Mata Atlântica
 1639878693 ,5780d5b9-0322-3f59-a38a-f7fbd0c893b6,  -29.065100 ,  -50.918910 ,2023-07-24 17:26:00,Brasil,RIO GRANDE DO SUL,CAXIAS DO SUL,Mata Atlântica
 1639878696 ,f5494ea4-5a72-3e6c-9131-627a6c26d47f,  -29.076230 ,  -50.470920 ,2023-07-24 17:26:00,Brasil,RIO GRANDE DO SUL,SÃO FRANCISCO DE PAULA,Mata Atlântica
 1639878699 ,ec184296-aaca-3a92-aff0-aa2bd3ef0013,  -29.083300 ,  -50.931810 ,2023-07-24 17:26:00,Brasil,RIO GRANDE DO SUL,CAXIAS DO SUL,Mata Atlântica
 1639878701 ,f66d15a3-01de-303c-ac48-aab5a10b4a09,  -29.089870 ,  -50.302870 ,2023-07-24 17:26:00,Brasil,RIO GRANDE DO SUL,JAQUIRANA,Mata Atlântica
 1639878702 ,2236c4bf-9b53-3e81-a391-e642e035733d,  -29.110180 ,  -50.582160 ,2023-07-24 17:26:00,Brasil,RIO GRANDE DO SUL,SÃO FRANCISCO DE PAULA,Mata Atlântica
 1639878705 ,d8e30a10-e9a6-3240-b4d9-f379a582c756,  -29.111630 ,  -50.592620 ,2023-07-24 17:26:00,Brasil,RIO GRANDE DO SUL,SÃO FRANCISCO DE PAULA,Mata Atlântica
 1639878706 ,3d0b9d6b-059e-36a7-a895-f7a11034940c,  -29.113060 ,  -50.603030 ,2023-07-24 17:26:00,Brasil,RIO GRANDE DO SUL,SÃO FRANCISCO DE PAULA,Mata Atlântica
 1639878708 ,011fb3cc-269d-32bf-9db6-0c16e97f115a,  -29.126580 ,  -50.169300 ,2023-07-24 17:26:00,Brasil,RIO GRANDE DO SUL,CAMBARÁ DO SUL,Mata Atlântica
 1639878709 ,eccf0d3f-3cb2-3404-bc47-ebff9495b80d,  -29.132220 ,  -50.678810 ,2023-07-24 17:26:00,Brasil,RIO GRANDE DO SUL,SÃO FRANCISCO DE PAULA,Mata Atlântica
 1639878712 ,f81145fc-a8d8-3b6e-a6ed-4b03a6baec79,  -29.132310 ,  -50.879590 ,2023-07-24 17:26:00,Brasil,RIO GRANDE DO SUL,CAXIAS DO SUL,Mata Atlântica
 1639878714 ,b47685b5-914a-3e0d-9a62-14e74f3c1ddb,  -29.133630 ,  -50.689250 ,2023-07-24 17:26:00,Brasil,RIO GRANDE DO SUL,SÃO FRANCISCO DE PAULA,Mata Atlântica
 1639878716 ,706e9379-6633-3375-a2b8-68346351fdba,  -29.145600 ,  -50.505120 ,2023-07-24 17:26:00,Brasil,RIO GRANDE DO SUL,SÃO FRANCISCO DE PAULA,Mata Atlântica
 1639878717 ,8a5e5bd9-8659-3de4-bcd0-a78fc49b7804,  -29.147030 ,  -50.515520 ,2023-07-24 17:26:00,Brasil,RIO GRANDE DO SUL,SÃO FRANCISCO DE PAULA,Mata Atlântica
 1639878720 ,8b258f24-bf54-3e13-ab4c-7b093a00e270,  -29.172020 ,  -50.975080 ,2023-07-24 17:26:00,Brasil,RIO GRANDE DO SUL,CAXIAS DO SUL,Mata Atlântica
 1639878721 ,e06f925b-b485-3dc5-bac5-586e2552e0ed,  -29.180980 ,  -52.669180 ,2023-07-24 17:28:00,Brasil,RIO GRANDE DO SUL,BARROS CASSAL,Mata Atlântica
 1639878723 ,28433164-cecf-3f1a-94bf-52b675cc109b,  -29.181760 ,  -50.498550 ,2023-07-24 17:26:00,Brasil,RIO GRANDE DO SUL,SÃO FRANCISCO DE PAULA,Mata Atlântica
 1639878724 ,a6d5c891-c051-3c48-a5dd-a4b5cb301dd9,  -29.211640 ,  -50.190140 ,2023-07-24 17:26:00,Brasil,RIO GRANDE DO SUL,CAMBARÁ DO SUL,Mata Atlântica
 1639878728 ,5b4c2158-2482-3231-8c7f-4cb7dc5856f7,  -29.222050 ,  -52.580090 ,2023-07-24 17:26:00,Brasil,RIO GRANDE DO SUL,BARROS CASSAL,Mata Atlântica
 1639878731 ,9b7af730-353e-3374-9384-e42369810303,  -29.235420 ,  -50.228110 ,2023-07-24 17:26:00,Brasil,RIO GRANDE DO SUL,CAMBARÁ DO SUL,Mata Atlântica
 1639878733 ,685d2794-47cf-37aa-9748-92db5aa8f3f4,  -29.239200 ,  -50.589550 ,2023-07-24 17:26:00,Brasil,RIO GRANDE DO SUL,SÃO FRANCISCO DE PAULA,Mata Atlântica
 1639878734 ,b9498537-9136-3bb7-b266-f6a93b0e9d6e,  -29.240630 ,  -50.600020 ,2023-07-24 17:26:00,Brasil,RIO GRANDE DO SUL,SÃO FRANCISCO DE PAULA,Mata Atlântica
 1639878737 ,ab3ee287-033e-3d53-bf26-eb7760e144a3,  -29.241220 ,  -50.269450 ,2023-07-24 17:26:00,Brasil,RIO GRANDE DO SUL,CAMBARÁ DO SUL,Mata Atlântica
 1639878738 ,6bc8ff64-df9a-3ed1-bcc6-3e96e0da5b65,  -29.241580 ,  -50.675200 ,2023-07-24 17:26:00,Brasil,RIO GRANDE DO SUL,SÃO FRANCISCO DE PAULA,Mata Atlântica
 1639878740 ,a08524a4-3f18-3df8-982d-b1511868da93,  -29.248260 ,  -50.587880 ,2023-07-24 17:26:00,Brasil,RIO GRANDE DO SUL,SÃO FRANCISCO DE PAULA,Mata Atlântica
 1639878741 ,425916af-8521-31cc-8aa8-ee1262745a42,  -29.277500 ,  -50.330630 ,2023-07-24 17:26:00,Brasil,RIO GRANDE DO SUL,SÃO FRANCISCO DE PAULA,Mata Atlântica
 1639878744 ,4c363ee9-502e-35cf-af8b-47966d54697a,  -29.312750 ,  -50.451950 ,2023-07-24 17:26:00,Brasil,RIO GRANDE DO SUL,SÃO FRANCISCO DE PAULA,Mata Atlântica
 1639878746 ,6fd027a9-2eb8-3dea-824d-f15647cacaab,  -29.338440 ,  -50.436660 ,2023-07-24 17:26:00,Brasil,RIO GRANDE DO SUL,SÃO FRANCISCO DE PAULA,Mata Atlântica
 1639878748 ,748c0e83-ba74-3215-9909-e0493f2e862a,  -29.339880 ,  -50.447080 ,2023-07-24 17:26:00,Brasil,RIO GRANDE DO SUL,SÃO FRANCISCO DE PAULA,Mata Atlântica
 1639878749 ,4a9fdf5e-8928-3afd-9813-ba42fd76c0ea,  -29.376680 ,  -53.201530 ,2023-07-24 17:26:00,Brasil,RIO GRANDE DO SUL,IBARAMA,Mata Atlântica
 1640473607 ,e44b097c-c507-3913-9fc2-2fcccd82853f,  -29.092790 ,  -50.290360 ,2023-07-29 17:41:00,Brasil,RIO GRANDE DO SUL,JAQUIRANA,Mata Atlântica
 1640473650 ,5d3363b0-dd1f-306e-823a-33cad2fc4893,  -29.204110 ,  -50.401880 ,2023-07-29 17:41:00,Brasil,RIO GRANDE DO SUL,SÃO FRANCISCO DE PAULA,Mata Atlântica
 1640473651 ,04a0b53f-8e8d-3df0-966c-22d516fdc8db,  -28.902480 ,  -51.652690 ,2023-07-29 17:41:00,Brasil,RIO GRANDE DO SUL,FAGUNDES VARELA,Mata Atlântica
 1640473660 ,155d3a65-b358-348f-9f00-c89da7e3c427,  -30.462190 ,  -52.656820 ,2023-07-29 17:39:00,Brasil,RIO GRANDE DO SUL,ENCRUZILHADA DO SUL,Pampa
 1640473661 ,66b18aec-b3c8-3092-83b6-443281098e62,  -30.460700 ,  -52.646460 ,2023-07-29 17:39:00,Brasil,RIO GRANDE DO SUL,ENCRUZILHADA DO SUL,Pampa
 1640473703 ,b3021ede-0cc6-36d9-95a3-2088ca1c34e7,  -29.996250 ,  -53.731170 ,2023-07-29 17:41:00,Brasil,RIO GRANDE DO SUL,SÃO SEPÉ,Pampa
 1640473704 ,4189db23-e735-316c-9026-203cbd3e838d,  -29.994800 ,  -53.720570 ,2023-07-29 17:41:00,Brasil,RIO GRANDE DO SUL,SÃO SEPÉ,Pampa
 1640828699 ,f6255296-d928-3fbc-bf92-cc4fb6b32bb1,  -30.549830 ,  -52.752190 ,2023-07-31 17:26:00,Brasil,RIO GRANDE DO SUL,ENCRUZILHADA DO SUL,Pampa
 1640828700 ,49180ce4-a98f-33e0-a8a1-2e5a32418891,  -30.548300 ,  -52.738730 ,2023-07-31 17:26:00,Brasil,RIO GRANDE DO SUL,ENCRUZILHADA DO SUL,Pampa
 1640828884 ,366889e5-aca4-3b06-9fc6-55a8f4ddf465,  -29.799930 ,  -51.511470 ,2023-07-31 17:26:00,Brasil,RIO GRANDE DO SUL,TRIUNFO,Pampa
 1640828885 ,fb7f231e-5bf6-3bb9-8a0d-76d78f3e5448,  -29.612850 ,  -54.278060 ,2023-07-31 17:26:00,Brasil,RIO GRANDE DO SUL,SÃO PEDRO DO SUL,Pampa
 1640828886 ,b9f8975a-e255-30d9-b932-382064b4a106,  -29.407760 ,  -50.419650 ,2023-07-31 17:26:00,Brasil,RIO GRANDE DO SUL,SÃO FRANCISCO DE PAULA,Mata Atlântica
 1640828887 ,846bd925-4229-3830-a797-d8e535c171f8,  -29.406890 ,  -50.343650 ,2023-07-31 17:26:00,Brasil,RIO GRANDE DO SUL,SÃO FRANCISCO DE PAULA,Mata Atlântica
 1640828888 ,ece4da7f-612f-3817-a136-75ee3b6fbf61,  -29.406340 ,  -50.409030 ,2023-07-31 17:26:00,Brasil,RIO GRANDE DO SUL,SÃO FRANCISCO DE PAULA,Mata Atlântica
 1640828889 ,7e538579-3b77-322a-a925-54576a300215,  -29.400080 ,  -50.415700 ,2023-07-31 17:26:00,Brasil,RIO GRANDE DO SUL,SÃO FRANCISCO DE PAULA,Mata Atlântica
 1640828890 ,b839a053-aaae-31ac-b103-e6f2803c4805,  -29.383720 ,  -50.364200 ,2023-07-31 17:26:00,Brasil,RIO GRANDE DO SUL,SÃO FRANCISCO DE PAULA,Mata Atlântica
 1640828891 ,887cacb7-332c-333e-a65f-121308ab8492,  -29.369340 ,  -50.464750 ,2023-07-31 17:26:00,Brasil,RIO GRANDE DO SUL,SÃO FRANCISCO DE PAULA,Mata Atlântica
 1640828892 ,f090be6c-cde2-3722-a5a3-3dc526c13259,  -29.360210 ,  -50.466370 ,2023-07-31 17:26:00,Brasil,RIO GRANDE DO SUL,SÃO FRANCISCO DE PAULA,Mata Atlântica
 1640828893 ,4e2bd754-1a64-3369-9cb3-07810acf2597,  -29.227670 ,  -50.920990 ,2023-07-31 17:26:00,Brasil,RIO GRANDE DO SUL,CAXIAS DO SUL,Mata Atlântica
 1640828894 ,37eaee6c-7420-3f4d-9077-55c022066483,  -29.162830 ,  -50.772020 ,2023-07-31 17:26:00,Brasil,RIO GRANDE DO SUL,SÃO FRANCISCO DE PAULA,Mata Atlântica
 1640828895 ,4b88945c-a44e-382e-80ed-b685c3c69daa,  -29.161540 ,  -50.633600 ,2023-07-31 17:26:00,Brasil,RIO GRANDE DO SUL,SÃO FRANCISCO DE PAULA,Mata Atlântica
 1640828896 ,42b560b6-f74f-342c-8da5-ac819339fa31,  -29.130580 ,  -50.601970 ,2023-07-31 17:26:00,Brasil,RIO GRANDE DO SUL,SÃO FRANCISCO DE PAULA,Mata Atlântica
 1640828897 ,8c5fd376-74aa-3621-b668-bfdcf8218b67,  -29.086390 ,  -50.763300 ,2023-07-31 17:26:00,Brasil,RIO GRANDE DO SUL,SÃO FRANCISCO DE PAULA,Mata Atlântica
 1640828898 ,cb212734-8365-3283-a049-f805aa15b7ad,  -29.080750 ,  -50.769970 ,2023-07-31 17:26:00,Brasil,RIO GRANDE DO SUL,SÃO FRANCISCO DE PAULA,Mata Atlântica
 1640828899 ,0253920f-da5d-3c69-8255-82963b438ace,  -29.065470 ,  -50.396620 ,2023-07-31 17:26:00,Brasil,RIO GRANDE DO SUL,JAQUIRANA,Mata Atlântica
 1640828900 ,08884baf-98f8-303e-a355-38f1213cc289,  -29.061680 ,  -50.300320 ,2023-07-31 17:26:00,Brasil,RIO GRANDE DO SUL,JAQUIRANA,Mata Atlântica
 1640828901 ,d3e5beea-3805-3e1d-b330-a02bcda233a8,  -29.048970 ,  -50.534930 ,2023-07-31 17:26:00,Brasil,RIO GRANDE DO SUL,SÃO FRANCISCO DE PAULA,Mata Atlântica
 1640828902 ,5ee4f65e-14bc-3b88-bb07-b6cd786e1e28,  -28.951790 ,  -50.777170 ,2023-07-31 17:26:00,Brasil,RIO GRANDE DO SUL,SÃO FRANCISCO DE PAULA,Mata Atlântica
 1640828903 ,7e7c41e3-8857-3126-ba3b-3b941581460f,  -28.950340 ,  -50.766330 ,2023-07-31 17:26:00,Brasil,RIO GRANDE DO SUL,SÃO FRANCISCO DE PAULA,Mata Atlântica
 1640828904 ,9d208a99-93ad-3902-8a81-7c26dc40c2fb,  -28.926120 ,  -49.978920 ,2023-07-31 17:26:00,Brasil,RIO GRANDE DO SUL,CAMBARÁ DO SUL,Mata Atlântica
 1640828905 ,214313b4-cd30-3569-8456-217b5ccdad34,  -28.920340 ,  -50.337900 ,2023-07-31 17:26:00,Brasil,RIO GRANDE DO SUL,JAQUIRANA,Mata Atlântica
 1640828906 ,2d371aec-6e09-3423-86ca-4d7ebc2ba8b8,  -28.919550 ,  -50.064890 ,2023-07-31 17:26:00,Brasil,RIO GRANDE DO SUL,CAMBARÁ DO SUL,Mata Atlântica
 1640828907 ,3aaab45c-6b9f-3c53-8a84-37a03f70d1ce,  -28.881780 ,  -50.603790 ,2023-07-31 17:26:00,Brasil,RIO GRANDE DO SUL,SÃO FRANCISCO DE PAULA,Mata Atlântica
 1640828908 ,ad22ef07-089e-3b09-a8d1-a2451d9a978c,  -28.880370 ,  -50.593210 ,2023-07-31 17:26:00,Brasil,RIO GRANDE DO SUL,SÃO FRANCISCO DE PAULA,Mata Atlântica
 1640828909 ,65ead5a9-42b2-301d-b247-ceff8c638410,  -28.797620 ,  -50.312130 ,2023-07-31 17:26:00,Brasil,RIO GRANDE DO SUL,BOM JESUS,Mata Atlântica
 1640828910 ,a95b8079-752e-3b13-854f-4e3ec7091076,  -28.796510 ,  -49.977210 ,2023-07-31 17:26:00,Brasil,RIO GRANDE DO SUL,SÃO JOSÉ DOS AUSENTES,Mata Atlântica
 1640828912 ,f1bebb0c-3478-3fe2-a457-f2932484e6e4,  -28.720990 ,  -50.225400 ,2023-07-31 17:26:00,Brasil,RIO GRANDE DO SUL,BOM JESUS,Mata Atlântica
 1640828913 ,34f3da3c-fc3c-3a00-be7f-8000b4726abb,  -28.616040 ,  -50.260690 ,2023-07-31 17:26:00,Brasil,RIO GRANDE DO SUL,BOM JESUS,Mata Atlântica
 1640828914 ,1333c21d-6ebb-3cb6-b271-6dbcae0ad6e8,  -28.560380 ,  -50.260150 ,2023-07-31 17:26:00,Brasil,RIO GRANDE DO SUL,BOM JESUS,Mata Atlântica
 1640828915 ,6ca369f1-cc8b-38cd-b5b7-7a35d1761ecf,  -28.492730 ,  -50.497420 ,2023-07-31 17:26:00,Brasil,RIO GRANDE DO SUL,BOM JESUS,Mata Atlântica
 1640828916 ,db95398f-8c54-3729-8ce6-4a7f12c14f97,  -28.469320 ,  -50.394790 ,2023-07-31 17:26:00,Brasil,RIO GRANDE DO SUL,BOM JESUS,Mata Atlântica
 1640828917 ,09d6131e-3a1a-3b83-8ba3-d867ac3c3a79,  -28.423700 ,  -50.606210 ,2023-07-31 17:26:00,Brasil,RIO GRANDE DO SUL,BOM JESUS,Mata Atlântica
 1641121562 ,5decaddc-a8b4-31a7-862a-38735ac34ccd,  -29.230710 ,  -50.619140 ,2023-07-27 17:54:00,Brasil,RIO GRANDE DO SUL,SÃO FRANCISCO DE PAULA,Mata Atlântica
 1641121563 ,4ddebcde-ccf9-3c73-a0b6-de9743ec5acf,  -29.124910 ,  -50.384440 ,2023-07-27 17:54:00,Brasil,RIO GRANDE DO SUL,SÃO FRANCISCO DE PAULA,Mata Atlântica
 1641121564 ,201242b5-3388-3fe4-b974-3504e677247d,  -29.119730 ,  -50.391120 ,2023-07-27 17:54:00,Brasil,RIO GRANDE DO SUL,SÃO FRANCISCO DE PAULA,Mata Atlântica
 1641121565 ,d7a613f2-9a19-3b42-8567-4835b234476f,  -28.968910 ,  -50.474680 ,2023-07-27 17:54:00,Brasil,RIO GRANDE DO SUL,SÃO FRANCISCO DE PAULA,Mata Atlântica
 1641121566 ,d0e15f5b-5274-33f5-8da6-6dfe0bc018ac,  -28.750620 ,  -52.340970 ,2023-07-27 17:54:00,Brasil,RIO GRANDE DO SUL,SOLEDADE,Mata Atlântica
 1641121567 ,e66d7034-39a9-35a2-8014-32b8bf3a6f67,  -28.746090 ,  -52.347540 ,2023-07-27 17:54:00,Brasil,RIO GRANDE DO SUL,SOLEDADE,Mata Atlântica
 1641121568 ,0200a4f7-f07d-39dd-a834-245fc65533b3,  -28.743690 ,  -52.333830 ,2023-07-27 17:54:00,Brasil,RIO GRANDE DO SUL,SOLEDADE,Mata Atlântica
 1653938016 ,13a9fc8d-356b-38a6-bf22-b65e5ab16a8d,  -29.232940 ,  -51.332320 ,2023-10-01 18:04:00,Brasil,RIO GRANDE DO SUL,FARROUPILHA,Mata Atlântica
 1653938017 ,92015b79-532c-36a0-9ab7-68b187f4c2a9,  -28.789510 ,  -55.800480 ,2023-10-01 18:06:00,Brasil,RIO GRANDE DO SUL,SÃO BORJA,Pampa
 1653938018 ,279ff1d5-d9f3-37c1-b13f-cff874ecd91e,  -28.787580 ,  -55.788880 ,2023-10-01 18:06:00,Brasil,RIO GRANDE DO SUL,SÃO BORJA,Pampa
 1653938019 ,07d3e818-e45a-3019-8a20-d8f6e80a1e65,  -28.785510 ,  -55.795020 ,2023-10-01 18:06:00,Brasil,RIO GRANDE DO SUL,SÃO BORJA,Pampa
 1654591743 ,8db5a235-85cf-3a77-846d-9189e4b00bbe,  -31.124410 ,  -53.373220 ,2023-10-05 17:37:00,Brasil,RIO GRANDE DO SUL,PINHEIRO MACHADO,Pampa
 1654591744 ,16c7a573-2037-3d1d-a84d-cad72f668ceb,  -31.122990 ,  -53.380210 ,2023-10-05 17:37:00,Brasil,RIO GRANDE DO SUL,PINHEIRO MACHADO,Pampa
 1654591745 ,136f6855-ee0b-3e57-81b7-eee71ad3fe89,  -30.561650 ,  -52.712010 ,2023-10-05 17:37:00,Brasil,RIO GRANDE DO SUL,ENCRUZILHADA DO SUL,Pampa
 1654591746 ,4c93ed4e-7716-3c51-aac7-9e26b02519ef,  -30.560170 ,  -52.700560 ,2023-10-05 17:37:00,Brasil,RIO GRANDE DO SUL,ENCRUZILHADA DO SUL,Pampa
 1654591747 ,b29892dd-31b5-3bab-8e3a-81d66395f145,  -30.487140 ,  -52.655240 ,2023-10-05 17:37:00,Brasil,RIO GRANDE DO SUL,ENCRUZILHADA DO SUL,Pampa
 1654591748 ,fc2b951d-da31-3327-b98b-d3fa49814511,  -30.482340 ,  -52.662940 ,2023-10-05 17:37:00,Brasil,RIO GRANDE DO SUL,ENCRUZILHADA DO SUL,Pampa
 1654591750 ,2e0ed12d-0544-3b0e-a882-d2dcef073828,  -30.480830 ,  -52.651410 ,2023-10-05 17:37:00,Brasil,RIO GRANDE DO SUL,ENCRUZILHADA DO SUL,Pampa
 1655161295 ,dfb98ad1-1028-36b1-bf31-c6b9036315bb,  -32.325730 ,  -53.268300 ,2023-10-08 18:02:00,Brasil,RIO GRANDE DO SUL,JAGUARÃO,Pampa
 1655336632 ,b5b5bf39-bd6b-312c-96b6-614d463e01bc,  -32.054860 ,  -52.315410 ,2023-10-09 17:07:00,Brasil,RIO GRANDE DO SUL,RIO GRANDE,Pampa
 1655472966 ,07de5a71-75fb-39f8-b327-6102a51c0862,  -31.067620 ,  -52.047080 ,2023-10-10 17:47:00,Brasil,RIO GRANDE DO SUL,CRISTAL,Pampa
 1655472969 ,8fa3edf3-d89a-373d-a167-1ff0a16bb456,  -27.630910 ,  -52.431860 ,2023-10-10 17:49:00,Brasil,RIO GRANDE DO SUL,BARÃO DE COTEGIPE,Mata Atlântica
 1655472970 ,0a8b2348-7ed3-3569-9879-2f8f7d5d93fa,  -27.629230 ,  -52.421190 ,2023-10-10 17:49:00,Brasil,RIO GRANDE DO SUL,BARÃO DE COTEGIPE,Mata Atlântica
 1655472972 ,f128d027-5743-3493-925a-fa1ff0f7d9b9,  -31.073760 ,  -52.451930 ,2023-10-10 17:49:00,Brasil,RIO GRANDE DO SUL,CANGUÇU,Pampa
 1655472973 ,0de738f3-e08a-3bb0-8b73-7469d7a24030,  -31.072150 ,  -52.441390 ,2023-10-10 17:49:00,Brasil,RIO GRANDE DO SUL,CANGUÇU,Pampa
 1655472974 ,6ea8582c-21c0-30de-afa7-92e9a198df38,  -30.763440 ,  -53.406170 ,2023-10-10 17:49:00,Brasil,RIO GRANDE DO SUL,CAÇAPAVA DO SUL,Pampa
 1655472975 ,1bda5922-cf4a-365d-b972-45e62117de2b,  -30.735900 ,  -52.780240 ,2023-10-10 17:49:00,Brasil,RIO GRANDE DO SUL,ENCRUZILHADA DO SUL,Pampa
 1655472976 ,f1a19749-42b2-3563-8367-db732192b177,  -30.498730 ,  -52.797820 ,2023-10-10 17:49:00,Brasil,RIO GRANDE DO SUL,ENCRUZILHADA DO SUL,Pampa
 1655472977 ,9a613192-45b3-396b-a0e9-2f2c7a670003,  -30.487210 ,  -52.660020 ,2023-10-10 17:49:00,Brasil,RIO GRANDE DO SUL,ENCRUZILHADA DO SUL,Pampa
 1655472978 ,900e2937-b5bb-306c-86d3-437c5c52116e,  -31.862850 ,  -53.373010 ,2023-10-10 17:47:00,Brasil,RIO GRANDE DO SUL,HERVAL,Pampa
 1655472979 ,d7b53ab0-48f3-31b7-a0b0-18cd0237379c,  -31.557630 ,  -52.663710 ,2023-10-10 17:47:00,Brasil,RIO GRANDE DO SUL,CANGUÇU,Pampa
 1655472980 ,076e8c85-bfed-3421-8e58-c79e9db8d6bc,  -31.495620 ,  -52.806250 ,2023-10-10 17:47:00,Brasil,RIO GRANDE DO SUL,CANGUÇU,Pampa
 1655472981 ,c9085bf5-af64-3908-9ad6-08ebe3ccaad2,  -31.316480 ,  -52.530700 ,2023-10-10 17:47:00,Brasil,RIO GRANDE DO SUL,CANGUÇU,Pampa
 1655472991 ,e0687511-5e25-3949-865d-841f35cc4fa1,  -30.876100 ,  -54.069760 ,2023-10-10 17:49:00,Brasil,RIO GRANDE DO SUL,LAVRAS DO SUL,Pampa
 1655472992 ,dfaf3904-b227-3a58-b566-9f20717d3fd6,  -30.530920 ,  -54.364810 ,2023-10-10 17:49:00,Brasil,RIO GRANDE DO SUL,SÃO GABRIEL,Pampa
 1655472993 ,a874d659-0581-3397-afc5-50568e5ad5b2,  -30.149590 ,  -54.331120 ,2023-10-10 17:49:00,Brasil,RIO GRANDE DO SUL,SÃO GABRIEL,Pampa
 1655472994 ,fb1652bf-6394-3844-a43f-bf5fbd3a2e4d,  -30.142540 ,  -54.338030 ,2023-10-10 17:49:00,Brasil,RIO GRANDE DO SUL,SÃO GABRIEL,Pampa
 1655472995 ,6b5bc22e-4036-350c-b184-f5feb28ccb65,  -30.141080 ,  -54.327590 ,2023-10-10 17:49:00,Brasil,RIO GRANDE DO SUL,SÃO GABRIEL,Pampa
 1656177226 ,6bbcf4a8-6e36-3232-8fd8-934e3ba9e2c0,  -29.170870 ,  -50.533210 ,2023-10-14 17:20:00,Brasil,RIO GRANDE DO SUL,SÃO FRANCISCO DE PAULA,Mata Atlântica
 1656338984 ,75c472f9-0572-3ef9-9f5b-bd2c3d22dd46,  -31.075110 ,  -53.260540 ,2023-10-15 18:00:00,Brasil,RIO GRANDE DO SUL,PINHEIRO MACHADO,Pampa
 1656338985 ,0e65e403-34bb-34ab-838f-aa024bd32efa,  -31.073060 ,  -53.248300 ,2023-10-15 18:00:00,Brasil,RIO GRANDE DO SUL,PINHEIRO MACHADO,Pampa
 1657000527 ,78d26b3f-0ffc-3273-8512-7e4c3b883226,  -31.766970 ,  -53.258010 ,2023-10-19 17:30:00,Brasil,RIO GRANDE DO SUL,PIRATINI,Pampa
 1657000528 ,7fb7f3a9-c9de-32eb-a752-deea3bbc3efa,  -31.765330 ,  -53.242520 ,2023-10-19 17:30:00,Brasil,RIO GRANDE DO SUL,PIRATINI,Pampa
 1657000529 ,18394f2e-1d8d-3507-87de-48eab63d63b4,  -31.762110 ,  -53.249870 ,2023-10-19 17:30:00,Brasil,RIO GRANDE DO SUL,PIRATINI,Pampa
 1657000530 ,c3c0fb1c-fcc4-306f-a01b-3e7ecb733bd6,  -31.726400 ,  -53.223550 ,2023-10-19 17:30:00,Brasil,RIO GRANDE DO SUL,PIRATINI,Pampa
 1657000531 ,e3112aee-3f9a-3b82-a832-dc5208a13c06,  -30.852430 ,  -52.561330 ,2023-10-19 17:30:00,Brasil,RIO GRANDE DO SUL,ENCRUZILHADA DO SUL,Pampa
 1657294342 ,b8918a32-948c-32d7-b77b-67845e3abd4f,  -28.895890 ,  -50.871350 ,2023-10-21 17:15:00,Brasil,RIO GRANDE DO SUL,CAXIAS DO SUL,Mata Atlântica
 1657294338 ,28a69d4c-0174-3228-8cc3-28c539531e54,  -33.563950 ,  -53.195670 ,2023-10-21 17:13:00,Brasil,RIO GRANDE DO SUL,SANTA VITÓRIA DO PALMAR,Pampa
 1657294339 ,1ca6daec-4da7-3e54-ba86-6e232dcbfc11,  -30.657130 ,  -52.814080 ,2023-10-21 17:15:00,Brasil,RIO GRANDE DO SUL,ENCRUZILHADA DO SUL,Pampa
 1657294340 ,314fb229-4213-329e-8dd3-04d80949f3b9,  -29.633140 ,  -51.551310 ,2023-10-21 17:15:00,Brasil,RIO GRANDE DO SUL,MONTENEGRO,Pampa
 1657294341 ,61e4a5ea-4ef6-3c48-913c-caca77e33cae,  -29.460630 ,  -53.176430 ,2023-10-21 17:15:00,Brasil,RIO GRANDE DO SUL,IBARAMA,Mata Atlântica
 1657294343 ,b84d0dfa-aebc-3a4d-bf4c-498a9857e4d3,  -28.894080 ,  -50.854710 ,2023-10-21 17:15:00,Brasil,RIO GRANDE DO SUL,CAXIAS DO SUL,Mata Atlântica
 1647733115 ,fd125fdc-8080-3d10-a627-a200dd6a7aeb,  -29.386180 ,  -50.265410 ,2023-08-31 17:47:00,Brasil,RIO GRANDE DO SUL,SÃO FRANCISCO DE PAULA,Mata Atlântica
 1647733116 ,9fb25e67-c11d-3ea5-a351-24126dfe56af,  -29.362910 ,  -50.311560 ,2023-08-31 17:47:00,Brasil,RIO GRANDE DO SUL,SÃO FRANCISCO DE PAULA,Mata Atlântica
 1647733117 ,1c455d14-5285-3384-96dd-fdeb3f81efa8,  -29.362030 ,  -50.366280 ,2023-08-31 17:47:00,Brasil,RIO GRANDE DO SUL,SÃO FRANCISCO DE PAULA,Mata Atlântica
 1647733118 ,611eb78f-3f50-3b1e-9a35-034849d767c8,  -29.318270 ,  -50.294570 ,2023-08-31 17:47:00,Brasil,RIO GRANDE DO SUL,SÃO FRANCISCO DE PAULA,Mata Atlântica
 1647733119 ,7b944b5b-ffcb-3502-8334-4adc18ca765c,  -29.140550 ,  -50.325910 ,2023-08-31 17:47:00,Brasil,RIO GRANDE DO SUL,CAMBARÁ DO SUL,Mata Atlântica
 1647733120 ,13b5d263-a5d4-3aea-b254-6ec1dcd1b341,  -29.137620 ,  -50.321100 ,2023-08-31 17:47:00,Brasil,RIO GRANDE DO SUL,CAMBARÁ DO SUL,Mata Atlântica
 1647733121 ,6b221b3a-e302-3ea2-a9bf-7643cb07c768,  -29.120450 ,  -50.330380 ,2023-08-31 17:47:00,Brasil,RIO GRANDE DO SUL,CAMBARÁ DO SUL,Mata Atlântica
 1647733122 ,ce4a5d96-f5b3-319c-b777-653183ae1fe7,  -28.927630 ,  -50.063010 ,2023-08-31 17:47:00,Brasil,RIO GRANDE DO SUL,CAMBARÁ DO SUL,Mata Atlântica
 1647733123 ,10ad4b74-77e4-3b79-9341-c25b8138d479,  -28.846740 ,  -50.184900 ,2023-08-31 17:47:00,Brasil,RIO GRANDE DO SUL,JAQUIRANA,Mata Atlântica
 1647733124 ,e6459a09-ac81-3e04-81bc-6ca9d4b5dec1,  -28.755430 ,  -50.016720 ,2023-08-31 17:47:00,Brasil,RIO GRANDE DO SUL,SÃO JOSÉ DOS AUSENTES,Mata Atlântica
 1647733125 ,71a8dcf3-1530-3268-ac78-d9be632c31ad,  -28.645960 ,  -49.917340 ,2023-08-31 17:47:00,Brasil,RIO GRANDE DO SUL,SÃO JOSÉ DOS AUSENTES,Mata Atlântica
 1647733176 ,bf87bd82-fb95-3c41-83a5-a687d83d7834,  -29.570430 ,  -51.217290 ,2023-08-31 17:47:00,Brasil,RIO GRANDE DO SUL,LINDOLFO COLLOR,Mata Atlântica
 1647733177 ,f6201eb9-ea12-3e9e-b3a0-d6feb26e7510,  -29.568460 ,  -51.205580 ,2023-08-31 17:47:00,Brasil,RIO GRANDE DO SUL,LINDOLFO COLLOR,Mata Atlântica
 1647733178 ,bc0aae9d-fac6-329e-babd-04d28343f46a,  -29.556050 ,  -51.215160 ,2023-08-31 17:47:00,Brasil,RIO GRANDE DO SUL,PRESIDENTE LUCENA,Mata Atlântica
 1647733179 ,1c61848e-ff17-39e8-a63c-6c062f4eb254,  -29.554110 ,  -51.203350 ,2023-08-31 17:47:00,Brasil,RIO GRANDE DO SUL,PRESIDENTE LUCENA,Mata Atlântica
 1647733180 ,e808183b-964b-36e5-8760-8eb7e7f38deb,  -29.546480 ,  -51.217080 ,2023-08-31 17:47:00,Brasil,RIO GRANDE DO SUL,PRESIDENTE LUCENA,Mata Atlântica
 1647733181 ,fc5d77f4-35e2-3181-9e4b-b7fda21d5ce8,  -29.506040 ,  -51.092930 ,2023-08-31 17:47:00,Brasil,RIO GRANDE DO SUL,MORRO REUTER,Mata Atlântica
 1647733182 ,d3ef9a97-e618-3e10-ba4d-b8d7e37254d6,  -29.493960 ,  -51.020570 ,2023-08-31 17:47:00,Brasil,RIO GRANDE DO SUL,SANTA MARIA DO HERVAL,Mata Atlântica
 1647733183 ,9ad14535-dc3e-3c77-bd5e-03fc71079142,  -29.459100 ,  -50.991710 ,2023-08-31 17:47:00,Brasil,RIO GRANDE DO SUL,SANTA MARIA DO HERVAL,Mata Atlântica
 1647733184 ,e5ca81a8-76c7-3c67-9b74-15ff7c5dfcd5,  -29.427690 ,  -51.053520 ,2023-08-31 17:47:00,Brasil,RIO GRANDE DO SUL,NOVA PETRÓPOLIS,Mata Atlântica
 1647733185 ,13582c54-87e1-3f50-b803-9458668253d3,  -29.426910 ,  -51.616880 ,2023-08-31 17:47:00,Brasil,RIO GRANDE DO SUL,SALVADOR DO SUL,Mata Atlântica
 1647733186 ,e690aab4-bc15-3e51-bfeb-e1a90f076cea,  -29.424540 ,  -51.214060 ,2023-08-31 17:47:00,Brasil,RIO GRANDE DO SUL,LINHA NOVA,Mata Atlântica
 1647733187 ,85199d4c-6f83-3cd3-808d-dc1b53ea2cfe,  -29.422590 ,  -51.202340 ,2023-08-31 17:47:00,Brasil,RIO GRANDE DO SUL,LINHA NOVA,Mata Atlântica
 1647733188 ,dd0757d6-0784-3e0c-8077-1b3e1a824173,  -29.397100 ,  -51.433540 ,2023-08-31 17:47:00,Brasil,RIO GRANDE DO SUL,BARÃO,Mata Atlântica
 1647733189 ,d2232dc5-b944-3031-91ad-310c42d1e684,  -28.954570 ,  -51.053850 ,2023-08-31 17:47:00,Brasil,RIO GRANDE DO SUL,SÃO MARCOS,Mata Atlântica
 1647733190 ,4e73e0f4-0e8a-34ba-99c8-99348a2ad40b,  -28.924070 ,  -51.661570 ,2023-08-31 17:47:00,Brasil,RIO GRANDE DO SUL,VERANÓPOLIS,Mata Atlântica
 1647733191 ,9af17450-9c19-329c-aeac-3212fd809372,  -28.881880 ,  -50.986920 ,2023-08-31 17:47:00,Brasil,RIO GRANDE DO SUL,CAXIAS DO SUL,Mata Atlântica
 1647733192 ,128da334-60ef-363f-9e35-e0e462650fda,  -28.874130 ,  -51.000920 ,2023-08-31 17:47:00,Brasil,RIO GRANDE DO SUL,CAXIAS DO SUL,Mata Atlântica
 1647733193 ,5c6851c9-81d4-300a-9644-0b31ad729b3b,  -28.872160 ,  -50.989120 ,2023-08-31 17:47:00,Brasil,RIO GRANDE DO SUL,CAXIAS DO SUL,Mata Atlântica
 1647733194 ,898cfe1e-b025-37f0-a76d-f8161d2ffddc,  -29.520240 ,  -50.920750 ,2023-08-31 17:47:00,Brasil,RIO GRANDE DO SUL,SANTA MARIA DO HERVAL,Mata Atlântica
 1647733195 ,e5e324f7-5945-3e23-a0ff-729ae6462a55,  -29.518560 ,  -50.927890 ,2023-08-31 17:47:00,Brasil,RIO GRANDE DO SUL,SANTA MARIA DO HERVAL,Mata Atlântica
 1647733196 ,3688a44e-65c4-3574-b87a-962b13771cb2,  -29.516540 ,  -50.915720 ,2023-08-31 17:47:00,Brasil,RIO GRANDE DO SUL,SANTA MARIA DO HERVAL,Mata Atlântica
 1647733197 ,217a39ff-eff1-3c61-9d36-89bf535fa175,  -29.430850 ,  -50.884490 ,2023-08-31 17:47:00,Brasil,RIO GRANDE DO SUL,GRAMADO,Mata Atlântica
 1647733198 ,793ba201-5dc2-35f4-bf6f-1f5595728fa1,  -29.335710 ,  -50.746420 ,2023-08-31 17:47:00,Brasil,RIO GRANDE DO SUL,CANELA,Mata Atlântica
 1647733199 ,2675b716-4a05-30cc-a489-ac2ae5c2c17d,  -29.333580 ,  -50.733940 ,2023-08-31 17:47:00,Brasil,RIO GRANDE DO SUL,CANELA,Mata Atlântica
 1647733200 ,819e373d-8298-3b2c-a7e9-3d96ea828f52,  -29.308930 ,  -50.530450 ,2023-08-31 17:47:00,Brasil,RIO GRANDE DO SUL,SÃO FRANCISCO DE PAULA,Mata Atlântica
 1647733201 ,0a53f93c-15e1-3472-9fd9-0ebe4df532ce,  -29.294570 ,  -50.625660 ,2023-08-31 17:47:00,Brasil,RIO GRANDE DO SUL,SÃO FRANCISCO DE PAULA,Mata Atlântica
 1647733202 ,22d94ded-5669-32c5-ad90-6db30dda1042,  -29.139470 ,  -50.380590 ,2023-08-31 17:47:00,Brasil,RIO GRANDE DO SUL,SÃO FRANCISCO DE PAULA,Mata Atlântica
 1647733203 ,2532fb8e-d314-32dc-9794-e76d6f14d37b,  -29.127350 ,  -50.491320 ,2023-08-31 17:47:00,Brasil,RIO GRANDE DO SUL,SÃO FRANCISCO DE PAULA,Mata Atlântica
 1647733204 ,69a535aa-1d5c-3cd9-9ab6-8761d228c819,  -29.118460 ,  -50.439700 ,2023-08-31 17:47:00,Brasil,RIO GRANDE DO SUL,JAQUIRANA,Mata Atlântica
 1647733205 ,b30d5ea7-d379-3154-afe6-a472b217e2c2,  -29.117160 ,  -50.371810 ,2023-08-31 17:47:00,Brasil,RIO GRANDE DO SUL,SÃO FRANCISCO DE PAULA,Mata Atlântica
 1647733206 ,4056d4de-d238-3eb5-abdc-07e763cd7a99,  -29.097810 ,  -50.623990 ,2023-08-31 17:47:00,Brasil,RIO GRANDE DO SUL,SÃO FRANCISCO DE PAULA,Mata Atlântica
 1647733207 ,8f21b955-8d00-3206-9d6d-cfa338a7b655,  -29.097600 ,  -50.617160 ,2023-08-31 17:47:00,Brasil,RIO GRANDE DO SUL,SÃO FRANCISCO DE PAULA,Mata Atlântica
 1647733208 ,1f04b674-6762-330a-85e2-485897dd3735,  -29.084360 ,  -50.541180 ,2023-08-31 17:47:00,Brasil,RIO GRANDE DO SUL,SÃO FRANCISCO DE PAULA,Mata Atlântica
 1647733209 ,d43b8770-326d-3ed7-9999-aca4a1772d76,  -29.082780 ,  -50.535060 ,2023-08-31 17:47:00,Brasil,RIO GRANDE DO SUL,SÃO FRANCISCO DE PAULA,Mata Atlântica
 1647733210 ,d15d5485-1205-31ae-850c-70b46d2646aa,  -29.069480 ,  -50.578080 ,2023-08-31 17:47:00,Brasil,RIO GRANDE DO SUL,SÃO FRANCISCO DE PAULA,Mata Atlântica
 1647733211 ,ac9c1d2b-faab-3bf9-a823-4ea63a6afe7d,  -29.059760 ,  -50.460350 ,2023-08-31 17:47:00,Brasil,RIO GRANDE DO SUL,SÃO FRANCISCO DE PAULA,Mata Atlântica
 1647733212 ,52e75f9f-5ef7-374c-b82a-38785c2d975a,  -29.020880 ,  -50.712030 ,2023-08-31 17:47:00,Brasil,RIO GRANDE DO SUL,SÃO FRANCISCO DE PAULA,Mata Atlântica
 1647733213 ,8a0c6978-724b-3e6b-9b41-aa7d6f63277f,  -29.020840 ,  -50.893290 ,2023-08-31 17:47:00,Brasil,RIO GRANDE DO SUL,CAXIAS DO SUL,Mata Atlântica
 1647733214 ,9bfcaec2-aa0a-3896-9e47-fa872fdc7412,  -29.019770 ,  -50.706820 ,2023-08-31 17:47:00,Brasil,RIO GRANDE DO SUL,SÃO FRANCISCO DE PAULA,Mata Atlântica
 1647733215 ,966e7524-3b57-3b64-9a80-51694932b4fc,  -29.018790 ,  -50.699640 ,2023-08-31 17:47:00,Brasil,RIO GRANDE DO SUL,SÃO FRANCISCO DE PAULA,Mata Atlântica
 1647733216 ,2595bf09-a299-3cde-835b-3342df68ecdc,  -28.996400 ,  -50.808700 ,2023-08-31 17:47:00,Brasil,RIO GRANDE DO SUL,CAXIAS DO SUL,Mata Atlântica
 1647733217 ,a8c340d1-444f-3595-896e-204095ef44ee,  -28.974430 ,  -50.498230 ,2023-08-31 17:47:00,Brasil,RIO GRANDE DO SUL,SÃO FRANCISCO DE PAULA,Mata Atlântica
 1647733218 ,73ddfa85-f4ed-3737-b2c8-6e487939593a,  -28.682980 ,  -50.663480 ,2023-08-31 17:47:00,Brasil,RIO GRANDE DO SUL,BOM JESUS,Mata Atlântica
 1647733219 ,6887fe68-2d97-327c-8451-4d8ce8f21a3a,  -28.627580 ,  -50.283110 ,2023-08-31 17:47:00,Brasil,RIO GRANDE DO SUL,BOM JESUS,Mata Atlântica
 1647733220 ,f1ed7618-6e57-3e53-baec-8e83177e2a48,  -28.589400 ,  -50.306020 ,2023-08-31 17:47:00,Brasil,RIO GRANDE DO SUL,BOM JESUS,Mata Atlântica
 1647733221 ,842d6e02-f557-3ddf-ae3b-de2921c85663,  -28.588760 ,  -50.769180 ,2023-08-31 17:47:00,Brasil,RIO GRANDE DO SUL,MONTE ALEGRE DOS CAMPOS,Mata Atlântica
 1647733222 ,cac97103-68f6-30e3-acb3-30578b327565,  -28.501330 ,  -50.502580 ,2023-08-31 17:47:00,Brasil,RIO GRANDE DO SUL,BOM JESUS,Mata Atlântica
 1647733223 ,f21d7f1a-8957-3c23-b493-3bfdfef11399,  -28.428240 ,  -50.550850 ,2023-08-31 17:47:00,Brasil,RIO GRANDE DO SUL,BOM JESUS,Mata Atlântica
 1647733224 ,67952932-1479-3f49-9dbb-9c0ae45fd62f,  -28.411510 ,  -50.755490 ,2023-08-31 17:47:00,Brasil,RIO GRANDE DO SUL,VACARIA,Mata Atlântica
 1647733235 ,fb619d1c-ef73-3d0d-b5c1-0fb50040bfb0,  -28.190390 ,  -50.849750 ,2023-08-31 17:47:00,Brasil,RIO GRANDE DO SUL,VACARIA,Mata Atlântica
 1647733236 ,203c694e-446a-35f8-ba52-7cf0e5ef0a26,  -30.601790 ,  -52.215650 ,2023-08-31 17:47:00,Brasil,RIO GRANDE DO SUL,DOM FELICIANO,Pampa
 1647733237 ,368aee78-9861-3883-a59b-d92af6ac7368,  -30.703890 ,  -52.153590 ,2023-08-31 17:47:00,Brasil,RIO GRANDE DO SUL,DOM FELICIANO,Pampa
 1647733238 ,59d9b6ca-cabb-3572-b57c-62c04858cc7b,  -30.537210 ,  -51.627390 ,2023-08-31 17:47:00,Brasil,RIO GRANDE DO SUL,SERTÃO SANTANA,Pampa
 1647733239 ,2a485e05-6270-3e48-8d43-53c24da8621c,  -30.535420 ,  -51.616170 ,2023-08-31 17:47:00,Brasil,RIO GRANDE DO SUL,SENTINELA DO SUL,Pampa
 1647733240 ,e66c0e5d-1e54-3c80-87e1-3ba441b5389e,  -29.887240 ,  -51.542770 ,2023-08-31 17:47:00,Brasil,RIO GRANDE DO SUL,TRIUNFO,Pampa
 1647733241 ,6dbd4d93-f9d9-3e89-aeb3-a9c0a30c0713,  -29.680590 ,  -51.647280 ,2023-08-31 17:47:00,Brasil,RIO GRANDE DO SUL,TRIUNFO,Pampa
 1647733242 ,696e3845-8d26-32e7-8a35-5e6443ff2302,  -29.667370 ,  -51.684990 ,2023-08-31 17:47:00,Brasil,RIO GRANDE DO SUL,TRIUNFO,Pampa
 1647733243 ,f22962a9-5ea8-3d6a-854a-ae62ac9cdfa0,  -29.633880 ,  -51.598910 ,2023-08-31 17:47:00,Brasil,RIO GRANDE DO SUL,MONTENEGRO,Pampa
 1647733244 ,713a1adc-71c3-3cde-a60f-d52822540aa5,  -29.569490 ,  -51.536670 ,2023-08-31 17:47:00,Brasil,RIO GRANDE DO SUL,MARATÁ,Mata Atlântica
 1647733245 ,2028b7f6-f9eb-341c-bf0f-6b3db4393f18,  -29.567610 ,  -51.525200 ,2023-08-31 17:47:00,Brasil,RIO GRANDE DO SUL,MARATÁ,Mata Atlântica
 1647733246 ,ca122e94-5356-393d-832d-5bc5e0a74743,  -29.554460 ,  -51.504520 ,2023-08-31 17:47:00,Brasil,RIO GRANDE DO SUL,SÃO JOSÉ DO SUL,Mata Atlântica
 1647733247 ,b79473a8-3af1-3bfd-9021-f09e6d571ccd,  -31.680410 ,  -52.210990 ,2023-08-31 17:47:00,Brasil,RIO GRANDE DO SUL,PELOTAS,Pampa
 1647733248 ,cba547c1-4238-3eb5-b833-a889c28e4630,  -31.454480 ,  -52.232980 ,2023-08-31 17:47:00,Brasil,RIO GRANDE DO SUL,PELOTAS,Pampa
 1647733249 ,8e339b86-4449-326c-9458-f82d85e8e06e,  -30.950600 ,  -52.205330 ,2023-08-31 17:47:00,Brasil,RIO GRANDE DO SUL,CRISTAL,Pampa
 1647733306 ,d223eded-ef98-358d-837f-ea50d0af1b4e,  -27.477250 ,  -52.189100 ,2023-08-31 17:47:00,Brasil,RIO GRANDE DO SUL,TRÊS ARROIOS,Mata Atlântica
 1647733307 ,9a5dc0c9-70b0-3aed-8281-97aa5a3140a8,  -27.402780 ,  -52.175490 ,2023-08-31 17:47:00,Brasil,RIO GRANDE DO SUL,SEVERIANO DE ALMEIDA,Mata Atlântica
 1647733308 ,b952943e-774a-313a-86a3-551b045dfb0c,  -27.401780 ,  -52.290050 ,2023-08-31 17:47:00,Brasil,RIO GRANDE DO SUL,ARATIBA,Mata Atlântica
 1647733334 ,b4792e20-d231-38a2-91ce-3a6bc4f85db6,  -30.747340 ,  -52.738250 ,2023-08-31 17:47:00,Brasil,RIO GRANDE DO SUL,ENCRUZILHADA DO SUL,Pampa
 1647733318 ,a2e9dab9-3932-33c7-aedd-003854e3a059,  -28.162520 ,  -51.856920 ,2023-08-31 17:47:00,Brasil,RIO GRANDE DO SUL,SANTA CECÍLIA DO SUL,Mata Atlântica
 1647733319 ,d55a6445-daa5-3607-bef0-1c9942859bef,  -29.425180 ,  -53.143160 ,2023-08-31 17:47:00,Brasil,RIO GRANDE DO SUL,IBARAMA,Mata Atlântica
 1647733320 ,ce65439c-2b29-30be-a209-c0bea066b73a,  -29.027670 ,  -52.361740 ,2023-08-31 17:47:00,Brasil,RIO GRANDE DO SUL,FONTOURA XAVIER,Mata Atlântica
 1647733321 ,6b8156f6-cd5a-3d12-9fcf-6e37fb1c429a,  -28.696460 ,  -52.242430 ,2023-08-31 17:47:00,Brasil,RIO GRANDE DO SUL,NOVA ALVORADA,Mata Atlântica
 1647733322 ,5886e385-3e06-3c40-a3b2-ecc422a8f9d9,  -29.375940 ,  -52.337730 ,2023-08-31 17:47:00,Brasil,RIO GRANDE DO SUL,BOQUEIRÃO DO LEÃO,Mata Atlântica
 1647733323 ,35b16b60-c6c2-3c5c-8aaf-bbb1fb683784,  -29.374270 ,  -52.326990 ,2023-08-31 17:47:00,Brasil,RIO GRANDE DO SUL,BOQUEIRÃO DO LEÃO,Mata Atlântica
 1647733324 ,2773af4e-27e9-3ccd-bd1f-440846db2dd0,  -29.307750 ,  -52.731100 ,2023-08-31 17:47:00,Brasil,RIO GRANDE DO SUL,LAGOÃO,Mata Atlântica
 1647733325 ,6d1fd98c-9731-3cca-98a2-6c0c8e242205,  -29.036840 ,  -52.359780 ,2023-08-31 17:47:00,Brasil,RIO GRANDE DO SUL,FONTOURA XAVIER,Mata Atlântica
 1647733326 ,632b34b9-0ef9-39f3-bcc7-7159790ef451,  -28.758000 ,  -52.695170 ,2023-08-31 17:47:00,Brasil,RIO GRANDE DO SUL,SOLEDADE,Mata Atlântica
 1647733327 ,8acae897-c808-3beb-92b3-87bd76341a01,  -28.707440 ,  -52.251530 ,2023-08-31 17:47:00,Brasil,RIO GRANDE DO SUL,ITAPUCA,Mata Atlântica
 1647733328 ,b3864095-d8cd-3c43-b3e4-c180090a896f,  -29.447120 ,  -52.859760 ,2023-08-31 17:47:00,Brasil,RIO GRANDE DO SUL,PASSA SETE,Mata Atlântica
 1647733329 ,a9c76cfd-a227-3a0a-a7fb-ff8c2cbe55ba,  -28.705700 ,  -52.240540 ,2023-08-31 17:47:00,Brasil,RIO GRANDE DO SUL,NOVA ALVORADA,Mata Atlântica
 1647733330 ,148c70ac-ef27-31bb-ad6b-f4bda2782a60,  -31.072000 ,  -52.449150 ,2023-08-31 17:47:00,Brasil,RIO GRANDE DO SUL,CANGUÇU,Pampa
 1647733331 ,b48493b4-ac2a-354d-98c2-a621f6ab8d76,  -30.847440 ,  -52.733570 ,2023-08-31 17:47:00,Brasil,RIO GRANDE DO SUL,ENCRUZILHADA DO SUL,Pampa
 1647733332 ,fd86a069-5273-312d-97a5-c66dae8930ab,  -30.436300 ,  -53.497590 ,2023-08-31 17:47:00,Brasil,RIO GRANDE DO SUL,CAÇAPAVA DO SUL,Pampa
 1647733333 ,c25930d8-08f1-3e1b-bc26-bd4e90c83895,  -30.786000 ,  -52.870890 ,2023-08-31 17:47:00,Brasil,RIO GRANDE DO SUL,ENCRUZILHADA DO SUL,Pampa
 1647733335 ,a035b1cc-e89a-31f1-b512-8f11973b16ff,  -30.434780 ,  -53.487240 ,2023-08-31 17:47:00,Brasil,RIO GRANDE DO SUL,CAÇAPAVA DO SUL,Pampa
 1647733336 ,1b263bd0-3ea6-333e-b328-2ed28fa429ad,  -29.662590 ,  -52.578360 ,2023-08-31 17:47:00,Brasil,RIO GRANDE DO SUL,VERA CRUZ,Mata Atlântica
 1647733337 ,036050e1-c7eb-3cac-8483-7861a520f756,  -31.835390 ,  -53.053170 ,2023-08-31 17:47:00,Brasil,RIO GRANDE DO SUL,PIRATINI,Pampa
 1647733338 ,fe2cfe48-63bc-38f7-8597-9b5725af4c81,  -31.444170 ,  -52.714140 ,2023-08-31 17:47:00,Brasil,RIO GRANDE DO SUL,CANGUÇU,Pampa
 1647733339 ,be26db0d-2ded-3317-8f4e-00992331c7f6,  -31.201050 ,  -52.755130 ,2023-08-31 17:47:00,Brasil,RIO GRANDE DO SUL,CANGUÇU,Pampa
 1647733406 ,7d4f2c1b-cf82-3a92-84df-ea3da68e6d07,  -28.835910 ,  -54.076670 ,2023-08-31 17:47:00,Brasil,RIO GRANDE DO SUL,JÓIA,Pampa
 1647733407 ,3245aeb4-238b-35d9-9021-ce8008a5a67c,  -28.834440 ,  -54.066510 ,2023-08-31 17:47:00,Brasil,RIO GRANDE DO SUL,JÓIA,Pampa
 1647733408 ,cdc10341-c263-3cc7-a5cf-ce6b40b1c471,  -28.826970 ,  -54.078380 ,2023-08-31 17:47:00,Brasil,RIO GRANDE DO SUL,JÓIA,Pampa
 1647733409 ,197ea874-4468-3925-b17a-550db24ff8a9,  -28.653310 ,  -54.337730 ,2023-08-31 17:47:00,Brasil,RIO GRANDE DO SUL,EUGÊNIO DE CASTRO,Pampa
 1647733410 ,711d7b79-8c02-3e56-9621-453733cfdf29,  -28.654770 ,  -54.347900 ,2023-08-31 17:47:00,Brasil,RIO GRANDE DO SUL,EUGÊNIO DE CASTRO,Pampa
 1647733411 ,d46e4b62-1b5d-35e8-bc98-63964f86de29,  -30.181130 ,  -55.010440 ,2023-08-31 17:47:00,Brasil,RIO GRANDE DO SUL,ROSÁRIO DO SUL,Pampa
 1647733412 ,5ebc4485-0753-3e24-bb52-a15c3091db3c,  -30.179690 ,  -54.999810 ,2023-08-31 17:47:00,Brasil,RIO GRANDE DO SUL,ROSÁRIO DO SUL,Pampa
 1647733414 ,7f7f7390-b22a-3ce9-b9f5-9823cb9d7f03,  -31.159810 ,  -54.244130 ,2023-08-31 17:47:00,Brasil,RIO GRANDE DO SUL,BAGÉ,Pampa
 1647733484 ,7f5efa54-b75e-3785-8700-1ea41f3dc0d2,  -28.123160 ,  -54.878940 ,2023-08-31 17:47:00,Brasil,RIO GRANDE DO SUL,SÃO PEDRO DO BUTIÁ,Mata Atlântica
 1647733485 ,9dd02925-281d-32f8-926a-9ccc392484a2,  -29.302990 ,  -55.785780 ,2023-08-31 17:47:00,Brasil,RIO GRANDE DO SUL,ITAQUI,Pampa
 1647733486 ,ccf3447f-ef7e-3f4a-a98e-21ca3739db19,  -28.868700 ,  -55.424570 ,2023-08-31 17:47:00,Brasil,RIO GRANDE DO SUL,SÃO BORJA,Pampa
 1647733487 ,60a06a71-861c-3cec-8a86-fdcb873595f6,  -29.876610 ,  -55.766830 ,2023-08-31 17:47:00,Brasil,RIO GRANDE DO SUL,ALEGRETE,Pampa
 1649144650 ,b9fdba26-64eb-37a8-a049-d5e3b1213261,  -27.812360 ,  -51.366630 ,2023-09-07 17:47:00,Brasil,RIO GRANDE DO SUL,BARRACÃO,Mata Atlântica
 1647551755 ,79586aa6-7cca-301e-8425-c14bb0689f2d,  -30.581460 ,  -52.541530 ,2023-08-30 17:05:00,Brasil,RIO GRANDE DO SUL,ENCRUZILHADA DO SUL,Pampa
 1647551756 ,52e265bd-3722-3c97-a58f-4f636c7d01b4,  -30.567860 ,  -52.547280 ,2023-08-30 17:05:00,Brasil,RIO GRANDE DO SUL,ENCRUZILHADA DO SUL,Pampa
 1647551760 ,a6e8ca18-cf3e-33f7-927d-e46a3ff19d40,  -29.407740 ,  -50.362710 ,2023-08-30 17:05:00,Brasil,RIO GRANDE DO SUL,SÃO FRANCISCO DE PAULA,Mata Atlântica
 1647551761 ,63c6a01f-a110-36f9-8731-b76c1298ad6f,  -29.318910 ,  -50.668300 ,2023-08-30 17:05:00,Brasil,RIO GRANDE DO SUL,SÃO FRANCISCO DE PAULA,Mata Atlântica
 1647551762 ,c3ee3a19-2f7a-338d-975a-d04917536752,  -29.318360 ,  -50.650660 ,2023-08-30 17:05:00,Brasil,RIO GRANDE DO SUL,SÃO FRANCISCO DE PAULA,Mata Atlântica
 1647551763 ,8c4d9fcd-cf35-3cbf-b9fc-02be5570497a,  -29.182330 ,  -50.451930 ,2023-08-30 17:05:00,Brasil,RIO GRANDE DO SUL,SÃO FRANCISCO DE PAULA,Mata Atlântica
 1647551764 ,d2b5928c-a173-32fb-8d88-75356d0891a9,  -29.054550 ,  -50.324160 ,2023-08-30 17:05:00,Brasil,RIO GRANDE DO SUL,JAQUIRANA,Mata Atlântica
 1647551765 ,8da0814c-914f-3c91-ab27-3aa7e5c4561c,  -29.019990 ,  -52.486620 ,2023-08-30 17:05:00,Brasil,RIO GRANDE DO SUL,FONTOURA XAVIER,Mata Atlântica
 1647551766 ,7db75444-f2a3-321c-b494-648183aa7e7b,  -29.018430 ,  -52.494740 ,2023-08-30 17:05:00,Brasil,RIO GRANDE DO SUL,SOLEDADE,Mata Atlântica
 1647551767 ,6ab09706-1d92-33bf-8ac6-cae0b31ca852,  -29.004390 ,  -50.485790 ,2023-08-30 17:05:00,Brasil,RIO GRANDE DO SUL,SÃO FRANCISCO DE PAULA,Mata Atlântica
 1647551768 ,4fa919a8-d623-3677-ad17-17d91d687cf4,  -28.925140 ,  -50.057450 ,2023-08-30 17:05:00,Brasil,RIO GRANDE DO SUL,CAMBARÁ DO SUL,Mata Atlântica
 1647551769 ,9e2cc52e-ffa8-30eb-a3d4-8e9e983e3690,  -28.912580 ,  -50.880310 ,2023-08-30 17:05:00,Brasil,RIO GRANDE DO SUL,CAXIAS DO SUL,Mata Atlântica
 1647551770 ,4673c345-f10a-3001-86bc-1caf17c0bee0,  -28.861760 ,  -50.751620 ,2023-08-30 17:05:00,Brasil,RIO GRANDE DO SUL,SÃO FRANCISCO DE PAULA,Mata Atlântica
 1647551771 ,caa27d45-4ad5-3d32-b79e-e456eeb01977,  -28.657130 ,  -51.167660 ,2023-08-30 17:07:00,Brasil,RIO GRANDE DO SUL,IPÊ,Mata Atlântica
 1647551772 ,0198d7bd-0896-319e-a921-62fe1326b8ea,  -28.653100 ,  -51.163360 ,2023-08-30 17:07:00,Brasil,RIO GRANDE DO SUL,IPÊ,Mata Atlântica
 1647551773 ,8394669e-4e0d-3825-b6b1-8efca8c5311b,  -28.621160 ,  -50.534050 ,2023-08-30 17:07:00,Brasil,RIO GRANDE DO SUL,BOM JESUS,Mata Atlântica
 1647551774 ,294eb173-a961-3a3b-85e9-cb88404a6411,  -28.610560 ,  -50.556900 ,2023-08-30 17:07:00,Brasil,RIO GRANDE DO SUL,BOM JESUS,Mata Atlântica
 1647551775 ,5e1eadaa-d9ff-338b-9213-64503aa8e03d,  -28.608540 ,  -50.535550 ,2023-08-30 17:07:00,Brasil,RIO GRANDE DO SUL,BOM JESUS,Mata Atlântica
 1647551776 ,4333cd0d-afca-3a2d-9f67-ae3055c8e0d0,  -28.599340 ,  -49.877040 ,2023-08-30 17:05:00,Brasil,RIO GRANDE DO SUL,SÃO JOSÉ DOS AUSENTES,Mata Atlântica
 1650015453 ,4bcf66e7-f175-344a-aa66-dae22f220637,  -29.091650 ,  -50.550870 ,2023-09-11 17:17:00,Brasil,RIO GRANDE DO SUL,SÃO FRANCISCO DE PAULA,Mata Atlântica
 1650015454 ,e947643f-9e86-3f83-81f9-cf2f34aad7cb,  -28.730940 ,  -50.259310 ,2023-09-11 17:17:00,Brasil,RIO GRANDE DO SUL,BOM JESUS,Mata Atlântica
 1650015455 ,08d1ca20-265d-3ea0-8e05-4b6c9e9d8434,  -28.729370 ,  -50.245510 ,2023-09-11 17:17:00,Brasil,RIO GRANDE DO SUL,BOM JESUS,Mata Atlântica
 1650015456 ,3737b004-2912-3000-a0ae-2d0a456c0ab5,  -28.550840 ,  -50.186990 ,2023-09-11 17:17:00,Brasil,RIO GRANDE DO SUL,BOM JESUS,Mata Atlântica
 1650539687 ,fa85da4c-5199-3231-916d-97d32a13f089,  -29.187310 ,  -54.863480 ,2023-09-14 17:43:00,Brasil,RIO GRANDE DO SUL,SANTIAGO,Pampa
 1647376996 ,27c109a9-9401-3ba7-bec9-83eb168183b7,  -31.871600 ,  -52.988680 ,2023-08-29 18:02:00,Brasil,RIO GRANDE DO SUL,HERVAL,Pampa
 1647376997 ,0d8ca105-d4b1-3289-87bd-0cbcadbd2371,  -31.379840 ,  -52.595400 ,2023-08-29 18:02:00,Brasil,RIO GRANDE DO SUL,CANGUÇU,Pampa
 1647376998 ,b52e8e12-7d7f-3a06-9359-8abc4835b789,  -31.114970 ,  -53.373940 ,2023-08-29 18:02:00,Brasil,RIO GRANDE DO SUL,PINHEIRO MACHADO,Pampa
 1647376999 ,e353c582-c668-3b34-b1ce-ccc85215cefc,  -31.108090 ,  -53.923460 ,2023-08-29 18:02:00,Brasil,RIO GRANDE DO SUL,BAGÉ,Pampa
 1647377000 ,15c4f3c3-b6f7-352e-9e10-84381fb55ba0,  -31.105910 ,  -53.910740 ,2023-08-29 18:02:00,Brasil,RIO GRANDE DO SUL,BAGÉ,Pampa
 1647377001 ,fb7dadb3-6e54-3005-9af3-4af3a71b1c27,  -31.104870 ,  -53.376140 ,2023-08-29 18:02:00,Brasil,RIO GRANDE DO SUL,PINHEIRO MACHADO,Pampa
 1647377002 ,b73946f0-d014-37ac-bb15-a467eaeb5197,  -31.098320 ,  -53.925790 ,2023-08-29 18:02:00,Brasil,RIO GRANDE DO SUL,BAGÉ,Pampa
 1647377003 ,c53ea8be-4fb6-3d05-9884-146075d99bb9,  -30.026800 ,  -54.037480 ,2023-08-29 18:02:00,Brasil,RIO GRANDE DO SUL,SÃO GABRIEL,Pampa
 1647377004 ,8532f3f5-f4e9-3ba3-a631-b434eb16517b,  -29.913080 ,  -54.753310 ,2023-08-29 18:02:00,Brasil,RIO GRANDE DO SUL,CACEQUI,Pampa
 1647377005 ,3e792289-7c65-3069-bfb8-8cabd4e58ba5,  -29.750100 ,  -54.107730 ,2023-08-29 18:02:00,Brasil,RIO GRANDE DO SUL,DILERMANDO DE AGUIAR,Pampa
 1647377006 ,b3723680-415e-3a3f-bd06-2a6b8a08f361,  -29.638190 ,  -53.991520 ,2023-08-29 18:02:00,Brasil,RIO GRANDE DO SUL,SANTA MARIA,Pampa
 1647377007 ,66e5d21a-32a2-3c9c-8a75-1c11bb81aa7e,  -29.635940 ,  -53.978530 ,2023-08-29 18:02:00,Brasil,RIO GRANDE DO SUL,SANTA MARIA,Pampa
 1647377008 ,45a1c252-3dcb-30cd-bf03-371be2eba03b,  -29.908380 ,  -54.748850 ,2023-08-29 18:02:00,Brasil,RIO GRANDE DO SUL,CACEQUI,Pampa
 1647378053 ,e8404f6b-c6ef-33e2-ba54-f8643626eb82,  -29.068500 ,  -50.136490 ,2023-08-29 18:02:00,Brasil,RIO GRANDE DO SUL,CAMBARÁ DO SUL,Mata Atlântica
 1647378054 ,b495b15a-b7c0-3aac-a1c4-a14c1347314d,  -29.065820 ,  -50.129680 ,2023-08-29 18:02:00,Brasil,RIO GRANDE DO SUL,CAMBARÁ DO SUL,Mata Atlântica
 1647378055 ,86aaa340-721e-3370-8ead-44f599df0816,  -28.773210 ,  -50.184480 ,2023-08-29 18:02:00,Brasil,RIO GRANDE DO SUL,SÃO JOSÉ DOS AUSENTES,Mata Atlântica
 1647378056 ,db43ada6-9d87-3f70-99b8-d66f58b3bcfc,  -28.768810 ,  -50.162710 ,2023-08-29 18:02:00,Brasil,RIO GRANDE DO SUL,SÃO JOSÉ DOS AUSENTES,Mata Atlântica
 1647378060 ,9e6179a8-2887-3f77-8b4e-db8be3f63c7e,  -29.276150 ,  -50.512180 ,2023-08-29 18:02:00,Brasil,RIO GRANDE DO SUL,SÃO FRANCISCO DE PAULA,Mata Atlântica
 1647378061 ,740902e8-9048-3cba-8452-c3ac40b4b6d7,  -29.199270 ,  -50.395250 ,2023-08-29 18:02:00,Brasil,RIO GRANDE DO SUL,SÃO FRANCISCO DE PAULA,Mata Atlântica
 1647378062 ,1bddba86-b749-35bf-b6a2-0f67c7e55244,  -28.936520 ,  -50.738400 ,2023-08-29 18:02:00,Brasil,RIO GRANDE DO SUL,SÃO FRANCISCO DE PAULA,Mata Atlântica
 1647378063 ,3875dcbf-755e-3c01-af08-fd6464e7520c,  -28.932420 ,  -50.717970 ,2023-08-29 18:02:00,Brasil,RIO GRANDE DO SUL,SÃO FRANCISCO DE PAULA,Mata Atlântica
 1647378064 ,d1ee9427-1d74-3687-a5d5-b69c94a94d73,  -30.887920 ,  -51.932410 ,2023-08-29 18:02:00,Brasil,RIO GRANDE DO SUL,CAMAQUÃ,Pampa
 1647378065 ,4ff8ad67-2c1c-3fa5-945f-d4504552638f,  -30.471350 ,  -51.752060 ,2023-08-29 18:02:00,Brasil,RIO GRANDE DO SUL,BARÃO DO TRIUNFO,Pampa
 1647378066 ,f40ff429-7f39-333d-a505-24c8e3f23645,  -29.665090 ,  -51.188500 ,2023-08-29 18:02:00,Brasil,RIO GRANDE DO SUL,ESTÂNCIA VELHA,Pampa
 1647378067 ,63089479-6605-3400-946b-bf3a298fb526,  -29.661390 ,  -51.169700 ,2023-08-29 18:02:00,Brasil,RIO GRANDE DO SUL,ESTÂNCIA VELHA,Pampa
 1647378068 ,8f39da6f-0920-3540-b6e6-f8bd782b1e56,  -31.158120 ,  -52.332810 ,2023-08-29 18:02:00,Brasil,RIO GRANDE DO SUL,SÃO LOURENÇO DO SUL,Pampa
 1647378069 ,73d960cd-ff5e-3af9-87ff-3b0524a868ec,  -31.150340 ,  -52.328090 ,2023-08-29 18:02:00,Brasil,RIO GRANDE DO SUL,SÃO LOURENÇO DO SUL,Pampa
 1647378076 ,7bba7a37-0314-37d5-b1c9-ec2eda019b23,  -29.519870 ,  -53.136460 ,2023-08-29 18:02:00,Brasil,RIO GRANDE DO SUL,AGUDO,Mata Atlântica
 1647378077 ,2d4bcd96-da32-3f9b-a690-e24d32ef45bd,  -29.392190 ,  -52.367990 ,2023-08-29 18:02:00,Brasil,RIO GRANDE DO SUL,VENÂNCIO AIRES,Mata Atlântica
 1647378078 ,109cfd83-5243-32f4-a834-b7dc3fde0304,  -29.232100 ,  -53.024600 ,2023-08-29 18:02:00,Brasil,RIO GRANDE DO SUL,ARROIO DO TIGRE,Mata Atlântica
 1647378079 ,60281858-e023-379b-a9d7-aab257c048ae,  -29.178390 ,  -52.649010 ,2023-08-29 18:02:00,Brasil,RIO GRANDE DO SUL,BARROS CASSAL,Mata Atlântica
 1647378080 ,cb0e665b-3fc0-38f2-94e3-6714882b812e,  -29.177100 ,  -52.656010 ,2023-08-29 18:02:00,Brasil,RIO GRANDE DO SUL,BARROS CASSAL,Mata Atlântica
 1647378081 ,c029dd60-071c-3f54-91db-e07a79a8aef4,  -29.174290 ,  -52.640470 ,2023-08-29 18:02:00,Brasil,RIO GRANDE DO SUL,BARROS CASSAL,Mata Atlântica
 1647378082 ,b266bd74-6608-336a-9223-3911565b457e,  -29.167480 ,  -52.651570 ,2023-08-29 18:02:00,Brasil,RIO GRANDE DO SUL,BARROS CASSAL,Mata Atlântica
 1647378083 ,4b29c9d0-1a5f-3530-95ce-c6fb48d34fc6,  -28.901130 ,  -52.350450 ,2023-08-29 18:02:00,Brasil,RIO GRANDE DO SUL,FONTOURA XAVIER,Mata Atlântica
 1647378084 ,fd9f467f-b907-3dca-a2d6-0af7467b4557,  -30.687360 ,  -52.656240 ,2023-08-29 18:02:00,Brasil,RIO GRANDE DO SUL,ENCRUZILHADA DO SUL,Pampa
 1647378085 ,184a1d60-e886-3901-a8f0-29aaedd5854a,  -30.454420 ,  -52.521020 ,2023-08-29 18:02:00,Brasil,RIO GRANDE DO SUL,ENCRUZILHADA DO SUL,Pampa
 1647378086 ,a88f6790-159b-3470-a069-97943e70c294,  -30.510350 ,  -52.459500 ,2023-08-29 18:02:00,Brasil,RIO GRANDE DO SUL,ENCRUZILHADA DO SUL,Pampa
 1647378087 ,24f87e76-800c-3a58-b20e-21e088f3b184,  -30.448940 ,  -52.513230 ,2023-08-29 18:02:00,Brasil,RIO GRANDE DO SUL,ENCRUZILHADA DO SUL,Pampa
 1647378088 ,a818151f-f47e-3fef-87fd-a3b940f63116,  -32.099880 ,  -53.710880 ,2023-08-29 18:02:00,Brasil,RIO GRANDE DO SUL,HERVAL,Pampa
 1650995963 ,ca7ca018-3752-3208-a119-62a0c948d2f3,  -27.536460 ,  -52.426520 ,2023-09-16 17:28:00,Brasil,RIO GRANDE DO SUL,BARÃO DE COTEGIPE,Mata Atlântica
 1650995967 ,0d7e9e2a-ac5b-396b-aeab-eedd829763f9,  -28.541860 ,  -50.184730 ,2023-09-16 17:28:00,Brasil,RIO GRANDE DO SUL,BOM JESUS,Mata Atlântica
 1650995968 ,7d4abef3-a525-305a-9f2e-ec22f09f4d3c,  -28.543300 ,  -50.195090 ,2023-09-16 17:28:00,Brasil,RIO GRANDE DO SUL,BOM JESUS,Mata Atlântica
 1650995970 ,7abe61cf-b697-3829-9777-7384f71e17e3,  -28.956080 ,  -50.730810 ,2023-09-16 17:28:00,Brasil,RIO GRANDE DO SUL,SÃO FRANCISCO DE PAULA,Mata Atlântica
 1650995971 ,173597ae-7d17-3d9d-b70e-58fa9ae6c5a4,  -29.036800 ,  -50.111620 ,2023-09-16 17:28:00,Brasil,RIO GRANDE DO SUL,CAMBARÁ DO SUL,Mata Atlântica
 1650995972 ,650fbe4c-c6ff-396c-a31a-527ecee2a18f,  -29.145170 ,  -50.235840 ,2023-09-16 17:28:00,Brasil,RIO GRANDE DO SUL,CAMBARÁ DO SUL,Mata Atlântica
 1650995973 ,e998b2ab-d1d3-32d1-9391-88644ce2a449,  -29.201570 ,  -50.376300 ,2023-09-16 17:28:00,Brasil,RIO GRANDE DO SUL,SÃO FRANCISCO DE PAULA,Mata Atlântica
 1650995974 ,99403c03-6628-3303-9796-5d475ed5fb3e,  -29.203010 ,  -50.386810 ,2023-09-16 17:28:00,Brasil,RIO GRANDE DO SUL,SÃO FRANCISCO DE PAULA,Mata Atlântica
 1650995975 ,5188a308-87bd-3914-94ee-50a644444169,  -29.295680 ,  -50.526570 ,2023-09-16 17:28:00,Brasil,RIO GRANDE DO SUL,SÃO FRANCISCO DE PAULA,Mata Atlântica
 1650995976 ,51be4d1c-7373-37ee-888d-64cdbb494682,  -29.314650 ,  -50.268410 ,2023-09-16 17:28:00,Brasil,RIO GRANDE DO SUL,SÃO FRANCISCO DE PAULA,Mata Atlântica
 1650995977 ,6f069495-4014-32b5-a317-05188c743c10,  -29.316080 ,  -50.278940 ,2023-09-16 17:28:00,Brasil,RIO GRANDE DO SUL,SÃO FRANCISCO DE PAULA,Mata Atlântica
 1650995978 ,780699b1-8aca-37fa-8bfb-c595d4b0e129,  -29.397490 ,  -50.535720 ,2023-09-16 17:28:00,Brasil,RIO GRANDE DO SUL,SÃO FRANCISCO DE PAULA,Mata Atlântica
 1650995979 ,ffa1502a-43e0-3017-ae01-e67bcc2801e9,  -29.500800 ,  -53.333920 ,2023-09-16 17:28:00,Brasil,RIO GRANDE DO SUL,DONA FRANCISCA,Mata Atlântica
 1650996221 ,7380b4f0-dbbd-337d-a6a7-59e74bfc3d19,  -29.829740 ,  -51.556790 ,2023-09-16 17:28:00,Brasil,RIO GRANDE DO SUL,TRIUNFO,Pampa
 1650996222 ,6a798be2-cd88-3ad6-a262-a6fa5d74e8eb,  -29.831200 ,  -51.568590 ,2023-09-16 17:28:00,Brasil,RIO GRANDE DO SUL,TRIUNFO,Pampa
 1650996223 ,f8b9f1d4-657c-3215-aad1-7bf4b262ba68,  -30.771120 ,  -52.376460 ,2023-09-16 17:28:00,Brasil,RIO GRANDE DO SUL,AMARAL FERRADOR,Pampa
 1650996224 ,5343a71a-5589-32e0-adde-a8c192bc95c5,  -31.066530 ,  -52.045090 ,2023-09-16 17:28:00,Brasil,RIO GRANDE DO SUL,CRISTAL,Pampa
 1650996225 ,95ba432b-6ecb-342f-bb22-bc697cc7913f,  -31.068110 ,  -52.058080 ,2023-09-16 17:28:00,Brasil,RIO GRANDE DO SUL,CRISTAL,Pampa
 1647189271 ,157920a7-e7a2-3e05-a899-d1349e6dced2,  -31.244280 ,  -52.427120 ,2023-08-28 17:20:00,Brasil,RIO GRANDE DO SUL,SÃO LOURENÇO DO SUL,Pampa
 1647189272 ,4bfd1414-bb0c-39c5-b12b-9d86f42d9450,  -30.932880 ,  -52.477860 ,2023-08-28 17:20:00,Brasil,RIO GRANDE DO SUL,CANGUÇU,Pampa
 1647189273 ,29f9d91d-d4bf-3ee0-be52-825a1d0e08f5,  -30.931020 ,  -52.460100 ,2023-08-28 17:20:00,Brasil,RIO GRANDE DO SUL,CANGUÇU,Pampa
 1647189274 ,2e2b6401-7d63-320f-9e91-fa48ff4b1a85,  -30.929160 ,  -52.473200 ,2023-08-28 17:20:00,Brasil,RIO GRANDE DO SUL,CANGUÇU,Pampa
 1647189275 ,0b74e80a-59e6-33dd-935f-7266360e7866,  -30.581900 ,  -52.399970 ,2023-08-28 17:20:00,Brasil,RIO GRANDE DO SUL,DOM FELICIANO,Pampa
 1647189276 ,6ba17d31-beea-3aa2-9b81-5e65578f4161,  -30.573180 ,  -52.405930 ,2023-08-28 17:20:00,Brasil,RIO GRANDE DO SUL,DOM FELICIANO,Pampa
 1647189277 ,ac52900a-41be-3d09-a72d-4d24cfc51c4b,  -30.571370 ,  -52.388950 ,2023-08-28 17:20:00,Brasil,RIO GRANDE DO SUL,DOM FELICIANO,Pampa
 1647189278 ,db369a3b-1e6c-3066-a36a-dcf3fd5f54a2,  -30.570470 ,  -52.401350 ,2023-08-28 17:20:00,Brasil,RIO GRANDE DO SUL,DOM FELICIANO,Pampa
 1647189279 ,80bd569c-7fea-30c5-b8e4-93692106a67d,  -30.411870 ,  -51.769310 ,2023-08-28 17:20:00,Brasil,RIO GRANDE DO SUL,BARÃO DO TRIUNFO,Pampa
 1647189280 ,21fe94f7-6c37-3580-8ac5-6bcd6180255d,  -29.808080 ,  -51.554680 ,2023-08-28 17:20:00,Brasil,RIO GRANDE DO SUL,TRIUNFO,Pampa
 1647189281 ,967f5eea-a523-3d53-a3c4-059d189d68a7,  -29.551610 ,  -50.913780 ,2023-08-28 17:20:00,Brasil,RIO GRANDE DO SUL,NOVA HARTZ,Mata Atlântica
 1647189282 ,f2f53e87-2bad-3061-b847-e9030a2b0618,  -29.401790 ,  -50.258430 ,2023-08-28 17:20:00,Brasil,RIO GRANDE DO SUL,SÃO FRANCISCO DE PAULA,Mata Atlântica
 1647189283 ,66d3bd17-c6c9-375d-955e-51daba893352,  -29.261880 ,  -50.274870 ,2023-08-28 17:20:00,Brasil,RIO GRANDE DO SUL,CAMBARÁ DO SUL,Mata Atlântica
 1647189284 ,fd9ba883-607f-3984-aa96-03450bdcf9ef,  -29.146700 ,  -50.418950 ,2023-08-28 17:20:00,Brasil,RIO GRANDE DO SUL,SÃO FRANCISCO DE PAULA,Mata Atlântica
 1647189285 ,e35050f9-aec4-31c5-a479-aa3fd492af75,  -29.144890 ,  -50.224020 ,2023-08-28 17:20:00,Brasil,RIO GRANDE DO SUL,CAMBARÁ DO SUL,Mata Atlântica
 1647189286 ,8434b316-42d4-3471-9f6f-a1033739d850,  -29.106410 ,  -50.174720 ,2023-08-28 17:20:00,Brasil,RIO GRANDE DO SUL,CAMBARÁ DO SUL,Mata Atlântica
 1647189287 ,be6e4a1a-32a0-3982-9a69-7782d0821463,  -29.104890 ,  -50.162540 ,2023-08-28 17:20:00,Brasil,RIO GRANDE DO SUL,CAMBARÁ DO SUL,Mata Atlântica
 1647189288 ,79dec87b-f35b-3e88-8bb6-63fd54d7c4b7,  -29.079440 ,  -50.278560 ,2023-08-28 17:20:00,Brasil,RIO GRANDE DO SUL,JAQUIRANA,Mata Atlântica
 1647189289 ,609cb40d-97c1-3892-ad8e-ea3d24bed032,  -29.069740 ,  -50.118630 ,2023-08-28 17:20:00,Brasil,RIO GRANDE DO SUL,CAMBARÁ DO SUL,Mata Atlântica
 1647189290 ,92935404-1e9a-366f-af7f-e91d27b13b36,  -29.062160 ,  -50.552950 ,2023-08-28 17:20:00,Brasil,RIO GRANDE DO SUL,SÃO FRANCISCO DE PAULA,Mata Atlântica
 1647189291 ,978843aa-0d36-378b-b68a-8481f85dff44,  -29.060610 ,  -50.540290 ,2023-08-28 17:20:00,Brasil,RIO GRANDE DO SUL,SÃO FRANCISCO DE PAULA,Mata Atlântica
 1647189292 ,76667de7-86e5-31a6-9fcb-fbbfe3ec7789,  -29.056050 ,  -50.332650 ,2023-08-28 17:20:00,Brasil,RIO GRANDE DO SUL,JAQUIRANA,Mata Atlântica
 1647189293 ,6ccd4cb6-5817-37c8-a4c4-03cc9f07d8c3,  -29.054560 ,  -50.320240 ,2023-08-28 17:20:00,Brasil,RIO GRANDE DO SUL,JAQUIRANA,Mata Atlântica
 1647189294 ,ecce73b9-9ef6-3e62-a99a-48a239c66fba,  -29.054190 ,  -50.325780 ,2023-08-28 17:20:00,Brasil,RIO GRANDE DO SUL,JAQUIRANA,Mata Atlântica
 1647189295 ,ce84cbd4-6000-3acc-ac55-047f7abff706,  -29.009770 ,  -50.370880 ,2023-08-28 17:20:00,Brasil,RIO GRANDE DO SUL,JAQUIRANA,Mata Atlântica
 1647189296 ,cb818952-6ce3-38b1-aeb2-3a34cac64986,  -28.952760 ,  -50.411350 ,2023-08-28 17:20:00,Brasil,RIO GRANDE DO SUL,JAQUIRANA,Mata Atlântica
 1647189297 ,edf40edf-2455-3c8e-8acd-96f026cf791f,  -28.901850 ,  -50.655080 ,2023-08-28 17:20:00,Brasil,RIO GRANDE DO SUL,SÃO FRANCISCO DE PAULA,Mata Atlântica
 1647189298 ,ba317cb4-d8a5-3746-8bb4-d024217a5cd6,  -28.891900 ,  -50.656680 ,2023-08-28 17:20:00,Brasil,RIO GRANDE DO SUL,SÃO FRANCISCO DE PAULA,Mata Atlântica
 1647189299 ,5553279b-3840-3c72-8ea8-47062ed57423,  -28.890400 ,  -50.644290 ,2023-08-28 17:20:00,Brasil,RIO GRANDE DO SUL,SÃO FRANCISCO DE PAULA,Mata Atlântica
 1647189300 ,a1c86cbf-42c9-3661-b460-d3eb6e9b2ceb,  -28.843690 ,  -50.009320 ,2023-08-28 17:20:00,Brasil,RIO GRANDE DO SUL,SÃO JOSÉ DOS AUSENTES,Mata Atlântica
 1647189301 ,8f5ff6f1-7ac4-320c-841e-06a0a39db9d8,  -28.808420 ,  -50.141550 ,2023-08-28 17:20:00,Brasil,RIO GRANDE DO SUL,SÃO JOSÉ DOS AUSENTES,Mata Atlântica
 1647189302 ,034be2b7-4eef-304d-bcaf-dee86076b52c,  -28.800210 ,  -50.316280 ,2023-08-28 17:20:00,Brasil,RIO GRANDE DO SUL,BOM JESUS,Mata Atlântica
 1647189303 ,cb3cac57-1d81-393e-a7bc-5f0a42549602,  -28.787950 ,  -50.641510 ,2023-08-28 17:20:00,Brasil,RIO GRANDE DO SUL,BOM JESUS,Mata Atlântica
 1647189304 ,4f9e5f76-f0eb-31b3-bc8d-71d8bbf80091,  -28.673790 ,  -50.036430 ,2023-08-28 17:20:00,Brasil,RIO GRANDE DO SUL,SÃO JOSÉ DOS AUSENTES,Mata Atlântica
 1647189305 ,fdbd1ac7-a285-3758-bfdb-c121a4d6017e,  -28.670190 ,  -49.929220 ,2023-08-28 17:20:00,Brasil,RIO GRANDE DO SUL,SÃO JOSÉ DOS AUSENTES,Mata Atlântica
 1647189306 ,26e8cc9c-4fbc-385e-8242-0ab298bc8461,  -28.625950 ,  -50.146260 ,2023-08-28 17:20:00,Brasil,RIO GRANDE DO SUL,BOM JESUS,Mata Atlântica
 1647189309 ,4efa9771-80cb-3434-b066-64a8157da2c4,  -28.612810 ,  -49.704090 ,2023-08-28 17:20:00,Brasil,RIO GRANDE DO SUL,SÃO JOSÉ DOS AUSENTES,Mata Atlântica
 1647189311 ,b6fbf74d-6ea3-3c3e-93de-e2834b5e207a,  -28.610170 ,  -49.791140 ,2023-08-28 17:20:00,Brasil,RIO GRANDE DO SUL,SÃO JOSÉ DOS AUSENTES,Mata Atlântica
 1647189312 ,6349ea93-f340-35b8-a46f-ebe3319cbf4d,  -28.607910 ,  -49.698800 ,2023-08-28 17:20:00,Brasil,RIO GRANDE DO SUL,SÃO JOSÉ DOS AUSENTES,Mata Atlântica
 1647189314 ,dc81e0ed-5c31-30b9-8ead-130157e2a5e5,  -28.552210 ,  -50.213910 ,2023-08-28 17:20:00,Brasil,RIO GRANDE DO SUL,BOM JESUS,Mata Atlântica
 1651247030 ,7251185b-c9da-3f4f-88b1-d2ae474e6893,  -29.834540 ,  -52.633350 ,2023-09-17 18:09:00,Brasil,RIO GRANDE DO SUL,RIO PARDO,Mata Atlântica
 1651415118 ,d008f33a-12d5-3fe9-8ff0-c1d537156c9f,  -28.590360 ,  -50.081670 ,2023-09-18 17:13:00,Brasil,RIO GRANDE DO SUL,BOM JESUS,Mata Atlântica
 1651415119 ,9feb99e3-894f-3391-95dd-58f590b577f2,  -28.588760 ,  -50.067280 ,2023-09-18 17:13:00,Brasil,RIO GRANDE DO SUL,BOM JESUS,Mata Atlântica
 1651415120 ,0a0248f3-d6c2-3a3b-8f6f-565124539182,  -28.484200 ,  -50.572040 ,2023-09-18 17:13:00,Brasil,RIO GRANDE DO SUL,BOM JESUS,Mata Atlântica
 1651415121 ,d9bbddcf-57ad-3210-98af-fd42a098dddc,  -28.473220 ,  -50.573790 ,2023-09-18 17:13:00,Brasil,RIO GRANDE DO SUL,BOM JESUS,Mata Atlântica
 1653476084 ,0a9a84ba-a1bd-3ef7-8b98-5a515eb637b6,  -31.063290 ,  -52.043730 ,2023-09-28 17:39:00,Brasil,RIO GRANDE DO SUL,CRISTAL,Pampa
 1653476085 ,473d802d-64be-3b76-a0d1-e8e1c56cd9e5,  -31.054240 ,  -52.045440 ,2023-09-28 17:39:00,Brasil,RIO GRANDE DO SUL,CRISTAL,Pampa
 1653476086 ,69cf13e4-98e1-3e1a-b02b-0e42f1b3597c,  -29.928340 ,  -54.801590 ,2023-09-28 17:39:00,Brasil,RIO GRANDE DO SUL,CACEQUI,Pampa
 1653476088 ,38aac27e-9a54-3651-b549-50c4f1488a7d,  -29.093260 ,  -53.214570 ,2023-09-28 17:39:00,Brasil,RIO GRANDE DO SUL,SALTO DO JACUÍ,Mata Atlântica
 1653654755 ,8ab92341-961f-38b0-b121-37d92a4b4776,  -30.086920 ,  -53.564370 ,2023-09-29 18:19:00,Brasil,RIO GRANDE DO SUL,FORMIGUEIRO,Pampa
 1641478798 ,9a69ad18-f528-3d79-873c-af1188c91fb7,  -28.927100 ,  -50.079130 ,2023-08-01 18:09:00,Brasil,RIO GRANDE DO SUL,CAMBARÁ DO SUL,Mata Atlântica
 1641478799 ,bdbaaa30-44e0-3fe8-ba32-dca63e463814,  -28.921970 ,  -50.055770 ,2023-08-01 18:09:00,Brasil,RIO GRANDE DO SUL,CAMBARÁ DO SUL,Mata Atlântica
 1641478800 ,5a5b970f-887d-34a3-baf9-0d1edbcae1a0,  -28.920230 ,  -50.048490 ,2023-08-01 18:09:00,Brasil,RIO GRANDE DO SUL,CAMBARÁ DO SUL,Mata Atlântica
 1641479358 ,9593d392-8e9f-3dc0-8ee5-1fc84331000e,  -29.350790 ,  -50.443710 ,2023-08-01 18:09:00,Brasil,RIO GRANDE DO SUL,SÃO FRANCISCO DE PAULA,Mata Atlântica
 1641479359 ,6604d398-cae0-3616-9440-f559885eccca,  -29.230950 ,  -50.973610 ,2023-08-01 18:09:00,Brasil,RIO GRANDE DO SUL,CAXIAS DO SUL,Mata Atlântica
 1641479360 ,c2dc1d9b-0b6e-3409-b6b6-b43f0f6ab661,  -29.044850 ,  -50.400670 ,2023-08-01 18:09:00,Brasil,RIO GRANDE DO SUL,JAQUIRANA,Mata Atlântica
 1641479361 ,4adedc1a-7b93-371e-82e0-18f19a0d7c9d,  -29.040870 ,  -50.536550 ,2023-08-01 18:09:00,Brasil,RIO GRANDE DO SUL,SÃO FRANCISCO DE PAULA,Mata Atlântica
 1641479362 ,eed630f4-fbc4-3469-ba9d-8673597ea043,  -29.038180 ,  -50.370110 ,2023-08-01 18:09:00,Brasil,RIO GRANDE DO SUL,JAQUIRANA,Mata Atlântica
 1641479363 ,9b25e85b-c223-3945-9e86-1954004968bf,  -29.000450 ,  -50.477400 ,2023-08-01 18:09:00,Brasil,RIO GRANDE DO SUL,SÃO FRANCISCO DE PAULA,Mata Atlântica
 1641479364 ,46e0c599-e664-3aaf-886c-180dc5fff041,  -28.978370 ,  -50.737120 ,2023-08-01 18:09:00,Brasil,RIO GRANDE DO SUL,SÃO FRANCISCO DE PAULA,Mata Atlântica
 1641479365 ,7c3c3267-9513-3cbf-ada8-2c92854f91df,  -28.977550 ,  -50.741830 ,2023-08-01 18:09:00,Brasil,RIO GRANDE DO SUL,SÃO FRANCISCO DE PAULA,Mata Atlântica
 1641479366 ,484b606e-b516-3f00-8cfb-839004bc052c,  -28.902290 ,  -50.671780 ,2023-08-01 18:09:00,Brasil,RIO GRANDE DO SUL,SÃO FRANCISCO DE PAULA,Mata Atlântica
 1641479367 ,7afeb2e7-9130-35e0-ac03-85903b5cefdd,  -28.894340 ,  -50.704650 ,2023-08-01 18:09:00,Brasil,RIO GRANDE DO SUL,SÃO FRANCISCO DE PAULA,Mata Atlântica
 1641479368 ,4a8a01cf-2874-33bb-a1d0-92ae9bcfb3b5,  -28.867040 ,  -51.014120 ,2023-08-01 18:09:00,Brasil,RIO GRANDE DO SUL,CAXIAS DO SUL,Mata Atlântica
 1641479369 ,82ebcc81-c5ab-3978-ac47-e15800b81d12,  -28.861320 ,  -50.987560 ,2023-08-01 18:09:00,Brasil,RIO GRANDE DO SUL,CAXIAS DO SUL,Mata Atlântica
 1641479401 ,036cd425-f0a3-3e61-96db-8cfc5c102560,  -28.251570 ,  -55.239700 ,2023-08-01 18:09:00,Brasil,RIO GRANDE DO SUL,SÃO NICOLAU,Pampa
 1641479411 ,2271e657-c4fc-3315-8c74-abacbe1d2e2d,  -30.609850 ,  -52.612330 ,2023-08-01 18:09:00,Brasil,RIO GRANDE DO SUL,ENCRUZILHADA DO SUL,Pampa
 1641479412 ,15436edd-86b6-319b-85a6-8b15d3b89c9c,  -30.459370 ,  -52.663780 ,2023-08-01 18:09:00,Brasil,RIO GRANDE DO SUL,ENCRUZILHADA DO SUL,Pampa
 1641479413 ,ec19a4b1-cddb-3852-958b-ca8d223c0bed,  -30.455460 ,  -52.643970 ,2023-08-01 18:09:00,Brasil,RIO GRANDE DO SUL,ENCRUZILHADA DO SUL,Pampa
 1641479415 ,df275ce3-3337-3590-b5ad-7140a95a9de6,  -31.106710 ,  -53.371970 ,2023-08-01 18:06:00,Brasil,RIO GRANDE DO SUL,PINHEIRO MACHADO,Pampa
 1641479417 ,7b82b34a-bb54-3cd6-bddb-1dc4685281b1,  -31.103400 ,  -53.354870 ,2023-08-01 18:06:00,Brasil,RIO GRANDE DO SUL,PINHEIRO MACHADO,Pampa
 1641479491 ,0fc1cf0d-331a-3031-b555-731841ffa1cf,  -28.720130 ,  -55.854960 ,2023-08-01 18:09:00,Brasil,RIO GRANDE DO SUL,SÃO BORJA,Pampa
 1641784006 ,828ed5dc-bb0d-3017-88e9-80eb434727cc,  -27.898640 ,  -51.059860 ,2023-08-02 17:11:00,Brasil,RIO GRANDE DO SUL,ESMERALDA,Mata Atlântica
 1641784012 ,baa790da-1a27-3252-a7a4-678904330efd,  -27.806430 ,  -51.355000 ,2023-08-02 17:11:00,Brasil,RIO GRANDE DO SUL,PINHAL DA SERRA,Mata Atlântica
 1641784013 ,833d7f67-3cc5-3f5a-a9db-3fb8302b327a,  -27.804050 ,  -51.348340 ,2023-08-02 17:11:00,Brasil,RIO GRANDE DO SUL,PINHAL DA SERRA,Mata Atlântica
 1641784015 ,995e9571-8774-3edc-b562-3d9db1bfc8d3,  -27.387270 ,  -53.711900 ,2023-08-02 17:11:00,Brasil,RIO GRANDE DO SUL,TENENTE PORTELA,Mata Atlântica
 1641784016 ,9b0b4688-eea1-35b0-bcf4-85bdada4572a,  -27.382920 ,  -53.731700 ,2023-08-02 17:11:00,Brasil,RIO GRANDE DO SUL,TENENTE PORTELA,Mata Atlântica
 1641784017 ,400aa988-ed20-3cda-9858-bb2b6b6a1c76,  -27.380850 ,  -53.707770 ,2023-08-02 17:11:00,Brasil,RIO GRANDE DO SUL,TENENTE PORTELA,Mata Atlântica
 1641785046 ,f736fef9-ef4d-34e7-be5b-6c9afae75546,  -31.119920 ,  -53.363210 ,2023-08-02 17:11:00,Brasil,RIO GRANDE DO SUL,PINHEIRO MACHADO,Pampa
 1641785047 ,c782189f-67b8-3eac-9be1-c78e188f6006,  -30.454730 ,  -52.672390 ,2023-08-02 17:11:00,Brasil,RIO GRANDE DO SUL,ENCRUZILHADA DO SUL,Pampa
 1641785048 ,07605272-9041-3e65-816b-b6f3674dfc1a,  -30.452590 ,  -52.649030 ,2023-08-02 17:11:00,Brasil,RIO GRANDE DO SUL,ENCRUZILHADA DO SUL,Pampa
 1641785049 ,a9797441-c013-3974-89ce-0e71f7e2a73e,  -30.452290 ,  -52.665860 ,2023-08-02 17:11:00,Brasil,RIO GRANDE DO SUL,ENCRUZILHADA DO SUL,Pampa
 1641785050 ,b9c527cf-b1eb-342b-8baf-6317b8250517,  -29.626920 ,  -51.605660 ,2023-08-02 17:11:00,Brasil,RIO GRANDE DO SUL,MONTENEGRO,Pampa
 1641785051 ,7475e2fc-349e-3a45-a5ea-b806fa1cc9ac,  -29.561610 ,  -51.201660 ,2023-08-02 17:11:00,Brasil,RIO GRANDE DO SUL,LINDOLFO COLLOR,Mata Atlântica
 1641785052 ,a47741d3-ac12-3cfc-bf74-0d77075e478e,  -29.524320 ,  -50.630390 ,2023-08-02 17:11:00,Brasil,RIO GRANDE DO SUL,SÃO FRANCISCO DE PAULA,Mata Atlântica
 1641785053 ,d4807447-9e6d-307e-b625-50d02000af37,  -29.416700 ,  -50.274200 ,2023-08-02 17:11:00,Brasil,RIO GRANDE DO SUL,SÃO FRANCISCO DE PAULA,Mata Atlântica
 1641785054 ,24687b29-a651-360d-8e5c-ff148f5aa3e4,  -29.407120 ,  -50.270440 ,2023-08-02 17:11:00,Brasil,RIO GRANDE DO SUL,SÃO FRANCISCO DE PAULA,Mata Atlântica
 1641785055 ,2cdcba4c-5d76-36a3-b1d9-40470c2495a8,  -29.405790 ,  -50.275710 ,2023-08-02 17:11:00,Brasil,RIO GRANDE DO SUL,SÃO FRANCISCO DE PAULA,Mata Atlântica
 1641785056 ,971c17a6-9fbc-32a8-a5f0-6de025afa7e3,  -29.404030 ,  -50.260100 ,2023-08-02 17:11:00,Brasil,RIO GRANDE DO SUL,SÃO FRANCISCO DE PAULA,Mata Atlântica
 1641785057 ,8e3052e0-c28a-3a26-b583-940d0769dc48,  -29.399520 ,  -50.419810 ,2023-08-02 17:11:00,Brasil,RIO GRANDE DO SUL,SÃO FRANCISCO DE PAULA,Mata Atlântica
 1641785058 ,9bafdce2-09b6-3cc0-bfd0-6318f9502e44,  -29.357140 ,  -50.441770 ,2023-08-02 17:11:00,Brasil,RIO GRANDE DO SUL,SÃO FRANCISCO DE PAULA,Mata Atlântica
 1641785059 ,2651adc0-5f6f-3079-b746-0668689e5ed1,  -29.349890 ,  -50.596640 ,2023-08-02 17:11:00,Brasil,RIO GRANDE DO SUL,SÃO FRANCISCO DE PAULA,Mata Atlântica
 1641785060 ,38c362c0-8569-34f8-a986-7f213a92fa74,  -29.307140 ,  -50.312160 ,2023-08-02 17:11:00,Brasil,RIO GRANDE DO SUL,SÃO FRANCISCO DE PAULA,Mata Atlântica
 1641785063 ,d929ac0a-7510-3d32-b660-38f222505e4f,  -29.170990 ,  -52.628630 ,2023-08-02 17:11:00,Brasil,RIO GRANDE DO SUL,BARROS CASSAL,Mata Atlântica
 1641785064 ,11a4a974-3483-348f-9a25-30497d0d16b9,  -29.143650 ,  -50.686100 ,2023-08-02 17:11:00,Brasil,RIO GRANDE DO SUL,SÃO FRANCISCO DE PAULA,Mata Atlântica
 1641785065 ,19e99a8e-ee53-3a1b-a480-8b105f0fc979,  -29.143160 ,  -50.247040 ,2023-08-02 17:11:00,Brasil,RIO GRANDE DO SUL,CAMBARÁ DO SUL,Mata Atlântica
 1641785066 ,864dbf43-2c45-3b80-996d-65157ace19ed,  -29.140530 ,  -50.254340 ,2023-08-02 17:11:00,Brasil,RIO GRANDE DO SUL,CAMBARÁ DO SUL,Mata Atlântica
 1641785067 ,9b2cca7c-cea8-3fcd-9b02-97327cb74aed,  -29.138750 ,  -50.238760 ,2023-08-02 17:11:00,Brasil,RIO GRANDE DO SUL,CAMBARÁ DO SUL,Mata Atlântica
 1641785068 ,07ae5502-fd40-3d7c-88e8-026fd64e2770,  -29.133200 ,  -50.589440 ,2023-08-02 17:11:00,Brasil,RIO GRANDE DO SUL,SÃO FRANCISCO DE PAULA,Mata Atlântica
 1641785069 ,bfcc6404-6daa-3353-92d9-36e03adab553,  -29.099000 ,  -50.480680 ,2023-08-02 17:11:00,Brasil,RIO GRANDE DO SUL,SÃO FRANCISCO DE PAULA,Mata Atlântica
 1641785070 ,d2e4caf2-8c05-3583-af5a-74e1576c5d22,  -29.082020 ,  -50.531400 ,2023-08-02 17:11:00,Brasil,RIO GRANDE DO SUL,SÃO FRANCISCO DE PAULA,Mata Atlântica
 1641785071 ,5d175d30-5208-3d02-95be-9c0584629844,  -29.075140 ,  -50.784130 ,2023-08-02 17:11:00,Brasil,RIO GRANDE DO SUL,SÃO FRANCISCO DE PAULA,Mata Atlântica
 1641785072 ,7110eca6-b209-3d89-9a76-ac4ceef515a1,  -29.048400 ,  -50.855030 ,2023-08-02 17:11:00,Brasil,RIO GRANDE DO SUL,CAXIAS DO SUL,Mata Atlântica
 1641785073 ,f2bb89df-768f-3750-8a6a-9a1ad9346261,  -29.046670 ,  -50.838580 ,2023-08-02 17:11:00,Brasil,RIO GRANDE DO SUL,CAXIAS DO SUL,Mata Atlântica
 1641785074 ,8d4a1e80-4d17-3487-88f4-cb1f6b54e8e7,  -29.016460 ,  -50.153270 ,2023-08-02 17:11:00,Brasil,RIO GRANDE DO SUL,CAMBARÁ DO SUL,Mata Atlântica
 1641785075 ,d9cca4dc-c1d4-350b-ae73-4171b93caf24,  -29.016300 ,  -50.449650 ,2023-08-02 17:11:00,Brasil,RIO GRANDE DO SUL,JAQUIRANA,Mata Atlântica
 1641785076 ,c8290cb2-3101-33d1-8360-0e19e536d2d1,  -29.014780 ,  -50.138440 ,2023-08-02 17:11:00,Brasil,RIO GRANDE DO SUL,CAMBARÁ DO SUL,Mata Atlântica
 1641785077 ,549ec0ad-63c9-3fa6-8e65-5f842921aa7f,  -29.014560 ,  -50.433720 ,2023-08-02 17:11:00,Brasil,RIO GRANDE DO SUL,JAQUIRANA,Mata Atlântica
 1641785078 ,0767a36e-b790-365b-8693-d12cfd72a9f1,  -28.948590 ,  -50.995870 ,2023-08-02 17:11:00,Brasil,RIO GRANDE DO SUL,SÃO MARCOS,Mata Atlântica
 1641785079 ,1c88398e-f283-30e7-9fbf-b125bf62dec3,  -28.945040 ,  -50.742720 ,2023-08-02 17:11:00,Brasil,RIO GRANDE DO SUL,SÃO FRANCISCO DE PAULA,Mata Atlântica
 1641785080 ,4eab4eb4-3954-35c5-a178-347b0b51a087,  -28.932680 ,  -50.420980 ,2023-08-02 17:11:00,Brasil,RIO GRANDE DO SUL,JAQUIRANA,Mata Atlântica
 1641785081 ,22e340e4-6982-3efb-8bc7-a1df94ac5f78,  -28.926060 ,  -50.565260 ,2023-08-02 17:11:00,Brasil,RIO GRANDE DO SUL,SÃO FRANCISCO DE PAULA,Mata Atlântica
 1641785082 ,dd285993-799e-3d9e-856d-c2d450d76e49,  -28.888970 ,  -50.224590 ,2023-08-02 17:11:00,Brasil,RIO GRANDE DO SUL,JAQUIRANA,Mata Atlântica
 1641785083 ,63b7f94d-3276-3fd8-9ea1-6517b0ebd683,  -28.888850 ,  -50.641600 ,2023-08-02 17:11:00,Brasil,RIO GRANDE DO SUL,SÃO FRANCISCO DE PAULA,Mata Atlântica
 1641785084 ,01f50a55-67ce-36ee-9aaa-39f6deaf85ca,  -28.887270 ,  -50.209140 ,2023-08-02 17:11:00,Brasil,RIO GRANDE DO SUL,JAQUIRANA,Mata Atlântica
 1641785085 ,dea17464-c741-3b84-afb7-1725047f19e7,  -28.887070 ,  -50.625510 ,2023-08-02 17:11:00,Brasil,RIO GRANDE DO SUL,SÃO FRANCISCO DE PAULA,Mata Atlântica
 1641785086 ,79b24ec6-0793-3f52-aae7-d4dcbee5d4c8,  -28.878970 ,  -50.134060 ,2023-08-02 17:11:00,Brasil,RIO GRANDE DO SUL,CAMBARÁ DO SUL,Mata Atlântica
 1641785087 ,d678a626-b3ab-351f-ae93-00a492929247,  -28.877290 ,  -50.118960 ,2023-08-02 17:11:00,Brasil,RIO GRANDE DO SUL,CAMBARÁ DO SUL,Mata Atlântica
 1641785088 ,b104a73b-5cc5-37bd-9bfb-2f3e04ca6ce3,  -28.874800 ,  -50.825620 ,2023-08-02 17:11:00,Brasil,RIO GRANDE DO SUL,CAXIAS DO SUL,Mata Atlântica
 1641785089 ,3b210a3f-729b-3270-af8e-b43fe9a1725b,  -28.872360 ,  -50.074600 ,2023-08-02 17:11:00,Brasil,RIO GRANDE DO SUL,CAMBARÁ DO SUL,Mata Atlântica
 1641785090 ,2785d1df-d031-3c79-935e-1baed826186b,  -28.783830 ,  -50.093210 ,2023-08-02 17:11:00,Brasil,RIO GRANDE DO SUL,SÃO JOSÉ DOS AUSENTES,Mata Atlântica
 1641785091 ,0e5dca17-8376-3c99-9468-42dd96a0925e,  -28.775640 ,  -50.252740 ,2023-08-02 17:11:00,Brasil,RIO GRANDE DO SUL,BOM JESUS,Mata Atlântica
 1641785093 ,8b0997a7-5344-3cc8-a518-51f1d8527be1,  -28.733020 ,  -49.885500 ,2023-08-02 17:11:00,Brasil,RIO GRANDE DO SUL,SÃO JOSÉ DOS AUSENTES,Mata Atlântica
 1641785094 ,fdb12412-23e6-346d-84b3-cd3d8563ce19,  -28.725150 ,  -52.420630 ,2023-08-02 17:11:00,Brasil,RIO GRANDE DO SUL,SOLEDADE,Mata Atlântica
 1641785095 ,68542ee6-8b0d-3fe0-8971-35c6d051e3aa,  -28.722560 ,  -52.404880 ,2023-08-02 17:11:00,Brasil,RIO GRANDE DO SUL,SOLEDADE,Mata Atlântica
 1641785096 ,a804c879-0ce4-34a1-8380-6c038fa59017,  -28.718940 ,  -50.138360 ,2023-08-02 17:11:00,Brasil,RIO GRANDE DO SUL,SÃO JOSÉ DOS AUSENTES,Mata Atlântica
 1641785098 ,fe9c1ebc-1184-34ed-82e2-ba140b94eabb,  -28.677820 ,  -50.159740 ,2023-08-02 17:11:00,Brasil,RIO GRANDE DO SUL,BOM JESUS,Mata Atlântica
 1641785099 ,ebe98d14-2f41-3e8a-a43f-986626702607,  -28.676270 ,  -49.951480 ,2023-08-02 17:11:00,Brasil,RIO GRANDE DO SUL,SÃO JOSÉ DOS AUSENTES,Mata Atlântica
 1641785100 ,4cf8c80d-f397-3d23-9fc8-7bb6f521d24f,  -28.674970 ,  -50.165730 ,2023-08-02 17:11:00,Brasil,RIO GRANDE DO SUL,BOM JESUS,Mata Atlântica
 1641785101 ,36b6ad1f-593c-34f3-8ab2-7cd1b4dafc16,  -28.673260 ,  -50.150910 ,2023-08-02 17:11:00,Brasil,RIO GRANDE DO SUL,BOM JESUS,Mata Atlântica
 1641785102 ,f03beb49-0f21-3372-b76d-1bd2a2bf2901,  -28.667110 ,  -50.161310 ,2023-08-02 17:11:00,Brasil,RIO GRANDE DO SUL,BOM JESUS,Mata Atlântica
 1641785103 ,609998a7-1765-3f8e-8bcb-8088d9e39786,  -28.651930 ,  -52.330000 ,2023-08-02 17:11:00,Brasil,RIO GRANDE DO SUL,IBIRAPUITÃ,Mata Atlântica
 1641785104 ,0b9cb8c4-ef1d-3da5-b8ca-0ed56cdde426,  -28.614590 ,  -50.536430 ,2023-08-02 17:11:00,Brasil,RIO GRANDE DO SUL,BOM JESUS,Mata Atlântica
 1641785105 ,f3bbcc26-6a95-3690-8d3d-b84cc5d9d7ef,  -28.603070 ,  -50.405930 ,2023-08-02 17:11:00,Brasil,RIO GRANDE DO SUL,BOM JESUS,Mata Atlântica
 1641785106 ,800ff4cf-580f-329e-81eb-9b86629be3a0,  -28.600610 ,  -50.412720 ,2023-08-02 17:11:00,Brasil,RIO GRANDE DO SUL,BOM JESUS,Mata Atlântica
 1641785107 ,fac03573-4b22-3036-826d-f76c0e2a922c,  -28.593470 ,  -50.117490 ,2023-08-02 17:11:00,Brasil,RIO GRANDE DO SUL,BOM JESUS,Mata Atlântica
 1641785108 ,d5e2998b-f432-3f1f-a3e3-aa897eabd2a4,  -28.560170 ,  -49.915260 ,2023-08-02 17:11:00,Brasil,RIO GRANDE DO SUL,SÃO JOSÉ DOS AUSENTES,Mata Atlântica
 1641785109 ,a05aebfd-de19-30a4-bc25-9fdf114fe3a1,  -28.555690 ,  -50.114880 ,2023-08-02 17:11:00,Brasil,RIO GRANDE DO SUL,BOM JESUS,Mata Atlântica
 1641785110 ,104dbff6-a7d7-3f7a-9bd8-85f6cf6a6aa2,  -28.521750 ,  -49.913680 ,2023-08-02 17:11:00,Brasil,RIO GRANDE DO SUL,SÃO JOSÉ DOS AUSENTES,Mata Atlântica
 1641785111 ,8b7a5161-9692-3ae8-a441-1e0349b9056d,  -28.511220 ,  -49.915020 ,2023-08-02 17:11:00,Brasil,RIO GRANDE DO SUL,SÃO JOSÉ DOS AUSENTES,Mata Atlântica
 1641785114 ,f540f1f7-9696-3b87-90d8-0c5ee4b745ab,  -28.504090 ,  -50.557500 ,2023-08-02 17:11:00,Brasil,RIO GRANDE DO SUL,BOM JESUS,Mata Atlântica
 1641785115 ,e45e685e-33fa-3120-a960-66761ff0ea3c,  -28.493110 ,  -50.559000 ,2023-08-02 17:11:00,Brasil,RIO GRANDE DO SUL,BOM JESUS,Mata Atlântica
 1641785116 ,f98da03a-0835-3f11-8b1b-989040491d91,  -28.477170 ,  -50.721610 ,2023-08-02 17:11:00,Brasil,RIO GRANDE DO SUL,BOM JESUS,Mata Atlântica
 1641785117 ,25b22b7f-18bf-3b7a-b250-11130ec21b10,  -28.476680 ,  -50.312830 ,2023-08-02 17:11:00,Brasil,RIO GRANDE DO SUL,BOM JESUS,Mata Atlântica
 1641785118 ,150b4c48-b8c3-392d-bad9-fd0f5f32edd3,  -28.475470 ,  -50.705730 ,2023-08-02 17:11:00,Brasil,RIO GRANDE DO SUL,BOM JESUS,Mata Atlântica
 1641785119 ,3edb1ac6-2777-3965-8ad6-a408f63e35ad,  -28.465180 ,  -50.406560 ,2023-08-02 17:11:00,Brasil,RIO GRANDE DO SUL,BOM JESUS,Mata Atlântica
 1641785121 ,c13938f9-4c38-33c5-b63b-2a463b113a95,  -28.442620 ,  -50.503790 ,2023-08-02 17:11:00,Brasil,RIO GRANDE DO SUL,BOM JESUS,Mata Atlântica
 1641785122 ,93c8aa67-5029-3eae-b159-ab942c72a307,  -28.440930 ,  -50.488120 ,2023-08-02 17:11:00,Brasil,RIO GRANDE DO SUL,BOM JESUS,Mata Atlântica
 1641948644 ,28e01e9e-22f6-39df-bde4-f03e366609e3,  -30.488460 ,  -54.408770 ,2023-08-03 17:54:00,Brasil,RIO GRANDE DO SUL,SÃO GABRIEL,Pampa
 1641948645 ,4d9ece43-e826-3e75-9bc6-c45c3315ca9a,  -30.119030 ,  -54.466650 ,2023-08-03 17:54:00,Brasil,RIO GRANDE DO SUL,SÃO GABRIEL,Pampa
 1641948646 ,fee734cd-d8dc-33f5-b2c4-a1991691c79c,  -30.117380 ,  -54.456000 ,2023-08-03 17:54:00,Brasil,RIO GRANDE DO SUL,SÃO GABRIEL,Pampa
 1641948647 ,aff68821-c6dc-34b0-944d-89a7c51358f2,  -30.114070 ,  -54.434670 ,2023-08-03 17:54:00,Brasil,RIO GRANDE DO SUL,SÃO GABRIEL,Pampa
 1641948648 ,145db150-de17-3897-b05a-9a62f974f0f9,  -29.505770 ,  -53.195080 ,2023-08-03 17:54:00,Brasil,RIO GRANDE DO SUL,AGUDO,Mata Atlântica
 1641948649 ,8b36b9c0-6cd7-3b03-b985-efaeeba19817,  -29.504120 ,  -53.201240 ,2023-08-03 17:54:00,Brasil,RIO GRANDE DO SUL,AGUDO,Mata Atlântica
 1641948650 ,29b9ab4d-d2b1-328b-af20-ad0034412a20,  -29.475190 ,  -53.145780 ,2023-08-03 17:54:00,Brasil,RIO GRANDE DO SUL,IBARAMA,Mata Atlântica
 1641948651 ,cd1a0be9-1234-3dc3-868f-dba20079afd6,  -29.291000 ,  -53.019510 ,2023-08-03 17:54:00,Brasil,RIO GRANDE DO SUL,SEGREDO,Mata Atlântica
 1641948652 ,26dd5ada-260a-3cc9-a9b4-cad657bc3d31,  -29.288320 ,  -53.013170 ,2023-08-03 17:54:00,Brasil,RIO GRANDE DO SUL,SEGREDO,Mata Atlântica
 1641948653 ,a54da868-4484-3f5c-9eb6-f722809b2368,  -29.259850 ,  -52.419150 ,2023-08-03 17:54:00,Brasil,RIO GRANDE DO SUL,BOQUEIRÃO DO LEÃO,Mata Atlântica
 1641948654 ,113acce6-9cb9-37fe-8bf6-925dcaabf57b,  -29.247420 ,  -52.646510 ,2023-08-03 17:54:00,Brasil,RIO GRANDE DO SUL,GRAMADO XAVIER,Mata Atlântica
 1641948655 ,a01a5fa9-54d2-37fa-bd6c-d427df576bc9,  -29.240130 ,  -50.431430 ,2023-08-03 17:54:00,Brasil,RIO GRANDE DO SUL,SÃO FRANCISCO DE PAULA,Mata Atlântica
 1641948656 ,6a698f0e-1b31-3d18-a8c3-3498a904db5b,  -29.201960 ,  -56.220700 ,2023-08-03 17:54:00,Brasil,RIO GRANDE DO SUL,ITAQUI,Pampa
 1641948657 ,2fa3f15c-5760-3fde-9776-2d1099a7a990,  -29.186570 ,  -50.572960 ,2023-08-03 17:54:00,Brasil,RIO GRANDE DO SUL,SÃO FRANCISCO DE PAULA,Mata Atlântica
 1641948658 ,adf35e49-df85-3921-9289-40c6719cde5b,  -29.119360 ,  -50.341620 ,2023-08-03 17:54:00,Brasil,RIO GRANDE DO SUL,CAMBARÁ DO SUL,Mata Atlântica
 1641948659 ,5f270c20-8a5f-39a1-975e-aeded49b9882,  -29.116060 ,  -50.324300 ,2023-08-03 17:54:00,Brasil,RIO GRANDE DO SUL,JAQUIRANA,Mata Atlântica
 1641948660 ,722a6504-7686-3926-a512-98b56c1b102b,  -29.105900 ,  -50.145280 ,2023-08-03 17:54:00,Brasil,RIO GRANDE DO SUL,CAMBARÁ DO SUL,Mata Atlântica
 1641948661 ,f445bf5f-5dab-301b-982f-bf41dd0ddc60,  -29.054820 ,  -52.303220 ,2023-08-03 17:54:00,Brasil,RIO GRANDE DO SUL,SÃO JOSÉ DO HERVAL,Mata Atlântica
 1641948662 ,9f3a9124-d48b-3b27-be27-faa3978274f2,  -29.029550 ,  -50.537190 ,2023-08-03 17:54:00,Brasil,RIO GRANDE DO SUL,SÃO FRANCISCO DE PAULA,Mata Atlântica
 1641948663 ,325d6772-82a4-389e-bda3-c94c0c4ab1a1,  -29.026590 ,  -50.532400 ,2023-08-03 17:54:00,Brasil,RIO GRANDE DO SUL,SÃO FRANCISCO DE PAULA,Mata Atlântica
 1641948664 ,f0c39179-34c0-34cf-b4a6-77446552fb7c,  -29.017050 ,  -50.469600 ,2023-08-03 17:54:00,Brasil,RIO GRANDE DO SUL,SÃO FRANCISCO DE PAULA,Mata Atlântica
 1641948666 ,8e81d9c4-4b8b-3ec6-a911-40f59c9f759b,  -29.013600 ,  -50.464710 ,2023-08-03 17:54:00,Brasil,RIO GRANDE DO SUL,SÃO FRANCISCO DE PAULA,Mata Atlântica
 1641948667 ,40501f54-bc0d-3b9f-b017-2d324bd5c2b7,  -28.952320 ,  -50.751980 ,2023-08-03 17:54:00,Brasil,RIO GRANDE DO SUL,SÃO FRANCISCO DE PAULA,Mata Atlântica
 1641948668 ,3962f860-2934-3d9a-b7f4-cc01cfff0510,  -28.891260 ,  -50.856620 ,2023-08-03 17:54:00,Brasil,RIO GRANDE DO SUL,CAXIAS DO SUL,Mata Atlântica
 1641948669 ,cecef606-e593-35a4-b696-11a2e718df29,  -28.880200 ,  -50.859120 ,2023-08-03 17:54:00,Brasil,RIO GRANDE DO SUL,CAXIAS DO SUL,Mata Atlântica
 1641948670 ,4aeea6a1-6aed-3cdf-b046-e08a05c560cf,  -28.787980 ,  -50.134170 ,2023-08-03 17:54:00,Brasil,RIO GRANDE DO SUL,SÃO JOSÉ DOS AUSENTES,Mata Atlântica
 1641948671 ,fe358f2d-f5c4-3a0c-8490-1918178569cf,  -28.701310 ,  -50.161740 ,2023-08-03 17:54:00,Brasil,RIO GRANDE DO SUL,BOM JESUS,Mata Atlântica
 1641948672 ,6e876a4f-6de0-35b1-9eb5-3cee54385a09,  -28.690780 ,  -50.152400 ,2023-08-03 17:54:00,Brasil,RIO GRANDE DO SUL,BOM JESUS,Mata Atlântica
 1641948673 ,607cd3cd-e5c1-3a2c-8854-9b3727ddcbcd,  -28.689700 ,  -50.164490 ,2023-08-03 17:54:00,Brasil,RIO GRANDE DO SUL,BOM JESUS,Mata Atlântica
 1641948674 ,4ab48dce-63ed-3893-bc41-67d398423edc,  -28.629440 ,  -50.149440 ,2023-08-03 17:54:00,Brasil,RIO GRANDE DO SUL,BOM JESUS,Mata Atlântica
 1641948675 ,6169476a-ec69-3985-9757-196fa0c17d2b,  -28.628130 ,  -50.626480 ,2023-08-03 17:54:00,Brasil,RIO GRANDE DO SUL,BOM JESUS,Mata Atlântica
 1641948676 ,9cc9550e-31e4-3563-ac9a-4c32afb59daa,  -28.624960 ,  -50.609620 ,2023-08-03 17:54:00,Brasil,RIO GRANDE DO SUL,BOM JESUS,Mata Atlântica
 1641948677 ,2a6214f3-46be-3836-b067-2e308236aad0,  -28.621270 ,  -50.170210 ,2023-08-03 17:54:00,Brasil,RIO GRANDE DO SUL,BOM JESUS,Mata Atlântica
 1641948678 ,4c3dfe85-7b8c-35cb-969d-b85b23d206f8,  -28.614310 ,  -49.942630 ,2023-08-03 17:54:00,Brasil,RIO GRANDE DO SUL,SÃO JOSÉ DOS AUSENTES,Mata Atlântica
 1641948679 ,649d4c7f-3e0a-338d-b61d-72fccbf16b7d,  -28.587250 ,  -50.089620 ,2023-08-03 17:54:00,Brasil,RIO GRANDE DO SUL,BOM JESUS,Mata Atlântica
 1641948680 ,cbcef26a-9e6e-3add-a7e2-2a464686305c,  -28.560340 ,  -50.076680 ,2023-08-03 17:54:00,Brasil,RIO GRANDE DO SUL,BOM JESUS,Mata Atlântica
 1641948681 ,104e8584-d7df-323e-b859-f24eb7e245b4,  -28.558980 ,  -50.133880 ,2023-08-03 17:54:00,Brasil,RIO GRANDE DO SUL,BOM JESUS,Mata Atlântica
 1641948682 ,458b27ff-d67b-3db3-baa3-b77f8901413d,  -28.555500 ,  -50.115600 ,2023-08-03 17:54:00,Brasil,RIO GRANDE DO SUL,BOM JESUS,Mata Atlântica
 1641948683 ,31773933-320f-3cdb-a730-e54d1887143f,  -28.531190 ,  -55.117770 ,2023-08-03 17:54:00,Brasil,RIO GRANDE DO SUL,BOSSOROCA,Pampa
 1641948684 ,7f48edfc-c087-3db2-9dab-deba4cad49bb,  -28.508980 ,  -50.127870 ,2023-08-03 17:54:00,Brasil,RIO GRANDE DO SUL,BOM JESUS,Mata Atlântica
 1641948685 ,391a58a8-75dc-3cce-a094-47b682f8ccd4,  -28.505350 ,  -50.109170 ,2023-08-03 17:54:00,Brasil,RIO GRANDE DO SUL,BOM JESUS,Mata Atlântica
 1641948686 ,639b1c82-0fd2-330d-adb4-78ab42703169,  -28.481050 ,  -50.514990 ,2023-08-03 17:54:00,Brasil,RIO GRANDE DO SUL,BOM JESUS,Mata Atlântica
 1641948690 ,7ae34fa9-0993-3701-93ba-fcb58561e781,  -28.412530 ,  -50.530280 ,2023-08-03 17:54:00,Brasil,RIO GRANDE DO SUL,BOM JESUS,Mata Atlântica
 1641948694 ,1d2f7dd9-4eb5-3737-97c6-0ccdd55770da,  -28.275010 ,  -50.909280 ,2023-08-03 17:54:00,Brasil,RIO GRANDE DO SUL,VACARIA,Mata Atlântica
 1641948703 ,493d40a7-e0b9-3546-adb1-fa3a28bbbd32,  -27.843160 ,  -51.395530 ,2023-08-03 17:54:00,Brasil,RIO GRANDE DO SUL,BARRACÃO,Mata Atlântica
 1642124038 ,06d7962b-845b-3339-bc7b-42cd9ea86016,  -28.955850 ,  -50.545930 ,2023-08-04 16:56:00,Brasil,RIO GRANDE DO SUL,SÃO FRANCISCO DE PAULA,Mata Atlântica
 1642124039 ,7998a52b-b552-3a48-8f43-5f3732be8368,  -28.953610 ,  -50.517200 ,2023-08-04 16:56:00,Brasil,RIO GRANDE DO SUL,SÃO FRANCISCO DE PAULA,Mata Atlântica
 1642124040 ,8992e3dd-57bd-357f-a14d-e70d72d5a328,  -28.951060 ,  -50.522050 ,2023-08-04 16:56:00,Brasil,RIO GRANDE DO SUL,SÃO FRANCISCO DE PAULA,Mata Atlântica
 1642124041 ,fd0341c8-5364-3bc9-b856-d2cdc6e5c19a,  -28.876300 ,  -50.143050 ,2023-08-04 16:56:00,Brasil,RIO GRANDE DO SUL,CAMBARÁ DO SUL,Mata Atlântica
 1642124042 ,f89fc3aa-76ab-3cf5-ae26-173aef3398e2,  -28.873860 ,  -50.859120 ,2023-08-04 16:56:00,Brasil,RIO GRANDE DO SUL,CAXIAS DO SUL,Mata Atlântica
 1642124043 ,0f2d913f-18dd-3d6f-a0a4-e54756e9e307,  -28.859860 ,  -52.267540 ,2023-08-04 16:56:00,Brasil,RIO GRANDE DO SUL,ARVOREZINHA,Mata Atlântica
 1642124044 ,223f1449-0145-3f90-8f5c-a23149fb55c6,  -28.851500 ,  -52.276670 ,2023-08-04 16:56:00,Brasil,RIO GRANDE DO SUL,ARVOREZINHA,Mata Atlântica
 1642124045 ,24ddfb2e-2a90-3dd1-8908-f039c5af67c6,  -28.619950 ,  -51.238220 ,2023-08-04 16:56:00,Brasil,RIO GRANDE DO SUL,IPÊ,Mata Atlântica
 1642124046 ,8873d7b9-2297-37a4-b339-24a228666599,  -28.606940 ,  -50.163730 ,2023-08-04 16:56:00,Brasil,RIO GRANDE DO SUL,BOM JESUS,Mata Atlântica
 1642124047 ,41ed6b14-e2f3-3a1f-bf5b-2245ccdab453,  -28.567510 ,  -50.195260 ,2023-08-04 16:56:00,Brasil,RIO GRANDE DO SUL,BOM JESUS,Mata Atlântica
 1642124048 ,ac16f02f-dd9c-3352-a045-e74b57c70c62,  -28.523090 ,  -50.232040 ,2023-08-04 16:56:00,Brasil,RIO GRANDE DO SUL,BOM JESUS,Mata Atlântica
 1642124049 ,e2671e94-6029-3077-8a39-3fadf069b337,  -28.510970 ,  -50.485870 ,2023-08-04 16:58:00,Brasil,RIO GRANDE DO SUL,BOM JESUS,Mata Atlântica
 1642124050 ,3127087f-2a9a-34c8-a6fa-973eed0c1499,  -28.503200 ,  -50.507350 ,2023-08-04 16:58:00,Brasil,RIO GRANDE DO SUL,BOM JESUS,Mata Atlântica
 1642124051 ,0242f954-37ba-394c-b206-a473f67e0d2c,  -28.500990 ,  -50.479770 ,2023-08-04 16:58:00,Brasil,RIO GRANDE DO SUL,BOM JESUS,Mata Atlântica
 1642124052 ,eb5b5505-b498-308d-b76b-bdf44744a2fc,  -28.467110 ,  -49.901080 ,2023-08-04 16:56:00,Brasil,RIO GRANDE DO SUL,SÃO JOSÉ DOS AUSENTES,Mata Atlântica
 1642326469 ,30808a5a-d83c-3a30-bc80-efac561a7c0c,  -29.106990 ,  -50.293100 ,2023-08-05 17:39:00,Brasil,RIO GRANDE DO SUL,JAQUIRANA,Mata Atlântica
 1642326470 ,be9655c3-789c-3f9a-914f-0414cc964e80,  -29.038730 ,  -50.169380 ,2023-08-05 17:39:00,Brasil,RIO GRANDE DO SUL,CAMBARÁ DO SUL,Mata Atlântica
 1642326471 ,88753065-9aea-33a7-ab0b-f667e6f0ef08,  -29.033980 ,  -50.177300 ,2023-08-05 17:39:00,Brasil,RIO GRANDE DO SUL,CAMBARÁ DO SUL,Mata Atlântica
 1642326472 ,55172e16-a916-3162-b094-9d385d3996cb,  -28.998050 ,  -50.253990 ,2023-08-05 17:39:00,Brasil,RIO GRANDE DO SUL,CAMBARÁ DO SUL,Mata Atlântica
 1642326473 ,d0e5b64e-461f-3c76-a040-d392732b8da4,  -28.515310 ,  -49.804470 ,2023-08-05 17:39:00,Brasil,RIO GRANDE DO SUL,SÃO JOSÉ DOS AUSENTES,Mata Atlântica
 1642326474 ,83369103-4b77-3891-b174-c00e08ae582f,  -28.513610 ,  -49.810520 ,2023-08-05 17:39:00,Brasil,RIO GRANDE DO SUL,SÃO JOSÉ DOS AUSENTES,Mata Atlântica
 1642326475 ,9412a0bd-7636-3fd1-9ae5-522ca4bb9997,  -28.511680 ,  -49.798690 ,2023-08-05 17:39:00,Brasil,RIO GRANDE DO SUL,SÃO JOSÉ DOS AUSENTES,Mata Atlântica
 1642326534 ,eb4ef628-c9cb-344a-95aa-6c918deec800,  -27.877130 ,  -51.338370 ,2023-08-05 17:39:00,Brasil,RIO GRANDE DO SUL,ESMERALDA,Mata Atlântica
 1642326535 ,8f609f9b-e3f7-3d1d-a2fa-ffb3c9e201e8,  -27.875510 ,  -51.327940 ,2023-08-05 17:39:00,Brasil,RIO GRANDE DO SUL,PINHAL DA SERRA,Mata Atlântica
 1642326546 ,8ac67796-54f3-3a72-8038-9b48dfcaf045,  -29.368120 ,  -50.655190 ,2023-08-05 17:39:00,Brasil,RIO GRANDE DO SUL,SÃO FRANCISCO DE PAULA,Mata Atlântica
 1642326547 ,a8d5defb-9252-36ba-8f35-15df748120f0,  -29.366930 ,  -51.615950 ,2023-08-05 17:39:00,Brasil,RIO GRANDE DO SUL,CARLOS BARBOSA,Mata Atlântica
 1642326548 ,eeef3522-4c1c-37b9-bb7f-7ce70bea97d5,  -29.362010 ,  -50.555760 ,2023-08-05 17:39:00,Brasil,RIO GRANDE DO SUL,SÃO FRANCISCO DE PAULA,Mata Atlântica
 1642326549 ,38025d8a-ebbf-3b83-9855-e187795733dd,  -29.360300 ,  -50.544910 ,2023-08-05 17:39:00,Brasil,RIO GRANDE DO SUL,SÃO FRANCISCO DE PAULA,Mata Atlântica
 1642326550 ,79f27a14-38d7-3575-b719-e6bf7038da3c,  -29.258240 ,  -50.426820 ,2023-08-05 17:39:00,Brasil,RIO GRANDE DO SUL,SÃO FRANCISCO DE PAULA,Mata Atlântica
 1642326551 ,08e77e97-84b5-3913-8eda-c015d516c061,  -29.115830 ,  -50.348260 ,2023-08-05 17:39:00,Brasil,RIO GRANDE DO SUL,JAQUIRANA,Mata Atlântica
 1642326552 ,a8f4e712-4e91-3285-9010-5b2f89282620,  -29.110440 ,  -50.553510 ,2023-08-05 17:39:00,Brasil,RIO GRANDE DO SUL,SÃO FRANCISCO DE PAULA,Mata Atlântica
 1642326553 ,9ac56631-71c0-3617-a3e3-5e7b3ae1b14e,  -29.101230 ,  -50.555490 ,2023-08-05 17:39:00,Brasil,RIO GRANDE DO SUL,SÃO FRANCISCO DE PAULA,Mata Atlântica
 1642326554 ,68d4cc2c-0e83-3bec-b0e1-2fbcc6307d94,  -29.095550 ,  -50.686600 ,2023-08-05 17:39:00,Brasil,RIO GRANDE DO SUL,SÃO FRANCISCO DE PAULA,Mata Atlântica
 1642326555 ,3062fafd-6719-3608-9749-25d00698c1e8,  -29.016080 ,  -50.764070 ,2023-08-05 17:39:00,Brasil,RIO GRANDE DO SUL,SÃO FRANCISCO DE PAULA,Mata Atlântica
 1642326556 ,fa3c4184-1e80-3ed6-8fa3-69bef565eddd,  -29.015070 ,  -50.479110 ,2023-08-05 17:39:00,Brasil,RIO GRANDE DO SUL,SÃO FRANCISCO DE PAULA,Mata Atlântica
 1642326557 ,1f17a593-69a9-30df-9054-46e1871209f7,  -29.010100 ,  -50.665460 ,2023-08-05 17:39:00,Brasil,RIO GRANDE DO SUL,SÃO FRANCISCO DE PAULA,Mata Atlântica
 1642326558 ,e458bffc-4329-3a78-ba9c-c77245112473,  -29.005990 ,  -50.699740 ,2023-08-05 17:39:00,Brasil,RIO GRANDE DO SUL,SÃO FRANCISCO DE PAULA,Mata Atlântica
 1642326559 ,aa2a87d2-880e-3165-8a39-658baf4b152b,  -28.994100 ,  -50.624120 ,2023-08-05 17:39:00,Brasil,RIO GRANDE DO SUL,SÃO FRANCISCO DE PAULA,Mata Atlântica
 1642326560 ,80319f0b-58cb-338e-b092-70ce224b8602,  -28.983040 ,  -50.914600 ,2023-08-05 17:39:00,Brasil,RIO GRANDE DO SUL,CAXIAS DO SUL,Mata Atlântica
 1642326561 ,81dbf47b-7c90-3a5c-a1ec-9d4c3aedcb95,  -28.972960 ,  -50.850540 ,2023-08-05 17:39:00,Brasil,RIO GRANDE DO SUL,CAXIAS DO SUL,Mata Atlântica
 1642326562 ,e2a661d6-1809-3f0e-a25c-6126f101e581,  -28.972690 ,  -50.729010 ,2023-08-05 17:39:00,Brasil,RIO GRANDE DO SUL,SÃO FRANCISCO DE PAULA,Mata Atlântica
 1642326563 ,08ac60a4-f484-378d-a1c1-f7487aa65e67,  -28.968730 ,  -50.403310 ,2023-08-05 17:39:00,Brasil,RIO GRANDE DO SUL,JAQUIRANA,Mata Atlântica
 1642326564 ,bb7843d0-ca33-3311-a6f5-6a3a2aa769c1,  -28.966950 ,  -50.392080 ,2023-08-05 17:39:00,Brasil,RIO GRANDE DO SUL,JAQUIRANA,Mata Atlântica
 1642326565 ,3602b0a5-ecae-33c5-b11c-b805d5c00f85,  -28.956950 ,  -50.981060 ,2023-08-05 17:39:00,Brasil,RIO GRANDE DO SUL,SÃO MARCOS,Mata Atlântica
 1642326566 ,ee1aa622-372e-39ce-8ce2-a5e23eb52219,  -28.955310 ,  -50.970460 ,2023-08-05 17:39:00,Brasil,RIO GRANDE DO SUL,SÃO MARCOS,Mata Atlântica
 1642326567 ,00998249-a0f5-3a5b-acf3-40de730396e8,  -28.940360 ,  -50.753110 ,2023-08-05 17:39:00,Brasil,RIO GRANDE DO SUL,SÃO FRANCISCO DE PAULA,Mata Atlântica
 1642326568 ,5809c997-7dc6-3005-b863-1046e9d8e03a,  -28.924990 ,  -50.309860 ,2023-08-05 17:39:00,Brasil,RIO GRANDE DO SUL,JAQUIRANA,Mata Atlântica
 1642326569 ,00bc02a3-a96f-3290-b14b-3b47487c585a,  -28.922770 ,  -50.701250 ,2023-08-05 17:39:00,Brasil,RIO GRANDE DO SUL,SÃO FRANCISCO DE PAULA,Mata Atlântica
 1642326570 ,04dfb49b-9922-352f-a09c-a484851974a9,  -28.914280 ,  -50.647190 ,2023-08-05 17:39:00,Brasil,RIO GRANDE DO SUL,SÃO FRANCISCO DE PAULA,Mata Atlântica
 1642326571 ,0e7fc0f3-c5fb-3406-8455-52dc4d7f5cdf,  -28.900520 ,  -50.860920 ,2023-08-05 17:39:00,Brasil,RIO GRANDE DO SUL,CAXIAS DO SUL,Mata Atlântica
 1642326572 ,19d68ae5-77ef-389d-a6bc-973baf34840b,  -28.898830 ,  -50.850190 ,2023-08-05 17:39:00,Brasil,RIO GRANDE DO SUL,CAXIAS DO SUL,Mata Atlântica
 1642326573 ,be076813-1c96-3546-9748-f6bbdf699d5b,  -28.897280 ,  -50.960370 ,2023-08-05 17:39:00,Brasil,RIO GRANDE DO SUL,CAXIAS DO SUL,Mata Atlântica
 1642326574 ,28d581a5-f992-344c-bb4f-9482496cb2fc,  -28.889840 ,  -50.972900 ,2023-08-05 17:39:00,Brasil,RIO GRANDE DO SUL,CAXIAS DO SUL,Mata Atlântica
 1642326575 ,57300597-af9f-34a9-8c44-47b1d80a06c5,  -28.697230 ,  -50.502340 ,2023-08-05 17:39:00,Brasil,RIO GRANDE DO SUL,BOM JESUS,Mata Atlântica
 1642326576 ,e98fcfa8-19ae-3e80-b15e-2c77f53ed40e,  -28.696120 ,  -50.915120 ,2023-08-05 17:39:00,Brasil,RIO GRANDE DO SUL,VACARIA,Mata Atlântica
 1642326577 ,6d61df87-26ab-30aa-818b-58d46d097f60,  -28.695450 ,  -50.491110 ,2023-08-05 17:39:00,Brasil,RIO GRANDE DO SUL,BOM JESUS,Mata Atlântica
 1642326578 ,9f2b3598-3345-3356-8a4c-ec12abba0d48,  -28.579370 ,  -51.288410 ,2023-08-05 17:39:00,Brasil,RIO GRANDE DO SUL,MUITOS CAPÕES,Mata Atlântica
 1642326579 ,99bbeefb-a3cf-3cfc-bb25-89bb1ff1831b,  -28.577740 ,  -51.277940 ,2023-08-05 17:39:00,Brasil,RIO GRANDE DO SUL,MUITOS CAPÕES,Mata Atlântica
 1642326580 ,785220bf-d982-3121-b640-329a6cbce97b,  -28.560130 ,  -51.394500 ,2023-08-05 17:39:00,Brasil,RIO GRANDE DO SUL,MUITOS CAPÕES,Mata Atlântica
 1642326581 ,6a4f91cd-0c95-3fd4-a627-470c2fd3ed16,  -28.349700 ,  -50.999870 ,2023-08-05 17:39:00,Brasil,RIO GRANDE DO SUL,VACARIA,Mata Atlântica
 1642326652 ,056ea02b-7979-3413-9635-756c433efeda,  -28.964310 ,  -52.572250 ,2023-08-05 17:39:00,Brasil,RIO GRANDE DO SUL,SOLEDADE,Mata Atlântica
 1642326653 ,d46267e4-cbbf-3174-b0ac-aaa9b42bb658,  -28.956820 ,  -52.584120 ,2023-08-05 17:39:00,Brasil,RIO GRANDE DO SUL,SOLEDADE,Mata Atlântica
 1642326654 ,87734549-f078-3b40-9294-d9d066aeefdd,  -28.955360 ,  -52.573930 ,2023-08-05 17:39:00,Brasil,RIO GRANDE DO SUL,SOLEDADE,Mata Atlântica
 1642326655 ,1abe0853-670a-37e4-a9f2-9c8e1f0dc4d2,  -28.724610 ,  -52.374360 ,2023-08-05 17:39:00,Brasil,RIO GRANDE DO SUL,SOLEDADE,Mata Atlântica
 1642326656 ,930dbdfc-0a96-3500-82e5-a85b7de8418d,  -28.709670 ,  -52.398070 ,2023-08-05 17:39:00,Brasil,RIO GRANDE DO SUL,SOLEDADE,Mata Atlântica
 1642326776 ,b07dbf52-b09a-3d6b-a538-836ce76182e4,  -28.980890 ,  -53.607330 ,2023-08-05 17:39:00,Brasil,RIO GRANDE DO SUL,TUPANCIRETÃ,Pampa
 1642519710 ,d4d4cda6-bd38-3355-bdaa-79c6c8ac438f,  -29.015350 ,  -50.009610 ,2023-08-06 16:43:00,Brasil,RIO GRANDE DO SUL,CAMBARÁ DO SUL,Mata Atlântica
 1642519711 ,4412bf3c-dcc1-313e-8e42-fda1a187699b,  -29.015000 ,  -50.017600 ,2023-08-06 16:43:00,Brasil,RIO GRANDE DO SUL,CAMBARÁ DO SUL,Mata Atlântica
 1642519712 ,1a0f2955-20f0-3c72-827d-324fd8fcc614,  -29.012650 ,  -49.964640 ,2023-08-06 16:43:00,Brasil,RIO GRANDE DO SUL,CAMBARÁ DO SUL,Mata Atlântica
 1642519713 ,be21c492-acb5-3697-9906-48fb34ddc1d7,  -29.011990 ,  -49.971900 ,2023-08-06 16:43:00,Brasil,RIO GRANDE DO SUL,CAMBARÁ DO SUL,Mata Atlântica
 1642540122 ,7e31216d-fd53-3384-a448-f69adf7d4a74,  -28.566760 ,  -51.361510 ,2023-08-06 18:21:00,Brasil,RIO GRANDE DO SUL,MUITOS CAPÕES,Mata Atlântica
 1642540123 ,618435fd-e67a-30fc-a523-eb578c735aad,  -28.556160 ,  -51.323380 ,2023-08-06 18:21:00,Brasil,RIO GRANDE DO SUL,MUITOS CAPÕES,Mata Atlântica
 1642955332 ,0e1dd9b0-47c6-3f02-8042-544f431c00de,  -30.461580 ,  -52.652680 ,2023-08-08 18:06:00,Brasil,RIO GRANDE DO SUL,ENCRUZILHADA DO SUL,Pampa
 1643431114 ,d08ac71f-9394-387a-a904-890e3e5b9f96,  -31.114600 ,  -53.362200 ,2023-08-10 17:52:00,Brasil,RIO GRANDE DO SUL,PINHEIRO MACHADO,Pampa
 1643789812 ,5a684339-fb65-3008-af4d-5f63a847ed6c,  -32.396750 ,  -53.545140 ,2023-08-12 17:37:00,Brasil,RIO GRANDE DO SUL,JAGUARÃO,Pampa
 1643789813 ,06c08083-a340-32bf-8e8e-da75699aefa9,  -31.630020 ,  -52.841650 ,2023-08-12 17:37:00,Brasil,RIO GRANDE DO SUL,CERRITO,Pampa
 1643789878 ,909fa2d6-6904-37e4-b786-613646a26b02,  -30.117370 ,  -54.432720 ,2023-08-12 17:37:00,Brasil,RIO GRANDE DO SUL,SÃO GABRIEL,Pampa
 1644241234 ,49b5bb81-8fd5-3789-a979-b83e91efd8b2,  -29.059660 ,  -50.420150 ,2023-08-14 17:24:00,Brasil,RIO GRANDE DO SUL,JAQUIRANA,Mata Atlântica
 1644241203 ,7b27bebd-94b3-3f1c-974b-2496a0bc773f,  -29.420670 ,  -50.450360 ,2023-08-14 17:24:00,Brasil,RIO GRANDE DO SUL,SÃO FRANCISCO DE PAULA,Mata Atlântica
 1644241204 ,ce826697-fe82-3703-beea-22bcf9eb5fe3,  -29.419200 ,  -50.439010 ,2023-08-14 17:24:00,Brasil,RIO GRANDE DO SUL,SÃO FRANCISCO DE PAULA,Mata Atlântica
 1644241205 ,bc836b2a-9dd4-301e-b75d-39071de11b3f,  -29.386670 ,  -50.561450 ,2023-08-14 17:24:00,Brasil,RIO GRANDE DO SUL,SÃO FRANCISCO DE PAULA,Mata Atlântica
 1644241206 ,4f642e10-c5bd-3f5b-a7f7-3cfd5ee6002c,  -29.333800 ,  -50.718330 ,2023-08-14 17:24:00,Brasil,RIO GRANDE DO SUL,CANELA,Mata Atlântica
 1644241207 ,46db57a3-df03-33a4-ad3c-c374eb9c95cb,  -29.332770 ,  -50.483490 ,2023-08-14 17:24:00,Brasil,RIO GRANDE DO SUL,SÃO FRANCISCO DE PAULA,Mata Atlântica
 1644241208 ,0754b3cd-713a-3d9c-9207-6c944dee4095,  -29.308870 ,  -50.522420 ,2023-08-14 17:24:00,Brasil,RIO GRANDE DO SUL,SÃO FRANCISCO DE PAULA,Mata Atlântica
 1644241209 ,ffc4410b-0198-3af4-beaa-bd8938aee770,  -29.237250 ,  -50.751710 ,2023-08-14 17:24:00,Brasil,RIO GRANDE DO SUL,SÃO FRANCISCO DE PAULA,Mata Atlântica
 1644241210 ,126a05d3-507f-3105-9ac9-31e055c12276,  -29.235780 ,  -50.740060 ,2023-08-14 17:24:00,Brasil,RIO GRANDE DO SUL,SÃO FRANCISCO DE PAULA,Mata Atlântica
 1644241211 ,db2abf87-d018-3bb7-aa96-adcd280464ad,  -29.215020 ,  -50.917790 ,2023-08-14 17:24:00,Brasil,RIO GRANDE DO SUL,CAXIAS DO SUL,Mata Atlântica
 1644241212 ,a4becc2a-c313-3b48-85a0-fc865636ff60,  -29.212270 ,  -50.405020 ,2023-08-14 17:24:00,Brasil,RIO GRANDE DO SUL,SÃO FRANCISCO DE PAULA,Mata Atlântica
 1644241213 ,b5bacfd5-6a6d-318f-83a7-ede72bc880fe,  -29.210820 ,  -50.393830 ,2023-08-14 17:24:00,Brasil,RIO GRANDE DO SUL,SÃO FRANCISCO DE PAULA,Mata Atlântica
 1644241214 ,10e83f01-a2c1-3cf1-87a2-db00775f5d8d,  -29.208680 ,  -50.451550 ,2023-08-14 17:24:00,Brasil,RIO GRANDE DO SUL,SÃO FRANCISCO DE PAULA,Mata Atlântica
 1644241215 ,5f685ca8-a430-3c44-93db-bab14fb8f49d,  -29.204790 ,  -50.992150 ,2023-08-14 17:24:00,Brasil,RIO GRANDE DO SUL,CAXIAS DO SUL,Mata Atlântica
 1644241216 ,5dbb6149-6d7f-3975-a9c8-e13f80f35351,  -29.188990 ,  -50.676690 ,2023-08-14 17:24:00,Brasil,RIO GRANDE DO SUL,SÃO FRANCISCO DE PAULA,Mata Atlântica
 1644241217 ,d7398066-4dac-3b9f-b3cb-98fc65d7e3cf,  -29.172620 ,  -50.662700 ,2023-08-14 17:24:00,Brasil,RIO GRANDE DO SUL,SÃO FRANCISCO DE PAULA,Mata Atlântica
 1644241218 ,96e42def-1921-3cfa-b18d-86335901ec56,  -29.163120 ,  -50.664180 ,2023-08-14 17:24:00,Brasil,RIO GRANDE DO SUL,SÃO FRANCISCO DE PAULA,Mata Atlântica
 1644241219 ,f949771e-db7c-34e6-9fa2-202a69ef57f4,  -29.158140 ,  -50.854930 ,2023-08-14 17:24:00,Brasil,RIO GRANDE DO SUL,CAXIAS DO SUL,Mata Atlântica
 1644241220 ,50fdcf82-93a8-31f4-a217-da4acecfd257,  -29.157400 ,  -50.425790 ,2023-08-14 17:24:00,Brasil,RIO GRANDE DO SUL,SÃO FRANCISCO DE PAULA,Mata Atlântica
 1644241221 ,d0ac5b6d-bc9f-363e-b271-ef203faf1312,  -29.150480 ,  -50.491370 ,2023-08-14 17:24:00,Brasil,RIO GRANDE DO SUL,SÃO FRANCISCO DE PAULA,Mata Atlântica
 1644241222 ,5c4e4d21-ca5b-38ae-8d9c-e8aae8fdcc65,  -29.149010 ,  -50.480050 ,2023-08-14 17:24:00,Brasil,RIO GRANDE DO SUL,SÃO FRANCISCO DE PAULA,Mata Atlântica
 1644241223 ,0daf23be-735e-39dc-9148-1a5613ab2328,  -29.138140 ,  -50.470300 ,2023-08-14 17:24:00,Brasil,RIO GRANDE DO SUL,SÃO FRANCISCO DE PAULA,Mata Atlântica
 1644241224 ,248c7537-e5cb-328c-a55c-8687404d0455,  -29.133930 ,  -50.587210 ,2023-08-14 17:24:00,Brasil,RIO GRANDE DO SUL,SÃO FRANCISCO DE PAULA,Mata Atlântica
 1644241225 ,e5cc85bc-7249-38fe-9d2a-e2bbbbe09079,  -29.125810 ,  -50.449290 ,2023-08-14 17:24:00,Brasil,RIO GRANDE DO SUL,SÃO FRANCISCO DE PAULA,Mata Atlântica
 1644241226 ,79ed0ae3-8eb4-3ae1-a3d9-34fffafa2a9c,  -29.121510 ,  -50.718220 ,2023-08-14 17:24:00,Brasil,RIO GRANDE DO SUL,SÃO FRANCISCO DE PAULA,Mata Atlântica
 1644241227 ,db56db44-012e-38d2-b5f1-87d5d5be5827,  -29.120050 ,  -50.706650 ,2023-08-14 17:24:00,Brasil,RIO GRANDE DO SUL,SÃO FRANCISCO DE PAULA,Mata Atlântica
 1644241228 ,f8c5f464-4d9b-30f0-80f8-af1b5769e446,  -29.090630 ,  -50.658310 ,2023-08-14 17:24:00,Brasil,RIO GRANDE DO SUL,SÃO FRANCISCO DE PAULA,Mata Atlântica
 1644241229 ,b077a6d1-dd45-3ae5-8cda-774f3d483845,  -29.082810 ,  -50.824770 ,2023-08-14 17:24:00,Brasil,RIO GRANDE DO SUL,SÃO FRANCISCO DE PAULA,Mata Atlântica
 1644241230 ,2a5a244c-9286-304a-a67f-c85c00a1b1ad,  -29.081160 ,  -50.659880 ,2023-08-14 17:24:00,Brasil,RIO GRANDE DO SUL,SÃO FRANCISCO DE PAULA,Mata Atlântica
 1644241231 ,ae22f5ac-5444-331a-bb26-3ed33f13e475,  -29.079710 ,  -50.648600 ,2023-08-14 17:24:00,Brasil,RIO GRANDE DO SUL,SÃO FRANCISCO DE PAULA,Mata Atlântica
 1644241232 ,09784ff7-e291-34a2-90aa-daa057d0faee,  -29.065180 ,  -50.425120 ,2023-08-14 17:24:00,Brasil,RIO GRANDE DO SUL,JAQUIRANA,Mata Atlântica
 1644241233 ,f2297087-5e70-37c5-8136-96458b115392,  -29.063760 ,  -50.413970 ,2023-08-14 17:24:00,Brasil,RIO GRANDE DO SUL,JAQUIRANA,Mata Atlântica
 1644241235 ,500f8125-18b7-35ed-837e-7fae01ebef73,  -29.044480 ,  -50.377280 ,2023-08-14 17:24:00,Brasil,RIO GRANDE DO SUL,JAQUIRANA,Mata Atlântica
 1644241236 ,0b0c2048-7b8b-3796-8888-6c4ddd754224,  -29.027250 ,  -50.692650 ,2023-08-14 17:24:00,Brasil,RIO GRANDE DO SUL,SÃO FRANCISCO DE PAULA,Mata Atlântica
 1644241237 ,9a8d0f87-d04b-35be-9ac3-6c2783f6d0c1,  -29.023640 ,  -50.587810 ,2023-08-14 17:24:00,Brasil,RIO GRANDE DO SUL,SÃO FRANCISCO DE PAULA,Mata Atlântica
 1644241238 ,93c97e19-b74c-3fc6-bba1-bf244dd91d44,  -29.010590 ,  -50.485640 ,2023-08-14 17:24:00,Brasil,RIO GRANDE DO SUL,SÃO FRANCISCO DE PAULA,Mata Atlântica
 1644241239 ,bb8a357d-c6e2-315f-99e6-5bddba19aa43,  -28.998180 ,  -50.615310 ,2023-08-14 17:24:00,Brasil,RIO GRANDE DO SUL,SÃO FRANCISCO DE PAULA,Mata Atlântica
 1644241240 ,5c18b3d4-7368-30d7-b3ba-6e4d63e07675,  -28.984630 ,  -50.432620 ,2023-08-14 17:24:00,Brasil,RIO GRANDE DO SUL,JAQUIRANA,Mata Atlântica
 1644241241 ,c9fdd1e3-ea2b-3307-bc2c-a976679dcf7b,  -28.976370 ,  -50.637250 ,2023-08-14 17:24:00,Brasil,RIO GRANDE DO SUL,SÃO FRANCISCO DE PAULA,Mata Atlântica
 1644241242 ,acdfc350-7ee8-383a-9acd-d43c544d22dc,  -28.943670 ,  -50.607960 ,2023-08-14 17:24:00,Brasil,RIO GRANDE DO SUL,SÃO FRANCISCO DE PAULA,Mata Atlântica
 1644241243 ,927e8915-6008-3995-8de7-a6504ec8e66c,  -28.942530 ,  -50.931870 ,2023-08-14 17:24:00,Brasil,RIO GRANDE DO SUL,CAXIAS DO SUL,Mata Atlântica
 1644241244 ,b7b8447a-a4ed-310b-b506-cc589479429d,  -28.934880 ,  -50.690810 ,2023-08-14 17:24:00,Brasil,RIO GRANDE DO SUL,SÃO FRANCISCO DE PAULA,Mata Atlântica
 1644241245 ,3a47b2a7-a731-3ead-a515-8801d12c5a05,  -28.933420 ,  -50.679290 ,2023-08-14 17:24:00,Brasil,RIO GRANDE DO SUL,SÃO FRANCISCO DE PAULA,Mata Atlântica
 1644241246 ,c898cd5c-fd88-3730-a202-d6adc1f9da07,  -28.932040 ,  -50.850040 ,2023-08-14 17:24:00,Brasil,RIO GRANDE DO SUL,CAXIAS DO SUL,Mata Atlântica
 1644241247 ,11e7d894-b254-335f-8754-8d7dcfe8e0d5,  -28.925480 ,  -50.874920 ,2023-08-14 17:24:00,Brasil,RIO GRANDE DO SUL,CAXIAS DO SUL,Mata Atlântica
 1644241248 ,c87637f3-d67b-3ff6-bcc4-823ab77ca428,  -28.918840 ,  -50.717180 ,2023-08-14 17:24:00,Brasil,RIO GRANDE DO SUL,SÃO FRANCISCO DE PAULA,Mata Atlântica
 1644241249 ,cd830bb6-9a45-3ca3-918d-a25d316a72c1,  -28.914020 ,  -50.451590 ,2023-08-14 17:24:00,Brasil,RIO GRANDE DO SUL,JAQUIRANA,Mata Atlântica
 1644241250 ,e45491a7-bcc9-3003-8281-8ff916fe80a6,  -28.646910 ,  -50.433880 ,2023-08-14 17:24:00,Brasil,RIO GRANDE DO SUL,BOM JESUS,Mata Atlântica
 1644241251 ,6ea80fb0-4b41-37b0-8ede-491b25ffde4c,  -28.603870 ,  -50.395980 ,2023-08-14 17:24:00,Brasil,RIO GRANDE DO SUL,BOM JESUS,Mata Atlântica
 1644241252 ,a8290494-db3e-3561-b043-01b7a3cf2a3f,  -28.567550 ,  -50.386220 ,2023-08-14 17:24:00,Brasil,RIO GRANDE DO SUL,BOM JESUS,Mata Atlântica
 1644241253 ,3221691e-9643-3142-9515-c4b7a0c7d843,  -28.558220 ,  -50.387690 ,2023-08-14 17:24:00,Brasil,RIO GRANDE DO SUL,BOM JESUS,Mata Atlântica
 1644241254 ,3e858596-827c-360c-aa4f-32465fda923d,  -28.533800 ,  -50.493770 ,2023-08-14 17:24:00,Brasil,RIO GRANDE DO SUL,BOM JESUS,Mata Atlântica
 1644241255 ,6a1bd0a4-3321-3df5-ab48-66512f063f80,  -28.492090 ,  -50.506230 ,2023-08-14 17:24:00,Brasil,RIO GRANDE DO SUL,BOM JESUS,Mata Atlântica
 1644241258 ,823e2408-e5ab-3bdb-8247-81e5edcea554,  -29.029280 ,  -50.334140 ,2023-08-14 17:24:00,Brasil,RIO GRANDE DO SUL,JAQUIRANA,Mata Atlântica
 1644241259 ,6e47c3f6-e181-3547-9012-2a46286630fe,  -28.698110 ,  -50.273060 ,2023-08-14 17:24:00,Brasil,RIO GRANDE DO SUL,BOM JESUS,Mata Atlântica
 1644241260 ,68297ccf-9ef9-3335-9b79-c6d5fd0931e5,  -28.665400 ,  -50.284180 ,2023-08-14 17:24:00,Brasil,RIO GRANDE DO SUL,BOM JESUS,Mata Atlântica
 1644241261 ,622253c5-b754-3514-97f2-9fc210116b0a,  -28.625380 ,  -50.268600 ,2023-08-14 17:24:00,Brasil,RIO GRANDE DO SUL,BOM JESUS,Mata Atlântica
 1644241262 ,43d0f5ed-37fd-3676-8d01-e93ccd0fe8ae,  -28.553750 ,  -50.209420 ,2023-08-14 17:24:00,Brasil,RIO GRANDE DO SUL,BOM JESUS,Mata Atlântica
 1644241266 ,dbfcf1fc-c31c-330e-8f9b-02e41a80725c,  -29.826570 ,  -51.756390 ,2023-08-14 17:24:00,Brasil,RIO GRANDE DO SUL,TAQUARI,Pampa
 1644241267 ,2c82c8f8-3cd4-3620-85f9-8f0c1c423564,  -29.825000 ,  -51.743090 ,2023-08-14 17:24:00,Brasil,RIO GRANDE DO SUL,TRIUNFO,Pampa
 1644241268 ,92bcfb60-29eb-32de-873f-7ead5bf442ba,  -29.803140 ,  -51.558980 ,2023-08-14 17:24:00,Brasil,RIO GRANDE DO SUL,TRIUNFO,Pampa
 1644241269 ,d9a1fd71-210b-331b-bc66-bc293d66370c,  -29.801590 ,  -51.546020 ,2023-08-14 17:24:00,Brasil,RIO GRANDE DO SUL,TRIUNFO,Pampa
 1644241270 ,df018c64-06a4-35b9-94b9-349e9069b9ea,  -29.750360 ,  -51.706130 ,2023-08-14 17:24:00,Brasil,RIO GRANDE DO SUL,TRIUNFO,Pampa
 1644241569 ,52d509b4-6089-37a1-921e-3f392f3c5eb4,  -29.439600 ,  -50.337520 ,2023-08-14 17:24:00,Brasil,RIO GRANDE DO SUL,SÃO FRANCISCO DE PAULA,Mata Atlântica
 1644241570 ,011268a7-9a56-381a-b8b1-4cad63125516,  -29.438180 ,  -50.326350 ,2023-08-14 17:24:00,Brasil,RIO GRANDE DO SUL,SÃO FRANCISCO DE PAULA,Mata Atlântica
 1644241571 ,6bb94fb7-4e9b-3c15-9526-8c0c6d9b10c9,  -29.361240 ,  -50.287560 ,2023-08-14 17:24:00,Brasil,RIO GRANDE DO SUL,SÃO FRANCISCO DE PAULA,Mata Atlântica
 1644241572 ,f27ec756-100f-3b54-bc4d-e22c4d473166,  -29.220150 ,  -50.204100 ,2023-08-14 17:24:00,Brasil,RIO GRANDE DO SUL,CAMBARÁ DO SUL,Mata Atlântica
 1644241573 ,aa9361c1-9056-353f-a3b5-176235a52aa4,  -29.150330 ,  -50.221570 ,2023-08-14 17:24:00,Brasil,RIO GRANDE DO SUL,CAMBARÁ DO SUL,Mata Atlântica
 1644241574 ,c5680e4a-304b-3948-9481-a1fab8d12859,  -29.149600 ,  -50.289860 ,2023-08-14 17:24:00,Brasil,RIO GRANDE DO SUL,CAMBARÁ DO SUL,Mata Atlântica
 1644241575 ,bf4e1d31-aa15-3497-a5f9-36683fa0fbe2,  -29.136000 ,  -50.111180 ,2023-08-14 17:24:00,Brasil,RIO GRANDE DO SUL,CAMBARÁ DO SUL,Mata Atlântica
 1644241576 ,a9520e44-101a-34a0-b606-3fa20d8c9e75,  -29.134570 ,  -50.100160 ,2023-08-14 17:24:00,Brasil,RIO GRANDE DO SUL,CAMBARÁ DO SUL,Mata Atlântica
 1644241577 ,41970ca9-8c15-30bf-9185-bffcbc766a28,  -29.108410 ,  -50.315200 ,2023-08-14 17:24:00,Brasil,RIO GRANDE DO SUL,JAQUIRANA,Mata Atlântica
 1644241578 ,d51e928a-d703-3042-be81-6918547a851b,  -29.048080 ,  -50.291280 ,2023-08-14 17:24:00,Brasil,RIO GRANDE DO SUL,JAQUIRANA,Mata Atlântica
 1644241579 ,7baf2403-f58e-3c5f-924e-c2e70b9c919b,  -29.037700 ,  -50.253110 ,2023-08-14 17:24:00,Brasil,RIO GRANDE DO SUL,JAQUIRANA,Mata Atlântica
 1644241580 ,dcc17fa9-e112-3494-a432-fb1d139b8514,  -29.011260 ,  -50.269220 ,2023-08-14 17:24:00,Brasil,RIO GRANDE DO SUL,CAMBARÁ DO SUL,Mata Atlântica
 1644241581 ,6b61489f-2077-3dee-8fcb-0e67fb014720,  -28.915520 ,  -49.971980 ,2023-08-14 17:24:00,Brasil,RIO GRANDE DO SUL,CAMBARÁ DO SUL,Mata Atlântica
 1644241582 ,65a47b29-7169-3d9e-b00c-9cfb9dab500e,  -28.900950 ,  -50.204160 ,2023-08-14 17:24:00,Brasil,RIO GRANDE DO SUL,JAQUIRANA,Mata Atlântica
 1644241583 ,66355d8e-41d1-38db-b443-c95a0348b804,  -28.850900 ,  -49.967690 ,2023-08-14 17:24:00,Brasil,RIO GRANDE DO SUL,SÃO JOSÉ DOS AUSENTES,Mata Atlântica
 1644241584 ,28bb0786-aff2-3118-9511-bb82cb523b93,  -28.740790 ,  -50.165050 ,2023-08-14 17:24:00,Brasil,RIO GRANDE DO SUL,SÃO JOSÉ DOS AUSENTES,Mata Atlântica
 1644241585 ,6c2a56b7-4668-31c2-9e3d-4674274636d7,  -28.730620 ,  -50.088730 ,2023-08-14 17:24:00,Brasil,RIO GRANDE DO SUL,SÃO JOSÉ DOS AUSENTES,Mata Atlântica
 1644241586 ,f4eaa64a-4d73-392a-bbd1-9c27de050d3d,  -28.698950 ,  -49.852590 ,2023-08-14 17:24:00,Brasil,RIO GRANDE DO SUL,SÃO JOSÉ DOS AUSENTES,Mata Atlântica
 1644241587 ,67a5fe83-37ce-3c93-8bfa-e360d9c825e6,  -28.640530 ,  -49.906400 ,2023-08-14 17:24:00,Brasil,RIO GRANDE DO SUL,SÃO JOSÉ DOS AUSENTES,Mata Atlântica
 1644241700 ,0d93409a-969e-33aa-9602-aaa15724625d,  -30.839140 ,  -54.046490 ,2023-08-14 17:24:00,Brasil,RIO GRANDE DO SUL,LAVRAS DO SUL,Pampa
 1644241761 ,146ed34b-7740-30c7-a006-e68ab357fac1,  -32.397900 ,  -53.542550 ,2023-08-14 17:22:00,Brasil,RIO GRANDE DO SUL,JAGUARÃO,Pampa
 1644241762 ,3ecd3ff4-2d83-3b76-b038-b117ae689cc9,  -29.940790 ,  -52.373490 ,2023-08-14 17:24:00,Brasil,RIO GRANDE DO SUL,RIO PARDO,Pampa
 1644241763 ,55299603-ffbe-3eb8-bb67-2fc4d9c846bd,  -29.945870 ,  -52.366050 ,2023-08-14 17:24:00,Brasil,RIO GRANDE DO SUL,RIO PARDO,Pampa
 1644241764 ,c8c35ec1-c96e-3606-b86f-f5b4c659f309,  -30.464800 ,  -52.652940 ,2023-08-14 17:24:00,Brasil,RIO GRANDE DO SUL,ENCRUZILHADA DO SUL,Pampa
 1644241765 ,6fa4a4f5-9cc0-3b7b-aaee-fc0fed40e92f,  -30.466480 ,  -52.668370 ,2023-08-14 17:24:00,Brasil,RIO GRANDE DO SUL,ENCRUZILHADA DO SUL,Pampa
 1644422849 ,4d8dcf1a-2d78-36d3-9378-b4700239e58b,  -31.473470 ,  -52.702920 ,2023-08-15 18:04:00,Brasil,RIO GRANDE DO SUL,CANGUÇU,Pampa
 1644422850 ,d5a128e2-bdf2-334a-be02-ccccfb6c19ea,  -30.830160 ,  -52.495770 ,2023-08-15 18:04:00,Brasil,RIO GRANDE DO SUL,ENCRUZILHADA DO SUL,Pampa
 1644422851 ,1b2584e6-f263-39d3-b72b-a3e580012c8c,  -30.750430 ,  -53.359180 ,2023-08-15 18:04:00,Brasil,RIO GRANDE DO SUL,CAÇAPAVA DO SUL,Pampa
 1644422852 ,73e8acb9-c730-348e-91db-af1ae03b1dd4,  -30.468340 ,  -52.671280 ,2023-08-15 18:04:00,Brasil,RIO GRANDE DO SUL,ENCRUZILHADA DO SUL,Pampa
 1644422853 ,a69740ac-61e8-3061-aa18-1edb83225e8b,  -30.465010 ,  -52.653930 ,2023-08-15 18:04:00,Brasil,RIO GRANDE DO SUL,ENCRUZILHADA DO SUL,Pampa
 1644422854 ,66672b73-9043-3cdb-8317-f9a79d622bb6,  -30.384860 ,  -52.715960 ,2023-08-15 18:04:00,Brasil,RIO GRANDE DO SUL,ENCRUZILHADA DO SUL,Pampa
 1644422855 ,d6209cf4-53f5-30f6-aafe-548fe154dcf0,  -30.381570 ,  -52.698760 ,2023-08-15 18:04:00,Brasil,RIO GRANDE DO SUL,ENCRUZILHADA DO SUL,Pampa
 1644422856 ,4fdb44a0-4cf7-3a58-9aef-2501135244d2,  -30.261690 ,  -53.725920 ,2023-08-15 18:04:00,Brasil,RIO GRANDE DO SUL,SÃO SEPÉ,Pampa
 1644422857 ,18fb05ad-ae5b-3c84-80cf-57b1bcff5f86,  -30.259750 ,  -53.731900 ,2023-08-15 18:04:00,Brasil,RIO GRANDE DO SUL,SÃO SEPÉ,Pampa
 1644422858 ,ea9ae833-faee-33d1-9726-a9f7ceff04e6,  -30.114250 ,  -55.435680 ,2023-08-15 18:04:00,Brasil,RIO GRANDE DO SUL,ROSÁRIO DO SUL,Pampa
 1644422859 ,102861c3-de4e-304f-8d11-8e94af790b49,  -30.112190 ,  -55.423610 ,2023-08-15 18:04:00,Brasil,RIO GRANDE DO SUL,ROSÁRIO DO SUL,Pampa
 1644422860 ,f7cd5f46-b7e9-3cd3-8bef-12ca9760e810,  -29.543990 ,  -51.624640 ,2023-08-15 18:04:00,Brasil,RIO GRANDE DO SUL,BROCHIER,Mata Atlântica
 1644422861 ,f486f4e8-fd70-3221-a407-d4b7b0121c11,  -29.378680 ,  -50.563570 ,2023-08-15 18:04:00,Brasil,RIO GRANDE DO SUL,SÃO FRANCISCO DE PAULA,Mata Atlântica
 1644422862 ,f166e4b3-5858-30e8-b3ca-79e539e8354c,  -29.248210 ,  -50.258560 ,2023-08-15 18:04:00,Brasil,RIO GRANDE DO SUL,CAMBARÁ DO SUL,Mata Atlântica
 1644422863 ,69d78a91-f884-3972-8673-eb2e26e68f40,  -29.210730 ,  -50.650250 ,2023-08-15 18:04:00,Brasil,RIO GRANDE DO SUL,SÃO FRANCISCO DE PAULA,Mata Atlântica
 1644422864 ,67b1c4cc-a5a1-39be-be1c-81acf2f41904,  -29.157100 ,  -50.776290 ,2023-08-15 18:04:00,Brasil,RIO GRANDE DO SUL,SÃO FRANCISCO DE PAULA,Mata Atlântica
 1644422865 ,001f51d1-7598-3ea6-ab9e-40b86de72f82,  -29.155880 ,  -50.568150 ,2023-08-15 18:04:00,Brasil,RIO GRANDE DO SUL,SÃO FRANCISCO DE PAULA,Mata Atlântica
 1644422866 ,6392be35-01a1-3718-ac1d-04dd0082b864,  -28.958880 ,  -50.446580 ,2023-08-15 18:04:00,Brasil,RIO GRANDE DO SUL,JAQUIRANA,Mata Atlântica
 1644422867 ,8931c047-15ca-3c5e-806f-b1fc157d9d09,  -28.956680 ,  -50.466180 ,2023-08-15 18:04:00,Brasil,RIO GRANDE DO SUL,JAQUIRANA,Mata Atlântica
 1644422868 ,1f848dcc-6f28-314b-bf8f-96595750c2ef,  -28.686300 ,  -50.079620 ,2023-08-15 18:04:00,Brasil,RIO GRANDE DO SUL,SÃO JOSÉ DOS AUSENTES,Mata Atlântica
 1644422869 ,9b5e3815-4321-39b9-9975-e42edd0f08c3,  -28.676040 ,  -49.964570 ,2023-08-15 18:04:00,Brasil,RIO GRANDE DO SUL,SÃO JOSÉ DOS AUSENTES,Mata Atlântica
 1644422870 ,3f116b58-42e7-3312-a525-ec40d39bb19a,  -28.593670 ,  -50.408920 ,2023-08-15 18:04:00,Brasil,RIO GRANDE DO SUL,BOM JESUS,Mata Atlântica
 1644422871 ,aa4d8c97-c9c6-3732-864a-0040c6ddae82,  -28.460890 ,  -50.595480 ,2023-08-15 18:04:00,Brasil,RIO GRANDE DO SUL,BOM JESUS,Mata Atlântica
 1644422881 ,958761c2-623b-3f6f-b5e8-5ecc366cde23,  -27.817860 ,  -51.361550 ,2023-08-15 18:04:00,Brasil,RIO GRANDE DO SUL,PINHAL DA SERRA,Mata Atlântica
 1644624281 ,ab2009fe-57bd-3c6e-9fb4-aab2ac28b26a,  -29.608840 ,  -51.824800 ,2023-08-16 17:09:00,Brasil,RIO GRANDE DO SUL,FAZENDA VILANOVA,Mata Atlântica
 1644624282 ,92159df9-9892-3642-a124-c97691934ea6,  -29.608570 ,  -51.808880 ,2023-08-16 17:09:00,Brasil,RIO GRANDE DO SUL,FAZENDA VILANOVA,Mata Atlântica
 1644624283 ,963571e0-d39b-3a21-9cfe-d4cde79c06ba,  -29.543770 ,  -51.677410 ,2023-08-16 17:09:00,Brasil,RIO GRANDE DO SUL,PAVERAMA,Mata Atlântica
 1644624284 ,4afa440c-5142-3026-8155-e16d21e60d4d,  -29.444730 ,  -50.901280 ,2023-08-16 17:09:00,Brasil,RIO GRANDE DO SUL,GRAMADO,Mata Atlântica
 1644624285 ,10bc4ab7-029b-337a-b7cd-43b34a9d449c,  -29.435380 ,  -50.329560 ,2023-08-16 17:09:00,Brasil,RIO GRANDE DO SUL,SÃO FRANCISCO DE PAULA,Mata Atlântica
 1644624286 ,80b4b778-0492-3253-bb8a-5bafdd7aff8a,  -29.420000 ,  -50.295450 ,2023-08-16 17:09:00,Brasil,RIO GRANDE DO SUL,SÃO FRANCISCO DE PAULA,Mata Atlântica
 1644624287 ,4d8bc476-cad5-3d14-8ab9-08dc66b136d1,  -29.418130 ,  -50.277450 ,2023-08-16 17:09:00,Brasil,RIO GRANDE DO SUL,SÃO FRANCISCO DE PAULA,Mata Atlântica
 1644624288 ,88545461-d69c-3048-bbb7-b72e66dda013,  -29.403990 ,  -50.369840 ,2023-08-16 17:09:00,Brasil,RIO GRANDE DO SUL,SÃO FRANCISCO DE PAULA,Mata Atlântica
 1644624289 ,0aa9e03a-07f1-301b-b31b-59cd750dc114,  -29.373740 ,  -50.490010 ,2023-08-16 17:09:00,Brasil,RIO GRANDE DO SUL,SÃO FRANCISCO DE PAULA,Mata Atlântica
 1644624290 ,4e4dd761-6105-3a48-b9f4-db1e548135ee,  -29.367960 ,  -50.486100 ,2023-08-16 17:09:00,Brasil,RIO GRANDE DO SUL,SÃO FRANCISCO DE PAULA,Mata Atlântica
 1644624291 ,3498d4ba-3c89-3a74-b055-f9658534e88c,  -29.361960 ,  -50.491750 ,2023-08-16 17:09:00,Brasil,RIO GRANDE DO SUL,SÃO FRANCISCO DE PAULA,Mata Atlântica
 1644624292 ,d913896f-4750-3d25-bf4e-084745feb8c3,  -29.328380 ,  -50.514350 ,2023-08-16 17:09:00,Brasil,RIO GRANDE DO SUL,SÃO FRANCISCO DE PAULA,Mata Atlântica
 1644624293 ,ddeb1113-a68d-361d-b0f4-35a7c4735d05,  -29.239550 ,  -50.421990 ,2023-08-16 17:09:00,Brasil,RIO GRANDE DO SUL,SÃO FRANCISCO DE PAULA,Mata Atlântica
 1644624294 ,44ef02d7-336a-3c50-842d-28225cb4c501,  -29.237700 ,  -50.404010 ,2023-08-16 17:09:00,Brasil,RIO GRANDE DO SUL,SÃO FRANCISCO DE PAULA,Mata Atlântica
 1644624296 ,01914190-cf98-31a2-b937-33a51bc3a294,  -29.206540 ,  -50.104540 ,2023-08-16 17:09:00,Brasil,RIO GRANDE DO SUL,CAMBARÁ DO SUL,Mata Atlântica
 1644624297 ,098038d0-21f7-30da-958a-6993eec15721,  -29.200800 ,  -50.390820 ,2023-08-16 17:09:00,Brasil,RIO GRANDE DO SUL,SÃO FRANCISCO DE PAULA,Mata Atlântica
 1644624298 ,20e860bd-0ffa-36cd-bff1-2e7fc5f5ffbe,  -29.194050 ,  -50.396800 ,2023-08-16 17:09:00,Brasil,RIO GRANDE DO SUL,SÃO FRANCISCO DE PAULA,Mata Atlântica
 1644624299 ,eb07dfb7-0be3-36c0-b5e7-5546dc6c7862,  -29.171230 ,  -50.214190 ,2023-08-16 17:09:00,Brasil,RIO GRANDE DO SUL,CAMBARÁ DO SUL,Mata Atlântica
 1644624300 ,c288eefe-67e3-360a-ab18-724f06c9ab01,  -29.156530 ,  -50.492760 ,2023-08-16 17:09:00,Brasil,RIO GRANDE DO SUL,SÃO FRANCISCO DE PAULA,Mata Atlântica
 1644624301 ,c6e33e0d-5f22-3550-be3d-544be456ef84,  -29.135980 ,  -50.896110 ,2023-08-16 17:09:00,Brasil,RIO GRANDE DO SUL,CAXIAS DO SUL,Mata Atlântica
 1644624302 ,b3f98f63-0577-36b1-91a7-ea492d507c3e,  -29.134120 ,  -50.876550 ,2023-08-16 17:09:00,Brasil,RIO GRANDE DO SUL,CAXIAS DO SUL,Mata Atlântica
 1644624303 ,afc170d9-49b1-3e4f-8260-2086f3dfeaa2,  -29.131360 ,  -50.903810 ,2023-08-16 17:09:00,Brasil,RIO GRANDE DO SUL,CAXIAS DO SUL,Mata Atlântica
 1644624304 ,4c86ae10-b5f6-35b1-9d6c-4b686be37d6a,  -29.129370 ,  -50.884240 ,2023-08-16 17:09:00,Brasil,RIO GRANDE DO SUL,CAXIAS DO SUL,Mata Atlântica
 1644624305 ,6c764d19-388a-3123-b11d-e4cc5dc34060,  -29.128310 ,  -50.333330 ,2023-08-16 17:09:00,Brasil,RIO GRANDE DO SUL,CAMBARÁ DO SUL,Mata Atlântica
 1644624306 ,e2df0a96-fd0a-3486-b3a0-4bf1c1bdc64f,  -29.126770 ,  -50.552850 ,2023-08-16 17:09:00,Brasil,RIO GRANDE DO SUL,SÃO FRANCISCO DE PAULA,Mata Atlântica
 1644624307 ,824db71c-5427-3b26-8302-2445c10b90ef,  -29.126470 ,  -50.315530 ,2023-08-16 17:09:00,Brasil,RIO GRANDE DO SUL,CAMBARÁ DO SUL,Mata Atlântica
 1644624308 ,e0694d11-e21d-35b9-adcf-c23b14ee583a,  -29.123370 ,  -50.173050 ,2023-08-16 17:09:00,Brasil,RIO GRANDE DO SUL,CAMBARÁ DO SUL,Mata Atlântica
 1644624309 ,0a7a857a-2b71-36d1-a0a3-f4ba0fba3097,  -29.121580 ,  -50.155910 ,2023-08-16 17:09:00,Brasil,RIO GRANDE DO SUL,CAMBARÁ DO SUL,Mata Atlântica
 1644624310 ,3d782cd0-7f4e-367c-b706-f59e50445f04,  -29.096430 ,  -50.563870 ,2023-08-16 17:09:00,Brasil,RIO GRANDE DO SUL,SÃO FRANCISCO DE PAULA,Mata Atlântica
 1644624311 ,2b79e503-a0cb-33ca-afd0-baf07a583c0a,  -29.095080 ,  -50.326230 ,2023-08-16 17:09:00,Brasil,RIO GRANDE DO SUL,JAQUIRANA,Mata Atlântica
 1644624312 ,f0a76bec-5898-3e7c-8536-4758ade34014,  -29.093380 ,  -50.337510 ,2023-08-16 17:09:00,Brasil,RIO GRANDE DO SUL,JAQUIRANA,Mata Atlântica
 1644624313 ,4027da08-00a2-30ae-a56f-df2d27ce8d5d,  -29.091580 ,  -50.319590 ,2023-08-16 17:09:00,Brasil,RIO GRANDE DO SUL,JAQUIRANA,Mata Atlântica
 1644624314 ,0422e966-5684-3dde-8d97-f368fc26fa9a,  -29.042880 ,  -50.875690 ,2023-08-16 17:09:00,Brasil,RIO GRANDE DO SUL,CAXIAS DO SUL,Mata Atlântica
 1644624315 ,f9f7a02a-054f-3e82-aba1-3afbba4d560b,  -29.036850 ,  -50.861890 ,2023-08-16 17:09:00,Brasil,RIO GRANDE DO SUL,CAXIAS DO SUL,Mata Atlântica
 1644624316 ,67985751-bc90-303d-8b35-268783407d77,  -28.980320 ,  -50.908120 ,2023-08-16 17:09:00,Brasil,RIO GRANDE DO SUL,CAXIAS DO SUL,Mata Atlântica
 1644624317 ,045d7c60-5ac1-3c2f-8796-7e44783cc035,  -28.975530 ,  -50.915850 ,2023-08-16 17:09:00,Brasil,RIO GRANDE DO SUL,CAXIAS DO SUL,Mata Atlântica
 1644624318 ,c16e37a2-fb5c-38bf-b1c0-ac08e43d7d61,  -28.909410 ,  -50.291380 ,2023-08-16 17:09:00,Brasil,RIO GRANDE DO SUL,JAQUIRANA,Mata Atlântica
 1644624319 ,7f2f7051-04ae-32f3-883a-80e732110ac1,  -28.908240 ,  -50.302500 ,2023-08-16 17:09:00,Brasil,RIO GRANDE DO SUL,JAQUIRANA,Mata Atlântica
 1644624320 ,c14c4c9c-c778-3683-8553-02cab65e0aed,  -28.873280 ,  -50.800950 ,2023-08-16 17:09:00,Brasil,RIO GRANDE DO SUL,CAXIAS DO SUL,Mata Atlântica
 1644624321 ,ade61166-ee84-36a0-992c-7657304c5e5f,  -28.866010 ,  -50.796420 ,2023-08-16 17:09:00,Brasil,RIO GRANDE DO SUL,SÃO FRANCISCO DE PAULA,Mata Atlântica
 1644624322 ,491c40ec-26db-337a-b342-a8f28ab71aa3,  -28.789590 ,  -50.148530 ,2023-08-16 17:09:00,Brasil,RIO GRANDE DO SUL,SÃO JOSÉ DOS AUSENTES,Mata Atlântica
 1644624323 ,56147790-ba09-30d3-8177-11c4df728666,  -28.784440 ,  -50.098010 ,2023-08-16 17:09:00,Brasil,RIO GRANDE DO SUL,SÃO JOSÉ DOS AUSENTES,Mata Atlântica
 1644624324 ,f9402427-6bab-33fa-a486-4b314933bbe9,  -28.739840 ,  -50.318050 ,2023-08-16 17:09:00,Brasil,RIO GRANDE DO SUL,BOM JESUS,Mata Atlântica
 1644624325 ,c2f2005b-84a5-3d6c-a446-412c1ee2e554,  -28.738070 ,  -50.300790 ,2023-08-16 17:09:00,Brasil,RIO GRANDE DO SUL,BOM JESUS,Mata Atlântica
 1644624326 ,3ca48e1a-a72f-3779-b5e6-7ea9b49c9609,  -28.695410 ,  -50.103910 ,2023-08-16 17:09:00,Brasil,RIO GRANDE DO SUL,SÃO JOSÉ DOS AUSENTES,Mata Atlântica
 1644624327 ,b16fe08c-6e3d-31de-b6fb-7130e264e6f9,  -28.693980 ,  -50.096940 ,2023-08-16 17:09:00,Brasil,RIO GRANDE DO SUL,SÃO JOSÉ DOS AUSENTES,Mata Atlântica
 1644624328 ,732aa776-c8c4-3cc0-8ed1-d06a76c41ac6,  -28.690690 ,  -49.846110 ,2023-08-16 17:09:00,Brasil,RIO GRANDE DO SUL,SÃO JOSÉ DOS AUSENTES,Mata Atlântica
 1644624329 ,b587964c-a425-34b7-8bab-c309611a44c9,  -28.672320 ,  -51.090400 ,2023-08-16 17:09:00,Brasil,RIO GRANDE DO SUL,CAMPESTRE DA SERRA,Mata Atlântica
 1644624330 ,48717ad2-e0d5-3d1c-bab7-64eea548d2ff,  -28.670410 ,  -51.071220 ,2023-08-16 17:09:00,Brasil,RIO GRANDE DO SUL,CAMPESTRE DA SERRA,Mata Atlântica
 1644624331 ,781f383f-5d07-34f1-b78c-d379aef6954c,  -28.636410 ,  -49.876690 ,2023-08-16 17:09:00,Brasil,RIO GRANDE DO SUL,SÃO JOSÉ DOS AUSENTES,Mata Atlântica
 1644624332 ,983caaa6-61ec-3ba6-a850-0498f0f6d51f,  -28.632970 ,  -50.362400 ,2023-08-16 17:09:00,Brasil,RIO GRANDE DO SUL,BOM JESUS,Mata Atlântica
 1644624333 ,d6b1ca00-cb38-3523-b7a0-0d32e3d62d79,  -28.629060 ,  -50.357880 ,2023-08-16 17:09:00,Brasil,RIO GRANDE DO SUL,BOM JESUS,Mata Atlântica
 1644624335 ,2e1c55de-8532-3e5e-bf0a-20b2ec4c143f,  -28.592170 ,  -50.421030 ,2023-08-16 17:09:00,Brasil,RIO GRANDE DO SUL,BOM JESUS,Mata Atlântica
 1644624336 ,206c9192-5498-315f-a493-69d128290658,  -28.576990 ,  -50.387870 ,2023-08-16 17:09:00,Brasil,RIO GRANDE DO SUL,BOM JESUS,Mata Atlântica
 1644624337 ,c9bf4a73-fcb9-3d18-9edd-6a7ca4d0a101,  -28.549410 ,  -51.274690 ,2023-08-16 17:09:00,Brasil,RIO GRANDE DO SUL,MUITOS CAPÕES,Mata Atlântica
 1644624339 ,85dc1d21-e7fe-3e3a-b0b1-60c5ca7e086f,  -28.536050 ,  -49.996570 ,2023-08-16 17:09:00,Brasil,RIO GRANDE DO SUL,SÃO JOSÉ DOS AUSENTES,Mata Atlântica
 1644624340 ,f5e86c8b-bb1a-3fe1-bc58-effb5be7fbcf,  -28.526530 ,  -50.014600 ,2023-08-16 17:09:00,Brasil,RIO GRANDE DO SUL,SÃO JOSÉ DOS AUSENTES,Mata Atlântica
 1644624341 ,f0360a8f-e6a1-3194-bab9-12a7000870b7,  -28.524840 ,  -49.998490 ,2023-08-16 17:09:00,Brasil,RIO GRANDE DO SUL,SÃO JOSÉ DOS AUSENTES,Mata Atlântica
 1644624342 ,a982b890-239e-3a98-bc40-e3ff89236521,  -28.511930 ,  -50.528710 ,2023-08-16 17:09:00,Brasil,RIO GRANDE DO SUL,BOM JESUS,Mata Atlântica
 1644624343 ,d10e60d6-7dc1-3ce0-8826-985dcf1f037b,  -28.429580 ,  -50.491790 ,2023-08-16 17:09:00,Brasil,RIO GRANDE DO SUL,BOM JESUS,Mata Atlântica
 1644624345 ,00f34ba2-d663-3afe-a3a8-0ebbc436ed50,  -28.354420 ,  -50.764310 ,2023-08-16 17:09:00,Brasil,RIO GRANDE DO SUL,VACARIA,Mata Atlântica
 1644819682 ,95a68576-422b-3125-8815-b2828eeb5aa1,  -30.449560 ,  -51.707590 ,2023-08-17 17:49:00,Brasil,RIO GRANDE DO SUL,SERTÃO SANTANA,Pampa
 1644819683 ,f9818bd6-68ca-3242-b8ac-3f2a9d398548,  -30.409080 ,  -51.588610 ,2023-08-17 17:49:00,Brasil,RIO GRANDE DO SUL,SERTÃO SANTANA,Pampa
 1644819684 ,f832c4e1-c3b1-3c7c-8920-325f929151f2,  -30.407790 ,  -51.646180 ,2023-08-17 17:49:00,Brasil,RIO GRANDE DO SUL,SERTÃO SANTANA,Pampa
 1644819685 ,b12834fd-bea3-3adb-9755-107981abdf2e,  -30.398060 ,  -51.648250 ,2023-08-17 17:49:00,Brasil,RIO GRANDE DO SUL,MARIANA PIMENTEL,Pampa
 1644819686 ,8f44aca0-f7a0-327a-911b-b17f04b53df7,  -30.266390 ,  -53.715630 ,2023-08-17 17:49:00,Brasil,RIO GRANDE DO SUL,SÃO SEPÉ,Pampa
 1644819687 ,c3c1d086-7643-3e06-a0b9-e5ff1f1aa0cb,  -30.124550 ,  -51.855970 ,2023-08-17 17:49:00,Brasil,RIO GRANDE DO SUL,BUTIÁ,Pampa
 1644819688 ,10bebb05-8dbe-3ba8-b8e8-d0c228126b2c,  -30.098430 ,  -51.760620 ,2023-08-17 17:49:00,Brasil,RIO GRANDE DO SUL,ARROIO DOS RATOS,Pampa
 1644819689 ,cfd28093-948a-3f5a-8b8d-5030f8bb1724,  -30.084210 ,  -51.557340 ,2023-08-17 17:49:00,Brasil,RIO GRANDE DO SUL,ELDORADO DO SUL,Pampa
 1644819690 ,ce1d71ee-f5ce-3e95-9572-0d3faf82e476,  -30.072180 ,  -51.842690 ,2023-08-17 17:49:00,Brasil,RIO GRANDE DO SUL,SÃO JERÔNIMO,Pampa
 1644819691 ,9d7af0dc-2880-3329-ad34-ca358fdfe52f,  -30.070100 ,  -51.830550 ,2023-08-17 17:49:00,Brasil,RIO GRANDE DO SUL,SÃO JERÔNIMO,Pampa
 1644819692 ,3a567cd6-e88b-39b4-8aee-c19315b3e3a8,  -30.069610 ,  -51.836170 ,2023-08-17 17:49:00,Brasil,RIO GRANDE DO SUL,SÃO JERÔNIMO,Pampa
 1644819693 ,f49460a3-3ea0-3bc5-be8f-89b5136b43b1,  -29.811530 ,  -55.509770 ,2023-08-17 17:52:00,Brasil,RIO GRANDE DO SUL,ALEGRETE,Pampa
 1644819724 ,f0da44ed-74b2-3f8c-99d1-770024bd7549,  -29.845460 ,  -50.438740 ,2023-08-17 17:49:00,Brasil,RIO GRANDE DO SUL,SANTO ANTÔNIO DA PATRULHA,Mata Atlântica
 1644819725 ,93681f82-5c7e-3492-9419-835c82f774cf,  -29.633280 ,  -50.412910 ,2023-08-17 17:49:00,Brasil,RIO GRANDE DO SUL,RIOZINHO,Mata Atlântica
 1644819726 ,50aa44ae-d671-36ad-8a1a-ecb50ef7a48d,  -29.630350 ,  -50.418880 ,2023-08-17 17:49:00,Brasil,RIO GRANDE DO SUL,RIOZINHO,Mata Atlântica
 1644819727 ,76970fb0-c3eb-3ead-a599-9bf21a016130,  -29.585070 ,  -50.994450 ,2023-08-17 17:49:00,Brasil,RIO GRANDE DO SUL,SAPIRANGA,Mata Atlântica
 1644820737 ,cd222eb7-e3c6-3816-aa32-caa0e7bcd9a8,  -30.912250 ,  -52.590220 ,2023-08-17 17:49:00,Brasil,RIO GRANDE DO SUL,ENCRUZILHADA DO SUL,Pampa
 1644820738 ,779ea002-949d-3469-b845-2343add24efe,  -30.847490 ,  -52.546330 ,2023-08-17 17:49:00,Brasil,RIO GRANDE DO SUL,ENCRUZILHADA DO SUL,Pampa
 1644820739 ,877269a3-f4f1-30c8-abcf-795d1cbf9d8d,  -30.810230 ,  -53.838160 ,2023-08-17 17:49:00,Brasil,RIO GRANDE DO SUL,LAVRAS DO SUL,Pampa
 1644820740 ,79aea012-6436-36ea-b32a-57a88d567f7f,  -30.768680 ,  -51.890960 ,2023-08-17 17:49:00,Brasil,RIO GRANDE DO SUL,CAMAQUÃ,Pampa
 1644820741 ,6b458995-638c-371a-b655-fad70708a7ad,  -30.760340 ,  -52.077170 ,2023-08-17 17:49:00,Brasil,RIO GRANDE DO SUL,DOM FELICIANO,Pampa
 1644820742 ,87fbca76-0f90-34a5-bef0-cd3f89fed9e4,  -30.634060 ,  -55.085950 ,2023-08-17 17:49:00,Brasil,RIO GRANDE DO SUL,SANT'ANA DO LIVRAMENTO,Pampa
 1644820743 ,b3b084e8-9441-3d0a-9689-7b409f273081,  -30.628270 ,  -52.336510 ,2023-08-17 17:49:00,Brasil,RIO GRANDE DO SUL,DOM FELICIANO,Pampa
 1644820744 ,bb4b4a18-0fea-366f-a3ca-d8e9f412f17c,  -30.577540 ,  -51.972500 ,2023-08-17 17:49:00,Brasil,RIO GRANDE DO SUL,SÃO JERÔNIMO,Pampa
 1644820745 ,b9469ae6-2739-37df-80a4-af2f55bd5deb,  -30.475680 ,  -51.802880 ,2023-08-17 17:49:00,Brasil,RIO GRANDE DO SUL,BARÃO DO TRIUNFO,Pampa
 1644820746 ,0899b800-85ff-365b-ae51-61f978c970b1,  -30.470140 ,  -51.829270 ,2023-08-17 17:49:00,Brasil,RIO GRANDE DO SUL,BARÃO DO TRIUNFO,Pampa
 1644820748 ,9fd0beed-8ad1-3ae6-a2f9-e3c05bb4ffa4,  -29.695180 ,  -51.566720 ,2023-08-17 17:49:00,Brasil,RIO GRANDE DO SUL,MONTENEGRO,Pampa
 1644820749 ,a0ce94c9-3401-3a5a-a5c7-fde9a001eef5,  -29.675180 ,  -51.810150 ,2023-08-17 17:49:00,Brasil,RIO GRANDE DO SUL,TAQUARI,Pampa
 1644820750 ,beaaf632-54ff-3928-ba0e-ddd31fc89b31,  -29.665460 ,  -51.812470 ,2023-08-17 17:49:00,Brasil,RIO GRANDE DO SUL,TAQUARI,Pampa
 1644820751 ,d53371d8-86e7-3d96-bb54-225e5b354a74,  -29.653690 ,  -54.922650 ,2023-08-17 17:52:00,Brasil,RIO GRANDE DO SUL,SÃO FRANCISCO DE ASSIS,Pampa
 1644820752 ,edd96371-4de9-362d-a678-bf2bd241a212,  -29.634030 ,  -51.273050 ,2023-08-17 17:49:00,Brasil,RIO GRANDE DO SUL,PORTÃO,Pampa
 1644820753 ,1ea0c2a4-c559-3876-bda0-d9de21574e18,  -29.619350 ,  -51.719900 ,2023-08-17 17:49:00,Brasil,RIO GRANDE DO SUL,PAVERAMA,Pampa
 1644820754 ,3ba20107-a3e4-34e1-b075-0ace2d00a15f,  -29.356630 ,  -53.736310 ,2023-08-17 17:52:00,Brasil,RIO GRANDE DO SUL,JÚLIO DE CASTILHOS,Pampa
 1644820756 ,2b2a532c-2e37-3f28-8691-1c8e34a150eb,  -29.582810 ,  -50.981720 ,2023-08-17 17:49:00,Brasil,RIO GRANDE DO SUL,SAPIRANGA,Mata Atlântica
 1644820757 ,b7816cd5-6c79-3dc8-abb9-7c2be014c74c,  -29.578900 ,  -53.682550 ,2023-08-17 17:52:00,Brasil,RIO GRANDE DO SUL,SANTA MARIA,Mata Atlântica
 1644820758 ,f65339ff-5ad8-32b5-9fdc-2c6346e93aa1,  -29.575570 ,  -50.880690 ,2023-08-17 17:49:00,Brasil,RIO GRANDE DO SUL,NOVA HARTZ,Mata Atlântica
 1644820759 ,fc4f4687-33e6-34ec-946d-260fec2b8b10,  -29.573990 ,  -51.154840 ,2023-08-17 17:49:00,Brasil,RIO GRANDE DO SUL,IVOTI,Mata Atlântica
 1644820760 ,5a97f6d2-3618-3bcc-b107-32ae05109279,  -29.571710 ,  -51.141640 ,2023-08-17 17:49:00,Brasil,RIO GRANDE DO SUL,IVOTI,Mata Atlântica
 1644820761 ,629b7e60-2ac0-30cc-a3e8-b177b675842f,  -29.571360 ,  -53.111930 ,2023-08-17 17:52:00,Brasil,RIO GRANDE DO SUL,PARAÍSO DO SUL,Mata Atlântica
 1644820762 ,b455333c-c15f-3c53-bef8-74554368a345,  -29.570760 ,  -51.196900 ,2023-08-17 17:49:00,Brasil,RIO GRANDE DO SUL,LINDOLFO COLLOR,Mata Atlântica
 1644820763 ,5bbd16df-5ec4-3d2a-b95c-5e2b0440a5d7,  -29.548620 ,  -51.612790 ,2023-08-17 17:49:00,Brasil,RIO GRANDE DO SUL,BROCHIER,Mata Atlântica
 1644820764 ,c6a863fc-5239-3f79-ada8-6dd11c4fa9ca,  -29.484920 ,  -52.965110 ,2023-08-17 17:52:00,Brasil,RIO GRANDE DO SUL,PASSA SETE,Mata Atlântica
 1644820765 ,ef8a3282-1780-3a7a-b9c9-e04bbd8188cb,  -29.483160 ,  -52.954070 ,2023-08-17 17:52:00,Brasil,RIO GRANDE DO SUL,PASSA SETE,Mata Atlântica
 1644820766 ,c9976829-1047-37a6-b8b5-6469d92ad121,  -29.474890 ,  -52.457700 ,2023-08-17 17:52:00,Brasil,RIO GRANDE DO SUL,SINIMBU,Mata Atlântica
 1644820767 ,ab85c97d-6764-3a1b-bd9d-81ac2bcb1df1,  -29.466970 ,  -51.612090 ,2023-08-17 17:52:00,Brasil,RIO GRANDE DO SUL,POÇO DAS ANTAS,Mata Atlântica
 1644820768 ,0d10d03c-11c5-3f2b-9f8a-fca53d012687,  -29.464810 ,  -51.599320 ,2023-08-17 17:52:00,Brasil,RIO GRANDE DO SUL,POÇO DAS ANTAS,Mata Atlântica
 1644820769 ,4f1c82fc-2f3e-3cc2-a2ff-c1f3411e6620,  -29.463060 ,  -50.520530 ,2023-08-17 17:49:00,Brasil,RIO GRANDE DO SUL,SÃO FRANCISCO DE PAULA,Mata Atlântica
 1644820770 ,eb75992d-0ecb-34ee-bef0-259121db02dc,  -29.461120 ,  -53.174720 ,2023-08-17 17:52:00,Brasil,RIO GRANDE DO SUL,IBARAMA,Mata Atlântica
 1644820771 ,a185ab65-d58d-39c4-9370-27f7a7b28f41,  -29.460980 ,  -50.873410 ,2023-08-17 17:49:00,Brasil,RIO GRANDE DO SUL,GRAMADO,Mata Atlântica
 1644820772 ,e1abc7a7-9474-3e2e-a23e-5cbb6cba663c,  -29.459380 ,  -53.163840 ,2023-08-17 17:52:00,Brasil,RIO GRANDE DO SUL,IBARAMA,Mata Atlântica
 1644820773 ,9c4889f1-508a-3113-815b-4cf6a58fa1b0,  -29.452980 ,  -50.948010 ,2023-08-17 17:49:00,Brasil,RIO GRANDE DO SUL,SANTA MARIA DO HERVAL,Mata Atlântica
 1644820774 ,03763902-ed1e-3ee6-9437-f519f91b9139,  -29.452790 ,  -51.588920 ,2023-08-17 17:52:00,Brasil,RIO GRANDE DO SUL,POÇO DAS ANTAS,Mata Atlântica
 1644820775 ,d61b7212-e43e-3d72-b209-5c8c1795ebf7,  -29.421050 ,  -51.115290 ,2023-08-17 17:52:00,Brasil,RIO GRANDE DO SUL,PICADA CAFÉ,Mata Atlântica
 1644820776 ,b829761f-bb93-3d4b-8ad3-d2a4327cd0f3,  -29.397240 ,  -50.676760 ,2023-08-17 17:49:00,Brasil,RIO GRANDE DO SUL,CANELA,Mata Atlântica
 1644820777 ,4a6ee981-997d-333e-9971-5e1d70d9a4fa,  -29.348610 ,  -50.402600 ,2023-08-17 17:49:00,Brasil,RIO GRANDE DO SUL,SÃO FRANCISCO DE PAULA,Mata Atlântica
 1644820778 ,ba54ef6b-c338-3e12-b040-2fc14ecbe1af,  -29.345630 ,  -50.570220 ,2023-08-17 17:52:00,Brasil,RIO GRANDE DO SUL,SÃO FRANCISCO DE PAULA,Mata Atlântica
 1644820779 ,f836ee32-f8a8-3391-8ab0-c9e965bcd927,  -29.276970 ,  -50.577510 ,2023-08-17 17:52:00,Brasil,RIO GRANDE DO SUL,SÃO FRANCISCO DE PAULA,Mata Atlântica
 1644820780 ,347914cb-4553-3b1a-9602-e288711e8a4e,  -29.277180 ,  -50.517010 ,2023-08-17 17:52:00,Brasil,RIO GRANDE DO SUL,SÃO FRANCISCO DE PAULA,Mata Atlântica
 1644820781 ,11a2c4f3-f03a-360c-9da1-6ab6ebb31691,  -29.269090 ,  -50.594660 ,2023-08-17 17:52:00,Brasil,RIO GRANDE DO SUL,SÃO FRANCISCO DE PAULA,Mata Atlântica
 1644820782 ,0f218882-6d9b-3ffa-bbc6-efa4f3e489cf,  -29.202130 ,  -50.160490 ,2023-08-17 17:52:00,Brasil,RIO GRANDE DO SUL,CAMBARÁ DO SUL,Mata Atlântica
 1644820783 ,07ea1c54-aa64-309d-aeb6-da88ac482cb0,  -29.193750 ,  -50.114270 ,2023-08-17 17:52:00,Brasil,RIO GRANDE DO SUL,CAMBARÁ DO SUL,Mata Atlântica
 1644820784 ,3e876912-05c3-3025-a302-62e94c3443e4,  -29.190470 ,  -50.739030 ,2023-08-17 17:52:00,Brasil,RIO GRANDE DO SUL,SÃO FRANCISCO DE PAULA,Mata Atlântica
 1644820785 ,c11cf932-c9b8-3ca2-b91c-166d141152e5,  -29.187940 ,  -50.724810 ,2023-08-17 17:52:00,Brasil,RIO GRANDE DO SUL,SÃO FRANCISCO DE PAULA,Mata Atlântica
 1644820787 ,e3d5755c-ccc0-329d-9150-f0c44df9ac93,  -29.166950 ,  -50.152880 ,2023-08-17 17:52:00,Brasil,RIO GRANDE DO SUL,CAMBARÁ DO SUL,Mata Atlântica
 1644820788 ,03a67059-4029-3e6e-8cc5-11b5336648fe,  -29.143380 ,  -50.930800 ,2023-08-17 17:52:00,Brasil,RIO GRANDE DO SUL,CAXIAS DO SUL,Mata Atlântica
 1644820789 ,c10f063b-9106-3f3f-b522-16b7494aa185,  -29.138660 ,  -50.572010 ,2023-08-17 17:52:00,Brasil,RIO GRANDE DO SUL,SÃO FRANCISCO DE PAULA,Mata Atlântica
 1644820790 ,86a1c8bf-337f-3675-9f16-91b5374a1ca4,  -29.136130 ,  -50.889640 ,2023-08-17 17:52:00,Brasil,RIO GRANDE DO SUL,CAXIAS DO SUL,Mata Atlântica
 1644820791 ,253d3c8d-0825-3b2c-97ba-84ccc7ed9da6,  -29.121690 ,  -50.170590 ,2023-08-17 17:52:00,Brasil,RIO GRANDE DO SUL,CAMBARÁ DO SUL,Mata Atlântica
 1644820792 ,e6d9ee91-d617-3c47-9397-cebcbe084736,  -29.118900 ,  -50.155090 ,2023-08-17 17:52:00,Brasil,RIO GRANDE DO SUL,CAMBARÁ DO SUL,Mata Atlântica
 1644821128 ,9646f22b-59ec-3ef6-b830-1c1ab7220a7d,  -29.111830 ,  -50.629260 ,2023-08-17 17:52:00,Brasil,RIO GRANDE DO SUL,SÃO FRANCISCO DE PAULA,Mata Atlântica
 1644821132 ,c2ba6bec-b558-3ff8-a6ed-52e9e6a399ac,  -29.067580 ,  -50.970130 ,2023-08-17 17:52:00,Brasil,RIO GRANDE DO SUL,CAXIAS DO SUL,Mata Atlântica
 1644821129 ,9900ad88-6dcd-3499-ac42-f3361f26f493,  -29.108120 ,  -50.157860 ,2023-08-17 17:52:00,Brasil,RIO GRANDE DO SUL,CAMBARÁ DO SUL,Mata Atlântica
 1644821130 ,db741ce5-f5ea-3266-bfd6-b9a698cd1571,  -29.101520 ,  -50.571030 ,2023-08-17 17:52:00,Brasil,RIO GRANDE DO SUL,SÃO FRANCISCO DE PAULA,Mata Atlântica
 1644821131 ,b1e018ad-90f2-32d2-905d-8973feae45f7,  -29.090100 ,  -50.305390 ,2023-08-17 17:52:00,Brasil,RIO GRANDE DO SUL,JAQUIRANA,Mata Atlântica
 1644821133 ,4c032c58-4f35-3be4-b6a5-ed39013c2544,  -29.066950 ,  -52.963150 ,2023-08-17 17:52:00,Brasil,RIO GRANDE DO SUL,JACUIZINHO,Mata Atlântica
 1644821134 ,00e784da-18c9-34f0-b87c-7e8285aab414,  -29.054180 ,  -50.552140 ,2023-08-17 17:52:00,Brasil,RIO GRANDE DO SUL,SÃO FRANCISCO DE PAULA,Mata Atlântica
 1644821135 ,98ff13db-b6bc-301d-997b-17d3bc47e506,  -29.051550 ,  -50.537580 ,2023-08-17 17:52:00,Brasil,RIO GRANDE DO SUL,SÃO FRANCISCO DE PAULA,Mata Atlântica
 1644821136 ,27f3f76e-da51-3bd3-a77d-819c954dbfca,  -29.046220 ,  -50.629530 ,2023-08-17 17:52:00,Brasil,RIO GRANDE DO SUL,SÃO FRANCISCO DE PAULA,Mata Atlântica
 1644821137 ,fe4eb1bd-7561-372f-81b9-c7c4bdacb21f,  -29.014680 ,  -50.792500 ,2023-08-17 17:52:00,Brasil,RIO GRANDE DO SUL,SÃO FRANCISCO DE PAULA,Mata Atlântica
 1644821138 ,67fcf8d9-c7a6-365f-ab27-e7ae7ed9814d,  -28.964650 ,  -50.245260 ,2023-08-17 17:52:00,Brasil,RIO GRANDE DO SUL,CAMBARÁ DO SUL,Mata Atlântica
 1644821139 ,481e8389-028b-3fa8-a081-f271c05e5aca,  -28.952410 ,  -50.748410 ,2023-08-17 17:52:00,Brasil,RIO GRANDE DO SUL,SÃO FRANCISCO DE PAULA,Mata Atlântica
 1644821140 ,34c379bd-2d4d-3be3-b7c8-3feab67907d2,  -28.930620 ,  -50.386630 ,2023-08-17 17:52:00,Brasil,RIO GRANDE DO SUL,JAQUIRANA,Mata Atlântica
 1644821141 ,ba944771-3a97-3a0e-8d0e-10f5816c005a,  -28.909850 ,  -51.004790 ,2023-08-17 17:52:00,Brasil,RIO GRANDE DO SUL,CAXIAS DO SUL,Mata Atlântica
 1644821142 ,13fe7e9f-e918-308a-a8c4-6a800f667e79,  -28.908310 ,  -50.202770 ,2023-08-17 17:52:00,Brasil,RIO GRANDE DO SUL,JAQUIRANA,Mata Atlântica
 1644821143 ,e2c9b1d8-5268-381d-9bcb-22ae6877f0f6,  -28.719790 ,  -50.309500 ,2023-08-17 17:52:00,Brasil,RIO GRANDE DO SUL,BOM JESUS,Mata Atlântica
 1644821144 ,d737ee03-75ed-3fe2-9a78-ba8cd9cc69a5,  -28.687000 ,  -50.633550 ,2023-08-17 17:52:00,Brasil,RIO GRANDE DO SUL,BOM JESUS,Mata Atlântica
 1644821160 ,fd18131d-7e26-3733-b072-c22cb043a3ed,  -28.848320 ,  -50.960150 ,2023-08-17 17:52:00,Brasil,RIO GRANDE DO SUL,CAXIAS DO SUL,Mata Atlântica
 1644821161 ,63f723b9-ea37-3f96-bff6-11059f2b36e0,  -28.845900 ,  -50.946510 ,2023-08-17 17:52:00,Brasil,RIO GRANDE DO SUL,CAXIAS DO SUL,Mata Atlântica
 1644821162 ,ee3b1798-0f6a-3e53-8dcf-6665341a8c0a,  -28.817710 ,  -50.909480 ,2023-08-17 17:52:00,Brasil,RIO GRANDE DO SUL,CAXIAS DO SUL,Mata Atlântica
 1644821164 ,59884b1d-5500-3b04-84ae-152cedf7115a,  -28.781790 ,  -50.403850 ,2023-08-17 17:52:00,Brasil,RIO GRANDE DO SUL,BOM JESUS,Mata Atlântica
 1644821165 ,3ea3df90-f86a-3074-abff-cd8af7c362f4,  -28.744550 ,  -49.937400 ,2023-08-17 17:52:00,Brasil,RIO GRANDE DO SUL,SÃO JOSÉ DOS AUSENTES,Mata Atlântica
 1644821166 ,82b6d261-0251-32d4-bd94-c3d44fe62717,  -28.730580 ,  -50.306960 ,2023-08-17 17:52:00,Brasil,RIO GRANDE DO SUL,BOM JESUS,Mata Atlântica
 1644821167 ,e0eeabd0-24e1-39a1-ad6b-40de1b676b30,  -28.722440 ,  -49.942600 ,2023-08-17 17:52:00,Brasil,RIO GRANDE DO SUL,SÃO JOSÉ DOS AUSENTES,Mata Atlântica
 1644821168 ,fcfd3398-9d29-38bf-bc2b-2f166b9e464e,  -28.719370 ,  -49.933120 ,2023-08-17 17:52:00,Brasil,RIO GRANDE DO SUL,SÃO JOSÉ DOS AUSENTES,Mata Atlântica
 1644821171 ,6bb239d6-3ed2-389d-b2fb-ea0a4015ab2f,  -28.696500 ,  -49.871210 ,2023-08-17 17:52:00,Brasil,RIO GRANDE DO SUL,SÃO JOSÉ DOS AUSENTES,Mata Atlântica
 1644821172 ,4bd26a61-a702-3e49-bda6-62507a5d5ee9,  -28.687070 ,  -50.572880 ,2023-08-17 17:52:00,Brasil,RIO GRANDE DO SUL,BOM JESUS,Mata Atlântica
 1644821173 ,ab4dcfe5-22b3-3934-b0e5-5dab81a3ef72,  -28.685380 ,  -49.873790 ,2023-08-17 17:52:00,Brasil,RIO GRANDE DO SUL,SÃO JOSÉ DOS AUSENTES,Mata Atlântica
 1644821174 ,674ae470-6ea9-30ab-b1e6-aa1ee713aebe,  -28.684430 ,  -50.619340 ,2023-08-17 17:52:00,Brasil,RIO GRANDE DO SUL,BOM JESUS,Mata Atlântica
 1644821175 ,39164796-3ff9-3647-b5cf-0375b90e39b6,  -28.665070 ,  -50.013610 ,2023-08-17 17:52:00,Brasil,RIO GRANDE DO SUL,SÃO JOSÉ DOS AUSENTES,Mata Atlântica
 1644821176 ,c004e587-1ef2-363d-9bfc-2573cc5fb692,  -28.656010 ,  -51.321140 ,2023-08-17 17:52:00,Brasil,RIO GRANDE DO SUL,IPÊ,Mata Atlântica
 1644821177 ,6c3cf0b0-944b-3b6b-84e6-f81cf2af5a88,  -28.624570 ,  -50.805680 ,2023-08-17 17:52:00,Brasil,RIO GRANDE DO SUL,MONTE ALEGRE DOS CAMPOS,Mata Atlântica
 1644821178 ,25e26dd3-0883-3043-bde7-c30a9f5c2280,  -28.602330 ,  -53.460610 ,2023-08-17 17:52:00,Brasil,RIO GRANDE DO SUL,CRUZ ALTA,Mata Atlântica
 1644821179 ,93e8d420-c221-3b1b-a246-386ee6429113,  -28.600610 ,  -53.449830 ,2023-08-17 17:52:00,Brasil,RIO GRANDE DO SUL,CRUZ ALTA,Mata Atlântica
 1644821180 ,b9814dda-59c1-356d-a6e1-e1bcef70c037,  -28.561810 ,  -50.149150 ,2023-08-17 17:52:00,Brasil,RIO GRANDE DO SUL,BOM JESUS,Mata Atlântica
 1644821181 ,c4107e90-7b2d-33bf-b3d7-9107bae29d3c,  -28.556490 ,  -50.631270 ,2023-08-17 17:52:00,Brasil,RIO GRANDE DO SUL,BOM JESUS,Mata Atlântica
 1644821182 ,d8c3c58e-2589-3430-82f7-8ae15c8358b5,  -28.554860 ,  -51.337030 ,2023-08-17 17:52:00,Brasil,RIO GRANDE DO SUL,MUITOS CAPÕES,Mata Atlântica
 1644821183 ,ddc4046d-08ce-37ca-9fa6-440ff93346a8,  -28.546920 ,  -49.996590 ,2023-08-17 17:52:00,Brasil,RIO GRANDE DO SUL,SÃO JOSÉ DOS AUSENTES,Mata Atlântica
 1644821184 ,c2b6ef1c-2972-34b6-8694-c22a8a1d2b10,  -28.543920 ,  -49.987240 ,2023-08-17 17:52:00,Brasil,RIO GRANDE DO SUL,SÃO JOSÉ DOS AUSENTES,Mata Atlântica
 1644821185 ,15c15374-d645-3469-aaa1-d55d02b4f7de,  -28.543850 ,  -49.980320 ,2023-08-17 17:52:00,Brasil,RIO GRANDE DO SUL,SÃO JOSÉ DOS AUSENTES,Mata Atlântica
 1644821189 ,5484d44f-800f-3b70-9aed-3df62e03721a,  -28.487390 ,  -50.117450 ,2023-08-17 17:52:00,Brasil,RIO GRANDE DO SUL,BOM JESUS,Mata Atlântica
 1644821190 ,2078497e-97f5-3d2f-81c6-8fbc91b4d1e6,  -28.466050 ,  -50.560140 ,2023-08-17 17:52:00,Brasil,RIO GRANDE DO SUL,BOM JESUS,Mata Atlântica
 1644821193 ,83ef01c8-d6cf-3d3f-ad7d-b20a87eea983,  -28.441430 ,  -50.634130 ,2023-08-17 17:52:00,Brasil,RIO GRANDE DO SUL,BOM JESUS,Mata Atlântica
 1644821194 ,91b785fb-a298-32f4-aee4-6676491fcb87,  -28.422760 ,  -50.591940 ,2023-08-17 17:52:00,Brasil,RIO GRANDE DO SUL,BOM JESUS,Mata Atlântica
 1644821216 ,fb3fa93d-a12a-3fa3-aacf-684513eb15a9,  -27.868340 ,  -51.402900 ,2023-08-17 17:52:00,Brasil,RIO GRANDE DO SUL,BARRACÃO,Mata Atlântica
 1644821217 ,3f173e1c-16b2-3513-89ab-ea6630d647b0,  -27.867230 ,  -51.410400 ,2023-08-17 17:52:00,Brasil,RIO GRANDE DO SUL,BARRACÃO,Mata Atlântica
 1644821218 ,95263a1b-3d37-3cf1-825b-49212043158f,  -27.830480 ,  -51.368950 ,2023-08-17 17:52:00,Brasil,RIO GRANDE DO SUL,PINHAL DA SERRA,Mata Atlântica
 1644821220 ,0bd5d1a8-d4ec-36b0-999c-86783636a082,  -27.820190 ,  -51.371170 ,2023-08-17 17:52:00,Brasil,RIO GRANDE DO SUL,BARRACÃO,Mata Atlântica
 1644821240 ,8b4a69df-0a76-315f-8840-0fe001da3f2f,  -27.404210 ,  -52.479710 ,2023-08-17 17:52:00,Brasil,RIO GRANDE DO SUL,ITATIBA DO SUL,Mata Atlântica
 1644821241 ,8c74fc3c-163a-3efd-88ca-9f654bb6ff4d,  -27.402200 ,  -52.467840 ,2023-08-17 17:52:00,Brasil,RIO GRANDE DO SUL,ITATIBA DO SUL,Mata Atlântica
 1644821242 ,84d57697-fc75-39c1-820f-f120249dc720,  -27.402050 ,  -52.473260 ,2023-08-17 17:52:00,Brasil,RIO GRANDE DO SUL,ITATIBA DO SUL,Mata Atlântica
 1644821243 ,45565544-4a02-3848-8253-8b647ce4aabe,  -27.359500 ,  -52.903380 ,2023-08-17 17:52:00,Brasil,RIO GRANDE DO SUL,NONOAI,Mata Atlântica
 1644821244 ,8b0de49e-5333-3879-bae8-fda2cceb31e6,  -27.357610 ,  -52.891760 ,2023-08-17 17:52:00,Brasil,RIO GRANDE DO SUL,NONOAI,Mata Atlântica
 1644821245 ,083383e7-e31f-3ae4-b6e2-03bbd48edc27,  -27.327120 ,  -52.886410 ,2023-08-17 17:52:00,Brasil,RIO GRANDE DO SUL,NONOAI,Mata Atlântica
 1644821246 ,b17d0669-e9a2-3a5b-af42-4a3050a59aab,  -27.306360 ,  -53.201320 ,2023-08-17 17:52:00,Brasil,RIO GRANDE DO SUL,PLANALTO,Mata Atlântica
 1645206168 ,01768b97-69aa-3a77-ac83-de92c5a2355e,  -29.669980 ,  -55.286170 ,2023-08-19 17:37:00,Brasil,RIO GRANDE DO SUL,ALEGRETE,Pampa
 1645206196 ,42be72a2-4420-3ca9-b76e-79601ec5ed79,  -29.065980 ,  -50.250290 ,2023-08-19 17:37:00,Brasil,RIO GRANDE DO SUL,JAQUIRANA,Mata Atlântica
 1645206197 ,659bbf51-15c9-3758-b6c8-29aa7a4a4099,  -29.091030 ,  -50.352700 ,2023-08-19 17:37:00,Brasil,RIO GRANDE DO SUL,JAQUIRANA,Mata Atlântica
 1645206198 ,c0eba14b-382a-3013-8f21-0556a65be8a8,  -29.031460 ,  -50.754990 ,2023-08-19 17:37:00,Brasil,RIO GRANDE DO SUL,SÃO FRANCISCO DE PAULA,Mata Atlântica
 1645622374 ,b1d45535-cb40-30ee-8b07-2606dbf26da9,  -29.324540 ,  -50.283890 ,2023-08-21 17:22:00,Brasil,RIO GRANDE DO SUL,SÃO FRANCISCO DE PAULA,Mata Atlântica
 1645622375 ,8deecbb1-7d57-3e49-a85a-9727f1377fc7,  -29.323060 ,  -50.272210 ,2023-08-21 17:22:00,Brasil,RIO GRANDE DO SUL,SÃO FRANCISCO DE PAULA,Mata Atlântica
 1645622376 ,c6e80f14-c79d-36bf-b1c8-53a74c15968c,  -29.205120 ,  -50.213700 ,2023-08-21 17:22:00,Brasil,RIO GRANDE DO SUL,CAMBARÁ DO SUL,Mata Atlântica
 1645622377 ,2b092e95-2e3f-3ed9-8134-1d1d4b933f89,  -28.853620 ,  -50.179170 ,2023-08-21 17:22:00,Brasil,RIO GRANDE DO SUL,CAMBARÁ DO SUL,Mata Atlântica
 1645622378 ,8a99bac1-9818-3f61-95ae-806e9e6f3530,  -28.852140 ,  -50.167710 ,2023-08-21 17:22:00,Brasil,RIO GRANDE DO SUL,CAMBARÁ DO SUL,Mata Atlântica
 1645622379 ,9cd4cf30-7ea8-3d6e-a421-0d5e852a370e,  -28.781630 ,  -50.144130 ,2023-08-21 17:22:00,Brasil,RIO GRANDE DO SUL,SÃO JOSÉ DOS AUSENTES,Mata Atlântica
 1645622380 ,f4708f42-c606-3e78-a210-7e74a9b667df,  -28.775690 ,  -50.140310 ,2023-08-21 17:22:00,Brasil,RIO GRANDE DO SUL,SÃO JOSÉ DOS AUSENTES,Mata Atlântica
 1645622381 ,e0ad2519-a512-3123-a016-5e0bd2eac72b,  -28.750660 ,  -49.948930 ,2023-08-21 17:22:00,Brasil,RIO GRANDE DO SUL,SÃO JOSÉ DOS AUSENTES,Mata Atlântica
 1645622382 ,accff59e-2070-3cb0-980a-bfca96590784,  -28.549650 ,  -49.763050 ,2023-08-21 17:22:00,Brasil,RIO GRANDE DO SUL,SÃO JOSÉ DOS AUSENTES,Mata Atlântica
 1645622383 ,594ea722-858e-316d-98c4-65ffae9bdc37,  -28.542260 ,  -49.759880 ,2023-08-21 17:22:00,Brasil,RIO GRANDE DO SUL,SÃO JOSÉ DOS AUSENTES,Mata Atlântica
 1645622386 ,f2eaf516-f3ec-3a31-9236-56a10ca48073,  -29.685280 ,  -50.395590 ,2023-08-21 17:22:00,Brasil,RIO GRANDE DO SUL,RIOZINHO,Mata Atlântica
 1645622387 ,f5e3c5d1-05df-368a-8c8c-1fde19d06d85,  -29.619880 ,  -49.953530 ,2023-08-21 17:22:00,Brasil,RIO GRANDE DO SUL,CAPÃO DA CANOA,Pampa
 1645622449 ,bc7aa04a-a5a9-3d3e-822b-d89ed93bd878,  -29.373270 ,  -50.486540 ,2023-08-21 17:22:00,Brasil,RIO GRANDE DO SUL,SÃO FRANCISCO DE PAULA,Mata Atlântica
 1645622450 ,b51fa077-f279-3552-9b31-beb9fc64ee2b,  -29.260480 ,  -50.419490 ,2023-08-21 17:22:00,Brasil,RIO GRANDE DO SUL,SÃO FRANCISCO DE PAULA,Mata Atlântica
 1645622451 ,a07d8194-f201-3408-89a0-f1392b691f33,  -29.165150 ,  -50.394050 ,2023-08-21 17:22:00,Brasil,RIO GRANDE DO SUL,SÃO FRANCISCO DE PAULA,Mata Atlântica
 1645622452 ,ef02665a-8773-31dd-b27c-7881740ed7f9,  -29.134890 ,  -50.544090 ,2023-08-21 17:22:00,Brasil,RIO GRANDE DO SUL,SÃO FRANCISCO DE PAULA,Mata Atlântica
 1645622453 ,724931dd-4721-3fd2-bd87-c1d0d411b5ca,  -29.056520 ,  -50.808770 ,2023-08-21 17:22:00,Brasil,RIO GRANDE DO SUL,SÃO FRANCISCO DE PAULA,Mata Atlântica
 1645622454 ,c4f1b385-b287-3b9f-8c12-d9aac4465920,  -29.046750 ,  -50.810440 ,2023-08-21 17:22:00,Brasil,RIO GRANDE DO SUL,SÃO FRANCISCO DE PAULA,Mata Atlântica
 1645622455 ,b1d48837-3173-362f-ad94-61429646c0fa,  -28.574430 ,  -50.610470 ,2023-08-21 17:22:00,Brasil,RIO GRANDE DO SUL,BOM JESUS,Mata Atlântica
 1645622456 ,e7405df6-4606-325b-beda-43e7dab62503,  -28.544260 ,  -50.548770 ,2023-08-21 17:22:00,Brasil,RIO GRANDE DO SUL,BOM JESUS,Mata Atlântica
 1645622457 ,65364c85-414f-3981-b3c3-b59ee8636327,  -28.450550 ,  -50.691060 ,2023-08-21 17:22:00,Brasil,RIO GRANDE DO SUL,BOM JESUS,Mata Atlântica
 1645622458 ,2da8f147-b3f3-393e-8cf4-966f54fe86c7,  -28.449040 ,  -50.679080 ,2023-08-21 17:22:00,Brasil,RIO GRANDE DO SUL,BOM JESUS,Mata Atlântica
 1645622460 ,820ea4be-483f-3a84-a328-7a6fe88af197,  -30.447190 ,  -51.787060 ,2023-08-21 17:22:00,Brasil,RIO GRANDE DO SUL,BARÃO DO TRIUNFO,Pampa
 1645622461 ,f06501d4-e973-379d-88b8-3ff21c0a7e05,  -30.397160 ,  -51.497580 ,2023-08-21 17:22:00,Brasil,RIO GRANDE DO SUL,MARIANA PIMENTEL,Pampa
 1645622462 ,2805625a-41e3-3b90-9fb4-b2e5532412af,  -29.613440 ,  -51.579880 ,2023-08-21 17:22:00,Brasil,RIO GRANDE DO SUL,MONTENEGRO,Pampa
 1645622499 ,8bee2b20-2004-3225-a711-22bb374abfdd,  -29.230140 ,  -52.653970 ,2023-08-21 17:22:00,Brasil,RIO GRANDE DO SUL,BARROS CASSAL,Mata Atlântica
 1645622500 ,4629b74e-4bd5-317e-84e7-c4c44b5bfc67,  -30.557670 ,  -52.722010 ,2023-08-21 17:22:00,Brasil,RIO GRANDE DO SUL,ENCRUZILHADA DO SUL,Pampa
 1645622501 ,9900e4ed-8428-3dc3-b70f-9f2a45124b6c,  -30.555920 ,  -52.705070 ,2023-08-21 17:22:00,Brasil,RIO GRANDE DO SUL,ENCRUZILHADA DO SUL,Pampa
 1645622502 ,146bd524-e047-3964-9665-702b8f33ea20,  -30.545180 ,  -52.713630 ,2023-08-21 17:22:00,Brasil,RIO GRANDE DO SUL,ENCRUZILHADA DO SUL,Pampa
 1645622503 ,0285f91c-5121-3f02-b6cb-7fe1b596f3c9,  -30.544690 ,  -52.706700 ,2023-08-21 17:22:00,Brasil,RIO GRANDE DO SUL,ENCRUZILHADA DO SUL,Pampa
 1645622504 ,6031925d-733c-363a-9252-dd0cc0ba4f29,  -30.470950 ,  -52.657780 ,2023-08-21 17:22:00,Brasil,RIO GRANDE DO SUL,ENCRUZILHADA DO SUL,Pampa
 1645856565 ,77864fd4-22a7-3eeb-8c23-801140578198,  -29.638800 ,  -52.199670 ,2023-08-22 18:04:00,Brasil,RIO GRANDE DO SUL,VENÂNCIO AIRES,Mata Atlântica
 1645856575 ,cc9813c7-b9a3-3b2b-a272-5a03d3321634,  -29.460890 ,  -54.015840 ,2023-08-22 18:04:00,Brasil,RIO GRANDE DO SUL,SÃO MARTINHO DA SERRA,Pampa
 1645856576 ,7ea8b60d-95c7-32e5-acdd-e68d40b6e326,  -29.814880 ,  -54.343440 ,2023-08-22 18:04:00,Brasil,RIO GRANDE DO SUL,CACEQUI,Pampa
 1645856577 ,100cb50a-755f-33fa-83dd-55564f19058d,  -29.807870 ,  -54.350590 ,2023-08-22 18:04:00,Brasil,RIO GRANDE DO SUL,CACEQUI,Pampa
 1645856592 ,b522f506-abc9-3262-bda4-528c6b488e64,  -28.219950 ,  -54.865610 ,2023-08-22 18:04:00,Brasil,RIO GRANDE DO SUL,ROLADOR,Mata Atlântica
 1645856593 ,52b9a25b-ac11-3e20-9852-c881eab0c3c3,  -28.344010 ,  -55.607390 ,2023-08-22 18:04:00,Brasil,RIO GRANDE DO SUL,GARRUCHOS,Pampa
 1645856594 ,9ea77869-6b5b-3817-9cbb-a474f4ca406e,  -30.103210 ,  -55.872720 ,2023-08-22 18:04:00,Brasil,RIO GRANDE DO SUL,ALEGRETE,Pampa
 1646124680 ,cef3a7b1-1741-3a77-8876-906ebea5f315,  -29.101180 ,  -50.016940 ,2023-08-23 17:07:00,Brasil,RIO GRANDE DO SUL,CAMBARÁ DO SUL,Mata Atlântica
 1646124792 ,cbf51217-c3e7-3723-9293-ebdd2be88eca,  -28.071600 ,  -51.108170 ,2023-08-23 17:07:00,Brasil,RIO GRANDE DO SUL,ESMERALDA,Mata Atlântica
 1646124795 ,968f72cc-a74b-3215-8588-cb7a0fd37e69,  -28.917230 ,  -50.736960 ,2023-08-23 17:07:00,Brasil,RIO GRANDE DO SUL,SÃO FRANCISCO DE PAULA,Mata Atlântica
 1646124796 ,14f0dcaf-308b-3af1-8ac5-cd2897a0ce3f,  -28.915330 ,  -50.742090 ,2023-08-23 17:07:00,Brasil,RIO GRANDE DO SUL,SÃO FRANCISCO DE PAULA,Mata Atlântica
 1646321279 ,cdcf79f6-919c-3df4-af90-da79762cd63f,  -28.964630 ,  -53.042550 ,2023-08-24 17:49:00,Brasil,RIO GRANDE DO SUL,CAMPOS BORGES,Mata Atlântica
 1646321280 ,36e564d4-69e0-391c-b094-5cbd1d16da99,  -29.462880 ,  -53.041810 ,2023-08-24 17:49:00,Brasil,RIO GRANDE DO SUL,LAGOA BONITA DO SUL,Mata Atlântica
 1646321281 ,20903754-4dbe-3928-831e-0dcd12fec7c3,  -29.453780 ,  -53.043810 ,2023-08-24 17:49:00,Brasil,RIO GRANDE DO SUL,SOBRADINHO,Mata Atlântica
 1646321282 ,04d21013-d7dd-3d17-92ce-54fb76f968cf,  -30.612530 ,  -52.613420 ,2023-08-24 17:49:00,Brasil,RIO GRANDE DO SUL,ENCRUZILHADA DO SUL,Pampa
 1646321283 ,8a365ac3-f58d-3a73-b3c8-9faed86098df,  -30.204050 ,  -53.123170 ,2023-08-24 17:49:00,Brasil,RIO GRANDE DO SUL,CACHOEIRA DO SUL,Pampa
 1646321284 ,f908505e-4c22-3265-af17-b698455b6910,  -30.463130 ,  -52.657310 ,2023-08-24 17:49:00,Brasil,RIO GRANDE DO SUL,ENCRUZILHADA DO SUL,Pampa
 1646321285 ,6ad212c7-e0b8-3d29-85a4-91e78518e1fe,  -30.464830 ,  -52.668140 ,2023-08-24 17:49:00,Brasil,RIO GRANDE DO SUL,ENCRUZILHADA DO SUL,Pampa
 1646321286 ,fbd8d763-2438-3012-9627-8e5b2bae2ac7,  -31.825810 ,  -53.056090 ,2023-08-24 17:49:00,Brasil,RIO GRANDE DO SUL,PIRATINI,Pampa
 1646321287 ,fc6e12c0-7793-37ca-89d9-02341e3c5d1b,  -32.406460 ,  -53.547180 ,2023-08-24 17:49:00,Brasil,RIO GRANDE DO SUL,JAGUARÃO,Pampa
 1646321288 ,eb79437a-091f-3b48-a1e9-9f4b1d96dfe8,  -32.373720 ,  -53.575700 ,2023-08-24 17:49:00,Brasil,RIO GRANDE DO SUL,JAGUARÃO,Pampa
 1646321289 ,1b177260-f08b-300b-9cbb-f2c06d4acc4a,  -32.375260 ,  -53.586260 ,2023-08-24 17:49:00,Brasil,RIO GRANDE DO SUL,JAGUARÃO,Pampa
 1646321502 ,e6b8e014-0385-32ac-b3d2-086101e40852,  -28.862970 ,  -53.821130 ,2023-08-24 17:49:00,Brasil,RIO GRANDE DO SUL,TUPANCIRETÃ,Pampa
 1646321503 ,ccdeff88-aa0d-3522-a92e-b428cc1f7845,  -30.529780 ,  -54.385710 ,2023-08-24 17:49:00,Brasil,RIO GRANDE DO SUL,SÃO GABRIEL,Pampa
 1646321504 ,fd2e8954-2d44-3e3c-a4aa-dc29e0b4ea98,  -30.046560 ,  -54.738510 ,2023-08-24 17:49:00,Brasil,RIO GRANDE DO SUL,ROSÁRIO DO SUL,Pampa
 1646579813 ,ba01f40a-e813-3b55-8685-13dbb5d559cb,  -31.120330 ,  -53.359240 ,2023-08-25 18:30:00,Brasil,RIO GRANDE DO SUL,PINHEIRO MACHADO,Pampa
 1646800176 ,9ad1889c-d8fd-3086-a019-40e1ceeda188,  -31.558350 ,  -52.910930 ,2023-08-26 17:34:00,Brasil,RIO GRANDE DO SUL,CANGUÇU,Pampa
 1646800177 ,9efb2706-04a5-3901-bc82-349ad25e6a80,  -30.934480 ,  -52.473760 ,2023-08-26 17:34:00,Brasil,RIO GRANDE DO SUL,CANGUÇU,Pampa
 1646800178 ,ff9f7f8a-d132-3a71-b681-5749f3d431bf,  -30.933040 ,  -52.462460 ,2023-08-26 17:34:00,Brasil,RIO GRANDE DO SUL,CANGUÇU,Pampa
 1646800179 ,84234151-a60b-3da9-8324-57a9caceb5d5,  -30.925150 ,  -52.475440 ,2023-08-26 17:34:00,Brasil,RIO GRANDE DO SUL,CANGUÇU,Pampa
 1646800180 ,0d698813-f5bb-3d72-93df-1fe110580b09,  -30.635050 ,  -52.549800 ,2023-08-26 17:34:00,Brasil,RIO GRANDE DO SUL,ENCRUZILHADA DO SUL,Pampa
 1646800181 ,0a20401e-76b5-3279-a05d-086a0db2e49b,  -30.259160 ,  -51.732010 ,2023-08-26 17:34:00,Brasil,RIO GRANDE DO SUL,ARROIO DOS RATOS,Pampa
 1646800182 ,08e5de38-2c7d-3c16-b077-b0b178865938,  -30.129360 ,  -51.859300 ,2023-08-26 17:34:00,Brasil,RIO GRANDE DO SUL,BUTIÁ,Pampa
 1646800183 ,365023c1-b4e6-30e8-943d-37efd648f91d,  -30.127920 ,  -51.848670 ,2023-08-26 17:34:00,Brasil,RIO GRANDE DO SUL,SÃO JERÔNIMO,Pampa
 1646800184 ,38306b88-0551-3ce8-9911-306dae153748,  -29.663010 ,  -53.133040 ,2023-08-26 17:34:00,Brasil,RIO GRANDE DO SUL,PARAÍSO DO SUL,Mata Atlântica
 1646800185 ,bf80ec42-3486-39a8-bb10-69cb2ef727e9,  -29.222520 ,  -50.644140 ,2023-08-26 17:34:00,Brasil,RIO GRANDE DO SUL,SÃO FRANCISCO DE PAULA,Mata Atlântica
 1646800188 ,6ba5bf93-3a13-3e6a-9a23-76a24fb91551,  -28.613460 ,  -49.789240 ,2023-08-26 17:34:00,Brasil,RIO GRANDE DO SUL,SÃO JOSÉ DOS AUSENTES,Mata Atlântica
 1646800189 ,7c1075ba-516e-31df-a2b1-3cbbf2899f9b,  -28.607030 ,  -49.796370 ,2023-08-26 17:34:00,Brasil,RIO GRANDE DO SUL,SÃO JOSÉ DOS AUSENTES,Mata Atlântica
 1646800190 ,e420bc04-f910-3ef9-a5d5-b33acbe0a765,  -28.588380 ,  -50.285810 ,2023-08-26 17:34:00,Brasil,RIO GRANDE DO SUL,BOM JESUS,Mata Atlântica
 1646800191 ,95f2b505-bfea-3c44-9b7f-1108531d8aa8,  -28.560860 ,  -50.164230 ,2023-08-26 17:34:00,Brasil,RIO GRANDE DO SUL,BOM JESUS,Mata Atlântica
 1646800192 ,b68d23d0-22c5-3c05-9ca8-4f0f14ffee39,  -28.559310 ,  -50.154020 ,2023-08-26 17:34:00,Brasil,RIO GRANDE DO SUL,BOM JESUS,Mata Atlântica
 1646800193 ,ca5758cd-02ea-3fb6-beab-d387211d60d9,  -28.525200 ,  -50.234810 ,2023-08-26 17:34:00,Brasil,RIO GRANDE DO SUL,BOM JESUS,Mata Atlântica
 1646800194 ,a4781ebe-a142-380e-84a1-07a436174063,  -28.493470 ,  -50.572360 ,2023-08-26 17:34:00,Brasil,RIO GRANDE DO SUL,BOM JESUS,Mata Atlântica
 1646800195 ,35ed6fec-9877-3692-9313-08a52d5935a6,  -28.470460 ,  -50.356460 ,2023-08-26 17:34:00,Brasil,RIO GRANDE DO SUL,BOM JESUS,Mata Atlântica
 1646800196 ,ffffd40a-908c-358a-ac13-b3614dff87fd,  -28.461480 ,  -50.358160 ,2023-08-26 17:34:00,Brasil,RIO GRANDE DO SUL,BOM JESUS,Mata Atlântica
 1646800197 ,81445093-97e4-3deb-a23b-276296994932,  -28.456600 ,  -50.701080 ,2023-08-26 17:34:00,Brasil,RIO GRANDE DO SUL,BOM JESUS,Mata Atlântica
 1646800198 ,b1fecf78-b6bb-31cd-a3f8-82647ef7de08,  -28.455100 ,  -50.690930 ,2023-08-26 17:34:00,Brasil,RIO GRANDE DO SUL,BOM JESUS,Mata Atlântica
 1646800199 ,930b1a31-6c8f-36cf-8860-2403574b1985,  -28.446160 ,  -50.692650 ,2023-08-26 17:34:00,Brasil,RIO GRANDE DO SUL,BOM JESUS,Mata Atlântica
 1646800201 ,3721da91-1d6c-3933-968a-59139af0fcf2,  -28.064130 ,  -55.116180 ,2023-08-26 17:34:00,Brasil,RIO GRANDE DO SUL,PIRAPÓ,Mata Atlântica
 1635521368 ,1b10d251-f2db-3d62-9278-fdea1d56df7f,  -30.201710 ,  -54.604920 ,2023-07-01 17:45:00,Brasil,RIO GRANDE DO SUL,SÃO GABRIEL,Pampa
 1635252321 ,ce5f8fec-0042-39d1-8526-7a9fe8861026,  -30.487220 ,  -52.647670 ,2023-06-29 17:58:00,Brasil,RIO GRANDE DO SUL,ENCRUZILHADA DO SUL,Pampa
 1635252323 ,9acf82bd-c106-35e5-aa77-8c2056c351a2,  -30.489970 ,  -52.662590 ,2023-06-29 17:58:00,Brasil,RIO GRANDE DO SUL,ENCRUZILHADA DO SUL,Pampa
 1635252325 ,58761cf7-d91a-301d-a450-ec6a177254eb,  -30.497970 ,  -52.645210 ,2023-06-29 17:58:00,Brasil,RIO GRANDE DO SUL,ENCRUZILHADA DO SUL,Pampa
 1629709774 ,ce3c3d55-2b51-3bdc-a79b-d8c68fe12363,  -30.457810 ,  -52.703730 ,2023-05-10 17:22:00,Brasil,RIO GRANDE DO SUL,ENCRUZILHADA DO SUL,Pampa
 1630592682 ,2852df22-0732-38bf-b096-ae03851fedc8,  -28.475040 ,  -50.802140 ,2023-05-18 18:04:00,Brasil,RIO GRANDE DO SUL,VACARIA,Mata Atlântica
 1630592686 ,822f3857-a8ba-39db-90b0-52f5d387053b,  -28.982170 ,  -52.439650 ,2023-05-18 18:04:00,Brasil,RIO GRANDE DO SUL,FONTOURA XAVIER,Mata Atlântica
 1630592691 ,61e4d6f2-137c-311b-9dfc-6a1b3d452e7c,  -28.984480 ,  -52.431820 ,2023-05-18 18:04:00,Brasil,RIO GRANDE DO SUL,FONTOURA XAVIER,Mata Atlântica
 1630592695 ,18bd1690-0037-3490-a46b-554da6adc7cd,  -29.484090 ,  -50.970760 ,2023-05-18 18:04:00,Brasil,RIO GRANDE DO SUL,SANTA MARIA DO HERVAL,Mata Atlântica
 1630592744 ,164a7e07-96eb-3cd8-af8b-22fbb8934e4e,  -28.481700 ,  -54.219680 ,2023-05-18 18:04:00,Brasil,RIO GRANDE DO SUL,EUGÊNIO DE CASTRO,Pampa
 1630592747 ,bf6d2aa8-a1d2-3510-b15d-49d98994f33b,  -28.482570 ,  -54.224860 ,2023-05-18 18:04:00,Brasil,RIO GRANDE DO SUL,EUGÊNIO DE CASTRO,Pampa
 1630592751 ,6cc5112b-6e0f-336b-968b-339259378552,  -29.641200 ,  -53.976670 ,2023-05-18 18:04:00,Brasil,RIO GRANDE DO SUL,SANTA MARIA,Pampa
 1630592756 ,82235619-5ca3-37a0-a57f-99202ce5f1a3,  -29.645310 ,  -53.985260 ,2023-05-18 18:04:00,Brasil,RIO GRANDE DO SUL,SANTA MARIA,Pampa
 1630592760 ,6532d208-6509-3e9e-925a-ab4504968c13,  -30.455670 ,  -52.698620 ,2023-05-18 18:02:00,Brasil,RIO GRANDE DO SUL,ENCRUZILHADA DO SUL,Pampa
 1630592763 ,fa3788be-3a0e-3262-aa49-f57fb6cf8082,  -30.475650 ,  -52.510510 ,2023-05-18 18:02:00,Brasil,RIO GRANDE DO SUL,ENCRUZILHADA DO SUL,Pampa
 1630592767 ,5ca3355d-3ed9-3e08-bcef-95b596abd51f,  -31.129980 ,  -53.678870 ,2023-05-18 18:02:00,Brasil,RIO GRANDE DO SUL,BAGÉ,Pampa
 1630592771 ,866de834-bdce-3148-b559-a04dfbfedf16,  -31.132860 ,  -53.694510 ,2023-05-18 18:02:00,Brasil,RIO GRANDE DO SUL,BAGÉ,Pampa
 1630592775 ,fec37393-4496-3513-9442-26d59e676458,  -31.170690 ,  -53.463410 ,2023-05-18 18:02:00,Brasil,RIO GRANDE DO SUL,PINHEIRO MACHADO,Pampa
 1630721156 ,6f74bda9-6152-374f-9faf-9804835d840a,  -28.981640 ,  -50.599630 ,2023-05-19 17:07:00,Brasil,RIO GRANDE DO SUL,SÃO FRANCISCO DE PAULA,Mata Atlântica
 1630721158 ,8d8139c4-46c0-3ab3-a5a2-0f2b226a2126,  -28.983500 ,  -50.616810 ,2023-05-19 17:07:00,Brasil,RIO GRANDE DO SUL,SÃO FRANCISCO DE PAULA,Mata Atlântica
 1630721159 ,48a35739-ba3e-3aed-99cd-46860cd1c798,  -29.671670 ,  -51.615390 ,2023-05-19 17:07:00,Brasil,RIO GRANDE DO SUL,TRIUNFO,Pampa
 1630721162 ,2ff6b4ce-4ca9-343b-81e9-2ca8bff99ffe,  -31.131510 ,  -53.373580 ,2023-05-19 17:07:00,Brasil,RIO GRANDE DO SUL,PINHEIRO MACHADO,Pampa
 1630721163 ,56ba2500-589e-3822-9b70-63525e04138a,  -31.134650 ,  -53.366160 ,2023-05-19 17:07:00,Brasil,RIO GRANDE DO SUL,PINHEIRO MACHADO,Pampa
 1630721165 ,d0685cfd-fb45-394f-88f8-edd8587f7f08,  -31.136870 ,  -53.395880 ,2023-05-19 17:07:00,Brasil,RIO GRANDE DO SUL,PINHEIRO MACHADO,Pampa
 1630847030 ,edd2ff94-fa23-354b-9e2f-72d2a0cc2174,  -31.123820 ,  -53.687690 ,2023-05-20 17:49:00,Brasil,RIO GRANDE DO SUL,BAGÉ,Pampa
 1630847037 ,d29c78bf-72b8-3835-8fa9-824c9a662d52,  -31.132930 ,  -53.685680 ,2023-05-20 17:49:00,Brasil,RIO GRANDE DO SUL,BAGÉ,Pampa
 1625408077 ,7eb8c67a-d2d0-334c-8ee7-9127562b07dc,  -29.420450 ,  -51.080580 ,2023-04-01 17:47:00,Brasil,RIO GRANDE DO SUL,NOVA PETRÓPOLIS,Mata Atlântica
 1625408080 ,05506bcb-654f-385e-bf86-10278a9a011b,  -29.857810 ,  -52.518370 ,2023-04-01 17:47:00,Brasil,RIO GRANDE DO SUL,RIO PARDO,Pampa
 1625197249 ,f1643c2f-ae21-3f6b-8a28-80f9ee03a4f2,  -30.753460 ,  -54.721230 ,2023-03-30 18:02:00,Brasil,RIO GRANDE DO SUL,DOM PEDRITO,Pampa
 1625197253 ,179d313f-89fb-34bb-a94e-33a1ef4e8e18,  -30.755930 ,  -54.735230 ,2023-03-30 18:02:00,Brasil,RIO GRANDE DO SUL,DOM PEDRITO,Pampa
 1625304031 ,28e55343-a465-3c76-802e-aa0d3bec7ee9,  -29.295880 ,  -50.376940 ,2023-03-31 17:05:00,Brasil,RIO GRANDE DO SUL,SÃO FRANCISCO DE PAULA,Mata Atlântica
 1625304032 ,ad58a99e-99d2-3287-9ac9-8f10015c7e44,  -29.296900 ,  -50.381970 ,2023-03-31 17:05:00,Brasil,RIO GRANDE DO SUL,SÃO FRANCISCO DE PAULA,Mata Atlântica
 1625304033 ,c5ae7735-5182-3659-8c6c-b7b614cf51bf,  -29.297550 ,  -50.393120 ,2023-03-31 17:05:00,Brasil,RIO GRANDE DO SUL,SÃO FRANCISCO DE PAULA,Mata Atlântica
 1625304034 ,3319e43f-8374-35d3-8226-8734c2c04fdd,  -29.298660 ,  -50.398040 ,2023-03-31 17:05:00,Brasil,RIO GRANDE DO SUL,SÃO FRANCISCO DE PAULA,Mata Atlântica
 1620418775 ,ea643377-54a1-30ef-bdc4-bbad9d2d3601,  -31.801610 ,  -52.358910 ,2023-02-16 17:51:00,Brasil,RIO GRANDE DO SUL,RIO GRANDE,Pampa
 1621911349 ,69440888-a954-3c7a-a875-bfefe7b89fa7,  -29.632740 ,  -55.597850 ,2023-02-25 17:41:00,Brasil,RIO GRANDE DO SUL,ALEGRETE,Pampa
 1615163464 ,3658d920-9d42-3367-8eed-453f469d80e6,  -31.684960 ,  -53.162000 ,2023-01-04 16:54:00,Brasil,RIO GRANDE DO SUL,PIRATINI,Pampa
 1615163538 ,a21099ce-5a3f-30e6-9a44-20d033ad6856,  -31.677430 ,  -53.155300 ,2023-01-04 16:54:00,Brasil,RIO GRANDE DO SUL,PIRATINI,Pampa
 1658784481 ,47967774-caad-3338-ac1a-7a5f55376db8,  -29.444190 ,  -50.906360 ,2023-10-29 17:54:00,Brasil,RIO GRANDE DO SUL,GRAMADO,Mata Atlântica
 1658784482 ,9d7f617f-8ed3-306e-8d92-58c33a66aa8e,  -28.787950 ,  -53.948120 ,2023-10-29 17:54:00,Brasil,RIO GRANDE DO SUL,BOA VISTA DO CADEADO,Pampa
 1658784483 ,1601a4f2-641e-3152-881a-9e975d2e28f7,  -28.786350 ,  -53.937720 ,2023-10-29 17:54:00,Brasil,RIO GRANDE DO SUL,BOA VISTA DO CADEADO,Pampa
 1659679245 ,80bdd23e-2ad7-37ea-8bcd-ef22355a59fc,  -30.121040 ,  -51.605110 ,2023-11-05 17:49:00,Brasil,RIO GRANDE DO SUL,ELDORADO DO SUL,Pampa
 1659679246 ,0004496e-8573-3bf5-bb36-18f532b6f976,  -28.183840 ,  -50.963040 ,2023-11-05 17:49:00,Brasil,RIO GRANDE DO SUL,VACARIA,Mata Atlântica
 1658245214 ,a751d82d-d450-3c2a-82b5-a041f9e3e15f,  -29.874740 ,  -51.247910 ,2023-10-26 17:26:00,Brasil,RIO GRANDE DO SUL,NOVA SANTA RITA,Pampa
 1658245215 ,1345dfa9-4b0c-3ab3-9ce3-76c65939bd02,  -29.584660 ,  -51.105710 ,2023-10-26 17:26:00,Brasil,RIO GRANDE DO SUL,DOIS IRMÃOS,Mata Atlântica
 1658245216 ,774f069b-fd17-3b39-8d8a-47846687c750,  -29.038320 ,  -51.045070 ,2023-10-26 17:26:00,Brasil,RIO GRANDE DO SUL,CAXIAS DO SUL,Mata Atlântica
 1658245217 ,cd7e9890-e044-3aa2-814f-ec86cad0579e,  -28.978400 ,  -52.313490 ,2023-10-26 17:26:00,Brasil,RIO GRANDE DO SUL,FONTOURA XAVIER,Mata Atlântica
 1658245218 ,f696bd4d-3622-3e58-b282-aaf7bde2c3ea,  -28.976820 ,  -52.300020 ,2023-10-26 17:26:00,Brasil,RIO GRANDE DO SUL,FONTOURA XAVIER,Mata Atlântica
 1658245219 ,bf332f5e-7277-3976-b4eb-64fe643f2420,  -28.948260 ,  -51.814000 ,2023-10-26 17:26:00,Brasil,RIO GRANDE DO SUL,DOIS LAJEADOS,Mata Atlântica
 1658245220 ,684ee90d-7b7c-3331-a164-a5897cccad0a,  -28.903670 ,  -50.180340 ,2023-10-26 17:26:00,Brasil,RIO GRANDE DO SUL,JAQUIRANA,Mata Atlântica
 1658245221 ,db6597ce-2c3e-38fc-9ff3-a4a7059c1643,  -28.787400 ,  -50.581220 ,2023-10-26 17:26:00,Brasil,RIO GRANDE DO SUL,BOM JESUS,Mata Atlântica
 1658245222 ,3fd1ae6d-2b73-37d0-973a-358cb36ab3a9,  -28.785980 ,  -50.570020 ,2023-10-26 17:26:00,Brasil,RIO GRANDE DO SUL,JAQUIRANA,Mata Atlântica
 1658245223 ,511942bd-ae9e-374a-8995-64f627b86e79,  -28.784580 ,  -50.410090 ,2023-10-26 17:26:00,Brasil,RIO GRANDE DO SUL,BOM JESUS,Mata Atlântica
 1658245224 ,8cc6e8e4-b9cf-3e14-af38-0902f13f086f,  -28.782040 ,  -50.576140 ,2023-10-26 17:26:00,Brasil,RIO GRANDE DO SUL,JAQUIRANA,Mata Atlântica
 1658245225 ,1ed33160-e67f-3f1f-8e80-6f5c115b8810,  -28.563060 ,  -50.047350 ,2023-10-26 17:26:00,Brasil,RIO GRANDE DO SUL,SÃO JOSÉ DOS AUSENTES,Mata Atlântica
 1658245231 ,3cdd3649-a66d-3419-8635-184b1bb8e2eb,  -27.722240 ,  -51.577300 ,2023-10-26 17:26:00,Brasil,RIO GRANDE DO SUL,SÃO JOSÉ DO OURO,Mata Atlântica
 1659805103 ,f866662f-9063-366a-8ddc-14768646e675,  -28.586910 ,  -50.507180 ,2023-11-06 16:54:00,Brasil,RIO GRANDE DO SUL,BOM JESUS,Mata Atlântica
 1659954600 ,8cbf1d1e-bd0c-3120-a141-5a716852d4f3,  -29.577340 ,  -50.965910 ,2023-11-07 17:34:00,Brasil,RIO GRANDE DO SUL,SAPIRANGA,Mata Atlântica
 1659954601 ,da2e19ee-d9ee-313e-aab0-c6287dad9837,  -29.573360 ,  -51.138910 ,2023-11-07 17:34:00,Brasil,RIO GRANDE DO SUL,IVOTI,Mata Atlântica
 1659954602 ,83aa84cf-faf2-3e6e-8c4c-6b26ffaeec7e,  -29.571220 ,  -50.988570 ,2023-11-07 17:34:00,Brasil,RIO GRANDE DO SUL,SAPIRANGA,Mata Atlântica
 1659954603 ,04ea6fe3-6fb1-34e8-8e3a-83a4cfccc595,  -29.564930 ,  -50.611270 ,2023-11-07 17:34:00,Brasil,RIO GRANDE DO SUL,TAQUARA,Mata Atlântica
 1659954604 ,c938e841-a89c-33e7-abcd-9380b37ca798,  -29.563470 ,  -50.600870 ,2023-11-07 17:34:00,Brasil,RIO GRANDE DO SUL,TAQUARA,Mata Atlântica
 1659954605 ,d5a0d774-0d2b-3cb7-80cf-787a0609e648,  -29.503190 ,  -51.631280 ,2023-11-07 17:34:00,Brasil,RIO GRANDE DO SUL,BROCHIER,Mata Atlântica
 1659954606 ,56740682-9284-3459-8505-14456a5cd941,  -29.494430 ,  -51.093790 ,2023-11-07 17:34:00,Brasil,RIO GRANDE DO SUL,MORRO REUTER,Mata Atlântica
 1659954607 ,74b037a3-8cc6-349c-b79a-39e1e4370ecc,  -29.483240 ,  -50.946040 ,2023-11-07 17:34:00,Brasil,RIO GRANDE DO SUL,SANTA MARIA DO HERVAL,Mata Atlântica
 1659954608 ,42386f12-3c1b-3544-afdb-772f10285b07,  -29.446120 ,  -50.878460 ,2023-11-07 17:34:00,Brasil,RIO GRANDE DO SUL,GRAMADO,Mata Atlântica
 1659954609 ,9e276a97-1918-344a-8b93-033f4a4cc7ab,  -29.445790 ,  -51.553090 ,2023-11-07 17:34:00,Brasil,RIO GRANDE DO SUL,SALVADOR DO SUL,Mata Atlântica
 1659954610 ,16cc2702-a252-3141-9ac7-70e994cb9f95,  -29.426910 ,  -51.622420 ,2023-11-07 17:34:00,Brasil,RIO GRANDE DO SUL,SALVADOR DO SUL,Mata Atlântica
 1659954611 ,f51708d9-93b2-3423-8af2-21081ea9bc16,  -29.422830 ,  -51.177810 ,2023-11-07 17:34:00,Brasil,RIO GRANDE DO SUL,NOVA PETRÓPOLIS,Mata Atlântica
 1659954612 ,3eacc5ed-636d-38c5-96c4-c2ca58f4d056,  -29.420930 ,  -50.830120 ,2023-11-07 17:34:00,Brasil,RIO GRANDE DO SUL,GRAMADO,Mata Atlântica
 1659954613 ,f3767698-690c-3867-93a1-4aff2720cf3a,  -29.419620 ,  -51.618400 ,2023-11-07 17:34:00,Brasil,RIO GRANDE DO SUL,SALVADOR DO SUL,Mata Atlântica
 1659954614 ,e046d2dc-e1df-344b-bbb4-c6f04a74ed90,  -29.419510 ,  -50.819920 ,2023-11-07 17:34:00,Brasil,RIO GRANDE DO SUL,GRAMADO,Mata Atlântica
 1659954615 ,c7796d08-54d6-3936-be1a-a5a587f13b1d,  -29.405190 ,  -51.116970 ,2023-11-07 17:34:00,Brasil,RIO GRANDE DO SUL,NOVA PETRÓPOLIS,Mata Atlântica
 1659954616 ,2d1729a0-7ac1-3f45-a3b2-39a02e7d65f6,  -29.403710 ,  -51.106270 ,2023-11-07 17:34:00,Brasil,RIO GRANDE DO SUL,NOVA PETRÓPOLIS,Mata Atlântica
 1659954617 ,49e02ca9-9349-3889-8690-e1e5310867fd,  -29.402990 ,  -50.967400 ,2023-11-07 17:34:00,Brasil,RIO GRANDE DO SUL,GRAMADO,Mata Atlântica
 1659954618 ,28c4a575-c4e2-3568-871e-37c57dd2e71c,  -28.640370 ,  -50.384330 ,2023-11-07 17:34:00,Brasil,RIO GRANDE DO SUL,BOM JESUS,Mata Atlântica
 1659954623 ,b022936d-7794-3e4c-8cce-46012d072d70,  -28.381150 ,  -51.416620 ,2023-11-07 17:34:00,Brasil,RIO GRANDE DO SUL,LAGOA VERMELHA,Mata Atlântica
 1659954624 ,edec9bd8-24e8-3e0b-a9b8-26ecdd131443,  -28.379710 ,  -51.406220 ,2023-11-07 17:34:00,Brasil,RIO GRANDE DO SUL,LAGOA VERMELHA,Mata Atlântica
 1659954625 ,9760494b-154f-3063-ac0b-317fb98fa864,  -30.716790 ,  -52.234430 ,2023-11-07 17:34:00,Brasil,RIO GRANDE DO SUL,DOM FELICIANO,Pampa
 1659954626 ,7f4c324b-ebf2-31f8-8cef-5abf79940e6c,  -30.715300 ,  -52.222550 ,2023-11-07 17:34:00,Brasil,RIO GRANDE DO SUL,DOM FELICIANO,Pampa
 1659954627 ,74d9ec6b-7ba5-35fd-8b4b-3617a8e47198,  -30.556700 ,  -52.036820 ,2023-11-07 17:34:00,Brasil,RIO GRANDE DO SUL,DOM FELICIANO,Pampa
 1659954628 ,ea3dc072-510d-3053-8113-acb8a7b17777,  -30.535180 ,  -51.798200 ,2023-11-07 17:34:00,Brasil,RIO GRANDE DO SUL,CERRO GRANDE DO SUL,Pampa
 1659954629 ,5bbafeae-b306-33d9-8383-ca114f5ec284,  -29.560180 ,  -51.647980 ,2023-11-07 17:34:00,Brasil,RIO GRANDE DO SUL,BROCHIER,Mata Atlântica
 1659954630 ,6fad85e0-577c-35be-8bed-2f531026638c,  -31.261100 ,  -52.273970 ,2023-11-07 17:34:00,Brasil,RIO GRANDE DO SUL,SÃO LOURENÇO DO SUL,Pampa
 1659954659 ,4f640cd9-7ff9-3826-8498-a3399645514e,  -27.747760 ,  -51.890250 ,2023-11-07 17:36:00,Brasil,RIO GRANDE DO SUL,SÃO JOÃO DA URTIGA,Mata Atlântica
 1659954661 ,b6c76a4c-660e-36d3-986b-214c955f90f2,  -29.055240 ,  -52.939110 ,2023-11-07 17:34:00,Brasil,RIO GRANDE DO SUL,JACUIZINHO,Mata Atlântica
 1659954662 ,adb56a08-1c86-3877-a556-65f0550001ad,  -30.189120 ,  -53.667480 ,2023-11-07 17:34:00,Brasil,RIO GRANDE DO SUL,SÃO SEPÉ,Pampa
 1659954663 ,ae005300-2a61-3779-b72f-3e238a9d4e6c,  -30.178950 ,  -53.669010 ,2023-11-07 17:34:00,Brasil,RIO GRANDE DO SUL,SÃO SEPÉ,Pampa
 1659954664 ,45ed66d6-4202-352f-9c4a-656823dac24b,  -31.022860 ,  -52.749240 ,2023-11-07 17:34:00,Brasil,RIO GRANDE DO SUL,CANGUÇU,Pampa
 1659954665 ,b2c91a42-260b-3e0a-ba91-04d098737e99,  -31.063840 ,  -53.428220 ,2023-11-07 17:34:00,Brasil,RIO GRANDE DO SUL,PINHEIRO MACHADO,Pampa
 1659954680 ,8725d0b1-0c34-3827-8773-51e92028b509,  -27.525480 ,  -53.647110 ,2023-11-07 17:36:00,Brasil,RIO GRANDE DO SUL,REDENTORA,Mata Atlântica
 1660253155 ,d2e14a8e-f41b-38ea-80c0-83dcc16f6d98,  -31.835200 ,  -53.057270 ,2023-11-09 17:19:00,Brasil,RIO GRANDE DO SUL,PIRATINI,Pampa
 1661805258 ,6790b53d-d1bf-38e6-a939-412944792a52,  -30.190360 ,  -53.915590 ,2023-11-19 17:43:00,Brasil,RIO GRANDE DO SUL,SÃO SEPÉ,Pampa
 1661805259 ,fdf389b6-b00d-3b60-9230-d3ee550fc768,  -30.188880 ,  -53.904070 ,2023-11-19 17:43:00,Brasil,RIO GRANDE DO SUL,SÃO SEPÉ,Pampa
 1661805260 ,02a7d9fa-cc05-3220-947b-e4cdeb27253b,  -29.191240 ,  -54.862390 ,2023-11-19 17:45:00,Brasil,RIO GRANDE DO SUL,SANTIAGO,Pampa
 1661991258 ,1e1af5db-cca5-34a3-902a-fc53919d6dcd,  -31.801820 ,  -53.078930 ,2023-11-21 17:26:00,Brasil,RIO GRANDE DO SUL,PIRATINI,Pampa
 1661991259 ,67420a63-4b98-3028-bc5c-f5cb2175a0c3,  -31.800060 ,  -53.061310 ,2023-11-21 17:26:00,Brasil,RIO GRANDE DO SUL,PIRATINI,Pampa
 1661991260 ,3dd38671-1036-32ee-91ff-0625954c9d60,  -31.204010 ,  -52.264820 ,2023-11-21 17:26:00,Brasil,RIO GRANDE DO SUL,SÃO LOURENÇO DO SUL,Pampa
 1661991261 ,a43c180e-6943-30e0-979d-362261dd7842,  -30.404170 ,  -51.737080 ,2023-11-21 17:26:00,Brasil,RIO GRANDE DO SUL,BARÃO DO TRIUNFO,Pampa
 1661991262 ,b1ba7f82-2f54-3cb3-9ec8-e892707c27c5,  -29.449900 ,  -51.053690 ,2023-11-21 17:26:00,Brasil,RIO GRANDE DO SUL,NOVA PETRÓPOLIS,Mata Atlântica
 1661991263 ,efaf8074-a130-30a1-9c01-2680e78e9afa,  -29.448440 ,  -51.041570 ,2023-11-21 17:26:00,Brasil,RIO GRANDE DO SUL,PICADA CAFÉ,Mata Atlântica
 1661991264 ,1a3ca3e4-6a29-39dc-8040-48b1a0b1f77c,  -29.447810 ,  -51.046930 ,2023-11-21 17:26:00,Brasil,RIO GRANDE DO SUL,PICADA CAFÉ,Mata Atlântica
 1662152152 ,2198041d-8c1e-3022-b484-d70be2dd3334,  -30.465390 ,  -54.334090 ,2023-11-23 17:11:00,Brasil,RIO GRANDE DO SUL,SÃO GABRIEL,Pampa
 1662244404 ,2f48847b-e3d8-3847-beb1-add58993dcd4,  -31.755690 ,  -52.489910 ,2023-11-24 17:53:00,Brasil,RIO GRANDE DO SUL,CAPÃO DO LEÃO,Pampa
 1662244405 ,ef0c229f-be52-37a8-8536-143788e1e3c3,  -31.407980 ,  -52.747700 ,2023-11-24 17:53:00,Brasil,RIO GRANDE DO SUL,CANGUÇU,Pampa
 1662380142 ,770cc8c3-f847-3790-8867-8543b449c5d3,  -29.486350 ,  -53.103610 ,2023-11-26 17:38:00,Brasil,RIO GRANDE DO SUL,LAGOA BONITA DO SUL,Mata Atlântica
 1662380143 ,355a1a4f-6c77-3c8b-805e-7e1cae310758,  -29.241090 ,  -51.999010 ,2023-11-26 17:38:00,Brasil,RIO GRANDE DO SUL,NOVA BRÉSCIA,Mata Atlântica
 1662380144 ,e67e1dc5-8953-31f2-80b0-3a0f3a85307b,  -29.232010 ,  -52.000580 ,2023-11-26 17:38:00,Brasil,RIO GRANDE DO SUL,NOVA BRÉSCIA,Mata Atlântica
 1662380145 ,d9c4f39a-e108-3d78-aed9-76cf51cecffb,  -28.470070 ,  -52.817430 ,2023-11-26 17:38:00,Brasil,RIO GRANDE DO SUL,NÃO-ME-TOQUE,Mata Atlântica
 1662380146 ,a848bafe-7821-3ac0-9a8a-3f82338608ad,  -28.282110 ,  -52.108550 ,2023-11-26 17:38:00,Brasil,RIO GRANDE DO SUL,MATO CASTELHANO,Mata Atlântica
 1662517799 ,29071fc4-e967-329f-beef-1c0fbe279e12,  -31.804370 ,  -53.083100 ,2023-11-28 17:24:00,Brasil,RIO GRANDE DO SUL,PIRATINI,Pampa
 1662780334 ,2d6e0595-0aff-38b1-97ee-1b89b0155774,  -31.810760 ,  -53.082630 ,2023-12-01 17:49:00,Brasil,RIO GRANDE DO SUL,PIRATINI,Pampa
 1662780335 ,43345d57-58d2-3292-946b-4b39801f0060,  -31.809260 ,  -53.072130 ,2023-12-01 17:49:00,Brasil,RIO GRANDE DO SUL,PIRATINI,Pampa
 1662780336 ,0c4b0df5-4deb-3752-8600-4396131484cc,  -31.801810 ,  -53.084420 ,2023-12-01 17:49:00,Brasil,RIO GRANDE DO SUL,PIRATINI,Pampa
 1662780337 ,ea7e497d-ad41-3e3e-a548-27becfb19d31,  -31.800310 ,  -53.073930 ,2023-12-01 17:49:00,Brasil,RIO GRANDE DO SUL,PIRATINI,Pampa
 1662780338 ,d3f91df9-b776-3905-a5e9-d7fd9f4303a4,  -31.199170 ,  -52.489880 ,2023-12-01 17:49:00,Brasil,RIO GRANDE DO SUL,CANGUÇU,Pampa
 1662780339 ,c88ab6c0-87a0-3bbf-a2e5-8446eb0684c7,  -31.092460 ,  -53.731080 ,2023-12-01 17:49:00,Brasil,RIO GRANDE DO SUL,BAGÉ,Pampa
 1662780340 ,8ddcb283-5261-34fb-8bfa-799577705451,  -31.090980 ,  -53.720570 ,2023-12-01 17:49:00,Brasil,RIO GRANDE DO SUL,BAGÉ,Pampa
 1662780341 ,1d4273b1-385a-34ad-822d-03be537f70c3,  -29.517240 ,  -50.517460 ,2023-12-01 17:49:00,Brasil,RIO GRANDE DO SUL,SÃO FRANCISCO DE PAULA,Mata Atlântica
 1662780342 ,a948fada-6230-3f29-a773-2ddebece20bf,  -27.904600 ,  -55.143940 ,2023-12-01 17:49:00,Brasil,RIO GRANDE DO SUL,PORTO XAVIER,Mata Atlântica
 1663469992 ,ff1541e8-dca5-3750-88d4-b29c877346aa,  -30.514100 ,  -53.486870 ,2023-12-08 17:45:00,Brasil,RIO GRANDE DO SUL,CAÇAPAVA DO SUL,Pampa
 1663469993 ,3435fa3f-a6e6-3732-b75a-8f581988afe9,  -30.011640 ,  -54.568040 ,2023-12-08 17:45:00,Brasil,RIO GRANDE DO SUL,SÃO GABRIEL,Pampa
 1663886370 ,88957027-822d-33e9-b000-314f2e5406d8,  -31.009110 ,  -55.147980 ,2023-12-12 17:15:00,Brasil,RIO GRANDE DO SUL,SANT'ANA DO LIVRAMENTO,Pampa
 1663886371 ,c3db2bb7-348b-3b0a-b353-991a7e542f85,  -30.496490 ,  -53.724710 ,2023-12-12 17:15:00,Brasil,RIO GRANDE DO SUL,CAÇAPAVA DO SUL,Pampa
 1663886396 ,e455d92c-3bf0-310b-9c23-31455abcd655,  -29.036620 ,  -51.189450 ,2023-12-12 17:15:00,Brasil,RIO GRANDE DO SUL,FLORES DA CUNHA,Mata Atlântica
 1664422701 ,e8760488-983e-3142-9dc9-04c08c88f520,  -29.764250 ,  -57.071280 ,2023-12-17 17:26:00,Brasil,RIO GRANDE DO SUL,URUGUAIANA,Pampa
 1664422702 ,29958fac-168c-3005-8044-753cb05c9ffd,  -29.511080 ,  -51.407330 ,2023-12-17 17:26:00,Brasil,RIO GRANDE DO SUL,TUPANDI,Mata Atlântica
 1664422703 ,4fdd9752-a24f-3772-94f2-26b8f3866e70,  -29.418280 ,  -51.210930 ,2023-12-17 17:26:00,Brasil,RIO GRANDE DO SUL,LINHA NOVA,Mata Atlântica
 1664422704 ,0b24612a-4703-3aaf-827e-2d2c8758fbfd,  -29.261630 ,  -51.532250 ,2023-12-17 17:26:00,Brasil,RIO GRANDE DO SUL,GARIBALDI,Mata Atlântica
 1664974721 ,637c7fcc-5ed7-3bd1-b023-33d0c0d16ccb,  -29.964010 ,  -51.148940 ,2023-12-22 17:36:00,Brasil,RIO GRANDE DO SUL,PORTO ALEGRE,Pampa
 1664974722 ,414d5b27-8387-3093-bbad-afa64f50baec,  -29.624390 ,  -49.959920 ,2023-12-22 17:36:00,Brasil,RIO GRANDE DO SUL,CAPÃO DA CANOA,Pampa
 1664974723 ,d60f0b73-c6b9-3bac-acc7-f80a3fc204d9,  -28.895700 ,  -50.855750 ,2023-12-22 17:36:00,Brasil,RIO GRANDE DO SUL,CAXIAS DO SUL,Mata Atlântica
 1664974724 ,3676c8c4-2cdb-3fd0-b6c9-ea844d7c9983,  -28.725390 ,  -50.430630 ,2023-12-22 17:36:00,Brasil,RIO GRANDE DO SUL,BOM JESUS,Mata Atlântica
 1664974725 ,d4fb96b8-b83c-362e-b0e2-572ee0c0b0f5,  -28.688070 ,  -50.041820 ,2023-12-22 17:36:00,Brasil,RIO GRANDE DO SUL,SÃO JOSÉ DOS AUSENTES,Mata Atlântica
 1664974726 ,ba83061e-1339-3ec2-89f4-57519e5dd7e6,  -28.626560 ,  -50.513300 ,2023-12-22 17:36:00,Brasil,RIO GRANDE DO SUL,BOM JESUS,Mata Atlântica
 1664974727 ,588f425f-acf2-3673-a1d0-4eba5be0b653,  -28.507350 ,  -51.781560 ,2023-12-22 17:36:00,Brasil,RIO GRANDE DO SUL,VANINI,Mata Atlântica
 1665191867 ,70ca577b-022f-3229-ba3a-9a577d01cca3,  -29.212440 ,  -50.627880 ,2023-12-24 17:21:00,Brasil,RIO GRANDE DO SUL,SÃO FRANCISCO DE PAULA,Mata Atlântica
 1665517132 ,90de53f0-26ad-3287-a7a3-30a2dfd1c05f,  -30.198940 ,  -53.795820 ,2023-12-27 17:47:00,Brasil,RIO GRANDE DO SUL,SÃO SEPÉ,Pampa
 1665517133 ,102f32cb-a4f3-3949-9203-378a054ede29,  -30.197500 ,  -53.785000 ,2023-12-27 17:47:00,Brasil,RIO GRANDE DO SUL,SÃO SEPÉ,Pampa
 1665517134 ,e3d5d6c2-3e17-3079-a001-2b098300ff14,  -29.193860 ,  -54.868220 ,2023-12-27 17:47:00,Brasil,RIO GRANDE DO SUL,SANTIAGO,Pampa
 1665517136 ,97541f95-a604-3241-9ea5-a15f6dd2652f,  -28.726180 ,  -50.424460 ,2023-12-27 17:47:00,Brasil,RIO GRANDE DO SUL,BOM JESUS,Mata Atlântica
 1665517137 ,f7a8cd6c-c1cd-370c-a2e5-f57f9f33b33c,  -28.504470 ,  -51.786700 ,2023-12-27 17:47:00,Brasil,RIO GRANDE DO SUL,VANINI,Mata Atlântica
