id_bdq,foco_id,lat,lon,data_pas,pais,estado,municipio,bioma
 1666547554 ,ac21f1a9-b8b6-308f-8ac2-587e3cfb7491,  -29.717510 ,  -52.443610 ,2024-01-05 17:26:00,Brasil,RIO GRANDE DO SUL,SANTA CRUZ DO SUL,Mata Atlântica
 1666547555 ,d0b40b0d-7008-3958-8537-5bfc7d9dcfea,  -28.650890 ,  -53.429960 ,2024-01-05 17:26:00,Brasil,RIO GRANDE DO SUL,CRUZ ALTA,Mata Atlântica
 1667655001 ,c9176e93-2460-307b-8736-4b89448c3e0a,  -31.091400 ,  -53.720060 ,2024-01-13 18:04:00,Brasil,RIO GRANDE DO SUL,BAGÉ,Pampa
 1667655002 ,3c6b429b-704c-3320-9236-a23cb9f607a0,  -30.919740 ,  -52.851280 ,2024-01-13 18:04:00,Brasil,RIO GRANDE DO SUL,CANGUÇU,Pampa
 1667935923 ,ac893328-d093-3087-8317-4bcd3a6ef5bd,  -31.810880 ,  -52.846520 ,2024-01-15 17:47:00,Brasil,RIO GRANDE DO SUL,CERRITO,Pampa
 1668533817 ,8f027fd4-6c36-3358-9696-bdd31d2bf4d1,  -30.011700 ,  -51.319520 ,2024-01-19 17:17:00,Brasil,RIO GRANDE DO SUL,ELDORADO DO SUL,Pampa
 1668533818 ,b880f918-b172-3318-b924-474ff2dda7c0,  -29.803360 ,  -51.445150 ,2024-01-19 17:17:00,Brasil,RIO GRANDE DO SUL,MONTENEGRO,Pampa
 1668533819 ,f0291d6c-c1c1-3aea-b40c-8b9137d30760,  -29.616020 ,  -52.199850 ,2024-01-19 17:17:00,Brasil,RIO GRANDE DO SUL,VENÂNCIO AIRES,Mata Atlântica
 1668533820 ,9edda5c4-2567-3553-9c67-6e0618f7bcdb,  -29.588270 ,  -51.099910 ,2024-01-19 17:17:00,Brasil,RIO GRANDE DO SUL,DOIS IRMÃOS,Mata Atlântica
 1668533821 ,1bb8225a-7b32-30f4-82f2-61394837b6f8,  -28.398740 ,  -53.926100 ,2024-01-19 17:17:00,Brasil,RIO GRANDE DO SUL,IJUÍ,Mata Atlântica
 1668533822 ,ce7abe8e-e3e2-3415-ba31-a6602f251eea,  -28.397990 ,  -53.918830 ,2024-01-19 17:17:00,Brasil,RIO GRANDE DO SUL,IJUÍ,Mata Atlântica
 1669646549 ,4b4c5afa-0cc9-35db-96ca-9cdbc590f839,  -30.793660 ,  -52.827090 ,2024-01-27 17:51:00,Brasil,RIO GRANDE DO SUL,ENCRUZILHADA DO SUL,Pampa
 1669646550 ,9efd2cab-036a-3d0d-89eb-4338e9cc950c,  -29.551400 ,  -55.129020 ,2024-01-27 17:51:00,Brasil,RIO GRANDE DO SUL,SÃO FRANCISCO DE ASSIS,Pampa
 1666667687 ,1afe8d88-2e1a-33b3-860e-0e352382e01d,  -29.994420 ,  -56.788780 ,2024-01-06 18:08:00,Brasil,RIO GRANDE DO SUL,URUGUAIANA,Pampa
 1668975929 ,78ceffe9-d337-379b-8eef-040ca3b1011b,  -31.250190 ,  -52.044400 ,2024-01-22 17:43:00,Brasil,RIO GRANDE DO SUL,SÃO LOURENÇO DO SUL,Pampa
 1668975930 ,d0bf7a7e-613a-3d19-a152-5b815e7e3ceb,  -29.814250 ,  -51.619760 ,2024-01-22 17:43:00,Brasil,RIO GRANDE DO SUL,TRIUNFO,Pampa
 1668975931 ,ffceda51-9876-3cf8-b4d4-adc8d35f1b51,  -29.805230 ,  -51.621440 ,2024-01-22 17:43:00,Brasil,RIO GRANDE DO SUL,TRIUNFO,Pampa
 1670860618 ,1e13b275-b680-39ca-91f1-0687f09da1c0,  -29.148790 ,  -56.281240 ,2024-01-30 18:19:00,Brasil,RIO GRANDE DO SUL,ITAQUI,Pampa
 1671818813 ,3511a832-444b-3d31-bc6a-58d3ba8d5451,  -29.514860 ,  -51.040690 ,2024-01-31 17:21:00,Brasil,RIO GRANDE DO SUL,MORRO REUTER,Mata Atlântica
 1671818814 ,f224351f-125e-39c9-bf4b-4c8ff2903185,  -29.226570 ,  -51.349590 ,2024-01-31 17:21:00,Brasil,RIO GRANDE DO SUL,FARROUPILHA,Mata Atlântica
 1671818825 ,2d60cae3-57f9-36ff-800c-aab33f9c71ff,  -27.887610 ,  -52.232910 ,2024-01-31 17:21:00,Brasil,RIO GRANDE DO SUL,GETÚLIO VARGAS,Mata Atlântica
 1671961447 ,df3f14a7-7bd0-3353-b5ac-5936a15ee09b,  -30.441250 ,  -53.841530 ,2024-02-01 18:02:00,Brasil,RIO GRANDE DO SUL,VILA NOVA DO SUL,Pampa
 1672689135 ,220f39e1-6077-3849-b4f4-300cf57c560a,  -28.256510 ,  -51.206560 ,2024-02-05 17:32:00,Brasil,RIO GRANDE DO SUL,MUITOS CAPÕES,Mata Atlântica
 1672689145 ,a80600ea-44f3-3f46-800e-b186efce7ea3,  -27.676060 ,  -51.453910 ,2024-02-05 17:32:00,Brasil,RIO GRANDE DO SUL,BARRACÃO,Mata Atlântica
 1672903259 ,99e338fd-f70a-3fdf-928a-2425e63ca713,  -29.461860 ,  -56.097320 ,2024-02-06 18:13:00,Brasil,RIO GRANDE DO SUL,ALEGRETE,Pampa
 1672903260 ,8ee0be89-07e5-3af2-b2ce-a322da7b27d4,  -28.985170 ,  -56.281780 ,2024-02-06 18:15:00,Brasil,RIO GRANDE DO SUL,ITAQUI,Pampa
 1672903261 ,e9a3f317-4af4-3dfd-a7d2-5510c352e43f,  -28.743330 ,  -55.299640 ,2024-02-06 18:15:00,Brasil,RIO GRANDE DO SUL,ITACURUBI,Pampa
 1673124954 ,3cf5975f-d420-3ffe-aaf5-9f5e3ee5ed94,  -30.633560 ,  -52.746500 ,2024-02-07 17:15:00,Brasil,RIO GRANDE DO SUL,ENCRUZILHADA DO SUL,Pampa
 1673124955 ,ded9b6ed-93a6-3e13-9b22-b42b5e5bbad9,  -30.633500 ,  -52.741840 ,2024-02-07 17:15:00,Brasil,RIO GRANDE DO SUL,ENCRUZILHADA DO SUL,Pampa
 1673124957 ,fe7f3d6b-624e-3c5d-99e1-6069cb440313,  -29.581860 ,  -51.097980 ,2024-02-07 17:17:00,Brasil,RIO GRANDE DO SUL,DOIS IRMÃOS,Mata Atlântica
 1673469339 ,58105d58-32e5-3914-866e-6d33230cd9a1,  -30.110270 ,  -50.198560 ,2024-02-09 17:00:00,Brasil,RIO GRANDE DO SUL,CIDREIRA,Pampa
 1673623488 ,822504f3-64fd-348e-a6cf-891a5f194921,  -29.388770 ,  -50.267110 ,2024-02-10 17:41:00,Brasil,RIO GRANDE DO SUL,SÃO FRANCISCO DE PAULA,Mata Atlântica
 1673623489 ,7f348589-7930-3d4f-b45c-67e4e2ff8518,  -29.387290 ,  -50.256900 ,2024-02-10 17:41:00,Brasil,RIO GRANDE DO SUL,SÃO FRANCISCO DE PAULA,Mata Atlântica
 1673623491 ,ce1ef794-3a7a-37be-8069-4f56819079fd,  -28.072000 ,  -52.015180 ,2024-02-10 17:41:00,Brasil,RIO GRANDE DO SUL,TAPEJARA,Mata Atlântica
 1673920781 ,4c99345e-6d8b-373c-9d31-ad1724385d54,  -28.512240 ,  -50.559530 ,2024-02-12 17:26:00,Brasil,RIO GRANDE DO SUL,BOM JESUS,Mata Atlântica
 1673920783 ,b832f418-5bf3-3e41-8cb2-00a9752049db,  -27.949010 ,  -52.924600 ,2024-02-12 17:26:00,Brasil,RIO GRANDE DO SUL,SARANDI,Mata Atlântica
 1674684198 ,14a50fda-9ee8-3c7e-a1e2-03bcb7cb5dbd,  -33.457220 ,  -53.013510 ,2024-02-17 17:34:00,Brasil,RIO GRANDE DO SUL,SANTA VITÓRIA DO PALMAR,Pampa
 1675183293 ,1bcc6d09-0e3a-340a-be86-4deabbdc4f15,  -31.672280 ,  -53.438220 ,2024-02-20 18:00:00,Brasil,RIO GRANDE DO SUL,PINHEIRO MACHADO,Pampa
 1675382496 ,fc31fee4-9341-3724-8f67-d045606ad759,  -30.855500 ,  -50.622360 ,2024-02-21 17:04:00,Brasil,RIO GRANDE DO SUL,MOSTARDAS,Pampa
 1675578845 ,887c43d7-8dcb-35b2-9ae3-06937e8c648a,  -31.101020 ,  -53.446970 ,2024-02-22 17:45:00,Brasil,RIO GRANDE DO SUL,PINHEIRO MACHADO,Pampa
 1675578846 ,272fedf4-83ae-3470-80bf-6984b8955d39,  -30.496990 ,  -52.636690 ,2024-02-22 17:45:00,Brasil,RIO GRANDE DO SUL,ENCRUZILHADA DO SUL,Pampa
 1675578847 ,d2bcb1ac-8d37-39f0-84cc-91ae7543639d,  -30.495530 ,  -52.625600 ,2024-02-22 17:45:00,Brasil,RIO GRANDE DO SUL,ENCRUZILHADA DO SUL,Pampa
 1675578848 ,2107a7a0-37fd-3807-b873-b492e8774c5b,  -30.427830 ,  -53.448090 ,2024-02-22 17:45:00,Brasil,RIO GRANDE DO SUL,CAÇAPAVA DO SUL,Pampa
 1675578849 ,692f9f05-e1a9-3e3a-9461-573ecd1467c6,  -30.426330 ,  -53.436210 ,2024-02-22 17:45:00,Brasil,RIO GRANDE DO SUL,CAÇAPAVA DO SUL,Pampa
 1675578850 ,a5681b29-b034-31d6-9699-bf13f0c04ffa,  -29.554000 ,  -51.649930 ,2024-02-22 17:45:00,Brasil,RIO GRANDE DO SUL,BROCHIER,Mata Atlântica
 1675578851 ,9101ec17-9424-3472-b6ea-6dcf2b0bd566,  -29.541690 ,  -51.107830 ,2024-02-22 17:45:00,Brasil,RIO GRANDE DO SUL,MORRO REUTER,Mata Atlântica
 1675578852 ,b1bde02e-90b3-3f7c-9030-7c6e7f435e7b,  -29.519030 ,  -50.517600 ,2024-02-22 17:45:00,Brasil,RIO GRANDE DO SUL,SÃO FRANCISCO DE PAULA,Mata Atlântica
 1675578853 ,40ff3f5c-2371-34d6-9253-2d3010c3e103,  -28.858290 ,  -52.133260 ,2024-02-22 17:45:00,Brasil,RIO GRANDE DO SUL,ARVOREZINHA,Mata Atlântica
 1675578854 ,d4d7034c-7a79-313b-b982-26bcd44fb090,  -28.730060 ,  -53.520450 ,2024-02-22 17:45:00,Brasil,RIO GRANDE DO SUL,CRUZ ALTA,Pampa
 1675578855 ,2eea4946-cddb-3266-81a6-5bdece661db2,  -27.779680 ,  -54.232990 ,2024-02-22 17:47:00,Brasil,RIO GRANDE DO SUL,TRÊS DE MAIO,Mata Atlântica
 1675945104 ,3dde90d6-7087-36b1-8bef-54311fad232e,  -29.389420 ,  -50.259500 ,2024-02-24 17:28:00,Brasil,RIO GRANDE DO SUL,SÃO FRANCISCO DE PAULA,Mata Atlântica
 1675945106 ,c82b5046-65ea-3fee-8c00-b5a2bcb7e8d2,  -29.221060 ,  -51.338120 ,2024-02-24 17:28:00,Brasil,RIO GRANDE DO SUL,FARROUPILHA,Mata Atlântica
 1675945107 ,44b68b39-99d5-3ff4-8c43-9d4b464e5b28,  -29.390940 ,  -50.272030 ,2024-02-24 17:28:00,Brasil,RIO GRANDE DO SUL,SÃO FRANCISCO DE PAULA,Mata Atlântica
 1675945111 ,187f19cb-3dc4-3835-8750-b5ee17cba404,  -29.523770 ,  -50.885520 ,2024-02-24 17:28:00,Brasil,RIO GRANDE DO SUL,IGREJINHA,Mata Atlântica
 1675945114 ,53f3ca72-4071-3713-bb66-2d220bdbcccc,  -29.616430 ,  -56.727310 ,2024-02-24 17:28:00,Brasil,RIO GRANDE DO SUL,URUGUAIANA,Pampa
 1675960451 ,6ac3c67a-8287-3d86-ab7f-ec53a526d56f,  -27.363740 ,  -52.774030 ,2024-02-24 17:30:00,Brasil,RIO GRANDE DO SUL,NONOAI,Mata Atlântica
 1676104717 ,53d3e489-4ff1-3d95-bc73-1875c20bc8b3,  -28.952920 ,  -55.926230 ,2024-02-25 18:13:00,Brasil,RIO GRANDE DO SUL,MAÇAMBARÁ,Pampa
 1676863576 ,39463f58-6953-3ab4-bad9-947cdf06a5cc,  -29.451200 ,  -50.950940 ,2024-03-02 17:24:00,Brasil,RIO GRANDE DO SUL,SANTA MARIA DO HERVAL,Mata Atlântica
 1678210621 ,675f14c4-67e2-31b8-99e0-532ed2234904,  -29.801020 ,  -51.940770 ,2024-03-12 17:41:00,Brasil,RIO GRANDE DO SUL,GENERAL CÂMARA,Pampa
 1678210622 ,cab9d6ad-7da7-36ac-a5ca-e87b2ab458d6,  -29.799560 ,  -51.929500 ,2024-03-12 17:41:00,Brasil,RIO GRANDE DO SUL,GENERAL CÂMARA,Pampa
 1678210623 ,a90ea93a-2c71-3316-9d56-3063da8c48d4,  -29.741150 ,  -51.887720 ,2024-03-12 17:41:00,Brasil,RIO GRANDE DO SUL,TAQUARI,Mata Atlântica
 1678210625 ,51d4550d-3d81-3ee5-8f26-bb1bc2e31c91,  -27.687940 ,  -51.377560 ,2024-03-12 17:41:00,Brasil,RIO GRANDE DO SUL,BARRACÃO,Mata Atlântica
 1678595491 ,0fc6f6ea-212b-381e-a1ea-03a3d63fc57f,  -29.791390 ,  -51.628240 ,2024-03-14 17:26:00,Brasil,RIO GRANDE DO SUL,TRIUNFO,Pampa
 1678595492 ,1b843beb-4c19-342a-aa77-f98978d8c674,  -29.635130 ,  -51.999180 ,2024-03-14 17:26:00,Brasil,RIO GRANDE DO SUL,VENÂNCIO AIRES,Mata Atlântica
 1678595493 ,b617c0fb-2aa8-32e5-bfc9-e29505d8a249,  -29.563450 ,  -50.973300 ,2024-03-14 17:26:00,Brasil,RIO GRANDE DO SUL,SAPIRANGA,Mata Atlântica
 1678595494 ,dfd03a35-74b6-3976-a8a2-e93a39e1624d,  -29.514840 ,  -51.047100 ,2024-03-14 17:26:00,Brasil,RIO GRANDE DO SUL,MORRO REUTER,Mata Atlântica
 1678595495 ,64a7689e-5751-36b6-af97-381c46637b2e,  -29.513630 ,  -51.035270 ,2024-03-14 17:26:00,Brasil,RIO GRANDE DO SUL,MORRO REUTER,Mata Atlântica
 1678595496 ,0c302959-4892-3bcf-93cf-cc27fb96a74f,  -29.500170 ,  -51.555650 ,2024-03-14 17:26:00,Brasil,RIO GRANDE DO SUL,MARATÁ,Mata Atlântica
 1678595497 ,e6d47a57-eee6-393a-8509-9283cd321a33,  -29.488310 ,  -50.901430 ,2024-03-14 17:26:00,Brasil,RIO GRANDE DO SUL,GRAMADO,Mata Atlântica
 1678595498 ,dd300921-f946-35ad-ab0b-19a7476bf529,  -29.488050 ,  -50.906740 ,2024-03-14 17:26:00,Brasil,RIO GRANDE DO SUL,GRAMADO,Mata Atlântica
 1678595499 ,9dc121e3-46b1-39ef-83e9-4b75724d2e8b,  -29.472280 ,  -51.177670 ,2024-03-14 17:26:00,Brasil,RIO GRANDE DO SUL,LINHA NOVA,Mata Atlântica
 1678595500 ,c72f7336-2072-3718-b8df-9f37626c1875,  -29.456580 ,  -50.926620 ,2024-03-14 17:26:00,Brasil,RIO GRANDE DO SUL,SANTA MARIA DO HERVAL,Mata Atlântica
 1678595501 ,6d67caf0-d837-33e8-a4cf-ee9e862266ae,  -29.454860 ,  -50.910840 ,2024-03-14 17:26:00,Brasil,RIO GRANDE DO SUL,SANTA MARIA DO HERVAL,Mata Atlântica
 1678595502 ,bafc6595-6424-3159-98fe-bff78afb799d,  -29.171550 ,  -55.678180 ,2024-03-14 17:26:00,Brasil,RIO GRANDE DO SUL,ITAQUI,Pampa
 1678595504 ,caf1d5ec-c929-3c91-a675-52da6c6836ce,  -28.881440 ,  -50.868470 ,2024-03-14 17:26:00,Brasil,RIO GRANDE DO SUL,CAXIAS DO SUL,Mata Atlântica
 1679893893 ,ff7115d0-1b1b-370e-974c-909ad42c742a,  -29.763040 ,  -55.244710 ,2024-03-24 17:43:00,Brasil,RIO GRANDE DO SUL,ALEGRETE,Pampa
 1680176281 ,802f3af4-a524-3a58-aa7d-dd18c628ad6e,  -29.660170 ,  -53.054550 ,2024-03-26 17:28:00,Brasil,RIO GRANDE DO SUL,PARAÍSO DO SUL,Mata Atlântica
 1680176282 ,4c32e499-b4b8-39a0-8627-450e4e2789d3,  -28.851100 ,  -52.134210 ,2024-03-26 17:28:00,Brasil,RIO GRANDE DO SUL,ARVOREZINHA,Mata Atlântica
 1680176283 ,4325d608-ba79-33e9-aa7a-1c1a0c8a0570,  -28.848010 ,  -52.127700 ,2024-03-26 17:28:00,Brasil,RIO GRANDE DO SUL,ARVOREZINHA,Mata Atlântica
 1680358882 ,b01c4c08-bd1d-3219-b328-312edc3e4f3c,  -30.071790 ,  -53.393100 ,2024-03-27 18:09:00,Brasil,RIO GRANDE DO SUL,SÃO SEPÉ,Pampa
 1680513277 ,e460c0c6-01a1-3d97-bd27-a54242d3161a,  -30.269280 ,  -50.739670 ,2024-03-28 17:11:00,Brasil,RIO GRANDE DO SUL,VIAMÃO,Pampa
 1680513278 ,f37febac-3a87-34e3-8ff2-02ec5764ba73,  -30.266700 ,  -50.744600 ,2024-03-28 17:11:00,Brasil,RIO GRANDE DO SUL,VIAMÃO,Pampa
 1681431497 ,0e32376d-32cd-325f-b1be-bb64c1e2f228,  -30.537300 ,  -52.351120 ,2024-04-03 18:02:00,Brasil,RIO GRANDE DO SUL,DOM FELICIANO,Pampa
 1681431498 ,80ba2a6f-4968-35a6-a12f-5c3fd5fcceb3,  -29.924650 ,  -51.883000 ,2024-04-03 18:02:00,Brasil,RIO GRANDE DO SUL,GENERAL CÂMARA,Pampa
 1681431499 ,6290a478-4b4e-3ab1-ad3b-c530dd246c37,  -29.915160 ,  -51.885130 ,2024-04-03 18:02:00,Brasil,RIO GRANDE DO SUL,GENERAL CÂMARA,Pampa
 1681431500 ,3c47f0e5-b7dd-39ee-ba8a-b65c53a15bd6,  -29.913210 ,  -51.873440 ,2024-04-03 18:02:00,Brasil,RIO GRANDE DO SUL,GENERAL CÂMARA,Pampa
 1681431509 ,e89873bd-e428-36a5-8762-2de8b2f62b17,  -27.372970 ,  -53.186470 ,2024-04-03 18:04:00,Brasil,RIO GRANDE DO SUL,AMETISTA DO SUL,Mata Atlântica
 1681767722 ,f1891564-01fb-3a4b-a3c5-3d7b4cd4a60c,  -27.854660 ,  -51.378420 ,2024-04-05 17:47:00,Brasil,RIO GRANDE DO SUL,BARRACÃO,Mata Atlântica
 1672304454 ,4478c921-0a22-3897-b802-fd44778e3186,  -30.743590 ,  -51.880550 ,2024-02-03 17:47:00,Brasil,RIO GRANDE DO SUL,CAMAQUÃ,Pampa
 1672304455 ,ff6a8e1f-7cbe-3473-9bde-3748efafd5ca,  -30.631430 ,  -52.729820 ,2024-02-03 17:47:00,Brasil,RIO GRANDE DO SUL,ENCRUZILHADA DO SUL,Pampa
 1672304456 ,81a9bd6b-4586-3d04-b44c-69c1bfe17a99,  -30.623790 ,  -52.742170 ,2024-02-03 17:47:00,Brasil,RIO GRANDE DO SUL,ENCRUZILHADA DO SUL,Pampa
 1672304457 ,58e859bf-b011-3e5c-a4a2-451bbf92007b,  -30.622340 ,  -52.731460 ,2024-02-03 17:47:00,Brasil,RIO GRANDE DO SUL,ENCRUZILHADA DO SUL,Pampa
 1672304458 ,df369beb-2fdc-3adc-af81-73b76b201efd,  -30.406900 ,  -51.842100 ,2024-02-03 17:47:00,Brasil,RIO GRANDE DO SUL,BARÃO DO TRIUNFO,Pampa
 1672304460 ,b84f9535-0ab3-3fba-98c6-175aac5fbc6e,  -29.925240 ,  -53.842490 ,2024-02-03 17:47:00,Brasil,RIO GRANDE DO SUL,SANTA MARIA,Pampa
 1672304461 ,a6e4e440-04a4-317b-aabc-4362dcef7afc,  -29.614920 ,  -56.729760 ,2024-02-03 17:47:00,Brasil,RIO GRANDE DO SUL,URUGUAIANA,Pampa
 1672304462 ,a7184460-bd06-33e7-adfd-30afcd033900,  -29.168650 ,  -51.875620 ,2024-02-03 17:47:00,Brasil,RIO GRANDE DO SUL,MUÇUM,Mata Atlântica
 1672304463 ,aff9580f-fa50-3ac6-b30b-21cbce630f00,  -28.767310 ,  -50.026740 ,2024-02-03 17:47:00,Brasil,RIO GRANDE DO SUL,SÃO JOSÉ DOS AUSENTES,Mata Atlântica
 1673318612 ,963d1ca2-3a91-3799-99e5-c1818030fa3d,  -31.208850 ,  -53.532350 ,2024-02-08 17:58:00,Brasil,RIO GRANDE DO SUL,BAGÉ,Pampa
 1673318613 ,032b6a92-ce81-3162-aa1f-62debe9f1e5d,  -31.089700 ,  -53.288180 ,2024-02-08 17:58:00,Brasil,RIO GRANDE DO SUL,PINHEIRO MACHADO,Pampa
 1673318614 ,732e23a2-e40b-35a9-9a35-06aa9c031ff9,  -29.892530 ,  -57.128340 ,2024-02-08 17:58:00,Brasil,RIO GRANDE DO SUL,URUGUAIANA,Pampa
 1673318615 ,951f3a97-9bac-328c-a471-f97c6b3e6259,  -29.741040 ,  -55.110360 ,2024-02-08 17:58:00,Brasil,RIO GRANDE DO SUL,SÃO VICENTE DO SUL,Pampa
 1673318616 ,30873468-2552-39d7-9df1-7d424919c97a,  -29.619540 ,  -50.807090 ,2024-02-08 17:58:00,Brasil,RIO GRANDE DO SUL,TAQUARA,Mata Atlântica
 1673318617 ,b53e33bd-ad68-3e14-9f87-3d98cf7b6e78,  -29.395470 ,  -51.733230 ,2024-02-08 17:58:00,Brasil,RIO GRANDE DO SUL,WESTFÁLIA,Mata Atlântica
 1673318620 ,b640217c-84e7-3df6-ab9e-6c59fa7208bc,  -28.766300 ,  -53.775250 ,2024-02-08 17:58:00,Brasil,RIO GRANDE DO SUL,BOA VISTA DO CADEADO,Pampa
 1673318621 ,c3394d43-af83-3143-90c2-f67354e21b67,  -28.679280 ,  -54.306640 ,2024-02-08 17:58:00,Brasil,RIO GRANDE DO SUL,JÓIA,Pampa
 1673318622 ,efcbe6f6-4ce2-309c-ac93-ef0de1523f57,  -28.286530 ,  -54.713450 ,2024-02-08 17:58:00,Brasil,RIO GRANDE DO SUL,CAIBATÉ,Mata Atlântica
 1677186495 ,04517f13-01eb-37b4-b728-6c2eaad25d09,  -31.578330 ,  -52.908380 ,2024-03-05 17:49:00,Brasil,RIO GRANDE DO SUL,CANGUÇU,Pampa
 1677186496 ,84e08d7c-b8a3-31f1-ab31-eeb673a53183,  -31.103630 ,  -53.439960 ,2024-03-05 17:49:00,Brasil,RIO GRANDE DO SUL,PINHEIRO MACHADO,Pampa
 1677186497 ,f4c9fbc0-cf4c-3c95-a27c-a5ca69fc03e4,  -30.951680 ,  -53.166050 ,2024-03-05 17:49:00,Brasil,RIO GRANDE DO SUL,SANTANA DA BOA VISTA,Pampa
 1677186498 ,16e5eb99-b1bd-36ee-bf5b-214329a3513e,  -30.798870 ,  -53.211070 ,2024-03-05 17:49:00,Brasil,RIO GRANDE DO SUL,SANTANA DA BOA VISTA,Pampa
 1677186499 ,4da8c1fa-d638-38c4-95c8-c96b3398f3f9,  -30.749290 ,  -51.753930 ,2024-03-05 17:49:00,Brasil,RIO GRANDE DO SUL,CAMAQUÃ,Pampa
 1677186500 ,4ab02220-eceb-3c52-a42c-234960ce83dd,  -30.747820 ,  -51.743520 ,2024-03-05 17:49:00,Brasil,RIO GRANDE DO SUL,CAMAQUÃ,Pampa
 1677186501 ,7ba7868d-6b64-3442-aa07-b299dd43264c,  -30.699940 ,  -52.519570 ,2024-03-05 17:49:00,Brasil,RIO GRANDE DO SUL,ENCRUZILHADA DO SUL,Pampa
 1677186502 ,2724339a-5804-3cc7-b5e7-27b6442f9f5c,  -30.690860 ,  -52.521230 ,2024-03-05 17:49:00,Brasil,RIO GRANDE DO SUL,ENCRUZILHADA DO SUL,Pampa
 1677186503 ,e23c1602-670e-3b8b-b816-25339015d69a,  -30.689400 ,  -52.510530 ,2024-03-05 17:49:00,Brasil,RIO GRANDE DO SUL,ENCRUZILHADA DO SUL,Pampa
 1677186504 ,9b8775f9-de53-395b-b0da-612c3ce49d96,  -30.498360 ,  -52.525460 ,2024-03-05 17:49:00,Brasil,RIO GRANDE DO SUL,ENCRUZILHADA DO SUL,Pampa
 1677186505 ,d6ce4ec4-f82b-3da6-8f83-f6e63bf85396,  -30.305710 ,  -52.803050 ,2024-03-05 17:49:00,Brasil,RIO GRANDE DO SUL,CACHOEIRA DO SUL,Pampa
 1677186506 ,6e2527b2-c84c-3007-a75b-20e58d02707d,  -30.163390 ,  -51.145520 ,2024-03-05 17:49:00,Brasil,RIO GRANDE DO SUL,PORTO ALEGRE,Pampa
 1677438789 ,800555c7-3cac-3a48-84a0-77cf98f34376,  -30.382080 ,  -51.668390 ,2024-03-07 17:32:00,Brasil,RIO GRANDE DO SUL,MARIANA PIMENTEL,Pampa
 1677438790 ,0971058a-a147-3db1-9b97-d9f3dd92a396,  -29.586040 ,  -51.277060 ,2024-03-07 17:32:00,Brasil,RIO GRANDE DO SUL,PORTÃO,Mata Atlântica
 1677438791 ,0f1f5045-a018-3829-b7ce-cdeb7ee26de4,  -29.490110 ,  -51.069600 ,2024-03-07 17:32:00,Brasil,RIO GRANDE DO SUL,MORRO REUTER,Mata Atlântica
 1677438792 ,813222fd-3485-31fe-86e9-c70106156157,  -29.433340 ,  -51.626620 ,2024-03-07 17:32:00,Brasil,RIO GRANDE DO SUL,SALVADOR DO SUL,Mata Atlântica
 1677438793 ,a3d16241-a86f-3300-830f-853c6f480f1e,  -29.431800 ,  -51.613050 ,2024-03-07 17:32:00,Brasil,RIO GRANDE DO SUL,SALVADOR DO SUL,Mata Atlântica
 1677438794 ,ba1e6ac5-6041-37ab-b8f9-9228d88dcbb3,  -29.299280 ,  -51.505220 ,2024-03-07 17:32:00,Brasil,RIO GRANDE DO SUL,CARLOS BARBOSA,Mata Atlântica
 1677438795 ,7b81b73f-de8d-32a9-94b8-c45f8d0660a8,  -28.945060 ,  -53.097890 ,2024-03-07 17:32:00,Brasil,RIO GRANDE DO SUL,CAMPOS BORGES,Mata Atlântica
 1680661294 ,82b20562-4fa7-3b81-9123-41534250652c,  -31.258430 ,  -52.993520 ,2024-03-29 17:54:00,Brasil,RIO GRANDE DO SUL,PIRATINI,Pampa
 1680661295 ,7fc7b07c-db5e-338f-aedc-965783b3d324,  -31.256950 ,  -52.982890 ,2024-03-29 17:54:00,Brasil,RIO GRANDE DO SUL,PIRATINI,Pampa
 1680661296 ,eb2295bc-f28d-3b3d-9142-556608f104af,  -31.079890 ,  -53.921720 ,2024-03-29 17:54:00,Brasil,RIO GRANDE DO SUL,BAGÉ,Pampa
 1680661297 ,b17dd1f0-5eb9-3a80-976c-d706de8eff72,  -31.078430 ,  -53.910630 ,2024-03-29 17:54:00,Brasil,RIO GRANDE DO SUL,BAGÉ,Pampa
 1684111438 ,b959fe48-52e2-3aeb-984c-17da3b44ad8b,  -29.913940 ,  -51.890610 ,2024-04-19 17:32:00,Brasil,RIO GRANDE DO SUL,GENERAL CÂMARA,Pampa
 1684111439 ,db0d78f7-96ce-3f73-bc95-6ecda9e41310,  -29.913420 ,  -51.883790 ,2024-04-19 17:32:00,Brasil,RIO GRANDE DO SUL,GENERAL CÂMARA,Pampa
 1684268210 ,5388b502-c270-328f-85ab-c82afe6495b7,  -29.651890 ,  -52.194630 ,2024-04-20 18:11:00,Brasil,RIO GRANDE DO SUL,VENÂNCIO AIRES,Mata Atlântica
 1684268211 ,c1d2345d-a5b0-3a5d-83d4-2c7d65123d0e,  -29.649180 ,  -52.179650 ,2024-04-20 18:11:00,Brasil,RIO GRANDE DO SUL,VENÂNCIO AIRES,Mata Atlântica
 1684268212 ,9cef77b7-8ba0-3ca7-a825-7b704b566923,  -29.551290 ,  -51.584400 ,2024-04-20 18:11:00,Brasil,RIO GRANDE DO SUL,BROCHIER,Mata Atlântica
 1684268213 ,d77573f5-5b3a-38bd-be18-097dd670a0e4,  -29.485720 ,  -51.482370 ,2024-04-20 18:11:00,Brasil,RIO GRANDE DO SUL,SALVADOR DO SUL,Mata Atlântica
 1684268214 ,2fd9e3a9-9fe3-31d3-a15c-28b5ce1e0ce2,  -29.321200 ,  -56.526170 ,2024-04-20 18:11:00,Brasil,RIO GRANDE DO SUL,ITAQUI,Pampa
 1684268215 ,c74553f3-038b-3400-9243-c54632b31d56,  -29.319680 ,  -56.515960 ,2024-04-20 18:11:00,Brasil,RIO GRANDE DO SUL,ITAQUI,Pampa
 1684421207 ,7d11620f-ae17-37a5-b817-3002215be9ec,  -28.771470 ,  -50.228940 ,2024-04-21 17:15:00,Brasil,RIO GRANDE DO SUL,BOM JESUS,Mata Atlântica
 1684421208 ,61b5191d-822a-390e-9589-94ab450c75d5,  -28.769400 ,  -50.206300 ,2024-04-21 17:15:00,Brasil,RIO GRANDE DO SUL,BOM JESUS,Mata Atlântica
 1684421216 ,44b340f3-9bde-328c-94eb-ac841bacca49,  -29.100010 ,  -50.418270 ,2024-04-21 17:15:00,Brasil,RIO GRANDE DO SUL,JAQUIRANA,Mata Atlântica
 1684421217 ,80a3dfe0-49c0-3865-b0c8-8aee75337be5,  -29.095500 ,  -50.412110 ,2024-04-21 17:15:00,Brasil,RIO GRANDE DO SUL,JAQUIRANA,Mata Atlântica
 1684836776 ,84cfa95e-05d1-3d60-9f59-646500e00bc1,  -30.526770 ,  -52.764770 ,2024-04-24 17:39:00,Brasil,RIO GRANDE DO SUL,ENCRUZILHADA DO SUL,Pampa
 1684978784 ,06b5be73-4f56-35d6-b7b0-aaa3ff48b8ff,  -30.521240 ,  -52.760940 ,2024-04-25 18:19:00,Brasil,RIO GRANDE DO SUL,ENCRUZILHADA DO SUL,Pampa
 1684978785 ,3019b513-3e8c-3fb8-9c30-cf3b714fd210,  -30.519880 ,  -52.774440 ,2024-04-25 18:19:00,Brasil,RIO GRANDE DO SUL,ENCRUZILHADA DO SUL,Pampa
 1684978786 ,caac4759-2ecb-3ee0-be19-9694cb4f5d74,  -30.516390 ,  -52.756660 ,2024-04-25 18:19:00,Brasil,RIO GRANDE DO SUL,ENCRUZILHADA DO SUL,Pampa
 1684978787 ,8965e269-e5cf-3a7d-a697-659e0b2c9c3a,  -29.756650 ,  -53.887020 ,2024-04-25 18:21:00,Brasil,RIO GRANDE DO SUL,SANTA MARIA,Pampa
 1684978788 ,8f1da366-5d5a-3e6d-a9f5-4d8823a29dee,  -29.753740 ,  -53.871300 ,2024-04-25 18:21:00,Brasil,RIO GRANDE DO SUL,SANTA MARIA,Pampa
 1688032758 ,50d862d3-132f-3be6-983d-0465ac821f46,  -31.273890 ,  -53.283050 ,2024-05-14 18:11:00,Brasil,RIO GRANDE DO SUL,PIRATINI,Pampa
 1688032759 ,b83a757a-0128-3a2d-94ec-9a1e4bbc6e50,  -31.271850 ,  -53.271080 ,2024-05-14 18:11:00,Brasil,RIO GRANDE DO SUL,PIRATINI,Pampa
 1688032760 ,3ebddc8d-d4e0-3be9-9519-ffb3f80016b6,  -31.268910 ,  -53.278590 ,2024-05-14 18:11:00,Brasil,RIO GRANDE DO SUL,PIRATINI,Pampa
 1690661935 ,ee54822d-795d-3f9c-9490-e5dbe2397ae7,  -30.654540 ,  -52.809060 ,2024-06-02 18:02:00,Brasil,RIO GRANDE DO SUL,ENCRUZILHADA DO SUL,Pampa
 1690661936 ,9fae1464-38d0-3b3d-ab3d-5c9c73c6275b,  -29.020400 ,  -52.375940 ,2024-06-02 18:02:00,Brasil,RIO GRANDE DO SUL,FONTOURA XAVIER,Mata Atlântica
 1692125537 ,12e9c816-e7a5-311a-a5ab-30befb82470a,  -29.065220 ,  -52.759170 ,2024-06-11 17:37:00,Brasil,RIO GRANDE DO SUL,SOLEDADE,Mata Atlântica
 1692125538 ,fdddc288-2c74-3db6-bd12-28fceb5c0824,  -29.063300 ,  -52.741300 ,2024-06-11 17:37:00,Brasil,RIO GRANDE DO SUL,SOLEDADE,Mata Atlântica
 1691746829 ,575fe639-3ae4-3060-9d99-2c73d9b5374e,  -29.684430 ,  -51.749760 ,2024-06-09 17:54:00,Brasil,RIO GRANDE DO SUL,TABAÍ,Pampa
 1691746830 ,a1d316f4-098b-3942-8764-8f211979dba4,  -29.092550 ,  -50.416720 ,2024-06-09 17:54:00,Brasil,RIO GRANDE DO SUL,JAQUIRANA,Mata Atlântica
 1691394738 ,31b4289f-4832-374e-b51c-5e02355308ea,  -30.811490 ,  -52.645420 ,2024-06-07 18:09:00,Brasil,RIO GRANDE DO SUL,ENCRUZILHADA DO SUL,Pampa
 1691394739 ,1daf4e2b-7c2d-3ce1-9614-393aaa7a3660,  -30.212960 ,  -52.939790 ,2024-06-07 18:09:00,Brasil,RIO GRANDE DO SUL,CACHOEIRA DO SUL,Pampa
 1691394740 ,06a9adee-b24c-3af7-8a2c-fbeeb9588a36,  -29.773710 ,  -51.279210 ,2024-06-07 18:09:00,Brasil,RIO GRANDE DO SUL,PORTÃO,Pampa
 1691394741 ,d1ca7636-d717-3e62-a614-0390dccd009a,  -29.768170 ,  -51.286030 ,2024-06-07 18:09:00,Brasil,RIO GRANDE DO SUL,PORTÃO,Pampa
 1691394742 ,49169e04-2322-3ff6-b437-f5b07917bfdc,  -29.289720 ,  -56.415730 ,2024-06-07 18:09:00,Brasil,RIO GRANDE DO SUL,ITAQUI,Pampa
 1691394743 ,26bd9ad4-820d-330f-bb4b-d4169c99c592,  -29.288270 ,  -56.405350 ,2024-06-07 18:09:00,Brasil,RIO GRANDE DO SUL,ITAQUI,Pampa
 1691394744 ,173bc250-6164-363f-b7ac-a100d3fe29de,  -29.243610 ,  -56.349820 ,2024-06-07 18:09:00,Brasil,RIO GRANDE DO SUL,ITAQUI,Pampa
 1691394745 ,e1b1a750-b199-3bba-91ca-1cdd30ff83cd,  -29.237840 ,  -56.308520 ,2024-06-07 18:09:00,Brasil,RIO GRANDE DO SUL,ITAQUI,Pampa
 1691042714 ,97239075-3f71-36ea-88ff-cd51a6ada3a3,  -29.993060 ,  -57.014580 ,2024-06-05 18:26:00,Brasil,RIO GRANDE DO SUL,URUGUAIANA,Pampa
 1691042715 ,8c84ae2f-ffe7-369b-9a4f-acc7a39180b2,  -29.506240 ,  -56.376300 ,2024-06-05 18:26:00,Brasil,RIO GRANDE DO SUL,ALEGRETE,Pampa
 1690355019 ,4ac5b746-4d2f-38e3-8cf7-de011c9646bb,  -29.538250 ,  -56.346250 ,2024-05-30 17:39:00,Brasil,RIO GRANDE DO SUL,ALEGRETE,Pampa
 1690355020 ,884e4497-4f40-39f9-a371-5ad7ca722474,  -29.536020 ,  -56.317870 ,2024-05-30 17:39:00,Brasil,RIO GRANDE DO SUL,ALEGRETE,Pampa
 1690355021 ,947fec36-e614-3443-bd22-54b659ac8f08,  -29.535820 ,  -56.351100 ,2024-05-30 17:39:00,Brasil,RIO GRANDE DO SUL,ALEGRETE,Pampa
 1690355022 ,25c4da48-397f-317b-8805-9ce61c7a906e,  -29.533400 ,  -56.322680 ,2024-05-30 17:39:00,Brasil,RIO GRANDE DO SUL,ALEGRETE,Pampa
 1690466637 ,44c3ee99-1620-39a2-ad27-02bd5136a542,  -29.530910 ,  -56.325770 ,2024-05-31 18:19:00,Brasil,RIO GRANDE DO SUL,ALEGRETE,Pampa
 1692309060 ,f6faaa09-369c-3730-b3db-947005424167,  -29.077920 ,  -52.751120 ,2024-06-12 18:17:00,Brasil,RIO GRANDE DO SUL,SOLEDADE,Mata Atlântica
 1692309061 ,9582ab96-b5b1-30ef-9e24-ada51e280638,  -28.656120 ,  -51.302380 ,2024-06-12 18:17:00,Brasil,RIO GRANDE DO SUL,IPÊ,Mata Atlântica
 1692309062 ,a7b17bdd-a4cf-36be-953f-5811393c5444,  -28.652570 ,  -51.283880 ,2024-06-12 18:17:00,Brasil,RIO GRANDE DO SUL,IPÊ,Mata Atlântica
 1692309063 ,48da9f98-82ab-3743-91b1-4a67c5dbca36,  -27.659290 ,  -54.161010 ,2024-06-12 18:19:00,Brasil,RIO GRANDE DO SUL,BOA VISTA DO BURICÁ,Mata Atlântica
 1692309065 ,202fa062-8888-35d9-9c2a-eb9cbd941698,  -27.613020 ,  -53.040830 ,2024-06-12 18:19:00,Brasil,RIO GRANDE DO SUL,LIBERATO SALZANO,Mata Atlântica
 1692309066 ,20058b10-3f21-3932-8790-18b27d39f6bc,  -27.608270 ,  -53.032380 ,2024-06-12 18:19:00,Brasil,RIO GRANDE DO SUL,LIBERATO SALZANO,Mata Atlântica
 1692309586 ,593a0096-71bf-361e-bf87-9b9a9ca5b735,  -29.558720 ,  -56.042160 ,2024-06-12 18:17:00,Brasil,RIO GRANDE DO SUL,ALEGRETE,Pampa
 1692309587 ,7c34d0f9-24ea-3f0c-b79f-fafd413fd287,  -29.477170 ,  -55.699180 ,2024-06-12 18:17:00,Brasil,RIO GRANDE DO SUL,MANOEL VIANA,Pampa
 1692309588 ,708f38ae-171c-397d-9568-797973836b20,  -29.475480 ,  -55.688500 ,2024-06-12 18:17:00,Brasil,RIO GRANDE DO SUL,MANOEL VIANA,Pampa
 1692309589 ,101e4836-1bdb-3406-b8eb-7d90d6fa8c1a,  -29.315950 ,  -56.389260 ,2024-06-12 18:17:00,Brasil,RIO GRANDE DO SUL,ITAQUI,Pampa
 1692309590 ,d5a3d2b3-fde1-3935-b90a-12044f958148,  -29.194540 ,  -56.195060 ,2024-06-12 18:17:00,Brasil,RIO GRANDE DO SUL,ITAQUI,Pampa
 1692309591 ,03c50065-1abc-3ce3-8585-556161dbab1c,  -30.391040 ,  -52.131730 ,2024-06-12 18:17:00,Brasil,RIO GRANDE DO SUL,BUTIÁ,Pampa
 1690565375 ,6645aa5d-7bdf-3baf-a443-ba14f15bfcb6,  -29.071280 ,  -53.987320 ,2024-06-01 17:22:00,Brasil,RIO GRANDE DO SUL,TUPANCIRETÃ,Pampa
 1690565376 ,450cb303-aa61-307a-90d2-3b60c21b3a08,  -29.063070 ,  -53.995420 ,2024-06-01 17:22:00,Brasil,RIO GRANDE DO SUL,TUPANCIRETÃ,Pampa
 1692732796 ,58f76b11-b2e0-3569-a6be-5627e28dd374,  -29.344110 ,  -50.329680 ,2024-06-14 18:00:00,Brasil,RIO GRANDE DO SUL,SÃO FRANCISCO DE PAULA,Mata Atlântica
 1692732797 ,c465547b-90ad-325c-914d-7f68bd8ac583,  -29.342160 ,  -50.317910 ,2024-06-14 18:00:00,Brasil,RIO GRANDE DO SUL,SÃO FRANCISCO DE PAULA,Mata Atlântica
 1692732798 ,f17f16ce-de6f-364f-8ba8-6e21565c9bec,  -28.908510 ,  -50.057160 ,2024-06-14 18:02:00,Brasil,RIO GRANDE DO SUL,CAMBARÁ DO SUL,Mata Atlântica
 1692732799 ,ad14a1f6-7e7b-3c06-86ff-0a651a6f2138,  -28.889230 ,  -50.061730 ,2024-06-14 18:02:00,Brasil,RIO GRANDE DO SUL,CAMBARÁ DO SUL,Mata Atlântica
 1692732800 ,67472214-8a6d-3ab9-a34a-8218fe74ec91,  -28.738240 ,  -50.145120 ,2024-06-14 18:02:00,Brasil,RIO GRANDE DO SUL,SÃO JOSÉ DOS AUSENTES,Mata Atlântica
 1692732832 ,a9d5a489-3641-3f3c-adc5-346665379deb,  -27.824280 ,  -51.393510 ,2024-06-14 18:02:00,Brasil,RIO GRANDE DO SUL,BARRACÃO,Mata Atlântica
 1692732867 ,a31ac8d6-fdfd-34ef-ab38-2668e310c4cc,  -29.556840 ,  -51.193230 ,2024-06-14 18:00:00,Brasil,RIO GRANDE DO SUL,IVOTI,Mata Atlântica
 1692732868 ,f3dc3527-5a5a-3818-a526-fae51ade08e1,  -29.543490 ,  -50.476150 ,2024-06-14 18:00:00,Brasil,RIO GRANDE DO SUL,ROLANTE,Mata Atlântica
 1692732869 ,bb4fece6-3b99-3ae3-bb30-269e14c76cc4,  -29.541650 ,  -50.464980 ,2024-06-14 18:00:00,Brasil,RIO GRANDE DO SUL,ROLANTE,Mata Atlântica
 1692732870 ,c22d2e9c-4a38-379e-9933-e96a90e87d9d,  -29.503300 ,  -51.553750 ,2024-06-14 18:00:00,Brasil,RIO GRANDE DO SUL,MARATÁ,Mata Atlântica
 1692732871 ,9c3aa298-f495-3cf3-a3de-91d7cb629860,  -29.452700 ,  -50.996620 ,2024-06-14 18:00:00,Brasil,RIO GRANDE DO SUL,SANTA MARIA DO HERVAL,Mata Atlântica
 1692732872 ,dfc947a6-74a7-37f9-b272-1628ae714f52,  -29.450950 ,  -50.985700 ,2024-06-14 18:00:00,Brasil,RIO GRANDE DO SUL,SANTA MARIA DO HERVAL,Mata Atlântica
 1692732873 ,8e24660c-b3ca-396f-a350-0b6a93813f91,  -29.445210 ,  -51.009410 ,2024-06-14 18:00:00,Brasil,RIO GRANDE DO SUL,SANTA MARIA DO HERVAL,Mata Atlântica
 1692732874 ,d18c8f8f-21ed-3513-83e5-b7aa26394ad9,  -29.430930 ,  -51.265920 ,2024-06-14 18:00:00,Brasil,RIO GRANDE DO SUL,FELIZ,Mata Atlântica
 1692732875 ,e38abb91-6dbe-332d-a4cf-e1938f22150e,  -29.425700 ,  -50.888200 ,2024-06-14 18:00:00,Brasil,RIO GRANDE DO SUL,GRAMADO,Mata Atlântica
 1692732876 ,33732f39-8d84-3064-97ec-82fc5f334a6b,  -29.420090 ,  -51.675790 ,2024-06-14 18:02:00,Brasil,RIO GRANDE DO SUL,POÇO DAS ANTAS,Mata Atlântica
 1692732877 ,74740d3e-ce3f-34df-a8e9-363e4d015533,  -29.414330 ,  -51.579350 ,2024-06-14 18:02:00,Brasil,RIO GRANDE DO SUL,SÃO PEDRO DA SERRA,Mata Atlântica
 1692732878 ,f36cf91c-6b02-3d67-921b-eb55d62b370b,  -29.110970 ,  -50.603130 ,2024-06-14 18:02:00,Brasil,RIO GRANDE DO SUL,SÃO FRANCISCO DE PAULA,Mata Atlântica
 1692732879 ,36769e46-8a46-3bd3-a90a-17bf62e1c8de,  -29.007760 ,  -51.507550 ,2024-06-14 18:02:00,Brasil,RIO GRANDE DO SUL,VERANÓPOLIS,Mata Atlântica
 1692732880 ,1d611027-074d-30be-a345-2d2bb667a32e,  -28.868420 ,  -50.871870 ,2024-06-14 18:02:00,Brasil,RIO GRANDE DO SUL,CAXIAS DO SUL,Mata Atlântica
 1692732881 ,2a127479-fe53-3f4a-9c8e-b6842a7b25f2,  -28.744300 ,  -50.800460 ,2024-06-14 18:02:00,Brasil,RIO GRANDE DO SUL,MONTE ALEGRE DOS CAMPOS,Mata Atlântica
 1692732882 ,6c099f03-7f3a-37e8-b8f1-f08c854f79f1,  -28.106510 ,  -51.249440 ,2024-06-14 18:02:00,Brasil,RIO GRANDE DO SUL,ESMERALDA,Mata Atlântica
 1692732883 ,5f6f98e6-4bf3-3eb1-affa-b5195dc1970d,  -30.394840 ,  -52.130570 ,2024-06-14 18:00:00,Brasil,RIO GRANDE DO SUL,BUTIÁ,Pampa
 1692732884 ,90e89f15-9dbf-342e-bd8b-57012bf8129a,  -30.393290 ,  -52.120180 ,2024-06-14 18:00:00,Brasil,RIO GRANDE DO SUL,BUTIÁ,Pampa
 1692732885 ,8f4d3f38-2a53-3171-9b3c-546baf9ebaa7,  -30.015790 ,  -51.764980 ,2024-06-14 18:00:00,Brasil,RIO GRANDE DO SUL,SÃO JERÔNIMO,Pampa
 1692732886 ,6fc24060-eb67-349c-94b5-93434baa8dee,  -29.785560 ,  -51.531390 ,2024-06-14 18:00:00,Brasil,RIO GRANDE DO SUL,TRIUNFO,Pampa
 1692732887 ,b787863b-7829-32c3-9a0a-b7ec90c012a7,  -29.693350 ,  -51.168660 ,2024-06-14 18:00:00,Brasil,RIO GRANDE DO SUL,NOVO HAMBURGO,Pampa
 1692732888 ,e85eff4a-878b-3a89-81eb-437b8c0257f5,  -29.676010 ,  -51.653850 ,2024-06-14 18:00:00,Brasil,RIO GRANDE DO SUL,TRIUNFO,Pampa
 1692732889 ,eb52ed9e-6aae-3992-99e3-929df130b17e,  -29.525520 ,  -51.755750 ,2024-06-14 18:00:00,Brasil,RIO GRANDE DO SUL,PAVERAMA,Mata Atlântica
 1692732925 ,56f02b43-259c-3a22-b673-a16799e5462c,  -27.984650 ,  -52.971600 ,2024-06-14 18:02:00,Brasil,RIO GRANDE DO SUL,NOVA BOA VISTA,Mata Atlântica
 1692732926 ,ab16ad7e-86ec-3008-9c14-c7c57d24a5b8,  -27.949890 ,  -52.250150 ,2024-06-14 18:02:00,Brasil,RIO GRANDE DO SUL,ESTAÇÃO,Mata Atlântica
 1692732932 ,b7f9c371-728a-3068-8555-d7e47ecbc4b7,  -29.592500 ,  -52.379590 ,2024-06-14 18:00:00,Brasil,RIO GRANDE DO SUL,SANTA CRUZ DO SUL,Mata Atlântica
 1692732933 ,08f9c55d-108e-3ced-b22b-47375390380d,  -29.350220 ,  -52.729650 ,2024-06-14 18:02:00,Brasil,RIO GRANDE DO SUL,SINIMBU,Mata Atlântica
 1692732934 ,b4a6cfb2-0f53-37f7-a6b8-e8ca3becd4ef,  -29.342540 ,  -52.615830 ,2024-06-14 18:02:00,Brasil,RIO GRANDE DO SUL,GRAMADO XAVIER,Mata Atlântica
 1692732935 ,e6549875-0b20-3af6-85b0-79e25837f661,  -29.341030 ,  -52.605630 ,2024-06-14 18:02:00,Brasil,RIO GRANDE DO SUL,GRAMADO XAVIER,Mata Atlântica
 1692732936 ,6520d6ca-f7c0-3371-9195-d477daa98277,  -29.258420 ,  -52.421930 ,2024-06-14 18:02:00,Brasil,RIO GRANDE DO SUL,BOQUEIRÃO DO LEÃO,Mata Atlântica
 1692732937 ,272a0076-ed76-3a13-814f-2a2aeeb3bbaa,  -29.229020 ,  -52.476740 ,2024-06-14 18:02:00,Brasil,RIO GRANDE DO SUL,BARROS CASSAL,Mata Atlântica
 1692732938 ,c301cbf1-604f-3dee-b279-edd43b0c23b2,  -29.226580 ,  -52.645230 ,2024-06-14 18:02:00,Brasil,RIO GRANDE DO SUL,BARROS CASSAL,Mata Atlântica
 1692732939 ,411f297e-ac51-3821-bbf1-d62e91cc5fbf,  -29.225070 ,  -52.635040 ,2024-06-14 18:02:00,Brasil,RIO GRANDE DO SUL,BARROS CASSAL,Mata Atlântica
 1692732940 ,2ce9d790-05ab-308b-8cfd-1f1de4917203,  -29.010840 ,  -52.374190 ,2024-06-14 18:02:00,Brasil,RIO GRANDE DO SUL,FONTOURA XAVIER,Mata Atlântica
 1692732941 ,30eaa492-1bbc-30f6-8407-c3210db2dbd1,  -28.993560 ,  -52.503890 ,2024-06-14 18:02:00,Brasil,RIO GRANDE DO SUL,SOLEDADE,Mata Atlântica
 1692732942 ,4cf7f9c4-fdb4-33ad-b82f-97ccab6ffe4a,  -28.912830 ,  -52.514900 ,2024-06-14 18:02:00,Brasil,RIO GRANDE DO SUL,SOLEDADE,Mata Atlântica
 1692732943 ,e4ff7f97-b287-3138-b37d-0718fdd5bc0c,  -29.560360 ,  -53.159000 ,2024-06-14 18:02:00,Brasil,RIO GRANDE DO SUL,AGUDO,Mata Atlântica
 1692732994 ,f6335ac8-f631-3641-8cb3-f7e142fd6b4e,  -29.014160 ,  -54.314080 ,2024-06-14 18:02:00,Brasil,RIO GRANDE DO SUL,TUPANCIRETÃ,Pampa
 1692732995 ,23428711-2d13-3773-9e06-fc3a4d8de73d,  -29.012720 ,  -54.303550 ,2024-06-14 18:02:00,Brasil,RIO GRANDE DO SUL,TUPANCIRETÃ,Pampa
 1694595590 ,9fb7fa7c-05fd-30b1-9741-aac7daa8cbf2,  -31.155440 ,  -53.102650 ,2024-06-24 18:15:00,Brasil,RIO GRANDE DO SUL,PIRATINI,Pampa
 1694595592 ,cf88c1ed-3c79-3d74-aa6a-701a327840cc,  -31.157040 ,  -53.096810 ,2024-06-24 18:15:00,Brasil,RIO GRANDE DO SUL,PIRATINI,Pampa
 1694595593 ,43001e53-c146-3b2b-807e-b0ad902eb3eb,  -31.154970 ,  -53.084700 ,2024-06-24 18:15:00,Brasil,RIO GRANDE DO SUL,PIRATINI,Pampa
 1694595594 ,ef3389c9-dbc0-39ca-9def-69ce2781668a,  -31.153440 ,  -53.090630 ,2024-06-24 18:15:00,Brasil,RIO GRANDE DO SUL,PIRATINI,Pampa
 1696174247 ,ff717a50-8f21-3532-bbac-656e58841f0d,  -31.519190 ,  -53.090960 ,2024-07-01 18:04:00,Brasil,RIO GRANDE DO SUL,PIRATINI,Pampa
 1696174248 ,43c2a64e-dee1-3c66-b872-e9a849436248,  -30.750820 ,  -52.516620 ,2024-07-01 18:04:00,Brasil,RIO GRANDE DO SUL,ENCRUZILHADA DO SUL,Pampa
 1696174249 ,12ef6dd9-a7b0-36f4-9d1d-cc9757a611ae,  -29.388060 ,  -52.895960 ,2024-07-01 18:04:00,Brasil,RIO GRANDE DO SUL,SEGREDO,Mata Atlântica
 1696174250 ,57957e14-1b1b-3377-b573-7a6c5998fcc3,  -29.093120 ,  -50.857880 ,2024-07-01 18:04:00,Brasil,RIO GRANDE DO SUL,SÃO FRANCISCO DE PAULA,Mata Atlântica
 1696174251 ,45c34049-41e6-31b0-82c7-167c35e4f5bc,  -29.088260 ,  -52.750710 ,2024-07-01 18:04:00,Brasil,RIO GRANDE DO SUL,SOLEDADE,Mata Atlântica
 1696174252 ,3cfce7c8-2f1f-3fdf-8856-202c7021ed5f,  -29.086660 ,  -52.740300 ,2024-07-01 18:04:00,Brasil,RIO GRANDE DO SUL,SOLEDADE,Mata Atlântica
 1696174253 ,fd5d7b2d-0404-36c4-a93f-1fb6baaaf3fa,  -28.663870 ,  -50.460180 ,2024-07-01 18:04:00,Brasil,RIO GRANDE DO SUL,BOM JESUS,Mata Atlântica
 1696174254 ,dee84a92-3e4a-3502-98f0-1f10708f6553,  -28.559710 ,  -50.449630 ,2024-07-01 18:04:00,Brasil,RIO GRANDE DO SUL,BOM JESUS,Mata Atlântica
 1696174256 ,82e757c8-8472-34ea-b0df-21e87b8af91f,  -28.557430 ,  -50.436650 ,2024-07-01 18:04:00,Brasil,RIO GRANDE DO SUL,BOM JESUS,Mata Atlântica
 1696657557 ,c012df81-76ae-3d2b-a79c-ca4bb9be948c,  -31.178050 ,  -52.467150 ,2024-07-03 17:49:00,Brasil,RIO GRANDE DO SUL,CANGUÇU,Pampa
 1696657558 ,da46ccea-93e5-321c-b72c-25b8965f152d,  -30.815130 ,  -52.660340 ,2024-07-03 17:49:00,Brasil,RIO GRANDE DO SUL,ENCRUZILHADA DO SUL,Pampa
 1696657559 ,e3e56527-db45-3f3c-869b-304453f4e7c4,  -30.813560 ,  -52.647490 ,2024-07-03 17:49:00,Brasil,RIO GRANDE DO SUL,ENCRUZILHADA DO SUL,Pampa
 1696657560 ,3d010890-f11d-3882-a4da-7e29d48a65b8,  -30.532400 ,  -52.763160 ,2024-07-03 17:49:00,Brasil,RIO GRANDE DO SUL,ENCRUZILHADA DO SUL,Pampa
 1696657561 ,b6311ca9-560d-3f5f-8518-baa3934a1c7f,  -28.486910 ,  -51.869800 ,2024-07-03 17:49:00,Brasil,RIO GRANDE DO SUL,VANINI,Mata Atlântica
 1697945178 ,fa6751c6-3ee0-36d3-b19b-7c1a744b1df0,  -31.673170 ,  -53.421440 ,2024-07-08 17:54:00,Brasil,RIO GRANDE DO SUL,PINHEIRO MACHADO,Pampa
 1697945179 ,446a0a55-9c3a-33b3-8571-04c30460f6b4,  -31.424530 ,  -52.651910 ,2024-07-08 17:54:00,Brasil,RIO GRANDE DO SUL,CANGUÇU,Pampa
 1697945180 ,c1d893a9-6a14-32a6-b91d-aa7437cd7e16,  -30.346550 ,  -54.704210 ,2024-07-08 17:54:00,Brasil,RIO GRANDE DO SUL,SÃO GABRIEL,Pampa
 1699939768 ,c5e5196d-7004-31c1-965b-91bfe7f5fbab,  -29.733850 ,  -54.792110 ,2024-07-16 18:26:00,Brasil,RIO GRANDE DO SUL,SÃO VICENTE DO SUL,Pampa
 1700129434 ,6e6d8c7c-7c79-348a-803f-682e22eea5be,  -31.174940 ,  -53.086390 ,2024-07-17 17:28:00,Brasil,RIO GRANDE DO SUL,PIRATINI,Pampa
 1700789133 ,03cc0f66-dae7-3e72-9ea2-49ff93bff984,  -29.065130 ,  -50.755740 ,2024-07-19 17:11:00,Brasil,RIO GRANDE DO SUL,SÃO FRANCISCO DE PAULA,Mata Atlântica
 1701054951 ,157601ee-385d-3ac8-a412-fb77078c5808,  -27.616590 ,  -52.550680 ,2024-07-20 17:54:00,Brasil,RIO GRANDE DO SUL,PONTE PRETA,Mata Atlântica
 1701054979 ,6c3020c1-dba0-307c-91d3-88d876503df0,  -30.396070 ,  -52.125790 ,2024-07-20 17:52:00,Brasil,RIO GRANDE DO SUL,BUTIÁ,Pampa
 1701054981 ,e8155c2a-bb14-3bba-a2c2-2f0d2957203b,  -28.915020 ,  -50.440190 ,2024-07-20 17:52:00,Brasil,RIO GRANDE DO SUL,JAQUIRANA,Mata Atlântica
 1701055022 ,f0ec988b-ab2c-3bb9-b24b-00262c72fa80,  -28.715120 ,  -49.898430 ,2024-07-20 17:52:00,Brasil,RIO GRANDE DO SUL,SÃO JOSÉ DOS AUSENTES,Mata Atlântica
 1701055023 ,28db2f36-4662-3d77-aa8d-6e8456f92d73,  -28.927030 ,  -50.084440 ,2024-07-20 17:52:00,Brasil,RIO GRANDE DO SUL,CAMBARÁ DO SUL,Mata Atlântica
 1701315461 ,fb74e167-0691-3fec-8228-2f6292372184,  -29.511720 ,  -56.389720 ,2024-07-21 18:34:00,Brasil,RIO GRANDE DO SUL,ALEGRETE,Pampa
 1701609821 ,1b27c2bb-545c-387f-bfa5-a82146ec198a,  -28.481370 ,  -55.505390 ,2024-07-22 17:37:00,Brasil,RIO GRANDE DO SUL,SANTO ANTÔNIO DAS MISSÕES,Pampa
 1701609822 ,a82fb924-618f-3f56-b70f-7d86eec8edae,  -28.480230 ,  -55.498080 ,2024-07-22 17:37:00,Brasil,RIO GRANDE DO SUL,SANTO ANTÔNIO DAS MISSÕES,Pampa
 1701610513 ,4c12a370-1383-3451-911a-bfc25604182a,  -28.608330 ,  -50.386650 ,2024-07-22 17:34:00,Brasil,RIO GRANDE DO SUL,BOM JESUS,Mata Atlântica
 1701610903 ,c77337c0-ec3f-39ac-a8e5-a6929155258b,  -29.426680 ,  -50.358350 ,2024-07-22 17:34:00,Brasil,RIO GRANDE DO SUL,SÃO FRANCISCO DE PAULA,Mata Atlântica
 1701610904 ,c63655cf-0934-310d-8015-4dd1f63fa711,  -29.421810 ,  -50.365750 ,2024-07-22 17:34:00,Brasil,RIO GRANDE DO SUL,SÃO FRANCISCO DE PAULA,Mata Atlântica
 1701610905 ,1c00bca1-08a3-39d0-8109-ec0cfcd8a697,  -28.955030 ,  -50.274230 ,2024-07-22 17:34:00,Brasil,RIO GRANDE DO SUL,JAQUIRANA,Mata Atlântica
 1701610906 ,f143fcb4-250a-3f41-85ec-817a40eec5e0,  -28.979840 ,  -49.980950 ,2024-07-22 17:34:00,Brasil,RIO GRANDE DO SUL,CAMBARÁ DO SUL,Mata Atlântica
 1701610907 ,d8b6e839-e904-36e2-ae97-9c81b9f54891,  -28.978230 ,  -49.967200 ,2024-07-22 17:34:00,Brasil,RIO GRANDE DO SUL,CAMBARÁ DO SUL,Mata Atlântica
 1701610908 ,54ea28d1-158f-3a97-9215-bda9f8ec31be,  -28.977530 ,  -50.050810 ,2024-07-22 17:34:00,Brasil,RIO GRANDE DO SUL,CAMBARÁ DO SUL,Mata Atlântica
 1701610909 ,14d4a2c1-2f7e-3645-bce2-aa228420dc01,  -28.969560 ,  -49.982310 ,2024-07-22 17:34:00,Brasil,RIO GRANDE DO SUL,CAMBARÁ DO SUL,Mata Atlântica
 1701610910 ,20b1240e-bcbd-3f5b-9c16-e75394b5eafc,  -28.967970 ,  -49.968730 ,2024-07-22 17:34:00,Brasil,RIO GRANDE DO SUL,CAMBARÁ DO SUL,Mata Atlântica
 1701610911 ,cc2535a4-00dc-398a-afdf-8e03101d8f24,  -28.901420 ,  -49.997890 ,2024-07-22 17:34:00,Brasil,RIO GRANDE DO SUL,CAMBARÁ DO SUL,Mata Atlântica
 1701610912 ,18edaa74-5329-34da-88fc-cade98fc8ab3,  -28.747360 ,  -49.977190 ,2024-07-22 17:34:00,Brasil,RIO GRANDE DO SUL,SÃO JOSÉ DOS AUSENTES,Mata Atlântica
 1701610913 ,5587bec3-6a33-39de-a89a-ae7d48eeb8ac,  -28.745720 ,  -49.963650 ,2024-07-22 17:34:00,Brasil,RIO GRANDE DO SUL,SÃO JOSÉ DOS AUSENTES,Mata Atlântica
 1701610914 ,9739fb83-2908-3a73-a187-155424436827,  -28.743990 ,  -49.972100 ,2024-07-22 17:34:00,Brasil,RIO GRANDE DO SUL,SÃO JOSÉ DOS AUSENTES,Mata Atlântica
 1701610915 ,3e72c99b-9326-30bd-a13d-64d3c820740b,  -28.597340 ,  -50.103900 ,2024-07-22 17:34:00,Brasil,RIO GRANDE DO SUL,BOM JESUS,Mata Atlântica
 1701611013 ,305d9aa8-307b-360b-9f40-6556cb121998,  -27.817200 ,  -51.386950 ,2024-07-22 17:37:00,Brasil,RIO GRANDE DO SUL,BARRACÃO,Mata Atlântica
 1701611014 ,9188728e-0bec-3d8c-969c-cfab9c12238e,  -27.817180 ,  -51.392090 ,2024-07-22 17:37:00,Brasil,RIO GRANDE DO SUL,BARRACÃO,Mata Atlântica
 1701611018 ,713c6c26-8e2f-3e25-88b8-22e01c11cb5e,  -29.173460 ,  -50.976570 ,2024-07-22 17:34:00,Brasil,RIO GRANDE DO SUL,CAXIAS DO SUL,Mata Atlântica
 1701611019 ,b82ce0c6-9fa9-3a7c-b854-c04d543937fa,  -29.095840 ,  -50.803320 ,2024-07-22 17:34:00,Brasil,RIO GRANDE DO SUL,SÃO FRANCISCO DE PAULA,Mata Atlântica
 1701611020 ,f2f1f074-c0ca-3323-8dc2-70290578010b,  -29.088420 ,  -50.835510 ,2024-07-22 17:34:00,Brasil,RIO GRANDE DO SUL,SÃO FRANCISCO DE PAULA,Mata Atlântica
 1701611021 ,78023e1a-ef24-3a49-b457-2f95e11edf5b,  -29.076950 ,  -50.636540 ,2024-07-22 17:34:00,Brasil,RIO GRANDE DO SUL,SÃO FRANCISCO DE PAULA,Mata Atlântica
 1701611022 ,6e746cce-c76e-3d4a-b3e1-c6364228b849,  -29.075220 ,  -50.621400 ,2024-07-22 17:34:00,Brasil,RIO GRANDE DO SUL,SÃO FRANCISCO DE PAULA,Mata Atlântica
 1701611023 ,3191e3bd-d38e-3abb-b849-d0167124d352,  -29.033210 ,  -50.938560 ,2024-07-22 17:34:00,Brasil,RIO GRANDE DO SUL,CAXIAS DO SUL,Mata Atlântica
 1701611024 ,b79cbbcf-697a-3e01-9028-11373e4b9672,  -29.032110 ,  -50.944130 ,2024-07-22 17:34:00,Brasil,RIO GRANDE DO SUL,CAXIAS DO SUL,Mata Atlântica
 1701611025 ,23706695-8692-35e0-a9a5-d5ce25822e36,  -29.018340 ,  -50.599060 ,2024-07-22 17:34:00,Brasil,RIO GRANDE DO SUL,SÃO FRANCISCO DE PAULA,Mata Atlântica
 1701611026 ,6e02dda9-80e4-3017-8b06-82ad038c5e31,  -29.014150 ,  -50.464500 ,2024-07-22 17:34:00,Brasil,RIO GRANDE DO SUL,SÃO FRANCISCO DE PAULA,Mata Atlântica
 1701611027 ,7041d0b5-e860-397d-ba6e-1c17bcad0c40,  -28.961750 ,  -50.612610 ,2024-07-22 17:34:00,Brasil,RIO GRANDE DO SUL,SÃO FRANCISCO DE PAULA,Mata Atlântica
 1701611028 ,83da0b67-f034-3f4d-aeec-6c74f9fb3843,  -28.959010 ,  -50.493290 ,2024-07-22 17:34:00,Brasil,RIO GRANDE DO SUL,SÃO FRANCISCO DE PAULA,Mata Atlântica
 1701611029 ,689e31fd-6752-326e-8036-ae6ae5581b15,  -28.885640 ,  -50.466640 ,2024-07-22 17:34:00,Brasil,RIO GRANDE DO SUL,JAQUIRANA,Mata Atlântica
 1701611030 ,575f369b-de30-3bfa-83fb-e54689fc10fc,  -28.883970 ,  -50.452280 ,2024-07-22 17:34:00,Brasil,RIO GRANDE DO SUL,JAQUIRANA,Mata Atlântica
 1701611031 ,1f40d2bc-7a6d-3ab1-933d-f34c9f964dff,  -28.866280 ,  -50.485240 ,2024-07-22 17:34:00,Brasil,RIO GRANDE DO SUL,JAQUIRANA,Mata Atlântica
 1701611032 ,62ebafbc-b317-3756-bd5b-38d2c19abf06,  -28.676670 ,  -50.332930 ,2024-07-22 17:34:00,Brasil,RIO GRANDE DO SUL,BOM JESUS,Mata Atlântica
 1701611033 ,ba71ffaf-d37e-359f-aa3f-88274104f1b4,  -28.606730 ,  -50.372330 ,2024-07-22 17:34:00,Brasil,RIO GRANDE DO SUL,BOM JESUS,Mata Atlântica
 1701611034 ,f450b05e-9985-32cc-990a-3c70f5b08dfb,  -28.601830 ,  -50.378610 ,2024-07-22 17:34:00,Brasil,RIO GRANDE DO SUL,BOM JESUS,Mata Atlântica
 1701611035 ,b9a76088-8d54-30f5-b6b0-60ba7ff9240a,  -28.596880 ,  -50.336590 ,2024-07-22 17:34:00,Brasil,RIO GRANDE DO SUL,BOM JESUS,Mata Atlântica
 1701611036 ,837de5da-0e92-3c3e-9f9a-9d6a9362ddfd,  -28.590870 ,  -51.281230 ,2024-07-22 17:34:00,Brasil,RIO GRANDE DO SUL,IPÊ,Mata Atlântica
 1701611037 ,f6103ee6-1a6e-3d05-b68a-7ce6479cc23d,  -28.581890 ,  -50.209920 ,2024-07-22 17:34:00,Brasil,RIO GRANDE DO SUL,BOM JESUS,Mata Atlântica
 1701611038 ,78757a10-5244-389b-9e88-e1a092f75f9c,  -28.532620 ,  -51.371810 ,2024-07-22 17:34:00,Brasil,RIO GRANDE DO SUL,MUITOS CAPÕES,Mata Atlântica
 1701611039 ,1aace0d3-f6ba-3d88-a874-c9647a99089f,  -28.526050 ,  -50.462230 ,2024-07-22 17:34:00,Brasil,RIO GRANDE DO SUL,BOM JESUS,Mata Atlântica
 1701611040 ,4ecb0525-c605-3c1b-b868-cf805597dd02,  -28.520660 ,  -50.469810 ,2024-07-22 17:34:00,Brasil,RIO GRANDE DO SUL,BOM JESUS,Mata Atlântica
 1701611041 ,183611b2-9aad-3051-aed1-874988bd3aeb,  -28.490800 ,  -50.489170 ,2024-07-22 17:34:00,Brasil,RIO GRANDE DO SUL,BOM JESUS,Mata Atlântica
 1701611046 ,b79ee21d-58e4-328a-9df5-6b80f3e15089,  -28.257700 ,  -51.038450 ,2024-07-22 17:37:00,Brasil,RIO GRANDE DO SUL,VACARIA,Mata Atlântica
 1701611047 ,4f77fb11-84e6-3663-a70d-f16bc54191e1,  -28.133440 ,  -51.572710 ,2024-07-22 17:37:00,Brasil,RIO GRANDE DO SUL,LAGOA VERMELHA,Mata Atlântica
 1701611048 ,1200a14c-48a6-3a0a-b09a-513868f4b52d,  -29.725840 ,  -51.793030 ,2024-07-22 17:34:00,Brasil,RIO GRANDE DO SUL,TAQUARI,Pampa
 1701611049 ,e1b6fc04-35b1-3295-a07c-56ec423c2268,  -31.184520 ,  -52.240700 ,2024-07-22 17:34:00,Brasil,RIO GRANDE DO SUL,SÃO LOURENÇO DO SUL,Pampa
 1701611050 ,178eb951-7b73-358c-a8af-138542772da7,  -31.182610 ,  -52.220020 ,2024-07-22 17:34:00,Brasil,RIO GRANDE DO SUL,SÃO LOURENÇO DO SUL,Pampa
 1701611051 ,fdb082cf-6773-3601-abd4-110e8b09e8df,  -31.180590 ,  -52.225030 ,2024-07-22 17:34:00,Brasil,RIO GRANDE DO SUL,SÃO LOURENÇO DO SUL,Pampa
 1701611123 ,685f0ac9-c3c0-3947-a6b5-9806d5154bc6,  -30.556410 ,  -52.733390 ,2024-07-22 17:34:00,Brasil,RIO GRANDE DO SUL,ENCRUZILHADA DO SUL,Pampa
 1701611124 ,83a55bea-c8d2-3847-bd29-e45d9aec6d16,  -30.520210 ,  -52.759200 ,2024-07-22 17:34:00,Brasil,RIO GRANDE DO SUL,ENCRUZILHADA DO SUL,Pampa
 1701611125 ,954218d9-e472-3dff-8034-193db206981f,  -31.336990 ,  -53.245410 ,2024-07-22 17:34:00,Brasil,RIO GRANDE DO SUL,PIRATINI,Pampa
 1701611126 ,b4a8fee1-a64c-32ad-8207-393f8797cb9b,  -31.327600 ,  -53.253750 ,2024-07-22 17:34:00,Brasil,RIO GRANDE DO SUL,PIRATINI,Pampa
 1701956944 ,3c2f25ac-d46e-3b71-b0f6-f10a145f93e1,  -28.920600 ,  -50.055260 ,2024-07-23 18:17:00,Brasil,RIO GRANDE DO SUL,CAMBARÁ DO SUL,Mata Atlântica
 1701956945 ,eb3afdd7-259f-33e3-a2cd-417aa997ffea,  -28.752250 ,  -49.956310 ,2024-07-23 18:17:00,Brasil,RIO GRANDE DO SUL,SÃO JOSÉ DOS AUSENTES,Mata Atlântica
 1701956946 ,f31c9eef-1278-3d4d-b4fa-998967e65c21,  -28.521920 ,  -50.046090 ,2024-07-23 18:17:00,Brasil,RIO GRANDE DO SUL,SÃO JOSÉ DOS AUSENTES,Mata Atlântica
 1701956947 ,54fa5241-5ea8-3f11-a18f-fa993923aa05,  -28.518220 ,  -50.027440 ,2024-07-23 18:17:00,Brasil,RIO GRANDE DO SUL,SÃO JOSÉ DOS AUSENTES,Mata Atlântica
 1701956948 ,42188ec0-0a3f-397b-a9ed-f97b2f0f2b13,  -28.514180 ,  -50.033710 ,2024-07-23 18:17:00,Brasil,RIO GRANDE DO SUL,SÃO JOSÉ DOS AUSENTES,Mata Atlântica
 1701956963 ,3ea0bbbb-2e6a-3345-8f83-5a716a9ddf4a,  -28.083280 ,  -50.951570 ,2024-07-23 18:17:00,Brasil,RIO GRANDE DO SUL,VACARIA,Mata Atlântica
 1701956964 ,75262de9-f2cd-3c8f-a3af-bac72c6d7e98,  -27.988150 ,  -51.068040 ,2024-07-23 18:17:00,Brasil,RIO GRANDE DO SUL,ESMERALDA,Mata Atlântica
 1701956965 ,f32aa8e4-daba-382a-96e2-655a76e887b0,  -27.987200 ,  -51.056690 ,2024-07-23 18:17:00,Brasil,RIO GRANDE DO SUL,ESMERALDA,Mata Atlântica
 1701956968 ,c3deddf5-85e2-33a3-958c-42d19d049663,  -27.823230 ,  -51.425910 ,2024-07-23 18:17:00,Brasil,RIO GRANDE DO SUL,BARRACÃO,Mata Atlântica
 1701956974 ,b7d54513-005c-339c-aeaa-39c1df29564c,  -29.308770 ,  -50.491790 ,2024-07-23 18:17:00,Brasil,RIO GRANDE DO SUL,SÃO FRANCISCO DE PAULA,Mata Atlântica
 1701956975 ,fcb27d6c-f35b-3849-972b-1238b4d78443,  -29.297510 ,  -50.494550 ,2024-07-23 18:17:00,Brasil,RIO GRANDE DO SUL,SÃO FRANCISCO DE PAULA,Mata Atlântica
 1701956976 ,bc56f3ac-dca7-3398-93db-d543ef2bc465,  -29.205710 ,  -50.992340 ,2024-07-23 18:17:00,Brasil,RIO GRANDE DO SUL,CAXIAS DO SUL,Mata Atlântica
 1701956977 ,83af49e9-22f1-3630-8591-cc8af046fb89,  -29.193020 ,  -50.551290 ,2024-07-23 18:17:00,Brasil,RIO GRANDE DO SUL,SÃO FRANCISCO DE PAULA,Mata Atlântica
 1701956978 ,a19734ab-3447-305d-8e5a-6b61a79f17d7,  -29.189880 ,  -50.534350 ,2024-07-23 18:17:00,Brasil,RIO GRANDE DO SUL,SÃO FRANCISCO DE PAULA,Mata Atlântica
 1701956979 ,17e36b0f-9a7a-3a19-8cbb-218d04d82599,  -29.186730 ,  -50.529390 ,2024-07-23 18:17:00,Brasil,RIO GRANDE DO SUL,SÃO FRANCISCO DE PAULA,Mata Atlântica
 1701956980 ,fb075393-e9b6-3615-8bb2-776093ac6500,  -29.183590 ,  -50.812990 ,2024-07-23 18:17:00,Brasil,RIO GRANDE DO SUL,SÃO FRANCISCO DE PAULA,Mata Atlântica
 1701956981 ,69d7ee31-a1f1-35e2-8e64-8d91086a773c,  -29.128490 ,  -50.834460 ,2024-07-23 18:17:00,Brasil,RIO GRANDE DO SUL,SÃO FRANCISCO DE PAULA,Mata Atlântica
 1701956982 ,e4fa31f2-74eb-3a65-b9d9-0cc482350c4a,  -29.094730 ,  -50.652810 ,2024-07-23 18:17:00,Brasil,RIO GRANDE DO SUL,SÃO FRANCISCO DE PAULA,Mata Atlântica
 1701956983 ,b2db60eb-fb4f-336d-9302-4a1f6afbddaf,  -29.027570 ,  -50.669000 ,2024-07-23 18:17:00,Brasil,RIO GRANDE DO SUL,SÃO FRANCISCO DE PAULA,Mata Atlântica
 1701956984 ,939a6d18-6a89-3c78-9188-506842c412bd,  -29.018970 ,  -50.676870 ,2024-07-23 18:17:00,Brasil,RIO GRANDE DO SUL,SÃO FRANCISCO DE PAULA,Mata Atlântica
 1701956985 ,bed2074f-4d62-3a05-b7dd-850204faeb0d,  -28.981060 ,  -50.473400 ,2024-07-23 18:17:00,Brasil,RIO GRANDE DO SUL,SÃO FRANCISCO DE PAULA,Mata Atlântica
 1701956986 ,0bfc933b-77f0-3673-a2f5-24b2ba50bd15,  -28.977820 ,  -50.456100 ,2024-07-23 18:17:00,Brasil,RIO GRANDE DO SUL,JAQUIRANA,Mata Atlântica
 1701956987 ,530e8b47-92fc-3f0f-a5cf-024b21ee44be,  -28.977150 ,  -50.468820 ,2024-07-23 18:17:00,Brasil,RIO GRANDE DO SUL,SÃO FRANCISCO DE PAULA,Mata Atlântica
 1701956988 ,ce48e5d6-03aa-3f8a-9eaf-bdeb6c5b2015,  -28.973810 ,  -50.451630 ,2024-07-23 18:17:00,Brasil,RIO GRANDE DO SUL,JAQUIRANA,Mata Atlântica
 1701956989 ,72492bcb-2524-3728-a293-c5350194acdf,  -28.938460 ,  -50.373820 ,2024-07-23 18:17:00,Brasil,RIO GRANDE DO SUL,JAQUIRANA,Mata Atlântica
 1701956990 ,7a125881-6e4a-3d4c-ae54-4dc214ec1932,  -28.903880 ,  -50.935210 ,2024-07-23 18:17:00,Brasil,RIO GRANDE DO SUL,CAXIAS DO SUL,Mata Atlântica
 1701956991 ,b42f974c-c4f8-301f-9664-c8a504b72c9b,  -28.605250 ,  -51.263900 ,2024-07-23 18:17:00,Brasil,RIO GRANDE DO SUL,IPÊ,Mata Atlântica
 1701956992 ,ebeea771-0d3b-379b-bef9-ed5d7b732446,  -28.602350 ,  -51.248260 ,2024-07-23 18:17:00,Brasil,RIO GRANDE DO SUL,IPÊ,Mata Atlântica
 1701956993 ,ede1f0ad-b049-3b47-9ac4-e1d95e209046,  -28.562810 ,  -50.603100 ,2024-07-23 18:17:00,Brasil,RIO GRANDE DO SUL,BOM JESUS,Mata Atlântica
 1701956994 ,5f88c092-3ea5-3656-abea-dd0ac0767591,  -28.543330 ,  -51.365280 ,2024-07-23 18:17:00,Brasil,RIO GRANDE DO SUL,MUITOS CAPÕES,Mata Atlântica
 1701956995 ,3a6b81cc-5e80-3890-8a0a-8308a356f0fe,  -28.503530 ,  -50.534470 ,2024-07-23 18:17:00,Brasil,RIO GRANDE DO SUL,BOM JESUS,Mata Atlântica
 1701957000 ,d9018270-a700-35b8-b9a3-29b8ded389c7,  -28.202800 ,  -50.848000 ,2024-07-23 18:17:00,Brasil,RIO GRANDE DO SUL,VACARIA,Mata Atlântica
 1701957001 ,af10bf7b-887f-36e9-a9f7-dddc8a2d6648,  -30.274870 ,  -51.759790 ,2024-07-23 18:15:00,Brasil,RIO GRANDE DO SUL,ARROIO DOS RATOS,Pampa
 1701957002 ,b6202c36-fb5a-3ebe-bd1b-4aefbfdeb1ef,  -29.600440 ,  -51.746710 ,2024-07-23 18:17:00,Brasil,RIO GRANDE DO SUL,PAVERAMA,Mata Atlântica
 1701957003 ,664880b2-ee37-336d-91d1-e754d212b347,  -31.075190 ,  -52.088120 ,2024-07-23 18:15:00,Brasil,RIO GRANDE DO SUL,CRISTAL,Pampa
 1701957033 ,5a994acb-b243-3e63-9f60-f65890baa7fa,  -29.320060 ,  -52.834200 ,2024-07-23 18:17:00,Brasil,RIO GRANDE DO SUL,LAGOÃO,Mata Atlântica
 1701957034 ,eba3b983-6117-3b39-8c6a-30a6a9db1e1b,  -29.316970 ,  -52.828830 ,2024-07-23 18:17:00,Brasil,RIO GRANDE DO SUL,LAGOÃO,Mata Atlântica
 1701957035 ,e6760616-9214-3207-943c-946c6e9d2ec1,  -29.214070 ,  -52.883370 ,2024-07-23 18:17:00,Brasil,RIO GRANDE DO SUL,LAGOÃO,Mata Atlântica
 1701957036 ,82c7d8a9-b5b4-398e-852d-48501888ba3a,  -29.203850 ,  -52.645070 ,2024-07-23 18:17:00,Brasil,RIO GRANDE DO SUL,BARROS CASSAL,Mata Atlântica
 1701957037 ,3b038373-85c7-3e96-bf93-28ec1e2e2a1f,  -29.122090 ,  -52.762180 ,2024-07-23 18:17:00,Brasil,RIO GRANDE DO SUL,SOLEDADE,Mata Atlântica
 1701957038 ,97869802-c2de-3c3f-8185-72d2f53c74e6,  -29.119590 ,  -52.756580 ,2024-07-23 18:17:00,Brasil,RIO GRANDE DO SUL,SOLEDADE,Mata Atlântica
 1701957039 ,7ccd353a-0798-3d88-a247-e9adec6a95ad,  -28.898600 ,  -52.726610 ,2024-07-23 18:17:00,Brasil,RIO GRANDE DO SUL,ESPUMOSO,Mata Atlântica
 1701957040 ,0e84e3ce-6f10-3a95-9551-74295c8603f3,  -28.712580 ,  -52.424190 ,2024-07-23 18:17:00,Brasil,RIO GRANDE DO SUL,SOLEDADE,Mata Atlântica
 1701957041 ,2948ceef-fbf7-3f4c-bbfb-8e0fbff5d18e,  -30.813390 ,  -52.660850 ,2024-07-23 18:15:00,Brasil,RIO GRANDE DO SUL,ENCRUZILHADA DO SUL,Pampa
 1701957042 ,1f7fb796-899a-321a-9352-012a81dc0c63,  -30.558160 ,  -52.739440 ,2024-07-23 18:15:00,Brasil,RIO GRANDE DO SUL,ENCRUZILHADA DO SUL,Pampa
 1701957043 ,090b9568-716c-33e5-8550-b3f2ffc1d172,  -30.556090 ,  -52.727220 ,2024-07-23 18:15:00,Brasil,RIO GRANDE DO SUL,ENCRUZILHADA DO SUL,Pampa
 1701957044 ,eedf802c-1e5c-32a9-bf8a-88b6e710ec03,  -30.531430 ,  -52.758620 ,2024-07-23 18:15:00,Brasil,RIO GRANDE DO SUL,ENCRUZILHADA DO SUL,Pampa
 1701957045 ,85109571-5267-3703-b48c-ce7d660e6fcf,  -29.972850 ,  -53.285640 ,2024-07-23 18:17:00,Brasil,RIO GRANDE DO SUL,FORMIGUEIRO,Pampa
 1701957046 ,8f81a07a-1c84-37be-8d2e-e6171d1fa166,  -31.346560 ,  -53.257850 ,2024-07-23 18:15:00,Brasil,RIO GRANDE DO SUL,PIRATINI,Pampa
 1701957047 ,868ffd82-d00f-3d58-91f4-a6b7e9d234f9,  -31.344670 ,  -53.246430 ,2024-07-23 18:15:00,Brasil,RIO GRANDE DO SUL,PIRATINI,Pampa
 1701957048 ,a0cae5a3-be6b-39d0-acb7-70d23c2f3e4e,  -31.335350 ,  -53.248480 ,2024-07-23 18:15:00,Brasil,RIO GRANDE DO SUL,PIRATINI,Pampa
 1701957080 ,33b44b53-69a3-33cb-b583-3b074a00b2ec,  -29.105440 ,  -53.576560 ,2024-07-23 18:17:00,Brasil,RIO GRANDE DO SUL,JÚLIO DE CASTILHOS,Pampa
 1701957081 ,e52015c5-4a41-3183-a0c4-c8e5410476f0,  -30.479330 ,  -54.060590 ,2024-07-23 18:15:00,Brasil,RIO GRANDE DO SUL,SANTA MARGARIDA DO SUL,Pampa
 1701957082 ,a1e2447d-1fd8-32bf-b81c-ccc47d6f6ddf,  -30.460000 ,  -54.228490 ,2024-07-23 18:15:00,Brasil,RIO GRANDE DO SUL,SÃO GABRIEL,Pampa
 1701957083 ,eab7181a-148a-30cc-92c8-bc02957e3910,  -30.279700 ,  -54.675370 ,2024-07-23 18:17:00,Brasil,RIO GRANDE DO SUL,SÃO GABRIEL,Pampa
 1701957084 ,ee440709-588a-3c2a-b669-7c481ab19268,  -30.151320 ,  -53.692250 ,2024-07-23 18:17:00,Brasil,RIO GRANDE DO SUL,SÃO SEPÉ,Pampa
 1701957085 ,1d879ecf-0ffd-363e-a5db-1732cb3c96e9,  -29.995740 ,  -54.867460 ,2024-07-23 18:17:00,Brasil,RIO GRANDE DO SUL,CACEQUI,Pampa
 1701957092 ,872c78d6-8925-340c-9687-d2b969e946f8,  -28.739040 ,  -55.888410 ,2024-07-23 18:17:00,Brasil,RIO GRANDE DO SUL,SÃO BORJA,Pampa
 1701957093 ,e449a30c-075a-34d7-aa14-f01c28f6fabb,  -29.583950 ,  -56.376410 ,2024-07-23 18:17:00,Brasil,RIO GRANDE DO SUL,ALEGRETE,Pampa
 1701957094 ,141029b1-f2b5-3661-abab-c21f7b760ae6,  -29.575040 ,  -56.378110 ,2024-07-23 18:17:00,Brasil,RIO GRANDE DO SUL,ALEGRETE,Pampa
 1702309282 ,97f4e253-3b33-3dcb-8a46-bba393a2e434,  -29.077960 ,  -52.783580 ,2024-07-24 17:20:00,Brasil,RIO GRANDE DO SUL,SOLEDADE,Mata Atlântica
 1702309283 ,817e20ef-d0d3-3cdd-a5f8-0da7734faba9,  -29.073450 ,  -52.792290 ,2024-07-24 17:20:00,Brasil,RIO GRANDE DO SUL,SOLEDADE,Mata Atlântica
 1702309284 ,75965ad2-c8ac-3f61-b351-ca67249e50dc,  -29.055410 ,  -50.652750 ,2024-07-24 17:20:00,Brasil,RIO GRANDE DO SUL,SÃO FRANCISCO DE PAULA,Mata Atlântica
 1702309285 ,0cc695c8-6b32-32a1-bcac-1bee0f29b2bc,  -29.053170 ,  -50.409940 ,2024-07-24 17:20:00,Brasil,RIO GRANDE DO SUL,JAQUIRANA,Mata Atlântica
 1702309286 ,d832dd58-f007-3062-908e-ea532fda55b4,  -29.026640 ,  -50.440800 ,2024-07-24 17:20:00,Brasil,RIO GRANDE DO SUL,JAQUIRANA,Mata Atlântica
 1702309287 ,e9b37f84-41c5-3587-9e26-f0b9d1f4cf65,  -29.023590 ,  -50.448550 ,2024-07-24 17:20:00,Brasil,RIO GRANDE DO SUL,JAQUIRANA,Mata Atlântica
 1702309288 ,dd6446f6-f29f-396f-9e25-8da454f3f710,  -28.954070 ,  -50.486290 ,2024-07-24 17:20:00,Brasil,RIO GRANDE DO SUL,SÃO FRANCISCO DE PAULA,Mata Atlântica
 1702309289 ,c6dea1ce-fc6f-3f01-873b-4d7e14b349a9,  -28.894510 ,  -50.497570 ,2024-07-24 17:20:00,Brasil,RIO GRANDE DO SUL,JAQUIRANA,Mata Atlântica
 1702309290 ,c4c72e4c-7da2-38f1-b01c-21b00886f418,  -28.891700 ,  -50.505270 ,2024-07-24 17:20:00,Brasil,RIO GRANDE DO SUL,JAQUIRANA,Mata Atlântica
 1702309291 ,9afc3ff9-0c7c-3e17-8af3-dd424e1ef692,  -28.865830 ,  -50.898190 ,2024-07-24 17:20:00,Brasil,RIO GRANDE DO SUL,CAXIAS DO SUL,Mata Atlântica
 1702309292 ,907fde6a-2f74-348e-8e8d-0ea613428b1c,  -28.707240 ,  -50.411760 ,2024-07-24 17:20:00,Brasil,RIO GRANDE DO SUL,BOM JESUS,Mata Atlântica
 1702309293 ,ae085099-637e-3fe3-b849-92e6835286c5,  -28.704870 ,  -50.383060 ,2024-07-24 17:20:00,Brasil,RIO GRANDE DO SUL,BOM JESUS,Mata Atlântica
 1702309294 ,1dead565-043a-3893-8db9-5afe84dc080e,  -28.702530 ,  -50.354890 ,2024-07-24 17:20:00,Brasil,RIO GRANDE DO SUL,BOM JESUS,Mata Atlântica
 1702309295 ,ee1896b2-7803-3fda-a3ea-2b5ac78eb66a,  -28.700120 ,  -50.325890 ,2024-07-24 17:20:00,Brasil,RIO GRANDE DO SUL,BOM JESUS,Mata Atlântica
 1702309296 ,1152c21d-3425-3db2-8999-2e25ab20ebbe,  -28.564620 ,  -50.186630 ,2024-07-24 17:20:00,Brasil,RIO GRANDE DO SUL,BOM JESUS,Mata Atlântica
 1702884062 ,a0c584d3-b631-3453-b13b-f9e7945df859,  -28.533040 ,  -50.078030 ,2024-07-26 18:38:00,Brasil,RIO GRANDE DO SUL,BOM JESUS,Mata Atlântica
 1702884063 ,5ed78cdf-237c-373d-b4c9-2de5e104f78f,  -29.657340 ,  -55.355960 ,2024-07-26 18:38:00,Brasil,RIO GRANDE DO SUL,ALEGRETE,Pampa
 1703884669 ,1a0afee6-597e-3f53-a4d8-13035714280e,  -29.259190 ,  -53.529660 ,2024-07-30 18:04:00,Brasil,RIO GRANDE DO SUL,JÚLIO DE CASTILHOS,Pampa
 1703884670 ,ca5e395d-6453-34e2-959c-23cadf1b3992,  -30.229440 ,  -54.826820 ,2024-07-30 18:04:00,Brasil,RIO GRANDE DO SUL,ROSÁRIO DO SUL,Pampa
 1703884671 ,586c3ec9-871f-35cc-9b73-7f62cb255089,  -29.840940 ,  -54.938040 ,2024-07-30 18:04:00,Brasil,RIO GRANDE DO SUL,CACEQUI,Pampa
 1703884672 ,eb1d4054-34de-32ec-8a09-9c56f7c558da,  -29.686200 ,  -54.944220 ,2024-07-30 18:04:00,Brasil,RIO GRANDE DO SUL,SÃO VICENTE DO SUL,Pampa
 1703884689 ,d4254c3d-6580-3056-99f6-f41e1dd0efbe,  -29.344610 ,  -56.057330 ,2024-07-30 18:04:00,Brasil,RIO GRANDE DO SUL,ALEGRETE,Pampa
 1703884690 ,f77bb849-d9a4-3408-b279-eb6fff58e254,  -29.309340 ,  -56.513270 ,2024-07-30 18:04:00,Brasil,RIO GRANDE DO SUL,ITAQUI,Pampa
 1703884691 ,fa650fa9-25d3-3799-8c44-346f6dfee19f,  -28.620160 ,  -55.570300 ,2024-07-30 18:06:00,Brasil,RIO GRANDE DO SUL,SANTO ANTÔNIO DAS MISSÕES,Pampa
 1704096503 ,8f3b1299-3b86-3364-8d9e-0a29ef7884f1,  -29.521750 ,  -56.331710 ,2024-07-31 18:47:00,Brasil,RIO GRANDE DO SUL,ALEGRETE,Pampa
 1704096504 ,0b1013d2-f6a9-365c-a1d1-f3c09b4d5fd2,  -29.519430 ,  -56.309540 ,2024-07-31 18:47:00,Brasil,RIO GRANDE DO SUL,ALEGRETE,Pampa
 1704370118 ,234f7007-4808-3ef6-93a8-423f69121358,  -29.873000 ,  -51.535860 ,2024-08-01 17:49:00,Brasil,RIO GRANDE DO SUL,TRIUNFO,Pampa
 1704370119 ,484474e7-5156-3f88-9e6f-c1f2deb1a770,  -29.721360 ,  -51.743610 ,2024-08-01 17:49:00,Brasil,RIO GRANDE DO SUL,TAQUARI,Pampa
 1704370120 ,15db0ee3-be72-3832-bd2d-c564cca96adc,  -30.585240 ,  -52.795780 ,2024-08-01 17:49:00,Brasil,RIO GRANDE DO SUL,ENCRUZILHADA DO SUL,Pampa
 1704370121 ,900f4835-5693-30ee-a509-0526a5d51fd0,  -30.584430 ,  -52.781510 ,2024-08-01 17:49:00,Brasil,RIO GRANDE DO SUL,ENCRUZILHADA DO SUL,Pampa
 1704370122 ,a7ea8ddd-d323-3764-961f-fae75a400de6,  -29.500770 ,  -54.007870 ,2024-08-01 17:49:00,Brasil,RIO GRANDE DO SUL,SÃO MARTINHO DA SERRA,Pampa
 1704370123 ,36b8e983-5f7e-3001-ac5d-020108330453,  -29.499820 ,  -53.991740 ,2024-08-01 17:49:00,Brasil,RIO GRANDE DO SUL,SÃO MARTINHO DA SERRA,Pampa
 1704370191 ,0bc258ff-e2e4-39ff-a3e8-4553129c9ee0,  -27.441360 ,  -53.931080 ,2024-08-01 17:49:00,Brasil,RIO GRANDE DO SUL,TRÊS PASSOS,Mata Atlântica
 1704371081 ,8811fbfd-be19-39e5-8fce-b5d41190d398,  -29.078180 ,  -50.281270 ,2024-08-01 17:49:00,Brasil,RIO GRANDE DO SUL,JAQUIRANA,Mata Atlântica
 1704371082 ,93719065-2572-33cc-ba1a-026eb1325dd7,  -29.254180 ,  -50.343900 ,2024-08-01 17:49:00,Brasil,RIO GRANDE DO SUL,SÃO FRANCISCO DE PAULA,Mata Atlântica
 1704371083 ,9a745bc7-bb81-34fd-8a64-8183dcbf0c2c,  -29.047170 ,  -50.242360 ,2024-08-01 17:49:00,Brasil,RIO GRANDE DO SUL,JAQUIRANA,Mata Atlântica
 1704371084 ,d11578c2-9542-392d-b207-4abd34568528,  -28.693220 ,  -50.015520 ,2024-08-01 17:49:00,Brasil,RIO GRANDE DO SUL,SÃO JOSÉ DOS AUSENTES,Mata Atlântica
 1704371085 ,7c719e0e-c62f-3f7d-a66f-983f68360aaa,  -28.538870 ,  -50.005360 ,2024-08-01 17:49:00,Brasil,RIO GRANDE DO SUL,SÃO JOSÉ DOS AUSENTES,Mata Atlântica
 1704371086 ,724bd119-28eb-36ee-abc5-080311a42d11,  -28.535840 ,  -50.068210 ,2024-08-01 17:49:00,Brasil,RIO GRANDE DO SUL,BOM JESUS,Mata Atlântica
 1704371087 ,d1847815-56ac-3fef-87e3-57dbbfb32e96,  -28.505830 ,  -50.040800 ,2024-08-01 17:49:00,Brasil,RIO GRANDE DO SUL,SÃO JOSÉ DOS AUSENTES,Mata Atlântica
 1704371092 ,319704ce-74ce-3f9e-b3b0-3c1c46ef9f60,  -29.411560 ,  -50.302160 ,2024-08-01 17:49:00,Brasil,RIO GRANDE DO SUL,SÃO FRANCISCO DE PAULA,Mata Atlântica
 1704371093 ,320ac09e-189b-31ea-92df-51594fbf027c,  -29.410670 ,  -50.291570 ,2024-08-01 17:49:00,Brasil,RIO GRANDE DO SUL,SÃO FRANCISCO DE PAULA,Mata Atlântica
 1704371094 ,40913126-d278-36ea-b147-de0170b6f268,  -29.361660 ,  -50.330080 ,2024-08-01 17:49:00,Brasil,RIO GRANDE DO SUL,SÃO FRANCISCO DE PAULA,Mata Atlântica
 1704371095 ,5aeccc0f-1c6f-3125-bb1e-0a272065bdfb,  -29.138460 ,  -50.251480 ,2024-08-01 17:49:00,Brasil,RIO GRANDE DO SUL,CAMBARÁ DO SUL,Mata Atlântica
 1704371096 ,b9902efb-75d7-3fb9-9261-86219a9676dd,  -29.036540 ,  -50.022060 ,2024-08-01 17:49:00,Brasil,RIO GRANDE DO SUL,CAMBARÁ DO SUL,Mata Atlântica
 1704371097 ,f3298bb7-f77b-3b83-a533-26f2bdf00c00,  -29.024670 ,  -49.991910 ,2024-08-01 17:49:00,Brasil,RIO GRANDE DO SUL,CAMBARÁ DO SUL,Mata Atlântica
 1704371098 ,d0e462c8-edb5-39c5-9235-be607d3251ad,  -29.426190 ,  -50.257630 ,2024-08-01 17:49:00,Brasil,RIO GRANDE DO SUL,SÃO FRANCISCO DE PAULA,Mata Atlântica
 1704371099 ,59770d05-a02d-3cb3-b60d-8b3cd8ddf0ee,  -29.274250 ,  -50.362980 ,2024-08-01 17:49:00,Brasil,RIO GRANDE DO SUL,SÃO FRANCISCO DE PAULA,Mata Atlântica
 1704371100 ,579587c6-288c-33bf-b6fc-fb1f3f4e6ed5,  -29.079120 ,  -50.291770 ,2024-08-01 17:49:00,Brasil,RIO GRANDE DO SUL,JAQUIRANA,Mata Atlântica
 1704371101 ,e1102e68-9401-3529-bc96-d58028ff6aed,  -29.048100 ,  -50.252870 ,2024-08-01 17:49:00,Brasil,RIO GRANDE DO SUL,JAQUIRANA,Mata Atlântica
 1704371102 ,658a5823-6073-3850-a03a-37791f535e7d,  -29.035590 ,  -50.011660 ,2024-08-01 17:49:00,Brasil,RIO GRANDE DO SUL,CAMBARÁ DO SUL,Mata Atlântica
 1704371103 ,35cd1950-d311-3cad-95b7-a96382fc1a82,  -28.915180 ,  -49.974620 ,2024-08-01 17:49:00,Brasil,RIO GRANDE DO SUL,CAMBARÁ DO SUL,Mata Atlântica
 1704371104 ,f5f21e24-c43f-3347-96dd-15bf7bcb3ab9,  -28.547860 ,  -50.098030 ,2024-08-01 17:49:00,Brasil,RIO GRANDE DO SUL,BOM JESUS,Mata Atlântica
 1704371105 ,bab10fbd-3941-357f-a848-936377b85041,  -28.546850 ,  -50.087680 ,2024-08-01 17:49:00,Brasil,RIO GRANDE DO SUL,BOM JESUS,Mata Atlântica
 1704371106 ,d3a02420-d325-3a3a-9de7-fd5dddaaf93d,  -28.512820 ,  -49.739560 ,2024-08-01 17:49:00,Brasil,RIO GRANDE DO SUL,SÃO JOSÉ DOS AUSENTES,Mata Atlântica
 1704371114 ,96123a99-0421-3d4e-9754-9bb4bbcb08f0,  -28.668800 ,  -50.144090 ,2024-08-01 17:49:00,Brasil,RIO GRANDE DO SUL,BOM JESUS,Mata Atlântica
 1704371115 ,c8f73e60-4608-3d0e-91c5-6e27b7b843b2,  -28.667830 ,  -50.133710 ,2024-08-01 17:49:00,Brasil,RIO GRANDE DO SUL,BOM JESUS,Mata Atlântica
 1704371116 ,cb06ffbb-d1e3-3dbd-941b-5804e813cf1b,  -28.617540 ,  -50.067150 ,2024-08-01 17:49:00,Brasil,RIO GRANDE DO SUL,BOM JESUS,Mata Atlântica
 1704371122 ,cf6b3ce8-01ca-3119-8a72-a867f88d4a03,  -28.556360 ,  -50.095720 ,2024-08-01 17:49:00,Brasil,RIO GRANDE DO SUL,BOM JESUS,Mata Atlântica
 1704371123 ,df013503-8b20-3d90-8412-aba1eb3b307a,  -28.555380 ,  -50.085370 ,2024-08-01 17:49:00,Brasil,RIO GRANDE DO SUL,BOM JESUS,Mata Atlântica
 1704371124 ,479d2ce3-d7b0-37c5-8829-fdc23683e0bd,  -28.537880 ,  -49.995140 ,2024-08-01 17:49:00,Brasil,RIO GRANDE DO SUL,SÃO JOSÉ DOS AUSENTES,Mata Atlântica
 1704371203 ,12320008-7fb2-396b-b465-fa4dbdde4e8e,  -27.913250 ,  -51.375870 ,2024-08-01 17:49:00,Brasil,RIO GRANDE DO SUL,LAGOA VERMELHA,Mata Atlântica
 1704371209 ,807e7bc4-dddc-3bfc-9779-1f652eac7112,  -29.361410 ,  -50.654920 ,2024-08-01 17:49:00,Brasil,RIO GRANDE DO SUL,SÃO FRANCISCO DE PAULA,Mata Atlântica
 1704371210 ,3da62e39-e227-3bee-9359-04ffdf6b2f69,  -29.355110 ,  -50.579360 ,2024-08-01 17:49:00,Brasil,RIO GRANDE DO SUL,SÃO FRANCISCO DE PAULA,Mata Atlântica
 1704371211 ,b20e625d-6c5b-30b9-810f-f72d99f91fd9,  -29.301880 ,  -50.575810 ,2024-08-01 17:49:00,Brasil,RIO GRANDE DO SUL,SÃO FRANCISCO DE PAULA,Mata Atlântica
 1704371212 ,951535cb-63e4-39fc-b446-96bd5afb293f,  -29.222190 ,  -50.792740 ,2024-08-01 17:49:00,Brasil,RIO GRANDE DO SUL,SÃO FRANCISCO DE PAULA,Mata Atlântica
 1704371213 ,03f68ad7-a9fd-3c87-81e4-30b154996377,  -29.126440 ,  -50.618910 ,2024-08-01 17:49:00,Brasil,RIO GRANDE DO SUL,SÃO FRANCISCO DE PAULA,Mata Atlântica
 1704371214 ,17827210-715d-376e-bac4-a3b105ad2458,  -29.122990 ,  -50.793820 ,2024-08-01 17:49:00,Brasil,RIO GRANDE DO SUL,SÃO FRANCISCO DE PAULA,Mata Atlântica
 1704371215 ,7e5ea83c-1bf9-3db5-b5f2-f0b4449f8964,  -29.101350 ,  -50.438620 ,2024-08-01 17:49:00,Brasil,RIO GRANDE DO SUL,JAQUIRANA,Mata Atlântica
 1704371217 ,14cd25a2-97ad-3630-ae5b-6aa6e4f9f573,  -29.038560 ,  -50.738300 ,2024-08-01 17:49:00,Brasil,RIO GRANDE DO SUL,SÃO FRANCISCO DE PAULA,Mata Atlântica
 1704371218 ,7d9f2529-a525-3c1f-b6c9-31208e5c136f,  -28.973500 ,  -50.315560 ,2024-08-01 17:49:00,Brasil,RIO GRANDE DO SUL,JAQUIRANA,Mata Atlântica
 1704371219 ,d6e0ac1d-ae7d-33db-bc19-908f7aec4fa3,  -28.902090 ,  -50.528410 ,2024-08-01 17:49:00,Brasil,RIO GRANDE DO SUL,SÃO FRANCISCO DE PAULA,Mata Atlântica
 1704371220 ,50f7532a-d392-3827-85cf-904b4702fc68,  -28.901150 ,  -50.517810 ,2024-08-01 17:49:00,Brasil,RIO GRANDE DO SUL,JAQUIRANA,Mata Atlântica
 1704371221 ,22bec18f-530f-30f2-886d-daead930640a,  -29.364290 ,  -50.578240 ,2024-08-01 17:49:00,Brasil,RIO GRANDE DO SUL,SÃO FRANCISCO DE PAULA,Mata Atlântica
 1704371222 ,ed865f0f-bbb8-3641-bf90-0be8ab4f7886,  -29.257840 ,  -50.493850 ,2024-08-01 17:49:00,Brasil,RIO GRANDE DO SUL,SÃO FRANCISCO DE PAULA,Mata Atlântica
 1704371223 ,2192e8c7-98bd-3a9f-b5b0-70e29d41dcf5,  -29.221260 ,  -50.781800 ,2024-08-01 17:49:00,Brasil,RIO GRANDE DO SUL,SÃO FRANCISCO DE PAULA,Mata Atlântica
 1704371224 ,a20971e1-5671-3c2d-ab31-fee5fd54d932,  -29.219520 ,  -50.369370 ,2024-08-01 17:49:00,Brasil,RIO GRANDE DO SUL,SÃO FRANCISCO DE PAULA,Mata Atlântica
 1704371225 ,c3e7f49a-f608-3092-bb83-200a72393955,  -29.180690 ,  -50.524940 ,2024-08-01 17:49:00,Brasil,RIO GRANDE DO SUL,SÃO FRANCISCO DE PAULA,Mata Atlântica
 1704371226 ,6d3cce8b-e687-31c9-98cc-a19f671363d8,  -29.179770 ,  -50.514210 ,2024-08-01 17:49:00,Brasil,RIO GRANDE DO SUL,SÃO FRANCISCO DE PAULA,Mata Atlântica
 1704371228 ,606d7586-b176-345d-ab58-cfe777706b69,  -29.158700 ,  -50.484280 ,2024-08-01 17:49:00,Brasil,RIO GRANDE DO SUL,SÃO FRANCISCO DE PAULA,Mata Atlântica
 1704371229 ,67b7b421-7fcb-3c4e-ad33-701611b68d5d,  -29.129440 ,  -50.466070 ,2024-08-01 17:49:00,Brasil,RIO GRANDE DO SUL,SÃO FRANCISCO DE PAULA,Mata Atlântica
 1704371230 ,ad15690c-5f36-394f-866f-7052fec0b97f,  -29.122430 ,  -50.468280 ,2024-08-01 17:49:00,Brasil,RIO GRANDE DO SUL,SÃO FRANCISCO DE PAULA,Mata Atlântica
 1704371231 ,fb4fbbc1-5280-3e71-a5f6-8d6ac2c10f5b,  -29.102970 ,  -50.353000 ,2024-08-01 17:49:00,Brasil,RIO GRANDE DO SUL,JAQUIRANA,Mata Atlântica
 1704371232 ,13a7f060-6416-34c9-a0ef-bf2875ad7c6f,  -29.102020 ,  -50.342400 ,2024-08-01 17:49:00,Brasil,RIO GRANDE DO SUL,JAQUIRANA,Mata Atlântica
 1704371233 ,38703cdc-d26d-38fa-be34-c518dbafadce,  -29.067610 ,  -50.800160 ,2024-08-01 17:49:00,Brasil,RIO GRANDE DO SUL,SÃO FRANCISCO DE PAULA,Mata Atlântica
 1704371234 ,94263306-e5af-3342-9143-01f14fa2c0a0,  -29.066700 ,  -50.789300 ,2024-08-01 17:49:00,Brasil,RIO GRANDE DO SUL,SÃO FRANCISCO DE PAULA,Mata Atlântica
 1704371235 ,02ae914b-4cf6-39e3-ac43-81a72b9a344c,  -28.999740 ,  -50.612410 ,2024-08-01 17:49:00,Brasil,RIO GRANDE DO SUL,SÃO FRANCISCO DE PAULA,Mata Atlântica
 1704371236 ,91b4b705-1673-37b2-9212-5033b832e940,  -28.998810 ,  -50.601740 ,2024-08-01 17:49:00,Brasil,RIO GRANDE DO SUL,SÃO FRANCISCO DE PAULA,Mata Atlântica
 1704371237 ,264a4369-15a0-3c10-a9ca-43265799e4ad,  -28.962140 ,  -50.605860 ,2024-08-01 17:49:00,Brasil,RIO GRANDE DO SUL,SÃO FRANCISCO DE PAULA,Mata Atlântica
 1704371238 ,b531b2ab-268f-3959-93db-ac04298bdbfd,  -28.961210 ,  -50.595170 ,2024-08-01 17:49:00,Brasil,RIO GRANDE DO SUL,SÃO FRANCISCO DE PAULA,Mata Atlântica
 1704371239 ,7d0b0922-15fa-38a1-97ab-f602483cec01,  -28.911800 ,  -50.430810 ,2024-08-01 17:49:00,Brasil,RIO GRANDE DO SUL,JAQUIRANA,Mata Atlântica
 1704371240 ,580de161-93b0-3de0-94ba-481fafe45de5,  -28.696180 ,  -50.340840 ,2024-08-01 17:49:00,Brasil,RIO GRANDE DO SUL,BOM JESUS,Mata Atlântica
 1704371241 ,c58c9f25-440c-36b7-896d-425880d3f935,  -28.657680 ,  -51.281440 ,2024-08-01 17:49:00,Brasil,RIO GRANDE DO SUL,IPÊ,Mata Atlântica
 1704371242 ,f7b72f80-9b17-30e2-917e-1d1eb25f2987,  -28.494920 ,  -51.457410 ,2024-08-01 17:49:00,Brasil,RIO GRANDE DO SUL,ANDRÉ DA ROCHA,Mata Atlântica
 1704371243 ,ddc8cd9d-324c-3a53-9566-77eaa99f44de,  -28.483850 ,  -50.558700 ,2024-08-01 17:49:00,Brasil,RIO GRANDE DO SUL,BOM JESUS,Mata Atlântica
 1704371244 ,ccec9e63-677c-3553-913c-1ec5ddad1248,  -28.482870 ,  -50.548260 ,2024-08-01 17:49:00,Brasil,RIO GRANDE DO SUL,BOM JESUS,Mata Atlântica
 1704371245 ,5a56dfc7-bef3-3b56-a042-8f3c1ba9a16a,  -28.458730 ,  -50.487440 ,2024-08-01 17:49:00,Brasil,RIO GRANDE DO SUL,BOM JESUS,Mata Atlântica
 1704371248 ,ca853c79-b762-3949-ba8d-4bf8c4e2d6c8,  -29.387220 ,  -50.630180 ,2024-08-01 17:49:00,Brasil,RIO GRANDE DO SUL,SÃO FRANCISCO DE PAULA,Mata Atlântica
 1704371249 ,0c145252-2a7c-325c-a7ac-12192e225f2b,  -29.302800 ,  -50.586520 ,2024-08-01 17:49:00,Brasil,RIO GRANDE DO SUL,SÃO FRANCISCO DE PAULA,Mata Atlântica
 1704371250 ,0a2abe86-6b67-375b-80b9-ce0630717cc9,  -29.286150 ,  -50.393800 ,2024-08-01 17:49:00,Brasil,RIO GRANDE DO SUL,SÃO FRANCISCO DE PAULA,Mata Atlântica
 1704371251 ,02ccbc0c-3c49-350b-a4eb-374ed324d652,  -29.176120 ,  -50.579400 ,2024-08-01 17:49:00,Brasil,RIO GRANDE DO SUL,SÃO FRANCISCO DE PAULA,Mata Atlântica
 1704371252 ,00aea0b4-07fe-3b34-afa7-48865091a413,  -29.157790 ,  -50.473630 ,2024-08-01 17:49:00,Brasil,RIO GRANDE DO SUL,SÃO FRANCISCO DE PAULA,Mata Atlântica
 1704371253 ,9fde2b5c-b441-31c7-9e3c-d5bcdb732a63,  -29.133750 ,  -50.596540 ,2024-08-01 17:49:00,Brasil,RIO GRANDE DO SUL,SÃO FRANCISCO DE PAULA,Mata Atlântica
 1704371254 ,74f71a57-bec6-354c-8b5b-747023f088db,  -29.050610 ,  -50.769700 ,2024-08-01 17:49:00,Brasil,RIO GRANDE DO SUL,SÃO FRANCISCO DE PAULA,Mata Atlântica
 1704371255 ,0bbfc42b-7845-3015-9110-66d2678dc63c,  -29.034520 ,  -50.586780 ,2024-08-01 17:49:00,Brasil,RIO GRANDE DO SUL,SÃO FRANCISCO DE PAULA,Mata Atlântica
 1704371256 ,2c3bf6b7-0cae-3d25-b6ad-51095cf482ca,  -29.033780 ,  -50.403790 ,2024-08-01 17:49:00,Brasil,RIO GRANDE DO SUL,JAQUIRANA,Mata Atlântica
 1704371257 ,7c6d1ba1-fe6a-37d7-9149-e4b5aa153cc8,  -29.007430 ,  -50.386250 ,2024-08-01 17:49:00,Brasil,RIO GRANDE DO SUL,JAQUIRANA,Mata Atlântica
 1704371258 ,18e4ebfa-903a-3076-ab4a-72c7aa7def39,  -28.984760 ,  -50.442060 ,2024-08-01 17:49:00,Brasil,RIO GRANDE DO SUL,JAQUIRANA,Mata Atlântica
 1704371259 ,ef3fc0f9-baaf-3842-a4fa-89bd29f5f597,  -28.949210 ,  -50.457060 ,2024-08-01 17:49:00,Brasil,RIO GRANDE DO SUL,JAQUIRANA,Mata Atlântica
 1704371260 ,743409c9-e72f-3e1e-ae4b-1906de35ee31,  -28.945280 ,  -50.598200 ,2024-08-01 17:49:00,Brasil,RIO GRANDE DO SUL,SÃO FRANCISCO DE PAULA,Mata Atlântica
 1704371261 ,5bbd1fca-f3f1-32be-8f2d-dc9af7b78578,  -28.910010 ,  -50.940230 ,2024-08-01 17:49:00,Brasil,RIO GRANDE DO SUL,CAXIAS DO SUL,Mata Atlântica
 1704371262 ,77c9fe23-dd12-3d87-8140-8b487b73ec57,  -28.874730 ,  -50.911210 ,2024-08-01 17:49:00,Brasil,RIO GRANDE DO SUL,CAXIAS DO SUL,Mata Atlântica
 1704371263 ,059a2c5b-9480-3efb-857c-3d5a88fdd49a,  -28.868360 ,  -50.945170 ,2024-08-01 17:49:00,Brasil,RIO GRANDE DO SUL,CAXIAS DO SUL,Mata Atlântica
 1704371264 ,78392df5-7429-308c-bc6a-53404314faca,  -28.850810 ,  -50.958360 ,2024-08-01 17:49:00,Brasil,RIO GRANDE DO SUL,CAXIAS DO SUL,Mata Atlântica
 1704371265 ,38e64072-a20e-3b5a-b1f7-31a3557d1d99,  -29.397380 ,  -50.531100 ,2024-08-01 17:49:00,Brasil,RIO GRANDE DO SUL,SÃO FRANCISCO DE PAULA,Mata Atlântica
 1704371266 ,370907a9-62e9-3a3b-8d2e-e6b12636c366,  -29.357960 ,  -50.502980 ,2024-08-01 17:49:00,Brasil,RIO GRANDE DO SUL,SÃO FRANCISCO DE PAULA,Mata Atlântica
 1704371268 ,b31e5021-75e2-30d6-a02e-15abe9abc0b7,  -29.287070 ,  -50.404380 ,2024-08-01 17:49:00,Brasil,RIO GRANDE DO SUL,SÃO FRANCISCO DE PAULA,Mata Atlântica
 1704371269 ,08f799bf-3c7c-3cdb-a421-216732845fbf,  -29.207410 ,  -50.728480 ,2024-08-01 17:49:00,Brasil,RIO GRANDE DO SUL,SÃO FRANCISCO DE PAULA,Mata Atlântica
 1704371270 ,70fbbb8b-0c32-32ef-b411-327a24e01a78,  -29.154600 ,  -50.945030 ,2024-08-01 17:49:00,Brasil,RIO GRANDE DO SUL,CAXIAS DO SUL,Mata Atlântica
 1704371271 ,6ba66304-ef40-3a03-bb0e-5b3e5b42005f,  -29.090670 ,  -50.634000 ,2024-08-01 17:49:00,Brasil,RIO GRANDE DO SUL,SÃO FRANCISCO DE PAULA,Mata Atlântica
 1704371272 ,76ab25e1-6b33-3b1c-b749-a17d0501a666,  -29.087570 ,  -50.386920 ,2024-08-01 17:49:00,Brasil,RIO GRANDE DO SUL,JAQUIRANA,Mata Atlântica
 1704371273 ,f6c1c39a-e5f7-3a0a-b9b9-76d32f88545d,  -29.043670 ,  -50.585670 ,2024-08-01 17:49:00,Brasil,RIO GRANDE DO SUL,SÃO FRANCISCO DE PAULA,Mata Atlântica
 1704371274 ,5ffb2d55-93b5-3ce5-902c-2b712ca756e3,  -29.037620 ,  -50.727550 ,2024-08-01 17:49:00,Brasil,RIO GRANDE DO SUL,SÃO FRANCISCO DE PAULA,Mata Atlântica
 1704371275 ,d226a793-9198-3133-b6cb-dbe10494f7e9,  -29.027540 ,  -50.405190 ,2024-08-01 17:49:00,Brasil,RIO GRANDE DO SUL,JAQUIRANA,Mata Atlântica
 1704371276 ,49fc3c91-ba71-3368-86f2-59c8697f7a8e,  -28.983820 ,  -50.431440 ,2024-08-01 17:49:00,Brasil,RIO GRANDE DO SUL,JAQUIRANA,Mata Atlântica
 1704371277 ,9d802582-002e-3b59-87fb-938eb81e9bd4,  -28.955680 ,  -50.531310 ,2024-08-01 17:49:00,Brasil,RIO GRANDE DO SUL,SÃO FRANCISCO DE PAULA,Mata Atlântica
 1704371278 ,d1b3c2f6-022b-3fa8-825b-9229c507d5e2,  -28.920910 ,  -50.429690 ,2024-08-01 17:49:00,Brasil,RIO GRANDE DO SUL,JAQUIRANA,Mata Atlântica
 1704371279 ,f9f98895-278a-3102-b5e8-42dcf758c56c,  -28.873770 ,  -50.900330 ,2024-08-01 17:49:00,Brasil,RIO GRANDE DO SUL,CAXIAS DO SUL,Mata Atlântica
 1704371280 ,edc438f5-4771-368f-853b-1a20366a4742,  -28.869310 ,  -50.956020 ,2024-08-01 17:49:00,Brasil,RIO GRANDE DO SUL,CAXIAS DO SUL,Mata Atlântica
 1704371281 ,2c20237c-ddc4-3ab2-965f-99875600f429,  -28.778430 ,  -50.350910 ,2024-08-01 17:49:00,Brasil,RIO GRANDE DO SUL,BOM JESUS,Mata Atlântica
 1704371282 ,d82a3353-d916-3832-b104-15d49d25b0ba,  -28.727380 ,  -51.160710 ,2024-08-01 17:49:00,Brasil,RIO GRANDE DO SUL,CAMPESTRE DA SERRA,Mata Atlântica
 1704371283 ,cf5bc4be-7eb4-3eae-acc3-2a94c6882c14,  -28.662300 ,  -51.280240 ,2024-08-01 17:49:00,Brasil,RIO GRANDE DO SUL,IPÊ,Mata Atlântica
 1704371284 ,5f94260e-5b48-3440-8edf-ea35e72eaf64,  -28.549130 ,  -50.497750 ,2024-08-01 17:49:00,Brasil,RIO GRANDE DO SUL,BOM JESUS,Mata Atlântica
 1704371285 ,2b980972-5116-3221-8673-f7b1a93074fe,  -28.499040 ,  -51.456700 ,2024-08-01 17:49:00,Brasil,RIO GRANDE DO SUL,ANDRÉ DA ROCHA,Mata Atlântica
 1704371286 ,97519d54-d2be-3921-8e83-ece8c3937d40,  -28.776540 ,  -50.329990 ,2024-08-01 17:49:00,Brasil,RIO GRANDE DO SUL,BOM JESUS,Mata Atlântica
 1704371287 ,537821c4-d8e5-3085-89f1-2f192a46b70d,  -28.717780 ,  -50.476280 ,2024-08-01 17:49:00,Brasil,RIO GRANDE DO SUL,BOM JESUS,Mata Atlântica
 1704371288 ,e5de52f9-9318-3fe3-b3dc-086b79647f02,  -28.599650 ,  -50.363410 ,2024-08-01 17:49:00,Brasil,RIO GRANDE DO SUL,BOM JESUS,Mata Atlântica
 1704371289 ,801c93bd-92ea-33cb-aba7-b05ef0ca3da8,  -28.598690 ,  -50.353020 ,2024-08-01 17:49:00,Brasil,RIO GRANDE DO SUL,BOM JESUS,Mata Atlântica
 1704371293 ,44a6fe54-35e2-309b-ba88-574dcf6993c4,  -28.687100 ,  -50.341870 ,2024-08-01 17:49:00,Brasil,RIO GRANDE DO SUL,BOM JESUS,Mata Atlântica
 1704371300 ,cc205626-16e3-3eee-88f9-b7d8a078a958,  -28.234550 ,  -50.879170 ,2024-08-01 17:49:00,Brasil,RIO GRANDE DO SUL,VACARIA,Mata Atlântica
 1704371301 ,2801d0c1-84b3-3e5e-899b-44b5c489ca54,  -28.121390 ,  -51.486660 ,2024-08-01 17:49:00,Brasil,RIO GRANDE DO SUL,CAPÃO BONITO DO SUL,Mata Atlântica
 1704371302 ,acb681c6-de87-33d9-95f4-20c3c3ddeed7,  -31.173290 ,  -52.298180 ,2024-08-01 17:49:00,Brasil,RIO GRANDE DO SUL,SÃO LOURENÇO DO SUL,Pampa
 1704371370 ,c440383c-5afb-341f-9f31-d976e55ac27d,  -27.846230 ,  -52.377710 ,2024-08-01 17:49:00,Brasil,RIO GRANDE DO SUL,EREBANGO,Mata Atlântica
 1704371371 ,7cb392a5-d7f4-34c9-a292-466d2b9abd7c,  -27.845140 ,  -52.365620 ,2024-08-01 17:49:00,Brasil,RIO GRANDE DO SUL,EREBANGO,Mata Atlântica
 1704371372 ,f3d44351-6989-35d4-a2da-edad7d167e1c,  -29.417720 ,  -53.206680 ,2024-08-01 17:49:00,Brasil,RIO GRANDE DO SUL,IBARAMA,Mata Atlântica
 1704371373 ,156f90e7-1680-396f-87ce-1972a411f5cb,  -29.222100 ,  -52.845970 ,2024-08-01 17:49:00,Brasil,RIO GRANDE DO SUL,LAGOÃO,Mata Atlântica
 1704371374 ,4cc1fb20-2ff1-357f-a121-f2dc63a45017,  -29.217330 ,  -52.843990 ,2024-08-01 17:49:00,Brasil,RIO GRANDE DO SUL,LAGOÃO,Mata Atlântica
 1704371375 ,f39a286d-f3c5-3fca-8d70-39741cc53108,  -29.193940 ,  -52.805000 ,2024-08-01 17:49:00,Brasil,RIO GRANDE DO SUL,LAGOÃO,Mata Atlântica
 1704371376 ,9b50fc78-f110-33b9-9d79-d7872a30efb5,  -29.192980 ,  -52.791730 ,2024-08-01 17:49:00,Brasil,RIO GRANDE DO SUL,LAGOÃO,Mata Atlântica
 1704371377 ,81ea604d-c1b3-3fcc-b177-2102b80913fc,  -29.034130 ,  -52.658760 ,2024-08-01 17:49:00,Brasil,RIO GRANDE DO SUL,BARROS CASSAL,Mata Atlântica
 1704371378 ,27375847-bf38-38b2-9e43-fd188ea3a0e0,  -28.957470 ,  -52.663570 ,2024-08-01 17:49:00,Brasil,RIO GRANDE DO SUL,SOLEDADE,Mata Atlântica
 1704371379 ,9215ef65-aba2-3f99-9409-c8477190a961,  -29.038070 ,  -52.656260 ,2024-08-01 17:49:00,Brasil,RIO GRANDE DO SUL,BARROS CASSAL,Mata Atlântica
 1704371380 ,f15afbe2-06f1-30d8-be0a-074f72fd8c92,  -29.033200 ,  -52.645720 ,2024-08-01 17:49:00,Brasil,RIO GRANDE DO SUL,BARROS CASSAL,Mata Atlântica
 1704371381 ,1a0d0a09-c839-31b5-a4f6-a97e716a9c04,  -30.958370 ,  -52.479290 ,2024-08-01 17:49:00,Brasil,RIO GRANDE DO SUL,CANGUÇU,Pampa
 1704371382 ,af4e1d15-4fdc-33c4-9007-c77e929ee089,  -30.948110 ,  -52.480130 ,2024-08-01 17:49:00,Brasil,RIO GRANDE DO SUL,CANGUÇU,Pampa
 1704371383 ,86f1d5e3-58c6-3071-bb70-cd82a67e1488,  -30.944590 ,  -52.479850 ,2024-08-01 17:49:00,Brasil,RIO GRANDE DO SUL,CANGUÇU,Pampa
 1704371384 ,8c79151f-bb2c-39f9-81b9-fb88021aabaf,  -31.160200 ,  -53.118520 ,2024-08-01 17:49:00,Brasil,RIO GRANDE DO SUL,PIRATINI,Pampa
 1704371385 ,425f5b01-1168-334e-8bba-829b7e4da185,  -31.159540 ,  -53.103130 ,2024-08-01 17:49:00,Brasil,RIO GRANDE DO SUL,PIRATINI,Pampa
 1704371386 ,18072f8e-53d9-3dcd-9363-042f77977d4d,  -31.158880 ,  -53.087970 ,2024-08-01 17:49:00,Brasil,RIO GRANDE DO SUL,PIRATINI,Pampa
 1704371387 ,46218e6c-f21e-3761-82cd-a9946eadcaef,  -31.156230 ,  -52.791900 ,2024-08-01 17:49:00,Brasil,RIO GRANDE DO SUL,CANGUÇU,Pampa
 1704723755 ,af8f90c3-43d8-3dac-b527-f47819efeb95,  -30.652870 ,  -51.758300 ,2024-08-02 18:28:00,Brasil,RIO GRANDE DO SUL,CAMAQUÃ,Pampa
 1704723735 ,39aa13ef-d2a4-38ac-bc71-c9dafe514c3e,  -29.325850 ,  -50.380120 ,2024-08-02 18:28:00,Brasil,RIO GRANDE DO SUL,SÃO FRANCISCO DE PAULA,Mata Atlântica
 1704723736 ,9d18d79a-3d80-3f6b-b22e-13c49c7e0594,  -29.125460 ,  -50.293110 ,2024-08-02 18:28:00,Brasil,RIO GRANDE DO SUL,CAMBARÁ DO SUL,Mata Atlântica
 1704723737 ,b9eedba5-3348-342d-8a62-05c7f2925b60,  -29.122540 ,  -50.301340 ,2024-08-02 18:28:00,Brasil,RIO GRANDE DO SUL,CAMBARÁ DO SUL,Mata Atlântica
 1704723738 ,9bb5c217-6a85-3c55-9bd1-83456cb8ddf7,  -28.658280 ,  -50.161750 ,2024-08-02 18:28:00,Brasil,RIO GRANDE DO SUL,BOM JESUS,Mata Atlântica
 1704723739 ,33677a77-0ba1-3afa-b96e-30a5ef046ade,  -28.657710 ,  -50.156980 ,2024-08-02 18:28:00,Brasil,RIO GRANDE DO SUL,BOM JESUS,Mata Atlântica
 1704723742 ,680435d5-882a-3956-86f8-604a49585f9e,  -29.194040 ,  -50.772040 ,2024-08-02 18:28:00,Brasil,RIO GRANDE DO SUL,SÃO FRANCISCO DE PAULA,Mata Atlântica
 1704723743 ,627509be-5ac9-3d01-8207-3a4ed3b12f36,  -29.085750 ,  -50.696020 ,2024-08-02 18:28:00,Brasil,RIO GRANDE DO SUL,SÃO FRANCISCO DE PAULA,Mata Atlântica
 1704723744 ,6a38c388-5c65-3a03-97b4-97b9e16c1ec7,  -29.078470 ,  -50.373210 ,2024-08-02 18:28:00,Brasil,RIO GRANDE DO SUL,JAQUIRANA,Mata Atlântica
 1704723745 ,8e4225c3-0def-310a-be95-2115324c41ad,  -29.076930 ,  -50.378620 ,2024-08-02 18:28:00,Brasil,RIO GRANDE DO SUL,JAQUIRANA,Mata Atlântica
 1704723749 ,7c64cfce-b9c0-3e6f-ab70-eddc2e3e7c88,  -28.929280 ,  -50.836150 ,2024-08-02 18:28:00,Brasil,RIO GRANDE DO SUL,CAXIAS DO SUL,Mata Atlântica
 1704723750 ,a7062c3c-4d17-3026-9e13-60c450a65841,  -28.541520 ,  -51.381260 ,2024-08-02 18:28:00,Brasil,RIO GRANDE DO SUL,MUITOS CAPÕES,Mata Atlântica
 1704723751 ,3df49650-ba56-3ae8-abcf-7fba96f0e1af,  -28.482060 ,  -51.482760 ,2024-08-02 18:28:00,Brasil,RIO GRANDE DO SUL,LAGOA VERMELHA,Mata Atlântica
 1704723752 ,e505a398-c49e-39a4-8ad2-dc37eefe1614,  -30.900050 ,  -52.196610 ,2024-08-02 18:28:00,Brasil,RIO GRANDE DO SUL,AMARAL FERRADOR,Pampa
 1704723753 ,3665d405-5fe4-357b-8c54-8a1c6ce1e9ac,  -30.686240 ,  -51.930400 ,2024-08-02 18:28:00,Brasil,RIO GRANDE DO SUL,CAMAQUÃ,Pampa
 1704723754 ,26ed6496-92d0-3e37-877f-8aa1e781e395,  -30.652900 ,  -51.763770 ,2024-08-02 18:28:00,Brasil,RIO GRANDE DO SUL,CAMAQUÃ,Pampa
 1704723756 ,2790af64-0644-3af8-b702-19c936933a76,  -30.499180 ,  -51.790990 ,2024-08-02 18:28:00,Brasil,RIO GRANDE DO SUL,CERRO GRANDE DO SUL,Pampa
 1704723757 ,0a7b05db-dd50-3133-886a-ed3739dfa107,  -30.495030 ,  -51.774780 ,2024-08-02 18:28:00,Brasil,RIO GRANDE DO SUL,CERRO GRANDE DO SUL,Pampa
 1704723758 ,e2feef8e-488e-3a53-9329-ee16e9a2e4cd,  -30.494890 ,  -51.770160 ,2024-08-02 18:28:00,Brasil,RIO GRANDE DO SUL,CERRO GRANDE DO SUL,Pampa
 1704723759 ,66ccd91e-c9ff-35d4-bba7-72856afb19f8,  -30.265710 ,  -51.690300 ,2024-08-02 18:28:00,Brasil,RIO GRANDE DO SUL,ARROIO DOS RATOS,Pampa
 1704723760 ,079bd184-d25e-3e83-a687-90efd81cb05b,  -30.264570 ,  -51.685550 ,2024-08-02 18:28:00,Brasil,RIO GRANDE DO SUL,ARROIO DOS RATOS,Pampa
 1704723764 ,b17c0570-0405-39b9-8251-ee327a474c18,  -29.048560 ,  -53.258160 ,2024-08-02 18:28:00,Brasil,RIO GRANDE DO SUL,SALTO DO JACUÍ,Pampa
 1704723765 ,d579d198-e5b4-3e3a-9fbc-1614f26c14be,  -29.105100 ,  -52.723790 ,2024-08-02 18:28:00,Brasil,RIO GRANDE DO SUL,BARROS CASSAL,Mata Atlântica
 1704723766 ,fde31183-07e5-3ced-b36a-4e668eb5fdae,  -29.100790 ,  -52.732140 ,2024-08-02 18:28:00,Brasil,RIO GRANDE DO SUL,BARROS CASSAL,Mata Atlântica
 1704723767 ,ce5c0210-1a33-3843-aa4b-15922380d0ca,  -29.097040 ,  -52.712680 ,2024-08-02 18:28:00,Brasil,RIO GRANDE DO SUL,BARROS CASSAL,Mata Atlântica
 1704723768 ,54080e6b-2126-3f74-bbe1-e9d6c98c4e59,  -30.945170 ,  -52.487160 ,2024-08-02 18:28:00,Brasil,RIO GRANDE DO SUL,CANGUÇU,Pampa
 1704723769 ,f467f83e-4972-36da-8021-85f28c9d03e5,  -30.498640 ,  -52.462090 ,2024-08-02 18:28:00,Brasil,RIO GRANDE DO SUL,ENCRUZILHADA DO SUL,Pampa
 1704723770 ,347c8925-75b4-3bb4-898e-17c0e4fb58c5,  -30.449610 ,  -52.619770 ,2024-08-02 18:28:00,Brasil,RIO GRANDE DO SUL,ENCRUZILHADA DO SUL,Pampa
 1704723771 ,9c36b8de-7dda-341a-ba9d-ced320e2708a,  -30.445930 ,  -52.600800 ,2024-08-02 18:28:00,Brasil,RIO GRANDE DO SUL,ENCRUZILHADA DO SUL,Pampa
 1704723792 ,3f9e520a-6250-3d1c-8eb4-f1c1ae441b2b,  -29.494830 ,  -53.963540 ,2024-08-02 18:28:00,Brasil,RIO GRANDE DO SUL,SÃO MARTINHO DA SERRA,Pampa
 1704723793 ,bcc09039-7063-382f-ad23-79da3da3c351,  -29.530560 ,  -54.079530 ,2024-08-02 18:28:00,Brasil,RIO GRANDE DO SUL,SÃO PEDRO DO SUL,Mata Atlântica
 1704723794 ,9c81d5d1-6c55-340c-b9ad-1ec6985f394d,  -29.525980 ,  -54.071210 ,2024-08-02 18:28:00,Brasil,RIO GRANDE DO SUL,SÃO PEDRO DO SUL,Mata Atlântica
 1704723803 ,5df0db89-b2ca-387a-a3b9-0e39935f9bdc,  -29.407970 ,  -56.037100 ,2024-08-02 18:28:00,Brasil,RIO GRANDE DO SUL,ALEGRETE,Pampa
 1704723804 ,c69c7d87-ccf7-312f-88d8-be80bb601122,  -28.694230 ,  -55.480120 ,2024-08-02 18:28:00,Brasil,RIO GRANDE DO SUL,ITACURUBI,Pampa
 1704723817 ,48f29305-956c-3265-a0c3-c47aadc5561b,  -29.794440 ,  -56.937660 ,2024-08-02 18:28:00,Brasil,RIO GRANDE DO SUL,URUGUAIANA,Pampa
 1705078603 ,7d2741d1-3e75-3e3d-9967-9000597e2462,  -28.521210 ,  -50.182640 ,2024-08-03 17:32:00,Brasil,RIO GRANDE DO SUL,BOM JESUS,Mata Atlântica
 1705078565 ,e632fe57-4e3a-3b4e-ac97-d2f4edeea533,  -29.319460 ,  -50.754570 ,2024-08-03 17:32:00,Brasil,RIO GRANDE DO SUL,CANELA,Mata Atlântica
 1705078566 ,f419a95c-a5f3-318c-b23f-e808d5ea5d03,  -29.317170 ,  -50.388330 ,2024-08-03 17:32:00,Brasil,RIO GRANDE DO SUL,SÃO FRANCISCO DE PAULA,Mata Atlântica
 1705078567 ,a7232fcd-5fdb-304c-bca6-d70cf5d162f3,  -29.229500 ,  -50.640700 ,2024-08-03 17:32:00,Brasil,RIO GRANDE DO SUL,SÃO FRANCISCO DE PAULA,Mata Atlântica
 1705078568 ,c0dfc549-e189-3896-b10f-2d72227d5b7a,  -29.161480 ,  -50.637920 ,2024-08-03 17:32:00,Brasil,RIO GRANDE DO SUL,SÃO FRANCISCO DE PAULA,Mata Atlântica
 1705078569 ,93d9c653-86fd-3d05-8688-9dc9b0705542,  -29.158490 ,  -50.281410 ,2024-08-03 17:32:00,Brasil,RIO GRANDE DO SUL,CAMBARÁ DO SUL,Mata Atlântica
 1705078570 ,d90e7b75-4e1f-3251-85c7-14213c4c52fb,  -29.156830 ,  -50.274640 ,2024-08-03 17:32:00,Brasil,RIO GRANDE DO SUL,CAMBARÁ DO SUL,Mata Atlântica
 1705078571 ,8e7360f8-de17-366a-97f6-71bc05e505bd,  -29.148320 ,  -50.512340 ,2024-08-03 17:32:00,Brasil,RIO GRANDE DO SUL,SÃO FRANCISCO DE PAULA,Mata Atlântica
 1705078572 ,72b7fd47-d2d3-32da-90ca-17efaeac6ae3,  -29.010810 ,  -50.626420 ,2024-08-03 17:32:00,Brasil,RIO GRANDE DO SUL,SÃO FRANCISCO DE PAULA,Mata Atlântica
 1705078573 ,2ffc2b37-6f34-3363-b116-50686da477d8,  -29.010620 ,  -49.967660 ,2024-08-03 17:32:00,Brasil,RIO GRANDE DO SUL,CAMBARÁ DO SUL,Mata Atlântica
 1705078574 ,40a8a718-d6c1-3b0b-8215-ed70afc3dc34,  -29.008030 ,  -51.029790 ,2024-08-03 17:32:00,Brasil,RIO GRANDE DO SUL,SÃO MARCOS,Mata Atlântica
 1705078575 ,c35ea362-dec5-362e-96d6-184730906bf8,  -28.981260 ,  -50.224480 ,2024-08-03 17:32:00,Brasil,RIO GRANDE DO SUL,CAMBARÁ DO SUL,Mata Atlântica
 1705078576 ,673196c1-1fbe-3347-86f8-0b37f9ffa20b,  -28.979480 ,  -50.207370 ,2024-08-03 17:32:00,Brasil,RIO GRANDE DO SUL,CAMBARÁ DO SUL,Mata Atlântica
 1705078577 ,9f19b46e-79dd-3536-8677-4588fd8f2a63,  -28.978260 ,  -50.975000 ,2024-08-03 17:32:00,Brasil,RIO GRANDE DO SUL,SÃO MARCOS,Mata Atlântica
 1705078578 ,d1763912-16b2-36d7-8382-5e9b1347b378,  -28.975440 ,  -50.711360 ,2024-08-03 17:32:00,Brasil,RIO GRANDE DO SUL,SÃO FRANCISCO DE PAULA,Mata Atlântica
 1705078579 ,7c67f558-6164-33ea-b1ba-2163f7195c45,  -28.944690 ,  -50.642820 ,2024-08-03 17:32:00,Brasil,RIO GRANDE DO SUL,SÃO FRANCISCO DE PAULA,Mata Atlântica
 1705078580 ,3c98459d-8554-3254-b6a5-73771de86832,  -28.940340 ,  -50.376310 ,2024-08-03 17:32:00,Brasil,RIO GRANDE DO SUL,JAQUIRANA,Mata Atlântica
 1705078581 ,44ec288c-4793-3741-beed-e124adf19a0b,  -28.936090 ,  -50.446400 ,2024-08-03 17:32:00,Brasil,RIO GRANDE DO SUL,JAQUIRANA,Mata Atlântica
 1705078582 ,e356df6f-82ac-3258-bbc3-259c128c2669,  -28.912620 ,  -50.526950 ,2024-08-03 17:32:00,Brasil,RIO GRANDE DO SUL,SÃO FRANCISCO DE PAULA,Mata Atlântica
 1705078583 ,30dc6df7-8b4b-3d81-b8ab-ed85fc46459f,  -28.910710 ,  -50.509340 ,2024-08-03 17:32:00,Brasil,RIO GRANDE DO SUL,JAQUIRANA,Mata Atlântica
 1705078584 ,e037fab4-230e-33c8-b313-0598c0db1251,  -28.908890 ,  -50.522530 ,2024-08-03 17:32:00,Brasil,RIO GRANDE DO SUL,SÃO FRANCISCO DE PAULA,Mata Atlântica
 1705078585 ,0c3510b3-bba3-3ed9-93c3-6cc9dee1f9a0,  -28.907060 ,  -50.504510 ,2024-08-03 17:32:00,Brasil,RIO GRANDE DO SUL,JAQUIRANA,Mata Atlântica
 1705078586 ,eb3096b2-9cf7-36c8-b98b-f9afa86266d4,  -28.899650 ,  -50.971310 ,2024-08-03 17:32:00,Brasil,RIO GRANDE DO SUL,CAXIAS DO SUL,Mata Atlântica
 1705078587 ,b1672db9-f183-324a-8b7b-8d0a6b53ed33,  -28.897800 ,  -50.952970 ,2024-08-03 17:32:00,Brasil,RIO GRANDE DO SUL,CAXIAS DO SUL,Mata Atlântica
 1705078588 ,293b944c-b717-3a7d-a12f-4bc49b495cc0,  -28.853560 ,  -50.752230 ,2024-08-03 17:32:00,Brasil,RIO GRANDE DO SUL,SÃO FRANCISCO DE PAULA,Mata Atlântica
 1705078589 ,3537d926-3790-308e-9c9c-d8d9a3da8005,  -28.738410 ,  -52.118190 ,2024-08-03 17:32:00,Brasil,RIO GRANDE DO SUL,NOVA ALVORADA,Mata Atlântica
 1705078590 ,afbf1cc7-bb46-326b-88da-4f6d725824ee,  -28.736320 ,  -52.095830 ,2024-08-03 17:32:00,Brasil,RIO GRANDE DO SUL,NOVA ALVORADA,Mata Atlântica
 1705078591 ,6d7df4e1-7568-318d-8f23-bf961220ecfa,  -28.717820 ,  -50.970290 ,2024-08-03 17:32:00,Brasil,RIO GRANDE DO SUL,VACARIA,Mata Atlântica
 1705078592 ,2d47511f-8784-34c3-bab6-391b9c00b9e7,  -28.691980 ,  -49.867500 ,2024-08-03 17:32:00,Brasil,RIO GRANDE DO SUL,SÃO JOSÉ DOS AUSENTES,Mata Atlântica
 1705078593 ,70aba973-5573-3937-8fac-9c2512f73d04,  -28.690250 ,  -49.851700 ,2024-08-03 17:32:00,Brasil,RIO GRANDE DO SUL,SÃO JOSÉ DOS AUSENTES,Mata Atlântica
 1705078594 ,a6dba142-1d83-3ca9-91a9-f6ea95a1cf2c,  -28.654010 ,  -50.465550 ,2024-08-03 17:32:00,Brasil,RIO GRANDE DO SUL,BOM JESUS,Mata Atlântica
 1705078595 ,7a7139af-9dc7-3b3e-99f2-b9b5ae19429d,  -28.639650 ,  -50.328740 ,2024-08-03 17:32:00,Brasil,RIO GRANDE DO SUL,BOM JESUS,Mata Atlântica
 1705078596 ,0b5068b5-b259-39e0-9c2a-14ebd7ada23d,  -28.633430 ,  -51.323980 ,2024-08-03 17:32:00,Brasil,RIO GRANDE DO SUL,IPÊ,Mata Atlântica
 1705078597 ,116150a3-3c0f-356b-a057-f5732f22360f,  -28.615460 ,  -49.996670 ,2024-08-03 17:32:00,Brasil,RIO GRANDE DO SUL,SÃO JOSÉ DOS AUSENTES,Mata Atlântica
 1705078598 ,b1f64c5a-e945-32a3-8c0c-542c14fa3340,  -28.604450 ,  -49.998800 ,2024-08-03 17:32:00,Brasil,RIO GRANDE DO SUL,SÃO JOSÉ DOS AUSENTES,Mata Atlântica
 1705078599 ,cb7c8269-ddd8-3390-a648-fad4ae3ebd38,  -28.602700 ,  -49.982600 ,2024-08-03 17:32:00,Brasil,RIO GRANDE DO SUL,SÃO JOSÉ DOS AUSENTES,Mata Atlântica
 1705078600 ,8b501816-2bca-3560-aa55-9a9df090bf50,  -28.571930 ,  -49.904830 ,2024-08-03 17:32:00,Brasil,RIO GRANDE DO SUL,SÃO JOSÉ DOS AUSENTES,Mata Atlântica
 1705078601 ,e80d0a4c-2278-33be-b06c-f323decd3682,  -28.570420 ,  -49.911990 ,2024-08-03 17:32:00,Brasil,RIO GRANDE DO SUL,SÃO JOSÉ DOS AUSENTES,Mata Atlântica
 1705078602 ,76f740e6-ab23-329f-88ba-dbdf7050f8b2,  -28.569960 ,  -50.108700 ,2024-08-03 17:32:00,Brasil,RIO GRANDE DO SUL,BOM JESUS,Mata Atlântica
 1705078604 ,65e35d40-e11f-34e0-884a-6af444d88b12,  -28.510810 ,  -50.084920 ,2024-08-03 17:32:00,Brasil,RIO GRANDE DO SUL,BOM JESUS,Mata Atlântica
 1705078605 ,a256f071-2b6c-395e-94d6-17e5c54643b5,  -28.482630 ,  -49.926400 ,2024-08-03 17:32:00,Brasil,RIO GRANDE DO SUL,SÃO JOSÉ DOS AUSENTES,Mata Atlântica
 1705078606 ,ff2f5457-b5f3-3b79-96ca-699524fb4dd3,  -28.480120 ,  -49.915180 ,2024-08-03 17:32:00,Brasil,RIO GRANDE DO SUL,SÃO JOSÉ DOS AUSENTES,Mata Atlântica
 1705078607 ,ab90d51a-a889-3807-a4df-ac6b7ef5c350,  -28.470770 ,  -51.351170 ,2024-08-03 17:32:00,Brasil,RIO GRANDE DO SUL,MUITOS CAPÕES,Mata Atlântica
 1705078608 ,dae90bad-4fd3-3e4a-86d4-013996fc147c,  -28.466170 ,  -50.520600 ,2024-08-03 17:32:00,Brasil,RIO GRANDE DO SUL,BOM JESUS,Mata Atlântica
 1705078615 ,42cd5b5c-298f-3ff0-a7cb-cfffac98f2e4,  -28.292680 ,  -50.716020 ,2024-08-03 17:32:00,Brasil,RIO GRANDE DO SUL,BOM JESUS,Mata Atlântica
 1705078616 ,ffab9ec7-3be6-3ff8-ad06-be87c5f3f7f5,  -28.284390 ,  -50.723990 ,2024-08-03 17:32:00,Brasil,RIO GRANDE DO SUL,BOM JESUS,Mata Atlântica
 1705078626 ,63527e0c-621e-37b3-b9cd-60c47fa8f702,  -27.875050 ,  -51.879160 ,2024-08-03 17:32:00,Brasil,RIO GRANDE DO SUL,SANANDUVA,Mata Atlântica
 1705078627 ,83c24b00-2422-30a9-bf1e-198cd42eae73,  -27.873510 ,  -51.886390 ,2024-08-03 17:32:00,Brasil,RIO GRANDE DO SUL,SANANDUVA,Mata Atlântica
 1705726508 ,56b79aeb-c7d3-38fa-b4ad-65dd8e39ecc9,  -29.169360 ,  -51.192130 ,2024-08-05 17:13:00,Brasil,RIO GRANDE DO SUL,CAXIAS DO SUL,Mata Atlântica
 1708374172 ,02cae9cc-514b-3a24-9289-4e62508ee0f4,  -29.088560 ,  -50.559900 ,2024-08-11 18:02:00,Brasil,RIO GRANDE DO SUL,SÃO FRANCISCO DE PAULA,Mata Atlântica
 1708374173 ,5ed956d2-b48d-3f77-acff-4e3e523c86a9,  -29.014600 ,  -50.613610 ,2024-08-11 18:02:00,Brasil,RIO GRANDE DO SUL,SÃO FRANCISCO DE PAULA,Mata Atlântica
 1708374174 ,7a60a67c-7cc3-35d5-8db0-4b9590f43c17,  -28.578640 ,  -51.317360 ,2024-08-11 18:02:00,Brasil,RIO GRANDE DO SUL,MUITOS CAPÕES,Mata Atlântica
 1708374231 ,b2908fa3-d531-37e4-894d-b22888137caf,  -30.064510 ,  -55.074350 ,2024-08-11 18:02:00,Brasil,RIO GRANDE DO SUL,CACEQUI,Pampa
 1708374302 ,12a03b5d-101f-3100-8e9a-c2db13daa245,  -29.846640 ,  -55.373040 ,2024-08-11 18:02:00,Brasil,RIO GRANDE DO SUL,ALEGRETE,Pampa
 1708374303 ,0f127411-0a43-31f2-a3cd-a645021c27b7,  -29.845080 ,  -55.360050 ,2024-08-11 18:02:00,Brasil,RIO GRANDE DO SUL,ALEGRETE,Pampa
 1709362459 ,2d9853f6-2d56-3627-a76a-61e00f1f2f10,  -29.409620 ,  -50.341340 ,2024-08-13 17:43:00,Brasil,RIO GRANDE DO SUL,SÃO FRANCISCO DE PAULA,Mata Atlântica
 1709362460 ,ef246174-ea4f-31ba-9dcf-415fee19e343,  -29.355240 ,  -50.374210 ,2024-08-13 17:43:00,Brasil,RIO GRANDE DO SUL,SÃO FRANCISCO DE PAULA,Mata Atlântica
 1709362461 ,0cf849a6-c050-3181-99d7-002674975f74,  -29.325150 ,  -50.241490 ,2024-08-13 17:43:00,Brasil,RIO GRANDE DO SUL,SÃO FRANCISCO DE PAULA,Mata Atlântica
 1709362462 ,bb32b3e9-b404-38db-84d8-71306de554e9,  -29.282860 ,  -50.367740 ,2024-08-13 17:43:00,Brasil,RIO GRANDE DO SUL,SÃO FRANCISCO DE PAULA,Mata Atlântica
 1709362463 ,a9f6e141-7130-3d63-ad43-6297e6c8ce5f,  -29.151690 ,  -50.288750 ,2024-08-13 17:43:00,Brasil,RIO GRANDE DO SUL,CAMBARÁ DO SUL,Mata Atlântica
 1709362464 ,6113f09e-3377-3e99-a169-d5e71cd21150,  -29.150250 ,  -50.277170 ,2024-08-13 17:43:00,Brasil,RIO GRANDE DO SUL,CAMBARÁ DO SUL,Mata Atlântica
 1709362465 ,5f79f793-89cf-3e29-9354-207b464238c4,  -29.148600 ,  -50.294880 ,2024-08-13 17:43:00,Brasil,RIO GRANDE DO SUL,CAMBARÁ DO SUL,Mata Atlântica
 1709362466 ,248e0caa-895e-3ba6-bc64-722c3cb20a0c,  -29.147110 ,  -50.283310 ,2024-08-13 17:43:00,Brasil,RIO GRANDE DO SUL,CAMBARÁ DO SUL,Mata Atlântica
 1709362467 ,7c6e0ea5-5137-3faa-84bb-d46913e0b99f,  -29.068280 ,  -50.272750 ,2024-08-13 17:43:00,Brasil,RIO GRANDE DO SUL,JAQUIRANA,Mata Atlântica
 1709362468 ,ece5a646-8344-3488-ab0c-031c833c067b,  -29.066800 ,  -50.260950 ,2024-08-13 17:43:00,Brasil,RIO GRANDE DO SUL,JAQUIRANA,Mata Atlântica
 1709362469 ,b40df088-0422-3cfb-a0f6-be24fe0abae6,  -28.996320 ,  -50.279630 ,2024-08-13 17:43:00,Brasil,RIO GRANDE DO SUL,JAQUIRANA,Mata Atlântica
 1709362470 ,22d520f7-4ad9-31f2-b589-b8c2304ce1e9,  -28.991940 ,  -50.245090 ,2024-08-13 17:43:00,Brasil,RIO GRANDE DO SUL,CAMBARÁ DO SUL,Mata Atlântica
 1709362471 ,4d72b7c9-7ae3-3686-ad97-4bf71b91d969,  -29.100270 ,  -50.219930 ,2024-08-13 17:43:00,Brasil,RIO GRANDE DO SUL,CAMBARÁ DO SUL,Mata Atlântica
 1709362472 ,0742e66c-a544-311e-aa32-737689352c9c,  -29.098820 ,  -50.208530 ,2024-08-13 17:43:00,Brasil,RIO GRANDE DO SUL,JAQUIRANA,Mata Atlântica
 1709362473 ,87a72c6b-33f4-3fa9-b67d-127f31c1bef5,  -29.072620 ,  -50.154300 ,2024-08-13 17:43:00,Brasil,RIO GRANDE DO SUL,CAMBARÁ DO SUL,Mata Atlântica
 1709362474 ,346580a1-fcf6-3720-8b6a-67d29fc14cf5,  -29.071170 ,  -50.142830 ,2024-08-13 17:43:00,Brasil,RIO GRANDE DO SUL,CAMBARÁ DO SUL,Mata Atlântica
 1709362475 ,d6cdafaf-56eb-3bb4-9a9c-ce9f7f24213b,  -29.069700 ,  -50.131320 ,2024-08-13 17:43:00,Brasil,RIO GRANDE DO SUL,CAMBARÁ DO SUL,Mata Atlântica
 1709362476 ,1ae3de78-1210-3c27-ab95-d48663f64ae3,  -28.987520 ,  -50.210280 ,2024-08-13 17:43:00,Brasil,RIO GRANDE DO SUL,CAMBARÁ DO SUL,Mata Atlântica
 1709362477 ,f11f31fb-fe4d-3f09-b856-c5bc72fc64c3,  -28.928960 ,  -50.016880 ,2024-08-13 17:43:00,Brasil,RIO GRANDE DO SUL,CAMBARÁ DO SUL,Mata Atlântica
 1709362478 ,be1c6080-4e09-3e3a-b27b-ea16159cb253,  -28.829610 ,  -50.109460 ,2024-08-13 17:43:00,Brasil,RIO GRANDE DO SUL,CAMBARÁ DO SUL,Mata Atlântica
 1709362479 ,64ab3327-f536-3c53-bc21-0c1df42fe2d7,  -28.813720 ,  -50.134980 ,2024-08-13 17:43:00,Brasil,RIO GRANDE DO SUL,SÃO JOSÉ DOS AUSENTES,Mata Atlântica
 1709362480 ,2dd1508c-f391-3f16-92a3-e4e2d8c6d075,  -28.812300 ,  -50.123930 ,2024-08-13 17:43:00,Brasil,RIO GRANDE DO SUL,SÃO JOSÉ DOS AUSENTES,Mata Atlântica
 1709362481 ,c94f519b-d656-3921-bf87-144071eeedf6,  -28.782640 ,  -50.116880 ,2024-08-13 17:43:00,Brasil,RIO GRANDE DO SUL,SÃO JOSÉ DOS AUSENTES,Mata Atlântica
 1709362482 ,e05081c0-e2c3-3a39-91e3-daaf862ee7f1,  -28.718110 ,  -49.882000 ,2024-08-13 17:43:00,Brasil,RIO GRANDE DO SUL,SÃO JOSÉ DOS AUSENTES,Mata Atlântica
 1709362483 ,a9e17ca3-2a62-3002-b5c5-5c3eab07d9ac,  -28.706310 ,  -50.157910 ,2024-08-13 17:43:00,Brasil,RIO GRANDE DO SUL,BOM JESUS,Mata Atlântica
 1709362484 ,b9b5f93d-2bea-3df9-91e2-f65ee667553d,  -28.704860 ,  -50.146590 ,2024-08-13 17:43:00,Brasil,RIO GRANDE DO SUL,BOM JESUS,Mata Atlântica
 1709362485 ,dc66d091-b8d7-3bc3-92e1-22735a3ee9c3,  -28.676730 ,  -50.151450 ,2024-08-13 17:43:00,Brasil,RIO GRANDE DO SUL,BOM JESUS,Mata Atlântica
 1709362486 ,59a190f5-52a2-3161-8976-df2e101420c5,  -28.658480 ,  -50.057870 ,2024-08-13 17:43:00,Brasil,RIO GRANDE DO SUL,SÃO JOSÉ DOS AUSENTES,Mata Atlântica
 1709362487 ,2f5ad2e2-2802-3dbc-92ac-da62a8c274bc,  -28.656990 ,  -50.046610 ,2024-08-13 17:43:00,Brasil,RIO GRANDE DO SUL,SÃO JOSÉ DOS AUSENTES,Mata Atlântica
 1709362488 ,973d4895-d040-3821-bde0-fa40e1a28b36,  -28.590930 ,  -50.126660 ,2024-08-13 17:43:00,Brasil,RIO GRANDE DO SUL,BOM JESUS,Mata Atlântica
 1709362489 ,51ce7543-5530-3d25-a718-2bd003d25b3c,  -28.581460 ,  -49.833080 ,2024-08-13 17:43:00,Brasil,RIO GRANDE DO SUL,SÃO JOSÉ DOS AUSENTES,Mata Atlântica
 1709362490 ,ee5774ba-802d-35d4-b636-a2666e6271cf,  -28.567940 ,  -50.135940 ,2024-08-13 17:43:00,Brasil,RIO GRANDE DO SUL,BOM JESUS,Mata Atlântica
 1709362491 ,1953f7e8-ad2d-38ba-80eb-7d392e75375e,  -28.543800 ,  -49.761710 ,2024-08-13 17:43:00,Brasil,RIO GRANDE DO SUL,SÃO JOSÉ DOS AUSENTES,Mata Atlântica
 1709362492 ,36abd213-12c5-351a-a142-5822cb8fa12d,  -28.541300 ,  -50.151910 ,2024-08-13 17:43:00,Brasil,RIO GRANDE DO SUL,BOM JESUS,Mata Atlântica
 1709362493 ,0531a2d8-0cb5-35ee-8c98-4c1d42447912,  -28.539820 ,  -50.140500 ,2024-08-13 17:43:00,Brasil,RIO GRANDE DO SUL,BOM JESUS,Mata Atlântica
 1709362495 ,62689065-cd83-3c82-93a3-f94f75e94358,  -28.514970 ,  -49.805690 ,2024-08-13 17:43:00,Brasil,RIO GRANDE DO SUL,SÃO JOSÉ DOS AUSENTES,Mata Atlântica
 1709362587 ,c631e760-8c4c-3786-8694-6d30e1013592,  -28.083580 ,  -51.036370 ,2024-08-13 17:43:00,Brasil,RIO GRANDE DO SUL,ESMERALDA,Mata Atlântica
 1709362588 ,91ca034f-f1b3-3ba3-b2b6-fc3e1abfcf4b,  -28.082070 ,  -51.024130 ,2024-08-13 17:43:00,Brasil,RIO GRANDE DO SUL,VACARIA,Mata Atlântica
 1709362647 ,f2373c2a-317c-34b0-957a-9bafa9c97e52,  -29.239300 ,  -50.599960 ,2024-08-13 17:43:00,Brasil,RIO GRANDE DO SUL,SÃO FRANCISCO DE PAULA,Mata Atlântica
 1709362648 ,6c39d3b5-2410-3391-8384-bf1b5e987fea,  -29.228160 ,  -50.589490 ,2024-08-13 17:43:00,Brasil,RIO GRANDE DO SUL,SÃO FRANCISCO DE PAULA,Mata Atlântica
 1709362649 ,bb8ef956-6101-3138-bb3a-6ca54b45847a,  -29.210320 ,  -50.604460 ,2024-08-13 17:43:00,Brasil,RIO GRANDE DO SUL,SÃO FRANCISCO DE PAULA,Mata Atlântica
 1709362650 ,7f5cee40-91fa-3d12-89f0-60146967416f,  -29.185210 ,  -50.738040 ,2024-08-13 17:43:00,Brasil,RIO GRANDE DO SUL,SÃO FRANCISCO DE PAULA,Mata Atlântica
 1709362651 ,20ae02d1-cc76-3517-a418-4040197d2698,  -29.173060 ,  -50.640950 ,2024-08-13 17:43:00,Brasil,RIO GRANDE DO SUL,SÃO FRANCISCO DE PAULA,Mata Atlântica
 1709362652 ,902e6fec-eb5e-3263-9cc6-9c63cbd72b35,  -29.166400 ,  -50.666610 ,2024-08-13 17:43:00,Brasil,RIO GRANDE DO SUL,SÃO FRANCISCO DE PAULA,Mata Atlântica
 1709362653 ,cb6203bd-fa31-3ade-89c6-5834b525f02f,  -29.138850 ,  -50.683280 ,2024-08-13 17:43:00,Brasil,RIO GRANDE DO SUL,SÃO FRANCISCO DE PAULA,Mata Atlântica
 1709362654 ,2e9290f9-5093-32e2-9416-9cd27fefe058,  -29.133610 ,  -50.903220 ,2024-08-13 17:43:00,Brasil,RIO GRANDE DO SUL,CAXIAS DO SUL,Mata Atlântica
 1709362655 ,c2e99ee7-a721-3075-870d-7260420bc14e,  -29.124550 ,  -50.809780 ,2024-08-13 17:43:00,Brasil,RIO GRANDE DO SUL,SÃO FRANCISCO DE PAULA,Mata Atlântica
 1709362680 ,6dd2d925-a7ac-36bb-8b49-ae7a1d33d082,  -28.473000 ,  -50.567650 ,2024-08-13 17:43:00,Brasil,RIO GRANDE DO SUL,BOM JESUS,Mata Atlântica
 1709362656 ,fd8818da-2050-3255-94e6-f299cc7f3bd3,  -29.123080 ,  -50.797630 ,2024-08-13 17:43:00,Brasil,RIO GRANDE DO SUL,SÃO FRANCISCO DE PAULA,Mata Atlântica
 1709362657 ,15dfc052-ae13-3919-aff5-e7a7663e7cf3,  -29.122280 ,  -50.892490 ,2024-08-13 17:43:00,Brasil,RIO GRANDE DO SUL,CAXIAS DO SUL,Mata Atlântica
 1709362658 ,f4a4b6ac-d607-3c7f-8521-5e1876af51b7,  -29.121240 ,  -50.804530 ,2024-08-13 17:43:00,Brasil,RIO GRANDE DO SUL,SÃO FRANCISCO DE PAULA,Mata Atlântica
 1709362659 ,736dcf6e-7933-3797-8682-f002c1c7bb55,  -29.119710 ,  -50.792340 ,2024-08-13 17:43:00,Brasil,RIO GRANDE DO SUL,SÃO FRANCISCO DE PAULA,Mata Atlântica
 1709362660 ,891cc5e0-a96e-353b-8c03-ece0f91fbfc8,  -29.117350 ,  -50.588810 ,2024-08-13 17:43:00,Brasil,RIO GRANDE DO SUL,SÃO FRANCISCO DE PAULA,Mata Atlântica
 1709362661 ,830ffcb2-1a0c-3ca0-858d-6e23a4d5f38e,  -29.090700 ,  -50.960830 ,2024-08-13 17:43:00,Brasil,RIO GRANDE DO SUL,CAXIAS DO SUL,Mata Atlântica
 1709362662 ,1e6984a7-206f-384c-b620-1c61559cd4ae,  -29.086580 ,  -50.686190 ,2024-08-13 17:43:00,Brasil,RIO GRANDE DO SUL,SÃO FRANCISCO DE PAULA,Mata Atlântica
 1709362663 ,085e8195-2967-345c-b81c-854b19b9d5e4,  -29.041960 ,  -50.644580 ,2024-08-13 17:43:00,Brasil,RIO GRANDE DO SUL,SÃO FRANCISCO DE PAULA,Mata Atlântica
 1709362664 ,120fd0c3-3ee8-3365-980f-b4f6bf8bc9c2,  -29.041870 ,  -50.805150 ,2024-08-13 17:43:00,Brasil,RIO GRANDE DO SUL,SÃO FRANCISCO DE PAULA,Mata Atlântica
 1709362665 ,873828f7-8d22-3234-b6cd-c6e7f53d0104,  -29.023420 ,  -50.574110 ,2024-08-13 17:43:00,Brasil,RIO GRANDE DO SUL,SÃO FRANCISCO DE PAULA,Mata Atlântica
 1709362666 ,5d3d33fa-f795-3646-a617-bd3d1076cf19,  -29.020360 ,  -50.709660 ,2024-08-13 17:43:00,Brasil,RIO GRANDE DO SUL,SÃO FRANCISCO DE PAULA,Mata Atlântica
 1709362667 ,42079232-2c5d-3a85-910b-b5ee3356c3a9,  -29.018870 ,  -50.697380 ,2024-08-13 17:43:00,Brasil,RIO GRANDE DO SUL,SÃO FRANCISCO DE PAULA,Mata Atlântica
 1709362668 ,de21ab86-4186-3ecd-ae46-c1f0215a492f,  -29.017370 ,  -50.703230 ,2024-08-13 17:43:00,Brasil,RIO GRANDE DO SUL,SÃO FRANCISCO DE PAULA,Mata Atlântica
 1709362669 ,5b3dd14b-2e67-3888-87be-9a385aaadb23,  -29.004970 ,  -50.841610 ,2024-08-13 17:43:00,Brasil,RIO GRANDE DO SUL,CAXIAS DO SUL,Mata Atlântica
 1709362670 ,152a0791-5d99-33fa-bc78-9bae35da67cd,  -28.994500 ,  -50.918310 ,2024-08-13 17:43:00,Brasil,RIO GRANDE DO SUL,CAXIAS DO SUL,Mata Atlântica
 1709362671 ,9cb8dfbd-0533-3775-895c-9c3259ccaa51,  -28.944430 ,  -50.592490 ,2024-08-13 17:43:00,Brasil,RIO GRANDE DO SUL,SÃO FRANCISCO DE PAULA,Mata Atlântica
 1709362672 ,e3ab24dd-1012-3998-a0cb-34a7b8beb147,  -28.937790 ,  -50.618090 ,2024-08-13 17:43:00,Brasil,RIO GRANDE DO SUL,SÃO FRANCISCO DE PAULA,Mata Atlântica
 1709362673 ,f4f0b22d-71df-3d0e-8cb0-5bd197a579d2,  -28.926720 ,  -50.873080 ,2024-08-13 17:43:00,Brasil,RIO GRANDE DO SUL,CAXIAS DO SUL,Mata Atlântica
 1709362674 ,7b4a79ee-9f0f-3ae5-b087-18e19303b49c,  -28.914810 ,  -50.937890 ,2024-08-13 17:43:00,Brasil,RIO GRANDE DO SUL,CAXIAS DO SUL,Mata Atlântica
 1709362675 ,80ef2d58-1560-3799-a23c-e22b2355ff57,  -28.682410 ,  -51.195820 ,2024-08-13 17:43:00,Brasil,RIO GRANDE DO SUL,IPÊ,Mata Atlântica
 1709362676 ,6dce9980-afe6-3dda-8f26-4ccc56b6c538,  -28.676480 ,  -51.313840 ,2024-08-13 17:43:00,Brasil,RIO GRANDE DO SUL,IPÊ,Mata Atlântica
 1709362677 ,74aadebe-a271-33f1-b132-05b51de51c1b,  -28.666530 ,  -51.315550 ,2024-08-13 17:43:00,Brasil,RIO GRANDE DO SUL,IPÊ,Mata Atlântica
 1709362678 ,64e8bf41-8698-3a5b-b10e-bc6b1a00b094,  -28.638720 ,  -50.763390 ,2024-08-13 17:43:00,Brasil,RIO GRANDE DO SUL,MONTE ALEGRE DOS CAMPOS,Mata Atlântica
 1709362679 ,3cb40436-84bb-3fff-a9d4-e0e0131720c7,  -28.474490 ,  -50.579520 ,2024-08-13 17:43:00,Brasil,RIO GRANDE DO SUL,BOM JESUS,Mata Atlântica
 1709362681 ,d6c026e5-bbed-3699-aed1-3d60e3f7b02b,  -28.447650 ,  -50.625010 ,2024-08-13 17:43:00,Brasil,RIO GRANDE DO SUL,BOM JESUS,Mata Atlântica
 1709362682 ,786a8ffb-f703-3851-8e6d-059c80f0e506,  -28.438110 ,  -50.626770 ,2024-08-13 17:43:00,Brasil,RIO GRANDE DO SUL,BOM JESUS,Mata Atlântica
 1709362687 ,094616fe-85a2-31c7-b653-7ab54e3a9f5b,  -29.367690 ,  -50.555140 ,2024-08-13 17:43:00,Brasil,RIO GRANDE DO SUL,SÃO FRANCISCO DE PAULA,Mata Atlântica
 1709362688 ,d2c064ec-8386-31d8-b638-fb3d62d46f8f,  -29.354780 ,  -50.550420 ,2024-08-13 17:43:00,Brasil,RIO GRANDE DO SUL,SÃO FRANCISCO DE PAULA,Mata Atlântica
 1709362689 ,ae803509-c974-32ef-8c9a-4f731120f333,  -29.336050 ,  -50.479870 ,2024-08-13 17:43:00,Brasil,RIO GRANDE DO SUL,SÃO FRANCISCO DE PAULA,Mata Atlântica
 1709362690 ,fde8071e-7183-34f9-a1a9-960b4e5bac04,  -29.302730 ,  -50.448530 ,2024-08-13 17:43:00,Brasil,RIO GRANDE DO SUL,SÃO FRANCISCO DE PAULA,Mata Atlântica
 1709362691 ,4beb70c2-0762-3794-9b66-349b0c2df768,  -29.250080 ,  -50.451740 ,2024-08-13 17:43:00,Brasil,RIO GRANDE DO SUL,SÃO FRANCISCO DE PAULA,Mata Atlântica
 1709362692 ,7e2cb17d-1448-39fa-8821-8454d7cdead4,  -29.242640 ,  -50.393210 ,2024-08-13 17:43:00,Brasil,RIO GRANDE DO SUL,SÃO FRANCISCO DE PAULA,Mata Atlântica
 1709362693 ,703a99ca-7d01-3eb5-9b97-af59b64b5c35,  -29.240510 ,  -50.453320 ,2024-08-13 17:43:00,Brasil,RIO GRANDE DO SUL,SÃO FRANCISCO DE PAULA,Mata Atlântica
 1709362694 ,9802f60d-c398-38cf-8bce-041ca27d66c3,  -29.199990 ,  -50.520760 ,2024-08-13 17:43:00,Brasil,RIO GRANDE DO SUL,SÃO FRANCISCO DE PAULA,Mata Atlântica
 1709362695 ,8c4cb90f-e134-318a-ae80-b15cb0220b7d,  -29.185970 ,  -50.486530 ,2024-08-13 17:43:00,Brasil,RIO GRANDE DO SUL,SÃO FRANCISCO DE PAULA,Mata Atlântica
 1709362696 ,9d61a52a-e41a-36cb-ad18-dae176c139e1,  -29.184500 ,  -50.474660 ,2024-08-13 17:43:00,Brasil,RIO GRANDE DO SUL,SÃO FRANCISCO DE PAULA,Mata Atlântica
 1709362697 ,54ac1436-c620-3f86-8693-0d4368ee7531,  -29.166040 ,  -50.507510 ,2024-08-13 17:43:00,Brasil,RIO GRANDE DO SUL,SÃO FRANCISCO DE PAULA,Mata Atlântica
 1709362698 ,5fe862bf-9ae8-36d2-b5be-cb7036f6c60b,  -29.147460 ,  -50.438170 ,2024-08-13 17:43:00,Brasil,RIO GRANDE DO SUL,SÃO FRANCISCO DE PAULA,Mata Atlântica
 1709362699 ,6f53fa73-9d09-3819-ba48-bd8e06fa897b,  -29.071110 ,  -50.409610 ,2024-08-13 17:43:00,Brasil,RIO GRANDE DO SUL,JAQUIRANA,Mata Atlântica
 1709362700 ,c38f76fa-0703-3385-8bf0-11e8b01f2a12,  -29.064580 ,  -50.320620 ,2024-08-13 17:43:00,Brasil,RIO GRANDE DO SUL,JAQUIRANA,Mata Atlântica
 1709362701 ,79b833f6-d94b-36a0-aefb-d9b1b44dc902,  -29.061580 ,  -50.411250 ,2024-08-13 17:43:00,Brasil,RIO GRANDE DO SUL,JAQUIRANA,Mata Atlântica
 1709362702 ,957368a4-3ad3-3ab6-98bb-57b66061c130,  -29.049270 ,  -50.545520 ,2024-08-13 17:43:00,Brasil,RIO GRANDE DO SUL,SÃO FRANCISCO DE PAULA,Mata Atlântica
 1709362703 ,9cd10daa-a981-31bf-a8c6-de5445783f4b,  -29.039570 ,  -50.391260 ,2024-08-13 17:43:00,Brasil,RIO GRANDE DO SUL,JAQUIRANA,Mata Atlântica
 1709362704 ,ccc39c0f-9630-3847-9339-8dca6957afc6,  -29.031500 ,  -50.404410 ,2024-08-13 17:43:00,Brasil,RIO GRANDE DO SUL,JAQUIRANA,Mata Atlântica
 1709362705 ,2a015acc-45dd-3105-91ae-5cb356b3dafc,  -29.030050 ,  -50.392910 ,2024-08-13 17:43:00,Brasil,RIO GRANDE DO SUL,JAQUIRANA,Mata Atlântica
 1709362706 ,eb64ef92-b6b2-33da-a2e1-204f9e904b2e,  -29.019740 ,  -50.465930 ,2024-08-13 17:43:00,Brasil,RIO GRANDE DO SUL,SÃO FRANCISCO DE PAULA,Mata Atlântica
 1709362707 ,6f65c967-24a5-39e3-b314-1c5458b6734f,  -29.003530 ,  -50.492530 ,2024-08-13 17:43:00,Brasil,RIO GRANDE DO SUL,SÃO FRANCISCO DE PAULA,Mata Atlântica
 1709362708 ,6b5514be-b2b4-378e-b195-900ec1b731cf,  -28.982360 ,  -50.400460 ,2024-08-13 17:43:00,Brasil,RIO GRANDE DO SUL,JAQUIRANA,Mata Atlântica
 1709362709 ,b2c66b36-d64b-3c81-b893-7786d1a4771e,  -28.981970 ,  -50.501780 ,2024-08-13 17:43:00,Brasil,RIO GRANDE DO SUL,SÃO FRANCISCO DE PAULA,Mata Atlântica
 1709362710 ,34760ec6-3c55-309f-a3d2-d47094d93d61,  -28.980930 ,  -50.388920 ,2024-08-13 17:43:00,Brasil,RIO GRANDE DO SUL,JAQUIRANA,Mata Atlântica
 1709362711 ,d348f0b4-d529-32bf-ac89-3d5689ff27d5,  -28.976610 ,  -50.354220 ,2024-08-13 17:43:00,Brasil,RIO GRANDE DO SUL,JAQUIRANA,Mata Atlântica
 1709362712 ,6c08fbc3-6db8-34b9-a6a7-2ec2dd62b863,  -28.975150 ,  -50.342470 ,2024-08-13 17:43:00,Brasil,RIO GRANDE DO SUL,JAQUIRANA,Mata Atlântica
 1709362713 ,429b63d4-cc1f-3dbb-ab4a-0ad3cc774e66,  -28.973610 ,  -50.360330 ,2024-08-13 17:43:00,Brasil,RIO GRANDE DO SUL,JAQUIRANA,Mata Atlântica
 1709362714 ,cb5505e8-b319-3da0-a787-5f5e9e31632e,  -28.972080 ,  -50.348520 ,2024-08-13 17:43:00,Brasil,RIO GRANDE DO SUL,JAQUIRANA,Mata Atlântica
 1709362715 ,47822648-0938-32f1-b696-9d387faf3fc5,  -28.932690 ,  -50.498290 ,2024-08-13 17:43:00,Brasil,RIO GRANDE DO SUL,SÃO FRANCISCO DE PAULA,Mata Atlântica
 1709362716 ,134e5f05-5bcb-378c-afb9-79abc10d971a,  -28.931230 ,  -50.486600 ,2024-08-13 17:43:00,Brasil,RIO GRANDE DO SUL,JAQUIRANA,Mata Atlântica
 1709362717 ,3135ec7e-1fda-370d-a5b8-2dc9faceffda,  -28.695510 ,  -50.341610 ,2024-08-13 17:43:00,Brasil,RIO GRANDE DO SUL,BOM JESUS,Mata Atlântica
 1709362718 ,df7f7000-3299-30c7-b1e6-feb1b48aba30,  -28.688040 ,  -50.284090 ,2024-08-13 17:43:00,Brasil,RIO GRANDE DO SUL,BOM JESUS,Mata Atlântica
 1709362719 ,cfd1a81d-a29f-31ac-b5d5-2403bdc27519,  -28.646700 ,  -50.337890 ,2024-08-13 17:43:00,Brasil,RIO GRANDE DO SUL,BOM JESUS,Mata Atlântica
 1709362720 ,846875ea-df4f-3875-a4f0-689652eeca49,  -28.632800 ,  -50.457940 ,2024-08-13 17:43:00,Brasil,RIO GRANDE DO SUL,BOM JESUS,Mata Atlântica
 1709362721 ,43cf3f4d-1976-3893-baff-c1bf425f31e6,  -28.576370 ,  -50.425210 ,2024-08-13 17:43:00,Brasil,RIO GRANDE DO SUL,BOM JESUS,Mata Atlântica
 1709362722 ,e8453e8f-5f19-3bf5-8801-515ff33bd036,  -28.551480 ,  -50.536050 ,2024-08-13 17:43:00,Brasil,RIO GRANDE DO SUL,BOM JESUS,Mata Atlântica
 1709362723 ,90109f5d-143f-38ed-83e2-b8ab8247fa12,  -28.465730 ,  -50.509660 ,2024-08-13 17:43:00,Brasil,RIO GRANDE DO SUL,BOM JESUS,Mata Atlântica
 1709362725 ,5803ecec-960e-3975-a7db-341904f980bb,  -28.424780 ,  -50.522240 ,2024-08-13 17:43:00,Brasil,RIO GRANDE DO SUL,BOM JESUS,Mata Atlântica
 1709362782 ,118e1dc3-9b86-3441-8ced-674dee58a17d,  -28.931220 ,  -52.640970 ,2024-08-13 17:43:00,Brasil,RIO GRANDE DO SUL,SOLEDADE,Mata Atlântica
 1709362783 ,d29c29cb-7b61-35af-98b5-2ef45eab5feb,  -30.455530 ,  -52.616240 ,2024-08-13 17:43:00,Brasil,RIO GRANDE DO SUL,ENCRUZILHADA DO SUL,Pampa
 1709362784 ,c9e60eef-30f9-317f-9c60-2227f41bd789,  -30.453800 ,  -52.599790 ,2024-08-13 17:43:00,Brasil,RIO GRANDE DO SUL,ENCRUZILHADA DO SUL,Pampa
 1709362785 ,cb05a03c-c69d-3e4f-afc3-381b77e6d57c,  -30.348920 ,  -52.474440 ,2024-08-13 17:43:00,Brasil,RIO GRANDE DO SUL,PANTANO GRANDE,Pampa
 1709362786 ,1bc58a23-380d-30c8-9b55-bdf83cbb78f8,  -30.347230 ,  -52.458620 ,2024-08-13 17:43:00,Brasil,RIO GRANDE DO SUL,PANTANO GRANDE,Pampa
 1709362787 ,9dc1d02c-7ba2-3162-a7fc-ab9c154664dd,  -30.245900 ,  -52.676260 ,2024-08-13 17:43:00,Brasil,RIO GRANDE DO SUL,CACHOEIRA DO SUL,Pampa
 1709362788 ,49340d93-7008-3ade-8992-fd98436746e5,  -30.245490 ,  -52.683280 ,2024-08-13 17:43:00,Brasil,RIO GRANDE DO SUL,CACHOEIRA DO SUL,Pampa
 1709362789 ,fb3d278b-4201-3ea7-8804-4d8e3f54bad6,  -30.243700 ,  -52.666870 ,2024-08-13 17:43:00,Brasil,RIO GRANDE DO SUL,ENCRUZILHADA DO SUL,Pampa
 1709362790 ,5d0d6058-e70d-36af-8fdd-9d94ca9e27a8,  -32.345020 ,  -53.604730 ,2024-08-13 17:43:00,Brasil,RIO GRANDE DO SUL,JAGUARÃO,Pampa
 1709362791 ,82fb9382-debf-3097-81c7-d8343e3e4fa7,  -32.343140 ,  -53.583980 ,2024-08-13 17:43:00,Brasil,RIO GRANDE DO SUL,JAGUARÃO,Pampa
 1709362792 ,b8fe15a3-5952-3e0c-a40a-b0449eadd883,  -32.339390 ,  -53.591430 ,2024-08-13 17:43:00,Brasil,RIO GRANDE DO SUL,JAGUARÃO,Pampa
 1709362905 ,4095f4c0-0a53-39e8-ad46-63cb9ecea5ec,  -29.461630 ,  -55.041740 ,2024-08-13 17:43:00,Brasil,RIO GRANDE DO SUL,SÃO FRANCISCO DE ASSIS,Pampa
 1709362906 ,67837b66-56eb-3d32-b6bc-c3be85dcc370,  -29.459580 ,  -55.019780 ,2024-08-13 17:43:00,Brasil,RIO GRANDE DO SUL,SÃO FRANCISCO DE ASSIS,Mata Atlântica
 1709723258 ,441a4f23-6473-3b4f-a9cf-78d95c024a1e,  -29.314850 ,  -50.335820 ,2024-08-14 18:24:00,Brasil,RIO GRANDE DO SUL,SÃO FRANCISCO DE PAULA,Mata Atlântica
 1709723259 ,16c41ea8-7ff9-3ab5-a19b-6dd0e6b885ac,  -29.124650 ,  -50.183220 ,2024-08-14 18:24:00,Brasil,RIO GRANDE DO SUL,CAMBARÁ DO SUL,Mata Atlântica
 1709723260 ,121d354d-7196-3776-b642-bc393da08aed,  -29.121800 ,  -50.176330 ,2024-08-14 18:24:00,Brasil,RIO GRANDE DO SUL,CAMBARÁ DO SUL,Mata Atlântica
 1709723261 ,fb98f474-483e-38df-b645-816b86b42ad2,  -29.113980 ,  -50.330180 ,2024-08-14 18:24:00,Brasil,RIO GRANDE DO SUL,JAQUIRANA,Mata Atlântica
 1709723262 ,20c5b038-6d6f-3b7a-81fb-50c2760660b8,  -28.986770 ,  -50.026420 ,2024-08-14 18:24:00,Brasil,RIO GRANDE DO SUL,CAMBARÁ DO SUL,Mata Atlântica
 1709723263 ,3dc10149-ab40-38e4-b71b-c96726a043ec,  -28.973620 ,  -50.029820 ,2024-08-14 18:24:00,Brasil,RIO GRANDE DO SUL,CAMBARÁ DO SUL,Mata Atlântica
 1709723264 ,e6618b08-4363-3f31-988d-1a53720695e4,  -28.962330 ,  -50.165210 ,2024-08-14 18:24:00,Brasil,RIO GRANDE DO SUL,CAMBARÁ DO SUL,Mata Atlântica
 1709723265 ,a52c3795-25ed-3fdc-ad7f-1d47329c971c,  -28.908420 ,  -50.049430 ,2024-08-14 18:24:00,Brasil,RIO GRANDE DO SUL,CAMBARÁ DO SUL,Mata Atlântica
 1709723266 ,a7636d0d-9998-3309-af98-6332a38d7c59,  -28.907640 ,  -50.032090 ,2024-08-14 18:24:00,Brasil,RIO GRANDE DO SUL,CAMBARÁ DO SUL,Mata Atlântica
 1709723267 ,9430964f-633d-3ded-9ba9-1ad3aaaf43b2,  -28.665120 ,  -50.161480 ,2024-08-14 18:24:00,Brasil,RIO GRANDE DO SUL,BOM JESUS,Mata Atlântica
 1709723268 ,110b0924-366b-334f-870a-407572eab42a,  -28.657580 ,  -50.168860 ,2024-08-14 18:24:00,Brasil,RIO GRANDE DO SUL,BOM JESUS,Mata Atlântica
 1709723269 ,6a9e6f23-1647-334d-8ae8-3ef705f5a059,  -28.550070 ,  -50.103260 ,2024-08-14 18:24:00,Brasil,RIO GRANDE DO SUL,BOM JESUS,Mata Atlântica
 1709723270 ,3ad5299c-1f47-3ea3-9835-efb4bab67efb,  -28.545520 ,  -50.097160 ,2024-08-14 18:24:00,Brasil,RIO GRANDE DO SUL,BOM JESUS,Mata Atlântica
 1709723271 ,bdefc692-0877-3cbd-9598-8ed9219cf9ef,  -28.537030 ,  -50.107530 ,2024-08-14 18:24:00,Brasil,RIO GRANDE DO SUL,BOM JESUS,Mata Atlântica
 1709723295 ,81b133b6-4d6a-3940-8b86-a9a9d6930989,  -27.965780 ,  -51.092760 ,2024-08-14 18:24:00,Brasil,RIO GRANDE DO SUL,ESMERALDA,Mata Atlântica
 1709723302 ,6b573f65-5f65-3048-a8b0-af2f7f624aaf,  -28.574530 ,  -50.223010 ,2024-08-14 18:24:00,Brasil,RIO GRANDE DO SUL,BOM JESUS,Mata Atlântica
 1709723303 ,a4bcb2b4-4041-3471-b45d-19a66d587a88,  -28.570800 ,  -50.216580 ,2024-08-14 18:24:00,Brasil,RIO GRANDE DO SUL,BOM JESUS,Mata Atlântica
 1709723304 ,e9578d08-9945-38e0-bd26-eb986755cd88,  -28.517380 ,  -50.213650 ,2024-08-14 18:24:00,Brasil,RIO GRANDE DO SUL,BOM JESUS,Mata Atlântica
 1709723305 ,76436649-ab5e-390c-9433-617b845a18cd,  -28.464960 ,  -50.404530 ,2024-08-14 18:24:00,Brasil,RIO GRANDE DO SUL,BOM JESUS,Mata Atlântica
 1709723306 ,6dc11c78-c372-359d-ab1f-60b49be055a2,  -28.451850 ,  -50.535360 ,2024-08-14 18:24:00,Brasil,RIO GRANDE DO SUL,BOM JESUS,Mata Atlântica
 1709723307 ,c8f065f9-394b-3aec-bf22-64148ba78cd4,  -28.449830 ,  -50.528210 ,2024-08-14 18:24:00,Brasil,RIO GRANDE DO SUL,BOM JESUS,Mata Atlântica
 1709723308 ,a13bd7fc-9b74-323c-84a1-c5c9f219a01a,  -28.417910 ,  -50.690960 ,2024-08-14 18:24:00,Brasil,RIO GRANDE DO SUL,BOM JESUS,Mata Atlântica
 1709723309 ,31dd27bc-d779-3a73-9f43-5f386eb99376,  -28.415380 ,  -50.686830 ,2024-08-14 18:24:00,Brasil,RIO GRANDE DO SUL,BOM JESUS,Mata Atlântica
 1709723310 ,f8f019f7-f486-3b04-ab90-f77b1020fa75,  -28.391640 ,  -50.626250 ,2024-08-14 18:24:00,Brasil,RIO GRANDE DO SUL,BOM JESUS,Mata Atlântica
 1709723312 ,f8b18612-2d67-3aeb-919f-dfc9142c383b,  -28.367030 ,  -50.704170 ,2024-08-14 18:24:00,Brasil,RIO GRANDE DO SUL,BOM JESUS,Mata Atlântica
 1709723316 ,bb872ea6-4234-33f0-b02f-aabe2fe03cae,  -28.312700 ,  -50.765430 ,2024-08-14 18:24:00,Brasil,RIO GRANDE DO SUL,VACARIA,Mata Atlântica
 1709723317 ,85d4449f-e6ae-3822-a056-0512d2b344dd,  -28.177960 ,  -51.158540 ,2024-08-14 18:24:00,Brasil,RIO GRANDE DO SUL,ESMERALDA,Mata Atlântica
 1709723318 ,80c7f6a2-1216-3261-8f2a-5ee9aef539bf,  -29.129560 ,  -50.794410 ,2024-08-14 18:24:00,Brasil,RIO GRANDE DO SUL,SÃO FRANCISCO DE PAULA,Mata Atlântica
 1709723319 ,353834cd-98b7-39a3-9d85-f41e45dabaea,  -29.125360 ,  -50.773490 ,2024-08-14 18:24:00,Brasil,RIO GRANDE DO SUL,SÃO FRANCISCO DE PAULA,Mata Atlântica
 1709723320 ,e98bbb85-ae77-3bb3-9379-1038fcbd9664,  -29.097360 ,  -50.956430 ,2024-08-14 18:24:00,Brasil,RIO GRANDE DO SUL,CAXIAS DO SUL,Mata Atlântica
 1709723321 ,54ab8423-3662-39ad-b201-bedcc48d3149,  -29.095340 ,  -50.964210 ,2024-08-14 18:24:00,Brasil,RIO GRANDE DO SUL,CAXIAS DO SUL,Mata Atlântica
 1709723322 ,8730ee09-5e74-3b4f-ae41-d331e9dc7966,  -29.072820 ,  -50.513420 ,2024-08-14 18:24:00,Brasil,RIO GRANDE DO SUL,SÃO FRANCISCO DE PAULA,Mata Atlântica
 1709723323 ,570d357b-f58c-31aa-857a-2dd0db178112,  -29.066140 ,  -50.750960 ,2024-08-14 18:24:00,Brasil,RIO GRANDE DO SUL,SÃO FRANCISCO DE PAULA,Mata Atlântica
 1709723324 ,d11c5372-3998-30bd-a93b-7822b4936e9d,  -29.060170 ,  -50.516880 ,2024-08-14 18:24:00,Brasil,RIO GRANDE DO SUL,SÃO FRANCISCO DE PAULA,Mata Atlântica
 1709723325 ,d546fbfe-90a5-3295-a9b6-a3385c43dd14,  -29.054220 ,  -50.746270 ,2024-08-14 18:24:00,Brasil,RIO GRANDE DO SUL,SÃO FRANCISCO DE PAULA,Mata Atlântica
 1709723326 ,4e8ae054-33e7-3d59-a7f3-464b288dd7c6,  -29.049900 ,  -50.400830 ,2024-08-14 18:24:00,Brasil,RIO GRANDE DO SUL,JAQUIRANA,Mata Atlântica
 1709723327 ,cd738b6d-8dbb-3e80-bb3e-8bf3c1d7a3f0,  -29.045420 ,  -50.778590 ,2024-08-14 18:24:00,Brasil,RIO GRANDE DO SUL,SÃO FRANCISCO DE PAULA,Mata Atlântica
 1709723328 ,1a126724-2f0a-3391-9b9f-8016ef7660b7,  -29.799820 ,  -55.071300 ,2024-08-14 18:24:00,Brasil,RIO GRANDE DO SUL,CACEQUI,Pampa
 1709723329 ,90d6a78c-ba84-3df8-aa44-000d358d41ef,  -29.040920 ,  -50.681860 ,2024-08-14 18:24:00,Brasil,RIO GRANDE DO SUL,SÃO FRANCISCO DE PAULA,Mata Atlântica
 1709723330 ,45de52b9-f0f7-30e9-8d73-95f9625f2d25,  -29.040730 ,  -50.689370 ,2024-08-14 18:24:00,Brasil,RIO GRANDE DO SUL,SÃO FRANCISCO DE PAULA,Mata Atlântica
 1709723331 ,1933bafa-f0c7-3490-9bbd-6fd8bab73189,  -29.028150 ,  -50.692420 ,2024-08-14 18:24:00,Brasil,RIO GRANDE DO SUL,SÃO FRANCISCO DE PAULA,Mata Atlântica
 1709723332 ,af809233-712a-3f3f-909b-66126cbe02ea,  -29.027740 ,  -50.358520 ,2024-08-14 18:24:00,Brasil,RIO GRANDE DO SUL,JAQUIRANA,Mata Atlântica
 1709723333 ,5700ba4f-ad4c-307a-9186-ba3f913a57c9,  -29.023130 ,  -50.336110 ,2024-08-14 18:24:00,Brasil,RIO GRANDE DO SUL,JAQUIRANA,Mata Atlântica
 1709723334 ,3ca2741a-330f-36d1-87a9-b9bf2198f790,  -28.991110 ,  -50.375390 ,2024-08-14 18:24:00,Brasil,RIO GRANDE DO SUL,JAQUIRANA,Mata Atlântica
 1709723335 ,8d41ddf4-1d4a-3dc5-8944-715f58828e87,  -28.989140 ,  -50.368060 ,2024-08-14 18:24:00,Brasil,RIO GRANDE DO SUL,JAQUIRANA,Mata Atlântica
 1709723336 ,4d274387-0462-3097-b8d1-093babce502e,  -28.986510 ,  -50.352550 ,2024-08-14 18:24:00,Brasil,RIO GRANDE DO SUL,JAQUIRANA,Mata Atlântica
 1709723337 ,1074b435-a2ca-3d53-96cd-16b02539d033,  -28.946170 ,  -50.742570 ,2024-08-14 18:24:00,Brasil,RIO GRANDE DO SUL,SÃO FRANCISCO DE PAULA,Mata Atlântica
 1709723338 ,6926888e-420b-3c79-baed-7a3aecad8928,  -28.942700 ,  -50.855940 ,2024-08-14 18:24:00,Brasil,RIO GRANDE DO SUL,CAXIAS DO SUL,Mata Atlântica
 1709723339 ,6589add0-4d4a-3885-aa7b-502c7f6da08b,  -28.914650 ,  -50.519390 ,2024-08-14 18:24:00,Brasil,RIO GRANDE DO SUL,SÃO FRANCISCO DE PAULA,Mata Atlântica
 1709723340 ,191dd974-9238-3bea-8249-2ab75b0354d6,  -28.911970 ,  -50.514740 ,2024-08-14 18:24:00,Brasil,RIO GRANDE DO SUL,SÃO FRANCISCO DE PAULA,Mata Atlântica
 1709723341 ,524683cb-9e8e-32ab-9a28-99b8d1fef779,  -28.910270 ,  -50.497670 ,2024-08-14 18:24:00,Brasil,RIO GRANDE DO SUL,JAQUIRANA,Mata Atlântica
 1709723342 ,846f0c0c-c7a6-33d2-b957-930dbd032400,  -29.372740 ,  -50.620650 ,2024-08-14 18:24:00,Brasil,RIO GRANDE DO SUL,SÃO FRANCISCO DE PAULA,Mata Atlântica
 1709723343 ,dfa2590e-05d2-3aef-9f8b-a22f9623f772,  -29.372150 ,  -50.552330 ,2024-08-14 18:24:00,Brasil,RIO GRANDE DO SUL,SÃO FRANCISCO DE PAULA,Mata Atlântica
 1709723344 ,15411880-65e1-3328-8250-f9363e8ad5a6,  -29.370290 ,  -50.407880 ,2024-08-14 18:24:00,Brasil,RIO GRANDE DO SUL,SÃO FRANCISCO DE PAULA,Mata Atlântica
 1709723345 ,4e1839a0-ce38-3996-9f9d-774378eafec1,  -29.285430 ,  -50.512730 ,2024-08-14 18:24:00,Brasil,RIO GRANDE DO SUL,SÃO FRANCISCO DE PAULA,Mata Atlântica
 1709723346 ,32e3cfea-8320-39a0-8a25-1d3c2139a6e6,  -29.283510 ,  -50.508150 ,2024-08-14 18:24:00,Brasil,RIO GRANDE DO SUL,SÃO FRANCISCO DE PAULA,Mata Atlântica
 1709723347 ,eaaf8bda-ec3e-3f4f-9489-ec9c67d5a4ef,  -29.264650 ,  -50.541370 ,2024-08-14 18:24:00,Brasil,RIO GRANDE DO SUL,SÃO FRANCISCO DE PAULA,Mata Atlântica
 1709723348 ,38b27882-9ef5-333b-b8ee-773d0c804e2d,  -29.260250 ,  -50.519660 ,2024-08-14 18:24:00,Brasil,RIO GRANDE DO SUL,SÃO FRANCISCO DE PAULA,Mata Atlântica
 1709723349 ,ca199441-6af2-3fae-96cb-e51c654453f7,  -29.257210 ,  -50.634860 ,2024-08-14 18:24:00,Brasil,RIO GRANDE DO SUL,SÃO FRANCISCO DE PAULA,Mata Atlântica
 1709723370 ,183d9a2f-3d53-3fd2-84c0-12f0ce95b38b,  -29.075940 ,  -52.433600 ,2024-08-14 18:24:00,Brasil,RIO GRANDE DO SUL,FONTOURA XAVIER,Mata Atlântica
 1709723371 ,b47498d9-419a-3ee5-9275-5fd7b2f516f5,  -29.052660 ,  -52.372020 ,2024-08-14 18:24:00,Brasil,RIO GRANDE DO SUL,FONTOURA XAVIER,Mata Atlântica
 1709723372 ,991dd6c1-781c-3eb7-b232-4023761729c6,  -29.613930 ,  -52.205690 ,2024-08-14 18:24:00,Brasil,RIO GRANDE DO SUL,VENÂNCIO AIRES,Mata Atlântica
 1709723373 ,d0932963-53de-3d87-92c5-bcab83b231fd,  -29.610770 ,  -52.188820 ,2024-08-14 18:24:00,Brasil,RIO GRANDE DO SUL,VENÂNCIO AIRES,Mata Atlântica
 1709723374 ,b41873f0-23a4-39f1-9dcf-dc1a65aab613,  -29.602740 ,  -52.208440 ,2024-08-14 18:24:00,Brasil,RIO GRANDE DO SUL,VENÂNCIO AIRES,Mata Atlântica
 1709723375 ,1f7b99b2-faa6-305f-92ba-2492bb353ad7,  -30.531070 ,  -53.749600 ,2024-08-14 18:24:00,Brasil,RIO GRANDE DO SUL,LAVRAS DO SUL,Pampa
 1709723376 ,c59d9fa8-4a0e-3249-806a-a1801d3d5961,  -32.309270 ,  -53.601660 ,2024-08-14 18:24:00,Brasil,RIO GRANDE DO SUL,JAGUARÃO,Pampa
 1709723377 ,8b5aa0fe-9c62-3539-8468-df0c69a9bb1d,  -32.307010 ,  -53.588860 ,2024-08-14 18:24:00,Brasil,RIO GRANDE DO SUL,JAGUARÃO,Pampa
 1709723378 ,70ed6ffd-4d87-3fec-95e9-e957e00f357a,  -31.319370 ,  -53.257530 ,2024-08-14 18:24:00,Brasil,RIO GRANDE DO SUL,PIRATINI,Pampa
 1709723379 ,3d01bd50-9066-38cf-ab69-58d2494a4afe,  -31.313050 ,  -53.264730 ,2024-08-14 18:24:00,Brasil,RIO GRANDE DO SUL,PIRATINI,Pampa
 1709723384 ,a472e959-62ce-3e34-9aa9-46bfc75b5815,  -28.736900 ,  -54.626940 ,2024-08-14 18:24:00,Brasil,RIO GRANDE DO SUL,SÃO MIGUEL DAS MISSÕES,Pampa
 1709723385 ,49f0fa85-228a-340f-9722-f1664010a9f9,  -28.734780 ,  -54.614470 ,2024-08-14 18:24:00,Brasil,RIO GRANDE DO SUL,SÃO MIGUEL DAS MISSÕES,Pampa
 1709723386 ,a42bc4ba-e0d3-31a7-b2c0-37fad9d6a7f9,  -28.724980 ,  -54.616760 ,2024-08-14 18:24:00,Brasil,RIO GRANDE DO SUL,SÃO MIGUEL DAS MISSÕES,Pampa
 1709723387 ,c284fee7-4752-3903-a85f-bcaa690b3792,  -29.801760 ,  -55.082980 ,2024-08-14 18:24:00,Brasil,RIO GRANDE DO SUL,CACEQUI,Pampa
 1709723388 ,b322ac33-f949-3147-bb7a-367babf5dedd,  -31.146650 ,  -54.269170 ,2024-08-14 18:24:00,Brasil,RIO GRANDE DO SUL,DOM PEDRITO,Pampa
 1709723441 ,e91c8e2f-16d0-317e-8eb1-59584ff50f59,  -28.775870 ,  -55.417870 ,2024-08-14 18:24:00,Brasil,RIO GRANDE DO SUL,ITACURUBI,Pampa
 1709723442 ,9dc8e769-d91a-3833-8d24-f5666cfd2129,  -29.147410 ,  -55.721940 ,2024-08-14 18:24:00,Brasil,RIO GRANDE DO SUL,ITAQUI,Pampa
 1709723443 ,7f6b6fd3-77a4-35a2-a3f4-8c4634865969,  -30.879770 ,  -55.850310 ,2024-08-14 18:24:00,Brasil,RIO GRANDE DO SUL,SANT'ANA DO LIVRAMENTO,Pampa
 1709723444 ,9344c722-aaa2-3bd4-abf9-5df238c17f50,  -30.238240 ,  -56.355610 ,2024-08-14 18:24:00,Brasil,RIO GRANDE DO SUL,QUARAÍ,Pampa
 1709723445 ,d545227a-9775-3e18-8e92-ec9d79efe726,  -29.818500 ,  -56.391570 ,2024-08-14 18:24:00,Brasil,RIO GRANDE DO SUL,URUGUAIANA,Pampa
 1709723446 ,5df5e8cb-d90f-39ec-b79c-d3f811a285e9,  -29.718290 ,  -56.576440 ,2024-08-14 18:24:00,Brasil,RIO GRANDE DO SUL,URUGUAIANA,Pampa
 1710533874 ,96d3d9b4-5be5-38bb-be5c-4b0c99475e2a,  -28.671010 ,  -50.066590 ,2024-08-16 18:06:00,Brasil,RIO GRANDE DO SUL,SÃO JOSÉ DOS AUSENTES,Mata Atlântica
 1710533860 ,91099394-3b69-3105-8155-cc6884420a40,  -29.323120 ,  -50.378380 ,2024-08-16 18:06:00,Brasil,RIO GRANDE DO SUL,SÃO FRANCISCO DE PAULA,Mata Atlântica
 1710533861 ,c2f9ee7c-2184-3a95-9655-ba5b1767f939,  -29.321070 ,  -50.366400 ,2024-08-16 18:06:00,Brasil,RIO GRANDE DO SUL,SÃO FRANCISCO DE PAULA,Mata Atlântica
 1710533862 ,78771e01-a980-3a3b-a02c-d796ff1cb503,  -29.313470 ,  -50.380490 ,2024-08-16 18:06:00,Brasil,RIO GRANDE DO SUL,SÃO FRANCISCO DE PAULA,Mata Atlântica
 1710533863 ,7ec6a4b8-8711-33a7-a389-b397e392802e,  -29.311410 ,  -50.368490 ,2024-08-16 18:06:00,Brasil,RIO GRANDE DO SUL,SÃO FRANCISCO DE PAULA,Mata Atlântica
 1710533864 ,1d7e4515-dfdc-3f56-9e7b-586b1132e9f0,  -29.269510 ,  -50.257630 ,2024-08-16 18:06:00,Brasil,RIO GRANDE DO SUL,CAMBARÁ DO SUL,Mata Atlântica
 1710533865 ,18ff152e-34a6-3884-abf8-c8b78eeee4fe,  -29.093640 ,  -50.122590 ,2024-08-16 18:06:00,Brasil,RIO GRANDE DO SUL,CAMBARÁ DO SUL,Mata Atlântica
 1710533866 ,d228e734-e7a8-33a4-8cf1-77c18509564a,  -29.049960 ,  -50.293590 ,2024-08-16 18:06:00,Brasil,RIO GRANDE DO SUL,JAQUIRANA,Mata Atlântica
 1710533867 ,5e73e45a-442a-3ba0-948e-842af5fb3038,  -29.006180 ,  -50.219200 ,2024-08-16 18:06:00,Brasil,RIO GRANDE DO SUL,CAMBARÁ DO SUL,Mata Atlântica
 1710533868 ,02130e56-2677-3001-9b64-c6cec4a69e5a,  -29.005810 ,  -50.213720 ,2024-08-16 18:06:00,Brasil,RIO GRANDE DO SUL,CAMBARÁ DO SUL,Mata Atlântica
 1710533869 ,cf5c03e8-7f6c-365b-88c8-afee22d256a0,  -29.004100 ,  -50.206880 ,2024-08-16 18:06:00,Brasil,RIO GRANDE DO SUL,CAMBARÁ DO SUL,Mata Atlântica
 1710533870 ,fde70a2e-3cf3-376d-bc01-242988dac8d2,  -28.895440 ,  -50.049420 ,2024-08-16 18:06:00,Brasil,RIO GRANDE DO SUL,CAMBARÁ DO SUL,Mata Atlântica
 1710533871 ,7a6977be-30e2-325c-a5ad-648cdcbe882c,  -28.885650 ,  -50.058450 ,2024-08-16 18:06:00,Brasil,RIO GRANDE DO SUL,CAMBARÁ DO SUL,Mata Atlântica
 1710533872 ,11c6a53a-88fa-373a-a5a8-677ea72edd23,  -28.691790 ,  -50.127930 ,2024-08-16 18:06:00,Brasil,RIO GRANDE DO SUL,SÃO JOSÉ DOS AUSENTES,Mata Atlântica
 1710533936 ,76baa6ab-86b5-317a-b037-90de0596ac3a,  -27.863470 ,  -51.199830 ,2024-08-16 18:06:00,Brasil,RIO GRANDE DO SUL,PINHAL DA SERRA,Mata Atlântica
 1710533972 ,4ceb7963-19e8-392f-8f2b-afd0ac7148dd,  -29.362220 ,  -50.666620 ,2024-08-16 18:06:00,Brasil,RIO GRANDE DO SUL,SÃO FRANCISCO DE PAULA,Mata Atlântica
 1710533973 ,ae9b8e96-0c45-351a-848c-63750f1b65c0,  -29.314970 ,  -50.647030 ,2024-08-16 18:06:00,Brasil,RIO GRANDE DO SUL,SÃO FRANCISCO DE PAULA,Mata Atlântica
 1710533974 ,9bd4090e-073e-33c1-94a9-f0f8468f4984,  -29.307720 ,  -50.721600 ,2024-08-16 18:06:00,Brasil,RIO GRANDE DO SUL,SÃO FRANCISCO DE PAULA,Mata Atlântica
 1710533975 ,e3f4bdec-f68e-3384-96f8-e9f442a81654,  -29.283200 ,  -50.751290 ,2024-08-16 18:06:00,Brasil,RIO GRANDE DO SUL,SÃO FRANCISCO DE PAULA,Mata Atlântica
 1710533976 ,759e9825-2646-3292-a52a-7834ad5f047a,  -29.280780 ,  -50.757340 ,2024-08-16 18:06:00,Brasil,RIO GRANDE DO SUL,SÃO FRANCISCO DE PAULA,Mata Atlântica
 1710533977 ,48fa006e-39fa-3c7c-84d5-90ebc82fbcd3,  -29.272870 ,  -50.396380 ,2024-08-16 18:06:00,Brasil,RIO GRANDE DO SUL,SÃO FRANCISCO DE PAULA,Mata Atlântica
 1710533978 ,37a52652-1e56-3359-93fd-f12aee98801a,  -29.216690 ,  -50.489970 ,2024-08-16 18:06:00,Brasil,RIO GRANDE DO SUL,SÃO FRANCISCO DE PAULA,Mata Atlântica
 1710533979 ,cb6fa9a2-83ca-3351-b136-f9aca6bfd843,  -29.208620 ,  -50.737380 ,2024-08-16 18:06:00,Brasil,RIO GRANDE DO SUL,SÃO FRANCISCO DE PAULA,Mata Atlântica
 1710533980 ,884d2825-5181-3105-ae9f-6b86df2f0cef,  -29.193210 ,  -50.704370 ,2024-08-16 18:06:00,Brasil,RIO GRANDE DO SUL,SÃO FRANCISCO DE PAULA,Mata Atlântica
 1710533981 ,8741ee6f-45dc-3a6e-abfd-52754fc43113,  -29.165220 ,  -50.362640 ,2024-08-16 18:06:00,Brasil,RIO GRANDE DO SUL,SÃO FRANCISCO DE PAULA,Mata Atlântica
 1710533982 ,c33e42c0-ada7-3e7b-a741-9ae78749c7bd,  -29.163900 ,  -50.413890 ,2024-08-16 18:06:00,Brasil,RIO GRANDE DO SUL,SÃO FRANCISCO DE PAULA,Mata Atlântica
 1710533983 ,ec05adee-f4df-3ab6-8520-7a69951f159c,  -29.161810 ,  -50.401630 ,2024-08-16 18:06:00,Brasil,RIO GRANDE DO SUL,SÃO FRANCISCO DE PAULA,Mata Atlântica
 1710533984 ,47a06250-23b9-33db-9710-2010cc4cedf9,  -29.150630 ,  -50.948900 ,2024-08-16 18:06:00,Brasil,RIO GRANDE DO SUL,CAXIAS DO SUL,Mata Atlântica
 1710533985 ,8b87773d-fc9b-3c07-9e93-b2b8fc886835,  -29.148740 ,  -50.937530 ,2024-08-16 18:06:00,Brasil,RIO GRANDE DO SUL,CAXIAS DO SUL,Mata Atlântica
 1710533986 ,0a4416d8-ce59-3b39-84ba-a76b2810e51e,  -29.078760 ,  -50.638330 ,2024-08-16 18:06:00,Brasil,RIO GRANDE DO SUL,SÃO FRANCISCO DE PAULA,Mata Atlântica
 1710533987 ,282da69a-d835-3826-9a1a-7e5c77f7fab8,  -29.077080 ,  -50.644280 ,2024-08-16 18:06:00,Brasil,RIO GRANDE DO SUL,SÃO FRANCISCO DE PAULA,Mata Atlântica
 1710533988 ,7dce8ba8-c30e-3b77-92de-c13a178f5602,  -29.075120 ,  -50.632420 ,2024-08-16 18:06:00,Brasil,RIO GRANDE DO SUL,SÃO FRANCISCO DE PAULA,Mata Atlântica
 1710533989 ,4b681b2e-98c9-3fbd-bcae-fba1d9c2de08,  -29.007740 ,  -50.585760 ,2024-08-16 18:06:00,Brasil,RIO GRANDE DO SUL,SÃO FRANCISCO DE PAULA,Mata Atlântica
 1710533990 ,87193559-8611-3b12-8e2e-e0441eb305de,  -28.999150 ,  -50.710840 ,2024-08-16 18:06:00,Brasil,RIO GRANDE DO SUL,SÃO FRANCISCO DE PAULA,Mata Atlântica
 1710533991 ,324eec4e-9271-3d2c-8528-ad5f777db306,  -28.969430 ,  -50.736440 ,2024-08-16 18:06:00,Brasil,RIO GRANDE DO SUL,SÃO FRANCISCO DE PAULA,Mata Atlântica
 1710533992 ,2e219e09-8dde-35e1-ac47-8896d1208fd4,  -28.967920 ,  -50.845780 ,2024-08-16 18:06:00,Brasil,RIO GRANDE DO SUL,CAXIAS DO SUL,Mata Atlântica
 1710533993 ,c480b9c1-83b8-3d99-ace4-a61b08dc5618,  -28.940700 ,  -50.445030 ,2024-08-16 18:06:00,Brasil,RIO GRANDE DO SUL,JAQUIRANA,Mata Atlântica
 1710533994 ,e52909ef-ab3f-3288-93ee-5eeaa96a8dcd,  -28.940050 ,  -50.619850 ,2024-08-16 18:06:00,Brasil,RIO GRANDE DO SUL,SÃO FRANCISCO DE PAULA,Mata Atlântica
 1710533995 ,acea8e60-6945-3da7-92ca-fb0ebed0eb06,  -28.938070 ,  -50.608050 ,2024-08-16 18:06:00,Brasil,RIO GRANDE DO SUL,SÃO FRANCISCO DE PAULA,Mata Atlântica
 1710533996 ,a1bb141c-b4b3-3e47-ac89-36fb22f8c77e,  -28.900680 ,  -50.756490 ,2024-08-16 18:06:00,Brasil,RIO GRANDE DO SUL,SÃO FRANCISCO DE PAULA,Mata Atlântica
 1710533997 ,a06adc87-6e6c-3af6-a134-61d1eeea2ceb,  -28.713110 ,  -51.038220 ,2024-08-16 18:06:00,Brasil,RIO GRANDE DO SUL,CAMPESTRE DA SERRA,Mata Atlântica
 1710533998 ,ad512d7a-aa53-3adc-b96a-3651bea95be4,  -28.643550 ,  -50.504340 ,2024-08-16 18:06:00,Brasil,RIO GRANDE DO SUL,BOM JESUS,Mata Atlântica
 1710533999 ,ccf85f6f-bca6-3abd-a7e2-7701896a541a,  -28.634650 ,  -50.392170 ,2024-08-16 18:06:00,Brasil,RIO GRANDE DO SUL,BOM JESUS,Mata Atlântica
 1710534000 ,c882ca42-accf-36df-8961-bd2e44b1a5b8,  -28.632550 ,  -50.379800 ,2024-08-16 18:06:00,Brasil,RIO GRANDE DO SUL,BOM JESUS,Mata Atlântica
 1710534001 ,6eed8dea-f755-3144-a8c6-f4626108698c,  -28.615160 ,  -50.396390 ,2024-08-16 18:06:00,Brasil,RIO GRANDE DO SUL,BOM JESUS,Mata Atlântica
 1710534002 ,afc2158b-96a1-32c8-8621-7c01c1046b35,  -28.605420 ,  -50.398550 ,2024-08-16 18:06:00,Brasil,RIO GRANDE DO SUL,BOM JESUS,Mata Atlântica
 1710534003 ,76192658-7cff-37aa-8fc2-0c09f4907083,  -28.561770 ,  -50.453360 ,2024-08-16 18:06:00,Brasil,RIO GRANDE DO SUL,BOM JESUS,Mata Atlântica
 1710534004 ,32986028-2686-31e6-a5ee-13832c7f8e94,  -28.559700 ,  -50.441110 ,2024-08-16 18:06:00,Brasil,RIO GRANDE DO SUL,BOM JESUS,Mata Atlântica
 1710534005 ,eebace21-6d9b-393d-a0ba-e416ff565401,  -28.479660 ,  -50.689870 ,2024-08-16 18:06:00,Brasil,RIO GRANDE DO SUL,BOM JESUS,Mata Atlântica
 1710534006 ,ccf5b1e2-6b52-3bf5-a31f-4e8312e5a457,  -28.435120 ,  -50.486230 ,2024-08-16 18:06:00,Brasil,RIO GRANDE DO SUL,BOM JESUS,Mata Atlântica
 1710534007 ,bcf6cf00-63c3-3737-91f2-fc21d2dd75f7,  -28.328620 ,  -50.833720 ,2024-08-16 18:06:00,Brasil,RIO GRANDE DO SUL,VACARIA,Mata Atlântica
 1710534009 ,8beaf38a-0397-3332-add0-95ed956e7832,  -28.326650 ,  -50.821950 ,2024-08-16 18:06:00,Brasil,RIO GRANDE DO SUL,VACARIA,Mata Atlântica
 1710534010 ,2bd6c59f-14f5-3be3-8d9b-44308a42fa92,  -28.247700 ,  -50.967490 ,2024-08-16 18:06:00,Brasil,RIO GRANDE DO SUL,VACARIA,Mata Atlântica
 1710534015 ,bc7995db-de96-3aab-a060-176dc51d86e4,  -30.497690 ,  -51.484430 ,2024-08-16 18:06:00,Brasil,RIO GRANDE DO SUL,BARRA DO RIBEIRO,Pampa
 1710534076 ,18c0eb68-86d9-34b7-9554-91280f82ea9c,  -27.436670 ,  -52.649810 ,2024-08-16 18:06:00,Brasil,RIO GRANDE DO SUL,BENJAMIN CONSTANT DO SUL,Mata Atlântica
 1710534087 ,67bf12ec-d560-3575-87bd-1895156244ee,  -29.247480 ,  -52.843270 ,2024-08-16 18:06:00,Brasil,RIO GRANDE DO SUL,LAGOÃO,Mata Atlântica
 1710534088 ,3e655387-08a1-3fdb-a6d6-a31698f003d3,  -29.069080 ,  -52.701350 ,2024-08-16 18:06:00,Brasil,RIO GRANDE DO SUL,BARROS CASSAL,Mata Atlântica
 1710534089 ,14fc803c-c41b-34a9-9058-42e4649bed39,  -29.067510 ,  -52.691090 ,2024-08-16 18:06:00,Brasil,RIO GRANDE DO SUL,BARROS CASSAL,Mata Atlântica
 1710534090 ,386d5fe3-cfc2-3b14-acec-c95fd2ca768e,  -29.006920 ,  -52.592360 ,2024-08-16 18:06:00,Brasil,RIO GRANDE DO SUL,BARROS CASSAL,Mata Atlântica
 1710534132 ,bf0ce0da-3575-3fb0-b89e-8c8473ae149e,  -29.714560 ,  -54.024280 ,2024-08-16 18:06:00,Brasil,RIO GRANDE DO SUL,SANTA MARIA,Pampa
 1710534127 ,a74b204e-d4fd-3fce-aab5-5a99534398e7,  -27.480500 ,  -53.300280 ,2024-08-16 18:06:00,Brasil,RIO GRANDE DO SUL,SEBERI,Mata Atlântica
 1710534128 ,beb09b40-1857-3f71-ab55-2afc164bc789,  -29.505980 ,  -53.980340 ,2024-08-16 18:06:00,Brasil,RIO GRANDE DO SUL,SÃO MARTINHO DA SERRA,Pampa
 1710534129 ,82e09f0b-3807-3f28-82f2-364ea4e5d494,  -28.853990 ,  -53.994060 ,2024-08-16 18:06:00,Brasil,RIO GRANDE DO SUL,JÓIA,Pampa
 1710534130 ,a32220de-8777-39f5-a2d9-5fb102628249,  -30.324040 ,  -54.923560 ,2024-08-16 18:06:00,Brasil,RIO GRANDE DO SUL,ROSÁRIO DO SUL,Pampa
 1710534131 ,54605017-c2a1-34e8-bb3e-c00605b10604,  -30.181880 ,  -53.948890 ,2024-08-16 18:06:00,Brasil,RIO GRANDE DO SUL,SÃO SEPÉ,Pampa
 1710534186 ,f0ae2bbc-aca1-3477-8c96-871db609229d,  -29.193800 ,  -55.616990 ,2024-08-16 18:06:00,Brasil,RIO GRANDE DO SUL,ITAQUI,Pampa
 1710534187 ,8e4bafa1-8502-3cb9-90b0-7fc1d0e599f7,  -28.461670 ,  -55.487510 ,2024-08-16 18:06:00,Brasil,RIO GRANDE DO SUL,SANTO ANTÔNIO DAS MISSÕES,Pampa
 1711287442 ,30ff9a01-be84-33a8-8e78-71010c9f808c,  -30.235890 ,  -56.087900 ,2024-08-18 17:49:00,Brasil,RIO GRANDE DO SUL,QUARAÍ,Pampa
 1711287443 ,bec05e69-5024-3fb3-9cd1-5e8b13f086b4,  -30.233840 ,  -56.065450 ,2024-08-18 17:49:00,Brasil,RIO GRANDE DO SUL,QUARAÍ,Pampa
 1711288975 ,d0db8dd7-0549-3a94-9e28-8a587962c0a0,  -29.427890 ,  -50.341600 ,2024-08-18 17:49:00,Brasil,RIO GRANDE DO SUL,SÃO FRANCISCO DE PAULA,Mata Atlântica
 1711288976 ,c2499f77-9558-368c-947d-bacdebd089e8,  -29.426450 ,  -50.331090 ,2024-08-18 17:49:00,Brasil,RIO GRANDE DO SUL,SÃO FRANCISCO DE PAULA,Mata Atlântica
 1711288977 ,a8ca5723-a02a-3821-bb1e-c74a7ea85efe,  -29.412640 ,  -50.365890 ,2024-08-18 17:49:00,Brasil,RIO GRANDE DO SUL,SÃO FRANCISCO DE PAULA,Mata Atlântica
 1711288978 ,eb5de18b-3757-3585-9c17-c71d961b96d1,  -29.404050 ,  -50.302790 ,2024-08-18 17:49:00,Brasil,RIO GRANDE DO SUL,SÃO FRANCISCO DE PAULA,Mata Atlântica
 1711288979 ,5592b0a0-db8c-30a8-bdff-18ba17afe3af,  -29.047810 ,  -50.252030 ,2024-08-18 17:49:00,Brasil,RIO GRANDE DO SUL,JAQUIRANA,Mata Atlântica
 1711288980 ,20f6651f-fba1-30ec-8772-508c59811121,  -29.008720 ,  -50.036480 ,2024-08-18 17:49:00,Brasil,RIO GRANDE DO SUL,CAMBARÁ DO SUL,Mata Atlântica
 1711288981 ,afff3252-2bc8-32e9-bcda-06692e3adc2d,  -29.007280 ,  -50.026140 ,2024-08-18 17:49:00,Brasil,RIO GRANDE DO SUL,CAMBARÁ DO SUL,Mata Atlântica
 1711288982 ,1b53ee9c-d705-3f6d-b6bd-030022c2fca5,  -28.998660 ,  -49.964410 ,2024-08-18 17:49:00,Brasil,RIO GRANDE DO SUL,CAMBARÁ DO SUL,Mata Atlântica
 1711288983 ,ceac321b-f267-373f-a323-4accffd753f3,  -28.997220 ,  -49.954140 ,2024-08-18 17:49:00,Brasil,RIO GRANDE DO SUL,CAMBARÁ DO SUL,Mata Atlântica
 1711288984 ,0f0bec59-ceaa-3259-bbbd-b370f765d9b9,  -28.989710 ,  -49.966070 ,2024-08-18 17:49:00,Brasil,RIO GRANDE DO SUL,CAMBARÁ DO SUL,Mata Atlântica
 1711288985 ,3cf203f9-e52f-3a35-829e-a80b8f876470,  -28.988270 ,  -49.955760 ,2024-08-18 17:49:00,Brasil,RIO GRANDE DO SUL,CAMBARÁ DO SUL,Mata Atlântica
 1711288986 ,d91dbd56-b668-36d9-b846-3f472db8466f,  -28.980760 ,  -49.967720 ,2024-08-18 17:49:00,Brasil,RIO GRANDE DO SUL,CAMBARÁ DO SUL,Mata Atlântica
 1711288987 ,312403db-90fa-31fb-bb3f-27219e91675e,  -28.979320 ,  -49.957410 ,2024-08-18 17:49:00,Brasil,RIO GRANDE DO SUL,CAMBARÁ DO SUL,Mata Atlântica
 1711288988 ,0f5c1f7b-4124-3469-8128-aab9f8425c7e,  -28.971800 ,  -49.969360 ,2024-08-18 17:49:00,Brasil,RIO GRANDE DO SUL,CAMBARÁ DO SUL,Mata Atlântica
 1711288989 ,011c7ad4-5aa1-3ea1-a03b-582158b15ea8,  -28.970370 ,  -49.959100 ,2024-08-18 17:49:00,Brasil,RIO GRANDE DO SUL,CAMBARÁ DO SUL,Mata Atlântica
 1711288990 ,061b937c-9ca2-3416-afb9-fe6809f00250,  -28.968940 ,  -49.948810 ,2024-08-18 17:49:00,Brasil,RIO GRANDE DO SUL,CAMBARÁ DO SUL,Mata Atlântica
 1711288991 ,3368e0f4-9eea-3a51-b031-1c721f715aa1,  -28.961420 ,  -49.960740 ,2024-08-18 17:49:00,Brasil,RIO GRANDE DO SUL,CAMBARÁ DO SUL,Mata Atlântica
 1711288992 ,dc63848a-672d-334b-a2f1-c9fe547046b0,  -28.777550 ,  -50.027260 ,2024-08-18 17:49:00,Brasil,RIO GRANDE DO SUL,SÃO JOSÉ DOS AUSENTES,Mata Atlântica
 1711288993 ,4031c16d-e98e-3288-855e-54972b89cfc8,  -28.623080 ,  -49.910810 ,2024-08-18 17:49:00,Brasil,RIO GRANDE DO SUL,SÃO JOSÉ DOS AUSENTES,Mata Atlântica
 1711288994 ,03e14bae-fc4b-3c27-b551-99c146d73334,  -28.504720 ,  -50.053970 ,2024-08-18 17:49:00,Brasil,RIO GRANDE DO SUL,SÃO JOSÉ DOS AUSENTES,Mata Atlântica
 1711289127 ,c6608297-8a4c-370e-9e15-a7f1698cd2ff,  -27.938770 ,  -51.162650 ,2024-08-18 17:49:00,Brasil,RIO GRANDE DO SUL,PINHAL DA SERRA,Mata Atlântica
 1711289128 ,01158ce6-c63b-3235-97df-5c23485b3e73,  -27.937370 ,  -51.152060 ,2024-08-18 17:49:00,Brasil,RIO GRANDE DO SUL,PINHAL DA SERRA,Mata Atlântica
 1711289129 ,d2a43a01-2aa1-3f36-a53e-e42dc76ebb3f,  -27.829760 ,  -51.369730 ,2024-08-18 17:49:00,Brasil,RIO GRANDE DO SUL,PINHAL DA SERRA,Mata Atlântica
 1711289131 ,99f56e27-8a56-3a34-92ff-b0215cee03c3,  -27.681570 ,  -51.367410 ,2024-08-18 17:49:00,Brasil,RIO GRANDE DO SUL,BARRACÃO,Mata Atlântica
 1711289139 ,4f5d7510-c583-36e4-9b11-803cc103d896,  -29.407390 ,  -50.464390 ,2024-08-18 17:49:00,Brasil,RIO GRANDE DO SUL,SÃO FRANCISCO DE PAULA,Mata Atlântica
 1711289140 ,efc56a97-8be6-3fce-affe-c09da6a85960,  -29.248170 ,  -50.439880 ,2024-08-18 17:49:00,Brasil,RIO GRANDE DO SUL,SÃO FRANCISCO DE PAULA,Mata Atlântica
 1711289141 ,31795bfc-2bad-3026-8080-afe1562a6d85,  -29.048850 ,  -50.326730 ,2024-08-18 17:49:00,Brasil,RIO GRANDE DO SUL,JAQUIRANA,Mata Atlântica
 1711289142 ,b20ea93c-c35e-3f9a-9bfa-af8ba36b49b0,  -28.630530 ,  -50.361900 ,2024-08-18 17:49:00,Brasil,RIO GRANDE DO SUL,BOM JESUS,Mata Atlântica
 1711289143 ,ca10879a-e956-334a-8c45-42b0b5efa1ec,  -28.623470 ,  -50.310230 ,2024-08-18 17:49:00,Brasil,RIO GRANDE DO SUL,BOM JESUS,Mata Atlântica
 1711289144 ,37d5faf1-3ca7-3e0c-b5f4-b34acb640d3c,  -28.622050 ,  -50.299870 ,2024-08-18 17:49:00,Brasil,RIO GRANDE DO SUL,BOM JESUS,Mata Atlântica
 1711289145 ,e31296cf-4fbe-308d-bc4a-f3bcf8c8b9a5,  -28.601720 ,  -50.288740 ,2024-08-18 17:49:00,Brasil,RIO GRANDE DO SUL,BOM JESUS,Mata Atlântica
 1711289146 ,91585f29-b1bd-3a57-9718-2f2f6a29e78d,  -28.592720 ,  -50.290330 ,2024-08-18 17:49:00,Brasil,RIO GRANDE DO SUL,BOM JESUS,Mata Atlântica
 1711289147 ,cf354c81-c774-3119-9a10-5bd12b24ad45,  -28.551540 ,  -50.192480 ,2024-08-18 17:49:00,Brasil,RIO GRANDE DO SUL,BOM JESUS,Mata Atlântica
 1711289148 ,88c5b1b5-d293-33cd-b3ec-74831b9365d7,  -28.445630 ,  -50.354450 ,2024-08-18 17:49:00,Brasil,RIO GRANDE DO SUL,BOM JESUS,Mata Atlântica
 1711289150 ,e870bd94-20a1-366b-a4d7-eec3c23dabf1,  -28.435790 ,  -50.352190 ,2024-08-18 17:49:00,Brasil,RIO GRANDE DO SUL,BOM JESUS,Mata Atlântica
 1711289160 ,e025f7ad-aa72-38a8-9ed2-591b02b9e919,  -29.233540 ,  -50.748070 ,2024-08-18 17:49:00,Brasil,RIO GRANDE DO SUL,SÃO FRANCISCO DE PAULA,Mata Atlântica
 1711289161 ,ced6723c-3f3d-3916-b7c6-b408f82ded4c,  -29.157230 ,  -50.658070 ,2024-08-18 17:49:00,Brasil,RIO GRANDE DO SUL,SÃO FRANCISCO DE PAULA,Mata Atlântica
 1711289162 ,c3e12e7e-5a60-340e-b5df-45c126d28cc1,  -29.134730 ,  -50.629310 ,2024-08-18 17:49:00,Brasil,RIO GRANDE DO SUL,SÃO FRANCISCO DE PAULA,Mata Atlântica
 1711289163 ,d0b366f2-e722-32bb-946d-861f1016e692,  -28.983660 ,  -50.733680 ,2024-08-18 17:49:00,Brasil,RIO GRANDE DO SUL,SÃO FRANCISCO DE PAULA,Mata Atlântica
 1711289164 ,f1d8416e-4276-30ee-a4c7-8f3a21a30173,  -28.979370 ,  -50.701640 ,2024-08-18 17:49:00,Brasil,RIO GRANDE DO SUL,SÃO FRANCISCO DE PAULA,Mata Atlântica
 1711289165 ,38a33353-f084-39b7-9532-b2f34d02fb70,  -28.917180 ,  -50.849620 ,2024-08-18 17:49:00,Brasil,RIO GRANDE DO SUL,CAXIAS DO SUL,Mata Atlântica
 1711289166 ,bd9cab8c-6ae3-3d2c-8662-da8799225beb,  -28.895750 ,  -50.689410 ,2024-08-18 17:49:00,Brasil,RIO GRANDE DO SUL,SÃO FRANCISCO DE PAULA,Mata Atlântica
 1711289167 ,8a91eeda-d04a-363e-903b-b25bc90e4b2e,  -28.894330 ,  -50.678890 ,2024-08-18 17:49:00,Brasil,RIO GRANDE DO SUL,SÃO FRANCISCO DE PAULA,Mata Atlântica
 1711289168 ,008bda0a-0b56-30fe-9961-9533a95c14b5,  -28.893970 ,  -50.886700 ,2024-08-18 17:49:00,Brasil,RIO GRANDE DO SUL,CAXIAS DO SUL,Mata Atlântica
 1711289169 ,81c90212-e203-3d5f-a4bf-90997c86e930,  -28.884090 ,  -50.812020 ,2024-08-18 17:49:00,Brasil,RIO GRANDE DO SUL,CAXIAS DO SUL,Mata Atlântica
 1711289170 ,3ca35ec7-7a10-3f7e-8f1a-d8b9ed809f28,  -28.798510 ,  -51.126370 ,2024-08-18 17:49:00,Brasil,RIO GRANDE DO SUL,CAMPESTRE DA SERRA,Mata Atlântica
 1711289171 ,25d395d4-14ee-3119-a133-a291b062fb19,  -28.671390 ,  -51.221680 ,2024-08-18 17:49:00,Brasil,RIO GRANDE DO SUL,IPÊ,Mata Atlântica
 1711289172 ,9cac4940-0b17-35ea-b63c-38abab46d1d6,  -28.670100 ,  -50.654470 ,2024-08-18 17:49:00,Brasil,RIO GRANDE DO SUL,BOM JESUS,Mata Atlântica
 1711289173 ,3fdca0c8-9a76-3b31-a879-05577b5464c2,  -28.668690 ,  -50.643990 ,2024-08-18 17:49:00,Brasil,RIO GRANDE DO SUL,BOM JESUS,Mata Atlântica
 1711289174 ,76ea9d96-013a-323e-90d2-efad3d88c654,  -28.414670 ,  -50.739770 ,2024-08-18 17:49:00,Brasil,RIO GRANDE DO SUL,VACARIA,Mata Atlântica
 1711289175 ,330e47cd-21ab-3047-bd09-d2be9f1e797e,  -28.413260 ,  -50.729290 ,2024-08-18 17:49:00,Brasil,RIO GRANDE DO SUL,VACARIA,Mata Atlântica
 1711289176 ,009c37e5-7ffa-3d47-8610-ad6d2a67d9ef,  -28.393470 ,  -51.342880 ,2024-08-18 17:49:00,Brasil,RIO GRANDE DO SUL,MUITOS CAPÕES,Mata Atlântica
 1711289177 ,f6e1fcab-72fc-3e75-8031-1e2cc980d699,  -28.386120 ,  -51.339590 ,2024-08-18 17:49:00,Brasil,RIO GRANDE DO SUL,LAGOA VERMELHA,Mata Atlântica
 1711289259 ,9f9e5cdf-966c-327b-8d28-142ba288e060,  -29.094290 ,  -52.741500 ,2024-08-18 17:49:00,Brasil,RIO GRANDE DO SUL,SOLEDADE,Mata Atlântica
 1711289260 ,9ac76039-7b5b-3000-886a-42836a4ecf1d,  -28.829430 ,  -52.318340 ,2024-08-18 17:49:00,Brasil,RIO GRANDE DO SUL,SOLEDADE,Mata Atlântica
 1711289261 ,79632f67-7c82-3d9e-ac99-43954a8eae72,  -28.304740 ,  -52.768810 ,2024-08-18 17:49:00,Brasil,RIO GRANDE DO SUL,CARAZINHO,Mata Atlântica
 1712236144 ,f2fb31bf-4131-3c4e-b51d-02eb8a4f6e97,  -28.424560 ,  -50.558970 ,2024-08-20 17:34:00,Brasil,RIO GRANDE DO SUL,BOM JESUS,Mata Atlântica
 1712625572 ,2b78bb19-d6c3-36a3-b4b1-1937cdd42d2a,  -29.084190 ,  -50.318690 ,2024-08-21 18:13:00,Brasil,RIO GRANDE DO SUL,JAQUIRANA,Mata Atlântica
 1712625573 ,bfea31e7-ac30-3c66-8758-d7a71446a56f,  -29.027900 ,  -50.132440 ,2024-08-21 18:13:00,Brasil,RIO GRANDE DO SUL,CAMBARÁ DO SUL,Mata Atlântica
 1712625574 ,05699d95-4d84-322d-9c4c-484c32c0bfae,  -29.025840 ,  -50.138390 ,2024-08-21 18:13:00,Brasil,RIO GRANDE DO SUL,CAMBARÁ DO SUL,Mata Atlântica
 1712625575 ,35b76a78-f55a-3820-9cb3-b3183d756726,  -28.849290 ,  -50.171220 ,2024-08-21 18:13:00,Brasil,RIO GRANDE DO SUL,CAMBARÁ DO SUL,Mata Atlântica
 1712625576 ,3eec79e9-1811-3676-ba5d-b837034668a7,  -28.847330 ,  -50.177230 ,2024-08-21 18:13:00,Brasil,RIO GRANDE DO SUL,CAMBARÁ DO SUL,Mata Atlântica
 1712625577 ,56b9a223-247a-32ee-81e1-0bc2e172b4cc,  -28.844670 ,  -50.162370 ,2024-08-21 18:13:00,Brasil,RIO GRANDE DO SUL,CAMBARÁ DO SUL,Mata Atlântica
 1712625578 ,06cc5f2f-f314-3d4f-97ae-3e7290fdbcd1,  -28.603560 ,  -49.979010 ,2024-08-21 18:13:00,Brasil,RIO GRANDE DO SUL,SÃO JOSÉ DOS AUSENTES,Mata Atlântica
 1712625579 ,0a3f7104-6dce-3ffb-ad6a-28fe5d9b5e6f,  -28.595090 ,  -49.932560 ,2024-08-21 18:13:00,Brasil,RIO GRANDE DO SUL,SÃO JOSÉ DOS AUSENTES,Mata Atlântica
 1712625580 ,6c31ae3a-9275-3d50-81df-30d03c217e8e,  -28.592300 ,  -49.917300 ,2024-08-21 18:13:00,Brasil,RIO GRANDE DO SUL,SÃO JOSÉ DOS AUSENTES,Mata Atlântica
 1712625717 ,29942ef4-d027-35c3-9c26-c0cdd1b352c4,  -27.888590 ,  -51.351460 ,2024-08-21 18:13:00,Brasil,RIO GRANDE DO SUL,ESMERALDA,Mata Atlântica
 1712625729 ,5048c68d-1ca7-3456-9214-18541793c45e,  -29.175060 ,  -50.522050 ,2024-08-21 18:13:00,Brasil,RIO GRANDE DO SUL,SÃO FRANCISCO DE PAULA,Mata Atlântica
 1712625730 ,33032b02-9f4f-38b3-9f20-4f31d03ae34b,  -29.113050 ,  -50.477720 ,2024-08-21 18:13:00,Brasil,RIO GRANDE DO SUL,SÃO FRANCISCO DE PAULA,Mata Atlântica
 1712625731 ,43635f5d-2789-3609-a32b-a140cc430cb5,  -29.086840 ,  -50.333270 ,2024-08-21 18:13:00,Brasil,RIO GRANDE DO SUL,JAQUIRANA,Mata Atlântica
 1712625732 ,e7d3feb8-d8bf-371d-9684-c74fc0172e95,  -29.041550 ,  -50.349280 ,2024-08-21 18:13:00,Brasil,RIO GRANDE DO SUL,JAQUIRANA,Mata Atlântica
 1712625733 ,b657dba2-4f8c-39ce-abbf-8f54b87e7825,  -28.967510 ,  -50.919720 ,2024-08-21 18:13:00,Brasil,RIO GRANDE DO SUL,CAXIAS DO SUL,Mata Atlântica
 1712625734 ,8e78c593-2b4c-3df2-addb-cae8cb8f577c,  -28.962950 ,  -50.554530 ,2024-08-21 18:13:00,Brasil,RIO GRANDE DO SUL,SÃO FRANCISCO DE PAULA,Mata Atlântica
 1712625735 ,91e49bbf-6d0a-304c-9569-5938954cb2ad,  -28.908570 ,  -50.705150 ,2024-08-21 18:13:00,Brasil,RIO GRANDE DO SUL,SÃO FRANCISCO DE PAULA,Mata Atlântica
 1712625736 ,8ccb5452-fc89-3b1a-ace3-1e9069a43010,  -28.877830 ,  -50.653170 ,2024-08-21 18:13:00,Brasil,RIO GRANDE DO SUL,SÃO FRANCISCO DE PAULA,Mata Atlântica
 1712625737 ,80f8fd5a-e94f-3f50-a52f-93ff371cc32b,  -28.875390 ,  -50.639510 ,2024-08-21 18:13:00,Brasil,RIO GRANDE DO SUL,SÃO FRANCISCO DE PAULA,Mata Atlântica
 1712625738 ,9c196a56-007d-3168-bbae-e1be529cac8f,  -28.849420 ,  -50.839610 ,2024-08-21 18:13:00,Brasil,RIO GRANDE DO SUL,CAXIAS DO SUL,Mata Atlântica
 1712625739 ,9e02042c-cbe4-30ab-9d72-9c6d1ef20616,  -28.666100 ,  -51.092110 ,2024-08-21 18:13:00,Brasil,RIO GRANDE DO SUL,CAMPESTRE DA SERRA,Mata Atlântica
 1712625740 ,7faab1eb-e5fe-3ffd-855f-34eb4e7675b2,  -28.658570 ,  -50.465950 ,2024-08-21 18:13:00,Brasil,RIO GRANDE DO SUL,BOM JESUS,Mata Atlântica
 1712625741 ,e84b5a77-020b-39cc-8fb8-7ea112395145,  -28.605040 ,  -51.509530 ,2024-08-21 18:13:00,Brasil,RIO GRANDE DO SUL,ANDRÉ DA ROCHA,Mata Atlântica
 1712625742 ,4ff7e76e-0209-30da-9716-1f997d3bbab4,  -28.492980 ,  -50.637110 ,2024-08-21 18:13:00,Brasil,RIO GRANDE DO SUL,BOM JESUS,Mata Atlântica
 1712625743 ,b708e6b1-ada3-3528-9d20-9fafcacd9250,  -28.401670 ,  -50.649760 ,2024-08-21 18:13:00,Brasil,RIO GRANDE DO SUL,BOM JESUS,Mata Atlântica
 1712625744 ,06f012b2-674d-31c6-aeaa-e3a25e27ef80,  -28.391270 ,  -50.652300 ,2024-08-21 18:13:00,Brasil,RIO GRANDE DO SUL,BOM JESUS,Mata Atlântica
 1712625745 ,9881ffdf-9c11-3e37-a272-f669fe2ddcba,  -28.388580 ,  -50.637500 ,2024-08-21 18:13:00,Brasil,RIO GRANDE DO SUL,BOM JESUS,Mata Atlântica
 1712625749 ,317288a3-d6ba-3b0f-aa26-136e7877819c,  -28.091910 ,  -51.334740 ,2024-08-21 18:13:00,Brasil,RIO GRANDE DO SUL,CAPÃO BONITO DO SUL,Mata Atlântica
 1712625859 ,03dadd99-d6ec-36fe-9d9e-d5d52c21c8b6,  -29.248960 ,  -51.976910 ,2024-08-21 18:13:00,Brasil,RIO GRANDE DO SUL,CAPITÃO,Mata Atlântica
 1712625942 ,1120e6cd-facd-3847-b7ad-7490e1589236,  -29.051340 ,  -53.579000 ,2024-08-21 18:13:00,Brasil,RIO GRANDE DO SUL,JÚLIO DE CASTILHOS,Pampa
 1712625943 ,0799f282-d881-3c4a-b538-500d1b580e55,  -29.049690 ,  -53.568490 ,2024-08-21 18:13:00,Brasil,RIO GRANDE DO SUL,JÚLIO DE CASTILHOS,Pampa
 1712625944 ,f8437a99-3297-32e6-b21d-3f945fffef36,  -29.042990 ,  -53.575690 ,2024-08-21 18:13:00,Brasil,RIO GRANDE DO SUL,JÚLIO DE CASTILHOS,Pampa
 1713016315 ,37ef3d01-b958-3322-a91e-a56ece5c0212,  -28.899430 ,  -50.068070 ,2024-08-22 17:15:00,Brasil,RIO GRANDE DO SUL,CAMBARÁ DO SUL,Mata Atlântica
 1713016316 ,fee29a96-d1c9-3b05-81f1-04e30982b4d6,  -28.898980 ,  -50.095160 ,2024-08-22 17:15:00,Brasil,RIO GRANDE DO SUL,CAMBARÁ DO SUL,Mata Atlântica
 1713016317 ,11d5caac-8e2c-3892-92fa-3c53a45f1cce,  -28.896530 ,  -50.060880 ,2024-08-22 17:15:00,Brasil,RIO GRANDE DO SUL,CAMBARÁ DO SUL,Mata Atlântica
 1714431373 ,b0852230-102e-3898-a636-a20983f65224,  -29.245730 ,  -50.519680 ,2024-08-26 18:19:00,Brasil,RIO GRANDE DO SUL,SÃO FRANCISCO DE PAULA,Mata Atlântica
 1714431374 ,39371592-c22a-325a-994f-42165121e975,  -29.242520 ,  -50.502850 ,2024-08-26 18:19:00,Brasil,RIO GRANDE DO SUL,SÃO FRANCISCO DE PAULA,Mata Atlântica
 1714431375 ,55cfa0b0-c651-33e1-9114-534364584503,  -28.541600 ,  -50.474240 ,2024-08-26 18:19:00,Brasil,RIO GRANDE DO SUL,BOM JESUS,Mata Atlântica
 1714431376 ,c1fe1027-d2f0-3d02-93f3-663073f9b59d,  -28.539980 ,  -50.487290 ,2024-08-26 18:19:00,Brasil,RIO GRANDE DO SUL,BOM JESUS,Mata Atlântica
 1714431377 ,859f8b20-1a0c-390e-a49c-d226bb2635eb,  -28.507090 ,  -51.286170 ,2024-08-26 18:19:00,Brasil,RIO GRANDE DO SUL,MUITOS CAPÕES,Mata Atlântica
 1714431378 ,a95e5211-9e26-320d-8b06-562e31857884,  -28.466210 ,  -50.698970 ,2024-08-26 18:19:00,Brasil,RIO GRANDE DO SUL,BOM JESUS,Mata Atlântica
 1714431392 ,4bc1220d-4810-32fe-a34f-69ddf7d8df4e,  -30.438070 ,  -52.608030 ,2024-08-26 18:19:00,Brasil,RIO GRANDE DO SUL,ENCRUZILHADA DO SUL,Pampa
 1714431455 ,c8b84e21-3b25-3457-9bdd-fb8488c2683e,  -29.415320 ,  -53.891120 ,2024-08-26 18:19:00,Brasil,RIO GRANDE DO SUL,SÃO MARTINHO DA SERRA,Pampa
 1714431456 ,7f2457d6-0507-3bff-a27b-f278b26ba9c2,  -29.154230 ,  -54.285010 ,2024-08-26 18:19:00,Brasil,RIO GRANDE DO SUL,JARI,Pampa
 1714431457 ,8d1274cd-d5ae-3244-93d7-02727dedfa00,  -29.879600 ,  -54.785740 ,2024-08-26 18:19:00,Brasil,RIO GRANDE DO SUL,CACEQUI,Pampa
 1714431538 ,0db6a916-6ea8-33be-9a50-355856e09e9d,  -30.395910 ,  -56.331910 ,2024-08-26 18:19:00,Brasil,RIO GRANDE DO SUL,QUARAÍ,Pampa
 1714431539 ,42fa3f3c-54af-3de3-9490-d9045c0ca0c9,  -30.345290 ,  -56.369400 ,2024-08-26 18:19:00,Brasil,RIO GRANDE DO SUL,QUARAÍ,Pampa
 1714812483 ,7bd2045d-a5b8-3911-977f-2ea52b772d77,  -29.120550 ,  -50.164010 ,2024-08-27 17:22:00,Brasil,RIO GRANDE DO SUL,CAMBARÁ DO SUL,Mata Atlântica
 1714812484 ,d64203c7-9b7d-3597-a81e-e67f8c5c9433,  -28.757680 ,  -50.141650 ,2024-08-27 17:22:00,Brasil,RIO GRANDE DO SUL,SÃO JOSÉ DOS AUSENTES,Mata Atlântica
 1714812485 ,857f0f9d-cdca-333d-805b-209d2e0023ec,  -28.496210 ,  -50.080470 ,2024-08-27 17:22:00,Brasil,RIO GRANDE DO SUL,BOM JESUS,Mata Atlântica
 1714812695 ,7985315a-a86c-3b6a-a3da-f2f2773528bd,  -29.300980 ,  -50.541270 ,2024-08-27 17:22:00,Brasil,RIO GRANDE DO SUL,SÃO FRANCISCO DE PAULA,Mata Atlântica
 1714812696 ,35dfc84e-3a7b-3fda-9c1a-6639921ce429,  -29.245350 ,  -50.399730 ,2024-08-27 17:22:00,Brasil,RIO GRANDE DO SUL,SÃO FRANCISCO DE PAULA,Mata Atlântica
 1714812697 ,30b9a91a-2038-3793-99cd-ae4465ef2e47,  -29.233250 ,  -50.429180 ,2024-08-27 17:22:00,Brasil,RIO GRANDE DO SUL,SÃO FRANCISCO DE PAULA,Mata Atlântica
 1714812698 ,1139f9ff-b11e-333b-8daf-ea480e319610,  -29.052460 ,  -50.789880 ,2024-08-27 17:22:00,Brasil,RIO GRANDE DO SUL,SÃO FRANCISCO DE PAULA,Mata Atlântica
 1714812699 ,771d29e0-17fd-3ba4-8e3c-c9cd1468de60,  -29.003310 ,  -50.351530 ,2024-08-27 17:22:00,Brasil,RIO GRANDE DO SUL,JAQUIRANA,Mata Atlântica
 1714812700 ,f3ba7239-c62a-34e8-8399-240ad935c1dc,  -28.999780 ,  -50.360000 ,2024-08-27 17:22:00,Brasil,RIO GRANDE DO SUL,JAQUIRANA,Mata Atlântica
 1714812701 ,f8c78146-eb0c-3af0-9056-d5990853c35b,  -28.997230 ,  -50.330510 ,2024-08-27 17:22:00,Brasil,RIO GRANDE DO SUL,JAQUIRANA,Mata Atlântica
 1715270161 ,0a5effd2-85b9-38f0-9628-d45f7db547cd,  -29.411910 ,  -50.332740 ,2024-08-28 18:02:00,Brasil,RIO GRANDE DO SUL,SÃO FRANCISCO DE PAULA,Mata Atlântica
 1715270162 ,9cbf82b9-fc4d-3d7e-a9e3-2e9f891cc8bb,  -29.402880 ,  -50.334650 ,2024-08-28 18:02:00,Brasil,RIO GRANDE DO SUL,SÃO FRANCISCO DE PAULA,Mata Atlântica
 1715270163 ,618590fb-055f-3aa0-a527-1cc4286afd62,  -29.151530 ,  -50.267820 ,2024-08-28 18:02:00,Brasil,RIO GRANDE DO SUL,CAMBARÁ DO SUL,Mata Atlântica
 1715270164 ,4aa81cec-bbbb-3633-b088-864a095545fb,  -29.096250 ,  -50.142240 ,2024-08-28 18:02:00,Brasil,RIO GRANDE DO SUL,CAMBARÁ DO SUL,Mata Atlântica
 1715270165 ,02d4bc1d-97ce-3bad-b2ba-e208c9272138,  -28.525510 ,  -50.098870 ,2024-08-28 18:02:00,Brasil,RIO GRANDE DO SUL,BOM JESUS,Mata Atlântica
 1715270166 ,a626422d-859e-3850-8a83-844698cca749,  -28.503640 ,  -50.080620 ,2024-08-28 18:02:00,Brasil,RIO GRANDE DO SUL,BOM JESUS,Mata Atlântica
 1715270167 ,8a8004cf-604f-38fb-a04c-5233dcc6ce9e,  -28.501910 ,  -50.069820 ,2024-08-28 18:02:00,Brasil,RIO GRANDE DO SUL,SÃO JOSÉ DOS AUSENTES,Mata Atlântica
 1715270289 ,b938eb3e-ec99-39b1-a098-24500b22969f,  -29.363210 ,  -51.470520 ,2024-08-28 18:02:00,Brasil,RIO GRANDE DO SUL,BARÃO,Mata Atlântica
 1715270290 ,0f187eca-c7b5-3e41-ae92-3d0eac2400a5,  -29.318770 ,  -50.563180 ,2024-08-28 18:02:00,Brasil,RIO GRANDE DO SUL,SÃO FRANCISCO DE PAULA,Mata Atlântica
 1715270291 ,52871377-a3a7-3737-8bc7-1a2ba47bf3ac,  -29.273210 ,  -50.750350 ,2024-08-28 18:02:00,Brasil,RIO GRANDE DO SUL,SÃO FRANCISCO DE PAULA,Mata Atlântica
 1715270292 ,9f19fcd1-9581-3a9a-b125-36de65d324b0,  -29.268240 ,  -50.537140 ,2024-08-28 18:02:00,Brasil,RIO GRANDE DO SUL,SÃO FRANCISCO DE PAULA,Mata Atlântica
 1715270293 ,8317939b-30f0-3a3c-9363-0184edcc7d0f,  -29.266620 ,  -50.526680 ,2024-08-28 18:02:00,Brasil,RIO GRANDE DO SUL,SÃO FRANCISCO DE PAULA,Mata Atlântica
 1715270294 ,248dc57a-c2eb-3dc1-91a5-bcd6c539f4ba,  -29.255710 ,  -50.636480 ,2024-08-28 18:02:00,Brasil,RIO GRANDE DO SUL,SÃO FRANCISCO DE PAULA,Mata Atlântica
 1715270295 ,8551f54a-b773-3a3f-b194-70fd96a0f312,  -29.254100 ,  -50.626060 ,2024-08-28 18:02:00,Brasil,RIO GRANDE DO SUL,SÃO FRANCISCO DE PAULA,Mata Atlântica
 1715270296 ,d54af924-fc90-33f4-820f-a81e8ed20665,  -29.178810 ,  -50.732690 ,2024-08-28 18:02:00,Brasil,RIO GRANDE DO SUL,SÃO FRANCISCO DE PAULA,Mata Atlântica
 1715270297 ,1881dd17-a5f4-3dd2-9b1d-3435a99fe52a,  -29.172440 ,  -50.691220 ,2024-08-28 18:02:00,Brasil,RIO GRANDE DO SUL,SÃO FRANCISCO DE PAULA,Mata Atlântica
 1715270298 ,122817e8-ff38-3c13-ba1c-3f8d7cbfacb7,  -29.164750 ,  -50.520990 ,2024-08-28 18:02:00,Brasil,RIO GRANDE DO SUL,SÃO FRANCISCO DE PAULA,Mata Atlântica
 1715270299 ,0c9d6f82-8d56-3be8-a29b-270061c438b4,  -29.103290 ,  -50.425300 ,2024-08-28 18:02:00,Brasil,RIO GRANDE DO SUL,JAQUIRANA,Mata Atlântica
 1715270300 ,283c6cb3-f3b3-3a49-8dda-c763d604c1bc,  -29.101630 ,  -50.414740 ,2024-08-28 18:02:00,Brasil,RIO GRANDE DO SUL,JAQUIRANA,Mata Atlântica
 1715270301 ,4e554e81-24d1-33ed-b86b-e70457f9d0bf,  -29.059260 ,  -50.560020 ,2024-08-28 18:02:00,Brasil,RIO GRANDE DO SUL,SÃO FRANCISCO DE PAULA,Mata Atlântica
 1715270302 ,c49ca934-f7bd-3c8a-b389-678f31c49e2d,  -29.037770 ,  -50.660970 ,2024-08-28 18:02:00,Brasil,RIO GRANDE DO SUL,SÃO FRANCISCO DE PAULA,Mata Atlântica
 1715270303 ,a2ae5a4d-7901-3a41-a4e1-877484849081,  -29.034750 ,  -50.522010 ,2024-08-28 18:02:00,Brasil,RIO GRANDE DO SUL,SÃO FRANCISCO DE PAULA,Mata Atlântica
 1715270304 ,62a10a94-79ba-34ab-a735-6d2b05a57249,  -28.992460 ,  -50.600690 ,2024-08-28 18:02:00,Brasil,RIO GRANDE DO SUL,SÃO FRANCISCO DE PAULA,Mata Atlântica
 1715270305 ,5f442db1-19b6-3ca6-a24f-77648f1d1ca1,  -28.971900 ,  -50.647920 ,2024-08-28 18:02:00,Brasil,RIO GRANDE DO SUL,SÃO FRANCISCO DE PAULA,Mata Atlântica
 1715270306 ,123f864a-313b-307e-8daa-46a02ac43ddb,  -28.971470 ,  -50.344840 ,2024-08-28 18:02:00,Brasil,RIO GRANDE DO SUL,JAQUIRANA,Mata Atlântica
 1715270307 ,417743f5-1b74-323e-ba97-9bbc5b9b1fbc,  -28.962900 ,  -50.649720 ,2024-08-28 18:02:00,Brasil,RIO GRANDE DO SUL,SÃO FRANCISCO DE PAULA,Mata Atlântica
 1715270308 ,0d569930-92e7-38f3-8b23-5bc9c84727a0,  -28.857320 ,  -50.688300 ,2024-08-28 18:02:00,Brasil,RIO GRANDE DO SUL,SÃO FRANCISCO DE PAULA,Mata Atlântica
 1715270309 ,bd3a550c-f154-3c9b-bfd5-0bd971734d16,  -28.855700 ,  -50.677860 ,2024-08-28 18:02:00,Brasil,RIO GRANDE DO SUL,SÃO FRANCISCO DE PAULA,Mata Atlântica
 1715270310 ,01db2244-c018-3939-b057-0911a2d8b450,  -28.644760 ,  -50.212570 ,2024-08-28 18:02:00,Brasil,RIO GRANDE DO SUL,BOM JESUS,Mata Atlântica
 1715270311 ,0aef945c-8570-3dcf-8b15-4fad0232e7cf,  -28.192290 ,  -50.924750 ,2024-08-28 18:02:00,Brasil,RIO GRANDE DO SUL,VACARIA,Mata Atlântica
 1715270312 ,c3160b9f-3254-35e7-89c0-2c1f402e9c11,  -29.647920 ,  -51.647390 ,2024-08-28 18:02:00,Brasil,RIO GRANDE DO SUL,TRIUNFO,Pampa
 1715270466 ,262731be-cab6-384a-9c85-4cd65ae8965f,  -29.069430 ,  -52.760350 ,2024-08-28 18:02:00,Brasil,RIO GRANDE DO SUL,SOLEDADE,Mata Atlântica
 1715270467 ,ac47e70a-6ab2-32ec-81eb-73d7674bfed5,  -30.717550 ,  -53.269500 ,2024-08-28 18:02:00,Brasil,RIO GRANDE DO SUL,CAÇAPAVA DO SUL,Pampa
 1715270468 ,a36a7dea-a920-3971-993f-704a6e9bdec7,  -30.629620 ,  -53.222860 ,2024-08-28 18:02:00,Brasil,RIO GRANDE DO SUL,CAÇAPAVA DO SUL,Pampa
 1715270469 ,0c78a609-b0ab-375a-9fb4-8f61662d5a8f,  -32.328790 ,  -53.601280 ,2024-08-28 18:00:00,Brasil,RIO GRANDE DO SUL,JAGUARÃO,Pampa
 1715270470 ,a0c229a5-1ac8-30d5-89e6-dbabd9e7dc38,  -32.327290 ,  -53.589240 ,2024-08-28 18:00:00,Brasil,RIO GRANDE DO SUL,JAGUARÃO,Pampa
 1715270471 ,435bd93e-6f4b-3c51-a8b9-b9666c2752ca,  -32.325790 ,  -53.577200 ,2024-08-28 18:00:00,Brasil,RIO GRANDE DO SUL,JAGUARÃO,Pampa
 1715270472 ,b83b78b8-ec41-3d0b-8348-1fcb7b9a28fc,  -32.178800 ,  -53.071620 ,2024-08-28 18:00:00,Brasil,RIO GRANDE DO SUL,ARROIO GRANDE,Pampa
 1715270715 ,7847ca90-7051-3205-a0e0-c18ab54b0014,  -29.105690 ,  -53.982520 ,2024-08-28 18:02:00,Brasil,RIO GRANDE DO SUL,TUPANCIRETÃ,Pampa
 1715270716 ,841ac52f-fed9-34e1-aa65-cf30b4c357d7,  -30.171360 ,  -55.007150 ,2024-08-28 18:02:00,Brasil,RIO GRANDE DO SUL,ROSÁRIO DO SUL,Pampa
 1715270717 ,37183f43-8e18-3391-b1ba-3ab1c6345296,  -30.170350 ,  -55.001810 ,2024-08-28 18:02:00,Brasil,RIO GRANDE DO SUL,ROSÁRIO DO SUL,Pampa
 1715270718 ,22cb01f6-8b02-3c67-a367-c88feb4cd617,  -30.169790 ,  -54.994290 ,2024-08-28 18:02:00,Brasil,RIO GRANDE DO SUL,ROSÁRIO DO SUL,Pampa
 1715270719 ,a89bf4d5-38a0-363c-8047-2c2efa851c07,  -30.985130 ,  -54.186510 ,2024-08-28 18:02:00,Brasil,RIO GRANDE DO SUL,DOM PEDRITO,Pampa
 1715270721 ,d7144aab-ac60-3149-a488-b65889d6f6cf,  -29.194630 ,  -56.053230 ,2024-08-28 18:02:00,Brasil,RIO GRANDE DO SUL,ITAQUI,Pampa
 1715271005 ,1e8228bf-1403-3bc1-9254-4bd8d39664f8,  -28.651120 ,  -55.468180 ,2024-08-28 18:02:00,Brasil,RIO GRANDE DO SUL,SANTO ANTÔNIO DAS MISSÕES,Pampa
 1715271006 ,0cc974ff-7a2e-3013-8e79-d323dc009ecc,  -28.448410 ,  -55.644260 ,2024-08-28 18:02:00,Brasil,RIO GRANDE DO SUL,SÃO BORJA,Pampa
 1715976538 ,0aee09d6-b5ea-3514-aac8-b4c01fec259e,  -27.807730 ,  -51.365770 ,2024-08-30 17:43:00,Brasil,RIO GRANDE DO SUL,BARRACÃO,Mata Atlântica
 1715976556 ,ff2e0bcd-4c6f-3c1c-a22a-e11cdafddf6e,  -29.284440 ,  -50.476350 ,2024-08-30 17:43:00,Brasil,RIO GRANDE DO SUL,SÃO FRANCISCO DE PAULA,Mata Atlântica
 1715976557 ,63b48067-8b37-3da6-acf0-48113a27a8a6,  -29.258810 ,  -50.430230 ,2024-08-30 17:43:00,Brasil,RIO GRANDE DO SUL,SÃO FRANCISCO DE PAULA,Mata Atlântica
 1715976558 ,f71ad5c0-e39a-3f49-aac3-a7197c1309b4,  -29.203000 ,  -50.634370 ,2024-08-30 17:43:00,Brasil,RIO GRANDE DO SUL,SÃO FRANCISCO DE PAULA,Mata Atlântica
 1715976559 ,c6167df6-8714-3ec7-9663-0ee43c08353d,  -29.168940 ,  -50.768690 ,2024-08-30 17:43:00,Brasil,RIO GRANDE DO SUL,SÃO FRANCISCO DE PAULA,Mata Atlântica
 1715976560 ,3d98ee0c-2cab-388d-a83d-7feddca8d0ee,  -29.117100 ,  -50.421330 ,2024-08-30 17:43:00,Brasil,RIO GRANDE DO SUL,JAQUIRANA,Mata Atlântica
 1715976561 ,48bfc899-4bb7-360e-8827-9b500b8b805a,  -29.094160 ,  -50.419380 ,2024-08-30 17:43:00,Brasil,RIO GRANDE DO SUL,JAQUIRANA,Mata Atlântica
 1715976562 ,a196ffd1-06de-37b1-9af4-c4bb987e9247,  -29.091140 ,  -50.395290 ,2024-08-30 17:43:00,Brasil,RIO GRANDE DO SUL,JAQUIRANA,Mata Atlântica
 1715976563 ,c90ccf1f-d43b-30ed-a371-90ab267b6511,  -29.069660 ,  -50.874310 ,2024-08-30 17:43:00,Brasil,RIO GRANDE DO SUL,SÃO FRANCISCO DE PAULA,Mata Atlântica
 1715976564 ,920f5d56-70a3-344f-bd4e-38ec5b83104e,  -29.068800 ,  -50.535630 ,2024-08-30 17:43:00,Brasil,RIO GRANDE DO SUL,SÃO FRANCISCO DE PAULA,Mata Atlântica
 1715976565 ,e9c4d66c-658f-3b97-a673-df3a1f771dba,  -29.068610 ,  -50.868950 ,2024-08-30 17:43:00,Brasil,RIO GRANDE DO SUL,SÃO FRANCISCO DE PAULA,Mata Atlântica
 1715976566 ,117bdfe5-65e2-3179-9e6a-b547c25dc9e5,  -29.049260 ,  -50.538780 ,2024-08-30 17:43:00,Brasil,RIO GRANDE DO SUL,SÃO FRANCISCO DE PAULA,Mata Atlântica
 1715976567 ,6fc86756-4da4-35cb-8d75-47a7de997eeb,  -28.936530 ,  -50.954540 ,2024-08-30 17:43:00,Brasil,RIO GRANDE DO SUL,CAXIAS DO SUL,Mata Atlântica
 1715976568 ,020fe977-33b1-379b-9373-ed99c506a817,  -28.880020 ,  -50.330550 ,2024-08-30 17:43:00,Brasil,RIO GRANDE DO SUL,JAQUIRANA,Mata Atlântica
 1715976569 ,5d081931-dbc5-313b-b097-154be6c5d4ef,  -28.714160 ,  -50.235610 ,2024-08-30 17:43:00,Brasil,RIO GRANDE DO SUL,BOM JESUS,Mata Atlântica
 1715976570 ,207ecefb-80ee-39af-a05b-21e2d1aaa147,  -28.706130 ,  -51.060950 ,2024-08-30 17:43:00,Brasil,RIO GRANDE DO SUL,CAMPESTRE DA SERRA,Mata Atlântica
 1715976571 ,02de3582-552e-33da-80ea-854c64e8e6c7,  -28.701950 ,  -50.371310 ,2024-08-30 17:43:00,Brasil,RIO GRANDE DO SUL,BOM JESUS,Mata Atlântica
 1715976572 ,8da4738e-8473-3f5d-8319-fda99ed3a084,  -28.700430 ,  -50.359280 ,2024-08-30 17:43:00,Brasil,RIO GRANDE DO SUL,BOM JESUS,Mata Atlântica
 1715976573 ,6119ce12-a533-33ec-b577-e27ff8e758a1,  -28.625600 ,  -50.255620 ,2024-08-30 17:43:00,Brasil,RIO GRANDE DO SUL,BOM JESUS,Mata Atlântica
 1715976574 ,fe48b050-1ff6-3541-b8d9-979164cdde66,  -28.554010 ,  -50.388270 ,2024-08-30 17:43:00,Brasil,RIO GRANDE DO SUL,BOM JESUS,Mata Atlântica
 1715976575 ,732691ae-3622-3269-a19d-611dfc8a4686,  -28.548040 ,  -51.097470 ,2024-08-30 17:43:00,Brasil,RIO GRANDE DO SUL,VACARIA,Mata Atlântica
 1715976576 ,e88f96fc-3e32-3d9a-8a7e-b8e4065963b1,  -28.547990 ,  -51.105400 ,2024-08-30 17:43:00,Brasil,RIO GRANDE DO SUL,VACARIA,Mata Atlântica
 1715976577 ,0795467c-ffa7-3ba5-9b4f-cdcdef5b9899,  -28.540630 ,  -51.204820 ,2024-08-30 17:43:00,Brasil,RIO GRANDE DO SUL,MUITOS CAPÕES,Mata Atlântica
 1715976578 ,b449bab9-7b7b-3948-8506-d100ed5b400f,  -28.539060 ,  -51.191830 ,2024-08-30 17:43:00,Brasil,RIO GRANDE DO SUL,MUITOS CAPÕES,Mata Atlântica
 1715976579 ,f4ab2c90-edca-3c1a-9744-37d28b3c288e,  -28.532040 ,  -50.398890 ,2024-08-30 17:43:00,Brasil,RIO GRANDE DO SUL,BOM JESUS,Mata Atlântica
 1715976580 ,110f462f-3fa3-3048-a87e-cc4b9d0d7391,  -28.489490 ,  -50.614190 ,2024-08-30 17:43:00,Brasil,RIO GRANDE DO SUL,BOM JESUS,Mata Atlântica
 1715976581 ,d64df0f8-5bc3-35c0-b2f4-c6562d900105,  -28.488010 ,  -50.601990 ,2024-08-30 17:43:00,Brasil,RIO GRANDE DO SUL,BOM JESUS,Mata Atlântica
 1715976582 ,bee38f14-71b4-364a-8e9f-d36dde4d26de,  -28.487030 ,  -50.607470 ,2024-08-30 17:43:00,Brasil,RIO GRANDE DO SUL,BOM JESUS,Mata Atlântica
 1715976583 ,f1f2f032-3bcc-388d-aa80-b71a96859cf3,  -28.482340 ,  -50.394490 ,2024-08-30 17:43:00,Brasil,RIO GRANDE DO SUL,BOM JESUS,Mata Atlântica
 1715976584 ,42bc5346-cec5-37a2-b9bf-46e9e8385171,  -28.477950 ,  -50.202950 ,2024-08-30 17:43:00,Brasil,RIO GRANDE DO SUL,BOM JESUS,Mata Atlântica
 1715976585 ,3fa8cfcc-496d-38bd-a1dc-ae0ff2967fdf,  -28.476460 ,  -50.191190 ,2024-08-30 17:43:00,Brasil,RIO GRANDE DO SUL,BOM JESUS,Mata Atlântica
 1715976586 ,790f7d52-c213-3a00-8a2a-92b2886c3764,  -28.475010 ,  -50.179710 ,2024-08-30 17:43:00,Brasil,RIO GRANDE DO SUL,BOM JESUS,Mata Atlântica
 1715976593 ,52dd6585-f086-3111-b91a-70844d60a4bb,  -28.277550 ,  -50.715790 ,2024-08-30 17:43:00,Brasil,RIO GRANDE DO SUL,BOM JESUS,Mata Atlântica
 1715976795 ,806d90e3-e857-311b-ae55-f5b0623db8bb,  -28.812300 ,  -52.450680 ,2024-08-30 17:43:00,Brasil,RIO GRANDE DO SUL,SOLEDADE,Mata Atlântica
 1715976796 ,cb06662b-7f15-345a-bbbb-7b180cd12da9,  -28.309870 ,  -52.353030 ,2024-08-30 17:43:00,Brasil,RIO GRANDE DO SUL,PASSO FUNDO,Mata Atlântica
 1715976797 ,fab14fe8-a538-38af-9a4a-6b8ae61dc396,  -29.811830 ,  -52.329590 ,2024-08-30 17:43:00,Brasil,RIO GRANDE DO SUL,SANTA CRUZ DO SUL,Pampa
 1715977055 ,760cdcaa-c300-34be-bb90-a12429e3b552,  -29.030260 ,  -49.992450 ,2024-08-30 17:43:00,Brasil,RIO GRANDE DO SUL,CAMBARÁ DO SUL,Mata Atlântica
 1715977056 ,73abe794-4e4e-3972-b690-fd4d22dacc82,  -29.028770 ,  -49.980820 ,2024-08-30 17:43:00,Brasil,RIO GRANDE DO SUL,CAMBARÁ DO SUL,Mata Atlântica
 1715977057 ,bff48ab4-8cc5-32b6-bf0b-8e38bf4f4921,  -28.581750 ,  -49.990370 ,2024-08-30 17:43:00,Brasil,RIO GRANDE DO SUL,SÃO JOSÉ DOS AUSENTES,Mata Atlântica
 1715977058 ,a26fd40e-66af-392d-b349-58b1e637f654,  -28.521340 ,  -49.746440 ,2024-08-30 17:43:00,Brasil,RIO GRANDE DO SUL,SÃO JOSÉ DOS AUSENTES,Mata Atlântica
 1715977059 ,2d5d9ac5-ca73-310c-b45e-168539259f9d,  -28.519920 ,  -49.735510 ,2024-08-30 17:43:00,Brasil,RIO GRANDE DO SUL,SÃO JOSÉ DOS AUSENTES,Mata Atlântica
 1715977060 ,aac58864-33ca-31c7-8ce0-76a4214f2059,  -28.486880 ,  -49.775430 ,2024-08-30 17:43:00,Brasil,RIO GRANDE DO SUL,SÃO JOSÉ DOS AUSENTES,Mata Atlântica
 1715977071 ,a48809ba-cef7-3616-86da-1e0f8ae5cc5f,  -29.411390 ,  -50.343690 ,2024-08-30 17:43:00,Brasil,RIO GRANDE DO SUL,SÃO FRANCISCO DE PAULA,Mata Atlântica
 1715977072 ,b272d019-a700-3da4-a8f4-39c8ee8455b4,  -29.234630 ,  -50.236140 ,2024-08-30 17:43:00,Brasil,RIO GRANDE DO SUL,CAMBARÁ DO SUL,Mata Atlântica
 1715977073 ,da30e8f7-ee3f-3de5-8187-e9148f80a409,  -29.234030 ,  -50.310340 ,2024-08-30 17:43:00,Brasil,RIO GRANDE DO SUL,CAMBARÁ DO SUL,Mata Atlântica
 1715977074 ,cd121015-5060-3d8f-a0fe-95a8682d35d3,  -29.087610 ,  -50.180620 ,2024-08-30 17:43:00,Brasil,RIO GRANDE DO SUL,CAMBARÁ DO SUL,Mata Atlântica
 1715977075 ,d4fd8979-bb31-3934-8701-f11a590ae509,  -28.837660 ,  -50.072270 ,2024-08-30 17:43:00,Brasil,RIO GRANDE DO SUL,SÃO JOSÉ DOS AUSENTES,Mata Atlântica
 1715977076 ,062d6559-4096-3edf-bae4-0e60d9998064,  -28.565950 ,  -50.169990 ,2024-08-30 17:43:00,Brasil,RIO GRANDE DO SUL,BOM JESUS,Mata Atlântica
 1715977077 ,4b68daa4-9f09-3fbe-89cd-a84a670081c2,  -28.557890 ,  -50.183230 ,2024-08-30 17:43:00,Brasil,RIO GRANDE DO SUL,BOM JESUS,Mata Atlântica
 1715977078 ,46ce9a9d-63d2-35ef-a373-10a165977978,  -28.556430 ,  -50.171670 ,2024-08-30 17:43:00,Brasil,RIO GRANDE DO SUL,BOM JESUS,Mata Atlântica
 1716317461 ,a157246c-533e-3e02-8ef9-52ca903a8395,  -28.899260 ,  -50.160080 ,2024-08-31 18:24:00,Brasil,RIO GRANDE DO SUL,JAQUIRANA,Mata Atlântica
 1716317462 ,4e7059ab-d4fe-3c4e-8906-7eb0709d6a7e,  -28.896700 ,  -50.155920 ,2024-08-31 18:24:00,Brasil,RIO GRANDE DO SUL,CAMBARÁ DO SUL,Mata Atlântica
 1716317463 ,3efe9b84-2d49-3358-8bfe-23827301374d,  -28.531950 ,  -50.064750 ,2024-08-31 18:24:00,Brasil,RIO GRANDE DO SUL,BOM JESUS,Mata Atlântica
 1716317464 ,e9f68e27-de29-38f8-bef2-b94bf16e1b1b,  -28.531370 ,  -50.045880 ,2024-08-31 18:24:00,Brasil,RIO GRANDE DO SUL,SÃO JOSÉ DOS AUSENTES,Mata Atlântica
 1716317568 ,13999f04-582a-347c-bb37-9abed566a41b,  -29.117310 ,  -50.385380 ,2024-08-31 18:24:00,Brasil,RIO GRANDE DO SUL,SÃO FRANCISCO DE PAULA,Mata Atlântica
 1716317569 ,a964902f-147b-3e00-8a99-0e76aa9309d8,  -29.050790 ,  -50.588360 ,2024-08-31 18:24:00,Brasil,RIO GRANDE DO SUL,SÃO FRANCISCO DE PAULA,Mata Atlântica
 1716317570 ,09c60e16-6d21-3158-88a5-491eb14ef72f,  -28.640280 ,  -50.662040 ,2024-08-31 18:24:00,Brasil,RIO GRANDE DO SUL,BOM JESUS,Mata Atlântica
 1716317571 ,4edd7a77-86c1-3a0d-b159-ba35a6aeb07b,  -28.640250 ,  -50.656690 ,2024-08-31 18:24:00,Brasil,RIO GRANDE DO SUL,BOM JESUS,Mata Atlântica
 1716317572 ,d175b68c-eb21-3b26-b158-2c6b927e6617,  -28.390020 ,  -50.746330 ,2024-08-31 18:24:00,Brasil,RIO GRANDE DO SUL,VACARIA,Mata Atlântica
 1716317629 ,9a32429f-eebe-3a78-9cea-1acef5c1d61e,  -27.312680 ,  -52.533570 ,2024-08-31 18:24:00,Brasil,RIO GRANDE DO SUL,ITATIBA DO SUL,Mata Atlântica
 1716317630 ,f278a004-69a0-3370-95de-80633e7624e0,  -27.645480 ,  -51.770630 ,2024-08-31 18:24:00,Brasil,RIO GRANDE DO SUL,MAXIMILIANO DE ALMEIDA,Mata Atlântica
 1716317632 ,b2ec0d40-c606-3a7e-9381-b022519da409,  -29.167690 ,  -52.530130 ,2024-08-31 18:24:00,Brasil,RIO GRANDE DO SUL,BARROS CASSAL,Mata Atlântica
 1716317633 ,800c71b7-2531-362c-9794-656d0c3bf886,  -29.075110 ,  -52.719860 ,2024-08-31 18:24:00,Brasil,RIO GRANDE DO SUL,BARROS CASSAL,Mata Atlântica
 1716317634 ,5de12f15-0c01-321b-ae15-c41b82401e76,  -29.020500 ,  -52.606100 ,2024-08-31 18:24:00,Brasil,RIO GRANDE DO SUL,BARROS CASSAL,Mata Atlântica
 1716317635 ,017539fb-51e7-3ac2-bef8-a148c81665d5,  -29.017590 ,  -52.590540 ,2024-08-31 18:24:00,Brasil,RIO GRANDE DO SUL,BARROS CASSAL,Mata Atlântica
 1716317636 ,dbb754d9-c810-3ef7-b266-d92ce41932d3,  -29.016660 ,  -52.596520 ,2024-08-31 18:24:00,Brasil,RIO GRANDE DO SUL,BARROS CASSAL,Mata Atlântica
 1716948466 ,ebd8db8d-bbb3-3d6a-b86f-eb51ca6ad697,  -29.257440 ,  -50.274270 ,2024-09-02 18:06:00,Brasil,RIO GRANDE DO SUL,CAMBARÁ DO SUL,Mata Atlântica
 1716948467 ,5b447e68-a5dd-3192-b4a6-61d8b0679168,  -29.254060 ,  -50.281620 ,2024-09-02 18:06:00,Brasil,RIO GRANDE DO SUL,CAMBARÁ DO SUL,Mata Atlântica
 1716948468 ,cfba53b3-d123-3122-a587-54078f7aa97c,  -29.252140 ,  -50.269960 ,2024-09-02 18:06:00,Brasil,RIO GRANDE DO SUL,CAMBARÁ DO SUL,Mata Atlântica
 1716948470 ,97cde104-4e09-3204-a508-52fe29c382d0,  -29.114650 ,  -50.232860 ,2024-09-02 18:06:00,Brasil,RIO GRANDE DO SUL,CAMBARÁ DO SUL,Mata Atlântica
 1716948471 ,26836074-303b-3002-8f87-7155673ed050,  -28.996720 ,  -50.204060 ,2024-09-02 18:06:00,Brasil,RIO GRANDE DO SUL,CAMBARÁ DO SUL,Mata Atlântica
 1716948472 ,506a214e-c2e6-3a9f-8f9a-92a6ce8a0fa1,  -28.928090 ,  -50.224130 ,2024-09-02 18:06:00,Brasil,RIO GRANDE DO SUL,JAQUIRANA,Mata Atlântica
 1716948473 ,f4a76b2c-0be3-3fb2-a711-fa1e92703841,  -28.926090 ,  -50.212180 ,2024-09-02 18:06:00,Brasil,RIO GRANDE DO SUL,CAMBARÁ DO SUL,Mata Atlântica
 1716948474 ,b671340e-21c1-35d5-bf5a-e15567d2b195,  -28.897450 ,  -50.219120 ,2024-09-02 18:06:00,Brasil,RIO GRANDE DO SUL,JAQUIRANA,Mata Atlântica
 1716948475 ,c588e310-e638-3b0a-86d3-e63819da4047,  -28.892400 ,  -50.071460 ,2024-09-02 18:06:00,Brasil,RIO GRANDE DO SUL,CAMBARÁ DO SUL,Mata Atlântica
 1716948476 ,1ed118ce-9064-3aec-afef-0334709c25c2,  -28.890380 ,  -50.059530 ,2024-09-02 18:06:00,Brasil,RIO GRANDE DO SUL,CAMBARÁ DO SUL,Mata Atlântica
 1716948477 ,77abb23d-b136-3448-9cac-d8d2964395be,  -28.520050 ,  -50.178480 ,2024-09-02 18:06:00,Brasil,RIO GRANDE DO SUL,BOM JESUS,Mata Atlântica
 1716948585 ,db5b1b08-87df-393f-b118-41d2811c286b,  -29.439960 ,  -51.679910 ,2024-09-02 18:06:00,Brasil,RIO GRANDE DO SUL,POÇO DAS ANTAS,Mata Atlântica
 1716948586 ,a289b227-8faa-3a87-8eb1-43de7e9a7abd,  -29.247020 ,  -50.712070 ,2024-09-02 18:06:00,Brasil,RIO GRANDE DO SUL,SÃO FRANCISCO DE PAULA,Mata Atlântica
 1716948587 ,5fe012ad-3e54-3074-91c9-adc96ae2569e,  -29.226430 ,  -50.587660 ,2024-09-02 18:06:00,Brasil,RIO GRANDE DO SUL,SÃO FRANCISCO DE PAULA,Mata Atlântica
 1716948588 ,e5c972b5-911e-3db1-936b-1d0c448e41ce,  -29.197640 ,  -50.415120 ,2024-09-02 18:06:00,Brasil,RIO GRANDE DO SUL,SÃO FRANCISCO DE PAULA,Mata Atlântica
 1716948589 ,6e56043e-5d08-37c5-aab1-84bffce2646c,  -29.190170 ,  -50.983860 ,2024-09-02 18:06:00,Brasil,RIO GRANDE DO SUL,CAXIAS DO SUL,Mata Atlântica
 1716948590 ,690e0810-cefb-335a-b597-74874b231385,  -29.184330 ,  -50.991660 ,2024-09-02 18:06:00,Brasil,RIO GRANDE DO SUL,CAXIAS DO SUL,Mata Atlântica
 1716948591 ,38d85bc2-afbe-3968-ac00-5b41301897f6,  -29.177840 ,  -50.791130 ,2024-09-02 18:06:00,Brasil,RIO GRANDE DO SUL,SÃO FRANCISCO DE PAULA,Mata Atlântica
 1716948592 ,687545ce-d66c-3b1a-b48b-94287461a668,  -29.176000 ,  -50.779970 ,2024-09-02 18:06:00,Brasil,RIO GRANDE DO SUL,SÃO FRANCISCO DE PAULA,Mata Atlântica
 1716948593 ,9efb2b23-2a23-3f20-8068-df17c2dcc7ef,  -29.157460 ,  -50.667280 ,2024-09-02 18:06:00,Brasil,RIO GRANDE DO SUL,SÃO FRANCISCO DE PAULA,Mata Atlântica
 1716948594 ,bd2765b4-ba57-3383-bc82-99416bd033c8,  -29.155600 ,  -50.656040 ,2024-09-02 18:06:00,Brasil,RIO GRANDE DO SUL,SÃO FRANCISCO DE PAULA,Mata Atlântica
 1716948595 ,31049363-09f3-3f0d-9c6a-9684f7b0f658,  -29.136360 ,  -50.422230 ,2024-09-02 18:06:00,Brasil,RIO GRANDE DO SUL,SÃO FRANCISCO DE PAULA,Mata Atlântica
 1716948596 ,6b516df7-cd55-3cf0-95b7-5616ccb332f0,  -29.134430 ,  -50.410610 ,2024-09-02 18:06:00,Brasil,RIO GRANDE DO SUL,SÃO FRANCISCO DE PAULA,Mata Atlântica
 1716948597 ,4e2d7f52-5c32-3465-b15c-d84622cf1802,  -29.124670 ,  -50.681030 ,2024-09-02 18:06:00,Brasil,RIO GRANDE DO SUL,SÃO FRANCISCO DE PAULA,Mata Atlântica
 1716948598 ,470d28b9-afb7-3c8f-9f38-5a34ca7fcf34,  -29.115310 ,  -50.683070 ,2024-09-02 18:06:00,Brasil,RIO GRANDE DO SUL,SÃO FRANCISCO DE PAULA,Mata Atlântica
 1716948599 ,6e6b4db3-6575-3b42-9596-10f1de93d249,  -29.107980 ,  -50.518840 ,2024-09-02 18:06:00,Brasil,RIO GRANDE DO SUL,SÃO FRANCISCO DE PAULA,Mata Atlântica
 1716948600 ,23dabf68-db2f-3871-ba68-9a724574b9c0,  -29.055030 ,  -50.434800 ,2024-09-02 18:06:00,Brasil,RIO GRANDE DO SUL,JAQUIRANA,Mata Atlântica
 1716948601 ,91c9c98d-ce48-3042-a4c3-7c166ad1d42d,  -29.040160 ,  -50.522040 ,2024-09-02 18:06:00,Brasil,RIO GRANDE DO SUL,SÃO FRANCISCO DE PAULA,Mata Atlântica
 1716948602 ,35a2a3b8-5c9b-3030-9635-3923ed07a8a1,  -29.001100 ,  -50.782700 ,2024-09-02 18:06:00,Brasil,RIO GRANDE DO SUL,SÃO FRANCISCO DE PAULA,Mata Atlântica
 1716948603 ,6974dd3a-5484-3109-b005-b5c7060400f2,  -28.999270 ,  -50.771510 ,2024-09-02 18:06:00,Brasil,RIO GRANDE DO SUL,SÃO FRANCISCO DE PAULA,Mata Atlântica
 1716948604 ,facef0a1-ee03-3449-9ca4-47ae9da9a3c9,  -28.980530 ,  -50.933230 ,2024-09-02 18:06:00,Brasil,RIO GRANDE DO SUL,CAXIAS DO SUL,Mata Atlântica
 1716948605 ,8a6a45a5-f7ef-367a-8c6b-507dcd2c9f32,  -28.978740 ,  -50.922150 ,2024-09-02 18:06:00,Brasil,RIO GRANDE DO SUL,CAXIAS DO SUL,Mata Atlântica
 1716948606 ,0eef8bc7-558b-3b1b-bd77-5796942b502a,  -28.940370 ,  -50.744560 ,2024-09-02 18:06:00,Brasil,RIO GRANDE DO SUL,SÃO FRANCISCO DE PAULA,Mata Atlântica
 1716948607 ,942a201d-1db5-376d-a1e1-1b6715264ce3,  -28.940040 ,  -50.861230 ,2024-09-02 18:06:00,Brasil,RIO GRANDE DO SUL,CAXIAS DO SUL,Mata Atlântica
 1716948608 ,3d2948c2-3a2b-335a-a64f-29757160a9e1,  -28.938540 ,  -50.733330 ,2024-09-02 18:06:00,Brasil,RIO GRANDE DO SUL,SÃO FRANCISCO DE PAULA,Mata Atlântica
 1716948609 ,8986d6ad-c96e-3fe6-b679-d2f2f2b9ac6e,  -28.935950 ,  -50.954250 ,2024-09-02 18:06:00,Brasil,RIO GRANDE DO SUL,CAXIAS DO SUL,Mata Atlântica
 1716948610 ,6ae045e8-a251-3e77-8208-1bcfbe26e1b1,  -28.904920 ,  -50.705570 ,2024-09-02 18:06:00,Brasil,RIO GRANDE DO SUL,SÃO FRANCISCO DE PAULA,Mata Atlântica
 1716948611 ,9134c3f5-676e-3483-839c-c2d49d87ecf4,  -28.901160 ,  -50.682670 ,2024-09-02 18:06:00,Brasil,RIO GRANDE DO SUL,SÃO FRANCISCO DE PAULA,Mata Atlântica
 1716948612 ,13ab0d33-b2e0-3176-b2d4-89dc4e95a58a,  -28.890240 ,  -50.293700 ,2024-09-02 18:06:00,Brasil,RIO GRANDE DO SUL,JAQUIRANA,Mata Atlântica
 1716948613 ,77db899d-e921-3875-b8be-3f6156ce09d1,  -28.631040 ,  -50.605460 ,2024-09-02 18:06:00,Brasil,RIO GRANDE DO SUL,BOM JESUS,Mata Atlântica
 1716948614 ,7a180f60-bb69-3f0d-9988-bcb19db0e668,  -28.588830 ,  -50.409850 ,2024-09-02 18:06:00,Brasil,RIO GRANDE DO SUL,BOM JESUS,Mata Atlântica
 1716948615 ,a8b9aa58-6bf0-3fec-8c1f-92939860f4ec,  -28.522080 ,  -50.190430 ,2024-09-02 18:06:00,Brasil,RIO GRANDE DO SUL,BOM JESUS,Mata Atlântica
 1716948616 ,938a969e-7f3f-3ca9-af1e-06592a4d2993,  -28.500120 ,  -50.496470 ,2024-09-02 18:06:00,Brasil,RIO GRANDE DO SUL,BOM JESUS,Mata Atlântica
 1716948617 ,e92fb40a-2260-35c4-bd53-94b27a57c2ad,  -28.498170 ,  -50.484760 ,2024-09-02 18:06:00,Brasil,RIO GRANDE DO SUL,BOM JESUS,Mata Atlântica
 1716948618 ,766641c3-6d0a-3421-80df-7c4d847e0390,  -28.479420 ,  -50.194300 ,2024-09-02 18:06:00,Brasil,RIO GRANDE DO SUL,BOM JESUS,Mata Atlântica
 1716948619 ,a710703f-c862-3d57-a317-b69c3c78d2c7,  -28.461790 ,  -50.701420 ,2024-09-02 18:06:00,Brasil,RIO GRANDE DO SUL,BOM JESUS,Mata Atlântica
 1716948620 ,bcdd9cc9-c521-3dff-b3ef-ee6c5fe6762c,  -28.452360 ,  -50.703410 ,2024-09-02 18:06:00,Brasil,RIO GRANDE DO SUL,BOM JESUS,Mata Atlântica
 1716948621 ,7ed24171-5d55-3dac-baec-39a5092c3053,  -28.444620 ,  -50.950930 ,2024-09-02 18:06:00,Brasil,RIO GRANDE DO SUL,VACARIA,Mata Atlântica
 1716948622 ,5fb8bd31-8033-3bd3-bbda-01453474489d,  -28.441050 ,  -50.694000 ,2024-09-02 18:06:00,Brasil,RIO GRANDE DO SUL,BOM JESUS,Mata Atlântica
 1716948624 ,d64350b8-19d7-336d-90e5-c6c9acb486bb,  -28.361560 ,  -50.658700 ,2024-09-02 18:06:00,Brasil,RIO GRANDE DO SUL,BOM JESUS,Mata Atlântica
 1716948628 ,f78ead75-aaac-33ed-a51d-d917275fa85b,  -29.814640 ,  -51.533610 ,2024-09-02 18:06:00,Brasil,RIO GRANDE DO SUL,TRIUNFO,Pampa
 1716948629 ,2c2e6d5f-2407-3795-bbb3-97f561abd5a8,  -29.804780 ,  -51.590300 ,2024-09-02 18:06:00,Brasil,RIO GRANDE DO SUL,TRIUNFO,Pampa
 1716948699 ,112a8893-71c8-38c7-bc2c-bc6b927962fd,  -29.217050 ,  -52.517680 ,2024-09-02 18:06:00,Brasil,RIO GRANDE DO SUL,BARROS CASSAL,Mata Atlântica
 1716949118 ,bec72e8c-bb08-3eb8-b4a0-cae08cefa2b6,  -29.581360 ,  -55.266970 ,2024-09-02 18:06:00,Brasil,RIO GRANDE DO SUL,SÃO FRANCISCO DE ASSIS,Pampa
 1716949119 ,964c09b8-f41f-30b4-b647-afefca8b9cda,  -29.579900 ,  -55.255600 ,2024-09-02 18:06:00,Brasil,RIO GRANDE DO SUL,SÃO FRANCISCO DE ASSIS,Pampa
 1716949120 ,84b6ef23-6d75-398b-93c0-f2da15bb7256,  -29.498670 ,  -55.332900 ,2024-09-02 18:06:00,Brasil,RIO GRANDE DO SUL,SÃO FRANCISCO DE ASSIS,Pampa
 1716949121 ,3677e61d-f59a-3784-9596-abe72a02a9e0,  -28.750520 ,  -55.008960 ,2024-09-02 18:06:00,Brasil,RIO GRANDE DO SUL,BOSSOROCA,Pampa
 1717417106 ,08eb2838-1a6d-31f4-9bb8-7643915b99ed,  -29.472740 ,  -55.760480 ,2024-09-03 18:47:00,Brasil,RIO GRANDE DO SUL,ALEGRETE,Pampa
 1717417086 ,83f3223f-e6b5-3c11-8fc5-e58cf63f9947,  -29.439450 ,  -51.216480 ,2024-09-03 18:47:00,Brasil,RIO GRANDE DO SUL,LINHA NOVA,Mata Atlântica
 1717417087 ,00275200-93a6-3023-bb8d-8ee3b23c57ff,  -29.424790 ,  -51.213950 ,2024-09-03 18:47:00,Brasil,RIO GRANDE DO SUL,LINHA NOVA,Mata Atlântica
 1717417088 ,0f750261-08c8-3473-a096-380a3ace1e58,  -31.132120 ,  -53.070530 ,2024-09-03 18:47:00,Brasil,RIO GRANDE DO SUL,PIRATINI,Pampa
 1717417089 ,4ddb3aee-4709-312f-9ed5-f5089dd6ddfa,  -31.130670 ,  -53.066140 ,2024-09-03 18:47:00,Brasil,RIO GRANDE DO SUL,PIRATINI,Pampa
 1717417090 ,31a1fb4c-20d5-3172-9798-97a3935691c6,  -31.117620 ,  -53.074780 ,2024-09-03 18:47:00,Brasil,RIO GRANDE DO SUL,PIRATINI,Pampa
 1717417091 ,3ac6430b-6e3a-31ed-a961-df7e91dc1833,  -31.116180 ,  -53.070370 ,2024-09-03 18:47:00,Brasil,RIO GRANDE DO SUL,PIRATINI,Pampa
 1717417094 ,aae89c13-0723-3679-8d14-3f3b2b80653e,  -30.186460 ,  -55.020900 ,2024-09-03 18:47:00,Brasil,RIO GRANDE DO SUL,ROSÁRIO DO SUL,Pampa
 1717417095 ,73d1a408-ec3a-3c13-b8e4-5bd232a9dc7e,  -30.181400 ,  -54.996680 ,2024-09-03 18:47:00,Brasil,RIO GRANDE DO SUL,ROSÁRIO DO SUL,Pampa
 1718510209 ,82d8e2e3-8f7a-337c-bced-55311fc15082,  -28.550850 ,  -50.384080 ,2024-09-06 17:32:00,Brasil,RIO GRANDE DO SUL,BOM JESUS,Mata Atlântica
 1718510548 ,b72ec205-7be5-3c8d-afe5-71188902c301,  -31.094180 ,  -53.062200 ,2024-09-06 17:32:00,Brasil,RIO GRANDE DO SUL,PIRATINI,Pampa
 1718510546 ,34c85518-f1ee-3291-ac09-b0f5cf669195,  -30.443770 ,  -52.589380 ,2024-09-06 17:32:00,Brasil,RIO GRANDE DO SUL,ENCRUZILHADA DO SUL,Pampa
 1718510547 ,c903c72b-5e38-3a4d-a5cf-e7803611bd0a,  -30.439990 ,  -52.596800 ,2024-09-06 17:32:00,Brasil,RIO GRANDE DO SUL,ENCRUZILHADA DO SUL,Pampa
 1718512683 ,c406fbbb-0cd2-3d04-831f-874fa7db3243,  -29.401580 ,  -50.290180 ,2024-09-06 17:32:00,Brasil,RIO GRANDE DO SUL,SÃO FRANCISCO DE PAULA,Mata Atlântica
 1718512684 ,f49e5fdb-f69b-37ed-8cd2-b5f527ff98f2,  -29.399730 ,  -50.271080 ,2024-09-06 17:32:00,Brasil,RIO GRANDE DO SUL,SÃO FRANCISCO DE PAULA,Mata Atlântica
 1718512685 ,10583d4b-ceed-3fa8-ad4e-922dd2e67b09,  -29.396340 ,  -50.295830 ,2024-09-06 17:32:00,Brasil,RIO GRANDE DO SUL,SÃO FRANCISCO DE PAULA,Mata Atlântica
 1718512686 ,bc676ce6-5478-30fb-b686-d95bf023968d,  -29.394380 ,  -50.276840 ,2024-09-06 17:32:00,Brasil,RIO GRANDE DO SUL,SÃO FRANCISCO DE PAULA,Mata Atlântica
 1718900206 ,00bda6ef-4a1b-35a1-921b-c3d19ef9fa3e,  -29.413680 ,  -53.884410 ,2024-09-07 18:11:00,Brasil,RIO GRANDE DO SUL,SÃO MARTINHO DA SERRA,Pampa
 1718900207 ,1bfb11d9-cc43-3c88-bc12-ce6aeecc1cbf,  -30.311640 ,  -54.683030 ,2024-09-07 18:11:00,Brasil,RIO GRANDE DO SUL,SÃO GABRIEL,Pampa
 1718900487 ,3fdaafcf-0966-3f2f-96ae-6c5fd5c67a0f,  -30.368670 ,  -56.131530 ,2024-09-07 18:11:00,Brasil,RIO GRANDE DO SUL,QUARAÍ,Pampa
 1718904146 ,cbf15011-b65c-3686-b8cd-4a6f32f8330c,  -28.614650 ,  -50.191270 ,2024-09-07 18:11:00,Brasil,RIO GRANDE DO SUL,BOM JESUS,Mata Atlântica
 1718904199 ,4fb8a4b9-308f-373c-9ace-fd0b5e8fa899,  -27.931950 ,  -51.132620 ,2024-09-07 18:11:00,Brasil,RIO GRANDE DO SUL,PINHAL DA SERRA,Mata Atlântica
 1718904202 ,1a1a8ef9-56f1-3982-980b-c7433a4f7875,  -28.609410 ,  -50.643000 ,2024-09-07 18:11:00,Brasil,RIO GRANDE DO SUL,BOM JESUS,Mata Atlântica
 1718904203 ,4e6b19ed-47d9-3fd5-9d6b-d58286a68d95,  -28.607050 ,  -50.629700 ,2024-09-07 18:11:00,Brasil,RIO GRANDE DO SUL,BOM JESUS,Mata Atlântica
 1718904204 ,0d405eb6-73cc-3ec3-a17b-b830db54ea44,  -28.469250 ,  -50.782230 ,2024-09-07 18:11:00,Brasil,RIO GRANDE DO SUL,VACARIA,Mata Atlântica
 1718904205 ,f5f8ce34-e818-3525-9863-f3213feeff5e,  -28.189840 ,  -50.950580 ,2024-09-07 18:11:00,Brasil,RIO GRANDE DO SUL,VACARIA,Mata Atlântica
 1718904206 ,be90c087-7b85-3267-9117-defc25a319e1,  -28.187880 ,  -50.945350 ,2024-09-07 18:11:00,Brasil,RIO GRANDE DO SUL,VACARIA,Mata Atlântica
 1718904345 ,de6352c8-b4f7-348b-9645-3e252525d4f4,  -27.853110 ,  -51.626290 ,2024-09-07 18:11:00,Brasil,RIO GRANDE DO SUL,CACIQUE DOBLE,Mata Atlântica
 1718904346 ,58703593-06e6-33bd-b246-1868becc5ab3,  -29.058530 ,  -52.773330 ,2024-09-07 18:11:00,Brasil,RIO GRANDE DO SUL,SOLEDADE,Mata Atlântica
 1719325201 ,9ab287f9-3504-3676-b97a-7ea3beb8af1b,  -29.935610 ,  -55.456710 ,2024-09-08 18:51:00,Brasil,RIO GRANDE DO SUL,ALEGRETE,Pampa
 1719325202 ,5f5fd70a-4783-3c0e-b3fe-d8282618906b,  -29.929760 ,  -55.429020 ,2024-09-08 18:51:00,Brasil,RIO GRANDE DO SUL,ALEGRETE,Pampa
 1719668715 ,a38f77e4-d277-3ce1-8f01-d5c324820796,  -27.645930 ,  -51.672810 ,2024-09-09 17:54:00,Brasil,RIO GRANDE DO SUL,MACHADINHO,Mata Atlântica
 1719669517 ,8c487e9c-31fe-35be-b897-78ecdb8213fb,  -27.184980 ,  -53.372150 ,2024-09-09 17:54:00,Brasil,RIO GRANDE DO SUL,VICENTE DUTRA,Mata Atlântica
 1719669518 ,e3fde5e4-e05c-3cfb-afd2-02fb743ce3f3,  -27.183520 ,  -53.360170 ,2024-09-09 17:54:00,Brasil,RIO GRANDE DO SUL,VICENTE DUTRA,Mata Atlântica
 1719669519 ,6458c1b7-b362-3f13-b22d-7c888b697a90,  -27.181610 ,  -53.366990 ,2024-09-09 17:54:00,Brasil,RIO GRANDE DO SUL,VICENTE DUTRA,Mata Atlântica
 1719673572 ,863594d0-029e-3139-bdae-58ea88380f39,  -28.654410 ,  -49.941220 ,2024-09-09 17:54:00,Brasil,RIO GRANDE DO SUL,SÃO JOSÉ DOS AUSENTES,Mata Atlântica
 1719673573 ,94d46181-b8e9-36c7-8359-ceb2afa4ab99,  -28.652940 ,  -49.931140 ,2024-09-09 17:54:00,Brasil,RIO GRANDE DO SUL,SÃO JOSÉ DOS AUSENTES,Mata Atlântica
 1719673574 ,bfa5506a-3a9f-3abe-83d4-127e35f5379d,  -28.592720 ,  -50.020770 ,2024-09-09 17:54:00,Brasil,RIO GRANDE DO SUL,SÃO JOSÉ DOS AUSENTES,Mata Atlântica
 1719673805 ,a7296032-ef9b-38a0-bc51-a7fcc5d59ca9,  -27.963890 ,  -51.443390 ,2024-09-09 17:54:00,Brasil,RIO GRANDE DO SUL,LAGOA VERMELHA,Mata Atlântica
 1719673806 ,9602bddf-2c78-3ef9-a1fd-80fba5fc1d7b,  -27.962480 ,  -51.433020 ,2024-09-09 17:54:00,Brasil,RIO GRANDE DO SUL,LAGOA VERMELHA,Mata Atlântica
 1719673822 ,68f61630-fa35-3484-a69a-f2a225c225f1,  -29.038440 ,  -50.694920 ,2024-09-09 17:54:00,Brasil,RIO GRANDE DO SUL,SÃO FRANCISCO DE PAULA,Mata Atlântica
 1719673823 ,d4eef48d-3889-36aa-872a-a0cdbc9b49e5,  -29.037020 ,  -50.684650 ,2024-09-09 17:54:00,Brasil,RIO GRANDE DO SUL,SÃO FRANCISCO DE PAULA,Mata Atlântica
 1719673824 ,a3dc8ce8-b965-3b8d-a67c-2b24bc810297,  -28.633210 ,  -50.365480 ,2024-09-09 17:54:00,Brasil,RIO GRANDE DO SUL,BOM JESUS,Mata Atlântica
 1719673825 ,1b398c4a-6b6b-3985-8723-0f039ceadc9b,  -28.605530 ,  -50.235790 ,2024-09-09 17:54:00,Brasil,RIO GRANDE DO SUL,BOM JESUS,Mata Atlântica
 1719673826 ,ea40fdf4-45f7-3119-97db-f423b4c64ef4,  -28.594170 ,  -50.420760 ,2024-09-09 17:54:00,Brasil,RIO GRANDE DO SUL,BOM JESUS,Mata Atlântica
 1719673827 ,b8401ca7-50a5-3f72-8fd2-01b43686cabf,  -28.585260 ,  -50.422410 ,2024-09-09 17:54:00,Brasil,RIO GRANDE DO SUL,BOM JESUS,Mata Atlântica
 1719673828 ,1a1f8c65-f32f-30f0-8581-2a912bbe5d52,  -28.556830 ,  -50.479630 ,2024-09-09 17:54:00,Brasil,RIO GRANDE DO SUL,BOM JESUS,Mata Atlântica
 1719673829 ,215bc7d2-2b27-3d38-a251-713033eaebcd,  -28.469920 ,  -50.778690 ,2024-09-09 17:54:00,Brasil,RIO GRANDE DO SUL,VACARIA,Mata Atlântica
 1719673830 ,0039b393-c98a-3c18-bf08-ce3747466cfd,  -28.374690 ,  -50.687010 ,2024-09-09 17:54:00,Brasil,RIO GRANDE DO SUL,BOM JESUS,Mata Atlântica
 1719673831 ,350992b5-1687-3e4e-9192-837e730b1b02,  -28.370390 ,  -50.656600 ,2024-09-09 17:54:00,Brasil,RIO GRANDE DO SUL,BOM JESUS,Mata Atlântica
 1719673832 ,9eaecb98-2de0-3402-8439-1b7cc0719da1,  -29.764830 ,  -52.017920 ,2024-09-09 17:54:00,Brasil,RIO GRANDE DO SUL,GENERAL CÂMARA,Pampa
 1719673833 ,c444dde0-fc8e-3b3c-8c6b-1966c8d8f39f,  -29.633210 ,  -51.212860 ,2024-09-09 17:54:00,Brasil,RIO GRANDE DO SUL,ESTÂNCIA VELHA,Mata Atlântica
 1720046392 ,2e331574-c95f-3df4-bbe9-7164962f5326,  -29.131800 ,  -52.020500 ,2024-09-10 18:34:00,Brasil,RIO GRANDE DO SUL,RELVADO,Mata Atlântica
 1720046394 ,e7dcdadc-1748-3785-a574-94ddde67fc1e,  -29.137000 ,  -52.045060 ,2024-09-10 18:34:00,Brasil,RIO GRANDE DO SUL,RELVADO,Mata Atlântica
 1720134620 ,0bdba030-2edc-3e83-ae7e-e42df21f4808,  -29.136240 ,  -52.027230 ,2024-09-10 18:34:00,Brasil,RIO GRANDE DO SUL,RELVADO,Mata Atlântica
 1720134664 ,ee3dfa1f-6c3d-3e4f-85b3-a0d75cadb1c1,  -29.050610 ,  -54.508160 ,2024-09-10 18:34:00,Brasil,RIO GRANDE DO SUL,CAPÃO DO CIPÓ,Pampa
 1720134752 ,aebba542-9f3d-3c27-9c50-f9f6d2d4332f,  -28.809510 ,  -55.607960 ,2024-09-10 18:34:00,Brasil,RIO GRANDE DO SUL,SÃO BORJA,Pampa
 1720134751 ,4168d809-9461-3dfc-9365-52f6e0fce0b9,  -29.368650 ,  -55.746800 ,2024-09-10 18:34:00,Brasil,RIO GRANDE DO SUL,MANOEL VIANA,Pampa
 1720134753 ,abf71f0b-2c3a-3b8b-a37c-15dc01fc9099,  -28.806990 ,  -55.593680 ,2024-09-10 18:34:00,Brasil,RIO GRANDE DO SUL,SÃO BORJA,Pampa
 1720134754 ,3e0d3d38-614e-3304-a606-e04ffafe8fce,  -28.802800 ,  -55.604040 ,2024-09-10 18:34:00,Brasil,RIO GRANDE DO SUL,SÃO BORJA,Pampa
 1720134755 ,b8b38356-ae7f-372a-9b4a-69f5867dd85a,  -28.800200 ,  -55.589830 ,2024-09-10 18:34:00,Brasil,RIO GRANDE DO SUL,SÃO BORJA,Pampa
 1720134756 ,90a14537-197b-3ded-82b5-7a295de23493,  -28.799070 ,  -55.610440 ,2024-09-10 18:34:00,Brasil,RIO GRANDE DO SUL,SÃO BORJA,Pampa
 1720134757 ,a8f479ae-b2f0-3d3a-aaf8-baee40437404,  -28.796550 ,  -55.596200 ,2024-09-10 18:34:00,Brasil,RIO GRANDE DO SUL,SÃO BORJA,Pampa
 1717727411 ,dd19fac6-8ff9-3c3b-8441-cc07114eaf8c,  -28.454710 ,  -50.798430 ,2024-09-04 17:49:00,Brasil,RIO GRANDE DO SUL,VACARIA,Mata Atlântica
 1717727413 ,9ff84ed5-16d5-3e3d-8307-c3bc3b2d1278,  -28.371810 ,  -50.942650 ,2024-09-04 17:49:00,Brasil,RIO GRANDE DO SUL,VACARIA,Mata Atlântica
 1717727414 ,ca7519ff-8ec0-3625-8b53-bc6164cd5160,  -28.370370 ,  -50.931610 ,2024-09-04 17:49:00,Brasil,RIO GRANDE DO SUL,VACARIA,Mata Atlântica
 1717727415 ,aaddb2bc-2c78-3c84-8f35-331873a932c4,  -28.622940 ,  -50.278220 ,2024-09-04 17:49:00,Brasil,RIO GRANDE DO SUL,BOM JESUS,Mata Atlântica
 1717727416 ,b6302e62-93f2-394a-8b99-74521c485087,  -28.618860 ,  -50.387730 ,2024-09-04 17:49:00,Brasil,RIO GRANDE DO SUL,BOM JESUS,Mata Atlântica
 1717727417 ,62884636-b45f-399b-b92e-ae79ad1fe17a,  -28.602060 ,  -50.385420 ,2024-09-04 17:49:00,Brasil,RIO GRANDE DO SUL,BOM JESUS,Mata Atlântica
 1717727418 ,2f7599af-16b8-3328-88c8-fd4ca72589c4,  -28.598650 ,  -50.429560 ,2024-09-04 17:49:00,Brasil,RIO GRANDE DO SUL,BOM JESUS,Mata Atlântica
 1717727419 ,ebb217eb-3ce0-33dc-9ac2-e2a666a360d6,  -28.597220 ,  -50.418930 ,2024-09-04 17:49:00,Brasil,RIO GRANDE DO SUL,BOM JESUS,Mata Atlântica
 1717728924 ,c06d9e54-e927-3eed-b641-0c703df9cb46,  -29.039190 ,  -50.224720 ,2024-09-04 17:49:00,Brasil,RIO GRANDE DO SUL,CAMBARÁ DO SUL,Mata Atlântica
 1717728925 ,a3fa5f3d-2965-387f-827d-aff7cc57cc40,  -28.906570 ,  -50.058010 ,2024-09-04 17:49:00,Brasil,RIO GRANDE DO SUL,CAMBARÁ DO SUL,Mata Atlântica
 1717728926 ,24aebb1e-e1e0-3ba0-a383-24c81467b964,  -28.905140 ,  -50.047490 ,2024-09-04 17:49:00,Brasil,RIO GRANDE DO SUL,CAMBARÁ DO SUL,Mata Atlântica
 1717728927 ,09bc6268-b1a4-3d93-ac0b-40add91b1eb2,  -28.889850 ,  -50.071700 ,2024-09-04 17:49:00,Brasil,RIO GRANDE DO SUL,CAMBARÁ DO SUL,Mata Atlântica
 1717728928 ,80dc2cbb-0675-3f03-be99-5e2ea127d0f5,  -28.747210 ,  -49.974710 ,2024-09-04 17:49:00,Brasil,RIO GRANDE DO SUL,SÃO JOSÉ DOS AUSENTES,Mata Atlântica
 1717728929 ,2cca4f64-cd2a-3506-af53-e5cd04eed797,  -28.697260 ,  -50.074940 ,2024-09-04 17:49:00,Brasil,RIO GRANDE DO SUL,SÃO JOSÉ DOS AUSENTES,Mata Atlântica
 1717728930 ,9fe91db7-fe99-3f64-a161-5eedb1f79d70,  -28.695850 ,  -50.064490 ,2024-09-04 17:49:00,Brasil,RIO GRANDE DO SUL,SÃO JOSÉ DOS AUSENTES,Mata Atlântica
 1717728931 ,adb6e36f-808f-384c-aefe-20dd595b9727,  -28.691130 ,  -49.894430 ,2024-09-04 17:49:00,Brasil,RIO GRANDE DO SUL,SÃO JOSÉ DOS AUSENTES,Mata Atlântica
 1718115653 ,5b2617af-9927-35de-95a3-8af55997209f,  -32.330880 ,  -53.580280 ,2024-09-05 18:28:00,Brasil,RIO GRANDE DO SUL,JAGUARÃO,Pampa
 1718115654 ,a46b31b8-8f4a-390c-82d2-6742f913e6b2,  -32.328290 ,  -53.565960 ,2024-09-05 18:28:00,Brasil,RIO GRANDE DO SUL,JAGUARÃO,Pampa
 1718115655 ,6ba86abd-9f05-3e4b-afb3-f2edd2b03e30,  -32.320610 ,  -53.582810 ,2024-09-05 18:28:00,Brasil,RIO GRANDE DO SUL,JAGUARÃO,Pampa
 1718115656 ,6fd408a6-b882-3f48-b831-4aadc951a0cc,  -31.110330 ,  -53.069540 ,2024-09-05 18:28:00,Brasil,RIO GRANDE DO SUL,PIRATINI,Pampa
 1718115657 ,2896afa1-b03a-3a8c-a81a-20a90a160095,  -31.107290 ,  -53.053410 ,2024-09-05 18:28:00,Brasil,RIO GRANDE DO SUL,PIRATINI,Pampa
 1697391794 ,ea7acd25-613e-3b1c-9c09-b1cb900eb415,  -29.767560 ,  -54.693750 ,2024-07-06 18:11:00,Brasil,RIO GRANDE DO SUL,SÃO VICENTE DO SUL,Pampa
 1700446391 ,77e12029-388c-3b3b-8acc-c3d3b5f256b8,  -29.097240 ,  -50.175320 ,2024-07-18 18:09:00,Brasil,RIO GRANDE DO SUL,CAMBARÁ DO SUL,Mata Atlântica
 1700446402 ,73c45d4b-28d6-3985-b215-2b7195b92751,  -28.556010 ,  -50.501920 ,2024-07-18 18:09:00,Brasil,RIO GRANDE DO SUL,BOM JESUS,Mata Atlântica
 1700446420 ,933c1698-dca9-3586-9183-51729827c5a6,  -29.082650 ,  -52.772770 ,2024-07-18 18:09:00,Brasil,RIO GRANDE DO SUL,SOLEDADE,Mata Atlântica
 1700446421 ,eafc8b98-7f55-3e50-a445-27ad84ec391c,  -29.080930 ,  -52.761940 ,2024-07-18 18:09:00,Brasil,RIO GRANDE DO SUL,SOLEDADE,Mata Atlântica
 1700446422 ,863f4d87-c62c-3ddc-999b-db0b5f06b1eb,  -30.803630 ,  -52.668130 ,2024-07-18 18:09:00,Brasil,RIO GRANDE DO SUL,ENCRUZILHADA DO SUL,Pampa
 1700446423 ,7a25be74-adde-34ef-aa42-82accd64beb8,  -30.705940 ,  -53.598850 ,2024-07-18 18:09:00,Brasil,RIO GRANDE DO SUL,CAÇAPAVA DO SUL,Pampa
 1700446424 ,cf2b73f9-602a-30ab-ae6d-a053587745ac,  -30.554180 ,  -52.729360 ,2024-07-18 18:09:00,Brasil,RIO GRANDE DO SUL,ENCRUZILHADA DO SUL,Pampa
 1700446425 ,d1173d41-be4f-34cc-bf47-cec9584b1bef,  -30.523010 ,  -52.769450 ,2024-07-18 18:09:00,Brasil,RIO GRANDE DO SUL,ENCRUZILHADA DO SUL,Pampa
 1700446426 ,b105ca0f-36ed-326c-bbee-8551019523a6,  -30.521320 ,  -52.758750 ,2024-07-18 18:09:00,Brasil,RIO GRANDE DO SUL,ENCRUZILHADA DO SUL,Pampa
 1700446427 ,bc6f2b98-e430-3605-9592-da64194e79a7,  -32.059510 ,  -52.848510 ,2024-07-18 18:09:00,Brasil,RIO GRANDE DO SUL,ARROIO GRANDE,Pampa
 1700446428 ,c1c7e6a5-8957-3801-bbc7-a6da043cd4b4,  -31.165710 ,  -53.100250 ,2024-07-18 18:09:00,Brasil,RIO GRANDE DO SUL,PIRATINI,Pampa
 1700446429 ,8814c71c-c4eb-3959-aa38-a04b4cec6dfc,  -31.164100 ,  -53.089740 ,2024-07-18 18:09:00,Brasil,RIO GRANDE DO SUL,PIRATINI,Pampa
 1700446457 ,9274ad25-a0d4-3e0c-8e31-25ec38fad594,  -29.463760 ,  -53.987850 ,2024-07-18 18:09:00,Brasil,RIO GRANDE DO SUL,SÃO MARTINHO DA SERRA,Pampa
 1700446458 ,e28a75ed-2dcb-31ab-b3cc-67814d1d213c,  -29.462230 ,  -53.977630 ,2024-07-18 18:09:00,Brasil,RIO GRANDE DO SUL,SÃO MARTINHO DA SERRA,Pampa
 1700446459 ,5ded3cf6-c4bf-3bed-bdc6-0d1a434d84b9,  -29.459420 ,  -54.020280 ,2024-07-18 18:09:00,Brasil,RIO GRANDE DO SUL,SÃO MARTINHO DA SERRA,Pampa
 1700446460 ,ad2e33e5-b60d-3ecd-b3d6-399010c946d9,  -28.749370 ,  -54.641070 ,2024-07-18 18:09:00,Brasil,RIO GRANDE DO SUL,CAPÃO DO CIPÓ,Pampa
 1700446461 ,58e78599-6999-3540-a201-8bdc11a9e3b2,  -31.262280 ,  -54.244660 ,2024-07-18 18:09:00,Brasil,RIO GRANDE DO SUL,BAGÉ,Pampa
 1700446462 ,556c8a95-818a-38c0-9002-94617d826786,  -31.260780 ,  -54.234270 ,2024-07-18 18:09:00,Brasil,RIO GRANDE DO SUL,BAGÉ,Pampa
 1700446508 ,8209362e-dbc7-3f1f-b7f0-dee1cac440b2,  -28.812890 ,  -55.274640 ,2024-07-18 18:09:00,Brasil,RIO GRANDE DO SUL,ITACURUBI,Pampa
 1700446509 ,b58d64a1-8516-3c6c-b3bf-877e51c6f5c1,  -28.811450 ,  -55.264450 ,2024-07-18 18:09:00,Brasil,RIO GRANDE DO SUL,ITACURUBI,Pampa
 1702617259 ,c984d24a-f950-3f65-89d8-6ae13fe9789e,  -28.069270 ,  -51.680290 ,2024-07-25 17:58:00,Brasil,RIO GRANDE DO SUL,SANANDUVA,Mata Atlântica
 1702617260 ,145eaa8b-968b-393a-8033-2cb681eee700,  -28.067770 ,  -51.670220 ,2024-07-25 17:58:00,Brasil,RIO GRANDE DO SUL,SANANDUVA,Mata Atlântica
 1702617261 ,c653db37-d094-3fde-9455-06b00be10018,  -27.812910 ,  -52.006030 ,2024-07-25 17:58:00,Brasil,RIO GRANDE DO SUL,CENTENÁRIO,Mata Atlântica
 1702617262 ,267073a2-fdb2-3c67-b5a8-ce60a11d1940,  -29.320950 ,  -53.378740 ,2024-07-25 17:58:00,Brasil,RIO GRANDE DO SUL,PINHAL GRANDE,Mata Atlântica
 1702617263 ,718b142d-c685-34a8-b6d4-1026877967ef,  -29.261550 ,  -52.542120 ,2024-07-25 17:58:00,Brasil,RIO GRANDE DO SUL,GRAMADO XAVIER,Mata Atlântica
 1702617264 ,2dae4b56-f7b1-332e-9716-682630312e2f,  -29.252600 ,  -52.543760 ,2024-07-25 17:58:00,Brasil,RIO GRANDE DO SUL,GRAMADO XAVIER,Mata Atlântica
 1702617265 ,3907f261-327f-3881-b66f-74126a6c5129,  -29.251150 ,  -52.533490 ,2024-07-25 17:58:00,Brasil,RIO GRANDE DO SUL,GRAMADO XAVIER,Mata Atlântica
 1702617266 ,5ab6f3be-4ab3-39f8-8f67-3be61b4a22c0,  -29.194260 ,  -52.261200 ,2024-07-25 17:58:00,Brasil,RIO GRANDE DO SUL,POUSO NOVO,Mata Atlântica
 1702617267 ,ab5b18db-2db8-3a18-a602-2397309fe5cb,  -29.193910 ,  -52.649650 ,2024-07-25 17:58:00,Brasil,RIO GRANDE DO SUL,BARROS CASSAL,Mata Atlântica
 1702617268 ,ca80e7e7-5318-3ec8-ab9c-2851ca59cd28,  -29.186240 ,  -52.656800 ,2024-07-25 17:58:00,Brasil,RIO GRANDE DO SUL,BARROS CASSAL,Mata Atlântica
 1702617269 ,118e0d54-3c6c-316c-9d84-79cea179924a,  -29.184800 ,  -52.646480 ,2024-07-25 17:58:00,Brasil,RIO GRANDE DO SUL,BARROS CASSAL,Mata Atlântica
 1702617270 ,1ac242d4-d277-3ac6-8136-2f8a99c4e185,  -29.167160 ,  -52.586390 ,2024-07-25 17:58:00,Brasil,RIO GRANDE DO SUL,BARROS CASSAL,Mata Atlântica
 1702617271 ,33bc677b-b0ea-35fb-a034-521ef337aa28,  -29.152500 ,  -52.811080 ,2024-07-25 17:58:00,Brasil,RIO GRANDE DO SUL,LAGOÃO,Mata Atlântica
 1702617272 ,5743ede4-2726-39d5-9fa4-cf26f6da0b11,  -29.151060 ,  -52.800700 ,2024-07-25 17:58:00,Brasil,RIO GRANDE DO SUL,LAGOÃO,Mata Atlântica
 1702617273 ,b79f3e13-f5d4-3466-ace3-7920ac3cb575,  -29.108310 ,  -52.429220 ,2024-07-25 17:58:00,Brasil,RIO GRANDE DO SUL,FONTOURA XAVIER,Mata Atlântica
 1702617274 ,36b1ed06-a7dd-3586-8a8a-9dc66ec84c66,  -29.078900 ,  -52.682810 ,2024-07-25 17:58:00,Brasil,RIO GRANDE DO SUL,BARROS CASSAL,Mata Atlântica
 1702617275 ,4b5f88fd-162b-384a-b5b0-f529c1dc60bf,  -28.967640 ,  -52.284290 ,2024-07-25 17:58:00,Brasil,RIO GRANDE DO SUL,FONTOURA XAVIER,Mata Atlântica
 1702617276 ,6a686982-4684-32be-ad35-a788b80ad297,  -28.869980 ,  -52.701830 ,2024-07-25 17:58:00,Brasil,RIO GRANDE DO SUL,SOLEDADE,Mata Atlântica
 1702617277 ,91d868a7-6b85-32d1-9217-f0e96a2f720d,  -28.868550 ,  -52.691600 ,2024-07-25 17:58:00,Brasil,RIO GRANDE DO SUL,SOLEDADE,Mata Atlântica
 1702617278 ,459316d1-cc6a-3d50-a403-7aa3e699699d,  -28.859590 ,  -52.693270 ,2024-07-25 17:58:00,Brasil,RIO GRANDE DO SUL,SOLEDADE,Mata Atlântica
 1702617319 ,f15c6d17-c9dd-30b7-a66e-017a14d8969b,  -27.375700 ,  -53.064900 ,2024-07-25 17:58:00,Brasil,RIO GRANDE DO SUL,PLANALTO,Mata Atlântica
 1702617320 ,887073ec-3bf4-3717-bbef-ff77e2cd72e5,  -29.498830 ,  -53.958250 ,2024-07-25 17:58:00,Brasil,RIO GRANDE DO SUL,SÃO MARTINHO DA SERRA,Pampa
 1702617321 ,8ec6ca4c-6905-3d83-a00c-b18fd0ede6da,  -29.185460 ,  -53.961940 ,2024-07-25 17:58:00,Brasil,RIO GRANDE DO SUL,QUEVEDOS,Pampa
 1702617322 ,6d8e3819-b47f-350b-8412-70ce17b891c0,  -29.066850 ,  -53.606330 ,2024-07-25 17:58:00,Brasil,RIO GRANDE DO SUL,JÚLIO DE CASTILHOS,Pampa
 1702617323 ,8c9641b9-8ae7-349e-aa8f-db94294958a5,  -28.880560 ,  -54.372700 ,2024-07-25 17:58:00,Brasil,RIO GRANDE DO SUL,SÃO MIGUEL DAS MISSÕES,Pampa
 1702617324 ,2ea8a537-acc2-3a64-a494-518c37509064,  -29.493240 ,  -54.063790 ,2024-07-25 17:58:00,Brasil,RIO GRANDE DO SUL,SÃO MARTINHO DA SERRA,Mata Atlântica
 1702617325 ,a082cdcf-d644-3530-9691-be3440a87e49,  -29.924810 ,  -54.504600 ,2024-07-25 17:58:00,Brasil,RIO GRANDE DO SUL,CACEQUI,Pampa
 1702617358 ,4fbc01ec-fb0a-3e78-b5c4-48c8e4e415ef,  -28.814410 ,  -56.260030 ,2024-07-25 17:58:00,Brasil,RIO GRANDE DO SUL,SÃO BORJA,Pampa
 1702617359 ,93d8d46d-8656-31d7-af39-3644b2d594c4,  -29.633070 ,  -56.617340 ,2024-07-25 17:58:00,Brasil,RIO GRANDE DO SUL,URUGUAIANA,Pampa
 1702618884 ,c2491ea9-68e2-3157-bbd5-d44b03b289ee,  -29.234400 ,  -50.195280 ,2024-07-25 17:58:00,Brasil,RIO GRANDE DO SUL,CAMBARÁ DO SUL,Mata Atlântica
 1702618885 ,30448bbd-957e-3984-82ff-29244c2a3233,  -29.131590 ,  -50.244300 ,2024-07-25 17:58:00,Brasil,RIO GRANDE DO SUL,CAMBARÁ DO SUL,Mata Atlântica
 1702618886 ,3f8f38f6-ad04-3053-a9bd-900b3e3180b7,  -29.122490 ,  -50.246210 ,2024-07-25 17:58:00,Brasil,RIO GRANDE DO SUL,CAMBARÁ DO SUL,Mata Atlântica
 1702618887 ,9f93d7b8-86ec-3989-b54e-aff0798917c4,  -29.007830 ,  -50.110840 ,2024-07-25 17:58:00,Brasil,RIO GRANDE DO SUL,CAMBARÁ DO SUL,Mata Atlântica
 1702618888 ,00f1d404-4db5-3c37-9ef3-06d68053ae86,  -28.995660 ,  -50.035080 ,2024-07-25 17:58:00,Brasil,RIO GRANDE DO SUL,CAMBARÁ DO SUL,Mata Atlântica
 1702618889 ,3d3c63f0-de6a-3a81-9a80-f8c13976499e,  -28.993930 ,  -50.024320 ,2024-07-25 17:58:00,Brasil,RIO GRANDE DO SUL,CAMBARÁ DO SUL,Mata Atlântica
 1702618890 ,c4e5d43a-da8d-3c44-90d1-2ec17930e582,  -28.924450 ,  -50.222280 ,2024-07-25 17:58:00,Brasil,RIO GRANDE DO SUL,JAQUIRANA,Mata Atlântica
 1702618891 ,1535ee54-d382-36ca-9623-cb9b965a9bea,  -28.870850 ,  -50.174130 ,2024-07-25 17:58:00,Brasil,RIO GRANDE DO SUL,CAMBARÁ DO SUL,Mata Atlântica
 1702618892 ,dedcb034-ed5f-3a68-977e-7169fa39dee2,  -28.790370 ,  -49.967760 ,2024-07-25 17:58:00,Brasil,RIO GRANDE DO SUL,SÃO JOSÉ DOS AUSENTES,Mata Atlântica
 1702618893 ,cc001b90-7553-37ab-8bc0-e286607db248,  -28.785320 ,  -49.974490 ,2024-07-25 17:58:00,Brasil,RIO GRANDE DO SUL,SÃO JOSÉ DOS AUSENTES,Mata Atlântica
 1702618894 ,b9881074-f8ec-301d-b7d1-0c0aaf50e9f9,  -28.604840 ,  -50.002010 ,2024-07-25 17:58:00,Brasil,RIO GRANDE DO SUL,SÃO JOSÉ DOS AUSENTES,Mata Atlântica
 1702618895 ,d6d3f94f-ff37-3b99-b89a-c9c554833af4,  -28.565780 ,  -50.055340 ,2024-07-25 17:58:00,Brasil,RIO GRANDE DO SUL,BOM JESUS,Mata Atlântica
 1702618898 ,12f9ce48-3748-38a5-9873-641564c187d3,  -28.556580 ,  -50.057220 ,2024-07-25 17:58:00,Brasil,RIO GRANDE DO SUL,BOM JESUS,Mata Atlântica
 1702618899 ,2a3a234b-87b7-3d9d-a749-4300dd838065,  -28.545640 ,  -50.048340 ,2024-07-25 17:58:00,Brasil,RIO GRANDE DO SUL,SÃO JOSÉ DOS AUSENTES,Mata Atlântica
 1702618900 ,ce60042f-b222-3b8e-9226-1f7ca26e0400,  -28.543880 ,  -50.037450 ,2024-07-25 17:58:00,Brasil,RIO GRANDE DO SUL,SÃO JOSÉ DOS AUSENTES,Mata Atlântica
 1702618901 ,b8c453c5-9eb0-39f6-9309-956d94446e32,  -28.497140 ,  -49.808570 ,2024-07-25 17:58:00,Brasil,RIO GRANDE DO SUL,SÃO JOSÉ DOS AUSENTES,Mata Atlântica
 1702618902 ,e52d811e-b3d5-32ab-815f-968368dc2b00,  -28.495310 ,  -49.797400 ,2024-07-25 17:58:00,Brasil,RIO GRANDE DO SUL,SÃO JOSÉ DOS AUSENTES,Mata Atlântica
 1702618903 ,d89007df-9657-362c-94e1-162df7d8ce1a,  -28.464440 ,  -50.004100 ,2024-07-25 17:58:00,Brasil,RIO GRANDE DO SUL,SÃO JOSÉ DOS AUSENTES,Mata Atlântica
 1702618916 ,a1f3c974-f9cc-32be-ba7e-188e32c8a512,  -29.845620 ,  -50.380060 ,2024-07-25 17:58:00,Brasil,RIO GRANDE DO SUL,CARAÁ,Mata Atlântica
 1702619017 ,f2d0af82-8ec9-3d18-9a6c-0145a2f130a9,  -28.061890 ,  -51.207400 ,2024-07-25 17:58:00,Brasil,RIO GRANDE DO SUL,ESMERALDA,Mata Atlântica
 1702619021 ,bb4db8c2-9734-39a8-8244-5e149b87e884,  -27.819770 ,  -51.188740 ,2024-07-25 17:58:00,Brasil,RIO GRANDE DO SUL,PINHAL DA SERRA,Mata Atlântica
 1702619022 ,60265cdc-9cda-3d38-86a2-54a68d9b94b5,  -29.401210 ,  -51.402580 ,2024-07-25 17:58:00,Brasil,RIO GRANDE DO SUL,BARÃO,Mata Atlântica
 1702619024 ,eb6a0f8f-6b25-3d0f-a01c-83ecd18bccd9,  -29.279920 ,  -50.664550 ,2024-07-25 17:58:00,Brasil,RIO GRANDE DO SUL,SÃO FRANCISCO DE PAULA,Mata Atlântica
 1702619025 ,bb7634cf-96dc-3c6f-8106-7327580b157a,  -29.082440 ,  -50.754900 ,2024-07-25 17:58:00,Brasil,RIO GRANDE DO SUL,SÃO FRANCISCO DE PAULA,Mata Atlântica
 1702619026 ,d36e5c8c-e6d1-326a-9288-3679cba68d0d,  -29.072410 ,  -50.810370 ,2024-07-25 17:58:00,Brasil,RIO GRANDE DO SUL,SÃO FRANCISCO DE PAULA,Mata Atlântica
 1702619027 ,32dde31a-0344-3cec-81a5-cf13f94f4bbc,  -29.048070 ,  -50.772460 ,2024-07-25 17:58:00,Brasil,RIO GRANDE DO SUL,SÃO FRANCISCO DE PAULA,Mata Atlântica
 1702619028 ,1e247a89-9d42-3117-ba4a-e9963a0318b8,  -28.940340 ,  -50.736820 ,2024-07-25 17:58:00,Brasil,RIO GRANDE DO SUL,SÃO FRANCISCO DE PAULA,Mata Atlântica
 1702619029 ,d77c7abd-6980-3952-bf4d-5e7b20a4ba71,  -28.937750 ,  -50.780080 ,2024-07-25 17:58:00,Brasil,RIO GRANDE DO SUL,SÃO FRANCISCO DE PAULA,Mata Atlântica
 1702619030 ,7927b979-e11e-3163-85ac-3ee07d7c9b6c,  -28.934830 ,  -50.641340 ,2024-07-25 17:58:00,Brasil,RIO GRANDE DO SUL,SÃO FRANCISCO DE PAULA,Mata Atlântica
 1702619031 ,179255bb-3142-325e-b9fa-d483b470c11b,  -28.917230 ,  -51.002800 ,2024-07-25 17:58:00,Brasil,RIO GRANDE DO SUL,CAXIAS DO SUL,Mata Atlântica
 1702619032 ,4df10a38-18d4-376e-b7a8-6d79956f384e,  -28.914630 ,  -51.350510 ,2024-07-25 17:58:00,Brasil,RIO GRANDE DO SUL,ANTÔNIO PRADO,Mata Atlântica
 1702619033 ,e36712ca-57cb-3aa6-9240-2048f4601289,  -28.913090 ,  -51.340330 ,2024-07-25 17:58:00,Brasil,RIO GRANDE DO SUL,ANTÔNIO PRADO,Mata Atlântica
 1702619034 ,904ae5d6-7c20-362f-9dd6-6e46d27dd1f6,  -28.706790 ,  -50.834070 ,2024-07-25 17:58:00,Brasil,RIO GRANDE DO SUL,MONTE ALEGRE DOS CAMPOS,Mata Atlântica
 1702619035 ,3620d2d6-67d5-39f5-b66b-ba8389abc782,  -28.705210 ,  -50.823770 ,2024-07-25 17:58:00,Brasil,RIO GRANDE DO SUL,MONTE ALEGRE DOS CAMPOS,Mata Atlântica
 1702619036 ,031bdf7e-06d5-3ee5-85b2-33f38f8eb293,  -28.392810 ,  -50.659180 ,2024-07-25 17:58:00,Brasil,RIO GRANDE DO SUL,BOM JESUS,Mata Atlântica
 1702619037 ,c2e93a1a-520a-33b5-9759-7ed84bcea1f8,  -28.391160 ,  -50.648610 ,2024-07-25 17:58:00,Brasil,RIO GRANDE DO SUL,BOM JESUS,Mata Atlântica
 1702619038 ,04dc9410-ce8a-3088-ad6e-a0826274dbc4,  -28.370570 ,  -50.695950 ,2024-07-25 17:58:00,Brasil,RIO GRANDE DO SUL,BOM JESUS,Mata Atlântica
 1702619039 ,1a4a506a-36b3-3659-9bc2-48976b4d5f00,  -28.361530 ,  -50.697760 ,2024-07-25 17:58:00,Brasil,RIO GRANDE DO SUL,BOM JESUS,Mata Atlântica
 1702619040 ,a7c7f2f7-34c6-3cd9-b150-bbfd4fa7d70e,  -28.345800 ,  -50.706650 ,2024-07-25 17:58:00,Brasil,RIO GRANDE DO SUL,BOM JESUS,Mata Atlântica
 1702619041 ,ba6e3b63-c4b1-318b-9fda-52b0917a9082,  -28.344200 ,  -50.696240 ,2024-07-25 17:58:00,Brasil,RIO GRANDE DO SUL,BOM JESUS,Mata Atlântica
 1702619042 ,607e72fa-c876-3eed-9b55-877e7213d436,  -28.189360 ,  -50.889730 ,2024-07-25 17:58:00,Brasil,RIO GRANDE DO SUL,VACARIA,Mata Atlântica
 1702619043 ,a2e10d17-b3be-3403-8286-00446c597185,  -28.149100 ,  -50.929650 ,2024-07-25 17:58:00,Brasil,RIO GRANDE DO SUL,VACARIA,Mata Atlântica
 1702619047 ,e3ab7c7c-31eb-3808-8b42-d57d1c120568,  -29.205220 ,  -50.534760 ,2024-07-25 17:58:00,Brasil,RIO GRANDE DO SUL,SÃO FRANCISCO DE PAULA,Mata Atlântica
 1702619048 ,c7ebcf65-46a6-320b-8904-7e6c30e90508,  -29.039750 ,  -50.418030 ,2024-07-25 17:58:00,Brasil,RIO GRANDE DO SUL,JAQUIRANA,Mata Atlântica
 1702619049 ,51ef688c-7f67-303c-8ca1-951b82e83f1d,  -28.993660 ,  -50.482010 ,2024-07-25 17:58:00,Brasil,RIO GRANDE DO SUL,SÃO FRANCISCO DE PAULA,Mata Atlântica
 1702619050 ,795d63b1-e567-3510-b7e2-7f9c459a9f73,  -28.992010 ,  -50.471450 ,2024-07-25 17:58:00,Brasil,RIO GRANDE DO SUL,SÃO FRANCISCO DE PAULA,Mata Atlântica
 1702619051 ,da0ad593-69c1-38e7-b4fb-6d1da04c91e0,  -28.968930 ,  -50.443530 ,2024-07-25 17:58:00,Brasil,RIO GRANDE DO SUL,JAQUIRANA,Mata Atlântica
 1702619052 ,be139c45-45e5-3dd8-b388-cfb43fc33b0e,  -28.951520 ,  -50.392540 ,2024-07-25 17:58:00,Brasil,RIO GRANDE DO SUL,JAQUIRANA,Mata Atlântica
 1702619053 ,7dea997f-6deb-3f3b-b6d2-753b5bc3b895,  -28.918500 ,  -50.416890 ,2024-07-25 17:58:00,Brasil,RIO GRANDE DO SUL,JAQUIRANA,Mata Atlântica
 1702619054 ,e2101463-af78-3eea-95c5-9393a213667f,  -28.916850 ,  -50.406280 ,2024-07-25 17:58:00,Brasil,RIO GRANDE DO SUL,JAQUIRANA,Mata Atlântica
 1702619055 ,ead0b78d-930e-3ad8-8b6f-37ed4dd681e5,  -28.778510 ,  -50.407820 ,2024-07-25 17:58:00,Brasil,RIO GRANDE DO SUL,BOM JESUS,Mata Atlântica
 1702619056 ,ec98e83f-f625-3f85-9985-a71fa83eb6e4,  -28.714080 ,  -50.351380 ,2024-07-25 17:58:00,Brasil,RIO GRANDE DO SUL,BOM JESUS,Mata Atlântica
 1702619057 ,004d64e9-b3e5-3232-b427-3185fb59c088,  -28.677010 ,  -50.413840 ,2024-07-25 17:58:00,Brasil,RIO GRANDE DO SUL,BOM JESUS,Mata Atlântica
 1702619058 ,d1bfb72b-72d5-3fac-8634-4a5d36a3629b,  -28.668260 ,  -50.464870 ,2024-07-25 17:58:00,Brasil,RIO GRANDE DO SUL,BOM JESUS,Mata Atlântica
 1702619059 ,d37c35ee-dcc8-3077-b503-eba429b504a3,  -28.666620 ,  -50.454410 ,2024-07-25 17:58:00,Brasil,RIO GRANDE DO SUL,BOM JESUS,Mata Atlântica
 1702619060 ,9c994106-c086-318c-8369-e71dc62e3d7a,  -28.611240 ,  -50.400320 ,2024-07-25 17:58:00,Brasil,RIO GRANDE DO SUL,BOM JESUS,Mata Atlântica
 1702619061 ,64b7d791-961b-39f4-92a1-1f3d380545b8,  -28.459800 ,  -50.552490 ,2024-07-25 17:58:00,Brasil,RIO GRANDE DO SUL,BOM JESUS,Mata Atlântica
 1702619069 ,ec286bdc-7833-3384-ae8c-451337bdb8b5,  -30.390270 ,  -52.123820 ,2024-07-25 17:58:00,Brasil,RIO GRANDE DO SUL,BUTIÁ,Pampa
 1702619070 ,235b71d9-5dba-3eba-b63c-af61bc02c86e,  -30.248220 ,  -51.643290 ,2024-07-25 17:58:00,Brasil,RIO GRANDE DO SUL,MARIANA PIMENTEL,Pampa
 1702619071 ,d954afa5-e511-377a-945a-9049b2f8777b,  -30.122690 ,  -51.606310 ,2024-07-25 17:58:00,Brasil,RIO GRANDE DO SUL,ELDORADO DO SUL,Pampa
 1702619072 ,1f1ae9d2-55ab-3ccb-a9d2-3b79a1ac0d51,  -29.745590 ,  -51.735650 ,2024-07-25 17:58:00,Brasil,RIO GRANDE DO SUL,TAQUARI,Pampa
 1702619073 ,f277521a-13ca-343d-8e23-f1dfe95e3794,  -29.657820 ,  -51.644030 ,2024-07-25 17:58:00,Brasil,RIO GRANDE DO SUL,TRIUNFO,Pampa
 1702619074 ,0f5d01c2-c05d-36ef-aae9-22b4890b10ea,  -29.656330 ,  -51.633830 ,2024-07-25 17:58:00,Brasil,RIO GRANDE DO SUL,TRIUNFO,Pampa
 1702619075 ,b135bb6e-a428-3425-9bbd-40695eb1c85d,  -29.590090 ,  -51.247600 ,2024-07-25 17:58:00,Brasil,RIO GRANDE DO SUL,PORTÃO,Mata Atlântica
 1702619076 ,50fc3d8c-7d4a-3dcf-baab-8c8c2899664d,  -29.530690 ,  -51.911310 ,2024-07-25 17:58:00,Brasil,RIO GRANDE DO SUL,ESTRELA,Mata Atlântica
 1711768035 ,a4ae64bc-8c28-3a03-887d-33b9116b1791,  -29.077840 ,  -50.137670 ,2024-08-19 18:30:00,Brasil,RIO GRANDE DO SUL,CAMBARÁ DO SUL,Mata Atlântica
 1711768053 ,13faaef4-03ab-38a8-8c0d-389ffd1f1801,  -28.762350 ,  -50.403000 ,2024-08-19 18:30:00,Brasil,RIO GRANDE DO SUL,BOM JESUS,Mata Atlântica
 1695727666 ,141a2e2a-ed0f-35a2-a871-05d8cf2cb119,  -30.817160 ,  -52.672720 ,2024-06-29 18:21:00,Brasil,RIO GRANDE DO SUL,ENCRUZILHADA DO SUL,Pampa
 1721997120 ,2e326b49-1386-3ed5-95f2-af8915312a56,  -29.282210 ,  -55.674400 ,2024-09-15 18:38:00,Brasil,RIO GRANDE DO SUL,ITAQUI,Pampa
 1721997121 ,7cb05fe8-3962-38b9-b70d-a24603b200a5,  -29.279130 ,  -55.657920 ,2024-09-15 18:38:00,Brasil,RIO GRANDE DO SUL,ITAQUI,Pampa
 1722657533 ,ebf1a126-3039-32aa-b751-217157f1e818,  -29.065250 ,  -50.225110 ,2024-09-17 18:21:00,Brasil,RIO GRANDE DO SUL,JAQUIRANA,Mata Atlântica
 1722657534 ,1ca4d38a-fb85-31af-af4e-514464083b7e,  -28.543050 ,  -50.154520 ,2024-09-17 18:21:00,Brasil,RIO GRANDE DO SUL,BOM JESUS,Mata Atlântica
 1722657537 ,a98ba7e9-f8e2-3544-a25c-fd24c9652931,  -29.184220 ,  -50.390760 ,2024-09-17 18:21:00,Brasil,RIO GRANDE DO SUL,SÃO FRANCISCO DE PAULA,Mata Atlântica
 1722657538 ,4d7bf910-9561-3f66-a6e2-f4cf54ec221c,  -29.082870 ,  -50.594840 ,2024-09-17 18:21:00,Brasil,RIO GRANDE DO SUL,SÃO FRANCISCO DE PAULA,Mata Atlântica
 1722657539 ,8c20f6b6-0bd2-3034-8bcf-d6b5205297d4,  -29.079440 ,  -51.003790 ,2024-09-17 18:21:00,Brasil,RIO GRANDE DO SUL,CAXIAS DO SUL,Mata Atlântica
 1722657540 ,c29e450c-2a9c-397f-9e4c-8a899fe0a474,  -28.526010 ,  -50.322260 ,2024-09-17 18:21:00,Brasil,RIO GRANDE DO SUL,BOM JESUS,Mata Atlântica
 1722657541 ,d786f5c4-7abb-3c88-bd77-c8cab80fc1f8,  -28.522060 ,  -50.302500 ,2024-09-17 18:21:00,Brasil,RIO GRANDE DO SUL,BOM JESUS,Mata Atlântica
 1722657542 ,449f9af8-f830-346d-ba79-42cb885a08e5,  -28.519050 ,  -50.309190 ,2024-09-17 18:21:00,Brasil,RIO GRANDE DO SUL,BOM JESUS,Mata Atlântica
 1722657547 ,dee2f5cd-4414-37b7-9757-9d585b5daf90,  -27.669740 ,  -52.538050 ,2024-09-17 18:21:00,Brasil,RIO GRANDE DO SUL,PONTE PRETA,Mata Atlântica
 1722657553 ,99fd48ad-2d0f-3623-8b85-eb03c52c5e5e,  -30.920000 ,  -52.491300 ,2024-09-17 18:21:00,Brasil,RIO GRANDE DO SUL,ENCRUZILHADA DO SUL,Pampa
 1722657554 ,0cbc3ebf-352c-34b2-a67f-10f39cc6ecf6,  -30.473460 ,  -53.006940 ,2024-09-17 18:21:00,Brasil,RIO GRANDE DO SUL,CACHOEIRA DO SUL,Pampa
 1722657555 ,a59acf9e-2c49-32d2-bbb4-801de03a9846,  -30.349500 ,  -52.234730 ,2024-09-17 18:21:00,Brasil,RIO GRANDE DO SUL,PANTANO GRANDE,Pampa
 1722657556 ,500cd8fb-cba9-3abb-a586-e1927e75725a,  -31.185270 ,  -53.561670 ,2024-09-17 18:21:00,Brasil,RIO GRANDE DO SUL,BAGÉ,Pampa
 1722657557 ,8d019f93-0eaa-322f-b8fb-dd8fa7944d4d,  -31.100760 ,  -53.061520 ,2024-09-17 18:21:00,Brasil,RIO GRANDE DO SUL,PIRATINI,Pampa
 1722657599 ,18634e36-a681-3999-8b24-6bb8d5bc9962,  -28.096210 ,  -54.583540 ,2024-09-17 18:21:00,Brasil,RIO GRANDE DO SUL,GUARANI DAS MISSÕES,Mata Atlântica
 1722657735 ,98ee6dfe-1200-3a88-8995-14586a271141,  -29.797060 ,  -56.258280 ,2024-09-17 18:21:00,Brasil,RIO GRANDE DO SUL,ALEGRETE,Pampa
 1722657732 ,1fc866f5-8fe9-3d76-ae49-2e159bbda3d9,  -29.151450 ,  -55.042290 ,2024-09-17 18:21:00,Brasil,RIO GRANDE DO SUL,SANTIAGO,Pampa
 1722657733 ,16cc891a-6dc8-3edd-acfe-e0db73eb7c8a,  -29.149790 ,  -55.031710 ,2024-09-17 18:21:00,Brasil,RIO GRANDE DO SUL,SANTIAGO,Pampa
 1722657734 ,962e2938-7ee6-32d1-abc6-71437b596f22,  -29.798560 ,  -56.268490 ,2024-09-17 18:21:00,Brasil,RIO GRANDE DO SUL,ALEGRETE,Pampa
 1724075971 ,f82fc629-e858-3073-8461-063dbc31c967,  -29.018830 ,  -50.821950 ,2024-09-22 18:26:00,Brasil,RIO GRANDE DO SUL,CAXIAS DO SUL,Mata Atlântica
 1724574569 ,78711281-11b3-305a-b146-95eef328826b,  -28.591680 ,  -54.464790 ,2024-09-24 18:09:00,Brasil,RIO GRANDE DO SUL,SÃO MIGUEL DAS MISSÕES,Pampa
 1725295033 ,a0fd54bf-7016-315d-8cf2-2448d723e778,  -27.320330 ,  -52.528560 ,2024-09-28 17:34:00,Brasil,RIO GRANDE DO SUL,ITATIBA DO SUL,Mata Atlântica
 1726604257 ,22ca44e2-eb83-31db-8cbc-a26551f1e367,  -31.113020 ,  -53.067680 ,2024-10-04 18:17:00,Brasil,RIO GRANDE DO SUL,PIRATINI,Pampa
 1726604258 ,afafaec2-adca-36f4-996b-dcd007e82a0a,  -31.103920 ,  -53.069590 ,2024-10-04 18:17:00,Brasil,RIO GRANDE DO SUL,PIRATINI,Pampa
 1726604259 ,0b4f4f13-254c-3b9d-affa-caa112d642c5,  -31.102210 ,  -53.058720 ,2024-10-04 18:17:00,Brasil,RIO GRANDE DO SUL,PIRATINI,Pampa
 1726604279 ,a6089888-1a1d-315e-bd73-acca250dd4cf,  -29.582120 ,  -54.336070 ,2024-10-04 18:17:00,Brasil,RIO GRANDE DO SUL,SÃO PEDRO DO SUL,Pampa
 1726604280 ,6677e7f8-7c03-3422-98f5-f99d91a8f42e,  -29.580560 ,  -54.325790 ,2024-10-04 18:17:00,Brasil,RIO GRANDE DO SUL,SÃO PEDRO DO SUL,Pampa
 1727004880 ,9c8e85d5-8c78-3343-a82f-89908c8613c1,  -30.405540 ,  -51.688760 ,2024-10-06 17:58:00,Brasil,RIO GRANDE DO SUL,BARÃO DO TRIUNFO,Pampa
 1727004881 ,4683f3c8-6f41-3598-af81-7f05a1d0b84c,  -29.313500 ,  -51.170900 ,2024-10-06 18:00:00,Brasil,RIO GRANDE DO SUL,CAXIAS DO SUL,Mata Atlântica
 1727004882 ,ae5a71d4-998b-3bfe-a487-7ba0b56e4f11,  -29.363930 ,  -51.196830 ,2024-10-06 18:00:00,Brasil,RIO GRANDE DO SUL,NOVA PETRÓPOLIS,Mata Atlântica
 1727004883 ,fc454fc9-4b4a-355f-94b3-1cc020341ab6,  -29.436660 ,  -50.935780 ,2024-10-06 18:00:00,Brasil,RIO GRANDE DO SUL,SANTA MARIA DO HERVAL,Mata Atlântica
 1727004884 ,cc34580e-7588-3108-a56b-5872877ad844,  -29.537500 ,  -51.385030 ,2024-10-06 18:00:00,Brasil,RIO GRANDE DO SUL,HARMONIA,Mata Atlântica
 1725901521 ,cb174a8b-0643-30d1-9e1b-a9a7dc291273,  -28.842290 ,  -53.927950 ,2024-10-01 17:56:00,Brasil,RIO GRANDE DO SUL,JÓIA,Pampa
 1725901545 ,519e4d9c-256e-37c0-8a12-833e974c8ed8,  -28.822790 ,  -55.279040 ,2024-10-01 17:56:00,Brasil,RIO GRANDE DO SUL,ITACURUBI,Pampa
 1726184503 ,887bf7bf-c335-382c-8897-23977ff14ef3,  -29.211560 ,  -55.882580 ,2024-10-02 18:36:00,Brasil,RIO GRANDE DO SUL,ITAQUI,Pampa
 1720429473 ,731bebda-c256-33c4-84ea-f7b68af4da90,  -29.396470 ,  -50.314550 ,2024-09-11 17:37:00,Brasil,RIO GRANDE DO SUL,SÃO FRANCISCO DE PAULA,Mata Atlântica
 1720429474 ,3fe8b378-fa74-353b-a157-ad9e2713f1a1,  -29.395650 ,  -50.319890 ,2024-09-11 17:37:00,Brasil,RIO GRANDE DO SUL,SÃO FRANCISCO DE PAULA,Mata Atlântica
 1720429475 ,a2082ba4-8bf6-3ee6-a1cb-6b19a850441a,  -29.394820 ,  -50.298920 ,2024-09-11 17:37:00,Brasil,RIO GRANDE DO SUL,SÃO FRANCISCO DE PAULA,Mata Atlântica
 1720429476 ,40012db0-af80-3a1a-a7d1-01a84f653d78,  -29.393900 ,  -50.304300 ,2024-09-11 17:37:00,Brasil,RIO GRANDE DO SUL,SÃO FRANCISCO DE PAULA,Mata Atlântica
 1720429477 ,bde3b587-5124-38b1-b932-90cd107c7991,  -29.358640 ,  -50.389540 ,2024-09-11 17:37:00,Brasil,RIO GRANDE DO SUL,SÃO FRANCISCO DE PAULA,Mata Atlântica
 1720429478 ,8a23516b-e839-303d-a748-bd290afd0cb8,  -29.263960 ,  -50.361550 ,2024-09-11 17:37:00,Brasil,RIO GRANDE DO SUL,SÃO FRANCISCO DE PAULA,Mata Atlântica
 1720429479 ,d4b142c1-5253-315a-95a4-f01f0ec6f6cb,  -29.023510 ,  -50.233600 ,2024-09-11 17:37:00,Brasil,RIO GRANDE DO SUL,JAQUIRANA,Mata Atlântica
 1720429480 ,fcfed253-e3b7-3e1b-8e7c-28a2dcfc8a30,  -29.021700 ,  -50.239110 ,2024-09-11 17:37:00,Brasil,RIO GRANDE DO SUL,CAMBARÁ DO SUL,Mata Atlântica
 1720429481 ,86205146-412f-3b72-8850-0c8bb0178542,  -29.019940 ,  -50.223560 ,2024-09-11 17:37:00,Brasil,RIO GRANDE DO SUL,CAMBARÁ DO SUL,Mata Atlântica
 1720429482 ,c549cca0-2c12-37ac-a23e-e5da45435763,  -28.898750 ,  -50.061650 ,2024-09-11 17:37:00,Brasil,RIO GRANDE DO SUL,CAMBARÁ DO SUL,Mata Atlântica
 1720429485 ,4e466b0a-7905-3b7e-8bc2-5258e34ad8c0,  -28.668670 ,  -50.121660 ,2024-09-11 17:37:00,Brasil,RIO GRANDE DO SUL,BOM JESUS,Mata Atlântica
 1720429501 ,fa55b8c5-8d1a-338a-b739-9c4faf120b8a,  -29.745150 ,  -50.283920 ,2024-09-11 17:37:00,Brasil,RIO GRANDE DO SUL,CARAÁ,Mata Atlântica
 1720429502 ,95459fd9-f98a-356f-a6c5-3efff40fa9f0,  -29.743320 ,  -50.267390 ,2024-09-11 17:37:00,Brasil,RIO GRANDE DO SUL,CARAÁ,Mata Atlântica
 1720429598 ,a620897b-0527-3257-9987-8f069dd57750,  -27.961450 ,  -51.257060 ,2024-09-11 17:37:00,Brasil,RIO GRANDE DO SUL,ESMERALDA,Mata Atlântica
 1720429599 ,6893e07b-9f7c-32e2-a576-4ebcef404703,  -27.959550 ,  -51.239890 ,2024-09-11 17:37:00,Brasil,RIO GRANDE DO SUL,PINHAL DA SERRA,Mata Atlântica
 1720429600 ,b9ace4ff-ede6-3a6d-9830-9978ddc31acc,  -27.959210 ,  -51.250320 ,2024-09-11 17:37:00,Brasil,RIO GRANDE DO SUL,ESMERALDA,Mata Atlântica
 1720429625 ,b812ad71-6f91-3636-9f78-b3fa001f1996,  -29.532270 ,  -50.520700 ,2024-09-11 17:37:00,Brasil,RIO GRANDE DO SUL,SÃO FRANCISCO DE PAULA,Mata Atlântica
 1720429626 ,e706b362-1066-38ec-95af-642f51da18c1,  -29.521000 ,  -50.521260 ,2024-09-11 17:37:00,Brasil,RIO GRANDE DO SUL,SÃO FRANCISCO DE PAULA,Mata Atlântica
 1720429627 ,4de94a8c-4b56-3709-8095-267bbc42f58f,  -29.386010 ,  -50.434890 ,2024-09-11 17:37:00,Brasil,RIO GRANDE DO SUL,SÃO FRANCISCO DE PAULA,Mata Atlântica
 1720429629 ,c95c3b1e-29fb-3b57-a383-fc2477731bc9,  -29.295480 ,  -50.653920 ,2024-09-11 17:37:00,Brasil,RIO GRANDE DO SUL,SÃO FRANCISCO DE PAULA,Mata Atlântica
 1720429630 ,3bbede03-c8f6-3d4f-a28f-d31721f9ffb3,  -29.233430 ,  -50.500370 ,2024-09-11 17:37:00,Brasil,RIO GRANDE DO SUL,SÃO FRANCISCO DE PAULA,Mata Atlântica
 1720429631 ,1445cbc5-47de-36c9-a075-76c9e52d0003,  -29.027990 ,  -50.809600 ,2024-09-11 17:37:00,Brasil,RIO GRANDE DO SUL,CAXIAS DO SUL,Mata Atlântica
 1720429632 ,54de77c7-91a8-3d10-816f-0e16dc1476b0,  -28.955110 ,  -50.877560 ,2024-09-11 17:37:00,Brasil,RIO GRANDE DO SUL,CAXIAS DO SUL,Mata Atlântica
 1720429633 ,a3beb48d-b641-3819-beda-e1f72441007c,  -28.953300 ,  -50.860490 ,2024-09-11 17:37:00,Brasil,RIO GRANDE DO SUL,CAXIAS DO SUL,Mata Atlântica
 1720429637 ,ddb9a9a6-bf0b-3bad-8f1f-c3cd334aae3f,  -28.649910 ,  -50.473010 ,2024-09-11 17:37:00,Brasil,RIO GRANDE DO SUL,BOM JESUS,Mata Atlântica
 1720429639 ,4c898467-0b18-3186-be93-ad614d258ebe,  -28.576120 ,  -50.635430 ,2024-09-11 17:37:00,Brasil,RIO GRANDE DO SUL,BOM JESUS,Mata Atlântica
 1720429640 ,8125cc04-2f06-3a9b-83c4-b48155daaadd,  -28.500980 ,  -51.213250 ,2024-09-11 17:37:00,Brasil,RIO GRANDE DO SUL,MUITOS CAPÕES,Mata Atlântica
 1720429641 ,6f3542a0-61a9-311a-9dbb-ae2d2b3cda4b,  -28.472280 ,  -50.415740 ,2024-09-11 17:37:00,Brasil,RIO GRANDE DO SUL,BOM JESUS,Mata Atlântica
 1720429643 ,791feea2-4062-33c2-91c0-84358c4d6caf,  -28.383490 ,  -50.643010 ,2024-09-11 17:37:00,Brasil,RIO GRANDE DO SUL,BOM JESUS,Mata Atlântica
 1720429646 ,df3e3633-0315-3356-b6a0-1bac95490d2e,  -28.254640 ,  -50.820330 ,2024-09-11 17:37:00,Brasil,RIO GRANDE DO SUL,VACARIA,Mata Atlântica
 1720429647 ,61aae7d5-fa9a-37ea-8b92-90f19c489a97,  -28.252790 ,  -50.803670 ,2024-09-11 17:37:00,Brasil,RIO GRANDE DO SUL,VACARIA,Mata Atlântica
 1722330997 ,6251fd1c-0a9a-314d-ad15-e2f6f2f6c76c,  -29.136480 ,  -51.153820 ,2024-09-16 17:41:00,Brasil,RIO GRANDE DO SUL,CAXIAS DO SUL,Mata Atlântica
 1722330998 ,fffe78d6-e378-3407-99a6-41abed3bb927,  -28.526510 ,  -50.434380 ,2024-09-16 17:41:00,Brasil,RIO GRANDE DO SUL,BOM JESUS,Mata Atlântica
 1723209402 ,45a106dc-f34c-3b0e-8b85-3a0860583d89,  -29.473790 ,  -50.238990 ,2024-09-19 18:04:00,Brasil,RIO GRANDE DO SUL,SÃO FRANCISCO DE PAULA,Mata Atlântica
 1723209403 ,3ad982d8-3015-3047-ad92-43e8a39baada,  -29.059620 ,  -50.024430 ,2024-09-19 18:04:00,Brasil,RIO GRANDE DO SUL,CAMBARÁ DO SUL,Mata Atlântica
 1723209404 ,a3762d46-c1de-3086-a0bb-9a1ef5d0a0a4,  -29.052030 ,  -50.021310 ,2024-09-19 18:04:00,Brasil,RIO GRANDE DO SUL,CAMBARÁ DO SUL,Mata Atlântica
 1723209468 ,baa8d73b-021a-33fe-bd3e-4bbaf63abd95,  -29.496460 ,  -50.734650 ,2024-09-19 18:04:00,Brasil,RIO GRANDE DO SUL,TRÊS COROAS,Mata Atlântica
 1723209469 ,32c403af-50d1-34ef-b4c8-df804c702353,  -29.494840 ,  -50.724240 ,2024-09-19 18:04:00,Brasil,RIO GRANDE DO SUL,TRÊS COROAS,Mata Atlântica
 1723209470 ,93bc3521-d948-3a50-9be6-eb541f4d7c4e,  -29.184710 ,  -50.806720 ,2024-09-19 18:04:00,Brasil,RIO GRANDE DO SUL,SÃO FRANCISCO DE PAULA,Mata Atlântica
 1723209471 ,ec271309-df7f-3046-a923-e2ab7acf0464,  -29.182880 ,  -50.557120 ,2024-09-19 18:04:00,Brasil,RIO GRANDE DO SUL,SÃO FRANCISCO DE PAULA,Mata Atlântica
 1723209472 ,6a49fbd0-d86c-38d0-a32b-6aee9d33cdec,  -28.607840 ,  -50.427090 ,2024-09-19 18:04:00,Brasil,RIO GRANDE DO SUL,BOM JESUS,Mata Atlântica
 1723209473 ,ce1eab8e-a48f-3b2b-bbab-168c9d858d92,  -28.450750 ,  -50.482750 ,2024-09-19 18:04:00,Brasil,RIO GRANDE DO SUL,BOM JESUS,Mata Atlântica
 1723209474 ,c4dd0ff3-c276-3561-88ba-5a84136b7117,  -28.449010 ,  -50.471810 ,2024-09-19 18:04:00,Brasil,RIO GRANDE DO SUL,BOM JESUS,Mata Atlântica
 1723209475 ,52cc1dcf-fd93-3f38-a538-f1bff28d749e,  -30.254710 ,  -51.978840 ,2024-09-19 18:04:00,Brasil,RIO GRANDE DO SUL,SÃO JERÔNIMO,Pampa
 1723209476 ,d784bc5c-ee25-3bae-81f6-90667379e6ff,  -30.253220 ,  -51.968570 ,2024-09-19 18:04:00,Brasil,RIO GRANDE DO SUL,SÃO JERÔNIMO,Pampa
 1723209477 ,995b164d-e570-3530-9fac-de31c20ee555,  -29.809680 ,  -51.458800 ,2024-09-19 18:04:00,Brasil,RIO GRANDE DO SUL,MONTENEGRO,Pampa
 1723209478 ,101668da-3977-3dc6-9b58-ea311854fb64,  -29.804060 ,  -51.544300 ,2024-09-19 18:04:00,Brasil,RIO GRANDE DO SUL,TRIUNFO,Pampa
 1723209479 ,b48899da-9d5c-3216-a2c5-63fe622e13de,  -29.672050 ,  -51.396760 ,2024-09-19 18:04:00,Brasil,RIO GRANDE DO SUL,CAPELA DE SANTANA,Pampa
 1723209480 ,ae8c7e0d-d6a9-3693-8e0f-d722400031c2,  -29.622520 ,  -51.687110 ,2024-09-19 18:04:00,Brasil,RIO GRANDE DO SUL,TABAÍ,Pampa
 1723209481 ,361a7e3f-c9d2-3ca4-8845-3e0721fb555b,  -29.610870 ,  -51.794300 ,2024-09-19 18:04:00,Brasil,RIO GRANDE DO SUL,PAVERAMA,Pampa
 1723209482 ,6721761c-729a-3a70-bb94-963ac83f52ee,  -29.609370 ,  -51.784110 ,2024-09-19 18:04:00,Brasil,RIO GRANDE DO SUL,PAVERAMA,Pampa
 1723209483 ,90c64857-6e4d-3184-a01f-eae652394456,  -29.543040 ,  -51.645320 ,2024-09-19 18:04:00,Brasil,RIO GRANDE DO SUL,BROCHIER,Mata Atlântica
 1723209523 ,75249c1d-80a6-359e-a2c0-0dfda796dd64,  -29.341740 ,  -52.935750 ,2024-09-19 18:04:00,Brasil,RIO GRANDE DO SUL,SEGREDO,Mata Atlântica
 1723209524 ,5ae175b1-6791-3d76-a1b8-9c765f69c968,  -29.128970 ,  -52.029240 ,2024-09-19 18:04:00,Brasil,RIO GRANDE DO SUL,RELVADO,Mata Atlântica
 1723209525 ,a70e5ed5-f486-3e21-a747-e7fa3fb0a796,  -29.124520 ,  -52.829350 ,2024-09-19 18:04:00,Brasil,RIO GRANDE DO SUL,TUNAS,Mata Atlântica
 1723209526 ,abf51e05-825c-3604-b45e-170a81fdea4d,  -29.123090 ,  -52.819100 ,2024-09-19 18:04:00,Brasil,RIO GRANDE DO SUL,LAGOÃO,Mata Atlântica
 1723209527 ,f5d4d19b-b6b0-3d7c-b776-fe68140170db,  -28.985430 ,  -52.183470 ,2024-09-19 18:04:00,Brasil,RIO GRANDE DO SUL,PUTINGA,Mata Atlântica
 1723209528 ,18e9bb97-b180-3906-9946-05c43851ed33,  -28.967650 ,  -52.186870 ,2024-09-19 18:04:00,Brasil,RIO GRANDE DO SUL,PUTINGA,Mata Atlântica
 1723209529 ,aa9cb3bb-6e9f-338c-82a4-f099c574584d,  -28.960230 ,  -52.198670 ,2024-09-19 18:04:00,Brasil,RIO GRANDE DO SUL,ILÓPOLIS,Mata Atlântica
 1723209530 ,cdbbe330-3669-36b6-ab7c-c1649179a52e,  -28.958760 ,  -52.188560 ,2024-09-19 18:04:00,Brasil,RIO GRANDE DO SUL,PUTINGA,Mata Atlântica
 1723209531 ,09f2ef73-5f0a-3ef2-a2c6-59e16d8a3b67,  -30.650220 ,  -52.493980 ,2024-09-19 18:04:00,Brasil,RIO GRANDE DO SUL,ENCRUZILHADA DO SUL,Pampa
 1723209532 ,19d1ea3b-e468-3f98-86ac-b79f3593b410,  -30.648760 ,  -52.483520 ,2024-09-19 18:04:00,Brasil,RIO GRANDE DO SUL,ENCRUZILHADA DO SUL,Pampa
 1725444965 ,c6024a1b-42b9-3eba-9d37-057eea543a7f,  -28.699470 ,  -50.415060 ,2024-09-29 18:13:00,Brasil,RIO GRANDE DO SUL,BOM JESUS,Mata Atlântica
 1725444980 ,e0f7cbe7-1914-36ec-88a4-1bbdd96ab6c5,  -28.220930 ,  -51.656160 ,2024-09-29 18:13:00,Brasil,RIO GRANDE DO SUL,CASEIROS,Mata Atlântica
 1725444983 ,3053fc05-f66a-3243-a3b0-ad43e0b5bda0,  -29.951850 ,  -53.624150 ,2024-09-29 18:13:00,Brasil,RIO GRANDE DO SUL,FORMIGUEIRO,Pampa
 1725444996 ,38133b45-f953-36d9-8c1c-84c110fab59f,  -27.455490 ,  -53.653320 ,2024-09-29 18:13:00,Brasil,RIO GRANDE DO SUL,REDENTORA,Mata Atlântica
 1725444997 ,ded12c0d-7e3d-312a-a6a5-7a011a4c1f36,  -27.453930 ,  -53.643170 ,2024-09-29 18:13:00,Brasil,RIO GRANDE DO SUL,REDENTORA,Mata Atlântica
 1725445015 ,7c8d3e2f-ff8e-3ef2-b58e-f138e4b36c86,  -29.842770 ,  -55.387500 ,2024-09-29 18:13:00,Brasil,RIO GRANDE DO SUL,ALEGRETE,Pampa
 1728406075 ,282fff69-7f6d-364b-bdc7-1cf0604cead5,  -29.423200 ,  -50.580960 ,2024-10-13 17:45:00,Brasil,RIO GRANDE DO SUL,SÃO FRANCISCO DE PAULA,Mata Atlântica
 1728406260 ,46cb9072-e143-3eb1-a09e-441bd6555cda,  -29.195590 ,  -55.815520 ,2024-10-13 17:47:00,Brasil,RIO GRANDE DO SUL,ITAQUI,Pampa
 1728406316 ,8b7e48b8-e97f-3037-85db-fc218f153dfc,  -29.200030 ,  -55.837490 ,2024-10-13 17:47:00,Brasil,RIO GRANDE DO SUL,ITAQUI,Pampa
 1728406317 ,20f37142-2651-3321-9c6f-9e987e58394e,  -29.197700 ,  -55.807960 ,2024-10-13 17:47:00,Brasil,RIO GRANDE DO SUL,ITAQUI,Pampa
 1728837541 ,bad53d79-801a-371c-b564-30d8981ea4d3,  -32.326470 ,  -53.572040 ,2024-10-16 18:06:00,Brasil,RIO GRANDE DO SUL,JAGUARÃO,Pampa
 1728837542 ,0b9bf766-90a5-36be-9e55-65a941ac5e93,  -29.180780 ,  -54.863750 ,2024-10-16 18:06:00,Brasil,RIO GRANDE DO SUL,SANTIAGO,Pampa
 1729451260 ,a909c2bb-d43a-382b-b9c4-eec484da0384,  -31.168200 ,  -54.272340 ,2024-10-21 18:11:00,Brasil,RIO GRANDE DO SUL,BAGÉ,Pampa
 1729451261 ,e2f8aa51-cffe-3099-a5c5-7ecaae302e4c,  -31.119840 ,  -52.489890 ,2024-10-21 18:11:00,Brasil,RIO GRANDE DO SUL,CANGUÇU,Pampa
 1729451262 ,d1a4e20d-8170-3bbb-b836-a3ab0a49a538,  -31.099390 ,  -53.042020 ,2024-10-21 18:11:00,Brasil,RIO GRANDE DO SUL,PIRATINI,Pampa
 1729451263 ,14812520-3c2a-3f29-9718-5fa787c9955a,  -31.097900 ,  -53.031660 ,2024-10-21 18:11:00,Brasil,RIO GRANDE DO SUL,PIRATINI,Pampa
 1729451264 ,b3195f85-6f08-35f5-90da-c10418dce713,  -30.526510 ,  -52.778270 ,2024-10-21 18:11:00,Brasil,RIO GRANDE DO SUL,ENCRUZILHADA DO SUL,Pampa
 1729451265 ,0efdf86f-fac7-3144-a3b8-9cb0b63177d6,  -30.525010 ,  -52.768000 ,2024-10-21 18:11:00,Brasil,RIO GRANDE DO SUL,ENCRUZILHADA DO SUL,Pampa
 1729451266 ,8a855867-beba-3ead-97e4-4f3cc4ac628b,  -30.522000 ,  -52.747480 ,2024-10-21 18:11:00,Brasil,RIO GRANDE DO SUL,ENCRUZILHADA DO SUL,Pampa
 1729451267 ,23551689-9a60-3987-a69c-65fa91ee0b3d,  -30.520500 ,  -52.737210 ,2024-10-21 18:11:00,Brasil,RIO GRANDE DO SUL,ENCRUZILHADA DO SUL,Pampa
 1729451268 ,68c7a3db-810f-300b-908a-f08dad097780,  -29.655320 ,  -51.838340 ,2024-10-21 18:11:00,Brasil,RIO GRANDE DO SUL,TAQUARI,Mata Atlântica
 1729451269 ,2f340507-a158-33cb-afb7-e455e767be90,  -29.653680 ,  -51.827840 ,2024-10-21 18:11:00,Brasil,RIO GRANDE DO SUL,TAQUARI,Pampa
 1729451270 ,fe72241a-6735-347e-b120-c6284e8fe88e,  -29.596150 ,  -56.397990 ,2024-10-21 18:11:00,Brasil,RIO GRANDE DO SUL,URUGUAIANA,Pampa
 1729451271 ,cd3540ac-6b24-367f-914e-982d27d575c3,  -29.575050 ,  -50.585820 ,2024-10-21 18:11:00,Brasil,RIO GRANDE DO SUL,ROLANTE,Mata Atlântica
 1729451272 ,8aecf72e-2d6f-3053-9d0f-db743155bf58,  -29.562060 ,  -55.317300 ,2024-10-21 18:11:00,Brasil,RIO GRANDE DO SUL,SÃO FRANCISCO DE ASSIS,Pampa
 1729451273 ,44a55ebd-1b73-3510-b270-537367191730,  -29.233250 ,  -50.874560 ,2024-10-21 18:11:00,Brasil,RIO GRANDE DO SUL,CAXIAS DO SUL,Mata Atlântica
 1729451391 ,596de43c-29fd-3d7b-9b53-7e7a7c789f6a,  -31.346350 ,  -52.146890 ,2024-10-21 18:11:00,Brasil,RIO GRANDE DO SUL,SÃO LOURENÇO DO SUL,Pampa
 1729451392 ,db5ef045-0c1d-3205-90b6-612ea0ef580e,  -32.324580 ,  -53.582160 ,2024-10-21 18:09:00,Brasil,RIO GRANDE DO SUL,JAGUARÃO,Pampa
 1729451393 ,fd3167eb-9b32-3886-b416-79cde04c77ce,  -32.332140 ,  -53.569630 ,2024-10-21 18:09:00,Brasil,RIO GRANDE DO SUL,JAGUARÃO,Pampa
 1729451394 ,e387e3a6-49c4-3c31-b101-a2c34c8957f6,  -32.333610 ,  -53.580430 ,2024-10-21 18:09:00,Brasil,RIO GRANDE DO SUL,JAGUARÃO,Pampa
 1730267024 ,4eed2f02-af7b-34d2-b46b-471bcf7d899a,  -28.890970 ,  -50.068810 ,2024-10-26 18:15:00,Brasil,RIO GRANDE DO SUL,CAMBARÁ DO SUL,Mata Atlântica
 1730267025 ,344ff272-6ed5-3cf6-96a4-19d81c626702,  -28.888590 ,  -50.055450 ,2024-10-26 18:15:00,Brasil,RIO GRANDE DO SUL,CAMBARÁ DO SUL,Mata Atlântica
 1730267026 ,f4d226dc-dcc7-3dac-9409-707ab8033789,  -28.548640 ,  -50.467810 ,2024-10-26 18:15:00,Brasil,RIO GRANDE DO SUL,BOM JESUS,Mata Atlântica
 1730561530 ,b21a5734-041e-356e-9423-161e93d2f688,  -30.502380 ,  -52.740940 ,2024-10-28 17:56:00,Brasil,RIO GRANDE DO SUL,ENCRUZILHADA DO SUL,Pampa
 1730561531 ,1252ba57-7578-3621-af7b-9e2b665f12e7,  -30.503940 ,  -52.754260 ,2024-10-28 17:56:00,Brasil,RIO GRANDE DO SUL,ENCRUZILHADA DO SUL,Pampa
 1730561532 ,b40c18c5-9c47-341d-add4-d140dfe12a28,  -30.527260 ,  -52.777740 ,2024-10-28 17:56:00,Brasil,RIO GRANDE DO SUL,ENCRUZILHADA DO SUL,Pampa
 1730561550 ,6c233772-aa4d-3017-af71-adf1a9fcfa9c,  -29.818300 ,  -51.492460 ,2024-10-28 17:56:00,Brasil,RIO GRANDE DO SUL,MONTENEGRO,Pampa
 1730561551 ,7f2849bf-2497-3091-bb69-6d40c733699d,  -29.819780 ,  -51.503860 ,2024-10-28 17:56:00,Brasil,RIO GRANDE DO SUL,TRIUNFO,Pampa
 1730561552 ,debd5155-828a-31ed-b24b-2dfd5b43c830,  -28.626900 ,  -51.299640 ,2024-10-28 17:56:00,Brasil,RIO GRANDE DO SUL,IPÊ,Mata Atlântica
 1730561553 ,d742bee0-4ca7-367a-aa42-f2c92b37c723,  -28.716120 ,  -50.468490 ,2024-10-28 17:56:00,Brasil,RIO GRANDE DO SUL,BOM JESUS,Mata Atlântica
 1730561554 ,92efe745-9abb-3918-a9dd-ab773e4618cd,  -28.717540 ,  -50.478810 ,2024-10-28 17:56:00,Brasil,RIO GRANDE DO SUL,BOM JESUS,Mata Atlântica
 1730561555 ,422d3683-98d7-3a62-a251-e6ea5a384ff0,  -29.248990 ,  -51.137830 ,2024-10-28 17:56:00,Brasil,RIO GRANDE DO SUL,CAXIAS DO SUL,Mata Atlântica
 1731002296 ,4944e22d-6991-3236-a2b9-987c7f2ff1d9,  -30.747020 ,  -52.125280 ,2024-10-31 18:19:00,Brasil,RIO GRANDE DO SUL,DOM FELICIANO,Pampa
 1731499782 ,5189cbeb-7d1b-36fd-bdcf-448c6554414c,  -30.714950 ,  -52.228340 ,2024-11-04 17:41:00,Brasil,RIO GRANDE DO SUL,DOM FELICIANO,Pampa
 1732108627 ,80db4ef7-e841-3b41-967d-4bf0e6577615,  -28.805890 ,  -52.636260 ,2024-11-09 17:45:00,Brasil,RIO GRANDE DO SUL,SOLEDADE,Mata Atlântica
 1732108880 ,1103fe10-45e6-3277-9150-8334e291e6aa,  -29.602750 ,  -52.187980 ,2024-11-09 17:45:00,Brasil,RIO GRANDE DO SUL,VENÂNCIO AIRES,Mata Atlântica
 1732266538 ,69f3cb6c-1e34-3576-9061-42e2a35c18ec,  -31.456250 ,  -52.725700 ,2024-11-10 18:23:00,Brasil,RIO GRANDE DO SUL,CANGUÇU,Pampa
 1732266707 ,14cdd4c1-a69c-32aa-9d46-47f988067456,  -28.981140 ,  -55.008610 ,2024-11-10 18:23:00,Brasil,RIO GRANDE DO SUL,SANTIAGO,Pampa
 1732266757 ,c78c6e22-622f-33c4-8e36-d6ca39027882,  -29.012930 ,  -52.164040 ,2024-11-10 18:23:00,Brasil,RIO GRANDE DO SUL,PUTINGA,Mata Atlântica
 1732266810 ,654b9495-3130-30ee-8477-0bc5b293011e,  -29.015340 ,  -52.177760 ,2024-11-10 18:23:00,Brasil,RIO GRANDE DO SUL,PUTINGA,Mata Atlântica
 1732556445 ,f0463bed-8093-33b9-9697-6c82fcc77192,  -32.313430 ,  -53.615720 ,2024-11-12 18:04:00,Brasil,RIO GRANDE DO SUL,JAGUARÃO,Pampa
 1732556559 ,79d8d78e-a528-30f6-a313-3266e0ec1859,  -29.017130 ,  -51.189080 ,2024-11-12 18:04:00,Brasil,RIO GRANDE DO SUL,FLORES DA CUNHA,Mata Atlântica
 1732556631 ,114bf7b0-7c7a-3f31-9932-5c09a4ef09d7,  -30.451920 ,  -51.745030 ,2024-11-12 18:04:00,Brasil,RIO GRANDE DO SUL,BARÃO DO TRIUNFO,Pampa
 1732556760 ,d4ede224-aa92-3e9b-8920-10c0458e0d70,  -32.323150 ,  -53.614110 ,2024-11-12 18:04:00,Brasil,RIO GRANDE DO SUL,JAGUARÃO,Pampa
 1732831267 ,24871005-6278-3788-935a-cb5e2e868d0d,  -32.321430 ,  -53.617300 ,2024-11-14 17:47:00,Brasil,RIO GRANDE DO SUL,JAGUARÃO,Pampa
 1732831388 ,75d3f293-8638-36db-ae0e-f88d85af7030,  -30.027020 ,  -50.672740 ,2024-11-14 17:47:00,Brasil,RIO GRANDE DO SUL,SANTO ANTÔNIO DA PATRULHA,Pampa
 1732831445 ,72f87c4f-b569-3a0f-9d03-d96134827694,  -27.323490 ,  -52.509260 ,2024-11-14 17:47:00,Brasil,RIO GRANDE DO SUL,ITATIBA DO SUL,Mata Atlântica
 1732958594 ,904baa3a-0ae0-3518-91e2-cd33aa91d677,  -32.339240 ,  -53.623340 ,2024-11-15 18:28:00,Brasil,RIO GRANDE DO SUL,JAGUARÃO,Pampa
 1732958608 ,46ab49d9-a0e7-3d2c-a108-7a08a1a74ee7,  -30.794060 ,  -54.491660 ,2024-11-15 18:28:00,Brasil,RIO GRANDE DO SUL,LAVRAS DO SUL,Pampa
 1732958649 ,9550c619-a9e3-37f2-abff-bca68fdcd402,  -32.337410 ,  -53.612050 ,2024-11-15 18:28:00,Brasil,RIO GRANDE DO SUL,JAGUARÃO,Pampa
 1733217642 ,b74ce2ee-0240-3fdd-8ef0-0b609a647fc8,  -30.364770 ,  -52.036060 ,2024-11-17 18:08:00,Brasil,RIO GRANDE DO SUL,BUTIÁ,Pampa
 1733217707 ,e34b5923-15d5-3eeb-9417-5ae0833b3a8c,  -29.530190 ,  -50.399740 ,2024-11-17 18:08:00,Brasil,RIO GRANDE DO SUL,RIOZINHO,Mata Atlântica
 1733217734 ,ce6c28bd-5138-33b1-80ff-59c34ada3d5c,  -28.065100 ,  -51.688100 ,2024-11-17 18:08:00,Brasil,RIO GRANDE DO SUL,SANANDUVA,Mata Atlântica
 1733217775 ,5746d711-8957-37e9-8c35-b34659f8f322,  -28.063600 ,  -51.678070 ,2024-11-17 18:08:00,Brasil,RIO GRANDE DO SUL,SANANDUVA,Mata Atlântica
 1733217806 ,896c810c-4c9a-326e-b419-a190ca6f6254,  -28.987330 ,  -50.179260 ,2024-11-17 18:08:00,Brasil,RIO GRANDE DO SUL,CAMBARÁ DO SUL,Mata Atlântica
 1733217810 ,9ec803f0-d694-37f7-8fc3-7828777df325,  -29.803500 ,  -50.491890 ,2024-11-17 18:08:00,Brasil,RIO GRANDE DO SUL,SANTO ANTÔNIO DA PATRULHA,Mata Atlântica
 1734103134 ,aeb5234b-6a50-3881-ac78-9f01c42cee72,  -29.121770 ,  -51.104520 ,2024-11-24 17:51:00,Brasil,RIO GRANDE DO SUL,CAXIAS DO SUL,Mata Atlântica
 1734907539 ,c9bd35e3-c536-328c-82d9-9a4d0163c118,  -32.332340 ,  -53.630590 ,2024-11-30 18:34:00,Brasil,RIO GRANDE DO SUL,JAGUARÃO,Pampa
 1735161727 ,74a0c1cb-7b1b-3eee-af83-e4586d508fd0,  -32.328830 ,  -53.635530 ,2024-12-02 18:15:00,Brasil,RIO GRANDE DO SUL,JAGUARÃO,Pampa
 1735161734 ,87076fef-3578-30c8-834c-b0b971d14ff1,  -32.337840 ,  -53.633800 ,2024-12-02 18:15:00,Brasil,RIO GRANDE DO SUL,JAGUARÃO,Pampa
 1735161767 ,c4145106-6edd-3a20-96ce-8ca591a8998a,  -32.336380 ,  -53.622990 ,2024-12-02 18:15:00,Brasil,RIO GRANDE DO SUL,JAGUARÃO,Pampa
 1734490206 ,ef788e04-ba47-3b3d-a5f6-9ca04886735a,  -29.566550 ,  -50.489540 ,2024-11-27 18:13:00,Brasil,RIO GRANDE DO SUL,ROLANTE,Mata Atlântica
 1735340576 ,b6e4c78f-75b7-3231-85bb-f0e7e8ae6172,  -29.644250 ,  -51.252650 ,2024-12-04 17:58:00,Brasil,RIO GRANDE DO SUL,PORTÃO,Pampa
 1735340662 ,3fad75a0-dd21-3028-8ad4-bad8a4174b4b,  -29.837700 ,  -52.432220 ,2024-12-04 17:58:00,Brasil,RIO GRANDE DO SUL,SANTA CRUZ DO SUL,Mata Atlântica
 1735340773 ,046a556f-0a00-343c-8a87-06d84f9a5384,  -29.590920 ,  -50.911260 ,2024-12-04 17:58:00,Brasil,RIO GRANDE DO SUL,NOVA HARTZ,Mata Atlântica
 1735340800 ,f2bec588-a06e-35f7-9cbe-a527bcf142c5,  -29.511840 ,  -51.404790 ,2024-12-04 17:58:00,Brasil,RIO GRANDE DO SUL,TUPANDI,Mata Atlântica
 1735545170 ,a118fca1-f1fe-3b58-b96a-345f88d27e15,  -30.181630 ,  -55.008430 ,2024-12-05 18:34:00,Brasil,RIO GRANDE DO SUL,ROSÁRIO DO SUL,Pampa
 1736335018 ,463fd2c0-a8c6-343e-9499-296ea9ac3e13,  -31.036760 ,  -50.782160 ,2024-12-11 17:38:00,Brasil,RIO GRANDE DO SUL,MOSTARDAS,Pampa
 1736335382 ,7359841d-008d-30a4-9265-377503070ff0,  -31.038820 ,  -50.804540 ,2024-12-11 17:38:00,Brasil,RIO GRANDE DO SUL,MOSTARDAS,Pampa
 1736475007 ,27d35894-2ac6-3a67-b000-2dac2f0c7d9c,  -29.626420 ,  -51.974430 ,2024-12-12 18:19:00,Brasil,RIO GRANDE DO SUL,CRUZEIRO DO SUL,Mata Atlântica
 1736475009 ,ecb5d249-627f-36b4-bc06-3e9b49161e56,  -32.335200 ,  -53.643400 ,2024-12-12 18:19:00,Brasil,RIO GRANDE DO SUL,JAGUARÃO,Pampa
 1736475018 ,1b18afba-9bde-30b2-a001-1473e475e943,  -30.806220 ,  -54.827530 ,2024-12-12 18:19:00,Brasil,RIO GRANDE DO SUL,DOM PEDRITO,Pampa
 1737238355 ,9af3da87-45d8-336b-865b-e666cbe88c2b,  -28.720910 ,  -55.482510 ,2024-12-17 18:21:00,Brasil,RIO GRANDE DO SUL,ITACURUBI,Pampa
 1738583680 ,369d10e8-8d66-30e0-ae69-d3ef01c52a06,  -29.488790 ,  -50.784840 ,2024-12-26 17:43:00,Brasil,RIO GRANDE DO SUL,TRÊS COROAS,Mata Atlântica
 1738583700 ,6bd80994-68bc-30f5-89d8-656883b00bab,  -29.576730 ,  -51.108390 ,2024-12-26 17:43:00,Brasil,RIO GRANDE DO SUL,DOIS IRMÃOS,Mata Atlântica
 1738736876 ,b1b2c063-f615-327a-b972-1204364e19cc,  -30.458850 ,  -56.396430 ,2024-12-27 18:23:00,Brasil,RIO GRANDE DO SUL,QUARAÍ,Pampa
 1738736914 ,10d683ab-0a97-3503-b75b-042ba887cc00,  -28.925000 ,  -55.670400 ,2024-12-27 18:23:00,Brasil,RIO GRANDE DO SUL,SÃO BORJA,Pampa
 1739097842 ,00535348-6633-3699-970c-268a47dd587e,  -29.675880 ,  -49.985440 ,2024-12-29 18:04:00,Brasil,RIO GRANDE DO SUL,CAPÃO DA CANOA,Pampa
 1739101565 ,ef311502-2a08-3be8-a222-6e9e312e8472,  -29.038980 ,  -50.109410 ,2024-12-29 18:04:00,Brasil,RIO GRANDE DO SUL,CAMBARÁ DO SUL,Mata Atlântica
 1739101681 ,c5d99cf7-f9f1-3559-8bad-7dfed8d9ac7f,  -29.293800 ,  -51.400050 ,2024-12-29 18:04:00,Brasil,RIO GRANDE DO SUL,CARLOS BARBOSA,Mata Atlântica
 1739101971 ,2687b852-3ff5-321d-af92-d564fbc865ec,  -29.292350 ,  -51.389410 ,2024-12-29 18:04:00,Brasil,RIO GRANDE DO SUL,CARLOS BARBOSA,Mata Atlântica
 1739557995 ,ef3386d7-a1c9-3639-84c4-52ee5da09ffa,  -28.688420 ,  -55.771510 ,2024-12-31 17:47:00,Brasil,RIO GRANDE DO SUL,SÃO BORJA,Pampa
