id_bdq,foco_id,lat,lon,data_pas,pais,estado,municipio,bioma
 1666436463 ,9fd63586-d8fa-303f-9965-5aa9519b8621,   -9.390260 ,  -40.600920 ,2024-01-04 16:52:00,Brasil,PERNAMBUCO,PETROLINA,Caatinga
 1666436469 ,b0759d41-2ab5-3140-8b6d-f13fc7f053fb,   -7.332510 ,  -39.789120 ,2024-01-04 16:52:00,Brasil,PERNAMBUCO,EXU,Caatinga
 1666436471 ,82a02b23-8e2e-3c38-9326-afc94ef49fd3,   -7.330990 ,  -39.779070 ,2024-01-04 16:52:00,Brasil,PERNAMBUCO,EXU,Caatinga
 1666542878 ,a9221f5c-a502-31aa-a800-e7a374559fe6,   -8.349470 ,  -36.824780 ,2024-01-05 15:54:00,Brasil,PERNAMBUCO,PESQUEIRA,Caatinga
 1666542879 ,5d13ad1d-b1a4-3a92-b6e4-9fed4eab380a,   -8.341990 ,  -36.833200 ,2024-01-05 15:54:00,Brasil,PERNAMBUCO,PESQUEIRA,Caatinga
 1666951398 ,cfdf454f-82f3-3fc5-b2ab-323052ef7068,   -7.948990 ,  -37.824350 ,2024-01-08 16:20:00,Brasil,PERNAMBUCO,FLORES,Caatinga
 1666951399 ,4e081ae7-ee1f-31aa-a046-8852a50cf5bd,   -7.947300 ,  -37.811760 ,2024-01-08 16:20:00,Brasil,PERNAMBUCO,FLORES,Caatinga
 1666951400 ,194af31e-2c56-3e7f-966b-e1db0b67e146,   -7.939740 ,  -38.190950 ,2024-01-08 16:20:00,Brasil,PERNAMBUCO,SERRA TALHADA,Caatinga
 1666951404 ,f0717baf-93c8-3de8-bead-f5308835952e,   -7.733690 ,  -37.285260 ,2024-01-08 16:20:00,Brasil,PERNAMBUCO,IGUARACY,Caatinga
 1666951424 ,210b2b30-32b7-3a8a-83b0-47a912db63a6,   -8.000260 ,  -37.519350 ,2024-01-08 16:20:00,Brasil,PERNAMBUCO,SERTÂNIA,Caatinga
 1666951436 ,8e73f955-420c-362e-8f12-909761a9971c,   -7.621990 ,  -37.578670 ,2024-01-08 16:20:00,Brasil,PERNAMBUCO,SOLIDÃO,Caatinga
 1666951445 ,fafa7b3f-6208-3004-950c-775495d44c3a,   -8.633610 ,  -35.369840 ,2024-01-08 16:20:00,Brasil,PERNAMBUCO,GAMELEIRA,Mata Atlântica
 1666951446 ,69fddeee-4dfe-3894-b439-f809b3f1e7e9,   -8.549330 ,  -35.495720 ,2024-01-08 16:20:00,Brasil,PERNAMBUCO,ÁGUA PRETA,Mata Atlântica
 1666951448 ,3ce0ff60-5b4c-3ff2-b530-0081a3618cce,   -7.730720 ,  -35.493210 ,2024-01-08 16:20:00,Brasil,PERNAMBUCO,MACHADOS,Caatinga
 1666951449 ,3561185d-d240-3262-a2d7-70070bb8b947,   -8.507900 ,  -35.517210 ,2024-01-08 16:20:00,Brasil,PERNAMBUCO,JOAQUIM NABUCO,Mata Atlântica
 1666951484 ,805593c5-8ec1-3fb4-a3e1-b307f1331c57,   -8.462130 ,  -35.647760 ,2024-01-08 16:20:00,Brasil,PERNAMBUCO,BARRA DE GUABIRABA,Mata Atlântica
 1666951485 ,276dee67-7117-391e-bc6e-64cd100c9735,   -8.430450 ,  -35.037250 ,2024-01-08 16:20:00,Brasil,PERNAMBUCO,IPOJUCA,Mata Atlântica
 1666951486 ,bfb8111a-7405-35cb-b639-32d633dd6d55,   -8.429130 ,  -35.027980 ,2024-01-08 16:20:00,Brasil,PERNAMBUCO,IPOJUCA,Mata Atlântica
 1666951487 ,7d13bf53-2bf0-30f8-aa41-40b236419df8,   -8.015920 ,  -37.480550 ,2024-01-08 16:20:00,Brasil,PERNAMBUCO,SERTÂNIA,Caatinga
 1666951488 ,b0399b03-bf73-30b7-9fe6-00e7bb9392ec,   -8.014270 ,  -37.468510 ,2024-01-08 16:20:00,Brasil,PERNAMBUCO,SERTÂNIA,Caatinga
 1667095873 ,281935f2-97c1-3aa1-b9bc-6ef6f68b0f9a,   -8.670270 ,  -37.161590 ,2024-01-09 17:02:00,Brasil,PERNAMBUCO,BUÍQUE,Caatinga
 1667095874 ,e6fb1d78-faca-3570-8d36-50b67ea06338,   -7.861120 ,  -38.949700 ,2024-01-09 17:02:00,Brasil,PERNAMBUCO,SÃO JOSÉ DO BELMONTE,Caatinga
 1667095875 ,8cc62694-2501-3a69-bb52-b3fb48003bc8,   -7.851820 ,  -38.941170 ,2024-01-09 17:02:00,Brasil,PERNAMBUCO,SÃO JOSÉ DO BELMONTE,Caatinga
 1667095877 ,54a7f162-f3a3-3ffa-944a-28df69ab4df6,   -7.432860 ,  -40.027890 ,2024-01-09 17:02:00,Brasil,PERNAMBUCO,BODOCÓ,Caatinga
 1667228460 ,2e3a0315-ba2c-37ab-97ac-232892e0385c,   -8.920600 ,  -38.180170 ,2024-01-10 16:05:00,Brasil,PERNAMBUCO,TACARATU,Caatinga
 1667228461 ,5d95c841-d797-3b71-b1d6-4bbadcab6f0f,   -8.329340 ,  -34.996220 ,2024-01-10 16:05:00,Brasil,PERNAMBUCO,CABO DE SANTO AGOSTINHO,Mata Atlântica
 1667374797 ,813575df-48b6-3d52-b78f-6041fb811d08,   -8.905400 ,  -37.327890 ,2024-01-11 16:47:00,Brasil,PERNAMBUCO,ITAÍBA,Caatinga
 1667374805 ,3efb029d-12ec-3df2-a03d-773439b4ae8b,   -8.089790 ,  -36.084920 ,2024-01-11 16:47:00,Brasil,PERNAMBUCO,CARUARU,Caatinga
 1667931791 ,1bd10ffb-77a4-3f6d-9f7f-0926c4063d05,   -8.849810 ,  -35.894220 ,2024-01-15 16:15:00,Brasil,PERNAMBUCO,SÃO BENEDITO DO SUL,Mata Atlântica
 1667931792 ,9c601548-df39-3df4-826d-9b6e06433995,   -8.488710 ,  -37.008110 ,2024-01-15 16:15:00,Brasil,PERNAMBUCO,PEDRA,Caatinga
 1667931793 ,b41bb3c5-d6e8-373a-a87e-eaa892ec22ce,   -8.476000 ,  -35.549230 ,2024-01-15 16:15:00,Brasil,PERNAMBUCO,CORTÊS,Mata Atlântica
 1667931794 ,66f86bfd-4526-3de7-9d56-ee4b0ba354c4,   -8.474460 ,  -35.537950 ,2024-01-15 16:15:00,Brasil,PERNAMBUCO,CORTÊS,Mata Atlântica
 1667931795 ,335e1d45-65f4-3d4c-a772-e8c292b13911,   -8.238200 ,  -40.017730 ,2024-01-15 16:15:00,Brasil,PERNAMBUCO,PARNAMIRIM,Caatinga
 1667931796 ,4929a30e-2224-3bf7-bba9-0104820d1152,   -8.233860 ,  -40.022860 ,2024-01-15 16:15:00,Brasil,PERNAMBUCO,PARNAMIRIM,Caatinga
 1667931797 ,40a0dd85-686c-3576-a9fe-18903ed6e86b,   -7.958620 ,  -38.643230 ,2024-01-15 16:15:00,Brasil,PERNAMBUCO,SÃO JOSÉ DO BELMONTE,Caatinga
 1667931813 ,9bedc784-7e30-3f7c-98c9-b8fffd8bba6d,   -7.956620 ,  -38.650430 ,2024-01-15 16:15:00,Brasil,PERNAMBUCO,SÃO JOSÉ DO BELMONTE,Caatinga
 1667931814 ,e7762133-2560-3da4-b0f3-a2117bc9d6b0,   -7.876790 ,  -34.988630 ,2024-01-15 16:15:00,Brasil,PERNAMBUCO,IGARASSU,Mata Atlântica
 1667931815 ,bca3e542-a754-3867-bb8e-03c061d4d839,   -7.796070 ,  -35.950570 ,2024-01-15 16:15:00,Brasil,PERNAMBUCO,VERTENTES,Caatinga
 1667931816 ,9bb82bc6-b090-399b-bd5d-bc548edea033,   -7.592120 ,  -35.440670 ,2024-01-15 16:15:00,Brasil,PERNAMBUCO,MACAPARANA,Caatinga
 1667931817 ,e4fdd6b2-2c18-3f50-9d5f-0153dd1b30b6,   -7.547960 ,  -37.516250 ,2024-01-15 16:15:00,Brasil,PERNAMBUCO,TABIRA,Caatinga
 1668094126 ,a98ea24c-835b-32dd-8e03-608917464c96,   -9.267380 ,  -37.162610 ,2024-01-16 16:56:00,Brasil,PERNAMBUCO,ÁGUAS BELAS,Caatinga
 1668094130 ,4c43dfd5-3d0a-351d-a64f-99ebfede135f,   -8.485200 ,  -40.461220 ,2024-01-16 16:56:00,Brasil,PERNAMBUCO,DORMENTES,Caatinga
 1668094132 ,53ae1d08-2d02-3dbe-a459-e65e44cc49ad,   -8.329410 ,  -36.562940 ,2024-01-16 16:56:00,Brasil,PERNAMBUCO,SANHARÓ,Caatinga
 1668094139 ,e3673093-e425-376e-a54f-0ac44c973379,   -7.576270 ,  -39.530330 ,2024-01-16 16:56:00,Brasil,PERNAMBUCO,MOREILÂNDIA,Caatinga
 1668242886 ,17b98180-2733-3d1f-a434-f9fbc4f25571,   -7.847190 ,  -38.026590 ,2024-01-17 16:00:00,Brasil,PERNAMBUCO,TRIUNFO,Caatinga
 1668242887 ,e89c8cf7-4049-3789-b0fe-4afcb3d8bf9c,   -7.843220 ,  -37.996250 ,2024-01-17 16:00:00,Brasil,PERNAMBUCO,FLORES,Caatinga
 1668383542 ,f48af7ff-d42b-31d3-b33a-93fedc85a796,   -8.870880 ,  -36.278410 ,2024-01-18 16:39:00,Brasil,PERNAMBUCO,ANGELIM,Mata Atlântica
 1668383543 ,b984fd5f-6738-38c6-9989-bb1722be0817,   -8.601650 ,  -40.943630 ,2024-01-18 16:41:00,Brasil,PERNAMBUCO,AFRÂNIO,Caatinga
 1668383549 ,0a182315-b0ff-32e3-8352-0c5fa1c992d8,   -7.988220 ,  -37.510430 ,2024-01-18 16:41:00,Brasil,PERNAMBUCO,SERTÂNIA,Caatinga
 1668383554 ,dbb46f5a-5f2a-3bd3-97e7-18be39fce833,   -7.869830 ,  -38.708210 ,2024-01-18 16:41:00,Brasil,PERNAMBUCO,SÃO JOSÉ DO BELMONTE,Caatinga
 1668383555 ,8699eaa9-153b-342a-872f-487e0c793ad6,   -7.852130 ,  -39.037040 ,2024-01-18 16:41:00,Brasil,PERNAMBUCO,SALGUEIRO,Caatinga
 1668383556 ,af3453ff-41a6-3dca-9ec6-beffddde95b0,   -7.803200 ,  -37.819830 ,2024-01-18 16:41:00,Brasil,PERNAMBUCO,CARNAÍBA,Caatinga
 1668383557 ,87a98eee-0e5c-3168-a574-33feddc2df2c,   -7.790990 ,  -39.499020 ,2024-01-18 16:41:00,Brasil,PERNAMBUCO,SERRITA,Caatinga
 1668383560 ,72c7c468-ef6b-3703-973d-1f5d70e970ef,   -7.664800 ,  -37.252770 ,2024-01-18 16:41:00,Brasil,PERNAMBUCO,SÃO JOSÉ DO EGITO,Caatinga
 1668383561 ,c1de18d1-639b-322b-907f-7c383ca824f4,   -7.600300 ,  -40.099950 ,2024-01-18 16:41:00,Brasil,PERNAMBUCO,BODOCÓ,Caatinga
 1668383564 ,45108307-f4cc-3c63-97f6-9ac7970ee946,   -7.574300 ,  -39.982140 ,2024-01-18 16:41:00,Brasil,PERNAMBUCO,BODOCÓ,Caatinga
 1668383565 ,6ae25cc8-55bd-3c69-8109-fbb53fbfc5e8,   -7.566630 ,  -39.992550 ,2024-01-18 16:41:00,Brasil,PERNAMBUCO,BODOCÓ,Caatinga
 1668383566 ,c3920891-f338-310c-9281-50626c1e436a,   -7.565330 ,  -39.983450 ,2024-01-18 16:41:00,Brasil,PERNAMBUCO,BODOCÓ,Caatinga
 1668533812 ,4fd1e1aa-784b-3639-9284-7b29ada1e515,   -7.881770 ,  -39.128190 ,2024-01-19 17:21:00,Brasil,PERNAMBUCO,SALGUEIRO,Caatinga
 1668533813 ,9a6abda4-6e18-324e-8547-df4df05a880f,   -7.881360 ,  -39.133050 ,2024-01-19 17:21:00,Brasil,PERNAMBUCO,SALGUEIRO,Caatinga
 1668690332 ,97aaa52d-0f61-3b71-aab7-9c823e844c97,   -7.683940 ,  -37.244550 ,2024-01-20 16:24:00,Brasil,PERNAMBUCO,TUPARETAMA,Caatinga
 1669211571 ,f848b26e-ac97-3419-be62-0a05d8a74d69,   -8.490360 ,  -35.281220 ,2024-01-24 15:54:00,Brasil,PERNAMBUCO,RIBEIRÃO,Mata Atlântica
 1669211572 ,c5d3dc12-f81d-3d66-9657-226256a11c42,   -8.489780 ,  -35.276690 ,2024-01-24 15:54:00,Brasil,PERNAMBUCO,RIBEIRÃO,Mata Atlântica
 1669643326 ,c4338d5e-3473-3d7f-a6c2-ea3573a2c2ff,   -7.923020 ,  -37.328740 ,2024-01-27 16:20:00,Brasil,PERNAMBUCO,IGUARACY,Caatinga
 1666102071 ,62d4bc44-69a9-3567-b285-884b739ff686,   -8.464250 ,  -35.315280 ,2024-01-01 16:24:00,Brasil,PERNAMBUCO,ESCADA,Mata Atlântica
 1666102072 ,5810ae07-4b3b-3370-b87c-012c8b957d5d,   -8.166880 ,  -35.049640 ,2024-01-01 16:24:00,Brasil,PERNAMBUCO,JABOATÃO DOS GUARARAPES,Mata Atlântica
 1666322213 ,bbd22cc4-ab1d-3914-afa3-7036cb2dc636,   -8.178710 ,  -35.050800 ,2024-01-03 16:09:00,Brasil,PERNAMBUCO,JABOATÃO DOS GUARARAPES,Mata Atlântica
 1666322214 ,ca18cca2-45e1-39a3-ab1b-bf30532341ec,   -7.620220 ,  -39.863690 ,2024-01-03 16:09:00,Brasil,PERNAMBUCO,EXU,Caatinga
 1666322215 ,77239024-e3a6-35b5-9fe9-bed97ac57f26,   -7.593200 ,  -35.031990 ,2024-01-03 16:09:00,Brasil,PERNAMBUCO,GOIANA,Mata Atlântica
 1666662509 ,5746e570-ff85-36cd-94db-588b2ef3e14c,   -8.495180 ,  -37.115590 ,2024-01-06 16:34:00,Brasil,PERNAMBUCO,BUÍQUE,Caatinga
 1666662510 ,c39aea84-8d75-38c2-b373-f144e29a2337,   -8.314420 ,  -36.443580 ,2024-01-06 16:34:00,Brasil,PERNAMBUCO,BELO JARDIM,Caatinga
 1666662511 ,d9906f3d-51b6-303c-b880-7a537f20c5d8,   -7.849660 ,  -38.184570 ,2024-01-06 16:37:00,Brasil,PERNAMBUCO,SANTA CRUZ DA BAIXA VERDE,Caatinga
 1666662512 ,927cc614-7a64-3489-82cd-c16c22a70b43,   -7.794090 ,  -38.308250 ,2024-01-06 16:37:00,Brasil,PERNAMBUCO,SERRA TALHADA,Caatinga
 1666662514 ,855175fe-36e9-37f1-ba30-416fe866c002,   -7.620500 ,  -37.436950 ,2024-01-06 16:37:00,Brasil,PERNAMBUCO,TABIRA,Caatinga
 1666662515 ,e5a2dc25-4351-36d2-9632-4cd5fb1f8059,   -7.599420 ,  -39.914180 ,2024-01-06 16:37:00,Brasil,PERNAMBUCO,BODOCÓ,Caatinga
 1666662518 ,fc9769f8-94d4-3f56-82d6-8f6ff131bff6,   -7.516510 ,  -37.476570 ,2024-01-06 16:37:00,Brasil,PERNAMBUCO,TABIRA,Caatinga
 1668913109 ,20f1e4fe-182c-3461-adcd-f729ea106abb,   -7.906900 ,  -38.828310 ,2024-01-22 16:09:00,Brasil,PERNAMBUCO,SÃO JOSÉ DO BELMONTE,Caatinga
 1670018024 ,ba1d1cc4-6f85-3b22-aaba-4e2ebd854523,   -9.039570 ,  -36.383370 ,2024-01-29 16:05:00,Brasil,PERNAMBUCO,CORRENTES,Mata Atlântica
 1670018027 ,930fc8db-ddc5-3d16-8a6e-6d59ce526a1d,   -7.938280 ,  -38.827290 ,2024-01-29 16:05:00,Brasil,PERNAMBUCO,SÃO JOSÉ DO BELMONTE,Caatinga
 1670855563 ,451d351c-d6fd-303d-a237-78a662b5cd66,   -8.894840 ,  -37.433370 ,2024-01-30 16:45:00,Brasil,PERNAMBUCO,ITAÍBA,Caatinga
 1670855564 ,5af556bc-204c-32d8-9df5-1687c48daec8,   -8.382160 ,  -36.904540 ,2024-01-30 16:45:00,Brasil,PERNAMBUCO,PESQUEIRA,Caatinga
 1670855565 ,27b383bc-475b-3e45-8388-ec2f09062337,   -7.753850 ,  -37.337850 ,2024-01-30 16:45:00,Brasil,PERNAMBUCO,IGUARACY,Caatinga
 1670855566 ,11b21b7f-a711-3027-8992-870b3079f418,   -7.709140 ,  -40.252390 ,2024-01-30 16:47:00,Brasil,PERNAMBUCO,TRINDADE,Caatinga
 1670855567 ,42040c4b-836d-3e1a-a5e2-ec623eb06cd9,   -7.705530 ,  -39.534500 ,2024-01-30 16:47:00,Brasil,PERNAMBUCO,MOREILÂNDIA,Caatinga
 1670855569 ,f887815e-28a9-3ee0-976c-600cf0679e4b,   -7.656430 ,  -40.014130 ,2024-01-30 16:47:00,Brasil,PERNAMBUCO,BODOCÓ,Caatinga
 1671953136 ,e863fc59-d8b1-3c67-b206-45cf9ac822ac,   -8.548580 ,  -36.993220 ,2024-02-01 16:30:00,Brasil,PERNAMBUCO,PEDRA,Caatinga
 1671953137 ,e564fe7b-85fb-371d-af09-19564f10430a,   -7.796230 ,  -38.053030 ,2024-02-01 16:30:00,Brasil,PERNAMBUCO,TRIUNFO,Caatinga
 1671953138 ,d25b5860-c54d-372a-aee4-c628a4d960a8,   -7.792450 ,  -37.442810 ,2024-02-01 16:30:00,Brasil,PERNAMBUCO,IGUARACY,Caatinga
 1671953139 ,0900d16f-8353-3ed0-8890-cd2ab978f3e6,   -7.642740 ,  -37.620460 ,2024-02-01 16:30:00,Brasil,PERNAMBUCO,AFOGADOS DA INGAZEIRA,Caatinga
 1671953140 ,b7e76d0e-c926-300b-af8a-08ce1efa0f62,   -7.641400 ,  -37.611040 ,2024-02-01 16:30:00,Brasil,PERNAMBUCO,AFOGADOS DA INGAZEIRA,Caatinga
 1671953141 ,9c700df9-9fe4-3b85-a509-05c5e39c5fee,   -7.434140 ,  -39.636310 ,2024-02-01 16:30:00,Brasil,PERNAMBUCO,EXU,Caatinga
 1671953142 ,b7c5aa5e-604e-3cef-90e6-75511688b39b,   -7.433870 ,  -39.642110 ,2024-02-01 16:30:00,Brasil,PERNAMBUCO,EXU,Caatinga
 1671953143 ,b31cd3ac-2f3a-3a84-beef-a553ec18f794,   -7.432270 ,  -39.630210 ,2024-02-01 16:30:00,Brasil,PERNAMBUCO,EXU,Caatinga
 1672687671 ,1e9a6d52-44da-3766-a363-966e7086aec2,   -8.139190 ,  -35.331860 ,2024-02-05 15:58:00,Brasil,PERNAMBUCO,VITÓRIA DE SANTO ANTÃO,Mata Atlântica
 1672687672 ,7f7c00ab-affe-30e2-aeea-9344a40f82b0,   -7.825330 ,  -35.553510 ,2024-02-05 15:58:00,Brasil,PERNAMBUCO,JOÃO ALFREDO,Caatinga
 1672687680 ,611d04de-bb21-3cfc-9dd0-f8df705aa934,   -8.149130 ,  -35.346720 ,2024-02-05 15:58:00,Brasil,PERNAMBUCO,POMBOS,Mata Atlântica
 1672687692 ,a904f3e9-4abd-3477-9fd2-4a288fe15269,   -8.146180 ,  -35.323700 ,2024-02-05 15:58:00,Brasil,PERNAMBUCO,VITÓRIA DE SANTO ANTÃO,Mata Atlântica
 1672900102 ,8dc35d85-02da-3b12-bfd4-4d661edd72f6,   -9.219760 ,  -36.977220 ,2024-02-06 16:39:00,Brasil,PERNAMBUCO,ÁGUAS BELAS,Caatinga
 1672900106 ,f166e66c-56e0-3d48-a658-49e79c73e64b,   -8.688220 ,  -35.633080 ,2024-02-06 16:39:00,Brasil,PERNAMBUCO,PALMARES,Mata Atlântica
 1672900107 ,0c0bd4d4-86fb-321d-becb-50dbc7acee16,   -8.503710 ,  -36.022090 ,2024-02-06 16:39:00,Brasil,PERNAMBUCO,ALTINHO,Mata Atlântica
 1672900108 ,2a2b3b14-d32e-3497-a631-add623505398,   -8.482220 ,  -36.976440 ,2024-02-06 16:39:00,Brasil,PERNAMBUCO,PEDRA,Caatinga
 1672900109 ,69033834-3f2c-3f79-b3bc-158b415fb717,   -8.133600 ,  -38.616920 ,2024-02-06 16:39:00,Brasil,PERNAMBUCO,SÃO JOSÉ DO BELMONTE,Caatinga
 1672900110 ,0283519a-39fd-3760-bf48-2101b2b00176,   -8.123830 ,  -38.624840 ,2024-02-06 16:39:00,Brasil,PERNAMBUCO,SÃO JOSÉ DO BELMONTE,Caatinga
 1672900111 ,7e499746-0cfa-39ac-ac0b-c573aaf872ef,   -7.899370 ,  -39.106110 ,2024-02-06 16:39:00,Brasil,PERNAMBUCO,SALGUEIRO,Caatinga
 1672900112 ,3cff8ed9-cf20-374d-93dc-19934b055680,   -7.898080 ,  -39.097130 ,2024-02-06 16:39:00,Brasil,PERNAMBUCO,SALGUEIRO,Caatinga
 1672900113 ,138f486a-fff2-34c6-ac72-e279c2d17292,   -7.539770 ,  -37.587250 ,2024-02-06 16:39:00,Brasil,PERNAMBUCO,TABIRA,Caatinga
 1672900114 ,df2d6d70-d150-3597-b8fa-c61c6ad0e586,   -7.538410 ,  -37.578060 ,2024-02-06 16:39:00,Brasil,PERNAMBUCO,TABIRA,Caatinga
 1672900116 ,3e558e3d-0566-3167-b980-b612ccde08ea,   -7.515490 ,  -37.606220 ,2024-02-06 16:39:00,Brasil,PERNAMBUCO,TABIRA,Caatinga
 1673622392 ,05ba582a-21c8-3ce8-99b1-0c20321ea2fc,   -8.171520 ,  -35.404500 ,2024-02-10 16:09:00,Brasil,PERNAMBUCO,POMBOS,Mata Atlântica
 1673622393 ,84a1de81-6a8f-3ef1-9ae2-cd7f5628f5eb,   -8.170390 ,  -35.397820 ,2024-02-10 16:09:00,Brasil,PERNAMBUCO,POMBOS,Mata Atlântica
 1673622395 ,432ede0d-1b6c-3246-95c3-eb2106bd4515,   -8.169460 ,  -35.389600 ,2024-02-10 16:09:00,Brasil,PERNAMBUCO,POMBOS,Mata Atlântica
 1674081161 ,519a456c-0bd2-3be0-b51f-2e07fed72f14,   -8.628320 ,  -35.157330 ,2024-02-13 16:34:00,Brasil,PERNAMBUCO,RIO FORMOSO,Mata Atlântica
 1674397132 ,2865fe32-46cd-37c3-a01d-1a43dfd13dc9,   -8.167650 ,  -35.420720 ,2024-02-15 16:20:00,Brasil,PERNAMBUCO,POMBOS,Mata Atlântica
 1674682271 ,3b3189a4-9816-3a60-beda-498927bc499d,   -7.950310 ,  -38.834680 ,2024-02-17 16:05:00,Brasil,PERNAMBUCO,SÃO JOSÉ DO BELMONTE,Caatinga
 1674682272 ,625235a0-43d1-3522-b0c6-23d1c5be2b67,   -7.946430 ,  -38.839790 ,2024-02-17 16:05:00,Brasil,PERNAMBUCO,SÃO JOSÉ DO BELMONTE,Caatinga
 1675178497 ,74bd06e2-396e-388f-8a4e-37399bad3f9b,   -8.395650 ,  -34.971140 ,2024-02-20 16:28:00,Brasil,PERNAMBUCO,IPOJUCA,Mata Atlântica
 1676098956 ,b7405782-8ac0-38b9-bcbb-0379b293f392,   -8.712510 ,  -35.250650 ,2024-02-25 16:37:00,Brasil,PERNAMBUCO,TAMANDARÉ,Mata Atlântica
 1676343697 ,c5f79877-f8d0-31c0-81d0-4c3e7de7fd9c,   -8.796100 ,  -35.255870 ,2024-02-27 16:22:00,Brasil,PERNAMBUCO,BARREIROS,Mata Atlântica
 1676648723 ,6d83c621-2737-357c-b583-ae7c9dc7ccce,   -8.293870 ,  -35.037970 ,2024-02-29 16:07:00,Brasil,PERNAMBUCO,CABO DE SANTO AGOSTINHO,Mata Atlântica
 1676648756 ,468fefde-929e-3416-84eb-845477aec97b,   -8.382630 ,  -35.021040 ,2024-02-29 16:07:00,Brasil,PERNAMBUCO,IPOJUCA,Mata Atlântica
 1676648764 ,93ecb097-4fbd-349c-a70e-d21c634ca4f2,   -8.822010 ,  -35.155730 ,2024-02-29 16:07:00,Brasil,PERNAMBUCO,BARREIROS,Mata Atlântica
 1677560198 ,e1bdafdd-b7d2-3492-bf25-8556f7983b19,   -9.260520 ,  -36.805120 ,2024-03-08 16:39:00,Brasil,PERNAMBUCO,BOM CONSELHO,Caatinga
 1677880723 ,52505b08-6d28-308b-b711-4cdd3f117fa3,   -8.732970 ,  -35.339890 ,2024-03-10 16:24:00,Brasil,PERNAMBUCO,TAMANDARÉ,Mata Atlântica
 1677880729 ,77be7a74-58dd-3dc4-9146-8a9baa30bfba,   -7.933610 ,  -35.736950 ,2024-03-10 16:24:00,Brasil,PERNAMBUCO,SURUBIM,Caatinga
 1678201391 ,bc6f8c45-2b9a-36ed-acc2-03e6a2455f9b,   -8.883970 ,  -37.388750 ,2024-03-12 16:09:00,Brasil,PERNAMBUCO,ITAÍBA,Caatinga
 1678201392 ,f2627471-feda-3b08-8048-b477dd32f32b,   -8.877850 ,  -37.396550 ,2024-03-12 16:09:00,Brasil,PERNAMBUCO,ITAÍBA,Caatinga
 1678201393 ,d75eb0f7-9034-3d62-9747-c38b47ee0d5f,   -8.175440 ,  -38.740380 ,2024-03-12 16:09:00,Brasil,PERNAMBUCO,MIRANDIBA,Caatinga
 1678764993 ,80df4a8e-cda2-31a0-bd86-a36dda763d1a,   -9.017900 ,  -36.811940 ,2024-03-15 16:35:00,Brasil,PERNAMBUCO,IATI,Caatinga
 1678764994 ,b0cea81c-9ba0-3510-b755-a62d82739e73,   -8.610460 ,  -35.217140 ,2024-03-15 16:35:00,Brasil,PERNAMBUCO,SIRINHAÉM,Mata Atlântica
 1679100324 ,e5916ab2-a770-3d4c-8da6-f60f992a9271,   -8.656230 ,  -35.312010 ,2024-03-17 16:20:00,Brasil,PERNAMBUCO,RIO FORMOSO,Mata Atlântica
 1679100325 ,b18e71e6-76fb-31fa-9826-40dc26d19fd4,   -8.310660 ,  -39.883610 ,2024-03-17 16:20:00,Brasil,PERNAMBUCO,PARNAMIRIM,Caatinga
 1679100326 ,5e1ac351-18d9-3b63-9c08-8f29f3fc3d01,   -8.306160 ,  -39.888940 ,2024-03-17 16:20:00,Brasil,PERNAMBUCO,PARNAMIRIM,Caatinga
 1679502996 ,766a5188-54e5-34c2-8d2c-2d0e629ef285,   -9.234070 ,  -36.746100 ,2024-03-20 16:43:00,Brasil,PERNAMBUCO,BOM CONSELHO,Caatinga
 1679502998 ,a7cf2b3f-7279-34c3-a9ca-48ec763ef6ad,   -8.945770 ,  -37.524290 ,2024-03-20 16:43:00,Brasil,PERNAMBUCO,MANARI,Caatinga
 1679502999 ,a9a601c4-ca95-325a-aed0-4d4ee133fa4e,   -8.944420 ,  -37.515130 ,2024-03-20 16:43:00,Brasil,PERNAMBUCO,ITAÍBA,Caatinga
 1679503000 ,5676259a-295f-3da0-b489-9219bf6c9ee2,   -8.856500 ,  -36.310760 ,2024-03-20 16:43:00,Brasil,PERNAMBUCO,ANGELIM,Mata Atlântica
 1679503001 ,ffcb47ea-6a9a-35dd-9a68-1fa796f70da4,   -8.805030 ,  -37.074460 ,2024-03-20 16:43:00,Brasil,PERNAMBUCO,BUÍQUE,Caatinga
 1679503002 ,28e3f9a5-622b-339f-9cf8-33b9460bdc52,   -8.803630 ,  -37.064930 ,2024-03-20 16:43:00,Brasil,PERNAMBUCO,BUÍQUE,Caatinga
 1679503003 ,a733a4fc-db4a-32f3-88ab-827e9350b9e6,   -8.437000 ,  -37.638210 ,2024-03-20 16:43:00,Brasil,PERNAMBUCO,IBIMIRIM,Caatinga
 1679503004 ,bd16534c-2903-3cb5-ae5f-4c62e0ebeb11,   -8.349740 ,  -38.740020 ,2024-03-20 16:43:00,Brasil,PERNAMBUCO,CARNAUBEIRA DA PENHA,Caatinga
 1679503005 ,860024fe-18c6-3e5d-bdec-0316e92dc0e7,   -8.319840 ,  -35.273590 ,2024-03-20 16:43:00,Brasil,PERNAMBUCO,ESCADA,Mata Atlântica
 1679503006 ,96c34511-1ec1-3ceb-b00f-ec1a95295d37,   -8.295390 ,  -40.548320 ,2024-03-20 16:43:00,Brasil,PERNAMBUCO,SANTA FILOMENA,Caatinga
 1679503007 ,87a5c8a5-9219-3d83-a246-ed6aa8c3f337,   -7.951130 ,  -35.671070 ,2024-03-20 16:43:00,Brasil,PERNAMBUCO,CUMARU,Caatinga
 1679503009 ,c6f3ae35-fe05-33ed-acc9-dceff394c294,   -7.451610 ,  -35.154920 ,2024-03-20 16:43:00,Brasil,PERNAMBUCO,ITAMBÉ,Mata Atlântica
 1679691433 ,263b9957-f0ad-3411-ad7b-140a22d2eed9,   -9.199240 ,  -36.452450 ,2024-03-22 16:26:00,Brasil,PERNAMBUCO,LAGOA DO OURO,Mata Atlântica
 1679691434 ,bd86e78b-9915-3d30-bb4d-0678cb7aa5a0,   -9.118990 ,  -36.736790 ,2024-03-22 16:26:00,Brasil,PERNAMBUCO,BOM CONSELHO,Caatinga
 1679691435 ,b19849d7-a492-31e8-9c2f-f082455f9031,   -8.781580 ,  -37.096070 ,2024-03-22 16:26:00,Brasil,PERNAMBUCO,BUÍQUE,Caatinga
 1679691437 ,78ddf909-ab4a-3552-a3d8-4583fa4567c5,   -8.312320 ,  -39.886960 ,2024-03-22 16:26:00,Brasil,PERNAMBUCO,PARNAMIRIM,Caatinga
 1679691438 ,f148f6b5-56e7-36a1-aba5-9e1e22b0bd2d,   -8.309780 ,  -39.898480 ,2024-03-22 16:26:00,Brasil,PERNAMBUCO,PARNAMIRIM,Caatinga
 1679691439 ,dc91e0ac-6517-37fa-bd9e-f9fbd9c5801b,   -8.307690 ,  -39.882480 ,2024-03-22 16:26:00,Brasil,PERNAMBUCO,PARNAMIRIM,Caatinga
 1679691440 ,09f94d2a-cf89-3843-9d34-8ae6ef04f352,   -7.997210 ,  -37.557350 ,2024-03-22 16:26:00,Brasil,PERNAMBUCO,CUSTÓDIA,Caatinga
 1679691441 ,02a8966d-2b58-3035-84a3-4f3c5360269b,   -7.995710 ,  -37.546420 ,2024-03-22 16:26:00,Brasil,PERNAMBUCO,CUSTÓDIA,Caatinga
 1679691442 ,50e28dd4-9109-36ee-87d2-e5948c52178b,   -7.541380 ,  -37.508550 ,2024-03-22 16:28:00,Brasil,PERNAMBUCO,TABIRA,Caatinga
 1679794603 ,17d0ab73-b440-34c2-b1c0-0d3074a77ce3,   -7.862370 ,  -38.838420 ,2024-03-23 17:09:00,Brasil,PERNAMBUCO,SÃO JOSÉ DO BELMONTE,Caatinga
 1679892860 ,e2a1738c-f451-30bd-82c6-a337d24c1874,   -8.316700 ,  -35.404250 ,2024-03-24 16:11:00,Brasil,PERNAMBUCO,PRIMAVERA,Mata Atlântica
 1679995077 ,e9955626-605a-36c5-9a5d-de5a3c93c5a3,   -7.658410 ,  -39.863370 ,2024-03-25 16:54:00,Brasil,PERNAMBUCO,EXU,Caatinga
 1680959362 ,6aa442f3-5678-3722-8a18-bd6a97d3d744,   -8.055210 ,  -35.144520 ,2024-03-31 16:05:00,Brasil,PERNAMBUCO,SÃO LOURENÇO DA MATA,Mata Atlântica
 1680959363 ,8ef2a332-0114-3dba-b944-35a352b1e86c,   -8.052630 ,  -35.124910 ,2024-03-31 16:05:00,Brasil,PERNAMBUCO,SÃO LOURENÇO DA MATA,Mata Atlântica
 1681426874 ,953dabda-b29a-301c-9f84-1c0a6bdfd802,   -8.070260 ,  -35.101790 ,2024-04-03 16:30:00,Brasil,PERNAMBUCO,SÃO LOURENÇO DA MATA,Mata Atlântica
 1681426875 ,87bd5510-6b79-35b7-9e42-0d97bb88b5db,   -7.933220 ,  -38.819630 ,2024-04-03 16:30:00,Brasil,PERNAMBUCO,SÃO JOSÉ DO BELMONTE,Caatinga
 1681426876 ,f435dbd1-6b57-35f4-a3be-6fa82eafd818,   -7.882970 ,  -35.269330 ,2024-04-03 16:30:00,Brasil,PERNAMBUCO,CARPINA,Mata Atlântica
 1681426877 ,4c1a1c81-2166-308b-a97c-85fe022d7004,   -7.706350 ,  -35.134800 ,2024-04-03 16:30:00,Brasil,PERNAMBUCO,TRACUNHAÉM,Mata Atlântica
 1681426878 ,a7b5323e-e7b8-376f-892e-683a4d50fe22,   -7.470320 ,  -35.091150 ,2024-04-03 16:30:00,Brasil,PERNAMBUCO,ITAMBÉ,Mata Atlântica
 1681934660 ,07cae231-e745-333e-97a7-dc2657d3fa0d,   -8.949350 ,  -37.522770 ,2024-04-06 16:54:00,Brasil,PERNAMBUCO,MANARI,Caatinga
 1682078901 ,10f46d2c-b657-3f74-9ce5-2d562fad8c5a,   -8.538060 ,  -35.134230 ,2024-04-07 15:56:00,Brasil,PERNAMBUCO,SIRINHAÉM,Mata Atlântica
 1682078902 ,0622589e-2a83-3c9b-8770-fde2bff5904c,   -8.536090 ,  -35.129730 ,2024-04-07 15:56:00,Brasil,PERNAMBUCO,SIRINHAÉM,Mata Atlântica
 1682240329 ,f7d46107-b40b-398b-a59c-61978761bbf3,   -9.416600 ,  -40.763460 ,2024-04-08 16:39:00,Brasil,PERNAMBUCO,PETROLINA,Caatinga
 1682240332 ,b0ba873f-a189-365a-b90e-99299961e45d,   -8.798640 ,  -37.186450 ,2024-04-08 16:39:00,Brasil,PERNAMBUCO,TUPANATINGA,Caatinga
 1682240334 ,e20a6a57-0176-38bd-b054-d8206cce125a,   -8.573240 ,  -39.607750 ,2024-04-08 16:39:00,Brasil,PERNAMBUCO,OROCÓ,Caatinga
 1682240335 ,1e336bb9-0132-3617-b611-13935bc86d28,   -8.366820 ,  -36.379430 ,2024-04-08 16:39:00,Brasil,PERNAMBUCO,BELO JARDIM,Caatinga
 1682240337 ,eb968d84-3be9-3359-933d-cf3cc9315d49,   -7.396620 ,  -39.820290 ,2024-04-08 16:39:00,Brasil,PERNAMBUCO,EXU,Caatinga
 1682240338 ,2ff96663-f309-3efd-b57e-1411ead7eef0,   -7.395130 ,  -39.809770 ,2024-04-08 16:39:00,Brasil,PERNAMBUCO,EXU,Caatinga
 1672294323 ,1f51f341-17b3-3d5e-aaed-37e7358644be,   -8.285190 ,  -37.640360 ,2024-02-03 16:13:00,Brasil,PERNAMBUCO,CUSTÓDIA,Caatinga
 1672294326 ,062db962-711d-3b21-8653-4739e736f41f,   -8.279790 ,  -37.648000 ,2024-02-03 16:13:00,Brasil,PERNAMBUCO,CUSTÓDIA,Caatinga
 1672294327 ,64d5c5e0-cdaa-3fd1-a0a6-7ef2094ef735,   -8.277460 ,  -37.631000 ,2024-02-03 16:13:00,Brasil,PERNAMBUCO,CUSTÓDIA,Caatinga
 1673315105 ,70482caa-e858-3ddd-9092-a5cdec571ac8,   -8.710490 ,  -37.171280 ,2024-02-08 16:24:00,Brasil,PERNAMBUCO,BUÍQUE,Caatinga
 1673315106 ,659001f5-6538-35f5-84ad-8c279a6f934d,   -8.709040 ,  -37.160760 ,2024-02-08 16:24:00,Brasil,PERNAMBUCO,BUÍQUE,Caatinga
 1673315107 ,dcdf64e0-52ec-3336-9916-1828d41a3c80,   -8.357320 ,  -35.438120 ,2024-02-08 16:24:00,Brasil,PERNAMBUCO,AMARAJI,Mata Atlântica
 1673315108 ,6a0ef35d-6295-3e90-b679-ac1f00177a53,   -8.300990 ,  -35.499220 ,2024-02-08 16:24:00,Brasil,PERNAMBUCO,CHÃ GRANDE,Mata Atlântica
 1673315109 ,1da4e3eb-d409-33be-9f67-6f1d4a158813,   -8.052650 ,  -35.370910 ,2024-02-08 16:24:00,Brasil,PERNAMBUCO,GLÓRIA DO GOITÁ,Mata Atlântica
 1673315110 ,f27d0c78-3b8d-3b56-badd-f0ad8e860908,   -7.848350 ,  -35.549200 ,2024-02-08 16:24:00,Brasil,PERNAMBUCO,JOÃO ALFREDO,Caatinga
 1673315111 ,6e76fc17-4525-30dd-997d-ebb170c91d36,   -7.847040 ,  -35.540060 ,2024-02-08 16:24:00,Brasil,PERNAMBUCO,JOÃO ALFREDO,Caatinga
 1673315112 ,b746459f-9b48-3745-9bad-43bffa9bfd0b,   -7.703380 ,  -35.694560 ,2024-02-08 16:24:00,Brasil,PERNAMBUCO,CASINHAS,Caatinga
 1673315114 ,dd6779c9-e8f6-35e1-a4ac-cd7135d241e0,   -7.594980 ,  -37.666360 ,2024-02-08 16:24:00,Brasil,PERNAMBUCO,SOLIDÃO,Caatinga
 1677184485 ,021954f9-ddc3-3f73-afac-90a1941a142a,   -8.749080 ,  -35.591850 ,2024-03-05 16:15:00,Brasil,PERNAMBUCO,ÁGUA PRETA,Mata Atlântica
 1677184486 ,ab087280-cd80-3643-855d-64bdb69c20ef,   -8.702370 ,  -37.377330 ,2024-03-05 16:15:00,Brasil,PERNAMBUCO,TUPANATINGA,Caatinga
 1677184487 ,a5343fa5-7c5d-3cbf-b132-7adaf1a4619d,   -8.695190 ,  -37.373230 ,2024-03-05 16:15:00,Brasil,PERNAMBUCO,TUPANATINGA,Caatinga
 1677184489 ,24b3e9c5-233c-391d-aa8d-b91182e2c7cc,   -8.391000 ,  -35.125620 ,2024-03-05 16:15:00,Brasil,PERNAMBUCO,IPOJUCA,Mata Atlântica
 1677184490 ,a84b4068-cb46-3869-bca6-614000a747ab,   -8.359310 ,  -35.635620 ,2024-03-05 16:15:00,Brasil,PERNAMBUCO,SAIRÉ,Mata Atlântica
 1680660230 ,1272bc58-1bd0-3fa4-9ba2-fd97d59e85fb,   -8.187200 ,  -36.012040 ,2024-03-29 16:22:00,Brasil,PERNAMBUCO,CARUARU,Mata Atlântica
 1683497429 ,9e0ad048-2dea-3004-a717-4977ac22b63d,   -7.651720 ,  -35.123450 ,2024-04-15 16:33:00,Brasil,PERNAMBUCO,CONDADO,Mata Atlântica
 1683800542 ,01fabc81-ce2f-3e5f-881e-ccac80cdfeb0,   -8.945600 ,  -36.610920 ,2024-04-17 16:16:00,Brasil,PERNAMBUCO,GARANHUNS,Mata Atlântica
 1684572100 ,e396b0c5-1611-3ce9-9360-aef08c53e7cc,   -9.227410 ,  -37.147430 ,2024-04-22 16:24:00,Brasil,PERNAMBUCO,ÁGUAS BELAS,Caatinga
 1684572103 ,e63f819e-9001-3cdb-a793-cb0dbae71336,   -7.939640 ,  -38.815600 ,2024-04-22 16:24:00,Brasil,PERNAMBUCO,SÃO JOSÉ DO BELMONTE,Caatinga
 1684572113 ,d177a07a-6a05-33af-b530-6f00206363da,   -8.521220 ,  -40.168040 ,2024-04-22 16:24:00,Brasil,PERNAMBUCO,SANTA MARIA DA BOA VISTA,Caatinga
 1684973854 ,5a424441-1c7e-331d-80cf-b30aae118fde,   -8.802720 ,  -37.468690 ,2024-04-25 16:50:00,Brasil,PERNAMBUCO,MANARI,Caatinga
 1684973862 ,68858e64-f6b8-386a-bd78-d8c0dd8b9fc6,   -7.777860 ,  -38.889340 ,2024-04-25 16:50:00,Brasil,PERNAMBUCO,SÃO JOSÉ DO BELMONTE,Caatinga
 1686181300 ,d971c4e5-6614-3a9b-afbe-e389b9e5ba2d,   -9.086930 ,  -40.439980 ,2024-05-02 16:39:00,Brasil,PERNAMBUCO,PETROLINA,Caatinga
 1686539214 ,307e4b81-a250-33cc-9299-10a0260df20e,   -7.385620 ,  -35.215050 ,2024-05-04 16:24:00,Brasil,PERNAMBUCO,ITAMBÉ,Mata Atlântica
 1687479566 ,a76e743a-caa3-30af-aefc-765ad8296d69,   -8.311530 ,  -40.599190 ,2024-05-10 17:13:00,Brasil,PERNAMBUCO,SANTA FILOMENA,Caatinga
 1688025956 ,202f98ed-ff96-3a9d-810e-c08cdd58e2bb,   -8.175020 ,  -35.952240 ,2024-05-14 16:39:00,Brasil,PERNAMBUCO,RIACHO DAS ALMAS,Mata Atlântica
 1688025957 ,da1b8862-1903-3faf-a5ac-0ea8dcb72726,   -8.165310 ,  -35.576240 ,2024-05-14 16:39:00,Brasil,PERNAMBUCO,GRAVATÁ,Mata Atlântica
 1688025958 ,5c7bdf54-f07d-3712-9514-9e025f646ab8,   -8.040450 ,  -36.425420 ,2024-05-14 16:39:00,Brasil,PERNAMBUCO,JATAÚBA,Caatinga
 1689132392 ,6793161f-e625-3d71-9e9d-84e840dbc4aa,   -8.195730 ,  -35.663890 ,2024-05-21 16:33:00,Brasil,PERNAMBUCO,BEZERROS,Mata Atlântica
 1689132393 ,1d326bbc-b769-3e32-b744-e54629a23326,   -8.178220 ,  -35.220050 ,2024-05-21 16:33:00,Brasil,PERNAMBUCO,MORENO,Mata Atlântica
 1689566360 ,4df2dee7-b128-3e22-95f0-87050307c6b9,   -8.200960 ,  -38.728260 ,2024-05-24 16:54:00,Brasil,PERNAMBUCO,MIRANDIBA,Caatinga
 1689566361 ,843ec861-695e-3002-88ce-d7d4bc391db1,   -8.199500 ,  -38.718510 ,2024-05-24 16:54:00,Brasil,PERNAMBUCO,MIRANDIBA,Caatinga
 1689566377 ,e25ca719-87f8-31f8-9b88-39ec2a57ea57,   -7.358960 ,  -39.949130 ,2024-05-24 16:56:00,Brasil,PERNAMBUCO,BODOCÓ,Caatinga
 1689823478 ,cb1e2b4e-650a-3770-8e2a-98bb1b3a76fa,   -7.799210 ,  -37.291070 ,2024-05-26 16:39:00,Brasil,PERNAMBUCO,IGUARACY,Caatinga
 1689961483 ,2582bf10-7426-30c6-bf3d-422c63b2fa60,   -7.367860 ,  -39.931740 ,2024-05-27 17:20:00,Brasil,PERNAMBUCO,BODOCÓ,Caatinga
 1690124201 ,c5886062-841f-345e-8e12-3092f37deb09,   -7.365550 ,  -39.952440 ,2024-05-28 16:22:00,Brasil,PERNAMBUCO,BODOCÓ,Caatinga
 1690124202 ,5dcf5418-796f-3fd2-8f66-8f6c2f33df50,   -7.362200 ,  -39.927950 ,2024-05-28 16:22:00,Brasil,PERNAMBUCO,BODOCÓ,Caatinga
 1690124203 ,95048ec1-00cf-3bbe-aaf0-e6f9c977fc90,   -7.355850 ,  -39.947000 ,2024-05-28 16:22:00,Brasil,PERNAMBUCO,BODOCÓ,Caatinga
 1690461413 ,2dcc10e7-929a-3152-baf1-9be21eb0e22a,   -8.020530 ,  -38.875340 ,2024-05-31 16:48:00,Brasil,PERNAMBUCO,MIRANDIBA,Caatinga
 1690461414 ,d2cb3ef3-81a8-33fe-8a33-59a0a492971a,   -8.028160 ,  -38.864990 ,2024-05-31 16:48:00,Brasil,PERNAMBUCO,MIRANDIBA,Caatinga
 1690461415 ,8a155a1a-0aa4-3519-b8e1-10ed42eb8647,   -8.029450 ,  -38.873990 ,2024-05-31 16:48:00,Brasil,PERNAMBUCO,MIRANDIBA,Caatinga
 1690461416 ,d6637f82-639a-34df-858e-1f28efb65bd9,   -9.079270 ,  -40.637840 ,2024-05-31 16:48:00,Brasil,PERNAMBUCO,PETROLINA,Caatinga
 1690461417 ,aa0b97ac-31b7-39ca-8cd3-0ae7618006d8,   -9.080740 ,  -40.648520 ,2024-05-31 16:48:00,Brasil,PERNAMBUCO,PETROLINA,Caatinga
 1690461419 ,a0defb18-1ca8-3370-b741-4a9ebc6aa2cb,   -9.370650 ,  -40.611740 ,2024-05-31 16:48:00,Brasil,PERNAMBUCO,PETROLINA,Caatinga
 1690461476 ,415eccb5-3e85-35df-a3c8-a055a6fc5b73,   -7.352230 ,  -39.929910 ,2024-05-31 16:48:00,Brasil,PERNAMBUCO,BODOCÓ,Caatinga
 1690461477 ,77868046-255e-3fa4-a0d3-39108ab0d27f,   -7.353590 ,  -39.939410 ,2024-05-31 16:48:00,Brasil,PERNAMBUCO,BODOCÓ,Caatinga
 1690461478 ,db401448-b1df-319e-995c-53834b9c4a18,   -7.361380 ,  -39.928590 ,2024-05-31 16:48:00,Brasil,PERNAMBUCO,BODOCÓ,Caatinga
 1690565366 ,b05a9cb8-ff4d-349a-84d3-112fd3714a5e,   -9.042810 ,  -40.592470 ,2024-06-01 17:26:00,Brasil,PERNAMBUCO,PETROLINA,Caatinga
 1693583016 ,81673ef3-ad77-3d11-8804-fd6d769804db,   -9.301240 ,  -40.583040 ,2024-06-19 16:35:00,Brasil,PERNAMBUCO,PETROLINA,Caatinga
 1695293667 ,6e391f13-fc15-3521-8715-994320990da3,   -8.130260 ,  -38.665780 ,2024-06-27 17:07:00,Brasil,PERNAMBUCO,MIRANDIBA,Caatinga
 1695293669 ,5d121d50-51d1-33dc-bc29-b1357b7ed288,   -7.555360 ,  -39.982190 ,2024-06-27 17:07:00,Brasil,PERNAMBUCO,BODOCÓ,Caatinga
 1695293670 ,efcb6eb8-31ae-3f97-8ec2-47ce38cc50e7,   -7.553710 ,  -39.971280 ,2024-06-27 17:07:00,Brasil,PERNAMBUCO,BODOCÓ,Caatinga
 1695913741 ,902b3bd3-050a-3d8d-84f0-9172b14857e4,   -9.203730 ,  -40.648280 ,2024-06-30 17:30:00,Brasil,PERNAMBUCO,PETROLINA,Caatinga
 1696886801 ,144e4ba8-fcf8-31cd-ba51-c0c71292958c,   -8.780170 ,  -38.732860 ,2024-07-04 16:56:00,Brasil,PERNAMBUCO,ITACURUBA,Caatinga
 1699544255 ,59818d17-4e86-3d61-baaa-6efb4d0597d7,   -7.361310 ,  -40.286480 ,2024-07-14 17:09:00,Brasil,PERNAMBUCO,IPUBI,Caatinga
 1699544256 ,f3699393-a52f-3aed-9c63-58b0694d1c34,   -7.359570 ,  -40.274940 ,2024-07-14 17:09:00,Brasil,PERNAMBUCO,IPUBI,Caatinga
 1699929419 ,557227f3-6ed5-32e7-b66b-c00ea98554be,   -7.699090 ,  -35.312460 ,2024-07-16 16:54:00,Brasil,PERNAMBUCO,VICÊNCIA,Mata Atlântica
 1701303630 ,184b09d9-efae-373c-bf71-f7d8716c1c62,   -7.373500 ,  -40.280300 ,2024-07-21 17:00:00,Brasil,PERNAMBUCO,IPUBI,Caatinga
 1701303632 ,f31e8ae9-7e0c-38bc-ab59-a562b84568ae,   -7.364610 ,  -40.281630 ,2024-07-21 17:00:00,Brasil,PERNAMBUCO,IPUBI,Caatinga
 1702873067 ,ced94541-0f80-36cb-9fdc-1bff6f0ab684,   -7.977950 ,  -39.833730 ,2024-07-26 17:07:00,Brasil,PERNAMBUCO,BODOCÓ,Caatinga
 1702873069 ,67639459-319c-3dde-8c88-2f1e1afae814,   -9.306000 ,  -40.432810 ,2024-07-26 17:07:00,Brasil,PERNAMBUCO,PETROLINA,Caatinga
 1703422180 ,cc1563b3-268e-3e85-a8c4-5c7f87d8f58d,   -8.815760 ,  -40.846340 ,2024-07-28 16:50:00,Brasil,PERNAMBUCO,PETROLINA,Caatinga
 1703422185 ,244f3b51-70b4-3187-b38f-00218e73c6d5,   -7.786560 ,  -40.281500 ,2024-07-28 16:50:00,Brasil,PERNAMBUCO,TRINDADE,Caatinga
 1703422186 ,0d1c977c-c252-3697-9585-91cf4d96008d,   -7.526480 ,  -37.378160 ,2024-07-28 16:50:00,Brasil,PERNAMBUCO,SÃO JOSÉ DO EGITO,Caatinga
 1703422187 ,7d8e77ab-c348-3e55-b9ba-7bc07cb7e941,   -7.525150 ,  -37.369150 ,2024-07-28 16:50:00,Brasil,PERNAMBUCO,SÃO JOSÉ DO EGITO,Caatinga
 1703873276 ,6b00edef-2d89-3cd7-a7d2-b66496d6ed66,   -9.245920 ,  -36.830790 ,2024-07-30 16:33:00,Brasil,PERNAMBUCO,BOM CONSELHO,Caatinga
 1703873277 ,38750095-007e-3531-8f8e-830117baa53c,   -7.655510 ,  -39.739650 ,2024-07-30 16:35:00,Brasil,PERNAMBUCO,EXU,Caatinga
 1703873278 ,ecc3ba0b-68bf-35e7-89a8-b4cf3f169c35,   -7.652840 ,  -39.747050 ,2024-07-30 16:35:00,Brasil,PERNAMBUCO,EXU,Caatinga
 1704078203 ,2b45458c-9f3e-3834-96a1-c8ff533b689e,   -8.248550 ,  -40.330810 ,2024-07-31 17:13:00,Brasil,PERNAMBUCO,SANTA CRUZ,Caatinga
 1704347829 ,58b1eece-965a-31ac-8b9f-dc8962848d92,   -7.419350 ,  -37.496610 ,2024-08-01 16:18:00,Brasil,PERNAMBUCO,SANTA TEREZINHA,Caatinga
 1704702433 ,0615b6d9-34e8-32a1-8cc5-6cc2cf525499,   -9.240590 ,  -40.566020 ,2024-08-02 16:56:00,Brasil,PERNAMBUCO,PETROLINA,Caatinga
 1704702442 ,418f0f27-ea24-347b-8049-5661fe9ba570,   -7.757820 ,  -38.727950 ,2024-08-02 16:56:00,Brasil,PERNAMBUCO,SÃO JOSÉ DO BELMONTE,Caatinga
 1705727497 ,6f9ac096-b7aa-3e70-9efd-902b1391df6f,   -9.218460 ,  -40.510250 ,2024-08-05 17:20:00,Brasil,PERNAMBUCO,PETROLINA,Caatinga
 1705727506 ,dee52406-0d81-3702-add8-b402c60e5b79,   -8.698120 ,  -39.123350 ,2024-08-05 17:20:00,Brasil,PERNAMBUCO,BELÉM DO SÃO FRANCISCO,Caatinga
 1706107692 ,70296bad-5d12-38c9-a258-0088019b8f1a,   -7.620750 ,  -35.024250 ,2024-08-06 16:22:00,Brasil,PERNAMBUCO,GOIANA,Mata Atlântica
 1706541868 ,e55ab98c-566f-3c75-95d6-200d5c5ddefc,   -8.408140 ,  -40.483060 ,2024-08-07 17:02:00,Brasil,PERNAMBUCO,DORMENTES,Caatinga
 1706541906 ,b3072b6d-d112-3c40-b7b9-df9e904a0a7d,   -7.340310 ,  -39.870260 ,2024-08-07 17:05:00,Brasil,PERNAMBUCO,EXU,Caatinga
 1706541907 ,b4e5f930-216d-3004-8ec1-41d0a2adb87a,   -7.331550 ,  -39.867720 ,2024-08-07 17:05:00,Brasil,PERNAMBUCO,EXU,Caatinga
 1708837711 ,bbd74373-9bae-311a-8e43-55ee59c0a6d0,   -7.968860 ,  -39.986660 ,2024-08-12 17:09:00,Brasil,PERNAMBUCO,OURICURI,Caatinga
 1708837712 ,f1815c64-3fe6-33f2-a759-fd0f529103a7,   -7.959300 ,  -39.988170 ,2024-08-12 17:09:00,Brasil,PERNAMBUCO,OURICURI,Caatinga
 1709710191 ,0c085e01-b611-3280-b28e-094b9de8727c,   -9.210630 ,  -40.420620 ,2024-08-14 16:52:00,Brasil,PERNAMBUCO,PETROLINA,Caatinga
 1709710192 ,fd726c8e-68b9-30a1-9949-79cb3f7d00ed,   -9.202470 ,  -40.432320 ,2024-08-14 16:52:00,Brasil,PERNAMBUCO,PETROLINA,Caatinga
 1709710193 ,3c35039a-c75b-32ea-9de6-1f1e823d4b22,   -9.201040 ,  -40.421960 ,2024-08-14 16:52:00,Brasil,PERNAMBUCO,PETROLINA,Caatinga
 1709710194 ,f06252d1-70c3-39f6-9f07-5e97858e361a,   -8.679800 ,  -36.229770 ,2024-08-14 16:52:00,Brasil,PERNAMBUCO,LAJEDO,Mata Atlântica
 1709710195 ,a348d78a-e897-3fb1-9fa6-75975c225c0e,   -8.620520 ,  -39.558420 ,2024-08-14 16:52:00,Brasil,PERNAMBUCO,OROCÓ,Caatinga
 1709710196 ,8cf20c78-f8f8-3992-baea-f8f979247086,   -8.128150 ,  -35.509160 ,2024-08-14 16:52:00,Brasil,PERNAMBUCO,GRAVATÁ,Mata Atlântica
 1709710214 ,0f59d621-06a1-3d07-a0a6-04ec5280227e,   -7.399380 ,  -39.975080 ,2024-08-14 16:52:00,Brasil,PERNAMBUCO,BODOCÓ,Caatinga
 1709710215 ,04fa1586-b524-3953-87a9-16a29c76703c,   -7.383410 ,  -39.928500 ,2024-08-14 16:52:00,Brasil,PERNAMBUCO,BODOCÓ,Caatinga
 1710489403 ,e699ef80-a08e-3a89-a9e5-49306ad6a5c5,   -9.177330 ,  -40.637950 ,2024-08-16 16:35:00,Brasil,PERNAMBUCO,PETROLINA,Caatinga
 1710489404 ,c92f4199-5690-3a07-adc4-b8949025fb29,   -8.538550 ,  -35.671410 ,2024-08-16 16:35:00,Brasil,PERNAMBUCO,BONITO,Mata Atlântica
 1710489419 ,4b8292d3-8785-3eea-9180-9e50abf06e91,   -7.410230 ,  -39.979980 ,2024-08-16 16:35:00,Brasil,PERNAMBUCO,BODOCÓ,Caatinga
 1712244109 ,0271c6e7-06cb-3c59-aea6-62ea8b54cc62,   -7.341440 ,  -39.865420 ,2024-08-20 17:39:00,Brasil,PERNAMBUCO,EXU,Caatinga
 1712244110 ,2713140b-a8c8-3a8a-bfc3-3b99b6288672,   -7.336460 ,  -39.874310 ,2024-08-20 17:39:00,Brasil,PERNAMBUCO,EXU,Caatinga
 1712606878 ,0b66f3ae-232d-3ffb-8c43-8b5c87b1e621,   -9.285070 ,  -36.827900 ,2024-08-21 16:39:00,Brasil,PERNAMBUCO,BOM CONSELHO,Caatinga
 1712606879 ,407cb4fb-a69f-33fd-8f04-570fa036d20d,   -9.283680 ,  -36.818000 ,2024-08-21 16:39:00,Brasil,PERNAMBUCO,BOM CONSELHO,Caatinga
 1712606901 ,a07cd1a1-9c88-3f1d-977a-9522787848f4,   -7.429810 ,  -40.024720 ,2024-08-21 16:39:00,Brasil,PERNAMBUCO,BODOCÓ,Caatinga
 1712606902 ,cb4ed038-989b-374f-81b6-8e124bbffd93,   -7.418590 ,  -40.026270 ,2024-08-21 16:39:00,Brasil,PERNAMBUCO,BODOCÓ,Caatinga
 1713015431 ,11c9747f-f3ae-3e17-9d5d-c18bb0c3ed78,   -8.383790 ,  -36.555180 ,2024-08-22 17:20:00,Brasil,PERNAMBUCO,SANHARÓ,Caatinga
 1713015447 ,d56b5194-8079-3bb8-97e7-01008e61e736,   -7.795500 ,  -38.492080 ,2024-08-22 17:20:00,Brasil,PERNAMBUCO,SERRA TALHADA,Caatinga
 1713015448 ,ba2b0959-0de4-38bb-8a44-8d1fd99ddbdf,   -7.805530 ,  -38.482220 ,2024-08-22 17:20:00,Brasil,PERNAMBUCO,SERRA TALHADA,Caatinga
 1713015484 ,04bbfa39-eaec-38d5-9817-619025914fcf,   -8.022830 ,  -39.583280 ,2024-08-22 17:20:00,Brasil,PERNAMBUCO,PARNAMIRIM,Caatinga
 1713771408 ,b5d2f578-1682-3071-9781-4b24ee8904a4,   -7.586130 ,  -40.455510 ,2024-08-24 17:05:00,Brasil,PERNAMBUCO,ARARIPINA,Caatinga
 1714059300 ,3bd6628c-1ecf-3e72-97ed-224a4aa2b9b5,   -7.580730 ,  -35.041140 ,2024-08-25 16:07:00,Brasil,PERNAMBUCO,GOIANA,Mata Atlântica
 1714059387 ,98bde58e-a5f6-3013-a6fb-65026e7b8131,   -7.583530 ,  -35.048040 ,2024-08-25 16:07:00,Brasil,PERNAMBUCO,GOIANA,Mata Atlântica
 1714422093 ,53caff61-0fcf-371f-a2e7-43ca002dfa08,   -9.184330 ,  -36.833000 ,2024-08-26 16:45:00,Brasil,PERNAMBUCO,BOM CONSELHO,Caatinga
 1714422101 ,8898295e-e916-3820-b6e2-9191aa359e5d,   -8.379850 ,  -36.814100 ,2024-08-26 16:48:00,Brasil,PERNAMBUCO,PESQUEIRA,Caatinga
 1714422135 ,2253c71b-0879-3a06-836e-98a759fbf737,   -7.878650 ,  -38.727650 ,2024-08-26 16:48:00,Brasil,PERNAMBUCO,SÃO JOSÉ DO BELMONTE,Caatinga
 1714422141 ,204a1428-546f-3d14-be77-166b5497cae1,   -7.734620 ,  -38.739430 ,2024-08-26 16:48:00,Brasil,PERNAMBUCO,SÃO JOSÉ DO BELMONTE,Caatinga
 1714422145 ,70d7b663-37c3-38ab-bab3-ca890a8f32ea,   -7.659250 ,  -35.041390 ,2024-08-26 16:48:00,Brasil,PERNAMBUCO,ITAQUITINGA,Mata Atlântica
 1714422146 ,138643f5-32a4-3dbf-b178-378a797bd4f8,   -7.556520 ,  -34.965550 ,2024-08-26 16:48:00,Brasil,PERNAMBUCO,GOIANA,Mata Atlântica
 1714813266 ,22357018-a611-3624-a671-003794825da0,   -9.211610 ,  -40.501570 ,2024-08-27 17:26:00,Brasil,PERNAMBUCO,PETROLINA,Caatinga
 1714813267 ,038420d7-2759-3412-9ac5-040d4f78ea7b,   -9.214510 ,  -40.519320 ,2024-08-27 17:26:00,Brasil,PERNAMBUCO,PETROLINA,Caatinga
 1715207560 ,775d8708-d6e1-34b5-9b40-ff6e8214e343,   -8.527050 ,  -36.931470 ,2024-08-28 16:28:00,Brasil,PERNAMBUCO,PEDRA,Caatinga
 1715577906 ,86776115-edc8-3338-a30c-5f89bf62f4ff,   -9.156660 ,  -40.367240 ,2024-08-29 17:09:00,Brasil,PERNAMBUCO,PETROLINA,Caatinga
 1715577907 ,c99db57f-3040-3fef-b20a-44e53c04fea7,   -9.113270 ,  -40.574010 ,2024-08-29 17:09:00,Brasil,PERNAMBUCO,PETROLINA,Caatinga
 1715577908 ,8c41fb12-c25f-3767-87c9-b83b3a44885c,   -9.198920 ,  -40.650100 ,2024-08-29 17:09:00,Brasil,PERNAMBUCO,PETROLINA,Caatinga
 1715577909 ,5e80aef0-5d93-3c90-afce-45c9dd5801bf,   -9.165800 ,  -40.365860 ,2024-08-29 17:09:00,Brasil,PERNAMBUCO,PETROLINA,Caatinga
 1715577910 ,a8455267-141e-3fba-9ec0-f118b7626e50,   -9.111870 ,  -40.564620 ,2024-08-29 17:09:00,Brasil,PERNAMBUCO,PETROLINA,Caatinga
 1716321354 ,19c6c0a3-f630-3846-9869-975d55257b7b,   -7.347790 ,  -39.892840 ,2024-08-31 16:52:00,Brasil,PERNAMBUCO,EXU,Caatinga
 1716321355 ,4e50d1e8-b9a4-3fed-87a4-905547caca39,   -7.346390 ,  -39.882980 ,2024-08-31 16:52:00,Brasil,PERNAMBUCO,EXU,Caatinga
 1716321319 ,d2bd172a-d963-32ae-b24d-97dbda4ea82e,   -7.719530 ,  -37.852670 ,2024-08-31 16:52:00,Brasil,PERNAMBUCO,QUIXABA,Caatinga
 1716321320 ,5b819128-477f-3161-944e-8f6f55accb52,   -7.718240 ,  -37.843790 ,2024-08-31 16:52:00,Brasil,PERNAMBUCO,QUIXABA,Caatinga
 1716321351 ,6aa467d4-540b-38e9-aa45-9cb295e16c51,   -7.432860 ,  -39.975010 ,2024-08-31 16:52:00,Brasil,PERNAMBUCO,BODOCÓ,Caatinga
 1716321352 ,604f4c4a-8888-3d80-ad00-b95e557c78fb,   -7.430470 ,  -40.026310 ,2024-08-31 16:52:00,Brasil,PERNAMBUCO,BODOCÓ,Caatinga
 1716321353 ,07480b45-dba9-3847-a2fe-5f02c93116b9,   -7.429080 ,  -40.016300 ,2024-08-31 16:52:00,Brasil,PERNAMBUCO,BODOCÓ,Caatinga
 1716896749 ,0cd897d4-d4f0-385b-85ad-b58771a6030a,   -8.296250 ,  -36.889240 ,2024-09-02 16:35:00,Brasil,PERNAMBUCO,PESQUEIRA,Caatinga
 1716896751 ,adf2f0ca-4448-36c0-83b7-a89508f2483f,   -7.725390 ,  -35.203270 ,2024-09-02 16:35:00,Brasil,PERNAMBUCO,NAZARÉ DA MATA,Mata Atlântica
 1716896752 ,baf8e7fd-167c-39ed-9808-210823570f21,   -7.724030 ,  -35.193590 ,2024-09-02 16:35:00,Brasil,PERNAMBUCO,NAZARÉ DA MATA,Mata Atlântica
 1716896753 ,9a77adbf-b603-3f2a-9201-dba8d1903a30,   -7.662770 ,  -37.694830 ,2024-09-02 16:35:00,Brasil,PERNAMBUCO,CARNAÍBA,Caatinga
 1717354587 ,ce6a050f-a63c-3166-b70c-e2df5e4ce772,   -7.662800 ,  -39.743960 ,2024-09-03 17:13:00,Brasil,PERNAMBUCO,EXU,Caatinga
 1717354589 ,eac00da9-5f68-37d3-bb77-71e334589f83,   -9.235160 ,  -40.644720 ,2024-09-03 17:13:00,Brasil,PERNAMBUCO,PETROLINA,Caatinga
 1717354590 ,3b871d75-8cc7-3956-b84d-9d2a09dce587,   -9.233570 ,  -40.634190 ,2024-09-03 17:13:00,Brasil,PERNAMBUCO,PETROLINA,Caatinga
 1717354591 ,a263ce0a-daa9-328b-90c5-8dc27e1b8e27,   -9.225590 ,  -40.646280 ,2024-09-03 17:13:00,Brasil,PERNAMBUCO,PETROLINA,Caatinga
 1717354592 ,8df64748-f627-319d-bc3b-c9a25db1b4ea,   -9.223990 ,  -40.635760 ,2024-09-03 17:13:00,Brasil,PERNAMBUCO,PETROLINA,Caatinga
 1717354593 ,99ee9c70-74e6-3e03-bf3d-180c5ca48637,   -8.503300 ,  -39.935050 ,2024-09-03 17:13:00,Brasil,PERNAMBUCO,SANTA MARIA DA BOA VISTA,Caatinga
 1717354594 ,e12f6ab3-4130-35ef-8db6-ab349e06992a,   -8.500550 ,  -39.929710 ,2024-09-03 17:13:00,Brasil,PERNAMBUCO,SANTA MARIA DA BOA VISTA,Caatinga
 1717354595 ,08029005-1e24-37e4-8d6f-0ea625f90aaf,   -8.047710 ,  -40.582540 ,2024-09-03 17:13:00,Brasil,PERNAMBUCO,SANTA FILOMENA,Caatinga
 1718508515 ,4d664847-d895-307e-93f3-30c706bea41e,   -8.367820 ,  -40.691720 ,2024-09-06 17:37:00,Brasil,PERNAMBUCO,DORMENTES,Caatinga
 1718866625 ,bfc541b4-5ffc-3343-ba56-edf82d994249,   -8.729640 ,  -40.456520 ,2024-09-07 16:39:00,Brasil,PERNAMBUCO,PETROLINA,Caatinga
 1718866626 ,0d52ec40-2029-36a1-81cb-daa2f13ddcd9,   -8.621560 ,  -40.150030 ,2024-09-07 16:39:00,Brasil,PERNAMBUCO,LAGOA GRANDE,Caatinga
 1718866627 ,9c3cd8d2-4f34-306c-a9c6-d607eeab20d5,   -8.619220 ,  -40.132750 ,2024-09-07 16:39:00,Brasil,PERNAMBUCO,LAGOA GRANDE,Caatinga
 1718866633 ,f930e447-2ec1-3ed2-a4c6-3b48d20e13d7,   -8.300350 ,  -36.920490 ,2024-09-07 16:39:00,Brasil,PERNAMBUCO,ARCOVERDE,Caatinga
 1718866635 ,f51c2dd7-9aa5-3041-badd-feda6e5422de,   -7.950820 ,  -35.290280 ,2024-09-07 16:39:00,Brasil,PERNAMBUCO,GLÓRIA DO GOITÁ,Mata Atlântica
 1718866644 ,6dbae95d-848f-32c7-b88e-04d1db2fdb63,   -7.492320 ,  -35.171670 ,2024-09-07 16:39:00,Brasil,PERNAMBUCO,FERREIROS,Mata Atlântica
 1718866645 ,45675937-d728-31d7-9f40-1e9aa3e1034c,   -7.488130 ,  -40.078870 ,2024-09-07 16:39:00,Brasil,PERNAMBUCO,BODOCÓ,Caatinga
 1718866646 ,0cf0bf60-120f-31b4-b3cc-d9dc9d69a847,   -7.465740 ,  -35.245080 ,2024-09-07 16:39:00,Brasil,PERNAMBUCO,FERREIROS,Mata Atlântica
 1718866647 ,b5472044-b4da-3b6e-aa4b-8a195c21bb33,   -7.464450 ,  -35.236130 ,2024-09-07 16:39:00,Brasil,PERNAMBUCO,FERREIROS,Mata Atlântica
 1718866654 ,4a975a33-3596-30dc-9176-743082b48c59,   -7.415430 ,  -39.715640 ,2024-09-07 16:39:00,Brasil,PERNAMBUCO,EXU,Caatinga
 1718866659 ,9273c7e5-22d4-35a4-8618-6b85e021ee48,   -7.395500 ,  -39.980160 ,2024-09-07 16:39:00,Brasil,PERNAMBUCO,BODOCÓ,Caatinga
 1719258241 ,e13084d9-0700-3b54-bb6f-e8e370f53969,   -8.362290 ,  -40.544620 ,2024-09-08 17:20:00,Brasil,PERNAMBUCO,SANTA FILOMENA,Caatinga
 1720028183 ,a5a3d174-5ba0-316a-a8b4-425766450d59,   -7.908390 ,  -38.687470 ,2024-09-10 17:02:00,Brasil,PERNAMBUCO,SÃO JOSÉ DO BELMONTE,Caatinga
 1720028249 ,3d66cd21-46b3-3731-81d1-5014ffe261f7,   -7.817690 ,  -39.577100 ,2024-09-10 17:02:00,Brasil,PERNAMBUCO,GRANITO,Caatinga
 1720028250 ,edd57ef0-762f-32fa-8f60-86386b6f1eb9,   -7.389130 ,  -39.666600 ,2024-09-10 17:02:00,Brasil,PERNAMBUCO,EXU,Caatinga
 1720028254 ,f1abde30-0d61-357b-93a0-2e90f743cd30,   -7.387800 ,  -39.657620 ,2024-09-10 17:02:00,Brasil,PERNAMBUCO,EXU,Caatinga
 1720028255 ,8d04d69a-5aba-32a0-83d4-8bf9c1f6aac5,   -7.362340 ,  -40.310880 ,2024-09-10 17:02:00,Brasil,PERNAMBUCO,IPUBI,Caatinga
 1720028256 ,68d4b390-c59f-36e1-9a5f-6042631e3d4c,   -7.361050 ,  -40.302010 ,2024-09-10 17:02:00,Brasil,PERNAMBUCO,IPUBI,Caatinga
 1720028257 ,8110e0a6-c7e7-3895-adb7-bfc23e722325,   -7.348340 ,  -39.888800 ,2024-09-10 17:02:00,Brasil,PERNAMBUCO,EXU,Caatinga
 1720028260 ,66bb2e08-ff32-32b4-ab41-0c79f84ea262,   -8.056220 ,  -39.623370 ,2024-09-10 17:02:00,Brasil,PERNAMBUCO,PARNAMIRIM,Caatinga
 1720028262 ,1bc790ac-0433-39ef-90e5-8f3dca92a930,   -9.251060 ,  -40.684260 ,2024-09-10 17:02:00,Brasil,PERNAMBUCO,PETROLINA,Caatinga
 1720028263 ,e462aa3d-6224-3046-b0e1-9898b3a49458,   -8.390190 ,  -40.526700 ,2024-09-10 17:02:00,Brasil,PERNAMBUCO,DORMENTES,Caatinga
 1720028264 ,1f38a99d-4cd0-3998-b069-ccd1e845577b,   -8.054910 ,  -39.614390 ,2024-09-10 17:02:00,Brasil,PERNAMBUCO,PARNAMIRIM,Caatinga
 1716535964 ,7106c9bd-37f6-3a21-aa2f-5fc15e5df6a0,   -9.200730 ,  -40.348400 ,2024-09-01 17:32:00,Brasil,PERNAMBUCO,PETROLINA,Caatinga
 1716535965 ,8188b2a4-f4a0-3e45-bb32-866ab007faf2,   -9.196780 ,  -40.325410 ,2024-09-01 17:32:00,Brasil,PERNAMBUCO,PETROLINA,Caatinga
 1716535966 ,d4a74cdd-52de-3cd7-829f-7ce8395b0efd,   -9.195160 ,  -40.354790 ,2024-09-01 17:32:00,Brasil,PERNAMBUCO,PETROLINA,Caatinga
 1716535967 ,f261a7d1-7667-3e35-baa1-f5849536e39c,   -9.191360 ,  -40.331740 ,2024-09-01 17:32:00,Brasil,PERNAMBUCO,PETROLINA,Caatinga
 1716535968 ,edbf1058-2fbd-30ab-b26a-a00647ad01ba,   -9.187090 ,  -40.350790 ,2024-09-01 17:32:00,Brasil,PERNAMBUCO,PETROLINA,Caatinga
 1716535969 ,70b7ada7-53ba-3d9f-b5cd-5a894a803d68,   -9.183100 ,  -40.327770 ,2024-09-01 17:32:00,Brasil,PERNAMBUCO,PETROLINA,Caatinga
 1716535970 ,21074e0f-fca2-3c5f-9d5d-34b06394f63f,   -8.124700 ,  -39.531230 ,2024-09-01 17:32:00,Brasil,PERNAMBUCO,PARNAMIRIM,Caatinga
 1716535971 ,a049024a-0a98-32b5-a051-ae40e08e7bea,   -8.111770 ,  -39.538220 ,2024-09-01 17:32:00,Brasil,PERNAMBUCO,PARNAMIRIM,Caatinga
 1718083458 ,0e618cbe-851f-3269-a757-98a4c58783b0,   -8.781230 ,  -35.139290 ,2024-09-05 16:56:00,Brasil,PERNAMBUCO,TAMANDARÉ,Mata Atlântica
 1718083459 ,9bd998b0-dbe8-389c-8894-aabff9cb36f6,   -8.770900 ,  -35.141010 ,2024-09-05 16:56:00,Brasil,PERNAMBUCO,TAMANDARÉ,Mata Atlântica
 1718083460 ,15d16bed-dfac-3046-8871-7420a9511b72,   -9.295050 ,  -37.020160 ,2024-09-05 16:56:00,Brasil,PERNAMBUCO,IATI,Caatinga
 1718083556 ,08d67814-9761-3de1-8dda-e94bc02c0da6,   -7.681880 ,  -40.558220 ,2024-09-05 16:56:00,Brasil,PERNAMBUCO,ARARIPINA,Caatinga
 1718083557 ,1b878730-3ad0-321c-bc65-583e65002e67,   -7.680560 ,  -40.548840 ,2024-09-05 16:56:00,Brasil,PERNAMBUCO,ARARIPINA,Caatinga
 1718083558 ,133c07d3-85aa-3e4d-9371-8bc0a6eb01df,   -8.430140 ,  -39.671370 ,2024-09-05 16:56:00,Brasil,PERNAMBUCO,OROCÓ,Caatinga
 1707425930 ,43fd190f-62cf-3426-9b0f-4b0e898675b0,   -8.639810 ,  -40.395870 ,2024-08-09 16:45:00,Brasil,PERNAMBUCO,LAGOA GRANDE,Caatinga
 1707425931 ,84bc9744-1a06-39ae-b6bd-59048f91bc92,   -7.845010 ,  -39.458860 ,2024-08-09 16:48:00,Brasil,PERNAMBUCO,SERRITA,Caatinga
 1707425932 ,39a69cc3-2762-3c2d-9d92-bd9dba072a9f,   -7.843500 ,  -39.448140 ,2024-08-09 16:48:00,Brasil,PERNAMBUCO,SERRITA,Caatinga
 1707425940 ,70fa46d2-433e-3b11-9292-e43ed83c9358,   -7.422880 ,  -40.023280 ,2024-08-09 16:48:00,Brasil,PERNAMBUCO,BODOCÓ,Caatinga
 1696409085 ,fd0542ef-ac23-3b22-aa32-7b1b2836eb92,   -8.424010 ,  -40.786410 ,2024-07-02 17:13:00,Brasil,PERNAMBUCO,DORMENTES,Caatinga
 1696409084 ,89d31954-d59b-39b8-89b5-0a759708efe0,   -8.424280 ,  -40.780850 ,2024-07-02 17:13:00,Brasil,PERNAMBUCO,DORMENTES,Caatinga
 1698303338 ,232935a9-d7de-3276-80ee-3d4ce1272de8,   -8.968210 ,  -40.047780 ,2024-07-09 17:05:00,Brasil,PERNAMBUCO,SANTA MARIA DA BOA VISTA,Caatinga
 1698303339 ,effadc98-0e32-31a7-bb66-73159654823b,   -8.966790 ,  -40.038280 ,2024-07-09 17:05:00,Brasil,PERNAMBUCO,SANTA MARIA DA BOA VISTA,Caatinga
 1698303341 ,74b1cb26-db6b-3916-8fbf-8edecb200b35,   -8.728320 ,  -40.664180 ,2024-07-09 17:05:00,Brasil,PERNAMBUCO,PETROLINA,Caatinga
 1698303342 ,86f39187-d7f0-3e86-b716-fc8d4473fcd2,   -8.699960 ,  -39.128220 ,2024-07-09 17:05:00,Brasil,PERNAMBUCO,BELÉM DO SÃO FRANCISCO,Caatinga
 1698978393 ,a0fc241f-52c9-3e74-9bba-60295465c22d,   -7.311970 ,  -40.256390 ,2024-07-11 16:48:00,Brasil,PERNAMBUCO,IPUBI,Caatinga
 1707947565 ,64b86535-7a5b-3a82-bf03-b09cb9a9c9bc,   -9.256440 ,  -40.611990 ,2024-08-10 17:26:00,Brasil,PERNAMBUCO,PETROLINA,Caatinga
 1693225430 ,0823e76c-0e52-3375-b8b5-145fc1910d23,   -8.208330 ,  -35.191640 ,2024-06-17 16:52:00,Brasil,PERNAMBUCO,CABO DE SANTO AGOSTINHO,Mata Atlântica
 1693225431 ,99fdaaaf-fc1e-3b11-a3f9-0468387a4dc8,   -7.999740 ,  -40.210260 ,2024-06-17 16:52:00,Brasil,PERNAMBUCO,OURICURI,Caatinga
 1720856340 ,d5fc7792-8592-3cca-bc81-50189c1ad84d,   -8.705180 ,  -35.149280 ,2024-09-12 16:43:00,Brasil,PERNAMBUCO,RIO FORMOSO,Mata Atlântica
 1720856341 ,4b9fafdf-3099-340e-b8cf-67b11017b49f,   -8.634890 ,  -35.303590 ,2024-09-12 16:43:00,Brasil,PERNAMBUCO,RIO FORMOSO,Mata Atlântica
 1720856387 ,2a689275-45d7-3343-9ccf-5f6272447ba5,   -7.701380 ,  -40.352700 ,2024-09-12 16:45:00,Brasil,PERNAMBUCO,TRINDADE,Caatinga
 1720856388 ,f0188aaa-0fe7-3f32-9704-912cc52c3cc7,   -7.609390 ,  -40.166610 ,2024-09-12 16:45:00,Brasil,PERNAMBUCO,IPUBI,Caatinga
 1720856389 ,b3fd81c1-8e3c-3933-9253-79b84cbe3721,   -7.607330 ,  -40.172340 ,2024-09-12 16:45:00,Brasil,PERNAMBUCO,IPUBI,Caatinga
 1720856390 ,bac9cb0a-d91d-365b-bcf1-ecc6c270443a,   -7.605350 ,  -40.158260 ,2024-09-12 16:45:00,Brasil,PERNAMBUCO,IPUBI,Caatinga
 1721612435 ,138466d3-86fa-3a1b-8750-550f99335411,   -8.697430 ,  -41.133870 ,2024-09-14 16:26:00,Brasil,PERNAMBUCO,AFRÂNIO,Caatinga
 1721612436 ,459f7af6-dcd9-302b-bc4c-ff24df1ed0fa,   -8.688880 ,  -41.166240 ,2024-09-14 16:26:00,Brasil,PERNAMBUCO,AFRÂNIO,Caatinga
 1721612437 ,f3592f5a-4b1c-3c5c-8deb-aebeb09911bb,   -8.443460 ,  -36.430560 ,2024-09-14 16:26:00,Brasil,PERNAMBUCO,SÃO BENTO DO UNA,Caatinga
 1721612438 ,25a8b857-259e-302b-837a-377316e495b3,   -8.441280 ,  -36.414620 ,2024-09-14 16:26:00,Brasil,PERNAMBUCO,SÃO BENTO DO UNA,Caatinga
 1721612445 ,286e7a6e-f528-3d9a-a007-c40d50417c00,   -7.421540 ,  -40.507140 ,2024-09-14 16:26:00,Brasil,PERNAMBUCO,ARARIPINA,Caatinga
 1721612446 ,54a8acbb-0d17-3c0e-83b7-76ca4e928144,   -7.414310 ,  -40.503410 ,2024-09-14 16:26:00,Brasil,PERNAMBUCO,ARARIPINA,Caatinga
 1721995992 ,e22bbc1e-e570-33fa-bd07-8cd57a7dc2e3,   -9.003540 ,  -40.573200 ,2024-09-15 17:07:00,Brasil,PERNAMBUCO,PETROLINA,Caatinga
 1721995993 ,55c73091-b6cd-3f75-95da-b4b2ca80f908,   -8.034970 ,  -39.512390 ,2024-09-15 17:07:00,Brasil,PERNAMBUCO,PARNAMIRIM,Caatinga
 1721996105 ,54301084-563e-3bf9-a1a6-e6259e00cfaa,   -8.024260 ,  -39.504070 ,2024-09-15 17:07:00,Brasil,PERNAMBUCO,PARNAMIRIM,Caatinga
 1721996106 ,70d9537a-2667-301f-a565-e1dcc8902db5,   -9.198680 ,  -40.522220 ,2024-09-15 17:07:00,Brasil,PERNAMBUCO,PETROLINA,Caatinga
 1721996108 ,1c1109a2-e887-37a8-9416-37ff953d6c2a,   -8.537060 ,  -40.918450 ,2024-09-15 17:07:00,Brasil,PERNAMBUCO,AFRÂNIO,Caatinga
 1721996109 ,6900013f-022c-321e-ad86-53dc417e35fa,   -8.025730 ,  -39.513800 ,2024-09-15 17:07:00,Brasil,PERNAMBUCO,PARNAMIRIM,Caatinga
 1721996110 ,acc6fb5e-6f0f-3886-bd76-9831b8cc1017,   -9.197350 ,  -40.513210 ,2024-09-15 17:07:00,Brasil,PERNAMBUCO,PETROLINA,Caatinga
 1721996111 ,dc11bf1f-8c1e-39b7-9944-fbdb269eb6f5,   -9.002220 ,  -40.564210 ,2024-09-15 17:07:00,Brasil,PERNAMBUCO,PETROLINA,Caatinga
 1721996112 ,e093c5ba-bc9b-3c52-8b5c-04d6ab581725,   -8.033510 ,  -39.502640 ,2024-09-15 17:07:00,Brasil,PERNAMBUCO,PARNAMIRIM,Caatinga
 1721996146 ,fd7d95b3-ea44-3b8c-85cb-b053b628fc01,   -8.600580 ,  -40.966140 ,2024-09-15 17:07:00,Brasil,PERNAMBUCO,AFRÂNIO,Caatinga
 1721996156 ,d49c12e4-19e8-3396-8a86-0a6ec0a9055e,   -8.538360 ,  -40.927360 ,2024-09-15 17:07:00,Brasil,PERNAMBUCO,AFRÂNIO,Caatinga
 1722639711 ,9a0b5f68-05ed-3dca-be76-1cbb65a8ab7e,   -7.793180 ,  -38.047370 ,2024-09-17 16:50:00,Brasil,PERNAMBUCO,TRIUNFO,Caatinga
 1722639712 ,db949d5a-2c51-3847-8c08-ea940a7bbdc6,   -7.758070 ,  -37.537100 ,2024-09-17 16:50:00,Brasil,PERNAMBUCO,AFOGADOS DA INGAZEIRA,Caatinga
 1722639713 ,22555aca-7fbe-3e4b-a9de-cfc9b7ebabc1,   -7.756790 ,  -37.528130 ,2024-09-17 16:50:00,Brasil,PERNAMBUCO,AFOGADOS DA INGAZEIRA,Caatinga
 1722639714 ,3c227f59-e113-387b-b5e1-6136887bd316,   -7.660940 ,  -35.008340 ,2024-09-17 16:50:00,Brasil,PERNAMBUCO,ITAQUITINGA,Mata Atlântica
 1722640082 ,081cf5c5-6f5f-395e-894f-b675f30c1f4b,   -8.452480 ,  -40.615010 ,2024-09-17 16:50:00,Brasil,PERNAMBUCO,DORMENTES,Caatinga
 1722640098 ,c5172d39-abd4-3c3c-b41b-58798258874a,   -9.243400 ,  -36.847960 ,2024-09-17 16:50:00,Brasil,PERNAMBUCO,BOM CONSELHO,Caatinga
 1722640100 ,9f4258e5-046a-394e-86a3-90b8b19a2c2f,   -8.785450 ,  -40.442380 ,2024-09-17 16:50:00,Brasil,PERNAMBUCO,PETROLINA,Caatinga
 1722640101 ,9ecfd116-1679-3796-8342-2510054b6bd4,   -8.783730 ,  -40.430030 ,2024-09-17 16:50:00,Brasil,PERNAMBUCO,PETROLINA,Caatinga
 1722640104 ,a3ab600c-5143-3c37-8959-c99f8585fa55,   -8.468280 ,  -40.651650 ,2024-09-17 16:50:00,Brasil,PERNAMBUCO,DORMENTES,Caatinga
 1722640143 ,37f4dcd7-b5c2-3770-8d22-121de0edfdee,   -8.414130 ,  -36.971370 ,2024-09-17 16:50:00,Brasil,PERNAMBUCO,ARCOVERDE,Caatinga
 1722640144 ,bf423053-0df3-37df-94bc-1b328fa7a6f6,   -8.400820 ,  -40.986060 ,2024-09-17 16:50:00,Brasil,PERNAMBUCO,AFRÂNIO,Caatinga
 1722640145 ,61c690d9-09d0-3a16-b8e1-e5af6c3105f8,   -8.358740 ,  -35.471190 ,2024-09-17 16:50:00,Brasil,PERNAMBUCO,AMARAJI,Mata Atlântica
 1722640146 ,7d8cbfee-c211-3c4c-952a-c01cfa6c50ce,   -8.348100 ,  -40.015790 ,2024-09-17 16:50:00,Brasil,PERNAMBUCO,PARNAMIRIM,Caatinga
 1722640147 ,c0073eff-df35-3b71-b107-eed2613272b8,   -8.276340 ,  -35.782840 ,2024-09-17 16:50:00,Brasil,PERNAMBUCO,BEZERROS,Caatinga
 1722640156 ,bd5fe3e0-14ff-3fe2-9db9-f8656fb79901,   -8.112490 ,  -35.492300 ,2024-09-17 16:50:00,Brasil,PERNAMBUCO,GRAVATÁ,Mata Atlântica
 1722640157 ,3b39c3aa-7155-3150-9180-de4132f99166,   -8.103420 ,  -35.493660 ,2024-09-17 16:50:00,Brasil,PERNAMBUCO,GRAVATÁ,Mata Atlântica
 1722640213 ,6651db74-03f4-3ed5-be01-48a1c80dcd75,   -8.045230 ,  -40.333360 ,2024-09-17 16:50:00,Brasil,PERNAMBUCO,OURICURI,Caatinga
 1722640214 ,d533902b-accd-3a05-afbf-5f71d0e777c8,   -7.992470 ,  -39.520730 ,2024-09-17 16:50:00,Brasil,PERNAMBUCO,PARNAMIRIM,Caatinga
 1722640215 ,5104970e-2ddc-3adc-83e8-33ea92034012,   -7.990970 ,  -39.510050 ,2024-09-17 16:50:00,Brasil,PERNAMBUCO,PARNAMIRIM,Caatinga
 1722989576 ,67ecdd7a-aefd-38cf-99fc-2d8e1ceb6c30,   -9.211810 ,  -40.556460 ,2024-09-18 17:28:00,Brasil,PERNAMBUCO,PETROLINA,Caatinga
 1722989577 ,2c58d3db-2a23-3bfd-b6b9-18d1aaaba85c,   -9.214870 ,  -40.575330 ,2024-09-18 17:28:00,Brasil,PERNAMBUCO,PETROLINA,Caatinga
 1722989578 ,3e10d2e8-a3af-3622-bece-ae01c3cf9c2f,   -8.556990 ,  -40.408680 ,2024-09-18 17:28:00,Brasil,PERNAMBUCO,LAGOA GRANDE,Caatinga
 1722989579 ,630b1cf5-c01f-3163-a77a-e78105bd585e,   -8.553710 ,  -40.396110 ,2024-09-18 17:28:00,Brasil,PERNAMBUCO,LAGOA GRANDE,Caatinga
 1723527450 ,0aa8514e-10cf-350d-b16f-22102406fd71,   -8.195340 ,  -38.577660 ,2024-09-20 17:11:00,Brasil,PERNAMBUCO,MIRANDIBA,Caatinga
 1723527451 ,e99a308c-6811-376a-b295-502201b1dada,   -8.100580 ,  -39.150170 ,2024-09-20 17:11:00,Brasil,PERNAMBUCO,SALGUEIRO,Caatinga
 1723527483 ,dec3110b-9af0-3c9f-8694-354cd01946f7,   -7.699970 ,  -40.268750 ,2024-09-20 17:11:00,Brasil,PERNAMBUCO,TRINDADE,Caatinga
 1723527491 ,b75d7252-aed7-3fa0-b2ae-379ce42e4d13,   -8.943510 ,  -40.859080 ,2024-09-20 17:11:00,Brasil,PERNAMBUCO,PETROLINA,Caatinga
 1723527492 ,a28a92e5-6cec-3117-8b7d-18c399b3bef9,   -8.443670 ,  -40.596130 ,2024-09-20 17:11:00,Brasil,PERNAMBUCO,DORMENTES,Caatinga
 1723527493 ,7d1648d9-2430-37cb-802e-3653a77b9fa7,   -8.442220 ,  -40.586450 ,2024-09-20 17:11:00,Brasil,PERNAMBUCO,DORMENTES,Caatinga
 1723527494 ,126fd26a-32d0-3554-8cf1-e89cf1fc0f50,   -8.355770 ,  -40.566620 ,2024-09-20 17:11:00,Brasil,PERNAMBUCO,SANTA FILOMENA,Caatinga
 1723527495 ,837cca47-aca5-360f-927b-bba09a308141,   -8.354320 ,  -40.556900 ,2024-09-20 17:11:00,Brasil,PERNAMBUCO,SANTA FILOMENA,Caatinga
 1723527496 ,3a050ea7-2c0e-389f-9ccf-10370a1aa1dc,   -8.270570 ,  -40.546130 ,2024-09-20 17:11:00,Brasil,PERNAMBUCO,SANTA FILOMENA,Caatinga
 1723527497 ,855c9b51-8450-34ee-bc6c-275e0297f9cd,   -8.195660 ,  -40.045040 ,2024-09-20 17:11:00,Brasil,PERNAMBUCO,PARNAMIRIM,Caatinga
 1723527498 ,063b497e-b832-3f93-a737-5a3ecc11f472,   -8.194110 ,  -40.034710 ,2024-09-20 17:11:00,Brasil,PERNAMBUCO,PARNAMIRIM,Caatinga
 1724054125 ,6516c6fc-e7ba-308c-9951-c6cb16651bfa,   -8.045210 ,  -39.643910 ,2024-09-22 16:54:00,Brasil,PERNAMBUCO,PARNAMIRIM,Caatinga
 1724054126 ,e628d6d7-4a45-3019-af65-1eb4a8669172,   -8.053790 ,  -39.506180 ,2024-09-22 16:54:00,Brasil,PERNAMBUCO,PARNAMIRIM,Caatinga
 1724054127 ,d5cc325e-43e7-3d54-a4f7-c94abd736893,   -8.055150 ,  -39.515720 ,2024-09-22 16:54:00,Brasil,PERNAMBUCO,PARNAMIRIM,Caatinga
 1724054134 ,d860f200-52b1-3eba-812c-ba126fd318ba,   -7.542790 ,  -39.733340 ,2024-09-22 16:54:00,Brasil,PERNAMBUCO,EXU,Caatinga
 1724054135 ,147245db-e375-30a0-9d05-4b915bb7fddf,   -7.726680 ,  -40.514840 ,2024-09-22 16:54:00,Brasil,PERNAMBUCO,ARARIPINA,Caatinga
 1724054136 ,7846a98a-835a-3bbf-852e-c9cac3ec4c08,   -7.728130 ,  -40.525180 ,2024-09-22 16:54:00,Brasil,PERNAMBUCO,ARARIPINA,Caatinga
 1724054137 ,a6580d93-aa84-38c5-a6bc-0ccace54fe93,   -7.993640 ,  -39.530320 ,2024-09-22 16:54:00,Brasil,PERNAMBUCO,PARNAMIRIM,Caatinga
 1724054138 ,c433eeb0-d0ee-3fa0-81f0-4543ff288f9b,   -7.995000 ,  -39.539820 ,2024-09-22 16:54:00,Brasil,PERNAMBUCO,PARNAMIRIM,Caatinga
 1724054139 ,13e7b0fc-9e6d-3055-a434-ecf544a15b91,   -8.002770 ,  -39.528960 ,2024-09-22 16:54:00,Brasil,PERNAMBUCO,PARNAMIRIM,Caatinga
 1724054140 ,fd9b4c7d-61dc-388e-b993-659e76b1ef17,   -8.004140 ,  -39.538480 ,2024-09-22 16:54:00,Brasil,PERNAMBUCO,PARNAMIRIM,Caatinga
 1724054158 ,40264c47-0936-3328-b862-e0431227f338,   -8.859700 ,  -38.114810 ,2024-09-22 16:54:00,Brasil,PERNAMBUCO,TACARATU,Caatinga
 1724054163 ,fbbe7ae8-4df9-39ac-964b-52685afcc482,   -7.592520 ,  -35.178890 ,2024-09-22 16:54:00,Brasil,PERNAMBUCO,ALIANÇA,Mata Atlântica
 1724054164 ,97572a0a-899b-3841-aae3-4c4c30f85c9d,   -7.753040 ,  -35.152820 ,2024-09-22 16:54:00,Brasil,PERNAMBUCO,TRACUNHAÉM,Mata Atlântica
 1724054165 ,8e53ed1a-3e17-38ba-8b60-95ebf8238630,   -7.762810 ,  -35.151380 ,2024-09-22 16:54:00,Brasil,PERNAMBUCO,TRACUNHAÉM,Mata Atlântica
 1724551853 ,a105321c-01cf-3860-8880-09e325bbfd2c,   -7.752740 ,  -35.148070 ,2024-09-24 16:37:00,Brasil,PERNAMBUCO,TRACUNHAÉM,Mata Atlântica
 1724551856 ,1f534f76-0b42-3fce-b04f-f2161231fb4f,   -8.456360 ,  -35.046600 ,2024-09-24 16:37:00,Brasil,PERNAMBUCO,IPOJUCA,Mata Atlântica
 1724551861 ,18202520-11a9-3adc-9463-416fc1a752ff,   -7.459710 ,  -35.091860 ,2024-09-24 16:37:00,Brasil,PERNAMBUCO,ITAMBÉ,Mata Atlântica
 1724551862 ,1200bd2c-76e0-3dfb-bc80-cf86f3d1bd30,   -7.486040 ,  -35.146200 ,2024-09-24 16:37:00,Brasil,PERNAMBUCO,ITAMBÉ,Mata Atlântica
 1724551863 ,05161f31-9aed-3bf6-b48e-31321a16f678,   -7.495200 ,  -35.144910 ,2024-09-24 16:37:00,Brasil,PERNAMBUCO,ITAMBÉ,Mata Atlântica
 1724551865 ,2423753c-118f-3255-9167-00ea20622ec3,   -7.527110 ,  -35.237750 ,2024-09-24 16:37:00,Brasil,PERNAMBUCO,TIMBAÚBA,Mata Atlântica
 1724551866 ,38c25e05-dd82-3f8e-9fcf-35a64cdace21,   -7.743570 ,  -35.149420 ,2024-09-24 16:37:00,Brasil,PERNAMBUCO,TRACUNHAÉM,Mata Atlântica
 1725151477 ,1f7aa0d9-1538-3d95-9d03-36d46ff101c2,   -7.995160 ,  -40.010650 ,2024-09-27 16:58:00,Brasil,PERNAMBUCO,OURICURI,Caatinga
 1725151478 ,bbb6c63c-6cdd-3e45-b365-082c374e07f7,   -8.199590 ,  -39.959260 ,2024-09-27 16:58:00,Brasil,PERNAMBUCO,OURICURI,Caatinga
 1725151479 ,dab16909-1aba-3671-a9e2-1cb30cc7ae2f,   -8.200900 ,  -39.968400 ,2024-09-27 16:58:00,Brasil,PERNAMBUCO,OURICURI,Caatinga
 1725151480 ,02733f32-28a7-3c63-a44f-f539874125c3,   -8.301470 ,  -39.894840 ,2024-09-27 16:58:00,Brasil,PERNAMBUCO,PARNAMIRIM,Caatinga
 1725151481 ,ebe0da3d-da42-39bd-b105-67e8cd484916,   -8.302760 ,  -39.903960 ,2024-09-27 16:58:00,Brasil,PERNAMBUCO,PARNAMIRIM,Caatinga
 1725151482 ,c18f149a-a3d1-3a4b-9207-3bcba5016b96,   -8.534900 ,  -40.308340 ,2024-09-27 16:58:00,Brasil,PERNAMBUCO,LAGOA GRANDE,Caatinga
 1725151483 ,be154a24-67f4-346e-9ad8-33149e92fcc6,   -8.536250 ,  -40.317740 ,2024-09-27 16:58:00,Brasil,PERNAMBUCO,LAGOA GRANDE,Caatinga
 1725151484 ,1078242a-d284-3e5a-a6db-1c1f5800eb7c,   -7.883870 ,  -40.521650 ,2024-09-27 16:58:00,Brasil,PERNAMBUCO,ARARIPINA,Caatinga
 1725151485 ,bcf65690-769c-3c9c-90c4-42e95c8b3558,   -8.009520 ,  -40.564830 ,2024-09-27 16:58:00,Brasil,PERNAMBUCO,OURICURI,Caatinga
 1725151486 ,6d9ad1dd-a316-3ec2-9a68-16d69d751dc4,   -8.627120 ,  -40.767910 ,2024-09-27 16:58:00,Brasil,PERNAMBUCO,AFRÂNIO,Caatinga
 1725151487 ,3dc1ea6a-c2f4-3654-89ef-3c0f802e5a8f,   -8.628490 ,  -40.777710 ,2024-09-27 16:58:00,Brasil,PERNAMBUCO,AFRÂNIO,Caatinga
 1725151488 ,77471222-db67-3865-972c-914c494f1970,   -8.812050 ,  -40.910870 ,2024-09-27 16:58:00,Brasil,PERNAMBUCO,PETROLINA,Caatinga
 1725151600 ,099d123c-41fe-3657-b413-6fd9b0ed234a,   -7.785590 ,  -40.025530 ,2024-09-27 16:58:00,Brasil,PERNAMBUCO,BODOCÓ,Caatinga
 1725151601 ,a6cf33bd-e5ed-3ad0-b94c-13619c62e36a,   -7.874750 ,  -40.199650 ,2024-09-27 16:58:00,Brasil,PERNAMBUCO,OURICURI,Caatinga
 1725151602 ,027e06b0-4abd-3376-ac47-6138ff2fdfc3,   -7.876080 ,  -40.208870 ,2024-09-27 16:58:00,Brasil,PERNAMBUCO,OURICURI,Caatinga
 1725151603 ,c2dc80e5-044e-3b73-92b8-a36cb8bfc335,   -7.881670 ,  -39.802020 ,2024-09-27 16:58:00,Brasil,PERNAMBUCO,BODOCÓ,Caatinga
 1725151604 ,166540e5-d79b-3cc8-b697-4db1a24fd604,   -7.471330 ,  -40.538300 ,2024-09-27 16:58:00,Brasil,PERNAMBUCO,ARARIPINA,Caatinga
 1725151605 ,fe787d2a-e295-3f65-9524-a7ff1254936e,   -7.534260 ,  -40.395790 ,2024-09-27 16:58:00,Brasil,PERNAMBUCO,ARARIPINA,Caatinga
 1725151606 ,5f38b79b-c2ff-3d34-b146-54d874664a22,   -7.739170 ,  -40.481950 ,2024-09-27 16:58:00,Brasil,PERNAMBUCO,ARARIPINA,Caatinga
 1725151718 ,9b1f5686-3930-3222-857b-59ee5c27805f,   -8.192750 ,  -38.576740 ,2024-09-27 16:58:00,Brasil,PERNAMBUCO,MIRANDIBA,Caatinga
 1725151724 ,0a40def5-0e8d-396d-b0b1-baef7f6ccaa5,   -7.855950 ,  -38.169560 ,2024-09-27 16:58:00,Brasil,PERNAMBUCO,SANTA CRUZ DA BAIXA VERDE,Caatinga
 1725151725 ,9ddfc9b2-d1a0-35fc-a463-ff48bd2f31c0,   -7.903800 ,  -38.620840 ,2024-09-27 16:58:00,Brasil,PERNAMBUCO,SÃO JOSÉ DO BELMONTE,Caatinga
 1725151726 ,0d7107f3-806d-3c31-9b89-8e1ce0a487da,   -7.905110 ,  -38.629760 ,2024-09-27 16:58:00,Brasil,PERNAMBUCO,SÃO JOSÉ DO BELMONTE,Caatinga
 1725151727 ,15bcc179-94ec-39e5-b484-7adcd8b64c89,   -7.912670 ,  -38.619500 ,2024-09-27 16:58:00,Brasil,PERNAMBUCO,SÃO JOSÉ DO BELMONTE,Caatinga
 1725151728 ,dabdefff-fd9a-3bcf-b94a-811c5ff52044,   -7.913970 ,  -38.628430 ,2024-09-27 16:58:00,Brasil,PERNAMBUCO,SÃO JOSÉ DO BELMONTE,Caatinga
 1725151760 ,26aec7de-94de-3ec6-976f-e67b24bff216,   -7.466260 ,  -37.458900 ,2024-09-27 16:58:00,Brasil,PERNAMBUCO,SANTA TEREZINHA,Caatinga
 1725151761 ,ed272209-fc87-3a1a-bc9a-3e8738edf036,   -7.467670 ,  -37.468450 ,2024-09-27 16:58:00,Brasil,PERNAMBUCO,SANTA TEREZINHA,Caatinga
 1725151762 ,5d05ffd0-ec24-3ceb-8720-0e3da06e774c,   -7.475400 ,  -37.457370 ,2024-09-27 16:58:00,Brasil,PERNAMBUCO,SANTA TEREZINHA,Caatinga
 1725151763 ,6b7c32b9-e81e-360a-8ebd-96acbf03caca,   -7.476810 ,  -37.466960 ,2024-09-27 16:58:00,Brasil,PERNAMBUCO,SANTA TEREZINHA,Caatinga
 1725151845 ,38a54e83-f524-33b2-872e-339eef6ef7a9,   -8.643250 ,  -41.201740 ,2024-09-27 16:58:00,Brasil,PERNAMBUCO,AFRÂNIO,Caatinga
 1725151846 ,cb1f8070-8305-3733-ba0d-217d43d0a362,   -8.633770 ,  -41.203070 ,2024-09-27 16:58:00,Brasil,PERNAMBUCO,AFRÂNIO,Caatinga
 1725295790 ,5cec36b0-a142-3762-9d7c-305f7bed3c83,   -8.255490 ,  -39.532120 ,2024-09-28 17:39:00,Brasil,PERNAMBUCO,CABROBÓ,Caatinga
 1725295791 ,36eb4667-f155-3e08-b2ae-097c0cbd50cf,   -8.261350 ,  -39.526040 ,2024-09-28 17:39:00,Brasil,PERNAMBUCO,CABROBÓ,Caatinga
 1725295792 ,3921e347-3810-3d53-8d9d-528cdcfc6489,   -8.267440 ,  -39.560400 ,2024-09-28 17:39:00,Brasil,PERNAMBUCO,CABROBÓ,Caatinga
 1725295793 ,3ae2751e-0756-307e-ba33-75c7ec80ae77,   -8.296280 ,  -40.413570 ,2024-09-28 17:39:00,Brasil,PERNAMBUCO,SANTA CRUZ,Caatinga
 1725295794 ,7478600b-e9c6-31ff-a954-ef3b6186dc27,   -8.415040 ,  -40.474440 ,2024-09-28 17:39:00,Brasil,PERNAMBUCO,DORMENTES,Caatinga
 1725295795 ,e2f43b85-ae9b-351a-a210-8ab77e74fe90,   -8.487130 ,  -40.456840 ,2024-09-28 17:39:00,Brasil,PERNAMBUCO,DORMENTES,Caatinga
 1725295796 ,7e7a9286-de72-39a1-a48e-8c7b3f9b4e02,   -8.488090 ,  -40.636760 ,2024-09-28 17:39:00,Brasil,PERNAMBUCO,DORMENTES,Caatinga
 1725295797 ,58a8e249-e5c5-3ce4-9aaa-9f6a85940c7a,   -8.702950 ,  -40.465580 ,2024-09-28 17:39:00,Brasil,PERNAMBUCO,PETROLINA,Caatinga
 1725295798 ,46def59f-1e1b-3b36-9c4f-a502baa8425f,   -8.796090 ,  -40.844610 ,2024-09-28 17:39:00,Brasil,PERNAMBUCO,PETROLINA,Caatinga
 1725295799 ,dc91fec9-737b-3573-99d3-bd8d61398c5b,   -8.798080 ,  -40.836630 ,2024-09-28 17:39:00,Brasil,PERNAMBUCO,PETROLINA,Caatinga
 1725295800 ,28029e85-af27-36f0-a501-0482a04fdb9f,   -8.800480 ,  -40.871350 ,2024-09-28 17:39:00,Brasil,PERNAMBUCO,PETROLINA,Caatinga
 1725295801 ,6350cfd0-91b7-33b1-ae8e-480ddd5b902a,   -8.802640 ,  -40.863240 ,2024-09-28 17:39:00,Brasil,PERNAMBUCO,PETROLINA,Caatinga
 1725295802 ,dc01030a-a5e0-384c-8aad-a48c13915f22,   -9.043740 ,  -40.581330 ,2024-09-28 17:39:00,Brasil,PERNAMBUCO,PETROLINA,Caatinga
 1725295803 ,92c3366a-6984-35be-a2d3-e45e140f3964,   -7.839140 ,  -39.880590 ,2024-09-28 17:39:00,Brasil,PERNAMBUCO,BODOCÓ,Caatinga
 1725295807 ,eb26d46e-981e-34c6-a4cc-22ef2d3d180a,   -8.391180 ,  -40.887140 ,2024-09-28 17:39:00,Brasil,PERNAMBUCO,AFRÂNIO,Caatinga
 1725295808 ,39f3dfb7-833d-31b3-83f7-148f08182e1b,   -8.392850 ,  -40.879260 ,2024-09-28 17:39:00,Brasil,PERNAMBUCO,AFRÂNIO,Caatinga
 1726573836 ,40dcc0bd-96a4-3fb8-936c-341b2a296b19,   -8.743380 ,  -35.872150 ,2024-10-04 16:45:00,Brasil,PERNAMBUCO,LAGOA DOS GATOS,Mata Atlântica
 1726573839 ,50b777f4-d175-38c2-8a7b-503643b444d4,   -8.458190 ,  -40.652450 ,2024-10-04 16:45:00,Brasil,PERNAMBUCO,DORMENTES,Caatinga
 1726573841 ,3c6a189c-fed9-3c97-a693-9fbef413b2f7,   -8.394240 ,  -40.503720 ,2024-10-04 16:45:00,Brasil,PERNAMBUCO,DORMENTES,Caatinga
 1726573842 ,1dc9dfac-2205-3464-be1e-8d603757c50a,   -8.390690 ,  -40.499180 ,2024-10-04 16:45:00,Brasil,PERNAMBUCO,DORMENTES,Caatinga
 1726573843 ,9d5f1dd6-2095-37a2-9486-856e2cddcd87,   -8.369060 ,  -40.491490 ,2024-10-04 16:45:00,Brasil,PERNAMBUCO,DORMENTES,Caatinga
 1726573844 ,19fb8e51-5000-3830-a162-e4b30ef58d4f,   -8.366930 ,  -40.475850 ,2024-10-04 16:45:00,Brasil,PERNAMBUCO,DORMENTES,Caatinga
 1726573851 ,1a8eae93-44e9-369c-a36e-3d2b47fda155,   -8.014590 ,  -35.231460 ,2024-10-04 16:45:00,Brasil,PERNAMBUCO,CHÃ DE ALEGRIA,Mata Atlântica
 1726573863 ,826796bc-ad39-35cc-a2f0-b0176efce09f,   -7.637370 ,  -35.112240 ,2024-10-04 16:45:00,Brasil,PERNAMBUCO,CONDADO,Mata Atlântica
 1726985952 ,d4966c65-bf23-3a8b-81fb-6434c6d3d182,   -8.307710 ,  -35.189760 ,2024-10-06 16:26:00,Brasil,PERNAMBUCO,ESCADA,Mata Atlântica
 1726985953 ,8758a33e-6179-340c-8745-7cbc59f84175,   -8.298790 ,  -35.185890 ,2024-10-06 16:26:00,Brasil,PERNAMBUCO,ESCADA,Mata Atlântica
 1726985954 ,5c756ab7-7ceb-31a3-a8db-16be5b80a7ed,   -7.847150 ,  -35.235150 ,2024-10-06 16:26:00,Brasil,PERNAMBUCO,CARPINA,Mata Atlântica
 1726985963 ,a592f718-5863-3861-a8a5-2d67cf2d32bb,   -7.771870 ,  -35.197560 ,2024-10-06 16:26:00,Brasil,PERNAMBUCO,TRACUNHAÉM,Mata Atlântica
 1726985981 ,a18bb92a-6c85-32e1-adee-d1459765aacf,   -7.602250 ,  -35.219450 ,2024-10-06 16:26:00,Brasil,PERNAMBUCO,ALIANÇA,Caatinga
 1726986029 ,0b09d493-f15c-38ad-9452-2f1ba2cb23ce,   -7.600430 ,  -35.206050 ,2024-10-06 16:26:00,Brasil,PERNAMBUCO,ALIANÇA,Mata Atlântica
 1727189004 ,efecdb9a-2032-3d9b-9b31-1f0c1890c6bf,   -7.474480 ,  -37.359520 ,2024-10-07 17:07:00,Brasil,PERNAMBUCO,SÃO JOSÉ DO EGITO,Caatinga
 1727189005 ,e8386a26-d5f8-3eac-8406-29be93299d05,   -7.472540 ,  -37.347000 ,2024-10-07 17:07:00,Brasil,PERNAMBUCO,SÃO JOSÉ DO EGITO,Caatinga
 1727189022 ,0a907033-799e-3998-91af-b1926036d4df,   -8.851370 ,  -38.041140 ,2024-10-07 17:07:00,Brasil,PERNAMBUCO,TACARATU,Caatinga
 1727189047 ,d73aa26c-fb9d-3f1d-ba75-b55df2303755,   -7.618340 ,  -39.952050 ,2024-10-07 17:07:00,Brasil,PERNAMBUCO,BODOCÓ,Caatinga
 1727189048 ,3fac87a7-fcf3-39d0-9d58-33e1633c8eff,   -7.531590 ,  -40.494440 ,2024-10-07 17:07:00,Brasil,PERNAMBUCO,ARARIPINA,Caatinga
 1727189049 ,95b9e2a3-f934-313f-ac33-d16c80e45c49,   -7.530290 ,  -40.485530 ,2024-10-07 17:07:00,Brasil,PERNAMBUCO,ARARIPINA,Caatinga
 1727189050 ,23e1c00d-ad16-3b79-874f-598c36128df4,   -7.519980 ,  -40.224450 ,2024-10-07 17:07:00,Brasil,PERNAMBUCO,IPUBI,Caatinga
 1727189051 ,005c7401-26c2-3c05-a6ef-7253b87773e0,   -7.510580 ,  -39.975290 ,2024-10-07 17:07:00,Brasil,PERNAMBUCO,BODOCÓ,Caatinga
 1727189052 ,ca1e0df6-b83a-32d8-b3b8-2ca253cab0c1,   -7.509230 ,  -39.966150 ,2024-10-07 17:07:00,Brasil,PERNAMBUCO,BODOCÓ,Caatinga
 1727189053 ,eab8a31d-1359-36b8-8afd-ae9127b2dc16,   -7.501610 ,  -39.976650 ,2024-10-07 17:07:00,Brasil,PERNAMBUCO,BODOCÓ,Caatinga
 1727189054 ,ef99235d-7e9d-3326-9a23-8e4164bd2f88,   -7.500260 ,  -39.967510 ,2024-10-07 17:07:00,Brasil,PERNAMBUCO,BODOCÓ,Caatinga
 1727189055 ,98a70083-0db3-30e2-ae5d-bdcd7d319b60,   -7.478020 ,  -40.190370 ,2024-10-07 17:07:00,Brasil,PERNAMBUCO,IPUBI,Caatinga
 1727189056 ,07ed3839-3343-3085-bd2c-6e58cf0a2094,   -7.434220 ,  -40.325930 ,2024-10-07 17:07:00,Brasil,PERNAMBUCO,ARARIPINA,Caatinga
 1727189057 ,08845a9a-3b09-3856-93af-c9a323dc1593,   -7.432980 ,  -39.945980 ,2024-10-07 17:07:00,Brasil,PERNAMBUCO,BODOCÓ,Caatinga
 1727189058 ,374f743c-b57d-36fd-982d-bc759f8afbfe,   -7.432880 ,  -40.316910 ,2024-10-07 17:07:00,Brasil,PERNAMBUCO,ARARIPINA,Caatinga
 1727189059 ,6b9120a7-9b89-3735-9b0f-6d9d91573e50,   -7.431630 ,  -39.936810 ,2024-10-07 17:07:00,Brasil,PERNAMBUCO,BODOCÓ,Caatinga
 1727189060 ,19789399-d1e8-31f0-a29a-0c2c1f49bbd7,   -7.403000 ,  -40.053250 ,2024-10-07 17:07:00,Brasil,PERNAMBUCO,BODOCÓ,Caatinga
 1727189061 ,979f124b-fc01-3c78-8a20-da445be1fc57,   -7.339030 ,  -40.310090 ,2024-10-07 17:07:00,Brasil,PERNAMBUCO,IPUBI,Caatinga
 1727189064 ,c24f6752-3e24-30bd-ad79-01fee3a8c5e4,   -8.068870 ,  -40.315940 ,2024-10-07 17:07:00,Brasil,PERNAMBUCO,SANTA CRUZ,Caatinga
 1727189065 ,601946ed-9c1b-317e-bfa3-570eca1374fd,   -8.063080 ,  -39.342020 ,2024-10-07 17:07:00,Brasil,PERNAMBUCO,TERRA NOVA,Caatinga
 1727189066 ,3ba6c531-d8f7-3544-9e3e-5dec72df5ed1,   -7.964130 ,  -40.042420 ,2024-10-07 17:07:00,Brasil,PERNAMBUCO,OURICURI,Caatinga
 1727189067 ,f38527f4-6aa1-3062-b294-1eead28fa5cc,   -7.962790 ,  -40.033350 ,2024-10-07 17:07:00,Brasil,PERNAMBUCO,OURICURI,Caatinga
 1725868966 ,86b828da-57aa-30b1-adb9-5ff5b31bf1d5,   -8.439430 ,  -40.245060 ,2024-10-01 16:24:00,Brasil,PERNAMBUCO,SANTA CRUZ,Caatinga
 1725868970 ,09143fdd-ca8b-3267-85ed-b72c942c6e63,   -7.875640 ,  -39.796290 ,2024-10-01 16:24:00,Brasil,PERNAMBUCO,BODOCÓ,Caatinga
 1725868971 ,6038cdd1-b9a3-3dec-b1ea-961c2ff7fef1,   -8.044200 ,  -40.113090 ,2024-10-01 16:24:00,Brasil,PERNAMBUCO,OURICURI,Caatinga
 1725868972 ,b9cc2f45-9c1e-3871-937e-a9228ddd90f4,   -8.101040 ,  -40.434960 ,2024-10-01 16:24:00,Brasil,PERNAMBUCO,SANTA FILOMENA,Caatinga
 1725868989 ,bc99584b-b656-31bb-8dba-65e47eff161d,   -8.101240 ,  -40.438910 ,2024-10-01 16:24:00,Brasil,PERNAMBUCO,SANTA FILOMENA,Caatinga
 1726173365 ,9645ffcd-3516-3f52-acba-ce813eedddb5,   -8.720240 ,  -41.275120 ,2024-10-02 17:05:00,Brasil,PERNAMBUCO,AFRÂNIO,Caatinga
 1726173366 ,3bcb995b-b3ed-3c4f-8afe-a85915351e68,   -8.695320 ,  -41.164090 ,2024-10-02 17:05:00,Brasil,PERNAMBUCO,AFRÂNIO,Caatinga
 1726173367 ,3b0b9fa8-1e27-39af-ad9c-2197a34aac54,   -8.694010 ,  -41.154770 ,2024-10-02 17:05:00,Brasil,PERNAMBUCO,AFRÂNIO,Caatinga
 1726173369 ,3f280150-43d0-3822-9383-be1bd08e5ec4,   -8.627030 ,  -40.428880 ,2024-10-02 17:05:00,Brasil,PERNAMBUCO,LAGOA GRANDE,Caatinga
 1726173371 ,37cc35bb-556b-3899-8f34-fe694d128f03,   -8.605850 ,  -40.863460 ,2024-10-02 17:05:00,Brasil,PERNAMBUCO,AFRÂNIO,Caatinga
 1726173372 ,97430550-8d02-3a52-81bc-3791471204a6,   -8.535140 ,  -40.944940 ,2024-10-02 17:05:00,Brasil,PERNAMBUCO,AFRÂNIO,Caatinga
 1726173373 ,39e6fa8e-8e70-3937-9550-3a723694d679,   -8.533830 ,  -40.935790 ,2024-10-02 17:05:00,Brasil,PERNAMBUCO,AFRÂNIO,Caatinga
 1726173374 ,78eba69e-bb7b-343f-9929-0171320c0902,   -8.504190 ,  -40.471890 ,2024-10-02 17:05:00,Brasil,PERNAMBUCO,DORMENTES,Caatinga
 1726173377 ,8ed665cf-4a62-3c31-8926-88a1b05c1f5a,   -8.492550 ,  -39.890630 ,2024-10-02 17:05:00,Brasil,PERNAMBUCO,SANTA MARIA DA BOA VISTA,Caatinga
 1726173378 ,9e6e1053-4bd3-3958-9faa-528df06309e6,   -8.491250 ,  -39.881740 ,2024-10-02 17:05:00,Brasil,PERNAMBUCO,SANTA MARIA DA BOA VISTA,Caatinga
 1726173379 ,83504437-9963-382e-9903-4ca04f3b7ee1,   -8.483700 ,  -39.891950 ,2024-10-02 17:05:00,Brasil,PERNAMBUCO,SANTA MARIA DA BOA VISTA,Caatinga
 1726173381 ,12c819e7-3434-3bc0-8a32-059420fb4033,   -8.451520 ,  -40.238890 ,2024-10-02 17:05:00,Brasil,PERNAMBUCO,SANTA CRUZ,Caatinga
 1726173385 ,352332e9-f55b-33f0-94ef-31cabb2b56a9,   -8.432550 ,  -41.003850 ,2024-10-02 17:05:00,Brasil,PERNAMBUCO,AFRÂNIO,Caatinga
 1726173386 ,515d726a-a6c3-3950-9e36-7d4d199b3c95,   -8.431240 ,  -40.994670 ,2024-10-02 17:05:00,Brasil,PERNAMBUCO,AFRÂNIO,Caatinga
 1726173387 ,61089bcd-7014-3e8b-8278-0526022a1184,   -8.350980 ,  -40.561710 ,2024-10-02 17:05:00,Brasil,PERNAMBUCO,SANTA FILOMENA,Caatinga
 1726173401 ,f6b5b571-5fb4-32b0-80db-d8cbf0f50728,   -8.188650 ,  -40.071950 ,2024-10-02 17:05:00,Brasil,PERNAMBUCO,PARNAMIRIM,Caatinga
 1726173402 ,b94f5157-6c1e-3d58-b044-7955132d8ca7,   -8.187360 ,  -40.063060 ,2024-10-02 17:05:00,Brasil,PERNAMBUCO,PARNAMIRIM,Caatinga
 1726173409 ,90f4eb89-b93c-3514-96ce-438d4e1d1e04,   -8.057580 ,  -40.504000 ,2024-10-02 17:05:00,Brasil,PERNAMBUCO,SANTA FILOMENA,Caatinga
 1726173410 ,2d3bc6e8-3f53-3cb3-be39-f04bcd5842bc,   -8.056300 ,  -40.495070 ,2024-10-02 17:05:00,Brasil,PERNAMBUCO,SANTA FILOMENA,Caatinga
 1726173411 ,e5bf6474-409c-3a9e-bee4-547c5891ac83,   -8.041200 ,  -39.882640 ,2024-10-02 17:05:00,Brasil,PERNAMBUCO,OURICURI,Caatinga
 1726173413 ,f6c48bd0-ffe2-354b-8f57-11815498961d,   -8.011330 ,  -39.678180 ,2024-10-02 17:05:00,Brasil,PERNAMBUCO,PARNAMIRIM,Caatinga
 1726173414 ,d214a165-ec5c-3c7d-b0ac-dedf1b68d876,   -8.010020 ,  -39.669280 ,2024-10-02 17:05:00,Brasil,PERNAMBUCO,PARNAMIRIM,Caatinga
 1726173417 ,53a1a6a2-6bdc-388d-8876-43fd0836ba28,   -7.914770 ,  -40.095180 ,2024-10-02 17:05:00,Brasil,PERNAMBUCO,OURICURI,Caatinga
 1726173421 ,218c6395-544a-384f-9f40-7cefd6358fb1,   -7.892410 ,  -39.817290 ,2024-10-02 17:05:00,Brasil,PERNAMBUCO,BODOCÓ,Caatinga
 1726173422 ,86f17fc6-ea51-3e41-aeca-ed93113b6af8,   -7.880060 ,  -38.175250 ,2024-10-02 17:05:00,Brasil,PERNAMBUCO,SANTA CRUZ DA BAIXA VERDE,Caatinga
 1726173434 ,c3905b5f-aaf8-32b9-935d-615f1621812e,   -7.848520 ,  -39.330960 ,2024-10-02 17:05:00,Brasil,PERNAMBUCO,SERRITA,Caatinga
 1726173435 ,6c63ff27-1142-32bc-be2d-efe797589675,   -7.847200 ,  -39.321970 ,2024-10-02 17:05:00,Brasil,PERNAMBUCO,SERRITA,Caatinga
 1726173438 ,02103f36-d787-3508-a02f-69386370e13e,   -7.789240 ,  -38.735670 ,2024-10-02 17:05:00,Brasil,PERNAMBUCO,SÃO JOSÉ DO BELMONTE,Caatinga
 1726173439 ,a4616e58-ea6c-33d7-a927-4488d6b21657,   -7.787850 ,  -38.726380 ,2024-10-02 17:05:00,Brasil,PERNAMBUCO,SÃO JOSÉ DO BELMONTE,Caatinga
 1726173440 ,7cae96b8-07ff-385e-a64d-512c4b6dbe5b,   -7.780200 ,  -38.737080 ,2024-10-02 17:05:00,Brasil,PERNAMBUCO,SÃO JOSÉ DO BELMONTE,Caatinga
 1726173441 ,507f8f16-67ab-3735-8d6c-7dcd5a1480e2,   -7.778950 ,  -37.192040 ,2024-10-02 17:05:00,Brasil,PERNAMBUCO,IGUARACY,Caatinga
 1726173442 ,241bca78-be0b-329a-b1d6-7ac6a781fca4,   -7.778810 ,  -38.727770 ,2024-10-02 17:05:00,Brasil,PERNAMBUCO,SÃO JOSÉ DO BELMONTE,Caatinga
 1726173458 ,32d2af85-9f20-39b6-a9f7-bbf6fc61dd7f,   -7.597200 ,  -40.511720 ,2024-10-02 17:05:00,Brasil,PERNAMBUCO,ARARIPINA,Caatinga
 1726389088 ,17f7a6c8-d7a5-3ca2-a73c-de4847857efe,   -8.187920 ,  -40.478860 ,2024-10-03 17:43:00,Brasil,PERNAMBUCO,SANTA FILOMENA,Caatinga
 1726795198 ,3a2ad262-a183-399d-bc32-d5caa91ac4e0,   -8.014690 ,  -39.525100 ,2024-10-05 17:24:00,Brasil,PERNAMBUCO,PARNAMIRIM,Caatinga
 1726795199 ,19141654-7728-329f-98f6-cb91873f1876,   -8.013410 ,  -39.111200 ,2024-10-05 17:24:00,Brasil,PERNAMBUCO,SALGUEIRO,Caatinga
 1726795200 ,582d8ad6-fade-3c2a-a58e-2fd7547f20ba,   -8.013060 ,  -39.118720 ,2024-10-05 17:24:00,Brasil,PERNAMBUCO,SALGUEIRO,Caatinga
 1726795201 ,286c0467-2bd1-33d8-9e4c-3752a21c49cf,   -8.012970 ,  -39.530620 ,2024-10-05 17:24:00,Brasil,PERNAMBUCO,PARNAMIRIM,Caatinga
 1726795202 ,925051d2-67ab-3a6b-beda-5f2fb44d6592,   -8.009920 ,  -39.099110 ,2024-10-05 17:24:00,Brasil,PERNAMBUCO,SALGUEIRO,Caatinga
 1726795203 ,e3ecc27e-4d75-3b83-a664-bada9d42a8c8,   -7.993290 ,  -39.644820 ,2024-10-05 17:24:00,Brasil,PERNAMBUCO,PARNAMIRIM,Caatinga
 1726795204 ,b2b3b7bf-70e7-3371-b069-f0ddcb32c689,   -7.984250 ,  -39.896280 ,2024-10-05 17:24:00,Brasil,PERNAMBUCO,OURICURI,Caatinga
 1726795205 ,b6792d6f-6d2b-3079-85b9-bbe4ddb4a129,   -7.937550 ,  -39.762330 ,2024-10-05 17:24:00,Brasil,PERNAMBUCO,PARNAMIRIM,Caatinga
 1726795206 ,1de8ffb3-5d26-3d56-b9b5-96718f787d4f,   -7.934680 ,  -39.745010 ,2024-10-05 17:24:00,Brasil,PERNAMBUCO,PARNAMIRIM,Caatinga
 1726795207 ,b38e083f-8936-3952-96a9-9ec4a763b972,   -7.932650 ,  -39.580670 ,2024-10-05 17:24:00,Brasil,PERNAMBUCO,PARNAMIRIM,Caatinga
 1726795208 ,f8288a8b-1955-3d75-8bb7-3973efd92cc3,   -7.929920 ,  -39.752880 ,2024-10-05 17:24:00,Brasil,PERNAMBUCO,PARNAMIRIM,Caatinga
 1726795209 ,3c30667c-e6a1-380c-a0bf-cd44155b2f9d,   -7.929070 ,  -39.588520 ,2024-10-05 17:24:00,Brasil,PERNAMBUCO,PARNAMIRIM,Caatinga
 1726795211 ,79472325-f131-340a-a5d8-c26cfd8cfb32,   -7.839610 ,  -38.604520 ,2024-10-05 17:24:00,Brasil,PERNAMBUCO,SERRA TALHADA,Caatinga
 1726795212 ,d5233e38-3a23-3d94-89c7-df710325e900,   -7.837820 ,  -38.622130 ,2024-10-05 17:24:00,Brasil,PERNAMBUCO,SÃO JOSÉ DO BELMONTE,Caatinga
 1726795214 ,81ba7134-ba0a-35ea-b918-fa4af2547f8c,   -7.664820 ,  -39.791470 ,2024-10-05 17:24:00,Brasil,PERNAMBUCO,EXU,Caatinga
 1726795215 ,699a6dc6-04bc-3046-81df-1c1742dcc9b3,   -7.834150 ,  -38.600480 ,2024-10-05 17:24:00,Brasil,PERNAMBUCO,SERRA TALHADA,Caatinga
 1726795216 ,30b47c63-2650-3692-aec6-68aa9261468a,   -7.816780 ,  -40.429250 ,2024-10-05 17:24:00,Brasil,PERNAMBUCO,ARARIPINA,Caatinga
 1726795217 ,3b9359cc-6bc9-3c12-90be-5fdce1fad571,   -7.814260 ,  -40.413440 ,2024-10-05 17:24:00,Brasil,PERNAMBUCO,ARARIPINA,Caatinga
 1726795219 ,2ab6be89-c900-3837-9047-e3caceb830ec,   -7.776720 ,  -39.791140 ,2024-10-05 17:24:00,Brasil,PERNAMBUCO,GRANITO,Caatinga
 1726795220 ,7e1b1457-3b27-329f-9e25-7e1957bdc39b,   -7.775100 ,  -39.820130 ,2024-10-05 17:24:00,Brasil,PERNAMBUCO,BODOCÓ,Caatinga
 1726795221 ,19e3bc9a-d4b0-326e-85a7-24a1d12d9d1c,   -7.773980 ,  -39.773570 ,2024-10-05 17:24:00,Brasil,PERNAMBUCO,GRANITO,Caatinga
 1726795222 ,50b0149b-4238-31dc-b1d7-388532f41547,   -7.769370 ,  -39.785260 ,2024-10-05 17:24:00,Brasil,PERNAMBUCO,GRANITO,Caatinga
 1726795223 ,4167b5be-194b-3c84-91ee-39cf294759dc,   -7.766490 ,  -39.767710 ,2024-10-05 17:24:00,Brasil,PERNAMBUCO,GRANITO,Caatinga
 1726795224 ,be25bea0-1002-349f-a2f2-7d66697cb111,   -7.761870 ,  -39.775680 ,2024-10-05 17:24:00,Brasil,PERNAMBUCO,GRANITO,Caatinga
 1726795227 ,4d45cc62-602d-3800-acf7-ea9b02848c16,   -7.743170 ,  -39.576160 ,2024-10-05 17:24:00,Brasil,PERNAMBUCO,MOREILÂNDIA,Caatinga
 1726795228 ,d2315543-de07-3479-8d6d-b44267c4ca7b,   -7.737040 ,  -39.588720 ,2024-10-05 17:24:00,Brasil,PERNAMBUCO,MOREILÂNDIA,Caatinga
 1726795231 ,d98ab12e-103d-37a2-8877-fb48e6e87df4,   -7.734030 ,  -39.570470 ,2024-10-05 17:24:00,Brasil,PERNAMBUCO,MOREILÂNDIA,Caatinga
 1726795233 ,55bc07b9-4547-3a6b-be33-75a7c4deefa2,   -7.730860 ,  -39.578290 ,2024-10-05 17:24:00,Brasil,PERNAMBUCO,MOREILÂNDIA,Caatinga
 1726795245 ,53385e5b-e582-3643-ba2d-145f17836d54,   -7.659040 ,  -39.779740 ,2024-10-05 17:24:00,Brasil,PERNAMBUCO,EXU,Caatinga
 1726795248 ,73657baf-fae1-3afc-a98d-f598e9fdee30,   -7.602940 ,  -39.969160 ,2024-10-05 17:24:00,Brasil,PERNAMBUCO,BODOCÓ,Caatinga
 1726795249 ,ccde0c98-a463-3d74-9326-84b2b104f6a3,   -7.600320 ,  -39.953170 ,2024-10-05 17:24:00,Brasil,PERNAMBUCO,BODOCÓ,Caatinga
 1726795251 ,c09ed7a0-9e88-3b25-9e16-23a43bc3bf05,   -7.594670 ,  -39.961350 ,2024-10-05 17:24:00,Brasil,PERNAMBUCO,BODOCÓ,Caatinga
 1726795252 ,dffbbde3-bdf7-3188-876a-164201815845,   -7.591990 ,  -39.944310 ,2024-10-05 17:24:00,Brasil,PERNAMBUCO,BODOCÓ,Caatinga
 1726796427 ,7c3b2635-7a40-375a-8f6b-bae98bc17a45,   -9.216480 ,  -40.671120 ,2024-10-05 17:24:00,Brasil,PERNAMBUCO,PETROLINA,Caatinga
 1726796444 ,bb59ad39-70e9-37e2-9a9f-1c74f255a49c,   -8.908960 ,  -40.628140 ,2024-10-05 17:24:00,Brasil,PERNAMBUCO,PETROLINA,Caatinga
 1726796447 ,f10ae2d0-b322-38fe-a050-1360b6206fb5,   -8.834930 ,  -40.750240 ,2024-10-05 17:24:00,Brasil,PERNAMBUCO,PETROLINA,Caatinga
 1726796450 ,79be843d-3118-3c2c-9446-6ac5c478ee2b,   -8.813080 ,  -40.599010 ,2024-10-05 17:24:00,Brasil,PERNAMBUCO,PETROLINA,Caatinga
 1726796451 ,f7efd649-acd1-3873-92cc-e84cb49e556f,   -8.810730 ,  -40.584590 ,2024-10-05 17:24:00,Brasil,PERNAMBUCO,PETROLINA,Caatinga
 1726796452 ,50473f72-0b0a-3d1b-8af9-36151579a912,   -8.810200 ,  -40.591310 ,2024-10-05 17:24:00,Brasil,PERNAMBUCO,PETROLINA,Caatinga
 1726796463 ,aa73f93e-b15c-3857-8222-859d6e80f07f,   -8.473750 ,  -40.497430 ,2024-10-05 17:24:00,Brasil,PERNAMBUCO,DORMENTES,Caatinga
 1726796464 ,f32edd34-2f7d-3e36-922d-6adce75d9ba4,   -8.471350 ,  -40.482350 ,2024-10-05 17:24:00,Brasil,PERNAMBUCO,DORMENTES,Caatinga
 1726796468 ,4f3fac59-a9ab-3295-8996-0bf7a0b973e9,   -8.399070 ,  -40.684380 ,2024-10-05 17:24:00,Brasil,PERNAMBUCO,DORMENTES,Caatinga
 1726796471 ,71f3d0a3-4522-3af9-99a5-4fc7011bfbef,   -8.330460 ,  -40.610390 ,2024-10-05 17:24:00,Brasil,PERNAMBUCO,SANTA FILOMENA,Caatinga
 1726796472 ,4cd37476-55ec-380c-ab44-41070f25324c,   -8.328120 ,  -40.595490 ,2024-10-05 17:24:00,Brasil,PERNAMBUCO,SANTA FILOMENA,Caatinga
 1726796475 ,e85373cc-caf6-3362-89df-0df0f9642794,   -8.290320 ,  -40.647300 ,2024-10-05 17:24:00,Brasil,PERNAMBUCO,SANTA FILOMENA,Caatinga
 1726796476 ,0a5e19f4-b33a-36bd-9d37-1f6e8ae1445a,   -8.287250 ,  -40.556320 ,2024-10-05 17:24:00,Brasil,PERNAMBUCO,SANTA FILOMENA,Caatinga
 1727390794 ,7f1e7ba9-b7e2-314f-88fb-266dad7d2904,   -8.885940 ,  -35.165160 ,2024-10-08 16:09:00,Brasil,PERNAMBUCO,SÃO JOSÉ DA COROA GRANDE,Mata Atlântica
 1727404003 ,0fe78a49-74a4-3d4a-9214-aedc42d2ec3b,   -8.334830 ,  -40.627400 ,2024-10-08 17:47:00,Brasil,PERNAMBUCO,SANTA FILOMENA,Caatinga
 1720483005 ,5bb459ba-1805-31e3-908a-c80092a441d6,   -7.699010 ,  -40.386150 ,2024-09-11 17:41:00,Brasil,PERNAMBUCO,ARARIPINA,Caatinga
 1720483061 ,94f581b2-afec-3710-a18e-9a0160685c33,   -7.692230 ,  -40.348190 ,2024-09-11 17:41:00,Brasil,PERNAMBUCO,TRINDADE,Caatinga
 1720483062 ,e3757325-c9df-3129-becb-9ff5c9f88fed,   -7.687820 ,  -40.356930 ,2024-09-11 17:41:00,Brasil,PERNAMBUCO,ARARIPINA,Caatinga
 1723187439 ,d7cd1709-b600-34a4-8ba3-e59e71e661f2,   -7.557840 ,  -34.908710 ,2024-09-19 16:33:00,Brasil,PERNAMBUCO,GOIANA,Mata Atlântica
 1724356574 ,de5e868b-967e-364b-90a8-d095f8e5a3ce,   -8.463540 ,  -40.646830 ,2024-09-23 17:34:00,Brasil,PERNAMBUCO,DORMENTES,Caatinga
 1724356575 ,947bf29a-c182-3e3e-b5e1-bf7b6c373a61,   -8.458130 ,  -40.653080 ,2024-09-23 17:34:00,Brasil,PERNAMBUCO,DORMENTES,Caatinga
 1724805716 ,27a3c87e-6c06-3961-8793-88c30690b29d,   -7.903400 ,  -39.994030 ,2024-09-25 17:17:00,Brasil,PERNAMBUCO,OURICURI,Caatinga
 1724805717 ,4832d326-ba5b-37b9-9364-de5f9ce5fea8,   -7.901560 ,  -39.981940 ,2024-09-25 17:17:00,Brasil,PERNAMBUCO,OURICURI,Caatinga
 1724805718 ,ae97cb8e-f5cd-3314-92fd-2a104d257fca,   -7.779850 ,  -40.328330 ,2024-09-25 17:17:00,Brasil,PERNAMBUCO,TRINDADE,Caatinga
 1724805719 ,198be747-72d3-3808-bb9f-ad2488c45a8c,   -7.779650 ,  -40.321600 ,2024-09-25 17:17:00,Brasil,PERNAMBUCO,TRINDADE,Caatinga
 1724805720 ,28cbce98-8f01-39af-9028-4c83a24dd4f0,   -7.681510 ,  -39.954850 ,2024-09-25 17:17:00,Brasil,PERNAMBUCO,BODOCÓ,Caatinga
 1724805721 ,c04ca578-9960-317b-9eac-ce5f8a15f48c,   -7.666500 ,  -40.585130 ,2024-09-25 17:17:00,Brasil,PERNAMBUCO,ARARIPINA,Caatinga
 1724805722 ,14903296-bab4-3610-9dcf-94dad0ea58d9,   -7.399520 ,  -40.319150 ,2024-09-25 17:17:00,Brasil,PERNAMBUCO,IPUBI,Caatinga
 1724805723 ,0b2b3523-45f7-36bd-a928-3ff274659f66,   -7.397780 ,  -40.307610 ,2024-09-25 17:17:00,Brasil,PERNAMBUCO,IPUBI,Caatinga
 1724805727 ,40c6afc4-95fc-3c4c-9c55-3ab533579e81,   -9.344020 ,  -40.565760 ,2024-09-25 17:17:00,Brasil,PERNAMBUCO,PETROLINA,Caatinga
 1724805728 ,1d63f0e0-d810-3301-ac8c-8909afb0dbfa,   -8.671460 ,  -40.460730 ,2024-09-25 17:17:00,Brasil,PERNAMBUCO,PETROLINA,Caatinga
 1724805729 ,3263b89f-0bf8-3677-9dfe-cd2b514e771d,   -8.509350 ,  -40.475980 ,2024-09-25 17:17:00,Brasil,PERNAMBUCO,DORMENTES,Caatinga
 1724805730 ,04581503-96f0-3fa0-9c90-ac2869bd49b6,   -8.507650 ,  -40.464810 ,2024-09-25 17:17:00,Brasil,PERNAMBUCO,DORMENTES,Caatinga
 1724805731 ,a6bec2c2-8f43-395e-b8fd-808ebe56a730,   -8.430630 ,  -40.293150 ,2024-09-25 17:17:00,Brasil,PERNAMBUCO,SANTA CRUZ,Caatinga
 1724805732 ,a4ef1512-b9bf-3dba-851e-ccaba1f00245,   -8.271140 ,  -40.388790 ,2024-09-25 17:17:00,Brasil,PERNAMBUCO,SANTA CRUZ,Caatinga
 1724805733 ,dfde77e9-610a-3cea-bf26-89857a99ad25,   -8.269380 ,  -40.377500 ,2024-09-25 17:17:00,Brasil,PERNAMBUCO,SANTA CRUZ,Caatinga
 1725436224 ,80272159-0942-3145-b1c8-1ded3b5f85cb,   -8.729660 ,  -40.482010 ,2024-09-29 16:39:00,Brasil,PERNAMBUCO,PETROLINA,Caatinga
 1725436225 ,f2cf9999-d4f9-3e17-8ff3-0b9fcd0028d5,   -8.728890 ,  -40.487180 ,2024-09-29 16:39:00,Brasil,PERNAMBUCO,PETROLINA,Caatinga
 1725436226 ,2e72ede4-c2a4-3198-8619-af5c89a1739f,   -8.693680 ,  -40.510940 ,2024-09-29 16:41:00,Brasil,PERNAMBUCO,PETROLINA,Caatinga
 1725436227 ,33dcb4c8-618b-341b-83fa-1eb491dcc7e3,   -8.627380 ,  -40.906800 ,2024-09-29 16:41:00,Brasil,PERNAMBUCO,AFRÂNIO,Caatinga
 1725436228 ,3d8a4405-4208-3321-8f5f-8cf139618229,   -8.584160 ,  -40.674760 ,2024-09-29 16:41:00,Brasil,PERNAMBUCO,DORMENTES,Caatinga
 1725436229 ,7a928e3d-7c88-3741-9e42-9cc12a032132,   -8.583750 ,  -40.669660 ,2024-09-29 16:41:00,Brasil,PERNAMBUCO,DORMENTES,Caatinga
 1725436230 ,e9933de7-dfb7-387c-b6aa-65e89df0dd00,   -8.581530 ,  -40.655450 ,2024-09-29 16:41:00,Brasil,PERNAMBUCO,DORMENTES,Caatinga
 1725436231 ,dd65d96d-3bb1-3dd5-bfa3-ae49827447e2,   -8.581270 ,  -40.650330 ,2024-09-29 16:41:00,Brasil,PERNAMBUCO,DORMENTES,Caatinga
 1725436232 ,ad0bcadf-d5ed-39a4-bde7-3cc4be6f442b,   -8.554470 ,  -35.164450 ,2024-09-29 16:39:00,Brasil,PERNAMBUCO,SIRINHAÉM,Mata Atlântica
 1725436233 ,1043fbda-b998-35dd-976a-d9271d3b4922,   -8.546620 ,  -40.984620 ,2024-09-29 16:41:00,Brasil,PERNAMBUCO,AFRÂNIO,Caatinga
 1725436235 ,66d97d1b-9e98-3559-a7e1-f23bf1ba4b96,   -8.543950 ,  -40.963950 ,2024-09-29 16:41:00,Brasil,PERNAMBUCO,AFRÂNIO,Caatinga
 1725436272 ,95069b33-85a2-30a9-bdf8-996948a88314,   -8.393540 ,  -35.457040 ,2024-09-29 16:39:00,Brasil,PERNAMBUCO,AMARAJI,Mata Atlântica
 1725436273 ,3d7e446e-ad6a-35d8-84c8-c458049ba777,   -8.384560 ,  -35.458370 ,2024-09-29 16:39:00,Brasil,PERNAMBUCO,AMARAJI,Mata Atlântica
 1725436288 ,8f1630cb-2bb8-31de-bd83-0554e9a2959a,   -7.417530 ,  -35.144180 ,2024-09-29 16:41:00,Brasil,PERNAMBUCO,ITAMBÉ,Mata Atlântica
 1725436289 ,a45750c4-f619-3648-836a-d16ac59d8e5e,   -7.416230 ,  -35.135230 ,2024-09-29 16:41:00,Brasil,PERNAMBUCO,ITAMBÉ,Mata Atlântica
 1725667605 ,4bc98eb5-74b1-30da-8e6a-099b540bf588,   -8.783310 ,  -36.762730 ,2024-09-30 17:20:00,Brasil,PERNAMBUCO,PEDRA,Caatinga
 1727639337 ,597635cd-7cb3-3872-af1d-6fd6781c0319,   -7.891480 ,  -39.713440 ,2024-10-09 16:50:00,Brasil,PERNAMBUCO,GRANITO,Caatinga
 1727639338 ,024a8ea9-524b-346c-a603-75934087272e,   -7.757010 ,  -39.549880 ,2024-10-09 16:50:00,Brasil,PERNAMBUCO,SERRITA,Caatinga
 1727639339 ,49b0f438-a33c-3908-8003-f565e7dc2f72,   -7.748640 ,  -39.562730 ,2024-10-09 16:50:00,Brasil,PERNAMBUCO,SERRITA,Caatinga
 1727639340 ,3316b59f-cf95-3d7c-8f7a-35fe366ea493,   -7.747070 ,  -39.551330 ,2024-10-09 16:50:00,Brasil,PERNAMBUCO,SERRITA,Caatinga
 1727639341 ,765cf585-b04c-395f-99ce-fc49abb28844,   -7.745510 ,  -39.539970 ,2024-10-09 16:50:00,Brasil,PERNAMBUCO,SERRITA,Caatinga
 1727639342 ,3b235c95-bdb2-31d0-b3bf-3cf60c5df7bd,   -7.602840 ,  -40.361890 ,2024-10-09 16:50:00,Brasil,PERNAMBUCO,ARARIPINA,Caatinga
 1727639343 ,a2b99f59-ca52-39c1-8fec-552f429b9d28,   -7.571840 ,  -39.985630 ,2024-10-09 16:50:00,Brasil,PERNAMBUCO,BODOCÓ,Caatinga
 1727639344 ,49047486-631a-3752-87fa-c6c050135d08,   -7.570160 ,  -39.973590 ,2024-10-09 16:50:00,Brasil,PERNAMBUCO,BODOCÓ,Caatinga
 1727639345 ,f30fa010-39bf-3d1a-aaba-8520309b7121,   -7.563470 ,  -39.925700 ,2024-10-09 16:50:00,Brasil,PERNAMBUCO,BODOCÓ,Caatinga
 1727639346 ,b9dc82ac-3776-3d4b-a949-fa4ea1fef541,   -7.561810 ,  -39.913790 ,2024-10-09 16:50:00,Brasil,PERNAMBUCO,BODOCÓ,Caatinga
 1727639354 ,0d2edc39-09c1-3947-ba0d-1f213f9894d1,   -8.562780 ,  -41.089040 ,2024-10-09 16:50:00,Brasil,PERNAMBUCO,AFRÂNIO,Caatinga
 1727639355 ,05752fe7-8c53-39eb-9978-87851cc0250b,   -9.208420 ,  -40.442520 ,2024-10-09 16:50:00,Brasil,PERNAMBUCO,PETROLINA,Caatinga
 1727639356 ,eba453b5-bc5f-3b9b-9657-b197a880f115,   -8.802490 ,  -40.564510 ,2024-10-09 16:50:00,Brasil,PERNAMBUCO,PETROLINA,Caatinga
 1727639357 ,207b49c6-55b0-31f3-8bea-7659b566c08a,   -8.552820 ,  -40.759850 ,2024-10-09 16:50:00,Brasil,PERNAMBUCO,DORMENTES,Caatinga
 1727639358 ,686a2fd7-f900-3b95-8ca0-b6f81855c74a,   -8.550930 ,  -40.745640 ,2024-10-09 16:50:00,Brasil,PERNAMBUCO,DORMENTES,Caatinga
 1727639359 ,e48b4882-bd3b-344c-92ab-89da4bb67707,   -8.539090 ,  -40.412090 ,2024-10-09 16:50:00,Brasil,PERNAMBUCO,DORMENTES,Caatinga
 1727639360 ,484572f2-0834-3fdb-8a72-dd2b2f87f562,   -8.284340 ,  -40.560060 ,2024-10-09 16:50:00,Brasil,PERNAMBUCO,SANTA FILOMENA,Caatinga
 1727639361 ,d96870cc-3296-36b5-a645-f6930eb4546d,   -8.273540 ,  -40.561420 ,2024-10-09 16:50:00,Brasil,PERNAMBUCO,SANTA FILOMENA,Caatinga
 1727639362 ,ef64e719-5254-3b9f-9a99-8efecdb5701e,   -8.234060 ,  -40.039770 ,2024-10-09 16:50:00,Brasil,PERNAMBUCO,PARNAMIRIM,Caatinga
 1727639364 ,a50c8d00-f4a7-3d6b-8d83-7e03dc601943,   -8.137070 ,  -40.559160 ,2024-10-09 16:50:00,Brasil,PERNAMBUCO,SANTA FILOMENA,Caatinga
 1727639366 ,fc4b54a7-73d6-3917-8abb-565c78bf5c42,   -8.135300 ,  -40.545850 ,2024-10-09 16:50:00,Brasil,PERNAMBUCO,SANTA FILOMENA,Caatinga
 1727639367 ,26905e3d-0bec-3c5e-b2d7-87d4cac5fb2f,   -8.134210 ,  -40.564990 ,2024-10-09 16:50:00,Brasil,PERNAMBUCO,SANTA FILOMENA,Caatinga
 1727639368 ,4be3a024-9aa0-319e-8048-30b7c5a69a37,   -8.132350 ,  -40.551680 ,2024-10-09 16:50:00,Brasil,PERNAMBUCO,SANTA FILOMENA,Caatinga
 1727639370 ,4eb3e6a2-9988-3634-844a-be2a4d8a17d7,   -7.961980 ,  -40.540420 ,2024-10-09 16:50:00,Brasil,PERNAMBUCO,ARARIPINA,Caatinga
 1727639985 ,6845efb7-ebf3-3f9f-8ab2-afdfcbe1fe62,   -7.809770 ,  -35.157760 ,2024-10-09 16:50:00,Brasil,PERNAMBUCO,TRACUNHAÉM,Mata Atlântica
 1727639990 ,194ba21d-6b0c-3e17-8b77-bf8fc909ebfb,   -8.858210 ,  -35.258570 ,2024-10-09 16:50:00,Brasil,PERNAMBUCO,BARREIROS,Mata Atlântica
 1727639991 ,93ea6d8a-f4ab-3891-9f75-cd9ead6e9866,   -8.464630 ,  -35.648330 ,2024-10-09 16:50:00,Brasil,PERNAMBUCO,BARRA DE GUABIRABA,Mata Atlântica
 1727639992 ,c9d04d41-6475-3f52-8f0b-4ff1a313ba66,   -8.336290 ,  -36.233080 ,2024-10-09 16:50:00,Brasil,PERNAMBUCO,TACAIMBÓ,Caatinga
 1727640003 ,0a38f5f6-9735-3c7f-b753-21fae71b53e2,   -7.762260 ,  -37.161880 ,2024-10-09 16:50:00,Brasil,PERNAMBUCO,TUPARETAMA,Caatinga
 1727640006 ,6b2d6b00-0e89-3d4f-be58-39c3aa72fcda,   -8.634160 ,  -36.687930 ,2024-10-09 16:50:00,Brasil,PERNAMBUCO,PESQUEIRA,Caatinga
 1727640020 ,88d1d3d1-3a03-3ff4-88f7-cd8ca05c99ac,   -7.918400 ,  -38.134250 ,2024-10-09 16:50:00,Brasil,PERNAMBUCO,CALUMBI,Caatinga
 1727640021 ,7999f547-f265-3f02-995d-bfe70567e0c8,   -7.917040 ,  -38.124620 ,2024-10-09 16:50:00,Brasil,PERNAMBUCO,CALUMBI,Caatinga
 1727830048 ,d0e7cf4c-6ec2-3a59-937a-c600704628f3,   -8.333700 ,  -40.439400 ,2024-10-10 17:28:00,Brasil,PERNAMBUCO,SANTA CRUZ,Caatinga
 1727830049 ,869fc4c9-d575-3d1f-837d-fe5d1ae40876,   -8.330730 ,  -40.421560 ,2024-10-10 17:28:00,Brasil,PERNAMBUCO,SANTA CRUZ,Caatinga
 1727830057 ,427deabc-77ef-3be3-907a-f2d43eb86d80,   -7.902320 ,  -39.662550 ,2024-10-10 17:28:00,Brasil,PERNAMBUCO,PARNAMIRIM,Caatinga
 1727830058 ,43fc4707-0819-3c62-8d41-43f7a2eae2b5,   -7.886330 ,  -39.728950 ,2024-10-10 17:28:00,Brasil,PERNAMBUCO,GRANITO,Caatinga
 1727830059 ,322a51ef-2df7-3f58-8db6-55671c9f09a9,   -7.800370 ,  -39.353840 ,2024-10-10 17:28:00,Brasil,PERNAMBUCO,SERRITA,Caatinga
 1727830060 ,92b154b6-e2ce-367a-8641-ef512dd19028,   -7.795460 ,  -39.347450 ,2024-10-10 17:28:00,Brasil,PERNAMBUCO,SERRITA,Caatinga
 1727830063 ,a231f649-958d-3ef0-b6f0-211e1a004b8f,   -8.772730 ,  -40.714110 ,2024-10-10 17:28:00,Brasil,PERNAMBUCO,PETROLINA,Caatinga
 1727830064 ,3da1b5ea-08cd-3a6b-925e-f7b296ab24c1,   -8.339050 ,  -40.427210 ,2024-10-10 17:28:00,Brasil,PERNAMBUCO,SANTA CRUZ,Caatinga
 1727830065 ,ee2d9214-08c1-3862-9c05-fc9b4960f5ba,   -8.326840 ,  -40.429340 ,2024-10-10 17:28:00,Brasil,PERNAMBUCO,SANTA CRUZ,Caatinga
 1727830066 ,d8511bf0-f948-3ac1-b873-c22cef09d57e,   -8.897910 ,  -40.773490 ,2024-10-10 17:28:00,Brasil,PERNAMBUCO,PETROLINA,Caatinga
 1727830067 ,5b6bacb6-2f5f-3cb6-8097-72681c1f39c0,   -8.352170 ,  -40.588640 ,2024-10-10 17:28:00,Brasil,PERNAMBUCO,SANTA FILOMENA,Caatinga
 1727830068 ,e34beb8c-5962-3932-a5d2-3c7c3750afaf,   -8.324440 ,  -40.647010 ,2024-10-10 17:28:00,Brasil,PERNAMBUCO,SANTA FILOMENA,Caatinga
 1727998519 ,3c4731cb-bcad-34f3-a065-163275371aeb,   -7.515980 ,  -40.678430 ,2024-10-11 16:33:00,Brasil,PERNAMBUCO,ARARIPINA,Caatinga
 1727998524 ,1cfbdfcf-f3cd-339d-b7ba-9f095c137c24,   -7.865330 ,  -38.451270 ,2024-10-11 16:33:00,Brasil,PERNAMBUCO,SERRA TALHADA,Caatinga
 1727998525 ,fc04a0ba-be2e-3a6a-ad92-4fdced380efc,   -7.867830 ,  -38.175440 ,2024-10-11 16:33:00,Brasil,PERNAMBUCO,SANTA CRUZ DA BAIXA VERDE,Caatinga
 1727998526 ,40a70016-4598-345d-a8c4-37408a9f8c8e,   -7.868020 ,  -38.471720 ,2024-10-11 16:33:00,Brasil,PERNAMBUCO,SERRA TALHADA,Caatinga
 1727998527 ,273dbcb6-f512-3050-8e73-8812b0b362d8,   -7.868630 ,  -38.180470 ,2024-10-11 16:33:00,Brasil,PERNAMBUCO,SANTA CRUZ DA BAIXA VERDE,Caatinga
 1727998528 ,31efbea4-d401-3647-8a79-da703a3d0f59,   -7.878700 ,  -38.158920 ,2024-10-11 16:33:00,Brasil,PERNAMBUCO,SANTA CRUZ DA BAIXA VERDE,Caatinga
 1727998530 ,a433311e-3944-34fc-8de3-e27c8f13853f,   -8.002790 ,  -40.339980 ,2024-10-11 16:33:00,Brasil,PERNAMBUCO,OURICURI,Caatinga
 1727998531 ,4afd834c-8b85-3700-b261-385ad04738c2,   -8.337080 ,  -35.505460 ,2024-10-11 16:33:00,Brasil,PERNAMBUCO,AMARAJI,Mata Atlântica
 1727998553 ,5c4d1d40-3da7-3153-b083-4a21891f750f,   -8.454420 ,  -40.312290 ,2024-10-11 16:33:00,Brasil,PERNAMBUCO,SANTA CRUZ,Caatinga
 1727998554 ,8aaf6a80-0096-3bf3-9db1-f6ddd34aefc8,   -8.492740 ,  -40.368690 ,2024-10-11 16:33:00,Brasil,PERNAMBUCO,DORMENTES,Caatinga
 1727998555 ,18958809-a557-37c4-bcfe-2c6d3d5a468c,   -8.496550 ,  -40.398700 ,2024-10-11 16:33:00,Brasil,PERNAMBUCO,DORMENTES,Caatinga
 1727998557 ,b9210e26-15e9-3b7d-a413-c5deb7c167e8,   -8.558040 ,  -41.148770 ,2024-10-11 16:33:00,Brasil,PERNAMBUCO,AFRÂNIO,Caatinga
 1728229335 ,b2e22076-8c19-3fa7-b886-2a2112204398,   -7.710430 ,  -39.580770 ,2024-10-12 17:11:00,Brasil,PERNAMBUCO,MOREILÂNDIA,Caatinga
 1728229336 ,64660fb7-89b8-3cd7-84bd-818393b53088,   -7.709460 ,  -39.444400 ,2024-10-12 17:11:00,Brasil,PERNAMBUCO,SERRITA,Caatinga
 1728229337 ,bb072b52-4312-3bd1-b638-24ffd8ca0395,   -7.707920 ,  -39.434060 ,2024-10-12 17:11:00,Brasil,PERNAMBUCO,SERRITA,Caatinga
 1728229339 ,bd07036f-fcc8-3b01-a7a2-95bccb91a484,   -7.699940 ,  -39.445820 ,2024-10-12 17:11:00,Brasil,PERNAMBUCO,SERRITA,Caatinga
 1728229340 ,dbfb28f7-ef82-3e06-b830-237b5d67172d,   -7.698390 ,  -39.435480 ,2024-10-12 17:11:00,Brasil,PERNAMBUCO,SERRITA,Caatinga
 1728229341 ,9f0a5fd8-68d8-330e-8c4c-70bafa76aa79,   -7.693470 ,  -37.341810 ,2024-10-12 17:11:00,Brasil,PERNAMBUCO,INGAZEIRA,Caatinga
 1728229342 ,654e52ff-1dae-3093-a7b4-1b27aef1e203,   -7.691220 ,  -37.327630 ,2024-10-12 17:11:00,Brasil,PERNAMBUCO,TUPARETAMA,Caatinga
 1728229343 ,f64c3372-0bac-3b4d-ba13-8776be56748d,   -7.689350 ,  -39.759690 ,2024-10-12 17:11:00,Brasil,PERNAMBUCO,GRANITO,Caatinga
 1728229344 ,22ec0d62-09b8-33a7-84cf-1b29b4b011dd,   -7.687830 ,  -39.749680 ,2024-10-12 17:11:00,Brasil,PERNAMBUCO,GRANITO,Caatinga
 1728229346 ,beff124b-887b-3c5b-aa0b-a749e882a8fa,   -7.646250 ,  -40.325900 ,2024-10-12 17:11:00,Brasil,PERNAMBUCO,ARARIPINA,Caatinga
 1728229348 ,ef66e242-2024-3042-9218-1a1f5f1d1212,   -7.629180 ,  -39.967170 ,2024-10-12 17:11:00,Brasil,PERNAMBUCO,BODOCÓ,Caatinga
 1728229349 ,69d6f948-4e16-318d-ba13-4e470a8ec659,   -7.605870 ,  -40.116610 ,2024-10-12 17:11:00,Brasil,PERNAMBUCO,BODOCÓ,Caatinga
 1728229351 ,048df52d-c0a7-3b20-bef2-809442f6ffc4,   -7.574780 ,  -39.544920 ,2024-10-12 17:11:00,Brasil,PERNAMBUCO,MOREILÂNDIA,Caatinga
 1728229354 ,b8887109-2f6a-36b5-a9df-03edaddd758e,   -7.565610 ,  -37.700080 ,2024-10-12 17:11:00,Brasil,PERNAMBUCO,SOLIDÃO,Caatinga
 1728229357 ,4aa2ea44-7230-39f8-9ad5-d8b1efbf08d0,   -7.467820 ,  -39.580160 ,2024-10-12 17:11:00,Brasil,PERNAMBUCO,EXU,Caatinga
 1728229358 ,fa93a572-3514-3129-b847-a2e08dc457b6,   -7.405300 ,  -40.563850 ,2024-10-12 17:11:00,Brasil,PERNAMBUCO,ARARIPINA,Caatinga
 1728229359 ,7121bbb2-3f95-3248-8c54-15906c27af02,   -7.403920 ,  -40.554520 ,2024-10-12 17:11:00,Brasil,PERNAMBUCO,ARARIPINA,Caatinga
 1728229363 ,e83f253d-dd29-3722-b6b1-03ecc999ecfe,   -7.373980 ,  -40.539990 ,2024-10-12 17:11:00,Brasil,PERNAMBUCO,ARARIPINA,Caatinga
 1728229366 ,8517dc25-2452-3440-94f0-026df35ed6b7,   -7.364920 ,  -40.541380 ,2024-10-12 17:11:00,Brasil,PERNAMBUCO,ARARIPINA,Caatinga
 1728230308 ,0fe6503a-66f5-30fc-9e42-695f6334a0dd,   -9.355230 ,  -40.654930 ,2024-10-12 17:09:00,Brasil,PERNAMBUCO,PETROLINA,Caatinga
 1728230318 ,c609f355-9a61-3d74-ac7f-b34897500923,   -8.866640 ,  -40.713250 ,2024-10-12 17:11:00,Brasil,PERNAMBUCO,PETROLINA,Caatinga
 1728230319 ,90158b82-9aa3-358b-871b-18ab44c60fad,   -8.865290 ,  -40.704140 ,2024-10-12 17:11:00,Brasil,PERNAMBUCO,PETROLINA,Caatinga
 1728230320 ,29fbde9d-81fd-31a3-800c-8172828e8957,   -8.863950 ,  -40.695020 ,2024-10-12 17:11:00,Brasil,PERNAMBUCO,PETROLINA,Caatinga
 1728230326 ,b061aa62-8dbd-3ca7-95bd-7c739d6a32b1,   -8.521110 ,  -40.255450 ,2024-10-12 17:11:00,Brasil,PERNAMBUCO,LAGOA GRANDE,Caatinga
 1728230329 ,c499522c-1382-3cce-a60f-7456b74c872a,   -8.436310 ,  -40.679410 ,2024-10-12 17:11:00,Brasil,PERNAMBUCO,DORMENTES,Caatinga
 1728230330 ,9a98932a-cb7e-32f5-a110-65c84999dc17,   -8.434960 ,  -40.670260 ,2024-10-12 17:11:00,Brasil,PERNAMBUCO,DORMENTES,Caatinga
 1728230333 ,fa97d2c6-20dc-30f7-b894-f504c86ee384,   -8.382990 ,  -40.317950 ,2024-10-12 17:11:00,Brasil,PERNAMBUCO,SANTA CRUZ,Caatinga
 1728230337 ,adfd36df-eabb-3271-bc3f-4e0f734ceeae,   -8.329110 ,  -40.635900 ,2024-10-12 17:11:00,Brasil,PERNAMBUCO,SANTA FILOMENA,Caatinga
 1728230338 ,b7b1ef97-1195-3826-ad65-5d586047964f,   -8.321480 ,  -40.646450 ,2024-10-12 17:11:00,Brasil,PERNAMBUCO,SANTA FILOMENA,Caatinga
 1728230339 ,57787467-4450-3772-b379-f1f6c769b121,   -8.320120 ,  -40.637250 ,2024-10-12 17:11:00,Brasil,PERNAMBUCO,SANTA FILOMENA,Caatinga
 1728230340 ,570ae92a-b5e7-3b58-aee6-c72e82ac01b9,   -8.318770 ,  -40.628080 ,2024-10-12 17:11:00,Brasil,PERNAMBUCO,SANTA FILOMENA,Caatinga
 1728230342 ,68012ac9-2ce4-35cb-a57d-c1a88c4d580c,   -8.312510 ,  -40.647850 ,2024-10-12 17:11:00,Brasil,PERNAMBUCO,SANTA FILOMENA,Caatinga
 1728230343 ,4253e3f4-4cb9-3aec-9d12-24fa68aafb6f,   -8.311150 ,  -40.638660 ,2024-10-12 17:11:00,Brasil,PERNAMBUCO,SANTA FILOMENA,Caatinga
 1728230344 ,fb696ea2-757f-386b-9ff6-17f5411c3d20,   -8.309790 ,  -40.629450 ,2024-10-12 17:11:00,Brasil,PERNAMBUCO,SANTA FILOMENA,Caatinga
 1728230346 ,e83024a5-8fe0-30d8-b56e-f2d92f40c388,   -8.306820 ,  -36.108710 ,2024-10-12 17:11:00,Brasil,PERNAMBUCO,SÃO CAITANO,Caatinga
 1728230347 ,d5effe4d-a526-322c-8bc1-05d994927f6d,   -8.303310 ,  -36.119620 ,2024-10-12 17:11:00,Brasil,PERNAMBUCO,SÃO CAITANO,Caatinga
 1728230348 ,ebf19ec9-bdac-3d84-81c8-0418e558c51b,   -8.300530 ,  -36.102730 ,2024-10-12 17:11:00,Brasil,PERNAMBUCO,SÃO CAITANO,Caatinga
 1728230354 ,ad0155fb-3f95-3b9d-b7b7-ee6135116ec4,   -8.117750 ,  -39.709370 ,2024-10-12 17:11:00,Brasil,PERNAMBUCO,PARNAMIRIM,Caatinga
 1728230360 ,34013a26-52f6-3bfc-988b-6d0a6168821b,   -8.089370 ,  -39.774730 ,2024-10-12 17:11:00,Brasil,PERNAMBUCO,PARNAMIRIM,Caatinga
 1728230361 ,bd1a3cc3-858c-35dd-b4b6-b7b2ecb49ee7,   -8.080070 ,  -39.776160 ,2024-10-12 17:11:00,Brasil,PERNAMBUCO,PARNAMIRIM,Caatinga
 1728230362 ,ce19c1b3-de03-3500-85e6-6fc09ff27f7e,   -8.046010 ,  -40.096470 ,2024-10-12 17:11:00,Brasil,PERNAMBUCO,OURICURI,Caatinga
 1728230363 ,3674b29d-60d2-3d1f-b3c1-6cc3547c8b1d,   -8.044750 ,  -39.898270 ,2024-10-12 17:11:00,Brasil,PERNAMBUCO,OURICURI,Caatinga
 1728230364 ,b07cba05-9b40-3fae-91aa-03f43b28bab3,   -8.043290 ,  -39.888450 ,2024-10-12 17:11:00,Brasil,PERNAMBUCO,OURICURI,Caatinga
 1728230365 ,74d1bbaa-3521-3545-97fb-d9e93d39f829,   -8.043090 ,  -39.720990 ,2024-10-12 17:11:00,Brasil,PERNAMBUCO,PARNAMIRIM,Caatinga
 1728230366 ,84952793-693b-3db1-b06a-fdbce7ae17c5,   -8.041580 ,  -39.711060 ,2024-10-12 17:11:00,Brasil,PERNAMBUCO,PARNAMIRIM,Caatinga
 1728230368 ,f1d0dca5-4a60-3905-87c2-a709e798d603,   -8.033760 ,  -39.722410 ,2024-10-12 17:11:00,Brasil,PERNAMBUCO,PARNAMIRIM,Caatinga
 1728230369 ,174ea1c0-2aed-3327-9923-560e694138f4,   -8.032240 ,  -39.712490 ,2024-10-12 17:11:00,Brasil,PERNAMBUCO,PARNAMIRIM,Caatinga
 1728230370 ,c16c36a0-06dc-35f9-991a-85547875bcbe,   -8.004510 ,  -39.468580 ,2024-10-12 17:11:00,Brasil,PERNAMBUCO,SERRITA,Caatinga
 1728230371 ,23afa8c5-e690-340a-9985-9841e770158d,   -7.980520 ,  -37.993020 ,2024-10-12 17:11:00,Brasil,PERNAMBUCO,FLORES,Caatinga
 1728230372 ,62f78966-83a5-3c66-9082-e6025492d207,   -7.978560 ,  -37.980450 ,2024-10-12 17:11:00,Brasil,PERNAMBUCO,FLORES,Caatinga
 1728230373 ,d6ed43e0-09dd-37a2-b97f-5ab42290d25f,   -7.974330 ,  -39.808500 ,2024-10-12 17:11:00,Brasil,PERNAMBUCO,PARNAMIRIM,Caatinga
 1728230374 ,ad1376d4-12b5-31f2-85d2-ab775bee9e6c,   -7.972820 ,  -39.798580 ,2024-10-12 17:11:00,Brasil,PERNAMBUCO,PARNAMIRIM,Caatinga
 1728230375 ,0b35c7c9-ae51-36f6-89dc-507ac935794d,   -7.971320 ,  -39.788640 ,2024-10-12 17:11:00,Brasil,PERNAMBUCO,PARNAMIRIM,Caatinga
 1728230378 ,3b312a1f-0ebf-3895-8df0-de848a8b45ef,   -7.919520 ,  -39.681070 ,2024-10-12 17:11:00,Brasil,PERNAMBUCO,PARNAMIRIM,Caatinga
 1728230379 ,823ff5f9-24a5-3050-aeaa-44de158ff2eb,   -7.918030 ,  -39.671130 ,2024-10-12 17:11:00,Brasil,PERNAMBUCO,PARNAMIRIM,Caatinga
 1728230381 ,a7d56f6c-5384-364b-9d9e-e35bca06268d,   -7.912760 ,  -39.763850 ,2024-10-12 17:11:00,Brasil,PERNAMBUCO,BODOCÓ,Caatinga
 1728230382 ,72754956-9f5c-3244-b289-4589bb821828,   -7.911270 ,  -39.753880 ,2024-10-12 17:11:00,Brasil,PERNAMBUCO,PARNAMIRIM,Caatinga
 1728230383 ,6aff31f3-5416-3754-b72d-8d321c6f762f,   -7.907120 ,  -38.175900 ,2024-10-12 17:11:00,Brasil,PERNAMBUCO,SERRA TALHADA,Caatinga
 1728230385 ,8e27a14c-333d-36a3-bb2b-8cfbdd260272,   -7.854440 ,  -39.504330 ,2024-10-12 17:11:00,Brasil,PERNAMBUCO,SERRITA,Caatinga
 1728230386 ,a027f2fe-93f9-3113-91dd-53e5457dd08a,   -7.852890 ,  -39.494100 ,2024-10-12 17:11:00,Brasil,PERNAMBUCO,SERRITA,Caatinga
 1728230387 ,55132587-24c8-3543-8b9b-d112b1042619,   -7.851330 ,  -39.483820 ,2024-10-12 17:11:00,Brasil,PERNAMBUCO,SERRITA,Caatinga
 1728230388 ,8c254c4a-3b3c-309a-89fa-0a9606fd67d1,   -7.833990 ,  -39.912930 ,2024-10-12 17:11:00,Brasil,PERNAMBUCO,BODOCÓ,Caatinga
 1728230389 ,63f1089e-7dd0-3f49-9997-fdb9d15ee1e5,   -7.806180 ,  -39.917210 ,2024-10-12 17:11:00,Brasil,PERNAMBUCO,BODOCÓ,Caatinga
 1728230390 ,2c7e1ee7-28cd-37e4-bf09-e31fe1e30efa,   -7.804700 ,  -39.907420 ,2024-10-12 17:11:00,Brasil,PERNAMBUCO,BODOCÓ,Caatinga
 1728230391 ,39438b5d-8e76-3b08-8aa7-eb88471824d5,   -7.787990 ,  -39.478130 ,2024-10-12 17:11:00,Brasil,PERNAMBUCO,SERRITA,Caatinga
 1728230392 ,75edca5c-dd42-3737-a51f-3cf94802c420,   -7.786450 ,  -39.467870 ,2024-10-12 17:11:00,Brasil,PERNAMBUCO,SERRITA,Caatinga
 1728230393 ,a3a30b00-700c-3238-a100-c3f0aebb804c,   -7.776970 ,  -39.469370 ,2024-10-12 17:11:00,Brasil,PERNAMBUCO,SERRITA,Caatinga
 1728230394 ,1de81afd-8759-39a6-a745-327643d5b103,   -7.773390 ,  -39.938930 ,2024-10-12 17:11:00,Brasil,PERNAMBUCO,BODOCÓ,Caatinga
 1728230395 ,01428b84-2a2e-3c77-ab56-5486b88b7cab,   -7.769190 ,  -39.417700 ,2024-10-12 17:11:00,Brasil,PERNAMBUCO,SERRITA,Caatinga
 1728230396 ,143bf62b-b1ff-3cf7-ad9f-58b8c4aa1263,   -7.767640 ,  -39.407370 ,2024-10-12 17:11:00,Brasil,PERNAMBUCO,SERRITA,Caatinga
 1728582289 ,d7a8c8f9-1584-31e8-bc17-f1a2893a6031,   -8.607770 ,  -40.393450 ,2024-10-14 16:54:00,Brasil,PERNAMBUCO,LAGOA GRANDE,Caatinga
 1728582299 ,ba972a5c-f0ba-380e-8b49-0bd7f3fdc90e,   -8.379460 ,  -40.593520 ,2024-10-14 16:54:00,Brasil,PERNAMBUCO,DORMENTES,Caatinga
 1728582316 ,9ea41808-cd28-3c91-844f-1fa46d59f40a,   -8.297680 ,  -39.708220 ,2024-10-14 16:54:00,Brasil,PERNAMBUCO,PARNAMIRIM,Caatinga
 1728582317 ,7ae64cd0-692b-3b6a-88b6-50110d56c360,   -8.296200 ,  -39.697690 ,2024-10-14 16:54:00,Brasil,PERNAMBUCO,PARNAMIRIM,Caatinga
 1728582319 ,ad2167a7-db07-312c-85e5-2adb212fb2ff,   -8.286640 ,  -39.699080 ,2024-10-14 16:54:00,Brasil,PERNAMBUCO,PARNAMIRIM,Caatinga
 1728582320 ,4eae2409-3642-3e18-b3dd-6230d2e8a2d2,   -8.223750 ,  -40.724290 ,2024-10-14 16:54:00,Brasil,PERNAMBUCO,SANTA FILOMENA,Caatinga
 1728582321 ,971f8303-6e94-34d7-93aa-0ed2aa5774cd,   -8.222770 ,  -39.108720 ,2024-10-14 16:54:00,Brasil,PERNAMBUCO,SALGUEIRO,Caatinga
 1728582325 ,12651e29-6080-3f93-b795-6323c2c09a80,   -8.202940 ,  -40.276020 ,2024-10-14 16:54:00,Brasil,PERNAMBUCO,SANTA CRUZ,Caatinga
 1728582329 ,faa57896-4616-3159-9af1-d69e54f4d430,   -7.812790 ,  -35.160260 ,2024-10-14 16:54:00,Brasil,PERNAMBUCO,TRACUNHAÉM,Mata Atlântica
 1728582330 ,cb22ef2e-a005-3789-b63c-a203ffe21b06,   -7.806150 ,  -39.482530 ,2024-10-14 16:54:00,Brasil,PERNAMBUCO,SERRITA,Caatinga
 1728582331 ,448953fd-ab44-3bed-bb61-9d3f21e20fea,   -7.806050 ,  -39.829040 ,2024-10-14 16:54:00,Brasil,PERNAMBUCO,BODOCÓ,Caatinga
 1728582332 ,42d9417a-e22a-31d4-9235-a9a5b696f589,   -7.800920 ,  -39.825600 ,2024-10-14 16:54:00,Brasil,PERNAMBUCO,BODOCÓ,Caatinga
 1728582342 ,03378f9c-f86e-3a19-82e5-f0c812d44e75,   -7.664560 ,  -39.924290 ,2024-10-14 16:54:00,Brasil,PERNAMBUCO,BODOCÓ,Caatinga
 1728582343 ,12c4e1c6-841e-3928-b670-9012872e5395,   -7.589580 ,  -34.968660 ,2024-10-14 16:54:00,Brasil,PERNAMBUCO,GOIANA,Mata Atlântica
 1728582346 ,10c48ff1-e2db-33b2-acb3-3f95b9327814,   -7.555140 ,  -40.317050 ,2024-10-14 16:54:00,Brasil,PERNAMBUCO,ARARIPINA,Caatinga
 1728582347 ,96e13b93-076a-3559-8931-c68a473528c9,   -7.533430 ,  -35.139110 ,2024-10-14 16:54:00,Brasil,PERNAMBUCO,ALIANÇA,Mata Atlântica
 1728582348 ,feda09b7-3783-3ae8-ab39-7ab5eb766fb5,   -7.532830 ,  -40.087140 ,2024-10-14 16:54:00,Brasil,PERNAMBUCO,BODOCÓ,Caatinga
 1728582349 ,0fa9bdef-c1d0-3cc9-929a-fd7c45680a50,   -7.531310 ,  -40.076340 ,2024-10-14 16:54:00,Brasil,PERNAMBUCO,BODOCÓ,Caatinga
 1728582350 ,811ab3ca-1101-30e2-84d5-7c524d880a3c,   -7.527540 ,  -35.036130 ,2024-10-14 16:54:00,Brasil,PERNAMBUCO,GOIANA,Mata Atlântica
 1728582351 ,d9b00320-c9c6-3da2-9647-085401679e00,   -7.527100 ,  -35.160810 ,2024-10-14 16:54:00,Brasil,PERNAMBUCO,ALIANÇA,Mata Atlântica
 1728582352 ,1387aad2-05e4-3f69-b7c4-6193eaf14c69,   -7.525570 ,  -35.150670 ,2024-10-14 16:54:00,Brasil,PERNAMBUCO,ALIANÇA,Mata Atlântica
 1728582353 ,6d48da4c-9c42-32bd-93a6-3e38444525cb,   -7.518120 ,  -35.037720 ,2024-10-14 16:54:00,Brasil,PERNAMBUCO,GOIANA,Mata Atlântica
 1728582354 ,e650ae7c-543b-3f2e-a2bc-1ab1fe0a3a91,   -7.516560 ,  -35.027440 ,2024-10-14 16:54:00,Brasil,PERNAMBUCO,GOIANA,Mata Atlântica
 1728582358 ,5b235cae-f2e7-3172-8e45-15b52a6b8bb5,   -7.468640 ,  -40.051300 ,2024-10-14 16:54:00,Brasil,PERNAMBUCO,BODOCÓ,Caatinga
 1728836443 ,b9691106-c541-3659-ad57-74790c261197,   -7.637660 ,  -40.100940 ,2024-10-16 16:35:00,Brasil,PERNAMBUCO,BODOCÓ,Caatinga
 1728836445 ,90fda551-fc65-3ce7-a797-0c23721791b9,   -7.525990 ,  -39.952460 ,2024-10-16 16:35:00,Brasil,PERNAMBUCO,BODOCÓ,Caatinga
 1728836461 ,f9e8f37c-3218-3679-a8bb-e0081f48c62e,   -8.499630 ,  -39.929950 ,2024-10-16 16:35:00,Brasil,PERNAMBUCO,SANTA MARIA DA BOA VISTA,Caatinga
 1728836474 ,ade0764c-4357-322d-ab28-a3fa48af64d2,   -8.419320 ,  -40.478040 ,2024-10-16 16:35:00,Brasil,PERNAMBUCO,DORMENTES,Caatinga
 1728836475 ,5baf4819-6ec6-3e7a-a97a-8fd9980b575e,   -8.251590 ,  -35.131160 ,2024-10-16 16:35:00,Brasil,PERNAMBUCO,CABO DE SANTO AGOSTINHO,Mata Atlântica
 1728836479 ,66d6f5ff-d9d4-34ae-9e33-5c632d0cf032,   -7.823510 ,  -39.354210 ,2024-10-16 16:35:00,Brasil,PERNAMBUCO,SERRITA,Caatinga
 1728836480 ,a56b562a-555a-3732-a1b1-1ae44b4e361a,   -7.762160 ,  -39.182430 ,2024-10-16 16:35:00,Brasil,PERNAMBUCO,CEDRO,Caatinga
 1728836481 ,eb9bab63-55df-309d-9487-9f7ce66550c2,   -7.759530 ,  -39.162480 ,2024-10-16 16:35:00,Brasil,PERNAMBUCO,CEDRO,Caatinga
 1728836482 ,6437b60a-8d60-3027-82b5-96e89aa72435,   -7.685130 ,  -39.674100 ,2024-10-16 16:35:00,Brasil,PERNAMBUCO,GRANITO,Caatinga
 1728836483 ,d012da3f-de0d-3a9b-8e7a-14dee8fc1d47,   -7.680710 ,  -39.667620 ,2024-10-16 16:35:00,Brasil,PERNAMBUCO,EXU,Caatinga
 1728836484 ,0b597005-fd76-3c11-8fc3-cf627e6a91e9,   -8.681910 ,  -41.141330 ,2024-10-16 16:35:00,Brasil,PERNAMBUCO,AFRÂNIO,Caatinga
 1728836485 ,5d22a873-3cdf-338f-9b0b-5e1b58fa7dbd,   -8.685440 ,  -41.145280 ,2024-10-16 16:35:00,Brasil,PERNAMBUCO,AFRÂNIO,Caatinga
 1728836486 ,35198079-ea97-3365-bf51-852cc8f30ea2,   -8.685500 ,  -41.171120 ,2024-10-16 16:35:00,Brasil,PERNAMBUCO,AFRÂNIO,Caatinga
 1728836487 ,9f98eb3b-8007-3006-8de1-157cf534ae16,   -8.689250 ,  -41.175020 ,2024-10-16 16:35:00,Brasil,PERNAMBUCO,AFRÂNIO,Caatinga
 1728836488 ,be7bac6f-d5d2-3923-adb6-9304b0853b66,   -7.643030 ,  -40.095520 ,2024-10-16 16:35:00,Brasil,PERNAMBUCO,BODOCÓ,Caatinga
 1728836505 ,ce28ae91-1467-37ed-aaef-72c519e8aaeb,   -8.502660 ,  -39.953530 ,2024-10-16 16:35:00,Brasil,PERNAMBUCO,SANTA MARIA DA BOA VISTA,Caatinga
 1728953208 ,9d53c14b-9982-3feb-b135-1482a8249e62,   -8.660350 ,  -41.103570 ,2024-10-17 17:15:00,Brasil,PERNAMBUCO,AFRÂNIO,Caatinga
 1728953209 ,ef973afb-3374-377e-925e-843f8ae14b4b,   -8.658950 ,  -41.094170 ,2024-10-17 17:15:00,Brasil,PERNAMBUCO,AFRÂNIO,Caatinga
 1728953210 ,25351f10-9020-3e77-8756-399e63925eb6,   -8.652680 ,  -41.114360 ,2024-10-17 17:15:00,Brasil,PERNAMBUCO,AFRÂNIO,Caatinga
 1728953211 ,62f69956-8656-3eb5-841f-56e9cad09d7a,   -8.651280 ,  -41.104980 ,2024-10-17 17:15:00,Brasil,PERNAMBUCO,AFRÂNIO,Caatinga
 1728953212 ,992c042c-1549-3678-be9c-0ad649fa1b09,   -8.575360 ,  -41.094460 ,2024-10-17 17:15:00,Brasil,PERNAMBUCO,AFRÂNIO,Caatinga
 1728953213 ,a4b98fde-06b1-34e3-a668-500cfd108890,   -8.573960 ,  -41.084980 ,2024-10-17 17:15:00,Brasil,PERNAMBUCO,AFRÂNIO,Caatinga
 1728953214 ,c882d50b-20c8-3795-9334-4d28b4017ba7,   -8.572560 ,  -41.075550 ,2024-10-17 17:15:00,Brasil,PERNAMBUCO,AFRÂNIO,Caatinga
 1728953215 ,15f640e3-1afb-3035-bec2-9b895c0469c8,   -8.533330 ,  -40.748630 ,2024-10-17 17:15:00,Brasil,PERNAMBUCO,DORMENTES,Caatinga
 1728953219 ,63a8db02-612a-35cc-b007-922a82387673,   -8.485680 ,  -39.940170 ,2024-10-17 17:15:00,Brasil,PERNAMBUCO,SANTA MARIA DA BOA VISTA,Caatinga
 1728953221 ,9d66f164-709e-317f-b337-afcf85aff65e,   -8.429380 ,  -40.053120 ,2024-10-17 17:15:00,Brasil,PERNAMBUCO,SANTA MARIA DA BOA VISTA,Caatinga
 1728953223 ,996da105-d1ca-39e1-8401-18ef3c202ff8,   -8.323210 ,  -40.150380 ,2024-10-17 17:15:00,Brasil,PERNAMBUCO,SANTA CRUZ,Caatinga
 1728953225 ,4b01ace9-d537-359a-8859-89914a66e9d0,   -8.321640 ,  -40.140040 ,2024-10-17 17:15:00,Brasil,PERNAMBUCO,SANTA CRUZ,Caatinga
 1728953232 ,6e7e58ec-d7ed-3d7a-9d98-089e09f44e92,   -7.677270 ,  -39.958360 ,2024-10-17 17:15:00,Brasil,PERNAMBUCO,BODOCÓ,Caatinga
 1728953237 ,2bd2ac4b-e260-3383-aa70-91f4e2b8af4d,   -8.089610 ,  -40.248160 ,2024-10-17 17:15:00,Brasil,PERNAMBUCO,SANTA CRUZ,Caatinga
 1728953239 ,9d676e83-e4d3-3172-ad9e-90cc7faafdfa,   -8.051300 ,  -40.504800 ,2024-10-17 17:15:00,Brasil,PERNAMBUCO,SANTA FILOMENA,Caatinga
 1728953240 ,38aad95e-b4e7-33f9-a96f-66e763513f9a,   -8.049740 ,  -40.494640 ,2024-10-17 17:15:00,Brasil,PERNAMBUCO,SANTA FILOMENA,Caatinga
 1728953241 ,d0fa75cc-afe1-3aab-9467-42d522ca5a06,   -8.043950 ,  -40.490900 ,2024-10-17 17:15:00,Brasil,PERNAMBUCO,SANTA FILOMENA,Caatinga
 1728953242 ,90da4027-e42e-303a-b651-c7941a8f60b2,   -8.042450 ,  -40.480800 ,2024-10-17 17:15:00,Brasil,PERNAMBUCO,SANTA FILOMENA,Caatinga
 1728953243 ,f8470bfc-499f-3fda-a255-18add4bc4d16,   -7.970740 ,  -39.854180 ,2024-10-17 17:15:00,Brasil,PERNAMBUCO,BODOCÓ,Caatinga
 1728953244 ,12f624ee-a27d-3e38-a2dd-de5b5aa90d41,   -7.969060 ,  -39.843300 ,2024-10-17 17:15:00,Brasil,PERNAMBUCO,BODOCÓ,Caatinga
 1728953246 ,57acfd2a-83c6-34e2-a75e-d1ec593df8f2,   -7.948730 ,  -40.370370 ,2024-10-17 17:15:00,Brasil,PERNAMBUCO,OURICURI,Caatinga
 1728953247 ,a8af1061-6de1-3dec-98c0-16db194af5e4,   -7.947160 ,  -40.360150 ,2024-10-17 17:15:00,Brasil,PERNAMBUCO,OURICURI,Caatinga
 1728953254 ,c5e103bd-1461-3701-b7f8-410bde599d91,   -7.859020 ,  -40.328120 ,2024-10-17 17:15:00,Brasil,PERNAMBUCO,OURICURI,Caatinga
 1728953263 ,cebf63ec-35d7-36b7-b9a4-7075719b24ae,   -7.674120 ,  -40.068920 ,2024-10-17 17:15:00,Brasil,PERNAMBUCO,BODOCÓ,Caatinga
 1728953264 ,a455b5ed-ef8a-3dd8-8755-8de46d9fbf56,   -7.667950 ,  -40.222360 ,2024-10-17 17:15:00,Brasil,PERNAMBUCO,IPUBI,Caatinga
 1729188379 ,0f6d3461-88d8-3a6e-85aa-1081843bb661,   -8.855590 ,  -36.911110 ,2024-10-19 16:56:00,Brasil,PERNAMBUCO,PEDRA,Caatinga
 1729188380 ,99b9d632-d5b0-389c-883b-4eeac04ad656,   -8.854230 ,  -36.901990 ,2024-10-19 16:56:00,Brasil,PERNAMBUCO,PEDRA,Caatinga
 1729188381 ,16a7151c-fd3f-320b-b3a4-b23d68262d68,   -8.761020 ,  -37.335660 ,2024-10-19 16:56:00,Brasil,PERNAMBUCO,TUPANATINGA,Caatinga
 1729188382 ,78fdd307-8e25-39a5-96f5-29a2e275e2eb,   -8.629240 ,  -40.777610 ,2024-10-19 16:56:00,Brasil,PERNAMBUCO,AFRÂNIO,Caatinga
 1729188383 ,273fd9e1-d386-3c73-9720-bdae9fb621a2,   -8.542840 ,  -35.045070 ,2024-10-19 16:56:00,Brasil,PERNAMBUCO,IPOJUCA,Mata Atlântica
 1729188384 ,45554b0f-a583-309b-b371-ba5d9d8aa472,   -8.541120 ,  -35.034070 ,2024-10-19 16:56:00,Brasil,PERNAMBUCO,IPOJUCA,Mata Atlântica
 1729188385 ,ca940866-d91b-3a17-9b3d-0f12e29ddd61,   -8.540680 ,  -35.039750 ,2024-10-19 16:56:00,Brasil,PERNAMBUCO,IPOJUCA,Mata Atlântica
 1729188386 ,517d5889-2bfb-34c6-a77f-690604c25aaf,   -8.306750 ,  -36.446090 ,2024-10-19 16:56:00,Brasil,PERNAMBUCO,BELO JARDIM,Caatinga
 1729188387 ,39bbf8d1-5c5a-3bf9-97d2-83074f6d36f1,   -8.132050 ,  -40.070550 ,2024-10-19 16:56:00,Brasil,PERNAMBUCO,OURICURI,Caatinga
 1729188388 ,2de78942-e6bb-352a-80fe-345a69d3a09f,   -8.032520 ,  -37.586020 ,2024-10-19 16:56:00,Brasil,PERNAMBUCO,CUSTÓDIA,Caatinga
 1729188390 ,5e49f68c-e2a7-3829-9c41-8e16c74f430b,   -8.010150 ,  -37.433900 ,2024-10-19 16:56:00,Brasil,PERNAMBUCO,SERTÂNIA,Caatinga
 1729188391 ,bbe0d9cd-6962-3ea2-b34e-f5571a5ff53f,   -7.941920 ,  -37.778230 ,2024-10-19 16:56:00,Brasil,PERNAMBUCO,FLORES,Caatinga
 1729188392 ,b30930d5-03ac-318f-af69-e5e2b1f624fb,   -7.930170 ,  -40.284520 ,2024-10-19 16:56:00,Brasil,PERNAMBUCO,OURICURI,Caatinga
 1729188393 ,5dfb0151-1c4b-36c9-a9b9-e1c1ad6ebe97,   -7.928780 ,  -40.274430 ,2024-10-19 16:56:00,Brasil,PERNAMBUCO,OURICURI,Caatinga
 1729188394 ,0d7999a0-5d47-31d5-a6ef-804d7c9a3356,   -7.915710 ,  -38.556270 ,2024-10-19 16:56:00,Brasil,PERNAMBUCO,SÃO JOSÉ DO BELMONTE,Caatinga
 1729188395 ,3df05006-2fd8-3a30-8c53-6eddab49542a,   -7.903390 ,  -35.428760 ,2024-10-19 16:56:00,Brasil,PERNAMBUCO,LIMOEIRO,Mata Atlântica
 1729188396 ,0030563f-6b48-351f-8156-b5d4ad42cef4,   -7.890130 ,  -38.441860 ,2024-10-19 16:56:00,Brasil,PERNAMBUCO,SERRA TALHADA,Caatinga
 1729188397 ,660e8131-00e4-3b8a-97fb-66ae7bc7a2aa,   -7.888850 ,  -38.432970 ,2024-10-19 16:56:00,Brasil,PERNAMBUCO,SERRA TALHADA,Caatinga
 1729188398 ,e95b26ad-f2d5-357b-93d1-0bbb1d20e389,   -7.825250 ,  -39.728170 ,2024-10-19 16:56:00,Brasil,PERNAMBUCO,GRANITO,Caatinga
 1729188399 ,1a2e7bda-dd57-3a3a-80a6-1fbf2b3651c4,   -7.792470 ,  -38.408380 ,2024-10-19 16:56:00,Brasil,PERNAMBUCO,SERRA TALHADA,Caatinga
 1729188401 ,8b63821c-235f-31c8-9829-6f1af85a6c4a,   -7.788580 ,  -39.407910 ,2024-10-19 16:56:00,Brasil,PERNAMBUCO,SERRITA,Caatinga
 1729188402 ,1d882164-c605-396a-a41a-6784306f9c1a,   -7.764990 ,  -40.147240 ,2024-10-19 16:56:00,Brasil,PERNAMBUCO,OURICURI,Caatinga
 1729188403 ,b1230a1b-e039-3e05-810c-0c21fa2191ae,   -7.761510 ,  -39.411840 ,2024-10-19 16:56:00,Brasil,PERNAMBUCO,SERRITA,Caatinga
 1729188405 ,436fc949-f5c8-34cf-8d7a-0338c5ff093f,   -7.670160 ,  -39.801640 ,2024-10-19 16:56:00,Brasil,PERNAMBUCO,EXU,Caatinga
 1729188408 ,8d791f80-0e89-3160-b094-3d2e05d7b234,   -7.512830 ,  -39.733050 ,2024-10-19 16:56:00,Brasil,PERNAMBUCO,EXU,Caatinga
 1729433015 ,4b6c4c87-81df-31bc-a9de-7b553ac1a7c6,   -8.360730 ,  -35.031910 ,2024-10-21 16:39:00,Brasil,PERNAMBUCO,IPOJUCA,Mata Atlântica
 1729433016 ,79f60ab5-7f5b-3d92-9f39-4f2b326fb337,   -8.359360 ,  -35.022370 ,2024-10-21 16:39:00,Brasil,PERNAMBUCO,CABO DE SANTO AGOSTINHO,Mata Atlântica
 1729433017 ,e45cd2ad-1b70-32d1-8fb5-38fcd6a6b09b,   -8.045720 ,  -37.299330 ,2024-10-21 16:39:00,Brasil,PERNAMBUCO,SERTÂNIA,Caatinga
 1729433018 ,afde995e-55cf-3391-ab59-dad036cbd7b4,   -8.039670 ,  -39.428270 ,2024-10-21 16:39:00,Brasil,PERNAMBUCO,SERRITA,Caatinga
 1729433019 ,6577bddd-c94d-3186-8338-2b97fa2627cb,   -8.034040 ,  -39.417300 ,2024-10-21 16:39:00,Brasil,PERNAMBUCO,SERRITA,Caatinga
 1729433020 ,1eb1401c-a403-3b94-aa5e-22151fdc3cf5,   -8.024950 ,  -35.261330 ,2024-10-21 16:39:00,Brasil,PERNAMBUCO,GLÓRIA DO GOITÁ,Mata Atlântica
 1729433021 ,c7e02780-700b-3a13-9d7b-3119a56c906b,   -8.015740 ,  -35.262680 ,2024-10-21 16:39:00,Brasil,PERNAMBUCO,GLÓRIA DO GOITÁ,Mata Atlântica
 1729433022 ,81e8e329-5349-393c-8000-84d552f18154,   -7.995560 ,  -35.187100 ,2024-10-21 16:39:00,Brasil,PERNAMBUCO,SÃO LOURENÇO DA MATA,Mata Atlântica
 1729433023 ,16c9a4f0-a3b8-32ba-a346-97709a7058ec,   -7.994190 ,  -35.177500 ,2024-10-21 16:39:00,Brasil,PERNAMBUCO,SÃO LOURENÇO DA MATA,Mata Atlântica
 1729433024 ,00622016-4e8b-3afa-852c-9258e634fdfa,   -7.877700 ,  -35.200030 ,2024-10-21 16:39:00,Brasil,PERNAMBUCO,PAUDALHO,Mata Atlântica
 1729433025 ,95fc0148-4567-38b6-9e48-5aa963a3414e,   -7.684930 ,  -39.828480 ,2024-10-21 16:39:00,Brasil,PERNAMBUCO,EXU,Caatinga
 1729433026 ,df6a197e-04ba-3655-aa2d-7fec8aa3f1c0,   -7.649430 ,  -34.955660 ,2024-10-21 16:39:00,Brasil,PERNAMBUCO,GOIANA,Mata Atlântica
 1729433027 ,891b861c-f668-3d1d-98a0-7721476be469,   -7.648100 ,  -34.946270 ,2024-10-21 16:39:00,Brasil,PERNAMBUCO,GOIANA,Mata Atlântica
 1729433028 ,bb27f786-fe3c-3fc4-850a-be894f2bb167,   -7.640360 ,  -34.956920 ,2024-10-21 16:39:00,Brasil,PERNAMBUCO,GOIANA,Mata Atlântica
 1729599965 ,d22ce215-7b7a-3771-baa9-59c4d9bbfcab,   -8.515730 ,  -41.085090 ,2024-10-22 17:20:00,Brasil,PERNAMBUCO,AFRÂNIO,Caatinga
 1729600096 ,30df4b70-5208-32fd-bf48-cdc035e7edad,   -8.225490 ,  -40.467040 ,2024-10-22 17:20:00,Brasil,PERNAMBUCO,SANTA FILOMENA,Caatinga
 1729600097 ,1996e558-7bfb-3810-9fb7-beb001b4f9ef,   -7.999380 ,  -39.869640 ,2024-10-22 17:20:00,Brasil,PERNAMBUCO,BODOCÓ,Caatinga
 1729600098 ,b08af55d-0dda-3b64-b4b3-101fdc892f40,   -8.055920 ,  -40.034030 ,2024-10-22 17:20:00,Brasil,PERNAMBUCO,OURICURI,Caatinga
 1729600099 ,b176c452-15a1-37e1-996c-8007ed81ebf7,   -8.493450 ,  -39.884900 ,2024-10-22 17:20:00,Brasil,PERNAMBUCO,SANTA MARIA DA BOA VISTA,Caatinga
 1729600100 ,f4aaeef4-879d-3e21-a35d-3a226fbd6e9c,   -8.495270 ,  -39.896850 ,2024-10-22 17:20:00,Brasil,PERNAMBUCO,SANTA MARIA DA BOA VISTA,Caatinga
 1729600101 ,63aa026a-0279-3781-8da8-9eee8500107e,   -8.621310 ,  -40.379460 ,2024-10-22 17:20:00,Brasil,PERNAMBUCO,LAGOA GRANDE,Caatinga
 1729600102 ,f93e1ef8-0c68-37f8-9a75-c24177171fd9,   -8.362170 ,  -40.301140 ,2024-10-22 17:20:00,Brasil,PERNAMBUCO,SANTA CRUZ,Caatinga
 1729600103 ,23132600-2551-3c7c-900b-c602047d6e4d,   -8.559950 ,  -40.520250 ,2024-10-22 17:20:00,Brasil,PERNAMBUCO,DORMENTES,Caatinga
 1729600104 ,f3d4dbda-6e8e-31d6-93e2-41736b20f5b4,   -8.561620 ,  -40.531190 ,2024-10-22 17:20:00,Brasil,PERNAMBUCO,DORMENTES,Caatinga
 1729600105 ,0fad0765-27db-3f0d-b44e-d1f4e0eaaeba,   -8.121250 ,  -40.066650 ,2024-10-22 17:20:00,Brasil,PERNAMBUCO,OURICURI,Caatinga
 1729600106 ,f3826ab1-a898-3b68-a0ee-baf1f3508e52,   -8.569690 ,  -40.518690 ,2024-10-22 17:20:00,Brasil,PERNAMBUCO,DORMENTES,Caatinga
 1729600107 ,fc766a7f-a671-386f-8311-ce0459741aeb,   -8.571360 ,  -40.529630 ,2024-10-22 17:20:00,Brasil,PERNAMBUCO,DORMENTES,Caatinga
 1729600108 ,220eaac1-ec2f-3c3e-b6a0-e746940b2a4e,   -8.619590 ,  -40.368290 ,2024-10-22 17:20:00,Brasil,PERNAMBUCO,LAGOA GRANDE,Caatinga
 1729600110 ,f5a73236-22ab-3ed5-b8ad-43f6dc38a77c,   -7.734330 ,  -40.018240 ,2024-10-22 17:20:00,Brasil,PERNAMBUCO,BODOCÓ,Caatinga
 1729600111 ,ce66bbb6-2235-3acc-a9fa-8b191352e86d,   -7.927370 ,  -39.938000 ,2024-10-22 17:20:00,Brasil,PERNAMBUCO,OURICURI,Caatinga
 1729600112 ,10908dac-c42c-3b0d-b216-6c7076e716ab,   -7.531170 ,  -39.965730 ,2024-10-22 17:20:00,Brasil,PERNAMBUCO,BODOCÓ,Caatinga
 1729600150 ,0b376601-e9e6-3839-8f97-4e4997c3d7ec,   -7.386490 ,  -40.087850 ,2024-10-22 17:20:00,Brasil,PERNAMBUCO,BODOCÓ,Caatinga
 1729600151 ,3caa615f-fc4b-3a6e-9a95-219015040e6e,   -7.388340 ,  -40.099860 ,2024-10-22 17:20:00,Brasil,PERNAMBUCO,BODOCÓ,Caatinga
 1729600154 ,6c8552e4-5f1a-37b4-a49f-d2347fc2712c,   -7.512650 ,  -40.303660 ,2024-10-22 17:20:00,Brasil,PERNAMBUCO,ARARIPINA,Caatinga
 1729600155 ,67c34b9b-b0d7-392e-9b76-cdea1de4ef2d,   -7.514130 ,  -39.579400 ,2024-10-22 17:20:00,Brasil,PERNAMBUCO,EXU,Caatinga
 1729600156 ,d5666c06-d322-363b-916c-0be369ac2c99,   -7.516140 ,  -39.592500 ,2024-10-22 17:20:00,Brasil,PERNAMBUCO,EXU,Caatinga
 1729600157 ,8772a2b0-d4dd-3b1b-9510-d3f959f3dcfc,   -7.533040 ,  -39.772430 ,2024-10-22 17:20:00,Brasil,PERNAMBUCO,EXU,Caatinga
 1729600158 ,1bf3f0c2-13b9-3228-8054-8d8b111cb242,   -7.685480 ,  -39.564960 ,2024-10-22 17:20:00,Brasil,PERNAMBUCO,MOREILÂNDIA,Caatinga
 1729600159 ,74dc3457-0ab6-37eb-b3df-667b90fa04af,   -7.687480 ,  -39.577860 ,2024-10-22 17:20:00,Brasil,PERNAMBUCO,MOREILÂNDIA,Caatinga
 1729600160 ,7eca7357-1229-369b-b515-1ac9cade672b,   -7.732460 ,  -40.006160 ,2024-10-22 17:20:00,Brasil,PERNAMBUCO,BODOCÓ,Caatinga
 1729600161 ,2ea7ebb3-7474-3b9e-bd66-423802349477,   -7.837000 ,  -39.807130 ,2024-10-22 17:20:00,Brasil,PERNAMBUCO,BODOCÓ,Caatinga
 1729600162 ,cfc4cc0b-3f7b-357e-bac5-732569674b5d,   -7.880160 ,  -39.769130 ,2024-10-22 17:20:00,Brasil,PERNAMBUCO,GRANITO,Caatinga
 1729600203 ,05d1271c-d5a6-34b2-b010-c9c214f0aa44,   -8.124360 ,  -39.044290 ,2024-10-22 17:20:00,Brasil,PERNAMBUCO,SALGUEIRO,Caatinga
 1729600214 ,f748da86-ff7d-3c6f-a096-4c2dc5bab762,   -7.594750 ,  -37.697650 ,2024-10-22 17:20:00,Brasil,PERNAMBUCO,SOLIDÃO,Caatinga
 1729600215 ,74f4db42-12c0-3fdc-a690-9aff8ad744e2,   -7.704540 ,  -38.724580 ,2024-10-22 17:20:00,Brasil,PERNAMBUCO,SÃO JOSÉ DO BELMONTE,Caatinga
 1729885366 ,03f50baa-6a13-337b-8900-949b55a4367d,   -9.210630 ,  -40.332580 ,2024-10-24 17:00:00,Brasil,PERNAMBUCO,PETROLINA,Caatinga
 1729885369 ,28db47ee-0f96-3ae9-a010-ded844c7eed2,   -9.017070 ,  -40.716960 ,2024-10-24 17:00:00,Brasil,PERNAMBUCO,PETROLINA,Caatinga
 1729885370 ,bfb6fbc8-4aeb-3934-b212-6ac346aa2962,   -9.015670 ,  -40.707000 ,2024-10-24 17:00:00,Brasil,PERNAMBUCO,PETROLINA,Caatinga
 1729885373 ,9b51cb68-19cb-3aa2-b9e2-4a3b9ea1e3a6,   -8.825190 ,  -40.797400 ,2024-10-24 17:00:00,Brasil,PERNAMBUCO,PETROLINA,Caatinga
 1729885374 ,02c89d48-8ca1-3857-9723-84776aab8cd3,   -8.823790 ,  -40.787410 ,2024-10-24 17:00:00,Brasil,PERNAMBUCO,PETROLINA,Caatinga
 1729885375 ,8e2a8e9e-003b-3665-b1b0-725d41b88c7c,   -8.696990 ,  -36.011910 ,2024-10-24 17:00:00,Brasil,PERNAMBUCO,PANELAS,Mata Atlântica
 1729885376 ,df4ab8e9-34f7-376d-8345-eed881ce7022,   -8.689630 ,  -40.424740 ,2024-10-24 17:00:00,Brasil,PERNAMBUCO,PETROLINA,Caatinga
 1729885377 ,4adc0ccf-532e-3061-8b8c-a5846319bda3,   -8.676960 ,  -40.649540 ,2024-10-24 17:00:00,Brasil,PERNAMBUCO,PETROLINA,Caatinga
 1729885378 ,5eb051ab-64bc-3bab-9a54-c8bcff122156,   -8.675560 ,  -40.639770 ,2024-10-24 17:00:00,Brasil,PERNAMBUCO,PETROLINA,Caatinga
 1729885379 ,623c0536-d8b0-39f1-a83b-a1979a88a598,   -8.630780 ,  -37.660910 ,2024-10-24 17:00:00,Brasil,PERNAMBUCO,IBIMIRIM,Caatinga
 1729885381 ,ba7c1de3-0a9b-312a-9487-f9bc02808207,   -8.476830 ,  -40.487350 ,2024-10-24 17:00:00,Brasil,PERNAMBUCO,DORMENTES,Caatinga
 1729885384 ,06d573cd-d146-393b-9415-43be212e6671,   -8.320050 ,  -40.483120 ,2024-10-24 17:00:00,Brasil,PERNAMBUCO,SANTA FILOMENA,Caatinga
 1729885385 ,7920fa57-75be-3551-a40e-3219e5dd1662,   -8.299930 ,  -40.340700 ,2024-10-24 17:00:00,Brasil,PERNAMBUCO,SANTA CRUZ,Caatinga
 1729885386 ,30e4070b-5f66-31c8-bf2c-bb2696a8b2af,   -8.298600 ,  -40.331280 ,2024-10-24 17:00:00,Brasil,PERNAMBUCO,SANTA CRUZ,Caatinga
 1729885390 ,cc7735a0-5fe2-30d2-8dfa-02a5bd492f44,   -8.230210 ,  -40.298800 ,2024-10-24 17:00:00,Brasil,PERNAMBUCO,SANTA CRUZ,Caatinga
 1729885392 ,c672f55f-42a3-3c1b-8561-27a106e2c1fe,   -8.126490 ,  -39.004430 ,2024-10-24 17:00:00,Brasil,PERNAMBUCO,SALGUEIRO,Caatinga
 1729885394 ,2d06d455-84e4-3770-a53c-055bd5744639,   -8.076270 ,  -40.381450 ,2024-10-24 17:00:00,Brasil,PERNAMBUCO,SANTA CRUZ,Caatinga
 1729885398 ,b7663464-b87d-39a6-8912-4f761db0397a,   -7.995590 ,  -40.335560 ,2024-10-24 17:00:00,Brasil,PERNAMBUCO,OURICURI,Caatinga
 1729885399 ,0104f03e-381e-3b4a-bc1a-3ab50c62f483,   -7.985050 ,  -40.260730 ,2024-10-24 17:00:00,Brasil,PERNAMBUCO,OURICURI,Caatinga
 1729885400 ,9329cc1d-e19b-3217-b4b3-3f6e3289f2bb,   -7.963650 ,  -39.915860 ,2024-10-24 17:00:00,Brasil,PERNAMBUCO,OURICURI,Caatinga
 1729885401 ,c3d9603b-cad3-3cfa-9ef4-181ae4d6a899,   -7.943300 ,  -40.359340 ,2024-10-24 17:00:00,Brasil,PERNAMBUCO,OURICURI,Caatinga
 1729885403 ,a0195e2b-1243-3bfe-bae7-74097beccd01,   -7.935240 ,  -39.780900 ,2024-10-24 17:00:00,Brasil,PERNAMBUCO,BODOCÓ,Caatinga
 1729885404 ,6150470b-77d7-345e-b789-342a88a4fb09,   -7.933950 ,  -39.771860 ,2024-10-24 17:00:00,Brasil,PERNAMBUCO,PARNAMIRIM,Caatinga
 1729885405 ,433e20ee-b5e8-30d2-b5f9-03c6ed619928,   -7.927630 ,  -35.482060 ,2024-10-24 17:00:00,Brasil,PERNAMBUCO,LIMOEIRO,Mata Atlântica
 1729885411 ,59a110f2-e27a-3147-a644-94ce4ae78813,   -7.868450 ,  -40.347100 ,2024-10-24 17:00:00,Brasil,PERNAMBUCO,OURICURI,Caatinga
 1729885413 ,7695f55f-1dfe-3eda-8090-69f562a588a8,   -7.846560 ,  -40.388510 ,2024-10-24 17:00:00,Brasil,PERNAMBUCO,ARARIPINA,Caatinga
 1729885414 ,08b5d540-a613-3d71-8468-c898f7100ef7,   -7.832630 ,  -39.839490 ,2024-10-24 17:00:00,Brasil,PERNAMBUCO,BODOCÓ,Caatinga
 1729885417 ,863c1092-4a62-373a-a2f6-3006e493cfb3,   -7.792540 ,  -38.854790 ,2024-10-24 17:00:00,Brasil,PERNAMBUCO,SÃO JOSÉ DO BELMONTE,Caatinga
 1729885418 ,56370b46-931c-3b26-9f27-f1639c9ea1eb,   -7.791250 ,  -38.845930 ,2024-10-24 17:00:00,Brasil,PERNAMBUCO,SÃO JOSÉ DO BELMONTE,Caatinga
 1729885420 ,e96df8d9-3b31-3a45-9e6e-6f8d733c4a57,   -7.740040 ,  -40.097960 ,2024-10-24 17:00:00,Brasil,PERNAMBUCO,OURICURI,Caatinga
 1729885421 ,0223f7fd-7f2a-3274-8ab6-83a31394489a,   -7.728430 ,  -40.080920 ,2024-10-24 17:00:00,Brasil,PERNAMBUCO,BODOCÓ,Caatinga
 1729885424 ,c134a6a0-6479-3f8f-94b7-d4122c7e762b,   -7.692210 ,  -39.955650 ,2024-10-24 17:00:00,Brasil,PERNAMBUCO,BODOCÓ,Caatinga
 1729885425 ,09c0ec2c-5077-34dc-8b5f-1563b7942225,   -7.690910 ,  -39.946530 ,2024-10-24 17:00:00,Brasil,PERNAMBUCO,BODOCÓ,Caatinga
 1729885426 ,9491ab7b-5c3d-35a0-b868-65f8c76247c9,   -7.667690 ,  -40.104680 ,2024-10-24 17:00:00,Brasil,PERNAMBUCO,BODOCÓ,Caatinga
 1729885428 ,00a272ea-e8ea-3f38-8b17-8c43a9feec28,   -7.667390 ,  -40.359660 ,2024-10-24 17:00:00,Brasil,PERNAMBUCO,ARARIPINA,Caatinga
 1729885429 ,2cc5032f-66e9-3dbf-b91c-04492336d766,   -7.650790 ,  -40.438390 ,2024-10-24 17:00:00,Brasil,PERNAMBUCO,ARARIPINA,Caatinga
 1729885430 ,1e5fcc8f-2fbd-3ba8-9a19-480911bc1211,   -7.636440 ,  -39.504170 ,2024-10-24 17:00:00,Brasil,PERNAMBUCO,MOREILÂNDIA,Caatinga
 1729885432 ,c81e937b-94c5-3be6-a3c5-76805e2fa406,   -7.626330 ,  -40.008000 ,2024-10-24 17:00:00,Brasil,PERNAMBUCO,BODOCÓ,Caatinga
 1729885439 ,78947606-eff3-3356-8604-2f72083d98d1,   -7.582170 ,  -40.608890 ,2024-10-24 17:00:00,Brasil,PERNAMBUCO,ARARIPINA,Caatinga
 1729885440 ,1b34faad-ae27-3f10-8fa0-259faed23495,   -7.573040 ,  -40.610220 ,2024-10-24 17:00:00,Brasil,PERNAMBUCO,ARARIPINA,Caatinga
 1729885444 ,0b51d809-bfde-323f-82aa-ef311cda60a6,   -7.549010 ,  -39.988260 ,2024-10-24 17:00:00,Brasil,PERNAMBUCO,BODOCÓ,Caatinga
 1729885479 ,d3fd0a43-8b12-3d31-bf8e-2fec98d28c34,   -7.521290 ,  -40.113890 ,2024-10-24 17:00:00,Brasil,PERNAMBUCO,BODOCÓ,Caatinga
 1729885480 ,bd02e4a1-1dc6-399b-aa71-94810e79a0a1,   -7.519990 ,  -40.104750 ,2024-10-24 17:00:00,Brasil,PERNAMBUCO,BODOCÓ,Caatinga
 1729885481 ,32152b5f-d3df-38f3-8492-380ff44e0e6d,   -7.511950 ,  -39.984410 ,2024-10-24 17:00:00,Brasil,PERNAMBUCO,BODOCÓ,Caatinga
 1729885482 ,a53f5701-6def-3d17-b49b-ac815d8d3c5c,   -7.455380 ,  -39.716430 ,2024-10-24 17:00:00,Brasil,PERNAMBUCO,EXU,Caatinga
 1729885484 ,9a29511f-9e2f-3f25-a4ab-f66a302ce68c,   -7.383470 ,  -40.183090 ,2024-10-24 17:00:00,Brasil,PERNAMBUCO,IPUBI,Caatinga
 1729885485 ,d0671ca7-6189-335f-b35b-49a5cbfcae94,   -7.382150 ,  -40.173920 ,2024-10-24 17:00:00,Brasil,PERNAMBUCO,IPUBI,Caatinga
 1730055859 ,627bfaaf-e053-32d2-aa48-741ae42c18c0,   -7.629880 ,  -34.921410 ,2024-10-25 16:03:00,Brasil,PERNAMBUCO,GOIANA,Mata Atlântica
 1730084947 ,5473fdc1-b254-3cf6-b890-844a4f88d3eb,   -8.390800 ,  -40.495840 ,2024-10-25 17:39:00,Brasil,PERNAMBUCO,DORMENTES,Caatinga
 1730084948 ,d6e3627f-ff9e-3767-abde-1a56d1e2ce5e,   -8.390690 ,  -40.503320 ,2024-10-25 17:39:00,Brasil,PERNAMBUCO,DORMENTES,Caatinga
 1730084949 ,6932217a-171d-3e91-82fe-ae1a288a754c,   -8.386040 ,  -40.475170 ,2024-10-25 17:39:00,Brasil,PERNAMBUCO,DORMENTES,Caatinga
 1730084950 ,c7ee31ec-088e-3a2d-8b59-70c41c2d770c,   -8.385930 ,  -40.467630 ,2024-10-25 17:39:00,Brasil,PERNAMBUCO,DORMENTES,Caatinga
 1730084951 ,e988f3bb-0068-3013-9318-abed1d53ef48,   -8.214070 ,  -39.828040 ,2024-10-25 17:39:00,Brasil,PERNAMBUCO,PARNAMIRIM,Caatinga
 1730084953 ,b94be4a1-d071-385b-bdc9-27ada9baba80,   -8.137660 ,  -40.537520 ,2024-10-25 17:39:00,Brasil,PERNAMBUCO,SANTA FILOMENA,Caatinga
 1730084954 ,29126587-b191-3d94-bd09-31864193dd8d,   -8.135650 ,  -40.532850 ,2024-10-25 17:39:00,Brasil,PERNAMBUCO,SANTA FILOMENA,Caatinga
 1730084955 ,a4ac188d-5f91-3bc4-8b8e-51645de836dc,   -8.095990 ,  -40.391570 ,2024-10-25 17:39:00,Brasil,PERNAMBUCO,SANTA CRUZ,Caatinga
 1730085009 ,6f291528-aa95-3e4c-a531-2087fcb5f8c9,   -8.583690 ,  -41.004390 ,2024-10-25 17:39:00,Brasil,PERNAMBUCO,AFRÂNIO,Caatinga
 1730085010 ,232fdf62-9122-3b82-b047-55f9ddac0a71,   -8.559840 ,  -41.142870 ,2024-10-25 17:39:00,Brasil,PERNAMBUCO,AFRÂNIO,Caatinga
 1730240850 ,d61ff4c4-1fe0-305a-83b3-f096883f3d7c,   -7.662170 ,  -35.308100 ,2024-10-26 16:41:00,Brasil,PERNAMBUCO,VICÊNCIA,Caatinga
 1730240851 ,2c1fd51f-e681-3b2b-8901-f9a7df9bd20c,   -7.660860 ,  -35.299020 ,2024-10-26 16:41:00,Brasil,PERNAMBUCO,VICÊNCIA,Caatinga
 1730240852 ,16447ea0-3b05-39ae-ab74-86ed34c3433d,   -7.597670 ,  -35.050400 ,2024-10-26 16:41:00,Brasil,PERNAMBUCO,GOIANA,Mata Atlântica
 1730240853 ,222f1532-4e16-3bef-9c03-0ad04eb763a1,   -7.596380 ,  -35.041450 ,2024-10-26 16:41:00,Brasil,PERNAMBUCO,GOIANA,Mata Atlântica
 1730240854 ,65d54628-bd10-3bab-be2a-ae2d81224d64,   -7.488760 ,  -35.246870 ,2024-10-26 16:41:00,Brasil,PERNAMBUCO,FERREIROS,Mata Atlântica
 1730240869 ,672599ed-e939-37da-9fe7-a0b55db7513f,   -7.804250 ,  -37.286580 ,2024-10-26 16:41:00,Brasil,PERNAMBUCO,IGUARACY,Caatinga
 1730240870 ,803d0690-3e24-3fe4-bcba-db9a83aabbf7,   -7.802690 ,  -37.275400 ,2024-10-26 16:41:00,Brasil,PERNAMBUCO,IGUARACY,Caatinga
 1730240871 ,2968546b-0762-328e-8ec5-6f865dcb13b8,   -7.637790 ,  -37.633790 ,2024-10-26 16:41:00,Brasil,PERNAMBUCO,SOLIDÃO,Caatinga
 1730240872 ,14870b1c-8d86-3c51-a896-241d8ff6c3c2,   -7.636220 ,  -37.622240 ,2024-10-26 16:41:00,Brasil,PERNAMBUCO,AFOGADOS DA INGAZEIRA,Caatinga
 1730240874 ,ae13b170-8ee6-343c-9871-86ccccaa7554,   -8.762520 ,  -37.343060 ,2024-10-26 16:41:00,Brasil,PERNAMBUCO,TUPANATINGA,Caatinga
 1730240890 ,e3d25a3a-26aa-3eb6-965e-5c6f47c1c420,   -7.840490 ,  -38.538880 ,2024-10-26 16:41:00,Brasil,PERNAMBUCO,SERRA TALHADA,Caatinga
 1730240914 ,5400e45a-fbc1-3cbc-a507-49e4bb4fb4cc,   -8.166290 ,  -39.011750 ,2024-10-26 16:41:00,Brasil,PERNAMBUCO,SALGUEIRO,Caatinga
 1730240915 ,ee11a11d-f427-3eb3-bff9-d438b13b19f4,   -8.155110 ,  -39.013430 ,2024-10-26 16:41:00,Brasil,PERNAMBUCO,SALGUEIRO,Caatinga
 1730240985 ,9e42c456-7161-3f95-be06-f568a50b1364,   -7.899510 ,  -39.740990 ,2024-10-26 16:41:00,Brasil,PERNAMBUCO,GRANITO,Caatinga
 1730240986 ,51abd78c-d811-3ca8-becf-7e9c89463fb9,   -7.897240 ,  -39.724420 ,2024-10-26 16:41:00,Brasil,PERNAMBUCO,GRANITO,Caatinga
 1730240988 ,d686b960-ada3-3e17-a922-822e82fa051a,   -7.671520 ,  -39.766760 ,2024-10-26 16:41:00,Brasil,PERNAMBUCO,GRANITO,Caatinga
 1730240989 ,a28b73ef-939e-3648-b0eb-1c9c32302bad,   -7.627530 ,  -39.525820 ,2024-10-26 16:41:00,Brasil,PERNAMBUCO,MOREILÂNDIA,Caatinga
 1730240990 ,001eeb15-4b66-3946-958d-e346390b45b9,   -7.615250 ,  -39.500330 ,2024-10-26 16:41:00,Brasil,PERNAMBUCO,MOREILÂNDIA,Caatinga
 1730240991 ,3f5f4f32-e84e-3d0c-a22a-d5a12411d6a2,   -7.613850 ,  -39.511390 ,2024-10-26 16:41:00,Brasil,PERNAMBUCO,MOREILÂNDIA,Caatinga
 1730240992 ,e8b2d214-777d-3a10-832f-d9ace795ff4a,   -7.512500 ,  -40.078760 ,2024-10-26 16:41:00,Brasil,PERNAMBUCO,BODOCÓ,Caatinga
 1730240993 ,8465c99d-87d7-33fc-b168-595eda95759a,   -7.509990 ,  -40.060750 ,2024-10-26 16:41:00,Brasil,PERNAMBUCO,BODOCÓ,Caatinga
 1730240994 ,908a11b0-1d05-3d6c-a0b5-f0844ec81ef2,   -7.473810 ,  -39.571250 ,2024-10-26 16:41:00,Brasil,PERNAMBUCO,EXU,Caatinga
 1730241002 ,14b7e616-c771-3e98-aeba-d5715e23c51e,   -7.906340 ,  -39.733340 ,2024-10-26 16:41:00,Brasil,PERNAMBUCO,PARNAMIRIM,Caatinga
 1730241003 ,bef38061-54e1-3949-bccd-98ab135c091f,   -7.814520 ,  -39.553630 ,2024-10-26 16:41:00,Brasil,PERNAMBUCO,SERRITA,Caatinga
 1730241004 ,68050144-5c05-318a-b74d-c12fddd9f94a,   -7.807140 ,  -39.559780 ,2024-10-26 16:41:00,Brasil,PERNAMBUCO,SERRITA,Caatinga
 1730241005 ,d1eee1aa-95fc-3779-bef3-b11a2052e4a9,   -7.721480 ,  -40.142420 ,2024-10-26 16:41:00,Brasil,PERNAMBUCO,OURICURI,Caatinga
 1730241006 ,d81c62bd-9ee1-3367-bdfd-bcebbc65949a,   -7.719160 ,  -40.124980 ,2024-10-26 16:41:00,Brasil,PERNAMBUCO,OURICURI,Caatinga
 1730241007 ,d848c3f4-8396-3543-8844-cd3b70d965f7,   -7.638250 ,  -39.926670 ,2024-10-26 16:41:00,Brasil,PERNAMBUCO,BODOCÓ,Caatinga
 1730241008 ,89c61bf5-a430-3f87-a352-ed54ef3e94b8,   -7.629650 ,  -39.541740 ,2024-10-26 16:41:00,Brasil,PERNAMBUCO,MOREILÂNDIA,Caatinga
 1730241009 ,e6ddab52-f3b6-3ec2-a468-a16f38a1dc0f,   -7.625420 ,  -39.509950 ,2024-10-26 16:41:00,Brasil,PERNAMBUCO,MOREILÂNDIA,Caatinga
 1730241010 ,af041009-e421-32c9-892b-727dbcede284,   -7.621550 ,  -39.983520 ,2024-10-26 16:41:00,Brasil,PERNAMBUCO,BODOCÓ,Caatinga
 1730241011 ,b9b79e0a-f780-348e-8362-972b271f2c0a,   -7.617470 ,  -39.516220 ,2024-10-26 16:41:00,Brasil,PERNAMBUCO,MOREILÂNDIA,Caatinga
 1730241019 ,006477d1-bfa1-3fd6-b474-1c4eae812144,   -7.529550 ,  -40.360950 ,2024-10-26 16:41:00,Brasil,PERNAMBUCO,ARARIPINA,Caatinga
 1730241020 ,5e293bac-6e9b-3afe-8656-025a748209d2,   -7.527300 ,  -40.366080 ,2024-10-26 16:41:00,Brasil,PERNAMBUCO,ARARIPINA,Caatinga
 1730241021 ,346d3542-7575-3f2d-9e57-4afeef418d73,   -8.864790 ,  -40.489580 ,2024-10-26 16:41:00,Brasil,PERNAMBUCO,PETROLINA,Caatinga
 1730241022 ,a6ca8157-a463-35ed-a39e-e83ea231c93b,   -8.852740 ,  -40.495990 ,2024-10-26 16:41:00,Brasil,PERNAMBUCO,PETROLINA,Caatinga
 1730241023 ,3e1ae4e9-1682-3d4a-9af7-4d0bacdb59c3,   -8.850100 ,  -40.476500 ,2024-10-26 16:41:00,Brasil,PERNAMBUCO,PETROLINA,Caatinga
 1730241024 ,bd63760f-0741-30d4-80fd-5b90bd24382a,   -8.760700 ,  -40.487950 ,2024-10-26 16:41:00,Brasil,PERNAMBUCO,PETROLINA,Caatinga
 1730241025 ,91289c76-8f95-3ca8-9f4e-d709967d714d,   -8.760510 ,  -40.494900 ,2024-10-26 16:41:00,Brasil,PERNAMBUCO,PETROLINA,Caatinga
 1730241026 ,e1bdfda1-e02c-3691-a930-6b84ab2f1e57,   -8.553700 ,  -40.415500 ,2024-10-26 16:41:00,Brasil,PERNAMBUCO,DORMENTES,Caatinga
 1730241027 ,d0a300d0-4bc2-3f93-ab35-08fc60e4828d,   -8.444320 ,  -40.070300 ,2024-10-26 16:41:00,Brasil,PERNAMBUCO,SANTA MARIA DA BOA VISTA,Caatinga
 1730241028 ,cb7189d4-6980-348c-adbb-7dd19c5e7f3e,   -8.441970 ,  -40.052430 ,2024-10-26 16:41:00,Brasil,PERNAMBUCO,SANTA MARIA DA BOA VISTA,Caatinga
 1730241029 ,2bed1c5f-5c50-35df-a8a0-86ca5ef67f15,   -8.334990 ,  -40.437030 ,2024-10-26 16:41:00,Brasil,PERNAMBUCO,SANTA CRUZ,Caatinga
 1730241030 ,b6d16af8-c851-3247-8c73-f6d7762eee69,   -8.297930 ,  -39.741700 ,2024-10-26 16:41:00,Brasil,PERNAMBUCO,PARNAMIRIM,Caatinga
 1730241031 ,e631b3aa-3270-3997-97d7-50149ef481c4,   -8.291690 ,  -39.749430 ,2024-10-26 16:41:00,Brasil,PERNAMBUCO,PARNAMIRIM,Caatinga
 1730241032 ,ad2042e4-c6ef-31cf-86f9-95dc4a5615f5,   -8.209930 ,  -39.591240 ,2024-10-26 16:41:00,Brasil,PERNAMBUCO,PARNAMIRIM,Caatinga
 1730241033 ,8d1daef1-2344-3fc6-8efa-0a1014013f15,   -8.091700 ,  -39.805550 ,2024-10-26 16:41:00,Brasil,PERNAMBUCO,PARNAMIRIM,Caatinga
 1730241034 ,51e9ff38-6ccd-34fc-b8a6-ebbb81ce47a2,   -8.037910 ,  -39.951700 ,2024-10-26 16:41:00,Brasil,PERNAMBUCO,OURICURI,Caatinga
 1730241035 ,f889d0e7-9066-32c8-a949-3e1a7b90bf9f,   -8.035670 ,  -39.934450 ,2024-10-26 16:41:00,Brasil,PERNAMBUCO,OURICURI,Caatinga
 1730241036 ,1728baa9-2f02-395b-a588-6d5d3a2c86dc,   -8.033530 ,  -39.957040 ,2024-10-26 16:41:00,Brasil,PERNAMBUCO,OURICURI,Caatinga
 1730241037 ,845e0f42-5966-301f-80d0-9fd8b8cae1cb,   -8.022060 ,  -39.785640 ,2024-10-26 16:41:00,Brasil,PERNAMBUCO,PARNAMIRIM,Caatinga
 1730241041 ,01773c2e-7ce9-3267-8b45-91a7c9d11e56,   -8.245770 ,  -39.503900 ,2024-10-26 16:41:00,Brasil,PERNAMBUCO,CABROBÓ,Caatinga
 1730241042 ,948fb2e7-b504-3842-bcc7-0c3ab25f87c4,   -8.212120 ,  -39.607670 ,2024-10-26 16:41:00,Brasil,PERNAMBUCO,PARNAMIRIM,Caatinga
 1730241043 ,59e6bb3b-b34c-3d6b-ac63-2d23d2f2a32e,   -8.133640 ,  -40.075600 ,2024-10-26 16:41:00,Brasil,PERNAMBUCO,OURICURI,Caatinga
 1730241044 ,f36f6c87-7dd2-3a91-bb98-e3c044387e0e,   -8.129490 ,  -40.082800 ,2024-10-26 16:41:00,Brasil,PERNAMBUCO,OURICURI,Caatinga
 1730241045 ,d8b55092-3ebd-3d82-a568-872eed739fa0,   -8.127060 ,  -40.064900 ,2024-10-26 16:41:00,Brasil,PERNAMBUCO,OURICURI,Caatinga
 1730241046 ,cdbe3f4d-09d3-3d0f-945e-e36d09ad0973,   -8.097850 ,  -39.798030 ,2024-10-26 16:41:00,Brasil,PERNAMBUCO,PARNAMIRIM,Caatinga
 1730241047 ,48e23a6c-d3c5-3428-82a0-3c8b4437d062,   -8.051850 ,  -39.428660 ,2024-10-26 16:41:00,Brasil,PERNAMBUCO,SERRITA,Caatinga
 1730241048 ,a2d65c1e-c59a-33ba-8afe-23d861df07b1,   -8.049040 ,  -39.422250 ,2024-10-26 16:41:00,Brasil,PERNAMBUCO,SERRITA,Caatinga
 1730241049 ,b2343796-a200-3dea-a424-caa67c096f9f,   -8.031210 ,  -39.940100 ,2024-10-26 16:41:00,Brasil,PERNAMBUCO,OURICURI,Caatinga
 1730241050 ,713d2235-9261-3262-bd65-a80407948597,   -8.017890 ,  -39.798120 ,2024-10-26 16:41:00,Brasil,PERNAMBUCO,PARNAMIRIM,Caatinga
 1730241051 ,e73cd9ab-64b8-3e13-a565-8b97752d8ffc,   -8.015710 ,  -39.781400 ,2024-10-26 16:41:00,Brasil,PERNAMBUCO,PARNAMIRIM,Caatinga
 1730241052 ,256b928a-333e-3e59-b040-d6784f4227c1,   -7.997870 ,  -39.875180 ,2024-10-26 16:41:00,Brasil,PERNAMBUCO,BODOCÓ,Caatinga
 1730241053 ,187b4944-6eff-3fe0-a418-3d3e5f2d1325,   -7.995540 ,  -39.857970 ,2024-10-26 16:41:00,Brasil,PERNAMBUCO,BODOCÓ,Caatinga
 1730241054 ,d7b509b6-1a38-33cc-904a-5b122ce22217,   -8.932460 ,  -40.706290 ,2024-10-26 16:41:00,Brasil,PERNAMBUCO,PETROLINA,Caatinga
 1730241055 ,3ed5bb98-1f90-3989-9f64-02dfd25ed7dc,   -8.852000 ,  -40.491210 ,2024-10-26 16:41:00,Brasil,PERNAMBUCO,PETROLINA,Caatinga
 1730241056 ,bd5f4c1b-d190-3a0e-95c1-ecdba1ed8bdb,   -8.722200 ,  -40.499870 ,2024-10-26 16:41:00,Brasil,PERNAMBUCO,PETROLINA,Caatinga
 1730241057 ,ea8556a3-f602-3b4c-9451-7343aaa39303,   -8.719590 ,  -40.480230 ,2024-10-26 16:41:00,Brasil,PERNAMBUCO,PETROLINA,Caatinga
 1730241058 ,10525ac1-1bbf-3739-8914-60d58aa065d9,   -8.542160 ,  -40.410310 ,2024-10-26 16:41:00,Brasil,PERNAMBUCO,DORMENTES,Caatinga
 1730241161 ,95f61862-3f56-3e26-9fe0-6c26f353dc9f,   -8.548500 ,  -41.152030 ,2024-10-26 16:41:00,Brasil,PERNAMBUCO,AFRÂNIO,Caatinga
 1730241166 ,8683ab2a-a2c0-3dfa-88cd-8fd3e062e90c,   -8.556560 ,  -41.145840 ,2024-10-26 16:41:00,Brasil,PERNAMBUCO,AFRÂNIO,Caatinga
 1730389123 ,bf438dfe-40aa-3972-ac60-242458e0d2bb,   -8.738980 ,  -40.475690 ,2024-10-27 17:22:00,Brasil,PERNAMBUCO,PETROLINA,Caatinga
 1730389124 ,978582db-479c-37e3-82ca-4cae4b2db287,   -8.716920 ,  -40.719580 ,2024-10-27 17:22:00,Brasil,PERNAMBUCO,PETROLINA,Caatinga
 1730389125 ,bb84dc95-9bfb-3d0f-929e-57d02ada053e,   -8.715090 ,  -40.707750 ,2024-10-27 17:22:00,Brasil,PERNAMBUCO,PETROLINA,Caatinga
 1730389127 ,086ce5fa-137a-3ea8-9921-ce6425788b6e,   -8.693000 ,  -41.233360 ,2024-10-27 17:22:00,Brasil,PERNAMBUCO,AFRÂNIO,Caatinga
 1730389128 ,051e5c00-1f2e-3ae5-809a-a8fe321141e8,   -8.691300 ,  -41.222360 ,2024-10-27 17:22:00,Brasil,PERNAMBUCO,AFRÂNIO,Caatinga
 1730389130 ,de101e92-c1d1-39c5-9f83-94cb583e099a,   -8.631680 ,  -40.836530 ,2024-10-27 17:22:00,Brasil,PERNAMBUCO,AFRÂNIO,Caatinga
 1730389133 ,954570cf-15df-391c-bc95-603aec46529f,   -8.627090 ,  -40.873080 ,2024-10-27 17:22:00,Brasil,PERNAMBUCO,AFRÂNIO,Caatinga
 1730389134 ,e4e45113-843e-393b-a014-328de537dcd1,   -8.625270 ,  -40.861440 ,2024-10-27 17:22:00,Brasil,PERNAMBUCO,AFRÂNIO,Caatinga
 1730389135 ,486ff4a9-71be-397b-ac20-f1107aa9c770,   -8.624310 ,  -40.920930 ,2024-10-27 17:22:00,Brasil,PERNAMBUCO,AFRÂNIO,Caatinga
 1730389136 ,2f3cb1cb-1ad7-3be2-8aff-3b5dea7b49f7,   -8.595720 ,  -40.931250 ,2024-10-27 17:22:00,Brasil,PERNAMBUCO,AFRÂNIO,Caatinga
 1730389137 ,e8f25417-6c20-39b9-a352-48f9ce3f7f2d,   -8.586290 ,  -41.003110 ,2024-10-27 17:22:00,Brasil,PERNAMBUCO,AFRÂNIO,Caatinga
 1730389138 ,0fa26e5b-f959-3a58-a8ff-84599c32468e,   -8.584550 ,  -40.991780 ,2024-10-27 17:22:00,Brasil,PERNAMBUCO,AFRÂNIO,Caatinga
 1730389140 ,aafa133a-42b0-38dd-a193-7570833b7289,   -8.576370 ,  -41.004740 ,2024-10-27 17:22:00,Brasil,PERNAMBUCO,AFRÂNIO,Caatinga
 1730389141 ,48a951b8-b1c2-3201-95bf-3db240497a76,   -8.548670 ,  -40.235590 ,2024-10-27 17:22:00,Brasil,PERNAMBUCO,LAGOA GRANDE,Caatinga
 1730389142 ,f4fffaec-7e20-3a77-a8fa-bf6766cbfb5f,   -8.483980 ,  -40.609680 ,2024-10-27 17:22:00,Brasil,PERNAMBUCO,DORMENTES,Caatinga
 1730389143 ,771c270b-e157-360a-a68e-9d0e3e4f1b44,   -8.482070 ,  -40.597530 ,2024-10-27 17:22:00,Brasil,PERNAMBUCO,DORMENTES,Caatinga
 1730389152 ,66fc4832-1e2c-363f-85db-509337f7cfac,   -8.291710 ,  -40.628030 ,2024-10-27 17:22:00,Brasil,PERNAMBUCO,SANTA FILOMENA,Caatinga
 1730389156 ,d2be3b95-35de-3ea1-af69-379f81512350,   -8.194530 ,  -40.331100 ,2024-10-27 17:22:00,Brasil,PERNAMBUCO,SANTA CRUZ,Caatinga
 1730389157 ,7d9e464e-c8a3-3cb0-ba5d-428c077a8224,   -8.124030 ,  -39.506740 ,2024-10-27 17:22:00,Brasil,PERNAMBUCO,PARNAMIRIM,Caatinga
 1730389163 ,91d485f5-2c4b-3157-b267-e7d23190a20e,   -7.987820 ,  -38.866080 ,2024-10-27 17:22:00,Brasil,PERNAMBUCO,SÃO JOSÉ DO BELMONTE,Caatinga
 1730389164 ,7f8c26cf-4c03-3411-b78c-323f99dd4d41,   -7.958810 ,  -39.767660 ,2024-10-27 17:22:00,Brasil,PERNAMBUCO,PARNAMIRIM,Caatinga
 1730389170 ,7215f010-6c4a-3f1d-aeaa-238a231d1100,   -7.738860 ,  -40.221200 ,2024-10-27 17:22:00,Brasil,PERNAMBUCO,OURICURI,Caatinga
 1730540669 ,fc81aeae-15e5-3445-98bf-88b898d0b5d7,   -7.977780 ,  -38.891350 ,2024-10-28 16:24:00,Brasil,PERNAMBUCO,VERDEJANTE,Caatinga
 1730540670 ,0faa21f8-62de-354f-91a9-17567540a03d,   -7.973550 ,  -38.858220 ,2024-10-28 16:24:00,Brasil,PERNAMBUCO,SÃO JOSÉ DO BELMONTE,Caatinga
 1730540671 ,b9f6418a-7971-3847-bc62-058f87e79231,   -7.961760 ,  -38.893390 ,2024-10-28 16:24:00,Brasil,PERNAMBUCO,SÃO JOSÉ DO BELMONTE,Caatinga
 1730540672 ,0549a973-3a68-3920-a3b8-1c6bb064b842,   -7.957590 ,  -38.860400 ,2024-10-28 16:24:00,Brasil,PERNAMBUCO,SÃO JOSÉ DO BELMONTE,Caatinga
 1730540673 ,44c402f0-2f8c-3624-89ea-86e0dd9633a1,   -7.759770 ,  -35.328380 ,2024-10-28 16:24:00,Brasil,PERNAMBUCO,BUENOS AIRES,Mata Atlântica
 1730540674 ,5ecfc6c6-8e4a-345b-93f6-2e4297a24128,   -7.401180 ,  -40.340860 ,2024-10-28 16:24:00,Brasil,PERNAMBUCO,ARARIPINA,Caatinga
 1730540675 ,2fa03b4b-6402-3a4a-a9d2-891968d93897,   -7.400790 ,  -40.337040 ,2024-10-28 16:24:00,Brasil,PERNAMBUCO,ARARIPINA,Caatinga
 1730540676 ,13d7ab35-b8ea-30d8-b99e-f1b29bd7e447,   -7.395620 ,  -40.298520 ,2024-10-28 16:24:00,Brasil,PERNAMBUCO,IPUBI,Caatinga
 1730540677 ,7efb419e-544d-3b7d-a3dd-cc5c9aa9a2ae,   -7.395500 ,  -40.294460 ,2024-10-28 16:24:00,Brasil,PERNAMBUCO,IPUBI,Caatinga
 1730711472 ,3b36596c-acb1-30ec-b2ba-1bf24c98d6f2,   -7.979720 ,  -40.529710 ,2024-10-29 17:05:00,Brasil,PERNAMBUCO,ARARIPINA,Caatinga
 1730711476 ,2da053b5-9f35-3a39-9eb8-c722ca0f0266,   -7.975410 ,  -40.304450 ,2024-10-29 17:05:00,Brasil,PERNAMBUCO,OURICURI,Caatinga
 1730711477 ,b4e80001-e31e-3422-995b-cd4164db845c,   -7.932610 ,  -40.518410 ,2024-10-29 17:05:00,Brasil,PERNAMBUCO,ARARIPINA,Caatinga
 1730711478 ,f01baa1f-a13c-3fe0-ab95-ff6af2858f83,   -7.927140 ,  -40.353920 ,2024-10-29 17:05:00,Brasil,PERNAMBUCO,OURICURI,Caatinga
 1730711774 ,93257ff4-bfb2-30dc-a0f2-c8cf35a8f222,   -8.720440 ,  -41.003650 ,2024-10-29 17:05:00,Brasil,PERNAMBUCO,AFRÂNIO,Caatinga
 1730711777 ,9f133d61-24e7-3996-80c9-ab937b802371,   -8.696610 ,  -41.227350 ,2024-10-29 17:05:00,Brasil,PERNAMBUCO,AFRÂNIO,Caatinga
 1730711778 ,133aca24-6051-3d53-9369-a1b85222d849,   -8.621460 ,  -41.024550 ,2024-10-29 17:05:00,Brasil,PERNAMBUCO,AFRÂNIO,Caatinga
 1730711779 ,89bfb96a-1b52-393e-8d87-d0f8fcb54fe9,   -8.620150 ,  -41.015160 ,2024-10-29 17:05:00,Brasil,PERNAMBUCO,AFRÂNIO,Caatinga
 1730711781 ,5540ef8e-4f81-3d96-9143-12aa546ac493,   -8.552000 ,  -41.049840 ,2024-10-29 17:05:00,Brasil,PERNAMBUCO,AFRÂNIO,Caatinga
 1730711783 ,8135d621-0489-3b31-843a-0da155bb25bf,   -8.465870 ,  -41.030450 ,2024-10-29 17:05:00,Brasil,PERNAMBUCO,AFRÂNIO,Caatinga
 1730711784 ,4c8e2274-4473-3ada-841c-1e9a55e2423e,   -8.456790 ,  -41.031730 ,2024-10-29 17:05:00,Brasil,PERNAMBUCO,AFRÂNIO,Caatinga
 1730712401 ,2145b558-acca-36b6-9bc3-782506e3d5ea,   -7.822350 ,  -35.629870 ,2024-10-29 17:05:00,Brasil,PERNAMBUCO,BOM JARDIM,Caatinga
 1730712402 ,0bfdad4b-a01e-3f98-8b17-b5fd34c5a3fe,   -7.793910 ,  -35.544570 ,2024-10-29 17:05:00,Brasil,PERNAMBUCO,BOM JARDIM,Caatinga
 1730712403 ,83af027a-6f0b-3248-8fbc-8a5a3736ba14,   -7.791860 ,  -35.531150 ,2024-10-29 17:05:00,Brasil,PERNAMBUCO,BOM JARDIM,Caatinga
 1730712404 ,91064abd-e705-3746-ab2d-1d19cff060ac,   -7.541580 ,  -35.390380 ,2024-10-29 17:05:00,Brasil,PERNAMBUCO,TIMBAÚBA,Mata Atlântica
 1730712413 ,d78f46a1-f51f-3ee7-83bf-b0250936006c,   -8.339320 ,  -36.305230 ,2024-10-29 17:05:00,Brasil,PERNAMBUCO,TACAIMBÓ,Caatinga
 1730712414 ,85884389-5646-3332-b8c5-32a367bb4347,   -7.970190 ,  -37.643080 ,2024-10-29 17:05:00,Brasil,PERNAMBUCO,CUSTÓDIA,Caatinga
 1730712590 ,80940bd0-e489-3ede-8cd3-d3a1b4246534,   -7.624300 ,  -39.989650 ,2024-10-29 17:05:00,Brasil,PERNAMBUCO,BODOCÓ,Caatinga
 1730712432 ,69c5f22b-dbfb-3bf6-9ea5-134560b2a576,   -7.792000 ,  -39.105890 ,2024-10-29 17:05:00,Brasil,PERNAMBUCO,SALGUEIRO,Caatinga
 1730712444 ,12945163-d78c-3439-829d-01c42beb4833,   -7.950490 ,  -38.867780 ,2024-10-29 17:05:00,Brasil,PERNAMBUCO,SÃO JOSÉ DO BELMONTE,Caatinga
 1730712577 ,aa83814e-a5ae-38d1-9cea-4ec13e07d5cc,   -7.883000 ,  -39.923570 ,2024-10-29 17:05:00,Brasil,PERNAMBUCO,BODOCÓ,Caatinga
 1730712578 ,80cda8ee-9f53-3f69-89ed-7b06eff0ae33,   -7.881710 ,  -39.914700 ,2024-10-29 17:05:00,Brasil,PERNAMBUCO,BODOCÓ,Caatinga
 1730712579 ,6a1b54ab-ffb9-3884-a1b7-589338a3d552,   -7.774620 ,  -39.550490 ,2024-10-29 17:05:00,Brasil,PERNAMBUCO,SERRITA,Caatinga
 1730712580 ,584ae6f9-5701-3fcb-bedd-6325af44f87d,   -7.773320 ,  -39.541630 ,2024-10-29 17:05:00,Brasil,PERNAMBUCO,SERRITA,Caatinga
 1730712581 ,3582c1c5-0939-3291-84c3-9b3d858e098a,   -7.772030 ,  -39.532770 ,2024-10-29 17:05:00,Brasil,PERNAMBUCO,SERRITA,Caatinga
 1730712582 ,4e3cf78e-719e-32b3-adea-c45274727976,   -7.765790 ,  -39.551810 ,2024-10-29 17:05:00,Brasil,PERNAMBUCO,SERRITA,Caatinga
 1730712583 ,b27d15f3-eb4d-3c45-80d7-f439c1294aba,   -7.764490 ,  -39.542950 ,2024-10-29 17:05:00,Brasil,PERNAMBUCO,SERRITA,Caatinga
 1730712584 ,61ab5919-b123-3c38-8673-c4560ab677bf,   -7.763200 ,  -39.534090 ,2024-10-29 17:05:00,Brasil,PERNAMBUCO,SERRITA,Caatinga
 1730712585 ,f4437d42-1127-3117-bf97-3e8ccaf74866,   -7.747760 ,  -40.004440 ,2024-10-29 17:05:00,Brasil,PERNAMBUCO,BODOCÓ,Caatinga
 1730712586 ,9c5e4d88-d985-38c2-ba91-2ee05083d667,   -7.746480 ,  -39.995560 ,2024-10-29 17:05:00,Brasil,PERNAMBUCO,BODOCÓ,Caatinga
 1730712587 ,dac573c5-4d93-3a33-81e0-62ac953ad6e3,   -7.732110 ,  -40.030660 ,2024-10-29 17:05:00,Brasil,PERNAMBUCO,BODOCÓ,Caatinga
 1730712588 ,cab0d5e9-e35b-319e-b7e5-3482a6bc5321,   -7.625590 ,  -39.998510 ,2024-10-29 17:05:00,Brasil,PERNAMBUCO,BODOCÓ,Caatinga
 1730712589 ,dcae76f2-59c1-3a16-9368-d61e51ee248b,   -7.624650 ,  -39.539870 ,2024-10-29 17:05:00,Brasil,PERNAMBUCO,MOREILÂNDIA,Caatinga
 1730712591 ,9f51eff4-fcdc-3b69-8740-e6b76ae329cc,   -7.616760 ,  -39.999810 ,2024-10-29 17:05:00,Brasil,PERNAMBUCO,BODOCÓ,Caatinga
 1730712592 ,0cb7960c-b5f6-3f8f-ba3e-d8aea596c430,   -7.615470 ,  -39.990940 ,2024-10-29 17:05:00,Brasil,PERNAMBUCO,BODOCÓ,Caatinga
 1730712593 ,875becda-909f-34a7-9c13-820b1e3f3f1e,   -7.557350 ,  -39.963270 ,2024-10-29 17:05:00,Brasil,PERNAMBUCO,BODOCÓ,Caatinga
 1730712594 ,c237ec22-1012-3814-b96b-48f321768027,   -7.512540 ,  -39.975700 ,2024-10-29 17:05:00,Brasil,PERNAMBUCO,BODOCÓ,Caatinga
 1730712595 ,20175e7d-28a2-30b5-b5cf-77d3338d8ecd,   -7.511250 ,  -39.966840 ,2024-10-29 17:05:00,Brasil,PERNAMBUCO,BODOCÓ,Caatinga
 1730712599 ,6fa7c423-b162-38a1-93fe-74d7ad3949df,   -7.360480 ,  -39.878270 ,2024-10-29 17:05:00,Brasil,PERNAMBUCO,EXU,Caatinga
 1730712600 ,f10f5366-2c11-39dc-94da-747d93ed06e4,   -7.359190 ,  -39.869430 ,2024-10-29 17:05:00,Brasil,PERNAMBUCO,EXU,Caatinga
 1730712620 ,590c92b8-cc2d-3d17-9065-55f59ead6ee5,   -7.848090 ,  -40.119260 ,2024-10-29 17:05:00,Brasil,PERNAMBUCO,OURICURI,Caatinga
 1730712621 ,90844dcd-e019-3acc-b577-1ef99f730084,   -7.784150 ,  -40.515520 ,2024-10-29 17:05:00,Brasil,PERNAMBUCO,ARARIPINA,Caatinga
 1730712622 ,e9db71b5-93ba-3b1a-8037-e9b8063c6e2a,   -7.768280 ,  -40.146550 ,2024-10-29 17:05:00,Brasil,PERNAMBUCO,OURICURI,Caatinga
 1730712623 ,95eb2e6a-ccfd-3b15-85ff-b66704dfe3b9,   -7.735360 ,  -40.302940 ,2024-10-29 17:05:00,Brasil,PERNAMBUCO,TRINDADE,Caatinga
 1730712624 ,91d7f277-e5bf-3818-997b-a016b952f52a,   -7.734070 ,  -40.294000 ,2024-10-29 17:05:00,Brasil,PERNAMBUCO,TRINDADE,Caatinga
 1730712625 ,78fbdf01-1759-3f07-9425-f36392a72a6a,   -7.697720 ,  -40.433770 ,2024-10-29 17:05:00,Brasil,PERNAMBUCO,ARARIPINA,Caatinga
 1730712626 ,ed6411f5-2c2a-3593-8a23-d3ce7c9d911b,   -7.696420 ,  -40.424780 ,2024-10-29 17:05:00,Brasil,PERNAMBUCO,ARARIPINA,Caatinga
 1730712627 ,020f5c69-c18c-3c81-aee2-720493e3f804,   -7.587580 ,  -40.620860 ,2024-10-29 17:05:00,Brasil,PERNAMBUCO,ARARIPINA,Caatinga
 1730712628 ,d4927981-651f-3447-89b6-b0f336f1c631,   -7.515070 ,  -40.509400 ,2024-10-29 17:05:00,Brasil,PERNAMBUCO,ARARIPINA,Caatinga
 1730712629 ,48681ebd-f530-3055-9eaf-c7a381678435,   -7.513760 ,  -40.500380 ,2024-10-29 17:05:00,Brasil,PERNAMBUCO,ARARIPINA,Caatinga
 1730712630 ,d7fa7f68-ca26-36d0-8b85-a915ec542233,   -7.419570 ,  -40.349690 ,2024-10-29 17:05:00,Brasil,PERNAMBUCO,ARARIPINA,Caatinga
 1730712640 ,a86daff5-3b74-377f-abf8-152fadc5d293,   -8.814190 ,  -40.300090 ,2024-10-29 17:05:00,Brasil,PERNAMBUCO,LAGOA GRANDE,Caatinga
 1730712641 ,eb31535e-7b41-3bf8-a884-f2a0a983ed4e,   -8.781370 ,  -40.975550 ,2024-10-29 17:05:00,Brasil,PERNAMBUCO,AFRÂNIO,Caatinga
 1730712642 ,ce362536-2391-3454-8ecc-72699f952faa,   -8.780020 ,  -40.966140 ,2024-10-29 17:05:00,Brasil,PERNAMBUCO,AFRÂNIO,Caatinga
 1730712643 ,8da539c7-f67b-3369-8faa-d44947a4227f,   -8.705690 ,  -40.833500 ,2024-10-29 17:05:00,Brasil,PERNAMBUCO,PETROLINA,Caatinga
 1730712644 ,24e955c3-358a-3c3e-8471-4667c1357738,   -8.662950 ,  -40.214860 ,2024-10-29 17:05:00,Brasil,PERNAMBUCO,LAGOA GRANDE,Caatinga
 1730712645 ,73e957ca-706f-3d66-8a8c-a98cd00b877a,   -8.661650 ,  -40.205860 ,2024-10-29 17:05:00,Brasil,PERNAMBUCO,LAGOA GRANDE,Caatinga
 1730712646 ,9bf319d8-a81e-327a-9d33-b9032982465b,   -8.614760 ,  -40.524280 ,2024-10-29 17:05:00,Brasil,PERNAMBUCO,DORMENTES,Caatinga
 1730712647 ,be4a7cc9-5614-344c-9792-e0d9a4713f0d,   -8.605300 ,  -40.778960 ,2024-10-29 17:05:00,Brasil,PERNAMBUCO,DORMENTES,Caatinga
 1730712648 ,075f74de-f475-3fc5-a6ef-7e1699ddb9fd,   -8.597060 ,  -40.592180 ,2024-10-29 17:05:00,Brasil,PERNAMBUCO,DORMENTES,Caatinga
 1730712649 ,a8b31878-0404-33e8-9e46-4f9adf224ddc,   -8.550580 ,  -40.394570 ,2024-10-29 17:05:00,Brasil,PERNAMBUCO,LAGOA GRANDE,Caatinga
 1730712650 ,a53f1c27-af97-35fd-921d-5a821bb4a440,   -8.542960 ,  -40.404920 ,2024-10-29 17:05:00,Brasil,PERNAMBUCO,DORMENTES,Caatinga
 1730712651 ,1684831a-602c-345b-8fde-e7af358da7f5,   -8.541670 ,  -40.395870 ,2024-10-29 17:05:00,Brasil,PERNAMBUCO,DORMENTES,Caatinga
 1730712652 ,c7a90f1f-ef5d-3b03-a3b0-841ada88d4e2,   -8.522090 ,  -40.580750 ,2024-10-29 17:05:00,Brasil,PERNAMBUCO,DORMENTES,Caatinga
 1730712653 ,8ecdea48-b3b2-3ab5-b625-ae4a6aa68d77,   -8.520780 ,  -40.571590 ,2024-10-29 17:05:00,Brasil,PERNAMBUCO,DORMENTES,Caatinga
 1730712654 ,e6a49186-f428-3fd8-833e-64dc1568972f,   -8.513130 ,  -40.582050 ,2024-10-29 17:05:00,Brasil,PERNAMBUCO,DORMENTES,Caatinga
 1730712655 ,6343c8a4-620a-3acc-a1f6-51a198c7e76a,   -8.511830 ,  -40.572910 ,2024-10-29 17:05:00,Brasil,PERNAMBUCO,DORMENTES,Caatinga
 1730712656 ,02a6eec1-3d28-32f1-9f29-091c1c034849,   -8.505830 ,  -40.723510 ,2024-10-29 17:05:00,Brasil,PERNAMBUCO,DORMENTES,Caatinga
 1730712657 ,024f713c-6b0c-30d4-b76d-26009956d7ee,   -8.371430 ,  -40.304140 ,2024-10-29 17:05:00,Brasil,PERNAMBUCO,SANTA CRUZ,Caatinga
 1730712658 ,ae13af6d-a22d-303d-b96b-ce92c3e4a197,   -8.363670 ,  -40.250180 ,2024-10-29 17:05:00,Brasil,PERNAMBUCO,SANTA CRUZ,Caatinga
 1730712659 ,e4b775ba-303e-3efb-bc69-0f471b2f9fa8,   -8.362380 ,  -40.241210 ,2024-10-29 17:05:00,Brasil,PERNAMBUCO,SANTA CRUZ,Caatinga
 1730712660 ,a7942648-d6b8-3424-9495-d89ae45e00d6,   -8.294580 ,  -40.598320 ,2024-10-29 17:05:00,Brasil,PERNAMBUCO,SANTA FILOMENA,Caatinga
 1730712661 ,55807e70-c4fa-3c2f-aa1b-360cc197e6a0,   -8.293290 ,  -40.589200 ,2024-10-29 17:05:00,Brasil,PERNAMBUCO,SANTA FILOMENA,Caatinga
 1730712662 ,e1bd2e9d-8d7c-311b-bbbd-9448bdb8b563,   -8.276460 ,  -40.672750 ,2024-10-29 17:05:00,Brasil,PERNAMBUCO,SANTA FILOMENA,Caatinga
 1730712663 ,aec8cb67-f693-3518-9cd7-35fee6f6c14c,   -8.275290 ,  -40.526880 ,2024-10-29 17:05:00,Brasil,PERNAMBUCO,SANTA FILOMENA,Caatinga
 1730712664 ,3c4e0b1e-d8d2-3185-bfb4-13300104d992,   -8.274000 ,  -40.517820 ,2024-10-29 17:05:00,Brasil,PERNAMBUCO,SANTA FILOMENA,Caatinga
 1730712665 ,9f57019d-ba30-32d4-8b52-236ae16b5451,   -8.246310 ,  -40.463560 ,2024-10-29 17:05:00,Brasil,PERNAMBUCO,SANTA FILOMENA,Caatinga
 1730712666 ,e17f735c-cb58-346f-9edd-8f1bd25bacc3,   -8.207910 ,  -40.386330 ,2024-10-29 17:05:00,Brasil,PERNAMBUCO,SANTA CRUZ,Caatinga
 1730712667 ,c40aad72-94b6-3d3d-8919-08763d546898,   -8.201750 ,  -40.470090 ,2024-10-29 17:05:00,Brasil,PERNAMBUCO,SANTA FILOMENA,Caatinga
 1730712668 ,9588c439-dfc0-3268-8da2-4b37a542b5b8,   -8.174090 ,  -40.535280 ,2024-10-29 17:05:00,Brasil,PERNAMBUCO,SANTA FILOMENA,Caatinga
 1730712670 ,8edf3726-87d7-3c48-b2cc-0d4e1529f4ea,   -8.131910 ,  -40.495320 ,2024-10-29 17:05:00,Brasil,PERNAMBUCO,SANTA FILOMENA,Caatinga
 1730712672 ,10cbb5a8-8763-3003-b7b6-5902dd71cb21,   -8.080250 ,  -40.527970 ,2024-10-29 17:05:00,Brasil,PERNAMBUCO,SANTA FILOMENA,Caatinga
 1730712673 ,dcc8a8d8-05bd-3180-97fc-08e0f3b700ce,   -8.078940 ,  -40.518920 ,2024-10-29 17:05:00,Brasil,PERNAMBUCO,SANTA FILOMENA,Caatinga
 1730712674 ,85fbcde7-fffd-326e-b0ca-48dac054a261,   -8.060210 ,  -40.248820 ,2024-10-29 17:05:00,Brasil,PERNAMBUCO,OURICURI,Caatinga
 1730712675 ,4ce77b1c-c3f8-3518-8c01-1b26ae708752,   -8.039490 ,  -40.561260 ,2024-10-29 17:05:00,Brasil,PERNAMBUCO,SANTA FILOMENA,Caatinga
 1730712676 ,ce5860eb-827b-30e6-bb31-da410abd4cef,   -8.469590 ,  -39.893840 ,2024-10-29 17:05:00,Brasil,PERNAMBUCO,SANTA MARIA DA BOA VISTA,Caatinga
 1730712677 ,8feace32-69e6-3677-9520-19319f50c5cc,   -7.985880 ,  -39.796260 ,2024-10-29 17:05:00,Brasil,PERNAMBUCO,PARNAMIRIM,Caatinga
 1730874128 ,a2b80312-cd92-3d9a-a657-22f80d171fcd,   -8.541910 ,  -40.442730 ,2024-10-30 17:43:00,Brasil,PERNAMBUCO,DORMENTES,Caatinga
 1730874133 ,de66e3f0-074c-373e-b68d-22d1717e97df,   -8.194080 ,  -40.592710 ,2024-10-30 17:43:00,Brasil,PERNAMBUCO,SANTA FILOMENA,Caatinga
 1730874134 ,5fd2a7db-2b2c-3cb0-ad90-e2c8c24ef69f,   -8.185330 ,  -40.599140 ,2024-10-30 17:43:00,Brasil,PERNAMBUCO,SANTA FILOMENA,Caatinga
 1730874136 ,c3d66e33-4005-3eda-bc47-3054de562f07,   -8.083300 ,  -40.380840 ,2024-10-30 17:43:00,Brasil,PERNAMBUCO,SANTA CRUZ,Caatinga
 1730874137 ,4818b9c6-0be3-3057-85af-e2c523947cfe,   -8.077560 ,  -40.347480 ,2024-10-30 17:43:00,Brasil,PERNAMBUCO,SANTA CRUZ,Caatinga
 1730874138 ,671d2174-9178-364d-8008-ddc60cc50413,   -8.068440 ,  -40.356970 ,2024-10-30 17:43:00,Brasil,PERNAMBUCO,OURICURI,Caatinga
 1730988763 ,5e39888b-c062-355a-8f49-7681fb5c6942,   -8.089820 ,  -39.822320 ,2024-10-31 16:45:00,Brasil,PERNAMBUCO,PARNAMIRIM,Caatinga
 1730988767 ,2602ec63-51db-3db7-b365-2627eb535aba,   -8.691400 ,  -35.476190 ,2024-10-31 16:45:00,Brasil,PERNAMBUCO,ÁGUA PRETA,Mata Atlântica
 1730988768 ,2fef2009-ff64-36b4-a464-0540939c4bd3,   -8.673220 ,  -40.639500 ,2024-10-31 16:45:00,Brasil,PERNAMBUCO,PETROLINA,Caatinga
 1730988769 ,cb36cea5-0bbe-34c5-8d2c-13726bc75e44,   -8.672130 ,  -35.863480 ,2024-10-31 16:45:00,Brasil,PERNAMBUCO,LAGOA DOS GATOS,Mata Atlântica
 1730988770 ,92562669-e596-3707-9832-a1de75b5b2e8,   -8.390530 ,  -39.838650 ,2024-10-31 16:45:00,Brasil,PERNAMBUCO,SANTA MARIA DA BOA VISTA,Caatinga
 1730988771 ,a65676eb-9e25-30ad-bd93-d2a1a8b99dce,   -8.273600 ,  -35.404380 ,2024-10-31 16:45:00,Brasil,PERNAMBUCO,PRIMAVERA,Mata Atlântica
 1730988772 ,defe37f3-0337-39ba-bcca-4e7a318ae522,   -8.269320 ,  -35.752620 ,2024-10-31 16:45:00,Brasil,PERNAMBUCO,BEZERROS,Caatinga
 1730988773 ,1499e2e3-33c9-3f5d-a560-64ed8bd660c4,   -8.252970 ,  -40.184810 ,2024-10-31 16:45:00,Brasil,PERNAMBUCO,PARNAMIRIM,Caatinga
 1730988774 ,bcc35074-8f58-3ba1-bda1-73eb29a1f751,   -8.123250 ,  -35.123990 ,2024-10-31 16:45:00,Brasil,PERNAMBUCO,MORENO,Mata Atlântica
 1730988775 ,b5958ada-b024-3e22-b11a-db9ead2afd00,   -8.087880 ,  -39.807530 ,2024-10-31 16:45:00,Brasil,PERNAMBUCO,PARNAMIRIM,Caatinga
 1730988776 ,bd9a1226-7f43-3bcb-9ba5-3a027abbb3b1,   -7.973760 ,  -39.730190 ,2024-10-31 16:48:00,Brasil,PERNAMBUCO,PARNAMIRIM,Caatinga
 1730988777 ,eafd1536-1eba-3a88-9047-ddea51fd7a9f,   -7.971740 ,  -39.715570 ,2024-10-31 16:48:00,Brasil,PERNAMBUCO,PARNAMIRIM,Caatinga
 1730988778 ,24927b66-ac3d-39d7-aded-fb6ed21845ad,   -7.967650 ,  -38.139710 ,2024-10-31 16:45:00,Brasil,PERNAMBUCO,SERRA TALHADA,Caatinga
 1730988779 ,d0eec9f7-f6eb-335b-9d0f-ba7e65c99b84,   -7.957290 ,  -38.870110 ,2024-10-31 16:45:00,Brasil,PERNAMBUCO,SÃO JOSÉ DO BELMONTE,Caatinga
 1730988785 ,fa22eb01-fa51-36e5-ae63-4808b4344343,   -7.410710 ,  -40.134520 ,2024-10-31 16:48:00,Brasil,PERNAMBUCO,BODOCÓ,Caatinga
 1730988786 ,e3113668-0ce6-394f-b258-c08921248a6e,   -7.408440 ,  -40.129760 ,2024-10-31 16:48:00,Brasil,PERNAMBUCO,BODOCÓ,Caatinga
 1731126646 ,a1856da8-a1c8-32d4-a8d2-558c93327c51,   -8.691310 ,  -41.288770 ,2024-11-01 17:24:00,Brasil,PERNAMBUCO,AFRÂNIO,Caatinga
 1731127538 ,fc3a1e5f-a094-3a8a-8ef1-9d2764fd2618,   -8.588210 ,  -40.367960 ,2024-11-01 17:24:00,Brasil,PERNAMBUCO,LAGOA GRANDE,Caatinga
 1731127539 ,ecf65736-aa4e-3dd2-9f03-35166c993510,   -8.098180 ,  -40.557060 ,2024-11-01 17:24:00,Brasil,PERNAMBUCO,SANTA FILOMENA,Caatinga
 1731252813 ,fdcd4e5d-59e9-3ef0-8320-1a346d9a5fdc,   -8.442500 ,  -37.067390 ,2024-11-02 16:26:00,Brasil,PERNAMBUCO,ARCOVERDE,Caatinga
 1731252814 ,9554e0ef-e8f9-3c18-a4a4-05549fd38231,   -7.817850 ,  -35.664780 ,2024-11-02 16:26:00,Brasil,PERNAMBUCO,BOM JARDIM,Caatinga
 1731252815 ,f8c46c74-3843-3f91-a3a0-85131f80ac3e,   -7.592460 ,  -39.575900 ,2024-11-02 16:26:00,Brasil,PERNAMBUCO,MOREILÂNDIA,Caatinga
 1731392154 ,8c1e03f6-2c3e-3844-95e1-3d2cf2fbf1cc,   -8.345170 ,  -40.730290 ,2024-11-03 17:06:00,Brasil,PERNAMBUCO,SANTA FILOMENA,Caatinga
 1731392158 ,4a8483da-550f-3ea2-b787-31dd1049a731,   -9.197850 ,  -40.640370 ,2024-11-03 17:06:00,Brasil,PERNAMBUCO,PETROLINA,Caatinga
 1731392159 ,2cca0f05-7702-34c6-a583-bcc1803c645d,   -9.107540 ,  -40.453110 ,2024-11-03 17:06:00,Brasil,PERNAMBUCO,PETROLINA,Caatinga
 1731392160 ,4d1c1b45-d1d1-37db-8c2e-5668a0cbcf5b,   -8.856300 ,  -40.563150 ,2024-11-03 17:06:00,Brasil,PERNAMBUCO,PETROLINA,Caatinga
 1731392161 ,31e7082f-7351-35f3-9246-93c274169f1a,   -8.855020 ,  -40.554240 ,2024-11-03 17:06:00,Brasil,PERNAMBUCO,PETROLINA,Caatinga
 1731392164 ,988c7cea-2171-39bd-8ebe-7822beb0501a,   -8.686620 ,  -40.728160 ,2024-11-03 17:06:00,Brasil,PERNAMBUCO,PETROLINA,Caatinga
 1731392165 ,ca608afe-6c82-3b93-acee-de4abddfac2d,   -8.685330 ,  -40.719220 ,2024-11-03 17:06:00,Brasil,PERNAMBUCO,PETROLINA,Caatinga
 1731392167 ,6d30050a-8889-3b2d-9846-8f4d19bdcc00,   -8.661120 ,  -41.198760 ,2024-11-03 17:06:00,Brasil,PERNAMBUCO,AFRÂNIO,Caatinga
 1731392168 ,d1d1fa7c-3287-3364-af23-67fb6f1b5125,   -8.659830 ,  -41.189660 ,2024-11-03 17:06:00,Brasil,PERNAMBUCO,AFRÂNIO,Caatinga
 1731392169 ,36d05432-2ef6-393b-bc44-f972a4503ded,   -8.627290 ,  -40.834810 ,2024-11-03 17:06:00,Brasil,PERNAMBUCO,AFRÂNIO,Caatinga
 1731392172 ,a0fef689-a2ed-3290-a22c-a7ae9658c743,   -8.529380 ,  -36.576690 ,2024-11-03 17:06:00,Brasil,PERNAMBUCO,SÃO BENTO DO UNA,Caatinga
 1731392175 ,a901530a-805e-377c-8f58-9b764a8af1a0,   -8.479440 ,  -40.650010 ,2024-11-03 17:06:00,Brasil,PERNAMBUCO,DORMENTES,Caatinga
 1731392176 ,12dc98bc-a376-30fc-8916-550344c3924f,   -8.478150 ,  -40.641120 ,2024-11-03 17:06:00,Brasil,PERNAMBUCO,DORMENTES,Caatinga
 1731392177 ,2c5addf5-2373-310d-9f05-91480f23e784,   -8.438920 ,  -40.619650 ,2024-11-03 17:06:00,Brasil,PERNAMBUCO,DORMENTES,Caatinga
 1731392185 ,39459010-e765-346e-ab66-e2168ead5124,   -8.343880 ,  -40.721380 ,2024-11-03 17:06:00,Brasil,PERNAMBUCO,SANTA FILOMENA,Caatinga
 1731392187 ,9f1b4e29-1726-3d13-a856-3283c992966e,   -8.300750 ,  -39.549000 ,2024-11-03 17:06:00,Brasil,PERNAMBUCO,CABROBÓ,Caatinga
 1731392188 ,0f5f106a-403a-3acd-8946-363aac5631e9,   -8.286540 ,  -40.511950 ,2024-11-03 17:06:00,Brasil,PERNAMBUCO,SANTA FILOMENA,Caatinga
 1731392189 ,3489dc3a-8600-3aab-89b9-b487fe073a35,   -8.243410 ,  -39.530030 ,2024-11-03 17:06:00,Brasil,PERNAMBUCO,CABROBÓ,Caatinga
 1731392190 ,ddc781ed-3c3b-33ce-8268-389e829363df,   -8.235850 ,  -39.540390 ,2024-11-03 17:06:00,Brasil,PERNAMBUCO,PARNAMIRIM,Caatinga
 1731392191 ,eec0bf75-1a70-3ed0-ac50-a537e7ab1c17,   -8.234510 ,  -39.531380 ,2024-11-03 17:06:00,Brasil,PERNAMBUCO,PARNAMIRIM,Caatinga
 1731392198 ,8df31126-a3bf-372b-b85d-a8bbd5728e29,   -8.037990 ,  -39.826450 ,2024-11-03 17:06:00,Brasil,PERNAMBUCO,PARNAMIRIM,Caatinga
 1731392199 ,f1551d2f-dded-3f62-b71a-02d80b32b235,   -8.029130 ,  -39.827790 ,2024-11-03 17:06:00,Brasil,PERNAMBUCO,PARNAMIRIM,Caatinga
 1731392201 ,e79e360b-42c5-3421-894a-2492de08ee57,   -8.008600 ,  -39.564980 ,2024-11-03 17:06:00,Brasil,PERNAMBUCO,PARNAMIRIM,Caatinga
 1731392205 ,ffbd171a-3661-3f27-9f69-c8741dd38463,   -7.984830 ,  -35.338840 ,2024-11-03 17:06:00,Brasil,PERNAMBUCO,GLÓRIA DO GOITÁ,Mata Atlântica
 1731392209 ,44c445a2-9d89-3f9b-a780-438b169bab36,   -7.905780 ,  -37.578930 ,2024-11-03 17:06:00,Brasil,PERNAMBUCO,CUSTÓDIA,Caatinga
 1731392210 ,debf0514-9c07-37d7-99ca-b641b796f84d,   -7.904150 ,  -37.568150 ,2024-11-03 17:06:00,Brasil,PERNAMBUCO,IGUARACY,Caatinga
 1731392211 ,1f9dd56b-c09a-329b-a35b-c2a9c4c8fd65,   -7.816430 ,  -38.769870 ,2024-11-03 17:06:00,Brasil,PERNAMBUCO,SÃO JOSÉ DO BELMONTE,Caatinga
 1731392212 ,d843a1c7-d153-370f-abd9-f85157a2de85,   -7.815010 ,  -38.760310 ,2024-11-03 17:06:00,Brasil,PERNAMBUCO,SÃO JOSÉ DO BELMONTE,Caatinga
 1731392213 ,ad74cf29-55da-364e-aa05-fe2f8fcae160,   -7.792290 ,  -40.227490 ,2024-11-03 17:06:00,Brasil,PERNAMBUCO,OURICURI,Caatinga
 1731392228 ,fe3d8f04-f8cf-3e7f-8f2c-c74d2eb6e64b,   -7.589450 ,  -39.980110 ,2024-11-03 17:06:00,Brasil,PERNAMBUCO,BODOCÓ,Caatinga
 1731392230 ,5cbe6059-48b4-3c4d-82ab-158f98ca8ad4,   -7.588140 ,  -39.971210 ,2024-11-03 17:06:00,Brasil,PERNAMBUCO,BODOCÓ,Caatinga
 1731392235 ,1afeddf9-3e83-3576-80ec-4b01a187d51b,   -7.567450 ,  -40.333250 ,2024-11-03 17:06:00,Brasil,PERNAMBUCO,ARARIPINA,Caatinga
 1731392236 ,daca9127-8548-3a37-9a86-874a969264fd,   -7.565050 ,  -39.690880 ,2024-11-03 17:06:00,Brasil,PERNAMBUCO,EXU,Caatinga
 1731392237 ,d941d9c6-b450-32fc-93c2-43d6497b721d,   -7.563720 ,  -39.681890 ,2024-11-03 17:06:00,Brasil,PERNAMBUCO,EXU,Caatinga
 1731392238 ,83385f40-fc5a-3ee1-8868-3390b01f40f6,   -7.556160 ,  -39.692220 ,2024-11-03 17:06:00,Brasil,PERNAMBUCO,EXU,Caatinga
 1731392239 ,8f8c3f4b-5ef5-37f9-8d11-2eaa731a247e,   -7.554830 ,  -39.683240 ,2024-11-03 17:06:00,Brasil,PERNAMBUCO,EXU,Caatinga
 1731392240 ,f68e7f7b-4e71-357e-a007-77c44c7c2e98,   -7.553510 ,  -39.674250 ,2024-11-03 17:06:00,Brasil,PERNAMBUCO,EXU,Caatinga
 1731392243 ,68545888-d5b5-3f69-af14-1e2598e6f758,   -7.527350 ,  -40.571650 ,2024-11-03 17:06:00,Brasil,PERNAMBUCO,ARARIPINA,Caatinga
 1731392262 ,8d785b1d-f8f6-350b-a0cd-a68477ea284d,   -7.405760 ,  -39.801080 ,2024-11-03 17:06:00,Brasil,PERNAMBUCO,EXU,Caatinga
 1731392263 ,3564f64a-2731-3146-98de-813693b1ec5e,   -7.382760 ,  -40.517590 ,2024-11-03 17:06:00,Brasil,PERNAMBUCO,ARARIPINA,Caatinga
 1731392266 ,2a30912c-c0fc-3dd3-93f2-b0f0a0363f13,   -7.364580 ,  -39.706350 ,2024-11-03 17:06:00,Brasil,PERNAMBUCO,EXU,Caatinga
 1731392267 ,34d6f9a0-09eb-3aa7-a4a8-d1863d65adcb,   -7.363250 ,  -39.697360 ,2024-11-03 17:06:00,Brasil,PERNAMBUCO,EXU,Caatinga
 1731494007 ,13b8e57e-c92a-38ab-8090-88e8d01b145c,   -7.961480 ,  -36.100480 ,2024-11-04 16:09:00,Brasil,PERNAMBUCO,TAQUARITINGA DO NORTE,Caatinga
 1731494010 ,e54e32e1-299c-38ce-8375-1d2272f0f6a2,   -7.960750 ,  -36.104520 ,2024-11-04 16:09:00,Brasil,PERNAMBUCO,TAQUARITINGA DO NORTE,Caatinga
 1731494011 ,b753849d-e7ef-31cf-9c9c-0dd9ed1a55ce,   -8.055450 ,  -35.128170 ,2024-11-04 16:09:00,Brasil,PERNAMBUCO,SÃO LOURENÇO DA MATA,Mata Atlântica
 1731613486 ,1558fa71-eb88-3f71-b3e1-4431fd372690,   -7.670700 ,  -40.232600 ,2024-11-05 16:49:00,Brasil,PERNAMBUCO,IPUBI,Caatinga
 1731613505 ,d97bdd19-4e36-319c-b4b1-caa493d5e0fe,   -8.713820 ,  -41.253740 ,2024-11-05 16:49:00,Brasil,PERNAMBUCO,AFRÂNIO,Caatinga
 1731613560 ,f42cf6bc-b91b-3671-91d2-9eef70b727a1,   -7.830820 ,  -38.519950 ,2024-11-05 16:49:00,Brasil,PERNAMBUCO,SERRA TALHADA,Caatinga
 1731613568 ,f91bc530-7316-3634-88ef-3bb2fbb5334e,   -8.295350 ,  -40.603970 ,2024-11-05 16:49:00,Brasil,PERNAMBUCO,SANTA FILOMENA,Caatinga
 1731613705 ,63558133-497f-3fb9-98f5-650b2d6e1e72,   -8.273550 ,  -37.636230 ,2024-11-05 16:49:00,Brasil,PERNAMBUCO,CUSTÓDIA,Caatinga
 1731613770 ,f6011658-0222-393c-afae-e1a0387a19ee,   -8.055990 ,  -35.274070 ,2024-11-05 16:49:00,Brasil,PERNAMBUCO,VITÓRIA DE SANTO ANTÃO,Mata Atlântica
 1731613771 ,d3a3cd04-c474-35be-8380-dfe89c6d1dd2,   -7.630480 ,  -35.214260 ,2024-11-05 16:49:00,Brasil,PERNAMBUCO,ALIANÇA,Mata Atlântica
 1731613793 ,e183a09f-168d-39d7-b2c2-6d121515e866,   -8.297460 ,  -40.619340 ,2024-11-05 16:49:00,Brasil,PERNAMBUCO,SANTA FILOMENA,Caatinga
 1731613833 ,90e854fa-219f-3d6d-a34d-81336b571947,   -8.198530 ,  -36.005080 ,2024-11-05 16:49:00,Brasil,PERNAMBUCO,CARUARU,Mata Atlântica
 1731613917 ,6d2a2ab3-67c9-3267-9dac-5c5958be43d5,   -7.829290 ,  -38.509160 ,2024-11-05 16:49:00,Brasil,PERNAMBUCO,SERRA TALHADA,Caatinga
 1731613920 ,669bd279-3a2f-3fcf-bde2-d08852c813ec,   -7.962380 ,  -39.919210 ,2024-11-05 16:49:00,Brasil,PERNAMBUCO,OURICURI,Caatinga
 1731613983 ,de3c2128-cebc-37f3-a8d7-61194bde1c4f,   -7.835360 ,  -37.908450 ,2024-11-05 16:49:00,Brasil,PERNAMBUCO,FLORES,Caatinga
 1731614078 ,7cf80642-8530-31ca-bbb1-49dbb539ce01,   -8.108420 ,  -35.961510 ,2024-11-05 16:49:00,Brasil,PERNAMBUCO,RIACHO DAS ALMAS,Mata Atlântica
 1731614103 ,e64d19a9-781c-36c8-b69b-0b6299b10de2,   -8.107130 ,  -35.952630 ,2024-11-05 16:49:00,Brasil,PERNAMBUCO,RIACHO DAS ALMAS,Mata Atlântica
 1731614197 ,df862757-8dfb-308e-8cd3-196e9995c28f,   -7.964180 ,  -39.932610 ,2024-11-05 16:49:00,Brasil,PERNAMBUCO,OURICURI,Caatinga
 1731614222 ,9d96ab54-bb4b-343a-89d8-e1173575cd65,   -7.951650 ,  -39.920690 ,2024-11-05 16:49:00,Brasil,PERNAMBUCO,OURICURI,Caatinga
 1731614231 ,ff8a7857-c492-3209-a88e-6ac22ff0e937,   -8.228190 ,  -35.578310 ,2024-11-05 16:49:00,Brasil,PERNAMBUCO,GRAVATÁ,Mata Atlântica
 1731614260 ,28eb06eb-6894-330c-8454-ec5021e302c8,   -7.617620 ,  -37.609280 ,2024-11-05 16:49:00,Brasil,PERNAMBUCO,SOLIDÃO,Caatinga
 1731614300 ,59ebf995-9d89-3fc7-9550-1d4e080f8d7c,   -7.755940 ,  -34.935390 ,2024-11-05 16:49:00,Brasil,PERNAMBUCO,ITAPISSUMA,Mata Atlântica
 1731614325 ,0abf813a-9440-3829-bfe8-72e96cce0f06,   -7.712010 ,  -37.819470 ,2024-11-05 16:49:00,Brasil,PERNAMBUCO,QUIXABA,Caatinga
 1731614350 ,adcaccc8-7c13-3c6f-8c60-23f0f2609674,   -7.664260 ,  -37.615920 ,2024-11-05 16:49:00,Brasil,PERNAMBUCO,AFOGADOS DA INGAZEIRA,Caatinga
 1731614372 ,b6bd5d06-8b05-33a3-8dda-a7c6a8389c3b,   -8.097100 ,  -40.414780 ,2024-11-05 16:49:00,Brasil,PERNAMBUCO,SANTA CRUZ,Caatinga
 1731614454 ,634cdea0-b235-341c-afd2-3569525c3b44,   -8.483190 ,  -35.548510 ,2024-11-05 16:49:00,Brasil,PERNAMBUCO,BONITO,Mata Atlântica
 1731614597 ,2dababb0-1346-3fc5-bdaa-474c6aecf0ac,   -7.616240 ,  -37.599650 ,2024-11-05 16:49:00,Brasil,PERNAMBUCO,SOLIDÃO,Caatinga
 1731614659 ,fa3b79b4-b3c4-3a2c-bb60-b5e2851e65d3,   -8.096570 ,  -40.409670 ,2024-11-05 16:49:00,Brasil,PERNAMBUCO,SANTA CRUZ,Caatinga
 1731614717 ,60b95b50-d936-3869-a46f-3117b34d5615,   -7.745140 ,  -35.363420 ,2024-11-05 16:49:00,Brasil,PERNAMBUCO,BUENOS AIRES,Mata Atlântica
 1731614794 ,989b2003-90dd-3d07-b180-eef01beb3656,   -8.484480 ,  -35.557380 ,2024-11-05 16:49:00,Brasil,PERNAMBUCO,BONITO,Mata Atlântica
 1731614795 ,26f054db-1194-398b-b6f0-21d73bbaf93f,   -7.748250 ,  -39.538050 ,2024-11-05 16:49:00,Brasil,PERNAMBUCO,SERRITA,Caatinga
 1731614914 ,ad583229-b88d-3500-908d-0fead2b2b439,   -7.953440 ,  -39.934060 ,2024-11-05 16:49:00,Brasil,PERNAMBUCO,OURICURI,Caatinga
 1731735878 ,cbb3fd36-1615-386c-baaa-6bbb3380870c,   -8.265110 ,  -40.596050 ,2024-11-06 17:28:00,Brasil,PERNAMBUCO,SANTA FILOMENA,Caatinga
 1731735959 ,2607c149-6283-3695-bf4f-06f94ad54207,   -8.411130 ,  -40.575270 ,2024-11-06 17:28:00,Brasil,PERNAMBUCO,DORMENTES,Caatinga
 1731735964 ,69e898c6-4fcc-39e2-9f3d-1318bce25d33,   -8.183090 ,  -40.449610 ,2024-11-06 17:28:00,Brasil,PERNAMBUCO,SANTA FILOMENA,Caatinga
 1731736344 ,66f0058f-9698-3d40-9359-2fe1df0a2abb,   -8.264590 ,  -40.606170 ,2024-11-06 17:28:00,Brasil,PERNAMBUCO,SANTA FILOMENA,Caatinga
 1731736650 ,7a71bc7e-4ed2-361b-be6b-97c0c0e2839e,   -7.896650 ,  -38.852590 ,2024-11-06 17:28:00,Brasil,PERNAMBUCO,SÃO JOSÉ DO BELMONTE,Caatinga
 1731736774 ,23ca5e39-f462-32ea-a975-c5ed023fc330,   -7.668930 ,  -40.239110 ,2024-11-06 17:28:00,Brasil,PERNAMBUCO,IPUBI,Caatinga
 1731736886 ,c5a52147-846f-308e-9c53-f2571012d5c0,   -7.583830 ,  -40.444730 ,2024-11-06 17:28:00,Brasil,PERNAMBUCO,ARARIPINA,Caatinga
 1731736910 ,9bae227f-6dfc-392a-a223-3fb33cb8983c,   -8.422510 ,  -40.573420 ,2024-11-06 17:28:00,Brasil,PERNAMBUCO,DORMENTES,Caatinga
 1731737085 ,7f9fc8f4-4af5-381c-8af1-c6bc23b3554f,   -7.893650 ,  -38.845460 ,2024-11-06 17:28:00,Brasil,PERNAMBUCO,SÃO JOSÉ DO BELMONTE,Caatinga
 1731850747 ,71afee85-9f68-3860-b58c-1785cb7bc1d0,   -7.369730 ,  -37.475880 ,2024-11-07 16:30:00,Brasil,PERNAMBUCO,SANTA TEREZINHA,Caatinga
 1731850754 ,3c88182d-6af6-3750-9d7a-83fcd719e11f,   -8.680720 ,  -40.410500 ,2024-11-07 16:30:00,Brasil,PERNAMBUCO,PETROLINA,Caatinga
 1731850757 ,6a5327b2-04b4-347a-9d0e-afe69a6c49e9,   -8.571170 ,  -40.396460 ,2024-11-07 16:30:00,Brasil,PERNAMBUCO,LAGOA GRANDE,Caatinga
 1731850758 ,a2d1b53b-9e3a-3c63-bbad-d4ce612b144e,   -8.644250 ,  -40.524110 ,2024-11-07 16:30:00,Brasil,PERNAMBUCO,DORMENTES,Caatinga
 1731850764 ,1402bb92-a7fc-391e-b205-9705995e5165,   -8.254840 ,  -40.115590 ,2024-11-07 16:30:00,Brasil,PERNAMBUCO,PARNAMIRIM,Caatinga
 1731850772 ,54a87907-a40e-348f-877d-65c21030b2aa,   -8.673800 ,  -40.418830 ,2024-11-07 16:30:00,Brasil,PERNAMBUCO,PETROLINA,Caatinga
 1731850774 ,8c40fa1e-72f2-32d9-b482-d309f9c40ff0,   -7.658750 ,  -40.222680 ,2024-11-07 16:30:00,Brasil,PERNAMBUCO,IPUBI,Caatinga
 1731850776 ,95767605-b72f-3831-8f72-028334121f06,   -7.662760 ,  -40.254450 ,2024-11-07 16:30:00,Brasil,PERNAMBUCO,TRINDADE,Caatinga
 1731850782 ,d48c2238-d3b2-3567-99eb-f1057f7deac0,   -7.665930 ,  -40.225520 ,2024-11-07 16:30:00,Brasil,PERNAMBUCO,IPUBI,Caatinga
 1731850787 ,6bba6c76-fe95-35f2-ad18-43aee1ce7278,   -7.670410 ,  -40.258970 ,2024-11-07 16:30:00,Brasil,PERNAMBUCO,TRINDADE,Caatinga
 1731850792 ,47a2f7da-fd65-3f84-8d1e-a372fa57b97e,   -7.800480 ,  -38.480700 ,2024-11-07 16:30:00,Brasil,PERNAMBUCO,SERRA TALHADA,Caatinga
 1731850793 ,07c3f289-887a-3d51-8a51-f247a13bb70d,   -8.566930 ,  -40.361610 ,2024-11-07 16:30:00,Brasil,PERNAMBUCO,LAGOA GRANDE,Caatinga
 1731850803 ,04ec8a37-bc8a-39cf-b6e1-eb421b6d9b94,   -7.526430 ,  -40.143890 ,2024-11-07 16:30:00,Brasil,PERNAMBUCO,IPUBI,Caatinga
 1731850806 ,f9e4d46b-2ad9-3b0f-bb33-cb6ed374d8a0,   -8.664290 ,  -40.412360 ,2024-11-07 16:30:00,Brasil,PERNAMBUCO,LAGOA GRANDE,Caatinga
 1731850807 ,9e5b160d-1bbb-392a-a12c-0a1a7529db16,   -8.248320 ,  -40.109390 ,2024-11-07 16:30:00,Brasil,PERNAMBUCO,PARNAMIRIM,Caatinga
 1731850809 ,eae177d7-1ba2-33ea-a9a7-85f56c21a4ba,   -7.678930 ,  -40.254040 ,2024-11-07 16:30:00,Brasil,PERNAMBUCO,TRINDADE,Caatinga
 1731850815 ,0a135a72-5f53-3abd-a5eb-b2494ef4b22d,   -7.516290 ,  -40.152020 ,2024-11-07 16:30:00,Brasil,PERNAMBUCO,IPUBI,Caatinga
 1731850817 ,495053dc-1383-346e-9443-bd519ce50d5a,   -8.654600 ,  -40.530570 ,2024-11-07 16:30:00,Brasil,PERNAMBUCO,DORMENTES,Caatinga
 1731850819 ,67a5a300-4e07-3443-b955-32c3d41a558c,   -8.591710 ,  -35.360040 ,2024-11-07 16:30:00,Brasil,PERNAMBUCO,GAMELEIRA,Mata Atlântica
 1731850826 ,e9a2d449-4487-3d14-a311-ba3b554ba74f,   -8.638040 ,  -40.532460 ,2024-11-07 16:30:00,Brasil,PERNAMBUCO,DORMENTES,Caatinga
 1731850828 ,239350ac-2a6f-34c5-b264-0aceac05ee67,   -8.560340 ,  -40.366860 ,2024-11-07 16:30:00,Brasil,PERNAMBUCO,LAGOA GRANDE,Caatinga
 1731850834 ,9b0cee16-e413-3db4-8c50-1a9020ae9943,   -8.564810 ,  -40.401730 ,2024-11-07 16:30:00,Brasil,PERNAMBUCO,LAGOA GRANDE,Caatinga
 1731850842 ,79fe4591-9cf7-3519-9af5-a3d2c4135499,   -8.276350 ,  -36.928460 ,2024-11-07 16:30:00,Brasil,PERNAMBUCO,ARCOVERDE,Caatinga
 1731850843 ,65384f89-c92e-3f6b-ba79-4888b284f6f6,   -7.530350 ,  -40.175420 ,2024-11-07 16:30:00,Brasil,PERNAMBUCO,IPUBI,Caatinga
 1731850852 ,0f3c0afd-0eb9-3763-a167-671636a39019,   -7.564870 ,  -39.944480 ,2024-11-07 16:30:00,Brasil,PERNAMBUCO,BODOCÓ,Caatinga
 1731850853 ,ceda99e8-5526-39c9-ae17-10d715f22a4e,   -7.369340 ,  -37.482770 ,2024-11-07 16:30:00,Brasil,PERNAMBUCO,SANTA TEREZINHA,Caatinga
 1731850856 ,a39bcb3b-d693-3242-b178-3d4b97c11a8e,   -7.532170 ,  -40.150590 ,2024-11-07 16:30:00,Brasil,PERNAMBUCO,IPUBI,Caatinga
 1731850858 ,0fdf6840-03ca-3b92-af47-78ab790648d0,   -8.475770 ,  -40.630090 ,2024-11-07 16:30:00,Brasil,PERNAMBUCO,DORMENTES,Caatinga
 1731850872 ,b411a93a-bfb1-39ba-84f6-24936855c704,   -7.568910 ,  -39.975670 ,2024-11-07 16:30:00,Brasil,PERNAMBUCO,BODOCÓ,Caatinga
 1731850874 ,924bffee-e200-34cb-8e5f-129776cafaba,   -7.889270 ,  -35.433780 ,2024-11-07 16:30:00,Brasil,PERNAMBUCO,LIMOEIRO,Mata Atlântica
 1731956133 ,fcdc5efb-35ec-3302-9329-d3fbf383d68e,   -8.429880 ,  -40.502260 ,2024-11-08 17:09:00,Brasil,PERNAMBUCO,DORMENTES,Caatinga
 1731956162 ,a87372af-6d8e-30d6-bd6b-fe55587300ea,   -7.551960 ,  -39.682360 ,2024-11-08 17:09:00,Brasil,PERNAMBUCO,EXU,Caatinga
 1731956297 ,36a0e377-0163-3236-8120-e47179d19f1a,   -8.649510 ,  -41.124770 ,2024-11-08 17:09:00,Brasil,PERNAMBUCO,AFRÂNIO,Caatinga
 1731956323 ,f4f46dc7-7a51-35e8-b23e-5bc359d322d2,   -7.533880 ,  -39.805100 ,2024-11-08 17:09:00,Brasil,PERNAMBUCO,EXU,Caatinga
 1731956356 ,489781b2-aba6-3cad-bd0f-9366174590f3,   -8.295470 ,  -40.598370 ,2024-11-08 17:09:00,Brasil,PERNAMBUCO,SANTA FILOMENA,Caatinga
 1731956383 ,e8f5d4f1-be8c-3f0a-8390-9bcc67fa37dd,   -8.187830 ,  -40.111440 ,2024-11-08 17:09:00,Brasil,PERNAMBUCO,PARNAMIRIM,Caatinga
 1731956397 ,f51f9c8d-d892-3557-bcfa-319621a1902b,   -8.698140 ,  -41.139140 ,2024-11-08 17:09:00,Brasil,PERNAMBUCO,AFRÂNIO,Caatinga
 1731956428 ,9ed84aab-95f5-38d9-9f5c-4eb28681f4fa,   -7.740800 ,  -37.881630 ,2024-11-08 17:09:00,Brasil,PERNAMBUCO,QUIXABA,Caatinga
 1731956527 ,f7b54a2b-1f0d-3cbe-aa00-15f82038820b,   -7.685980 ,  -37.255180 ,2024-11-08 17:09:00,Brasil,PERNAMBUCO,TUPARETAMA,Caatinga
 1731956583 ,f03a182d-be8b-3818-beb1-cd1fd78c4bc8,   -8.787630 ,  -39.856250 ,2024-11-08 17:09:00,Brasil,PERNAMBUCO,SANTA MARIA DA BOA VISTA,Caatinga
 1731956636 ,acbd1314-9cdc-3ef7-9307-d71d2849ed6a,   -7.689030 ,  -38.685250 ,2024-11-08 17:09:00,Brasil,PERNAMBUCO,SÃO JOSÉ DO BELMONTE,Caatinga
 1731956664 ,4fd1c2af-ee51-3dcd-b018-183cff762c16,   -8.844280 ,  -39.931180 ,2024-11-08 17:09:00,Brasil,PERNAMBUCO,SANTA MARIA DA BOA VISTA,Caatinga
 1731956665 ,0dfe4a3b-cfe4-3a83-8d0c-a4343228df94,   -7.708740 ,  -39.926130 ,2024-11-08 17:09:00,Brasil,PERNAMBUCO,BODOCÓ,Caatinga
 1731956738 ,ba59fd59-0f21-3959-b281-95e53349bf04,   -7.587970 ,  -40.235630 ,2024-11-08 17:09:00,Brasil,PERNAMBUCO,IPUBI,Caatinga
 1731956740 ,9050f9a6-eff5-3ccd-a78a-39c2369b727a,   -8.689310 ,  -41.140460 ,2024-11-08 17:09:00,Brasil,PERNAMBUCO,AFRÂNIO,Caatinga
 1731956785 ,d114cfe8-050f-3510-8cc6-6b9cc1be386a,   -8.613800 ,  -41.003080 ,2024-11-08 17:09:00,Brasil,PERNAMBUCO,AFRÂNIO,Caatinga
 1731956810 ,8999e4f9-a44f-33af-9e25-9f75f488a300,   -8.614170 ,  -40.562180 ,2024-11-08 17:09:00,Brasil,PERNAMBUCO,DORMENTES,Caatinga
 1731956820 ,3efcff00-e165-3603-981d-5dde893ab48e,   -7.752450 ,  -37.891300 ,2024-11-08 17:09:00,Brasil,PERNAMBUCO,QUIXABA,Caatinga
 1731956868 ,a04c53ed-f6aa-3096-9b02-7138b3783017,   -8.730890 ,  -41.116100 ,2024-11-08 17:09:00,Brasil,PERNAMBUCO,AFRÂNIO,Caatinga
 1731956934 ,d9340a73-034b-36bf-8905-730fd1e9ae7e,   -7.624210 ,  -39.983060 ,2024-11-08 17:09:00,Brasil,PERNAMBUCO,BODOCÓ,Caatinga
 1731956949 ,0aa89e44-bcf3-3c22-9796-36d085b5232f,   -8.179950 ,  -37.675770 ,2024-11-08 17:09:00,Brasil,PERNAMBUCO,CUSTÓDIA,Caatinga
 1731956980 ,16210693-9366-3c3f-a5e8-c1de091a93c6,   -8.615090 ,  -41.011950 ,2024-11-08 17:09:00,Brasil,PERNAMBUCO,AFRÂNIO,Caatinga
 1731956983 ,e6d6c068-ba42-3abf-8e04-f9e719197c40,   -7.687480 ,  -38.674990 ,2024-11-08 17:09:00,Brasil,PERNAMBUCO,SÃO JOSÉ DO BELMONTE,Caatinga
 1731957093 ,6c8169d4-9d5b-37a6-a96e-9177d89d863e,   -8.431180 ,  -40.511170 ,2024-11-08 17:09:00,Brasil,PERNAMBUCO,DORMENTES,Caatinga
 1731957105 ,a99dc107-883f-3586-a4c3-9d7c780c6e21,   -7.622860 ,  -39.973960 ,2024-11-08 17:09:00,Brasil,PERNAMBUCO,BODOCÓ,Caatinga
 1731957121 ,a5844b39-ce5e-3a15-af18-2ca794a705e4,   -8.186490 ,  -40.102400 ,2024-11-08 17:09:00,Brasil,PERNAMBUCO,PARNAMIRIM,Caatinga
 1731957174 ,74c1cdff-124c-3b11-a693-0288c78d058f,   -8.037540 ,  -38.079410 ,2024-11-08 17:09:00,Brasil,PERNAMBUCO,CALUMBI,Caatinga
 1731957182 ,c907efdc-5284-35ca-971a-a9942f57cb02,   -7.853790 ,  -40.534550 ,2024-11-08 17:09:00,Brasil,PERNAMBUCO,ARARIPINA,Caatinga
 1731957192 ,3377d2a7-c83d-3d88-ac42-a50a7ade71bd,   -8.839680 ,  -40.454830 ,2024-11-08 17:09:00,Brasil,PERNAMBUCO,PETROLINA,Caatinga
 1731957229 ,9c1201be-378c-3261-9c58-734b0b7d45b9,   -7.892110 ,  -39.672560 ,2024-11-08 17:09:00,Brasil,PERNAMBUCO,GRANITO,Caatinga
 1731957270 ,89a78eb0-19a1-3a14-a081-bea138c62193,   -7.718700 ,  -40.240380 ,2024-11-08 17:09:00,Brasil,PERNAMBUCO,TRINDADE,Caatinga
 1731957271 ,1475a842-449b-307f-ba36-55904c1642c5,   -7.865320 ,  -39.494670 ,2024-11-08 17:09:00,Brasil,PERNAMBUCO,SERRITA,Caatinga
 1731957307 ,c98332c5-c036-387d-8730-16df4f4e7837,   -8.422580 ,  -39.516240 ,2024-11-08 17:09:00,Brasil,PERNAMBUCO,CABROBÓ,Caatinga
 1731957310 ,83a8c951-615c-3b27-a65b-c0f6199468e5,   -8.036250 ,  -40.458620 ,2024-11-08 17:09:00,Brasil,PERNAMBUCO,SANTA FILOMENA,Caatinga
 1731957369 ,baad6540-1a69-33f5-b17c-6a39d786fefd,   -7.535250 ,  -39.814400 ,2024-11-08 17:09:00,Brasil,PERNAMBUCO,EXU,Caatinga
 1731957388 ,050029d9-b781-3042-a69d-69b5cde9ffe1,   -8.144480 ,  -40.563140 ,2024-11-08 17:09:00,Brasil,PERNAMBUCO,SANTA FILOMENA,Caatinga
 1731957456 ,5a32c0d5-cb7f-33df-979e-8ee5da110f65,   -7.811060 ,  -37.406640 ,2024-11-08 17:09:00,Brasil,PERNAMBUCO,IGUARACY,Caatinga
 1731957488 ,48aa62fe-274a-3968-8636-aac24ff9c224,   -8.025360 ,  -40.323050 ,2024-11-08 17:09:00,Brasil,PERNAMBUCO,OURICURI,Caatinga
 1731957523 ,e20d926c-d848-3ef3-b56f-f043fe67c1ba,   -7.707390 ,  -39.916990 ,2024-11-08 17:09:00,Brasil,PERNAMBUCO,BODOCÓ,Caatinga
 1731957524 ,635e3a7e-7b0b-3745-aa5c-eaf1273bba9c,   -8.440020 ,  -40.509850 ,2024-11-08 17:09:00,Brasil,PERNAMBUCO,DORMENTES,Caatinga
 1731957567 ,d6341396-2785-32fc-a624-5808e7d47831,   -7.542970 ,  -39.807360 ,2024-11-08 17:09:00,Brasil,PERNAMBUCO,EXU,Caatinga
 1731957573 ,bd7e9953-4493-3eaf-bb57-7f09f2c6ebaf,   -8.294180 ,  -40.589500 ,2024-11-08 17:09:00,Brasil,PERNAMBUCO,SANTA FILOMENA,Caatinga
 1731957665 ,f49ff4c6-cf14-3679-a1a0-97110b0ee64c,   -8.244820 ,  -40.114520 ,2024-11-08 17:09:00,Brasil,PERNAMBUCO,PARNAMIRIM,Caatinga
 1732256327 ,58280763-d9ed-30d3-b914-9c2f54ae357c,   -7.792640 ,  -39.883350 ,2024-11-10 16:52:00,Brasil,PERNAMBUCO,BODOCÓ,Caatinga
 1732256361 ,f81b6dce-bd0b-3f5b-bfc2-d97b99758c9d,   -8.394790 ,  -35.420470 ,2024-11-10 16:52:00,Brasil,PERNAMBUCO,AMARAJI,Mata Atlântica
 1732256362 ,7586af41-27fb-3185-bdaf-27a8c3a8a3f6,   -8.611530 ,  -35.071040 ,2024-11-10 16:52:00,Brasil,PERNAMBUCO,SIRINHAÉM,Mata Atlântica
 1732256367 ,96216446-2e86-38b9-8554-603ba95dd147,   -7.900480 ,  -38.387220 ,2024-11-10 16:52:00,Brasil,PERNAMBUCO,SERRA TALHADA,Caatinga
 1732256378 ,0e820cc8-78c3-3a26-a2b2-218c55b26574,   -8.021350 ,  -38.725070 ,2024-11-10 16:52:00,Brasil,PERNAMBUCO,SÃO JOSÉ DO BELMONTE,Caatinga
 1732256386 ,9ef8f325-a532-3b0e-a3cc-014e4d96f0c6,   -8.061640 ,  -38.091410 ,2024-11-10 16:52:00,Brasil,PERNAMBUCO,SERRA TALHADA,Caatinga
 1732256403 ,4774025a-b155-3a06-889c-c8309a010374,   -7.762290 ,  -39.153790 ,2024-11-10 16:52:00,Brasil,PERNAMBUCO,CEDRO,Caatinga
 1732256421 ,8c503cb0-7731-31fc-b21e-6647f57e1833,   -8.266300 ,  -40.591900 ,2024-11-10 16:52:00,Brasil,PERNAMBUCO,SANTA FILOMENA,Caatinga
 1732256484 ,5a9f9140-4ff2-3614-b2f8-36f4fa21c117,   -8.847660 ,  -40.823410 ,2024-11-10 16:52:00,Brasil,PERNAMBUCO,PETROLINA,Caatinga
 1732256492 ,85b65e61-8d01-3f1f-bc62-e8f5aac1d437,   -8.268150 ,  -40.605750 ,2024-11-10 16:52:00,Brasil,PERNAMBUCO,SANTA FILOMENA,Caatinga
 1732256509 ,29719795-65c7-3092-a7de-bd1840af2a1f,   -8.287310 ,  -35.498070 ,2024-11-10 16:52:00,Brasil,PERNAMBUCO,CHÃ GRANDE,Mata Atlântica
 1732256513 ,e4e792c3-44de-3a65-b887-c2b3e4525d4b,   -7.589550 ,  -34.906380 ,2024-11-10 16:52:00,Brasil,PERNAMBUCO,GOIANA,Mata Atlântica
 1732256528 ,1c5f2ac3-f607-3f75-833e-edfc6002d7f9,   -8.955630 ,  -36.486030 ,2024-11-10 16:52:00,Brasil,PERNAMBUCO,GARANHUNS,Mata Atlântica
 1732256539 ,b423179a-0bf3-37ab-9723-4dce94c949b2,   -8.403620 ,  -40.327770 ,2024-11-10 16:52:00,Brasil,PERNAMBUCO,SANTA CRUZ,Caatinga
 1732256656 ,529b1d0e-8fd6-35e7-9393-97f320a70df4,   -7.547900 ,  -37.462550 ,2024-11-10 16:52:00,Brasil,PERNAMBUCO,TABIRA,Caatinga
 1732256661 ,63b3f6ab-c6e8-325b-8647-5d59e9ecf396,   -8.612900 ,  -35.080220 ,2024-11-10 16:52:00,Brasil,PERNAMBUCO,SIRINHAÉM,Mata Atlântica
 1732256691 ,9c9b7950-53b3-31c7-9ff8-eb3387deb6c8,   -7.497590 ,  -39.524030 ,2024-11-10 16:52:00,Brasil,PERNAMBUCO,MOREILÂNDIA,Caatinga
 1732256692 ,1b2d8898-4abd-389b-a9e1-7a4dbbbd1e56,   -7.732850 ,  -39.371130 ,2024-11-10 16:52:00,Brasil,PERNAMBUCO,SERRITA,Caatinga
 1732256708 ,0c81f054-cf93-3bdc-802e-83eb0ea4eed4,   -8.666000 ,  -41.010590 ,2024-11-10 16:52:00,Brasil,PERNAMBUCO,AFRÂNIO,Caatinga
 1732256724 ,7993b924-4f46-38ee-928a-058251e53d91,   -7.901880 ,  -38.397170 ,2024-11-10 16:52:00,Brasil,PERNAMBUCO,SERRA TALHADA,Caatinga
 1732256748 ,9e82dd36-fb77-375b-b973-21c754b552b6,   -8.666590 ,  -41.017420 ,2024-11-10 16:52:00,Brasil,PERNAMBUCO,AFRÂNIO,Caatinga
 1732256780 ,7505d8db-796a-3f10-b931-68f904a6da28,   -7.752580 ,  -39.155150 ,2024-11-10 16:52:00,Brasil,PERNAMBUCO,CEDRO,Caatinga
 1732256789 ,c4fba79b-30c9-3bf8-8dd7-f27c0cefd136,   -8.667970 ,  -41.025710 ,2024-11-10 16:52:00,Brasil,PERNAMBUCO,AFRÂNIO,Caatinga
 1732256826 ,2af90522-423a-383a-8b44-4587fe91e8e3,   -7.590950 ,  -34.915810 ,2024-11-10 16:52:00,Brasil,PERNAMBUCO,GOIANA,Mata Atlântica
 1732256837 ,4d1da3b4-1bcd-3eb2-bcbc-4b17b5566204,   -8.655300 ,  -41.018930 ,2024-11-10 16:52:00,Brasil,PERNAMBUCO,AFRÂNIO,Caatinga
 1732256848 ,7c2a1fd4-24c5-373a-bb77-c07535120fe0,   -8.954340 ,  -36.477120 ,2024-11-10 16:52:00,Brasil,PERNAMBUCO,GARANHUNS,Mata Atlântica
 1732256852 ,572dfb3f-b8ac-3cfd-ad78-5ec8c2e32400,   -8.199140 ,  -36.278420 ,2024-11-10 16:52:00,Brasil,PERNAMBUCO,BELO JARDIM,Caatinga
 1732256925 ,ecfdc8f8-0336-375c-a89c-4666e361eefe,   -7.763830 ,  -39.164640 ,2024-11-10 16:52:00,Brasil,PERNAMBUCO,CEDRO,Caatinga
 1732541634 ,c94cbfa0-2457-31ac-9fb1-2bdced8cc11b,   -7.661970 ,  -35.306360 ,2024-11-12 16:34:00,Brasil,PERNAMBUCO,VICÊNCIA,Caatinga
 1732541793 ,7c6bc4f1-0946-3950-8b41-77401171173d,   -7.741850 ,  -34.931050 ,2024-11-12 16:34:00,Brasil,PERNAMBUCO,ITAPISSUMA,Mata Atlântica
 1732541798 ,7ad0df80-105f-3b0a-a023-d9e4e8890ff0,   -8.105020 ,  -35.047620 ,2024-11-12 16:34:00,Brasil,PERNAMBUCO,JABOATÃO DOS GUARARAPES,Mata Atlântica
 1732697666 ,8eef98c0-16a7-304b-a252-7e410d041203,   -8.591190 ,  -37.184940 ,2024-11-13 17:11:00,Brasil,PERNAMBUCO,BUÍQUE,Caatinga
 1732697683 ,b612a73f-f7c1-3876-a8d3-aee58625e02c,   -8.823950 ,  -37.383770 ,2024-11-13 17:11:00,Brasil,PERNAMBUCO,ITAÍBA,Caatinga
 1732697858 ,463d243b-fefa-35c6-8a23-e44d3b795b5f,   -8.595320 ,  -37.177620 ,2024-11-13 17:11:00,Brasil,PERNAMBUCO,BUÍQUE,Caatinga
 1732697932 ,d770c1bb-8b2c-3b7c-81a6-89843b477ff5,   -8.745600 ,  -36.756440 ,2024-11-13 17:11:00,Brasil,PERNAMBUCO,CAETÉS,Caatinga
 1732697958 ,1e0fec28-ad3d-3994-af0f-c12c5db07833,   -8.927830 ,  -36.977250 ,2024-11-13 17:11:00,Brasil,PERNAMBUCO,ÁGUAS BELAS,Caatinga
 1732698010 ,4c7c9fb1-55bd-30b1-abda-2ac4e42b79ba,   -8.917000 ,  -36.978900 ,2024-11-13 17:11:00,Brasil,PERNAMBUCO,ÁGUAS BELAS,Caatinga
 1732698184 ,3ac3eb4e-5362-3c92-8e5e-29307f98f7b0,   -8.241320 ,  -38.779020 ,2024-11-13 17:11:00,Brasil,PERNAMBUCO,CARNAUBEIRA DA PENHA,Caatinga
 1732698270 ,3f09e68f-1993-36c0-b824-aca870c06ce7,   -8.589110 ,  -37.171440 ,2024-11-13 17:11:00,Brasil,PERNAMBUCO,BUÍQUE,Caatinga
 1732698282 ,b3802453-03ee-37f5-a9ee-19a0261bbe0f,   -8.058410 ,  -38.050900 ,2024-11-13 17:11:00,Brasil,PERNAMBUCO,CALUMBI,Caatinga
 1732698308 ,e3fb4c7b-72e2-3aad-9430-0e8c681ae88a,   -7.730500 ,  -37.335590 ,2024-11-13 17:11:00,Brasil,PERNAMBUCO,IGUARACY,Caatinga
 1732698360 ,77789a43-c376-3e39-9e1a-93ad6bb491e4,   -8.925690 ,  -36.963470 ,2024-11-13 17:11:00,Brasil,PERNAMBUCO,ÁGUAS BELAS,Caatinga
 1732698423 ,c600a18b-76d0-325f-abdc-8026e9d2117d,   -7.866970 ,  -37.552650 ,2024-11-13 17:11:00,Brasil,PERNAMBUCO,IGUARACY,Caatinga
 1732698429 ,bfff58ab-571d-3de8-b6df-52d92aa6598a,   -7.738800 ,  -37.457460 ,2024-11-13 17:11:00,Brasil,PERNAMBUCO,INGAZEIRA,Caatinga
 1732698458 ,2e3dcd95-a4a9-3189-8302-02d241bb8018,   -8.818250 ,  -37.391710 ,2024-11-13 17:11:00,Brasil,PERNAMBUCO,ITAÍBA,Caatinga
 1732698508 ,e0c10142-e1ae-3f44-a5ec-9d5beffba3bc,   -8.461150 ,  -40.481250 ,2024-11-13 17:11:00,Brasil,PERNAMBUCO,DORMENTES,Caatinga
 1732698556 ,e95f4749-bd54-3cd8-8e39-c6ac0ac78c85,   -8.597460 ,  -37.190890 ,2024-11-13 17:11:00,Brasil,PERNAMBUCO,BUÍQUE,Caatinga
 1732698578 ,7f24f0fa-8e32-3b7e-a523-5740e3314b1c,   -8.491460 ,  -39.940210 ,2024-11-13 17:11:00,Brasil,PERNAMBUCO,SANTA MARIA DA BOA VISTA,Caatinga
 1732824789 ,6b84ac03-a3ff-3a72-b1e9-5b9e1505e403,   -7.450330 ,  -35.067230 ,2024-11-14 16:13:00,Brasil,PERNAMBUCO,ITAMBÉ,Mata Atlântica
 1732824814 ,4a52d951-c745-3a40-9986-0f1f9b1b4cfe,   -7.660090 ,  -35.276330 ,2024-11-14 16:13:00,Brasil,PERNAMBUCO,VICÊNCIA,Caatinga
 1732824821 ,358003ff-e7f4-337e-ad13-9bb419d3b7c0,   -7.661440 ,  -35.280650 ,2024-11-14 16:13:00,Brasil,PERNAMBUCO,VICÊNCIA,Caatinga
 1732824855 ,4eccadc6-4ad6-3b82-a27d-8257c4281581,   -7.450780 ,  -35.062310 ,2024-11-14 16:13:00,Brasil,PERNAMBUCO,ITAMBÉ,Mata Atlântica
 1732948422 ,81e0b336-6904-3226-82a9-56f6f0c2c8e8,   -7.776580 ,  -39.517620 ,2024-11-15 16:54:00,Brasil,PERNAMBUCO,SERRITA,Caatinga
 1732948426 ,d7dd7ab1-65f0-309e-90a6-7b0fdb90725c,   -8.422890 ,  -35.300030 ,2024-11-15 16:54:00,Brasil,PERNAMBUCO,ESCADA,Mata Atlântica
 1732948430 ,7cb08081-51a5-321a-9dbb-27fb59ed24f2,   -7.823470 ,  -38.210110 ,2024-11-15 16:54:00,Brasil,PERNAMBUCO,SANTA CRUZ DA BAIXA VERDE,Caatinga
 1732948439 ,86812839-f945-3170-b1dc-e02663cc7325,   -8.742790 ,  -40.890930 ,2024-11-15 16:54:00,Brasil,PERNAMBUCO,AFRÂNIO,Caatinga
 1732948444 ,aa050f13-b691-341b-a204-f8b34ed340c9,   -7.745490 ,  -37.921540 ,2024-11-15 16:54:00,Brasil,PERNAMBUCO,QUIXABA,Caatinga
 1732948494 ,60de22a6-32c4-30ba-9b2a-075e20803641,   -7.734930 ,  -37.784200 ,2024-11-15 16:54:00,Brasil,PERNAMBUCO,CARNAÍBA,Caatinga
 1732948499 ,5f7f3499-7006-3a4c-ac9b-2c1d7a02bfb8,   -7.366250 ,  -37.399970 ,2024-11-15 16:54:00,Brasil,PERNAMBUCO,BREJINHO,Caatinga
 1732948501 ,f4b11ae2-b3e5-31b2-88e3-35a62a4c6998,   -7.523870 ,  -39.918420 ,2024-11-15 16:54:00,Brasil,PERNAMBUCO,BODOCÓ,Caatinga
 1732948508 ,8e1f2fc1-01ee-3e6b-ac5a-f80cba595270,   -8.376330 ,  -39.505180 ,2024-11-15 16:54:00,Brasil,PERNAMBUCO,CABROBÓ,Caatinga
 1732948513 ,66031f58-7af9-3691-a2be-34e51e797313,   -8.733110 ,  -40.664280 ,2024-11-15 16:54:00,Brasil,PERNAMBUCO,PETROLINA,Caatinga
 1732948521 ,31532f1c-4bc5-36f1-9601-39b37421553f,   -7.451790 ,  -39.992160 ,2024-11-15 16:54:00,Brasil,PERNAMBUCO,BODOCÓ,Caatinga
 1732948527 ,6d5e8e32-936c-34f4-98e1-fce0f0ba4672,   -7.751010 ,  -38.612640 ,2024-11-15 16:54:00,Brasil,PERNAMBUCO,SÃO JOSÉ DO BELMONTE,Caatinga
 1732948559 ,8ca6a0d4-8ca9-3ab4-aff7-a0e1fcc7b96f,   -7.454530 ,  -39.996450 ,2024-11-15 16:54:00,Brasil,PERNAMBUCO,BODOCÓ,Caatinga
 1732948571 ,23876ab4-0533-3211-b11f-d7fedc27a607,   -7.743840 ,  -37.782890 ,2024-11-15 16:54:00,Brasil,PERNAMBUCO,CARNAÍBA,Caatinga
 1732948588 ,80a4959b-9cda-3fd5-a31d-245ebde7df72,   -8.006740 ,  -40.375730 ,2024-11-15 16:54:00,Brasil,PERNAMBUCO,OURICURI,Caatinga
 1732948606 ,6451c238-5431-3580-97c2-33709fd45b7c,   -7.771370 ,  -39.550870 ,2024-11-15 16:54:00,Brasil,PERNAMBUCO,SERRITA,Caatinga
 1732948621 ,44c3b9b0-9240-3ece-9819-8da5fbff919a,   -7.391780 ,  -40.285230 ,2024-11-15 16:54:00,Brasil,PERNAMBUCO,IPUBI,Caatinga
 1732948640 ,41bb4ecf-99b2-3290-bf71-4bc752c58be9,   -7.654530 ,  -38.710870 ,2024-11-15 16:54:00,Brasil,PERNAMBUCO,SÃO JOSÉ DO BELMONTE,Caatinga
 1732948647 ,6c3d62bd-8634-33ed-8ff1-aa40f6f85040,   -7.694760 ,  -37.833350 ,2024-11-15 16:54:00,Brasil,PERNAMBUCO,QUIXABA,Caatinga
 1732948654 ,afc2f368-bb49-33e4-8cc5-8717161149fe,   -7.598780 ,  -37.608440 ,2024-11-15 16:54:00,Brasil,PERNAMBUCO,SOLIDÃO,Caatinga
 1732948656 ,cb75b3c0-0d4d-312d-bfdc-86882f970e23,   -7.722330 ,  -39.651900 ,2024-11-15 16:54:00,Brasil,PERNAMBUCO,GRANITO,Caatinga
 1732948694 ,3d967fe1-e351-301f-94eb-3bf1c2ddd15c,   -8.927420 ,  -36.973390 ,2024-11-15 16:54:00,Brasil,PERNAMBUCO,ÁGUAS BELAS,Caatinga
 1732948720 ,ddec03f5-71fe-3408-8156-b4df9d66bfcd,   -8.273800 ,  -35.164220 ,2024-11-15 16:54:00,Brasil,PERNAMBUCO,CABO DE SANTO AGOSTINHO,Mata Atlântica
 1732948730 ,9c7ce983-e713-3e00-a8d9-4c82d916b548,   -7.961370 ,  -35.295150 ,2024-11-15 16:54:00,Brasil,PERNAMBUCO,GLÓRIA DO GOITÁ,Mata Atlântica
 1732948731 ,7e5c445b-f83d-34b7-afe1-bbb9bc0c1ece,   -7.609910 ,  -37.497240 ,2024-11-15 16:54:00,Brasil,PERNAMBUCO,TABIRA,Caatinga
 1732948732 ,8b098763-79f1-3a44-be18-23bcc59ce913,   -7.933740 ,  -34.999520 ,2024-11-15 16:54:00,Brasil,PERNAMBUCO,RECIFE,Mata Atlântica
 1732948747 ,804d6277-4883-3148-abe1-5ca96a0d135c,   -7.309900 ,  -40.284790 ,2024-11-15 16:54:00,Brasil,PERNAMBUCO,IPUBI,Caatinga
 1732948753 ,8a8604ef-b915-3d16-bdc5-0126833a215a,   -7.962760 ,  -35.304590 ,2024-11-15 16:54:00,Brasil,PERNAMBUCO,GLÓRIA DO GOITÁ,Mata Atlântica
 1732948763 ,f4320415-47f3-3ef3-8db1-78a5dd7079a0,   -7.911100 ,  -38.441530 ,2024-11-15 16:54:00,Brasil,PERNAMBUCO,SERRA TALHADA,Caatinga
 1732948764 ,f73e8ba0-ae5f-3c47-beb4-3b4dd40c9db3,   -7.522290 ,  -39.907340 ,2024-11-15 16:54:00,Brasil,PERNAMBUCO,BODOCÓ,Caatinga
 1732948789 ,d5651810-674f-393b-8e3a-551ac1d5c108,   -7.611200 ,  -37.506160 ,2024-11-15 16:54:00,Brasil,PERNAMBUCO,TABIRA,Caatinga
 1732948807 ,83b9f2dd-7083-353a-9b6c-7d589b109e4f,   -7.526270 ,  -37.615470 ,2024-11-15 16:54:00,Brasil,PERNAMBUCO,TABIRA,Caatinga
 1732948816 ,5af367d8-201c-3168-8aeb-cc28bd179ab2,   -8.173260 ,  -37.884830 ,2024-11-15 16:54:00,Brasil,PERNAMBUCO,BETÂNIA,Caatinga
 1732948824 ,854df9ea-3421-311f-8a96-b6cbecc92443,   -7.308320 ,  -40.273180 ,2024-11-15 16:54:00,Brasil,PERNAMBUCO,IPUBI,Caatinga
 1732948852 ,e89f7dc4-0eb7-3efd-b843-af7ff2764df5,   -7.552240 ,  -37.161070 ,2024-11-15 16:54:00,Brasil,PERNAMBUCO,SÃO JOSÉ DO EGITO,Caatinga
 1732948854 ,a8c135f7-289f-3f26-938c-1da100d27324,   -7.752370 ,  -38.622300 ,2024-11-15 16:54:00,Brasil,PERNAMBUCO,SÃO JOSÉ DO BELMONTE,Caatinga
 1732948879 ,0c2f8789-97af-34ae-afa7-57e94ca2b019,   -8.219120 ,  -40.661100 ,2024-11-15 16:54:00,Brasil,PERNAMBUCO,SANTA FILOMENA,Caatinga
 1732948886 ,2d4cd206-d647-39c3-94ce-70a563571355,   -7.932300 ,  -39.555200 ,2024-11-15 16:54:00,Brasil,PERNAMBUCO,SERRITA,Caatinga
 1732948907 ,5cb78ab9-e390-3165-b317-b832336b6861,   -7.372130 ,  -39.924210 ,2024-11-15 16:54:00,Brasil,PERNAMBUCO,BODOCÓ,Caatinga
 1732948913 ,b257ea5f-cf77-349a-8e1f-00f2f88ce4ae,   -7.933820 ,  -39.565910 ,2024-11-15 16:54:00,Brasil,PERNAMBUCO,SERRITA,Caatinga
 1732948925 ,c8e1d3a1-7e86-3817-8d39-3d0f519c896c,   -7.980700 ,  -37.893630 ,2024-11-15 16:54:00,Brasil,PERNAMBUCO,FLORES,Caatinga
 1732948927 ,8fff4cd2-05cc-3fbc-ba5d-b4fb684d8e3b,   -7.363690 ,  -37.382240 ,2024-11-15 16:54:00,Brasil,PERNAMBUCO,BREJINHO,Caatinga
 1732948958 ,04f0e036-5638-3b70-9370-23a1197e622d,   -7.479010 ,  -37.413110 ,2024-11-15 16:54:00,Brasil,PERNAMBUCO,SANTA TEREZINHA,Caatinga
 1732948969 ,d0d4b09c-e5ef-3a09-814d-51025f952f1d,   -7.993570 ,  -40.280250 ,2024-11-15 16:54:00,Brasil,PERNAMBUCO,OURICURI,Caatinga
 1732948992 ,4b30ac42-bafc-3ded-bd97-e4514f35d876,   -7.308630 ,  -40.279640 ,2024-11-15 16:54:00,Brasil,PERNAMBUCO,IPUBI,Caatinga
 1732949057 ,c79cab40-25e2-37dc-8eaa-b5532d68a646,   -8.502260 ,  -35.032610 ,2024-11-15 16:54:00,Brasil,PERNAMBUCO,IPOJUCA,Mata Atlântica
 1732949088 ,5bf2764a-8ea6-37c1-a657-bf80b9a1ab5c,   -7.744500 ,  -39.882850 ,2024-11-15 16:54:00,Brasil,PERNAMBUCO,BODOCÓ,Caatinga
 1732949091 ,41396931-919c-338c-bb13-4afeebd1b3af,   -7.528410 ,  -39.582080 ,2024-11-15 16:54:00,Brasil,PERNAMBUCO,EXU,Caatinga
 1732949116 ,84e5e3e5-227c-3abd-88b2-bf152d7450e0,   -7.578930 ,  -34.908310 ,2024-11-15 16:54:00,Brasil,PERNAMBUCO,GOIANA,Mata Atlântica
 1732949139 ,398e497b-ce96-3426-9dbd-3724b0c3d3ec,   -7.817770 ,  -37.408800 ,2024-11-15 16:54:00,Brasil,PERNAMBUCO,IGUARACY,Caatinga
 1732949145 ,c10d53c9-9b72-3937-b043-d8ce47fafbe4,   -7.364970 ,  -37.391110 ,2024-11-15 16:54:00,Brasil,PERNAMBUCO,BREJINHO,Caatinga
 1732949178 ,19535a6c-f431-3659-8250-5064cb721e5f,   -8.491210 ,  -40.631110 ,2024-11-15 16:54:00,Brasil,PERNAMBUCO,DORMENTES,Caatinga
 1733104527 ,aab5901e-d76b-32a6-b6de-d7ca3537296c,   -7.886940 ,  -39.774420 ,2024-11-16 17:34:00,Brasil,PERNAMBUCO,BODOCÓ,Caatinga
 1733104730 ,cc97465a-6c42-3b97-b4a4-85859b033a8b,   -8.387680 ,  -38.834790 ,2024-11-16 17:34:00,Brasil,PERNAMBUCO,CARNAUBEIRA DA PENHA,Caatinga
 1733215110 ,40039f65-1935-39f2-8eae-942c1579c5ba,   -7.588350 ,  -40.278190 ,2024-11-17 16:37:00,Brasil,PERNAMBUCO,TRINDADE,Caatinga
 1733215175 ,5188fca1-5dd3-392e-8ea3-092e56e7c49c,   -8.376710 ,  -35.285920 ,2024-11-17 16:34:00,Brasil,PERNAMBUCO,ESCADA,Mata Atlântica
 1733215180 ,96269931-6e78-380b-b286-08cbbb4159e7,   -8.893280 ,  -40.642320 ,2024-11-17 16:34:00,Brasil,PERNAMBUCO,PETROLINA,Caatinga
 1733215182 ,57969ab5-7cb6-3e34-9ae9-33a8e1358dd5,   -8.511420 ,  -35.295690 ,2024-11-17 16:34:00,Brasil,PERNAMBUCO,RIBEIRÃO,Mata Atlântica
 1733215190 ,ebe4c66e-79bf-32ce-8247-9f58a077d9fe,   -8.003980 ,  -37.191070 ,2024-11-17 16:34:00,Brasil,PERNAMBUCO,SERTÂNIA,Caatinga
 1733215192 ,9bf4cc63-4086-3e07-823e-a67b9ad78c20,   -8.677360 ,  -40.716070 ,2024-11-17 16:34:00,Brasil,PERNAMBUCO,PETROLINA,Caatinga
 1733215202 ,4ba3e678-39fe-3d92-8834-89cc1c6c7933,   -7.890020 ,  -39.574940 ,2024-11-17 16:34:00,Brasil,PERNAMBUCO,PARNAMIRIM,Caatinga
 1733215207 ,14e3d0cf-0de3-3583-9858-852d0e3fd557,   -7.781830 ,  -38.366400 ,2024-11-17 16:34:00,Brasil,PERNAMBUCO,SERRA TALHADA,Caatinga
 1733215263 ,58e8fd9e-bdfd-399b-a6fb-5ed0b6c489c4,   -7.923680 ,  -35.332410 ,2024-11-17 16:34:00,Brasil,PERNAMBUCO,FEIRA NOVA,Mata Atlântica
 1733215265 ,3693601d-5064-3020-9862-dec8234680ad,   -7.571070 ,  -35.370700 ,2024-11-17 16:34:00,Brasil,PERNAMBUCO,TIMBAÚBA,Mata Atlântica
 1733215288 ,7ad704c2-38e3-3637-918c-eff3160cfa7f,   -7.669370 ,  -35.202970 ,2024-11-17 16:34:00,Brasil,PERNAMBUCO,ALIANÇA,Mata Atlântica
 1733215290 ,9ba853b7-9718-35a6-b2af-0e69ed5ae404,   -8.967050 ,  -40.625720 ,2024-11-17 16:34:00,Brasil,PERNAMBUCO,PETROLINA,Caatinga
 1733215311 ,adaf00da-059f-345d-9076-63ff94dabb8a,   -7.784310 ,  -38.385210 ,2024-11-17 16:34:00,Brasil,PERNAMBUCO,SERRA TALHADA,Caatinga
 1733215321 ,2332d948-6727-33b7-ba14-a98c7817d9ae,   -8.855090 ,  -40.807430 ,2024-11-17 16:34:00,Brasil,PERNAMBUCO,PETROLINA,Caatinga
 1733215330 ,19a599a7-abf8-3a56-8536-eebcebf54d1e,   -8.970220 ,  -40.632340 ,2024-11-17 16:34:00,Brasil,PERNAMBUCO,PETROLINA,Caatinga
 1733215333 ,012a4b1a-d46c-32e9-a76c-162a8c2767ae,   -7.925280 ,  -35.343990 ,2024-11-17 16:34:00,Brasil,PERNAMBUCO,FEIRA NOVA,Mata Atlântica
 1733215348 ,589a72a9-0c0c-3d2e-bedd-89d2e3553b13,   -8.188370 ,  -38.867870 ,2024-11-17 16:34:00,Brasil,PERNAMBUCO,SALGUEIRO,Caatinga
 1733342586 ,d509fbc0-893d-3425-b1bb-fdeaab645e7f,   -7.615360 ,  -39.850340 ,2024-11-18 17:15:00,Brasil,PERNAMBUCO,EXU,Caatinga
 1733342675 ,1ea1ce2e-3499-3203-a720-2a3ff2c65645,   -8.381570 ,  -40.708560 ,2024-11-18 17:15:00,Brasil,PERNAMBUCO,DORMENTES,Caatinga
 1733342697 ,37d8e147-c5fb-3ce0-8fcc-36c2a80ae3b4,   -7.596540 ,  -39.916610 ,2024-11-18 17:15:00,Brasil,PERNAMBUCO,BODOCÓ,Caatinga
 1733342720 ,a96f5a69-1f0e-3663-8e9b-cee6922189e2,   -7.641660 ,  -40.574390 ,2024-11-18 17:15:00,Brasil,PERNAMBUCO,ARARIPINA,Caatinga
 1733342721 ,902a4f7b-9d29-3d68-9056-c04f067282c4,   -8.518160 ,  -40.387320 ,2024-11-18 17:15:00,Brasil,PERNAMBUCO,DORMENTES,Caatinga
 1733342752 ,904762bb-28d1-3169-9bf8-0dc18b97be85,   -8.896830 ,  -40.573490 ,2024-11-18 17:15:00,Brasil,PERNAMBUCO,PETROLINA,Caatinga
 1733342823 ,84ffdc9a-7cf5-3570-bc59-bfe239406ca4,   -7.642860 ,  -37.483940 ,2024-11-18 17:15:00,Brasil,PERNAMBUCO,TABIRA,Caatinga
 1733342914 ,ac626c69-b259-34c3-bb92-8d7e268cb55a,   -7.673890 ,  -40.427030 ,2024-11-18 17:15:00,Brasil,PERNAMBUCO,ARARIPINA,Caatinga
 1733343024 ,91fe5e43-27b9-373d-acd0-d63ab1ce22d9,   -8.518780 ,  -39.720340 ,2024-11-18 17:15:00,Brasil,PERNAMBUCO,SANTA MARIA DA BOA VISTA,Caatinga
 1733343068 ,8244f754-23be-3ad5-83f4-be426fe0ecb1,   -8.366830 ,  -40.422890 ,2024-11-18 17:15:00,Brasil,PERNAMBUCO,SANTA CRUZ,Caatinga
 1733343165 ,ea0ed03a-e7d1-37fc-a2b9-214df0ad8043,   -7.526730 ,  -39.524540 ,2024-11-18 17:15:00,Brasil,PERNAMBUCO,MOREILÂNDIA,Caatinga
 1733343309 ,4b762393-5575-3676-9d08-2fd72e0831c8,   -7.528340 ,  -39.535000 ,2024-11-18 17:15:00,Brasil,PERNAMBUCO,MOREILÂNDIA,Caatinga
 1733429389 ,1432a42c-7f5d-3372-b7bf-76ee2a31a2c6,   -7.391480 ,  -37.039770 ,2024-11-19 16:17:00,Brasil,PERNAMBUCO,ITAPETIM,Caatinga
 1733589282 ,accb2238-2ee6-3107-a14f-b91441a6e567,   -8.532500 ,  -40.283900 ,2024-11-20 16:56:00,Brasil,PERNAMBUCO,LAGOA GRANDE,Caatinga
 1733589297 ,b965406c-9a3d-3614-938f-c05c2dff56a0,   -8.530680 ,  -37.155580 ,2024-11-20 16:56:00,Brasil,PERNAMBUCO,BUÍQUE,Caatinga
 1733589306 ,4a662918-0926-31eb-a6f9-2c064fc3ca6f,   -7.984100 ,  -38.744780 ,2024-11-20 16:56:00,Brasil,PERNAMBUCO,SÃO JOSÉ DO BELMONTE,Caatinga
 1733589318 ,2344efaa-bf4c-3216-b5ea-35a5e182ac6d,   -8.599220 ,  -35.375390 ,2024-11-20 16:56:00,Brasil,PERNAMBUCO,GAMELEIRA,Mata Atlântica
 1733589340 ,8fa17f3d-cbb0-31dd-bc29-be0ce62af583,   -7.781180 ,  -39.518860 ,2024-11-20 16:56:00,Brasil,PERNAMBUCO,SERRITA,Caatinga
 1733589355 ,7fa559eb-877a-32ca-91a1-e6348c9876df,   -7.279290 ,  -37.247670 ,2024-11-20 16:56:00,Brasil,PERNAMBUCO,ITAPETIM,Caatinga
 1733589367 ,21224f5b-600e-38b7-b7b0-2e313b7560cf,   -7.490730 ,  -37.555940 ,2024-11-20 16:56:00,Brasil,PERNAMBUCO,TABIRA,Caatinga
 1733589375 ,534fcebe-616c-3122-9240-08286bb331c2,   -8.547100 ,  -36.519150 ,2024-11-20 16:56:00,Brasil,PERNAMBUCO,SÃO BENTO DO UNA,Caatinga
 1733589387 ,8e004cb3-7e6e-345e-afe7-54e43e2ca7e7,   -7.783650 ,  -38.634110 ,2024-11-20 16:56:00,Brasil,PERNAMBUCO,SÃO JOSÉ DO BELMONTE,Caatinga
 1733589397 ,206337a4-bf17-321d-b360-96fe42c8b00e,   -8.715300 ,  -40.860880 ,2024-11-20 16:56:00,Brasil,PERNAMBUCO,AFRÂNIO,Caatinga
 1733589408 ,01569bd7-fafc-38f8-9f0f-657c87595d13,   -8.022340 ,  -40.369460 ,2024-11-20 16:56:00,Brasil,PERNAMBUCO,OURICURI,Caatinga
 1733589424 ,dd395879-c118-3e5f-9e73-0b36c4fbbeca,   -8.440400 ,  -40.279610 ,2024-11-20 16:56:00,Brasil,PERNAMBUCO,SANTA CRUZ,Caatinga
 1733589446 ,93934b62-16c3-377a-bc18-e73c9a6d0d82,   -7.445300 ,  -35.191050 ,2024-11-20 16:56:00,Brasil,PERNAMBUCO,ITAMBÉ,Mata Atlântica
 1733589449 ,1efc38c0-f265-343d-8593-2988199d09dc,   -8.580310 ,  -40.628770 ,2024-11-20 16:56:00,Brasil,PERNAMBUCO,DORMENTES,Caatinga
 1733589483 ,4fdd0733-f2f0-3dce-8b61-9eb1a199195d,   -8.470730 ,  -40.424900 ,2024-11-20 16:56:00,Brasil,PERNAMBUCO,DORMENTES,Caatinga
 1733589497 ,94a5718a-7aac-3ea9-9aaa-d68368876da9,   -8.130030 ,  -35.318350 ,2024-11-20 16:56:00,Brasil,PERNAMBUCO,VITÓRIA DE SANTO ANTÃO,Mata Atlântica
 1733589521 ,5a439704-bf24-340a-80c1-d61992d19760,   -7.556410 ,  -35.024980 ,2024-11-20 16:56:00,Brasil,PERNAMBUCO,GOIANA,Mata Atlântica
 1733589559 ,f50a293b-243c-3bea-a1ed-4c72df489368,   -8.357050 ,  -36.789110 ,2024-11-20 16:56:00,Brasil,PERNAMBUCO,PESQUEIRA,Caatinga
 1733589561 ,d0b0604d-e1a3-31f7-801a-ac71e6c72a7c,   -8.426410 ,  -35.768050 ,2024-11-20 16:56:00,Brasil,PERNAMBUCO,SÃO JOAQUIM DO MONTE,Mata Atlântica
 1733589578 ,ddc85518-6d63-3158-9faa-02b441450932,   -7.613560 ,  -39.982000 ,2024-11-20 16:56:00,Brasil,PERNAMBUCO,BODOCÓ,Caatinga
 1733589606 ,d51350e9-5b0c-32b1-bd92-b27848862cf8,   -8.435470 ,  -35.766620 ,2024-11-20 16:56:00,Brasil,PERNAMBUCO,SÃO JOAQUIM DO MONTE,Mata Atlântica
 1733589625 ,6ac15bee-bd22-34c8-a967-680b6eb27365,   -7.961530 ,  -38.134530 ,2024-11-20 16:56:00,Brasil,PERNAMBUCO,CALUMBI,Caatinga
 1733589633 ,c514d464-1532-35f9-9622-8b73565eb8ed,   -7.714410 ,  -37.763660 ,2024-11-20 16:56:00,Brasil,PERNAMBUCO,CARNAÍBA,Caatinga
 1733589659 ,4780a659-3381-3594-9e09-73b31f71513a,   -8.717020 ,  -40.873260 ,2024-11-20 16:56:00,Brasil,PERNAMBUCO,AFRÂNIO,Caatinga
 1733589670 ,a9358893-b302-3fe0-a796-de1c1b2e8526,   -7.713110 ,  -37.754750 ,2024-11-20 16:56:00,Brasil,PERNAMBUCO,CARNAÍBA,Caatinga
 1733589699 ,e1ed7d9e-e47c-3460-a15e-904ab7a9f1c0,   -7.698280 ,  -39.932690 ,2024-11-20 16:56:00,Brasil,PERNAMBUCO,BODOCÓ,Caatinga
 1733589713 ,0f5df40b-1d24-3fb6-a6f8-27fee4d4dc92,   -7.949010 ,  -39.852910 ,2024-11-20 16:56:00,Brasil,PERNAMBUCO,BODOCÓ,Caatinga
 1733589718 ,bcddff57-2e6f-317a-bb0c-aa0083f6852f,   -8.530950 ,  -40.272740 ,2024-11-20 16:56:00,Brasil,PERNAMBUCO,LAGOA GRANDE,Caatinga
 1733589747 ,88be44b9-7288-3728-afdb-4f19584909d0,   -8.209140 ,  -36.348270 ,2024-11-20 16:56:00,Brasil,PERNAMBUCO,BELO JARDIM,Caatinga
 1733589795 ,391277e4-3664-3fd2-8b85-9f89ef11af05,   -7.677750 ,  -40.233020 ,2024-11-20 16:56:00,Brasil,PERNAMBUCO,IPUBI,Caatinga
 1733589816 ,72fdc6bb-0057-3d5c-b176-9c068e24d29c,   -8.546760 ,  -40.896320 ,2024-11-20 16:56:00,Brasil,PERNAMBUCO,AFRÂNIO,Caatinga
 1733589868 ,5739427e-4416-32ea-b5de-f7c18b6ca3a6,   -8.531970 ,  -37.164440 ,2024-11-20 16:56:00,Brasil,PERNAMBUCO,BUÍQUE,Caatinga
 1733589949 ,f51e90e7-564a-381b-b654-e1ad1a9d2fe7,   -8.259890 ,  -36.690730 ,2024-11-20 16:56:00,Brasil,PERNAMBUCO,POÇÃO,Caatinga
 1733589950 ,895daae3-cf3c-3005-818c-b988d77b42c9,   -7.924170 ,  -40.537460 ,2024-11-20 16:56:00,Brasil,PERNAMBUCO,ARARIPINA,Caatinga
 1733589962 ,9aab2ace-f17c-3882-ac00-da11644d348f,   -8.578690 ,  -40.617020 ,2024-11-20 16:56:00,Brasil,PERNAMBUCO,DORMENTES,Caatinga
 1733590013 ,9ecdea66-a600-3e64-8c63-e3ebab51c3ff,   -7.554830 ,  -35.014610 ,2024-11-20 16:56:00,Brasil,PERNAMBUCO,GOIANA,Mata Atlântica
 1733590022 ,6eaf8e1e-871a-3047-922d-db4a77338d8f,   -8.524440 ,  -37.174620 ,2024-11-20 16:56:00,Brasil,PERNAMBUCO,BUÍQUE,Caatinga
 1733590027 ,de4673c3-771f-3c99-872f-107f2516b529,   -8.438850 ,  -40.268490 ,2024-11-20 16:56:00,Brasil,PERNAMBUCO,SANTA CRUZ,Caatinga
 1733590052 ,81207549-7810-3854-a9b2-3494d59283d6,   -7.597480 ,  -39.455830 ,2024-11-20 16:56:00,Brasil,PERNAMBUCO,MOREILÂNDIA,Caatinga
 1733590055 ,05ca676a-257a-384e-a72f-363a3a301036,   -7.709520 ,  -39.804190 ,2024-11-20 16:56:00,Brasil,PERNAMBUCO,GRANITO,Caatinga
 1733716119 ,619a8227-0d8a-3e95-8cf5-14d59bf56288,   -7.866250 ,  -38.889100 ,2024-11-21 17:36:00,Brasil,PERNAMBUCO,SÃO JOSÉ DO BELMONTE,Caatinga
 1733716374 ,0e815ae5-84d4-3414-9ab5-177370171c40,   -8.163630 ,  -40.292790 ,2024-11-21 17:36:00,Brasil,PERNAMBUCO,SANTA CRUZ,Caatinga
 1733716591 ,72b97d25-eaff-3c73-b807-f38aabecfc60,   -8.405530 ,  -40.479790 ,2024-11-21 17:36:00,Brasil,PERNAMBUCO,DORMENTES,Caatinga
 1733827007 ,fe9c614b-09e7-33b0-8dd0-6b85b4da905b,   -7.654090 ,  -37.835520 ,2024-11-22 16:39:00,Brasil,PERNAMBUCO,QUIXABA,Caatinga
 1733827033 ,9f74bc50-a858-3718-9bfe-ff9fd7dccbb1,   -7.641070 ,  -35.225080 ,2024-11-22 16:39:00,Brasil,PERNAMBUCO,ALIANÇA,Mata Atlântica
 1733827043 ,de4bbab9-6c34-3019-b3e7-ebd0d9d04172,   -7.909700 ,  -38.846660 ,2024-11-22 16:39:00,Brasil,PERNAMBUCO,SÃO JOSÉ DO BELMONTE,Caatinga
 1733827118 ,712b9ce2-bac2-3369-a66a-636e8e8e9d9d,   -8.403950 ,  -35.273390 ,2024-11-22 16:37:00,Brasil,PERNAMBUCO,ESCADA,Mata Atlântica
 1733827164 ,39134d1a-322d-311b-8a06-ce0882d3bc66,   -7.704110 ,  -35.082720 ,2024-11-22 16:39:00,Brasil,PERNAMBUCO,ITAQUITINGA,Mata Atlântica
 1733827172 ,3e149515-0d34-33f1-a196-2087d873cf7b,   -7.909080 ,  -38.851780 ,2024-11-22 16:39:00,Brasil,PERNAMBUCO,SÃO JOSÉ DO BELMONTE,Caatinga
 1733827187 ,1ef87d62-b471-3c2b-a8ef-b41b8fd07566,   -7.413500 ,  -35.121880 ,2024-11-22 16:39:00,Brasil,PERNAMBUCO,ITAMBÉ,Mata Atlântica
 1733827225 ,b4defd32-43f8-33f0-86a3-9c737493976d,   -7.639620 ,  -35.214740 ,2024-11-22 16:39:00,Brasil,PERNAMBUCO,ALIANÇA,Mata Atlântica
 1733827257 ,7f3afd0e-e450-3654-9947-0f2862174bc8,   -8.405440 ,  -35.284110 ,2024-11-22 16:37:00,Brasil,PERNAMBUCO,ESCADA,Mata Atlântica
 1733827287 ,0cebac91-90cf-38d4-938d-6ef80f107981,   -8.535610 ,  -35.482040 ,2024-11-22 16:37:00,Brasil,PERNAMBUCO,ÁGUA PRETA,Mata Atlântica
 1733827296 ,d0417c81-030f-3322-a965-456dde67bee2,   -8.594490 ,  -35.536280 ,2024-11-22 16:37:00,Brasil,PERNAMBUCO,JOAQUIM NABUCO,Mata Atlântica
 1733972000 ,286863bd-28e4-3b01-a332-119d6b5f3978,   -7.577150 ,  -40.254220 ,2024-11-23 17:17:00,Brasil,PERNAMBUCO,IPUBI,Caatinga
 1733971869 ,b5de952b-b192-358d-8ba8-7d0641de6b90,   -8.011210 ,  -39.601410 ,2024-11-23 17:17:00,Brasil,PERNAMBUCO,PARNAMIRIM,Caatinga
 1733971872 ,d0234855-3e8f-3ebd-8d81-c00d323f574d,   -8.492460 ,  -40.391490 ,2024-11-23 17:17:00,Brasil,PERNAMBUCO,DORMENTES,Caatinga
 1733971879 ,6252fea0-921a-3cb8-8545-3e77531f35c1,   -8.503280 ,  -40.399940 ,2024-11-23 17:17:00,Brasil,PERNAMBUCO,DORMENTES,Caatinga
 1733971886 ,ce4a5f24-7bf3-30c0-87b5-50ee26285e59,   -8.256390 ,  -39.194110 ,2024-11-23 17:17:00,Brasil,PERNAMBUCO,CABROBÓ,Caatinga
 1733971894 ,b427eec0-4ce7-3c45-9a7a-d771e5640bd9,   -7.588200 ,  -40.263130 ,2024-11-23 17:17:00,Brasil,PERNAMBUCO,IPUBI,Caatinga
 1733971954 ,a1cab2e6-48c1-3d6c-9a56-a5d0559d5bc8,   -8.214280 ,  -36.350500 ,2024-11-23 17:17:00,Brasil,PERNAMBUCO,BELO JARDIM,Caatinga
 1733971974 ,497cb345-d485-3ec1-991c-cb7f3eb340a6,   -7.586610 ,  -40.252610 ,2024-11-23 17:17:00,Brasil,PERNAMBUCO,IPUBI,Caatinga
 1733972064 ,d1f9a1e5-a16f-3ba9-9dd5-e473f6e5e665,   -7.744260 ,  -39.661420 ,2024-11-23 17:17:00,Brasil,PERNAMBUCO,GRANITO,Caatinga
 1733972067 ,b217d3e9-f868-32b2-bb4f-e5ae457007ee,   -8.205300 ,  -37.685590 ,2024-11-23 17:17:00,Brasil,PERNAMBUCO,CUSTÓDIA,Caatinga
 1733972080 ,41afb1e3-5605-32e4-b7a3-5d1be57d1535,   -7.535890 ,  -40.587290 ,2024-11-23 17:17:00,Brasil,PERNAMBUCO,ARARIPINA,Caatinga
 1733972109 ,b1e1d8f6-999a-3322-a25a-173c5b884423,   -7.583910 ,  -39.974610 ,2024-11-23 17:17:00,Brasil,PERNAMBUCO,BODOCÓ,Caatinga
 1733972197 ,a2feb28e-af46-3279-9dc7-3b90c637eab8,   -7.381280 ,  -39.985530 ,2024-11-23 17:19:00,Brasil,PERNAMBUCO,BODOCÓ,Caatinga
 1733972238 ,47cebccd-dffc-3c4c-ac2c-f52b2bbf04b3,   -8.214570 ,  -36.344780 ,2024-11-23 17:17:00,Brasil,PERNAMBUCO,BELO JARDIM,Caatinga
 1733972240 ,8013549b-95a9-3872-bc33-e5eb83ca36b3,   -8.501760 ,  -40.389980 ,2024-11-23 17:17:00,Brasil,PERNAMBUCO,DORMENTES,Caatinga
 1733972318 ,8c9c7781-b9a7-3259-acb4-baa592c9ef74,   -7.681370 ,  -39.529110 ,2024-11-23 17:17:00,Brasil,PERNAMBUCO,MOREILÂNDIA,Caatinga
 1733972323 ,da94f6a1-c136-3e90-afc3-f8b696d33544,   -8.716950 ,  -40.714100 ,2024-11-23 17:17:00,Brasil,PERNAMBUCO,PETROLINA,Caatinga
 1733972358 ,541f793f-0565-3dad-9244-1f5e425b24b2,   -7.487170 ,  -40.071210 ,2024-11-23 17:17:00,Brasil,PERNAMBUCO,BODOCÓ,Caatinga
 1733972386 ,a0de4d1f-c085-31f7-afc0-3813fad52a41,   -8.364030 ,  -36.875930 ,2024-11-23 17:17:00,Brasil,PERNAMBUCO,PESQUEIRA,Caatinga
 1733972451 ,3610138e-852a-39cb-96e6-c752c709626a,   -8.009490 ,  -39.590270 ,2024-11-23 17:17:00,Brasil,PERNAMBUCO,PARNAMIRIM,Caatinga
 1733972458 ,59699e9c-fe70-3200-96f9-3ab60658b377,   -7.590390 ,  -39.988740 ,2024-11-23 17:17:00,Brasil,PERNAMBUCO,BODOCÓ,Caatinga
 1733972485 ,123d1502-4ee3-3b01-a0cf-4002806148b3,   -7.894080 ,  -39.371240 ,2024-11-23 17:17:00,Brasil,PERNAMBUCO,SERRITA,Caatinga
 1733972525 ,5191a89b-d256-33d7-bf7b-c04d474c02e6,   -7.585500 ,  -39.985260 ,2024-11-23 17:17:00,Brasil,PERNAMBUCO,BODOCÓ,Caatinga
 1733972556 ,4ee61d44-dfb0-309a-a685-17e9a4b23d4b,   -8.715500 ,  -40.704540 ,2024-11-23 17:17:00,Brasil,PERNAMBUCO,PETROLINA,Caatinga
 1733972560 ,b6035154-dfc3-36a6-98ec-3e0035df2cdd,   -7.578730 ,  -40.264610 ,2024-11-23 17:17:00,Brasil,PERNAMBUCO,IPUBI,Caatinga
 1733972575 ,d96cb259-7e30-320a-b1a6-ffcc9f63df52,   -8.361250 ,  -36.858520 ,2024-11-23 17:17:00,Brasil,PERNAMBUCO,PESQUEIRA,Caatinga
 1733972704 ,240ef036-4104-349b-a4f3-0a8140f6b2c1,   -8.537240 ,  -40.685360 ,2024-11-23 17:17:00,Brasil,PERNAMBUCO,DORMENTES,Caatinga
 1733972841 ,ad9b52d6-83ce-333c-9b3f-b6b81384d5da,   -7.607040 ,  -39.774470 ,2024-11-23 17:17:00,Brasil,PERNAMBUCO,EXU,Caatinga
 1733972923 ,a599f37f-559c-3f3c-9d3f-d2439b5b2bde,   -8.493980 ,  -40.401440 ,2024-11-23 17:17:00,Brasil,PERNAMBUCO,DORMENTES,Caatinga
 1733972929 ,61d1f33d-7c2f-3a4b-bb49-4d6ffa604a18,   -8.724650 ,  -40.703080 ,2024-11-23 17:17:00,Brasil,PERNAMBUCO,PETROLINA,Caatinga
 1733972948 ,f9e5a922-acc0-3131-b52b-40e83dd9b3f4,   -7.916630 ,  -39.061410 ,2024-11-23 17:17:00,Brasil,PERNAMBUCO,VERDEJANTE,Caatinga
 1733973021 ,e270b2ce-6151-3e08-b8a8-c49e15efd462,   -7.822950 ,  -39.246790 ,2024-11-23 17:17:00,Brasil,PERNAMBUCO,SERRITA,Caatinga
 1733973022 ,b98428d4-7d5d-3714-852c-59e1c2f85bcb,   -7.588750 ,  -39.978110 ,2024-11-23 17:17:00,Brasil,PERNAMBUCO,BODOCÓ,Caatinga
 1733973030 ,7082f9fb-b6c1-3709-b15a-578c5991c15f,   -8.511630 ,  -40.812940 ,2024-11-23 17:17:00,Brasil,PERNAMBUCO,DORMENTES,Caatinga
 1733973050 ,0aea0fbd-7bf7-380a-b05a-5e9cf6885eb4,   -7.597280 ,  -39.775960 ,2024-11-23 17:17:00,Brasil,PERNAMBUCO,EXU,Caatinga
 1734095110 ,277b92ec-49f6-3b73-9360-677d37cacff7,   -8.274890 ,  -35.295120 ,2024-11-24 16:20:00,Brasil,PERNAMBUCO,VITÓRIA DE SANTO ANTÃO,Mata Atlântica
 1734095120 ,78c4106f-8a30-3067-93d2-2dca15cc9700,   -8.082260 ,  -35.117600 ,2024-11-24 16:20:00,Brasil,PERNAMBUCO,MORENO,Mata Atlântica
 1734095133 ,b7cb4546-3bdc-3d6f-b4ca-00216dbe5ef6,   -8.088580 ,  -35.111840 ,2024-11-24 16:20:00,Brasil,PERNAMBUCO,MORENO,Mata Atlântica
 1734095142 ,8276e2f8-4455-3081-af97-6943931719a0,   -7.770570 ,  -34.948360 ,2024-11-24 16:20:00,Brasil,PERNAMBUCO,IGARASSU,Mata Atlântica
 1734095154 ,1de9bdbb-07df-31f4-81af-2b23920791f5,   -7.734290 ,  -35.089190 ,2024-11-24 16:20:00,Brasil,PERNAMBUCO,IGARASSU,Mata Atlântica
 1734095155 ,8d29d34c-0b80-31f6-9e23-0cceaf350a13,   -8.262710 ,  -35.267140 ,2024-11-24 16:20:00,Brasil,PERNAMBUCO,ESCADA,Mata Atlântica
 1734095170 ,51e83e69-6f9b-3649-ad6c-d851914e486a,   -8.265740 ,  -35.291220 ,2024-11-24 16:20:00,Brasil,PERNAMBUCO,VITÓRIA DE SANTO ANTÃO,Mata Atlântica
 1734095179 ,32e6e2e8-c272-32de-873e-4e8c91e1022c,   -8.271620 ,  -35.270730 ,2024-11-24 16:20:00,Brasil,PERNAMBUCO,ESCADA,Mata Atlântica
 1734217473 ,0ff86fdf-711d-301b-a070-4613fb5dd23b,   -7.856070 ,  -35.009550 ,2024-11-25 16:58:00,Brasil,PERNAMBUCO,IGARASSU,Mata Atlântica
 1734217498 ,5a679ad5-22a9-3c5d-99b9-532def19feca,   -7.431860 ,  -35.316250 ,2024-11-25 16:58:00,Brasil,PERNAMBUCO,CAMUTANGA,Mata Atlântica
 1734217502 ,1ce385a1-dcbb-340e-b23e-6ffdec5cc98c,   -7.671970 ,  -38.703880 ,2024-11-25 16:58:00,Brasil,PERNAMBUCO,SÃO JOSÉ DO BELMONTE,Caatinga
 1734217800 ,5734e01e-5b14-3109-9457-b89e30524506,   -7.857730 ,  -35.020470 ,2024-11-25 16:58:00,Brasil,PERNAMBUCO,IGARASSU,Mata Atlântica
 1734217807 ,95bc021f-4d34-3cdd-8684-fc122475771b,   -7.755530 ,  -37.864540 ,2024-11-25 16:58:00,Brasil,PERNAMBUCO,QUIXABA,Caatinga
 1734217823 ,b0e691a1-4012-386f-a690-717ec71499f4,   -7.670660 ,  -38.694880 ,2024-11-25 16:58:00,Brasil,PERNAMBUCO,SÃO JOSÉ DO BELMONTE,Caatinga
 1734753966 ,4c52d6a6-e245-317e-a2d8-a7ade89687cd,   -8.279340 ,  -36.886050 ,2024-11-29 16:22:00,Brasil,PERNAMBUCO,PESQUEIRA,Caatinga
 1734753982 ,176aaadd-cb5a-3c91-9595-40a454d7c289,   -8.313690 ,  -36.911660 ,2024-11-29 16:22:00,Brasil,PERNAMBUCO,PESQUEIRA,Caatinga
 1734754003 ,af4ee5b7-86c7-3649-a4fb-760e4140065e,   -8.272170 ,  -36.586610 ,2024-11-29 16:22:00,Brasil,PERNAMBUCO,PESQUEIRA,Caatinga
 1734754019 ,f66d8c11-a053-3c16-9e1b-a9c380933b77,   -8.494130 ,  -35.394340 ,2024-11-29 16:22:00,Brasil,PERNAMBUCO,RIBEIRÃO,Mata Atlântica
 1734754060 ,f9549faa-04c6-3800-96d2-5b849cc93a60,   -8.272440 ,  -36.593560 ,2024-11-29 16:22:00,Brasil,PERNAMBUCO,PESQUEIRA,Caatinga
 1734754078 ,2fe2daf9-061c-3961-b84b-a2124ec799ed,   -8.309780 ,  -36.881410 ,2024-11-29 16:22:00,Brasil,PERNAMBUCO,PESQUEIRA,Caatinga
 1734754104 ,0572e327-5911-371f-bc0c-8a941e44def9,   -8.321520 ,  -35.683110 ,2024-11-29 16:22:00,Brasil,PERNAMBUCO,SAIRÉ,Mata Atlântica
 1734754112 ,0503324c-f91b-3dc6-b15d-d8511ba5467f,   -8.311050 ,  -36.904850 ,2024-11-29 16:22:00,Brasil,PERNAMBUCO,PESQUEIRA,Caatinga
 1734900909 ,d2f73c0b-1a83-32c6-8e78-1d51d4ac654f,   -7.637890 ,  -40.512480 ,2024-11-30 17:02:00,Brasil,PERNAMBUCO,ARARIPINA,Caatinga
 1734900924 ,995e9255-c810-3e07-a02b-e75fc5ba77aa,   -7.431060 ,  -37.489810 ,2024-11-30 17:02:00,Brasil,PERNAMBUCO,SANTA TEREZINHA,Caatinga
 1734900929 ,58b250ef-6b5e-3997-a676-6c48cfcbcf35,   -7.657340 ,  -40.007110 ,2024-11-30 17:02:00,Brasil,PERNAMBUCO,BODOCÓ,Caatinga
 1734900940 ,d9a2afe4-ae96-3027-b957-d68d17a9faa6,   -7.579980 ,  -35.156390 ,2024-11-30 17:02:00,Brasil,PERNAMBUCO,ALIANÇA,Mata Atlântica
 1734900959 ,fade918a-88e0-30f1-bb00-198d29a5dafc,   -8.171000 ,  -36.268570 ,2024-11-30 17:02:00,Brasil,PERNAMBUCO,BELO JARDIM,Caatinga
 1734900979 ,6b4b324a-c504-3827-804f-facebca3c782,   -7.977280 ,  -38.637640 ,2024-11-30 17:02:00,Brasil,PERNAMBUCO,SÃO JOSÉ DO BELMONTE,Caatinga
 1734900994 ,9e0839ee-7caa-3089-99c4-cd9094601307,   -7.869190 ,  -37.711250 ,2024-11-30 17:02:00,Brasil,PERNAMBUCO,CARNAÍBA,Caatinga
 1734901012 ,8bf95d70-a33e-38c0-9af5-970cf0d3a5f9,   -7.594770 ,  -40.276400 ,2024-11-30 17:02:00,Brasil,PERNAMBUCO,TRINDADE,Caatinga
 1734901013 ,c37b4710-96fa-3718-b7ec-b7e309d3ab7d,   -7.961040 ,  -38.712630 ,2024-11-30 17:02:00,Brasil,PERNAMBUCO,SÃO JOSÉ DO BELMONTE,Caatinga
 1734901017 ,fd4a08cd-9da1-3da5-af9a-15dd95b34fe3,   -7.574270 ,  -37.645630 ,2024-11-30 17:02:00,Brasil,PERNAMBUCO,SOLIDÃO,Caatinga
 1734901036 ,ee27230d-1a8d-3c20-9252-eab9fd7b632d,   -7.583960 ,  -39.559720 ,2024-11-30 17:02:00,Brasil,PERNAMBUCO,MOREILÂNDIA,Caatinga
 1734901040 ,2d0ad819-52d3-33c5-a386-171b0bbfbd5e,   -7.843930 ,  -35.613880 ,2024-11-30 17:02:00,Brasil,PERNAMBUCO,JOÃO ALFREDO,Caatinga
 1734901042 ,b561e0c3-f2aa-3bc8-9cfa-72bbf8175b40,   -7.616740 ,  -39.983680 ,2024-11-30 17:02:00,Brasil,PERNAMBUCO,BODOCÓ,Caatinga
 1734901047 ,f9feaf02-10aa-361f-910a-51ed36440a16,   -7.449610 ,  -35.112970 ,2024-11-30 17:02:00,Brasil,PERNAMBUCO,ITAMBÉ,Mata Atlântica
 1734901054 ,b16c7365-1c86-3da3-974a-e7b69bb30740,   -7.920660 ,  -40.376790 ,2024-11-30 17:02:00,Brasil,PERNAMBUCO,OURICURI,Caatinga
 1734901085 ,9c1ace5a-04d9-3402-a616-e22a24ef6f8f,   -8.156640 ,  -37.594140 ,2024-11-30 17:02:00,Brasil,PERNAMBUCO,CUSTÓDIA,Caatinga
 1734901094 ,efd58fb4-41c4-34bb-a928-3fe6dd2d1e4c,   -7.980970 ,  -35.688820 ,2024-11-30 17:02:00,Brasil,PERNAMBUCO,CUMARU,Caatinga
 1734901105 ,7518e0fc-7884-37f4-960b-9b5f6a581e67,   -7.495660 ,  -40.100440 ,2024-11-30 17:02:00,Brasil,PERNAMBUCO,BODOCÓ,Caatinga
 1734901107 ,8b0d287a-d06e-314e-b442-34d08f0beef7,   -7.857860 ,  -38.570480 ,2024-11-30 17:02:00,Brasil,PERNAMBUCO,SERRA TALHADA,Caatinga
 1734901117 ,060efbb6-fded-3076-8355-fb5cd6f469f7,   -7.447830 ,  -35.101490 ,2024-11-30 17:02:00,Brasil,PERNAMBUCO,ITAMBÉ,Mata Atlântica
 1734901124 ,b921a2f6-8b4c-3d64-9280-584430f036b4,   -8.018790 ,  -37.658170 ,2024-11-30 17:02:00,Brasil,PERNAMBUCO,CUSTÓDIA,Caatinga
 1734901169 ,da666d4f-371d-3a24-b5ea-b5c4a622e611,   -8.880340 ,  -35.695260 ,2024-11-30 17:02:00,Brasil,PERNAMBUCO,MARAIAL,Mata Atlântica
 1734901178 ,679c4396-ad64-312e-822a-ff5f27782b61,   -8.115670 ,  -35.453760 ,2024-11-30 17:02:00,Brasil,PERNAMBUCO,POMBOS,Mata Atlântica
 1734901182 ,898a782f-1277-3ac0-b478-057a1f67ecf3,   -7.615390 ,  -39.974140 ,2024-11-30 17:02:00,Brasil,PERNAMBUCO,BODOCÓ,Caatinga
 1734901191 ,5cedcb4c-ddc3-3c57-9aa2-6b680563cd72,   -8.927340 ,  -36.507780 ,2024-11-30 17:02:00,Brasil,PERNAMBUCO,GARANHUNS,Mata Atlântica
 1734901196 ,de95db26-5313-30b3-8f88-117e48a4c886,   -8.888250 ,  -35.683370 ,2024-11-30 17:02:00,Brasil,PERNAMBUCO,XEXÉU,Mata Atlântica
 1734901215 ,80ceccdd-db94-3aa2-b312-19f44b4cad29,   -7.383680 ,  -37.419390 ,2024-11-30 17:02:00,Brasil,PERNAMBUCO,SANTA TEREZINHA,Caatinga
 1734901220 ,54518db8-e704-35fe-8b42-562370cd98c3,   -7.705290 ,  -37.158920 ,2024-11-30 17:02:00,Brasil,PERNAMBUCO,SÃO JOSÉ DO EGITO,Caatinga
 1734901226 ,b236b886-0ddd-3a83-b2a6-15681b365de7,   -8.819150 ,  -40.891120 ,2024-11-30 17:02:00,Brasil,PERNAMBUCO,PETROLINA,Caatinga
 1734901234 ,b0159fa6-11e2-3bb6-9a1c-c6802945d660,   -7.962330 ,  -38.721520 ,2024-11-30 17:02:00,Brasil,PERNAMBUCO,SÃO JOSÉ DO BELMONTE,Caatinga
 1734901235 ,8d38a0bb-54ff-35e6-9660-69b0679a81d3,   -7.416770 ,  -37.454930 ,2024-11-30 17:02:00,Brasil,PERNAMBUCO,SANTA TEREZINHA,Caatinga
 1734901254 ,e636afd5-6dd4-36e2-abd5-8743f73f8368,   -7.585060 ,  -40.012420 ,2024-11-30 17:02:00,Brasil,PERNAMBUCO,BODOCÓ,Caatinga
 1734901262 ,f3ec5157-9b59-3567-917d-954a1d9489ff,   -7.723230 ,  -40.535550 ,2024-11-30 17:02:00,Brasil,PERNAMBUCO,ARARIPINA,Caatinga
 1734901269 ,27295c23-b273-3bf1-bf16-e53821f7675d,   -8.017470 ,  -37.649220 ,2024-11-30 17:02:00,Brasil,PERNAMBUCO,CUSTÓDIA,Caatinga
 1734901271 ,6a52f671-0753-314c-9b15-82f639745f16,   -8.763050 ,  -41.004630 ,2024-11-30 17:02:00,Brasil,PERNAMBUCO,AFRÂNIO,Caatinga
 1734901278 ,6bdccd86-1c3e-3e2c-bb78-b0d2f8f4504b,   -7.595000 ,  -37.725050 ,2024-11-30 17:02:00,Brasil,PERNAMBUCO,SOLIDÃO,Caatinga
 1734901317 ,98cc0389-c977-38cf-91ef-260695106ce1,   -8.009930 ,  -37.659520 ,2024-11-30 17:02:00,Brasil,PERNAMBUCO,CUSTÓDIA,Caatinga
 1734901342 ,c7e50e45-e702-3dfb-b770-1e50879724f8,   -7.907280 ,  -38.032810 ,2024-11-30 17:02:00,Brasil,PERNAMBUCO,TRIUNFO,Caatinga
 1734901345 ,ee2a8f17-b68e-3df2-9725-a0f74e1ffb42,   -7.415420 ,  -37.445880 ,2024-11-30 17:02:00,Brasil,PERNAMBUCO,SANTA TEREZINHA,Caatinga
 1734901350 ,a8e584f3-66f6-312d-84f4-7f226a4929d9,   -8.815820 ,  -36.002950 ,2024-11-30 17:02:00,Brasil,PERNAMBUCO,QUIPAPÁ,Mata Atlântica
 1734901354 ,e4f085f9-a5e0-3864-993f-d25ab5cedb6c,   -7.586920 ,  -40.287440 ,2024-11-30 17:02:00,Brasil,PERNAMBUCO,TRINDADE,Caatinga
 1734901359 ,a205ff8d-401a-385e-a11f-c83fa4b7d110,   -7.697670 ,  -37.169480 ,2024-11-30 17:02:00,Brasil,PERNAMBUCO,SÃO JOSÉ DO EGITO,Caatinga
 1734901365 ,81c78adb-8eb3-3edd-9f5f-d8d35356860b,   -8.827370 ,  -40.878960 ,2024-11-30 17:02:00,Brasil,PERNAMBUCO,PETROLINA,Caatinga
 1734901368 ,6b320a38-a3f7-3a1d-99c2-4279c0ce1f4a,   -7.834290 ,  -35.615390 ,2024-11-30 17:02:00,Brasil,PERNAMBUCO,BOM JARDIM,Caatinga
 1734901380 ,e5097b27-967b-32b6-b45e-2def10e0054d,   -7.978570 ,  -38.646510 ,2024-11-30 17:02:00,Brasil,PERNAMBUCO,SÃO JOSÉ DO BELMONTE,Caatinga
 1734901421 ,48e7bae5-b13c-3aec-9ba6-f8af00e14545,   -8.046520 ,  -39.958820 ,2024-11-30 17:02:00,Brasil,PERNAMBUCO,OURICURI,Caatinga
 1734901427 ,35cf716a-36c6-3aeb-bfd5-3c9ddaecba79,   -8.949920 ,  -37.529270 ,2024-11-30 17:02:00,Brasil,PERNAMBUCO,MANARI,Caatinga
 1734901431 ,9f505d20-1914-3c57-bca5-de8e12613c66,   -7.585540 ,  -40.277730 ,2024-11-30 17:02:00,Brasil,PERNAMBUCO,TRINDADE,Caatinga
 1734901446 ,21ea9037-23fb-3faf-acde-04202bc1ef7f,   -7.655980 ,  -39.997560 ,2024-11-30 17:02:00,Brasil,PERNAMBUCO,BODOCÓ,Caatinga
 1734901457 ,4399d112-8841-34d7-864d-20cf23f86119,   -7.572950 ,  -37.636680 ,2024-11-30 17:02:00,Brasil,PERNAMBUCO,SOLIDÃO,Caatinga
 1734901469 ,364e83d8-2413-37f1-be8d-cb303bd80df7,   -7.382340 ,  -37.410310 ,2024-11-30 17:02:00,Brasil,PERNAMBUCO,SANTA TEREZINHA,Caatinga
 1734901471 ,4a0fd055-56ed-3c76-acb3-8b78c68d0eca,   -8.722110 ,  -35.806260 ,2024-11-30 17:02:00,Brasil,PERNAMBUCO,JAQUEIRA,Mata Atlântica
 1734901472 ,99b42e0e-51c4-38c9-8c6e-220594c9bd86,   -8.828850 ,  -40.889750 ,2024-11-30 17:02:00,Brasil,PERNAMBUCO,PETROLINA,Caatinga
 1734901483 ,6af39c02-4e13-3e6e-a6fe-c74c4133c01d,   -7.524730 ,  -40.303050 ,2024-11-30 17:02:00,Brasil,PERNAMBUCO,ARARIPINA,Caatinga
 1734901486 ,26bc0cbc-b56a-31d7-8a0c-6d171056f12f,   -8.936430 ,  -36.506300 ,2024-11-30 17:02:00,Brasil,PERNAMBUCO,GARANHUNS,Mata Atlântica
 1734901488 ,4a920e60-f40d-39f8-aa96-21cfcc8cb265,   -8.008610 ,  -37.650570 ,2024-11-30 17:02:00,Brasil,PERNAMBUCO,CUSTÓDIA,Caatinga
 1734901502 ,18dcbf46-85e1-3202-a386-2c573711a32b,   -8.373750 ,  -39.664630 ,2024-11-30 17:02:00,Brasil,PERNAMBUCO,OROCÓ,Caatinga
 1734901504 ,6615bc8f-a68d-3a21-9cda-03fbee87d83e,   -7.859570 ,  -40.534950 ,2024-11-30 17:02:00,Brasil,PERNAMBUCO,ARARIPINA,Caatinga
 1734901519 ,e3f2f421-26bb-39c9-8131-5eb12f07fdcf,   -7.856580 ,  -38.561630 ,2024-11-30 17:02:00,Brasil,PERNAMBUCO,SERRA TALHADA,Caatinga
 1734901527 ,c0029b61-b19b-3483-8032-7dc07d422996,   -7.981130 ,  -38.664270 ,2024-11-30 17:02:00,Brasil,PERNAMBUCO,SÃO JOSÉ DO BELMONTE,Caatinga
 1734901541 ,c6fcd329-dc16-3092-8ff4-177dbed2cfa3,   -8.941070 ,  -37.530600 ,2024-11-30 17:02:00,Brasil,PERNAMBUCO,MANARI,Caatinga
 1734901555 ,f767ccb2-6271-3319-973f-d2d25d83a948,   -7.672600 ,  -39.530940 ,2024-11-30 17:02:00,Brasil,PERNAMBUCO,MOREILÂNDIA,Caatinga
 1734901558 ,79a02143-cc3d-33cd-a594-de2b43007443,   -7.845540 ,  -35.624530 ,2024-11-30 17:02:00,Brasil,PERNAMBUCO,JOÃO ALFREDO,Caatinga
 1734901567 ,66090282-a1ef-351d-92a3-5cf2f53f6646,   -8.878780 ,  -35.684900 ,2024-11-30 17:02:00,Brasil,PERNAMBUCO,XEXÉU,Mata Atlântica
 1734901577 ,60828ee6-885f-3885-819b-58af82118ca7,   -7.412120 ,  -40.157000 ,2024-11-30 17:02:00,Brasil,PERNAMBUCO,IPUBI,Caatinga
 1734901579 ,0fc2430e-4314-3c32-9a87-e03ee3a551c5,   -7.526120 ,  -40.312780 ,2024-11-30 17:02:00,Brasil,PERNAMBUCO,ARARIPINA,Caatinga
 1734901582 ,087b922a-39a3-3217-a2e4-61064145f018,   -8.937860 ,  -36.515760 ,2024-11-30 17:02:00,Brasil,PERNAMBUCO,GARANHUNS,Mata Atlântica
 1734901615 ,a786dcd5-2de9-3645-ab2d-7ede9e4b90a2,   -8.727090 ,  -35.798710 ,2024-11-30 17:02:00,Brasil,PERNAMBUCO,JAQUEIRA,Mata Atlântica
 1734901619 ,f70b72dc-50ad-3ff7-a4ae-2be261792529,   -7.898900 ,  -36.043530 ,2024-11-30 17:02:00,Brasil,PERNAMBUCO,TAQUARITINGA DO NORTE,Caatinga
 1735154670 ,ea3c3e3d-7296-35b1-932b-7b4dceb3c63c,   -8.507170 ,  -40.299570 ,2024-12-02 16:41:00,Brasil,PERNAMBUCO,SANTA CRUZ,Caatinga
 1735154698 ,75ff99f4-8d35-3bf3-bf25-4a9bf5d5321b,   -8.556860 ,  -37.091480 ,2024-12-02 16:41:00,Brasil,PERNAMBUCO,BUÍQUE,Caatinga
 1735154720 ,d7429fd8-d68f-36b0-8f5b-1420730ab63f,   -8.026490 ,  -38.624370 ,2024-12-02 16:41:00,Brasil,PERNAMBUCO,SÃO JOSÉ DO BELMONTE,Caatinga
 1735154721 ,06a8d743-8318-3e6d-94ea-99fe2c968104,   -7.683880 ,  -35.544460 ,2024-12-02 16:41:00,Brasil,PERNAMBUCO,OROBÓ,Caatinga
 1735154730 ,53a828a3-62d8-3e1c-a7b4-a5e0551e8205,   -7.682450 ,  -35.534570 ,2024-12-02 16:41:00,Brasil,PERNAMBUCO,OROBÓ,Caatinga
 1735154732 ,3fb7be14-2838-3242-8d30-c35ccc1b0052,   -8.029660 ,  -38.628860 ,2024-12-02 16:41:00,Brasil,PERNAMBUCO,SÃO JOSÉ DO BELMONTE,Caatinga
 1735154769 ,945400ad-e89a-3c2a-bd7e-01ed4043d35d,   -8.549450 ,  -36.515140 ,2024-12-02 16:41:00,Brasil,PERNAMBUCO,SÃO BENTO DO UNA,Caatinga
 1735154794 ,490bf03a-ad8b-3e21-8519-f9473c5e28e4,   -8.623420 ,  -39.210050 ,2024-12-02 16:41:00,Brasil,PERNAMBUCO,BELÉM DO SÃO FRANCISCO,Caatinga
 1735154803 ,73438e67-2701-3db4-a0c6-c2b9a67f3327,   -8.516770 ,  -40.291130 ,2024-12-02 16:41:00,Brasil,PERNAMBUCO,LAGOA GRANDE,Caatinga
 1735154848 ,1780ef2d-2998-3d9c-982e-a465f3e8e884,   -7.908600 ,  -38.335770 ,2024-12-02 16:41:00,Brasil,PERNAMBUCO,SERRA TALHADA,Caatinga
 1735291244 ,6ef67376-c389-3cc8-99df-45f446ef1baa,   -7.896550 ,  -40.216590 ,2024-12-03 17:21:00,Brasil,PERNAMBUCO,OURICURI,Caatinga
 1735291367 ,1b5aec0c-1058-31cc-8711-1e7a7128d48b,   -7.833470 ,  -40.477600 ,2024-12-03 17:21:00,Brasil,PERNAMBUCO,ARARIPINA,Caatinga
 1735291458 ,5f7d6c03-eda9-347a-bdc1-e457db424687,   -7.787050 ,  -40.109440 ,2024-12-03 17:21:00,Brasil,PERNAMBUCO,OURICURI,Caatinga
 1735291487 ,5ac8af1b-c355-3bf1-85c0-acd713d8d78e,   -8.570100 ,  -39.592930 ,2024-12-03 17:21:00,Brasil,PERNAMBUCO,OROCÓ,Caatinga
 1735291525 ,881fe3f2-d85a-3c5b-8da4-d7f4c9948022,   -7.896080 ,  -39.304270 ,2024-12-03 17:21:00,Brasil,PERNAMBUCO,SERRITA,Caatinga
 1735291546 ,87750529-4350-3280-91da-2b86c5884a4a,   -7.894770 ,  -40.205050 ,2024-12-03 17:21:00,Brasil,PERNAMBUCO,OURICURI,Caatinga
 1735291554 ,0268b395-8771-34d5-981b-31f917704dc2,   -7.517630 ,  -40.219470 ,2024-12-03 17:21:00,Brasil,PERNAMBUCO,IPUBI,Caatinga
 1735291692 ,f51d3555-f2d6-388c-855f-e5b71eb8a336,   -7.889590 ,  -39.298290 ,2024-12-03 17:21:00,Brasil,PERNAMBUCO,SERRITA,Caatinga
 1735291587 ,32d69560-687c-3b4f-86a7-870148a0fbbf,   -7.930410 ,  -39.244140 ,2024-12-03 17:21:00,Brasil,PERNAMBUCO,SERRITA,Caatinga
 1735291642 ,92e09bd9-8dbc-3dc1-b1a4-4998389486c5,   -7.806440 ,  -39.117470 ,2024-12-03 17:21:00,Brasil,PERNAMBUCO,SALGUEIRO,Caatinga
 1735291711 ,371d669a-1138-39da-98b1-61ef6784a245,   -7.867030 ,  -39.503530 ,2024-12-03 17:21:00,Brasil,PERNAMBUCO,SERRITA,Caatinga
 1735291717 ,fd2ffb33-34d6-3e86-be90-4875e5f9aa5f,   -7.804270 ,  -39.103680 ,2024-12-03 17:21:00,Brasil,PERNAMBUCO,SALGUEIRO,Caatinga
 1735291726 ,05bf6689-669a-334e-915b-da94f9f22508,   -8.427220 ,  -40.801710 ,2024-12-03 17:21:00,Brasil,PERNAMBUCO,DORMENTES,Caatinga
 1735291768 ,d163046e-df53-3e68-b17c-673835e40cc3,   -8.189520 ,  -40.522000 ,2024-12-03 17:21:00,Brasil,PERNAMBUCO,SANTA FILOMENA,Caatinga
 1735291794 ,174bb130-d4b9-320f-a5fc-4f72d9a0e202,   -7.893940 ,  -39.290900 ,2024-12-03 17:21:00,Brasil,PERNAMBUCO,SERRITA,Caatinga
 1735291828 ,1183e8c3-3a5a-3a65-972d-2f7f10505041,   -8.425600 ,  -40.791140 ,2024-12-03 17:21:00,Brasil,PERNAMBUCO,DORMENTES,Caatinga
 1734612945 ,69cb8011-d255-38ae-993a-4bfdd1791202,   -8.403010 ,  -37.123300 ,2024-11-28 17:19:00,Brasil,PERNAMBUCO,ARCOVERDE,Caatinga
 1734613139 ,e185d14a-b089-358e-a380-714d57cbfc36,   -8.400080 ,  -37.105660 ,2024-11-28 17:19:00,Brasil,PERNAMBUCO,ARCOVERDE,Caatinga
 1734613226 ,b4fabb6f-9ae7-30de-9b18-6aa3f1a422ca,   -7.472280 ,  -37.398750 ,2024-11-28 17:19:00,Brasil,PERNAMBUCO,SANTA TEREZINHA,Caatinga
 1734613250 ,01922b8d-20ce-3d1a-8880-e444aa3dbea9,   -7.407970 ,  -40.396060 ,2024-11-28 17:19:00,Brasil,PERNAMBUCO,ARARIPINA,Caatinga
 1734613301 ,133b7e36-c6b5-32e5-97dd-194ecccb8935,   -7.906530 ,  -38.673530 ,2024-11-28 17:19:00,Brasil,PERNAMBUCO,SÃO JOSÉ DO BELMONTE,Caatinga
 1734613413 ,6f76a008-de7c-3f78-99a1-3dca18f52ba7,   -8.409460 ,  -37.109710 ,2024-11-28 17:19:00,Brasil,PERNAMBUCO,ARCOVERDE,Caatinga
 1734613424 ,fb945901-24f3-31a9-b1e8-05892da060d3,   -8.409680 ,  -40.181310 ,2024-11-28 17:19:00,Brasil,PERNAMBUCO,SANTA CRUZ,Caatinga
 1734613537 ,e325dcb4-fb2b-3bdb-9778-54d4f0afd303,   -7.406340 ,  -40.385240 ,2024-11-28 17:19:00,Brasil,PERNAMBUCO,ARARIPINA,Caatinga
 1734613834 ,603fd6ab-567d-3a31-8bfd-23bce2fb62f3,   -7.467920 ,  -40.511830 ,2024-11-28 17:19:00,Brasil,PERNAMBUCO,ARARIPINA,Caatinga
 1734475961 ,fac89cee-b470-351d-a583-76d1bddce768,   -7.991730 ,  -38.500390 ,2024-11-27 16:39:00,Brasil,PERNAMBUCO,SERRA TALHADA,Caatinga
 1734475962 ,4bbd84aa-8e88-3efd-9edf-2b33b458e988,   -7.754580 ,  -37.835450 ,2024-11-27 16:39:00,Brasil,PERNAMBUCO,QUIXABA,Caatinga
 1734475964 ,a93e9793-9a74-3e2a-be51-3dbdb453f1b1,   -8.549990 ,  -35.666840 ,2024-11-27 16:39:00,Brasil,PERNAMBUCO,PALMARES,Mata Atlântica
 1734475977 ,ef96a155-cc85-3343-9aca-feb0b97ef915,   -8.117840 ,  -35.073520 ,2024-11-27 16:39:00,Brasil,PERNAMBUCO,JABOATÃO DOS GUARARAPES,Mata Atlântica
 1734475990 ,c0f36d15-f69a-337f-8c1f-50e6d0bb0358,   -7.996930 ,  -36.329870 ,2024-11-27 16:39:00,Brasil,PERNAMBUCO,BREJO DA MADRE DE DEUS,Caatinga
 1734476001 ,5398070e-7a7f-3444-ab75-6e896ef4c0c4,   -8.626320 ,  -36.001370 ,2024-11-27 16:39:00,Brasil,PERNAMBUCO,PANELAS,Mata Atlântica
 1734476029 ,610486df-c8c0-3eef-92db-058652f4a036,   -7.740050 ,  -35.142290 ,2024-11-27 16:39:00,Brasil,PERNAMBUCO,TRACUNHAÉM,Mata Atlântica
 1734476054 ,4024e7ab-9c4c-3243-a7c4-a960c3571d18,   -8.867360 ,  -35.162390 ,2024-11-27 16:39:00,Brasil,PERNAMBUCO,SÃO JOSÉ DA COROA GRANDE,Mata Atlântica
 1734476072 ,e465de18-f388-3e1b-9286-02367be1acac,   -8.095080 ,  -35.297000 ,2024-11-27 16:39:00,Brasil,PERNAMBUCO,VITÓRIA DE SANTO ANTÃO,Mata Atlântica
 1734476076 ,fe7079b6-73d8-35a6-8edf-d4e672ae1225,   -8.096520 ,  -35.307070 ,2024-11-27 16:39:00,Brasil,PERNAMBUCO,VITÓRIA DE SANTO ANTÃO,Mata Atlântica
 1734476081 ,ae02a4dc-a89a-30ea-a35a-c46c6b44ac23,   -7.865010 ,  -37.567650 ,2024-11-27 16:39:00,Brasil,PERNAMBUCO,IGUARACY,Caatinga
 1734476094 ,30e55e63-886b-3239-abac-4815265a4363,   -7.933040 ,  -35.657510 ,2024-11-27 16:39:00,Brasil,PERNAMBUCO,SURUBIM,Caatinga
 1734476096 ,255f10f3-e6f5-31d0-aa87-be06b793d055,   -8.629850 ,  -40.458400 ,2024-11-27 16:39:00,Brasil,PERNAMBUCO,DORMENTES,Caatinga
 1734476108 ,27952e29-5831-3bad-8f31-9e73eca878ff,   -7.654590 ,  -40.523040 ,2024-11-27 16:39:00,Brasil,PERNAMBUCO,ARARIPINA,Caatinga
 1734476115 ,551d9437-86d8-350e-9234-ce8e0670adfa,   -7.687320 ,  -39.385250 ,2024-11-27 16:39:00,Brasil,PERNAMBUCO,SERRITA,Caatinga
 1734476141 ,22edfe9d-728c-34c5-8cc9-699d5123d9a6,   -8.337700 ,  -35.845510 ,2024-11-27 16:39:00,Brasil,PERNAMBUCO,BEZERROS,Caatinga
 1734476148 ,b04bd9b6-983c-36b0-a2a0-f03ac6ce99d5,   -7.994140 ,  -38.490170 ,2024-11-27 16:39:00,Brasil,PERNAMBUCO,SERRA TALHADA,Caatinga
 1734476166 ,cf761589-fb05-362a-9aad-6f864b6e24fc,   -7.858420 ,  -37.576130 ,2024-11-27 16:39:00,Brasil,PERNAMBUCO,IGUARACY,Caatinga
 1734476167 ,26040d58-6854-3120-967c-7424d4f77498,   -8.507880 ,  -36.700210 ,2024-11-27 16:39:00,Brasil,PERNAMBUCO,ALAGOINHA,Caatinga
 1734476169 ,d3394301-64c5-37ef-bf0c-88ac41f0e55c,   -8.418750 ,  -36.496760 ,2024-11-27 16:39:00,Brasil,PERNAMBUCO,SÃO BENTO DO UNA,Caatinga
 1734476195 ,7a18f1ec-90a0-3616-a44e-1168460b6352,   -7.743450 ,  -37.836940 ,2024-11-27 16:39:00,Brasil,PERNAMBUCO,QUIXABA,Caatinga
 1734476201 ,8db80c14-72a6-35d7-ab7d-9a6529900479,   -8.626610 ,  -40.434280 ,2024-11-27 16:39:00,Brasil,PERNAMBUCO,LAGOA GRANDE,Caatinga
 1734476234 ,21fc0db7-c335-32a2-928a-70fab77d8b1e,   -7.989620 ,  -38.484250 ,2024-11-27 16:39:00,Brasil,PERNAMBUCO,SERRA TALHADA,Caatinga
 1734476251 ,adcadfc0-8aa2-3774-869c-ff6cdb24adb7,   -8.865930 ,  -35.152210 ,2024-11-27 16:39:00,Brasil,PERNAMBUCO,SÃO JOSÉ DA COROA GRANDE,Mata Atlântica
 1734476258 ,3c102ac9-035c-3463-9411-a10f0a7edb63,   -8.339250 ,  -35.856540 ,2024-11-27 16:39:00,Brasil,PERNAMBUCO,BEZERROS,Caatinga
 1734476262 ,5af69cc0-269c-3990-8b4a-cc5353292584,   -8.627890 ,  -36.012610 ,2024-11-27 16:39:00,Brasil,PERNAMBUCO,PANELAS,Mata Atlântica
 1734476308 ,f52216b0-c512-3bf8-9990-bea391f45a7d,   -8.621400 ,  -40.452630 ,2024-11-27 16:39:00,Brasil,PERNAMBUCO,DORMENTES,Caatinga
 1734476309 ,96de2669-b18f-3dde-9e70-71cf1cf6d424,   -8.030750 ,  -35.316500 ,2024-11-27 16:39:00,Brasil,PERNAMBUCO,GLÓRIA DO GOITÁ,Mata Atlântica
 1735343541 ,f0fe6333-bf29-367e-9044-27cf899839ed,   -7.758530 ,  -37.280780 ,2024-12-04 16:24:00,Brasil,PERNAMBUCO,IGUARACY,Caatinga
 1735344411 ,8ee46273-69f2-38ac-b940-bdb16c462c75,   -7.681060 ,  -37.633090 ,2024-12-04 16:24:00,Brasil,PERNAMBUCO,AFOGADOS DA INGAZEIRA,Caatinga
 1735344506 ,d33e31e1-8f6d-38b4-a1d6-93010335094a,   -8.469460 ,  -35.048260 ,2024-12-04 16:24:00,Brasil,PERNAMBUCO,IPOJUCA,Mata Atlântica
 1735344942 ,d2e72408-622f-360f-9d2f-6a846b7dcb1b,   -8.605280 ,  -35.483680 ,2024-12-04 16:24:00,Brasil,PERNAMBUCO,ÁGUA PRETA,Mata Atlântica
 1735346091 ,2bc00748-c479-38f7-81bf-59df6dced76d,   -7.685920 ,  -37.637360 ,2024-12-04 16:24:00,Brasil,PERNAMBUCO,AFOGADOS DA INGAZEIRA,Caatinga
 1735518138 ,46f97f78-eda1-37cd-ae0e-efb3fa424cd2,   -8.210230 ,  -36.006070 ,2024-12-05 17:04:00,Brasil,PERNAMBUCO,CARUARU,Mata Atlântica
 1735518158 ,e58b1b77-0aaf-33ec-a233-3921e6680b48,   -7.764020 ,  -37.376460 ,2024-12-05 17:04:00,Brasil,PERNAMBUCO,INGAZEIRA,Caatinga
 1735518172 ,3f6f75a5-cac1-3dfe-aa81-c1b9376f5cb1,   -7.741680 ,  -40.202000 ,2024-12-05 17:04:00,Brasil,PERNAMBUCO,OURICURI,Caatinga
 1735518186 ,29a91e6f-cd2e-326d-a949-ac8d762ea1c2,   -7.740360 ,  -40.192640 ,2024-12-05 17:04:00,Brasil,PERNAMBUCO,OURICURI,Caatinga
 1735518202 ,9b4c5260-93da-37e3-bdd2-e357a5ccba4c,   -7.664180 ,  -40.171200 ,2024-12-05 17:04:00,Brasil,PERNAMBUCO,IPUBI,Caatinga
 1735518207 ,34df24a8-3a23-3b24-907e-b9c50f4c2336,   -7.441670 ,  -39.904240 ,2024-12-05 17:04:00,Brasil,PERNAMBUCO,EXU,Caatinga
 1735518237 ,802f0e1e-4bf2-38da-b867-b5c4eab6cf12,   -8.749730 ,  -35.784840 ,2024-12-05 17:04:00,Brasil,PERNAMBUCO,JAQUEIRA,Mata Atlântica
 1735518242 ,c9c44a45-568e-337d-a44d-2cefb6d93e6e,   -8.206370 ,  -36.001460 ,2024-12-05 17:04:00,Brasil,PERNAMBUCO,CARUARU,Mata Atlântica
 1735518260 ,8c8c0226-c774-34b3-a7f8-ce7dcd7f4b75,   -7.581700 ,  -40.113750 ,2024-12-05 17:04:00,Brasil,PERNAMBUCO,BODOCÓ,Caatinga
 1735518271 ,3afb81d5-9afa-3702-87e5-676b4046c28c,   -7.502390 ,  -39.815740 ,2024-12-05 17:04:00,Brasil,PERNAMBUCO,EXU,Caatinga
 1735518273 ,57f8e9fc-7547-3c17-a28b-7d17a65612ed,   -7.446460 ,  -37.471690 ,2024-12-05 17:04:00,Brasil,PERNAMBUCO,SANTA TEREZINHA,Caatinga
 1735518277 ,c7dc747d-f153-321b-ad93-894bdabfa8e9,   -7.762210 ,  -40.151330 ,2024-12-05 17:04:00,Brasil,PERNAMBUCO,OURICURI,Caatinga
 1735518289 ,4cdba850-e9c0-3912-ab37-f8acc1df47d9,   -8.401880 ,  -40.305330 ,2024-12-05 17:04:00,Brasil,PERNAMBUCO,SANTA CRUZ,Caatinga
 1735518299 ,ded241a0-939d-37c7-a74b-72fc88c4c667,   -7.719410 ,  -40.110010 ,2024-12-05 17:04:00,Brasil,PERNAMBUCO,OURICURI,Caatinga
 1735518330 ,0bdbcb52-0206-370e-93c3-5f537e5f0993,   -7.580380 ,  -40.104530 ,2024-12-05 17:04:00,Brasil,PERNAMBUCO,BODOCÓ,Caatinga
 1735518351 ,1c7629c0-0cbe-344f-8b9e-5508f3803567,   -7.595300 ,  -40.273430 ,2024-12-05 17:04:00,Brasil,PERNAMBUCO,TRINDADE,Caatinga
 1735518372 ,6ac2ed73-e6b5-3d62-88e2-60b63910d521,   -7.665510 ,  -40.180510 ,2024-12-05 17:04:00,Brasil,PERNAMBUCO,IPUBI,Caatinga
 1735518382 ,73768260-7891-31be-9aed-17dafb64ce35,   -7.720740 ,  -40.119340 ,2024-12-05 17:04:00,Brasil,PERNAMBUCO,OURICURI,Caatinga
 1735518385 ,68b2c62e-65df-3d96-9dc0-d802abc29f7d,   -7.763540 ,  -40.160640 ,2024-12-05 17:04:00,Brasil,PERNAMBUCO,OURICURI,Caatinga
 1735518388 ,de728128-61b9-3692-83ce-30a27fccda95,   -7.648380 ,  -39.358760 ,2024-12-05 17:04:00,Brasil,PERNAMBUCO,SERRITA,Caatinga
 1735518391 ,3ab9ee3c-8ad5-3ede-9dc3-80a4b228ecbd,   -7.649670 ,  -39.367730 ,2024-12-05 17:04:00,Brasil,PERNAMBUCO,SERRITA,Caatinga
 1735518396 ,2be68bce-9a13-3a10-b343-55e7fabee486,   -8.006840 ,  -38.893570 ,2024-12-05 17:04:00,Brasil,PERNAMBUCO,VERDEJANTE,Caatinga
 1735518401 ,5f2e9dc5-4ced-3def-aecd-d616cd8008f8,   -8.022130 ,  -39.517910 ,2024-12-05 17:04:00,Brasil,PERNAMBUCO,PARNAMIRIM,Caatinga
 1735518417 ,6d623683-38ee-3e57-8923-f7ffb33bedf4,   -8.314180 ,  -36.556450 ,2024-12-05 17:04:00,Brasil,PERNAMBUCO,SANHARÓ,Caatinga
 1735518422 ,328b2bec-7af1-3767-9985-8feeae81eeb0,   -8.029740 ,  -39.507580 ,2024-12-05 17:04:00,Brasil,PERNAMBUCO,PARNAMIRIM,Caatinga
 1735518426 ,b9cf65ee-fba9-338c-ac25-c38195b3636a,   -7.569380 ,  -39.964060 ,2024-12-05 17:04:00,Brasil,PERNAMBUCO,BODOCÓ,Caatinga
 1735518440 ,d23f06ef-0a7d-31a9-8f08-ff86651ebfb7,   -8.020830 ,  -39.508890 ,2024-12-05 17:04:00,Brasil,PERNAMBUCO,PARNAMIRIM,Caatinga
 1735518443 ,43129f5a-5aef-347e-bde7-1aa31b447b21,   -8.031030 ,  -39.516620 ,2024-12-05 17:04:00,Brasil,PERNAMBUCO,PARNAMIRIM,Caatinga
 1735518446 ,29cc3db9-136f-3fcf-8b0b-bceb1aee1780,   -8.312670 ,  -36.546530 ,2024-12-05 17:04:00,Brasil,PERNAMBUCO,SANHARÓ,Caatinga
 1735518450 ,16836af2-bb9a-3683-8f88-5cdf427ef5ff,   -7.570700 ,  -39.973250 ,2024-12-05 17:04:00,Brasil,PERNAMBUCO,BODOCÓ,Caatinga
 1736054562 ,4d528d50-5534-3733-978a-7c84a8c9f52a,   -7.935700 ,  -35.269580 ,2024-12-09 16:24:00,Brasil,PERNAMBUCO,LAGOA DE ITAENGA,Mata Atlântica
 1736054565 ,a83b0d2c-d05b-39a1-8fb0-4cb4cb497cc0,   -8.370930 ,  -36.883300 ,2024-12-09 16:24:00,Brasil,PERNAMBUCO,PESQUEIRA,Caatinga
 1736054569 ,c33f85da-bfa6-3f9c-947e-de20a587ebc8,   -8.385360 ,  -36.881810 ,2024-12-09 16:24:00,Brasil,PERNAMBUCO,PESQUEIRA,Caatinga
 1736054584 ,499e5e3d-2fd1-3703-8e3d-e9aaef45397d,   -8.350780 ,  -35.922240 ,2024-12-09 16:24:00,Brasil,PERNAMBUCO,CARUARU,Caatinga
 1736054609 ,bdc6f971-6aab-3079-b75c-775656110d5b,   -8.382080 ,  -36.856770 ,2024-12-09 16:24:00,Brasil,PERNAMBUCO,PESQUEIRA,Caatinga
 1736054620 ,8c6f5a8b-5627-30d9-b59e-9763afe86b0b,   -8.038860 ,  -35.243560 ,2024-12-09 16:24:00,Brasil,PERNAMBUCO,CHÃ DE ALEGRIA,Mata Atlântica
 1736054621 ,a76a355c-28f5-3eba-8684-cd93f2008133,   -7.936790 ,  -35.264350 ,2024-12-09 16:24:00,Brasil,PERNAMBUCO,LAGOA DE ITAENGA,Mata Atlântica
 1736054665 ,b49c56f5-369f-37b1-a10d-0e3cdc968696,   -8.367650 ,  -36.857970 ,2024-12-09 16:24:00,Brasil,PERNAMBUCO,PESQUEIRA,Caatinga
 1736054669 ,81664cdf-ed11-39bf-878d-9c4128ece65b,   -7.933120 ,  -35.250900 ,2024-12-09 16:24:00,Brasil,PERNAMBUCO,PAUDALHO,Mata Atlântica
 1736224447 ,c3334397-e3ff-39ce-a372-c8dba52e4dca,   -7.853990 ,  -38.483570 ,2024-12-10 17:04:00,Brasil,PERNAMBUCO,SERRA TALHADA,Caatinga
 1736224464 ,46694b66-5c07-34a5-b3eb-f8df881c04ae,   -7.819890 ,  -38.130550 ,2024-12-10 17:04:00,Brasil,PERNAMBUCO,SANTA CRUZ DA BAIXA VERDE,Caatinga
 1736224467 ,3103dce0-2430-3c9a-8e10-1e9c337cf2b6,   -8.660630 ,  -35.837300 ,2024-12-10 17:04:00,Brasil,PERNAMBUCO,LAGOA DOS GATOS,Mata Atlântica
 1736224485 ,b187ba40-4930-3375-8384-25a0bef20c86,   -8.539320 ,  -40.687210 ,2024-12-10 17:04:00,Brasil,PERNAMBUCO,DORMENTES,Caatinga
 1736224489 ,77eb26e4-8cb2-36d4-a254-2e191bfa1b6a,   -8.078360 ,  -35.390640 ,2024-12-10 17:04:00,Brasil,PERNAMBUCO,VITÓRIA DE SANTO ANTÃO,Mata Atlântica
 1736224491 ,de989d36-8dcc-363e-a6c7-cfc83f4303a8,   -8.122610 ,  -38.186260 ,2024-12-10 17:04:00,Brasil,PERNAMBUCO,SERRA TALHADA,Caatinga
 1736224504 ,7b0bdb95-a90a-3a30-a42c-77f5710692f8,   -8.500460 ,  -35.532540 ,2024-12-10 17:04:00,Brasil,PERNAMBUCO,JOAQUIM NABUCO,Mata Atlântica
 1736224554 ,aa3909aa-3b96-3bbd-b35f-5001687d913e,   -7.698100 ,  -39.573490 ,2024-12-10 17:04:00,Brasil,PERNAMBUCO,MOREILÂNDIA,Caatinga
 1736224586 ,6704e796-1193-3099-be64-520cabaff26b,   -7.680000 ,  -37.629560 ,2024-12-10 17:04:00,Brasil,PERNAMBUCO,AFOGADOS DA INGAZEIRA,Caatinga
 1736224587 ,444a55ba-cf1f-3f45-b013-626b4a751f0c,   -7.490670 ,  -39.868500 ,2024-12-10 17:04:00,Brasil,PERNAMBUCO,EXU,Caatinga
 1736224617 ,e4247120-ad1c-3ed4-84d0-3bbfcd95f968,   -7.960310 ,  -39.790760 ,2024-12-10 17:04:00,Brasil,PERNAMBUCO,PARNAMIRIM,Caatinga
 1736224769 ,88bc017a-e12b-332b-ab8a-f494f39415f3,   -7.650050 ,  -40.072590 ,2024-12-10 17:04:00,Brasil,PERNAMBUCO,BODOCÓ,Caatinga
 1736224797 ,eaa134af-61f5-3c7a-8340-37070ef33a47,   -7.619220 ,  -39.482770 ,2024-12-10 17:04:00,Brasil,PERNAMBUCO,MOREILÂNDIA,Caatinga
 1736224807 ,092082b9-8d93-35ca-9e46-89f63f886fcd,   -8.440950 ,  -35.809730 ,2024-12-10 17:04:00,Brasil,PERNAMBUCO,SÃO JOAQUIM DO MONTE,Mata Atlântica
 1736224863 ,30174de1-10f4-389c-a9b1-0663658f2b76,   -9.004740 ,  -36.200000 ,2024-12-10 17:04:00,Brasil,PERNAMBUCO,CANHOTINHO,Mata Atlântica
 1736224925 ,69d60644-e6a2-3580-a7d3-df3a0e5236ab,   -7.961600 ,  -39.799740 ,2024-12-10 17:04:00,Brasil,PERNAMBUCO,PARNAMIRIM,Caatinga
 1736224970 ,f32d153e-40c1-3769-9b95-ed0041736e43,   -8.439890 ,  -36.797110 ,2024-12-10 17:04:00,Brasil,PERNAMBUCO,ALAGOINHA,Caatinga
 1736225003 ,343cbc08-2719-3073-afea-3c757051af5f,   -7.956570 ,  -39.828000 ,2024-12-10 17:04:00,Brasil,PERNAMBUCO,BODOCÓ,Caatinga
 1736225020 ,ddee4c8e-3b65-3b9a-b193-79d05fab5a17,   -8.662440 ,  -35.848870 ,2024-12-10 17:04:00,Brasil,PERNAMBUCO,LAGOA DOS GATOS,Mata Atlântica
 1736225035 ,ea059424-eda8-3436-ba3f-492c3ab1b2ca,   -9.003120 ,  -36.189510 ,2024-12-10 17:04:00,Brasil,PERNAMBUCO,CANHOTINHO,Mata Atlântica
 1736225117 ,d1244286-d029-306f-85f7-a4d9af6e3d83,   -7.852670 ,  -38.474640 ,2024-12-10 17:04:00,Brasil,PERNAMBUCO,SERRA TALHADA,Caatinga
 1736225118 ,ebe69636-4c70-30c8-9dc5-11a947710e0f,   -7.509140 ,  -40.058800 ,2024-12-10 17:04:00,Brasil,PERNAMBUCO,BODOCÓ,Caatinga
 1736225143 ,c06177e4-0e8b-3059-b798-2e25b0476f51,   -8.652700 ,  -35.721830 ,2024-12-10 17:04:00,Brasil,PERNAMBUCO,CATENDE,Mata Atlântica
 1736225153 ,8dbb02e8-187a-3ab0-8492-0cbc81df8f97,   -7.532680 ,  -39.956720 ,2024-12-10 17:04:00,Brasil,PERNAMBUCO,BODOCÓ,Caatinga
 1736225157 ,4cc557b1-de39-3f58-9ddd-9a6add892498,   -7.470760 ,  -37.401820 ,2024-12-10 17:04:00,Brasil,PERNAMBUCO,SANTA TEREZINHA,Caatinga
 1736225238 ,54f2e90e-4373-3fab-aa11-6dadbb392541,   -7.642020 ,  -39.373170 ,2024-12-10 17:04:00,Brasil,PERNAMBUCO,SERRITA,Caatinga
 1736225263 ,860c5e8e-e548-3928-aba1-08e2736a238b,   -7.683210 ,  -38.655760 ,2024-12-10 17:04:00,Brasil,PERNAMBUCO,SÃO JOSÉ DO BELMONTE,Caatinga
 1736225308 ,ed5b82ab-2bce-3409-87f7-f557e9fb2cea,   -7.533970 ,  -39.965720 ,2024-12-10 17:04:00,Brasil,PERNAMBUCO,BODOCÓ,Caatinga
 1736225317 ,56a07e74-e0c0-3448-a4ef-6c3957dd70a4,   -7.489380 ,  -39.859550 ,2024-12-10 17:04:00,Brasil,PERNAMBUCO,EXU,Caatinga
 1736225385 ,b86a3058-b553-3735-8577-393e3f24f430,   -7.416460 ,  -40.498470 ,2024-12-10 17:04:00,Brasil,PERNAMBUCO,ARARIPINA,Caatinga
 1736225440 ,e197f8d5-f315-38ab-a277-72e5d0fbe74e,   -7.620510 ,  -39.491650 ,2024-12-10 17:04:00,Brasil,PERNAMBUCO,MOREILÂNDIA,Caatinga
 1736225472 ,10661c52-5519-3ad3-a7e1-b4d89429661b,   -7.415150 ,  -40.489200 ,2024-12-10 17:04:00,Brasil,PERNAMBUCO,ARARIPINA,Caatinga
 1736225566 ,991b7411-78b7-3bf5-9f4a-f31e4bf736ec,   -7.701570 ,  -39.975420 ,2024-12-10 17:04:00,Brasil,PERNAMBUCO,BODOCÓ,Caatinga
 1736225578 ,7fd135bf-411e-3733-b511-c1f26ef52772,   -8.671050 ,  -41.018420 ,2024-12-10 17:04:00,Brasil,PERNAMBUCO,AFRÂNIO,Caatinga
 1736225587 ,53cb8ddc-1829-3319-b162-64aeded53bf0,   -8.502300 ,  -35.544600 ,2024-12-10 17:04:00,Brasil,PERNAMBUCO,JOAQUIM NABUCO,Mata Atlântica
 1736225598 ,44c09f99-16e5-3501-812f-75ceb4941f0e,   -8.145470 ,  -40.506080 ,2024-12-10 17:04:00,Brasil,PERNAMBUCO,SANTA FILOMENA,Caatinga
 1736225616 ,8035d669-5054-3c45-8b0a-3fa69d0f9dd0,   -8.500540 ,  -37.070800 ,2024-12-10 17:04:00,Brasil,PERNAMBUCO,BUÍQUE,Caatinga
 1736225658 ,977a392d-2bc0-3e52-8eb9-a5ffc2746922,   -8.794380 ,  -35.447850 ,2024-12-10 17:04:00,Brasil,PERNAMBUCO,ÁGUA PRETA,Mata Atlântica
 1736464116 ,61ba66c3-c1b1-3678-8b26-a41d74860552,   -7.618050 ,  -37.490720 ,2024-12-12 16:47:00,Brasil,PERNAMBUCO,TABIRA,Caatinga
 1736464117 ,76e9184d-23e9-3957-8a25-d9e1fa186f13,   -7.997320 ,  -37.354330 ,2024-12-12 16:47:00,Brasil,PERNAMBUCO,SERTÂNIA,Caatinga
 1736464135 ,e0faa099-d1b0-3a80-9d0d-7717123cff29,   -8.851140 ,  -35.208350 ,2024-12-12 16:47:00,Brasil,PERNAMBUCO,SÃO JOSÉ DA COROA GRANDE,Mata Atlântica
 1736464148 ,0eca5958-f707-38ea-bdd6-e52083a187be,   -7.475290 ,  -37.493240 ,2024-12-12 16:47:00,Brasil,PERNAMBUCO,TABIRA,Caatinga
 1736464160 ,a09497b1-d016-32be-8a5e-d72dd31bd33e,   -8.656880 ,  -37.166340 ,2024-12-12 16:47:00,Brasil,PERNAMBUCO,BUÍQUE,Caatinga
 1736464176 ,92250132-ecd5-369d-8848-fc114bbb1b5b,   -7.529330 ,  -37.590660 ,2024-12-12 16:47:00,Brasil,PERNAMBUCO,TABIRA,Caatinga
 1736464199 ,376301b1-bd5c-303e-b176-9ae9a54fff80,   -8.041180 ,  -37.447800 ,2024-12-12 16:47:00,Brasil,PERNAMBUCO,SERTÂNIA,Caatinga
 1736464210 ,8f112df0-27c4-39b0-99a3-469286120dfb,   -7.752260 ,  -37.945580 ,2024-12-12 16:47:00,Brasil,PERNAMBUCO,QUIXABA,Caatinga
 1736464215 ,4cb03402-2cf8-3eb9-ab0b-0523e82cc201,   -7.473750 ,  -37.482030 ,2024-12-12 16:47:00,Brasil,PERNAMBUCO,TABIRA,Caatinga
 1736464225 ,a659cbbe-8468-313e-8eae-e0a821f6224c,   -8.462290 ,  -36.947490 ,2024-12-12 16:47:00,Brasil,PERNAMBUCO,PEDRA,Caatinga
 1736464254 ,0cdd4979-f290-3f33-bf27-cdac9b0bfb35,   -7.572200 ,  -40.304240 ,2024-12-12 16:47:00,Brasil,PERNAMBUCO,ARARIPINA,Caatinga
 1736464259 ,7ac92901-b227-3fbd-8b5e-e6ecb66c46a2,   -7.673320 ,  -39.974710 ,2024-12-12 16:47:00,Brasil,PERNAMBUCO,BODOCÓ,Caatinga
 1736464278 ,b51762a5-07ba-337e-be41-747bb6aed578,   -7.409690 ,  -39.646190 ,2024-12-12 16:47:00,Brasil,PERNAMBUCO,EXU,Caatinga
 1736464285 ,eb38cd5d-00c5-34cd-b84d-9a39c9898c91,   -8.082370 ,  -35.118460 ,2024-12-12 16:47:00,Brasil,PERNAMBUCO,MORENO,Mata Atlântica
 1736464301 ,fb12c93e-bf05-3c5f-a80e-c3e1016ad983,   -7.658220 ,  -39.531890 ,2024-12-12 16:47:00,Brasil,PERNAMBUCO,MOREILÂNDIA,Caatinga
 1736464302 ,a75573c5-5635-36c1-a195-7abc9c8a21ab,   -8.002780 ,  -35.330750 ,2024-12-12 16:47:00,Brasil,PERNAMBUCO,GLÓRIA DO GOITÁ,Mata Atlântica
 1736464312 ,07715e09-3514-36f5-aa9c-2b24d19453ce,   -8.345940 ,  -36.572620 ,2024-12-12 16:47:00,Brasil,PERNAMBUCO,SANHARÓ,Caatinga
 1736464318 ,911cdb4d-0d9a-353e-a393-f44b5fe67a20,   -7.769240 ,  -38.496260 ,2024-12-12 16:47:00,Brasil,PERNAMBUCO,SERRA TALHADA,Caatinga
 1736464329 ,7449a90e-b063-3a7f-98e9-36aa4d90f48a,   -7.575460 ,  -40.296920 ,2024-12-12 16:47:00,Brasil,PERNAMBUCO,ARARIPINA,Caatinga
 1736464361 ,e53bea5e-5746-3b87-8a02-8c0c25e2e526,   -7.998950 ,  -37.365750 ,2024-12-12 16:47:00,Brasil,PERNAMBUCO,SERTÂNIA,Caatinga
 1736464370 ,3aa1d43e-e23d-3236-aa4c-1b1e911d7f93,   -7.546100 ,  -37.565160 ,2024-12-12 16:47:00,Brasil,PERNAMBUCO,TABIRA,Caatinga
 1736464382 ,edf48a55-5b57-3c90-9f54-83cbb4716cc7,   -8.004780 ,  -37.623850 ,2024-12-12 16:47:00,Brasil,PERNAMBUCO,CUSTÓDIA,Caatinga
 1736464393 ,2d04907f-f1a5-3e47-ae18-3c23b6503d88,   -7.574710 ,  -40.322420 ,2024-12-12 16:47:00,Brasil,PERNAMBUCO,ARARIPINA,Caatinga
 1736464440 ,345ef0ac-aeb8-3d2b-9c43-0772959ddf07,   -8.141870 ,  -36.318750 ,2024-12-12 16:47:00,Brasil,PERNAMBUCO,BREJO DA MADRE DE DEUS,Caatinga
 1736464441 ,3bf982a4-492f-3959-8170-b85a62a9c51d,   -7.980930 ,  -37.674530 ,2024-12-12 16:47:00,Brasil,PERNAMBUCO,CUSTÓDIA,Caatinga
 1736464470 ,8b5a99e8-b427-323b-a28c-e8e55fdc064f,   -8.252600 ,  -36.696800 ,2024-12-12 16:47:00,Brasil,PERNAMBUCO,POÇÃO,Caatinga
 1736464472 ,4408caec-7b36-3569-a0be-647a83f4e48b,   -7.750650 ,  -37.933910 ,2024-12-12 16:47:00,Brasil,PERNAMBUCO,QUIXABA,Caatinga
 1736464565 ,2c6d406d-e184-3b28-bbae-adcc0ffd0433,   -8.411490 ,  -35.548070 ,2024-12-12 16:47:00,Brasil,PERNAMBUCO,CORTÊS,Mata Atlântica
 1736464610 ,5e0aa1f1-a6a1-3e5d-ab37-991780023449,   -8.644310 ,  -35.373390 ,2024-12-12 16:47:00,Brasil,PERNAMBUCO,GAMELEIRA,Mata Atlântica
 1736464611 ,d63c21c5-6efc-3f3f-8ef7-71cf5af191cd,   -7.830000 ,  -37.396680 ,2024-12-12 16:47:00,Brasil,PERNAMBUCO,IGUARACY,Caatinga
 1736464637 ,eb266389-c0b2-3bd9-b13b-e373107e6c0f,   -7.577830 ,  -40.315060 ,2024-12-12 16:47:00,Brasil,PERNAMBUCO,ARARIPINA,Caatinga
 1736464704 ,e2e93bed-cf05-3e76-b71c-cdf4d8af57e5,   -7.998830 ,  -37.360210 ,2024-12-12 16:47:00,Brasil,PERNAMBUCO,SERTÂNIA,Caatinga
 1736464708 ,4370b969-65a2-3544-a926-632d33a5d881,   -8.652840 ,  -35.558750 ,2024-12-12 16:47:00,Brasil,PERNAMBUCO,PALMARES,Mata Atlântica
 1736464713 ,c7056dc6-4ac7-3914-a493-617017c114d2,   -8.195260 ,  -35.522210 ,2024-12-12 16:47:00,Brasil,PERNAMBUCO,GRAVATÁ,Mata Atlântica
 1736464720 ,d01cd951-59f2-3234-ba59-c6d86ef063ce,   -8.347410 ,  -36.582930 ,2024-12-12 16:47:00,Brasil,PERNAMBUCO,SANHARÓ,Caatinga
 1736464836 ,afe3c723-bf19-3fdd-b098-ebb5d0e49b48,   -7.850240 ,  -38.062400 ,2024-12-12 16:47:00,Brasil,PERNAMBUCO,TRIUNFO,Caatinga
 1736464839 ,f4abb374-b862-3f2a-a7fc-e9f12096bcf5,   -7.672870 ,  -39.464880 ,2024-12-12 16:47:00,Brasil,PERNAMBUCO,SERRITA,Caatinga
 1736464840 ,b24fd493-174c-3c21-813d-d0dc9b9a051c,   -7.706680 ,  -37.542650 ,2024-12-12 16:47:00,Brasil,PERNAMBUCO,TABIRA,Caatinga
 1736464853 ,0fda58f4-3d92-31a8-b07f-8bb00c66eec2,   -7.675030 ,  -39.480990 ,2024-12-12 16:47:00,Brasil,PERNAMBUCO,SERRITA,Caatinga
 1736464856 ,d8f086ff-dc7f-315a-8aac-d62df15f18bd,   -7.794190 ,  -40.005000 ,2024-12-12 16:47:00,Brasil,PERNAMBUCO,BODOCÓ,Caatinga
 1736464888 ,23690374-3ee0-332d-b796-5fa555848445,   -7.661370 ,  -39.538090 ,2024-12-12 16:47:00,Brasil,PERNAMBUCO,MOREILÂNDIA,Caatinga
 1736464905 ,a968a539-1906-34ba-80db-b85ee44b49b6,   -7.513020 ,  -37.546550 ,2024-12-12 16:47:00,Brasil,PERNAMBUCO,TABIRA,Caatinga
 1736464935 ,d185859c-7721-3ff5-bedf-209b0c009942,   -7.703590 ,  -35.690310 ,2024-12-12 16:47:00,Brasil,PERNAMBUCO,CASINHAS,Caatinga
 1736464947 ,6f3bbca0-5f8e-33da-8ead-68d6c882ee9e,   -8.083660 ,  -35.127500 ,2024-12-12 16:47:00,Brasil,PERNAMBUCO,MORENO,Mata Atlântica
 1736464958 ,ba9c2f00-c518-3920-8d41-13b8a82782e4,   -7.455680 ,  -37.501530 ,2024-12-12 16:47:00,Brasil,PERNAMBUCO,TABIRA,Caatinga
 1736464965 ,61e4a9a0-51ec-3e5f-a52a-ff7fad14aa11,   -7.699490 ,  -37.637960 ,2024-12-12 16:47:00,Brasil,PERNAMBUCO,AFOGADOS DA INGAZEIRA,Caatinga
 1736464988 ,64650cee-78e7-3c3b-ab85-3886e430c5bb,   -8.251080 ,  -36.686100 ,2024-12-12 16:47:00,Brasil,PERNAMBUCO,POÇÃO,Caatinga
 1736610337 ,7f5118f5-e5b8-3bb6-84bb-3c423b39a551,   -7.958200 ,  -39.969980 ,2024-12-13 17:26:00,Brasil,PERNAMBUCO,OURICURI,Caatinga
 1736610354 ,33195076-5bdd-3490-86d2-28cc413b29d0,   -7.945360 ,  -39.958250 ,2024-12-13 17:26:00,Brasil,PERNAMBUCO,OURICURI,Caatinga
 1736610441 ,1d997d61-b4ab-33d0-8cbf-7d3444c01987,   -7.783880 ,  -40.493050 ,2024-12-13 17:26:00,Brasil,PERNAMBUCO,ARARIPINA,Caatinga
 1736610456 ,48ecdd75-2eb5-3964-985b-d6f935c77473,   -7.956080 ,  -39.956560 ,2024-12-13 17:26:00,Brasil,PERNAMBUCO,OURICURI,Caatinga
 1736610792 ,0eef6266-9f04-31bf-8326-e3047e897a12,   -7.868800 ,  -38.912330 ,2024-12-13 17:26:00,Brasil,PERNAMBUCO,SÃO JOSÉ DO BELMONTE,Caatinga
 1736611065 ,f0a761f9-8e43-3b28-a5cd-98d6db482d22,   -7.517250 ,  -39.964320 ,2024-12-13 17:26:00,Brasil,PERNAMBUCO,BODOCÓ,Caatinga
 1736611125 ,1d3f34af-b3f4-3042-b885-3667aedb99fb,   -7.947490 ,  -39.971670 ,2024-12-13 17:26:00,Brasil,PERNAMBUCO,OURICURI,Caatinga
 1736773849 ,cd9df8b4-b300-312d-a80e-2adba5fb0417,   -7.657330 ,  -40.037940 ,2024-12-14 16:26:00,Brasil,PERNAMBUCO,BODOCÓ,Caatinga
 1736773891 ,70a939e4-89bd-3014-b41a-23bd4fbc6fc1,   -7.656650 ,  -40.045590 ,2024-12-14 16:26:00,Brasil,PERNAMBUCO,BODOCÓ,Caatinga
 1736773895 ,4acada6a-2148-319b-a527-03a39bf24086,   -7.651260 ,  -40.003890 ,2024-12-14 16:26:00,Brasil,PERNAMBUCO,BODOCÓ,Caatinga
 1736773947 ,7e865d62-feb2-30d9-85e3-f0f2d030d44b,   -7.823650 ,  -39.362910 ,2024-12-14 16:26:00,Brasil,PERNAMBUCO,SERRITA,Caatinga
 1736773983 ,c1045509-a396-39a4-b17f-59a04f48f85a,   -8.033580 ,  -37.343140 ,2024-12-14 16:26:00,Brasil,PERNAMBUCO,SERTÂNIA,Caatinga
 1736774018 ,0d8c9ff7-56d3-3fa9-835d-cd73340fc8c7,   -8.045390 ,  -37.348650 ,2024-12-14 16:26:00,Brasil,PERNAMBUCO,SERTÂNIA,Caatinga
 1736932792 ,a49b499b-a9a9-3fd3-86a5-1ea590a33829,   -8.775260 ,  -35.828590 ,2024-12-15 17:06:00,Brasil,PERNAMBUCO,JAQUEIRA,Mata Atlântica
 1736932808 ,03fed9fd-af85-3777-b1b6-96977c3aa468,   -8.774390 ,  -35.821740 ,2024-12-15 17:06:00,Brasil,PERNAMBUCO,JAQUEIRA,Mata Atlântica
 1736932816 ,3c0c2fc8-0ced-367c-a110-2acf476d6bad,   -7.407380 ,  -40.433110 ,2024-12-15 17:06:00,Brasil,PERNAMBUCO,ARARIPINA,Caatinga
 1736932828 ,34f5d097-bf29-3c68-a9ae-3e23326899a3,   -7.659340 ,  -40.257660 ,2024-12-15 17:06:00,Brasil,PERNAMBUCO,TRINDADE,Caatinga
 1736932876 ,5dffb37c-946c-3ff3-89f7-4e3d22dd0cba,   -7.681410 ,  -35.371150 ,2024-12-15 17:06:00,Brasil,PERNAMBUCO,VICÊNCIA,Caatinga
 1736932898 ,eca9bb9c-fd2c-37a9-a512-d6530ad6f3ab,   -8.776290 ,  -35.833680 ,2024-12-15 17:06:00,Brasil,PERNAMBUCO,JAQUEIRA,Mata Atlântica
 1736932918 ,777cf95c-da09-3dce-8bd4-4bed9a842fee,   -7.752570 ,  -35.380800 ,2024-12-15 17:06:00,Brasil,PERNAMBUCO,BUENOS AIRES,Mata Atlântica
 1736932922 ,dbae57ce-6871-3e2e-81ad-d177159f0452,   -7.340990 ,  -40.350750 ,2024-12-15 17:06:00,Brasil,PERNAMBUCO,ARARIPINA,Caatinga
 1736932927 ,a90deef5-3ce5-3d0e-bf3c-ac83afe6fdd9,   -8.658110 ,  -40.988940 ,2024-12-15 17:06:00,Brasil,PERNAMBUCO,AFRÂNIO,Caatinga
 1736932949 ,c63c5155-a634-3be0-80fe-62946fab8588,   -7.668240 ,  -40.256410 ,2024-12-15 17:06:00,Brasil,PERNAMBUCO,TRINDADE,Caatinga
 1736932954 ,f9247cbc-de39-30cf-868a-a87dbf30f1b7,   -9.018970 ,  -40.548090 ,2024-12-15 17:06:00,Brasil,PERNAMBUCO,PETROLINA,Caatinga
 1736932996 ,989d92c4-d28c-36e3-9bcb-19f4195191ad,   -7.541290 ,  -39.629520 ,2024-12-15 17:06:00,Brasil,PERNAMBUCO,EXU,Caatinga
 1736933028 ,47a85fa7-57ea-33b1-9fc8-b412aad20746,   -7.785400 ,  -39.916470 ,2024-12-15 17:06:00,Brasil,PERNAMBUCO,BODOCÓ,Caatinga
 1736933034 ,f961c7fc-b932-36c5-a257-f1b17424b644,   -7.339690 ,  -40.341740 ,2024-12-15 17:06:00,Brasil,PERNAMBUCO,IPUBI,Caatinga
 1736933042 ,7addd23f-04ad-35fe-b0b4-526fef499239,   -7.869900 ,  -39.680380 ,2024-12-15 17:06:00,Brasil,PERNAMBUCO,GRANITO,Caatinga
 1736933048 ,ef938589-cc37-3423-9f47-5d17c7b63e59,   -9.020280 ,  -40.557450 ,2024-12-15 17:06:00,Brasil,PERNAMBUCO,PETROLINA,Caatinga
 1736933051 ,9a1d2179-b7cc-3f57-856c-a9c0873f6c18,   -7.684960 ,  -35.364820 ,2024-12-15 17:06:00,Brasil,PERNAMBUCO,VICÊNCIA,Caatinga
 1736933072 ,5a6b8a67-1076-3506-84bf-2d0c8a1a098a,   -7.406080 ,  -40.424060 ,2024-12-15 17:06:00,Brasil,PERNAMBUCO,ARARIPINA,Caatinga
 1737230044 ,11473d61-e57d-306c-aba7-b622a71a81cf,   -8.077700 ,  -36.573920 ,2024-12-17 16:49:00,Brasil,PERNAMBUCO,JATAÚBA,Caatinga
 1737230047 ,2dbcf4f4-fca7-3288-916c-c42bb5c77ac7,   -8.872230 ,  -35.158330 ,2024-12-17 16:47:00,Brasil,PERNAMBUCO,SÃO JOSÉ DA COROA GRANDE,Mata Atlântica
 1737230052 ,4660d347-ab46-3e80-ad5c-ddb6d3d3b1d3,   -7.560790 ,  -35.150400 ,2024-12-17 16:49:00,Brasil,PERNAMBUCO,ALIANÇA,Mata Atlântica
 1737230058 ,8da7c95c-d5d7-3ba0-b279-6ef7c978f13d,   -8.428140 ,  -36.114210 ,2024-12-17 16:49:00,Brasil,PERNAMBUCO,ALTINHO,Caatinga
 1737230093 ,5956d010-612b-3b03-add5-1d06f8e88a45,   -8.063620 ,  -36.143330 ,2024-12-17 16:49:00,Brasil,PERNAMBUCO,CARUARU,Caatinga
 1737230102 ,b8340a1c-d8ec-314c-9251-b66b079fea42,   -8.112800 ,  -38.844090 ,2024-12-17 16:49:00,Brasil,PERNAMBUCO,MIRANDIBA,Caatinga
 1737230120 ,e52f8f51-6854-32bd-b9b6-623ce3a11057,   -7.976560 ,  -40.032480 ,2024-12-17 16:49:00,Brasil,PERNAMBUCO,OURICURI,Caatinga
 1737230133 ,d32ee0d4-a7f5-378e-b4bc-a2ebe7a57e79,   -7.757010 ,  -38.022630 ,2024-12-17 16:49:00,Brasil,PERNAMBUCO,TRIUNFO,Caatinga
 1737230158 ,66909941-b94f-3329-b628-bef318751732,   -8.658620 ,  -35.532670 ,2024-12-17 16:47:00,Brasil,PERNAMBUCO,ÁGUA PRETA,Mata Atlântica
 1737230171 ,efdc5dba-a4c8-3130-8f24-f1ee61e2d3fb,   -8.020820 ,  -37.275720 ,2024-12-17 16:49:00,Brasil,PERNAMBUCO,SERTÂNIA,Caatinga
 1737230260 ,e4e417a9-60fa-39c0-8492-5cfdd9e0b59f,   -7.534170 ,  -37.602180 ,2024-12-17 16:49:00,Brasil,PERNAMBUCO,TABIRA,Caatinga
 1737230263 ,66174519-7415-3553-b2c5-8bc46e1cb705,   -7.961020 ,  -40.276270 ,2024-12-17 16:49:00,Brasil,PERNAMBUCO,OURICURI,Caatinga
 1737230278 ,281a004d-ff2a-3620-ad1f-15e0872795cc,   -7.396030 ,  -40.438790 ,2024-12-17 16:49:00,Brasil,PERNAMBUCO,ARARIPINA,Caatinga
 1737230279 ,e3a9b91f-a18c-30bd-97e7-e89c20834ebb,   -7.983360 ,  -40.024590 ,2024-12-17 16:49:00,Brasil,PERNAMBUCO,OURICURI,Caatinga
 1737230315 ,a2cd57c9-ff7a-33d4-944d-ecf0b721df51,   -8.505060 ,  -40.633240 ,2024-12-17 16:49:00,Brasil,PERNAMBUCO,DORMENTES,Caatinga
 1737230330 ,13e3dc89-5e56-39f5-ac81-f67db6f9c770,   -8.375140 ,  -35.616630 ,2024-12-17 16:49:00,Brasil,PERNAMBUCO,BARRA DE GUABIRABA,Mata Atlântica
 1737230338 ,6ff57fdc-3ed9-3725-a3f3-3a8378c39942,   -7.417910 ,  -40.417970 ,2024-12-17 16:49:00,Brasil,PERNAMBUCO,ARARIPINA,Caatinga
 1737230342 ,9760c3ab-f48b-3deb-a696-5e48208d7029,   -8.429500 ,  -36.123720 ,2024-12-17 16:49:00,Brasil,PERNAMBUCO,ALTINHO,Caatinga
 1737230351 ,d4c8f33b-ced2-34a2-b769-8548666da500,   -7.828110 ,  -38.307530 ,2024-12-17 16:49:00,Brasil,PERNAMBUCO,SERRA TALHADA,Caatinga
 1737230380 ,8c17a59e-d42f-3292-b93b-4bb9ca34387a,   -7.415590 ,  -40.400550 ,2024-12-17 16:49:00,Brasil,PERNAMBUCO,ARARIPINA,Caatinga
 1737230389 ,77e421cd-2d0c-3149-a77e-73cdf74b6627,   -7.770900 ,  -37.902470 ,2024-12-17 16:49:00,Brasil,PERNAMBUCO,QUIXABA,Caatinga
 1737230417 ,735995a4-6843-365a-9588-4a63d5751930,   -7.861590 ,  -35.509460 ,2024-12-17 16:49:00,Brasil,PERNAMBUCO,LIMOEIRO,Caatinga
 1737230429 ,b20522c1-2312-337a-aa0f-681b60ad1452,   -8.019320 ,  -37.265030 ,2024-12-17 16:49:00,Brasil,PERNAMBUCO,SERTÂNIA,Caatinga
 1737230446 ,d47a0fc9-d8c0-37d9-9f74-985020af19b8,   -8.009670 ,  -37.266320 ,2024-12-17 16:49:00,Brasil,PERNAMBUCO,SERTÂNIA,Caatinga
 1737230463 ,6638d8c3-7f38-37fc-bdeb-df683eb3e88e,   -7.785600 ,  -37.571900 ,2024-12-17 16:49:00,Brasil,PERNAMBUCO,AFOGADOS DA INGAZEIRA,Caatinga
 1737230482 ,4a58b07f-891e-3d1c-8b6b-72259aab2b6b,   -7.772530 ,  -37.914030 ,2024-12-17 16:49:00,Brasil,PERNAMBUCO,QUIXABA,Caatinga
 1737230517 ,eaf99925-1a31-301d-99be-b1266d45fcea,   -8.824670 ,  -40.973160 ,2024-12-17 16:49:00,Brasil,PERNAMBUCO,AFRÂNIO,Caatinga
 1737230566 ,7535fa9d-9b1e-3cad-90c7-7fd8c9b775e4,   -7.911170 ,  -39.057950 ,2024-12-17 16:49:00,Brasil,PERNAMBUCO,VERDEJANTE,Caatinga
 1737230573 ,29eae293-b33e-3fc3-b712-9f5743f9cf5e,   -7.503010 ,  -39.923020 ,2024-12-17 16:49:00,Brasil,PERNAMBUCO,BODOCÓ,Caatinga
 1737230579 ,275b1172-83c7-35bb-9d02-1966d0b07c81,   -7.633320 ,  -35.143040 ,2024-12-17 16:49:00,Brasil,PERNAMBUCO,ALIANÇA,Mata Atlântica
 1737230580 ,804ee398-40a1-313e-a2d6-c55cbce1bbe8,   -8.816090 ,  -35.998830 ,2024-12-17 16:47:00,Brasil,PERNAMBUCO,QUIPAPÁ,Mata Atlântica
 1737230586 ,242dfa85-c1d5-3c88-92fa-234e4060db89,   -8.610530 ,  -40.626640 ,2024-12-17 16:49:00,Brasil,PERNAMBUCO,DORMENTES,Caatinga
 1737230619 ,66fd6fd3-ae59-32ae-86c3-3b2f861a37c6,   -8.376460 ,  -35.625800 ,2024-12-17 16:49:00,Brasil,PERNAMBUCO,BARRA DE GUABIRABA,Mata Atlântica
 1737230636 ,c50b8649-7819-38d7-bf1c-8c54dc097e52,   -7.405820 ,  -40.419620 ,2024-12-17 16:49:00,Brasil,PERNAMBUCO,ARARIPINA,Caatinga
 1737230640 ,3464b309-8e5c-3870-ba8e-e51d3871749f,   -7.664190 ,  -39.268740 ,2024-12-17 16:49:00,Brasil,PERNAMBUCO,SERRITA,Caatinga
 1737230649 ,53783322-3e20-3490-bbda-d3cae0be9852,   -7.787550 ,  -37.952980 ,2024-12-17 16:49:00,Brasil,PERNAMBUCO,FLORES,Caatinga
 1737230655 ,580d28a9-de0b-3fe1-906c-eb30b1a9b7dd,   -8.816290 ,  -36.066750 ,2024-12-17 16:47:00,Brasil,PERNAMBUCO,QUIPAPÁ,Mata Atlântica
 1737230662 ,979b50c3-6c70-3651-ace0-0a6e1c3d7eb2,   -8.011160 ,  -37.277050 ,2024-12-17 16:49:00,Brasil,PERNAMBUCO,SERTÂNIA,Caatinga
 1737230669 ,5da10a56-34f1-3c2f-a32c-5c806fbbd9fb,   -7.392030 ,  -40.444470 ,2024-12-17 16:49:00,Brasil,PERNAMBUCO,ARARIPINA,Caatinga
 1737230692 ,82c4dec0-aad8-338c-bee8-bd5c2ac708a4,   -7.758670 ,  -38.034580 ,2024-12-17 16:49:00,Brasil,PERNAMBUCO,TRIUNFO,Caatinga
 1737405887 ,5da4645d-cd60-34dc-9086-b45fbf410376,   -8.406090 ,  -40.310440 ,2024-12-18 17:26:00,Brasil,PERNAMBUCO,SANTA CRUZ,Caatinga
 1737405940 ,9b67acc4-6df2-3711-b76d-22f360c02ca3,   -7.798930 ,  -39.815840 ,2024-12-18 17:26:00,Brasil,PERNAMBUCO,BODOCÓ,Caatinga
 1737406324 ,093929a4-267a-3587-8edf-5b0b09257425,   -7.799790 ,  -39.821380 ,2024-12-18 17:26:00,Brasil,PERNAMBUCO,BODOCÓ,Caatinga
 1737549950 ,77f00b82-f124-31dd-a922-9e5720f210b6,   -8.326490 ,  -36.892890 ,2024-12-19 16:28:00,Brasil,PERNAMBUCO,PESQUEIRA,Caatinga
 1737549957 ,844a8514-ba2e-3a45-8634-dc79cd12cbda,   -7.710190 ,  -37.564060 ,2024-12-19 16:28:00,Brasil,PERNAMBUCO,AFOGADOS DA INGAZEIRA,Caatinga
 1737549979 ,53aa454e-84b8-36cf-b997-774ecad10d37,   -8.316760 ,  -36.875720 ,2024-12-19 16:28:00,Brasil,PERNAMBUCO,PESQUEIRA,Caatinga
 1737549990 ,6496eb5f-df91-36d0-a357-654a77067bca,   -8.319850 ,  -36.899080 ,2024-12-19 16:28:00,Brasil,PERNAMBUCO,PESQUEIRA,Caatinga
 1737550000 ,77c17a23-c528-3777-a2ed-728aa95b7aab,   -8.332670 ,  -35.813260 ,2024-12-19 16:28:00,Brasil,PERNAMBUCO,BEZERROS,Caatinga
 1737550031 ,6202da75-b7a2-37c7-9d3a-3f86eee1093c,   -7.706970 ,  -37.538830 ,2024-12-19 16:28:00,Brasil,PERNAMBUCO,TABIRA,Caatinga
 1737550097 ,ccd26864-9454-359e-966c-58690d93c01c,   -7.913380 ,  -39.113820 ,2024-12-19 16:28:00,Brasil,PERNAMBUCO,SALGUEIRO,Caatinga
 1737550120 ,f71b9d92-40f4-3e9d-8985-768e6e696b87,   -7.703860 ,  -37.544040 ,2024-12-19 16:28:00,Brasil,PERNAMBUCO,TABIRA,Caatinga
 1737550143 ,a674d68b-a7e7-309a-9b7f-d5d129d643da,   -7.920920 ,  -39.108390 ,2024-12-19 16:28:00,Brasil,PERNAMBUCO,SALGUEIRO,Caatinga
 1737550179 ,b5aba696-177e-33ff-af38-07ff9c7240ed,   -8.335080 ,  -35.831510 ,2024-12-19 16:28:00,Brasil,PERNAMBUCO,BEZERROS,Caatinga
 1737720022 ,3a373a90-d2d3-3874-92f6-4ce5f3646a8f,   -7.870630 ,  -37.574750 ,2024-12-20 17:09:00,Brasil,PERNAMBUCO,IGUARACY,Caatinga
 1737720098 ,ddeb043b-7232-399e-8117-b37b68946f66,   -7.556840 ,  -37.689080 ,2024-12-20 17:09:00,Brasil,PERNAMBUCO,SOLIDÃO,Caatinga
 1737720183 ,afae5218-46f0-3a61-81b9-6ff2f347328f,   -7.701310 ,  -37.612880 ,2024-12-20 17:09:00,Brasil,PERNAMBUCO,AFOGADOS DA INGAZEIRA,Caatinga
 1737720205 ,589dc76d-315f-39e5-9713-59d8ba27f8ef,   -7.772310 ,  -38.331960 ,2024-12-20 17:09:00,Brasil,PERNAMBUCO,SERRA TALHADA,Caatinga
 1737720244 ,b4c59a59-4f58-3dc5-b855-9d9a2d045f9b,   -8.175270 ,  -37.690810 ,2024-12-20 17:09:00,Brasil,PERNAMBUCO,CUSTÓDIA,Caatinga
 1737720253 ,a0e79f3b-32ac-3846-b699-218837cbc791,   -8.485450 ,  -39.911340 ,2024-12-20 17:09:00,Brasil,PERNAMBUCO,SANTA MARIA DA BOA VISTA,Caatinga
 1737720302 ,64c70d72-6351-3399-89f9-9dd387e58323,   -8.558770 ,  -40.357510 ,2024-12-20 17:09:00,Brasil,PERNAMBUCO,LAGOA GRANDE,Caatinga
 1737720312 ,5831d662-6700-3d04-bd39-39ba25ff1c5e,   -8.486730 ,  -39.920230 ,2024-12-20 17:09:00,Brasil,PERNAMBUCO,SANTA MARIA DA BOA VISTA,Caatinga
 1737720356 ,17b59f9b-9934-3160-9766-3eab86421a43,   -8.571230 ,  -36.783030 ,2024-12-20 17:09:00,Brasil,PERNAMBUCO,VENTUROSA,Caatinga
 1737720449 ,af6dd118-2af2-3ee1-a8d3-0f9f2f1e43a6,   -7.702820 ,  -37.622860 ,2024-12-20 17:09:00,Brasil,PERNAMBUCO,AFOGADOS DA INGAZEIRA,Caatinga
 1737720490 ,6c0e5c06-d161-381e-92bd-acb0cd1d6ad4,   -7.886520 ,  -37.489730 ,2024-12-20 17:09:00,Brasil,PERNAMBUCO,IGUARACY,Caatinga
 1737720550 ,fb38369b-03e4-3909-a891-2971e52d76e7,   -7.563110 ,  -37.495710 ,2024-12-20 17:09:00,Brasil,PERNAMBUCO,TABIRA,Caatinga
 1737720572 ,5f5454c5-405b-32ac-a59e-053c73597454,   -7.797590 ,  -37.939860 ,2024-12-20 17:09:00,Brasil,PERNAMBUCO,FLORES,Caatinga
 1737720573 ,14a68d9f-fd8f-3544-9dc2-a0f4b50d1451,   -7.796140 ,  -37.930030 ,2024-12-20 17:09:00,Brasil,PERNAMBUCO,FLORES,Caatinga
 1737720624 ,4ad62cbd-afe1-39ad-a9ee-9a8beda03d75,   -7.462380 ,  -37.508270 ,2024-12-20 17:09:00,Brasil,PERNAMBUCO,TABIRA,Caatinga
 1737720647 ,1411fc81-9039-3dbb-80cd-a9153ded8ae1,   -7.512240 ,  -37.583170 ,2024-12-20 17:09:00,Brasil,PERNAMBUCO,TABIRA,Caatinga
 1737720695 ,bef9e4c8-a282-3e8a-8449-d956f61a280b,   -7.510720 ,  -37.573130 ,2024-12-20 17:09:00,Brasil,PERNAMBUCO,TABIRA,Caatinga
 1737720697 ,e1d849d6-f9b5-36fa-8c95-70651d25b424,   -7.460820 ,  -37.498140 ,2024-12-20 17:09:00,Brasil,PERNAMBUCO,TABIRA,Caatinga
 1737720730 ,d5934ee0-fbfb-3540-8920-f27b0b815946,   -8.131670 ,  -38.204210 ,2024-12-20 17:09:00,Brasil,PERNAMBUCO,SERRA TALHADA,Caatinga
 1737720732 ,575e6088-9e6f-308a-9bf4-9a95285935eb,   -8.133000 ,  -38.765200 ,2024-12-20 17:09:00,Brasil,PERNAMBUCO,MIRANDIBA,Caatinga
 1737881629 ,9472128d-4d5a-3e1a-9ddf-94a48c3896ba,   -8.566700 ,  -41.092000 ,2024-12-21 17:49:00,Brasil,PERNAMBUCO,AFRÂNIO,Caatinga
 1738028894 ,b847b069-00de-3534-91d5-6dad237ea0be,   -8.109190 ,  -35.349350 ,2024-12-22 16:49:00,Brasil,PERNAMBUCO,VITÓRIA DE SANTO ANTÃO,Mata Atlântica
 1738028910 ,7eddc34b-2c36-3b7f-ab47-2111fb10d08d,   -8.740740 ,  -35.577440 ,2024-12-22 16:49:00,Brasil,PERNAMBUCO,ÁGUA PRETA,Mata Atlântica
 1738028932 ,206cf23c-faf3-3720-92a2-e0e93636db4f,   -8.231680 ,  -35.563130 ,2024-12-22 16:49:00,Brasil,PERNAMBUCO,GRAVATÁ,Mata Atlântica
 1738028948 ,4d768f66-d62a-3944-a6a4-48929dc52140,   -8.560490 ,  -35.097540 ,2024-12-22 16:49:00,Brasil,PERNAMBUCO,SIRINHAÉM,Mata Atlântica
 1738028954 ,ee2bc3b9-819a-31ae-a137-8fbf8973cd02,   -7.299160 ,  -37.230510 ,2024-12-22 16:49:00,Brasil,PERNAMBUCO,ITAPETIM,Caatinga
 1738028965 ,12d0fb93-2483-3d16-8bb5-171cc25ab23e,   -8.749660 ,  -35.576160 ,2024-12-22 16:49:00,Brasil,PERNAMBUCO,ÁGUA PRETA,Mata Atlântica
 1738028977 ,e1439a5c-8de1-3d51-abfc-afe6f436bddd,   -8.177770 ,  -35.251470 ,2024-12-22 16:49:00,Brasil,PERNAMBUCO,VITÓRIA DE SANTO ANTÃO,Mata Atlântica
 1738029057 ,a1e6718e-cb53-383e-a342-c8e17e444838,   -7.300590 ,  -37.240550 ,2024-12-22 16:49:00,Brasil,PERNAMBUCO,ITAPETIM,Caatinga
 1738029095 ,17e000e9-1afe-35db-b4e4-4e50abd139ef,   -8.295380 ,  -35.627140 ,2024-12-22 16:49:00,Brasil,PERNAMBUCO,GRAVATÁ,Mata Atlântica
 1738029120 ,b2255c93-13af-3ed2-be69-1cbac7c812ae,   -7.737070 ,  -35.201910 ,2024-12-22 16:49:00,Brasil,PERNAMBUCO,NAZARÉ DA MATA,Mata Atlântica
 1738180234 ,16b6a7c4-a80a-3b22-b431-9234c899c553,   -7.801620 ,  -38.612510 ,2024-12-23 17:28:00,Brasil,PERNAMBUCO,SERRA TALHADA,Caatinga
 1738180248 ,55f24346-dc33-3982-b94b-af2713520683,   -7.803260 ,  -38.604680 ,2024-12-23 17:28:00,Brasil,PERNAMBUCO,SERRA TALHADA,Caatinga
 1738322353 ,e7383cc2-9a2b-3af0-a50f-f42e5ddb2f50,   -8.663760 ,  -36.030320 ,2024-12-24 16:30:00,Brasil,PERNAMBUCO,PANELAS,Mata Atlântica
 1738322358 ,fd3e6348-8abf-3fa6-ba40-d759b76f9c31,   -7.524180 ,  -40.047510 ,2024-12-24 16:32:00,Brasil,PERNAMBUCO,BODOCÓ,Caatinga
 1738322367 ,571a55ba-4627-3159-a968-e4eb300a2dfc,   -7.411760 ,  -37.116180 ,2024-12-24 16:32:00,Brasil,PERNAMBUCO,ITAPETIM,Caatinga
 1738322396 ,39ccaa51-3774-3c23-8c97-e7f0923ba80c,   -7.923530 ,  -38.298820 ,2024-12-24 16:32:00,Brasil,PERNAMBUCO,SERRA TALHADA,Caatinga
 1738322424 ,ee2a31c3-4f1b-348e-b07d-29637547ed4e,   -7.923760 ,  -38.291710 ,2024-12-24 16:32:00,Brasil,PERNAMBUCO,SERRA TALHADA,Caatinga
 1738443629 ,5b5d502e-5273-38b9-8901-c3cc4de376cf,   -8.685810 ,  -38.635020 ,2024-12-25 17:09:00,Brasil,PERNAMBUCO,ITACURUBA,Caatinga
 1738443689 ,eab4e5e8-f22e-39b1-b89a-975e4a606e99,   -7.289690 ,  -37.269470 ,2024-12-25 17:09:00,Brasil,PERNAMBUCO,BREJINHO,Caatinga
 1738443698 ,f6ca9260-9398-370c-849d-23e37c51e16b,   -7.767080 ,  -39.605260 ,2024-12-25 17:09:00,Brasil,PERNAMBUCO,GRANITO,Caatinga
 1738443699 ,d62fdcab-d658-304e-9900-21a7c30b7d87,   -8.076470 ,  -37.245310 ,2024-12-25 17:09:00,Brasil,PERNAMBUCO,SERTÂNIA,Caatinga
 1738443700 ,bd55990b-9637-3a2c-920d-77cb17fcea76,   -7.559410 ,  -40.260430 ,2024-12-25 17:09:00,Brasil,PERNAMBUCO,IPUBI,Caatinga
 1738443703 ,da674ce2-dad1-344e-8adb-7ccab153eed2,   -7.560700 ,  -40.269280 ,2024-12-25 17:09:00,Brasil,PERNAMBUCO,IPUBI,Caatinga
 1738443745 ,b4464074-09d3-3bca-926e-6a558f952031,   -7.291360 ,  -37.280420 ,2024-12-25 17:09:00,Brasil,PERNAMBUCO,BREJINHO,Caatinga
 1738443819 ,a4f8ae2b-1ff7-31be-a788-298a6660af56,   -8.078120 ,  -37.255940 ,2024-12-25 17:09:00,Brasil,PERNAMBUCO,SERTÂNIA,Caatinga
 1738443865 ,7194c34f-739a-392e-9f7e-6141b873aa2e,   -7.569520 ,  -40.267970 ,2024-12-25 17:09:00,Brasil,PERNAMBUCO,IPUBI,Caatinga
 1738443907 ,e8fd7299-fd1d-3765-bc4d-ccf637527b4a,   -8.074520 ,  -37.251130 ,2024-12-25 17:09:00,Brasil,PERNAMBUCO,SERTÂNIA,Caatinga
 1738443924 ,ee89bfa5-9598-3181-af7a-6d486a61b380,   -8.138040 ,  -38.614010 ,2024-12-25 17:09:00,Brasil,PERNAMBUCO,SÃO JOSÉ DO BELMONTE,Caatinga
 1738729871 ,08e8797f-dbc7-3bcf-8e05-82824ddaf1b5,   -8.840660 ,  -35.160210 ,2024-12-27 16:52:00,Brasil,PERNAMBUCO,SÃO JOSÉ DA COROA GRANDE,Mata Atlântica
 1738729879 ,b4a8bba3-70eb-36a1-a43f-351a68a45194,   -9.080760 ,  -37.101860 ,2024-12-27 16:52:00,Brasil,PERNAMBUCO,ÁGUAS BELAS,Caatinga
 1738729880 ,1043a14b-a7b0-3846-aa4c-f6beefe89a94,   -8.274330 ,  -36.220870 ,2024-12-27 16:52:00,Brasil,PERNAMBUCO,TACAIMBÓ,Caatinga
 1738729886 ,0145206a-4699-3868-a657-252666eb963b,   -7.609950 ,  -37.499600 ,2024-12-27 16:52:00,Brasil,PERNAMBUCO,TABIRA,Caatinga
 1738729887 ,e3313940-13ea-3ee1-b3e6-b04ba2c7d0c2,   -7.796270 ,  -38.743620 ,2024-12-27 16:52:00,Brasil,PERNAMBUCO,SÃO JOSÉ DO BELMONTE,Caatinga
 1738729897 ,b62ccdc1-32af-3d75-9b05-833ca1dd1c23,   -7.550520 ,  -37.597660 ,2024-12-27 16:52:00,Brasil,PERNAMBUCO,TABIRA,Caatinga
 1738729907 ,efc3cde6-186c-32b6-9ee2-b761276dad4c,   -8.029840 ,  -37.862630 ,2024-12-27 16:52:00,Brasil,PERNAMBUCO,FLORES,Caatinga
 1738729908 ,e01a6b80-3492-3c2e-a8db-41fc1a0ea5bc,   -8.783760 ,  -35.777680 ,2024-12-27 16:52:00,Brasil,PERNAMBUCO,MARAIAL,Mata Atlântica
 1738729919 ,bc585f59-ded1-3556-ad91-271828342320,   -8.233900 ,  -39.047410 ,2024-12-27 16:52:00,Brasil,PERNAMBUCO,SALGUEIRO,Caatinga
 1738729945 ,d4735d15-5f1d-38f6-8dfb-77f7830cd0eb,   -9.160160 ,  -36.421040 ,2024-12-27 16:52:00,Brasil,PERNAMBUCO,LAGOA DO OURO,Mata Atlântica
 1738729950 ,5a2a9e0f-3154-31ac-8545-581b187c1daa,   -9.026380 ,  -36.385040 ,2024-12-27 16:52:00,Brasil,PERNAMBUCO,GARANHUNS,Mata Atlântica
 1738729963 ,e7e74b34-a944-3895-83b0-efadc2b76bce,   -7.604950 ,  -37.397350 ,2024-12-27 16:52:00,Brasil,PERNAMBUCO,SÃO JOSÉ DO EGITO,Caatinga
 1738729972 ,796ad9af-54df-3f22-b1d7-ae2e01017f0e,   -9.110240 ,  -36.717780 ,2024-12-27 16:52:00,Brasil,PERNAMBUCO,BOM CONSELHO,Caatinga
 1738729976 ,a84eeb18-b8fb-313b-9d26-cb9333b2a8e9,   -7.735640 ,  -37.563340 ,2024-12-27 16:52:00,Brasil,PERNAMBUCO,AFOGADOS DA INGAZEIRA,Caatinga
 1738729988 ,c0090fb9-3d1a-3d29-9007-afc83c05ebaa,   -7.870070 ,  -40.353800 ,2024-12-27 16:52:00,Brasil,PERNAMBUCO,OURICURI,Caatinga
 1738729989 ,3c27df3f-b91d-3b82-925b-d7d86d65db8d,   -8.506030 ,  -35.837250 ,2024-12-27 16:52:00,Brasil,PERNAMBUCO,SÃO JOAQUIM DO MONTE,Mata Atlântica
 1738729994 ,724fb6c0-6d23-3752-a0c8-8c0ccad072ce,   -7.588610 ,  -37.690980 ,2024-12-27 16:52:00,Brasil,PERNAMBUCO,SOLIDÃO,Caatinga
 1738730014 ,f0d5c0ff-c752-351f-8cef-c19fea711bda,   -7.504440 ,  -39.679520 ,2024-12-27 16:52:00,Brasil,PERNAMBUCO,EXU,Caatinga
 1738730028 ,51ce9ce9-a410-38b3-b73d-2b4a305468de,   -8.050310 ,  -35.368910 ,2024-12-27 16:52:00,Brasil,PERNAMBUCO,GLÓRIA DO GOITÁ,Mata Atlântica
 1738730044 ,69fbec94-63a3-36d4-bafc-c15a426bde3e,   -8.251050 ,  -35.481020 ,2024-12-27 16:52:00,Brasil,PERNAMBUCO,CHÃ GRANDE,Mata Atlântica
 1738730056 ,b0aa11d1-0576-37b0-992c-268c7ab107e9,   -7.651010 ,  -37.788520 ,2024-12-27 16:52:00,Brasil,PERNAMBUCO,QUIXABA,Caatinga
 1738730058 ,29c431e0-9b5f-3648-8656-b1c632e67497,   -8.594980 ,  -40.472820 ,2024-12-27 16:52:00,Brasil,PERNAMBUCO,DORMENTES,Caatinga
 1738730074 ,9dbe343e-a81a-3569-98a7-578d42f822a6,   -9.072840 ,  -37.113720 ,2024-12-27 16:52:00,Brasil,PERNAMBUCO,ÁGUAS BELAS,Caatinga
 1738730087 ,93220d4f-9354-329c-bd30-90a2f32c30b8,   -7.506350 ,  -39.693640 ,2024-12-27 16:52:00,Brasil,PERNAMBUCO,EXU,Caatinga
 1738730090 ,9bbb2dba-41b5-3b92-8259-c8e89ab6e2d9,   -7.797960 ,  -38.755560 ,2024-12-27 16:52:00,Brasil,PERNAMBUCO,SÃO JOSÉ DO BELMONTE,Caatinga
 1738730102 ,80b05a31-74d0-3fa0-87b3-6a6ef66e338f,   -8.434260 ,  -36.241810 ,2024-12-27 16:52:00,Brasil,PERNAMBUCO,TACAIMBÓ,Caatinga
 1738730104 ,c841a2c7-2d29-3ed1-a49c-0840de2d3709,   -7.680300 ,  -37.832780 ,2024-12-27 16:52:00,Brasil,PERNAMBUCO,QUIXABA,Caatinga
 1738730108 ,c8ac94ec-e8b1-3546-9414-084d71ae8fcb,   -7.775430 ,  -37.780860 ,2024-12-27 16:52:00,Brasil,PERNAMBUCO,CARNAÍBA,Caatinga
 1738730109 ,b2661c3d-6a82-3517-b52d-fe32ab31187c,   -7.773960 ,  -37.770270 ,2024-12-27 16:52:00,Brasil,PERNAMBUCO,CARNAÍBA,Caatinga
 1738730117 ,aaaa7f15-f7b5-389d-85bd-d2f994fb64a7,   -8.223350 ,  -39.048740 ,2024-12-27 16:52:00,Brasil,PERNAMBUCO,SALGUEIRO,Caatinga
 1738730119 ,de15b78b-12a8-3b06-9862-382349cdc77e,   -8.544650 ,  -36.494910 ,2024-12-27 16:52:00,Brasil,PERNAMBUCO,SÃO BENTO DO UNA,Caatinga
 1738730120 ,f5ce13ff-0493-3c97-8cf8-d49fc10b2a77,   -7.925310 ,  -37.534190 ,2024-12-27 16:52:00,Brasil,PERNAMBUCO,IGUARACY,Caatinga
 1738730121 ,faa0c1bf-a609-3ff9-835d-e58b0245d905,   -8.032710 ,  -38.918390 ,2024-12-27 16:52:00,Brasil,PERNAMBUCO,VERDEJANTE,Caatinga
 1738730148 ,4b246b9a-7296-3267-babc-42227a5c3366,   -8.432400 ,  -36.804950 ,2024-12-27 16:52:00,Brasil,PERNAMBUCO,ALAGOINHA,Caatinga
 1738730149 ,d1152bf8-ab62-3448-b99d-c420c272cff1,   -7.608510 ,  -37.489480 ,2024-12-27 16:52:00,Brasil,PERNAMBUCO,TABIRA,Caatinga
 1738730156 ,b682191d-d102-3f2f-9442-16a2edc3c0a3,   -8.252340 ,  -35.489920 ,2024-12-27 16:52:00,Brasil,PERNAMBUCO,CHÃ GRANDE,Mata Atlântica
 1738730164 ,2b5782d0-ac3a-3e65-b4da-f7151285d4b1,   -9.111600 ,  -36.727440 ,2024-12-27 16:52:00,Brasil,PERNAMBUCO,BOM CONSELHO,Caatinga
 1738730165 ,057bc275-fc74-34f5-be35-967cd191f8f3,   -7.554910 ,  -35.138930 ,2024-12-27 16:52:00,Brasil,PERNAMBUCO,ALIANÇA,Mata Atlântica
 1738730167 ,0ecdc514-1324-3c5f-87e6-638980005a30,   -7.761890 ,  -39.389760 ,2024-12-27 16:52:00,Brasil,PERNAMBUCO,SERRITA,Caatinga
 1738730168 ,859e74f4-482d-38c6-b5de-3e80c7102b45,   -9.071450 ,  -37.103740 ,2024-12-27 16:52:00,Brasil,PERNAMBUCO,ÁGUAS BELAS,Caatinga
 1738730170 ,024986e6-2317-3778-a8c4-7fcb4093842e,   -9.438880 ,  -40.573650 ,2024-12-27 16:52:00,Brasil,PERNAMBUCO,PETROLINA,Caatinga
 1738730171 ,892c34f9-f90e-3989-a720-487c94279bdd,   -8.782470 ,  -35.768670 ,2024-12-27 16:52:00,Brasil,PERNAMBUCO,MARAIAL,Mata Atlântica
 1738730172 ,f896d6f7-3c69-383f-867d-a170fdbea1e2,   -8.041480 ,  -35.370220 ,2024-12-27 16:52:00,Brasil,PERNAMBUCO,GLÓRIA DO GOITÁ,Mata Atlântica
 1738730215 ,e5ab5c95-1d15-3876-991c-f26f648464cc,   -7.590490 ,  -37.430210 ,2024-12-27 16:52:00,Brasil,PERNAMBUCO,SÃO JOSÉ DO EGITO,Caatinga
 1738730220 ,39505d59-df6b-39d3-b3da-c255940ea3a9,   -8.256450 ,  -39.401810 ,2024-12-27 16:52:00,Brasil,PERNAMBUCO,CABROBÓ,Caatinga
 1738730225 ,fabfe1ad-51d7-3800-8fe5-de4158fcaa62,   -7.923880 ,  -37.523930 ,2024-12-27 16:52:00,Brasil,PERNAMBUCO,IGUARACY,Caatinga
 1738730227 ,8b0c2d8f-f326-35b3-9361-c7911bfb0a14,   -7.948110 ,  -36.062990 ,2024-12-27 16:52:00,Brasil,PERNAMBUCO,TAQUARITINGA DO NORTE,Caatinga
 1738730230 ,0be690ea-c6b0-3806-bbc9-67c0f1cebafb,   -7.949440 ,  -36.072190 ,2024-12-27 16:52:00,Brasil,PERNAMBUCO,TAQUARITINGA DO NORTE,Caatinga
 1738730250 ,3a5d0dd8-46b8-3dda-971a-4fc0cd213737,   -8.073450 ,  -36.555540 ,2024-12-27 16:52:00,Brasil,PERNAMBUCO,JATAÚBA,Caatinga
 1738730260 ,dc977780-c9cc-3976-811c-48930803ce90,   -7.649480 ,  -37.777760 ,2024-12-27 16:52:00,Brasil,PERNAMBUCO,QUIXABA,Caatinga
 1738730263 ,189e4aab-0331-31e2-b98b-4b4485c4af77,   -9.082180 ,  -37.112080 ,2024-12-27 16:52:00,Brasil,PERNAMBUCO,ÁGUAS BELAS,Caatinga
 1738730267 ,4ce3ede3-bf2d-3eec-af37-9b6f5ef3d299,   -8.173640 ,  -34.948700 ,2024-12-27 16:52:00,Brasil,PERNAMBUCO,JABOATÃO DOS GUARARAPES,Mata Atlântica
 1738921863 ,561c0f8c-3e94-3b57-b528-7e22ae05c4ea,   -7.457460 ,  -40.132600 ,2024-12-28 17:32:00,Brasil,PERNAMBUCO,BODOCÓ,Caatinga
 1738922147 ,b06a6bfd-c8e9-3614-893b-25dd34509a67,   -8.304900 ,  -40.464160 ,2024-12-28 17:30:00,Brasil,PERNAMBUCO,SANTA FILOMENA,Caatinga
 1739096752 ,67ac1ff2-e1a1-35ff-b333-9777cdf4d650,   -8.383750 ,  -35.367940 ,2024-12-29 16:32:00,Brasil,PERNAMBUCO,PRIMAVERA,Mata Atlântica
 1739096763 ,88c0b0bd-f5a5-36e9-8bde-747ba0b5fcf6,   -7.445070 ,  -37.221400 ,2024-12-29 16:32:00,Brasil,PERNAMBUCO,SÃO JOSÉ DO EGITO,Caatinga
 1739096785 ,17c3ed96-2d88-33bb-9688-590f77e3d2d7,   -7.317370 ,  -37.350900 ,2024-12-29 16:32:00,Brasil,PERNAMBUCO,BREJINHO,Caatinga
 1739096817 ,a932ec48-72b3-37b3-989f-69647d8dab64,   -7.441930 ,  -37.214960 ,2024-12-29 16:32:00,Brasil,PERNAMBUCO,SÃO JOSÉ DO EGITO,Caatinga
 1739312926 ,4991534a-b629-3428-b7d5-d1576edf8505,   -7.910390 ,  -40.361010 ,2024-12-30 17:11:00,Brasil,PERNAMBUCO,OURICURI,Caatinga
 1739312947 ,88e44bd5-ac81-372c-90a6-1d26162e891d,   -8.017460 ,  -37.467530 ,2024-12-30 17:11:00,Brasil,PERNAMBUCO,SERTÂNIA,Caatinga
 1739312950 ,e6464e5c-a62e-3147-8a91-38c56eb064c5,   -7.624420 ,  -40.036110 ,2024-12-30 17:11:00,Brasil,PERNAMBUCO,BODOCÓ,Caatinga
 1739312952 ,e7412b37-77d9-3949-a59b-739718f4ab6c,   -7.411870 ,  -37.123610 ,2024-12-30 17:11:00,Brasil,PERNAMBUCO,ITAPETIM,Caatinga
 1739312964 ,713476e6-0dad-3e74-af3b-1671fe6261ae,   -8.110320 ,  -40.394900 ,2024-12-30 17:11:00,Brasil,PERNAMBUCO,SANTA CRUZ,Caatinga
 1739313015 ,7a47761f-0203-3327-9271-1e559a27ef00,   -7.474630 ,  -40.088920 ,2024-12-30 17:11:00,Brasil,PERNAMBUCO,BODOCÓ,Caatinga
 1739313041 ,bf4859c6-8479-3ee7-9659-a85d2cd83a15,   -7.996880 ,  -39.558550 ,2024-12-30 17:11:00,Brasil,PERNAMBUCO,PARNAMIRIM,Caatinga
 1739313073 ,eaf1179e-7441-34e1-a158-da3145c6671c,   -8.117860 ,  -40.384710 ,2024-12-30 17:11:00,Brasil,PERNAMBUCO,SANTA CRUZ,Caatinga
 1739313103 ,4a44604b-f2d6-3ea3-ba93-754e692ca3ee,   -8.019080 ,  -37.478270 ,2024-12-30 17:11:00,Brasil,PERNAMBUCO,SERTÂNIA,Caatinga
 1739313111 ,2e28b72c-750d-32c4-871c-31544d18923a,   -8.119150 ,  -40.393570 ,2024-12-30 17:11:00,Brasil,PERNAMBUCO,SANTA CRUZ,Caatinga
 1739313140 ,ebbc4664-1b2c-3912-a41c-a66d36d97e9d,   -8.493210 ,  -39.932700 ,2024-12-30 17:11:00,Brasil,PERNAMBUCO,SANTA MARIA DA BOA VISTA,Caatinga
 1739313171 ,52c43200-9f69-3479-8fb6-b4e7ab00bec0,   -7.842370 ,  -40.531570 ,2024-12-30 17:11:00,Brasil,PERNAMBUCO,ARARIPINA,Caatinga
 1739313201 ,03e2644b-7881-34a2-8835-c23a9f1ae5c8,   -7.992420 ,  -38.594240 ,2024-12-30 17:11:00,Brasil,PERNAMBUCO,SÃO JOSÉ DO BELMONTE,Caatinga
 1739313217 ,c7cecd6b-3ddd-3993-b7ce-60adbf4d0ec8,   -7.995560 ,  -39.549600 ,2024-12-30 17:11:00,Brasil,PERNAMBUCO,PARNAMIRIM,Caatinga
 1739313292 ,7af7883d-e268-310c-8147-0f054fd31892,   -8.220500 ,  -40.390010 ,2024-12-30 17:11:00,Brasil,PERNAMBUCO,SANTA CRUZ,Caatinga
 1739313295 ,85f9e161-d364-3fc4-81d3-a912f4cddc48,   -9.207490 ,  -36.865650 ,2024-12-30 17:11:00,Brasil,PERNAMBUCO,BOM CONSELHO,Caatinga
 1739313315 ,e3c9abd6-f027-3873-a9ac-6d4ebbdd02f3,   -7.421810 ,  -37.121990 ,2024-12-30 17:11:00,Brasil,PERNAMBUCO,ITAPETIM,Caatinga
