id_bdq,foco_id,lat,lon,data_pas,pais,estado,municipio,bioma
 1666218624 ,837b611a-1d61-3977-9c1d-55f977d89489,    1.350550 ,  -50.462920 ,2024-01-02 17:09:00,Brasil,AMAPÁ,AMAPÁ,Amazônia
 1669215330 ,716c8128-52bf-3ade-bc21-94b1a58326d6,    -.739780 ,  -52.403720 ,2024-01-24 17:34:00,Brasil,AMAPÁ,LARANJAL DO JARI,Amazônia
 1671819206 ,9dd5e75e-99a8-3a2b-a74a-887ba9824392,    -.708190 ,  -52.424110 ,2024-01-31 17:28:00,Brasil,AMAPÁ,LARANJAL DO JARI,Amazônia
 1674691596 ,81de7719-5254-3e6e-ab8b-263a294c44db,    -.743460 ,  -52.455620 ,2024-02-17 17:45:00,Brasil,AMAPÁ,LARANJAL DO JARI,Amazônia
 1681268424 ,672f50c7-e229-3f85-a7e7-3186ec341551,     .689440 ,  -50.967160 ,2024-04-02 17:28:00,Brasil,AMAPÁ,MACAPÁ,Amazônia
 1685648982 ,f0fe0b7a-ee23-3b97-827f-a329904ee8cd,    -.043180 ,  -51.176940 ,2024-04-29 17:56:00,Brasil,AMAPÁ,SANTANA,Amazônia
 1688162952 ,95debb87-878a-3d3d-9415-bc8a6b427b87,    -.839790 ,  -52.525470 ,2024-05-15 17:24:00,Brasil,AMAPÁ,LARANJAL DO JARI,Amazônia
 1713017360 ,6accde38-0127-335e-b10b-ec26eee2c98a,    1.127990 ,  -50.934520 ,2024-08-22 17:24:00,Brasil,AMAPÁ,TARTARUGALZINHO,Amazônia
 1713017446 ,a1e4a1cc-6677-3e47-a272-eb1445a5d4fa,     .215980 ,  -51.435000 ,2024-08-22 17:24:00,Brasil,AMAPÁ,SANTANA,Amazônia
 1713469807 ,9d9922cf-2155-37e6-a039-daf89eb61249,     .565010 ,  -50.847230 ,2024-08-23 18:04:00,Brasil,AMAPÁ,MACAPÁ,Amazônia
 1714104160 ,9ebc8ca0-f218-3d2a-a00c-540140e93d8d,    1.518420 ,  -50.903710 ,2024-08-25 17:47:00,Brasil,AMAPÁ,TARTARUGALZINHO,Amazônia
 1714104161 ,bbf52879-8f17-3b15-96f3-280964c1ed7f,    1.325190 ,  -50.832750 ,2024-08-25 17:47:00,Brasil,AMAPÁ,TARTARUGALZINHO,Amazônia
 1714104162 ,3ba8b362-05af-3e62-913b-ed54ce9aa532,     .471360 ,  -50.993890 ,2024-08-25 17:47:00,Brasil,AMAPÁ,MACAPÁ,Amazônia
 1714104163 ,37bb3767-8adb-355a-a6f7-aebf032ef2ad,     .469950 ,  -51.003530 ,2024-08-25 17:47:00,Brasil,AMAPÁ,MACAPÁ,Amazônia
 1714104164 ,9dcd3670-f1db-354d-aee6-62da0c7e03c9,     .462120 ,  -50.992520 ,2024-08-25 17:47:00,Brasil,AMAPÁ,MACAPÁ,Amazônia
 1714104518 ,7d0cf522-6e02-39de-aa14-c04dd6e76cf5,    2.528330 ,  -50.994030 ,2024-08-25 17:47:00,Brasil,AMAPÁ,CALÇOENE,Amazônia
 1715579273 ,6be873a6-28ee-3e29-a050-18dda7bc4038,     .627830 ,  -50.806690 ,2024-08-29 17:11:00,Brasil,AMAPÁ,ITAUBAL,Amazônia
 1715579274 ,32ebdc45-222a-3288-98d1-18f2bdb99aef,     .624640 ,  -50.827810 ,2024-08-29 17:11:00,Brasil,AMAPÁ,ITAUBAL,Amazônia
 1715975747 ,2efabf73-4944-329c-9240-452ebe8f3176,    1.061040 ,  -52.338530 ,2024-08-30 17:52:00,Brasil,AMAPÁ,PEDRA BRANCA DO AMAPARI,Amazônia
 1717354278 ,3b2be470-29f5-363a-8932-8a98cf3d476a,     .121920 ,  -51.146490 ,2024-09-03 17:17:00,Brasil,AMAPÁ,MACAPÁ,Amazônia
 1718510755 ,5dca884e-b786-3566-b3c5-dedacfff376b,    2.200610 ,  -50.719610 ,2024-09-06 17:39:00,Brasil,AMAPÁ,CALÇOENE,Amazônia
 1718510756 ,ad56e5ce-bfc7-31ae-b348-ff5ebda28f2b,    2.199320 ,  -50.728500 ,2024-09-06 17:39:00,Brasil,AMAPÁ,CALÇOENE,Amazônia
 1718510757 ,e775ca99-5135-3231-9de2-529bbe68f625,    2.190610 ,  -50.711600 ,2024-09-06 17:39:00,Brasil,AMAPÁ,CALÇOENE,Amazônia
 1718510758 ,4924b1f2-4c1e-3d28-888c-b79586996d37,    2.174120 ,  -50.700120 ,2024-09-06 17:39:00,Brasil,AMAPÁ,CALÇOENE,Amazônia
 1718510759 ,a7790019-3167-39b8-acaf-cfca28516fca,    2.172830 ,  -50.709010 ,2024-09-06 17:39:00,Brasil,AMAPÁ,CALÇOENE,Amazônia
 1718510760 ,234579af-aaf5-3240-bad8-ff7bd3108563,    1.021320 ,  -50.954450 ,2024-09-06 17:39:00,Brasil,AMAPÁ,TARTARUGALZINHO,Amazônia
 1718510761 ,15c449ec-8291-3a6b-bb61-eb01cde75796,    1.020040 ,  -50.963250 ,2024-09-06 17:39:00,Brasil,AMAPÁ,TARTARUGALZINHO,Amazônia
 1718511345 ,9da2dcb5-8b0d-352c-8975-df344724f0a2,    4.004560 ,  -51.697940 ,2024-09-06 17:41:00,Brasil,AMAPÁ,OIAPOQUE,Amazônia
 1718511346 ,f9796577-004f-38bb-a0cb-8cd25620ac18,    3.733740 ,  -51.847080 ,2024-09-06 17:41:00,Brasil,AMAPÁ,OIAPOQUE,Amazônia
 1718511347 ,ea8b6526-adee-3e15-8ea8-4849505e0667,    2.398220 ,  -51.004990 ,2024-09-06 17:39:00,Brasil,AMAPÁ,CALÇOENE,Amazônia
 1718511348 ,98742d79-5ae9-33cc-b63e-579e2d69d7f7,    2.396940 ,  -51.013820 ,2024-09-06 17:39:00,Brasil,AMAPÁ,CALÇOENE,Amazônia
 1718511349 ,8417f9ad-60c3-3b43-ae6d-1427577fc42c,    2.395660 ,  -51.022660 ,2024-09-06 17:39:00,Brasil,AMAPÁ,CALÇOENE,Amazônia
 1718511350 ,9d73a786-891f-3636-be6d-3a237307bf65,    -.642980 ,  -52.319830 ,2024-09-06 17:39:00,Brasil,AMAPÁ,LARANJAL DO JARI,Amazônia
 1718511351 ,a5337e26-6ad1-34c8-a524-012c07c85f98,    -.641620 ,  -52.310440 ,2024-09-06 17:39:00,Brasil,AMAPÁ,LARANJAL DO JARI,Amazônia
 1719259313 ,bec8d227-86fe-3f0f-807c-e9f036bed542,    1.341600 ,  -50.664650 ,2024-09-08 17:22:00,Brasil,AMAPÁ,TARTARUGALZINHO,Amazônia
 1719259314 ,1bf1c714-7b33-32ec-9b38-a24831da7816,    1.332950 ,  -50.650280 ,2024-09-08 17:22:00,Brasil,AMAPÁ,TARTARUGALZINHO,Amazônia
 1719259315 ,b5719beb-2a70-3b80-8321-12118d35a375,    1.331040 ,  -50.663090 ,2024-09-08 17:22:00,Brasil,AMAPÁ,TARTARUGALZINHO,Amazônia
 1719259475 ,7c93ef29-5b0a-3efb-84f3-6f61fea385df,    2.544120 ,  -51.100990 ,2024-09-08 17:24:00,Brasil,AMAPÁ,CALÇOENE,Amazônia
 1720029113 ,329c6f49-910f-3ddf-915d-693041737377,    2.307310 ,  -50.961750 ,2024-09-10 17:05:00,Brasil,AMAPÁ,CALÇOENE,Amazônia
 1716536819 ,1cfe20fe-8695-31f2-84a1-a04dc531edcd,    1.181590 ,  -50.729640 ,2024-09-01 17:34:00,Brasil,AMAPÁ,TARTARUGALZINHO,Amazônia
 1717730333 ,f0f78bf7-72df-34c0-b405-3657557f72e9,    1.230640 ,  -50.791150 ,2024-09-04 17:56:00,Brasil,AMAPÁ,TARTARUGALZINHO,Amazônia
 1695522041 ,19a8c949-66c5-3743-8abf-9bffc83974d1,    1.301480 ,  -50.871920 ,2024-06-28 17:49:00,Brasil,AMAPÁ,TARTARUGALZINHO,Amazônia
 1721643999 ,43ba56c1-cd35-376b-be19-f9554f93064a,    1.944860 ,  -50.833700 ,2024-09-14 18:06:00,Brasil,AMAPÁ,AMAPÁ,Amazônia
 1721644000 ,0bd7ccc5-2ced-38ed-913e-d5ed058e6c9a,    1.415800 ,  -50.751530 ,2024-09-14 18:06:00,Brasil,AMAPÁ,TARTARUGALZINHO,Amazônia
 1721644001 ,b0010eff-b797-334e-b082-c6fbd5785c27,    1.412540 ,  -50.774620 ,2024-09-14 18:06:00,Brasil,AMAPÁ,TARTARUGALZINHO,Amazônia
 1721644002 ,cd60c8c1-9415-35c6-af96-0259748897b9,    1.408660 ,  -50.742900 ,2024-09-14 18:06:00,Brasil,AMAPÁ,TARTARUGALZINHO,Amazônia
 1721644003 ,c06ea03c-b750-37bf-928a-b297b4dad2c8,    1.405230 ,  -50.765970 ,2024-09-14 18:06:00,Brasil,AMAPÁ,TARTARUGALZINHO,Amazônia
 1721644004 ,7499f070-a45e-382b-ab46-bb0be9bd0b0f,     .157740 ,  -51.143880 ,2024-09-14 18:06:00,Brasil,AMAPÁ,MACAPÁ,Amazônia
 1721644266 ,7074659f-0757-3c7e-bab3-a4584c2598db,   -1.091940 ,  -52.243310 ,2024-09-14 18:06:00,Brasil,AMAPÁ,VITÓRIA DO JARI,Amazônia
 1721997154 ,0e5de6e4-fe4b-3f3e-b5e7-afb94021c1a2,    2.589720 ,  -50.977640 ,2024-09-15 17:09:00,Brasil,AMAPÁ,CALÇOENE,Amazônia
 1721997155 ,92cf8ff4-a034-374b-94d0-1d8071a7cb96,    2.584330 ,  -50.972050 ,2024-09-15 17:09:00,Brasil,AMAPÁ,CALÇOENE,Amazônia
 1721997156 ,3e089a92-9aea-3666-a49b-8764f79f546a,     .585740 ,  -51.595450 ,2024-09-15 17:09:00,Brasil,AMAPÁ,PORTO GRANDE,Amazônia
 1721997157 ,f949193c-e6ae-38a8-bae8-8c9d4a326a41,     .584340 ,  -51.602150 ,2024-09-15 17:09:00,Brasil,AMAPÁ,PORTO GRANDE,Amazônia
 1722988584 ,5f4ae49f-fd1b-36af-b036-40f3863d7cf8,    2.392870 ,  -51.031360 ,2024-09-18 17:32:00,Brasil,AMAPÁ,CALÇOENE,Amazônia
 1722988643 ,09c05c4b-953e-30f5-9125-254396d429da,    2.934950 ,  -51.108830 ,2024-09-18 17:32:00,Brasil,AMAPÁ,CALÇOENE,Amazônia
 1722988822 ,10986075-6ec1-3929-bd06-e5baac3688f7,    2.130640 ,  -50.686620 ,2024-09-18 17:32:00,Brasil,AMAPÁ,AMAPÁ,Amazônia
 1722988823 ,64fe7105-7942-3c28-8aae-5f158a7915b1,    2.075350 ,  -50.745810 ,2024-09-18 17:32:00,Brasil,AMAPÁ,AMAPÁ,Amazônia
 1722988824 ,906c0632-7b66-367f-81c2-a6eb20cf0a14,    2.047960 ,  -50.867910 ,2024-09-18 17:32:00,Brasil,AMAPÁ,AMAPÁ,Amazônia
 1722988825 ,5ea9fc61-7d60-3e54-b20e-aa4e1d3677fd,    1.437130 ,  -50.754460 ,2024-09-18 17:32:00,Brasil,AMAPÁ,TARTARUGALZINHO,Amazônia
 1722988826 ,03226a6b-046b-3e4d-afee-9dff18f8afcb,    1.435720 ,  -50.764020 ,2024-09-18 17:32:00,Brasil,AMAPÁ,TARTARUGALZINHO,Amazônia
 1722988827 ,c9ec88b1-e65f-3d93-b1c7-0cecb9a9ad0c,     .678690 ,  -50.702340 ,2024-09-18 17:32:00,Brasil,AMAPÁ,MACAPÁ,Amazônia
 1722988828 ,ee0082ae-30c9-35ea-a98f-22de5c934101,     .677260 ,  -50.712000 ,2024-09-18 17:32:00,Brasil,AMAPÁ,MACAPÁ,Amazônia
 1722989769 ,c9c68546-0d0d-3828-bdcb-452f3869cda5,    -.380080 ,  -51.761620 ,2024-09-18 17:32:00,Brasil,AMAPÁ,MAZAGÃO,Amazônia
 1722989770 ,e2ec8743-44f5-3fc8-b3dc-1e550d15e4e4,    -.381750 ,  -51.772940 ,2024-09-18 17:32:00,Brasil,AMAPÁ,MAZAGÃO,Amazônia
 1722989771 ,b2832e4a-e9a2-3bc3-a23b-90516ddebfaf,    2.391440 ,  -51.041000 ,2024-09-18 17:32:00,Brasil,AMAPÁ,CALÇOENE,Amazônia
 1723528687 ,40a0bcec-10e0-3ba4-8afc-49e8848bc4b2,    2.352900 ,  -50.889660 ,2024-09-20 17:15:00,Brasil,AMAPÁ,CALÇOENE,Amazônia
 1723528688 ,dd485389-e41c-36f0-9513-b6e8c6b221a9,    2.352550 ,  -50.884590 ,2024-09-20 17:15:00,Brasil,AMAPÁ,CALÇOENE,Amazônia
 1723528689 ,85ea08b0-5676-3cb0-873a-88acc4bc6700,    2.349930 ,  -50.908680 ,2024-09-20 17:15:00,Brasil,AMAPÁ,CALÇOENE,Amazônia
 1723528690 ,052de0ac-20dd-3441-b11f-850c56428e72,    2.349730 ,  -50.903640 ,2024-09-20 17:15:00,Brasil,AMAPÁ,CALÇOENE,Amazônia
 1723528691 ,11e2993f-6665-30d2-af8a-d2baa608efaa,    1.921430 ,  -50.692490 ,2024-09-20 17:15:00,Brasil,AMAPÁ,AMAPÁ,Amazônia
 1723528692 ,757119cc-f511-33af-8ea9-1fe8fa7ca086,    1.910700 ,  -50.697630 ,2024-09-20 17:15:00,Brasil,AMAPÁ,AMAPÁ,Amazônia
 1723528693 ,f6465c2d-35f3-3949-a69b-fc3db5c68a61,    1.185440 ,  -50.715050 ,2024-09-20 17:15:00,Brasil,AMAPÁ,TARTARUGALZINHO,Amazônia
 1723528782 ,8f92d4ad-8af3-3322-8c34-79c73cf8e915,    -.423670 ,  -52.026970 ,2024-09-20 17:13:00,Brasil,AMAPÁ,MAZAGÃO,Amazônia
 1723819023 ,cfe1ec1d-6b12-3f64-bca8-e96a9c7cb820,    2.186160 ,  -50.872040 ,2024-09-21 17:54:00,Brasil,AMAPÁ,CALÇOENE,Amazônia
 1723819022 ,0b6658c1-bf1d-301c-acb2-71137a9afa22,    2.226270 ,  -50.890700 ,2024-09-21 17:54:00,Brasil,AMAPÁ,CALÇOENE,Amazônia
 1723819024 ,64d39c77-984a-3f5f-b40b-4e1aed03e2c0,    1.491980 ,  -50.875400 ,2024-09-21 17:54:00,Brasil,AMAPÁ,TARTARUGALZINHO,Amazônia
 1723819025 ,8fdaad49-403d-3b0d-af9e-c7b7e846ae88,    1.481600 ,  -50.873940 ,2024-09-21 17:54:00,Brasil,AMAPÁ,TARTARUGALZINHO,Amazônia
 1723819026 ,e273a6a5-c9eb-3b93-a5f8-4025c192b1ff,    1.245890 ,  -50.939790 ,2024-09-21 17:54:00,Brasil,AMAPÁ,TARTARUGALZINHO,Amazônia
 1723819027 ,665f4524-f894-3eeb-af40-e3abe6068528,     .238720 ,  -51.051440 ,2024-09-21 17:54:00,Brasil,AMAPÁ,MACAPÁ,Amazônia
 1723819471 ,86a611e7-3b41-3baf-b9df-18024dcc90fc,    2.393910 ,  -51.004100 ,2024-09-21 17:54:00,Brasil,AMAPÁ,CALÇOENE,Amazônia
 1723819472 ,baa5ac2d-719b-30ad-b8f0-eea2d3c414a8,    -.192440 ,  -51.550460 ,2024-09-21 17:54:00,Brasil,AMAPÁ,MAZAGÃO,Amazônia
 1723819473 ,283e151f-238a-3a7c-8bdb-6751912489a1,    -.190880 ,  -51.539820 ,2024-09-21 17:54:00,Brasil,AMAPÁ,MAZAGÃO,Amazônia
 1723819474 ,a50b214a-e008-39ac-a9eb-a32faf46e1bc,    -.118430 ,  -51.534410 ,2024-09-21 17:54:00,Brasil,AMAPÁ,MAZAGÃO,Amazônia
 1725152240 ,ee7375a2-37f7-3c78-a672-636340943df3,     .228770 ,  -51.073120 ,2024-09-27 17:02:00,Brasil,AMAPÁ,MACAPÁ,Amazônia
 1725295210 ,b6f09c85-5680-3312-80a7-fa542d0dfee0,    2.428450 ,  -50.777890 ,2024-09-28 17:41:00,Brasil,AMAPÁ,CALÇOENE,Amazônia
 1725295211 ,0bd43ed4-a03d-3cfb-bede-62ba3c5b3e12,    2.208890 ,  -50.754220 ,2024-09-28 17:41:00,Brasil,AMAPÁ,CALÇOENE,Amazônia
 1725295212 ,ce56125f-3a2c-3ebb-aa18-53813dd9ed75,    2.207610 ,  -50.763070 ,2024-09-28 17:41:00,Brasil,AMAPÁ,CALÇOENE,Amazônia
 1725295213 ,f5f397b6-3500-39c5-95a5-196777f206a0,    1.482710 ,  -50.938980 ,2024-09-28 17:41:00,Brasil,AMAPÁ,TARTARUGALZINHO,Amazônia
 1725295214 ,b24e85f7-3489-3a24-b06a-2f134643f510,    1.374840 ,  -50.722170 ,2024-09-28 17:41:00,Brasil,AMAPÁ,TARTARUGALZINHO,Amazônia
 1725295215 ,39563b9d-69a0-36b5-b56e-bf16083c98f9,    -.046020 ,  -51.363850 ,2024-09-28 17:41:00,Brasil,AMAPÁ,SANTANA,Amazônia
 1725295216 ,9cdaef02-0f65-3e05-82e6-d76015b8d34b,    -.044730 ,  -51.354990 ,2024-09-28 17:41:00,Brasil,AMAPÁ,SANTANA,Amazônia
 1725295272 ,ae863fe7-5314-37af-8cfc-2612f2b80a53,    3.714900 ,  -51.508000 ,2024-09-28 17:41:00,Brasil,AMAPÁ,OIAPOQUE,Amazônia
 1725295273 ,ec2953a6-e0e2-3406-ba45-08bd6bca39bf,    3.192130 ,  -51.295790 ,2024-09-28 17:41:00,Brasil,AMAPÁ,OIAPOQUE,Amazônia
 1725295274 ,6670094c-6f15-3169-8d66-b29c89c2d6c2,    3.184570 ,  -51.285700 ,2024-09-28 17:41:00,Brasil,AMAPÁ,OIAPOQUE,Amazônia
 1725295275 ,a1252af8-e429-3f05-b7bc-fddb74a7e103,    2.362160 ,  -50.969250 ,2024-09-28 17:41:00,Brasil,AMAPÁ,CALÇOENE,Amazônia
 1725295276 ,c28393a3-26ab-3fb6-a46e-541b2ca25604,    2.360880 ,  -50.978070 ,2024-09-28 17:41:00,Brasil,AMAPÁ,CALÇOENE,Amazônia
 1725295277 ,8d97ae8c-82df-32c1-a99e-b7dc0c16a172,     .714760 ,  -52.023360 ,2024-09-28 17:41:00,Brasil,AMAPÁ,PEDRA BRANCA DO AMAPARI,Amazônia
 1725295278 ,873095b9-2865-3260-9478-9131e3f76ac5,     .119130 ,  -51.746490 ,2024-09-28 17:41:00,Brasil,AMAPÁ,MAZAGÃO,Amazônia
 1725295279 ,56368fef-0050-3c30-9e10-99658b93d81e,    -.423280 ,  -52.111620 ,2024-09-28 17:41:00,Brasil,AMAPÁ,LARANJAL DO JARI,Amazônia
 1725295280 ,50bd6e61-900b-3753-978c-35ed43020cbd,    -.421930 ,  -52.102360 ,2024-09-28 17:41:00,Brasil,AMAPÁ,LARANJAL DO JARI,Amazônia
 1725295324 ,6d28cd47-deb8-35e5-b904-91050601ffb4,    1.203330 ,  -52.909610 ,2024-09-28 17:41:00,Brasil,AMAPÁ,PEDRA BRANCA DO AMAPARI,Amazônia
 1727189403 ,0cf70a3e-3ea8-3c36-8bfe-125f7593e059,     .382610 ,  -50.864980 ,2024-10-07 17:09:00,Brasil,AMAPÁ,MACAPÁ,Amazônia
 1727189410 ,e9e04d27-11ee-3fe7-a79e-c9601852a0ae,    1.302600 ,  -51.236760 ,2024-10-07 17:09:00,Brasil,AMAPÁ,TARTARUGALZINHO,Amazônia
 1726388567 ,5eb9bc1a-4ea8-387e-8d7d-1463d6d40a3d,    2.338590 ,  -50.783820 ,2024-10-03 17:47:00,Brasil,AMAPÁ,CALÇOENE,Amazônia
 1726388568 ,8e4d01a3-944d-3302-b155-59137d3365cd,    2.329490 ,  -50.782500 ,2024-10-03 17:47:00,Brasil,AMAPÁ,CALÇOENE,Amazônia
 1726388675 ,7a88695a-3529-3905-be42-dca89478cddf,    3.386590 ,  -51.190220 ,2024-10-03 17:47:00,Brasil,AMAPÁ,OIAPOQUE,Amazônia
 1726388676 ,0766b120-5751-37f4-bbba-f5855ae380fe,    2.580730 ,  -51.027720 ,2024-10-03 17:47:00,Brasil,AMAPÁ,CALÇOENE,Amazônia
 1726388677 ,548baba7-0427-3b12-950f-bc21451b05b4,    2.579400 ,  -51.036950 ,2024-10-03 17:47:00,Brasil,AMAPÁ,CALÇOENE,Amazônia
 1726388678 ,cb4c466a-c164-3694-a8b3-cc6d54627acd,    2.402980 ,  -51.678000 ,2024-10-03 17:47:00,Brasil,AMAPÁ,CALÇOENE,Amazônia
 1726795318 ,8409ae31-1ae4-3095-b870-c4e8b0daa507,   -1.074780 ,  -52.272040 ,2024-10-05 17:26:00,Brasil,AMAPÁ,VITÓRIA DO JARI,Amazônia
 1726795580 ,1f46e510-cb69-33fe-bcbe-f74b939be174,    -.311830 ,  -52.080260 ,2024-10-05 17:26:00,Brasil,AMAPÁ,MAZAGÃO,Amazônia
 1726795650 ,3da0a8af-eb88-341a-9be2-39d2d588d2c7,    3.282990 ,  -51.356430 ,2024-10-05 17:28:00,Brasil,AMAPÁ,OIAPOQUE,Amazônia
 1726795651 ,fc9b0d0a-caa5-31f4-8702-d5f3f4a18e79,    2.406180 ,  -50.916730 ,2024-10-05 17:28:00,Brasil,AMAPÁ,CALÇOENE,Amazônia
 1726795652 ,feddee56-04b6-3701-8443-875029b6c5a0,    2.393370 ,  -50.800050 ,2024-10-05 17:28:00,Brasil,AMAPÁ,CALÇOENE,Amazônia
 1726795653 ,daeddd1b-bbae-31e7-b56e-e17fef9d1728,    2.392500 ,  -50.793400 ,2024-10-05 17:28:00,Brasil,AMAPÁ,CALÇOENE,Amazônia
 1726795654 ,24e8d041-af3b-3d8d-9d5f-dd0d7af61fa0,    2.390880 ,  -50.804550 ,2024-10-05 17:28:00,Brasil,AMAPÁ,CALÇOENE,Amazônia
 1726795655 ,649ac9d3-8a05-31ec-aa48-fa21183f1269,    2.381000 ,  -50.803080 ,2024-10-05 17:28:00,Brasil,AMAPÁ,CALÇOENE,Amazônia
 1726795656 ,fca2c830-8a47-3f0f-8b4d-8e8b0b85472a,    1.359110 ,  -50.864520 ,2024-10-05 17:28:00,Brasil,AMAPÁ,TARTARUGALZINHO,Amazônia
 1726795657 ,432181e8-1265-3ef6-9c1b-5a2b7c2b6f33,    1.357420 ,  -50.876160 ,2024-10-05 17:28:00,Brasil,AMAPÁ,TARTARUGALZINHO,Amazônia
 1726795660 ,f1817d89-50f2-3043-8bea-224f99772f56,    1.349030 ,  -50.863040 ,2024-10-05 17:28:00,Brasil,AMAPÁ,TARTARUGALZINHO,Amazônia
 1726795661 ,66154b8c-742b-3892-94df-ce17e4975ba4,    1.347330 ,  -50.874690 ,2024-10-05 17:28:00,Brasil,AMAPÁ,TARTARUGALZINHO,Amazônia
 1726795662 ,46ed47e2-0b7f-3a4a-91c4-83af9a30dcf4,    1.345630 ,  -50.886340 ,2024-10-05 17:28:00,Brasil,AMAPÁ,TARTARUGALZINHO,Amazônia
 1726795663 ,afc44ff7-4ef6-3f1d-b800-6ad4c792cfab,     .415280 ,  -50.736640 ,2024-10-05 17:26:00,Brasil,AMAPÁ,MACAPÁ,Amazônia
 1726796094 ,7e92cb96-0284-36d9-a7c5-de4501b4de52,   -1.077080 ,  -52.287960 ,2024-10-05 17:26:00,Brasil,AMAPÁ,VITÓRIA DO JARI,Amazônia
 1727403015 ,175a3eba-40e5-39f3-b298-2742b8b62329,    2.495240 ,  -50.895340 ,2024-10-08 17:49:00,Brasil,AMAPÁ,CALÇOENE,Amazônia
 1727403016 ,10a1e5ea-3a30-30be-a2fc-63d7c6909f4f,    2.293070 ,  -50.884940 ,2024-10-08 17:49:00,Brasil,AMAPÁ,CALÇOENE,Amazônia
 1727403017 ,a4875b69-0c0a-3f2f-8b36-6b79334ce167,    1.731870 ,  -50.807940 ,2024-10-08 17:49:00,Brasil,AMAPÁ,PRACUÚBA,Amazônia
 1727403018 ,77577cea-b1d3-340b-a35e-51adbfa57cbe,    1.730430 ,  -50.818040 ,2024-10-08 17:49:00,Brasil,AMAPÁ,PRACUÚBA,Amazônia
 1727403019 ,935b23f0-0fb4-3551-a0aa-231d08353929,    1.626060 ,  -50.898700 ,2024-10-08 17:49:00,Brasil,AMAPÁ,PRACUÚBA,Amazônia
 1727403020 ,afa94fb3-81fe-3d4a-94e8-d9d724ff235d,    1.287900 ,  -50.885720 ,2024-10-08 17:49:00,Brasil,AMAPÁ,TARTARUGALZINHO,Amazônia
 1727403021 ,b0d68dfc-7ee0-3768-8a7b-bd5f7db72f58,     .269990 ,  -50.850320 ,2024-10-08 17:49:00,Brasil,AMAPÁ,MACAPÁ,Amazônia
 1727403022 ,3318e90a-674c-3314-aba4-e6e812006dd1,     .260720 ,  -50.848960 ,2024-10-08 17:49:00,Brasil,AMAPÁ,MACAPÁ,Amazônia
 1727403023 ,8ef20033-5c86-31a1-a08d-4767239ca89f,     .259310 ,  -50.858690 ,2024-10-08 17:49:00,Brasil,AMAPÁ,MACAPÁ,Amazônia
 1727403024 ,f394e515-c2f6-37f8-8ea2-c0f42da69c62,     .250590 ,  -50.787770 ,2024-10-08 17:49:00,Brasil,AMAPÁ,MACAPÁ,Amazônia
 1727403025 ,f6d6857f-d98d-3408-a851-ae0e9ef656e4,     .106350 ,  -51.209410 ,2024-10-08 17:49:00,Brasil,AMAPÁ,SANTANA,Amazônia
 1727403026 ,70357ab7-7169-371d-8a5c-2fa80a6a545b,     .105000 ,  -51.218780 ,2024-10-08 17:49:00,Brasil,AMAPÁ,SANTANA,Amazônia
 1727403179 ,97777c9d-0946-322b-aa28-036b3d189549,    4.050370 ,  -51.617930 ,2024-10-08 17:52:00,Brasil,AMAPÁ,OIAPOQUE,Amazônia
 1727403180 ,cc6e5c1f-342d-331f-8a09-ab98a1991cc3,    4.048960 ,  -51.627700 ,2024-10-08 17:52:00,Brasil,AMAPÁ,OIAPOQUE,Amazônia
 1727403181 ,e55bb4fb-0653-3bae-83f5-9f8ae5c688fa,    3.508630 ,  -51.472700 ,2024-10-08 17:49:00,Brasil,AMAPÁ,OIAPOQUE,Amazônia
 1727403182 ,c01e6348-6e46-3c09-bbc7-dd148f8a92b4,    3.503000 ,  -51.511870 ,2024-10-08 17:49:00,Brasil,AMAPÁ,OIAPOQUE,Amazônia
 1727403183 ,8247997b-eef2-32e8-8ef2-bebb0b4df711,    3.463130 ,  -51.526010 ,2024-10-08 17:49:00,Brasil,AMAPÁ,OIAPOQUE,Amazônia
 1727403184 ,981b437a-1088-343d-b8ef-92c3efc23f30,    3.410360 ,  -51.310780 ,2024-10-08 17:49:00,Brasil,AMAPÁ,OIAPOQUE,Amazônia
 1727403185 ,d8725371-3bab-3932-8603-316e39e2a6bf,    3.334600 ,  -51.334720 ,2024-10-08 17:49:00,Brasil,AMAPÁ,OIAPOQUE,Amazônia
 1727403186 ,a02e63dc-abd8-3b97-892b-2e1269a61bdf,    3.329500 ,  -51.303620 ,2024-10-08 17:49:00,Brasil,AMAPÁ,OIAPOQUE,Amazônia
 1727403187 ,4f32f9e4-ce65-320c-9730-46f8c67d2df1,    2.525980 ,  -51.050040 ,2024-10-08 17:49:00,Brasil,AMAPÁ,CALÇOENE,Amazônia
 1727403188 ,c3ef8f4e-e4e3-3d5f-bb2d-a3ab264e9fdc,    2.520860 ,  -51.018530 ,2024-10-08 17:49:00,Brasil,AMAPÁ,CALÇOENE,Amazônia
 1727403189 ,d36361a1-8c2e-35bc-8321-600cfe09c46e,    2.287950 ,  -50.987300 ,2024-10-08 17:49:00,Brasil,AMAPÁ,CALÇOENE,Amazônia
 1727403190 ,bd94817d-178b-3c95-a0fb-e59b5d4ba92c,    2.286500 ,  -50.997360 ,2024-10-08 17:49:00,Brasil,AMAPÁ,CALÇOENE,Amazônia
 1727403191 ,b34112cc-05f7-3786-8b09-f1c3589da1a4,    1.561220 ,  -51.219760 ,2024-10-08 17:49:00,Brasil,AMAPÁ,TARTARUGALZINHO,Amazônia
 1727403192 ,5cda7a04-ab4c-3d38-a698-1a36023ab5fd,    -.505490 ,  -51.865150 ,2024-10-08 17:49:00,Brasil,AMAPÁ,MAZAGÃO,Amazônia
 1727403193 ,d8e3f014-d806-3c55-b729-b69736989250,    -.504190 ,  -51.856230 ,2024-10-08 17:49:00,Brasil,AMAPÁ,MAZAGÃO,Amazônia
 1727403194 ,7195994a-5790-3e7e-841f-9fe286665e39,    -.502890 ,  -51.847300 ,2024-10-08 17:49:00,Brasil,AMAPÁ,MAZAGÃO,Amazônia
 1727403195 ,61b8ccbe-13fc-3fcc-8cbf-0e4a7907d2b1,    -.453560 ,  -51.833810 ,2024-10-08 17:49:00,Brasil,AMAPÁ,MAZAGÃO,Amazônia
 1727403196 ,0b15878f-62cc-31cc-98c1-5a7c4a46f2bc,    -.452260 ,  -51.824850 ,2024-10-08 17:49:00,Brasil,AMAPÁ,MAZAGÃO,Amazônia
 1727403197 ,54029b0d-eedd-3875-9af0-4a1ed08bd949,     .703730 ,  -52.118880 ,2024-10-08 17:49:00,Brasil,AMAPÁ,PEDRA BRANCA DO AMAPARI,Amazônia
 1727403221 ,67440963-680a-3dfc-b577-064d140bb77f,    -.936950 ,  -52.417900 ,2024-10-08 17:49:00,Brasil,AMAPÁ,VITÓRIA DO JARI,Amazônia
 1720485101 ,16c453f1-7f91-3e8d-b6a4-52420c1effce,    1.276810 ,  -51.123930 ,2024-09-11 17:45:00,Brasil,AMAPÁ,TARTARUGALZINHO,Amazônia
 1720485102 ,b9f7a594-32aa-3734-80a4-7c05c0a51725,    -.132820 ,  -51.305160 ,2024-09-11 17:45:00,Brasil,AMAPÁ,MAZAGÃO,Amazônia
 1720485103 ,7531a369-1618-3ec3-8aa9-2eebd0f0c58e,    -.131530 ,  -51.296240 ,2024-09-11 17:45:00,Brasil,AMAPÁ,MAZAGÃO,Amazônia
 1720485802 ,ccc55baf-d5d2-3cc3-b7ea-0fec33349d9f,    -.438720 ,  -52.072030 ,2024-09-11 17:45:00,Brasil,AMAPÁ,MAZAGÃO,Amazônia
 1720485803 ,3e9cd161-a158-30b1-b8ee-2527fed56ce2,    -.437440 ,  -52.063240 ,2024-09-11 17:45:00,Brasil,AMAPÁ,MAZAGÃO,Amazônia
 1721239451 ,84711c19-9101-3cc0-8fd6-fbee2d4d57e1,     .834260 ,  -52.598590 ,2024-09-13 17:26:00,Brasil,AMAPÁ,PEDRA BRANCA DO AMAPARI,Amazônia
 1721239452 ,a78bba49-d78c-36bd-94ae-8435d2afcc69,     .832640 ,  -52.603360 ,2024-09-13 17:26:00,Brasil,AMAPÁ,PEDRA BRANCA DO AMAPARI,Amazônia
 1722331052 ,72362e41-dd6c-32f8-886d-e60fe8eba32c,    -.451910 ,  -51.840350 ,2024-09-16 17:49:00,Brasil,AMAPÁ,MAZAGÃO,Amazônia
 1722331053 ,835884a1-14ec-34ae-bafa-1f54e09178b1,    -.268710 ,  -51.785310 ,2024-09-16 17:49:00,Brasil,AMAPÁ,MAZAGÃO,Amazônia
 1722332371 ,284c2229-b9f6-32d1-bea2-c782b0fa6379,    1.391720 ,  -50.712660 ,2024-09-16 17:49:00,Brasil,AMAPÁ,TARTARUGALZINHO,Amazônia
 1722332372 ,bac97b10-d54d-392f-b0af-f7e275a316c4,    1.390140 ,  -50.723410 ,2024-09-16 17:49:00,Brasil,AMAPÁ,TARTARUGALZINHO,Amazônia
 1722332373 ,dc998f7c-7fd4-3ccb-ac6c-261a7d2aac9b,     .525510 ,  -50.757580 ,2024-09-16 17:49:00,Brasil,AMAPÁ,ITAUBAL,Amazônia
 1722332374 ,d2514411-9338-3a24-b067-3e08f757a44e,     .167860 ,  -51.123180 ,2024-09-16 17:49:00,Brasil,AMAPÁ,MACAPÁ,Amazônia
 1722332375 ,2464d586-3a29-3f41-b219-06a85d3148e1,     .095170 ,  -51.115950 ,2024-09-16 17:49:00,Brasil,AMAPÁ,MACAPÁ,Amazônia
 1722332376 ,8f929d92-b11e-3ab8-9d62-8709b7197d23,    -.052630 ,  -51.308330 ,2024-09-16 17:49:00,Brasil,AMAPÁ,SANTANA,Amazônia
 1722332377 ,4499895f-dee5-3eeb-a335-19f4320a3f61,    -.051240 ,  -51.298650 ,2024-09-16 17:49:00,Brasil,AMAPÁ,SANTANA,Amazônia
 1723210011 ,959ba548-cf0f-30dc-bdc8-c8707371f349,    -.440510 ,  -52.032770 ,2024-09-19 18:11:00,Brasil,AMAPÁ,MAZAGÃO,Amazônia
 1723210012 ,6b034df2-7a7c-3213-8212-ef23c249d1cd,    -.437400 ,  -52.012030 ,2024-09-19 18:11:00,Brasil,AMAPÁ,MAZAGÃO,Amazônia
 1723210013 ,4ad972bf-a215-3d87-a0c9-f3679761b21c,    -.424310 ,  -52.014210 ,2024-09-19 18:11:00,Brasil,AMAPÁ,MAZAGÃO,Amazônia
 1724355797 ,648f74a3-7444-3b8b-b8c7-3c60215a8ce0,    -.380400 ,  -51.966880 ,2024-09-23 17:37:00,Brasil,AMAPÁ,MAZAGÃO,Amazônia
 1724355798 ,6e467921-6e4d-3cdc-8d84-3cb2e98b07f3,    -.558430 ,  -52.191010 ,2024-09-23 17:37:00,Brasil,AMAPÁ,LARANJAL DO JARI,Amazônia
 1724355799 ,a672902b-a034-31d1-b1e0-d7058b2b1dc6,     .709730 ,  -51.884900 ,2024-09-23 17:37:00,Brasil,AMAPÁ,PEDRA BRANCA DO AMAPARI,Amazônia
 1724355800 ,10e20356-f572-31e5-bc1b-3bbf386d91cf,    2.375760 ,  -50.969150 ,2024-09-23 17:37:00,Brasil,AMAPÁ,CALÇOENE,Amazônia
 1724355914 ,cc724409-cdd9-3f48-a3c9-e5e0a008769c,    -.059850 ,  -51.291550 ,2024-09-23 17:37:00,Brasil,AMAPÁ,SANTANA,Amazônia
 1724355915 ,49d12979-c802-36d3-ac7e-2988126a28c2,    -.061210 ,  -51.300950 ,2024-09-23 17:37:00,Brasil,AMAPÁ,SANTANA,Amazônia
 1724355916 ,48cec1e0-2fe2-3aa4-a41c-f5d6bd6a7340,     .266260 ,  -51.017370 ,2024-09-23 17:37:00,Brasil,AMAPÁ,MACAPÁ,Amazônia
 1724355917 ,f77c56c7-a720-30e1-96b2-8c8a53adeb85,     .267590 ,  -51.008210 ,2024-09-23 17:37:00,Brasil,AMAPÁ,MACAPÁ,Amazônia
 1724355918 ,f8de4c67-505a-3fb8-85e1-13e684fe60e2,     .691370 ,  -50.758420 ,2024-09-23 17:37:00,Brasil,AMAPÁ,MACAPÁ,Amazônia
 1724355919 ,457fceaa-7e5e-3676-bf94-0d8a87ae8d36,     .692690 ,  -50.749450 ,2024-09-23 17:37:00,Brasil,AMAPÁ,MACAPÁ,Amazônia
 1724355920 ,4cc8dcc6-c81d-3ec3-8ae7-0e1fc0231a50,    -.048370 ,  -51.341270 ,2024-09-23 17:37:00,Brasil,AMAPÁ,SANTANA,Amazônia
 1724355921 ,d1429c0e-31ac-3e03-ac20-c186b0acb6ca,    -.049730 ,  -51.350690 ,2024-09-23 17:37:00,Brasil,AMAPÁ,SANTANA,Amazônia
 1724355922 ,bd25244d-77a4-35d6-9e01-8602c1a91153,    -.340750 ,  -51.455410 ,2024-09-23 17:37:00,Brasil,AMAPÁ,MAZAGÃO,Amazônia
 1724355923 ,e0980429-06d2-32d0-acbc-f2ecb8804876,    -.349960 ,  -51.454070 ,2024-09-23 17:37:00,Brasil,AMAPÁ,MAZAGÃO,Amazônia
 1724355924 ,fa41fcd1-4cda-3327-b72d-74fccaf90b46,    -.351340 ,  -51.463650 ,2024-09-23 17:37:00,Brasil,AMAPÁ,MAZAGÃO,Amazônia
 1724355925 ,935f80dc-f68c-38cc-b21e-1540159d5865,     .082050 ,  -51.391740 ,2024-09-23 17:37:00,Brasil,AMAPÁ,SANTANA,Amazônia
 1724355926 ,c2a39526-df0e-32d2-a8f3-603235d69401,     .089820 ,  -51.402510 ,2024-09-23 17:37:00,Brasil,AMAPÁ,SANTANA,Amazônia
 1724355927 ,2e437489-ab6e-35e7-9348-677a917cf366,    1.253780 ,  -51.135400 ,2024-09-23 17:37:00,Brasil,AMAPÁ,TARTARUGALZINHO,Amazônia
 1724355928 ,10b6ece9-5fc2-35ec-b565-232a31887822,    1.261440 ,  -51.145800 ,2024-09-23 17:37:00,Brasil,AMAPÁ,TARTARUGALZINHO,Amazônia
 1724355929 ,0cfd6801-386a-3b87-a6a1-b54e9860b9c9,    1.774200 ,  -50.856730 ,2024-09-23 17:37:00,Brasil,AMAPÁ,PRACUÚBA,Amazônia
 1724805454 ,3b5f90c7-ba10-3e2d-bbce-691babfe5929,    2.344490 ,  -50.961740 ,2024-09-25 17:20:00,Brasil,AMAPÁ,CALÇOENE,Amazônia
 1724805455 ,cd6c3bef-b9d2-34d1-9790-b300fa49c598,    1.058600 ,  -51.076290 ,2024-09-25 17:20:00,Brasil,AMAPÁ,TARTARUGALZINHO,Amazônia
 1724805456 ,8f484ae4-d227-300f-99a6-1f66fe6bde9e,    1.054020 ,  -51.070690 ,2024-09-25 17:20:00,Brasil,AMAPÁ,TARTARUGALZINHO,Amazônia
 1724805457 ,642539e8-43c9-3040-a422-d986189e65ae,    1.051550 ,  -51.087700 ,2024-09-25 17:20:00,Brasil,AMAPÁ,TARTARUGALZINHO,Amazônia
 1724805458 ,8b82453c-0f2b-3570-b2ec-a380addca3c4,    -.060560 ,  -51.349640 ,2024-09-25 17:20:00,Brasil,AMAPÁ,SANTANA,Amazônia
 1724805459 ,4ee20630-5786-3274-aa7c-8cb9b6a09b52,    -.048020 ,  -51.351490 ,2024-09-25 17:20:00,Brasil,AMAPÁ,SANTANA,Amazônia
 1724805487 ,d650d7eb-7681-3f99-b5a3-b2f78f9982d6,    3.691140 ,  -51.790930 ,2024-09-25 17:20:00,Brasil,AMAPÁ,OIAPOQUE,Amazônia
 1724805488 ,20b2207b-5d17-3efe-8519-772e7baae750,    2.471750 ,  -50.944520 ,2024-09-25 17:20:00,Brasil,AMAPÁ,CALÇOENE,Amazônia
 1724805489 ,a6431b54-d825-355c-95cd-a120ae8704c9,    2.342150 ,  -50.977520 ,2024-09-25 17:20:00,Brasil,AMAPÁ,CALÇOENE,Amazônia
 1725013291 ,cea553fb-0acd-30ac-b58d-89d67eeb4060,    2.116440 ,  -50.847240 ,2024-09-26 17:58:00,Brasil,AMAPÁ,AMAPÁ,Amazônia
 1725013292 ,7cc62c84-1dc9-3b83-9932-333417edbaad,    1.062820 ,  -51.073630 ,2024-09-26 17:58:00,Brasil,AMAPÁ,TARTARUGALZINHO,Amazônia
 1725013293 ,5324d06a-2c6e-3c5e-9bab-dcaeddcc7cc2,     .326440 ,  -51.001740 ,2024-09-26 17:58:00,Brasil,AMAPÁ,MACAPÁ,Amazônia
 1725013294 ,173bafcf-4aeb-3ff2-b2c8-a6add9ee1d70,     .324480 ,  -51.015480 ,2024-09-26 17:58:00,Brasil,AMAPÁ,MACAPÁ,Amazônia
 1725013295 ,e15cac94-2fe7-3098-b718-02ac64e53d86,     .321790 ,  -51.008410 ,2024-09-26 17:58:00,Brasil,AMAPÁ,MACAPÁ,Amazônia
 1725013296 ,d929177f-3c5c-3bcd-a2cb-059b78e2285f,    -.047190 ,  -51.343820 ,2024-09-26 17:58:00,Brasil,AMAPÁ,SANTANA,Amazônia
 1725666936 ,a2da6d6b-c9dc-3fa9-9649-fa7848613e1b,    1.190180 ,  -52.912660 ,2024-09-30 17:24:00,Brasil,AMAPÁ,PEDRA BRANCA DO AMAPARI,Amazônia
 1725666954 ,f8bf9e80-1cdb-3d32-8187-80934a92528c,    -.159820 ,  -51.555930 ,2024-09-30 17:24:00,Brasil,AMAPÁ,MAZAGÃO,Amazônia
 1725666955 ,c05cdb0d-d4cf-3145-a673-09ea3dcb45ae,     .683800 ,  -51.822780 ,2024-09-30 17:24:00,Brasil,AMAPÁ,PEDRA BRANCA DO AMAPARI,Amazônia
 1725666956 ,254c619b-2211-309b-a3a3-e5b80c26e6eb,     .858450 ,  -52.048470 ,2024-09-30 17:24:00,Brasil,AMAPÁ,PEDRA BRANCA DO AMAPARI,Amazônia
 1725666957 ,93ccecba-c0fb-3c04-bd43-2c189ff836da,    3.496010 ,  -51.484410 ,2024-09-30 17:24:00,Brasil,AMAPÁ,OIAPOQUE,Amazônia
 1725667117 ,b4004a2d-b1bc-3cf8-8331-226f7b05f1d6,    -.300030 ,  -51.480730 ,2024-09-30 17:24:00,Brasil,AMAPÁ,MAZAGÃO,Amazônia
 1725667118 ,1fab5d94-2c9c-30df-ba03-f316fe8dfa7a,     .228560 ,  -50.859910 ,2024-09-30 17:24:00,Brasil,AMAPÁ,MACAPÁ,Amazônia
 1725667119 ,026a567c-4bd5-3fa3-96c4-a81671713477,     .229060 ,  -50.865240 ,2024-09-30 17:24:00,Brasil,AMAPÁ,MACAPÁ,Amazônia
 1725667120 ,952c7c84-6e73-31ec-8f4e-1a89309248d6,     .315280 ,  -50.892380 ,2024-09-30 17:24:00,Brasil,AMAPÁ,MACAPÁ,Amazônia
 1725667121 ,9ae96d63-5c29-3dd2-90c4-11ed4d7b3f5b,     .519830 ,  -50.749390 ,2024-09-30 17:24:00,Brasil,AMAPÁ,ITAUBAL,Amazônia
 1725667122 ,1520cce0-f4bf-302b-9f57-beeb97efc9b5,     .522360 ,  -50.756590 ,2024-09-30 17:24:00,Brasil,AMAPÁ,ITAUBAL,Amazônia
 1725667123 ,b78602f0-c000-3a6b-bc5b-217d7c08ada9,    1.651270 ,  -50.967900 ,2024-09-30 17:24:00,Brasil,AMAPÁ,PRACUÚBA,Amazônia
 1725667124 ,9f3533a5-7249-32d8-8613-ceeffa7f5515,    1.653280 ,  -50.954390 ,2024-09-30 17:24:00,Brasil,AMAPÁ,PRACUÚBA,Amazônia
 1725667125 ,227d0b8c-120d-3e6f-a9ec-c31da9451207,    2.105470 ,  -50.859730 ,2024-09-30 17:24:00,Brasil,AMAPÁ,AMAPÁ,Amazônia
 1725667126 ,c26f9774-cbdf-38b2-b5a8-4a7573cca928,    2.108220 ,  -50.914200 ,2024-09-30 17:24:00,Brasil,AMAPÁ,AMAPÁ,Amazônia
 1725667127 ,2e3f86fe-5c79-3fde-8bc3-3c14eb6856d4,    2.116150 ,  -50.861340 ,2024-09-30 17:24:00,Brasil,AMAPÁ,AMAPÁ,Amazônia
 1725667183 ,adcc2514-a074-3ad7-a54f-99a578fe0e4b,    1.533190 ,  -50.915820 ,2024-09-30 17:24:00,Brasil,AMAPÁ,TARTARUGALZINHO,Amazônia
 1727831105 ,4c27b840-7dd8-37e0-8120-13e2f79265c3,    2.388210 ,  -50.823560 ,2024-10-10 17:32:00,Brasil,AMAPÁ,CALÇOENE,Amazônia
 1727831106 ,b3f9712a-e14b-3b49-9d50-d50863ef5af2,    2.291780 ,  -50.854860 ,2024-10-10 17:32:00,Brasil,AMAPÁ,CALÇOENE,Amazônia
 1727831107 ,a2aad0d2-8f01-39b9-b796-4b651c5eb1dc,    2.092990 ,  -50.885350 ,2024-10-10 17:32:00,Brasil,AMAPÁ,AMAPÁ,Amazônia
 1727831108 ,75ee9eb3-0d4b-3ec4-bdb2-bd8dde394684,    2.091480 ,  -50.895460 ,2024-10-10 17:32:00,Brasil,AMAPÁ,AMAPÁ,Amazônia
 1727831109 ,dd0172d9-049e-353e-8ef8-4093df3f42cf,    2.083550 ,  -50.883950 ,2024-10-10 17:32:00,Brasil,AMAPÁ,AMAPÁ,Amazônia
 1727831110 ,565ffade-90ca-3210-bee4-93bb414516a9,    2.082030 ,  -50.894060 ,2024-10-10 17:32:00,Brasil,AMAPÁ,AMAPÁ,Amazônia
 1727831111 ,b008f6df-46f1-319c-a831-ff2b55cee524,    2.075710 ,  -50.896930 ,2024-10-10 17:32:00,Brasil,AMAPÁ,AMAPÁ,Amazônia
 1727831112 ,7b291dc6-c0c2-3406-8976-4a6ef2093b1f,    1.307820 ,  -50.839170 ,2024-10-10 17:32:00,Brasil,AMAPÁ,TARTARUGALZINHO,Amazônia
 1727831113 ,c6245030-5fcf-3fbb-83f9-176792db87dc,    1.306310 ,  -50.849430 ,2024-10-10 17:32:00,Brasil,AMAPÁ,TARTARUGALZINHO,Amazônia
 1727831114 ,bd9242a5-afce-344e-ac17-6eff1331a0a0,    1.296800 ,  -50.848030 ,2024-10-10 17:32:00,Brasil,AMAPÁ,TARTARUGALZINHO,Amazônia
 1727831115 ,f6f650ba-240c-374f-bcae-d2624b75f137,    1.295290 ,  -50.858310 ,2024-10-10 17:32:00,Brasil,AMAPÁ,TARTARUGALZINHO,Amazônia
 1727831116 ,200414d6-f5a3-3aaf-a1f3-c6ab98347212,    1.287290 ,  -50.846640 ,2024-10-10 17:32:00,Brasil,AMAPÁ,TARTARUGALZINHO,Amazônia
 1727831117 ,30f02a4e-4b15-3609-95a9-f95b4d7a73f2,    1.285760 ,  -50.856920 ,2024-10-10 17:32:00,Brasil,AMAPÁ,TARTARUGALZINHO,Amazônia
 1727831118 ,f2aa1ae6-5f07-3c20-a0a3-dd028d70594f,     .814030 ,  -50.799880 ,2024-10-10 17:32:00,Brasil,AMAPÁ,MACAPÁ,Amazônia
 1727831119 ,92fc2dab-778e-3795-a3e4-93ca5ee82f6f,     .272090 ,  -50.854910 ,2024-10-10 17:32:00,Brasil,AMAPÁ,MACAPÁ,Amazônia
 1727831202 ,8d4947c6-0159-3442-9130-e3e73d768134,    3.557420 ,  -51.511770 ,2024-10-10 17:32:00,Brasil,AMAPÁ,OIAPOQUE,Amazônia
 1727831203 ,38accfa5-2411-365d-9595-8208e654f379,    3.554930 ,  -51.505790 ,2024-10-10 17:32:00,Brasil,AMAPÁ,OIAPOQUE,Amazônia
 1727831204 ,a1a5fe29-a52f-3e91-baf2-c74971920df4,    3.553390 ,  -51.516320 ,2024-10-10 17:32:00,Brasil,AMAPÁ,OIAPOQUE,Amazônia
 1727831205 ,49d53c97-cfda-3950-ab04-eb67424d8a8b,    3.518080 ,  -51.489560 ,2024-10-10 17:32:00,Brasil,AMAPÁ,OIAPOQUE,Amazônia
 1727831206 ,4b30217a-035a-3c34-9b9c-41a53b5d8967,    3.465120 ,  -51.485890 ,2024-10-10 17:32:00,Brasil,AMAPÁ,OIAPOQUE,Amazônia
 1727831207 ,d6dc824b-a321-3d43-b6b8-de70356aa535,    3.463580 ,  -51.496420 ,2024-10-10 17:32:00,Brasil,AMAPÁ,OIAPOQUE,Amazônia
 1727831208 ,ae778944-b911-371e-8316-df2c153175cc,    3.407200 ,  -51.349240 ,2024-10-10 17:32:00,Brasil,AMAPÁ,OIAPOQUE,Amazônia
 1727831209 ,ea42b59b-3398-36be-bcdd-462a0e1fa823,    3.165870 ,  -51.509550 ,2024-10-10 17:32:00,Brasil,AMAPÁ,OIAPOQUE,Amazônia
 1727831210 ,6f85939b-58d9-388f-8e23-5756d24bcddc,    2.857340 ,  -51.099300 ,2024-10-10 17:32:00,Brasil,AMAPÁ,CALÇOENE,Amazônia
 1727831211 ,2ad00783-6d40-3991-8ebd-e6d710e852e8,    2.849380 ,  -51.087720 ,2024-10-10 17:32:00,Brasil,AMAPÁ,CALÇOENE,Amazônia
 1727831212 ,b51c85a3-d8da-3e33-b220-d687ca5dd5e8,    2.847880 ,  -51.097870 ,2024-10-10 17:32:00,Brasil,AMAPÁ,CALÇOENE,Amazônia
 1727831213 ,38e8efad-c9d5-37e7-bc3f-4bc22db275e1,    1.125050 ,  -52.342870 ,2024-10-10 17:32:00,Brasil,AMAPÁ,PEDRA BRANCA DO AMAPARI,Amazônia
 1727831214 ,c4628129-dbac-30ee-8acb-60691d514f8b,    1.121460 ,  -52.582910 ,2024-10-10 17:32:00,Brasil,AMAPÁ,PEDRA BRANCA DO AMAPARI,Amazônia
 1727831215 ,5d063dbb-082f-392a-a522-d10e4d40e6e0,    1.119740 ,  -52.335460 ,2024-10-10 17:32:00,Brasil,AMAPÁ,PEDRA BRANCA DO AMAPARI,Amazônia
 1727831216 ,af850724-f228-3b0d-b4ec-866a79053081,    1.119490 ,  -52.596100 ,2024-10-10 17:32:00,Brasil,AMAPÁ,PEDRA BRANCA DO AMAPARI,Amazônia
 1727831217 ,4286fefa-cbf8-3657-9e6f-79007d239c8a,    1.117880 ,  -52.348230 ,2024-10-10 17:32:00,Brasil,AMAPÁ,PEDRA BRANCA DO AMAPARI,Amazônia
 1727831218 ,cea16059-af13-302c-9392-8cf5194e3400,    1.110710 ,  -52.581350 ,2024-10-10 17:32:00,Brasil,AMAPÁ,PEDRA BRANCA DO AMAPARI,Amazônia
 1727831219 ,d18e3bde-526a-3e60-8143-2f1a49c28711,    1.108730 ,  -52.594540 ,2024-10-10 17:32:00,Brasil,AMAPÁ,PEDRA BRANCA DO AMAPARI,Amazônia
 1727831220 ,5e14691b-61f1-313c-a6e1-5c03b8253db3,    -.587120 ,  -52.050650 ,2024-10-10 17:32:00,Brasil,AMAPÁ,MAZAGÃO,Amazônia
 1727831221 ,0d34ebd5-bff1-3aaf-8c9d-f3c7d907b5b3,    -.558940 ,  -51.706380 ,2024-10-10 17:32:00,Brasil,AMAPÁ,MAZAGÃO,Amazônia
 1728038592 ,a8985c66-2137-370c-b0bc-a26f26cbb8e7,    -.355400 ,  -52.062710 ,2024-10-11 18:11:00,Brasil,AMAPÁ,MAZAGÃO,Amazônia
 1728229732 ,17f569bc-bea6-3cc8-a2ff-35ff9bea201b,    3.597150 ,  -51.787960 ,2024-10-12 17:13:00,Brasil,AMAPÁ,OIAPOQUE,Amazônia
 1728229733 ,40c7a861-cd92-3ec6-a081-8885fb7ff268,    3.378230 ,  -51.333660 ,2024-10-12 17:13:00,Brasil,AMAPÁ,OIAPOQUE,Amazônia
 1728229734 ,7654e314-f504-3623-a7a8-ba50e787dc15,    3.323610 ,  -51.365620 ,2024-10-12 17:13:00,Brasil,AMAPÁ,OIAPOQUE,Amazônia
 1728229735 ,39086197-ac96-3c38-a54e-b6b7d0752d95,    3.261510 ,  -51.257940 ,2024-10-12 17:13:00,Brasil,AMAPÁ,OIAPOQUE,Amazônia
 1728229736 ,c48ffc3d-7630-3658-941c-e01bc556e528,    3.256470 ,  -51.264020 ,2024-10-12 17:13:00,Brasil,AMAPÁ,OIAPOQUE,Amazônia
 1728229737 ,c431fc57-e89c-300e-9e3c-d51312c98a40,    3.251430 ,  -51.324520 ,2024-10-12 17:13:00,Brasil,AMAPÁ,OIAPOQUE,Amazônia
 1728229738 ,bf4d0574-0f4f-3499-9eec-112a54246b82,    3.249400 ,  -51.308280 ,2024-10-12 17:13:00,Brasil,AMAPÁ,OIAPOQUE,Amazônia
 1728229739 ,e9b78ed4-25b9-30eb-acb5-c0de46f6771a,    2.862860 ,  -51.105160 ,2024-10-12 17:13:00,Brasil,AMAPÁ,CALÇOENE,Amazônia
 1728229740 ,db24fd67-e134-3668-9187-d6b606a1b1db,    2.849470 ,  -51.103140 ,2024-10-12 17:13:00,Brasil,AMAPÁ,CALÇOENE,Amazônia
 1728229741 ,b02815fc-c2f3-3451-a723-fdfaa5fe7067,    2.541050 ,  -50.987610 ,2024-10-12 17:13:00,Brasil,AMAPÁ,CALÇOENE,Amazônia
 1728229742 ,07d139e2-805a-3329-9cab-945266756d3c,    1.929910 ,  -50.875550 ,2024-10-12 17:13:00,Brasil,AMAPÁ,AMAPÁ,Amazônia
 1728229743 ,a7295597-fd98-39c6-8f39-7227024b9ebb,    1.521410 ,  -51.061870 ,2024-10-12 17:13:00,Brasil,AMAPÁ,TARTARUGALZINHO,Amazônia
 1728229744 ,3cba8b4f-b5c7-3840-8fea-f163a4b4a1c9,    1.090160 ,  -52.204740 ,2024-10-12 17:13:00,Brasil,AMAPÁ,SERRA DO NAVIO,Amazônia
 1728229745 ,d3a23c98-7bb6-3d28-a8f7-45166a8b63de,    1.088460 ,  -52.211980 ,2024-10-12 17:13:00,Brasil,AMAPÁ,SERRA DO NAVIO,Amazônia
 1728229746 ,22e9f530-5380-3551-8b75-5b39ae097a8f,     .369880 ,  -50.789110 ,2024-10-12 17:13:00,Brasil,AMAPÁ,MACAPÁ,Amazônia
 1728229747 ,c64fd6fe-700d-3360-aa87-1e016b44827a,     .162890 ,  -51.089080 ,2024-10-12 17:13:00,Brasil,AMAPÁ,MACAPÁ,Amazônia
 1728229748 ,8c8d1cc0-4e4c-3ffc-ba09-b3b29953196a,     .157960 ,  -51.081540 ,2024-10-12 17:13:00,Brasil,AMAPÁ,MACAPÁ,Amazônia
 1728229850 ,a2d95d31-a87c-3790-b987-bad48b842470,    -.542750 ,  -51.916030 ,2024-10-12 17:13:00,Brasil,AMAPÁ,MAZAGÃO,Amazônia
 1728229882 ,79e0870e-2fdf-3d92-816c-f588b3cd3a09,    -.538520 ,  -51.887260 ,2024-10-12 17:13:00,Brasil,AMAPÁ,MAZAGÃO,Amazônia
 1728230070 ,c3858065-76f9-30d2-8666-b78db379f76e,   -1.083150 ,  -52.274290 ,2024-10-12 17:13:00,Brasil,AMAPÁ,VITÓRIA DO JARI,Amazônia
 1728230071 ,5c2c8351-9adb-34a7-83ef-a67d93fd058d,   -1.077540 ,  -52.267830 ,2024-10-12 17:13:00,Brasil,AMAPÁ,VITÓRIA DO JARI,Amazônia
 1728230072 ,2aff2c1a-582d-3f6b-92b2-39e05f7bbf3e,    -.591160 ,  -52.055270 ,2024-10-12 17:13:00,Brasil,AMAPÁ,LARANJAL DO JARI,Amazônia
 1728230073 ,9896b997-7a44-35ab-ae5a-696dfa9d7d23,    -.869400 ,  -51.757240 ,2024-10-12 17:13:00,Brasil,AMAPÁ,VITÓRIA DO JARI,Amazônia
 1728230074 ,f420684d-30ab-3afd-bdfa-0a912eede721,    -.579850 ,  -52.061610 ,2024-10-12 17:13:00,Brasil,AMAPÁ,LARANJAL DO JARI,Amazônia
 1728406318 ,29062486-bf44-31f0-be68-d9fed6768b0d,    2.467650 ,  -50.935460 ,2024-10-13 17:54:00,Brasil,AMAPÁ,CALÇOENE,Amazônia
 1728406319 ,c2b0173c-938b-354e-a889-633ce7dbc540,    2.015220 ,  -50.873470 ,2024-10-13 17:54:00,Brasil,AMAPÁ,AMAPÁ,Amazônia
 1728406320 ,6dd51f58-4f56-3264-9d36-36eeb85ca8e7,    1.270420 ,  -50.716090 ,2024-10-13 17:54:00,Brasil,AMAPÁ,TARTARUGALZINHO,Amazônia
 1728406321 ,91b8d85a-63f8-3dac-90f3-7f2fee289aeb,     .513650 ,  -51.058350 ,2024-10-13 17:54:00,Brasil,AMAPÁ,FERREIRA GOMES,Amazônia
 1728406322 ,60f67c07-01e8-3274-8f6d-856ef2f902b4,    -.090810 ,  -51.342610 ,2024-10-13 17:54:00,Brasil,AMAPÁ,MAZAGÃO,Amazônia
 1728406369 ,f06b9bcd-f77f-3fe1-bde6-50f9f2eba0ed,    3.694760 ,  -51.370400 ,2024-10-13 17:54:00,Brasil,AMAPÁ,OIAPOQUE,Amazônia
 1728406370 ,fcd7c847-cae8-3370-a414-68a0d4aa1e8e,    3.686490 ,  -51.357880 ,2024-10-13 17:54:00,Brasil,AMAPÁ,OIAPOQUE,Amazônia
 1728406371 ,1b8fcc05-0095-38fd-8cbe-9639d8ac286f,    3.645480 ,  -51.363350 ,2024-10-13 17:54:00,Brasil,AMAPÁ,OIAPOQUE,Amazônia
 1728406372 ,5b6dc83b-4ced-3611-909d-94c141c5e360,    3.643910 ,  -51.374510 ,2024-10-13 17:54:00,Brasil,AMAPÁ,OIAPOQUE,Amazônia
 1728406373 ,7dde2249-c20e-3f04-bf3f-157fbea6988b,    3.560010 ,  -51.523680 ,2024-10-13 17:54:00,Brasil,AMAPÁ,OIAPOQUE,Amazônia
 1728406374 ,bbaf2ee9-f460-35e9-9541-c990c4dad300,    3.558470 ,  -51.534530 ,2024-10-13 17:54:00,Brasil,AMAPÁ,OIAPOQUE,Amazônia
 1728406375 ,4ad0a9e0-0aa6-3f93-a5bf-ee5e6ce93292,    3.546660 ,  -51.477330 ,2024-10-13 17:54:00,Brasil,AMAPÁ,OIAPOQUE,Amazônia
 1728406376 ,b7f6ec7c-b028-3b55-8f8a-f7020e1084f8,    2.513270 ,  -50.970770 ,2024-10-13 17:54:00,Brasil,AMAPÁ,CALÇOENE,Amazônia
 1728406377 ,ba23beb8-a7b7-3303-91a4-9c4b0ae45fbb,    2.511670 ,  -50.982110 ,2024-10-13 17:54:00,Brasil,AMAPÁ,CALÇOENE,Amazônia
 1728406378 ,69c9d9bf-4938-37cc-a88b-87615e744759,    2.477620 ,  -50.936890 ,2024-10-13 17:54:00,Brasil,AMAPÁ,CALÇOENE,Amazônia
 1728406379 ,8d17cb22-35c2-3228-9328-b144728e9d87,    2.475980 ,  -50.948230 ,2024-10-13 17:54:00,Brasil,AMAPÁ,CALÇOENE,Amazônia
 1728406380 ,f1e4daa5-2d33-341b-9139-4f61c534e2cd,    2.466010 ,  -50.946810 ,2024-10-13 17:54:00,Brasil,AMAPÁ,CALÇOENE,Amazônia
 1728406381 ,518d0f4e-cc65-3b6b-aa41-1c1e30f73e84,    1.273560 ,  -51.203850 ,2024-10-13 17:54:00,Brasil,AMAPÁ,TARTARUGALZINHO,Amazônia
 1728406382 ,74c5cf34-2ce7-3417-9a07-b8ae5da0609c,     .998530 ,  -51.904740 ,2024-10-13 17:54:00,Brasil,AMAPÁ,SERRA DO NAVIO,Amazônia
 1728406383 ,38277950-44da-3db2-8528-93cbad051819,     .997140 ,  -51.914420 ,2024-10-13 17:54:00,Brasil,AMAPÁ,SERRA DO NAVIO,Amazônia
 1728406384 ,ede7bbfd-032a-3cdd-b805-618d38702825,    -.674100 ,  -52.435090 ,2024-10-13 17:54:00,Brasil,AMAPÁ,LARANJAL DO JARI,Amazônia
 1728406385 ,e74aeff7-5be9-31f3-919f-49bc294cbb28,     .520370 ,  -51.648360 ,2024-10-13 17:54:00,Brasil,AMAPÁ,PORTO GRANDE,Amazônia
 1728406386 ,4063a03c-eb62-3c55-97a7-a858497f710c,     .057650 ,  -51.458340 ,2024-10-13 17:54:00,Brasil,AMAPÁ,SANTANA,Amazônia
 1728406387 ,3d707895-5a91-3171-b100-6b7bd9a424a2,    -.183520 ,  -51.546070 ,2024-10-13 17:54:00,Brasil,AMAPÁ,MAZAGÃO,Amazônia
 1728406388 ,a098e482-69c9-3fbb-97f0-b11306674b59,    -.106890 ,  -51.583010 ,2024-10-13 17:54:00,Brasil,AMAPÁ,MAZAGÃO,Amazônia
 1728406389 ,a77bb374-c232-3c95-8f28-e29f58c2deaf,    -.099040 ,  -51.594140 ,2024-10-13 17:54:00,Brasil,AMAPÁ,MAZAGÃO,Amazônia
 1728406390 ,054bfef9-f4e1-3742-90dd-0683038e3ace,    -.097600 ,  -51.584360 ,2024-10-13 17:54:00,Brasil,AMAPÁ,MAZAGÃO,Amazônia
 1728406406 ,49b1119d-6f8f-3177-9576-094c010f0f82,   -1.010890 ,  -52.403680 ,2024-10-13 17:54:00,Brasil,AMAPÁ,VITÓRIA DO JARI,Amazônia
 1728711754 ,9625656b-90f3-3666-a8d9-3263042b9adf,    -.885790 ,  -52.067860 ,2024-10-15 17:34:00,Brasil,AMAPÁ,LARANJAL DO JARI,Amazônia
 1728711764 ,7ee3a2cf-87c4-3dc2-a5e5-0f3f1661b085,    -.009450 ,  -51.890750 ,2024-10-15 17:34:00,Brasil,AMAPÁ,MAZAGÃO,Amazônia
 1728711774 ,60bfbd6d-322a-32ff-a6f4-5c8198950b14,    -.884520 ,  -52.063030 ,2024-10-15 17:34:00,Brasil,AMAPÁ,LARANJAL DO JARI,Amazônia
 1728711775 ,343ff171-ce56-351c-a9a8-7d7b234c60f5,    -.322190 ,  -51.989540 ,2024-10-15 17:34:00,Brasil,AMAPÁ,MAZAGÃO,Amazônia
 1728711776 ,e70541ab-000d-39a6-9ae0-c38de26198fe,    -.454490 ,  -51.718690 ,2024-10-15 17:34:00,Brasil,AMAPÁ,MAZAGÃO,Amazônia
 1728711778 ,09874b1e-7c0f-34fb-b791-9c828c4aab26,    -.581900 ,  -52.159820 ,2024-10-15 17:34:00,Brasil,AMAPÁ,LARANJAL DO JARI,Amazônia
 1728711940 ,681f58b2-550a-3b91-b958-c6ae1f7eaf97,    3.576640 ,  -51.414620 ,2024-10-15 17:37:00,Brasil,AMAPÁ,OIAPOQUE,Amazônia
 1728711941 ,1e61a63b-49f0-3bbc-8251-ac538c32d483,    3.518040 ,  -51.507110 ,2024-10-15 17:37:00,Brasil,AMAPÁ,OIAPOQUE,Amazônia
 1728711942 ,8d703c83-7171-3c84-b098-f3e8f8ab2fa9,    3.070780 ,  -51.216370 ,2024-10-15 17:37:00,Brasil,AMAPÁ,CALÇOENE,Amazônia
 1728711943 ,a5f40ec5-4ebe-388f-b2f2-4b6e7b3b5fb8,    3.069400 ,  -51.225740 ,2024-10-15 17:37:00,Brasil,AMAPÁ,CALÇOENE,Amazônia
 1728711944 ,311e10d1-6415-39ed-ac08-015212af92aa,    2.551100 ,  -50.922150 ,2024-10-15 17:37:00,Brasil,AMAPÁ,CALÇOENE,Amazônia
 1728711945 ,1e502df2-8dc7-31ae-80c0-dcccf0f74a8e,    2.542060 ,  -50.920810 ,2024-10-15 17:37:00,Brasil,AMAPÁ,CALÇOENE,Amazônia
 1728711946 ,d3b99e1a-a3e5-3f31-b12d-8b4985899cf8,    2.456700 ,  -50.940410 ,2024-10-15 17:37:00,Brasil,AMAPÁ,CALÇOENE,Amazônia
 1728711947 ,33440933-f934-3ffd-976b-750081d8744a,    2.455340 ,  -50.949690 ,2024-10-15 17:37:00,Brasil,AMAPÁ,CALÇOENE,Amazônia
 1728711948 ,0fecaa25-b66b-3f1c-b9fa-395b85253ac2,    2.412430 ,  -50.861210 ,2024-10-15 17:37:00,Brasil,AMAPÁ,CALÇOENE,Amazônia
 1728711949 ,795de045-5957-3fbb-8878-b4a2c2093a6d,    2.411080 ,  -50.870440 ,2024-10-15 17:37:00,Brasil,AMAPÁ,CALÇOENE,Amazônia
 1728711950 ,8f0541cf-ee62-367c-88d3-fbed85075761,    1.688320 ,  -50.892670 ,2024-10-15 17:37:00,Brasil,AMAPÁ,PRACUÚBA,Amazônia
 1728711951 ,ddff8158-9d2f-3942-9915-b1b2169b92ca,    1.657520 ,  -50.977520 ,2024-10-15 17:37:00,Brasil,AMAPÁ,PRACUÚBA,Amazônia
 1728711952 ,f7e762eb-6ce9-310b-a617-9a69e693d3e2,    1.322450 ,  -51.253000 ,2024-10-15 17:37:00,Brasil,AMAPÁ,TARTARUGALZINHO,Amazônia
 1728711953 ,32b6afb9-c420-3bed-bc9c-8c1669d5675c,    1.314600 ,  -51.241910 ,2024-10-15 17:37:00,Brasil,AMAPÁ,TARTARUGALZINHO,Amazônia
 1728711954 ,302b0241-5f26-3224-b7af-787caa743698,    1.313180 ,  -51.251630 ,2024-10-15 17:37:00,Brasil,AMAPÁ,TARTARUGALZINHO,Amazônia
 1728711955 ,de13381b-7cfc-32dc-b18a-8af5a4c2bb98,    1.170130 ,  -50.904840 ,2024-10-15 17:37:00,Brasil,AMAPÁ,TARTARUGALZINHO,Amazônia
 1728711956 ,47c2c8f5-e267-3eaf-8737-a9d65232ad0d,    1.167010 ,  -51.118910 ,2024-10-15 17:37:00,Brasil,AMAPÁ,TARTARUGALZINHO,Amazônia
 1728711957 ,e47266df-7b25-3c2a-9621-5785d3f01ee9,    1.160990 ,  -50.903490 ,2024-10-15 17:37:00,Brasil,AMAPÁ,TARTARUGALZINHO,Amazônia
 1728711958 ,2d6cc9ef-e935-3226-b06b-1eab119ef09c,    1.157780 ,  -51.117570 ,2024-10-15 17:37:00,Brasil,AMAPÁ,TARTARUGALZINHO,Amazônia
 1728711959 ,96cf02c9-a324-3a5d-9971-4607bbcd1141,    1.144990 ,  -52.736620 ,2024-10-15 17:37:00,Brasil,AMAPÁ,PEDRA BRANCA DO AMAPARI,Amazônia
 1728711960 ,c8a2d28e-f103-3a46-9ad9-eb4692078785,    1.109220 ,  -52.570010 ,2024-10-15 17:37:00,Brasil,AMAPÁ,PEDRA BRANCA DO AMAPARI,Amazônia
 1728711961 ,02e30778-f094-3eef-91ff-206b8c17b736,    1.040030 ,  -52.274730 ,2024-10-15 17:37:00,Brasil,AMAPÁ,PEDRA BRANCA DO AMAPARI,Amazônia
 1728711962 ,10619e6d-5270-3baf-adc2-6a1c8f2aa47e,    1.016750 ,  -52.220660 ,2024-10-15 17:37:00,Brasil,AMAPÁ,PEDRA BRANCA DO AMAPARI,Amazônia
 1728711963 ,dac882a8-f8fc-3a48-9b5a-d89a299052a2,    1.015150 ,  -52.231690 ,2024-10-15 17:37:00,Brasil,AMAPÁ,PEDRA BRANCA DO AMAPARI,Amazônia
 1728711964 ,5c259476-f107-3c5c-bbd7-7920792d1e40,     .968800 ,  -50.892210 ,2024-10-15 17:37:00,Brasil,AMAPÁ,CUTIAS,Amazônia
 1728711965 ,a2af0317-781b-3526-8230-b231b0450574,     .781830 ,  -50.720750 ,2024-10-15 17:34:00,Brasil,AMAPÁ,MACAPÁ,Amazônia
 1728711966 ,2604b5ba-02ae-32cc-82f6-44404ebc63cd,     .781070 ,  -51.405050 ,2024-10-15 17:34:00,Brasil,AMAPÁ,FERREIRA GOMES,Amazônia
 1728711967 ,f816d1b1-4498-38fa-ac6e-a0efddbcbd41,     .293940 ,  -50.910480 ,2024-10-15 17:34:00,Brasil,AMAPÁ,MACAPÁ,Amazônia
 1728711968 ,77f01afe-639b-3c9d-ad37-b3e825cd803d,     .293750 ,  -51.648960 ,2024-10-15 17:34:00,Brasil,AMAPÁ,PORTO GRANDE,Amazônia
 1728711969 ,eaafc26b-d44b-3bba-9c8c-4e8774105a26,     .276030 ,  -50.839240 ,2024-10-15 17:34:00,Brasil,AMAPÁ,MACAPÁ,Amazônia
 1728711970 ,e800225e-5efd-3aad-a3d1-488eeaa1c4c5,     .274640 ,  -50.848810 ,2024-10-15 17:34:00,Brasil,AMAPÁ,MACAPÁ,Amazônia
 1728711971 ,54b0f586-6fcc-3c41-abc7-874039f207d8,     .235090 ,  -50.990740 ,2024-10-15 17:34:00,Brasil,AMAPÁ,MACAPÁ,Amazônia
 1728711972 ,68e6a874-f04f-303b-a76a-f7730bd7376d,     .223690 ,  -50.939580 ,2024-10-15 17:34:00,Brasil,AMAPÁ,MACAPÁ,Amazônia
 1728711973 ,e781f649-5858-3795-b1d4-5ef440b6ee62,     .222260 ,  -50.949260 ,2024-10-15 17:34:00,Brasil,AMAPÁ,MACAPÁ,Amazônia
 1728711974 ,70628fc0-11e8-36a0-85df-d312618b71ad,     .082070 ,  -51.336550 ,2024-10-15 17:34:00,Brasil,AMAPÁ,SANTANA,Amazônia
 1728711975 ,a5e57d69-1472-369a-81b3-8c23a4a00898,     .080590 ,  -51.346660 ,2024-10-15 17:34:00,Brasil,AMAPÁ,SANTANA,Amazônia
 1728712273 ,9298ed66-79ee-3ea6-a05a-4fcb8aefbc6e,    -.583580 ,  -52.171290 ,2024-10-15 17:34:00,Brasil,AMAPÁ,LARANJAL DO JARI,Amazônia
 1728712274 ,fa08b83d-008b-35b6-9768-1d4c17dc6ee5,    -.591940 ,  -52.158360 ,2024-10-15 17:34:00,Brasil,AMAPÁ,LARANJAL DO JARI,Amazônia
 1728712277 ,c3de3cbf-a99a-30b3-b714-621fdaaedc82,    -.604180 ,  -52.383260 ,2024-10-15 17:34:00,Brasil,AMAPÁ,LARANJAL DO JARI,Amazônia
 1728712278 ,accf9274-4c32-3ba8-aec7-56671ef301db,    -.605930 ,  -52.395320 ,2024-10-15 17:34:00,Brasil,AMAPÁ,LARANJAL DO JARI,Amazônia
 1728860968 ,625cc88a-158c-38c3-9083-4bfd99c860e8,    2.203770 ,  -50.874050 ,2024-10-16 18:17:00,Brasil,AMAPÁ,CALÇOENE,Amazônia
 1728860969 ,befef6c0-8beb-34af-b27b-d45713d9d276,    2.199000 ,  -50.878310 ,2024-10-16 18:17:00,Brasil,AMAPÁ,CALÇOENE,Amazônia
 1728860970 ,68479f3c-df53-373d-839f-4c6663ece351,    2.188390 ,  -50.871890 ,2024-10-16 18:17:00,Brasil,AMAPÁ,CALÇOENE,Amazônia
 1728860986 ,e4be3b3c-5c35-3654-99ec-ba028ea17a72,    2.448610 ,  -50.956710 ,2024-10-16 18:17:00,Brasil,AMAPÁ,CALÇOENE,Amazônia
 1728860987 ,7fcf85ab-b209-36d3-a97f-892879e34402,    2.446160 ,  -50.964180 ,2024-10-16 18:17:00,Brasil,AMAPÁ,CALÇOENE,Amazônia
 1728860988 ,6dd91f23-e39e-3d36-b824-3746cb6415a1,    2.444310 ,  -50.986420 ,2024-10-16 18:17:00,Brasil,AMAPÁ,CALÇOENE,Amazônia
 1728952564 ,0ae830c3-5d3d-32c8-9d43-8c83bb4d7dd0,    2.549220 ,  -50.916440 ,2024-10-17 17:20:00,Brasil,AMAPÁ,CALÇOENE,Amazônia
 1728952565 ,a984f6c8-be62-3c11-8863-2e38e03cea1c,    2.448760 ,  -50.969060 ,2024-10-17 17:20:00,Brasil,AMAPÁ,CALÇOENE,Amazônia
 1728952566 ,aca14bd1-d5d4-32cc-8628-682cab311784,    1.777650 ,  -50.902020 ,2024-10-17 17:20:00,Brasil,AMAPÁ,PRACUÚBA,Amazônia
 1728952567 ,d465d93c-ff6b-3077-a141-b7dd68a7160a,    1.775810 ,  -50.894940 ,2024-10-17 17:20:00,Brasil,AMAPÁ,PRACUÚBA,Amazônia
 1728952568 ,c5f2f89a-da16-3e39-a03b-0b56c229895e,    1.655320 ,  -51.011710 ,2024-10-17 17:20:00,Brasil,AMAPÁ,PRACUÚBA,Amazônia
 1728952569 ,2362d08f-b981-364f-af0d-aeeba7ff3c17,    1.655280 ,  -51.006730 ,2024-10-17 17:20:00,Brasil,AMAPÁ,PRACUÚBA,Amazônia
 1728952570 ,5037a35e-bf67-36e7-be0e-bf3272abc05e,    1.652450 ,  -51.025920 ,2024-10-17 17:20:00,Brasil,AMAPÁ,PRACUÚBA,Amazônia
 1728952571 ,de6595ba-ca1c-3e6b-9ef6-546721cdbf83,    1.609650 ,  -51.305800 ,2024-10-17 17:20:00,Brasil,AMAPÁ,TARTARUGALZINHO,Amazônia
 1728952572 ,5d4fe689-192e-3e1f-a528-5b37f717337c,    1.608900 ,  -51.321510 ,2024-10-17 17:20:00,Brasil,AMAPÁ,TARTARUGALZINHO,Amazônia
 1728952573 ,da8ea4eb-6c3b-38bf-ad09-306a33bc7be7,    1.606490 ,  -51.326070 ,2024-10-17 17:20:00,Brasil,AMAPÁ,TARTARUGALZINHO,Amazônia
 1728952574 ,6c085265-d9fc-3105-8f56-5c4495bf9eb0,    1.131290 ,  -50.917360 ,2024-10-17 17:17:00,Brasil,AMAPÁ,TARTARUGALZINHO,Amazônia
 1728952575 ,4e0cc2e5-1211-3695-a571-df6c95be4e19,    1.079530 ,  -52.352840 ,2024-10-17 17:17:00,Brasil,AMAPÁ,PEDRA BRANCA DO AMAPARI,Amazônia
 1728952576 ,259a8d84-e8b2-3b77-be81-2cd302322b9d,    1.070230 ,  -52.507390 ,2024-10-17 17:17:00,Brasil,AMAPÁ,PEDRA BRANCA DO AMAPARI,Amazônia
 1728952577 ,01d1d1f7-bd3d-3f86-94b5-50e3abb473b1,     .265300 ,  -50.828090 ,2024-10-17 17:17:00,Brasil,AMAPÁ,MACAPÁ,Amazônia
 1728952578 ,94fd8dfd-acaa-3a27-887d-9e49812aeff0,     .262400 ,  -50.847680 ,2024-10-17 17:17:00,Brasil,AMAPÁ,MACAPÁ,Amazônia
 1728952579 ,37ecacd0-5f0a-3502-b215-be7d9bf78e1b,     .221620 ,  -51.287770 ,2024-10-17 17:17:00,Brasil,AMAPÁ,MACAPÁ,Amazônia
 1728953192 ,928cbd6d-cab2-3f01-afb9-79879320f1ac,    -.670160 ,  -52.002360 ,2024-10-17 17:17:00,Brasil,AMAPÁ,MAZAGÃO,Amazônia
 1728953193 ,c3c07399-4d5d-3d08-a831-9a11946de616,    -.512810 ,  -51.854550 ,2024-10-17 17:17:00,Brasil,AMAPÁ,MAZAGÃO,Amazônia
 1728953194 ,7153f4cb-693c-3110-a05c-0886833dd167,    -.509280 ,  -51.830340 ,2024-10-17 17:17:00,Brasil,AMAPÁ,MAZAGÃO,Amazônia
 1728953195 ,e46b9095-7616-3b67-aebc-a523b0852ca9,    -.505340 ,  -51.836020 ,2024-10-17 17:17:00,Brasil,AMAPÁ,MAZAGÃO,Amazônia
 1728953196 ,b7126118-2c14-3e5d-ae6e-696f2b67fb97,    -.225770 ,  -51.765400 ,2024-10-17 17:17:00,Brasil,AMAPÁ,MAZAGÃO,Amazônia
 1728953197 ,e4d4ad04-6d82-3e8d-96c7-5cc5709b9403,    -.222320 ,  -51.741800 ,2024-10-17 17:17:00,Brasil,AMAPÁ,MAZAGÃO,Amazônia
 1729077750 ,4db19a4a-7fde-3aa6-b1c7-ea5264bbc817,    -.064120 ,  -51.289800 ,2024-10-18 17:56:00,Brasil,AMAPÁ,SANTANA,Amazônia
 1729077751 ,9de2b77b-3ed5-37bf-a01e-87505a4fe912,    -.341720 ,  -51.993560 ,2024-10-18 17:56:00,Brasil,AMAPÁ,MAZAGÃO,Amazônia
 1729077752 ,033676b9-1176-312b-a298-86b26187578d,    -.351190 ,  -51.790950 ,2024-10-18 17:56:00,Brasil,AMAPÁ,MAZAGÃO,Amazônia
 1729077753 ,daf66f1b-0f80-31ff-a966-3cba4b44a940,    -.397580 ,  -51.615960 ,2024-10-18 17:56:00,Brasil,AMAPÁ,MAZAGÃO,Amazônia
 1729077754 ,b1bff5bf-a6fa-3fdb-b2ef-ec6a73e1a695,    -.534510 ,  -51.783530 ,2024-10-18 17:56:00,Brasil,AMAPÁ,MAZAGÃO,Amazônia
 1729077762 ,f1ee526b-2be8-31d9-9550-7943ed9c2e8c,   -1.196370 ,  -52.099780 ,2024-10-18 17:56:00,Brasil,AMAPÁ,VITÓRIA DO JARI,Amazônia
 1729078292 ,0566780a-8ecf-3d88-aede-82fe182c0d80,    3.369650 ,  -51.335280 ,2024-10-18 17:58:00,Brasil,AMAPÁ,OIAPOQUE,Amazônia
 1729078293 ,35b8f9b1-913d-36f8-9836-37ccc19a1d00,    2.157650 ,  -50.990010 ,2024-10-18 17:58:00,Brasil,AMAPÁ,CALÇOENE,Amazônia
 1729078294 ,76658746-9e01-3e59-8f46-bd3fb67559be,    1.979370 ,  -50.873300 ,2024-10-18 17:58:00,Brasil,AMAPÁ,AMAPÁ,Amazônia
 1729078295 ,3c492eb4-1db8-3c66-b3fb-e91b64280ef3,    1.975470 ,  -50.866960 ,2024-10-18 17:58:00,Brasil,AMAPÁ,AMAPÁ,Amazônia
 1729078296 ,2a8d9578-a5aa-3d1a-ae12-500ee0c51978,    1.973560 ,  -50.879910 ,2024-10-18 17:58:00,Brasil,AMAPÁ,AMAPÁ,Amazônia
 1729078301 ,c6124f35-56b0-3d91-b32d-488d7d9361ab,    1.202680 ,  -50.745170 ,2024-10-18 17:56:00,Brasil,AMAPÁ,TARTARUGALZINHO,Amazônia
 1729078307 ,3f9e4089-f8b3-3c65-8284-4d271ad6cf90,     .724320 ,  -52.001130 ,2024-10-18 17:56:00,Brasil,AMAPÁ,PEDRA BRANCA DO AMAPARI,Amazônia
 1729078308 ,4273cba8-e3ad-3297-9526-ac922d9a464c,     .692970 ,  -51.582880 ,2024-10-18 17:56:00,Brasil,AMAPÁ,PORTO GRANDE,Amazônia
 1729078309 ,391928ce-b31a-372f-8b1d-f3ffd0d400ae,     .560170 ,  -51.436760 ,2024-10-18 17:56:00,Brasil,AMAPÁ,PORTO GRANDE,Amazônia
 1729078310 ,0ba2a8bb-686b-3ae8-9d09-75c9e27d38d7,     .257760 ,  -50.839800 ,2024-10-18 17:56:00,Brasil,AMAPÁ,MACAPÁ,Amazônia
 1729078311 ,dfd15192-6e34-3b5e-a0fe-08c37ba1069f,     .255430 ,  -50.999940 ,2024-10-18 17:56:00,Brasil,AMAPÁ,MACAPÁ,Amazônia
 1729078312 ,d74f322e-1c7f-3986-a3f7-d7d1bb8cc762,     .245230 ,  -50.998470 ,2024-10-18 17:56:00,Brasil,AMAPÁ,MACAPÁ,Amazônia
 1729078313 ,fd6e85e9-c838-30de-af12-61a7e0f1264b,     .116150 ,  -51.176670 ,2024-10-18 17:56:00,Brasil,AMAPÁ,MACAPÁ,Amazônia
 1729078314 ,8198bfa3-9fa8-3701-9df0-8d1a8439a547,     .017450 ,  -51.156640 ,2024-10-18 17:56:00,Brasil,AMAPÁ,MACAPÁ,Amazônia
 1729317210 ,496b2475-0779-3c92-b125-14744240814f,   -1.099280 ,  -51.741960 ,2024-10-20 17:39:00,Brasil,AMAPÁ,VITÓRIA DO JARI,Amazônia
 1729317212 ,de05d6b9-2352-3c9b-80ac-e7e1d50dc392,    -.864220 ,  -51.957450 ,2024-10-20 17:39:00,Brasil,AMAPÁ,LARANJAL DO JARI,Amazônia
 1729317213 ,90da4154-f07f-3c4d-8854-58ad42208f40,    -.862750 ,  -51.947350 ,2024-10-20 17:39:00,Brasil,AMAPÁ,LARANJAL DO JARI,Amazônia
 1729317214 ,a41adece-2656-3d1e-9cbe-3478e35c91f4,    -.854790 ,  -51.958820 ,2024-10-20 17:39:00,Brasil,AMAPÁ,LARANJAL DO JARI,Amazônia
 1729317215 ,d0fdc73e-52f4-3575-99fe-c27a98498a8b,    -.853320 ,  -51.948720 ,2024-10-20 17:39:00,Brasil,AMAPÁ,MAZAGÃO,Amazônia
 1729317216 ,248c4952-db52-3cc3-8e2b-073b1821f44f,    -.827600 ,  -52.273870 ,2024-10-20 17:39:00,Brasil,AMAPÁ,VITÓRIA DO JARI,Amazônia
 1729317217 ,66d97fd1-051a-3384-8721-3e083f65a65d,    -.817980 ,  -52.275140 ,2024-10-20 17:39:00,Brasil,AMAPÁ,VITÓRIA DO JARI,Amazônia
 1729317219 ,96e29d52-305a-3917-8666-c7ed76950869,    -.677830 ,  -51.706900 ,2024-10-20 17:39:00,Brasil,AMAPÁ,MAZAGÃO,Amazônia
 1729317220 ,722311ed-28a2-3990-b1ec-214a531abee5,    -.598820 ,  -52.170800 ,2024-10-20 17:39:00,Brasil,AMAPÁ,LARANJAL DO JARI,Amazônia
 1729317221 ,547f515a-f006-38f7-ac42-e3236f15d1bd,    -.597330 ,  -52.160530 ,2024-10-20 17:39:00,Brasil,AMAPÁ,LARANJAL DO JARI,Amazônia
 1729317222 ,3462f1b0-4688-314e-bcc3-cdb31280ee26,    -.595840 ,  -52.150290 ,2024-10-20 17:39:00,Brasil,AMAPÁ,LARANJAL DO JARI,Amazônia
 1729317224 ,7b57441d-f35a-377c-8696-a454287f1bef,    -.506540 ,  -51.536290 ,2024-10-20 17:39:00,Brasil,AMAPÁ,MAZAGÃO,Amazônia
 1729317225 ,e9913236-9619-3992-bba4-321c28e657ba,    -.505150 ,  -51.526710 ,2024-10-20 17:39:00,Brasil,AMAPÁ,MAZAGÃO,Amazônia
 1729317226 ,859a0c67-199d-3c65-97c0-ea1d880272b6,    -.277550 ,  -51.795070 ,2024-10-20 17:39:00,Brasil,AMAPÁ,MAZAGÃO,Amazônia
 1729317227 ,3e4e06a2-1964-3bb4-b3f0-a36f48a8b8a5,    -.276130 ,  -51.785350 ,2024-10-20 17:39:00,Brasil,AMAPÁ,MAZAGÃO,Amazônia
 1729317230 ,f52df499-27e1-342b-b180-da44d12b0697,    -.245340 ,  -51.446460 ,2024-10-20 17:39:00,Brasil,AMAPÁ,MAZAGÃO,Amazônia
 1729317232 ,07166067-7666-347c-925a-ea639625eeaf,    -.193630 ,  -51.541280 ,2024-10-20 17:39:00,Brasil,AMAPÁ,MAZAGÃO,Amazônia
 1729317233 ,7af18d9f-82e3-3cd8-9098-06a0d8f3ab0e,    -.192260 ,  -51.531750 ,2024-10-20 17:39:00,Brasil,AMAPÁ,MAZAGÃO,Amazônia
 1729317234 ,cac2400f-7e6c-30ca-9292-2ad2910c632f,    -.180570 ,  -51.321530 ,2024-10-20 17:39:00,Brasil,AMAPÁ,MAZAGÃO,Amazônia
 1729317235 ,309c1f2b-5241-38cf-a56d-5e2fa142fea5,    -.179220 ,  -51.312190 ,2024-10-20 17:39:00,Brasil,AMAPÁ,MAZAGÃO,Amazônia
 1729317236 ,a95f7d06-5e14-35ec-b3ab-d45ca4c13d10,    -.176790 ,  -52.069550 ,2024-10-20 17:39:00,Brasil,AMAPÁ,MAZAGÃO,Amazônia
 1729317237 ,fb632e0b-137e-32c3-a190-0853b5932284,    -.166540 ,  -51.542040 ,2024-10-20 17:39:00,Brasil,AMAPÁ,MAZAGÃO,Amazônia
 1729317238 ,ff16e8a8-5e4a-3a53-bc3b-d10946a57ee8,    -.139220 ,  -51.742240 ,2024-10-20 17:39:00,Brasil,AMAPÁ,MAZAGÃO,Amazônia
 1729317239 ,b71dbda0-a091-32ca-83c6-d403261d0fdb,    -.131090 ,  -51.363930 ,2024-10-20 17:39:00,Brasil,AMAPÁ,MAZAGÃO,Amazônia
 1729317240 ,2c0473f4-9c0a-3c97-9e61-dde8d010dd2a,    -.122830 ,  -51.740340 ,2024-10-20 17:39:00,Brasil,AMAPÁ,MAZAGÃO,Amazônia
 1729317241 ,92d5fa51-b68c-3cc9-b5a7-74cbdf4f9c16,    -.121400 ,  -51.730660 ,2024-10-20 17:39:00,Brasil,AMAPÁ,MAZAGÃO,Amazônia
 1729317242 ,315e293e-0421-3e21-bf62-6e3fbc2f63bc,    -.107440 ,  -51.329190 ,2024-10-20 17:39:00,Brasil,AMAPÁ,MAZAGÃO,Amazônia
 1729317243 ,e304d819-38f2-3148-9885-65d1e6b50889,    -.106080 ,  -51.319850 ,2024-10-20 17:39:00,Brasil,AMAPÁ,MAZAGÃO,Amazônia
 1729317244 ,c45af801-bd13-3020-9036-9dd9cb19cce8,    -.099710 ,  -51.339870 ,2024-10-20 17:39:00,Brasil,AMAPÁ,MAZAGÃO,Amazônia
 1729317245 ,4ff0156e-8eb7-3601-b9f8-4776e7c35df5,    -.098350 ,  -51.330520 ,2024-10-20 17:39:00,Brasil,AMAPÁ,MAZAGÃO,Amazônia
 1729317246 ,49e16a77-e9d9-3bcc-ad8b-65618fd82769,    -.090620 ,  -51.341210 ,2024-10-20 17:39:00,Brasil,AMAPÁ,MAZAGÃO,Amazônia
 1729317247 ,edaca024-6145-34ce-b202-33679a59f73c,    -.089260 ,  -51.331850 ,2024-10-20 17:39:00,Brasil,AMAPÁ,MAZAGÃO,Amazônia
 1729317253 ,73e180b2-4972-3fdd-b4b1-7141ee41ca46,    -.047060 ,  -51.353150 ,2024-10-20 17:39:00,Brasil,AMAPÁ,SANTANA,Amazônia
 1729317674 ,4c76ac96-5fda-3c1b-8025-f60fc088563e,    3.828430 ,  -51.793880 ,2024-10-20 17:39:00,Brasil,AMAPÁ,OIAPOQUE,Amazônia
 1729317675 ,1c1cc241-eb93-3bd2-b545-0bc1e5941708,    3.609700 ,  -51.776970 ,2024-10-20 17:39:00,Brasil,AMAPÁ,OIAPOQUE,Amazônia
 1729317676 ,7c39999d-06cf-3cea-af33-428853ec8c28,    3.608360 ,  -51.786100 ,2024-10-20 17:39:00,Brasil,AMAPÁ,OIAPOQUE,Amazônia
 1729317677 ,8ed3bbce-9316-3ca4-8dfd-8927c7d1ac9e,    3.301980 ,  -51.357200 ,2024-10-20 17:39:00,Brasil,AMAPÁ,OIAPOQUE,Amazônia
 1729317678 ,a15d91d9-5fb2-339d-b8e2-1ecab52657c5,    2.920580 ,  -50.998490 ,2024-10-20 17:39:00,Brasil,AMAPÁ,CALÇOENE,Amazônia
 1729317679 ,55c8f2d6-9bfd-3a89-ba5d-6d1e98edb2d0,    2.919300 ,  -51.007330 ,2024-10-20 17:39:00,Brasil,AMAPÁ,CALÇOENE,Amazônia
 1729317680 ,4b676f97-4819-3a0e-ab9c-b25b04759f3f,    2.745510 ,  -51.375740 ,2024-10-20 17:39:00,Brasil,AMAPÁ,CALÇOENE,Amazônia
 1729317681 ,71bd6217-50d5-3566-a920-31fbb8639a0a,    2.603560 ,  -50.960280 ,2024-10-20 17:39:00,Brasil,AMAPÁ,CALÇOENE,Amazônia
 1729317682 ,a2223190-5b4a-372a-8a30-b0997ab93be1,    2.513310 ,  -50.950330 ,2024-10-20 17:39:00,Brasil,AMAPÁ,CALÇOENE,Amazônia
 1729317683 ,0114a9a7-a190-3be5-8c9c-6dab13847b4c,    2.406930 ,  -50.919180 ,2024-10-20 17:39:00,Brasil,AMAPÁ,CALÇOENE,Amazônia
 1729317684 ,babf7fc8-f7fe-322c-85d9-25b30fb62ca4,    2.329580 ,  -50.820870 ,2024-10-20 17:39:00,Brasil,AMAPÁ,CALÇOENE,Amazônia
 1729317685 ,49354a34-6187-37ed-b71f-ebc76d3f4dda,    2.320730 ,  -50.819570 ,2024-10-20 17:39:00,Brasil,AMAPÁ,CALÇOENE,Amazônia
 1729317686 ,43992709-e97f-3f64-82a0-ee37362bf054,    2.237900 ,  -50.936390 ,2024-10-20 17:39:00,Brasil,AMAPÁ,CALÇOENE,Amazônia
 1729317687 ,0890cf6c-f628-3c99-b3cb-a2b39c5ffa61,    1.826130 ,  -50.476620 ,2024-10-20 17:39:00,Brasil,AMAPÁ,AMAPÁ,Amazônia
 1729317688 ,f368480f-3615-3b98-aa70-d7499df715dc,    1.824850 ,  -50.485400 ,2024-10-20 17:39:00,Brasil,AMAPÁ,AMAPÁ,Amazônia
 1729317689 ,3562f6cc-422f-3268-9c5b-3abeba8ffc9c,    1.823570 ,  -50.494190 ,2024-10-20 17:39:00,Brasil,AMAPÁ,AMAPÁ,Amazônia
 1729317690 ,619615a8-e2e9-3961-91f1-e4fecfcedab9,    1.664840 ,  -51.006410 ,2024-10-20 17:39:00,Brasil,AMAPÁ,PRACUÚBA,Amazônia
 1729317691 ,1b935bf9-1eee-3727-9516-e8d3229ed086,    1.656980 ,  -51.060040 ,2024-10-20 17:39:00,Brasil,AMAPÁ,PRACUÚBA,Amazônia
 1729317692 ,6b8537ce-e33b-3c41-8805-39d0a19df0a8,    1.655670 ,  -51.068980 ,2024-10-20 17:39:00,Brasil,AMAPÁ,PRACUÚBA,Amazônia
 1729317693 ,7cef32f3-0944-35e9-a32e-4cfb773d3bd0,    1.648070 ,  -51.058730 ,2024-10-20 17:39:00,Brasil,AMAPÁ,PRACUÚBA,Amazônia
 1729317694 ,6e7b17e2-ac57-3623-899b-75f23a04c39b,    1.478040 ,  -51.021570 ,2024-10-20 17:39:00,Brasil,AMAPÁ,TARTARUGALZINHO,Amazônia
 1729317695 ,906d13ef-c3da-3a75-a747-2a7392930b8f,    1.325190 ,  -50.804860 ,2024-10-20 17:39:00,Brasil,AMAPÁ,TARTARUGALZINHO,Amazônia
 1729317696 ,be7f2574-600a-34bb-8d3f-007c59ffc546,    1.163400 ,  -52.730740 ,2024-10-20 17:39:00,Brasil,AMAPÁ,PEDRA BRANCA DO AMAPARI,Amazônia
 1729317697 ,11ddf2fb-5112-3b1d-a6fa-a2f6c26a0cb9,    1.133770 ,  -51.038200 ,2024-10-20 17:39:00,Brasil,AMAPÁ,TARTARUGALZINHO,Amazônia
 1729317698 ,fffebe95-30aa-3e57-9285-1440bb51c69a,    1.132460 ,  -51.047200 ,2024-10-20 17:39:00,Brasil,AMAPÁ,TARTARUGALZINHO,Amazônia
 1729317699 ,1f3e11c1-0bc3-3fdc-bc74-d5a471c95dda,    1.124840 ,  -51.036890 ,2024-10-20 17:39:00,Brasil,AMAPÁ,TARTARUGALZINHO,Amazônia
 1729317700 ,ee1cc5d3-aa4f-3bb6-ab08-99104b52f3e1,    1.071340 ,  -52.593340 ,2024-10-20 17:39:00,Brasil,AMAPÁ,PEDRA BRANCA DO AMAPARI,Amazônia
 1729317701 ,754cd3b2-c841-3da0-b0cf-8449a55106c6,    1.045590 ,  -51.139360 ,2024-10-20 17:39:00,Brasil,AMAPÁ,TARTARUGALZINHO,Amazônia
 1729317702 ,e76c31fa-a9f2-3f18-9bd0-121eb802a1ac,    1.044270 ,  -51.148440 ,2024-10-20 17:39:00,Brasil,AMAPÁ,TARTARUGALZINHO,Amazônia
 1729317703 ,d0fbac5b-e8f3-34fc-98da-97395cb0cba2,    1.036630 ,  -51.138070 ,2024-10-20 17:39:00,Brasil,AMAPÁ,TARTARUGALZINHO,Amazônia
 1729317704 ,c171d097-21d9-35b2-b7ae-88f502278a1e,    1.026880 ,  -52.208560 ,2024-10-20 17:39:00,Brasil,AMAPÁ,PEDRA BRANCA DO AMAPARI,Amazônia
 1729317705 ,2ad2bbe7-3e90-3b53-ae00-cc6b8ad04e0b,     .869410 ,  -50.707860 ,2024-10-20 17:39:00,Brasil,AMAPÁ,CUTIAS,Amazônia
 1729317706 ,184b9f72-6283-3c3c-96b8-637511b68c72,     .868110 ,  -50.716740 ,2024-10-20 17:39:00,Brasil,AMAPÁ,CUTIAS,Amazônia
 1729317707 ,390aaf49-fa9c-312d-baca-782f572fbe1e,     .853330 ,  -52.596600 ,2024-10-20 17:39:00,Brasil,AMAPÁ,PEDRA BRANCA DO AMAPARI,Amazônia
 1729317708 ,4a477b20-beb3-34da-8267-c4591671dcab,     .833160 ,  -51.142400 ,2024-10-20 17:39:00,Brasil,AMAPÁ,FERREIRA GOMES,Amazônia
 1729317709 ,e7ea59ed-b8ed-3fe2-ba18-5f6cda9ff4ed,     .824840 ,  -51.890290 ,2024-10-20 17:39:00,Brasil,AMAPÁ,PEDRA BRANCA DO AMAPARI,Amazônia
 1729317710 ,732c0b60-b33a-3cfc-a777-11a5e7aab8f8,     .823430 ,  -51.899930 ,2024-10-20 17:39:00,Brasil,AMAPÁ,PEDRA BRANCA DO AMAPARI,Amazônia
 1729317711 ,a3517dd0-8bc9-3975-a5e6-ad34d60d0503,     .804000 ,  -50.262650 ,2024-10-20 17:39:00,Brasil,AMAPÁ,MACAPÁ,Amazônia
 1729317712 ,cc03a546-e0a6-39de-ab3d-f4a0695bdcb2,     .802720 ,  -50.271430 ,2024-10-20 17:39:00,Brasil,AMAPÁ,MACAPÁ,Amazônia
 1729317713 ,42e3ffd3-a94a-3707-bbca-80e7ae299801,     .781370 ,  -50.861390 ,2024-10-20 17:39:00,Brasil,AMAPÁ,MACAPÁ,Amazônia
 1729317714 ,b1b4c11b-aa94-35c2-a220-2355533565c3,     .780070 ,  -50.870330 ,2024-10-20 17:39:00,Brasil,AMAPÁ,MACAPÁ,Amazônia
 1729317715 ,1758496f-25ad-3f85-b474-2a82cecd6674,     .714500 ,  -50.691180 ,2024-10-20 17:39:00,Brasil,AMAPÁ,MACAPÁ,Amazônia
 1729317716 ,cfee353a-4eda-34fc-9fe7-6e6350b5a816,     .710240 ,  -52.046920 ,2024-10-20 17:39:00,Brasil,AMAPÁ,PEDRA BRANCA DO AMAPARI,Amazônia
 1729317717 ,dcb86278-1bb6-3662-aa2d-1553341946ce,     .704500 ,  -52.086190 ,2024-10-20 17:39:00,Brasil,AMAPÁ,PEDRA BRANCA DO AMAPARI,Amazônia
 1729317718 ,535a23eb-abbb-3cb5-a240-0af92d41786a,     .696530 ,  -50.752160 ,2024-10-20 17:39:00,Brasil,AMAPÁ,MACAPÁ,Amazônia
 1729317719 ,8e96388b-f789-3003-9f7f-72b08926b7d4,     .661610 ,  -51.874010 ,2024-10-20 17:39:00,Brasil,AMAPÁ,PORTO GRANDE,Amazônia
 1729317720 ,b4aefd46-0196-31ec-93d9-062116326863,     .652380 ,  -51.872620 ,2024-10-20 17:39:00,Brasil,AMAPÁ,PORTO GRANDE,Amazônia
 1729317721 ,42e6c290-7330-3fbe-9efc-fe5d057a5ed8,     .595950 ,  -52.063800 ,2024-10-20 17:39:00,Brasil,AMAPÁ,PORTO GRANDE,Amazônia
 1729317722 ,77e4f73f-90c9-3010-8fc6-936c88329ad9,     .594500 ,  -52.073680 ,2024-10-20 17:39:00,Brasil,AMAPÁ,PORTO GRANDE,Amazônia
 1729317723 ,df2af3d3-7e5b-39b4-a574-849850c654ad,     .263130 ,  -51.445950 ,2024-10-20 17:39:00,Brasil,AMAPÁ,SANTANA,Amazônia
 1729317724 ,e6347884-b218-3aec-9cc2-346e147a7421,     .256950 ,  -50.848940 ,2024-10-20 17:39:00,Brasil,AMAPÁ,MACAPÁ,Amazônia
 1729317725 ,9f4b29ed-7d54-34ca-9d25-2d33bb02c070,     .017600 ,  -51.163710 ,2024-10-20 17:39:00,Brasil,AMAPÁ,MACAPÁ,Amazônia
 1729451238 ,92a48739-8318-3d2e-bf3a-26564ffb4c3e,    -.437260 ,  -52.023180 ,2024-10-21 18:19:00,Brasil,AMAPÁ,MAZAGÃO,Amazônia
 1729598914 ,2030968d-c73e-337c-9f0d-ad59f38cfad1,    3.319760 ,  -52.186540 ,2024-10-22 17:22:00,Brasil,AMAPÁ,OIAPOQUE,Amazônia
 1729598915 ,7d30c0db-c01c-3fde-a872-0b07091c868c,    3.864820 ,  -51.726410 ,2024-10-22 17:22:00,Brasil,AMAPÁ,OIAPOQUE,Amazônia
 1729598934 ,2fabd411-20b2-386d-a904-3c1901f17865,     .208030 ,  -51.311030 ,2024-10-22 17:22:00,Brasil,AMAPÁ,SANTANA,Amazônia
 1729598935 ,1fd6c01e-0e5a-37af-a6de-d561a3df847a,     .210720 ,  -51.292660 ,2024-10-22 17:22:00,Brasil,AMAPÁ,MACAPÁ,Amazônia
 1729598936 ,31998e94-35de-3b97-ba44-bdb0e8d49f2b,    2.013760 ,  -50.906230 ,2024-10-22 17:22:00,Brasil,AMAPÁ,AMAPÁ,Amazônia
 1729738157 ,a19cc381-65ba-3f29-bde6-11d2bb9c797d,     .450060 ,  -50.782060 ,2024-10-23 18:02:00,Brasil,AMAPÁ,MACAPÁ,Amazônia
 1729738207 ,bc792307-f784-37ce-8762-7155f7effeb5,    -.535220 ,  -51.872870 ,2024-10-23 18:02:00,Brasil,AMAPÁ,MAZAGÃO,Amazônia
 1729738242 ,1be28c0d-019f-3dbc-b3e3-1bd17aa7f3f1,   -1.149800 ,  -52.084400 ,2024-10-23 18:02:00,Brasil,AMAPÁ,VITÓRIA DO JARI,Amazônia
 1729884842 ,e67d60ef-82d8-3f3d-8c48-897d7f12dd57,    1.773600 ,  -50.514450 ,2024-10-24 17:05:00,Brasil,AMAPÁ,AMAPÁ,Amazônia
 1729885908 ,56ddcf11-80f3-30aa-8c75-4a6718c372a2,    2.291770 ,  -50.811900 ,2024-10-24 17:05:00,Brasil,AMAPÁ,CALÇOENE,Amazônia
 1729885909 ,2070ea59-58d9-3e44-a207-4be805796916,    1.814380 ,  -50.978660 ,2024-10-24 17:05:00,Brasil,AMAPÁ,PRACUÚBA,Amazônia
 1729885910 ,3b28094f-5989-3e11-9dbb-d7cddc41747b,    1.810470 ,  -50.970570 ,2024-10-24 17:05:00,Brasil,AMAPÁ,PRACUÚBA,Amazônia
 1729885911 ,d2f1e486-ffa9-3b91-8468-70ebeb3798ee,    1.789960 ,  -50.517000 ,2024-10-24 17:05:00,Brasil,AMAPÁ,AMAPÁ,Amazônia
 1730085929 ,937f802a-d998-30f4-9b25-9f288bbc5c34,     .774680 ,  -50.854970 ,2024-10-25 17:43:00,Brasil,AMAPÁ,MACAPÁ,Amazônia
 1730085922 ,b227b10e-6451-3f72-8133-2a7ef9052689,    2.633330 ,  -50.890770 ,2024-10-25 17:43:00,Brasil,AMAPÁ,CALÇOENE,Amazônia
 1730085923 ,d225040f-af63-3ad8-9375-72c2b12202df,    2.632050 ,  -50.899570 ,2024-10-25 17:43:00,Brasil,AMAPÁ,CALÇOENE,Amazônia
 1730085924 ,18e1c77e-f5f8-3287-be8f-7232dbd190a0,    2.311480 ,  -50.761990 ,2024-10-25 17:43:00,Brasil,AMAPÁ,CALÇOENE,Amazônia
 1730085925 ,34b52348-fd0a-3bcd-ba72-670b4f834cdd,    2.310200 ,  -50.770800 ,2024-10-25 17:43:00,Brasil,AMAPÁ,CALÇOENE,Amazônia
 1730085926 ,0cdd0d62-a217-3976-a3f3-c7ba0f422e55,    2.166080 ,  -50.988690 ,2024-10-25 17:43:00,Brasil,AMAPÁ,CALÇOENE,Amazônia
 1730085927 ,1f51bcdd-dc9b-3a45-a8eb-ca6a264da81c,    2.133670 ,  -50.777650 ,2024-10-25 17:43:00,Brasil,AMAPÁ,AMAPÁ,Amazônia
 1730085928 ,b6ca7f3f-0ddc-3106-a656-8f13c21518fc,     .876110 ,  -51.240620 ,2024-10-25 17:43:00,Brasil,AMAPÁ,FERREIRA GOMES,Amazônia
 1730085930 ,a1919790-0438-36a5-98fc-e9f56603710b,    1.817770 ,  -50.472760 ,2024-10-25 17:43:00,Brasil,AMAPÁ,AMAPÁ,Amazônia
 1730085931 ,8de3c5fe-704f-3da1-9033-00b3bda54702,    1.810190 ,  -50.462620 ,2024-10-25 17:43:00,Brasil,AMAPÁ,AMAPÁ,Amazônia
 1730085932 ,d2ab8014-f4a4-301d-bc03-698c5aae502c,    1.808910 ,  -50.471470 ,2024-10-25 17:43:00,Brasil,AMAPÁ,AMAPÁ,Amazônia
 1730085933 ,39146a27-60ae-3966-83cc-ebfb1b277d38,    1.801330 ,  -50.461320 ,2024-10-25 17:43:00,Brasil,AMAPÁ,AMAPÁ,Amazônia
 1730085934 ,e014a1cb-8695-33be-afd2-1dc80c256d9d,    1.792470 ,  -50.460030 ,2024-10-25 17:43:00,Brasil,AMAPÁ,AMAPÁ,Amazônia
 1730085935 ,1b6ba4ca-d3b0-3ebb-ab7e-416113f155af,    1.780670 ,  -50.470680 ,2024-10-25 17:43:00,Brasil,AMAPÁ,AMAPÁ,Amazônia
 1730085936 ,1e43d078-5645-3221-86d1-e759eb46d189,    1.779380 ,  -50.479520 ,2024-10-25 17:43:00,Brasil,AMAPÁ,AMAPÁ,Amazônia
 1730085937 ,03151e01-77bc-33f0-9057-fcbea8656c0f,    1.778090 ,  -50.488370 ,2024-10-25 17:43:00,Brasil,AMAPÁ,AMAPÁ,Amazônia
 1730085938 ,d36d6602-c443-35d2-b8d4-be9b5ce9750b,     .814910 ,  -50.205060 ,2024-10-25 17:43:00,Brasil,AMAPÁ,MACAPÁ,Amazônia
 1730085939 ,c92e3087-f25f-35e1-90a5-b800a4b47aa6,     .813630 ,  -50.213930 ,2024-10-25 17:43:00,Brasil,AMAPÁ,MACAPÁ,Amazônia
 1730085940 ,55986812-4796-36d1-a15b-38e509abcc00,     .255460 ,  -51.124640 ,2024-10-25 17:43:00,Brasil,AMAPÁ,MACAPÁ,Amazônia
 1730085941 ,dcc22b92-da56-33b8-8cff-417ac93076d3,     .248950 ,  -50.848730 ,2024-10-25 17:43:00,Brasil,AMAPÁ,MACAPÁ,Amazônia
 1730085942 ,f8e351a8-838f-3675-807d-5b49c0918f45,     .241410 ,  -50.838670 ,2024-10-25 17:43:00,Brasil,AMAPÁ,MACAPÁ,Amazônia
 1730085943 ,45b4781c-4d5a-3b53-a810-4ccc9a4acdf9,     .240130 ,  -50.847440 ,2024-10-25 17:43:00,Brasil,AMAPÁ,MACAPÁ,Amazônia
 1730085944 ,b57526cc-b727-3973-ac20-a938e97377b4,     .110490 ,  -51.241810 ,2024-10-25 17:43:00,Brasil,AMAPÁ,SANTANA,Amazônia
 1730085945 ,99032250-a3ee-3a19-8b86-fbae1d6a586c,     .109200 ,  -51.250650 ,2024-10-25 17:43:00,Brasil,AMAPÁ,SANTANA,Amazônia
 1730085946 ,94527e2b-c9c4-3167-a5e4-71f696b99f60,     .057030 ,  -51.281880 ,2024-10-25 17:43:00,Brasil,AMAPÁ,SANTANA,Amazônia
 1730085947 ,17771ae1-4a4b-3a65-8b45-6b9f9b7c7b01,     .025630 ,  -51.186940 ,2024-10-25 17:43:00,Brasil,AMAPÁ,MACAPÁ,Amazônia
 1730085948 ,be2e9601-5f22-38c6-a2d7-0cc5d96abbb9,     .024340 ,  -51.195770 ,2024-10-25 17:43:00,Brasil,AMAPÁ,MACAPÁ,Amazônia
 1730085949 ,8ebab376-d90b-33c2-a3c6-fbcd9610d560,     .000790 ,  -51.418830 ,2024-10-25 17:43:00,Brasil,AMAPÁ,SANTANA,Amazônia
 1730085950 ,3553d833-8b3a-33fd-81a3-a297c1c21918,    -.252400 ,  -51.509930 ,2024-10-25 17:41:00,Brasil,AMAPÁ,MAZAGÃO,Amazônia
 1730085951 ,78c6f14b-4feb-39b1-971a-53445bdad9c6,    -.143730 ,  -51.330940 ,2024-10-25 17:41:00,Brasil,AMAPÁ,MAZAGÃO,Amazônia
 1730085952 ,9fe007d7-ff87-383d-a12a-3b090d5cee94,    -.055070 ,  -51.359490 ,2024-10-25 17:43:00,Brasil,AMAPÁ,SANTANA,Amazônia
 1730085953 ,acd70641-43b2-3b26-8f19-1f9b93a21aad,    -.053770 ,  -51.350610 ,2024-10-25 17:43:00,Brasil,AMAPÁ,SANTANA,Amazônia
 1730085954 ,d8033b4a-7120-3dc5-8b28-59092cf0f5fd,    -.033430 ,  -51.335430 ,2024-10-25 17:43:00,Brasil,AMAPÁ,SANTANA,Amazônia
 1730085955 ,4b17f510-db4a-353e-8eaa-b9395cb7d24b,    -.025840 ,  -51.345600 ,2024-10-25 17:43:00,Brasil,AMAPÁ,SANTANA,Amazônia
 1730085956 ,946eee26-deed-3e2a-88ea-69a2324dee9c,    -.024550 ,  -51.336720 ,2024-10-25 17:43:00,Brasil,AMAPÁ,SANTANA,Amazônia
 1730085957 ,94540426-8027-342a-8a54-57027cd52693,    -.000510 ,  -51.427740 ,2024-10-25 17:43:00,Brasil,AMAPÁ,SANTANA,Amazônia
 1730085958 ,7a8f78c7-335e-39fe-8d50-f856b3427e2b,     .660600 ,  -50.494580 ,2024-10-25 17:43:00,Brasil,AMAPÁ,ITAUBAL,Amazônia
 1730086110 ,a5a26088-603f-364b-aec8-873b6438cbe0,    3.878450 ,  -51.720800 ,2024-10-25 17:43:00,Brasil,AMAPÁ,OIAPOQUE,Amazônia
 1730086111 ,7bfdafb6-044d-3369-b88f-b160ea10ebb9,    3.771500 ,  -51.825120 ,2024-10-25 17:43:00,Brasil,AMAPÁ,OIAPOQUE,Amazônia
 1730086112 ,54e59f97-c067-3d94-8b0b-57848792f363,    3.741340 ,  -51.784700 ,2024-10-25 17:43:00,Brasil,AMAPÁ,OIAPOQUE,Amazônia
 1730086113 ,7a2bd0a6-9756-3ac2-9c2b-646ca0376c74,    3.722460 ,  -51.524150 ,2024-10-25 17:43:00,Brasil,AMAPÁ,OIAPOQUE,Amazônia
 1730086114 ,fd458c87-ca91-3175-876c-24ba27c54af2,    3.713650 ,  -51.522860 ,2024-10-25 17:43:00,Brasil,AMAPÁ,OIAPOQUE,Amazônia
 1730086115 ,c82b6d92-ca6f-3986-ae1f-0848d388363b,    3.698820 ,  -51.377240 ,2024-10-25 17:43:00,Brasil,AMAPÁ,OIAPOQUE,Amazônia
 1730086116 ,c90e177c-41da-37c1-933f-39f5da6cfc72,    3.646490 ,  -51.292080 ,2024-10-25 17:43:00,Brasil,AMAPÁ,OIAPOQUE,Amazônia
 1730086117 ,b21e2e24-edb9-34d6-a2fe-583aa65535c4,    3.637670 ,  -51.290790 ,2024-10-25 17:43:00,Brasil,AMAPÁ,OIAPOQUE,Amazônia
 1730086118 ,dab2bbe6-b310-3a44-a08a-ec58c62f78c1,    3.636400 ,  -51.299570 ,2024-10-25 17:43:00,Brasil,AMAPÁ,OIAPOQUE,Amazônia
 1730086119 ,ca6bab2a-959a-3fdc-b547-584de79fb050,    3.457440 ,  -51.261090 ,2024-10-25 17:43:00,Brasil,AMAPÁ,OIAPOQUE,Amazônia
 1730086120 ,5408d7e3-a74d-3d7a-8b0c-825763e3d4bd,    3.456170 ,  -51.269860 ,2024-10-25 17:43:00,Brasil,AMAPÁ,OIAPOQUE,Amazônia
 1730086121 ,4918624a-37c5-3acb-9a84-285951470f9f,    3.428440 ,  -51.274770 ,2024-10-25 17:43:00,Brasil,AMAPÁ,OIAPOQUE,Amazônia
 1730086122 ,17c411ea-3c6b-3cd2-90a5-1d886debc79e,    3.427170 ,  -51.283550 ,2024-10-25 17:43:00,Brasil,AMAPÁ,OIAPOQUE,Amazônia
 1730086123 ,3c3bd035-7be8-3d17-9bc1-43e3e2184cbe,    3.424620 ,  -51.301100 ,2024-10-25 17:43:00,Brasil,AMAPÁ,OIAPOQUE,Amazônia
 1730086124 ,d3bdca27-9d0a-3600-8d8c-7dd739f9efe4,    3.423340 ,  -51.309880 ,2024-10-25 17:43:00,Brasil,AMAPÁ,OIAPOQUE,Amazônia
 1730086125 ,69ddba41-b213-3e7b-98ca-7ed41c0d2c6c,    3.413950 ,  -51.292980 ,2024-10-25 17:43:00,Brasil,AMAPÁ,OIAPOQUE,Amazônia
 1730086126 ,aeb9c349-0750-3b74-b194-c4f189103211,    3.412670 ,  -51.301760 ,2024-10-25 17:43:00,Brasil,AMAPÁ,OIAPOQUE,Amazônia
 1730086127 ,6932b9ed-cb28-3e96-901f-ac313886a4c6,    3.378690 ,  -51.287820 ,2024-10-25 17:43:00,Brasil,AMAPÁ,OIAPOQUE,Amazônia
 1730086128 ,7320a958-bda9-3b1c-bcf2-ec460916787f,    3.377410 ,  -51.296590 ,2024-10-25 17:43:00,Brasil,AMAPÁ,OIAPOQUE,Amazônia
 1730086129 ,a708b0a8-bac2-3259-874d-69447fb51ebf,    2.794680 ,  -50.926680 ,2024-10-25 17:43:00,Brasil,AMAPÁ,CALÇOENE,Amazônia
 1730086130 ,8c9f571d-8a3d-3ae2-83c1-5e7e77e09a87,    2.793410 ,  -50.935480 ,2024-10-25 17:43:00,Brasil,AMAPÁ,CALÇOENE,Amazônia
 1730086131 ,c4864538-512f-3d50-89c7-bba26c26e1c4,    2.784580 ,  -50.934190 ,2024-10-25 17:43:00,Brasil,AMAPÁ,CALÇOENE,Amazônia
 1730086132 ,a08e540e-8408-34a9-854d-65ac1f334abb,    1.144270 ,  -52.685050 ,2024-10-25 17:43:00,Brasil,AMAPÁ,PEDRA BRANCA DO AMAPARI,Amazônia
 1730086133 ,83967479-3758-341a-bee7-e1a74d61f54e,    1.004870 ,  -52.061970 ,2024-10-25 17:43:00,Brasil,AMAPÁ,SERRA DO NAVIO,Amazônia
 1730086134 ,86b2aeb4-8212-30e8-877a-ed7faa715cd1,     .734890 ,  -51.447940 ,2024-10-25 17:43:00,Brasil,AMAPÁ,PORTO GRANDE,Amazônia
 1730086135 ,395cf0e1-b4c7-3fe9-bb54-75d7fcd59653,    1.259440 ,  -51.267230 ,2024-10-25 17:43:00,Brasil,AMAPÁ,TARTARUGALZINHO,Amazônia
 1730086136 ,dbccdf86-3bb4-3d68-be73-e1bd4e7c0406,    1.258160 ,  -51.276020 ,2024-10-25 17:43:00,Brasil,AMAPÁ,TARTARUGALZINHO,Amazônia
 1730086137 ,9c416b5f-6a7a-336b-9856-75ba6b4059d2,    1.231660 ,  -51.272140 ,2024-10-25 17:43:00,Brasil,AMAPÁ,TARTARUGALZINHO,Amazônia
 1730086138 ,d768dbde-fb00-3686-944b-22dc595133d7,    1.230380 ,  -51.280940 ,2024-10-25 17:43:00,Brasil,AMAPÁ,TARTARUGALZINHO,Amazônia
 1730086139 ,600c198e-caf1-3fae-9383-8e4508622974,     .557870 ,  -51.582330 ,2024-10-25 17:43:00,Brasil,AMAPÁ,PORTO GRANDE,Amazônia
 1730086140 ,520b3fe3-6f9f-347c-933b-952024eccad6,     .556570 ,  -51.591250 ,2024-10-25 17:43:00,Brasil,AMAPÁ,PORTO GRANDE,Amazônia
 1730086141 ,3c790603-efe0-3511-bfed-d589fc9ff4ef,    -.656850 ,  -52.319420 ,2024-10-25 17:41:00,Brasil,AMAPÁ,LARANJAL DO JARI,Amazônia
 1730086142 ,168396db-59cf-38e0-8f0b-8e017161b33c,    -.655460 ,  -52.309870 ,2024-10-25 17:41:00,Brasil,AMAPÁ,LARANJAL DO JARI,Amazônia
 1730086143 ,39e7bcef-9ad4-3e69-b0a5-db7e8a2ae9dd,    -.636100 ,  -51.800170 ,2024-10-25 17:41:00,Brasil,AMAPÁ,MAZAGÃO,Amazônia
 1730086144 ,73d23509-5ea6-34d1-8b13-85a2517bc2b5,    -.587790 ,  -51.719430 ,2024-10-25 17:41:00,Brasil,AMAPÁ,MAZAGÃO,Amazônia
 1730086145 ,c9d566dd-fcbd-3ba8-9533-cf8ea39a7469,    -.586800 ,  -51.775560 ,2024-10-25 17:41:00,Brasil,AMAPÁ,MAZAGÃO,Amazônia
 1730086146 ,f35ca13f-7b3f-3c25-9cec-57ce91c6809b,    -.585470 ,  -51.766410 ,2024-10-25 17:41:00,Brasil,AMAPÁ,MAZAGÃO,Amazônia
 1730086147 ,5bd731c7-e294-3e4e-a013-f90b7494e6c0,    -.535410 ,  -51.801770 ,2024-10-25 17:41:00,Brasil,AMAPÁ,MAZAGÃO,Amazônia
 1730086148 ,03d8dab5-d330-3852-a3ea-7907d07e0081,    -.532780 ,  -51.783460 ,2024-10-25 17:41:00,Brasil,AMAPÁ,MAZAGÃO,Amazônia
 1730086149 ,1143b7b8-a5e5-3053-88dc-f7d8e5957100,    -.525160 ,  -51.800420 ,2024-10-25 17:41:00,Brasil,AMAPÁ,MAZAGÃO,Amazônia
 1730086150 ,865c63ab-44b5-3b59-900f-96267a7ccfcd,    -.523820 ,  -51.791260 ,2024-10-25 17:41:00,Brasil,AMAPÁ,MAZAGÃO,Amazônia
 1730086151 ,3db20a2f-94e1-303a-9c28-4449ebe38e6c,    -.473170 ,  -51.696130 ,2024-10-25 17:41:00,Brasil,AMAPÁ,MAZAGÃO,Amazônia
 1730086152 ,72cac465-0597-3a76-94e0-404cf9670122,    -.440750 ,  -51.599020 ,2024-10-25 17:41:00,Brasil,AMAPÁ,MAZAGÃO,Amazônia
 1730086153 ,d205a4bb-2059-3b63-80eb-dec6dbd7f841,    -.253710 ,  -51.518910 ,2024-10-25 17:41:00,Brasil,AMAPÁ,MAZAGÃO,Amazônia
 1730086175 ,fc0334a4-3d68-3079-ab37-38316e228269,   -1.207240 ,  -52.105350 ,2024-10-25 17:41:00,Brasil,AMAPÁ,VITÓRIA DO JARI,Amazônia
 1730086176 ,604080b7-6b59-3172-b0cf-ad3bfaf0e7fc,   -1.107910 ,  -52.253410 ,2024-10-25 17:41:00,Brasil,AMAPÁ,VITÓRIA DO JARI,Amazônia
 1730086709 ,6e26e831-0e49-3613-bfc4-12039de84399,   -1.072860 ,  -52.141270 ,2024-10-25 17:41:00,Brasil,AMAPÁ,VITÓRIA DO JARI,Amazônia
 1730086710 ,8f5c71eb-df23-35f4-bdcb-fc84332bbc7e,    -.968790 ,  -52.055680 ,2024-10-25 17:41:00,Brasil,AMAPÁ,VITÓRIA DO JARI,Amazônia
 1730086711 ,bb642c93-b8ae-3455-9582-4a6088207c8a,    -.967430 ,  -52.046240 ,2024-10-25 17:41:00,Brasil,AMAPÁ,VITÓRIA DO JARI,Amazônia
 1730086712 ,18047401-ff18-39d2-9398-8364a8bd6133,    -.937810 ,  -52.095700 ,2024-10-25 17:41:00,Brasil,AMAPÁ,VITÓRIA DO JARI,Amazônia
 1730086713 ,b7590c01-a834-3870-b8c6-805e36fb6ac6,    -.936420 ,  -52.086270 ,2024-10-25 17:41:00,Brasil,AMAPÁ,VITÓRIA DO JARI,Amazônia
 1730086714 ,3645ae51-8152-3466-904f-3ab0587577ce,    -.909020 ,  -52.090290 ,2024-10-25 17:41:00,Brasil,AMAPÁ,LARANJAL DO JARI,Amazônia
 1730086716 ,71a5370c-67eb-338b-b624-d947e5f0f067,    -.858550 ,  -52.180530 ,2024-10-25 17:41:00,Brasil,AMAPÁ,VITÓRIA DO JARI,Amazônia
 1730086717 ,d3d7d9b4-1d2c-320a-ae18-353334cbd62a,    -.857140 ,  -52.170970 ,2024-10-25 17:41:00,Brasil,AMAPÁ,LARANJAL DO JARI,Amazônia
 1730267043 ,a003166f-1240-33e9-a096-d81ff66fd3bd,    1.147840 ,  -51.020220 ,2024-10-26 18:24:00,Brasil,AMAPÁ,TARTARUGALZINHO,Amazônia
 1730267044 ,e82ec0dd-3cb2-33f4-b8d7-699984267df9,    1.143030 ,  -51.011670 ,2024-10-26 18:24:00,Brasil,AMAPÁ,TARTARUGALZINHO,Amazônia
 1730388787 ,0fce5a2f-3f91-3071-8689-da7086e99736,    -.858260 ,  -52.340820 ,2024-10-27 17:24:00,Brasil,AMAPÁ,VITÓRIA DO JARI,Amazônia
 1730388795 ,0eee2837-ed83-3f1a-b94f-5d78db78bc70,    -.219870 ,  -51.549240 ,2024-10-27 17:24:00,Brasil,AMAPÁ,MAZAGÃO,Amazônia
 1730388796 ,f31cadc6-a319-3ccd-8e0d-8c77ce3fc40d,    -.217420 ,  -51.532310 ,2024-10-27 17:24:00,Brasil,AMAPÁ,MAZAGÃO,Amazônia
 1730388797 ,4a812cbd-c7b6-3132-836c-5e458c8b25b7,    -.212370 ,  -51.537980 ,2024-10-27 17:24:00,Brasil,AMAPÁ,MAZAGÃO,Amazônia
 1730388798 ,50f3d413-81cb-3ba3-a373-4daea8d66418,    -.123780 ,  -51.644810 ,2024-10-27 17:24:00,Brasil,AMAPÁ,MAZAGÃO,Amazônia
 1730388799 ,fbe4b692-797d-3b57-9a3a-c8b2a031c0b3,    -.121200 ,  -51.627760 ,2024-10-27 17:24:00,Brasil,AMAPÁ,MAZAGÃO,Amazônia
 1730388800 ,163cdb83-d2a1-3cd5-92b0-1b23cbf96eeb,    -.116930 ,  -51.638980 ,2024-10-27 17:24:00,Brasil,AMAPÁ,MAZAGÃO,Amazônia
 1730389716 ,49c1751e-2909-336a-9090-22ca33bd69d8,    3.614440 ,  -51.293780 ,2024-10-27 17:24:00,Brasil,AMAPÁ,OIAPOQUE,Amazônia
 1730389717 ,defe0980-abf1-33f1-8e00-0f7f2bb277a2,    3.196980 ,  -51.300030 ,2024-10-27 17:24:00,Brasil,AMAPÁ,OIAPOQUE,Amazônia
 1730389718 ,d739e6a0-69b5-3680-85b3-54e1ca00ae9b,    2.682820 ,  -51.347780 ,2024-10-27 17:24:00,Brasil,AMAPÁ,CALÇOENE,Amazônia
 1730389719 ,e386a090-b074-3ef0-aac1-3cf6dc874940,    2.408210 ,  -51.414790 ,2024-10-27 17:24:00,Brasil,AMAPÁ,CALÇOENE,Amazônia
 1730389720 ,972a781e-f701-31a7-b8f6-d4cff5e9fec1,    2.296240 ,  -50.773790 ,2024-10-27 17:24:00,Brasil,AMAPÁ,CALÇOENE,Amazônia
 1730389721 ,91a799c2-1563-352b-8581-e70042c0ca1c,    1.919100 ,  -50.851480 ,2024-10-27 17:24:00,Brasil,AMAPÁ,AMAPÁ,Amazônia
 1730389723 ,c02f677b-4d71-37d9-a672-522052ff1e43,    1.768610 ,  -50.456390 ,2024-10-27 17:24:00,Brasil,AMAPÁ,AMAPÁ,Amazônia
 1730389724 ,392d2097-a5eb-34e6-be88-8d558170a851,    1.701260 ,  -50.987630 ,2024-10-27 17:24:00,Brasil,AMAPÁ,PRACUÚBA,Amazônia
 1730389725 ,8242e73e-9608-336a-b166-fc2c90c495cb,    1.596380 ,  -50.994190 ,2024-10-27 17:24:00,Brasil,AMAPÁ,TARTARUGALZINHO,Amazônia
 1730389726 ,a4dba9ae-579d-353c-b52c-cda2e531b969,    1.399670 ,  -50.851490 ,2024-10-27 17:24:00,Brasil,AMAPÁ,TARTARUGALZINHO,Amazônia
 1730389727 ,eea8a25b-fd59-33c1-a80e-94555b691c38,    1.247940 ,  -50.860420 ,2024-10-27 17:24:00,Brasil,AMAPÁ,TARTARUGALZINHO,Amazônia
 1730389728 ,93fcc5de-5d2b-3647-a652-4c02bbc3a800,    1.247580 ,  -51.096240 ,2024-10-27 17:24:00,Brasil,AMAPÁ,TARTARUGALZINHO,Amazônia
 1730389729 ,92fe3f26-42ce-3845-9206-b885e5e5adb2,    1.247240 ,  -51.102990 ,2024-10-27 17:24:00,Brasil,AMAPÁ,TARTARUGALZINHO,Amazônia
 1730389730 ,35e1f724-3aae-3241-a466-36feb737afce,    1.235870 ,  -51.253740 ,2024-10-27 17:24:00,Brasil,AMAPÁ,TARTARUGALZINHO,Amazônia
 1730389731 ,8d56b61f-aa4f-3782-afd3-a5c9eaaa8c0e,    1.155390 ,  -51.022670 ,2024-10-27 17:24:00,Brasil,AMAPÁ,TARTARUGALZINHO,Amazônia
 1730389732 ,0097c916-6dac-3f7c-8bd9-7af86a4e2386,     .823610 ,  -50.209590 ,2024-10-27 17:24:00,Brasil,AMAPÁ,MACAPÁ,Amazônia
 1730389733 ,50ac24bc-2a0f-33f4-a17a-8ebc901b55ff,     .818230 ,  -50.215280 ,2024-10-27 17:24:00,Brasil,AMAPÁ,MACAPÁ,Amazônia
 1730389734 ,8446e773-2b20-33b4-98db-8b896e5a9ce8,     .349300 ,  -50.949010 ,2024-10-27 17:24:00,Brasil,AMAPÁ,MACAPÁ,Amazônia
 1730389735 ,13acb5f9-5734-340c-bb66-631043759c9b,     .348600 ,  -50.955670 ,2024-10-27 17:24:00,Brasil,AMAPÁ,MACAPÁ,Amazônia
 1730389736 ,fb665d6b-a3f6-353e-9a16-9424c712e71f,     .347150 ,  -50.963970 ,2024-10-27 17:24:00,Brasil,AMAPÁ,MACAPÁ,Amazônia
 1730561463 ,dc3fb56b-5339-3575-99d7-b60875be1be6,    -.133560 ,  -51.575910 ,2024-10-28 18:04:00,Brasil,AMAPÁ,MAZAGÃO,Amazônia
 1730561464 ,1a163cf6-9d68-33ad-b541-b0d73944111a,    -.164380 ,  -51.557180 ,2024-10-28 18:04:00,Brasil,AMAPÁ,MAZAGÃO,Amazônia
 1730561465 ,a6bd83ae-aba7-3807-ae3c-becbdc18a9dd,    -.185210 ,  -51.777690 ,2024-10-28 18:04:00,Brasil,AMAPÁ,MAZAGÃO,Amazônia
 1730561466 ,55e467ed-d57c-3a22-be6f-d72680778015,    -.400620 ,  -52.067070 ,2024-10-28 18:04:00,Brasil,AMAPÁ,MAZAGÃO,Amazônia
 1730561467 ,5881f8df-b213-3240-b8cf-078e3b7394c3,    -.488950 ,  -51.823520 ,2024-10-28 18:04:00,Brasil,AMAPÁ,MAZAGÃO,Amazônia
 1730561469 ,6a9bcafe-67c2-3e7b-bd4f-3fc5340a9b00,    -.522750 ,  -51.865550 ,2024-10-28 18:04:00,Brasil,AMAPÁ,MAZAGÃO,Amazônia
 1730561470 ,f9696b20-335d-3a8d-9cbb-6c0fc5cff7c0,    -.536260 ,  -51.809910 ,2024-10-28 18:04:00,Brasil,AMAPÁ,MAZAGÃO,Amazônia
 1730561471 ,6fe402b7-741b-3e76-a698-0750a99a20a7,    2.485680 ,  -50.979110 ,2024-10-28 18:04:00,Brasil,AMAPÁ,CALÇOENE,Amazônia
 1730561472 ,b620dc93-29fc-3759-a35e-ea39a3934902,    3.455350 ,  -51.253840 ,2024-10-28 18:04:00,Brasil,AMAPÁ,OIAPOQUE,Amazônia
 1730561473 ,4b682395-2b7e-3597-a702-861e51a06f03,    3.463990 ,  -51.244900 ,2024-10-28 18:04:00,Brasil,AMAPÁ,OIAPOQUE,Amazônia
 1730561474 ,1bdcbb05-2b8c-3f96-a8d2-fecf521b57af,    3.478790 ,  -51.483460 ,2024-10-28 18:04:00,Brasil,AMAPÁ,OIAPOQUE,Amazônia
 1730561475 ,04218421-3d68-36ce-bc24-438c0c5d1eca,    3.550560 ,  -51.449110 ,2024-10-28 18:04:00,Brasil,AMAPÁ,OIAPOQUE,Amazônia
 1730561476 ,bb1be9fa-9c22-3897-9494-0a278b319984,    3.585830 ,  -51.284550 ,2024-10-28 18:04:00,Brasil,AMAPÁ,OIAPOQUE,Amazônia
 1730561496 ,e0379ee2-b84d-3dfa-8b4a-2b128ab4c77f,     .574330 ,  -50.760140 ,2024-10-28 18:04:00,Brasil,AMAPÁ,ITAUBAL,Amazônia
 1730561497 ,589d9cc4-e128-30fb-a510-590b4f0de321,    2.335960 ,  -50.773780 ,2024-10-28 18:04:00,Brasil,AMAPÁ,CALÇOENE,Amazônia
 1730561498 ,73ea59df-9470-3257-8cf6-25513f118447,    2.657390 ,  -50.892690 ,2024-10-28 18:04:00,Brasil,AMAPÁ,CALÇOENE,Amazônia
 1730711473 ,d1071bd7-7fbb-3582-9491-95fc2a6deee0,    -.374010 ,  -51.788340 ,2024-10-29 17:07:00,Brasil,AMAPÁ,MAZAGÃO,Amazônia
 1730711474 ,16e1d9bf-1089-3d42-9570-5327484c6871,    -.373640 ,  -51.796420 ,2024-10-29 17:07:00,Brasil,AMAPÁ,MAZAGÃO,Amazônia
 1730711570 ,85ea1202-787b-3688-836b-9bf64cffaf73,    -.420100 ,  -51.610030 ,2024-10-29 17:07:00,Brasil,AMAPÁ,MAZAGÃO,Amazônia
 1730711603 ,2b11c8e0-49a7-3321-93c4-e11033f1ab11,    -.567620 ,  -51.744350 ,2024-10-29 17:07:00,Brasil,AMAPÁ,MAZAGÃO,Amazônia
 1730712033 ,0e239203-9709-3855-a89c-3dd10b98e1e7,    -.567920 ,  -51.748800 ,2024-10-29 17:07:00,Brasil,AMAPÁ,MAZAGÃO,Amazônia
 1730712271 ,056dd7ec-76ab-37b5-95a6-ced6e8f2f755,    1.947770 ,  -50.796410 ,2024-10-29 17:07:00,Brasil,AMAPÁ,AMAPÁ,Amazônia
 1730712272 ,42ba8b92-8358-3e2e-bf63-ca819fabd2e0,    1.153660 ,  -50.721470 ,2024-10-29 17:07:00,Brasil,AMAPÁ,TARTARUGALZINHO,Amazônia
 1730712273 ,7dc9c37e-ad25-37d1-9116-d0eb0e28e2ee,    3.565120 ,  -51.287690 ,2024-10-29 17:07:00,Brasil,AMAPÁ,OIAPOQUE,Amazônia
 1730712274 ,8ab9c888-5248-385c-9dd2-d0748b6643b9,    3.574370 ,  -51.296810 ,2024-10-29 17:07:00,Brasil,AMAPÁ,OIAPOQUE,Amazônia
 1730712283 ,d841c6d0-bafa-35ce-9ff6-24f8023ab7ab,    1.148720 ,  -50.753950 ,2024-10-29 17:07:00,Brasil,AMAPÁ,TARTARUGALZINHO,Amazônia
 1730712284 ,fe19da38-dacc-3c9b-8231-bb50b69e169e,     .072280 ,  -51.235800 ,2024-10-29 17:07:00,Brasil,AMAPÁ,SANTANA,Amazônia
 1730712286 ,4f8389af-b2cb-3b3c-9f6b-e0420e1da6d1,     .077810 ,  -51.198830 ,2024-10-29 17:07:00,Brasil,AMAPÁ,MACAPÁ,Amazônia
 1730712678 ,183b2455-8b86-32c4-8b19-96d7f93e53e6,    -.419200 ,  -51.614030 ,2024-10-29 17:07:00,Brasil,AMAPÁ,MAZAGÃO,Amazônia
 1730873613 ,9a2e70cc-0fef-355f-8705-b0827c7ffbf3,   -1.098160 ,  -52.157300 ,2024-10-30 17:47:00,Brasil,AMAPÁ,VITÓRIA DO JARI,Amazônia
 1730873615 ,1525bd16-6639-3ae4-94aa-f552c67803e6,   -1.085280 ,  -52.131600 ,2024-10-30 17:47:00,Brasil,AMAPÁ,VITÓRIA DO JARI,Amazônia
 1730873622 ,0daccb13-9966-3c5d-85b7-8ac93ed71aa8,    -.881160 ,  -51.740460 ,2024-10-30 17:47:00,Brasil,AMAPÁ,VITÓRIA DO JARI,Amazônia
 1730873623 ,47802402-8bfb-389a-8442-b851cff20c49,    -.737090 ,  -52.400720 ,2024-10-30 17:47:00,Brasil,AMAPÁ,LARANJAL DO JARI,Amazônia
 1730873626 ,1937d52e-2da2-3d1d-95bd-cc2b8fb2d80f,    -.688070 ,  -51.681880 ,2024-10-30 17:47:00,Brasil,AMAPÁ,MAZAGÃO,Amazônia
 1730873627 ,69b89def-6a76-3809-8b77-3a85331f36ad,    -.611210 ,  -52.048890 ,2024-10-30 17:47:00,Brasil,AMAPÁ,MAZAGÃO,Amazônia
 1730873628 ,18090f39-44cd-3833-bed5-273ce554f930,    -.602320 ,  -52.050190 ,2024-10-30 17:47:00,Brasil,AMAPÁ,LARANJAL DO JARI,Amazônia
 1730873629 ,0dd1d425-6ab5-3b16-82a7-5f9c054328f7,    -.601730 ,  -51.781200 ,2024-10-30 17:47:00,Brasil,AMAPÁ,MAZAGÃO,Amazônia
 1730873630 ,b65f4551-e8ec-3a13-b576-a899ce5c08e4,    -.524220 ,  -52.590310 ,2024-10-30 17:47:00,Brasil,AMAPÁ,LARANJAL DO JARI,Amazônia
 1730873631 ,77206a31-fcf0-3c47-bce3-b34d5c06f5f6,    -.506650 ,  -51.765570 ,2024-10-30 17:47:00,Brasil,AMAPÁ,MAZAGÃO,Amazônia
 1730873633 ,a56d00e6-d354-3e13-bf43-80d2c4954b82,    -.154520 ,  -51.572120 ,2024-10-30 17:47:00,Brasil,AMAPÁ,MAZAGÃO,Amazônia
 1730873634 ,4a219f97-fd63-316b-b915-9eda25734258,    -.153240 ,  -51.563350 ,2024-10-30 17:47:00,Brasil,AMAPÁ,MAZAGÃO,Amazônia
 1730873635 ,661b62bf-a376-3f56-8b59-ce83cc4932eb,    -.117530 ,  -51.317990 ,2024-10-30 17:47:00,Brasil,AMAPÁ,MAZAGÃO,Amazônia
 1730873636 ,70e69df6-111a-3bb3-9471-7d81251f9515,    -.108720 ,  -51.319270 ,2024-10-30 17:47:00,Brasil,AMAPÁ,MAZAGÃO,Amazônia
 1730873637 ,25c76cbf-2ed4-3332-a7b0-e453db895482,    -.088640 ,  -51.366950 ,2024-10-30 17:47:00,Brasil,AMAPÁ,MAZAGÃO,Amazônia
 1730873638 ,0e6687c9-3aab-31f5-8cef-a36fb39f41c3,    -.079820 ,  -51.368240 ,2024-10-30 17:47:00,Brasil,AMAPÁ,MAZAGÃO,Amazônia
 1730873639 ,fd2d7277-5cf5-34e9-a0b3-be26908b6d00,    -.033660 ,  -51.371810 ,2024-10-30 17:47:00,Brasil,AMAPÁ,SANTANA,Amazônia
 1730873640 ,ad5d6684-3f61-3f37-baa3-96add24dc3fa,    -.017300 ,  -51.383150 ,2024-10-30 17:47:00,Brasil,AMAPÁ,SANTANA,Amazônia
 1730873641 ,39e317a2-3c3c-354d-a7c0-06f94f2005a8,    -.016030 ,  -51.374390 ,2024-10-30 17:47:00,Brasil,AMAPÁ,SANTANA,Amazônia
 1730874250 ,11b26526-9e2b-3269-8984-1163940e6b0e,    3.737290 ,  -51.526910 ,2024-10-30 17:47:00,Brasil,AMAPÁ,OIAPOQUE,Amazônia
 1730874253 ,737884f7-42c7-30f6-acd2-306800ef4aa0,    3.491610 ,  -51.244090 ,2024-10-30 17:47:00,Brasil,AMAPÁ,OIAPOQUE,Amazônia
 1730874254 ,10a9e690-9b37-3786-8a51-fe91b576c1d0,    3.454670 ,  -51.247890 ,2024-10-30 17:47:00,Brasil,AMAPÁ,OIAPOQUE,Amazônia
 1730874255 ,d951ce64-821a-3c49-ba47-33bfba67a124,    3.444600 ,  -51.249840 ,2024-10-30 17:47:00,Brasil,AMAPÁ,OIAPOQUE,Amazônia
 1730874256 ,0814994d-eee7-3f6c-a3d9-6d6facec65aa,    3.443300 ,  -51.258820 ,2024-10-30 17:47:00,Brasil,AMAPÁ,OIAPOQUE,Amazônia
 1730874257 ,8330994f-72b5-38f1-96c6-2486b0e91c54,    3.053070 ,  -51.474350 ,2024-10-30 17:47:00,Brasil,AMAPÁ,OIAPOQUE,Amazônia
 1730874258 ,f2a47b65-8ee4-34e0-9ef4-3777997710bb,    2.652990 ,  -50.977780 ,2024-10-30 17:47:00,Brasil,AMAPÁ,CALÇOENE,Amazônia
 1730874259 ,0992ad3d-ca57-306e-9c3f-a538311db641,    2.566660 ,  -50.941090 ,2024-10-30 17:47:00,Brasil,AMAPÁ,CALÇOENE,Amazônia
 1730874260 ,0c47ac0b-d366-309e-b5fe-05356523f388,    2.431920 ,  -50.914810 ,2024-10-30 17:47:00,Brasil,AMAPÁ,CALÇOENE,Amazônia
 1730874261 ,e73f9532-eaed-393f-98c2-d0184937ff3b,    2.296830 ,  -50.762640 ,2024-10-30 17:47:00,Brasil,AMAPÁ,CALÇOENE,Amazônia
 1730874262 ,bdecbb50-28c0-38a3-bc6c-0df0d104363f,    2.295510 ,  -50.771730 ,2024-10-30 17:47:00,Brasil,AMAPÁ,CALÇOENE,Amazônia
 1730874263 ,6b351dc3-45ee-3e01-8096-cfebaf98c8b2,    2.195270 ,  -50.704940 ,2024-10-30 17:47:00,Brasil,AMAPÁ,CALÇOENE,Amazônia
 1730874264 ,3eccc763-4c90-3e8f-8b9f-e9586c7d794a,    2.193950 ,  -50.714050 ,2024-10-30 17:47:00,Brasil,AMAPÁ,CALÇOENE,Amazônia
 1730874265 ,959d6ff4-bf17-3c6c-ad36-17791b70e371,    1.903080 ,  -50.680730 ,2024-10-30 17:47:00,Brasil,AMAPÁ,AMAPÁ,Amazônia
 1730874266 ,9f8eecbc-cca4-3811-b4d8-0bdfd8ef871e,    1.885140 ,  -50.678120 ,2024-10-30 17:47:00,Brasil,AMAPÁ,AMAPÁ,Amazônia
 1730874267 ,60afb82e-33c8-3908-a23b-f3a6bcf547cc,    1.807350 ,  -50.448830 ,2024-10-30 17:47:00,Brasil,AMAPÁ,AMAPÁ,Amazônia
 1730874270 ,2129337f-1266-361a-a368-78e55fbfe191,    1.639940 ,  -50.716910 ,2024-10-30 17:47:00,Brasil,AMAPÁ,PRACUÚBA,Amazônia
 1730874272 ,6899dda8-0c99-3b28-8f54-7119e7d388d2,    1.580940 ,  -50.809560 ,2024-10-30 17:47:00,Brasil,AMAPÁ,PRACUÚBA,Amazônia
 1730874273 ,df6e1605-f9ac-30ed-94dd-cdb2c024a19c,    1.505490 ,  -51.065670 ,2024-10-30 17:47:00,Brasil,AMAPÁ,TARTARUGALZINHO,Amazônia
 1730874274 ,410d2911-17bd-383c-b7c3-ac451cd6608a,    1.420610 ,  -50.956680 ,2024-10-30 17:47:00,Brasil,AMAPÁ,TARTARUGALZINHO,Amazônia
 1730874275 ,280d2870-9c32-3569-95be-6f2698244c70,    1.182970 ,  -51.072910 ,2024-10-30 17:47:00,Brasil,AMAPÁ,TARTARUGALZINHO,Amazônia
 1730874276 ,8c8ef313-d72a-31b8-9bbf-6e0385641ee9,    1.155810 ,  -50.743950 ,2024-10-30 17:47:00,Brasil,AMAPÁ,TARTARUGALZINHO,Amazônia
 1730874277 ,49770525-e3c2-3e34-a13c-c2faeaed8781,    1.117220 ,  -52.590810 ,2024-10-30 17:47:00,Brasil,AMAPÁ,PEDRA BRANCA DO AMAPARI,Amazônia
 1730874278 ,dce48677-aee7-3230-b281-8979d5cb156b,    1.102490 ,  -50.730480 ,2024-10-30 17:47:00,Brasil,AMAPÁ,TARTARUGALZINHO,Amazônia
 1730874279 ,8f2c056c-c940-3604-a54a-6b101f9caba3,    1.085740 ,  -52.494640 ,2024-10-30 17:47:00,Brasil,AMAPÁ,PEDRA BRANCA DO AMAPARI,Amazônia
 1730874284 ,15ff80d3-cfce-3057-b9d1-80c4527c7d94,     .945880 ,  -52.126420 ,2024-10-30 17:47:00,Brasil,AMAPÁ,PEDRA BRANCA DO AMAPARI,Amazônia
 1730874289 ,83a40478-5069-377f-9a17-d182ce05559a,     .877490 ,  -50.758550 ,2024-10-30 17:47:00,Brasil,AMAPÁ,CUTIAS,Amazônia
 1730874290 ,43f13a62-903a-3e59-ba12-544c0d2c0f30,     .876200 ,  -50.767500 ,2024-10-30 17:47:00,Brasil,AMAPÁ,CUTIAS,Amazônia
 1730874291 ,90da6c96-8a02-3a5c-b28e-afcd82d20654,     .748960 ,  -51.890970 ,2024-10-30 17:47:00,Brasil,AMAPÁ,PEDRA BRANCA DO AMAPARI,Amazônia
 1730874292 ,9571f0d5-c32e-377d-a235-b80c7220658d,     .740720 ,  -51.576370 ,2024-10-30 17:47:00,Brasil,AMAPÁ,PORTO GRANDE,Amazônia
 1730874293 ,ee98a96a-81af-3dad-8ba5-e88b553a3279,     .673140 ,  -51.711920 ,2024-10-30 17:47:00,Brasil,AMAPÁ,PORTO GRANDE,Amazônia
 1730874298 ,a91e45e5-c7e6-3f9c-83aa-dbd523670e85,     .448880 ,  -51.613220 ,2024-10-30 17:47:00,Brasil,AMAPÁ,PORTO GRANDE,Amazônia
 1730874301 ,0f91aa1b-3cdf-3dd4-9da0-931c2166395e,     .253910 ,  -50.787760 ,2024-10-30 17:47:00,Brasil,AMAPÁ,MACAPÁ,Amazônia
 1730874302 ,a22910f7-6b09-3841-b583-317e4c7e1ccc,     .228140 ,  -50.964730 ,2024-10-30 17:47:00,Brasil,AMAPÁ,MACAPÁ,Amazônia
 1730874305 ,1440c133-0361-3ee9-9786-933f513a0de9,     .055370 ,  -51.212200 ,2024-10-30 17:47:00,Brasil,AMAPÁ,MACAPÁ,Amazônia
 1730874306 ,470f097e-a535-31f0-9d77-45c504452184,     .020870 ,  -51.182750 ,2024-10-30 17:47:00,Brasil,AMAPÁ,MACAPÁ,Amazônia
 1730874307 ,a3f211ae-f5dc-364d-a0c5-2df0ac1cb312,     .019590 ,  -51.191530 ,2024-10-30 17:47:00,Brasil,AMAPÁ,MACAPÁ,Amazônia
 1731126154 ,d7cb6144-181a-355a-afcb-52dcc4be46c6,    2.376550 ,  -50.874920 ,2024-11-01 17:28:00,Brasil,AMAPÁ,CALÇOENE,Amazônia
 1731126155 ,e6a620ea-a311-3668-af89-62497605e483,    2.373580 ,  -50.825310 ,2024-11-01 17:28:00,Brasil,AMAPÁ,CALÇOENE,Amazônia
 1731126156 ,b317da50-35d4-3c7b-bdf8-1139f3b3f4bb,    2.336650 ,  -50.801000 ,2024-11-01 17:28:00,Brasil,AMAPÁ,CALÇOENE,Amazônia
 1731126157 ,c7b4dd4c-7ed8-399d-b4ac-ef2f37b620e7,    2.334880 ,  -50.812980 ,2024-11-01 17:28:00,Brasil,AMAPÁ,CALÇOENE,Amazônia
 1731126158 ,02c2aaf0-82ba-3647-bf80-f3a65dcc9d35,    1.260990 ,  -50.667040 ,2024-11-01 17:28:00,Brasil,AMAPÁ,TARTARUGALZINHO,Amazônia
 1731126159 ,73ddb6e2-628f-3216-9f87-d74e9d5b8041,    1.259220 ,  -50.679230 ,2024-11-01 17:28:00,Brasil,AMAPÁ,TARTARUGALZINHO,Amazônia
 1731126160 ,deea5f38-13e6-361e-b143-d04b5de7f78e,    1.235500 ,  -50.962490 ,2024-11-01 17:28:00,Brasil,AMAPÁ,TARTARUGALZINHO,Amazônia
 1731126161 ,bf6b7197-ac9c-304f-bef3-ca80185c6c8a,    1.229860 ,  -50.954880 ,2024-11-01 17:28:00,Brasil,AMAPÁ,TARTARUGALZINHO,Amazônia
 1731126162 ,6d2d99aa-2053-35b7-bb0f-7f1d3e63e904,    1.228020 ,  -50.967650 ,2024-11-01 17:28:00,Brasil,AMAPÁ,TARTARUGALZINHO,Amazônia
 1731126163 ,77078997-11e3-3690-97e9-654feb8f86ad,    1.226930 ,  -50.948230 ,2024-11-01 17:28:00,Brasil,AMAPÁ,TARTARUGALZINHO,Amazônia
 1731126164 ,8ab61e48-66a8-3118-918e-734d806878e8,    1.224990 ,  -50.960960 ,2024-11-01 17:28:00,Brasil,AMAPÁ,TARTARUGALZINHO,Amazônia
 1731126165 ,51f2fc25-cb93-3b58-b305-b1489c53b7d8,    1.208840 ,  -50.951820 ,2024-11-01 17:28:00,Brasil,AMAPÁ,TARTARUGALZINHO,Amazônia
 1731126166 ,c5421bb5-04f0-30d2-89f7-9dc59f415ed8,    1.206980 ,  -50.964540 ,2024-11-01 17:28:00,Brasil,AMAPÁ,TARTARUGALZINHO,Amazônia
 1731126167 ,bc215881-91a2-3d5c-becf-24b735e67bac,    1.194070 ,  -49.927810 ,2024-11-01 17:28:00,Brasil,AMAPÁ,MACAPÁ,Amazônia
 1731126168 ,6514199e-0293-338f-9bfc-b65d4601c521,    1.166690 ,  -50.047640 ,2024-11-01 17:28:00,Brasil,AMAPÁ,MACAPÁ,Amazônia
 1731126169 ,0df251ae-cf0f-33d0-a270-fb3c4f7438f3,     .973440 ,  -50.186020 ,2024-11-01 17:28:00,Brasil,AMAPÁ,MACAPÁ,Amazônia
 1731126170 ,0f19a41b-9abc-3ace-b621-26c6bdbab1bf,     .971720 ,  -50.197430 ,2024-11-01 17:28:00,Brasil,AMAPÁ,MACAPÁ,Amazônia
 1731126171 ,5e314384-8cc9-3cbb-b64c-c899d486b7ad,    2.200910 ,  -50.886340 ,2024-11-01 17:28:00,Brasil,AMAPÁ,CALÇOENE,Amazônia
 1731126172 ,225306a1-7389-349b-bbc4-7a02c455ff94,    2.199090 ,  -50.898520 ,2024-11-01 17:28:00,Brasil,AMAPÁ,CALÇOENE,Amazônia
 1731126173 ,ee0a9b61-c699-36ab-acc7-e5344f4ea89d,    2.190630 ,  -50.884800 ,2024-11-01 17:28:00,Brasil,AMAPÁ,CALÇOENE,Amazônia
 1731126174 ,99971296-f16a-3010-a4ce-c6cd74802e1e,    2.188790 ,  -50.896990 ,2024-11-01 17:28:00,Brasil,AMAPÁ,CALÇOENE,Amazônia
 1731126175 ,689204fc-6303-3d18-975b-be5233606378,    1.927750 ,  -50.789620 ,2024-11-01 17:28:00,Brasil,AMAPÁ,AMAPÁ,Amazônia
 1731126176 ,155d96d0-e0d1-320a-8cab-2658760c841b,    1.925940 ,  -50.801700 ,2024-11-01 17:28:00,Brasil,AMAPÁ,AMAPÁ,Amazônia
 1731126177 ,d2b92f78-7b98-36cb-a204-e2acffb8ff24,    1.825330 ,  -50.931850 ,2024-11-01 17:28:00,Brasil,AMAPÁ,PRACUÚBA,Amazônia
 1731126178 ,ad1d54d6-f7db-347b-9913-b0a3aac48d04,    1.631340 ,  -50.715600 ,2024-11-01 17:28:00,Brasil,AMAPÁ,PRACUÚBA,Amazônia
 1731126179 ,abfac49e-8b8a-3a73-83db-40e6abbc8573,    1.623590 ,  -50.707880 ,2024-11-01 17:28:00,Brasil,AMAPÁ,PRACUÚBA,Amazônia
 1731126180 ,c9f12cb0-dee2-37dd-b002-590aa0d1d75e,    1.621820 ,  -50.719990 ,2024-11-01 17:28:00,Brasil,AMAPÁ,PRACUÚBA,Amazônia
 1731126181 ,53309f4e-d0f2-3964-91a5-0eda308aa99b,    1.620440 ,  -51.069550 ,2024-11-01 17:28:00,Brasil,AMAPÁ,PRACUÚBA,Amazônia
 1731126184 ,e7c20068-e6c0-396c-b92c-8159e65ed339,     .069080 ,  -51.115540 ,2024-11-01 17:28:00,Brasil,AMAPÁ,MACAPÁ,Amazônia
 1731126185 ,275cfce7-75d6-3044-9f4b-35cf0e0c2bd4,     .058240 ,  -51.113950 ,2024-11-01 17:28:00,Brasil,AMAPÁ,MACAPÁ,Amazônia
 1731126186 ,21a18057-39fd-3feb-862f-f3cd339d18d1,    -.251020 ,  -51.500580 ,2024-11-01 17:28:00,Brasil,AMAPÁ,MAZAGÃO,Amazônia
 1731126187 ,21394297-87f2-3da5-800f-7f882f5c830e,    -.240930 ,  -51.507180 ,2024-11-01 17:28:00,Brasil,AMAPÁ,MAZAGÃO,Amazônia
 1731126188 ,96d96551-ea7c-3f5e-b49b-f686b69e1314,    -.239780 ,  -51.502280 ,2024-11-01 17:28:00,Brasil,AMAPÁ,MAZAGÃO,Amazônia
 1731126189 ,e43832c2-baa7-3280-937d-af1601700487,    -.238710 ,  -51.492500 ,2024-11-01 17:28:00,Brasil,AMAPÁ,MAZAGÃO,Amazônia
 1731126190 ,0514b7f7-fcbd-3179-a5c1-513489f638d7,    -.237670 ,  -51.487560 ,2024-11-01 17:28:00,Brasil,AMAPÁ,MAZAGÃO,Amazônia
 1731126287 ,6b7bd9b0-fb02-3f3f-bd0f-325edcb9c820,    3.523110 ,  -51.288550 ,2024-11-01 17:28:00,Brasil,AMAPÁ,OIAPOQUE,Amazônia
 1731126288 ,6cf2cded-b279-355d-9731-22b5ee748ee3,    3.427680 ,  -51.243280 ,2024-11-01 17:28:00,Brasil,AMAPÁ,OIAPOQUE,Amazônia
 1731126289 ,6c6c6133-15e3-3106-9258-121aad6f25ce,    3.415440 ,  -51.254090 ,2024-11-01 17:28:00,Brasil,AMAPÁ,OIAPOQUE,Amazônia
 1731126290 ,c252d573-fa1f-3863-a0b7-402b77387b8e,    3.413540 ,  -51.266490 ,2024-11-01 17:28:00,Brasil,AMAPÁ,OIAPOQUE,Amazônia
 1731126291 ,cb7216ff-b1eb-34ce-84fc-7753273aaef7,    2.843210 ,  -51.376660 ,2024-11-01 17:28:00,Brasil,AMAPÁ,CALÇOENE,Amazônia
 1731126292 ,24f224eb-eabf-3d48-a09e-a612d9b46d13,    2.756640 ,  -51.080970 ,2024-11-01 17:28:00,Brasil,AMAPÁ,CALÇOENE,Amazônia
 1731126293 ,d816f209-3289-3c5e-ba0e-f5c89d9a81c5,    2.563530 ,  -50.927510 ,2024-11-01 17:28:00,Brasil,AMAPÁ,CALÇOENE,Amazônia
 1731126294 ,bd450129-cfac-3c3b-856e-35bf3c7baeaa,    2.561710 ,  -50.939630 ,2024-11-01 17:28:00,Brasil,AMAPÁ,CALÇOENE,Amazônia
 1731126295 ,cc660a16-7bea-3fad-b3f3-dea84a88be11,     .791600 ,  -52.218320 ,2024-11-01 17:28:00,Brasil,AMAPÁ,PEDRA BRANCA DO AMAPARI,Amazônia
 1731126296 ,db55fa0d-939d-38f6-a221-1e99e8b409b8,     .756640 ,  -51.998440 ,2024-11-01 17:28:00,Brasil,AMAPÁ,PEDRA BRANCA DO AMAPARI,Amazônia
 1731126297 ,b92b1858-8218-3c0a-bfb9-8fd8aac26664,    -.206350 ,  -51.742790 ,2024-11-01 17:28:00,Brasil,AMAPÁ,MAZAGÃO,Amazônia
 1731126298 ,80d2f905-be1b-35a2-8d5c-70add21b765a,    -.121790 ,  -51.638110 ,2024-11-01 17:28:00,Brasil,AMAPÁ,MAZAGÃO,Amazônia
 1731126299 ,5ac0d32c-6717-348c-8a68-325bb36cacaf,    -.098690 ,  -51.718590 ,2024-11-01 17:28:00,Brasil,AMAPÁ,MAZAGÃO,Amazônia
 1731126301 ,d6776523-4273-3b12-b7ee-8785ac19cb01,    -.838520 ,  -51.916520 ,2024-11-01 17:26:00,Brasil,AMAPÁ,MAZAGÃO,Amazônia
 1731126302 ,2fd48d0b-9d38-31dc-8caf-60df11703f05,    -.835680 ,  -52.194330 ,2024-11-01 17:28:00,Brasil,AMAPÁ,VITÓRIA DO JARI,Amazônia
 1731126303 ,5edd678d-3b77-3f71-9f49-be6ecc0d88c0,    -.832080 ,  -51.922680 ,2024-11-01 17:26:00,Brasil,AMAPÁ,MAZAGÃO,Amazônia
 1731126329 ,28dc6656-6ffd-3e61-a1b4-6253f36c23bb,    -.972680 ,  -51.791370 ,2024-11-01 17:26:00,Brasil,AMAPÁ,VITÓRIA DO JARI,Amazônia
 1731126330 ,727e41b2-35f3-34f4-8ab2-e39058921f17,    -.961020 ,  -51.793090 ,2024-11-01 17:26:00,Brasil,AMAPÁ,VITÓRIA DO JARI,Amazônia
 1731126331 ,7f0f7897-6298-3024-9028-d967a690383f,    -.947850 ,  -52.086300 ,2024-11-01 17:26:00,Brasil,AMAPÁ,VITÓRIA DO JARI,Amazônia
 1731274266 ,805bebc7-be21-37f8-83fe-a804b18c0ee5,    3.518110 ,  -51.284390 ,2024-11-02 18:09:00,Brasil,AMAPÁ,OIAPOQUE,Amazônia
 1731274284 ,871a79ae-06ce-3e8c-9a12-3fc7263594b2,    1.239130 ,  -50.989620 ,2024-11-02 18:09:00,Brasil,AMAPÁ,TARTARUGALZINHO,Amazônia
 1731274837 ,0fe58494-db63-3552-ab72-09525227e1d0,    -.876530 ,  -52.014230 ,2024-11-02 18:06:00,Brasil,AMAPÁ,LARANJAL DO JARI,Amazônia
 1731274838 ,e2b13107-ccc2-386b-983f-9eb545f99155,    -.874450 ,  -51.999980 ,2024-11-02 18:06:00,Brasil,AMAPÁ,LARANJAL DO JARI,Amazônia
 1731274840 ,b9e99893-477f-3acd-92bd-e8b92875375c,    -.755470 ,  -51.964950 ,2024-11-02 18:06:00,Brasil,AMAPÁ,LARANJAL DO JARI,Amazônia
 1731274842 ,0bb7f70a-5a8d-3d79-9495-b3c295252ce3,    -.679950 ,  -51.690270 ,2024-11-02 18:06:00,Brasil,AMAPÁ,MAZAGÃO,Amazônia
 1731274843 ,fba04121-dabf-30ae-b1c1-d01957635e64,    -.678760 ,  -51.681780 ,2024-11-02 18:06:00,Brasil,AMAPÁ,MAZAGÃO,Amazônia
 1731274845 ,dcb17ebe-11cc-3739-8bf3-57bc8417373e,    -.122000 ,  -51.573530 ,2024-11-02 18:06:00,Brasil,AMAPÁ,MAZAGÃO,Amazônia
 1731274846 ,170727dd-e100-3320-87e2-a698da0a4084,    -.119820 ,  -51.637790 ,2024-11-02 18:06:00,Brasil,AMAPÁ,MAZAGÃO,Amazônia
 1731274847 ,8e4046e4-4725-3890-9475-e3d37bfffb32,    -.015100 ,  -51.399680 ,2024-11-02 18:06:00,Brasil,AMAPÁ,SANTANA,Amazônia
 1731274848 ,50e93817-52b1-3c5e-b92a-ab3ff5578d18,    -.005770 ,  -51.417700 ,2024-11-02 18:06:00,Brasil,AMAPÁ,SANTANA,Amazônia
 1731392502 ,7d16a352-5585-32fb-8a3e-4175feaf8131,    3.503700 ,  -51.274240 ,2024-11-03 17:09:00,Brasil,AMAPÁ,OIAPOQUE,Amazônia
 1731392503 ,34c850b6-9a41-313a-b676-cadc1a8cc58c,    3.501550 ,  -51.278430 ,2024-11-03 17:09:00,Brasil,AMAPÁ,OIAPOQUE,Amazônia
 1731392504 ,f69d5867-4d25-37df-8b9b-8b0251effe5d,    3.289510 ,  -51.377120 ,2024-11-03 17:09:00,Brasil,AMAPÁ,OIAPOQUE,Amazônia
 1731392505 ,c28b48e9-5d39-35b4-89d7-d03641ee820a,    3.286250 ,  -51.381170 ,2024-11-03 17:09:00,Brasil,AMAPÁ,OIAPOQUE,Amazônia
 1731392506 ,d67ae6bd-9170-3dc6-80e9-822aeaa3391b,     .865230 ,  -50.872170 ,2024-11-03 17:09:00,Brasil,AMAPÁ,CUTIAS,Amazônia
 1731499669 ,94369e33-7494-3f1c-86e4-869e1676f976,    1.151560 ,  -50.976830 ,2024-11-04 17:49:00,Brasil,AMAPÁ,TARTARUGALZINHO,Amazônia
 1731499678 ,65b57558-b4f1-30dc-aa58-4f337458ea54,    -.736950 ,  -51.710730 ,2024-11-04 17:49:00,Brasil,AMAPÁ,MAZAGÃO,Amazônia
 1731499688 ,c482c391-caeb-349a-9811-03f4f75a17e9,    2.714830 ,  -51.013400 ,2024-11-04 17:49:00,Brasil,AMAPÁ,CALÇOENE,Amazônia
 1731499713 ,7c06fb73-a268-35e0-aa36-ac536a850150,    3.518060 ,  -51.261970 ,2024-11-04 17:49:00,Brasil,AMAPÁ,OIAPOQUE,Amazônia
 1731499714 ,aa966b7a-2634-35dc-be42-4838592e5714,    -.339040 ,  -51.451770 ,2024-11-04 17:49:00,Brasil,AMAPÁ,MAZAGÃO,Amazônia
 1731499716 ,54be62f7-a8e6-3ce4-831f-ddb9f55aa549,    2.598460 ,  -50.993850 ,2024-11-04 17:49:00,Brasil,AMAPÁ,CALÇOENE,Amazônia
 1731499726 ,8ebb8a92-7369-3780-b4ce-26c90d2d41e6,    -.295740 ,  -51.419640 ,2024-11-04 17:49:00,Brasil,AMAPÁ,MAZAGÃO,Amazônia
 1731499731 ,e526bdb9-6097-3d4a-a353-3230410eb35d,    -.172480 ,  -51.388990 ,2024-11-04 17:49:00,Brasil,AMAPÁ,MAZAGÃO,Amazônia
 1731499767 ,473e340f-3b74-3705-a0b6-3b866ce849ee,     .096320 ,  -51.510500 ,2024-11-04 17:49:00,Brasil,AMAPÁ,SANTANA,Amazônia
 1731499742 ,124c6f0c-0ac1-3e88-8af9-cc42da84fedd,    1.094520 ,  -52.447590 ,2024-11-04 17:49:00,Brasil,AMAPÁ,PEDRA BRANCA DO AMAPARI,Amazônia
 1731499745 ,7df98c48-4b1f-3235-a9bf-e0cfd0326409,    -.679680 ,  -51.707780 ,2024-11-04 17:49:00,Brasil,AMAPÁ,MAZAGÃO,Amazônia
 1731499760 ,f164594e-b47d-332a-9584-6173c58f4a74,    1.431940 ,  -50.763090 ,2024-11-04 17:49:00,Brasil,AMAPÁ,TARTARUGALZINHO,Amazônia
 1731499762 ,cc8f642f-2477-3509-9b5d-98bc4b2c2b73,    1.471290 ,  -50.746470 ,2024-11-04 17:49:00,Brasil,AMAPÁ,TARTARUGALZINHO,Amazônia
 1731499780 ,7d30d331-f8be-3d42-8446-659a7635c894,    2.099090 ,  -50.734500 ,2024-11-04 17:49:00,Brasil,AMAPÁ,AMAPÁ,Amazônia
 1731499785 ,3139a0cc-2aaa-3a50-9e23-2b6786efb7f8,    -.181350 ,  -51.387680 ,2024-11-04 17:49:00,Brasil,AMAPÁ,MAZAGÃO,Amazônia
 1731499790 ,de6b88dc-bdfb-3178-b6b3-85746452fd52,    -.159910 ,  -51.427040 ,2024-11-04 17:49:00,Brasil,AMAPÁ,MAZAGÃO,Amazônia
 1731499798 ,54c43be5-2817-398b-83ad-7df4a55bc8f4,    2.961830 ,  -51.410360 ,2024-11-04 17:49:00,Brasil,AMAPÁ,CALÇOENE,Amazônia
 1731499802 ,9780e280-90f3-3919-8faa-0b136b570e07,    3.508950 ,  -51.260650 ,2024-11-04 17:49:00,Brasil,AMAPÁ,OIAPOQUE,Amazônia
 1731499803 ,1bc71053-8ed4-36d7-a7b3-4b64b2a6ce8b,    -.279310 ,  -51.431090 ,2024-11-04 17:49:00,Brasil,AMAPÁ,MAZAGÃO,Amazônia
 1731499814 ,44eda508-e3d0-3d5b-b3ab-b66cec949a7c,     .084050 ,  -51.345480 ,2024-11-04 17:49:00,Brasil,AMAPÁ,SANTANA,Amazônia
 1731499819 ,e4bad8dd-fac4-3411-bb2b-0175c13ead1c,    -.443650 ,  -51.601980 ,2024-11-04 17:49:00,Brasil,AMAPÁ,MAZAGÃO,Amazônia
 1731499826 ,6c9801f7-e264-35a9-84c5-307f487d6311,    2.040120 ,  -50.769050 ,2024-11-04 17:49:00,Brasil,AMAPÁ,AMAPÁ,Amazônia
 1731499827 ,72cd9a0e-3d0e-33c2-8134-466a576d0939,    -.361900 ,  -51.484530 ,2024-11-04 17:49:00,Brasil,AMAPÁ,MAZAGÃO,Amazônia
 1731499828 ,6d286ace-5df1-3264-8feb-e891bdcb4cb9,    -.291540 ,  -51.824920 ,2024-11-04 17:49:00,Brasil,AMAPÁ,MAZAGÃO,Amazônia
 1731499829 ,209300e8-685c-3366-ac47-f8ed9f00a1b9,    1.123100 ,  -52.448520 ,2024-11-04 17:49:00,Brasil,AMAPÁ,PEDRA BRANCA DO AMAPARI,Amazônia
 1731499837 ,4da66c61-12e2-3284-94bc-56a525a20604,   -1.101940 ,  -52.320500 ,2024-11-04 17:49:00,Brasil,AMAPÁ,VITÓRIA DO JARI,Amazônia
 1731499842 ,6974e978-0777-316a-92bb-2879adcbe54b,    1.123180 ,  -50.985790 ,2024-11-04 17:49:00,Brasil,AMAPÁ,TARTARUGALZINHO,Amazônia
 1731499846 ,90271f2e-26b9-3571-b5eb-783078f2687e,    3.541560 ,  -51.484360 ,2024-11-04 17:49:00,Brasil,AMAPÁ,OIAPOQUE,Amazônia
 1731499852 ,a86104ff-48ed-3341-8375-2a0961a5c54f,     .075170 ,  -51.344180 ,2024-11-04 17:49:00,Brasil,AMAPÁ,SANTANA,Amazônia
 1731499854 ,e4280e7f-ec82-359c-b88a-dc805de5def8,    -.360610 ,  -51.475700 ,2024-11-04 17:49:00,Brasil,AMAPÁ,MAZAGÃO,Amazônia
 1731499858 ,0cc0233e-0470-3a5d-a714-8db2342d64e3,    -.476950 ,  -51.830280 ,2024-11-04 17:49:00,Brasil,AMAPÁ,MAZAGÃO,Amazônia
 1731499859 ,3b05ef07-ef31-333c-be19-cfb65265b400,    -.680950 ,  -51.716550 ,2024-11-04 17:49:00,Brasil,AMAPÁ,MAZAGÃO,Amazônia
 1731499861 ,a35d44e4-1468-36f1-9021-5cbc4d7a34b4,     .276830 ,  -51.150740 ,2024-11-04 17:49:00,Brasil,AMAPÁ,MACAPÁ,Amazônia
 1731499874 ,16f95637-ae23-3de6-ad7e-1cb4cc3aafa9,    -.143080 ,  -51.311600 ,2024-11-04 17:49:00,Brasil,AMAPÁ,MAZAGÃO,Amazônia
 1731499875 ,5cd3ac5b-141a-3de2-80fe-c877cac7c9d5,    1.141200 ,  -50.984760 ,2024-11-04 17:49:00,Brasil,AMAPÁ,TARTARUGALZINHO,Amazônia
 1731499878 ,3a792d6e-f8ae-367e-ad32-ba052a45d29a,    -.478220 ,  -51.839050 ,2024-11-04 17:49:00,Brasil,AMAPÁ,MAZAGÃO,Amazônia
 1731499885 ,14a62a25-0dab-395d-a23f-e9f865a0c0c7,    -.300870 ,  -51.455040 ,2024-11-04 17:49:00,Brasil,AMAPÁ,MAZAGÃO,Amazônia
 1731499886 ,61a6c0ea-2b16-3c8b-8699-4ab57174ecc3,    -.254020 ,  -51.443810 ,2024-11-04 17:49:00,Brasil,AMAPÁ,MAZAGÃO,Amazônia
 1731499891 ,b612d5e0-624f-36aa-967b-9a33c276b10f,    -.228750 ,  -51.456540 ,2024-11-04 17:49:00,Brasil,AMAPÁ,MAZAGÃO,Amazônia
 1731499892 ,da239d2e-2390-3ba8-a2af-af3e87642f8a,    -.219610 ,  -51.526690 ,2024-11-04 17:49:00,Brasil,AMAPÁ,MAZAGÃO,Amazônia
 1731499894 ,f53c07fb-f22e-3730-9eb5-ed15c93c3e9e,    -.889060 ,  -51.754510 ,2024-11-04 17:49:00,Brasil,AMAPÁ,VITÓRIA DO JARI,Amazônia
 1731499902 ,dd36b67d-bc61-3af6-848d-c3f2e618065d,     .343040 ,  -50.766060 ,2024-11-04 17:49:00,Brasil,AMAPÁ,MACAPÁ,Amazônia
 1731499903 ,4ad4beec-65f3-3f3f-b7a9-863c40b9a793,    -.183920 ,  -51.405430 ,2024-11-04 17:49:00,Brasil,AMAPÁ,MAZAGÃO,Amazônia
 1731499923 ,2d081119-da4a-3c4d-8cde-6337aa2c1aa5,    -.245170 ,  -51.445110 ,2024-11-04 17:49:00,Brasil,AMAPÁ,MAZAGÃO,Amazônia
 1731499924 ,a32d7f6b-aa4c-39f3-8730-357278f8e053,     .201190 ,  -51.041550 ,2024-11-04 17:49:00,Brasil,AMAPÁ,MACAPÁ,Amazônia
 1731499928 ,a2b3d127-86c5-3ee4-af9c-bc1fb85ad2fb,    3.547890 ,  -51.504170 ,2024-11-04 17:49:00,Brasil,AMAPÁ,OIAPOQUE,Amazônia
 1731499936 ,6ec2ef62-90f8-35ed-ba8d-8365634a9e5b,    3.576170 ,  -51.822670 ,2024-11-04 17:49:00,Brasil,AMAPÁ,OIAPOQUE,Amazônia
 1731499946 ,ed16aec9-42a1-3cdc-8f64-b866d97ef4fc,     .087460 ,  -51.509190 ,2024-11-04 17:49:00,Brasil,AMAPÁ,SANTANA,Amazônia
 1731499949 ,8997e703-f531-3c82-ba81-34563b9d7633,    2.336890 ,  -50.820390 ,2024-11-04 17:49:00,Brasil,AMAPÁ,CALÇOENE,Amazônia
 1731499951 ,031a95c2-b414-3266-b1ab-532c29249b36,    -.045490 ,  -51.341490 ,2024-11-04 17:49:00,Brasil,AMAPÁ,SANTANA,Amazônia
 1731499959 ,32710467-b34b-37dd-a732-9912bd156ed9,    -.330190 ,  -51.453080 ,2024-11-04 17:49:00,Brasil,AMAPÁ,MAZAGÃO,Amazônia
 1731499961 ,993f72c9-bfde-368c-8d73-da98bc15b646,    1.585320 ,  -50.912860 ,2024-11-04 17:49:00,Brasil,AMAPÁ,TARTARUGALZINHO,Amazônia
 1731499963 ,7a44e98d-7100-3895-8a04-f23a3550efe7,     .202520 ,  -51.032500 ,2024-11-04 17:49:00,Brasil,AMAPÁ,MACAPÁ,Amazônia
 1731499964 ,b4e5b008-d3b7-3c1f-a400-33f4476edfbc,    -.674570 ,  -51.672680 ,2024-11-04 17:49:00,Brasil,AMAPÁ,MAZAGÃO,Amazônia
 1731499975 ,bce5b45d-5894-358e-96af-e99f1a978a43,    -.541110 ,  -51.776120 ,2024-11-04 17:49:00,Brasil,AMAPÁ,MAZAGÃO,Amazônia
 1731499982 ,0d17ed67-aa1b-377c-8e68-b51e78166f85,    -.539840 ,  -51.767350 ,2024-11-04 17:49:00,Brasil,AMAPÁ,MAZAGÃO,Amazônia
 1731499986 ,8f979810-9fce-3f66-a11d-a36cdcbfa58f,    1.782370 ,  -50.435980 ,2024-11-04 17:49:00,Brasil,AMAPÁ,AMAPÁ,Amazônia
 1731499987 ,e2434ab7-9c18-3101-b01e-b3eef4b1ac60,   -1.143540 ,  -52.029570 ,2024-11-04 17:49:00,Brasil,AMAPÁ,VITÓRIA DO JARI,Amazônia
 1731500001 ,18d435f9-ce35-3c29-ad11-209e39dea111,    -.670850 ,  -51.709070 ,2024-11-04 17:49:00,Brasil,AMAPÁ,MAZAGÃO,Amazônia
 1731500004 ,ccac9b22-e29d-33df-bf9f-db3dfc411dca,    -.190210 ,  -51.386390 ,2024-11-04 17:49:00,Brasil,AMAPÁ,MAZAGÃO,Amazônia
 1731500036 ,616defa7-265b-328f-a592-77bedeff4858,    1.170850 ,  -52.757750 ,2024-11-04 17:49:00,Brasil,AMAPÁ,PEDRA BRANCA DO AMAPARI,Amazônia
 1731500040 ,815b0f23-d460-3613-96dd-4655e28792fa,    -.220890 ,  -51.535520 ,2024-11-04 17:49:00,Brasil,AMAPÁ,MAZAGÃO,Amazônia
 1731500045 ,5fe4c14e-a4a2-36bd-8006-c779e72b784a,    1.791670 ,  -50.437340 ,2024-11-04 17:49:00,Brasil,AMAPÁ,AMAPÁ,Amazônia
 1731500046 ,e59cb6a6-8781-3bfc-bfd2-37224a47eef2,    -.735670 ,  -51.701950 ,2024-11-04 17:49:00,Brasil,AMAPÁ,MAZAGÃO,Amazônia
 1731500054 ,34c15d3f-c55d-3950-876d-07d61caf6c90,    -.147360 ,  -51.465050 ,2024-11-04 17:49:00,Brasil,AMAPÁ,MAZAGÃO,Amazônia
 1731500055 ,bc452bfa-92db-3076-8bd6-be5e3725bf16,    -.353050 ,  -51.485820 ,2024-11-04 17:49:00,Brasil,AMAPÁ,MAZAGÃO,Amazônia
 1731500066 ,31915251-921f-32cc-a5ac-22e51076bfec,    1.626630 ,  -51.077280 ,2024-11-04 17:49:00,Brasil,AMAPÁ,PRACUÚBA,Amazônia
 1731500068 ,5713acb6-24d6-390b-932f-ef3c9dfbee06,     .199860 ,  -51.050610 ,2024-11-04 17:49:00,Brasil,AMAPÁ,MACAPÁ,Amazônia
 1731500078 ,71a46107-e0ca-3ab2-b123-172761324cee,    1.005700 ,  -51.027790 ,2024-11-04 17:49:00,Brasil,AMAPÁ,TARTARUGALZINHO,Amazônia
 1731500080 ,ef8ac0e2-3cfc-3c4a-99aa-deecf3da6c23,    -.305880 ,  -51.427200 ,2024-11-04 17:49:00,Brasil,AMAPÁ,MAZAGÃO,Amazônia
 1731500088 ,601d33bc-04a5-376a-84af-fdcd126cdab7,    -.351760 ,  -51.476990 ,2024-11-04 17:49:00,Brasil,AMAPÁ,MAZAGÃO,Amazônia
 1731500089 ,b1380a62-8bac-3e00-ab62-ac0c73d729af,    3.507610 ,  -51.270060 ,2024-11-04 17:49:00,Brasil,AMAPÁ,OIAPOQUE,Amazônia
 1731500090 ,07a70942-14cd-39bb-b8ae-6b86c19c1a47,   -1.054290 ,  -51.744900 ,2024-11-04 17:49:00,Brasil,AMAPÁ,VITÓRIA DO JARI,Amazônia
 1731500101 ,fbafebaa-9e3b-3d72-8c40-072227d0edfa,    1.448010 ,  -50.717110 ,2024-11-04 17:49:00,Brasil,AMAPÁ,TARTARUGALZINHO,Amazônia
 1731500114 ,93901159-8b5b-3897-a675-40744816a5e9,     .198150 ,  -51.440610 ,2024-11-04 17:49:00,Brasil,AMAPÁ,SANTANA,Amazônia
 1731500118 ,8e30408b-9ebc-3d20-963d-a55cbbbc11c2,    1.121820 ,  -52.457280 ,2024-11-04 17:49:00,Brasil,AMAPÁ,PEDRA BRANCA DO AMAPARI,Amazônia
 1731500134 ,156ea721-5857-368b-9a7a-8f6167dbf80b,    -.340340 ,  -51.460620 ,2024-11-04 17:49:00,Brasil,AMAPÁ,MAZAGÃO,Amazônia
 1731500144 ,9fec85fe-53d5-3f01-9d2c-fe16eaec58d9,    -.243880 ,  -51.436260 ,2024-11-04 17:49:00,Brasil,AMAPÁ,MAZAGÃO,Amazônia
 1731500149 ,5b48574d-66c1-3b22-893a-e8850d2690e5,    1.121830 ,  -50.995010 ,2024-11-04 17:49:00,Brasil,AMAPÁ,TARTARUGALZINHO,Amazônia
 1731500153 ,4fe18d35-6713-3e54-9396-a68c124e37f9,    -.169730 ,  -51.307710 ,2024-11-04 17:49:00,Brasil,AMAPÁ,MAZAGÃO,Amazônia
 1731500155 ,fa7c026b-fb04-3a01-8822-7d7aeda1decf,    -.554140 ,  -51.722810 ,2024-11-04 17:49:00,Brasil,AMAPÁ,MAZAGÃO,Amazônia
 1731500159 ,47eb1d0d-fb6f-3936-bbe4-0f37654f47bc,     .270750 ,  -51.330440 ,2024-11-04 17:49:00,Brasil,AMAPÁ,MACAPÁ,Amazônia
 1731500162 ,2375c0c8-9d21-34bf-b9d6-2bf7f5d7b03c,     .141960 ,  -51.134410 ,2024-11-04 17:49:00,Brasil,AMAPÁ,MACAPÁ,Amazônia
 1731500170 ,879ecaeb-1306-3cf9-9408-4c1e3042c875,    1.780970 ,  -50.445790 ,2024-11-04 17:49:00,Brasil,AMAPÁ,AMAPÁ,Amazônia
 1731500183 ,6b9dce71-f22d-31f7-b2a7-5a898b0af625,     .255380 ,  -50.793940 ,2024-11-04 17:49:00,Brasil,AMAPÁ,MACAPÁ,Amazônia
 1731500186 ,e4070132-99dd-3e34-a08c-9454bd49f3d2,    1.152890 ,  -50.967580 ,2024-11-04 17:49:00,Brasil,AMAPÁ,TARTARUGALZINHO,Amazônia
 1731500197 ,e7d89853-270c-3c31-ac6d-e4908bab61b4,    1.834620 ,  -50.533360 ,2024-11-04 17:49:00,Brasil,AMAPÁ,AMAPÁ,Amazônia
 1731500199 ,6371a22a-b493-3f4f-abbd-d9d72c5e7de3,    3.549240 ,  -51.494920 ,2024-11-04 17:49:00,Brasil,AMAPÁ,OIAPOQUE,Amazônia
 1731500205 ,22280cce-ab39-390a-a029-61eac68e4177,    2.950180 ,  -51.427430 ,2024-11-04 17:49:00,Brasil,AMAPÁ,OIAPOQUE,Amazônia
 1731500211 ,fee54229-acab-38eb-9c5b-450055763d91,    -.299590 ,  -51.446200 ,2024-11-04 17:49:00,Brasil,AMAPÁ,MAZAGÃO,Amazônia
 1731500212 ,6213bf99-a26c-3ca3-91d8-ed5ab60eeea4,    -.137890 ,  -51.275970 ,2024-11-04 17:49:00,Brasil,AMAPÁ,MAZAGÃO,Amazônia
 1731500219 ,3dc9e800-0acc-3b7f-b2e2-e6cbfbe7e72a,    -.228460 ,  -51.525390 ,2024-11-04 17:49:00,Brasil,AMAPÁ,MAZAGÃO,Amazônia
 1731500233 ,f381dd3a-36cc-31e2-8e18-5fb9bb00f7e4,   -1.055560 ,  -51.753660 ,2024-11-04 17:49:00,Brasil,AMAPÁ,VITÓRIA DO JARI,Amazônia
 1731500241 ,9202753e-3e2a-3714-9e82-822db0355ec4,    -.683390 ,  -51.671380 ,2024-11-04 17:49:00,Brasil,AMAPÁ,MAZAGÃO,Amazônia
 1731500245 ,6a96e2ce-6482-3fe7-b007-ae7c37ad8484,    -.327610 ,  -51.435390 ,2024-11-04 17:49:00,Brasil,AMAPÁ,MAZAGÃO,Amazônia
 1731500252 ,3bc7326c-1436-3529-b9f4-0545dc147b73,    3.624980 ,  -51.293610 ,2024-11-04 17:49:00,Brasil,AMAPÁ,OIAPOQUE,Amazônia
 1731500258 ,8d341f60-c3c8-3d32-a9d3-566521782981,   -1.142260 ,  -52.020800 ,2024-11-04 17:49:00,Brasil,AMAPÁ,VITÓRIA DO JARI,Amazônia
 1731500285 ,2d750cec-3e76-32f7-97c1-e0d4b7d4553b,    3.320270 ,  -51.354740 ,2024-11-04 17:49:00,Brasil,AMAPÁ,OIAPOQUE,Amazônia
 1731500286 ,134b8650-b3db-357e-9d8f-256ff186280a,    -.252730 ,  -51.434960 ,2024-11-04 17:49:00,Brasil,AMAPÁ,MAZAGÃO,Amazônia
 1731500296 ,95f36471-41af-3e25-ab5a-5a7971b39b69,    1.093240 ,  -52.456350 ,2024-11-04 17:49:00,Brasil,AMAPÁ,PEDRA BRANCA DO AMAPARI,Amazônia
 1731500304 ,1f5e11c7-8682-3209-aa4e-772567844a97,    3.577480 ,  -51.813630 ,2024-11-04 17:49:00,Brasil,AMAPÁ,OIAPOQUE,Amazônia
 1731500309 ,0819fa4c-8566-3070-8ad9-5829d0fb5e88,    3.623630 ,  -51.303010 ,2024-11-04 17:49:00,Brasil,AMAPÁ,OIAPOQUE,Amazônia
 1731500315 ,f1a94113-b5ef-3ff6-9c81-0742495efbf3,     .798700 ,  -51.508260 ,2024-11-04 17:49:00,Brasil,AMAPÁ,PORTO GRANDE,Amazônia
 1731500320 ,2bb03263-c369-3694-ac31-875c2ffa3705,    -.297020 ,  -51.428500 ,2024-11-04 17:49:00,Brasil,AMAPÁ,MAZAGÃO,Amazônia
 1731500322 ,c62d9f7e-9ef7-3ece-b8df-687269d60cd3,    -.182630 ,  -51.396550 ,2024-11-04 17:49:00,Brasil,AMAPÁ,MAZAGÃO,Amazônia
 1731500324 ,3ed02499-ba1e-3b33-9128-bc69cf958c1d,    -.669580 ,  -51.700300 ,2024-11-04 17:49:00,Brasil,AMAPÁ,MAZAGÃO,Amazônia
 1731500326 ,04ee2d98-4dda-3002-af37-4ceb5620e90a,     .324930 ,  -50.822930 ,2024-11-04 17:49:00,Brasil,AMAPÁ,MACAPÁ,Amazônia
 1731500353 ,812d955f-dfe2-30f8-beb0-1c21cca0afd6,    1.124530 ,  -50.976560 ,2024-11-04 17:49:00,Brasil,AMAPÁ,TARTARUGALZINHO,Amazônia
 1731500355 ,06c60b06-bda4-3ea0-8a3c-38392c4ba67b,    -.969100 ,  -51.789910 ,2024-11-04 17:49:00,Brasil,AMAPÁ,VITÓRIA DO JARI,Amazônia
 1731500368 ,4fae903e-fc78-3510-aa13-703ecfc99c18,    -.672130 ,  -51.717840 ,2024-11-04 17:49:00,Brasil,AMAPÁ,MAZAGÃO,Amazônia
 1731500373 ,9629bc08-912d-33aa-a765-50ccc26c427f,    3.632730 ,  -51.304320 ,2024-11-04 17:49:00,Brasil,AMAPÁ,OIAPOQUE,Amazônia
 1731500374 ,042ae84a-2d54-380c-be8e-c23f48da9f28,    1.627970 ,  -51.068030 ,2024-11-04 17:49:00,Brasil,AMAPÁ,PRACUÚBA,Amazônia
 1731500378 ,a639f85d-c22d-3076-93e6-5fb4a0c8dc2c,     .749780 ,  -51.970030 ,2024-11-04 17:49:00,Brasil,AMAPÁ,PEDRA BRANCA DO AMAPARI,Amazônia
 1731500386 ,ea5c7d62-1b68-3d60-8534-f80ae7667bfd,    -.148650 ,  -51.473900 ,2024-11-04 17:49:00,Brasil,AMAPÁ,MAZAGÃO,Amazônia
 1731500387 ,9ce30bac-88cf-3e01-9297-510db83c8bd1,    -.227450 ,  -51.447700 ,2024-11-04 17:49:00,Brasil,AMAPÁ,MAZAGÃO,Amazônia
 1731500389 ,7ccc86a7-2445-36b9-bccc-0bbbd6694665,    3.634080 ,  -51.294930 ,2024-11-04 17:49:00,Brasil,AMAPÁ,OIAPOQUE,Amazônia
 1731500399 ,fa5fe6df-d400-3a80-a02b-47645033f507,    -.251440 ,  -51.426120 ,2024-11-04 17:49:00,Brasil,AMAPÁ,MAZAGÃO,Amazônia
 1731500405 ,596019dd-6736-3598-bd10-c54ead44f3ed,     .278150 ,  -51.141720 ,2024-11-04 17:49:00,Brasil,AMAPÁ,MACAPÁ,Amazônia
 1731500406 ,0de2966c-5be7-3b42-832e-c0d384a123aa,    3.519410 ,  -51.252550 ,2024-11-04 17:49:00,Brasil,AMAPÁ,OIAPOQUE,Amazônia
 1731500413 ,f7b1154e-043f-3d68-8fcf-a9d084f08c5d,    -.880250 ,  -51.755790 ,2024-11-04 17:49:00,Brasil,AMAPÁ,VITÓRIA DO JARI,Amazônia
 1731500419 ,f4945f35-684a-3c63-b34a-db5250e15efe,    1.583960 ,  -50.922220 ,2024-11-04 17:49:00,Brasil,AMAPÁ,TARTARUGALZINHO,Amazônia
 1731500423 ,2f586922-4bce-3453-b9df-22fe65ca2217,    -.227180 ,  -51.516570 ,2024-11-04 17:49:00,Brasil,AMAPÁ,MAZAGÃO,Amazônia
 1731500432 ,e12fc6b7-f1dd-35fc-a70b-210a322aa380,    2.951500 ,  -51.418220 ,2024-11-04 17:49:00,Brasil,AMAPÁ,CALÇOENE,Amazônia
 1731735866 ,e9ec0d0b-2212-348d-8ab6-f255badad1ec,    3.610800 ,  -51.337370 ,2024-11-06 17:32:00,Brasil,AMAPÁ,OIAPOQUE,Amazônia
 1731735874 ,a3d092bf-add6-3e69-bd5e-1b5de42f7d2a,    3.620710 ,  -51.338860 ,2024-11-06 17:32:00,Brasil,AMAPÁ,OIAPOQUE,Amazônia
 1731735876 ,11077441-cf06-37c0-8f3d-df7876866012,    3.619000 ,  -51.350160 ,2024-11-06 17:32:00,Brasil,AMAPÁ,OIAPOQUE,Amazônia
 1731735889 ,4a01219e-4eef-33d2-9c08-8080a5fa7c6f,    1.213540 ,  -50.781980 ,2024-11-06 17:32:00,Brasil,AMAPÁ,TARTARUGALZINHO,Amazônia
 1731735918 ,928bc48c-d3c9-3ae4-90ab-a999d87b9ff0,    -.667700 ,  -51.723950 ,2024-11-06 17:32:00,Brasil,AMAPÁ,MAZAGÃO,Amazônia
 1731735923 ,4223eab4-5b28-3c20-98fa-37a9e501f7be,    -.880700 ,  -51.766870 ,2024-11-06 17:32:00,Brasil,AMAPÁ,VITÓRIA DO JARI,Amazônia
 1731735944 ,bb0e1fbd-f60f-306e-8677-375fa6669206,    1.774760 ,  -50.439480 ,2024-11-06 17:32:00,Brasil,AMAPÁ,AMAPÁ,Amazônia
 1731735975 ,bdb028d5-0b73-338e-917e-b25d598fa1bd,    2.586720 ,  -50.985150 ,2024-11-06 17:32:00,Brasil,AMAPÁ,CALÇOENE,Amazônia
 1731735985 ,6357c751-1326-3615-ae31-1ef0ccb011fa,    -.891720 ,  -51.765260 ,2024-11-06 17:32:00,Brasil,AMAPÁ,VITÓRIA DO JARI,Amazônia
 1731736025 ,e6e24862-9df2-3c39-abdf-976c3754c411,    3.485680 ,  -51.488320 ,2024-11-06 17:32:00,Brasil,AMAPÁ,OIAPOQUE,Amazônia
 1731736039 ,5e87b08f-a0d7-3601-8ddf-91da9bd5e3fd,    -.345590 ,  -51.566850 ,2024-11-06 17:32:00,Brasil,AMAPÁ,MAZAGÃO,Amazônia
 1731736069 ,4cee110e-45b2-3a6c-93a0-5adf701ec983,    2.371480 ,  -50.912790 ,2024-11-06 17:32:00,Brasil,AMAPÁ,CALÇOENE,Amazônia
 1731736080 ,885812d3-1e47-31a6-b1d8-60025fb2a26b,    3.609080 ,  -51.348650 ,2024-11-06 17:32:00,Brasil,AMAPÁ,OIAPOQUE,Amazônia
 1731736102 ,666bcd6b-838f-30ed-8a62-98a49b04d0dd,    -.429470 ,  -51.813590 ,2024-11-06 17:32:00,Brasil,AMAPÁ,MAZAGÃO,Amazônia
 1731736117 ,a61bf897-533a-3f87-94da-be158cdcba43,    3.557660 ,  -51.487350 ,2024-11-06 17:32:00,Brasil,AMAPÁ,OIAPOQUE,Amazônia
 1731736149 ,36b14fb6-38a3-3270-b5f4-f99c8d80e05c,     .842850 ,  -50.726030 ,2024-11-06 17:32:00,Brasil,AMAPÁ,CUTIAS,Amazônia
 1731736152 ,fc871c1d-cc4a-3059-a4bf-a012a4674ddf,    3.349750 ,  -51.303320 ,2024-11-06 17:32:00,Brasil,AMAPÁ,OIAPOQUE,Amazônia
 1731736173 ,3743dd62-dac7-3a27-b8ef-d1ccb6c55fc6,     .391210 ,  -50.934730 ,2024-11-06 17:32:00,Brasil,AMAPÁ,MACAPÁ,Amazônia
 1731736179 ,5391e5f9-a112-33fb-8101-dffbcb83f599,    -.380800 ,  -51.884650 ,2024-11-06 17:32:00,Brasil,AMAPÁ,MAZAGÃO,Amazônia
 1731736181 ,c309908e-b218-33ba-be8f-2ce193afe7e2,    -.495360 ,  -51.804070 ,2024-11-06 17:32:00,Brasil,AMAPÁ,MAZAGÃO,Amazônia
 1731736217 ,95527b04-d4e9-3265-b7fd-431331cba718,    2.583520 ,  -50.939450 ,2024-11-06 17:32:00,Brasil,AMAPÁ,CALÇOENE,Amazônia
 1731736221 ,5573d47c-1d7a-3df8-a7fd-aa437abc6638,    2.143640 ,  -50.866750 ,2024-11-06 17:32:00,Brasil,AMAPÁ,AMAPÁ,Amazônia
 1731736237 ,abfb9c0d-1bde-375b-876f-fa4f8362b7e3,    -.823560 ,  -51.760780 ,2024-11-06 17:32:00,Brasil,AMAPÁ,MAZAGÃO,Amazônia
 1731736253 ,421a4edf-8e80-3925-a08f-197e2683fa36,    -.825600 ,  -51.774900 ,2024-11-06 17:32:00,Brasil,AMAPÁ,MAZAGÃO,Amazônia
 1731736262 ,ec6db5eb-85a1-32af-ac43-d40a5767b509,    -.226840 ,  -51.454380 ,2024-11-06 17:32:00,Brasil,AMAPÁ,MAZAGÃO,Amazônia
 1731736358 ,6f29c19a-f670-3daf-9669-595f0494aef5,    3.524010 ,  -51.238320 ,2024-11-06 17:32:00,Brasil,AMAPÁ,OIAPOQUE,Amazônia
 1731736359 ,2d64a21c-46b0-3ffc-97c7-b0ab3cdae6c7,    2.585170 ,  -50.928460 ,2024-11-06 17:32:00,Brasil,AMAPÁ,CALÇOENE,Amazônia
 1731736408 ,e689dba9-80b3-39f1-94bc-d9a4ef12dd40,    -.665650 ,  -51.710020 ,2024-11-06 17:32:00,Brasil,AMAPÁ,MAZAGÃO,Amazônia
 1731736417 ,aca75f90-e7c7-3ee7-86a2-27eadbb22836,    -.401360 ,  -51.572320 ,2024-11-06 17:32:00,Brasil,AMAPÁ,MAZAGÃO,Amazônia
 1731736451 ,b0881031-efe5-3adc-9114-253308a04868,    1.274980 ,  -51.053420 ,2024-11-06 17:32:00,Brasil,AMAPÁ,TARTARUGALZINHO,Amazônia
 1731736489 ,b9f870ed-7f08-3783-ab07-13e91d5c3939,    1.577690 ,  -50.883010 ,2024-11-06 17:32:00,Brasil,AMAPÁ,TARTARUGALZINHO,Amazônia
 1731736515 ,d5bf90db-d898-39b3-a8c9-08c04d722dba,     .963960 ,  -49.980050 ,2024-11-06 17:32:00,Brasil,AMAPÁ,MACAPÁ,Amazônia
 1731736531 ,491c6c30-4775-379d-b144-05765f61a6db,    -.379120 ,  -51.460380 ,2024-11-06 17:32:00,Brasil,AMAPÁ,MAZAGÃO,Amazônia
 1731736552 ,2a9f3262-e3f9-3a0c-921f-61e0348f5aa3,    -.399350 ,  -51.558950 ,2024-11-06 17:32:00,Brasil,AMAPÁ,MAZAGÃO,Amazônia
 1731736556 ,a23e24f0-83a7-3658-954f-00ac95695382,    1.215220 ,  -50.770760 ,2024-11-06 17:32:00,Brasil,AMAPÁ,TARTARUGALZINHO,Amazônia
 1731736563 ,e5262a59-8ff0-37f5-83af-f9a9ac2030ff,    3.490060 ,  -51.249600 ,2024-11-06 17:32:00,Brasil,AMAPÁ,OIAPOQUE,Amazônia
 1731736592 ,81fcad4a-b3c9-370e-a766-3faf25d2a18d,    -.405050 ,  -51.565210 ,2024-11-06 17:32:00,Brasil,AMAPÁ,MAZAGÃO,Amazônia
 1731736614 ,711245f0-5281-3d1f-85e0-db5a1e27ce46,    -.493290 ,  -51.790090 ,2024-11-06 17:32:00,Brasil,AMAPÁ,MAZAGÃO,Amazônia
 1731736636 ,1fc4d285-1f65-32c3-a977-7925fa1a08f5,    -.406980 ,  -51.578610 ,2024-11-06 17:32:00,Brasil,AMAPÁ,MAZAGÃO,Amazônia
 1731736656 ,680a35aa-d4d2-328b-b39a-559d7507ccfa,    -.892410 ,  -51.759990 ,2024-11-06 17:32:00,Brasil,AMAPÁ,VITÓRIA DO JARI,Amazônia
 1731736685 ,c493d52a-7931-3105-9cb3-e3c33724fb2e,    3.351460 ,  -51.292010 ,2024-11-06 17:32:00,Brasil,AMAPÁ,OIAPOQUE,Amazônia
 1731736703 ,f39c4012-617b-386c-a506-85cddb1f3583,    -.881390 ,  -51.761620 ,2024-11-06 17:32:00,Brasil,AMAPÁ,VITÓRIA DO JARI,Amazônia
 1731736711 ,39748f08-e0d6-356e-b7ad-ba28a0b35545,    3.353170 ,  -51.280720 ,2024-11-06 17:32:00,Brasil,AMAPÁ,OIAPOQUE,Amazônia
 1731736726 ,ceecb820-d8c3-3ed6-863d-361b769b1448,     .922020 ,  -50.131240 ,2024-11-06 17:32:00,Brasil,AMAPÁ,MACAPÁ,Amazônia
 1731736737 ,a59d71b9-0bac-3ed1-83e1-6cb8e371944b,    3.522330 ,  -51.517560 ,2024-11-06 17:32:00,Brasil,AMAPÁ,OIAPOQUE,Amazônia
 1731736751 ,57d0ee27-bfe7-3853-a15a-2877bd69a4f0,    1.218560 ,  -50.748390 ,2024-11-06 17:32:00,Brasil,AMAPÁ,TARTARUGALZINHO,Amazônia
 1731736768 ,c1db4b2b-0089-3b15-a98a-855e43149a7a,    3.246560 ,  -51.304570 ,2024-11-06 17:32:00,Brasil,AMAPÁ,OIAPOQUE,Amazônia
 1731736776 ,b7f9f04a-dce8-3e76-8ca5-3802c10ffffe,    -.480980 ,  -51.706850 ,2024-11-06 17:32:00,Brasil,AMAPÁ,MAZAGÃO,Amazônia
 1731736817 ,05a604f4-d5ee-3244-b695-f94f72a2f42a,    3.499940 ,  -51.251080 ,2024-11-06 17:32:00,Brasil,AMAPÁ,OIAPOQUE,Amazônia
 1731736823 ,b34ccb2d-5941-3bd0-bfe1-58d2e9ca092f,    3.623080 ,  -51.805080 ,2024-11-06 17:32:00,Brasil,AMAPÁ,OIAPOQUE,Amazônia
 1731736872 ,2dcb81d3-b70a-3cfd-b459-18afb0e51d3e,    3.361380 ,  -51.293510 ,2024-11-06 17:32:00,Brasil,AMAPÁ,OIAPOQUE,Amazônia
 1731736919 ,167e26fd-34b3-3560-b96c-eb19c60a5542,     .973410 ,  -49.981460 ,2024-11-06 17:32:00,Brasil,AMAPÁ,MACAPÁ,Amazônia
 1731736924 ,769ac67f-8d4d-3926-a718-bea123496e3c,    -.455470 ,  -51.838390 ,2024-11-06 17:32:00,Brasil,AMAPÁ,MAZAGÃO,Amazônia
 1731736938 ,3b798ac1-dea2-3a4b-9f36-86a80fabdea0,    1.216890 ,  -50.759560 ,2024-11-06 17:32:00,Brasil,AMAPÁ,TARTARUGALZINHO,Amazônia
 1731736940 ,cb1edc8f-1eef-3563-a7d1-1a4591c04a6f,    1.696300 ,  -50.975580 ,2024-11-06 17:32:00,Brasil,AMAPÁ,PRACUÚBA,Amazônia
 1731736968 ,b64cdded-c197-3712-8317-ee6b81cbf788,    3.547630 ,  -51.485840 ,2024-11-06 17:32:00,Brasil,AMAPÁ,OIAPOQUE,Amazônia
 1731736996 ,46d00089-4164-3d34-b978-8635c26e04e9,    1.612730 ,  -51.056610 ,2024-11-06 17:32:00,Brasil,AMAPÁ,TARTARUGALZINHO,Amazônia
 1731737029 ,3ba1b8d0-bb39-396c-a006-60abea16e488,     .215960 ,  -50.872950 ,2024-11-06 17:32:00,Brasil,AMAPÁ,MACAPÁ,Amazônia
 1731737037 ,b944177d-a785-3afc-bb7f-0f5475117f90,     .299460 ,  -51.224210 ,2024-11-06 17:32:00,Brasil,AMAPÁ,MACAPÁ,Amazônia
 1731737065 ,9fb7a5b9-5edb-30a1-a4b0-c288318a3cb6,    -.228740 ,  -51.467480 ,2024-11-06 17:32:00,Brasil,AMAPÁ,MAZAGÃO,Amazônia
 1731737100 ,3244baf9-3990-3354-9237-3c0fef5863a8,    3.521340 ,  -51.242880 ,2024-11-06 17:32:00,Brasil,AMAPÁ,OIAPOQUE,Amazônia
 1731858138 ,f2e14220-1cc6-301c-9502-d74110cf717d,    3.227560 ,  -51.300500 ,2024-11-07 18:13:00,Brasil,AMAPÁ,OIAPOQUE,Amazônia
 1731858144 ,517b2eb4-8118-3c80-9f6c-dd5c70c0f0c6,    2.514260 ,  -50.987990 ,2024-11-07 18:13:00,Brasil,AMAPÁ,CALÇOENE,Amazônia
 1731858196 ,82bab438-900f-30a6-a32c-736cbd878ad5,     .268120 ,  -50.838700 ,2024-11-07 18:13:00,Brasil,AMAPÁ,MACAPÁ,Amazônia
 1731858313 ,95d6fa24-de05-3a79-95ce-9bae6e4bd5dd,    -.357840 ,  -52.001000 ,2024-11-07 18:10:00,Brasil,AMAPÁ,MAZAGÃO,Amazônia
 1731858395 ,f6770fdc-59bf-371a-83f5-e80e139d18cb,    -.289200 ,  -51.408420 ,2024-11-07 18:10:00,Brasil,AMAPÁ,MAZAGÃO,Amazônia
 1731858680 ,f0b0d8f6-6411-34b8-a790-1f320fd00394,    2.510130 ,  -50.994820 ,2024-11-07 18:13:00,Brasil,AMAPÁ,CALÇOENE,Amazônia
 1731858776 ,83780c10-6b9c-38ec-ac70-89a84220dbe0,    3.227380 ,  -51.314600 ,2024-11-07 18:13:00,Brasil,AMAPÁ,OIAPOQUE,Amazônia
 1731858805 ,b30de101-06d3-3557-a1e0-b7c952b74b44,    3.374760 ,  -51.282270 ,2024-11-07 18:13:00,Brasil,AMAPÁ,OIAPOQUE,Amazônia
 1731956190 ,656abd9f-f371-3c25-b71f-77cb2c00814e,    2.484850 ,  -50.847390 ,2024-11-08 17:13:00,Brasil,AMAPÁ,CALÇOENE,Amazônia
 1731956197 ,7e4f6389-c9e9-327d-8a37-0862ec0486d9,    -.388010 ,  -51.503310 ,2024-11-08 17:11:00,Brasil,AMAPÁ,MAZAGÃO,Amazônia
 1731956311 ,78926932-037f-34bd-b6d7-55ec6a021a9d,     .785580 ,  -50.868060 ,2024-11-08 17:11:00,Brasil,AMAPÁ,MACAPÁ,Amazônia
 1731956385 ,df258e6c-03db-348e-9dfc-6613859d8b85,    3.507120 ,  -51.442690 ,2024-11-08 17:13:00,Brasil,AMAPÁ,OIAPOQUE,Amazônia
 1731956498 ,6ed77366-6276-3553-a8c0-8e04ad5fdda0,    1.982250 ,  -50.946370 ,2024-11-08 17:13:00,Brasil,AMAPÁ,AMAPÁ,Amazônia
 1731956524 ,2b90cd1d-fbac-38b7-8d5e-a81bd8db3bb5,    -.244120 ,  -51.441490 ,2024-11-08 17:11:00,Brasil,AMAPÁ,MAZAGÃO,Amazônia
 1731956578 ,697949f9-7ff8-3079-b10f-72c75b814007,     .318560 ,  -51.138830 ,2024-11-08 17:11:00,Brasil,AMAPÁ,PORTO GRANDE,Amazônia
 1731956676 ,eeb91c00-9313-3c79-8ad3-bc25ac668139,    -.249630 ,  -51.696980 ,2024-11-08 17:11:00,Brasil,AMAPÁ,MAZAGÃO,Amazônia
 1731956703 ,7ed855ee-de6f-346c-951b-aac051d55a23,     .786420 ,  -50.873220 ,2024-11-08 17:11:00,Brasil,AMAPÁ,MACAPÁ,Amazônia
 1731956745 ,90b7e020-e395-3bd5-8fe9-f28585cd609e,    -.233150 ,  -51.474670 ,2024-11-08 17:11:00,Brasil,AMAPÁ,MAZAGÃO,Amazônia
 1731956813 ,00302661-0ede-3ca7-9d9e-f74d0d0e5cf3,    -.256430 ,  -51.700440 ,2024-11-08 17:11:00,Brasil,AMAPÁ,MAZAGÃO,Amazônia
 1731956844 ,db862b02-22ad-372f-8427-7762112fcd7f,    -.376640 ,  -51.939140 ,2024-11-08 17:11:00,Brasil,AMAPÁ,MAZAGÃO,Amazônia
 1731956922 ,db8b185c-1c6f-3482-b256-5ff355eb184b,    -.199460 ,  -51.643820 ,2024-11-08 17:11:00,Brasil,AMAPÁ,MAZAGÃO,Amazônia
 1731956947 ,a5483913-4241-3e0c-a0fa-cb33d9551423,    -.649440 ,  -51.713990 ,2024-11-08 17:11:00,Brasil,AMAPÁ,MAZAGÃO,Amazônia
 1731957119 ,6a9e86a7-927c-312e-a83b-ce188687eb34,    -.641150 ,  -51.720070 ,2024-11-08 17:11:00,Brasil,AMAPÁ,MAZAGÃO,Amazônia
 1731957212 ,996505be-2bef-35dc-8c50-c5f2ecd3de77,    1.728720 ,  -50.994240 ,2024-11-08 17:13:00,Brasil,AMAPÁ,PRACUÚBA,Amazônia
 1731957225 ,83ca2cdd-3c91-33a8-be6e-38d5b757e6c9,    -.384760 ,  -51.945370 ,2024-11-08 17:11:00,Brasil,AMAPÁ,MAZAGÃO,Amazônia
 1731957243 ,2bbc49b5-635a-3139-b885-ec9b8c70c59a,    -.654270 ,  -51.746830 ,2024-11-08 17:11:00,Brasil,AMAPÁ,MAZAGÃO,Amazônia
 1731957285 ,bee90290-a07b-3460-bfe0-0048348f9ab0,    1.738040 ,  -50.838560 ,2024-11-08 17:13:00,Brasil,AMAPÁ,PRACUÚBA,Amazônia
 1731957293 ,65a1b8fb-0e0e-3391-a9ff-6ebd07b5186e,   -1.062030 ,  -52.157150 ,2024-11-08 17:11:00,Brasil,AMAPÁ,VITÓRIA DO JARI,Amazônia
 1731957387 ,5cd3021a-a403-3127-a9d3-0ca409e93e6e,    -.891360 ,  -52.119780 ,2024-11-08 17:11:00,Brasil,AMAPÁ,LARANJAL DO JARI,Amazônia
 1731957417 ,255256b8-fefd-37eb-9b4f-4a2953fdad22,    1.741950 ,  -50.813320 ,2024-11-08 17:13:00,Brasil,AMAPÁ,PRACUÚBA,Amazônia
 1731957445 ,e0e07dce-70bc-3827-9774-1c11cdc316f6,    -.347380 ,  -51.916400 ,2024-11-08 17:11:00,Brasil,AMAPÁ,MAZAGÃO,Amazônia
 1731957487 ,74e9d071-ba81-3533-a00e-43ed7dee4908,    1.327390 ,  -50.721680 ,2024-11-08 17:13:00,Brasil,AMAPÁ,TARTARUGALZINHO,Amazônia
 1731957527 ,e48c87aa-58e1-346d-889e-3543141a784f,   -1.057040 ,  -52.162120 ,2024-11-08 17:11:00,Brasil,AMAPÁ,VITÓRIA DO JARI,Amazônia
 1731957648 ,e67cb9c4-ad33-32e7-9f88-f957426971cd,    -.889200 ,  -51.769040 ,2024-11-08 17:11:00,Brasil,AMAPÁ,VITÓRIA DO JARI,Amazônia
 1731957656 ,124268b9-01cd-31f9-8d28-85b70d9f91b6,    -.393610 ,  -51.506920 ,2024-11-08 17:11:00,Brasil,AMAPÁ,MAZAGÃO,Amazônia
 1732107675 ,bbdd7990-caad-3151-a602-b3ba70259438,    -.975360 ,  -51.780350 ,2024-11-09 17:51:00,Brasil,AMAPÁ,VITÓRIA DO JARI,Amazônia
 1732107683 ,01e1f968-cba7-3bf6-84fb-f6b994231a83,    1.403680 ,  -50.716030 ,2024-11-09 17:51:00,Brasil,AMAPÁ,TARTARUGALZINHO,Amazônia
 1732107708 ,12ead7b8-16dc-33e9-b312-0422c4aba329,    2.483750 ,  -50.832680 ,2024-11-09 17:53:00,Brasil,AMAPÁ,CALÇOENE,Amazônia
 1732107746 ,feb52ee9-ffa8-3417-bedc-6a091c137b1d,    -.552390 ,  -51.736950 ,2024-11-09 17:51:00,Brasil,AMAPÁ,MAZAGÃO,Amazônia
 1732107774 ,854293cc-c3c2-3cbd-8ac1-86f94efe23fd,    3.538310 ,  -51.457320 ,2024-11-09 17:53:00,Brasil,AMAPÁ,OIAPOQUE,Amazônia
 1732107775 ,392bed56-b924-3316-8fc6-ca5a25033dc4,   -1.098550 ,  -51.747550 ,2024-11-09 17:51:00,Brasil,AMAPÁ,VITÓRIA DO JARI,Amazônia
 1732107788 ,1d4b7f9a-5006-3fb0-ab2b-827e879edbd9,     .117940 ,  -51.248590 ,2024-11-09 17:51:00,Brasil,AMAPÁ,SANTANA,Amazônia
 1732107791 ,bdd98729-f9db-3e48-86ba-d1b1d4a8be02,    -.816500 ,  -51.770430 ,2024-11-09 17:51:00,Brasil,AMAPÁ,MAZAGÃO,Amazônia
 1732107801 ,61b46f37-14e7-37b5-84b0-de24c8e7a1dc,    -.899170 ,  -51.770830 ,2024-11-09 17:51:00,Brasil,AMAPÁ,VITÓRIA DO JARI,Amazônia
 1732107816 ,af602c85-0300-35a4-949d-47e205348c90,    -.637120 ,  -52.383300 ,2024-11-09 17:51:00,Brasil,AMAPÁ,LARANJAL DO JARI,Amazônia
 1732107843 ,642837cc-950b-3038-8456-a7ba27dfff6d,    2.779250 ,  -51.075810 ,2024-11-09 17:53:00,Brasil,AMAPÁ,CALÇOENE,Amazônia
 1732107853 ,6772750b-c5d0-374d-94f4-deb264ed411d,    -.208780 ,  -51.649320 ,2024-11-09 17:51:00,Brasil,AMAPÁ,MAZAGÃO,Amazônia
 1732107854 ,8f053f9d-2c4e-337a-9d8a-d72b8879d436,    -.928390 ,  -51.784730 ,2024-11-09 17:51:00,Brasil,AMAPÁ,VITÓRIA DO JARI,Amazônia
 1732107862 ,5da32db8-9676-386b-97d8-188c3d104dda,    -.571180 ,  -52.177720 ,2024-11-09 17:51:00,Brasil,AMAPÁ,LARANJAL DO JARI,Amazônia
 1732107880 ,83d0f74c-6e57-349b-a0a1-026ab53f1c11,     .195440 ,  -51.218060 ,2024-11-09 17:51:00,Brasil,AMAPÁ,MACAPÁ,Amazônia
 1732107884 ,07d66aff-49a7-3b20-88c8-0952a756b1bb,    -.081600 ,  -51.414630 ,2024-11-09 17:51:00,Brasil,AMAPÁ,MAZAGÃO,Amazônia
 1732107901 ,4f54d2cb-a62c-3919-9be1-d27168bde0e3,   -1.066210 ,  -52.280350 ,2024-11-09 17:51:00,Brasil,AMAPÁ,VITÓRIA DO JARI,Amazônia
 1732107921 ,3393e885-7547-3720-af2d-efe6529053ae,    -.871240 ,  -51.765830 ,2024-11-09 17:51:00,Brasil,AMAPÁ,VITÓRIA DO JARI,Amazônia
 1732107989 ,7772b3fd-a61b-3a8f-8dfd-c07f81a3d5fa,    -.180300 ,  -51.328000 ,2024-11-09 17:51:00,Brasil,AMAPÁ,MAZAGÃO,Amazônia
 1732108003 ,eee600c0-20e2-332e-983d-13c667c01ebd,    -.882710 ,  -51.782330 ,2024-11-09 17:51:00,Brasil,AMAPÁ,VITÓRIA DO JARI,Amazônia
 1732108005 ,41f9ad59-7c96-39c6-9eab-1dc94ea4ada2,   -1.054170 ,  -51.754050 ,2024-11-09 17:51:00,Brasil,AMAPÁ,VITÓRIA DO JARI,Amazônia
 1732108011 ,2ca0dd1c-05c9-30b2-977a-4cff7c8f1761,    -.541080 ,  -51.784210 ,2024-11-09 17:51:00,Brasil,AMAPÁ,MAZAGÃO,Amazônia
 1732108014 ,46ecf966-5124-37fb-8035-2e4883b6adda,    -.015380 ,  -51.336090 ,2024-11-09 17:51:00,Brasil,AMAPÁ,SANTANA,Amazônia
 1732108022 ,862a107b-870a-3abf-a0a0-008e7b8d71f9,    2.610230 ,  -50.868040 ,2024-11-09 17:53:00,Brasil,AMAPÁ,CALÇOENE,Amazônia
 1732108044 ,41420385-6ce9-3b90-b1d5-e4e5ccf689c9,     .447020 ,  -51.840440 ,2024-11-09 17:51:00,Brasil,AMAPÁ,PORTO GRANDE,Amazônia
 1732108065 ,bd22619e-5abf-3a54-b2b8-c9a6d428f955,    -.046490 ,  -51.363460 ,2024-11-09 17:51:00,Brasil,AMAPÁ,SANTANA,Amazônia
 1732108067 ,da321422-f1de-3694-a625-b048721911f8,    -.347090 ,  -51.906810 ,2024-11-09 17:51:00,Brasil,AMAPÁ,MAZAGÃO,Amazônia
 1732108104 ,1082d7e8-1d26-35dd-bd41-f86c00b86087,    -.207470 ,  -51.640310 ,2024-11-09 17:51:00,Brasil,AMAPÁ,MAZAGÃO,Amazônia
 1732108118 ,380d2dc6-0960-3fee-af5e-79ede20c4ee9,     .248330 ,  -50.787520 ,2024-11-09 17:51:00,Brasil,AMAPÁ,MACAPÁ,Amazônia
 1732108127 ,36e50817-6342-3ef5-a73a-fb0de89e928b,    -.746010 ,  -51.986710 ,2024-11-09 17:51:00,Brasil,AMAPÁ,LARANJAL DO JARI,Amazônia
 1732108136 ,c5a8e050-9c09-37a2-b92a-6a6f11f9a64c,    -.348390 ,  -51.915700 ,2024-11-09 17:51:00,Brasil,AMAPÁ,MAZAGÃO,Amazônia
 1732108146 ,23c6c189-9953-3bc1-9478-c011ae396eb8,    -.355220 ,  -51.649800 ,2024-11-09 17:51:00,Brasil,AMAPÁ,MAZAGÃO,Amazônia
 1732108150 ,531eef9a-33c8-3283-a8e6-2a2942d3481c,    -.967780 ,  -51.790530 ,2024-11-09 17:51:00,Brasil,AMAPÁ,VITÓRIA DO JARI,Amazônia
 1732108151 ,0f19f45f-fd6b-3c4c-9800-71b2d26d4b26,    -.815210 ,  -51.761520 ,2024-11-09 17:51:00,Brasil,AMAPÁ,MAZAGÃO,Amazônia
 1732108156 ,a181ed1a-657b-319e-bece-eafdd736f7f4,    -.012710 ,  -51.317590 ,2024-11-09 17:51:00,Brasil,AMAPÁ,SANTANA,Amazônia
 1732108162 ,604a721f-c7df-3203-b2df-2c84014c05c7,     .403270 ,  -50.816650 ,2024-11-09 17:51:00,Brasil,AMAPÁ,MACAPÁ,Amazônia
 1732108169 ,563cad5e-ec56-3d16-91e0-db09816d4727,    -.071260 ,  -51.406760 ,2024-11-09 17:51:00,Brasil,AMAPÁ,MAZAGÃO,Amazônia
 1732108175 ,28632a12-ede9-38b5-b843-66e0267863f6,    1.002600 ,  -51.065510 ,2024-11-09 17:51:00,Brasil,AMAPÁ,FERREIRA GOMES,Amazônia
 1732108204 ,1a9e2bda-fa1d-399d-834a-ce8f8fc588e7,     .126560 ,  -51.125560 ,2024-11-09 17:51:00,Brasil,AMAPÁ,MACAPÁ,Amazônia
 1732108207 ,012b167d-62ad-33b4-8751-dfe42e15842b,    -.898540 ,  -52.335070 ,2024-11-09 17:51:00,Brasil,AMAPÁ,VITÓRIA DO JARI,Amazônia
 1732108239 ,c4092d98-11c8-39b2-94c1-a531bce6943a,    -.371910 ,  -51.502250 ,2024-11-09 17:51:00,Brasil,AMAPÁ,MAZAGÃO,Amazônia
 1732108265 ,932845e2-1204-3e86-8b65-53e8c2b588a8,    -.082940 ,  -51.423790 ,2024-11-09 17:51:00,Brasil,AMAPÁ,MAZAGÃO,Amazônia
 1732108269 ,b3a6ac7e-de59-3637-9a34-01ba35e77451,   -1.095210 ,  -52.294010 ,2024-11-09 17:51:00,Brasil,AMAPÁ,VITÓRIA DO JARI,Amazônia
 1732108272 ,dc27b8bd-6342-337e-bb5b-3648ff7252e2,    -.211420 ,  -51.667350 ,2024-11-09 17:51:00,Brasil,AMAPÁ,MAZAGÃO,Amazônia
 1732108282 ,78578261-99da-3da9-b9bd-a8d985f4d58d,    2.367900 ,  -50.934680 ,2024-11-09 17:53:00,Brasil,AMAPÁ,CALÇOENE,Amazônia
 1732108288 ,d141853d-20f1-3cac-9deb-c27104966017,    -.073940 ,  -51.425100 ,2024-11-09 17:51:00,Brasil,AMAPÁ,MAZAGÃO,Amazônia
 1732108338 ,1bd96e88-71ff-3086-b310-f4ae905ad9aa,    1.001190 ,  -51.075150 ,2024-11-09 17:51:00,Brasil,AMAPÁ,FERREIRA GOMES,Amazônia
 1732108339 ,4d112cf5-4b0f-3c9c-9522-82ce0ac9b47d,    3.197630 ,  -51.262780 ,2024-11-09 17:53:00,Brasil,AMAPÁ,OIAPOQUE,Amazônia
 1732108355 ,e156c347-ef4c-3d52-8e4f-28c13cec051b,    -.226650 ,  -51.646710 ,2024-11-09 17:51:00,Brasil,AMAPÁ,MAZAGÃO,Amazônia
 1732108373 ,61582ca6-1f2a-32fb-8225-dafde7bf9cfb,   -1.157440 ,  -52.090970 ,2024-11-09 17:51:00,Brasil,AMAPÁ,VITÓRIA DO JARI,Amazônia
 1732108391 ,7711b138-4107-3c3f-8d01-0d00a853b0ee,     .127930 ,  -51.116140 ,2024-11-09 17:51:00,Brasil,AMAPÁ,MACAPÁ,Amazônia
 1732108396 ,09a441aa-9936-3f70-8f63-8f355cbbf366,    -.826670 ,  -51.778030 ,2024-11-09 17:51:00,Brasil,AMAPÁ,MAZAGÃO,Amazônia
 1732108407 ,c39a2238-6cf2-3136-8b4e-96966d89d287,    -.393510 ,  -51.461980 ,2024-11-09 17:51:00,Brasil,AMAPÁ,MAZAGÃO,Amazônia
 1732108411 ,1f3b3017-33c5-35da-84a7-aa6411cc54b6,    -.737160 ,  -51.988010 ,2024-11-09 17:51:00,Brasil,AMAPÁ,LARANJAL DO JARI,Amazônia
 1732108418 ,8d90f5c1-bc1f-34b7-bab4-4346ff9910af,   -1.052870 ,  -51.745160 ,2024-11-09 17:51:00,Brasil,AMAPÁ,VITÓRIA DO JARI,Amazônia
 1732108419 ,8f5e0cf5-195a-3b64-b705-baf09cc4050c,    -.166660 ,  -51.423710 ,2024-11-09 17:51:00,Brasil,AMAPÁ,MAZAGÃO,Amazônia
 1732108423 ,0b1bf8a5-b567-3076-a34b-be4993700c7c,     .275810 ,  -51.111510 ,2024-11-09 17:51:00,Brasil,AMAPÁ,MACAPÁ,Amazônia
 1732108437 ,d0c68ae5-dc66-3362-be3a-4917465970b1,    -.897270 ,  -52.326300 ,2024-11-09 17:51:00,Brasil,AMAPÁ,VITÓRIA DO JARI,Amazônia
 1732108445 ,883d909d-7578-3fcb-9ce9-7f73e39272d0,     .089320 ,  -51.507950 ,2024-11-09 17:51:00,Brasil,AMAPÁ,SANTANA,Amazônia
 1732108465 ,668e2f34-41a5-347d-ad97-195592a9082f,    -.772260 ,  -52.476440 ,2024-11-09 17:51:00,Brasil,AMAPÁ,LARANJAL DO JARI,Amazônia
 1732108468 ,96712cf6-0c70-3124-92d5-4a142934fb58,    2.239450 ,  -50.747800 ,2024-11-09 17:51:00,Brasil,AMAPÁ,CALÇOENE,Amazônia
 1732108480 ,3ee93ccc-5641-344e-8e10-a82c8d8f3b0e,    -.181640 ,  -51.337200 ,2024-11-09 17:51:00,Brasil,AMAPÁ,MAZAGÃO,Amazônia
 1732108503 ,34583ea6-5aec-3081-9ded-d9ab7c3d34fe,     .445720 ,  -51.849450 ,2024-11-09 17:51:00,Brasil,AMAPÁ,PORTO GRANDE,Amazônia
 1732108531 ,2072762c-f98b-35ac-b787-c960ce7da1e4,     .039350 ,  -51.472660 ,2024-11-09 17:51:00,Brasil,AMAPÁ,SANTANA,Amazônia
 1732108534 ,6c957294-a248-33ec-870f-662a2c9d1a82,    2.577990 ,  -50.956790 ,2024-11-09 17:53:00,Brasil,AMAPÁ,CALÇOENE,Amazônia
 1732108544 ,930935b4-fa9f-3f87-85ac-7c334956c9a0,     .332230 ,  -50.915130 ,2024-11-09 17:51:00,Brasil,AMAPÁ,MACAPÁ,Amazônia
 1732108563 ,0c611cb0-d8f2-33f5-9ab5-68e1aad96a52,    -.350960 ,  -51.421680 ,2024-11-09 17:51:00,Brasil,AMAPÁ,MAZAGÃO,Amazônia
 1732108575 ,7eb7d020-f697-3b5d-9205-7af58c2c53b6,    -.328210 ,  -51.589280 ,2024-11-09 17:51:00,Brasil,AMAPÁ,MAZAGÃO,Amazônia
 1732108594 ,5d94830c-3165-3050-b6f7-aa60d2979220,    -.206150 ,  -51.631300 ,2024-11-09 17:51:00,Brasil,AMAPÁ,MAZAGÃO,Amazônia
 1732108613 ,4b920b3a-402e-35b0-a050-18a21611fd96,    -.394830 ,  -51.471070 ,2024-11-09 17:51:00,Brasil,AMAPÁ,MAZAGÃO,Amazônia
 1732108614 ,19e205ef-b679-3f40-ab1e-20934be17531,    -.396150 ,  -51.480160 ,2024-11-09 17:51:00,Brasil,AMAPÁ,MAZAGÃO,Amazônia
 1732108616 ,f70ef341-83a3-3ee5-b645-d5ade315c45b,   -1.057160 ,  -52.156170 ,2024-11-09 17:51:00,Brasil,AMAPÁ,VITÓRIA DO JARI,Amazônia
 1732108620 ,406014cd-f336-3224-9664-08606fc0a90c,    -.976650 ,  -51.789240 ,2024-11-09 17:51:00,Brasil,AMAPÁ,VITÓRIA DO JARI,Amazônia
 1732108629 ,46b0b089-9d66-38e1-9dc0-c4b3d8aabbde,    -.237530 ,  -51.469280 ,2024-11-09 17:51:00,Brasil,AMAPÁ,MAZAGÃO,Amazônia
 1732108635 ,3a0501a1-ee34-351f-b4fe-73dacae99f89,    -.002630 ,  -51.119240 ,2024-11-09 17:51:00,Brasil,AMAPÁ,SANTANA,Amazônia
 1732108637 ,e23a60b3-7c9e-3635-b902-ac61a94d0da6,    -.392470 ,  -51.517790 ,2024-11-09 17:51:00,Brasil,AMAPÁ,MAZAGÃO,Amazônia
 1732108638 ,adc9d0db-2d59-3e1d-9b49-435faa284c4e,    -.708750 ,  -51.792890 ,2024-11-09 17:51:00,Brasil,AMAPÁ,MAZAGÃO,Amazônia
 1732108641 ,5782fa48-774e-326c-ab77-419c6b8c0b3c,    -.137370 ,  -51.858780 ,2024-11-09 17:51:00,Brasil,AMAPÁ,MAZAGÃO,Amazônia
 1732108648 ,cbc12450-6c99-396c-8aab-154f67c88039,    -.326900 ,  -51.580230 ,2024-11-09 17:51:00,Brasil,AMAPÁ,MAZAGÃO,Amazônia
 1732108695 ,fdd741dc-6b63-37a1-9d3c-b09d75489083,    -.400110 ,  -51.507400 ,2024-11-09 17:51:00,Brasil,AMAPÁ,MAZAGÃO,Amazônia
 1732108697 ,c4b1a383-7750-32b0-8c31-1fd2590c395a,    -.189980 ,  -51.457630 ,2024-11-09 17:51:00,Brasil,AMAPÁ,MAZAGÃO,Amazônia
 1732108714 ,608f9f6b-ebbc-388b-9f39-f8621d285f3f,    -.397470 ,  -51.489250 ,2024-11-09 17:51:00,Brasil,AMAPÁ,MAZAGÃO,Amazônia
 1732108722 ,2a9a9f7a-2dbe-39bf-9e5c-6a3c58c65086,   -1.106590 ,  -51.927390 ,2024-11-09 17:51:00,Brasil,AMAPÁ,VITÓRIA DO JARI,Amazônia
 1732108723 ,7f385e07-26fd-3aa4-a580-50f377af8384,    -.966480 ,  -51.781650 ,2024-11-09 17:51:00,Brasil,AMAPÁ,VITÓRIA DO JARI,Amazônia
 1732108726 ,37ff49de-77cd-3f9e-b74f-38a321ef5082,    2.229950 ,  -50.746410 ,2024-11-09 17:51:00,Brasil,AMAPÁ,CALÇOENE,Amazônia
 1732108733 ,01f0897a-e361-39cb-8209-60a6930d70f9,     .760920 ,  -51.328120 ,2024-11-09 17:51:00,Brasil,AMAPÁ,FERREIRA GOMES,Amazônia
 1732108757 ,14364620-dfa2-3b26-90da-48582285da8e,     .214060 ,  -51.153750 ,2024-11-09 17:51:00,Brasil,AMAPÁ,MACAPÁ,Amazônia
 1732108776 ,7307e5af-73be-30a1-bd34-d23e784878af,    -.210100 ,  -51.658330 ,2024-11-09 17:51:00,Brasil,AMAPÁ,MAZAGÃO,Amazônia
 1732108803 ,a82dcdf2-fca7-3b78-9f97-74a8e8382195,    -.364920 ,  -51.641740 ,2024-11-09 17:51:00,Brasil,AMAPÁ,MAZAGÃO,Amazônia
 1732108817 ,3aac27f6-8c25-3158-8a0b-6e18b4e613b9,    -.227960 ,  -51.655740 ,2024-11-09 17:51:00,Brasil,AMAPÁ,MAZAGÃO,Amazônia
 1732108833 ,635f5ca8-fb47-35cf-a818-b580e4836862,    -.958910 ,  -51.791830 ,2024-11-09 17:51:00,Brasil,AMAPÁ,VITÓRIA DO JARI,Amazônia
 1732108834 ,45b7d163-1b90-36a0-80d4-7a913577345f,    -.657020 ,  -52.005330 ,2024-11-09 17:51:00,Brasil,AMAPÁ,MAZAGÃO,Amazônia
 1732108848 ,7c06d85f-a8b4-3d87-8266-ba52af33d117,    -.325590 ,  -51.571180 ,2024-11-09 17:51:00,Brasil,AMAPÁ,MAZAGÃO,Amazônia
 1732108869 ,00d0a56e-b262-33dd-80cd-afc130b94067,    -.747290 ,  -51.995570 ,2024-11-09 17:51:00,Brasil,AMAPÁ,LARANJAL DO JARI,Amazônia
 1732108874 ,9a08b491-c3b1-37e1-96b5-4af28f7ee54c,    -.885110 ,  -51.736510 ,2024-11-09 17:51:00,Brasil,AMAPÁ,VITÓRIA DO JARI,Amazônia
 1732108881 ,86a09f65-d9b3-3f89-b72d-0a98ebab8ed3,    2.090930 ,  -50.865290 ,2024-11-09 17:51:00,Brasil,AMAPÁ,AMAPÁ,Amazônia
 1732108891 ,51e14280-f918-35f7-a326-789dc2653df1,    -.345790 ,  -51.897900 ,2024-11-09 17:51:00,Brasil,AMAPÁ,MAZAGÃO,Amazônia
 1732108898 ,e7c1bb67-037b-3509-88d2-093a5975287f,    3.745560 ,  -51.615520 ,2024-11-09 17:53:00,Brasil,AMAPÁ,OIAPOQUE,Amazônia
 1732108920 ,2deed5b0-081b-3dcd-bc32-88aeeaf05b36,    -.672980 ,  -51.734370 ,2024-11-09 17:51:00,Brasil,AMAPÁ,MAZAGÃO,Amazônia
 1732108931 ,dc3ef8c9-ee80-30bc-8d03-2684124240ad,    1.910630 ,  -50.969930 ,2024-11-09 17:51:00,Brasil,AMAPÁ,AMAPÁ,Amazônia
 1732108938 ,c6680fb3-c1cf-3a73-8d71-232e158c4fad,    -.244280 ,  -51.453220 ,2024-11-09 17:51:00,Brasil,AMAPÁ,MAZAGÃO,Amazônia
 1732108952 ,b617fdf1-9ffa-384e-b3d2-921bcbf9db9e,    -.533490 ,  -51.794450 ,2024-11-09 17:51:00,Brasil,AMAPÁ,MAZAGÃO,Amazônia
 1732108960 ,d39200a8-c17f-37c0-80de-dfe6688d824e,     .048320 ,  -51.279230 ,2024-11-09 17:51:00,Brasil,AMAPÁ,SANTANA,Amazônia
 1732108961 ,4924d781-091d-3694-9071-e0c04c1ad71d,    -.383510 ,  -51.519080 ,2024-11-09 17:51:00,Brasil,AMAPÁ,MAZAGÃO,Amazônia
 1732108967 ,e62fa5f2-5838-3453-94e9-03e3f4269238,    -.392500 ,  -51.829810 ,2024-11-09 17:51:00,Brasil,AMAPÁ,MAZAGÃO,Amazônia
 1732109008 ,5f95f413-94fb-3f7d-8b28-8fe4a31a0fc0,    -.234900 ,  -51.451050 ,2024-11-09 17:51:00,Brasil,AMAPÁ,MAZAGÃO,Amazônia
 1732109009 ,ee9fca0d-3d6b-344a-9f4b-4d2ab088704a,   -1.045300 ,  -51.755340 ,2024-11-09 17:51:00,Brasil,AMAPÁ,VITÓRIA DO JARI,Amazônia
 1732109019 ,785a84e3-16c5-3298-a2c6-3ed113f7d500,    -.658310 ,  -52.014150 ,2024-11-09 17:51:00,Brasil,AMAPÁ,MAZAGÃO,Amazônia
 1732109021 ,8ddc144d-2716-309f-8520-99f7d62dfc0a,    -.881420 ,  -51.773430 ,2024-11-09 17:51:00,Brasil,AMAPÁ,VITÓRIA DO JARI,Amazônia
 1732109026 ,5beea156-0e9b-39bf-a15b-81c982f59a42,    2.331680 ,  -50.919180 ,2024-11-09 17:53:00,Brasil,AMAPÁ,CALÇOENE,Amazônia
 1732109034 ,4e711101-6b51-3576-80fc-e4a60909c51f,    -.825380 ,  -51.769130 ,2024-11-09 17:51:00,Brasil,AMAPÁ,MAZAGÃO,Amazônia
 1732109046 ,dd3c2abe-0779-3038-bebd-58928b4f03dc,    -.652570 ,  -51.719100 ,2024-11-09 17:51:00,Brasil,AMAPÁ,MAZAGÃO,Amazônia
 1732109057 ,6b139060-7173-36ff-a30a-0871f599397b,   -1.097260 ,  -51.738660 ,2024-11-09 17:51:00,Brasil,AMAPÁ,VITÓRIA DO JARI,Amazônia
 1732109073 ,d273d628-6693-3ea6-8217-f0eebda2453f,    -.188650 ,  -51.448510 ,2024-11-09 17:51:00,Brasil,AMAPÁ,MAZAGÃO,Amazônia
 1732109088 ,1b5f8547-f8d5-327c-bfac-2ae769173eb6,    -.361270 ,  -51.429480 ,2024-11-09 17:51:00,Brasil,AMAPÁ,MAZAGÃO,Amazônia
 1732109127 ,bedc940f-9e02-3b55-acbf-87d33f75568e,     .761380 ,  -51.451760 ,2024-11-09 17:51:00,Brasil,AMAPÁ,PORTO GRANDE,Amazônia
 1732109129 ,ebf7ec6d-a6f4-3ff0-870b-80027bd1cebb,   -1.088380 ,  -51.739970 ,2024-11-09 17:51:00,Brasil,AMAPÁ,VITÓRIA DO JARI,Amazônia
 1732109130 ,ff6bc892-32d1-3bd9-848e-8631a9708511,    -.014050 ,  -51.326830 ,2024-11-09 17:51:00,Brasil,AMAPÁ,SANTANA,Amazônia
 1732109135 ,4dc62bcc-0cca-3f7e-bd3c-313262dc0a86,   -1.125960 ,  -52.122510 ,2024-11-09 17:51:00,Brasil,AMAPÁ,VITÓRIA DO JARI,Amazônia
 1732109177 ,441e46f9-86a9-31ed-a5cc-b90ab2421d96,    -.405120 ,  -51.478860 ,2024-11-09 17:51:00,Brasil,AMAPÁ,MAZAGÃO,Amazônia
 1732109181 ,e9ae1923-b99e-3270-864a-2362e8c6bacb,    -.350980 ,  -51.933480 ,2024-11-09 17:51:00,Brasil,AMAPÁ,MAZAGÃO,Amazônia
 1732109195 ,54578c6f-a478-37f3-9b14-52d04974480b,    2.427850 ,  -50.787480 ,2024-11-09 17:53:00,Brasil,AMAPÁ,CALÇOENE,Amazônia
 1732109198 ,21aa20e1-ff83-341b-b8bf-6df199526bed,    -.045130 ,  -51.354250 ,2024-11-09 17:51:00,Brasil,AMAPÁ,SANTANA,Amazônia
 1732109199 ,3a07b22a-6304-3a01-8641-c89ec12a5741,    3.196190 ,  -51.272680 ,2024-11-09 17:53:00,Brasil,AMAPÁ,OIAPOQUE,Amazônia
 1732109210 ,4cb1605e-3521-3abb-98d1-78d3f22bb788,    -.366240 ,  -51.650730 ,2024-11-09 17:51:00,Brasil,AMAPÁ,MAZAGÃO,Amazônia
 1732109222 ,ca9c3289-7402-35a1-a8a9-c127905f4167,    -.291710 ,  -51.714160 ,2024-11-09 17:51:00,Brasil,AMAPÁ,MAZAGÃO,Amazônia
 1732109227 ,485160d6-6b91-3caa-a19a-3339ab4a8bb2,    -.349680 ,  -51.924580 ,2024-11-09 17:51:00,Brasil,AMAPÁ,MAZAGÃO,Amazônia
 1732109230 ,cc37fb4c-cb72-3085-9225-99f143e247a4,     .080340 ,  -51.506640 ,2024-11-09 17:51:00,Brasil,AMAPÁ,SANTANA,Amazônia
 1732109232 ,6ee8eaae-0541-3d15-b7c4-a27426643134,    -.539370 ,  -52.083390 ,2024-11-09 17:51:00,Brasil,AMAPÁ,LARANJAL DO JARI,Amazônia
 1732109236 ,e6c6936e-e077-3a44-9e00-11d9ded9f1ed,     .246370 ,  -51.187250 ,2024-11-09 17:51:00,Brasil,AMAPÁ,MACAPÁ,Amazônia
 1732109241 ,6eef868c-8b9f-3082-a7db-8e63c9ddb9b9,     .283280 ,  -50.871910 ,2024-11-09 17:51:00,Brasil,AMAPÁ,MACAPÁ,Amazônia
 1732109255 ,1ea4a364-6f00-3c7f-9f60-4151dfb4e680,    1.496990 ,  -50.909710 ,2024-11-09 17:51:00,Brasil,AMAPÁ,TARTARUGALZINHO,Amazônia
 1732109263 ,813ab80f-4405-39dc-9300-37a662051452,    -.653880 ,  -51.728040 ,2024-11-09 17:51:00,Brasil,AMAPÁ,MAZAGÃO,Amazônia
 1732109267 ,b6ad714c-a5a8-33a1-9cb0-0703b735f3a1,    -.159390 ,  -51.499320 ,2024-11-09 17:51:00,Brasil,AMAPÁ,MAZAGÃO,Amazônia
 1732109268 ,7a18b49d-6421-3b96-ba28-567a6f53805f,    -.216400 ,  -51.639000 ,2024-11-09 17:51:00,Brasil,AMAPÁ,MAZAGÃO,Amazônia
 1732109269 ,43d8d9f9-115b-3f9b-92b2-391d38cba072,     .240020 ,  -51.167140 ,2024-11-09 17:51:00,Brasil,AMAPÁ,MACAPÁ,Amazônia
 1732109272 ,bcb6f82e-52cb-3b4d-b541-afd91b2fad25,    -.225340 ,  -51.637680 ,2024-11-09 17:51:00,Brasil,AMAPÁ,MAZAGÃO,Amazônia
 1732109275 ,d2f028b0-3cfb-3745-b6c4-54df7c3e12ed,    -.084010 ,  -51.618830 ,2024-11-09 17:51:00,Brasil,AMAPÁ,MAZAGÃO,Amazônia
 1732109276 ,914444db-c40e-33c8-8c77-a0883f05fb72,   -1.158720 ,  -52.099750 ,2024-11-09 17:51:00,Brasil,AMAPÁ,VITÓRIA DO JARI,Amazônia
 1732109286 ,77cd1475-8406-3c6e-8eb7-407dea95ff8c,   -1.114850 ,  -52.231740 ,2024-11-09 17:51:00,Brasil,AMAPÁ,VITÓRIA DO JARI,Amazônia
 1732109302 ,70ca4dd8-7630-3145-886b-2479bf1bb7c7,     .049670 ,  -51.464830 ,2024-11-09 17:51:00,Brasil,AMAPÁ,SANTANA,Amazônia
 1732109322 ,8c16b77c-1093-3a34-8c89-b02fa55fc817,    -.215090 ,  -51.629980 ,2024-11-09 17:51:00,Brasil,AMAPÁ,MAZAGÃO,Amazônia
 1732109352 ,d20e470e-3ca4-3197-856b-33a0197409c8,    -.074900 ,  -51.368710 ,2024-11-09 17:51:00,Brasil,AMAPÁ,MAZAGÃO,Amazônia
 1732109360 ,48a8d40a-b758-3745-92fb-0744e4398aa8,    -.080260 ,  -51.405460 ,2024-11-09 17:51:00,Brasil,AMAPÁ,MAZAGÃO,Amazônia
 1732109414 ,d03aa415-27f3-39d8-bdc6-1ca83098f1dc,    1.909190 ,  -50.979880 ,2024-11-09 17:51:00,Brasil,AMAPÁ,AMAPÁ,Amazônia
 1732109415 ,979f0600-785d-3672-a00e-cf4120670d2d,    -.301870 ,  -51.407520 ,2024-11-09 17:51:00,Brasil,AMAPÁ,MAZAGÃO,Amazônia
 1732109419 ,dd0881c2-b1b4-3b64-aac6-6bc9622b953d,    -.957610 ,  -51.782950 ,2024-11-09 17:51:00,Brasil,AMAPÁ,VITÓRIA DO JARI,Amazônia
 1732109477 ,952da2bd-d01c-378c-88f4-35002a371780,     .762290 ,  -51.318740 ,2024-11-09 17:51:00,Brasil,AMAPÁ,FERREIRA GOMES,Amazônia
 1732109479 ,31feb1b3-43be-3261-aef4-3bac8d6f52b5,    -.236210 ,  -51.460170 ,2024-11-09 17:51:00,Brasil,AMAPÁ,MAZAGÃO,Amazônia
 1732109499 ,761ddaa2-9c5c-315f-b4dd-9fd338db2c4c,    -.382190 ,  -51.510020 ,2024-11-09 17:51:00,Brasil,AMAPÁ,MAZAGÃO,Amazônia
 1732109506 ,d775d09b-b7d5-3fc3-9e51-10d5d78db939,   -1.108710 ,  -51.755150 ,2024-11-09 17:51:00,Brasil,AMAPÁ,VITÓRIA DO JARI,Amazônia
 1732109514 ,a358f00b-9ac9-368d-b7fd-e28610106e51,    2.333110 ,  -50.909040 ,2024-11-09 17:53:00,Brasil,AMAPÁ,CALÇOENE,Amazônia
 1732109515 ,44c08e97-e3bc-35b1-9cc9-ca554166cbb2,    -.072600 ,  -51.415930 ,2024-11-09 17:51:00,Brasil,AMAPÁ,MAZAGÃO,Amazônia
 1732109527 ,0fcee2f9-b18b-3693-84fd-27fd37a36822,    2.109760 ,  -50.868010 ,2024-11-09 17:51:00,Brasil,AMAPÁ,AMAPÁ,Amazônia
 1732109528 ,5b309793-6879-3e0d-b3b0-278898dbc4e0,     .856390 ,  -50.181750 ,2024-11-09 17:51:00,Brasil,AMAPÁ,MACAPÁ,Amazônia
 1732109540 ,57a128e3-d88e-301a-b365-489b89fd4668,   -1.119290 ,  -51.952590 ,2024-11-09 17:51:00,Brasil,AMAPÁ,VITÓRIA DO JARI,Amazônia
 1732109582 ,8909e2fc-874f-3eaa-a836-b0b6083dfad1,     .185370 ,  -51.159160 ,2024-11-09 17:51:00,Brasil,AMAPÁ,MACAPÁ,Amazônia
 1732109592 ,f31c9388-6d69-3d29-b17f-bfacb7f907b1,    2.613790 ,  -50.874230 ,2024-11-09 17:53:00,Brasil,AMAPÁ,CALÇOENE,Amazônia
 1732109598 ,ae68a835-a146-366f-92c8-b29731a1e9ea,    -.001270 ,  -51.109840 ,2024-11-09 17:51:00,Brasil,AMAPÁ,SANTANA,Amazônia
 1732109633 ,f4939346-1f90-3bb2-8981-08633cfd454d,     .865040 ,  -51.378520 ,2024-11-09 17:51:00,Brasil,AMAPÁ,FERREIRA GOMES,Amazônia
 1732109665 ,bcbee71a-0a6a-3d95-812a-56b4102416a6,    -.542370 ,  -51.793140 ,2024-11-09 17:51:00,Brasil,AMAPÁ,MAZAGÃO,Amazônia
 1732109667 ,29d4021d-10dd-352d-9621-2d670b67a1bb,     .199910 ,  -51.122860 ,2024-11-09 17:51:00,Brasil,AMAPÁ,MACAPÁ,Amazônia
 1732109682 ,d987c965-a582-3dd1-bdf8-fc07d50534b9,   -1.118000 ,  -51.943760 ,2024-11-09 17:51:00,Brasil,AMAPÁ,VITÓRIA DO JARI,Amazônia
 1732109709 ,a194f24a-e257-3111-8c85-de77577c5f67,   -1.055880 ,  -52.147380 ,2024-11-09 17:51:00,Brasil,AMAPÁ,VITÓRIA DO JARI,Amazônia
 1732109726 ,42cbd1e5-87a1-3389-a44a-c23b23158ee6,    1.720290 ,  -51.010650 ,2024-11-09 17:51:00,Brasil,AMAPÁ,PRACUÚBA,Amazônia
 1732109748 ,f0e6deec-f02c-3eb1-8e7a-88c0eb5744e8,     .112940 ,  -51.219270 ,2024-11-09 17:51:00,Brasil,AMAPÁ,SANTANA,Amazônia
 1732109754 ,720a5110-fc56-3344-b666-5b1d288724d9,   -1.044000 ,  -51.746450 ,2024-11-09 17:51:00,Brasil,AMAPÁ,VITÓRIA DO JARI,Amazônia
 1732109787 ,1c8d4bc0-2c72-32d9-9d74-1eebaeb0e12f,    1.143120 ,  -52.382270 ,2024-11-09 17:51:00,Brasil,AMAPÁ,PEDRA BRANCA DO AMAPARI,Amazônia
 1732109791 ,858ba884-c06a-32c5-9662-4641384403f6,    -.327760 ,  -51.459650 ,2024-11-09 17:51:00,Brasil,AMAPÁ,MAZAGÃO,Amazônia
 1732109800 ,20b06fe4-1e37-34e5-af1f-8ee185e0aee7,     .239000 ,  -51.300580 ,2024-11-09 17:51:00,Brasil,AMAPÁ,MACAPÁ,Amazônia
 1732109841 ,40b86a0a-1e87-31d2-b711-7f1613199893,    -.185350 ,  -51.751170 ,2024-11-09 17:51:00,Brasil,AMAPÁ,MAZAGÃO,Amazônia
 1732109843 ,b275cf56-1cab-30b8-ac47-acd49a9b0564,     .336160 ,  -50.756990 ,2024-11-09 17:51:00,Brasil,AMAPÁ,MACAPÁ,Amazônia
 1732109853 ,7b6257ba-aaeb-3e51-9179-031a0e56f27e,    -.892890 ,  -51.789920 ,2024-11-09 17:51:00,Brasil,AMAPÁ,VITÓRIA DO JARI,Amazônia
 1732109872 ,d27dd794-acba-36ce-8008-28e19c4c0724,    2.314320 ,  -50.795860 ,2024-11-09 17:53:00,Brasil,AMAPÁ,CALÇOENE,Amazônia
 1732109880 ,cb9e002e-4aaa-3d89-b04e-95ff371ee363,     .249730 ,  -50.777770 ,2024-11-09 17:51:00,Brasil,AMAPÁ,MACAPÁ,Amazônia
 1732109922 ,e63a2e09-e286-3ea8-bfce-1a956998d507,    -.184050 ,  -51.742180 ,2024-11-09 17:51:00,Brasil,AMAPÁ,MAZAGÃO,Amazônia
 1732109938 ,e9e8cd07-38a8-3d14-b50f-7571681777c7,    -.121670 ,  -51.751340 ,2024-11-09 17:51:00,Brasil,AMAPÁ,MAZAGÃO,Amazônia
 1732109939 ,990546f5-eee9-3607-bbd6-71d1d172690c,    -.238840 ,  -51.478390 ,2024-11-09 17:51:00,Brasil,AMAPÁ,MAZAGÃO,Amazônia
 1732109940 ,b7733784-9d08-3e72-b4dc-d37fe39f1c72,     .241400 ,  -51.157750 ,2024-11-09 17:51:00,Brasil,AMAPÁ,MACAPÁ,Amazônia
 1732109945 ,4e09e3e6-1399-3578-ad9e-2559300e42c8,    -.050540 ,  -51.391030 ,2024-11-09 17:51:00,Brasil,AMAPÁ,SANTANA,Amazônia
 1732109947 ,7ae6fba4-0a3b-32f1-a186-166cb0c42959,     .980350 ,  -50.190460 ,2024-11-09 17:51:00,Brasil,AMAPÁ,MACAPÁ,Amazônia
 1732109956 ,638ff71a-82e3-3c52-9aed-952e8b71510d,    1.067990 ,  -50.731360 ,2024-11-09 17:51:00,Brasil,AMAPÁ,TARTARUGALZINHO,Amazônia
 1732109960 ,5f5b0669-c746-3f4b-8106-fa0cb91b780f,    -.391150 ,  -51.508720 ,2024-11-09 17:51:00,Brasil,AMAPÁ,MAZAGÃO,Amazônia
 1732109991 ,87ccd643-942f-3799-8318-967292706fdd,    -.349620 ,  -51.412570 ,2024-11-09 17:51:00,Brasil,AMAPÁ,MAZAGÃO,Amazônia
 1732110010 ,041000de-dbba-31bb-b222-a40cb10a22c2,    -.107900 ,  -51.531980 ,2024-11-09 17:51:00,Brasil,AMAPÁ,MAZAGÃO,Amazônia
 1732110056 ,1ccd3c1d-c1b7-3b23-8f5c-6535f875d6bf,    -.326440 ,  -51.450540 ,2024-11-09 17:51:00,Brasil,AMAPÁ,MAZAGÃO,Amazônia
 1732110112 ,28482735-fe8d-3243-ac42-50f76c4e08e6,    -.092290 ,  -51.487770 ,2024-11-09 17:51:00,Brasil,AMAPÁ,MAZAGÃO,Amazônia
 1732110118 ,3e871b9d-25de-389e-93af-2ad50dc07919,    -.387190 ,  -51.481470 ,2024-11-09 17:51:00,Brasil,AMAPÁ,MAZAGÃO,Amazônia
 1732110144 ,ab4afa1c-43df-3bf6-8c64-2c4c4c8ba9cc,    2.615240 ,  -50.864000 ,2024-11-09 17:53:00,Brasil,AMAPÁ,CALÇOENE,Amazônia
 1732110157 ,c37f2f58-5367-311e-8b13-1709fa15a1be,    3.821550 ,  -51.789240 ,2024-11-09 17:53:00,Brasil,AMAPÁ,OIAPOQUE,Amazônia
 1732110158 ,b2fe1eba-2bd5-303b-a2d5-97fc2e9e8fab,   -1.107870 ,  -51.936230 ,2024-11-09 17:51:00,Brasil,AMAPÁ,VITÓRIA DO JARI,Amazônia
 1732110161 ,8fa3ec96-7319-324b-9bad-5225b6537272,    -.301930 ,  -51.721820 ,2024-11-09 17:51:00,Brasil,AMAPÁ,MAZAGÃO,Amazônia
 1732110179 ,e6b65793-a763-3588-b550-12307f5d51ad,    -.157660 ,  -51.425040 ,2024-11-09 17:51:00,Brasil,AMAPÁ,MAZAGÃO,Amazônia
 1732110190 ,ec2e7ec0-c7f4-31df-bc68-5ea47043e641,   -1.133510 ,  -52.112430 ,2024-11-09 17:51:00,Brasil,AMAPÁ,VITÓRIA DO JARI,Amazônia
 1732110223 ,12d306ed-437c-3efc-87a0-8005c1a9ac3c,   -1.064940 ,  -52.271580 ,2024-11-09 17:51:00,Brasil,AMAPÁ,VITÓRIA DO JARI,Amazônia
 1732110252 ,daeb6ff1-243d-3fa0-8de4-ed21ef91b36f,    2.468960 ,  -51.067580 ,2024-11-09 17:53:00,Brasil,AMAPÁ,CALÇOENE,Amazônia
 1732110257 ,3b5aef06-1709-3974-ab89-e041d5018dc2,    2.429340 ,  -50.777220 ,2024-11-09 17:53:00,Brasil,AMAPÁ,CALÇOENE,Amazônia
 1732110258 ,840e657f-b09f-357a-a1b8-66fbdc5e23ba,    -.391190 ,  -51.820900 ,2024-11-09 17:51:00,Brasil,AMAPÁ,MAZAGÃO,Amazônia
 1732110259 ,abd433b7-91bc-39f8-a700-0fa4d03aa54a,    -.638290 ,  -52.329400 ,2024-11-09 17:51:00,Brasil,AMAPÁ,LARANJAL DO JARI,Amazônia
 1732110278 ,93f17f33-6419-37aa-a295-c09e4cba9ea1,    -.891590 ,  -51.781030 ,2024-11-09 17:51:00,Brasil,AMAPÁ,VITÓRIA DO JARI,Amazônia
 1732110299 ,3859e52f-dcb9-3668-ada9-1b14cf0049e3,    -.732650 ,  -51.707400 ,2024-11-09 17:51:00,Brasil,AMAPÁ,MAZAGÃO,Amazônia
 1732110306 ,52ba4e12-6119-3516-91c0-89f4d1bbbe11,     .327730 ,  -50.815590 ,2024-11-09 17:51:00,Brasil,AMAPÁ,MACAPÁ,Amazônia
 1732110307 ,4efc72d7-c500-3825-914b-f1049b46dd0a,    2.482270 ,  -50.842900 ,2024-11-09 17:53:00,Brasil,AMAPÁ,CALÇOENE,Amazônia
 1732110339 ,f159c080-438b-335b-80e5-f2d9fa7c34cf,    -.149030 ,  -51.563030 ,2024-11-09 17:51:00,Brasil,AMAPÁ,MAZAGÃO,Amazônia
 1732110360 ,6622ab19-bea5-3e73-a613-f3cb7ae56ead,     .040670 ,  -51.463500 ,2024-11-09 17:51:00,Brasil,AMAPÁ,SANTANA,Amazônia
 1732110365 ,39de0a38-e4e1-328c-9b57-e553ab2ed731,    -.398790 ,  -51.498330 ,2024-11-09 17:51:00,Brasil,AMAPÁ,MAZAGÃO,Amazônia
 1732110378 ,5c648318-6c66-345d-bc30-38d0d313b60c,    3.723670 ,  -51.385920 ,2024-11-09 17:53:00,Brasil,AMAPÁ,OIAPOQUE,Amazônia
 1732431334 ,5347d37f-55eb-3956-abd9-03c3ae9ff035,     .335850 ,  -50.768230 ,2024-11-11 17:34:00,Brasil,AMAPÁ,MACAPÁ,Amazônia
 1732431339 ,b62dde4c-024b-37ab-88bf-3f5f626b7a51,    -.424330 ,  -51.983320 ,2024-11-11 17:34:00,Brasil,AMAPÁ,MAZAGÃO,Amazônia
 1732431343 ,6811ec8b-73b5-34ed-9d44-f03701d26195,     .265320 ,  -50.845080 ,2024-11-11 17:34:00,Brasil,AMAPÁ,MACAPÁ,Amazônia
 1732431344 ,a042df24-2696-39e5-8a5a-9df891822221,    -.091490 ,  -51.737940 ,2024-11-11 17:34:00,Brasil,AMAPÁ,MAZAGÃO,Amazônia
 1732431349 ,e6637c66-a7d1-3951-b697-5182569f6fe9,     .273950 ,  -51.057800 ,2024-11-11 17:34:00,Brasil,AMAPÁ,MACAPÁ,Amazônia
 1732431351 ,479e7a0a-c6f5-30cd-bbdc-90c0dab07496,     .630660 ,  -50.803370 ,2024-11-11 17:34:00,Brasil,AMAPÁ,ITAUBAL,Amazônia
 1732431358 ,50c54a4d-2857-37c6-9e26-208f58b86132,     .458960 ,  -50.985070 ,2024-11-11 17:34:00,Brasil,AMAPÁ,MACAPÁ,Amazônia
 1732431360 ,895525b0-4146-3d4e-add9-c9b4bd9aba8d,     .441060 ,  -50.971290 ,2024-11-11 17:34:00,Brasil,AMAPÁ,MACAPÁ,Amazônia
 1732431365 ,599542dd-84db-33b0-9888-9a920ef4ea2d,    -.815510 ,  -51.770710 ,2024-11-11 17:34:00,Brasil,AMAPÁ,MAZAGÃO,Amazônia
 1732431373 ,641210e0-0507-3513-8e5a-32abca1a7df3,     .797100 ,  -50.194600 ,2024-11-11 17:34:00,Brasil,AMAPÁ,MACAPÁ,Amazônia
 1732431380 ,308b0f8e-d1ba-3a97-a0cf-4eea14e4fdff,    1.131270 ,  -52.455250 ,2024-11-11 17:34:00,Brasil,AMAPÁ,PEDRA BRANCA DO AMAPARI,Amazônia
 1732431385 ,316af991-a2be-3739-b5b7-d2a361a5c7e8,     .913290 ,  -50.144040 ,2024-11-11 17:34:00,Brasil,AMAPÁ,MACAPÁ,Amazônia
 1732431400 ,95590d72-b00d-3d9d-841e-2c8f842eb96e,     .831060 ,  -51.030760 ,2024-11-11 17:34:00,Brasil,AMAPÁ,FERREIRA GOMES,Amazônia
 1732431411 ,5aafa613-b9fa-391f-adcf-d8c502564a27,     .266910 ,  -50.834350 ,2024-11-11 17:34:00,Brasil,AMAPÁ,MACAPÁ,Amazônia
 1732431420 ,da56d0a9-0288-34c8-b373-cc156c2d5dc0,     .802520 ,  -50.200930 ,2024-11-11 17:34:00,Brasil,AMAPÁ,MACAPÁ,Amazônia
 1732431424 ,e24b3b8d-779d-3568-a28f-53826e9472ce,    -.163830 ,  -51.461290 ,2024-11-11 17:34:00,Brasil,AMAPÁ,MAZAGÃO,Amazônia
 1732431428 ,0c1f72f1-de25-3204-a9f4-e6ce01629663,     .035680 ,  -51.287360 ,2024-11-11 17:34:00,Brasil,AMAPÁ,SANTANA,Amazônia
 1732431431 ,6d14aeba-df7c-3c07-b091-92d3b8a85e51,     .230540 ,  -50.855480 ,2024-11-11 17:34:00,Brasil,AMAPÁ,MACAPÁ,Amazônia
 1732431432 ,c0980173-877f-3089-be90-d404ba611edf,     .847530 ,  -50.217540 ,2024-11-11 17:34:00,Brasil,AMAPÁ,MACAPÁ,Amazônia
 1732431443 ,64aa670f-066f-373c-af2d-97fb2eaa458f,     .336520 ,  -50.916290 ,2024-11-11 17:34:00,Brasil,AMAPÁ,MACAPÁ,Amazônia
 1732431446 ,6083cf2a-cc72-34db-8dfe-a58d0fb7461d,     .632230 ,  -50.792820 ,2024-11-11 17:34:00,Brasil,AMAPÁ,ITAUBAL,Amazônia
 1732431448 ,ef25b652-d4a1-3549-bc2f-25489ff0845c,     .033990 ,  -51.298870 ,2024-11-11 17:34:00,Brasil,AMAPÁ,SANTANA,Amazônia
 1732431450 ,725f96d6-7217-338a-9cc0-3d23a54b154b,    -.207330 ,  -51.614970 ,2024-11-11 17:34:00,Brasil,AMAPÁ,MAZAGÃO,Amazônia
 1732431455 ,78721958-0782-3603-a51a-dfee335fd882,    -.125690 ,  -51.682570 ,2024-11-11 17:34:00,Brasil,AMAPÁ,MAZAGÃO,Amazônia
 1732431470 ,71f29497-14a3-3b73-b7fb-746a21315196,     .803970 ,  -50.191150 ,2024-11-11 17:34:00,Brasil,AMAPÁ,MACAPÁ,Amazônia
 1732431471 ,20c29849-31eb-3205-9707-26a3deadab84,     .334310 ,  -50.778860 ,2024-11-11 17:34:00,Brasil,AMAPÁ,MACAPÁ,Amazônia
 1732431472 ,affcf88c-4426-3399-86c9-7529d59f61c1,    1.156830 ,  -50.063830 ,2024-11-11 17:34:00,Brasil,AMAPÁ,MACAPÁ,Amazônia
 1732431475 ,1179907c-8fd7-3ef3-a47e-a211c4ed0a5e,     .288110 ,  -50.892460 ,2024-11-11 17:34:00,Brasil,AMAPÁ,MACAPÁ,Amazônia
 1732431478 ,34c9afba-92e6-3369-a37c-7fd04d1ee8ae,     .324660 ,  -50.777430 ,2024-11-11 17:34:00,Brasil,AMAPÁ,MACAPÁ,Amazônia
 1732431484 ,d1d1cb54-7fce-3a1b-8217-86e5fc9e2e94,     .311800 ,  -51.286980 ,2024-11-11 17:34:00,Brasil,AMAPÁ,MACAPÁ,Amazônia
 1732431490 ,fc95913f-0179-3719-8602-62fed4270674,    -.278880 ,  -51.401650 ,2024-11-11 17:34:00,Brasil,AMAPÁ,MAZAGÃO,Amazônia
 1732431499 ,31e7deb2-f4dd-34c5-bdbc-e0b4b73a4ada,     .065710 ,  -51.152070 ,2024-11-11 17:34:00,Brasil,AMAPÁ,MACAPÁ,Amazônia
 1732431500 ,86f2c8fa-cb5f-3359-a168-193bb676075b,     .442660 ,  -50.960450 ,2024-11-11 17:34:00,Brasil,AMAPÁ,MACAPÁ,Amazônia
 1732431502 ,bb366a11-7c85-3878-897d-5db58f78e6ce,    -.093270 ,  -51.750290 ,2024-11-11 17:34:00,Brasil,AMAPÁ,MAZAGÃO,Amazônia
 1732431507 ,9260a650-20b1-381e-a605-5442f4a3f542,     .848970 ,  -50.207740 ,2024-11-11 17:34:00,Brasil,AMAPÁ,MACAPÁ,Amazônia
 1732431517 ,d79da309-15ee-39ee-99d7-e69351fb7fec,     .326200 ,  -50.766820 ,2024-11-11 17:34:00,Brasil,AMAPÁ,MACAPÁ,Amazônia
 1732431546 ,415800f0-c7ba-3cf8-a02d-0d74c9c564c6,    -.162090 ,  -51.449410 ,2024-11-11 17:34:00,Brasil,AMAPÁ,MAZAGÃO,Amazônia
 1732431558 ,68d700e4-429b-3dfd-971f-97df4953abf7,     .228990 ,  -50.866250 ,2024-11-11 17:34:00,Brasil,AMAPÁ,MACAPÁ,Amazônia
 1732431560 ,63aec400-7399-3cd6-a5f7-c87dce96af56,     .313480 ,  -51.275570 ,2024-11-11 17:34:00,Brasil,AMAPÁ,MACAPÁ,Amazônia
 1732431566 ,f0644778-8ce2-337a-99ff-a76e4e7616d3,    -.233280 ,  -51.444750 ,2024-11-11 17:34:00,Brasil,AMAPÁ,MAZAGÃO,Amazônia
 1732556379 ,1a6db7b0-5427-39c6-995a-106502de42ef,     .447730 ,  -50.937960 ,2024-11-12 18:15:00,Brasil,AMAPÁ,MACAPÁ,Amazônia
 1732556395 ,12816fc2-fd83-32d7-982d-1e749a753447,    -.450180 ,  -51.777140 ,2024-11-12 18:15:00,Brasil,AMAPÁ,MAZAGÃO,Amazônia
 1732556766 ,5e36ebfc-4e1c-3d47-8510-cf18303ca743,    -.157840 ,  -51.401420 ,2024-11-12 18:15:00,Brasil,AMAPÁ,MAZAGÃO,Amazônia
 1732697712 ,3f090575-4e90-3c2d-a959-b4f73f9eb955,    -.876990 ,  -51.996440 ,2024-11-13 17:15:00,Brasil,AMAPÁ,LARANJAL DO JARI,Amazônia
 1732697736 ,ccf6a9c4-0419-32bc-b600-451d6413cd37,     .328550 ,  -51.173450 ,2024-11-13 17:15:00,Brasil,AMAPÁ,PORTO GRANDE,Amazônia
 1732697759 ,84a51144-a555-36f5-8c33-3d421a531aa7,    1.284670 ,  -50.734010 ,2024-11-13 17:15:00,Brasil,AMAPÁ,TARTARUGALZINHO,Amazônia
 1732697774 ,973a9c72-7fbf-31c2-8c2f-87480f144a50,    -.212740 ,  -51.523960 ,2024-11-13 17:15:00,Brasil,AMAPÁ,MAZAGÃO,Amazônia
 1732697814 ,32b5f9a3-3b8a-3a51-b60c-415247590703,    -.213250 ,  -51.530620 ,2024-11-13 17:15:00,Brasil,AMAPÁ,MAZAGÃO,Amazônia
 1732697846 ,69b295ef-883e-33b0-8c7c-87488b2ea135,     .917940 ,  -50.140020 ,2024-11-13 17:15:00,Brasil,AMAPÁ,MACAPÁ,Amazônia
 1732697914 ,82ccabf1-2a4d-3b1b-b64f-ea002935a068,    -.197820 ,  -51.526260 ,2024-11-13 17:15:00,Brasil,AMAPÁ,MAZAGÃO,Amazônia
 1732697948 ,e1934abd-937d-317d-ad85-8cf12e8412a4,     .878280 ,  -50.761730 ,2024-11-13 17:15:00,Brasil,AMAPÁ,CUTIAS,Amazônia
 1732697992 ,5981183d-158c-37b6-908d-b39743356bdf,    -.872370 ,  -51.965210 ,2024-11-13 17:15:00,Brasil,AMAPÁ,VITÓRIA DO JARI,Amazônia
 1732698053 ,49259452-028e-3141-a6c4-0b480eb04618,     .921220 ,  -50.893260 ,2024-11-13 17:15:00,Brasil,AMAPÁ,CUTIAS,Amazônia
 1732698099 ,072838b9-0c75-3a08-a73d-79a94d6f7e87,     .855320 ,  -50.208930 ,2024-11-13 17:15:00,Brasil,AMAPÁ,MACAPÁ,Amazônia
 1732698104 ,382f4993-6e70-3140-ae37-e2fd415835e8,    -.880530 ,  -51.806970 ,2024-11-13 17:15:00,Brasil,AMAPÁ,VITÓRIA DO JARI,Amazônia
 1732698188 ,0571468a-8d7b-3729-895c-e06858b9b943,    -.194080 ,  -51.504920 ,2024-11-13 17:15:00,Brasil,AMAPÁ,MAZAGÃO,Amazônia
 1732698195 ,120036c6-1737-3776-a5d1-4e12a4e9a1fd,     .245480 ,  -50.794210 ,2024-11-13 17:15:00,Brasil,AMAPÁ,MACAPÁ,Amazônia
 1732698300 ,f4b49565-5b2e-3ef8-856f-1a54e35f6580,     .342970 ,  -50.795950 ,2024-11-13 17:15:00,Brasil,AMAPÁ,MACAPÁ,Amazônia
 1732698344 ,dac85eae-c8b6-3505-a4bf-15e87696863d,     .917530 ,  -50.917380 ,2024-11-13 17:15:00,Brasil,AMAPÁ,FERREIRA GOMES,Amazônia
 1732698419 ,cea3281b-34f3-3479-9751-ca2e298033e7,    1.288190 ,  -50.711390 ,2024-11-13 17:15:00,Brasil,AMAPÁ,TARTARUGALZINHO,Amazônia
 1732698555 ,f0ce8c48-9888-38ce-98d9-8cb424cc43e8,    -.208980 ,  -51.502750 ,2024-11-13 17:15:00,Brasil,AMAPÁ,MAZAGÃO,Amazônia
 1732698674 ,bb12518c-9929-3020-a2b2-d8ac953ba5b5,    -.495390 ,  -51.886790 ,2024-11-13 17:15:00,Brasil,AMAPÁ,MAZAGÃO,Amazônia
 1732698697 ,96ddc2ea-256f-35ee-a2de-fab332863bdd,     .338240 ,  -50.790290 ,2024-11-13 17:15:00,Brasil,AMAPÁ,MACAPÁ,Amazônia
 1732698755 ,890622df-1c21-35f7-a4fd-8a392a0f7cd1,     .324290 ,  -50.788240 ,2024-11-13 17:15:00,Brasil,AMAPÁ,MACAPÁ,Amazônia
 1732698775 ,418bf9b6-948e-3533-9d3a-95d48eb79307,    -.499890 ,  -51.917060 ,2024-11-13 17:15:00,Brasil,AMAPÁ,MAZAGÃO,Amazônia
 1732698799 ,dfe34864-f191-340d-84fa-ee96db8b2841,    -.208670 ,  -51.496010 ,2024-11-13 17:15:00,Brasil,AMAPÁ,MAZAGÃO,Amazônia
 1732698866 ,19877474-6181-369c-8f93-72b602f07ab8,     .327830 ,  -50.764400 ,2024-11-13 17:15:00,Brasil,AMAPÁ,MACAPÁ,Amazônia
 1732698869 ,3f566810-634e-377f-8e83-599ef583f311,    -.157680 ,  -51.567570 ,2024-11-13 17:15:00,Brasil,AMAPÁ,MAZAGÃO,Amazônia
 1732842945 ,907d9afd-3259-3bae-b44a-cc08f1f35108,    -.182710 ,  -51.508770 ,2024-11-14 17:56:00,Brasil,AMAPÁ,MAZAGÃO,Amazônia
 1732842949 ,dcd22eb1-7c00-3a5f-8b2d-feb8b19a999f,     .347450 ,  -50.790830 ,2024-11-14 17:56:00,Brasil,AMAPÁ,MACAPÁ,Amazônia
 1732842952 ,30dca4fd-34e4-35b5-a70b-66ef8285755b,     .162690 ,  -51.232940 ,2024-11-14 17:56:00,Brasil,AMAPÁ,SANTANA,Amazônia
 1732842959 ,da057a15-1577-3eb8-b777-6bcf0118b2b4,    -.111470 ,  -51.596530 ,2024-11-14 17:56:00,Brasil,AMAPÁ,MAZAGÃO,Amazônia
 1732842973 ,2050c8af-25cf-30d2-8986-e83f34c7b20e,    1.060720 ,  -51.091770 ,2024-11-14 17:56:00,Brasil,AMAPÁ,TARTARUGALZINHO,Amazônia
 1732842987 ,bda0fe09-9abd-35a9-98a9-10c3ec8ff548,     .608290 ,  -50.837410 ,2024-11-14 17:56:00,Brasil,AMAPÁ,ITAUBAL,Amazônia
 1732842996 ,2a08a1f9-f504-34b3-baf9-97346b44eb41,     .339420 ,  -50.778990 ,2024-11-14 17:56:00,Brasil,AMAPÁ,MACAPÁ,Amazônia
 1732843011 ,23be9497-1b20-392c-bd97-cf39c0f4e5a1,     .449300 ,  -50.928540 ,2024-11-14 17:56:00,Brasil,AMAPÁ,MACAPÁ,Amazônia
 1732843012 ,d7fb1820-6623-3a6f-a155-0e16f843aae5,    1.109370 ,  -51.063660 ,2024-11-14 17:56:00,Brasil,AMAPÁ,TARTARUGALZINHO,Amazônia
 1732843029 ,79c0492b-b9ce-391b-ba3c-8fb7770a0773,     .060200 ,  -51.063870 ,2024-11-14 17:56:00,Brasil,AMAPÁ,MACAPÁ,Amazônia
 1732843051 ,cf558d28-0d10-3407-af64-eab5ccadb364,    -.181350 ,  -51.499270 ,2024-11-14 17:56:00,Brasil,AMAPÁ,MAZAGÃO,Amazônia
 1732843052 ,bb0abe44-8f9b-3665-8701-f638034cdbae,     .452710 ,  -50.934650 ,2024-11-14 17:56:00,Brasil,AMAPÁ,MACAPÁ,Amazônia
 1732843056 ,e93d98db-744e-3a40-ada5-9c271a888a46,     .265170 ,  -50.794460 ,2024-11-14 17:56:00,Brasil,AMAPÁ,MACAPÁ,Amazônia
 1732843062 ,3e27acff-d9d0-312a-9a57-5237b76c427e,    1.076510 ,  -51.090210 ,2024-11-14 17:56:00,Brasil,AMAPÁ,TARTARUGALZINHO,Amazônia
 1732843072 ,a2b330e5-0383-30d0-bece-9f466553b652,    -.511930 ,  -51.808400 ,2024-11-14 17:56:00,Brasil,AMAPÁ,MAZAGÃO,Amazônia
 1732843078 ,b68d37f8-f349-3d22-925d-6fd66793bf17,     .148950 ,  -51.129970 ,2024-11-14 17:56:00,Brasil,AMAPÁ,MACAPÁ,Amazônia
 1732843081 ,17d8231b-1b6d-335a-b701-a592f566cccb,     .355490 ,  -50.802590 ,2024-11-14 17:56:00,Brasil,AMAPÁ,MACAPÁ,Amazônia
 1732843087 ,6392e11f-1ce4-3fa4-84ce-4b202eae6eaf,    -.123210 ,  -51.291900 ,2024-11-14 17:56:00,Brasil,AMAPÁ,MAZAGÃO,Amazônia
 1732843110 ,f4faff5a-ecf7-3883-bd0f-8637039da642,    -.362490 ,  -51.425520 ,2024-11-14 17:56:00,Brasil,AMAPÁ,MAZAGÃO,Amazônia
 1732843136 ,3489f416-14fd-3f6f-b0b0-51374ecef3b5,     .012520 ,  -51.128030 ,2024-11-14 17:56:00,Brasil,AMAPÁ,MACAPÁ,Amazônia
 1732843151 ,b2fa27c3-4a2e-3b82-ac6c-03b0230894f7,    -.118810 ,  -51.391250 ,2024-11-14 17:56:00,Brasil,AMAPÁ,MAZAGÃO,Amazônia
 1732843157 ,241ed92e-37da-3f56-b6b8-a55d72a2e6a3,    1.285050 ,  -50.685810 ,2024-11-14 17:56:00,Brasil,AMAPÁ,TARTARUGALZINHO,Amazônia
 1732843163 ,d707de2e-44ff-3311-8b7a-fb15bdd72586,    -.077700 ,  -51.367730 ,2024-11-14 17:56:00,Brasil,AMAPÁ,MAZAGÃO,Amazônia
 1732843165 ,c6239b66-18fa-33a2-80c9-9ce31e34eea1,    1.659650 ,  -50.946610 ,2024-11-14 17:56:00,Brasil,AMAPÁ,PRACUÚBA,Amazônia
 1732843166 ,994d64aa-58c5-3843-8ced-beba9c9aa64a,    -.171250 ,  -51.558860 ,2024-11-14 17:56:00,Brasil,AMAPÁ,MAZAGÃO,Amazônia
 1732843168 ,c65814d0-096c-339b-89c9-9acdefa25567,    -.204430 ,  -51.659780 ,2024-11-14 17:56:00,Brasil,AMAPÁ,MAZAGÃO,Amazônia
 1732843176 ,3a83a148-368c-3021-9131-18653332c922,    -.327800 ,  -51.494660 ,2024-11-14 17:56:00,Brasil,AMAPÁ,MAZAGÃO,Amazônia
 1732843178 ,4d14048d-2223-3721-b1ee-6e980b25454d,     .122090 ,  -51.200240 ,2024-11-14 17:56:00,Brasil,AMAPÁ,SANTANA,Amazônia
 1732843179 ,80863b5c-ea95-34eb-9846-62cb3598838a,     .078360 ,  -51.173710 ,2024-11-14 17:56:00,Brasil,AMAPÁ,MACAPÁ,Amazônia
 1732843192 ,089f3494-be81-3eed-98ba-83dfcba10238,    -.192000 ,  -51.521090 ,2024-11-14 17:56:00,Brasil,AMAPÁ,MAZAGÃO,Amazônia
 1732843200 ,ce871e3c-afb8-3ac4-95e8-71e7a669864c,    -.336950 ,  -51.493320 ,2024-11-14 17:56:00,Brasil,AMAPÁ,MAZAGÃO,Amazônia
 1732843203 ,210c7689-38ba-35d4-96a7-695e533e7a75,     .398240 ,  -51.209210 ,2024-11-14 17:56:00,Brasil,AMAPÁ,PORTO GRANDE,Amazônia
 1732843217 ,490c026c-ae22-3b30-bfa7-03be80279b90,    -.190600 ,  -51.511610 ,2024-11-14 17:56:00,Brasil,AMAPÁ,MAZAGÃO,Amazônia
 1732843221 ,066fe21b-281f-3987-bda5-6b4fe5c48be7,    1.077970 ,  -51.079970 ,2024-11-14 17:56:00,Brasil,AMAPÁ,TARTARUGALZINHO,Amazônia
 1732843239 ,f66c31d5-ce8d-37d1-b6b2-e675148ee635,    -.277850 ,  -51.472910 ,2024-11-14 17:56:00,Brasil,AMAPÁ,MAZAGÃO,Amazônia
 1732843244 ,4db25590-e1d4-396e-9e9d-a909f4e58907,     .150370 ,  -51.120010 ,2024-11-14 17:56:00,Brasil,AMAPÁ,MACAPÁ,Amazônia
 1732843255 ,e38db778-0f16-3470-9b3e-c8bec980c78f,    -.162120 ,  -51.560190 ,2024-11-14 17:56:00,Brasil,AMAPÁ,MAZAGÃO,Amazônia
 1732843268 ,5d045805-784c-3c78-b4a5-94657bc0c4be,     .011080 ,  -51.137940 ,2024-11-14 17:56:00,Brasil,AMAPÁ,MACAPÁ,Amazônia
 1732843282 ,180596db-9de7-33e3-ac81-8bbd2eb3d7da,    -.185440 ,  -51.527770 ,2024-11-14 17:56:00,Brasil,AMAPÁ,MAZAGÃO,Amazônia
 1732843296 ,429762be-2c71-39de-9144-dac5e9a579a7,    -.096150 ,  -51.365070 ,2024-11-14 17:56:00,Brasil,AMAPÁ,MAZAGÃO,Amazônia
 1732843309 ,69c905a4-ea15-3a4e-8000-d4f4527c7d9e,    -.326420 ,  -51.485180 ,2024-11-14 17:56:00,Brasil,AMAPÁ,MAZAGÃO,Amazônia
 1732843326 ,5c9be2a3-01e2-399a-bdb4-2d395134446a,     .177730 ,  -51.194890 ,2024-11-14 17:56:00,Brasil,AMAPÁ,MACAPÁ,Amazônia
 1732843331 ,8257f822-210f-3b12-8bbc-b772d24acd4b,     .007430 ,  -51.227970 ,2024-11-14 17:56:00,Brasil,AMAPÁ,SANTANA,Amazônia
 1732843334 ,860ed843-111a-30da-87e5-b1bf13d0e2e5,     .164120 ,  -51.223100 ,2024-11-14 17:56:00,Brasil,AMAPÁ,SANTANA,Amazônia
 1732843337 ,0fd964cc-3b25-352b-8fc5-6cb19e2a186c,     .617850 ,  -50.838810 ,2024-11-14 17:56:00,Brasil,AMAPÁ,ITAUBAL,Amazônia
 1732843350 ,89bfca57-d72d-35b7-9223-3975e02470fc,     .255630 ,  -50.793060 ,2024-11-14 17:56:00,Brasil,AMAPÁ,MACAPÁ,Amazônia
 1732843354 ,a934ac3d-4265-38ee-aa12-687e9f18dafc,    -.030180 ,  -51.420650 ,2024-11-14 17:56:00,Brasil,AMAPÁ,SANTANA,Amazônia
 1732843359 ,07c3e19e-500c-31dd-adab-04ba12d0f1e8,     .120630 ,  -51.210100 ,2024-11-14 17:56:00,Brasil,AMAPÁ,SANTANA,Amazônia
 1732843362 ,e75d6fd4-6fa8-3585-bf05-04f8ce9de315,    -.494370 ,  -51.883200 ,2024-11-14 17:56:00,Brasil,AMAPÁ,MAZAGÃO,Amazônia
 1732843367 ,1cb50566-7d89-3687-9a2b-3b3d0e633cfe,     .609800 ,  -50.827010 ,2024-11-14 17:56:00,Brasil,AMAPÁ,ITAUBAL,Amazônia
 1732843371 ,cb98c9e1-feb6-3a83-9332-29276b95bb47,     .447790 ,  -50.938770 ,2024-11-14 17:56:00,Brasil,AMAPÁ,MACAPÁ,Amazônia
 1732843380 ,bb803e0a-b447-3181-a372-376e0f781389,     .340940 ,  -50.768570 ,2024-11-14 17:56:00,Brasil,AMAPÁ,MACAPÁ,Amazônia
 1732843381 ,c4d188db-94e2-3d75-b312-2fb2620d3b90,     .766770 ,  -51.384180 ,2024-11-14 17:56:00,Brasil,AMAPÁ,FERREIRA GOMES,Amazônia
 1733104175 ,3f97bb7c-cb82-3ca0-87c0-0f0a34719979,    -.164390 ,  -51.425370 ,2024-11-16 17:36:00,Brasil,AMAPÁ,MAZAGÃO,Amazônia
 1733104207 ,87ff72ee-e44a-357c-a62b-a45a9b1408ea,    -.000370 ,  -51.428070 ,2024-11-16 17:36:00,Brasil,AMAPÁ,SANTANA,Amazônia
 1733104209 ,db571d3f-0d68-3b96-ac46-f18a29fee1f6,    -.116830 ,  -51.597000 ,2024-11-16 17:36:00,Brasil,AMAPÁ,MAZAGÃO,Amazônia
 1733104218 ,2be680cf-6b2d-3a90-88d7-98565292a9f1,     .222270 ,  -51.167850 ,2024-11-16 17:36:00,Brasil,AMAPÁ,MACAPÁ,Amazônia
 1733104263 ,20871a14-6bb9-35f3-b3b5-4b706469bff5,    -.340940 ,  -51.867720 ,2024-11-16 17:36:00,Brasil,AMAPÁ,MAZAGÃO,Amazônia
 1733104266 ,cc310ce3-b554-30c6-a87d-7442b6ad3843,     .845440 ,  -50.130850 ,2024-11-16 17:36:00,Brasil,AMAPÁ,MACAPÁ,Amazônia
 1733104289 ,a46a2eb7-2f32-3475-ada0-cafb1c71251c,     .680720 ,  -50.494360 ,2024-11-16 17:36:00,Brasil,AMAPÁ,ITAUBAL,Amazônia
 1733104295 ,19062071-a195-3003-adf0-d782ab758e0f,     .312870 ,  -51.316840 ,2024-11-16 17:36:00,Brasil,AMAPÁ,MACAPÁ,Amazônia
 1733104304 ,2d27ee8b-efe6-3334-bb94-d40480f4f0a3,     .001230 ,  -51.417220 ,2024-11-16 17:36:00,Brasil,AMAPÁ,SANTANA,Amazônia
 1733104311 ,32fac1a1-1d76-3378-9d84-f4f043a03fe1,    -.907510 ,  -51.748920 ,2024-11-16 17:36:00,Brasil,AMAPÁ,VITÓRIA DO JARI,Amazônia
 1733104356 ,33a74ce5-efad-32aa-89a5-aa6388e6e281,     .506970 ,  -50.744740 ,2024-11-16 17:36:00,Brasil,AMAPÁ,ITAUBAL,Amazônia
 1733104395 ,4c0dccb1-5290-3f60-8a0c-a652264b4cff,    -.395360 ,  -51.606540 ,2024-11-16 17:36:00,Brasil,AMAPÁ,MAZAGÃO,Amazônia
 1733104404 ,415aea55-70cd-3f27-b67b-8b95ad6b23e3,     .074190 ,  -51.187560 ,2024-11-16 17:36:00,Brasil,AMAPÁ,MACAPÁ,Amazônia
 1733104449 ,252ddabb-616e-3b52-8ab1-3ff02ef45b18,     .167060 ,  -51.186340 ,2024-11-16 17:36:00,Brasil,AMAPÁ,MACAPÁ,Amazônia
 1733104450 ,b9eff59e-0c32-39e5-9598-b50bf58437dd,     .858690 ,  -50.294630 ,2024-11-16 17:36:00,Brasil,AMAPÁ,MACAPÁ,Amazônia
 1733104453 ,80720896-90d7-312e-b774-2393a5966b3c,     .188670 ,  -51.104150 ,2024-11-16 17:36:00,Brasil,AMAPÁ,MACAPÁ,Amazônia
 1733104457 ,c5604161-e61e-32ad-9575-2f9a0723b465,    -.397010 ,  -51.617830 ,2024-11-16 17:36:00,Brasil,AMAPÁ,MAZAGÃO,Amazônia
 1733104461 ,f573e21f-004e-30e2-a09c-e27f9cdb88ad,    -.848110 ,  -51.896160 ,2024-11-16 17:36:00,Brasil,AMAPÁ,MAZAGÃO,Amazônia
 1733104482 ,ccd2ac97-6da4-35a6-9987-d04e9fa8f3fd,    -.956890 ,  -51.735200 ,2024-11-16 17:36:00,Brasil,AMAPÁ,VITÓRIA DO JARI,Amazônia
 1733104485 ,e6f2a9da-a187-3182-a495-13b2a1974741,    -.318660 ,  -51.509880 ,2024-11-16 17:36:00,Brasil,AMAPÁ,MAZAGÃO,Amazônia
 1733104491 ,4e8f674a-7aab-332d-ab7e-01cdda5fd63e,    1.961510 ,  -50.827020 ,2024-11-16 17:36:00,Brasil,AMAPÁ,AMAPÁ,Amazônia
 1733104510 ,93285831-0245-3911-a058-3b1bed75ae46,     .191740 ,  -51.110110 ,2024-11-16 17:36:00,Brasil,AMAPÁ,MACAPÁ,Amazônia
 1733104511 ,6cc187ed-d762-322d-a4fe-47c5e694c545,    -.012000 ,  -51.305060 ,2024-11-16 17:36:00,Brasil,AMAPÁ,SANTANA,Amazônia
 1733104514 ,b4e50ea5-a189-3a5b-a03a-e74582f744b0,    1.451340 ,  -50.840710 ,2024-11-16 17:36:00,Brasil,AMAPÁ,TARTARUGALZINHO,Amazônia
 1733104517 ,5553c033-8ac4-359f-bc96-6a5d3bcf16e5,     .311320 ,  -51.327480 ,2024-11-16 17:36:00,Brasil,AMAPÁ,MACAPÁ,Amazônia
 1733104567 ,223e4b69-d53e-3e0d-9728-1b0ed7995f0b,     .679310 ,  -50.503950 ,2024-11-16 17:36:00,Brasil,AMAPÁ,ITAUBAL,Amazônia
 1733104583 ,6745b16a-47af-3f0c-8a33-e7594009b471,    -.351050 ,  -51.866260 ,2024-11-16 17:36:00,Brasil,AMAPÁ,MAZAGÃO,Amazônia
 1733104601 ,4280725b-53c5-3883-95b0-d5eaa9ec4ff2,     .421060 ,  -50.874450 ,2024-11-16 17:36:00,Brasil,AMAPÁ,MACAPÁ,Amazônia
 1733104629 ,25914319-3150-36c9-96b0-1010c7c72533,    1.454230 ,  -50.821230 ,2024-11-16 17:36:00,Brasil,AMAPÁ,TARTARUGALZINHO,Amazônia
 1733104641 ,22a21914-fc22-3733-975b-096d6480ce00,    -.036630 ,  -51.252160 ,2024-11-16 17:36:00,Brasil,AMAPÁ,SANTANA,Amazônia
 1733104644 ,920e7716-ed39-3594-941a-a5eb05deda6c,     .181180 ,  -51.156290 ,2024-11-16 17:36:00,Brasil,AMAPÁ,MACAPÁ,Amazônia
 1733104664 ,754127d6-0205-3d1e-acdb-6a32f71833b9,     .165550 ,  -51.196820 ,2024-11-16 17:36:00,Brasil,AMAPÁ,MACAPÁ,Amazônia
 1733104693 ,a9e04e95-be34-32bc-b9a3-3c7a4dfb0884,    -.936670 ,  -51.738150 ,2024-11-16 17:36:00,Brasil,AMAPÁ,VITÓRIA DO JARI,Amazônia
 1733104694 ,3cf058f2-123c-3ceb-a112-14d833565d23,    -.162800 ,  -51.414440 ,2024-11-16 17:36:00,Brasil,AMAPÁ,MAZAGÃO,Amazônia
 1733104708 ,347bea2f-6b2a-3674-9a50-9334c399b541,    -.914780 ,  -51.729350 ,2024-11-16 17:36:00,Brasil,AMAPÁ,VITÓRIA DO JARI,Amazônia
 1733104731 ,83abbe92-d2dd-3e1e-9be2-5a38799db82b,     .320180 ,  -51.199500 ,2024-11-16 17:36:00,Brasil,AMAPÁ,PORTO GRANDE,Amazônia
 1733104746 ,bbaa0b03-ebdc-307e-904f-5bb6aece731a,    -.342650 ,  -51.879390 ,2024-11-16 17:36:00,Brasil,AMAPÁ,MAZAGÃO,Amazônia
 1733104802 ,6d017e3d-b5a2-3284-8c2d-11c1f8ec4aa4,    1.452790 ,  -50.830960 ,2024-11-16 17:36:00,Brasil,AMAPÁ,TARTARUGALZINHO,Amazônia
 1733104823 ,7eacd903-7bd7-3c30-ab34-07bba3c75566,    2.222420 ,  -50.747440 ,2024-11-16 17:36:00,Brasil,AMAPÁ,CALÇOENE,Amazônia
 1733104850 ,3d21245d-ddfe-3739-a55b-41294a27d82a,    -.354490 ,  -51.889580 ,2024-11-16 17:36:00,Brasil,AMAPÁ,MAZAGÃO,Amazônia
 1733104871 ,da90d64c-8599-3af3-801b-8a6241341905,    -.138190 ,  -51.536880 ,2024-11-16 17:36:00,Brasil,AMAPÁ,MAZAGÃO,Amazônia
 1733104912 ,e0951e07-206f-352c-b4d5-f3eb4fc0cfac,    -.347760 ,  -51.487710 ,2024-11-16 17:36:00,Brasil,AMAPÁ,MAZAGÃO,Amazônia
 1733104917 ,fbd66bdc-ebfe-3695-a447-8b5d0a80cd1e,    1.952300 ,  -50.825660 ,2024-11-16 17:36:00,Brasil,AMAPÁ,AMAPÁ,Amazônia
 1733104973 ,4a159bfd-dde7-30e2-b733-3ddfb527bb8c,    -.344370 ,  -51.891110 ,2024-11-16 17:36:00,Brasil,AMAPÁ,MAZAGÃO,Amazônia
 1733104981 ,aac8b3b3-0255-3db6-bb14-fbe9a5338d61,     .114140 ,  -51.146460 ,2024-11-16 17:36:00,Brasil,AMAPÁ,MACAPÁ,Amazônia
 1733105004 ,79be32ef-bd5f-3d47-851c-78261ec31ef6,    -.110090 ,  -51.759690 ,2024-11-16 17:36:00,Brasil,AMAPÁ,MAZAGÃO,Amazônia
 1733105049 ,fe82129d-a13a-39a0-97bc-79ffdb01c5ae,    -.794890 ,  -51.746930 ,2024-11-16 17:36:00,Brasil,AMAPÁ,MAZAGÃO,Amazônia
 1733105102 ,0689e3b1-c6de-3c4f-a6bf-6b433b579ba6,    -.352770 ,  -51.877930 ,2024-11-16 17:36:00,Brasil,AMAPÁ,MAZAGÃO,Amazônia
 1733105124 ,df09e1fe-de73-3536-acf1-6faa07899e20,    -.308800 ,  -51.511320 ,2024-11-16 17:36:00,Brasil,AMAPÁ,MAZAGÃO,Amazônia
 1733105131 ,26fa0051-3377-3945-a15c-5d0979f078db,     .268100 ,  -51.121340 ,2024-11-16 17:36:00,Brasil,AMAPÁ,MACAPÁ,Amazônia
 1733105140 ,ade6615b-fdb6-3d51-b642-eef37a32ece7,    -.984020 ,  -51.779320 ,2024-11-16 17:36:00,Brasil,AMAPÁ,VITÓRIA DO JARI,Amazônia
 1733105145 ,b6d2cec8-98b0-3beb-b403-079376313b5a,    -.708530 ,  -51.789940 ,2024-11-16 17:36:00,Brasil,AMAPÁ,MAZAGÃO,Amazônia
 1733105176 ,b8954fd3-f56a-34a2-a485-a04fc60bdd2e,    1.326640 ,  -50.820210 ,2024-11-16 17:36:00,Brasil,AMAPÁ,TARTARUGALZINHO,Amazônia
 1733105179 ,7a42a798-8257-3769-a3f7-7edd7f07d13b,     .614720 ,  -51.775450 ,2024-11-16 17:36:00,Brasil,AMAPÁ,PORTO GRANDE,Amazônia
 1733105226 ,9cd3bfcc-b647-383e-aeac-b6d0c69a0756,    -.155910 ,  -51.505280 ,2024-11-16 17:36:00,Brasil,AMAPÁ,MAZAGÃO,Amazônia
 1733105227 ,9eb670d8-33fe-3d02-ae33-201375dfa0fb,    -.893020 ,  -51.933230 ,2024-11-16 17:36:00,Brasil,AMAPÁ,VITÓRIA DO JARI,Amazônia
 1733105230 ,b1c87ece-0e41-3230-977d-cbeb765b1c7a,     .309770 ,  -51.338130 ,2024-11-16 17:36:00,Brasil,AMAPÁ,MACAPÁ,Amazônia
 1733105250 ,3daf3f92-652b-34de-bc18-9f115804ad1a,     .763730 ,  -50.245400 ,2024-11-16 17:36:00,Brasil,AMAPÁ,MACAPÁ,Amazônia
 1733105261 ,95f2efea-75bd-3c40-8de4-237e0387eb20,    -.203450 ,  -51.486970 ,2024-11-16 17:36:00,Brasil,AMAPÁ,MAZAGÃO,Amazônia
 1733105272 ,e302632a-cb28-3e57-b735-f4213f267afe,     .009600 ,  -51.496600 ,2024-11-16 17:36:00,Brasil,AMAPÁ,MAZAGÃO,Amazônia
 1733105286 ,33d0bd83-21a8-363a-966e-84cfcf6b7f59,    -.480960 ,  -51.704800 ,2024-11-16 17:36:00,Brasil,AMAPÁ,MAZAGÃO,Amazônia
 1733105318 ,90144a7f-a963-3847-9314-b08f6f3a2944,    -.946780 ,  -51.736680 ,2024-11-16 17:36:00,Brasil,AMAPÁ,VITÓRIA DO JARI,Amazônia
 1733105324 ,6ba93001-cf61-3664-91f7-497998c61da9,     .011200 ,  -51.485610 ,2024-11-16 17:36:00,Brasil,AMAPÁ,MAZAGÃO,Amazônia
 1733233333 ,0a465643-d2a4-3908-8da9-9cf050361c9f,    -.132260 ,  -51.328770 ,2024-11-17 18:17:00,Brasil,AMAPÁ,MAZAGÃO,Amazônia
 1733233367 ,8efa07cb-c238-3bdc-9bcb-29bef7735d6a,    -.334800 ,  -51.483540 ,2024-11-17 18:17:00,Brasil,AMAPÁ,MAZAGÃO,Amazônia
 1733233582 ,02c80ed4-aba9-3ef1-ac68-8fb3cdb24a93,    2.126670 ,  -50.863710 ,2024-11-17 18:17:00,Brasil,AMAPÁ,AMAPÁ,Amazônia
 1733233743 ,f410ce72-1092-3010-bf4d-66d54c2438be,    -.050420 ,  -51.340770 ,2024-11-17 18:17:00,Brasil,AMAPÁ,SANTANA,Amazônia
 1733342500 ,52b4227c-61e9-3dcd-89eb-fe46408af5e8,    -.122400 ,  -51.426100 ,2024-11-18 17:17:00,Brasil,AMAPÁ,MAZAGÃO,Amazônia
 1733342512 ,78d9724b-0851-31d0-831a-22f4d3182230,    -.112300 ,  -51.420530 ,2024-11-18 17:17:00,Brasil,AMAPÁ,MAZAGÃO,Amazônia
 1733342514 ,8a26175a-ad86-3f8c-a81a-e6bf7420aac6,    -.922850 ,  -52.082690 ,2024-11-18 17:17:00,Brasil,AMAPÁ,VITÓRIA DO JARI,Amazônia
 1733342581 ,fb2400d9-cb08-3292-a208-ec33e49e3eea,    -.290320 ,  -51.518180 ,2024-11-18 17:17:00,Brasil,AMAPÁ,MAZAGÃO,Amazônia
 1733342819 ,4ea9c282-ab81-3287-9279-8ad0d9edda12,     .252830 ,  -50.854050 ,2024-11-18 17:19:00,Brasil,AMAPÁ,MACAPÁ,Amazônia
 1733342832 ,ca711a42-bcfd-33bc-aae4-257bee052933,    -.083010 ,  -51.356390 ,2024-11-18 17:17:00,Brasil,AMAPÁ,MAZAGÃO,Amazônia
 1733342875 ,a6fba1c0-ba7b-334f-94ff-ef34ff34f15e,    -.097750 ,  -51.455150 ,2024-11-18 17:17:00,Brasil,AMAPÁ,MAZAGÃO,Amazônia
 1733342916 ,a300d298-e129-3c0d-9e42-526d9cacebed,     .098190 ,  -51.369970 ,2024-11-18 17:19:00,Brasil,AMAPÁ,SANTANA,Amazônia
 1733342935 ,226fbf6a-451b-37e3-baf6-8d7ce5706801,     .775970 ,  -50.856140 ,2024-11-18 17:19:00,Brasil,AMAPÁ,MACAPÁ,Amazônia
 1733343015 ,35380cb0-261b-355d-8ec9-0356de5ef737,    -.294110 ,  -51.543640 ,2024-11-18 17:17:00,Brasil,AMAPÁ,MAZAGÃO,Amazônia
 1733343197 ,52507386-c584-3882-a6bb-ffe4109a5508,    -.683870 ,  -51.702940 ,2024-11-18 17:17:00,Brasil,AMAPÁ,MAZAGÃO,Amazônia
 1733343248 ,5bc11a40-bf9d-3fc2-b379-2b3d9e57c61b,     .730290 ,  -50.735360 ,2024-11-18 17:19:00,Brasil,AMAPÁ,MACAPÁ,Amazônia
 1733343282 ,369010a4-1a7b-329c-a271-45e14869a4c1,     .780740 ,  -50.851760 ,2024-11-18 17:19:00,Brasil,AMAPÁ,MACAPÁ,Amazônia
 1733412686 ,00dac863-eef0-3800-8d46-6a240cfe3c1a,    -.095060 ,  -51.403030 ,2024-11-19 17:58:00,Brasil,AMAPÁ,MAZAGÃO,Amazônia
 1733412695 ,f70a7785-0124-3efd-95c0-dbd8c7b67828,    -.092700 ,  -51.319810 ,2024-11-19 17:58:00,Brasil,AMAPÁ,MAZAGÃO,Amazônia
 1733412696 ,36be9116-eda2-3193-a9c6-280cd7eb3f0b,    2.582590 ,  -50.870760 ,2024-11-19 18:00:00,Brasil,AMAPÁ,CALÇOENE,Amazônia
 1733412697 ,37fa9305-6776-3a4c-a86c-ab7e5bdf7d51,     .786400 ,  -50.689540 ,2024-11-19 17:58:00,Brasil,AMAPÁ,MACAPÁ,Amazônia
 1733412754 ,50f5ab90-5ab5-38cd-8d93-0ebae3a17f96,    -.127790 ,  -51.429280 ,2024-11-19 17:58:00,Brasil,AMAPÁ,MAZAGÃO,Amazônia
 1733412776 ,25da8a0d-7c36-3530-a4b3-942aae0e0f5e,    -.210730 ,  -51.755700 ,2024-11-19 17:58:00,Brasil,AMAPÁ,MAZAGÃO,Amazônia
 1733412782 ,e3cf4ea8-9ad8-3c5c-9040-aab5cf0a943f,    -.282900 ,  -51.558280 ,2024-11-19 17:58:00,Brasil,AMAPÁ,MAZAGÃO,Amazônia
 1733412807 ,040e1e5a-05ac-329d-9482-12cf020a4c9c,    -.590550 ,  -52.082210 ,2024-11-19 17:58:00,Brasil,AMAPÁ,LARANJAL DO JARI,Amazônia
 1733412829 ,dd7650e7-5706-372e-bdf8-a154c7e390e7,    -.333010 ,  -51.771770 ,2024-11-19 17:58:00,Brasil,AMAPÁ,MAZAGÃO,Amazônia
 1733412876 ,f37e8d6c-121e-3a96-affa-b6b3a8a28200,    -.278290 ,  -51.394950 ,2024-11-19 17:58:00,Brasil,AMAPÁ,MAZAGÃO,Amazônia
 1733412897 ,dac1bfd0-166a-3ffc-a9ff-1e876160b21d,    -.825310 ,  -51.786610 ,2024-11-19 17:58:00,Brasil,AMAPÁ,MAZAGÃO,Amazônia
 1733412900 ,fe6a0ce9-f44f-3b4d-b3d2-022adfe8d32c,    -.934110 ,  -51.718990 ,2024-11-19 17:58:00,Brasil,AMAPÁ,VITÓRIA DO JARI,Amazônia
 1733412903 ,19e9a87e-e400-3e0f-8d8b-1908d1b955fc,    2.236730 ,  -50.927940 ,2024-11-19 18:00:00,Brasil,AMAPÁ,CALÇOENE,Amazônia
 1733412913 ,052a5408-e910-3a8e-ad57-2b9bb009c1b4,   -1.121730 ,  -52.119780 ,2024-11-19 17:58:00,Brasil,AMAPÁ,VITÓRIA DO JARI,Amazônia
 1733412944 ,c094cc47-23fa-38ca-85ec-c2e449353ef2,    -.403150 ,  -51.614910 ,2024-11-19 17:58:00,Brasil,AMAPÁ,MAZAGÃO,Amazônia
 1733412952 ,b967293f-b8f3-386a-a238-2de930fa7aac,    -.192000 ,  -51.627920 ,2024-11-19 17:58:00,Brasil,AMAPÁ,MAZAGÃO,Amazônia
 1733412959 ,81095608-9f98-342f-85c8-1341fb002610,     .988420 ,  -51.124650 ,2024-11-19 17:58:00,Brasil,AMAPÁ,FERREIRA GOMES,Amazônia
 1733412971 ,4c38ec8a-1ff6-349d-94ec-722237bfe458,    -.784300 ,  -51.763180 ,2024-11-19 17:58:00,Brasil,AMAPÁ,MAZAGÃO,Amazônia
 1733412972 ,0fcfbcd6-eeb7-3699-8f32-cff3e3407549,    -.664710 ,  -52.016730 ,2024-11-19 17:58:00,Brasil,AMAPÁ,MAZAGÃO,Amazônia
 1733412990 ,4c83856c-a300-3c07-8ddc-41fb16ece172,     .001480 ,  -51.233570 ,2024-11-19 17:58:00,Brasil,AMAPÁ,SANTANA,Amazônia
 1733412994 ,8a5a211e-fc6c-30a6-b049-9406e8367ef4,    2.584300 ,  -50.858910 ,2024-11-19 18:00:00,Brasil,AMAPÁ,CALÇOENE,Amazônia
 1733412999 ,02dc3bee-ab5b-3e5b-9375-dba182cb01be,    3.901060 ,  -51.749690 ,2024-11-19 18:00:00,Brasil,AMAPÁ,OIAPOQUE,Amazônia
 1733413004 ,e458bf77-3bbf-362c-b990-35b762e6b734,    -.284160 ,  -51.435390 ,2024-11-19 17:58:00,Brasil,AMAPÁ,MAZAGÃO,Amazônia
 1733413021 ,052d21a5-3762-3de4-bb0c-8d0155db1d1c,    -.092990 ,  -51.455090 ,2024-11-19 17:58:00,Brasil,AMAPÁ,MAZAGÃO,Amazônia
 1733413068 ,e83f6b94-d678-3cc4-955e-5a3cd5725618,    -.362970 ,  -51.600610 ,2024-11-19 17:58:00,Brasil,AMAPÁ,MAZAGÃO,Amazônia
 1733413073 ,b3a04e06-c9f7-346d-a8d4-0a86934e3923,    -.190550 ,  -51.618030 ,2024-11-19 17:58:00,Brasil,AMAPÁ,MAZAGÃO,Amazônia
 1733413078 ,930f05d8-9c3e-3cac-91bc-a60397d60ee9,    1.095530 ,  -50.747440 ,2024-11-19 17:58:00,Brasil,AMAPÁ,TARTARUGALZINHO,Amazônia
 1733413079 ,b450007d-0289-39ad-9587-cf8afc92ccba,    -.364430 ,  -51.610520 ,2024-11-19 17:58:00,Brasil,AMAPÁ,MAZAGÃO,Amazônia
 1733413088 ,72a39a10-b055-311e-97c3-e014797264a0,   -1.079980 ,  -52.272980 ,2024-11-19 17:58:00,Brasil,AMAPÁ,VITÓRIA DO JARI,Amazônia
 1733413153 ,adc5254c-b172-369a-9e9e-35f1b53a63ee,    -.638200 ,  -51.722150 ,2024-11-19 17:58:00,Brasil,AMAPÁ,MAZAGÃO,Amazônia
 1733413158 ,828ec30b-753a-3e45-9b0c-befbcdde06f9,    -.781490 ,  -51.743900 ,2024-11-19 17:58:00,Brasil,AMAPÁ,MAZAGÃO,Amazônia
 1733413159 ,dfb1fb60-1afc-34d4-89dd-c059c87f2684,    -.910000 ,  -51.738990 ,2024-11-19 17:58:00,Brasil,AMAPÁ,VITÓRIA DO JARI,Amazônia
 1733413179 ,cef4949e-43ec-33f6-9191-83d83b5098c0,    -.480710 ,  -52.084940 ,2024-11-19 17:58:00,Brasil,AMAPÁ,LARANJAL DO JARI,Amazônia
 1733413196 ,5e91a69c-81b7-3d54-ac7a-c08199d234df,     .638060 ,  -50.584610 ,2024-11-19 17:58:00,Brasil,AMAPÁ,ITAUBAL,Amazônia
 1733413197 ,8c2f7e11-f495-3cd1-9df4-ee6c0d5dc11f,     .748920 ,  -52.073380 ,2024-11-19 17:58:00,Brasil,AMAPÁ,PEDRA BRANCA DO AMAPARI,Amazônia
 1733413210 ,7144587b-6d30-35aa-b820-4b7a75c523bb,    -.733950 ,  -51.741010 ,2024-11-19 17:58:00,Brasil,AMAPÁ,MAZAGÃO,Amazônia
 1733413247 ,3456ad84-5e93-30c0-8818-95e3d53965f4,    -.110380 ,  -51.442190 ,2024-11-19 17:58:00,Brasil,AMAPÁ,MAZAGÃO,Amazônia
 1733413258 ,1a2734fa-bbba-3d09-8234-0f425fc3f875,    -.223610 ,  -51.449850 ,2024-11-19 17:58:00,Brasil,AMAPÁ,MAZAGÃO,Amazônia
 1733413264 ,ffa11723-dcb9-331c-bbca-624195ccb452,    -.882950 ,  -51.811550 ,2024-11-19 17:58:00,Brasil,AMAPÁ,VITÓRIA DO JARI,Amazônia
 1733413269 ,94d6d5af-6ac6-3720-ae43-678ef882ec14,     .617800 ,  -51.772140 ,2024-11-19 17:58:00,Brasil,AMAPÁ,PORTO GRANDE,Amazônia
 1733413273 ,b4459a8c-4f7b-3434-9645-afb12e907e72,    -.908610 ,  -51.729350 ,2024-11-19 17:58:00,Brasil,AMAPÁ,VITÓRIA DO JARI,Amazônia
 1733413301 ,2a0c281e-b63a-36a7-b017-62b5f1fe420e,    -.831350 ,  -51.779970 ,2024-11-19 17:58:00,Brasil,AMAPÁ,MAZAGÃO,Amazônia
 1733413323 ,5deb4860-0e1c-3f74-a194-a19be934a41c,   -1.053300 ,  -52.342380 ,2024-11-19 17:58:00,Brasil,AMAPÁ,VITÓRIA DO JARI,Amazônia
 1733413325 ,c59cc81f-178a-3ec1-a820-c1ac05049e5b,     .155910 ,  -51.079880 ,2024-11-19 17:58:00,Brasil,AMAPÁ,MACAPÁ,Amazônia
 1733413335 ,23dec9a5-714e-3ad2-bee9-c7ee09497cbe,    -.152730 ,  -51.491120 ,2024-11-19 17:58:00,Brasil,AMAPÁ,MAZAGÃO,Amazônia
 1733413341 ,0777b6a7-03f5-3b8a-8a41-45c5bfae42de,    -.285800 ,  -51.578160 ,2024-11-19 17:58:00,Brasil,AMAPÁ,MAZAGÃO,Amazônia
 1733413366 ,be9cf6cc-c53b-3103-9f67-dfc69cc9316d,    -.853250 ,  -51.864620 ,2024-11-19 17:58:00,Brasil,AMAPÁ,MAZAGÃO,Amazônia
 1733413367 ,6d746a91-c96f-3d54-b52d-19a8ee0799c7,    -.339440 ,  -51.750910 ,2024-11-19 17:58:00,Brasil,AMAPÁ,MAZAGÃO,Amazônia
 1733413413 ,6d0eeb22-366b-30eb-8c2a-184497ba5e8e,    -.094180 ,  -51.330060 ,2024-11-19 17:58:00,Brasil,AMAPÁ,MAZAGÃO,Amazônia
 1733413420 ,706664ea-7586-3268-9497-109954484972,    -.832770 ,  -51.789560 ,2024-11-19 17:58:00,Brasil,AMAPÁ,MAZAGÃO,Amazônia
 1733413450 ,cd799c2a-28c5-3202-baad-302068f3f9c4,    -.743170 ,  -51.739660 ,2024-11-19 17:58:00,Brasil,AMAPÁ,MAZAGÃO,Amazônia
 1733413451 ,bc29be7e-1b3c-345d-b6ec-25cd2fc9f6aa,     .986850 ,  -51.135440 ,2024-11-19 17:58:00,Brasil,AMAPÁ,FERREIRA GOMES,Amazônia
 1733413452 ,9429b9e9-48a1-3f41-9478-c6f26b87094d,    -.284350 ,  -51.568210 ,2024-11-19 17:58:00,Brasil,AMAPÁ,MAZAGÃO,Amazônia
 1733413476 ,2616e32c-2493-3d6d-be67-a31dcb529872,    -.196180 ,  -51.525680 ,2024-11-19 17:58:00,Brasil,AMAPÁ,MAZAGÃO,Amazônia
 1733413490 ,86abf71a-1a0b-351d-9821-b2bdae24ca03,     .617140 ,  -51.711140 ,2024-11-19 17:58:00,Brasil,AMAPÁ,PORTO GRANDE,Amazônia
 1733413492 ,8755c97f-cd42-34dc-87e7-72e244f26376,    -.154210 ,  -51.501140 ,2024-11-19 17:58:00,Brasil,AMAPÁ,MAZAGÃO,Amazônia
 1733413497 ,d4fe4b2e-c93c-3bc4-bf36-476c14b42bcf,     .785360 ,  -51.489190 ,2024-11-19 17:58:00,Brasil,AMAPÁ,PORTO GRANDE,Amazônia
 1733413502 ,35227659-bb8c-3e8a-a27f-2245f6cab4bf,    -.404580 ,  -51.624770 ,2024-11-19 17:58:00,Brasil,AMAPÁ,MAZAGÃO,Amazônia
 1733413506 ,23ca593a-ec4f-3e19-abf0-23e8ef44d585,   -1.103640 ,  -51.931540 ,2024-11-19 17:58:00,Brasil,AMAPÁ,VITÓRIA DO JARI,Amazônia
 1733413512 ,5f10147e-e011-37c4-80ff-9509cd30cdb9,    -.209230 ,  -51.615320 ,2024-11-19 17:58:00,Brasil,AMAPÁ,MAZAGÃO,Amazônia
 1733413564 ,cb539670-5e1d-3677-9f99-1294a3792fdd,    -.589190 ,  -52.072820 ,2024-11-19 17:58:00,Brasil,AMAPÁ,LARANJAL DO JARI,Amazônia
 1733413566 ,9440ac8b-c998-3c84-903a-74a514ce4f7d,    -.900790 ,  -51.740350 ,2024-11-19 17:58:00,Brasil,AMAPÁ,VITÓRIA DO JARI,Amazônia
 1733413572 ,f467bc07-300a-344a-a7a5-b5600d675e56,    -.108920 ,  -51.432070 ,2024-11-19 17:58:00,Brasil,AMAPÁ,MAZAGÃO,Amazônia
 1733413590 ,8ce24293-6628-330e-854a-77900aca2576,    -.301610 ,  -51.555530 ,2024-11-19 17:58:00,Brasil,AMAPÁ,MAZAGÃO,Amazônia
 1733413594 ,364ba92f-a83a-3d4d-be36-eb97261ffc31,    -.292250 ,  -51.556900 ,2024-11-19 17:58:00,Brasil,AMAPÁ,MAZAGÃO,Amazônia
 1733413598 ,f2db3dab-9e51-31cb-8c03-1c8c0fd92403,   -1.156100 ,  -52.098710 ,2024-11-19 17:58:00,Brasil,AMAPÁ,VITÓRIA DO JARI,Amazônia
 1733413620 ,0556c3f9-08c9-31e0-a3b9-a068d826cb19,    -.117570 ,  -51.358010 ,2024-11-19 17:58:00,Brasil,AMAPÁ,MAZAGÃO,Amazônia
 1733413635 ,217b27e0-01c9-3b7d-a4f3-e43b6dfe1ee4,     .005270 ,  -51.475070 ,2024-11-19 17:58:00,Brasil,AMAPÁ,MAZAGÃO,Amazônia
 1733413643 ,09391f7e-4164-3292-85f9-884e0e18f062,    1.929310 ,  -50.923500 ,2024-11-19 18:00:00,Brasil,AMAPÁ,AMAPÁ,Amazônia
 1733413658 ,9940f8b2-8112-3dd7-bc66-55dd936eb41b,     .846770 ,  -50.134980 ,2024-11-19 17:58:00,Brasil,AMAPÁ,MACAPÁ,Amazônia
 1733413667 ,93a362cf-fe8c-36b0-b0ee-211ec7ef3579,    -.037190 ,  -51.338360 ,2024-11-19 17:58:00,Brasil,AMAPÁ,SANTANA,Amazônia
 1733413668 ,a7df4876-350c-3822-98be-5776c11d815a,   -1.048450 ,  -51.745510 ,2024-11-19 17:58:00,Brasil,AMAPÁ,VITÓRIA DO JARI,Amazônia
 1733413671 ,a4bacc51-165a-3db9-a8e1-dae7ec060e37,    -.093590 ,  -51.392870 ,2024-11-19 17:58:00,Brasil,AMAPÁ,MAZAGÃO,Amazônia
 1733413702 ,7875b6df-0879-3e83-bd60-ca43f0710e3f,    -.489820 ,  -52.083610 ,2024-11-19 17:58:00,Brasil,AMAPÁ,LARANJAL DO JARI,Amazônia
 1733413705 ,81f4d5bd-19a3-3050-9db6-f1fe9d6ceaf1,   -1.094440 ,  -51.738770 ,2024-11-19 17:58:00,Brasil,AMAPÁ,VITÓRIA DO JARI,Amazônia
 1733413709 ,b038be8a-e0fc-3475-91d1-3355e1e041fc,    -.782900 ,  -51.753540 ,2024-11-19 17:58:00,Brasil,AMAPÁ,MAZAGÃO,Amazônia
 1733413722 ,bde0a640-0777-3e22-9606-5f7cdb4ea555,    -.035670 ,  -51.328090 ,2024-11-19 17:58:00,Brasil,AMAPÁ,SANTANA,Amazônia
 1733413725 ,7c529d95-5b2a-3a3b-9330-2d143bccba51,    -.631130 ,  -51.718920 ,2024-11-19 17:58:00,Brasil,AMAPÁ,MAZAGÃO,Amazônia
 1733413735 ,dce92e57-bff1-3f37-b95c-14eacd70b9f8,     .006750 ,  -51.464960 ,2024-11-19 17:58:00,Brasil,AMAPÁ,MAZAGÃO,Amazônia
 1733413751 ,bc3045be-240f-31eb-941d-9c5947fab02a,    -.580090 ,  -52.074170 ,2024-11-19 17:58:00,Brasil,AMAPÁ,LARANJAL DO JARI,Amazônia
 1733413774 ,b950e0f2-2af2-3688-911d-9414b76ad247,    -.033010 ,  -51.244120 ,2024-11-19 17:58:00,Brasil,AMAPÁ,SANTANA,Amazônia
 1733413778 ,719c90bd-f2c3-3e30-949b-9d0a9a71a40b,    -.347410 ,  -51.429670 ,2024-11-19 17:58:00,Brasil,AMAPÁ,MAZAGÃO,Amazônia
 1733413780 ,3c8778fd-c466-34b3-bcad-829913dc4026,   -1.059050 ,  -51.753740 ,2024-11-19 17:58:00,Brasil,AMAPÁ,VITÓRIA DO JARI,Amazônia
 1733413783 ,ae84fe33-af7a-32d2-aa2e-c15208393690,    -.094460 ,  -51.465200 ,2024-11-19 17:58:00,Brasil,AMAPÁ,MAZAGÃO,Amazônia
 1733413786 ,159ca71b-ce9e-395c-9876-390357e802ff,    -.816110 ,  -51.787970 ,2024-11-19 17:58:00,Brasil,AMAPÁ,MAZAGÃO,Amazônia
 1733413789 ,50b4799c-b9c6-3bf2-bdfb-df30e91e4d98,    -.817500 ,  -51.797570 ,2024-11-19 17:58:00,Brasil,AMAPÁ,MAZAGÃO,Amazônia
 1733413796 ,183b7a97-2070-3963-9d7c-50f87b93f2df,    -.118360 ,  -51.430680 ,2024-11-19 17:58:00,Brasil,AMAPÁ,MAZAGÃO,Amazônia
 1733413801 ,6c6902cd-3f5c-3f0b-95a0-2fc670f30690,     .803230 ,  -50.644860 ,2024-11-19 17:58:00,Brasil,AMAPÁ,MACAPÁ,Amazônia
 1733413804 ,6439c3f4-6de0-326d-af45-41164b4ad295,    -.632530 ,  -51.728630 ,2024-11-19 17:58:00,Brasil,AMAPÁ,MAZAGÃO,Amazônia
 1733413825 ,5eafa535-c83d-3978-a817-9a4b4bb2a9f8,    -.402440 ,  -51.544270 ,2024-11-19 17:58:00,Brasil,AMAPÁ,MAZAGÃO,Amazônia
 1733413828 ,300a2c08-2860-33a9-8f98-e7e12e2a1e78,    -.147700 ,  -51.325930 ,2024-11-19 17:58:00,Brasil,AMAPÁ,MAZAGÃO,Amazônia
 1733413911 ,783b8e02-0d5f-32be-99f6-2e3e9f1a4373,   -1.095820 ,  -51.748370 ,2024-11-19 17:58:00,Brasil,AMAPÁ,VITÓRIA DO JARI,Amazônia
 1733413917 ,2e110738-0751-3b94-a751-1c917371e843,    -.188880 ,  -51.475570 ,2024-11-19 17:58:00,Brasil,AMAPÁ,MAZAGÃO,Amazônia
 1733413924 ,1ec7a3d4-0d11-3d8b-91c7-cce84a5dfde4,    -.581450 ,  -52.083580 ,2024-11-19 17:58:00,Brasil,AMAPÁ,LARANJAL DO JARI,Amazônia
 1733413925 ,c628ae90-9966-32d4-8d2a-a11a8fbc63c6,    -.478510 ,  -51.826950 ,2024-11-19 17:58:00,Brasil,AMAPÁ,MAZAGÃO,Amazônia
 1733413927 ,2fcdd35a-c42a-33d6-ba7c-1f92e4321cb1,     .825510 ,  -50.208240 ,2024-11-19 17:58:00,Brasil,AMAPÁ,MACAPÁ,Amazônia
 1733715249 ,51e417ec-ec13-385c-8a0b-6752ed704ae7,    -.400680 ,  -51.592800 ,2024-11-21 17:38:00,Brasil,AMAPÁ,MAZAGÃO,Amazônia
 1733715258 ,f71193dd-58a1-338b-91e5-50083a03efa1,    -.311950 ,  -51.546970 ,2024-11-21 17:38:00,Brasil,AMAPÁ,MAZAGÃO,Amazônia
 1733715271 ,f70e3118-1d5f-365d-b954-2daf66b175e1,    -.402230 ,  -51.603300 ,2024-11-21 17:38:00,Brasil,AMAPÁ,MAZAGÃO,Amazônia
 1733715314 ,619d7ea5-3972-3054-9d00-979a6dd3308f,    -.045730 ,  -51.254180 ,2024-11-21 17:38:00,Brasil,AMAPÁ,SANTANA,Amazônia
 1733715334 ,f6888997-ff91-3833-91c7-795319cb68ed,     .837320 ,  -51.393380 ,2024-11-21 17:38:00,Brasil,AMAPÁ,FERREIRA GOMES,Amazônia
 1733715349 ,45bb24fe-0890-35e9-96cf-a9596f03d1e2,    -.788000 ,  -51.785250 ,2024-11-21 17:38:00,Brasil,AMAPÁ,MAZAGÃO,Amazônia
 1733715359 ,20c6c56c-bfe4-33a5-b7a4-98a3d3ba26da,    -.636220 ,  -51.713420 ,2024-11-21 17:38:00,Brasil,AMAPÁ,MAZAGÃO,Amazônia
 1733715363 ,f5c0ae01-abbf-3822-9ec9-391b9ac5ad49,     .817900 ,  -50.207140 ,2024-11-21 17:38:00,Brasil,AMAPÁ,MACAPÁ,Amazônia
 1733715367 ,55c50965-54c0-3675-9f76-4c6fec1677da,    -.885510 ,  -52.025500 ,2024-11-21 17:38:00,Brasil,AMAPÁ,LARANJAL DO JARI,Amazônia
 1733715413 ,b72497da-e0d7-3f9e-933d-b76935b4b9da,    -.061560 ,  -51.231460 ,2024-11-21 17:38:00,Brasil,AMAPÁ,SANTANA,Amazônia
 1733715423 ,df76f6f9-593c-36ac-ad38-c08f890afa66,     .634340 ,  -50.577510 ,2024-11-21 17:38:00,Brasil,AMAPÁ,ITAUBAL,Amazônia
 1733715437 ,8beb0c3b-2b81-3cec-82ae-88895f6a8ab9,     .123470 ,  -51.099190 ,2024-11-21 17:38:00,Brasil,AMAPÁ,MACAPÁ,Amazônia
 1733715449 ,dad83d41-b470-36d1-bec3-f3e64d00ab02,    -.104570 ,  -51.327700 ,2024-11-21 17:38:00,Brasil,AMAPÁ,MAZAGÃO,Amazônia
 1733715480 ,1913af94-d34c-37fe-a630-186e94cd4254,    -.079760 ,  -51.487390 ,2024-11-21 17:38:00,Brasil,AMAPÁ,MAZAGÃO,Amazônia
 1733715485 ,6ca82f63-2f5e-3d38-b541-08dbe66174de,    -.064490 ,  -51.251440 ,2024-11-21 17:38:00,Brasil,AMAPÁ,SANTANA,Amazônia
 1733715500 ,1a1dde83-9121-35c3-8fba-cf69413342e5,     .846240 ,  -50.137930 ,2024-11-21 17:38:00,Brasil,AMAPÁ,MACAPÁ,Amazônia
 1733715505 ,25a355ec-f4a7-3675-afce-87b96a65ba07,    -.314650 ,  -51.403960 ,2024-11-21 17:38:00,Brasil,AMAPÁ,MAZAGÃO,Amazônia
 1733715510 ,9a626ef4-4d88-3fba-b0a0-404efa3f6ccc,   -1.101420 ,  -51.748770 ,2024-11-21 17:38:00,Brasil,AMAPÁ,VITÓRIA DO JARI,Amazônia
 1733715566 ,37cfb774-d203-324d-9517-6344880dc157,    1.866130 ,  -50.674840 ,2024-11-21 17:38:00,Brasil,AMAPÁ,AMAPÁ,Amazônia
 1733715570 ,8734131c-a226-3f89-afef-d5c86afa5b6f,    -.797780 ,  -51.783820 ,2024-11-21 17:38:00,Brasil,AMAPÁ,MAZAGÃO,Amazônia
 1733715573 ,d9387747-b1f3-3fe1-bc2f-f692e8780414,     .580910 ,  -50.817620 ,2024-11-21 17:38:00,Brasil,AMAPÁ,ITAUBAL,Amazônia
 1733715620 ,eeadfa95-89bf-3d64-b59a-15fe52bfab30,    -.126360 ,  -51.672050 ,2024-11-21 17:38:00,Brasil,AMAPÁ,MAZAGÃO,Amazônia
 1733715623 ,0feb58e2-7526-30b3-bc98-a9262eb82e16,    -.880900 ,  -51.854890 ,2024-11-21 17:38:00,Brasil,AMAPÁ,MAZAGÃO,Amazônia
 1733715627 ,f68ed6df-f960-3b7d-bfaf-2e583b27b361,     .811300 ,  -50.252170 ,2024-11-21 17:38:00,Brasil,AMAPÁ,MACAPÁ,Amazônia
 1733715631 ,2bc165bc-33f3-3a84-9458-cc9e99795bc2,    -.096650 ,  -51.339190 ,2024-11-21 17:38:00,Brasil,AMAPÁ,MAZAGÃO,Amazônia
 1733715632 ,1348c8e8-b51f-3fb7-bce7-b5de93d9d7b9,    2.190730 ,  -50.916130 ,2024-11-21 17:38:00,Brasil,AMAPÁ,CALÇOENE,Amazônia
 1733715641 ,27a69aa1-2ded-3c28-b285-290b035caa30,   -1.048450 ,  -51.739770 ,2024-11-21 17:38:00,Brasil,AMAPÁ,VITÓRIA DO JARI,Amazônia
 1733715661 ,840d4304-5b2c-3dbf-a393-b3117bf980d7,    -.902300 ,  -51.728700 ,2024-11-21 17:38:00,Brasil,AMAPÁ,VITÓRIA DO JARI,Amazônia
 1733715675 ,bcae5e7a-10c1-381d-aef4-36b3a9d19431,    1.010600 ,  -50.028350 ,2024-11-21 17:38:00,Brasil,AMAPÁ,MACAPÁ,Amazônia
 1733715680 ,d4d36a6c-736e-3cd0-bb9e-40d439c12687,    -.052190 ,  -51.232830 ,2024-11-21 17:38:00,Brasil,AMAPÁ,SANTANA,Amazônia
 1733715695 ,ed0b854c-63c7-3161-b3ad-8359d45aac6d,    -.221230 ,  -51.760860 ,2024-11-21 17:38:00,Brasil,AMAPÁ,MAZAGÃO,Amazônia
 1733715702 ,5d310c1c-f5bd-35e5-a931-2cee583f56a2,    3.523090 ,  -51.463320 ,2024-11-21 17:41:00,Brasil,AMAPÁ,OIAPOQUE,Amazônia
 1733715729 ,50e875d9-addc-3456-a6dc-356065cbcc2f,     .695750 ,  -51.493370 ,2024-11-21 17:38:00,Brasil,AMAPÁ,PORTO GRANDE,Amazônia
 1733715731 ,b99e4d0f-2aaf-3bae-9916-dd44a3a1a1b0,    -.456700 ,  -51.610190 ,2024-11-21 17:38:00,Brasil,AMAPÁ,MAZAGÃO,Amazônia
 1733715750 ,d4732f8d-7187-3ba9-bbbe-cf80c5432772,    1.867470 ,  -50.665710 ,2024-11-21 17:38:00,Brasil,AMAPÁ,AMAPÁ,Amazônia
 1733715805 ,1592bf8c-faa1-37e8-bda7-8381b7333804,    -.684770 ,  -51.706340 ,2024-11-21 17:38:00,Brasil,AMAPÁ,MAZAGÃO,Amazônia
 1733715814 ,4ccaa54c-a773-3f0c-aa1e-8a422da54b20,    -.796170 ,  -51.772930 ,2024-11-21 17:38:00,Brasil,AMAPÁ,MAZAGÃO,Amazônia
 1733715842 ,55063004-4890-30be-8eb7-e24589bfa1b7,    -.053650 ,  -51.242840 ,2024-11-21 17:38:00,Brasil,AMAPÁ,SANTANA,Amazônia
 1733715843 ,0fc618ff-6be2-3ca3-a8e1-2087389a41d3,    -.279540 ,  -51.393550 ,2024-11-21 17:38:00,Brasil,AMAPÁ,MAZAGÃO,Amazônia
 1733715859 ,927b2180-0e4d-3ac1-95bf-845409078683,    -.879290 ,  -51.843850 ,2024-11-21 17:38:00,Brasil,AMAPÁ,MAZAGÃO,Amazônia
 1733715876 ,13a50ea4-9ed0-30c1-afdc-9f24663be9e9,    -.926150 ,  -51.741830 ,2024-11-21 17:38:00,Brasil,AMAPÁ,VITÓRIA DO JARI,Amazônia
 1733715883 ,4c3dc782-795d-34c3-975d-ea3a923f2aee,    -.263650 ,  -51.618200 ,2024-11-21 17:38:00,Brasil,AMAPÁ,MAZAGÃO,Amazônia
 1733715885 ,73bfc601-b7bb-3234-821c-08eac3cad96a,     .579530 ,  -50.827070 ,2024-11-21 17:38:00,Brasil,AMAPÁ,ITAUBAL,Amazônia
 1733715887 ,5dcae30d-5f89-39b9-9b51-7a4599f523af,    -.103070 ,  -51.317610 ,2024-11-21 17:38:00,Brasil,AMAPÁ,MAZAGÃO,Amazônia
 1733715897 ,09ee59ab-ba1f-36dd-9536-9dd709d16591,     .072310 ,  -51.146300 ,2024-11-21 17:38:00,Brasil,AMAPÁ,MACAPÁ,Amazônia
 1733715932 ,e1fbfe94-3e14-3634-b17e-798b2dbfc8c9,    2.055970 ,  -50.827570 ,2024-11-21 17:38:00,Brasil,AMAPÁ,AMAPÁ,Amazônia
 1733715984 ,ee48ca81-39a6-332b-9654-f59d8c292279,    -.009760 ,  -51.379180 ,2024-11-21 17:38:00,Brasil,AMAPÁ,SANTANA,Amazônia
 1733716043 ,3ab9b7ba-dcaf-33f0-b363-53f9790dc2b9,     .438530 ,  -50.781580 ,2024-11-21 17:38:00,Brasil,AMAPÁ,MACAPÁ,Amazônia
 1733716044 ,27dbcabf-8d15-342d-9528-1102057beddf,    -.176200 ,  -51.322020 ,2024-11-21 17:38:00,Brasil,AMAPÁ,MAZAGÃO,Amazônia
 1733716047 ,585a3d75-0518-3f93-820d-ee2d4485011c,    -.273250 ,  -51.616780 ,2024-11-21 17:38:00,Brasil,AMAPÁ,MAZAGÃO,Amazônia
 1733716064 ,f73ef66b-8921-32a9-81b9-7c20981a5408,     .096630 ,  -51.216060 ,2024-11-21 17:38:00,Brasil,AMAPÁ,SANTANA,Amazônia
 1733716088 ,9a03d577-3d5d-3fe5-97dc-cc61c4cb69d3,     .015120 ,  -51.539530 ,2024-11-21 17:38:00,Brasil,AMAPÁ,MAZAGÃO,Amazônia
 1733716100 ,7b3d85dc-5ca7-32ef-b0b7-f4792bc66005,    -.786410 ,  -51.774360 ,2024-11-21 17:38:00,Brasil,AMAPÁ,MAZAGÃO,Amazônia
 1733716117 ,4abebbe2-3add-38ff-b74b-12fd6c231748,    -.903710 ,  -52.080800 ,2024-11-21 17:38:00,Brasil,AMAPÁ,LARANJAL DO JARI,Amazônia
 1733716153 ,bbe25deb-396e-3931-a6f7-55fc2e59b089,     .350980 ,  -51.194810 ,2024-11-21 17:38:00,Brasil,AMAPÁ,PORTO GRANDE,Amazônia
 1733716167 ,7104a0c6-f229-37f2-8ed0-04f2ea6b0c7b,    1.771340 ,  -50.435710 ,2024-11-21 17:38:00,Brasil,AMAPÁ,AMAPÁ,Amazônia
 1733716185 ,a2815f44-9fcf-3aa1-98e4-79736f3f037e,    -.022220 ,  -51.398130 ,2024-11-21 17:38:00,Brasil,AMAPÁ,SANTANA,Amazônia
 1733716200 ,6548ef90-3433-3dd3-bab2-eac46fef0397,    -.776640 ,  -51.775780 ,2024-11-21 17:38:00,Brasil,AMAPÁ,MAZAGÃO,Amazônia
 1733716207 ,529340e6-ae93-3eda-902e-705c24b3fb57,    2.577960 ,  -50.856750 ,2024-11-21 17:38:00,Brasil,AMAPÁ,CALÇOENE,Amazônia
 1733716214 ,67863db5-742b-3469-aef3-bfcedfe71463,    2.189360 ,  -50.925380 ,2024-11-21 17:38:00,Brasil,AMAPÁ,CALÇOENE,Amazônia
 1733716246 ,9df3d963-3913-30b3-b0c6-0f2ce057e77b,    -.903510 ,  -51.722900 ,2024-11-21 17:38:00,Brasil,AMAPÁ,VITÓRIA DO JARI,Amazônia
 1733716253 ,2e47e829-c8a5-37aa-9f77-f5a94841a100,     .000220 ,  -51.247170 ,2024-11-21 17:38:00,Brasil,AMAPÁ,SANTANA,Amazônia
 1733716272 ,7f20cb0b-9548-3cd1-959d-f350d74627fe,    -.186680 ,  -51.393070 ,2024-11-21 17:38:00,Brasil,AMAPÁ,MAZAGÃO,Amazônia
 1733716308 ,5e39e704-649a-3126-ab3c-183098e8c9b0,    -.773460 ,  -51.754040 ,2024-11-21 17:38:00,Brasil,AMAPÁ,MAZAGÃO,Amazônia
 1733716325 ,19420f3c-7dff-3b3d-97f6-48bf3c21de94,    -.275210 ,  -51.563010 ,2024-11-21 17:38:00,Brasil,AMAPÁ,MAZAGÃO,Amazônia
 1733716330 ,4e02dfe0-fe52-3904-bdd2-4eed3e2f1046,    -.869460 ,  -51.845280 ,2024-11-21 17:38:00,Brasil,AMAPÁ,MAZAGÃO,Amazônia
 1733716371 ,fa7b258b-453b-32e8-92a5-43123013e075,    -.875900 ,  -51.889540 ,2024-11-21 17:38:00,Brasil,AMAPÁ,MAZAGÃO,Amazônia
 1733716381 ,46b5c798-2209-34cd-a7f4-87936d102284,    -.044280 ,  -51.244200 ,2024-11-21 17:38:00,Brasil,AMAPÁ,SANTANA,Amazônia
 1733716391 ,720874e9-0fb7-3d2d-b2ed-b68bc238c279,    -.228590 ,  -51.442890 ,2024-11-21 17:38:00,Brasil,AMAPÁ,MAZAGÃO,Amazônia
 1733716420 ,288c7c0b-83d6-372a-bd83-d57eb200518d,    2.057320 ,  -50.818370 ,2024-11-21 17:38:00,Brasil,AMAPÁ,AMAPÁ,Amazônia
 1733716425 ,26433562-055d-34d4-82bb-812dfa60470a,     .929630 ,  -50.893200 ,2024-11-21 17:38:00,Brasil,AMAPÁ,CUTIAS,Amazônia
 1733716437 ,deebd010-c873-3287-a4d7-b03f57b4cf63,    -.877510 ,  -51.900640 ,2024-11-21 17:38:00,Brasil,AMAPÁ,MAZAGÃO,Amazônia
 1733716447 ,4dd48b80-e788-36ef-b8f5-8c7ea134fe84,    -.055110 ,  -51.252820 ,2024-11-21 17:38:00,Brasil,AMAPÁ,SANTANA,Amazônia
 1733716454 ,46d4ef07-2f29-36a6-9404-550b675dd340,    -.108760 ,  -51.321610 ,2024-11-21 17:38:00,Brasil,AMAPÁ,MAZAGÃO,Amazônia
 1733716466 ,dc9fbf29-12a0-3bc9-93c3-0f46f6b28bcb,     .847550 ,  -50.128970 ,2024-11-21 17:38:00,Brasil,AMAPÁ,MACAPÁ,Amazônia
 1733716476 ,eb768221-6bf8-3c32-b07a-a592383705b1,    -.431390 ,  -51.570840 ,2024-11-21 17:38:00,Brasil,AMAPÁ,MAZAGÃO,Amazônia
 1733716492 ,c58d22dd-67c2-3d1f-a839-46875e250d26,    -.809170 ,  -51.793310 ,2024-11-21 17:38:00,Brasil,AMAPÁ,MAZAGÃO,Amazônia
 1733716521 ,b2dff464-7073-3f01-bd3e-b9ad9da94a26,    -.887140 ,  -52.036790 ,2024-11-21 17:38:00,Brasil,AMAPÁ,LARANJAL DO JARI,Amazônia
 1733716537 ,36495eaa-52ba-3320-ac10-0bd79af7f20a,   -1.050050 ,  -51.750730 ,2024-11-21 17:38:00,Brasil,AMAPÁ,VITÓRIA DO JARI,Amazônia
 1733716551 ,282d5612-2493-39ab-813c-91f2897881b1,   -1.107790 ,  -52.288640 ,2024-11-21 17:38:00,Brasil,AMAPÁ,VITÓRIA DO JARI,Amazônia
 1733716565 ,c4d8eee7-98bc-3fb3-af13-241690ab82f1,    -.781620 ,  -51.741760 ,2024-11-21 17:38:00,Brasil,AMAPÁ,MAZAGÃO,Amazônia
 1733716569 ,926bc339-627a-3e08-baf6-932efaf44ff1,   -1.082360 ,  -52.328680 ,2024-11-21 17:38:00,Brasil,AMAPÁ,VITÓRIA DO JARI,Amazônia
 1733716572 ,efe79458-dc09-343d-bb6c-69334825064f,    -.775050 ,  -51.764900 ,2024-11-21 17:38:00,Brasil,AMAPÁ,MAZAGÃO,Amazônia
 1733716575 ,ab9407a0-1a62-3b53-9425-48bf47c8574d,    -.188190 ,  -51.403260 ,2024-11-21 17:38:00,Brasil,AMAPÁ,MAZAGÃO,Amazônia
 1733716583 ,326ffb97-92f2-378d-bf6d-c025bc75e342,    1.932620 ,  -50.916980 ,2024-11-21 17:38:00,Brasil,AMAPÁ,AMAPÁ,Amazônia
 1733716596 ,6225a81c-2239-320a-9d24-c70b2dfbc182,     .920770 ,  -50.201110 ,2024-11-21 17:38:00,Brasil,AMAPÁ,MACAPÁ,Amazônia
 1733716599 ,005a43c3-67dd-3536-9dde-e4c619889c23,     .582280 ,  -50.808200 ,2024-11-21 17:38:00,Brasil,AMAPÁ,ITAUBAL,Amazônia
 1733716604 ,a7cd66b8-47f3-3ee8-b24a-93289b9e4ede,    -.063030 ,  -51.241460 ,2024-11-21 17:38:00,Brasil,AMAPÁ,SANTANA,Amazônia
 1733716618 ,978ab858-4496-33ac-886d-c908034c64e6,    1.142490 ,  -52.450570 ,2024-11-21 17:38:00,Brasil,AMAPÁ,PEDRA BRANCA DO AMAPARI,Amazônia
 1733716622 ,9f427bc0-165f-37ab-a5e3-45768194c7d8,    -.001260 ,  -51.257160 ,2024-11-21 17:38:00,Brasil,AMAPÁ,SANTANA,Amazônia
 1733716631 ,6915171b-3205-33ff-a135-f9455b1b1ff4,     .925920 ,  -51.909570 ,2024-11-21 17:38:00,Brasil,AMAPÁ,PEDRA BRANCA DO AMAPARI,Amazônia
 1733716643 ,76c9f219-c23b-3266-8305-5f0b3ddf325e,    -.637770 ,  -51.724200 ,2024-11-21 17:38:00,Brasil,AMAPÁ,MAZAGÃO,Amazônia
 1733716677 ,6a2c0db1-24a5-3403-9395-64b31d7ec3a4,    -.900680 ,  -51.717830 ,2024-11-21 17:38:00,Brasil,AMAPÁ,VITÓRIA DO JARI,Amazônia
 1733839182 ,f152ebcb-7e17-3349-9cb7-4384ff103dd0,    -.277210 ,  -51.589230 ,2024-11-22 18:19:00,Brasil,AMAPÁ,MAZAGÃO,Amazônia
 1733839204 ,db3dee58-aaf6-3d45-b255-2a0c7b4396dd,    -.273790 ,  -51.565540 ,2024-11-22 18:19:00,Brasil,AMAPÁ,MAZAGÃO,Amazônia
 1733839248 ,aef3eb40-67d0-34e2-80b9-ec9f0a950822,    -.319900 ,  -51.553740 ,2024-11-22 18:19:00,Brasil,AMAPÁ,MAZAGÃO,Amazônia
 1733839428 ,e5bb68c8-426e-36a6-966c-9ae9521a87ed,    -.152830 ,  -51.566650 ,2024-11-22 18:19:00,Brasil,AMAPÁ,MAZAGÃO,Amazônia
 1733839502 ,c2f316eb-839b-3859-ac23-bf47718e9ce7,    -.281770 ,  -51.583640 ,2024-11-22 18:19:00,Brasil,AMAPÁ,MAZAGÃO,Amazônia
 1733839554 ,8ead8edd-5743-3fc3-b53e-373586b682fe,    -.267890 ,  -51.585670 ,2024-11-22 18:19:00,Brasil,AMAPÁ,MAZAGÃO,Amazônia
 1733839587 ,469fdc63-50d3-3f6e-b938-959029046e89,    -.343660 ,  -51.567010 ,2024-11-22 18:19:00,Brasil,AMAPÁ,MAZAGÃO,Amazônia
 1733839619 ,d1f612b3-7370-335b-9029-4ff7c34e6453,    -.337290 ,  -51.575420 ,2024-11-22 18:19:00,Brasil,AMAPÁ,MAZAGÃO,Amazônia
 1733839620 ,425a4f1b-9ede-31b1-ae19-812116bdad82,    -.357540 ,  -51.564960 ,2024-11-22 18:19:00,Brasil,AMAPÁ,MAZAGÃO,Amazônia
 1733839645 ,b2cb5ba2-f7c2-3748-a0b9-1692fe43561f,    -.333800 ,  -51.551680 ,2024-11-22 18:19:00,Brasil,AMAPÁ,MAZAGÃO,Amazônia
 1733839764 ,89245609-56d4-3d32-a089-4b53fed543c0,    -.106550 ,  -51.349580 ,2024-11-22 18:19:00,Brasil,AMAPÁ,MAZAGÃO,Amazônia
 1733839777 ,693a9a2a-8485-3476-be1b-d3e77adc9aae,    -.361150 ,  -51.588550 ,2024-11-22 18:19:00,Brasil,AMAPÁ,MAZAGÃO,Amazônia
 1733971861 ,d313b735-b5e2-3668-b9f9-5ed11fc8b49b,    -.389410 ,  -51.545440 ,2024-11-23 17:19:00,Brasil,AMAPÁ,MAZAGÃO,Amazônia
 1733971947 ,a6357a54-b243-3c75-8aa1-61e8872be908,    2.043020 ,  -50.985220 ,2024-11-23 17:21:00,Brasil,AMAPÁ,AMAPÁ,Amazônia
 1733972040 ,6ce90a01-823d-316a-aa97-1bc55259b60f,    2.172700 ,  -50.719800 ,2024-11-23 17:21:00,Brasil,AMAPÁ,CALÇOENE,Amazônia
 1733972065 ,0f288af9-5ca2-3f0c-b413-bb75f00933c7,    1.237430 ,  -50.745790 ,2024-11-23 17:19:00,Brasil,AMAPÁ,TARTARUGALZINHO,Amazônia
 1733972132 ,c33e7d23-cd63-30df-af9f-c876478bee63,    2.042000 ,  -50.978160 ,2024-11-23 17:21:00,Brasil,AMAPÁ,AMAPÁ,Amazônia
 1733972137 ,b9ce5c93-582d-3518-bdeb-d6de66a69a7b,     .091320 ,  -51.209280 ,2024-11-23 17:19:00,Brasil,AMAPÁ,SANTANA,Amazônia
 1733972242 ,300efc96-f2c2-3b60-8321-a0548665340a,     .738930 ,  -50.659780 ,2024-11-23 17:19:00,Brasil,AMAPÁ,MACAPÁ,Amazônia
 1733972259 ,95fc22e6-e22f-379c-86ac-dc271c9d2327,    -.773160 ,  -51.760250 ,2024-11-23 17:19:00,Brasil,AMAPÁ,MAZAGÃO,Amazônia
 1733972297 ,ac83d93e-3ea8-3359-ad0f-7e3739bd913e,    -.392880 ,  -51.568840 ,2024-11-23 17:19:00,Brasil,AMAPÁ,MAZAGÃO,Amazônia
 1733972302 ,fa3d80c0-9613-3dbf-9486-4755403091c9,     .088070 ,  -51.230750 ,2024-11-23 17:19:00,Brasil,AMAPÁ,SANTANA,Amazônia
 1733972344 ,e2ad9b63-c99e-33b3-aa88-3a309523fa9d,    2.177930 ,  -50.706920 ,2024-11-23 17:21:00,Brasil,AMAPÁ,CALÇOENE,Amazônia
 1733972377 ,61993360-094e-31ce-a128-2ccd229abe96,    -.755420 ,  -51.737610 ,2024-11-23 17:19:00,Brasil,AMAPÁ,MAZAGÃO,Amazônia
 1733972394 ,1c99ee9a-e297-36b2-873c-de8f56df87b4,     .465560 ,  -50.988830 ,2024-11-23 17:19:00,Brasil,AMAPÁ,MACAPÁ,Amazônia
 1733972400 ,39e401da-971d-398f-b41f-2fe1c15b4c79,    -.246510 ,  -51.626400 ,2024-11-23 17:19:00,Brasil,AMAPÁ,MAZAGÃO,Amazônia
 1733972465 ,d429ca20-f680-37a5-a6d4-af1a2d656b95,    -.239110 ,  -51.484750 ,2024-11-23 17:19:00,Brasil,AMAPÁ,MAZAGÃO,Amazônia
 1733972468 ,b1617637-ae25-3295-b5d5-33be4a0dee05,     .478560 ,  -50.990720 ,2024-11-23 17:19:00,Brasil,AMAPÁ,MACAPÁ,Amazônia
 1733972486 ,6a524458-c9a3-3d2b-844e-88f4103ca123,     .468000 ,  -50.984140 ,2024-11-23 17:19:00,Brasil,AMAPÁ,MACAPÁ,Amazônia
 1733972514 ,db9ce5dc-4a2f-3c85-856b-d3e499e8aff2,     .480990 ,  -50.986100 ,2024-11-23 17:19:00,Brasil,AMAPÁ,MACAPÁ,Amazônia
 1733972530 ,bf4c11d2-8cd0-3e1a-9afd-398ceb412599,    2.175110 ,  -50.725000 ,2024-11-23 17:21:00,Brasil,AMAPÁ,CALÇOENE,Amazônia
 1733972532 ,d7f91bc7-537f-34f0-a91d-d5d70e769e44,     .954650 ,  -50.204580 ,2024-11-23 17:19:00,Brasil,AMAPÁ,MACAPÁ,Amazônia
 1733972538 ,b4b1e78b-07bc-3bcb-81a0-d22afcba6fc5,     .488460 ,  -51.012980 ,2024-11-23 17:19:00,Brasil,AMAPÁ,FERREIRA GOMES,Amazônia
 1733972559 ,2bdf8b92-36b0-3365-8e77-29fe65a5ccca,     .488100 ,  -51.028890 ,2024-11-23 17:19:00,Brasil,AMAPÁ,FERREIRA GOMES,Amazônia
 1733972568 ,1c362daf-25fb-361e-858f-94713ad8a852,     .485340 ,  -51.033480 ,2024-11-23 17:19:00,Brasil,AMAPÁ,FERREIRA GOMES,Amazônia
 1733972591 ,611d57c4-f073-3de7-9068-7e2654d7514f,    1.241070 ,  -50.732080 ,2024-11-23 17:19:00,Brasil,AMAPÁ,TARTARUGALZINHO,Amazônia
 1733972596 ,25331467-217f-31cc-9613-6d93f31c02bb,    1.238140 ,  -50.750930 ,2024-11-23 17:19:00,Brasil,AMAPÁ,TARTARUGALZINHO,Amazônia
 1733972620 ,8645cbb0-de38-34a4-a68d-143cf3413d2a,    -.342410 ,  -51.557220 ,2024-11-23 17:19:00,Brasil,AMAPÁ,MAZAGÃO,Amazônia
 1733972644 ,20d8a5db-8cd8-3a98-8141-010ef1d9b29b,    -.242740 ,  -51.453720 ,2024-11-23 17:19:00,Brasil,AMAPÁ,MAZAGÃO,Amazônia
 1733972652 ,8dc9f904-00f4-3aa9-b08b-a762feba06f3,    -.776790 ,  -51.785000 ,2024-11-23 17:19:00,Brasil,AMAPÁ,MAZAGÃO,Amazônia
 1733972668 ,4b31a967-f7a1-35fb-8b9a-a1618cb167de,    -.225990 ,  -51.775300 ,2024-11-23 17:19:00,Brasil,AMAPÁ,MAZAGÃO,Amazônia
 1733972672 ,5e712318-9381-399e-a61e-09ed4b81a115,     .962650 ,  -50.200460 ,2024-11-23 17:19:00,Brasil,AMAPÁ,MACAPÁ,Amazônia
 1733972810 ,52faaf88-99bf-3717-8014-c55525894069,     .783700 ,  -50.705310 ,2024-11-23 17:19:00,Brasil,AMAPÁ,MACAPÁ,Amazônia
 1733972847 ,1eb6d224-14a6-30d4-8c7b-195938d0b278,    1.096780 ,  -50.041360 ,2024-11-23 17:19:00,Brasil,AMAPÁ,MACAPÁ,Amazônia
 1733972916 ,ee1017d0-9ae5-39f6-a74c-11a070f89a6f,     .092980 ,  -51.226660 ,2024-11-23 17:19:00,Brasil,AMAPÁ,SANTANA,Amazônia
 1733972926 ,c7e66618-71e2-3e24-86c8-b18804e6311c,    2.658650 ,  -50.904300 ,2024-11-23 17:21:00,Brasil,AMAPÁ,CALÇOENE,Amazônia
 1733972968 ,90613215-76bb-34fa-9887-6f6fa7cd5363,    -.232370 ,  -51.478720 ,2024-11-23 17:19:00,Brasil,AMAPÁ,MAZAGÃO,Amazônia
 1734102351 ,9d7d7bc9-c984-370a-9fb1-3353fddfd8e4,    -.347850 ,  -51.540220 ,2024-11-24 18:00:00,Brasil,AMAPÁ,MAZAGÃO,Amazônia
 1734102361 ,17200fa7-142e-3f7d-905e-b576103478a0,    -.286330 ,  -51.620570 ,2024-11-24 18:00:00,Brasil,AMAPÁ,MAZAGÃO,Amazônia
 1734102362 ,cac1e68f-1edb-3ffd-baac-560141c2510c,    -.272440 ,  -51.525750 ,2024-11-24 18:00:00,Brasil,AMAPÁ,MAZAGÃO,Amazônia
 1734102374 ,9ef8f23c-5837-3319-b82e-288dc197cff1,    -.767300 ,  -51.750480 ,2024-11-24 18:00:00,Brasil,AMAPÁ,MAZAGÃO,Amazônia
 1734102377 ,73870fc9-7120-3bec-a576-de95d9f84d8b,    -.288640 ,  -51.501660 ,2024-11-24 18:00:00,Brasil,AMAPÁ,MAZAGÃO,Amazônia
 1734102404 ,aa127657-1c16-357a-b0e2-b095f3405bf7,    -.928700 ,  -51.724810 ,2024-11-24 18:00:00,Brasil,AMAPÁ,VITÓRIA DO JARI,Amazônia
 1734102410 ,1d2a218d-5f4d-3085-9496-91525bbc7e56,   -1.051770 ,  -51.742460 ,2024-11-24 18:00:00,Brasil,AMAPÁ,VITÓRIA DO JARI,Amazônia
 1734102411 ,2f30ecf1-a4f4-3da5-a117-a8650c7c4851,    -.349410 ,  -51.550770 ,2024-11-24 18:00:00,Brasil,AMAPÁ,MAZAGÃO,Amazônia
 1734102423 ,19abd9b5-3d63-35be-915b-1ccf7e24d29d,    1.967410 ,  -50.841590 ,2024-11-24 18:00:00,Brasil,AMAPÁ,AMAPÁ,Amazônia
 1734102435 ,88fef69a-b0d7-3278-b80d-995094d13465,    -.378270 ,  -51.546550 ,2024-11-24 18:00:00,Brasil,AMAPÁ,MAZAGÃO,Amazônia
 1734102441 ,8d8cba90-7267-37b3-8003-832a5955abf5,    -.757840 ,  -51.751870 ,2024-11-24 18:00:00,Brasil,AMAPÁ,MAZAGÃO,Amazônia
 1734102442 ,5ca7347a-facd-3041-984b-0aaa2a7ca9d1,    -.838210 ,  -51.806730 ,2024-11-24 18:00:00,Brasil,AMAPÁ,MAZAGÃO,Amazônia
 1734102452 ,39e67afe-18f8-30a3-9bc1-f9974d9cd1ff,    -.578000 ,  -51.717520 ,2024-11-24 18:00:00,Brasil,AMAPÁ,MAZAGÃO,Amazônia
 1734102463 ,51a0e89b-5fd2-3c42-a704-fea64be9d163,    -.893900 ,  -51.726110 ,2024-11-24 18:00:00,Brasil,AMAPÁ,VITÓRIA DO JARI,Amazônia
 1734102464 ,7301ca4a-b2ea-308f-a3b2-a7f1fcb6e1ec,    -.029640 ,  -51.195810 ,2024-11-24 18:00:00,Brasil,AMAPÁ,SANTANA,Amazônia
 1734102476 ,0993cc5b-8436-349b-9a51-45400f27f0d0,    1.969250 ,  -50.828970 ,2024-11-24 18:00:00,Brasil,AMAPÁ,AMAPÁ,Amazônia
 1734102477 ,5250968b-c180-3da4-bc0f-a9469a243d7e,    -.828790 ,  -51.808120 ,2024-11-24 18:00:00,Brasil,AMAPÁ,MAZAGÃO,Amazônia
 1734102479 ,c7c95e99-cd0f-3514-a230-3cd7f2dc42ef,    -.171750 ,  -51.326240 ,2024-11-24 18:00:00,Brasil,AMAPÁ,MAZAGÃO,Amazônia
 1734102482 ,c55cb186-661f-3ff5-ad69-381a17d02f24,    -.566990 ,  -51.708630 ,2024-11-24 18:00:00,Brasil,AMAPÁ,MAZAGÃO,Amazônia
 1734102484 ,15087b6b-c3f8-346f-a5ce-ad223bd9097b,    -.824270 ,  -51.777790 ,2024-11-24 18:00:00,Brasil,AMAPÁ,MAZAGÃO,Amazônia
 1734102508 ,7fe7b9c9-1fb9-35e4-9e51-a35bf7c2bc40,    -.208680 ,  -51.648260 ,2024-11-24 18:00:00,Brasil,AMAPÁ,MAZAGÃO,Amazônia
 1734102516 ,907e905a-383d-3f32-8b70-1fb655a2e212,    -.920760 ,  -51.736370 ,2024-11-24 18:00:00,Brasil,AMAPÁ,VITÓRIA DO JARI,Amazônia
 1734102517 ,7fbebebf-03d4-399f-8beb-fc41b02b2a5f,   -1.133080 ,  -52.104670 ,2024-11-24 18:00:00,Brasil,AMAPÁ,VITÓRIA DO JARI,Amazônia
 1734102536 ,7beff9f2-e0c8-332d-af64-3f071051ee4b,    -.150580 ,  -51.318120 ,2024-11-24 18:00:00,Brasil,AMAPÁ,MAZAGÃO,Amazônia
 1734102542 ,e30c05cd-b034-384a-96b5-485ff33aad8a,    -.362770 ,  -51.440330 ,2024-11-24 18:00:00,Brasil,AMAPÁ,MAZAGÃO,Amazônia
 1734102552 ,0d138cec-362e-3659-b8fe-f7da34ad05d2,    -.765810 ,  -51.740300 ,2024-11-24 18:00:00,Brasil,AMAPÁ,MAZAGÃO,Amazônia
 1734102561 ,85922640-4eeb-3024-abff-a4ace9eaaf26,    -.947610 ,  -51.722050 ,2024-11-24 18:00:00,Brasil,AMAPÁ,VITÓRIA DO JARI,Amazônia
 1734102583 ,01ebb3df-a2d1-3256-b9e8-0c2cefbd819a,    -.775270 ,  -51.738910 ,2024-11-24 18:00:00,Brasil,AMAPÁ,MAZAGÃO,Amazônia
 1734102631 ,853226a0-65bc-3841-a664-62a463757eff,    -.822770 ,  -51.767670 ,2024-11-24 18:00:00,Brasil,AMAPÁ,MAZAGÃO,Amazônia
 1734102667 ,3ae2bdae-e018-3bf4-8547-ebba1f66bc69,    -.347580 ,  -51.604730 ,2024-11-24 18:00:00,Brasil,AMAPÁ,MAZAGÃO,Amazônia
 1734102678 ,76508ba3-78ed-30cf-9de2-7568ebe0aeba,     .411040 ,  -50.848760 ,2024-11-24 18:00:00,Brasil,AMAPÁ,MACAPÁ,Amazônia
 1734102685 ,656dce9d-4229-34b6-a104-10c7534d9682,    -.125190 ,  -51.645790 ,2024-11-24 18:00:00,Brasil,AMAPÁ,MAZAGÃO,Amazônia
 1734102694 ,4335a580-1d87-3267-a19c-5bfac0a8ada1,    -.975360 ,  -51.780030 ,2024-11-24 18:00:00,Brasil,AMAPÁ,VITÓRIA DO JARI,Amazônia
 1734102740 ,3f2151b4-e597-39da-927c-63b182ccb50f,     .423010 ,  -50.838300 ,2024-11-24 18:00:00,Brasil,AMAPÁ,MACAPÁ,Amazônia
 1734102754 ,b2db0188-1c44-3648-a12b-ec5346997149,    -.207160 ,  -51.637810 ,2024-11-24 18:00:00,Brasil,AMAPÁ,MAZAGÃO,Amazônia
 1734102765 ,ffae86d9-6b6d-3936-82f4-16b3a2724804,    -.349140 ,  -51.615230 ,2024-11-24 18:00:00,Brasil,AMAPÁ,MAZAGÃO,Amazônia
 1734102777 ,0ffa9ab0-f733-35fc-8999-80d239b07ccf,    -.350970 ,  -51.561310 ,2024-11-24 18:00:00,Brasil,AMAPÁ,MAZAGÃO,Amazônia
 1734102787 ,ab2e2525-8b9a-333a-b45a-48f5ff5ec929,    -.938160 ,  -51.723430 ,2024-11-24 18:00:00,Brasil,AMAPÁ,VITÓRIA DO JARI,Amazônia
 1734102793 ,41975d92-fb23-3fe4-89de-77d53f01cff7,    -.404580 ,  -51.456080 ,2024-11-24 18:00:00,Brasil,AMAPÁ,MAZAGÃO,Amazônia
 1734102810 ,52fc97d8-4db3-3066-b403-0914c5c599f9,    -.957060 ,  -51.720650 ,2024-11-24 18:00:00,Brasil,AMAPÁ,VITÓRIA DO JARI,Amazônia
 1734102826 ,26613527-1715-3c28-9809-a0137725e283,    -.928640 ,  -52.097460 ,2024-11-24 18:00:00,Brasil,AMAPÁ,VITÓRIA DO JARI,Amazônia
 1734102843 ,f7ad0882-2bba-377d-a53c-7facc14ac91f,    -.369350 ,  -51.417530 ,2024-11-24 18:00:00,Brasil,AMAPÁ,MAZAGÃO,Amazônia
 1734102852 ,35df27f4-b003-3020-9433-b19778841702,    -.818980 ,  -51.774020 ,2024-11-24 18:00:00,Brasil,AMAPÁ,MAZAGÃO,Amazônia
 1734102876 ,33a06a68-ebe2-3f6e-abd1-f3fff941c8da,    -.884440 ,  -51.727500 ,2024-11-24 18:00:00,Brasil,AMAPÁ,VITÓRIA DO JARI,Amazônia
 1734102883 ,2d259f95-b9d9-3586-9f1e-57b0550b268b,    -.770280 ,  -51.770820 ,2024-11-24 18:00:00,Brasil,AMAPÁ,MAZAGÃO,Amazônia
 1734102891 ,086f3fdf-ddb2-31a6-bbf6-bea17cc2ad47,    -.326600 ,  -51.763040 ,2024-11-24 18:00:00,Brasil,AMAPÁ,MAZAGÃO,Amazônia
 1734102905 ,6f1786ae-ebde-3ed7-9d4d-2272051132c5,    -.387890 ,  -51.545150 ,2024-11-24 18:00:00,Brasil,AMAPÁ,MAZAGÃO,Amazônia
 1734102911 ,aa7a459c-adb7-3143-a8b8-565a5b3eebd2,     .421230 ,  -50.850250 ,2024-11-24 18:00:00,Brasil,AMAPÁ,MACAPÁ,Amazônia
 1734102914 ,7d7df557-87a5-3a38-92c2-606ae2ce8953,    -.630350 ,  -51.714690 ,2024-11-24 18:00:00,Brasil,AMAPÁ,MAZAGÃO,Amazônia
 1734102915 ,3e951adf-549d-34f0-baf9-0128d055ea7d,    -.389420 ,  -51.555710 ,2024-11-24 18:00:00,Brasil,AMAPÁ,MAZAGÃO,Amazônia
 1734102946 ,739dfde6-3eb1-3427-bbf6-22836a9348af,    -.781210 ,  -51.779580 ,2024-11-24 18:00:00,Brasil,AMAPÁ,MAZAGÃO,Amazônia
 1734102951 ,55c53405-c1dc-3a47-b98f-29b03c31d4e6,    -.576500 ,  -51.707250 ,2024-11-24 18:00:00,Brasil,AMAPÁ,MAZAGÃO,Amazônia
 1734102959 ,db998ae1-2174-3946-9056-0f964cb68012,    -.820440 ,  -51.784160 ,2024-11-24 18:00:00,Brasil,AMAPÁ,MAZAGÃO,Amazônia
 1734102963 ,ba63080c-9d04-33ba-8071-2e0e51dc2120,     .408360 ,  -50.725330 ,2024-11-24 18:00:00,Brasil,AMAPÁ,MACAPÁ,Amazônia
 1734102982 ,9b987982-2f33-3686-8da6-1e2e609e2f07,   -1.125230 ,  -52.115720 ,2024-11-24 18:00:00,Brasil,AMAPÁ,VITÓRIA DO JARI,Amazônia
 1734103006 ,27fdf535-82a5-35fa-abcf-7811c4e86652,    -.039360 ,  -51.329940 ,2024-11-24 18:00:00,Brasil,AMAPÁ,SANTANA,Amazônia
 1734103051 ,326c8c0a-c232-3359-bc2a-f360092886e5,    -.771770 ,  -51.780960 ,2024-11-24 18:00:00,Brasil,AMAPÁ,MAZAGÃO,Amazônia
 1734103077 ,b07dcaf7-19be-3e01-bad6-e12cbf20ddea,    -.379800 ,  -51.557110 ,2024-11-24 18:00:00,Brasil,AMAPÁ,MAZAGÃO,Amazônia
 1734103078 ,2d7a35f7-ad2e-36f6-b3ed-10febbf2436f,    -.287100 ,  -51.491040 ,2024-11-24 18:00:00,Brasil,AMAPÁ,MAZAGÃO,Amazônia
 1734103080 ,5abc5253-9413-3f9a-ac31-bfac9ad16d4e,    -.178070 ,  -51.369790 ,2024-11-24 18:00:00,Brasil,AMAPÁ,MAZAGÃO,Amazônia
 1734103091 ,69dfd9dc-8dcd-33a7-a892-b2394dc243a0,    1.979710 ,  -50.830460 ,2024-11-24 18:00:00,Brasil,AMAPÁ,AMAPÁ,Amazônia
 1734103108 ,1f08285c-a7bc-334d-87e4-9ecb7e1bfeb5,    -.567930 ,  -52.411720 ,2024-11-24 18:00:00,Brasil,AMAPÁ,LARANJAL DO JARI,Amazônia
 1734103109 ,f1215611-d2d6-39f4-b9bf-11b6692bae8e,    -.810060 ,  -52.421890 ,2024-11-24 18:00:00,Brasil,AMAPÁ,LARANJAL DO JARI,Amazônia
 1734103122 ,206f91d5-11fe-3b29-9637-f83a9d83b29f,    -.290180 ,  -51.512280 ,2024-11-24 18:00:00,Brasil,AMAPÁ,MAZAGÃO,Amazônia
 1734103128 ,cf00e8ab-189f-3484-964e-ecea12a5f9fe,     .419860 ,  -50.843510 ,2024-11-24 18:00:00,Brasil,AMAPÁ,MACAPÁ,Amazônia
 1734355114 ,2b51d7d2-e999-3e49-a306-3908f855b820,    1.471990 ,  -50.722990 ,2024-11-26 17:41:00,Brasil,AMAPÁ,TARTARUGALZINHO,Amazônia
 1734355121 ,daa2efd7-a0d8-3ad8-bd85-95755475fd0b,    3.009280 ,  -51.447650 ,2024-11-26 17:41:00,Brasil,AMAPÁ,OIAPOQUE,Amazônia
 1734355124 ,edfbd390-b909-36f5-95cc-aaf8e6efee36,    -.768180 ,  -51.770060 ,2024-11-26 17:41:00,Brasil,AMAPÁ,MAZAGÃO,Amazônia
 1734355126 ,deaa1214-01be-3569-b3f4-d4e8e42342c5,     .719840 ,  -50.692250 ,2024-11-26 17:41:00,Brasil,AMAPÁ,MACAPÁ,Amazônia
 1734355152 ,85656435-bd44-3615-9b9c-477215a71111,     .649590 ,  -50.851250 ,2024-11-26 17:41:00,Brasil,AMAPÁ,ITAUBAL,Amazônia
 1734355176 ,bbd10959-d9ed-37bc-b12f-fc509185afc1,     .783730 ,  -50.633900 ,2024-11-26 17:41:00,Brasil,AMAPÁ,MACAPÁ,Amazônia
 1734355225 ,3a7303b6-ef76-3641-ab6c-09a61bb8382f,    1.470690 ,  -50.731930 ,2024-11-26 17:41:00,Brasil,AMAPÁ,TARTARUGALZINHO,Amazônia
 1734355237 ,2d0b47a0-3dca-3856-9600-fed7ee0b04cb,     .495480 ,  -50.776500 ,2024-11-26 17:41:00,Brasil,AMAPÁ,MACAPÁ,Amazônia
 1734355281 ,53749fe4-4463-35d6-913b-4f32b1c44a55,     .734020 ,  -50.657560 ,2024-11-26 17:41:00,Brasil,AMAPÁ,MACAPÁ,Amazônia
 1734355301 ,ab50a8cd-0063-315c-b9f2-0326abae6546,     .677280 ,  -51.545540 ,2024-11-26 17:41:00,Brasil,AMAPÁ,PORTO GRANDE,Amazônia
 1734355314 ,ffe89561-895f-31e7-86d0-13cb601c1673,     .649840 ,  -50.786300 ,2024-11-26 17:41:00,Brasil,AMAPÁ,ITAUBAL,Amazônia
 1734355326 ,ac2b4522-1d2f-3791-99bd-5d013a8168db,    -.772740 ,  -51.762820 ,2024-11-26 17:41:00,Brasil,AMAPÁ,MAZAGÃO,Amazônia
 1734355327 ,d40fd9b6-8e3b-318f-a6e6-25773f0858ec,     .325460 ,  -50.739380 ,2024-11-26 17:41:00,Brasil,AMAPÁ,MACAPÁ,Amazônia
 1734355329 ,607cae47-befe-3c3d-86e5-65864e2c5eb8,     .646950 ,  -50.869480 ,2024-11-26 17:41:00,Brasil,AMAPÁ,ITAUBAL,Amazônia
 1734355332 ,199e0c08-3406-327d-82c6-921f02852978,    1.362110 ,  -50.590990 ,2024-11-26 17:41:00,Brasil,AMAPÁ,TARTARUGALZINHO,Amazônia
 1734355338 ,e7d1da9d-c3ef-3208-aec7-98bdf0d00e3e,    -.769690 ,  -51.780290 ,2024-11-26 17:41:00,Brasil,AMAPÁ,MAZAGÃO,Amazônia
 1734355376 ,051a9d3d-395e-3ed1-96a9-b7f1a5a778d0,     .732710 ,  -50.666560 ,2024-11-26 17:41:00,Brasil,AMAPÁ,MACAPÁ,Amazônia
 1734355396 ,4cb84770-fe85-3e62-80d0-930ebec0e65e,     .785050 ,  -50.624940 ,2024-11-26 17:41:00,Brasil,AMAPÁ,MACAPÁ,Amazônia
 1734355397 ,ddb01725-1b5e-35e6-a51b-b8d324117445,    -.774200 ,  -51.773050 ,2024-11-26 17:41:00,Brasil,AMAPÁ,MAZAGÃO,Amazônia
 1734355417 ,3eff3895-f600-3d48-8320-b6416a2cd80b,     .658800 ,  -50.787620 ,2024-11-26 17:41:00,Brasil,AMAPÁ,ITAUBAL,Amazônia
 1734355424 ,7fb0ce08-aee5-3a91-bd68-a858d0ea4852,    -.887220 ,  -51.719810 ,2024-11-26 17:41:00,Brasil,AMAPÁ,VITÓRIA DO JARI,Amazônia
 1734355450 ,1b0fd209-d82f-32e7-812f-82b74ace5e86,     .778450 ,  -50.669820 ,2024-11-26 17:41:00,Brasil,AMAPÁ,MACAPÁ,Amazônia
 1734355479 ,5d1568c6-d84a-3513-8d74-7a106732a741,    2.645030 ,  -51.350580 ,2024-11-26 17:41:00,Brasil,AMAPÁ,CALÇOENE,Amazônia
 1734355483 ,c6d22e3b-079b-3c15-8699-e7cbd9ce315b,    -.766660 ,  -51.759850 ,2024-11-26 17:41:00,Brasil,AMAPÁ,MAZAGÃO,Amazônia
 1734355505 ,e21e3ae7-8866-35c5-b0f8-1d2e01891e32,     .483850 ,  -50.793350 ,2024-11-26 17:41:00,Brasil,AMAPÁ,MACAPÁ,Amazônia
 1734355527 ,3207e458-2d63-3895-81fd-bd3f542d660b,     .333090 ,  -50.749790 ,2024-11-26 17:41:00,Brasil,AMAPÁ,MACAPÁ,Amazônia
 1734355538 ,91be4912-bc47-3dc4-a59c-48cf69b8fb6f,    1.600250 ,  -50.983920 ,2024-11-26 17:41:00,Brasil,AMAPÁ,PRACUÚBA,Amazônia
 1734355560 ,cc627b73-423d-33b4-93be-db049de8f529,     .345030 ,  -50.668210 ,2024-11-26 17:41:00,Brasil,AMAPÁ,ITAUBAL,Amazônia
 1734355570 ,382ee85a-1575-33b0-a3ef-f48a635f974e,     .680740 ,  -50.834450 ,2024-11-26 17:41:00,Brasil,AMAPÁ,ITAUBAL,Amazônia
 1734355584 ,b78d6f04-03f4-3065-9d7d-9bd7039c5b19,     .324120 ,  -50.748470 ,2024-11-26 17:41:00,Brasil,AMAPÁ,MACAPÁ,Amazônia
 1734355586 ,c3dc7d46-24eb-3a37-b56b-2b1dc2323d48,     .779770 ,  -50.660830 ,2024-11-26 17:41:00,Brasil,AMAPÁ,MACAPÁ,Amazônia
 1734355630 ,787e2e7f-6a95-34d5-b9fe-8776029b8117,    -.709520 ,  -51.968780 ,2024-11-26 17:41:00,Brasil,AMAPÁ,MAZAGÃO,Amazônia
 1734355641 ,f39b56a9-99ba-38aa-a8fe-ae87835f626d,     .356010 ,  -51.030500 ,2024-11-26 17:41:00,Brasil,AMAPÁ,MACAPÁ,Amazônia
 1734355645 ,43e4b12b-2f03-3010-97bc-8238d8c29915,     .650910 ,  -50.842140 ,2024-11-26 17:41:00,Brasil,AMAPÁ,ITAUBAL,Amazônia
 1734355651 ,54e086a0-b200-345c-adf3-a729003e5fd7,    -.706830 ,  -51.974790 ,2024-11-26 17:41:00,Brasil,AMAPÁ,MAZAGÃO,Amazônia
 1734355656 ,fb2cde93-4455-345c-a3b1-07afab8a2f7c,     .957830 ,  -50.203210 ,2024-11-26 17:41:00,Brasil,AMAPÁ,MACAPÁ,Amazônia
 1734355660 ,ad68c67a-1a37-3794-b3cc-05cd6c46d4eb,     .286830 ,  -51.128860 ,2024-11-26 17:41:00,Brasil,AMAPÁ,MACAPÁ,Amazônia
 1734355663 ,9566d5db-d4ff-37ad-bef1-a284be51a85c,    1.360810 ,  -50.599890 ,2024-11-26 17:41:00,Brasil,AMAPÁ,TARTARUGALZINHO,Amazônia
 1734355674 ,87ba40d5-721b-3657-b4ae-a64c475539c6,   -1.224730 ,  -52.068880 ,2024-11-26 17:41:00,Brasil,AMAPÁ,VITÓRIA DO JARI,Amazônia
 1734355675 ,d5e5558f-dc11-35bd-80cb-3390d951bb62,     .841960 ,  -50.734310 ,2024-11-26 17:41:00,Brasil,AMAPÁ,CUTIAS,Amazônia
 1734355680 ,98e16a97-65c5-3a30-9a7e-ac1d67a3e03b,    -.998990 ,  -51.717700 ,2024-11-26 17:41:00,Brasil,AMAPÁ,VITÓRIA DO JARI,Amazônia
 1734355683 ,6b4b0cee-41da-3d05-ad8b-b833605b39c7,     .098250 ,  -51.156130 ,2024-11-26 17:41:00,Brasil,AMAPÁ,MACAPÁ,Amazônia
 1734355699 ,fe054fdb-98ba-3186-9d42-78ff893d834c,    1.163800 ,  -50.057100 ,2024-11-26 17:41:00,Brasil,AMAPÁ,MACAPÁ,Amazônia
 1734355748 ,1b0b1d0b-f563-36ca-8cf2-c93f6720df03,     .650830 ,  -50.529020 ,2024-11-26 17:41:00,Brasil,AMAPÁ,ITAUBAL,Amazônia
 1734355758 ,11a7df90-c10e-31b8-9993-6ccb2317b670,     .699660 ,  -50.643340 ,2024-11-26 17:41:00,Brasil,AMAPÁ,MACAPÁ,Amazônia
 1734355778 ,ec0f47a9-c48d-3b1c-943a-7855f23d6fd7,     .348840 ,  -51.268370 ,2024-11-26 17:41:00,Brasil,AMAPÁ,MACAPÁ,Amazônia
 1734355793 ,c3cd3d59-680b-3339-888b-d75179e65116,     .494150 ,  -50.785580 ,2024-11-26 17:41:00,Brasil,AMAPÁ,MACAPÁ,Amazônia
 1734355806 ,dc18de32-3c4d-35ad-bfc5-6cb44c5f06b1,     .363690 ,  -51.041100 ,2024-11-26 17:41:00,Brasil,AMAPÁ,MACAPÁ,Amazônia
 1734355876 ,9844abe8-c6d1-3153-8fc9-77df97822756,    -.357920 ,  -51.556880 ,2024-11-26 17:41:00,Brasil,AMAPÁ,MAZAGÃO,Amazônia
 1734355894 ,26a5a254-5e9a-33d8-83fa-804b94bc4893,    -.238720 ,  -51.499460 ,2024-11-26 17:41:00,Brasil,AMAPÁ,MAZAGÃO,Amazônia
 1734355900 ,d953ab07-4f8b-3775-9d0e-db3c88b7f3c5,     .682070 ,  -50.825360 ,2024-11-26 17:41:00,Brasil,AMAPÁ,ITAUBAL,Amazônia
 1734355911 ,5d3bc531-8f2a-35e3-9558-c10a348bf3fd,     .486520 ,  -50.775190 ,2024-11-26 17:41:00,Brasil,AMAPÁ,MACAPÁ,Amazônia
 1734355921 ,fa77f9bb-f2f6-32eb-bd9e-f4beef72e883,     .492810 ,  -50.794670 ,2024-11-26 17:41:00,Brasil,AMAPÁ,MACAPÁ,Amazônia
 1734355992 ,cba83753-d4cd-365d-913e-e32a12ca6715,     .626490 ,  -50.571160 ,2024-11-26 17:41:00,Brasil,AMAPÁ,ITAUBAL,Amazônia
 1734356000 ,89c5ccaf-6c00-35ff-9aa6-89974d1c3d8a,     .362320 ,  -51.050380 ,2024-11-26 17:41:00,Brasil,AMAPÁ,MACAPÁ,Amazônia
 1734356022 ,a189bba4-b3f7-310d-98f7-acc53608c08e,     .334420 ,  -50.740700 ,2024-11-26 17:41:00,Brasil,AMAPÁ,MACAPÁ,Amazônia
 1734356034 ,29a73698-1eaa-373b-8558-9b571f729392,     .648270 ,  -50.860370 ,2024-11-26 17:41:00,Brasil,AMAPÁ,ITAUBAL,Amazônia
 1734356052 ,d4e44c06-3d0a-337c-a63f-d400ac7ae690,     .099620 ,  -51.146720 ,2024-11-26 17:41:00,Brasil,AMAPÁ,MACAPÁ,Amazônia
 1734356093 ,7c52dd51-b5e0-3a23-8025-8b5d98dffa3f,    2.859990 ,  -51.394640 ,2024-11-26 17:41:00,Brasil,AMAPÁ,CALÇOENE,Amazônia
 1734356111 ,70c0b1c7-864a-32dd-85bb-c91bee6f1ad9,    1.609200 ,  -50.985230 ,2024-11-26 17:41:00,Brasil,AMAPÁ,PRACUÚBA,Amazônia
 1734356131 ,30829bc3-b850-3401-ae93-bda2816fd36b,    1.492740 ,  -50.897040 ,2024-11-26 17:41:00,Brasil,AMAPÁ,TARTARUGALZINHO,Amazônia
 1734768777 ,60312be7-838a-3ddf-8bad-6df4593f4a65,   -1.036060 ,  -51.745380 ,2024-11-29 18:02:00,Brasil,AMAPÁ,VITÓRIA DO JARI,Amazônia
 1734768800 ,678983fa-cbc5-30b7-a07d-3aaabf6d37c5,    1.136520 ,  -52.455520 ,2024-11-29 18:02:00,Brasil,AMAPÁ,PEDRA BRANCA DO AMAPARI,Amazônia
 1734768812 ,ab702a29-01dc-327e-a01d-d2c03d326b98,     .041960 ,  -51.112760 ,2024-11-29 18:02:00,Brasil,AMAPÁ,MACAPÁ,Amazônia
 1734768814 ,9016d8ef-1f3d-35c3-938e-57d8a5af0722,    -.114920 ,  -51.338220 ,2024-11-29 18:02:00,Brasil,AMAPÁ,MAZAGÃO,Amazônia
 1734768819 ,c60a757e-ae11-3389-932d-e5418326a0b7,     .881160 ,  -50.813820 ,2024-11-29 18:02:00,Brasil,AMAPÁ,CUTIAS,Amazônia
 1734768824 ,3c2f2e82-01fd-361b-b6ad-ceb3a35f82ac,    -.722260 ,  -51.783420 ,2024-11-29 18:02:00,Brasil,AMAPÁ,MAZAGÃO,Amazônia
 1734768836 ,49ac7912-16a4-3262-9a96-8f0611da25af,    -.084660 ,  -51.342650 ,2024-11-29 18:02:00,Brasil,AMAPÁ,MAZAGÃO,Amazônia
 1734768844 ,f3aaf18f-261b-3222-ba76-d85afbfb5beb,     .075380 ,  -51.508290 ,2024-11-29 18:02:00,Brasil,AMAPÁ,SANTANA,Amazônia
 1734768852 ,56543858-a358-32ff-bdfd-6aa050cf1f1a,    -.754340 ,  -51.783930 ,2024-11-29 18:02:00,Brasil,AMAPÁ,MAZAGÃO,Amazônia
 1734768855 ,7ab2a0e0-e29a-39fa-8f2c-962419d57000,    -.352530 ,  -51.496600 ,2024-11-29 18:02:00,Brasil,AMAPÁ,MAZAGÃO,Amazônia
 1734768860 ,358b45f5-d64c-3138-925d-cbcec8012209,    -.600150 ,  -51.719710 ,2024-11-29 18:02:00,Brasil,AMAPÁ,MAZAGÃO,Amazônia
 1734768871 ,62c1fc38-c973-37fa-aa84-d64437a7c4ef,   -1.026820 ,  -52.178680 ,2024-11-29 18:02:00,Brasil,AMAPÁ,VITÓRIA DO JARI,Amazônia
 1734768888 ,40ac7296-eb92-3b0c-b825-1e2edae5bfdc,    -.765640 ,  -51.793240 ,2024-11-29 18:02:00,Brasil,AMAPÁ,MAZAGÃO,Amazônia
 1734768911 ,79e7069a-7c26-3dff-8fb6-07f1336709d5,    -.339200 ,  -51.475410 ,2024-11-29 18:02:00,Brasil,AMAPÁ,MAZAGÃO,Amazônia
 1734768921 ,2ccb6dcb-2384-3012-9593-3eae7ce6b342,     .418120 ,  -50.722270 ,2024-11-29 18:02:00,Brasil,AMAPÁ,MACAPÁ,Amazônia
 1734768964 ,e0bdbaf0-419e-3cd0-a10f-a9ce527959a7,    -.257920 ,  -51.625980 ,2024-11-29 18:02:00,Brasil,AMAPÁ,MAZAGÃO,Amazônia
 1734768977 ,c71732fa-3bfe-394b-8191-84a0a08e7358,   -1.206140 ,  -52.077600 ,2024-11-29 18:02:00,Brasil,AMAPÁ,VITÓRIA DO JARI,Amazônia
 1734768980 ,370c6a1a-b28f-36f9-b02c-bc33e513fd93,     .317680 ,  -51.183420 ,2024-11-29 18:02:00,Brasil,AMAPÁ,PORTO GRANDE,Amazônia
 1734769023 ,eb866a99-20be-39c9-b894-c48fd7fc563c,    -.031590 ,  -51.545300 ,2024-11-29 18:02:00,Brasil,AMAPÁ,MAZAGÃO,Amazônia
 1734769055 ,1ff14647-ad77-3f3b-a73a-a29465166029,   -1.199680 ,  -52.099400 ,2024-11-29 18:02:00,Brasil,AMAPÁ,VITÓRIA DO JARI,Amazônia
 1734769060 ,401079c1-4203-3cc1-a976-5d2f2960c31c,     .883040 ,  -50.800640 ,2024-11-29 18:02:00,Brasil,AMAPÁ,CUTIAS,Amazônia
 1734769098 ,b99bbc7e-ac4d-3129-b54e-500f077d8a3c,   -1.045750 ,  -51.743960 ,2024-11-29 18:02:00,Brasil,AMAPÁ,VITÓRIA DO JARI,Amazônia
 1734769099 ,9d108a28-69d3-3036-9818-496a6d376195,    -.262730 ,  -51.659380 ,2024-11-29 18:02:00,Brasil,AMAPÁ,MAZAGÃO,Amazônia
 1734769105 ,4aec57ca-729a-30b6-ab07-5c97c84decb3,    -.640760 ,  -51.724860 ,2024-11-29 18:02:00,Brasil,AMAPÁ,MAZAGÃO,Amazônia
 1734769124 ,788de3e6-77e8-3122-8903-fd2b6fb315a4,     .063720 ,  -51.518260 ,2024-11-29 18:02:00,Brasil,AMAPÁ,SANTANA,Amazônia
 1734769161 ,83630e6e-86a6-31d1-90d7-e9e2de75b7cc,    -.091980 ,  -51.753430 ,2024-11-29 18:02:00,Brasil,AMAPÁ,MAZAGÃO,Amazônia
 1734769166 ,90c685fe-9f45-3483-8336-1bdcda412bdb,     .067050 ,  -51.495400 ,2024-11-29 18:02:00,Brasil,AMAPÁ,SANTANA,Amazônia
 1734769169 ,818bcb50-5122-3717-9ef3-8b2544e9cf5f,   -1.044160 ,  -51.733280 ,2024-11-29 18:02:00,Brasil,AMAPÁ,VITÓRIA DO JARI,Amazônia
 1734769177 ,503843ac-aba9-3b4e-a25b-434f5c907754,   -1.037260 ,  -51.849470 ,2024-11-29 18:02:00,Brasil,AMAPÁ,VITÓRIA DO JARI,Amazônia
 1734769185 ,a73b28a4-789e-304d-b927-aa810f36f1ec,    -.903650 ,  -52.161110 ,2024-11-29 18:02:00,Brasil,AMAPÁ,VITÓRIA DO JARI,Amazônia
 1734769187 ,6aefbd15-471c-3489-97aa-e7f60e8d53a8,    -.272300 ,  -51.639790 ,2024-11-29 18:02:00,Brasil,AMAPÁ,MAZAGÃO,Amazônia
 1734769195 ,cbc75bde-7525-3bec-b612-83fc55662a8e,    -.876840 ,  -51.715300 ,2024-11-29 18:02:00,Brasil,AMAPÁ,VITÓRIA DO JARI,Amazônia
 1734769200 ,64784697-dcd8-320c-a34e-72a876226702,   -1.064630 ,  -51.871230 ,2024-11-29 18:02:00,Brasil,AMAPÁ,VITÓRIA DO JARI,Amazônia
 1734769208 ,1c53a391-3223-315b-9342-69ed401a5e05,    -.267790 ,  -51.624560 ,2024-11-29 18:02:00,Brasil,AMAPÁ,MAZAGÃO,Amazônia
 1734769209 ,1f051a91-28e4-3193-9837-fbfacd888e3a,    -.155740 ,  -51.759570 ,2024-11-29 18:02:00,Brasil,AMAPÁ,MAZAGÃO,Amazônia
 1734769212 ,e565776f-00f5-385a-9939-b4407ea486db,    -.752740 ,  -51.773200 ,2024-11-29 18:02:00,Brasil,AMAPÁ,MAZAGÃO,Amazônia
 1734769215 ,5eabc682-e480-3b0c-8d12-f1d7da0fdf2c,    1.678580 ,  -50.958920 ,2024-11-29 18:02:00,Brasil,AMAPÁ,PRACUÚBA,Amazônia
 1734769225 ,3c5e95cb-3898-3462-afc0-91eeb365091b,     .716700 ,  -51.468620 ,2024-11-29 18:02:00,Brasil,AMAPÁ,PORTO GRANDE,Amazônia
 1734769252 ,c9627aca-7955-3925-b190-2752bc3436d6,    -.720690 ,  -51.772650 ,2024-11-29 18:02:00,Brasil,AMAPÁ,MAZAGÃO,Amazônia
 1734769261 ,18280818-f4a7-3363-bd8d-c28e3f104f0a,    -.815320 ,  -51.862200 ,2024-11-29 18:02:00,Brasil,AMAPÁ,MAZAGÃO,Amazônia
 1734769265 ,89029a7f-9f74-3604-91a3-7df772258140,    -.587180 ,  -51.699340 ,2024-11-29 18:02:00,Brasil,AMAPÁ,MAZAGÃO,Amazônia
 1734769268 ,de710372-1030-3e4c-a35a-9c4f4e45cb89,    -.168590 ,  -51.431180 ,2024-11-29 18:02:00,Brasil,AMAPÁ,MAZAGÃO,Amazônia
 1734769271 ,14ee7742-8bb9-3162-b914-1300a34edc79,    -.751360 ,  -51.779110 ,2024-11-29 18:02:00,Brasil,AMAPÁ,MAZAGÃO,Amazônia
 1734769297 ,bce9ad89-f57b-34c9-abf8-db2d51831c7e,    1.672000 ,  -50.964540 ,2024-11-29 18:02:00,Brasil,AMAPÁ,PRACUÚBA,Amazônia
 1734769302 ,548b40ff-97ad-3db9-938f-6aa67ddfcaf3,    -.106650 ,  -51.492710 ,2024-11-29 18:02:00,Brasil,AMAPÁ,MAZAGÃO,Amazônia
 1734769324 ,76565011-3e96-36ab-83a3-3a2465c7e15e,    -.116600 ,  -51.349860 ,2024-11-29 18:02:00,Brasil,AMAPÁ,MAZAGÃO,Amazônia
 1734769339 ,e8e21ec1-1645-3b5e-9ae5-b46c9c37fe04,    -.270640 ,  -51.628680 ,2024-11-29 18:02:00,Brasil,AMAPÁ,MAZAGÃO,Amazônia
 1734769341 ,a5f785a8-abe7-3f6f-a996-30165a267cc4,    -.557080 ,  -51.709370 ,2024-11-29 18:02:00,Brasil,AMAPÁ,MAZAGÃO,Amazônia
 1734769355 ,154350d0-7399-3cb2-b542-03cb62681ec6,    -.908930 ,  -52.066060 ,2024-11-29 18:02:00,Brasil,AMAPÁ,LARANJAL DO JARI,Amazônia
 1734769363 ,3d012774-0b04-304c-890d-9273fd999c6c,     .050910 ,  -51.333540 ,2024-11-29 18:02:00,Brasil,AMAPÁ,SANTANA,Amazônia
 1734769369 ,d0ac6736-0704-36b9-9403-0a2b011e5328,   -1.105400 ,  -51.746100 ,2024-11-29 18:02:00,Brasil,AMAPÁ,VITÓRIA DO JARI,Amazônia
 1734769385 ,6cb8c955-a504-309c-9045-be86a4e19728,    -.902130 ,  -52.150880 ,2024-11-29 18:02:00,Brasil,AMAPÁ,VITÓRIA DO JARI,Amazônia
 1734769386 ,abb6d270-fce7-3200-800b-64da209d24ee,    -.868710 ,  -51.727530 ,2024-11-29 18:02:00,Brasil,AMAPÁ,VITÓRIA DO JARI,Amazônia
 1734769422 ,fc601319-cea6-3228-a005-4dfef3e23491,    -.049760 ,  -51.600480 ,2024-11-29 18:02:00,Brasil,AMAPÁ,MAZAGÃO,Amazônia
 1734769444 ,50f4f687-94b8-35e2-89e4-e439c1b92c22,    -.555510 ,  -51.698440 ,2024-11-29 18:02:00,Brasil,AMAPÁ,MAZAGÃO,Amazônia
 1734769462 ,4bf02899-0a7d-3d2b-a7a2-50b6f2edcfbe,    -.268970 ,  -51.617550 ,2024-11-29 18:02:00,Brasil,AMAPÁ,MAZAGÃO,Amazônia
 1734769467 ,da5c8676-6987-31f2-a1a1-a80393d1db3f,   -1.034470 ,  -51.734680 ,2024-11-29 18:02:00,Brasil,AMAPÁ,VITÓRIA DO JARI,Amazônia
 1734769472 ,702f5b7d-5817-3fda-92ab-6f8296fc706f,    -.577410 ,  -51.700790 ,2024-11-29 18:02:00,Brasil,AMAPÁ,MAZAGÃO,Amazônia
 1734769474 ,a96eeca7-fd7f-324d-8c23-c2b121741029,    -.567630 ,  -51.702220 ,2024-11-29 18:02:00,Brasil,AMAPÁ,MAZAGÃO,Amazônia
 1734769478 ,666d08b5-0e3f-3d5a-9b05-f2f571dbcaba,    -.293020 ,  -51.800720 ,2024-11-29 18:02:00,Brasil,AMAPÁ,MAZAGÃO,Amazônia
 1734769484 ,dcdce25b-93b5-34b1-a758-aeb7a75bf1de,    1.645800 ,  -50.920200 ,2024-11-29 18:02:00,Brasil,AMAPÁ,PRACUÚBA,Amazônia
 1734769486 ,143d66cd-e52a-3efe-80e7-2436dc2d0465,     .868080 ,  -50.905190 ,2024-11-29 18:02:00,Brasil,AMAPÁ,CUTIAS,Amazônia
 1734769488 ,73b1b8fa-ab27-3726-8ff1-7427756f990e,    -.989740 ,  -51.725890 ,2024-11-29 18:02:00,Brasil,AMAPÁ,VITÓRIA DO JARI,Amazônia
 1734769503 ,e031a92f-0595-3f98-8355-2c92a32264a2,   -1.025320 ,  -52.168480 ,2024-11-29 18:02:00,Brasil,AMAPÁ,VITÓRIA DO JARI,Amazônia
 1734769524 ,96cf9c8e-fee6-3717-8863-305cfb377392,     .065390 ,  -51.506820 ,2024-11-29 18:02:00,Brasil,AMAPÁ,SANTANA,Amazônia
 1734769526 ,32e4ab5f-d717-3138-bcf4-463792e28fd0,     .032130 ,  -51.525330 ,2024-11-29 18:02:00,Brasil,AMAPÁ,MAZAGÃO,Amazônia
 1734769528 ,9c42522b-ec17-3645-9976-bf6a1c042ab0,    -.260460 ,  -51.492550 ,2024-11-29 18:02:00,Brasil,AMAPÁ,MAZAGÃO,Amazônia
 1734769535 ,0c2bd56c-524f-3661-8944-e5dc55b0421c,    -.340900 ,  -51.486740 ,2024-11-29 18:02:00,Brasil,AMAPÁ,MAZAGÃO,Amazônia
 1734769541 ,be73f058-81d3-309a-bb29-2e27370af134,    2.819000 ,  -51.088350 ,2024-11-29 18:02:00,Brasil,AMAPÁ,CALÇOENE,Amazônia
 1734769554 ,3e63d146-8c9d-3fa6-b73b-bf9af0b1c7b3,    -.867110 ,  -51.716710 ,2024-11-29 18:02:00,Brasil,AMAPÁ,VITÓRIA DO JARI,Amazônia
 1734769571 ,e33756d9-cbda-39ad-9ee9-2c00c9961ae6,    -.878420 ,  -51.726060 ,2024-11-29 18:02:00,Brasil,AMAPÁ,VITÓRIA DO JARI,Amazônia
 1734769579 ,d5eb889a-33a4-3384-9e4d-b1bdaf36409f,    -.764040 ,  -51.782510 ,2024-11-29 18:02:00,Brasil,AMAPÁ,MAZAGÃO,Amazônia
 1734769630 ,bca37696-6f33-378a-8c21-91412a09a8a4,    -.033250 ,  -51.556660 ,2024-11-29 18:02:00,Brasil,AMAPÁ,MAZAGÃO,Amazônia
 1734769632 ,dfa0cf6b-4cf2-3570-85d8-0bcb1f21acd2,     .058670 ,  -51.340240 ,2024-11-29 18:02:00,Brasil,AMAPÁ,SANTANA,Amazônia
 1734769649 ,364a6acf-3335-325b-9610-28fe0c3e4664,    -.970110 ,  -51.794350 ,2024-11-29 18:02:00,Brasil,AMAPÁ,VITÓRIA DO JARI,Amazônia
 1734769670 ,92cf5285-32cd-3b49-a78b-5f6b20d96a76,    -.259530 ,  -51.637140 ,2024-11-29 18:02:00,Brasil,AMAPÁ,MAZAGÃO,Amazônia
 1734769674 ,47ad3c06-c336-375a-a643-43edee39948e,    -.269390 ,  -51.635710 ,2024-11-29 18:02:00,Brasil,AMAPÁ,MAZAGÃO,Amazônia
 1734769703 ,9e4f9a0d-d497-3960-aae1-c740481a8ea4,    -.296890 ,  -51.804530 ,2024-11-29 18:02:00,Brasil,AMAPÁ,MAZAGÃO,Amazônia
 1734769732 ,4f6617f8-c4ee-3d20-8a5b-eb5f6495140d,    -.094740 ,  -51.341150 ,2024-11-29 18:02:00,Brasil,AMAPÁ,MAZAGÃO,Amazônia
 1734769738 ,4cbd8baa-af40-30a1-a6f2-1fbacbb662b0,    -.598550 ,  -51.708810 ,2024-11-29 18:02:00,Brasil,AMAPÁ,MAZAGÃO,Amazônia
 1734769744 ,0d44a4de-e079-334d-b0a9-40adea19bc6f,    -.557860 ,  -51.703640 ,2024-11-29 18:02:00,Brasil,AMAPÁ,MAZAGÃO,Amazônia
 1734769753 ,5c53dbd8-2c1d-3ec6-a414-7b3c76c6d2c7,     .073710 ,  -51.519720 ,2024-11-29 18:02:00,Brasil,AMAPÁ,SANTANA,Amazônia
 1734769762 ,34c59c36-a975-367b-b242-4ed4a1d97a1f,    -.295260 ,  -51.793610 ,2024-11-29 18:02:00,Brasil,AMAPÁ,MAZAGÃO,Amazônia
 1734769771 ,69e77212-9cab-3b32-8cf5-348bad2fdb0a,    -.897310 ,  -52.158220 ,2024-11-29 18:02:00,Brasil,AMAPÁ,VITÓRIA DO JARI,Amazônia
 1734769799 ,3b2e6c14-cfc1-313b-9717-f908eb578fe5,     .597850 ,  -50.794410 ,2024-11-29 18:02:00,Brasil,AMAPÁ,ITAUBAL,Amazônia
 1734769800 ,837bf7e9-3a21-304d-a357-dcdc1fefda79,    -.589930 ,  -52.074170 ,2024-11-29 18:02:00,Brasil,AMAPÁ,LARANJAL DO JARI,Amazônia
 1734769803 ,ae4d2e43-2696-3b14-a406-1fe6441bf41c,    -.270980 ,  -51.646800 ,2024-11-29 18:02:00,Brasil,AMAPÁ,MAZAGÃO,Amazônia
 1734769805 ,dffb1ff4-831b-3d39-9678-c617909038df,    -.888140 ,  -51.724640 ,2024-11-29 18:02:00,Brasil,AMAPÁ,VITÓRIA DO JARI,Amazônia
 1734769806 ,f79d4bfe-6383-3486-b998-1a910ec491bf,   -1.066180 ,  -51.881740 ,2024-11-29 18:02:00,Brasil,AMAPÁ,VITÓRIA DO JARI,Amazônia
 1734769844 ,32ab6327-4539-328f-b914-f470c5389ef2,    -.248060 ,  -51.627430 ,2024-11-29 18:02:00,Brasil,AMAPÁ,MAZAGÃO,Amazônia
 1734769853 ,421bfd62-1bee-3723-b759-24b84adff8ad,    -.340070 ,  -51.480790 ,2024-11-29 18:02:00,Brasil,AMAPÁ,MAZAGÃO,Amazônia
 1734769859 ,e365b7ed-fa41-3757-bd96-2311c64051c0,    -.246450 ,  -51.616300 ,2024-11-29 18:02:00,Brasil,AMAPÁ,MAZAGÃO,Amazônia
 1734769892 ,2deb77e3-63d9-3e4b-9b11-aa59b00523a0,    -.752910 ,  -51.789870 ,2024-11-29 18:02:00,Brasil,AMAPÁ,MAZAGÃO,Amazônia
 1734769897 ,ec4a1830-f722-3f7d-967b-fe2c9aadfc29,    -.889320 ,  -52.169850 ,2024-11-29 18:02:00,Brasil,AMAPÁ,VITÓRIA DO JARI,Amazônia
 1734769909 ,d05a0cb0-2a87-39fa-8004-fd3f14596091,    -.154150 ,  -51.748660 ,2024-11-29 18:02:00,Brasil,AMAPÁ,MAZAGÃO,Amazônia
 1734769915 ,1fef30c3-4615-3b9d-9804-49a18c360bcb,    -.968750 ,  -51.717990 ,2024-11-29 18:02:00,Brasil,AMAPÁ,VITÓRIA DO JARI,Amazônia
 1734769958 ,44e5d3b8-b87b-3c75-b565-1be981df6e4c,    -.887850 ,  -52.159660 ,2024-11-29 18:02:00,Brasil,AMAPÁ,LARANJAL DO JARI,Amazônia
 1734769973 ,6ba71b4b-df56-3672-88c4-735596e1e114,    -.609910 ,  -51.718280 ,2024-11-29 18:02:00,Brasil,AMAPÁ,MAZAGÃO,Amazônia
 1734769990 ,443efc4b-1825-3b42-b696-0406f618a303,    -.270410 ,  -51.491080 ,2024-11-29 18:02:00,Brasil,AMAPÁ,MAZAGÃO,Amazônia
 1734770016 ,426138bf-51b4-3a83-b32c-9742c5e135a7,     .092780 ,  -51.175190 ,2024-11-29 18:02:00,Brasil,AMAPÁ,MACAPÁ,Amazônia
 1734770024 ,55ad9bd2-d6f1-3ec3-8914-861fa1c2826a,   -1.110440 ,  -52.180580 ,2024-11-29 18:02:00,Brasil,AMAPÁ,VITÓRIA DO JARI,Amazônia
 1734770028 ,551c2951-c6c2-3d91-846f-1964ac561dde,    -.588420 ,  -52.063770 ,2024-11-29 18:02:00,Brasil,AMAPÁ,LARANJAL DO JARI,Amazônia
 1734770040 ,c2ddb75e-9444-36ec-b285-2fbd3aadc744,    -.125000 ,  -51.336720 ,2024-11-29 18:02:00,Brasil,AMAPÁ,MAZAGÃO,Amazônia
 1734770049 ,ff4d2370-21cf-3ac9-9fa8-2a035639e094,    -.836560 ,  -51.804680 ,2024-11-29 18:02:00,Brasil,AMAPÁ,MAZAGÃO,Amazônia
 1735029123 ,7532633a-ee1d-3543-ab24-b08649d571cc,    2.320320 ,  -50.785910 ,2024-12-01 17:45:00,Brasil,AMAPÁ,CALÇOENE,Amazônia
 1735029133 ,0e28534d-f7ca-352c-a745-81fb742ba4e7,    -.390120 ,  -51.517970 ,2024-12-01 17:45:00,Brasil,AMAPÁ,MAZAGÃO,Amazônia
 1735029142 ,59c4e45d-7a8e-3e94-b97d-0e0e04ea51a0,    -.302120 ,  -51.799580 ,2024-12-01 17:45:00,Brasil,AMAPÁ,MAZAGÃO,Amazônia
 1735029167 ,989dfee0-8aa4-3faf-a303-dedbb1f78fce,   -1.092380 ,  -51.896100 ,2024-12-01 17:45:00,Brasil,AMAPÁ,VITÓRIA DO JARI,Amazônia
 1735029174 ,5893e516-904c-3582-b706-a06e8d87ae37,    2.321600 ,  -50.777130 ,2024-12-01 17:45:00,Brasil,AMAPÁ,CALÇOENE,Amazônia
 1735029175 ,d9ce6723-06ee-3f75-b1d7-1db28410c632,    1.675480 ,  -50.710940 ,2024-12-01 17:45:00,Brasil,AMAPÁ,PRACUÚBA,Amazônia
 1735029186 ,59ba7832-1776-3507-8121-ac75a7c58aa8,    -.391510 ,  -51.527420 ,2024-12-01 17:45:00,Brasil,AMAPÁ,MAZAGÃO,Amazônia
 1735029194 ,e60691f0-d2dc-3145-bb19-22f9c567a4b7,    1.964240 ,  -50.943050 ,2024-12-01 17:45:00,Brasil,AMAPÁ,AMAPÁ,Amazônia
 1735029245 ,3f670d40-f786-381e-8e2c-aea9d21715f5,    3.896220 ,  -51.744450 ,2024-12-01 17:45:00,Brasil,AMAPÁ,OIAPOQUE,Amazônia
 1735029258 ,284b0d41-f088-37a2-9681-883689e0b324,    -.337180 ,  -51.603090 ,2024-12-01 17:45:00,Brasil,AMAPÁ,MAZAGÃO,Amazônia
 1735029262 ,bdb1ab7d-d57c-3f6f-8cc3-9029c93c3856,   -1.004770 ,  -51.817920 ,2024-12-01 17:45:00,Brasil,AMAPÁ,VITÓRIA DO JARI,Amazônia
 1735029301 ,33214e07-071e-3e80-9aab-fcfb157f8d7f,    -.181350 ,  -51.417030 ,2024-12-01 17:45:00,Brasil,AMAPÁ,MAZAGÃO,Amazônia
 1735029309 ,f3b66083-b32f-3268-ae8d-8d341cfeddef,    1.657640 ,  -50.771240 ,2024-12-01 17:45:00,Brasil,AMAPÁ,PRACUÚBA,Amazônia
 1735029340 ,e406947e-8773-376d-887a-5dc7ebd9129e,    1.667760 ,  -50.763730 ,2024-12-01 17:45:00,Brasil,AMAPÁ,PRACUÚBA,Amazônia
 1735029353 ,f7defa24-3902-375a-ace1-728835ff836c,    -.359490 ,  -51.436080 ,2024-12-01 17:45:00,Brasil,AMAPÁ,MAZAGÃO,Amazônia
 1735029359 ,cacea6cf-240f-303b-99f8-aef8bbe04c3a,    -.890220 ,  -51.776590 ,2024-12-01 17:45:00,Brasil,AMAPÁ,VITÓRIA DO JARI,Amazônia
 1735029362 ,122e3a74-72ea-3be2-ab4d-4e70c622f36b,   -1.009010 ,  -51.847520 ,2024-12-01 17:45:00,Brasil,AMAPÁ,VITÓRIA DO JARI,Amazônia
 1735029368 ,f5774053-1aec-3d10-b64c-497c75a18bc6,    -.729180 ,  -51.697560 ,2024-12-01 17:45:00,Brasil,AMAPÁ,MAZAGÃO,Amazônia
 1735029370 ,bb61ea2b-59c8-3317-8db9-f8ab528b607a,    -.302230 ,  -51.425320 ,2024-12-01 17:45:00,Brasil,AMAPÁ,MAZAGÃO,Amazônia
 1735029385 ,794ec3f9-8a29-3562-8a2c-9f0fdb2e0222,    1.665190 ,  -50.781340 ,2024-12-01 17:45:00,Brasil,AMAPÁ,PRACUÚBA,Amazônia
 1735029389 ,c85ff6a6-d010-3be2-91ff-15a6509dc2bd,    -.133670 ,  -51.471660 ,2024-12-01 17:45:00,Brasil,AMAPÁ,MAZAGÃO,Amazônia
 1735029392 ,0967f40b-2953-373e-913f-60257f9e6dee,   -1.131510 ,  -52.095960 ,2024-12-01 17:45:00,Brasil,AMAPÁ,VITÓRIA DO JARI,Amazônia
 1735029414 ,e9851677-cece-3c3a-8e41-b737b1fcce9f,    3.548180 ,  -51.412910 ,2024-12-01 17:45:00,Brasil,AMAPÁ,OIAPOQUE,Amazônia
 1735029420 ,85eb59fc-9dbb-323e-8a2c-636f4378af6c,    -.067800 ,  -51.650590 ,2024-12-01 17:45:00,Brasil,AMAPÁ,MAZAGÃO,Amazônia
 1735029507 ,46ec3281-8cba-3c2c-8cf2-cbbb94f61bcd,    -.335810 ,  -51.593580 ,2024-12-01 17:45:00,Brasil,AMAPÁ,MAZAGÃO,Amazônia
 1735029514 ,578e5046-abe8-3e0d-8fa3-bc6846fee61e,    -.806710 ,  -51.775530 ,2024-12-01 17:45:00,Brasil,AMAPÁ,MAZAGÃO,Amazônia
 1735029559 ,46c0d712-3f7a-39fe-bec4-f8d701b98242,    -.751090 ,  -51.783650 ,2024-12-01 17:45:00,Brasil,AMAPÁ,MAZAGÃO,Amazônia
 1735029565 ,c95cfdb8-2eff-3a3a-a70e-0ae80b7a4c16,   -1.006180 ,  -51.827780 ,2024-12-01 17:45:00,Brasil,AMAPÁ,VITÓRIA DO JARI,Amazônia
 1735029578 ,8fa96480-a0dd-3b78-a731-ee3daa05f33e,    2.452660 ,  -51.205270 ,2024-12-01 17:45:00,Brasil,AMAPÁ,CALÇOENE,Amazônia
 1735029611 ,6e7439e9-23a5-3b8c-8dcb-7da92715ea3e,    1.945620 ,  -50.823250 ,2024-12-01 17:45:00,Brasil,AMAPÁ,AMAPÁ,Amazônia
 1735029633 ,69eb3ca5-f321-37b9-9435-2bd2229ac6b2,   -1.136750 ,  -52.100060 ,2024-12-01 17:45:00,Brasil,AMAPÁ,VITÓRIA DO JARI,Amazônia
 1735029657 ,2a488214-37d0-3883-87df-9725155a58bb,    -.208840 ,  -51.349580 ,2024-12-01 17:45:00,Brasil,AMAPÁ,MAZAGÃO,Amazônia
 1735029678 ,864a25f6-7349-3008-a2f9-e044cf500e47,    2.481680 ,  -50.821820 ,2024-12-01 17:45:00,Brasil,AMAPÁ,CALÇOENE,Amazônia
 1735029680 ,74c9f5fa-62fe-31b0-b515-e2201911d2e3,    -.974300 ,  -51.788860 ,2024-12-01 17:45:00,Brasil,AMAPÁ,VITÓRIA DO JARI,Amazônia
 1735029800 ,7b6394b3-fa20-3489-bdca-6336e8681ff8,    1.673070 ,  -50.665710 ,2024-12-01 17:45:00,Brasil,AMAPÁ,PRACUÚBA,Amazônia
 1735029811 ,a134fdb9-9438-3a51-91fa-902e171e8ae7,    1.609750 ,  -50.965970 ,2024-12-01 17:45:00,Brasil,AMAPÁ,PRACUÚBA,Amazônia
 1735029812 ,d3c31122-fd3e-328e-bf1a-4ef5602c0e5e,    -.173170 ,  -51.361280 ,2024-12-01 17:45:00,Brasil,AMAPÁ,MAZAGÃO,Amazônia
 1735029830 ,9149518e-be7c-3d40-a2d1-5c15d1632ada,    1.962950 ,  -50.951890 ,2024-12-01 17:45:00,Brasil,AMAPÁ,AMAPÁ,Amazônia
 1735029833 ,c50d05d2-39c6-327c-8370-e8ea3876070a,    1.946740 ,  -50.877400 ,2024-12-01 17:45:00,Brasil,AMAPÁ,AMAPÁ,Amazônia
 1735029838 ,8b074d2a-4205-3f04-b0c7-7c55287a400f,   -1.214020 ,  -52.099240 ,2024-12-01 17:45:00,Brasil,AMAPÁ,VITÓRIA DO JARI,Amazônia
 1735029840 ,0482fcd3-4930-39ee-bded-dfd21e26d00f,    -.741820 ,  -51.785000 ,2024-12-01 17:45:00,Brasil,AMAPÁ,MAZAGÃO,Amazônia
 1735029856 ,f23c1cf8-557a-361b-81b4-bee8b8b43da0,    -.838790 ,  -51.814090 ,2024-12-01 17:45:00,Brasil,AMAPÁ,MAZAGÃO,Amazônia
 1735029858 ,8571f6cb-4e8e-39e3-a2af-4ac6c7c0bb8e,    1.666480 ,  -50.772530 ,2024-12-01 17:45:00,Brasil,AMAPÁ,PRACUÚBA,Amazônia
 1735029869 ,937e7700-c81a-3adb-8a8f-90653fa4548c,   -1.078650 ,  -51.867680 ,2024-12-01 17:45:00,Brasil,AMAPÁ,VITÓRIA DO JARI,Amazônia
 1735029873 ,e1f12241-7a46-3535-8b93-0f4e918a7c54,   -1.057080 ,  -51.850600 ,2024-12-01 17:45:00,Brasil,AMAPÁ,VITÓRIA DO JARI,Amazônia
 1735029896 ,ea8bdd0f-5828-3e23-a213-6135d7f87f06,   -1.093850 ,  -51.906040 ,2024-12-01 17:45:00,Brasil,AMAPÁ,VITÓRIA DO JARI,Amazônia
 1735029897 ,1bb896b1-79c2-33aa-b5b8-2e1df6be44a5,    -.257320 ,  -51.620410 ,2024-12-01 17:45:00,Brasil,AMAPÁ,MAZAGÃO,Amazônia
 1735029908 ,53027737-353d-35b9-a340-2696c31b2a48,   -1.010660 ,  -51.726950 ,2024-12-01 17:45:00,Brasil,AMAPÁ,VITÓRIA DO JARI,Amazônia
 1735029928 ,c26225ac-cd5e-3e68-9789-d31a7070663e,    -.146960 ,  -51.308400 ,2024-12-01 17:45:00,Brasil,AMAPÁ,MAZAGÃO,Amazônia
 1735029972 ,4695c2f2-cd76-3a34-aca0-adc3f524c75c,    1.681890 ,  -50.667000 ,2024-12-01 17:45:00,Brasil,AMAPÁ,PRACUÚBA,Amazônia
 1735291311 ,d35ce4be-6642-333a-9ab5-cb11edfbb5eb,    -.763470 ,  -51.770830 ,2024-12-03 17:24:00,Brasil,AMAPÁ,MAZAGÃO,Amazônia
 1735291336 ,9736ef1e-6e49-3bab-afb5-b35359cec122,    -.366360 ,  -51.464350 ,2024-12-03 17:24:00,Brasil,AMAPÁ,MAZAGÃO,Amazônia
 1735291340 ,f02b907c-7db1-392f-ae6e-df61011a8dab,    -.855210 ,  -51.844070 ,2024-12-03 17:24:00,Brasil,AMAPÁ,MAZAGÃO,Amazônia
 1735291389 ,4577237e-9ef9-3a70-ae0c-4390b2a0b5c2,    -.291210 ,  -51.396020 ,2024-12-03 17:24:00,Brasil,AMAPÁ,MAZAGÃO,Amazônia
 1735291395 ,576dd0e1-d74b-364a-b7b6-f408d7196d78,    -.311150 ,  -51.532670 ,2024-12-03 17:24:00,Brasil,AMAPÁ,MAZAGÃO,Amazônia
 1735291476 ,ad1d1b84-e212-39d2-9fd1-aafe5a2401be,    -.391140 ,  -51.541170 ,2024-12-03 17:24:00,Brasil,AMAPÁ,MAZAGÃO,Amazônia
 1735291536 ,deaa3784-1ff1-3fe0-9789-d2e9672b55c3,    -.712630 ,  -52.307870 ,2024-12-03 17:24:00,Brasil,AMAPÁ,LARANJAL DO JARI,Amazônia
 1735291564 ,686b9ca5-0bf9-33b6-9f2a-8b26eb17b294,    -.389790 ,  -51.536380 ,2024-12-03 17:24:00,Brasil,AMAPÁ,MAZAGÃO,Amazônia
 1735291579 ,222bf4f4-739b-30f2-a8c7-e7edb4063e1c,    -.365630 ,  -51.459480 ,2024-12-03 17:24:00,Brasil,AMAPÁ,MAZAGÃO,Amazônia
 1735291600 ,7d6b9ae3-139d-34fc-a26b-5ad748ca4153,    -.386920 ,  -51.516560 ,2024-12-03 17:24:00,Brasil,AMAPÁ,MAZAGÃO,Amazônia
 1735291673 ,03a20126-0402-3608-87c6-1be76e2778ea,    -.858390 ,  -51.865500 ,2024-12-03 17:24:00,Brasil,AMAPÁ,MAZAGÃO,Amazônia
 1735291685 ,c6a61ad0-5d25-3465-abbc-730512332328,    -.726380 ,  -52.305710 ,2024-12-03 17:24:00,Brasil,AMAPÁ,LARANJAL DO JARI,Amazônia
 1735291759 ,09b95c96-597f-377c-ae73-b30acff3ffa9,    -.388110 ,  -51.521380 ,2024-12-03 17:24:00,Brasil,AMAPÁ,MAZAGÃO,Amazônia
 1735291775 ,84192509-3eda-3a5b-bccc-9fe646f65a8e,    -.767240 ,  -51.775060 ,2024-12-03 17:24:00,Brasil,AMAPÁ,MAZAGÃO,Amazônia
 1735291807 ,e227f163-7da7-3bf3-8901-b32e50591d29,    -.308280 ,  -51.512970 ,2024-12-03 17:24:00,Brasil,AMAPÁ,MAZAGÃO,Amazônia
 1735291842 ,61681fbe-faea-3d4b-ace3-888f86a901f6,    -.867850 ,  -51.857340 ,2024-12-03 17:24:00,Brasil,AMAPÁ,MAZAGÃO,Amazônia
 1734612795 ,fcb4a657-8ae5-3ef5-9d0f-738ad94a00fd,     .184370 ,  -51.644470 ,2024-11-28 17:21:00,Brasil,AMAPÁ,MAZAGÃO,Amazônia
 1734612799 ,f750a807-e6b8-3471-92f3-5b8d112ac3b5,    -.828890 ,  -51.915890 ,2024-11-28 17:21:00,Brasil,AMAPÁ,MAZAGÃO,Amazônia
 1734612859 ,cb0f189f-8131-35f3-82ec-2244c414d64f,    -.109080 ,  -51.497860 ,2024-11-28 17:21:00,Brasil,AMAPÁ,MAZAGÃO,Amazônia
 1734612937 ,f44ce742-2cd7-3863-890c-b98f4698ad13,     .985860 ,  -50.261120 ,2024-11-28 17:21:00,Brasil,AMAPÁ,CUTIAS,Amazônia
 1734613008 ,6b4b23c3-c8ed-39c3-81db-2c6c792a5d69,     .237760 ,  -50.838540 ,2024-11-28 17:21:00,Brasil,AMAPÁ,MACAPÁ,Amazônia
 1734613020 ,2f0812f1-4f18-3716-b547-cc82f1fea156,    -.616610 ,  -51.725240 ,2024-11-28 17:21:00,Brasil,AMAPÁ,MAZAGÃO,Amazônia
 1734613111 ,71b62ea5-b9d2-32a0-b83a-6b8b96ca0056,     .018990 ,  -51.521760 ,2024-11-28 17:21:00,Brasil,AMAPÁ,MAZAGÃO,Amazônia
 1734613151 ,c5aa57ef-b621-3d1f-8708-0b766addd0a8,    -.599710 ,  -51.704960 ,2024-11-28 17:21:00,Brasil,AMAPÁ,MAZAGÃO,Amazônia
 1734613165 ,bb992fa7-7522-32ad-9961-5cdb7ca56de1,    -.165810 ,  -51.439860 ,2024-11-28 17:21:00,Brasil,AMAPÁ,MAZAGÃO,Amazônia
 1734613215 ,e5e4787c-7e77-3141-a195-4a1a2d8f9605,    -.039150 ,  -51.573100 ,2024-11-28 17:21:00,Brasil,AMAPÁ,MAZAGÃO,Amazônia
 1734613243 ,fb083ba6-b2f0-3abe-96db-13450e724add,     .322640 ,  -51.073500 ,2024-11-28 17:21:00,Brasil,AMAPÁ,MACAPÁ,Amazônia
 1734613256 ,d56da5c2-7052-36c4-b079-8a495de2e782,    -.272580 ,  -51.636620 ,2024-11-28 17:21:00,Brasil,AMAPÁ,MAZAGÃO,Amazônia
 1734613437 ,8eb84268-1568-3748-a9f5-a43264878fe8,    -.150470 ,  -51.336650 ,2024-11-28 17:21:00,Brasil,AMAPÁ,MAZAGÃO,Amazônia
 1734613460 ,2ef5953d-d926-36e8-8a41-4bb49655cc86,    -.183530 ,  -51.744250 ,2024-11-28 17:21:00,Brasil,AMAPÁ,MAZAGÃO,Amazônia
 1734613462 ,1a12e7a0-f4c7-35dd-bcae-67e66e6c65a8,     .061550 ,  -51.506750 ,2024-11-28 17:21:00,Brasil,AMAPÁ,SANTANA,Amazônia
 1734613531 ,dc538716-e933-399d-b88f-09560e8f9074,     .975690 ,  -50.269220 ,2024-11-28 17:21:00,Brasil,AMAPÁ,MACAPÁ,Amazônia
 1734613600 ,d6f011f0-83e0-3df5-b4e5-5d18bca6eb7a,    -.259210 ,  -51.638640 ,2024-11-28 17:21:00,Brasil,AMAPÁ,MAZAGÃO,Amazônia
 1734613601 ,b2782b4e-eb8b-3970-810f-61af4c3328f5,    1.183540 ,  -49.946250 ,2024-11-28 17:21:00,Brasil,AMAPÁ,MACAPÁ,Amazônia
 1734613612 ,48c94b5e-140e-3d29-8dc9-ac3a46ab7215,    -.295290 ,  -51.790740 ,2024-11-28 17:21:00,Brasil,AMAPÁ,MAZAGÃO,Amazônia
 1734613665 ,ff6823d3-2da9-30bf-ac42-4de735f26d0e,   -1.050300 ,  -51.748760 ,2024-11-28 17:21:00,Brasil,AMAPÁ,VITÓRIA DO JARI,Amazônia
 1734613687 ,4201ca77-857c-3836-bd51-2f73eb9ea4e0,    -.186760 ,  -51.766300 ,2024-11-28 17:21:00,Brasil,AMAPÁ,MAZAGÃO,Amazônia
 1734613738 ,9abd5e7a-0681-37ac-9589-7f61428dab80,     .987380 ,  -50.270970 ,2024-11-28 17:21:00,Brasil,AMAPÁ,CUTIAS,Amazônia
 1734613774 ,35d7f0ef-d695-39ba-9a63-1a472355aae7,     .005800 ,  -51.519860 ,2024-11-28 17:21:00,Brasil,AMAPÁ,MAZAGÃO,Amazônia
 1734613805 ,8d4b9d50-f764-373d-a9c2-b00891556d14,    -.269390 ,  -51.614940 ,2024-11-28 17:21:00,Brasil,AMAPÁ,MAZAGÃO,Amazônia
 1734613810 ,70eca388-c9ac-3b9b-9955-8c96ba905f34,     .989700 ,  -50.254890 ,2024-11-28 17:21:00,Brasil,AMAPÁ,MACAPÁ,Amazônia
 1734613823 ,f3da2b96-9253-3826-b0d0-54649e7b6061,     .360700 ,  -50.906340 ,2024-11-28 17:21:00,Brasil,AMAPÁ,MACAPÁ,Amazônia
 1734613902 ,38be5b40-d4d5-3ab4-aa59-d55e6b15af54,     .239600 ,  -50.843770 ,2024-11-28 17:21:00,Brasil,AMAPÁ,MACAPÁ,Amazônia
 1734613945 ,9d1b8cd7-430a-3a41-9ac4-0ebabf3de5c0,    -.182710 ,  -51.373830 ,2024-11-28 17:21:00,Brasil,AMAPÁ,MAZAGÃO,Amazônia
 1734613967 ,1f583fa8-726f-321c-b876-3dfb382d2433,    -.106110 ,  -51.491360 ,2024-11-28 17:21:00,Brasil,AMAPÁ,MAZAGÃO,Amazônia
 1734613982 ,695961b7-a9f9-3077-9d35-0bffea645367,    -.756680 ,  -51.808250 ,2024-11-28 17:21:00,Brasil,AMAPÁ,MAZAGÃO,Amazônia
 1734614036 ,6790fd65-673b-3a17-89ad-7962a149d8f7,    -.603050 ,  -51.727200 ,2024-11-28 17:21:00,Brasil,AMAPÁ,MAZAGÃO,Amazônia
 1734614038 ,efed7d00-2117-3666-bcce-995032a367c8,     .415210 ,  -50.710320 ,2024-11-28 17:21:00,Brasil,AMAPÁ,MACAPÁ,Amazônia
 1734614117 ,57795ae6-2602-320d-8f7c-cb786b9e7480,    -.040170 ,  -51.556140 ,2024-11-28 17:21:00,Brasil,AMAPÁ,MAZAGÃO,Amazônia
 1734614125 ,c6c3d030-03cd-344f-9473-5ea5887125d4,     .250160 ,  -50.840460 ,2024-11-28 17:21:00,Brasil,AMAPÁ,MACAPÁ,Amazônia
 1734614167 ,51774df1-32af-3660-83e8-93f613705abb,     .973450 ,  -50.122600 ,2024-11-28 17:21:00,Brasil,AMAPÁ,MACAPÁ,Amazônia
 1734614181 ,c8285a10-c30d-3c61-98f8-38029cf14d49,    -.036110 ,  -51.551990 ,2024-11-28 17:21:00,Brasil,AMAPÁ,MAZAGÃO,Amazônia
 1734614183 ,ed9bb708-3b89-32fc-876d-bc30ac49151a,    -.049310 ,  -51.549880 ,2024-11-28 17:21:00,Brasil,AMAPÁ,MAZAGÃO,Amazônia
 1735340702 ,77bdffb3-c985-367d-998c-93179b5a4412,    -.764710 ,  -52.328700 ,2024-12-04 18:04:00,Brasil,AMAPÁ,LARANJAL DO JARI,Amazônia
 1736610745 ,8d7f6621-fcec-354d-8195-c2a43ec3a212,     .673570 ,  -50.691480 ,2024-12-13 17:28:00,Brasil,AMAPÁ,MACAPÁ,Amazônia
 1736610810 ,5941c377-7227-3004-87ea-ed74562970d4,     .671440 ,  -50.705790 ,2024-12-13 17:28:00,Brasil,AMAPÁ,MACAPÁ,Amazônia
 1736611022 ,62bbbf81-1b52-39e1-a1ad-ba70f844eb44,     .792920 ,  -50.656110 ,2024-12-13 17:28:00,Brasil,AMAPÁ,MACAPÁ,Amazônia
 1737073307 ,9eb690ce-7039-3bfd-91c5-4c260b9d5004,    -.802370 ,  -52.361390 ,2024-12-16 17:49:00,Brasil,AMAPÁ,VITÓRIA DO JARI,Amazônia
 1737073345 ,8fa4054c-47a1-377f-b85c-d7f736f2810f,    -.104180 ,  -51.495920 ,2024-12-16 17:49:00,Brasil,AMAPÁ,MAZAGÃO,Amazônia
 1737073414 ,c574adb6-5ec3-3d7f-a527-0c62a041810c,    -.803280 ,  -52.304340 ,2024-12-16 17:49:00,Brasil,AMAPÁ,VITÓRIA DO JARI,Amazônia
 1737073503 ,14916cd3-f74a-32d8-8865-896583515c9f,    -.530350 ,  -51.762420 ,2024-12-16 17:49:00,Brasil,AMAPÁ,MAZAGÃO,Amazônia
 1737073542 ,fd7d9c6c-f597-30b1-8759-990936f32cc6,    -.105470 ,  -51.504740 ,2024-12-16 17:49:00,Brasil,AMAPÁ,MAZAGÃO,Amazônia
 1737073722 ,34da40f1-2b8d-3bf4-abf9-447b6ee33889,    -.531650 ,  -51.771360 ,2024-12-16 17:49:00,Brasil,AMAPÁ,MAZAGÃO,Amazônia
 1737883468 ,000743c2-f77c-3b71-aaf6-e8915d98b857,    -.145890 ,  -51.462230 ,2024-12-21 17:49:00,Brasil,AMAPÁ,MAZAGÃO,Amazônia
 1737883602 ,a6ee4b46-b848-3f0c-9ab4-27404c7533ce,    -.267020 ,  -51.459150 ,2024-12-21 17:49:00,Brasil,AMAPÁ,MAZAGÃO,Amazônia
 1737883611 ,fd395a32-d063-3e96-9178-b4699a0aab3e,    -.975720 ,  -52.402470 ,2024-12-21 17:49:00,Brasil,AMAPÁ,VITÓRIA DO JARI,Amazônia
 1737883629 ,8d3ce893-8deb-3425-9d83-f5c577af4715,    -.012190 ,  -51.676530 ,2024-12-21 17:49:00,Brasil,AMAPÁ,MAZAGÃO,Amazônia
 1737883636 ,1ecd6cbc-fccc-3e7a-b0df-50b1e2246eef,     .036660 ,  -51.155470 ,2024-12-21 17:49:00,Brasil,AMAPÁ,MACAPÁ,Amazônia
 1737883645 ,2e486bcd-fe15-38c4-9665-8807bae9ae4e,    -.144610 ,  -51.453460 ,2024-12-21 17:49:00,Brasil,AMAPÁ,MAZAGÃO,Amazônia
 1737883652 ,421e5ff4-6ed9-335a-9f3c-27b78e07ea99,     .035510 ,  -51.101550 ,2024-12-21 17:49:00,Brasil,AMAPÁ,MACAPÁ,Amazônia
 1737883658 ,b83f9413-d2e8-3780-a7f6-b0d5ef8e807f,     .044330 ,  -51.102840 ,2024-12-21 17:49:00,Brasil,AMAPÁ,MACAPÁ,Amazônia
 1737883706 ,9896415c-c8c4-31b1-a938-308d080e7283,     .249240 ,  -50.839490 ,2024-12-21 17:49:00,Brasil,AMAPÁ,MACAPÁ,Amazônia
 1737883717 ,7a2d7954-5be0-34e7-857f-fdbcbcef73a5,     .008930 ,  -51.160370 ,2024-12-21 17:49:00,Brasil,AMAPÁ,MACAPÁ,Amazônia
 1737883795 ,21a55825-c2a4-330c-be80-a94ed4e0c867,     .936670 ,  -50.737650 ,2024-12-21 17:51:00,Brasil,AMAPÁ,CUTIAS,Amazônia
 1737883804 ,62b579d7-e24d-3137-94c3-ffefd16ba9ad,     .034230 ,  -51.110320 ,2024-12-21 17:49:00,Brasil,AMAPÁ,MACAPÁ,Amazônia
 1738182683 ,bef8850e-0ef4-3dea-89b5-0bdd8883f5ef,    -.600720 ,  -52.127960 ,2024-12-23 17:32:00,Brasil,AMAPÁ,LARANJAL DO JARI,Amazônia
 1738182737 ,96f42105-a5e4-31c8-9c40-12396d0c2ca2,    -.608370 ,  -52.133560 ,2024-12-23 17:32:00,Brasil,AMAPÁ,LARANJAL DO JARI,Amazônia
 1738182739 ,b1fa0e79-8038-3ade-af4d-f84bf87874e8,    -.204960 ,  -51.602230 ,2024-12-23 17:32:00,Brasil,AMAPÁ,MAZAGÃO,Amazônia
 1738182744 ,9620cbbf-2f7f-3e90-8803-206b52386f81,    -.261810 ,  -51.446920 ,2024-12-23 17:32:00,Brasil,AMAPÁ,MAZAGÃO,Amazônia
 1738182760 ,4df27163-6037-361c-8d93-b5c91b74253e,    -.610990 ,  -52.150870 ,2024-12-23 17:32:00,Brasil,AMAPÁ,LARANJAL DO JARI,Amazônia
 1738183011 ,266d5039-fec8-3e48-9c07-72be5a4c8761,    -.603210 ,  -52.145320 ,2024-12-23 17:32:00,Brasil,AMAPÁ,LARANJAL DO JARI,Amazônia
 1738183057 ,3b314b2c-f26b-3c92-8d79-7017b3344586,    -.394940 ,  -51.642990 ,2024-12-23 17:32:00,Brasil,AMAPÁ,MAZAGÃO,Amazônia
 1738183063 ,d45b96f5-16aa-3f97-8059-e3bdb61ba6dc,    -.406570 ,  -51.641330 ,2024-12-23 17:32:00,Brasil,AMAPÁ,MAZAGÃO,Amazônia
 1738183162 ,c3c201a2-8d60-3ea1-bb90-7841383d78fd,    -.397290 ,  -51.658890 ,2024-12-23 17:32:00,Brasil,AMAPÁ,MAZAGÃO,Amazônia
 1738330000 ,f79f65d8-d26b-3241-b668-d4fb2a01f820,    -.782180 ,  -52.477870 ,2024-12-24 18:13:00,Brasil,AMAPÁ,LARANJAL DO JARI,Amazônia
 1738330095 ,e81c7980-0e6c-3735-884b-0cf66ecf13a9,    -.311740 ,  -51.709690 ,2024-12-24 18:13:00,Brasil,AMAPÁ,MAZAGÃO,Amazônia
 1739101496 ,298a82fd-40c4-3592-843b-915076a524f7,   -1.117950 ,  -52.166500 ,2024-12-29 18:13:00,Brasil,AMAPÁ,VITÓRIA DO JARI,Amazônia
 1739557809 ,d67c300c-ae3a-393c-9b54-13df4a98b5f2,    -.307580 ,  -51.713910 ,2024-12-31 17:53:00,Brasil,AMAPÁ,MAZAGÃO,Amazônia
