id_bdq,foco_id,lat,lon,data_pas,pais,estado,municipio,bioma
 1615488559 ,1a7f8de0-fcf1-3c4c-86c9-57898a96a173,    -.015950 ,  -51.270420 ,2023-01-06 16:49:00,Brasil,AMAPÁ,SANTANA,Amazônia
 1615492521 ,0f8e141d-b730-3986-a3e3-376be8c9fe0c,     .591740 ,  -51.505550 ,2023-01-06 16:49:00,Brasil,AMAPÁ,PORTO GRANDE,Amazônia
 1615729903 ,6330e8ec-16c1-3969-bad4-44040ee319a3,    1.291170 ,  -50.585220 ,2023-01-08 16:37:00,Brasil,AMAPÁ,TARTARUGALZINHO,Amazônia
 1616089550 ,6607b867-8109-3ed8-9edc-240aa3f29a96,     .660820 ,  -51.601750 ,2023-01-11 17:06:00,Brasil,AMAPÁ,PORTO GRANDE,Amazônia
 1616089551 ,2d7ab9a0-ec9d-3228-8336-cb75bbe6d5f3,    1.715490 ,  -50.874010 ,2023-01-11 17:06:00,Brasil,AMAPÁ,PRACUÚBA,Amazônia
 1617561794 ,174cb479-80e6-369f-95a6-393a852be3c7,    1.327930 ,  -50.719370 ,2023-01-25 17:11:00,Brasil,AMAPÁ,TARTARUGALZINHO,Amazônia
 1617757884 ,95fd3a60-a797-34f8-b31b-a512da67a122,    -.388530 ,  -51.717080 ,2023-01-27 16:58:00,Brasil,AMAPÁ,MAZAGÃO,Amazônia
 1617978593 ,a161b74f-8326-3c98-b1f5-1e12623dc865,    -.044110 ,  -51.174660 ,2023-01-29 16:45:00,Brasil,AMAPÁ,SANTANA,Amazônia
 1623910696 ,ae29113f-681c-3283-a0c3-54de3ab3fa85,    2.399680 ,  -51.124730 ,2023-03-19 16:58:00,Brasil,AMAPÁ,CALÇOENE,Amazônia
 1626793411 ,b17d4216-db15-3455-9913-6bfe016a2122,     .345550 ,  -50.866630 ,2023-04-12 17:28:00,Brasil,AMAPÁ,MACAPÁ,Amazônia
 1630140657 ,5b3f36bc-f502-307a-904f-371324320648,    2.177590 ,  -50.891340 ,2023-05-14 17:02:00,Brasil,AMAPÁ,CALÇOENE,Amazônia
 1630985461 ,fda9bb7a-9d2d-3eb4-970f-f8d5a52f6959,    1.905530 ,  -50.832650 ,2023-05-21 17:02:00,Brasil,AMAPÁ,AMAPÁ,Amazônia
 1630985468 ,a90d5a0f-fe04-30cb-b897-241450b63c81,    1.915040 ,  -50.834050 ,2023-05-21 17:02:00,Brasil,AMAPÁ,AMAPÁ,Amazônia
 1630985477 ,7bcf7677-f646-3f53-a3bb-7ecc9c84b194,    1.916520 ,  -50.823870 ,2023-05-21 17:02:00,Brasil,AMAPÁ,AMAPÁ,Amazônia
 1631397708 ,5063becb-2dc7-3d31-95e5-9bfe16ab6fd3,    1.709840 ,  -50.833680 ,2023-05-26 17:15:00,Brasil,AMAPÁ,PRACUÚBA,Amazônia
 1637926728 ,91bd1a99-6a22-3ffa-a72c-68e7346518dc,     .586640 ,  -50.701660 ,2023-07-14 17:09:00,Brasil,AMAPÁ,ITAUBAL,Amazônia
 1637926734 ,aaea659c-65c7-3337-a27f-575bc99259f6,     .587940 ,  -50.692610 ,2023-07-14 17:09:00,Brasil,AMAPÁ,ITAUBAL,Amazônia
 1638318323 ,f032127e-3206-3437-a832-f32512925c83,    2.772280 ,  -51.078220 ,2023-07-16 16:56:00,Brasil,AMAPÁ,CALÇOENE,Amazônia
 1640405091 ,2c0e01a2-1adc-3f01-bd2b-6299a963dcb0,    2.065910 ,  -50.864480 ,2023-07-28 17:07:00,Brasil,AMAPÁ,AMAPÁ,Amazônia
 1640405092 ,8ca6a76c-6032-3c41-a5eb-a1c35bea6db7,    1.430420 ,  -50.739010 ,2023-07-28 17:07:00,Brasil,AMAPÁ,TARTARUGALZINHO,Amazônia
 1640405093 ,90950e91-611e-36e7-a05b-38eb0136fcdc,    1.429050 ,  -50.748460 ,2023-07-28 17:07:00,Brasil,AMAPÁ,TARTARUGALZINHO,Amazônia
 1640405094 ,ec385c13-51cb-3cba-b847-d2cd029a605d,    1.281960 ,  -50.685840 ,2023-07-28 17:07:00,Brasil,AMAPÁ,TARTARUGALZINHO,Amazônia
 1640405095 ,c408e5f9-c0ce-3c4c-a086-d24dcd6f10fc,    1.273810 ,  -50.742400 ,2023-07-28 17:07:00,Brasil,AMAPÁ,TARTARUGALZINHO,Amazônia
 1640405096 ,646af044-d0ef-3f46-9ff1-874c66599268,    1.272450 ,  -50.751860 ,2023-07-28 17:07:00,Brasil,AMAPÁ,TARTARUGALZINHO,Amazônia
 1640405097 ,84f11278-2e8e-39c1-9c3d-a6f0d4246bf5,    1.264630 ,  -50.741060 ,2023-07-28 17:07:00,Brasil,AMAPÁ,TARTARUGALZINHO,Amazônia
 1640405098 ,04490c1d-d071-337f-a185-ff4eaad94a10,    1.263260 ,  -50.750520 ,2023-07-28 17:07:00,Brasil,AMAPÁ,TARTARUGALZINHO,Amazônia
 1640828685 ,ec0d4861-e788-3d93-b61b-df6321883ce1,    1.263770 ,  -50.758090 ,2023-07-31 17:34:00,Brasil,AMAPÁ,TARTARUGALZINHO,Amazônia
 1640828686 ,a7e9e2ff-a8a8-3b50-b8d0-eb6afcaadf77,    1.261420 ,  -50.774270 ,2023-07-31 17:34:00,Brasil,AMAPÁ,TARTARUGALZINHO,Amazônia
 1654100935 ,67a2a26b-9fb6-3d7a-a18d-53b34b235932,    3.744390 ,  -51.734870 ,2023-10-02 17:20:00,Brasil,AMAPÁ,OIAPOQUE,Amazônia
 1654100936 ,e8ade888-c4ac-3d73-85dd-587b8cbc4c15,    3.665460 ,  -51.777680 ,2023-10-02 17:20:00,Brasil,AMAPÁ,OIAPOQUE,Amazônia
 1654100937 ,655bdb95-5975-31d2-b146-1e22a0f56cc0,    3.652440 ,  -51.289480 ,2023-10-02 17:20:00,Brasil,AMAPÁ,OIAPOQUE,Amazônia
 1654100939 ,ba12bf1a-eb7d-387a-97ab-35bdba1ef49d,    3.388670 ,  -51.269430 ,2023-10-02 17:20:00,Brasil,AMAPÁ,OIAPOQUE,Amazônia
 1654100940 ,28b791ae-c344-3a53-a523-54d2fe438015,    3.381040 ,  -51.259260 ,2023-10-02 17:20:00,Brasil,AMAPÁ,OIAPOQUE,Amazônia
 1654100941 ,df5b1de6-7add-3e3a-9ab4-0855a1459cd9,    3.379760 ,  -51.268130 ,2023-10-02 17:20:00,Brasil,AMAPÁ,OIAPOQUE,Amazônia
 1654100942 ,821ec453-7a7f-3993-9c22-07849ce01031,    3.372140 ,  -51.257970 ,2023-10-02 17:20:00,Brasil,AMAPÁ,OIAPOQUE,Amazônia
 1654100943 ,cc0c9046-5fff-3d73-a75b-917942f0c9a2,    3.370860 ,  -51.266830 ,2023-10-02 17:20:00,Brasil,AMAPÁ,OIAPOQUE,Amazônia
 1654100944 ,6cbd11dc-a98e-37cd-bb1c-4ad268f54ed5,    3.362400 ,  -51.249920 ,2023-10-02 17:20:00,Brasil,AMAPÁ,OIAPOQUE,Amazônia
 1654100945 ,cc57da20-94ab-3d36-89a6-9a177fc39cd1,    3.361910 ,  -51.328900 ,2023-10-02 17:20:00,Brasil,AMAPÁ,OIAPOQUE,Amazônia
 1654100946 ,8fc5539b-9185-317b-a2f6-b101764eadf6,    3.361120 ,  -51.258790 ,2023-10-02 17:20:00,Brasil,AMAPÁ,OIAPOQUE,Amazônia
 1654100947 ,04cbc6ee-0a03-3c30-aab6-1f8983bf7628,    3.274530 ,  -51.354820 ,2023-10-02 17:20:00,Brasil,AMAPÁ,OIAPOQUE,Amazônia
 1654100948 ,5ea45a6e-3ba6-37ee-83c7-89fdfa9894f4,    3.273250 ,  -51.363690 ,2023-10-02 17:20:00,Brasil,AMAPÁ,OIAPOQUE,Amazônia
 1654100949 ,f08e3f61-f522-3559-ace1-d74c12eb5049,    3.068650 ,  -52.330160 ,2023-10-02 17:20:00,Brasil,AMAPÁ,OIAPOQUE,Amazônia
 1654100950 ,43ea9924-7930-305e-ad69-01a9c5edf0be,    2.904120 ,  -51.493340 ,2023-10-02 17:20:00,Brasil,AMAPÁ,OIAPOQUE,Amazônia
 1654100951 ,27c88445-82a9-3103-baaa-ae620757c41e,    2.902830 ,  -51.502200 ,2023-10-02 17:20:00,Brasil,AMAPÁ,OIAPOQUE,Amazônia
 1654100952 ,da0d6479-34d5-39c7-9b31-6c7cdd7e5f43,    2.772770 ,  -51.063960 ,2023-10-02 17:20:00,Brasil,AMAPÁ,CALÇOENE,Amazônia
 1654100953 ,092b62e0-102c-3290-acd2-21e7ed19194c,    2.540840 ,  -50.948880 ,2023-10-02 17:20:00,Brasil,AMAPÁ,CALÇOENE,Amazônia
 1654100954 ,11f0d04b-629c-3934-87bf-bd5a7a607695,    2.539550 ,  -50.957760 ,2023-10-02 17:20:00,Brasil,AMAPÁ,CALÇOENE,Amazônia
 1654100955 ,baa010af-ce35-38e5-ab3f-f229f2219b34,    2.357320 ,  -51.639640 ,2023-10-02 17:20:00,Brasil,AMAPÁ,CALÇOENE,Amazônia
 1654100956 ,5f671fe7-f6a9-3bec-a297-e835a381fa90,    1.117350 ,  -52.567790 ,2023-10-02 17:17:00,Brasil,AMAPÁ,PEDRA BRANCA DO AMAPARI,Amazônia
 1654100957 ,dd1092b4-e814-339f-a8b9-dff409930440,    1.115970 ,  -52.577300 ,2023-10-02 17:17:00,Brasil,AMAPÁ,PEDRA BRANCA DO AMAPARI,Amazônia
 1654100958 ,fe2e489e-c08a-357b-a2b7-14c2fcec2732,    1.051890 ,  -51.240410 ,2023-10-02 17:17:00,Brasil,AMAPÁ,TARTARUGALZINHO,Amazônia
 1654100959 ,8b3efa19-ee25-3f40-917d-d5ce31f178c4,     .980770 ,  -51.921170 ,2023-10-02 17:17:00,Brasil,AMAPÁ,SERRA DO NAVIO,Amazônia
 1654100960 ,70123da5-8b36-3cb7-82ad-e5e9424354de,     .926220 ,  -52.047130 ,2023-10-02 17:17:00,Brasil,AMAPÁ,PEDRA BRANCA DO AMAPARI,Amazônia
 1654100961 ,91927638-5aad-35d2-a552-ca02952d47eb,     .773050 ,  -52.018300 ,2023-10-02 17:17:00,Brasil,AMAPÁ,PEDRA BRANCA DO AMAPARI,Amazônia
 1654100962 ,3ef714a2-cbe1-3a01-ae1a-caf1907d4fd8,     .771700 ,  -52.027470 ,2023-10-02 17:17:00,Brasil,AMAPÁ,PEDRA BRANCA DO AMAPARI,Amazônia
 1654100963 ,c5f4e5fd-a025-3445-883e-02c00ce0b858,     .766850 ,  -51.495430 ,2023-10-02 17:17:00,Brasil,AMAPÁ,PORTO GRANDE,Amazônia
 1654100964 ,70b1af65-ad2e-319d-8f9a-156d4187e385,     .765550 ,  -51.504360 ,2023-10-02 17:17:00,Brasil,AMAPÁ,PORTO GRANDE,Amazônia
 1654100965 ,ba6a433a-2784-3a89-9c78-b12f8f925ee5,     .747290 ,  -51.431470 ,2023-10-02 17:17:00,Brasil,AMAPÁ,PORTO GRANDE,Amazônia
 1654100966 ,3caf3746-aabc-3de1-9eaf-a5647b937c68,     .746000 ,  -51.440380 ,2023-10-02 17:17:00,Brasil,AMAPÁ,PORTO GRANDE,Amazônia
 1654100967 ,05a8d118-a10e-3886-8b96-32e4bb9ac12a,    -.543970 ,  -51.829760 ,2023-10-02 17:17:00,Brasil,AMAPÁ,MAZAGÃO,Amazônia
 1654100968 ,03012bf6-e9e7-3918-b329-b3df9350ca86,    -.513900 ,  -51.749740 ,2023-10-02 17:17:00,Brasil,AMAPÁ,MAZAGÃO,Amazônia
 1654100969 ,57bec320-5802-3e6c-90c4-61d2c6ef6de3,    -.503710 ,  -51.807450 ,2023-10-02 17:17:00,Brasil,AMAPÁ,MAZAGÃO,Amazônia
 1654100970 ,2c6f27e7-fd57-3ea7-9623-df04d7505428,    -.502390 ,  -51.798260 ,2023-10-02 17:17:00,Brasil,AMAPÁ,MAZAGÃO,Amazônia
 1654100971 ,264f4ed8-9d9f-3f8a-a3f3-c487458775dd,    -.467600 ,  -51.743350 ,2023-10-02 17:17:00,Brasil,AMAPÁ,MAZAGÃO,Amazônia
 1654100972 ,ed8a279a-acde-3951-b717-b7608568692b,    -.464140 ,  -51.846900 ,2023-10-02 17:17:00,Brasil,AMAPÁ,MAZAGÃO,Amazônia
 1654100973 ,53df92ac-15bd-3cf8-8b65-f585947823d6,    -.462810 ,  -51.837700 ,2023-10-02 17:17:00,Brasil,AMAPÁ,MAZAGÃO,Amazônia
 1654100974 ,42c4b653-a9e6-32ab-a1f0-9ff71c30a025,    -.461470 ,  -51.828510 ,2023-10-02 17:17:00,Brasil,AMAPÁ,MAZAGÃO,Amazônia
 1654100975 ,dafd1f36-d674-392c-be66-6de77768d2da,    -.455070 ,  -51.848210 ,2023-10-02 17:17:00,Brasil,AMAPÁ,MAZAGÃO,Amazônia
 1654100976 ,0309db32-40f8-3eb8-a2cb-555eb7182ad2,    -.453740 ,  -51.839010 ,2023-10-02 17:17:00,Brasil,AMAPÁ,MAZAGÃO,Amazônia
 1654100977 ,04555e75-4a3e-3357-8250-df77ca9e1280,    -.441090 ,  -52.522280 ,2023-10-02 17:17:00,Brasil,AMAPÁ,LARANJAL DO JARI,Amazônia
 1654100978 ,e298523c-96ac-3adf-b7d9-0bdbed5a65bb,    -.083550 ,  -51.954740 ,2023-10-02 17:17:00,Brasil,AMAPÁ,MAZAGÃO,Amazônia
 1654100979 ,dd725a1d-2b63-3c59-991e-44010a0f13b2,    -.027360 ,  -51.950580 ,2023-10-02 17:17:00,Brasil,AMAPÁ,MAZAGÃO,Amazônia
 1654100980 ,097328fc-e5e7-382b-940b-b2c7eb124b40,    -.026020 ,  -51.941390 ,2023-10-02 17:17:00,Brasil,AMAPÁ,MAZAGÃO,Amazônia
 1654100981 ,491cbc7a-5d54-3ca3-8c0c-40f765941586,     .589110 ,  -51.576090 ,2023-10-02 17:17:00,Brasil,AMAPÁ,PORTO GRANDE,Amazônia
 1654100982 ,4e75e18e-18ce-36f2-96fd-1f307300c778,     .212570 ,  -51.442110 ,2023-10-02 17:17:00,Brasil,AMAPÁ,SANTANA,Amazônia
 1654100983 ,ba473849-064b-30d6-9b4b-330059492006,     .211270 ,  -51.451060 ,2023-10-02 17:17:00,Brasil,AMAPÁ,SANTANA,Amazônia
 1654100984 ,758c45aa-0cf7-3c1a-8c1c-31556c80cbf1,     .209960 ,  -51.460010 ,2023-10-02 17:17:00,Brasil,AMAPÁ,SANTANA,Amazônia
 1654100990 ,87e15e9c-8c48-317f-9766-80b6e3d09321,   -1.097040 ,  -52.026760 ,2023-10-02 17:17:00,Brasil,AMAPÁ,VITÓRIA DO JARI,Amazônia
 1654100991 ,e3510a97-9666-306a-aad8-4e79f71cf5f7,   -1.095690 ,  -52.017350 ,2023-10-02 17:17:00,Brasil,AMAPÁ,VITÓRIA DO JARI,Amazônia
 1654100992 ,55d0ae81-1471-30c8-acf4-ebe560739387,    -.927850 ,  -51.872340 ,2023-10-02 17:17:00,Brasil,AMAPÁ,VITÓRIA DO JARI,Amazônia
 1654100993 ,cfab103b-183b-38fd-aabb-a5397d2c74b6,    -.926500 ,  -51.863060 ,2023-10-02 17:17:00,Brasil,AMAPÁ,VITÓRIA DO JARI,Amazônia
 1654100994 ,a93a206c-8ee8-37ee-ac09-93af410dd9b6,    -.895910 ,  -52.039260 ,2023-10-02 17:17:00,Brasil,AMAPÁ,LARANJAL DO JARI,Amazônia
 1654100995 ,7f8a741e-93e4-315e-972c-a818257dfbfd,    -.837300 ,  -52.322050 ,2023-10-02 17:17:00,Brasil,AMAPÁ,VITÓRIA DO JARI,Amazônia
 1654102483 ,e774ac7f-eb65-3cc4-b8cb-c412461c0f19,    2.369740 ,  -50.920830 ,2023-10-02 17:20:00,Brasil,AMAPÁ,CALÇOENE,Amazônia
 1654102484 ,139ad4f7-fcc0-38ed-bb39-39aaeecfb0f0,    1.942820 ,  -50.746040 ,2023-10-02 17:17:00,Brasil,AMAPÁ,AMAPÁ,Amazônia
 1654102485 ,e98be0a3-d5a9-3aed-ac16-b183ed15ff8f,    1.826000 ,  -50.668870 ,2023-10-02 17:17:00,Brasil,AMAPÁ,PRACUÚBA,Amazônia
 1654102486 ,73305a93-4746-3546-a86e-d8b9c6116f0b,    1.801320 ,  -50.576710 ,2023-10-02 17:17:00,Brasil,AMAPÁ,AMAPÁ,Amazônia
 1654102487 ,591b2a34-2a19-33fc-a4e1-98952c0fb50c,    1.762120 ,  -50.922540 ,2023-10-02 17:17:00,Brasil,AMAPÁ,PRACUÚBA,Amazônia
 1654102488 ,9ffc9a04-cc44-39aa-b7a8-ea06e982193d,    1.661370 ,  -50.596310 ,2023-10-02 17:17:00,Brasil,AMAPÁ,PRACUÚBA,Amazônia
 1654102489 ,2d807809-b11c-30cc-9bd1-126bc2568114,    1.248640 ,  -51.028100 ,2023-10-02 17:17:00,Brasil,AMAPÁ,TARTARUGALZINHO,Amazônia
 1654102490 ,09213313-f4ed-351c-8cb4-f15090d9d3e6,    1.186390 ,  -49.929210 ,2023-10-02 17:17:00,Brasil,AMAPÁ,MACAPÁ,Amazônia
 1654102491 ,83408bdc-e175-3887-a934-925adb5662b6,    1.172860 ,  -50.911100 ,2023-10-02 17:17:00,Brasil,AMAPÁ,TARTARUGALZINHO,Amazônia
 1654102492 ,e34db5f1-7418-3272-b618-d661c41cd6ab,    1.065920 ,  -51.206260 ,2023-10-02 17:17:00,Brasil,AMAPÁ,TARTARUGALZINHO,Amazônia
 1654102493 ,cb9d7d33-198e-35bd-846e-162758c7425b,    1.064640 ,  -51.215120 ,2023-10-02 17:17:00,Brasil,AMAPÁ,TARTARUGALZINHO,Amazônia
 1654102494 ,4bda52eb-4172-32e1-b79b-761dd1e21b08,    1.062080 ,  -51.232850 ,2023-10-02 17:17:00,Brasil,AMAPÁ,TARTARUGALZINHO,Amazônia
 1654102495 ,eb3bb559-1a81-31f4-b126-85e89d9815c4,     .938390 ,  -50.750690 ,2023-10-02 17:17:00,Brasil,AMAPÁ,CUTIAS,Amazônia
 1654102496 ,24c86006-feb7-3017-bf70-c2daf4764f68,     .937110 ,  -50.759550 ,2023-10-02 17:17:00,Brasil,AMAPÁ,CUTIAS,Amazônia
 1654102497 ,75b313fb-ab70-318f-ba00-f2d945a085d9,     .793450 ,  -50.226430 ,2023-10-02 17:17:00,Brasil,AMAPÁ,MACAPÁ,Amazônia
 1654102498 ,6cad5041-dbbb-340f-8391-502f9988dda1,     .706240 ,  -50.641330 ,2023-10-02 17:17:00,Brasil,AMAPÁ,MACAPÁ,Amazônia
 1654102499 ,c9b32d92-fcd5-37e6-83d8-0004d1343b53,     .704960 ,  -50.650190 ,2023-10-02 17:17:00,Brasil,AMAPÁ,MACAPÁ,Amazônia
 1654102500 ,54028b81-ce1f-3f95-b23d-637e3a82e0c4,     .696050 ,  -50.648900 ,2023-10-02 17:17:00,Brasil,AMAPÁ,MACAPÁ,Amazônia
 1654102501 ,04203956-44d4-35b6-95bd-0b9cacbd3dbb,     .681240 ,  -50.676350 ,2023-10-02 17:17:00,Brasil,AMAPÁ,MACAPÁ,Amazônia
 1654102502 ,9c3c44b9-c4af-3961-9d65-da38a35e7f8b,     .679960 ,  -50.685200 ,2023-10-02 17:17:00,Brasil,AMAPÁ,MACAPÁ,Amazônia
 1654102503 ,030fe860-593b-35d8-80ae-39b79a103764,     .257340 ,  -50.870410 ,2023-10-02 17:17:00,Brasil,AMAPÁ,MACAPÁ,Amazônia
 1654102505 ,48438421-4c90-37bc-b27c-30d060357b17,     .173440 ,  -51.006210 ,2023-10-02 17:17:00,Brasil,AMAPÁ,MACAPÁ,Amazônia
 1654102506 ,41545e19-88ec-355d-a638-cf181d938a1a,    -.263670 ,  -51.483050 ,2023-10-02 17:17:00,Brasil,AMAPÁ,MAZAGÃO,Amazônia
 1654102507 ,5dd59249-0ee4-3b8a-bd38-7cd989209795,    -.262380 ,  -51.474040 ,2023-10-02 17:17:00,Brasil,AMAPÁ,MAZAGÃO,Amazônia
 1654266255 ,5b16953e-b0c6-3482-847f-fcb6f59149b6,    -.354790 ,  -51.755680 ,2023-10-03 17:58:00,Brasil,AMAPÁ,MAZAGÃO,Amazônia
 1654436174 ,7897b4cb-d432-3695-861a-f8e06943aa6d,    2.035910 ,  -50.971550 ,2023-10-04 17:05:00,Brasil,AMAPÁ,AMAPÁ,Amazônia
 1654436175 ,b871a285-4114-3ec1-896f-914acc110ef5,    1.783130 ,  -50.952210 ,2023-10-04 17:05:00,Brasil,AMAPÁ,PRACUÚBA,Amazônia
 1654436176 ,8f2b5566-effa-330d-8abf-40284667356f,    1.781350 ,  -50.964290 ,2023-10-04 17:05:00,Brasil,AMAPÁ,PRACUÚBA,Amazônia
 1654436177 ,08897dd5-ae7d-3ce2-b997-59fc2b5b3afa,    1.738880 ,  -50.896650 ,2023-10-04 17:05:00,Brasil,AMAPÁ,PRACUÚBA,Amazônia
 1654436178 ,e76d2228-3065-3fb7-8951-0e4b2d256e53,    1.732220 ,  -50.890240 ,2023-10-04 17:05:00,Brasil,AMAPÁ,PRACUÚBA,Amazônia
 1654436179 ,79cf70c4-c867-3326-b31a-927091a89621,    1.625060 ,  -50.991440 ,2023-10-04 17:05:00,Brasil,AMAPÁ,PRACUÚBA,Amazônia
 1654436180 ,0b11e7c8-1486-3308-8297-26271bfdfeba,    1.623290 ,  -51.003620 ,2023-10-04 17:05:00,Brasil,AMAPÁ,PRACUÚBA,Amazônia
 1654436181 ,7865d591-44ba-3cd9-b737-378b9c1dacd1,    1.618260 ,  -50.965470 ,2023-10-04 17:05:00,Brasil,AMAPÁ,PRACUÚBA,Amazônia
 1654436182 ,2c1452a2-db50-3bbc-b38b-f0ff3afea533,    1.169810 ,  -51.077210 ,2023-10-04 17:02:00,Brasil,AMAPÁ,TARTARUGALZINHO,Amazônia
 1654436183 ,3293e250-45b0-3a53-9ac0-63ed56dbd754,     .865640 ,  -50.719900 ,2023-10-04 17:02:00,Brasil,AMAPÁ,CUTIAS,Amazônia
 1654436184 ,57b285d9-6042-3c11-8a9d-00bf2a1ad706,     .855360 ,  -50.718390 ,2023-10-04 17:02:00,Brasil,AMAPÁ,CUTIAS,Amazônia
 1654436185 ,d93d0fbc-5f2a-32e9-ad66-851be4bc5d54,     .769680 ,  -50.749590 ,2023-10-04 17:02:00,Brasil,AMAPÁ,MACAPÁ,Amazônia
 1654436186 ,3effaf38-b97c-3229-92e4-9266b5c5d822,     .759370 ,  -50.748110 ,2023-10-04 17:02:00,Brasil,AMAPÁ,MACAPÁ,Amazônia
 1654436187 ,467d94ef-9b9e-390a-b33b-324ae98e17bf,     .485860 ,  -50.726670 ,2023-10-04 17:02:00,Brasil,AMAPÁ,ITAUBAL,Amazônia
 1654436188 ,4706045d-dc9c-385c-8a73-7795f0b35fef,     .436000 ,  -50.877580 ,2023-10-04 17:02:00,Brasil,AMAPÁ,MACAPÁ,Amazônia
 1654436189 ,6fffaefe-4ba6-3ee9-a216-4baaabb2432c,     .429640 ,  -51.249990 ,2023-10-04 17:02:00,Brasil,AMAPÁ,MACAPÁ,Amazônia
 1654436190 ,f0cb2293-8848-34ee-bce0-75f227bc1523,     .427700 ,  -51.263120 ,2023-10-04 17:02:00,Brasil,AMAPÁ,MACAPÁ,Amazônia
 1654436191 ,35d7bddf-8916-31ed-8f7a-9f21c86b7c6b,     .415070 ,  -50.874490 ,2023-10-04 17:02:00,Brasil,AMAPÁ,MACAPÁ,Amazônia
 1654436236 ,df8c57f9-fec2-3f59-bbe8-704b80753b43,    3.525710 ,  -51.470620 ,2023-10-04 17:05:00,Brasil,AMAPÁ,OIAPOQUE,Amazônia
 1654436237 ,a61dfd89-5c48-3a94-914a-4869113bef97,    3.517190 ,  -51.456700 ,2023-10-04 17:05:00,Brasil,AMAPÁ,OIAPOQUE,Amazônia
 1654436238 ,0bd26ae2-07d1-3456-afd3-a5f3bb49eefd,    3.515310 ,  -51.469040 ,2023-10-04 17:05:00,Brasil,AMAPÁ,OIAPOQUE,Amazônia
 1654436239 ,da125808-6773-3b02-9f3a-6cca9595918f,    3.395440 ,  -51.252410 ,2023-10-04 17:05:00,Brasil,AMAPÁ,OIAPOQUE,Amazônia
 1654436240 ,32581434-06a6-31dc-91a3-8a6cae91e758,    3.393650 ,  -51.264420 ,2023-10-04 17:05:00,Brasil,AMAPÁ,OIAPOQUE,Amazônia
 1654436241 ,9085bf39-831e-35d9-9d3b-e18c3d799442,    3.335760 ,  -51.250090 ,2023-10-04 17:05:00,Brasil,AMAPÁ,OIAPOQUE,Amazônia
 1654436242 ,ae8dce6a-8831-39de-a8f4-74823e706bb5,    3.283130 ,  -51.608410 ,2023-10-04 17:05:00,Brasil,AMAPÁ,OIAPOQUE,Amazônia
 1654436243 ,cd61a61a-9260-3120-a603-f8bbeaab41d2,    3.213550 ,  -51.237500 ,2023-10-04 17:05:00,Brasil,AMAPÁ,OIAPOQUE,Amazônia
 1654436244 ,23030bf9-4134-3e92-a742-be95d75ac787,    3.016500 ,  -51.395820 ,2023-10-04 17:05:00,Brasil,AMAPÁ,CALÇOENE,Amazônia
 1654436245 ,0d4a2c3a-039a-33ec-8033-08f40e93e881,    3.014670 ,  -51.408190 ,2023-10-04 17:05:00,Brasil,AMAPÁ,OIAPOQUE,Amazônia
 1654436246 ,03b00196-5c97-3008-a9ad-0c3f73e1d2c3,    2.614100 ,  -51.008440 ,2023-10-04 17:05:00,Brasil,AMAPÁ,CALÇOENE,Amazônia
 1654436247 ,4c1af99e-deb7-3970-8c68-c605395dd9dc,    2.481580 ,  -51.279380 ,2023-10-04 17:05:00,Brasil,AMAPÁ,CALÇOENE,Amazônia
 1654436248 ,0ef0bfe6-7c20-3906-acfe-731618af4c65,    1.062930 ,  -52.319460 ,2023-10-04 17:05:00,Brasil,AMAPÁ,PEDRA BRANCA DO AMAPARI,Amazônia
 1654436249 ,7c7b20a9-9ace-3f90-9d95-e055ce2be279,     .850780 ,  -52.128150 ,2023-10-04 17:02:00,Brasil,AMAPÁ,PEDRA BRANCA DO AMAPARI,Amazônia
 1654436250 ,5da35829-e741-38dc-bc55-ef14834b0700,    -.199360 ,  -51.543090 ,2023-10-04 17:02:00,Brasil,AMAPÁ,MAZAGÃO,Amazônia
 1654436251 ,a4aee951-b179-3019-91ac-46487320c033,    -.199050 ,  -51.537810 ,2023-10-04 17:02:00,Brasil,AMAPÁ,MAZAGÃO,Amazônia
 1654436252 ,2dae2099-1418-3526-869b-ad5826da5a95,     .622690 ,  -51.413220 ,2023-10-04 17:02:00,Brasil,AMAPÁ,PORTO GRANDE,Amazônia
 1654436253 ,5861fe24-d78f-324d-9161-b384874eebd1,     .587720 ,  -51.576100 ,2023-10-04 17:02:00,Brasil,AMAPÁ,PORTO GRANDE,Amazônia
 1654436254 ,6be7b636-bd1b-3b47-90a8-268769dc1141,     .509140 ,  -51.488710 ,2023-10-04 17:02:00,Brasil,AMAPÁ,PORTO GRANDE,Amazônia
 1654629880 ,dabd5376-dc29-31ee-8923-a91c428aeb92,    -.374040 ,  -51.797300 ,2023-10-05 17:43:00,Brasil,AMAPÁ,MAZAGÃO,Amazônia
 1654629882 ,5b4bb48a-419c-3377-9663-1469118fe140,    -.371480 ,  -51.780140 ,2023-10-05 17:43:00,Brasil,AMAPÁ,MAZAGÃO,Amazônia
 1654630003 ,912a8dbc-6974-3aec-bf45-4251ff7898f6,    3.407710 ,  -51.257000 ,2023-10-05 17:45:00,Brasil,AMAPÁ,OIAPOQUE,Amazônia
 1654630004 ,1e59a17c-0e06-3d52-b041-c3a789f934d1,    3.404700 ,  -51.278900 ,2023-10-05 17:45:00,Brasil,AMAPÁ,OIAPOQUE,Amazônia
 1654630024 ,ad3a0d0f-752b-3c95-adc3-8ca1dc4358ff,    1.743840 ,  -50.925070 ,2023-10-05 17:43:00,Brasil,AMAPÁ,PRACUÚBA,Amazônia
 1654630041 ,ca43d437-5737-3e11-a9c1-83d22f9d2f64,     .110820 ,  -51.369330 ,2023-10-05 17:43:00,Brasil,AMAPÁ,SANTANA,Amazônia
 1654630042 ,0b6b17af-b86f-3f9f-9e54-7a655950da69,     .098190 ,  -51.367520 ,2023-10-05 17:43:00,Brasil,AMAPÁ,SANTANA,Amazônia
 1654761259 ,87475e59-7fc1-3672-a15b-3e9ffd0a186d,    3.411430 ,  -51.259580 ,2023-10-06 16:50:00,Brasil,AMAPÁ,OIAPOQUE,Amazônia
 1654761260 ,21216aea-097b-32c2-9182-fc8ad72ba053,    3.116160 ,  -51.386580 ,2023-10-06 16:50:00,Brasil,AMAPÁ,OIAPOQUE,Amazônia
 1654761261 ,6e703ea3-6c13-36e5-b659-4fae57d8a4cc,    2.341590 ,  -50.922730 ,2023-10-06 16:50:00,Brasil,AMAPÁ,CALÇOENE,Amazônia
 1654761262 ,c5c5b2db-c176-3d90-ba08-72856b771cf0,    1.830420 ,  -50.545380 ,2023-10-06 16:50:00,Brasil,AMAPÁ,AMAPÁ,Amazônia
 1654761263 ,7ae3b591-adaf-3ed3-9374-031aa24f9dff,    1.771610 ,  -50.596070 ,2023-10-06 16:50:00,Brasil,AMAPÁ,AMAPÁ,Amazônia
 1654761264 ,53421cd1-470f-32f0-986b-cb163a0967c0,    1.713160 ,  -50.980330 ,2023-10-06 16:50:00,Brasil,AMAPÁ,PRACUÚBA,Amazônia
 1654761265 ,8f8058b1-2d7e-3e1d-bdd3-c0fde64869bb,    1.709590 ,  -51.003800 ,2023-10-06 16:50:00,Brasil,AMAPÁ,PRACUÚBA,Amazônia
 1654761266 ,c4619419-cdcb-33dc-a593-01f4df8e0627,    1.591090 ,  -50.669460 ,2023-10-06 16:50:00,Brasil,AMAPÁ,PRACUÚBA,Amazônia
 1654761267 ,5f5a24d8-9cd9-3ef7-b16f-4315006d2226,    1.270610 ,  -50.790000 ,2023-10-06 16:50:00,Brasil,AMAPÁ,TARTARUGALZINHO,Amazônia
 1654761268 ,f5671e05-22be-38cf-85a8-b15f8c7935f6,    1.264360 ,  -50.782170 ,2023-10-06 16:50:00,Brasil,AMAPÁ,TARTARUGALZINHO,Amazônia
 1654761269 ,93624a0d-65ab-3381-ba52-c46d9c74dee0,    1.166630 ,  -51.057640 ,2023-10-06 16:50:00,Brasil,AMAPÁ,TARTARUGALZINHO,Amazônia
 1654761270 ,a63d90d7-2dca-3c38-8fc6-af9830f895ee,    1.087000 ,  -52.374740 ,2023-10-06 16:50:00,Brasil,AMAPÁ,PEDRA BRANCA DO AMAPARI,Amazônia
 1654761271 ,b947412e-995a-3a03-a24d-adab7523135d,    1.077460 ,  -52.368500 ,2023-10-06 16:50:00,Brasil,AMAPÁ,PEDRA BRANCA DO AMAPARI,Amazônia
 1654761272 ,e4cb83a8-a844-3ec2-a42b-1fea285eafec,    1.030500 ,  -51.261060 ,2023-10-06 16:50:00,Brasil,AMAPÁ,TARTARUGALZINHO,Amazônia
 1654761273 ,a3429af8-22a9-3883-ac8f-b0fb55ad6dd8,     .998990 ,  -51.179140 ,2023-10-06 16:50:00,Brasil,AMAPÁ,FERREIRA GOMES,Amazônia
 1654761274 ,047ce5f7-4145-3681-927d-965fcaafec72,     .995100 ,  -51.204270 ,2023-10-06 16:50:00,Brasil,AMAPÁ,FERREIRA GOMES,Amazônia
 1654761275 ,b71009c7-813d-3bc7-b19b-6b3fdc7823dd,     .992100 ,  -51.196930 ,2023-10-06 16:50:00,Brasil,AMAPÁ,FERREIRA GOMES,Amazônia
 1654761276 ,71e4de0c-084e-3cc0-a44f-e83d09677f65,     .635490 ,  -50.747730 ,2023-10-06 16:50:00,Brasil,AMAPÁ,ITAUBAL,Amazônia
 1654761474 ,8e436c60-89e7-39b4-bdcd-d0622dc2140b,    -.133040 ,  -51.709970 ,2023-10-06 16:48:00,Brasil,AMAPÁ,MAZAGÃO,Amazônia
 1654981243 ,991def99-5862-3507-844b-402970e3d115,    3.531510 ,  -51.290380 ,2023-10-07 17:30:00,Brasil,AMAPÁ,OIAPOQUE,Amazônia
 1654981244 ,a815bc14-91f6-3a02-a323-f7803b8137f8,    3.426060 ,  -51.246170 ,2023-10-07 17:30:00,Brasil,AMAPÁ,OIAPOQUE,Amazônia
 1654981245 ,faf7fd48-8a49-320e-b03d-3a12083c45b6,    3.400080 ,  -51.358960 ,2023-10-07 17:30:00,Brasil,AMAPÁ,OIAPOQUE,Amazônia
 1654981246 ,174a57a0-4fd1-353d-8c6c-5438657b4cd0,    3.381700 ,  -51.338050 ,2023-10-07 17:30:00,Brasil,AMAPÁ,OIAPOQUE,Amazônia
 1654981247 ,aec9945a-e98f-321d-a8b9-1160dcd57777,    3.371700 ,  -51.336630 ,2023-10-07 17:30:00,Brasil,AMAPÁ,OIAPOQUE,Amazônia
 1654981248 ,66838198-e9cc-3634-9b43-0c6531f95670,    2.413530 ,  -50.968570 ,2023-10-07 17:30:00,Brasil,AMAPÁ,CALÇOENE,Amazônia
 1654981249 ,3948cb36-f17b-3169-8f75-b2ba9603cba5,    2.403430 ,  -50.967110 ,2023-10-07 17:30:00,Brasil,AMAPÁ,CALÇOENE,Amazônia
 1654981250 ,8707cff8-6c9c-36b3-8019-b8ffb0e906da,    2.394980 ,  -50.954060 ,2023-10-07 17:30:00,Brasil,AMAPÁ,CALÇOENE,Amazônia
 1654981251 ,555b181a-cf9e-3e14-87f1-72a76007734e,    2.393310 ,  -50.965680 ,2023-10-07 17:30:00,Brasil,AMAPÁ,CALÇOENE,Amazônia
 1654981252 ,bf0b007d-91d4-3ede-a42c-4964f4e972bd,     .862250 ,  -51.941980 ,2023-10-07 17:28:00,Brasil,AMAPÁ,SERRA DO NAVIO,Amazônia
 1654981253 ,9ffc135b-af44-3b18-92ff-fecff0d0380d,     .124300 ,  -51.452450 ,2023-10-07 17:28:00,Brasil,AMAPÁ,SANTANA,Amazônia
 1654981254 ,54032196-1bd3-37a5-bba4-3a5bb9cfdbf5,     .122820 ,  -51.462640 ,2023-10-07 17:28:00,Brasil,AMAPÁ,SANTANA,Amazônia
 1654981255 ,37ecca2a-3b85-37da-9bf8-be6dc40541ea,     .064450 ,  -51.598670 ,2023-10-07 17:28:00,Brasil,AMAPÁ,MAZAGÃO,Amazônia
 1654981256 ,d2526c88-38f5-38bb-b013-bfbd619194b2,     .061380 ,  -51.484880 ,2023-10-07 17:28:00,Brasil,AMAPÁ,SANTANA,Amazônia
 1654981257 ,dadc4f31-9e08-31f4-90b9-f451b0d5b6a3,     .055470 ,  -51.487830 ,2023-10-07 17:28:00,Brasil,AMAPÁ,SANTANA,Amazônia
 1654981258 ,34da0277-36d9-3a51-8c4f-746cf25ef1ef,    -.472260 ,  -52.190800 ,2023-10-07 17:28:00,Brasil,AMAPÁ,LARANJAL DO JARI,Amazônia
 1654981259 ,26c901f5-be11-3c4c-bf3b-676fe69c1548,    -.380660 ,  -51.883900 ,2023-10-07 17:28:00,Brasil,AMAPÁ,MAZAGÃO,Amazônia
 1654981260 ,c218465a-ab5c-38a1-91a6-04d118befe6f,    -.379250 ,  -51.874260 ,2023-10-07 17:28:00,Brasil,AMAPÁ,MAZAGÃO,Amazônia
 1654981261 ,2b033644-8410-3edd-a373-334d3d18bc9d,    -.373580 ,  -51.835590 ,2023-10-07 17:28:00,Brasil,AMAPÁ,MAZAGÃO,Amazônia
 1654981262 ,a3e16975-06f3-3c29-a465-74b15b7eb313,    -.351450 ,  -51.865030 ,2023-10-07 17:28:00,Brasil,AMAPÁ,MAZAGÃO,Amazônia
 1654981263 ,e1ec14a2-a2ef-3f14-a96d-85249c8e41ca,    -.350060 ,  -51.855350 ,2023-10-07 17:28:00,Brasil,AMAPÁ,MAZAGÃO,Amazônia
 1654981299 ,744b5378-1952-390b-81da-e7ed96ca3e1f,    -.899580 ,  -52.030800 ,2023-10-07 17:28:00,Brasil,AMAPÁ,LARANJAL DO JARI,Amazônia
 1654981300 ,c37a068a-d163-364b-909e-3f88dffe3008,    -.891780 ,  -52.041600 ,2023-10-07 17:28:00,Brasil,AMAPÁ,LARANJAL DO JARI,Amazônia
 1654981301 ,a54a1c28-8f27-3b0f-89bb-cc69e03cfe5c,    -.890410 ,  -52.032140 ,2023-10-07 17:28:00,Brasil,AMAPÁ,LARANJAL DO JARI,Amazônia
 1654982636 ,e482dcd9-c8e8-36fb-8f69-cfc846999e15,    1.781280 ,  -50.592880 ,2023-10-07 17:30:00,Brasil,AMAPÁ,AMAPÁ,Amazônia
 1654982637 ,3a292915-7c78-32a1-81b6-7f0caa9ad98b,    1.312700 ,  -50.946040 ,2023-10-07 17:30:00,Brasil,AMAPÁ,TARTARUGALZINHO,Amazônia
 1654982638 ,b3635530-843f-3f29-8e14-07e504c66858,    1.229810 ,  -51.171320 ,2023-10-07 17:30:00,Brasil,AMAPÁ,TARTARUGALZINHO,Amazônia
 1654982639 ,d8d320ce-9826-3f0d-80f5-fccb5ccbe458,    1.195360 ,  -50.688720 ,2023-10-07 17:30:00,Brasil,AMAPÁ,TARTARUGALZINHO,Amazônia
 1654982640 ,f3e5fd5d-a6a7-34ed-ada4-4d2867d450ca,    1.022130 ,  -51.177490 ,2023-10-07 17:28:00,Brasil,AMAPÁ,FERREIRA GOMES,Amazônia
 1654982641 ,df4aab50-706c-3564-81bf-f148f4652fac,    1.020540 ,  -51.188260 ,2023-10-07 17:28:00,Brasil,AMAPÁ,FERREIRA GOMES,Amazônia
 1654982642 ,c3dd7dd2-5143-3f2c-8d86-e3a2d68befb1,     .918930 ,  -51.190060 ,2023-10-07 17:28:00,Brasil,AMAPÁ,FERREIRA GOMES,Amazônia
 1654982643 ,be03c718-1f49-3a21-93e8-5a76eaba93a6,     .607010 ,  -50.805940 ,2023-10-07 17:28:00,Brasil,AMAPÁ,ITAUBAL,Amazônia
 1654982644 ,444af85e-ef62-3723-86f5-09e1c0ed56f3,     .438010 ,  -51.121690 ,2023-10-07 17:28:00,Brasil,AMAPÁ,PORTO GRANDE,Amazônia
 1654982645 ,36850c45-ca7a-3656-a6ef-e3a957edf87b,     .436460 ,  -51.132370 ,2023-10-07 17:28:00,Brasil,AMAPÁ,PORTO GRANDE,Amazônia
 1654982647 ,1f823c41-bb42-34c9-96ef-77de69e9eeb8,     .093540 ,  -51.395820 ,2023-10-07 17:28:00,Brasil,AMAPÁ,SANTANA,Amazônia
 1654982648 ,9c742c44-400f-3d2a-9867-dad57ea9c53f,    -.097430 ,  -51.275510 ,2023-10-07 17:28:00,Brasil,AMAPÁ,MAZAGÃO,Amazônia
 1655337087 ,8de0a0e0-f8eb-3c30-81c1-31c76e1fbc94,    2.631460 ,  -50.855980 ,2023-10-09 17:15:00,Brasil,AMAPÁ,CALÇOENE,Amazônia
 1655337088 ,352687e0-8620-3422-9cc2-b211f1f860a7,    2.474320 ,  -50.793640 ,2023-10-09 17:15:00,Brasil,AMAPÁ,CALÇOENE,Amazônia
 1655337089 ,42fcafdf-dc7e-38b0-b9cc-4d692f17b93b,    2.386740 ,  -50.946720 ,2023-10-09 17:15:00,Brasil,AMAPÁ,CALÇOENE,Amazônia
 1655337090 ,8f9aa388-40f9-3128-a6a4-f36036b5415a,    2.309450 ,  -50.848000 ,2023-10-09 17:15:00,Brasil,AMAPÁ,CALÇOENE,Amazônia
 1655337091 ,d456ce0d-3729-3b35-a760-1665eb40557d,    1.858090 ,  -50.905670 ,2023-10-09 17:15:00,Brasil,AMAPÁ,AMAPÁ,Amazônia
 1655337092 ,e87056ef-a64a-3e43-8d43-0cdc3a635913,    1.856800 ,  -50.914580 ,2023-10-09 17:15:00,Brasil,AMAPÁ,AMAPÁ,Amazônia
 1655337093 ,0c146462-84ad-3cde-a938-e6592c48c6d3,    1.830750 ,  -50.524250 ,2023-10-09 17:15:00,Brasil,AMAPÁ,AMAPÁ,Amazônia
 1655337094 ,7a1bdf4d-7787-3965-8164-97dbbde7f695,    1.829130 ,  -50.665420 ,2023-10-09 17:15:00,Brasil,AMAPÁ,PRACUÚBA,Amazônia
 1655337095 ,cd9f9021-c5e3-3ae6-a2fc-79ac446d2071,    1.781100 ,  -50.553200 ,2023-10-09 17:15:00,Brasil,AMAPÁ,AMAPÁ,Amazônia
 1655337096 ,09e6958f-9f49-30c5-a2eb-9744a1f348c0,    1.692470 ,  -50.588050 ,2023-10-09 17:15:00,Brasil,AMAPÁ,PRACUÚBA,Amazônia
 1655337097 ,2dcc1f2e-b98f-31fa-8d76-483ac3c6fa2c,    1.691180 ,  -50.596910 ,2023-10-09 17:15:00,Brasil,AMAPÁ,PRACUÚBA,Amazônia
 1655337098 ,29fb6442-eb3f-38d1-b70d-13770e65fd5a,    1.658710 ,  -51.010490 ,2023-10-09 17:15:00,Brasil,AMAPÁ,PRACUÚBA,Amazônia
 1655337099 ,4e1d93a5-68df-3ffe-a41c-6af92bec0a30,    1.534590 ,  -50.731550 ,2023-10-09 17:15:00,Brasil,AMAPÁ,TARTARUGALZINHO,Amazônia
 1655337100 ,18f790dd-ecf7-3874-af7f-1d752969fb9b,    1.463250 ,  -51.024730 ,2023-10-09 17:15:00,Brasil,AMAPÁ,TARTARUGALZINHO,Amazônia
 1655337101 ,2a8f919c-0821-331e-b0c2-06ad28ba8bbf,    1.461950 ,  -51.033710 ,2023-10-09 17:15:00,Brasil,AMAPÁ,TARTARUGALZINHO,Amazônia
 1655337102 ,5de039a0-57c0-3231-a90c-f6b21dbe3ffa,    1.419480 ,  -50.757030 ,2023-10-09 17:15:00,Brasil,AMAPÁ,TARTARUGALZINHO,Amazônia
 1655337103 ,e6c5309d-6379-35f8-b185-5de810237a7b,    1.410470 ,  -50.819400 ,2023-10-09 17:15:00,Brasil,AMAPÁ,TARTARUGALZINHO,Amazônia
 1655337104 ,9688008e-913c-3287-84f1-d73a3f5c8ba0,    1.409180 ,  -50.828330 ,2023-10-09 17:15:00,Brasil,AMAPÁ,TARTARUGALZINHO,Amazônia
 1655337105 ,8ac67fa3-8e71-308d-8fb4-5a5d82a80eeb,    1.400240 ,  -50.827030 ,2023-10-09 17:15:00,Brasil,AMAPÁ,TARTARUGALZINHO,Amazônia
 1655337106 ,6b16dc9e-dbca-31c0-a05b-43f5934dcfbb,    1.303750 ,  -51.050780 ,2023-10-09 17:15:00,Brasil,AMAPÁ,TARTARUGALZINHO,Amazônia
 1655337107 ,af99d826-2854-3c58-b390-b6862dc788a7,    1.230740 ,  -50.535920 ,2023-10-09 17:15:00,Brasil,AMAPÁ,TARTARUGALZINHO,Amazônia
 1655337108 ,c975450b-7316-3c49-a056-d6dcf9e329b9,    1.176920 ,  -50.015330 ,2023-10-09 17:15:00,Brasil,AMAPÁ,MACAPÁ,Amazônia
 1655337109 ,dcf31664-9464-326e-b346-53ff5705251c,    1.155490 ,  -50.033760 ,2023-10-09 17:15:00,Brasil,AMAPÁ,MACAPÁ,Amazônia
 1655337110 ,1d2a409c-7a68-34bb-813a-f17445bf13cc,    1.049830 ,  -51.207620 ,2023-10-09 17:15:00,Brasil,AMAPÁ,TARTARUGALZINHO,Amazônia
 1655337111 ,e27bbfe7-a03e-34fc-a7f2-7c935dde3c65,    1.043450 ,  -51.188130 ,2023-10-09 17:15:00,Brasil,AMAPÁ,TARTARUGALZINHO,Amazônia
 1655337112 ,fa710810-2c22-310f-a98b-73a9e03f2614,    1.021080 ,  -50.007580 ,2023-10-09 17:15:00,Brasil,AMAPÁ,MACAPÁ,Amazônia
 1655337113 ,826322ee-977c-354c-bf9c-f77134c4d3be,     .999430 ,  -50.031560 ,2023-10-09 17:15:00,Brasil,AMAPÁ,MACAPÁ,Amazônia
 1655337114 ,327ef459-bc39-3fcf-a15b-afa3e67a6538,     .855130 ,  -50.647400 ,2023-10-09 17:15:00,Brasil,AMAPÁ,MACAPÁ,Amazônia
 1655337115 ,61ae5bf1-b8fc-3c6b-abfa-8dc2fe84d3e1,     .853840 ,  -50.656310 ,2023-10-09 17:15:00,Brasil,AMAPÁ,MACAPÁ,Amazônia
 1655337116 ,40cef48b-7df8-3728-92ce-45a49b06121d,     .827850 ,  -50.899020 ,2023-10-09 17:15:00,Brasil,AMAPÁ,CUTIAS,Amazônia
 1655337117 ,25fd5203-c9cf-37c8-a779-82ff8147d710,     .826550 ,  -50.908010 ,2023-10-09 17:15:00,Brasil,AMAPÁ,CUTIAS,Amazônia
 1655337118 ,24d24128-1532-3452-837d-30be648e3973,    2.175450 ,  -50.689400 ,2023-10-09 17:15:00,Brasil,AMAPÁ,CALÇOENE,Amazônia
 1655337119 ,5bb62680-5163-321b-a41e-1082e6ac0968,    2.106480 ,  -50.851570 ,2023-10-09 17:15:00,Brasil,AMAPÁ,AMAPÁ,Amazônia
 1655337120 ,00c37f81-05f6-3367-856c-a793ce761274,    2.105190 ,  -50.860470 ,2023-10-09 17:15:00,Brasil,AMAPÁ,AMAPÁ,Amazônia
 1655337121 ,8e9ce142-e5c7-3082-8c2c-74f43b367596,    2.000040 ,  -50.820480 ,2023-10-09 17:15:00,Brasil,AMAPÁ,AMAPÁ,Amazônia
 1655337122 ,605d1dd6-b36e-3141-b7fd-2d34ec6500d3,     .663490 ,  -50.698300 ,2023-10-09 17:15:00,Brasil,AMAPÁ,MACAPÁ,Amazônia
 1655337123 ,769c5834-45fa-38c5-977e-14b6bb8f42b7,     .662200 ,  -50.707230 ,2023-10-09 17:15:00,Brasil,AMAPÁ,MACAPÁ,Amazônia
 1655337124 ,8d5b6632-a929-3416-8810-677548c5f956,     .655840 ,  -50.688070 ,2023-10-09 17:15:00,Brasil,AMAPÁ,MACAPÁ,Amazônia
 1655337125 ,3b4272c9-0226-3938-9724-a6dfee6e2f2f,     .649370 ,  -50.732750 ,2023-10-09 17:15:00,Brasil,AMAPÁ,MACAPÁ,Amazônia
 1655337126 ,4be03681-fc23-3635-aec2-146db953284f,     .494720 ,  -50.844450 ,2023-10-09 17:15:00,Brasil,AMAPÁ,MACAPÁ,Amazônia
 1655337127 ,2ebce348-f1b0-32bf-84d8-a3e19d97a05e,     .485750 ,  -50.843140 ,2023-10-09 17:15:00,Brasil,AMAPÁ,MACAPÁ,Amazônia
 1655337291 ,ee3d7211-c5c7-3c71-97e4-f86d265f66bc,    3.897090 ,  -51.527810 ,2023-10-09 17:15:00,Brasil,AMAPÁ,OIAPOQUE,Amazônia
 1655337292 ,6b3ce80f-1ebc-38cf-9b18-f805c9701541,    3.895780 ,  -51.536800 ,2023-10-09 17:15:00,Brasil,AMAPÁ,OIAPOQUE,Amazônia
 1655337293 ,3a456dad-5e5b-317c-adc6-70999bf5985d,    3.813590 ,  -51.598300 ,2023-10-09 17:15:00,Brasil,AMAPÁ,OIAPOQUE,Amazônia
 1655337294 ,db4e370b-af49-3576-ba35-bf22b403158e,    3.689230 ,  -51.375180 ,2023-10-09 17:15:00,Brasil,AMAPÁ,OIAPOQUE,Amazônia
 1655337295 ,22483dc6-af9f-338e-a57a-44d5d6795f86,    3.608490 ,  -51.292790 ,2023-10-09 17:15:00,Brasil,AMAPÁ,OIAPOQUE,Amazônia
 1655337296 ,78e96dbe-67c4-394e-9df4-4eca387f57b9,    3.607200 ,  -51.301720 ,2023-10-09 17:15:00,Brasil,AMAPÁ,OIAPOQUE,Amazônia
 1655337297 ,22d34778-ccf8-33c2-9d25-b0ddc27f0305,    3.593960 ,  -51.775990 ,2023-10-09 17:15:00,Brasil,AMAPÁ,OIAPOQUE,Amazônia
 1655337298 ,4e21cbda-4f3c-3b2d-922e-5d1e88a9618e,    3.592620 ,  -51.785100 ,2023-10-09 17:15:00,Brasil,AMAPÁ,OIAPOQUE,Amazônia
 1655337299 ,6e06cbbf-dc39-3cbc-aa2a-021e89c58f8a,    3.572770 ,  -51.287560 ,2023-10-09 17:15:00,Brasil,AMAPÁ,OIAPOQUE,Amazônia
 1655337300 ,eab91437-ebbc-330d-a82a-07d2c8c58cb5,    3.564740 ,  -51.405170 ,2023-10-09 17:15:00,Brasil,AMAPÁ,OIAPOQUE,Amazônia
 1655337301 ,e5a703cf-c5d4-3181-b55e-f209ae4002fa,    3.520430 ,  -51.457220 ,2023-10-09 17:15:00,Brasil,AMAPÁ,OIAPOQUE,Amazônia
 1655337302 ,492ffc0f-f2ef-38d0-b26e-b0dca87c34cf,    3.453520 ,  -51.539370 ,2023-10-09 17:15:00,Brasil,AMAPÁ,OIAPOQUE,Amazônia
 1655337303 ,ffa00e25-c358-36ae-ae6f-785bd7b40152,    3.448920 ,  -51.248200 ,2023-10-09 17:15:00,Brasil,AMAPÁ,OIAPOQUE,Amazônia
 1655337304 ,34deb52c-3445-3bc6-8d53-4d29f024fcc3,    3.441290 ,  -51.237960 ,2023-10-09 17:15:00,Brasil,AMAPÁ,OIAPOQUE,Amazônia
 1655337305 ,5be8af32-07d0-3bcd-a3e7-c7fcced27d27,    3.435640 ,  -51.465840 ,2023-10-09 17:15:00,Brasil,AMAPÁ,OIAPOQUE,Amazônia
 1655337306 ,4ec841ab-7c94-3cbf-9b11-f35a14c7a523,    3.434650 ,  -51.731010 ,2023-10-09 17:15:00,Brasil,AMAPÁ,OIAPOQUE,Amazônia
 1655337307 ,b88a6122-f107-3cf7-b196-60f1054fa491,    3.434330 ,  -51.474850 ,2023-10-09 17:15:00,Brasil,AMAPÁ,OIAPOQUE,Amazônia
 1655337308 ,5bf79461-fd1b-39a4-b820-f56c72fd61d0,    3.379120 ,  -51.286930 ,2023-10-09 17:15:00,Brasil,AMAPÁ,OIAPOQUE,Amazônia
 1655337309 ,f4c6f261-9a5a-3f29-ad2f-d618fe9930c2,    3.377830 ,  -51.295870 ,2023-10-09 17:15:00,Brasil,AMAPÁ,OIAPOQUE,Amazônia
 1655337310 ,1d609eed-b525-3bdb-8aeb-252a25e1d81c,    3.231550 ,  -51.350300 ,2023-10-09 17:15:00,Brasil,AMAPÁ,OIAPOQUE,Amazônia
 1655337311 ,802879a7-aeb4-3afa-82cc-da407cba02e2,    2.902760 ,  -51.523460 ,2023-10-09 17:15:00,Brasil,AMAPÁ,OIAPOQUE,Amazônia
 1655337312 ,b8c964a0-3d8c-34b6-93be-d4dd2801859b,    2.901430 ,  -51.532520 ,2023-10-09 17:15:00,Brasil,AMAPÁ,OIAPOQUE,Amazônia
 1655337313 ,60019cf4-c2d3-3703-833f-2119df8f1501,    2.721300 ,  -51.056360 ,2023-10-09 17:15:00,Brasil,AMAPÁ,CALÇOENE,Amazônia
 1655337314 ,57da293c-e5c0-3633-a039-4874da4bb500,    2.720010 ,  -51.065270 ,2023-10-09 17:15:00,Brasil,AMAPÁ,CALÇOENE,Amazônia
 1655337315 ,41e5ff04-a10a-3aeb-ba22-abd5c2eb601c,    2.583100 ,  -51.313870 ,2023-10-09 17:15:00,Brasil,AMAPÁ,CALÇOENE,Amazônia
 1655337316 ,67a24985-521b-357d-8cf0-f2a58d8295d5,    2.581790 ,  -51.322880 ,2023-10-09 17:15:00,Brasil,AMAPÁ,CALÇOENE,Amazônia
 1655337317 ,c2885c67-ab9f-355e-ad3b-20b26bf9ed24,    2.385450 ,  -50.955630 ,2023-10-09 17:15:00,Brasil,AMAPÁ,CALÇOENE,Amazônia
 1655337318 ,fc9ee76b-aa8a-3574-8ead-2f460247de74,    1.084670 ,  -52.368450 ,2023-10-09 17:15:00,Brasil,AMAPÁ,PEDRA BRANCA DO AMAPARI,Amazônia
 1655337319 ,61289ef9-381d-33e6-a7e3-810548e1fe3c,    1.018530 ,  -51.296130 ,2023-10-09 17:15:00,Brasil,AMAPÁ,TARTARUGALZINHO,Amazônia
 1655337320 ,40704278-fcc6-3585-9541-3b4ae9287a15,    1.017200 ,  -51.305270 ,2023-10-09 17:15:00,Brasil,AMAPÁ,TARTARUGALZINHO,Amazônia
 1655337321 ,0102050a-e19e-35fd-b799-79d34e73d882,     .882250 ,  -52.034690 ,2023-10-09 17:15:00,Brasil,AMAPÁ,SERRA DO NAVIO,Amazônia
 1655337322 ,a6205d52-becd-3d88-96ab-1c49e6a31674,     .799830 ,  -51.921630 ,2023-10-09 17:15:00,Brasil,AMAPÁ,PEDRA BRANCA DO AMAPARI,Amazônia
 1655337323 ,1d2d312b-ed31-31c1-b06e-ab87c17fcfc3,     .798450 ,  -51.931270 ,2023-10-09 17:15:00,Brasil,AMAPÁ,PEDRA BRANCA DO AMAPARI,Amazônia
 1655337324 ,ce5a1082-f9e1-3a9a-a274-de2c8b812770,     .731880 ,  -51.433900 ,2023-10-09 17:15:00,Brasil,AMAPÁ,PORTO GRANDE,Amazônia
 1655337325 ,1899f020-7ed6-32a9-b17c-403990bbd368,     .695070 ,  -51.494930 ,2023-10-09 17:15:00,Brasil,AMAPÁ,PORTO GRANDE,Amazônia
 1655337326 ,441b5ee6-4edc-3424-bbbd-2fcf6264ac0d,     .595690 ,  -51.540590 ,2023-10-09 17:15:00,Brasil,AMAPÁ,PORTO GRANDE,Amazônia
 1655337327 ,af7a7f8b-4c71-3494-bce2-7c818f3cb89e,     .535970 ,  -51.450040 ,2023-10-09 17:15:00,Brasil,AMAPÁ,PORTO GRANDE,Amazônia
 1655337328 ,5519511d-57ab-3a4c-9228-f6c5ca7878b5,     .528220 ,  -51.439420 ,2023-10-09 17:15:00,Brasil,AMAPÁ,PORTO GRANDE,Amazônia
 1655337329 ,4dd6f783-aca3-36b2-a04d-9059f41b5f23,     .526860 ,  -51.448710 ,2023-10-09 17:15:00,Brasil,AMAPÁ,PORTO GRANDE,Amazônia
 1655337330 ,447e40b4-05f4-3da9-8b3c-2d588a5dbaae,     .523000 ,  -51.863530 ,2023-10-09 17:15:00,Brasil,AMAPÁ,PORTO GRANDE,Amazônia
 1655337331 ,2eabfa42-a638-3d7c-9672-17f3ad10dae8,     .521620 ,  -51.873170 ,2023-10-09 17:15:00,Brasil,AMAPÁ,PORTO GRANDE,Amazônia
 1655337332 ,3a3ed43d-9c5a-3b74-9db8-a6fc09e708b7,     .446590 ,  -51.816480 ,2023-10-09 17:15:00,Brasil,AMAPÁ,MAZAGÃO,Amazônia
 1655337333 ,c8949b46-e46f-3370-9dbf-ac2a1470ba36,     .437350 ,  -51.815050 ,2023-10-09 17:15:00,Brasil,AMAPÁ,MAZAGÃO,Amazônia
 1655337334 ,7acaf40d-525b-3280-a182-6d8e785b777a,     .431810 ,  -51.853580 ,2023-10-09 17:15:00,Brasil,AMAPÁ,MAZAGÃO,Amazônia
 1655337335 ,ff01210a-634c-381c-9771-06c4a524f266,     .104230 ,  -51.690270 ,2023-10-09 17:13:00,Brasil,AMAPÁ,MAZAGÃO,Amazônia
 1655337336 ,7b140227-2169-3bb4-828c-226f4886a6ca,     .096180 ,  -51.692150 ,2023-10-09 17:13:00,Brasil,AMAPÁ,MAZAGÃO,Amazônia
 1655337337 ,f8319949-6a2a-3009-9b60-d2742567543a,    -.195950 ,  -51.544530 ,2023-10-09 17:13:00,Brasil,AMAPÁ,MAZAGÃO,Amazônia
 1655337338 ,9a324918-045a-36ef-a36e-787d0ce704b6,    -.098840 ,  -51.506190 ,2023-10-09 17:13:00,Brasil,AMAPÁ,MAZAGÃO,Amazônia
 1655337339 ,e21d1575-ac8e-3a13-b54b-b226b4b594f9,    -.003330 ,  -51.682030 ,2023-10-09 17:13:00,Brasil,AMAPÁ,MAZAGÃO,Amazônia
 1655337340 ,0656656f-7c89-3080-b433-d333aa5b3321,    -.001960 ,  -51.672480 ,2023-10-09 17:13:00,Brasil,AMAPÁ,MAZAGÃO,Amazônia
 1655337341 ,1f3cb900-eca6-3649-bd02-3a3ad9b5346f,    -.650390 ,  -52.073170 ,2023-10-09 17:13:00,Brasil,AMAPÁ,LARANJAL DO JARI,Amazônia
 1655337342 ,7b5febb5-ef5a-3669-b720-16de3de5ee54,    -.617620 ,  -52.047050 ,2023-10-09 17:13:00,Brasil,AMAPÁ,MAZAGÃO,Amazônia
 1655337343 ,330f72de-5aa7-30b9-8ed8-a329687ac229,    -.604820 ,  -52.188980 ,2023-10-09 17:13:00,Brasil,AMAPÁ,LARANJAL DO JARI,Amazônia
 1655337344 ,a7d45826-5d75-3fdc-946a-fdef78d9c5e3,    -.600900 ,  -52.096260 ,2023-10-09 17:13:00,Brasil,AMAPÁ,LARANJAL DO JARI,Amazônia
 1655337345 ,8d137d1f-99d7-3e34-b74a-ce3c06f7c204,    -.597940 ,  -52.076150 ,2023-10-09 17:13:00,Brasil,AMAPÁ,LARANJAL DO JARI,Amazônia
 1655337346 ,6dd4fcde-cc12-3a03-9c25-3d84b1cff7a1,    -.596460 ,  -52.066070 ,2023-10-09 17:13:00,Brasil,AMAPÁ,LARANJAL DO JARI,Amazônia
 1655337347 ,d3640e2b-5246-3e89-8565-158d759aa682,    -.487970 ,  -51.848140 ,2023-10-09 17:13:00,Brasil,AMAPÁ,MAZAGÃO,Amazônia
 1655337348 ,2865c729-c30d-384c-9b06-9307d0686b6f,    -.486560 ,  -51.838280 ,2023-10-09 17:13:00,Brasil,AMAPÁ,MAZAGÃO,Amazônia
 1655337349 ,753b2fd9-0e36-3d62-b44b-fafe08750708,    -.470120 ,  -51.837130 ,2023-10-09 17:13:00,Brasil,AMAPÁ,MAZAGÃO,Amazônia
 1655337360 ,697dbbd8-3b48-3a61-8351-a2b3eda79f27,    -.976950 ,  -52.053220 ,2023-10-09 17:13:00,Brasil,AMAPÁ,VITÓRIA DO JARI,Amazônia
 1655337361 ,965c0c23-33fc-3b61-955f-4dea77f155e2,    -.975500 ,  -52.043070 ,2023-10-09 17:13:00,Brasil,AMAPÁ,VITÓRIA DO JARI,Amazônia
 1655337362 ,cad4bdc4-b1b3-3cf7-9c80-4dc1c326e805,    -.963600 ,  -52.123120 ,2023-10-09 17:13:00,Brasil,AMAPÁ,VITÓRIA DO JARI,Amazônia
 1655337363 ,392c3e2f-aa25-3ace-87b6-1d11714775c0,    -.959110 ,  -52.092490 ,2023-10-09 17:13:00,Brasil,AMAPÁ,VITÓRIA DO JARI,Amazônia
 1655337364 ,0612eac6-06cc-3604-b421-cf29f09d8061,    -.957620 ,  -52.082320 ,2023-10-09 17:13:00,Brasil,AMAPÁ,VITÓRIA DO JARI,Amazônia
 1655337365 ,220dc7d1-a679-3e01-a9dd-d467c6d666b5,    -.941560 ,  -52.105450 ,2023-10-09 17:13:00,Brasil,AMAPÁ,VITÓRIA DO JARI,Amazônia
 1655337366 ,9b854bfb-bbac-3237-a615-6207624a8f91,    -.940080 ,  -52.095280 ,2023-10-09 17:13:00,Brasil,AMAPÁ,VITÓRIA DO JARI,Amazônia
 1655337367 ,7cbc7c21-0e0a-3462-bc7c-1b0bd3f4b6db,    -.878840 ,  -51.939210 ,2023-10-09 17:13:00,Brasil,AMAPÁ,VITÓRIA DO JARI,Amazônia
 1655337368 ,f2fb7233-dfac-3ba1-bfc1-e6968572bb5a,    -.860730 ,  -52.186550 ,2023-10-09 17:13:00,Brasil,AMAPÁ,VITÓRIA DO JARI,Amazônia
 1655337369 ,5f103b6a-4869-3fee-ba2f-4bde8f14259e,    -.859230 ,  -52.176280 ,2023-10-09 17:13:00,Brasil,AMAPÁ,LARANJAL DO JARI,Amazônia
 1655473114 ,19c52031-34e8-3618-8421-df92f56bbccb,    3.448930 ,  -51.246510 ,2023-10-10 17:56:00,Brasil,AMAPÁ,OIAPOQUE,Amazônia
 1655700282 ,60a75955-d698-3747-a5a8-d32b3de88523,    -.456780 ,  -52.128240 ,2023-10-11 17:00:00,Brasil,AMAPÁ,LARANJAL DO JARI,Amazônia
 1655700559 ,62ef6f80-2037-36ec-bb90-81703c4eb085,    -.172430 ,  -51.550780 ,2023-10-11 17:00:00,Brasil,AMAPÁ,MAZAGÃO,Amazônia
 1655701016 ,6ebf2277-d404-3c63-9106-8af95d0885af,    3.809770 ,  -51.742500 ,2023-10-11 17:02:00,Brasil,AMAPÁ,OIAPOQUE,Amazônia
 1655701017 ,5bfe60e9-7580-397d-ae71-1aa60c75bb4a,    3.708250 ,  -51.501500 ,2023-10-11 17:02:00,Brasil,AMAPÁ,OIAPOQUE,Amazônia
 1655701018 ,78e4aef6-87f3-3cf8-a368-c9a9b27c4b6b,    3.641930 ,  -51.710180 ,2023-10-11 17:02:00,Brasil,AMAPÁ,OIAPOQUE,Amazônia
 1655701019 ,f0229da3-f0d2-3695-aed5-388cae1747e3,    3.640790 ,  -51.719740 ,2023-10-11 17:02:00,Brasil,AMAPÁ,OIAPOQUE,Amazônia
 1655701020 ,5c8b2cf6-aa53-3454-b2c3-bd9041e1fd8f,    3.625220 ,  -51.300320 ,2023-10-11 17:02:00,Brasil,AMAPÁ,OIAPOQUE,Amazônia
 1655701021 ,2d0255f8-c895-31c8-bcd8-6ab82a34f17f,    3.620580 ,  -51.306800 ,2023-10-11 17:02:00,Brasil,AMAPÁ,OIAPOQUE,Amazônia
 1655701022 ,ccf981c7-02f0-395d-a1e4-23121afd678c,    3.614360 ,  -51.298670 ,2023-10-11 17:02:00,Brasil,AMAPÁ,OIAPOQUE,Amazônia
 1655701023 ,caf77df5-19f1-39e5-b53a-e10ef91e684a,    3.584800 ,  -51.785960 ,2023-10-11 17:02:00,Brasil,AMAPÁ,OIAPOQUE,Amazônia
 1655701024 ,0b692d56-5279-3d6d-bfb1-843760824300,    3.459950 ,  -51.249430 ,2023-10-11 17:00:00,Brasil,AMAPÁ,OIAPOQUE,Amazônia
 1655701025 ,13530c08-e70f-3221-89af-4dcd1693c036,    3.457880 ,  -51.262970 ,2023-10-11 17:00:00,Brasil,AMAPÁ,OIAPOQUE,Amazônia
 1655701026 ,98715294-6a31-394d-bf91-2b186f8910f6,    3.273920 ,  -51.335240 ,2023-10-11 17:00:00,Brasil,AMAPÁ,OIAPOQUE,Amazônia
 1655701027 ,4638c28f-28d5-36cd-9252-71bcf8894fb3,    2.804820 ,  -51.390900 ,2023-10-11 17:00:00,Brasil,AMAPÁ,CALÇOENE,Amazônia
 1655701028 ,4ffa520c-73b5-3bb9-aa91-b362fab03cb7,    2.728740 ,  -51.043030 ,2023-10-11 17:00:00,Brasil,AMAPÁ,CALÇOENE,Amazônia
 1655701029 ,19bd882c-24a9-375b-9054-31f5da609856,    2.613660 ,  -50.979130 ,2023-10-11 17:00:00,Brasil,AMAPÁ,CALÇOENE,Amazônia
 1655701030 ,23b75518-ce64-3573-8719-547ab1c6b503,    2.566450 ,  -50.999410 ,2023-10-11 17:00:00,Brasil,AMAPÁ,CALÇOENE,Amazônia
 1655701031 ,4e7dea04-6813-3000-97da-0b61b68ef041,    2.563380 ,  -50.992380 ,2023-10-11 17:00:00,Brasil,AMAPÁ,CALÇOENE,Amazônia
 1655701032 ,831d8ab1-2542-3ed1-b8bb-2df63def6e8b,    2.561430 ,  -51.005760 ,2023-10-11 17:00:00,Brasil,AMAPÁ,CALÇOENE,Amazônia
 1655701033 ,32c63817-594b-37f4-9076-adcbbda5f855,    2.453150 ,  -50.821630 ,2023-10-11 17:00:00,Brasil,AMAPÁ,CALÇOENE,Amazônia
 1655701034 ,b8c0f168-d3d4-3d82-ab21-3b312bef6b7e,    2.421100 ,  -50.816830 ,2023-10-11 17:00:00,Brasil,AMAPÁ,CALÇOENE,Amazônia
 1655701035 ,f35753c0-c1d7-3711-93fd-7340516bb2e2,    2.413150 ,  -50.869340 ,2023-10-11 17:00:00,Brasil,AMAPÁ,CALÇOENE,Amazônia
 1655701036 ,f369b393-9db2-3bc1-a617-cbecdf1b0a86,    2.306170 ,  -50.819850 ,2023-10-11 17:00:00,Brasil,AMAPÁ,CALÇOENE,Amazônia
 1655701037 ,b985118f-09f6-32bd-bb08-571220ff63ed,    2.265070 ,  -51.088220 ,2023-10-11 17:00:00,Brasil,AMAPÁ,CALÇOENE,Amazônia
 1655701038 ,6697c06c-f7b9-3819-940a-beb8ede7b665,    2.263880 ,  -51.082670 ,2023-10-11 17:00:00,Brasil,AMAPÁ,CALÇOENE,Amazônia
 1655701039 ,95b05426-02fa-3914-8d3d-b2651e8685c0,    1.900610 ,  -50.976440 ,2023-10-11 17:00:00,Brasil,AMAPÁ,AMAPÁ,Amazônia
 1655701040 ,5364cf58-cf42-38d0-b44c-3dfd51efab92,    1.830760 ,  -50.672740 ,2023-10-11 17:00:00,Brasil,AMAPÁ,AMAPÁ,Amazônia
 1655701041 ,3d5838be-f280-3d45-9b40-630900359ddc,    1.821010 ,  -50.888500 ,2023-10-11 17:00:00,Brasil,AMAPÁ,PRACUÚBA,Amazônia
 1655701042 ,1030ff7f-3e3b-3216-bf33-feab3eafe57a,    1.820090 ,  -50.671160 ,2023-10-11 17:00:00,Brasil,AMAPÁ,PRACUÚBA,Amazônia
 1655701043 ,aba5c9bc-4450-3c74-96c2-e91f10ec601b,    1.810160 ,  -50.886880 ,2023-10-11 17:00:00,Brasil,AMAPÁ,PRACUÚBA,Amazônia
 1655701044 ,61e26ac3-ea09-3bf2-b01c-724d1e48e6fb,    1.548080 ,  -50.961490 ,2023-10-11 17:00:00,Brasil,AMAPÁ,TARTARUGALZINHO,Amazônia
 1655701045 ,007c59cb-5324-38b4-b696-8d6af1c80c90,    1.547050 ,  -50.956230 ,2023-10-11 17:00:00,Brasil,AMAPÁ,TARTARUGALZINHO,Amazônia
 1655701046 ,215bd3fc-2073-34d2-9e03-0f67c93fcfb3,    1.477640 ,  -51.045610 ,2023-10-11 17:00:00,Brasil,AMAPÁ,TARTARUGALZINHO,Amazônia
 1655701047 ,2ee59385-618f-389f-b784-cda290b9760f,    1.366060 ,  -51.022230 ,2023-10-11 17:00:00,Brasil,AMAPÁ,TARTARUGALZINHO,Amazônia
 1655701048 ,cf8e03bd-e02c-3790-afaa-712f580efaef,    1.365940 ,  -50.861130 ,2023-10-11 17:00:00,Brasil,AMAPÁ,TARTARUGALZINHO,Amazônia
 1655701049 ,1cde9e3e-b372-3b48-9055-b0ad56fe931c,    1.357030 ,  -50.845860 ,2023-10-11 17:00:00,Brasil,AMAPÁ,TARTARUGALZINHO,Amazônia
 1655701050 ,3d888683-509d-334e-97ab-f5fd96700165,    1.355020 ,  -50.859520 ,2023-10-11 17:00:00,Brasil,AMAPÁ,TARTARUGALZINHO,Amazônia
 1655701051 ,ec7572db-4acb-3bd7-80e6-fc32dcaf8c83,    1.193210 ,  -49.933060 ,2023-10-11 17:00:00,Brasil,AMAPÁ,MACAPÁ,Amazônia
 1655701052 ,326c1153-199c-3ea7-9d0b-123631b8dc73,    1.115360 ,  -52.318060 ,2023-10-11 17:00:00,Brasil,AMAPÁ,PEDRA BRANCA DO AMAPARI,Amazônia
 1655701053 ,470b2bc2-f740-3acc-8ab3-52eabc0a2a84,    1.112700 ,  -52.335810 ,2023-10-11 17:00:00,Brasil,AMAPÁ,PEDRA BRANCA DO AMAPARI,Amazônia
 1655701054 ,7e98794f-6f77-3427-9186-acee14e0c4c5,    1.079940 ,  -52.554770 ,2023-10-11 17:00:00,Brasil,AMAPÁ,PEDRA BRANCA DO AMAPARI,Amazônia
 1655701055 ,28fa508c-60d7-379f-a140-602a681c8d50,    1.054840 ,  -52.550850 ,2023-10-11 17:00:00,Brasil,AMAPÁ,PEDRA BRANCA DO AMAPARI,Amazônia
 1655701056 ,d54d7d9e-86c6-3e0b-ac8a-d76cb595d920,    1.016410 ,  -52.278240 ,2023-10-11 17:00:00,Brasil,AMAPÁ,PEDRA BRANCA DO AMAPARI,Amazônia
 1655701057 ,b15da09b-76f7-3b13-9238-40263a5de081,    1.004090 ,  -52.276570 ,2023-10-11 17:00:00,Brasil,AMAPÁ,PEDRA BRANCA DO AMAPARI,Amazônia
 1655701058 ,d2506072-0a07-3dae-97f9-417cef7743df,     .947190 ,  -52.049060 ,2023-10-11 17:00:00,Brasil,AMAPÁ,PEDRA BRANCA DO AMAPARI,Amazônia
 1655701059 ,7296042d-d8f2-3e3c-8481-52430826a29d,     .886340 ,  -50.690170 ,2023-10-11 17:00:00,Brasil,AMAPÁ,CUTIAS,Amazônia
 1655701060 ,3d9e8c76-dda6-38d1-9258-0d7737ca4d10,     .853760 ,  -50.685390 ,2023-10-11 17:00:00,Brasil,AMAPÁ,CUTIAS,Amazônia
 1655701061 ,dec04d3a-380f-3bb8-a88b-cc3c9c70deb9,     .851930 ,  -50.679830 ,2023-10-11 17:00:00,Brasil,AMAPÁ,CUTIAS,Amazônia
 1655701062 ,f7176dfe-191a-3598-926d-67863a3c764e,     .793890 ,  -50.925440 ,2023-10-11 17:00:00,Brasil,AMAPÁ,FERREIRA GOMES,Amazônia
 1655701063 ,db7511e3-bcd9-3921-80d7-244ac923cf0e,     .510280 ,  -50.821930 ,2023-10-11 17:00:00,Brasil,AMAPÁ,MACAPÁ,Amazônia
 1655701064 ,32cb4d23-d666-3fa0-a525-01a73a20a78e,     .497150 ,  -50.834370 ,2023-10-11 17:00:00,Brasil,AMAPÁ,MACAPÁ,Amazônia
 1655701065 ,67f2ab96-ca54-3192-8058-1dd1714e58e9,     .493560 ,  -50.935260 ,2023-10-11 17:00:00,Brasil,AMAPÁ,MACAPÁ,Amazônia
 1655701066 ,73166fca-19c0-3daa-a816-dabfdd2b0744,     .491450 ,  -50.949570 ,2023-10-11 17:00:00,Brasil,AMAPÁ,MACAPÁ,Amazônia
 1655701067 ,610452af-e70c-3e96-b808-fba58b1f3b5c,     .482420 ,  -50.933630 ,2023-10-11 17:00:00,Brasil,AMAPÁ,MACAPÁ,Amazônia
 1655701068 ,a10f1e8d-a2bd-352b-b96f-28f247bf703b,     .480290 ,  -50.947980 ,2023-10-11 17:00:00,Brasil,AMAPÁ,MACAPÁ,Amazônia
 1655701069 ,026190d6-0701-3ffc-a480-8797c7dc4624,     .017480 ,  -51.292870 ,2023-10-11 17:00:00,Brasil,AMAPÁ,SANTANA,Amazônia
 1655701219 ,3606525b-2108-345b-898d-67115d679ff0,    -.452860 ,  -52.115150 ,2023-10-11 17:00:00,Brasil,AMAPÁ,LARANJAL DO JARI,Amazônia
 1655701427 ,298bdb6c-6a29-3aa8-a5c3-2404659287ea,    -.454170 ,  -52.109970 ,2023-10-11 17:00:00,Brasil,AMAPÁ,LARANJAL DO JARI,Amazônia
 1655701627 ,3bae7f3e-d5ba-38b4-85cd-647b36125123,    -.884290 ,  -51.998560 ,2023-10-11 16:58:00,Brasil,AMAPÁ,VITÓRIA DO JARI,Amazônia
 1655701628 ,4d1a1e16-6cb7-3b89-9510-eee1bdd5c267,    -.882030 ,  -52.005600 ,2023-10-11 16:58:00,Brasil,AMAPÁ,LARANJAL DO JARI,Amazônia
 1655701629 ,9d1c7c1b-b7e7-31a4-ae32-2640b174b803,    -.522630 ,  -51.855660 ,2023-10-11 17:00:00,Brasil,AMAPÁ,MAZAGÃO,Amazônia
 1655701630 ,d1d42717-7c88-31ff-acf6-0ae62251ba10,    -.461740 ,  -51.730290 ,2023-10-11 17:00:00,Brasil,AMAPÁ,MAZAGÃO,Amazônia
 1655860727 ,5219469d-3ea0-37ca-9e27-5331f3ca2d6a,    3.532680 ,  -51.442850 ,2023-10-12 17:41:00,Brasil,AMAPÁ,OIAPOQUE,Amazônia
 1655860728 ,ba1109f4-ed85-30ed-88e5-5beacf4cd88a,    3.476190 ,  -51.275460 ,2023-10-12 17:41:00,Brasil,AMAPÁ,OIAPOQUE,Amazônia
 1655860729 ,fe8c938e-e0cf-301a-961c-6b0f607a317e,    3.466160 ,  -51.254720 ,2023-10-12 17:41:00,Brasil,AMAPÁ,OIAPOQUE,Amazônia
 1655860730 ,9b6fe72d-f5ba-3d08-b352-af3928e4c13f,    2.420640 ,  -50.875530 ,2023-10-12 17:41:00,Brasil,AMAPÁ,CALÇOENE,Amazônia
 1655860731 ,4837761c-6ad8-3c25-a1a2-99e948e9aad8,    2.210440 ,  -50.887650 ,2023-10-12 17:41:00,Brasil,AMAPÁ,CALÇOENE,Amazônia
 1655860732 ,15b674ad-80f9-3c28-a98c-c376778178a5,    2.209130 ,  -50.892570 ,2023-10-12 17:41:00,Brasil,AMAPÁ,CALÇOENE,Amazônia
 1656002931 ,3cea3b24-214d-3787-9f8b-ce3a35a8e492,    4.017440 ,  -51.641860 ,2023-10-13 16:48:00,Brasil,AMAPÁ,OIAPOQUE,Amazônia
 1656002932 ,add7e66f-be9a-33eb-b986-522717a791c0,    4.015560 ,  -51.646590 ,2023-10-13 16:48:00,Brasil,AMAPÁ,OIAPOQUE,Amazônia
 1656002933 ,66f91f09-6fd1-326d-95cc-4e3e713c1300,    4.013110 ,  -51.669740 ,2023-10-13 16:48:00,Brasil,AMAPÁ,OIAPOQUE,Amazônia
 1656002934 ,b618a06f-549a-3983-a083-91929de29022,    3.481130 ,  -51.269950 ,2023-10-13 16:48:00,Brasil,AMAPÁ,OIAPOQUE,Amazônia
 1656002935 ,4a285129-002f-3a3f-a80a-f469b9f037c6,    2.610840 ,  -50.887440 ,2023-10-13 16:45:00,Brasil,AMAPÁ,CALÇOENE,Amazônia
 1656002936 ,95c2c090-f4c9-3693-9e41-7dc83e6c6f41,    2.604920 ,  -50.906090 ,2023-10-13 16:45:00,Brasil,AMAPÁ,CALÇOENE,Amazônia
 1656002937 ,544e34f7-326c-3b34-826c-70c5136ed464,    2.417730 ,  -50.952140 ,2023-10-13 16:45:00,Brasil,AMAPÁ,CALÇOENE,Amazônia
 1656002938 ,dd515a8e-a9e4-37c9-be1b-aaae53a5aeeb,    2.413630 ,  -50.978440 ,2023-10-13 16:45:00,Brasil,AMAPÁ,CALÇOENE,Amazônia
 1656002939 ,5e896837-ef0e-34d6-97aa-d69835230ed0,    2.412490 ,  -50.971570 ,2023-10-13 16:45:00,Brasil,AMAPÁ,CALÇOENE,Amazônia
 1656002940 ,3d16a6f1-5403-3c35-8421-f66ed6d4cf91,    2.207470 ,  -50.935160 ,2023-10-13 16:45:00,Brasil,AMAPÁ,CALÇOENE,Amazônia
 1656002941 ,77cb6a1c-6ee2-39e9-84e2-176dcd767da4,    1.181330 ,  -50.762810 ,2023-10-13 16:45:00,Brasil,AMAPÁ,TARTARUGALZINHO,Amazônia
 1656002942 ,dfc95f74-3974-301d-9294-8b1315cd9bc9,    1.149210 ,  -50.084630 ,2023-10-13 16:45:00,Brasil,AMAPÁ,MACAPÁ,Amazônia
 1656002943 ,f94780a0-70a9-3ba0-a9dc-35bcd2ff9b96,    1.145540 ,  -50.108350 ,2023-10-13 16:45:00,Brasil,AMAPÁ,CUTIAS,Amazônia
 1656002944 ,c502486e-6d30-3eaa-9566-49a63675f0f7,    1.141060 ,  -50.102660 ,2023-10-13 16:45:00,Brasil,AMAPÁ,MACAPÁ,Amazônia
 1656002945 ,eeb6c12c-3191-3752-b41e-1de9a177f539,     .871350 ,  -50.692680 ,2023-10-13 16:45:00,Brasil,AMAPÁ,CUTIAS,Amazônia
 1656002946 ,2f42de77-b381-3cc3-aab4-06f384e182c0,     .871270 ,  -50.697650 ,2023-10-13 16:45:00,Brasil,AMAPÁ,CUTIAS,Amazônia
 1656002947 ,00f63918-ea5e-305a-b942-8fa2dddd2fbd,     .867420 ,  -50.719370 ,2023-10-13 16:45:00,Brasil,AMAPÁ,CUTIAS,Amazônia
 1656002948 ,6cb2f534-11dc-3030-9490-1ebbd74e9871,     .671690 ,  -50.705730 ,2023-10-13 16:45:00,Brasil,AMAPÁ,MACAPÁ,Amazônia
 1656002949 ,687d2d0e-5ac5-3edb-8b57-11762bd07dd3,     .671200 ,  -50.710560 ,2023-10-13 16:45:00,Brasil,AMAPÁ,MACAPÁ,Amazônia
 1656003217 ,c3192355-7366-3e8f-93d3-a7e4aa7dd60c,    -.491610 ,  -51.848190 ,2023-10-13 16:45:00,Brasil,AMAPÁ,MAZAGÃO,Amazônia
 1656003218 ,b34c110d-f2c2-3899-85c1-f2f9ad24b94e,    -.481600 ,  -51.842120 ,2023-10-13 16:45:00,Brasil,AMAPÁ,MAZAGÃO,Amazônia
 1656003219 ,2d37e393-5d94-3fae-9a85-92b055a9cebc,    -.294120 ,  -51.401730 ,2023-10-13 16:45:00,Brasil,AMAPÁ,MAZAGÃO,Amazônia
 1656003220 ,678c2fef-0e35-36bb-a047-11fd684a629e,    -.285320 ,  -51.407140 ,2023-10-13 16:45:00,Brasil,AMAPÁ,MAZAGÃO,Amazônia
 1656003223 ,f21583ad-2398-3110-ae21-1c330eba5245,    -.047640 ,  -51.761630 ,2023-10-13 16:45:00,Brasil,AMAPÁ,MAZAGÃO,Amazônia
 1656184453 ,201b4a1c-e07a-3e10-9125-623bde51dd26,    2.611480 ,  -50.877790 ,2023-10-14 17:26:00,Brasil,AMAPÁ,CALÇOENE,Amazônia
 1656184454 ,3a871818-86f2-370d-a2d6-3996a0747b03,    2.552130 ,  -50.851720 ,2023-10-14 17:26:00,Brasil,AMAPÁ,CALÇOENE,Amazônia
 1656184455 ,180fb5be-7ab4-3fb5-a151-0e7ef45a0293,    2.542440 ,  -50.850330 ,2023-10-14 17:26:00,Brasil,AMAPÁ,CALÇOENE,Amazônia
 1656184456 ,6f73e9d3-dd8c-37e6-9dd9-6b8e7c047e01,    2.529720 ,  -50.870110 ,2023-10-14 17:26:00,Brasil,AMAPÁ,CALÇOENE,Amazônia
 1656184457 ,0c30e850-0808-39bb-a801-c95fbb899b8f,    2.237940 ,  -50.777820 ,2023-10-14 17:26:00,Brasil,AMAPÁ,CALÇOENE,Amazônia
 1656184458 ,f01a9107-c310-3e6c-af92-3173ca27facf,    2.236440 ,  -50.788430 ,2023-10-14 17:26:00,Brasil,AMAPÁ,CALÇOENE,Amazônia
 1656184459 ,d9fe0e3b-9c03-397b-b24a-4b065969edff,    2.112900 ,  -50.779800 ,2023-10-14 17:26:00,Brasil,AMAPÁ,AMAPÁ,Amazônia
 1656184460 ,62a09d1a-4c4d-30a8-8151-b90e834326ed,    2.111370 ,  -50.790340 ,2023-10-14 17:26:00,Brasil,AMAPÁ,AMAPÁ,Amazônia
 1656184461 ,04c68f10-58d9-353c-9091-b1514358450c,    2.101700 ,  -50.788960 ,2023-10-14 17:26:00,Brasil,AMAPÁ,AMAPÁ,Amazônia
 1656184462 ,5cf8cbf8-c751-3933-aad7-cf69625b53b8,    1.940470 ,  -50.699290 ,2023-10-14 17:26:00,Brasil,AMAPÁ,AMAPÁ,Amazônia
 1656184463 ,aefa9e3e-d8c4-316d-97ed-50def1e6576f,    1.938930 ,  -50.709910 ,2023-10-14 17:26:00,Brasil,AMAPÁ,AMAPÁ,Amazônia
 1656184464 ,9c3f3172-253a-3d69-a879-581d0bd53e88,    1.858280 ,  -50.626480 ,2023-10-14 17:26:00,Brasil,AMAPÁ,AMAPÁ,Amazônia
 1656184465 ,21f606c8-d404-361d-aa71-a3d6a047af85,    1.857660 ,  -50.932950 ,2023-10-14 17:26:00,Brasil,AMAPÁ,AMAPÁ,Amazônia
 1656184466 ,c543c830-61f9-30aa-965e-fb7f23f48764,    1.844560 ,  -50.514560 ,2023-10-14 17:26:00,Brasil,AMAPÁ,AMAPÁ,Amazônia
 1656184467 ,660790c1-33da-34a1-bce5-2b8692496d53,    1.806570 ,  -50.640870 ,2023-10-14 17:26:00,Brasil,AMAPÁ,PRACUÚBA,Amazônia
 1656184468 ,b665970f-037b-31b9-a4fa-db8ed90e5d82,    1.750620 ,  -50.670540 ,2023-10-14 17:26:00,Brasil,AMAPÁ,PRACUÚBA,Amazônia
 1656184469 ,6eedf7e5-56b6-3e5b-9c5e-87ce8914ece1,    1.484530 ,  -50.731270 ,2023-10-14 17:26:00,Brasil,AMAPÁ,TARTARUGALZINHO,Amazônia
 1656184470 ,eed15b5c-b7d7-3dbb-a6d4-2ecc176f9f46,    1.417060 ,  -50.859050 ,2023-10-14 17:26:00,Brasil,AMAPÁ,TARTARUGALZINHO,Amazônia
 1656184471 ,377d0dee-8c62-3e58-9d50-0949a5ba38b4,    1.406040 ,  -50.867950 ,2023-10-14 17:26:00,Brasil,AMAPÁ,TARTARUGALZINHO,Amazônia
 1656184472 ,84fe81ee-3600-329b-aea2-f339da2214aa,    1.393580 ,  -50.887080 ,2023-10-14 17:26:00,Brasil,AMAPÁ,TARTARUGALZINHO,Amazônia
 1656184473 ,1e73653f-a09c-3950-8e1c-8fbdffb8e5f0,    1.333330 ,  -51.007610 ,2023-10-14 17:26:00,Brasil,AMAPÁ,TARTARUGALZINHO,Amazônia
 1656184474 ,fef5e3b4-8d77-3bd3-9a71-3692b26f85b8,    1.133570 ,  -50.914730 ,2023-10-14 17:26:00,Brasil,AMAPÁ,TARTARUGALZINHO,Amazônia
 1656184475 ,eb37a50b-ec1e-301f-9bee-9996a43c6de1,     .800660 ,  -50.234070 ,2023-10-14 17:26:00,Brasil,AMAPÁ,MACAPÁ,Amazônia
 1656184476 ,9f280192-bd7b-3794-81a1-6126315e219f,     .765260 ,  -50.711750 ,2023-10-14 17:26:00,Brasil,AMAPÁ,MACAPÁ,Amazônia
 1656184477 ,1e5f3bbd-e6b5-3d7f-8ce6-7375bef6303d,     .763790 ,  -50.722040 ,2023-10-14 17:26:00,Brasil,AMAPÁ,MACAPÁ,Amazônia
 1656184478 ,1c09da04-1e52-3017-8786-3257e33ede59,     .197950 ,  -51.279540 ,2023-10-14 17:26:00,Brasil,AMAPÁ,MACAPÁ,Amazônia
 1656184479 ,44eb419a-9d6a-3485-91d4-91f24ab9bd11,     .136030 ,  -51.251010 ,2023-10-14 17:26:00,Brasil,AMAPÁ,SANTANA,Amazônia
 1656184480 ,c86ab0ee-8b13-3be9-aaaf-e57f4e4ae783,     .098260 ,  -51.326720 ,2023-10-14 17:26:00,Brasil,AMAPÁ,SANTANA,Amazônia
 1656184481 ,c00c6f2f-5034-398f-9a3c-07b73dbc5b9c,    -.156360 ,  -51.489190 ,2023-10-14 17:26:00,Brasil,AMAPÁ,MAZAGÃO,Amazônia
 1656184482 ,bdb9c1c2-1cd6-3380-8fac-09d979f11a5a,     .530210 ,  -50.957740 ,2023-10-14 17:26:00,Brasil,AMAPÁ,FERREIRA GOMES,Amazônia
 1656184483 ,0dcb9399-0e18-338d-b469-89e9bbd5b178,     .522250 ,  -50.946440 ,2023-10-14 17:26:00,Brasil,AMAPÁ,FERREIRA GOMES,Amazônia
 1656184484 ,18c111cd-cc34-358f-9176-90222396e2e2,     .520800 ,  -50.956400 ,2023-10-14 17:26:00,Brasil,AMAPÁ,FERREIRA GOMES,Amazônia
 1656184485 ,c9e96930-8c2f-3dd3-ac1c-93efa0946452,     .344290 ,  -50.969110 ,2023-10-14 17:26:00,Brasil,AMAPÁ,MACAPÁ,Amazônia
 1656184487 ,e808de30-ca0b-31d1-94a5-f20112c50fc0,     .161380 ,  -51.007160 ,2023-10-14 17:26:00,Brasil,AMAPÁ,MACAPÁ,Amazônia
 1656184678 ,95172912-6229-3bed-8969-a2dc25732e97,    4.030160 ,  -51.627150 ,2023-10-14 17:26:00,Brasil,AMAPÁ,OIAPOQUE,Amazônia
 1656184679 ,24bfacf9-c04b-3aa4-b255-d8534e1c4642,    3.585730 ,  -51.412930 ,2023-10-14 17:26:00,Brasil,AMAPÁ,OIAPOQUE,Amazônia
 1656184680 ,3b5ffb2b-b76c-348f-b4cc-0034a8c61d4e,    3.487560 ,  -51.257130 ,2023-10-14 17:26:00,Brasil,AMAPÁ,OIAPOQUE,Amazônia
 1656184681 ,3786e8d8-388a-3a4b-9856-465e71ada548,    3.389520 ,  -51.225850 ,2023-10-14 17:26:00,Brasil,AMAPÁ,OIAPOQUE,Amazônia
 1656184682 ,731556f3-901a-38e5-bf05-b27241c4c06e,    3.379940 ,  -51.224480 ,2023-10-14 17:26:00,Brasil,AMAPÁ,OIAPOQUE,Amazônia
 1656184683 ,2f9b4489-b7b5-30eb-a9b5-549984ba56c3,    3.378480 ,  -51.234830 ,2023-10-14 17:26:00,Brasil,AMAPÁ,OIAPOQUE,Amazônia
 1656184684 ,ba5938b0-bd83-38b2-869b-14021f8c21e5,    3.377020 ,  -51.245160 ,2023-10-14 17:26:00,Brasil,AMAPÁ,OIAPOQUE,Amazônia
 1656184685 ,fe963402-e396-3fa2-b34a-394d7d76fdb2,    3.339160 ,  -51.375690 ,2023-10-14 17:26:00,Brasil,AMAPÁ,OIAPOQUE,Amazônia
 1656184686 ,335df3a2-1aed-3f55-bb16-49da1960e79f,    2.956660 ,  -51.409590 ,2023-10-14 17:26:00,Brasil,AMAPÁ,CALÇOENE,Amazônia
 1656184687 ,c967b089-28f6-3756-b07e-b41ee3b1eb9b,    2.811450 ,  -51.407030 ,2023-10-14 17:26:00,Brasil,AMAPÁ,CALÇOENE,Amazônia
 1656184688 ,4fb18ed5-09f6-328d-9a61-5bb5764f50fe,    2.443220 ,  -51.339620 ,2023-10-14 17:26:00,Brasil,AMAPÁ,CALÇOENE,Amazônia
 1656184689 ,454971e2-730a-395c-a381-4850996bc439,    2.581690 ,  -50.948780 ,2023-10-14 17:26:00,Brasil,AMAPÁ,CALÇOENE,Amazônia
 1656184690 ,5ce26b72-828c-304c-aa59-39e55eeab379,    1.155170 ,  -52.742000 ,2023-10-14 17:26:00,Brasil,AMAPÁ,PEDRA BRANCA DO AMAPARI,Amazônia
 1656184691 ,292aa577-fb08-3b5e-ad62-eb09462ae716,     .836640 ,  -51.317010 ,2023-10-14 17:26:00,Brasil,AMAPÁ,FERREIRA GOMES,Amazônia
 1656184692 ,124a512f-9bd9-3c0a-89bd-66f13618400d,     .835230 ,  -51.326680 ,2023-10-14 17:26:00,Brasil,AMAPÁ,FERREIRA GOMES,Amazônia
 1656184693 ,dda2eb9e-2ef9-366e-bed2-c97b3fd813e4,     .783090 ,  -52.005280 ,2023-10-14 17:26:00,Brasil,AMAPÁ,PEDRA BRANCA DO AMAPARI,Amazônia
 1656184694 ,82563c93-ec88-3cbf-b225-957222ec5575,     .558890 ,  -51.508020 ,2023-10-14 17:26:00,Brasil,AMAPÁ,PORTO GRANDE,Amazônia
 1656184695 ,09577909-81f6-3943-b210-cfc191a5aa2d,     .025770 ,  -51.632500 ,2023-10-14 17:26:00,Brasil,AMAPÁ,MAZAGÃO,Amazônia
 1656184696 ,57b0d01d-19b1-35d2-a27b-f5763bf27163,     .024420 ,  -51.641800 ,2023-10-14 17:26:00,Brasil,AMAPÁ,MAZAGÃO,Amazônia
 1656184697 ,c2b18585-d03d-3cab-b16b-180cc643db06,    -.479470 ,  -52.197050 ,2023-10-14 17:26:00,Brasil,AMAPÁ,LARANJAL DO JARI,Amazônia
 1656184698 ,ff9c6ea3-e82c-3ffb-bf8e-9201c366371f,    -.471190 ,  -52.204040 ,2023-10-14 17:26:00,Brasil,AMAPÁ,LARANJAL DO JARI,Amazônia
 1656184699 ,0e3c4298-9e0e-3238-9185-c60a435c3ba1,    -.469900 ,  -52.195080 ,2023-10-14 17:26:00,Brasil,AMAPÁ,LARANJAL DO JARI,Amazônia
 1656184700 ,12f13727-f0fe-3359-a6c7-d4e935a20136,    -.178040 ,  -51.703780 ,2023-10-14 17:26:00,Brasil,AMAPÁ,MAZAGÃO,Amazônia
 1656184701 ,f45a60cb-256a-3b53-a908-8bb0be41cc3f,    -.104740 ,  -51.645520 ,2023-10-14 17:26:00,Brasil,AMAPÁ,MAZAGÃO,Amazônia
 1656184702 ,0144e1fb-2065-3800-878b-d98b643db8fe,    -.103410 ,  -51.636260 ,2023-10-14 17:26:00,Brasil,AMAPÁ,MAZAGÃO,Amazônia
 1656184740 ,c734c932-1dad-37b8-b364-8106d788fa18,    -.952410 ,  -52.088000 ,2023-10-14 17:26:00,Brasil,AMAPÁ,VITÓRIA DO JARI,Amazônia
 1656184741 ,e8709617-ce0d-3ea9-b434-4453da752900,    -.917520 ,  -52.108790 ,2023-10-14 17:26:00,Brasil,AMAPÁ,VITÓRIA DO JARI,Amazônia
 1656184742 ,9fef8780-2de7-3936-8c01-cc7759cd8415,    -.863950 ,  -52.180500 ,2023-10-14 17:26:00,Brasil,AMAPÁ,VITÓRIA DO JARI,Amazônia
 1656479948 ,988178c5-8dd5-3cfa-9ffb-4a0dda60047c,    2.424770 ,  -50.911370 ,2023-10-16 17:11:00,Brasil,AMAPÁ,CALÇOENE,Amazônia
 1656479949 ,3de907ad-f5bf-332d-b75f-d350b4081b9e,    2.423430 ,  -50.920610 ,2023-10-16 17:11:00,Brasil,AMAPÁ,CALÇOENE,Amazônia
 1656479950 ,adfa0e8c-8d2e-31d0-b4bb-6410a7bee53d,    2.280470 ,  -50.883650 ,2023-10-16 17:11:00,Brasil,AMAPÁ,CALÇOENE,Amazônia
 1656479951 ,f120f248-a6f9-3fa0-9512-497f83b8fcfa,    2.157320 ,  -50.910100 ,2023-10-16 17:11:00,Brasil,AMAPÁ,CALÇOENE,Amazônia
 1656479952 ,3f4ce4b6-37f4-32d4-9513-7227e27bd8d7,    2.138410 ,  -50.784830 ,2023-10-16 17:11:00,Brasil,AMAPÁ,AMAPÁ,Amazônia
 1656479953 ,683e033d-2976-3304-9243-8090dcb24aae,    2.098510 ,  -50.741490 ,2023-10-16 17:11:00,Brasil,AMAPÁ,AMAPÁ,Amazônia
 1656479954 ,9a420ebc-3d82-3f27-99ad-8386380dfa78,    2.097170 ,  -50.750660 ,2023-10-16 17:11:00,Brasil,AMAPÁ,AMAPÁ,Amazônia
 1656479955 ,c20181b4-048b-35a6-b737-97af9f79676a,    2.051180 ,  -50.691490 ,2023-10-16 17:11:00,Brasil,AMAPÁ,AMAPÁ,Amazônia
 1656479956 ,397416f2-051e-33f1-8a7b-bae707142c33,    1.958080 ,  -50.821480 ,2023-10-16 17:11:00,Brasil,AMAPÁ,AMAPÁ,Amazônia
 1656479957 ,2baf92d6-8e93-3a8e-a26d-70b48ca50caa,    1.935900 ,  -50.593510 ,2023-10-16 17:11:00,Brasil,AMAPÁ,AMAPÁ,Amazônia
 1656479958 ,f96535d0-4fe5-3fc3-97fd-66cf4e454e14,    1.860470 ,  -50.991420 ,2023-10-16 17:11:00,Brasil,AMAPÁ,AMAPÁ,Amazônia
 1656479959 ,aeef38ab-1f72-32b9-b602-5b464383ee20,    1.832280 ,  -50.675280 ,2023-10-16 17:11:00,Brasil,AMAPÁ,AMAPÁ,Amazônia
 1656479960 ,abe68d06-a508-3c14-9b7c-7959dabd2422,    1.773640 ,  -50.886530 ,2023-10-16 17:11:00,Brasil,AMAPÁ,PRACUÚBA,Amazônia
 1656479961 ,baee4de4-2cdd-35ea-90bc-b52fa50dd752,    1.759150 ,  -50.667550 ,2023-10-16 17:11:00,Brasil,AMAPÁ,PRACUÚBA,Amazônia
 1656479962 ,a0452e78-c382-3fe8-88f6-9dc996ff16a6,    1.750100 ,  -50.666220 ,2023-10-16 17:11:00,Brasil,AMAPÁ,PRACUÚBA,Amazônia
 1656479963 ,cb4c80d9-5fbd-32e7-abc5-6659b6bba136,    1.623200 ,  -51.098370 ,2023-10-16 17:11:00,Brasil,AMAPÁ,PRACUÚBA,Amazônia
 1656479964 ,f2d9d74c-e992-3a3e-bcac-2f4da096561e,    1.621820 ,  -51.107850 ,2023-10-16 17:11:00,Brasil,AMAPÁ,PRACUÚBA,Amazônia
 1656479965 ,ec1aa982-872f-3fa0-b112-5b841cd45638,    1.600910 ,  -50.679080 ,2023-10-16 17:11:00,Brasil,AMAPÁ,PRACUÚBA,Amazônia
 1656479966 ,20106c4b-8169-3723-95ba-045dd5e2b815,    1.574060 ,  -50.609570 ,2023-10-16 17:11:00,Brasil,AMAPÁ,PRACUÚBA,Amazônia
 1656479967 ,dc938867-a9e6-36e4-a0af-e61d982d9617,    1.568580 ,  -50.901460 ,2023-10-16 17:11:00,Brasil,AMAPÁ,TARTARUGALZINHO,Amazônia
 1656479968 ,72fb1302-9465-3d67-8ad6-b17a042d981d,    1.565020 ,  -50.608250 ,2023-10-16 17:11:00,Brasil,AMAPÁ,PRACUÚBA,Amazônia
 1656479969 ,5ed4eeca-d4c2-37de-bff5-e070b5b6c572,    1.525190 ,  -50.942860 ,2023-10-16 17:11:00,Brasil,AMAPÁ,TARTARUGALZINHO,Amazônia
 1656479970 ,0929fd61-0820-35c8-b650-80db08ff69bf,    1.240960 ,  -50.877030 ,2023-10-16 17:11:00,Brasil,AMAPÁ,TARTARUGALZINHO,Amazônia
 1656479971 ,54f2a93a-02a4-3885-bdf9-3786707c9591,    1.126950 ,  -50.009330 ,2023-10-16 17:11:00,Brasil,AMAPÁ,MACAPÁ,Amazônia
 1656479972 ,e079a37f-52f9-336e-9507-895aa9915d06,    1.125650 ,  -50.018260 ,2023-10-16 17:11:00,Brasil,AMAPÁ,MACAPÁ,Amazônia
 1656479973 ,df05b5fa-3cd1-3f72-a1a4-717d7c68c445,    1.071280 ,  -50.013790 ,2023-10-16 17:11:00,Brasil,AMAPÁ,MACAPÁ,Amazônia
 1656479974 ,6c522632-4531-3c12-a17b-7f10832a3382,     .945600 ,  -50.883280 ,2023-10-16 17:11:00,Brasil,AMAPÁ,CUTIAS,Amazônia
 1656479975 ,cc9b381f-3c27-3289-8ff8-e3d975bf08ff,     .944240 ,  -50.892720 ,2023-10-16 17:11:00,Brasil,AMAPÁ,CUTIAS,Amazônia
 1656479976 ,721dfc48-e61c-3c3a-8d01-433e1016e06e,     .894390 ,  -50.725620 ,2023-10-16 17:11:00,Brasil,AMAPÁ,CUTIAS,Amazônia
 1656479977 ,9a974d05-f1d0-3480-bd11-668ee354a947,     .871060 ,  -50.693700 ,2023-10-16 17:11:00,Brasil,AMAPÁ,CUTIAS,Amazônia
 1656479978 ,901edf29-9780-3126-a963-47b006099b97,     .870750 ,  -50.760300 ,2023-10-16 17:11:00,Brasil,AMAPÁ,CUTIAS,Amazônia
 1656479979 ,a189c626-7995-3503-8a5f-ffc0ba5b4ee0,     .869390 ,  -50.769650 ,2023-10-16 17:11:00,Brasil,AMAPÁ,CUTIAS,Amazônia
 1656479980 ,6447958b-71f7-362b-b9d7-d99978b06617,     .813190 ,  -50.771030 ,2023-10-16 17:11:00,Brasil,AMAPÁ,MACAPÁ,Amazônia
 1656479981 ,2e8dc34f-f0d4-3968-ab1c-37c17be0bc68,     .811820 ,  -50.780390 ,2023-10-16 17:11:00,Brasil,AMAPÁ,MACAPÁ,Amazônia
 1656479982 ,0ec8b6d7-b3ab-3633-814e-27b0d50edf99,     .808580 ,  -50.238990 ,2023-10-16 17:11:00,Brasil,AMAPÁ,MACAPÁ,Amazônia
 1656479983 ,8d368d09-647d-3936-8af1-196b4f3cf1b8,     .806320 ,  -50.817880 ,2023-10-16 17:11:00,Brasil,AMAPÁ,MACAPÁ,Amazônia
 1656479984 ,2cf65075-13e1-34e5-936c-de7ba5316819,     .778840 ,  -50.827520 ,2023-10-16 17:11:00,Brasil,AMAPÁ,MACAPÁ,Amazônia
 1656479985 ,98168fe4-90b8-3a6f-b072-a65715ec657f,     .777490 ,  -50.836920 ,2023-10-16 17:11:00,Brasil,AMAPÁ,MACAPÁ,Amazônia
 1656479986 ,eca78334-db66-381f-8cab-2a8cf973398f,     .158800 ,  -51.364610 ,2023-10-16 17:11:00,Brasil,AMAPÁ,SANTANA,Amazônia
 1656479987 ,4797dc7a-c1b7-36d6-b33c-8e62702f556d,     .149350 ,  -51.363210 ,2023-10-16 17:11:00,Brasil,AMAPÁ,SANTANA,Amazônia
 1656479988 ,c5ebc6df-4c05-321c-b442-820f0af8bf47,     .147910 ,  -51.373240 ,2023-10-16 17:11:00,Brasil,AMAPÁ,SANTANA,Amazônia
 1656479989 ,d25b8717-48b4-30b3-89cd-07b9ddc50bd7,     .140670 ,  -51.423700 ,2023-10-16 17:11:00,Brasil,AMAPÁ,SANTANA,Amazônia
 1656479990 ,21fb6c66-3f03-3106-b101-e0cc74d2b6a1,     .076720 ,  -51.332180 ,2023-10-16 17:11:00,Brasil,AMAPÁ,SANTANA,Amazônia
 1656479991 ,fcb9982b-0a13-3ac7-9b13-8d74bff30c22,     .075250 ,  -51.342160 ,2023-10-16 17:11:00,Brasil,AMAPÁ,SANTANA,Amazônia
 1656479992 ,6cf1abd0-6112-36b9-a61a-81630fb9aaa1,     .073770 ,  -51.352180 ,2023-10-16 17:11:00,Brasil,AMAPÁ,SANTANA,Amazônia
 1656479993 ,1b6eda0e-c5c2-39bd-b932-6348eb206a2f,     .070470 ,  -51.334870 ,2023-10-16 17:11:00,Brasil,AMAPÁ,SANTANA,Amazônia
 1656479994 ,f89418e7-63f3-3a95-96b4-84cdc3b44045,     .069030 ,  -51.344910 ,2023-10-16 17:11:00,Brasil,AMAPÁ,SANTANA,Amazônia
 1656479995 ,07da3a9a-be58-324e-b0b6-d0ab5c6662a8,     .054470 ,  -51.312110 ,2023-10-16 17:11:00,Brasil,AMAPÁ,SANTANA,Amazônia
 1656479996 ,a731cdb1-ed4c-3d5d-b78a-7bea87b030ad,    -.193530 ,  -51.418440 ,2023-10-16 17:11:00,Brasil,AMAPÁ,MAZAGÃO,Amazônia
 1656479997 ,a5a80ddd-2877-34f8-a959-26760eb1c81b,     .678870 ,  -50.748780 ,2023-10-16 17:11:00,Brasil,AMAPÁ,MACAPÁ,Amazônia
 1656480002 ,a8d36546-cc19-3914-98a9-0063fd6172bb,     .490620 ,  -50.776460 ,2023-10-16 17:11:00,Brasil,AMAPÁ,MACAPÁ,Amazônia
 1656480003 ,75ffc706-521c-3376-bd68-b8f03ff542f8,     .334220 ,  -50.834950 ,2023-10-16 17:11:00,Brasil,AMAPÁ,MACAPÁ,Amazônia
 1656480004 ,57ec209f-f894-37f9-a38c-fca2dc7821f0,     .248630 ,  -50.786790 ,2023-10-16 17:11:00,Brasil,AMAPÁ,MACAPÁ,Amazônia
 1656480007 ,a4e7017e-1395-3f0b-beee-9dc737e91ecd,    -.344470 ,  -51.457510 ,2023-10-16 17:11:00,Brasil,AMAPÁ,MAZAGÃO,Amazônia
 1656480008 ,ae5f2248-deeb-3300-90c1-8be9c06b4ad7,    -.285400 ,  -51.420340 ,2023-10-16 17:11:00,Brasil,AMAPÁ,MAZAGÃO,Amazônia
 1656480100 ,6572ecf7-2799-35d6-ab2f-874b768112c7,    4.010520 ,  -51.652990 ,2023-10-16 17:11:00,Brasil,AMAPÁ,OIAPOQUE,Amazônia
 1656480101 ,2071e1d1-d608-3d23-98d1-622adb7e20de,    3.986430 ,  -51.688440 ,2023-10-16 17:11:00,Brasil,AMAPÁ,OIAPOQUE,Amazônia
 1656480102 ,b93d1e31-82dc-3073-bf26-de708d136ed5,    3.864790 ,  -51.775880 ,2023-10-16 17:11:00,Brasil,AMAPÁ,OIAPOQUE,Amazônia
 1656480103 ,e18c7486-1888-3711-966e-cd1cd83ba57c,    3.813490 ,  -51.738710 ,2023-10-16 17:11:00,Brasil,AMAPÁ,OIAPOQUE,Amazônia
 1656480104 ,b453102e-9915-319a-83a2-fc5586c96ef4,    3.806110 ,  -51.614610 ,2023-10-16 17:11:00,Brasil,AMAPÁ,OIAPOQUE,Amazônia
 1656480105 ,9ffda14a-83b4-3e0b-82c7-f4fc9b2da4e1,    3.689830 ,  -51.777280 ,2023-10-16 17:11:00,Brasil,AMAPÁ,OIAPOQUE,Amazônia
 1656480106 ,d45f7e9c-656c-31e4-a8e9-e48ef5aedf40,    3.680550 ,  -51.775890 ,2023-10-16 17:11:00,Brasil,AMAPÁ,OIAPOQUE,Amazônia
 1656480107 ,9b5882ab-8287-355e-bf59-5f1047b0d61b,    3.671160 ,  -51.274730 ,2023-10-16 17:11:00,Brasil,AMAPÁ,OIAPOQUE,Amazônia
 1656480108 ,9eb06c77-9854-3c22-8855-1ad71fcffd8e,    3.669810 ,  -51.284040 ,2023-10-16 17:11:00,Brasil,AMAPÁ,OIAPOQUE,Amazônia
 1656480109 ,3cb8dc5c-e206-3384-9c7f-07c4c1f0d887,    3.660710 ,  -51.282690 ,2023-10-16 17:11:00,Brasil,AMAPÁ,OIAPOQUE,Amazônia
 1656480110 ,41d08a96-d097-3334-bc0a-a7ae18c01c10,    2.725860 ,  -51.055580 ,2023-10-16 17:11:00,Brasil,AMAPÁ,CALÇOENE,Amazônia
 1656480111 ,1da81cb8-44ec-3d66-9908-e0d4d07b2439,    2.523550 ,  -51.051640 ,2023-10-16 17:11:00,Brasil,AMAPÁ,CALÇOENE,Amazônia
 1656480112 ,f5cf1bbd-5140-3925-8a29-4bb112087fa9,    2.274640 ,  -50.986860 ,2023-10-16 17:11:00,Brasil,AMAPÁ,CALÇOENE,Amazônia
 1656480113 ,ea825db1-9d2b-3d8e-877d-15e5a64772b7,    2.273280 ,  -50.996130 ,2023-10-16 17:11:00,Brasil,AMAPÁ,CALÇOENE,Amazônia
 1656480114 ,1de90803-35f7-332b-990c-4d2acba6dc1b,    3.598150 ,  -51.777980 ,2023-10-16 17:11:00,Brasil,AMAPÁ,OIAPOQUE,Amazônia
 1656480115 ,a77c6c29-8341-3e8f-a36c-46a6f6d3cbdb,    3.574840 ,  -51.423050 ,2023-10-16 17:11:00,Brasil,AMAPÁ,OIAPOQUE,Amazônia
 1656480116 ,38de5fa9-9956-36a9-835e-d4e6c68fd21d,    3.565690 ,  -51.421700 ,2023-10-16 17:11:00,Brasil,AMAPÁ,OIAPOQUE,Amazônia
 1656480117 ,96664a92-82d2-3dc3-ad72-662d80785035,    3.507140 ,  -51.253490 ,2023-10-16 17:11:00,Brasil,AMAPÁ,OIAPOQUE,Amazônia
 1656480118 ,af71bcc8-3a3c-3707-83a7-706247d2a324,    3.505770 ,  -51.262800 ,2023-10-16 17:11:00,Brasil,AMAPÁ,OIAPOQUE,Amazônia
 1656480119 ,be014753-519a-3427-8d1a-659d574623a3,    3.499410 ,  -51.242850 ,2023-10-16 17:11:00,Brasil,AMAPÁ,OIAPOQUE,Amazônia
 1656480120 ,884949b4-4aab-3214-98dd-c211b08ecc12,    3.498040 ,  -51.252150 ,2023-10-16 17:11:00,Brasil,AMAPÁ,OIAPOQUE,Amazônia
 1656480121 ,4ff52766-d211-3cd4-aebe-1828bc3dfb0b,    3.491110 ,  -51.245430 ,2023-10-16 17:11:00,Brasil,AMAPÁ,OIAPOQUE,Amazônia
 1656480122 ,65b543b9-04a5-3909-990e-d8b079b7d4c2,    3.365400 ,  -51.344560 ,2023-10-16 17:11:00,Brasil,AMAPÁ,OIAPOQUE,Amazônia
 1656480123 ,dfbbf8cb-713d-30f2-a24c-8bebd087ed36,    3.332960 ,  -51.311030 ,2023-10-16 17:11:00,Brasil,AMAPÁ,OIAPOQUE,Amazônia
 1656480124 ,66fe3d9d-d2e1-3e74-b5d8-8003a96e939c,    3.235850 ,  -51.348530 ,2023-10-16 17:11:00,Brasil,AMAPÁ,OIAPOQUE,Amazônia
 1656480125 ,459f2902-9316-34d0-8b23-36929304c392,    3.234460 ,  -51.357940 ,2023-10-16 17:11:00,Brasil,AMAPÁ,OIAPOQUE,Amazônia
 1656480126 ,62b9b0eb-6441-35b4-9cea-00988c9c4876,    3.226690 ,  -51.347180 ,2023-10-16 17:11:00,Brasil,AMAPÁ,OIAPOQUE,Amazônia
 1656480127 ,fb36c48e-f3e9-35f6-bb35-269cb5a2943e,    3.223560 ,  -51.560180 ,2023-10-16 17:11:00,Brasil,AMAPÁ,OIAPOQUE,Amazônia
 1656480128 ,dd059ad8-1c46-358c-a5d9-77ac8782d66d,    3.214320 ,  -51.558810 ,2023-10-16 17:11:00,Brasil,AMAPÁ,OIAPOQUE,Amazônia
 1656480129 ,a1c65aca-1e1f-3789-a0a8-1391d83f0a2d,    3.204190 ,  -51.372780 ,2023-10-16 17:11:00,Brasil,AMAPÁ,OIAPOQUE,Amazônia
 1656480130 ,aa174694-c9ba-3f13-8f72-c521fce59c24,    3.083310 ,  -51.562370 ,2023-10-16 17:11:00,Brasil,AMAPÁ,OIAPOQUE,Amazônia
 1656480131 ,f58d3ffe-588c-302d-8935-09506965440b,    3.076270 ,  -51.565440 ,2023-10-16 17:11:00,Brasil,AMAPÁ,OIAPOQUE,Amazônia
 1656480132 ,c7c65169-2994-35b4-b5a4-402f328b6a94,    2.696010 ,  -51.387230 ,2023-10-16 17:11:00,Brasil,AMAPÁ,CALÇOENE,Amazônia
 1656480133 ,53e21c8b-3151-3ed4-be10-80bc0f133f26,    2.401060 ,  -51.641100 ,2023-10-16 17:11:00,Brasil,AMAPÁ,CALÇOENE,Amazônia
 1656480134 ,b80929dc-c2ce-32c0-b253-b1fd5b0aee59,    2.399630 ,  -51.650930 ,2023-10-16 17:11:00,Brasil,AMAPÁ,CALÇOENE,Amazônia
 1656480135 ,fc314263-2211-37a3-a0be-1ca96f1f0771,    2.343620 ,  -51.537280 ,2023-10-16 17:11:00,Brasil,AMAPÁ,CALÇOENE,Amazônia
 1656480136 ,df5b602d-4f3d-3f68-9c4a-6eb8679f6df1,     .837650 ,  -52.056810 ,2023-10-16 17:11:00,Brasil,AMAPÁ,PEDRA BRANCA DO AMAPARI,Amazônia
 1656480137 ,b2d63890-ee3a-3a8d-95d2-5a027a8a776d,     .827910 ,  -52.055390 ,2023-10-16 17:11:00,Brasil,AMAPÁ,PEDRA BRANCA DO AMAPARI,Amazônia
 1656480138 ,821c6db0-514f-3cdb-87e2-b08e371c2976,     .748860 ,  -52.038130 ,2023-10-16 17:11:00,Brasil,AMAPÁ,PEDRA BRANCA DO AMAPARI,Amazônia
 1656480139 ,ad0372d5-4aeb-3d86-95eb-1a9b2e78e30f,    -.678150 ,  -52.001300 ,2023-10-16 17:11:00,Brasil,AMAPÁ,MAZAGÃO,Amazônia
 1656480140 ,492842ca-edc9-3980-ab49-e416ef5510ad,    -.676560 ,  -51.990140 ,2023-10-16 17:11:00,Brasil,AMAPÁ,MAZAGÃO,Amazônia
 1656480141 ,679f1a34-ac00-3e48-8b29-20fb33f708be,    -.557520 ,  -51.867210 ,2023-10-16 17:11:00,Brasil,AMAPÁ,MAZAGÃO,Amazônia
 1656480142 ,1d8103c2-9fe7-31e4-9e0d-159ae9240271,    -.539820 ,  -52.593670 ,2023-10-16 17:11:00,Brasil,AMAPÁ,LARANJAL DO JARI,Amazônia
 1656480143 ,ff5a535a-08bd-33f8-ab21-85cb2436931b,    -.525680 ,  -51.735400 ,2023-10-16 17:11:00,Brasil,AMAPÁ,MAZAGÃO,Amazônia
 1656480144 ,563a8770-d781-3f1c-99c4-9518df26ec59,    -.471650 ,  -52.197730 ,2023-10-16 17:11:00,Brasil,AMAPÁ,LARANJAL DO JARI,Amazônia
 1656480145 ,57a5ab7d-e019-381c-9339-2b0842d66ee1,    -.451080 ,  -51.850450 ,2023-10-16 17:11:00,Brasil,AMAPÁ,MAZAGÃO,Amazônia
 1656480146 ,b9709f5a-f1f0-3c56-9ce1-406800c364d4,    -.429930 ,  -51.842470 ,2023-10-16 17:11:00,Brasil,AMAPÁ,MAZAGÃO,Amazônia
 1656480147 ,2849b3d8-1df9-32b4-83ac-5a0dd59c1a96,    -.296430 ,  -51.835320 ,2023-10-16 17:11:00,Brasil,AMAPÁ,MAZAGÃO,Amazônia
 1656480148 ,d18edcdf-4729-3fb2-bc25-3f435e01fd64,     .572250 ,  -51.352600 ,2023-10-16 17:11:00,Brasil,AMAPÁ,PORTO GRANDE,Amazônia
 1656480149 ,a9419180-34b9-3c88-8803-e07d57f01e4b,     .187830 ,  -51.529380 ,2023-10-16 17:11:00,Brasil,AMAPÁ,SANTANA,Amazônia
 1656480150 ,df0ca058-502b-3eeb-ac36-fdd06010850a,     .186340 ,  -51.539630 ,2023-10-16 17:11:00,Brasil,AMAPÁ,SANTANA,Amazônia
 1656480151 ,346e630b-1218-3b54-b4de-585827afd96d,    -.198890 ,  -51.724610 ,2023-10-16 17:11:00,Brasil,AMAPÁ,MAZAGÃO,Amazônia
 1656480152 ,bb8b6e13-673a-345f-a56d-e892f47560a4,    -.140120 ,  -51.685960 ,2023-10-16 17:11:00,Brasil,AMAPÁ,MAZAGÃO,Amazônia
 1656480153 ,3a97a0b2-6621-3b3e-8f56-70b491d72e25,    -.132010 ,  -51.697870 ,2023-10-16 17:11:00,Brasil,AMAPÁ,MAZAGÃO,Amazônia
 1656480154 ,6410a51e-2871-3045-8800-f8ded199d8f2,    -.124840 ,  -51.581830 ,2023-10-16 17:11:00,Brasil,AMAPÁ,MAZAGÃO,Amazônia
 1656480175 ,0048d7bd-4ade-317b-8720-54390090284f,    -.867150 ,  -52.174560 ,2023-10-16 17:11:00,Brasil,AMAPÁ,VITÓRIA DO JARI,Amazônia
 1656480176 ,8847a735-07be-3b21-b610-fff2dfe93072,    -.865430 ,  -52.162890 ,2023-10-16 17:11:00,Brasil,AMAPÁ,LARANJAL DO JARI,Amazônia
 1656480177 ,5e5509a4-aa0b-3aad-b7c5-6f5f45ee9f86,    -.838390 ,  -51.764610 ,2023-10-16 17:11:00,Brasil,AMAPÁ,MAZAGÃO,Amazônia
 1656676287 ,96b52ec7-9f87-3a3e-817a-78fccc162c0d,    3.510560 ,  -51.256230 ,2023-10-17 17:54:00,Brasil,AMAPÁ,OIAPOQUE,Amazônia
 1656827738 ,de769724-94a8-365a-b954-1a3a28a7968d,    2.288750 ,  -50.847320 ,2023-10-18 16:56:00,Brasil,AMAPÁ,CALÇOENE,Amazônia
 1656827739 ,58d07b18-ff70-3bcd-b03d-d96fc3dd263c,    1.277670 ,  -50.624350 ,2023-10-18 16:56:00,Brasil,AMAPÁ,TARTARUGALZINHO,Amazônia
 1656827740 ,81ba5dc4-4cf5-3562-9725-362f187cd358,    1.275450 ,  -50.639640 ,2023-10-18 16:56:00,Brasil,AMAPÁ,TARTARUGALZINHO,Amazônia
 1656827741 ,873364b3-64fa-356e-9c5a-6092661af1e8,    1.275380 ,  -50.630840 ,2023-10-18 16:56:00,Brasil,AMAPÁ,TARTARUGALZINHO,Amazônia
 1656827742 ,3da9a578-6c20-3823-b203-b460005fd69a,     .878220 ,  -50.683150 ,2023-10-18 16:56:00,Brasil,AMAPÁ,CUTIAS,Amazônia
 1656827743 ,49b99a78-513e-3412-b580-4f772edbba07,     .866620 ,  -50.681440 ,2023-10-18 16:56:00,Brasil,AMAPÁ,CUTIAS,Amazônia
 1656827744 ,fd15e99c-0aef-3020-b389-aab94f2c6d40,     .831070 ,  -50.623470 ,2023-10-18 16:56:00,Brasil,AMAPÁ,MACAPÁ,Amazônia
 1656827745 ,b07af16c-76a9-30ad-80df-525d37e4a3f9,     .803450 ,  -50.651090 ,2023-10-18 16:56:00,Brasil,AMAPÁ,MACAPÁ,Amazônia
 1656827746 ,72e9c6c4-a7ea-3ab5-a176-519bad21f315,     .801190 ,  -50.666660 ,2023-10-18 16:56:00,Brasil,AMAPÁ,MACAPÁ,Amazônia
 1656827747 ,5d94b302-0d95-37ae-834a-027efb6880d0,     .775740 ,  -50.759500 ,2023-10-18 16:56:00,Brasil,AMAPÁ,MACAPÁ,Amazônia
 1656827748 ,9c60f6eb-f3aa-34f2-a40c-67b0bc6ad35c,     .773410 ,  -50.775420 ,2023-10-18 16:56:00,Brasil,AMAPÁ,MACAPÁ,Amazônia
 1656827749 ,04d30494-9928-3a1e-8f18-333c630a4332,     .773370 ,  -50.694580 ,2023-10-18 16:56:00,Brasil,AMAPÁ,MACAPÁ,Amazônia
 1656827750 ,5ce072d1-ea4d-3d96-92c6-e35d23ed4ca4,     .771050 ,  -50.710290 ,2023-10-18 16:56:00,Brasil,AMAPÁ,MACAPÁ,Amazônia
 1656827751 ,ceee6bf7-3c63-3908-8938-ab5ac2aa14cf,     .808580 ,  -50.222630 ,2023-10-18 16:56:00,Brasil,AMAPÁ,MACAPÁ,Amazônia
 1656827752 ,e2727ac3-03db-3f55-88ca-afd37b4ded1a,     .752360 ,  -50.756060 ,2023-10-18 16:56:00,Brasil,AMAPÁ,MACAPÁ,Amazônia
 1656827753 ,870f4cc9-6e5e-305a-aedd-950e441713d4,     .750000 ,  -50.771940 ,2023-10-18 16:56:00,Brasil,AMAPÁ,MACAPÁ,Amazônia
 1656827754 ,a8cbcc77-a712-32b8-b100-78c87ca110d5,     .740680 ,  -50.754280 ,2023-10-18 16:56:00,Brasil,AMAPÁ,MACAPÁ,Amazônia
 1656827755 ,d12c2f01-f222-3549-9d9d-492818d299c6,     .738290 ,  -50.770230 ,2023-10-18 16:56:00,Brasil,AMAPÁ,MACAPÁ,Amazônia
 1656827756 ,c5a079aa-d5dc-3004-8b8f-831e11c77cf2,     .728980 ,  -50.752600 ,2023-10-18 16:56:00,Brasil,AMAPÁ,MACAPÁ,Amazônia
 1656827757 ,09dfdddc-4c5c-3fd6-951c-81627e2336a9,     .726590 ,  -50.768510 ,2023-10-18 16:56:00,Brasil,AMAPÁ,MACAPÁ,Amazônia
 1656827758 ,7dc901cd-f6ea-343b-8149-5b07bf725a5b,     .637190 ,  -50.748450 ,2023-10-18 16:56:00,Brasil,AMAPÁ,ITAUBAL,Amazônia
 1656827759 ,c21c7af7-089f-348e-b26f-36d456037ac8,     .231840 ,  -51.000720 ,2023-10-18 16:56:00,Brasil,AMAPÁ,MACAPÁ,Amazônia
 1656827760 ,5122d5a2-4640-3008-ac65-db7284cced52,     .227500 ,  -50.995140 ,2023-10-18 16:56:00,Brasil,AMAPÁ,MACAPÁ,Amazônia
 1656827874 ,1d666631-5dee-31d1-9505-785066d7a712,    2.824990 ,  -51.026680 ,2023-10-18 16:56:00,Brasil,AMAPÁ,CALÇOENE,Amazônia
 1656827875 ,10a6436e-647e-39cd-9ac2-3e0ba5037a42,    2.793720 ,  -50.938600 ,2023-10-18 16:56:00,Brasil,AMAPÁ,CALÇOENE,Amazônia
 1656827876 ,0a59d853-143c-3404-a7a8-fd5370e20f90,    2.599910 ,  -51.007000 ,2023-10-18 16:56:00,Brasil,AMAPÁ,CALÇOENE,Amazônia
 1656827877 ,eed3756d-49fc-3880-9e58-cd997f31049b,    2.598560 ,  -50.996120 ,2023-10-18 16:56:00,Brasil,AMAPÁ,CALÇOENE,Amazônia
 1656827878 ,f6e7e0cc-e768-3885-bc70-57e3aae0ce7b,    2.581420 ,  -50.972660 ,2023-10-18 16:56:00,Brasil,AMAPÁ,CALÇOENE,Amazônia
 1656827879 ,e23d55ca-c8ff-3daf-8282-ee3e5ffecac5,    -.589640 ,  -52.390590 ,2023-10-18 16:56:00,Brasil,AMAPÁ,LARANJAL DO JARI,Amazônia
 1656827880 ,4e0ab7a8-215d-300a-97c1-eb2d62428514,    -.495080 ,  -51.837840 ,2023-10-18 16:56:00,Brasil,AMAPÁ,MAZAGÃO,Amazônia
 1656827881 ,2198b3c8-33f9-3e0b-98fd-dc328ad9c98a,    -.492120 ,  -51.817520 ,2023-10-18 16:56:00,Brasil,AMAPÁ,MAZAGÃO,Amazônia
 1656827882 ,ea6edd73-5717-3af6-a512-b59bb8c15ec2,    -.484950 ,  -51.859980 ,2023-10-18 16:56:00,Brasil,AMAPÁ,MAZAGÃO,Amazônia
 1656827883 ,13b8cad1-a99e-3c58-b23d-cf513142c2ba,    -.482000 ,  -51.839580 ,2023-10-18 16:56:00,Brasil,AMAPÁ,MAZAGÃO,Amazônia
 1656827884 ,b6ef0edf-a56e-3c30-b0e8-b9dfbbae9910,    -.465830 ,  -51.805890 ,2023-10-18 16:56:00,Brasil,AMAPÁ,MAZAGÃO,Amazônia
 1656827886 ,a5393793-dd3e-3e95-8f23-656a836c1f3b,    -.909380 ,  -52.074510 ,2023-10-18 16:56:00,Brasil,AMAPÁ,LARANJAL DO JARI,Amazônia
 1656827887 ,18d7ee83-3e85-3144-aa50-233c94754c50,    -.895930 ,  -52.076210 ,2023-10-18 16:56:00,Brasil,AMAPÁ,LARANJAL DO JARI,Amazônia
 1656827891 ,9365e16d-e0bd-3568-b75e-cfb93fdc9998,    1.174410 ,  -52.933110 ,2023-10-18 16:56:00,Brasil,AMAPÁ,PEDRA BRANCA DO AMAPARI,Amazônia
 1657007702 ,ebf9ee6b-c5c7-3931-9bd9-7007dd1b3bda,    1.390940 ,  -50.712520 ,2023-10-19 17:39:00,Brasil,AMAPÁ,TARTARUGALZINHO,Amazônia
 1657007704 ,88d17370-1de2-3d7d-8c57-a72549790851,    1.253480 ,  -50.685700 ,2023-10-19 17:39:00,Brasil,AMAPÁ,TARTARUGALZINHO,Amazônia
 1657007707 ,7017408a-256e-3da7-bebd-fdb2d1770ade,     .529580 ,  -50.779340 ,2023-10-19 17:39:00,Brasil,AMAPÁ,MACAPÁ,Amazônia
 1657008360 ,4f7b5934-5eba-3237-8543-3b84d92c60f1,    -.022240 ,  -51.178470 ,2023-10-19 17:39:00,Brasil,AMAPÁ,SANTANA,Amazônia
 1657008361 ,30d4a1ce-fc8a-398e-b9e2-fcf4c675aa53,    -.316460 ,  -51.713120 ,2023-10-19 17:39:00,Brasil,AMAPÁ,MAZAGÃO,Amazônia
 1657008362 ,e010c6ec-59d3-3bec-bcd0-b31b8f79f8c3,    -.320700 ,  -51.705500 ,2023-10-19 17:39:00,Brasil,AMAPÁ,MAZAGÃO,Amazônia
 1657008365 ,3d055142-f615-30c8-816f-ed78bfb6967e,    -.362950 ,  -51.467540 ,2023-10-19 17:39:00,Brasil,AMAPÁ,MAZAGÃO,Amazônia
 1657008366 ,192c6e4d-46e2-3c12-95df-bd030e606fd5,    -.414240 ,  -51.824330 ,2023-10-19 17:39:00,Brasil,AMAPÁ,MAZAGÃO,Amazônia
 1657008367 ,13b3313f-5149-3f37-8d10-34ec589f7f88,    -.461500 ,  -51.746030 ,2023-10-19 17:39:00,Brasil,AMAPÁ,MAZAGÃO,Amazônia
 1657008368 ,452a95cb-668b-3012-ba82-6824cf709aac,    -.472140 ,  -51.744450 ,2023-10-19 17:39:00,Brasil,AMAPÁ,MAZAGÃO,Amazônia
 1657008369 ,193a7c04-d732-3d54-9b7a-5e2fa240ecb3,    -.472820 ,  -51.823330 ,2023-10-19 17:39:00,Brasil,AMAPÁ,MAZAGÃO,Amazônia
 1657008370 ,20f454df-cd76-375d-86d6-ffb17b35343c,    -.477130 ,  -51.703900 ,2023-10-19 17:39:00,Brasil,AMAPÁ,MAZAGÃO,Amazônia
 1657008371 ,0de9036d-533a-3ce1-bb19-6fedcdcc35a8,    -.481530 ,  -51.808950 ,2023-10-19 17:39:00,Brasil,AMAPÁ,MAZAGÃO,Amazônia
 1657008372 ,1b0a24d8-efad-3c96-b442-a3b2a6921028,    -.483390 ,  -51.821770 ,2023-10-19 17:39:00,Brasil,AMAPÁ,MAZAGÃO,Amazônia
 1657008373 ,68c61308-3d7e-3d42-a2d1-fc861999e496,    -.532050 ,  -51.742100 ,2023-10-19 17:39:00,Brasil,AMAPÁ,MAZAGÃO,Amazônia
 1657008374 ,e72bfe0a-8fa1-31e3-8ac4-1d3230b0f17d,    -.534780 ,  -51.879300 ,2023-10-19 17:39:00,Brasil,AMAPÁ,MAZAGÃO,Amazônia
 1657008377 ,0b6b2e20-bb0c-3eed-8ab8-e6851a20e191,    -.798160 ,  -51.936560 ,2023-10-19 17:39:00,Brasil,AMAPÁ,MAZAGÃO,Amazônia
 1657008378 ,21642b89-b60e-35d9-adcd-9427cb959571,    -.808600 ,  -51.935020 ,2023-10-19 17:39:00,Brasil,AMAPÁ,MAZAGÃO,Amazônia
 1657132360 ,13223097-a9c2-3939-b9e7-71be949fce93,    1.751110 ,  -50.889080 ,2023-10-20 16:41:00,Brasil,AMAPÁ,PRACUÚBA,Amazônia
 1657132361 ,aa57fabf-8d88-3cd7-a6f4-9702eadeb725,    1.749700 ,  -50.861580 ,2023-10-20 16:41:00,Brasil,AMAPÁ,PRACUÚBA,Amazônia
 1657132362 ,3b102c2d-b594-3e80-b990-32edb58b2ce1,    1.744830 ,  -50.892630 ,2023-10-20 16:41:00,Brasil,AMAPÁ,PRACUÚBA,Amazônia
 1657132363 ,a767165a-4d95-331c-976b-703d85949e3f,    1.145350 ,  -50.956860 ,2023-10-20 16:41:00,Brasil,AMAPÁ,TARTARUGALZINHO,Amazônia
 1657132364 ,46ae5e9e-b13e-39c6-a091-26aed731577f,    1.014310 ,  -50.005980 ,2023-10-20 16:41:00,Brasil,AMAPÁ,MACAPÁ,Amazônia
 1657132365 ,79d37f7e-17d9-3ecc-ab8a-37d6e5456c3f,     .875250 ,  -50.327510 ,2023-10-20 16:41:00,Brasil,AMAPÁ,MACAPÁ,Amazônia
 1657132366 ,433c960a-56a2-3043-86ca-121cb5043ffc,     .550860 ,  -50.993260 ,2023-10-20 16:41:00,Brasil,AMAPÁ,FERREIRA GOMES,Amazônia
 1657132367 ,f7a6421f-2bb3-3bd3-87a6-28a2a1fe9423,     .520740 ,  -50.754820 ,2023-10-20 16:41:00,Brasil,AMAPÁ,ITAUBAL,Amazônia
 1657132368 ,4b2e986e-d1d9-39c2-94e4-4b3c7ea84b4f,     .234610 ,  -51.003080 ,2023-10-20 16:41:00,Brasil,AMAPÁ,MACAPÁ,Amazônia
 1657132369 ,c78a515e-43c1-37e7-9e02-0662860ca9d8,    -.187520 ,  -51.344470 ,2023-10-20 16:41:00,Brasil,AMAPÁ,MAZAGÃO,Amazônia
 1657132398 ,fe90ab8b-b586-3018-97ab-a754a81e0c60,    3.216160 ,  -51.344440 ,2023-10-20 16:41:00,Brasil,AMAPÁ,OIAPOQUE,Amazônia
 1657132399 ,bf4e5219-9257-3e50-a2f9-038b24901fda,    3.214850 ,  -51.318860 ,2023-10-20 16:41:00,Brasil,AMAPÁ,OIAPOQUE,Amazônia
 1657132400 ,2d6cf38f-8e1e-37ea-90bd-863bbb911bdd,    -.554990 ,  -51.863120 ,2023-10-20 16:41:00,Brasil,AMAPÁ,MAZAGÃO,Amazônia
 1657132401 ,140ac619-c18d-3323-b825-9e6aa9981b66,    -.554930 ,  -51.859070 ,2023-10-20 16:41:00,Brasil,AMAPÁ,MAZAGÃO,Amazônia
 1657132402 ,fad36a20-2289-3a44-9542-cf5f92b55f91,    -.519920 ,  -51.868140 ,2023-10-20 16:41:00,Brasil,AMAPÁ,MAZAGÃO,Amazônia
 1657132403 ,cc6170ae-17b7-3180-a854-14485e2c9cdb,    -.519150 ,  -51.875530 ,2023-10-20 16:41:00,Brasil,AMAPÁ,MAZAGÃO,Amazônia
 1657132404 ,30153d56-8877-3354-b25e-5e72e2296827,    -.215070 ,  -51.530850 ,2023-10-20 16:41:00,Brasil,AMAPÁ,MAZAGÃO,Amazônia
 1657132405 ,69116948-862e-37ac-89e7-f81a2c514310,    -.212370 ,  -51.535670 ,2023-10-20 16:41:00,Brasil,AMAPÁ,MAZAGÃO,Amazônia
 1657132406 ,4329c0b3-23f8-3f5d-b928-7bb88e9abed3,    -.878180 ,  -51.961980 ,2023-10-20 16:41:00,Brasil,AMAPÁ,VITÓRIA DO JARI,Amazônia
 1657132407 ,546866d0-58ac-30b0-9e25-fc25134284c7,    -.872360 ,  -51.928050 ,2023-10-20 16:41:00,Brasil,AMAPÁ,MAZAGÃO,Amazônia
 1657132408 ,ea714dcf-19b2-306b-95e4-edfcb5019b9d,    -.872170 ,  -51.920050 ,2023-10-20 16:41:00,Brasil,AMAPÁ,VITÓRIA DO JARI,Amazônia
 1657299238 ,a89842d1-a37b-3fd0-b45c-4787ed26038e,    3.174180 ,  -51.242950 ,2023-10-21 17:24:00,Brasil,AMAPÁ,CALÇOENE,Amazônia
 1657299240 ,0e34df10-d4b9-359c-8544-74e7ed64a2c9,    1.989940 ,  -50.966500 ,2023-10-21 17:24:00,Brasil,AMAPÁ,AMAPÁ,Amazônia
 1657299243 ,fd9a2ca6-dbc9-3253-9ebe-af07bef4f1b2,    1.761440 ,  -50.631820 ,2023-10-21 17:24:00,Brasil,AMAPÁ,PRACUÚBA,Amazônia
 1657299244 ,8fd4fcca-6fda-356b-94a4-505c960204a2,    1.753730 ,  -50.871720 ,2023-10-21 17:24:00,Brasil,AMAPÁ,PRACUÚBA,Amazônia
 1657299246 ,7f99b43e-5caa-3ba2-af01-101daf79ffaa,    1.698500 ,  -50.740590 ,2023-10-21 17:24:00,Brasil,AMAPÁ,PRACUÚBA,Amazônia
 1657299248 ,5d59798a-42f5-39b8-9e96-23f6cbb15e4e,    1.596930 ,  -50.496550 ,2023-10-21 17:24:00,Brasil,AMAPÁ,AMAPÁ,Amazônia
 1657299249 ,8f2d9295-251b-320a-b099-436a06003b2d,    1.595510 ,  -50.506310 ,2023-10-21 17:24:00,Brasil,AMAPÁ,AMAPÁ,Amazônia
 1657299250 ,6ae507c8-34f4-3d39-afca-c4b6c6a1c81b,    1.586190 ,  -50.504970 ,2023-10-21 17:24:00,Brasil,AMAPÁ,AMAPÁ,Amazônia
 1657299251 ,b5f9588e-87a7-36bf-aa9e-46cab45770df,    1.209920 ,  -52.915040 ,2023-10-21 17:24:00,Brasil,AMAPÁ,PEDRA BRANCA DO AMAPARI,Amazônia
 1657299252 ,c8b6b00f-445a-3e22-9ab5-9c00c0737605,    1.169760 ,  -52.748860 ,2023-10-21 17:24:00,Brasil,AMAPÁ,PEDRA BRANCA DO AMAPARI,Amazônia
 1657299253 ,ec1863b8-b6ac-366b-aa47-ab04e16dd0d7,    1.168470 ,  -52.757760 ,2023-10-21 17:24:00,Brasil,AMAPÁ,PEDRA BRANCA DO AMAPARI,Amazônia
 1657299254 ,10c10c3a-534e-3bff-bb78-dc90ced74954,    1.144680 ,  -51.007940 ,2023-10-21 17:24:00,Brasil,AMAPÁ,TARTARUGALZINHO,Amazônia
 1657299255 ,070125bc-2e90-3538-a616-30c3dcf0582f,    1.110320 ,  -50.793000 ,2023-10-21 17:24:00,Brasil,AMAPÁ,TARTARUGALZINHO,Amazônia
 1657299256 ,b43bb0ef-5c8e-3149-8fc9-b9bdd97849d1,    1.080080 ,  -52.475760 ,2023-10-21 17:24:00,Brasil,AMAPÁ,PEDRA BRANCA DO AMAPARI,Amazônia
 1657299257 ,655ce721-86b8-3520-af02-4e3a71acc5c7,     .965480 ,  -50.211790 ,2023-10-21 17:24:00,Brasil,AMAPÁ,MACAPÁ,Amazônia
 1657299258 ,da5fbe9d-f505-3800-8d56-fc4287ad67df,     .835980 ,  -50.661050 ,2023-10-21 17:24:00,Brasil,AMAPÁ,MACAPÁ,Amazônia
 1657299259 ,360c8da9-a9fc-3498-aceb-c71437a4202c,     .834600 ,  -50.670520 ,2023-10-21 17:24:00,Brasil,AMAPÁ,MACAPÁ,Amazônia
 1657299260 ,3ff8cf86-20ed-3420-8490-454a2c1115de,     .771620 ,  -50.651730 ,2023-10-21 17:24:00,Brasil,AMAPÁ,MACAPÁ,Amazônia
 1657299261 ,07172d6b-fdf4-305c-a6ee-846e20d0c4ac,     .770260 ,  -50.661210 ,2023-10-21 17:24:00,Brasil,AMAPÁ,MACAPÁ,Amazônia
 1657299262 ,314ab908-8878-3a3b-95f4-257b6ca41ce8,     .750690 ,  -51.380710 ,2023-10-21 17:24:00,Brasil,AMAPÁ,FERREIRA GOMES,Amazônia
 1657299263 ,90732806-48e4-3b50-9046-0f97bee61779,     .716890 ,  -50.657360 ,2023-10-21 17:24:00,Brasil,AMAPÁ,MACAPÁ,Amazônia
 1657299264 ,c2f9e6d4-4b3d-3c4c-b914-a2c835792a41,     .691730 ,  -50.701900 ,2023-10-21 17:24:00,Brasil,AMAPÁ,MACAPÁ,Amazônia
 1657299266 ,c8dfc102-b5a2-3673-9907-f3e74af749c4,     .538790 ,  -50.744090 ,2023-10-21 17:24:00,Brasil,AMAPÁ,ITAUBAL,Amazônia
 1657299267 ,01645e02-0a80-3d0d-bfc8-58188f580d9c,     .529650 ,  -50.742760 ,2023-10-21 17:24:00,Brasil,AMAPÁ,ITAUBAL,Amazônia
 1657299268 ,ff0a8095-8dac-348a-aea9-d7ef9b10b4a5,     .324280 ,  -50.824440 ,2023-10-21 17:24:00,Brasil,AMAPÁ,MACAPÁ,Amazônia
 1657300381 ,f92f03a6-8e79-31c3-9486-2ac5fc31c50c,   -1.118210 ,  -52.130380 ,2023-10-21 17:24:00,Brasil,AMAPÁ,VITÓRIA DO JARI,Amazônia
 1657300382 ,18107e1a-6c07-368b-bf62-077052103954,   -1.116930 ,  -52.121510 ,2023-10-21 17:24:00,Brasil,AMAPÁ,VITÓRIA DO JARI,Amazônia
 1657300388 ,9d9fa9b3-a13b-3e97-9aac-2bb2300e14dc,    -.843750 ,  -52.339770 ,2023-10-21 17:24:00,Brasil,AMAPÁ,VITÓRIA DO JARI,Amazônia
 1657300389 ,4d5ecbd1-e33e-3543-ad3a-1cfd151a2a9e,    -.842460 ,  -52.330870 ,2023-10-21 17:24:00,Brasil,AMAPÁ,VITÓRIA DO JARI,Amazônia
 1657300390 ,3164e3b9-ed3d-3048-ab91-0039d4d9ba12,    -.834830 ,  -52.341090 ,2023-10-21 17:24:00,Brasil,AMAPÁ,VITÓRIA DO JARI,Amazônia
 1657300391 ,dc0b8053-d7d0-38e1-8b3b-7dff046a2553,    -.775810 ,  -51.933390 ,2023-10-21 17:24:00,Brasil,AMAPÁ,MAZAGÃO,Amazônia
 1657300392 ,227ae2c9-7a84-343a-9280-6dd5d953356f,    -.676600 ,  -51.754660 ,2023-10-21 17:24:00,Brasil,AMAPÁ,MAZAGÃO,Amazônia
 1657300393 ,6f41d783-4bfa-3721-8416-4d753e4b2e67,    -.648320 ,  -52.325970 ,2023-10-21 17:24:00,Brasil,AMAPÁ,LARANJAL DO JARI,Amazônia
 1657300394 ,42308fd1-7bb6-35c6-a6a7-d3d48e0ca75b,    -.572660 ,  -51.740300 ,2023-10-21 17:24:00,Brasil,AMAPÁ,MAZAGÃO,Amazônia
 1657300395 ,f1c931cb-b11d-3479-81a0-d8a6d2550630,    -.563760 ,  -51.741590 ,2023-10-21 17:24:00,Brasil,AMAPÁ,MAZAGÃO,Amazônia
 1657300396 ,ed1284fe-a3ce-3810-b0ef-a392dd1dd5a2,    -.537170 ,  -51.871970 ,2023-10-21 17:24:00,Brasil,AMAPÁ,MAZAGÃO,Amazônia
 1657300397 ,4d17bc78-5188-3da4-8912-b9a1d829f774,    -.535890 ,  -51.863130 ,2023-10-21 17:24:00,Brasil,AMAPÁ,MAZAGÃO,Amazônia
 1657300398 ,65ea79d6-ea38-31fd-9bb9-13a90a31473a,    -.532050 ,  -51.836580 ,2023-10-21 17:24:00,Brasil,AMAPÁ,MAZAGÃO,Amazônia
 1657300399 ,a45848fd-7155-3e0b-8f6d-2ef6f9a58e03,    -.528270 ,  -51.873270 ,2023-10-21 17:24:00,Brasil,AMAPÁ,MAZAGÃO,Amazônia
 1657300400 ,4265ad15-8112-3272-b25d-c2156afb518c,    -.526990 ,  -51.864420 ,2023-10-21 17:24:00,Brasil,AMAPÁ,MAZAGÃO,Amazônia
 1657300401 ,6b1fc515-9be7-3f5c-82b4-7fa5b2261153,    -.518230 ,  -51.871250 ,2023-10-21 17:24:00,Brasil,AMAPÁ,MAZAGÃO,Amazônia
 1657300402 ,679d09aa-93ea-3aaa-a44d-bab3936698e5,    -.518020 ,  -51.802480 ,2023-10-21 17:24:00,Brasil,AMAPÁ,MAZAGÃO,Amazônia
 1657300403 ,0529b692-2f44-3ab9-88d6-36d3f9be1d6e,    -.515670 ,  -51.853550 ,2023-10-21 17:24:00,Brasil,AMAPÁ,MAZAGÃO,Amazônia
 1657300404 ,4fc019ed-c27e-3a59-9f84-105cc8f08547,    -.514400 ,  -51.844700 ,2023-10-21 17:24:00,Brasil,AMAPÁ,MAZAGÃO,Amazônia
 1657300406 ,66e20941-7094-3ed2-9636-6199b7671588,    -.405940 ,  -51.598040 ,2023-10-21 17:24:00,Brasil,AMAPÁ,MAZAGÃO,Amazônia
 1657300407 ,556f6a03-a7cb-3b9c-afdf-75b2a104847c,    -.404650 ,  -51.589160 ,2023-10-21 17:24:00,Brasil,AMAPÁ,MAZAGÃO,Amazônia
 1657300408 ,85aad1f5-9b08-3c13-9d17-0f22a08bc304,    -.304250 ,  -51.410400 ,2023-10-21 17:24:00,Brasil,AMAPÁ,MAZAGÃO,Amazônia
 1657300409 ,6e4e4bc3-e3dc-3561-aea1-8c55bad2c2eb,    -.263960 ,  -51.449160 ,2023-10-21 17:24:00,Brasil,AMAPÁ,MAZAGÃO,Amazônia
 1657300410 ,79c5eaba-6c54-3c17-bb85-5cc8dd15e459,    -.262680 ,  -51.440230 ,2023-10-21 17:24:00,Brasil,AMAPÁ,MAZAGÃO,Amazônia
 1657300411 ,05cefa1b-d430-3e92-8cbc-fa25b5efae9c,    -.218300 ,  -51.637580 ,2023-10-21 17:24:00,Brasil,AMAPÁ,MAZAGÃO,Amazônia
 1657300412 ,e232506c-7487-3728-8ffd-fe9d4aca48ab,    -.211740 ,  -51.529570 ,2023-10-21 17:24:00,Brasil,AMAPÁ,MAZAGÃO,Amazônia
 1657300413 ,fc47011c-30fa-3c4d-b018-a20799fe4893,    -.210450 ,  -51.520660 ,2023-10-21 17:24:00,Brasil,AMAPÁ,MAZAGÃO,Amazônia
 1657300414 ,ed923ca2-a9e8-3d92-81c2-bf85a9ace520,    -.146960 ,  -51.280810 ,2023-10-21 17:24:00,Brasil,AMAPÁ,MAZAGÃO,Amazônia
 1657300415 ,90e30eaf-247d-3150-be24-06139ca1516a,    -.105870 ,  -51.756830 ,2023-10-21 17:24:00,Brasil,AMAPÁ,MAZAGÃO,Amazônia
 1657485146 ,9795dde6-5a1e-3a1b-a4be-365fd41a6f94,    -.515550 ,  -51.846360 ,2023-10-22 18:04:00,Brasil,AMAPÁ,MAZAGÃO,Amazônia
 1657485147 ,0db4db97-9a2f-3a3a-928d-9bd56e8f525f,    -.515350 ,  -51.854340 ,2023-10-22 18:04:00,Brasil,AMAPÁ,MAZAGÃO,Amazônia
 1657704786 ,d528dc97-cd83-3e00-abdd-4a3562340262,    3.738330 ,  -51.620860 ,2023-10-23 17:09:00,Brasil,AMAPÁ,OIAPOQUE,Amazônia
 1657704787 ,d22bcfef-5af7-3048-a065-68d75bd965dc,    3.736760 ,  -51.631340 ,2023-10-23 17:09:00,Brasil,AMAPÁ,OIAPOQUE,Amazônia
 1657704788 ,9a6429be-b833-35d8-b82a-7c7a4c5ba80a,    3.727610 ,  -51.825100 ,2023-10-23 17:09:00,Brasil,AMAPÁ,OIAPOQUE,Amazônia
 1657704789 ,2b915499-729b-3dbd-aeca-64785a5d4e80,    3.726000 ,  -51.835890 ,2023-10-23 17:09:00,Brasil,AMAPÁ,OIAPOQUE,Amazônia
 1657704790 ,2b524394-cbcd-3f79-b731-448d00f37fcf,    3.461050 ,  -51.497920 ,2023-10-23 17:09:00,Brasil,AMAPÁ,OIAPOQUE,Amazônia
 1657704791 ,225c4e72-0166-34ef-baf5-449bd809b8b4,    3.334180 ,  -51.309150 ,2023-10-23 17:09:00,Brasil,AMAPÁ,OIAPOQUE,Amazônia
 1657704792 ,95442263-5331-34f1-9698-08a158109b6e,    3.332660 ,  -51.319350 ,2023-10-23 17:09:00,Brasil,AMAPÁ,OIAPOQUE,Amazônia
 1657704793 ,27427d13-581d-37b5-b3f9-acdc08254c89,    3.315180 ,  -51.306300 ,2023-10-23 17:09:00,Brasil,AMAPÁ,OIAPOQUE,Amazônia
 1657704794 ,a7faecb7-1a95-3466-a5fe-c8def11f1f48,    3.263600 ,  -51.584500 ,2023-10-23 17:09:00,Brasil,AMAPÁ,OIAPOQUE,Amazônia
 1657704795 ,fc96f19e-5af4-3347-8c27-a1c4198ceb90,    3.226670 ,  -51.213970 ,2023-10-23 17:09:00,Brasil,AMAPÁ,OIAPOQUE,Amazônia
 1657704796 ,ace97d8b-e165-3fa7-af7a-e2868671b143,    3.192170 ,  -51.286350 ,2023-10-23 17:09:00,Brasil,AMAPÁ,OIAPOQUE,Amazônia
 1657704797 ,35a6305b-6357-36f4-8970-936de447101f,    2.625850 ,  -51.312960 ,2023-10-23 17:09:00,Brasil,AMAPÁ,CALÇOENE,Amazônia
 1657704798 ,20ed6cae-bea0-31d5-a8a9-c8826c50311a,    2.624330 ,  -51.323340 ,2023-10-23 17:09:00,Brasil,AMAPÁ,CALÇOENE,Amazônia
 1657704799 ,b9a2adb5-9175-38f4-8a77-896d8fda43eb,    2.597550 ,  -50.939010 ,2023-10-23 17:09:00,Brasil,AMAPÁ,CALÇOENE,Amazônia
 1657704800 ,0b9fce40-05b8-3f26-9967-ef0966aa2168,    2.564930 ,  -50.964820 ,2023-10-23 17:09:00,Brasil,AMAPÁ,CALÇOENE,Amazônia
 1657704801 ,4a426149-c5c4-38cc-8286-64db7fd9d4a1,    2.164430 ,  -50.886180 ,2023-10-23 17:09:00,Brasil,AMAPÁ,CALÇOENE,Amazônia
 1657704802 ,79fddbbc-1f8b-3403-bbc9-062475cf2e5c,    1.915430 ,  -50.868040 ,2023-10-23 17:09:00,Brasil,AMAPÁ,AMAPÁ,Amazônia
 1657704803 ,44b909f2-077a-3083-8168-d99e2f71cc05,    1.848510 ,  -50.628810 ,2023-10-23 17:09:00,Brasil,AMAPÁ,AMAPÁ,Amazônia
 1657704804 ,714a10c0-acce-3e23-b404-a695abd06d42,    1.847060 ,  -50.638600 ,2023-10-23 17:09:00,Brasil,AMAPÁ,AMAPÁ,Amazônia
 1657704805 ,7b5d535d-49bf-3c1a-a688-d95fb777fd8d,    1.839180 ,  -50.627430 ,2023-10-23 17:09:00,Brasil,AMAPÁ,AMAPÁ,Amazônia
 1657704806 ,f576c0f2-4e82-356a-ad60-daf0e14f8ce0,    1.837730 ,  -50.637220 ,2023-10-23 17:09:00,Brasil,AMAPÁ,AMAPÁ,Amazônia
 1657704807 ,75df78df-0aa8-3175-8d67-c249ad46846f,    1.832890 ,  -50.630950 ,2023-10-23 17:09:00,Brasil,AMAPÁ,AMAPÁ,Amazônia
 1657704808 ,6459fa78-e546-3276-aee6-926479697d1f,    1.805520 ,  -50.557030 ,2023-10-23 17:09:00,Brasil,AMAPÁ,AMAPÁ,Amazônia
 1657704809 ,07193ef4-b189-3949-8495-3f9c9eab1d80,    1.773960 ,  -50.642360 ,2023-10-23 17:09:00,Brasil,AMAPÁ,PRACUÚBA,Amazônia
 1657704810 ,4a721fbf-3301-31e7-9b9b-037042701d35,    1.728370 ,  -50.952170 ,2023-10-23 17:09:00,Brasil,AMAPÁ,PRACUÚBA,Amazônia
 1657704811 ,b567dbeb-a68a-3c33-ac53-b168bdd5686e,    1.674300 ,  -51.021150 ,2023-10-23 17:09:00,Brasil,AMAPÁ,PRACUÚBA,Amazônia
 1657704812 ,1c620b3a-97ca-3890-b679-fa4af42d0263,    1.644160 ,  -51.027190 ,2023-10-23 17:09:00,Brasil,AMAPÁ,TARTARUGALZINHO,Amazônia
 1657704813 ,d3866d54-eced-3fa8-84d5-94bdeaa97a6f,    1.230730 ,  -50.708720 ,2023-10-23 17:09:00,Brasil,AMAPÁ,TARTARUGALZINHO,Amazônia
 1657704814 ,39d57f93-9f61-31f5-8f10-92f05eb7e886,    1.229270 ,  -50.718750 ,2023-10-23 17:09:00,Brasil,AMAPÁ,TARTARUGALZINHO,Amazônia
 1657704815 ,80c03378-bff4-3b92-93b2-1cc63188492c,    1.197330 ,  -51.291420 ,2023-10-23 17:09:00,Brasil,AMAPÁ,TARTARUGALZINHO,Amazônia
 1657704816 ,2b0f8d9b-878f-37ed-86da-2f69689cc555,    1.195740 ,  -51.302140 ,2023-10-23 17:09:00,Brasil,AMAPÁ,TARTARUGALZINHO,Amazônia
 1657704817 ,5854b875-493a-3705-a9e2-08b9e08016c2,    1.194140 ,  -51.312910 ,2023-10-23 17:09:00,Brasil,AMAPÁ,TARTARUGALZINHO,Amazônia
 1657704818 ,535e902b-e31e-32fc-aa64-8481011cbd70,    1.184370 ,  -51.311460 ,2023-10-23 17:09:00,Brasil,AMAPÁ,TARTARUGALZINHO,Amazônia
 1657704819 ,be8a61b7-16b7-3d0c-b04f-6f4935cd7535,    1.169640 ,  -50.120960 ,2023-10-23 17:09:00,Brasil,AMAPÁ,CUTIAS,Amazônia
 1657704820 ,66307421-79a2-3a9c-ba11-fb85b4d5ca7d,    1.027920 ,  -50.006850 ,2023-10-23 17:09:00,Brasil,AMAPÁ,MACAPÁ,Amazônia
 1657704821 ,7aa3e54e-fffd-37d9-9486-2776b5e9af96,     .868130 ,  -50.292960 ,2023-10-23 17:09:00,Brasil,AMAPÁ,MACAPÁ,Amazônia
 1657704822 ,176069d0-e990-37db-90a8-1b55ae82a2e4,     .842220 ,  -50.648010 ,2023-10-23 17:09:00,Brasil,AMAPÁ,MACAPÁ,Amazônia
 1657704823 ,5c70662b-f889-31f3-9a5a-5676ea39d029,     .835360 ,  -50.760570 ,2023-10-23 17:09:00,Brasil,AMAPÁ,CUTIAS,Amazônia
 1657704824 ,0020478c-8066-307e-a6dd-945087f21439,     .787330 ,  -50.654060 ,2023-10-23 17:09:00,Brasil,AMAPÁ,MACAPÁ,Amazônia
 1657704825 ,9bd87c26-6760-3b10-83eb-c12aff8ae932,     .714500 ,  -50.658400 ,2023-10-23 17:09:00,Brasil,AMAPÁ,MACAPÁ,Amazônia
 1657704826 ,f252d2b4-4e9f-31d2-b67b-039744be9308,     .698860 ,  -51.473590 ,2023-10-23 17:09:00,Brasil,AMAPÁ,PORTO GRANDE,Amazônia
 1657704827 ,6e9ea52a-8ae5-3167-aa74-05d433a03239,     .646720 ,  -50.658840 ,2023-10-23 17:09:00,Brasil,AMAPÁ,MACAPÁ,Amazônia
 1657704828 ,03e3ea6f-906f-3ac4-98fc-60c5ed82882d,     .645230 ,  -50.668960 ,2023-10-23 17:09:00,Brasil,AMAPÁ,MACAPÁ,Amazônia
 1657704829 ,72fea354-7bb1-324c-930b-f34fa00e21bf,     .372340 ,  -50.840730 ,2023-10-23 17:09:00,Brasil,AMAPÁ,MACAPÁ,Amazônia
 1647932187 ,7795c7a9-a02f-3a40-97a9-b480a7ae9155,    3.735520 ,  -51.774510 ,2023-09-01 17:00:00,Brasil,AMAPÁ,OIAPOQUE,Amazônia
 1647932188 ,11caefac-b3be-339a-ba2e-5ab0101e23d0,    2.685980 ,  -51.018460 ,2023-09-01 16:58:00,Brasil,AMAPÁ,CALÇOENE,Amazônia
 1647932189 ,dad016a6-76e9-3dfc-81f8-3f6fe93fa0c0,    2.684100 ,  -51.031300 ,2023-09-01 16:58:00,Brasil,AMAPÁ,CALÇOENE,Amazônia
 1647932190 ,45d7c903-640b-3231-9d4d-25db10a653ee,    2.082790 ,  -50.853340 ,2023-09-01 16:58:00,Brasil,AMAPÁ,AMAPÁ,Amazônia
 1647932191 ,04e4a94f-bcf5-3f25-af9f-5d573dacff0d,    1.823550 ,  -50.809020 ,2023-09-01 16:58:00,Brasil,AMAPÁ,AMAPÁ,Amazônia
 1647932192 ,dc57e248-9df7-3d83-8b42-7b9b37080037,    1.819340 ,  -50.803010 ,2023-09-01 16:58:00,Brasil,AMAPÁ,AMAPÁ,Amazônia
 1647932193 ,f97d2143-2f1a-3343-be98-6baaebec7204,    1.817500 ,  -50.815770 ,2023-09-01 16:58:00,Brasil,AMAPÁ,AMAPÁ,Amazônia
 1647932194 ,a3d1aca4-50be-31de-8b25-515faa690a4d,    1.812990 ,  -50.807450 ,2023-09-01 16:58:00,Brasil,AMAPÁ,AMAPÁ,Amazônia
 1647932196 ,11b1b375-5570-3104-890a-8db89fbbebd5,    1.360660 ,  -50.717580 ,2023-09-01 16:58:00,Brasil,AMAPÁ,TARTARUGALZINHO,Amazônia
 1647932197 ,d3aa1eae-da19-3d3f-a437-864ac72fda3f,    1.358800 ,  -50.730390 ,2023-09-01 16:58:00,Brasil,AMAPÁ,TARTARUGALZINHO,Amazônia
 1647932198 ,7450497a-8ca7-31fd-a011-d8ef02a89f30,    1.350080 ,  -50.716010 ,2023-09-01 16:58:00,Brasil,AMAPÁ,TARTARUGALZINHO,Amazônia
 1647932199 ,0485ba53-5cc3-313b-a109-d00c33f1f1a9,    1.348220 ,  -50.728820 ,2023-09-01 16:58:00,Brasil,AMAPÁ,TARTARUGALZINHO,Amazônia
 1647932200 ,cea55063-0c92-3613-8aa0-29d255101dcf,     .281890 ,  -51.664810 ,2023-09-01 16:58:00,Brasil,AMAPÁ,MAZAGÃO,Amazônia
 1647932201 ,263e6bf5-fa29-3aed-b5e1-6c29aa22ba49,     .139760 ,  -51.143270 ,2023-09-01 16:58:00,Brasil,AMAPÁ,MACAPÁ,Amazônia
 1647932202 ,d5e2cf08-0918-3c79-a840-60364c1c383c,     .059470 ,  -51.068110 ,2023-09-01 16:58:00,Brasil,AMAPÁ,MACAPÁ,Amazônia
 1647932203 ,c94bdc5f-d510-3263-8acf-f3144ae3a2fe,     .057380 ,  -51.082310 ,2023-09-01 16:58:00,Brasil,AMAPÁ,MACAPÁ,Amazônia
 1647932462 ,e04d2bfd-08b0-3d64-a3d7-30507b579684,    -.371030 ,  -51.740250 ,2023-09-01 16:58:00,Brasil,AMAPÁ,MAZAGÃO,Amazônia
 1648182821 ,39b91eba-3f8d-33f6-8133-056da6cb7f76,    1.159480 ,  -50.913750 ,2023-09-02 17:41:00,Brasil,AMAPÁ,TARTARUGALZINHO,Amazônia
 1648182822 ,ef27de54-a692-32d7-a221-07dbb8d65430,    1.157670 ,  -50.918750 ,2023-09-02 17:41:00,Brasil,AMAPÁ,TARTARUGALZINHO,Amazônia
 1648278128 ,925845d0-d787-39b7-a48e-de0b49735448,    2.439560 ,  -50.780350 ,2023-09-03 16:45:00,Brasil,AMAPÁ,CALÇOENE,Amazônia
 1648278129 ,a986f9c1-39ee-3dd9-8c9d-a92b03693f88,    1.974470 ,  -50.829670 ,2023-09-03 16:45:00,Brasil,AMAPÁ,AMAPÁ,Amazônia
 1648278130 ,be376d15-b64a-3eca-8357-7eed77715586,    1.107540 ,  -51.002750 ,2023-09-03 16:45:00,Brasil,AMAPÁ,TARTARUGALZINHO,Amazônia
 1648448666 ,3634eee0-3ea8-34e5-afb4-30a51f0af086,     .687360 ,  -50.795330 ,2023-09-04 17:26:00,Brasil,AMAPÁ,ITAUBAL,Amazônia
 1648449108 ,d8e6b00d-79f3-3b23-9027-f32cdc6ffa77,     .685820 ,  -50.805970 ,2023-09-04 17:26:00,Brasil,AMAPÁ,ITAUBAL,Amazônia
 1648449308 ,5eb9aeef-df49-326d-8df9-467e97a3664a,    1.052570 ,  -51.039800 ,2023-09-04 17:26:00,Brasil,AMAPÁ,TARTARUGALZINHO,Amazônia
 1648449310 ,3a224e74-c90f-3aef-abd6-b2ffc75e538f,    1.048960 ,  -51.044290 ,2023-09-04 17:26:00,Brasil,AMAPÁ,TARTARUGALZINHO,Amazônia
 1648449311 ,2fadacae-2e19-35ee-8e31-11eda336efc6,    1.040860 ,  -51.032510 ,2023-09-04 17:26:00,Brasil,AMAPÁ,TARTARUGALZINHO,Amazônia
 1648449312 ,aee43068-df21-351a-9ef0-66a38f81ec76,    1.050480 ,  -51.033880 ,2023-09-04 17:26:00,Brasil,AMAPÁ,TARTARUGALZINHO,Amazônia
 1648449313 ,7ab67090-21a5-33e4-b599-5105549f4396,    1.926620 ,  -50.929150 ,2023-09-04 17:26:00,Brasil,AMAPÁ,AMAPÁ,Amazônia
 1648449314 ,1e8c7d64-bd79-3073-84ca-cfb0c2a9fae5,     .416270 ,  -50.823410 ,2023-09-04 17:26:00,Brasil,AMAPÁ,MACAPÁ,Amazônia
 1648449315 ,7e0e08d9-cd71-36de-bbc2-34b8292e6fcd,     .406610 ,  -50.822020 ,2023-09-04 17:26:00,Brasil,AMAPÁ,MACAPÁ,Amazônia
 1648449403 ,a458074b-a800-3e9a-8701-a633527f6a0a,     .177180 ,  -51.444390 ,2023-09-04 17:26:00,Brasil,AMAPÁ,SANTANA,Amazônia
 1648449404 ,962e10f5-7795-3a49-9092-2c8a69018283,     .175780 ,  -51.454170 ,2023-09-04 17:26:00,Brasil,AMAPÁ,SANTANA,Amazônia
 1648449405 ,05ba308e-8500-3eff-93e7-c6dcff781ab4,    -.448800 ,  -52.021670 ,2023-09-04 17:26:00,Brasil,AMAPÁ,MAZAGÃO,Amazônia
 1648449406 ,cdc2e9a4-be38-36b0-b457-9b74e6bbd254,    -.439730 ,  -52.023010 ,2023-09-04 17:26:00,Brasil,AMAPÁ,MAZAGÃO,Amazônia
 1648956111 ,2d6aa181-541c-3e0d-83c5-8bea7e818cd2,    2.145820 ,  -50.828350 ,2023-09-06 17:11:00,Brasil,AMAPÁ,AMAPÁ,Amazônia
 1648956112 ,f1407e85-2d64-30d4-9385-eb7a50d27579,    2.136860 ,  -50.827040 ,2023-09-06 17:11:00,Brasil,AMAPÁ,AMAPÁ,Amazônia
 1648956113 ,0cd80d58-4a77-39b5-9b85-d54816a292b6,    2.135550 ,  -50.836030 ,2023-09-06 17:11:00,Brasil,AMAPÁ,AMAPÁ,Amazônia
 1648956114 ,912dc7de-c126-3f65-bc8b-ff940f99c3b4,    2.079580 ,  -50.969480 ,2023-09-06 17:11:00,Brasil,AMAPÁ,AMAPÁ,Amazônia
 1648956115 ,6c904429-7f0c-362d-a4f5-e666de4883f5,    1.989870 ,  -50.885340 ,2023-09-06 17:11:00,Brasil,AMAPÁ,AMAPÁ,Amazônia
 1648956116 ,b90a9c12-3e75-3757-b705-f4833f82da94,    1.980890 ,  -50.884030 ,2023-09-06 17:11:00,Brasil,AMAPÁ,AMAPÁ,Amazônia
 1648956117 ,8e6b6b9c-8e29-3b2b-8cc3-9f48d305b627,    1.860220 ,  -50.634080 ,2023-09-06 17:11:00,Brasil,AMAPÁ,AMAPÁ,Amazônia
 1648956118 ,9ab18e24-5621-37ef-b2ab-35a981ab3952,    1.851280 ,  -50.632770 ,2023-09-06 17:11:00,Brasil,AMAPÁ,AMAPÁ,Amazônia
 1648956119 ,b860be91-1405-3ee6-938f-88eaf6434053,    1.203940 ,  -50.780750 ,2023-09-06 17:11:00,Brasil,AMAPÁ,TARTARUGALZINHO,Amazônia
 1648956120 ,7f3ace23-2b18-3a98-b222-6b17e569763c,    1.193640 ,  -50.788510 ,2023-09-06 17:11:00,Brasil,AMAPÁ,TARTARUGALZINHO,Amazônia
 1648956121 ,41f1501f-13ff-3d8e-93a0-99394e60ae53,    1.180120 ,  -50.113830 ,2023-09-06 17:11:00,Brasil,AMAPÁ,CUTIAS,Amazônia
 1648956122 ,ef03c161-8502-3b34-bb26-472e80d59359,    1.073400 ,  -51.044060 ,2023-09-06 17:11:00,Brasil,AMAPÁ,TARTARUGALZINHO,Amazônia
 1648956123 ,3f530639-1e19-3021-8bdc-0f1411f2a921,    1.072070 ,  -51.053270 ,2023-09-06 17:11:00,Brasil,AMAPÁ,TARTARUGALZINHO,Amazônia
 1648956124 ,d93e0329-b8a9-34f1-9512-7249a28665d7,    1.057920 ,  -51.023020 ,2023-09-06 17:11:00,Brasil,AMAPÁ,TARTARUGALZINHO,Amazônia
 1648956125 ,b2e76adb-5ad0-3acd-9bd8-62e3294821e5,    1.056920 ,  -50.081100 ,2023-09-06 17:11:00,Brasil,AMAPÁ,MACAPÁ,Amazônia
 1648956126 ,896e5a26-9d28-367c-99a1-0c36af84beb7,     .289920 ,  -51.369390 ,2023-09-06 17:11:00,Brasil,AMAPÁ,SANTANA,Amazônia
 1648956200 ,e0e06d8b-3548-3b94-acf0-8163928b193b,    3.353560 ,  -51.330700 ,2023-09-06 17:11:00,Brasil,AMAPÁ,OIAPOQUE,Amazônia
 1648956201 ,45e435f9-3f9b-3bf6-9822-f06d56bf6127,    3.280070 ,  -51.332770 ,2023-09-06 17:11:00,Brasil,AMAPÁ,OIAPOQUE,Amazônia
 1648956202 ,399971e2-763f-3d2d-810b-420ccd0962e2,    2.906870 ,  -50.979300 ,2023-09-06 17:11:00,Brasil,AMAPÁ,CALÇOENE,Amazônia
 1648956203 ,98e4c2b0-7f8b-3647-887a-443bfbbe0653,    2.459090 ,  -50.957100 ,2023-09-06 17:11:00,Brasil,AMAPÁ,CALÇOENE,Amazônia
 1648956204 ,cc823fc4-1c80-33c5-b68f-00d65e76a593,    2.457780 ,  -50.966110 ,2023-09-06 17:11:00,Brasil,AMAPÁ,CALÇOENE,Amazônia
 1648956205 ,8d40a8ad-e2ab-30c9-8e82-99c70cba501f,     .774370 ,  -51.952270 ,2023-09-06 17:11:00,Brasil,AMAPÁ,PEDRA BRANCA DO AMAPARI,Amazônia
 1648956206 ,1afa47dd-d1dc-33a1-84ce-923e2ea04484,     .772900 ,  -51.962260 ,2023-09-06 17:11:00,Brasil,AMAPÁ,PEDRA BRANCA DO AMAPARI,Amazônia
 1648956207 ,3bea233f-3a15-35eb-a56d-65ef344c390c,     .771430 ,  -51.972270 ,2023-09-06 17:11:00,Brasil,AMAPÁ,PEDRA BRANCA DO AMAPARI,Amazônia
 1648956208 ,51cf2852-a9ec-3b6a-b5a7-a6fc238af461,     .545870 ,  -51.687660 ,2023-09-06 17:11:00,Brasil,AMAPÁ,PORTO GRANDE,Amazônia
 1648956209 ,cbe82d43-f320-3a12-b408-2281e1a0dc11,    -.741490 ,  -51.941010 ,2023-09-06 17:11:00,Brasil,AMAPÁ,MAZAGÃO,Amazônia
 1648956210 ,d6985fb3-1faf-3b63-95d0-6094a0b42b24,    -.420650 ,  -52.064740 ,2023-09-06 17:11:00,Brasil,AMAPÁ,MAZAGÃO,Amazônia
 1648956211 ,fb5bf9af-95c8-3e1d-a5af-50ec821b9261,    -.411640 ,  -51.803330 ,2023-09-06 17:11:00,Brasil,AMAPÁ,MAZAGÃO,Amazônia
 1648956212 ,a12b36e9-8aff-3ace-8807-39a878f3612b,    -.402150 ,  -51.804690 ,2023-09-06 17:11:00,Brasil,AMAPÁ,MAZAGÃO,Amazônia
 1649358010 ,6ab027e1-87c4-362b-bbaa-a1062866c0de,    -.147120 ,  -51.337690 ,2023-09-08 16:56:00,Brasil,AMAPÁ,MAZAGÃO,Amazônia
 1649358088 ,c5592269-3d33-3b74-b33e-e70c52b09b61,    3.796350 ,  -51.545120 ,2023-09-08 16:58:00,Brasil,AMAPÁ,OIAPOQUE,Amazônia
 1649358089 ,458cb631-f0b0-3454-a622-a8dc971cceff,    3.794130 ,  -51.559950 ,2023-09-08 16:58:00,Brasil,AMAPÁ,OIAPOQUE,Amazônia
 1649358090 ,4624ade9-60c6-3edd-973b-b18e90e5958a,    2.424780 ,  -51.414870 ,2023-09-08 16:56:00,Brasil,AMAPÁ,CALÇOENE,Amazônia
 1649358091 ,d40bb1db-e0db-3f2b-95e1-66ad9f7b3800,    2.422520 ,  -51.430080 ,2023-09-08 16:56:00,Brasil,AMAPÁ,CALÇOENE,Amazônia
 1649358092 ,732f13ee-edf4-3c8f-bfd1-e9cc392afb2e,    2.413320 ,  -51.413150 ,2023-09-08 16:56:00,Brasil,AMAPÁ,CALÇOENE,Amazônia
 1649358093 ,de096acc-9319-31c4-bd71-006c734c72f4,    -.400170 ,  -51.992330 ,2023-09-08 16:56:00,Brasil,AMAPÁ,MAZAGÃO,Amazônia
 1649358094 ,b2775461-e656-30b8-afd5-6fd9af00a904,    -.399300 ,  -51.999300 ,2023-09-08 16:56:00,Brasil,AMAPÁ,MAZAGÃO,Amazônia
 1649358095 ,1257509d-59ec-3861-ae54-ca3a69a2bfde,    -.397450 ,  -51.973360 ,2023-09-08 16:56:00,Brasil,AMAPÁ,MAZAGÃO,Amazônia
 1649358096 ,30ff8e54-caed-381f-a0a0-c9902ef29a0d,    -.396460 ,  -51.980480 ,2023-09-08 16:56:00,Brasil,AMAPÁ,MAZAGÃO,Amazônia
 1649358097 ,b26018b8-1571-3f7d-b58d-f65365681581,    -.357080 ,  -52.063240 ,2023-09-08 16:56:00,Brasil,AMAPÁ,MAZAGÃO,Amazônia
 1649358098 ,874ec186-6a3e-397a-8913-a05c56c6301f,    -.343610 ,  -51.774590 ,2023-09-08 16:56:00,Brasil,AMAPÁ,MAZAGÃO,Amazônia
 1649358099 ,2901a02d-f9b2-3feb-bbb8-c4cc33b11363,    -.341070 ,  -51.781760 ,2023-09-08 16:56:00,Brasil,AMAPÁ,MAZAGÃO,Amazônia
 1649358100 ,b3207e30-9be1-3ac6-9cf1-d217c83c4888,    -.341070 ,  -51.756620 ,2023-09-08 16:56:00,Brasil,AMAPÁ,MAZAGÃO,Amazônia
 1649358101 ,5acd1e72-0c24-358b-bc34-5cd237101626,    -.338390 ,  -51.763780 ,2023-09-08 16:56:00,Brasil,AMAPÁ,MAZAGÃO,Amazônia
 1649358592 ,cbc90f4d-74e4-32e1-9934-446bedde20b6,    1.980810 ,  -50.856020 ,2023-09-08 16:56:00,Brasil,AMAPÁ,AMAPÁ,Amazônia
 1649358593 ,adcd6473-a502-36e7-a798-2d765e59f42d,    1.979700 ,  -50.849060 ,2023-09-08 16:56:00,Brasil,AMAPÁ,AMAPÁ,Amazônia
 1649358594 ,7ee3582e-43a6-3e6b-acde-98d229549d38,    1.977650 ,  -50.863120 ,2023-09-08 16:56:00,Brasil,AMAPÁ,AMAPÁ,Amazônia
 1649358595 ,9f1a7af7-48dc-3eef-a8af-081f1d866eed,    1.437750 ,  -50.863280 ,2023-09-08 16:56:00,Brasil,AMAPÁ,TARTARUGALZINHO,Amazônia
 1649358596 ,2b083faf-1ae8-3962-8915-46d5a8e53c6c,    1.428980 ,  -50.854020 ,2023-09-08 16:56:00,Brasil,AMAPÁ,TARTARUGALZINHO,Amazônia
 1649358597 ,dede9876-e403-3c0b-b7d1-c7bb6fad4bd2,    1.357350 ,  -50.787500 ,2023-09-08 16:56:00,Brasil,AMAPÁ,TARTARUGALZINHO,Amazônia
 1649358598 ,fb462947-500e-31d1-a6ea-3e51b3ba25b7,    1.357120 ,  -50.792830 ,2023-09-08 16:56:00,Brasil,AMAPÁ,TARTARUGALZINHO,Amazônia
 1649358599 ,e88926f8-0abf-372a-8420-69cef4f25f37,    1.205900 ,  -50.802300 ,2023-09-08 16:56:00,Brasil,AMAPÁ,TARTARUGALZINHO,Amazônia
 1649358600 ,ffe4e9d2-4e1f-301d-9f6f-d0a370f4986a,    1.091640 ,  -51.034550 ,2023-09-08 16:56:00,Brasil,AMAPÁ,TARTARUGALZINHO,Amazônia
 1649358601 ,3fb92ce7-38c3-305b-9a2e-d52780c36a21,    1.089430 ,  -51.049550 ,2023-09-08 16:56:00,Brasil,AMAPÁ,TARTARUGALZINHO,Amazônia
 1649358602 ,83637967-eb1d-3043-bf5e-9f5c0ea5b812,     .909710 ,  -51.182600 ,2023-09-08 16:56:00,Brasil,AMAPÁ,FERREIRA GOMES,Amazônia
 1649358603 ,1a5b2f7c-b111-3e91-aaf5-16bcac87ba00,     .255580 ,  -51.393300 ,2023-09-08 16:56:00,Brasil,AMAPÁ,SANTANA,Amazônia
 1649358604 ,a1175376-cbeb-390a-84fc-e205ed1058a7,     .249380 ,  -51.385640 ,2023-09-08 16:56:00,Brasil,AMAPÁ,SANTANA,Amazônia
 1649358605 ,0883577e-20d1-367c-a75d-63b988d3839a,     .242230 ,  -51.351130 ,2023-09-08 16:56:00,Brasil,AMAPÁ,SANTANA,Amazônia
 1647551496 ,c124da90-5727-31a9-ba4d-43fac07dbff5,    3.869380 ,  -51.751550 ,2023-08-30 17:13:00,Brasil,AMAPÁ,OIAPOQUE,Amazônia
 1647551497 ,82859773-e006-3961-a2fa-2b24ebce5861,    3.353480 ,  -51.368530 ,2023-08-30 17:13:00,Brasil,AMAPÁ,OIAPOQUE,Amazônia
 1647551498 ,b5de1aed-5347-384d-bd41-c5182f9b16b5,    3.264890 ,  -51.339940 ,2023-08-30 17:13:00,Brasil,AMAPÁ,OIAPOQUE,Amazônia
 1647551499 ,9db3b6b8-867d-38cd-9165-293f18d3d624,    2.118880 ,  -50.984710 ,2023-08-30 17:13:00,Brasil,AMAPÁ,AMAPÁ,Amazônia
 1647551506 ,d6b7b31f-ef51-3ba8-a13d-3f8ca0296aa9,    1.603910 ,  -50.914990 ,2023-08-30 17:13:00,Brasil,AMAPÁ,PRACUÚBA,Amazônia
 1647551508 ,8f6ac3fa-b0a0-3657-95c1-5bf87fb5cb78,     .939180 ,  -52.444230 ,2023-08-30 17:13:00,Brasil,AMAPÁ,PEDRA BRANCA DO AMAPARI,Amazônia
 1647551509 ,99952e76-17b1-3f7b-9ab5-4b22be5f97d4,     .752120 ,  -50.684690 ,2023-08-30 17:13:00,Brasil,AMAPÁ,MACAPÁ,Amazônia
 1647551511 ,c0fb4f98-4264-3f9c-b6d6-9e7341233342,     .646180 ,  -51.609420 ,2023-08-30 17:13:00,Brasil,AMAPÁ,PORTO GRANDE,Amazônia
 1647551512 ,edd601d6-9560-3a76-9aa9-2bb0e19cdf90,     .607820 ,  -51.746350 ,2023-08-30 17:13:00,Brasil,AMAPÁ,PORTO GRANDE,Amazônia
 1647551870 ,9b34b3e0-8c51-30c5-8d26-f1d2447b9b99,    -.220930 ,  -51.363000 ,2023-08-30 17:13:00,Brasil,AMAPÁ,MAZAGÃO,Amazônia
 1649598872 ,9f5f0c39-8afe-33fb-8cce-529e67526be8,    2.435740 ,  -50.792290 ,2023-09-09 17:39:00,Brasil,AMAPÁ,CALÇOENE,Amazônia
 1649598873 ,095c9e88-6e16-3de7-8d15-26bb1f26819c,    1.955870 ,  -50.957980 ,2023-09-09 17:39:00,Brasil,AMAPÁ,AMAPÁ,Amazônia
 1649598874 ,a5759551-ec39-34b4-be7f-e510ac34d11e,    1.950040 ,  -50.968260 ,2023-09-09 17:39:00,Brasil,AMAPÁ,AMAPÁ,Amazônia
 1649598875 ,7b52c4d1-168d-3c5f-a2ad-203fc93fb7cc,    1.446980 ,  -50.847690 ,2023-09-09 17:39:00,Brasil,AMAPÁ,TARTARUGALZINHO,Amazônia
 1649598876 ,9f6c8103-832c-31e2-ab24-02441e258787,    1.444410 ,  -50.865650 ,2023-09-09 17:39:00,Brasil,AMAPÁ,TARTARUGALZINHO,Amazônia
 1649598877 ,64d93c15-84b5-32a5-a38a-dbdc5a0ff7b4,     .401070 ,  -50.754450 ,2023-09-09 17:39:00,Brasil,AMAPÁ,MACAPÁ,Amazônia
 1649598878 ,812ded9b-8eda-3dc3-a41b-46760539b8ad,     .398610 ,  -50.771970 ,2023-09-09 17:39:00,Brasil,AMAPÁ,MACAPÁ,Amazônia
 1649598879 ,0fb61cc3-4435-36cd-974b-98fd51cc4707,     .396040 ,  -50.766420 ,2023-09-09 17:39:00,Brasil,AMAPÁ,MACAPÁ,Amazônia
 1649598880 ,fb31b453-7c0f-370f-895c-f99ddd260cc1,     .171510 ,  -51.336200 ,2023-09-09 17:39:00,Brasil,AMAPÁ,SANTANA,Amazônia
 1649598881 ,5aaf92b3-1501-3096-a17f-db45dce27a7a,     .159880 ,  -51.334550 ,2023-09-09 17:39:00,Brasil,AMAPÁ,SANTANA,Amazônia
 1649598882 ,fb715ad5-ef03-34f5-bece-d599e0080839,     .157650 ,  -51.350140 ,2023-09-09 17:39:00,Brasil,AMAPÁ,SANTANA,Amazônia
 1649598966 ,f266297c-7fa9-31f0-abd6-e7a74edcc426,    -.483680 ,  -51.819740 ,2023-09-09 17:39:00,Brasil,AMAPÁ,MAZAGÃO,Amazônia
 1649791244 ,5032ffac-eed3-3880-8970-7b973b68e377,    2.186330 ,  -50.721900 ,2023-09-10 16:43:00,Brasil,AMAPÁ,CALÇOENE,Amazônia
 1649791245 ,c79ff1d5-5620-3ddd-beb4-5dda7b533fbc,    2.131530 ,  -50.878910 ,2023-09-10 16:43:00,Brasil,AMAPÁ,AMAPÁ,Amazônia
 1649791246 ,523132c8-a430-36ea-8a11-7ca8ba2044fd,    2.127710 ,  -50.899180 ,2023-09-10 16:43:00,Brasil,AMAPÁ,AMAPÁ,Amazônia
 1649791247 ,4364faf4-40a5-3137-8624-81b8ff1f508c,    1.298090 ,  -50.749470 ,2023-09-10 16:41:00,Brasil,AMAPÁ,TARTARUGALZINHO,Amazônia
 1649791248 ,30ffc311-5093-3d1b-81c9-5e3deb354f3d,    1.199430 ,  -51.107120 ,2023-09-10 16:41:00,Brasil,AMAPÁ,TARTARUGALZINHO,Amazônia
 1649791249 ,51d1d668-573f-330e-b4a5-30bafb8b1316,    1.195950 ,  -51.113860 ,2023-09-10 16:41:00,Brasil,AMAPÁ,TARTARUGALZINHO,Amazônia
 1649791250 ,2e732999-4202-3d86-8bfb-64027195595e,     .414410 ,  -50.760040 ,2023-09-10 16:41:00,Brasil,AMAPÁ,MACAPÁ,Amazônia
 1649791251 ,e8e99f35-16b8-3aa9-8ded-e149fdc97488,     .411460 ,  -50.764180 ,2023-09-10 16:41:00,Brasil,AMAPÁ,MACAPÁ,Amazônia
 1649791266 ,ce355f5e-a695-3e4b-adf1-6a75e44315dd,    -.464210 ,  -52.177800 ,2023-09-10 16:41:00,Brasil,AMAPÁ,LARANJAL DO JARI,Amazônia
 1649791267 ,61c13439-fd33-37bf-82e5-461e1e94bfbf,    -.461300 ,  -52.185150 ,2023-09-10 16:41:00,Brasil,AMAPÁ,LARANJAL DO JARI,Amazônia
 1650015646 ,7e3aa1d1-f95f-3eef-ba28-8c9b6144f4d6,    2.776410 ,  -51.364170 ,2023-09-11 17:24:00,Brasil,AMAPÁ,CALÇOENE,Amazônia
 1650015647 ,b3df046f-65f8-389a-ab4c-22b346135b1e,    2.767060 ,  -51.362820 ,2023-09-11 17:24:00,Brasil,AMAPÁ,CALÇOENE,Amazônia
 1650024302 ,b3f3bd08-917f-3207-9f86-57f64e6fc40b,    2.062590 ,  -50.838310 ,2023-09-11 17:24:00,Brasil,AMAPÁ,AMAPÁ,Amazônia
 1650024303 ,c12146b2-dd4a-3428-965d-c70861f0c477,    1.455900 ,  -50.879170 ,2023-09-11 17:24:00,Brasil,AMAPÁ,TARTARUGALZINHO,Amazônia
 1650024304 ,a502b544-f8f8-34e9-b3e5-b6f7fa96c83a,    1.386990 ,  -50.780350 ,2023-09-11 17:24:00,Brasil,AMAPÁ,TARTARUGALZINHO,Amazônia
 1650024305 ,9c13514c-e695-368e-9808-80f08efb7c33,    1.285270 ,  -50.852490 ,2023-09-11 17:24:00,Brasil,AMAPÁ,TARTARUGALZINHO,Amazônia
 1650024306 ,095a7658-0d79-361e-b2f0-08b2cae8527e,    1.283830 ,  -50.862510 ,2023-09-11 17:24:00,Brasil,AMAPÁ,TARTARUGALZINHO,Amazônia
 1650024307 ,ccb4a0d0-1b74-3f16-8f10-97abc23a9370,    1.275830 ,  -50.851120 ,2023-09-11 17:24:00,Brasil,AMAPÁ,TARTARUGALZINHO,Amazônia
 1650024308 ,4684dfcf-6cdd-3199-81f2-f44ecab1998d,    1.221390 ,  -51.165150 ,2023-09-11 17:24:00,Brasil,AMAPÁ,TARTARUGALZINHO,Amazônia
 1650024309 ,87ed47e9-ec11-3592-9a29-6238cf2d47f5,    1.220000 ,  -51.174870 ,2023-09-11 17:24:00,Brasil,AMAPÁ,TARTARUGALZINHO,Amazônia
 1650024310 ,3e2a1816-0da2-3731-b26b-49bbb8c4bc87,     .968090 ,  -51.198170 ,2023-09-11 17:24:00,Brasil,AMAPÁ,FERREIRA GOMES,Amazônia
 1650024311 ,81c06e8f-6b05-38d2-8109-01678ae2e281,     .211130 ,  -51.009640 ,2023-09-11 17:24:00,Brasil,AMAPÁ,MACAPÁ,Amazônia
 1650024312 ,76996f85-ff30-3616-88e6-652cf6db71cd,     .209760 ,  -51.019280 ,2023-09-11 17:24:00,Brasil,AMAPÁ,MACAPÁ,Amazônia
 1650024313 ,76dcd4ee-bd88-32c0-9cb0-18cfba38b654,     .208390 ,  -51.028900 ,2023-09-11 17:24:00,Brasil,AMAPÁ,MACAPÁ,Amazônia
 1650024314 ,00c719fc-8901-3616-92ce-a94915f082eb,     .203010 ,  -51.022380 ,2023-09-11 17:24:00,Brasil,AMAPÁ,MACAPÁ,Amazônia
 1650024484 ,cfff50b2-a5ee-37f6-8b76-d30359aeccb4,    -.350980 ,  -51.725460 ,2023-09-11 17:24:00,Brasil,AMAPÁ,MAZAGÃO,Amazônia
 1650024485 ,a966e036-863b-35e7-8f57-abff74178ab5,    -.349680 ,  -51.716380 ,2023-09-11 17:24:00,Brasil,AMAPÁ,MAZAGÃO,Amazônia
 1650386692 ,03e62086-4639-3bd3-84d8-49b527ee8045,    2.118770 ,  -50.980800 ,2023-09-13 17:09:00,Brasil,AMAPÁ,AMAPÁ,Amazônia
 1650386693 ,1e5767cb-15f5-3309-a3f1-c8bc95c59641,    2.106250 ,  -50.887090 ,2023-09-13 17:09:00,Brasil,AMAPÁ,AMAPÁ,Amazônia
 1650386694 ,bf379295-bd7f-338b-ab83-1d3f7b72cd98,    2.104890 ,  -50.896440 ,2023-09-13 17:09:00,Brasil,AMAPÁ,AMAPÁ,Amazônia
 1650386695 ,1aebf81e-1b15-3d7a-a0bb-98db7904cfd6,    2.028270 ,  -50.850040 ,2023-09-13 17:09:00,Brasil,AMAPÁ,AMAPÁ,Amazônia
 1650386696 ,453b395c-1945-34ba-a6de-d63dba4f2a2f,    1.328480 ,  -49.957790 ,2023-09-13 17:09:00,Brasil,AMAPÁ,AMAPÁ,Amazônia
 1650386697 ,48bf639a-7bfc-37c9-9e4e-3d57d4106950,    1.297860 ,  -50.675500 ,2023-09-13 17:09:00,Brasil,AMAPÁ,TARTARUGALZINHO,Amazônia
 1650386698 ,99b79952-e70e-3a8c-8dee-18759eb294bb,    1.296510 ,  -50.684820 ,2023-09-13 17:09:00,Brasil,AMAPÁ,TARTARUGALZINHO,Amazônia
 1650386699 ,f10f31f5-7fd1-3436-a7a9-bea7d49b4ae1,    1.144030 ,  -50.975100 ,2023-09-13 17:09:00,Brasil,AMAPÁ,TARTARUGALZINHO,Amazônia
 1650386700 ,1590ecc0-aa42-3215-ab3a-05cc968878a6,    1.062460 ,  -51.094410 ,2023-09-13 17:09:00,Brasil,AMAPÁ,TARTARUGALZINHO,Amazônia
 1650386701 ,81f1116b-088d-319c-9efa-7a9a0c510025,    1.061050 ,  -51.104120 ,2023-09-13 17:09:00,Brasil,AMAPÁ,TARTARUGALZINHO,Amazônia
 1650386825 ,937a2a20-2824-3825-bdae-4d55bd57f16d,    3.647970 ,  -51.367690 ,2023-09-13 17:09:00,Brasil,AMAPÁ,OIAPOQUE,Amazônia
 1650386826 ,a8e13a59-650f-37cb-90bd-98cad62807c9,    3.640190 ,  -51.356870 ,2023-09-13 17:09:00,Brasil,AMAPÁ,OIAPOQUE,Amazônia
 1650386827 ,e86431c6-2cc3-3fb8-a918-e3e4181ae23e,    3.638790 ,  -51.366330 ,2023-09-13 17:09:00,Brasil,AMAPÁ,OIAPOQUE,Amazônia
 1650386828 ,f8782303-c564-3f48-8970-c2f50854aa68,    3.348020 ,  -51.347430 ,2023-09-13 17:09:00,Brasil,AMAPÁ,OIAPOQUE,Amazônia
 1650386829 ,de82b5b7-fe85-3946-86e0-34699ac0d8a7,    3.346640 ,  -51.356930 ,2023-09-13 17:09:00,Brasil,AMAPÁ,OIAPOQUE,Amazônia
 1650386830 ,1fdb4515-119e-3c33-bfc3-b9e316d153e7,    2.772600 ,  -51.052720 ,2023-09-13 17:09:00,Brasil,AMAPÁ,CALÇOENE,Amazônia
 1650386831 ,9f3f4fed-b493-378e-8582-f55e4060214c,     .651600 ,  -51.455820 ,2023-09-13 17:09:00,Brasil,AMAPÁ,PORTO GRANDE,Amazônia
 1650386832 ,e60e7f51-5c81-30a9-bed1-df917a70bd95,     .571740 ,  -51.804800 ,2023-09-13 17:09:00,Brasil,AMAPÁ,PORTO GRANDE,Amazônia
 1650386833 ,b9b36d01-3e74-3dec-a324-03c8d96f8017,    -.579410 ,  -52.198700 ,2023-09-13 17:09:00,Brasil,AMAPÁ,LARANJAL DO JARI,Amazônia
 1650539739 ,9b669a1b-a6e4-3c1b-9197-0334c42a33c2,    1.098970 ,  -51.160280 ,2023-09-14 17:52:00,Brasil,AMAPÁ,TARTARUGALZINHO,Amazônia
 1650539740 ,4145c0fa-93d5-33fe-9e7b-e2d9727059f3,    1.083610 ,  -51.157940 ,2023-09-14 17:52:00,Brasil,AMAPÁ,TARTARUGALZINHO,Amazônia
 1650539741 ,3f857671-6f81-3a52-86f7-7dee672b0466,     .243080 ,  -50.980170 ,2023-09-14 17:52:00,Brasil,AMAPÁ,MACAPÁ,Amazônia
 1650539794 ,f976b837-ee22-3f2d-aad0-aa7746a66e1e,    2.768630 ,  -51.068450 ,2023-09-14 17:52:00,Brasil,AMAPÁ,CALÇOENE,Amazônia
 1650539795 ,2799110e-4fd7-358c-bba0-c7e332c6036d,    2.763970 ,  -51.100700 ,2023-09-14 17:52:00,Brasil,AMAPÁ,CALÇOENE,Amazônia
 1650539796 ,2f870aa7-c936-3962-998f-d7095ecc365a,    2.762620 ,  -51.075240 ,2023-09-14 17:52:00,Brasil,AMAPÁ,CALÇOENE,Amazônia
 1650539797 ,28808155-9863-327c-a76f-4db83e4272ba,    2.752710 ,  -51.066260 ,2023-09-14 17:52:00,Brasil,AMAPÁ,CALÇOENE,Amazônia
 1650539799 ,65781abf-7a80-316c-83d6-ff9faa88d0b3,    2.493320 ,  -50.979420 ,2023-09-14 17:52:00,Brasil,AMAPÁ,CALÇOENE,Amazônia
 1650539800 ,eacee74c-a620-36a8-a2ae-bb06280fbd10,    2.484880 ,  -50.983440 ,2023-09-14 17:52:00,Brasil,AMAPÁ,CALÇOENE,Amazônia
 1650695903 ,a4ae9a34-cb7a-3249-ae0f-109fe9cef9ab,    2.220380 ,  -50.930290 ,2023-09-15 16:54:00,Brasil,AMAPÁ,CALÇOENE,Amazônia
 1650695904 ,94fc8164-cabe-32c5-8c75-ba068b022ce0,    1.686070 ,  -50.949000 ,2023-09-15 16:54:00,Brasil,AMAPÁ,PRACUÚBA,Amazônia
 1650695905 ,5cb7a3dc-94ba-3ee2-b38d-63eae97bef3b,    1.215400 ,  -50.729350 ,2023-09-15 16:54:00,Brasil,AMAPÁ,TARTARUGALZINHO,Amazônia
 1650695906 ,5814f796-ffa1-3d67-a9c3-14a8bdb0da1b,    1.203780 ,  -50.727620 ,2023-09-15 16:54:00,Brasil,AMAPÁ,TARTARUGALZINHO,Amazônia
 1650695907 ,979489de-b59b-35e6-a704-ee6b806cebaa,    1.153390 ,  -51.067900 ,2023-09-15 16:54:00,Brasil,AMAPÁ,TARTARUGALZINHO,Amazônia
 1650695908 ,8f9295cd-3d88-324a-a8b8-56cf2324e973,    1.150930 ,  -51.084510 ,2023-09-15 16:54:00,Brasil,AMAPÁ,TARTARUGALZINHO,Amazônia
 1650695909 ,1902129a-65ca-3320-a6ee-251036da53b3,     .517370 ,  -50.781700 ,2023-09-15 16:54:00,Brasil,AMAPÁ,MACAPÁ,Amazônia
 1650696038 ,7d14de78-0d48-3860-b62c-92b05310a310,    3.837620 ,  -51.746660 ,2023-09-15 16:56:00,Brasil,AMAPÁ,OIAPOQUE,Amazônia
 1650696039 ,08f883ce-c4d0-3d84-974e-86f40ad5682f,    3.832590 ,  -51.738790 ,2023-09-15 16:56:00,Brasil,AMAPÁ,OIAPOQUE,Amazônia
 1650696040 ,8150be33-c4df-30b5-adff-4f2c672d857f,    3.830030 ,  -51.755800 ,2023-09-15 16:56:00,Brasil,AMAPÁ,OIAPOQUE,Amazônia
 1650696041 ,543410b1-30f6-3ccb-a958-e24f4fa2f478,    3.732830 ,  -51.632400 ,2023-09-15 16:56:00,Brasil,AMAPÁ,OIAPOQUE,Amazônia
 1650696042 ,21ae3bde-3518-3f80-af05-e11f5f01860b,    3.730270 ,  -51.649150 ,2023-09-15 16:56:00,Brasil,AMAPÁ,OIAPOQUE,Amazônia
 1650696043 ,791c5267-6c96-38a0-911c-81b829cd106d,    3.692640 ,  -51.367930 ,2023-09-15 16:56:00,Brasil,AMAPÁ,OIAPOQUE,Amazônia
 1650696044 ,70b92b50-75fb-37f8-a811-063ba57031d1,    3.685360 ,  -51.781040 ,2023-09-15 16:56:00,Brasil,AMAPÁ,OIAPOQUE,Amazônia
 1650696045 ,aaf442e2-760b-364b-bd10-9097a8e4c8b0,    3.317820 ,  -51.336040 ,2023-09-15 16:56:00,Brasil,AMAPÁ,OIAPOQUE,Amazônia
 1650696046 ,5cfd3968-c35a-3c30-bc2f-9bff2a77b5d8,    3.315360 ,  -51.352230 ,2023-09-15 16:56:00,Brasil,AMAPÁ,OIAPOQUE,Amazônia
 1650696047 ,70d0ced8-9386-3a75-9723-81b074359ffe,     .704200 ,  -51.367280 ,2023-09-15 16:54:00,Brasil,AMAPÁ,PORTO GRANDE,Amazônia
 1650696048 ,32e5469e-0120-3b5e-825d-43421da45d93,    -.614080 ,  -52.053130 ,2023-09-15 16:54:00,Brasil,AMAPÁ,MAZAGÃO,Amazônia
 1650995902 ,53d17fbc-3a56-3fa6-881c-6832833e94ff,     .156810 ,  -51.021310 ,2023-09-16 17:37:00,Brasil,AMAPÁ,MACAPÁ,Amazônia
 1650995903 ,b9ce592c-97e3-3d06-88fb-f14a43636c1c,    2.096830 ,  -50.872400 ,2023-09-16 17:37:00,Brasil,AMAPÁ,AMAPÁ,Amazônia
 1650995905 ,c5825cb5-54eb-36a5-bf3e-188d83cbb147,    2.189880 ,  -50.857450 ,2023-09-16 17:37:00,Brasil,AMAPÁ,CALÇOENE,Amazônia
 1650995906 ,e40f2fc1-53de-3456-8645-525606fd30fb,    2.220340 ,  -50.952720 ,2023-09-16 17:37:00,Brasil,AMAPÁ,CALÇOENE,Amazônia
 1650995910 ,36d2da86-33f6-311d-9a01-0e99ce3ac1e4,    3.333530 ,  -51.338200 ,2023-09-16 17:37:00,Brasil,AMAPÁ,OIAPOQUE,Amazônia
 1650995911 ,604e779a-4eca-394a-9e62-e5cd2002b693,    3.422690 ,  -51.275880 ,2023-09-16 17:37:00,Brasil,AMAPÁ,OIAPOQUE,Amazônia
 1647189366 ,8c373397-dbb9-3faa-b3d9-1809a3844a2a,    1.931260 ,  -50.827860 ,2023-08-28 17:28:00,Brasil,AMAPÁ,AMAPÁ,Amazônia
 1647189374 ,89c8dbf7-6fae-38d2-b3a8-92e41cc7f782,    1.506580 ,  -50.862380 ,2023-08-28 17:28:00,Brasil,AMAPÁ,TARTARUGALZINHO,Amazônia
 1647189380 ,72de4b87-39c3-322d-9bf9-8e4cf9608836,     .541430 ,  -50.819210 ,2023-08-28 17:28:00,Brasil,AMAPÁ,MACAPÁ,Amazônia
 1647189381 ,16df58d5-c9bb-37f5-8a71-b61d0ec86f5f,     .539780 ,  -50.830610 ,2023-08-28 17:28:00,Brasil,AMAPÁ,MACAPÁ,Amazônia
 1647189382 ,4411414f-eccc-356a-8fa7-af64589b6b1e,     .538140 ,  -50.841980 ,2023-08-28 17:28:00,Brasil,AMAPÁ,MACAPÁ,Amazônia
 1647189383 ,99f0c078-d186-39ef-b1b3-1275107ce06a,     .529770 ,  -50.829150 ,2023-08-28 17:28:00,Brasil,AMAPÁ,MACAPÁ,Amazônia
 1651217671 ,4bd91b4b-08d1-3a9d-8fed-cd5829ecd4dd,    3.519880 ,  -51.529820 ,2023-09-17 16:41:00,Brasil,AMAPÁ,OIAPOQUE,Amazônia
 1651217672 ,d0d0f2fc-8866-3abe-9fe8-a5c2a701f20d,    3.511840 ,  -51.533240 ,2023-09-17 16:41:00,Brasil,AMAPÁ,OIAPOQUE,Amazônia
 1651217673 ,2498509b-5452-3b4a-b689-69fd0b8bb979,    1.110050 ,  -51.137760 ,2023-09-17 16:39:00,Brasil,AMAPÁ,TARTARUGALZINHO,Amazônia
 1651217674 ,d06302b5-beed-3c80-b3bf-0d8d890f55a2,    1.014150 ,  -49.991640 ,2023-09-17 16:39:00,Brasil,AMAPÁ,MACAPÁ,Amazônia
 1651451862 ,ac59687c-646a-3cbc-aa63-6726339003fb,    4.032720 ,  -51.617620 ,2023-09-18 17:24:00,Brasil,AMAPÁ,OIAPOQUE,Amazônia
 1651451863 ,491ea8f8-d4c4-3020-8b19-86347494d379,    4.031400 ,  -51.626930 ,2023-09-18 17:24:00,Brasil,AMAPÁ,OIAPOQUE,Amazônia
 1651451864 ,02aeac6d-af97-385a-bd7b-32a854acae5e,    4.022290 ,  -51.625610 ,2023-09-18 17:24:00,Brasil,AMAPÁ,OIAPOQUE,Amazônia
 1651451867 ,172fde3f-c0f1-3eea-bd4b-cd3953fc7014,    3.717120 ,  -51.509300 ,2023-09-18 17:24:00,Brasil,AMAPÁ,OIAPOQUE,Amazônia
 1651451868 ,cc838695-0955-3b46-8596-d85c72bf84b4,    3.612900 ,  -51.790900 ,2023-09-18 17:24:00,Brasil,AMAPÁ,OIAPOQUE,Amazônia
 1651451869 ,89b95a72-f656-3759-b287-3abf6b166689,    3.491380 ,  -51.473980 ,2023-09-18 17:24:00,Brasil,AMAPÁ,OIAPOQUE,Amazônia
 1651451870 ,8a976f4e-ea73-329a-98f8-e0b7016ddb2a,    3.327270 ,  -51.332650 ,2023-09-18 17:24:00,Brasil,AMAPÁ,OIAPOQUE,Amazônia
 1651451871 ,5ed7bb56-ff8d-3611-90e8-0ba0f1abcac5,    3.325930 ,  -51.342070 ,2023-09-18 17:24:00,Brasil,AMAPÁ,OIAPOQUE,Amazônia
 1651451872 ,d3703b1c-7506-38a6-9d79-0a3ed181468e,    3.324590 ,  -51.351490 ,2023-09-18 17:24:00,Brasil,AMAPÁ,OIAPOQUE,Amazônia
 1651451873 ,4d281c6e-fe9b-329b-aa58-09fa5ab6526b,    2.478460 ,  -51.090940 ,2023-09-18 17:22:00,Brasil,AMAPÁ,CALÇOENE,Amazônia
 1651451874 ,5b9d6ce0-b97c-323c-9459-f4bc15b685b4,    1.920770 ,  -50.798270 ,2023-09-18 17:22:00,Brasil,AMAPÁ,AMAPÁ,Amazônia
 1651451876 ,5a2484d8-b204-3810-a973-799dd059bd0c,    1.378320 ,  -50.618300 ,2023-09-18 17:22:00,Brasil,AMAPÁ,TARTARUGALZINHO,Amazônia
 1651451877 ,aea40a3a-5897-3970-a9d5-d44e4e489d02,    1.376920 ,  -50.627940 ,2023-09-18 17:22:00,Brasil,AMAPÁ,TARTARUGALZINHO,Amazônia
 1651451878 ,9db299a8-3a13-36cf-94dc-61a81fca66d9,    1.353540 ,  -50.902680 ,2023-09-18 17:22:00,Brasil,AMAPÁ,TARTARUGALZINHO,Amazônia
 1651451879 ,70067ea1-f917-3812-91a7-44238b78478d,    1.347310 ,  -50.896070 ,2023-09-18 17:22:00,Brasil,AMAPÁ,TARTARUGALZINHO,Amazônia
 1651451880 ,185442f0-bd8c-3365-8227-fd69ff7101ce,     .988740 ,  -51.590740 ,2023-09-18 17:22:00,Brasil,AMAPÁ,FERREIRA GOMES,Amazônia
 1651451881 ,fc01aab2-ae97-3140-9997-ab8f59d13a1c,     .871570 ,  -52.013340 ,2023-09-18 17:22:00,Brasil,AMAPÁ,SERRA DO NAVIO,Amazônia
 1651451882 ,ee05f725-53e3-3a36-b876-1f80ee3dca44,     .870290 ,  -52.022220 ,2023-09-18 17:22:00,Brasil,AMAPÁ,SERRA DO NAVIO,Amazônia
 1651451883 ,f33c2852-ecf9-3459-830e-84d742bd4c18,     .788900 ,  -51.181980 ,2023-09-18 17:22:00,Brasil,AMAPÁ,FERREIRA GOMES,Amazônia
 1651451884 ,5d3093ad-6101-3bad-afe1-5c340081b357,     .698260 ,  -50.662100 ,2023-09-18 17:22:00,Brasil,AMAPÁ,MACAPÁ,Amazônia
 1651451885 ,25ddf266-127a-3ef8-94e1-15b78404874d,     .688330 ,  -50.795600 ,2023-09-18 17:22:00,Brasil,AMAPÁ,ITAUBAL,Amazônia
 1651451886 ,79414780-cd0b-3578-813f-a434b37704a6,     .620820 ,  -51.713860 ,2023-09-18 17:22:00,Brasil,AMAPÁ,PORTO GRANDE,Amazônia
 1651451887 ,23e1364c-c121-3bab-a0c9-2f4c764d13f8,     .592570 ,  -51.909610 ,2023-09-18 17:22:00,Brasil,AMAPÁ,PORTO GRANDE,Amazônia
 1651451889 ,a1402075-5316-3b9a-84c3-4fbac263d5aa,     .332540 ,  -51.537880 ,2023-09-18 17:22:00,Brasil,AMAPÁ,PORTO GRANDE,Amazônia
 1651452614 ,dcd45501-e443-3f31-bf3f-c7eda9651e62,   -1.041300 ,  -52.309640 ,2023-09-18 17:22:00,Brasil,AMAPÁ,VITÓRIA DO JARI,Amazônia
 1651452618 ,de8fa4f9-872c-3cd5-bc95-249b5831d88f,    -.656690 ,  -52.072960 ,2023-09-18 17:22:00,Brasil,AMAPÁ,LARANJAL DO JARI,Amazônia
 1651452619 ,3d219729-d98c-3e64-9ae9-76304464fb26,    -.655410 ,  -52.064110 ,2023-09-18 17:22:00,Brasil,AMAPÁ,LARANJAL DO JARI,Amazônia
 1651452620 ,e3ab7378-5192-3a1c-99ec-bcd0d1e146c0,    -.555820 ,  -52.583990 ,2023-09-18 17:22:00,Brasil,AMAPÁ,LARANJAL DO JARI,Amazônia
 1651452621 ,da521b7d-c13b-39d2-8e44-956cd7696914,    -.554540 ,  -52.575050 ,2023-09-18 17:22:00,Brasil,AMAPÁ,LARANJAL DO JARI,Amazônia
 1651452622 ,2966be0f-e74a-3e00-b5ba-e58c201874f3,    -.375290 ,  -52.105640 ,2023-09-18 17:22:00,Brasil,AMAPÁ,LARANJAL DO JARI,Amazônia
 1651779046 ,bb61313f-acd5-3b6e-bc34-c4f650c1e209,    2.458870 ,  -50.919750 ,2023-09-20 17:09:00,Brasil,AMAPÁ,CALÇOENE,Amazônia
 1651779047 ,14f12df1-cfb3-3d54-8a05-c3f4808506f9,    2.006080 ,  -50.862540 ,2023-09-20 17:09:00,Brasil,AMAPÁ,AMAPÁ,Amazônia
 1651779048 ,1aed0de8-63ae-3f81-bb54-7a6c3eaab6a8,    1.468780 ,  -50.757330 ,2023-09-20 17:07:00,Brasil,AMAPÁ,TARTARUGALZINHO,Amazônia
 1651779049 ,d9e99209-6701-351e-a5a4-c00d87b8980b,    1.467330 ,  -50.767250 ,2023-09-20 17:07:00,Brasil,AMAPÁ,TARTARUGALZINHO,Amazônia
 1651779050 ,79e19961-637e-3afa-a71d-386ddbe02947,    1.459390 ,  -50.755970 ,2023-09-20 17:07:00,Brasil,AMAPÁ,TARTARUGALZINHO,Amazônia
 1651779051 ,75b7a962-6c96-3fc9-a3e0-afe88ff4a445,    1.457940 ,  -50.765870 ,2023-09-20 17:07:00,Brasil,AMAPÁ,TARTARUGALZINHO,Amazônia
 1651779052 ,4e06dba0-b9f7-3e5b-a5a1-4533dbd09c9f,    1.417670 ,  -50.974830 ,2023-09-20 17:07:00,Brasil,AMAPÁ,TARTARUGALZINHO,Amazônia
 1651779053 ,028b1a3e-2e76-36b5-ae2c-0f9f2eb196be,    1.049320 ,  -50.098900 ,2023-09-20 17:07:00,Brasil,AMAPÁ,MACAPÁ,Amazônia
 1651779054 ,632fccb7-11fd-3887-b7c3-61ecf81a49be,    1.018510 ,  -49.989320 ,2023-09-20 17:07:00,Brasil,AMAPÁ,MACAPÁ,Amazônia
 1651779055 ,ebbafc78-44bd-38cc-b4d2-3766535dd733,    1.000000 ,  -51.109780 ,2023-09-20 17:07:00,Brasil,AMAPÁ,FERREIRA GOMES,Amazônia
 1651779056 ,aa5f4f8d-b7bb-3038-9097-290dab16871d,     .997660 ,  -51.103970 ,2023-09-20 17:07:00,Brasil,AMAPÁ,FERREIRA GOMES,Amazônia
 1651779057 ,d5e5bd6d-e9c2-3db1-ab34-db32781a4cfa,     .996170 ,  -51.114360 ,2023-09-20 17:07:00,Brasil,AMAPÁ,FERREIRA GOMES,Amazônia
 1651779058 ,196ee7fa-2473-32e7-addf-2e41e8ebd5af,     .656060 ,  -50.851010 ,2023-09-20 17:07:00,Brasil,AMAPÁ,ITAUBAL,Amazônia
 1651779059 ,5b991b0c-415f-327e-a1ab-7f8ae21bf13c,     .611460 ,  -50.823720 ,2023-09-20 17:07:00,Brasil,AMAPÁ,ITAUBAL,Amazônia
 1651779060 ,8c4d2f28-d123-3681-9fde-98b7ed418cc6,     .560450 ,  -50.872110 ,2023-09-20 17:07:00,Brasil,AMAPÁ,MACAPÁ,Amazônia
 1651779061 ,7f276a35-9778-342b-bdb5-7d7cfee9bdb6,     .552390 ,  -50.860490 ,2023-09-20 17:07:00,Brasil,AMAPÁ,MACAPÁ,Amazônia
 1651779062 ,d579b2ac-3480-3811-b982-2dee83984100,     .470690 ,  -51.288460 ,2023-09-20 17:07:00,Brasil,AMAPÁ,PORTO GRANDE,Amazônia
 1651779063 ,88991b96-2cf4-310f-8d6c-689621f59f56,     .469110 ,  -51.299300 ,2023-09-20 17:07:00,Brasil,AMAPÁ,PORTO GRANDE,Amazônia
 1651779154 ,4f67b29e-004c-3807-be20-dca3da17a0db,    3.610360 ,  -51.361630 ,2023-09-20 17:09:00,Brasil,AMAPÁ,OIAPOQUE,Amazônia
 1651779155 ,15ea2a7b-cba8-3afc-ae33-8aac48accc22,    3.475230 ,  -51.460220 ,2023-09-20 17:09:00,Brasil,AMAPÁ,OIAPOQUE,Amazônia
 1651779156 ,5f35e107-6138-31fe-b9ac-80abbba6c13d,    3.393990 ,  -51.317460 ,2023-09-20 17:09:00,Brasil,AMAPÁ,OIAPOQUE,Amazônia
 1651779157 ,dcddb232-1106-3849-a495-d8c6b8b1bd5d,    3.270750 ,  -51.334870 ,2023-09-20 17:09:00,Brasil,AMAPÁ,OIAPOQUE,Amazônia
 1651779158 ,06dcdfb6-7d30-3e4c-b786-72eab1fe58b2,    2.517960 ,  -51.075760 ,2023-09-20 17:09:00,Brasil,AMAPÁ,CALÇOENE,Amazônia
 1651779159 ,8059b13a-1f15-3d05-b6a4-108b6961ac01,    2.280320 ,  -51.641440 ,2023-09-20 17:09:00,Brasil,AMAPÁ,CALÇOENE,Amazônia
 1651779160 ,ca90643c-06d1-3b33-b037-128150c48ab2,     .973230 ,  -51.912380 ,2023-09-20 17:07:00,Brasil,AMAPÁ,SERRA DO NAVIO,Amazônia
 1651779161 ,0f7eb2e7-9437-3488-968f-0591c784983b,     .971850 ,  -51.918690 ,2023-09-20 17:07:00,Brasil,AMAPÁ,SERRA DO NAVIO,Amazônia
 1651779162 ,8dd15cf4-868a-3b2b-94f4-6438c194cec8,     .678590 ,  -51.330790 ,2023-09-20 17:07:00,Brasil,AMAPÁ,FERREIRA GOMES,Amazônia
 1651779163 ,11bf133b-54d8-305f-ba27-36d7bef9c839,     .621700 ,  -51.377900 ,2023-09-20 17:07:00,Brasil,AMAPÁ,PORTO GRANDE,Amazônia
 1651984667 ,259f1e9f-326a-3eb4-8946-86ab6e851b3d,    -.448380 ,  -52.040140 ,2023-09-21 17:49:00,Brasil,AMAPÁ,MAZAGÃO,Amazônia
 1652166863 ,e53da00d-5461-3d3d-929a-65a2799b44fe,    2.193470 ,  -50.943250 ,2023-09-22 16:54:00,Brasil,AMAPÁ,CALÇOENE,Amazônia
 1652166864 ,c2b0ea7f-1dad-379f-84b3-68ccae4db38f,    2.190660 ,  -50.937690 ,2023-09-22 16:54:00,Brasil,AMAPÁ,CALÇOENE,Amazônia
 1652166865 ,dd072d95-1eac-354e-9779-e7722a264798,    2.188050 ,  -50.955360 ,2023-09-22 16:54:00,Brasil,AMAPÁ,CALÇOENE,Amazônia
 1652166866 ,0d317325-3955-395d-8c03-2de10c8a5ce1,    2.149700 ,  -50.877770 ,2023-09-22 16:54:00,Brasil,AMAPÁ,AMAPÁ,Amazônia
 1652166867 ,69d6e44e-0d3d-34b9-bc0d-2f62025a1cc5,    1.675170 ,  -50.975240 ,2023-09-22 16:54:00,Brasil,AMAPÁ,PRACUÚBA,Amazônia
 1652166868 ,dfc95ba7-d4e2-3b7a-9bb6-47137109aa04,    1.651690 ,  -51.046010 ,2023-09-22 16:54:00,Brasil,AMAPÁ,PRACUÚBA,Amazônia
 1652166869 ,5d647e2e-9130-3c08-80e2-a09568865331,    1.650480 ,  -51.040840 ,2023-09-22 16:54:00,Brasil,AMAPÁ,PRACUÚBA,Amazônia
 1652166870 ,73036e79-454a-34ab-9468-9a413d1e4aac,    1.648890 ,  -51.064330 ,2023-09-22 16:54:00,Brasil,AMAPÁ,PRACUÚBA,Amazônia
 1652166871 ,f5821090-2486-3c35-846c-c2b435e4fc1b,    1.647820 ,  -51.059190 ,2023-09-22 16:54:00,Brasil,AMAPÁ,PRACUÚBA,Amazônia
 1652166872 ,5a491698-f60f-3cf6-a72b-b235bfa9a43b,    1.639230 ,  -51.044090 ,2023-09-22 16:54:00,Brasil,AMAPÁ,PRACUÚBA,Amazônia
 1652166873 ,ab76f2fc-56c2-3be3-843e-dc132dbaed70,    1.636410 ,  -51.062420 ,2023-09-22 16:54:00,Brasil,AMAPÁ,PRACUÚBA,Amazônia
 1652166874 ,43b81afc-c6a5-3626-abdb-1e2f0a6bafa6,    1.253180 ,  -50.902230 ,2023-09-22 16:54:00,Brasil,AMAPÁ,TARTARUGALZINHO,Amazônia
 1652166875 ,4315ba0d-f6e8-3de9-a845-aa8cfdc57c5d,    1.243470 ,  -50.882280 ,2023-09-22 16:54:00,Brasil,AMAPÁ,TARTARUGALZINHO,Amazônia
 1652166876 ,1a5b6eef-4f2b-33d2-be99-b4389b80e43a,    1.240760 ,  -50.900390 ,2023-09-22 16:54:00,Brasil,AMAPÁ,TARTARUGALZINHO,Amazônia
 1652166877 ,8004091f-26dd-3755-80f4-242b8410c974,     .968880 ,  -51.224960 ,2023-09-22 16:54:00,Brasil,AMAPÁ,FERREIRA GOMES,Amazônia
 1652166878 ,1a562f05-6f4f-357a-b6cb-b245bede5760,     .968410 ,  -51.231720 ,2023-09-22 16:54:00,Brasil,AMAPÁ,TARTARUGALZINHO,Amazônia
 1652166913 ,8c0b7cd7-645a-3806-95b5-44dafb40cbe5,    3.592910 ,  -51.398250 ,2023-09-22 16:54:00,Brasil,AMAPÁ,OIAPOQUE,Amazônia
 1652166914 ,eb7a572a-8606-3ac0-9558-6a93c97f0661,    3.478550 ,  -51.276840 ,2023-09-22 16:54:00,Brasil,AMAPÁ,OIAPOQUE,Amazônia
 1652528978 ,0c8d9ba5-249e-3bd6-9a4b-bdff02c84c2c,    1.507690 ,  -50.788960 ,2023-09-23 17:34:00,Brasil,AMAPÁ,TARTARUGALZINHO,Amazônia
 1652528979 ,64cc1a59-4289-3b56-ac70-0cff14218413,     .973740 ,  -51.235860 ,2023-09-23 17:34:00,Brasil,AMAPÁ,TARTARUGALZINHO,Amazônia
 1652529071 ,ccde914d-35f9-300b-afd0-e828e896eea7,    -.348300 ,  -51.822340 ,2023-09-23 17:34:00,Brasil,AMAPÁ,MAZAGÃO,Amazônia
 1652529072 ,ec92ba7b-89ff-3f30-9ff2-881659c092be,    -.346650 ,  -51.810730 ,2023-09-23 17:34:00,Brasil,AMAPÁ,MAZAGÃO,Amazônia
 1652529073 ,58082cd9-59f7-314d-bd89-28412a0b05f0,    -.345840 ,  -51.817090 ,2023-09-23 17:34:00,Brasil,AMAPÁ,MAZAGÃO,Amazônia
 1652529074 ,59a2d342-626c-3e82-a1ed-0309ae241131,    -.345000 ,  -51.799100 ,2023-09-23 17:34:00,Brasil,AMAPÁ,MAZAGÃO,Amazônia
 1652529075 ,0ba4f7b9-e0b9-3fac-8f43-1e8d0d40fe78,    -.344110 ,  -51.805480 ,2023-09-23 17:34:00,Brasil,AMAPÁ,MAZAGÃO,Amazônia
 1652529076 ,6cbe640c-5403-3c03-b4e0-8c19d1a1cade,    -.338190 ,  -51.823820 ,2023-09-23 17:34:00,Brasil,AMAPÁ,MAZAGÃO,Amazônia
 1652529077 ,ce1f1a12-43a7-3189-ab6b-411a8c29b607,    -.336530 ,  -51.812210 ,2023-09-23 17:34:00,Brasil,AMAPÁ,MAZAGÃO,Amazônia
 1652529078 ,ac63f8b5-19f2-310f-906e-87905fae6c81,    -.334870 ,  -51.800580 ,2023-09-23 17:34:00,Brasil,AMAPÁ,MAZAGÃO,Amazônia
 1652771314 ,c9372e81-f75f-3f78-86a1-5b0c83960cd7,     .996030 ,  -51.236020 ,2023-09-24 16:39:00,Brasil,AMAPÁ,TARTARUGALZINHO,Amazônia
 1652771315 ,c310d9ce-015c-3db9-b34c-794cfd826284,     .993890 ,  -51.231580 ,2023-09-24 16:39:00,Brasil,AMAPÁ,TARTARUGALZINHO,Amazônia
 1652771317 ,fd52118f-224f-3bfa-a7ff-aef54c1a2862,     .882860 ,  -50.683250 ,2023-09-24 16:39:00,Brasil,AMAPÁ,CUTIAS,Amazônia
 1652771318 ,0469e039-7bba-31c0-9dd5-caccfe58b23c,     .877270 ,  -50.678530 ,2023-09-24 16:39:00,Brasil,AMAPÁ,CUTIAS,Amazônia
 1652771319 ,a36f6397-1db3-35bd-9e8d-e2364f880650,     .744960 ,  -50.877000 ,2023-09-24 16:39:00,Brasil,AMAPÁ,MACAPÁ,Amazônia
 1652771320 ,edca4d28-594b-30e5-8b60-bd1998406295,     .740260 ,  -50.868280 ,2023-09-24 16:39:00,Brasil,AMAPÁ,MACAPÁ,Amazônia
 1652771322 ,5902c309-213e-35ea-ac64-36610c39e060,     .575230 ,  -50.869530 ,2023-09-24 16:39:00,Brasil,AMAPÁ,MACAPÁ,Amazônia
 1652771323 ,d90915c3-c2fc-3744-8057-cfcdc8f88386,     .562970 ,  -50.875630 ,2023-09-24 16:39:00,Brasil,AMAPÁ,MACAPÁ,Amazônia
 1652771324 ,10480097-3d87-34b2-81d6-1c5c441c4989,     .558440 ,  -50.867070 ,2023-09-24 16:39:00,Brasil,AMAPÁ,MACAPÁ,Amazônia
 1652771325 ,06d229d6-a08a-3047-a61e-9b6ae9bbffb6,     .502440 ,  -50.896360 ,2023-09-24 16:39:00,Brasil,AMAPÁ,MACAPÁ,Amazônia
 1652771326 ,fedcf009-090f-3526-b06a-ae67b6ac5865,     .498780 ,  -50.891840 ,2023-09-24 16:39:00,Brasil,AMAPÁ,MACAPÁ,Amazônia
 1652771480 ,ca69a98a-5be2-30aa-bb5d-7732756711b2,    2.425400 ,  -50.949920 ,2023-09-24 16:39:00,Brasil,AMAPÁ,CALÇOENE,Amazônia
 1652771481 ,5b232a42-4ce6-315e-a14d-9d82cfa77b38,     .990060 ,  -51.274350 ,2023-09-24 16:39:00,Brasil,AMAPÁ,TARTARUGALZINHO,Amazônia
 1652771482 ,60145a9b-5e4d-31ee-92ff-aaf6366fb253,     .988180 ,  -51.269910 ,2023-09-24 16:39:00,Brasil,AMAPÁ,TARTARUGALZINHO,Amazônia
 1652969002 ,ffb9eeaf-1b4c-3f1d-aa34-b7f1b4430e7a,    2.350580 ,  -50.759300 ,2023-09-25 17:20:00,Brasil,AMAPÁ,CALÇOENE,Amazônia
 1652969003 ,e0cd30ab-078f-38c1-ae8d-00ab704ffb42,    2.331110 ,  -50.765890 ,2023-09-25 17:20:00,Brasil,AMAPÁ,CALÇOENE,Amazônia
 1652969004 ,58763922-a65e-3cce-b90d-a528c4ee577c,    2.329790 ,  -50.775090 ,2023-09-25 17:20:00,Brasil,AMAPÁ,CALÇOENE,Amazônia
 1652969005 ,28f05852-bd0b-36cd-86e0-2e834c0aa47b,    2.302590 ,  -50.771160 ,2023-09-25 17:20:00,Brasil,AMAPÁ,CALÇOENE,Amazônia
 1652969006 ,718b0cfd-f90c-35be-b63d-6f930776565d,    1.120210 ,  -50.854420 ,2023-09-25 17:20:00,Brasil,AMAPÁ,TARTARUGALZINHO,Amazônia
 1652969007 ,125b8bbc-6320-3f90-8c7d-4a674ae9f5c7,     .992290 ,  -51.232580 ,2023-09-25 17:20:00,Brasil,AMAPÁ,TARTARUGALZINHO,Amazônia
 1652969008 ,c7577ac0-cb47-3b3d-9072-5d89ff655884,     .980790 ,  -51.249080 ,2023-09-25 17:20:00,Brasil,AMAPÁ,TARTARUGALZINHO,Amazônia
 1652969009 ,d5abacdd-77fd-3a48-a3e5-3294e72f145b,     .938580 ,  -50.962750 ,2023-09-25 17:20:00,Brasil,AMAPÁ,FERREIRA GOMES,Amazônia
 1652969010 ,ecb29663-5265-3e13-9f53-b1ccdb662701,     .937280 ,  -50.971710 ,2023-09-25 17:20:00,Brasil,AMAPÁ,FERREIRA GOMES,Amazônia
 1652969011 ,86824ece-c41b-3028-8ecb-1fac286ee065,     .829770 ,  -50.637050 ,2023-09-25 17:20:00,Brasil,AMAPÁ,MACAPÁ,Amazônia
 1652969012 ,06ff1768-4a3b-3580-a543-9b612a86d132,     .828460 ,  -50.646150 ,2023-09-25 17:20:00,Brasil,AMAPÁ,MACAPÁ,Amazônia
 1652969013 ,daa56dd9-a1c3-3da1-8add-8dff520e33b0,     .800390 ,  -50.644800 ,2023-09-25 17:20:00,Brasil,AMAPÁ,MACAPÁ,Amazônia
 1652969014 ,7771e27a-5460-3e89-aada-b175b533da6d,     .753990 ,  -50.647360 ,2023-09-25 17:20:00,Brasil,AMAPÁ,MACAPÁ,Amazônia
 1652969015 ,09b88f52-2550-35f4-b2c5-12e020a7af04,    1.924340 ,  -50.581690 ,2023-09-25 17:20:00,Brasil,AMAPÁ,AMAPÁ,Amazônia
 1652969016 ,94fb12e7-f1a4-3329-8527-896f81faf4d1,    1.922990 ,  -50.590950 ,2023-09-25 17:20:00,Brasil,AMAPÁ,AMAPÁ,Amazônia
 1652969017 ,3fee9c5e-0abc-3c7c-b490-403eb0b706f5,    1.837870 ,  -50.610570 ,2023-09-25 17:20:00,Brasil,AMAPÁ,AMAPÁ,Amazônia
 1652969018 ,5fa7324a-8af1-3711-9e25-3ab8076c4313,    1.810980 ,  -50.855730 ,2023-09-25 17:20:00,Brasil,AMAPÁ,PRACUÚBA,Amazônia
 1652969019 ,19cb62ab-7228-32c6-b697-7d1b7e3ca224,    1.795570 ,  -50.838440 ,2023-09-25 17:20:00,Brasil,AMAPÁ,PRACUÚBA,Amazônia
 1652969020 ,28f5289c-81e1-331d-8f30-5ff58fa50f37,    1.691360 ,  -50.853840 ,2023-09-25 17:20:00,Brasil,AMAPÁ,PRACUÚBA,Amazônia
 1652969021 ,baa2369f-827f-3cc4-a9fe-f723151a6e0e,    1.682340 ,  -50.852540 ,2023-09-25 17:20:00,Brasil,AMAPÁ,PRACUÚBA,Amazônia
 1652969022 ,dc8c906a-dd14-306f-b064-354cef9bb0f2,    -.065550 ,  -51.409390 ,2023-09-25 17:20:00,Brasil,AMAPÁ,MAZAGÃO,Amazônia
 1652969023 ,0c1a4975-f745-3911-8bde-6f67a3c3cd87,     .728160 ,  -50.699200 ,2023-09-25 17:20:00,Brasil,AMAPÁ,MACAPÁ,Amazônia
 1652969024 ,0080e9c8-7b7f-3ebe-aa64-7ec0b239095a,     .726860 ,  -50.708250 ,2023-09-25 17:20:00,Brasil,AMAPÁ,MACAPÁ,Amazônia
 1652969025 ,b024cae6-9765-3929-8b9e-8ce82a4602de,     .677830 ,  -50.732400 ,2023-09-25 17:20:00,Brasil,AMAPÁ,MACAPÁ,Amazônia
 1652969026 ,c81f10a6-852f-3d57-9a0c-c8bdd0a6fe9b,     .676520 ,  -50.741430 ,2023-09-25 17:20:00,Brasil,AMAPÁ,MACAPÁ,Amazônia
 1652969027 ,e37acf54-c679-3e6d-a589-b89faa940cf0,     .595440 ,  -50.986500 ,2023-09-25 17:20:00,Brasil,AMAPÁ,MACAPÁ,Amazônia
 1652969028 ,1c609289-ee63-383b-a68d-84c5d50a3207,     .577330 ,  -51.301920 ,2023-09-25 17:20:00,Brasil,AMAPÁ,PORTO GRANDE,Amazônia
 1652969029 ,3e5bd364-1def-3778-9e3e-794432b86488,     .568420 ,  -51.300630 ,2023-09-25 17:20:00,Brasil,AMAPÁ,PORTO GRANDE,Amazônia
 1652969030 ,55163bdd-f35b-31bd-9189-c201387f3972,     .527210 ,  -50.753490 ,2023-09-25 17:20:00,Brasil,AMAPÁ,ITAUBAL,Amazônia
 1652969031 ,6ae4e86a-ccc2-3175-81d6-0a99b67f4ade,     .498660 ,  -50.887040 ,2023-09-25 17:20:00,Brasil,AMAPÁ,MACAPÁ,Amazônia
 1652969032 ,9ee0f66e-21d5-39b8-9e73-fe58c25e72b6,     .497360 ,  -50.896000 ,2023-09-25 17:20:00,Brasil,AMAPÁ,MACAPÁ,Amazônia
 1652969033 ,44239812-3aab-352c-9cc8-e9d45ebc6510,     .464020 ,  -50.936870 ,2023-09-25 17:20:00,Brasil,AMAPÁ,MACAPÁ,Amazônia
 1652969034 ,8d153a10-25af-3d05-942f-6666873365e5,     .462720 ,  -50.945820 ,2023-09-25 17:20:00,Brasil,AMAPÁ,MACAPÁ,Amazônia
 1652969035 ,479cbd7f-bdea-3b34-98ae-3422d703a4ec,     .417980 ,  -50.939320 ,2023-09-25 17:20:00,Brasil,AMAPÁ,MACAPÁ,Amazônia
 1652969036 ,31031207-33c8-3b22-958a-1987fa7a5f6d,     .409890 ,  -50.922470 ,2023-09-25 17:20:00,Brasil,AMAPÁ,MACAPÁ,Amazônia
 1652969037 ,f726ca0d-abd0-3c5f-92da-aa325b271787,     .408590 ,  -50.931420 ,2023-09-25 17:20:00,Brasil,AMAPÁ,MACAPÁ,Amazônia
 1652969038 ,5169a1b3-5d84-3849-82f6-f7a56a94dc14,     .407300 ,  -50.940360 ,2023-09-25 17:20:00,Brasil,AMAPÁ,MACAPÁ,Amazônia
 1652969039 ,44ca7c8b-e5c3-300c-a26e-63f3db9ee58f,     .395760 ,  -50.956940 ,2023-09-25 17:20:00,Brasil,AMAPÁ,MACAPÁ,Amazônia
 1652969040 ,f546d8d5-eed1-30c4-a6ac-680860ceb119,     .384120 ,  -51.037250 ,2023-09-25 17:20:00,Brasil,AMAPÁ,MACAPÁ,Amazônia
 1652969041 ,dc685b32-a5e6-3fe7-adbe-8261f2c5426c,     .382830 ,  -51.046160 ,2023-09-25 17:20:00,Brasil,AMAPÁ,MACAPÁ,Amazônia
 1652969042 ,a199407d-ed4c-342d-aec2-46eeaee5607c,     .373900 ,  -51.044860 ,2023-09-25 17:20:00,Brasil,AMAPÁ,MACAPÁ,Amazônia
 1652969043 ,2abfe3cb-f306-3b59-b6a5-3bfea5ba303b,     .372610 ,  -51.053780 ,2023-09-25 17:20:00,Brasil,AMAPÁ,MACAPÁ,Amazônia
 1652969044 ,4d7d8bce-c809-30f0-827b-3eda66e27e4a,     .371320 ,  -51.062680 ,2023-09-25 17:20:00,Brasil,AMAPÁ,MACAPÁ,Amazônia
 1652969045 ,761ac2fd-a2a3-364c-8904-1b9154634b5b,     .218630 ,  -51.107440 ,2023-09-25 17:20:00,Brasil,AMAPÁ,MACAPÁ,Amazônia
 1652969046 ,0c0770d4-b65e-3a7c-856f-f41c8cfbb861,     .137500 ,  -51.279330 ,2023-09-25 17:20:00,Brasil,AMAPÁ,SANTANA,Amazônia
 1652969047 ,78050098-d3a3-3f32-b864-1d298d636ee5,     .136220 ,  -51.288190 ,2023-09-25 17:20:00,Brasil,AMAPÁ,SANTANA,Amazônia
 1652969213 ,8d833137-50a9-3ee7-988b-7013bb2c56f6,    3.894190 ,  -51.746410 ,2023-09-25 17:22:00,Brasil,AMAPÁ,OIAPOQUE,Amazônia
 1652969214 ,d44557b7-47ac-363e-8488-547628fac0fe,    3.556870 ,  -51.401310 ,2023-09-25 17:20:00,Brasil,AMAPÁ,OIAPOQUE,Amazônia
 1652969215 ,6498447e-e1a7-334f-8c65-554fbe1c4e9a,    3.555570 ,  -51.410340 ,2023-09-25 17:20:00,Brasil,AMAPÁ,OIAPOQUE,Amazônia
 1652969216 ,53a17ff5-ad56-3171-b9c0-22ad5c438570,    3.376950 ,  -51.307530 ,2023-09-25 17:20:00,Brasil,AMAPÁ,OIAPOQUE,Amazônia
 1652969217 ,f7da8a9d-5d05-3bcb-8118-e07b6a0332f7,    3.168610 ,  -51.283730 ,2023-09-25 17:20:00,Brasil,AMAPÁ,OIAPOQUE,Amazônia
 1652969218 ,f5a3efdc-ebe6-312a-a23b-247bd218dbf9,    2.469330 ,  -51.022270 ,2023-09-25 17:20:00,Brasil,AMAPÁ,CALÇOENE,Amazônia
 1652969219 ,444699f2-e4c3-3357-b9c4-21f773e08b14,    2.345180 ,  -51.556780 ,2023-09-25 17:20:00,Brasil,AMAPÁ,CALÇOENE,Amazônia
 1652969220 ,61db7f3a-30dd-396f-b313-e5c99a995ae4,    2.331200 ,  -51.527500 ,2023-09-25 17:20:00,Brasil,AMAPÁ,CALÇOENE,Amazônia
 1652969221 ,0482b7c7-31b8-3744-99a9-8a194fbcac18,     .979510 ,  -51.257970 ,2023-09-25 17:20:00,Brasil,AMAPÁ,TARTARUGALZINHO,Amazônia
 1652969222 ,4f70f717-e4b6-3666-b0f7-f10824822ece,     .726680 ,  -51.480590 ,2023-09-25 17:20:00,Brasil,AMAPÁ,PORTO GRANDE,Amazônia
 1652969223 ,14b14251-10d4-3c73-ba9a-dc114299bdc2,    -.599510 ,  -52.174740 ,2023-09-25 17:20:00,Brasil,AMAPÁ,LARANJAL DO JARI,Amazônia
 1652969224 ,73fec598-6b59-3d78-bc2e-fc105797e9a0,    -.598210 ,  -52.165720 ,2023-09-25 17:20:00,Brasil,AMAPÁ,LARANJAL DO JARI,Amazônia
 1652969225 ,2f86af5d-014e-3311-aa5b-b4dc70c89875,    -.204160 ,  -51.546170 ,2023-09-25 17:20:00,Brasil,AMAPÁ,MAZAGÃO,Amazônia
 1652969226 ,7bbc8120-4ae5-31e4-9b85-0f6c7324ec59,    -.187790 ,  -51.747630 ,2023-09-25 17:20:00,Brasil,AMAPÁ,MAZAGÃO,Amazônia
 1652969227 ,e8a04416-c991-3f60-909c-8fe2863c858d,    -.186500 ,  -51.738750 ,2023-09-25 17:20:00,Brasil,AMAPÁ,MAZAGÃO,Amazônia
 1652969228 ,b4925b23-a211-3992-becd-47a51e9d80a4,     .593180 ,  -51.888520 ,2023-09-25 17:20:00,Brasil,AMAPÁ,PORTO GRANDE,Amazônia
 1652969233 ,e4ce371b-8a02-31cf-9c77-c4760587cfc5,   -1.104830 ,  -52.162960 ,2023-09-25 17:20:00,Brasil,AMAPÁ,VITÓRIA DO JARI,Amazônia
 1652969234 ,5f54a8c7-1724-3769-a573-5489dcd33bb6,    -.980680 ,  -52.323280 ,2023-09-25 17:20:00,Brasil,AMAPÁ,VITÓRIA DO JARI,Amazônia
 1653341009 ,92d2b265-799e-3b28-8ff0-30d3e8124675,    1.923810 ,  -50.580650 ,2023-09-27 17:05:00,Brasil,AMAPÁ,AMAPÁ,Amazônia
 1653341010 ,7b86d3cb-7e7f-314a-80d4-eaf570662432,    1.922270 ,  -50.591000 ,2023-09-27 17:05:00,Brasil,AMAPÁ,AMAPÁ,Amazônia
 1653341011 ,32beeaf1-e109-34d6-899d-68a83760e35d,     .983820 ,  -51.194780 ,2023-09-27 17:05:00,Brasil,AMAPÁ,FERREIRA GOMES,Amazônia
 1653341012 ,31701806-7e3e-34f0-82f5-900048b667ff,     .982720 ,  -51.201150 ,2023-09-27 17:05:00,Brasil,AMAPÁ,FERREIRA GOMES,Amazônia
 1653341013 ,81756dbe-2915-36f1-a4b4-ccd6e0215b8f,     .982160 ,  -51.206350 ,2023-09-27 17:05:00,Brasil,AMAPÁ,FERREIRA GOMES,Amazônia
 1653341014 ,bca47391-f197-3f90-b2a6-8ee917afdf02,     .818770 ,  -50.713390 ,2023-09-27 17:05:00,Brasil,AMAPÁ,CUTIAS,Amazônia
 1653341015 ,22e2413c-f8c6-3627-9187-928611a8c08b,     .800980 ,  -50.766290 ,2023-09-27 17:05:00,Brasil,AMAPÁ,MACAPÁ,Amazônia
 1653341016 ,537da6b1-675d-3271-9141-53bc16cde24c,     .251450 ,  -51.098680 ,2023-09-27 17:05:00,Brasil,AMAPÁ,MACAPÁ,Amazônia
 1653341110 ,dfeac9ff-e0f1-35ed-af48-f124629b67a8,     .568180 ,  -51.579900 ,2023-09-27 17:05:00,Brasil,AMAPÁ,PORTO GRANDE,Amazônia
 1653341111 ,1f0a7cbe-d9ca-34b7-8138-1041f5e11547,     .433230 ,  -51.535840 ,2023-09-27 17:05:00,Brasil,AMAPÁ,PORTO GRANDE,Amazônia
 1653341112 ,c77f5dfa-30f7-3b9e-883e-5c4b95239a46,     .194890 ,  -51.759860 ,2023-09-27 17:05:00,Brasil,AMAPÁ,MAZAGÃO,Amazônia
 1653341113 ,a8dc0f4c-ba42-3e19-a4f5-421628ce5f08,     .023630 ,  -51.528260 ,2023-09-27 17:05:00,Brasil,AMAPÁ,MAZAGÃO,Amazônia
 1653341114 ,9e327092-9855-3d6e-a199-0e2853a8ab63,    -.667640 ,  -52.307750 ,2023-09-27 17:05:00,Brasil,AMAPÁ,LARANJAL DO JARI,Amazônia
 1653341115 ,56ec5d0c-a23f-3b7a-a8a9-581764708712,    -.466740 ,  -52.187180 ,2023-09-27 17:05:00,Brasil,AMAPÁ,LARANJAL DO JARI,Amazônia
 1653503991 ,17e55d83-7e46-31b6-9905-51997e5840ed,    3.985910 ,  -51.683590 ,2023-09-28 17:47:00,Brasil,AMAPÁ,OIAPOQUE,Amazônia
 1653503992 ,b071ee7f-afd4-3aee-95b5-ac0a79e227bf,    3.981950 ,  -51.678010 ,2023-09-28 17:47:00,Brasil,AMAPÁ,OIAPOQUE,Amazônia
 1653504003 ,96971bc4-c2e1-397f-9260-2838eaa8fa2c,    2.504500 ,  -50.971620 ,2023-09-28 17:47:00,Brasil,AMAPÁ,CALÇOENE,Amazônia
 1653504004 ,942c618b-2e2c-380d-9d9f-788ac28d2e30,    2.497810 ,  -50.988880 ,2023-09-28 17:47:00,Brasil,AMAPÁ,CALÇOENE,Amazônia
 1653504008 ,d9859bd6-72b6-3930-b159-207a9c0e40e3,    2.193300 ,  -50.902770 ,2023-09-28 17:47:00,Brasil,AMAPÁ,CALÇOENE,Amazônia
 1653504009 ,ebcfe881-dfe6-3dae-82a0-4d281efd88a7,    2.178880 ,  -50.900720 ,2023-09-28 17:47:00,Brasil,AMAPÁ,CALÇOENE,Amazônia
 1653504026 ,cbb46c90-f45f-3605-9278-927347b03da7,    1.119170 ,  -50.751680 ,2023-09-28 17:47:00,Brasil,AMAPÁ,TARTARUGALZINHO,Amazônia
 1653504043 ,0466bafa-f4c8-35b0-81f5-0c064ff4eb7d,     .417070 ,  -50.850300 ,2023-09-28 17:47:00,Brasil,AMAPÁ,MACAPÁ,Amazônia
 1653504044 ,e6efc9ca-1825-35f4-8783-ecff16ee725a,     .285800 ,  -51.109820 ,2023-09-28 17:47:00,Brasil,AMAPÁ,MACAPÁ,Amazônia
 1653504045 ,cf7ba4cb-ceab-3585-907b-ddf1b44ba27d,     .251270 ,  -51.058220 ,2023-09-28 17:47:00,Brasil,AMAPÁ,MACAPÁ,Amazônia
 1653504046 ,aeea7928-ced5-3aa6-b935-64febe6cef46,     .247940 ,  -51.081160 ,2023-09-28 17:47:00,Brasil,AMAPÁ,MACAPÁ,Amazônia
 1653504047 ,a6a83699-f3e5-3e02-956b-db2be8455464,     .237500 ,  -51.056240 ,2023-09-28 17:47:00,Brasil,AMAPÁ,MACAPÁ,Amazônia
 1653504304 ,e769f05e-c9d2-313d-b165-183117db8114,    -.393620 ,  -51.993330 ,2023-09-28 17:47:00,Brasil,AMAPÁ,MAZAGÃO,Amazônia
 1653504305 ,f1beaeb6-ccc8-34ae-a4c6-1836a1c30112,    -.382300 ,  -51.987840 ,2023-09-28 17:47:00,Brasil,AMAPÁ,MAZAGÃO,Amazônia
 1653617582 ,115ee727-962a-3e38-bc10-2014bf46bf19,    2.293820 ,  -50.849770 ,2023-09-29 16:52:00,Brasil,AMAPÁ,CALÇOENE,Amazônia
 1653617583 ,9a42665e-63ab-3eb2-802d-b77b88135a52,    1.301240 ,  -50.921220 ,2023-09-29 16:50:00,Brasil,AMAPÁ,TARTARUGALZINHO,Amazônia
 1653617584 ,93bb71b5-8426-3846-9f5c-463895a26b65,    1.298420 ,  -50.927800 ,2023-09-29 16:50:00,Brasil,AMAPÁ,TARTARUGALZINHO,Amazônia
 1653617585 ,11d6fec2-d444-3b62-b103-4e806b75a44a,    1.288450 ,  -50.905420 ,2023-09-29 16:50:00,Brasil,AMAPÁ,TARTARUGALZINHO,Amazônia
 1653617586 ,ee9c034b-8ecd-30fe-8848-893cf48fb33e,    1.288090 ,  -50.919320 ,2023-09-29 16:50:00,Brasil,AMAPÁ,TARTARUGALZINHO,Amazônia
 1653617587 ,06e1e5ab-025a-32bd-aec1-efd0c0a1b634,    1.285270 ,  -50.925900 ,2023-09-29 16:50:00,Brasil,AMAPÁ,TARTARUGALZINHO,Amazônia
 1653617588 ,3b5c2f4b-1360-37dd-af3e-7e9ea2b2cc3b,    1.102460 ,  -50.754760 ,2023-09-29 16:50:00,Brasil,AMAPÁ,TARTARUGALZINHO,Amazônia
 1653617651 ,74939f6a-254e-3105-b4c3-56b0dfd4e193,    3.857670 ,  -51.749890 ,2023-09-29 16:52:00,Brasil,AMAPÁ,OIAPOQUE,Amazônia
 1653617652 ,d5760554-458e-385b-90e9-3c315349c89d,    3.854270 ,  -51.771470 ,2023-09-29 16:52:00,Brasil,AMAPÁ,OIAPOQUE,Amazônia
 1653617653 ,9086a511-5df0-3d82-9ab8-d61d173b812e,    3.836460 ,  -51.741460 ,2023-09-29 16:52:00,Brasil,AMAPÁ,OIAPOQUE,Amazônia
 1653617654 ,b394fdbe-d61b-33ad-a31e-a61204ca9fcc,    3.354940 ,  -51.287750 ,2023-09-29 16:52:00,Brasil,AMAPÁ,OIAPOQUE,Amazônia
 1653617655 ,05537547-22a0-3a5a-9185-58f2781756ba,    3.352010 ,  -51.292290 ,2023-09-29 16:52:00,Brasil,AMAPÁ,OIAPOQUE,Amazônia
 1653617656 ,a96c8782-fe3a-3c7a-b4be-8ab1ccd7b744,    3.309600 ,  -51.322300 ,2023-09-29 16:52:00,Brasil,AMAPÁ,OIAPOQUE,Amazônia
 1653617657 ,218d74c7-80d7-36a6-a7c6-388e261eb708,    2.360880 ,  -51.440110 ,2023-09-29 16:52:00,Brasil,AMAPÁ,CALÇOENE,Amazônia
 1653617658 ,04f5029a-da7a-320f-b119-2b4fd48a69e7,    1.135550 ,  -52.372310 ,2023-09-29 16:52:00,Brasil,AMAPÁ,PEDRA BRANCA DO AMAPARI,Amazônia
 1653617659 ,8e246b1a-f682-3ea7-bc69-82795329b67e,    1.131500 ,  -52.399270 ,2023-09-29 16:52:00,Brasil,AMAPÁ,PEDRA BRANCA DO AMAPARI,Amazônia
 1653617660 ,5550d1a7-8325-38b5-b59a-cc1a9278174d,    1.120790 ,  -52.369870 ,2023-09-29 16:52:00,Brasil,AMAPÁ,PEDRA BRANCA DO AMAPARI,Amazônia
 1653617661 ,dc8c2526-1dc6-3e3e-af47-90d8476f8f65,    1.116660 ,  -52.397110 ,2023-09-29 16:52:00,Brasil,AMAPÁ,PEDRA BRANCA DO AMAPARI,Amazônia
 1653617662 ,55f45c76-4cab-36e5-99c2-8f82e01f1e51,     .934760 ,  -52.193240 ,2023-09-29 16:50:00,Brasil,AMAPÁ,PEDRA BRANCA DO AMAPARI,Amazônia
 1653617663 ,50b04d7a-b8c7-36af-ba1d-4c16afb5f1a6,     .933690 ,  -52.185920 ,2023-09-29 16:50:00,Brasil,AMAPÁ,PEDRA BRANCA DO AMAPARI,Amazônia
 1653617664 ,0efb13d0-7153-30e0-8387-f46024a94f5f,     .930710 ,  -52.219600 ,2023-09-29 16:50:00,Brasil,AMAPÁ,PEDRA BRANCA DO AMAPARI,Amazônia
 1653617665 ,39076041-dfb6-380d-9883-638f1a2ee01a,     .929830 ,  -52.212310 ,2023-09-29 16:50:00,Brasil,AMAPÁ,PEDRA BRANCA DO AMAPARI,Amazônia
 1653617666 ,7b599342-daa7-3b0c-b13e-f3a8545bbbf2,    -.380270 ,  -52.018860 ,2023-09-29 16:50:00,Brasil,AMAPÁ,MAZAGÃO,Amazônia
 1653617667 ,8ad71059-516e-3589-b1ad-9dcd015fbbe2,    -.376300 ,  -51.992020 ,2023-09-29 16:50:00,Brasil,AMAPÁ,MAZAGÃO,Amazônia
 1653749711 ,e46d43aa-cde6-3bec-ad27-d3285e236b19,    2.209670 ,  -50.875380 ,2023-09-30 17:32:00,Brasil,AMAPÁ,CALÇOENE,Amazônia
 1653749712 ,ab26d170-df42-35fc-a0b9-9d64ad8777b5,    2.206900 ,  -50.869310 ,2023-09-30 17:32:00,Brasil,AMAPÁ,CALÇOENE,Amazônia
 1653749713 ,5abb4aed-40a0-3476-82c3-e7b7a3d75854,    2.204980 ,  -50.882430 ,2023-09-30 17:32:00,Brasil,AMAPÁ,CALÇOENE,Amazônia
 1653749714 ,cb2bd32d-0608-3d0c-ba5c-1212e6e2dbb5,    1.715160 ,  -51.080950 ,2023-09-30 17:32:00,Brasil,AMAPÁ,PRACUÚBA,Amazônia
 1653749715 ,90da9226-dd19-3b6a-aabf-ebf8ce593488,    1.297670 ,  -50.906350 ,2023-09-30 17:32:00,Brasil,AMAPÁ,TARTARUGALZINHO,Amazônia
 1653749716 ,8c03d7ed-43f2-31ec-8cbd-100690211206,    1.294080 ,  -50.931660 ,2023-09-30 17:32:00,Brasil,AMAPÁ,TARTARUGALZINHO,Amazônia
 1653749717 ,5368e8ba-f7f7-393b-93e7-a887a477ed81,    1.292300 ,  -50.944260 ,2023-09-30 17:32:00,Brasil,AMAPÁ,TARTARUGALZINHO,Amazônia
 1653749718 ,8b05692c-acfa-3a6c-9c97-e6eb2e4e9e7b,    1.283570 ,  -50.930130 ,2023-09-30 17:32:00,Brasil,AMAPÁ,TARTARUGALZINHO,Amazônia
 1653749719 ,ad0840ce-b1d6-3512-a7ba-c21fe03c2462,    1.281790 ,  -50.942750 ,2023-09-30 17:32:00,Brasil,AMAPÁ,TARTARUGALZINHO,Amazônia
 1653749720 ,b305ff1a-0b94-3370-881a-484b99f66691,    1.280020 ,  -50.955340 ,2023-09-30 17:32:00,Brasil,AMAPÁ,TARTARUGALZINHO,Amazônia
 1653749721 ,036b3e1f-4906-3338-a11f-3c7c67622a13,    1.275490 ,  -50.949020 ,2023-09-30 17:32:00,Brasil,AMAPÁ,TARTARUGALZINHO,Amazônia
 1653749722 ,54a9cf6e-dd5d-3568-8b89-7c04d6909356,    1.273640 ,  -50.961560 ,2023-09-30 17:32:00,Brasil,AMAPÁ,TARTARUGALZINHO,Amazônia
 1653749723 ,7b75b61c-e4bb-3043-ba79-8eb8478c6246,     .461680 ,  -50.774840 ,2023-09-30 17:32:00,Brasil,AMAPÁ,MACAPÁ,Amazônia
 1653749724 ,bc9f380f-94fc-3b0e-88af-8c6a28b21116,     .391170 ,  -50.966550 ,2023-09-30 17:32:00,Brasil,AMAPÁ,MACAPÁ,Amazônia
 1653749850 ,53e2a504-73b0-370f-a2b2-89c51cb14ecb,    3.369460 ,  -51.280450 ,2023-09-30 17:34:00,Brasil,AMAPÁ,OIAPOQUE,Amazônia
 1653749851 ,1173a785-b852-3c0e-bfb9-f407146a17ec,    3.358880 ,  -51.278950 ,2023-09-30 17:34:00,Brasil,AMAPÁ,OIAPOQUE,Amazônia
 1653749852 ,4da9651f-e068-35e5-bc3a-25ae6af692dc,    -.365830 ,  -51.955750 ,2023-09-30 17:32:00,Brasil,AMAPÁ,MAZAGÃO,Amazônia
 1653749853 ,0ed21e44-9344-376f-aff7-2f120ff0fc45,    -.364310 ,  -51.945370 ,2023-09-30 17:32:00,Brasil,AMAPÁ,MAZAGÃO,Amazônia
 1653749854 ,e1b58580-0035-3825-a0a2-5f70001fc07c,    -.362320 ,  -51.998500 ,2023-09-30 17:32:00,Brasil,AMAPÁ,MAZAGÃO,Amazônia
 1653749855 ,79b93634-00cb-360a-afac-b13e554a8a28,    -.360810 ,  -51.988200 ,2023-09-30 17:32:00,Brasil,AMAPÁ,MAZAGÃO,Amazônia
 1653749856 ,8e0c2536-e438-3c9a-a5d4-7055248a6b1f,    -.359730 ,  -51.914170 ,2023-09-30 17:32:00,Brasil,AMAPÁ,MAZAGÃO,Amazônia
 1653749857 ,8af56b6d-92c1-3aae-92ff-8e059cd14457,    -.356230 ,  -51.957130 ,2023-09-30 17:32:00,Brasil,AMAPÁ,MAZAGÃO,Amazônia
 1653749858 ,b701ef9d-e658-327f-9298-c375ac0a7d0c,    -.354710 ,  -51.946810 ,2023-09-30 17:32:00,Brasil,AMAPÁ,MAZAGÃO,Amazônia
 1653749859 ,d648a868-61a0-3a5f-8f77-965014011c55,    -.353190 ,  -51.936420 ,2023-09-30 17:32:00,Brasil,AMAPÁ,MAZAGÃO,Amazônia
 1653749860 ,741b9b32-e683-3bd1-ac4a-8390be0d0f34,    -.348580 ,  -51.905120 ,2023-09-30 17:32:00,Brasil,AMAPÁ,MAZAGÃO,Amazônia
 1653749861 ,47293ef7-e09c-33df-8f83-4a98119a2bce,    -.083390 ,  -51.635110 ,2023-09-30 17:32:00,Brasil,AMAPÁ,MAZAGÃO,Amazônia
 1653749869 ,cc89632c-6e2c-3694-8369-381ab0ec0124,    -.937060 ,  -51.950710 ,2023-09-30 17:32:00,Brasil,AMAPÁ,VITÓRIA DO JARI,Amazônia
 1653749870 ,41ee2f0c-c432-3cfd-bd60-b678ee12fd9a,    -.856430 ,  -51.957710 ,2023-09-30 17:32:00,Brasil,AMAPÁ,LARANJAL DO JARI,Amazônia
 1653749871 ,47b0ef0a-e3ea-363f-a647-1a5df22c5e4b,    -.854950 ,  -51.947480 ,2023-09-30 17:32:00,Brasil,AMAPÁ,MAZAGÃO,Amazônia
 1642124263 ,fc52cb12-4b9e-35cb-8307-1c7e2adeadc2,     .639360 ,  -51.249860 ,2023-08-04 17:07:00,Brasil,AMAPÁ,FERREIRA GOMES,Amazônia
 1642124402 ,06ebaa6a-58f9-3056-a79b-6c293206ce27,    -.907620 ,  -51.910170 ,2023-08-04 17:05:00,Brasil,AMAPÁ,VITÓRIA DO JARI,Amazônia
 1642124403 ,4cc496f4-5964-3b3f-830b-a8cbfdd4c628,    -.905890 ,  -51.898020 ,2023-08-04 17:05:00,Brasil,AMAPÁ,VITÓRIA DO JARI,Amazônia
 1642667332 ,982afb1b-92e2-37bd-8ccd-2b14f47b30ca,    -.413800 ,  -51.733290 ,2023-08-07 17:32:00,Brasil,AMAPÁ,MAZAGÃO,Amazônia
 1642667333 ,bba72214-def1-3f26-a972-68f5e5aa616f,    -.405270 ,  -51.746810 ,2023-08-07 17:32:00,Brasil,AMAPÁ,MAZAGÃO,Amazônia
 1643209830 ,431f1855-11b2-3fe3-8bd8-d6ac0ec69bd0,    2.546040 ,  -51.029230 ,2023-08-09 17:20:00,Brasil,AMAPÁ,CALÇOENE,Amazônia
 1643209833 ,18b9c705-ebc9-3ad2-890c-0d6ff84fe0fd,    1.188330 ,  -51.176770 ,2023-08-09 17:20:00,Brasil,AMAPÁ,TARTARUGALZINHO,Amazônia
 1643606828 ,b00914dd-8b74-3199-98e3-fdda49b42176,    2.392040 ,  -50.898730 ,2023-08-11 17:05:00,Brasil,AMAPÁ,CALÇOENE,Amazônia
 1643980133 ,d28a73f7-15d5-3cbd-be34-af644bf4ed0e,    -.040480 ,  -51.174580 ,2023-08-13 16:50:00,Brasil,AMAPÁ,SANTANA,Amazônia
 1644241350 ,db83f9be-9565-3cb4-acc1-978350db12c8,    -.661850 ,  -52.301430 ,2023-08-14 17:32:00,Brasil,AMAPÁ,LARANJAL DO JARI,Amazônia
 1644627891 ,a46a0e69-90b6-3080-8f9a-3e853180294e,    -.694470 ,  -52.279150 ,2023-08-16 17:17:00,Brasil,AMAPÁ,LARANJAL DO JARI,Amazônia
 1644627892 ,9f9b851b-615c-330b-ad92-8f1d3bb2aaa2,    -.693140 ,  -52.269910 ,2023-08-16 17:17:00,Brasil,AMAPÁ,LARANJAL DO JARI,Amazônia
 1644627893 ,08cdb495-beb1-363b-990e-8afa7a818e95,    -.685400 ,  -52.280480 ,2023-08-16 17:17:00,Brasil,AMAPÁ,LARANJAL DO JARI,Amazônia
 1644627894 ,0e547cb0-e4ce-34f4-aa6a-ddee9ecd71ac,    -.684070 ,  -52.271220 ,2023-08-16 17:17:00,Brasil,AMAPÁ,LARANJAL DO JARI,Amazônia
 1644627895 ,e08cc18d-bf58-39d8-982e-72b2e61f3265,    -.475840 ,  -51.850120 ,2023-08-16 17:17:00,Brasil,AMAPÁ,MAZAGÃO,Amazônia
 1644627896 ,44c7796e-b618-32b8-92a8-e3f2cfcfa0cb,    -.474540 ,  -51.841140 ,2023-08-16 17:17:00,Brasil,AMAPÁ,MAZAGÃO,Amazônia
 1644628321 ,49d428b4-9ba6-381e-8a72-e665767de885,    1.403080 ,  -50.768440 ,2023-08-16 17:17:00,Brasil,AMAPÁ,TARTARUGALZINHO,Amazônia
 1645378545 ,419e719b-1901-33a9-b598-9d7279b423b5,    2.180870 ,  -50.883220 ,2023-08-20 16:50:00,Brasil,AMAPÁ,CALÇOENE,Amazônia
 1645378546 ,83f56793-7849-3df3-99b7-f4d98e08e90f,    1.379170 ,  -50.730580 ,2023-08-20 16:50:00,Brasil,AMAPÁ,TARTARUGALZINHO,Amazônia
 1645378547 ,8a38fa3f-9f12-3ce7-84f0-4d128e0050ab,     .579770 ,  -50.833900 ,2023-08-20 16:50:00,Brasil,AMAPÁ,ITAUBAL,Amazônia
 1645378548 ,33391f8d-874b-3cc7-9465-d6038d4e5d73,     .578780 ,  -50.818830 ,2023-08-20 16:50:00,Brasil,AMAPÁ,ITAUBAL,Amazônia
 1645378549 ,6cf134e4-611b-38b6-888b-5cfd3aa8d631,     .576710 ,  -50.855250 ,2023-08-20 16:50:00,Brasil,AMAPÁ,ITAUBAL,Amazônia
 1645378550 ,39f1e7d6-3ede-3022-8fe6-fc92f1226fb8,     .575550 ,  -50.840130 ,2023-08-20 16:50:00,Brasil,AMAPÁ,ITAUBAL,Amazônia
 1645378551 ,31243921-26f9-3c28-bfa1-fc34b1053871,     .572320 ,  -50.861480 ,2023-08-20 16:50:00,Brasil,AMAPÁ,MACAPÁ,Amazônia
 1645622600 ,65fc7dcf-af97-38ab-95c4-eaccde822783,    2.071160 ,  -50.902940 ,2023-08-21 17:30:00,Brasil,AMAPÁ,AMAPÁ,Amazônia
 1645622601 ,9048a90f-b0d0-3b28-a4db-272066838c92,    1.456630 ,  -50.770760 ,2023-08-21 17:30:00,Brasil,AMAPÁ,TARTARUGALZINHO,Amazônia
 1645622602 ,6f4580bc-e2af-31a4-851d-037e9e3a059a,    1.454790 ,  -50.783540 ,2023-08-21 17:30:00,Brasil,AMAPÁ,TARTARUGALZINHO,Amazônia
 1646124916 ,8302dc17-89d0-3cbb-bda0-81e485c575e1,    1.264950 ,  -50.690860 ,2023-08-23 17:15:00,Brasil,AMAPÁ,TARTARUGALZINHO,Amazônia
 1646124917 ,972f29e1-1519-318b-b4b2-2d9af6e5d40f,    1.263670 ,  -50.699730 ,2023-08-23 17:15:00,Brasil,AMAPÁ,TARTARUGALZINHO,Amazônia
 1646124918 ,c80ce403-a2c0-3b0b-932b-ab9af2301435,    1.260960 ,  -50.907240 ,2023-08-23 17:15:00,Brasil,AMAPÁ,TARTARUGALZINHO,Amazônia
 1646124919 ,4f3ee9db-7f79-3258-b4ed-a292faa5c144,    1.257320 ,  -50.680700 ,2023-08-23 17:15:00,Brasil,AMAPÁ,TARTARUGALZINHO,Amazônia
 1646124920 ,13eb0da3-8c44-3f2f-9638-561109a62418,    1.257130 ,  -50.933780 ,2023-08-23 17:15:00,Brasil,AMAPÁ,TARTARUGALZINHO,Amazônia
 1646124921 ,5d7189fd-097c-3c66-b1cd-5581867eb498,    1.256040 ,  -50.689570 ,2023-08-23 17:15:00,Brasil,AMAPÁ,TARTARUGALZINHO,Amazônia
 1646124922 ,a36bf3f0-0be1-351e-9f7d-8af3353bffa4,     .318730 ,  -50.799540 ,2023-08-23 17:15:00,Brasil,AMAPÁ,MACAPÁ,Amazônia
 1646124923 ,d359f567-7fff-3705-be54-ec4f68c94285,     .317450 ,  -50.808380 ,2023-08-23 17:15:00,Brasil,AMAPÁ,MACAPÁ,Amazônia
 1646125036 ,16f40a73-4a2e-3e70-802f-9f737b975d28,    3.137650 ,  -51.244930 ,2023-08-23 17:17:00,Brasil,AMAPÁ,OIAPOQUE,Amazônia
 1646321535 ,9d6e3f5b-5478-3264-8431-53db174b6ca4,     .187570 ,  -51.092400 ,2023-08-24 17:56:00,Brasil,AMAPÁ,MACAPÁ,Amazônia
 1646321536 ,8aa3504d-7ee9-36f8-b797-50f18ee3f074,     .187210 ,  -51.087580 ,2023-08-24 17:56:00,Brasil,AMAPÁ,MACAPÁ,Amazônia
 1646570297 ,e0c5b960-99d4-3588-8299-02685b2d0839,    -.903280 ,  -51.921790 ,2023-08-25 17:00:00,Brasil,AMAPÁ,VITÓRIA DO JARI,Amazônia
 1646570298 ,076dbf0e-4fb7-3d79-8660-94b0e65d430c,    -.901050 ,  -51.906220 ,2023-08-25 17:00:00,Brasil,AMAPÁ,VITÓRIA DO JARI,Amazônia
 1646570299 ,ad068046-2b64-31f2-a81f-f75d5c056270,    -.546000 ,  -52.214180 ,2023-08-25 17:00:00,Brasil,AMAPÁ,LARANJAL DO JARI,Amazônia
 1646570301 ,fa649c2c-e2b1-3038-b263-2270992a22e7,    -.543600 ,  -52.198140 ,2023-08-25 17:00:00,Brasil,AMAPÁ,LARANJAL DO JARI,Amazônia
 1646570302 ,b575df48-3796-3872-b1ad-e3c5050abe1a,    -.541260 ,  -52.208090 ,2023-08-25 17:00:00,Brasil,AMAPÁ,LARANJAL DO JARI,Amazônia
 1646570303 ,c688b18c-3104-3aa9-b5ce-5a324992871a,    -.529210 ,  -51.874250 ,2023-08-25 17:00:00,Brasil,AMAPÁ,MAZAGÃO,Amazônia
 1646570356 ,d1c24299-815b-3c1d-84b0-191dac0ad721,    2.179200 ,  -50.881280 ,2023-08-25 17:02:00,Brasil,AMAPÁ,CALÇOENE,Amazônia
 1646570361 ,b09f4352-7126-3899-9749-238f5bc4399e,    1.164560 ,  -50.972550 ,2023-08-25 17:02:00,Brasil,AMAPÁ,TARTARUGALZINHO,Amazônia
 1646570362 ,e77d11aa-4488-3027-9173-3cff1e13957a,    1.162770 ,  -50.984860 ,2023-08-25 17:02:00,Brasil,AMAPÁ,TARTARUGALZINHO,Amazônia
 1646570363 ,bebbc58c-11aa-3616-958f-d5d2c578b1b1,    1.152380 ,  -50.983290 ,2023-08-25 17:02:00,Brasil,AMAPÁ,TARTARUGALZINHO,Amazônia
 1646570364 ,a6ada738-ba9c-3297-996e-89a73a0ed503,     .562640 ,  -51.787990 ,2023-08-25 17:02:00,Brasil,AMAPÁ,PORTO GRANDE,Amazônia
 1646800231 ,53ed9e16-35e0-37d4-a99a-bb380c8d4bf0,    1.169680 ,  -51.026800 ,2023-08-26 17:41:00,Brasil,AMAPÁ,TARTARUGALZINHO,Amazônia
 1646800233 ,7259c674-cb37-3705-9b7e-e0400ba3867f,     .566840 ,  -50.851230 ,2023-08-26 17:41:00,Brasil,AMAPÁ,MACAPÁ,Amazônia
 1646800235 ,55825738-03bd-369e-b9cf-e96067064b3d,     .111460 ,  -51.097610 ,2023-08-26 17:41:00,Brasil,AMAPÁ,MACAPÁ,Amazônia
 1647006050 ,3db2cf44-8166-3263-be38-2837032f5d62,     .649860 ,  -51.401240 ,2023-08-27 16:48:00,Brasil,AMAPÁ,PORTO GRANDE,Amazônia
 1640184411 ,8733518c-9ecd-330f-af46-ba984a25c231,    -.164360 ,  -51.335600 ,2023-07-26 17:22:00,Brasil,AMAPÁ,MAZAGÃO,Amazônia
 1640185209 ,9f31e163-d254-325c-914d-dcae1d823fe0,    2.168990 ,  -50.873320 ,2023-07-26 17:22:00,Brasil,AMAPÁ,CALÇOENE,Amazônia
 1658066508 ,c3d07e17-093e-3f48-9186-81fdc28a7ca1,    1.871650 ,  -50.692410 ,2023-10-25 16:54:00,Brasil,AMAPÁ,AMAPÁ,Amazônia
 1658066509 ,d10ba36b-cf29-3b9e-8adc-dbabb8d85d27,    1.773510 ,  -50.654720 ,2023-10-25 16:54:00,Brasil,AMAPÁ,PRACUÚBA,Amazônia
 1658066510 ,8cf7f865-1a7e-3628-801a-329a64cb90d1,    1.587190 ,  -50.507900 ,2023-10-25 16:54:00,Brasil,AMAPÁ,AMAPÁ,Amazônia
 1658066511 ,1b229765-b7f4-3e0b-9a6e-f7f4d1b8f9b3,    1.584560 ,  -50.525180 ,2023-10-25 16:54:00,Brasil,AMAPÁ,AMAPÁ,Amazônia
 1658066512 ,ce0c06ab-f56f-31a4-815a-667ee52028c6,    1.582750 ,  -50.500290 ,2023-10-25 16:54:00,Brasil,AMAPÁ,AMAPÁ,Amazônia
 1658066513 ,aebfbd7d-04df-3047-9e92-c2169512d934,    1.580240 ,  -50.517600 ,2023-10-25 16:54:00,Brasil,AMAPÁ,AMAPÁ,Amazônia
 1658066514 ,3a76dca0-425f-332d-a29c-5b0957109092,    1.364540 ,  -51.019020 ,2023-10-25 16:54:00,Brasil,AMAPÁ,TARTARUGALZINHO,Amazônia
 1658066515 ,75b0fd9a-663a-3165-be4f-16a934d35225,    1.228360 ,  -50.701650 ,2023-10-25 16:54:00,Brasil,AMAPÁ,TARTARUGALZINHO,Amazônia
 1658066516 ,bfd350f2-cc70-3427-97b5-69f615a0f87d,     .877700 ,  -50.852700 ,2023-10-25 16:54:00,Brasil,AMAPÁ,CUTIAS,Amazônia
 1658066517 ,4e950a71-659c-308d-9068-7c0184543455,     .842410 ,  -50.657670 ,2023-10-25 16:54:00,Brasil,AMAPÁ,MACAPÁ,Amazônia
 1658066518 ,e998704e-5ccf-3bbb-a769-8e5dc3c0dbee,     .841120 ,  -50.751580 ,2023-10-25 16:54:00,Brasil,AMAPÁ,CUTIAS,Amazônia
 1658066519 ,9bbc09eb-dd35-3183-9b0d-c7c7534815dd,     .832720 ,  -50.637610 ,2023-10-25 16:54:00,Brasil,AMAPÁ,MACAPÁ,Amazônia
 1658066520 ,d1ed37d1-3a81-31c0-b45a-27b5f404f247,     .830380 ,  -50.630570 ,2023-10-25 16:54:00,Brasil,AMAPÁ,MACAPÁ,Amazônia
 1658066521 ,ef75f78b-2d3a-3684-9baa-91e3eb1fefe3,     .829970 ,  -50.655800 ,2023-10-25 16:54:00,Brasil,AMAPÁ,MACAPÁ,Amazônia
 1658066522 ,217e2af0-0fda-3c01-89d6-dd2671e35483,     .827770 ,  -50.648770 ,2023-10-25 16:54:00,Brasil,AMAPÁ,MACAPÁ,Amazônia
 1658066523 ,d68a7dac-c942-352b-8a68-c25565784176,     .816910 ,  -50.130950 ,2023-10-25 16:54:00,Brasil,AMAPÁ,MACAPÁ,Amazônia
 1658066524 ,f3ec8457-8ad3-36d6-97d6-539a78a17758,     .811840 ,  -50.124880 ,2023-10-25 16:54:00,Brasil,AMAPÁ,MACAPÁ,Amazônia
 1658066525 ,e9783f3b-d925-3f87-832c-2b7b4d131591,     .801720 ,  -50.231660 ,2023-10-25 16:54:00,Brasil,AMAPÁ,MACAPÁ,Amazônia
 1658066526 ,5f3b6c0e-55e0-37c8-b94e-110b91afd7d5,     .774180 ,  -50.753860 ,2023-10-25 16:54:00,Brasil,AMAPÁ,MACAPÁ,Amazônia
 1658066527 ,f75253b6-7bf2-3847-9519-1a0ab57a4ae0,     .771430 ,  -50.772540 ,2023-10-25 16:54:00,Brasil,AMAPÁ,MACAPÁ,Amazônia
 1658066528 ,c223b0bc-4a76-3511-8943-cffea81f361b,     .769840 ,  -50.696420 ,2023-10-25 16:54:00,Brasil,AMAPÁ,MACAPÁ,Amazônia
 1658066530 ,710104e0-a0e1-325f-9923-a2460fca272e,     .392250 ,  -50.947310 ,2023-10-25 16:54:00,Brasil,AMAPÁ,MACAPÁ,Amazônia
 1658066531 ,5dfddf22-806a-3ad7-b4de-659055ca1a60,     .391540 ,  -50.954200 ,2023-10-25 16:54:00,Brasil,AMAPÁ,MACAPÁ,Amazônia
 1658066532 ,4dbcad4c-5b9f-3b62-9b2d-d4fcd36e2ff3,     .379400 ,  -50.945430 ,2023-10-25 16:54:00,Brasil,AMAPÁ,MACAPÁ,Amazônia
 1658066533 ,a38e6b1c-a7af-32ff-b06b-fe537d67a632,     .285490 ,  -51.219650 ,2023-10-25 16:54:00,Brasil,AMAPÁ,MACAPÁ,Amazônia
 1658066534 ,0dd77601-d2e8-37a1-bf92-092911fcca57,     .213250 ,  -51.183220 ,2023-10-25 16:54:00,Brasil,AMAPÁ,MACAPÁ,Amazônia
 1658066535 ,39550f85-1712-3b73-83e2-81cfe86ee43e,     .124050 ,  -51.163090 ,2023-10-25 16:54:00,Brasil,AMAPÁ,MACAPÁ,Amazônia
 1658066536 ,b5da60cf-b0b4-3aef-aa62-0275e0f2d318,     .008020 ,  -51.422340 ,2023-10-25 16:54:00,Brasil,AMAPÁ,SANTANA,Amazônia
 1658066537 ,2dbfcade-cd47-3a9f-806a-244b5f46f85f,    -.289080 ,  -51.422040 ,2023-10-25 16:54:00,Brasil,AMAPÁ,MAZAGÃO,Amazônia
 1658066538 ,c63773b3-5cce-3969-b992-0b7afe1b2895,    -.037650 ,  -51.386370 ,2023-10-25 16:54:00,Brasil,AMAPÁ,SANTANA,Amazônia
 1658066633 ,7cea9964-def9-3feb-9467-119f8475e016,    3.963210 ,  -51.686320 ,2023-10-25 16:54:00,Brasil,AMAPÁ,OIAPOQUE,Amazônia
 1658066634 ,db784b40-2cdd-3328-a089-6db9c787c798,    3.962910 ,  -51.692930 ,2023-10-25 16:54:00,Brasil,AMAPÁ,OIAPOQUE,Amazônia
 1658066635 ,a9630b52-68d3-371c-a47e-28a4c6d4d963,    3.740530 ,  -51.600100 ,2023-10-25 16:54:00,Brasil,AMAPÁ,OIAPOQUE,Amazônia
 1658066636 ,a1c27d34-6a2e-3d6b-add6-0cabe8d78c68,    3.724760 ,  -51.617500 ,2023-10-25 16:54:00,Brasil,AMAPÁ,OIAPOQUE,Amazônia
 1658066637 ,ca2466e3-dbf6-3074-b0a6-4f11cc29194e,    3.714730 ,  -51.512280 ,2023-10-25 16:54:00,Brasil,AMAPÁ,OIAPOQUE,Amazônia
 1658066638 ,4ec85973-7f34-3cd5-88d6-7a28b10477a8,    3.711860 ,  -51.531390 ,2023-10-25 16:54:00,Brasil,AMAPÁ,OIAPOQUE,Amazônia
 1658066639 ,3830763c-cc8a-3c3e-b935-afda9d431129,    3.698810 ,  -51.534180 ,2023-10-25 16:54:00,Brasil,AMAPÁ,OIAPOQUE,Amazônia
 1658066640 ,604fbac1-4776-3246-a0fb-fabc2eee4f85,    3.669060 ,  -51.389250 ,2023-10-25 16:54:00,Brasil,AMAPÁ,OIAPOQUE,Amazônia
 1658066641 ,fa02d8f2-a7cf-3a9d-a931-50f795f512e3,    1.171940 ,  -51.258800 ,2023-10-25 16:54:00,Brasil,AMAPÁ,TARTARUGALZINHO,Amazônia
 1658066642 ,443a9bbe-62c0-3345-aef1-29f157a9c546,    1.168990 ,  -51.278900 ,2023-10-25 16:54:00,Brasil,AMAPÁ,TARTARUGALZINHO,Amazônia
 1658066643 ,ac9c23e4-9a80-3ae9-8427-1ecc2e231f51,     .982450 ,  -51.301610 ,2023-10-25 16:54:00,Brasil,AMAPÁ,FERREIRA GOMES,Amazônia
 1658066644 ,2ca42516-655d-30a4-9bd0-8f63c62e5892,     .982370 ,  -51.285880 ,2023-10-25 16:54:00,Brasil,AMAPÁ,TARTARUGALZINHO,Amazônia
 1658066645 ,c9be965c-1bcc-3da3-a9d4-a491757441aa,     .979230 ,  -51.306210 ,2023-10-25 16:54:00,Brasil,AMAPÁ,FERREIRA GOMES,Amazônia
 1658066646 ,b1402889-eba7-3b6e-b540-e4cc37715656,     .619430 ,  -51.949160 ,2023-10-25 16:54:00,Brasil,AMAPÁ,PORTO GRANDE,Amazônia
 1658066647 ,56ecf14b-2bfb-3b9e-8583-a49a5ca6d322,     .613560 ,  -51.941650 ,2023-10-25 16:54:00,Brasil,AMAPÁ,PORTO GRANDE,Amazônia
 1658066648 ,cf8c86f0-ab4a-341c-8df7-12c3590def9e,    -.527370 ,  -51.752310 ,2023-10-25 16:54:00,Brasil,AMAPÁ,MAZAGÃO,Amazônia
 1658066649 ,68ea29ad-277b-36f0-8130-9c6e5d42fc0b,    -.488850 ,  -51.879350 ,2023-10-25 16:54:00,Brasil,AMAPÁ,MAZAGÃO,Amazônia
 1658066650 ,ffeb6014-4860-34fb-844b-9914e53fe2dd,    -.329010 ,  -51.938430 ,2023-10-25 16:54:00,Brasil,AMAPÁ,MAZAGÃO,Amazônia
 1658066651 ,3f527d82-cd4c-3c93-86bd-c3b9f7e5ee6c,    -.171590 ,  -51.587440 ,2023-10-25 16:54:00,Brasil,AMAPÁ,MAZAGÃO,Amazônia
 1658066652 ,07dc53a5-f8b5-36ee-8191-ac0dc38de7c8,    -.168340 ,  -51.565070 ,2023-10-25 16:54:00,Brasil,AMAPÁ,MAZAGÃO,Amazônia
 1658066653 ,65ae79ac-c2e0-3493-a0fc-b3944520410f,    -.161880 ,  -51.570910 ,2023-10-25 16:54:00,Brasil,AMAPÁ,MAZAGÃO,Amazônia
 1658066654 ,e6a0885c-d7c1-3900-9e75-4c4f334d8638,    -.023240 ,  -51.477660 ,2023-10-25 16:54:00,Brasil,AMAPÁ,MAZAGÃO,Amazônia
 1658442387 ,d8f52978-e462-34a7-b952-4e37427ed780,    1.599710 ,  -50.535650 ,2023-10-27 16:39:00,Brasil,AMAPÁ,AMAPÁ,Amazônia
 1658442388 ,2c7e19c8-1cbe-3649-8e53-7dbd39c60f18,    1.593210 ,  -50.526950 ,2023-10-27 16:39:00,Brasil,AMAPÁ,AMAPÁ,Amazônia
 1658442389 ,f9daf961-bc06-31c8-bddb-c88ddf4eeff0,    1.224890 ,  -50.555160 ,2023-10-27 16:39:00,Brasil,AMAPÁ,TARTARUGALZINHO,Amazônia
 1658442390 ,03d94eea-cd50-3cab-93b9-a7547f07bfb4,     .826690 ,  -50.223830 ,2023-10-27 16:39:00,Brasil,AMAPÁ,MACAPÁ,Amazônia
 1658442391 ,e7dabe52-1d23-3be9-8589-af86efa4365c,     .814990 ,  -50.252460 ,2023-10-27 16:39:00,Brasil,AMAPÁ,MACAPÁ,Amazônia
 1658628946 ,38869247-7273-3bea-bd7f-bef01cbecb97,    2.522530 ,  -50.848750 ,2023-10-28 17:22:00,Brasil,AMAPÁ,CALÇOENE,Amazônia
 1658628947 ,608ff894-37a7-32e9-a1b3-16d039d66bad,    2.521220 ,  -50.857770 ,2023-10-28 17:22:00,Brasil,AMAPÁ,CALÇOENE,Amazônia
 1658628948 ,54fdf806-2432-39f1-936d-39040bb5fd54,    2.494170 ,  -50.918250 ,2023-10-28 17:22:00,Brasil,AMAPÁ,CALÇOENE,Amazônia
 1658628949 ,be26cbae-160d-356f-a2a3-9b8b7d158f15,    2.435160 ,  -50.811000 ,2023-10-28 17:22:00,Brasil,AMAPÁ,CALÇOENE,Amazônia
 1658628950 ,09ddb9db-a390-3a90-9798-3647cdb47f79,    2.433850 ,  -50.820040 ,2023-10-28 17:22:00,Brasil,AMAPÁ,CALÇOENE,Amazônia
 1658628951 ,2e05dd72-eea0-30a3-80b4-07e12af2ada9,    2.432540 ,  -50.829070 ,2023-10-28 17:22:00,Brasil,AMAPÁ,CALÇOENE,Amazônia
 1658628952 ,ceed3567-54d8-339b-b06a-716b721c68f4,    2.426170 ,  -50.809700 ,2023-10-28 17:22:00,Brasil,AMAPÁ,CALÇOENE,Amazônia
 1658628953 ,01bfc1ae-0364-36fc-b0cf-efa1557ef9c3,    2.336040 ,  -50.800180 ,2023-10-28 17:22:00,Brasil,AMAPÁ,CALÇOENE,Amazônia
 1658628954 ,cfe3a009-55f5-3af6-afd9-db5ed41836dd,    2.334740 ,  -50.809220 ,2023-10-28 17:22:00,Brasil,AMAPÁ,CALÇOENE,Amazônia
 1658628955 ,17fb3375-4ded-3b63-8add-db40ff52f738,    2.328360 ,  -50.789840 ,2023-10-28 17:22:00,Brasil,AMAPÁ,CALÇOENE,Amazônia
 1658628956 ,cfbcc0c5-98d9-38f4-8b49-61e83b2ab2be,    2.327060 ,  -50.798880 ,2023-10-28 17:22:00,Brasil,AMAPÁ,CALÇOENE,Amazônia
 1658628957 ,c6f7f844-651e-3ace-857b-13c0de4a5c71,    1.388260 ,  -50.665660 ,2023-10-28 17:20:00,Brasil,AMAPÁ,TARTARUGALZINHO,Amazônia
 1658628958 ,b3bf0967-b9c2-31e0-a331-73c15ef73622,    1.274770 ,  -51.125560 ,2023-10-28 17:20:00,Brasil,AMAPÁ,TARTARUGALZINHO,Amazônia
 1658628959 ,e8c7319d-e985-35e0-b355-f0c18eadade9,    1.273490 ,  -51.134420 ,2023-10-28 17:20:00,Brasil,AMAPÁ,TARTARUGALZINHO,Amazônia
 1658628960 ,f6de0d09-32d7-3aca-8d74-edcc84e8391e,    1.265860 ,  -51.124260 ,2023-10-28 17:20:00,Brasil,AMAPÁ,TARTARUGALZINHO,Amazônia
 1658628961 ,028b69a3-df40-3332-a995-17b2996475b7,    1.210680 ,  -50.682800 ,2023-10-28 17:20:00,Brasil,AMAPÁ,TARTARUGALZINHO,Amazônia
 1658628962 ,170e2160-367b-3f37-8d09-364a057cf9e7,    1.210420 ,  -49.908180 ,2023-10-28 17:20:00,Brasil,AMAPÁ,MACAPÁ,Amazônia
 1658628963 ,b6bec7c8-df00-307e-967e-12d6e4fd6115,    1.200430 ,  -50.690490 ,2023-10-28 17:20:00,Brasil,AMAPÁ,TARTARUGALZINHO,Amazônia
 1658628964 ,a076686c-5913-31f4-9e31-5401c3c5b7b1,     .962190 ,  -50.801400 ,2023-10-28 17:20:00,Brasil,AMAPÁ,CUTIAS,Amazônia
 1658628965 ,72b17365-d383-3365-a390-98c1eb4a9e33,     .953260 ,  -50.800110 ,2023-10-28 17:20:00,Brasil,AMAPÁ,CUTIAS,Amazônia
 1658628966 ,2d62aaf8-206e-39d9-8647-ebe1809b18ef,     .951110 ,  -51.078730 ,2023-10-28 17:20:00,Brasil,AMAPÁ,FERREIRA GOMES,Amazônia
 1658628967 ,4344f41e-1a59-3427-b584-b715482d1e80,     .867210 ,  -50.635890 ,2023-10-28 17:20:00,Brasil,AMAPÁ,CUTIAS,Amazônia
 1658628968 ,3a7be797-cadd-38b9-8490-c7eff8cbb515,     .858250 ,  -50.634590 ,2023-10-28 17:20:00,Brasil,AMAPÁ,MACAPÁ,Amazônia
 1658628969 ,0983d812-3b97-376d-9593-dbc90970bb64,     .856960 ,  -50.643570 ,2023-10-28 17:20:00,Brasil,AMAPÁ,MACAPÁ,Amazônia
 1658628970 ,bd9c34a5-30ed-3875-b3c4-d076909a7bf6,     .846530 ,  -50.779020 ,2023-10-28 17:20:00,Brasil,AMAPÁ,CUTIAS,Amazônia
 1658628971 ,9d86fd84-81c6-3441-bec0-b529b6012192,     .837600 ,  -50.777720 ,2023-10-28 17:20:00,Brasil,AMAPÁ,CUTIAS,Amazônia
 1658628972 ,69f1a567-9490-3839-ad7b-6112625833e4,     .835250 ,  -50.603760 ,2023-10-28 17:20:00,Brasil,AMAPÁ,MACAPÁ,Amazônia
 1658628973 ,e86a9dbf-80e2-32aa-861b-d723a6e6de17,     .831380 ,  -50.630700 ,2023-10-28 17:20:00,Brasil,AMAPÁ,MACAPÁ,Amazônia
 1658628974 ,77b19fef-dbe5-3734-81c7-97e5b68e581d,     .830090 ,  -50.639670 ,2023-10-28 17:20:00,Brasil,AMAPÁ,MACAPÁ,Amazônia
 1658628975 ,0e405b0c-342d-3b66-83e6-4781747a6608,     .820740 ,  -51.020390 ,2023-10-28 17:20:00,Brasil,AMAPÁ,FERREIRA GOMES,Amazônia
 1658628976 ,163372bb-41a9-3441-b8da-898dd56e4f7e,    2.235860 ,  -50.788350 ,2023-10-28 17:22:00,Brasil,AMAPÁ,CALÇOENE,Amazônia
 1658628977 ,75c2ab45-cc88-3ada-b003-4a4c2a1cab20,    2.143020 ,  -50.861050 ,2023-10-28 17:22:00,Brasil,AMAPÁ,AMAPÁ,Amazônia
 1658628978 ,a14832c0-b089-3c10-8838-4a3d39fa5ae2,    2.141730 ,  -50.870030 ,2023-10-28 17:22:00,Brasil,AMAPÁ,AMAPÁ,Amazônia
 1658628979 ,5ef4cf6c-cd4a-303d-9fa9-0023af940e73,    2.098490 ,  -50.654460 ,2023-10-28 17:22:00,Brasil,AMAPÁ,AMAPÁ,Amazônia
 1658628980 ,cd9d047a-d3d9-3340-bf7f-920a93637c52,    1.986150 ,  -50.734060 ,2023-10-28 17:22:00,Brasil,AMAPÁ,AMAPÁ,Amazônia
 1658628981 ,1768e6fd-3a63-3ddd-aed0-c87d12f23f7d,    1.882160 ,  -50.684750 ,2023-10-28 17:20:00,Brasil,AMAPÁ,AMAPÁ,Amazônia
 1658628982 ,f592ec52-5190-3109-bdd7-91223b25a224,    1.863000 ,  -50.626540 ,2023-10-28 17:20:00,Brasil,AMAPÁ,AMAPÁ,Amazônia
 1658628983 ,44111ab2-305d-37b7-85ab-6c0a6b718685,    1.862890 ,  -50.691180 ,2023-10-28 17:20:00,Brasil,AMAPÁ,AMAPÁ,Amazônia
 1658628984 ,7e4e7c9e-3d9d-34af-b4c5-093ccf617d6f,    1.809990 ,  -50.677810 ,2023-10-28 17:20:00,Brasil,AMAPÁ,PRACUÚBA,Amazônia
 1658628985 ,9e15eed1-d8e7-3ddf-b95a-7f6f42cf4b7b,    1.776650 ,  -50.654530 ,2023-10-28 17:20:00,Brasil,AMAPÁ,PRACUÚBA,Amazônia
 1658628986 ,60d274ef-60e9-3d89-af73-b86392f33e75,    1.664340 ,  -51.043470 ,2023-10-28 17:20:00,Brasil,AMAPÁ,PRACUÚBA,Amazônia
 1658628987 ,194b68f6-6877-3787-8014-372b1b504a05,    1.590450 ,  -50.476240 ,2023-10-28 17:20:00,Brasil,AMAPÁ,AMAPÁ,Amazônia
 1658628988 ,afd25d9e-02ba-38dc-b1a1-f31ded10427c,    1.589140 ,  -50.485350 ,2023-10-28 17:20:00,Brasil,AMAPÁ,AMAPÁ,Amazônia
 1658628989 ,d8bffe64-904f-3b35-ad0e-ca8d17b366e9,    1.570960 ,  -50.612380 ,2023-10-28 17:20:00,Brasil,AMAPÁ,PRACUÚBA,Amazônia
 1658628990 ,89fbe862-cd07-348a-b7fc-981702e3dc8a,    1.548780 ,  -50.957320 ,2023-10-28 17:20:00,Brasil,AMAPÁ,TARTARUGALZINHO,Amazônia
 1658628991 ,47d60ec1-7a6c-3b1e-a584-9de2437300fd,     .815410 ,  -51.245590 ,2023-10-28 17:20:00,Brasil,AMAPÁ,FERREIRA GOMES,Amazônia
 1658628992 ,121928c6-2173-3b92-b890-b07bde946f14,     .806510 ,  -51.244300 ,2023-10-28 17:20:00,Brasil,AMAPÁ,FERREIRA GOMES,Amazônia
 1658628993 ,93515631-82c6-3852-af0f-4b93f6f23fcd,     .638390 ,  -50.754660 ,2023-10-28 17:20:00,Brasil,AMAPÁ,ITAUBAL,Amazônia
 1658628994 ,38a06c6a-6929-38cd-81b8-5b2ae4acc3b4,     .637100 ,  -50.763580 ,2023-10-28 17:20:00,Brasil,AMAPÁ,ITAUBAL,Amazônia
 1658628995 ,1fe79f5a-6ddb-3e8b-99e9-8bbc244c79ca,     .609680 ,  -50.753010 ,2023-10-28 17:20:00,Brasil,AMAPÁ,ITAUBAL,Amazônia
 1658628996 ,c07f47f5-42af-3b9e-aee3-b5824b459ccb,     .608380 ,  -50.761920 ,2023-10-28 17:20:00,Brasil,AMAPÁ,ITAUBAL,Amazônia
 1658628998 ,ec601364-1ad0-35bb-9075-966023b297eb,     .316490 ,  -50.746990 ,2023-10-28 17:20:00,Brasil,AMAPÁ,MACAPÁ,Amazônia
 1658629000 ,f5b616f7-0de6-3f65-8403-a486b19e07f1,     .184000 ,  -51.209790 ,2023-10-28 17:20:00,Brasil,AMAPÁ,MACAPÁ,Amazônia
 1658629001 ,b93fae48-7eba-3468-a064-c223a79d1340,     .182720 ,  -51.218630 ,2023-10-28 17:20:00,Brasil,AMAPÁ,MACAPÁ,Amazônia
 1658629003 ,36752433-b1f9-36d5-b259-0a51af9f08e3,     .096250 ,  -51.251210 ,2023-10-28 17:20:00,Brasil,AMAPÁ,SANTANA,Amazônia
 1658629004 ,f08660c2-d4a7-3632-b8e7-bdcf210bacc5,     .094970 ,  -51.260060 ,2023-10-28 17:20:00,Brasil,AMAPÁ,SANTANA,Amazônia
 1658629005 ,c8412b1c-70e9-35e5-a153-6687d7501374,     .056960 ,  -51.203620 ,2023-10-28 17:20:00,Brasil,AMAPÁ,MACAPÁ,Amazônia
 1658629006 ,51c8a455-5d31-3193-8ae5-2fd79a61334a,     .055680 ,  -51.212470 ,2023-10-28 17:20:00,Brasil,AMAPÁ,MACAPÁ,Amazônia
 1658629008 ,000bc6ac-a673-3bb3-bea6-8b88159cec28,    -.036960 ,  -51.400280 ,2023-10-28 17:20:00,Brasil,AMAPÁ,SANTANA,Amazônia
 1658629009 ,9350cb8b-b87d-3aad-834e-a00c25ee7f73,    -.035680 ,  -51.391420 ,2023-10-28 17:20:00,Brasil,AMAPÁ,SANTANA,Amazônia
 1658629010 ,fe2859fe-fa9f-35f5-83df-3016216e1b38,    -.500450 ,  -51.553100 ,2023-10-28 17:20:00,Brasil,AMAPÁ,MAZAGÃO,Amazônia
 1658629260 ,a1161f71-92de-33ad-8f96-52d0990bc778,    4.059230 ,  -51.630300 ,2023-10-28 17:22:00,Brasil,AMAPÁ,OIAPOQUE,Amazônia
 1658629261 ,505be3de-c53d-3c25-a44d-7f86adaab48a,    4.051600 ,  -51.620110 ,2023-10-28 17:22:00,Brasil,AMAPÁ,OIAPOQUE,Amazônia
 1658629262 ,04d220a8-33cd-3edb-bee4-44d0ac5a34fc,    3.882880 ,  -51.701210 ,2023-10-28 17:22:00,Brasil,AMAPÁ,OIAPOQUE,Amazônia
 1658629263 ,652085c6-36e1-332f-a63e-1a00af31095e,    3.873980 ,  -51.699920 ,2023-10-28 17:22:00,Brasil,AMAPÁ,OIAPOQUE,Amazônia
 1658629264 ,3a10dcf0-907c-3d98-a457-85c5483fd3e7,    3.848490 ,  -51.750570 ,2023-10-28 17:22:00,Brasil,AMAPÁ,OIAPOQUE,Amazônia
 1658629265 ,313c43c0-47a8-3d6a-b7d4-49812282e532,    3.793120 ,  -51.554520 ,2023-10-28 17:22:00,Brasil,AMAPÁ,OIAPOQUE,Amazônia
 1658629266 ,df7ae312-6fb5-32be-922a-c0c2a3db9839,    3.785500 ,  -51.544320 ,2023-10-28 17:22:00,Brasil,AMAPÁ,OIAPOQUE,Amazônia
 1658629267 ,85b6c4c9-fcff-3b68-b5e2-a73021805e7c,    3.784210 ,  -51.553220 ,2023-10-28 17:22:00,Brasil,AMAPÁ,OIAPOQUE,Amazônia
 1658629268 ,3498a540-2dea-35b1-a65b-ccae63db9ace,    3.767540 ,  -51.668760 ,2023-10-28 17:22:00,Brasil,AMAPÁ,OIAPOQUE,Amazônia
 1658629269 ,4fe0529c-819c-350d-bf33-7c9528980b60,    3.467910 ,  -51.126540 ,2023-10-28 17:22:00,Brasil,AMAPÁ,CALÇOENE,Amazônia
 1658629270 ,f3721f00-9ca0-3b18-b344-5204e98c94b6,    3.458950 ,  -51.125250 ,2023-10-28 17:22:00,Brasil,AMAPÁ,CALÇOENE,Amazônia
 1658629271 ,0abc13e5-1f40-3db5-87c0-dfa797fb431a,    3.393010 ,  -51.201690 ,2023-10-28 17:22:00,Brasil,AMAPÁ,OIAPOQUE,Amazônia
 1658629272 ,acb622c2-9378-3054-9ec6-aed2778e15ee,    3.260860 ,  -51.221680 ,2023-10-28 17:22:00,Brasil,AMAPÁ,OIAPOQUE,Amazônia
 1658629273 ,cbb99a49-e5de-37ab-bc62-656c02da5768,    3.259570 ,  -51.230640 ,2023-10-28 17:22:00,Brasil,AMAPÁ,OIAPOQUE,Amazônia
 1658629274 ,d6775f39-0951-35f8-8b9d-6d1308a2169e,    2.795260 ,  -50.933750 ,2023-10-28 17:22:00,Brasil,AMAPÁ,CALÇOENE,Amazônia
 1658629275 ,cc064bed-9ba0-39e4-8ced-a59b99a9cacf,    2.786280 ,  -50.932450 ,2023-10-28 17:22:00,Brasil,AMAPÁ,CALÇOENE,Amazônia
 1658629276 ,871b73b6-20f1-326a-a57b-306839216bb7,    2.784980 ,  -50.941470 ,2023-10-28 17:22:00,Brasil,AMAPÁ,CALÇOENE,Amazônia
 1658629277 ,5b0cb883-d8dd-3aba-b9ca-fe10c6a608b8,    2.514410 ,  -51.031190 ,2023-10-28 17:22:00,Brasil,AMAPÁ,CALÇOENE,Amazônia
 1658629278 ,6f2dae95-de6a-3518-b9ba-036973b4ca13,    2.321650 ,  -51.658550 ,2023-10-28 17:22:00,Brasil,AMAPÁ,CALÇOENE,Amazônia
 1658629279 ,8f13948c-dade-3932-84a6-3a96294e56ac,    2.253730 ,  -51.054180 ,2023-10-28 17:22:00,Brasil,AMAPÁ,CALÇOENE,Amazônia
 1658629280 ,fd82800e-1840-3862-b4b2-f851905c082f,    2.252450 ,  -51.063120 ,2023-10-28 17:22:00,Brasil,AMAPÁ,CALÇOENE,Amazônia
 1658629281 ,ba6573fe-2bda-311b-bf31-14c75d96235b,    1.217450 ,  -51.207690 ,2023-10-28 17:20:00,Brasil,AMAPÁ,TARTARUGALZINHO,Amazônia
 1658629282 ,9557bca1-a057-34e7-8cc6-adb374b872c4,    1.086020 ,  -52.557140 ,2023-10-28 17:20:00,Brasil,AMAPÁ,PEDRA BRANCA DO AMAPARI,Amazônia
 1658629283 ,64a5ee1d-8018-3c3d-afba-83ac9e30ba8f,    1.064100 ,  -52.201400 ,2023-10-28 17:20:00,Brasil,AMAPÁ,PEDRA BRANCA DO AMAPARI,Amazônia
 1658629284 ,dcb508e7-baab-3c46-9253-2087901e93d1,    1.018420 ,  -52.327380 ,2023-10-28 17:20:00,Brasil,AMAPÁ,PEDRA BRANCA DO AMAPARI,Amazônia
 1658629286 ,8fc90499-f8d6-3600-bf75-cb8ce672df58,     .982700 ,  -51.300180 ,2023-10-28 17:20:00,Brasil,AMAPÁ,TARTARUGALZINHO,Amazônia
 1658629287 ,33a9c58e-f5d3-31ea-ae87-53adeb62ce51,     .931980 ,  -51.968410 ,2023-10-28 17:20:00,Brasil,AMAPÁ,SERRA DO NAVIO,Amazônia
 1658629288 ,bfaa86a8-396f-37bb-9135-5f4520ca7e26,     .930200 ,  -52.169550 ,2023-10-28 17:20:00,Brasil,AMAPÁ,PEDRA BRANCA DO AMAPARI,Amazônia
 1658629289 ,49b15056-48be-32cf-85bf-89e09c5a28c9,     .921240 ,  -52.168220 ,2023-10-28 17:20:00,Brasil,AMAPÁ,PEDRA BRANCA DO AMAPARI,Amazônia
 1658629290 ,a8896e29-41e1-329d-9c44-893c2aadb2ac,     .919930 ,  -52.177230 ,2023-10-28 17:20:00,Brasil,AMAPÁ,PEDRA BRANCA DO AMAPARI,Amazônia
 1658629291 ,3d483ba4-d962-3fb0-8259-124934e77085,     .832690 ,  -52.021330 ,2023-10-28 17:20:00,Brasil,AMAPÁ,PEDRA BRANCA DO AMAPARI,Amazônia
 1658629292 ,12f74f1d-0a6b-3022-b617-6188544762c8,     .782200 ,  -51.412280 ,2023-10-28 17:20:00,Brasil,AMAPÁ,FERREIRA GOMES,Amazônia
 1658629293 ,535a0bf1-d06a-3bf3-bb37-67846598c246,     .780920 ,  -51.421120 ,2023-10-28 17:20:00,Brasil,AMAPÁ,FERREIRA GOMES,Amazônia
 1658629294 ,0dfa60ca-463c-3e1b-b889-6437c8c70d4d,     .611190 ,  -52.080360 ,2023-10-28 17:20:00,Brasil,AMAPÁ,PORTO GRANDE,Amazônia
 1658629295 ,afad1f74-817c-3dda-b6bc-603fba2cfcb0,     .609890 ,  -52.089340 ,2023-10-28 17:20:00,Brasil,AMAPÁ,PORTO GRANDE,Amazônia
 1658629296 ,ace56b66-0526-3094-942e-24900c148ec3,     .591790 ,  -51.580070 ,2023-10-28 17:20:00,Brasil,AMAPÁ,PORTO GRANDE,Amazônia
 1658629297 ,4173ded1-4f38-33ca-a3a5-c0861fe2afb8,     .534510 ,  -51.598900 ,2023-10-28 17:20:00,Brasil,AMAPÁ,PORTO GRANDE,Amazônia
 1658629298 ,38481c39-7b85-3ec0-a073-3adaff676f9a,     .346870 ,  -51.496030 ,2023-10-28 17:20:00,Brasil,AMAPÁ,SANTANA,Amazônia
 1658629299 ,9922592e-1769-3144-8ed2-9ad10ea1ffde,     .097240 ,  -51.495410 ,2023-10-28 17:20:00,Brasil,AMAPÁ,SANTANA,Amazônia
 1658629300 ,ad8b3a8a-acca-3fba-95e0-7dbb0b650bff,     .009630 ,  -51.467790 ,2023-10-28 17:20:00,Brasil,AMAPÁ,MAZAGÃO,Amazônia
 1658629301 ,28932044-b9f9-32b0-a877-cdc9c700bbf3,     .008350 ,  -51.476650 ,2023-10-28 17:20:00,Brasil,AMAPÁ,MAZAGÃO,Amazônia
 1658629302 ,9d547b5f-1c7f-313d-bcad-df20731583de,    -.049820 ,  -51.552340 ,2023-10-28 17:20:00,Brasil,AMAPÁ,MAZAGÃO,Amazônia
 1658629303 ,20f68a3f-9782-3ca8-8ed8-be4332394f83,    -.037810 ,  -51.669480 ,2023-10-28 17:20:00,Brasil,AMAPÁ,MAZAGÃO,Amazônia
 1658629304 ,e5131315-fa19-3e09-9f70-c96397b2a880,    -.699500 ,  -52.418250 ,2023-10-28 17:20:00,Brasil,AMAPÁ,LARANJAL DO JARI,Amazônia
 1658629305 ,2e64a7b5-e47e-3ee0-a47b-3d6d37a9e3cf,    -.698130 ,  -52.408850 ,2023-10-28 17:20:00,Brasil,AMAPÁ,LARANJAL DO JARI,Amazônia
 1658629306 ,771adfed-1a97-361d-ba61-aa8686c0c700,    -.636210 ,  -51.786100 ,2023-10-28 17:20:00,Brasil,AMAPÁ,MAZAGÃO,Amazônia
 1658629307 ,9f4f76f5-9e45-36f9-bd51-b6d90a9405d1,    -.634920 ,  -51.777120 ,2023-10-28 17:20:00,Brasil,AMAPÁ,MAZAGÃO,Amazônia
 1658629308 ,faed9717-9d24-3913-8660-58bb717756a4,    -.546320 ,  -51.805560 ,2023-10-28 17:20:00,Brasil,AMAPÁ,MAZAGÃO,Amazônia
 1658629309 ,fa2e0e41-60b5-3965-8b47-d108008a21ed,    -.545030 ,  -51.796580 ,2023-10-28 17:20:00,Brasil,AMAPÁ,MAZAGÃO,Amazônia
 1658629310 ,40dfe65f-a256-322a-8444-67f7ec9b9d94,    -.536860 ,  -51.803490 ,2023-10-28 17:20:00,Brasil,AMAPÁ,MAZAGÃO,Amazônia
 1658629311 ,b30443fc-2db5-332d-bf1b-bd307ed32430,    -.535550 ,  -51.794500 ,2023-10-28 17:20:00,Brasil,AMAPÁ,MAZAGÃO,Amazônia
 1658629312 ,8659f4f6-5f48-3691-a881-3d2f9900fb2b,    -.519620 ,  -52.064490 ,2023-10-28 17:20:00,Brasil,AMAPÁ,MAZAGÃO,Amazônia
 1658629313 ,cbc66d14-4bb2-3386-88ec-cca83527b0f5,    -.505630 ,  -51.588730 ,2023-10-28 17:20:00,Brasil,AMAPÁ,MAZAGÃO,Amazônia
 1658629314 ,ee8f1b55-8fa0-3139-bea6-83c5e50ecb0d,    -.504340 ,  -51.579820 ,2023-10-28 17:20:00,Brasil,AMAPÁ,MAZAGÃO,Amazônia
 1658629315 ,fb17ffb7-b61f-3dfe-be80-32d8b813dcf7,    -.458750 ,  -51.833170 ,2023-10-28 17:20:00,Brasil,AMAPÁ,MAZAGÃO,Amazônia
 1658629316 ,56aee137-14c1-3531-ad46-a26c6be77480,    -.299060 ,  -51.749630 ,2023-10-28 17:20:00,Brasil,AMAPÁ,MAZAGÃO,Amazônia
 1658629317 ,c2db5a2e-3f9e-389f-ad5a-18737c97f19a,    -.226810 ,  -51.638960 ,2023-10-28 17:20:00,Brasil,AMAPÁ,MAZAGÃO,Amazônia
 1658629318 ,d9ab5861-fc2d-30b1-9905-3b9b1c2fda66,    -.225520 ,  -51.630050 ,2023-10-28 17:20:00,Brasil,AMAPÁ,MAZAGÃO,Amazônia
 1658629344 ,10e12419-f0f8-3f9a-8bc7-aa7c8c0eb82a,    -.946620 ,  -51.963130 ,2023-10-28 17:20:00,Brasil,AMAPÁ,VITÓRIA DO JARI,Amazônia
 1658629345 ,37c59290-90e7-3c9e-bb53-5ab98219f188,    -.945320 ,  -51.954050 ,2023-10-28 17:20:00,Brasil,AMAPÁ,VITÓRIA DO JARI,Amazônia
 1658629346 ,f77283b7-4af5-3f2d-b751-3615818bc501,    -.915700 ,  -52.320600 ,2023-10-28 17:20:00,Brasil,AMAPÁ,VITÓRIA DO JARI,Amazônia
 1658629347 ,bafd5a6c-6dea-31a1-936d-f75d5e99c389,    -.910300 ,  -51.899950 ,2023-10-28 17:20:00,Brasil,AMAPÁ,VITÓRIA DO JARI,Amazônia
 1658629348 ,65c0d1f2-05e7-31a2-919a-5775b5076b4c,    -.898280 ,  -51.754200 ,2023-10-28 17:20:00,Brasil,AMAPÁ,VITÓRIA DO JARI,Amazônia
 1658629349 ,a5e92f92-367c-3098-9e9c-4622d9d83af1,    -.896970 ,  -51.745200 ,2023-10-28 17:20:00,Brasil,AMAPÁ,VITÓRIA DO JARI,Amazônia
 1658629350 ,8548b441-448d-3072-940d-009b33db413b,    -.861520 ,  -51.944100 ,2023-10-28 17:20:00,Brasil,AMAPÁ,LARANJAL DO JARI,Amazônia
 1658629351 ,26faafe9-459d-3a7f-95e1-19a97e9636c3,    -.842190 ,  -52.196140 ,2023-10-28 17:20:00,Brasil,AMAPÁ,VITÓRIA DO JARI,Amazônia
 1658629352 ,4fe19ab1-021e-30f7-a8ca-c7393147ba4b,    -.838070 ,  -51.781320 ,2023-10-28 17:20:00,Brasil,AMAPÁ,MAZAGÃO,Amazônia
 1658629353 ,a2afa006-602c-3293-bf83-ce1990921e4a,    -.836770 ,  -51.772320 ,2023-10-28 17:20:00,Brasil,AMAPÁ,MAZAGÃO,Amazônia
 1658629354 ,3d08cbda-3db3-3173-a176-0d08b7f5af29,    -.828300 ,  -52.292520 ,2023-10-28 17:20:00,Brasil,AMAPÁ,VITÓRIA DO JARI,Amazônia
 1658629355 ,aecb8ac3-fc66-3bf5-8dde-a91870dacca9,    -.826960 ,  -52.283250 ,2023-10-28 17:20:00,Brasil,AMAPÁ,VITÓRIA DO JARI,Amazônia
 1658629356 ,23ce8b74-3438-3ac9-b57c-dbaa059b5fe1,    -.810820 ,  -52.481930 ,2023-10-28 17:20:00,Brasil,AMAPÁ,LARANJAL DO JARI,Amazônia
 1658629357 ,3fda4b10-53c4-32e7-8433-b5c47feb3e4a,    -.809450 ,  -52.472530 ,2023-10-28 17:20:00,Brasil,AMAPÁ,LARANJAL DO JARI,Amazônia
 1658629358 ,fc4fe93d-dd0c-38f8-a917-929ef6092c74,    -.803020 ,  -52.492620 ,2023-10-28 17:20:00,Brasil,AMAPÁ,LARANJAL DO JARI,Amazônia
 1658629359 ,0c66a2f2-64f0-3853-8b4b-602343853bea,    -.802590 ,  -52.425560 ,2023-10-28 17:20:00,Brasil,AMAPÁ,LARANJAL DO JARI,Amazônia
 1658629360 ,8aa4566f-3b35-34e1-be12-ea1ce27f42b7,    -.801650 ,  -52.483220 ,2023-10-28 17:20:00,Brasil,AMAPÁ,LARANJAL DO JARI,Amazônia
 1658629361 ,a6d44dba-a857-30d4-8fa3-b9e14c8eb0d2,    -.793450 ,  -52.426930 ,2023-10-28 17:20:00,Brasil,AMAPÁ,LARANJAL DO JARI,Amazônia
 1658629398 ,b082b93e-4b4a-33bb-8729-2fb5c69fb765,   -1.196960 ,  -52.101570 ,2023-10-28 17:20:00,Brasil,AMAPÁ,VITÓRIA DO JARI,Amazônia
 1658629400 ,9a3ebff9-a991-3678-aab5-c9453f1941b4,   -1.117150 ,  -52.118760 ,2023-10-28 17:20:00,Brasil,AMAPÁ,VITÓRIA DO JARI,Amazônia
 1658629401 ,a5334dc9-f69b-3ca1-a7c0-8698e4131151,   -1.116300 ,  -51.926350 ,2023-10-28 17:20:00,Brasil,AMAPÁ,VITÓRIA DO JARI,Amazônia
 1658629402 ,9beebbde-a7bf-32ec-a4b5-cbe384af66fc,   -1.115810 ,  -52.109560 ,2023-10-28 17:20:00,Brasil,AMAPÁ,VITÓRIA DO JARI,Amazônia
 1658629403 ,1bf28c6f-aede-35bf-89bf-898a557aa1d0,   -1.109550 ,  -51.751590 ,2023-10-28 17:20:00,Brasil,AMAPÁ,VITÓRIA DO JARI,Amazônia
 1658629404 ,fd3bf239-7302-38f1-962d-834d742c87ac,   -1.109410 ,  -52.129260 ,2023-10-28 17:20:00,Brasil,AMAPÁ,VITÓRIA DO JARI,Amazônia
 1658629405 ,1afb4d0c-ecb8-3de2-803f-a3336df02d99,   -1.108080 ,  -52.120070 ,2023-10-28 17:20:00,Brasil,AMAPÁ,VITÓRIA DO JARI,Amazônia
 1658629406 ,3fc061a1-7b80-399e-9c2f-0946ccdf93a1,   -1.106750 ,  -52.110880 ,2023-10-28 17:20:00,Brasil,AMAPÁ,VITÓRIA DO JARI,Amazônia
 1658629408 ,69fe7cf2-55ae-326e-bb2d-6ef491546261,   -1.042790 ,  -52.373030 ,2023-10-28 17:20:00,Brasil,AMAPÁ,VITÓRIA DO JARI,Amazônia
 1658946147 ,cdf8421b-6e1c-3f50-8692-a8d37a6cfda7,    2.447480 ,  -50.865800 ,2023-10-30 17:07:00,Brasil,AMAPÁ,CALÇOENE,Amazônia
 1658946148 ,e24dcbca-ebb4-304e-b919-13832f6cd352,    2.444130 ,  -50.820180 ,2023-10-30 17:07:00,Brasil,AMAPÁ,CALÇOENE,Amazônia
 1658946149 ,40a84b87-d8d4-3540-9f19-b17b6f44e4aa,    1.948070 ,  -50.710380 ,2023-10-30 17:07:00,Brasil,AMAPÁ,AMAPÁ,Amazônia
 1658946150 ,b71bec8e-fddf-36a0-a3c0-b6d4f2541b4b,    1.922030 ,  -50.819930 ,2023-10-30 17:07:00,Brasil,AMAPÁ,AMAPÁ,Amazônia
 1658946151 ,4e971543-69b5-3af9-ad56-a0fae1069ae5,    1.910460 ,  -50.829640 ,2023-10-30 17:07:00,Brasil,AMAPÁ,AMAPÁ,Amazônia
 1658946152 ,97d8d6b9-35be-3dbc-945d-5cec9a3b4683,    1.890580 ,  -50.965290 ,2023-10-30 17:07:00,Brasil,AMAPÁ,AMAPÁ,Amazônia
 1658946153 ,7dd76aef-fe3c-30b0-9c89-3ff7b3d23008,    1.858340 ,  -50.690720 ,2023-10-30 17:07:00,Brasil,AMAPÁ,AMAPÁ,Amazônia
 1658946154 ,fcddfdc0-9ef6-3170-aade-25dbdccbfd01,    1.856750 ,  -50.701730 ,2023-10-30 17:07:00,Brasil,AMAPÁ,AMAPÁ,Amazônia
 1658946155 ,c3de68cf-9e78-32ba-9276-6b5954e3744c,    1.785380 ,  -50.562640 ,2023-10-30 17:07:00,Brasil,AMAPÁ,AMAPÁ,Amazônia
 1658946156 ,48a27bb7-07fe-364c-8b11-77301e9f0ca0,    1.703800 ,  -50.572810 ,2023-10-30 17:05:00,Brasil,AMAPÁ,PRACUÚBA,Amazônia
 1658946157 ,3bc502f2-6a9e-3e50-b8f9-a3490260afbc,    1.681120 ,  -50.574060 ,2023-10-30 17:05:00,Brasil,AMAPÁ,AMAPÁ,Amazônia
 1658946158 ,ea81061c-883c-331d-a02d-62dac9f440f8,    1.679540 ,  -50.584960 ,2023-10-30 17:05:00,Brasil,AMAPÁ,PRACUÚBA,Amazônia
 1658946159 ,42eb16d5-2ed9-3932-95f9-454191767dcd,    1.674490 ,  -50.550850 ,2023-10-30 17:05:00,Brasil,AMAPÁ,AMAPÁ,Amazônia
 1658946160 ,a6ccab20-45f7-3f70-acb4-27b5d2b0192b,    1.672900 ,  -50.561730 ,2023-10-30 17:05:00,Brasil,AMAPÁ,AMAPÁ,Amazônia
 1658946161 ,59283b3b-5a47-3d17-a6b9-57ccd2094d25,    1.671310 ,  -50.572610 ,2023-10-30 17:05:00,Brasil,AMAPÁ,AMAPÁ,Amazônia
 1658946162 ,dfd987ca-c8a9-3347-8b97-604846f0c2bf,    1.669720 ,  -50.583520 ,2023-10-30 17:05:00,Brasil,AMAPÁ,PRACUÚBA,Amazônia
 1658946163 ,09eefb94-d0d7-30a9-aba8-ef696a0af3f4,    1.664690 ,  -50.549410 ,2023-10-30 17:05:00,Brasil,AMAPÁ,AMAPÁ,Amazônia
 1658946164 ,12ebb7d5-9a44-3565-9a07-bcf15c612b47,    1.663100 ,  -50.560280 ,2023-10-30 17:05:00,Brasil,AMAPÁ,AMAPÁ,Amazônia
 1658946165 ,e2335d55-e455-38d6-8e7d-35337ff043c9,    1.654890 ,  -50.547960 ,2023-10-30 17:05:00,Brasil,AMAPÁ,AMAPÁ,Amazônia
 1658946166 ,2e04ace6-2466-39c0-a5f7-7b466325ae69,    1.653290 ,  -50.558830 ,2023-10-30 17:05:00,Brasil,AMAPÁ,AMAPÁ,Amazônia
 1658946167 ,6722b200-7e0e-3672-822f-d0fecbf9f395,    1.602140 ,  -51.045670 ,2023-10-30 17:05:00,Brasil,AMAPÁ,TARTARUGALZINHO,Amazônia
 1658946168 ,bde90821-0932-3075-b049-f8366ce7ddb8,    1.432230 ,  -50.808990 ,2023-10-30 17:05:00,Brasil,AMAPÁ,TARTARUGALZINHO,Amazônia
 1658946169 ,79aef4f3-bd03-3d6b-a1df-307e3cea1965,    1.360000 ,  -50.678060 ,2023-10-30 17:05:00,Brasil,AMAPÁ,TARTARUGALZINHO,Amazônia
 1658946170 ,7e9c1778-53a4-3723-be92-32263d77bca3,    1.270310 ,  -50.658220 ,2023-10-30 17:05:00,Brasil,AMAPÁ,TARTARUGALZINHO,Amazônia
 1658946171 ,5a9644f2-bf6c-33f5-b3f1-55cab3259c3a,     .967960 ,  -50.769320 ,2023-10-30 17:05:00,Brasil,AMAPÁ,CUTIAS,Amazônia
 1658946172 ,5ca1f84b-fb49-3ad4-9449-dd4500406a79,     .774530 ,  -50.693700 ,2023-10-30 17:05:00,Brasil,AMAPÁ,MACAPÁ,Amazônia
 1658946173 ,017c0b5a-c65a-3b7b-b53b-45c04c787949,    1.197700 ,  -49.897990 ,2023-10-30 17:05:00,Brasil,AMAPÁ,MACAPÁ,Amazônia
 1658946174 ,8596dd8c-93f9-3fc4-95d2-40c9b8508053,    1.159090 ,  -50.028130 ,2023-10-30 17:05:00,Brasil,AMAPÁ,MACAPÁ,Amazônia
 1658946175 ,0ce28c2c-82c0-39dd-b0d1-ef0c0b5c065d,    1.071060 ,  -50.137090 ,2023-10-30 17:05:00,Brasil,AMAPÁ,MACAPÁ,Amazônia
 1658946176 ,4f8489d4-637b-3347-b190-522b26edea6c,    1.069530 ,  -50.147560 ,2023-10-30 17:05:00,Brasil,AMAPÁ,MACAPÁ,Amazônia
 1658946177 ,8ee14bfe-34d9-3bdd-b73a-4e7d4772ac79,     .923520 ,  -50.791190 ,2023-10-30 17:05:00,Brasil,AMAPÁ,CUTIAS,Amazônia
 1658946178 ,3d8e7414-3c0f-348d-a2fa-a3a4e0f40cd8,     .800510 ,  -50.229950 ,2023-10-30 17:05:00,Brasil,AMAPÁ,MACAPÁ,Amazônia
 1658946182 ,c36d0006-e580-354f-9953-639afc809875,    -.211130 ,  -51.424350 ,2023-10-30 17:05:00,Brasil,AMAPÁ,MAZAGÃO,Amazônia
 1658946183 ,6b40f502-ebe7-3b96-9d43-a4052f82d909,    -.153430 ,  -51.326260 ,2023-10-30 17:05:00,Brasil,AMAPÁ,MAZAGÃO,Amazônia
 1658946184 ,35e28022-4d35-3e4b-a165-ecd58f08f4dc,    -.149740 ,  -51.332220 ,2023-10-30 17:05:00,Brasil,AMAPÁ,MAZAGÃO,Amazônia
 1658946185 ,8f8b3983-2273-36d6-b5c9-40447c22fecf,    -.147820 ,  -51.319310 ,2023-10-30 17:05:00,Brasil,AMAPÁ,MAZAGÃO,Amazônia
 1658946186 ,5a4bfdba-04a7-3bf1-b921-59a059bb76c8,     .334170 ,  -50.763350 ,2023-10-30 17:05:00,Brasil,AMAPÁ,MACAPÁ,Amazônia
 1658946187 ,44102168-98ce-3e6d-a249-f185dbb3cb45,     .332460 ,  -50.775020 ,2023-10-30 17:05:00,Brasil,AMAPÁ,MACAPÁ,Amazônia
 1658946188 ,ded9f89a-bf64-3139-b697-de1b612b8ac7,     .330750 ,  -50.786700 ,2023-10-30 17:05:00,Brasil,AMAPÁ,MACAPÁ,Amazônia
 1658946189 ,2f627b38-311e-38ec-af08-5d9454c0ed1c,     .235840 ,  -51.359920 ,2023-10-30 17:05:00,Brasil,AMAPÁ,SANTANA,Amazônia
 1658946190 ,5641dcf1-ff11-3020-8433-0882e71b6c28,     .059370 ,  -51.309040 ,2023-10-30 17:05:00,Brasil,AMAPÁ,SANTANA,Amazônia
 1658946191 ,abbad560-d43e-3e20-b76a-50593a1ba405,    -.290020 ,  -51.406220 ,2023-10-30 17:05:00,Brasil,AMAPÁ,MAZAGÃO,Amazônia
 1658946243 ,6aefac53-9e77-3418-83a3-cf4faba17e4b,    3.768400 ,  -51.549710 ,2023-10-30 17:07:00,Brasil,AMAPÁ,OIAPOQUE,Amazônia
 1658946244 ,3ab8a4f5-90c3-36cc-bd42-da4feb5b7b88,    3.766680 ,  -51.555970 ,2023-10-30 17:07:00,Brasil,AMAPÁ,OIAPOQUE,Amazônia
 1658946245 ,7d684e31-3859-3946-b1fb-40870ce06d3f,    3.472130 ,  -51.136590 ,2023-10-30 17:07:00,Brasil,AMAPÁ,CALÇOENE,Amazônia
 1658946246 ,99abf9ed-ef1d-3707-9c8d-7c31aa9a34b6,    3.460520 ,  -51.146270 ,2023-10-30 17:07:00,Brasil,AMAPÁ,CALÇOENE,Amazônia
 1658946247 ,835c453f-bac3-3a26-a61b-c1d9ca719e48,    3.460120 ,  -51.139680 ,2023-10-30 17:07:00,Brasil,AMAPÁ,CALÇOENE,Amazônia
 1658946248 ,a20b5cd0-2d0e-31d6-af0e-4722ad572fe4,    3.450200 ,  -51.138190 ,2023-10-30 17:07:00,Brasil,AMAPÁ,CALÇOENE,Amazônia
 1658946249 ,ff86130f-2169-3f48-a018-4c2b504eaf2c,    3.440280 ,  -51.136700 ,2023-10-30 17:07:00,Brasil,AMAPÁ,CALÇOENE,Amazônia
 1658946250 ,06efc468-24a0-3a5e-a84f-2c9d634b0ead,    3.235250 ,  -51.209180 ,2023-10-30 17:07:00,Brasil,AMAPÁ,OIAPOQUE,Amazônia
 1658946251 ,2bb7e813-2edc-3dc6-83b0-a5bee8325452,    2.576220 ,  -51.034190 ,2023-10-30 17:07:00,Brasil,AMAPÁ,CALÇOENE,Amazônia
 1658946252 ,2cc3f071-f802-3734-a551-f9558c346b6c,    2.574520 ,  -51.045480 ,2023-10-30 17:07:00,Brasil,AMAPÁ,CALÇOENE,Amazônia
 1658946253 ,0b6d47dc-5542-370f-ad33-9546bcaa3e7b,    2.539640 ,  -50.930480 ,2023-10-30 17:07:00,Brasil,AMAPÁ,CALÇOENE,Amazônia
 1658946254 ,68603227-e165-3f6d-98b5-989a720e9a4a,    2.538000 ,  -50.941670 ,2023-10-30 17:07:00,Brasil,AMAPÁ,CALÇOENE,Amazônia
 1658946255 ,0c71b2c3-993b-39ee-9392-14263016e7d4,    2.370550 ,  -51.457220 ,2023-10-30 17:07:00,Brasil,AMAPÁ,CALÇOENE,Amazônia
 1658946256 ,57f72878-1859-34f7-95ba-d38752d4a530,    1.215740 ,  -52.577510 ,2023-10-30 17:05:00,Brasil,AMAPÁ,PEDRA BRANCA DO AMAPARI,Amazônia
 1658946257 ,a7557162-3a1d-342d-a54b-f249df8514b1,    1.215640 ,  -52.586090 ,2023-10-30 17:05:00,Brasil,AMAPÁ,PEDRA BRANCA DO AMAPARI,Amazônia
 1658946258 ,0ec5e526-a76b-3723-a9a4-1c84ca4f9353,     .952830 ,  -52.488800 ,2023-10-30 17:05:00,Brasil,AMAPÁ,PEDRA BRANCA DO AMAPARI,Amazônia
 1658946259 ,43d43578-17e7-3b59-9f02-e2a91335b47f,     .941830 ,  -52.497510 ,2023-10-30 17:05:00,Brasil,AMAPÁ,PEDRA BRANCA DO AMAPARI,Amazônia
 1658946260 ,984024de-4ab5-3fc2-ad4a-1d4a28f3dbb9,     .769940 ,  -51.408810 ,2023-10-30 17:05:00,Brasil,AMAPÁ,FERREIRA GOMES,Amazônia
 1658946261 ,6315e7ed-da1d-3ba3-9b4e-2ab38905392d,    -.702730 ,  -51.797870 ,2023-10-30 17:05:00,Brasil,AMAPÁ,MAZAGÃO,Amazônia
 1658946262 ,da3f077d-6a7c-338f-8d1b-5221aa642a26,     .556000 ,  -51.536300 ,2023-10-30 17:05:00,Brasil,AMAPÁ,PORTO GRANDE,Amazônia
 1658946263 ,e1b8c95a-a812-382a-95fc-c7f5853e1d82,     .554060 ,  -51.549250 ,2023-10-30 17:05:00,Brasil,AMAPÁ,PORTO GRANDE,Amazônia
 1658946264 ,2be97603-87d8-3f95-8c43-e3c0dc18aa58,     .551790 ,  -51.385360 ,2023-10-30 17:05:00,Brasil,AMAPÁ,PORTO GRANDE,Amazônia
 1658946265 ,1018eee6-25c1-3f2c-835c-32500774fe0c,    -.715900 ,  -51.810450 ,2023-10-30 17:05:00,Brasil,AMAPÁ,MAZAGÃO,Amazônia
 1658946266 ,6dc238ad-f4ee-3b77-94b0-eaa098d6d1bf,    -.704770 ,  -51.812150 ,2023-10-30 17:05:00,Brasil,AMAPÁ,MAZAGÃO,Amazônia
 1658946267 ,d62934d2-33d2-356a-bb22-4a7dd1c4178e,    -.400860 ,  -51.617910 ,2023-10-30 17:05:00,Brasil,AMAPÁ,MAZAGÃO,Amazônia
 1658946268 ,011971eb-b16b-3b1f-a117-0d0949cc3f4a,    -.388000 ,  -51.605840 ,2023-10-30 17:05:00,Brasil,AMAPÁ,MAZAGÃO,Amazônia
 1658946269 ,b8e16d4d-5eac-3a47-a42d-81371a33062b,    -.072940 ,  -51.661500 ,2023-10-30 17:05:00,Brasil,AMAPÁ,MAZAGÃO,Amazônia
 1658946270 ,64485361-d3ec-3f4c-83d2-3f5ae43ef9e1,    -.046320 ,  -51.555160 ,2023-10-30 17:05:00,Brasil,AMAPÁ,MAZAGÃO,Amazônia
 1658946271 ,ca46c101-6cd9-3eb9-8135-a6ea1b096041,     .550750 ,  -51.543350 ,2023-10-30 17:05:00,Brasil,AMAPÁ,PORTO GRANDE,Amazônia
 1658946272 ,0b119280-d946-3410-9ffd-556f15d65096,     .548900 ,  -51.556300 ,2023-10-30 17:05:00,Brasil,AMAPÁ,PORTO GRANDE,Amazônia
 1658946273 ,0bf7399f-17f1-3fa8-a1e9-979e08478135,    -.198020 ,  -51.562270 ,2023-10-30 17:05:00,Brasil,AMAPÁ,MAZAGÃO,Amazônia
 1658946274 ,297ab9cc-cb7c-3004-bec1-e9b7edc41b1f,    -.070960 ,  -51.648030 ,2023-10-30 17:05:00,Brasil,AMAPÁ,MAZAGÃO,Amazônia
 1658946278 ,3409fb39-d1ca-3d7d-baab-58d15c437294,    -.838070 ,  -51.787580 ,2023-10-30 17:05:00,Brasil,AMAPÁ,MAZAGÃO,Amazônia
 1658946279 ,bf5fd44b-827f-3e12-84d0-fd1a20b89109,    -.892160 ,  -51.758420 ,2023-10-30 17:05:00,Brasil,AMAPÁ,VITÓRIA DO JARI,Amazônia
 1659140127 ,711000d0-0c58-3d49-aafa-bb386df41287,    -.631240 ,  -51.779020 ,2023-11-01 16:50:00,Brasil,AMAPÁ,MAZAGÃO,Amazônia
 1659140128 ,a1c94241-5213-3708-8445-77638cc1b7b5,    -.320460 ,  -51.733860 ,2023-11-01 16:50:00,Brasil,AMAPÁ,MAZAGÃO,Amazônia
 1659140129 ,b93b844e-742f-3178-ade9-74fe211b7030,    -.319850 ,  -51.726820 ,2023-11-01 16:50:00,Brasil,AMAPÁ,MAZAGÃO,Amazônia
 1659140130 ,0fa29fab-df28-39c0-b042-ad6e7c0738d3,    -.316330 ,  -51.706650 ,2023-11-01 16:50:00,Brasil,AMAPÁ,MAZAGÃO,Amazônia
 1659140131 ,e3a54648-c7d8-36d4-826c-aadcdc8166b3,    -.301440 ,  -51.708870 ,2023-11-01 16:50:00,Brasil,AMAPÁ,MAZAGÃO,Amazônia
 1659140133 ,593d2466-d617-3907-9343-30b0a64b1468,    -.228950 ,  -51.526220 ,2023-11-01 16:50:00,Brasil,AMAPÁ,MAZAGÃO,Amazônia
 1659140134 ,dca40a03-25a6-34fe-a109-f94f20cddf55,    -.225070 ,  -51.499790 ,2023-11-01 16:50:00,Brasil,AMAPÁ,MAZAGÃO,Amazônia
 1659140843 ,28ccbdd9-9ded-3dee-8c8c-1557fc827fd6,    3.488300 ,  -51.158200 ,2023-11-01 16:52:00,Brasil,AMAPÁ,CALÇOENE,Amazônia
 1659140844 ,691cd487-92b2-34c8-9c1f-a6d8ec641cf3,    3.485010 ,  -51.179530 ,2023-11-01 16:52:00,Brasil,AMAPÁ,CALÇOENE,Amazônia
 1659140845 ,6a90248e-fcc3-34cf-8d14-41b238d3e4b7,    3.425850 ,  -51.141520 ,2023-11-01 16:52:00,Brasil,AMAPÁ,CALÇOENE,Amazônia
 1659140846 ,05f52729-3bba-31c3-bed4-42206caacff3,    3.402790 ,  -51.293250 ,2023-11-01 16:52:00,Brasil,AMAPÁ,OIAPOQUE,Amazônia
 1659140847 ,e02df5fd-7049-31a3-9b11-d48a784180e2,    2.463190 ,  -50.842290 ,2023-11-01 16:52:00,Brasil,AMAPÁ,CALÇOENE,Amazônia
 1659140848 ,b5692c18-7e6b-3709-bbe9-039d299217b0,    2.460050 ,  -50.863290 ,2023-11-01 16:52:00,Brasil,AMAPÁ,CALÇOENE,Amazônia
 1659140849 ,f05eb021-f829-3dba-a398-84aacea65d75,    2.458880 ,  -50.846750 ,2023-11-01 16:52:00,Brasil,AMAPÁ,CALÇOENE,Amazônia
 1659140850 ,24d125b2-bfa2-3105-847f-3ffd76c032a4,    2.232780 ,  -50.795270 ,2023-11-01 16:52:00,Brasil,AMAPÁ,CALÇOENE,Amazônia
 1659140851 ,4a98ca01-3316-30f8-b84a-5748e72ff958,    1.811440 ,  -50.636750 ,2023-11-01 16:52:00,Brasil,AMAPÁ,PRACUÚBA,Amazônia
 1659140852 ,6664ee5a-3a52-37c6-ac44-5a3f99fa8d58,    1.807740 ,  -50.572860 ,2023-11-01 16:52:00,Brasil,AMAPÁ,AMAPÁ,Amazônia
 1659140853 ,a12f10fa-3d1a-3796-a07e-17e02f8baf23,    1.804600 ,  -50.593430 ,2023-11-01 16:52:00,Brasil,AMAPÁ,AMAPÁ,Amazônia
 1659140854 ,1aabf993-34ca-3391-9f39-a604ea7f71cc,    1.801440 ,  -50.614060 ,2023-11-01 16:52:00,Brasil,AMAPÁ,AMAPÁ,Amazônia
 1659140855 ,d8d85d3d-98c1-308b-a913-d262496b2389,    1.789780 ,  -50.961310 ,2023-11-01 16:52:00,Brasil,AMAPÁ,PRACUÚBA,Amazônia
 1659140856 ,30b05d95-fd34-383d-a2fb-ddf6c6c6aa15,    1.752460 ,  -50.844490 ,2023-11-01 16:52:00,Brasil,AMAPÁ,PRACUÚBA,Amazônia
 1659140857 ,9d322c7b-3f10-3e60-8a41-22d5fb883de5,    1.746280 ,  -50.643300 ,2023-11-01 16:52:00,Brasil,AMAPÁ,PRACUÚBA,Amazônia
 1659140858 ,686d9053-1b78-3909-8cb0-8cf9c645e52f,    1.744520 ,  -50.838490 ,2023-11-01 16:52:00,Brasil,AMAPÁ,PRACUÚBA,Amazônia
 1659140859 ,b22cc770-49e1-3f4e-a741-50ec2f2ea08f,    1.689960 ,  -50.571220 ,2023-11-01 16:52:00,Brasil,AMAPÁ,AMAPÁ,Amazônia
 1659140860 ,70aef712-85bd-3afc-ae13-65b672af9609,    1.689580 ,  -50.585300 ,2023-11-01 16:52:00,Brasil,AMAPÁ,PRACUÚBA,Amazônia
 1659140861 ,3023eadb-3535-3d40-b97c-0ed1f72884db,    1.679490 ,  -50.562660 ,2023-11-01 16:52:00,Brasil,AMAPÁ,AMAPÁ,Amazônia
 1659140862 ,3dc4c037-39aa-399e-a5f4-9c97fdfdf41b,    1.671110 ,  -50.710960 ,2023-11-01 16:52:00,Brasil,AMAPÁ,PRACUÚBA,Amazônia
 1659140863 ,e2bbd209-7e76-3490-a36b-c6b2f660540c,    1.667300 ,  -50.717320 ,2023-11-01 16:52:00,Brasil,AMAPÁ,PRACUÚBA,Amazônia
 1659140864 ,2372e231-9872-3b45-b084-80a104a4954c,    1.640130 ,  -50.556730 ,2023-11-01 16:52:00,Brasil,AMAPÁ,PRACUÚBA,Amazônia
 1659140865 ,95689fa6-ec1a-318e-b39c-27cc6538f936,    1.627010 ,  -50.554750 ,2023-11-01 16:52:00,Brasil,AMAPÁ,PRACUÚBA,Amazônia
 1659140866 ,5bd9160e-284e-3edb-a83f-6ca12f7067b4,    1.623860 ,  -50.575400 ,2023-11-01 16:52:00,Brasil,AMAPÁ,PRACUÚBA,Amazônia
 1659140867 ,8f64c31a-d5bb-359f-afc8-a9b64f68c644,    1.617320 ,  -50.548470 ,2023-11-01 16:52:00,Brasil,AMAPÁ,PRACUÚBA,Amazônia
 1659140868 ,55915c90-8e87-3d6e-851f-a80d54a2413b,    1.578790 ,  -50.627600 ,2023-11-01 16:52:00,Brasil,AMAPÁ,PRACUÚBA,Amazônia
 1659140869 ,34c86d64-acd7-36ac-a1fd-b43ca07318b0,    1.575680 ,  -50.648600 ,2023-11-01 16:52:00,Brasil,AMAPÁ,PRACUÚBA,Amazônia
 1659140870 ,6647c68f-9176-36c9-a541-eff53bda36b9,    1.574690 ,  -50.631860 ,2023-11-01 16:52:00,Brasil,AMAPÁ,PRACUÚBA,Amazônia
 1659140871 ,369290ed-9c28-3b1c-81f5-ad3736c11600,    1.219990 ,  -50.728770 ,2023-11-01 16:50:00,Brasil,AMAPÁ,TARTARUGALZINHO,Amazônia
 1659140872 ,4682c644-317b-311f-8618-9da64335ebd1,    1.157230 ,  -51.325710 ,2023-11-01 16:50:00,Brasil,AMAPÁ,TARTARUGALZINHO,Amazônia
 1659140873 ,1fde001c-e375-35d8-adae-13a9b8799866,    1.144690 ,  -50.016870 ,2023-11-01 16:50:00,Brasil,AMAPÁ,MACAPÁ,Amazônia
 1659140874 ,663865c1-e440-3264-ac13-cc9996e2d7cd,    1.144480 ,  -50.021720 ,2023-11-01 16:50:00,Brasil,AMAPÁ,MACAPÁ,Amazônia
 1659140875 ,9a1882a0-d655-350f-9a9a-2838496b97e6,    1.141950 ,  -50.035890 ,2023-11-01 16:50:00,Brasil,AMAPÁ,MACAPÁ,Amazônia
 1659140876 ,e4907cae-ca62-3668-b5f2-cdb8a998d899,     .914580 ,  -50.250150 ,2023-11-01 16:50:00,Brasil,AMAPÁ,MACAPÁ,Amazônia
 1659140877 ,c1946c08-696b-3888-b278-8ea993096a17,     .912190 ,  -50.254830 ,2023-11-01 16:50:00,Brasil,AMAPÁ,MACAPÁ,Amazônia
 1659140878 ,a19eff33-0efc-3105-8168-547f11c40b33,     .911660 ,  -50.270260 ,2023-11-01 16:50:00,Brasil,AMAPÁ,MACAPÁ,Amazônia
 1659140879 ,f37a21ba-218f-3f78-833d-ac063b7a0e72,     .824020 ,  -50.148510 ,2023-11-01 16:50:00,Brasil,AMAPÁ,MACAPÁ,Amazônia
 1659140880 ,06d89fb9-07ea-3c02-80b2-3b973c878dcf,     .605570 ,  -51.540150 ,2023-11-01 16:50:00,Brasil,AMAPÁ,PORTO GRANDE,Amazônia
 1659140881 ,0a86c6cc-1b30-3ca9-b566-e5542a8e8778,     .502610 ,  -51.631320 ,2023-11-01 16:50:00,Brasil,AMAPÁ,PORTO GRANDE,Amazônia
 1659140882 ,ca21ada2-1784-3355-a5ed-8a9a605a2121,     .502050 ,  -51.626230 ,2023-11-01 16:50:00,Brasil,AMAPÁ,PORTO GRANDE,Amazônia
 1659140883 ,b85c6b1c-7d4b-3e9c-9856-1b1b98fbe51b,     .498540 ,  -51.657580 ,2023-11-01 16:50:00,Brasil,AMAPÁ,PORTO GRANDE,Amazônia
 1659140884 ,4911c2af-ac1a-3e69-b25f-f0c17b732405,     .498170 ,  -51.652580 ,2023-11-01 16:50:00,Brasil,AMAPÁ,PORTO GRANDE,Amazônia
 1659140885 ,f97a1dca-4632-30d2-a644-ddaec1a0baab,     .401230 ,  -51.291780 ,2023-11-01 16:50:00,Brasil,AMAPÁ,MACAPÁ,Amazônia
 1659140886 ,fd284e41-e585-35b4-9093-92e125ea1a6f,     .322980 ,  -50.784900 ,2023-11-01 16:50:00,Brasil,AMAPÁ,MACAPÁ,Amazônia
 1659141301 ,38e8f937-0a3c-3057-95df-9db62a87ed7d,   -1.087830 ,  -52.299290 ,2023-11-01 16:50:00,Brasil,AMAPÁ,VITÓRIA DO JARI,Amazônia
 1659291682 ,ece598cc-52b9-34cf-8351-9d508d719d20,    2.293320 ,  -50.917990 ,2023-11-02 17:32:00,Brasil,AMAPÁ,CALÇOENE,Amazônia
 1659291683 ,4f8be4d1-a67c-31d0-beb1-de5026ad0380,    2.291570 ,  -50.930120 ,2023-11-02 17:32:00,Brasil,AMAPÁ,CALÇOENE,Amazônia
 1659291684 ,73322a29-f9b8-3adb-91c2-6fea126c85b4,    2.217460 ,  -50.800390 ,2023-11-02 17:32:00,Brasil,AMAPÁ,CALÇOENE,Amazônia
 1659291685 ,25d3f014-1d0e-3e34-9ead-5e8a63cf0d40,    1.962670 ,  -50.733280 ,2023-11-02 17:32:00,Brasil,AMAPÁ,AMAPÁ,Amazônia
 1659291686 ,77482773-b6a4-3281-9eee-ab13a76c7c9a,    1.815570 ,  -50.591090 ,2023-11-02 17:32:00,Brasil,AMAPÁ,AMAPÁ,Amazônia
 1659291687 ,30ba448c-af41-3452-b67c-28aad050e484,    1.812860 ,  -50.572090 ,2023-11-02 17:32:00,Brasil,AMAPÁ,AMAPÁ,Amazônia
 1659291688 ,0fe045a7-52c2-3fc1-99d4-115d5f8d643f,    1.811030 ,  -50.584660 ,2023-11-02 17:32:00,Brasil,AMAPÁ,AMAPÁ,Amazônia
 1659291689 ,b66500a3-eff0-3ae7-b1df-c1dbb98f2d8e,    1.700140 ,  -50.562110 ,2023-11-02 17:32:00,Brasil,AMAPÁ,AMAPÁ,Amazônia
 1659291690 ,70891283-d49b-3942-8716-dbec8f7c335a,    1.698320 ,  -50.574670 ,2023-11-02 17:32:00,Brasil,AMAPÁ,PRACUÚBA,Amazônia
 1659291691 ,2efc37dc-46be-324d-9a8f-ecdfb93a9008,    1.689650 ,  -50.560600 ,2023-11-02 17:32:00,Brasil,AMAPÁ,AMAPÁ,Amazônia
 1659291692 ,35fbe6fe-8bbb-3e93-b2ef-2823b42a2cef,    1.644160 ,  -50.579670 ,2023-11-02 17:32:00,Brasil,AMAPÁ,PRACUÚBA,Amazônia
 1659291693 ,b449b574-b704-3a05-aee7-5b9ac0d9055f,    1.633690 ,  -50.578160 ,2023-11-02 17:32:00,Brasil,AMAPÁ,PRACUÚBA,Amazônia
 1659291694 ,1be7a2f0-da1e-356f-92ea-1f65f6bac821,    2.229640 ,  -50.789540 ,2023-11-02 17:32:00,Brasil,AMAPÁ,CALÇOENE,Amazônia
 1659291695 ,131add61-8570-3e9b-8d7e-26c2aa0f40be,    1.817320 ,  -50.578500 ,2023-11-02 17:32:00,Brasil,AMAPÁ,AMAPÁ,Amazônia
 1659291696 ,0f9c1e4b-329c-3f3f-9a78-819712a9593d,    1.783170 ,  -50.554990 ,2023-11-02 17:32:00,Brasil,AMAPÁ,AMAPÁ,Amazônia
 1659291697 ,6b29ee65-46ba-3bd0-b84b-7d040acaf7d5,    1.772660 ,  -50.553470 ,2023-11-02 17:32:00,Brasil,AMAPÁ,AMAPÁ,Amazônia
 1659291698 ,acd01f77-c612-3af5-9dd4-e792604da446,    1.758340 ,  -50.653640 ,2023-11-02 17:32:00,Brasil,AMAPÁ,PRACUÚBA,Amazônia
 1659291699 ,148d58d4-91c9-37c3-80fd-2552389cfa80,    1.687840 ,  -50.573160 ,2023-11-02 17:32:00,Brasil,AMAPÁ,AMAPÁ,Amazônia
 1659291700 ,70a07edb-64e4-3e65-9935-a42442c4df43,    1.639430 ,  -50.573200 ,2023-11-02 17:32:00,Brasil,AMAPÁ,PRACUÚBA,Amazônia
 1659291701 ,0d30c3f4-0bc8-3748-be3e-3769e38d760e,    1.637590 ,  -50.585700 ,2023-11-02 17:32:00,Brasil,AMAPÁ,PRACUÚBA,Amazônia
 1659291702 ,e057b125-ea90-3f4b-bee2-66244ae5e43d,    1.074740 ,  -50.140120 ,2023-11-02 17:32:00,Brasil,AMAPÁ,MACAPÁ,Amazônia
 1659291703 ,2cb94419-5f7d-3d61-bf2f-730694d180aa,     .927110 ,  -50.265680 ,2023-11-02 17:32:00,Brasil,AMAPÁ,MACAPÁ,Amazônia
 1659291704 ,ad47aaf0-7dca-3730-a71b-3f6fa74e5bbe,     .330920 ,  -51.050600 ,2023-11-02 17:32:00,Brasil,AMAPÁ,MACAPÁ,Amazônia
 1659291705 ,3a818fc7-1ce1-377e-9aa7-58a664e94a75,     .278080 ,  -51.065770 ,2023-11-02 17:32:00,Brasil,AMAPÁ,MACAPÁ,Amazônia
 1659291706 ,9d0bd3a7-7073-3eca-ba8e-412d09e411d8,     .276500 ,  -51.076920 ,2023-11-02 17:32:00,Brasil,AMAPÁ,MACAPÁ,Amazônia
 1659291707 ,348fb912-1305-3f97-a728-b6a91f669823,     .267170 ,  -51.069900 ,2023-11-02 17:32:00,Brasil,AMAPÁ,MACAPÁ,Amazônia
 1659291708 ,d7cea736-1a7b-35b2-8d9c-7fd9af137a7c,     .159240 ,  -51.103990 ,2023-11-02 17:32:00,Brasil,AMAPÁ,MACAPÁ,Amazônia
 1659291709 ,86d7cd82-8fbc-32db-9a1c-718ecb760c0d,    -.249470 ,  -51.446900 ,2023-11-02 17:32:00,Brasil,AMAPÁ,MAZAGÃO,Amazônia
 1659291710 ,4172c863-0922-34b6-b6ed-fdd0d65401ce,    -.247930 ,  -51.436470 ,2023-11-02 17:32:00,Brasil,AMAPÁ,MAZAGÃO,Amazônia
 1659291711 ,4beff9d6-d1ac-38ae-bc4e-b966daf825f0,    -.168530 ,  -51.325610 ,2023-11-02 17:32:00,Brasil,AMAPÁ,MAZAGÃO,Amazônia
 1659291712 ,dd4181ea-5df2-3cd0-bd57-975bd83a7514,    -.049230 ,  -51.337800 ,2023-11-02 17:32:00,Brasil,AMAPÁ,SANTANA,Amazônia
 1659291713 ,f6003551-f6dd-348d-9a91-94d97112086f,     .328500 ,  -50.782590 ,2023-11-02 17:32:00,Brasil,AMAPÁ,MACAPÁ,Amazônia
 1659291714 ,ba0e2d6d-fe52-3d1b-af67-9ab199dd035c,     .157630 ,  -51.115020 ,2023-11-02 17:32:00,Brasil,AMAPÁ,MACAPÁ,Amazônia
 1659291715 ,67bf598c-e70d-37bb-9ab5-a34eb012dd74,     .149370 ,  -51.102550 ,2023-11-02 17:32:00,Brasil,AMAPÁ,MACAPÁ,Amazônia
 1659291716 ,0ee96ea8-10e8-338e-a7cd-84c2a82e277b,     .064390 ,  -51.196400 ,2023-11-02 17:32:00,Brasil,AMAPÁ,MACAPÁ,Amazônia
 1659291876 ,bb65454d-0b21-3977-91ef-e1cea72a138c,    3.504980 ,  -51.152580 ,2023-11-02 17:32:00,Brasil,AMAPÁ,CALÇOENE,Amazônia
 1659291877 ,70190f1e-0630-3eb4-b2d3-faabac623aea,    3.503280 ,  -51.164760 ,2023-11-02 17:32:00,Brasil,AMAPÁ,CALÇOENE,Amazônia
 1659291878 ,46e5f6a8-717c-3872-b4be-789e54ee458b,    3.421950 ,  -51.158960 ,2023-11-02 17:32:00,Brasil,AMAPÁ,CALÇOENE,Amazônia
 1659291879 ,e5a306d8-127b-3ea0-a45b-53637b6967ba,    3.489150 ,  -51.131200 ,2023-11-02 17:32:00,Brasil,AMAPÁ,CALÇOENE,Amazônia
 1659291880 ,abfa0b29-b176-3b7e-a204-83fa2fedcb5e,    3.432260 ,  -51.160430 ,2023-11-02 17:32:00,Brasil,AMAPÁ,CALÇOENE,Amazônia
 1659291881 ,32423144-6b34-3c7f-91ff-5f91f3d4d6a1,    1.088590 ,  -52.492070 ,2023-11-02 17:32:00,Brasil,AMAPÁ,PEDRA BRANCA DO AMAPARI,Amazônia
 1659291882 ,05a00c11-c9ae-3175-ba82-2ffdaa070422,     .829530 ,  -51.351770 ,2023-11-02 17:32:00,Brasil,AMAPÁ,FERREIRA GOMES,Amazônia
 1659291883 ,c749e0ea-4177-3050-9528-555bc5fb6ad0,     .827980 ,  -51.362570 ,2023-11-02 17:32:00,Brasil,AMAPÁ,FERREIRA GOMES,Amazônia
 1659291884 ,c28d9cff-3d97-3fef-aa0e-77dd4a0254de,    -.717920 ,  -51.800280 ,2023-11-02 17:32:00,Brasil,AMAPÁ,MAZAGÃO,Amazônia
 1659291885 ,f9ccf6c6-d8c0-3d5e-b2bf-62fe6269a0df,    -.708530 ,  -51.801620 ,2023-11-02 17:32:00,Brasil,AMAPÁ,MAZAGÃO,Amazônia
 1659291886 ,7c15a38f-3941-329f-9b04-92276512f763,    -.707090 ,  -51.791690 ,2023-11-02 17:32:00,Brasil,AMAPÁ,MAZAGÃO,Amazônia
 1659291887 ,c32e470f-f9ca-3c6c-9c1e-c5ae86745764,    -.539450 ,  -51.706040 ,2023-11-02 17:32:00,Brasil,AMAPÁ,MAZAGÃO,Amazônia
 1659291888 ,fda77de1-3e55-3f0b-85cd-3ed4b98c940d,    -.441500 ,  -51.737170 ,2023-11-02 17:32:00,Brasil,AMAPÁ,MAZAGÃO,Amazônia
 1659291889 ,e640d4f3-de06-3fa1-8a9e-d8948084a5bb,    -.440050 ,  -51.727150 ,2023-11-02 17:32:00,Brasil,AMAPÁ,MAZAGÃO,Amazônia
 1659291890 ,bcebd585-80fc-3bc1-8107-1ce32a42c8f9,    -.434950 ,  -51.758630 ,2023-11-02 17:32:00,Brasil,AMAPÁ,MAZAGÃO,Amazônia
 1659291891 ,2fb2d89a-9f36-3f6b-a530-8883e2d30414,    -.377020 ,  -51.559980 ,2023-11-02 17:32:00,Brasil,AMAPÁ,MAZAGÃO,Amazônia
 1659291892 ,f4c03abf-0627-3867-88ef-31dfafebb3f3,    -.371980 ,  -51.592080 ,2023-11-02 17:32:00,Brasil,AMAPÁ,MAZAGÃO,Amazônia
 1659291893 ,f4ce7f20-b43a-3ca9-97f5-ef71462acb10,    -.317140 ,  -51.709600 ,2023-11-02 17:32:00,Brasil,AMAPÁ,MAZAGÃO,Amazônia
 1659291894 ,16fe559a-6e35-31d3-90c6-dc5d8d43e7a4,     .623080 ,  -51.506870 ,2023-11-02 17:32:00,Brasil,AMAPÁ,PORTO GRANDE,Amazônia
 1659291896 ,10147b00-2717-346f-824d-b648acfd4a39,    -.910990 ,  -51.729210 ,2023-11-02 17:32:00,Brasil,AMAPÁ,VITÓRIA DO JARI,Amazônia
 1659291897 ,7fa3ff04-78ca-3cd8-9234-1f64eff55630,    -.876250 ,  -51.885410 ,2023-11-02 17:32:00,Brasil,AMAPÁ,MAZAGÃO,Amazônia
 1659291898 ,df8e0896-c026-36bc-a802-810ce040b22a,    -.874810 ,  -51.875610 ,2023-11-02 17:32:00,Brasil,AMAPÁ,MAZAGÃO,Amazônia
 1659291899 ,3a0f1b39-176b-3666-b933-cae6617b7cb4,    -.826820 ,  -51.788740 ,2023-11-02 17:32:00,Brasil,AMAPÁ,MAZAGÃO,Amazônia
 1659291900 ,cac0b9f1-db83-34ae-b988-020092713cdb,    -.825390 ,  -51.778830 ,2023-11-02 17:32:00,Brasil,AMAPÁ,MAZAGÃO,Amazônia
 1659291934 ,d2ecedf4-fdda-31e9-bca1-3fadcd6d1987,   -1.136060 ,  -52.013570 ,2023-11-02 17:32:00,Brasil,AMAPÁ,VITÓRIA DO JARI,Amazônia
 1659574188 ,b4d4a8c2-1dfb-34c7-af11-0b325fadd690,    1.564620 ,  -51.010540 ,2023-11-04 17:17:00,Brasil,AMAPÁ,TARTARUGALZINHO,Amazônia
 1659574189 ,a70fc3a4-527a-3617-83d3-03c9c78d1cc4,    1.563340 ,  -51.019440 ,2023-11-04 17:17:00,Brasil,AMAPÁ,TARTARUGALZINHO,Amazônia
 1659574190 ,af35ad63-9574-3276-8228-83e8f9448d24,    1.555710 ,  -51.009240 ,2023-11-04 17:17:00,Brasil,AMAPÁ,TARTARUGALZINHO,Amazônia
 1659574191 ,605d452a-1888-33ef-a29d-4743be9f1120,    1.554750 ,  -50.764590 ,2023-11-04 17:17:00,Brasil,AMAPÁ,PRACUÚBA,Amazônia
 1659574192 ,5a0d69c9-ca16-3aa0-aa43-d8673a513f04,    1.554420 ,  -51.018130 ,2023-11-04 17:17:00,Brasil,AMAPÁ,TARTARUGALZINHO,Amazônia
 1659574193 ,62a0b9e5-c695-330c-ab28-abb54e16d8c2,    1.547290 ,  -50.628030 ,2023-11-04 17:17:00,Brasil,AMAPÁ,PRACUÚBA,Amazônia
 1659574194 ,2044a2c8-0c99-3f2c-ae11-6fec5e047c5b,    1.521540 ,  -50.868300 ,2023-11-04 17:17:00,Brasil,AMAPÁ,TARTARUGALZINHO,Amazônia
 1659574195 ,493fa2f3-2281-3ffa-aa66-9b09b4d355c5,    1.283410 ,  -50.544690 ,2023-11-04 17:17:00,Brasil,AMAPÁ,TARTARUGALZINHO,Amazônia
 1659574196 ,21284fcc-c155-3ae3-ac07-7830287f4faf,    1.282130 ,  -50.553530 ,2023-11-04 17:17:00,Brasil,AMAPÁ,TARTARUGALZINHO,Amazônia
 1659574197 ,61cc801b-2b15-3eb2-ae85-4fb985496c38,    1.262990 ,  -50.622950 ,2023-11-04 17:17:00,Brasil,AMAPÁ,TARTARUGALZINHO,Amazônia
 1659574198 ,6957c6b3-2b2d-37b9-b4d5-d92354187828,    1.261710 ,  -50.631790 ,2023-11-04 17:17:00,Brasil,AMAPÁ,TARTARUGALZINHO,Amazônia
 1659574199 ,9f27b416-9ded-37bd-936f-77493f3ec3ec,    1.211310 ,  -50.527570 ,2023-11-04 17:17:00,Brasil,AMAPÁ,TARTARUGALZINHO,Amazônia
 1659574200 ,1020ed98-39fb-3eaf-87dd-e68ed74f16a4,    1.159750 ,  -51.008970 ,2023-11-04 17:17:00,Brasil,AMAPÁ,TARTARUGALZINHO,Amazônia
 1659574201 ,69d5d2ac-6845-35a5-8163-d2561e7b2b4c,     .843330 ,  -50.648330 ,2023-11-04 17:17:00,Brasil,AMAPÁ,MACAPÁ,Amazônia
 1659574202 ,d64ca903-e864-3a10-a70e-78c901b0064c,     .842050 ,  -50.657190 ,2023-11-04 17:17:00,Brasil,AMAPÁ,MACAPÁ,Amazônia
 1659574203 ,ce7be8b0-0ef1-3c0f-8c7c-52cdeeca4f6c,     .800020 ,  -50.696300 ,2023-11-04 17:17:00,Brasil,AMAPÁ,MACAPÁ,Amazônia
 1659574204 ,d8ea60dd-0d54-3b29-96b8-096e73845132,     .799930 ,  -50.759660 ,2023-11-04 17:17:00,Brasil,AMAPÁ,MACAPÁ,Amazônia
 1659574205 ,a8609b3d-6a20-325a-b107-1526b250f542,     .798740 ,  -50.705160 ,2023-11-04 17:17:00,Brasil,AMAPÁ,MACAPÁ,Amazônia
 1659574206 ,8e3eac57-d222-35dc-869b-669c55855d96,    1.208270 ,  -49.915290 ,2023-11-04 17:17:00,Brasil,AMAPÁ,MACAPÁ,Amazônia
 1659574207 ,962d14f8-beea-38be-864b-6f3c768d78e9,    1.199340 ,  -49.914000 ,2023-11-04 17:17:00,Brasil,AMAPÁ,MACAPÁ,Amazônia
 1659574208 ,fc7a21e0-e121-30b4-9626-de8797dbbb36,    1.173790 ,  -49.964860 ,2023-11-04 17:17:00,Brasil,AMAPÁ,MACAPÁ,Amazônia
 1659574209 ,fa1b9f4e-f8f9-3d89-b6ab-0fe1fe6ab832,    1.172510 ,  -49.973760 ,2023-11-04 17:17:00,Brasil,AMAPÁ,MACAPÁ,Amazônia
 1659574210 ,79b5ee3c-74b6-3b10-9f2a-cfc698ca48ee,    1.162890 ,  -49.965700 ,2023-11-04 17:17:00,Brasil,AMAPÁ,MACAPÁ,Amazônia
 1659574211 ,978cbcd0-a082-3e61-9ff7-c27d7bd27291,    1.161600 ,  -49.974600 ,2023-11-04 17:17:00,Brasil,AMAPÁ,MACAPÁ,Amazônia
 1659574212 ,2ff74410-f2ff-3462-b83a-46e8feff9044,    1.107940 ,  -50.093770 ,2023-11-04 17:17:00,Brasil,AMAPÁ,MACAPÁ,Amazônia
 1659574213 ,15a8686d-d62e-3f0d-b90c-4384ddd8f30e,    1.106650 ,  -50.102640 ,2023-11-04 17:17:00,Brasil,AMAPÁ,MACAPÁ,Amazônia
 1659574214 ,6f92c480-a238-31c1-abf8-527b50f32aed,    1.034270 ,  -50.095540 ,2023-11-04 17:17:00,Brasil,AMAPÁ,MACAPÁ,Amazônia
 1659574215 ,abc10011-d4d3-3ace-9bf0-f23dca4b72df,    1.026720 ,  -50.021980 ,2023-11-04 17:17:00,Brasil,AMAPÁ,MACAPÁ,Amazônia
 1659574216 ,b25d1f9b-6db3-37d4-a6be-84482130b95d,     .917430 ,  -50.261840 ,2023-11-04 17:17:00,Brasil,AMAPÁ,MACAPÁ,Amazônia
 1659574217 ,10305666-eed7-3070-a45b-e9957fc5b9cd,     .833810 ,  -50.081330 ,2023-11-04 17:17:00,Brasil,AMAPÁ,MACAPÁ,Amazônia
 1659574218 ,9175a143-874a-36a8-92bb-00e4af85a9ff,     .819660 ,  -50.241930 ,2023-11-04 17:17:00,Brasil,AMAPÁ,MACAPÁ,Amazônia
 1659574219 ,c018d0c6-fb8d-351c-a788-a4da3f99df16,     .809540 ,  -50.186280 ,2023-11-04 17:17:00,Brasil,AMAPÁ,MACAPÁ,Amazônia
 1659574220 ,cdfa8aa4-6c53-35fd-949e-1efc37b3cd59,     .808270 ,  -50.195130 ,2023-11-04 17:17:00,Brasil,AMAPÁ,MACAPÁ,Amazônia
 1659574221 ,692f7df6-3179-3b89-9e9e-4f713a1c6ab9,     .776460 ,  -50.226620 ,2023-11-04 17:17:00,Brasil,AMAPÁ,MACAPÁ,Amazônia
 1659574222 ,4e2b5b5e-e3f7-37c7-ae2c-51a85a3ae46f,     .775180 ,  -50.235470 ,2023-11-04 17:17:00,Brasil,AMAPÁ,MACAPÁ,Amazônia
 1659574223 ,7ce4f9d5-b6ca-3dab-88dd-80bbc0243856,    2.234490 ,  -50.780410 ,2023-11-04 17:17:00,Brasil,AMAPÁ,CALÇOENE,Amazônia
 1659574224 ,85da3b23-52b9-31a4-8e07-5f0857fd3e92,    2.233210 ,  -50.789260 ,2023-11-04 17:17:00,Brasil,AMAPÁ,CALÇOENE,Amazônia
 1659574225 ,5ba152ec-4ed2-3585-8835-905478c07a4e,    2.093740 ,  -50.798520 ,2023-11-04 17:17:00,Brasil,AMAPÁ,AMAPÁ,Amazônia
 1659574226 ,186a5d24-8273-39d3-b3d8-a57910655efa,    1.927660 ,  -50.735010 ,2023-11-04 17:17:00,Brasil,AMAPÁ,AMAPÁ,Amazônia
 1659574227 ,50d65ad2-875f-32d3-be83-76ba4cc0fb96,    1.869360 ,  -50.630550 ,2023-11-04 17:17:00,Brasil,AMAPÁ,AMAPÁ,Amazônia
 1659574228 ,2077943d-7924-3a29-9112-e952958023b3,    1.860470 ,  -50.629260 ,2023-11-04 17:17:00,Brasil,AMAPÁ,AMAPÁ,Amazônia
 1659574229 ,1f16fbcf-dd51-38b7-8f9a-2615ea9c1c27,    1.852790 ,  -50.682300 ,2023-11-04 17:17:00,Brasil,AMAPÁ,AMAPÁ,Amazônia
 1659574230 ,4f1282d5-2c72-397d-a3ea-d85662541c45,    1.851510 ,  -50.691140 ,2023-11-04 17:17:00,Brasil,AMAPÁ,AMAPÁ,Amazônia
 1659574231 ,fc94fbd0-f6b2-3239-85d8-8c406c5b6253,    1.839910 ,  -50.833950 ,2023-11-04 17:17:00,Brasil,AMAPÁ,AMAPÁ,Amazônia
 1659574232 ,bf849172-22f3-3ab6-a903-391f489ef09e,    1.831300 ,  -50.579890 ,2023-11-04 17:17:00,Brasil,AMAPÁ,AMAPÁ,Amazônia
 1659574233 ,028e05ca-e46c-3f8c-981b-cc8c2e60f05e,    1.830020 ,  -50.588730 ,2023-11-04 17:17:00,Brasil,AMAPÁ,AMAPÁ,Amazônia
 1659574234 ,634fe621-23c2-32f1-90c2-bd2935466b5f,    1.822410 ,  -50.578600 ,2023-11-04 17:17:00,Brasil,AMAPÁ,AMAPÁ,Amazônia
 1659574235 ,22f09791-af3d-3ad3-b82c-13a412e6e8f6,    1.822340 ,  -50.641760 ,2023-11-04 17:17:00,Brasil,AMAPÁ,AMAPÁ,Amazônia
 1659574236 ,2a7851d3-dfc9-36e8-9d2f-855a113e373c,    1.821130 ,  -50.587440 ,2023-11-04 17:17:00,Brasil,AMAPÁ,AMAPÁ,Amazônia
 1659574237 ,1773fac3-9a41-3260-92c1-d1d2c977a541,    1.808700 ,  -50.597130 ,2023-11-04 17:17:00,Brasil,AMAPÁ,AMAPÁ,Amazônia
 1659574238 ,6acc34fc-7a6f-374d-ada3-cd8426c34622,    1.804930 ,  -50.560470 ,2023-11-04 17:17:00,Brasil,AMAPÁ,AMAPÁ,Amazônia
 1659574239 ,9f87f3c0-caa6-3dc3-b033-3d1a3942e46a,    1.787150 ,  -50.557890 ,2023-11-04 17:17:00,Brasil,AMAPÁ,AMAPÁ,Amazônia
 1659574240 ,66ccc9f3-990c-33a0-b3b1-5873e7dc5f59,    1.787080 ,  -50.621070 ,2023-11-04 17:17:00,Brasil,AMAPÁ,AMAPÁ,Amazônia
 1659574241 ,9b433fbd-2525-37fc-9772-e159e50653da,    1.779470 ,  -50.610930 ,2023-11-04 17:17:00,Brasil,AMAPÁ,AMAPÁ,Amazônia
 1659574242 ,0b8da3be-cb57-354b-826f-c0054a7dd4bc,    1.778190 ,  -50.619770 ,2023-11-04 17:17:00,Brasil,AMAPÁ,AMAPÁ,Amazônia
 1659574243 ,b10df7b3-cdf1-3533-bb44-b4b99e395e4d,    1.776910 ,  -50.628610 ,2023-11-04 17:17:00,Brasil,AMAPÁ,PRACUÚBA,Amazônia
 1659574244 ,a9647ed4-05e6-3970-bd71-3bfcf5b20cf8,    1.757920 ,  -50.571690 ,2023-11-04 17:17:00,Brasil,AMAPÁ,AMAPÁ,Amazônia
 1659574245 ,862043d5-4569-3ba5-bdb2-46d44c67cbdc,    1.756640 ,  -50.580530 ,2023-11-04 17:17:00,Brasil,AMAPÁ,AMAPÁ,Amazônia
 1659574246 ,a343cc40-0192-3a6a-afed-e2ee0a6ed454,    1.756570 ,  -50.643710 ,2023-11-04 17:17:00,Brasil,AMAPÁ,PRACUÚBA,Amazônia
 1659574247 ,6e8ee094-5fac-3ba2-a5f9-14dc79426c70,    1.748960 ,  -50.633580 ,2023-11-04 17:17:00,Brasil,AMAPÁ,PRACUÚBA,Amazônia
 1659574248 ,c0dac234-4b95-32e8-8df4-7efaf4043564,    1.719650 ,  -50.710560 ,2023-11-04 17:17:00,Brasil,AMAPÁ,PRACUÚBA,Amazônia
 1659574249 ,34d15a3b-f62c-3f2d-899c-45b935c522ca,    1.672690 ,  -50.716060 ,2023-11-04 17:17:00,Brasil,AMAPÁ,PRACUÚBA,Amazônia
 1659574250 ,77c1c4ae-cdbb-37d3-9e07-f756701c8093,    1.663870 ,  -50.651580 ,2023-11-04 17:17:00,Brasil,AMAPÁ,PRACUÚBA,Amazônia
 1659574251 ,554e8161-51ac-3f9a-b85f-4b327f48a643,    1.662590 ,  -50.660430 ,2023-11-04 17:17:00,Brasil,AMAPÁ,PRACUÚBA,Amazônia
 1659574252 ,bcac06a5-08a2-396e-b933-c97c5e6fa99a,    1.659880 ,  -50.804540 ,2023-11-04 17:17:00,Brasil,AMAPÁ,PRACUÚBA,Amazônia
 1659574253 ,8e0295d8-ab22-3f41-9628-871e90073980,    1.658750 ,  -50.686950 ,2023-11-04 17:17:00,Brasil,AMAPÁ,PRACUÚBA,Amazônia
 1659574254 ,92519047-431e-36a6-b2e3-25210b7fe259,    1.654980 ,  -50.650290 ,2023-11-04 17:17:00,Brasil,AMAPÁ,PRACUÚBA,Amazônia
 1659574255 ,d5c0ff2c-cb13-3794-b856-994f921a10ff,    1.649850 ,  -50.685650 ,2023-11-04 17:17:00,Brasil,AMAPÁ,PRACUÚBA,Amazônia
 1659574256 ,a3f4c031-5089-3c82-8420-ccca3af5652c,    1.646150 ,  -50.585830 ,2023-11-04 17:17:00,Brasil,AMAPÁ,PRACUÚBA,Amazônia
 1659574257 ,58806ecd-84bf-32db-8cbe-7037c5132d1b,    1.646080 ,  -50.649000 ,2023-11-04 17:17:00,Brasil,AMAPÁ,PRACUÚBA,Amazônia
 1659574258 ,6f3e81dc-e1f4-3ec9-acdd-6e80d3f288d9,    -.355730 ,  -51.421750 ,2023-11-04 17:17:00,Brasil,AMAPÁ,MAZAGÃO,Amazônia
 1659574259 ,d04ebbc0-1a82-3b8f-bee3-6ce3db448266,    -.297190 ,  -51.465180 ,2023-11-04 17:17:00,Brasil,AMAPÁ,MAZAGÃO,Amazônia
 1659574260 ,add4c324-3703-314d-95e3-56ce74719dd9,    -.267220 ,  -51.450600 ,2023-11-04 17:17:00,Brasil,AMAPÁ,MAZAGÃO,Amazônia
 1659574261 ,0287845d-b134-3490-9b8b-2cf70d4996ec,    -.232910 ,  -51.461240 ,2023-11-04 17:17:00,Brasil,AMAPÁ,MAZAGÃO,Amazônia
 1659574262 ,8215c757-9048-353d-820d-0b903906f706,    -.231550 ,  -51.451980 ,2023-11-04 17:17:00,Brasil,AMAPÁ,MAZAGÃO,Amazônia
 1659574263 ,2479df3d-0c93-3902-b8f7-063c60b4523d,    -.220110 ,  -51.500990 ,2023-11-04 17:17:00,Brasil,AMAPÁ,MAZAGÃO,Amazônia
 1659574264 ,cb0a6e4d-4032-3213-814e-528c6fbe43ba,    -.211010 ,  -51.502310 ,2023-11-04 17:17:00,Brasil,AMAPÁ,MAZAGÃO,Amazônia
 1659574265 ,d6b2b3c1-a6c4-32df-b4c5-f9d76549ac06,    -.207680 ,  -51.351820 ,2023-11-04 17:17:00,Brasil,AMAPÁ,MAZAGÃO,Amazônia
 1659574266 ,2cb94f7a-21f7-36ae-85a3-1304b85911ea,    -.174340 ,  -51.441370 ,2023-11-04 17:17:00,Brasil,AMAPÁ,MAZAGÃO,Amazônia
 1659574267 ,7e9f29d0-0081-3a8e-9d79-7c03211e7af3,    -.167460 ,  -51.329540 ,2023-11-04 17:17:00,Brasil,AMAPÁ,MAZAGÃO,Amazônia
 1659574268 ,6f913b6c-c2fb-3bea-be49-4cbe9b446310,    -.153540 ,  -51.488790 ,2023-11-04 17:17:00,Brasil,AMAPÁ,MAZAGÃO,Amazônia
 1659574269 ,05d2ec67-2d01-38ef-91cc-3187c65f2146,    -.133300 ,  -51.350450 ,2023-11-04 17:17:00,Brasil,AMAPÁ,MAZAGÃO,Amazônia
 1659574270 ,37239e79-786c-3e02-a6f9-77d1987d3747,    -.131960 ,  -51.341280 ,2023-11-04 17:17:00,Brasil,AMAPÁ,MAZAGÃO,Amazônia
 1659574271 ,9e6742bb-4c48-3735-99a7-99916fb7c237,    -.122900 ,  -51.342590 ,2023-11-04 17:17:00,Brasil,AMAPÁ,MAZAGÃO,Amazônia
 1659574272 ,fd35ed7e-df8c-3be0-88b1-a4ca04f4c670,    -.103460 ,  -51.336050 ,2023-11-04 17:17:00,Brasil,AMAPÁ,MAZAGÃO,Amazônia
 1659574273 ,96d57697-f7ab-370b-b807-37d403c6526e,    -.102130 ,  -51.326880 ,2023-11-04 17:17:00,Brasil,AMAPÁ,MAZAGÃO,Amazônia
 1659574274 ,238e2077-0f75-3dae-89f6-83749469b6d7,    -.095740 ,  -51.346530 ,2023-11-04 17:17:00,Brasil,AMAPÁ,MAZAGÃO,Amazônia
 1659574275 ,d8fae170-c4dc-34e8-98e3-61adb364e2c8,    -.043060 ,  -51.359950 ,2023-11-04 17:17:00,Brasil,AMAPÁ,SANTANA,Amazônia
 1659574276 ,db86ad44-2226-3a4a-8f0e-a53de1c9a832,    -.039710 ,  -51.463820 ,2023-11-04 17:17:00,Brasil,AMAPÁ,MAZAGÃO,Amazônia
 1659574277 ,d26e6b98-641c-32cb-9c38-44e0a7e4685c,    -.034010 ,  -51.361270 ,2023-11-04 17:17:00,Brasil,AMAPÁ,SANTANA,Amazônia
 1659574278 ,f00704ff-7d83-3f4f-a17b-af42592d66c9,    -.028970 ,  -51.390130 ,2023-11-04 17:17:00,Brasil,AMAPÁ,SANTANA,Amazônia
 1659574279 ,053acc85-c7f6-3ab3-aa34-35a86369711c,    -.019910 ,  -51.391450 ,2023-11-04 17:17:00,Brasil,AMAPÁ,SANTANA,Amazônia
 1659574283 ,8ce35b2c-6a62-3d8a-981c-60675f780f2f,     .655660 ,  -50.608730 ,2023-11-04 17:17:00,Brasil,AMAPÁ,ITAUBAL,Amazônia
 1659574284 ,4c9797db-602f-35e3-ab11-96af6ca74ff5,     .443070 ,  -51.056770 ,2023-11-04 17:17:00,Brasil,AMAPÁ,PORTO GRANDE,Amazônia
 1659574285 ,c940351f-d1a4-3cff-9a02-563bfba84c5c,     .441770 ,  -51.065770 ,2023-11-04 17:17:00,Brasil,AMAPÁ,PORTO GRANDE,Amazônia
 1659574286 ,1b8ea15e-d11a-3f6a-b0be-b9999dd89f60,     .389120 ,  -50.733140 ,2023-11-04 17:17:00,Brasil,AMAPÁ,MACAPÁ,Amazônia
 1659574287 ,bf804bf8-f215-300a-991d-b4dfeb694f0c,     .385380 ,  -51.075900 ,2023-11-04 17:17:00,Brasil,AMAPÁ,MACAPÁ,Amazônia
 1659574288 ,3eec19c7-56cf-3e36-99f4-353b27600892,     .364450 ,  -51.030360 ,2023-11-04 17:17:00,Brasil,AMAPÁ,MACAPÁ,Amazônia
 1659574291 ,97997a31-df18-325c-816d-6b5da369c3ee,     .318940 ,  -50.777400 ,2023-11-04 17:17:00,Brasil,AMAPÁ,MACAPÁ,Amazônia
 1659574292 ,ef77c4a9-6453-3f43-9daf-9613a324c56c,     .272200 ,  -50.900720 ,2023-11-04 17:17:00,Brasil,AMAPÁ,MACAPÁ,Amazônia
 1659574293 ,eee9c73c-feee-3e6e-b404-7fa17ab03eb1,     .161180 ,  -51.098880 ,2023-11-04 17:17:00,Brasil,AMAPÁ,MACAPÁ,Amazônia
 1659574294 ,a3ba948a-6b8d-35cc-9056-816a938460d5,     .159880 ,  -51.107900 ,2023-11-04 17:17:00,Brasil,AMAPÁ,MACAPÁ,Amazônia
 1659574295 ,ca75bbe4-15fc-326e-ae31-e02f1272216d,     .158570 ,  -51.116930 ,2023-11-04 17:17:00,Brasil,AMAPÁ,MACAPÁ,Amazônia
 1659574296 ,35f207cb-e4ea-335e-b9c0-e0ca9d3ed29b,     .064640 ,  -51.189310 ,2023-11-04 17:17:00,Brasil,AMAPÁ,MACAPÁ,Amazônia
 1659574297 ,50b1f0fc-6898-3722-be17-e8ab42524f5f,     .051710 ,  -51.215250 ,2023-11-04 17:17:00,Brasil,AMAPÁ,MACAPÁ,Amazônia
 1659574298 ,f1819c2b-490f-32bc-b6ed-78180f74fed9,     .039900 ,  -51.297250 ,2023-11-04 17:17:00,Brasil,AMAPÁ,SANTANA,Amazônia
 1659574299 ,0c765567-c64b-3c03-a630-0d023260774d,     .005090 ,  -51.282870 ,2023-11-04 17:17:00,Brasil,AMAPÁ,SANTANA,Amazônia
 1659574300 ,81a4ce6e-8d33-3fb9-a0e9-6559bbc70c3a,     .003770 ,  -51.292000 ,2023-11-04 17:17:00,Brasil,AMAPÁ,SANTANA,Amazônia
 1659574471 ,ff7c8f07-7563-3f1e-b792-a35673390ca2,    3.956570 ,  -51.680750 ,2023-11-04 17:20:00,Brasil,AMAPÁ,OIAPOQUE,Amazônia
 1659574472 ,b382a88e-0a9d-3713-9c5d-d4a95e32d117,    3.714400 ,  -51.514350 ,2023-11-04 17:17:00,Brasil,AMAPÁ,OIAPOQUE,Amazônia
 1659574473 ,95ebeca7-e64c-36f6-9494-130d5ecf1bcb,    3.676430 ,  -51.773900 ,2023-11-04 17:17:00,Brasil,AMAPÁ,OIAPOQUE,Amazônia
 1659574474 ,127cf988-c885-3194-929f-468ee33a7a4e,    3.697360 ,  -51.369120 ,2023-11-04 17:17:00,Brasil,AMAPÁ,OIAPOQUE,Amazônia
 1659574475 ,e0d8245d-da56-3e9a-8498-a63ab3548341,    3.696070 ,  -51.378000 ,2023-11-04 17:17:00,Brasil,AMAPÁ,OIAPOQUE,Amazônia
 1659574476 ,2744a772-f6a4-3483-bab8-367aefc1c9f1,    3.496340 ,  -51.744500 ,2023-11-04 17:17:00,Brasil,AMAPÁ,OIAPOQUE,Amazônia
 1659574477 ,23c649f2-318b-35b4-966d-c8a7aecbed56,    3.526550 ,  -51.150690 ,2023-11-04 17:17:00,Brasil,AMAPÁ,CALÇOENE,Amazônia
 1659574478 ,aa74abb4-fa44-380b-931a-f35f559dafb0,    3.518940 ,  -51.140530 ,2023-11-04 17:17:00,Brasil,AMAPÁ,CALÇOENE,Amazônia
 1659574479 ,a4e54b34-63fe-3bfb-bb64-645a80af59e8,    3.413460 ,  -51.173690 ,2023-11-04 17:17:00,Brasil,AMAPÁ,CALÇOENE,Amazônia
 1659574481 ,da6909d3-1aea-34f8-bfd3-fe2a64670ca1,    3.408420 ,  -51.145820 ,2023-11-04 17:17:00,Brasil,AMAPÁ,CALÇOENE,Amazônia
 1659574482 ,92c146cf-7e5b-3d6b-a0b7-3f640472f2ca,    3.398240 ,  -51.153370 ,2023-11-04 17:17:00,Brasil,AMAPÁ,CALÇOENE,Amazônia
 1659574483 ,50332abe-ac30-344d-ae84-e8667eb67d40,    3.396960 ,  -51.162230 ,2023-11-04 17:17:00,Brasil,AMAPÁ,CALÇOENE,Amazônia
 1659574484 ,cef205bb-b167-3fca-ae46-174b4696e9ec,    3.387670 ,  -51.351140 ,2023-11-04 17:17:00,Brasil,AMAPÁ,OIAPOQUE,Amazônia
 1659574485 ,547be7e4-8e6c-3334-ad6f-6d575caa44b6,    3.233270 ,  -51.207570 ,2023-11-04 17:17:00,Brasil,AMAPÁ,OIAPOQUE,Amazônia
 1659574486 ,48e83d4f-70b7-3753-b90c-6465dfadc01b,    3.193660 ,  -51.292410 ,2023-11-04 17:17:00,Brasil,AMAPÁ,OIAPOQUE,Amazônia
 1659574487 ,dd74eae0-8f71-3bb3-a817-5b25b1de491c,    2.764250 ,  -51.071820 ,2023-11-04 17:17:00,Brasil,AMAPÁ,CALÇOENE,Amazônia
 1659574488 ,28359793-1b96-3e75-854a-2537a3893afa,    2.729980 ,  -51.052140 ,2023-11-04 17:17:00,Brasil,AMAPÁ,CALÇOENE,Amazônia
 1659574489 ,077b3885-1465-3d5b-a2f5-67cf09289d4b,    2.443150 ,  -51.181740 ,2023-11-04 17:17:00,Brasil,AMAPÁ,CALÇOENE,Amazônia
 1659574490 ,367db99f-07eb-3b7a-807f-2c44d2f5401c,     .685970 ,  -51.542760 ,2023-11-04 17:17:00,Brasil,AMAPÁ,PORTO GRANDE,Amazônia
 1659574491 ,ed14c95b-4973-35a8-81cc-de39effe515e,     .684630 ,  -51.551980 ,2023-11-04 17:17:00,Brasil,AMAPÁ,PORTO GRANDE,Amazônia
 1659574492 ,09ab4214-3d33-318c-a8c6-2e640001df0b,    2.060350 ,  -51.028790 ,2023-11-04 17:17:00,Brasil,AMAPÁ,AMAPÁ,Amazônia
 1659574493 ,3571eed8-c093-3357-af04-bedca4dc2139,    -.559130 ,  -51.741180 ,2023-11-04 17:17:00,Brasil,AMAPÁ,MAZAGÃO,Amazônia
 1659574494 ,7f1c34d7-b241-3da8-bf9a-fb07b9c0d373,    -.557740 ,  -51.731670 ,2023-11-04 17:17:00,Brasil,AMAPÁ,MAZAGÃO,Amazônia
 1659574495 ,3be4b188-111a-32d1-8598-3cfaaf72d03f,    -.512640 ,  -51.680070 ,2023-11-04 17:17:00,Brasil,AMAPÁ,MAZAGÃO,Amazônia
 1659574496 ,e79d9ee4-eb66-35a5-a368-56f089ba6b88,    -.511260 ,  -51.670600 ,2023-11-04 17:17:00,Brasil,AMAPÁ,MAZAGÃO,Amazônia
 1659574497 ,ab28b1ff-ef54-3656-869b-665c2aef5810,    -.427850 ,  -51.726970 ,2023-11-04 17:17:00,Brasil,AMAPÁ,MAZAGÃO,Amazônia
 1659574498 ,38c1c415-5dc5-3821-9620-6fd466a61bf4,    -.414530 ,  -51.699840 ,2023-11-04 17:17:00,Brasil,AMAPÁ,MAZAGÃO,Amazônia
 1659574499 ,800eee9c-5c23-3739-9e29-3f8305c6a98c,    -.270410 ,  -51.602380 ,2023-11-04 17:17:00,Brasil,AMAPÁ,MAZAGÃO,Amazônia
 1659574500 ,8c0c911c-e481-3096-85e4-2e0c3cd79a95,    -.263820 ,  -51.608930 ,2023-11-04 17:17:00,Brasil,AMAPÁ,MAZAGÃO,Amazônia
 1659574501 ,70b72deb-a401-3640-b735-672b98948a42,    -.179520 ,  -51.666110 ,2023-11-04 17:17:00,Brasil,AMAPÁ,MAZAGÃO,Amazônia
 1659574502 ,2fefea10-e05e-3e22-bdf6-da77a90f13b9,    -.160770 ,  -51.601830 ,2023-11-04 17:17:00,Brasil,AMAPÁ,MAZAGÃO,Amazônia
 1659574503 ,8e5d33a8-5538-39de-87c7-719040a57de1,    -.156680 ,  -51.573830 ,2023-11-04 17:17:00,Brasil,AMAPÁ,MAZAGÃO,Amazônia
 1659574504 ,c2ac09d3-748f-3a2b-8218-8df69c3c1f95,    -.155320 ,  -51.564510 ,2023-11-04 17:17:00,Brasil,AMAPÁ,MAZAGÃO,Amazônia
 1659574505 ,3f29b779-aba2-3125-9735-0b476422d943,    -.154900 ,  -51.498070 ,2023-11-04 17:17:00,Brasil,AMAPÁ,MAZAGÃO,Amazônia
 1659574506 ,d33f19c0-62ab-30e9-89b9-bc06d4a09f5a,    -.043750 ,  -51.491550 ,2023-11-04 17:17:00,Brasil,AMAPÁ,MAZAGÃO,Amazônia
 1659574507 ,144ca6e9-3056-346e-96e6-3f4383d6ede3,    -.042400 ,  -51.482300 ,2023-11-04 17:17:00,Brasil,AMAPÁ,MAZAGÃO,Amazônia
 1659574508 ,3deaa15b-0f92-3f73-b633-1cfe69526a71,    -.041060 ,  -51.473060 ,2023-11-04 17:17:00,Brasil,AMAPÁ,MAZAGÃO,Amazônia
 1659574509 ,edd80479-c543-3966-91b2-9bc9971ff4d0,    -.023820 ,  -51.675200 ,2023-11-04 17:17:00,Brasil,AMAPÁ,MAZAGÃO,Amazônia
 1659574551 ,f3b7ea8d-fd0a-38f7-a188-a227b6aa3699,   -1.209450 ,  -52.101890 ,2023-11-04 17:17:00,Brasil,AMAPÁ,VITÓRIA DO JARI,Amazônia
 1659574552 ,43755069-99e9-3305-b82a-1a61d5611283,   -1.189160 ,  -52.094620 ,2023-11-04 17:17:00,Brasil,AMAPÁ,VITÓRIA DO JARI,Amazônia
 1659574553 ,d7c4eae8-d932-337b-a8a2-399713b9d2d1,   -1.187720 ,  -52.084620 ,2023-11-04 17:17:00,Brasil,AMAPÁ,VITÓRIA DO JARI,Amazônia
 1659574555 ,efef6bc1-9da0-32a3-99e4-1bd3a4311481,   -1.143590 ,  -52.087410 ,2023-11-04 17:17:00,Brasil,AMAPÁ,VITÓRIA DO JARI,Amazônia
 1659574557 ,67d6b879-2c40-3e01-acfb-5ca1c7a72ece,   -1.141390 ,  -52.006570 ,2023-11-04 17:17:00,Brasil,AMAPÁ,VITÓRIA DO JARI,Amazônia
 1659574558 ,2222049e-1fbf-319c-9ece-7d4eb4e11bd3,   -1.134180 ,  -52.088770 ,2023-11-04 17:17:00,Brasil,AMAPÁ,VITÓRIA DO JARI,Amazônia
 1659574561 ,5762f968-f946-3042-9b8b-2ae85e6f2188,   -1.051060 ,  -52.147100 ,2023-11-04 17:17:00,Brasil,AMAPÁ,VITÓRIA DO JARI,Amazônia
 1659574562 ,7409cc0e-2615-3790-a367-9664b608737b,   -1.049600 ,  -52.137070 ,2023-11-04 17:17:00,Brasil,AMAPÁ,VITÓRIA DO JARI,Amazônia
 1659574564 ,bd07ebab-32f5-3518-88a7-6aec5612abea,    -.913520 ,  -52.102330 ,2023-11-04 17:17:00,Brasil,AMAPÁ,VITÓRIA DO JARI,Amazônia
 1659574565 ,c9e99595-d60e-341b-9f2e-fb681e3aacd8,    -.912090 ,  -52.092390 ,2023-11-04 17:17:00,Brasil,AMAPÁ,VITÓRIA DO JARI,Amazônia
 1659574569 ,1e041fb9-ac60-3c66-8f19-1f973813cdb4,   -1.045920 ,  -51.741540 ,2023-11-04 17:17:00,Brasil,AMAPÁ,VITÓRIA DO JARI,Amazônia
 1659574570 ,83030685-8991-3984-a9c4-7e2aab96c4b2,    -.897770 ,  -51.794910 ,2023-11-04 17:17:00,Brasil,AMAPÁ,VITÓRIA DO JARI,Amazônia
 1659574571 ,48ba7eb3-f9dd-360b-960c-62cfd208c5d2,    -.888500 ,  -51.796250 ,2023-11-04 17:17:00,Brasil,AMAPÁ,VITÓRIA DO JARI,Amazônia
 1659574572 ,36ede1f3-bb39-3240-90b0-2224b959b6f8,    -.823190 ,  -51.781710 ,2023-11-04 17:17:00,Brasil,AMAPÁ,MAZAGÃO,Amazônia
 1659679848 ,e45b09ae-9cef-35e2-8e83-2e3bdfcaf3cb,    -.841190 ,  -51.786090 ,2023-11-05 18:00:00,Brasil,AMAPÁ,MAZAGÃO,Amazônia
 1659679850 ,d163145d-f079-3cb2-8f89-9db1db5b669c,    -.380800 ,  -51.464930 ,2023-11-05 18:00:00,Brasil,AMAPÁ,MAZAGÃO,Amazônia
 1659679851 ,27204f9d-bdc8-3551-addc-e7b1b6ea8ad6,    -.375950 ,  -51.432520 ,2023-11-05 18:00:00,Brasil,AMAPÁ,MAZAGÃO,Amazônia
 1659679852 ,c7249c1a-e770-3c62-a8ba-65ad7986a0e9,    -.256810 ,  -51.455260 ,2023-11-05 18:00:00,Brasil,AMAPÁ,MAZAGÃO,Amazônia
 1659679853 ,7e303b07-cd1a-3a33-a7df-5ca00f2d59ed,    -.247540 ,  -51.464200 ,2023-11-05 18:00:00,Brasil,AMAPÁ,MAZAGÃO,Amazônia
 1659679854 ,14bdba13-2d31-327a-a087-b2a95c609c75,    -.240790 ,  -51.457510 ,2023-11-05 18:00:00,Brasil,AMAPÁ,MAZAGÃO,Amazônia
 1659679855 ,79608c11-3cd8-3983-a3ff-f0321b43dcc8,    -.147500 ,  -51.343990 ,2023-11-05 18:00:00,Brasil,AMAPÁ,MAZAGÃO,Amazônia
 1659679856 ,8c9971a7-3b9a-35b3-9c14-ab83a3c4fdcc,    -.141280 ,  -51.349990 ,2023-11-05 18:00:00,Brasil,AMAPÁ,MAZAGÃO,Amazônia
 1658274118 ,1b177cb9-530f-3855-af95-5e0114f58b23,    1.758430 ,  -50.667480 ,2023-10-26 17:34:00,Brasil,AMAPÁ,PRACUÚBA,Amazônia
 1658274119 ,5747e477-e0dd-3b04-848a-6c568352a20f,    1.598790 ,  -50.506940 ,2023-10-26 17:34:00,Brasil,AMAPÁ,AMAPÁ,Amazônia
 1658274120 ,1e29ae5f-a2f6-34a7-a0d2-5228ccdd3130,    1.598730 ,  -50.497630 ,2023-10-26 17:34:00,Brasil,AMAPÁ,AMAPÁ,Amazônia
 1658274121 ,b176e864-b23c-341f-87fe-3d027e19e245,    1.596660 ,  -50.512430 ,2023-10-26 17:34:00,Brasil,AMAPÁ,AMAPÁ,Amazônia
 1658274122 ,3a36ac2d-b2d8-3e15-859e-e3e994ba1b85,    1.596610 ,  -50.521690 ,2023-10-26 17:34:00,Brasil,AMAPÁ,AMAPÁ,Amazônia
 1658274128 ,1f3f7801-d028-3805-8d91-523eadaa45b6,    1.561240 ,  -50.606160 ,2023-10-26 17:34:00,Brasil,AMAPÁ,PRACUÚBA,Amazônia
 1658274129 ,cf3541c2-a13d-3f89-8f88-aa7a57b3873a,    1.324440 ,  -51.143400 ,2023-10-26 17:34:00,Brasil,AMAPÁ,TARTARUGALZINHO,Amazônia
 1658274160 ,25e7f249-bcb6-32b0-b014-0a342fa2b1a1,    1.093980 ,  -52.411650 ,2023-10-26 17:34:00,Brasil,AMAPÁ,PEDRA BRANCA DO AMAPARI,Amazônia
 1658274162 ,b1606203-2c59-3b31-b7b0-58dbf22ed2aa,     .832940 ,  -51.180880 ,2023-10-26 17:34:00,Brasil,AMAPÁ,FERREIRA GOMES,Amazônia
 1658274166 ,e266c926-2838-3585-a78e-147490eea900,     .579210 ,  -51.513300 ,2023-10-26 17:34:00,Brasil,AMAPÁ,PORTO GRANDE,Amazônia
 1658274233 ,d0dfe844-372a-3373-993f-51cb31347ed0,     .299170 ,  -51.131380 ,2023-10-26 17:34:00,Brasil,AMAPÁ,MACAPÁ,Amazônia
 1658274234 ,f68f4d92-52d3-30d5-8c05-8dee40b04be7,     .170320 ,  -51.094040 ,2023-10-26 17:34:00,Brasil,AMAPÁ,MACAPÁ,Amazônia
 1658274250 ,ab181621-bfad-35ff-8350-f3de57045276,    4.009450 ,  -51.644210 ,2023-10-26 17:37:00,Brasil,AMAPÁ,OIAPOQUE,Amazônia
 1658274251 ,a57c9157-6ed0-3a3f-a965-085af4b1be32,    3.956580 ,  -51.685320 ,2023-10-26 17:37:00,Brasil,AMAPÁ,OIAPOQUE,Amazônia
 1658274253 ,abbd139c-40ab-33f5-800b-b9a0eb7c688b,    3.740690 ,  -51.601830 ,2023-10-26 17:37:00,Brasil,AMAPÁ,OIAPOQUE,Amazônia
 1658274254 ,bcbb9b2e-1c83-3bda-ac19-4bf8aeb7ca33,    3.664770 ,  -51.385770 ,2023-10-26 17:37:00,Brasil,AMAPÁ,OIAPOQUE,Amazônia
 1658274255 ,01c91cdb-6b5c-30b4-ae53-c48602caad07,    3.653850 ,  -51.384230 ,2023-10-26 17:37:00,Brasil,AMAPÁ,OIAPOQUE,Amazônia
 1658274295 ,bf3a5a0a-b035-3486-affd-96b61f5a776d,    2.120090 ,  -50.788230 ,2023-10-26 17:34:00,Brasil,AMAPÁ,AMAPÁ,Amazônia
 1658274296 ,f74ff111-a3dc-3e78-8c70-25c3bd8ab9ec,    1.769630 ,  -50.669090 ,2023-10-26 17:34:00,Brasil,AMAPÁ,PRACUÚBA,Amazônia
 1658274297 ,94c6451e-c95a-3e2d-9cfc-0c68cdf250f8,    1.759720 ,  -50.661830 ,2023-10-26 17:34:00,Brasil,AMAPÁ,PRACUÚBA,Amazônia
 1658274567 ,3ab883d7-a967-3049-ae52-8aa875c06c96,    -.942110 ,  -52.418530 ,2023-10-26 17:34:00,Brasil,AMAPÁ,VITÓRIA DO JARI,Amazônia
 1658274572 ,0ce880b0-d7c5-3cdc-aad0-e9764d3cd052,    -.891200 ,  -51.778420 ,2023-10-26 17:34:00,Brasil,AMAPÁ,VITÓRIA DO JARI,Amazônia
 1658274573 ,0e94d863-33b7-3dd8-853d-1aeef942c2cc,    -.888890 ,  -51.774290 ,2023-10-26 17:34:00,Brasil,AMAPÁ,VITÓRIA DO JARI,Amazônia
 1658274578 ,7d721136-11d5-3b19-a4b7-150cc3b30716,    -.807510 ,  -52.492410 ,2023-10-26 17:34:00,Brasil,AMAPÁ,LARANJAL DO JARI,Amazônia
 1658274579 ,ced58a0a-be91-3298-a172-05163d921a52,    -.742180 ,  -51.947430 ,2023-10-26 17:34:00,Brasil,AMAPÁ,MAZAGÃO,Amazônia
 1658274580 ,567ff8c3-65bf-3e02-94da-1dc65fbe7ea1,    -.574820 ,  -52.559280 ,2023-10-26 17:34:00,Brasil,AMAPÁ,LARANJAL DO JARI,Amazônia
 1658274590 ,5795076d-3fd5-3096-8acc-5814832639a3,   -1.180860 ,  -52.088600 ,2023-10-26 17:34:00,Brasil,AMAPÁ,VITÓRIA DO JARI,Amazônia
 1658274597 ,889f6372-4424-3928-b852-35b937b406ed,    -.311740 ,  -51.527900 ,2023-10-26 17:34:00,Brasil,AMAPÁ,MAZAGÃO,Amazônia
 1658274598 ,f688c782-19ee-3dd4-a9b3-d7e99a0f7f60,    -.304490 ,  -51.408360 ,2023-10-26 17:34:00,Brasil,AMAPÁ,MAZAGÃO,Amazônia
 1658274599 ,ccbefb62-61c5-34e9-b0dd-7e78c3f05203,    -.294240 ,  -51.409820 ,2023-10-26 17:34:00,Brasil,AMAPÁ,MAZAGÃO,Amazônia
 1658274600 ,8c1345a2-1eb3-39c9-9d38-39496529a3e0,    -.200460 ,  -51.332030 ,2023-10-26 17:34:00,Brasil,AMAPÁ,MAZAGÃO,Amazônia
 1658274601 ,c7f8d113-713f-36f6-8943-9f611c7e8527,    -.184140 ,  -51.558930 ,2023-10-26 17:34:00,Brasil,AMAPÁ,MAZAGÃO,Amazônia
 1658274602 ,4b701d27-2a47-377b-9044-536b89a28b67,    -.042690 ,  -51.367400 ,2023-10-26 17:34:00,Brasil,AMAPÁ,SANTANA,Amazônia
 1659097830 ,24738bdc-8acd-3150-9c2f-26c8beba3bc7,    2.252980 ,  -50.901820 ,2023-10-31 17:47:00,Brasil,AMAPÁ,CALÇOENE,Amazônia
 1659097831 ,2142bbc6-01ad-3624-9839-682890b9f68b,    2.156360 ,  -50.703230 ,2023-10-31 17:47:00,Brasil,AMAPÁ,CALÇOENE,Amazônia
 1659097832 ,2d4a3ed4-63ac-3a46-a889-02d3750d91d8,    2.103280 ,  -50.799660 ,2023-10-31 17:47:00,Brasil,AMAPÁ,AMAPÁ,Amazônia
 1659097833 ,61c5f8bb-96fc-3579-93a1-78a996c527fa,    1.818600 ,  -50.635270 ,2023-10-31 17:47:00,Brasil,AMAPÁ,AMAPÁ,Amazônia
 1659097834 ,01bb84b0-d106-38b1-8db7-c9619d04cf39,    1.680970 ,  -50.560180 ,2023-10-31 17:47:00,Brasil,AMAPÁ,AMAPÁ,Amazônia
 1659097835 ,6775f1d4-686f-37c6-9d9c-45d62d55f8c1,    1.676680 ,  -50.552280 ,2023-10-31 17:47:00,Brasil,AMAPÁ,AMAPÁ,Amazônia
 1659097836 ,3d16b10c-a0f4-3867-85c6-269a2b6c8330,    1.674190 ,  -50.609470 ,2023-10-31 17:47:00,Brasil,AMAPÁ,PRACUÚBA,Amazônia
 1659097837 ,e982cf25-a351-3f25-8b72-535aa849be9c,    1.673100 ,  -50.576960 ,2023-10-31 17:47:00,Brasil,AMAPÁ,PRACUÚBA,Amazônia
 1659097838 ,23c4c3ac-753c-334d-8b95-f4454b1c7705,    1.669550 ,  -50.601510 ,2023-10-31 17:47:00,Brasil,AMAPÁ,PRACUÚBA,Amazônia
 1659097839 ,4d707a7d-caad-3b8b-9d1c-4bb977e2f232,     .823280 ,  -50.238810 ,2023-10-31 17:47:00,Brasil,AMAPÁ,MACAPÁ,Amazônia
 1659097840 ,b6c6a232-e7ea-31e5-b1b0-964adc6c59b2,     .409710 ,  -50.997910 ,2023-10-31 17:47:00,Brasil,AMAPÁ,MACAPÁ,Amazônia
 1659097861 ,0df1f971-c743-3671-baf0-1ccb341f4579,    3.457830 ,  -51.175220 ,2023-10-31 17:47:00,Brasil,AMAPÁ,CALÇOENE,Amazônia
 1659097862 ,ec3bb1c2-8148-392f-91ed-76273dfad49c,    3.453140 ,  -51.157640 ,2023-10-31 17:47:00,Brasil,AMAPÁ,CALÇOENE,Amazônia
 1659097863 ,82801037-c9b3-3797-b99e-a2fd3c7f8274,     .184760 ,  -51.543880 ,2023-10-31 17:47:00,Brasil,AMAPÁ,SANTANA,Amazônia
 1659097864 ,94d49562-e3a6-346d-9829-4ba4b9e01188,    -.535500 ,  -51.808510 ,2023-10-31 17:47:00,Brasil,AMAPÁ,MAZAGÃO,Amazônia
 1659097865 ,894d8ebb-35ff-385b-a4ca-19356aca35fb,    -.371740 ,  -52.026550 ,2023-10-31 17:47:00,Brasil,AMAPÁ,MAZAGÃO,Amazônia
 1659097880 ,1acf4f02-efd1-375a-83d8-c53749e1872b,    -.831220 ,  -51.783610 ,2023-10-31 17:47:00,Brasil,AMAPÁ,MAZAGÃO,Amazônia
 1659820467 ,cdfd6aa1-20be-314f-9375-faf195339b29,    1.814300 ,  -50.575500 ,2023-11-06 17:02:00,Brasil,AMAPÁ,AMAPÁ,Amazônia
 1659820468 ,c3857bd1-2e7e-3267-ad4d-4665c8fe52b9,    1.812430 ,  -50.588010 ,2023-11-06 17:02:00,Brasil,AMAPÁ,AMAPÁ,Amazônia
 1659820469 ,8205bfb1-6d5d-3324-8024-9b473d33a3b9,    1.520610 ,  -50.475070 ,2023-11-06 17:02:00,Brasil,AMAPÁ,AMAPÁ,Amazônia
 1659820470 ,5e4145a4-5445-3f51-9d44-d6fb5338c023,    1.155080 ,  -49.985840 ,2023-11-06 17:02:00,Brasil,AMAPÁ,MACAPÁ,Amazônia
 1659820471 ,5b55f326-e342-3139-bd52-b872ef9a10a5,    1.144950 ,  -49.984340 ,2023-11-06 17:02:00,Brasil,AMAPÁ,MACAPÁ,Amazônia
 1659820472 ,756fc325-53d5-3b1e-8d83-0a9c01b98915,    1.069770 ,  -50.148010 ,2023-11-06 17:02:00,Brasil,AMAPÁ,MACAPÁ,Amazônia
 1659820473 ,123238bf-e5c3-39d1-afae-ca8cbe5dcfa8,    1.059510 ,  -50.146500 ,2023-11-06 17:02:00,Brasil,AMAPÁ,MACAPÁ,Amazônia
 1659820474 ,129b0971-f914-30ee-93e2-e37a227caf3c,     .634020 ,  -50.609840 ,2023-11-06 17:02:00,Brasil,AMAPÁ,ITAUBAL,Amazônia
 1659820501 ,16b28bad-c1ac-3173-8954-3e2706560776,    3.694220 ,  -51.365430 ,2023-11-06 17:02:00,Brasil,AMAPÁ,OIAPOQUE,Amazônia
 1659820502 ,d2bf18ca-1fc3-3513-984e-e3e91fd3b80f,    3.689070 ,  -51.357550 ,2023-11-06 17:02:00,Brasil,AMAPÁ,OIAPOQUE,Amazônia
 1659820503 ,b0aa5a95-9a9b-325d-8f92-aa1dc98d78b4,    3.636140 ,  -51.771320 ,2023-11-06 17:02:00,Brasil,AMAPÁ,OIAPOQUE,Amazônia
 1659820504 ,708d298f-7645-3a25-8d41-ba9edb2d3a66,    3.635440 ,  -51.764610 ,2023-11-06 17:02:00,Brasil,AMAPÁ,OIAPOQUE,Amazônia
 1659820505 ,2c7f8c1d-c59d-333f-a764-01fe7af3d8ed,    3.521740 ,  -51.139520 ,2023-11-06 17:02:00,Brasil,AMAPÁ,CALÇOENE,Amazônia
 1659820506 ,4339bafb-6b59-3bcf-8727-7e366c12d780,    3.519820 ,  -51.152420 ,2023-11-06 17:02:00,Brasil,AMAPÁ,CALÇOENE,Amazônia
 1659820507 ,bc82f00f-6d6b-3a45-925a-edb100796684,    3.513060 ,  -51.125020 ,2023-11-06 17:02:00,Brasil,AMAPÁ,CALÇOENE,Amazônia
 1659820508 ,d681f70a-ed62-36ff-9110-89545cd56087,    3.502470 ,  -51.123420 ,2023-11-06 17:02:00,Brasil,AMAPÁ,CALÇOENE,Amazônia
 1659820509 ,f93a3f83-5d72-3af0-b41d-8ac0a38bce1b,    3.401840 ,  -51.331000 ,2023-11-06 17:02:00,Brasil,AMAPÁ,OIAPOQUE,Amazônia
 1659820510 ,c7bbbe66-4cf7-3a7d-8086-5935fef8b7b2,    3.399850 ,  -51.344390 ,2023-11-06 17:02:00,Brasil,AMAPÁ,OIAPOQUE,Amazônia
 1659820511 ,c5d9bb19-741e-36ed-8770-e25de5512ac9,    3.399270 ,  -51.128940 ,2023-11-06 17:02:00,Brasil,AMAPÁ,CALÇOENE,Amazônia
 1659820512 ,0c4c7cf0-8559-353b-aacf-0d1bf4cb5979,    3.386690 ,  -51.140280 ,2023-11-06 17:02:00,Brasil,AMAPÁ,CALÇOENE,Amazônia
 1659820513 ,ad779cf4-db5e-3de7-9dd2-ba6077ac00d7,    3.376070 ,  -51.138680 ,2023-11-06 17:02:00,Brasil,AMAPÁ,CALÇOENE,Amazônia
 1659820514 ,09f703aa-240d-3f83-903a-3a6101c646b7,    3.357060 ,  -51.155710 ,2023-11-06 17:02:00,Brasil,AMAPÁ,CALÇOENE,Amazônia
 1659820515 ,d511cdc3-8d61-32eb-aae6-abc3c60d52b6,    3.116510 ,  -51.241810 ,2023-11-06 17:02:00,Brasil,AMAPÁ,CALÇOENE,Amazônia
 1659820516 ,3044bb17-398a-387f-aad8-da3abda2c6ca,    2.708390 ,  -51.043280 ,2023-11-06 17:02:00,Brasil,AMAPÁ,CALÇOENE,Amazônia
 1659820517 ,452d078c-35c0-33a2-9197-f78e58d11075,    2.706470 ,  -51.056340 ,2023-11-06 17:02:00,Brasil,AMAPÁ,CALÇOENE,Amazônia
 1659820518 ,5656b30d-f087-356c-ae17-c105f109f354,    2.415290 ,  -51.401620 ,2023-11-06 17:02:00,Brasil,AMAPÁ,CALÇOENE,Amazônia
 1659820519 ,a5b34b7f-e3a0-3e7a-a3ac-2d7cf77278db,    -.605770 ,  -51.763160 ,2023-11-06 17:02:00,Brasil,AMAPÁ,MAZAGÃO,Amazônia
 1659820520 ,6fcb5b94-3c4d-3cbc-a019-c82fbe2b8f62,    -.572340 ,  -51.785010 ,2023-11-06 17:02:00,Brasil,AMAPÁ,MAZAGÃO,Amazônia
 1659820521 ,891d563c-7a54-3430-875a-c357eb7d4983,    -.492740 ,  -51.699970 ,2023-11-06 17:02:00,Brasil,AMAPÁ,MAZAGÃO,Amazônia
 1659820522 ,96b7abc0-a6b1-3def-96bf-04117e7bb470,    -.274060 ,  -51.627190 ,2023-11-06 17:02:00,Brasil,AMAPÁ,MAZAGÃO,Amazônia
 1659820523 ,00612370-f25f-3bd2-aaf0-fc5c46d54839,    -.100520 ,  -51.615150 ,2023-11-06 17:02:00,Brasil,AMAPÁ,MAZAGÃO,Amazônia
 1659954936 ,3ec75299-b69b-35ea-bb78-fd5c334a031b,     .276280 ,  -51.267860 ,2023-11-07 17:45:00,Brasil,AMAPÁ,MACAPÁ,Amazônia
 1659954937 ,8b88e026-59ce-3da8-93eb-23a83e6d191f,     .272910 ,  -51.261620 ,2023-11-07 17:45:00,Brasil,AMAPÁ,MACAPÁ,Amazônia
 1659954938 ,ed704340-354a-3b0c-9c6a-c1044295541b,     .270360 ,  -51.278700 ,2023-11-07 17:45:00,Brasil,AMAPÁ,MACAPÁ,Amazônia
 1659954939 ,07ea804d-0f74-3211-bbd1-d1fbbd555183,     .264190 ,  -51.266020 ,2023-11-07 17:45:00,Brasil,AMAPÁ,MACAPÁ,Amazônia
 1659954940 ,60994f5c-0b91-3e75-9c3c-a8f2063261f5,     .160350 ,  -51.394040 ,2023-11-07 17:45:00,Brasil,AMAPÁ,SANTANA,Amazônia
 1659954941 ,d1a494ae-c1eb-3c78-97c1-aa6b2bf0e72d,     .153880 ,  -51.272350 ,2023-11-07 17:45:00,Brasil,AMAPÁ,SANTANA,Amazônia
 1660269583 ,973d1430-bc41-394a-bccb-07ef948e59ee,    -.031000 ,  -51.459490 ,2023-11-09 17:28:00,Brasil,AMAPÁ,MAZAGÃO,Amazônia
 1660269694 ,77787664-1fb0-33af-bc10-d3eed81ab6c2,    -.006440 ,  -51.468730 ,2023-11-09 17:28:00,Brasil,AMAPÁ,MAZAGÃO,Amazônia
 1660269720 ,ef8cb424-2220-3ee2-8569-fcf47685bdb3,    -.007790 ,  -51.478170 ,2023-11-09 17:28:00,Brasil,AMAPÁ,MAZAGÃO,Amazônia
 1660269785 ,727299c4-77b3-32a2-82c8-d4509d6cb850,   -1.112830 ,  -52.247470 ,2023-11-09 17:28:00,Brasil,AMAPÁ,VITÓRIA DO JARI,Amazônia
 1660269789 ,b0d4a41d-09af-38e0-845e-1c4f69928bd8,   -1.004980 ,  -52.323480 ,2023-11-09 17:28:00,Brasil,AMAPÁ,VITÓRIA DO JARI,Amazônia
 1660269790 ,a5a6607a-dc9c-3a07-9c63-2a47adbbd5b3,   -1.003690 ,  -52.314580 ,2023-11-09 17:28:00,Brasil,AMAPÁ,VITÓRIA DO JARI,Amazônia
 1660269794 ,b77925e6-1b83-361e-a418-6b270945ec77,    -.969300 ,  -52.328690 ,2023-11-09 17:28:00,Brasil,AMAPÁ,VITÓRIA DO JARI,Amazônia
 1660269795 ,3557b173-c9b1-32cc-8bcc-3f969c1e2d2e,    -.968010 ,  -52.319790 ,2023-11-09 17:28:00,Brasil,AMAPÁ,VITÓRIA DO JARI,Amazônia
 1660269797 ,3518a2d8-abd4-36b2-b6e8-5ad87ee673db,    -.924820 ,  -51.960270 ,2023-11-09 17:28:00,Brasil,AMAPÁ,VITÓRIA DO JARI,Amazônia
 1660269798 ,a7570776-cfc6-34e9-af5e-957a9e70688f,    -.009140 ,  -51.487610 ,2023-11-09 17:28:00,Brasil,AMAPÁ,MAZAGÃO,Amazônia
 1660269799 ,8fc6061b-0736-38e4-93cb-eea5726d34de,    -.900480 ,  -52.053140 ,2023-11-09 17:28:00,Brasil,AMAPÁ,LARANJAL DO JARI,Amazônia
 1660269804 ,77eb6843-e1bd-37da-82cf-45b23d4b3923,    -.841560 ,  -52.404890 ,2023-11-09 17:28:00,Brasil,AMAPÁ,VITÓRIA DO JARI,Amazônia
 1660269805 ,2b4445ee-b046-3a04-ad47-75ee9d5fbd8b,    -.823840 ,  -51.777730 ,2023-11-09 17:28:00,Brasil,AMAPÁ,MAZAGÃO,Amazônia
 1660269806 ,5cf7ba2b-8ab6-345c-be0e-01f074178da4,    -.822520 ,  -51.768600 ,2023-11-09 17:28:00,Brasil,AMAPÁ,MAZAGÃO,Amazônia
 1660269807 ,5bccc82c-fbc0-3629-b556-893188ddc4b9,    -.804500 ,  -52.337660 ,2023-11-09 17:28:00,Brasil,AMAPÁ,VITÓRIA DO JARI,Amazônia
 1660269808 ,ffa438d2-98ef-32de-aac8-9f7811a963bd,    -.803200 ,  -52.328750 ,2023-11-09 17:28:00,Brasil,AMAPÁ,VITÓRIA DO JARI,Amazônia
 1660269809 ,efc1c8c4-f36f-39a0-a350-9e9428678de7,    -.795570 ,  -52.338950 ,2023-11-09 17:28:00,Brasil,AMAPÁ,LARANJAL DO JARI,Amazônia
 1660269810 ,9ad27192-8e80-34cb-abd1-7e8e54e100d0,    -.794280 ,  -52.330040 ,2023-11-09 17:28:00,Brasil,AMAPÁ,LARANJAL DO JARI,Amazônia
 1660269811 ,0aa54fd7-b557-31de-bbe0-94785d49e94f,    -.764270 ,  -52.322900 ,2023-11-09 17:28:00,Brasil,AMAPÁ,LARANJAL DO JARI,Amazônia
 1660269812 ,6284e5b3-1a68-33d0-a324-a128920d67d4,    -.752860 ,  -52.370050 ,2023-11-09 17:28:00,Brasil,AMAPÁ,LARANJAL DO JARI,Amazônia
 1660269814 ,63d24014-c2d6-36b6-93eb-d8c57a359ac2,    -.615730 ,  -51.614040 ,2023-11-09 17:28:00,Brasil,AMAPÁ,MAZAGÃO,Amazônia
 1660269815 ,269a8085-9394-32a4-89e8-af98ed34b418,    -.605980 ,  -52.440000 ,2023-11-09 17:28:00,Brasil,AMAPÁ,LARANJAL DO JARI,Amazônia
 1660269816 ,3bb18203-5ca1-346e-8ae0-7e24034d346a,    -.567370 ,  -52.172100 ,2023-11-09 17:28:00,Brasil,AMAPÁ,LARANJAL DO JARI,Amazônia
 1660269817 ,5fe80386-d7a7-3f85-8ef0-30fdd560caf0,    -.331320 ,  -51.811700 ,2023-11-09 17:28:00,Brasil,AMAPÁ,MAZAGÃO,Amazônia
 1660269818 ,dffed80e-71f1-36d0-93fc-1ff0842ebdc4,    -.277540 ,  -51.631160 ,2023-11-09 17:28:00,Brasil,AMAPÁ,MAZAGÃO,Amazônia
 1660269819 ,6087c523-6824-3873-83a0-e8b7b64a1358,    -.269780 ,  -51.641770 ,2023-11-09 17:28:00,Brasil,AMAPÁ,MAZAGÃO,Amazônia
 1660269820 ,d01a7ec3-2c5c-35a2-96cb-1b3e4a196c1e,    -.014910 ,  -51.413520 ,2023-11-09 17:28:00,Brasil,AMAPÁ,SANTANA,Amazônia
 1660269821 ,fb956136-1471-3a36-9c47-1bc94cc21d9a,    -.268440 ,  -51.632490 ,2023-11-09 17:28:00,Brasil,AMAPÁ,MAZAGÃO,Amazônia
 1660269822 ,71400645-91ea-3548-85c8-f2afdeb7aeec,    -.238060 ,  -51.551350 ,2023-11-09 17:28:00,Brasil,AMAPÁ,MAZAGÃO,Amazônia
 1660269823 ,f1b77131-ebd1-31d9-b0f5-797e56f7b9f2,    -.233980 ,  -51.523290 ,2023-11-09 17:28:00,Brasil,AMAPÁ,MAZAGÃO,Amazônia
 1660269824 ,d3d47df8-afae-3a71-83ff-4df90800bf80,    -.232620 ,  -51.513920 ,2023-11-09 17:28:00,Brasil,AMAPÁ,MAZAGÃO,Amazônia
 1660269825 ,758fd6e0-ddfa-37bc-b9e1-9d26dbe4dd14,    -.201330 ,  -51.543270 ,2023-11-09 17:28:00,Brasil,AMAPÁ,MAZAGÃO,Amazônia
 1660269826 ,3a308b91-ba87-3962-8d70-ddf436548bb2,    -.120730 ,  -51.628240 ,2023-11-09 17:28:00,Brasil,AMAPÁ,MAZAGÃO,Amazônia
 1660269827 ,6d955ac8-9947-38b3-aa33-e3e460f84ad4,    -.119400 ,  -51.618930 ,2023-11-09 17:28:00,Brasil,AMAPÁ,MAZAGÃO,Amazônia
 1660269830 ,9b73e784-51ff-370a-868c-7fe3f496a98e,    -.041550 ,  -51.467590 ,2023-11-09 17:28:00,Brasil,AMAPÁ,MAZAGÃO,Amazônia
 1660269831 ,68b7b6c1-4af3-3b9c-bebf-9fa5b5f7af98,    -.032370 ,  -51.468900 ,2023-11-09 17:28:00,Brasil,AMAPÁ,MAZAGÃO,Amazônia
 1660269832 ,72eab9d8-992c-3cca-9473-288f53ce40dc,    -.040180 ,  -51.458170 ,2023-11-09 17:28:00,Brasil,AMAPÁ,MAZAGÃO,Amazônia
 1660269849 ,57dad016-f4a2-37eb-9ec6-0b123f6746df,    4.001180 ,  -51.604980 ,2023-11-09 17:28:00,Brasil,AMAPÁ,OIAPOQUE,Amazônia
 1660269850 ,199666cd-3106-330f-b37a-50545b730a43,    3.998270 ,  -51.625260 ,2023-11-09 17:28:00,Brasil,AMAPÁ,OIAPOQUE,Amazônia
 1660269851 ,00553940-0cd7-3e08-81ca-c166263965b9,    3.841090 ,  -51.739790 ,2023-11-09 17:28:00,Brasil,AMAPÁ,OIAPOQUE,Amazônia
 1660269852 ,01398703-d017-3b88-a132-2d2ded11790c,    3.719230 ,  -51.367690 ,2023-11-09 17:28:00,Brasil,AMAPÁ,OIAPOQUE,Amazônia
 1660269853 ,52a22691-e1ba-36fc-b49b-de8716c96697,    3.690500 ,  -51.363570 ,2023-11-09 17:28:00,Brasil,AMAPÁ,OIAPOQUE,Amazônia
 1660269854 ,ad1056c3-e971-3f48-a435-9cf05924f038,    3.687970 ,  -51.357500 ,2023-11-09 17:28:00,Brasil,AMAPÁ,OIAPOQUE,Amazônia
 1660269855 ,c3b8ad23-a54b-3317-9b3f-c5b5ebd4b92f,    3.686470 ,  -51.367860 ,2023-11-09 17:28:00,Brasil,AMAPÁ,OIAPOQUE,Amazônia
 1660269856 ,d3b53832-139c-3623-bf57-cf8cba15c238,    3.628250 ,  -51.295920 ,2023-11-09 17:28:00,Brasil,AMAPÁ,OIAPOQUE,Amazônia
 1660269857 ,8e414d7c-5f6f-3fd4-a360-c5792465bd2e,    3.586570 ,  -51.143600 ,2023-11-09 17:28:00,Brasil,AMAPÁ,CALÇOENE,Amazônia
 1660269858 ,352aa325-fdf6-3443-94b0-48993bace90d,    3.576880 ,  -51.142210 ,2023-11-09 17:28:00,Brasil,AMAPÁ,CALÇOENE,Amazônia
 1660269859 ,03f031ce-05b6-3514-adb9-354668cfb391,    3.544850 ,  -51.159290 ,2023-11-09 17:28:00,Brasil,AMAPÁ,CALÇOENE,Amazônia
 1660269860 ,d2d7f097-1a2a-37f6-b2a7-902f90bdfe3f,    3.440540 ,  -51.181870 ,2023-11-09 17:28:00,Brasil,AMAPÁ,CALÇOENE,Amazônia
 1660269861 ,5fc31b84-f021-3235-8c31-45a1e413dbff,    3.395140 ,  -51.125490 ,2023-11-09 17:28:00,Brasil,AMAPÁ,CALÇOENE,Amazônia
 1660269862 ,c6c686c5-98c9-3625-8457-cac1ae009e82,    3.374300 ,  -51.133310 ,2023-11-09 17:28:00,Brasil,AMAPÁ,CALÇOENE,Amazônia
 1660269863 ,e5f5031b-b831-32ef-86e9-f95b1389216a,    3.301020 ,  -51.351120 ,2023-11-09 17:28:00,Brasil,AMAPÁ,OIAPOQUE,Amazônia
 1660269864 ,c84923de-9002-3d19-9887-c1bd31b1c86f,    3.240020 ,  -51.300400 ,2023-11-09 17:28:00,Brasil,AMAPÁ,OIAPOQUE,Amazônia
 1660269865 ,c488075f-4b16-39bb-8a77-a624eb387d39,    3.238580 ,  -51.310730 ,2023-11-09 17:28:00,Brasil,AMAPÁ,OIAPOQUE,Amazônia
 1660269866 ,ed415522-95b2-32b9-8736-a010451052cd,    3.234600 ,  -51.303370 ,2023-11-09 17:28:00,Brasil,AMAPÁ,OIAPOQUE,Amazônia
 1660269867 ,27882cfb-6c63-36d3-bfaa-848930c89ac0,    3.205250 ,  -51.235810 ,2023-11-09 17:28:00,Brasil,AMAPÁ,CALÇOENE,Amazônia
 1660269868 ,772d0da1-b2e4-338f-8f89-4271d5798f34,    3.175030 ,  -51.242030 ,2023-11-09 17:28:00,Brasil,AMAPÁ,CALÇOENE,Amazônia
 1660269871 ,f631434e-d1f2-3df9-801e-ad9393ab314b,    2.424980 ,  -51.407120 ,2023-11-09 17:28:00,Brasil,AMAPÁ,CALÇOENE,Amazônia
 1660269874 ,2be82ce4-705e-3cd2-ade8-a64c6e0a7ce5,    2.076760 ,  -50.625160 ,2023-11-09 17:28:00,Brasil,AMAPÁ,AMAPÁ,Amazônia
 1660269875 ,a711891a-bf63-3be1-b70f-01391d03f765,    1.882160 ,  -50.629100 ,2023-11-09 17:28:00,Brasil,AMAPÁ,AMAPÁ,Amazônia
 1660269876 ,67f45b08-1e60-3f27-b866-7a3f75b29e15,    1.864760 ,  -50.681620 ,2023-11-09 17:28:00,Brasil,AMAPÁ,AMAPÁ,Amazônia
 1660269877 ,75f546cc-0199-3b04-a9a9-b12cb23273f9,    1.750810 ,  -50.608880 ,2023-11-09 17:28:00,Brasil,AMAPÁ,AMAPÁ,Amazônia
 1660269878 ,6c1a2ff2-1eb8-36cf-9e5c-8f354d52e896,    1.682170 ,  -50.741020 ,2023-11-09 17:28:00,Brasil,AMAPÁ,PRACUÚBA,Amazônia
 1660269879 ,737de51d-fa91-3697-9814-827da67d30cd,    1.680670 ,  -50.751620 ,2023-11-09 17:28:00,Brasil,AMAPÁ,PRACUÚBA,Amazônia
 1660269880 ,47781842-623f-3a13-b7ba-44081cee1e99,    1.670990 ,  -50.750230 ,2023-11-09 17:28:00,Brasil,AMAPÁ,PRACUÚBA,Amazônia
 1660269881 ,4041f6a8-407a-359f-814c-399f9a186655,    1.670050 ,  -50.963480 ,2023-11-09 17:28:00,Brasil,AMAPÁ,PRACUÚBA,Amazônia
 1660269882 ,173de55d-8025-3b40-a535-492befb635c8,    1.638700 ,  -50.673640 ,2023-11-09 17:28:00,Brasil,AMAPÁ,PRACUÚBA,Amazônia
 1660269886 ,05e3ae2a-619e-39b2-97be-dd0fe2d2b5c0,    1.616650 ,  -50.549570 ,2023-11-09 17:28:00,Brasil,AMAPÁ,PRACUÚBA,Amazônia
 1660269887 ,d265141d-4b40-3125-bc3d-9a2bedc6c3b8,    1.608970 ,  -50.603660 ,2023-11-09 17:28:00,Brasil,AMAPÁ,PRACUÚBA,Amazônia
 1660269889 ,54a5cd01-0adb-3fcc-816c-9240b9175e03,    1.556250 ,  -50.612370 ,2023-11-09 17:28:00,Brasil,AMAPÁ,PRACUÚBA,Amazônia
 1660269892 ,c729a204-37ea-320c-95b4-25f66be9639f,    1.287250 ,  -50.488400 ,2023-11-09 17:28:00,Brasil,AMAPÁ,TARTARUGALZINHO,Amazônia
 1660269893 ,f9e7b6ed-e257-361c-aa11-24942e4684df,    1.285690 ,  -50.499220 ,2023-11-09 17:28:00,Brasil,AMAPÁ,TARTARUGALZINHO,Amazônia
 1660269894 ,37fc38df-2df0-36be-9919-d36e6c96e424,    1.284130 ,  -50.510040 ,2023-11-09 17:28:00,Brasil,AMAPÁ,TARTARUGALZINHO,Amazônia
 1660269895 ,0f5d5031-af86-3e23-a57f-ec4f7c78112a,    1.282570 ,  -50.520830 ,2023-11-09 17:28:00,Brasil,AMAPÁ,TARTARUGALZINHO,Amazônia
 1660269896 ,6cd3fc1d-34df-3939-be50-d73be4fc99eb,    1.275910 ,  -50.497810 ,2023-11-09 17:28:00,Brasil,AMAPÁ,TARTARUGALZINHO,Amazônia
 1660269897 ,54e31931-a604-399f-a5f9-8d4eca587ee5,    1.274360 ,  -50.508630 ,2023-11-09 17:28:00,Brasil,AMAPÁ,TARTARUGALZINHO,Amazônia
 1660269898 ,1e5b9c6e-d816-3810-8d83-e9b1e5a37b9f,    1.261500 ,  -50.528800 ,2023-11-09 17:28:00,Brasil,AMAPÁ,TARTARUGALZINHO,Amazônia
 1660269899 ,e7b909b3-7c26-3789-b316-358b65271fd0,    1.245040 ,  -50.504400 ,2023-11-09 17:28:00,Brasil,AMAPÁ,TARTARUGALZINHO,Amazônia
 1660269900 ,5f584ba4-4aef-3194-837d-da362cbc17cc,     .945250 ,  -50.745750 ,2023-11-09 17:28:00,Brasil,AMAPÁ,CUTIAS,Amazônia
 1660269901 ,4acb1c20-977e-3dda-8ae9-428bb74cadfe,     .940690 ,  -51.047220 ,2023-11-09 17:28:00,Brasil,AMAPÁ,FERREIRA GOMES,Amazônia
 1660269902 ,b2f545b6-7dc6-3cfd-aa05-bd7884c9e042,     .933830 ,  -52.175050 ,2023-11-09 17:28:00,Brasil,AMAPÁ,PEDRA BRANCA DO AMAPARI,Amazônia
 1660269903 ,3cf1b58c-f361-3412-8601-97f843d62e24,     .871290 ,  -50.886060 ,2023-11-09 17:28:00,Brasil,AMAPÁ,CUTIAS,Amazônia
 1660269904 ,9d569d0d-d3b2-3342-82fa-0e6c0933f7ba,     .840310 ,  -50.191540 ,2023-11-09 17:28:00,Brasil,AMAPÁ,MACAPÁ,Amazônia
 1660269905 ,0666d8ca-339e-32a9-8503-3e517e2c3986,     .785870 ,  -51.604370 ,2023-11-09 17:28:00,Brasil,AMAPÁ,PORTO GRANDE,Amazônia
 1660269906 ,5c65b947-fcc3-339f-81dc-1b5b3bba7514,     .754010 ,  -51.434250 ,2023-11-09 17:28:00,Brasil,AMAPÁ,PORTO GRANDE,Amazônia
 1660269907 ,00e2ea78-9f59-3c63-8cd2-5871975b64b5,     .646080 ,  -50.741060 ,2023-11-09 17:28:00,Brasil,AMAPÁ,MACAPÁ,Amazônia
 1660269908 ,8959229e-91b9-327c-bc38-8ea158aaa7bb,     .645400 ,  -51.684030 ,2023-11-09 17:28:00,Brasil,AMAPÁ,PORTO GRANDE,Amazônia
 1660269909 ,4c3e47d9-9c20-385c-afad-6d33a763d297,     .644040 ,  -51.693400 ,2023-11-09 17:28:00,Brasil,AMAPÁ,PORTO GRANDE,Amazônia
 1660269910 ,18a14d24-a65f-354c-9fe6-9b5ad1dc7445,     .335430 ,  -50.771170 ,2023-11-09 17:28:00,Brasil,AMAPÁ,MACAPÁ,Amazônia
 1660269911 ,93c1da76-c6ef-33fc-828f-a8a77e1a6d74,     .327400 ,  -50.759590 ,2023-11-09 17:28:00,Brasil,AMAPÁ,MACAPÁ,Amazônia
 1660269912 ,def79904-6059-30bc-b208-f1df952ceef8,     .325920 ,  -50.769790 ,2023-11-09 17:28:00,Brasil,AMAPÁ,MACAPÁ,Amazônia
 1660269913 ,60baf194-e931-30ff-84e8-dde40db09f5b,     .324970 ,  -51.351260 ,2023-11-09 17:28:00,Brasil,AMAPÁ,MACAPÁ,Amazônia
 1660269914 ,434ed04d-2817-3feb-863f-4c3d3e0516c1,     .319880 ,  -51.321080 ,2023-11-09 17:28:00,Brasil,AMAPÁ,MACAPÁ,Amazônia
 1660269915 ,54ecf1c1-90df-35b4-8c41-10b4b56d1b28,     .318490 ,  -51.330690 ,2023-11-09 17:28:00,Brasil,AMAPÁ,MACAPÁ,Amazônia
 1660269916 ,b6b61602-6865-352d-93f4-dcdc683cffae,     .297610 ,  -51.278450 ,2023-11-09 17:28:00,Brasil,AMAPÁ,MACAPÁ,Amazônia
 1660269918 ,cd8ffedc-55ff-3835-b7e4-666327eb096e,     .164490 ,  -51.187420 ,2023-11-09 17:28:00,Brasil,AMAPÁ,MACAPÁ,Amazônia
 1660269919 ,5d4a1192-4bc8-3493-b7d4-bf2ef27ae5c1,     .163080 ,  -51.197150 ,2023-11-09 17:28:00,Brasil,AMAPÁ,MACAPÁ,Amazônia
 1660269920 ,05faaf19-45c0-3471-b72c-f3825a20dd28,     .121750 ,  -51.220840 ,2023-11-09 17:28:00,Brasil,AMAPÁ,SANTANA,Amazônia
 1660269921 ,71c75125-2f02-335f-9179-8fd0668d37d9,     .120370 ,  -51.230520 ,2023-11-09 17:28:00,Brasil,AMAPÁ,SANTANA,Amazônia
 1660269922 ,1f08e8e9-0e04-30bc-92f6-3144f98feff5,     .070340 ,  -51.196780 ,2023-11-09 17:28:00,Brasil,AMAPÁ,MACAPÁ,Amazônia
 1660269923 ,a37b2ac9-eafc-3f36-897b-5eaee1ed0f5e,     .059160 ,  -51.468630 ,2023-11-09 17:28:00,Brasil,AMAPÁ,SANTANA,Amazônia
 1660269924 ,7cbd4fea-f630-3a37-9d65-a47b06f83efa,     .032990 ,  -51.455200 ,2023-11-09 17:28:00,Brasil,AMAPÁ,SANTANA,Amazônia
 1660269926 ,b856d29d-5ac0-3feb-954d-9a8816233636,     .031630 ,  -51.464630 ,2023-11-09 17:28:00,Brasil,AMAPÁ,SANTANA,Amazônia
 1660269927 ,089a70ee-99c9-3bc9-bc3b-e9ce9cba1a20,     .008160 ,  -51.432240 ,2023-11-09 17:28:00,Brasil,AMAPÁ,SANTANA,Amazônia
 1660269928 ,21119ecf-b717-3270-9e28-1074d4ff7021,     .001390 ,  -51.479500 ,2023-11-09 17:28:00,Brasil,AMAPÁ,MAZAGÃO,Amazônia
 1660673119 ,ff6a5c93-a565-382a-92e3-c3bf6e328533,    2.276780 ,  -50.819950 ,2023-11-12 17:56:00,Brasil,AMAPÁ,CALÇOENE,Amazônia
 1660673120 ,4265dee8-6827-36cf-a2bf-1e44b2c88d93,    2.150800 ,  -50.891590 ,2023-11-12 17:56:00,Brasil,AMAPÁ,AMAPÁ,Amazônia
 1660673121 ,7ba806b1-b06c-3bc7-ba81-ad292cfc06d7,    1.682780 ,  -50.761430 ,2023-11-12 17:56:00,Brasil,AMAPÁ,PRACUÚBA,Amazônia
 1660673122 ,fb79099a-b930-3c0b-b54c-0ee272aeb0d0,    1.296980 ,  -50.500740 ,2023-11-12 17:56:00,Brasil,AMAPÁ,TARTARUGALZINHO,Amazônia
 1660673123 ,8b80da10-1900-360d-936c-1ac6022e1dd6,    1.292030 ,  -50.534940 ,2023-11-12 17:56:00,Brasil,AMAPÁ,TARTARUGALZINHO,Amazônia
 1660673124 ,84ef4711-4a8b-35e3-b48a-cc7fccd2001a,     .861190 ,  -50.882740 ,2023-11-12 17:56:00,Brasil,AMAPÁ,CUTIAS,Amazônia
 1660673125 ,5492a8db-29db-3d7e-817b-836ae2b5deac,     .852790 ,  -50.876130 ,2023-11-12 17:56:00,Brasil,AMAPÁ,CUTIAS,Amazônia
 1660673126 ,e5a97d51-87b0-3f82-9dba-fc4e8ca96e6d,     .502520 ,  -51.155410 ,2023-11-12 17:56:00,Brasil,AMAPÁ,PORTO GRANDE,Amazônia
 1660673127 ,d0d6d022-9951-3ac7-91b9-9b8eb8744b34,     .500770 ,  -51.177480 ,2023-11-12 17:56:00,Brasil,AMAPÁ,PORTO GRANDE,Amazônia
 1660673128 ,c175c402-6c52-3957-b7eb-2609dae178f2,     .498350 ,  -51.184830 ,2023-11-12 17:56:00,Brasil,AMAPÁ,PORTO GRANDE,Amazônia
 1660673129 ,73c0aa28-a1a9-3aec-b3c5-fea74b90d696,     .487180 ,  -51.153180 ,2023-11-12 17:56:00,Brasil,AMAPÁ,PORTO GRANDE,Amazônia
 1660673130 ,4d3e0b98-f571-34ad-9c26-a2781e7b172c,     .323870 ,  -51.344980 ,2023-11-12 17:53:00,Brasil,AMAPÁ,MACAPÁ,Amazônia
 1660673131 ,8bf93bb0-98e2-3651-8e64-da85ce8b0136,     .072750 ,  -51.202760 ,2023-11-12 17:53:00,Brasil,AMAPÁ,MACAPÁ,Amazônia
 1660673139 ,16ea00e6-a3be-319a-9b8f-ac18069f3ce0,     .196180 ,  -51.491650 ,2023-11-12 17:53:00,Brasil,AMAPÁ,SANTANA,Amazônia
 1660673140 ,ee9deb34-fb9f-3afb-a019-9d4e7aa61317,     .194440 ,  -51.496500 ,2023-11-12 17:53:00,Brasil,AMAPÁ,SANTANA,Amazônia
 1660673141 ,aa2c3a11-6817-3a24-98db-6cc5674f79b2,    -.542040 ,  -51.741800 ,2023-11-12 17:53:00,Brasil,AMAPÁ,MAZAGÃO,Amazônia
 1660673142 ,b7399070-01fe-3b40-bbb5-11f2250648d1,    -.286130 ,  -51.773690 ,2023-11-12 17:53:00,Brasil,AMAPÁ,MAZAGÃO,Amazônia
 1660673143 ,f620cfec-8190-3ab3-abcc-af535d351a49,    -.282430 ,  -51.748340 ,2023-11-12 17:53:00,Brasil,AMAPÁ,MAZAGÃO,Amazônia
 1660673144 ,8067aab9-7aa7-3038-b45a-28c6353b5c77,    -.183800 ,  -51.683330 ,2023-11-12 17:53:00,Brasil,AMAPÁ,MAZAGÃO,Amazônia
 1660673145 ,8ee7efe6-d49c-3066-b6c0-fdc39df4d028,    -.183450 ,  -51.688260 ,2023-11-12 17:53:00,Brasil,AMAPÁ,MAZAGÃO,Amazônia
 1660673146 ,b28741d9-cd7d-345e-9d5c-733c76151c14,    -.113400 ,  -51.617970 ,2023-11-12 17:53:00,Brasil,AMAPÁ,MAZAGÃO,Amazônia
 1660102583 ,09912d71-e066-3313-a16d-b1b7ea0bbd85,    2.206430 ,  -50.799970 ,2023-11-08 16:47:00,Brasil,AMAPÁ,CALÇOENE,Amazônia
 1660102584 ,a1f2287c-c11c-357e-af13-732bff858018,    1.935630 ,  -50.557570 ,2023-11-08 16:47:00,Brasil,AMAPÁ,AMAPÁ,Amazônia
 1660102585 ,9dffc116-06de-369d-87c1-d98ef59b3bd4,    1.898940 ,  -50.703940 ,2023-11-08 16:47:00,Brasil,AMAPÁ,AMAPÁ,Amazônia
 1660102586 ,93741f4f-6463-34fa-a5f3-a37a2fa13738,    1.608150 ,  -50.614930 ,2023-11-08 16:47:00,Brasil,AMAPÁ,PRACUÚBA,Amazônia
 1660102587 ,8c17c4c6-dc8f-3bd9-aa54-782bc1f84235,    1.605620 ,  -50.609730 ,2023-11-08 16:47:00,Brasil,AMAPÁ,PRACUÚBA,Amazônia
 1660102588 ,5cc90d94-81ce-3689-87a3-5dd0ab5bd67d,    1.275600 ,  -50.490470 ,2023-11-08 16:47:00,Brasil,AMAPÁ,TARTARUGALZINHO,Amazônia
 1660102589 ,c77a346e-42ba-3bca-9d60-84dc983dd515,    1.271840 ,  -50.515280 ,2023-11-08 16:47:00,Brasil,AMAPÁ,TARTARUGALZINHO,Amazônia
 1660102590 ,7177176d-394f-3105-a127-aef5f6f4e9a5,    1.222710 ,  -50.528340 ,2023-11-08 16:47:00,Brasil,AMAPÁ,TARTARUGALZINHO,Amazônia
 1660102591 ,29906a98-58ee-3163-8e61-9df1c1feab3d,    1.033920 ,  -50.039630 ,2023-11-08 16:47:00,Brasil,AMAPÁ,MACAPÁ,Amazônia
 1660102592 ,0a55f1e3-e74a-3652-8780-56ca65275d15,    1.026520 ,  -50.045490 ,2023-11-08 16:47:00,Brasil,AMAPÁ,MACAPÁ,Amazônia
 1660102593 ,b8ba8584-fa91-3ca1-b494-924c9e1e8d9a,     .300590 ,  -51.314140 ,2023-11-08 16:47:00,Brasil,AMAPÁ,MACAPÁ,Amazônia
 1660102594 ,8877eb7a-c368-3e38-95e2-ff65df9e880d,     .296750 ,  -51.320720 ,2023-11-08 16:47:00,Brasil,AMAPÁ,MACAPÁ,Amazônia
 1660102595 ,f9bae7e4-7d60-3ee5-9b17-ac179aaf7484,     .296230 ,  -51.344230 ,2023-11-08 16:47:00,Brasil,AMAPÁ,MACAPÁ,Amazônia
 1660102596 ,19840ceb-c7d4-3d26-9415-65388a802669,     .292140 ,  -51.350880 ,2023-11-08 16:47:00,Brasil,AMAPÁ,MACAPÁ,Amazônia
 1660102597 ,3cceb21d-911b-3b60-be0a-5f1f85f84f9b,     .289520 ,  -51.281940 ,2023-11-08 16:47:00,Brasil,AMAPÁ,MACAPÁ,Amazônia
 1660102598 ,048bf70a-1d50-3fe2-93fe-824849782ee9,     .285890 ,  -51.288630 ,2023-11-08 16:47:00,Brasil,AMAPÁ,MACAPÁ,Amazônia
 1660102599 ,89553982-72bc-3f99-b9bc-7260d15dc481,     .285150 ,  -51.311870 ,2023-11-08 16:47:00,Brasil,AMAPÁ,MACAPÁ,Amazônia
 1660102600 ,421667f8-be97-3f37-9fb7-219ffc688791,     .281310 ,  -51.318450 ,2023-11-08 16:47:00,Brasil,AMAPÁ,MACAPÁ,Amazônia
 1660102601 ,99a8d904-3a00-32dc-a297-6867b90d4443,     .280750 ,  -51.341970 ,2023-11-08 16:47:00,Brasil,AMAPÁ,MACAPÁ,Amazônia
 1660102603 ,659f6769-2311-3341-bfca-83f0a3b1711d,    -.277120 ,  -51.387710 ,2023-11-08 16:47:00,Brasil,AMAPÁ,MAZAGÃO,Amazônia
 1660102609 ,180851b1-af4e-34ba-846f-4e700c9db171,    3.776560 ,  -51.779890 ,2023-11-08 16:47:00,Brasil,AMAPÁ,OIAPOQUE,Amazônia
 1660102610 ,8313445f-e6fe-35ae-89fd-44f7c5b10598,    3.774300 ,  -51.784020 ,2023-11-08 16:49:00,Brasil,AMAPÁ,OIAPOQUE,Amazônia
 1660102611 ,fefcec13-5172-3571-9d93-f2810fe0fea7,    3.569100 ,  -51.150460 ,2023-11-08 16:47:00,Brasil,AMAPÁ,CALÇOENE,Amazônia
 1660102612 ,900b906e-3dfe-30fd-98ab-8153b6a9fb7a,    3.369760 ,  -51.159950 ,2023-11-08 16:47:00,Brasil,AMAPÁ,CALÇOENE,Amazônia
 1660102613 ,609a17f5-6b37-3329-a413-83028107be7f,    3.223670 ,  -51.319710 ,2023-11-08 16:47:00,Brasil,AMAPÁ,OIAPOQUE,Amazônia
 1660102614 ,6961ac71-7477-3bd6-a7e2-cd2260095900,    3.222710 ,  -51.312640 ,2023-11-08 16:47:00,Brasil,AMAPÁ,OIAPOQUE,Amazônia
 1660811007 ,35087e11-75d1-3e67-a6c4-9ffaaeea6604,    2.654400 ,  -50.885200 ,2023-11-13 16:58:00,Brasil,AMAPÁ,CALÇOENE,Amazônia
 1660811008 ,ab54c742-3872-3473-a0ba-8a76decb18bb,    2.651630 ,  -50.889800 ,2023-11-13 16:58:00,Brasil,AMAPÁ,CALÇOENE,Amazônia
 1660811009 ,f4c0287f-b219-30aa-8d16-08531295daf9,    2.387240 ,  -50.817420 ,2023-11-13 16:58:00,Brasil,AMAPÁ,CALÇOENE,Amazônia
 1660811010 ,4e68e679-3d5e-3a47-a27a-9d39c1d2df2d,    2.386880 ,  -50.826050 ,2023-11-13 16:58:00,Brasil,AMAPÁ,CALÇOENE,Amazônia
 1660811011 ,77ee5520-020d-3982-8201-7ac666da933f,    2.384900 ,  -50.832530 ,2023-11-13 16:58:00,Brasil,AMAPÁ,CALÇOENE,Amazônia
 1660811012 ,2396d0b2-35d6-33cc-a4d6-8143a14e7da0,    2.229690 ,  -50.797240 ,2023-11-13 16:58:00,Brasil,AMAPÁ,CALÇOENE,Amazônia
 1660811013 ,68f30c11-cf07-3748-9325-be994c6abd1a,    1.903100 ,  -50.601440 ,2023-11-13 16:58:00,Brasil,AMAPÁ,AMAPÁ,Amazônia
 1660811014 ,a2cffe1f-fe23-3850-82ce-2882cec4421a,    1.900860 ,  -50.616300 ,2023-11-13 16:58:00,Brasil,AMAPÁ,AMAPÁ,Amazônia
 1660811015 ,78091287-f8f6-3773-ae87-a10583faf41f,    1.868470 ,  -50.681460 ,2023-11-13 16:58:00,Brasil,AMAPÁ,AMAPÁ,Amazônia
 1660811016 ,beaa2569-328d-30a9-bdfb-cff2134ddd88,    1.866740 ,  -50.687840 ,2023-11-13 16:58:00,Brasil,AMAPÁ,AMAPÁ,Amazônia
 1660811017 ,6b0eba24-b6b2-32c3-8408-1e7e285035bd,    1.824930 ,  -50.583110 ,2023-11-13 16:58:00,Brasil,AMAPÁ,AMAPÁ,Amazônia
 1660811018 ,b2e25090-f020-3d3f-ac94-e6351d279f9c,    1.640240 ,  -50.666260 ,2023-11-13 16:58:00,Brasil,AMAPÁ,PRACUÚBA,Amazônia
 1660811019 ,1001c507-c425-3ef8-9a92-a4d3e7ae9426,    1.637990 ,  -50.681420 ,2023-11-13 16:58:00,Brasil,AMAPÁ,PRACUÚBA,Amazônia
 1660811020 ,edb03a55-4eab-3f99-b273-8e069f1a8177,    1.628810 ,  -50.664560 ,2023-11-13 16:58:00,Brasil,AMAPÁ,PRACUÚBA,Amazônia
 1660811021 ,8e462c47-a1f0-3d42-8b1e-6f316f3e2e2a,    1.626540 ,  -50.679700 ,2023-11-13 16:58:00,Brasil,AMAPÁ,PRACUÚBA,Amazônia
 1660811022 ,47dd5b0c-8262-3c2a-a97c-4fd563268803,    1.557850 ,  -50.450670 ,2023-11-13 16:58:00,Brasil,AMAPÁ,AMAPÁ,Amazônia
 1660811023 ,1760a364-7bae-369d-a8e5-4e184c033103,    1.511230 ,  -50.451990 ,2023-11-13 16:58:00,Brasil,AMAPÁ,AMAPÁ,Amazônia
 1660811024 ,41b0787b-2f18-37a5-ba34-8386895d71de,    1.509080 ,  -50.466710 ,2023-11-13 16:58:00,Brasil,AMAPÁ,AMAPÁ,Amazônia
 1660811025 ,fec1ac94-3541-3708-97cb-726f6f694175,    1.288190 ,  -50.482520 ,2023-11-13 16:58:00,Brasil,AMAPÁ,TARTARUGALZINHO,Amazônia
 1660811026 ,3fff9a5d-7802-3682-bbad-8a3fd2a796ae,    1.130080 ,  -50.007760 ,2023-11-13 16:58:00,Brasil,AMAPÁ,MACAPÁ,Amazônia
 1660811027 ,ce72d506-c84e-347c-90cb-0df4247662b8,    1.128890 ,  -50.002330 ,2023-11-13 16:58:00,Brasil,AMAPÁ,MACAPÁ,Amazônia
 1660811028 ,2d1a246f-ce04-3f07-b6c4-855eb9cd26e8,     .992850 ,  -50.147110 ,2023-11-13 16:58:00,Brasil,AMAPÁ,MACAPÁ,Amazônia
 1660811029 ,0ee07e21-127c-3e3e-a10e-9f68cf880ec6,     .942170 ,  -50.736210 ,2023-11-13 16:58:00,Brasil,AMAPÁ,CUTIAS,Amazônia
 1660811030 ,9dc64af8-a333-3750-88a4-b10bed8749ef,     .929020 ,  -50.269970 ,2023-11-13 16:58:00,Brasil,AMAPÁ,MACAPÁ,Amazônia
 1660811031 ,591de25d-f7ba-3c33-adeb-ea16ae2d0147,     .865960 ,  -51.266320 ,2023-11-13 16:58:00,Brasil,AMAPÁ,FERREIRA GOMES,Amazônia
 1660811032 ,beb96209-ce89-3731-a7bb-a1b5be8667ed,     .640560 ,  -50.755620 ,2023-11-13 16:58:00,Brasil,AMAPÁ,ITAUBAL,Amazônia
 1660811033 ,318f90cc-7dce-33a6-803d-4bf42a21fc2b,     .552520 ,  -50.942690 ,2023-11-13 16:58:00,Brasil,AMAPÁ,MACAPÁ,Amazônia
 1660811034 ,3815b565-5115-310f-9997-18e1f83a88e9,     .546500 ,  -50.935100 ,2023-11-13 16:58:00,Brasil,AMAPÁ,MACAPÁ,Amazônia
 1660811035 ,32ab4340-93fb-3015-bef4-a4f5bc286126,     .544120 ,  -50.951710 ,2023-11-13 16:58:00,Brasil,AMAPÁ,MACAPÁ,Amazônia
 1660811036 ,72783fe7-c19e-3ed2-88ef-2386ca0060e8,     .540590 ,  -50.940980 ,2023-11-13 16:58:00,Brasil,AMAPÁ,MACAPÁ,Amazônia
 1660811039 ,fe74ac41-7eaa-3127-9812-2ec8bf5f250f,     .325940 ,  -50.773080 ,2023-11-13 16:58:00,Brasil,AMAPÁ,MACAPÁ,Amazônia
 1660811040 ,1eb6bd3b-cd32-363d-a8dd-74921a55b402,     .246190 ,  -51.028660 ,2023-11-13 16:58:00,Brasil,AMAPÁ,MACAPÁ,Amazônia
 1660811041 ,4c200b20-30ea-3aba-9847-9de60216501c,     .238220 ,  -51.032500 ,2023-11-13 16:58:00,Brasil,AMAPÁ,MACAPÁ,Amazônia
 1660811043 ,be0b2229-65c6-32a9-9546-5cbe5a812509,    -.244510 ,  -51.444930 ,2023-11-13 16:58:00,Brasil,AMAPÁ,MAZAGÃO,Amazônia
 1660811145 ,bb0890ff-f9e1-3b42-93cf-726d2db6d51e,    -.802340 ,  -51.767140 ,2023-11-13 16:58:00,Brasil,AMAPÁ,MAZAGÃO,Amazônia
 1660811130 ,196a59db-ef3c-3df0-b66b-95bf9c577f78,    3.596550 ,  -51.108840 ,2023-11-13 16:58:00,Brasil,AMAPÁ,CALÇOENE,Amazônia
 1660811131 ,74a75b03-1186-3cbf-8327-5ad97ee9af76,    3.339040 ,  -51.146710 ,2023-11-13 16:58:00,Brasil,AMAPÁ,CALÇOENE,Amazônia
 1660811132 ,9e2756b5-0a9f-3c2f-af79-c1ab928b22eb,    3.336730 ,  -51.162210 ,2023-11-13 16:58:00,Brasil,AMAPÁ,CALÇOENE,Amazônia
 1660811133 ,cfab9e69-0083-320e-8b46-d785934f0e6f,    2.916710 ,  -51.051720 ,2023-11-13 16:58:00,Brasil,AMAPÁ,CALÇOENE,Amazônia
 1660811134 ,dc5cab11-3e44-33a9-a7ab-825d7024c9f1,    2.916310 ,  -51.042480 ,2023-11-13 16:58:00,Brasil,AMAPÁ,CALÇOENE,Amazônia
 1660811135 ,02f810a1-f56b-35e2-886c-daebe6d11a0e,    2.913920 ,  -51.057910 ,2023-11-13 16:58:00,Brasil,AMAPÁ,CALÇOENE,Amazônia
 1660811136 ,56fa5f67-2873-3023-ac3c-c11c011c7aa0,    2.731110 ,  -51.050100 ,2023-11-13 16:58:00,Brasil,AMAPÁ,CALÇOENE,Amazônia
 1660811137 ,dbe04117-02c3-3f5b-8e9c-ec5b8e64da6c,    2.653310 ,  -51.031360 ,2023-11-13 16:58:00,Brasil,AMAPÁ,CALÇOENE,Amazônia
 1660811138 ,5b174ad4-73ab-3d35-a4cb-93c8274ca9eb,    2.652160 ,  -50.900410 ,2023-11-13 16:58:00,Brasil,AMAPÁ,CALÇOENE,Amazônia
 1660811139 ,e91f8b43-49c5-34bd-8a6f-3ba6a000258f,    2.650920 ,  -51.046920 ,2023-11-13 16:58:00,Brasil,AMAPÁ,CALÇOENE,Amazônia
 1660811140 ,0eb04fc5-61f5-3232-9e33-eb256830cce6,    2.649930 ,  -50.915620 ,2023-11-13 16:58:00,Brasil,AMAPÁ,CALÇOENE,Amazônia
 1660811141 ,88b25ec7-256b-3c7a-9b74-d576763eb498,    2.649270 ,  -50.904990 ,2023-11-13 16:58:00,Brasil,AMAPÁ,CALÇOENE,Amazônia
 1660811142 ,0b2b25f0-6bb7-394b-bcba-0cdcdf901b6a,    2.643310 ,  -51.040810 ,2023-11-13 16:58:00,Brasil,AMAPÁ,CALÇOENE,Amazônia
 1660811143 ,f74d9291-d3a4-3db1-900e-b757f1c78209,     .162280 ,  -51.703250 ,2023-11-13 16:58:00,Brasil,AMAPÁ,MAZAGÃO,Amazônia
 1660811144 ,4d0bd8d9-eaeb-3b81-a0cf-6cf9f2014ed3,    -.805280 ,  -51.787550 ,2023-11-13 16:58:00,Brasil,AMAPÁ,MAZAGÃO,Amazônia
 1660811146 ,03d4e712-83a0-31dc-855b-efe9ddddce3c,    -.769160 ,  -51.797860 ,2023-11-13 16:58:00,Brasil,AMAPÁ,MAZAGÃO,Amazônia
 1660811147 ,7a2e4520-d328-3d79-9a23-0fe965f7dcb7,    -.766030 ,  -51.793280 ,2023-11-13 16:58:00,Brasil,AMAPÁ,MAZAGÃO,Amazônia
 1660811148 ,ea4e2e80-8559-3c36-ac72-0b6016544b47,    -.756070 ,  -51.799750 ,2023-11-13 16:58:00,Brasil,AMAPÁ,MAZAGÃO,Amazônia
 1660811149 ,c8c0fc41-8564-37de-ade7-2a9c9c23e6a6,    -.538660 ,  -51.658490 ,2023-11-13 16:58:00,Brasil,AMAPÁ,MAZAGÃO,Amazônia
 1660811150 ,daf6bd2b-b1eb-3eec-b210-6b13b879d42b,    -.535760 ,  -51.638740 ,2023-11-13 16:58:00,Brasil,AMAPÁ,MAZAGÃO,Amazônia
 1660811151 ,8361181e-2819-3514-8128-a2c298db9726,    -.479180 ,  -51.613700 ,2023-11-13 16:58:00,Brasil,AMAPÁ,MAZAGÃO,Amazônia
 1660811152 ,eb684dbb-bf84-32ab-9874-070a1aa7e126,    -.478710 ,  -51.606980 ,2023-11-13 16:58:00,Brasil,AMAPÁ,MAZAGÃO,Amazônia
 1660811153 ,613f4f2b-4af7-319d-b026-5d9b34d1becb,    -.454000 ,  -51.800060 ,2023-11-13 16:58:00,Brasil,AMAPÁ,MAZAGÃO,Amazônia
 1660811155 ,5e87f9a0-3f7e-383f-a90b-3f13c703a97e,    -.013600 ,  -51.471570 ,2023-11-13 16:58:00,Brasil,AMAPÁ,MAZAGÃO,Amazônia
 1660948026 ,adea8374-60e4-396c-8e37-c32a5c9aeb4e,     .029240 ,  -51.530840 ,2023-11-14 17:38:00,Brasil,AMAPÁ,MAZAGÃO,Amazônia
 1660948027 ,8bceed56-173d-376b-97e6-1a5632f966d3,     .025710 ,  -51.538600 ,2023-11-14 17:38:00,Brasil,AMAPÁ,MAZAGÃO,Amazônia
 1660948028 ,74f7fe00-3984-3b46-b006-d75311bf2e10,    -.700170 ,  -51.866390 ,2023-11-14 17:38:00,Brasil,AMAPÁ,MAZAGÃO,Amazônia
 1660948030 ,37328952-2647-3785-ba7a-71cf1ae1aab1,    -.698330 ,  -51.853840 ,2023-11-14 17:38:00,Brasil,AMAPÁ,MAZAGÃO,Amazônia
 1660951089 ,77eadce2-e8ce-33e2-b5f1-db543b0e9981,    1.642730 ,  -50.667720 ,2023-11-14 17:38:00,Brasil,AMAPÁ,PRACUÚBA,Amazônia
 1660951090 ,454947c2-5b25-3fed-93b0-ebb1d5cacac9,     .068560 ,  -51.174120 ,2023-11-14 17:38:00,Brasil,AMAPÁ,MACAPÁ,Amazônia
 1660951257 ,93bed621-6977-3068-a727-06478a7928ed,    3.718430 ,  -51.394690 ,2023-11-14 17:38:00,Brasil,AMAPÁ,OIAPOQUE,Amazônia
 1660951258 ,e4741ff7-e3c0-31ed-b7bb-b482cde86f9c,    3.700240 ,  -51.386560 ,2023-11-14 17:38:00,Brasil,AMAPÁ,OIAPOQUE,Amazônia
 1660951259 ,a8b1fee1-b559-3b27-a5f8-99cc37225fdd,    3.592420 ,  -51.109760 ,2023-11-14 17:38:00,Brasil,AMAPÁ,CALÇOENE,Amazônia
 1660951261 ,f4c38f3a-6061-33c2-8025-4ed1f0c560a9,    3.331270 ,  -51.144920 ,2023-11-14 17:38:00,Brasil,AMAPÁ,CALÇOENE,Amazônia
 1660951268 ,45ddf71f-7d26-39cc-ae92-32ff332de82e,    2.726020 ,  -51.048530 ,2023-11-14 17:38:00,Brasil,AMAPÁ,CALÇOENE,Amazônia
 1661153772 ,8cc7036e-3500-3f2e-bef1-ff6db6ecdec8,    2.099580 ,  -50.793840 ,2023-11-15 16:43:00,Brasil,AMAPÁ,AMAPÁ,Amazônia
 1661153773 ,b88610c0-4e8d-3b93-b4bf-4ab100887c9e,    1.640830 ,  -50.625920 ,2023-11-15 16:43:00,Brasil,AMAPÁ,PRACUÚBA,Amazônia
 1661153774 ,d262a05e-9816-3ebe-a10b-358f480d75c4,    1.635880 ,  -50.629780 ,2023-11-15 16:43:00,Brasil,AMAPÁ,PRACUÚBA,Amazônia
 1661153775 ,47750e10-98a9-3ec8-a43e-db0e703fd438,    1.625350 ,  -50.623490 ,2023-11-15 16:43:00,Brasil,AMAPÁ,PRACUÚBA,Amazônia
 1661153776 ,cdcd9398-ce43-3084-8e26-fec1507184d1,    1.620400 ,  -50.627380 ,2023-11-15 16:43:00,Brasil,AMAPÁ,PRACUÚBA,Amazônia
 1661153777 ,af281745-38f8-3cd1-9739-620e5a16a921,    1.280810 ,  -50.486110 ,2023-11-15 16:43:00,Brasil,AMAPÁ,TARTARUGALZINHO,Amazônia
 1661153778 ,f60f21df-959e-3d55-a7c3-298a176c86a2,    1.276330 ,  -50.490010 ,2023-11-15 16:43:00,Brasil,AMAPÁ,TARTARUGALZINHO,Amazônia
 1661153779 ,447a651f-c9d0-3cfa-99f1-5589a57a0165,    1.229980 ,  -50.509090 ,2023-11-15 16:43:00,Brasil,AMAPÁ,TARTARUGALZINHO,Amazônia
 1661153780 ,b635d1ba-1341-33a6-86b5-59fdf91b4899,    1.225370 ,  -50.539290 ,2023-11-15 16:43:00,Brasil,AMAPÁ,TARTARUGALZINHO,Amazônia
 1661153781 ,1c5be17b-14aa-3518-8d02-951268706894,    1.197180 ,  -50.723960 ,2023-11-15 16:43:00,Brasil,AMAPÁ,TARTARUGALZINHO,Amazônia
 1661153782 ,db985721-9fdf-3fa8-8267-a01726a0c718,    1.192380 ,  -50.755420 ,2023-11-15 16:43:00,Brasil,AMAPÁ,TARTARUGALZINHO,Amazônia
 1661153783 ,c3671462-74f6-36fe-a120-abf29e051463,     .938020 ,  -50.730570 ,2023-11-15 16:43:00,Brasil,AMAPÁ,CUTIAS,Amazônia
 1661153784 ,5d23573a-3c0c-3073-b90e-1c159f9be27f,     .918610 ,  -50.257030 ,2023-11-15 16:43:00,Brasil,AMAPÁ,MACAPÁ,Amazônia
 1661153785 ,80bf19a1-2030-3cde-8bd9-fe2faf22c48f,    1.364940 ,  -49.923240 ,2023-11-15 16:43:00,Brasil,AMAPÁ,AMAPÁ,Amazônia
 1661153786 ,35a65d96-3f62-3903-af18-86e7666dc694,    1.361190 ,  -49.945510 ,2023-11-15 16:43:00,Brasil,AMAPÁ,AMAPÁ,Amazônia
 1661153787 ,4dc4937e-846c-379e-9994-a407d68a9b43,     .476030 ,  -50.938150 ,2023-11-15 16:43:00,Brasil,AMAPÁ,MACAPÁ,Amazônia
 1661153788 ,04fd7766-fbe3-3815-8d8a-d2a89981df8d,     .319960 ,  -50.767540 ,2023-11-15 16:43:00,Brasil,AMAPÁ,MACAPÁ,Amazônia
 1661153798 ,c2bccb5c-95d1-3d38-af20-129c993f6874,    2.889220 ,  -50.999440 ,2023-11-15 16:43:00,Brasil,AMAPÁ,CALÇOENE,Amazônia
 1661153799 ,1b687f68-627e-309c-aae2-a08a39aa2a82,    2.723870 ,  -51.064480 ,2023-11-15 16:43:00,Brasil,AMAPÁ,CALÇOENE,Amazônia
 1661153800 ,3b73d0e6-3afb-34d5-8109-b138d550855d,     .018580 ,  -51.539730 ,2023-11-15 16:43:00,Brasil,AMAPÁ,MAZAGÃO,Amazônia
 1661153801 ,621adac8-edf9-30d4-98f3-b0339014e79c,    -.123880 ,  -51.625220 ,2023-11-15 16:43:00,Brasil,AMAPÁ,MAZAGÃO,Amazônia
 1661319431 ,16f32349-88c0-31f8-8c03-049b9478ab31,    2.264610 ,  -50.802140 ,2023-11-16 17:24:00,Brasil,AMAPÁ,CALÇOENE,Amazônia
 1661319432 ,8aaf3d1b-1b59-3876-b60a-94407ad12a49,    2.263250 ,  -50.811670 ,2023-11-16 17:24:00,Brasil,AMAPÁ,CALÇOENE,Amazônia
 1661319433 ,221b28fc-1c0d-384f-8252-519896cffe60,    2.256750 ,  -50.791270 ,2023-11-16 17:24:00,Brasil,AMAPÁ,CALÇOENE,Amazônia
 1661319434 ,be292082-e565-35ea-bd0c-716b6073eee2,    2.250910 ,  -50.784630 ,2023-11-16 17:24:00,Brasil,AMAPÁ,CALÇOENE,Amazônia
 1661319435 ,3b692583-6e87-39bf-8c04-813b15fe1e44,    2.177210 ,  -50.773990 ,2023-11-16 17:24:00,Brasil,AMAPÁ,CALÇOENE,Amazônia
 1661319436 ,d3332ac8-fafc-3dda-9179-3c9b70ab6da7,    1.829600 ,  -50.561980 ,2023-11-16 17:24:00,Brasil,AMAPÁ,AMAPÁ,Amazônia
 1661319437 ,4cd3a36c-d2b6-3904-b272-cb407b259d3c,    1.823820 ,  -50.669050 ,2023-11-16 17:24:00,Brasil,AMAPÁ,PRACUÚBA,Amazônia
 1661319438 ,615c3cd0-d37a-39b6-b1f3-ef4dd30b7208,    1.767050 ,  -50.615110 ,2023-11-16 17:24:00,Brasil,AMAPÁ,AMAPÁ,Amazônia
 1661319439 ,5fe85c18-0083-311a-a5aa-fec740636bb5,    1.760560 ,  -50.594560 ,2023-11-16 17:24:00,Brasil,AMAPÁ,AMAPÁ,Amazônia
 1661319440 ,2d2508f6-58e5-3070-be41-ce85065e3e4b,    1.754310 ,  -50.768900 ,2023-11-16 17:24:00,Brasil,AMAPÁ,PRACUÚBA,Amazônia
 1661319441 ,c8aca1bb-a597-39fb-ad8c-dc511dc04598,    1.723060 ,  -50.612880 ,2023-11-16 17:24:00,Brasil,AMAPÁ,PRACUÚBA,Amazônia
 1661319442 ,73d2dc25-7174-336c-a813-7abf15c2dc21,    1.694420 ,  -50.744930 ,2023-11-16 17:24:00,Brasil,AMAPÁ,PRACUÚBA,Amazônia
 1661319443 ,5ab4d169-5c9a-3172-92da-fe90ebc24ef9,    1.693050 ,  -50.754390 ,2023-11-16 17:24:00,Brasil,AMAPÁ,PRACUÚBA,Amazônia
 1661319444 ,6b46251b-4e9a-3f06-9f49-641821762076,    1.656330 ,  -50.749080 ,2023-11-16 17:24:00,Brasil,AMAPÁ,PRACUÚBA,Amazônia
 1661319445 ,f7434d3a-3075-35ed-bec5-db1cbde6bfeb,    1.654970 ,  -50.758540 ,2023-11-16 17:24:00,Brasil,AMAPÁ,PRACUÚBA,Amazônia
 1661319446 ,f93ded8d-3cff-3938-863d-496fbe9b66be,    1.645790 ,  -50.757210 ,2023-11-16 17:24:00,Brasil,AMAPÁ,PRACUÚBA,Amazônia
 1661319447 ,c57cf24c-5a9d-31cb-80d3-5ce662d4ce28,    1.563310 ,  -50.553810 ,2023-11-16 17:24:00,Brasil,AMAPÁ,PRACUÚBA,Amazônia
 1661319448 ,a720ef78-6982-309a-b879-1d42ab4b9db2,    1.561940 ,  -50.563420 ,2023-11-16 17:24:00,Brasil,AMAPÁ,PRACUÚBA,Amazônia
 1661319449 ,d76d70c7-92da-32bc-a026-59e02fa48c8f,    1.508310 ,  -50.431600 ,2023-11-16 17:24:00,Brasil,AMAPÁ,AMAPÁ,Amazônia
 1661319450 ,209b6503-113c-3481-b993-a93afd819925,    1.506920 ,  -50.441310 ,2023-11-16 17:24:00,Brasil,AMAPÁ,AMAPÁ,Amazônia
 1661319451 ,e7d84fd7-f064-36d2-830d-490b7ea7100e,    1.476250 ,  -50.720320 ,2023-11-16 17:24:00,Brasil,AMAPÁ,TARTARUGALZINHO,Amazônia
 1661319452 ,1aa5f1a5-f023-39f9-91f4-b45b63712bea,    1.366640 ,  -49.931330 ,2023-11-16 17:24:00,Brasil,AMAPÁ,AMAPÁ,Amazônia
 1661319453 ,897e981d-9704-3a98-abc8-e57fcf3153dc,    1.362350 ,  -49.924040 ,2023-11-16 17:24:00,Brasil,AMAPÁ,AMAPÁ,Amazônia
 1661319454 ,4983ed6d-9373-3af2-b14b-36f39cab12c1,    1.335900 ,  -49.972210 ,2023-11-16 17:24:00,Brasil,AMAPÁ,AMAPÁ,Amazônia
 1661319455 ,b49e24ca-75e2-3a84-86f8-1e4611f25466,    1.318060 ,  -50.539260 ,2023-11-16 17:24:00,Brasil,AMAPÁ,TARTARUGALZINHO,Amazônia
 1661319456 ,fc611569-33b0-3bcc-94ce-83b6f265ffcb,    1.307450 ,  -50.547500 ,2023-11-16 17:24:00,Brasil,AMAPÁ,TARTARUGALZINHO,Amazônia
 1661319457 ,e4a32882-c933-3318-85d2-83e3f65f1773,    1.298580 ,  -50.477630 ,2023-11-16 17:24:00,Brasil,AMAPÁ,TARTARUGALZINHO,Amazônia
 1661319458 ,1e542bf6-8aca-3b80-a1b0-f2be2ab5339f,    1.289330 ,  -50.476280 ,2023-11-16 17:24:00,Brasil,AMAPÁ,TARTARUGALZINHO,Amazônia
 1661319459 ,d06f3216-a0bf-3344-a498-bca297e6e38b,    1.281250 ,  -50.478450 ,2023-11-16 17:24:00,Brasil,AMAPÁ,TARTARUGALZINHO,Amazônia
 1661319460 ,d0796714-212a-3913-9baf-4d2244bdf3e4,    1.255270 ,  -50.591930 ,2023-11-16 17:24:00,Brasil,AMAPÁ,TARTARUGALZINHO,Amazônia
 1661319461 ,d60b7fd8-588f-3858-928a-9b425082f0a2,    1.228070 ,  -50.519770 ,2023-11-16 17:24:00,Brasil,AMAPÁ,TARTARUGALZINHO,Amazônia
 1661319462 ,1db22407-a403-3878-b34c-921f1c5ce9df,    1.175840 ,  -50.046480 ,2023-11-16 17:24:00,Brasil,AMAPÁ,MACAPÁ,Amazônia
 1661319463 ,ea09960b-d6bb-3987-ab65-3813ef3bcd10,    1.077330 ,  -50.086880 ,2023-11-16 17:24:00,Brasil,AMAPÁ,MACAPÁ,Amazônia
 1661319464 ,2bc2f78a-f5ff-31d2-b90e-aa2ce5f45a6a,     .964230 ,  -50.305870 ,2023-11-16 17:24:00,Brasil,AMAPÁ,CUTIAS,Amazônia
 1661319465 ,5cb5c92c-de4f-38e8-82d2-eaecb9bb7d32,     .958670 ,  -50.344690 ,2023-11-16 17:24:00,Brasil,AMAPÁ,CUTIAS,Amazônia
 1661319466 ,601954d8-b79d-3fec-b5f9-114f07ce6139,     .957280 ,  -50.354360 ,2023-11-16 17:24:00,Brasil,AMAPÁ,CUTIAS,Amazônia
 1661319467 ,45ee94dc-d8cf-3081-b421-b0d06bd1377f,     .941990 ,  -50.721160 ,2023-11-16 17:24:00,Brasil,AMAPÁ,CUTIAS,Amazônia
 1661319468 ,18692619-1f73-3926-a3d0-ac959f61af3a,     .940640 ,  -50.730520 ,2023-11-16 17:24:00,Brasil,AMAPÁ,CUTIAS,Amazônia
 1661319469 ,ebd56fbb-c614-34f0-9eed-840394439f92,     .866630 ,  -50.665440 ,2023-11-16 17:24:00,Brasil,AMAPÁ,CUTIAS,Amazônia
 1661319470 ,8b189f9a-c615-3762-bdbb-447b1221f5fc,     .843020 ,  -51.214050 ,2023-11-16 17:24:00,Brasil,AMAPÁ,FERREIRA GOMES,Amazônia
 1661319471 ,8a8023f8-bb2c-34da-8ebf-5a12da5ce530,     .789260 ,  -50.696330 ,2023-11-16 17:24:00,Brasil,AMAPÁ,MACAPÁ,Amazônia
 1661319472 ,73bf0dfe-5ea9-3325-a95e-1ef3bc0fdfa3,     .787890 ,  -50.705680 ,2023-11-16 17:24:00,Brasil,AMAPÁ,MACAPÁ,Amazônia
 1661319474 ,0312dbc5-b2a5-36a3-accd-2da289cb2d87,     .509660 ,  -50.713050 ,2023-11-16 17:24:00,Brasil,AMAPÁ,ITAUBAL,Amazônia
 1661319475 ,fc5765d2-03ac-34e3-a26f-7779b2018e97,     .500550 ,  -50.711730 ,2023-11-16 17:24:00,Brasil,AMAPÁ,ITAUBAL,Amazônia
 1661319476 ,6a2b6457-3eea-3b57-a868-81478fffa969,     .499190 ,  -50.721030 ,2023-11-16 17:24:00,Brasil,AMAPÁ,ITAUBAL,Amazônia
 1661319477 ,c774e1c4-8e6c-3a87-8526-2338ca0b22bc,     .451790 ,  -50.855830 ,2023-11-16 17:24:00,Brasil,AMAPÁ,MACAPÁ,Amazônia
 1661319478 ,906e5be9-632e-3ec7-afaf-03328a88bc8f,     .450460 ,  -50.865020 ,2023-11-16 17:24:00,Brasil,AMAPÁ,MACAPÁ,Amazônia
 1661319479 ,754aff09-073f-32d4-80e3-591ef137f457,     .442730 ,  -50.854510 ,2023-11-16 17:24:00,Brasil,AMAPÁ,MACAPÁ,Amazônia
 1661319480 ,354c0228-35a6-3422-877b-c33d1eb77972,     .317410 ,  -50.767480 ,2023-11-16 17:24:00,Brasil,AMAPÁ,MACAPÁ,Amazônia
 1661319481 ,60cead23-6dd8-39eb-b041-f1e38fa924d2,     .306980 ,  -50.775420 ,2023-11-16 17:24:00,Brasil,AMAPÁ,MACAPÁ,Amazônia
 1661319482 ,526febd7-4063-36bc-90e1-5b3aa68d9468,     .261360 ,  -50.834630 ,2023-11-16 17:24:00,Brasil,AMAPÁ,MACAPÁ,Amazônia
 1661319483 ,8ce0e271-dbb1-304a-84c9-eb0487547f23,     .260030 ,  -50.843810 ,2023-11-16 17:24:00,Brasil,AMAPÁ,MACAPÁ,Amazônia
 1661319485 ,3dd35df3-6b99-3bc1-a3f2-84c3ea1d543f,     .098130 ,  -51.204010 ,2023-11-16 17:24:00,Brasil,AMAPÁ,SANTANA,Amazônia
 1661319486 ,7d0c4f2e-ae0f-349d-8f7d-07a786c9bf95,     .096840 ,  -51.213000 ,2023-11-16 17:24:00,Brasil,AMAPÁ,SANTANA,Amazônia
 1661319487 ,4ffa3491-6ed5-34ff-8e28-ec2fe090b788,     .072470 ,  -51.120150 ,2023-11-16 17:24:00,Brasil,AMAPÁ,MACAPÁ,Amazônia
 1661319488 ,db449d72-9f8a-3a65-84cc-a3c8945edab5,     .058080 ,  -51.219140 ,2023-11-16 17:24:00,Brasil,AMAPÁ,MACAPÁ,Amazônia
 1661319489 ,35884bb7-b432-3641-ad06-fc4ef6c2ed60,     .056770 ,  -51.228120 ,2023-11-16 17:24:00,Brasil,AMAPÁ,MACAPÁ,Amazônia
 1661319490 ,13eba51d-90ea-33bc-9e69-b9d6f0d4aeba,     .008330 ,  -51.120030 ,2023-11-16 17:24:00,Brasil,AMAPÁ,MACAPÁ,Amazônia
 1661319491 ,f3e4f760-69aa-35e7-80dc-69121a74957b,    -.081940 ,  -51.174810 ,2023-11-16 17:24:00,Brasil,AMAPÁ,SANTANA,Amazônia
 1661319492 ,c9b54226-3fd9-3e14-a175-bbab1dd1c8d1,    -.023910 ,  -51.280460 ,2023-11-16 17:24:00,Brasil,AMAPÁ,SANTANA,Amazônia
 1661319493 ,eb641c82-342c-373d-8534-73c7fe286f3d,     .010340 ,  -51.422210 ,2023-11-16 17:24:00,Brasil,AMAPÁ,SANTANA,Amazônia
 1661319494 ,8f3dac3d-ca89-3977-b73f-97bf1cfd16ba,     .009050 ,  -51.431120 ,2023-11-16 17:24:00,Brasil,AMAPÁ,SANTANA,Amazônia
 1661319495 ,9712c050-a3cc-3c5e-aa77-8885fa00eb34,    -.369030 ,  -51.433330 ,2023-11-16 17:24:00,Brasil,AMAPÁ,MAZAGÃO,Amazônia
 1661319496 ,045bd48b-4450-3d7a-8e50-ceda96f6b1b2,    -.367740 ,  -51.424440 ,2023-11-16 17:24:00,Brasil,AMAPÁ,MAZAGÃO,Amazônia
 1661319497 ,5ae616d3-aa95-3f3f-b579-4fa4078c7fc7,    -.308460 ,  -51.466970 ,2023-11-16 17:24:00,Brasil,AMAPÁ,MAZAGÃO,Amazônia
 1661319498 ,6bd2a469-9263-3c47-940c-059726ec623c,    -.258740 ,  -51.437900 ,2023-11-16 17:24:00,Brasil,AMAPÁ,MAZAGÃO,Amazônia
 1661319499 ,07d816a6-22f1-3404-9da7-a8fe005e5fd7,    -.209310 ,  -51.414400 ,2023-11-16 17:24:00,Brasil,AMAPÁ,MAZAGÃO,Amazônia
 1661319500 ,45f4f4cf-a00d-3652-9511-3ae410d3ea57,    -.165990 ,  -51.429780 ,2023-11-16 17:24:00,Brasil,AMAPÁ,MAZAGÃO,Amazônia
 1661319501 ,ef33cb43-e865-3a1d-bc04-fbde78912638,    -.164700 ,  -51.420880 ,2023-11-16 17:24:00,Brasil,AMAPÁ,MAZAGÃO,Amazônia
 1661319502 ,9bc005b9-0c69-3d3a-be97-eb093e5b335b,    -.145430 ,  -51.350900 ,2023-11-16 17:24:00,Brasil,AMAPÁ,MAZAGÃO,Amazônia
 1661319503 ,6e434870-b08c-3ce8-9eb7-696b7abdac42,    -.144130 ,  -51.341970 ,2023-11-16 17:24:00,Brasil,AMAPÁ,MAZAGÃO,Amazônia
 1661319504 ,10c3ebf3-d693-34b9-b97a-e08a15fbdb72,    -.142840 ,  -51.333050 ,2023-11-16 17:24:00,Brasil,AMAPÁ,MAZAGÃO,Amazônia
 1661319505 ,7dbc656a-393c-3f75-9958-c821457eed8f,    -.141540 ,  -51.324120 ,2023-11-16 17:24:00,Brasil,AMAPÁ,MAZAGÃO,Amazônia
 1661319506 ,272f6da1-af48-3f65-9222-b4116a9932e2,    -.096280 ,  -51.337360 ,2023-11-16 17:24:00,Brasil,AMAPÁ,MAZAGÃO,Amazônia
 1661319507 ,a55c0f86-efb1-37e9-a1e2-44fab4b9fd0a,    -.084880 ,  -51.384580 ,2023-11-16 17:24:00,Brasil,AMAPÁ,MAZAGÃO,Amazônia
 1661319508 ,7ec8c077-774b-3fda-a430-67de4fb461af,    -.042680 ,  -51.345150 ,2023-11-16 17:24:00,Brasil,AMAPÁ,SANTANA,Amazônia
 1661319509 ,a4797652-ebfd-3b95-89f5-0064bcd177bd,    -.030350 ,  -51.325190 ,2023-11-16 17:24:00,Brasil,AMAPÁ,SANTANA,Amazônia
 1661319641 ,fd6ad77e-9f06-3390-8a73-45934e103e3d,    3.774930 ,  -51.649630 ,2023-11-16 17:24:00,Brasil,AMAPÁ,OIAPOQUE,Amazônia
 1661319642 ,a18aab88-01b4-3629-b4ad-7f4abac088dc,    3.666370 ,  -51.372540 ,2023-11-16 17:24:00,Brasil,AMAPÁ,OIAPOQUE,Amazônia
 1661319643 ,ef5ac99b-9512-34d7-ad28-14dee4366d00,    3.658590 ,  -51.361890 ,2023-11-16 17:24:00,Brasil,AMAPÁ,OIAPOQUE,Amazônia
 1661319644 ,edf20672-a016-37a9-8327-a9a3d4ef13eb,    3.657260 ,  -51.371230 ,2023-11-16 17:24:00,Brasil,AMAPÁ,OIAPOQUE,Amazônia
 1661319645 ,002f3292-4b62-30e0-87da-3e2c4f353d88,    3.648150 ,  -51.369910 ,2023-11-16 17:24:00,Brasil,AMAPÁ,OIAPOQUE,Amazônia
 1661319646 ,2bc6d330-0e5c-3781-849c-f2a3c54bfff6,    3.463800 ,  -51.501290 ,2023-11-16 17:24:00,Brasil,AMAPÁ,OIAPOQUE,Amazônia
 1661319647 ,efb8ac6b-0fac-3fc6-87ad-a9f73342326f,    2.584020 ,  -51.340860 ,2023-11-16 17:24:00,Brasil,AMAPÁ,CALÇOENE,Amazônia
 1661319648 ,c576a921-5f51-3105-8a65-1deffe826168,    2.458150 ,  -51.706540 ,2023-11-16 17:24:00,Brasil,AMAPÁ,CALÇOENE,Amazônia
 1661319649 ,1bb7ef80-049b-3a5e-b859-8dda96db981a,    3.353970 ,  -51.110880 ,2023-11-16 17:24:00,Brasil,AMAPÁ,CALÇOENE,Amazônia
 1661319650 ,c29c7474-ebd1-3625-beb3-7f3cd0a8027a,    3.352610 ,  -51.120350 ,2023-11-16 17:24:00,Brasil,AMAPÁ,CALÇOENE,Amazônia
 1661319651 ,c9d92364-9e3d-387c-88c5-c555d07bc9f1,    3.343440 ,  -51.119030 ,2023-11-16 17:24:00,Brasil,AMAPÁ,CALÇOENE,Amazônia
 1661319652 ,f71bf77c-587e-3ae4-ae12-afbaf13b01e6,    3.342090 ,  -51.128490 ,2023-11-16 17:24:00,Brasil,AMAPÁ,CALÇOENE,Amazônia
 1661319653 ,bda741bf-8f2c-36af-b9de-00a2b526bde4,    3.322400 ,  -51.135300 ,2023-11-16 17:24:00,Brasil,AMAPÁ,CALÇOENE,Amazônia
 1661319654 ,0aa5e380-4dc5-361e-a41f-4cd1d1ae2c45,    3.311900 ,  -51.143430 ,2023-11-16 17:24:00,Brasil,AMAPÁ,CALÇOENE,Amazônia
 1661319655 ,84c199ce-e435-3f10-8511-a36a3e370231,    3.304220 ,  -51.146190 ,2023-11-16 17:24:00,Brasil,AMAPÁ,CALÇOENE,Amazônia
 1661319656 ,bf91e4d5-cc20-370e-b4cf-a62a4414fc98,    2.913020 ,  -50.978190 ,2023-11-16 17:24:00,Brasil,AMAPÁ,CALÇOENE,Amazônia
 1661319657 ,1ed3fffa-13b1-36e2-9b93-2c2633863b6a,    2.911660 ,  -50.987690 ,2023-11-16 17:24:00,Brasil,AMAPÁ,CALÇOENE,Amazônia
 1661319658 ,e4e9a59e-f945-33af-8440-792e42dbf831,    2.903830 ,  -50.976860 ,2023-11-16 17:24:00,Brasil,AMAPÁ,CALÇOENE,Amazônia
 1661319659 ,3cb43c83-ab11-3165-9947-ea56fc178c96,    2.902470 ,  -50.986360 ,2023-11-16 17:24:00,Brasil,AMAPÁ,CALÇOENE,Amazônia
 1661319660 ,1cc26522-fb62-36d4-9ddf-24228568ffe4,    2.893280 ,  -50.985040 ,2023-11-16 17:24:00,Brasil,AMAPÁ,CALÇOENE,Amazônia
 1661319661 ,96879b81-8050-3416-a9ca-16632a5808a6,    2.808440 ,  -50.995260 ,2023-11-16 17:24:00,Brasil,AMAPÁ,CALÇOENE,Amazônia
 1661319662 ,e20974af-1508-3068-93bf-8fe17c55573e,    2.798180 ,  -50.935630 ,2023-11-16 17:24:00,Brasil,AMAPÁ,CALÇOENE,Amazônia
 1661319663 ,fc1234b8-18c0-3f14-82d6-b2b5816cbb94,    2.526050 ,  -51.042260 ,2023-11-16 17:24:00,Brasil,AMAPÁ,CALÇOENE,Amazônia
 1661319664 ,cd0ca6b8-bdd8-34a8-bf0e-45f370163236,     .842710 ,  -51.343100 ,2023-11-16 17:24:00,Brasil,AMAPÁ,FERREIRA GOMES,Amazônia
 1661319665 ,ff9f29af-54d4-3787-90ad-dbbf19e5691a,     .736050 ,  -51.954720 ,2023-11-16 17:24:00,Brasil,AMAPÁ,PEDRA BRANCA DO AMAPARI,Amazônia
 1661319666 ,3c4f3d4e-c657-342d-b792-e0be370d48ad,     .032590 ,  -51.531980 ,2023-11-16 17:24:00,Brasil,AMAPÁ,MAZAGÃO,Amazônia
 1661319667 ,97e7a908-94f8-3cca-8380-dc22ef04810d,     .026770 ,  -51.497300 ,2023-11-16 17:24:00,Brasil,AMAPÁ,MAZAGÃO,Amazônia
 1661319668 ,cdb668b2-8e78-3cf8-89d8-fa7f84fd4429,     .025480 ,  -51.506200 ,2023-11-16 17:24:00,Brasil,AMAPÁ,MAZAGÃO,Amazônia
 1661319669 ,7ab0c0c1-9a73-3895-b840-f20aff6b3320,    -.729910 ,  -51.706630 ,2023-11-16 17:24:00,Brasil,AMAPÁ,MAZAGÃO,Amazônia
 1661319670 ,fe08d2d4-42f7-3a64-9dd4-fb45433776eb,    -.714750 ,  -51.790020 ,2023-11-16 17:24:00,Brasil,AMAPÁ,MAZAGÃO,Amazônia
 1661319671 ,2d83d1d4-ca56-320d-b1f8-daa17ab73b07,    -.713470 ,  -51.781190 ,2023-11-16 17:24:00,Brasil,AMAPÁ,MAZAGÃO,Amazônia
 1661319672 ,199a1c66-8a6f-3fa0-bd68-1cb1f56b16b2,    -.704580 ,  -51.782480 ,2023-11-16 17:24:00,Brasil,AMAPÁ,MAZAGÃO,Amazônia
 1661319673 ,fcec1620-9bd3-37f6-9439-9416fcbe20e7,    -.538320 ,  -51.656500 ,2023-11-16 17:24:00,Brasil,AMAPÁ,MAZAGÃO,Amazônia
 1661319674 ,bbfb42cf-c898-36de-8bd5-2745b3cfba87,    -.534480 ,  -51.629960 ,2023-11-16 17:24:00,Brasil,AMAPÁ,MAZAGÃO,Amazônia
 1661319675 ,704d5347-c4cb-3891-af3d-02d58801d1b1,    -.477260 ,  -51.611180 ,2023-11-16 17:24:00,Brasil,AMAPÁ,MAZAGÃO,Amazônia
 1661319676 ,dbee39e5-da82-32d3-a315-46f08928afb6,    -.453400 ,  -51.827930 ,2023-11-16 17:24:00,Brasil,AMAPÁ,MAZAGÃO,Amazônia
 1661319677 ,adc6a1aa-301f-3104-9064-366eb8547e31,    -.306050 ,  -51.576020 ,2023-11-16 17:24:00,Brasil,AMAPÁ,MAZAGÃO,Amazônia
 1661319678 ,13c1c84e-5d75-3ce6-8bec-80a1f06bcd9b,    -.241500 ,  -51.762730 ,2023-11-16 17:24:00,Brasil,AMAPÁ,MAZAGÃO,Amazônia
 1661319679 ,858b01e6-f939-3efb-a91c-ca73d214cd24,    -.241370 ,  -51.636280 ,2023-11-16 17:24:00,Brasil,AMAPÁ,MAZAGÃO,Amazônia
 1661319680 ,a90fbc55-8fb0-3b90-8948-7d3c77ab45ce,    -.240220 ,  -51.753890 ,2023-11-16 17:24:00,Brasil,AMAPÁ,MAZAGÃO,Amazônia
 1661319681 ,a95df204-f011-387d-8e6f-9e96d9217282,    -.207060 ,  -51.650310 ,2023-11-16 17:24:00,Brasil,AMAPÁ,MAZAGÃO,Amazônia
 1661319682 ,c8422d28-d22b-3893-9380-10c9cb4c379c,    -.205770 ,  -51.641460 ,2023-11-16 17:24:00,Brasil,AMAPÁ,MAZAGÃO,Amazônia
 1661319683 ,2b02ed00-a642-3c3a-a65d-9659aba996d4,    -.176920 ,  -51.706510 ,2023-11-16 17:24:00,Brasil,AMAPÁ,MAZAGÃO,Amazônia
 1661319684 ,07fa05df-8f0a-3ca9-bc05-8eef7f08ebed,    -.110550 ,  -51.498980 ,2023-11-16 17:24:00,Brasil,AMAPÁ,MAZAGÃO,Amazônia
 1661319685 ,14b0e133-c910-3ca5-8484-f1514fb79357,    -.109260 ,  -51.490100 ,2023-11-16 17:24:00,Brasil,AMAPÁ,MAZAGÃO,Amazônia
 1661319725 ,0e5b4ea3-4849-39c8-807f-1a46d9079054,    -.936290 ,  -52.424700 ,2023-11-16 17:24:00,Brasil,AMAPÁ,VITÓRIA DO JARI,Amazônia
 1661319728 ,8cc68db8-f7a2-30e5-897d-c92e64b9d709,    -.798390 ,  -52.493420 ,2023-11-16 17:24:00,Brasil,AMAPÁ,LARANJAL DO JARI,Amazônia
 1661319729 ,22a9b23e-5dda-3916-bbb7-8cc3dd14e8f4,    -.797100 ,  -52.484470 ,2023-11-16 17:24:00,Brasil,AMAPÁ,LARANJAL DO JARI,Amazônia
 1661319730 ,186114c7-6e9f-37dc-b74e-7befadcdbd7e,    -.754800 ,  -52.381110 ,2023-11-16 17:24:00,Brasil,AMAPÁ,LARANJAL DO JARI,Amazônia
 1661319731 ,8b4f75c7-ba9d-3554-b7fb-d41bd60dfb13,    -.753520 ,  -52.372190 ,2023-11-16 17:24:00,Brasil,AMAPÁ,LARANJAL DO JARI,Amazônia
 1661319732 ,6be78326-b60e-3be6-abfb-2f4157ca783a,    -.745880 ,  -52.382420 ,2023-11-16 17:24:00,Brasil,AMAPÁ,LARANJAL DO JARI,Amazônia
 1661319733 ,22ad3ff4-082b-30d2-961d-764d2602e24c,    -.849320 ,  -51.953330 ,2023-11-16 17:24:00,Brasil,AMAPÁ,MAZAGÃO,Amazônia
 1661319734 ,854ea26a-863b-3185-b61b-dd00e5656a21,    -.848040 ,  -51.944490 ,2023-11-16 17:24:00,Brasil,AMAPÁ,MAZAGÃO,Amazônia
 1661319735 ,98b84b55-65db-3792-b917-ebeb3bab7137,    -.839150 ,  -51.945790 ,2023-11-16 17:24:00,Brasil,AMAPÁ,MAZAGÃO,Amazônia
 1661319736 ,fb51533e-354a-3ce6-a152-b74874c007a8,    -.836450 ,  -51.801800 ,2023-11-16 17:24:00,Brasil,AMAPÁ,MAZAGÃO,Amazônia
 1661319737 ,fa2ce05c-d523-3015-b9b2-b95a55b6c595,    -.833960 ,  -51.847270 ,2023-11-16 17:24:00,Brasil,AMAPÁ,MAZAGÃO,Amazônia
 1661319738 ,46832de2-fbb1-3e21-b0c4-c7ebbe655009,    -.832680 ,  -51.838440 ,2023-11-16 17:24:00,Brasil,AMAPÁ,MAZAGÃO,Amazônia
 1661319776 ,432e329b-677b-3e1c-95dc-9f4ed2e7f4a0,   -1.119800 ,  -52.103940 ,2023-11-16 17:24:00,Brasil,AMAPÁ,VITÓRIA DO JARI,Amazônia
 1661319777 ,83f642fc-46a9-37a8-8812-0004c6e2843c,   -1.080210 ,  -51.955950 ,2023-11-16 17:24:00,Brasil,AMAPÁ,VITÓRIA DO JARI,Amazônia
 1661319778 ,9b830d3b-59ee-3c98-8ec1-d6dfd424bfad,   -1.079580 ,  -52.269870 ,2023-11-16 17:24:00,Brasil,AMAPÁ,VITÓRIA DO JARI,Amazônia
 1661319779 ,dbaa502b-81f8-3eff-96f3-85b04da10951,   -1.078290 ,  -52.260960 ,2023-11-16 17:24:00,Brasil,AMAPÁ,VITÓRIA DO JARI,Amazônia
 1661662712 ,a50aaba3-3603-3eac-b885-07a513ebd9d3,    2.383980 ,  -50.845240 ,2023-11-18 17:09:00,Brasil,AMAPÁ,CALÇOENE,Amazônia
 1661662713 ,5aab4fb3-559c-3b27-914c-070526b93ff0,    2.309000 ,  -50.797870 ,2023-11-18 17:09:00,Brasil,AMAPÁ,CALÇOENE,Amazônia
 1661662714 ,59cd3217-6ad0-3b12-814f-0dbb97f7f769,    1.891690 ,  -50.929470 ,2023-11-18 17:09:00,Brasil,AMAPÁ,AMAPÁ,Amazônia
 1661662715 ,04d96b01-4c81-3d0f-8cc8-dec2d6f20f57,    1.722550 ,  -50.892450 ,2023-11-18 17:09:00,Brasil,AMAPÁ,PRACUÚBA,Amazônia
 1661662716 ,90ea4685-3e16-3279-9be4-cf6133a5aaad,    1.721020 ,  -50.902710 ,2023-11-18 17:09:00,Brasil,AMAPÁ,PRACUÚBA,Amazônia
 1661662717 ,2a27640c-13b4-30fe-adf3-8fd970d63c66,    1.713010 ,  -50.891070 ,2023-11-18 17:09:00,Brasil,AMAPÁ,PRACUÚBA,Amazônia
 1661662718 ,4c60954e-4b45-3888-b187-48612cc02445,    1.683230 ,  -50.662680 ,2023-11-18 17:09:00,Brasil,AMAPÁ,PRACUÚBA,Amazônia
 1661662719 ,0219a9f5-73ca-316d-ac41-3a0bb211b401,    1.681750 ,  -50.672700 ,2023-11-18 17:09:00,Brasil,AMAPÁ,PRACUÚBA,Amazônia
 1661662720 ,e094c17b-b691-34fe-8c23-d68738733bb3,    1.607540 ,  -50.554560 ,2023-11-18 17:09:00,Brasil,AMAPÁ,PRACUÚBA,Amazônia
 1661662721 ,8474ee46-1559-3fba-bfad-79f532b2ae12,    1.588780 ,  -50.551800 ,2023-11-18 17:09:00,Brasil,AMAPÁ,PRACUÚBA,Amazônia
 1661662722 ,4067f79d-66f2-3aa1-81f5-645ee9861a35,    1.587310 ,  -50.561720 ,2023-11-18 17:09:00,Brasil,AMAPÁ,PRACUÚBA,Amazônia
 1661662723 ,92ecbe83-17fb-3727-aaaa-a5119dede585,    1.585840 ,  -50.571640 ,2023-11-18 17:09:00,Brasil,AMAPÁ,PRACUÚBA,Amazônia
 1661662724 ,6b59a991-69be-361c-9c1b-28d0d10327f2,    1.584370 ,  -50.581570 ,2023-11-18 17:09:00,Brasil,AMAPÁ,PRACUÚBA,Amazônia
 1661662725 ,2dc16f36-8d8c-33f1-9e96-af06fc60a383,    1.579400 ,  -50.550430 ,2023-11-18 17:09:00,Brasil,AMAPÁ,PRACUÚBA,Amazônia
 1661662726 ,3923f507-fc0c-351a-ae6d-a39572db6845,    1.505670 ,  -50.422330 ,2023-11-18 17:09:00,Brasil,AMAPÁ,AMAPÁ,Amazônia
 1661662727 ,b9c64912-3589-3a16-be91-3945c2ffeec6,    1.499310 ,  -50.425740 ,2023-11-18 17:09:00,Brasil,AMAPÁ,AMAPÁ,Amazônia
 1661662728 ,fec155ae-832d-3ef1-8bae-97a70bcc92b1,     .946850 ,  -50.723490 ,2023-11-18 17:09:00,Brasil,AMAPÁ,CUTIAS,Amazônia
 1661662729 ,d728c46e-ed22-326d-967a-9d959a97fc07,     .242040 ,  -50.773430 ,2023-11-18 17:09:00,Brasil,AMAPÁ,MACAPÁ,Amazônia
 1661662730 ,f5c7076b-0082-3d03-b5f1-3a92ee8e2ee4,     .240520 ,  -50.783970 ,2023-11-18 17:09:00,Brasil,AMAPÁ,MACAPÁ,Amazônia
 1661662940 ,98172f7f-03fb-362b-a332-5162339eea6e,    3.349940 ,  -51.107110 ,2023-11-18 17:09:00,Brasil,AMAPÁ,CALÇOENE,Amazônia
 1661662941 ,d08b7c7c-bff6-33fd-b975-68889219b0d8,    3.348430 ,  -51.117220 ,2023-11-18 17:09:00,Brasil,AMAPÁ,CALÇOENE,Amazônia
 1661662942 ,e052135e-3e40-3df0-9280-d7ae358f3f97,    3.337450 ,  -51.125930 ,2023-11-18 17:09:00,Brasil,AMAPÁ,CALÇOENE,Amazônia
 1661662943 ,7350c058-a1b1-36f5-8bcd-ef544b739d5b,    3.331430 ,  -51.128890 ,2023-11-18 17:09:00,Brasil,AMAPÁ,CALÇOENE,Amazônia
 1661662944 ,7086d4b8-de03-31bc-a994-796d0a605fbb,    3.321950 ,  -51.127480 ,2023-11-18 17:09:00,Brasil,AMAPÁ,CALÇOENE,Amazônia
 1661662945 ,cad399f0-2c18-36e5-a609-5575db40ca4c,    3.300020 ,  -51.144970 ,2023-11-18 17:09:00,Brasil,AMAPÁ,CALÇOENE,Amazônia
 1661662946 ,98cfc9fb-d172-34d1-adfd-6e19630796cc,    2.897980 ,  -50.978280 ,2023-11-18 17:09:00,Brasil,AMAPÁ,CALÇOENE,Amazônia
 1661662947 ,b415eb66-f77b-376c-b7cd-1d85f1c50919,    2.894150 ,  -50.972080 ,2023-11-18 17:09:00,Brasil,AMAPÁ,CALÇOENE,Amazônia
 1661662948 ,ea960e04-20d5-3c75-a3e4-3a8d651bf938,    2.892680 ,  -50.982170 ,2023-11-18 17:09:00,Brasil,AMAPÁ,CALÇOENE,Amazônia
 1661662949 ,8ded9fcb-73e8-3c81-97cf-8638b60fca53,    2.241270 ,  -51.057700 ,2023-11-18 17:09:00,Brasil,AMAPÁ,CALÇOENE,Amazônia
 1661662950 ,b568a485-89a7-3e8e-8d9e-ca4a4af7b4c1,    -.501270 ,  -51.666440 ,2023-11-18 17:09:00,Brasil,AMAPÁ,MAZAGÃO,Amazônia
 1661662951 ,452b3ef4-5e14-3a1a-baf1-15a4f91ced83,    -.499470 ,  -51.654250 ,2023-11-18 17:09:00,Brasil,AMAPÁ,MAZAGÃO,Amazônia
 1661662966 ,3bfaf384-5601-3b1a-aca8-07adcf62cdcd,   -1.101490 ,  -52.297400 ,2023-11-18 17:09:00,Brasil,AMAPÁ,VITÓRIA DO JARI,Amazônia
 1661662967 ,fc0c08db-4119-3ef9-b6e9-d66d788b0c1d,    -.871230 ,  -52.306700 ,2023-11-18 17:09:00,Brasil,AMAPÁ,VITÓRIA DO JARI,Amazônia
 1662000358 ,47428161-fffd-3eb4-a63c-be8bd69d042c,    3.652890 ,  -51.291320 ,2023-11-21 17:36:00,Brasil,AMAPÁ,OIAPOQUE,Amazônia
 1662000359 ,a25888f3-6d87-3e8f-b059-e3787a267792,    3.651020 ,  -51.304760 ,2023-11-21 17:36:00,Brasil,AMAPÁ,OIAPOQUE,Amazônia
 1662000360 ,6bc476f0-3294-3f10-98da-45dca84cd550,    3.464560 ,  -51.481040 ,2023-11-21 17:36:00,Brasil,AMAPÁ,OIAPOQUE,Amazônia
 1662000361 ,143d050d-983c-3ce2-9cfd-835344df83a0,    3.331000 ,  -51.124080 ,2023-11-21 17:36:00,Brasil,AMAPÁ,CALÇOENE,Amazônia
 1662000362 ,20cf090a-4d9d-3da3-b25d-bd88ecae7855,    3.320110 ,  -51.122550 ,2023-11-21 17:36:00,Brasil,AMAPÁ,CALÇOENE,Amazônia
 1662000363 ,3d04cb49-ea02-3379-8beb-1487a3eabc90,    3.309220 ,  -51.121000 ,2023-11-21 17:36:00,Brasil,AMAPÁ,CALÇOENE,Amazônia
 1662000364 ,c3820b13-12ad-3d90-9291-e917f18b4623,    2.904490 ,  -50.977020 ,2023-11-21 17:36:00,Brasil,AMAPÁ,CALÇOENE,Amazônia
 1662000369 ,71d5de3d-1b66-37a0-b738-579d6d5fb90d,    2.451050 ,  -51.006240 ,2023-11-21 17:36:00,Brasil,AMAPÁ,CALÇOENE,Amazônia
 1662000387 ,341bd8b7-f065-3a57-a927-95d3f4d4fd3c,    1.268320 ,  -50.617040 ,2023-11-21 17:36:00,Brasil,AMAPÁ,TARTARUGALZINHO,Amazônia
 1662000388 ,1754b373-0115-3613-8adb-fa9c1c562aa7,    1.249530 ,  -50.493600 ,2023-11-21 17:36:00,Brasil,AMAPÁ,TARTARUGALZINHO,Amazônia
 1662000394 ,d0d6d989-ca34-35f6-9644-eecb670888cd,     .927280 ,  -50.261670 ,2023-11-21 17:36:00,Brasil,AMAPÁ,MACAPÁ,Amazônia
 1662000398 ,2fca743c-0d0f-340c-9c67-51a5d1ce0c58,     .733720 ,  -50.655760 ,2023-11-21 17:36:00,Brasil,AMAPÁ,MACAPÁ,Amazônia
 1662000411 ,e7e059c9-1a5b-3820-a612-e155ae551cf4,     .285040 ,  -51.142250 ,2023-11-21 17:36:00,Brasil,AMAPÁ,MACAPÁ,Amazônia
 1662000413 ,4af6e681-0ae0-37a2-bacc-3d94d39ad32b,     .130160 ,  -51.231260 ,2023-11-21 17:34:00,Brasil,AMAPÁ,SANTANA,Amazônia
 1662000415 ,d4b07935-d2a4-3442-b5a9-ea6ca4f8be63,     .073710 ,  -51.186060 ,2023-11-21 17:34:00,Brasil,AMAPÁ,MACAPÁ,Amazônia
 1662000416 ,73f3afdd-9f56-34f5-9e5e-e6cf017bbfa0,     .071990 ,  -51.198120 ,2023-11-21 17:34:00,Brasil,AMAPÁ,MACAPÁ,Amazônia
 1662000587 ,f5ef9353-2020-3d5f-b024-b3cb02d10471,    -.756940 ,  -52.318270 ,2023-11-21 17:34:00,Brasil,AMAPÁ,LARANJAL DO JARI,Amazônia
 1662000589 ,6b3775c9-27cb-34c3-88ea-6366b578ea83,    -.401800 ,  -51.503750 ,2023-11-21 17:34:00,Brasil,AMAPÁ,MAZAGÃO,Amazônia
 1662000590 ,0035152c-f0b2-367d-831e-a858bdb63731,    -.400140 ,  -51.492370 ,2023-11-21 17:34:00,Brasil,AMAPÁ,MAZAGÃO,Amazônia
 1662000591 ,ed0f4d55-1847-33bb-9cbd-bc86eb86e395,    -.391790 ,  -51.505200 ,2023-11-21 17:34:00,Brasil,AMAPÁ,MAZAGÃO,Amazônia
 1662000592 ,51bab83f-01fa-3b4a-a2c0-ac771a708f77,    -.108320 ,  -51.317740 ,2023-11-21 17:34:00,Brasil,AMAPÁ,MAZAGÃO,Amazônia
 1661897760 ,38d4764a-738d-3056-a3b7-8ea138158ce7,    1.502400 ,  -50.414990 ,2023-11-20 16:54:00,Brasil,AMAPÁ,AMAPÁ,Amazônia
 1661897761 ,5bc54291-8441-35f7-87f9-96cad518dc21,    1.366390 ,  -49.932960 ,2023-11-20 16:54:00,Brasil,AMAPÁ,AMAPÁ,Amazônia
 1661897762 ,46152743-f367-3410-8b0c-ddcbf2fdb10e,    1.310750 ,  -49.936330 ,2023-11-20 16:54:00,Brasil,AMAPÁ,AMAPÁ,Amazônia
 1661897763 ,f8f13e0b-7757-343b-bb2d-7d1139c41efc,    1.308340 ,  -49.952690 ,2023-11-20 16:54:00,Brasil,AMAPÁ,AMAPÁ,Amazônia
 1661897764 ,3135e3cf-889a-3389-84ee-db194e11dd13,    1.236770 ,  -50.523210 ,2023-11-20 16:54:00,Brasil,AMAPÁ,TARTARUGALZINHO,Amazônia
 1661897765 ,e6035ec1-0e0a-3369-b96c-c21ea8429a3d,    1.182990 ,  -50.011360 ,2023-11-20 16:54:00,Brasil,AMAPÁ,MACAPÁ,Amazônia
 1661897766 ,ad699980-5408-374a-ba75-df26546ba9a5,     .754210 ,  -50.693850 ,2023-11-20 16:54:00,Brasil,AMAPÁ,MACAPÁ,Amazônia
 1661897767 ,1a568a66-4c59-3177-bd33-d1f142bf7c36,     .579030 ,  -50.807740 ,2023-11-20 16:54:00,Brasil,AMAPÁ,ITAUBAL,Amazônia
 1661897768 ,a385b089-24a8-35dc-9945-4ce91791b2ee,     .578310 ,  -50.814410 ,2023-11-20 16:54:00,Brasil,AMAPÁ,ITAUBAL,Amazônia
 1661897770 ,60784a0c-d8db-3d0e-9b6d-d0b292eff472,    -.155120 ,  -51.325790 ,2023-11-20 16:54:00,Brasil,AMAPÁ,MAZAGÃO,Amazônia
 1661897771 ,b26c0112-fa46-3b0c-af80-5d2d56d5d7e9,    -.148450 ,  -51.322040 ,2023-11-20 16:54:00,Brasil,AMAPÁ,MAZAGÃO,Amazônia
 1661897774 ,e4d5c011-54b1-3e29-981f-b142852f9f8a,    -.041910 ,  -51.464100 ,2023-11-20 16:54:00,Brasil,AMAPÁ,MAZAGÃO,Amazônia
 1661897775 ,0ecf4cb5-7523-3015-a1fe-8fd7d9eba06f,    -.004640 ,  -51.400550 ,2023-11-20 16:54:00,Brasil,AMAPÁ,SANTANA,Amazônia
 1661897806 ,e917736b-49aa-3647-a2bb-14ca32f39f34,    3.310410 ,  -51.131020 ,2023-11-20 16:54:00,Brasil,AMAPÁ,CALÇOENE,Amazônia
 1661897807 ,e57c28df-0166-392d-aaf7-ecc71f9cb40a,    2.727070 ,  -50.904180 ,2023-11-20 16:54:00,Brasil,AMAPÁ,CALÇOENE,Amazônia
 1661897808 ,5b17eddd-1e8e-363a-98f7-df813de1cef6,    2.714620 ,  -50.902290 ,2023-11-20 16:54:00,Brasil,AMAPÁ,CALÇOENE,Amazônia
 1661897809 ,b4fe25e4-ae6c-3253-886d-c990c6b2c3d8,    -.741210 ,  -51.959900 ,2023-11-20 16:54:00,Brasil,AMAPÁ,MAZAGÃO,Amazônia
 1661897810 ,2735bce5-9a1e-3963-9b17-6d9f5ad06829,    -.045290 ,  -51.486900 ,2023-11-20 16:54:00,Brasil,AMAPÁ,MAZAGÃO,Amazônia
 1662075571 ,63ef44fd-829a-39a5-aa26-53c73cc4570b,    1.281940 ,  -49.965940 ,2023-11-22 16:39:00,Brasil,AMAPÁ,AMAPÁ,Amazônia
 1662162127 ,1e5de865-3791-3d93-b008-d259a7f8660c,    -.795620 ,  -51.931310 ,2023-11-23 17:19:00,Brasil,AMAPÁ,MAZAGÃO,Amazônia
 1662162128 ,f24ce456-cc3b-3e2f-be6a-4f0610a40d86,    -.443550 ,  -51.602060 ,2023-11-23 17:19:00,Brasil,AMAPÁ,MAZAGÃO,Amazônia
 1662162129 ,e306b118-3cf7-3118-808f-f3f4277bc2df,    -.403040 ,  -51.512940 ,2023-11-23 17:19:00,Brasil,AMAPÁ,MAZAGÃO,Amazônia
 1662162130 ,9c2affc6-686b-33f4-a49b-1fb737b648ad,    -.395560 ,  -51.587280 ,2023-11-23 17:19:00,Brasil,AMAPÁ,MAZAGÃO,Amazônia
 1662162131 ,848cd397-3b1b-37ae-a707-be8652789a2d,    -.394090 ,  -51.514240 ,2023-11-23 17:19:00,Brasil,AMAPÁ,MAZAGÃO,Amazônia
 1662162132 ,14ab2b04-1b57-3446-a2fd-bacae2f926e4,    -.392790 ,  -51.505290 ,2023-11-23 17:19:00,Brasil,AMAPÁ,MAZAGÃO,Amazônia
 1662162133 ,d4c23b44-5697-343d-b9bc-acf5a96b00f1,    -.361020 ,  -51.601480 ,2023-11-23 17:19:00,Brasil,AMAPÁ,MAZAGÃO,Amazônia
 1662162134 ,625a4533-9f8c-3013-bf83-5fb91dd9aad2,    -.359730 ,  -51.592500 ,2023-11-23 17:19:00,Brasil,AMAPÁ,MAZAGÃO,Amazônia
 1662162135 ,394555e4-b74e-30e5-adc1-c48778ef0a6e,    -.333980 ,  -51.477320 ,2023-11-23 17:19:00,Brasil,AMAPÁ,MAZAGÃO,Amazônia
 1662162136 ,d5a69f37-6c35-38fa-8030-198b8b92e893,    -.332690 ,  -51.468370 ,2023-11-23 17:19:00,Brasil,AMAPÁ,MAZAGÃO,Amazônia
 1662162137 ,cb3f6dd1-94ee-3dc6-a06c-7cac319afd7e,    -.061340 ,  -51.444570 ,2023-11-23 17:19:00,Brasil,AMAPÁ,MAZAGÃO,Amazônia
 1662162138 ,5d53ed21-dffd-35c2-bb9a-c6efbada6d98,    -.060050 ,  -51.435660 ,2023-11-23 17:19:00,Brasil,AMAPÁ,MAZAGÃO,Amazônia
 1662162139 ,d242b61a-86a0-375e-9ee3-4b16e6fad956,    -.049600 ,  -51.237700 ,2023-11-23 17:19:00,Brasil,AMAPÁ,SANTANA,Amazônia
 1662162141 ,a01ba19e-2125-31f0-ad72-987612053d1b,    -.043420 ,  -51.383580 ,2023-11-23 17:19:00,Brasil,AMAPÁ,SANTANA,Amazônia
 1662162362 ,e915928a-184c-3cdb-9a05-6d3068665434,    2.427120 ,  -50.871650 ,2023-11-23 17:21:00,Brasil,AMAPÁ,CALÇOENE,Amazônia
 1662162363 ,8b670803-d213-3c78-8acf-301c28ae7093,    2.425820 ,  -50.880560 ,2023-11-23 17:21:00,Brasil,AMAPÁ,CALÇOENE,Amazônia
 1662162364 ,be1c55d0-be90-365f-8cac-e844cfc0f00a,    2.416910 ,  -50.879270 ,2023-11-23 17:21:00,Brasil,AMAPÁ,CALÇOENE,Amazônia
 1662162366 ,61469dcd-7641-314c-9b8f-07e2b4dd7ba9,    2.056710 ,  -50.820490 ,2023-11-23 17:21:00,Brasil,AMAPÁ,AMAPÁ,Amazônia
 1662162367 ,3bd37d2a-10c1-35cb-84e7-93ee36a55c46,    2.017130 ,  -50.905510 ,2023-11-23 17:21:00,Brasil,AMAPÁ,AMAPÁ,Amazônia
 1662162368 ,3daf2d34-e08d-3dc8-bf62-ab84c9c97405,    1.943750 ,  -50.897360 ,2023-11-23 17:21:00,Brasil,AMAPÁ,AMAPÁ,Amazônia
 1662162369 ,4a4f3912-5b98-35b6-b561-487165694f23,    1.942470 ,  -50.906230 ,2023-11-23 17:21:00,Brasil,AMAPÁ,AMAPÁ,Amazônia
 1662162370 ,198022e4-30b5-3a70-9e27-1c61122f6af9,    1.936130 ,  -50.887190 ,2023-11-23 17:21:00,Brasil,AMAPÁ,AMAPÁ,Amazônia
 1662162371 ,6566d39b-65bd-3ab3-bd34-d35a530c78dc,    1.934850 ,  -50.896070 ,2023-11-23 17:21:00,Brasil,AMAPÁ,AMAPÁ,Amazônia
 1662162372 ,26600ca6-c5b9-3789-98aa-99ed2d72f2f5,    1.933570 ,  -50.904950 ,2023-11-23 17:21:00,Brasil,AMAPÁ,AMAPÁ,Amazônia
 1662162373 ,68d6f00b-21a6-3792-b99d-333e77b877a7,    1.922240 ,  -50.794410 ,2023-11-23 17:21:00,Brasil,AMAPÁ,AMAPÁ,Amazônia
 1662162374 ,b9b0e62d-bdb5-3e28-adb4-bbf32a66752e,    1.767630 ,  -50.777770 ,2023-11-23 17:21:00,Brasil,AMAPÁ,PRACUÚBA,Amazônia
 1662162375 ,6415e823-8031-3c6c-87b8-178d05286053,    1.679760 ,  -50.940640 ,2023-11-23 17:21:00,Brasil,AMAPÁ,PRACUÚBA,Amazônia
 1662162376 ,ea2bac34-7dcf-3a0f-92cb-b6cf1dc30a91,    1.676350 ,  -50.649780 ,2023-11-23 17:21:00,Brasil,AMAPÁ,PRACUÚBA,Amazônia
 1662162377 ,dc164701-9ceb-37d3-a44a-8cadcd2e6af6,    1.667420 ,  -50.648480 ,2023-11-23 17:21:00,Brasil,AMAPÁ,PRACUÚBA,Amazônia
 1662162378 ,9c64155d-6e97-3bc2-88ed-3ace89478ab0,    1.553980 ,  -50.473570 ,2023-11-23 17:21:00,Brasil,AMAPÁ,AMAPÁ,Amazônia
 1662162379 ,56ec892a-89ee-3720-9aa9-80d0e6592b6d,    1.549330 ,  -50.761070 ,2023-11-23 17:21:00,Brasil,AMAPÁ,TARTARUGALZINHO,Amazônia
 1662162380 ,44bc1c04-d387-352f-acc5-dafac1ddd25b,    1.540320 ,  -50.886600 ,2023-11-23 17:21:00,Brasil,AMAPÁ,TARTARUGALZINHO,Amazônia
 1662162381 ,382d707f-2a40-322e-bc01-c282cb33e37b,    1.539040 ,  -50.895460 ,2023-11-23 17:21:00,Brasil,AMAPÁ,TARTARUGALZINHO,Amazônia
 1662162382 ,64d892c7-7fe4-3857-9e8e-5c62d7dbb8d1,    1.499060 ,  -50.410540 ,2023-11-23 17:21:00,Brasil,AMAPÁ,AMAPÁ,Amazônia
 1662162383 ,7c0f9c1c-090c-3bc5-9760-3ff9e554ab35,    1.483260 ,  -50.447500 ,2023-11-23 17:21:00,Brasil,AMAPÁ,AMAPÁ,Amazônia
 1662162384 ,7bc16fb7-36c5-30d9-9b53-c395e95f3dc2,    1.481960 ,  -50.456470 ,2023-11-23 17:21:00,Brasil,AMAPÁ,AMAPÁ,Amazônia
 1662162385 ,1cd8441a-50ef-3ece-9c11-5c34d747d709,    1.453410 ,  -50.653110 ,2023-11-23 17:21:00,Brasil,AMAPÁ,TARTARUGALZINHO,Amazônia
 1662162386 ,843cae6c-c0f4-33bf-9c19-bb11f507b49d,    1.452120 ,  -50.662010 ,2023-11-23 17:21:00,Brasil,AMAPÁ,TARTARUGALZINHO,Amazônia
 1662162387 ,7262e7c8-f795-3689-b4f1-f8602c35d741,    1.434170 ,  -50.722990 ,2023-11-23 17:21:00,Brasil,AMAPÁ,TARTARUGALZINHO,Amazônia
 1662162389 ,0470e98f-d9eb-3823-8f0d-ce27d4722872,    1.368570 ,  -50.544050 ,2023-11-23 17:21:00,Brasil,AMAPÁ,TARTARUGALZINHO,Amazônia
 1662162390 ,b05b318b-8224-3521-b441-e54132d2df18,    1.359640 ,  -50.542760 ,2023-11-23 17:21:00,Brasil,AMAPÁ,TARTARUGALZINHO,Amazônia
 1662162391 ,9dfc6bf1-bcbf-3a56-83e1-fd0152092e00,    1.322710 ,  -50.482600 ,2023-11-23 17:21:00,Brasil,AMAPÁ,TARTARUGALZINHO,Amazônia
 1662162392 ,be8dbaf3-f701-31ae-9957-cb32afe623c5,    1.315050 ,  -50.472350 ,2023-11-23 17:21:00,Brasil,AMAPÁ,AMAPÁ,Amazônia
 1662162393 ,3c8e9385-4e3d-38ea-b545-f28f54511c98,    1.313770 ,  -50.481300 ,2023-11-23 17:21:00,Brasil,AMAPÁ,TARTARUGALZINHO,Amazônia
 1662162394 ,67ea091b-471b-328a-b328-f5f7a81311f9,    1.307400 ,  -50.462090 ,2023-11-23 17:21:00,Brasil,AMAPÁ,AMAPÁ,Amazônia
 1662162395 ,533dd7d0-2fc2-36d0-9559-49bf69ff892e,    1.306110 ,  -50.471050 ,2023-11-23 17:21:00,Brasil,AMAPÁ,TARTARUGALZINHO,Amazônia
 1662162396 ,8b803c8b-5cda-3d73-a205-82a64d647588,    1.304820 ,  -50.480010 ,2023-11-23 17:21:00,Brasil,AMAPÁ,TARTARUGALZINHO,Amazônia
 1662162397 ,4ede9a40-8865-35db-bc55-f9099592f396,    1.302020 ,  -49.916880 ,2023-11-23 17:21:00,Brasil,AMAPÁ,AMAPÁ,Amazônia
 1662162398 ,6d729e71-10e8-33e8-9f0a-c160bac7ae86,    1.300700 ,  -49.926100 ,2023-11-23 17:21:00,Brasil,AMAPÁ,AMAPÁ,Amazônia
 1662162399 ,88eb977e-d3af-3cc6-afa6-483f5afc6b02,    1.296680 ,  -50.463070 ,2023-11-23 17:21:00,Brasil,AMAPÁ,AMAPÁ,Amazônia
 1662162400 ,2d74c5d3-98f1-3496-a4d9-202d9976944a,    -.042140 ,  -51.374700 ,2023-11-23 17:19:00,Brasil,AMAPÁ,SANTANA,Amazônia
 1662162401 ,d4252144-b5e4-3d33-85eb-d77ee44f4d06,    -.041840 ,  -51.121350 ,2023-11-23 17:19:00,Brasil,AMAPÁ,MACAPÁ,Amazônia
 1662162402 ,b33e6660-5da6-33c0-9bc1-ed4dce01e29c,    1.291630 ,  -49.924790 ,2023-11-23 17:21:00,Brasil,AMAPÁ,AMAPÁ,Amazônia
 1662162403 ,6a2ac3c7-f5ba-3a28-baeb-b926c73bb232,    1.290310 ,  -49.934010 ,2023-11-23 17:21:00,Brasil,AMAPÁ,AMAPÁ,Amazônia
 1662162404 ,5812a972-c73a-3ec3-a8b4-f905847bf560,    1.276390 ,  -49.973180 ,2023-11-23 17:21:00,Brasil,AMAPÁ,AMAPÁ,Amazônia
 1662162405 ,84808b44-7990-346e-9b36-4766f8246b5d,    1.267340 ,  -49.971860 ,2023-11-23 17:21:00,Brasil,AMAPÁ,AMAPÁ,Amazônia
 1662162406 ,aaeec9c0-63e2-3f4b-b4cf-ee40e9a2e2d2,    1.255620 ,  -50.557510 ,2023-11-23 17:21:00,Brasil,AMAPÁ,TARTARUGALZINHO,Amazônia
 1662162407 ,4019c988-a4c7-3649-b38d-9b2b0cb60489,    1.254330 ,  -50.566440 ,2023-11-23 17:21:00,Brasil,AMAPÁ,TARTARUGALZINHO,Amazônia
 1662162408 ,25751c1a-7246-3fe2-9b7f-54f42d30b264,    1.246690 ,  -50.556210 ,2023-11-23 17:21:00,Brasil,AMAPÁ,TARTARUGALZINHO,Amazônia
 1662162409 ,f5d43832-f00d-3f7d-b94a-57498018102f,    1.225060 ,  -50.516610 ,2023-11-23 17:21:00,Brasil,AMAPÁ,TARTARUGALZINHO,Amazônia
 1662162411 ,a7ce0f88-88c7-355f-a002-1ff9c8cd3046,     .977020 ,  -50.125340 ,2023-11-23 17:21:00,Brasil,AMAPÁ,MACAPÁ,Amazônia
 1662162412 ,e836b0b5-4428-3dac-afa6-b77cbc8f4dd9,     .851890 ,  -50.610700 ,2023-11-23 17:21:00,Brasil,AMAPÁ,MACAPÁ,Amazônia
 1662162413 ,797a71eb-f5c7-3aa9-bfe9-eaf3ddd3a97c,     .845810 ,  -50.081990 ,2023-11-23 17:21:00,Brasil,AMAPÁ,MACAPÁ,Amazônia
 1662162414 ,ed7c804f-a7cd-3790-a88d-b1685a37885d,     .634750 ,  -50.775070 ,2023-11-23 17:19:00,Brasil,AMAPÁ,ITAUBAL,Amazônia
 1662162415 ,579aa48c-67d1-3a48-9bc6-5db14af56aa1,     .592900 ,  -50.745180 ,2023-11-23 17:19:00,Brasil,AMAPÁ,ITAUBAL,Amazônia
 1662162416 ,9d7e007f-a049-35e7-84ba-b5df1843d0e7,     .591620 ,  -50.754030 ,2023-11-23 17:19:00,Brasil,AMAPÁ,ITAUBAL,Amazônia
 1662162417 ,6befdfe2-4f03-3158-b34d-e31d4035aa3f,     .525360 ,  -50.960930 ,2023-11-23 17:19:00,Brasil,AMAPÁ,FERREIRA GOMES,Amazônia
 1662162418 ,03d383bf-dd57-3435-abc6-581f4ea15555,     .500450 ,  -50.680020 ,2023-11-23 17:19:00,Brasil,AMAPÁ,ITAUBAL,Amazônia
 1662162419 ,9375ee73-fbd7-3ffb-94b8-297a1b6c9bd5,     .411470 ,  -50.724690 ,2023-11-23 17:19:00,Brasil,AMAPÁ,MACAPÁ,Amazônia
 1662162421 ,d8b59473-0fbd-3adb-ab78-83b8a335f0f8,     .300960 ,  -50.972570 ,2023-11-23 17:19:00,Brasil,AMAPÁ,MACAPÁ,Amazônia
 1662162422 ,4a5842c9-0ef9-3749-ba2a-426951573ac4,     .299680 ,  -50.981400 ,2023-11-23 17:19:00,Brasil,AMAPÁ,MACAPÁ,Amazônia
 1662162424 ,52587c3c-c62d-3e60-bede-12dd99549a18,     .250010 ,  -51.136510 ,2023-11-23 17:19:00,Brasil,AMAPÁ,MACAPÁ,Amazônia
 1662162426 ,ba1c519b-07b4-3f90-aa64-65204b0472ea,     .106850 ,  -51.040290 ,2023-11-23 17:19:00,Brasil,AMAPÁ,MACAPÁ,Amazônia
 1662162427 ,12ac13fa-d056-3bb6-88cf-c1f4f78b21ea,     .086400 ,  -51.181740 ,2023-11-23 17:19:00,Brasil,AMAPÁ,MACAPÁ,Amazônia
 1662162428 ,fd2ac72b-ce51-3c13-9eae-bb4984923a6a,     .085120 ,  -51.190590 ,2023-11-23 17:19:00,Brasil,AMAPÁ,MACAPÁ,Amazônia
 1662162429 ,2f0afce5-4c93-305d-9592-e313c3a52005,     .005180 ,  -51.110140 ,2023-11-23 17:19:00,Brasil,AMAPÁ,MACAPÁ,Amazônia
 1662162493 ,dc8427a4-072b-3599-80e8-fb5aaf006c14,    -.040560 ,  -51.112510 ,2023-11-23 17:19:00,Brasil,AMAPÁ,MACAPÁ,Amazônia
 1662254812 ,5c0fdfc7-ca70-39e1-a273-b070265c9693,    -.093850 ,  -51.342530 ,2023-11-24 18:02:00,Brasil,AMAPÁ,MAZAGÃO,Amazônia
 1662322295 ,addeb8b5-7010-38ee-9d5a-a01f5cb38465,     .025770 ,  -51.120660 ,2023-11-25 17:04:00,Brasil,AMAPÁ,MACAPÁ,Amazônia
 1662322348 ,343d4ecb-4caf-3095-bc40-312ebdc8be8b,    2.216250 ,  -50.769570 ,2023-11-25 17:06:00,Brasil,AMAPÁ,CALÇOENE,Amazônia
 1662322349 ,121dfb23-fc47-38e6-af4d-9a9b63ced8d0,    1.832090 ,  -50.531940 ,2023-11-25 17:06:00,Brasil,AMAPÁ,AMAPÁ,Amazônia
 1662322350 ,f1c33d1a-6920-30e8-af49-b237a61afaf2,    1.830460 ,  -50.543200 ,2023-11-25 17:06:00,Brasil,AMAPÁ,AMAPÁ,Amazônia
 1662322351 ,a16643a8-52e4-36b4-a20e-7afb10d1cf53,    1.798920 ,  -50.619590 ,2023-11-25 17:06:00,Brasil,AMAPÁ,AMAPÁ,Amazônia
 1662322352 ,20838ade-b8fd-353c-a145-bac252bb6389,    1.682380 ,  -50.642670 ,2023-11-25 17:06:00,Brasil,AMAPÁ,PRACUÚBA,Amazônia
 1662322353 ,59effd5c-88f1-3a3a-85bf-251d6298d153,    1.680690 ,  -50.654150 ,2023-11-25 17:06:00,Brasil,AMAPÁ,PRACUÚBA,Amazônia
 1662322354 ,dd64afd9-e845-3718-92b6-d5a053940ed6,    1.590180 ,  -50.646830 ,2023-11-25 17:06:00,Brasil,AMAPÁ,PRACUÚBA,Amazônia
 1662322355 ,0a5e845c-10dc-3878-bd98-94a9392e9c36,    1.567070 ,  -50.451240 ,2023-11-25 17:06:00,Brasil,AMAPÁ,AMAPÁ,Amazônia
 1662322356 ,46a00950-eb95-31fc-8f67-50f4cca1a98d,    1.565450 ,  -50.462460 ,2023-11-25 17:06:00,Brasil,AMAPÁ,AMAPÁ,Amazônia
 1662322357 ,26097b20-b4ea-335c-9e01-5a5a38b51b5f,    1.537360 ,  -50.585680 ,2023-11-25 17:06:00,Brasil,AMAPÁ,PRACUÚBA,Amazônia
 1662322358 ,49a0c192-b0fd-3d62-81c3-b2b52ea9ca34,    1.527330 ,  -50.584200 ,2023-11-25 17:06:00,Brasil,AMAPÁ,PRACUÚBA,Amazônia
 1662322359 ,a9c8bcb2-f26f-3f75-8a37-28a0742ee551,    1.456400 ,  -50.715410 ,2023-11-25 17:06:00,Brasil,AMAPÁ,TARTARUGALZINHO,Amazônia
 1662322360 ,7bb98742-84a2-345d-b63c-0cfcc3da549c,    1.338790 ,  -50.474510 ,2023-11-25 17:06:00,Brasil,AMAPÁ,AMAPÁ,Amazônia
 1662322361 ,30317c48-d745-3301-9fb0-97b20e1adda5,    1.328810 ,  -50.473040 ,2023-11-25 17:06:00,Brasil,AMAPÁ,AMAPÁ,Amazônia
 1662322362 ,56397f5e-21bb-302b-bcd3-8c07c766eb27,    1.327130 ,  -50.484370 ,2023-11-25 17:06:00,Brasil,AMAPÁ,TARTARUGALZINHO,Amazônia
 1662322363 ,227e556e-1c11-3cbd-8b08-5a8f4df79e0b,    1.320510 ,  -50.460270 ,2023-11-25 17:06:00,Brasil,AMAPÁ,AMAPÁ,Amazônia
 1662322364 ,456b9ad2-75d5-3b87-a619-0cd2079cc44c,    1.318820 ,  -50.471580 ,2023-11-25 17:06:00,Brasil,AMAPÁ,AMAPÁ,Amazônia
 1662322365 ,c6982ef2-19cf-3c37-a321-f583c5aff201,    1.310530 ,  -50.458800 ,2023-11-25 17:06:00,Brasil,AMAPÁ,AMAPÁ,Amazônia
 1662322366 ,2129f914-36fa-3b13-a4e2-20867dab0567,    1.308840 ,  -50.470100 ,2023-11-25 17:06:00,Brasil,AMAPÁ,AMAPÁ,Amazônia
 1662322367 ,0456dc2a-ed00-37cd-8624-37d3fec1069e,    1.301500 ,  -50.451900 ,2023-11-25 17:06:00,Brasil,AMAPÁ,AMAPÁ,Amazônia
 1662322368 ,8dbf9000-34c6-3aaf-9f64-bec590b77815,    1.300560 ,  -50.457330 ,2023-11-25 17:06:00,Brasil,AMAPÁ,AMAPÁ,Amazônia
 1662322369 ,da6992ad-fe23-3608-8eb5-a664b6bb4d4c,    1.299870 ,  -50.463220 ,2023-11-25 17:06:00,Brasil,AMAPÁ,AMAPÁ,Amazônia
 1662322370 ,a7cf4cb1-77bd-323b-80f0-251b7b0845af,    1.289890 ,  -50.461740 ,2023-11-25 17:06:00,Brasil,AMAPÁ,TARTARUGALZINHO,Amazônia
 1662322371 ,efe9dc8a-9d50-3da5-8261-abb460b2f0bf,    1.279910 ,  -50.460270 ,2023-11-25 17:06:00,Brasil,AMAPÁ,TARTARUGALZINHO,Amazônia
 1662322372 ,89beedf9-88aa-3f40-914e-8fc53b27dea1,    1.180370 ,  -50.650550 ,2023-11-25 17:06:00,Brasil,AMAPÁ,TARTARUGALZINHO,Amazônia
 1662322373 ,34f350c4-7159-3ed0-afdd-86812fdc07b0,    1.025790 ,  -51.200760 ,2023-11-25 17:04:00,Brasil,AMAPÁ,TARTARUGALZINHO,Amazônia
 1662322374 ,3222a9cd-4eb6-3bcd-a789-0d539da22540,    1.178920 ,  -50.656820 ,2023-11-25 17:06:00,Brasil,AMAPÁ,TARTARUGALZINHO,Amazônia
 1662322375 ,4bb42b60-6cfc-3d3b-88bb-6b76430296b7,    1.023880 ,  -51.213510 ,2023-11-25 17:04:00,Brasil,AMAPÁ,TARTARUGALZINHO,Amazônia
 1662322376 ,860fabf6-eae1-3fa6-bd73-b67f008b4205,    1.015220 ,  -51.199230 ,2023-11-25 17:04:00,Brasil,AMAPÁ,TARTARUGALZINHO,Amazônia
 1662322377 ,c9318ef4-b8e5-36fd-be0d-b5fbc5f012b4,     .996590 ,  -50.296610 ,2023-11-25 17:04:00,Brasil,AMAPÁ,CUTIAS,Amazônia
 1662322378 ,e80d4b4e-20e5-3263-820a-5c057a2a294b,     .988320 ,  -50.284020 ,2023-11-25 17:04:00,Brasil,AMAPÁ,CUTIAS,Amazônia
 1662322379 ,2b2d1b98-de64-3be5-b0de-2dd07896c211,     .986680 ,  -50.295160 ,2023-11-25 17:04:00,Brasil,AMAPÁ,CUTIAS,Amazônia
 1662322380 ,ed050523-e9f1-3dd1-9b67-97e86038829b,     .919300 ,  -50.268410 ,2023-11-25 17:04:00,Brasil,AMAPÁ,MACAPÁ,Amazônia
 1662322381 ,c4c1445b-93c7-30e4-ba78-212af0efb024,     .838700 ,  -50.606570 ,2023-11-25 17:04:00,Brasil,AMAPÁ,MACAPÁ,Amazônia
 1662322382 ,63c28cfb-f2df-3e4e-82a0-2d9677e52445,     .828560 ,  -50.605080 ,2023-11-25 17:04:00,Brasil,AMAPÁ,MACAPÁ,Amazônia
 1662322383 ,5996738e-a7c8-3d5e-bf23-e6c8f5ef83f2,     .637280 ,  -50.722500 ,2023-11-25 17:04:00,Brasil,AMAPÁ,ITAUBAL,Amazônia
 1662322384 ,f0b53824-61e5-3c07-80af-f45f1b5c72cc,     .408820 ,  -51.240750 ,2023-11-25 17:04:00,Brasil,AMAPÁ,MACAPÁ,Amazônia
 1662322390 ,34dc096b-76db-3b3d-ae77-baecdb89b0e2,     .067740 ,  -51.207410 ,2023-11-25 17:04:00,Brasil,AMAPÁ,MACAPÁ,Amazônia
 1662322425 ,7b2e6833-f7e9-3f14-860e-6a1cb635f75f,     .057010 ,  -51.205830 ,2023-11-25 17:04:00,Brasil,AMAPÁ,MACAPÁ,Amazônia
 1662322517 ,09f6770b-faf4-34ee-945e-947f62d28102,    -.287900 ,  -51.600440 ,2023-11-25 17:04:00,Brasil,AMAPÁ,MAZAGÃO,Amazônia
 1662386622 ,760e5d99-2dda-3a3b-a9b8-2c96af45b926,    -.407050 ,  -51.531110 ,2023-11-26 17:47:00,Brasil,AMAPÁ,MAZAGÃO,Amazônia
 1662780556 ,3bd2a20a-f73a-37f2-9b0c-c0518ed07f75,    -.880700 ,  -51.991480 ,2023-12-01 17:58:00,Brasil,AMAPÁ,VITÓRIA DO JARI,Amazônia
 1662780557 ,a8c3d0f8-12af-3e1e-818d-576b1e83f529,    -.876770 ,  -51.964840 ,2023-12-01 17:58:00,Brasil,AMAPÁ,VITÓRIA DO JARI,Amazônia
 1662780558 ,a68d7df8-0c30-3de2-a006-3ef11d0bcd84,    -.876210 ,  -51.960080 ,2023-12-01 17:58:00,Brasil,AMAPÁ,VITÓRIA DO JARI,Amazônia
 1662870532 ,09d72367-fd71-3335-96fa-5b7a93afee2d,    3.691900 ,  -51.346160 ,2023-12-02 17:02:00,Brasil,AMAPÁ,OIAPOQUE,Amazônia
 1662870533 ,246ddb52-363c-3d94-afe5-df16bc88fd40,    3.288740 ,  -51.349800 ,2023-12-02 17:02:00,Brasil,AMAPÁ,OIAPOQUE,Amazônia
 1662870534 ,02cd28d9-a760-3ad8-b6fa-d2b8e1645f38,    1.748970 ,  -50.510030 ,2023-12-02 17:02:00,Brasil,AMAPÁ,AMAPÁ,Amazônia
 1662870535 ,fb879424-fcf7-365b-a360-3ec941409900,    1.746620 ,  -50.504230 ,2023-12-02 17:02:00,Brasil,AMAPÁ,AMAPÁ,Amazônia
 1662870536 ,38810678-e0a0-3cf7-bbde-e38aa2aad808,    1.744670 ,  -50.517650 ,2023-12-02 17:02:00,Brasil,AMAPÁ,AMAPÁ,Amazônia
 1662870537 ,45a48080-e12e-3f22-abb8-5f374a8aad99,    1.319110 ,  -50.458070 ,2023-12-02 17:02:00,Brasil,AMAPÁ,AMAPÁ,Amazônia
 1662870538 ,745f108a-2d22-3c98-9f73-0a3c2a738c67,    1.317080 ,  -50.471570 ,2023-12-02 17:02:00,Brasil,AMAPÁ,AMAPÁ,Amazônia
 1662870541 ,4a2d6ea5-8999-355c-8b63-592b60b99049,    1.145740 ,  -50.130780 ,2023-12-02 17:02:00,Brasil,AMAPÁ,CUTIAS,Amazônia
 1662870542 ,77fef30b-9589-36ad-9271-303d4f1364e5,     .827550 ,  -50.199570 ,2023-12-02 17:02:00,Brasil,AMAPÁ,MACAPÁ,Amazônia
 1662870698 ,563b0d26-87dd-3ca4-81c7-99be36f49442,    -.308580 ,  -51.462250 ,2023-12-02 17:02:00,Brasil,AMAPÁ,MAZAGÃO,Amazônia
 1662870822 ,2ba53245-1313-3061-8f4b-63c7b8b1c86d,    -.366480 ,  -51.436340 ,2023-12-02 17:02:00,Brasil,AMAPÁ,MAZAGÃO,Amazônia
 1662870880 ,fb7d3f8d-6113-328c-9d21-386ee645cb32,    -.315800 ,  -51.467880 ,2023-12-02 17:02:00,Brasil,AMAPÁ,MAZAGÃO,Amazônia
 1662961346 ,051e0555-3bb6-35ac-a01b-2858594f7ec8,    3.591310 ,  -51.395290 ,2023-12-03 17:45:00,Brasil,AMAPÁ,OIAPOQUE,Amazônia
 1662961347 ,42ea6136-3687-322d-81d3-0bef02be0187,    3.588950 ,  -51.412750 ,2023-12-03 17:45:00,Brasil,AMAPÁ,OIAPOQUE,Amazônia
 1662961348 ,d97b78e4-0671-3b8e-a2c1-3ac83846f934,    3.585750 ,  -51.406880 ,2023-12-03 17:45:00,Brasil,AMAPÁ,OIAPOQUE,Amazônia
 1662961363 ,e1e0e96b-1fa1-3682-b6cb-7029f40a4785,    2.561900 ,  -50.884010 ,2023-12-03 17:45:00,Brasil,AMAPÁ,CALÇOENE,Amazônia
 1662961364 ,896ce801-4534-3569-8830-ed8de91ca959,    2.560990 ,  -50.878550 ,2023-12-03 17:45:00,Brasil,AMAPÁ,CALÇOENE,Amazônia
 1662961365 ,3f29b0a2-f55a-3e78-abaf-8ac68a36eccb,    2.558330 ,  -50.896910 ,2023-12-03 17:45:00,Brasil,AMAPÁ,CALÇOENE,Amazônia
 1663689257 ,7901d78c-41ab-3c94-afe9-62f5cd9fbc19,    1.806140 ,  -50.490100 ,2023-12-10 17:38:00,Brasil,AMAPÁ,AMAPÁ,Amazônia
 1663689258 ,f77d504c-d32e-32f2-97fb-15c9eeb1c9de,    1.803950 ,  -50.505480 ,2023-12-10 17:38:00,Brasil,AMAPÁ,AMAPÁ,Amazônia
 1663886085 ,21a5952a-fc3c-325c-8e83-5bb938ffe1a1,    -.677290 ,  -52.404220 ,2023-12-12 17:24:00,Brasil,AMAPÁ,LARANJAL DO JARI,Amazônia
 1663886492 ,e0c65ea2-4db6-3fb7-bc2b-c9d5c29157cb,     .588780 ,  -50.722170 ,2023-12-12 17:24:00,Brasil,AMAPÁ,ITAUBAL,Amazônia
 1663886493 ,090b0621-ce72-3774-9039-47281b9e013c,     .587490 ,  -50.731110 ,2023-12-12 17:24:00,Brasil,AMAPÁ,ITAUBAL,Amazônia
 1664133954 ,5abd017e-e412-3688-b517-caa7bc2867b0,    2.237060 ,  -50.735100 ,2023-12-14 17:09:00,Brasil,AMAPÁ,CALÇOENE,Amazônia
 1664133955 ,619f1e72-3fd9-33ac-b1cb-e003bb9251b6,    2.235440 ,  -50.746030 ,2023-12-14 17:09:00,Brasil,AMAPÁ,CALÇOENE,Amazônia
 1664133956 ,706c26b3-de36-39b7-8da9-58c61b7ee943,     .614770 ,  -51.893400 ,2023-12-14 17:09:00,Brasil,AMAPÁ,PORTO GRANDE,Amazônia
 1664134313 ,136ad58e-92c5-3c2f-9f06-0e0f5ce9c533,   -1.029750 ,  -52.303840 ,2023-12-14 17:06:00,Brasil,AMAPÁ,VITÓRIA DO JARI,Amazônia
 1664134314 ,644732e6-da15-34ce-bd37-0758d0fa8e55,   -1.018120 ,  -52.305520 ,2023-12-14 17:06:00,Brasil,AMAPÁ,VITÓRIA DO JARI,Amazônia
 1664134318 ,ea9e2896-24d2-34f6-aa4e-3910a45ed01c,    -.680740 ,  -51.720120 ,2023-12-14 17:06:00,Brasil,AMAPÁ,MAZAGÃO,Amazônia
 1664134321 ,3ae78d76-349d-3caa-b06c-9c0a6ca84799,    -.154820 ,  -51.575090 ,2023-12-14 17:06:00,Brasil,AMAPÁ,MAZAGÃO,Amazônia
 1664134322 ,511c9253-74fb-3cf6-af04-2b0985bbf33a,    -.152890 ,  -51.561680 ,2023-12-14 17:06:00,Brasil,AMAPÁ,MAZAGÃO,Amazônia
 1664134323 ,2aee7c0d-7e8c-30a6-a57e-98dabae2d282,    -.137560 ,  -51.455210 ,2023-12-14 17:06:00,Brasil,AMAPÁ,MAZAGÃO,Amazônia
 1664134324 ,ce662bd8-0d96-3958-a769-1b5914ce8910,    -.027660 ,  -51.252220 ,2023-12-14 17:06:00,Brasil,AMAPÁ,SANTANA,Amazônia
 1664234082 ,9546b613-99cf-3dca-a5b4-611e5c97dcc9,    -.031740 ,  -51.271240 ,2023-12-15 17:49:00,Brasil,AMAPÁ,SANTANA,Amazônia
 1664234109 ,5bc600a9-2f7a-3f06-96bf-79710558d341,    -.139500 ,  -51.569660 ,2023-12-15 17:49:00,Brasil,AMAPÁ,MAZAGÃO,Amazônia
 1664234151 ,0d4c34ab-1a5b-35fc-a252-b8219ad54f0d,    -.688690 ,  -51.734480 ,2023-12-15 17:49:00,Brasil,AMAPÁ,MAZAGÃO,Amazônia
 1664323176 ,4677995f-a124-32db-a109-4392fe7b8246,    1.379640 ,  -51.050990 ,2023-12-16 16:54:00,Brasil,AMAPÁ,TARTARUGALZINHO,Amazônia
 1664323177 ,f8094402-417b-328d-9146-ae8900f1e5e7,    1.373270 ,  -51.043090 ,2023-12-16 16:54:00,Brasil,AMAPÁ,TARTARUGALZINHO,Amazônia
 1664323178 ,0d640381-37fb-3a24-84df-43ccb6465871,    1.168670 ,  -50.026310 ,2023-12-16 16:52:00,Brasil,AMAPÁ,MACAPÁ,Amazônia
 1664323179 ,627aba27-7734-351d-b9a3-f4dcce7708ea,    1.020570 ,  -50.051520 ,2023-12-16 16:52:00,Brasil,AMAPÁ,MACAPÁ,Amazônia
 1664323180 ,1752d224-de78-36e3-b75a-178a08ff7485,     .861330 ,  -50.844180 ,2023-12-16 16:52:00,Brasil,AMAPÁ,CUTIAS,Amazônia
 1664323181 ,f0ad279c-c9ec-31ca-b354-dadcd2862333,     .854300 ,  -50.836350 ,2023-12-16 16:52:00,Brasil,AMAPÁ,CUTIAS,Amazônia
 1664323200 ,a6ea99d0-e96a-34a0-87d2-96b6624e1a28,    -.148440 ,  -51.571230 ,2023-12-16 16:52:00,Brasil,AMAPÁ,MAZAGÃO,Amazônia
 1664422782 ,1f3bde9d-4a0e-3da9-83ce-a16ae782f0a7,    1.018210 ,  -50.058400 ,2023-12-17 17:34:00,Brasil,AMAPÁ,MACAPÁ,Amazônia
 1664423209 ,c26e571e-37be-3733-907f-0bd47a5292c0,    -.682820 ,  -51.711820 ,2023-12-17 17:34:00,Brasil,AMAPÁ,MAZAGÃO,Amazônia
 1664423210 ,922c98b5-5b0d-3aa0-bc65-90a554f20080,    -.677700 ,  -51.742800 ,2023-12-17 17:34:00,Brasil,AMAPÁ,MAZAGÃO,Amazônia
 1664423211 ,bb2734ec-999a-307e-9a75-0be74d4ab30c,    -.676280 ,  -51.732940 ,2023-12-17 17:34:00,Brasil,AMAPÁ,MAZAGÃO,Amazônia
 1664423212 ,950203b8-a85e-3541-9f79-98edae7ddff7,    -.673450 ,  -51.713190 ,2023-12-17 17:34:00,Brasil,AMAPÁ,MAZAGÃO,Amazônia
 1664423213 ,4a23095b-4f2a-36f3-ba2a-62df07ed9758,    -.351780 ,  -51.459590 ,2023-12-17 17:34:00,Brasil,AMAPÁ,MAZAGÃO,Amazônia
 1664423214 ,709650a4-9be7-3043-8d89-8cd4e2a17841,    -.226710 ,  -51.505380 ,2023-12-17 17:34:00,Brasil,AMAPÁ,MAZAGÃO,Amazônia
 1664666690 ,94d80291-03c0-3190-ba2d-fb71639ef5f9,    -.361080 ,  -51.571240 ,2023-12-19 17:19:00,Brasil,AMAPÁ,MAZAGÃO,Amazônia
 1664666765 ,440fd197-9d23-369f-a96c-1aeb0849ca47,    -.809680 ,  -52.448910 ,2023-12-19 17:19:00,Brasil,AMAPÁ,LARANJAL DO JARI,Amazônia
 1664666766 ,39fd0fc8-d7d7-3c5d-b71d-2f2d53e7b797,    -.359680 ,  -51.561760 ,2023-12-19 17:19:00,Brasil,AMAPÁ,MAZAGÃO,Amazônia
 1664666767 ,bec14d58-b5e0-3df1-994f-68aa3d51f52e,    -.675300 ,  -51.716720 ,2023-12-19 17:19:00,Brasil,AMAPÁ,MAZAGÃO,Amazônia
 1664666768 ,18adb16f-b19c-3212-acba-7a1c448093b3,    -.369530 ,  -51.573180 ,2023-12-19 17:19:00,Brasil,AMAPÁ,MAZAGÃO,Amazônia
 1664666769 ,6af42146-4583-344c-a953-d985b6a234a8,    -.368170 ,  -51.563690 ,2023-12-19 17:19:00,Brasil,AMAPÁ,MAZAGÃO,Amazônia
 1665196115 ,aaf47b1a-82e5-34f4-9bf2-ad9c5e1370a8,     .916370 ,  -50.263050 ,2023-12-24 17:28:00,Brasil,AMAPÁ,MACAPÁ,Amazônia
 1665409449 ,12173f6b-d657-3f4e-bc15-b2b06ea57723,     .990460 ,  -50.284850 ,2023-12-26 17:13:00,Brasil,AMAPÁ,CUTIAS,Amazônia
 1665409945 ,c847b635-54dd-3d6a-aa37-4c158fd80df2,    -.229400 ,  -51.747620 ,2023-12-26 17:13:00,Brasil,AMAPÁ,MAZAGÃO,Amazônia
 1665409946 ,ecf1eb7f-aee2-3005-9614-baac0f1184d0,    -.116010 ,  -51.600440 ,2023-12-26 17:13:00,Brasil,AMAPÁ,MAZAGÃO,Amazônia
 1665631186 ,d71f4c68-3ec6-3519-b963-6900759fe418,    -.677700 ,  -51.723300 ,2023-12-28 16:58:00,Brasil,AMAPÁ,MAZAGÃO,Amazônia
 1665772076 ,1530f612-a42c-3055-abb3-a1333485d561,    -.641320 ,  -52.431480 ,2023-12-29 17:41:00,Brasil,AMAPÁ,LARANJAL DO JARI,Amazônia
