id_bdq,foco_id,lat,lon,data_pas,pais,estado,municipio,bioma
 1615383328 ,8aac90d5-c80a-380a-8e1b-aa3af3522780,  -25.980040 ,  -52.562560 ,2023-01-05 17:38:00,Brasil,PARANÁ,CORONEL VIVIDA,Mata Atlântica
 1615618810 ,c5b77368-6dab-3102-a33a-d74332be3c82,  -24.386210 ,  -53.391880 ,2023-01-07 17:24:00,Brasil,PARANÁ,JESUÍTAS,Mata Atlântica
 1615853209 ,9d3e0e6c-65ce-3d6e-9e7a-8319c7a2dab7,  -25.540080 ,  -51.078700 ,2023-01-09 17:11:00,Brasil,PARANÁ,IRATI,Mata Atlântica
 1615853212 ,e3134a69-0e94-3b94-9c9b-7069a872140b,  -25.897140 ,  -52.017640 ,2023-01-09 17:11:00,Brasil,PARANÁ,RESERVA DO IGUAÇU,Mata Atlântica
 1615853213 ,46b92337-3f61-3e4d-9fde-83761663cad4,  -25.638380 ,  -52.754960 ,2023-01-09 17:11:00,Brasil,PARANÁ,SULINA,Mata Atlântica
 1615853216 ,05196f1d-2344-3c96-ae11-40516fd9ec7c,  -25.540980 ,  -51.006710 ,2023-01-09 17:11:00,Brasil,PARANÁ,IRATI,Mata Atlântica
 1615853218 ,38686e3d-abe1-36f5-82fb-997ea2157bbb,  -25.350870 ,  -51.108400 ,2023-01-09 17:11:00,Brasil,PARANÁ,PRUDENTÓPOLIS,Mata Atlântica
 1615853221 ,b9767993-1dc5-326b-ba93-d1c0e3f4bc68,  -25.539530 ,  -50.995170 ,2023-01-09 17:11:00,Brasil,PARANÁ,IRATI,Mata Atlântica
 1615853222 ,3225c8cd-2750-37d1-a981-4ecf62c4eb41,  -24.634280 ,  -51.637200 ,2023-01-09 17:11:00,Brasil,PARANÁ,PITANGA,Mata Atlântica
 1615853226 ,c3113078-1251-3a40-8cd0-12bfdcb34821,  -24.624270 ,  -51.638320 ,2023-01-09 17:11:00,Brasil,PARANÁ,PITANGA,Mata Atlântica
 1615853228 ,c5e133cd-0b80-3f4d-b160-50489bcc25ca,  -23.642780 ,  -51.681410 ,2023-01-09 17:11:00,Brasil,PARANÁ,JANDAIA DO SUL,Mata Atlântica
 1615853288 ,26191d9a-d6ce-3fe3-8194-864db163e1b6,  -26.126330 ,  -51.553260 ,2023-01-09 17:11:00,Brasil,PARANÁ,BITURUNA,Mata Atlântica
 1615853289 ,fd9b4ab0-242d-3883-bb8d-027d095f48cd,  -26.134960 ,  -51.539430 ,2023-01-09 17:11:00,Brasil,PARANÁ,BITURUNA,Mata Atlântica
 1615853291 ,509e6c16-1c7f-3823-a37f-8188e369be79,  -26.201510 ,  -51.586490 ,2023-01-09 17:11:00,Brasil,PARANÁ,BITURUNA,Mata Atlântica
 1616089575 ,981e83c8-3f3a-3561-8721-6fc1e12c0676,  -25.663810 ,  -51.497310 ,2023-01-11 16:58:00,Brasil,PARANÁ,GUARAPUAVA,Mata Atlântica
 1616089576 ,79422361-0c43-3f12-96ab-080bfbc89a92,  -25.673210 ,  -51.482260 ,2023-01-11 16:58:00,Brasil,PARANÁ,PINHÃO,Mata Atlântica
 1616089578 ,0a4e6755-2984-3c9e-b056-35c9defcebdd,  -25.675360 ,  -51.502920 ,2023-01-11 16:58:00,Brasil,PARANÁ,GUARAPUAVA,Mata Atlântica
 1616625387 ,74ca2e16-672e-3316-9e4c-0f25f38cbe62,  -24.118920 ,  -49.467100 ,2023-01-16 17:15:00,Brasil,PARANÁ,SENGÉS,Cerrado
 1616625431 ,da3f674f-1b4c-3765-8cf7-ae8d291f33c1,  -23.210480 ,  -50.798300 ,2023-01-16 17:15:00,Brasil,PARANÁ,URAÍ,Mata Atlântica
 1616625438 ,f0dd5974-537d-39fc-8d8f-dd6de98c8b42,  -24.534880 ,  -53.256550 ,2023-01-16 17:15:00,Brasil,PARANÁ,NOVA AURORA,Mata Atlântica
 1616625442 ,43e2ca9c-cecc-3d6f-ac54-02a51a162b31,  -24.623400 ,  -53.321860 ,2023-01-16 17:15:00,Brasil,PARANÁ,CAFELÂNDIA,Mata Atlântica
 1616625491 ,2289a695-65ab-392c-9d93-e18374d85b6d,  -25.132520 ,  -52.809760 ,2023-01-16 17:15:00,Brasil,PARANÁ,GUARANIAÇU,Mata Atlântica
 1616625492 ,ff8cc7f2-6270-3d51-8f69-1de9747249a3,  -25.292120 ,  -54.110120 ,2023-01-16 17:15:00,Brasil,PARANÁ,MEDIANEIRA,Mata Atlântica
 1616625493 ,b8e837fd-01a8-30da-8eb5-663d491f5c92,  -25.497370 ,  -53.605550 ,2023-01-16 17:15:00,Brasil,PARANÁ,CAPITÃO LEÔNIDAS MARQUES,Mata Atlântica
 1616625495 ,aaeb1d5b-0933-3dcb-b252-80bf43c4299f,  -25.952860 ,  -49.770600 ,2023-01-16 17:15:00,Brasil,PARANÁ,CAMPO DO TENENTE,Mata Atlântica
 1616625497 ,c70709c0-5739-30f5-9924-66cd9339b7f9,  -25.975220 ,  -52.814240 ,2023-01-16 17:15:00,Brasil,PARANÁ,ITAPEJARA D'OESTE,Mata Atlântica
 1616625498 ,a06c00c1-4db6-3e9d-a5f8-b026f2d8856d,  -26.048510 ,  -49.726910 ,2023-01-16 17:15:00,Brasil,PARANÁ,RIO NEGRO,Mata Atlântica
 1616625500 ,d598613d-b5e1-3c67-ac29-53831b963fb3,  -26.049910 ,  -49.737060 ,2023-01-16 17:15:00,Brasil,PARANÁ,RIO NEGRO,Mata Atlântica
 1617193856 ,b05de43a-ff96-3ec0-9941-82270ca08ab1,  -23.861820 ,  -51.857300 ,2023-01-21 17:32:00,Brasil,PARANÁ,SÃO PEDRO DO IVAÍ,Mata Atlântica
 1617193859 ,df81906b-0843-3f0f-86fb-c88abe302f71,  -24.376080 ,  -53.392770 ,2023-01-21 17:32:00,Brasil,PARANÁ,JESUÍTAS,Mata Atlântica
 1617355566 ,e605ca87-2942-3026-8e82-14b3e396c665,  -23.988310 ,  -51.823240 ,2023-01-23 17:19:00,Brasil,PARANÁ,SÃO JOÃO DO IVAÍ,Mata Atlântica
 1617355570 ,36877520-d878-36b0-b193-128293e0a1bb,  -25.925540 ,  -53.485810 ,2023-01-23 17:17:00,Brasil,PARANÁ,AMPÉRE,Mata Atlântica
 1617561848 ,75d3b137-3011-3683-9f20-25875149b8b6,  -24.899300 ,  -49.545410 ,2023-01-25 17:04:00,Brasil,PARANÁ,CASTRO,Mata Atlântica
 1617561849 ,fe77393e-8de4-39e2-bc79-52035a1f7bff,  -24.900790 ,  -49.557610 ,2023-01-25 17:04:00,Brasil,PARANÁ,CASTRO,Mata Atlântica
 1617561850 ,8397ac56-b0a9-3c95-aa64-7500d1c24a36,  -26.022760 ,  -49.265140 ,2023-01-25 17:04:00,Brasil,PARANÁ,AGUDOS DO SUL,Mata Atlântica
 1617561852 ,c6119bbf-8dae-3e52-8a67-462b6fe9f005,  -26.024300 ,  -49.277450 ,2023-01-25 17:04:00,Brasil,PARANÁ,AGUDOS DO SUL,Mata Atlântica
 1617561897 ,a08501a3-433b-346a-8fd9-ea066a1da104,  -22.738700 ,  -52.043050 ,2023-01-25 17:04:00,Brasil,PARANÁ,COLORADO,Mata Atlântica
 1617654575 ,aff634e9-602d-313c-b16b-a3743e41ced8,  -25.852900 ,  -52.530290 ,2023-01-26 17:47:00,Brasil,PARANÁ,CHOPINZINHO,Mata Atlântica
 1617757914 ,ff326bcb-0b7e-3ff0-bbb4-80d721560409,  -23.787990 ,  -52.227500 ,2023-01-27 16:52:00,Brasil,PARANÁ,ENGENHEIRO BELTRÃO,Mata Atlântica
 1617757915 ,44d21ade-1def-3179-82ce-7609670debe8,  -25.022910 ,  -49.206620 ,2023-01-27 16:52:00,Brasil,PARANÁ,CERRO AZUL,Mata Atlântica
 1617757916 ,27e34d5f-f2c2-341c-b97c-b441784c1124,  -25.228960 ,  -49.449980 ,2023-01-27 16:52:00,Brasil,PARANÁ,CAMPO MAGRO,Mata Atlântica
 1617757926 ,3eda41fa-f59f-3f6f-aae3-d8bae37b56d1,  -26.484210 ,  -51.484290 ,2023-01-27 16:52:00,Brasil,PARANÁ,GENERAL CARNEIRO,Mata Atlântica
 1617757929 ,fa771b67-61f3-3391-bbdf-957a4aa7c943,  -26.485010 ,  -51.489070 ,2023-01-27 16:52:00,Brasil,PARANÁ,GENERAL CARNEIRO,Mata Atlântica
 1617757948 ,9c8c9476-7bbc-38d4-b930-920302045a5f,  -22.971140 ,  -51.502320 ,2023-01-27 16:52:00,Brasil,PARANÁ,MIRASELVA,Mata Atlântica
 1617874318 ,9fd07979-844b-3192-99a7-b074d068984f,  -23.906420 ,  -53.371060 ,2023-01-28 17:34:00,Brasil,PARANÁ,PEROBAL,Mata Atlântica
 1617874319 ,b2fd0d55-a359-3402-996c-25e1c724c31e,  -24.397360 ,  -53.514600 ,2023-01-28 17:34:00,Brasil,PARANÁ,ASSIS CHATEAUBRIAND,Mata Atlântica
 1617874320 ,0de2aec2-b49b-3b30-b2f2-343132ffe022,  -25.949510 ,  -51.248250 ,2023-01-28 17:34:00,Brasil,PARANÁ,CRUZ MACHADO,Mata Atlântica
 1617874321 ,227a9500-afe6-3bec-9953-b1875d951ca4,  -26.011090 ,  -50.991210 ,2023-01-28 17:34:00,Brasil,PARANÁ,UNIÃO DA VITÓRIA,Mata Atlântica
 1617978668 ,0a9fd70e-cff8-36d7-8721-a34b82d4c224,  -24.720290 ,  -48.965280 ,2023-01-29 16:39:00,Brasil,PARANÁ,ADRIANÓPOLIS,Mata Atlântica
 1618548845 ,6a626d17-bf3e-3bb6-9be9-84a57dca077c,  -25.886270 ,  -48.580540 ,2023-02-03 16:54:00,Brasil,PARANÁ,GUARATUBA,Mata Atlântica
 1618980923 ,ef41bee1-9591-3d98-b99a-3015fe1a7097,  -23.020560 ,  -50.406520 ,2023-02-06 17:24:00,Brasil,PARANÁ,ITAMBARACÁ,Mata Atlântica
 1618980930 ,3f785afb-e3f8-3412-a23b-925ead17b891,  -24.033910 ,  -52.011480 ,2023-02-06 17:24:00,Brasil,PARANÁ,BARBOSA FERRAZ,Mata Atlântica
 1618980935 ,53ac5e2e-1d38-3396-8069-7f7bb40f2c68,  -24.180780 ,  -53.021910 ,2023-02-06 17:24:00,Brasil,PARANÁ,GOIOERÊ,Mata Atlântica
 1618980940 ,8fa273c2-8965-39cf-ab3c-250c60db7c91,  -24.653270 ,  -52.724670 ,2023-02-06 17:24:00,Brasil,PARANÁ,CAMPINA DA LAGOA,Mata Atlântica
 1618980944 ,d84c6f12-253a-331c-8a36-074a2e29c690,  -25.639840 ,  -53.344580 ,2023-02-06 17:21:00,Brasil,PARANÁ,NOVA PRATA DO IGUAÇU,Mata Atlântica
 1618980952 ,d500d1fc-214a-3537-89f5-618cfed8847b,  -25.905470 ,  -50.428150 ,2023-02-06 17:21:00,Brasil,PARANÁ,SÃO MATEUS DO SUL,Mata Atlântica
 1618980959 ,7dc2ea6f-4c39-3168-8339-5221205907a4,  -23.605900 ,  -51.581120 ,2023-02-06 17:24:00,Brasil,PARANÁ,CAMBIRA,Mata Atlântica
 1619280158 ,1b0eaaa2-6e20-3505-bf37-488d12efda49,  -26.163680 ,  -51.844610 ,2023-02-08 17:09:00,Brasil,PARANÁ,CORONEL DOMINGOS SOARES,Mata Atlântica
 1619280206 ,1d737bde-7731-382c-a616-5589e18fb138,  -25.048200 ,  -51.062680 ,2023-02-08 17:09:00,Brasil,PARANÁ,PRUDENTÓPOLIS,Mata Atlântica
 1619280214 ,071380ae-158b-31a5-b598-11b5dfa30b68,  -25.112070 ,  -51.158990 ,2023-02-08 17:09:00,Brasil,PARANÁ,PRUDENTÓPOLIS,Mata Atlântica
 1619280242 ,2029d5f7-070f-38e6-b822-8af52abaef82,  -24.968940 ,  -51.080900 ,2023-02-08 17:09:00,Brasil,PARANÁ,PRUDENTÓPOLIS,Mata Atlântica
 1619280246 ,33c20046-cde7-3031-b2e8-b4a61758ad2e,  -25.904990 ,  -50.423800 ,2023-02-08 17:09:00,Brasil,PARANÁ,SÃO MATEUS DO SUL,Mata Atlântica
 1619280277 ,1a7e2235-c268-3593-8063-3e601d08d68e,  -25.906500 ,  -50.436050 ,2023-02-08 17:09:00,Brasil,PARANÁ,SÃO MATEUS DO SUL,Mata Atlântica
 1619293554 ,5be8744b-c837-357c-be20-455f727bce38,  -23.608170 ,  -51.653170 ,2023-02-08 17:09:00,Brasil,PARANÁ,JANDAIA DO SUL,Mata Atlântica
 1619293557 ,d89fe996-36f4-3a19-8f32-c8c5808acc18,  -24.398010 ,  -50.159390 ,2023-02-08 17:09:00,Brasil,PARANÁ,PIRAÍ DO SUL,Cerrado
 1619985232 ,13e0c10d-95bc-3024-b81d-85a6c2f18a5e,  -22.715750 ,  -53.142540 ,2023-02-13 17:26:00,Brasil,PARANÁ,SÃO PEDRO DO PARANÁ,Mata Atlântica
 1619985241 ,860aff76-e2f3-36b4-bd7f-5ba5c20ad82d,  -23.996980 ,  -52.838880 ,2023-02-13 17:24:00,Brasil,PARANÁ,TUNEIRAS DO OESTE,Mata Atlântica
 1619985248 ,6e8649b8-0968-373a-a71f-b01caf5ea6e1,  -24.572200 ,  -53.775220 ,2023-02-13 17:24:00,Brasil,PARANÁ,TOLEDO,Mata Atlântica
 1619985256 ,f98450de-40ac-335b-925a-f75511a7c521,  -24.947300 ,  -50.985620 ,2023-02-13 17:24:00,Brasil,PARANÁ,CÂNDIDO DE ABREU,Mata Atlântica
 1619985264 ,1fe59c52-603c-321e-817d-abdc0814a3fd,  -25.427140 ,  -52.695060 ,2023-02-13 17:24:00,Brasil,PARANÁ,NOVA LARANJEIRAS,Mata Atlântica
 1619985280 ,3992dbd0-a7ba-39c4-aa71-1ee85689b9f1,  -26.073290 ,  -53.727400 ,2023-02-13 17:24:00,Brasil,PARANÁ,SANTO ANTÔNIO DO SUDOESTE,Mata Atlântica
 1619985296 ,5d031ec5-2d00-39f5-bafd-5df0eea83b95,  -26.081820 ,  -53.222570 ,2023-02-13 17:24:00,Brasil,PARANÁ,FRANCISCO BELTRÃO,Mata Atlântica
 1621278253 ,d3f39915-b4b9-318f-9bc0-9513ea76fe77,  -25.207690 ,  -50.984490 ,2023-02-22 17:13:00,Brasil,PARANÁ,PRUDENTÓPOLIS,Mata Atlântica
 1621278283 ,790f2a60-5f28-3d74-b609-a24c85a7bb0b,  -23.604600 ,  -51.645840 ,2023-02-22 17:13:00,Brasil,PARANÁ,JANDAIA DO SUL,Mata Atlântica
 1622101693 ,cb00e79f-2659-375e-9736-64dc74b4f0d8,  -25.590280 ,  -50.652420 ,2023-03-01 17:15:00,Brasil,PARANÁ,REBOUÇAS,Mata Atlântica
 1622103667 ,f06c6165-583b-323d-94fa-9330e3c407d3,  -23.121060 ,  -52.105380 ,2023-03-01 17:17:00,Brasil,PARANÁ,ATALAIA,Mata Atlântica
 1622715400 ,3b01de61-b9b2-34b4-9ae7-4ed32c2cc997,  -22.991440 ,  -52.133670 ,2023-03-06 17:32:00,Brasil,PARANÁ,CRUZEIRO DO SUL,Mata Atlântica
 1622715401 ,52ab56a8-6c7c-3729-8d62-85f22cd06c42,  -23.537940 ,  -53.611920 ,2023-03-06 17:32:00,Brasil,PARANÁ,UMUARAMA,Mata Atlântica
 1622918891 ,66812aea-f5dc-3eef-b02e-8ea4f550b787,  -23.598200 ,  -51.720480 ,2023-03-08 17:17:00,Brasil,PARANÁ,JANDAIA DO SUL,Mata Atlântica
 1622918892 ,fb83058c-3751-362b-a010-53c336e3671d,  -23.599670 ,  -51.731540 ,2023-03-08 17:17:00,Brasil,PARANÁ,JANDAIA DO SUL,Mata Atlântica
 1622918893 ,7c5b5d95-7dad-3216-bc3e-e6076c31994d,  -24.973360 ,  -50.294470 ,2023-03-08 17:17:00,Brasil,PARANÁ,PONTA GROSSA,Mata Atlântica
 1622918894 ,c690eee6-11ae-3d78-bc08-93efd85cbece,  -25.266770 ,  -49.038930 ,2023-03-08 17:17:00,Brasil,PARANÁ,BOCAIÚVA DO SUL,Mata Atlântica
 1622918896 ,5e4c68bc-eef6-34fc-a9a4-ebecd4b955a3,  -25.573240 ,  -51.481880 ,2023-03-08 17:17:00,Brasil,PARANÁ,GUARAPUAVA,Mata Atlântica
 1622918897 ,0b094543-77af-37f0-ad99-77b1f036c457,  -26.186480 ,  -51.262100 ,2023-03-08 17:17:00,Brasil,PARANÁ,PORTO VITÓRIA,Mata Atlântica
 1622918899 ,c3bcfa5f-ed88-3b15-b4f4-c528731ec7b2,  -26.247390 ,  -51.737940 ,2023-03-08 17:17:00,Brasil,PARANÁ,BITURUNA,Mata Atlântica
 1623759574 ,708d2c95-1158-3e97-b1d2-27707300db1e,  -26.488790 ,  -51.997160 ,2023-03-17 17:05:00,Brasil,PARANÁ,PALMAS,Mata Atlântica
 1623828405 ,5d6df697-0171-3d57-895c-619e4d475f3d,  -25.756140 ,  -49.348920 ,2023-03-18 17:47:00,Brasil,PARANÁ,MANDIRITUBA,Mata Atlântica
 1624009095 ,2b33ebc2-6c5f-3ca3-b13f-95f0386830e5,  -24.758100 ,  -49.388870 ,2023-03-20 17:34:00,Brasil,PARANÁ,CERRO AZUL,Mata Atlântica
 1624009106 ,e9ba774b-c6e6-360d-90e6-85e1ca973384,  -24.817860 ,  -51.253670 ,2023-03-20 17:34:00,Brasil,PARANÁ,PRUDENTÓPOLIS,Mata Atlântica
 1624009115 ,d249f9ab-7d16-30d5-9e88-4cf1b0a2ae76,  -25.317070 ,  -49.603130 ,2023-03-20 17:34:00,Brasil,PARANÁ,CAMPO LARGO,Mata Atlântica
 1624009124 ,90957151-90db-3461-b15a-fd4fbbb8b8b7,  -24.968890 ,  -49.312600 ,2023-03-20 17:34:00,Brasil,PARANÁ,CERRO AZUL,Mata Atlântica
 1624009131 ,dede46c0-c61b-36ae-9824-2e73fcdd5fc6,  -25.025270 ,  -49.160340 ,2023-03-20 17:34:00,Brasil,PARANÁ,CERRO AZUL,Mata Atlântica
 1624009139 ,c3584c13-65b9-36b0-9287-2997b509c85b,  -25.027580 ,  -49.173640 ,2023-03-20 17:34:00,Brasil,PARANÁ,CERRO AZUL,Mata Atlântica
 1624009146 ,47cd2a74-ed27-3d0d-b731-4495bec60b77,  -25.032150 ,  -49.200060 ,2023-03-20 17:34:00,Brasil,PARANÁ,CERRO AZUL,Mata Atlântica
 1624009155 ,f42caac6-e1a3-38ea-8d54-2b480d01098c,  -25.078940 ,  -51.218730 ,2023-03-20 17:34:00,Brasil,PARANÁ,PRUDENTÓPOLIS,Mata Atlântica
 1624009162 ,70ee67da-b6bb-337b-a33e-5007d570faa0,  -25.080690 ,  -51.229780 ,2023-03-20 17:34:00,Brasil,PARANÁ,GUARAPUAVA,Mata Atlântica
 1624009170 ,2d8f28d3-7503-360c-9427-356dd7a7f8c1,  -25.314960 ,  -49.590560 ,2023-03-20 17:34:00,Brasil,PARANÁ,CAMPO LARGO,Mata Atlântica
 1624009179 ,0c4e370c-e87f-3cbf-aaf7-3dfeb9667bde,  -25.930200 ,  -50.589880 ,2023-03-20 17:34:00,Brasil,PARANÁ,SÃO MATEUS DO SUL,Mata Atlântica
 1624009186 ,9cd1c758-11e4-30b1-b633-fcfa91909194,  -25.962770 ,  -50.276940 ,2023-03-20 17:34:00,Brasil,PARANÁ,SÃO MATEUS DO SUL,Mata Atlântica
 1624009194 ,73b5c777-c2b5-318e-963e-0762321300bf,  -25.964610 ,  -50.288200 ,2023-03-20 17:34:00,Brasil,PARANÁ,SÃO MATEUS DO SUL,Mata Atlântica
 1624009201 ,7e9f531d-4c36-35d3-965b-646f0dcb241a,  -26.081490 ,  -51.309090 ,2023-03-20 17:34:00,Brasil,PARANÁ,CRUZ MACHADO,Mata Atlântica
 1624009210 ,4e58918e-4fa6-38cd-98c2-9320349f2497,  -26.118380 ,  -51.252370 ,2023-03-20 17:34:00,Brasil,PARANÁ,UNIÃO DA VITÓRIA,Mata Atlântica
 1624009217 ,f1be22a8-ac34-3e30-bf49-3db21703f817,  -26.176600 ,  -51.262680 ,2023-03-20 17:34:00,Brasil,PARANÁ,PORTO VITÓRIA,Mata Atlântica
 1624009225 ,954980d9-05c8-3254-8d12-366ff855ac9e,  -26.176870 ,  -52.555220 ,2023-03-20 17:34:00,Brasil,PARANÁ,PATO BRANCO,Mata Atlântica
 1624009233 ,58d99364-a23f-388f-82c0-63dc18feacd1,  -26.178320 ,  -52.565190 ,2023-03-20 17:34:00,Brasil,PARANÁ,PATO BRANCO,Mata Atlântica
 1624009242 ,eca5b3ff-66b5-3fbc-8b21-17ba13d319ad,  -26.196780 ,  -51.578290 ,2023-03-20 17:34:00,Brasil,PARANÁ,BITURUNA,Mata Atlântica
 1624009249 ,3484de20-f67e-3c2d-baeb-7d75731b5fc8,  -26.198340 ,  -51.588490 ,2023-03-20 17:34:00,Brasil,PARANÁ,BITURUNA,Mata Atlântica
 1624009257 ,dfa2453e-3a80-3349-915c-752b8202a178,  -26.199900 ,  -51.598760 ,2023-03-20 17:34:00,Brasil,PARANÁ,BITURUNA,Mata Atlântica
 1624009264 ,be8e3501-54f0-325f-b255-a1d6da7057de,  -26.201470 ,  -51.609040 ,2023-03-20 17:34:00,Brasil,PARANÁ,BITURUNA,Mata Atlântica
 1624009273 ,5f488214-9361-3a8e-a148-ad13d55b8adc,  -26.259880 ,  -51.158860 ,2023-03-20 17:34:00,Brasil,PARANÁ,UNIÃO DA VITÓRIA,Mata Atlântica
 1624009280 ,05ea453e-438c-34b1-b0c6-0f4169b75eca,  -26.261540 ,  -51.169400 ,2023-03-20 17:34:00,Brasil,PARANÁ,PORTO VITÓRIA,Mata Atlântica
 1624009288 ,069037e8-b475-3d43-acbf-f640dd0d08d8,  -26.281550 ,  -51.176400 ,2023-03-20 17:34:00,Brasil,PARANÁ,UNIÃO DA VITÓRIA,Mata Atlântica
 1624009351 ,b3dcb693-e3d1-30d5-b1b3-130a78a00d1a,  -23.528930 ,  -53.839980 ,2023-03-20 17:34:00,Brasil,PARANÁ,ALTO PARAÍSO,Mata Atlântica
 1624009367 ,80ba82f2-3d2d-3374-9d64-3e7e23406400,  -26.544640 ,  -51.380810 ,2023-03-20 17:34:00,Brasil,PARANÁ,GENERAL CARNEIRO,Mata Atlântica
 1624009376 ,cc56468e-184c-3378-984c-55ace44682d8,  -26.546220 ,  -51.391150 ,2023-03-20 17:34:00,Brasil,PARANÁ,GENERAL CARNEIRO,Mata Atlântica
 1624085683 ,42610322-4f00-35de-8f95-e351ffc3fb0f,  -25.314710 ,  -49.585040 ,2023-03-21 16:37:00,Brasil,PARANÁ,CAMPO LARGO,Mata Atlântica
 1624187100 ,5d4eb666-fdee-33d0-be3c-c52bbad46c2c,  -22.987120 ,  -52.243550 ,2023-03-22 17:20:00,Brasil,PARANÁ,CRUZEIRO DO SUL,Mata Atlântica
 1624187115 ,fc42df4d-f2ab-3244-91bf-91a2547e93a2,  -23.113150 ,  -52.428680 ,2023-03-22 17:20:00,Brasil,PARANÁ,PARANAVAÍ,Mata Atlântica
 1624187131 ,fef3a25f-ef83-3717-8fb1-a13ce66d6210,  -23.481870 ,  -51.611590 ,2023-03-22 17:20:00,Brasil,PARANÁ,MANDAGUARI,Mata Atlântica
 1624187139 ,959e5e59-610e-3a4e-a890-8a8d64c01f3f,  -23.680550 ,  -53.695550 ,2023-03-22 17:20:00,Brasil,PARANÁ,XAMBRÊ,Mata Atlântica
 1624187146 ,86610e77-c3a2-3c0c-b00f-4e5268324548,  -23.688150 ,  -53.702300 ,2023-03-22 17:20:00,Brasil,PARANÁ,XAMBRÊ,Mata Atlântica
 1624187162 ,8320925e-4b02-3868-a7ba-df7296e6620e,  -23.823760 ,  -53.893300 ,2023-03-22 17:20:00,Brasil,PARANÁ,ALTÔNIA,Mata Atlântica
 1624187170 ,e11de1ac-efd7-3e6a-9699-1d313248c6c5,  -24.842960 ,  -51.935540 ,2023-03-22 17:20:00,Brasil,PARANÁ,SANTA MARIA DO OESTE,Mata Atlântica
 1624187177 ,01449ed2-978a-3d84-8b13-1d3a888ff0c2,  -24.844380 ,  -51.946610 ,2023-03-22 17:20:00,Brasil,PARANÁ,SANTA MARIA DO OESTE,Mata Atlântica
 1624187185 ,c958101a-df1c-3da7-805b-82b3f7727541,  -25.253410 ,  -52.705750 ,2023-03-22 17:20:00,Brasil,PARANÁ,NOVA LARANJEIRAS,Mata Atlântica
 1624187197 ,62bc2831-fb70-3f25-a734-255d5ba75ee0,  -25.254940 ,  -52.718090 ,2023-03-22 17:20:00,Brasil,PARANÁ,NOVA LARANJEIRAS,Mata Atlântica
 1624187201 ,248a3c8d-53ae-3357-94d7-1c9d4a1667f0,  -25.442600 ,  -53.009430 ,2023-03-22 17:20:00,Brasil,PARANÁ,QUEDAS DO IGUAÇU,Mata Atlântica
 1624187207 ,7be1368f-ea9b-3dac-97f2-8a0f728dad6d,  -25.982830 ,  -49.446440 ,2023-03-22 17:20:00,Brasil,PARANÁ,QUITANDINHA,Mata Atlântica
 1624187211 ,9a0f5bf6-96d0-34e4-830b-6b35b7497785,  -26.021460 ,  -51.694010 ,2023-03-22 17:20:00,Brasil,PARANÁ,BITURUNA,Mata Atlântica
 1624187215 ,c1f5a06b-02bf-31ca-850e-500e9d25294a,  -26.049510 ,  -49.720060 ,2023-03-22 17:20:00,Brasil,PARANÁ,RIO NEGRO,Mata Atlântica
 1624187218 ,ed72a43c-1505-3ac4-a91b-048eb04d67a5,  -26.050930 ,  -49.730030 ,2023-03-22 17:20:00,Brasil,PARANÁ,RIO NEGRO,Mata Atlântica
 1624187222 ,d45df689-48e5-31f7-9662-c56335ae4891,  -26.170830 ,  -51.431200 ,2023-03-22 17:20:00,Brasil,PARANÁ,BITURUNA,Mata Atlântica
 1624187227 ,35d66888-176e-36a6-88de-0cb1cb15b309,  -26.244120 ,  -51.212910 ,2023-03-22 17:20:00,Brasil,PARANÁ,PORTO VITÓRIA,Mata Atlântica
 1624444621 ,eef3006f-82f9-389e-ac25-eb3b490f1a46,  -25.453040 ,  -50.889310 ,2023-03-24 17:07:00,Brasil,PARANÁ,IRATI,Mata Atlântica
 1624445375 ,83a04a64-3a8b-35c1-95b0-d35b97a37576,  -25.155010 ,  -48.895530 ,2023-03-24 17:07:00,Brasil,PARANÁ,BOCAIÚVA DO SUL,Mata Atlântica
 1624445391 ,91655f7e-be0b-3dd5-9167-d9792492e3da,  -25.213740 ,  -49.108590 ,2023-03-24 17:07:00,Brasil,PARANÁ,BOCAIÚVA DO SUL,Mata Atlântica
 1624445406 ,41e29f08-e920-3965-867e-5a16d910aa22,  -25.451310 ,  -50.873860 ,2023-03-24 17:07:00,Brasil,PARANÁ,IRATI,Mata Atlântica
 1624808558 ,0d00907c-29f6-3e9a-8eb8-12f68d424095,  -22.581660 ,  -52.965230 ,2023-03-27 17:34:00,Brasil,PARANÁ,DIAMANTE DO NORTE,Mata Atlântica
 1624808593 ,8084899f-94d6-343f-a64f-87508affd326,  -26.121090 ,  -51.574260 ,2023-03-27 17:34:00,Brasil,PARANÁ,BITURUNA,Mata Atlântica
 1624808597 ,9edd7e66-728b-30e7-b234-c5fd2e2ffa8e,  -26.122700 ,  -51.584740 ,2023-03-27 17:34:00,Brasil,PARANÁ,BITURUNA,Mata Atlântica
 1624808600 ,db443c2a-f5c2-31b5-8a0f-9d2bf80745c9,  -26.452480 ,  -52.246810 ,2023-03-27 17:34:00,Brasil,PARANÁ,CLEVELÂNDIA,Mata Atlântica
 1624808605 ,7e718bb4-38ed-36eb-a6a7-8be152a85880,  -23.291040 ,  -50.986240 ,2023-03-27 17:34:00,Brasil,PARANÁ,IBIPORÃ,Mata Atlântica
 1625066669 ,36f0637f-92d1-3f3a-9945-d3650448c7bb,  -23.035770 ,  -52.701190 ,2023-03-29 17:22:00,Brasil,PARANÁ,GUAIRAÇÁ,Mata Atlântica
 1625066673 ,7f4b414a-fa67-37d0-8718-1aac34fc042c,  -23.376540 ,  -53.303090 ,2023-03-29 17:22:00,Brasil,PARANÁ,DOURADINA,Mata Atlântica
 1625066684 ,fec1017e-962b-364e-91f6-414d5edac8db,  -24.659580 ,  -50.128510 ,2023-03-29 17:20:00,Brasil,PARANÁ,CASTRO,Mata Atlântica
 1625623167 ,6087f022-6760-30fb-8362-3cbd3d9ca03a,  -23.774650 ,  -50.713970 ,2023-04-03 17:34:00,Brasil,PARANÁ,SÃO JERÔNIMO DA SERRA,Mata Atlântica
 1625623170 ,91e1c7af-7b5d-3c34-9b84-fe723c84ddd9,  -23.918740 ,  -52.044250 ,2023-04-03 17:34:00,Brasil,PARANÁ,BARBOSA FERRAZ,Mata Atlântica
 1625623174 ,97eb6b06-a0c8-3b31-b767-7debd9185524,  -25.752530 ,  -50.690960 ,2023-04-03 17:34:00,Brasil,PARANÁ,RIO AZUL,Mata Atlântica
 1625623178 ,4c5b890c-f4b8-3e6b-8918-a758bf73dd43,  -25.800080 ,  -50.681800 ,2023-04-03 17:34:00,Brasil,PARANÁ,RIO AZUL,Mata Atlântica
 1625623182 ,0f7e53a5-f835-3573-af74-795782bdb242,  -25.903270 ,  -50.103140 ,2023-04-03 17:34:00,Brasil,PARANÁ,ANTÔNIO OLINTO,Mata Atlântica
 1625623185 ,a34d492e-6288-3dc1-a8f6-2ab15e1bd3d6,  -26.153940 ,  -51.345080 ,2023-04-03 17:34:00,Brasil,PARANÁ,BITURUNA,Mata Atlântica
 1625623189 ,4e9c115b-19b7-3afc-baa9-95da0688e971,  -26.177630 ,  -51.253180 ,2023-04-03 17:34:00,Brasil,PARANÁ,PORTO VITÓRIA,Mata Atlântica
 1625623194 ,9d1e1246-7572-3c44-8d5e-38d58cf49d49,  -26.179280 ,  -51.263740 ,2023-04-03 17:34:00,Brasil,PARANÁ,PORTO VITÓRIA,Mata Atlântica
 1625623198 ,cba9fb55-fe97-3085-99a1-219f429a5346,  -26.193230 ,  -51.597400 ,2023-04-03 17:34:00,Brasil,PARANÁ,BITURUNA,Mata Atlântica
 1625623201 ,8e0b4008-e552-387e-9d63-8021cbf900a1,  -26.259450 ,  -51.373550 ,2023-04-03 17:34:00,Brasil,PARANÁ,BITURUNA,Mata Atlântica
 1625927309 ,59dec245-be1f-3776-a711-81840b90b98a,  -25.159380 ,  -49.293510 ,2023-04-05 17:22:00,Brasil,PARANÁ,RIO BRANCO DO SUL,Mata Atlântica
 1625927341 ,32f9a430-abfe-3021-adfe-0e8bd384000c,  -25.166890 ,  -49.281990 ,2023-04-05 17:22:00,Brasil,PARANÁ,RIO BRANCO DO SUL,Mata Atlântica
 1625927384 ,55a38ef2-b4c6-3032-82db-53325e9166d6,  -25.168360 ,  -49.291900 ,2023-04-05 17:22:00,Brasil,PARANÁ,RIO BRANCO DO SUL,Mata Atlântica
 1625927463 ,0404017d-7d4d-3420-9968-d8f083ba30ca,  -25.632490 ,  -50.015270 ,2023-04-05 17:22:00,Brasil,PARANÁ,LAPA,Mata Atlântica
 1626409796 ,6b4b449a-678f-344e-b487-e5f54fab4e3d,  -22.609330 ,  -52.993930 ,2023-04-09 16:54:00,Brasil,PARANÁ,DIAMANTE DO NORTE,Mata Atlântica
 1626537444 ,afb13891-f4ed-3138-8c85-9e789a3f916e,  -23.016380 ,  -53.248500 ,2023-04-10 17:37:00,Brasil,PARANÁ,SANTA ISABEL DO IVAÍ,Mata Atlântica
 1626537448 ,e448c641-17cf-3256-868e-3ffb1831d84c,  -23.374150 ,  -53.301140 ,2023-04-10 17:37:00,Brasil,PARANÁ,DOURADINA,Mata Atlântica
 1626537450 ,dca84102-a867-397c-b32d-53b0d3ca8ce8,  -23.792680 ,  -52.288440 ,2023-04-10 17:37:00,Brasil,PARANÁ,ENGENHEIRO BELTRÃO,Mata Atlântica
 1626793570 ,05b4d947-744d-37a2-95a2-d3af1817752d,  -23.109250 ,  -53.555390 ,2023-04-12 17:22:00,Brasil,PARANÁ,QUERÊNCIA DO NORTE,Mata Atlântica
 1626793603 ,186e5d43-1e5c-337b-9d99-0459c3c5ac10,  -23.259730 ,  -53.220030 ,2023-04-12 17:22:00,Brasil,PARANÁ,DOURADINA,Mata Atlântica
 1626793635 ,f115910d-25ba-3fc0-8d69-5296cc8a152e,  -24.201030 ,  -52.150640 ,2023-04-12 17:22:00,Brasil,PARANÁ,BARBOSA FERRAZ,Mata Atlântica
 1626793666 ,7b3ffd0d-2133-3d44-b4ff-c466e6782f26,  -24.202420 ,  -52.161160 ,2023-04-12 17:22:00,Brasil,PARANÁ,LUIZIANA,Mata Atlântica
 1626793699 ,85881c9f-52b6-3ca3-8501-6bc7b3149d0c,  -24.485870 ,  -52.075340 ,2023-04-12 17:22:00,Brasil,PARANÁ,RONCADOR,Mata Atlântica
 1626793731 ,41150694-fe25-3740-a5bc-dc867528caad,  -24.570410 ,  -51.408370 ,2023-04-12 17:22:00,Brasil,PARANÁ,CÂNDIDO DE ABREU,Mata Atlântica
 1626793763 ,a94dd974-8e56-3018-8eb7-b38333fee505,  -24.755640 ,  -52.258510 ,2023-04-12 17:22:00,Brasil,PARANÁ,MATO RICO,Mata Atlântica
 1626793794 ,cf1136fd-c6d0-3fec-887d-1667be899a49,  -25.540770 ,  -50.067130 ,2023-04-12 17:22:00,Brasil,PARANÁ,PALMEIRA,Mata Atlântica
 1626793827 ,5bc216b4-fa65-30a2-8dc1-9e02de9f6d16,  -25.542180 ,  -50.077020 ,2023-04-12 17:22:00,Brasil,PARANÁ,PALMEIRA,Mata Atlântica
 1626793880 ,a33561d2-d723-32bb-8611-92ab3d4f8f75,  -25.895210 ,  -50.102200 ,2023-04-12 17:22:00,Brasil,PARANÁ,ANTÔNIO OLINTO,Mata Atlântica
 1626793890 ,09536f75-2c67-3635-bb7d-7787b5949739,  -26.138070 ,  -51.539670 ,2023-04-12 17:22:00,Brasil,PARANÁ,BITURUNA,Mata Atlântica
 1626794264 ,2488450a-ca06-3670-a7d6-5260a4137f21,  -26.364870 ,  -51.384680 ,2023-04-12 17:22:00,Brasil,PARANÁ,GENERAL CARNEIRO,Mata Atlântica
 1626794273 ,2cf19799-d0ab-3df0-9460-1d750a43904e,  -26.366270 ,  -51.395340 ,2023-04-12 17:22:00,Brasil,PARANÁ,GENERAL CARNEIRO,Mata Atlântica
 1627637212 ,1afd9943-ea05-3634-b692-0b89b6e89afc,  -23.132280 ,  -53.258460 ,2023-04-19 17:22:00,Brasil,PARANÁ,SANTA ISABEL DO IVAÍ,Mata Atlântica
 1627941273 ,5db66fdb-7dd8-35cf-bc10-ad1103b547f4,  -23.251640 ,  -53.219180 ,2023-04-22 17:52:00,Brasil,PARANÁ,DOURADINA,Mata Atlântica
 1627941276 ,0715b84f-0465-39ad-8fed-d987cdb33eb5,  -25.319040 ,  -51.267480 ,2023-04-22 17:49:00,Brasil,PARANÁ,GUARAPUAVA,Mata Atlântica
 1627941272 ,1eaf5ac0-77f9-377d-a7bb-36adea2edb2a,  -23.170550 ,  -52.945870 ,2023-04-22 17:52:00,Brasil,PARANÁ,PLANALTINA DO PARANÁ,Mata Atlântica
 1627941279 ,61d3e0a1-74bf-3fb2-b44e-5a65e4eb035f,  -25.322180 ,  -51.284390 ,2023-04-22 17:49:00,Brasil,PARANÁ,GUARAPUAVA,Mata Atlântica
 1627841782 ,90a46ff7-7b5a-3f90-b87e-9b8cc808d798,  -25.022830 ,  -50.866900 ,2023-04-21 17:09:00,Brasil,PARANÁ,IVAÍ,Mata Atlântica
 1627841787 ,18045e96-f86c-3221-936c-b73cdf3a2f83,  -25.024540 ,  -50.881290 ,2023-04-21 17:09:00,Brasil,PARANÁ,IVAÍ,Mata Atlântica
 1627841790 ,4512f0e1-b742-3436-b513-08459eb5d4db,  -25.028050 ,  -50.873910 ,2023-04-21 17:09:00,Brasil,PARANÁ,IVAÍ,Mata Atlântica
 1627841882 ,7dc8704f-2ccc-365f-8fd3-8ea198a57424,  -25.165860 ,  -49.702920 ,2023-04-21 17:09:00,Brasil,PARANÁ,PONTA GROSSA,Mata Atlântica
 1627841887 ,271d0921-9231-33a6-979b-b3f55dc9f28a,  -25.428710 ,  -51.415570 ,2023-04-21 17:09:00,Brasil,PARANÁ,GUARAPUAVA,Mata Atlântica
 1628060807 ,dc7c054f-a445-3e3f-9c15-96d7bccdf25c,  -23.044000 ,  -51.685340 ,2023-04-24 17:37:00,Brasil,PARANÁ,JAGUAPITÃ,Mata Atlântica
 1628060808 ,b9469edf-98c6-33fc-a7c0-2c60036790e9,  -23.543000 ,  -51.736980 ,2023-04-24 17:37:00,Brasil,PARANÁ,MANDAGUARI,Mata Atlântica
 1628060809 ,4fd88a26-1d08-3d40-b164-bc065821598d,  -24.939700 ,  -53.111740 ,2023-04-24 17:37:00,Brasil,PARANÁ,CASCAVEL,Mata Atlântica
 1628060810 ,16077690-d32e-37fe-be91-bb7927ce9b6b,  -24.941140 ,  -53.121640 ,2023-04-24 17:37:00,Brasil,PARANÁ,CASCAVEL,Mata Atlântica
 1628060811 ,95096772-45a8-3571-8b20-d76d2595fde6,  -25.024080 ,  -54.147560 ,2023-04-24 17:37:00,Brasil,PARANÁ,DIAMANTE D'OESTE,Mata Atlântica
 1628060812 ,79fddeeb-9463-3a19-a825-c24a79c44d80,  -25.029400 ,  -53.532950 ,2023-04-24 17:37:00,Brasil,PARANÁ,CASCAVEL,Mata Atlântica
 1628060813 ,5e857ed4-7ade-3d63-b0da-d973f47689ba,  -25.082100 ,  -53.265890 ,2023-04-24 17:37:00,Brasil,PARANÁ,CASCAVEL,Mata Atlântica
 1628060814 ,6453946c-da0b-31c8-9def-8c40a9deefc0,  -25.083530 ,  -53.275720 ,2023-04-24 17:37:00,Brasil,PARANÁ,CASCAVEL,Mata Atlântica
 1628060815 ,7b49cffe-4e78-34ff-b2bd-1c9fdff20db8,  -25.617460 ,  -51.624570 ,2023-04-24 17:37:00,Brasil,PARANÁ,PINHÃO,Mata Atlântica
 1628060816 ,6790b4c9-dfc4-309b-9c27-0d41e86c413f,  -25.619080 ,  -51.634910 ,2023-04-24 17:37:00,Brasil,PARANÁ,PINHÃO,Mata Atlântica
 1628060817 ,312d5be8-5f36-359c-8c34-6238d619a496,  -25.999460 ,  -51.708850 ,2023-04-24 17:37:00,Brasil,PARANÁ,BITURUNA,Mata Atlântica
 1628060818 ,e3fcc3cf-05ee-3d7c-9d6c-b677b23e7b3f,  -26.001050 ,  -51.719100 ,2023-04-24 17:37:00,Brasil,PARANÁ,BITURUNA,Mata Atlântica
 1628060819 ,60934173-7cb1-303e-a64d-108e3c4676c4,  -26.026470 ,  -53.115720 ,2023-04-24 17:37:00,Brasil,PARANÁ,FRANCISCO BELTRÃO,Mata Atlântica
 1628060820 ,d84e7566-7b6b-3f2c-8f81-b1f7b0e4376c,  -26.111930 ,  -50.847910 ,2023-04-24 17:37:00,Brasil,PARANÁ,PAULA FREITAS,Mata Atlântica
 1628669675 ,b1136c81-b77a-3c1a-adab-2bafd309039f,  -22.839090 ,  -51.786910 ,2023-05-01 17:37:00,Brasil,PARANÁ,CAFEARA,Mata Atlântica
 1628669692 ,944da29e-fc1a-328a-8e3b-9ea676efecb4,  -23.543690 ,  -52.576630 ,2023-05-01 17:37:00,Brasil,PARANÁ,SÃO TOMÉ,Mata Atlântica
 1628669707 ,4a5b03e8-0677-3c2d-9a03-96829f54f055,  -23.777260 ,  -49.647260 ,2023-05-01 17:37:00,Brasil,PARANÁ,SANTANA DO ITARARÉ,Mata Atlântica
 1628669723 ,ec19d81d-4d54-3e4b-8a86-4abedf6709b7,  -23.783670 ,  -51.530080 ,2023-05-01 17:37:00,Brasil,PARANÁ,NOVO ITACOLOMI,Mata Atlântica
 1628669738 ,ac65619c-747e-3d45-8970-3e47c037e0ae,  -23.850230 ,  -53.270460 ,2023-05-01 17:37:00,Brasil,PARANÁ,UMUARAMA,Mata Atlântica
 1628669755 ,2c9292d1-3262-3647-b5ec-1b76938a56dd,  -23.851670 ,  -53.280240 ,2023-05-01 17:37:00,Brasil,PARANÁ,UMUARAMA,Mata Atlântica
 1628669766 ,09af62fe-f1e7-3b28-8bda-2cdfb01f1011,  -24.708050 ,  -49.306070 ,2023-05-01 17:37:00,Brasil,PARANÁ,DOUTOR ULYSSES,Mata Atlântica
 1628669776 ,f9b50b1d-55ce-3c49-bb9d-af41aa101fe4,  -25.869330 ,  -51.333800 ,2023-05-01 17:37:00,Brasil,PARANÁ,CRUZ MACHADO,Mata Atlântica
 1628669778 ,8813d9aa-43fb-375b-94d3-4a779478140f,  -24.784700 ,  -49.281970 ,2023-05-01 17:37:00,Brasil,PARANÁ,DOUTOR ULYSSES,Mata Atlântica
 1628669787 ,5dd3345c-9e8a-36e1-8c0d-7fde009948e7,  -24.978060 ,  -50.682420 ,2023-05-01 17:37:00,Brasil,PARANÁ,IPIRANGA,Mata Atlântica
 1628669795 ,2dbb8d35-7148-317c-a45d-c9fc1226e9be,  -24.979940 ,  -50.693860 ,2023-05-01 17:37:00,Brasil,PARANÁ,IPIRANGA,Mata Atlântica
 1628669807 ,d17f6b6f-f934-3852-bbe0-7d13901bbc27,  -25.573210 ,  -50.059320 ,2023-05-01 17:37:00,Brasil,PARANÁ,PALMEIRA,Mata Atlântica
 1628669815 ,b6a66a9a-6678-3a28-9fae-ebc5c1afc547,  -25.574190 ,  -50.064720 ,2023-05-01 17:37:00,Brasil,PARANÁ,PALMEIRA,Mata Atlântica
 1628669823 ,7ad0eab7-6c0c-3b25-a3ea-3e620bc3ef55,  -25.575300 ,  -50.071580 ,2023-05-01 17:37:00,Brasil,PARANÁ,PALMEIRA,Mata Atlântica
 1628669830 ,624c0f9b-d07a-3a15-80b3-5bb94cf0a7da,  -25.576210 ,  -50.076980 ,2023-05-01 17:37:00,Brasil,PARANÁ,PALMEIRA,Mata Atlântica
 1628669836 ,3cd878a0-0758-3225-889c-2422a4b4289f,  -25.870970 ,  -51.344260 ,2023-05-01 17:37:00,Brasil,PARANÁ,CRUZ MACHADO,Mata Atlântica
 1628669844 ,915a9351-589d-3a1e-8cbd-1eafb324a628,  -25.904600 ,  -51.331130 ,2023-05-01 17:37:00,Brasil,PARANÁ,CRUZ MACHADO,Mata Atlântica
 1628669876 ,b596bf19-d02c-3206-9994-994f9a0b6409,  -26.560130 ,  -51.622090 ,2023-05-01 17:37:00,Brasil,PARANÁ,PALMAS,Mata Atlântica
 1628765431 ,58d78674-d48b-3bd8-ba23-a9329098084f,  -25.203700 ,  -49.192240 ,2023-05-02 16:39:00,Brasil,PARANÁ,BOCAIÚVA DO SUL,Mata Atlântica
 1628843750 ,e2c9929e-87f4-31fa-aa47-b2644a1d8f00,  -23.054100 ,  -52.859880 ,2023-05-03 17:24:00,Brasil,PARANÁ,AMAPORÃ,Mata Atlântica
 1628843766 ,ed4f6814-429a-3182-96cc-a35b7d10d53e,  -23.055540 ,  -52.870910 ,2023-05-03 17:24:00,Brasil,PARANÁ,AMAPORÃ,Mata Atlântica
 1628843781 ,cc156088-21fc-32ab-b2d8-352b424e3307,  -23.063070 ,  -52.159530 ,2023-05-03 17:24:00,Brasil,PARANÁ,CRUZEIRO DO SUL,Mata Atlântica
 1628843798 ,94fe1299-0c67-3a4f-9119-94e20d1cea81,  -24.958750 ,  -49.374410 ,2023-05-03 17:22:00,Brasil,PARANÁ,CERRO AZUL,Mata Atlântica
 1628843813 ,f7ed9481-0ab0-3401-83a4-a19071ab6d21,  -25.208070 ,  -49.188380 ,2023-05-03 17:22:00,Brasil,PARANÁ,BOCAIÚVA DO SUL,Mata Atlântica
 1628843829 ,df97d235-3f5f-3998-b7d2-3375be21c02a,  -25.209540 ,  -49.198300 ,2023-05-03 17:22:00,Brasil,PARANÁ,BOCAIÚVA DO SUL,Mata Atlântica
 1628843846 ,5ff39a58-d9cf-3077-b998-d4152c099a49,  -25.232740 ,  -49.731130 ,2023-05-03 17:22:00,Brasil,PARANÁ,CAMPO LARGO,Mata Atlântica
 1628843878 ,62c1ece5-a8e5-3048-b8f4-f342b7c5fbe9,  -25.325450 ,  -49.425690 ,2023-05-03 17:22:00,Brasil,PARANÁ,CAMPO MAGRO,Mata Atlântica
 1628843910 ,ca8d3323-e48d-39f7-8599-311dd7a3fdc5,  -25.619710 ,  -49.235600 ,2023-05-03 17:22:00,Brasil,PARANÁ,SÃO JOSÉ DOS PINHAIS,Mata Atlântica
 1628843942 ,6e7f5f90-0274-3429-954e-b87b91becdc3,  -25.621180 ,  -49.245520 ,2023-05-03 17:22:00,Brasil,PARANÁ,SÃO JOSÉ DOS PINHAIS,Mata Atlântica
 1628843973 ,c64c6264-f49a-3d6b-bfe3-ce09349f6403,  -25.824090 ,  -50.004720 ,2023-05-03 17:22:00,Brasil,PARANÁ,LAPA,Mata Atlântica
 1629087436 ,1b459e92-6e90-3b88-81fa-e853d95245c8,  -23.186870 ,  -50.118740 ,2023-05-05 17:09:00,Brasil,PARANÁ,SANTO ANTÔNIO DA PLATINA,Mata Atlântica
 1629087515 ,36a429fd-15e1-3a9d-bdc7-0dd97d025786,  -23.188410 ,  -50.131000 ,2023-05-05 17:09:00,Brasil,PARANÁ,SANTO ANTÔNIO DA PLATINA,Mata Atlântica
 1629087519 ,93c01e38-343a-3ce4-b7bb-4bcb660325bf,  -24.883170 ,  -49.290950 ,2023-05-05 17:09:00,Brasil,PARANÁ,CERRO AZUL,Mata Atlântica
 1629224578 ,009e368b-625d-369e-89a1-33ce7699063f,  -24.465680 ,  -50.582790 ,2023-05-06 17:49:00,Brasil,PARANÁ,TIBAGI,Mata Atlântica
 1629366086 ,71aef7da-9260-330a-90ae-eee4ad451430,  -24.791570 ,  -48.590970 ,2023-05-07 16:54:00,Brasil,PARANÁ,ADRIANÓPOLIS,Mata Atlântica
 1629502494 ,5e6ceb78-8cc2-34d0-85b1-bc3c62d95ab2,  -24.702400 ,  -49.151560 ,2023-05-08 17:37:00,Brasil,PARANÁ,CERRO AZUL,Mata Atlântica
 1629502497 ,ec64bd7b-4e47-38aa-b601-074b5777a503,  -24.704770 ,  -49.165390 ,2023-05-08 17:37:00,Brasil,PARANÁ,CERRO AZUL,Mata Atlântica
 1629502501 ,ca3daf1e-b248-3feb-8fdd-ded194c4d500,  -24.708300 ,  -49.159260 ,2023-05-08 17:37:00,Brasil,PARANÁ,CERRO AZUL,Mata Atlântica
 1629830152 ,3488a163-0e61-31d1-aa5f-56665ec31f5a,  -24.292290 ,  -50.846480 ,2023-05-11 18:04:00,Brasil,PARANÁ,ORTIGUEIRA,Mata Atlântica
 1629830155 ,aeac38e1-f2ae-3e22-88a0-3d9c8e5aa23d,  -25.932750 ,  -51.215000 ,2023-05-11 18:04:00,Brasil,PARANÁ,CRUZ MACHADO,Mata Atlântica
 1629830157 ,1d736228-a868-3dbb-a655-7a5e4f339efd,  -26.386140 ,  -51.677070 ,2023-05-11 18:04:00,Brasil,PARANÁ,PALMAS,Mata Atlântica
 1629931326 ,635c2900-dd98-3c92-add7-f8ce5e1fb271,  -24.743630 ,  -49.309300 ,2023-05-12 17:09:00,Brasil,PARANÁ,DOUTOR ULYSSES,Mata Atlântica
 1629931327 ,31ae463f-ea2b-365e-86d6-c7be667d7afe,  -25.712330 ,  -51.185940 ,2023-05-12 17:09:00,Brasil,PARANÁ,INÁCIO MARTINS,Mata Atlântica
 1629931328 ,471bdd80-2861-3488-afef-ded3ba3ed78f,  -25.712880 ,  -51.192790 ,2023-05-12 17:09:00,Brasil,PARANÁ,INÁCIO MARTINS,Mata Atlântica
 1629931329 ,93bdf583-5ff1-342a-b977-fcb9c13abb54,  -25.846370 ,  -51.064740 ,2023-05-12 17:09:00,Brasil,PARANÁ,CRUZ MACHADO,Mata Atlântica
 1630036596 ,80f140bc-6b7d-3776-960e-59eaf8598830,  -24.029290 ,  -53.709430 ,2023-05-13 17:49:00,Brasil,PARANÁ,IPORÃ,Mata Atlântica
 1630036612 ,c0b9ef32-5f1e-3905-8369-b5d26611fc73,  -24.031380 ,  -53.721830 ,2023-05-13 17:49:00,Brasil,PARANÁ,IPORÃ,Mata Atlântica
 1630036628 ,7f011b74-54ed-3e13-b687-285a72166804,  -24.711390 ,  -49.356610 ,2023-05-13 17:49:00,Brasil,PARANÁ,DOUTOR ULYSSES,Mata Atlântica
 1630036643 ,2f1246a8-3626-3ce0-8ae7-b5e307d9b997,  -24.932620 ,  -53.108150 ,2023-05-13 17:49:00,Brasil,PARANÁ,CASCAVEL,Mata Atlântica
 1630036660 ,bfa4c62f-cec9-3d0a-8b18-e054b70582b8,  -24.934910 ,  -53.121360 ,2023-05-13 17:49:00,Brasil,PARANÁ,CASCAVEL,Mata Atlântica
 1630245613 ,021ebe82-f4d3-367b-aff2-6a9c2c01e34b,  -23.141600 ,  -52.183410 ,2023-05-15 17:37:00,Brasil,PARANÁ,NOVA ESPERANÇA,Mata Atlântica
 1630245616 ,8f83570c-3cb9-3b4a-a6b9-b6f9e16b0b32,  -23.143180 ,  -52.193570 ,2023-05-15 17:37:00,Brasil,PARANÁ,NOVA ESPERANÇA,Mata Atlântica
 1630245656 ,016de06f-a541-3e74-9837-04da3a909d38,  -23.530220 ,  -53.290830 ,2023-05-15 17:37:00,Brasil,PARANÁ,MARIA HELENA,Mata Atlântica
 1630245660 ,13554e9d-f0a7-3276-b472-2a5c80d97646,  -24.643190 ,  -51.640190 ,2023-05-15 17:37:00,Brasil,PARANÁ,PITANGA,Mata Atlântica
 1630245663 ,fc44c975-58ca-3445-8fae-d31ccc580867,  -25.081760 ,  -49.198380 ,2023-05-15 17:37:00,Brasil,PARANÁ,RIO BRANCO DO SUL,Mata Atlântica
 1630245667 ,db44ddeb-472f-36f4-870a-bb1a00de08a5,  -25.235740 ,  -51.831250 ,2023-05-15 17:37:00,Brasil,PARANÁ,GUARAPUAVA,Mata Atlântica
 1630245672 ,4bfbddcb-2f30-3f2a-807a-8b5ef015f7de,  -25.237310 ,  -51.841470 ,2023-05-15 17:37:00,Brasil,PARANÁ,GUARAPUAVA,Mata Atlântica
 1630245676 ,14e5f08b-5a31-3cb1-bad5-097f0deb7258,  -25.252020 ,  -49.470940 ,2023-05-15 17:37:00,Brasil,PARANÁ,CAMPO MAGRO,Mata Atlântica
 1630245679 ,6b8e97c1-72f2-30a2-a1e8-bf04f97619da,  -25.314200 ,  -49.654970 ,2023-05-15 17:37:00,Brasil,PARANÁ,CAMPO LARGO,Mata Atlântica
 1630245683 ,96f58989-ce20-3f8c-9db7-25f5e52a7ac1,  -25.316600 ,  -49.608570 ,2023-05-15 17:37:00,Brasil,PARANÁ,CAMPO LARGO,Mata Atlântica
 1630245687 ,a70872a9-c662-35f0-905c-6181d14450b8,  -25.447400 ,  -51.409240 ,2023-05-15 17:37:00,Brasil,PARANÁ,GUARAPUAVA,Mata Atlântica
 1630245691 ,d4d8aca4-8714-355d-8c68-e4d36024c291,  -25.449030 ,  -51.419650 ,2023-05-15 17:37:00,Brasil,PARANÁ,GUARAPUAVA,Mata Atlântica
 1630245694 ,67ed8d22-a48e-3383-8308-443315478fd9,  -25.622930 ,  -49.721400 ,2023-05-15 17:37:00,Brasil,PARANÁ,LAPA,Mata Atlântica
 1630245698 ,84115b5f-b4a6-3343-8df7-128ebc34d029,  -25.795070 ,  -51.393410 ,2023-05-15 17:37:00,Brasil,PARANÁ,PINHÃO,Mata Atlântica
 1630245703 ,7c46f93c-e0a4-359e-b4ca-05e4c333ae8b,  -25.874040 ,  -49.441460 ,2023-05-15 17:37:00,Brasil,PARANÁ,QUITANDINHA,Mata Atlântica
 1630245707 ,6abdd4a7-5f72-3e14-9ecc-18bc144e1235,  -25.939930 ,  -49.167530 ,2023-05-15 17:37:00,Brasil,PARANÁ,TIJUCAS DO SUL,Mata Atlântica
 1630245710 ,64903ec9-c52b-3a56-b19d-fda0dc9c81e9,  -26.030960 ,  -51.602130 ,2023-05-15 17:37:00,Brasil,PARANÁ,BITURUNA,Mata Atlântica
 1630245714 ,e03550f2-ef94-3951-903d-bc1dc007ecb4,  -26.106120 ,  -49.536730 ,2023-05-15 17:37:00,Brasil,PARANÁ,RIO NEGRO,Mata Atlântica
 1630245718 ,8ad5c601-df17-3e7d-8e15-ece49e0b37ef,  -26.301560 ,  -53.109790 ,2023-05-15 17:37:00,Brasil,PARANÁ,MARMELEIRO,Mata Atlântica
 1630375469 ,86d9f916-0baa-3091-aeb8-6ab0e3f5948c,  -25.003440 ,  -49.898770 ,2023-05-16 16:39:00,Brasil,PARANÁ,CASTRO,Mata Atlântica
 1630482005 ,f87c5910-db97-3669-b4ea-9447a66abc98,  -23.069920 ,  -53.304990 ,2023-05-17 17:22:00,Brasil,PARANÁ,SANTA CRUZ DE MONTE CASTELO,Mata Atlântica
 1630482043 ,56be0402-5505-3f77-aca5-aac83943e142,  -23.420180 ,  -49.669900 ,2023-05-17 17:22:00,Brasil,PARANÁ,CARLÓPOLIS,Mata Atlântica
 1630482065 ,c69230ee-fc3a-35f9-9ac9-895a3798f613,  -23.929330 ,  -50.718080 ,2023-05-17 17:22:00,Brasil,PARANÁ,SAPOPEMA,Mata Atlântica
 1630482073 ,7887a624-a82f-34f7-a571-10aebb69f974,  -24.412780 ,  -52.192340 ,2023-05-17 17:22:00,Brasil,PARANÁ,IRETAMA,Mata Atlântica
 1630482080 ,6ed14d72-2809-3b34-8e8c-a8427beb50cd,  -24.428530 ,  -51.684980 ,2023-05-17 17:22:00,Brasil,PARANÁ,MANOEL RIBAS,Mata Atlântica
 1630482088 ,68274b30-df88-3165-983a-dd544929b74d,  -24.890650 ,  -51.788210 ,2023-05-17 17:22:00,Brasil,PARANÁ,SANTA MARIA DO OESTE,Mata Atlântica
 1630482096 ,4af8dde5-b90a-3d66-bf06-387a6cb04f5e,  -25.159430 ,  -49.288110 ,2023-05-17 17:22:00,Brasil,PARANÁ,RIO BRANCO DO SUL,Mata Atlântica
 1630482103 ,9d25a65f-906f-3549-8441-cf5b0534f4a8,  -25.198360 ,  -51.131090 ,2023-05-17 17:22:00,Brasil,PARANÁ,PRUDENTÓPOLIS,Mata Atlântica
 1630482107 ,646d8018-abb7-31cc-8e11-ae393e98e806,  -25.216900 ,  -49.429450 ,2023-05-17 17:22:00,Brasil,PARANÁ,ITAPERUÇU,Mata Atlântica
 1630482112 ,79e1cac3-54bf-3916-8a90-8c72958e48cb,  -25.219910 ,  -50.681320 ,2023-05-17 17:22:00,Brasil,PARANÁ,IMBITUVA,Mata Atlântica
 1630482116 ,45672e8e-e914-3225-ac9b-a21e00d34fde,  -25.228980 ,  -50.679810 ,2023-05-17 17:22:00,Brasil,PARANÁ,IMBITUVA,Mata Atlântica
 1630482119 ,a0749425-b535-3e5c-b08b-86ac77f8a5ff,  -25.235620 ,  -51.843140 ,2023-05-17 17:22:00,Brasil,PARANÁ,GUARAPUAVA,Mata Atlântica
 1630482123 ,9ab8d973-f868-3392-b096-88bf0d2846fd,  -25.236420 ,  -52.570020 ,2023-05-17 17:22:00,Brasil,PARANÁ,NOVA LARANJEIRAS,Mata Atlântica
 1630482127 ,ff4a7ecd-6a53-3254-9efa-b5558bff8688,  -25.237900 ,  -52.582040 ,2023-05-17 17:22:00,Brasil,PARANÁ,NOVA LARANJEIRAS,Mata Atlântica
 1630482131 ,c9b9d6de-f47c-39b7-95d2-37a8da13143e,  -25.245070 ,  -51.841710 ,2023-05-17 17:22:00,Brasil,PARANÁ,GUARAPUAVA,Mata Atlântica
 1630482134 ,b3f28678-b83b-32ed-961f-f34ce77fc1b3,  -25.314550 ,  -49.598470 ,2023-05-17 17:22:00,Brasil,PARANÁ,CAMPO LARGO,Mata Atlântica
 1630482138 ,ecaefd8e-0e1d-346f-8cb5-01d31f6d87e3,  -25.315980 ,  -49.608330 ,2023-05-17 17:22:00,Brasil,PARANÁ,CAMPO LARGO,Mata Atlântica
 1630482143 ,3fab6a2e-85c3-3365-a516-29846ce99ff6,  -25.487650 ,  -50.764010 ,2023-05-17 17:22:00,Brasil,PARANÁ,IRATI,Mata Atlântica
 1630482147 ,83073681-568a-3e1a-8c70-1fcda59cb2b8,  -25.589890 ,  -50.044380 ,2023-05-17 17:22:00,Brasil,PARANÁ,PALMEIRA,Mata Atlântica
 1630482150 ,669f6dd6-a7e0-3562-aa4f-54c8947c5dc3,  -25.657740 ,  -49.553170 ,2023-05-17 17:22:00,Brasil,PARANÁ,CONTENDA,Mata Atlântica
 1630482154 ,901e28e4-7cd0-31ea-a7a8-4034d7f3b562,  -25.707530 ,  -50.355320 ,2023-05-17 17:22:00,Brasil,PARANÁ,SÃO JOÃO DO TRIUNFO,Mata Atlântica
 1630482158 ,8092c2c3-624c-3568-9129-853ff53a77d9,  -26.014520 ,  -51.122970 ,2023-05-17 17:22:00,Brasil,PARANÁ,CRUZ MACHADO,Mata Atlântica
 1630482162 ,d9dca4dc-66b5-3d31-8175-1566c78ef48b,  -26.016410 ,  -49.047160 ,2023-05-17 17:22:00,Brasil,PARANÁ,TIJUCAS DO SUL,Mata Atlântica
 1630482170 ,a97084e2-70e0-3b3c-ab00-9751cbf11339,  -26.107660 ,  -49.543360 ,2023-05-17 17:22:00,Brasil,PARANÁ,RIO NEGRO,Mata Atlântica
 1630482177 ,0e2d800d-b27e-32d2-8ff3-04d10193c971,  -26.219240 ,  -51.427560 ,2023-05-17 17:22:00,Brasil,PARANÁ,BITURUNA,Mata Atlântica
 1630482180 ,220871a6-ddbc-3cfd-848b-4f033aaac70d,  -26.220650 ,  -51.438360 ,2023-05-17 17:22:00,Brasil,PARANÁ,BITURUNA,Mata Atlântica
 1631113015 ,541ba8df-af5c-3559-8c26-b7abebc62ab6,  -23.815430 ,  -49.665070 ,2023-05-23 16:39:00,Brasil,PARANÁ,SANTANA DO ITARARÉ,Mata Atlântica
 1631113017 ,68127ee2-ded5-3735-9193-f6c0d302f885,  -23.820910 ,  -49.657070 ,2023-05-23 16:39:00,Brasil,PARANÁ,SANTANA DO ITARARÉ,Mata Atlântica
 1631113022 ,1dbec3dd-9716-36b9-bd07-22e012a3f26f,  -25.532420 ,  -50.331180 ,2023-05-23 16:39:00,Brasil,PARANÁ,PALMEIRA,Mata Atlântica
 1631113025 ,f2ff058d-bfca-341c-9562-e96f81898b45,  -26.229860 ,  -49.566940 ,2023-05-23 16:39:00,Brasil,PARANÁ,RIO NEGRO,Mata Atlântica
 1631213578 ,49207874-7d65-3f63-b8b6-3aa4686390d5,  -23.068980 ,  -52.846940 ,2023-05-24 17:22:00,Brasil,PARANÁ,AMAPORÃ,Mata Atlântica
 1631213580 ,55bd9fb3-e7e5-39b4-95b0-282f88475f6d,  -23.101600 ,  -53.520140 ,2023-05-24 17:22:00,Brasil,PARANÁ,QUERÊNCIA DO NORTE,Mata Atlântica
 1631213057 ,13d4aad6-24fe-3a98-8844-9152f87f8d21,  -23.102870 ,  -53.512340 ,2023-05-24 17:22:00,Brasil,PARANÁ,QUERÊNCIA DO NORTE,Mata Atlântica
 1631213060 ,91d7b8fe-2a05-3b35-b4e9-6ac622d7d1da,  -23.128070 ,  -51.554860 ,2023-05-24 17:22:00,Brasil,PARANÁ,JAGUAPITÃ,Mata Atlântica
 1631213063 ,d7d9b11b-3420-3ee5-9d52-68a44f090403,  -23.163910 ,  -51.402690 ,2023-05-24 17:22:00,Brasil,PARANÁ,CAMBÉ,Mata Atlântica
 1631213065 ,0379ac73-df09-31cb-87f4-941cf58d784a,  -23.173520 ,  -53.433030 ,2023-05-24 17:22:00,Brasil,PARANÁ,SANTA CRUZ DE MONTE CASTELO,Mata Atlântica
 1631213069 ,e37929d0-b6b4-3211-8d51-54c5938c965d,  -23.204440 ,  -52.951480 ,2023-05-24 17:22:00,Brasil,PARANÁ,PLANALTINA DO PARANÁ,Mata Atlântica
 1631213070 ,3dba1e4c-717c-30a9-860e-3672ef611229,  -23.206910 ,  -53.459780 ,2023-05-24 17:22:00,Brasil,PARANÁ,SANTA CRUZ DE MONTE CASTELO,Mata Atlântica
 1631213072 ,cb0e7148-8a04-37ad-aaac-cb2665466654,  -23.208450 ,  -53.472390 ,2023-05-24 17:22:00,Brasil,PARANÁ,SANTA CRUZ DE MONTE CASTELO,Mata Atlântica
 1631213073 ,342da572-4c8c-34ff-a9e0-d99dc5a4332f,  -23.261470 ,  -53.400540 ,2023-05-24 17:22:00,Brasil,PARANÁ,IVATÉ,Mata Atlântica
 1631213075 ,7715d91f-bd3a-3e06-af70-d876cb26cc81,  -25.826220 ,  -49.996760 ,2023-05-24 17:22:00,Brasil,PARANÁ,LAPA,Mata Atlântica
 1631213076 ,f26977f8-f9c6-3926-878e-07dcbc35df19,  -23.263030 ,  -53.413010 ,2023-05-24 17:22:00,Brasil,PARANÁ,IVATÉ,Mata Atlântica
 1631213088 ,9abc2818-e712-3d93-b02a-0d19739dcc84,  -24.073500 ,  -49.574810 ,2023-05-24 17:22:00,Brasil,PARANÁ,SENGÉS,Mata Atlântica
 1631213091 ,8fa20dfc-b4ff-331b-adaf-2fb158c503a1,  -24.178230 ,  -52.282780 ,2023-05-24 17:22:00,Brasil,PARANÁ,LUIZIANA,Mata Atlântica
 1631213093 ,8d526d56-6205-35a9-b6c2-e6fa46ecf063,  -24.626590 ,  -51.647130 ,2023-05-24 17:22:00,Brasil,PARANÁ,PITANGA,Mata Atlântica
 1631213095 ,a191edac-94fd-3c6b-9eea-3d4aee68d7ef,  -24.635980 ,  -51.645810 ,2023-05-24 17:22:00,Brasil,PARANÁ,PITANGA,Mata Atlântica
 1631213096 ,85da61b9-9d93-3cea-b1ae-971d9c66f3a5,  -24.664810 ,  -49.396800 ,2023-05-24 17:22:00,Brasil,PARANÁ,DOUTOR ULYSSES,Mata Atlântica
 1631213099 ,e881948f-c9d7-3734-a5af-e77369b67c56,  -24.785660 ,  -50.442710 ,2023-05-24 17:22:00,Brasil,PARANÁ,TIBAGI,Mata Atlântica
 1631213100 ,1a16dd1f-de8d-374c-b4a1-c31ab00286de,  -25.045350 ,  -50.926430 ,2023-05-24 17:22:00,Brasil,PARANÁ,IVAÍ,Mata Atlântica
 1631213102 ,35de518c-bd1c-39ec-9bc9-d7cb200a3250,  -25.054890 ,  -50.729630 ,2023-05-24 17:22:00,Brasil,PARANÁ,IVAÍ,Mata Atlântica
 1631213103 ,42173d35-e0ae-32ed-9b5a-cc66463c4f61,  -25.055030 ,  -51.136800 ,2023-05-24 17:22:00,Brasil,PARANÁ,PRUDENTÓPOLIS,Mata Atlântica
 1631213106 ,b3df49d6-077d-3d78-a2b9-3dbba44b5373,  -25.056450 ,  -51.147290 ,2023-05-24 17:22:00,Brasil,PARANÁ,PRUDENTÓPOLIS,Mata Atlântica
 1631213252 ,9208701a-4a4b-3988-b327-fda50560290d,  -25.071540 ,  -50.852550 ,2023-05-24 17:22:00,Brasil,PARANÁ,IVAÍ,Mata Atlântica
 1631213261 ,3a5ded7e-28f6-31aa-a968-ae636ff382d8,  -25.123280 ,  -51.097870 ,2023-05-24 17:22:00,Brasil,PARANÁ,PRUDENTÓPOLIS,Mata Atlântica
 1631213269 ,afc576e5-6593-31cf-bee7-26070fd3fb14,  -25.129340 ,  -51.430830 ,2023-05-24 17:22:00,Brasil,PARANÁ,TURVO,Mata Atlântica
 1631213285 ,d54785af-d0d2-33a0-8e00-7bd7c945c9e5,  -25.201560 ,  -49.102420 ,2023-05-24 17:22:00,Brasil,PARANÁ,BOCAIÚVA DO SUL,Mata Atlântica
 1631213302 ,325243b1-e8c0-31a9-a9d2-557b834f6528,  -25.203010 ,  -49.112280 ,2023-05-24 17:22:00,Brasil,PARANÁ,BOCAIÚVA DO SUL,Mata Atlântica
 1631213317 ,430cf0fd-e8b3-3b5c-bf7a-d92b4528193f,  -25.204420 ,  -49.442060 ,2023-05-24 17:22:00,Brasil,PARANÁ,ITAPERUÇU,Mata Atlântica
 1631213333 ,e1936e40-9c5b-3bbd-8f0b-9a5ed5ea7290,  -25.205840 ,  -49.451900 ,2023-05-24 17:22:00,Brasil,PARANÁ,CAMPO MAGRO,Mata Atlântica
 1631213357 ,d218ca3b-60bc-329d-a125-92f47751c8e2,  -25.217360 ,  -51.119530 ,2023-05-24 17:22:00,Brasil,PARANÁ,PRUDENTÓPOLIS,Mata Atlântica
 1631213361 ,ad371366-3b06-3b2f-a27f-9f76ad160382,  -25.442480 ,  -52.381450 ,2023-05-24 17:22:00,Brasil,PARANÁ,LARANJEIRAS DO SUL,Mata Atlântica
 1631213370 ,d39341f3-10dd-3961-9dcb-96e149f6b218,  -25.451470 ,  -52.709290 ,2023-05-24 17:22:00,Brasil,PARANÁ,NOVA LARANJEIRAS,Mata Atlântica
 1631213377 ,dbd66a70-cdef-3172-a1d4-fd24dc5b97d7,  -25.456170 ,  -52.747050 ,2023-05-24 17:22:00,Brasil,PARANÁ,NOVA LARANJEIRAS,Mata Atlântica
 1631213385 ,a9605f30-63a6-36f8-9f2a-655ed3ad751a,  -25.457750 ,  -52.759730 ,2023-05-24 17:22:00,Brasil,PARANÁ,RIO BONITO DO IGUAÇU,Mata Atlântica
 1631213393 ,e8ecf2d0-ae25-398e-bcb5-b78329730590,  -25.459660 ,  -51.492680 ,2023-05-24 17:22:00,Brasil,PARANÁ,GUARAPUAVA,Mata Atlântica
 1631213402 ,d7621482-aa90-3d27-951e-930c37fabbb5,  -25.466890 ,  -52.257710 ,2023-05-24 17:22:00,Brasil,PARANÁ,VIRMOND,Mata Atlântica
 1631213409 ,34591ce5-f945-3308-aa66-8ed7aa97ffd4,  -25.486740 ,  -50.533420 ,2023-05-24 17:22:00,Brasil,PARANÁ,FERNANDES PINHEIRO,Mata Atlântica
 1631213417 ,e38fca3e-893c-3f20-9f40-e206966770eb,  -25.765580 ,  -49.308620 ,2023-05-24 17:22:00,Brasil,PARANÁ,MANDIRITUBA,Mata Atlântica
 1631213424 ,4dfe3701-682e-35a6-8274-70398305ac22,  -25.807300 ,  -49.534680 ,2023-05-24 17:22:00,Brasil,PARANÁ,LAPA,Mata Atlântica
 1631213433 ,5b34ee34-9edf-3f85-ab8b-7da516362960,  -25.859280 ,  -51.331390 ,2023-05-24 17:22:00,Brasil,PARANÁ,CRUZ MACHADO,Mata Atlântica
 1631213440 ,f0fade39-6b91-3636-a149-f3fe9d350d59,  -26.141840 ,  -49.430190 ,2023-05-24 17:22:00,Brasil,PARANÁ,PIÊN,Mata Atlântica
 1631306577 ,8c720b9d-1d78-33a9-82c6-ed36d6ae30e9,  -26.481700 ,  -51.516980 ,2023-05-25 18:04:00,Brasil,PARANÁ,GENERAL CARNEIRO,Mata Atlântica
 1631306775 ,c62d2ddb-ae24-367f-afc4-622622108646,  -23.227140 ,  -53.240840 ,2023-05-25 18:04:00,Brasil,PARANÁ,SANTA ISABEL DO IVAÍ,Mata Atlântica
 1631306784 ,43fc5578-c7f0-3545-afe5-e34da6747ee1,  -25.013670 ,  -53.244920 ,2023-05-25 18:04:00,Brasil,PARANÁ,CASCAVEL,Mata Atlântica
 1631306785 ,37d7cbf4-8a61-3d65-a9e5-15bd8a1454fa,  -25.030010 ,  -49.831200 ,2023-05-25 18:04:00,Brasil,PARANÁ,CASTRO,Mata Atlântica
 1631306787 ,80c60aae-a6dc-3aa3-b1f2-f1fabfb8c3c6,  -25.036420 ,  -49.824920 ,2023-05-25 18:04:00,Brasil,PARANÁ,CASTRO,Mata Atlântica
 1631306788 ,fb7ddba5-7f95-3223-80eb-0a7592a12b8c,  -25.052310 ,  -53.164200 ,2023-05-25 18:04:00,Brasil,PARANÁ,CASCAVEL,Mata Atlântica
 1631306791 ,d30cd8b9-1326-30bb-9659-dbba9253f6fc,  -25.502670 ,  -50.905800 ,2023-05-25 18:04:00,Brasil,PARANÁ,IRATI,Mata Atlântica
 1631306793 ,d73bf15e-2f47-3887-a244-a11b7678b3b3,  -26.472430 ,  -51.497950 ,2023-05-25 18:04:00,Brasil,PARANÁ,GENERAL CARNEIRO,Mata Atlântica
 1631306795 ,d1b1cc5d-f5ea-3480-8071-909d2050d4b5,  -26.476510 ,  -51.492100 ,2023-05-25 18:04:00,Brasil,PARANÁ,GENERAL CARNEIRO,Mata Atlântica
 1631306796 ,7457cead-ace4-3634-ab90-1062a56c920a,  -26.477500 ,  -51.523060 ,2023-05-25 18:04:00,Brasil,PARANÁ,PALMAS,Mata Atlântica
 1631395661 ,48ba9f25-5c18-3033-a97e-accc6b5b1300,  -23.893130 ,  -50.749390 ,2023-05-26 17:09:00,Brasil,PARANÁ,SAPOPEMA,Mata Atlântica
 1631395663 ,c61d25f0-9842-3bc2-b635-9b5dfc48330c,  -24.725610 ,  -49.477520 ,2023-05-26 17:07:00,Brasil,PARANÁ,CERRO AZUL,Mata Atlântica
 1631395666 ,86d0dfd6-546d-30b7-bbf0-1e70a1997d8f,  -24.765200 ,  -49.548680 ,2023-05-26 17:07:00,Brasil,PARANÁ,CERRO AZUL,Mata Atlântica
 1631395667 ,65e27e2c-dcd1-36b9-ba36-b4f5b5959fc4,  -24.766760 ,  -49.561400 ,2023-05-26 17:07:00,Brasil,PARANÁ,CASTRO,Mata Atlântica
 1631395669 ,ad2342d2-636e-3c2c-bad8-010a848923c0,  -25.036080 ,  -49.191090 ,2023-05-26 17:07:00,Brasil,PARANÁ,CERRO AZUL,Mata Atlântica
 1631395670 ,cec0ea08-5cdf-382e-a58a-4d15a5900989,  -25.037540 ,  -49.203200 ,2023-05-26 17:07:00,Brasil,PARANÁ,CERRO AZUL,Mata Atlântica
 1631395672 ,171fee14-f7d6-3197-bef6-0e1b1dc3520b,  -26.046350 ,  -49.832870 ,2023-05-26 17:07:00,Brasil,PARANÁ,RIO NEGRO,Mata Atlântica
 1631395673 ,9b7c395a-5000-3c85-bb27-3bcd9f9dce89,  -26.565430 ,  -51.235910 ,2023-05-26 17:07:00,Brasil,PARANÁ,GENERAL CARNEIRO,Mata Atlântica
 1631971254 ,22e023c2-24b7-36d0-bd07-f269ff10bfff,  -22.794070 ,  -52.396010 ,2023-06-01 18:04:00,Brasil,PARANÁ,SÃO JOÃO DO CAIUÁ,Mata Atlântica
 1631971285 ,bb1ae7d4-407b-3e8e-90da-5cb52bd8e7c1,  -22.797780 ,  -52.390530 ,2023-06-01 18:04:00,Brasil,PARANÁ,SÃO JOÃO DO CAIUÁ,Mata Atlântica
 1632072634 ,a0e19273-373b-377f-b62b-90cd7544f13a,  -23.126120 ,  -52.901130 ,2023-06-02 17:09:00,Brasil,PARANÁ,AMAPORÃ,Mata Atlântica
 1632072643 ,4a3e858a-371b-38c7-bf79-45008d7d6d27,  -23.211550 ,  -52.975990 ,2023-06-02 17:09:00,Brasil,PARANÁ,PLANALTINA DO PARANÁ,Mata Atlântica
 1632072650 ,1711583a-c176-3f40-996c-0d8ee1a403e4,  -25.208750 ,  -49.263250 ,2023-06-02 17:07:00,Brasil,PARANÁ,RIO BRANCO DO SUL,Mata Atlântica
 1632072658 ,e9ce209a-5cf1-3832-ba9b-16967bf93b7d,  -25.461940 ,  -50.379180 ,2023-06-02 17:07:00,Brasil,PARANÁ,TEIXEIRA SOARES,Mata Atlântica
 1632072665 ,72ab11cb-7ad3-33d8-913d-36464b3f5fa6,  -25.463680 ,  -50.394420 ,2023-06-02 17:07:00,Brasil,PARANÁ,TEIXEIRA SOARES,Mata Atlântica
 1632072674 ,ead032c4-ef87-3397-8dd9-ac405b5a0232,  -25.586280 ,  -50.064270 ,2023-06-02 17:07:00,Brasil,PARANÁ,PALMEIRA,Mata Atlântica
 1632072681 ,b92bd22e-2f6f-3cb2-a441-d2583f3dcd3c,  -25.587960 ,  -50.078950 ,2023-06-02 17:07:00,Brasil,PARANÁ,PALMEIRA,Mata Atlântica
 1632072689 ,1b941495-8e87-381c-a102-fee796fd66f4,  -26.437310 ,  -51.423510 ,2023-06-02 17:07:00,Brasil,PARANÁ,GENERAL CARNEIRO,Mata Atlântica
 1632072697 ,31018282-b9fc-313c-9450-d6a33137d243,  -26.444590 ,  -51.426990 ,2023-06-02 17:07:00,Brasil,PARANÁ,GENERAL CARNEIRO,Mata Atlântica
 1632213247 ,495d96dd-b9b0-3b90-8220-28ce1e5a06f0,  -22.866170 ,  -53.018330 ,2023-06-03 17:49:00,Brasil,PARANÁ,LOANDA,Mata Atlântica
 1632213372 ,836ca92a-a641-321c-8ff9-041938cedaeb,  -24.448040 ,  -50.587830 ,2023-06-03 17:49:00,Brasil,PARANÁ,TIBAGI,Mata Atlântica
 1632213378 ,c4abac83-0073-3237-8a7c-dc024467852e,  -24.451320 ,  -50.605480 ,2023-06-03 17:49:00,Brasil,PARANÁ,TIBAGI,Mata Atlântica
 1632407204 ,c6e2ed56-0a35-3bf4-bf9d-f9b68af0ea6a,  -22.627750 ,  -52.416680 ,2023-06-05 17:37:00,Brasil,PARANÁ,SANTO ANTÔNIO DO CAIUÁ,Mata Atlântica
 1632407205 ,3e230679-b359-334b-ba5f-207bd3b3b207,  -22.636780 ,  -52.415130 ,2023-06-05 17:37:00,Brasil,PARANÁ,SANTO ANTÔNIO DO CAIUÁ,Mata Atlântica
 1632407206 ,ffd1f269-b9e8-32de-a576-2340d00c2dd8,  -22.638260 ,  -52.424950 ,2023-06-05 17:37:00,Brasil,PARANÁ,PARANAVAÍ,Mata Atlântica
 1632407207 ,5a2648b6-aa2a-3d8c-a96b-c169e22c2fe8,  -22.740600 ,  -52.188400 ,2023-06-05 17:37:00,Brasil,PARANÁ,INAJÁ,Mata Atlântica
 1632407208 ,e4e9d6ae-1e34-368a-8c33-329a6ebd1d0b,  -22.742090 ,  -52.198300 ,2023-06-05 17:37:00,Brasil,PARANÁ,INAJÁ,Mata Atlântica
 1632407209 ,284c77f6-d40f-3d46-95e0-328e233ab098,  -23.359410 ,  -51.655540 ,2023-06-05 17:34:00,Brasil,PARANÁ,SABÁUDIA,Mata Atlântica
 1632407211 ,d250394b-6bbb-316a-a932-c0048c141c6a,  -23.360960 ,  -51.665600 ,2023-06-05 17:34:00,Brasil,PARANÁ,ASTORGA,Mata Atlântica
 1632407212 ,7658153f-b1bd-381a-bd46-7eaf15875bdc,  -25.057670 ,  -51.060630 ,2023-06-05 17:34:00,Brasil,PARANÁ,PRUDENTÓPOLIS,Mata Atlântica
 1632407214 ,e6f664ba-bfec-3461-ac9e-fa0b04c1b33b,  -25.059260 ,  -51.070900 ,2023-06-05 17:34:00,Brasil,PARANÁ,PRUDENTÓPOLIS,Mata Atlântica
 1632407215 ,a0a7b2eb-5aaf-3219-99b3-9c29d2b0e40e,  -25.064650 ,  -51.064480 ,2023-06-05 17:34:00,Brasil,PARANÁ,PRUDENTÓPOLIS,Mata Atlântica
 1632407216 ,0aee3ca3-7d76-3c94-a4d1-a5badbd6bfb5,  -25.080420 ,  -51.104610 ,2023-06-05 17:34:00,Brasil,PARANÁ,PRUDENTÓPOLIS,Mata Atlântica
 1632407218 ,bd588eca-c6ef-3478-9c96-9d173e94886a,  -25.089600 ,  -51.102870 ,2023-06-05 17:34:00,Brasil,PARANÁ,PRUDENTÓPOLIS,Mata Atlântica
 1632407219 ,4698e5c7-2270-3793-a1a5-049254564c3e,  -25.469240 ,  -51.292800 ,2023-06-05 17:34:00,Brasil,PARANÁ,GUARAPUAVA,Mata Atlântica
 1632407220 ,cb2bdaeb-239c-3f6d-bc3c-f5e197074dab,  -25.514770 ,  -51.284360 ,2023-06-05 17:34:00,Brasil,PARANÁ,INÁCIO MARTINS,Mata Atlântica
 1632407221 ,5935f284-5aae-3a4d-8348-2c68fa8d4650,  -25.598290 ,  -50.575790 ,2023-06-05 17:34:00,Brasil,PARANÁ,REBOUÇAS,Mata Atlântica
 1632407222 ,6f82836b-d0c2-3f3f-bc4b-87b42dc3c03d,  -25.781920 ,  -51.340610 ,2023-06-05 17:34:00,Brasil,PARANÁ,PINHÃO,Mata Atlântica
 1632407223 ,f3a99c62-0bf0-399b-8fd1-ba948973df0e,  -25.791000 ,  -51.338960 ,2023-06-05 17:34:00,Brasil,PARANÁ,PINHÃO,Mata Atlântica
 1632407224 ,f06a264b-9548-39d4-9e4d-cf0c643d4584,  -25.879630 ,  -51.441920 ,2023-06-05 17:34:00,Brasil,PARANÁ,PINHÃO,Mata Atlântica
 1632407226 ,f0abb3d1-d6b5-381f-8b94-7bacb3177ee5,  -26.052240 ,  -53.187550 ,2023-06-05 17:34:00,Brasil,PARANÁ,FRANCISCO BELTRÃO,Mata Atlântica
 1632407227 ,960dfa48-cabf-3063-94e6-30b9a9254e7e,  -26.053640 ,  -53.197600 ,2023-06-05 17:34:00,Brasil,PARANÁ,FRANCISCO BELTRÃO,Mata Atlântica
 1632407228 ,c3ecd430-66bf-357d-bb3e-485c8efd9995,  -26.200850 ,  -51.549620 ,2023-06-05 17:34:00,Brasil,PARANÁ,BITURUNA,Mata Atlântica
 1632407229 ,43f51bef-846f-3b49-bdcd-2b04f3d9e409,  -26.218650 ,  -51.421470 ,2023-06-05 17:34:00,Brasil,PARANÁ,BITURUNA,Mata Atlântica
 1632407231 ,f30723e1-423a-3f32-b67f-4c9684686be0,  -26.227030 ,  -51.424850 ,2023-06-05 17:34:00,Brasil,PARANÁ,BITURUNA,Mata Atlântica
 1632407236 ,1f26836c-6d4b-3979-a1a9-4468cd8a7ba5,  -26.530860 ,  -51.913700 ,2023-06-05 17:34:00,Brasil,PARANÁ,PALMAS,Mata Atlântica
 1632407386 ,7f38eb55-8a56-33cc-9b32-7d3b9c3ee890,  -24.597320 ,  -51.022520 ,2023-06-05 17:34:00,Brasil,PARANÁ,RESERVA,Mata Atlântica
 1632407388 ,81281f21-9780-3891-b40a-1d98dcdc3ca7,  -24.639020 ,  -51.645830 ,2023-06-05 17:34:00,Brasil,PARANÁ,PITANGA,Mata Atlântica
 1632407389 ,1a9d8e6d-be70-35c8-b05d-bbe6c2fc72ca,  -24.746710 ,  -50.741460 ,2023-06-05 17:34:00,Brasil,PARANÁ,TIBAGI,Mata Atlântica
 1632407391 ,1cb685d3-76a9-3b24-a06c-536f3b78c0a5,  -24.748440 ,  -50.752230 ,2023-06-05 17:34:00,Brasil,PARANÁ,TIBAGI,Mata Atlântica
 1632621517 ,392c5b65-c592-3a14-88db-9ec156253360,  -23.261650 ,  -50.207180 ,2023-06-07 17:22:00,Brasil,PARANÁ,SANTO ANTÔNIO DA PLATINA,Mata Atlântica
 1632621532 ,67f81039-8efc-310e-a444-809b8572b1d3,  -23.303580 ,  -51.597310 ,2023-06-07 17:22:00,Brasil,PARANÁ,SABÁUDIA,Mata Atlântica
 1632621562 ,fe0e6dce-f6f4-3e67-b5f6-6d1f8e3d2e97,  -23.516430 ,  -50.648910 ,2023-06-07 17:22:00,Brasil,PARANÁ,SANTO ANTÔNIO DO PARAÍSO,Mata Atlântica
 1632621567 ,4a0b7ff3-d83e-3e92-84cd-fee5d824f019,  -23.753810 ,  -50.178630 ,2023-06-07 17:22:00,Brasil,PARANÁ,JAPIRA,Mata Atlântica
 1632621599 ,9cb4d3d7-c739-3328-a61b-241300abc11e,  -24.461920 ,  -50.581020 ,2023-06-07 17:22:00,Brasil,PARANÁ,TIBAGI,Mata Atlântica
 1632621603 ,d1fd6c5d-fd4c-3c7d-8df8-da4ac8337a65,  -24.463300 ,  -50.591240 ,2023-06-07 17:22:00,Brasil,PARANÁ,TIBAGI,Mata Atlântica
 1632621610 ,e31b1c6b-3459-3580-b168-cce82c550102,  -25.212170 ,  -49.177620 ,2023-06-07 17:22:00,Brasil,PARANÁ,BOCAIÚVA DO SUL,Mata Atlântica
 1632621614 ,9442b817-cf35-3703-a0ff-c99594639dd3,  -25.213590 ,  -49.187470 ,2023-06-07 17:22:00,Brasil,PARANÁ,BOCAIÚVA DO SUL,Mata Atlântica
 1632621618 ,6b91612a-5173-36bc-9d32-0cdf0bf95f8c,  -25.475390 ,  -51.161530 ,2023-06-07 17:22:00,Brasil,PARANÁ,GUARAPUAVA,Mata Atlântica
 1632621621 ,821dfe65-50e2-3316-8745-634b2e685dd3,  -25.476830 ,  -51.172500 ,2023-06-07 17:22:00,Brasil,PARANÁ,INÁCIO MARTINS,Mata Atlântica
 1632621625 ,963e25de-d726-3f68-b98c-9ba898d9ce76,  -25.484790 ,  -51.159960 ,2023-06-07 17:22:00,Brasil,PARANÁ,INÁCIO MARTINS,Mata Atlântica
 1632621630 ,fa39357b-b8cb-33d1-abbc-7705577695cd,  -25.486230 ,  -51.170960 ,2023-06-07 17:22:00,Brasil,PARANÁ,INÁCIO MARTINS,Mata Atlântica
 1632621634 ,bc79ed91-3274-3b12-8ea9-90adaba8bb83,  -25.583550 ,  -50.522880 ,2023-06-07 17:22:00,Brasil,PARANÁ,FERNANDES PINHEIRO,Mata Atlântica
 1632621637 ,8bafcab8-097d-320a-8119-cf8cbd6d6bb0,  -25.584940 ,  -50.533210 ,2023-06-07 17:22:00,Brasil,PARANÁ,FERNANDES PINHEIRO,Mata Atlântica
 1632621641 ,8488a96b-892e-30dc-b555-cd4bd8620c47,  -25.849530 ,  -50.999230 ,2023-06-07 17:22:00,Brasil,PARANÁ,MALLET,Mata Atlântica
 1632621645 ,b9c13fca-b366-38a8-a4fb-3f973ddc9712,  -25.850970 ,  -51.010140 ,2023-06-07 17:22:00,Brasil,PARANÁ,MALLET,Mata Atlântica
 1632621649 ,be883aa1-2c89-3fa9-88ae-2c9fb9f051e3,  -25.916400 ,  -49.278270 ,2023-06-07 17:20:00,Brasil,PARANÁ,MANDIRITUBA,Mata Atlântica
 1632621652 ,82ee9f2d-29d3-33bb-99de-e77a66b07154,  -25.925380 ,  -49.276720 ,2023-06-07 17:20:00,Brasil,PARANÁ,MANDIRITUBA,Mata Atlântica
 1632621657 ,9e27bfef-127f-37a4-9c95-e6ddb49d60d4,  -26.000980 ,  -49.683590 ,2023-06-07 17:20:00,Brasil,PARANÁ,CAMPO DO TENENTE,Mata Atlântica
 1632621664 ,7b8f3ee4-c467-3705-adbf-0568837a7bdf,  -26.002390 ,  -49.693660 ,2023-06-07 17:20:00,Brasil,PARANÁ,CAMPO DO TENENTE,Mata Atlântica
 1632621670 ,e2f29a79-0887-3665-9476-fdf1c9d75045,  -26.109460 ,  -51.743560 ,2023-06-07 17:22:00,Brasil,PARANÁ,CORONEL DOMINGOS SOARES,Mata Atlântica
 1632621673 ,205276e2-5126-3891-ad47-35ea33fc0b1e,  -26.109940 ,  -49.545620 ,2023-06-07 17:20:00,Brasil,PARANÁ,RIO NEGRO,Mata Atlântica
 1632621677 ,b8fc7d63-517a-36e4-af76-d77c7cb4b89d,  -26.110940 ,  -51.755310 ,2023-06-07 17:22:00,Brasil,PARANÁ,CORONEL DOMINGOS SOARES,Mata Atlântica
 1632621681 ,174d3d33-6992-3e20-b377-2aeb78da5e7a,  -26.394030 ,  -51.669600 ,2023-06-07 17:20:00,Brasil,PARANÁ,PALMAS,Mata Atlântica
 1632621688 ,901fe3b9-f963-39ff-a8f7-6d567225da9d,  -26.483480 ,  -51.475890 ,2023-06-07 17:20:00,Brasil,PARANÁ,GENERAL CARNEIRO,Mata Atlântica
 1632729739 ,a57dadac-69e6-3221-9096-1d704f27cb0b,  -25.301700 ,  -51.970660 ,2023-06-08 18:02:00,Brasil,PARANÁ,GOIOXIM,Mata Atlântica
 1632729749 ,5d6e9b72-5510-3dc9-9996-1443cb730a63,  -25.314960 ,  -51.967560 ,2023-06-08 18:02:00,Brasil,PARANÁ,GOIOXIM,Mata Atlântica
 1632729758 ,25a5415b-3573-32a4-8d31-9c6de9f042ff,  -25.319550 ,  -51.990750 ,2023-06-08 18:02:00,Brasil,PARANÁ,GUARAPUAVA,Mata Atlântica
 1632846283 ,f8c43cd4-9c0c-3028-9eae-9c2db76a77b8,  -25.738680 ,  -50.033840 ,2023-06-09 17:07:00,Brasil,PARANÁ,LAPA,Mata Atlântica
 1632846288 ,7a8a4fad-9426-3e9e-a049-0c2e676e088a,  -25.787500 ,  -49.563780 ,2023-06-09 17:07:00,Brasil,PARANÁ,CONTENDA,Mata Atlântica
 1632846292 ,f858fa12-3eb1-3b94-810b-3b397a846519,  -25.789640 ,  -51.341410 ,2023-06-09 17:07:00,Brasil,PARANÁ,PINHÃO,Mata Atlântica
 1632846295 ,e9c61e87-6312-34b3-b89e-467760e22c6e,  -25.930250 ,  -51.244080 ,2023-06-09 17:07:00,Brasil,PARANÁ,CRUZ MACHADO,Mata Atlântica
 1632846299 ,571d8f3e-6d35-3283-baac-37dacff87316,  -25.936280 ,  -51.236920 ,2023-06-09 17:07:00,Brasil,PARANÁ,CRUZ MACHADO,Mata Atlântica
 1632846303 ,95f36d83-cfb4-31b2-943a-4da7518784a5,  -25.959080 ,  -49.470290 ,2023-06-09 17:07:00,Brasil,PARANÁ,QUITANDINHA,Mata Atlântica
 1632846725 ,bf89f6c1-f629-30c1-b850-8c765155372f,  -22.633180 ,  -52.418420 ,2023-06-09 17:07:00,Brasil,PARANÁ,SANTO ANTÔNIO DO CAIUÁ,Mata Atlântica
 1632846744 ,7bb080e0-ddeb-31a0-b534-faead5702313,  -22.932930 ,  -52.562840 ,2023-06-09 17:07:00,Brasil,PARANÁ,PARANAVAÍ,Mata Atlântica
 1632846747 ,bc595b30-d5c2-36cd-97e7-51fd38a65ab1,  -22.935120 ,  -52.583660 ,2023-06-09 17:07:00,Brasil,PARANÁ,PARANAVAÍ,Mata Atlântica
 1632846752 ,60bab2e5-90e6-3dbd-aa6d-971a8bf38c35,  -23.005030 ,  -53.131960 ,2023-06-09 17:07:00,Brasil,PARANÁ,LOANDA,Mata Atlântica
 1632846758 ,ca622d0f-ba7b-352d-ba9f-67af50d84e83,  -23.098920 ,  -53.516860 ,2023-06-09 17:07:00,Brasil,PARANÁ,QUERÊNCIA DO NORTE,Mata Atlântica
 1632846763 ,2f0592bc-110f-387b-a0ce-666ff35f1fda,  -23.102530 ,  -52.330160 ,2023-06-09 17:07:00,Brasil,PARANÁ,ALTO PARANÁ,Mata Atlântica
 1632846771 ,cb0af14e-a7db-349c-8096-bf9ae5124137,  -23.104560 ,  -52.349170 ,2023-06-09 17:07:00,Brasil,PARANÁ,ALTO PARANÁ,Mata Atlântica
 1632846778 ,757f52c9-3cf3-33b4-b5bb-0a6adeb61824,  -23.114910 ,  -52.328360 ,2023-06-09 17:07:00,Brasil,PARANÁ,ALTO PARANÁ,Mata Atlântica
 1632846787 ,be6fddd3-293f-38bd-a94f-6f9abcb85339,  -23.116990 ,  -52.347660 ,2023-06-09 17:07:00,Brasil,PARANÁ,ALTO PARANÁ,Mata Atlântica
 1632846841 ,39870389-bf2a-3121-a5ef-cbaa8487d0ed,  -24.654700 ,  -50.120480 ,2023-06-09 17:07:00,Brasil,PARANÁ,CASTRO,Mata Atlântica
 1632846850 ,b0c5127c-89ca-3763-a41a-bda86cb89959,  -24.656350 ,  -50.134870 ,2023-06-09 17:07:00,Brasil,PARANÁ,CASTRO,Mata Atlântica
 1632846857 ,9d8c1127-4844-32eb-b6d9-df35a6e86201,  -24.662970 ,  -49.319920 ,2023-06-09 17:07:00,Brasil,PARANÁ,DOUTOR ULYSSES,Mata Atlântica
 1632846865 ,6b8bf203-6504-3bac-88cd-92234bf991e4,  -24.664500 ,  -49.332610 ,2023-06-09 17:07:00,Brasil,PARANÁ,DOUTOR ULYSSES,Mata Atlântica
 1632846872 ,894c590f-6b18-307b-ba2f-b5edee8e5c29,  -24.673150 ,  -49.317890 ,2023-06-09 17:07:00,Brasil,PARANÁ,DOUTOR ULYSSES,Mata Atlântica
 1632846891 ,3c38ef6d-6cb0-3574-ae16-796aa8b1f92e,  -25.085580 ,  -50.926990 ,2023-06-09 17:07:00,Brasil,PARANÁ,GUAMIRANGA,Mata Atlântica
 1632846895 ,98f8f06e-3efd-3be3-9b93-0e9c6f422e50,  -25.087120 ,  -50.914400 ,2023-06-09 17:07:00,Brasil,PARANÁ,GUAMIRANGA,Mata Atlântica
 1632846899 ,41e4eec7-52b3-378f-8e6d-cf0258365d76,  -25.089110 ,  -50.931830 ,2023-06-09 17:07:00,Brasil,PARANÁ,GUAMIRANGA,Mata Atlântica
 1632846903 ,0432ee9c-4d47-373e-a4d9-d8cc7f8d5a3c,  -25.146350 ,  -49.284610 ,2023-06-09 17:07:00,Brasil,PARANÁ,RIO BRANCO DO SUL,Mata Atlântica
 1632846906 ,e9968a8e-a4f0-3941-935a-6b1b0e7e54d1,  -25.163960 ,  -52.074010 ,2023-06-09 17:07:00,Brasil,PARANÁ,GOIOXIM,Mata Atlântica
 1632846910 ,4b035abc-caa1-34d6-871a-2879c68653e0,  -25.167480 ,  -51.140160 ,2023-06-09 17:07:00,Brasil,PARANÁ,PRUDENTÓPOLIS,Mata Atlântica
 1632846915 ,a94d0a21-a71a-3062-a009-7191d033e577,  -25.311160 ,  -49.987670 ,2023-06-09 17:07:00,Brasil,PARANÁ,PONTA GROSSA,Mata Atlântica
 1632846919 ,b12b344b-8f6b-3cf6-a9cc-6b27147e44b8,  -25.312860 ,  -50.002320 ,2023-06-09 17:07:00,Brasil,PARANÁ,PALMEIRA,Mata Atlântica
 1632846922 ,d6d49c20-22b3-38a4-8aef-d6ef5a794f08,  -25.504670 ,  -50.897080 ,2023-06-09 17:07:00,Brasil,PARANÁ,IRATI,Mata Atlântica
 1632846926 ,4fb42a08-6b7f-3620-bcc8-b3ab28ba93a8,  -25.690840 ,  -50.724320 ,2023-06-09 17:07:00,Brasil,PARANÁ,RIO AZUL,Mata Atlântica
 1632846930 ,41414f64-f1a7-32a7-b8ab-30040e3c184b,  -25.692720 ,  -50.741040 ,2023-06-09 17:07:00,Brasil,PARANÁ,RIO AZUL,Mata Atlântica
 1632846934 ,3a146879-0c43-32b3-a814-05e7153927d7,  -25.701970 ,  -50.732650 ,2023-06-09 17:07:00,Brasil,PARANÁ,RIO AZUL,Mata Atlântica
 1632846937 ,0536a6d5-ccbc-3870-9faa-84926121dbce,  -25.727760 ,  -50.035230 ,2023-06-09 17:07:00,Brasil,PARANÁ,LAPA,Mata Atlântica
 1632957075 ,dbda334f-4f48-323f-aeb2-b0f0f2f1585a,  -25.100020 ,  -51.692420 ,2023-06-10 17:49:00,Brasil,PARANÁ,CAMPINA DO SIMÃO,Mata Atlântica
 1632957084 ,046259ea-c4d6-3fe6-b517-b1832d6c4bf8,  -25.136530 ,  -49.113900 ,2023-06-10 17:49:00,Brasil,PARANÁ,BOCAIÚVA DO SUL,Mata Atlântica
 1632957091 ,ffb9aca4-eb65-3013-9025-94bfb1e62677,  -25.459660 ,  -49.420530 ,2023-06-10 17:49:00,Brasil,PARANÁ,CAMPO LARGO,Mata Atlântica
 1632957099 ,0648ad5f-5159-38b6-bd2a-acf3ebd61520,  -25.751870 ,  -49.982430 ,2023-06-10 17:49:00,Brasil,PARANÁ,LAPA,Mata Atlântica
 1632957106 ,a217a22f-1a73-3ca2-85ea-c3f51c891269,  -25.774450 ,  -51.316520 ,2023-06-10 17:49:00,Brasil,PARANÁ,INÁCIO MARTINS,Mata Atlântica
 1632957114 ,fef8ebda-cc23-36a5-b143-2d50c65392d1,  -23.162990 ,  -50.152420 ,2023-06-10 17:49:00,Brasil,PARANÁ,SANTO ANTÔNIO DA PLATINA,Mata Atlântica
 1632957115 ,7ce9ad1c-d6fc-3906-a6a1-baa982df5962,  -25.776200 ,  -51.310630 ,2023-06-10 17:49:00,Brasil,PARANÁ,INÁCIO MARTINS,Mata Atlântica
 1632957117 ,b701f552-e434-39fa-a95d-0538bf875578,  -23.164230 ,  -50.146880 ,2023-06-10 17:49:00,Brasil,PARANÁ,SANTO ANTÔNIO DA PLATINA,Mata Atlântica
 1632957118 ,3d6c9b97-b4ad-3072-9642-f082c52d8a7f,  -23.167800 ,  -50.165710 ,2023-06-10 17:49:00,Brasil,PARANÁ,SANTO ANTÔNIO DA PLATINA,Mata Atlântica
 1632957120 ,7e5ee3a9-9742-38e7-8def-2581c8d0189c,  -23.639770 ,  -50.441790 ,2023-06-10 17:49:00,Brasil,PARANÁ,CONGONHINHAS,Mata Atlântica
 1632957121 ,91121071-1891-352e-96dc-7e06294bbd8f,  -24.024850 ,  -50.589860 ,2023-06-10 17:49:00,Brasil,PARANÁ,CURIÚVA,Mata Atlântica
 1632957122 ,036e9326-32f7-3430-ae45-b4aa3f6cb978,  -25.834100 ,  -50.164400 ,2023-06-10 17:49:00,Brasil,PARANÁ,LAPA,Mata Atlântica
 1632957124 ,50ce2f80-cc4e-3bac-aa4e-17af4de1870d,  -24.069070 ,  -50.633570 ,2023-06-10 17:49:00,Brasil,PARANÁ,CURIÚVA,Mata Atlântica
 1632957126 ,99ff332d-de37-3836-9ef0-ac1eccb93bb8,  -24.223510 ,  -50.986230 ,2023-06-10 17:49:00,Brasil,PARANÁ,ORTIGUEIRA,Mata Atlântica
 1632957128 ,52430843-4400-3fdb-bc7f-f87e11ef8dc9,  -24.226520 ,  -50.991220 ,2023-06-10 17:49:00,Brasil,PARANÁ,ORTIGUEIRA,Mata Atlântica
 1632957129 ,0e09554d-6429-3a06-95b9-b8154537a194,  -25.022230 ,  -49.211070 ,2023-06-10 17:49:00,Brasil,PARANÁ,CERRO AZUL,Mata Atlântica
 1632957130 ,2d2ce388-162f-38f5-872c-624ff56af5d0,  -25.878900 ,  -50.857720 ,2023-06-10 17:49:00,Brasil,PARANÁ,MALLET,Mata Atlântica
 1632957132 ,b2ecc345-9301-374d-ab4c-8d8677b6a122,  -25.023430 ,  -49.215710 ,2023-06-10 17:49:00,Brasil,PARANÁ,CERRO AZUL,Mata Atlântica
 1632957133 ,22b8793f-0cab-3941-959b-866d44393537,  -25.044090 ,  -51.933330 ,2023-06-10 17:49:00,Brasil,PARANÁ,GOIOXIM,Mata Atlântica
 1632957135 ,82b1232f-7c85-37d7-b89f-a02e6b9ff25f,  -25.046710 ,  -51.925620 ,2023-06-10 17:49:00,Brasil,PARANÁ,GOIOXIM,Mata Atlântica
 1632957136 ,77f70dc8-bd96-3cda-8b6b-286da35a3cce,  -25.063320 ,  -50.760680 ,2023-06-10 17:49:00,Brasil,PARANÁ,IVAÍ,Mata Atlântica
 1632957138 ,511a0244-6ee8-3ff4-9285-4c98693c8a62,  -25.950300 ,  -50.052250 ,2023-06-10 17:49:00,Brasil,PARANÁ,ANTÔNIO OLINTO,Mata Atlântica
 1633029341 ,9397b67e-a0b1-3d05-a3e6-f193505b2c25,  -23.005130 ,  -49.957340 ,2023-06-11 16:54:00,Brasil,PARANÁ,JACAREZINHO,Mata Atlântica
 1633029342 ,e3537183-35e7-3715-8b1e-6481bdb8e872,  -23.016350 ,  -49.932350 ,2023-06-11 16:54:00,Brasil,PARANÁ,JACAREZINHO,Mata Atlântica
 1633029344 ,b91d2096-9222-315f-828d-49720185c59b,  -23.018700 ,  -49.955650 ,2023-06-11 16:54:00,Brasil,PARANÁ,JACAREZINHO,Mata Atlântica
 1633029348 ,b486e7ec-557b-3a06-9486-4e4d0e126744,  -24.827250 ,  -48.905860 ,2023-06-11 16:52:00,Brasil,PARANÁ,ADRIANÓPOLIS,Mata Atlântica
 1633964154 ,bae5bf9e-d0d4-3fb4-959f-1d8b398db1ed,  -25.337940 ,  -50.029210 ,2023-06-19 17:34:00,Brasil,PARANÁ,PALMEIRA,Mata Atlântica
 1633964155 ,c413645b-e2a5-32a2-931d-2c9d3d0effb2,  -23.134730 ,  -51.768440 ,2023-06-19 17:34:00,Brasil,PARANÁ,MUNHOZ DE MELO,Mata Atlântica
 1633964156 ,c61cbf57-f1d3-3386-a34e-da17a22de4a0,  -23.724670 ,  -51.645820 ,2023-06-19 17:34:00,Brasil,PARANÁ,MARUMBI,Mata Atlântica
 1634228691 ,bd37cb7c-7e26-3f90-af0b-e2f7f6156b42,  -25.220110 ,  -50.861170 ,2023-06-21 17:20:00,Brasil,PARANÁ,PRUDENTÓPOLIS,Mata Atlântica
 1634561087 ,21ca4bdc-d266-3f39-b280-0e07f8878d60,  -25.027240 ,  -49.181900 ,2023-06-23 17:05:00,Brasil,PARANÁ,CERRO AZUL,Mata Atlântica
 1634700913 ,9e2eaece-e04f-3cd0-85ed-b83ddf4897ef,  -22.659090 ,  -52.809140 ,2023-06-24 17:49:00,Brasil,PARANÁ,DIAMANTE DO NORTE,Mata Atlântica
 1634700952 ,2f5c9279-3646-3a88-ab03-c33fdd5c29d9,  -24.509210 ,  -51.039860 ,2023-06-24 17:47:00,Brasil,PARANÁ,RESERVA,Mata Atlântica
 1634951880 ,e50d5e51-c65e-38ea-b336-06a151612f6d,  -23.112420 ,  -53.513090 ,2023-06-26 17:34:00,Brasil,PARANÁ,QUERÊNCIA DO NORTE,Mata Atlântica
 1634952117 ,9172aab1-abd2-30be-91b9-46cf7d8c3ecd,  -23.931450 ,  -53.194550 ,2023-06-26 17:34:00,Brasil,PARANÁ,MARILUZ,Mata Atlântica
 1634952120 ,204a05ea-18bf-3835-80ce-6c45accf43ed,  -22.878960 ,  -52.517930 ,2023-06-26 17:34:00,Brasil,PARANÁ,PARANAVAÍ,Mata Atlântica
 1634952274 ,45ce68d4-f2a3-38a5-880f-3d458397dc7b,  -24.904770 ,  -51.453480 ,2023-06-26 17:34:00,Brasil,PARANÁ,TURVO,Mata Atlântica
 1634952278 ,6fb38c9b-2cce-3145-910c-5ed8f18168fc,  -24.906230 ,  -51.463380 ,2023-06-26 17:34:00,Brasil,PARANÁ,TURVO,Mata Atlântica
 1634952281 ,7507d9ff-f13e-31ac-b7ab-9f5718e2b5ee,  -23.116970 ,  -51.445400 ,2023-06-26 17:34:00,Brasil,PARANÁ,JAGUAPITÃ,Mata Atlântica
 1634952406 ,b8497ee2-473c-3aac-af8c-d713ff7ccd49,  -24.808670 ,  -49.248020 ,2023-06-26 17:34:00,Brasil,PARANÁ,CERRO AZUL,Mata Atlântica
 1634952423 ,01e17371-b56c-37b4-8429-deebfe62c5ff,  -25.212060 ,  -50.859830 ,2023-06-26 17:34:00,Brasil,PARANÁ,GUAMIRANGA,Mata Atlântica
 1634952426 ,0a4312f9-ca99-36d4-b8c2-c8d8da4ecbf4,  -25.912980 ,  -50.077400 ,2023-06-26 17:32:00,Brasil,PARANÁ,ANTÔNIO OLINTO,Mata Atlântica
 1634952430 ,6ade564b-e485-3eaf-ba33-7d4af56fdc83,  -25.922190 ,  -50.075680 ,2023-06-26 17:32:00,Brasil,PARANÁ,ANTÔNIO OLINTO,Mata Atlântica
 1634952434 ,5a5d9f46-bc5e-36d5-9173-8c1faa919278,  -24.030740 ,  -50.492020 ,2023-06-26 17:34:00,Brasil,PARANÁ,CURIÚVA,Mata Atlântica
 1634952438 ,4959ee70-f003-36c6-be9c-12c2792707e8,  -24.550150 ,  -49.687270 ,2023-06-26 17:34:00,Brasil,PARANÁ,PIRAÍ DO SUL,Mata Atlântica
 1634952441 ,2f021ba6-b230-3f2d-8dcf-7ff876a61d06,  -25.184370 ,  -49.495380 ,2023-06-26 17:34:00,Brasil,PARANÁ,ITAPERUÇU,Mata Atlântica
 1634952446 ,56c317d7-8fb8-3137-bfeb-361f5dc06471,  -23.009330 ,  -50.110550 ,2023-06-26 17:34:00,Brasil,PARANÁ,CAMBARÁ,Mata Atlântica
 1634952451 ,5555356e-b622-3755-8c85-df9939432c65,  -23.011080 ,  -50.121410 ,2023-06-26 17:34:00,Brasil,PARANÁ,CAMBARÁ,Mata Atlântica
 1634952455 ,b5c072c4-c07b-3cf7-9d53-314dbd46f407,  -23.217730 ,  -49.744050 ,2023-06-26 17:34:00,Brasil,PARANÁ,RIBEIRÃO CLARO,Mata Atlântica
 1635143876 ,2749f25a-2b61-3853-9d68-0b211452e853,  -23.096970 ,  -52.087140 ,2023-06-28 17:20:00,Brasil,PARANÁ,ATALAIA,Mata Atlântica
 1635143887 ,2d760b47-ca2e-3b36-af3b-8cb14e5e56f9,  -23.952990 ,  -49.846970 ,2023-06-28 17:20:00,Brasil,PARANÁ,ARAPOTI,Mata Atlântica
 1635143889 ,31a531b0-4b07-3ada-94d1-c6b52e36f2d0,  -23.954370 ,  -49.857050 ,2023-06-28 17:20:00,Brasil,PARANÁ,ARAPOTI,Mata Atlântica
 1635143890 ,c7c36c61-1109-321f-8fae-00e4bca3bdf4,  -24.030420 ,  -50.488720 ,2023-06-28 17:20:00,Brasil,PARANÁ,CURIÚVA,Mata Atlântica
 1635143896 ,81afef6f-d14f-3775-a0b9-f86acb497df6,  -24.669800 ,  -49.324230 ,2023-06-28 17:20:00,Brasil,PARANÁ,DOUTOR ULYSSES,Mata Atlântica
 1635143897 ,743846f9-ce93-3477-9133-92895ce5fef6,  -24.753340 ,  -49.525800 ,2023-06-28 17:20:00,Brasil,PARANÁ,CERRO AZUL,Mata Atlântica
 1635143899 ,83dd870e-978b-3c7a-b858-8e38ae923952,  -25.041690 ,  -50.101940 ,2023-06-28 17:20:00,Brasil,PARANÁ,PONTA GROSSA,Mata Atlântica
 1635143901 ,92fc1239-83f8-3e27-b870-3db5586cbc84,  -25.059230 ,  -50.499970 ,2023-06-28 17:20:00,Brasil,PARANÁ,IPIRANGA,Mata Atlântica
 1635143902 ,0c30ba62-decc-3fb8-877f-667c02cf1cbb,  -25.108360 ,  -51.183730 ,2023-06-28 17:20:00,Brasil,PARANÁ,PRUDENTÓPOLIS,Mata Atlântica
 1635143905 ,a11736b4-6b57-341d-be23-ba1a0ecdf4da,  -25.135690 ,  -49.101290 ,2023-06-28 17:20:00,Brasil,PARANÁ,BOCAIÚVA DO SUL,Mata Atlântica
 1635143906 ,731086fb-3325-3014-be02-2f90a8374792,  -25.156350 ,  -49.656620 ,2023-06-28 17:20:00,Brasil,PARANÁ,CAMPO LARGO,Mata Atlântica
 1635143908 ,6e286fba-56ae-361f-9553-397122eec9cf,  -25.157740 ,  -49.666920 ,2023-06-28 17:20:00,Brasil,PARANÁ,CAMPO LARGO,Mata Atlântica
 1635143909 ,0f571a86-2da4-3c63-9081-6f37cf4d4d38,  -25.176940 ,  -49.139710 ,2023-06-28 17:20:00,Brasil,PARANÁ,BOCAIÚVA DO SUL,Mata Atlântica
 1635143910 ,3aeebf8e-df40-3bf7-98f9-3c83b9cc8acf,  -25.190110 ,  -49.035340 ,2023-06-28 17:20:00,Brasil,PARANÁ,BOCAIÚVA DO SUL,Mata Atlântica
 1635143912 ,f149d328-19c7-3312-b612-d85eb806623b,  -25.219760 ,  -48.918160 ,2023-06-28 17:20:00,Brasil,PARANÁ,CAMPINA GRANDE DO SUL,Mata Atlântica
 1635143914 ,f05971dc-9268-3107-be40-824adaffe985,  -25.221160 ,  -48.928100 ,2023-06-28 17:20:00,Brasil,PARANÁ,CAMPINA GRANDE DO SUL,Mata Atlântica
 1635143915 ,8af783f6-c3fd-3cb7-9d5a-e7949c562c7e,  -25.362510 ,  -49.896330 ,2023-06-28 17:20:00,Brasil,PARANÁ,PALMEIRA,Mata Atlântica
 1635143917 ,18268c50-a499-366e-9249-b6a822bdeb4e,  -25.409960 ,  -51.396560 ,2023-06-28 17:20:00,Brasil,PARANÁ,GUARAPUAVA,Mata Atlântica
 1635143919 ,c11daf31-2ea7-34b0-909f-14202618dbd6,  -25.411450 ,  -51.408640 ,2023-06-28 17:20:00,Brasil,PARANÁ,GUARAPUAVA,Mata Atlântica
 1635143921 ,65c9958d-35a4-3b94-afa8-e891de5d2234,  -25.419800 ,  -51.394740 ,2023-06-28 17:20:00,Brasil,PARANÁ,GUARAPUAVA,Mata Atlântica
 1635143922 ,1e20a005-dbda-3f42-bb10-e094eb349b2f,  -25.616150 ,  -51.181660 ,2023-06-28 17:20:00,Brasil,PARANÁ,INÁCIO MARTINS,Mata Atlântica
 1635143923 ,627d19b2-61ef-32e8-8755-204c87e3a04b,  -25.618020 ,  -51.187920 ,2023-06-28 17:20:00,Brasil,PARANÁ,INÁCIO MARTINS,Mata Atlântica
 1635143925 ,c21ffba0-175f-38df-ae3a-7f803ef3b7fe,  -25.827090 ,  -49.523630 ,2023-06-28 17:20:00,Brasil,PARANÁ,QUITANDINHA,Mata Atlântica
 1635143928 ,993c202c-7ab9-33f5-a942-b82788209cf1,  -25.828500 ,  -49.534000 ,2023-06-28 17:20:00,Brasil,PARANÁ,QUITANDINHA,Mata Atlântica
 1635143929 ,b9ec7192-d378-33f4-8648-87c6929c3403,  -25.971980 ,  -50.354200 ,2023-06-28 17:20:00,Brasil,PARANÁ,SÃO MATEUS DO SUL,Mata Atlântica
 1635143933 ,04c1177f-e287-3ecc-bf46-e56b011d2d2b,  -25.973400 ,  -50.365330 ,2023-06-28 17:20:00,Brasil,PARANÁ,SÃO MATEUS DO SUL,Mata Atlântica
 1635143937 ,7b25bbf8-35ac-3e23-a49a-eea1be99ba33,  -26.367690 ,  -52.263840 ,2023-06-28 17:20:00,Brasil,PARANÁ,CLEVELÂNDIA,Mata Atlântica
 1635876327 ,55d97600-40df-34c7-8029-1304efdc36dc,  -23.998830 ,  -53.609650 ,2023-07-03 17:32:00,Brasil,PARANÁ,IPORÃ,Mata Atlântica
 1635876334 ,eb50d084-90aa-331a-a8df-586d767556e8,  -24.000230 ,  -53.620060 ,2023-07-03 17:32:00,Brasil,PARANÁ,IPORÃ,Mata Atlântica
 1635876343 ,40995d3a-9f25-3c87-be38-2c45de9bf487,  -24.978200 ,  -53.860590 ,2023-07-03 17:32:00,Brasil,PARANÁ,SÃO PEDRO DO IGUAÇU,Mata Atlântica
 1635876375 ,2697b4e9-173e-3097-8680-f9407554e846,  -23.098460 ,  -52.093410 ,2023-07-03 17:32:00,Brasil,PARANÁ,ATALAIA,Mata Atlântica
 1635876390 ,6522d284-823f-31a4-af47-19303cec3a41,  -23.433160 ,  -51.061890 ,2023-07-03 17:32:00,Brasil,PARANÁ,LONDRINA,Mata Atlântica
 1635876397 ,929decad-3ca2-34a6-b8c1-4aaf536062ac,  -23.606300 ,  -51.049240 ,2023-07-03 17:32:00,Brasil,PARANÁ,LONDRINA,Mata Atlântica
 1635876406 ,8e3c4497-bc84-36f3-90cd-726b0264c131,  -23.682000 ,  -50.813980 ,2023-07-03 17:32:00,Brasil,PARANÁ,SÃO JERÔNIMO DA SERRA,Mata Atlântica
 1635876413 ,81e08ee6-9b7e-34ab-88d1-952bbf1d4abd,  -24.085910 ,  -52.051060 ,2023-07-03 17:32:00,Brasil,PARANÁ,BARBOSA FERRAZ,Mata Atlântica
 1635876421 ,9ca98d8a-53c2-3cf4-acd9-f04031b55461,  -25.219010 ,  -50.261090 ,2023-07-03 17:32:00,Brasil,PARANÁ,PONTA GROSSA,Mata Atlântica
 1635876429 ,313a36c7-1e8e-3f58-bbbe-7fde91036e0f,  -26.061630 ,  -53.252170 ,2023-07-03 17:32:00,Brasil,PARANÁ,FRANCISCO BELTRÃO,Mata Atlântica
 1635876439 ,dd2c06c0-d39d-3655-8888-bb2d6d0f08ad,  -26.427370 ,  -51.898390 ,2023-07-03 17:32:00,Brasil,PARANÁ,PALMAS,Mata Atlântica
 1635876446 ,eb9eafe9-3274-379d-a8e4-7812a8cbbdfa,  -26.428790 ,  -51.908440 ,2023-07-03 17:32:00,Brasil,PARANÁ,PALMAS,Mata Atlântica
 1635653240 ,e69b2785-2b55-3684-9a79-b8850b4e98c2,  -23.091630 ,  -51.651310 ,2023-07-02 16:52:00,Brasil,PARANÁ,ASTORGA,Mata Atlântica
 1635653242 ,9b6c46c5-d688-3ded-9b0e-08b31a44ae77,  -23.097970 ,  -51.646330 ,2023-07-02 16:52:00,Brasil,PARANÁ,ASTORGA,Mata Atlântica
 1636195091 ,a8754d6e-8e2a-3454-9e43-366d93e49a9b,  -25.005160 ,  -53.251170 ,2023-07-05 17:20:00,Brasil,PARANÁ,CASCAVEL,Mata Atlântica
 1636195092 ,69275565-efaf-3688-9d43-f36a678d4a40,  -23.078340 ,  -52.161300 ,2023-07-05 17:20:00,Brasil,PARANÁ,UNIFLOR,Mata Atlântica
 1636195095 ,50a69a41-40f9-3fac-8815-6268652aacf0,  -23.291190 ,  -52.066740 ,2023-07-05 17:20:00,Brasil,PARANÁ,MANDAGUAÇU,Mata Atlântica
 1636195098 ,08e48629-3707-3949-aa8c-26dec569d62c,  -23.292770 ,  -52.079540 ,2023-07-05 17:20:00,Brasil,PARANÁ,MANDAGUAÇU,Mata Atlântica
 1636195146 ,030b15d7-11fc-3a66-b4d3-0c2965612cae,  -25.817850 ,  -49.294010 ,2023-07-05 17:17:00,Brasil,PARANÁ,MANDIRITUBA,Mata Atlântica
 1636195287 ,e4339516-4701-398b-889a-1e8bbb48258c,  -25.781960 ,  -51.336020 ,2023-07-05 17:17:00,Brasil,PARANÁ,PINHÃO,Mata Atlântica
 1636195291 ,2e3ad1b3-d794-3911-a84e-c150b934f0d8,  -25.897380 ,  -51.203220 ,2023-07-05 17:17:00,Brasil,PARANÁ,CRUZ MACHADO,Mata Atlântica
 1636195294 ,ffafca7a-b3dc-3c28-8c1a-0ae01f294034,  -24.796960 ,  -50.938520 ,2023-07-05 17:20:00,Brasil,PARANÁ,RESERVA,Mata Atlântica
 1636195299 ,dd76b2ba-4f03-3a0a-a73c-5d54e4c2ab02,  -24.842270 ,  -51.138010 ,2023-07-05 17:20:00,Brasil,PARANÁ,CÂNDIDO DE ABREU,Mata Atlântica
 1636195305 ,31869804-9a86-3308-aebf-1eac46c7b4af,  -24.843810 ,  -51.150090 ,2023-07-05 17:20:00,Brasil,PARANÁ,PRUDENTÓPOLIS,Mata Atlântica
 1636195309 ,0b955931-427f-394f-8a28-0e4770474a11,  -23.674970 ,  -51.725330 ,2023-07-05 17:20:00,Brasil,PARANÁ,BOM SUCESSO,Mata Atlântica
 1636195312 ,613137aa-2c8e-380b-8c90-45e6631946cd,  -23.676470 ,  -51.737530 ,2023-07-05 17:20:00,Brasil,PARANÁ,BOM SUCESSO,Mata Atlântica
 1636195544 ,3caa4081-f89f-3ded-ab2a-cc709fe45cfc,  -25.314960 ,  -50.692350 ,2023-07-05 17:17:00,Brasil,PARANÁ,IMBITUVA,Mata Atlântica
 1636195550 ,a24ddecc-bdd8-31bd-be46-9555a78038a3,  -25.316410 ,  -50.703690 ,2023-07-05 17:17:00,Brasil,PARANÁ,IMBITUVA,Mata Atlântica
 1636195556 ,ae53f511-97e0-37a9-8d6d-ef9bbaf9559b,  -25.977670 ,  -49.998940 ,2023-07-05 17:17:00,Brasil,PARANÁ,ANTÔNIO OLINTO,Mata Atlântica
 1636195561 ,c9d5a5b2-6ced-34e5-997d-99a5728931c5,  -25.987100 ,  -49.997460 ,2023-07-05 17:17:00,Brasil,PARANÁ,ANTÔNIO OLINTO,Mata Atlântica
 1636195573 ,be2e923d-cb2a-3679-80f5-e29f869141c6,  -24.679150 ,  -49.562100 ,2023-07-05 17:20:00,Brasil,PARANÁ,DOUTOR ULYSSES,Mata Atlântica
 1636195579 ,33787cb4-120d-391f-a71c-746a1b8e15c5,  -24.750840 ,  -50.504010 ,2023-07-05 17:20:00,Brasil,PARANÁ,TIBAGI,Mata Atlântica
 1636195585 ,127c2656-0a7c-3519-8ddd-86c2f1790d46,  -24.817600 ,  -49.298260 ,2023-07-05 17:20:00,Brasil,PARANÁ,CERRO AZUL,Mata Atlântica
 1636195591 ,259d6a13-c192-32b6-9b2f-b639bc42a418,  -23.508850 ,  -49.728530 ,2023-07-05 17:20:00,Brasil,PARANÁ,CARLÓPOLIS,Mata Atlântica
 1636387134 ,7e178a08-713f-37b1-9311-746a1c981d65,  -24.891260 ,  -50.901540 ,2023-07-06 18:00:00,Brasil,PARANÁ,IVAÍ,Mata Atlântica
 1636387135 ,af155596-f906-3426-ac89-3066f11f1dda,  -24.191580 ,  -51.850530 ,2023-07-06 18:00:00,Brasil,PARANÁ,JARDIM ALEGRE,Mata Atlântica
 1636387136 ,dca77fbf-65f4-37f5-b146-fa6e6ba47d68,  -24.195560 ,  -51.871350 ,2023-07-06 18:00:00,Brasil,PARANÁ,JARDIM ALEGRE,Mata Atlântica
 1636387137 ,7307f95b-9154-3161-905d-7c1cd6cdc4b3,  -24.895950 ,  -50.924880 ,2023-07-06 18:00:00,Brasil,PARANÁ,IVAÍ,Mata Atlântica
 1636387138 ,93e92d40-e6f5-3b26-b458-51ba4585eac2,  -25.239880 ,  -49.440280 ,2023-07-06 17:58:00,Brasil,PARANÁ,ITAPERUÇU,Mata Atlântica
 1636387139 ,845b6258-b866-3b21-890a-3b2eb71cc9f7,  -25.239940 ,  -49.447640 ,2023-07-06 17:58:00,Brasil,PARANÁ,ITAPERUÇU,Mata Atlântica
 1636387140 ,104df422-7cfb-3527-832c-cf58b8853dfd,  -25.915870 ,  -51.048280 ,2023-07-06 17:58:00,Brasil,PARANÁ,CRUZ MACHADO,Mata Atlântica
 1636387539 ,75627b94-520e-3ad5-ab93-002cda3c7566,  -26.448960 ,  -52.226100 ,2023-07-06 17:58:00,Brasil,PARANÁ,CLEVELÂNDIA,Mata Atlântica
 1636387542 ,6f23c01a-9160-3c8a-b43d-7a957f7d237a,  -25.918090 ,  -51.063420 ,2023-07-06 17:58:00,Brasil,PARANÁ,CRUZ MACHADO,Mata Atlântica
 1636387543 ,94ac2809-c2ee-3699-9186-433ceec271fe,  -26.007130 ,  -51.376380 ,2023-07-06 17:58:00,Brasil,PARANÁ,CRUZ MACHADO,Mata Atlântica
 1636387552 ,fb9d9fb7-907b-316b-9c22-67c1d5dfb68d,  -26.215070 ,  -51.423790 ,2023-07-06 17:58:00,Brasil,PARANÁ,BITURUNA,Mata Atlântica
 1636555938 ,6dfbcc6f-bf22-3972-b67e-b660b5f0ab2d,  -22.734810 ,  -52.196330 ,2023-07-07 17:05:00,Brasil,PARANÁ,INAJÁ,Mata Atlântica
 1636555946 ,d82057e1-4bef-3e9e-a178-3e3e8fa49707,  -22.736130 ,  -52.180130 ,2023-07-07 17:05:00,Brasil,PARANÁ,INAJÁ,Mata Atlântica
 1636555954 ,994f25c9-cb56-3782-bf78-332245721759,  -22.737010 ,  -52.218990 ,2023-07-07 17:05:00,Brasil,PARANÁ,INAJÁ,Mata Atlântica
 1636555958 ,f9441595-0fbf-3d1e-b58c-aa67987fcb5a,  -22.738490 ,  -52.202670 ,2023-07-07 17:05:00,Brasil,PARANÁ,INAJÁ,Mata Atlântica
 1636555962 ,96c30dde-1365-34dd-8e16-65f36d969468,  -22.740840 ,  -52.225250 ,2023-07-07 17:05:00,Brasil,PARANÁ,INAJÁ,Mata Atlântica
 1636555965 ,3b0597d9-5d10-3834-bc1f-75903ad57c61,  -22.748080 ,  -52.194470 ,2023-07-07 17:05:00,Brasil,PARANÁ,INAJÁ,Mata Atlântica
 1636555967 ,cf3e5d6b-25e7-3c4d-8d32-3f68d7935074,  -22.750310 ,  -52.217290 ,2023-07-07 17:05:00,Brasil,PARANÁ,INAJÁ,Mata Atlântica
 1636555971 ,ede5da3c-38fe-340b-9963-e35c8f1973c7,  -22.751750 ,  -52.200800 ,2023-07-07 17:05:00,Brasil,PARANÁ,INAJÁ,Mata Atlântica
 1636555999 ,9fe604bb-c582-3956-bbef-fe0c171fc6c9,  -24.769550 ,  -49.785980 ,2023-07-07 17:05:00,Brasil,PARANÁ,CASTRO,Mata Atlântica
 1636556001 ,1e11e2a2-d284-3633-b481-27da94051c27,  -24.772370 ,  -49.790720 ,2023-07-07 17:05:00,Brasil,PARANÁ,CASTRO,Mata Atlântica
 1636556003 ,f8a38919-4577-334c-aacd-474ae05c9183,  -24.996650 ,  -49.879680 ,2023-07-07 17:05:00,Brasil,PARANÁ,CASTRO,Mata Atlântica
 1636556004 ,b53b885c-aa34-3a0c-975c-bc0024e3dd8d,  -25.044020 ,  -50.943320 ,2023-07-07 17:05:00,Brasil,PARANÁ,IVAÍ,Mata Atlântica
 1636556007 ,32fe1524-1103-38c1-a3b1-900297cfa53c,  -25.047500 ,  -50.623710 ,2023-07-07 17:05:00,Brasil,PARANÁ,IPIRANGA,Mata Atlântica
 1636556008 ,0e4b4f02-5190-3ae7-bc21-d1ad22ba149a,  -25.050680 ,  -50.618470 ,2023-07-07 17:05:00,Brasil,PARANÁ,IPIRANGA,Mata Atlântica
 1636556010 ,7c670e59-34fd-3169-9021-8fe9073f2978,  -25.052620 ,  -50.637470 ,2023-07-07 17:05:00,Brasil,PARANÁ,IPIRANGA,Mata Atlântica
 1636556011 ,7bcf7314-8d06-3121-8a45-f60eae053b32,  -25.132350 ,  -51.175120 ,2023-07-07 17:05:00,Brasil,PARANÁ,PRUDENTÓPOLIS,Mata Atlântica
 1636556014 ,8b323609-7cea-3662-92bd-29ff1f2f73bc,  -25.181170 ,  -50.125450 ,2023-07-07 17:05:00,Brasil,PARANÁ,PONTA GROSSA,Mata Atlântica
 1636556017 ,03ff480e-8d2c-3337-87ed-b59500096d98,  -25.821300 ,  -50.813060 ,2023-07-07 17:05:00,Brasil,PARANÁ,MALLET,Mata Atlântica
 1636556019 ,2fa61407-7854-32fc-abbd-6ca487d404c4,  -25.899300 ,  -50.209900 ,2023-07-07 17:05:00,Brasil,PARANÁ,ANTÔNIO OLINTO,Mata Atlântica
 1637467536 ,78315500-9d0c-3c51-afdb-16352fd94807,  -23.060770 ,  -51.562400 ,2023-07-12 17:17:00,Brasil,PARANÁ,JAGUAPITÃ,Mata Atlântica
 1637467538 ,5eccb8de-dd65-3780-8fb2-4698de57ed50,  -23.280390 ,  -50.894990 ,2023-07-12 17:17:00,Brasil,PARANÁ,URAÍ,Mata Atlântica
 1637467539 ,8ee38ad4-d143-3480-a367-4ae06852bed7,  -23.281870 ,  -50.906460 ,2023-07-12 17:17:00,Brasil,PARANÁ,JATAIZINHO,Mata Atlântica
 1637926612 ,a11d6140-012f-3833-8e36-acb62f93ef7a,  -23.682210 ,  -51.753620 ,2023-07-14 17:05:00,Brasil,PARANÁ,BOM SUCESSO,Mata Atlântica
 1637926617 ,9312a588-88b5-3d4c-a635-82f0683f4749,  -23.684580 ,  -51.777070 ,2023-07-14 17:05:00,Brasil,PARANÁ,BOM SUCESSO,Mata Atlântica
 1637926621 ,f9d77488-b55a-3b04-b4be-e4c635dc4909,  -23.693600 ,  -51.768960 ,2023-07-14 17:05:00,Brasil,PARANÁ,BOM SUCESSO,Mata Atlântica
 1638117705 ,21506a09-cb26-3d1f-bbef-eb1949721047,  -22.541450 ,  -52.128290 ,2023-07-15 17:45:00,Brasil,PARANÁ,JARDIM OLINDA,Mata Atlântica
 1638566205 ,7c1c6d3e-c787-32dc-a0f0-f8a5d17fdccc,  -26.002060 ,  -49.015740 ,2023-07-17 17:30:00,Brasil,PARANÁ,TIJUCAS DO SUL,Mata Atlântica
 1638966503 ,f3a112a0-d4ca-3648-a5f0-29e9b6275da6,  -23.093330 ,  -51.612190 ,2023-07-19 17:17:00,Brasil,PARANÁ,JAGUAPITÃ,Mata Atlântica
 1638966508 ,a64bd5df-8aba-3ad7-8afe-6708fdfc1cf8,  -23.094960 ,  -51.625500 ,2023-07-19 17:17:00,Brasil,PARANÁ,JAGUAPITÃ,Mata Atlântica
 1639152873 ,d11af4f8-2f8f-3f71-8b8c-b1d6082126ea,  -23.098150 ,  -52.108180 ,2023-07-20 17:58:00,Brasil,PARANÁ,ATALAIA,Mata Atlântica
 1639152874 ,75ce7430-3b3b-3bdd-abfd-906511fa6597,  -23.094650 ,  -52.089280 ,2023-07-20 17:58:00,Brasil,PARANÁ,ATALAIA,Mata Atlântica
 1639152875 ,6bbb073f-02b8-3aef-a3d6-7d6f1409b155,  -23.186330 ,  -53.229200 ,2023-07-20 17:58:00,Brasil,PARANÁ,SANTA ISABEL DO IVAÍ,Mata Atlântica
 1639221578 ,0efd0831-a32a-30b2-b499-8dbbf676e4bd,  -23.691870 ,  -51.745570 ,2023-07-21 17:02:00,Brasil,PARANÁ,BOM SUCESSO,Mata Atlântica
 1639221579 ,8bf78cfc-3a98-3bb9-8c64-e887ccc3d9f7,  -23.700280 ,  -51.764680 ,2023-07-21 17:02:00,Brasil,PARANÁ,BOM SUCESSO,Mata Atlântica
 1639443376 ,936f46d8-3414-3b69-9c49-23cd77b9da73,  -23.208170 ,  -53.368770 ,2023-07-22 17:43:00,Brasil,PARANÁ,SANTA CRUZ DE MONTE CASTELO,Mata Atlântica
 1639443426 ,bfcacce9-5643-3c2d-8c83-65e3ccf36e6a,  -25.914340 ,  -51.241310 ,2023-07-22 17:43:00,Brasil,PARANÁ,CRUZ MACHADO,Mata Atlântica
 1639620022 ,d27c5e1c-a3fc-3618-828c-0158566af015,  -22.981370 ,  -51.579810 ,2023-07-23 16:48:00,Brasil,PARANÁ,JAGUAPITÃ,Mata Atlântica
 1639620025 ,a672cc00-1f7d-386a-bcbe-f7ed71bf47cb,  -22.986360 ,  -51.614410 ,2023-07-23 16:48:00,Brasil,PARANÁ,GUARACI,Mata Atlântica
 1639620029 ,8393dcf3-18ed-310b-95fb-37824bb1047d,  -22.984930 ,  -51.622170 ,2023-07-23 16:48:00,Brasil,PARANÁ,GUARACI,Mata Atlântica
 1639620132 ,f598c42d-f809-3110-86fc-449583a413ac,  -24.223690 ,  -49.540160 ,2023-07-23 16:48:00,Brasil,PARANÁ,SENGÉS,Cerrado
 1639878136 ,67ce70b8-9e9b-36e1-9487-bc5ca8b0217a,  -24.761250 ,  -50.835590 ,2023-07-24 17:28:00,Brasil,PARANÁ,RESERVA,Mata Atlântica
 1639878139 ,7ec76950-0a26-33bd-a71e-b4f40dac4365,  -24.962340 ,  -51.020240 ,2023-07-24 17:28:00,Brasil,PARANÁ,CÂNDIDO DE ABREU,Mata Atlântica
 1639878144 ,d191adad-4d44-3c8f-9f58-712a253d549e,  -25.129580 ,  -48.994320 ,2023-07-24 17:28:00,Brasil,PARANÁ,BOCAIÚVA DO SUL,Mata Atlântica
 1639878150 ,3f45e8b0-f98c-3ff0-be7b-8e36c83ea1fd,  -25.646110 ,  -49.902350 ,2023-07-24 17:28:00,Brasil,PARANÁ,LAPA,Mata Atlântica
 1639878155 ,d9afaf47-e613-3652-a672-94d7339030f7,  -26.054450 ,  -52.566100 ,2023-07-24 17:28:00,Brasil,PARANÁ,CORONEL VIVIDA,Mata Atlântica
 1639878158 ,e9eb4433-ef07-343c-b138-c06d99672054,  -26.130790 ,  -49.689270 ,2023-07-24 17:28:00,Brasil,PARANÁ,RIO NEGRO,Mata Atlântica
 1639878162 ,1492ad7d-0c73-3e23-ba2b-e3ff2bd5e9f7,  -26.496970 ,  -51.418300 ,2023-07-24 17:28:00,Brasil,PARANÁ,GENERAL CARNEIRO,Mata Atlântica
 1639878166 ,a207ef8c-0fac-38f6-9c46-c53ceefb9166,  -26.498370 ,  -51.428580 ,2023-07-24 17:28:00,Brasil,PARANÁ,GENERAL CARNEIRO,Mata Atlântica
 1639878755 ,5ae6ae3d-9426-3018-9f65-072e0be9b326,  -22.721220 ,  -51.950280 ,2023-07-24 17:28:00,Brasil,PARANÁ,ITAGUAJÉ,Mata Atlântica
 1639878756 ,64badfdc-6ac7-3b66-b6ad-eb0f1a7001dd,  -22.722600 ,  -51.960120 ,2023-07-24 17:28:00,Brasil,PARANÁ,ITAGUAJÉ,Mata Atlântica
 1639878768 ,65ef1ea9-d322-39ef-bdb9-28c49ec2d792,  -23.350370 ,  -50.879600 ,2023-07-24 17:28:00,Brasil,PARANÁ,ASSAÍ,Mata Atlântica
 1639878771 ,e1781da6-e8ea-3671-b59b-d83c37bff3a2,  -24.078150 ,  -52.192710 ,2023-07-24 17:28:00,Brasil,PARANÁ,CORUMBATAÍ DO SUL,Mata Atlântica
 1640085963 ,0e8074c0-7fb0-3e7d-91ac-6fdd5239fb0b,  -26.264080 ,  -52.383430 ,2023-07-25 18:09:00,Brasil,PARANÁ,CLEVELÂNDIA,Mata Atlântica
 1640085966 ,8c38b8b0-a55a-3efc-8741-991c4e237860,  -26.268490 ,  -52.375400 ,2023-07-25 18:09:00,Brasil,PARANÁ,CLEVELÂNDIA,Mata Atlântica
 1640473648 ,b4623a87-3f56-30c5-a20e-78002bdaeb5e,  -23.011870 ,  -49.929270 ,2023-07-29 17:41:00,Brasil,PARANÁ,JACAREZINHO,Mata Atlântica
 1640473649 ,799f67aa-2834-320a-8140-49903ed39e7f,  -23.009370 ,  -49.914920 ,2023-07-29 17:41:00,Brasil,PARANÁ,JACAREZINHO,Mata Atlântica
 1640828937 ,055a438a-3fb0-3c48-8e96-b309f460b861,  -24.092720 ,  -50.337500 ,2023-07-31 17:26:00,Brasil,PARANÁ,VENTANIA,Mata Atlântica
 1640828941 ,de6d6fd5-2f51-37a5-8927-e02c76e4f69e,  -23.348710 ,  -52.318410 ,2023-07-31 17:28:00,Brasil,PARANÁ,FLORAÍ,Mata Atlântica
 1640828944 ,7a726759-f1a6-3db7-ba6f-7f8e3d34bddf,  -23.146290 ,  -51.311190 ,2023-07-31 17:28:00,Brasil,PARANÁ,CAMBÉ,Mata Atlântica
 1640828945 ,6c7064ed-953d-3c7f-93da-c16e4f06fecf,  -23.144920 ,  -51.301430 ,2023-07-31 17:28:00,Brasil,PARANÁ,CAMBÉ,Mata Atlântica
 1640828946 ,4b324623-c211-30fe-bb56-76d94907214b,  -23.135930 ,  -51.302940 ,2023-07-31 17:28:00,Brasil,PARANÁ,CAMBÉ,Mata Atlântica
 1640828947 ,95802635-ef10-3fc3-b0bf-c319d29bc30c,  -23.058360 ,  -50.441930 ,2023-07-31 17:28:00,Brasil,PARANÁ,BANDEIRANTES,Mata Atlântica
 1640828948 ,1ca4fbcc-0db5-3fef-a190-821f189e06bd,  -23.056950 ,  -50.432240 ,2023-07-31 17:28:00,Brasil,PARANÁ,BANDEIRANTES,Mata Atlântica
 1654102187 ,f9357870-095f-3a00-9bc2-816bf2442dda,  -25.020220 ,  -53.185260 ,2023-10-02 17:09:00,Brasil,PARANÁ,CASCAVEL,Mata Atlântica
 1654102188 ,e9079f7f-b438-34f4-ae48-b2719e036488,  -25.388420 ,  -53.420870 ,2023-10-02 17:09:00,Brasil,PARANÁ,BOA VISTA DA APARECIDA,Mata Atlântica
 1654102189 ,7cff824d-6648-3cd0-8b2b-97f9ca833ad5,  -25.385970 ,  -53.426550 ,2023-10-02 17:09:00,Brasil,PARANÁ,BOA VISTA DA APARECIDA,Mata Atlântica
 1654225080 ,7d2b8d19-003e-3d0c-b667-4a66bb3a3cbb,  -24.788230 ,  -53.874770 ,2023-10-03 17:52:00,Brasil,PARANÁ,OURO VERDE DO OESTE,Mata Atlântica
 1654225081 ,49c65c03-92c2-3d05-bd18-00ab7c641012,  -24.055670 ,  -53.119230 ,2023-10-03 17:52:00,Brasil,PARANÁ,MOREIRA SALES,Mata Atlântica
 1654225082 ,52180315-24ee-340f-bbba-bf3196a13d8a,  -24.046070 ,  -53.121190 ,2023-10-03 17:52:00,Brasil,PARANÁ,MOREIRA SALES,Mata Atlântica
 1654406444 ,7d342e7f-0b57-34d0-97fc-878429856ed4,  -23.374490 ,  -51.949070 ,2023-10-04 16:56:00,Brasil,PARANÁ,MARINGÁ,Mata Atlântica
 1654790470 ,5dad95cd-1c2a-3d8d-ae0c-36f2c81ef36d,  -23.655670 ,  -53.974430 ,2023-10-06 18:19:00,Brasil,PARANÁ,SÃO JORGE DO PATROCÍNIO,Mata Atlântica
 1654790471 ,57f6a5a4-a42b-3b30-95a4-d27f5db6a235,  -23.654090 ,  -53.982300 ,2023-10-06 18:19:00,Brasil,PARANÁ,SÃO JORGE DO PATROCÍNIO,Mata Atlântica
 1654974005 ,479e5614-2a31-3146-bf3f-d9d6ad324623,  -23.725380 ,  -52.434380 ,2023-10-07 17:24:00,Brasil,PARANÁ,TERRA BOA,Mata Atlântica
 1654974006 ,0dbf00fd-b74b-36e2-a589-b7c5c141767e,  -23.723800 ,  -52.421050 ,2023-10-07 17:24:00,Brasil,PARANÁ,TERRA BOA,Mata Atlântica
 1654974007 ,c1a809f5-2769-3d12-a0d0-c3656f5a442e,  -23.722210 ,  -52.407750 ,2023-10-07 17:24:00,Brasil,PARANÁ,TERRA BOA,Mata Atlântica
 1654974008 ,db57e28c-cf85-3d9c-9c24-6e601926d28b,  -23.603550 ,  -53.940050 ,2023-10-07 17:24:00,Brasil,PARANÁ,ALTO PARAÍSO,Mata Atlântica
 1655336715 ,93ef4944-f99a-36b5-b5fd-cb53524eb80d,  -25.637540 ,  -52.000860 ,2023-10-09 17:07:00,Brasil,PARANÁ,FOZ DO JORDÃO,Mata Atlântica
 1655677835 ,96899689-73ab-34df-b470-9ca7307c8793,  -24.514730 ,  -50.896260 ,2023-10-11 16:54:00,Brasil,PARANÁ,RESERVA,Mata Atlântica
 1655677836 ,194ee195-a079-3a8c-bc98-62c27f9efdfd,  -25.296950 ,  -49.431800 ,2023-10-11 16:54:00,Brasil,PARANÁ,CAMPO MAGRO,Mata Atlântica
 1655860631 ,fcfda187-cc7f-3d81-a0f3-dd32d1f0d2fa,  -24.979450 ,  -52.881000 ,2023-10-12 17:34:00,Brasil,PARANÁ,GUARANIAÇU,Mata Atlântica
 1655860632 ,0dd14bd8-b3fc-389c-af26-ec8065289391,  -23.992210 ,  -53.449740 ,2023-10-12 17:34:00,Brasil,PARANÁ,ALTO PIQUIRI,Mata Atlântica
 1655860633 ,83ed9d43-8687-37ab-8890-d9545dd351dd,  -23.738500 ,  -52.996440 ,2023-10-12 17:34:00,Brasil,PARANÁ,CRUZEIRO DO OESTE,Mata Atlântica
 1655860634 ,ab0a8b3e-634f-3e54-b36a-1ef06ded6494,  -22.960340 ,  -51.827450 ,2023-10-12 17:34:00,Brasil,PARANÁ,NOSSA SENHORA DAS GRAÇAS,Mata Atlântica
 1655860635 ,b0314921-5b08-3e80-b694-83649dd1f7ea,  -22.958950 ,  -51.817760 ,2023-10-12 17:34:00,Brasil,PARANÁ,NOSSA SENHORA DAS GRAÇAS,Mata Atlântica
 1656184253 ,3f2ba3d2-3694-39bd-ac71-44e23763dcf2,  -23.132140 ,  -52.104900 ,2023-10-14 17:20:00,Brasil,PARANÁ,ATALAIA,Mata Atlântica
 1656338987 ,b49ab676-0c56-3446-9648-c92b6122ddc3,  -23.280880 ,  -50.901420 ,2023-10-15 18:02:00,Brasil,PARANÁ,JATAIZINHO,Mata Atlântica
 1656479551 ,bec37eb1-de4d-3c4f-ab0f-899b2313fa9a,  -22.766100 ,  -51.411180 ,2023-10-16 17:05:00,Brasil,PARANÁ,PORECATU,Mata Atlântica
 1656479552 ,542ef332-a6fa-3031-89f6-53da3d836789,  -24.614860 ,  -52.128920 ,2023-10-16 17:05:00,Brasil,PARANÁ,RONCADOR,Mata Atlântica
 1656676104 ,6ef0a103-9fb6-3569-8810-32c39c811df5,  -23.706800 ,  -53.954960 ,2023-10-17 17:47:00,Brasil,PARANÁ,SÃO JORGE DO PATROCÍNIO,Mata Atlântica
 1656676105 ,d635541a-0ee0-3879-a38c-f051afc5c929,  -23.695170 ,  -53.943670 ,2023-10-17 17:47:00,Brasil,PARANÁ,SÃO JORGE DO PATROCÍNIO,Mata Atlântica
 1657294344 ,b252fd20-1e82-313b-af4d-0463208c7874,  -24.029080 ,  -50.494580 ,2023-10-21 17:17:00,Brasil,PARANÁ,CURIÚVA,Mata Atlântica
 1647932116 ,3a2674ff-ebb4-3c65-94ae-41fbfff8f714,  -24.771370 ,  -48.878300 ,2023-09-01 16:52:00,Brasil,PARANÁ,ADRIANÓPOLIS,Mata Atlântica
 1647932117 ,c8f3ecb3-938c-3125-a3c6-e956e4063479,  -24.776500 ,  -48.873200 ,2023-09-01 16:52:00,Brasil,PARANÁ,ADRIANÓPOLIS,Mata Atlântica
 1647932118 ,c5ca2805-1a32-32ff-9157-6a75b7244ba2,  -25.661760 ,  -49.909260 ,2023-09-01 16:52:00,Brasil,PARANÁ,LAPA,Mata Atlântica
 1647932119 ,34322dac-1bc8-3013-bbcc-4207dfa97cc7,  -25.663420 ,  -49.916120 ,2023-09-01 16:52:00,Brasil,PARANÁ,LAPA,Mata Atlântica
 1647932120 ,f63f94a4-fcd0-313b-97b1-0510c1e2e81a,  -25.664270 ,  -49.940810 ,2023-09-01 16:52:00,Brasil,PARANÁ,LAPA,Mata Atlântica
 1647932121 ,4a94cccb-3e24-3fed-ba45-b8eeb6531bdf,  -25.666180 ,  -49.948200 ,2023-09-01 16:52:00,Brasil,PARANÁ,LAPA,Mata Atlântica
 1648182760 ,073a1cd8-4c30-34c4-853b-79cf453474f2,  -23.012330 ,  -50.353820 ,2023-09-02 17:34:00,Brasil,PARANÁ,ITAMBARACÁ,Mata Atlântica
 1648182761 ,565d0fad-575d-3478-b941-b3f7cb2bedad,  -23.010750 ,  -50.343590 ,2023-09-02 17:34:00,Brasil,PARANÁ,ANDIRÁ,Mata Atlântica
 1647733098 ,4c815fc4-83bf-3d78-a03b-d0b3978259e8,  -24.673550 ,  -48.847400 ,2023-08-31 17:49:00,Brasil,PARANÁ,ADRIANÓPOLIS,Mata Atlântica
 1647733099 ,bb65cac8-b910-3794-b5a3-2a55da0f83f4,  -24.669970 ,  -48.828360 ,2023-08-31 17:49:00,Brasil,PARANÁ,ADRIANÓPOLIS,Mata Atlântica
 1647733131 ,229620ce-2151-3ad0-a5ea-2d251668aadb,  -24.659220 ,  -50.222100 ,2023-08-31 17:49:00,Brasil,PARANÁ,TIBAGI,Cerrado
 1647733132 ,e871c8cd-4467-3cc1-91aa-ab10bf4426a9,  -25.043510 ,  -50.231540 ,2023-08-31 17:49:00,Brasil,PARANÁ,PONTA GROSSA,Mata Atlântica
 1647733133 ,43c757fb-7ccb-364a-9259-289e1fb013c0,  -25.040620 ,  -50.221880 ,2023-08-31 17:49:00,Brasil,PARANÁ,PONTA GROSSA,Mata Atlântica
 1647733135 ,72394c50-2090-3158-bbcb-1aeccee65d92,  -25.274170 ,  -50.873630 ,2023-08-31 17:49:00,Brasil,PARANÁ,PRUDENTÓPOLIS,Mata Atlântica
 1647733140 ,9f5e8f13-7208-3146-a536-1ed95f667534,  -26.074090 ,  -50.848260 ,2023-08-31 17:49:00,Brasil,PARANÁ,PAULO FRONTIN,Mata Atlântica
 1647733141 ,0b5b9132-7298-3351-b661-f3d021be65b3,  -26.055560 ,  -50.706580 ,2023-08-31 17:49:00,Brasil,PARANÁ,PAULO FRONTIN,Mata Atlântica
 1647733252 ,4c4fa244-2042-36e2-941a-39abd3291a28,  -23.866410 ,  -50.769890 ,2023-08-31 17:49:00,Brasil,PARANÁ,SÃO JERÔNIMO DA SERRA,Mata Atlântica
 1647733253 ,1e199373-ce74-3997-ae2e-ba5dbff2792b,  -23.863960 ,  -50.756110 ,2023-08-31 17:49:00,Brasil,PARANÁ,SAPOPEMA,Mata Atlântica
 1647733254 ,ccf03c78-a350-3d5c-a1da-ce795a229231,  -23.741590 ,  -51.700710 ,2023-08-31 17:49:00,Brasil,PARANÁ,MARUMBI,Mata Atlântica
 1647733255 ,260d7509-3caa-35a2-81b2-f6045b5fe918,  -25.183110 ,  -51.169990 ,2023-08-31 17:49:00,Brasil,PARANÁ,PRUDENTÓPOLIS,Mata Atlântica
 1647733256 ,f8646f29-1f99-34ad-bb7c-8961f4fce272,  -25.180860 ,  -51.156810 ,2023-08-31 17:49:00,Brasil,PARANÁ,PRUDENTÓPOLIS,Mata Atlântica
 1647733257 ,36983272-89c6-3552-b16b-16944a535767,  -25.097620 ,  -51.153210 ,2023-08-31 17:49:00,Brasil,PARANÁ,PRUDENTÓPOLIS,Mata Atlântica
 1647733258 ,93d3d8ac-4c80-3371-b2fd-7489a7962a83,  -25.069010 ,  -51.172120 ,2023-08-31 17:49:00,Brasil,PARANÁ,PRUDENTÓPOLIS,Mata Atlântica
 1647733259 ,a951a257-757f-3f78-9669-86e261b72f2e,  -25.042870 ,  -51.204960 ,2023-08-31 17:49:00,Brasil,PARANÁ,PRUDENTÓPOLIS,Mata Atlântica
 1647733260 ,9e3eab8f-b9b0-3003-8626-01d67dd46ba6,  -25.040540 ,  -51.191630 ,2023-08-31 17:49:00,Brasil,PARANÁ,PRUDENTÓPOLIS,Mata Atlântica
 1647733261 ,dffa6542-1ad8-3e18-8cb6-aae28e24b427,  -25.023020 ,  -51.030130 ,2023-08-31 17:49:00,Brasil,PARANÁ,PRUDENTÓPOLIS,Mata Atlântica
 1647733262 ,de039c0a-3a3f-3075-b276-41f9ee01169a,  -25.004370 ,  -51.081280 ,2023-08-31 17:49:00,Brasil,PARANÁ,PRUDENTÓPOLIS,Mata Atlântica
 1647733263 ,62951299-ec0f-32ee-97ad-574bc3a0b869,  -25.000900 ,  -51.123570 ,2023-08-31 17:49:00,Brasil,PARANÁ,PRUDENTÓPOLIS,Mata Atlântica
 1647733264 ,3c4eaaa4-2e7f-3e67-b96f-376ca912bd7a,  -24.994020 ,  -51.083230 ,2023-08-31 17:49:00,Brasil,PARANÁ,PRUDENTÓPOLIS,Mata Atlântica
 1647733265 ,7717cb36-f3d3-3357-8f1d-fd35a4837f35,  -24.981470 ,  -51.072440 ,2023-08-31 17:49:00,Brasil,PARANÁ,PRUDENTÓPOLIS,Mata Atlântica
 1647733266 ,a6f40ea4-9469-30cc-912f-9330edd8da2a,  -24.981390 ,  -50.946570 ,2023-08-31 17:49:00,Brasil,PARANÁ,IVAÍ,Mata Atlântica
 1647733267 ,8de5c6e5-99b6-31ff-86d2-87bc5ae28c61,  -24.974620 ,  -51.156640 ,2023-08-31 17:49:00,Brasil,PARANÁ,PRUDENTÓPOLIS,Mata Atlântica
 1647733268 ,b3fd80df-f461-3883-9800-b9fe4abfd126,  -24.972360 ,  -51.143570 ,2023-08-31 17:49:00,Brasil,PARANÁ,PRUDENTÓPOLIS,Mata Atlântica
 1647733269 ,5e6c8e30-644a-371e-ab7c-4c5fbd7fe967,  -24.937700 ,  -51.066990 ,2023-08-31 17:49:00,Brasil,PARANÁ,PRUDENTÓPOLIS,Mata Atlântica
 1647733270 ,2ccff449-bfaa-3551-b1d6-731d79be9da0,  -24.910920 ,  -51.205210 ,2023-08-31 17:49:00,Brasil,PARANÁ,PRUDENTÓPOLIS,Mata Atlântica
 1647733271 ,e26135bc-60b7-3f1a-aa5f-bc668536e266,  -24.908580 ,  -51.191450 ,2023-08-31 17:49:00,Brasil,PARANÁ,PRUDENTÓPOLIS,Mata Atlântica
 1647733272 ,d57acd5f-9e8d-36f8-a59c-1fe58dbc9f10,  -24.878800 ,  -51.265030 ,2023-08-31 17:49:00,Brasil,PARANÁ,PRUDENTÓPOLIS,Mata Atlântica
 1647733273 ,03cebf23-d1b8-38fa-bea7-efd027080f01,  -24.878790 ,  -51.142060 ,2023-08-31 17:49:00,Brasil,PARANÁ,PRUDENTÓPOLIS,Mata Atlântica
 1647733274 ,2e14de8c-e60c-3732-a454-be535d19c36a,  -24.852500 ,  -51.174910 ,2023-08-31 17:49:00,Brasil,PARANÁ,PRUDENTÓPOLIS,Mata Atlântica
 1647733275 ,0cf2990d-abf0-36fd-9ec1-37975c55a649,  -24.847180 ,  -51.181790 ,2023-08-31 17:49:00,Brasil,PARANÁ,PRUDENTÓPOLIS,Mata Atlântica
 1647733276 ,a7eff98a-f646-3c35-bf9e-6844be98f8fc,  -24.844930 ,  -51.168470 ,2023-08-31 17:49:00,Brasil,PARANÁ,PRUDENTÓPOLIS,Mata Atlântica
 1647733277 ,ea6a0e9c-b395-35c5-a6b4-41c3535a3511,  -24.842330 ,  -51.278600 ,2023-08-31 17:49:00,Brasil,PARANÁ,PRUDENTÓPOLIS,Mata Atlântica
 1647733278 ,31754346-7f38-3e42-be06-38fc92c7aaff,  -24.834300 ,  -51.293530 ,2023-08-31 17:49:00,Brasil,PARANÁ,PRUDENTÓPOLIS,Mata Atlântica
 1647733279 ,7b722f18-da0b-3d79-8e67-73a35fe30c7a,  -24.794620 ,  -51.123910 ,2023-08-31 17:49:00,Brasil,PARANÁ,CÂNDIDO DE ABREU,Mata Atlântica
 1647733280 ,7fd79419-8101-3388-b430-f8911a70dbb2,  -24.775940 ,  -51.312200 ,2023-08-31 17:49:00,Brasil,PARANÁ,PRUDENTÓPOLIS,Mata Atlântica
 1647733281 ,fc4c98ad-dd65-3acf-a593-ee0c9711f9d0,  -24.775250 ,  -51.319110 ,2023-08-31 17:49:00,Brasil,PARANÁ,PRUDENTÓPOLIS,Mata Atlântica
 1647733282 ,7954d766-7658-39d9-a736-99d6046be485,  -25.744130 ,  -52.439940 ,2023-08-31 17:49:00,Brasil,PARANÁ,CHOPINZINHO,Mata Atlântica
 1647733283 ,e1e5220a-802e-30ba-8425-7663f5dd4e59,  -25.505470 ,  -52.230870 ,2023-08-31 17:49:00,Brasil,PARANÁ,VIRMOND,Mata Atlântica
 1647733284 ,d6814c3b-601b-3ee6-97b5-ced9fd0ecd98,  -25.503600 ,  -52.219560 ,2023-08-31 17:49:00,Brasil,PARANÁ,CANDÓI,Mata Atlântica
 1647733285 ,52e78531-d1b9-3276-8a36-2c030155be43,  -25.449260 ,  -52.153650 ,2023-08-31 17:49:00,Brasil,PARANÁ,CANTAGALO,Mata Atlântica
 1647733286 ,f43a8fa3-f5df-37b8-a14b-d5ea3ab0255a,  -25.447370 ,  -52.142060 ,2023-08-31 17:49:00,Brasil,PARANÁ,CANTAGALO,Mata Atlântica
 1647733288 ,b8ad3736-71e1-3a4c-bbff-9a0aba720b11,  -26.581300 ,  -51.541770 ,2023-08-31 17:49:00,Brasil,PARANÁ,PALMAS,Mata Atlântica
 1647733289 ,d9962471-d9ba-3a2d-8052-8cd8af866fe8,  -26.521570 ,  -52.053000 ,2023-08-31 17:49:00,Brasil,PARANÁ,PALMAS,Mata Atlântica
 1647733291 ,46fd5815-c303-37ba-92ff-43101a0bbea2,  -26.477430 ,  -52.102920 ,2023-08-31 17:49:00,Brasil,PARANÁ,PALMAS,Mata Atlântica
 1647733294 ,a4f61889-228f-33be-954e-e730f7a5cb62,  -26.190850 ,  -51.603100 ,2023-08-31 17:49:00,Brasil,PARANÁ,BITURUNA,Mata Atlântica
 1647733295 ,01d48222-644e-3773-9f12-ce5f6384df27,  -26.173190 ,  -51.319220 ,2023-08-31 17:49:00,Brasil,PARANÁ,BITURUNA,Mata Atlântica
 1647733296 ,41f52ef7-5212-3da3-bae8-482d1877edb7,  -26.075340 ,  -51.831980 ,2023-08-31 17:49:00,Brasil,PARANÁ,CORONEL DOMINGOS SOARES,Mata Atlântica
 1647733297 ,92dc6609-1e90-3bfa-a0e9-cc9a257321fe,  -25.952990 ,  -51.906070 ,2023-08-31 17:49:00,Brasil,PARANÁ,RESERVA DO IGUAÇU,Mata Atlântica
 1647733298 ,ef8c79bf-98aa-3cb2-bfbf-6af0df499d3b,  -25.951150 ,  -51.894910 ,2023-08-31 17:49:00,Brasil,PARANÁ,RESERVA DO IGUAÇU,Mata Atlântica
 1647733299 ,087ecf49-e45b-3613-8ff7-8ce1c1be3e85,  -25.913460 ,  -51.667590 ,2023-08-31 17:49:00,Brasil,PARANÁ,PINHÃO,Mata Atlântica
 1647733300 ,6ab06652-7daf-3005-883a-63d476410fa5,  -25.904460 ,  -51.184490 ,2023-08-31 17:49:00,Brasil,PARANÁ,CRUZ MACHADO,Mata Atlântica
 1647733301 ,11fe4fec-f2d7-3a33-840c-d8683f7161c5,  -25.866440 ,  -51.448190 ,2023-08-31 17:49:00,Brasil,PARANÁ,PINHÃO,Mata Atlântica
 1647733302 ,699964bc-ee69-37f8-bc4f-f622c3785d2a,  -25.864400 ,  -51.436120 ,2023-08-31 17:49:00,Brasil,PARANÁ,PINHÃO,Mata Atlântica
 1647733303 ,f28e74f2-1ff7-38a9-9e89-32749373d308,  -26.280430 ,  -52.329930 ,2023-08-31 17:49:00,Brasil,PARANÁ,CLEVELÂNDIA,Mata Atlântica
 1647733350 ,0f6f5611-9dda-36b0-a256-e663eb578a8a,  -25.485600 ,  -52.890180 ,2023-08-31 17:49:00,Brasil,PARANÁ,QUEDAS DO IGUAÇU,Mata Atlântica
 1647733373 ,c51cf5e9-16d6-387d-851d-21de27caa9f5,  -25.517890 ,  -53.277980 ,2023-08-31 17:49:00,Brasil,PARANÁ,TRÊS BARRAS DO PARANÁ,Mata Atlântica
 1647733374 ,f58cf340-512b-346c-958e-5c9d81681ab6,  -25.519510 ,  -53.288350 ,2023-08-31 17:49:00,Brasil,PARANÁ,TRÊS BARRAS DO PARANÁ,Mata Atlântica
 1649144651 ,dbfde9f6-6c47-34ca-8f15-1f030aeb771c,  -25.386590 ,  -52.669590 ,2023-09-07 17:47:00,Brasil,PARANÁ,NOVA LARANJEIRAS,Mata Atlântica
 1649144652 ,66b905b5-a9c1-35ba-94f6-9f811b394c5a,  -23.930890 ,  -50.571980 ,2023-09-07 17:47:00,Brasil,PARANÁ,SAPOPEMA,Mata Atlântica
 1647551812 ,810e37c2-9d8b-3cb3-a2c6-a62fd25c5e9a,  -26.504410 ,  -51.648250 ,2023-08-30 17:07:00,Brasil,PARANÁ,PALMAS,Mata Atlântica
 1647551813 ,2bb0b2f2-7f4c-3ac6-8cff-893d2c95bccd,  -26.369080 ,  -52.272070 ,2023-08-30 17:07:00,Brasil,PARANÁ,CLEVELÂNDIA,Mata Atlântica
 1647551814 ,911bcea0-de2a-3d4b-8d7f-2d27980942f4,  -26.366740 ,  -52.246800 ,2023-08-30 17:07:00,Brasil,PARANÁ,CLEVELÂNDIA,Mata Atlântica
 1647551815 ,edf3c5ff-13af-3a76-8bc4-c1b62a6f5c81,  -25.485390 ,  -51.162990 ,2023-08-30 17:07:00,Brasil,PARANÁ,INÁCIO MARTINS,Mata Atlântica
 1647551816 ,b9de1f25-b1ce-39c5-8204-9646b8ad447e,  -25.483350 ,  -51.142310 ,2023-08-30 17:07:00,Brasil,PARANÁ,GUARAPUAVA,Mata Atlântica
 1647551817 ,1fe8c57d-3a01-3182-a846-3479286a7e25,  -25.482180 ,  -51.149330 ,2023-08-30 17:07:00,Brasil,PARANÁ,GUARAPUAVA,Mata Atlântica
 1647551818 ,14017499-b872-3a80-b034-54973f314547,  -25.440670 ,  -52.160440 ,2023-08-30 17:07:00,Brasil,PARANÁ,CANTAGALO,Mata Atlântica
 1647551819 ,7f92619f-b488-3172-99ce-01db7c7f62ec,  -25.287770 ,  -49.485920 ,2023-08-30 17:07:00,Brasil,PARANÁ,CAMPO MAGRO,Mata Atlântica
 1647551820 ,436c8226-d1ed-3524-b1bf-0b3922726fb3,  -25.287300 ,  -49.492450 ,2023-08-30 17:07:00,Brasil,PARANÁ,CAMPO MAGRO,Mata Atlântica
 1647551821 ,f03f3caa-fb66-3d46-a23e-0b6f8fc69de1,  -25.001610 ,  -52.063790 ,2023-08-30 17:07:00,Brasil,PARANÁ,GOIOXIM,Mata Atlântica
 1647551822 ,19309c2d-c5df-3674-a5cd-625bb6f50b71,  -24.929200 ,  -51.168640 ,2023-08-30 17:07:00,Brasil,PARANÁ,PRUDENTÓPOLIS,Mata Atlântica
 1647551823 ,593bf74b-10e4-317f-a2fb-a59d0f48a7da,  -24.927510 ,  -51.175730 ,2023-08-30 17:07:00,Brasil,PARANÁ,PRUDENTÓPOLIS,Mata Atlântica
 1647551824 ,1dc0d134-a25a-3c69-9844-326cc18da04c,  -24.925370 ,  -51.155490 ,2023-08-30 17:07:00,Brasil,PARANÁ,PRUDENTÓPOLIS,Mata Atlântica
 1647551825 ,c4d32cc7-c374-3c6b-822f-b6a44174207e,  -24.427720 ,  -52.345410 ,2023-08-30 17:07:00,Brasil,PARANÁ,LUIZIANA,Mata Atlântica
 1647551826 ,e97595dc-81cd-3020-9a58-36f5431db222,  -24.425290 ,  -52.321540 ,2023-08-30 17:07:00,Brasil,PARANÁ,LUIZIANA,Mata Atlântica
 1647551827 ,7dd2e305-2feb-367e-8266-1c29fa45e7a6,  -24.421090 ,  -52.341400 ,2023-08-30 17:07:00,Brasil,PARANÁ,LUIZIANA,Mata Atlântica
 1647551828 ,7d25cdee-0ea6-3f09-910e-3f0fe6d0cb32,  -23.566320 ,  -52.575420 ,2023-08-30 17:07:00,Brasil,PARANÁ,SÃO TOMÉ,Mata Atlântica
 1647551829 ,d68b22ff-bb47-3b78-b75f-d39fedb36b96,  -23.564010 ,  -52.551690 ,2023-08-30 17:07:00,Brasil,PARANÁ,SÃO TOMÉ,Mata Atlântica
 1647551830 ,7298b6d5-b215-3ac2-b126-269f9eaf79b6,  -23.203830 ,  -52.169520 ,2023-08-30 17:07:00,Brasil,PARANÁ,NOVA ESPERANÇA,Mata Atlântica
 1647551831 ,19722970-b869-3ed6-bdda-4fcd7d766217,  -23.203110 ,  -52.185070 ,2023-08-30 17:07:00,Brasil,PARANÁ,NOVA ESPERANÇA,Mata Atlântica
 1647551832 ,fa3b0e8e-08b1-393a-b0a8-eee66c743fc8,  -23.200980 ,  -52.163070 ,2023-08-30 17:07:00,Brasil,PARANÁ,NOVA ESPERANÇA,Mata Atlântica
 1647551833 ,f70d161c-ac41-3a64-8ea1-cc3db148aa0d,  -23.190610 ,  -52.170790 ,2023-08-30 17:07:00,Brasil,PARANÁ,NOVA ESPERANÇA,Mata Atlântica
 1647551834 ,1ac764c0-1989-343f-a4cd-76d4809dee4a,  -23.110400 ,  -50.579260 ,2023-08-30 17:07:00,Brasil,PARANÁ,SANTA MARIANA,Mata Atlântica
 1650015460 ,9602ae05-00ca-3db3-8e5c-e7257f29484c,  -25.773110 ,  -50.211850 ,2023-09-11 17:17:00,Brasil,PARANÁ,SÃO JOÃO DO TRIUNFO,Mata Atlântica
 1650015461 ,5de5ad62-64eb-3107-9a8e-e134d3c6cfc8,  -24.267050 ,  -52.919650 ,2023-09-11 17:17:00,Brasil,PARANÁ,RANCHO ALEGRE D'OESTE,Mata Atlântica
 1650015462 ,e147ba04-425b-35a7-8c77-89ea02e04b8c,  -24.265100 ,  -52.902210 ,2023-09-11 17:17:00,Brasil,PARANÁ,RANCHO ALEGRE D'OESTE,Mata Atlântica
 1650015463 ,45ac962c-ff34-3607-9055-5983d79311ed,  -24.092870 ,  -52.781530 ,2023-09-11 17:17:00,Brasil,PARANÁ,JANIÓPOLIS,Mata Atlântica
 1650015464 ,dc74c655-3d7a-3c1c-8350-e0a781a69420,  -24.090930 ,  -52.793770 ,2023-09-11 17:17:00,Brasil,PARANÁ,JANIÓPOLIS,Mata Atlântica
 1650015465 ,4871004f-2177-3951-820e-5f1a20a6eabf,  -24.089100 ,  -52.776750 ,2023-09-11 17:17:00,Brasil,PARANÁ,JANIÓPOLIS,Mata Atlântica
 1650252550 ,acc574ca-1af9-3fac-9d6c-38dcd926ed67,  -25.909340 ,  -49.273920 ,2023-09-12 17:58:00,Brasil,PARANÁ,MANDIRITUBA,Mata Atlântica
 1650252551 ,8fde1457-52c7-3456-8139-efb81b9b907f,  -25.901660 ,  -49.267980 ,2023-09-12 17:58:00,Brasil,PARANÁ,MANDIRITUBA,Mata Atlântica
 1650252552 ,64a06dea-f733-3ef9-b314-9e5c6acc252e,  -25.183240 ,  -49.033860 ,2023-09-12 17:58:00,Brasil,PARANÁ,BOCAIÚVA DO SUL,Mata Atlântica
 1650252553 ,c3db90f4-73c0-30c2-b467-bcc3b48b3d38,  -24.994860 ,  -50.131980 ,2023-09-12 17:58:00,Brasil,PARANÁ,CARAMBEÍ,Mata Atlântica
 1650252554 ,73534507-47b7-3a5e-8d70-e32fa62ef932,  -24.101660 ,  -53.134640 ,2023-09-12 17:58:00,Brasil,PARANÁ,MARILUZ,Mata Atlântica
 1650252555 ,fd608410-f91b-3ba5-9be3-1f0700bbccf1,  -23.203940 ,  -52.263890 ,2023-09-12 17:58:00,Brasil,PARANÁ,NOVA ESPERANÇA,Mata Atlântica
 1650387891 ,59ffc218-7495-3589-98da-bc066d5373f1,  -24.737390 ,  -48.815620 ,2023-09-13 17:02:00,Brasil,PARANÁ,ADRIANÓPOLIS,Mata Atlântica
 1650387892 ,81d974d0-0314-3a02-a1a8-81de8e2170b9,  -24.734460 ,  -48.810050 ,2023-09-13 17:02:00,Brasil,PARANÁ,ADRIANÓPOLIS,Mata Atlântica
 1650387894 ,f878e2e8-4ad0-3eac-a587-c8a6083c96e2,  -25.919980 ,  -49.255880 ,2023-09-13 17:02:00,Brasil,PARANÁ,TIJUCAS DO SUL,Mata Atlântica
 1650387895 ,8c39c970-4d56-3856-b155-948cefc35fdb,  -25.448310 ,  -49.087400 ,2023-09-13 17:02:00,Brasil,PARANÁ,PIRAQUARA,Mata Atlântica
 1650387896 ,dabfedd3-8f0f-3a89-83f8-39ffc5eff791,  -25.436510 ,  -49.088800 ,2023-09-13 17:02:00,Brasil,PARANÁ,PIRAQUARA,Mata Atlântica
 1650387897 ,0cbb58b6-48f1-3498-b12a-f525449e2a29,  -25.206440 ,  -49.048570 ,2023-09-13 17:02:00,Brasil,PARANÁ,BOCAIÚVA DO SUL,Mata Atlântica
 1650387898 ,2b6a77ba-effd-313b-a0cd-865ede1b57c5,  -25.204540 ,  -49.031350 ,2023-09-13 17:02:00,Brasil,PARANÁ,BOCAIÚVA DO SUL,Mata Atlântica
 1650388257 ,e937dcd2-7e1d-31a5-b36f-968e2be61ca4,  -25.286870 ,  -49.394730 ,2023-09-13 17:02:00,Brasil,PARANÁ,ALMIRANTE TAMANDARÉ,Mata Atlântica
 1650388258 ,188cfbeb-d226-3449-b59e-501f87b206b0,  -25.253540 ,  -49.368500 ,2023-09-13 17:02:00,Brasil,PARANÁ,ALMIRANTE TAMANDARÉ,Mata Atlântica
 1650388259 ,341d0ef1-5767-3a70-aa2a-042192b7fcde,  -24.713080 ,  -49.469420 ,2023-09-13 17:02:00,Brasil,PARANÁ,CERRO AZUL,Mata Atlântica
 1650388260 ,8a8dce61-1c8e-31af-8060-982b23fd49db,  -24.707570 ,  -49.476730 ,2023-09-13 17:02:00,Brasil,PARANÁ,DOUTOR ULYSSES,Mata Atlântica
 1650388261 ,3ebbe005-fd95-3041-8efd-193d32ab7aac,  -24.690880 ,  -49.664340 ,2023-09-13 17:02:00,Brasil,PARANÁ,CASTRO,Mata Atlântica
 1650388262 ,5636e600-093e-3abf-b7d0-0916d2e6eac7,  -24.668010 ,  -49.335280 ,2023-09-13 17:02:00,Brasil,PARANÁ,DOUTOR ULYSSES,Mata Atlântica
 1650388487 ,0eda7c31-5c13-3b2f-a2a2-a5144eff03c7,  -24.547230 ,  -50.927950 ,2023-09-13 17:05:00,Brasil,PARANÁ,RESERVA,Mata Atlântica
 1647378070 ,1285bd3d-358a-3574-a6ee-7890fa89b733,  -24.733160 ,  -51.328280 ,2023-08-29 18:04:00,Brasil,PARANÁ,CÂNDIDO DE ABREU,Mata Atlântica
 1647378071 ,04c2e949-6848-3449-a88d-6142847b33da,  -24.728860 ,  -51.306240 ,2023-08-29 18:04:00,Brasil,PARANÁ,CÂNDIDO DE ABREU,Mata Atlântica
 1647378072 ,66a86f92-46f8-37dc-8b8b-5407a972150a,  -24.727690 ,  -51.324930 ,2023-08-29 18:04:00,Brasil,PARANÁ,CÂNDIDO DE ABREU,Mata Atlântica
 1650727272 ,bf9ddd04-4e04-3b4e-8796-06c0bca8d177,  -24.290900 ,  -49.925910 ,2023-09-15 16:50:00,Brasil,PARANÁ,JAGUARIAÍVA,Cerrado
 1650727276 ,679718a2-4c9c-3a2b-840b-ad3c83989a08,  -24.298960 ,  -49.917180 ,2023-09-15 16:50:00,Brasil,PARANÁ,JAGUARIAÍVA,Cerrado
 1650727277 ,3815a0ac-0e21-3d38-8d1a-07c237bd1152,  -23.038270 ,  -51.701840 ,2023-09-15 16:50:00,Brasil,PARANÁ,JAGUAPITÃ,Mata Atlântica
 1650727278 ,0fafc3a7-c401-3e76-8696-fbc2194d6a36,  -23.035810 ,  -51.662990 ,2023-09-15 16:50:00,Brasil,PARANÁ,JAGUAPITÃ,Mata Atlântica
 1650727279 ,f47f4ceb-d676-347d-91ad-91bdf80ce3e9,  -23.034690 ,  -51.654380 ,2023-09-15 16:50:00,Brasil,PARANÁ,JAGUAPITÃ,Mata Atlântica
 1650727280 ,14f5dfcd-395e-3555-affa-686f73841add,  -23.848800 ,  -50.609110 ,2023-09-15 16:50:00,Brasil,PARANÁ,SAPOPEMA,Mata Atlântica
 1650995919 ,6d685cc7-0dc5-3459-9bfd-455ac3b4da9b,  -23.114800 ,  -49.761070 ,2023-09-16 17:30:00,Brasil,PARANÁ,RIBEIRÃO CLARO,Mata Atlântica
 1650995922 ,2cf8b9e4-71fd-3f54-8986-9a9df56b3081,  -23.308050 ,  -52.555880 ,2023-09-16 17:30:00,Brasil,PARANÁ,SÃO CARLOS DO IVAÍ,Mata Atlântica
 1650995923 ,829a6419-f241-334b-8131-59e167f1515d,  -23.309450 ,  -52.566420 ,2023-09-16 17:30:00,Brasil,PARANÁ,PARAÍSO DO NORTE,Mata Atlântica
 1650995924 ,1fd8d6c7-e72a-361b-8083-9099b1564b38,  -23.339370 ,  -51.903450 ,2023-09-16 17:30:00,Brasil,PARANÁ,MARINGÁ,Mata Atlântica
 1650995925 ,8179ecc5-0cc4-3df2-8ed6-70bf46b50834,  -23.340770 ,  -51.913600 ,2023-09-16 17:30:00,Brasil,PARANÁ,MARINGÁ,Mata Atlântica
 1650995926 ,c5c0990e-3d9f-3ba7-b766-a9f7ec94d180,  -23.348490 ,  -51.901960 ,2023-09-16 17:30:00,Brasil,PARANÁ,MARINGÁ,Mata Atlântica
 1650995927 ,574f98fd-745d-319b-b735-c78759fda966,  -23.430450 ,  -51.701900 ,2023-09-16 17:30:00,Brasil,PARANÁ,MANDAGUARI,Mata Atlântica
 1650995930 ,3be8ddb8-a8d0-304a-b23e-f5411138d00a,  -23.464310 ,  -50.382590 ,2023-09-16 17:30:00,Brasil,PARANÁ,RIBEIRÃO DO PINHAL,Mata Atlântica
 1650995932 ,c28e3c8b-6c3b-3653-9c85-826838a78ca6,  -23.845520 ,  -53.976310 ,2023-09-16 17:30:00,Brasil,PARANÁ,ALTÔNIA,Mata Atlântica
 1650995933 ,f853612e-5aea-3d52-a8c8-12f58f784b55,  -24.008760 ,  -50.965600 ,2023-09-16 17:30:00,Brasil,PARANÁ,ORTIGUEIRA,Mata Atlântica
 1650995935 ,620531c8-5ea0-3728-95d9-576d7c7bba96,  -24.649390 ,  -52.013700 ,2023-09-16 17:30:00,Brasil,PARANÁ,PITANGA,Mata Atlântica
 1650995936 ,3434d3d0-4d31-362f-9928-b9f4f707319b,  -24.673070 ,  -50.209880 ,2023-09-16 17:30:00,Brasil,PARANÁ,TIBAGI,Mata Atlântica
 1650995938 ,52e66b5d-2156-37a0-b4c7-d2e2ad2a2735,  -25.062330 ,  -49.353500 ,2023-09-16 17:30:00,Brasil,PARANÁ,RIO BRANCO DO SUL,Mata Atlântica
 1650995939 ,baf330a4-3155-3215-ba10-eb1e4ad8022c,  -25.088300 ,  -49.904370 ,2023-09-16 17:30:00,Brasil,PARANÁ,PONTA GROSSA,Mata Atlântica
 1650995940 ,5a2649d9-6753-3d87-8715-b41e2a591410,  -25.107220 ,  -49.467950 ,2023-09-16 17:30:00,Brasil,PARANÁ,ITAPERUÇU,Mata Atlântica
 1650995941 ,d4ec81a9-b9b6-378c-ad35-43dad17b5382,  -25.111280 ,  -49.133270 ,2023-09-16 17:30:00,Brasil,PARANÁ,RIO BRANCO DO SUL,Mata Atlântica
 1650995942 ,24b45a23-0d35-398b-9911-6d066b6f6137,  -25.112790 ,  -49.143210 ,2023-09-16 17:30:00,Brasil,PARANÁ,RIO BRANCO DO SUL,Mata Atlântica
 1650995943 ,c9a39ede-ad3c-3295-9066-0504f8aadbb8,  -25.126550 ,  -49.535770 ,2023-09-16 17:30:00,Brasil,PARANÁ,ITAPERUÇU,Mata Atlântica
 1650995944 ,a6ba932e-be47-3ed4-acbd-8d805f61a201,  -25.150770 ,  -51.927230 ,2023-09-16 17:30:00,Brasil,PARANÁ,GOIOXIM,Mata Atlântica
 1650995945 ,83b5b479-d15a-38a7-bfe0-aa6676f6b601,  -25.152180 ,  -51.937820 ,2023-09-16 17:30:00,Brasil,PARANÁ,GOIOXIM,Mata Atlântica
 1650995946 ,748a1385-8bc8-3bee-98b5-b405a8d9d66e,  -25.236920 ,  -49.288820 ,2023-09-16 17:30:00,Brasil,PARANÁ,ALMIRANTE TAMANDARÉ,Mata Atlântica
 1650995947 ,53974e7a-3517-3939-bea8-e12b97eac0e3,  -25.513750 ,  -52.931980 ,2023-09-16 17:30:00,Brasil,PARANÁ,QUEDAS DO IGUAÇU,Mata Atlântica
 1650995948 ,a1e46e2e-578f-3fa0-bb13-0dd7253cd462,  -25.517220 ,  -52.936660 ,2023-09-16 17:30:00,Brasil,PARANÁ,QUEDAS DO IGUAÇU,Mata Atlântica
 1650995949 ,3e65cf6d-a603-31c2-b0a3-c5c202b5824b,  -25.559480 ,  -52.098610 ,2023-09-16 17:30:00,Brasil,PARANÁ,CANDÓI,Mata Atlântica
 1650995950 ,77e41efc-d72e-36b5-b58e-db22802526f8,  -25.775120 ,  -50.004790 ,2023-09-16 17:28:00,Brasil,PARANÁ,LAPA,Mata Atlântica
 1650995951 ,379d9b6b-5cf5-30ce-ab9b-a39fc6684652,  -25.776550 ,  -50.014670 ,2023-09-16 17:28:00,Brasil,PARANÁ,LAPA,Mata Atlântica
 1650995952 ,41f235ea-0e28-3963-882e-698c54fcefe7,  -26.275720 ,  -53.245780 ,2023-09-16 17:28:00,Brasil,PARANÁ,FLOR DA SERRA DO SUL,Mata Atlântica
 1650995954 ,23dbd5a2-bd02-32de-84c1-41d2baa2f95f,  -26.479830 ,  -51.497580 ,2023-09-16 17:28:00,Brasil,PARANÁ,GENERAL CARNEIRO,Mata Atlântica
 1650995955 ,aba4f933-6881-3d17-978b-a73652394616,  -26.481260 ,  -51.508240 ,2023-09-16 17:28:00,Brasil,PARANÁ,GENERAL CARNEIRO,Mata Atlântica
 1647189327 ,ecdcde96-4e19-3500-9a4a-f9839e6d255d,  -25.341200 ,  -52.655410 ,2023-08-28 17:22:00,Brasil,PARANÁ,NOVA LARANJEIRAS,Mata Atlântica
 1647189328 ,943ee4a9-4c29-392d-8737-cebad97e605d,  -24.911170 ,  -51.262020 ,2023-08-28 17:22:00,Brasil,PARANÁ,PRUDENTÓPOLIS,Mata Atlântica
 1647189329 ,f9ef66fa-4238-3f11-9451-9110a368bf36,  -23.882660 ,  -51.821530 ,2023-08-28 17:22:00,Brasil,PARANÁ,SÃO PEDRO DO IVAÍ,Mata Atlântica
 1651247028 ,ea94e99a-1d9b-38d7-bb18-7fddc260c419,  -26.157660 ,  -51.879950 ,2023-09-17 18:11:00,Brasil,PARANÁ,CORONEL DOMINGOS SOARES,Mata Atlântica
 1651247029 ,570cc746-410d-333a-b476-de0e1f05e7e3,  -26.154120 ,  -51.889110 ,2023-09-17 18:11:00,Brasil,PARANÁ,CORONEL DOMINGOS SOARES,Mata Atlântica
 1651247050 ,315569e9-5475-3fa6-baa5-c88669c43fdc,  -24.331520 ,  -54.183030 ,2023-09-17 18:11:00,Brasil,PARANÁ,GUAÍRA,Mata Atlântica
 1651247056 ,50b95e1c-18fb-3769-ac45-253d653465ae,  -24.331740 ,  -54.188070 ,2023-09-17 18:11:00,Brasil,PARANÁ,GUAÍRA,Mata Atlântica
 1651247057 ,becfbe82-e651-3cc4-8976-0d2b8105501d,  -24.328060 ,  -54.168390 ,2023-09-17 18:11:00,Brasil,PARANÁ,GUAÍRA,Mata Atlântica
 1651433318 ,57cf7a8d-7b51-36af-96ca-7481f8477532,  -23.617320 ,  -51.073230 ,2023-09-18 17:15:00,Brasil,PARANÁ,LONDRINA,Mata Atlântica
 1651433319 ,b5b0c545-dd6b-3ecb-b1a6-4a752a6dce85,  -23.615660 ,  -51.059170 ,2023-09-18 17:15:00,Brasil,PARANÁ,LONDRINA,Mata Atlântica
 1651433320 ,9d444e5f-aa81-35f3-bf4a-b6e400dc74b3,  -23.510220 ,  -51.720880 ,2023-09-18 17:15:00,Brasil,PARANÁ,MARIALVA,Mata Atlântica
 1651433321 ,3693c160-6fa1-32d5-ba93-4513dfddc774,  -25.034570 ,  -51.083830 ,2023-09-18 17:15:00,Brasil,PARANÁ,PRUDENTÓPOLIS,Mata Atlântica
 1651433322 ,a72a933d-3f42-3400-b957-f18d8aa143c3,  -25.032970 ,  -51.069520 ,2023-09-18 17:15:00,Brasil,PARANÁ,PRUDENTÓPOLIS,Mata Atlântica
 1651433323 ,040a4bdf-2682-3a94-bce0-b91796ed4648,  -25.030060 ,  -51.076270 ,2023-09-18 17:15:00,Brasil,PARANÁ,PRUDENTÓPOLIS,Mata Atlântica
 1651433324 ,763aa327-a52b-3413-b862-a38b1fc97591,  -25.007340 ,  -50.976530 ,2023-09-18 17:15:00,Brasil,PARANÁ,PRUDENTÓPOLIS,Mata Atlântica
 1651433325 ,817873b9-e2b1-3ca9-a0ce-a2fb12c267b6,  -24.942630 ,  -51.198460 ,2023-09-18 17:15:00,Brasil,PARANÁ,PRUDENTÓPOLIS,Mata Atlântica
 1651433326 ,d37dea9a-c5f8-3c8f-ac39-969b933c1c01,  -24.874860 ,  -51.089030 ,2023-09-18 17:15:00,Brasil,PARANÁ,CÂNDIDO DE ABREU,Mata Atlântica
 1651433327 ,984d0ede-2d84-3dae-844c-931e66dd9dfd,  -24.829710 ,  -50.836320 ,2023-09-18 17:15:00,Brasil,PARANÁ,TIBAGI,Mata Atlântica
 1651433328 ,f495cb13-42ee-3b10-a2a1-8a5e897cc9e6,  -24.683970 ,  -51.110830 ,2023-09-18 17:15:00,Brasil,PARANÁ,CÂNDIDO DE ABREU,Mata Atlântica
 1651433329 ,f6c8de6f-acec-3872-a67c-caca9b8f60fc,  -24.536160 ,  -50.939720 ,2023-09-18 17:15:00,Brasil,PARANÁ,RESERVA,Mata Atlântica
 1651433330 ,4d20bd5d-d32a-3ba7-b554-34eb382757c8,  -24.534420 ,  -50.925040 ,2023-09-18 17:15:00,Brasil,PARANÁ,RESERVA,Mata Atlântica
 1651433332 ,6c57ba7e-7383-346b-8050-7f4cb7891df3,  -25.991470 ,  -51.714040 ,2023-09-18 17:15:00,Brasil,PARANÁ,BITURUNA,Mata Atlântica
 1651433333 ,21f17992-b197-3e11-9602-ea41d9c4eda0,  -25.612990 ,  -51.270680 ,2023-09-18 17:15:00,Brasil,PARANÁ,INÁCIO MARTINS,Mata Atlântica
 1651433334 ,66412949-bf9b-3710-9ddc-fd7e0fdce224,  -25.612070 ,  -51.277710 ,2023-09-18 17:15:00,Brasil,PARANÁ,INÁCIO MARTINS,Mata Atlântica
 1651433335 ,c235ac8c-0982-32d9-a6c4-2652eb41b36d,  -25.611280 ,  -51.255140 ,2023-09-18 17:15:00,Brasil,PARANÁ,INÁCIO MARTINS,Mata Atlântica
 1651433336 ,f57a19ea-98eb-380f-ae9a-aa424ace1856,  -25.610250 ,  -51.262120 ,2023-09-18 17:15:00,Brasil,PARANÁ,INÁCIO MARTINS,Mata Atlântica
 1651433337 ,60bf4785-1d45-3535-8bf3-818bd85c3fb8,  -25.445000 ,  -51.001680 ,2023-09-18 17:15:00,Brasil,PARANÁ,IRATI,Mata Atlântica
 1651433412 ,6a8dad76-9155-3b4f-83ff-4ca1e966f84c,  -24.628770 ,  -53.162800 ,2023-09-18 17:15:00,Brasil,PARANÁ,ANAHY,Mata Atlântica
 1651434143 ,d2b3c815-4b38-3eaa-8fc7-b43245f5a67e,  -25.155170 ,  -49.205190 ,2023-09-18 17:15:00,Brasil,PARANÁ,RIO BRANCO DO SUL,Mata Atlântica
 1651434144 ,5403c290-2cee-3cab-94cd-aaf7476f943a,  -25.145520 ,  -49.206740 ,2023-09-18 17:15:00,Brasil,PARANÁ,RIO BRANCO DO SUL,Mata Atlântica
 1651434147 ,0f60df3e-8ce5-3179-b98d-a8e321a0bbd6,  -26.003740 ,  -49.144060 ,2023-09-18 17:15:00,Brasil,PARANÁ,TIJUCAS DO SUL,Mata Atlântica
 1651434148 ,7275103c-afd7-3d7b-9938-eded4ffb02d2,  -25.994000 ,  -49.145460 ,2023-09-18 17:15:00,Brasil,PARANÁ,TIJUCAS DO SUL,Mata Atlântica
 1651434149 ,02d9374e-5f46-3338-a91f-5eb165c5a727,  -25.929540 ,  -49.040990 ,2023-09-18 17:15:00,Brasil,PARANÁ,TIJUCAS DO SUL,Mata Atlântica
 1651434150 ,4b9a8028-2206-3933-a101-5658d1983393,  -25.917040 ,  -49.259510 ,2023-09-18 17:15:00,Brasil,PARANÁ,MANDIRITUBA,Mata Atlântica
 1651434151 ,201f280c-b87b-3708-bcf8-4796e989e3be,  -25.915580 ,  -49.247540 ,2023-09-18 17:15:00,Brasil,PARANÁ,TIJUCAS DO SUL,Mata Atlântica
 1651434152 ,461b68ed-c79b-34b3-9774-6544ce321bd8,  -25.914040 ,  -49.254390 ,2023-09-18 17:15:00,Brasil,PARANÁ,TIJUCAS DO SUL,Mata Atlântica
 1651434153 ,cff83d75-53b8-3988-a26f-f974f5deec60,  -25.198200 ,  -49.285710 ,2023-09-18 17:15:00,Brasil,PARANÁ,RIO BRANCO DO SUL,Mata Atlântica
 1651434175 ,b4f8041a-2b67-3747-9b02-4890e26bf367,  -25.149600 ,  -51.927960 ,2023-09-18 17:15:00,Brasil,PARANÁ,GOIOXIM,Mata Atlântica
 1651434282 ,fd6c6595-45bf-32a4-bf67-e2f8c8f91fe6,  -25.245130 ,  -49.423110 ,2023-09-18 17:15:00,Brasil,PARANÁ,ITAPERUÇU,Mata Atlântica
 1651434283 ,ddf58050-bac8-3440-b365-8ef664cef2fa,  -25.220170 ,  -49.463340 ,2023-09-18 17:15:00,Brasil,PARANÁ,CAMPO MAGRO,Mata Atlântica
 1651434284 ,dcc533dc-1337-3e64-ad3d-3f2f34ce1e66,  -25.121640 ,  -50.858750 ,2023-09-18 17:15:00,Brasil,PARANÁ,GUAMIRANGA,Mata Atlântica
 1651434285 ,f3d43368-d45a-3bb8-a8ba-a086ad55cbea,  -24.942910 ,  -49.286540 ,2023-09-18 17:15:00,Brasil,PARANÁ,CERRO AZUL,Mata Atlântica
 1651434286 ,d4539751-1fb8-3592-9ec2-8aaad2a81f16,  -24.865870 ,  -49.639580 ,2023-09-18 17:15:00,Brasil,PARANÁ,CASTRO,Mata Atlântica
 1651434287 ,b6720680-6040-33a7-8f86-e26a3dca05c3,  -24.801370 ,  -49.618450 ,2023-09-18 17:15:00,Brasil,PARANÁ,CASTRO,Mata Atlântica
 1651434296 ,17c14151-b23d-395a-a909-aea4534fe1b8,  -25.440250 ,  -49.601910 ,2023-09-18 17:15:00,Brasil,PARANÁ,CAMPO LARGO,Mata Atlântica
 1651434297 ,55e196eb-3b2b-3b8e-92a6-d9b3d9852aae,  -25.356650 ,  -50.842970 ,2023-09-18 17:15:00,Brasil,PARANÁ,PRUDENTÓPOLIS,Mata Atlântica
 1651615202 ,a83b2cd8-b828-33b0-b421-fa3f4e433e22,  -23.352370 ,  -52.311900 ,2023-09-19 17:56:00,Brasil,PARANÁ,FLORAÍ,Mata Atlântica
 1651778895 ,01bc2b7a-e7cc-328f-a3c2-5c119a672516,  -23.847630 ,  -52.903050 ,2023-09-20 17:02:00,Brasil,PARANÁ,TUNEIRAS DO OESTE,Mata Atlântica
 1651778896 ,2668391e-6d8a-3b95-b88b-9940ec52c31f,  -23.844530 ,  -52.868000 ,2023-09-20 17:02:00,Brasil,PARANÁ,TUNEIRAS DO OESTE,Mata Atlântica
 1651778897 ,6d7fa279-b147-331a-b5bf-4579ae8cea0f,  -23.839790 ,  -52.898980 ,2023-09-20 17:02:00,Brasil,PARANÁ,TUNEIRAS DO OESTE,Mata Atlântica
 1651954654 ,351a4702-a8fd-36c3-a488-5abf7c629b2c,  -25.592810 ,  -52.754390 ,2023-09-21 17:41:00,Brasil,PARANÁ,RIO BONITO DO IGUAÇU,Mata Atlântica
 1651954655 ,4ebe4c19-47dd-335b-818f-422486d11e66,  -25.591350 ,  -52.744460 ,2023-09-21 17:41:00,Brasil,PARANÁ,RIO BONITO DO IGUAÇU,Mata Atlântica
 1651954656 ,f56f5a6c-37a3-3848-be7c-5fd4c8b3eea2,  -25.476640 ,  -52.782190 ,2023-09-21 17:41:00,Brasil,PARANÁ,ESPIGÃO ALTO DO IGUAÇU,Mata Atlântica
 1651954657 ,5c74a57d-96b0-3833-99cb-c596320d3e85,  -25.413970 ,  -52.728170 ,2023-09-21 17:41:00,Brasil,PARANÁ,NOVA LARANJEIRAS,Mata Atlântica
 1651954658 ,1c1237fd-9007-37c1-8949-bb7f7e439963,  -24.946430 ,  -51.236760 ,2023-09-21 17:41:00,Brasil,PARANÁ,PRUDENTÓPOLIS,Mata Atlântica
 1651954659 ,6402effb-3c83-3620-950b-5673f94e412e,  -23.810400 ,  -50.784890 ,2023-09-21 17:41:00,Brasil,PARANÁ,SÃO JERÔNIMO DA SERRA,Mata Atlântica
 1651954660 ,45f01135-0d25-3941-bb68-e9ad32c40305,  -23.592780 ,  -50.275520 ,2023-09-21 17:41:00,Brasil,PARANÁ,IBAITI,Mata Atlântica
 1651954664 ,5e8034dd-14d6-3f68-a22a-4ab780784774,  -23.106700 ,  -49.765350 ,2023-09-21 17:41:00,Brasil,PARANÁ,RIBEIRÃO CLARO,Mata Atlântica
 1651954665 ,7e9af348-8365-341a-a069-2eeb1354f9c5,  -23.104100 ,  -52.386780 ,2023-09-21 17:43:00,Brasil,PARANÁ,ALTO PARANÁ,Mata Atlântica
 1652528750 ,495dbef0-907c-3591-a359-de4159fd2274,  -23.164320 ,  -50.001080 ,2023-09-23 17:28:00,Brasil,PARANÁ,JACAREZINHO,Mata Atlântica
 1652528751 ,7e1a3d8c-9fed-342f-9676-d286672b2312,  -23.135210 ,  -49.926770 ,2023-09-23 17:28:00,Brasil,PARANÁ,JACAREZINHO,Mata Atlântica
 1652528755 ,5b98bba4-76a7-3df4-9f2e-b5701f2d83dc,  -25.302260 ,  -50.819640 ,2023-09-23 17:26:00,Brasil,PARANÁ,PRUDENTÓPOLIS,Mata Atlântica
 1652528756 ,3f66550d-4275-3c4f-a932-d003d442713e,  -25.231310 ,  -50.900180 ,2023-09-23 17:26:00,Brasil,PARANÁ,PRUDENTÓPOLIS,Mata Atlântica
 1652528757 ,f6c9a105-9660-35ae-aca4-e5cdd1cc982c,  -25.229910 ,  -50.889920 ,2023-09-23 17:26:00,Brasil,PARANÁ,PRUDENTÓPOLIS,Mata Atlântica
 1652528788 ,d485d609-db36-35d6-9bbc-33076776c6f8,  -23.238920 ,  -50.916450 ,2023-09-23 17:28:00,Brasil,PARANÁ,JATAIZINHO,Mata Atlântica
 1652528789 ,fe5c6939-7ee8-3922-94b9-bf2d9a0bee3f,  -24.992450 ,  -51.244080 ,2023-09-23 17:26:00,Brasil,PARANÁ,GUARAPUAVA,Mata Atlântica
 1652528790 ,8052ffd6-86d5-36fd-a444-a4a58be19e08,  -24.984580 ,  -52.022950 ,2023-09-23 17:26:00,Brasil,PARANÁ,SANTA MARIA DO OESTE,Mata Atlântica
 1652528791 ,ad9afd0d-bc99-32d6-9f68-8f3a40e1ae32,  -24.925130 ,  -52.050140 ,2023-09-23 17:26:00,Brasil,PARANÁ,SANTA MARIA DO OESTE,Mata Atlântica
 1652528792 ,ddc2abd1-d390-37fb-a2f1-ff655c8de14f,  -24.923650 ,  -52.038790 ,2023-09-23 17:26:00,Brasil,PARANÁ,SANTA MARIA DO OESTE,Mata Atlântica
 1652528793 ,2d92a09d-6d46-30ad-a685-d128a324e382,  -24.894210 ,  -51.191860 ,2023-09-23 17:26:00,Brasil,PARANÁ,PRUDENTÓPOLIS,Mata Atlântica
 1652528794 ,7da67231-cea8-39c8-871d-297862be338c,  -24.887800 ,  -51.214170 ,2023-09-23 17:26:00,Brasil,PARANÁ,PRUDENTÓPOLIS,Mata Atlântica
 1652528795 ,85246c47-c795-35da-bd8d-a0aa69a7e0ce,  -24.878600 ,  -51.215690 ,2023-09-23 17:26:00,Brasil,PARANÁ,PRUDENTÓPOLIS,Mata Atlântica
 1652528796 ,78aa3560-5ecd-3747-bae3-3b8f25c376c1,  -24.868860 ,  -51.143150 ,2023-09-23 17:26:00,Brasil,PARANÁ,PRUDENTÓPOLIS,Mata Atlântica
 1652528797 ,1694869d-9793-3b0a-bf6e-18fde0d50bd5,  -24.844210 ,  -51.948780 ,2023-09-23 17:26:00,Brasil,PARANÁ,SANTA MARIA DO OESTE,Mata Atlântica
 1652528798 ,a132f852-6004-36eb-8f9a-1e5b24cacd5c,  -24.839470 ,  -51.943770 ,2023-09-23 17:26:00,Brasil,PARANÁ,SANTA MARIA DO OESTE,Mata Atlântica
 1652528799 ,098173fe-531c-39b9-ae30-e849651b6efe,  -24.789820 ,  -52.008520 ,2023-09-23 17:26:00,Brasil,PARANÁ,SANTA MARIA DO OESTE,Mata Atlântica
 1652528800 ,cbec2265-3e0f-3f3a-876c-951dcdb81db6,  -24.615450 ,  -51.170930 ,2023-09-23 17:26:00,Brasil,PARANÁ,CÂNDIDO DE ABREU,Mata Atlântica
 1652528801 ,38a605a5-125b-36ce-a9ee-8e5af2b401b6,  -24.557500 ,  -50.950530 ,2023-09-23 17:26:00,Brasil,PARANÁ,RESERVA,Mata Atlântica
 1652528802 ,11f571c9-1daa-3a79-ac8c-db3c4988ef84,  -24.232860 ,  -51.406270 ,2023-09-23 17:28:00,Brasil,PARANÁ,GRANDES RIOS,Mata Atlântica
 1652528803 ,3a0aac58-1193-3d14-ae95-d74453e4df5f,  -26.014900 ,  -51.559490 ,2023-09-23 17:26:00,Brasil,PARANÁ,CRUZ MACHADO,Mata Atlântica
 1652528804 ,892a5115-1193-33c7-8d37-01e7c59c15ac,  -25.513230 ,  -52.088830 ,2023-09-23 17:26:00,Brasil,PARANÁ,CANDÓI,Mata Atlântica
 1652528875 ,271626cc-a994-3ef8-b679-893306965742,  -25.464310 ,  -52.764730 ,2023-09-23 17:26:00,Brasil,PARANÁ,ESPIGÃO ALTO DO IGUAÇU,Mata Atlântica
 1652528876 ,49c319ef-059c-37b1-b181-3898d0f4d4ac,  -25.282610 ,  -53.619280 ,2023-09-23 17:26:00,Brasil,PARANÁ,LINDOESTE,Mata Atlântica
 1652968607 ,52e7105f-8ff9-300e-b009-ea20e8926395,  -26.171480 ,  -52.580830 ,2023-09-25 17:11:00,Brasil,PARANÁ,PATO BRANCO,Mata Atlântica
 1652968608 ,49e4cc5b-9ee7-313e-934b-de347e730928,  -26.170590 ,  -52.573860 ,2023-09-25 17:11:00,Brasil,PARANÁ,PATO BRANCO,Mata Atlântica
 1652968997 ,e9840179-402d-31bc-b591-12285cc9d082,  -23.169580 ,  -53.500180 ,2023-09-25 17:13:00,Brasil,PARANÁ,QUERÊNCIA DO NORTE,Mata Atlântica
 1653155205 ,e79bdb10-d597-3e6a-a735-a7aa9fd22508,  -24.659400 ,  -50.229220 ,2023-09-26 17:54:00,Brasil,PARANÁ,TIBAGI,Cerrado
 1653155206 ,e400ee94-30dd-3c56-b60d-184d82dd08ce,  -24.655740 ,  -50.209460 ,2023-09-26 17:54:00,Brasil,PARANÁ,TIBAGI,Cerrado
 1653155211 ,441a49a8-1ef4-384c-97d4-96363a0bf866,  -23.776710 ,  -50.661750 ,2023-09-26 17:54:00,Brasil,PARANÁ,SÃO JERÔNIMO DA SERRA,Mata Atlântica
 1653155212 ,00d46dca-7301-3894-afff-66c37996160b,  -22.704460 ,  -51.825310 ,2023-09-26 17:54:00,Brasil,PARANÁ,SANTO INÁCIO,Mata Atlântica
 1653155213 ,26954952-becd-3ac1-add8-ef4ab7fec008,  -26.141460 ,  -51.504100 ,2023-09-26 17:54:00,Brasil,PARANÁ,BITURUNA,Mata Atlântica
 1653155214 ,a59054d3-66bb-3326-921d-b68785d33c8a,  -26.085400 ,  -51.775700 ,2023-09-26 17:54:00,Brasil,PARANÁ,CORONEL DOMINGOS SOARES,Mata Atlântica
 1653155215 ,ca362fac-405e-3e2e-9dae-c5570cd21ebc,  -26.082830 ,  -51.761280 ,2023-09-26 17:54:00,Brasil,PARANÁ,CORONEL DOMINGOS SOARES,Mata Atlântica
 1653155216 ,965710e6-2eb0-321b-a63d-9f1bbf197aff,  -25.982680 ,  -51.714290 ,2023-09-26 17:54:00,Brasil,PARANÁ,BITURUNA,Mata Atlântica
 1653155219 ,494ae9d8-ff20-39b6-88c4-af3f4de188bb,  -22.707270 ,  -51.841190 ,2023-09-26 17:54:00,Brasil,PARANÁ,SANTO INÁCIO,Mata Atlântica
 1653261973 ,1bfeed1f-71ab-3b51-b15c-4f2e0665e020,  -25.159700 ,  -49.398720 ,2023-09-27 16:58:00,Brasil,PARANÁ,RIO BRANCO DO SUL,Mata Atlântica
 1653749620 ,2dc250e8-0175-386f-ae2d-c16d9506aab8,  -23.537300 ,  -51.496860 ,2023-09-30 17:24:00,Brasil,PARANÁ,APUCARANA,Mata Atlântica
 1653749621 ,9d74e642-7b2c-39d6-ba5f-8d11c30a0447,  -23.451380 ,  -51.912960 ,2023-09-30 17:24:00,Brasil,PARANÁ,MARINGÁ,Mata Atlântica
 1641784022 ,7126d182-7bf8-3f03-88c5-84281b958989,  -26.416340 ,  -51.763640 ,2023-08-02 17:13:00,Brasil,PARANÁ,PALMAS,Mata Atlântica
 1641784023 ,7a4ccdc5-daff-392b-bd5f-e9c94d920fb7,  -26.382450 ,  -51.664230 ,2023-08-02 17:13:00,Brasil,PARANÁ,PALMAS,Mata Atlântica
 1641784024 ,eba4f17c-dcce-3cc0-b424-e7c27f85eaa7,  -25.547510 ,  -53.431440 ,2023-08-02 17:13:00,Brasil,PARANÁ,NOVA PRATA DO IGUAÇU,Mata Atlântica
 1641784025 ,cfb8c9c0-2dab-3adf-83ed-e55152e4259b,  -25.508380 ,  -50.087680 ,2023-08-02 17:13:00,Brasil,PARANÁ,PALMEIRA,Mata Atlântica
 1641784028 ,14568f0a-4a82-3dd7-9948-52da2592b6b1,  -24.473710 ,  -51.885900 ,2023-08-02 17:13:00,Brasil,PARANÁ,NOVA TEBAS,Mata Atlântica
 1641784029 ,5012851a-404f-3610-b12d-82ded38394ce,  -24.307020 ,  -50.919750 ,2023-08-02 17:13:00,Brasil,PARANÁ,ORTIGUEIRA,Mata Atlântica
 1641784030 ,63661a8f-fac0-3d7f-8723-6b5e3c5e665e,  -24.305370 ,  -50.905540 ,2023-08-02 17:13:00,Brasil,PARANÁ,ORTIGUEIRA,Mata Atlântica
 1641784031 ,d759e2b1-2607-30c6-b1c1-00593bc40ad1,  -24.033380 ,  -50.485930 ,2023-08-02 17:13:00,Brasil,PARANÁ,CURIÚVA,Mata Atlântica
 1641784047 ,242c2659-5c31-3b85-ab51-27669e574368,  -23.156580 ,  -51.541100 ,2023-08-02 17:13:00,Brasil,PARANÁ,JAGUAPITÃ,Mata Atlântica
 1641784048 ,9b2885e6-dbb7-3bed-a8ad-4b5b73e2c5d0,  -23.139850 ,  -51.310700 ,2023-08-02 17:13:00,Brasil,PARANÁ,CAMBÉ,Mata Atlântica
 1641784049 ,4f25f793-cc8e-36ad-936d-1342a1bd4c01,  -23.138150 ,  -51.296630 ,2023-08-02 17:13:00,Brasil,PARANÁ,CAMBÉ,Mata Atlântica
 1641784051 ,6285a3ba-00b0-3b26-af08-032f082a9178,  -23.045410 ,  -50.308390 ,2023-08-02 17:13:00,Brasil,PARANÁ,ANDIRÁ,Mata Atlântica
 1641784052 ,b252286e-0865-31ba-94b0-00832358ad52,  -23.043910 ,  -50.296150 ,2023-08-02 17:13:00,Brasil,PARANÁ,ANDIRÁ,Mata Atlântica
 1641784053 ,e2fd743e-b0e0-376a-95ea-98c5c7b5af82,  -23.035410 ,  -50.309780 ,2023-08-02 17:13:00,Brasil,PARANÁ,ANDIRÁ,Mata Atlântica
 1641784054 ,b1984804-3722-3c88-85e8-fec17fed2845,  -23.033900 ,  -50.297500 ,2023-08-02 17:13:00,Brasil,PARANÁ,ANDIRÁ,Mata Atlântica
 1641784057 ,43b71044-37da-389f-85de-7dbdb83adf38,  -23.025140 ,  -50.304160 ,2023-08-02 17:13:00,Brasil,PARANÁ,ANDIRÁ,Mata Atlântica
 1641948712 ,1f4e007e-f5af-33be-b264-952afe7edfa3,  -26.525110 ,  -51.670100 ,2023-08-03 17:54:00,Brasil,PARANÁ,PALMAS,Mata Atlântica
 1641948713 ,93222a36-1ada-370b-ba98-05f8f55b4c4e,  -26.481210 ,  -51.679860 ,2023-08-03 17:54:00,Brasil,PARANÁ,PALMAS,Mata Atlântica
 1641948714 ,272558b5-2ba1-300b-9517-45cb269899fc,  -26.384580 ,  -51.981740 ,2023-08-03 17:54:00,Brasil,PARANÁ,PALMAS,Mata Atlântica
 1641948717 ,3ceaa21d-2c55-3217-821b-60b5a60098ab,  -25.944640 ,  -51.152770 ,2023-08-03 17:54:00,Brasil,PARANÁ,CRUZ MACHADO,Mata Atlântica
 1641948718 ,da29f47d-fed9-3581-a688-7c2d21503476,  -25.846710 ,  -51.433900 ,2023-08-03 17:54:00,Brasil,PARANÁ,PINHÃO,Mata Atlântica
 1641948719 ,62602fa2-cbef-3867-9fcb-bfc3d6566ed8,  -25.719440 ,  -51.313630 ,2023-08-03 17:54:00,Brasil,PARANÁ,INÁCIO MARTINS,Mata Atlântica
 1641948720 ,57e4d4cd-d973-3ba0-bf28-953d88e81a50,  -25.643790 ,  -51.593460 ,2023-08-03 17:54:00,Brasil,PARANÁ,GUARAPUAVA,Mata Atlântica
 1641948721 ,c16dd9ca-66ff-30fe-996d-64547c5a9a8d,  -25.207230 ,  -51.485900 ,2023-08-03 17:54:00,Brasil,PARANÁ,GUARAPUAVA,Mata Atlântica
 1641948722 ,72f83f60-2521-3f94-beaf-00b790a09e40,  -24.990980 ,  -51.139050 ,2023-08-03 17:54:00,Brasil,PARANÁ,PRUDENTÓPOLIS,Mata Atlântica
 1641948723 ,da8962c8-bdc8-3040-9fcf-0b1f8b99805f,  -24.989660 ,  -51.241650 ,2023-08-03 17:54:00,Brasil,PARANÁ,GUARAPUAVA,Mata Atlântica
 1641948724 ,325356b1-d657-38b9-b106-89f3c8dcd9d7,  -24.981410 ,  -51.129520 ,2023-08-03 17:54:00,Brasil,PARANÁ,PRUDENTÓPOLIS,Mata Atlântica
 1641948725 ,8f1b8ed4-88e7-30d8-8c28-993ad25d6878,  -24.841050 ,  -51.952390 ,2023-08-03 17:54:00,Brasil,PARANÁ,SANTA MARIA DO OESTE,Mata Atlântica
 1641948726 ,50fbecb5-30cb-31de-8b45-b395cd952047,  -24.839200 ,  -51.947200 ,2023-08-03 17:54:00,Brasil,PARANÁ,SANTA MARIA DO OESTE,Mata Atlântica
 1641948727 ,49daab2d-e9bd-36db-a03e-fe47bff0c370,  -24.838210 ,  -51.936450 ,2023-08-03 17:54:00,Brasil,PARANÁ,SANTA MARIA DO OESTE,Mata Atlântica
 1641948728 ,7b912829-7037-3d21-9b95-4e5caa5dc910,  -24.774740 ,  -49.559500 ,2023-08-03 17:54:00,Brasil,PARANÁ,CASTRO,Mata Atlântica
 1641948729 ,ba5354b7-bba1-3f03-8c6b-045f72c3312e,  -24.762930 ,  -49.543000 ,2023-08-03 17:54:00,Brasil,PARANÁ,CERRO AZUL,Mata Atlântica
 1641948730 ,6916705b-cbba-31ea-8e6a-82070180e9f0,  -24.506940 ,  -51.707120 ,2023-08-03 17:54:00,Brasil,PARANÁ,MANOEL RIBAS,Mata Atlântica
 1642124068 ,cdd227c0-688b-3902-84bc-d86227131dfd,  -25.611800 ,  -49.741150 ,2023-08-04 16:58:00,Brasil,PARANÁ,LAPA,Mata Atlântica
 1642124069 ,b387d375-e37c-3b7d-9655-a7c0570e7867,  -25.440330 ,  -50.111920 ,2023-08-04 16:58:00,Brasil,PARANÁ,PALMEIRA,Mata Atlântica
 1642124070 ,9cb94860-a15f-3a43-b8b8-483e14d46c67,  -24.669570 ,  -50.042470 ,2023-08-04 16:58:00,Brasil,PARANÁ,CASTRO,Mata Atlântica
 1642124072 ,f83a12a6-14dc-317a-8511-9101513af31f,  -24.087810 ,  -54.132200 ,2023-08-04 16:58:00,Brasil,PARANÁ,TERRA ROXA,Mata Atlântica
 1642124073 ,fb9149de-39b2-3d01-9fbc-5e38539d6a20,  -24.086590 ,  -54.136670 ,2023-08-04 16:58:00,Brasil,PARANÁ,TERRA ROXA,Mata Atlântica
 1642124074 ,e5f8243a-0d70-3e0c-83d3-0ffeeac15d05,  -23.785390 ,  -52.730370 ,2023-08-04 16:58:00,Brasil,PARANÁ,CIANORTE,Mata Atlântica
 1642124075 ,f44afab2-223e-33cd-9d35-2df5a3e873af,  -23.779470 ,  -52.726220 ,2023-08-04 16:58:00,Brasil,PARANÁ,CIANORTE,Mata Atlântica
 1642124076 ,ecc63bb2-247d-3cf5-af63-394f5233a4c9,  -23.515240 ,  -52.911190 ,2023-08-04 16:58:00,Brasil,PARANÁ,RONDON,Mata Atlântica
 1642124077 ,e1008a3d-a628-3435-9112-5b0a0cce19cf,  -23.509400 ,  -52.905090 ,2023-08-04 16:58:00,Brasil,PARANÁ,RONDON,Mata Atlântica
 1642124078 ,067f6161-fce9-3db5-84c3-e0a2887ed81f,  -23.406010 ,  -49.835220 ,2023-08-04 16:58:00,Brasil,PARANÁ,RIBEIRÃO CLARO,Mata Atlântica
 1642124079 ,01f3cb2d-dd74-3312-bf5d-995b1ffdc014,  -23.402470 ,  -49.821870 ,2023-08-04 16:58:00,Brasil,PARANÁ,RIBEIRÃO CLARO,Mata Atlântica
 1642326465 ,6d134d4d-053b-35cb-a276-cb5727167fd0,  -25.246930 ,  -48.523780 ,2023-08-05 17:39:00,Brasil,PARANÁ,GUARAQUEÇABA,Mata Atlântica
 1642326487 ,5fbdc334-f283-31f8-ab25-8123b446bc28,  -25.320300 ,  -49.688050 ,2023-08-05 17:39:00,Brasil,PARANÁ,CAMPO LARGO,Mata Atlântica
 1642326488 ,3a78487c-aef9-3fab-8676-b6cef72fb1ee,  -25.087080 ,  -50.384680 ,2023-08-05 17:39:00,Brasil,PARANÁ,IPIRANGA,Mata Atlântica
 1642326489 ,664edc8a-e96e-3e30-9643-f36d3ff3acbc,  -24.580440 ,  -49.340380 ,2023-08-05 17:39:00,Brasil,PARANÁ,DOUTOR ULYSSES,Mata Atlântica
 1642326490 ,f10809e1-7e7a-34d4-9139-79f895137a6b,  -25.063360 ,  -50.725360 ,2023-08-05 17:39:00,Brasil,PARANÁ,IVAÍ,Mata Atlântica
 1642326492 ,1847750f-16b1-3845-9fae-2dc7b1c59ba3,  -26.577510 ,  -51.227240 ,2023-08-05 17:39:00,Brasil,PARANÁ,GENERAL CARNEIRO,Mata Atlântica
 1642326499 ,c0ed6da0-26b2-32b5-b4a0-55758ec45929,  -25.846610 ,  -50.693940 ,2023-08-05 17:39:00,Brasil,PARANÁ,RIO AZUL,Mata Atlântica
 1642326500 ,8a5faa79-f992-3cec-8e70-8fe71f8441de,  -25.611640 ,  -50.898630 ,2023-08-05 17:39:00,Brasil,PARANÁ,RIO AZUL,Mata Atlântica
 1642326501 ,82377306-1e5f-383c-b432-719dd6436aa4,  -25.590030 ,  -50.134010 ,2023-08-05 17:39:00,Brasil,PARANÁ,PALMEIRA,Mata Atlântica
 1642326502 ,8506f655-0852-34dd-8f76-1ee064996f27,  -25.439960 ,  -49.611960 ,2023-08-05 17:39:00,Brasil,PARANÁ,CAMPO LARGO,Mata Atlântica
 1642326503 ,e0526420-6166-39dc-9e4c-8ffe3ca191fd,  -25.437750 ,  -49.599190 ,2023-08-05 17:39:00,Brasil,PARANÁ,CAMPO LARGO,Mata Atlântica
 1642326504 ,e4100569-959a-34b3-a0f9-ae84ec7310ce,  -25.218950 ,  -50.875070 ,2023-08-05 17:39:00,Brasil,PARANÁ,PRUDENTÓPOLIS,Mata Atlântica
 1642326505 ,f9507f31-41f4-36f8-865a-0cf4683d9fe1,  -25.477980 ,  -50.323840 ,2023-08-05 17:39:00,Brasil,PARANÁ,PALMEIRA,Mata Atlântica
 1642326511 ,790d2d27-cd47-340e-ba17-77313984b9c8,  -23.143960 ,  -51.294730 ,2023-08-05 17:41:00,Brasil,PARANÁ,CAMBÉ,Mata Atlântica
 1642326599 ,180f2633-d0e5-3438-a332-8b964bba45b1,  -23.145760 ,  -51.305820 ,2023-08-05 17:41:00,Brasil,PARANÁ,CAMBÉ,Mata Atlântica
 1642326602 ,006e89d0-03c1-3527-a70c-5e00ab10dad2,  -25.062260 ,  -51.168860 ,2023-08-05 17:39:00,Brasil,PARANÁ,PRUDENTÓPOLIS,Mata Atlântica
 1642326603 ,4a498b0a-35f8-345b-b15c-d2f535e784be,  -25.056500 ,  -51.768570 ,2023-08-05 17:39:00,Brasil,PARANÁ,CAMPINA DO SIMÃO,Mata Atlântica
 1642326604 ,e5dae326-f7da-3440-8df1-826aa6ca41d8,  -25.038260 ,  -51.167860 ,2023-08-05 17:39:00,Brasil,PARANÁ,PRUDENTÓPOLIS,Mata Atlântica
 1642326605 ,560eceb0-d7f2-3a48-922e-73dfe11c9b60,  -25.026140 ,  -51.091370 ,2023-08-05 17:39:00,Brasil,PARANÁ,PRUDENTÓPOLIS,Mata Atlântica
 1642326606 ,936203ec-e2a2-3161-8866-954fd52090b0,  -25.024370 ,  -51.080150 ,2023-08-05 17:39:00,Brasil,PARANÁ,PRUDENTÓPOLIS,Mata Atlântica
 1642326607 ,16b067dd-040f-3837-a0f6-ce5d1d8354e9,  -24.973480 ,  -50.883980 ,2023-08-05 17:39:00,Brasil,PARANÁ,IVAÍ,Mata Atlântica
 1642326608 ,6d3d5ef3-68e1-3df9-80db-3916bc6e748b,  -24.950280 ,  -51.162990 ,2023-08-05 17:39:00,Brasil,PARANÁ,PRUDENTÓPOLIS,Mata Atlântica
 1642326609 ,5cd97751-113a-3bd4-bf6d-60acb05d618d,  -24.863070 ,  -51.348920 ,2023-08-05 17:39:00,Brasil,PARANÁ,PRUDENTÓPOLIS,Mata Atlântica
 1642326610 ,1e325669-9b59-3c6c-a5e7-b868ff02efe3,  -24.853720 ,  -51.350640 ,2023-08-05 17:39:00,Brasil,PARANÁ,PRUDENTÓPOLIS,Mata Atlântica
 1642326611 ,056312d1-8d8d-36da-aac4-31fd59200c78,  -24.767620 ,  -52.101840 ,2023-08-05 17:39:00,Brasil,PARANÁ,PITANGA,Mata Atlântica
 1642326612 ,99fb3a02-84ca-39e7-8931-ce9156150577,  -25.136220 ,  -51.170520 ,2023-08-05 17:39:00,Brasil,PARANÁ,PRUDENTÓPOLIS,Mata Atlântica
 1642326613 ,a72e4457-90b8-3a2b-b0ef-3a6f1aa34da6,  -25.134450 ,  -51.159570 ,2023-08-05 17:39:00,Brasil,PARANÁ,PRUDENTÓPOLIS,Mata Atlântica
 1642326614 ,ff97061d-2031-35b3-a4e9-20f5adf11296,  -25.129710 ,  -51.167120 ,2023-08-05 17:39:00,Brasil,PARANÁ,PRUDENTÓPOLIS,Mata Atlântica
 1642326615 ,2d9b3014-3e73-37e6-ab6f-04dea43c2d97,  -25.099810 ,  -51.161620 ,2023-08-05 17:39:00,Brasil,PARANÁ,PRUDENTÓPOLIS,Mata Atlântica
 1642326616 ,5e9ef179-ac47-3c67-ac8f-0410d8385392,  -25.060540 ,  -51.158200 ,2023-08-05 17:39:00,Brasil,PARANÁ,PRUDENTÓPOLIS,Mata Atlântica
 1642326617 ,54dc7918-b9f9-378b-9615-11942985760e,  -25.008330 ,  -51.162350 ,2023-08-05 17:39:00,Brasil,PARANÁ,PRUDENTÓPOLIS,Mata Atlântica
 1642326618 ,735dc966-cbb5-3519-8e0b-2839d27e55f4,  -24.993090 ,  -51.006070 ,2023-08-05 17:39:00,Brasil,PARANÁ,PRUDENTÓPOLIS,Mata Atlântica
 1642326619 ,71c99f07-d726-3f4d-8caf-513dd3c908b3,  -24.991290 ,  -50.994820 ,2023-08-05 17:39:00,Brasil,PARANÁ,IVAÍ,Mata Atlântica
 1642326620 ,ad559bf9-90e9-3f8c-b922-5d7e5ef6a8d2,  -24.894330 ,  -51.971270 ,2023-08-05 17:39:00,Brasil,PARANÁ,SANTA MARIA DO OESTE,Mata Atlântica
 1642326621 ,a09bcba7-302e-3a93-acd9-8b6a4078b726,  -24.892730 ,  -51.961030 ,2023-08-05 17:39:00,Brasil,PARANÁ,SANTA MARIA DO OESTE,Mata Atlântica
 1642326622 ,556561da-7c28-31b8-bb1e-6b49e26f216d,  -24.665720 ,  -52.043530 ,2023-08-05 17:41:00,Brasil,PARANÁ,PITANGA,Mata Atlântica
 1642326629 ,3518d516-7eeb-3e55-b722-08d507c7f097,  -26.579190 ,  -51.237950 ,2023-08-05 17:39:00,Brasil,PARANÁ,GENERAL CARNEIRO,Mata Atlântica
 1642326630 ,166a546a-2739-3c0a-b79e-bd28ca840bd8,  -26.516910 ,  -51.666670 ,2023-08-05 17:39:00,Brasil,PARANÁ,PALMAS,Mata Atlântica
 1642326631 ,31aa8e8e-a8c9-35c0-948d-84204a3ba740,  -26.509420 ,  -51.678770 ,2023-08-05 17:39:00,Brasil,PARANÁ,PALMAS,Mata Atlântica
 1642326632 ,68b445c2-4846-386d-9b53-3fc22f9a165c,  -26.383010 ,  -51.630280 ,2023-08-05 17:39:00,Brasil,PARANÁ,PALMAS,Mata Atlântica
 1642326633 ,776743af-a87f-3e8e-bb45-9ce871e3ff8d,  -26.374400 ,  -51.938680 ,2023-08-05 17:39:00,Brasil,PARANÁ,PALMAS,Mata Atlântica
 1642326634 ,f6b03095-c838-3eb6-bfc8-f4e54073cec2,  -26.370520 ,  -51.792230 ,2023-08-05 17:39:00,Brasil,PARANÁ,PALMAS,Mata Atlântica
 1642326636 ,d5592839-799a-3764-97f1-b683081a22af,  -26.212970 ,  -51.497730 ,2023-08-05 17:39:00,Brasil,PARANÁ,BITURUNA,Mata Atlântica
 1642326637 ,9fa89b0e-8992-33eb-8da1-82490b963f39,  -26.008880 ,  -51.133830 ,2023-08-05 17:39:00,Brasil,PARANÁ,CRUZ MACHADO,Mata Atlântica
 1642326638 ,7635ad5d-ee40-3b05-ab79-fc330a7816fb,  -26.007140 ,  -51.122890 ,2023-08-05 17:39:00,Brasil,PARANÁ,CRUZ MACHADO,Mata Atlântica
 1642326639 ,41e34a4d-5477-363a-9af0-c8201158d617,  -25.952210 ,  -51.294290 ,2023-08-05 17:39:00,Brasil,PARANÁ,CRUZ MACHADO,Mata Atlântica
 1642326640 ,eead59e4-6ef7-38fb-961e-bb31ad328ac4,  -25.695050 ,  -51.484630 ,2023-08-05 17:39:00,Brasil,PARANÁ,PINHÃO,Mata Atlântica
 1642326688 ,ed3a70fb-cbb9-3993-ad10-409a86df8ff7,  -23.726220 ,  -52.770600 ,2023-08-05 17:41:00,Brasil,PARANÁ,TUNEIRAS DO OESTE,Mata Atlântica
 1642326689 ,f49629fb-f232-334f-a166-ae34d8381222,  -23.724720 ,  -52.760680 ,2023-08-05 17:41:00,Brasil,PARANÁ,TUNEIRAS DO OESTE,Mata Atlântica
 1642326690 ,45eac5ca-61d8-3b60-b5dc-6e7da77eb1c9,  -23.976770 ,  -52.543220 ,2023-08-05 17:41:00,Brasil,PARANÁ,ARARUNA,Mata Atlântica
 1642326691 ,bf5184dd-19d6-33a2-8792-417e0d037f3d,  -23.975240 ,  -52.533200 ,2023-08-05 17:41:00,Brasil,PARANÁ,ARARUNA,Mata Atlântica
 1642326692 ,ec42d50f-1d49-3e78-af4a-8a45784b0475,  -25.236800 ,  -52.580310 ,2023-08-05 17:39:00,Brasil,PARANÁ,NOVA LARANJEIRAS,Mata Atlântica
 1642326693 ,2b2513e1-5798-3af3-bfe1-e0aa49449ede,  -24.340600 ,  -52.327750 ,2023-08-05 17:41:00,Brasil,PARANÁ,LUIZIANA,Mata Atlântica
 1642326694 ,b4e6b887-22b3-3a84-bed1-ffca7f47302e,  -25.056340 ,  -53.170090 ,2023-08-05 17:39:00,Brasil,PARANÁ,CASCAVEL,Mata Atlântica
 1642326695 ,4f433a73-b802-3184-8914-2872cc30bffe,  -24.342130 ,  -52.337790 ,2023-08-05 17:41:00,Brasil,PARANÁ,LUIZIANA,Mata Atlântica
 1642540124 ,c5fc5e86-5de1-3827-9a9d-f542a9261974,  -24.454900 ,  -54.113040 ,2023-08-06 18:21:00,Brasil,PARANÁ,MERCEDES,Mata Atlântica
 1642540125 ,51cc2aed-b65a-327a-bf02-a76416ff6936,  -24.453630 ,  -54.085000 ,2023-08-06 18:21:00,Brasil,PARANÁ,MARECHAL CÂNDIDO RONDON,Mata Atlântica
 1642540126 ,547c33ca-313a-345c-aab5-35291a64659b,  -24.447400 ,  -54.078750 ,2023-08-06 18:21:00,Brasil,PARANÁ,MARECHAL CÂNDIDO RONDON,Mata Atlântica
 1642540127 ,462ee175-6d4a-3f39-9ba6-3661f31d01c0,  -24.437970 ,  -54.088780 ,2023-08-06 18:21:00,Brasil,PARANÁ,MARECHAL CÂNDIDO RONDON,Mata Atlântica
 1642668619 ,68a5fe7d-9a7c-3bfe-9c39-cdf4ca46c7fa,  -25.156950 ,  -49.247650 ,2023-08-07 17:26:00,Brasil,PARANÁ,RIO BRANCO DO SUL,Mata Atlântica
 1642668620 ,0ff1acea-1228-373f-b08c-5e49737c2dc3,  -25.040760 ,  -49.210020 ,2023-08-07 17:26:00,Brasil,PARANÁ,CERRO AZUL,Mata Atlântica
 1642668621 ,8c6a8df5-fb84-3348-84cf-b411fa047a5a,  -25.039300 ,  -49.200110 ,2023-08-07 17:26:00,Brasil,PARANÁ,CERRO AZUL,Mata Atlântica
 1642668626 ,0eef76fc-2e06-33cb-baf2-db796c82ea07,  -25.881920 ,  -49.168090 ,2023-08-07 17:26:00,Brasil,PARANÁ,TIJUCAS DO SUL,Mata Atlântica
 1642668705 ,1aa2b446-63b1-3733-994f-4e849375aeb1,  -23.339690 ,  -50.423080 ,2023-08-07 17:26:00,Brasil,PARANÁ,RIBEIRÃO DO PINHAL,Mata Atlântica
 1642668706 ,70286bec-34f1-3eed-adf1-7c592cdd7880,  -23.269520 ,  -50.252040 ,2023-08-07 17:26:00,Brasil,PARANÁ,ABATIÁ,Mata Atlântica
 1642668707 ,e90924d7-b5cb-3664-bc5f-7d2d4d0f101c,  -22.948310 ,  -50.009110 ,2023-08-07 17:26:00,Brasil,PARANÁ,CAMBARÁ,Mata Atlântica
 1642668708 ,71e6a3f7-405b-38cd-a592-293fc568959e,  -22.940780 ,  -50.020320 ,2023-08-07 17:26:00,Brasil,PARANÁ,CAMBARÁ,Mata Atlântica
 1642668709 ,a15e8ffe-6fdb-3f51-8c4d-38f8b164a962,  -22.939360 ,  -50.010650 ,2023-08-07 17:26:00,Brasil,PARANÁ,CAMBARÁ,Mata Atlântica
 1642668710 ,51755da1-9ca9-365b-a493-6df89e0f8d4a,  -25.218300 ,  -49.539860 ,2023-08-07 17:26:00,Brasil,PARANÁ,CAMPO MAGRO,Mata Atlântica
 1642668711 ,3153ff37-0a89-3171-97f3-f9ac20cf806d,  -25.216870 ,  -49.530030 ,2023-08-07 17:26:00,Brasil,PARANÁ,CAMPO MAGRO,Mata Atlântica
 1642668712 ,ad684943-8949-3a86-9f07-e72fd2f43a50,  -25.184580 ,  -49.434880 ,2023-08-07 17:26:00,Brasil,PARANÁ,ITAPERUÇU,Mata Atlântica
 1642668713 ,0baca57a-07d9-383f-8812-a15823db68ad,  -25.181690 ,  -49.415190 ,2023-08-07 17:26:00,Brasil,PARANÁ,ITAPERUÇU,Mata Atlântica
 1642668714 ,4f15eacc-9f06-3c7f-94b5-9ea41b1ec97f,  -25.172450 ,  -49.412410 ,2023-08-07 17:26:00,Brasil,PARANÁ,RIO BRANCO DO SUL,Mata Atlântica
 1642668715 ,8dfccd68-e40b-3c85-b015-5aade4b519b5,  -25.027960 ,  -49.434800 ,2023-08-07 17:26:00,Brasil,PARANÁ,RIO BRANCO DO SUL,Mata Atlântica
 1642668716 ,334762fe-8f90-3437-8036-b9946f9bd215,  -24.839840 ,  -50.231110 ,2023-08-07 17:26:00,Brasil,PARANÁ,CARAMBEÍ,Mata Atlântica
 1642668717 ,28f8da7e-119b-31dd-932b-114d4e44407e,  -24.704230 ,  -50.709140 ,2023-08-07 17:26:00,Brasil,PARANÁ,TIBAGI,Mata Atlântica
 1642668718 ,47964c24-36ea-3192-b3f7-0da7a252594f,  -24.687010 ,  -49.621260 ,2023-08-07 17:26:00,Brasil,PARANÁ,CASTRO,Mata Atlântica
 1642668719 ,01fa1a28-50be-3ae2-bbe7-c20501b9041d,  -24.469620 ,  -49.958250 ,2023-08-07 17:26:00,Brasil,PARANÁ,PIRAÍ DO SUL,Mata Atlântica
 1642668720 ,8d1af7e7-f301-3929-8669-d0ed6cba801e,  -24.454560 ,  -49.980900 ,2023-08-07 17:26:00,Brasil,PARANÁ,PIRAÍ DO SUL,Mata Atlântica
 1642668721 ,6e3055d4-c161-384e-9476-eef0757824da,  -24.453150 ,  -49.971130 ,2023-08-07 17:26:00,Brasil,PARANÁ,PIRAÍ DO SUL,Mata Atlântica
 1642668722 ,81feab13-1895-3486-8831-b0e16918e6d5,  -24.034170 ,  -50.581440 ,2023-08-07 17:26:00,Brasil,PARANÁ,CURIÚVA,Mata Atlântica
 1642668723 ,758b0606-cf46-324f-8af4-e01dde92b1b5,  -25.747090 ,  -50.144400 ,2023-08-07 17:26:00,Brasil,PARANÁ,LAPA,Mata Atlântica
 1642668724 ,474c6f02-2a78-3ec3-bc2b-38d3c4ac47c7,  -25.624570 ,  -50.854470 ,2023-08-07 17:26:00,Brasil,PARANÁ,RIO AZUL,Mata Atlântica
 1642668725 ,af7ed40d-7bfb-31c5-b7f1-b52732dee7cd,  -25.608020 ,  -49.688300 ,2023-08-07 17:26:00,Brasil,PARANÁ,LAPA,Mata Atlântica
 1642668726 ,fa2ee63a-2515-351b-b362-ef621ca567cf,  -25.606600 ,  -49.678430 ,2023-08-07 17:26:00,Brasil,PARANÁ,LAPA,Mata Atlântica
 1642668727 ,dfa767bc-a92b-337e-9177-a470c7ec0203,  -25.302190 ,  -50.916110 ,2023-08-07 17:26:00,Brasil,PARANÁ,PRUDENTÓPOLIS,Mata Atlântica
 1642668764 ,53e25171-bbfa-372b-9cce-90f69888e088,  -23.715460 ,  -51.882660 ,2023-08-07 17:26:00,Brasil,PARANÁ,BOM SUCESSO,Mata Atlântica
 1642668765 ,a2183ff3-577c-3937-bd08-e99203fc64f5,  -23.714050 ,  -51.872040 ,2023-08-07 17:26:00,Brasil,PARANÁ,BOM SUCESSO,Mata Atlântica
 1642668766 ,f2a1500e-615b-3f20-b2f7-78502784d196,  -23.619900 ,  -50.843200 ,2023-08-07 17:26:00,Brasil,PARANÁ,SÃO JERÔNIMO DA SERRA,Mata Atlântica
 1642668767 ,e5b905dd-dd02-387d-898a-392d5e4235c1,  -25.303570 ,  -50.926340 ,2023-08-07 17:26:00,Brasil,PARANÁ,PRUDENTÓPOLIS,Mata Atlântica
 1642668768 ,221c2ad5-ccc4-3518-9485-9b5b0238ce48,  -24.976930 ,  -51.088930 ,2023-08-07 17:26:00,Brasil,PARANÁ,PRUDENTÓPOLIS,Mata Atlântica
 1642668769 ,df05abd9-a019-3e59-88f2-0373b67d6dbd,  -24.973730 ,  -51.263760 ,2023-08-07 17:26:00,Brasil,PARANÁ,PRUDENTÓPOLIS,Mata Atlântica
 1642668770 ,9b87f0ac-0d5f-306e-8c13-78e91f5adc65,  -24.972350 ,  -51.253570 ,2023-08-07 17:26:00,Brasil,PARANÁ,PRUDENTÓPOLIS,Mata Atlântica
 1642668771 ,8eca022f-4dd6-3a26-ae67-e8e3d7c2907a,  -24.963200 ,  -51.255160 ,2023-08-07 17:26:00,Brasil,PARANÁ,PRUDENTÓPOLIS,Mata Atlântica
 1642668772 ,19858d66-5c29-3b6a-803c-b542d5170134,  -24.905120 ,  -51.034580 ,2023-08-07 17:26:00,Brasil,PARANÁ,CÂNDIDO DE ABREU,Mata Atlântica
 1642668773 ,73a6c95f-1d71-3c32-87c3-d0d345a8e573,  -24.903730 ,  -51.024410 ,2023-08-07 17:26:00,Brasil,PARANÁ,CÂNDIDO DE ABREU,Mata Atlântica
 1642668774 ,84d65d06-52ce-3d1f-88fa-56dd7c631bcb,  -24.365870 ,  -51.585520 ,2023-08-07 17:26:00,Brasil,PARANÁ,ARIRANHA DO IVAÍ,Mata Atlântica
 1642668775 ,def95c29-d6f5-3c56-96c0-b1d8ed71755b,  -24.144350 ,  -51.443980 ,2023-08-07 17:26:00,Brasil,PARANÁ,GRANDES RIOS,Mata Atlântica
 1642668776 ,3f07b457-9b0c-381b-8982-9c090d6b7765,  -23.905240 ,  -50.781070 ,2023-08-07 17:26:00,Brasil,PARANÁ,SAPOPEMA,Mata Atlântica
 1643606607 ,5995df35-371e-3892-813a-89471810aa54,  -22.798620 ,  -51.676170 ,2023-08-11 16:58:00,Brasil,PARANÁ,CAFEARA,Mata Atlântica
 1643606608 ,e38a6674-e4f6-3fba-a047-27bc5ab9dc2a,  -22.797960 ,  -51.671610 ,2023-08-11 16:58:00,Brasil,PARANÁ,CAFEARA,Mata Atlântica
 1643789811 ,9bf708d0-56ca-3da2-915a-c439448b2597,  -22.745920 ,  -51.393520 ,2023-08-12 17:39:00,Brasil,PARANÁ,PORECATU,Mata Atlântica
 1643789876 ,69011321-6116-303c-8de7-6e17e4061384,  -22.674230 ,  -52.058320 ,2023-08-12 17:39:00,Brasil,PARANÁ,PARANAPOEMA,Mata Atlântica
 1643789877 ,142c0eee-5b11-3c4e-9768-d22cc4535cd9,  -22.665090 ,  -52.060030 ,2023-08-12 17:39:00,Brasil,PARANÁ,PARANAPOEMA,Mata Atlântica
 1644422882 ,425e5760-1c11-3c55-aba8-5e1ccf7dac4c,  -26.563820 ,  -51.657220 ,2023-08-15 18:06:00,Brasil,PARANÁ,PALMAS,Mata Atlântica
 1644422883 ,f36d57fd-206f-361e-aba3-f41d00127ef0,  -26.558930 ,  -51.633160 ,2023-08-15 18:06:00,Brasil,PARANÁ,PALMAS,Mata Atlântica
 1644422884 ,e7020124-e0c8-301b-baab-a618ccd80b9b,  -26.545650 ,  -51.636430 ,2023-08-15 18:06:00,Brasil,PARANÁ,PALMAS,Mata Atlântica
 1644422885 ,96e6f4bd-9da4-32ac-85db-443235fe460f,  -26.535890 ,  -51.588690 ,2023-08-15 18:06:00,Brasil,PARANÁ,PALMAS,Mata Atlântica
 1644422886 ,3ceff3d0-ebd6-3952-8993-a988a2c572f5,  -26.524670 ,  -51.571190 ,2023-08-15 18:06:00,Brasil,PARANÁ,PALMAS,Mata Atlântica
 1644422887 ,fa0f60b6-18e5-3499-a76b-7ed011aa3fb1,  -26.521840 ,  -51.697240 ,2023-08-15 18:06:00,Brasil,PARANÁ,PALMAS,Mata Atlântica
 1644423134 ,5e3ccde9-69c2-3234-ac76-275a89b22466,  -26.517140 ,  -51.673670 ,2023-08-15 18:06:00,Brasil,PARANÁ,PALMAS,Mata Atlântica
 1644423135 ,269d8d97-1b5b-3881-8b96-568c8360e93d,  -25.080680 ,  -53.286060 ,2023-08-15 18:06:00,Brasil,PARANÁ,CASCAVEL,Mata Atlântica
 1644423136 ,e22cd811-ad97-388d-82d4-2563ecb36bc3,  -25.077060 ,  -53.266760 ,2023-08-15 18:06:00,Brasil,PARANÁ,CASCAVEL,Mata Atlântica
 1644423137 ,708dbc81-dfde-3599-a3ea-586fbc1e339b,  -25.071410 ,  -53.281650 ,2023-08-15 18:06:00,Brasil,PARANÁ,CASCAVEL,Mata Atlântica
 1644623896 ,98836783-41e2-3d56-97ef-e3f364eed80e,  -24.888740 ,  -52.261300 ,2023-08-16 17:09:00,Brasil,PARANÁ,PALMITAL,Mata Atlântica
 1644624365 ,c4d518a7-f88c-33fe-9109-d20239d73838,  -26.543060 ,  -51.695180 ,2023-08-16 17:09:00,Brasil,PARANÁ,PALMAS,Mata Atlântica
 1644624366 ,c838b6b0-57bc-3a61-886d-4852962c321d,  -26.537080 ,  -51.635990 ,2023-08-16 17:09:00,Brasil,PARANÁ,PALMAS,Mata Atlântica
 1644624367 ,aaa69f7e-748f-3d2b-ba9f-16f49846b824,  -26.531140 ,  -51.577420 ,2023-08-16 17:09:00,Brasil,PARANÁ,PALMAS,Mata Atlântica
 1644624369 ,fb0f9ec4-28f8-36ed-a12d-5ea8fac88f55,  -26.530730 ,  -51.696920 ,2023-08-16 17:09:00,Brasil,PARANÁ,PALMAS,Mata Atlântica
 1644624370 ,05e979f1-8c12-3639-a83a-9d9e4c85a1aa,  -26.513860 ,  -51.780150 ,2023-08-16 17:09:00,Brasil,PARANÁ,PALMAS,Mata Atlântica
 1644624371 ,634925d4-fd62-3c2a-a216-b008059555c9,  -26.511380 ,  -51.787380 ,2023-08-16 17:09:00,Brasil,PARANÁ,PALMAS,Mata Atlântica
 1644624372 ,8900ee3c-b4d1-3f6b-bba0-c9c38f4a6893,  -26.491770 ,  -51.681910 ,2023-08-16 17:09:00,Brasil,PARANÁ,PALMAS,Mata Atlântica
 1644821149 ,8ff8b1a8-bec6-3b76-9de7-d6e09ee73080,  -26.369790 ,  -51.422720 ,2023-08-17 17:52:00,Brasil,PARANÁ,GENERAL CARNEIRO,Mata Atlântica
 1644821150 ,57b860c5-9fa0-3908-b47d-7656e4e21c83,  -26.367280 ,  -51.408360 ,2023-08-17 17:52:00,Brasil,PARANÁ,GENERAL CARNEIRO,Mata Atlântica
 1644821151 ,a0a4640b-cb20-3680-9a21-e2a989c59703,  -26.183050 ,  -52.004850 ,2023-08-17 17:52:00,Brasil,PARANÁ,CORONEL DOMINGOS SOARES,Mata Atlântica
 1644821152 ,7271fa01-49f8-31bf-b9dc-9dc3303ac9e6,  -26.068710 ,  -53.281440 ,2023-08-17 17:52:00,Brasil,PARANÁ,FRANCISCO BELTRÃO,Mata Atlântica
 1644821153 ,37c18353-f0fb-3a74-87e4-5c1ccee16fe1,  -25.973300 ,  -53.259010 ,2023-08-17 17:52:00,Brasil,PARANÁ,NOVA ESPERANÇA DO SUDOESTE,Mata Atlântica
 1644821154 ,a0a84872-1776-39c8-8f64-5cb001f2d98d,  -25.246020 ,  -49.460550 ,2023-08-17 17:52:00,Brasil,PARANÁ,CAMPO MAGRO,Mata Atlântica
 1644821155 ,eb4c7c85-9cb1-3d17-9767-cb117fa1abce,  -25.242240 ,  -49.440800 ,2023-08-17 17:52:00,Brasil,PARANÁ,ITAPERUÇU,Mata Atlântica
 1644821156 ,2b7fe2cb-eaa7-3ab7-8777-6ea3f1daa571,  -25.013920 ,  -53.248500 ,2023-08-17 17:52:00,Brasil,PARANÁ,CASCAVEL,Mata Atlântica
 1644821157 ,96856f64-f92e-395e-a25c-cd286b3f641f,  -24.983510 ,  -53.808350 ,2023-08-17 17:52:00,Brasil,PARANÁ,CÉU AZUL,Mata Atlântica
 1644821158 ,ee554679-9f74-31a2-b326-9e4dba0d58c9,  -24.980970 ,  -51.089210 ,2023-08-17 17:52:00,Brasil,PARANÁ,PRUDENTÓPOLIS,Mata Atlântica
 1644821159 ,32b264c5-bb99-3826-abd8-5e9487e07e7e,  -24.978610 ,  -51.809540 ,2023-08-17 17:52:00,Brasil,PARANÁ,SANTA MARIA DO OESTE,Mata Atlântica
 1644821224 ,809676d0-d6d0-35cf-a89f-72ab2e1f38ca,  -23.641220 ,  -50.916240 ,2023-08-17 17:52:00,Brasil,PARANÁ,SÃO JERÔNIMO DA SERRA,Mata Atlântica
 1644821225 ,a0343947-9c0e-3ad8-81e0-3ed6195301d9,  -23.113410 ,  -51.909160 ,2023-08-17 17:52:00,Brasil,PARANÁ,SANTA FÉ,Mata Atlântica
 1644821279 ,3dd6a2df-904f-3576-be89-bd72600b82b5,  -24.650010 ,  -52.011700 ,2023-08-17 17:52:00,Brasil,PARANÁ,PITANGA,Mata Atlântica
 1644821272 ,40d41099-2a84-3bd5-86ce-b7204013e3bf,  -26.516360 ,  -51.853100 ,2023-08-17 17:52:00,Brasil,PARANÁ,PALMAS,Mata Atlântica
 1644821273 ,379ec582-27d9-3fd4-856e-af2210a5275c,  -26.514070 ,  -51.839860 ,2023-08-17 17:52:00,Brasil,PARANÁ,PALMAS,Mata Atlântica
 1644821274 ,86c49268-97b3-37bf-b4d1-6aaf8686f5e1,  -26.490870 ,  -51.706010 ,2023-08-17 17:52:00,Brasil,PARANÁ,PALMAS,Mata Atlântica
 1644821275 ,88c55003-3d5b-3a26-88e6-5b83a1d9c840,  -26.447510 ,  -52.237290 ,2023-08-17 17:52:00,Brasil,PARANÁ,CLEVELÂNDIA,Mata Atlântica
 1644821276 ,f28c962b-616c-3603-8e2a-a0503b812bdf,  -26.415450 ,  -52.405270 ,2023-08-17 17:52:00,Brasil,PARANÁ,CLEVELÂNDIA,Mata Atlântica
 1644821278 ,23b520c9-20bc-3001-a4b5-a3f5381845a2,  -26.211680 ,  -51.418510 ,2023-08-17 17:52:00,Brasil,PARANÁ,BITURUNA,Mata Atlântica
 1644821280 ,8d38aaa4-670f-3a44-ab13-5e85797e031a,  -23.638280 ,  -50.900220 ,2023-08-17 17:52:00,Brasil,PARANÁ,SÃO JERÔNIMO DA SERRA,Mata Atlântica
 1645016414 ,88e85d0d-5e7b-3658-807a-43cc766a771a,  -24.778550 ,  -49.000230 ,2023-08-18 16:56:00,Brasil,PARANÁ,ADRIANÓPOLIS,Mata Atlântica
 1645016415 ,8a0d36b7-cfa2-3213-93ce-83f061e54ffd,  -24.776530 ,  -48.980130 ,2023-08-18 16:56:00,Brasil,PARANÁ,ADRIANÓPOLIS,Mata Atlântica
 1645016416 ,17141492-af42-32ea-946b-59fc3e89bfae,  -25.914710 ,  -49.266840 ,2023-08-18 16:54:00,Brasil,PARANÁ,MANDIRITUBA,Mata Atlântica
 1645016417 ,eae8a7e6-66b2-3dbd-9fd2-2512a3b15815,  -25.905840 ,  -49.274580 ,2023-08-18 16:54:00,Brasil,PARANÁ,MANDIRITUBA,Mata Atlântica
 1645016418 ,339aa1ff-09d0-30d1-a17e-ae08447afb72,  -25.903590 ,  -49.251220 ,2023-08-18 16:54:00,Brasil,PARANÁ,TIJUCAS DO SUL,Mata Atlântica
 1645016530 ,a4f45c2d-a962-35ad-bd49-b64a60727358,  -25.221000 ,  -49.442450 ,2023-08-18 16:54:00,Brasil,PARANÁ,ITAPERUÇU,Mata Atlântica
 1645016531 ,e8ee96ac-0eef-3f86-bdaf-1d8b5c59ceb8,  -25.212470 ,  -49.450500 ,2023-08-18 16:54:00,Brasil,PARANÁ,ITAPERUÇU,Mata Atlântica
 1645016532 ,4967c2ec-c032-3c64-a095-186f79e2d582,  -24.659280 ,  -50.229060 ,2023-08-18 16:56:00,Brasil,PARANÁ,TIBAGI,Cerrado
 1645016533 ,d0dca805-221c-3896-b13a-6204f37ceca1,  -24.655920 ,  -50.234450 ,2023-08-18 16:56:00,Brasil,PARANÁ,TIBAGI,Cerrado
 1645016534 ,fe8c05c7-d11f-3327-853f-c4307b01d1cb,  -24.653510 ,  -50.209190 ,2023-08-18 16:56:00,Brasil,PARANÁ,TIBAGI,Cerrado
 1645016623 ,a397abae-30d1-34fc-97e6-4e01f31279fb,  -24.989550 ,  -51.089350 ,2023-08-18 16:56:00,Brasil,PARANÁ,PRUDENTÓPOLIS,Mata Atlântica
 1645016624 ,2ad7ca8a-2d9a-3e6b-9cfd-a3f375746bc0,  -24.987870 ,  -51.082150 ,2023-08-18 16:54:00,Brasil,PARANÁ,PRUDENTÓPOLIS,Mata Atlântica
 1645016625 ,1065dffc-25e6-3aa4-8c44-a5a565c5e05d,  -24.986770 ,  -51.057770 ,2023-08-18 16:56:00,Brasil,PARANÁ,PRUDENTÓPOLIS,Mata Atlântica
 1645622372 ,7b677e9a-6a9e-3e95-ab5b-c6f373d09ad3,  -24.676640 ,  -48.607190 ,2023-08-21 17:24:00,Brasil,PARANÁ,ADRIANÓPOLIS,Mata Atlântica
 1645622438 ,5fc02f1f-8676-3397-9b8e-155bad98cdd7,  -25.213420 ,  -49.460680 ,2023-08-21 17:24:00,Brasil,PARANÁ,CAMPO MAGRO,Mata Atlântica
 1645622487 ,63775943-65eb-37aa-9aff-a64993ceb615,  -23.683980 ,  -51.610380 ,2023-08-21 17:24:00,Brasil,PARANÁ,JANDAIA DO SUL,Mata Atlântica
 1645622488 ,61206f26-a9b1-3292-93f7-c0573529f919,  -23.682550 ,  -51.599200 ,2023-08-21 17:24:00,Brasil,PARANÁ,CAMBIRA,Mata Atlântica
 1645622489 ,4d81c12c-e669-35ad-a30c-f6b4936f6e61,  -23.674410 ,  -51.611730 ,2023-08-21 17:24:00,Brasil,PARANÁ,JANDAIA DO SUL,Mata Atlântica
 1645622490 ,ec06dffa-38d5-3c1b-a7c6-28452386d2df,  -23.672990 ,  -51.600630 ,2023-08-21 17:24:00,Brasil,PARANÁ,CAMBIRA,Mata Atlântica
 1645622491 ,e9a978ed-5025-3737-b605-a46619759f16,  -23.653230 ,  -50.894290 ,2023-08-21 17:24:00,Brasil,PARANÁ,SÃO JERÔNIMO DA SERRA,Mata Atlântica
 1645622492 ,23b911ef-fe97-39c2-beff-c456b6448d2a,  -23.651850 ,  -50.883800 ,2023-08-21 17:24:00,Brasil,PARANÁ,SÃO JERÔNIMO DA SERRA,Mata Atlântica
 1645622493 ,9b3a9b90-2b4d-323e-8d2f-86736da92edf,  -23.646570 ,  -50.890270 ,2023-08-21 17:24:00,Brasil,PARANÁ,SÃO JERÔNIMO DA SERRA,Mata Atlântica
 1645622494 ,d58ce520-622f-3837-842a-d73b83a04275,  -23.420970 ,  -51.783920 ,2023-08-21 17:24:00,Brasil,PARANÁ,MARIALVA,Mata Atlântica
 1645622495 ,91a4b3a3-1418-3344-a17e-3af0cbd66cdc,  -23.375340 ,  -50.995400 ,2023-08-21 17:24:00,Brasil,PARANÁ,ASSAÍ,Mata Atlântica
 1645622496 ,c3c42c0c-c7f0-38c0-a831-4e3f79a58736,  -23.275150 ,  -51.070010 ,2023-08-21 17:24:00,Brasil,PARANÁ,IBIPORÃ,Mata Atlântica
 1645622497 ,0b99da3e-1240-3b06-8634-3fe651c1cdaa,  -24.691360 ,  -51.457850 ,2023-08-21 17:24:00,Brasil,PARANÁ,BOA VENTURA DE SÃO ROQUE,Mata Atlântica
 1645622498 ,9f2f930c-f09e-3925-bcff-2deb5353ec0b,  -26.463940 ,  -51.885920 ,2023-08-21 17:22:00,Brasil,PARANÁ,PALMAS,Mata Atlântica
 1645622539 ,02fc45b1-32e6-394e-8070-56eada757a2d,  -23.124780 ,  -52.422090 ,2023-08-21 17:24:00,Brasil,PARANÁ,PARANAVAÍ,Mata Atlântica
 1645622540 ,2f72b085-b1d5-3553-b315-2b4bb9714085,  -23.123290 ,  -52.409980 ,2023-08-21 17:24:00,Brasil,PARANÁ,PARANAVAÍ,Mata Atlântica
 1645856562 ,2dc01ed0-e514-3325-abf9-476d1fc222d9,  -24.906250 ,  -51.267750 ,2023-08-22 18:04:00,Brasil,PARANÁ,PRUDENTÓPOLIS,Mata Atlântica
 1645856566 ,0d2c47f8-4e4c-3b53-a864-dadf993cb62c,  -22.936370 ,  -52.551820 ,2023-08-22 18:04:00,Brasil,PARANÁ,PARANAVAÍ,Mata Atlântica
 1645856567 ,cc8ddcc6-f836-324e-9d42-cd53ff6d21df,  -22.923270 ,  -52.554390 ,2023-08-22 18:04:00,Brasil,PARANÁ,PARANAVAÍ,Mata Atlântica
 1645856568 ,95362c01-3bf4-3e80-ae9a-9e721076d554,  -22.932040 ,  -52.529430 ,2023-08-22 18:04:00,Brasil,PARANÁ,PARANAVAÍ,Mata Atlântica
 1645856569 ,7ef5c684-8f78-3552-9038-8b662b9aadd2,  -23.894240 ,  -52.933680 ,2023-08-22 18:04:00,Brasil,PARANÁ,TUNEIRAS DO OESTE,Mata Atlântica
 1645856570 ,65423f3e-c931-3fed-a627-49d6e2193f60,  -23.890550 ,  -52.913920 ,2023-08-22 18:04:00,Brasil,PARANÁ,TUNEIRAS DO OESTE,Mata Atlântica
 1645856571 ,cab13f11-cc98-3eb8-b129-4ed0454bc75e,  -24.191320 ,  -52.820450 ,2023-08-22 18:04:00,Brasil,PARANÁ,JANIÓPOLIS,Mata Atlântica
 1645856572 ,fbef01af-1dbf-349f-b8d1-06e6c9045269,  -23.895770 ,  -52.925990 ,2023-08-22 18:04:00,Brasil,PARANÁ,TUNEIRAS DO OESTE,Mata Atlântica
 1646124663 ,5c8a20a1-1e7c-3263-acde-ff917ca46d99,  -25.246520 ,  -48.713770 ,2023-08-23 17:09:00,Brasil,PARANÁ,ANTONINA,Mata Atlântica
 1646124664 ,60130752-cd0c-3cec-808b-762be011c77b,  -25.239420 ,  -48.719810 ,2023-08-23 17:09:00,Brasil,PARANÁ,ANTONINA,Mata Atlântica
 1646124665 ,39968bf4-93e2-32c8-aa6e-44f6a7857438,  -24.770960 ,  -49.151820 ,2023-08-23 17:09:00,Brasil,PARANÁ,CERRO AZUL,Mata Atlântica
 1646124666 ,1749aeda-a179-3913-9d3a-c29fae29a90d,  -24.725320 ,  -48.681660 ,2023-08-23 17:09:00,Brasil,PARANÁ,ADRIANÓPOLIS,Mata Atlântica
 1646124667 ,065a8807-ba67-382a-9d82-77414f23f9ec,  -24.723770 ,  -48.668950 ,2023-08-23 17:09:00,Brasil,PARANÁ,ADRIANÓPOLIS,Mata Atlântica
 1646124668 ,3e3155a8-45d4-30f3-a435-f058bcd0f3d4,  -24.686260 ,  -48.603370 ,2023-08-23 17:09:00,Brasil,PARANÁ,ADRIANÓPOLIS,Mata Atlântica
 1646124669 ,5879f4b3-d624-39be-ac95-041a35c2127a,  -24.681900 ,  -48.902420 ,2023-08-23 17:09:00,Brasil,PARANÁ,ADRIANÓPOLIS,Mata Atlântica
 1646124675 ,0fec7f1f-862a-39da-972b-9e60038a52e4,  -25.579480 ,  -49.034150 ,2023-08-23 17:09:00,Brasil,PARANÁ,SÃO JOSÉ DOS PINHAIS,Mata Atlântica
 1646124676 ,6fd028bf-6591-3a63-a62e-a568a3d17686,  -25.381940 ,  -49.088450 ,2023-08-23 17:09:00,Brasil,PARANÁ,QUATRO BARRAS,Mata Atlântica
 1646124677 ,04d00ff4-c94d-3815-9477-95a45d00de7b,  -25.237370 ,  -49.232430 ,2023-08-23 17:09:00,Brasil,PARANÁ,COLOMBO,Mata Atlântica
 1646124678 ,e44d90a8-00a0-3dd0-9d04-5578f007921b,  -25.228000 ,  -48.971450 ,2023-08-23 17:09:00,Brasil,PARANÁ,BOCAIÚVA DO SUL,Mata Atlântica
 1646124679 ,f143ce71-bf88-3cbe-9292-7e934fea9950,  -25.225530 ,  -49.039830 ,2023-08-23 17:09:00,Brasil,PARANÁ,BOCAIÚVA DO SUL,Mata Atlântica
 1646124791 ,d8743a6c-9b19-3624-8342-c008faf8f0c6,  -25.374340 ,  -49.541170 ,2023-08-23 17:09:00,Brasil,PARANÁ,CAMPO LARGO,Mata Atlântica
 1646124778 ,c39c27d4-6665-3a8c-ad02-33a359e344ac,  -24.634300 ,  -50.249480 ,2023-08-23 17:09:00,Brasil,PARANÁ,TIBAGI,Cerrado
 1646124779 ,f68533f7-12bc-34f9-be7e-7cd08f8791cc,  -24.632540 ,  -50.233650 ,2023-08-23 17:09:00,Brasil,PARANÁ,TIBAGI,Cerrado
 1646124780 ,28c83807-ca15-3dd9-9a67-4131e649d9c9,  -25.236150 ,  -50.033540 ,2023-08-23 17:09:00,Brasil,PARANÁ,PONTA GROSSA,Mata Atlântica
 1646124781 ,e82859db-d6c2-3b7f-a4c0-30c930f61ac5,  -25.213420 ,  -49.444690 ,2023-08-23 17:09:00,Brasil,PARANÁ,ITAPERUÇU,Mata Atlântica
 1646124782 ,dbabe48d-3ea4-3e6f-ab7d-278db290a0ac,  -24.800460 ,  -49.811570 ,2023-08-23 17:09:00,Brasil,PARANÁ,CASTRO,Mata Atlântica
 1646124783 ,1d265c5e-7f12-36cb-878a-186ef75bcdfd,  -24.716140 ,  -49.875520 ,2023-08-23 17:09:00,Brasil,PARANÁ,CASTRO,Mata Atlântica
 1646124786 ,f7933cb0-dc83-392c-ba15-3c4a62b5a9b9,  -25.880500 ,  -51.007590 ,2023-08-23 17:09:00,Brasil,PARANÁ,MALLET,Mata Atlântica
 1646124787 ,80fa24a7-3f56-30e2-836d-dddf228dbb24,  -25.858920 ,  -49.594350 ,2023-08-23 17:09:00,Brasil,PARANÁ,QUITANDINHA,Mata Atlântica
 1646124788 ,2fb7e598-d96b-391f-b593-caf96b49a647,  -25.857200 ,  -49.579310 ,2023-08-23 17:09:00,Brasil,PARANÁ,QUITANDINHA,Mata Atlântica
 1646124789 ,a28ca4bf-42a5-3c9c-85ca-bd199f7e5ae5,  -25.539990 ,  -49.800350 ,2023-08-23 17:09:00,Brasil,PARANÁ,BALSA NOVA,Mata Atlântica
 1646124790 ,fd729c25-8ff6-31c2-8028-0a9a25314813,  -25.538190 ,  -49.784680 ,2023-08-23 17:09:00,Brasil,PARANÁ,BALSA NOVA,Mata Atlântica
 1646124835 ,11174ed2-6a85-37a5-ba98-4c7dad9b770b,  -25.096900 ,  -50.936930 ,2023-08-23 17:09:00,Brasil,PARANÁ,PRUDENTÓPOLIS,Mata Atlântica
 1646124836 ,e3610810-6d45-3973-9f8a-5e657904e773,  -24.969890 ,  -50.941660 ,2023-08-23 17:09:00,Brasil,PARANÁ,IVAÍ,Mata Atlântica
 1646124837 ,a222b259-f700-3d26-9e6b-8d5ea386a138,  -24.964190 ,  -50.947040 ,2023-08-23 17:09:00,Brasil,PARANÁ,IVAÍ,Mata Atlântica
 1646124838 ,5a879fb1-80eb-3240-abba-4092a19fe579,  -24.880020 ,  -51.180160 ,2023-08-23 17:09:00,Brasil,PARANÁ,PRUDENTÓPOLIS,Mata Atlântica
 1646124839 ,7e4c4d90-6fe4-3279-aa7f-771864cdb5bb,  -24.874930 ,  -51.187890 ,2023-08-23 17:09:00,Brasil,PARANÁ,PRUDENTÓPOLIS,Mata Atlântica
 1646124840 ,aaebf519-bc9c-3ee6-934f-2c5642125fa7,  -24.768230 ,  -51.263690 ,2023-08-23 17:09:00,Brasil,PARANÁ,CÂNDIDO DE ABREU,Mata Atlântica
 1646124841 ,7e78544e-c993-32a8-8561-b290d3bf47a4,  -24.766250 ,  -51.245020 ,2023-08-23 17:09:00,Brasil,PARANÁ,CÂNDIDO DE ABREU,Mata Atlântica
 1646321215 ,163b3f6d-bf01-3ba3-90ae-067a80203ba0,  -25.141080 ,  -50.601290 ,2023-08-24 17:49:00,Brasil,PARANÁ,IMBITUVA,Mata Atlântica
 1646321233 ,9a16a6dd-4b1c-3746-a0ac-64339eea49c9,  -25.190240 ,  -49.071140 ,2023-08-24 17:49:00,Brasil,PARANÁ,BOCAIÚVA DO SUL,Mata Atlântica
 1646321234 ,67202eba-940a-3018-8360-4e09a2436d94,  -25.045610 ,  -49.217170 ,2023-08-24 17:49:00,Brasil,PARANÁ,CERRO AZUL,Mata Atlântica
 1646321235 ,05e81118-0685-3173-be22-edba69251927,  -25.186430 ,  -49.051510 ,2023-08-24 17:49:00,Brasil,PARANÁ,BOCAIÚVA DO SUL,Mata Atlântica
 1646321236 ,ae9d31d9-f304-3e48-977d-9adb776eb634,  -25.185310 ,  -49.057180 ,2023-08-24 17:49:00,Brasil,PARANÁ,BOCAIÚVA DO SUL,Mata Atlântica
 1646321237 ,a1378b39-e497-3dec-a19b-f79fcd987ee6,  -24.910830 ,  -48.590900 ,2023-08-24 17:49:00,Brasil,PARANÁ,ADRIANÓPOLIS,Mata Atlântica
 1646321239 ,d8562309-37d2-3c7c-9209-9fc9b1862384,  -24.913120 ,  -48.595050 ,2023-08-24 17:49:00,Brasil,PARANÁ,ADRIANÓPOLIS,Mata Atlântica
 1646321242 ,3eafca29-467c-390a-b668-c3778eac3968,  -23.237220 ,  -50.109580 ,2023-08-24 17:49:00,Brasil,PARANÁ,SANTO ANTÔNIO DA PLATINA,Mata Atlântica
 1646321243 ,5c253805-a88d-3c9e-8418-837abe6a595c,  -25.057560 ,  -49.699330 ,2023-08-24 17:49:00,Brasil,PARANÁ,CAMPO LARGO,Mata Atlântica
 1646321244 ,38db6baa-1238-32b5-ab3e-31694cd4494b,  -25.206850 ,  -50.073340 ,2023-08-24 17:49:00,Brasil,PARANÁ,PONTA GROSSA,Mata Atlântica
 1646321245 ,55607410-5397-3748-a635-4fd445053da8,  -24.720260 ,  -49.255030 ,2023-08-24 17:49:00,Brasil,PARANÁ,DOUTOR ULYSSES,Mata Atlântica
 1646321246 ,c0e0e7b6-b739-3421-8a5e-93b0ee33b28f,  -24.679370 ,  -49.390880 ,2023-08-24 17:49:00,Brasil,PARANÁ,DOUTOR ULYSSES,Mata Atlântica
 1646321247 ,bcd0705c-4d86-30e7-9919-9316063c90b9,  -24.675950 ,  -49.372450 ,2023-08-24 17:49:00,Brasil,PARANÁ,DOUTOR ULYSSES,Mata Atlântica
 1646321248 ,7e4954ad-aed7-3f3d-9f08-2e8ba5f8fc8b,  -24.681710 ,  -49.385140 ,2023-08-24 17:49:00,Brasil,PARANÁ,DOUTOR ULYSSES,Mata Atlântica
 1646321252 ,c77c48df-a6dc-39dd-b449-cd4421093833,  -23.338610 ,  -50.872260 ,2023-08-24 17:49:00,Brasil,PARANÁ,ASSAÍ,Mata Atlântica
 1646321253 ,a768c9d9-b13a-32c2-ae88-fb7cfee7a3c9,  -23.327390 ,  -50.874480 ,2023-08-24 17:49:00,Brasil,PARANÁ,JATAIZINHO,Mata Atlântica
 1646321254 ,b7b2e48c-7a34-395b-8a9e-d290849d5872,  -23.330190 ,  -50.890060 ,2023-08-24 17:49:00,Brasil,PARANÁ,JATAIZINHO,Mata Atlântica
 1646321255 ,5732ea6d-f6bd-343a-8520-6ff14805627c,  -25.158930 ,  -52.062830 ,2023-08-24 17:49:00,Brasil,PARANÁ,GOIOXIM,Mata Atlântica
 1646321256 ,1f4e58a5-e08b-3e0d-a566-7200cfae84b0,  -25.045650 ,  -50.894420 ,2023-08-24 17:49:00,Brasil,PARANÁ,IVAÍ,Mata Atlântica
 1646321257 ,b13506e2-6651-3c6d-bb9b-6af04e22d919,  -25.017390 ,  -51.530900 ,2023-08-24 17:49:00,Brasil,PARANÁ,TURVO,Mata Atlântica
 1646321258 ,1d8d0cec-4f5c-3a74-a204-892c7e635458,  -24.723170 ,  -51.439810 ,2023-08-24 17:49:00,Brasil,PARANÁ,BOA VENTURA DE SÃO ROQUE,Mata Atlântica
 1646321259 ,3870c966-2379-3989-a882-846547a28f34,  -25.048280 ,  -50.908960 ,2023-08-24 17:49:00,Brasil,PARANÁ,IVAÍ,Mata Atlântica
 1646321260 ,3745b55b-688f-3139-a321-1dd776279410,  -25.015020 ,  -51.517230 ,2023-08-24 17:49:00,Brasil,PARANÁ,TURVO,Mata Atlântica
 1646321261 ,814853bd-dd98-3ba8-a22d-5768dea99724,  -24.999370 ,  -51.112090 ,2023-08-24 17:49:00,Brasil,PARANÁ,PRUDENTÓPOLIS,Mata Atlântica
 1646321262 ,68e7f284-8056-3d75-a2b0-97f4bcb96b4a,  -24.837610 ,  -51.286820 ,2023-08-24 17:49:00,Brasil,PARANÁ,PRUDENTÓPOLIS,Mata Atlântica
 1646321263 ,4ed35248-3f9e-3966-95e4-e58778764e94,  -24.835250 ,  -51.273600 ,2023-08-24 17:49:00,Brasil,PARANÁ,PRUDENTÓPOLIS,Mata Atlântica
 1646321264 ,53ad7ef9-2c91-30b8-bf29-802754a0a9cd,  -24.832420 ,  -51.279850 ,2023-08-24 17:49:00,Brasil,PARANÁ,PRUDENTÓPOLIS,Mata Atlântica
 1646321265 ,da5d7213-a9ed-3d52-bd7b-bc26cc4b1ec3,  -25.161330 ,  -52.067730 ,2023-08-24 17:49:00,Brasil,PARANÁ,GOIOXIM,Mata Atlântica
 1646321266 ,61834eb2-1e8f-3c38-836a-d0d3d02538d7,  -25.043340 ,  -50.902050 ,2023-08-24 17:49:00,Brasil,PARANÁ,IVAÍ,Mata Atlântica
 1646321267 ,72e95baa-b040-34d5-8720-1e70665072cd,  -25.001490 ,  -51.106000 ,2023-08-24 17:49:00,Brasil,PARANÁ,PRUDENTÓPOLIS,Mata Atlântica
 1646321268 ,34035bc7-d674-3941-a436-ea6c918c97fc,  -24.859320 ,  -51.223510 ,2023-08-24 17:49:00,Brasil,PARANÁ,PRUDENTÓPOLIS,Mata Atlântica
 1646321269 ,8c0d2a6d-8bde-39f2-bc96-873262828989,  -24.415050 ,  -50.809540 ,2023-08-24 17:49:00,Brasil,PARANÁ,IMBAÚ,Mata Atlântica
 1646321270 ,05f017ac-c4d7-3a9b-8237-ef78cea1d25f,  -25.161080 ,  -52.075290 ,2023-08-24 17:49:00,Brasil,PARANÁ,CANTAGALO,Mata Atlântica
 1646321271 ,0d8854b5-ec9d-3488-b0d8-68f2fda33095,  -24.861860 ,  -51.237860 ,2023-08-24 17:49:00,Brasil,PARANÁ,PRUDENTÓPOLIS,Mata Atlântica
 1646321272 ,abd5d3ab-d6dc-34da-ad2f-974c2e07c246,  -25.319290 ,  -51.969180 ,2023-08-24 17:49:00,Brasil,PARANÁ,GUARAPUAVA,Mata Atlântica
 1646321273 ,eaa15f74-ef5b-3f3b-b3af-367762dcab4c,  -26.309060 ,  -51.263410 ,2023-08-24 17:49:00,Brasil,PARANÁ,PORTO VITÓRIA,Mata Atlântica
 1646321274 ,16005cfe-ede9-3356-94e5-66d7e04f2892,  -25.793120 ,  -51.428570 ,2023-08-24 17:49:00,Brasil,PARANÁ,PINHÃO,Mata Atlântica
 1646321275 ,3e211097-433f-3537-8b21-b39df3dfcd07,  -25.790370 ,  -51.437340 ,2023-08-24 17:49:00,Brasil,PARANÁ,PINHÃO,Mata Atlântica
 1646321308 ,58df342e-9971-3dfa-a4fb-3e45a8abe494,  -23.309190 ,  -52.104910 ,2023-08-24 17:49:00,Brasil,PARANÁ,MANDAGUAÇU,Mata Atlântica
 1646321486 ,c15e86bd-6f7b-3749-afdf-2114c1075b4d,  -23.298880 ,  -52.106990 ,2023-08-24 17:49:00,Brasil,PARANÁ,MANDAGUAÇU,Mata Atlântica
 1646321487 ,9adae0e2-28e2-3116-8669-0b1bb1bf93e4,  -24.341760 ,  -52.330900 ,2023-08-24 17:49:00,Brasil,PARANÁ,LUIZIANA,Mata Atlântica
 1646570095 ,93e8a08b-1318-3c1e-8514-9410217cd793,  -23.108890 ,  -50.412900 ,2023-08-25 16:54:00,Brasil,PARANÁ,BANDEIRANTES,Mata Atlântica
 1646800210 ,4f226b72-d4a2-3c82-a5ae-f65ac814bbfc,  -26.507220 ,  -51.662960 ,2023-08-26 17:34:00,Brasil,PARANÁ,PALMAS,Mata Atlântica
 1646800211 ,0e568ad7-8bd8-3fd9-8ff3-1a0033d181d1,  -26.490260 ,  -51.482520 ,2023-08-26 17:34:00,Brasil,PARANÁ,GENERAL CARNEIRO,Mata Atlântica
 1646800212 ,1176c20c-5a59-39af-a846-948adfd976c4,  -26.313050 ,  -52.103370 ,2023-08-26 17:34:00,Brasil,PARANÁ,PALMAS,Mata Atlântica
 1646800213 ,3e648fb2-6ea5-3578-af9e-ef741a1b859a,  -26.304090 ,  -52.104970 ,2023-08-26 17:34:00,Brasil,PARANÁ,PALMAS,Mata Atlântica
 1635521583 ,4b66de27-bcdc-3408-bf36-71672ad3487f,  -24.345580 ,  -52.337970 ,2023-07-01 17:47:00,Brasil,PARANÁ,LUIZIANA,Mata Atlântica
 1635521600 ,f6c88daa-aac5-38b7-8b4c-2ae744ca35f9,  -24.346280 ,  -52.331070 ,2023-07-01 17:47:00,Brasil,PARANÁ,LUIZIANA,Mata Atlântica
 1640184381 ,6d86a20f-5071-3ef9-8799-59426bff2fd8,  -23.417210 ,  -51.087640 ,2023-07-26 17:15:00,Brasil,PARANÁ,LONDRINA,Mata Atlântica
 1640184399 ,d480d899-7c2f-3522-8969-6f5e49cee792,  -25.233930 ,  -49.497290 ,2023-07-26 17:13:00,Brasil,PARANÁ,CAMPO MAGRO,Mata Atlântica
 1640184400 ,832fcfca-133d-351c-b054-ebd6ccc69a29,  -25.235370 ,  -49.508660 ,2023-07-26 17:13:00,Brasil,PARANÁ,CAMPO MAGRO,Mata Atlântica
 1640184403 ,3adcff1a-91a5-3a3c-b792-6d654d3e087d,  -25.268140 ,  -49.931620 ,2023-07-26 17:13:00,Brasil,PARANÁ,PONTA GROSSA,Mata Atlântica
 1640184406 ,9cdf7fb0-d864-3061-8f29-5a9b737d932f,  -25.954370 ,  -51.628330 ,2023-07-26 17:13:00,Brasil,PARANÁ,PINHÃO,Mata Atlântica
 1640184427 ,db68f6c3-1ddb-342e-8c86-3316faa61a22,  -23.141900 ,  -51.310940 ,2023-07-26 17:15:00,Brasil,PARANÁ,CAMBÉ,Mata Atlântica
 1640185228 ,b45cfdd3-2468-3779-bfda-f8cff72cbfd2,  -23.067850 ,  -52.208390 ,2023-07-26 17:15:00,Brasil,PARANÁ,NOVA ESPERANÇA,Mata Atlântica
 1640185230 ,f618a80b-d92f-39de-9bbe-b966fcbad6b1,  -23.148370 ,  -51.303360 ,2023-07-26 17:15:00,Brasil,PARANÁ,CAMBÉ,Mata Atlântica
 1640185232 ,e188a31c-bad1-3975-85d3-a820f113ccdb,  -23.149920 ,  -51.316530 ,2023-07-26 17:15:00,Brasil,PARANÁ,CAMBÉ,Mata Atlântica
 1640185236 ,bd05a231-7d7a-3d32-8c55-ee80a98739e9,  -23.166320 ,  -49.985150 ,2023-07-26 17:15:00,Brasil,PARANÁ,JACAREZINHO,Mata Atlântica
 1640185237 ,775209b4-e5bc-3250-9671-7d2f7108d779,  -23.170810 ,  -49.989270 ,2023-07-26 17:15:00,Brasil,PARANÁ,JACAREZINHO,Mata Atlântica
 1635252301 ,6ea4ec77-fe13-3161-95df-106d1b91b81e,  -25.351980 ,  -52.523640 ,2023-06-29 18:00:00,Brasil,PARANÁ,NOVA LARANJEIRAS,Mata Atlântica
 1635252326 ,cafac707-0619-35f2-a6d3-200ee6de5e74,  -25.788310 ,  -51.232210 ,2023-06-29 18:00:00,Brasil,PARANÁ,CRUZ MACHADO,Mata Atlântica
 1635252330 ,521488b1-2727-3d09-ba2b-2c0c7d34a3fb,  -23.784330 ,  -51.944870 ,2023-06-29 18:02:00,Brasil,PARANÁ,SÃO PEDRO DO IVAÍ,Mata Atlântica
 1635366878 ,9f0fea14-1519-3c3c-9f8d-33ced98a127e,  -23.148920 ,  -53.319060 ,2023-06-30 17:05:00,Brasil,PARANÁ,SANTA ISABEL DO IVAÍ,Mata Atlântica
 1635366879 ,4a6cdc14-959c-3f01-a9cd-36a3d5799450,  -23.210560 ,  -52.964450 ,2023-06-30 17:05:00,Brasil,PARANÁ,PLANALTINA DO PARANÁ,Mata Atlântica
 1635366914 ,445b65fe-b8f5-3e51-b910-0aeaab790f46,  -23.205210 ,  -52.969700 ,2023-06-30 17:05:00,Brasil,PARANÁ,PLANALTINA DO PARANÁ,Mata Atlântica
 1629709570 ,73e096eb-b5af-3e84-9283-51469d7a07b2,  -26.008970 ,  -49.902150 ,2023-05-10 17:22:00,Brasil,PARANÁ,RIO NEGRO,Mata Atlântica
 1629709572 ,e9c7286b-908a-36de-9731-6076bda06d07,  -24.432870 ,  -50.589940 ,2023-05-10 17:22:00,Brasil,PARANÁ,TIBAGI,Mata Atlântica
 1629709573 ,f08811e5-a592-345a-8bf5-7556ea546282,  -24.735800 ,  -50.260900 ,2023-05-10 17:22:00,Brasil,PARANÁ,TIBAGI,Mata Atlântica
 1629709575 ,59e154e5-ea31-39fd-9e5b-eb51485ac1ba,  -25.149850 ,  -50.592030 ,2023-05-10 17:22:00,Brasil,PARANÁ,IMBITUVA,Mata Atlântica
 1629709587 ,047847a1-03af-3d05-932e-c7b43b5785fe,  -25.766730 ,  -49.178690 ,2023-05-10 17:22:00,Brasil,PARANÁ,SÃO JOSÉ DOS PINHAIS,Mata Atlântica
 1629709617 ,8b1174ec-e70d-3f7d-a4a7-d4ccc75c6628,  -23.125320 ,  -53.257180 ,2023-05-10 17:24:00,Brasil,PARANÁ,SANTA ISABEL DO IVAÍ,Mata Atlântica
 1629709623 ,a11ebf68-7cb2-3f63-9ce4-1b5c0ec473ae,  -23.233150 ,  -53.223090 ,2023-05-10 17:24:00,Brasil,PARANÁ,SANTA ISABEL DO IVAÍ,Mata Atlântica
 1629709629 ,23dad20a-bc1e-34e7-8cd8-19e44cc22610,  -23.242990 ,  -53.221610 ,2023-05-10 17:24:00,Brasil,PARANÁ,DOURADINA,Mata Atlântica
 1629709776 ,9d3c6214-81b0-3add-8fb1-cab177e7cf75,  -23.790500 ,  -51.794260 ,2023-05-10 17:22:00,Brasil,PARANÁ,SÃO PEDRO DO IVAÍ,Mata Atlântica
 1629709777 ,c90e1de4-1d57-3f5e-90a0-72a560df241e,  -24.296110 ,  -51.390610 ,2023-05-10 17:22:00,Brasil,PARANÁ,RIO BRANCO DO IVAÍ,Mata Atlântica
 1630592633 ,7618f554-8882-3258-b486-99e26e9b3c98,  -25.307000 ,  -51.351150 ,2023-05-18 18:04:00,Brasil,PARANÁ,GUARAPUAVA,Mata Atlântica
 1630592640 ,b8daaf22-58fe-3aaa-afa2-16ca7130f2ac,  -25.307150 ,  -51.356560 ,2023-05-18 18:04:00,Brasil,PARANÁ,GUARAPUAVA,Mata Atlântica
 1630592648 ,ae0aa22c-fea7-3b4c-92c4-973314b98a87,  -25.919010 ,  -51.327160 ,2023-05-18 18:04:00,Brasil,PARANÁ,CRUZ MACHADO,Mata Atlântica
 1630592660 ,08373324-8f74-336c-b601-0b03d0e95871,  -26.447730 ,  -52.232600 ,2023-05-18 18:04:00,Brasil,PARANÁ,CLEVELÂNDIA,Mata Atlântica
 1630721099 ,f4f39923-9d7b-3c4b-b685-effdcbc45395,  -25.445120 ,  -49.969860 ,2023-05-19 17:09:00,Brasil,PARANÁ,PALMEIRA,Mata Atlântica
 1630721103 ,2f38fdee-6642-36a7-80ec-f92077e37b1c,  -25.616450 ,  -50.142970 ,2023-05-19 17:09:00,Brasil,PARANÁ,SÃO JOÃO DO TRIUNFO,Mata Atlântica
 1630721109 ,4b1498ed-09b5-3568-b6f5-3e2e2524a114,  -26.485190 ,  -51.502360 ,2023-05-19 17:07:00,Brasil,PARANÁ,GENERAL CARNEIRO,Mata Atlântica
 1630721683 ,05881d15-a448-305b-8cfe-c47093e1bfdc,  -23.232540 ,  -53.401410 ,2023-05-19 17:09:00,Brasil,PARANÁ,SANTA CRUZ DE MONTE CASTELO,Mata Atlântica
 1630721687 ,2d55bdef-2471-3a6b-97b8-102cb18e325c,  -23.244550 ,  -53.141500 ,2023-05-19 17:09:00,Brasil,PARANÁ,TAPIRA,Mata Atlântica
 1630721691 ,8764539c-d4a7-33a2-8c9a-07d34b4768a3,  -23.244710 ,  -53.146440 ,2023-05-19 17:09:00,Brasil,PARANÁ,TAPIRA,Mata Atlântica
 1630721703 ,7853d94d-c3a0-37fc-8049-c2aeeceb942f,  -24.915530 ,  -48.590440 ,2023-05-19 17:09:00,Brasil,PARANÁ,ADRIANÓPOLIS,Mata Atlântica
 1630721707 ,2c4fd1a6-1faa-3886-8115-8b7ca7a12df4,  -24.917010 ,  -48.601730 ,2023-05-19 17:09:00,Brasil,PARANÁ,ADRIANÓPOLIS,Mata Atlântica
 1630721710 ,ec2694fa-7f68-3054-b45c-4f14c1c071f2,  -24.919600 ,  -48.596100 ,2023-05-19 17:09:00,Brasil,PARANÁ,ADRIANÓPOLIS,Mata Atlântica
 1630721714 ,972c0cca-67d4-382b-85e2-b6640ade6b72,  -25.216700 ,  -49.441410 ,2023-05-19 17:09:00,Brasil,PARANÁ,ITAPERUÇU,Mata Atlântica
 1630721718 ,b7bf4d99-2da6-3647-a19c-731027c0953d,  -25.218170 ,  -49.453620 ,2023-05-19 17:09:00,Brasil,PARANÁ,CAMPO MAGRO,Mata Atlântica
 1630721722 ,51395b83-6c6c-342d-90fe-810e7bc2f7af,  -25.262870 ,  -49.319310 ,2023-05-19 17:09:00,Brasil,PARANÁ,ALMIRANTE TAMANDARÉ,Mata Atlântica
 1630721725 ,5acc28b9-2b7d-3aec-945e-4ab5bb4f8c92,  -25.434720 ,  -49.971390 ,2023-05-19 17:09:00,Brasil,PARANÁ,PALMEIRA,Mata Atlântica
 1625408072 ,1212fdf0-b157-3d53-942c-f788420219c2,  -23.124950 ,  -52.306740 ,2023-04-01 17:49:00,Brasil,PARANÁ,ALTO PARANÁ,Mata Atlântica
 1625304026 ,0d8f1ca9-cef3-34c1-89c3-7351dc63b93b,  -23.019510 ,  -52.704910 ,2023-03-31 17:07:00,Brasil,PARANÁ,GUAIRAÇÁ,Mata Atlântica
 1625304027 ,a42b8709-2fc0-3b67-9640-00badc885cbe,  -23.545850 ,  -52.796100 ,2023-03-31 17:07:00,Brasil,PARANÁ,RONDON,Mata Atlântica
 1625304028 ,e74c96ec-9d9a-3f40-8f0c-99f4fb2ab903,  -25.033620 ,  -49.167730 ,2023-03-31 17:07:00,Brasil,PARANÁ,CERRO AZUL,Mata Atlântica
 1625304029 ,56d9e716-58c1-376d-a926-ba926ba60017,  -25.833240 ,  -52.451900 ,2023-03-31 17:07:00,Brasil,PARANÁ,CHOPINZINHO,Mata Atlântica
 1616862852 ,9ff578cb-4dbc-369a-afc8-61cb3f2f622b,  -24.853950 ,  -51.119760 ,2023-01-18 17:02:00,Brasil,PARANÁ,CÂNDIDO DE ABREU,Mata Atlântica
 1616862854 ,61619ce0-edd0-380a-8d9b-3baae02582b1,  -23.026190 ,  -50.075050 ,2023-01-18 17:02:00,Brasil,PARANÁ,CAMBARÁ,Mata Atlântica
 1659552220 ,c864ff43-d0d7-3a82-b5f4-85d4ceef9826,  -26.088720 ,  -53.066860 ,2023-11-04 17:09:00,Brasil,PARANÁ,FRANCISCO BELTRÃO,Mata Atlântica
 1659552221 ,fdc57b71-7ec2-3f6a-91a2-d5442627e76f,  -25.459200 ,  -49.523110 ,2023-11-04 17:09:00,Brasil,PARANÁ,CAMPO LARGO,Mata Atlântica
 1659552222 ,28e741d0-e7be-381a-a635-0a5b3a629d28,  -23.308280 ,  -51.243750 ,2023-11-04 17:09:00,Brasil,PARANÁ,CAMBÉ,Mata Atlântica
 1659552223 ,36ca7dfd-1157-36d1-8693-10b8fd74a97e,  -23.306180 ,  -51.224700 ,2023-11-04 17:09:00,Brasil,PARANÁ,CAMBÉ,Mata Atlântica
 1658245245 ,6d20e209-13a2-35ae-a5d2-ab3662c6dc3a,  -25.020600 ,  -53.177360 ,2023-10-26 17:28:00,Brasil,PARANÁ,CASCAVEL,Mata Atlântica
 1658245246 ,1781e6d0-b8e8-333b-bc38-9831af7c7cd7,  -25.010300 ,  -53.178950 ,2023-10-26 17:28:00,Brasil,PARANÁ,CASCAVEL,Mata Atlântica
 1658245247 ,39160e45-ac4e-39a1-839f-5a31ec234c37,  -24.562140 ,  -50.071560 ,2023-10-26 17:28:00,Brasil,PARANÁ,PIRAÍ DO SUL,Mata Atlântica
 1658245248 ,b555c8d4-3950-3357-8635-1fd996e48088,  -24.560750 ,  -50.061700 ,2023-10-26 17:28:00,Brasil,PARANÁ,PIRAÍ DO SUL,Mata Atlântica
 1658245249 ,a0003886-febc-3ecb-8382-b7ef947948c3,  -23.608410 ,  -51.680180 ,2023-10-26 17:28:00,Brasil,PARANÁ,JANDAIA DO SUL,Mata Atlântica
 1659097829 ,7bfda948-4a4a-3ee3-8f66-275dbc7f8fbd,  -23.991200 ,  -53.766020 ,2023-10-31 17:39:00,Brasil,PARANÁ,IPORÃ,Mata Atlântica
 1659805107 ,01bc6cd0-1327-39d3-a94a-137f3e53418e,  -25.697340 ,  -49.771380 ,2023-11-06 16:54:00,Brasil,PARANÁ,LAPA,Mata Atlântica
 1659954565 ,8d1c278f-af17-313b-8d8e-9cbf07949690,  -25.315470 ,  -49.132340 ,2023-11-07 17:36:00,Brasil,PARANÁ,COLOMBO,Mata Atlântica
 1659954560 ,466c4b13-6999-318f-9ac9-d8dae033a789,  -25.086240 ,  -49.316320 ,2023-11-07 17:36:00,Brasil,PARANÁ,RIO BRANCO DO SUL,Mata Atlântica
 1659954561 ,df347a86-d2d0-39df-9736-a974d3b98758,  -25.084520 ,  -49.305420 ,2023-11-07 17:36:00,Brasil,PARANÁ,RIO BRANCO DO SUL,Mata Atlântica
 1659954562 ,f057d7a8-ab61-3bdc-89c7-27dc9591951e,  -24.909090 ,  -48.598990 ,2023-11-07 17:36:00,Brasil,PARANÁ,ADRIANÓPOLIS,Mata Atlântica
 1659954566 ,86f074a4-a67a-34b5-b4ed-ea2563b7d0ab,  -25.220430 ,  -49.179530 ,2023-11-07 17:36:00,Brasil,PARANÁ,BOCAIÚVA DO SUL,Mata Atlântica
 1659954567 ,391a83f2-8722-3e3d-a7e0-2501746b6826,  -25.217990 ,  -49.224090 ,2023-11-07 17:36:00,Brasil,PARANÁ,RIO BRANCO DO SUL,Mata Atlântica
 1659954581 ,365607a4-89cf-318f-9aff-0ca41535e25a,  -25.162740 ,  -49.392970 ,2023-11-07 17:36:00,Brasil,PARANÁ,RIO BRANCO DO SUL,Mata Atlântica
 1659954582 ,4755a0d0-5326-3a65-b9f9-559a95f55c32,  -25.075140 ,  -49.426780 ,2023-11-07 17:36:00,Brasil,PARANÁ,RIO BRANCO DO SUL,Mata Atlântica
 1659954583 ,c7a40a99-e101-3ba8-9655-4f7e84a4408c,  -25.073500 ,  -49.416430 ,2023-11-07 17:36:00,Brasil,PARANÁ,RIO BRANCO DO SUL,Mata Atlântica
 1659954584 ,b5081b76-0707-3b84-ad94-dd065cb1e02f,  -24.069520 ,  -49.895510 ,2023-11-07 17:36:00,Brasil,PARANÁ,ARAPOTI,Mata Atlântica
 1659954589 ,3cd68880-ab40-38e9-abbf-2b8f7bcf9af8,  -25.615360 ,  -50.112690 ,2023-11-07 17:36:00,Brasil,PARANÁ,PALMEIRA,Mata Atlântica
 1659954590 ,38393896-dd56-3592-a96b-0bfe8ab43252,  -25.251330 ,  -50.634840 ,2023-11-07 17:36:00,Brasil,PARANÁ,IMBITUVA,Mata Atlântica
 1659954591 ,57af4f47-ed22-37b5-a83f-435e130a51ae,  -25.249860 ,  -50.624970 ,2023-11-07 17:36:00,Brasil,PARANÁ,IMBITUVA,Mata Atlântica
 1659954631 ,a459f8dd-0933-3414-9e8b-3670c56b5994,  -23.596850 ,  -51.028710 ,2023-11-07 17:36:00,Brasil,PARANÁ,LONDRINA,Mata Atlântica
 1659954632 ,edc5b674-d76b-31c7-8872-0536d8f57ed1,  -23.578620 ,  -51.725980 ,2023-11-07 17:36:00,Brasil,PARANÁ,MANDAGUARI,Mata Atlântica
 1659954633 ,77319469-bf09-3a66-bc13-da2a135c374b,  -23.177030 ,  -51.184240 ,2023-11-07 17:36:00,Brasil,PARANÁ,LONDRINA,Mata Atlântica
 1659954634 ,6858d29d-6aab-3b54-8afe-54d2df2b8d67,  -23.018580 ,  -50.735510 ,2023-11-07 17:36:00,Brasil,PARANÁ,LEÓPOLIS,Mata Atlântica
 1659954635 ,145efc8d-eeb3-388d-b01b-7fb4fea741d6,  -25.220660 ,  -51.820320 ,2023-11-07 17:36:00,Brasil,PARANÁ,CAMPINA DO SIMÃO,Mata Atlântica
 1659954636 ,e38a8dfd-1674-330f-8af5-c45f988a4ebb,  -25.219250 ,  -51.810400 ,2023-11-07 17:36:00,Brasil,PARANÁ,CAMPINA DO SIMÃO,Mata Atlântica
 1659954637 ,6bb48d23-903d-3b2a-84ea-49a073975aa2,  -25.058260 ,  -51.071700 ,2023-11-07 17:36:00,Brasil,PARANÁ,PRUDENTÓPOLIS,Mata Atlântica
 1659954638 ,7c8b2ca7-d731-3825-a31e-bcef4a9d8042,  -24.759510 ,  -51.880010 ,2023-11-07 17:36:00,Brasil,PARANÁ,PITANGA,Mata Atlântica
 1659954641 ,8fd5ddc4-988c-37d7-b21b-52ee2a3dbcaf,  -26.304880 ,  -51.815690 ,2023-11-07 17:36:00,Brasil,PARANÁ,CORONEL DOMINGOS SOARES,Mata Atlântica
 1659954642 ,74af70b8-de3d-3b4e-ba81-b83d8d74ff71,  -26.275040 ,  -51.800240 ,2023-11-07 17:36:00,Brasil,PARANÁ,CORONEL DOMINGOS SOARES,Mata Atlântica
 1659954643 ,a0f7c921-f654-3626-9220-8c17f348b944,  -26.263140 ,  -51.452850 ,2023-11-07 17:36:00,Brasil,PARANÁ,BITURUNA,Mata Atlântica
 1659954644 ,dfbc321e-d67a-3cbb-b37c-cb721fb8a875,  -26.223700 ,  -51.764280 ,2023-11-07 17:36:00,Brasil,PARANÁ,CORONEL DOMINGOS SOARES,Mata Atlântica
 1659954645 ,e347416b-04e0-35c2-8ff4-f13672bc1a37,  -26.222280 ,  -51.754150 ,2023-11-07 17:36:00,Brasil,PARANÁ,CORONEL DOMINGOS SOARES,Mata Atlântica
 1659954646 ,c8c617c1-ced5-3b27-8826-ef0aa9135d13,  -26.098390 ,  -51.396830 ,2023-11-07 17:36:00,Brasil,PARANÁ,BITURUNA,Mata Atlântica
 1659954647 ,942c38c3-8c91-3833-ba5c-4005546ab4f9,  -26.096980 ,  -51.386940 ,2023-11-07 17:36:00,Brasil,PARANÁ,BITURUNA,Mata Atlântica
 1659954648 ,65951162-fe9c-3b40-b57e-c071d8371ace,  -26.062220 ,  -51.592660 ,2023-11-07 17:36:00,Brasil,PARANÁ,BITURUNA,Mata Atlântica
 1659954649 ,47d76258-af0d-365d-a47b-e657b0a9d3b5,  -25.978110 ,  -51.328470 ,2023-11-07 17:36:00,Brasil,PARANÁ,CRUZ MACHADO,Mata Atlântica
 1659954650 ,c369ec2b-bc37-3324-aff5-83bd8a575929,  -25.899920 ,  -51.230650 ,2023-11-07 17:36:00,Brasil,PARANÁ,CRUZ MACHADO,Mata Atlântica
 1659954651 ,2ab7526f-a5cf-322c-b85f-e3b922712ed6,  -25.898500 ,  -51.220760 ,2023-11-07 17:36:00,Brasil,PARANÁ,CRUZ MACHADO,Mata Atlântica
 1659954652 ,86e1e91d-8f85-345a-9357-7e7d3b216b7b,  -25.835560 ,  -51.420280 ,2023-11-07 17:36:00,Brasil,PARANÁ,PINHÃO,Mata Atlântica
 1659954653 ,bfcd284e-3722-373b-a91d-664b4b71149f,  -25.834150 ,  -51.410370 ,2023-11-07 17:36:00,Brasil,PARANÁ,PINHÃO,Mata Atlântica
 1659954654 ,c3fbb2e2-e0c6-3978-b62e-573956a54a09,  -25.631060 ,  -51.474970 ,2023-11-07 17:36:00,Brasil,PARANÁ,GUARAPUAVA,Mata Atlântica
 1659954655 ,15e20e8b-8559-31e4-b97a-3cb419f08018,  -25.629640 ,  -51.465060 ,2023-11-07 17:36:00,Brasil,PARANÁ,GUARAPUAVA,Mata Atlântica
 1659954656 ,95ab9af7-0926-3006-94c3-4a55717df6bf,  -25.478100 ,  -51.173990 ,2023-11-07 17:36:00,Brasil,PARANÁ,INÁCIO MARTINS,Mata Atlântica
 1659954657 ,ea3e5719-2bc8-32a3-aac8-56de9f817b30,  -25.476670 ,  -51.164140 ,2023-11-07 17:36:00,Brasil,PARANÁ,INÁCIO MARTINS,Mata Atlântica
 1659954658 ,444a8873-e284-37fa-b36c-98716d6d156d,  -25.414540 ,  -51.114660 ,2023-11-07 17:36:00,Brasil,PARANÁ,PRUDENTÓPOLIS,Mata Atlântica
 1659954705 ,7bb5a429-1cc9-3397-a4f9-96bd22a80d15,  -24.433540 ,  -54.127170 ,2023-11-07 17:36:00,Brasil,PARANÁ,MERCEDES,Mata Atlântica
 1660364147 ,d8a11901-97eb-35ac-a947-5fe4fb1bee50,  -23.029020 ,  -50.243230 ,2023-11-10 18:04:00,Brasil,PARANÁ,ANDIRÁ,Mata Atlântica
 1660364148 ,b4fc10c1-203e-37e7-9345-d2c3c4c39069,  -23.025410 ,  -50.248910 ,2023-11-10 18:04:00,Brasil,PARANÁ,ANDIRÁ,Mata Atlântica
 1660646959 ,347298ca-e233-32a8-be72-905d891fcdd8,  -26.650360 ,  -51.455650 ,2023-11-12 17:47:00,Brasil,PARANÁ,GENERAL CARNEIRO,Mata Atlântica
 1660102347 ,bc4ea420-fdd8-3181-a216-39a8d6d4331d,  -24.694080 ,  -48.609810 ,2023-11-08 16:39:00,Brasil,PARANÁ,ADRIANÓPOLIS,Mata Atlântica
 1661490577 ,ebc1ecce-ea65-36fd-973a-68971cbff942,  -24.351170 ,  -52.320110 ,2023-11-17 18:00:00,Brasil,PARANÁ,LUIZIANA,Mata Atlântica
 1661490578 ,722e2fdc-26aa-3028-a79c-5fb5cf4788db,  -24.340390 ,  -52.322310 ,2023-11-17 18:00:00,Brasil,PARANÁ,LUIZIANA,Mata Atlântica
 1661662489 ,598cf6d7-7ba6-39fe-9573-537146cefea1,  -24.739800 ,  -49.324720 ,2023-11-18 17:02:00,Brasil,PARANÁ,DOUTOR ULYSSES,Mata Atlântica
 1661662490 ,1e61b794-ee7f-38e7-a8c4-d119999d0ddb,  -24.739630 ,  -49.320050 ,2023-11-18 17:02:00,Brasil,PARANÁ,DOUTOR ULYSSES,Mata Atlântica
 1661991276 ,003540dc-7995-3b22-a4f1-a8223494f89d,  -26.221460 ,  -51.759120 ,2023-11-21 17:28:00,Brasil,PARANÁ,CORONEL DOMINGOS SOARES,Mata Atlântica
 1661991277 ,bca894f5-5360-3b4a-b030-3aff4eda5b39,  -26.219970 ,  -51.747350 ,2023-11-21 17:28:00,Brasil,PARANÁ,CORONEL DOMINGOS SOARES,Mata Atlântica
 1661991278 ,22562047-b86b-3ae6-b9e7-4a334e024fad,  -26.089760 ,  -50.344110 ,2023-11-21 17:28:00,Brasil,PARANÁ,SÃO MATEUS DO SUL,Mata Atlântica
 1661991279 ,78c9a833-1ff7-3242-a43e-815bc75633b7,  -25.859460 ,  -51.386840 ,2023-11-21 17:28:00,Brasil,PARANÁ,PINHÃO,Mata Atlântica
 1661991280 ,f19c1515-5b7f-3726-81c7-4b32447fbb86,  -25.435260 ,  -52.143880 ,2023-11-21 17:28:00,Brasil,PARANÁ,CANTAGALO,Mata Atlântica
 1661991281 ,e1dd08a4-f6e5-3719-8cec-7669d5607271,  -25.268230 ,  -51.068790 ,2023-11-21 17:28:00,Brasil,PARANÁ,PRUDENTÓPOLIS,Mata Atlântica
 1661991282 ,cca7cdd2-d2b2-34c0-9e98-69cea8a85783,  -25.266820 ,  -51.058050 ,2023-11-21 17:28:00,Brasil,PARANÁ,PRUDENTÓPOLIS,Mata Atlântica
 1661991283 ,252972f8-09df-3641-aac7-1c0b9cc40951,  -25.251010 ,  -51.082780 ,2023-11-21 17:28:00,Brasil,PARANÁ,PRUDENTÓPOLIS,Mata Atlântica
 1661991284 ,f73d6a0e-6410-3ee8-a7ae-0b3b56254b95,  -25.042430 ,  -51.222500 ,2023-11-21 17:28:00,Brasil,PARANÁ,PRUDENTÓPOLIS,Mata Atlântica
 1661991285 ,6fd7fd54-11eb-3ded-8a97-a5612cda12ae,  -25.041020 ,  -51.211750 ,2023-11-21 17:28:00,Brasil,PARANÁ,PRUDENTÓPOLIS,Mata Atlântica
 1661991286 ,ace4c30a-d099-3d1f-913f-bc5cee151665,  -25.028810 ,  -51.191650 ,2023-11-21 17:28:00,Brasil,PARANÁ,PRUDENTÓPOLIS,Mata Atlântica
 1661991287 ,2baf2c08-599d-3d9f-ac38-dafd90ed1a10,  -24.899020 ,  -50.838760 ,2023-11-21 17:28:00,Brasil,PARANÁ,IVAÍ,Mata Atlântica
 1661991288 ,5720a7cb-5cfc-3fdf-b5f1-e0ec3388bf37,  -24.790410 ,  -49.392290 ,2023-11-21 17:28:00,Brasil,PARANÁ,CERRO AZUL,Mata Atlântica
 1661991289 ,a3e5d87f-981f-36bd-81cc-8931fc4df824,  -24.789000 ,  -49.382490 ,2023-11-21 17:28:00,Brasil,PARANÁ,CERRO AZUL,Mata Atlântica
 1661991290 ,5e4ec16e-c1cb-3505-a455-779f526283c7,  -24.779710 ,  -51.394180 ,2023-11-21 17:28:00,Brasil,PARANÁ,TURVO,Mata Atlântica
 1661991291 ,4806178d-30f7-3a6f-9d62-a7b8f210ab3a,  -24.770330 ,  -51.395880 ,2023-11-21 17:28:00,Brasil,PARANÁ,TURVO,Mata Atlântica
 1661991292 ,dd34e3c3-9009-37a0-ad0f-87c6efbd6ef2,  -24.665920 ,  -48.851810 ,2023-11-21 17:28:00,Brasil,PARANÁ,ADRIANÓPOLIS,Mata Atlântica
 1661991293 ,73245922-150c-363f-9f60-cb3e627542b2,  -23.590300 ,  -52.922030 ,2023-11-21 17:28:00,Brasil,PARANÁ,TAPEJARA,Mata Atlântica
 1662694895 ,2cdb9753-31ce-386e-9736-fbfd6c42850a,  -25.672520 ,  -50.963280 ,2023-11-30 17:09:00,Brasil,PARANÁ,RIO AZUL,Mata Atlântica
 1662780346 ,780fad70-6c07-3471-b0d9-5ed0d5ea46c9,  -26.167740 ,  -51.508350 ,2023-12-01 17:51:00,Brasil,PARANÁ,BITURUNA,Mata Atlântica
 1662780347 ,d63437c7-20a1-342b-bd34-8f57283126a5,  -26.105090 ,  -51.954880 ,2023-12-01 17:51:00,Brasil,PARANÁ,CORONEL DOMINGOS SOARES,Mata Atlântica
 1662780348 ,2e738e66-9816-3a53-ac6c-81389df1fae2,  -25.841760 ,  -51.104360 ,2023-12-01 17:51:00,Brasil,PARANÁ,CRUZ MACHADO,Mata Atlântica
 1662870421 ,fd431af8-4a25-3235-83d3-5aed957a438d,  -26.035420 ,  -51.654990 ,2023-12-02 16:54:00,Brasil,PARANÁ,BITURUNA,Mata Atlântica
 1662870422 ,a30c80d9-8ea5-3690-acfd-4bfbe37b2986,  -25.829490 ,  -49.342800 ,2023-12-02 16:54:00,Brasil,PARANÁ,MANDIRITUBA,Mata Atlântica
 1662870423 ,d76abdf4-201c-365c-86ed-8e475bd180eb,  -25.826660 ,  -49.338330 ,2023-12-02 16:54:00,Brasil,PARANÁ,MANDIRITUBA,Mata Atlântica
 1662870424 ,91f78999-5ba6-3d0e-8e35-6556998ae4d3,  -25.039920 ,  -49.254570 ,2023-12-02 16:54:00,Brasil,PARANÁ,CERRO AZUL,Mata Atlântica
 1662870425 ,0a9a447c-fc94-307a-a6d3-2cfc27d52a56,  -25.037160 ,  -49.223300 ,2023-12-02 16:54:00,Brasil,PARANÁ,CERRO AZUL,Mata Atlântica
 1662961313 ,b15cca3f-8e37-3c4a-8cb3-2f87e7170810,  -25.243160 ,  -53.983140 ,2023-12-03 17:36:00,Brasil,PARANÁ,MATELÂNDIA,Mata Atlântica
 1662961314 ,c94f2fad-36f7-32ed-b047-5e1dfcd97718,  -25.092900 ,  -54.249050 ,2023-12-03 17:36:00,Brasil,PARANÁ,MISSAL,Mata Atlântica
 1662961315 ,d438459c-7bb0-32f0-8ad0-2070acedccab,  -24.629470 ,  -53.321340 ,2023-12-03 17:36:00,Brasil,PARANÁ,CAFELÂNDIA,Mata Atlântica
 1662961316 ,bc05d6da-073a-3e74-8989-2cb9f56d0b92,  -24.488250 ,  -49.769210 ,2023-12-03 17:36:00,Brasil,PARANÁ,PIRAÍ DO SUL,Mata Atlântica
 1662961317 ,be363a9a-3c28-305d-89de-9dc8256c22f2,  -24.486730 ,  -49.759190 ,2023-12-03 17:36:00,Brasil,PARANÁ,PIRAÍ DO SUL,Mata Atlântica
 1662961318 ,0566b0c8-1a0d-3ba5-ab39-b1d69d50b692,  -24.468070 ,  -53.962390 ,2023-12-03 17:36:00,Brasil,PARANÁ,NOVA SANTA ROSA,Mata Atlântica
 1662961319 ,6b43eea7-72b1-3e9d-aa89-5c401d76a6da,  -24.448150 ,  -52.648070 ,2023-12-03 17:36:00,Brasil,PARANÁ,MAMBORÊ,Mata Atlântica
 1662961320 ,3bb4aa48-65eb-343f-8fbb-f500ecb0fd2e,  -22.757820 ,  -51.465800 ,2023-12-03 17:36:00,Brasil,PARANÁ,PORECATU,Mata Atlântica
 1663127488 ,6d425072-5906-3029-8df9-13b04734fe36,  -24.948210 ,  -49.460700 ,2023-12-05 17:19:00,Brasil,PARANÁ,RIO BRANCO DO SUL,Mata Atlântica
 1663127489 ,e8a3bacd-84c0-3896-b57b-2816d4722ef5,  -24.281770 ,  -53.845300 ,2023-12-05 17:21:00,Brasil,PARANÁ,PALOTINA,Mata Atlântica
 1663239780 ,cf6629ba-8b45-318d-8107-c5bf5a8b70b2,  -23.047660 ,  -50.956870 ,2023-12-06 18:02:00,Brasil,PARANÁ,RANCHO ALEGRE,Mata Atlântica
 1663886397 ,41b3d574-3441-33f0-b4bf-777a377b16e5,  -26.020440 ,  -51.724880 ,2023-12-12 17:17:00,Brasil,PARANÁ,BITURUNA,Mata Atlântica
 1663886398 ,6562b74a-7dcc-35db-907c-4525fb642437,  -26.017600 ,  -51.730180 ,2023-12-12 17:17:00,Brasil,PARANÁ,CORONEL DOMINGOS SOARES,Mata Atlântica
 1663886399 ,bb7e0f3b-aab3-3ee5-9c27-4d35449bc469,  -26.015540 ,  -51.710880 ,2023-12-12 17:17:00,Brasil,PARANÁ,BITURUNA,Mata Atlântica
 1663886400 ,46601fe4-abc1-301a-afae-5d6737da87e6,  -24.408600 ,  -53.518580 ,2023-12-12 17:17:00,Brasil,PARANÁ,ASSIS CHATEAUBRIAND,Mata Atlântica
 1663886401 ,25e0b715-8333-31f4-b7ce-631553661069,  -24.138670 ,  -50.807330 ,2023-12-12 17:17:00,Brasil,PARANÁ,ORTIGUEIRA,Mata Atlântica
 1663886402 ,f8f593f5-c31f-356c-9728-317c37ab9122,  -23.023240 ,  -52.135180 ,2023-12-12 17:17:00,Brasil,PARANÁ,CRUZEIRO DO SUL,Mata Atlântica
 1663886405 ,7794b6d4-9c67-3217-b673-cf931deee171,  -22.776020 ,  -51.870080 ,2023-12-12 17:17:00,Brasil,PARANÁ,SANTO INÁCIO,Mata Atlântica
 1664133744 ,efe73c3f-f918-3e96-8c81-02d4a7fff6d1,  -24.273030 ,  -49.388830 ,2023-12-14 17:02:00,Brasil,PARANÁ,SENGÉS,Cerrado
 1664133745 ,057b3175-2d5a-3567-bcbf-ba9689954722,  -24.051930 ,  -52.397880 ,2023-12-14 17:02:00,Brasil,PARANÁ,CAMPO MOURÃO,Mata Atlântica
 1664234372 ,ce566fdb-c10c-3072-b3cf-89bdf649e5b3,  -26.499420 ,  -51.959890 ,2023-12-15 17:43:00,Brasil,PARANÁ,PALMAS,Mata Atlântica
 1664234373 ,3cd5e7fd-b0be-3dd5-88c4-7e71a0bfe15a,  -25.916670 ,  -51.128640 ,2023-12-15 17:43:00,Brasil,PARANÁ,CRUZ MACHADO,Mata Atlântica
 1664234374 ,67a06f50-090f-3cda-aba2-7674c86ba5f0,  -25.778020 ,  -51.432820 ,2023-12-15 17:43:00,Brasil,PARANÁ,PINHÃO,Mata Atlântica
 1664234375 ,4fa728ed-6f6f-382d-b816-22c0ee45b61e,  -25.746590 ,  -52.099120 ,2023-12-15 17:43:00,Brasil,PARANÁ,FOZ DO JORDÃO,Mata Atlântica
 1664234376 ,1d04152d-263d-3497-941e-429588f7acf1,  -25.580770 ,  -51.041270 ,2023-12-15 17:43:00,Brasil,PARANÁ,INÁCIO MARTINS,Mata Atlântica
 1664234377 ,512fc1df-e583-3cf4-8c5c-f2689b202193,  -25.447940 ,  -54.401710 ,2023-12-15 17:43:00,Brasil,PARANÁ,SANTA TEREZINHA DE ITAIPU,Mata Atlântica
 1664234378 ,4dd9767b-94a1-3fb5-b199-95603d3cd77c,  -25.260030 ,  -52.686940 ,2023-12-15 17:43:00,Brasil,PARANÁ,NOVA LARANJEIRAS,Mata Atlântica
 1664234379 ,d1210bda-d829-34c7-ad14-143df169f646,  -25.065520 ,  -51.790910 ,2023-12-15 17:43:00,Brasil,PARANÁ,CAMPINA DO SIMÃO,Mata Atlântica
 1664234380 ,3d6ca988-dd10-32f5-adb0-87c3ff68fb90,  -25.064070 ,  -51.781080 ,2023-12-15 17:43:00,Brasil,PARANÁ,CAMPINA DO SIMÃO,Mata Atlântica
 1664234381 ,af6ce1e0-a4c3-3782-bbb8-f6765cc97e29,  -23.660260 ,  -50.855540 ,2023-12-15 17:43:00,Brasil,PARANÁ,SÃO JERÔNIMO DA SERRA,Mata Atlântica
 1664234382 ,8116b1a6-8f9f-3565-b148-55258f56ac6c,  -23.655110 ,  -52.982130 ,2023-12-15 17:43:00,Brasil,PARANÁ,TAPEJARA,Mata Atlântica
 1664422652 ,6d39df6f-557a-3be1-8a24-387ad11a2905,  -26.138920 ,  -51.878260 ,2023-12-17 17:26:00,Brasil,PARANÁ,CORONEL DOMINGOS SOARES,Mata Atlântica
 1664422664 ,5dca5e19-e1c6-3834-baee-2f685b18aba3,  -25.459540 ,  -52.909300 ,2023-12-17 17:26:00,Brasil,PARANÁ,QUEDAS DO IGUAÇU,Mata Atlântica
 1664422712 ,9ba794e8-c733-3794-b26d-e197bf185fd0,  -26.149160 ,  -51.876360 ,2023-12-17 17:26:00,Brasil,PARANÁ,CORONEL DOMINGOS SOARES,Mata Atlântica
 1664422724 ,267acd18-94d3-3265-98a1-33bfc70ad0db,  -25.448600 ,  -52.910640 ,2023-12-17 17:26:00,Brasil,PARANÁ,QUEDAS DO IGUAÇU,Mata Atlântica
 1664422725 ,2b109f05-7589-3520-af9a-29b5b23535df,  -24.619620 ,  -53.326210 ,2023-12-17 17:26:00,Brasil,PARANÁ,CAFELÂNDIA,Mata Atlântica
 1664422726 ,fc3b68d5-2d4b-333e-8c64-21020d8a0562,  -24.318590 ,  -52.529480 ,2023-12-17 17:26:00,Brasil,PARANÁ,MAMBORÊ,Mata Atlântica
 1664422727 ,630c411b-933c-30d6-af4b-36ecdcd43f20,  -24.290160 ,  -53.843430 ,2023-12-17 17:26:00,Brasil,PARANÁ,PALOTINA,Mata Atlântica
 1664666599 ,f21fe213-3b58-38f5-b720-fca00cef4362,  -24.330990 ,  -50.628280 ,2023-12-19 17:11:00,Brasil,PARANÁ,TELÊMACO BORBA,Mata Atlântica
 1664769766 ,15a7ec08-5b15-3997-bcad-1d767b3e276a,  -23.171730 ,  -53.165000 ,2023-12-20 17:53:00,Brasil,PARANÁ,SANTA MÔNICA,Mata Atlântica
 1664874651 ,2998d7de-29f3-3428-a8d2-e08f2734a8e0,  -24.896980 ,  -49.556420 ,2023-12-21 16:56:00,Brasil,PARANÁ,CASTRO,Mata Atlântica
 1664874654 ,f463f17e-b9ac-35f0-b034-757b84c60acc,  -24.897820 ,  -49.564010 ,2023-12-21 16:56:00,Brasil,PARANÁ,CASTRO,Mata Atlântica
 1664974736 ,766471db-f39d-39f9-81a7-676ebbd5e8e7,  -25.849180 ,  -51.100700 ,2023-12-22 17:36:00,Brasil,PARANÁ,CRUZ MACHADO,Mata Atlântica
 1664974737 ,4918cde5-5c74-3df7-b382-0820f348272a,  -25.830790 ,  -52.099900 ,2023-12-22 17:36:00,Brasil,PARANÁ,RESERVA DO IGUAÇU,Mata Atlântica
 1664974738 ,1163b684-a1b8-374b-87f8-cae1d7161e7c,  -25.829410 ,  -52.089700 ,2023-12-22 17:36:00,Brasil,PARANÁ,RESERVA DO IGUAÇU,Mata Atlântica
 1664974739 ,b3bedadc-e0cc-3c57-a3f9-7c051148f70d,  -25.822920 ,  -52.096530 ,2023-12-22 17:36:00,Brasil,PARANÁ,RESERVA DO IGUAÇU,Mata Atlântica
 1664974740 ,572eb6ac-28b7-3119-b951-d9654cccc471,  -25.821490 ,  -52.086170 ,2023-12-22 17:36:00,Brasil,PARANÁ,RESERVA DO IGUAÇU,Mata Atlântica
 1664974741 ,9c0a8d5f-4407-3497-9559-cd108d15e7e2,  -25.790810 ,  -53.303820 ,2023-12-22 17:36:00,Brasil,PARANÁ,SALTO DO LONTRA,Mata Atlântica
 1664974742 ,fce936ca-c1b5-3ec6-bb1c-32a3530c2f00,  -25.323000 ,  -53.236150 ,2023-12-22 17:36:00,Brasil,PARANÁ,TRÊS BARRAS DO PARANÁ,Mata Atlântica
 1664974743 ,276f2bd1-041e-3e84-9e5d-56f969b539e7,  -25.314940 ,  -53.248540 ,2023-12-22 17:36:00,Brasil,PARANÁ,CATANDUVAS,Mata Atlântica
 1664974744 ,686623e8-1083-3af8-a9ea-2f132a460867,  -25.189540 ,  -52.308400 ,2023-12-22 17:36:00,Brasil,PARANÁ,MARQUINHO,Mata Atlântica
 1664974745 ,50db6dbc-23c5-39d2-8670-a09bb76cfa4c,  -24.964940 ,  -49.370950 ,2023-12-22 17:36:00,Brasil,PARANÁ,CERRO AZUL,Mata Atlântica
 1664974746 ,df1bb1b4-81a1-3ac3-b396-a2f953d89ea8,  -24.455220 ,  -52.657430 ,2023-12-22 17:38:00,Brasil,PARANÁ,MAMBORÊ,Mata Atlântica
 1664974747 ,c18c99a0-5dda-3e15-82d4-11559cd17cac,  -24.317420 ,  -52.649640 ,2023-12-22 17:38:00,Brasil,PARANÁ,MAMBORÊ,Mata Atlântica
 1664974749 ,e20c54c9-5839-3c21-b77b-142c8f8aa69c,  -23.614120 ,  -52.078520 ,2023-12-22 17:38:00,Brasil,PARANÁ,FLORESTA,Mata Atlântica
 1664974750 ,ca524eaf-03be-326a-8692-a9f8e93e40e9,  -23.359310 ,  -52.566260 ,2023-12-22 17:38:00,Brasil,PARANÁ,SÃO MANOEL DO PARANÁ,Mata Atlântica
 1664974751 ,1d1fdccc-0b24-3f6e-adbd-47faae3d15b3,  -23.315270 ,  -53.196370 ,2023-12-22 17:38:00,Brasil,PARANÁ,TAPIRA,Mata Atlântica
 1664974752 ,516df7d8-eadf-37b1-a1a4-87e09bdce179,  -23.122570 ,  -50.471060 ,2023-12-22 17:38:00,Brasil,PARANÁ,SANTA MARIANA,Mata Atlântica
 1664974754 ,87250acc-8725-3c2b-85a3-bee6e3893d76,  -22.874280 ,  -52.845820 ,2023-12-22 17:38:00,Brasil,PARANÁ,GUAIRAÇÁ,Mata Atlântica
 1664974757 ,bde31d53-44e6-3201-94ce-af9157980d61,  -22.712050 ,  -52.269590 ,2023-12-22 17:38:00,Brasil,PARANÁ,INAJÁ,Mata Atlântica
 1664974758 ,772963b6-b092-39a0-845e-74a716073229,  -22.651360 ,  -52.496790 ,2023-12-22 17:38:00,Brasil,PARANÁ,PARANAVAÍ,Mata Atlântica
 1665191870 ,a7256548-36cf-3eed-bda8-53d8fa3243a2,  -24.835510 ,  -49.027570 ,2023-12-24 17:21:00,Brasil,PARANÁ,ADRIANÓPOLIS,Mata Atlântica
 1665517140 ,c8121ce9-2538-3f03-a58d-b759b6f0947f,  -25.175130 ,  -52.389190 ,2023-12-27 17:49:00,Brasil,PARANÁ,LARANJEIRAS DO SUL,Mata Atlântica
 1665517141 ,bbe6c438-31aa-3401-b144-cfe44ab70e5c,  -24.997910 ,  -52.803630 ,2023-12-27 17:49:00,Brasil,PARANÁ,GUARANIAÇU,Mata Atlântica
 1665630986 ,9f80cecd-192f-3dcc-a183-931d0bf70026,  -24.670800 ,  -48.866910 ,2023-12-28 16:52:00,Brasil,PARANÁ,ADRIANÓPOLIS,Mata Atlântica
 1665772438 ,a3b525fa-61f8-3405-9be9-482ac76b824f,  -25.457530 ,  -51.095530 ,2023-12-29 17:34:00,Brasil,PARANÁ,PRUDENTÓPOLIS,Mata Atlântica
 1665772439 ,e46a237d-2f5d-37de-a2f3-c190686af625,  -24.430490 ,  -49.792320 ,2023-12-29 17:34:00,Brasil,PARANÁ,JAGUARIAÍVA,Mata Atlântica
 1665772440 ,a291ca03-8d6c-3b13-aa7f-ccffdb78e81e,  -24.213560 ,  -50.728100 ,2023-12-29 17:34:00,Brasil,PARANÁ,ORTIGUEIRA,Mata Atlântica
 1665772441 ,cc64700b-3e1f-389e-8a72-0307327c020b,  -24.212180 ,  -50.718200 ,2023-12-29 17:34:00,Brasil,PARANÁ,ORTIGUEIRA,Mata Atlântica
 1665772442 ,2003fc97-45f7-3b8c-b2a6-2bceb2d067a0,  -24.203180 ,  -50.719760 ,2023-12-29 17:34:00,Brasil,PARANÁ,ORTIGUEIRA,Mata Atlântica
 1665772443 ,44e560f3-6e31-3a06-9468-17d214e4911a,  -23.994540 ,  -51.823200 ,2023-12-29 17:34:00,Brasil,PARANÁ,SÃO JOÃO DO IVAÍ,Mata Atlântica
