id_bdq,foco_id,lat,lon,data_pas,pais,estado,municipio,bioma
 1666218604 ,34e9ceb9-c642-3946-b0d0-041020e63cca,  -25.891960 ,  -48.580460 ,2024-01-02 17:02:00,Brasil,PARANÁ,GUARATUBA,Mata Atlântica
 1666218605 ,54d69900-ae67-34cd-bf41-7b0bd9d485f4,  -25.511230 ,  -48.525110 ,2024-01-02 17:02:00,Brasil,PARANÁ,PARANAGUÁ,Mata Atlântica
 1666547562 ,96da73a0-2d21-3dda-8c7d-9b34986ebdb0,  -25.783140 ,  -53.308650 ,2024-01-05 17:28:00,Brasil,PARANÁ,SALTO DO LONTRA,Mata Atlântica
 1666547563 ,f4a5551c-8242-3d27-ad3e-bba63368d834,  -25.774500 ,  -53.534420 ,2024-01-05 17:28:00,Brasil,PARANÁ,REALEZA,Mata Atlântica
 1666547564 ,7ce49cfd-db3f-31d8-b259-fae0e2a41a77,  -25.356350 ,  -54.301570 ,2024-01-05 17:28:00,Brasil,PARANÁ,SÃO MIGUEL DO IGUAÇU,Mata Atlântica
 1666547565 ,b6283b2a-d227-3db3-a752-a0edf67885d5,  -25.279350 ,  -49.454730 ,2024-01-05 17:28:00,Brasil,PARANÁ,CAMPO MAGRO,Mata Atlântica
 1666547566 ,f8b00170-adf2-32f3-996d-361835f59609,  -25.277960 ,  -49.444510 ,2024-01-05 17:28:00,Brasil,PARANÁ,CAMPO MAGRO,Mata Atlântica
 1666547568 ,22b4fe5d-8843-3911-a353-b727b23caacd,  -23.879050 ,  -53.894730 ,2024-01-05 17:28:00,Brasil,PARANÁ,ALTÔNIA,Mata Atlântica
 1666954424 ,255696d2-7c44-3590-92c5-221e75b78b0b,  -23.919850 ,  -52.345510 ,2024-01-08 17:53:00,Brasil,PARANÁ,PEABIRU,Mata Atlântica
 1666954427 ,0ec09683-a656-392d-a1f4-1071a3f7d89c,  -23.188860 ,  -53.490380 ,2024-01-08 17:53:00,Brasil,PARANÁ,QUERÊNCIA DO NORTE,Mata Atlântica
 1666954428 ,ebd69ad3-2c7d-3e24-b94f-c3bd96d07579,  -23.187250 ,  -53.480060 ,2024-01-08 17:53:00,Brasil,PARANÁ,SANTA CRUZ DE MONTE CASTELO,Mata Atlântica
 1666954430 ,2f2d95f9-96f5-3bcb-8a07-ab66607de97d,  -23.002170 ,  -53.198840 ,2024-01-08 17:56:00,Brasil,PARANÁ,SANTA ISABEL DO IVAÍ,Mata Atlântica
 1667095828 ,5384055d-c89a-3c87-8b88-f7f16fca953f,  -25.887750 ,  -48.589890 ,2024-01-09 16:56:00,Brasil,PARANÁ,GUARATUBA,Mata Atlântica
 1667095829 ,9b07f7f8-4464-3372-92f9-7318faf9070d,  -25.175880 ,  -49.713930 ,2024-01-09 16:56:00,Brasil,PARANÁ,PONTA GROSSA,Mata Atlântica
 1667233573 ,d654e3ec-f502-34a8-8391-6ec615887ecf,  -25.033600 ,  -49.218910 ,2024-01-10 17:38:00,Brasil,PARANÁ,CERRO AZUL,Mata Atlântica
 1667233578 ,769af159-36f6-36bd-a5aa-320fa5b66c3c,  -25.085680 ,  -49.319340 ,2024-01-10 17:38:00,Brasil,PARANÁ,RIO BRANCO DO SUL,Mata Atlântica
 1667233579 ,7dfb41d3-9146-3582-ac01-abe88abaa491,  -25.535140 ,  -50.903450 ,2024-01-10 17:38:00,Brasil,PARANÁ,IRATI,Mata Atlântica
 1667233581 ,3c163816-db7a-3b27-b661-72d919e26caa,  -24.869560 ,  -51.140390 ,2024-01-10 17:38:00,Brasil,PARANÁ,PRUDENTÓPOLIS,Mata Atlântica
 1667233582 ,41931c7c-a5db-3803-b036-b722142df49d,  -26.305820 ,  -52.279820 ,2024-01-10 17:38:00,Brasil,PARANÁ,CLEVELÂNDIA,Mata Atlântica
 1667233586 ,ba4501bf-e787-39fc-9c27-18406c30f9c6,  -23.785360 ,  -53.076470 ,2024-01-10 17:38:00,Brasil,PARANÁ,CRUZEIRO DO OESTE,Mata Atlântica
 1667233587 ,f5157084-f125-350d-8c57-532f29c0c7b4,  -23.916220 ,  -52.338150 ,2024-01-10 17:38:00,Brasil,PARANÁ,PEABIRU,Mata Atlântica
 1667233604 ,f6d3941a-8f7a-3d27-a5ea-1fc81dfc356b,  -23.108180 ,  -53.581960 ,2024-01-10 17:38:00,Brasil,PARANÁ,QUERÊNCIA DO NORTE,Mata Atlântica
 1667509348 ,fdbac9be-6e51-37ca-89e7-8fa9f4269b9d,  -25.315990 ,  -53.241740 ,2024-01-12 17:24:00,Brasil,PARANÁ,CATANDUVAS,Mata Atlântica
 1667509349 ,ae02d267-0ee9-30f7-ace0-d4d01df87df2,  -24.135230 ,  -49.705180 ,2024-01-12 17:24:00,Brasil,PARANÁ,JAGUARIAÍVA,Mata Atlântica
 1667509350 ,9e6ad8d2-30b5-3010-aa73-1b3dd0eaa0ad,  -23.463390 ,  -52.048660 ,2024-01-12 17:24:00,Brasil,PARANÁ,PAIÇANDU,Mata Atlântica
 1667509351 ,b54a95a9-ad43-329a-b4d7-c057aa68a4d8,  -23.264900 ,  -53.502250 ,2024-01-12 17:24:00,Brasil,PARANÁ,IVATÉ,Mata Atlântica
 1667791847 ,9ab9b939-9599-3881-bf93-e6eb1a841c3d,  -23.630370 ,  -52.030560 ,2024-01-14 17:09:00,Brasil,PARANÁ,MARIALVA,Mata Atlântica
 1667791880 ,a1cc0e8e-b3fa-3a30-afc1-0b900d7b5b4b,  -24.516150 ,  -53.085090 ,2024-01-14 17:09:00,Brasil,PARANÁ,UBIRATÃ,Mata Atlântica
 1667791881 ,a5f30d32-6175-3a4d-aa20-3c1b0ab1fd63,  -23.393120 ,  -51.425540 ,2024-01-14 17:09:00,Brasil,PARANÁ,ARAPONGAS,Mata Atlântica
 1669215276 ,831eca93-71cc-3b1b-9786-a2c2a0b8d4c5,  -24.258620 ,  -49.405730 ,2024-01-24 17:28:00,Brasil,PARANÁ,SENGÉS,Cerrado
 1669646552 ,7d675cb2-71ad-3ece-84d4-4df1acaf56b9,  -22.766500 ,  -52.469930 ,2024-01-27 17:53:00,Brasil,PARANÁ,PARANAVAÍ,Mata Atlântica
 1666322850 ,279d0bfe-f936-3535-b97d-8c40555ac9a6,  -25.826810 ,  -53.744850 ,2024-01-03 17:43:00,Brasil,PARANÁ,PÉROLA D'OESTE,Mata Atlântica
 1666322851 ,16f255a1-0fb7-3db3-9367-312465547f96,  -25.668590 ,  -53.809030 ,2024-01-03 17:43:00,Brasil,PARANÁ,CAPANEMA,Mata Atlântica
 1666322852 ,66562b79-81a4-32e6-9637-e0997d632af8,  -25.241890 ,  -53.984890 ,2024-01-03 17:43:00,Brasil,PARANÁ,MATELÂNDIA,Mata Atlântica
 1666322853 ,e806d88c-9438-374e-82a4-f3fe23e5f108,  -25.240490 ,  -53.974240 ,2024-01-03 17:43:00,Brasil,PARANÁ,MATELÂNDIA,Mata Atlântica
 1666322854 ,195f2835-4805-39c7-b2c7-b61ae48f76cf,  -24.441490 ,  -52.894590 ,2024-01-03 17:43:00,Brasil,PARANÁ,UBIRATÃ,Mata Atlântica
 1666322855 ,6725ce26-47a2-3a20-8441-78dec96a539d,  -24.275690 ,  -53.224420 ,2024-01-03 17:43:00,Brasil,PARANÁ,QUARTO CENTENÁRIO,Mata Atlântica
 1666322856 ,900637f2-d672-3f3b-8f25-30c1ae5c5f4d,  -24.002460 ,  -53.707050 ,2024-01-03 17:43:00,Brasil,PARANÁ,IPORÃ,Mata Atlântica
 1666322858 ,855bb9b1-91c9-39e4-85cc-953083b953a5,  -23.810440 ,  -51.971950 ,2024-01-03 17:43:00,Brasil,PARANÁ,SÃO PEDRO DO IVAÍ,Mata Atlântica
 1666322859 ,7414c7a3-a915-3c46-a355-a30bf0413306,  -23.767300 ,  -52.245960 ,2024-01-03 17:43:00,Brasil,PARANÁ,ENGENHEIRO BELTRÃO,Mata Atlântica
 1666322860 ,dd4a8124-5cb3-31b0-bf67-cc685d15a1d1,  -23.323620 ,  -52.294490 ,2024-01-03 17:43:00,Brasil,PARANÁ,FLORAÍ,Mata Atlântica
 1666322861 ,8594aa04-2ee9-329f-b6c3-8b03b3da8e24,  -23.221970 ,  -52.735110 ,2024-01-03 17:43:00,Brasil,PARANÁ,MIRADOR,Mata Atlântica
 1666322862 ,571139be-d43e-31a3-baa7-7ed2c21c85d8,  -23.172330 ,  -53.162510 ,2024-01-03 17:43:00,Brasil,PARANÁ,SANTA MÔNICA,Mata Atlântica
 1666775343 ,5967d888-55ed-34a1-b567-da74b80970b5,  -25.406860 ,  -51.358020 ,2024-01-07 17:11:00,Brasil,PARANÁ,GUARAPUAVA,Mata Atlântica
 1666775344 ,4a76394b-f674-3819-a706-7b66e7e4ffb6,  -25.395310 ,  -51.366210 ,2024-01-07 17:11:00,Brasil,PARANÁ,GUARAPUAVA,Mata Atlântica
 1666775345 ,bbf5b47d-5565-3d6c-ba6e-7d379c9da854,  -24.997190 ,  -51.008920 ,2024-01-07 17:11:00,Brasil,PARANÁ,PRUDENTÓPOLIS,Mata Atlântica
 1666775346 ,0f58d928-536f-3510-acec-7dcceb0f370e,  -24.995770 ,  -51.016050 ,2024-01-07 17:11:00,Brasil,PARANÁ,PRUDENTÓPOLIS,Mata Atlântica
 1671818806 ,21008d2c-646a-3458-b15c-eb91d921f8a1,  -26.007690 ,  -49.804410 ,2024-01-31 17:21:00,Brasil,PARANÁ,RIO NEGRO,Mata Atlântica
 1671818807 ,556a5613-d8da-3a61-a130-e8f08312b62f,  -26.006140 ,  -49.791890 ,2024-01-31 17:21:00,Brasil,PARANÁ,RIO NEGRO,Mata Atlântica
 1671818808 ,66348154-bd47-3cbe-aed5-1c6fa9c099e0,  -25.864490 ,  -50.389930 ,2024-01-31 17:21:00,Brasil,PARANÁ,SÃO MATEUS DO SUL,Mata Atlântica
 1671818824 ,8e010f84-176e-33ff-a603-25978d58424c,  -23.115050 ,  -51.540330 ,2024-01-31 17:24:00,Brasil,PARANÁ,JAGUAPITÃ,Mata Atlântica
 1671818834 ,dd7af69e-ac4a-32c5-b61e-5febfc883f06,  -25.756430 ,  -53.071910 ,2024-01-31 17:21:00,Brasil,PARANÁ,DOIS VIZINHOS,Mata Atlântica
 1671961448 ,caad3f82-1116-309b-bc2c-3be457d07091,  -23.172110 ,  -53.167170 ,2024-02-01 18:04:00,Brasil,PARANÁ,SANTA MÔNICA,Mata Atlântica
 1671961449 ,b7ed9a50-27e2-324b-85b4-767eff119a2b,  -23.090290 ,  -50.963910 ,2024-02-01 18:04:00,Brasil,PARANÁ,RANCHO ALEGRE,Mata Atlântica
 1672689148 ,89465b87-c228-3189-a671-0b382a4d2106,  -26.079830 ,  -53.057900 ,2024-02-05 17:32:00,Brasil,PARANÁ,FRANCISCO BELTRÃO,Mata Atlântica
 1672689150 ,f9686c25-fa4d-3021-9cf2-efa20fbdabde,  -26.008980 ,  -49.796140 ,2024-02-05 17:32:00,Brasil,PARANÁ,RIO NEGRO,Mata Atlântica
 1672689151 ,90292996-096a-389c-9ad8-c2f0ca778934,  -25.947320 ,  -50.425480 ,2024-02-05 17:32:00,Brasil,PARANÁ,SÃO MATEUS DO SUL,Mata Atlântica
 1672689152 ,5d043dd9-f3b1-3b89-9812-54216f1ee17e,  -25.928470 ,  -50.984860 ,2024-02-05 17:32:00,Brasil,PARANÁ,CRUZ MACHADO,Mata Atlântica
 1672689153 ,08266a0a-5732-38f5-af54-00aa8838215e,  -25.265780 ,  -48.963550 ,2024-02-05 17:32:00,Brasil,PARANÁ,CAMPINA GRANDE DO SUL,Mata Atlântica
 1672689154 ,c4d14ed7-e41e-3ddc-8696-014f954100c6,  -25.121110 ,  -51.191410 ,2024-02-05 17:32:00,Brasil,PARANÁ,PRUDENTÓPOLIS,Mata Atlântica
 1672689155 ,41286fdf-b621-31b1-b9a3-1fd46404f510,  -25.110300 ,  -51.182170 ,2024-02-05 17:32:00,Brasil,PARANÁ,PRUDENTÓPOLIS,Mata Atlântica
 1672689156 ,6a95fedf-1b0e-312c-b3d7-d38c2cafdd6f,  -25.079070 ,  -49.326620 ,2024-02-05 17:32:00,Brasil,PARANÁ,RIO BRANCO DO SUL,Mata Atlântica
 1672689157 ,9114a7f7-7df0-30ab-8426-9f988e689c92,  -25.077670 ,  -49.316810 ,2024-02-05 17:32:00,Brasil,PARANÁ,RIO BRANCO DO SUL,Mata Atlântica
 1672689158 ,725198e2-1065-3bfc-9cb2-c053445c9e48,  -25.011370 ,  -51.204670 ,2024-02-05 17:32:00,Brasil,PARANÁ,PRUDENTÓPOLIS,Mata Atlântica
 1672689159 ,74c9bb1b-ad7a-33a5-b3f8-d2687a0b9792,  -25.006130 ,  -51.199780 ,2024-02-05 17:32:00,Brasil,PARANÁ,PRUDENTÓPOLIS,Mata Atlântica
 1672689160 ,95a20a63-ede0-3976-8908-1fff0d403e35,  -24.932060 ,  -51.221820 ,2024-02-05 17:32:00,Brasil,PARANÁ,PRUDENTÓPOLIS,Mata Atlântica
 1672689161 ,d2d1f31c-de25-3c6e-9a8c-b9dd00d3a832,  -24.930660 ,  -51.210990 ,2024-02-05 17:32:00,Brasil,PARANÁ,PRUDENTÓPOLIS,Mata Atlântica
 1672689162 ,19aa42a7-bb5b-384b-962c-3892a1cd7495,  -23.870240 ,  -53.894860 ,2024-02-05 17:34:00,Brasil,PARANÁ,ALTÔNIA,Mata Atlântica
 1672689163 ,fd411b7b-9dfb-369d-b9cc-c54f7a0b3f04,  -23.402350 ,  -52.656030 ,2024-02-05 17:34:00,Brasil,PARANÁ,SÃO MANOEL DO PARANÁ,Mata Atlântica
 1672903262 ,aef437ce-6f19-3a12-a6a7-ccd2ba238940,  -24.134570 ,  -54.324860 ,2024-02-06 18:15:00,Brasil,PARANÁ,GUAÍRA,Mata Atlântica
 1673124970 ,99f74e0f-1fb5-380f-8b9e-a8e06a24991b,  -25.295100 ,  -49.493880 ,2024-02-07 17:17:00,Brasil,PARANÁ,CAMPO MAGRO,Mata Atlântica
 1673124971 ,ece7c33d-63a1-336b-9d0a-5a6879d47b37,  -25.246060 ,  -49.080570 ,2024-02-07 17:17:00,Brasil,PARANÁ,BOCAIÚVA DO SUL,Mata Atlântica
 1673623495 ,926d3cec-14f1-3c33-a204-ba47fe50ce77,  -25.237930 ,  -49.636560 ,2024-02-10 17:41:00,Brasil,PARANÁ,CAMPO LARGO,Mata Atlântica
 1673623496 ,350ada22-cb8a-3aa6-b0a6-bed92764b484,  -25.091010 ,  -51.164440 ,2024-02-10 17:41:00,Brasil,PARANÁ,PRUDENTÓPOLIS,Mata Atlântica
 1673623497 ,565dc7fc-abd8-3f49-95d4-9673276991a3,  -25.085770 ,  -49.312210 ,2024-02-10 17:41:00,Brasil,PARANÁ,RIO BRANCO DO SUL,Mata Atlântica
 1673623498 ,386a5c1d-62d3-37e5-b78e-e5312a852b29,  -25.076450 ,  -49.313920 ,2024-02-10 17:41:00,Brasil,PARANÁ,RIO BRANCO DO SUL,Mata Atlântica
 1673623499 ,ccffa785-a4c8-3f9f-aa7d-d2bdc12ffc5f,  -25.030070 ,  -50.629120 ,2024-02-10 17:41:00,Brasil,PARANÁ,IPIRANGA,Mata Atlântica
 1673623500 ,ec209c69-d02c-31cf-b480-1e39b4a7bd87,  -23.726800 ,  -51.528020 ,2024-02-10 17:43:00,Brasil,PARANÁ,CAMBIRA,Mata Atlântica
 1673920797 ,3961a36a-9bfe-3a0b-ae6c-86d9362ac1f6,  -26.548620 ,  -51.270570 ,2024-02-12 17:26:00,Brasil,PARANÁ,GENERAL CARNEIRO,Mata Atlântica
 1673920798 ,d30050eb-21aa-3e0c-b7b7-50a9c3de8e19,  -26.543230 ,  -51.264810 ,2024-02-12 17:26:00,Brasil,PARANÁ,GENERAL CARNEIRO,Mata Atlântica
 1673920801 ,ac9b7d9b-2e67-34cc-b518-395880d7169c,  -26.432630 ,  -51.421900 ,2024-02-12 17:26:00,Brasil,PARANÁ,GENERAL CARNEIRO,Mata Atlântica
 1673920807 ,701674f7-e01b-3cb8-a9ff-7b0970fa2d3e,  -25.862210 ,  -51.410750 ,2024-02-12 17:26:00,Brasil,PARANÁ,PINHÃO,Mata Atlântica
 1673920808 ,cedb66f2-45a4-3ea7-a6f5-ce60242f1baa,  -25.860580 ,  -51.396780 ,2024-02-12 17:26:00,Brasil,PARANÁ,PINHÃO,Mata Atlântica
 1673920809 ,1e9ce732-904e-3979-8ba0-071ee7c4bc6f,  -25.240510 ,  -49.491050 ,2024-02-12 17:26:00,Brasil,PARANÁ,CAMPO MAGRO,Mata Atlântica
 1673920811 ,5ee48047-61d0-3338-8932-fc7a7225b0c2,  -23.978750 ,  -53.587100 ,2024-02-12 17:26:00,Brasil,PARANÁ,CAFEZAL DO SUL,Mata Atlântica
 1673920812 ,7db59364-535e-3d33-ba77-fa7a1cf9c563,  -23.976720 ,  -53.568930 ,2024-02-12 17:26:00,Brasil,PARANÁ,CAFEZAL DO SUL,Mata Atlântica
 1673920813 ,2a0c4919-6f7b-31be-afbe-a08be1685b72,  -23.971510 ,  -53.582810 ,2024-02-12 17:26:00,Brasil,PARANÁ,CAFEZAL DO SUL,Mata Atlântica
 1673920814 ,a92f029e-9eb0-3a9c-b712-91c0443bc4c0,  -23.963960 ,  -53.510430 ,2024-02-12 17:26:00,Brasil,PARANÁ,CAFEZAL DO SUL,Mata Atlântica
 1674240198 ,f8f15032-c94d-3df2-8596-500acdbf4fcb,  -23.123220 ,  -53.482730 ,2024-02-14 17:11:00,Brasil,PARANÁ,QUERÊNCIA DO NORTE,Mata Atlântica
 1674684201 ,2226ff46-563a-342c-8878-85716c9235db,  -26.016090 ,  -53.344990 ,2024-02-17 17:36:00,Brasil,PARANÁ,FRANCISCO BELTRÃO,Mata Atlântica
 1674684202 ,169ee3a9-e649-3496-bdf7-1bd14bdb8ba5,  -25.952210 ,  -53.423030 ,2024-02-17 17:36:00,Brasil,PARANÁ,AMPÉRE,Mata Atlântica
 1674684203 ,63265c0b-97bb-3c5a-9320-5edee211379a,  -25.833920 ,  -53.114600 ,2024-02-17 17:36:00,Brasil,PARANÁ,DOIS VIZINHOS,Mata Atlântica
 1674684204 ,c4ba3576-fb21-3a95-ad42-50116b0991bc,  -23.063690 ,  -53.561110 ,2024-02-17 17:36:00,Brasil,PARANÁ,QUERÊNCIA DO NORTE,Mata Atlântica
 1675578859 ,433a1a21-f4c1-37f6-af8b-4731099c16fc,  -26.307830 ,  -52.958490 ,2024-02-22 17:47:00,Brasil,PARANÁ,RENASCENÇA,Mata Atlântica
 1675578860 ,b01c64b4-c78c-327b-84af-08cac799097c,  -24.900550 ,  -51.184650 ,2024-02-22 17:47:00,Brasil,PARANÁ,PRUDENTÓPOLIS,Mata Atlântica
 1675578861 ,88944bfd-21e1-31cd-8094-d928a70c35f7,  -24.829370 ,  -51.266050 ,2024-02-22 17:47:00,Brasil,PARANÁ,PRUDENTÓPOLIS,Mata Atlântica
 1675578864 ,79ec5fc2-c96c-3bac-b5d8-cca95ab0d63a,  -23.726210 ,  -52.335410 ,2024-02-22 17:47:00,Brasil,PARANÁ,ENGENHEIRO BELTRÃO,Mata Atlântica
 1675960447 ,ff24c691-7ab5-3223-8b17-98d29ba7d24e,  -23.194020 ,  -51.796180 ,2024-02-24 17:32:00,Brasil,PARANÁ,IGUARAÇU,Mata Atlântica
 1675960448 ,75ab907d-cd16-3556-900c-12ab69617975,  -23.153160 ,  -51.324300 ,2024-02-24 17:32:00,Brasil,PARANÁ,CAMBÉ,Mata Atlântica
 1675960449 ,48ac7317-22df-3a35-a2c8-d7b5d2cbf6bf,  -22.755600 ,  -51.467120 ,2024-02-24 17:32:00,Brasil,PARANÁ,PORECATU,Mata Atlântica
 1675960450 ,f496e112-958b-378a-88e7-8e76339f8ea4,  -22.656900 ,  -51.815420 ,2024-02-24 17:32:00,Brasil,PARANÁ,SANTO INÁCIO,Mata Atlântica
 1676246065 ,eae870ff-f8cb-3f03-9a51-785940ad1de0,  -22.987910 ,  -52.063820 ,2024-02-26 17:15:00,Brasil,PARANÁ,CRUZEIRO DO SUL,Mata Atlântica
 1676344618 ,ba9ac9e9-5351-3e2c-af73-0e95ba4e1e9e,  -23.249790 ,  -52.881340 ,2024-02-27 17:58:00,Brasil,PARANÁ,AMAPORÃ,Mata Atlântica
 1676344619 ,4f71996f-30d9-3e1a-a0d2-9416d42d4225,  -23.217080 ,  -52.734220 ,2024-02-27 17:58:00,Brasil,PARANÁ,MIRADOR,Mata Atlântica
 1676650467 ,05d63c3e-f30b-3e91-98b0-ae35cf4701f0,  -24.510890 ,  -53.262500 ,2024-02-29 17:41:00,Brasil,PARANÁ,NOVA AURORA,Mata Atlântica
 1676650468 ,cf903f08-6a35-3d4b-9315-0030e2d164c3,  -23.987260 ,  -54.036290 ,2024-02-29 17:41:00,Brasil,PARANÁ,ALTÔNIA,Mata Atlântica
 1676650469 ,b17d3067-3112-3c6b-9520-46b8118cf785,  -23.296010 ,  -52.718720 ,2024-02-29 17:41:00,Brasil,PARANÁ,PARAÍSO DO NORTE,Mata Atlântica
 1676650470 ,6616c1b9-b6b0-3ff7-ad9c-e832dd72033e,  -23.290100 ,  -52.816200 ,2024-02-29 17:41:00,Brasil,PARANÁ,GUAPOREMA,Mata Atlântica
 1676650471 ,39bb4c2a-c76c-3a85-be77-c5d819d81e49,  -23.165080 ,  -52.928760 ,2024-02-29 17:43:00,Brasil,PARANÁ,PLANALTINA DO PARANÁ,Mata Atlântica
 1676650475 ,8b2246e8-f437-3f11-9ec4-2639fa2e7936,  -22.777840 ,  -52.704220 ,2024-02-29 17:43:00,Brasil,PARANÁ,TERRA RICA,Mata Atlântica
 1676863578 ,f4b27526-df41-32aa-8aee-89011d0a7558,  -25.265480 ,  -53.318410 ,2024-03-02 17:24:00,Brasil,PARANÁ,CASCAVEL,Mata Atlântica
 1676863579 ,b8ffd953-58e8-35fb-8065-d78de79bcd34,  -24.699230 ,  -49.359770 ,2024-03-02 17:24:00,Brasil,PARANÁ,DOUTOR ULYSSES,Mata Atlântica
 1676863580 ,d39b9f5e-1671-384e-84dc-2673d1d0264e,  -24.481190 ,  -50.586670 ,2024-03-02 17:24:00,Brasil,PARANÁ,TIBAGI,Mata Atlântica
 1676957608 ,446bc099-b91c-3cf4-8be7-f5a41c561a3f,  -25.427100 ,  -52.648750 ,2024-03-03 18:04:00,Brasil,PARANÁ,NOVA LARANJEIRAS,Mata Atlântica
 1676957609 ,37002ed8-e7f8-3024-90ab-ef0eb1babb38,  -24.379060 ,  -52.328160 ,2024-03-03 18:04:00,Brasil,PARANÁ,LUIZIANA,Mata Atlântica
 1676957610 ,35a36001-9a9f-3fc5-b53f-d2565c2589df,  -24.377370 ,  -52.334090 ,2024-03-03 18:04:00,Brasil,PARANÁ,LUIZIANA,Mata Atlântica
 1676957611 ,97df2c17-fadb-373c-a2ed-77d9c304d261,  -24.374860 ,  -52.319660 ,2024-03-03 18:04:00,Brasil,PARANÁ,LUIZIANA,Mata Atlântica
 1676957612 ,e929e2b8-45bb-334c-ad2b-94025767d660,  -23.820690 ,  -53.896000 ,2024-03-03 18:06:00,Brasil,PARANÁ,ALTÔNIA,Mata Atlântica
 1676957613 ,25caae1e-13bf-3e47-8640-cfd9e84a836f,  -23.347210 ,  -52.648650 ,2024-03-03 18:06:00,Brasil,PARANÁ,RONDON,Mata Atlântica
 1677062639 ,a3f0d27f-268b-328c-9d15-a11423159dea,  -25.651910 ,  -49.319330 ,2024-03-04 17:09:00,Brasil,PARANÁ,FAZENDA RIO GRANDE,Mata Atlântica
 1677062640 ,7a389414-1da8-3b9b-a4b4-3a708624169a,  -25.096160 ,  -49.333760 ,2024-03-04 17:09:00,Brasil,PARANÁ,RIO BRANCO DO SUL,Mata Atlântica
 1677062641 ,7086f5ae-aa02-31ee-842b-8ef31f804400,  -25.094120 ,  -49.313670 ,2024-03-04 17:09:00,Brasil,PARANÁ,RIO BRANCO DO SUL,Mata Atlântica
 1677062642 ,dce06125-2c78-336a-b6b2-3e97c55f8a2e,  -25.081250 ,  -49.314900 ,2024-03-04 17:09:00,Brasil,PARANÁ,RIO BRANCO DO SUL,Mata Atlântica
 1677062643 ,8db08731-8531-3520-b5ea-a6c935a61d7e,  -24.611240 ,  -51.669240 ,2024-03-04 17:09:00,Brasil,PARANÁ,PITANGA,Mata Atlântica
 1677062644 ,f69afd0c-9314-3d70-9175-5f4207447d79,  -24.608590 ,  -51.665180 ,2024-03-04 17:09:00,Brasil,PARANÁ,PITANGA,Mata Atlântica
 1678210635 ,61e61185-7db9-3f82-8e45-2445eca36fe7,  -26.145260 ,  -51.584030 ,2024-03-12 17:43:00,Brasil,PARANÁ,BITURUNA,Mata Atlântica
 1678210636 ,e3a81931-2854-3a7c-9454-32edbb5639db,  -26.143870 ,  -51.574040 ,2024-03-12 17:43:00,Brasil,PARANÁ,BITURUNA,Mata Atlântica
 1678210637 ,03906c1a-1c89-3593-87a8-24ed08061f7b,  -25.907580 ,  -51.337540 ,2024-03-12 17:43:00,Brasil,PARANÁ,CRUZ MACHADO,Mata Atlântica
 1678210638 ,6bb7935e-22b3-3554-bf81-0d86eba2eeaf,  -25.347310 ,  -53.358810 ,2024-03-12 17:43:00,Brasil,PARANÁ,CASCAVEL,Mata Atlântica
 1678210639 ,cc94263c-11e5-31a2-ac74-e9ad4dffce32,  -25.167070 ,  -49.689830 ,2024-03-12 17:43:00,Brasil,PARANÁ,PONTA GROSSA,Mata Atlântica
 1678210640 ,4a744eb3-0f5c-3da3-8f94-751c28c1413b,  -25.165500 ,  -49.679640 ,2024-03-12 17:43:00,Brasil,PARANÁ,CAMPO LARGO,Mata Atlântica
 1678210641 ,8b1200e0-9640-30d8-a64d-047a4009a81d,  -25.164630 ,  -51.677990 ,2024-03-12 17:43:00,Brasil,PARANÁ,CAMPINA DO SIMÃO,Mata Atlântica
 1678210642 ,06563fcc-199c-30a7-9d7e-c08104d281d6,  -25.078240 ,  -51.980640 ,2024-03-12 17:43:00,Brasil,PARANÁ,GOIOXIM,Mata Atlântica
 1678210643 ,fc048d55-0787-33b9-b8a5-8a979fd8e002,  -25.076830 ,  -51.970560 ,2024-03-12 17:43:00,Brasil,PARANÁ,GOIOXIM,Mata Atlântica
 1678210644 ,df9e16cb-5a9d-3cf3-bb11-fbd2a46085cc,  -25.040780 ,  -52.110350 ,2024-03-12 17:43:00,Brasil,PARANÁ,GOIOXIM,Mata Atlântica
 1678210645 ,f7d62fa3-7578-31d8-b7a5-5eb3e4788269,  -25.039400 ,  -52.100310 ,2024-03-12 17:43:00,Brasil,PARANÁ,GOIOXIM,Mata Atlântica
 1678210646 ,bcf426df-4ba3-3254-9884-046c49a638e7,  -24.993190 ,  -49.577260 ,2024-03-12 17:43:00,Brasil,PARANÁ,ITAPERUÇU,Mata Atlântica
 1678210647 ,cf13cb28-7ec9-3c0b-8887-bcf2c89e8fd7,  -24.935300 ,  -50.915260 ,2024-03-12 17:43:00,Brasil,PARANÁ,IVAÍ,Mata Atlântica
 1678210648 ,dab1ea4c-3342-30e9-9459-dced2e710c2b,  -24.933870 ,  -50.905480 ,2024-03-12 17:43:00,Brasil,PARANÁ,IVAÍ,Mata Atlântica
 1678210649 ,ac8cde10-e925-3e82-bc83-853e027290c5,  -24.932760 ,  -51.086300 ,2024-03-12 17:43:00,Brasil,PARANÁ,CÂNDIDO DE ABREU,Mata Atlântica
 1678210650 ,f48f4386-20d1-3a01-b47b-2cc908af7e03,  -24.662720 ,  -50.131640 ,2024-03-12 17:43:00,Brasil,PARANÁ,CASTRO,Mata Atlântica
 1678210651 ,3948d33d-076f-397d-8f6b-f747b62461e4,  -24.423180 ,  -52.836710 ,2024-03-12 17:43:00,Brasil,PARANÁ,JURANDA,Mata Atlântica
 1678210652 ,99baab55-8da4-33ba-9a53-244a57fad467,  -24.274260 ,  -51.952700 ,2024-03-12 17:43:00,Brasil,PARANÁ,NOVA TEBAS,Mata Atlântica
 1678210653 ,2a8e612d-83e7-3876-8346-d76db211463a,  -24.272880 ,  -51.942860 ,2024-03-12 17:43:00,Brasil,PARANÁ,NOVA TEBAS,Mata Atlântica
 1678210654 ,636b5670-7487-32c3-9052-e2a0277cf99b,  -23.771290 ,  -53.172040 ,2024-03-12 17:43:00,Brasil,PARANÁ,UMUARAMA,Mata Atlântica
 1678210655 ,a3c7c2c5-3f5f-3448-928e-2986d5f25da8,  -23.565830 ,  -51.496530 ,2024-03-12 17:43:00,Brasil,PARANÁ,APUCARANA,Mata Atlântica
 1678210656 ,99f98900-4fed-3c67-8129-df1ccf4492ca,  -23.563350 ,  -50.855460 ,2024-03-12 17:43:00,Brasil,PARANÁ,SÃO JERÔNIMO DA SERRA,Mata Atlântica
 1678210657 ,2b6c247d-b5b5-30ba-9c5e-af3a82fe3835,  -23.033500 ,  -52.156880 ,2024-03-12 17:43:00,Brasil,PARANÁ,CRUZEIRO DO SUL,Mata Atlântica
 1678210658 ,eab63daa-5e35-36cf-9408-522a8c7ba9d7,  -23.009810 ,  -52.246530 ,2024-03-12 17:43:00,Brasil,PARANÁ,CRUZEIRO DO SUL,Mata Atlântica
 1678210659 ,5dcfb501-a2f4-3af6-9df7-767e6cbf6859,  -23.008420 ,  -52.236740 ,2024-03-12 17:43:00,Brasil,PARANÁ,CRUZEIRO DO SUL,Mata Atlântica
 1678595530 ,9df42476-98f3-30bf-8618-ab9d79bbc8dd,  -26.182190 ,  -51.604070 ,2024-03-14 17:26:00,Brasil,PARANÁ,BITURUNA,Mata Atlântica
 1678595532 ,5c958e36-925a-3972-8b2a-20d5838484a1,  -26.171210 ,  -51.606040 ,2024-03-14 17:26:00,Brasil,PARANÁ,BITURUNA,Mata Atlântica
 1678595534 ,db405ef7-acbb-308b-8f6a-3058d0c61063,  -26.092720 ,  -50.929160 ,2024-03-14 17:26:00,Brasil,PARANÁ,UNIÃO DA VITÓRIA,Mata Atlântica
 1678595535 ,a8048446-52e4-3b86-be9c-44629967059e,  -26.091080 ,  -50.915300 ,2024-03-14 17:26:00,Brasil,PARANÁ,PAULA FREITAS,Mata Atlântica
 1678595536 ,eafcf15f-f7b4-39c8-a285-77d98616325c,  -26.037150 ,  -49.800340 ,2024-03-14 17:26:00,Brasil,PARANÁ,RIO NEGRO,Mata Atlântica
 1678595538 ,01c541e0-60e5-3cde-8dcd-6c291aac2e4c,  -25.928430 ,  -50.993870 ,2024-03-14 17:26:00,Brasil,PARANÁ,CRUZ MACHADO,Mata Atlântica
 1678595539 ,ec4908f9-0f50-3014-97d6-3e7b56dcca20,  -25.926740 ,  -50.979700 ,2024-03-14 17:26:00,Brasil,PARANÁ,CRUZ MACHADO,Mata Atlântica
 1678595540 ,d85ec049-2ebb-30cf-990b-39ff18d2eb10,  -25.648010 ,  -50.019780 ,2024-03-14 17:26:00,Brasil,PARANÁ,LAPA,Mata Atlântica
 1678595541 ,52227795-e93c-3036-b09d-008bc9db2f56,  -25.647390 ,  -50.026560 ,2024-03-14 17:26:00,Brasil,PARANÁ,LAPA,Mata Atlântica
 1678595542 ,dd756097-de8a-3ec9-8d92-8eaf5d18c16b,  -25.645850 ,  -50.014420 ,2024-03-14 17:26:00,Brasil,PARANÁ,LAPA,Mata Atlântica
 1678595543 ,d5c73471-f30e-315e-9ab3-22b001240ee7,  -25.596080 ,  -50.947010 ,2024-03-14 17:26:00,Brasil,PARANÁ,IRATI,Mata Atlântica
 1678595544 ,7124ea73-1283-3e14-af33-1aaf7fbc5ef6,  -25.594490 ,  -50.933340 ,2024-03-14 17:26:00,Brasil,PARANÁ,IRATI,Mata Atlântica
 1678595545 ,013d9838-20e0-3c6c-8b5c-ea442952140f,  -25.587980 ,  -50.526920 ,2024-03-14 17:26:00,Brasil,PARANÁ,FERNANDES PINHEIRO,Mata Atlântica
 1678595546 ,b1afbf30-2eab-3e13-80ee-770c33199181,  -25.525600 ,  -52.456490 ,2024-03-14 17:26:00,Brasil,PARANÁ,RIO BONITO DO IGUAÇU,Mata Atlântica
 1678595547 ,32527bd9-37e3-3e52-bdf6-735f50d8c8e8,  -25.523670 ,  -52.438850 ,2024-03-14 17:26:00,Brasil,PARANÁ,RIO BONITO DO IGUAÇU,Mata Atlântica
 1678595548 ,ca518f02-4849-3ce5-911a-09a65b14f035,  -25.475530 ,  -50.791920 ,2024-03-14 17:26:00,Brasil,PARANÁ,IRATI,Mata Atlântica
 1678595549 ,167dc50b-3dd6-3a33-b73d-6d897d08fa8c,  -25.467890 ,  -50.785020 ,2024-03-14 17:26:00,Brasil,PARANÁ,IRATI,Mata Atlântica
 1678595550 ,4f02358d-8098-3c65-af4a-b1ae054935a3,  -25.338470 ,  -49.429070 ,2024-03-14 17:26:00,Brasil,PARANÁ,CAMPO MAGRO,Mata Atlântica
 1678595551 ,83139eb8-58ff-38f2-8e75-aeb3b2d55aec,  -25.337010 ,  -49.417700 ,2024-03-14 17:26:00,Brasil,PARANÁ,CAMPO MAGRO,Mata Atlântica
 1678595552 ,3059b195-977d-3bb7-81c6-71ce12bed5c8,  -25.162650 ,  -49.969890 ,2024-03-14 17:26:00,Brasil,PARANÁ,PONTA GROSSA,Mata Atlântica
 1678595553 ,5e80d9a4-f0a6-3c0a-ac2d-d36ceb865eb6,  -25.089340 ,  -49.326520 ,2024-03-14 17:26:00,Brasil,PARANÁ,RIO BRANCO DO SUL,Mata Atlântica
 1678595554 ,601d907a-4b9d-367c-9a14-f3729f8fb9e9,  -25.087930 ,  -49.315750 ,2024-03-14 17:26:00,Brasil,PARANÁ,RIO BRANCO DO SUL,Mata Atlântica
 1678595555 ,8601e633-1641-3681-97d2-f9af3c9927e8,  -24.849420 ,  -49.412070 ,2024-03-14 17:26:00,Brasil,PARANÁ,CERRO AZUL,Mata Atlântica
 1678595556 ,85835f4b-8df7-314d-8e3a-10ec522c1d06,  -24.706090 ,  -49.423290 ,2024-03-14 17:26:00,Brasil,PARANÁ,DOUTOR ULYSSES,Mata Atlântica
 1678595560 ,70e80c3d-52c1-31ee-ab87-5f7de1d3e147,  -23.657220 ,  -50.873780 ,2024-03-14 17:26:00,Brasil,PARANÁ,SÃO JERÔNIMO DA SERRA,Mata Atlântica
 1678777942 ,71216d8e-3c91-30ef-8101-498345ad03d6,  -23.823690 ,  -53.889550 ,2024-03-15 18:09:00,Brasil,PARANÁ,ALTÔNIA,Mata Atlântica
 1678915019 ,0b4d5391-3800-3f5c-8309-91c613460783,  -22.878760 ,  -52.093960 ,2024-03-16 17:11:00,Brasil,PARANÁ,PARANACITY,Mata Atlântica
 1678915020 ,270018ad-ec29-3b29-acbe-24aa6a0767fa,  -22.879740 ,  -52.086890 ,2024-03-16 17:11:00,Brasil,PARANÁ,PARANACITY,Mata Atlântica
 1678915024 ,c45ff414-2f6f-3f82-9e4f-6cee68ad41aa,  -24.755210 ,  -49.260100 ,2024-03-16 17:11:00,Brasil,PARANÁ,DOUTOR ULYSSES,Mata Atlântica
 1678915025 ,022eaf01-47c1-3377-bebb-16056aff01f7,  -24.919570 ,  -51.390740 ,2024-03-16 17:11:00,Brasil,PARANÁ,PRUDENTÓPOLIS,Mata Atlântica
 1678915026 ,1b93f39a-b77f-3310-96c4-2be1ab202874,  -24.921770 ,  -51.385350 ,2024-03-16 17:11:00,Brasil,PARANÁ,TURVO,Mata Atlântica
 1678915027 ,ef43a92c-73c6-319a-8938-740ae1b29d04,  -25.991480 ,  -49.036670 ,2024-03-16 17:11:00,Brasil,PARANÁ,TIJUCAS DO SUL,Mata Atlântica
 1679402099 ,c2a259fa-8128-3393-9e34-b037451ddad0,  -24.857110 ,  -54.337490 ,2024-03-19 17:37:00,Brasil,PARANÁ,SANTA HELENA,Mata Atlântica
 1679402100 ,b23eee12-fb00-3f29-885c-65881ed2607b,  -24.524440 ,  -50.818650 ,2024-03-19 17:37:00,Brasil,PARANÁ,RESERVA,Mata Atlântica
 1679402101 ,80ef08a0-f27a-35fc-bc90-949d9b853d04,  -24.523060 ,  -50.808460 ,2024-03-19 17:37:00,Brasil,PARANÁ,RESERVA,Mata Atlântica
 1679402103 ,5db14f0d-496b-388b-80f1-0afc868c397b,  -23.179750 ,  -52.303990 ,2024-03-19 17:37:00,Brasil,PARANÁ,ALTO PARANÁ,Mata Atlântica
 1679402105 ,40f11bc4-8234-34c8-baec-d959993aa3f4,  -22.796460 ,  -52.105280 ,2024-03-19 17:37:00,Brasil,PARANÁ,PARANACITY,Mata Atlântica
 1679402106 ,a84297c5-e615-3071-97ad-96832be7d7a9,  -22.669160 ,  -51.436550 ,2024-03-19 17:37:00,Brasil,PARANÁ,PORECATU,Mata Atlântica
 1680193674 ,c00a428d-9e4a-3ec3-a92f-b53411536c3f,  -25.164320 ,  -51.463690 ,2024-03-26 17:30:00,Brasil,PARANÁ,GUARAPUAVA,Mata Atlântica
 1680193675 ,c1e22fd5-9186-3141-98e8-abb33eff012c,  -25.162690 ,  -51.449840 ,2024-03-26 17:30:00,Brasil,PARANÁ,GUARAPUAVA,Mata Atlântica
 1680193676 ,6483ceb7-eee6-38b8-9473-d09bd09ec2b8,  -25.040090 ,  -51.191120 ,2024-03-26 17:30:00,Brasil,PARANÁ,PRUDENTÓPOLIS,Mata Atlântica
 1680193677 ,1950df34-f109-367b-8040-012ae9334dbe,  -24.967770 ,  -53.821970 ,2024-03-26 17:30:00,Brasil,PARANÁ,SÃO PEDRO DO IGUAÇU,Mata Atlântica
 1680193678 ,a881d7de-9fbf-349d-afb9-5331206d9d14,  -24.744120 ,  -51.598290 ,2024-03-26 17:30:00,Brasil,PARANÁ,PITANGA,Mata Atlântica
 1680193679 ,a4c698de-bc48-3485-9f56-3d1767001864,  -24.573840 ,  -53.685710 ,2024-03-26 17:30:00,Brasil,PARANÁ,ASSIS CHATEAUBRIAND,Mata Atlântica
 1680193680 ,3a903459-eadf-360a-9259-722365f96f67,  -24.409680 ,  -52.349860 ,2024-03-26 17:30:00,Brasil,PARANÁ,LUIZIANA,Mata Atlântica
 1680513272 ,187f0cdd-5f06-3bd4-b180-dc8990fe271e,  -25.951050 ,  -50.435470 ,2024-03-28 17:13:00,Brasil,PARANÁ,SÃO MATEUS DO SUL,Mata Atlântica
 1680513279 ,d1cd27f2-d6e8-3c92-b02b-da1b5081dd3f,  -25.052020 ,  -50.931900 ,2024-03-28 17:13:00,Brasil,PARANÁ,IVAÍ,Mata Atlântica
 1680513280 ,7d88cdb3-7f13-3bff-b9a8-19feaa273327,  -25.044610 ,  -50.937750 ,2024-03-28 17:13:00,Brasil,PARANÁ,IVAÍ,Mata Atlântica
 1680513281 ,26f232c4-6278-3e33-b027-4de0e2cc7993,  -25.024650 ,  -53.171010 ,2024-03-28 17:13:00,Brasil,PARANÁ,CASCAVEL,Mata Atlântica
 1680513282 ,986286f9-ea12-3ad1-b94c-ec03a59e174f,  -25.018490 ,  -53.164080 ,2024-03-28 17:13:00,Brasil,PARANÁ,CASCAVEL,Mata Atlântica
 1680960580 ,0ef85951-4b7e-3dc8-b184-024b404cd8f1,  -25.197770 ,  -52.060710 ,2024-03-31 17:39:00,Brasil,PARANÁ,GOIOXIM,Mata Atlântica
 1680960581 ,64b1f415-6d4e-3ac4-aea9-ddefabb34215,  -25.196330 ,  -52.049470 ,2024-03-31 17:39:00,Brasil,PARANÁ,GOIOXIM,Mata Atlântica
 1680960582 ,059911a7-d38f-398e-ab19-a2784c1ab33f,  -24.763070 ,  -53.561890 ,2024-03-31 17:39:00,Brasil,PARANÁ,TOLEDO,Mata Atlântica
 1680960583 ,57b37151-f4f0-3934-9812-08781907c7a9,  -24.759500 ,  -49.212300 ,2024-03-31 17:39:00,Brasil,PARANÁ,DOUTOR ULYSSES,Mata Atlântica
 1680960584 ,042349b3-b7e5-363c-b598-2f332784d9b6,  -24.758050 ,  -49.202510 ,2024-03-31 17:39:00,Brasil,PARANÁ,CERRO AZUL,Mata Atlântica
 1681268448 ,d3fd5cae-5c1d-39be-8d2a-3d1a0fa7e4b2,  -23.058940 ,  -50.594020 ,2024-04-02 17:24:00,Brasil,PARANÁ,SANTA MARIANA,Mata Atlântica
 1681268449 ,eba85b5e-072f-3f93-b3ca-4497aa5dbf20,  -24.737270 ,  -49.270010 ,2024-04-02 17:22:00,Brasil,PARANÁ,DOUTOR ULYSSES,Mata Atlântica
 1681268450 ,8c1cce9b-f375-3f03-82ec-213cb9497a7d,  -24.738840 ,  -49.282710 ,2024-04-02 17:22:00,Brasil,PARANÁ,DOUTOR ULYSSES,Mata Atlântica
 1681268451 ,3e51b1da-6d9a-34ca-b58b-c754da632a1f,  -24.780600 ,  -49.297200 ,2024-04-02 17:22:00,Brasil,PARANÁ,DOUTOR ULYSSES,Mata Atlântica
 1681431496 ,be74fea3-696b-3633-99d2-98a6ee6c99be,  -25.155840 ,  -50.764000 ,2024-04-03 18:04:00,Brasil,PARANÁ,IMBITUVA,Mata Atlântica
 1681431518 ,28d76504-16af-39b1-b3e9-a320fb2f3bff,  -25.969730 ,  -51.372810 ,2024-04-03 18:04:00,Brasil,PARANÁ,CRUZ MACHADO,Mata Atlântica
 1681431519 ,9fc88a4a-06a2-3dd9-9740-87711471b6e2,  -25.894400 ,  -51.352530 ,2024-04-03 18:04:00,Brasil,PARANÁ,CRUZ MACHADO,Mata Atlântica
 1681431520 ,a37e5743-8232-37d9-8508-bc964212b1bf,  -25.159010 ,  -50.784500 ,2024-04-03 18:04:00,Brasil,PARANÁ,GUAMIRANGA,Mata Atlântica
 1681431521 ,cb3be489-4dfc-3fe4-961f-ad05ea23ff3b,  -25.158590 ,  -50.778960 ,2024-04-03 18:04:00,Brasil,PARANÁ,IVAÍ,Mata Atlântica
 1681431522 ,4063c4b6-8096-3244-bd10-b9fa947e1ea7,  -25.156350 ,  -50.769470 ,2024-04-03 18:04:00,Brasil,PARANÁ,IMBITUVA,Mata Atlântica
 1681767236 ,ef4e124b-226d-3696-8b63-d18a625a0aeb,  -24.517260 ,  -51.050680 ,2024-04-05 17:47:00,Brasil,PARANÁ,RESERVA,Mata Atlântica
 1681767735 ,0e70abf9-49d3-3254-92b2-fc0ec35b8f50,  -25.391920 ,  -50.735910 ,2024-04-05 17:47:00,Brasil,PARANÁ,IRATI,Mata Atlântica
 1681767736 ,9d616109-777f-3d58-89fb-09f177256fcc,  -25.104930 ,  -51.789940 ,2024-04-05 17:47:00,Brasil,PARANÁ,CAMPINA DO SIMÃO,Mata Atlântica
 1681767737 ,6c363dde-cf39-3c28-b21a-3548944745d7,  -25.077210 ,  -49.322110 ,2024-04-05 17:47:00,Brasil,PARANÁ,RIO BRANCO DO SUL,Mata Atlântica
 1681767738 ,b5d899cd-ef50-3751-a2ec-750c12d54554,  -24.655140 ,  -51.483730 ,2024-04-05 17:47:00,Brasil,PARANÁ,BOA VENTURA DE SÃO ROQUE,Mata Atlântica
 1682084083 ,b6650a0d-fd6a-3de0-be6f-d5e872c71b0b,  -23.239300 ,  -50.237160 ,2024-04-07 17:32:00,Brasil,PARANÁ,ABATIÁ,Mata Atlântica
 1672304469 ,2728fa59-c939-3e52-a9a2-fde027ef6bf4,  -23.639620 ,  -51.762280 ,2024-02-03 17:49:00,Brasil,PARANÁ,JANDAIA DO SUL,Mata Atlântica
 1673318623 ,bde44f4e-6a44-32df-b099-cec731d5ef45,  -25.018160 ,  -53.167960 ,2024-02-08 18:00:00,Brasil,PARANÁ,CASCAVEL,Mata Atlântica
 1677438796 ,e8fbeb01-51b5-3470-a109-33ece8d0e5fa,  -25.047210 ,  -53.269710 ,2024-03-07 17:34:00,Brasil,PARANÁ,CASCAVEL,Mata Atlântica
 1677438797 ,5a61a0a9-77c7-3099-87bf-0f48b2aed6a4,  -25.043980 ,  -53.277070 ,2024-03-07 17:34:00,Brasil,PARANÁ,CASCAVEL,Mata Atlântica
 1677438798 ,f9b7ee23-c3c4-3ef7-8a67-135dad2e1b49,  -24.887460 ,  -53.789600 ,2024-03-07 17:34:00,Brasil,PARANÁ,TOLEDO,Mata Atlântica
 1677438799 ,db6feb9e-5cd5-3ef9-a257-193f8d8a413c,  -24.766750 ,  -51.595250 ,2024-03-07 17:34:00,Brasil,PARANÁ,PITANGA,Mata Atlântica
 1677438800 ,8496221b-089c-3b74-8a4e-c7157d2f8228,  -24.063050 ,  -54.052350 ,2024-03-07 17:34:00,Brasil,PARANÁ,TERRA ROXA,Mata Atlântica
 1677438802 ,99da1ecb-dc9f-3e2c-9e30-bad5464e4cee,  -23.307840 ,  -51.426940 ,2024-03-07 17:34:00,Brasil,PARANÁ,ROLÂNDIA,Mata Atlântica
 1677438803 ,5e7d9153-ce1d-3f0c-aef1-d49a4c80b0da,  -23.202960 ,  -52.192360 ,2024-03-07 17:34:00,Brasil,PARANÁ,NOVA ESPERANÇA,Mata Atlântica
 1677438804 ,0c159af4-80d0-3087-8fc6-3a9336faada4,  -22.932890 ,  -51.991520 ,2024-03-07 17:34:00,Brasil,PARANÁ,LOBATO,Mata Atlântica
 1677438805 ,79b4c584-800a-331f-9bdc-4ad4e95dfdfc,  -22.786500 ,  -52.602000 ,2024-03-07 17:34:00,Brasil,PARANÁ,TERRA RICA,Mata Atlântica
 1680661300 ,34e4f8c2-2061-39bd-a411-9f4c8bd6a5de,  -25.731240 ,  -52.119110 ,2024-03-29 17:54:00,Brasil,PARANÁ,FOZ DO JORDÃO,Mata Atlântica
 1680661301 ,0cac052d-85d7-34aa-918e-0842b3dd075e,  -25.729650 ,  -52.108890 ,2024-03-29 17:54:00,Brasil,PARANÁ,FOZ DO JORDÃO,Mata Atlântica
 1680661302 ,99bb4186-0fc4-38dd-b655-ce602b77800e,  -25.570230 ,  -52.758900 ,2024-03-29 17:54:00,Brasil,PARANÁ,RIO BONITO DO IGUAÇU,Mata Atlântica
 1678030947 ,322760e9-6b2c-3d21-973f-2dad362d9297,  -23.199700 ,  -49.987350 ,2024-03-11 17:02:00,Brasil,PARANÁ,JACAREZINHO,Mata Atlântica
 1678030948 ,ad69df3d-0485-38f7-ae15-4bb6cf15d84e,  -23.199240 ,  -49.980270 ,2024-03-11 17:02:00,Brasil,PARANÁ,JACAREZINHO,Mata Atlântica
 1682979878 ,764f34eb-d342-392c-b419-a3f78723531e,  -25.870380 ,  -52.257600 ,2024-04-12 17:39:00,Brasil,PARANÁ,MANGUEIRINHA,Mata Atlântica
 1682979879 ,99603022-d099-39a7-8000-d171683704f5,  -25.868900 ,  -52.245900 ,2024-04-12 17:39:00,Brasil,PARANÁ,MANGUEIRINHA,Mata Atlântica
 1682979880 ,6f9880cb-f3c6-3f8a-97f7-0aa17eac17ff,  -23.689310 ,  -51.716410 ,2024-04-12 17:39:00,Brasil,PARANÁ,BOM SUCESSO,Mata Atlântica
 1682979888 ,552e9fca-aebd-3018-8949-dc7689f34de3,  -23.251690 ,  -53.210040 ,2024-04-12 17:41:00,Brasil,PARANÁ,DOURADINA,Mata Atlântica
 1682979889 ,981f4c1e-e96a-3168-9182-da9c92a10b84,  -23.241900 ,  -53.211540 ,2024-04-12 17:41:00,Brasil,PARANÁ,SANTA ISABEL DO IVAÍ,Mata Atlântica
 1682979890 ,9473cf6b-7818-3a1f-a11a-4fd21e5c30aa,  -23.099150 ,  -52.515530 ,2024-04-12 17:41:00,Brasil,PARANÁ,PARANAVAÍ,Mata Atlântica
 1682979892 ,90f8714c-288c-3ce2-9326-d17397fdf0fe,  -22.720760 ,  -51.420480 ,2024-04-12 17:41:00,Brasil,PARANÁ,PORECATU,Mata Atlântica
 1684111444 ,df4ce554-2bed-361e-aa8b-ffa97d353931,  -26.024760 ,  -50.906010 ,2024-04-19 17:32:00,Brasil,PARANÁ,MALLET,Mata Atlântica
 1684111445 ,05fda787-73be-34d4-aa82-d9b5e7b81e42,  -26.023290 ,  -50.894060 ,2024-04-19 17:32:00,Brasil,PARANÁ,MALLET,Mata Atlântica
 1684111446 ,b410c30b-dd27-3aff-8500-35dc976a5291,  -24.432510 ,  -51.693250 ,2024-04-19 17:34:00,Brasil,PARANÁ,MANOEL RIBAS,Mata Atlântica
 1684268220 ,ca81a8a6-ff22-392b-8e45-b56aae7c98cd,  -25.825280 ,  -51.082620 ,2024-04-20 18:13:00,Brasil,PARANÁ,CRUZ MACHADO,Mata Atlântica
 1684421218 ,57724aa2-8b7d-3152-815f-7f085b534b57,  -25.866560 ,  -52.259280 ,2024-04-21 17:17:00,Brasil,PARANÁ,MANGUEIRINHA,Mata Atlântica
 1684573758 ,29b492cf-84d2-308d-86a7-3fb2d9a2b00e,  -23.521180 ,  -51.305600 ,2024-04-22 17:58:00,Brasil,PARANÁ,ARAPONGAS,Mata Atlântica
 1684573759 ,9756d4ca-3d39-3fbc-a1c7-8c3ea434415c,  -23.524760 ,  -51.310330 ,2024-04-22 17:58:00,Brasil,PARANÁ,ARAPONGAS,Mata Atlântica
 1684573760 ,8f4f985e-2919-33ae-b5c4-6d978d9b6ba1,  -24.182060 ,  -50.827520 ,2024-04-22 17:56:00,Brasil,PARANÁ,ORTIGUEIRA,Mata Atlântica
 1684573761 ,1045904d-0cd4-3b2b-afc7-01945a6cf988,  -24.184150 ,  -50.832710 ,2024-04-22 17:56:00,Brasil,PARANÁ,ORTIGUEIRA,Mata Atlântica
 1684573762 ,0c7982cf-eabf-3fe5-bc33-a57833d15c63,  -25.001040 ,  -49.772080 ,2024-04-22 17:56:00,Brasil,PARANÁ,CASTRO,Mata Atlântica
 1684573763 ,aebb5cc2-8e81-3c93-8c91-1e2b41b3eefc,  -25.229230 ,  -50.085080 ,2024-04-22 17:56:00,Brasil,PARANÁ,PONTA GROSSA,Mata Atlântica
 1684573764 ,1cdee68b-1059-3cba-bc8d-0a2f96484b15,  -25.970060 ,  -51.319660 ,2024-04-22 17:56:00,Brasil,PARANÁ,CRUZ MACHADO,Mata Atlântica
 1684978789 ,7e00ae05-d047-34b0-a349-6ca63e9e515f,  -24.039180 ,  -54.202650 ,2024-04-25 18:21:00,Brasil,PARANÁ,GUAÍRA,Mata Atlântica
 1685141132 ,2593053e-72db-33cb-acac-6cea80f2b48f,  -24.039610 ,  -54.183060 ,2024-04-26 17:24:00,Brasil,PARANÁ,GUAÍRA,Mata Atlântica
 1685141133 ,abdf18c5-169b-3593-a8af-c4b1ca5a27fe,  -23.847830 ,  -50.433900 ,2024-04-26 17:24:00,Brasil,PARANÁ,FIGUEIRA,Mata Atlântica
 1685315638 ,8e7330e5-bfa0-31d9-a737-405500d7d14b,  -26.035390 ,  -49.628790 ,2024-04-27 18:04:00,Brasil,PARANÁ,CAMPO DO TENENTE,Mata Atlântica
 1685315639 ,cdf2f4bc-ba74-3854-b136-46b8df1db410,  -24.043330 ,  -54.178790 ,2024-04-27 18:06:00,Brasil,PARANÁ,GUAÍRA,Mata Atlântica
 1685315640 ,3d637940-dea1-3e67-8523-b78b4265eaea,  -24.035720 ,  -54.191190 ,2024-04-27 18:06:00,Brasil,PARANÁ,GUAÍRA,Mata Atlântica
 1685315643 ,4e50b93b-8153-3182-b8e5-3e0b48df960e,  -23.219220 ,  -53.262120 ,2024-04-27 18:06:00,Brasil,PARANÁ,SANTA ISABEL DO IVAÍ,Mata Atlântica
 1685648943 ,b930c2e0-6015-33b6-aef9-f5692ae68f7f,  -23.731690 ,  -50.323680 ,2024-04-29 17:49:00,Brasil,PARANÁ,IBAITI,Mata Atlântica
 1685648944 ,392037b5-02ef-3c23-94c4-80988aab88d2,  -23.725240 ,  -50.331430 ,2024-04-29 17:49:00,Brasil,PARANÁ,IBAITI,Mata Atlântica
 1685648945 ,cdfcbedc-5599-3fae-a9c5-0fda0f4723bc,  -23.723620 ,  -50.321060 ,2024-04-29 17:49:00,Brasil,PARANÁ,IBAITI,Mata Atlântica
 1685648946 ,f75c0074-c12b-30a2-b187-14a0a908b1fb,  -25.219840 ,  -50.091660 ,2024-04-29 17:49:00,Brasil,PARANÁ,PONTA GROSSA,Mata Atlântica
 1685648947 ,7a56170a-2a22-355e-8b4b-7207e3fe978d,  -24.704360 ,  -49.361300 ,2024-04-29 17:49:00,Brasil,PARANÁ,DOUTOR ULYSSES,Mata Atlântica
 1685648952 ,9a35ecf0-0130-3d56-ad31-df92735eb8ed,  -25.201640 ,  -51.177310 ,2024-04-29 17:49:00,Brasil,PARANÁ,PRUDENTÓPOLIS,Mata Atlântica
 1685648953 ,ed0bdf92-8e84-3df5-8e83-f3e2fe469720,  -25.045100 ,  -51.808760 ,2024-04-29 17:49:00,Brasil,PARANÁ,CAMPINA DO SIMÃO,Mata Atlântica
 1685648954 ,65253523-a9c7-3b5f-a1e1-87256536a84d,  -25.043680 ,  -51.798980 ,2024-04-29 17:49:00,Brasil,PARANÁ,CAMPINA DO SIMÃO,Mata Atlântica
 1685648955 ,067326f8-bb8e-3eba-817f-504bbd2cfbec,  -24.955360 ,  -51.011050 ,2024-04-29 17:49:00,Brasil,PARANÁ,CÂNDIDO DE ABREU,Mata Atlântica
 1685648956 ,620f6b10-5829-3d5b-8bd0-83d713d7acde,  -24.033240 ,  -52.064410 ,2024-04-29 17:49:00,Brasil,PARANÁ,BARBOSA FERRAZ,Mata Atlântica
 1685648964 ,306993de-e168-3820-81b1-09a20bb0193d,  -23.192320 ,  -53.273920 ,2024-04-29 17:49:00,Brasil,PARANÁ,SANTA ISABEL DO IVAÍ,Mata Atlântica
 1685648965 ,146dc279-ec5e-3198-a856-5dfbb255fadf,  -23.190940 ,  -53.264050 ,2024-04-29 17:49:00,Brasil,PARANÁ,SANTA ISABEL DO IVAÍ,Mata Atlântica
 1685648980 ,469128fe-8546-38c1-834e-1a2624baadae,  -23.209040 ,  -53.597180 ,2024-04-29 17:49:00,Brasil,PARANÁ,QUERÊNCIA DO NORTE,Mata Atlântica
 1685648981 ,21bea104-e5df-3bd9-a595-a6ef4139b07c,  -24.029410 ,  -54.168700 ,2024-04-29 17:49:00,Brasil,PARANÁ,GUAÍRA,Mata Atlântica
 1685475017 ,9e7e7321-7e77-32fa-a4af-f62835ef9d56,  -23.057260 ,  -50.160890 ,2024-04-28 17:09:00,Brasil,PARANÁ,CAMBARÁ,Mata Atlântica
 1685827801 ,d6bf4842-bf60-3f94-8730-0e5867ef16b6,  -24.033460 ,  -54.190990 ,2024-04-30 18:30:00,Brasil,PARANÁ,GUAÍRA,Mata Atlântica
 1686020384 ,c2dbd27a-ae30-3ad7-9f86-2335d8dc79a1,  -25.856580 ,  -49.651680 ,2024-05-01 17:34:00,Brasil,PARANÁ,LAPA,Mata Atlântica
 1686020385 ,405cf5f4-ef67-3518-8498-f572cb052b75,  -25.855170 ,  -49.640810 ,2024-05-01 17:34:00,Brasil,PARANÁ,LAPA,Mata Atlântica
 1686020386 ,8bdad241-c1a0-39ef-be00-d3281d9ece88,  -25.647750 ,  -50.020790 ,2024-05-01 17:34:00,Brasil,PARANÁ,LAPA,Mata Atlântica
 1686020387 ,435f0f01-77ad-30c3-b29f-29f1687a48c4,  -25.191120 ,  -49.549630 ,2024-05-01 17:34:00,Brasil,PARANÁ,CAMPO MAGRO,Mata Atlântica
 1686020388 ,abd900ee-39f5-3df7-ab47-2c8c038140cb,  -25.189740 ,  -49.539070 ,2024-05-01 17:34:00,Brasil,PARANÁ,CAMPO MAGRO,Mata Atlântica
 1686020389 ,88f06d57-d2a6-3b3a-95bb-b1ba6824f84e,  -24.756060 ,  -49.041370 ,2024-05-01 17:34:00,Brasil,PARANÁ,ADRIANÓPOLIS,Mata Atlântica
 1686020391 ,b1a238b1-e591-34ed-ac4b-996fa9542117,  -24.568140 ,  -49.340860 ,2024-05-01 17:34:00,Brasil,PARANÁ,DOUTOR ULYSSES,Mata Atlântica
 1686020392 ,2cef160a-f5f9-375a-89d9-7c6a80b34cf7,  -24.413660 ,  -50.108010 ,2024-05-01 17:34:00,Brasil,PARANÁ,PIRAÍ DO SUL,Cerrado
 1686020393 ,573e7b2c-100f-384f-a721-673956b0fea9,  -24.046280 ,  -54.196610 ,2024-05-01 17:34:00,Brasil,PARANÁ,GUAÍRA,Mata Atlântica
 1686020394 ,efc585ee-61f2-33a6-bcb9-db4bb004e160,  -24.039300 ,  -49.506080 ,2024-05-01 17:34:00,Brasil,PARANÁ,SENGÉS,Cerrado
 1686020395 ,1c989b77-d4ac-3d45-a7e8-230c24a9130e,  -24.037910 ,  -49.495800 ,2024-05-01 17:34:00,Brasil,PARANÁ,SENGÉS,Cerrado
 1686020396 ,b5ce8e85-0a78-38e8-b68a-b97822ee9a82,  -24.034010 ,  -54.198150 ,2024-05-01 17:34:00,Brasil,PARANÁ,GUAÍRA,Mata Atlântica
 1686020397 ,edb3f2e3-4a8c-36f8-bcd6-c703891d41a1,  -24.032000 ,  -54.178960 ,2024-05-01 17:34:00,Brasil,PARANÁ,GUAÍRA,Mata Atlântica
 1686020398 ,27e583fe-b3a9-3b62-a4f8-e6042ebe19fd,  -24.029990 ,  -54.159820 ,2024-05-01 17:34:00,Brasil,PARANÁ,GUAÍRA,Mata Atlântica
 1686020403 ,674938b2-8bc3-31ce-9b3e-a60e2dc34139,  -23.713730 ,  -51.069800 ,2024-05-01 17:34:00,Brasil,PARANÁ,LONDRINA,Mata Atlântica
 1686020404 ,ff97d1bf-d38c-3759-b85a-f8b6b24a423e,  -23.615700 ,  -53.372550 ,2024-05-01 17:34:00,Brasil,PARANÁ,UMUARAMA,Mata Atlântica
 1686020405 ,879ba323-57b5-33f1-bbd6-9ba220466284,  -23.499180 ,  -53.462500 ,2024-05-01 17:34:00,Brasil,PARANÁ,UMUARAMA,Mata Atlântica
 1686020416 ,6209e3d0-36ff-3d25-8262-c1e51bd61370,  -23.071140 ,  -53.599700 ,2024-05-01 17:34:00,Brasil,PARANÁ,QUERÊNCIA DO NORTE,Mata Atlântica
 1686020417 ,b1d7ae78-602f-3aba-ac05-33ee1ec23486,  -23.069270 ,  -53.583010 ,2024-05-01 17:34:00,Brasil,PARANÁ,QUERÊNCIA DO NORTE,Mata Atlântica
 1686349712 ,c84c4b47-c2f5-3f79-a329-1a608ad70bcd,  -24.568970 ,  -49.350130 ,2024-05-03 17:17:00,Brasil,PARANÁ,DOUTOR ULYSSES,Mata Atlântica
 1686349713 ,eddcbd74-e210-379d-a3bb-3d10963d3be0,  -24.567070 ,  -49.333170 ,2024-05-03 17:17:00,Brasil,PARANÁ,DOUTOR ULYSSES,Mata Atlântica
 1686349714 ,3b5c65ec-8a7d-3190-8d02-aaff98539ccd,  -24.564740 ,  -49.343880 ,2024-05-03 17:17:00,Brasil,PARANÁ,DOUTOR ULYSSES,Mata Atlântica
 1686544235 ,9f37fdf9-878c-3588-84ac-22a258b4f734,  -24.719440 ,  -49.324280 ,2024-05-04 17:56:00,Brasil,PARANÁ,DOUTOR ULYSSES,Mata Atlântica
 1686544237 ,26dc2764-9387-36cc-99fa-1551f2543f70,  -23.038320 ,  -52.700160 ,2024-05-04 17:58:00,Brasil,PARANÁ,GUAIRAÇÁ,Mata Atlântica
 1686544238 ,5072a0d2-d61d-35d1-969b-8d74bc86851c,  -23.036730 ,  -52.689950 ,2024-05-04 17:58:00,Brasil,PARANÁ,PARANAVAÍ,Mata Atlântica
 1686544244 ,e17a08a9-5339-3d06-959f-b653c9b18e83,  -22.647930 ,  -51.978210 ,2024-05-04 17:58:00,Brasil,PARANÁ,ITAGUAJÉ,Mata Atlântica
 1686826405 ,e417c393-7252-3423-ae32-f37a90cc1667,  -23.231130 ,  -53.110890 ,2024-05-06 17:41:00,Brasil,PARANÁ,SANTA MÔNICA,Mata Atlântica
 1686826406 ,9901757b-0640-35fc-a7cd-beba0069f2a6,  -23.209610 ,  -53.018700 ,2024-05-06 17:41:00,Brasil,PARANÁ,PLANALTINA DO PARANÁ,Mata Atlântica
 1686826412 ,12b819a1-653e-30d6-a2ef-181835e942ba,  -23.008350 ,  -52.354400 ,2024-05-06 17:41:00,Brasil,PARANÁ,ALTO PARANÁ,Mata Atlântica
 1686826413 ,31d339ea-a6c5-321b-bac2-31d279802198,  -23.006720 ,  -52.487140 ,2024-05-06 17:41:00,Brasil,PARANÁ,PARANAVAÍ,Mata Atlântica
 1686826762 ,2d2a416f-5a5a-3229-affa-73d7797210e5,  -25.943580 ,  -50.237550 ,2024-05-06 17:41:00,Brasil,PARANÁ,SÃO MATEUS DO SUL,Mata Atlântica
 1686826763 ,55b26e32-a58a-3e2f-8090-9ecc20e48ddc,  -25.942170 ,  -50.227530 ,2024-05-06 17:41:00,Brasil,PARANÁ,SÃO MATEUS DO SUL,Mata Atlântica
 1686826764 ,024586c5-ef96-3a20-9c8c-8f93e530ac54,  -25.700350 ,  -50.077970 ,2024-05-06 17:41:00,Brasil,PARANÁ,LAPA,Mata Atlântica
 1686826765 ,81dca62c-41e9-32c4-bf68-4f9b0b58be42,  -25.693330 ,  -50.028420 ,2024-05-06 17:41:00,Brasil,PARANÁ,LAPA,Mata Atlântica
 1686826766 ,97a3fb37-02ac-3b4e-80d8-5df30ef5f306,  -25.265790 ,  -49.805020 ,2024-05-06 17:41:00,Brasil,PARANÁ,CAMPO LARGO,Mata Atlântica
 1686826767 ,0299df31-9468-3d41-bac1-d61b5ee33aab,  -25.173180 ,  -51.453860 ,2024-05-06 17:41:00,Brasil,PARANÁ,GUARAPUAVA,Mata Atlântica
 1686826768 ,99576be1-9059-33f2-a474-e309c4796609,  -25.171780 ,  -51.443420 ,2024-05-06 17:41:00,Brasil,PARANÁ,GUARAPUAVA,Mata Atlântica
 1686826769 ,a5817f09-397b-30c5-842b-6c9f0e1f7119,  -25.030410 ,  -50.085540 ,2024-05-06 17:41:00,Brasil,PARANÁ,PONTA GROSSA,Mata Atlântica
 1686826770 ,127b4986-de1f-39eb-bcc4-4ba3838c1f36,  -24.679210 ,  -49.384520 ,2024-05-06 17:41:00,Brasil,PARANÁ,DOUTOR ULYSSES,Mata Atlântica
 1686826771 ,925fa844-1388-3d54-b2e5-45bf4cc9a174,  -24.677770 ,  -49.374770 ,2024-05-06 17:41:00,Brasil,PARANÁ,DOUTOR ULYSSES,Mata Atlântica
 1686826772 ,1b13d26c-186d-3eb0-99fa-24c61b53228c,  -24.664020 ,  -49.467530 ,2024-05-06 17:41:00,Brasil,PARANÁ,DOUTOR ULYSSES,Mata Atlântica
 1686826775 ,bfc9f345-98ac-3c6a-9edd-4c4c2d31bca1,  -24.058850 ,  -52.488470 ,2024-05-06 17:41:00,Brasil,PARANÁ,CAMPO MOURÃO,Mata Atlântica
 1686826776 ,bd09cb75-3c2b-306c-9f2d-fdeeedb88d7b,  -24.049290 ,  -52.490080 ,2024-05-06 17:41:00,Brasil,PARANÁ,CAMPO MOURÃO,Mata Atlântica
 1686826780 ,db44c662-7115-368e-b28b-06bd7896ed94,  -23.784230 ,  -50.712890 ,2024-05-06 17:41:00,Brasil,PARANÁ,SÃO JERÔNIMO DA SERRA,Mata Atlântica
 1686826781 ,3ea27286-226b-3435-ab54-8b552eb94925,  -23.762820 ,  -51.625570 ,2024-05-06 17:41:00,Brasil,PARANÁ,MARUMBI,Mata Atlântica
 1687028470 ,4a7fa308-103d-3c8f-b3a1-5c6f05e4654d,  -25.038720 ,  -51.834640 ,2024-05-07 18:21:00,Brasil,PARANÁ,CAMPINA DO SIMÃO,Mata Atlântica
 1687028471 ,2c16c405-d730-318a-b7a8-12303e8dc435,  -25.034200 ,  -51.840450 ,2024-05-07 18:21:00,Brasil,PARANÁ,CAMPINA DO SIMÃO,Mata Atlântica
 1687028472 ,7a13f061-4565-3e21-9f3e-eb98102aa0af,  -23.544880 ,  -53.091970 ,2024-05-07 18:21:00,Brasil,PARANÁ,CRUZEIRO DO OESTE,Mata Atlântica
 1687028473 ,00569438-8b8e-34ca-931b-205c36379985,  -23.542690 ,  -53.076610 ,2024-05-07 18:21:00,Brasil,PARANÁ,CRUZEIRO DO OESTE,Mata Atlântica
 1687197461 ,98c50f02-3357-3098-b1d7-ea7739eb1bdf,  -25.973450 ,  -50.080170 ,2024-05-08 17:24:00,Brasil,PARANÁ,ANTÔNIO OLINTO,Mata Atlântica
 1687197462 ,628bd360-5316-3e1f-8d98-6ce75ed34d0e,  -25.923540 ,  -49.335130 ,2024-05-08 17:24:00,Brasil,PARANÁ,MANDIRITUBA,Mata Atlântica
 1687197463 ,33f48309-ef95-3e2f-9cfe-dc0c1c8a049d,  -25.798620 ,  -51.289300 ,2024-05-08 17:24:00,Brasil,PARANÁ,INÁCIO MARTINS,Mata Atlântica
 1687197464 ,059f74c4-7974-3d12-b27e-fc5e681497be,  -25.172120 ,  -50.132900 ,2024-05-08 17:24:00,Brasil,PARANÁ,PONTA GROSSA,Mata Atlântica
 1687197465 ,bbe024af-e6f6-3370-a153-2cd5619c2ece,  -24.978280 ,  -52.137770 ,2024-05-08 17:24:00,Brasil,PARANÁ,GOIOXIM,Mata Atlântica
 1687197466 ,3ecdd1f4-e1a8-35a6-ae82-2125dadd6892,  -24.908990 ,  -49.848600 ,2024-05-08 17:24:00,Brasil,PARANÁ,CASTRO,Mata Atlântica
 1687197467 ,ecefe1fa-4a26-33f8-836f-3fb98f611e96,  -24.030480 ,  -54.163570 ,2024-05-08 17:24:00,Brasil,PARANÁ,GUAÍRA,Mata Atlântica
 1687197468 ,cd9ab0e2-9322-398b-8b41-b0e68097caaf,  -24.028580 ,  -54.168590 ,2024-05-08 17:24:00,Brasil,PARANÁ,GUAÍRA,Mata Atlântica
 1687197469 ,0a9c8907-ea86-3d56-b39a-adae5e156a6f,  -24.028050 ,  -54.135980 ,2024-05-08 17:24:00,Brasil,PARANÁ,GUAÍRA,Mata Atlântica
 1687197470 ,dd1fd34d-e5fe-31c5-acf6-0e35d2a5b2ff,  -24.025970 ,  -54.141020 ,2024-05-08 17:24:00,Brasil,PARANÁ,GUAÍRA,Mata Atlântica
 1687479570 ,afe5400b-1911-3c33-ab06-d7a5ae944613,  -25.222070 ,  -49.123740 ,2024-05-10 17:09:00,Brasil,PARANÁ,BOCAIÚVA DO SUL,Mata Atlântica
 1687760437 ,2f1f7d82-9441-3b47-b5c3-a12503cd2d29,  -23.127030 ,  -53.583360 ,2024-05-12 18:32:00,Brasil,PARANÁ,QUERÊNCIA DO NORTE,Mata Atlântica
 1688316972 ,9b0f23b5-7302-328c-a982-ee3f40271a4e,  -23.065440 ,  -50.737500 ,2024-05-16 17:58:00,Brasil,PARANÁ,LEÓPOLIS,Mata Atlântica
 1688316973 ,6f3b51e8-1c01-3025-a122-2df6b1384f76,  -25.049660 ,  -51.819870 ,2024-05-16 17:56:00,Brasil,PARANÁ,CAMPINA DO SIMÃO,Mata Atlântica
 1688653967 ,8b5998da-47a0-319e-be65-b48378366106,  -23.225530 ,  -49.977760 ,2024-05-18 17:41:00,Brasil,PARANÁ,JACAREZINHO,Mata Atlântica
 1688653978 ,8d896ca3-e82c-3b56-b616-607d455941c1,  -23.423690 ,  -50.405370 ,2024-05-18 17:41:00,Brasil,PARANÁ,RIBEIRÃO DO PINHAL,Mata Atlântica
 1688653979 ,1fa1c364-bea0-3146-bc2a-91644e733502,  -23.422320 ,  -50.395640 ,2024-05-18 17:41:00,Brasil,PARANÁ,RIBEIRÃO DO PINHAL,Mata Atlântica
 1688653983 ,6bcd8e58-7fca-3559-ba5e-73c38b186d0d,  -23.238720 ,  -50.398870 ,2024-05-18 17:41:00,Brasil,PARANÁ,BANDEIRANTES,Mata Atlântica
 1688653984 ,65031535-2945-3124-be41-f70b7e8ee405,  -23.218000 ,  -49.988930 ,2024-05-18 17:41:00,Brasil,PARANÁ,JACAREZINHO,Mata Atlântica
 1688653985 ,501abc72-237b-3757-b171-1a5621f15e9b,  -23.216610 ,  -49.979260 ,2024-05-18 17:41:00,Brasil,PARANÁ,JACAREZINHO,Mata Atlântica
 1689142426 ,1dfde33a-ac02-3184-a7bc-1314b3955ff8,  -24.932590 ,  -52.203820 ,2024-05-21 18:04:00,Brasil,PARANÁ,PALMITAL,Mata Atlântica
 1689142427 ,066c3701-ed77-3039-bfff-b86fcb2efea3,  -24.305250 ,  -52.083850 ,2024-05-21 18:04:00,Brasil,PARANÁ,IRETAMA,Mata Atlântica
 1689142430 ,d04ced05-fd71-34e7-9cdc-d4066222dae3,  -23.215830 ,  -53.452080 ,2024-05-21 18:06:00,Brasil,PARANÁ,IVATÉ,Mata Atlântica
 1689142431 ,6992d4f0-a139-37ca-b48b-f9c8b4d193c6,  -23.208160 ,  -53.464790 ,2024-05-21 18:06:00,Brasil,PARANÁ,SANTA CRUZ DE MONTE CASTELO,Mata Atlântica
 1689142432 ,fc19a49a-f7c3-34c3-9571-cc339dca15ce,  -23.206400 ,  -53.453900 ,2024-05-21 18:06:00,Brasil,PARANÁ,SANTA CRUZ DE MONTE CASTELO,Mata Atlântica
 1689142433 ,e9238ddc-e4c1-33e6-aa9e-55ce90b9ba5b,  -23.096490 ,  -53.581110 ,2024-05-21 18:06:00,Brasil,PARANÁ,QUERÊNCIA DO NORTE,Mata Atlântica
 1689142434 ,c23023ca-3207-3203-8ef9-e7990ddac9ac,  -22.689260 ,  -52.495130 ,2024-05-21 18:06:00,Brasil,PARANÁ,PARANAVAÍ,Mata Atlântica
 1689142435 ,14185cfd-f1ce-386b-a760-64f4e5b08a21,  -22.687190 ,  -52.482750 ,2024-05-21 18:06:00,Brasil,PARANÁ,PARANAVAÍ,Mata Atlântica
 1689142436 ,9e2f3ecd-9342-3303-ab1e-ee2ed15f9314,  -22.679290 ,  -52.497230 ,2024-05-21 18:06:00,Brasil,PARANÁ,PARANAVAÍ,Mata Atlântica
 1689142437 ,29bce6f5-2282-3a57-ad50-1916e344197c,  -22.677180 ,  -52.484700 ,2024-05-21 18:06:00,Brasil,PARANÁ,PARANAVAÍ,Mata Atlântica
 1689438196 ,3626e9da-1366-33ce-a3b9-62366cd870e9,  -24.636530 ,  -50.179600 ,2024-05-23 17:49:00,Brasil,PARANÁ,TIBAGI,Cerrado
 1689438253 ,cbeb3992-4bb3-3f89-b7d7-7c124cda70d9,  -25.148360 ,  -50.701560 ,2024-05-23 17:49:00,Brasil,PARANÁ,IMBITUVA,Mata Atlântica
 1689438254 ,0c60d5b6-222d-35c5-91a9-5c876b3d3459,  -24.957370 ,  -50.718340 ,2024-05-23 17:49:00,Brasil,PARANÁ,IPIRANGA,Mata Atlântica
 1689438255 ,3e4247ac-dc25-31b1-a839-9b53b09ebdb9,  -24.394760 ,  -49.630130 ,2024-05-23 17:49:00,Brasil,PARANÁ,JAGUARIAÍVA,Mata Atlântica
 1689438257 ,51ab9599-6cb5-3a1a-aed5-db94d5201346,  -25.892570 ,  -51.062490 ,2024-05-23 17:49:00,Brasil,PARANÁ,CRUZ MACHADO,Mata Atlântica
 1689438258 ,1ac71f04-6162-370d-bbce-561b45afa0b1,  -25.775580 ,  -49.601630 ,2024-05-23 17:49:00,Brasil,PARANÁ,CONTENDA,Mata Atlântica
 1689438259 ,c6b80ad6-0dc0-355b-b545-1ca80607e321,  -25.766500 ,  -49.603350 ,2024-05-23 17:49:00,Brasil,PARANÁ,CONTENDA,Mata Atlântica
 1689438292 ,377bdc27-587c-35c7-8c55-df1d05390b92,  -23.650840 ,  -51.164160 ,2024-05-23 17:49:00,Brasil,PARANÁ,LONDRINA,Mata Atlântica
 1689438293 ,c089839a-425d-3188-bda0-c6a0c22f1938,  -23.338950 ,  -51.550860 ,2024-05-23 17:49:00,Brasil,PARANÁ,SABÁUDIA,Mata Atlântica
 1689438294 ,e87bd553-a223-38ba-bea1-e7552df8976d,  -23.337550 ,  -51.541210 ,2024-05-23 17:49:00,Brasil,PARANÁ,SABÁUDIA,Mata Atlântica
 1689438295 ,93728d91-5460-3bbf-a231-6d57c5f58eba,  -25.053830 ,  -51.827140 ,2024-05-23 17:49:00,Brasil,PARANÁ,CAMPINA DO SIMÃO,Mata Atlântica
 1689438296 ,b26450f0-256a-3ea0-860e-94697a079407,  -25.052440 ,  -51.817260 ,2024-05-23 17:49:00,Brasil,PARANÁ,CAMPINA DO SIMÃO,Mata Atlântica
 1689438297 ,854b74cb-dbb4-3915-a83c-ca54e0bccd9f,  -25.339450 ,  -52.361220 ,2024-05-23 17:49:00,Brasil,PARANÁ,LARANJEIRAS DO SUL,Mata Atlântica
 1689438334 ,538ce785-646e-3399-8027-be8c6e66e8ab,  -23.230640 ,  -53.346690 ,2024-05-23 17:49:00,Brasil,PARANÁ,SANTA ISABEL DO IVAÍ,Mata Atlântica
 1689438335 ,24abc661-3144-30d4-a0b7-e29ec2a4b498,  -23.221410 ,  -53.396070 ,2024-05-23 17:49:00,Brasil,PARANÁ,SANTA CRUZ DE MONTE CASTELO,Mata Atlântica
 1689438336 ,b8ab2a93-5b19-356c-9b0c-d620b9f0b608,  -23.200340 ,  -53.241270 ,2024-05-23 17:49:00,Brasil,PARANÁ,SANTA ISABEL DO IVAÍ,Mata Atlântica
 1689438337 ,3d5d1831-22d8-3ba2-9a84-ece46aedd146,  -23.192560 ,  -53.253010 ,2024-05-23 17:49:00,Brasil,PARANÁ,SANTA ISABEL DO IVAÍ,Mata Atlântica
 1689438338 ,78578d08-0690-3d06-a29d-01d3841081fb,  -23.191160 ,  -53.242740 ,2024-05-23 17:49:00,Brasil,PARANÁ,SANTA ISABEL DO IVAÍ,Mata Atlântica
 1690661252 ,9a47cf77-8b38-3fe1-8f78-f4a087e804a5,  -26.068880 ,  -52.987160 ,2024-06-02 18:04:00,Brasil,PARANÁ,FRANCISCO BELTRÃO,Mata Atlântica
 1690661254 ,6237e56f-a9e6-3cf0-b8a9-ad41a0afedba,  -23.230830 ,  -53.606880 ,2024-06-02 18:04:00,Brasil,PARANÁ,ICARAÍMA,Mata Atlântica
 1692125532 ,605e386a-f919-314a-a321-d168f81264bd,  -25.236120 ,  -50.905210 ,2024-06-11 17:39:00,Brasil,PARANÁ,PRUDENTÓPOLIS,Mata Atlântica
 1692125534 ,fa51010a-cf10-33a5-9b0d-d36a7e0a1a71,  -26.546140 ,  -51.388710 ,2024-06-11 17:37:00,Brasil,PARANÁ,GENERAL CARNEIRO,Mata Atlântica
 1692125576 ,5477c148-eeb0-3929-9974-3bcda0bb32de,  -23.538730 ,  -52.844260 ,2024-06-11 17:39:00,Brasil,PARANÁ,RONDON,Mata Atlântica
 1692125577 ,c3e49a16-0824-363a-85ca-946a77aef6be,  -23.535450 ,  -52.850120 ,2024-06-11 17:39:00,Brasil,PARANÁ,RONDON,Mata Atlântica
 1692125578 ,0266af7a-c1be-33cc-8d20-72cecab110d9,  -23.533750 ,  -52.836170 ,2024-06-11 17:39:00,Brasil,PARANÁ,RONDON,Mata Atlântica
 1692125579 ,3ea6f8b1-3e20-3ee0-8ecd-12ca53ccc727,  -23.097500 ,  -52.437170 ,2024-06-11 17:39:00,Brasil,PARANÁ,PARANAVAÍ,Mata Atlântica
 1692125580 ,d10c04b6-36d9-32b1-be04-990f09ba5bd9,  -23.026430 ,  -52.521220 ,2024-06-11 17:39:00,Brasil,PARANÁ,PARANAVAÍ,Mata Atlântica
 1692125927 ,162739b2-2952-3b0f-98fa-bf68d8ae6b4c,  -24.753450 ,  -49.130740 ,2024-06-11 17:39:00,Brasil,PARANÁ,CERRO AZUL,Mata Atlântica
 1692125928 ,e2f0084f-6235-3570-961f-2b036c7d798d,  -24.752040 ,  -49.120690 ,2024-06-11 17:39:00,Brasil,PARANÁ,CERRO AZUL,Mata Atlântica
 1692125936 ,7c358508-36ff-3724-ac79-0978d52f7484,  -25.941480 ,  -49.348480 ,2024-06-11 17:37:00,Brasil,PARANÁ,MANDIRITUBA,Mata Atlântica
 1692125950 ,0a08648a-6618-311f-aa91-82dd1adb789f,  -23.343850 ,  -50.380600 ,2024-06-11 17:39:00,Brasil,PARANÁ,ABATIÁ,Mata Atlântica
 1691746842 ,df546325-b5a7-3a91-ae00-c0844394ce64,  -26.621130 ,  -51.276040 ,2024-06-09 17:54:00,Brasil,PARANÁ,GENERAL CARNEIRO,Mata Atlântica
 1691746843 ,8be783eb-31d3-3e71-8894-fc55a4dda5bb,  -26.397530 ,  -51.504690 ,2024-06-09 17:54:00,Brasil,PARANÁ,GENERAL CARNEIRO,Mata Atlântica
 1691746844 ,eb3295a5-04e0-329a-a727-9168577cc05e,  -26.396050 ,  -51.494760 ,2024-06-09 17:54:00,Brasil,PARANÁ,GENERAL CARNEIRO,Mata Atlântica
 1691746845 ,7cecc939-e421-3067-a31f-589e0fea28d4,  -25.993530 ,  -49.972810 ,2024-06-09 17:54:00,Brasil,PARANÁ,ANTÔNIO OLINTO,Mata Atlântica
 1691746846 ,c9c28514-5069-3f42-908d-aa9198ce7974,  -24.618510 ,  -51.630930 ,2024-06-09 17:54:00,Brasil,PARANÁ,PITANGA,Mata Atlântica
 1691576918 ,8e0e5ffa-32bd-3f55-b761-e5ebe0e57a43,  -24.826140 ,  -50.748210 ,2024-06-08 17:13:00,Brasil,PARANÁ,TIBAGI,Mata Atlântica
 1691576919 ,d5376d9a-b8cb-3e21-b93d-6348951d3e3f,  -24.823590 ,  -50.719970 ,2024-06-08 17:13:00,Brasil,PARANÁ,TIBAGI,Mata Atlântica
 1691576934 ,50faaada-dd3e-3deb-bdfa-e1323da20fa7,  -22.836220 ,  -52.907630 ,2024-06-08 17:13:00,Brasil,PARANÁ,NOVA LONDRINA,Mata Atlântica
 1691576935 ,b520b770-6a41-3559-be86-6b1efc9b0268,  -22.829850 ,  -52.915420 ,2024-06-08 17:13:00,Brasil,PARANÁ,NOVA LONDRINA,Mata Atlântica
 1691576936 ,bcb15bda-38d6-334d-b3ee-1b09d812b62e,  -22.826590 ,  -52.878630 ,2024-06-08 17:13:00,Brasil,PARANÁ,NOVA LONDRINA,Mata Atlântica
 1691576937 ,b5b2164c-3462-3d04-a855-cbed0fb645f5,  -22.822770 ,  -52.947220 ,2024-06-08 17:13:00,Brasil,PARANÁ,NOVA LONDRINA,Mata Atlântica
 1691576938 ,914796b1-badf-37d1-b824-784e1f319717,  -22.819660 ,  -52.909030 ,2024-06-08 17:13:00,Brasil,PARANÁ,NOVA LONDRINA,Mata Atlântica
 1691394757 ,da08de34-7b95-353d-958d-6fa455c8a0f0,  -26.197050 ,  -51.590920 ,2024-06-07 18:11:00,Brasil,PARANÁ,BITURUNA,Mata Atlântica
 1691394758 ,1ff9ecde-0439-302b-aadc-c67240bf3bc7,  -25.809110 ,  -51.102410 ,2024-06-07 18:11:00,Brasil,PARANÁ,CRUZ MACHADO,Mata Atlântica
 1691394759 ,c2458557-9802-3be1-ac96-ccf91534bf08,  -25.806170 ,  -51.086350 ,2024-06-07 18:11:00,Brasil,PARANÁ,CRUZ MACHADO,Mata Atlântica
 1691394760 ,2b8c7d3d-38ad-3be6-9bb0-a32f98345831,  -24.945340 ,  -49.747330 ,2024-06-07 18:11:00,Brasil,PARANÁ,CASTRO,Mata Atlântica
 1691394761 ,8ce33d75-8304-3dc9-95ef-0f0a2336c11d,  -24.126990 ,  -52.642710 ,2024-06-07 18:11:00,Brasil,PARANÁ,FAROL,Mata Atlântica
 1691394762 ,f5cf281f-8790-36d5-a46f-ff11a31b2a12,  -24.124630 ,  -52.629190 ,2024-06-07 18:11:00,Brasil,PARANÁ,FAROL,Mata Atlântica
 1691394763 ,6672a72d-a95d-327e-8466-909fd93ea504,  -23.999320 ,  -52.561360 ,2024-06-07 18:11:00,Brasil,PARANÁ,ARARUNA,Mata Atlântica
 1691394764 ,679de164-08a0-30b1-8a7e-68bc580696ba,  -23.988840 ,  -52.563630 ,2024-06-07 18:11:00,Brasil,PARANÁ,ARARUNA,Mata Atlântica
 1691394765 ,4035a76d-21a4-3b3f-b9e6-d8fea0068e64,  -23.738460 ,  -52.475360 ,2024-06-07 18:11:00,Brasil,PARANÁ,TERRA BOA,Mata Atlântica
 1691394766 ,0fe8fa0f-e25d-3b8c-8830-428f2a129898,  -23.547820 ,  -52.847660 ,2024-06-07 18:11:00,Brasil,PARANÁ,RONDON,Mata Atlântica
 1691394767 ,4859ae4e-a8bd-358d-9b10-b83388bd4a95,  -23.485480 ,  -52.860280 ,2024-06-07 18:11:00,Brasil,PARANÁ,RONDON,Mata Atlântica
 1691394768 ,63d442bc-8099-39fe-91cd-d0a0b8c00478,  -23.483120 ,  -52.846840 ,2024-06-07 18:11:00,Brasil,PARANÁ,RONDON,Mata Atlântica
 1691394773 ,eaaa814b-01c7-3467-be89-a0b202b5421f,  -23.131700 ,  -50.443300 ,2024-06-07 18:11:00,Brasil,PARANÁ,BANDEIRANTES,Mata Atlântica
 1691394774 ,6838a933-ef49-35f2-ad16-f1ac5de0df67,  -23.116520 ,  -51.576930 ,2024-06-07 18:11:00,Brasil,PARANÁ,JAGUAPITÃ,Mata Atlântica
 1691394775 ,c17ee65e-1741-3a45-8f2e-1b321a74eaa5,  -23.107440 ,  -53.587120 ,2024-06-07 18:11:00,Brasil,PARANÁ,QUERÊNCIA DO NORTE,Mata Atlântica
 1691394776 ,4b7417bb-6f1c-3df9-9509-f494ae397970,  -23.105530 ,  -52.428030 ,2024-06-07 18:11:00,Brasil,PARANÁ,PARANAVAÍ,Mata Atlântica
 1691190149 ,00e54de1-de39-3507-a59b-e3d11f50c21b,  -26.007720 ,  -49.794110 ,2024-06-06 17:30:00,Brasil,PARANÁ,RIO NEGRO,Mata Atlântica
 1691190150 ,d2b44044-c5e4-37e5-942c-83b3f5f05aa5,  -26.005620 ,  -53.643750 ,2024-06-06 17:30:00,Brasil,PARANÁ,SANTO ANTÔNIO DO SUDOESTE,Mata Atlântica
 1691190151 ,33c1ebba-619d-303a-913a-24da2b04135c,  -26.003310 ,  -49.006860 ,2024-06-06 17:30:00,Brasil,PARANÁ,TIJUCAS DO SUL,Mata Atlântica
 1691190152 ,e9617657-8b08-3468-b2b3-8024d7fa32e5,  -26.001770 ,  -48.994600 ,2024-06-06 17:30:00,Brasil,PARANÁ,TIJUCAS DO SUL,Mata Atlântica
 1691190153 ,61243785-0289-394f-9bc1-97e468e3171c,  -25.992270 ,  -53.645680 ,2024-06-06 17:30:00,Brasil,PARANÁ,SANTO ANTÔNIO DO SUDOESTE,Mata Atlântica
 1691190154 ,e161e9db-0906-372f-a334-67c2799837d0,  -25.159420 ,  -49.342950 ,2024-06-06 17:30:00,Brasil,PARANÁ,RIO BRANCO DO SUL,Mata Atlântica
 1691190155 ,12614539-f113-3153-90e5-8f694a6d29b2,  -24.554340 ,  -52.142510 ,2024-06-06 17:32:00,Brasil,PARANÁ,RONCADOR,Mata Atlântica
 1691190158 ,6fb73388-80a8-3412-9602-467563b9bd0b,  -23.858330 ,  -51.115210 ,2024-06-06 17:32:00,Brasil,PARANÁ,TAMARANA,Mata Atlântica
 1691190159 ,ba04dac2-9892-340f-8825-c7b1cd16d774,  -23.853030 ,  -51.107880 ,2024-06-06 17:32:00,Brasil,PARANÁ,TAMARANA,Mata Atlântica
 1691190160 ,8beb6544-9b07-3ae9-b22d-62701b0ecb08,  -23.674920 ,  -49.842480 ,2024-06-06 17:32:00,Brasil,PARANÁ,SIQUEIRA CAMPOS,Mata Atlântica
 1691190163 ,7617ac7a-ef1d-3cbd-8aba-278505bf631a,  -23.540140 ,  -52.860070 ,2024-06-06 17:32:00,Brasil,PARANÁ,RONDON,Mata Atlântica
 1691190164 ,62ad62b7-b44c-3dc4-a14e-08de0a33df28,  -23.173820 ,  -52.836780 ,2024-06-06 17:32:00,Brasil,PARANÁ,AMAPORÃ,Mata Atlântica
 1690869589 ,a7480a04-a7a5-3e6d-9196-71e198d155ba,  -25.240340 ,  -50.747250 ,2024-06-04 17:47:00,Brasil,PARANÁ,IMBITUVA,Mata Atlântica
 1690869590 ,cbee3390-83f7-3d24-8a39-e39b18e362fd,  -25.188380 ,  -50.712640 ,2024-06-04 17:47:00,Brasil,PARANÁ,IMBITUVA,Mata Atlântica
 1690869619 ,48a26cee-fc93-32d3-8b85-307e85f3b980,  -25.050750 ,  -51.821590 ,2024-06-04 17:47:00,Brasil,PARANÁ,CAMPINA DO SIMÃO,Mata Atlântica
 1690869620 ,a72d9ff6-1593-363d-a813-ccefc4736e9f,  -26.345480 ,  -52.365670 ,2024-06-04 17:47:00,Brasil,PARANÁ,CLEVELÂNDIA,Mata Atlântica
 1690869621 ,de8f5229-445b-37c9-8acd-e7a945d12a21,  -25.476850 ,  -52.255730 ,2024-06-04 17:47:00,Brasil,PARANÁ,VIRMOND,Mata Atlântica
 1690869642 ,38d64379-bb74-320a-9aa8-d00d53ccc8b4,  -23.546170 ,  -52.852290 ,2024-06-04 17:47:00,Brasil,PARANÁ,RONDON,Mata Atlântica
 1690869643 ,8716d1f6-783f-37b5-bf34-3218298b08f8,  -23.544780 ,  -52.841860 ,2024-06-04 17:47:00,Brasil,PARANÁ,RONDON,Mata Atlântica
 1690869646 ,24881a43-de35-3364-b2bc-710333adfa0d,  -23.966240 ,  -53.034150 ,2024-06-04 17:47:00,Brasil,PARANÁ,MOREIRA SALES,Mata Atlântica
 1690869647 ,ccd4faf4-4942-3d34-b527-febdc67fd530,  -23.964790 ,  -53.023320 ,2024-06-04 17:47:00,Brasil,PARANÁ,MOREIRA SALES,Mata Atlântica
 1690869648 ,d7af510e-e806-3a58-bfc6-5a8cbad54683,  -25.977440 ,  -52.801260 ,2024-06-04 17:47:00,Brasil,PARANÁ,ITAPEJARA D'OESTE,Mata Atlântica
 1690759373 ,55c6bcdc-f7d1-3a46-bddf-c7513f19003b,  -25.122210 ,  -51.163150 ,2024-06-03 17:07:00,Brasil,PARANÁ,PRUDENTÓPOLIS,Mata Atlântica
 1690759374 ,effcb879-e38f-384c-8604-c9609ab3ce3a,  -25.118390 ,  -51.171370 ,2024-06-03 17:07:00,Brasil,PARANÁ,PRUDENTÓPOLIS,Mata Atlântica
 1687349333 ,5095555e-9a35-308a-9b4c-84b158324008,  -25.567140 ,  -50.967970 ,2024-05-09 18:06:00,Brasil,PARANÁ,IRATI,Mata Atlântica
 1687349334 ,7552e6b9-2a1c-3ccc-acb6-2f14a3c54486,  -25.228720 ,  -50.747090 ,2024-05-09 18:06:00,Brasil,PARANÁ,IMBITUVA,Mata Atlântica
 1687349336 ,ccccbba5-e35b-35e9-a134-b7367a034de7,  -24.835640 ,  -50.811550 ,2024-05-09 18:06:00,Brasil,PARANÁ,TIBAGI,Mata Atlântica
 1687349337 ,e59cfbfd-e8df-3ac1-a795-c84cf0fda794,  -24.565960 ,  -51.621830 ,2024-05-09 18:06:00,Brasil,PARANÁ,MANOEL RIBAS,Mata Atlântica
 1687349338 ,c847f1b2-b0da-3f75-9127-9e91308ba4de,  -24.563460 ,  -51.607820 ,2024-05-09 18:06:00,Brasil,PARANÁ,PITANGA,Mata Atlântica
 1687349339 ,f8a45056-2ba7-3ccd-b71e-77c3291c5bcd,  -24.558390 ,  -51.615830 ,2024-05-09 18:06:00,Brasil,PARANÁ,MANOEL RIBAS,Mata Atlântica
 1687349354 ,3fe5b4d5-6a1f-3bad-9bb3-fa49f17f0a68,  -23.210720 ,  -53.368600 ,2024-05-09 18:06:00,Brasil,PARANÁ,SANTA CRUZ DE MONTE CASTELO,Mata Atlântica
 1687349355 ,0b320989-5a8a-32ec-a0f0-55224a961e1a,  -23.208810 ,  -53.357120 ,2024-05-09 18:06:00,Brasil,PARANÁ,SANTA CRUZ DE MONTE CASTELO,Mata Atlântica
 1687349356 ,febe67e5-7a26-3082-961b-32482442093b,  -23.186890 ,  -53.427190 ,2024-05-09 18:06:00,Brasil,PARANÁ,SANTA CRUZ DE MONTE CASTELO,Mata Atlântica
 1687349357 ,6cdceeb8-f6fd-35f2-9c78-8c75989cd497,  -23.185030 ,  -53.415770 ,2024-05-09 18:06:00,Brasil,PARANÁ,SANTA CRUZ DE MONTE CASTELO,Mata Atlântica
 1687349358 ,51e61eb7-116d-333c-9382-56b8562c23b7,  -23.183760 ,  -53.266750 ,2024-05-09 18:06:00,Brasil,PARANÁ,SANTA ISABEL DO IVAÍ,Mata Atlântica
 1687349359 ,dd5f3198-0878-368b-b2f8-50de50f4a2ed,  -23.181810 ,  -53.255110 ,2024-05-09 18:06:00,Brasil,PARANÁ,SANTA ISABEL DO IVAÍ,Mata Atlântica
 1687349360 ,f2678928-e491-3dc0-ad7a-565b40ce1ab3,  -23.180080 ,  -53.262240 ,2024-05-09 18:06:00,Brasil,PARANÁ,SANTA ISABEL DO IVAÍ,Mata Atlântica
 1687628229 ,385126b3-ed49-31e3-9d82-6f56f5462432,  -24.063870 ,  -54.147160 ,2024-05-11 17:49:00,Brasil,PARANÁ,TERRA ROXA,Mata Atlântica
 1687628230 ,f2db226e-9246-372f-be9e-9ec5a74cb75c,  -26.000450 ,  -51.526640 ,2024-05-11 17:49:00,Brasil,PARANÁ,CRUZ MACHADO,Mata Atlântica
 1687628231 ,e958e06a-472f-35a5-8f9a-f433d3c596fb,  -25.821030 ,  -50.926950 ,2024-05-11 17:49:00,Brasil,PARANÁ,MALLET,Mata Atlântica
 1687628232 ,50d0a433-06c4-3e8d-bf37-31578245ea3e,  -25.291020 ,  -48.962740 ,2024-05-11 17:49:00,Brasil,PARANÁ,CAMPINA GRANDE DO SUL,Mata Atlântica
 1687628233 ,3a768a7d-79b9-3a28-af78-05926802e41a,  -25.289150 ,  -48.951470 ,2024-05-11 17:49:00,Brasil,PARANÁ,CAMPINA GRANDE DO SUL,Mata Atlântica
 1687628234 ,e88ee6c2-d0a9-39a7-827d-a82571ca4ee3,  -24.927250 ,  -50.929160 ,2024-05-11 17:49:00,Brasil,PARANÁ,IVAÍ,Mata Atlântica
 1687628235 ,45ca52ea-7f7c-3703-8568-056036c8187c,  -24.913040 ,  -51.964180 ,2024-05-11 17:49:00,Brasil,PARANÁ,SANTA MARIA DO OESTE,Mata Atlântica
 1687628236 ,118c6f74-27cf-3a53-8d2d-a711025bf847,  -24.900430 ,  -50.332360 ,2024-05-11 17:49:00,Brasil,PARANÁ,PONTA GROSSA,Mata Atlântica
 1687628237 ,80fc87a8-4859-3545-93d0-3c32f51ff46f,  -24.713610 ,  -49.451440 ,2024-05-11 17:49:00,Brasil,PARANÁ,DOUTOR ULYSSES,Mata Atlântica
 1687628238 ,f96d443d-af41-37db-b278-47df457a0c34,  -24.039310 ,  -54.106500 ,2024-05-11 17:49:00,Brasil,PARANÁ,TERRA ROXA,Mata Atlântica
 1687628239 ,db8cb03c-9069-32ec-946a-3c5ef2de104d,  -23.808540 ,  -51.652920 ,2024-05-11 17:49:00,Brasil,PARANÁ,KALORÉ,Mata Atlântica
 1687628241 ,166634e4-2619-3bb2-982b-2350b62a040a,  -23.706980 ,  -53.892720 ,2024-05-11 17:49:00,Brasil,PARANÁ,SÃO JORGE DO PATROCÍNIO,Mata Atlântica
 1687628242 ,878ecdf6-bea1-30b5-aeb7-296e39850556,  -23.366500 ,  -51.899610 ,2024-05-11 17:49:00,Brasil,PARANÁ,MARINGÁ,Mata Atlântica
 1687628246 ,550fd574-9c0a-3f30-b079-d9bdd7103f5f,  -23.244460 ,  -53.376310 ,2024-05-11 17:49:00,Brasil,PARANÁ,IVATÉ,Mata Atlântica
 1687628247 ,f17b073d-a41d-3cde-a909-b81a83b18a36,  -23.243070 ,  -53.366250 ,2024-05-11 17:49:00,Brasil,PARANÁ,DOURADINA,Mata Atlântica
 1687628248 ,d9e4fce8-76c4-37c4-81be-bf3c2574f4a4,  -23.151070 ,  -53.573680 ,2024-05-11 17:49:00,Brasil,PARANÁ,QUERÊNCIA DO NORTE,Mata Atlântica
 1687628249 ,c6da90f6-0710-331f-a621-cc4e0cb2c596,  -23.141930 ,  -53.575160 ,2024-05-11 17:49:00,Brasil,PARANÁ,QUERÊNCIA DO NORTE,Mata Atlântica
 1687628250 ,72281e7a-2ee6-3c60-9ab2-838270f75c53,  -23.088500 ,  -53.578990 ,2024-05-11 17:49:00,Brasil,PARANÁ,QUERÊNCIA DO NORTE,Mata Atlântica
 1687628251 ,3df73c19-e0b0-36ca-85ee-1436c21eaaa4,  -23.087110 ,  -53.568830 ,2024-05-11 17:49:00,Brasil,PARANÁ,QUERÊNCIA DO NORTE,Mata Atlântica
 1687877207 ,c71d798e-4975-3f43-ba7c-8565e20dbb3e,  -24.909200 ,  -49.747120 ,2024-05-13 17:34:00,Brasil,PARANÁ,CASTRO,Mata Atlântica
 1687877208 ,5b035e68-77bd-39dd-8c75-c6f412d70220,  -24.838150 ,  -49.570390 ,2024-05-13 17:34:00,Brasil,PARANÁ,CASTRO,Mata Atlântica
 1687877209 ,f302c681-a217-3288-8c71-a42062d3e106,  -24.763510 ,  -49.697350 ,2024-05-13 17:34:00,Brasil,PARANÁ,CASTRO,Mata Atlântica
 1687877210 ,8e7e4d1a-653b-3ec0-a3b8-a10542265ed5,  -24.578250 ,  -49.326370 ,2024-05-13 17:34:00,Brasil,PARANÁ,DOUTOR ULYSSES,Mata Atlântica
 1687877211 ,aab771ee-c77f-3184-a4fc-862a44516864,  -24.576850 ,  -49.315970 ,2024-05-13 17:34:00,Brasil,PARANÁ,DOUTOR ULYSSES,Mata Atlântica
 1687877219 ,2d46a469-efc5-3b40-a1e2-ac4e040b0e47,  -23.741420 ,  -49.790940 ,2024-05-13 17:34:00,Brasil,PARANÁ,WENCESLAU BRAZ,Mata Atlântica
 1687877220 ,40d6a41f-7b53-30ab-8098-76383f877885,  -23.740000 ,  -49.780370 ,2024-05-13 17:34:00,Brasil,PARANÁ,WENCESLAU BRAZ,Mata Atlântica
 1688955670 ,1800a8ca-d280-31de-a298-61736728e42c,  -24.040010 ,  -54.172040 ,2024-05-20 17:24:00,Brasil,PARANÁ,GUAÍRA,Mata Atlântica
 1690355023 ,ef25b403-05bc-3b51-8408-3598791a4209,  -24.095160 ,  -50.427230 ,2024-05-30 17:39:00,Brasil,PARANÁ,CURIÚVA,Mata Atlântica
 1690355024 ,471b336d-59c9-39df-8b3a-72c7553794eb,  -23.538100 ,  -53.159230 ,2024-05-30 17:39:00,Brasil,PARANÁ,MARIA HELENA,Mata Atlântica
 1690355025 ,c5432c02-e9a6-3cfe-97ef-0e2053ae47d7,  -23.536470 ,  -53.145710 ,2024-05-30 17:39:00,Brasil,PARANÁ,MARIA HELENA,Mata Atlântica
 1690355029 ,5f8c0fd5-482d-3e4d-86ed-aa73a5401841,  -23.035440 ,  -53.363090 ,2024-05-30 17:39:00,Brasil,PARANÁ,SANTA CRUZ DE MONTE CASTELO,Mata Atlântica
 1690355030 ,4b4cf9c7-460b-3cf5-9e34-135858750d53,  -23.033800 ,  -53.349590 ,2024-05-30 17:39:00,Brasil,PARANÁ,SANTA CRUZ DE MONTE CASTELO,Mata Atlântica
 1692309079 ,62620278-3a22-34e0-a17c-185e0993810d,  -25.229130 ,  -48.968690 ,2024-06-12 18:19:00,Brasil,PARANÁ,BOCAIÚVA DO SUL,Mata Atlântica
 1692309080 ,b9ea4358-0a83-39cb-833e-d0a9be2a9a8d,  -22.982150 ,  -53.250900 ,2024-06-12 18:19:00,Brasil,PARANÁ,SANTA CRUZ DE MONTE CASTELO,Mata Atlântica
 1692309592 ,e03a80ba-6363-3fc4-815c-2abc639ac585,  -24.646590 ,  -50.190770 ,2024-06-12 18:19:00,Brasil,PARANÁ,TIBAGI,Cerrado
 1692309593 ,7077e7da-0ef4-3ba2-b872-423fcf321cf4,  -24.641450 ,  -50.165250 ,2024-06-12 18:19:00,Brasil,PARANÁ,CASTRO,Cerrado
 1690565377 ,0001b20b-13b9-3194-9390-4e4154f18142,  -24.644120 ,  -49.631480 ,2024-06-01 17:24:00,Brasil,PARANÁ,DOUTOR ULYSSES,Mata Atlântica
 1690565378 ,b84d48ee-5ea7-3b37-90f0-421d2e4fbb82,  -23.309020 ,  -53.545450 ,2024-06-01 17:24:00,Brasil,PARANÁ,ICARAÍMA,Mata Atlântica
 1690565379 ,d474ed17-ba19-3d6c-9885-4f17829065fb,  -23.308300 ,  -53.549760 ,2024-06-01 17:24:00,Brasil,PARANÁ,ICARAÍMA,Mata Atlântica
 1692507475 ,5a341544-f6a3-3fc3-9e19-5e078ee9a9cd,  -25.022020 ,  -53.174690 ,2024-06-13 17:22:00,Brasil,PARANÁ,CASCAVEL,Mata Atlântica
 1692507476 ,00e67ac3-0b40-3e46-bd64-374ffb1c2784,  -25.019530 ,  -53.167930 ,2024-06-13 17:22:00,Brasil,PARANÁ,CASCAVEL,Mata Atlântica
 1692507787 ,634703c8-8b31-35ab-96c4-6b5605b45ee1,  -25.977920 ,  -49.456600 ,2024-06-13 17:22:00,Brasil,PARANÁ,QUITANDINHA,Mata Atlântica
 1692507788 ,b61049dd-b3f7-309d-9502-a3fac473e279,  -25.183820 ,  -49.263600 ,2024-06-13 17:22:00,Brasil,PARANÁ,RIO BRANCO DO SUL,Mata Atlântica
 1692507789 ,e56d8bab-a7f1-3189-9995-730cf54f495c,  -25.181650 ,  -49.257270 ,2024-06-13 17:22:00,Brasil,PARANÁ,RIO BRANCO DO SUL,Mata Atlântica
 1692507862 ,d43258aa-eb92-35e4-a06e-17ac07c5cc70,  -24.942050 ,  -49.753380 ,2024-06-13 17:22:00,Brasil,PARANÁ,CASTRO,Mata Atlântica
 1692507863 ,24c9e52e-694b-377e-aa73-a7a7f776ac9b,  -24.940140 ,  -49.735900 ,2024-06-13 17:22:00,Brasil,PARANÁ,CASTRO,Mata Atlântica
 1692507864 ,0cc87d6a-be1b-3c4d-94e4-bd16702d5051,  -24.734660 ,  -50.249850 ,2024-06-13 17:22:00,Brasil,PARANÁ,TIBAGI,Mata Atlântica
 1692507930 ,48fb872d-7541-3a60-ac92-47f04d12f973,  -25.086060 ,  -51.544950 ,2024-06-13 17:22:00,Brasil,PARANÁ,TURVO,Mata Atlântica
 1692507931 ,62a7ff48-f58e-3831-9a76-10f11beb3b4f,  -25.083770 ,  -51.520710 ,2024-06-13 17:22:00,Brasil,PARANÁ,TURVO,Mata Atlântica
 1692507932 ,5d7990d2-55ba-3391-a3a2-25b4fbbdebce,  -25.075700 ,  -51.528660 ,2024-06-13 17:22:00,Brasil,PARANÁ,TURVO,Mata Atlântica
 1692507933 ,dec2df35-632a-341f-9b4c-64bd1c83359b,  -26.377670 ,  -51.673170 ,2024-06-13 17:22:00,Brasil,PARANÁ,PALMAS,Mata Atlântica
 1692507990 ,c44e6e09-2380-35e0-b589-b2bd7dea66dd,  -23.186370 ,  -53.460340 ,2024-06-13 17:22:00,Brasil,PARANÁ,SANTA CRUZ DE MONTE CASTELO,Mata Atlântica
 1692507991 ,66dfe43e-9962-3059-9a29-a0c78e404e5a,  -23.186050 ,  -53.487930 ,2024-06-13 17:22:00,Brasil,PARANÁ,SANTA CRUZ DE MONTE CASTELO,Mata Atlântica
 1692507992 ,cc55317e-125c-32bc-a6c8-8fe8bfea1f87,  -23.183270 ,  -53.456520 ,2024-06-13 17:22:00,Brasil,PARANÁ,SANTA CRUZ DE MONTE CASTELO,Mata Atlântica
 1692732789 ,1b9ff2b6-81d4-3929-8886-764fc2461333,  -26.082860 ,  -49.384540 ,2024-06-14 18:02:00,Brasil,PARANÁ,PIÊN,Mata Atlântica
 1692732790 ,57e84d39-0252-3e05-8cd0-e1ff4c28be31,  -26.080310 ,  -49.370340 ,2024-06-14 18:02:00,Brasil,PARANÁ,PIÊN,Mata Atlântica
 1692732791 ,1f3b6c64-d6ee-3f6c-b553-9d0b8f3216e9,  -25.185390 ,  -49.235630 ,2024-06-14 18:02:00,Brasil,PARANÁ,RIO BRANCO DO SUL,Mata Atlântica
 1692732818 ,17dd5b70-0391-39dc-8bb5-2db0f9fd34d0,  -25.091540 ,  -50.472400 ,2024-06-14 18:02:00,Brasil,PARANÁ,IPIRANGA,Mata Atlântica
 1692732819 ,d22cbdfe-f349-3162-bbdd-7cf73c726753,  -25.167580 ,  -50.196600 ,2024-06-14 18:02:00,Brasil,PARANÁ,PONTA GROSSA,Mata Atlântica
 1692732820 ,403302da-8fce-3980-8563-45c37ed73dcc,  -25.165340 ,  -50.183470 ,2024-06-14 18:02:00,Brasil,PARANÁ,PONTA GROSSA,Mata Atlântica
 1692732821 ,264b1bad-3b01-3b27-94f6-af830f9e8338,  -24.943040 ,  -49.743080 ,2024-06-14 18:02:00,Brasil,PARANÁ,CASTRO,Mata Atlântica
 1692732822 ,61d0c102-4c7e-3a3a-a193-5fac8341aeee,  -24.935130 ,  -49.759990 ,2024-06-14 18:02:00,Brasil,PARANÁ,CASTRO,Mata Atlântica
 1692732823 ,ec85173e-8bf9-3910-ba8d-e6a4c16ec52f,  -24.932620 ,  -49.745930 ,2024-06-14 18:02:00,Brasil,PARANÁ,CASTRO,Mata Atlântica
 1692732824 ,fcb21043-5bd0-3829-bda9-e66d6a08e41e,  -23.800690 ,  -50.313260 ,2024-06-14 18:02:00,Brasil,PARANÁ,IBAITI,Mata Atlântica
 1692732826 ,5be332d7-972e-35cc-befb-2fe2c635c90d,  -25.559570 ,  -50.026940 ,2024-06-14 18:02:00,Brasil,PARANÁ,PALMEIRA,Mata Atlântica
 1692732827 ,e1522b48-e161-37ca-a3d7-c82b6e66039f,  -25.790580 ,  -50.719640 ,2024-06-14 18:02:00,Brasil,PARANÁ,RIO AZUL,Mata Atlântica
 1692732828 ,5c60e16c-854c-3aab-b992-037f2d702651,  -25.267400 ,  -50.726900 ,2024-06-14 18:02:00,Brasil,PARANÁ,IMBITUVA,Mata Atlântica
 1692732907 ,70b3e8da-c1cd-3d97-9a20-18c91fecccaf,  -23.701640 ,  -50.589600 ,2024-06-14 18:02:00,Brasil,PARANÁ,SANTO ANTÔNIO DO PARAÍSO,Mata Atlântica
 1692732908 ,9f7d17ed-fe1f-383e-bd7c-f52ca97bec5e,  -23.364130 ,  -51.638760 ,2024-06-14 18:02:00,Brasil,PARANÁ,SABÁUDIA,Mata Atlântica
 1692732909 ,fb0ce3da-7707-3aad-b839-bc7371f5a5c3,  -23.362220 ,  -51.627030 ,2024-06-14 18:02:00,Brasil,PARANÁ,SABÁUDIA,Mata Atlântica
 1692732910 ,caf8092d-75ca-3c89-a5a2-0736d9b0c110,  -24.920080 ,  -50.922980 ,2024-06-14 18:02:00,Brasil,PARANÁ,IVAÍ,Mata Atlântica
 1692732911 ,07145dc7-7ff0-37f8-bfb9-cd1065a1bd09,  -24.787900 ,  -51.103800 ,2024-06-14 18:02:00,Brasil,PARANÁ,CÂNDIDO DE ABREU,Mata Atlântica
 1692732912 ,d8a0fa18-8b8d-3337-bd3b-84fe6b286676,  -24.309700 ,  -50.897050 ,2024-06-14 18:02:00,Brasil,PARANÁ,ORTIGUEIRA,Mata Atlântica
 1692732913 ,e2a0173b-c778-328f-bd70-b922c573edee,  -24.228170 ,  -50.957430 ,2024-06-14 18:02:00,Brasil,PARANÁ,ORTIGUEIRA,Mata Atlântica
 1692732914 ,766e3775-2c3c-3190-8087-78996cb2b517,  -25.889620 ,  -51.765800 ,2024-06-14 18:02:00,Brasil,PARANÁ,PINHÃO,Mata Atlântica
 1692732915 ,e31be326-331b-3634-bc21-d902e5d06d0e,  -25.569930 ,  -52.139670 ,2024-06-14 18:02:00,Brasil,PARANÁ,CANDÓI,Mata Atlântica
 1692732916 ,c917b66e-2bc9-33a5-8a4f-bf1083d45e15,  -25.345630 ,  -51.322540 ,2024-06-14 18:02:00,Brasil,PARANÁ,GUARAPUAVA,Mata Atlântica
 1692732917 ,dcdb05db-faec-3f39-bda9-aa4c4fda161b,  -25.309370 ,  -52.187860 ,2024-06-14 18:02:00,Brasil,PARANÁ,CANTAGALO,Mata Atlântica
 1692732918 ,03aeea21-4391-358d-bd98-47c32e159b4b,  -25.307730 ,  -52.177450 ,2024-06-14 18:02:00,Brasil,PARANÁ,CANTAGALO,Mata Atlântica
 1692732922 ,6ba63f33-fe63-3867-87fa-364a8f611463,  -26.482600 ,  -51.434750 ,2024-06-14 18:02:00,Brasil,PARANÁ,GENERAL CARNEIRO,Mata Atlântica
 1692732923 ,8950f822-099a-3694-8e7c-f0cbff0cf98a,  -26.203800 ,  -51.600240 ,2024-06-14 18:02:00,Brasil,PARANÁ,BITURUNA,Mata Atlântica
 1692732924 ,a0b224cf-f576-3c51-8da3-e986f5a92d82,  -26.202020 ,  -51.589190 ,2024-06-14 18:02:00,Brasil,PARANÁ,BITURUNA,Mata Atlântica
 1692732980 ,a1f748ae-d324-3d20-aae0-e992c87ce0b2,  -23.117460 ,  -52.461390 ,2024-06-14 18:02:00,Brasil,PARANÁ,PARANAVAÍ,Mata Atlântica
 1692732981 ,0a1de5f7-f506-349a-a8be-98f9439fa060,  -23.115760 ,  -52.450710 ,2024-06-14 18:02:00,Brasil,PARANÁ,PARANAVAÍ,Mata Atlântica
 1692732982 ,e130f250-afaa-3824-aae8-8397ea21ca51,  -23.104760 ,  -52.441910 ,2024-06-14 18:02:00,Brasil,PARANÁ,PARANAVAÍ,Mata Atlântica
 1692732983 ,b3671663-2506-331f-817f-162ab3cb5662,  -23.103060 ,  -52.431290 ,2024-06-14 18:02:00,Brasil,PARANÁ,PARANAVAÍ,Mata Atlântica
 1692732984 ,211bc707-1dde-3be3-aaa5-f4e8cb825911,  -25.299400 ,  -52.591330 ,2024-06-14 18:02:00,Brasil,PARANÁ,NOVA LARANJEIRAS,Mata Atlântica
 1692732985 ,d9ed2730-54ff-3d6f-b79f-743c7d5e5500,  -25.297830 ,  -52.581130 ,2024-06-14 18:02:00,Brasil,PARANÁ,NOVA LARANJEIRAS,Mata Atlântica
 1692732986 ,fac1424b-9c98-3565-9374-3b15f1d3082c,  -25.281240 ,  -52.594960 ,2024-06-14 18:02:00,Brasil,PARANÁ,NOVA LARANJEIRAS,Mata Atlântica
 1692732987 ,1aada18c-b8bd-32c9-89db-9d5104420eaf,  -25.147040 ,  -52.800800 ,2024-06-14 18:02:00,Brasil,PARANÁ,GUARANIAÇU,Mata Atlântica
 1692732988 ,0a8e21e6-f290-3533-b095-ed69fbba03c6,  -25.145480 ,  -52.790650 ,2024-06-14 18:02:00,Brasil,PARANÁ,GUARANIAÇU,Mata Atlântica
 1692732989 ,3bea432c-1dde-3f56-ab36-4cc6bea9c89a,  -25.018300 ,  -53.167930 ,2024-06-14 18:02:00,Brasil,PARANÁ,CASCAVEL,Mata Atlântica
 1692732990 ,199bee09-c897-3ea3-945f-dcafcae53bbe,  -25.009320 ,  -53.169570 ,2024-06-14 18:02:00,Brasil,PARANÁ,CASCAVEL,Mata Atlântica
 1692732992 ,ecc7bbdd-c9f1-31c0-9ba2-c6bf64351364,  -25.338660 ,  -52.735660 ,2024-06-14 18:02:00,Brasil,PARANÁ,ESPIGÃO ALTO DO IGUAÇU,Mata Atlântica
 1692732993 ,9a4d921f-3527-30d5-bb0e-512511cc66dd,  -25.337080 ,  -52.725450 ,2024-06-14 18:02:00,Brasil,PARANÁ,ESPIGÃO ALTO DO IGUAÇU,Mata Atlântica
 1692733015 ,e356e26d-bd54-38ac-85cb-aabd494b13e5,  -23.069890 ,  -53.582350 ,2024-06-14 18:02:00,Brasil,PARANÁ,QUERÊNCIA DO NORTE,Mata Atlântica
 1692733016 ,f7aaeaf6-d08b-34fc-8084-a25d433c21ff,  -22.902690 ,  -53.513500 ,2024-06-14 18:02:00,Brasil,PARANÁ,QUERÊNCIA DO NORTE,Mata Atlântica
 1692733017 ,2f6eb72e-53af-384b-952c-4d23aedb1834,  -22.901180 ,  -53.503590 ,2024-06-14 18:02:00,Brasil,PARANÁ,QUERÊNCIA DO NORTE,Mata Atlântica
 1692733018 ,e61cc598-7a6e-3fd3-9464-3ca9a3c285a0,  -22.893670 ,  -53.515110 ,2024-06-14 18:02:00,Brasil,PARANÁ,QUERÊNCIA DO NORTE,Mata Atlântica
 1692733019 ,facfb9b2-3b44-3859-af82-3f5da9a9ab9a,  -22.892150 ,  -53.505210 ,2024-06-14 18:02:00,Brasil,PARANÁ,QUERÊNCIA DO NORTE,Mata Atlântica
 1693590560 ,e0f72aa6-a190-35f8-a8be-80ca3255ed4a,  -25.230400 ,  -49.437560 ,2024-06-19 18:09:00,Brasil,PARANÁ,ITAPERUÇU,Mata Atlântica
 1693590561 ,02b3dd27-6309-34c9-9393-7688825fea48,  -25.557800 ,  -49.159600 ,2024-06-19 18:09:00,Brasil,PARANÁ,SÃO JOSÉ DOS PINHAIS,Mata Atlântica
 1693590562 ,0d8f3249-d14c-3118-b203-e49d52ae29d8,  -25.566570 ,  -50.979790 ,2024-06-19 18:09:00,Brasil,PARANÁ,IRATI,Mata Atlântica
 1693590563 ,0dc86abb-cd3a-393e-901f-ec480e52b70c,  -25.559200 ,  -49.153850 ,2024-06-19 18:09:00,Brasil,PARANÁ,SÃO JOSÉ DOS PINHAIS,Mata Atlântica
 1693590564 ,184a6984-f90c-3fb0-b840-c3930a3d1dfe,  -25.520550 ,  -50.911310 ,2024-06-19 18:09:00,Brasil,PARANÁ,IRATI,Mata Atlântica
 1693590565 ,fc3789f7-084e-33fa-b9f2-21db7d362452,  -25.234050 ,  -49.456280 ,2024-06-19 18:09:00,Brasil,PARANÁ,CAMPO MAGRO,Mata Atlântica
 1693590566 ,b411c2c4-b8fa-362a-88bb-836387bbe400,  -25.231470 ,  -49.462540 ,2024-06-19 18:09:00,Brasil,PARANÁ,CAMPO MAGRO,Mata Atlântica
 1693590567 ,a735af75-dfb4-3e32-8f7d-5579a42aa693,  -25.227900 ,  -49.443530 ,2024-06-19 18:09:00,Brasil,PARANÁ,ITAPERUÇU,Mata Atlântica
 1693590568 ,a1d9bd8b-19b8-3bde-afdd-83c10b885f30,  -25.225140 ,  -50.561020 ,2024-06-19 18:09:00,Brasil,PARANÁ,IMBITUVA,Mata Atlântica
 1693590569 ,8f68ca84-1c3f-37ba-8dce-9933aad1bfb2,  -25.222220 ,  -50.544990 ,2024-06-19 18:09:00,Brasil,PARANÁ,IMBITUVA,Mata Atlântica
 1693590570 ,30edb0e1-7c36-3c5b-b931-5967f0719c08,  -25.033050 ,  -50.915440 ,2024-06-19 18:09:00,Brasil,PARANÁ,IVAÍ,Mata Atlântica
 1693590571 ,81ed0632-0599-3f2d-9d9f-c170106fba92,  -24.943140 ,  -49.743430 ,2024-06-19 18:09:00,Brasil,PARANÁ,CASTRO,Mata Atlântica
 1693590573 ,8459987b-d908-310d-aaa1-91cab2504e8f,  -24.939260 ,  -49.750140 ,2024-06-19 18:09:00,Brasil,PARANÁ,CASTRO,Mata Atlântica
 1693590575 ,5437e026-26ec-302a-8dde-fa359cb97805,  -24.931440 ,  -49.747000 ,2024-06-19 18:09:00,Brasil,PARANÁ,CASTRO,Mata Atlântica
 1693590576 ,87cdf552-c2a5-3ba4-95e7-7045435104d3,  -24.765860 ,  -49.523450 ,2024-06-19 18:09:00,Brasil,PARANÁ,CERRO AZUL,Mata Atlântica
 1693590577 ,fa13fd9f-f05f-323d-b722-ff7f4c56fa95,  -24.615710 ,  -51.095420 ,2024-06-19 18:09:00,Brasil,PARANÁ,RESERVA,Mata Atlântica
 1693590578 ,0ee49386-6692-3684-bbdf-742a5785198d,  -24.533820 ,  -49.696010 ,2024-06-19 18:09:00,Brasil,PARANÁ,PIRAÍ DO SUL,Mata Atlântica
 1693590584 ,b018b999-ecfa-39e1-973b-555d102fc046,  -23.273860 ,  -52.090650 ,2024-06-19 18:09:00,Brasil,PARANÁ,MANDAGUAÇU,Mata Atlântica
 1693590585 ,c62dd300-59b2-3537-843a-ed63cc0e0c07,  -23.271500 ,  -52.076980 ,2024-06-19 18:09:00,Brasil,PARANÁ,MANDAGUAÇU,Mata Atlântica
 1693590590 ,36036326-dbc6-3451-b239-b6eea68cfbb1,  -23.188260 ,  -52.423180 ,2024-06-19 18:09:00,Brasil,PARANÁ,TAMBOARA,Mata Atlântica
 1693590591 ,6193bbf7-5042-39de-9408-7b16da4ac2be,  -23.186140 ,  -52.431540 ,2024-06-19 18:09:00,Brasil,PARANÁ,TAMBOARA,Mata Atlântica
 1693590592 ,12fd2952-cabc-3975-ae85-39d130f3b35f,  -23.183870 ,  -52.418520 ,2024-06-19 18:09:00,Brasil,PARANÁ,ALTO PARANÁ,Mata Atlântica
 1693590599 ,0556e59f-344b-3fbd-8c42-7fb575a5f53f,  -22.942420 ,  -52.377150 ,2024-06-19 18:09:00,Brasil,PARANÁ,PARANAVAÍ,Mata Atlântica
 1693590601 ,d7379724-c050-3720-8e2d-f3542d4f4f10,  -22.929800 ,  -50.546010 ,2024-06-19 18:09:00,Brasil,PARANÁ,SANTA MARIANA,Mata Atlântica
 1693590602 ,f158d9d9-7359-3cc1-a1d1-754530ee77b5,  -22.868060 ,  -52.968520 ,2024-06-19 18:09:00,Brasil,PARANÁ,LOANDA,Mata Atlântica
 1693590604 ,80ebff70-ba1e-30b1-9f6d-14839201ee08,  -22.642160 ,  -51.932340 ,2024-06-19 18:09:00,Brasil,PARANÁ,SANTA INÊS,Mata Atlântica
 1693590605 ,e1b6114d-7bdc-36db-9800-3fa6d0f49ecb,  -22.637670 ,  -51.941340 ,2024-06-19 18:09:00,Brasil,PARANÁ,SANTA INÊS,Mata Atlântica
 1693590606 ,9e0ef762-a4e2-3ac9-9d59-538ed147b23c,  -22.631500 ,  -51.934600 ,2024-06-19 18:09:00,Brasil,PARANÁ,SANTA INÊS,Mata Atlântica
 1693778696 ,c3edd91b-1f3a-3a0e-9391-30cc559e60e8,  -22.773270 ,  -52.188920 ,2024-06-20 17:11:00,Brasil,PARANÁ,INAJÁ,Mata Atlântica
 1693778698 ,efa8bcc7-28e5-3e63-a53a-cf965e495669,  -22.780430 ,  -52.157730 ,2024-06-20 17:11:00,Brasil,PARANÁ,PARANACITY,Mata Atlântica
 1693778699 ,015b5bfa-87e3-3efd-8509-529f474b7900,  -22.783750 ,  -52.196210 ,2024-06-20 17:11:00,Brasil,PARANÁ,INAJÁ,Mata Atlântica
 1693778701 ,fad1a194-0ac2-3e18-a79c-2fbdad6b244e,  -22.789830 ,  -52.187220 ,2024-06-20 17:11:00,Brasil,PARANÁ,INAJÁ,Mata Atlântica
 1693778716 ,790c0ff1-dade-3ad6-921c-62fb044a35cb,  -25.023730 ,  -50.915430 ,2024-06-20 17:11:00,Brasil,PARANÁ,IVAÍ,Mata Atlântica
 1693778717 ,b1277995-ed2d-3a43-b6e5-d814d97272c7,  -25.027930 ,  -50.922120 ,2024-06-20 17:11:00,Brasil,PARANÁ,IVAÍ,Mata Atlântica
 1693975356 ,f2ea62d0-c26b-39ec-ad8a-f82f037a06c4,  -25.134960 ,  -48.993820 ,2024-06-21 17:52:00,Brasil,PARANÁ,BOCAIÚVA DO SUL,Mata Atlântica
 1693975358 ,a16b49e1-4924-3d69-836d-0df7805b0c93,  -26.038460 ,  -49.405840 ,2024-06-21 17:52:00,Brasil,PARANÁ,PIÊN,Mata Atlântica
 1693975359 ,466ace45-c41a-3f59-a643-7ec39b807a9f,  -26.010860 ,  -49.450190 ,2024-06-21 17:52:00,Brasil,PARANÁ,QUITANDINHA,Mata Atlântica
 1693975360 ,23a3531a-a1b2-3afd-9db1-7e580f867329,  -25.933750 ,  -49.266300 ,2024-06-21 17:52:00,Brasil,PARANÁ,TIJUCAS DO SUL,Mata Atlântica
 1693975361 ,d1d5268a-b2ac-353e-8d0c-10e197c0300b,  -25.168210 ,  -49.261820 ,2024-06-21 17:52:00,Brasil,PARANÁ,RIO BRANCO DO SUL,Mata Atlântica
 1693975704 ,0aced48f-6438-368f-b2dd-1b7680491165,  -23.412410 ,  -50.421750 ,2024-06-21 17:52:00,Brasil,PARANÁ,RIBEIRÃO DO PINHAL,Mata Atlântica
 1693975705 ,057e3db4-d78a-361f-80f8-248c59804637,  -23.401000 ,  -50.287130 ,2024-06-21 17:52:00,Brasil,PARANÁ,JUNDIAÍ DO SUL,Mata Atlântica
 1693975706 ,2c13086f-dac4-3028-b867-88550280030d,  -24.997130 ,  -50.838200 ,2024-06-21 17:52:00,Brasil,PARANÁ,IVAÍ,Mata Atlântica
 1693975707 ,d553a35e-3545-3053-bcb8-ef07944abf20,  -25.205410 ,  -49.393460 ,2024-06-21 17:52:00,Brasil,PARANÁ,ITAPERUÇU,Mata Atlântica
 1693975708 ,766bbec7-a6e4-324d-9fd8-87a68d1bf53c,  -23.847160 ,  -50.435920 ,2024-06-21 17:52:00,Brasil,PARANÁ,FIGUEIRA,Mata Atlântica
 1693975709 ,1366c498-e213-3ac9-b961-bb75a0200b56,  -25.523500 ,  -50.902840 ,2024-06-21 17:52:00,Brasil,PARANÁ,IRATI,Mata Atlântica
 1693975712 ,3aa62f96-ebc0-387a-8823-152648685cfe,  -26.015760 ,  -50.076970 ,2024-06-21 17:52:00,Brasil,PARANÁ,ANTÔNIO OLINTO,Mata Atlântica
 1693975713 ,af65a69b-7a3e-3042-88d7-41a520d8770d,  -26.014200 ,  -50.066800 ,2024-06-21 17:52:00,Brasil,PARANÁ,ANTÔNIO OLINTO,Mata Atlântica
 1693975714 ,035fc5ab-7c07-3fbe-ae01-7a98f834b1fa,  -25.986660 ,  -49.596320 ,2024-06-21 17:52:00,Brasil,PARANÁ,CAMPO DO TENENTE,Mata Atlântica
 1693975715 ,b2d83140-fa59-3b73-bbd6-18911291a378,  -25.985000 ,  -49.585850 ,2024-06-21 17:52:00,Brasil,PARANÁ,CAMPO DO TENENTE,Mata Atlântica
 1693975716 ,b8fcd1c6-9a95-382c-8d88-cecdc781caac,  -25.977490 ,  -49.598120 ,2024-06-21 17:52:00,Brasil,PARANÁ,CAMPO DO TENENTE,Mata Atlântica
 1693975717 ,d3ef8931-ee04-3f5d-80b7-14868be581af,  -25.512700 ,  -50.345790 ,2024-06-21 17:52:00,Brasil,PARANÁ,PALMEIRA,Mata Atlântica
 1693975735 ,d31320c3-ccf7-34bc-aaa7-df22c5896342,  -23.532640 ,  -51.458560 ,2024-06-21 17:52:00,Brasil,PARANÁ,APUCARANA,Mata Atlântica
 1693975736 ,5fc22b47-0eeb-3cdb-bcfe-614ea1813197,  -23.531200 ,  -51.448860 ,2024-06-21 17:52:00,Brasil,PARANÁ,APUCARANA,Mata Atlântica
 1693975737 ,4805d0ec-5c98-3ad0-a658-86629e5b331f,  -25.072960 ,  -51.409510 ,2024-06-21 17:52:00,Brasil,PARANÁ,TURVO,Mata Atlântica
 1693975738 ,f769a909-a049-32b8-9946-d284c9be3474,  -24.910300 ,  -50.869680 ,2024-06-21 17:52:00,Brasil,PARANÁ,IVAÍ,Mata Atlântica
 1693975739 ,d57ea091-64e3-3607-8918-abe689a20fd2,  -24.908810 ,  -50.859810 ,2024-06-21 17:52:00,Brasil,PARANÁ,IVAÍ,Mata Atlântica
 1693975740 ,3aac1082-5354-30f3-b703-c02338f48882,  -24.901340 ,  -50.871280 ,2024-06-21 17:52:00,Brasil,PARANÁ,IVAÍ,Mata Atlântica
 1693975741 ,1d3ebea8-d35c-3e8a-9e08-a4936ea00bd4,  -24.899860 ,  -50.861430 ,2024-06-21 17:52:00,Brasil,PARANÁ,IVAÍ,Mata Atlântica
 1693975742 ,a3ec3e35-6289-3dd8-bada-18424db31f2c,  -24.518900 ,  -51.154420 ,2024-06-21 17:52:00,Brasil,PARANÁ,RESERVA,Mata Atlântica
 1693975743 ,d42a9707-26bd-340e-abb5-ca3df187efc1,  -24.517440 ,  -51.144610 ,2024-06-21 17:52:00,Brasil,PARANÁ,RESERVA,Mata Atlântica
 1693975744 ,70b7448a-9079-3a80-a042-a9a1c206500c,  -24.315970 ,  -50.782220 ,2024-06-21 17:52:00,Brasil,PARANÁ,ORTIGUEIRA,Mata Atlântica
 1693975759 ,b4e8c765-2227-3368-8d71-9564154a8c18,  -23.303520 ,  -52.032980 ,2024-06-21 17:54:00,Brasil,PARANÁ,MANDAGUAÇU,Mata Atlântica
 1693975760 ,5ec1c902-a093-3c82-b60c-156f5d0f300b,  -23.195720 ,  -52.182400 ,2024-06-21 17:54:00,Brasil,PARANÁ,NOVA ESPERANÇA,Mata Atlântica
 1693975761 ,96b0b677-548d-355a-b1e2-9362b61372ac,  -23.194330 ,  -52.172770 ,2024-06-21 17:54:00,Brasil,PARANÁ,NOVA ESPERANÇA,Mata Atlântica
 1693975762 ,44751652-8d38-3ba8-881d-fa42661fe469,  -22.921720 ,  -52.257130 ,2024-06-21 17:54:00,Brasil,PARANÁ,CRUZEIRO DO SUL,Mata Atlântica
 1693975763 ,b6237324-1a08-3ef2-86de-980720356481,  -25.157580 ,  -52.715500 ,2024-06-21 17:52:00,Brasil,PARANÁ,GUARANIAÇU,Mata Atlântica
 1693975764 ,aabb796b-a169-3a08-84cb-92cb70dabeb1,  -25.148540 ,  -52.717030 ,2024-06-21 17:52:00,Brasil,PARANÁ,GUARANIAÇU,Mata Atlântica
 1693975765 ,53d859e8-30da-36e2-aa65-9aeb107e779f,  -24.411320 ,  -53.573890 ,2024-06-21 17:52:00,Brasil,PARANÁ,ASSIS CHATEAUBRIAND,Mata Atlântica
 1693975766 ,422154cc-0e6e-3e5b-90c3-db8c13b57cd0,  -24.409900 ,  -53.563360 ,2024-06-21 17:52:00,Brasil,PARANÁ,ASSIS CHATEAUBRIAND,Mata Atlântica
 1694181366 ,5ca2935f-4eeb-313d-9b79-e63659af394d,  -25.774070 ,  -51.297070 ,2024-06-22 18:32:00,Brasil,PARANÁ,INÁCIO MARTINS,Mata Atlântica
 1694181367 ,2f641bf5-9b6e-3fa8-8702-384bb3924c05,  -25.766750 ,  -51.291150 ,2024-06-22 18:32:00,Brasil,PARANÁ,INÁCIO MARTINS,Mata Atlântica
 1694181368 ,1016d646-9a14-3028-a9d6-295abceceb69,  -25.758840 ,  -51.256190 ,2024-06-22 18:32:00,Brasil,PARANÁ,INÁCIO MARTINS,Mata Atlântica
 1694373102 ,c3df332e-eb5c-31a3-97b2-ed475f747c91,  -25.445650 ,  -49.154850 ,2024-06-23 17:34:00,Brasil,PARANÁ,PIRAQUARA,Mata Atlântica
 1694373103 ,02703c20-a0a2-3b44-8a3d-f89d7845bc84,  -25.147420 ,  -49.536200 ,2024-06-23 17:34:00,Brasil,PARANÁ,ITAPERUÇU,Mata Atlântica
 1694373104 ,1268f646-3b94-3544-a2b4-badc36e00890,  -25.051410 ,  -49.581280 ,2024-06-23 17:34:00,Brasil,PARANÁ,CAMPO LARGO,Mata Atlântica
 1694373139 ,6d52ed36-b836-3217-8b4d-bddc5876a726,  -23.267070 ,  -50.077530 ,2024-06-23 17:37:00,Brasil,PARANÁ,SANTO ANTÔNIO DA PLATINA,Mata Atlântica
 1694373140 ,c41525a1-1398-3c35-b7e5-d982b9dbf098,  -23.265610 ,  -50.066600 ,2024-06-23 17:37:00,Brasil,PARANÁ,SANTO ANTÔNIO DA PLATINA,Mata Atlântica
 1694373145 ,9bcbe98a-8f17-342c-b8e9-bfeee8501e74,  -23.097340 ,  -50.000750 ,2024-06-23 17:37:00,Brasil,PARANÁ,JACAREZINHO,Mata Atlântica
 1694373146 ,7f4dfaf2-5e4f-3187-b447-034a29c22fa2,  -23.095940 ,  -49.990020 ,2024-06-23 17:37:00,Brasil,PARANÁ,JACAREZINHO,Mata Atlântica
 1694595602 ,faa3c372-ca91-3745-9c8b-37f4b9a8d632,  -22.959940 ,  -52.375760 ,2024-06-24 18:17:00,Brasil,PARANÁ,PARANAVAÍ,Mata Atlântica
 1694595603 ,14d21056-2935-3d9d-8ec0-40c14fd6e9bf,  -22.952290 ,  -52.384270 ,2024-06-24 18:17:00,Brasil,PARANÁ,PARANAVAÍ,Mata Atlântica
 1694819632 ,e09b9dcc-7885-3417-8431-7741749aa623,  -23.045060 ,  -49.951510 ,2024-06-25 17:20:00,Brasil,PARANÁ,JACAREZINHO,Mata Atlântica
 1694819633 ,8f52fad0-7bfe-31fe-94e6-477e6a63150e,  -23.043000 ,  -49.932000 ,2024-06-25 17:20:00,Brasil,PARANÁ,JACAREZINHO,Mata Atlântica
 1696174259 ,c80a0ba1-665e-32a7-88a4-471186da08b2,  -25.156090 ,  -52.716460 ,2024-07-01 18:06:00,Brasil,PARANÁ,GUARANIAÇU,Mata Atlântica
 1696174260 ,b0c71a03-af4b-3d97-8259-3779a9578796,  -25.069520 ,  -53.271480 ,2024-07-01 18:06:00,Brasil,PARANÁ,CASCAVEL,Mata Atlântica
 1696174261 ,c5f990b4-36a5-3659-85b8-2bf18cf2aeee,  -24.988570 ,  -50.701910 ,2024-07-01 18:06:00,Brasil,PARANÁ,IPIRANGA,Mata Atlântica
 1696174262 ,e6aa4cc4-fd3b-3489-91ff-2da7d94c8be8,  -23.985410 ,  -53.604180 ,2024-07-01 18:06:00,Brasil,PARANÁ,IPORÃ,Mata Atlântica
 1696174263 ,7e142ade-b594-3188-a26e-f62cc5a892a4,  -23.558920 ,  -51.701270 ,2024-07-01 18:06:00,Brasil,PARANÁ,MANDAGUARI,Mata Atlântica
 1696174264 ,7f9091ab-ce21-3420-b481-6d10ff054ac9,  -23.556840 ,  -51.688920 ,2024-07-01 18:06:00,Brasil,PARANÁ,MANDAGUARI,Mata Atlântica
 1696174265 ,89cae826-f913-3bfb-94ab-3a6200457b35,  -23.548880 ,  -51.703560 ,2024-07-01 18:06:00,Brasil,PARANÁ,MANDAGUARI,Mata Atlântica
 1696174266 ,935b89dc-68d4-3149-8180-0495bdce1c8c,  -22.896470 ,  -52.164860 ,2024-07-01 18:06:00,Brasil,PARANÁ,PARANACITY,Mata Atlântica
 1696174267 ,00a3e48b-535e-3b56-855e-a0e950cf0fa7,  -22.886550 ,  -52.166800 ,2024-07-01 18:06:00,Brasil,PARANÁ,PARANACITY,Mata Atlântica
 1696657586 ,a11cc691-fa37-3499-83d7-23bf222386ed,  -26.561070 ,  -51.959140 ,2024-07-03 17:49:00,Brasil,PARANÁ,PALMAS,Mata Atlântica
 1696657593 ,0b28f157-c89a-38a6-b1e9-cbe48daf3c85,  -26.194670 ,  -51.491340 ,2024-07-03 17:49:00,Brasil,PARANÁ,BITURUNA,Mata Atlântica
 1696657597 ,ac42d138-3e36-3c72-a44b-f82dac15753b,  -25.958250 ,  -51.447740 ,2024-07-03 17:49:00,Brasil,PARANÁ,CRUZ MACHADO,Mata Atlântica
 1696657598 ,01ab56ec-b85c-3d28-a241-20fe6c9d5765,  -25.921020 ,  -49.068350 ,2024-07-03 17:49:00,Brasil,PARANÁ,TIJUCAS DO SUL,Mata Atlântica
 1696657599 ,789493cc-ba2a-378a-8a88-e63d40134eab,  -25.729940 ,  -52.760510 ,2024-07-03 17:49:00,Brasil,PARANÁ,SULINA,Mata Atlântica
 1696657600 ,bc8bf07b-8a2f-3871-90a6-cca25f2525fb,  -25.728530 ,  -52.749640 ,2024-07-03 17:49:00,Brasil,PARANÁ,SULINA,Mata Atlântica
 1696657601 ,d015145d-b8b5-390a-85a7-017305deab56,  -25.704380 ,  -50.250930 ,2024-07-03 17:49:00,Brasil,PARANÁ,SÃO JOÃO DO TRIUNFO,Mata Atlântica
 1696657602 ,4bb7f2bd-133a-3a41-be8a-d412dc018b15,  -25.542930 ,  -49.973360 ,2024-07-03 17:49:00,Brasil,PARANÁ,PORTO AMAZONAS,Mata Atlântica
 1696657603 ,f73c3b41-1825-3804-a0ce-b94c12edd23d,  -25.534010 ,  -49.975020 ,2024-07-03 17:49:00,Brasil,PARANÁ,PALMEIRA,Mata Atlântica
 1696657604 ,1c253d71-7a59-372e-8294-f693a8c195ce,  -25.511970 ,  -50.257930 ,2024-07-03 17:49:00,Brasil,PARANÁ,PALMEIRA,Mata Atlântica
 1696657605 ,42bbe8b0-56ae-3268-b4b0-2dd738d6d72b,  -25.343140 ,  -51.001520 ,2024-07-03 17:49:00,Brasil,PARANÁ,PRUDENTÓPOLIS,Mata Atlântica
 1696657606 ,238dd99d-0f6d-35ce-a3df-177858325730,  -25.067770 ,  -49.398150 ,2024-07-03 17:49:00,Brasil,PARANÁ,RIO BRANCO DO SUL,Mata Atlântica
 1696657607 ,68d1896d-3bbd-3621-bbde-5ddabcb77050,  -25.066200 ,  -49.388030 ,2024-07-03 17:49:00,Brasil,PARANÁ,RIO BRANCO DO SUL,Mata Atlântica
 1696657608 ,0a2f73e5-4ec3-3d72-b32f-151dfb719c67,  -24.817270 ,  -49.263230 ,2024-07-03 17:49:00,Brasil,PARANÁ,CERRO AZUL,Mata Atlântica
 1696657609 ,a1a86aee-9b13-3c63-8425-66c1ed7b15ce,  -24.769090 ,  -49.314660 ,2024-07-03 17:49:00,Brasil,PARANÁ,DOUTOR ULYSSES,Mata Atlântica
 1696657610 ,a1dbb405-41d9-30d3-9f39-6e518187fa1c,  -24.767500 ,  -49.304520 ,2024-07-03 17:49:00,Brasil,PARANÁ,DOUTOR ULYSSES,Mata Atlântica
 1696657611 ,ed4e82fb-1221-3c18-9c0c-4a9cc9279293,  -24.390310 ,  -49.970830 ,2024-07-03 17:49:00,Brasil,PARANÁ,PIRAÍ DO SUL,Cerrado
 1696657613 ,8b69a284-3557-30f9-8a9a-d1d36bb0432e,  -23.859310 ,  -50.426040 ,2024-07-03 17:49:00,Brasil,PARANÁ,FIGUEIRA,Mata Atlântica
 1696657615 ,b142df4b-7002-34b9-b9f6-a303e54ed65a,  -23.388680 ,  -51.171460 ,2024-07-03 17:49:00,Brasil,PARANÁ,LONDRINA,Mata Atlântica
 1696657619 ,7920e15a-43ca-34fd-b13d-66a70440bbfa,  -23.190370 ,  -52.175010 ,2024-07-03 17:49:00,Brasil,PARANÁ,NOVA ESPERANÇA,Mata Atlântica
 1696657620 ,c461fe57-8725-3036-a242-7ac6abbe36f3,  -23.189000 ,  -52.165180 ,2024-07-03 17:49:00,Brasil,PARANÁ,NOVA ESPERANÇA,Mata Atlântica
 1696657621 ,6dcbffe5-75f9-3c95-a2d8-e37cb0c1bb49,  -23.032880 ,  -52.700190 ,2024-07-03 17:49:00,Brasil,PARANÁ,GUAIRAÇÁ,Mata Atlântica
 1696657622 ,5725e134-910b-3b36-a0d3-65d7c64d04ab,  -23.023740 ,  -52.701630 ,2024-07-03 17:49:00,Brasil,PARANÁ,GUAIRAÇÁ,Mata Atlântica
 1696657623 ,6419957f-3f5d-3405-873e-1e4a81af7ffa,  -22.985400 ,  -51.193240 ,2024-07-03 17:49:00,Brasil,PARANÁ,BELA VISTA DO PARAÍSO,Mata Atlântica
 1697137272 ,a8f6f83a-c087-3d4b-8e74-655c8ee35912,  -23.151870 ,  -53.557760 ,2024-07-05 17:34:00,Brasil,PARANÁ,QUERÊNCIA DO NORTE,Mata Atlântica
 1697137273 ,41931487-6b7e-386f-bc17-8d8d4c41d25b,  -23.164540 ,  -53.556250 ,2024-07-05 17:34:00,Brasil,PARANÁ,QUERÊNCIA DO NORTE,Mata Atlântica
 1697137282 ,f322ab60-8149-3336-a456-0eea749b4640,  -23.675700 ,  -49.846400 ,2024-07-05 17:34:00,Brasil,PARANÁ,SIQUEIRA CAMPOS,Mata Atlântica
 1697137286 ,e1d881e4-43f4-3f39-8ec3-adb1843defe4,  -23.858440 ,  -50.431450 ,2024-07-05 17:34:00,Brasil,PARANÁ,FIGUEIRA,Mata Atlântica
 1697137287 ,16cd5c96-b5ac-354e-b366-5d787b9b1909,  -23.865320 ,  -53.793380 ,2024-07-05 17:34:00,Brasil,PARANÁ,ALTÔNIA,Mata Atlântica
 1697137288 ,9af1dcbb-4053-3215-a3f2-41c2171ccbad,  -23.875750 ,  -53.787340 ,2024-07-05 17:34:00,Brasil,PARANÁ,ALTÔNIA,Mata Atlântica
 1697137289 ,110417ba-c8ae-32b2-bf62-87d1a1714863,  -23.877940 ,  -53.809230 ,2024-07-05 17:34:00,Brasil,PARANÁ,ALTÔNIA,Mata Atlântica
 1697137290 ,57261e73-a1d7-3439-a6f3-3abebf4daff3,  -23.888780 ,  -53.785760 ,2024-07-05 17:34:00,Brasil,PARANÁ,ALTÔNIA,Mata Atlântica
 1697137291 ,64fcc4db-0f1c-37ab-8fd1-cdf047184730,  -23.985770 ,  -50.141330 ,2024-07-05 17:34:00,Brasil,PARANÁ,ARAPOTI,Mata Atlântica
 1697137292 ,79ddea11-994e-3231-82ef-a465dc1fc669,  -23.987330 ,  -50.146580 ,2024-07-05 17:34:00,Brasil,PARANÁ,ARAPOTI,Mata Atlântica
 1697137293 ,a4e4983b-7eff-3869-bd68-289953be9367,  -24.083970 ,  -52.193680 ,2024-07-05 17:34:00,Brasil,PARANÁ,CORUMBATAÍ DO SUL,Mata Atlântica
 1697137294 ,4e5162f9-852a-3dcc-b186-de5e57e2ecd6,  -24.085840 ,  -52.210620 ,2024-07-05 17:34:00,Brasil,PARANÁ,CAMPO MOURÃO,Mata Atlântica
 1697137295 ,44589af4-d0d0-383f-b59a-d64b10ef5928,  -24.249620 ,  -50.958850 ,2024-07-05 17:34:00,Brasil,PARANÁ,ORTIGUEIRA,Mata Atlântica
 1697137298 ,88a6a218-ffe3-3e51-abe1-126a88b01fc6,  -24.395950 ,  -52.325220 ,2024-07-05 17:34:00,Brasil,PARANÁ,LUIZIANA,Mata Atlântica
 1697137299 ,e03dbfda-8067-3964-8d90-22b1af1607e7,  -24.397880 ,  -52.342660 ,2024-07-05 17:34:00,Brasil,PARANÁ,LUIZIANA,Mata Atlântica
 1697137300 ,f8c75f3b-aa23-3d6a-b52b-9414300c0d59,  -24.409510 ,  -50.768170 ,2024-07-05 17:34:00,Brasil,PARANÁ,IMBAÚ,Mata Atlântica
 1697137301 ,b97130db-9955-35ae-8910-3475795ab46d,  -24.567970 ,  -49.339960 ,2024-07-05 17:34:00,Brasil,PARANÁ,DOUTOR ULYSSES,Mata Atlântica
 1697137303 ,daa0e8dd-1093-3300-a54c-baa8e6cd6e73,  -24.799550 ,  -48.929640 ,2024-07-05 17:34:00,Brasil,PARANÁ,ADRIANÓPOLIS,Mata Atlântica
 1697137304 ,0a4bf02e-f8fb-3f40-bbd5-ed14e5de314f,  -24.800940 ,  -48.940380 ,2024-07-05 17:34:00,Brasil,PARANÁ,ADRIANÓPOLIS,Mata Atlântica
 1697137305 ,0ae5ac14-b3fd-3e57-bf19-2192084d415e,  -24.904280 ,  -51.684650 ,2024-07-05 17:34:00,Brasil,PARANÁ,BOA VENTURA DE SÃO ROQUE,Mata Atlântica
 1697137306 ,5c03d400-91b3-384e-bcc2-adbcf8fd1a39,  -24.905970 ,  -51.689650 ,2024-07-05 17:34:00,Brasil,PARANÁ,BOA VENTURA DE SÃO ROQUE,Mata Atlântica
 1697137307 ,c35b14ca-a927-3a97-b67e-b73adea386c0,  -24.906050 ,  -51.700920 ,2024-07-05 17:34:00,Brasil,PARANÁ,BOA VENTURA DE SÃO ROQUE,Mata Atlântica
 1697137308 ,fdef20be-7ac4-3ded-aa66-4723247aafd0,  -24.907840 ,  -51.705880 ,2024-07-05 17:34:00,Brasil,PARANÁ,BOA VENTURA DE SÃO ROQUE,Mata Atlântica
 1697137309 ,57f99e42-ce46-31d3-888a-0ddac4c1223c,  -24.951840 ,  -50.899020 ,2024-07-05 17:34:00,Brasil,PARANÁ,IVAÍ,Mata Atlântica
 1697137310 ,b2249678-5aaf-3e7d-9333-b6c7fd633945,  -24.953550 ,  -50.913640 ,2024-07-05 17:34:00,Brasil,PARANÁ,IVAÍ,Mata Atlântica
 1697137311 ,8284d24d-a9e7-38e1-8eba-b86cd6b18b12,  -25.074490 ,  -49.730660 ,2024-07-05 17:34:00,Brasil,PARANÁ,CAMPO LARGO,Mata Atlântica
 1697137312 ,5f509cac-f754-306e-9941-4c2f033b9f85,  -25.394620 ,  -51.280430 ,2024-07-05 17:34:00,Brasil,PARANÁ,GUARAPUAVA,Mata Atlântica
 1697137313 ,549e4c1c-79bf-3b57-9104-0a3e00580c38,  -25.394920 ,  -51.275390 ,2024-07-05 17:34:00,Brasil,PARANÁ,GUARAPUAVA,Mata Atlântica
 1697137314 ,70a40437-77cf-3c4d-93f6-2c36ed5e1270,  -25.476380 ,  -50.287220 ,2024-07-05 17:34:00,Brasil,PARANÁ,PALMEIRA,Mata Atlântica
 1697137315 ,b5f7c92a-c3cc-32d7-907b-81cdb1cd316d,  -25.672010 ,  -50.398750 ,2024-07-05 17:32:00,Brasil,PARANÁ,SÃO JOÃO DO TRIUNFO,Mata Atlântica
 1697137316 ,f47d96c0-6904-322b-95cc-287bd3c65964,  -25.673570 ,  -50.412300 ,2024-07-05 17:32:00,Brasil,PARANÁ,SÃO JOÃO DO TRIUNFO,Mata Atlântica
 1697137317 ,2c81d29b-1457-3ef8-8d68-2316eb7a5afa,  -25.863120 ,  -51.180250 ,2024-07-05 17:32:00,Brasil,PARANÁ,CRUZ MACHADO,Mata Atlântica
 1697137318 ,8c2d74c7-64c8-3d85-a6ea-c69c97b564c2,  -25.949700 ,  -49.166770 ,2024-07-05 17:32:00,Brasil,PARANÁ,TIJUCAS DO SUL,Mata Atlântica
 1697137327 ,c17010ea-c277-3c3c-9c02-6eb3db630aba,  -26.245850 ,  -51.346740 ,2024-07-05 17:32:00,Brasil,PARANÁ,BITURUNA,Mata Atlântica
 1697137328 ,fc10408c-34aa-3410-970e-d0a77b60d066,  -26.274700 ,  -51.196750 ,2024-07-05 17:32:00,Brasil,PARANÁ,PORTO VITÓRIA,Mata Atlântica
 1697137329 ,4e7c450b-4b81-3f3c-a64b-5c4a68bfe7e4,  -26.276520 ,  -51.212880 ,2024-07-05 17:32:00,Brasil,PARANÁ,PORTO VITÓRIA,Mata Atlântica
 1697137331 ,f67952ad-b002-3e5a-9bc2-4c8684bf9313,  -26.298420 ,  -51.306390 ,2024-07-05 17:32:00,Brasil,PARANÁ,GENERAL CARNEIRO,Mata Atlântica
 1700129438 ,0e835be1-99ac-3ccb-89da-9ef19e36944a,  -23.715420 ,  -51.832290 ,2024-07-17 17:30:00,Brasil,PARANÁ,BOM SUCESSO,Mata Atlântica
 1700129441 ,172e62ef-fadb-3256-9280-508ccbcb8c87,  -22.984430 ,  -50.395340 ,2024-07-17 17:30:00,Brasil,PARANÁ,ITAMBARACÁ,Mata Atlântica
 1700789038 ,e24077ab-cbdc-3bb9-93ec-70b6b37ced28,  -22.978640 ,  -50.389060 ,2024-07-19 17:13:00,Brasil,PARANÁ,ITAMBARACÁ,Mata Atlântica
 1700789039 ,20a79e02-faa6-3c9e-806a-5d107cea4cb5,  -22.978020 ,  -50.384430 ,2024-07-19 17:13:00,Brasil,PARANÁ,ITAMBARACÁ,Mata Atlântica
 1701054952 ,0002d17a-f4d5-3838-9e7e-cf440bdc797a,  -25.291470 ,  -52.351810 ,2024-07-20 17:54:00,Brasil,PARANÁ,LARANJEIRAS DO SUL,Mata Atlântica
 1701054953 ,ef82dfca-3e32-3590-8743-4d3fcbdf66ce,  -26.433630 ,  -51.962540 ,2024-07-20 17:54:00,Brasil,PARANÁ,PALMAS,Mata Atlântica
 1701054954 ,12cc3851-ba6e-33a8-ba2f-78fc7ea8802f,  -26.435040 ,  -51.972640 ,2024-07-20 17:54:00,Brasil,PARANÁ,PALMAS,Mata Atlântica
 1701054955 ,9d2ebbf0-544a-3069-bc69-b194f5855716,  -26.557650 ,  -51.928670 ,2024-07-20 17:54:00,Brasil,PARANÁ,PALMAS,Mata Atlântica
 1701054989 ,9e696699-f454-35aa-ae46-34bc50056c95,  -23.911070 ,  -50.464400 ,2024-07-20 17:54:00,Brasil,PARANÁ,FIGUEIRA,Mata Atlântica
 1701054995 ,5e166b08-f911-3381-ad5c-e373aea58b85,  -23.138180 ,  -50.116880 ,2024-07-20 17:54:00,Brasil,PARANÁ,BARRA DO JACARÉ,Mata Atlântica
 1701054996 ,b7442228-dfe6-34c2-b173-871c453c021f,  -23.139750 ,  -50.127050 ,2024-07-20 17:54:00,Brasil,PARANÁ,BARRA DO JACARÉ,Mata Atlântica
 1701055078 ,6805ceb6-f742-33d5-b905-6c0e0d0a5276,  -26.559050 ,  -51.938820 ,2024-07-20 17:54:00,Brasil,PARANÁ,PALMAS,Mata Atlântica
 1701056192 ,6877e876-1f59-3467-9b52-6e1aac8ef8af,  -23.049710 ,  -53.503000 ,2024-07-20 17:54:00,Brasil,PARANÁ,QUERÊNCIA DO NORTE,Mata Atlântica
 1701609755 ,71d4419a-38db-3f24-bb29-2daaff3d99c9,  -23.031580 ,  -52.526580 ,2024-07-22 17:37:00,Brasil,PARANÁ,PARANAVAÍ,Mata Atlântica
 1701610893 ,62e59746-9b4a-3b24-bd50-19be5ae02651,  -24.906910 ,  -49.204320 ,2024-07-22 17:37:00,Brasil,PARANÁ,CERRO AZUL,Mata Atlântica
 1701610894 ,0e2a3897-39f8-37a2-a9b7-c0a1df2c2d02,  -24.905530 ,  -49.193660 ,2024-07-22 17:37:00,Brasil,PARANÁ,CERRO AZUL,Mata Atlântica
 1701610898 ,082ac6ef-5404-374f-bbd1-ac8516d5a6c0,  -25.784070 ,  -49.384220 ,2024-07-22 17:37:00,Brasil,PARANÁ,ARAUCÁRIA,Mata Atlântica
 1701611003 ,8b705c4a-db35-33ed-a189-39b6c857ce88,  -23.385380 ,  -50.292260 ,2024-07-22 17:37:00,Brasil,PARANÁ,JUNDIAÍ DO SUL,Mata Atlântica
 1701611004 ,149c169a-5b2f-3ed2-9fb1-d0239126c2b6,  -23.383950 ,  -50.280860 ,2024-07-22 17:37:00,Brasil,PARANÁ,JUNDIAÍ DO SUL,Mata Atlântica
 1701611005 ,3828920e-d2ec-3943-9540-020857092331,  -23.381530 ,  -50.287690 ,2024-07-22 17:37:00,Brasil,PARANÁ,JUNDIAÍ DO SUL,Mata Atlântica
 1701611006 ,1353ec3d-9081-3601-b82f-1b3cd6d5e9ba,  -23.380050 ,  -50.276260 ,2024-07-22 17:37:00,Brasil,PARANÁ,JUNDIAÍ DO SUL,Mata Atlântica
 1701611007 ,df359409-32c0-3938-b356-faf3de7394f9,  -23.073580 ,  -50.259160 ,2024-07-22 17:37:00,Brasil,PARANÁ,ANDIRÁ,Mata Atlântica
 1701611118 ,523d43b7-8043-3b16-b9b2-e43af2f9ff68,  -23.666170 ,  -51.005770 ,2024-07-22 17:37:00,Brasil,PARANÁ,LONDRINA,Mata Atlântica
 1701611119 ,89a9dda5-c9c2-336d-bc46-62637ea4fb86,  -23.150330 ,  -51.876330 ,2024-07-22 17:37:00,Brasil,PARANÁ,ÂNGULO,Mata Atlântica
 1701611120 ,d5a0f236-ebe6-3ce9-928b-236bee9f6e38,  -23.148620 ,  -51.861820 ,2024-07-22 17:37:00,Brasil,PARANÁ,IGUARAÇU,Mata Atlântica
 1701611121 ,33b966dd-5f4e-3aed-9933-a9a84d05a115,  -24.084910 ,  -52.061070 ,2024-07-22 17:37:00,Brasil,PARANÁ,BARBOSA FERRAZ,Mata Atlântica
 1701956958 ,a841997d-b9d2-311b-bbe0-1324d399eba1,  -24.588490 ,  -50.167920 ,2024-07-23 18:17:00,Brasil,PARANÁ,TIBAGI,Cerrado
 1701956959 ,cbcd3111-5fe8-39c7-a538-38021aef65a8,  -24.583960 ,  -50.144960 ,2024-07-23 18:17:00,Brasil,PARANÁ,CASTRO,Cerrado
 1701957004 ,5658a92b-b107-3afa-898d-14856b960c4a,  -23.804230 ,  -51.464590 ,2024-07-23 18:17:00,Brasil,PARANÁ,RIO BOM,Mata Atlântica
 1701957017 ,2f60422a-374a-3825-aef0-9c49d2a49ab9,  -26.588160 ,  -51.836710 ,2024-07-23 18:17:00,Brasil,PARANÁ,PALMAS,Mata Atlântica
 1701957018 ,40e64da3-ef67-3f1b-97dd-4df57704fe1d,  -26.565960 ,  -51.777500 ,2024-07-23 18:17:00,Brasil,PARANÁ,PALMAS,Mata Atlântica
 1701957019 ,15debbb2-198a-3f18-a011-329b0d34d970,  -26.526690 ,  -51.688790 ,2024-07-23 18:17:00,Brasil,PARANÁ,PALMAS,Mata Atlântica
 1701957020 ,7090398b-73f3-3bdf-973c-50df3cc835f9,  -26.523220 ,  -51.680010 ,2024-07-23 18:17:00,Brasil,PARANÁ,PALMAS,Mata Atlântica
 1701957022 ,0c08fe82-3b7b-3f37-bbd5-f4dff0e7a8a5,  -26.326750 ,  -52.179970 ,2024-07-23 18:17:00,Brasil,PARANÁ,CORONEL DOMINGOS SOARES,Mata Atlântica
 1701957023 ,e0bb9c32-3ebd-35ea-8673-3e8bf7c678e6,  -26.324960 ,  -52.185940 ,2024-07-23 18:17:00,Brasil,PARANÁ,CLEVELÂNDIA,Mata Atlântica
 1701957024 ,ba4f77e0-fab3-3637-b205-8ba863765bbd,  -25.557480 ,  -52.503270 ,2024-07-23 18:17:00,Brasil,PARANÁ,RIO BONITO DO IGUAÇU,Mata Atlântica
 1701957075 ,26328512-1b54-37cb-9005-ad1ccb2b27f1,  -24.098020 ,  -53.284030 ,2024-07-23 18:17:00,Brasil,PARANÁ,MARILUZ,Mata Atlântica
 1701957076 ,97406592-2a7b-39be-9db1-d7f7c7e858cd,  -24.095710 ,  -53.270600 ,2024-07-23 18:17:00,Brasil,PARANÁ,MARILUZ,Mata Atlântica
 1701957077 ,085604fe-3166-3b5e-8a0c-f4d5e057721c,  -24.499660 ,  -53.183170 ,2024-07-23 18:17:00,Brasil,PARANÁ,NOVA AURORA,Mata Atlântica
 1702309312 ,44275445-3817-3ec4-8671-e13391ef0cc6,  -26.305540 ,  -52.423460 ,2024-07-24 17:20:00,Brasil,PARANÁ,CLEVELÂNDIA,Mata Atlântica
 1702309313 ,cdb6ec33-5a37-3734-b9b3-56c2ff24a681,  -26.298840 ,  -52.416660 ,2024-07-24 17:20:00,Brasil,PARANÁ,CLEVELÂNDIA,Mata Atlântica
 1702309314 ,70a1bf98-2d91-3b34-8730-5586a55665c2,  -25.938240 ,  -50.017270 ,2024-07-24 17:20:00,Brasil,PARANÁ,ANTÔNIO OLINTO,Mata Atlântica
 1702309315 ,f5eb7515-9d1d-3ea7-b5c4-1d4efd194c31,  -25.592320 ,  -51.089250 ,2024-07-24 17:20:00,Brasil,PARANÁ,INÁCIO MARTINS,Mata Atlântica
 1702309316 ,3874e538-11ef-31ba-94d3-fbfc6a6be3e3,  -25.590320 ,  -51.094580 ,2024-07-24 17:20:00,Brasil,PARANÁ,INÁCIO MARTINS,Mata Atlântica
 1702309317 ,66606167-61e4-3be1-8861-1da4aa9f320f,  -25.587660 ,  -51.066310 ,2024-07-24 17:20:00,Brasil,PARANÁ,INÁCIO MARTINS,Mata Atlântica
 1702309318 ,e13991b6-7b46-3c54-87a5-8b940edfcb53,  -25.004620 ,  -49.882630 ,2024-07-24 17:20:00,Brasil,PARANÁ,CASTRO,Mata Atlântica
 1702309319 ,80a74c3e-f53c-3f56-b2b9-34528b5434da,  -25.002680 ,  -49.875950 ,2024-07-24 17:20:00,Brasil,PARANÁ,CASTRO,Mata Atlântica
 1702309320 ,be088a49-de4d-35cf-b33b-88bd3bb7bf09,  -25.002410 ,  -49.860920 ,2024-07-24 17:20:00,Brasil,PARANÁ,CASTRO,Mata Atlântica
 1702309321 ,55a18cd4-c802-3c05-a129-60e16ec276cb,  -24.556080 ,  -50.191140 ,2024-07-24 17:20:00,Brasil,PARANÁ,TIBAGI,Cerrado
 1702309322 ,c6ecbe6b-61c3-3f5a-bffc-d155c4006a00,  -24.553710 ,  -50.167250 ,2024-07-24 17:20:00,Brasil,PARANÁ,CASTRO,Cerrado
 1702309323 ,53d7cc49-684a-3b89-a932-27f4322f04fa,  -23.772970 ,  -50.954150 ,2024-07-24 17:20:00,Brasil,PARANÁ,TAMARANA,Mata Atlântica
 1702309324 ,0b8d672e-8de2-390a-ad9e-fd043bc955ae,  -23.767920 ,  -50.959710 ,2024-07-24 17:20:00,Brasil,PARANÁ,TAMARANA,Mata Atlântica
 1703432050 ,4b27d1d4-83bb-32ef-b7c5-34f645a3f438,  -22.710950 ,  -52.643370 ,2024-07-28 18:24:00,Brasil,PARANÁ,TERRA RICA,Mata Atlântica
 1703432051 ,94d14138-13a0-33ba-a377-ad23b73f9525,  -22.707130 ,  -52.623290 ,2024-07-28 18:24:00,Brasil,PARANÁ,TERRA RICA,Mata Atlântica
 1703432052 ,f2ea1d80-9129-32ec-9e9e-307933392b2c,  -24.194040 ,  -52.774100 ,2024-07-28 18:24:00,Brasil,PARANÁ,BOA ESPERANÇA,Mata Atlântica
 1703432053 ,6c4e5f6b-c486-3483-87ab-94b07dbf1b5a,  -24.190750 ,  -52.780030 ,2024-07-28 18:24:00,Brasil,PARANÁ,BOA ESPERANÇA,Mata Atlântica
 1703432054 ,0a33648c-f09a-3180-88bf-55377f691e3c,  -24.187390 ,  -52.761730 ,2024-07-28 18:24:00,Brasil,PARANÁ,JANIÓPOLIS,Mata Atlântica
 1703432055 ,b572d26d-f09d-31df-af01-c51513189553,  -24.182050 ,  -52.776660 ,2024-07-28 18:24:00,Brasil,PARANÁ,JANIÓPOLIS,Mata Atlântica
 1703884650 ,52d9e9e2-0a4f-3708-9000-708164e409fb,  -22.987530 ,  -50.829940 ,2024-07-30 18:06:00,Brasil,PARANÁ,SERTANEJA,Mata Atlântica
 1704371178 ,6e4b7754-0c3c-3dbc-860a-a33868e62186,  -23.195970 ,  -49.995250 ,2024-08-01 17:49:00,Brasil,PARANÁ,JACAREZINHO,Mata Atlântica
 1704371179 ,9386269c-200d-3818-acfd-8ff049a664ac,  -23.194620 ,  -49.985530 ,2024-08-01 17:49:00,Brasil,PARANÁ,JACAREZINHO,Mata Atlântica
 1704371180 ,e457d220-8f1a-364f-9d8b-a784a63dc655,  -23.036920 ,  -49.916480 ,2024-08-01 17:49:00,Brasil,PARANÁ,JACAREZINHO,Mata Atlântica
 1704371181 ,3387d0b7-1a1f-3c15-b4f7-a4a407062a07,  -23.571410 ,  -50.043170 ,2024-08-01 17:49:00,Brasil,PARANÁ,TOMAZINA,Mata Atlântica
 1704371182 ,af0a9f5b-d88c-3a93-9f73-90577924d5b2,  -23.254020 ,  -50.007660 ,2024-08-01 17:49:00,Brasil,PARANÁ,SANTO ANTÔNIO DA PLATINA,Mata Atlântica
 1704371184 ,dc089343-8953-3345-b323-b6a7d010bfd3,  -24.611990 ,  -50.328160 ,2024-08-01 17:49:00,Brasil,PARANÁ,TIBAGI,Cerrado
 1704371185 ,379760f9-4ba0-3df1-a72d-eb4e6457fb28,  -24.916100 ,  -50.347230 ,2024-08-01 17:49:00,Brasil,PARANÁ,PONTA GROSSA,Mata Atlântica
 1704371186 ,687aa3e0-090c-3ae4-b163-16d7826cefdb,  -24.610730 ,  -50.318410 ,2024-08-01 17:49:00,Brasil,PARANÁ,TIBAGI,Cerrado
 1704371187 ,271b9723-d071-316f-9ab7-c50a3e79c18c,  -25.032280 ,  -50.103590 ,2024-08-01 17:49:00,Brasil,PARANÁ,PONTA GROSSA,Mata Atlântica
 1704371359 ,d955621e-8630-326c-b55e-352bbb92e0f6,  -23.092040 ,  -50.510230 ,2024-08-01 17:49:00,Brasil,PARANÁ,SANTA MARIANA,Mata Atlântica
 1704371360 ,7cbf108e-4e10-3010-93d0-a47e663afcd8,  -23.264750 ,  -51.949740 ,2024-08-01 17:49:00,Brasil,PARANÁ,MARINGÁ,Mata Atlântica
 1704371361 ,3ea1efba-8db9-3f1a-a6cf-81f055749885,  -24.593990 ,  -51.422700 ,2024-08-01 17:49:00,Brasil,PARANÁ,CÂNDIDO DE ABREU,Mata Atlântica
 1704371362 ,33476c34-a2dd-3edf-b154-7cf88eb51731,  -24.632810 ,  -51.664670 ,2024-08-01 17:49:00,Brasil,PARANÁ,PITANGA,Mata Atlântica
 1704371363 ,9d613c2b-9b18-3fce-9e1f-9d8d56b6d259,  -24.506520 ,  -52.121410 ,2024-08-01 17:49:00,Brasil,PARANÁ,RONCADOR,Mata Atlântica
 1704371364 ,604f553f-2a62-3bd1-95c0-b7ab8669a108,  -24.244100 ,  -52.129620 ,2024-08-01 17:49:00,Brasil,PARANÁ,IRETAMA,Mata Atlântica
 1704371365 ,5fcf4a01-ea1b-330b-94f3-a0b6356592c9,  -26.497690 ,  -52.053360 ,2024-08-01 17:49:00,Brasil,PARANÁ,PALMAS,Mata Atlântica
 1704371366 ,c31e75b2-f354-3fc4-8407-1fc0025d4ffd,  -26.298980 ,  -52.650860 ,2024-08-01 17:49:00,Brasil,PARANÁ,PATO BRANCO,Mata Atlântica
 1704371367 ,307e8d29-9309-3edd-931c-623a9967aa44,  -26.297820 ,  -52.639130 ,2024-08-01 17:49:00,Brasil,PARANÁ,PATO BRANCO,Mata Atlântica
 1704371369 ,2f93e05d-f2b9-398a-ad11-9c975e701ca3,  -26.494140 ,  -52.050990 ,2024-08-01 17:49:00,Brasil,PARANÁ,PALMAS,Mata Atlântica
 1704371433 ,19f633e2-380a-3770-b6b4-60c9a77a201c,  -23.297140 ,  -52.130860 ,2024-08-01 17:49:00,Brasil,PARANÁ,PRESIDENTE CASTELO BRANCO,Mata Atlântica
 1704723761 ,cdedb698-b38d-308d-85ec-ad395790ef33,  -26.509770 ,  -51.725360 ,2024-08-02 18:28:00,Brasil,PARANÁ,PALMAS,Mata Atlântica
 1704723762 ,146a1c24-9411-3e54-bc45-3b05af7bf1f9,  -26.504500 ,  -51.699940 ,2024-08-02 18:28:00,Brasil,PARANÁ,PALMAS,Mata Atlântica
 1704723782 ,66e21c4d-eb26-3fe6-bec1-93eed6b58082,  -23.236700 ,  -53.193450 ,2024-08-02 18:30:00,Brasil,PARANÁ,TAPIRA,Mata Atlântica
 1704723783 ,abd8cbcb-7fce-308e-8624-5a2cb14e1532,  -23.022760 ,  -53.384730 ,2024-08-02 18:30:00,Brasil,PARANÁ,SANTA CRUZ DE MONTE CASTELO,Mata Atlântica
 1704723784 ,e4f54c4f-5126-3a12-af16-d64b91a8eeae,  -23.018320 ,  -53.362160 ,2024-08-02 18:30:00,Brasil,PARANÁ,SANTA CRUZ DE MONTE CASTELO,Mata Atlântica
 1704723785 ,a2c93f08-1cc7-3a2b-a7e8-5bd7cf096fe8,  -23.014820 ,  -53.391850 ,2024-08-02 18:30:00,Brasil,PARANÁ,SANTA CRUZ DE MONTE CASTELO,Mata Atlântica
 1704723786 ,75fb9ab4-2f0d-384e-8466-82955934b36f,  -23.010470 ,  -53.368980 ,2024-08-02 18:30:00,Brasil,PARANÁ,SANTA CRUZ DE MONTE CASTELO,Mata Atlântica
 1704723787 ,dd394f92-4cb5-31cd-ace7-7d90f14e7659,  -22.836070 ,  -52.947860 ,2024-08-02 18:30:00,Brasil,PARANÁ,NOVA LONDRINA,Mata Atlântica
 1704723788 ,1494f950-2848-3455-900f-fc99fda2ce12,  -22.778530 ,  -53.087730 ,2024-08-02 18:30:00,Brasil,PARANÁ,MARILENA,Mata Atlântica
 1704723789 ,4317682f-7371-305b-a60b-40b812a1ddee,  -22.772800 ,  -53.094100 ,2024-08-02 18:30:00,Brasil,PARANÁ,MARILENA,Mata Atlântica
 1704723790 ,ca2f8577-e134-370d-a48f-f11af6c45701,  -22.768250 ,  -53.070380 ,2024-08-02 18:30:00,Brasil,PARANÁ,MARILENA,Mata Atlântica
 1704723791 ,8cea00bd-7067-318f-8c44-42945e185a8b,  -22.765010 ,  -53.090660 ,2024-08-02 18:30:00,Brasil,PARANÁ,MARILENA,Mata Atlântica
 1705078539 ,32b21ae2-c410-38fe-a93d-6e39e4be58b5,  -25.212300 ,  -49.176450 ,2024-08-03 17:32:00,Brasil,PARANÁ,BOCAIÚVA DO SUL,Mata Atlântica
 1705078540 ,efe2807a-8471-302d-916d-6ad080cf2311,  -25.164740 ,  -48.965510 ,2024-08-03 17:32:00,Brasil,PARANÁ,BOCAIÚVA DO SUL,Mata Atlântica
 1705078640 ,2f914e59-c51d-35d8-a21f-470ac18637f3,  -26.500700 ,  -51.629670 ,2024-08-03 17:32:00,Brasil,PARANÁ,PALMAS,Mata Atlântica
 1705078641 ,1823c648-8a52-3d1a-aaf8-0d66508a9f4b,  -26.419130 ,  -51.963200 ,2024-08-03 17:32:00,Brasil,PARANÁ,PALMAS,Mata Atlântica
 1705078643 ,086cbc73-cbf9-3717-98f5-aae26679c924,  -25.871870 ,  -52.344250 ,2024-08-03 17:32:00,Brasil,PARANÁ,CHOPINZINHO,Mata Atlântica
 1705078644 ,e93bc717-1ad1-31ac-b044-97e1fa233333,  -25.170890 ,  -51.832650 ,2024-08-03 17:32:00,Brasil,PARANÁ,CAMPINA DO SIMÃO,Mata Atlântica
 1705078645 ,7a47cc8b-9461-3da1-ac21-7a2cca883916,  -25.158800 ,  -51.833480 ,2024-08-03 17:32:00,Brasil,PARANÁ,CAMPINA DO SIMÃO,Mata Atlântica
 1705078646 ,e7b5c772-b888-3caa-9e2f-b57c7aab11a3,  -24.871110 ,  -50.961610 ,2024-08-03 17:32:00,Brasil,PARANÁ,IVAÍ,Mata Atlântica
 1705078647 ,1b6702ef-a6a7-3b21-b62c-280ce0b568cd,  -24.812930 ,  -51.556650 ,2024-08-03 17:32:00,Brasil,PARANÁ,BOA VENTURA DE SÃO ROQUE,Mata Atlântica
 1705078653 ,1c7dda55-8aa6-3b8d-a407-be0f41b98dcb,  -23.785830 ,  -50.942950 ,2024-08-03 17:34:00,Brasil,PARANÁ,TAMARANA,Mata Atlântica
 1705078654 ,05d0ad14-8ed7-335e-823e-ba430bd47d60,  -23.784120 ,  -50.927950 ,2024-08-03 17:34:00,Brasil,PARANÁ,TAMARANA,Mata Atlântica
 1705078655 ,081a40b7-4c6b-3cb3-b547-6bb225eebfe0,  -23.710300 ,  -50.611340 ,2024-08-03 17:34:00,Brasil,PARANÁ,SÃO JERÔNIMO DA SERRA,Mata Atlântica
 1705078656 ,f5ed39be-86ec-370a-9dde-8d73fd195c5e,  -23.122270 ,  -49.798530 ,2024-08-03 17:34:00,Brasil,PARANÁ,RIBEIRÃO CLARO,Mata Atlântica
 1705726509 ,ad53fe69-e22e-3561-9d9b-c55a6b0f2ad7,  -24.689500 ,  -48.677710 ,2024-08-05 17:15:00,Brasil,PARANÁ,ADRIANÓPOLIS,Mata Atlântica
 1705726510 ,e4e4b0e0-df9b-3b5a-a54c-9e40a57ecdf3,  -24.613740 ,  -51.275380 ,2024-08-05 17:15:00,Brasil,PARANÁ,CÂNDIDO DE ABREU,Mata Atlântica
 1705726511 ,fa845a6e-f22b-3b3f-8c4f-3aeb47484a4c,  -24.606380 ,  -49.326800 ,2024-08-05 17:15:00,Brasil,PARANÁ,DOUTOR ULYSSES,Mata Atlântica
 1705726512 ,fd99ff6d-b986-3219-881f-77f9eba5dc61,  -24.599900 ,  -49.332240 ,2024-08-05 17:15:00,Brasil,PARANÁ,DOUTOR ULYSSES,Mata Atlântica
 1705726513 ,8e46f85b-78b7-387f-be2a-f32a668ca271,  -24.500940 ,  -51.023240 ,2024-08-05 17:15:00,Brasil,PARANÁ,RESERVA,Mata Atlântica
 1705726514 ,bf07d1ff-caa0-3005-bedf-b60748178da6,  -24.497990 ,  -50.990060 ,2024-08-05 17:15:00,Brasil,PARANÁ,RESERVA,Mata Atlântica
 1705726515 ,45450017-a2eb-30e3-acdd-f24a0c38e110,  -24.497370 ,  -51.016060 ,2024-08-05 17:15:00,Brasil,PARANÁ,RESERVA,Mata Atlântica
 1705726519 ,798ff70d-8b4d-3bf7-9ce8-a18dbd97fb83,  -23.604890 ,  -50.917380 ,2024-08-05 17:17:00,Brasil,PARANÁ,SÃO JERÔNIMO DA SERRA,Mata Atlântica
 1705726520 ,cbfe63f2-30c8-3a04-bfea-e53619635ff2,  -23.603080 ,  -50.909800 ,2024-08-05 17:17:00,Brasil,PARANÁ,SÃO JERÔNIMO DA SERRA,Mata Atlântica
 1705726521 ,02925f44-1aed-3302-a926-d8e2bfc81f95,  -23.154250 ,  -49.794360 ,2024-08-05 17:17:00,Brasil,PARANÁ,RIBEIRÃO CLARO,Mata Atlântica
 1706127561 ,c7f330d5-5479-381b-931b-5924b4f9da9d,  -26.470560 ,  -51.675700 ,2024-08-06 17:54:00,Brasil,PARANÁ,PALMAS,Mata Atlântica
 1706127640 ,c8a63df3-1bc1-3bc8-b68f-2cfa6f68d2f6,  -24.705930 ,  -48.643410 ,2024-08-06 17:56:00,Brasil,PARANÁ,ADRIANÓPOLIS,Mata Atlântica
 1706127642 ,e34c1291-9787-3e35-b94b-7f611e6fe1f3,  -26.037010 ,  -49.241680 ,2024-08-06 17:54:00,Brasil,PARANÁ,AGUDOS DO SUL,Mata Atlântica
 1706127644 ,0bb48495-5864-3aab-ae4c-18ecefd2b629,  -25.892220 ,  -49.372250 ,2024-08-06 17:56:00,Brasil,PARANÁ,MANDIRITUBA,Mata Atlântica
 1706127645 ,38002e57-7de5-33c8-8876-c985d2080054,  -25.882560 ,  -49.251640 ,2024-08-06 17:54:00,Brasil,PARANÁ,MANDIRITUBA,Mata Atlântica
 1706127646 ,e395a551-d2a7-319b-b757-f195cf9ba887,  -25.844230 ,  -49.370740 ,2024-08-06 17:56:00,Brasil,PARANÁ,MANDIRITUBA,Mata Atlântica
 1706127647 ,4621a4bc-a9d1-3e5b-a6e7-bc58e9950556,  -25.201850 ,  -49.285190 ,2024-08-06 17:56:00,Brasil,PARANÁ,RIO BRANCO DO SUL,Mata Atlântica
 1706127648 ,16c35ae7-014a-35c8-a5d2-b3cb69f1edc1,  -25.164070 ,  -49.320700 ,2024-08-06 17:56:00,Brasil,PARANÁ,RIO BRANCO DO SUL,Mata Atlântica
 1706127689 ,653f2228-350d-30b3-9f3e-a512f465d791,  -25.290670 ,  -49.600450 ,2024-08-06 17:56:00,Brasil,PARANÁ,CAMPO LARGO,Mata Atlântica
 1706127690 ,a10c0328-a531-3a31-a86c-3c5c7de7b268,  -25.172890 ,  -50.087590 ,2024-08-06 17:56:00,Brasil,PARANÁ,PONTA GROSSA,Mata Atlântica
 1706127691 ,97c1c046-fe63-3a44-b515-a7241da643ce,  -25.171300 ,  -50.077350 ,2024-08-06 17:56:00,Brasil,PARANÁ,PONTA GROSSA,Mata Atlântica
 1706127692 ,59aec2c9-7f3b-3c04-9ec8-de9e8b79c83e,  -25.169700 ,  -50.067120 ,2024-08-06 17:56:00,Brasil,PARANÁ,PONTA GROSSA,Mata Atlântica
 1706127693 ,b0629089-dd6c-3bc4-a9a0-e3df59684a13,  -25.162210 ,  -50.079120 ,2024-08-06 17:56:00,Brasil,PARANÁ,PONTA GROSSA,Mata Atlântica
 1706127694 ,57eb27af-710c-3ae8-b872-6cc95b646d6d,  -25.160620 ,  -50.068890 ,2024-08-06 17:56:00,Brasil,PARANÁ,PONTA GROSSA,Mata Atlântica
 1706127695 ,aef4e76f-462d-3409-9901-fc7461e78d3d,  -25.073040 ,  -49.333640 ,2024-08-06 17:56:00,Brasil,PARANÁ,RIO BRANCO DO SUL,Mata Atlântica
 1706127696 ,064a5ece-f8fb-31d5-be0f-169b8fb1903f,  -25.071270 ,  -49.322510 ,2024-08-06 17:56:00,Brasil,PARANÁ,RIO BRANCO DO SUL,Mata Atlântica
 1706127697 ,4294d89f-0ec3-3c1b-a133-0e2fdd08967e,  -25.031910 ,  -49.591900 ,2024-08-06 17:56:00,Brasil,PARANÁ,CAMPO LARGO,Mata Atlântica
 1706127698 ,1f21337b-d345-399b-bbe1-5140f12e768f,  -25.026980 ,  -50.100290 ,2024-08-06 17:56:00,Brasil,PARANÁ,PONTA GROSSA,Mata Atlântica
 1706127699 ,91b5652f-cc2f-340b-b86a-daf431851a43,  -24.989590 ,  -49.976080 ,2024-08-06 17:56:00,Brasil,PARANÁ,CARAMBEÍ,Mata Atlântica
 1706127700 ,ae53b799-6836-33fd-98c6-b66a9c63d247,  -24.987980 ,  -49.965760 ,2024-08-06 17:56:00,Brasil,PARANÁ,CARAMBEÍ,Mata Atlântica
 1706127701 ,5f36f227-fdb2-303b-a24d-6d564f9571dc,  -24.925970 ,  -49.751380 ,2024-08-06 17:56:00,Brasil,PARANÁ,CASTRO,Mata Atlântica
 1706127702 ,704ac3bc-6cc9-3183-97ce-eeb3e5ad3cb5,  -24.893670 ,  -49.548340 ,2024-08-06 17:56:00,Brasil,PARANÁ,CASTRO,Mata Atlântica
 1706127703 ,d7032ee5-89b1-38b7-a847-c78abd5351d4,  -24.500310 ,  -50.036620 ,2024-08-06 17:56:00,Brasil,PARANÁ,PIRAÍ DO SUL,Mata Atlântica
 1706127706 ,8009e955-4bcd-3139-83ab-0b86181cc55a,  -25.436080 ,  -50.781690 ,2024-08-06 17:56:00,Brasil,PARANÁ,IRATI,Mata Atlântica
 1706127707 ,bea5867d-6a69-3981-b9aa-cb242e9be650,  -25.202830 ,  -50.822720 ,2024-08-06 17:56:00,Brasil,PARANÁ,GUAMIRANGA,Mata Atlântica
 1706127708 ,b49aab7d-7abf-36bf-9a22-3e84c9dcc77d,  -25.201330 ,  -50.812740 ,2024-08-06 17:56:00,Brasil,PARANÁ,GUAMIRANGA,Mata Atlântica
 1706127717 ,cfb89fc9-f67d-326c-8ada-23fe9dd0a881,  -26.016990 ,  -50.048750 ,2024-08-06 17:54:00,Brasil,PARANÁ,ANTÔNIO OLINTO,Mata Atlântica
 1706127718 ,d25d648f-2e08-3693-b3c6-4715dcbb99d5,  -25.991900 ,  -50.127260 ,2024-08-06 17:56:00,Brasil,PARANÁ,ANTÔNIO OLINTO,Mata Atlântica
 1706127719 ,31d3bcad-f024-346d-b4bf-37bc7ec43da1,  -25.881430 ,  -50.134110 ,2024-08-06 17:56:00,Brasil,PARANÁ,LAPA,Mata Atlântica
 1706127720 ,d4668a0a-66c6-3bfc-8848-19ff859e600f,  -25.805110 ,  -49.932960 ,2024-08-06 17:56:00,Brasil,PARANÁ,LAPA,Mata Atlântica
 1706127721 ,c527f400-c393-3be5-9303-3cf23b205d60,  -25.803500 ,  -49.922590 ,2024-08-06 17:56:00,Brasil,PARANÁ,LAPA,Mata Atlântica
 1706127722 ,351d63c5-5022-3766-9528-7edf3d533e48,  -25.552190 ,  -49.618000 ,2024-08-06 17:56:00,Brasil,PARANÁ,BALSA NOVA,Mata Atlântica
 1706127723 ,b1054312-208f-36fe-b246-d4d51d721b44,  -25.473190 ,  -50.294710 ,2024-08-06 17:56:00,Brasil,PARANÁ,PALMEIRA,Mata Atlântica
 1706127724 ,6deaf7e4-27f5-3398-89c5-9ca6cab16a86,  -25.415040 ,  -50.159440 ,2024-08-06 17:56:00,Brasil,PARANÁ,PALMEIRA,Mata Atlântica
 1706127725 ,238fe325-2861-398d-85ce-744a373bf45e,  -25.376600 ,  -49.795280 ,2024-08-06 17:56:00,Brasil,PARANÁ,PALMEIRA,Mata Atlântica
 1706127726 ,7d806b1c-cdea-384f-acd7-0a1c4d7ff4cb,  -25.374950 ,  -49.784870 ,2024-08-06 17:56:00,Brasil,PARANÁ,PALMEIRA,Mata Atlântica
 1706127775 ,35efbeb6-0769-354e-9d0f-3ebd59f3176d,  -23.835220 ,  -50.993890 ,2024-08-06 17:56:00,Brasil,PARANÁ,TAMARANA,Mata Atlântica
 1706127776 ,7af8e0f3-10ba-3abb-8f5c-d2638b9ec653,  -23.749920 ,  -50.913670 ,2024-08-06 17:56:00,Brasil,PARANÁ,TAMARANA,Mata Atlântica
 1706127777 ,b7c75e5a-2f55-3b35-b950-505ac6f2a760,  -23.644050 ,  -51.071190 ,2024-08-06 17:56:00,Brasil,PARANÁ,LONDRINA,Mata Atlântica
 1706127778 ,3a3488bd-ec23-3577-a784-0642e27ad53b,  -23.629020 ,  -50.911520 ,2024-08-06 17:56:00,Brasil,PARANÁ,SÃO JERÔNIMO DA SERRA,Mata Atlântica
 1706127779 ,d2e84283-bff8-3d1a-a6d5-06287e17dfcd,  -23.468480 ,  -51.620440 ,2024-08-06 17:56:00,Brasil,PARANÁ,MANDAGUARI,Mata Atlântica
 1706127780 ,3a40397c-9623-3cd7-a73c-9ff4c3c71a88,  -25.326670 ,  -50.976620 ,2024-08-06 17:56:00,Brasil,PARANÁ,PRUDENTÓPOLIS,Mata Atlântica
 1706127781 ,c0dda303-e5d9-3305-8bea-fff85a1a6de9,  -25.216150 ,  -50.911510 ,2024-08-06 17:56:00,Brasil,PARANÁ,PRUDENTÓPOLIS,Mata Atlântica
 1706127782 ,409e9e2f-8977-35c0-8e0c-ecf228365a58,  -25.208070 ,  -51.990740 ,2024-08-06 17:56:00,Brasil,PARANÁ,GOIOXIM,Mata Atlântica
 1706127783 ,444b84e3-8859-3eed-aef1-d212f65925a9,  -25.165860 ,  -51.320770 ,2024-08-06 17:56:00,Brasil,PARANÁ,GUARAPUAVA,Mata Atlântica
 1706127784 ,a9b39a96-2b77-32a9-baff-52ad8797cf39,  -25.130690 ,  -51.206360 ,2024-08-06 17:56:00,Brasil,PARANÁ,PRUDENTÓPOLIS,Mata Atlântica
 1706127785 ,bfc4d0a8-5a8d-30ad-b896-c30a05da0320,  -25.129240 ,  -51.196610 ,2024-08-06 17:56:00,Brasil,PARANÁ,PRUDENTÓPOLIS,Mata Atlântica
 1706127786 ,ca5d1be4-030e-36b0-a78c-1ed657b30a98,  -25.080990 ,  -51.180660 ,2024-08-06 17:56:00,Brasil,PARANÁ,PRUDENTÓPOLIS,Mata Atlântica
 1706127787 ,c9705cde-adf4-3118-8620-2c5a10973c11,  -25.078600 ,  -52.180840 ,2024-08-06 17:56:00,Brasil,PARANÁ,MARQUINHO,Mata Atlântica
 1706127788 ,f488e2ca-9031-3ec6-bd14-79c0db558d5f,  -25.072120 ,  -52.329120 ,2024-08-06 17:56:00,Brasil,PARANÁ,MARQUINHO,Mata Atlântica
 1706127789 ,fe70c4ab-bcae-3a0b-8795-37271cd0d7be,  -25.047430 ,  -50.894030 ,2024-08-06 17:56:00,Brasil,PARANÁ,IVAÍ,Mata Atlântica
 1706127790 ,4ac2bfe7-c20e-34c6-b93d-57c93759707a,  -25.032270 ,  -51.099000 ,2024-08-06 17:56:00,Brasil,PARANÁ,PRUDENTÓPOLIS,Mata Atlântica
 1706127791 ,9137d1c4-75f4-3ce2-b176-0ca7db54037d,  -25.030800 ,  -51.089140 ,2024-08-06 17:56:00,Brasil,PARANÁ,PRUDENTÓPOLIS,Mata Atlântica
 1706127792 ,cfcec14e-8c71-37c2-bc94-ebb1e8562840,  -25.014320 ,  -51.162640 ,2024-08-06 17:56:00,Brasil,PARANÁ,PRUDENTÓPOLIS,Mata Atlântica
 1706127793 ,9384c59a-e62f-3a2d-aa31-34a4001ad826,  -25.008330 ,  -51.183800 ,2024-08-06 17:56:00,Brasil,PARANÁ,PRUDENTÓPOLIS,Mata Atlântica
 1706127794 ,255521f0-93ad-3260-a45b-4e481f0ee836,  -24.999650 ,  -51.064460 ,2024-08-06 17:56:00,Brasil,PARANÁ,PRUDENTÓPOLIS,Mata Atlântica
 1706127795 ,7787e7b6-f174-326c-8878-c7c7d393e31b,  -24.998170 ,  -51.054610 ,2024-08-06 17:56:00,Brasil,PARANÁ,PRUDENTÓPOLIS,Mata Atlântica
 1706127796 ,201aebc9-2033-38f3-b515-3ba7b46b2f4f,  -24.975470 ,  -51.527620 ,2024-08-06 17:56:00,Brasil,PARANÁ,TURVO,Mata Atlântica
 1706127797 ,1c0992a6-43bc-3367-b4ec-6268bbb4dc24,  -24.959350 ,  -51.048210 ,2024-08-06 17:56:00,Brasil,PARANÁ,PRUDENTÓPOLIS,Mata Atlântica
 1706127798 ,41ab378d-b635-31ed-8fe4-4b46b6dc291b,  -24.957880 ,  -51.038360 ,2024-08-06 17:56:00,Brasil,PARANÁ,PRUDENTÓPOLIS,Mata Atlântica
 1706127799 ,82f349b1-766d-358d-af34-64343765fc92,  -24.956300 ,  -51.089130 ,2024-08-06 17:56:00,Brasil,PARANÁ,PRUDENTÓPOLIS,Mata Atlântica
 1706127800 ,dea79707-d380-31a7-822a-b6c5672fc2b3,  -24.953370 ,  -51.069500 ,2024-08-06 17:56:00,Brasil,PARANÁ,PRUDENTÓPOLIS,Mata Atlântica
 1706127801 ,7393cbc1-3564-3b0b-a7ed-61f698e6e67b,  -24.952080 ,  -50.938390 ,2024-08-06 17:56:00,Brasil,PARANÁ,IVAÍ,Mata Atlântica
 1706127802 ,833ce93f-7ab8-3f6b-b3d8-cf6ee0e54da9,  -24.951900 ,  -51.059650 ,2024-08-06 17:56:00,Brasil,PARANÁ,CÂNDIDO DE ABREU,Mata Atlântica
 1706127803 ,7ad2b60c-ebd8-3976-94f5-81ef0a579d3a,  -24.920850 ,  -50.913700 ,2024-08-06 17:56:00,Brasil,PARANÁ,IVAÍ,Mata Atlântica
 1706127804 ,faa73c96-baf6-3b1d-8423-864bd2f690d4,  -24.919360 ,  -50.903790 ,2024-08-06 17:56:00,Brasil,PARANÁ,IVAÍ,Mata Atlântica
 1706127805 ,ade1f33d-b6b5-381c-ac97-0867cbc33fa6,  -24.914800 ,  -51.303520 ,2024-08-06 17:56:00,Brasil,PARANÁ,PRUDENTÓPOLIS,Mata Atlântica
 1706127806 ,8464b99f-c701-367c-9eb0-b34f1246792e,  -24.913360 ,  -51.293750 ,2024-08-06 17:56:00,Brasil,PARANÁ,PRUDENTÓPOLIS,Mata Atlântica
 1706127807 ,f023efc9-d44c-3261-bfa0-f829621cbc1c,  -24.875080 ,  -51.220380 ,2024-08-06 17:56:00,Brasil,PARANÁ,PRUDENTÓPOLIS,Mata Atlântica
 1706127808 ,dd06b6dd-c0bb-30e6-9879-bdde472a7b64,  -24.854360 ,  -51.204010 ,2024-08-06 17:56:00,Brasil,PARANÁ,PRUDENTÓPOLIS,Mata Atlântica
 1706127809 ,ea798738-e3bd-337f-a490-0b3fc8018cb6,  -24.852900 ,  -51.194200 ,2024-08-06 17:56:00,Brasil,PARANÁ,PRUDENTÓPOLIS,Mata Atlântica
 1706127810 ,f9c921f4-2498-3c15-97bd-1daab2d36e2f,  -24.835220 ,  -51.136970 ,2024-08-06 17:56:00,Brasil,PARANÁ,CÂNDIDO DE ABREU,Mata Atlântica
 1706127811 ,a687e68a-a656-375d-96e7-853ed3d3ac3c,  -24.741520 ,  -52.143380 ,2024-08-06 17:56:00,Brasil,PARANÁ,MATO RICO,Mata Atlântica
 1706127812 ,697993f2-b762-3503-9ba9-bc76ead04262,  -24.638640 ,  -51.937080 ,2024-08-06 17:56:00,Brasil,PARANÁ,PITANGA,Mata Atlântica
 1706127813 ,58e3136c-fca6-30aa-855d-97962c2c6ae5,  -24.411130 ,  -51.889520 ,2024-08-06 17:56:00,Brasil,PARANÁ,NOVA TEBAS,Mata Atlântica
 1706127814 ,cc7b22a0-23d5-3fe8-ad76-b7e038d73011,  -24.041070 ,  -51.135920 ,2024-08-06 17:56:00,Brasil,PARANÁ,FAXINAL,Mata Atlântica
 1706127815 ,87e5a61d-9237-3753-abe1-f10cc19344d1,  -23.969470 ,  -51.898540 ,2024-08-06 17:56:00,Brasil,PARANÁ,SÃO JOÃO DO IVAÍ,Mata Atlântica
 1706127816 ,875e7e1f-d9c7-3c32-b73e-5e0abf5fff32,  -23.858460 ,  -51.765060 ,2024-08-06 17:56:00,Brasil,PARANÁ,SÃO PEDRO DO IVAÍ,Mata Atlântica
 1706127817 ,5552bc38-89aa-30e5-aa97-76e48d52d1ad,  -26.471970 ,  -51.685610 ,2024-08-06 17:54:00,Brasil,PARANÁ,PALMAS,Mata Atlântica
 1706127818 ,fdbba372-3c73-3db3-9be9-0c4f40624f0f,  -26.378470 ,  -52.133190 ,2024-08-06 17:54:00,Brasil,PARANÁ,PALMAS,Mata Atlântica
 1706127819 ,03b6641a-f92b-3d8b-b7b4-1be831cbc28a,  -26.320200 ,  -52.108020 ,2024-08-06 17:54:00,Brasil,PARANÁ,PALMAS,Mata Atlântica
 1706127820 ,63d89674-12ea-349a-b69c-34217be25668,  -26.318790 ,  -52.098000 ,2024-08-06 17:54:00,Brasil,PARANÁ,PALMAS,Mata Atlântica
 1706127821 ,a46f9498-3aa1-3b52-b2d3-157b64626e25,  -26.263140 ,  -52.361640 ,2024-08-06 17:56:00,Brasil,PARANÁ,HONÓRIO SERPA,Mata Atlântica
 1706127822 ,f0b1f079-9bd2-37b7-9025-600b79fd70ef,  -26.254140 ,  -52.363140 ,2024-08-06 17:56:00,Brasil,PARANÁ,HONÓRIO SERPA,Mata Atlântica
 1706127823 ,dc56e074-adb4-324b-91c0-adb968d37c69,  -26.252730 ,  -52.352990 ,2024-08-06 17:56:00,Brasil,PARANÁ,HONÓRIO SERPA,Mata Atlântica
 1706127824 ,6a42486a-a8c3-36e0-a255-d9462e1c1d31,  -26.205870 ,  -51.889680 ,2024-08-06 17:56:00,Brasil,PARANÁ,CORONEL DOMINGOS SOARES,Mata Atlântica
 1706127825 ,aaa3b053-c9cf-3889-9c20-a55c220754ea,  -26.113640 ,  -51.500980 ,2024-08-06 17:56:00,Brasil,PARANÁ,BITURUNA,Mata Atlântica
 1706127826 ,5bd19d2f-e5e3-3d96-bd26-bf9f8d3622fe,  -26.112710 ,  -51.942400 ,2024-08-06 17:56:00,Brasil,PARANÁ,CORONEL DOMINGOS SOARES,Mata Atlântica
 1706127827 ,c7ecf2f5-6cdd-385a-b566-d37eb5cd0e6c,  -26.111300 ,  -51.932480 ,2024-08-06 17:56:00,Brasil,PARANÁ,CORONEL DOMINGOS SOARES,Mata Atlântica
 1706127828 ,fd9dd805-0564-3f5f-a9ce-57aed9d20a7b,  -26.063680 ,  -52.113980 ,2024-08-06 17:56:00,Brasil,PARANÁ,MANGUEIRINHA,Mata Atlântica
 1706127829 ,62f5608a-8948-39e2-9377-ccc54d274025,  -25.981980 ,  -52.386490 ,2024-08-06 17:56:00,Brasil,PARANÁ,CORONEL VIVIDA,Mata Atlântica
 1706127830 ,31e7b9ec-3272-31a6-842b-7976da43ecc9,  -25.915550 ,  -52.507850 ,2024-08-06 17:56:00,Brasil,PARANÁ,CHOPINZINHO,Mata Atlântica
 1706127831 ,f964642b-de6e-31a2-8244-7c51f937d799,  -25.719310 ,  -52.086810 ,2024-08-06 17:56:00,Brasil,PARANÁ,FOZ DO JORDÃO,Mata Atlântica
 1706127832 ,d3dfe3d0-4da5-3a78-bfd2-37f25ef4ba84,  -25.710380 ,  -52.088360 ,2024-08-06 17:56:00,Brasil,PARANÁ,FOZ DO JORDÃO,Mata Atlântica
 1706127833 ,d3ec7655-72df-38e7-83b4-71a5982eacfb,  -25.514410 ,  -51.122040 ,2024-08-06 17:56:00,Brasil,PARANÁ,IRATI,Mata Atlântica
 1706127834 ,30b96d1c-9982-3e49-81d2-2b38ef957eac,  -25.301670 ,  -51.741030 ,2024-08-06 17:56:00,Brasil,PARANÁ,CANDÓI,Mata Atlântica
 1706127892 ,1b3e0e28-1416-3e4b-8f20-a2cc9717d50b,  -23.832780 ,  -52.807230 ,2024-08-06 17:56:00,Brasil,PARANÁ,TUNEIRAS DO OESTE,Mata Atlântica
 1706127893 ,d95c47c1-ccdf-3431-bd45-2830b6d457f9,  -23.831400 ,  -52.797360 ,2024-08-06 17:56:00,Brasil,PARANÁ,TUNEIRAS DO OESTE,Mata Atlântica
 1706127894 ,530ffa86-b8f5-3f65-bbca-e6540bd6e65d,  -23.730050 ,  -52.670270 ,2024-08-06 17:56:00,Brasil,PARANÁ,CIANORTE,Mata Atlântica
 1706127895 ,8255d4ba-31b7-3e22-bdf2-1c8dc16cb5a2,  -23.630110 ,  -53.137000 ,2024-08-06 17:56:00,Brasil,PARANÁ,MARIA HELENA,Mata Atlântica
 1706127896 ,3e6412fb-79d3-315f-a617-c75b32009504,  -23.628740 ,  -53.127050 ,2024-08-06 17:56:00,Brasil,PARANÁ,CRUZEIRO DO OESTE,Mata Atlântica
 1706127897 ,55e103f3-545c-36f8-aa74-acc990391eb9,  -23.620410 ,  -53.134980 ,2024-08-06 17:56:00,Brasil,PARANÁ,MARIA HELENA,Mata Atlântica
 1706127898 ,e5026dad-cf6a-3569-b1cc-f36d50bc520e,  -23.619010 ,  -53.124980 ,2024-08-06 17:56:00,Brasil,PARANÁ,CRUZEIRO DO OESTE,Mata Atlântica
 1706127899 ,89ae8101-be8b-3b75-8b5c-fbdfdaed11b7,  -23.617620 ,  -53.115030 ,2024-08-06 17:56:00,Brasil,PARANÁ,CRUZEIRO DO OESTE,Mata Atlântica
 1706127900 ,c46d8454-8132-35f6-9b67-55d0b552bc7b,  -22.799130 ,  -53.117210 ,2024-08-06 17:56:00,Brasil,PARANÁ,SÃO PEDRO DO PARANÁ,Mata Atlântica
 1706127901 ,8170aa70-a6f2-3bc7-9930-38cf04f844bb,  -22.797770 ,  -53.107400 ,2024-08-06 17:56:00,Brasil,PARANÁ,MARILENA,Mata Atlântica
 1706127902 ,7b405558-9577-3a7f-81d9-9da2d9db6387,  -25.136840 ,  -52.596980 ,2024-08-06 17:56:00,Brasil,PARANÁ,NOVA LARANJEIRAS,Mata Atlântica
 1706127903 ,82f2d3b3-888b-3f95-afeb-2bd16b5d9b89,  -25.135460 ,  -52.587040 ,2024-08-06 17:56:00,Brasil,PARANÁ,NOVA LARANJEIRAS,Mata Atlântica
 1706127904 ,cc68f437-5212-3d89-8af1-84928afd8fa8,  -25.510310 ,  -52.705120 ,2024-08-06 17:56:00,Brasil,PARANÁ,RIO BONITO DO IGUAÇU,Mata Atlântica
 1706127905 ,72a9b261-4525-3309-aeb0-ed19a05b9b3e,  -25.501260 ,  -52.706550 ,2024-08-06 17:56:00,Brasil,PARANÁ,RIO BONITO DO IGUAÇU,Mata Atlântica
 1706127906 ,2c2205cb-ec19-35d1-8074-3bbbc4464ffd,  -25.499880 ,  -52.696470 ,2024-08-06 17:56:00,Brasil,PARANÁ,RIO BONITO DO IGUAÇU,Mata Atlântica
 1706127907 ,fc25898d-2e26-3115-af43-9137cd875e34,  -25.483000 ,  -52.903080 ,2024-08-06 17:56:00,Brasil,PARANÁ,QUEDAS DO IGUAÇU,Mata Atlântica
 1706127908 ,aed9b7d8-32bc-31d3-a768-26706ed8fa68,  -25.414100 ,  -52.737580 ,2024-08-06 17:56:00,Brasil,PARANÁ,ESPIGÃO ALTO DO IGUAÇU,Mata Atlântica
 1706127909 ,65c6dbf7-80c7-3757-b9b2-a80473432c5e,  -25.407180 ,  -52.686860 ,2024-08-06 17:56:00,Brasil,PARANÁ,NOVA LARANJEIRAS,Mata Atlântica
 1706127910 ,c118576e-567c-3ab2-a99c-09047f37ea90,  -25.405790 ,  -52.676730 ,2024-08-06 17:56:00,Brasil,PARANÁ,NOVA LARANJEIRAS,Mata Atlântica
 1706127911 ,bc0473ed-38f9-3722-90a8-7443ff5bc15b,  -25.403030 ,  -52.656520 ,2024-08-06 17:56:00,Brasil,PARANÁ,NOVA LARANJEIRAS,Mata Atlântica
 1706127912 ,fefdcf00-103d-32e1-81e7-af4cb4782da6,  -25.354400 ,  -52.640390 ,2024-08-06 17:56:00,Brasil,PARANÁ,NOVA LARANJEIRAS,Mata Atlântica
 1706127913 ,8e1c1a88-4327-3625-94fb-33244a2be715,  -25.353010 ,  -52.630330 ,2024-08-06 17:56:00,Brasil,PARANÁ,NOVA LARANJEIRAS,Mata Atlântica
 1706128060 ,6fa16a37-c4d3-3a50-9fce-e7c93da8cee0,  -22.882160 ,  -53.519210 ,2024-08-06 17:56:00,Brasil,PARANÁ,QUERÊNCIA DO NORTE,Mata Atlântica
 1706128061 ,abf97ad4-cc9b-3631-8424-16c466cd3ee0,  -24.827250 ,  -54.267220 ,2024-08-06 17:56:00,Brasil,PARANÁ,SANTA HELENA,Mata Atlântica
 1706558847 ,d8f9c424-1231-3ca3-9bb4-cba56ec07f74,  -23.385030 ,  -51.275950 ,2024-08-07 18:36:00,Brasil,PARANÁ,CAMBÉ,Mata Atlântica
 1706558848 ,94e448cb-d4dc-3179-b899-819121dc37b1,  -23.377930 ,  -51.267450 ,2024-08-07 18:36:00,Brasil,PARANÁ,CAMBÉ,Mata Atlântica
 1708374126 ,f99b9bdc-d7fc-3fdc-9bd8-acb92f62cbdf,  -25.955110 ,  -48.956730 ,2024-08-11 18:02:00,Brasil,PARANÁ,GUARATUBA,Mata Atlântica
 1708374127 ,0e70dcf4-726a-39e9-860f-50d28760cda2,  -25.668050 ,  -49.258300 ,2024-08-11 18:02:00,Brasil,PARANÁ,FAZENDA RIO GRANDE,Mata Atlântica
 1708374128 ,2a3c946d-45cd-3dce-b4d3-0042c4d38153,  -25.494040 ,  -49.200400 ,2024-08-11 18:02:00,Brasil,PARANÁ,CURITIBA,Mata Atlântica
 1708374129 ,185ced66-6daa-3320-80a2-bf33ea0270c0,  -25.490570 ,  -49.195590 ,2024-08-11 18:02:00,Brasil,PARANÁ,CURITIBA,Mata Atlântica
 1708374187 ,2baea9fc-8d25-3613-a18c-436056ba1d01,  -24.394530 ,  -50.740120 ,2024-08-11 18:02:00,Brasil,PARANÁ,IMBAÚ,Mata Atlântica
 1708374188 ,ce36091e-b6a6-3d12-9e25-8b5fabc20953,  -23.864050 ,  -51.811470 ,2024-08-11 18:02:00,Brasil,PARANÁ,SÃO PEDRO DO IVAÍ,Mata Atlântica
 1708374191 ,2236e4ee-ad2c-3f24-992e-b22fa1b30225,  -26.474590 ,  -51.745210 ,2024-08-11 18:02:00,Brasil,PARANÁ,PALMAS,Mata Atlântica
 1708374192 ,930e9df8-f1bd-35c3-b4b0-50a6bda71eeb,  -26.449140 ,  -51.755810 ,2024-08-11 18:02:00,Brasil,PARANÁ,PALMAS,Mata Atlântica
 1708374193 ,e70804f8-4951-3fc7-952a-f1c5311ef5a3,  -26.334200 ,  -51.732400 ,2024-08-11 18:02:00,Brasil,PARANÁ,PALMAS,Mata Atlântica
 1708374194 ,0bebfa71-c91b-37c4-8d1a-4874d362c9ae,  -26.332660 ,  -51.722310 ,2024-08-11 18:02:00,Brasil,PARANÁ,PALMAS,Mata Atlântica
 1708374195 ,24d97b44-ae5c-34be-9047-c4d31f324698,  -25.621710 ,  -51.719740 ,2024-08-11 18:02:00,Brasil,PARANÁ,PINHÃO,Mata Atlântica
 1708374196 ,f93dd2df-6194-3b42-bba7-5f3f9afc558c,  -25.383600 ,  -51.493900 ,2024-08-11 18:02:00,Brasil,PARANÁ,GUARAPUAVA,Mata Atlântica
 1708859768 ,a9bf5212-e708-3124-bf98-943706d380a8,  -23.056330 ,  -53.596540 ,2024-08-12 18:43:00,Brasil,PARANÁ,QUERÊNCIA DO NORTE,Mata Atlântica
 1709360766 ,c1625c06-a0c9-3dc2-91bc-c2ecf9c9faa6,  -24.072990 ,  -54.042490 ,2024-08-13 17:45:00,Brasil,PARANÁ,TERRA ROXA,Mata Atlântica
 1709362329 ,da7513d7-9440-369e-84cb-28b0080db1ce,  -23.176500 ,  -52.827130 ,2024-08-13 17:45:00,Brasil,PARANÁ,AMAPORÃ,Mata Atlântica
 1709362332 ,be0c117e-1264-3661-82cc-b8bc9c9a22b9,  -25.600900 ,  -49.804700 ,2024-08-13 17:45:00,Brasil,PARANÁ,LAPA,Mata Atlântica
 1709362444 ,2c978db8-4edd-3d1e-8817-9631e9d1bd44,  -24.684890 ,  -48.854930 ,2024-08-13 17:45:00,Brasil,PARANÁ,ADRIANÓPOLIS,Mata Atlântica
 1709362445 ,efc04d13-4d6b-36dc-b0e6-aa65a7b63aa5,  -25.914680 ,  -49.474490 ,2024-08-13 17:45:00,Brasil,PARANÁ,QUITANDINHA,Mata Atlântica
 1709362446 ,9472bad8-1f7b-3acb-b45b-c1f8ccabd914,  -25.913280 ,  -49.464470 ,2024-08-13 17:45:00,Brasil,PARANÁ,QUITANDINHA,Mata Atlântica
 1709362447 ,50c601dd-b0a5-30be-bacf-36b0722cb1ba,  -25.824180 ,  -49.418210 ,2024-08-13 17:45:00,Brasil,PARANÁ,QUITANDINHA,Mata Atlântica
 1709362559 ,98a54151-edab-322b-be9a-5efeecee9694,  -23.748000 ,  -49.838400 ,2024-08-13 17:45:00,Brasil,PARANÁ,TOMAZINA,Mata Atlântica
 1709362560 ,03afa31d-b467-3f49-8809-e8c4e5a24e86,  -24.586910 ,  -50.254790 ,2024-08-13 17:45:00,Brasil,PARANÁ,TIBAGI,Cerrado
 1709362561 ,5bb1b29c-eae9-3e44-a8f8-112229caf0a6,  -24.472830 ,  -50.021550 ,2024-08-13 17:45:00,Brasil,PARANÁ,PIRAÍ DO SUL,Cerrado
 1709362562 ,9cc6cf53-9f95-3b9a-afe0-e5abd10dbb6b,  -24.471450 ,  -50.011480 ,2024-08-13 17:45:00,Brasil,PARANÁ,PIRAÍ DO SUL,Cerrado
 1709362563 ,735a6db9-0f7e-3cff-8ba6-4238aaf0e2f4,  -25.222680 ,  -49.728490 ,2024-08-13 17:45:00,Brasil,PARANÁ,PONTA GROSSA,Mata Atlântica
 1709362564 ,d0cb1139-ed53-3690-b0c8-205cfd96bb4e,  -25.217890 ,  -49.888830 ,2024-08-13 17:45:00,Brasil,PARANÁ,PONTA GROSSA,Mata Atlântica
 1709362565 ,0d17e673-634b-3c4d-9160-65139ae32afa,  -25.216490 ,  -49.878730 ,2024-08-13 17:45:00,Brasil,PARANÁ,PONTA GROSSA,Mata Atlântica
 1709362566 ,a86c5d76-6dee-3c3e-88c2-e6371f0d461c,  -24.988710 ,  -50.164390 ,2024-08-13 17:45:00,Brasil,PARANÁ,PONTA GROSSA,Mata Atlântica
 1709362567 ,66f48c4c-ead5-3dfc-b57e-1fa94bc734cf,  -24.987310 ,  -50.154220 ,2024-08-13 17:45:00,Brasil,PARANÁ,CARAMBEÍ,Mata Atlântica
 1709362568 ,00c5df65-b286-33d7-a5a5-56464cd2ec5d,  -24.979630 ,  -50.165920 ,2024-08-13 17:45:00,Brasil,PARANÁ,PONTA GROSSA,Mata Atlântica
 1709362569 ,01e5160f-2140-369c-9add-acd490375483,  -24.978220 ,  -50.155630 ,2024-08-13 17:45:00,Brasil,PARANÁ,CARAMBEÍ,Mata Atlântica
 1709362570 ,6a84e592-99b7-3aa9-87e6-f5600b308164,  -24.779290 ,  -50.527120 ,2024-08-13 17:45:00,Brasil,PARANÁ,TIBAGI,Mata Atlântica
 1709362571 ,1ca9bbb3-b274-35ce-8e12-d4d0dd013d0a,  -24.774160 ,  -50.211560 ,2024-08-13 17:45:00,Brasil,PARANÁ,CARAMBEÍ,Mata Atlântica
 1709362572 ,7e557737-5358-3417-9f61-44b78a55a1fd,  -24.480450 ,  -50.009990 ,2024-08-13 17:45:00,Brasil,PARANÁ,PIRAÍ DO SUL,Mata Atlântica
 1709362581 ,c51ba042-05ec-3750-970d-e2b0035c520e,  -25.811870 ,  -50.408610 ,2024-08-13 17:45:00,Brasil,PARANÁ,SÃO MATEUS DO SUL,Mata Atlântica
 1709362582 ,51b3c311-1271-34a1-9afb-7557670955a7,  -25.564210 ,  -49.471660 ,2024-08-13 17:45:00,Brasil,PARANÁ,ARAUCÁRIA,Mata Atlântica
 1709362583 ,7667c2c4-4248-35ba-9ca2-e06e3e18cde8,  -25.353590 ,  -50.009850 ,2024-08-13 17:45:00,Brasil,PARANÁ,PALMEIRA,Mata Atlântica
 1709362769 ,756f1f9c-f9c7-354c-ad6a-5d669346c267,  -26.558690 ,  -51.630450 ,2024-08-13 17:45:00,Brasil,PARANÁ,PALMAS,Mata Atlântica
 1709362757 ,d2e218f5-d2d9-3701-806e-7d8933895834,  -23.656960 ,  -51.955110 ,2024-08-13 17:45:00,Brasil,PARANÁ,ITAMBÉ,Mata Atlântica
 1709362758 ,3d4ac9b3-2c62-38a6-b8c0-6ac859b1e8d9,  -23.655490 ,  -51.943640 ,2024-08-13 17:45:00,Brasil,PARANÁ,ITAMBÉ,Mata Atlântica
 1709362759 ,3321d6eb-3eb5-30b1-935a-2ea67105942b,  -24.995070 ,  -51.515960 ,2024-08-13 17:45:00,Brasil,PARANÁ,TURVO,Mata Atlântica
 1709362760 ,4530066e-e181-3a84-9d4f-3a8d3832fb7f,  -24.987650 ,  -51.925540 ,2024-08-13 17:45:00,Brasil,PARANÁ,SANTA MARIA DO OESTE,Mata Atlântica
 1709362761 ,6afe6dbf-5bc6-3504-ab43-342c17a6a488,  -24.986960 ,  -51.529020 ,2024-08-13 17:45:00,Brasil,PARANÁ,TURVO,Mata Atlântica
 1709362762 ,cf12d320-9bcc-3179-805b-4168ce676136,  -24.985460 ,  -51.517460 ,2024-08-13 17:45:00,Brasil,PARANÁ,TURVO,Mata Atlântica
 1709362763 ,ee003945-f2d1-3210-8376-21c17337403d,  -24.234250 ,  -51.385440 ,2024-08-13 17:45:00,Brasil,PARANÁ,GRANDES RIOS,Mata Atlântica
 1709362768 ,b8044b5e-0e91-34d6-ab1f-9246b7aa60c6,  -26.560230 ,  -51.642700 ,2024-08-13 17:45:00,Brasil,PARANÁ,PALMAS,Mata Atlântica
 1709362770 ,45e0966a-a298-313e-ae16-d255cee1b273,  -26.523780 ,  -51.673440 ,2024-08-13 17:45:00,Brasil,PARANÁ,PALMAS,Mata Atlântica
 1709362771 ,50d270ce-bc49-35e8-8d82-95d4748cf11e,  -26.518450 ,  -51.712300 ,2024-08-13 17:45:00,Brasil,PARANÁ,PALMAS,Mata Atlântica
 1709362772 ,afc8fcaf-d2c4-367c-9d06-0a93aed6bf15,  -26.506380 ,  -51.613610 ,2024-08-13 17:45:00,Brasil,PARANÁ,PALMAS,Mata Atlântica
 1709362773 ,9f966ed1-8a58-3993-8beb-c94a84a42cfc,  -26.272910 ,  -52.365610 ,2024-08-13 17:45:00,Brasil,PARANÁ,CLEVELÂNDIA,Mata Atlântica
 1709362774 ,e33079a6-23e3-39ef-87c9-70b4d1e192c1,  -26.243630 ,  -52.383430 ,2024-08-13 17:45:00,Brasil,PARANÁ,HONÓRIO SERPA,Mata Atlântica
 1709362775 ,4a7898c9-059d-3a45-9e84-371532c8cfc0,  -25.918140 ,  -51.460640 ,2024-08-13 17:45:00,Brasil,PARANÁ,PINHÃO,Mata Atlântica
 1709362776 ,c2026055-f2fa-3870-a397-839bfae21746,  -25.838250 ,  -51.890290 ,2024-08-13 17:45:00,Brasil,PARANÁ,RESERVA DO IGUAÇU,Mata Atlântica
 1709362777 ,fa707dc2-a45e-328d-807c-4934a3575de2,  -25.490030 ,  -51.090530 ,2024-08-13 17:45:00,Brasil,PARANÁ,PRUDENTÓPOLIS,Mata Atlântica
 1709362778 ,950e3f27-a178-3cec-9456-7584e37bb607,  -25.480540 ,  -51.091870 ,2024-08-13 17:45:00,Brasil,PARANÁ,PRUDENTÓPOLIS,Mata Atlântica
 1709362899 ,15dc4afa-2570-314c-8935-d426e2d69543,  -23.178050 ,  -52.839800 ,2024-08-13 17:45:00,Brasil,PARANÁ,AMAPORÃ,Mata Atlântica
 1709362900 ,142fe82a-3802-30e3-86b3-10db53ae1732,  -22.996870 ,  -53.094440 ,2024-08-13 17:47:00,Brasil,PARANÁ,LOANDA,Mata Atlântica
 1709362901 ,98d6d94a-27a9-3a8c-a75c-fa12b3d741e8,  -22.995440 ,  -53.101590 ,2024-08-13 17:47:00,Brasil,PARANÁ,LOANDA,Mata Atlântica
 1709362902 ,b3cd803b-af83-3dfd-8158-85e7b3f73bb4,  -22.993870 ,  -53.088330 ,2024-08-13 17:47:00,Brasil,PARANÁ,LOANDA,Mata Atlântica
 1709362903 ,d3cfc159-8840-392a-ad00-1766f867750f,  -24.051510 ,  -52.910360 ,2024-08-13 17:45:00,Brasil,PARANÁ,MOREIRA SALES,Mata Atlântica
 1709362904 ,4351f1ba-4087-3a49-9c13-8877109aadee,  -23.830810 ,  -53.347910 ,2024-08-13 17:45:00,Brasil,PARANÁ,UMUARAMA,Mata Atlântica
 1709723253 ,d77ddfa5-01b5-3b22-91dc-c94d9205dcf3,  -25.995090 ,  -49.145280 ,2024-08-14 18:24:00,Brasil,PARANÁ,TIJUCAS DO SUL,Mata Atlântica
 1709723254 ,dbd18512-dd03-3e35-84d8-455324ef1109,  -25.988290 ,  -49.113710 ,2024-08-14 18:24:00,Brasil,PARANÁ,TIJUCAS DO SUL,Mata Atlântica
 1709723280 ,6d42e5f5-16a4-3c5c-9571-5c8115090a05,  -24.956230 ,  -50.162680 ,2024-08-14 18:24:00,Brasil,PARANÁ,CARAMBEÍ,Mata Atlântica
 1709723281 ,79254254-e1e7-3f76-8524-9bfc671ac535,  -24.955810 ,  -50.167230 ,2024-08-14 18:24:00,Brasil,PARANÁ,CARAMBEÍ,Mata Atlântica
 1709723350 ,cc3fd95d-ed1a-3fd0-9d0c-162d6af65349,  -23.581010 ,  -51.137910 ,2024-08-14 18:26:00,Brasil,PARANÁ,LONDRINA,Mata Atlântica
 1709723351 ,bf4d662d-0315-38cc-9031-c4a1e85d5065,  -23.575780 ,  -51.112310 ,2024-08-14 18:26:00,Brasil,PARANÁ,LONDRINA,Mata Atlântica
 1709723352 ,b18a7339-6e3f-37f4-bb0d-6bc6361a45e3,  -23.570560 ,  -51.121400 ,2024-08-14 18:26:00,Brasil,PARANÁ,LONDRINA,Mata Atlântica
 1709723353 ,ee02e43f-3bf7-3dcb-8d95-6a9e0baf1025,  -23.423390 ,  -51.998440 ,2024-08-14 18:26:00,Brasil,PARANÁ,MARINGÁ,Mata Atlântica
 1709723354 ,9049f654-c5f2-3157-9d5a-920c665bc770,  -24.352160 ,  -52.220110 ,2024-08-14 18:24:00,Brasil,PARANÁ,LUIZIANA,Mata Atlântica
 1709723360 ,57ec36f8-f9a0-30ab-bcbc-1044c95fca60,  -26.545320 ,  -51.562090 ,2024-08-14 18:24:00,Brasil,PARANÁ,PALMAS,Mata Atlântica
 1709723361 ,239e8b50-98f5-3ea6-a9c4-747a2ca7fc08,  -26.511610 ,  -51.657330 ,2024-08-14 18:24:00,Brasil,PARANÁ,PALMAS,Mata Atlântica
 1709723362 ,a51fc461-f675-3968-9b00-ebc9cdfc9081,  -26.334690 ,  -52.054730 ,2024-08-14 18:24:00,Brasil,PARANÁ,PALMAS,Mata Atlântica
 1709723363 ,c66a4ac7-36e6-3448-8407-a0d981ce8a8f,  -25.961270 ,  -52.394470 ,2024-08-14 18:24:00,Brasil,PARANÁ,CORONEL VIVIDA,Mata Atlântica
 1709723364 ,0612da99-1145-3ea7-8090-811d49340981,  -25.723150 ,  -51.289100 ,2024-08-14 18:24:00,Brasil,PARANÁ,INÁCIO MARTINS,Mata Atlântica
 1709723365 ,1e3add0a-7ff1-323f-8898-29f92818577a,  -25.718760 ,  -51.284840 ,2024-08-14 18:24:00,Brasil,PARANÁ,INÁCIO MARTINS,Mata Atlântica
 1709723383 ,8fcbf6fb-fddd-3c41-9a77-1f140a2af550,  -22.754480 ,  -52.866180 ,2024-08-14 18:26:00,Brasil,PARANÁ,ITAÚNA DO SUL,Mata Atlântica
 1710533845 ,2234878d-0355-3cc0-b3c2-68cc50461822,  -25.154390 ,  -49.116240 ,2024-08-16 18:09:00,Brasil,PARANÁ,BOCAIÚVA DO SUL,Mata Atlântica
 1710533846 ,e02f2085-b1aa-3233-9b04-cbb836fc977b,  -25.122540 ,  -48.878350 ,2024-08-16 18:09:00,Brasil,PARANÁ,BOCAIÚVA DO SUL,Mata Atlântica
 1710533847 ,021d64a7-8696-3e3b-a033-f10f6036de49,  -25.121690 ,  -49.002500 ,2024-08-16 18:09:00,Brasil,PARANÁ,BOCAIÚVA DO SUL,Mata Atlântica
 1710533848 ,8c01c0c2-eaea-3bb6-a0c9-3617b709646c,  -25.118560 ,  -48.985600 ,2024-08-16 18:09:00,Brasil,PARANÁ,BOCAIÚVA DO SUL,Mata Atlântica
 1710533850 ,9920f458-f759-382d-a87a-f605bb527166,  -26.043840 ,  -49.351340 ,2024-08-16 18:09:00,Brasil,PARANÁ,AGUDOS DO SUL,Mata Atlântica
 1710533852 ,6a2bc414-6106-3ee1-a29c-fbcbf7ab3858,  -25.622760 ,  -49.326130 ,2024-08-16 18:09:00,Brasil,PARANÁ,CURITIBA,Mata Atlântica
 1710533873 ,6772fcdc-a37a-3d32-9a18-79fe11ca0f0a,  -23.062270 ,  -50.423060 ,2024-08-16 18:09:00,Brasil,PARANÁ,BANDEIRANTES,Mata Atlântica
 1710533898 ,525228b9-8ddd-3c9f-bf1d-0fc6e398ba3d,  -25.183350 ,  -50.127820 ,2024-08-16 18:09:00,Brasil,PARANÁ,PONTA GROSSA,Mata Atlântica
 1710533899 ,b86d422d-0cf1-32b8-8b40-299a800b00c9,  -25.180930 ,  -50.113910 ,2024-08-16 18:09:00,Brasil,PARANÁ,PONTA GROSSA,Mata Atlântica
 1710533900 ,06f9dfbd-51e5-3a08-9f74-fd59713fa061,  -25.166550 ,  -50.218490 ,2024-08-16 18:09:00,Brasil,PARANÁ,PONTA GROSSA,Mata Atlântica
 1710533901 ,ae617484-0a39-3aeb-a45c-dc1919800633,  -25.138330 ,  -50.181570 ,2024-08-16 18:09:00,Brasil,PARANÁ,PONTA GROSSA,Mata Atlântica
 1710533902 ,2fce4a5d-199f-341a-b0e9-2ce1ad6e4a15,  -25.056840 ,  -50.835280 ,2024-08-16 18:09:00,Brasil,PARANÁ,IVAÍ,Mata Atlântica
 1710533903 ,a1bdb358-13d8-3dd1-9a41-e50de89f7b76,  -25.059040 ,  -50.847990 ,2024-08-16 18:09:00,Brasil,PARANÁ,IVAÍ,Mata Atlântica
 1710533905 ,64811149-385f-3080-b5e5-61a41618ac35,  -26.024320 ,  -50.653280 ,2024-08-16 18:09:00,Brasil,PARANÁ,PAULO FRONTIN,Mata Atlântica
 1710533909 ,0c3342a5-238d-3370-a764-cdae45ca003a,  -25.696950 ,  -49.733310 ,2024-08-16 18:09:00,Brasil,PARANÁ,LAPA,Mata Atlântica
 1710533910 ,a33c126f-4078-33f6-9295-12dc0e2a05ff,  -25.694330 ,  -49.718860 ,2024-08-16 18:09:00,Brasil,PARANÁ,LAPA,Mata Atlântica
 1710533911 ,22a89e79-ff07-3dc6-9648-b9de31ac1026,  -25.373000 ,  -49.994300 ,2024-08-16 18:09:00,Brasil,PARANÁ,PALMEIRA,Mata Atlântica
 1710533912 ,81f1bcf4-eaef-32bf-8d16-c2445bc36925,  -25.263700 ,  -50.779560 ,2024-08-16 18:09:00,Brasil,PARANÁ,GUAMIRANGA,Mata Atlântica
 1710533916 ,50a2c920-b215-33bd-a99b-30aab3d51b82,  -25.261490 ,  -50.766640 ,2024-08-16 18:09:00,Brasil,PARANÁ,GUAMIRANGA,Mata Atlântica
 1710533917 ,34def0b6-4f5d-368b-a11a-0e15d9866482,  -25.963200 ,  -50.660000 ,2024-08-16 18:09:00,Brasil,PARANÁ,SÃO MATEUS DO SUL,Mata Atlântica
 1710534024 ,c0deaf85-454c-37de-aa37-b7703ee6738d,  -23.054070 ,  -50.439620 ,2024-08-16 18:09:00,Brasil,PARANÁ,BANDEIRANTES,Mata Atlântica
 1710534025 ,1603c262-13c5-3e58-a363-8168758b9ad6,  -23.641100 ,  -50.972170 ,2024-08-16 18:09:00,Brasil,PARANÁ,LONDRINA,Mata Atlântica
 1710534026 ,0c5ca6d8-0c64-3838-a4d9-76b97215af20,  -23.379690 ,  -51.124560 ,2024-08-16 18:09:00,Brasil,PARANÁ,LONDRINA,Mata Atlântica
 1710534027 ,bc24cc59-e050-367e-8605-ef94ffd3b111,  -23.101960 ,  -50.459610 ,2024-08-16 18:09:00,Brasil,PARANÁ,SANTA MARIANA,Mata Atlântica
 1710534028 ,f0e4a6ec-a07e-3ce6-91bc-4427aee25aa7,  -23.051530 ,  -50.425230 ,2024-08-16 18:09:00,Brasil,PARANÁ,BANDEIRANTES,Mata Atlântica
 1710534029 ,4495ed30-45f9-3301-b01c-919dd2fe4422,  -25.240930 ,  -51.747150 ,2024-08-16 18:09:00,Brasil,PARANÁ,GUARAPUAVA,Mata Atlântica
 1710534030 ,69e2f77b-ee5f-34a3-9b53-1108742d37c1,  -25.208610 ,  -51.991660 ,2024-08-16 18:09:00,Brasil,PARANÁ,GOIOXIM,Mata Atlântica
 1710534031 ,dd2c73bf-c87a-3679-8a43-db92f0d103a4,  -25.048650 ,  -51.203990 ,2024-08-16 18:09:00,Brasil,PARANÁ,PRUDENTÓPOLIS,Mata Atlântica
 1710534032 ,49b53b7e-5deb-3dd7-8fdc-2df7600fb52e,  -25.038760 ,  -51.881890 ,2024-08-16 18:09:00,Brasil,PARANÁ,GOIOXIM,Mata Atlântica
 1710534033 ,a5e0b722-1aa2-3878-b7ca-10938523ddae,  -24.960700 ,  -51.786190 ,2024-08-16 18:09:00,Brasil,PARANÁ,SANTA MARIA DO OESTE,Mata Atlântica
 1710534034 ,439d1ed1-016e-3f36-bcea-2783738b2065,  -24.958810 ,  -51.774720 ,2024-08-16 18:09:00,Brasil,PARANÁ,SANTA MARIA DO OESTE,Mata Atlântica
 1710534035 ,d59f48e1-ad77-38f7-a27f-9ed221d84156,  -24.892320 ,  -51.069780 ,2024-08-16 18:09:00,Brasil,PARANÁ,CÂNDIDO DE ABREU,Mata Atlântica
 1710534036 ,91d66a40-d5e3-3f1d-bd3c-4dd59609951d,  -24.832640 ,  -51.953210 ,2024-08-16 18:09:00,Brasil,PARANÁ,SANTA MARIA DO OESTE,Mata Atlântica
 1710534037 ,86a82ac1-cd42-3474-ac77-5556320741c1,  -25.034590 ,  -51.181240 ,2024-08-16 18:09:00,Brasil,PARANÁ,PRUDENTÓPOLIS,Mata Atlântica
 1710534038 ,45f3bc86-f5be-3ff2-9657-a621156b2cf7,  -24.661930 ,  -51.661580 ,2024-08-16 18:09:00,Brasil,PARANÁ,PITANGA,Mata Atlântica
 1710534039 ,067eb9cc-e2c4-377f-82be-422b0fd16c8f,  -24.509060 ,  -50.880980 ,2024-08-16 18:09:00,Brasil,PARANÁ,RESERVA,Mata Atlântica
 1710534040 ,0f882221-fed7-3d75-9ffb-5bbe2580fa99,  -24.900410 ,  -51.062630 ,2024-08-16 18:09:00,Brasil,PARANÁ,CÂNDIDO DE ABREU,Mata Atlântica
 1710534041 ,fc3e1ae9-f022-360e-92ae-daa93cb8f265,  -25.365050 ,  -50.947440 ,2024-08-16 18:09:00,Brasil,PARANÁ,PRUDENTÓPOLIS,Mata Atlântica
 1710534042 ,6ed200f9-3c69-378c-bfd9-b8c065ba7f27,  -24.898220 ,  -51.049870 ,2024-08-16 18:09:00,Brasil,PARANÁ,CÂNDIDO DE ABREU,Mata Atlântica
 1710534043 ,d320e574-8446-345a-a2f0-a7bd94a8026c,  -24.890260 ,  -51.057460 ,2024-08-16 18:09:00,Brasil,PARANÁ,CÂNDIDO DE ABREU,Mata Atlântica
 1710534044 ,a9b18204-1dbe-3947-aa30-8349a36bb967,  -24.666320 ,  -50.780760 ,2024-08-16 18:09:00,Brasil,PARANÁ,RESERVA,Mata Atlântica
 1710534045 ,e869a8d4-d964-3e31-b504-bda66adef5e4,  -24.511180 ,  -50.893230 ,2024-08-16 18:09:00,Brasil,PARANÁ,RESERVA,Mata Atlântica
 1710534046 ,a132f6df-82c3-3f0f-bac2-cfadc1271355,  -24.657850 ,  -50.774810 ,2024-08-16 18:09:00,Brasil,PARANÁ,RESERVA,Mata Atlântica
 1710534048 ,9edcd61a-695a-3c9d-bd85-52267e77ca6f,  -26.506070 ,  -51.625800 ,2024-08-16 18:09:00,Brasil,PARANÁ,PALMAS,Mata Atlântica
 1710534050 ,2df02aaf-4186-3979-ad9d-b1e199769c13,  -26.576310 ,  -51.819230 ,2024-08-16 18:09:00,Brasil,PARANÁ,PALMAS,Mata Atlântica
 1710534051 ,a4f666b8-7733-3924-9c96-e79957ff16a6,  -26.559800 ,  -51.776800 ,2024-08-16 18:09:00,Brasil,PARANÁ,PALMAS,Mata Atlântica
 1710534052 ,087f9b82-bfe5-3ea9-9bca-83258a5ff24f,  -26.558010 ,  -51.765710 ,2024-08-16 18:09:00,Brasil,PARANÁ,PALMAS,Mata Atlântica
 1710534053 ,76b187bd-928a-3063-ab55-6a13fd527c0f,  -26.519200 ,  -51.646420 ,2024-08-16 18:09:00,Brasil,PARANÁ,PALMAS,Mata Atlântica
 1710534054 ,ad52a296-5e60-3686-bddc-877f89463052,  -26.479860 ,  -51.729690 ,2024-08-16 18:09:00,Brasil,PARANÁ,PALMAS,Mata Atlântica
 1710534055 ,1327935a-ffab-3b5c-8749-33e12b7020c3,  -26.478070 ,  -51.718590 ,2024-08-16 18:09:00,Brasil,PARANÁ,PALMAS,Mata Atlântica
 1710534056 ,378e5833-cf1b-3937-bb11-16f5cfb2252a,  -26.468680 ,  -51.720600 ,2024-08-16 18:09:00,Brasil,PARANÁ,PALMAS,Mata Atlântica
 1710534057 ,26c11f55-35f1-3c02-b369-9c0deb53b3d3,  -26.214920 ,  -51.358700 ,2024-08-16 18:09:00,Brasil,PARANÁ,BITURUNA,Mata Atlântica
 1710534060 ,27c4baae-514b-3247-b291-8ce7bd97111a,  -26.450180 ,  -51.666390 ,2024-08-16 18:09:00,Brasil,PARANÁ,PALMAS,Mata Atlântica
 1710534062 ,e925d19b-6309-3c29-adfa-4b62b6d0b7ff,  -26.201070 ,  -51.965000 ,2024-08-16 18:09:00,Brasil,PARANÁ,CORONEL DOMINGOS SOARES,Mata Atlântica
 1710534063 ,71223ef3-2282-3b65-9582-6472faa18a35,  -26.180320 ,  -51.717140 ,2024-08-16 18:09:00,Brasil,PARANÁ,BITURUNA,Mata Atlântica
 1710534064 ,0d70f549-acb1-300d-a4d1-6765d696a621,  -26.139820 ,  -51.885680 ,2024-08-16 18:09:00,Brasil,PARANÁ,CORONEL DOMINGOS SOARES,Mata Atlântica
 1710534065 ,e835e693-f641-3dca-a07a-c1b2388078c3,  -26.134430 ,  -51.880890 ,2024-08-16 18:09:00,Brasil,PARANÁ,CORONEL DOMINGOS SOARES,Mata Atlântica
 1710534066 ,662f64a1-245f-31f3-8ac1-c64344c53125,  -25.985480 ,  -51.895230 ,2024-08-16 18:09:00,Brasil,PARANÁ,RESERVA DO IGUAÇU,Mata Atlântica
 1710534067 ,8722e1ae-4b12-32ba-b099-dc834327c6c9,  -25.940520 ,  -51.183730 ,2024-08-16 18:09:00,Brasil,PARANÁ,CRUZ MACHADO,Mata Atlântica
 1710534068 ,e52ee325-504e-38ea-8648-8df9a8c59775,  -25.911140 ,  -52.403680 ,2024-08-16 18:09:00,Brasil,PARANÁ,CHOPINZINHO,Mata Atlântica
 1710534069 ,9a74d1fa-8472-3946-8989-90025565dde4,  -25.755230 ,  -52.240930 ,2024-08-16 18:09:00,Brasil,PARANÁ,CHOPINZINHO,Mata Atlântica
 1710534070 ,d97e9cac-3bbd-30f7-8c3c-8cac225f822c,  -25.710230 ,  -52.082220 ,2024-08-16 18:09:00,Brasil,PARANÁ,FOZ DO JORDÃO,Mata Atlântica
 1710534071 ,05fd2fe9-8d9b-3ed6-a4f1-135c789f5e60,  -25.708430 ,  -52.071230 ,2024-08-16 18:09:00,Brasil,PARANÁ,FOZ DO JORDÃO,Mata Atlântica
 1710534072 ,54e8fdc7-69ed-3773-a692-6ab28f0926f8,  -25.584110 ,  -52.492610 ,2024-08-16 18:09:00,Brasil,PARANÁ,RIO BONITO DO IGUAÇU,Mata Atlântica
 1710534073 ,f4dff36c-0182-38a7-8602-a4aa8be6f5af,  -25.555750 ,  -52.091610 ,2024-08-16 18:09:00,Brasil,PARANÁ,CANDÓI,Mata Atlântica
 1710534074 ,847d368b-8b83-3bdf-bc38-6e02eaa6ebbb,  -26.014940 ,  -51.508220 ,2024-08-16 18:09:00,Brasil,PARANÁ,CRUZ MACHADO,Mata Atlântica
 1710534075 ,9619870e-8cd7-39b8-8fb2-8834edabbe36,  -25.942580 ,  -51.195900 ,2024-08-16 18:09:00,Brasil,PARANÁ,CRUZ MACHADO,Mata Atlântica
 1710534118 ,c329a5e5-0468-3721-9956-7abda88a8b30,  -23.624490 ,  -53.133560 ,2024-08-16 18:09:00,Brasil,PARANÁ,MARIA HELENA,Mata Atlântica
 1710534119 ,51ae8b32-bb33-37df-899e-4c758634910c,  -23.615320 ,  -53.135270 ,2024-08-16 18:09:00,Brasil,PARANÁ,MARIA HELENA,Mata Atlântica
 1710534120 ,84e59f96-c023-3eda-aae9-e6d9392b18d0,  -23.090770 ,  -52.468760 ,2024-08-16 18:09:00,Brasil,PARANÁ,PARANAVAÍ,Mata Atlântica
 1710534121 ,2416ef07-8759-3379-822d-fd8d451eb909,  -22.594470 ,  -52.017980 ,2024-08-16 18:09:00,Brasil,PARANÁ,JARDIM OLINDA,Mata Atlântica
 1710534122 ,a9fb6ac1-d36f-3493-91dc-01848e5ec391,  -25.344110 ,  -52.563100 ,2024-08-16 18:09:00,Brasil,PARANÁ,NOVA LARANJEIRAS,Mata Atlântica
 1710534123 ,47612318-4d6c-32d3-bc54-aa18940d3b98,  -25.305300 ,  -52.597830 ,2024-08-16 18:09:00,Brasil,PARANÁ,NOVA LARANJEIRAS,Mata Atlântica
 1710534124 ,2b89f3d2-1cb9-3720-900d-94f137ec5ae4,  -23.953710 ,  -53.237220 ,2024-08-16 18:09:00,Brasil,PARANÁ,PEROBAL,Mata Atlântica
 1710534126 ,f9330f91-f78a-3725-99c7-28173e745357,  -26.246250 ,  -53.436090 ,2024-08-16 18:09:00,Brasil,PARANÁ,BARRACÃO,Mata Atlântica
 1710534185 ,5db2a66f-55c5-36e6-b330-1fc57e05ad9c,  -24.106560 ,  -54.296460 ,2024-08-16 18:09:00,Brasil,PARANÁ,GUAÍRA,Mata Atlântica
 1711287280 ,fa7ee021-81f0-3596-8e7a-80f77f2ff9df,  -23.594020 ,  -53.356420 ,2024-08-18 17:52:00,Brasil,PARANÁ,UMUARAMA,Mata Atlântica
 1711287281 ,8b6ff2b6-9df9-3aa3-8140-e105e4df865d,  -23.592490 ,  -53.344730 ,2024-08-18 17:52:00,Brasil,PARANÁ,UMUARAMA,Mata Atlântica
 1711287282 ,fc2e97aa-7010-33b8-a9c9-8899a052c4b0,  -23.390660 ,  -52.110570 ,2024-08-18 17:52:00,Brasil,PARANÁ,MANDAGUAÇU,Mata Atlântica
 1711287283 ,9ffaf4d0-724c-3da0-bb8d-14e80693f223,  -23.389280 ,  -52.100340 ,2024-08-18 17:52:00,Brasil,PARANÁ,MANDAGUAÇU,Mata Atlântica
 1711287284 ,da7ff512-99ce-3690-9de1-00212b83c9b7,  -23.381520 ,  -52.111980 ,2024-08-18 17:52:00,Brasil,PARANÁ,MANDAGUAÇU,Mata Atlântica
 1711287285 ,79a0b7c5-fb46-3196-a619-15ac61735fe4,  -23.380150 ,  -52.101820 ,2024-08-18 17:52:00,Brasil,PARANÁ,MANDAGUAÇU,Mata Atlântica
 1711287286 ,1b059284-b449-3d3e-9c34-8af1059b8c4b,  -23.378760 ,  -52.091560 ,2024-08-18 17:52:00,Brasil,PARANÁ,MANDAGUAÇU,Mata Atlântica
 1711287287 ,623cccb2-fd67-34f3-ac81-4ce63ce8920f,  -23.372380 ,  -52.113420 ,2024-08-18 17:52:00,Brasil,PARANÁ,MANDAGUAÇU,Mata Atlântica
 1711287288 ,2374c16e-4a8e-3338-bbac-668682e37636,  -23.371010 ,  -52.103260 ,2024-08-18 17:52:00,Brasil,PARANÁ,MANDAGUAÇU,Mata Atlântica
 1711287289 ,5a4548ac-0217-3e6e-9779-24af7254db78,  -22.889050 ,  -52.479550 ,2024-08-18 17:52:00,Brasil,PARANÁ,PARANAVAÍ,Mata Atlântica
 1711287290 ,fb50ebc9-19d7-3fce-9396-7920d11058f7,  -22.887660 ,  -52.469160 ,2024-08-18 17:52:00,Brasil,PARANÁ,PARANAVAÍ,Mata Atlântica
 1711287291 ,facfabae-3378-34f5-b846-052e5536937e,  -22.879820 ,  -52.480920 ,2024-08-18 17:52:00,Brasil,PARANÁ,PARANAVAÍ,Mata Atlântica
 1711287292 ,75e5c6f0-d8c1-3a26-99ab-5633fe559114,  -22.878450 ,  -52.470650 ,2024-08-18 17:52:00,Brasil,PARANÁ,PARANAVAÍ,Mata Atlântica
 1711287293 ,2872ee22-b131-34aa-9ed4-edaf3e011d90,  -22.877070 ,  -52.460340 ,2024-08-18 17:52:00,Brasil,PARANÁ,PARANAVAÍ,Mata Atlântica
 1711287294 ,5cba52b5-5933-35ff-8276-19ec96c60e83,  -22.869220 ,  -52.472060 ,2024-08-18 17:52:00,Brasil,PARANÁ,PARANAVAÍ,Mata Atlântica
 1711287295 ,f64971be-9f9a-3fd8-be0c-9527c170e34e,  -22.867850 ,  -52.461790 ,2024-08-18 17:52:00,Brasil,PARANÁ,PARANAVAÍ,Mata Atlântica
 1711287296 ,dda72b82-3b66-3935-9f8f-e02c8d8594f0,  -24.149320 ,  -52.768570 ,2024-08-18 17:52:00,Brasil,PARANÁ,JANIÓPOLIS,Mata Atlântica
 1711287297 ,d78e2822-cd9d-379d-81a8-749bd900cae3,  -25.643750 ,  -52.636780 ,2024-08-18 17:52:00,Brasil,PARANÁ,RIO BONITO DO IGUAÇU,Mata Atlântica
 1711288698 ,a22fe4b2-6d8c-356d-b67b-0a02d6a172c2,  -24.773000 ,  -50.160690 ,2024-08-18 17:52:00,Brasil,PARANÁ,CASTRO,Mata Atlântica
 1711288897 ,467fd731-241f-3c57-962d-0c55cff4206b,  -24.321290 ,  -50.102710 ,2024-08-18 17:52:00,Brasil,PARANÁ,PIRAÍ DO SUL,Cerrado
 1711288953 ,fc6432df-f46c-3f22-b0c3-400a34109144,  -25.004580 ,  -48.882150 ,2024-08-18 17:52:00,Brasil,PARANÁ,TUNAS DO PARANÁ,Mata Atlântica
 1711288956 ,2ac8743b-6971-35cf-a113-27431ea2a892,  -24.771150 ,  -49.160020 ,2024-08-18 17:52:00,Brasil,PARANÁ,CERRO AZUL,Mata Atlântica
 1711288957 ,606d7ac8-26fd-3365-9ef5-ddf4a93f5110,  -24.769650 ,  -49.150200 ,2024-08-18 17:52:00,Brasil,PARANÁ,CERRO AZUL,Mata Atlântica
 1711288960 ,1fe865cf-41de-37b2-965b-d3981201695c,  -25.996870 ,  -49.460430 ,2024-08-18 17:52:00,Brasil,PARANÁ,QUITANDINHA,Mata Atlântica
 1711288961 ,86241f5c-8ce2-3e0b-84c9-87e930ac8231,  -25.597290 ,  -49.254090 ,2024-08-18 17:52:00,Brasil,PARANÁ,SÃO JOSÉ DOS PINHAIS,Mata Atlântica
 1711288962 ,158c1985-8036-3777-ac9c-1bf93818cdbc,  -25.595790 ,  -49.366400 ,2024-08-18 17:52:00,Brasil,PARANÁ,ARAUCÁRIA,Mata Atlântica
 1711288963 ,721e94d8-857e-3d55-bfca-2c6505b9f0f6,  -25.594310 ,  -49.356510 ,2024-08-18 17:52:00,Brasil,PARANÁ,ARAUCÁRIA,Mata Atlântica
 1711288964 ,961bfd4f-3fe2-3d49-8f13-cd64d4a14a48,  -25.486940 ,  -49.138080 ,2024-08-18 17:52:00,Brasil,PARANÁ,SÃO JOSÉ DOS PINHAIS,Mata Atlântica
 1711288965 ,9a256d7a-568c-3138-987f-76c317029030,  -25.452520 ,  -49.093250 ,2024-08-18 17:52:00,Brasil,PARANÁ,PIRAQUARA,Mata Atlântica
 1711288966 ,2ce1dde7-95f8-3e7d-aa78-05d64c08c50b,  -25.370170 ,  -49.093960 ,2024-08-18 17:52:00,Brasil,PARANÁ,QUATRO BARRAS,Mata Atlântica
 1711289068 ,b1d41a8e-62c0-3a96-865c-9a1c5c3d453d,  -24.518040 ,  -50.125200 ,2024-08-18 17:52:00,Brasil,PARANÁ,TIBAGI,Cerrado
 1711289069 ,479a34bc-dc95-3104-80d8-428b2b1d3584,  -24.516610 ,  -50.115490 ,2024-08-18 17:52:00,Brasil,PARANÁ,TIBAGI,Cerrado
 1711289070 ,7326591f-2d54-3793-802e-745e12ae8c9a,  -24.509160 ,  -50.126770 ,2024-08-18 17:52:00,Brasil,PARANÁ,TIBAGI,Cerrado
 1711289071 ,137e9c1a-a2a7-3fd2-8a46-29af63be768a,  -24.507740 ,  -50.117060 ,2024-08-18 17:52:00,Brasil,PARANÁ,TIBAGI,Cerrado
 1711289072 ,faa8303d-b0b6-33cd-9c2e-6e7b8d951a7a,  -24.500280 ,  -50.128330 ,2024-08-18 17:52:00,Brasil,PARANÁ,TIBAGI,Cerrado
 1711289073 ,8f20775f-d2eb-3d0f-884c-0ab72bb302c1,  -24.349360 ,  -50.107660 ,2024-08-18 17:52:00,Brasil,PARANÁ,PIRAÍ DO SUL,Cerrado
 1711289074 ,36051a8e-c11c-3443-b612-da8c7bda584c,  -24.347940 ,  -50.097960 ,2024-08-18 17:52:00,Brasil,PARANÁ,PIRAÍ DO SUL,Cerrado
 1711289075 ,f67a9cb0-be10-326f-92e9-48143b7e262e,  -24.328750 ,  -50.091420 ,2024-08-18 17:52:00,Brasil,PARANÁ,PIRAÍ DO SUL,Cerrado
 1711289076 ,49259a59-76f7-33b2-87c4-0d6222573607,  -24.319870 ,  -50.093000 ,2024-08-18 17:52:00,Brasil,PARANÁ,PIRAÍ DO SUL,Cerrado
 1711289077 ,45a08326-cd91-3524-9b8f-b77b1ba672f4,  -24.254670 ,  -49.714860 ,2024-08-18 17:52:00,Brasil,PARANÁ,JAGUARIAÍVA,Cerrado
 1711289078 ,5f74a43d-ea40-3e40-9264-bc161bfb3112,  -25.121260 ,  -49.464900 ,2024-08-18 17:52:00,Brasil,PARANÁ,ITAPERUÇU,Mata Atlântica
 1711289079 ,69fbf73c-a58b-3bd4-b8de-904f4dc27881,  -25.096220 ,  -50.425570 ,2024-08-18 17:52:00,Brasil,PARANÁ,IPIRANGA,Mata Atlântica
 1711289080 ,a3ed03a0-d1bd-3bff-9b8d-f611b6d309a7,  -25.062060 ,  -50.441600 ,2024-08-18 17:52:00,Brasil,PARANÁ,IPIRANGA,Mata Atlântica
 1711289081 ,28ef2b01-310a-39a4-8fd2-c71e84bfb32b,  -25.060660 ,  -50.431840 ,2024-08-18 17:52:00,Brasil,PARANÁ,IPIRANGA,Mata Atlântica
 1711289082 ,ed4e5d49-c9bf-356c-9022-08a9e96788ee,  -25.052450 ,  -50.122990 ,2024-08-18 17:52:00,Brasil,PARANÁ,PONTA GROSSA,Mata Atlântica
 1711289083 ,c30f7bc3-9931-3e08-a8fe-c18c9d65e477,  -24.760870 ,  -50.528940 ,2024-08-18 17:52:00,Brasil,PARANÁ,TIBAGI,Mata Atlântica
 1711289084 ,8cf44075-174e-3349-9312-b56386972e6d,  -24.753380 ,  -50.540250 ,2024-08-18 17:52:00,Brasil,PARANÁ,TIBAGI,Mata Atlântica
 1711289085 ,c5eff8bc-e87b-3b76-aca6-803195835376,  -24.751980 ,  -50.530480 ,2024-08-18 17:52:00,Brasil,PARANÁ,TIBAGI,Mata Atlântica
 1711289086 ,28fd9ff1-fdf7-3848-9ccc-0f98134f80fb,  -24.749210 ,  -50.184870 ,2024-08-18 17:52:00,Brasil,PARANÁ,CASTRO,Mata Atlântica
 1711289087 ,4e67b248-0f8b-3a38-a493-55015aaf7d7d,  -24.747800 ,  -50.175140 ,2024-08-18 17:52:00,Brasil,PARANÁ,CASTRO,Mata Atlântica
 1711289088 ,8040bbab-3b53-3cc5-9879-3f56a4954952,  -24.746370 ,  -50.165410 ,2024-08-18 17:52:00,Brasil,PARANÁ,CASTRO,Mata Atlântica
 1711289089 ,6e12e495-6acb-37a3-95af-1f5677e7fc4b,  -24.720320 ,  -49.679680 ,2024-08-18 17:52:00,Brasil,PARANÁ,CASTRO,Mata Atlântica
 1711289090 ,42ac8651-09c2-381c-bd75-1b17c4cdd577,  -24.472850 ,  -50.003680 ,2024-08-18 17:52:00,Brasil,PARANÁ,PIRAÍ DO SUL,Mata Atlântica
 1711289091 ,a7c49982-ed2c-3170-b5d8-a16a45f3913f,  -24.191010 ,  -50.211020 ,2024-08-18 17:52:00,Brasil,PARANÁ,VENTANIA,Mata Atlântica
 1711289092 ,6ff8d3f2-a42d-39a3-ade2-57314850d270,  -24.060300 ,  -50.266180 ,2024-08-18 17:52:00,Brasil,PARANÁ,VENTANIA,Mata Atlântica
 1711289093 ,96db845f-cf5d-38b2-b128-5600f5e302a1,  -24.058880 ,  -50.256490 ,2024-08-18 17:52:00,Brasil,PARANÁ,VENTANIA,Mata Atlântica
 1711289094 ,b059380d-7879-3545-8c3d-226cc915f54e,  -24.050000 ,  -50.258050 ,2024-08-18 17:52:00,Brasil,PARANÁ,VENTANIA,Mata Atlântica
 1711289095 ,b3d5984a-0397-39e8-aa8f-2d2fa922dbef,  -24.048540 ,  -49.814430 ,2024-08-18 17:52:00,Brasil,PARANÁ,ARAPOTI,Mata Atlântica
 1711289096 ,1a4637a6-214c-3c7b-838f-943689cf570a,  -24.764550 ,  -50.618260 ,2024-08-18 17:52:00,Brasil,PARANÁ,TIBAGI,Mata Atlântica
 1711289101 ,d54cc32b-559b-3dfd-ae3a-1bbb5c354533,  -25.828970 ,  -50.206650 ,2024-08-18 17:52:00,Brasil,PARANÁ,ANTÔNIO OLINTO,Mata Atlântica
 1711289102 ,f799621c-31ba-3de6-bc40-45e914c46660,  -25.827550 ,  -50.196820 ,2024-08-18 17:52:00,Brasil,PARANÁ,LAPA,Mata Atlântica
 1711289103 ,10d28305-bbb3-3407-af9a-b63ff1c2b691,  -25.824710 ,  -50.177140 ,2024-08-18 17:52:00,Brasil,PARANÁ,LAPA,Mata Atlântica
 1711289104 ,4bdeb8b2-d224-3403-87a3-f857d2be84ad,  -25.553060 ,  -50.076820 ,2024-08-18 17:52:00,Brasil,PARANÁ,PALMEIRA,Mata Atlântica
 1711289105 ,ff4019bc-7b21-344a-94ed-2da0809efaba,  -25.539610 ,  -49.797690 ,2024-08-18 17:52:00,Brasil,PARANÁ,BALSA NOVA,Mata Atlântica
 1711289106 ,b96966a5-9381-3fb7-a62c-7a5e3781df83,  -25.538160 ,  -49.787900 ,2024-08-18 17:52:00,Brasil,PARANÁ,BALSA NOVA,Mata Atlântica
 1711289138 ,8177fb44-8611-3572-a0ea-32c788079089,  -23.506760 ,  -50.901130 ,2024-08-18 17:52:00,Brasil,PARANÁ,ASSAÍ,Mata Atlântica
 1711289217 ,5fab0e7a-89da-381c-a69d-8bfae8654af8,  -23.796840 ,  -50.802610 ,2024-08-18 17:52:00,Brasil,PARANÁ,SÃO JERÔNIMO DA SERRA,Mata Atlântica
 1711289218 ,6669b5b9-f4d8-36f7-b9ae-69e938e324bb,  -23.795450 ,  -50.792930 ,2024-08-18 17:52:00,Brasil,PARANÁ,SÃO JERÔNIMO DA SERRA,Mata Atlântica
 1711289219 ,92074be1-1edb-3e95-afe1-be2c49da7a68,  -23.787950 ,  -50.804150 ,2024-08-18 17:52:00,Brasil,PARANÁ,SÃO JERÔNIMO DA SERRA,Mata Atlântica
 1711289220 ,fcd46f00-5dce-317e-920d-bd43eeb14ec4,  -23.786570 ,  -50.794480 ,2024-08-18 17:52:00,Brasil,PARANÁ,SÃO JERÔNIMO DA SERRA,Mata Atlântica
 1711289221 ,7f094cf7-76a4-38a3-bf6a-71f47aa138f1,  -23.663400 ,  -51.955300 ,2024-08-18 17:52:00,Brasil,PARANÁ,ITAMBÉ,Mata Atlântica
 1711289222 ,9cc4b167-0561-3796-be13-85896830ffef,  -23.662010 ,  -51.945170 ,2024-08-18 17:52:00,Brasil,PARANÁ,ITAMBÉ,Mata Atlântica
 1711289223 ,50941394-6b0a-3353-a192-aeae5ac86e42,  -23.652900 ,  -51.946590 ,2024-08-18 17:52:00,Brasil,PARANÁ,ITAMBÉ,Mata Atlântica
 1711289224 ,3411f44d-95b1-327a-b050-4ea5009cedee,  -23.565820 ,  -51.708890 ,2024-08-18 17:52:00,Brasil,PARANÁ,MANDAGUARI,Mata Atlântica
 1711289225 ,dd0a1249-55ab-30ec-9978-5ecbb201ad8f,  -23.555400 ,  -51.700410 ,2024-08-18 17:52:00,Brasil,PARANÁ,MANDAGUARI,Mata Atlântica
 1711289226 ,fb4a71f9-0349-3630-8376-a37fda2a43dc,  -23.509440 ,  -51.769200 ,2024-08-18 17:52:00,Brasil,PARANÁ,MARIALVA,Mata Atlântica
 1711289227 ,49f79e36-6ba9-315b-90ac-972650b8147b,  -23.508070 ,  -51.759210 ,2024-08-18 17:52:00,Brasil,PARANÁ,MARIALVA,Mata Atlântica
 1711289228 ,0fd7bdc8-39f1-347b-94e5-5ee7fd2377c5,  -23.499030 ,  -51.760730 ,2024-08-18 17:52:00,Brasil,PARANÁ,MARIALVA,Mata Atlântica
 1711289229 ,d93726f0-8bb6-3410-bfc0-ac8c0072c7e1,  -24.906480 ,  -51.296170 ,2024-08-18 17:52:00,Brasil,PARANÁ,PRUDENTÓPOLIS,Mata Atlântica
 1711289230 ,02c3efcf-d246-322e-969a-9e1902def209,  -24.897470 ,  -51.297710 ,2024-08-18 17:52:00,Brasil,PARANÁ,PRUDENTÓPOLIS,Mata Atlântica
 1711289231 ,8b415f56-d87f-3daa-a846-50700b042b3f,  -24.519270 ,  -51.764210 ,2024-08-18 17:52:00,Brasil,PARANÁ,MANOEL RIBAS,Mata Atlântica
 1711289232 ,6bc6dc7e-7dcf-3ae8-82bb-2649b75d650a,  -24.517870 ,  -51.753890 ,2024-08-18 17:52:00,Brasil,PARANÁ,MANOEL RIBAS,Mata Atlântica
 1711289233 ,22d34097-85e3-32fa-bf8e-ef8be57b815a,  -24.500510 ,  -50.892260 ,2024-08-18 17:52:00,Brasil,PARANÁ,RESERVA,Mata Atlântica
 1711289234 ,2effcf86-db37-3315-9295-ef2e02410d44,  -24.421080 ,  -50.792320 ,2024-08-18 17:52:00,Brasil,PARANÁ,IMBAÚ,Mata Atlântica
 1711289235 ,fdb6ed2a-2f7c-3cd3-97bb-3d1aaf4adc22,  -24.419690 ,  -50.782560 ,2024-08-18 17:52:00,Brasil,PARANÁ,IMBAÚ,Mata Atlântica
 1711289236 ,506a05b1-a351-314d-9b27-380f0851e91d,  -23.904930 ,  -51.439680 ,2024-08-18 17:52:00,Brasil,PARANÁ,CRUZMALTINA,Mata Atlântica
 1711289237 ,62691a02-6d06-3446-93d0-0a07b332012e,  -23.894680 ,  -51.038890 ,2024-08-18 17:52:00,Brasil,PARANÁ,TAMARANA,Mata Atlântica
 1711289238 ,4a9ccd19-6970-345a-9ee5-d81a44a3808d,  -26.480150 ,  -51.576090 ,2024-08-18 17:49:00,Brasil,PARANÁ,PALMAS,Mata Atlântica
 1711289239 ,307e3072-d4cb-3021-b026-c91f4a0076b3,  -26.478730 ,  -51.565500 ,2024-08-18 17:49:00,Brasil,PARANÁ,PALMAS,Mata Atlântica
 1711289240 ,ccc0628d-0501-311d-b7fe-90eccf8e7cb6,  -26.450390 ,  -51.634970 ,2024-08-18 17:49:00,Brasil,PARANÁ,PALMAS,Mata Atlântica
 1711289241 ,b5cbbbd2-b1b6-33d2-b569-ef3e6c069a9b,  -26.197660 ,  -51.598740 ,2024-08-18 17:52:00,Brasil,PARANÁ,BITURUNA,Mata Atlântica
 1711289242 ,4bf15064-6651-308f-9b4f-4017b4f5ac62,  -26.196250 ,  -51.588260 ,2024-08-18 17:52:00,Brasil,PARANÁ,BITURUNA,Mata Atlântica
 1711289243 ,0631b1fc-d72a-322d-96a7-e3ac511cb2c5,  -26.188500 ,  -51.600340 ,2024-08-18 17:52:00,Brasil,PARANÁ,BITURUNA,Mata Atlântica
 1711289244 ,6fa7ddf0-90bd-39ff-9a63-71fa96317495,  -26.001880 ,  -51.440840 ,2024-08-18 17:52:00,Brasil,PARANÁ,CRUZ MACHADO,Mata Atlântica
 1711289245 ,8339af2d-9b41-39d7-9400-643410e9ae29,  -25.924390 ,  -51.966290 ,2024-08-18 17:52:00,Brasil,PARANÁ,RESERVA DO IGUAÇU,Mata Atlântica
 1711289246 ,66283d56-a467-3de3-b314-299fc106cfee,  -25.922990 ,  -51.955570 ,2024-08-18 17:52:00,Brasil,PARANÁ,RESERVA DO IGUAÇU,Mata Atlântica
 1711289247 ,b7b72526-72d5-3eb1-85ad-20a46c3dbf47,  -25.873910 ,  -51.584410 ,2024-08-18 17:52:00,Brasil,PARANÁ,PINHÃO,Mata Atlântica
 1711289248 ,d2b06da5-e28a-3bf5-b74c-738d1f5a4f66,  -25.872530 ,  -51.574070 ,2024-08-18 17:52:00,Brasil,PARANÁ,PINHÃO,Mata Atlântica
 1711289249 ,32a1ee36-ded0-31bf-b459-65d582b52d89,  -25.859230 ,  -51.544480 ,2024-08-18 17:52:00,Brasil,PARANÁ,PINHÃO,Mata Atlântica
 1711289250 ,67d02cf8-6b8c-34a0-b900-1a332440f710,  -25.857830 ,  -51.534000 ,2024-08-18 17:52:00,Brasil,PARANÁ,PINHÃO,Mata Atlântica
 1711289251 ,91fde0ed-2d70-39a2-9141-a09c1b8e52ec,  -25.794260 ,  -51.267240 ,2024-08-18 17:52:00,Brasil,PARANÁ,INÁCIO MARTINS,Mata Atlântica
 1711289252 ,99da0091-60f3-3c81-a7d7-8cc81f68d906,  -25.740370 ,  -52.108930 ,2024-08-18 17:52:00,Brasil,PARANÁ,FOZ DO JORDÃO,Mata Atlântica
 1711289253 ,34ec9fd7-38ea-37b8-8f64-9e50bc99267d,  -25.733310 ,  -52.105480 ,2024-08-18 17:52:00,Brasil,PARANÁ,FOZ DO JORDÃO,Mata Atlântica
 1711289254 ,ad8c3ebf-8d5b-36a3-8ce4-b6cecb985f65,  -25.279430 ,  -51.811820 ,2024-08-18 17:52:00,Brasil,PARANÁ,GUARAPUAVA,Mata Atlântica
 1711289290 ,113e66a6-c3de-36f8-a587-174e34cc8f9d,  -23.786120 ,  -52.872260 ,2024-08-18 17:52:00,Brasil,PARANÁ,TAPEJARA,Mata Atlântica
 1711289291 ,4f8cb3d8-eb03-308b-9201-e7046fbe30b6,  -23.617850 ,  -53.370700 ,2024-08-18 17:52:00,Brasil,PARANÁ,UMUARAMA,Mata Atlântica
 1711289292 ,5290e98f-f53b-3bbb-a0ef-aad847628746,  -23.616410 ,  -53.359260 ,2024-08-18 17:52:00,Brasil,PARANÁ,UMUARAMA,Mata Atlântica
 1711289293 ,5e50d969-ecd5-30a5-886b-84fdbc2d226f,  -23.616280 ,  -53.126830 ,2024-08-18 17:52:00,Brasil,PARANÁ,CRUZEIRO DO OESTE,Mata Atlântica
 1711289294 ,1590bc54-da85-386a-a8f8-3b309de265f7,  -23.614830 ,  -53.115550 ,2024-08-18 17:52:00,Brasil,PARANÁ,CRUZEIRO DO OESTE,Mata Atlântica
 1711289295 ,0c005da7-a4df-3b7a-8feb-6bd8ca88992a,  -23.606720 ,  -53.360760 ,2024-08-18 17:52:00,Brasil,PARANÁ,UMUARAMA,Mata Atlântica
 1711289296 ,9f4d2c09-bbe4-3076-a236-18e1cb1bc290,  -23.605280 ,  -53.349210 ,2024-08-18 17:52:00,Brasil,PARANÁ,UMUARAMA,Mata Atlântica
 1711289297 ,ba5e1b29-5fd7-31ff-886e-5ccc18f7fda8,  -23.605180 ,  -53.366370 ,2024-08-18 17:52:00,Brasil,PARANÁ,UMUARAMA,Mata Atlântica
 1711289298 ,e6377793-227a-38b7-9122-7fef1d8fd17f,  -23.603700 ,  -53.354950 ,2024-08-18 17:52:00,Brasil,PARANÁ,UMUARAMA,Mata Atlântica
 1711289299 ,b93fe213-104c-3682-949a-7849a4c5d422,  -23.602190 ,  -53.343340 ,2024-08-18 17:52:00,Brasil,PARANÁ,UMUARAMA,Mata Atlântica
 1711289300 ,31ee6704-c4d7-3f48-a667-6e9862140811,  -23.595500 ,  -53.367890 ,2024-08-18 17:52:00,Brasil,PARANÁ,UMUARAMA,Mata Atlântica
 1712236155 ,f70ebcd2-c403-30f4-9078-17c6067f745a,  -26.103820 ,  -51.838420 ,2024-08-20 17:34:00,Brasil,PARANÁ,CORONEL DOMINGOS SOARES,Mata Atlântica
 1712236156 ,d9594ecd-0b87-3fdd-87a0-65399bb4802c,  -26.055080 ,  -50.948430 ,2024-08-20 17:34:00,Brasil,PARANÁ,UNIÃO DA VITÓRIA,Mata Atlântica
 1712236157 ,2fe4c7e3-0705-3bce-b141-6b11c4c45856,  -26.053160 ,  -50.931510 ,2024-08-20 17:34:00,Brasil,PARANÁ,UNIÃO DA VITÓRIA,Mata Atlântica
 1712236158 ,90fcadb5-b487-3c7c-8972-3f8cd6196b2d,  -26.052390 ,  -50.943890 ,2024-08-20 17:34:00,Brasil,PARANÁ,UNIÃO DA VITÓRIA,Mata Atlântica
 1712236159 ,6548ff2e-fbf5-31bd-880a-58db3ba28d72,  -25.949590 ,  -51.357120 ,2024-08-20 17:34:00,Brasil,PARANÁ,CRUZ MACHADO,Mata Atlântica
 1712236160 ,3a80de9d-d335-3870-9f58-db6350c55066,  -25.575230 ,  -50.533020 ,2024-08-20 17:34:00,Brasil,PARANÁ,FERNANDES PINHEIRO,Mata Atlântica
 1712236161 ,d6cb8319-9988-3310-ab0e-f87d239c88a6,  -25.523480 ,  -49.984410 ,2024-08-20 17:34:00,Brasil,PARANÁ,PALMEIRA,Mata Atlântica
 1712236162 ,c3e0d1a4-beb1-3665-975d-cb2910834e23,  -25.512880 ,  -49.985870 ,2024-08-20 17:34:00,Brasil,PARANÁ,PALMEIRA,Mata Atlântica
 1712236163 ,41f19739-d0db-3865-81de-69ae5ad8defc,  -25.494060 ,  -50.926960 ,2024-08-20 17:34:00,Brasil,PARANÁ,IRATI,Mata Atlântica
 1712236164 ,a9fad5dd-abb6-3e78-b16a-e45a092d2fe8,  -25.430880 ,  -50.771880 ,2024-08-20 17:34:00,Brasil,PARANÁ,IRATI,Mata Atlântica
 1712236165 ,862f3536-dc47-3698-864c-76d4e4ee9c78,  -25.383460 ,  -51.066520 ,2024-08-20 17:34:00,Brasil,PARANÁ,PRUDENTÓPOLIS,Mata Atlântica
 1712236166 ,6ff73172-9b28-3946-b06e-58ba1b89565f,  -25.354150 ,  -52.630600 ,2024-08-20 17:34:00,Brasil,PARANÁ,NOVA LARANJEIRAS,Mata Atlântica
 1712236167 ,7d48c27c-fe88-3152-85a3-eb68f7ebec76,  -25.335170 ,  -50.538480 ,2024-08-20 17:34:00,Brasil,PARANÁ,TEIXEIRA SOARES,Mata Atlântica
 1712236168 ,5801eb95-e510-3b7e-9d14-66c1700c5b78,  -25.297860 ,  -49.448600 ,2024-08-20 17:34:00,Brasil,PARANÁ,CAMPO MAGRO,Mata Atlântica
 1712236169 ,1af3d4f3-8227-39c6-aa58-3ac10d3056ca,  -25.270970 ,  -49.811440 ,2024-08-20 17:34:00,Brasil,PARANÁ,CAMPO LARGO,Mata Atlântica
 1712236170 ,5ac74add-8027-390c-b64c-765cac608c80,  -25.236040 ,  -49.364810 ,2024-08-20 17:34:00,Brasil,PARANÁ,ITAPERUÇU,Mata Atlântica
 1712236171 ,b858414f-6b2f-3a7a-beb6-95b1e86102c5,  -25.206610 ,  -49.036710 ,2024-08-20 17:34:00,Brasil,PARANÁ,BOCAIÚVA DO SUL,Mata Atlântica
 1712236172 ,98de8f1f-685b-338f-a2a2-af5c656b94c4,  -25.205120 ,  -49.024490 ,2024-08-20 17:34:00,Brasil,PARANÁ,BOCAIÚVA DO SUL,Mata Atlântica
 1712236173 ,537450a8-73ec-3305-a8ca-c2a27e75346c,  -25.134980 ,  -49.700340 ,2024-08-20 17:34:00,Brasil,PARANÁ,CAMPO LARGO,Mata Atlântica
 1712236174 ,50cd7d94-24f7-3827-a303-5482766c65d1,  -25.098410 ,  -50.075160 ,2024-08-20 17:34:00,Brasil,PARANÁ,PONTA GROSSA,Mata Atlântica
 1712236175 ,0d9074e1-23eb-35ae-a781-218780d8d0ec,  -25.097290 ,  -51.783360 ,2024-08-20 17:34:00,Brasil,PARANÁ,CAMPINA DO SIMÃO,Mata Atlântica
 1712236176 ,10d5805a-cb6e-36e9-9840-9575cdbba8c7,  -25.087810 ,  -50.076580 ,2024-08-20 17:34:00,Brasil,PARANÁ,PONTA GROSSA,Mata Atlântica
 1712236177 ,16376ccd-29b5-3002-9362-15932749b5c7,  -25.086120 ,  -50.062290 ,2024-08-20 17:34:00,Brasil,PARANÁ,PONTA GROSSA,Mata Atlântica
 1712236178 ,85f00c81-b95c-3c76-a1c3-bf24e28d95da,  -25.004710 ,  -51.042660 ,2024-08-20 17:34:00,Brasil,PARANÁ,PRUDENTÓPOLIS,Mata Atlântica
 1712236179 ,fe56a659-5f31-38b6-b845-7eebb6783f3a,  -25.002910 ,  -51.026420 ,2024-08-20 17:34:00,Brasil,PARANÁ,PRUDENTÓPOLIS,Mata Atlântica
 1712236180 ,2688b95d-da51-3cd3-ab00-7442b0484cfd,  -24.993530 ,  -49.869320 ,2024-08-20 17:34:00,Brasil,PARANÁ,CASTRO,Mata Atlântica
 1712236181 ,dde2afe9-3957-30ad-a1b1-24c596b7518e,  -24.976940 ,  -49.998030 ,2024-08-20 17:34:00,Brasil,PARANÁ,CARAMBEÍ,Mata Atlântica
 1712236182 ,a68f0781-92ba-3c27-ad99-a14fd5bf2084,  -24.976370 ,  -51.084390 ,2024-08-20 17:34:00,Brasil,PARANÁ,PRUDENTÓPOLIS,Mata Atlântica
 1712236183 ,05f96830-b159-3bdd-894d-cbe09d1a8704,  -24.976050 ,  -51.096490 ,2024-08-20 17:34:00,Brasil,PARANÁ,PRUDENTÓPOLIS,Mata Atlântica
 1712236184 ,83d34ac3-2333-3ed9-aecc-f927fe011421,  -24.975310 ,  -49.984210 ,2024-08-20 17:34:00,Brasil,PARANÁ,CARAMBEÍ,Mata Atlântica
 1712236185 ,1cb8e04f-9958-3001-81e4-7a1302707ce9,  -24.914180 ,  -51.043480 ,2024-08-20 17:34:00,Brasil,PARANÁ,CÂNDIDO DE ABREU,Mata Atlântica
 1712236186 ,72a76cb0-7a47-3961-b5c1-3474a30bd015,  -24.912280 ,  -51.026470 ,2024-08-20 17:34:00,Brasil,PARANÁ,CÂNDIDO DE ABREU,Mata Atlântica
 1712236187 ,aef7c9e0-00f5-3cd7-a76e-efed58836976,  -24.773110 ,  -51.310390 ,2024-08-20 17:34:00,Brasil,PARANÁ,PRUDENTÓPOLIS,Mata Atlântica
 1712236188 ,419378db-ee52-3c02-a796-41fc83e9907e,  -24.720010 ,  -48.969550 ,2024-08-20 17:34:00,Brasil,PARANÁ,ADRIANÓPOLIS,Mata Atlântica
 1712236189 ,b52fda1e-455f-32b6-891c-a8119b14f92a,  -24.719780 ,  -48.975340 ,2024-08-20 17:34:00,Brasil,PARANÁ,ADRIANÓPOLIS,Mata Atlântica
 1712236190 ,eb6dc006-65dd-36b5-8eff-f8429ed9b9a5,  -24.692490 ,  -48.918230 ,2024-08-20 17:34:00,Brasil,PARANÁ,ADRIANÓPOLIS,Mata Atlântica
 1712236191 ,c5ffadca-5d0f-3a0a-839a-9f571d9f4a71,  -24.656390 ,  -51.475540 ,2024-08-20 17:34:00,Brasil,PARANÁ,BOA VENTURA DE SÃO ROQUE,Mata Atlântica
 1712236192 ,8220b02c-c8dd-3a10-8ecb-69e74003fe7c,  -24.653890 ,  -51.488640 ,2024-08-20 17:34:00,Brasil,PARANÁ,BOA VENTURA DE SÃO ROQUE,Mata Atlântica
 1712236193 ,6b337770-f11a-30c7-a0d5-8f578f22634a,  -24.652090 ,  -51.471760 ,2024-08-20 17:34:00,Brasil,PARANÁ,BOA VENTURA DE SÃO ROQUE,Mata Atlântica
 1712236194 ,78006454-197f-3c24-99cb-908e8dd22988,  -24.632770 ,  -51.080170 ,2024-08-20 17:34:00,Brasil,PARANÁ,RESERVA,Mata Atlântica
 1712236195 ,853e1f11-f7c9-3134-9cd0-1226a78c0227,  -24.621500 ,  -51.081970 ,2024-08-20 17:34:00,Brasil,PARANÁ,RESERVA,Mata Atlântica
 1712236196 ,8fefc090-73c5-3be7-b2c7-b352e1a31225,  -24.609550 ,  -49.636720 ,2024-08-20 17:34:00,Brasil,PARANÁ,PIRAÍ DO SUL,Mata Atlântica
 1712236197 ,13bc10a9-95f3-30cd-b85f-6f0d3aea6291,  -24.523080 ,  -50.119550 ,2024-08-20 17:34:00,Brasil,PARANÁ,TIBAGI,Cerrado
 1712236200 ,d033d4f8-7929-3b0d-a91c-4a9b919e39af,  -24.269990 ,  -50.897330 ,2024-08-20 17:34:00,Brasil,PARANÁ,ORTIGUEIRA,Mata Atlântica
 1712236202 ,842a109f-1e79-381e-b4d6-4abab8c52fca,  -24.234790 ,  -50.986570 ,2024-08-20 17:34:00,Brasil,PARANÁ,ORTIGUEIRA,Mata Atlântica
 1712236203 ,cb1498ed-a214-3b60-8d87-7884a373e9ab,  -24.234310 ,  -50.981390 ,2024-08-20 17:34:00,Brasil,PARANÁ,ORTIGUEIRA,Mata Atlântica
 1712236204 ,d869603b-2873-3a88-bd1d-41f713084806,  -24.232940 ,  -50.970900 ,2024-08-20 17:34:00,Brasil,PARANÁ,ORTIGUEIRA,Mata Atlântica
 1712236205 ,d43db540-a992-30b1-bb50-9a61792b2009,  -24.232580 ,  -50.965760 ,2024-08-20 17:34:00,Brasil,PARANÁ,ORTIGUEIRA,Mata Atlântica
 1712236206 ,33c0c9c5-5e2e-3cb3-ac8f-337f9c6ac270,  -24.090510 ,  -49.562130 ,2024-08-20 17:34:00,Brasil,PARANÁ,SENGÉS,Cerrado
 1712236207 ,81c41d34-8dcc-31e7-b666-8b9322f857cd,  -24.058360 ,  -50.281580 ,2024-08-20 17:34:00,Brasil,PARANÁ,VENTANIA,Mata Atlântica
 1712236208 ,94a8fc38-d74b-33e1-8178-0a228343184e,  -24.052800 ,  -50.275930 ,2024-08-20 17:34:00,Brasil,PARANÁ,VENTANIA,Mata Atlântica
 1712236209 ,90fa18ce-c7c6-3e04-9afd-1c6591420ef9,  -23.996210 ,  -52.038560 ,2024-08-20 17:34:00,Brasil,PARANÁ,BARBOSA FERRAZ,Mata Atlântica
 1712236210 ,9bc51cfa-d6fe-3a0f-84b2-fbdf97185cc9,  -23.887740 ,  -50.943100 ,2024-08-20 17:34:00,Brasil,PARANÁ,ORTIGUEIRA,Mata Atlântica
 1712236212 ,90695b2e-3956-31ce-8dff-ffc7e9c0d946,  -23.797480 ,  -53.259110 ,2024-08-20 17:34:00,Brasil,PARANÁ,UMUARAMA,Mata Atlântica
 1712236213 ,e41b5dba-2e52-3a7d-adfd-b1580e541ad0,  -23.795200 ,  -53.236710 ,2024-08-20 17:34:00,Brasil,PARANÁ,UMUARAMA,Mata Atlântica
 1712236214 ,691b9417-4729-37c1-a822-d70007de7636,  -23.644870 ,  -52.657740 ,2024-08-20 17:34:00,Brasil,PARANÁ,CIANORTE,Mata Atlântica
 1712236215 ,c1697ddc-36f9-3d3c-a18b-92cf9d64c197,  -23.632350 ,  -52.659350 ,2024-08-20 17:34:00,Brasil,PARANÁ,CIANORTE,Mata Atlântica
 1712236216 ,4bdbf1fc-1838-393b-bb0a-93b0e2c835b7,  -23.630210 ,  -52.638920 ,2024-08-20 17:34:00,Brasil,PARANÁ,CIANORTE,Mata Atlântica
 1712236217 ,172a0214-756a-30f5-aa85-54ee6eaf7cd9,  -23.606200 ,  -52.020390 ,2024-08-20 17:34:00,Brasil,PARANÁ,MARIALVA,Mata Atlântica
 1712236218 ,e9e61417-076e-3918-babe-860dea2c0981,  -23.604300 ,  -52.002230 ,2024-08-20 17:34:00,Brasil,PARANÁ,MARIALVA,Mata Atlântica
 1712236219 ,840ffd37-443f-32ab-944b-c602bc2b5c19,  -23.601090 ,  -52.026380 ,2024-08-20 17:34:00,Brasil,PARANÁ,MARIALVA,Mata Atlântica
 1712236220 ,192d246f-b79f-339e-b8df-002207e73310,  -23.599020 ,  -52.007870 ,2024-08-20 17:34:00,Brasil,PARANÁ,MARIALVA,Mata Atlântica
 1712236221 ,095019c7-afc3-3431-86d1-eea2ffeabd21,  -23.564430 ,  -51.012650 ,2024-08-20 17:34:00,Brasil,PARANÁ,LONDRINA,Mata Atlântica
 1712236236 ,5788d472-34ef-3dc3-91d7-b57a59e27fab,  -23.218850 ,  -50.773900 ,2024-08-20 17:34:00,Brasil,PARANÁ,URAÍ,Mata Atlântica
 1712623224 ,43421371-1fcc-3570-992e-72e1ba08b226,  -25.449620 ,  -51.432510 ,2024-08-21 18:13:00,Brasil,PARANÁ,GUARAPUAVA,Mata Atlântica
 1712625571 ,182bf4f4-84ab-3c55-83d2-f8ea1c557aaf,  -25.481370 ,  -49.082410 ,2024-08-21 18:13:00,Brasil,PARANÁ,PIRAQUARA,Mata Atlântica
 1712625650 ,b125afcb-03dc-3296-9dde-df035fef11fa,  -24.710570 ,  -49.829990 ,2024-08-21 18:13:00,Brasil,PARANÁ,CASTRO,Mata Atlântica
 1712625651 ,8dc0f07e-f4e3-3b6a-9af2-2ff42c16fc99,  -24.710270 ,  -49.854820 ,2024-08-21 18:13:00,Brasil,PARANÁ,CASTRO,Mata Atlântica
 1712625652 ,b319ccca-3b90-330e-b40b-bf0f07579d2e,  -24.706880 ,  -49.836420 ,2024-08-21 18:13:00,Brasil,PARANÁ,CASTRO,Mata Atlântica
 1712625653 ,2b8b837c-94ca-3f5f-a1f2-9eb7f25a75db,  -24.702250 ,  -49.851360 ,2024-08-21 18:13:00,Brasil,PARANÁ,CASTRO,Mata Atlântica
 1712625654 ,ae9e0265-b512-35de-a534-19050bc6429b,  -24.698720 ,  -49.832970 ,2024-08-21 18:13:00,Brasil,PARANÁ,CASTRO,Mata Atlântica
 1712625655 ,b3fec40c-8b3e-315e-ae44-d4cbcc287928,  -24.693370 ,  -50.029230 ,2024-08-21 18:13:00,Brasil,PARANÁ,CASTRO,Mata Atlântica
 1712625656 ,e20d0687-5c58-3a12-9c88-051b19194cfe,  -24.065610 ,  -49.947150 ,2024-08-21 18:13:00,Brasil,PARANÁ,ARAPOTI,Mata Atlântica
 1712625657 ,27d3d1df-2d47-3941-9700-7c490eba0d62,  -24.058390 ,  -49.941770 ,2024-08-21 18:13:00,Brasil,PARANÁ,ARAPOTI,Mata Atlântica
 1712625658 ,26288403-aae3-38ac-b680-fd9f1e1474fd,  -25.222080 ,  -49.593170 ,2024-08-21 18:13:00,Brasil,PARANÁ,CAMPO LARGO,Mata Atlântica
 1712625659 ,eaf4f3f5-b3a0-3a3f-817d-e0ae4d85309c,  -25.218950 ,  -49.599340 ,2024-08-21 18:13:00,Brasil,PARANÁ,CAMPO LARGO,Mata Atlântica
 1712625660 ,441dfea3-2d20-3a1c-b853-6a6b96a18b7f,  -25.177220 ,  -49.510210 ,2024-08-21 18:13:00,Brasil,PARANÁ,ITAPERUÇU,Mata Atlântica
 1712625661 ,b1899f5b-5bac-3003-97d4-30784fde29a8,  -25.173690 ,  -49.491470 ,2024-08-21 18:13:00,Brasil,PARANÁ,ITAPERUÇU,Mata Atlântica
 1712625662 ,d54dfe7f-0bf9-330e-9119-1ada9ca56784,  -25.120530 ,  -50.071270 ,2024-08-21 18:13:00,Brasil,PARANÁ,PONTA GROSSA,Mata Atlântica
 1712625663 ,d98d3ef2-115d-3d58-9e1f-9364237a70aa,  -25.117400 ,  -50.054130 ,2024-08-21 18:13:00,Brasil,PARANÁ,PONTA GROSSA,Mata Atlântica
 1712625664 ,9ec048cf-ebbf-3947-9c04-11e9c0e23882,  -25.114840 ,  -50.067100 ,2024-08-21 18:13:00,Brasil,PARANÁ,PONTA GROSSA,Mata Atlântica
 1712625665 ,3eb7c97d-9fbb-3f8d-b270-27e90a4d23c4,  -25.114290 ,  -50.037110 ,2024-08-21 18:13:00,Brasil,PARANÁ,PONTA GROSSA,Mata Atlântica
 1712625666 ,12fd469a-3a48-3da6-bf3f-8fa144cf6261,  -25.108330 ,  -50.032870 ,2024-08-21 18:13:00,Brasil,PARANÁ,PONTA GROSSA,Mata Atlântica
 1712625667 ,e7308151-6660-3e37-836c-283758c3c027,  -24.999030 ,  -49.877330 ,2024-08-21 18:13:00,Brasil,PARANÁ,CASTRO,Mata Atlântica
 1712625668 ,6092f95a-2a6b-3aff-85fb-0956b958e2c0,  -24.989550 ,  -49.867370 ,2024-08-21 18:13:00,Brasil,PARANÁ,CASTRO,Mata Atlântica
 1712625674 ,f017d6dc-42db-3943-8171-887dbdd6ce63,  -25.528960 ,  -49.909240 ,2024-08-21 18:13:00,Brasil,PARANÁ,PORTO AMAZONAS,Mata Atlântica
 1712625675 ,5c317dce-eb8a-3898-980f-f172e8e7a47f,  -25.528580 ,  -50.354230 ,2024-08-21 18:13:00,Brasil,PARANÁ,PALMEIRA,Mata Atlântica
 1712625677 ,7fe9d773-abe7-365b-9a8f-2a3166b00353,  -25.963830 ,  -50.447900 ,2024-08-21 18:13:00,Brasil,PARANÁ,SÃO MATEUS DO SUL,Mata Atlântica
 1712625678 ,63660f1f-5df9-3f81-bf15-fa24fd03620c,  -25.948230 ,  -50.550610 ,2024-08-21 18:13:00,Brasil,PARANÁ,SÃO MATEUS DO SUL,Mata Atlântica
 1712625679 ,fed59177-835f-398e-a6d9-309d488fa605,  -25.946380 ,  -50.540080 ,2024-08-21 18:13:00,Brasil,PARANÁ,SÃO MATEUS DO SUL,Mata Atlântica
 1712625680 ,f21b1a55-72ab-30e6-a5f9-c7f0046448f8,  -25.531520 ,  -50.358950 ,2024-08-21 18:13:00,Brasil,PARANÁ,FERNANDES PINHEIRO,Mata Atlântica
 1712625681 ,8827a919-979b-3089-a79a-d8cde87b5f27,  -25.603100 ,  -50.820820 ,2024-08-21 18:13:00,Brasil,PARANÁ,IRATI,Mata Atlântica
 1712625682 ,1f38de47-245c-3bf4-a216-a53b9424c6bb,  -25.525700 ,  -49.891660 ,2024-08-21 18:13:00,Brasil,PARANÁ,PORTO AMAZONAS,Mata Atlântica
 1712625683 ,36cf2d59-e6ae-3099-8de1-a6b29ac5a046,  -25.828730 ,  -49.978390 ,2024-08-21 18:13:00,Brasil,PARANÁ,LAPA,Mata Atlântica
 1712625684 ,ae75acf0-74ff-38fa-a700-7c8ff3864366,  -25.600360 ,  -50.805470 ,2024-08-21 18:13:00,Brasil,PARANÁ,IRATI,Mata Atlântica
 1712625685 ,0483d696-fc49-321c-a715-8e48ccdcd185,  -25.536080 ,  -49.900340 ,2024-08-21 18:13:00,Brasil,PARANÁ,PORTO AMAZONAS,Mata Atlântica
 1712625686 ,ef1de9b0-ac35-3bc2-b9fd-d15376cf9e0c,  -25.528490 ,  -50.342250 ,2024-08-21 18:13:00,Brasil,PARANÁ,PALMEIRA,Mata Atlântica
 1712625687 ,9c8afa6d-9a30-3305-a875-c994eeda6da0,  -25.525430 ,  -50.337530 ,2024-08-21 18:13:00,Brasil,PARANÁ,PALMEIRA,Mata Atlântica
 1712625781 ,0c504453-4388-3781-b53b-37cde8283db4,  -23.664420 ,  -51.504690 ,2024-08-21 18:13:00,Brasil,PARANÁ,CAMBIRA,Mata Atlântica
 1712625782 ,f3d65211-abb1-3a63-ba70-be829983d79f,  -23.593650 ,  -50.732410 ,2024-08-21 18:13:00,Brasil,PARANÁ,NOVA SANTA BÁRBARA,Mata Atlântica
 1712625783 ,e3c5c46f-9c8c-3a4e-b8de-90c4bb6b14e0,  -23.540210 ,  -51.725090 ,2024-08-21 18:13:00,Brasil,PARANÁ,MANDAGUARI,Mata Atlântica
 1712625784 ,8f752480-6785-38e1-b813-a07b1c3b707e,  -23.521040 ,  -51.991260 ,2024-08-21 18:13:00,Brasil,PARANÁ,MARINGÁ,Mata Atlântica
 1712625785 ,7124fc19-85b7-3b79-9aa1-f583cb276c4d,  -23.518560 ,  -51.977210 ,2024-08-21 18:13:00,Brasil,PARANÁ,MARIALVA,Mata Atlântica
 1712625786 ,465b3937-24f4-38c8-b1ca-4e92044b991e,  -23.515990 ,  -51.999010 ,2024-08-21 18:13:00,Brasil,PARANÁ,MARINGÁ,Mata Atlântica
 1712625787 ,9d81d4a8-1dcd-37eb-95db-8c9ce5b48c0f,  -23.513580 ,  -51.984910 ,2024-08-21 18:13:00,Brasil,PARANÁ,MARINGÁ,Mata Atlântica
 1712625788 ,31176ba4-e3d9-3fe5-9c11-5252b1ae15a7,  -23.511210 ,  -51.971010 ,2024-08-21 18:13:00,Brasil,PARANÁ,MARINGÁ,Mata Atlântica
 1712625789 ,be31f8da-8457-37c5-aa79-d0f9b8c3be53,  -23.510560 ,  -51.993510 ,2024-08-21 18:13:00,Brasil,PARANÁ,MARINGÁ,Mata Atlântica
 1712625790 ,e6fce7f4-9327-31cb-bd18-2dda4d3e7019,  -23.508080 ,  -51.979560 ,2024-08-21 18:13:00,Brasil,PARANÁ,MARINGÁ,Mata Atlântica
 1712625791 ,04beb034-b1fc-3f45-a147-1a35483664be,  -23.503120 ,  -51.987340 ,2024-08-21 18:13:00,Brasil,PARANÁ,MARINGÁ,Mata Atlântica
 1712625796 ,60754105-7b1b-3164-9732-a2ca55994e3e,  -24.357490 ,  -52.071290 ,2024-08-21 18:13:00,Brasil,PARANÁ,IRETAMA,Mata Atlântica
 1712625797 ,116cf231-2cc4-3403-9475-08633fc130fb,  -24.844220 ,  -51.246840 ,2024-08-21 18:13:00,Brasil,PARANÁ,PRUDENTÓPOLIS,Mata Atlântica
 1712625798 ,e6236642-88bb-315f-ba0d-505a68f11af3,  -24.828050 ,  -51.281520 ,2024-08-21 18:13:00,Brasil,PARANÁ,PRUDENTÓPOLIS,Mata Atlântica
 1712625799 ,d6fc4a62-deae-3510-978f-42c9a33f6695,  -24.825410 ,  -51.266650 ,2024-08-21 18:13:00,Brasil,PARANÁ,PRUDENTÓPOLIS,Mata Atlântica
 1712625800 ,42fc544d-0ee1-3464-b549-da8f78dd40db,  -24.729880 ,  -51.525460 ,2024-08-21 18:13:00,Brasil,PARANÁ,BOA VENTURA DE SÃO ROQUE,Mata Atlântica
 1712625801 ,735d71ad-7c15-3ea5-8c7f-828669aee4d9,  -24.727460 ,  -51.511500 ,2024-08-21 18:13:00,Brasil,PARANÁ,BOA VENTURA DE SÃO ROQUE,Mata Atlântica
 1712625802 ,fad1014e-b073-343a-aec6-d16bc364575b,  -24.723510 ,  -51.519680 ,2024-08-21 18:13:00,Brasil,PARANÁ,BOA VENTURA DE SÃO ROQUE,Mata Atlântica
 1712625803 ,2180b990-12c6-368f-a30e-a6908be2689e,  -24.365400 ,  -52.055670 ,2024-08-21 18:13:00,Brasil,PARANÁ,IRETAMA,Mata Atlântica
 1712625804 ,fcde2374-d1bb-3a65-9466-f75e445dddfc,  -23.774670 ,  -52.010640 ,2024-08-21 18:13:00,Brasil,PARANÁ,ITAMBÉ,Mata Atlântica
 1712625805 ,8e3c8064-590f-38e4-bf97-79d78b18ed7d,  -23.772360 ,  -51.997190 ,2024-08-21 18:13:00,Brasil,PARANÁ,ITAMBÉ,Mata Atlântica
 1712625806 ,d6ebd3c9-5b15-363f-9773-722a9ee98de7,  -23.761880 ,  -51.999150 ,2024-08-21 18:13:00,Brasil,PARANÁ,ITAMBÉ,Mata Atlântica
 1712625807 ,a42ae45d-e5c6-33ee-b66d-6b21f41705a5,  -24.360100 ,  -52.062380 ,2024-08-21 18:13:00,Brasil,PARANÁ,IRETAMA,Mata Atlântica
 1712625808 ,4198dbde-c170-3f2a-b768-e1ac008edde2,  -24.355130 ,  -52.057890 ,2024-08-21 18:13:00,Brasil,PARANÁ,IRETAMA,Mata Atlântica
 1712625809 ,455c4561-88ac-36d8-9871-9ec08f276d2a,  -25.156510 ,  -51.978820 ,2024-08-21 18:13:00,Brasil,PARANÁ,GOIOXIM,Mata Atlântica
 1712625810 ,06859835-0574-3bcc-ba2e-a8a242461640,  -25.154250 ,  -51.965630 ,2024-08-21 18:13:00,Brasil,PARANÁ,GOIOXIM,Mata Atlântica
 1712625811 ,ca8aee4d-e952-30b3-928b-a73350be9303,  -25.114610 ,  -51.199970 ,2024-08-21 18:13:00,Brasil,PARANÁ,PRUDENTÓPOLIS,Mata Atlântica
 1712625812 ,27466302-0a5e-3edd-9ef4-28f3b1e882b4,  -25.111970 ,  -51.184980 ,2024-08-21 18:13:00,Brasil,PARANÁ,PRUDENTÓPOLIS,Mata Atlântica
 1712625813 ,e149bb84-192c-3cb2-adce-1b14695be21d,  -25.071990 ,  -50.959500 ,2024-08-21 18:13:00,Brasil,PARANÁ,PRUDENTÓPOLIS,Mata Atlântica
 1712625814 ,f1d2cc8f-1787-3fc1-8c15-37935fbde2a1,  -25.069180 ,  -50.943730 ,2024-08-21 18:13:00,Brasil,PARANÁ,IVAÍ,Mata Atlântica
 1712625815 ,f459081c-2579-3903-9662-37ccfdaa524e,  -25.033810 ,  -51.208450 ,2024-08-21 18:13:00,Brasil,PARANÁ,PRUDENTÓPOLIS,Mata Atlântica
 1712625816 ,7fd42f90-1c81-3bc1-ac85-ca730f03f6cf,  -25.026110 ,  -51.142910 ,2024-08-21 18:13:00,Brasil,PARANÁ,PRUDENTÓPOLIS,Mata Atlântica
 1712625817 ,1e64a4ff-cf11-3798-8fb6-c5ee83e7f2f2,  -25.023500 ,  -51.149900 ,2024-08-21 18:13:00,Brasil,PARANÁ,PRUDENTÓPOLIS,Mata Atlântica
 1712625818 ,56eba830-cb36-3fb4-86b7-94383fa4465b,  -25.001050 ,  -50.944240 ,2024-08-21 18:13:00,Brasil,PARANÁ,IVAÍ,Mata Atlântica
 1712625819 ,40d64689-d33f-32d1-a208-c81d216fb979,  -24.961620 ,  -51.796970 ,2024-08-21 18:13:00,Brasil,PARANÁ,SANTA MARIA DO OESTE,Mata Atlântica
 1712625820 ,42c5a5a2-2d28-387c-9a01-11a300984ff8,  -24.959320 ,  -51.783550 ,2024-08-21 18:13:00,Brasil,PARANÁ,SANTA MARIA DO OESTE,Mata Atlântica
 1712625821 ,f6a5d32c-5aaa-3b65-8935-1f4d7d2e3379,  -24.957430 ,  -51.791180 ,2024-08-21 18:13:00,Brasil,PARANÁ,SANTA MARIA DO OESTE,Mata Atlântica
 1712625822 ,2326cdd9-4dd2-3f0c-b0eb-d6d81b76f989,  -24.955030 ,  -51.777720 ,2024-08-21 18:13:00,Brasil,PARANÁ,SANTA MARIA DO OESTE,Mata Atlântica
 1712625823 ,b4dbebc3-0f54-33fa-98b3-183871a3d9f8,  -24.930880 ,  -50.884960 ,2024-08-21 18:13:00,Brasil,PARANÁ,IVAÍ,Mata Atlântica
 1712625824 ,90fdbea8-6945-3ebe-958f-98a4fc8df401,  -24.923260 ,  -51.092530 ,2024-08-21 18:13:00,Brasil,PARANÁ,CÂNDIDO DE ABREU,Mata Atlântica
 1712625825 ,a33934f7-205e-3508-8379-bab14f1e25f9,  -24.922670 ,  -51.098280 ,2024-08-21 18:13:00,Brasil,PARANÁ,CÂNDIDO DE ABREU,Mata Atlântica
 1712625826 ,a51609dc-bf34-3fec-bb7d-fa6fe34cdd26,  -24.920540 ,  -51.077640 ,2024-08-21 18:13:00,Brasil,PARANÁ,CÂNDIDO DE ABREU,Mata Atlântica
 1712625827 ,15f65142-cad1-30c0-9180-27c422025891,  -24.920050 ,  -51.083440 ,2024-08-21 18:13:00,Brasil,PARANÁ,CÂNDIDO DE ABREU,Mata Atlântica
 1712625828 ,d4e35ee2-977d-3873-aa54-23838a9ddf66,  -26.386840 ,  -51.778640 ,2024-08-21 18:13:00,Brasil,PARANÁ,PALMAS,Mata Atlântica
 1712625829 ,0e2a2f74-b47e-3c1e-ac0e-8ace3ebb683e,  -25.991860 ,  -52.169640 ,2024-08-21 18:13:00,Brasil,PARANÁ,MANGUEIRINHA,Mata Atlântica
 1712625830 ,a1d6165a-9d7e-382e-a58e-46767a845cbe,  -26.092110 ,  -51.554770 ,2024-08-21 18:13:00,Brasil,PARANÁ,BITURUNA,Mata Atlântica
 1712625831 ,87e9f61d-75ca-34a3-bf06-fac9d328a302,  -25.956880 ,  -51.377540 ,2024-08-21 18:13:00,Brasil,PARANÁ,CRUZ MACHADO,Mata Atlântica
 1712625833 ,ca1033c3-16ac-3897-9608-3fe178e1abb2,  -25.775740 ,  -51.645180 ,2024-08-21 18:13:00,Brasil,PARANÁ,PINHÃO,Mata Atlântica
 1712625834 ,680c55a0-0472-3310-aa9a-7210dfa45223,  -25.772720 ,  -51.665000 ,2024-08-21 18:13:00,Brasil,PARANÁ,PINHÃO,Mata Atlântica
 1712625835 ,8e2f1cce-0b57-3d10-8948-c0022c809bb0,  -25.487460 ,  -51.072770 ,2024-08-21 18:13:00,Brasil,PARANÁ,PRUDENTÓPOLIS,Mata Atlântica
 1712625836 ,a1521245-ce12-3872-9080-31584e09ffdb,  -25.486050 ,  -51.078980 ,2024-08-21 18:13:00,Brasil,PARANÁ,PRUDENTÓPOLIS,Mata Atlântica
 1712625837 ,55336bd9-8779-381f-96de-8a09eb2e5b32,  -25.452150 ,  -51.446590 ,2024-08-21 18:13:00,Brasil,PARANÁ,GUARAPUAVA,Mata Atlântica
 1712625838 ,78bd0a85-3f50-3059-9cdf-11b80664111a,  -25.427040 ,  -51.061230 ,2024-08-21 18:13:00,Brasil,PARANÁ,PRUDENTÓPOLIS,Mata Atlântica
 1712625839 ,36381fcc-9b71-32e1-bef0-01330cf33c28,  -25.455230 ,  -51.438190 ,2024-08-21 18:13:00,Brasil,PARANÁ,GUARAPUAVA,Mata Atlântica
 1712625840 ,53c7ae70-b354-34c2-bb15-f91c6655ff57,  -25.362300 ,  -51.221860 ,2024-08-21 18:13:00,Brasil,PARANÁ,GUARAPUAVA,Mata Atlântica
 1712625841 ,c0bdcf22-4012-3bda-8996-a77203509af5,  -25.800840 ,  -51.482830 ,2024-08-21 18:13:00,Brasil,PARANÁ,PINHÃO,Mata Atlântica
 1712625842 ,d891885c-a539-3dcd-92bb-a99892305569,  -25.778110 ,  -51.658600 ,2024-08-21 18:13:00,Brasil,PARANÁ,PINHÃO,Mata Atlântica
 1712625843 ,81c3fb99-335f-3a7d-b09e-4f988412bd82,  -25.770420 ,  -51.651580 ,2024-08-21 18:13:00,Brasil,PARANÁ,PINHÃO,Mata Atlântica
 1712625844 ,f46e9d68-2989-35d3-9b55-e99030749698,  -25.659140 ,  -52.147390 ,2024-08-21 18:13:00,Brasil,PARANÁ,CANDÓI,Mata Atlântica
 1712625845 ,e4297f1d-19b8-3b0b-91cf-01440a9e2f7f,  -25.634830 ,  -52.126380 ,2024-08-21 18:13:00,Brasil,PARANÁ,CANDÓI,Mata Atlântica
 1712625846 ,20b957c7-5967-3b9d-b471-59d0c0487e10,  -25.437850 ,  -51.059130 ,2024-08-21 18:13:00,Brasil,PARANÁ,PRUDENTÓPOLIS,Mata Atlântica
 1712625847 ,2b7d1516-6cc4-3ad8-95de-a762032e0938,  -25.364290 ,  -51.995590 ,2024-08-21 18:13:00,Brasil,PARANÁ,CANDÓI,Mata Atlântica
 1712625848 ,8c1896b6-61f5-3146-afb9-381554c68413,  -25.346080 ,  -52.428130 ,2024-08-21 18:13:00,Brasil,PARANÁ,LARANJEIRAS DO SUL,Mata Atlântica
 1712625849 ,d3258b2c-5ff0-3ea7-b3ee-7be8ff1c0f1f,  -25.297310 ,  -52.379940 ,2024-08-21 18:13:00,Brasil,PARANÁ,LARANJEIRAS DO SUL,Mata Atlântica
 1712625850 ,b2e1a133-7cf4-39c1-9dfb-f09818784cfc,  -25.795440 ,  -51.696380 ,2024-08-21 18:13:00,Brasil,PARANÁ,PINHÃO,Mata Atlântica
 1712625861 ,61e96466-9db2-3b80-9813-edff577a1358,  -23.818480 ,  -53.244510 ,2024-08-21 18:13:00,Brasil,PARANÁ,UMUARAMA,Mata Atlântica
 1712625879 ,757246fb-a683-340e-b3eb-ef5feb1c2331,  -23.476850 ,  -52.148480 ,2024-08-21 18:13:00,Brasil,PARANÁ,PAIÇANDU,Mata Atlântica
 1712625880 ,ede46b43-1bf4-3808-b4df-c53387b86c53,  -23.474490 ,  -52.134930 ,2024-08-21 18:13:00,Brasil,PARANÁ,PAIÇANDU,Mata Atlântica
 1712625881 ,879bec19-b2a7-3768-8572-3a84bee3399b,  -23.466490 ,  -52.150780 ,2024-08-21 18:13:00,Brasil,PARANÁ,PAIÇANDU,Mata Atlântica
 1712625882 ,96cfa97a-caee-3d48-bf1a-a10fd32a8fbc,  -23.464130 ,  -52.137340 ,2024-08-21 18:13:00,Brasil,PARANÁ,PAIÇANDU,Mata Atlântica
 1712625883 ,c1557090-212f-3b9b-91d7-bb890a54a220,  -23.461750 ,  -52.123730 ,2024-08-21 18:13:00,Brasil,PARANÁ,PAIÇANDU,Mata Atlântica
 1712625884 ,1e4e87be-f345-3106-86d4-417712723c92,  -23.456140 ,  -52.153180 ,2024-08-21 18:13:00,Brasil,PARANÁ,PAIÇANDU,Mata Atlântica
 1712625885 ,dc1092cc-f793-373b-a524-9bc241ae3053,  -23.453740 ,  -52.139530 ,2024-08-21 18:13:00,Brasil,PARANÁ,PAIÇANDU,Mata Atlântica
 1712625886 ,95bce645-77e0-37f1-8fc7-44d8cdc4b388,  -23.451380 ,  -52.126110 ,2024-08-21 18:13:00,Brasil,PARANÁ,PAIÇANDU,Mata Atlântica
 1712625887 ,414fe284-b34d-30d2-a710-361059a16461,  -23.449340 ,  -52.146290 ,2024-08-21 18:13:00,Brasil,PARANÁ,PAIÇANDU,Mata Atlântica
 1712625888 ,c4ad5622-8d94-38a4-92d9-19a9a9b812d2,  -23.448990 ,  -52.112540 ,2024-08-21 18:13:00,Brasil,PARANÁ,PAIÇANDU,Mata Atlântica
 1712625889 ,9056f4a9-6fe3-307d-8e83-1a751dcecd31,  -23.447020 ,  -52.132620 ,2024-08-21 18:13:00,Brasil,PARANÁ,PAIÇANDU,Mata Atlântica
 1712625890 ,b71a227e-784f-30b2-ae6f-0ef61441186c,  -23.445800 ,  -52.155680 ,2024-08-21 18:13:00,Brasil,PARANÁ,PAIÇANDU,Mata Atlântica
 1712625891 ,c0220fdb-1d0d-3a94-991d-32402c08716a,  -23.444720 ,  -52.119100 ,2024-08-21 18:13:00,Brasil,PARANÁ,PAIÇANDU,Mata Atlântica
 1712625892 ,2137b683-6940-3ef3-b6fe-d2df995b95c5,  -23.443370 ,  -52.141920 ,2024-08-21 18:13:00,Brasil,PARANÁ,PAIÇANDU,Mata Atlântica
 1712625893 ,10666d2b-0189-3a46-a3d1-5e478b3d71a1,  -23.440960 ,  -52.128240 ,2024-08-21 18:13:00,Brasil,PARANÁ,PAIÇANDU,Mata Atlântica
 1712625894 ,96c9a1f7-b511-3b2a-9d4d-5e6d397ad69c,  -23.439000 ,  -52.148870 ,2024-08-21 18:13:00,Brasil,PARANÁ,PAIÇANDU,Mata Atlântica
 1712625895 ,688c1b80-a4a8-3ea8-9c8d-b425020eea55,  -23.438570 ,  -52.114730 ,2024-08-21 18:13:00,Brasil,PARANÁ,PAIÇANDU,Mata Atlântica
 1712625896 ,9cb3f857-ac51-3c2e-84a3-bb0fff462de3,  -23.436660 ,  -52.135110 ,2024-08-21 18:13:00,Brasil,PARANÁ,PAIÇANDU,Mata Atlântica
 1712625897 ,b5b5de20-4af4-36c4-a8bf-4f95fa3b833f,  -23.434330 ,  -52.121480 ,2024-08-21 18:13:00,Brasil,PARANÁ,PAIÇANDU,Mata Atlântica
 1712625898 ,6923ac0c-f0c4-3fef-acc7-6fb0073fe701,  -23.432010 ,  -52.107850 ,2024-08-21 18:13:00,Brasil,PARANÁ,PAIÇANDU,Mata Atlântica
 1712625899 ,bc044c4e-cb9e-3761-9b54-0010338b9a75,  -23.426270 ,  -52.137440 ,2024-08-21 18:13:00,Brasil,PARANÁ,PAIÇANDU,Mata Atlântica
 1712625900 ,6d8d9957-e3be-3916-a0ad-21dd008da676,  -23.423950 ,  -52.123910 ,2024-08-21 18:13:00,Brasil,PARANÁ,PAIÇANDU,Mata Atlântica
 1712625901 ,2697a9b4-d0ed-3602-b77c-18bd98f6e9ba,  -23.421620 ,  -52.110280 ,2024-08-21 18:13:00,Brasil,PARANÁ,PAIÇANDU,Mata Atlântica
 1712625902 ,dc755a06-6a5b-39c2-abb6-2086cbe06781,  -23.413500 ,  -52.125920 ,2024-08-21 18:13:00,Brasil,PARANÁ,PAIÇANDU,Mata Atlântica
 1712625903 ,46887412-0276-3930-80d4-3e1f4245f377,  -23.411180 ,  -52.112420 ,2024-08-21 18:13:00,Brasil,PARANÁ,PAIÇANDU,Mata Atlântica
 1712625904 ,4dd84dad-543b-3978-b25a-975df7bc5270,  -23.117570 ,  -52.150070 ,2024-08-21 18:13:00,Brasil,PARANÁ,ATALAIA,Mata Atlântica
 1712625905 ,55b643bc-d646-38fd-935a-bd30c45019fb,  -23.039190 ,  -53.011730 ,2024-08-21 18:15:00,Brasil,PARANÁ,LOANDA,Mata Atlântica
 1712625906 ,eb768e90-d465-378f-b0a5-f5e151bc20b0,  -23.037730 ,  -53.006520 ,2024-08-21 18:15:00,Brasil,PARANÁ,LOANDA,Mata Atlântica
 1712625907 ,280f071b-f9b6-31cc-9658-e8193b743753,  -23.037170 ,  -52.999430 ,2024-08-21 18:15:00,Brasil,PARANÁ,LOANDA,Mata Atlântica
 1712625908 ,5e49eae9-1dfa-3828-ba9c-16e01e43a8cb,  -23.035630 ,  -52.994190 ,2024-08-21 18:15:00,Brasil,PARANÁ,LOANDA,Mata Atlântica
 1712625909 ,664c0bf6-270b-35c1-9a8b-928075058469,  -22.567480 ,  -52.054020 ,2024-08-21 18:15:00,Brasil,PARANÁ,JARDIM OLINDA,Mata Atlântica
 1712625910 ,3017d3b4-b4d5-3490-9b7e-e9d3479e088b,  -22.565000 ,  -52.039690 ,2024-08-21 18:15:00,Brasil,PARANÁ,JARDIM OLINDA,Mata Atlântica
 1712625913 ,ef9e4e25-c3d1-303d-905d-fc1f6a5e59b4,  -25.160830 ,  -52.546970 ,2024-08-21 18:13:00,Brasil,PARANÁ,NOVA LARANJEIRAS,Mata Atlântica
 1712625914 ,94132fb3-18dc-35eb-b10a-227325be05e3,  -24.067770 ,  -52.413590 ,2024-08-21 18:13:00,Brasil,PARANÁ,CAMPO MOURÃO,Mata Atlântica
 1712625915 ,68ee9588-bdc3-33f3-b64b-827320d68c88,  -24.048650 ,  -52.409660 ,2024-08-21 18:13:00,Brasil,PARANÁ,CAMPO MOURÃO,Mata Atlântica
 1712625916 ,f4f6b6aa-644d-3afd-b822-6c5025170a46,  -24.055440 ,  -52.402820 ,2024-08-21 18:13:00,Brasil,PARANÁ,CAMPO MOURÃO,Mata Atlântica
 1712625917 ,cbeff050-ae29-39f6-a738-fe3fa6afc56d,  -24.455490 ,  -53.259640 ,2024-08-21 18:13:00,Brasil,PARANÁ,NOVA AURORA,Mata Atlântica
 1712625918 ,4d51cc2e-ee24-30d0-95bd-63ec00029542,  -24.065580 ,  -52.400850 ,2024-08-21 18:13:00,Brasil,PARANÁ,CAMPO MOURÃO,Mata Atlântica
 1712625919 ,aa16e3fa-27ce-3948-8019-70c274fe6f81,  -24.057670 ,  -52.415700 ,2024-08-21 18:13:00,Brasil,PARANÁ,CAMPO MOURÃO,Mata Atlântica
 1712625920 ,5a37d3fa-e046-39ce-b30f-1550c54ef2d0,  -24.046510 ,  -52.396870 ,2024-08-21 18:13:00,Brasil,PARANÁ,CAMPO MOURÃO,Mata Atlântica
 1712625921 ,fea87eff-f295-3c30-8a17-d426ff4dd0d6,  -23.817690 ,  -53.250490 ,2024-08-21 18:13:00,Brasil,PARANÁ,UMUARAMA,Mata Atlântica
 1712625922 ,a5a8a1fd-d7a6-302b-adf5-edacfe2fddb7,  -23.816510 ,  -53.232760 ,2024-08-21 18:13:00,Brasil,PARANÁ,UMUARAMA,Mata Atlântica
 1712625923 ,cd7c5e2b-c99e-3b7c-a7ff-0d6a8e6257c9,  -23.815770 ,  -53.238670 ,2024-08-21 18:13:00,Brasil,PARANÁ,UMUARAMA,Mata Atlântica
 1712625929 ,74e6a7da-053a-3968-9c0f-bf56ba3521bc,  -25.429490 ,  -52.498330 ,2024-08-21 18:13:00,Brasil,PARANÁ,LARANJEIRAS DO SUL,Mata Atlântica
 1712625930 ,d98fe69a-96e3-3e0c-824a-174b0cade27e,  -25.404930 ,  -52.653790 ,2024-08-21 18:13:00,Brasil,PARANÁ,NOVA LARANJEIRAS,Mata Atlântica
 1712625931 ,ab9bb71c-14af-39d8-a4df-31c3b4ed8e19,  -25.342930 ,  -52.770970 ,2024-08-21 18:13:00,Brasil,PARANÁ,ESPIGÃO ALTO DO IGUAÇU,Mata Atlântica
 1712626088 ,7e41ec20-181c-3614-a20c-23ac78e04b6a,  -25.208250 ,  -54.037930 ,2024-08-21 18:13:00,Brasil,PARANÁ,MEDIANEIRA,Mata Atlântica
 1712626089 ,7e3929fe-d869-30ac-bd92-4c393152df80,  -24.992370 ,  -54.080850 ,2024-08-21 18:13:00,Brasil,PARANÁ,DIAMANTE D'OESTE,Mata Atlântica
 1712626090 ,aa23fd19-eeaf-3528-8f14-926f10b7e501,  -24.994040 ,  -54.091330 ,2024-08-21 18:13:00,Brasil,PARANÁ,DIAMANTE D'OESTE,Mata Atlântica
 1713016303 ,f6423f1c-22f2-3dca-96e4-c4cec6780c62,  -25.972190 ,  -49.253800 ,2024-08-22 17:17:00,Brasil,PARANÁ,TIJUCAS DO SUL,Mata Atlântica
 1713016304 ,f665a37e-5bf6-30cc-9846-c1e923449b9f,  -25.963940 ,  -49.247570 ,2024-08-22 17:17:00,Brasil,PARANÁ,TIJUCAS DO SUL,Mata Atlântica
 1713016305 ,99893f65-0d65-393b-861c-58f17013c833,  -25.950250 ,  -49.093280 ,2024-08-22 17:17:00,Brasil,PARANÁ,TIJUCAS DO SUL,Mata Atlântica
 1713016306 ,01c3974b-d059-3519-8ea6-9f5ec0b77093,  -25.947980 ,  -49.067830 ,2024-08-22 17:17:00,Brasil,PARANÁ,TIJUCAS DO SUL,Mata Atlântica
 1713016307 ,228b2c49-e4ed-3e22-939f-baf54ea5025f,  -25.941120 ,  -49.075580 ,2024-08-22 17:17:00,Brasil,PARANÁ,TIJUCAS DO SUL,Mata Atlântica
 1713016308 ,6347c500-fc14-3249-ae5d-2b06a6eeacc6,  -25.518610 ,  -49.021080 ,2024-08-22 17:17:00,Brasil,PARANÁ,PIRAQUARA,Mata Atlântica
 1713016309 ,60a174e0-bbf2-30c1-8992-9914f6686c0a,  -25.511810 ,  -49.026660 ,2024-08-22 17:17:00,Brasil,PARANÁ,PIRAQUARA,Mata Atlântica
 1713016310 ,a073917d-8bbf-355e-9dfd-d75846b965a1,  -25.372580 ,  -49.099620 ,2024-08-22 17:17:00,Brasil,PARANÁ,QUATRO BARRAS,Mata Atlântica
 1713016311 ,437327f4-7758-33d5-84cd-2b90e9731c0e,  -25.236420 ,  -49.277370 ,2024-08-22 17:17:00,Brasil,PARANÁ,ALMIRANTE TAMANDARÉ,Mata Atlântica
 1713016312 ,5f203a0c-bceb-3945-bc57-86afb5814947,  -25.228990 ,  -49.270900 ,2024-08-22 17:17:00,Brasil,PARANÁ,ALMIRANTE TAMANDARÉ,Mata Atlântica
 1713016676 ,59253bc9-3fd5-33f6-9121-7251d23a3cec,  -23.223240 ,  -50.088580 ,2024-08-22 17:17:00,Brasil,PARANÁ,SANTO ANTÔNIO DA PLATINA,Mata Atlântica
 1713016677 ,3a57df6a-0266-3b2d-b50d-8bfb6fadbf73,  -23.220800 ,  -50.061630 ,2024-08-22 17:17:00,Brasil,PARANÁ,SANTO ANTÔNIO DA PLATINA,Mata Atlântica
 1713016678 ,dd7edf80-615a-3635-9b5d-fde7d5cfb139,  -23.220620 ,  -50.093830 ,2024-08-22 17:17:00,Brasil,PARANÁ,SANTO ANTÔNIO DA PLATINA,Mata Atlântica
 1713016679 ,a58d360c-e94a-30fd-9eb4-84d6281c15e1,  -23.217990 ,  -50.066720 ,2024-08-22 17:17:00,Brasil,PARANÁ,SANTO ANTÔNIO DA PLATINA,Mata Atlântica
 1713016700 ,a8b35018-46f6-3ae3-863c-3dbe2840c5b9,  -25.225530 ,  -50.109500 ,2024-08-22 17:17:00,Brasil,PARANÁ,PONTA GROSSA,Mata Atlântica
 1713016701 ,7dbea8cd-7825-332a-a84b-584975ed0e04,  -25.223070 ,  -50.080460 ,2024-08-22 17:17:00,Brasil,PARANÁ,PONTA GROSSA,Mata Atlântica
 1713016702 ,3685d81d-8897-3a16-a6e0-62bd8d918478,  -25.222730 ,  -50.085170 ,2024-08-22 17:17:00,Brasil,PARANÁ,PONTA GROSSA,Mata Atlântica
 1713016703 ,2afb946b-9112-3498-be44-7b0673f1d3eb,  -25.170060 ,  -49.472010 ,2024-08-22 17:17:00,Brasil,PARANÁ,ITAPERUÇU,Mata Atlântica
 1713016704 ,753b5506-59e9-3b8c-aad0-3a6e89389cba,  -25.095190 ,  -49.846750 ,2024-08-22 17:17:00,Brasil,PARANÁ,PONTA GROSSA,Mata Atlântica
 1713016705 ,734c0bd1-4239-3f3b-9e71-b6f4c4b9f612,  -24.702890 ,  -49.826030 ,2024-08-22 17:17:00,Brasil,PARANÁ,CASTRO,Mata Atlântica
 1713016706 ,acff5ea9-885b-3058-b42e-704905d316cf,  -24.375480 ,  -50.689260 ,2024-08-22 17:17:00,Brasil,PARANÁ,TELÊMACO BORBA,Mata Atlântica
 1713016707 ,af32ab2b-f9d3-34e0-9be5-da8f029f3df1,  -24.372790 ,  -50.684540 ,2024-08-22 17:17:00,Brasil,PARANÁ,TELÊMACO BORBA,Mata Atlântica
 1713016708 ,b611af2a-0b14-3ada-8b2b-a33fa1774221,  -24.116920 ,  -49.818810 ,2024-08-22 17:17:00,Brasil,PARANÁ,ARAPOTI,Mata Atlântica
 1713016709 ,7c621207-616f-33f7-95fa-c9c674638c32,  -24.113480 ,  -49.823830 ,2024-08-22 17:17:00,Brasil,PARANÁ,ARAPOTI,Mata Atlântica
 1713016710 ,8b9202c6-1428-393e-b042-299655d4cb2f,  -25.675040 ,  -49.912520 ,2024-08-22 17:17:00,Brasil,PARANÁ,LAPA,Mata Atlântica
 1713016711 ,ab88051d-63f2-38c9-b653-6a25c146d7e6,  -25.673260 ,  -49.919900 ,2024-08-22 17:17:00,Brasil,PARANÁ,LAPA,Mata Atlântica
 1713016712 ,9033b5ae-1432-3bd4-bfb4-f4302e1be0c3,  -25.419300 ,  -50.261990 ,2024-08-22 17:17:00,Brasil,PARANÁ,PALMEIRA,Mata Atlântica
 1713016713 ,76c72d91-06df-330f-aeb1-280b734b6b76,  -25.416610 ,  -50.232110 ,2024-08-22 17:17:00,Brasil,PARANÁ,PALMEIRA,Mata Atlântica
 1713016714 ,2a36e5ff-ba67-367a-b7ec-b21ab3e0fa4e,  -25.415780 ,  -50.227800 ,2024-08-22 17:17:00,Brasil,PARANÁ,PALMEIRA,Mata Atlântica
 1713016715 ,6040852c-d932-3e4c-9a73-9ceec9af9b25,  -25.413910 ,  -50.202150 ,2024-08-22 17:17:00,Brasil,PARANÁ,PALMEIRA,Mata Atlântica
 1713016716 ,a098415c-d7d7-3b4c-9b5b-01d3ae1072ff,  -25.413260 ,  -50.197630 ,2024-08-22 17:17:00,Brasil,PARANÁ,PALMEIRA,Mata Atlântica
 1713016717 ,6e5e4048-0812-3a92-9790-ce0de738b23c,  -25.361640 ,  -49.761490 ,2024-08-22 17:17:00,Brasil,PARANÁ,PALMEIRA,Mata Atlântica
 1713016718 ,ccd2f4c2-ff49-332e-969a-84630bd2e2f4,  -25.359360 ,  -49.766250 ,2024-08-22 17:17:00,Brasil,PARANÁ,PALMEIRA,Mata Atlântica
 1713016719 ,63da22d2-189b-3c56-80ce-ea3380b15363,  -25.359320 ,  -49.734420 ,2024-08-22 17:17:00,Brasil,PARANÁ,CAMPO LARGO,Mata Atlântica
 1713016720 ,5d5b47d1-b08f-343f-9fde-61a94d1a8ddc,  -25.356820 ,  -49.738680 ,2024-08-22 17:17:00,Brasil,PARANÁ,CAMPO LARGO,Mata Atlântica
 1713016721 ,37ae197c-a15c-35f6-97fb-d5b39b46f2a9,  -25.302750 ,  -50.631990 ,2024-08-22 17:17:00,Brasil,PARANÁ,IMBITUVA,Mata Atlântica
 1713016722 ,91fc1086-0344-3bd1-8fb0-88bfe47f487e,  -25.299360 ,  -50.627480 ,2024-08-22 17:17:00,Brasil,PARANÁ,IMBITUVA,Mata Atlântica
 1713017014 ,3590500e-a097-3810-b6c7-cbe89cb112c2,  -23.752880 ,  -51.794750 ,2024-08-22 17:17:00,Brasil,PARANÁ,BOM SUCESSO,Mata Atlântica
 1713017015 ,38b44ba5-d112-3fd2-aa42-73c14d6d2aa5,  -23.743350 ,  -51.791220 ,2024-08-22 17:17:00,Brasil,PARANÁ,BOM SUCESSO,Mata Atlântica
 1713017016 ,088e9535-9602-3a5b-a17d-5a46e6d11d95,  -23.720240 ,  -51.797110 ,2024-08-22 17:17:00,Brasil,PARANÁ,BOM SUCESSO,Mata Atlântica
 1713017017 ,612998f9-2d55-3db8-b515-3375bbbdba09,  -23.703960 ,  -51.798720 ,2024-08-22 17:17:00,Brasil,PARANÁ,BOM SUCESSO,Mata Atlântica
 1713017018 ,1995c6c8-8e28-3d47-98da-f4edcee760ee,  -23.631880 ,  -51.514420 ,2024-08-22 17:17:00,Brasil,PARANÁ,APUCARANA,Mata Atlântica
 1713017019 ,3f33be79-f0e8-3b2e-9bc9-4d6a8a7d5bb2,  -23.622490 ,  -51.522890 ,2024-08-22 17:17:00,Brasil,PARANÁ,APUCARANA,Mata Atlântica
 1713017020 ,7a652160-1f59-353f-a864-a78198d6a5dc,  -23.470560 ,  -51.478160 ,2024-08-22 17:17:00,Brasil,PARANÁ,ARAPONGAS,Mata Atlântica
 1713017021 ,f6ff853e-72d5-39f0-a6cf-69184406e0d0,  -23.467350 ,  -51.442750 ,2024-08-22 17:17:00,Brasil,PARANÁ,ARAPONGAS,Mata Atlântica
 1713017022 ,6eab1a91-03c2-3b5b-be8b-f63b6a83ca17,  -23.464500 ,  -51.471320 ,2024-08-22 17:17:00,Brasil,PARANÁ,ARAPONGAS,Mata Atlântica
 1713017023 ,99e0896b-1a63-3944-8959-2767e4b7ce0b,  -23.463230 ,  -51.954140 ,2024-08-22 17:17:00,Brasil,PARANÁ,MARINGÁ,Mata Atlântica
 1713017024 ,5add2225-6a6b-3385-ae04-c418edeb7b43,  -23.461540 ,  -51.435790 ,2024-08-22 17:17:00,Brasil,PARANÁ,ARAPONGAS,Mata Atlântica
 1713017027 ,d926c5d4-a10e-3c94-bca0-538855b135f7,  -23.391610 ,  -51.885510 ,2024-08-22 17:17:00,Brasil,PARANÁ,MARINGÁ,Mata Atlântica
 1713017028 ,7335a8c9-a144-38ce-ab06-d3010a7abe63,  -23.385070 ,  -51.890610 ,2024-08-22 17:17:00,Brasil,PARANÁ,MARINGÁ,Mata Atlântica
 1713017029 ,939311bd-7225-31df-acf2-6c1a0249fc6c,  -23.257100 ,  -51.836340 ,2024-08-22 17:17:00,Brasil,PARANÁ,IGUARAÇU,Mata Atlântica
 1713017030 ,dde84170-e186-3cec-ac18-290e4988279f,  -23.254010 ,  -51.799710 ,2024-08-22 17:17:00,Brasil,PARANÁ,IGUARAÇU,Mata Atlântica
 1713017031 ,669ceef5-7111-32df-be15-f56ef936a8d7,  -23.250060 ,  -51.841350 ,2024-08-22 17:17:00,Brasil,PARANÁ,IGUARAÇU,Mata Atlântica
 1713017032 ,ec42fb6e-7f37-3dc6-bed8-bea3cbd1edb4,  -23.246770 ,  -51.805000 ,2024-08-22 17:17:00,Brasil,PARANÁ,IGUARAÇU,Mata Atlântica
 1713017037 ,31d2e450-bfc6-37c0-9a91-0581affb4fc4,  -25.106850 ,  -51.793430 ,2024-08-22 17:17:00,Brasil,PARANÁ,CAMPINA DO SIMÃO,Mata Atlântica
 1713017038 ,7e7401ea-87fd-335b-9c77-af6b79f2a176,  -25.100540 ,  -51.802140 ,2024-08-22 17:17:00,Brasil,PARANÁ,CAMPINA DO SIMÃO,Mata Atlântica
 1713017039 ,f89232fd-44a6-3fe4-82db-f76a22ec93fa,  -25.042920 ,  -51.112680 ,2024-08-22 17:17:00,Brasil,PARANÁ,PRUDENTÓPOLIS,Mata Atlântica
 1713017040 ,7daef9f0-a37f-3253-9c1e-abe571893ad4,  -24.959770 ,  -51.780600 ,2024-08-22 17:17:00,Brasil,PARANÁ,SANTA MARIA DO OESTE,Mata Atlântica
 1713017041 ,1674932f-4ae8-3f15-b319-93d1501d6fc0,  -24.953210 ,  -51.788520 ,2024-08-22 17:17:00,Brasil,PARANÁ,SANTA MARIA DO OESTE,Mata Atlântica
 1713017042 ,909bb2e5-01b3-37ce-ad7b-3cfd04c40f4e,  -24.634690 ,  -51.104290 ,2024-08-22 17:17:00,Brasil,PARANÁ,CÂNDIDO DE ABREU,Mata Atlântica
 1713017043 ,f9fd5240-7f67-3beb-ac5a-1001be414b31,  -24.631880 ,  -51.070770 ,2024-08-22 17:17:00,Brasil,PARANÁ,RESERVA,Mata Atlântica
 1713017044 ,8ad1b7e6-5012-3b29-9c6d-0c213264b269,  -24.624860 ,  -51.110050 ,2024-08-22 17:17:00,Brasil,PARANÁ,CÂNDIDO DE ABREU,Mata Atlântica
 1713017045 ,965d8ede-3e48-3151-93fc-e1e566c4d34b,  -24.621860 ,  -51.076700 ,2024-08-22 17:17:00,Brasil,PARANÁ,RESERVA,Mata Atlântica
 1713017046 ,bc728122-c2e8-3fa9-a984-bde73e952165,  -24.521150 ,  -50.820390 ,2024-08-22 17:17:00,Brasil,PARANÁ,RESERVA,Mata Atlântica
 1713017047 ,6ee75e2f-5677-30ba-a91c-99f35b779c70,  -24.023250 ,  -51.708850 ,2024-08-22 17:17:00,Brasil,PARANÁ,LUNARDELLI,Mata Atlântica
 1713017048 ,39a49fb1-3c00-3e8b-80ae-5fd1e6e4e55b,  -24.015490 ,  -51.718170 ,2024-08-22 17:17:00,Brasil,PARANÁ,LUNARDELLI,Mata Atlântica
 1713017049 ,4f7e43db-f150-3b25-9e24-3c6034c1c6c7,  -25.960360 ,  -51.661160 ,2024-08-22 17:17:00,Brasil,PARANÁ,PINHÃO,Mata Atlântica
 1713017050 ,87b167eb-483b-3b34-ad2d-ef028ebc5cb6,  -25.954160 ,  -51.670330 ,2024-08-22 17:17:00,Brasil,PARANÁ,PINHÃO,Mata Atlântica
 1713017051 ,44432706-b723-3070-983c-de79cfaa435b,  -25.785280 ,  -51.490370 ,2024-08-22 17:17:00,Brasil,PARANÁ,PINHÃO,Mata Atlântica
 1713017052 ,a3d0da43-e045-3d55-99a3-5dbf9b83509e,  -25.782540 ,  -51.453250 ,2024-08-22 17:17:00,Brasil,PARANÁ,PINHÃO,Mata Atlântica
 1713017053 ,110600cb-96d5-33f7-9485-e13dc6b456c0,  -25.774910 ,  -51.461560 ,2024-08-22 17:17:00,Brasil,PARANÁ,PINHÃO,Mata Atlântica
 1713017194 ,6672079e-45af-3ce9-b728-be2f8b17446e,  -23.629860 ,  -52.650330 ,2024-08-22 17:17:00,Brasil,PARANÁ,CIANORTE,Mata Atlântica
 1713017195 ,5ebcaf35-489f-32b7-9d61-bf560946c816,  -23.628070 ,  -52.654400 ,2024-08-22 17:17:00,Brasil,PARANÁ,CIANORTE,Mata Atlântica
 1713017196 ,2dff0ba3-9884-3867-b668-fecc9c27d56e,  -23.290020 ,  -52.664540 ,2024-08-22 17:17:00,Brasil,PARANÁ,PARAÍSO DO NORTE,Mata Atlântica
 1713017197 ,dc23581a-affb-32d4-a2dd-7df36c8c89a5,  -23.288000 ,  -52.669140 ,2024-08-22 17:17:00,Brasil,PARANÁ,PARAÍSO DO NORTE,Mata Atlântica
 1713017198 ,cb66ae4d-633a-36f2-a1a3-a9750d73d910,  -23.275970 ,  -52.708050 ,2024-08-22 17:17:00,Brasil,PARANÁ,PARAÍSO DO NORTE,Mata Atlântica
 1713017199 ,8f04d0fa-6864-3964-8482-e0deb9ea5dee,  -23.274210 ,  -52.712600 ,2024-08-22 17:17:00,Brasil,PARANÁ,PARAÍSO DO NORTE,Mata Atlântica
 1713017200 ,8ed776fe-12a9-3d59-b205-89acb657455f,  -23.272760 ,  -52.665440 ,2024-08-22 17:17:00,Brasil,PARANÁ,PARAÍSO DO NORTE,Mata Atlântica
 1713017201 ,aa5ee78a-aa10-3502-affb-6a05bb103566,  -23.270720 ,  -52.669760 ,2024-08-22 17:17:00,Brasil,PARANÁ,PARAÍSO DO NORTE,Mata Atlântica
 1713415368 ,5b472097-830f-3833-a008-5edd504600fa,  -23.166290 ,  -50.167840 ,2024-08-23 17:56:00,Brasil,PARANÁ,SANTO ANTÔNIO DA PLATINA,Mata Atlântica
 1713415369 ,aea48890-b54a-3e91-8358-ae9fb75834a8,  -23.164660 ,  -50.157560 ,2024-08-23 17:56:00,Brasil,PARANÁ,SANTO ANTÔNIO DA PLATINA,Mata Atlântica
 1713415370 ,c48e2e18-3e85-3ab5-a6ad-ea34e4e508f6,  -23.159140 ,  -50.164270 ,2024-08-23 17:56:00,Brasil,PARANÁ,SANTO ANTÔNIO DA PLATINA,Mata Atlântica
 1713415371 ,1a1d479e-fdea-313b-aa54-b14329812a52,  -23.157550 ,  -50.154030 ,2024-08-23 17:56:00,Brasil,PARANÁ,SANTO ANTÔNIO DA PLATINA,Mata Atlântica
 1713415372 ,cf762945-c07d-3f09-9fda-f44679870bf3,  -23.088910 ,  -50.311010 ,2024-08-23 17:56:00,Brasil,PARANÁ,BANDEIRANTES,Mata Atlântica
 1713415373 ,57ff3346-4864-34fb-b213-6c45bff16249,  -23.087320 ,  -50.300730 ,2024-08-23 17:56:00,Brasil,PARANÁ,ANDIRÁ,Mata Atlântica
 1713415374 ,bee37858-42c2-358f-8dba-b9faaa43ebed,  -23.024390 ,  -50.259830 ,2024-08-23 17:56:00,Brasil,PARANÁ,ANDIRÁ,Mata Atlântica
 1713415375 ,be44902e-24ac-3805-b48c-15ff7ac89327,  -23.022770 ,  -50.249550 ,2024-08-23 17:56:00,Brasil,PARANÁ,ANDIRÁ,Mata Atlântica
 1713415376 ,1119e5cb-ab46-3215-9f46-570548940ff3,  -23.015210 ,  -50.261480 ,2024-08-23 17:56:00,Brasil,PARANÁ,ANDIRÁ,Mata Atlântica
 1713415377 ,befffa91-e8e5-3e95-bb8c-0dc2d6760102,  -22.951850 ,  -50.140640 ,2024-08-23 17:56:00,Brasil,PARANÁ,CAMBARÁ,Mata Atlântica
 1713415378 ,9d7231d0-8af0-389c-a11c-6c27293ad1cd,  -22.950220 ,  -50.130230 ,2024-08-23 17:56:00,Brasil,PARANÁ,CAMBARÁ,Mata Atlântica
 1714431387 ,d557090e-ef59-33f5-84c6-5f4b77032e90,  -26.519080 ,  -51.704770 ,2024-08-26 18:19:00,Brasil,PARANÁ,PALMAS,Mata Atlântica
 1714431388 ,4bc28ab8-ec96-3524-8172-535e24a21cb2,  -26.508040 ,  -51.707230 ,2024-08-26 18:19:00,Brasil,PARANÁ,PALMAS,Mata Atlântica
 1714431389 ,bd2b50f1-0d3c-3955-b421-df89f8bb3e49,  -26.503690 ,  -51.870260 ,2024-08-26 18:19:00,Brasil,PARANÁ,PALMAS,Mata Atlântica
 1714431390 ,f858a2b4-0a4b-37d3-8696-b29315c064f8,  -25.369470 ,  -52.141460 ,2024-08-26 18:19:00,Brasil,PARANÁ,CANTAGALO,Mata Atlântica
 1714431451 ,15070c1e-aa95-3530-b2ad-9c8a57c3ac39,  -23.072100 ,  -52.961520 ,2024-08-26 18:19:00,Brasil,PARANÁ,PLANALTINA DO PARANÁ,Mata Atlântica
 1714431452 ,25f8bf1d-25e6-3b80-a834-2da07f668a38,  -23.069560 ,  -52.946860 ,2024-08-26 18:19:00,Brasil,PARANÁ,PLANALTINA DO PARANÁ,Mata Atlântica
 1714431453 ,bc0a73cc-be86-3c55-a2e7-74a0ef3b786c,  -23.061930 ,  -52.958220 ,2024-08-26 18:19:00,Brasil,PARANÁ,PLANALTINA DO PARANÁ,Mata Atlântica
 1714431454 ,5d0f4ff7-18e9-33c7-bf9e-1ccd9a136b6a,  -24.513350 ,  -53.234890 ,2024-08-26 18:19:00,Brasil,PARANÁ,NOVA AURORA,Mata Atlântica
 1714431509 ,8c056378-e24b-3087-b0cc-64ced6c42f48,  -23.632700 ,  -53.972690 ,2024-08-26 18:19:00,Brasil,PARANÁ,ALTO PARAÍSO,Mata Atlântica
 1714431510 ,45e4f411-deb6-3584-a88c-584c55cc24e0,  -23.597270 ,  -53.998440 ,2024-08-26 18:19:00,Brasil,PARANÁ,ALTO PARAÍSO,Mata Atlântica
 1714811915 ,de3f0f4e-2ce2-30da-99f3-8b1e2224baab,  -23.638150 ,  -53.984880 ,2024-08-27 17:22:00,Brasil,PARANÁ,ALTO PARAÍSO,Mata Atlântica
 1714811916 ,0d68465f-31d9-3f07-ae36-f3b5fc966919,  -23.636440 ,  -53.988900 ,2024-08-27 17:22:00,Brasil,PARANÁ,ALTO PARAÍSO,Mata Atlântica
 1714811917 ,d8b563a1-e4ec-306a-95f2-3629c78932ef,  -23.620880 ,  -53.986450 ,2024-08-27 17:22:00,Brasil,PARANÁ,ALTO PARAÍSO,Mata Atlântica
 1714812481 ,bec752b7-58ff-3576-91ee-bf2d6cf66824,  -25.344950 ,  -49.081860 ,2024-08-27 17:22:00,Brasil,PARANÁ,CAMPINA GRANDE DO SUL,Mata Atlântica
 1714812482 ,568e2c55-9203-367d-be63-ce5d675de95c,  -25.332570 ,  -49.083270 ,2024-08-27 17:22:00,Brasil,PARANÁ,CAMPINA GRANDE DO SUL,Mata Atlântica
 1714812688 ,0106e8a8-a314-3ae4-9ac1-58dc9db1a00b,  -25.260360 ,  -49.762240 ,2024-08-27 17:22:00,Brasil,PARANÁ,CAMPO LARGO,Mata Atlântica
 1714812689 ,e72c3ced-da6e-3f8c-b3ba-72564e6f8a16,  -25.258010 ,  -49.757570 ,2024-08-27 17:22:00,Brasil,PARANÁ,CAMPO LARGO,Mata Atlântica
 1714812801 ,2d91bcb0-07cf-3c6d-a3f8-4968e4929a03,  -26.500020 ,  -51.688950 ,2024-08-27 17:22:00,Brasil,PARANÁ,PALMAS,Mata Atlântica
 1714812802 ,9e6a0f61-9c4b-3a71-9f74-c75cc5d5ac6c,  -26.497070 ,  -51.684800 ,2024-08-27 17:22:00,Brasil,PARANÁ,PALMAS,Mata Atlântica
 1714812803 ,95c0da95-a22e-3e6d-8352-fa2747dec971,  -26.177110 ,  -51.614490 ,2024-08-27 17:22:00,Brasil,PARANÁ,BITURUNA,Mata Atlântica
 1715270155 ,70282e17-6109-3b27-ad9e-a3300b9c225a,  -26.073680 ,  -49.492840 ,2024-08-28 18:02:00,Brasil,PARANÁ,PIÊN,Mata Atlântica
 1715270156 ,e1750009-566a-30c3-8e4b-a6aba0746d34,  -25.822880 ,  -49.287550 ,2024-08-28 18:02:00,Brasil,PARANÁ,MANDIRITUBA,Mata Atlântica
 1715270157 ,2959cb87-e0b7-3eef-bf45-b960c31f1dc9,  -25.820870 ,  -49.275580 ,2024-08-28 18:02:00,Brasil,PARANÁ,MANDIRITUBA,Mata Atlântica
 1715270158 ,e4f5b37c-7983-38b0-9e0a-5fba6345c79b,  -25.647000 ,  -49.163900 ,2024-08-28 18:02:00,Brasil,PARANÁ,SÃO JOSÉ DOS PINHAIS,Mata Atlântica
 1715270159 ,a8f59867-4dcd-300b-9273-ebf73962e358,  -25.484260 ,  -49.053510 ,2024-08-28 18:02:00,Brasil,PARANÁ,PIRAQUARA,Mata Atlântica
 1715270160 ,ee5f76c9-59d3-36dc-b405-f4fc81f64747,  -25.482090 ,  -49.040810 ,2024-08-28 18:02:00,Brasil,PARANÁ,PIRAQUARA,Mata Atlântica
 1715270268 ,19a7b0e1-9917-342c-8cf0-621a36e2ba5b,  -25.161030 ,  -50.685240 ,2024-08-28 18:02:00,Brasil,PARANÁ,IMBITUVA,Mata Atlântica
 1715270269 ,40bb3890-655c-3801-8367-6562d70eccf1,  -25.159290 ,  -50.674460 ,2024-08-28 18:02:00,Brasil,PARANÁ,IMBITUVA,Mata Atlântica
 1715270270 ,6d2a5e7c-6487-399b-b876-e040997ccb0f,  -24.930180 ,  -50.104520 ,2024-08-28 18:02:00,Brasil,PARANÁ,CARAMBEÍ,Mata Atlântica
 1715270271 ,f28a3535-4978-367e-b541-ba8eed3acb1f,  -24.928320 ,  -50.093150 ,2024-08-28 18:02:00,Brasil,PARANÁ,CARAMBEÍ,Mata Atlântica
 1715270272 ,0e8cbfce-91de-3145-a57b-ff8dcc482d66,  -24.853610 ,  -50.714860 ,2024-08-28 18:02:00,Brasil,PARANÁ,TIBAGI,Mata Atlântica
 1715270273 ,8b91f6d2-773a-31d8-94df-906902dd216b,  -24.851900 ,  -50.704130 ,2024-08-28 18:02:00,Brasil,PARANÁ,TIBAGI,Mata Atlântica
 1715270274 ,1ed61958-9104-339b-add1-52ff5fb4e35d,  -24.814250 ,  -49.345340 ,2024-08-28 18:02:00,Brasil,PARANÁ,CERRO AZUL,Mata Atlântica
 1715270276 ,c63b5f7d-6ddf-3826-8cfd-17c562c1c7af,  -25.673230 ,  -49.679890 ,2024-08-28 18:02:00,Brasil,PARANÁ,LAPA,Mata Atlântica
 1715270277 ,69cb6715-89f0-379f-8d7f-80dedddadfd1,  -25.445650 ,  -49.665730 ,2024-08-28 18:02:00,Brasil,PARANÁ,CAMPO LARGO,Mata Atlântica
 1715270278 ,0a048a82-8df2-3a36-b819-f13530f2826f,  -25.443970 ,  -49.672970 ,2024-08-28 18:02:00,Brasil,PARANÁ,CAMPO LARGO,Mata Atlântica
 1715270438 ,609818ab-7ea1-3b52-8ff0-7fffb0d8b5a6,  -23.686970 ,  -51.345770 ,2024-08-28 18:02:00,Brasil,PARANÁ,CALIFÓRNIA,Mata Atlântica
 1715270439 ,3071de77-29b0-3c12-a9bf-a229ee22a57d,  -23.609570 ,  -50.963830 ,2024-08-28 18:02:00,Brasil,PARANÁ,LONDRINA,Mata Atlântica
 1715270440 ,c06a48ee-cdcd-326a-a282-5dd4c31070de,  -23.607840 ,  -50.952920 ,2024-08-28 18:02:00,Brasil,PARANÁ,LONDRINA,Mata Atlântica
 1715270441 ,a04903ec-46ff-33e2-bb2e-8706c277e4e1,  -23.103830 ,  -50.867160 ,2024-08-28 18:04:00,Brasil,PARANÁ,RANCHO ALEGRE,Mata Atlântica
 1715270442 ,4dc2cfcd-011e-375e-873a-b5ec53872381,  -25.275800 ,  -51.108800 ,2024-08-28 18:02:00,Brasil,PARANÁ,PRUDENTÓPOLIS,Mata Atlântica
 1715270443 ,ad6bd8fe-b31b-3016-94a3-d9489cf2f89f,  -25.274180 ,  -51.098400 ,2024-08-28 18:02:00,Brasil,PARANÁ,PRUDENTÓPOLIS,Mata Atlântica
 1715270444 ,313c5977-779f-3f00-b2ec-8303207a347b,  -25.195560 ,  -51.541800 ,2024-08-28 18:02:00,Brasil,PARANÁ,GUARAPUAVA,Mata Atlântica
 1715270445 ,2a628548-a6b9-3fe3-8fbe-afe7a08920c6,  -25.193990 ,  -51.531690 ,2024-08-28 18:02:00,Brasil,PARANÁ,GUARAPUAVA,Mata Atlântica
 1715270446 ,5bfa2c6a-05a1-36ff-8dc2-12634e58a841,  -25.013120 ,  -51.677940 ,2024-08-28 18:02:00,Brasil,PARANÁ,SANTA MARIA DO OESTE,Mata Atlântica
 1715270447 ,1e1b45c7-82d2-396b-abfc-2b94d4081543,  -24.901510 ,  -52.220980 ,2024-08-28 18:02:00,Brasil,PARANÁ,PALMITAL,Mata Atlântica
 1715270448 ,800ce844-e053-3aec-bbd2-93a6941b562c,  -24.899700 ,  -51.066230 ,2024-08-28 18:02:00,Brasil,PARANÁ,CÂNDIDO DE ABREU,Mata Atlântica
 1715270449 ,adcb3508-92ec-3947-bfac-354816c42bee,  -24.886010 ,  -51.218830 ,2024-08-28 18:02:00,Brasil,PARANÁ,PRUDENTÓPOLIS,Mata Atlântica
 1715270450 ,3568848a-9aa0-3b69-b26c-94666f7ce314,  -24.766530 ,  -51.274960 ,2024-08-28 18:02:00,Brasil,PARANÁ,CÂNDIDO DE ABREU,Mata Atlântica
 1715270451 ,50a68ebe-7f2e-31b5-94da-ad8f59cb805c,  -24.688120 ,  -52.211660 ,2024-08-28 18:02:00,Brasil,PARANÁ,MATO RICO,Mata Atlântica
 1715270452 ,181a37ab-17f6-3fcc-8193-9902cdad300c,  -24.494940 ,  -51.366100 ,2024-08-28 18:02:00,Brasil,PARANÁ,CÂNDIDO DE ABREU,Mata Atlântica
 1715270453 ,739e3a57-3e33-3bdf-b4e3-ee73e9bde575,  -24.321470 ,  -51.558770 ,2024-08-28 18:02:00,Brasil,PARANÁ,IVAIPORÃ,Mata Atlântica
 1715270454 ,2a71924b-9309-376a-8883-0dd60cb28d66,  -24.173020 ,  -51.671920 ,2024-08-28 18:02:00,Brasil,PARANÁ,JARDIM ALEGRE,Mata Atlântica
 1715270457 ,d682c871-9149-348e-be3c-61a6d242c22a,  -26.515210 ,  -51.913080 ,2024-08-28 18:02:00,Brasil,PARANÁ,PALMAS,Mata Atlântica
 1715270458 ,9a8c1754-b5bc-3291-b0ac-cb6e870e3701,  -26.488470 ,  -51.856750 ,2024-08-28 18:02:00,Brasil,PARANÁ,PALMAS,Mata Atlântica
 1715270459 ,61665a74-8bdf-3c93-bfd4-f7e4b0ab4a79,  -26.486980 ,  -51.846810 ,2024-08-28 18:02:00,Brasil,PARANÁ,PALMAS,Mata Atlântica
 1715270460 ,88edc485-8852-3825-8061-1d5be19be241,  -26.473870 ,  -51.451030 ,2024-08-28 18:02:00,Brasil,PARANÁ,GENERAL CARNEIRO,Mata Atlântica
 1715270461 ,8f95ed6a-2304-3f5c-9550-343150f6cf14,  -25.990800 ,  -52.291160 ,2024-08-28 18:02:00,Brasil,PARANÁ,MANGUEIRINHA,Mata Atlântica
 1715270462 ,ddfb2bc1-8acb-3525-af20-34c98f660b3b,  -25.989350 ,  -52.281310 ,2024-08-28 18:02:00,Brasil,PARANÁ,MANGUEIRINHA,Mata Atlântica
 1715270463 ,71fa8e12-b42c-395a-86a2-e49d80d3c97c,  -25.902880 ,  -51.220950 ,2024-08-28 18:02:00,Brasil,PARANÁ,CRUZ MACHADO,Mata Atlântica
 1715270464 ,603a88e2-204d-3f97-9e6b-6fab2b8fbdd4,  -25.817620 ,  -52.304840 ,2024-08-28 18:02:00,Brasil,PARANÁ,CHOPINZINHO,Mata Atlântica
 1715270465 ,d0a89c17-b48f-36e1-90de-1f2815555af3,  -25.816160 ,  -52.295000 ,2024-08-28 18:02:00,Brasil,PARANÁ,CHOPINZINHO,Mata Atlântica
 1715270709 ,03f154ed-feb8-3a78-a6ec-35f4dfaf40dd,  -23.252950 ,  -52.237420 ,2024-08-28 18:04:00,Brasil,PARANÁ,NOVA ESPERANÇA,Mata Atlântica
 1715270710 ,048333bb-22e9-3868-ba0b-2e3353369b5e,  -24.981690 ,  -53.658550 ,2024-08-28 18:02:00,Brasil,PARANÁ,SANTA TEREZA DO OESTE,Mata Atlântica
 1715270711 ,5b1078f9-f7a7-309e-8f9f-ac9b14601966,  -24.051360 ,  -53.268840 ,2024-08-28 18:02:00,Brasil,PARANÁ,MARILUZ,Mata Atlântica
 1715270712 ,4e01cbdb-4ffb-3080-81a9-4a8c1b824ec0,  -24.523120 ,  -52.525380 ,2024-08-28 18:02:00,Brasil,PARANÁ,MAMBORÊ,Mata Atlântica
 1715270713 ,b1b6e392-3ad5-3bb5-8e0e-a1b207fbaeaf,  -25.407950 ,  -53.100000 ,2024-08-28 18:02:00,Brasil,PARANÁ,QUEDAS DO IGUAÇU,Mata Atlântica
 1715270714 ,143b55ec-4894-3900-9366-83a887478759,  -25.406540 ,  -53.090170 ,2024-08-28 18:02:00,Brasil,PARANÁ,QUEDAS DO IGUAÇU,Mata Atlântica
 1715270970 ,5f7a9198-ce18-3751-baaa-78577c01527b,  -23.814700 ,  -54.067760 ,2024-08-28 18:04:00,Brasil,PARANÁ,ALTÔNIA,Mata Atlântica
 1715270971 ,769eacc5-0ec7-3899-a319-74c13d4f23e4,  -23.717940 ,  -54.029270 ,2024-08-28 18:04:00,Brasil,PARANÁ,SÃO JORGE DO PATROCÍNIO,Mata Atlântica
 1715270972 ,3918294c-2871-3c2d-93c6-0bd9e8fa0875,  -23.716570 ,  -54.019430 ,2024-08-28 18:04:00,Brasil,PARANÁ,SÃO JORGE DO PATROCÍNIO,Mata Atlântica
 1715270973 ,a43c11f7-b1b1-3d72-a9fe-90538146b782,  -23.707740 ,  -54.027390 ,2024-08-28 18:04:00,Brasil,PARANÁ,SÃO JORGE DO PATROCÍNIO,Mata Atlântica
 1715270974 ,a0b797e0-c840-3332-9c5b-fc83e518d314,  -23.694620 ,  -53.999400 ,2024-08-28 18:04:00,Brasil,PARANÁ,SÃO JORGE DO PATROCÍNIO,Mata Atlântica
 1715270975 ,d0e17e46-02e0-3ee9-aa50-90240377cfd8,  -23.693240 ,  -53.989580 ,2024-08-28 18:04:00,Brasil,PARANÁ,SÃO JORGE DO PATROCÍNIO,Mata Atlântica
 1715270976 ,e18c17a8-1814-3bc7-bc39-ce209fd66ff2,  -23.684280 ,  -53.991090 ,2024-08-28 18:04:00,Brasil,PARANÁ,SÃO JORGE DO PATROCÍNIO,Mata Atlântica
 1715270977 ,da095985-8ead-3889-98c5-db55c943dd09,  -23.682900 ,  -53.981270 ,2024-08-28 18:04:00,Brasil,PARANÁ,SÃO JORGE DO PATROCÍNIO,Mata Atlântica
 1715270978 ,6d8c367b-a136-3d5c-a678-03b73b5b7b4b,  -23.676690 ,  -54.002410 ,2024-08-28 18:04:00,Brasil,PARANÁ,SÃO JORGE DO PATROCÍNIO,Mata Atlântica
 1715270979 ,41d2dbc0-2a83-3536-aa45-fd752330e16e,  -23.675310 ,  -53.992590 ,2024-08-28 18:04:00,Brasil,PARANÁ,SÃO JORGE DO PATROCÍNIO,Mata Atlântica
 1715270980 ,7b3afc2f-a7f2-3c27-8b47-b2e7690831e1,  -23.673930 ,  -53.982770 ,2024-08-28 18:04:00,Brasil,PARANÁ,SÃO JORGE DO PATROCÍNIO,Mata Atlântica
 1715270981 ,413fed7f-34a3-3b4a-81f5-d65647f08bc2,  -23.672550 ,  -53.972960 ,2024-08-28 18:04:00,Brasil,PARANÁ,SÃO JORGE DO PATROCÍNIO,Mata Atlântica
 1715270982 ,d1acb8ee-f7b7-3aaf-a753-88c591cccb4b,  -23.667730 ,  -54.003910 ,2024-08-28 18:04:00,Brasil,PARANÁ,SÃO JORGE DO PATROCÍNIO,Mata Atlântica
 1715270983 ,a201ab09-f950-32a8-8818-d003c9d48365,  -23.666350 ,  -53.994090 ,2024-08-28 18:04:00,Brasil,PARANÁ,SÃO JORGE DO PATROCÍNIO,Mata Atlântica
 1715270984 ,aee8f6ec-04e8-3ef7-9769-a2a8d3393e7b,  -23.664970 ,  -53.984280 ,2024-08-28 18:04:00,Brasil,PARANÁ,SÃO JORGE DO PATROCÍNIO,Mata Atlântica
 1715270985 ,8e34035f-be1b-3704-aad7-b1bd4b5be610,  -23.663600 ,  -53.974460 ,2024-08-28 18:04:00,Brasil,PARANÁ,SÃO JORGE DO PATROCÍNIO,Mata Atlântica
 1715270986 ,2f97aeed-4dc1-371a-bb1f-7961227962bc,  -23.662220 ,  -53.964660 ,2024-08-28 18:04:00,Brasil,PARANÁ,SÃO JORGE DO PATROCÍNIO,Mata Atlântica
 1715270987 ,b4a4b1d5-4f2a-31ea-ae48-bbe810341726,  -23.656010 ,  -53.985780 ,2024-08-28 18:04:00,Brasil,PARANÁ,SÃO JORGE DO PATROCÍNIO,Mata Atlântica
 1715270988 ,21ad8413-285e-3aec-ac21-3cbedd9e93f9,  -23.654640 ,  -53.975970 ,2024-08-28 18:04:00,Brasil,PARANÁ,SÃO JORGE DO PATROCÍNIO,Mata Atlântica
 1715270989 ,3cac81ce-9d6b-3d97-8ac9-4402cf158cb8,  -23.653260 ,  -53.966160 ,2024-08-28 18:04:00,Brasil,PARANÁ,SÃO JORGE DO PATROCÍNIO,Mata Atlântica
 1715270990 ,66015213-c693-3d41-a53a-ba98a9d81702,  -23.649130 ,  -53.936760 ,2024-08-28 18:04:00,Brasil,PARANÁ,ALTO PARAÍSO,Mata Atlântica
 1715270991 ,23f599ec-0cdd-36a8-aecd-89c6266c63a8,  -23.647750 ,  -53.926970 ,2024-08-28 18:04:00,Brasil,PARANÁ,ALTO PARAÍSO,Mata Atlântica
 1715270992 ,cf18473c-d764-3894-a191-4054087259df,  -23.645680 ,  -53.977470 ,2024-08-28 18:04:00,Brasil,PARANÁ,SÃO JORGE DO PATROCÍNIO,Mata Atlântica
 1715270993 ,64381abc-03b9-34fc-be7c-4debc7b39ce7,  -23.644300 ,  -53.967670 ,2024-08-28 18:04:00,Brasil,PARANÁ,SÃO JORGE DO PATROCÍNIO,Mata Atlântica
 1715270994 ,6894c6fe-a44a-3e2e-87a9-73e3dc08ab08,  -23.638800 ,  -53.928480 ,2024-08-28 18:04:00,Brasil,PARANÁ,ALTO PARAÍSO,Mata Atlântica
 1715270995 ,2f8721ad-fa2c-3b8f-a418-2a0a0bc8e319,  -23.636720 ,  -53.978980 ,2024-08-28 18:04:00,Brasil,PARANÁ,ALTO PARAÍSO,Mata Atlântica
 1715270996 ,d4d989d9-7077-3168-9d65-f8f0c25bf507,  -23.583970 ,  -53.993620 ,2024-08-28 18:04:00,Brasil,PARANÁ,ALTO PARAÍSO,Mata Atlântica
 1715271002 ,c9005430-4f1d-3095-b958-f2a099ce5086,  -24.075810 ,  -54.225640 ,2024-08-28 18:02:00,Brasil,PARANÁ,GUAÍRA,Mata Atlântica
 1715271003 ,3318f870-78d2-3d76-84d7-c71db086290b,  -24.074420 ,  -54.215640 ,2024-08-28 18:02:00,Brasil,PARANÁ,GUAÍRA,Mata Atlântica
 1715271004 ,92c1347a-3e37-35a9-be13-52ee8ad1ffb5,  -24.010080 ,  -54.083760 ,2024-08-28 18:02:00,Brasil,PARANÁ,ALTÔNIA,Mata Atlântica
 1715640587 ,a6dc6388-c651-3878-a8a8-980f521ef208,  -25.835690 ,  -51.046010 ,2024-08-29 18:43:00,Brasil,PARANÁ,CRUZ MACHADO,Mata Atlântica
 1715640588 ,9d3430e0-a8f8-3002-b710-3aab7a5a760a,  -25.836800 ,  -51.050220 ,2024-08-29 18:43:00,Brasil,PARANÁ,CRUZ MACHADO,Mata Atlântica
 1715640591 ,cd871901-58f8-3d4f-a2cf-f4c824eac118,  -23.063760 ,  -52.925060 ,2024-08-29 18:45:00,Brasil,PARANÁ,PLANALTINA DO PARANÁ,Mata Atlântica
 1715640592 ,ad8e3653-37f3-33bc-878f-a38bf657dbb6,  -23.759590 ,  -54.037350 ,2024-08-29 18:45:00,Brasil,PARANÁ,SÃO JORGE DO PATROCÍNIO,Mata Atlântica
 1715640593 ,48df1bdf-e212-395f-bbee-9ae24cd36a5a,  -23.758070 ,  -54.029730 ,2024-08-29 18:45:00,Brasil,PARANÁ,SÃO JORGE DO PATROCÍNIO,Mata Atlântica
 1715640594 ,0c165fa1-ae97-3fe5-8c88-16a65f403311,  -23.744720 ,  -54.041120 ,2024-08-29 18:45:00,Brasil,PARANÁ,SÃO JORGE DO PATROCÍNIO,Mata Atlântica
 1715640595 ,9f4af678-9c19-3540-8eab-a417f54c5e8f,  -23.743190 ,  -54.033460 ,2024-08-29 18:45:00,Brasil,PARANÁ,SÃO JORGE DO PATROCÍNIO,Mata Atlântica
 1715640596 ,37dd1d2a-c0ad-31c1-b96f-782b39c624c4,  -23.738350 ,  -54.010480 ,2024-08-29 18:45:00,Brasil,PARANÁ,SÃO JORGE DO PATROCÍNIO,Mata Atlântica
 1715640597 ,8ee4db25-3e33-351a-9dfd-64dd13ba569b,  -23.725550 ,  -53.948950 ,2024-08-29 18:45:00,Brasil,PARANÁ,SÃO JORGE DO PATROCÍNIO,Mata Atlântica
 1715640598 ,55103aa1-571c-304b-a8b5-2d832a2e7e17,  -23.723450 ,  -54.014250 ,2024-08-29 18:45:00,Brasil,PARANÁ,SÃO JORGE DO PATROCÍNIO,Mata Atlântica
 1715640599 ,5891c556-2191-317d-8561-47ae189e0388,  -23.723430 ,  -53.941640 ,2024-08-29 18:45:00,Brasil,PARANÁ,SÃO JORGE DO PATROCÍNIO,Mata Atlântica
 1715640600 ,d3cfa20b-a0d8-3f6f-b1f3-10045325f0f8,  -24.010300 ,  -54.049550 ,2024-08-29 18:45:00,Brasil,PARANÁ,ALTÔNIA,Mata Atlântica
 1715974474 ,fc9b5355-b11c-39b4-8ead-5393bb80c908,  -24.692150 ,  -49.818390 ,2024-08-30 17:45:00,Brasil,PARANÁ,CASTRO,Mata Atlântica
 1715974552 ,43e7428f-99cc-342d-a8e8-b3defe4e76a3,  -25.712650 ,  -49.690040 ,2024-08-30 17:45:00,Brasil,PARANÁ,LAPA,Mata Atlântica
 1715975005 ,96bf9377-763a-3e16-a0c1-11a119246c27,  -23.815780 ,  -54.051450 ,2024-08-30 17:45:00,Brasil,PARANÁ,ALTÔNIA,Mata Atlântica
 1715975006 ,9861a84b-f4e1-39c8-8696-0694c415ec0a,  -23.783860 ,  -53.972550 ,2024-08-30 17:45:00,Brasil,PARANÁ,SÃO JORGE DO PATROCÍNIO,Mata Atlântica
 1715975007 ,a5622c4c-454d-31bb-9457-c276f340f12f,  -23.774670 ,  -53.978870 ,2024-08-30 17:45:00,Brasil,PARANÁ,SÃO JORGE DO PATROCÍNIO,Mata Atlântica
 1715975008 ,4a3e6fea-bb13-36b5-b785-ea8a2767d43b,  -23.772500 ,  -53.974090 ,2024-08-30 17:45:00,Brasil,PARANÁ,SÃO JORGE DO PATROCÍNIO,Mata Atlântica
 1715975009 ,70d19777-cae3-3d93-a001-7b9952a87ca6,  -23.766470 ,  -54.024640 ,2024-08-30 17:45:00,Brasil,PARANÁ,SÃO JORGE DO PATROCÍNIO,Mata Atlântica
 1715975010 ,f21b3857-e200-38bb-83b3-47bc624a1f2b,  -23.761140 ,  -53.975610 ,2024-08-30 17:45:00,Brasil,PARANÁ,SÃO JORGE DO PATROCÍNIO,Mata Atlântica
 1715975011 ,2adebfae-f722-31c8-a6cf-7233ed22d0fa,  -23.757570 ,  -54.030840 ,2024-08-30 17:45:00,Brasil,PARANÁ,SÃO JORGE DO PATROCÍNIO,Mata Atlântica
 1715975012 ,c6bb114e-db74-34c9-88d7-2c9476f2948d,  -23.750070 ,  -53.965630 ,2024-08-30 17:45:00,Brasil,PARANÁ,SÃO JORGE DO PATROCÍNIO,Mata Atlântica
 1715975013 ,e115f036-ee19-357b-bfe5-bfa247490b28,  -23.732910 ,  -54.017490 ,2024-08-30 17:45:00,Brasil,PARANÁ,SÃO JORGE DO PATROCÍNIO,Mata Atlântica
 1715975014 ,3cd2020b-ff07-3faa-bcf5-dbfe635f52c4,  -23.721520 ,  -54.019000 ,2024-08-30 17:45:00,Brasil,PARANÁ,SÃO JORGE DO PATROCÍNIO,Mata Atlântica
 1715975015 ,713ca4bb-f6d6-3a1f-a8f4-d32a68b85379,  -23.710130 ,  -54.020520 ,2024-08-30 17:45:00,Brasil,PARANÁ,SÃO JORGE DO PATROCÍNIO,Mata Atlântica
 1715975016 ,4a001601-1b79-3a3b-8f56-4ac4fe5bf5b8,  -23.708310 ,  -54.004200 ,2024-08-30 17:45:00,Brasil,PARANÁ,SÃO JORGE DO PATROCÍNIO,Mata Atlântica
 1715975017 ,bee8f285-8e70-365f-a37a-8d85477b7cd1,  -23.696930 ,  -54.005710 ,2024-08-30 17:45:00,Brasil,PARANÁ,SÃO JORGE DO PATROCÍNIO,Mata Atlântica
 1715975018 ,dd69dcf8-4dc2-3d98-94dd-eccf90d1d705,  -23.685560 ,  -54.007230 ,2024-08-30 17:45:00,Brasil,PARANÁ,SÃO JORGE DO PATROCÍNIO,Mata Atlântica
 1715975019 ,4077e813-0c34-37b6-aad7-88ef05019a2e,  -23.685110 ,  -53.997800 ,2024-08-30 17:45:00,Brasil,PARANÁ,SÃO JORGE DO PATROCÍNIO,Mata Atlântica
 1715975020 ,d40071da-1be5-39e0-9e62-a8783bb3fff3,  -23.673750 ,  -53.999300 ,2024-08-30 17:45:00,Brasil,PARANÁ,SÃO JORGE DO PATROCÍNIO,Mata Atlântica
 1715975023 ,a59f74fa-981a-32c7-820d-83657e87a4e0,  -24.011160 ,  -54.063980 ,2024-08-30 17:45:00,Brasil,PARANÁ,ALTÔNIA,Mata Atlântica
 1715975025 ,20b80c44-51ab-3ef5-8050-b570a682376d,  -25.028360 ,  -54.086980 ,2024-08-30 17:45:00,Brasil,PARANÁ,RAMILÂNDIA,Mata Atlântica
 1715976479 ,e363adcd-742e-388b-b1f4-6cd18ae3e429,  -23.578210 ,  -50.279180 ,2024-08-30 17:45:00,Brasil,PARANÁ,JUNDIAÍ DO SUL,Mata Atlântica
 1715976480 ,0a3426b0-db4c-3d73-9476-5be6ca10d3cf,  -23.579620 ,  -50.289390 ,2024-08-30 17:45:00,Brasil,PARANÁ,JUNDIAÍ DO SUL,Mata Atlântica
 1715976481 ,5616c34a-e002-3b91-95b4-92d079ce51c9,  -23.569090 ,  -50.280610 ,2024-08-30 17:45:00,Brasil,PARANÁ,JUNDIAÍ DO SUL,Mata Atlântica
 1715976482 ,eede89f6-c386-3b4b-ba87-1636b78d6e46,  -23.576810 ,  -50.268990 ,2024-08-30 17:45:00,Brasil,PARANÁ,JUNDIAÍ DO SUL,Mata Atlântica
 1715976483 ,6d6bcf57-4699-36e9-b12c-939277e023ad,  -23.570500 ,  -50.290870 ,2024-08-30 17:45:00,Brasil,PARANÁ,JUNDIAÍ DO SUL,Mata Atlântica
 1715976484 ,01272526-7458-3878-a3b1-f9f1f4c61402,  -23.060540 ,  -50.259060 ,2024-08-30 17:45:00,Brasil,PARANÁ,ANDIRÁ,Mata Atlântica
 1715976485 ,c186463f-1462-3f1c-b334-adbc1f93855f,  -23.051460 ,  -50.260570 ,2024-08-30 17:45:00,Brasil,PARANÁ,ANDIRÁ,Mata Atlântica
 1715976486 ,c4059ae9-616c-3757-a109-0a5a1397ef93,  -25.066080 ,  -49.335530 ,2024-08-30 17:45:00,Brasil,PARANÁ,RIO BRANCO DO SUL,Mata Atlântica
 1715976487 ,233c5cac-fd21-3290-9f51-fe0e5ae9277e,  -25.064710 ,  -49.325660 ,2024-08-30 17:45:00,Brasil,PARANÁ,RIO BRANCO DO SUL,Mata Atlântica
 1715976488 ,5af74d73-e0a0-35c4-a88c-fdacc565d48d,  -24.939920 ,  -49.958050 ,2024-08-30 17:45:00,Brasil,PARANÁ,CARAMBEÍ,Mata Atlântica
 1715976489 ,81c91d1e-e475-3796-81b9-b1d1bdb9235f,  -24.402940 ,  -49.659400 ,2024-08-30 17:45:00,Brasil,PARANÁ,JAGUARIAÍVA,Mata Atlântica
 1715976490 ,88c82f82-cd80-3dd3-99e3-446a348fec7b,  -25.075040 ,  -49.333890 ,2024-08-30 17:45:00,Brasil,PARANÁ,RIO BRANCO DO SUL,Mata Atlântica
 1715976491 ,e4e8f079-d06a-3317-8cea-95b937857f19,  -24.856830 ,  -50.718840 ,2024-08-30 17:45:00,Brasil,PARANÁ,IPIRANGA,Mata Atlântica
 1715976492 ,061f73a6-6772-3846-8fb0-0e3e26da88b6,  -24.858750 ,  -50.808010 ,2024-08-30 17:45:00,Brasil,PARANÁ,IPIRANGA,Mata Atlântica
 1715976493 ,82751f6d-47f3-379b-86a6-171264d19cea,  -24.857340 ,  -50.797080 ,2024-08-30 17:45:00,Brasil,PARANÁ,IPIRANGA,Mata Atlântica
 1715976494 ,7c80024d-58a0-3295-80fb-6c5c2a611814,  -24.847910 ,  -50.798470 ,2024-08-30 17:45:00,Brasil,PARANÁ,TIBAGI,Mata Atlântica
 1715976495 ,02ba19e7-d70d-357a-a900-9a5f0e0d3119,  -25.167190 ,  -50.763130 ,2024-08-30 17:45:00,Brasil,PARANÁ,GUAMIRANGA,Mata Atlântica
 1715976496 ,b51e3976-435a-33e5-b00b-dfa01692aa24,  -24.938530 ,  -49.947740 ,2024-08-30 17:45:00,Brasil,PARANÁ,CASTRO,Mata Atlântica
 1715976497 ,1db1fee6-6c79-31e6-89c3-809b4428d08c,  -25.073660 ,  -49.324010 ,2024-08-30 17:45:00,Brasil,PARANÁ,RIO BRANCO DO SUL,Mata Atlântica
 1715976498 ,599100cb-28e0-38c4-a44a-b82400186248,  -25.235800 ,  -50.445850 ,2024-08-30 17:45:00,Brasil,PARANÁ,TEIXEIRA SOARES,Mata Atlântica
 1715976499 ,f125085e-c60f-3dbd-88e6-ee3911f959bf,  -25.812480 ,  -49.615260 ,2024-08-30 17:45:00,Brasil,PARANÁ,LAPA,Mata Atlântica
 1715976500 ,afb88bf3-8ee1-3044-ae55-355fd245949d,  -25.629920 ,  -50.024630 ,2024-08-30 17:45:00,Brasil,PARANÁ,LAPA,Mata Atlântica
 1715976501 ,3428fb79-9a9c-3dd9-986c-34589837610c,  -25.513400 ,  -50.752030 ,2024-08-30 17:45:00,Brasil,PARANÁ,IRATI,Mata Atlântica
 1715976502 ,ec56cd6d-80d6-367e-9a21-a6cb3b27c985,  -25.503940 ,  -50.753600 ,2024-08-30 17:45:00,Brasil,PARANÁ,IRATI,Mata Atlântica
 1715976503 ,3196dad1-4012-39f5-b562-39dca0999025,  -25.322200 ,  -50.692200 ,2024-08-30 17:45:00,Brasil,PARANÁ,IMBITUVA,Mata Atlântica
 1715976504 ,e4f5879d-68d0-3346-b3cc-38ee4e5dde37,  -25.226490 ,  -50.447360 ,2024-08-30 17:45:00,Brasil,PARANÁ,TEIXEIRA SOARES,Mata Atlântica
 1715976505 ,dce884bb-389e-3afc-a6f2-71cd4e67901d,  -25.676270 ,  -49.692130 ,2024-08-30 17:45:00,Brasil,PARANÁ,LAPA,Mata Atlântica
 1715976508 ,f6c48ef0-753d-3cc2-959d-92fc4d45cbc3,  -25.975700 ,  -51.039630 ,2024-08-30 17:45:00,Brasil,PARANÁ,CRUZ MACHADO,Mata Atlântica
 1715976509 ,eb9353a1-ba25-3708-b8d4-e9da18be6f2b,  -25.958710 ,  -50.357990 ,2024-08-30 17:45:00,Brasil,PARANÁ,SÃO MATEUS DO SUL,Mata Atlântica
 1715976510 ,8ea1eceb-da0f-3b47-8281-44373efe7fc4,  -25.320780 ,  -50.681160 ,2024-08-30 17:45:00,Brasil,PARANÁ,IMBITUVA,Mata Atlântica
 1715976769 ,8eb9577e-5b6d-3e3f-b6c5-82e3373b1cad,  -23.413880 ,  -51.317190 ,2024-08-30 17:45:00,Brasil,PARANÁ,LONDRINA,Mata Atlântica
 1715976770 ,8093e61e-a2dd-3d4e-ba30-46b9300f28eb,  -22.852240 ,  -51.306820 ,2024-08-30 17:45:00,Brasil,PARANÁ,ALVORADA DO SUL,Mata Atlântica
 1715976771 ,1914b6d5-fa9a-3dcf-ae26-b201266b2fd7,  -22.861670 ,  -51.305260 ,2024-08-30 17:45:00,Brasil,PARANÁ,ALVORADA DO SUL,Mata Atlântica
 1715976772 ,aef6379c-de78-3c90-8373-97cdef9496f3,  -22.860240 ,  -51.294400 ,2024-08-30 17:45:00,Brasil,PARANÁ,ALVORADA DO SUL,Mata Atlântica
 1715976773 ,db36633b-7201-3bd5-a11e-b5b73732a7cb,  -22.850800 ,  -51.295870 ,2024-08-30 17:45:00,Brasil,PARANÁ,ALVORADA DO SUL,Mata Atlântica
 1715976774 ,20889f97-9292-3772-a025-6bbb813b840d,  -25.157690 ,  -51.733560 ,2024-08-30 17:45:00,Brasil,PARANÁ,CAMPINA DO SIMÃO,Mata Atlântica
 1715976775 ,45b600a5-c8ba-3fff-8740-3338bfa93342,  -24.597530 ,  -51.251950 ,2024-08-30 17:45:00,Brasil,PARANÁ,CÂNDIDO DE ABREU,Mata Atlântica
 1715976776 ,3e1d1b9e-3f22-38c2-a60a-065c190279a0,  -25.214510 ,  -51.445620 ,2024-08-30 17:45:00,Brasil,PARANÁ,GUARAPUAVA,Mata Atlântica
 1715976777 ,d5ced687-7bd4-38fc-90e2-14ad97a2d5f6,  -25.090660 ,  -52.012920 ,2024-08-30 17:45:00,Brasil,PARANÁ,GOIOXIM,Mata Atlântica
 1715976778 ,cb647c0a-81a4-3152-af8c-59b6f6a5e340,  -24.849330 ,  -50.809550 ,2024-08-30 17:45:00,Brasil,PARANÁ,TIBAGI,Mata Atlântica
 1715976779 ,8c0e4696-b1be-3382-a758-8c598bcec98d,  -24.596040 ,  -51.240350 ,2024-08-30 17:45:00,Brasil,PARANÁ,CÂNDIDO DE ABREU,Mata Atlântica
 1715976780 ,d9441f86-5313-32ff-b290-cda457c2ca72,  -25.146330 ,  -52.223810 ,2024-08-30 17:45:00,Brasil,PARANÁ,MARQUINHO,Mata Atlântica
 1715976781 ,6e7c31c7-81e2-3f03-9427-9a81735ab9a6,  -25.100940 ,  -52.017410 ,2024-08-30 17:45:00,Brasil,PARANÁ,GOIOXIM,Mata Atlântica
 1715976782 ,10dd2341-a90e-3fba-93b7-204a59df4d19,  -24.984360 ,  -51.331730 ,2024-08-30 17:45:00,Brasil,PARANÁ,TURVO,Mata Atlântica
 1715976783 ,403264ca-c682-30bb-a9d4-bffd30285c77,  -24.644760 ,  -51.284420 ,2024-08-30 17:45:00,Brasil,PARANÁ,CÂNDIDO DE ABREU,Mata Atlântica
 1715976785 ,0973bb99-ed6c-3960-b472-bcf38c03bf0b,  -26.527150 ,  -51.707040 ,2024-08-30 17:45:00,Brasil,PARANÁ,PALMAS,Mata Atlântica
 1715976786 ,974496c4-73eb-375f-8604-4f4c3cbee68b,  -25.431090 ,  -51.159710 ,2024-08-30 17:45:00,Brasil,PARANÁ,GUARAPUAVA,Mata Atlântica
 1715976787 ,a5b094b2-2233-33e0-bc3c-6878d8fc9cd9,  -25.379550 ,  -51.299160 ,2024-08-30 17:45:00,Brasil,PARANÁ,GUARAPUAVA,Mata Atlântica
 1715976788 ,6e48dbf7-549b-3508-9a52-ff435ba6564e,  -26.262850 ,  -52.122210 ,2024-08-30 17:45:00,Brasil,PARANÁ,CORONEL DOMINGOS SOARES,Mata Atlântica
 1715976789 ,c664b471-10ef-34a4-a52a-41381000418e,  -25.674330 ,  -51.068960 ,2024-08-30 17:45:00,Brasil,PARANÁ,INÁCIO MARTINS,Mata Atlântica
 1715976791 ,63dbf56a-ad9f-3d12-ae97-744ade77f41a,  -25.672820 ,  -51.057150 ,2024-08-30 17:45:00,Brasil,PARANÁ,INÁCIO MARTINS,Mata Atlântica
 1715976792 ,928a6b62-afe4-3e88-97df-fa1f2b7c7cda,  -25.432580 ,  -51.171310 ,2024-08-30 17:45:00,Brasil,PARANÁ,GUARAPUAVA,Mata Atlântica
 1715976793 ,dc491c4f-ce3e-3847-846e-3b9f0e292dd4,  -26.023550 ,  -52.088600 ,2024-08-30 17:45:00,Brasil,PARANÁ,MANGUEIRINHA,Mata Atlântica
 1715977023 ,002cafbd-1923-3170-a8de-a27bf2b98a2f,  -24.857000 ,  -49.221290 ,2024-08-30 17:45:00,Brasil,PARANÁ,CERRO AZUL,Mata Atlântica
 1715977025 ,20696836-b36a-374c-90c3-625ac189d394,  -25.078970 ,  -49.092960 ,2024-08-30 17:45:00,Brasil,PARANÁ,BOCAIÚVA DO SUL,Mata Atlântica
 1715977029 ,35450f27-e35a-3d99-a034-3111253125e6,  -25.080350 ,  -49.102840 ,2024-08-30 17:45:00,Brasil,PARANÁ,RIO BRANCO DO SUL,Mata Atlântica
 1715977030 ,fa8a2334-2b5f-335b-8cd0-cfdd72621a4a,  -25.897720 ,  -49.291960 ,2024-08-30 17:45:00,Brasil,PARANÁ,MANDIRITUBA,Mata Atlântica
 1715977031 ,784978fc-8be7-3e25-a11a-3283dab7241e,  -26.076490 ,  -49.321750 ,2024-08-30 17:45:00,Brasil,PARANÁ,AGUDOS DO SUL,Mata Atlântica
 1715977032 ,a53eb272-8ad4-312e-ba15-3d82865229d4,  -25.868640 ,  -49.348680 ,2024-08-30 17:45:00,Brasil,PARANÁ,MANDIRITUBA,Mata Atlântica
 1715977033 ,b6977c22-29d8-3654-9a15-d138bf06a6ff,  -25.635810 ,  -49.061910 ,2024-08-30 17:45:00,Brasil,PARANÁ,SÃO JOSÉ DOS PINHAIS,Mata Atlântica
 1715977035 ,d04e6522-26af-34a6-a469-ddceb43c2555,  -25.194310 ,  -49.327370 ,2024-08-30 17:45:00,Brasil,PARANÁ,RIO BRANCO DO SUL,Mata Atlântica
 1715977036 ,e677e287-220c-3595-8eeb-e9651bc54a4e,  -25.192930 ,  -49.317470 ,2024-08-30 17:45:00,Brasil,PARANÁ,RIO BRANCO DO SUL,Mata Atlântica
 1715977846 ,34447dae-2b6c-32ed-b678-75855da65dae,  -23.225910 ,  -52.811510 ,2024-08-30 17:45:00,Brasil,PARANÁ,MIRADOR,Mata Atlântica
 1715977848 ,4f1a02ed-0d1b-39b1-969a-5eeb610c3041,  -23.227540 ,  -52.824920 ,2024-08-30 17:45:00,Brasil,PARANÁ,MIRADOR,Mata Atlântica
 1715977849 ,b2d938b3-b53e-380a-b5fa-541761a5e24f,  -23.215540 ,  -52.813030 ,2024-08-30 17:45:00,Brasil,PARANÁ,AMAPORÃ,Mata Atlântica
 1715977850 ,c0b6aaa6-8689-39d7-a56c-8e8cdc2665ef,  -23.217140 ,  -52.826290 ,2024-08-30 17:45:00,Brasil,PARANÁ,AMAPORÃ,Mata Atlântica
 1715977852 ,eac49861-81bb-3809-bfb2-4f1a943e562f,  -25.506080 ,  -52.774020 ,2024-08-30 17:45:00,Brasil,PARANÁ,QUEDAS DO IGUAÇU,Mata Atlântica
 1715977853 ,c6f6e56e-2326-3f6d-b762-9ca691f6d850,  -25.504360 ,  -52.759260 ,2024-08-30 17:45:00,Brasil,PARANÁ,RIO BONITO DO IGUAÇU,Mata Atlântica
 1716317459 ,c6b30667-485c-329e-9df1-4ed82b7e3577,  -25.146030 ,  -49.231280 ,2024-08-31 18:24:00,Brasil,PARANÁ,RIO BRANCO DO SUL,Mata Atlântica
 1716317460 ,5cb28395-ed51-32bb-81a0-ea4e9d28b41d,  -25.405520 ,  -49.073320 ,2024-08-31 18:24:00,Brasil,PARANÁ,PIRAQUARA,Mata Atlântica
 1716317558 ,9ad57fa4-61a6-3365-b28b-37c6e5d2bc29,  -24.775840 ,  -49.972010 ,2024-08-31 18:24:00,Brasil,PARANÁ,CASTRO,Mata Atlântica
 1716317559 ,1bdf6943-8ef7-300e-ac69-e5e95e33575c,  -24.774720 ,  -49.977130 ,2024-08-31 18:24:00,Brasil,PARANÁ,CASTRO,Mata Atlântica
 1716317624 ,06974ca9-6140-309a-a0e8-b4d17d1ead2c,  -25.266840 ,  -51.391340 ,2024-08-31 18:24:00,Brasil,PARANÁ,GUARAPUAVA,Mata Atlântica
 1716317625 ,cde2f5d8-662a-3f0f-a9bd-46f4d83fa328,  -25.131460 ,  -51.851220 ,2024-08-31 18:24:00,Brasil,PARANÁ,CAMPINA DO SIMÃO,Mata Atlântica
 1716317626 ,34f28665-1c52-3f7b-bbaa-6a38a0a88367,  -24.415220 ,  -51.917420 ,2024-08-31 18:24:00,Brasil,PARANÁ,NOVA TEBAS,Mata Atlântica
 1716317627 ,9e7c565b-4801-3d13-b89d-4bb7809028e5,  -24.414830 ,  -51.912360 ,2024-08-31 18:24:00,Brasil,PARANÁ,NOVA TEBAS,Mata Atlântica
 1716317628 ,d42f57fc-863d-314c-b6e9-54399b2d72b0,  -24.411180 ,  -51.896160 ,2024-08-31 18:24:00,Brasil,PARANÁ,NOVA TEBAS,Mata Atlântica
 1716317676 ,3a8790cc-20f0-3af1-8f8c-2ad1f7680b0e,  -23.057250 ,  -53.086720 ,2024-08-31 18:26:00,Brasil,PARANÁ,LOANDA,Mata Atlântica
 1716317677 ,1c09d3f8-de6c-3316-91e4-317e9c7d1b3f,  -23.053960 ,  -53.068740 ,2024-08-31 18:26:00,Brasil,PARANÁ,LOANDA,Mata Atlântica
 1716317678 ,31d17dbc-7be9-3f2f-afb6-445a0ec5db52,  -23.045450 ,  -53.089340 ,2024-08-31 18:26:00,Brasil,PARANÁ,LOANDA,Mata Atlântica
 1716317679 ,75c96717-964a-3e31-8d7d-c03cbdc79acb,  -23.042150 ,  -53.071380 ,2024-08-31 18:26:00,Brasil,PARANÁ,LOANDA,Mata Atlântica
 1716317680 ,b15d5f68-39c7-312f-80cb-19fb546922b1,  -23.038780 ,  -53.053010 ,2024-08-31 18:26:00,Brasil,PARANÁ,LOANDA,Mata Atlântica
 1716317681 ,0df4f761-5f3d-3dd7-951b-f9fd1469ab5d,  -23.033660 ,  -53.091960 ,2024-08-31 18:26:00,Brasil,PARANÁ,LOANDA,Mata Atlântica
 1716317682 ,fecd6482-c731-33c7-8f25-1d173447226f,  -23.030350 ,  -53.074040 ,2024-08-31 18:26:00,Brasil,PARANÁ,LOANDA,Mata Atlântica
 1716317683 ,215da0c4-6d64-32b8-b262-3ff5adbfd783,  -25.254450 ,  -52.696370 ,2024-08-31 18:24:00,Brasil,PARANÁ,NOVA LARANJEIRAS,Mata Atlântica
 1716317684 ,46338a13-eed7-302f-983e-0ea0c3aa0bb2,  -26.120300 ,  -53.548770 ,2024-08-31 18:24:00,Brasil,PARANÁ,BOM JESUS DO SUL,Mata Atlântica
 1716317700 ,a16d99ee-e5a9-3e98-b479-1ca2df01b20f,  -23.941720 ,  -53.885960 ,2024-08-31 18:24:00,Brasil,PARANÁ,ALTÔNIA,Mata Atlântica
 1716317736 ,03958005-6152-3e5a-bc50-f11411f08b72,  -23.813330 ,  -53.808320 ,2024-08-31 18:24:00,Brasil,PARANÁ,ALTÔNIA,Mata Atlântica
 1716317737 ,0b7e719d-7ad9-33a8-a59c-78dc06449135,  -23.810590 ,  -53.793080 ,2024-08-31 18:24:00,Brasil,PARANÁ,SÃO JORGE DO PATROCÍNIO,Mata Atlântica
 1716317738 ,35fd2dcb-c828-3a80-ba6e-ce597a18d4f3,  -23.732530 ,  -54.006180 ,2024-08-31 18:26:00,Brasil,PARANÁ,SÃO JORGE DO PATROCÍNIO,Mata Atlântica
 1716317739 ,84bcda72-c18a-3a2c-a85e-fa713ae43acc,  -23.721620 ,  -54.008510 ,2024-08-31 18:26:00,Brasil,PARANÁ,SÃO JORGE DO PATROCÍNIO,Mata Atlântica
 1716317740 ,d8502f32-aa0e-3088-a214-357f827eec0d,  -23.710720 ,  -54.010850 ,2024-08-31 18:26:00,Brasil,PARANÁ,SÃO JORGE DO PATROCÍNIO,Mata Atlântica
 1716317741 ,c9adeb8b-020e-31ac-b33e-e45652390a02,  -23.707990 ,  -53.995780 ,2024-08-31 18:26:00,Brasil,PARANÁ,SÃO JORGE DO PATROCÍNIO,Mata Atlântica
 1716317742 ,a0bc7bf5-815f-3f32-afb8-a402738ce2da,  -23.707890 ,  -54.001380 ,2024-08-31 18:26:00,Brasil,PARANÁ,SÃO JORGE DO PATROCÍNIO,Mata Atlântica
 1716317743 ,b931936e-4497-31a0-b8d9-bb505c7879c9,  -23.697080 ,  -53.998120 ,2024-08-31 18:26:00,Brasil,PARANÁ,SÃO JORGE DO PATROCÍNIO,Mata Atlântica
 1716317744 ,e7118fa7-d6e3-3745-a34e-746b8a68eb0e,  -23.696980 ,  -54.003720 ,2024-08-31 18:26:00,Brasil,PARANÁ,SÃO JORGE DO PATROCÍNIO,Mata Atlântica
 1716317745 ,fe402f05-f44b-3d16-87ac-d11538dfe532,  -23.694330 ,  -53.988610 ,2024-08-31 18:26:00,Brasil,PARANÁ,SÃO JORGE DO PATROCÍNIO,Mata Atlântica
 1716317746 ,f19ac912-9c24-3866-9850-3d00ac41f6cf,  -23.609530 ,  -53.896240 ,2024-08-31 18:26:00,Brasil,PARANÁ,ALTO PARAÍSO,Mata Atlântica
 1716317747 ,fdb5d13c-d212-33b2-9136-4a3d4ed42ca7,  -23.606780 ,  -53.881090 ,2024-08-31 18:26:00,Brasil,PARANÁ,ALTO PARAÍSO,Mata Atlântica
 1716317756 ,35e4b6a2-f251-3615-bf31-c00bd48b806d,  -23.955360 ,  -53.898880 ,2024-08-31 18:24:00,Brasil,PARANÁ,IPORÃ,Mata Atlântica
 1716317757 ,abac53a9-095d-3e93-80ea-4bf4bb3da16a,  -23.944410 ,  -53.901190 ,2024-08-31 18:24:00,Brasil,PARANÁ,ALTÔNIA,Mata Atlântica
 1716317758 ,68276160-a7b2-31a6-ae7d-c3299d3bf340,  -23.919580 ,  -54.015860 ,2024-08-31 18:24:00,Brasil,PARANÁ,ALTÔNIA,Mata Atlântica
 1716317759 ,616e02e3-4780-3bac-9ed2-0a8f97fa90a7,  -23.908710 ,  -54.018090 ,2024-08-31 18:24:00,Brasil,PARANÁ,ALTÔNIA,Mata Atlântica
 1716948317 ,9a7b5e41-34cb-3882-ac46-5934aef93556,  -24.461500 ,  -50.513880 ,2024-09-02 18:09:00,Brasil,PARANÁ,TIBAGI,Mata Atlântica
 1716948458 ,984e1c21-cf6f-391f-ac1e-8031571bf3fe,  -24.666210 ,  -48.843860 ,2024-09-02 18:09:00,Brasil,PARANÁ,ADRIANÓPOLIS,Mata Atlântica
 1716948459 ,d6de80a3-55ca-3aa1-95ce-ff9734fa8166,  -26.002180 ,  -49.434650 ,2024-09-02 18:06:00,Brasil,PARANÁ,QUITANDINHA,Mata Atlântica
 1716948460 ,830a0556-7c3a-309d-910a-1ce2997f1bc9,  -25.460540 ,  -49.128960 ,2024-09-02 18:06:00,Brasil,PARANÁ,PIRAQUARA,Mata Atlântica
 1716948461 ,01b5c095-5036-3498-916f-046566359aef,  -25.207480 ,  -49.011620 ,2024-09-02 18:06:00,Brasil,PARANÁ,BOCAIÚVA DO SUL,Mata Atlântica
 1716948537 ,c4745820-463f-3607-b56c-bac92231fed7,  -24.455760 ,  -50.541690 ,2024-09-02 18:09:00,Brasil,PARANÁ,TIBAGI,Mata Atlântica
 1716948538 ,b95b6903-82db-3490-8a65-6a9825898378,  -24.990020 ,  -49.875950 ,2024-09-02 18:09:00,Brasil,PARANÁ,CASTRO,Mata Atlântica
 1716948539 ,b883d426-117a-3f25-b291-e7c74800a35d,  -24.987590 ,  -49.861980 ,2024-09-02 18:09:00,Brasil,PARANÁ,CASTRO,Mata Atlântica
 1716948541 ,b97c86d3-12e7-3b8f-b32b-156bb756fa91,  -26.049000 ,  -49.699440 ,2024-09-02 18:06:00,Brasil,PARANÁ,RIO NEGRO,Mata Atlântica
 1716948543 ,842f0012-ab35-30c2-ad6c-7230c6295324,  -26.043910 ,  -50.807110 ,2024-09-02 18:06:00,Brasil,PARANÁ,PAULO FRONTIN,Mata Atlântica
 1716948544 ,9c176814-236a-3e31-aa58-140c08b84867,  -25.677700 ,  -50.170800 ,2024-09-02 18:06:00,Brasil,PARANÁ,SÃO JOÃO DO TRIUNFO,Mata Atlântica
 1716948545 ,c0674380-81e5-3263-a7e7-85cde4568dca,  -25.675460 ,  -50.157790 ,2024-09-02 18:06:00,Brasil,PARANÁ,SÃO JOÃO DO TRIUNFO,Mata Atlântica
 1716948546 ,1e8087f9-890d-36c6-bc02-4b224822ab22,  -25.566260 ,  -49.995730 ,2024-09-02 18:06:00,Brasil,PARANÁ,PALMEIRA,Mata Atlântica
 1716948547 ,ffa5f601-a7da-35d2-8f98-e31ebc0ffad0,  -25.564300 ,  -50.651830 ,2024-09-02 18:06:00,Brasil,PARANÁ,IRATI,Mata Atlântica
 1716948549 ,1c717cb5-8004-3d87-9afc-adf4faa335db,  -25.685550 ,  -50.155460 ,2024-09-02 18:06:00,Brasil,PARANÁ,SÃO JOÃO DO TRIUNFO,Mata Atlântica
 1716948550 ,44ae3808-fd46-3ea1-96ba-2e629b83e875,  -25.427000 ,  -49.977130 ,2024-09-02 18:06:00,Brasil,PARANÁ,PALMEIRA,Mata Atlântica
 1716948551 ,4664714d-42d9-3996-9a6a-688a1e115145,  -26.051360 ,  -49.712900 ,2024-09-02 18:06:00,Brasil,PARANÁ,RIO NEGRO,Mata Atlântica
 1716948552 ,17c6dc26-afe2-31c2-be4b-01ebf3ab6f72,  -25.898040 ,  -50.801080 ,2024-09-02 18:06:00,Brasil,PARANÁ,MALLET,Mata Atlântica
 1716948654 ,579b01fd-ad42-3e32-8b9a-9f6a3c34f0f3,  -26.355750 ,  -51.634750 ,2024-09-02 18:06:00,Brasil,PARANÁ,PALMAS,Mata Atlântica
 1716948661 ,f7316ef3-3116-34a7-90b8-a16182d38e91,  -23.658220 ,  -51.301620 ,2024-09-02 18:09:00,Brasil,PARANÁ,CALIFÓRNIA,Mata Atlântica
 1716948662 ,01cf8299-c6a9-3dbf-b8ab-b0afd77cc3ff,  -23.151910 ,  -51.656100 ,2024-09-02 18:09:00,Brasil,PARANÁ,ASTORGA,Mata Atlântica
 1716948663 ,3ff7cf3e-a31a-3dc4-8b99-e0d74d7ff861,  -24.861780 ,  -51.184860 ,2024-09-02 18:09:00,Brasil,PARANÁ,PRUDENTÓPOLIS,Mata Atlântica
 1716948664 ,fdd57e9d-8e21-3ffc-b366-9f2f03834a3c,  -24.780990 ,  -52.068190 ,2024-09-02 18:09:00,Brasil,PARANÁ,PITANGA,Mata Atlântica
 1716948665 ,04356807-7e1a-3a3a-a633-80456caa4ce2,  -24.280590 ,  -51.388290 ,2024-09-02 18:09:00,Brasil,PARANÁ,GRANDES RIOS,Mata Atlântica
 1716948666 ,db7dab55-ad13-36c2-a6c7-f4b7e398af94,  -24.972230 ,  -51.778550 ,2024-09-02 18:09:00,Brasil,PARANÁ,SANTA MARIA DO OESTE,Mata Atlântica
 1716948667 ,dbb414fa-f433-3a39-b19b-edd6ffc316c0,  -24.272840 ,  -51.401590 ,2024-09-02 18:09:00,Brasil,PARANÁ,RIO BRANCO DO IVAÍ,Mata Atlântica
 1716948668 ,c36d78bb-7b14-34aa-aa5e-5be29c410730,  -24.272770 ,  -51.341390 ,2024-09-02 18:09:00,Brasil,PARANÁ,RIO BRANCO DO IVAÍ,Mata Atlântica
 1716948669 ,9872e39a-f2f9-3b57-840e-e9498022978f,  -24.966870 ,  -51.773950 ,2024-09-02 18:09:00,Brasil,PARANÁ,SANTA MARIA DO OESTE,Mata Atlântica
 1716948670 ,180c135f-37b0-3d58-8a28-bf467852d2bf,  -24.803840 ,  -51.256850 ,2024-09-02 18:09:00,Brasil,PARANÁ,PRUDENTÓPOLIS,Mata Atlântica
 1716948671 ,52fdd2b9-1e11-3b5d-94ac-9654900db919,  -24.476490 ,  -50.785960 ,2024-09-02 18:09:00,Brasil,PARANÁ,IMBAÚ,Mata Atlântica
 1716948672 ,f5755f59-5edd-3e09-98ca-72f17df76f00,  -24.349530 ,  -52.083360 ,2024-09-02 18:09:00,Brasil,PARANÁ,IRETAMA,Mata Atlântica
 1716948673 ,502b7e6a-678c-3467-ba52-af342d2d5cf3,  -24.282490 ,  -51.399730 ,2024-09-02 18:09:00,Brasil,PARANÁ,RIO BRANCO DO IVAÍ,Mata Atlântica
 1716948676 ,b461615e-a21d-3138-9135-8d2c4531db48,  -26.353970 ,  -51.623770 ,2024-09-02 18:06:00,Brasil,PARANÁ,PALMAS,Mata Atlântica
 1716948677 ,09e9c1c2-ea80-38ee-96b2-c9399a20b591,  -26.343880 ,  -52.202030 ,2024-09-02 18:06:00,Brasil,PARANÁ,CLEVELÂNDIA,Mata Atlântica
 1716948678 ,11121b6d-068d-3008-9467-a22a2a792cdc,  -26.261200 ,  -51.626180 ,2024-09-02 18:06:00,Brasil,PARANÁ,BITURUNA,Mata Atlântica
 1716948679 ,27ad91e6-2a7e-30b7-9f2e-8d6e986ba489,  -26.259470 ,  -51.615510 ,2024-09-02 18:06:00,Brasil,PARANÁ,BITURUNA,Mata Atlântica
 1716948680 ,3af05792-1f0e-392c-8cda-91e62ad8a6fd,  -26.084190 ,  -51.674780 ,2024-09-02 18:06:00,Brasil,PARANÁ,BITURUNA,Mata Atlântica
 1716948681 ,b49a042f-bdf9-335d-937f-cfbee59737cb,  -25.494160 ,  -51.038460 ,2024-09-02 18:06:00,Brasil,PARANÁ,IRATI,Mata Atlântica
 1716948683 ,0d67a478-1a0a-321b-b149-0e3d194bf239,  -25.804250 ,  -51.476100 ,2024-09-02 18:06:00,Brasil,PARANÁ,PINHÃO,Mata Atlântica
 1716948684 ,7a4dc38a-e154-3672-a286-b8f0242e56fc,  -25.438700 ,  -51.184030 ,2024-09-02 18:06:00,Brasil,PARANÁ,GUARAPUAVA,Mata Atlântica
 1716948685 ,a2ca9ea7-8cff-37fd-a24b-af67042a5e73,  -26.345520 ,  -52.212410 ,2024-09-02 18:06:00,Brasil,PARANÁ,CLEVELÂNDIA,Mata Atlântica
 1716948686 ,04df1ced-1502-3129-825b-f9c4c2da1c09,  -26.277500 ,  -52.124350 ,2024-09-02 18:06:00,Brasil,PARANÁ,CORONEL DOMINGOS SOARES,Mata Atlântica
 1716948687 ,139706a7-8402-3580-9f4d-c2a31ad87aae,  -26.248430 ,  -51.999980 ,2024-09-02 18:06:00,Brasil,PARANÁ,CORONEL DOMINGOS SOARES,Mata Atlântica
 1716948688 ,08f89f9b-73c1-30db-9619-b2eb048f5948,  -25.602520 ,  -51.829560 ,2024-09-02 18:06:00,Brasil,PARANÁ,CANDÓI,Mata Atlântica
 1716948689 ,37250883-c0a9-3d4c-a09f-7cef83c76c6e,  -25.415560 ,  -52.055200 ,2024-09-02 18:06:00,Brasil,PARANÁ,CANDÓI,Mata Atlântica
 1716948691 ,fc9247cb-b52e-3391-a088-a7bb506fd074,  -26.275840 ,  -52.113790 ,2024-09-02 18:06:00,Brasil,PARANÁ,CORONEL DOMINGOS SOARES,Mata Atlântica
 1716948692 ,f5eb0dd8-e0fd-3a64-acb9-d129835fd939,  -26.009760 ,  -52.366910 ,2024-09-02 18:06:00,Brasil,PARANÁ,MANGUEIRINHA,Mata Atlântica
 1716948693 ,5b5dc77d-2cb9-3c94-9292-71f96b55f93e,  -25.492270 ,  -51.026920 ,2024-09-02 18:06:00,Brasil,PARANÁ,IRATI,Mata Atlântica
 1716948835 ,35ae5b5e-e338-3520-aa95-ac6630779212,  -23.142310 ,  -52.161280 ,2024-09-02 18:09:00,Brasil,PARANÁ,NOVA ESPERANÇA,Mata Atlântica
 1716948836 ,31bae67a-9688-3abe-b3fa-c63dc547c0e8,  -24.043650 ,  -52.666030 ,2024-09-02 18:09:00,Brasil,PARANÁ,ARARUNA,Mata Atlântica
 1716948837 ,c6139726-64cd-3d77-bbbc-e6f8e1c1c049,  -24.045260 ,  -52.676320 ,2024-09-02 18:09:00,Brasil,PARANÁ,ARARUNA,Mata Atlântica
 1716948838 ,8960038f-4a88-358a-a20f-790b3c75e31a,  -26.270770 ,  -53.040120 ,2024-09-02 18:06:00,Brasil,PARANÁ,RENASCENÇA,Mata Atlântica
 1716948839 ,4ffb9b3c-f15c-3a9d-a6a7-f214020d73e2,  -25.424560 ,  -52.574830 ,2024-09-02 18:09:00,Brasil,PARANÁ,NOVA LARANJEIRAS,Mata Atlântica
 1716948841 ,9b2d232c-60fe-3bb0-b113-2cce6672759b,  -26.272260 ,  -53.050060 ,2024-09-02 18:06:00,Brasil,PARANÁ,RENASCENÇA,Mata Atlântica
 1716948842 ,1a1c1ff2-d842-3a08-b1d3-7e66c261d4cd,  -26.223260 ,  -53.151490 ,2024-09-02 18:06:00,Brasil,PARANÁ,MARMELEIRO,Mata Atlântica
 1716948843 ,ea0f55a6-6421-3482-abbe-89603e81d867,  -25.497170 ,  -52.926040 ,2024-09-02 18:09:00,Brasil,PARANÁ,QUEDAS DO IGUAÇU,Mata Atlântica
 1716948845 ,d7856e69-b4cd-377e-b8ce-d0ad8ede90a3,  -25.498710 ,  -52.936150 ,2024-09-02 18:09:00,Brasil,PARANÁ,QUEDAS DO IGUAÇU,Mata Atlântica
 1717355114 ,bb21574b-331a-3373-b83d-220e35ba70ec,  -25.174870 ,  -49.669610 ,2024-09-03 17:09:00,Brasil,PARANÁ,CAMPO LARGO,Mata Atlântica
 1717355115 ,0d4db121-0621-3b0f-8d86-2f29bcc8243c,  -25.166810 ,  -49.677750 ,2024-09-03 17:09:00,Brasil,PARANÁ,CAMPO LARGO,Mata Atlântica
 1717355116 ,d67fc391-50b8-345a-acb7-5ce3499663f2,  -25.163820 ,  -49.641200 ,2024-09-03 17:09:00,Brasil,PARANÁ,CAMPO LARGO,Mata Atlântica
 1717355117 ,78baf130-615e-39ed-bb39-d559963f928b,  -24.994620 ,  -49.385780 ,2024-09-03 17:09:00,Brasil,PARANÁ,RIO BRANCO DO SUL,Mata Atlântica
 1717355381 ,1b02c97b-aebd-35c7-9511-29e8a0f71238,  -24.993090 ,  -51.128930 ,2024-09-03 17:09:00,Brasil,PARANÁ,PRUDENTÓPOLIS,Mata Atlântica
 1717355382 ,93e8dbe5-a5b5-3275-abd5-1d0c8be9aa0f,  -24.991760 ,  -51.125150 ,2024-09-03 17:09:00,Brasil,PARANÁ,PRUDENTÓPOLIS,Mata Atlântica
 1717355383 ,d9150108-fd95-36fb-8965-d98732d7f7d1,  -24.502530 ,  -50.788740 ,2024-09-03 17:09:00,Brasil,PARANÁ,IMBAÚ,Mata Atlântica
 1717355384 ,3b7a31e3-f429-3745-a3ad-619b0ac074fa,  -24.501190 ,  -50.792190 ,2024-09-03 17:09:00,Brasil,PARANÁ,IMBAÚ,Mata Atlântica
 1717355385 ,80d8dde6-2eef-377a-b979-8abe29868018,  -25.617340 ,  -51.122660 ,2024-09-03 17:09:00,Brasil,PARANÁ,INÁCIO MARTINS,Mata Atlântica
 1717355386 ,29c96d00-9bc6-3492-a7b7-6ec71695c40d,  -25.616560 ,  -51.115770 ,2024-09-03 17:09:00,Brasil,PARANÁ,INÁCIO MARTINS,Mata Atlântica
 1717356086 ,444aaf72-0c25-3072-a694-7b87a3da7a38,  -24.681890 ,  -48.900590 ,2024-09-03 17:09:00,Brasil,PARANÁ,ADRIANÓPOLIS,Mata Atlântica
 1717356087 ,c2c11644-9bcf-382f-ac6e-10dde9e8e29f,  -24.678810 ,  -48.897470 ,2024-09-03 17:09:00,Brasil,PARANÁ,ADRIANÓPOLIS,Mata Atlântica
 1717417092 ,d26e8b98-7412-3453-a3ba-dcbd4de1510d,  -23.025610 ,  -53.058150 ,2024-09-03 18:49:00,Brasil,PARANÁ,LOANDA,Mata Atlântica
 1717417093 ,2dbadda6-0ccc-3269-8298-805b7f9ca4b4,  -23.025030 ,  -53.049680 ,2024-09-03 18:49:00,Brasil,PARANÁ,LOANDA,Mata Atlântica
 1718508132 ,7b8b96f0-4f07-3aaa-b5f7-bf126f84f96f,  -25.546990 ,  -52.762930 ,2024-09-06 17:34:00,Brasil,PARANÁ,RIO BONITO DO IGUAÇU,Mata Atlântica
 1718510536 ,d49f2f22-83d6-31bb-b344-d5dc4ba52d84,  -23.578510 ,  -51.314090 ,2024-09-06 17:34:00,Brasil,PARANÁ,APUCARANA,Mata Atlântica
 1718510537 ,2968ecd1-1a92-3f90-90cb-5979389fa4f3,  -24.967740 ,  -51.526910 ,2024-09-06 17:34:00,Brasil,PARANÁ,TURVO,Mata Atlântica
 1718510538 ,58440708-3f43-30a5-a914-0135bb2249c2,  -24.965680 ,  -51.507630 ,2024-09-06 17:34:00,Brasil,PARANÁ,TURVO,Mata Atlântica
 1718510539 ,f411db80-fead-31a4-a3a1-222c39a4407a,  -24.834400 ,  -51.031040 ,2024-09-06 17:34:00,Brasil,PARANÁ,RESERVA,Mata Atlântica
 1718510540 ,ad1879a8-b83e-3392-9d63-01f3dec50bf2,  -24.832310 ,  -51.012270 ,2024-09-06 17:34:00,Brasil,PARANÁ,RESERVA,Mata Atlântica
 1718510541 ,372cfdea-9925-366a-8e94-08d485a21d72,  -24.806400 ,  -51.962250 ,2024-09-06 17:34:00,Brasil,PARANÁ,SANTA MARIA DO OESTE,Mata Atlântica
 1718510542 ,c872141a-2de9-300c-b4f0-dc18247b8ac0,  -24.804220 ,  -51.941050 ,2024-09-06 17:34:00,Brasil,PARANÁ,SANTA MARIA DO OESTE,Mata Atlântica
 1718510543 ,5b2fd024-7a24-321e-96b1-893c82674acb,  -24.617800 ,  -51.541360 ,2024-09-06 17:34:00,Brasil,PARANÁ,PITANGA,Mata Atlântica
 1718510544 ,c804dc59-1514-364f-93cb-3188292605dd,  -24.615710 ,  -51.522110 ,2024-09-06 17:34:00,Brasil,PARANÁ,PITANGA,Mata Atlântica
 1718510545 ,73692662-f315-3889-a612-5c8dba4f6eb6,  -25.757970 ,  -52.018380 ,2024-09-06 17:32:00,Brasil,PARANÁ,PINHÃO,Mata Atlântica
 1718900201 ,51559156-b54b-32f0-9f53-a6c89d798724,  -25.245460 ,  -52.692600 ,2024-09-07 18:13:00,Brasil,PARANÁ,NOVA LARANJEIRAS,Mata Atlântica
 1718900202 ,fc26bc40-fd33-3a28-a8c8-e8ef24de02f3,  -23.919160 ,  -52.767940 ,2024-09-07 18:13:00,Brasil,PARANÁ,TUNEIRAS DO OESTE,Mata Atlântica
 1718900203 ,4f59eba9-94cd-3c31-872c-b2222b57dcc6,  -23.917270 ,  -52.756410 ,2024-09-07 18:13:00,Brasil,PARANÁ,TUNEIRAS DO OESTE,Mata Atlântica
 1718900204 ,b1325847-3ab7-3b79-91bc-94c1e49b1dc7,  -23.909540 ,  -52.769820 ,2024-09-07 18:13:00,Brasil,PARANÁ,TUNEIRAS DO OESTE,Mata Atlântica
 1718900205 ,0eb8a846-e11a-3d12-b578-c57aabd759cf,  -23.907650 ,  -52.758360 ,2024-09-07 18:13:00,Brasil,PARANÁ,TUNEIRAS DO OESTE,Mata Atlântica
 1718904183 ,6d98db0d-e692-3049-903f-78c25d779509,  -23.062610 ,  -50.107400 ,2024-09-07 18:13:00,Brasil,PARANÁ,CAMBARÁ,Mata Atlântica
 1718904184 ,b4793fef-7c29-359a-a3ef-ffc042a00951,  -23.054150 ,  -50.126900 ,2024-09-07 18:13:00,Brasil,PARANÁ,CAMBARÁ,Mata Atlântica
 1718904187 ,5a7fb499-bc32-30a7-bbde-581efed09263,  -23.326620 ,  -50.143890 ,2024-09-07 18:13:00,Brasil,PARANÁ,SANTO ANTÔNIO DA PLATINA,Mata Atlântica
 1718904188 ,03ad05aa-e6ce-3dbd-9a29-b6eca8feeec4,  -23.323510 ,  -50.126470 ,2024-09-07 18:13:00,Brasil,PARANÁ,SANTO ANTÔNIO DA PLATINA,Mata Atlântica
 1718904189 ,70f6245b-2511-379c-9aaf-8f3740d5c699,  -23.323140 ,  -50.137540 ,2024-09-07 18:13:00,Brasil,PARANÁ,SANTO ANTÔNIO DA PLATINA,Mata Atlântica
 1718904190 ,1251ae61-b737-3c53-8345-69fd5835d466,  -23.050970 ,  -50.109800 ,2024-09-07 18:13:00,Brasil,PARANÁ,CAMBARÁ,Mata Atlântica
 1718904191 ,f6d76620-b4b9-3b39-bd3f-38414ebf632c,  -25.177900 ,  -50.198240 ,2024-09-07 18:13:00,Brasil,PARANÁ,PONTA GROSSA,Mata Atlântica
 1718904192 ,17621f04-ae3c-3171-9e2a-126f52895a65,  -25.177490 ,  -50.205300 ,2024-09-07 18:13:00,Brasil,PARANÁ,PONTA GROSSA,Mata Atlântica
 1718904193 ,85de1b56-3efd-3b29-a3db-4595baa67c68,  -24.942640 ,  -49.383580 ,2024-09-07 18:13:00,Brasil,PARANÁ,CERRO AZUL,Mata Atlântica
 1718904194 ,f767afd2-4ce0-3aa0-92c4-b8521606b56f,  -24.937930 ,  -49.390500 ,2024-09-07 18:13:00,Brasil,PARANÁ,RIO BRANCO DO SUL,Mata Atlântica
 1718904195 ,f03ab920-bd53-369e-a2fa-f2bf902844f0,  -24.552510 ,  -49.349780 ,2024-09-07 18:13:00,Brasil,PARANÁ,DOUTOR ULYSSES,Mata Atlântica
 1718904196 ,4e9fb40b-88ab-35be-8922-db19aa2cdbf3,  -24.537730 ,  -50.629280 ,2024-09-07 18:13:00,Brasil,PARANÁ,TIBAGI,Mata Atlântica
 1718904197 ,51b81b63-707c-3fe9-80e7-604a21ad0cbf,  -24.535030 ,  -50.614360 ,2024-09-07 18:13:00,Brasil,PARANÁ,TIBAGI,Mata Atlântica
 1718904198 ,1e0678d5-ac53-3912-985a-122930bd0e45,  -23.796830 ,  -50.196230 ,2024-09-07 18:13:00,Brasil,PARANÁ,IBAITI,Mata Atlântica
 1718904334 ,4ab7b6f1-60ef-34e7-87b9-f6cafa147b2a,  -23.290860 ,  -51.246830 ,2024-09-07 18:13:00,Brasil,PARANÁ,CAMBÉ,Mata Atlântica
 1718904335 ,8d2a6d9f-4292-39c7-8804-7dfb75868d90,  -25.041430 ,  -51.976110 ,2024-09-07 18:13:00,Brasil,PARANÁ,GOIOXIM,Mata Atlântica
 1718904336 ,59147e33-5325-3fa0-ab55-246297b7447b,  -25.039360 ,  -51.964020 ,2024-09-07 18:13:00,Brasil,PARANÁ,GOIOXIM,Mata Atlântica
 1718904337 ,266d9af3-ee01-3e28-9b99-921194f51986,  -24.637310 ,  -51.475440 ,2024-09-07 18:13:00,Brasil,PARANÁ,PITANGA,Mata Atlântica
 1718904338 ,1b90e8d1-4f0c-359d-89bc-c5387d0b5fb3,  -24.635030 ,  -51.462180 ,2024-09-07 18:13:00,Brasil,PARANÁ,CÂNDIDO DE ABREU,Mata Atlântica
 1718904340 ,38835846-4eef-3444-a819-705187d4818b,  -26.568260 ,  -51.754220 ,2024-09-07 18:11:00,Brasil,PARANÁ,PALMAS,Mata Atlântica
 1718904341 ,96f2a4f7-fe10-360e-8b3d-03ef90ce97f3,  -26.366330 ,  -51.727520 ,2024-09-07 18:11:00,Brasil,PARANÁ,PALMAS,Mata Atlântica
 1718904342 ,e3b00174-5cbd-31b0-813c-603e93b34d06,  -26.364290 ,  -51.715270 ,2024-09-07 18:11:00,Brasil,PARANÁ,PALMAS,Mata Atlântica
 1718904343 ,f5c6c4fa-65bb-3223-93fc-45d81e3dc49c,  -25.934050 ,  -52.145230 ,2024-09-07 18:13:00,Brasil,PARANÁ,MANGUEIRINHA,Mata Atlântica
 1718904344 ,1812b84f-4228-331e-b59d-d0c8c58b5952,  -25.823320 ,  -51.431000 ,2024-09-07 18:13:00,Brasil,PARANÁ,PINHÃO,Mata Atlântica
 1719258482 ,151b5a99-a3ed-3ff8-bb1e-0a477da20c3f,  -23.765120 ,  -50.757270 ,2024-09-08 17:17:00,Brasil,PARANÁ,SÃO JERÔNIMO DA SERRA,Mata Atlântica
 1719259911 ,8f9c22d9-6287-35f8-ac72-a76fb474315e,  -24.818390 ,  -50.768040 ,2024-09-08 17:15:00,Brasil,PARANÁ,TIBAGI,Mata Atlântica
 1719259912 ,9388329d-a70e-3889-9573-48448adc6bad,  -24.815530 ,  -50.733050 ,2024-09-08 17:15:00,Brasil,PARANÁ,TIBAGI,Mata Atlântica
 1719668700 ,c7fafc89-911f-3483-be04-c46190c06a49,  -23.767550 ,  -50.742040 ,2024-09-09 17:56:00,Brasil,PARANÁ,SÃO JERÔNIMO DA SERRA,Mata Atlântica
 1719668701 ,c359f843-4722-309b-b201-e654b58f372e,  -23.670030 ,  -50.894940 ,2024-09-09 17:56:00,Brasil,PARANÁ,SÃO JERÔNIMO DA SERRA,Mata Atlântica
 1719668702 ,94ea4f90-a821-387e-bc83-81bbf880eda4,  -23.661150 ,  -50.896560 ,2024-09-09 17:56:00,Brasil,PARANÁ,SÃO JERÔNIMO DA SERRA,Mata Atlântica
 1719668703 ,d9bed814-be46-3103-9411-bd1fa2766c4a,  -24.242530 ,  -50.965620 ,2024-09-09 17:56:00,Brasil,PARANÁ,ORTIGUEIRA,Mata Atlântica
 1719668704 ,0c8428c2-cf2d-3fb7-936c-7318c9594f99,  -23.988400 ,  -51.631000 ,2024-09-09 17:56:00,Brasil,PARANÁ,BORRAZÓPOLIS,Mata Atlântica
 1719668705 ,d3422497-b417-389b-be5b-4925254d2dce,  -24.817310 ,  -51.957890 ,2024-09-09 17:56:00,Brasil,PARANÁ,SANTA MARIA DO OESTE,Mata Atlântica
 1719668706 ,62ca4ffd-f94d-3115-94b0-2b766fa7d07c,  -24.815920 ,  -51.947840 ,2024-09-09 17:56:00,Brasil,PARANÁ,SANTA MARIA DO OESTE,Mata Atlântica
 1719668707 ,79373888-8bb7-3d48-8832-ed7a98ad4949,  -24.795690 ,  -51.220120 ,2024-09-09 17:56:00,Brasil,PARANÁ,PRUDENTÓPOLIS,Mata Atlântica
 1719668708 ,83d6d101-c304-3947-9995-fb5e57c4ed96,  -24.635390 ,  -51.516370 ,2024-09-09 17:56:00,Brasil,PARANÁ,PITANGA,Mata Atlântica
 1719668709 ,a7ed1d21-006b-3952-9631-9e7ad3dd833a,  -25.406500 ,  -52.433420 ,2024-09-09 17:54:00,Brasil,PARANÁ,LARANJEIRAS DO SUL,Mata Atlântica
 1719668710 ,4d373899-235b-36ad-a232-0254f05263f6,  -26.497690 ,  -52.011040 ,2024-09-09 17:54:00,Brasil,PARANÁ,PALMAS,Mata Atlântica
 1719668711 ,f61f6c2d-749a-3241-8491-859a41e530ba,  -25.671540 ,  -51.618140 ,2024-09-09 17:54:00,Brasil,PARANÁ,PINHÃO,Mata Atlântica
 1719668712 ,07b5ddd8-398a-3fee-b33c-2738f8fd6bcb,  -25.416030 ,  -51.047390 ,2024-09-09 17:54:00,Brasil,PARANÁ,PRUDENTÓPOLIS,Mata Atlântica
 1719669493 ,3f302c8e-a586-3597-a93c-6d5ebdeea0dd,  -23.632020 ,  -52.497640 ,2024-09-09 17:56:00,Brasil,PARANÁ,CIANORTE,Mata Atlântica
 1719669494 ,020f9e6b-8f39-344f-8e95-698108450590,  -23.460770 ,  -53.344070 ,2024-09-09 17:56:00,Brasil,PARANÁ,DOURADINA,Mata Atlântica
 1719669495 ,33728f84-90a4-3caa-8692-d97d44310af0,  -23.451440 ,  -53.345470 ,2024-09-09 17:56:00,Brasil,PARANÁ,DOURADINA,Mata Atlântica
 1719669496 ,58f97969-09a6-3ac3-931a-cc7f6e34ba16,  -23.264830 ,  -52.237650 ,2024-09-09 17:56:00,Brasil,PARANÁ,PRESIDENTE CASTELO BRANCO,Mata Atlântica
 1719669497 ,9a5cef8a-b464-32d1-ae17-d9e85bf3e1d0,  -23.031870 ,  -53.094520 ,2024-09-09 17:56:00,Brasil,PARANÁ,LOANDA,Mata Atlântica
 1719669498 ,bf0b3197-9346-38b1-a226-476d206a7572,  -23.025000 ,  -53.043220 ,2024-09-09 17:56:00,Brasil,PARANÁ,LOANDA,Mata Atlântica
 1719669499 ,f7d13120-c3f8-3a46-b760-c5e732f8aaa2,  -23.021300 ,  -53.085670 ,2024-09-09 17:56:00,Brasil,PARANÁ,LOANDA,Mata Atlântica
 1719669500 ,93c9dce2-05fd-380b-8ff5-eff278838f35,  -23.443530 ,  -53.357650 ,2024-09-09 17:56:00,Brasil,PARANÁ,DOURADINA,Mata Atlântica
 1719669501 ,310e07d9-d3d0-367d-a82c-f3d54e44cb92,  -23.026380 ,  -53.053520 ,2024-09-09 17:56:00,Brasil,PARANÁ,LOANDA,Mata Atlântica
 1719669502 ,8b3df175-bba7-3f5d-96e3-bba6b24da478,  -23.450030 ,  -53.334770 ,2024-09-09 17:56:00,Brasil,PARANÁ,DOURADINA,Mata Atlântica
 1719669503 ,16f3e44f-d7c4-3217-8e4f-4bb46ab8f149,  -23.442120 ,  -53.346930 ,2024-09-09 17:56:00,Brasil,PARANÁ,DOURADINA,Mata Atlântica
 1719669504 ,4d21bfee-14c0-3195-a994-5589cb7ea4cd,  -23.440710 ,  -53.336230 ,2024-09-09 17:56:00,Brasil,PARANÁ,DOURADINA,Mata Atlântica
 1719669505 ,03c9d5fe-6ea2-3ce3-9cef-c688993a9cf3,  -23.030490 ,  -53.084210 ,2024-09-09 17:56:00,Brasil,PARANÁ,LOANDA,Mata Atlântica
 1719669506 ,3f912cfe-e765-321c-be6f-71738fec6a6e,  -23.017200 ,  -53.054950 ,2024-09-09 17:56:00,Brasil,PARANÁ,LOANDA,Mata Atlântica
 1719669507 ,d4d799d4-2e19-35b7-bd14-c1682685edb3,  -23.459360 ,  -53.333420 ,2024-09-09 17:56:00,Brasil,PARANÁ,DOURADINA,Mata Atlântica
 1719669508 ,22cb63c4-0e59-3c1f-b414-43fab4afb312,  -23.015820 ,  -53.044660 ,2024-09-09 17:56:00,Brasil,PARANÁ,LOANDA,Mata Atlântica
 1719669509 ,31aae59f-f2bd-3654-961a-67c5f8a3b969,  -23.797790 ,  -52.706220 ,2024-09-09 17:56:00,Brasil,PARANÁ,CIANORTE,Mata Atlântica
 1719669510 ,df6c9ce0-2a78-3233-8a8a-f9c48844878a,  -25.135420 ,  -52.741700 ,2024-09-09 17:56:00,Brasil,PARANÁ,GUARANIAÇU,Mata Atlântica
 1719669511 ,efb3cd59-3193-35f0-be19-ba94eff29447,  -23.922220 ,  -52.954470 ,2024-09-09 17:56:00,Brasil,PARANÁ,TUNEIRAS DO OESTE,Mata Atlântica
 1719669512 ,42094f71-eb5e-3973-a901-5f50def7d124,  -25.413670 ,  -52.625310 ,2024-09-09 17:54:00,Brasil,PARANÁ,NOVA LARANJEIRAS,Mata Atlântica
 1719669513 ,0b4a9cf0-149b-33b1-9cdb-756a4d93e3b5,  -25.432910 ,  -52.698310 ,2024-09-09 17:54:00,Brasil,PARANÁ,NOVA LARANJEIRAS,Mata Atlântica
 1719669514 ,39b84d01-252c-3bc8-8655-a8297b430208,  -25.597380 ,  -53.881480 ,2024-09-09 17:54:00,Brasil,PARANÁ,CAPANEMA,Mata Atlântica
 1719669515 ,3dfa0f06-76dc-3d9a-8396-a4ee3c01e6c6,  -25.434350 ,  -52.708970 ,2024-09-09 17:54:00,Brasil,PARANÁ,NOVA LARANJEIRAS,Mata Atlântica
 1719669516 ,5fdcf478-2348-341e-92fe-9329328f3f8b,  -25.378200 ,  -52.641950 ,2024-09-09 17:54:00,Brasil,PARANÁ,NOVA LARANJEIRAS,Mata Atlântica
 1719670112 ,b343274f-d894-388f-9a7e-6ea8376f2d1a,  -23.445880 ,  -53.853050 ,2024-09-09 17:56:00,Brasil,PARANÁ,ALTO PARAÍSO,Mata Atlântica
 1719670188 ,26c2a2eb-d054-349e-97f0-f6bf1d362920,  -23.423900 ,  -53.833620 ,2024-09-09 17:56:00,Brasil,PARANÁ,ALTO PARAÍSO,Mata Atlântica
 1719673559 ,0b290ca2-9ce0-3012-9818-c00a589c4907,  -24.688880 ,  -48.868830 ,2024-09-09 17:54:00,Brasil,PARANÁ,ADRIANÓPOLIS,Mata Atlântica
 1719673563 ,7c082455-1c55-3d5c-8e26-7d11684d7071,  -25.197780 ,  -49.345790 ,2024-09-09 17:54:00,Brasil,PARANÁ,RIO BRANCO DO SUL,Mata Atlântica
 1719673564 ,5be4197c-ec04-3f50-b36f-cae52a14fa35,  -26.062690 ,  -49.450160 ,2024-09-09 17:54:00,Brasil,PARANÁ,PIÊN,Mata Atlântica
 1719673565 ,f09aa877-ce47-354d-a8d0-533c67803e65,  -25.243690 ,  -49.053410 ,2024-09-09 17:54:00,Brasil,PARANÁ,BOCAIÚVA DO SUL,Mata Atlântica
 1719673566 ,e25da54a-55e4-3a3d-bf5f-084d49702ffd,  -25.245340 ,  -49.063870 ,2024-09-09 17:54:00,Brasil,PARANÁ,BOCAIÚVA DO SUL,Mata Atlântica
 1719673778 ,11b1e612-d77b-3468-afeb-10fda569fce2,  -23.491240 ,  -50.373300 ,2024-09-09 17:56:00,Brasil,PARANÁ,RIBEIRÃO DO PINHAL,Mata Atlântica
 1719673783 ,e72c5d65-f009-30af-93fb-f46879da26ab,  -24.367590 ,  -49.475270 ,2024-09-09 17:56:00,Brasil,PARANÁ,JAGUARIAÍVA,Mata Atlântica
 1719673785 ,5ea21bb8-36bc-3d58-ac66-d0330ac65696,  -25.257400 ,  -49.792640 ,2024-09-09 17:54:00,Brasil,PARANÁ,CAMPO LARGO,Mata Atlântica
 1719673786 ,820bed30-44f1-3f1b-8efb-379558058e92,  -25.018580 ,  -49.742740 ,2024-09-09 17:54:00,Brasil,PARANÁ,CASTRO,Mata Atlântica
 1719673787 ,45a22b7d-b799-31d5-83c2-51eb35a3b5e4,  -25.085450 ,  -49.341840 ,2024-09-09 17:54:00,Brasil,PARANÁ,RIO BRANCO DO SUL,Mata Atlântica
 1719673788 ,cf1d387c-90ba-31e8-a915-139e42e0d560,  -25.076890 ,  -49.406650 ,2024-09-09 17:54:00,Brasil,PARANÁ,RIO BRANCO DO SUL,Mata Atlântica
 1719673790 ,4bf89f40-8a29-3a35-8eb7-274327b6a8a1,  -25.905390 ,  -50.114990 ,2024-09-09 17:54:00,Brasil,PARANÁ,ANTÔNIO OLINTO,Mata Atlântica
 1719673791 ,e647c8cd-83b5-3c9e-ae81-c2053faab4e2,  -25.662380 ,  -50.091050 ,2024-09-09 17:54:00,Brasil,PARANÁ,LAPA,Mata Atlântica
 1719673792 ,835b9215-f5bb-3141-ba91-674ea48f21c6,  -25.544180 ,  -50.660420 ,2024-09-09 17:54:00,Brasil,PARANÁ,IRATI,Mata Atlântica
 1719673793 ,4de3c8a9-825b-349a-8683-7710ae622f55,  -25.515780 ,  -50.282590 ,2024-09-09 17:54:00,Brasil,PARANÁ,PALMEIRA,Mata Atlântica
 1719673795 ,05bef711-c399-3351-bc02-b5602514a1b3,  -26.022710 ,  -49.551460 ,2024-09-09 17:54:00,Brasil,PARANÁ,CAMPO DO TENENTE,Mata Atlântica
 1719673796 ,b3d75989-b9cd-305a-a97b-828c211db0ce,  -25.496280 ,  -50.397270 ,2024-09-09 17:54:00,Brasil,PARANÁ,TEIXEIRA SOARES,Mata Atlântica
 1719673798 ,9d10c0e0-2342-34b0-bf70-ee9f0e5360af,  -25.459380 ,  -49.967980 ,2024-09-09 17:54:00,Brasil,PARANÁ,PALMEIRA,Mata Atlântica
 1719673800 ,4ea34b68-dbab-3317-b2a1-88ace03694e1,  -25.868030 ,  -50.294320 ,2024-09-09 17:54:00,Brasil,PARANÁ,SÃO MATEUS DO SUL,Mata Atlântica
 1716538148 ,c5522dc9-53b7-3011-b2dd-95a3caf734bd,  -25.040510 ,  -49.295480 ,2024-09-01 17:26:00,Brasil,PARANÁ,CERRO AZUL,Mata Atlântica
 1716538149 ,776de316-5112-3ea5-9d67-0b027c251e16,  -25.038520 ,  -49.278000 ,2024-09-01 17:26:00,Brasil,PARANÁ,CERRO AZUL,Mata Atlântica
 1716538150 ,ee17f4f6-a74b-3e8b-8118-36f18f8f7d08,  -24.801840 ,  -49.001490 ,2024-09-01 17:26:00,Brasil,PARANÁ,ADRIANÓPOLIS,Mata Atlântica
 1716538465 ,88dcaf1d-4797-3610-88af-7c6317f53ec4,  -23.121150 ,  -50.379670 ,2024-09-01 17:28:00,Brasil,PARANÁ,BANDEIRANTES,Mata Atlântica
 1716538466 ,4a8482c1-c851-3dfe-b774-684b655cf6a9,  -23.131080 ,  -50.359690 ,2024-09-01 17:28:00,Brasil,PARANÁ,BANDEIRANTES,Mata Atlântica
 1716538467 ,2b575172-0576-3586-a473-71f111c265b2,  -23.119140 ,  -50.361330 ,2024-09-01 17:28:00,Brasil,PARANÁ,BANDEIRANTES,Mata Atlântica
 1716538468 ,80ad9729-de4c-34fa-975b-64f8de621977,  -25.000190 ,  -49.862580 ,2024-09-01 17:26:00,Brasil,PARANÁ,CASTRO,Mata Atlântica
 1716538469 ,364ede71-bcd4-34c4-acbe-8ceeff9d0e66,  -25.456520 ,  -50.374950 ,2024-09-01 17:26:00,Brasil,PARANÁ,TEIXEIRA SOARES,Mata Atlântica
 1720134529 ,2899c1fd-041f-3487-b98e-6464573bd027,  -23.051650 ,  -53.052380 ,2024-09-10 18:36:00,Brasil,PARANÁ,LOANDA,Mata Atlântica
 1720134584 ,2316d2ec-c192-3a60-8379-5df33b6be9fe,  -24.728570 ,  -49.415520 ,2024-09-10 18:34:00,Brasil,PARANÁ,CERRO AZUL,Mata Atlântica
 1720134585 ,b5f28356-07d2-3d1f-9e2d-5cbf5d04d1f9,  -24.727230 ,  -49.411580 ,2024-09-10 18:34:00,Brasil,PARANÁ,DOUTOR ULYSSES,Mata Atlântica
 1720134613 ,434c89a1-3171-3c83-9441-2bb5940b933a,  -26.091420 ,  -52.552040 ,2024-09-10 18:34:00,Brasil,PARANÁ,CORONEL VIVIDA,Mata Atlântica
 1720134614 ,ed57454a-2884-3c99-b31e-499f98586914,  -25.630840 ,  -51.622600 ,2024-09-10 18:34:00,Brasil,PARANÁ,PINHÃO,Mata Atlântica
 1720134615 ,a6c11465-3576-3b57-99ba-0e8a6f3c80c3,  -25.628670 ,  -51.618640 ,2024-09-10 18:34:00,Brasil,PARANÁ,PINHÃO,Mata Atlântica
 1720134643 ,35ad76ab-3bc5-3436-8598-53ae08b67f89,  -23.464840 ,  -53.369530 ,2024-09-10 18:36:00,Brasil,PARANÁ,UMUARAMA,Mata Atlântica
 1720134644 ,ef8fa328-7b2d-333d-85c6-ee44dd66e231,  -23.457250 ,  -53.363820 ,2024-09-10 18:36:00,Brasil,PARANÁ,UMUARAMA,Mata Atlântica
 1720134645 ,b0a79b8c-7368-35d5-a2e2-8cdf6b9e42a3,  -23.451180 ,  -53.372880 ,2024-09-10 18:36:00,Brasil,PARANÁ,IVATÉ,Mata Atlântica
 1720134646 ,5f6477d5-23ba-31d1-a1e8-8d71efaf8b56,  -23.446370 ,  -53.348540 ,2024-09-10 18:36:00,Brasil,PARANÁ,DOURADINA,Mata Atlântica
 1720134647 ,3a65af9d-9f23-32a8-9c17-bc7c65247471,  -23.441450 ,  -53.323610 ,2024-09-10 18:36:00,Brasil,PARANÁ,DOURADINA,Mata Atlântica
 1720134648 ,2ef2c20b-0a26-3a37-ad97-70ec3fb1a31c,  -23.060370 ,  -53.022420 ,2024-09-10 18:36:00,Brasil,PARANÁ,LOANDA,Mata Atlântica
 1720134649 ,5969a163-905c-39af-8a32-7ae63ea05f2c,  -23.046260 ,  -53.025960 ,2024-09-10 18:36:00,Brasil,PARANÁ,LOANDA,Mata Atlântica
 1720134650 ,74d857de-1634-3db0-95e2-039e4018e859,  -23.042860 ,  -53.033910 ,2024-09-10 18:36:00,Brasil,PARANÁ,LOANDA,Mata Atlântica
 1720134651 ,80ca44b1-e0d8-3fe2-a4dc-9b5b3badbec1,  -23.037640 ,  -53.007430 ,2024-09-10 18:36:00,Brasil,PARANÁ,LOANDA,Mata Atlântica
 1720134652 ,e3b7a453-58f7-3e50-b5e8-3ee946460978,  -23.032130 ,  -53.029390 ,2024-09-10 18:36:00,Brasil,PARANÁ,LOANDA,Mata Atlântica
 1720134653 ,b2078154-f2ec-3e41-af27-17494b6309fb,  -23.028760 ,  -53.037450 ,2024-09-10 18:36:00,Brasil,PARANÁ,LOANDA,Mata Atlântica
 1720134654 ,19c8369d-e79f-36c5-8e06-f847c06931a9,  -23.026610 ,  -53.002510 ,2024-09-10 18:36:00,Brasil,PARANÁ,LOANDA,Mata Atlântica
 1720134655 ,70f7c38b-f53d-3d38-935a-48979bdb0922,  -23.023490 ,  -53.010950 ,2024-09-10 18:36:00,Brasil,PARANÁ,LOANDA,Mata Atlântica
 1720134656 ,2444e94d-28a3-34ec-9eea-744ebd5116e8,  -25.014190 ,  -53.372100 ,2024-09-10 18:36:00,Brasil,PARANÁ,CASCAVEL,Mata Atlântica
 1720134657 ,6b145b55-5c12-3bd8-a697-3b89045cf277,  -25.009360 ,  -53.169240 ,2024-09-10 18:36:00,Brasil,PARANÁ,CASCAVEL,Mata Atlântica
 1720134658 ,52dfc8fc-54bb-3f0d-9ec8-313daf51b8d0,  -24.976300 ,  -53.526540 ,2024-09-10 18:36:00,Brasil,PARANÁ,CASCAVEL,Mata Atlântica
 1720134659 ,4bd2d669-f462-3a24-9b3f-da80ec9cb982,  -23.798050 ,  -53.284020 ,2024-09-10 18:36:00,Brasil,PARANÁ,UMUARAMA,Mata Atlântica
 1720134660 ,7b2f33b5-5f28-3cac-afb1-b9ea2030746f,  -23.791870 ,  -53.293380 ,2024-09-10 18:36:00,Brasil,PARANÁ,UMUARAMA,Mata Atlântica
 1720134661 ,d199c994-a9cb-38b6-b108-703cf6d1fa5e,  -23.786790 ,  -53.267850 ,2024-09-10 18:36:00,Brasil,PARANÁ,UMUARAMA,Mata Atlântica
 1720134662 ,168b1ec6-3aaf-3e94-9e65-aa914d179ebe,  -25.755330 ,  -53.707210 ,2024-09-10 18:34:00,Brasil,PARANÁ,PLANALTO,Mata Atlântica
 1720134663 ,86b426ee-5691-347c-8754-005e7e5420d3,  -25.754770 ,  -53.699790 ,2024-09-10 18:34:00,Brasil,PARANÁ,PLANALTO,Mata Atlântica
 1717727319 ,94c19b22-6abf-36e1-a8ae-4ab233f2a91b,  -23.249510 ,  -50.016200 ,2024-09-04 17:52:00,Brasil,PARANÁ,SANTO ANTÔNIO DA PLATINA,Mata Atlântica
 1717727320 ,30baf069-ea04-3754-83af-828621cd554f,  -23.248100 ,  -50.006570 ,2024-09-04 17:52:00,Brasil,PARANÁ,SANTO ANTÔNIO DA PLATINA,Mata Atlântica
 1717727321 ,3f5dc2cf-ceeb-3a92-ad1a-4ae3b95ad88a,  -23.240620 ,  -50.017740 ,2024-09-04 17:52:00,Brasil,PARANÁ,SANTO ANTÔNIO DA PLATINA,Mata Atlântica
 1717727322 ,df605efc-e33f-3a67-8ed5-b7e370271a1c,  -23.239210 ,  -50.008110 ,2024-09-04 17:52:00,Brasil,PARANÁ,SANTO ANTÔNIO DA PLATINA,Mata Atlântica
 1717727333 ,7174cefc-ac00-32d8-89c5-a16605e1ee79,  -25.104850 ,  -49.529300 ,2024-09-04 17:49:00,Brasil,PARANÁ,ITAPERUÇU,Mata Atlântica
 1717727334 ,16030d20-1508-3f8e-a106-ce7686ca75e3,  -24.971090 ,  -50.333990 ,2024-09-04 17:49:00,Brasil,PARANÁ,PONTA GROSSA,Mata Atlântica
 1717727335 ,61246c69-a7d7-37a1-87a7-da48440190e3,  -24.798960 ,  -49.708580 ,2024-09-04 17:49:00,Brasil,PARANÁ,CASTRO,Mata Atlântica
 1717727336 ,99533950-16f4-3ca4-82aa-9c90489ded3b,  -24.797540 ,  -49.698840 ,2024-09-04 17:49:00,Brasil,PARANÁ,CASTRO,Mata Atlântica
 1717727337 ,dfb55423-4590-38c6-8432-697316e153f0,  -24.760680 ,  -50.021450 ,2024-09-04 17:49:00,Brasil,PARANÁ,CASTRO,Mata Atlântica
 1717727338 ,58d35d0f-f962-3ed9-b60b-81e83f72e4ac,  -24.707400 ,  -49.591720 ,2024-09-04 17:49:00,Brasil,PARANÁ,CASTRO,Mata Atlântica
 1717727339 ,b9b98252-5305-33fc-b85d-8bf45e353f9a,  -24.704080 ,  -49.881670 ,2024-09-04 17:49:00,Brasil,PARANÁ,CASTRO,Mata Atlântica
 1717727340 ,bd8aee9a-1c7f-3979-b8c0-68a341e2baa7,  -24.465970 ,  -50.538010 ,2024-09-04 17:49:00,Brasil,PARANÁ,TIBAGI,Mata Atlântica
 1717727341 ,ed6ccf32-5c55-3260-98bd-09220e39006b,  -25.067190 ,  -49.335500 ,2024-09-04 17:49:00,Brasil,PARANÁ,RIO BRANCO DO SUL,Mata Atlântica
 1717727342 ,944d067e-85a1-32b5-b25a-09094542294c,  -25.065730 ,  -49.325690 ,2024-09-04 17:49:00,Brasil,PARANÁ,RIO BRANCO DO SUL,Mata Atlântica
 1717727344 ,974156a5-f856-322a-8352-80795a30f33b,  -24.927840 ,  -49.392940 ,2024-09-04 17:49:00,Brasil,PARANÁ,RIO BRANCO DO SUL,Mata Atlântica
 1717727345 ,cf3aae3d-5a6f-3040-ac46-b3ced10021f4,  -24.744300 ,  -49.398250 ,2024-09-04 17:49:00,Brasil,PARANÁ,CERRO AZUL,Mata Atlântica
 1717727346 ,4c3b1de6-e62f-3647-980c-90195fd195ce,  -25.282380 ,  -50.648330 ,2024-09-04 17:49:00,Brasil,PARANÁ,IMBITUVA,Mata Atlântica
 1717727347 ,af4bc2e9-c470-35c8-b730-dccad21d8644,  -25.281000 ,  -50.638330 ,2024-09-04 17:49:00,Brasil,PARANÁ,IMBITUVA,Mata Atlântica
 1717727348 ,e7c32d26-a0e0-3d19-be68-5235ff5a2ae8,  -25.252630 ,  -50.632890 ,2024-09-04 17:49:00,Brasil,PARANÁ,IMBITUVA,Mata Atlântica
 1717727349 ,13e03f8e-6195-330f-9c3e-aa12cbef71bd,  -25.249680 ,  -50.348070 ,2024-09-04 17:49:00,Brasil,PARANÁ,TEIXEIRA SOARES,Mata Atlântica
 1717727350 ,4a825822-b16a-335f-afd6-adeaad300996,  -25.247680 ,  -50.866830 ,2024-09-04 17:49:00,Brasil,PARANÁ,PRUDENTÓPOLIS,Mata Atlântica
 1717727351 ,51af1a4c-899c-334f-ae63-af776a319cb9,  -25.220450 ,  -50.603880 ,2024-09-04 17:49:00,Brasil,PARANÁ,IMBITUVA,Mata Atlântica
 1717727352 ,c7c25f02-61d2-3430-9304-8d75c68c0ce9,  -25.219050 ,  -50.593860 ,2024-09-04 17:49:00,Brasil,PARANÁ,IMBITUVA,Mata Atlântica
 1717727361 ,6f68e777-6b2b-3fa7-8b22-fd2856a41e8a,  -26.087040 ,  -50.353080 ,2024-09-04 17:49:00,Brasil,PARANÁ,SÃO MATEUS DO SUL,Mata Atlântica
 1717727362 ,236bce03-f35f-37fd-a15c-278f3d34d96a,  -26.085640 ,  -50.343010 ,2024-09-04 17:49:00,Brasil,PARANÁ,SÃO MATEUS DO SUL,Mata Atlântica
 1717727363 ,53bc90c4-b5ea-34e2-bd52-f344a7aae6f7,  -25.901620 ,  -50.541670 ,2024-09-04 17:49:00,Brasil,PARANÁ,SÃO MATEUS DO SUL,Mata Atlântica
 1717727364 ,b7d3d2c9-74e7-367b-a90a-fdbfea6009d6,  -25.900220 ,  -50.531570 ,2024-09-04 17:49:00,Brasil,PARANÁ,SÃO MATEUS DO SUL,Mata Atlântica
 1717727365 ,740b983b-ab4f-3574-afe1-48f59f00fca8,  -25.825290 ,  -50.921090 ,2024-09-04 17:49:00,Brasil,PARANÁ,MALLET,Mata Atlântica
 1717727366 ,26a92229-2563-3768-8178-a93dde90354e,  -25.746360 ,  -50.549400 ,2024-09-04 17:49:00,Brasil,PARANÁ,REBOUÇAS,Mata Atlântica
 1717727367 ,145e26b0-06f2-309d-b6bc-874578c7e5ba,  -25.737370 ,  -50.550980 ,2024-09-04 17:49:00,Brasil,PARANÁ,REBOUÇAS,Mata Atlântica
 1717727368 ,72739c20-c2fe-3412-80e3-aed7fd536186,  -25.462440 ,  -50.822350 ,2024-09-04 17:49:00,Brasil,PARANÁ,IRATI,Mata Atlântica
 1717727369 ,251a6748-163b-3250-997c-3aa1ada45941,  -25.413350 ,  -50.399090 ,2024-09-04 17:49:00,Brasil,PARANÁ,TEIXEIRA SOARES,Mata Atlântica
 1717727817 ,ef84731f-1541-36e7-9f1a-8fe15c8ef19f,  -23.613840 ,  -51.289820 ,2024-09-04 17:52:00,Brasil,PARANÁ,APUCARANA,Mata Atlântica
 1717727818 ,ea2d0894-b3f0-336b-bcbf-ecc5d295d864,  -23.604790 ,  -51.291280 ,2024-09-04 17:52:00,Brasil,PARANÁ,APUCARANA,Mata Atlântica
 1717727819 ,a8ce0879-958e-33c0-943c-f0ab10a924fb,  -23.600330 ,  -51.057950 ,2024-09-04 17:52:00,Brasil,PARANÁ,LONDRINA,Mata Atlântica
 1717727820 ,de16f379-d866-3518-b2ed-33058b122c80,  -23.248260 ,  -51.040170 ,2024-09-04 17:52:00,Brasil,PARANÁ,IBIPORÃ,Mata Atlântica
 1717727821 ,c96277ee-28ad-3cb7-93c7-13d433efe795,  -22.965650 ,  -51.588250 ,2024-09-04 17:52:00,Brasil,PARANÁ,GUARACI,Mata Atlântica
 1717727822 ,f6cc9749-2a90-31e6-babe-92debdf1a238,  -22.964270 ,  -51.578170 ,2024-09-04 17:52:00,Brasil,PARANÁ,JAGUAPITÃ,Mata Atlântica
 1717727823 ,557e0441-fb14-3d5e-846f-fe5a9b56402b,  -22.962870 ,  -51.568040 ,2024-09-04 17:52:00,Brasil,PARANÁ,JAGUAPITÃ,Mata Atlântica
 1717727824 ,2b2da584-8c5b-3765-8b85-edd502e9e375,  -22.956570 ,  -51.589740 ,2024-09-04 17:52:00,Brasil,PARANÁ,GUARACI,Mata Atlântica
 1717727825 ,e87c2a77-b7b4-3500-bb73-8b12beab5960,  -22.955180 ,  -51.579670 ,2024-09-04 17:52:00,Brasil,PARANÁ,JAGUAPITÃ,Mata Atlântica
 1717727826 ,9fbca318-4bc4-38e4-958e-687013f9a5aa,  -25.159780 ,  -51.095820 ,2024-09-04 17:49:00,Brasil,PARANÁ,PRUDENTÓPOLIS,Mata Atlântica
 1717727827 ,b91b9949-1e2b-323c-89e0-0e0489fbbf1f,  -25.043230 ,  -50.986540 ,2024-09-04 17:49:00,Brasil,PARANÁ,PRUDENTÓPOLIS,Mata Atlântica
 1717727828 ,b1af8c48-fdeb-3cc8-a86a-8d6293d79ac4,  -24.895060 ,  -50.909370 ,2024-09-04 17:49:00,Brasil,PARANÁ,IVAÍ,Mata Atlântica
 1717727829 ,176634e0-6291-3444-8ba5-c91182e03fb0,  -24.893660 ,  -50.899290 ,2024-09-04 17:49:00,Brasil,PARANÁ,IVAÍ,Mata Atlântica
 1717727830 ,d611e62f-c694-38be-8953-6d7fe70707ea,  -24.861740 ,  -51.264440 ,2024-09-04 17:49:00,Brasil,PARANÁ,PRUDENTÓPOLIS,Mata Atlântica
 1717727831 ,12c6cbe5-9562-302d-821e-5dfad737aa19,  -24.807300 ,  -52.048660 ,2024-09-04 17:49:00,Brasil,PARANÁ,SANTA MARIA DO OESTE,Mata Atlântica
 1717727832 ,1d59ce31-ef0b-3f09-9229-84040e9e9016,  -24.805880 ,  -52.037700 ,2024-09-04 17:49:00,Brasil,PARANÁ,SANTA MARIA DO OESTE,Mata Atlântica
 1717727833 ,79e9bb48-d417-311a-a66a-40553fc8e382,  -24.796490 ,  -52.039330 ,2024-09-04 17:49:00,Brasil,PARANÁ,SANTA MARIA DO OESTE,Mata Atlântica
 1717727834 ,9e28343a-f585-3607-a941-be8c93c80c8e,  -24.795070 ,  -52.028290 ,2024-09-04 17:49:00,Brasil,PARANÁ,SANTA MARIA DO OESTE,Mata Atlântica
 1717727835 ,46c6287e-d983-36b5-8c0a-7c5097903e49,  -24.792510 ,  -52.045620 ,2024-09-04 17:49:00,Brasil,PARANÁ,SANTA MARIA DO OESTE,Mata Atlântica
 1717727836 ,21a8ca27-2382-3a1d-9276-4aaacfbd33c3,  -24.791030 ,  -52.034520 ,2024-09-04 17:49:00,Brasil,PARANÁ,SANTA MARIA DO OESTE,Mata Atlântica
 1717727837 ,545e6a4f-3e97-3682-b3dc-b82f9d707896,  -24.772220 ,  -51.286030 ,2024-09-04 17:49:00,Brasil,PARANÁ,PRUDENTÓPOLIS,Mata Atlântica
 1717727838 ,e12686fa-2f10-3fac-8287-c8579ac69189,  -24.732990 ,  -50.798390 ,2024-09-04 17:49:00,Brasil,PARANÁ,RESERVA,Mata Atlântica
 1717727839 ,a02a5013-e0cf-3cad-8838-e8ecf1fe1c24,  -24.723760 ,  -50.867730 ,2024-09-04 17:49:00,Brasil,PARANÁ,RESERVA,Mata Atlântica
 1717727840 ,e819321e-c7fb-362e-a254-fcfd5b723b9a,  -24.573370 ,  -51.042950 ,2024-09-04 17:49:00,Brasil,PARANÁ,RESERVA,Mata Atlântica
 1717727841 ,8e0cbf18-e9ec-3ae4-bf90-f993ed17e65e,  -24.341870 ,  -50.834140 ,2024-09-04 17:49:00,Brasil,PARANÁ,ORTIGUEIRA,Mata Atlântica
 1717727848 ,96a9917e-f38f-3e5e-bd4d-7c71f93e9b39,  -26.240280 ,  -52.348720 ,2024-09-04 17:49:00,Brasil,PARANÁ,HONÓRIO SERPA,Mata Atlântica
 1717727849 ,42f34c4f-f1f1-3531-a801-4b3035bc18f1,  -26.238790 ,  -52.336710 ,2024-09-04 17:49:00,Brasil,PARANÁ,HONÓRIO SERPA,Mata Atlântica
 1717727850 ,b4c6db0a-5df5-39f2-8187-41bbc44d81ae,  -25.904910 ,  -51.510830 ,2024-09-04 17:49:00,Brasil,PARANÁ,PINHÃO,Mata Atlântica
 1717727851 ,bd4b24d3-c2ec-3018-8d0a-e93fe6b4f2b5,  -25.903420 ,  -51.499710 ,2024-09-04 17:49:00,Brasil,PARANÁ,PINHÃO,Mata Atlântica
 1717727852 ,f300006b-91b2-3246-83c5-e55398ca44cb,  -25.848990 ,  -51.518780 ,2024-09-04 17:49:00,Brasil,PARANÁ,PINHÃO,Mata Atlântica
 1717727853 ,1b6eb4d4-eae9-3b8a-a345-7736c219207e,  -25.847600 ,  -51.508210 ,2024-09-04 17:49:00,Brasil,PARANÁ,PINHÃO,Mata Atlântica
 1717727854 ,1336aaa7-3ecb-3961-8256-a12019e6cc97,  -25.539580 ,  -51.187030 ,2024-09-04 17:49:00,Brasil,PARANÁ,INÁCIO MARTINS,Mata Atlântica
 1717727855 ,8b39d26b-2f73-3665-85a6-c4fcd14171b5,  -25.497840 ,  -51.147300 ,2024-09-04 17:49:00,Brasil,PARANÁ,INÁCIO MARTINS,Mata Atlântica
 1717727856 ,cc5b5b37-e851-38b1-b8ca-84edaf47073c,  -25.488720 ,  -51.148830 ,2024-09-04 17:49:00,Brasil,PARANÁ,INÁCIO MARTINS,Mata Atlântica
 1717728902 ,2f9d0de2-c84c-3ce3-bb38-ccaadb0359d1,  -25.119080 ,  -48.825540 ,2024-09-04 17:49:00,Brasil,PARANÁ,CAMPINA GRANDE DO SUL,Mata Atlântica
 1717728903 ,5e5e5e14-6ed3-3532-8b33-d618f7b91797,  -25.032980 ,  -49.237870 ,2024-09-04 17:49:00,Brasil,PARANÁ,CERRO AZUL,Mata Atlântica
 1717728904 ,aea949f5-9c21-3da0-825f-8a29789ac940,  -25.031530 ,  -49.228100 ,2024-09-04 17:49:00,Brasil,PARANÁ,CERRO AZUL,Mata Atlântica
 1717728905 ,da02f054-651f-3d3f-b927-fa367f06d297,  -25.025540 ,  -49.249310 ,2024-09-04 17:49:00,Brasil,PARANÁ,CERRO AZUL,Mata Atlântica
 1717728906 ,098a1890-dd6d-3049-9fd9-539314946cb7,  -25.024090 ,  -49.239550 ,2024-09-04 17:49:00,Brasil,PARANÁ,CERRO AZUL,Mata Atlântica
 1717728907 ,e47d7b07-ab79-351e-bacf-076001cf3ba7,  -25.022630 ,  -49.229720 ,2024-09-04 17:49:00,Brasil,PARANÁ,CERRO AZUL,Mata Atlântica
 1717728908 ,fca8accf-b738-3b0b-87bd-e34f6bf8353f,  -25.013730 ,  -49.231330 ,2024-09-04 17:49:00,Brasil,PARANÁ,CERRO AZUL,Mata Atlântica
 1717728909 ,a752c9e5-5387-357a-b630-bf97185d396f,  -25.012280 ,  -49.221500 ,2024-09-04 17:49:00,Brasil,PARANÁ,CERRO AZUL,Mata Atlântica
 1717728911 ,b4263135-769c-3ed3-94af-aefa115dcfd7,  -25.834090 ,  -49.288010 ,2024-09-04 17:49:00,Brasil,PARANÁ,MANDIRITUBA,Mata Atlântica
 1717728912 ,4f2d2c23-3069-3cfc-a8f4-388fb8eaab28,  -25.832640 ,  -49.278190 ,2024-09-04 17:49:00,Brasil,PARANÁ,MANDIRITUBA,Mata Atlântica
 1717728913 ,83e2838b-b437-3cf5-b1b3-883f910774a2,  -25.825200 ,  -49.289620 ,2024-09-04 17:49:00,Brasil,PARANÁ,MANDIRITUBA,Mata Atlântica
 1717728914 ,4220f9b0-946b-30b2-9a79-4a10830967c8,  -25.823760 ,  -49.279820 ,2024-09-04 17:49:00,Brasil,PARANÁ,MANDIRITUBA,Mata Atlântica
 1717728915 ,89926ccc-753d-38a5-b2f0-af7ad48284ff,  -25.411070 ,  -49.167900 ,2024-09-04 17:49:00,Brasil,PARANÁ,PINHAIS,Mata Atlântica
 1717728916 ,9b5ac24f-7e71-38da-aa43-1b2e84245cbc,  -25.409610 ,  -49.158100 ,2024-09-04 17:49:00,Brasil,PARANÁ,PINHAIS,Mata Atlântica
 1717728917 ,727f6c21-d125-328d-80e3-65463561deed,  -25.197160 ,  -49.286370 ,2024-09-04 17:49:00,Brasil,PARANÁ,RIO BRANCO DO SUL,Mata Atlântica
 1717729561 ,c329e21b-3dbe-377b-8f9c-b9f6428b1795,  -23.113170 ,  -52.497020 ,2024-09-04 17:52:00,Brasil,PARANÁ,PARANAVAÍ,Mata Atlântica
 1717729562 ,61480e27-7408-36d2-9dda-5b208b9e98f5,  -23.111760 ,  -52.486120 ,2024-09-04 17:52:00,Brasil,PARANÁ,PARANAVAÍ,Mata Atlântica
 1717729563 ,d7be9590-ae0b-3ac2-b000-67df397dd2c6,  -23.107060 ,  -52.493390 ,2024-09-04 17:52:00,Brasil,PARANÁ,PARANAVAÍ,Mata Atlântica
 1717729564 ,870de0ad-15fc-305d-bcdc-d66db2cea219,  -23.105600 ,  -52.482470 ,2024-09-04 17:52:00,Brasil,PARANÁ,PARANAVAÍ,Mata Atlântica
 1717729565 ,d4e01886-aafa-310f-8f33-7db99a21f8dd,  -22.979450 ,  -52.035790 ,2024-09-04 17:52:00,Brasil,PARANÁ,LOBATO,Mata Atlântica
 1717729566 ,267f14c3-6606-3a27-bded-d6e7f801042f,  -24.122160 ,  -52.351960 ,2024-09-04 17:52:00,Brasil,PARANÁ,CAMPO MOURÃO,Mata Atlântica
 1717729567 ,3607db26-a716-3e4b-9d9f-755b75165ca0,  -24.084870 ,  -52.211980 ,2024-09-04 17:52:00,Brasil,PARANÁ,CAMPO MOURÃO,Mata Atlântica
 1717729568 ,78b22be9-3fa8-3b22-b54b-590a9b6f04f5,  -24.061930 ,  -52.367020 ,2024-09-04 17:52:00,Brasil,PARANÁ,CAMPO MOURÃO,Mata Atlântica
 1717729569 ,100ad68c-f763-3dac-b157-702412852aaf,  -24.060480 ,  -52.355900 ,2024-09-04 17:52:00,Brasil,PARANÁ,CAMPO MOURÃO,Mata Atlântica
 1717729570 ,ddf61f61-4eba-3652-8960-4b9c63aeb398,  -24.052450 ,  -52.368540 ,2024-09-04 17:52:00,Brasil,PARANÁ,CAMPO MOURÃO,Mata Atlântica
 1717729571 ,f57cfae4-59cc-3dbf-93b3-41727cc3cd35,  -24.051010 ,  -52.357440 ,2024-09-04 17:52:00,Brasil,PARANÁ,CAMPO MOURÃO,Mata Atlântica
 1717729572 ,bcb11eea-f41f-3e28-83a6-f92f58b5ed2d,  -25.453290 ,  -52.734220 ,2024-09-04 17:49:00,Brasil,PARANÁ,NOVA LARANJEIRAS,Mata Atlântica
 1717729573 ,98a8d6cf-2fa1-3f31-93d5-584ba1e49225,  -25.413830 ,  -52.745930 ,2024-09-04 17:49:00,Brasil,PARANÁ,ESPIGÃO ALTO DO IGUAÇU,Mata Atlântica
 1717729574 ,faf64b79-b561-39c8-ad1c-8a44c285ec23,  -25.412300 ,  -52.733830 ,2024-09-04 17:49:00,Brasil,PARANÁ,NOVA LARANJEIRAS,Mata Atlântica
 1718115651 ,77fc1ec8-93a2-3de3-85be-29d5e6e1115b,  -24.286770 ,  -50.865300 ,2024-09-05 18:32:00,Brasil,PARANÁ,ORTIGUEIRA,Mata Atlântica
 1718115652 ,4f6994d9-f354-36b7-99e6-bcd0575dc3ef,  -24.284620 ,  -50.861100 ,2024-09-05 18:32:00,Brasil,PARANÁ,ORTIGUEIRA,Mata Atlântica
 1705373191 ,46f1ed26-68a6-3399-a063-5ebe82a859c2,  -25.378820 ,  -51.409660 ,2024-08-04 18:13:00,Brasil,PARANÁ,GUARAPUAVA,Mata Atlântica
 1705373878 ,bc597eb2-d46f-3cde-8c30-6d847008cc7a,  -23.776550 ,  -51.653910 ,2024-08-04 18:13:00,Brasil,PARANÁ,MARUMBI,Mata Atlântica
 1705373879 ,743c7950-3189-3385-a4b8-f5fe2c420aec,  -23.137090 ,  -50.924120 ,2024-08-04 18:13:00,Brasil,PARANÁ,RANCHO ALEGRE,Mata Atlântica
 1705373880 ,b1af7cd3-56d8-3bb5-a066-0bed121a783b,  -23.134110 ,  -50.907480 ,2024-08-04 18:13:00,Brasil,PARANÁ,RANCHO ALEGRE,Mata Atlântica
 1705373881 ,13209e86-eaad-3075-912b-0ca33fcf7d74,  -23.132820 ,  -50.919390 ,2024-08-04 18:13:00,Brasil,PARANÁ,RANCHO ALEGRE,Mata Atlântica
 1705373882 ,4e48f2a8-0d74-3363-b708-8bd8ff81a00f,  -23.131200 ,  -50.451920 ,2024-08-04 18:13:00,Brasil,PARANÁ,BANDEIRANTES,Mata Atlântica
 1705373883 ,9ea6be6e-b96c-3a70-9b2b-d5342eef70dc,  -23.841040 ,  -51.832770 ,2024-08-04 18:13:00,Brasil,PARANÁ,SÃO PEDRO DO IVAÍ,Mata Atlântica
 1705373884 ,fb907a46-03a4-3748-a8e8-4c3e2cafb3a5,  -23.838590 ,  -51.818660 ,2024-08-04 18:13:00,Brasil,PARANÁ,SÃO PEDRO DO IVAÍ,Mata Atlântica
 1705373899 ,615cfecf-dec7-326b-8ebc-e5edab8b8d2a,  -23.454280 ,  -53.006090 ,2024-08-04 18:13:00,Brasil,PARANÁ,CIDADE GAÚCHA,Mata Atlântica
 1707437562 ,5649df18-4eb4-36f5-8c8c-eb98ef14d944,  -26.505760 ,  -51.601040 ,2024-08-09 18:19:00,Brasil,PARANÁ,PALMAS,Mata Atlântica
 1697391795 ,4361f82c-0694-39e7-a82f-2c036d614c85,  -23.772970 ,  -50.264890 ,2024-07-06 18:13:00,Brasil,PARANÁ,IBAITI,Mata Atlântica
 1697391796 ,cbe80855-507a-34d0-bb95-a0e0b3b11bc5,  -23.638690 ,  -51.783410 ,2024-07-06 18:13:00,Brasil,PARANÁ,BOM SUCESSO,Mata Atlântica
 1697391797 ,ed85515b-4463-3008-9b10-dd96ff78d080,  -23.636380 ,  -51.774040 ,2024-07-06 18:13:00,Brasil,PARANÁ,BOM SUCESSO,Mata Atlântica
 1697391798 ,2e39d35e-a156-35a8-b81e-30ad8b2f2406,  -23.608050 ,  -51.615060 ,2024-07-06 18:13:00,Brasil,PARANÁ,JANDAIA DO SUL,Mata Atlântica
 1697391799 ,b8c91202-71cc-3553-9fd5-b5323aa28252,  -23.606370 ,  -51.608760 ,2024-07-06 18:13:00,Brasil,PARANÁ,CAMBIRA,Mata Atlântica
 1697391803 ,a44d2837-d763-36a3-b918-673fd4c0ee7a,  -23.287140 ,  -50.085230 ,2024-07-06 18:13:00,Brasil,PARANÁ,SANTO ANTÔNIO DA PLATINA,Mata Atlântica
 1697391804 ,b4eeb6fe-6a3b-3722-8bb3-b5adf12373cc,  -23.221870 ,  -51.723240 ,2024-07-06 18:13:00,Brasil,PARANÁ,ASTORGA,Mata Atlântica
 1700446417 ,bdfdf9c9-20ec-36bb-b604-55aad0b058ee,  -22.840070 ,  -51.594250 ,2024-07-18 18:11:00,Brasil,PARANÁ,CENTENÁRIO DO SUL,Mata Atlântica
 1700446418 ,178056e0-a98f-3597-a806-737769c7f3da,  -23.813030 ,  -51.984780 ,2024-07-18 18:11:00,Brasil,PARANÁ,SÃO PEDRO DO IVAÍ,Mata Atlântica
 1700446419 ,c31fba33-e38f-3c7b-8e56-6ecb8ee0ed9e,  -26.576800 ,  -51.778910 ,2024-07-18 18:09:00,Brasil,PARANÁ,PALMAS,Mata Atlântica
 1700446456 ,f928b890-8e8e-3cbe-9310-6360b797dec1,  -23.640070 ,  -53.203900 ,2024-07-18 18:11:00,Brasil,PARANÁ,MARIA HELENA,Mata Atlântica
 1700446506 ,46eb5e3b-5dd5-3853-a964-9ad0afab9740,  -23.809280 ,  -53.706670 ,2024-07-18 18:11:00,Brasil,PARANÁ,PÉROLA,Mata Atlântica
 1702617248 ,0d6d7ebb-2949-3602-a48f-48787df4dc0f,  -25.274160 ,  -52.233130 ,2024-07-25 18:00:00,Brasil,PARANÁ,VIRMOND,Mata Atlântica
 1702617309 ,40171857-eb75-38aa-9700-3482521e5f89,  -23.495620 ,  -53.357420 ,2024-07-25 18:00:00,Brasil,PARANÁ,UMUARAMA,Mata Atlântica
 1702617310 ,b72628e9-4e31-30af-b579-9f2a727b49bf,  -23.214320 ,  -52.395340 ,2024-07-25 18:00:00,Brasil,PARANÁ,NOVA ESPERANÇA,Mata Atlântica
 1702617311 ,df325c32-d4d5-3745-9d73-4c0023e3702f,  -25.422110 ,  -52.991130 ,2024-07-25 18:00:00,Brasil,PARANÁ,QUEDAS DO IGUAÇU,Mata Atlântica
 1702617312 ,2a5472f8-27d6-3e14-a5dc-3787900e6998,  -25.411840 ,  -52.731740 ,2024-07-25 18:00:00,Brasil,PARANÁ,NOVA LARANJEIRAS,Mata Atlântica
 1702617316 ,b9b60881-7f82-305d-b5c2-e13327733890,  -25.966200 ,  -53.252190 ,2024-07-25 18:00:00,Brasil,PARANÁ,NOVA ESPERANÇA DO SUDOESTE,Mata Atlântica
 1702617317 ,4aaa7432-94b0-376d-b23d-dd5a0b071a02,  -25.423530 ,  -53.000930 ,2024-07-25 18:00:00,Brasil,PARANÁ,QUEDAS DO IGUAÇU,Mata Atlântica
 1702617318 ,15a0fc7c-1880-3890-8670-8ea392fc1957,  -25.402950 ,  -52.733330 ,2024-07-25 18:00:00,Brasil,PARANÁ,NOVA LARANJEIRAS,Mata Atlântica
 1702617352 ,d6fb4d81-98b3-324d-9004-128f391a789e,  -23.045700 ,  -53.501240 ,2024-07-25 18:02:00,Brasil,PARANÁ,QUERÊNCIA DO NORTE,Mata Atlântica
 1702617354 ,2f46bd85-a954-394d-8bc7-da1cf2810c97,  -23.047090 ,  -53.510850 ,2024-07-25 18:02:00,Brasil,PARANÁ,QUERÊNCIA DO NORTE,Mata Atlântica
 1702617357 ,4cb0dbbf-0df9-3b19-95b0-5e533764ebf0,  -24.018170 ,  -54.122550 ,2024-07-25 18:00:00,Brasil,PARANÁ,GUAÍRA,Mata Atlântica
 1702618879 ,1c527226-e8ab-303d-a894-8c621e10e8ed,  -25.127890 ,  -48.992850 ,2024-07-25 18:00:00,Brasil,PARANÁ,BOCAIÚVA DO SUL,Mata Atlântica
 1702618880 ,1924e8a3-daca-3517-9170-afc19342bade,  -25.993380 ,  -49.111850 ,2024-07-25 18:00:00,Brasil,PARANÁ,TIJUCAS DO SUL,Mata Atlântica
 1702618963 ,398ee274-9b0d-380a-908f-c3cb568c120a,  -25.649180 ,  -50.893490 ,2024-07-25 18:00:00,Brasil,PARANÁ,RIO AZUL,Mata Atlântica
 1702618942 ,762fd6fc-ee18-347e-8f7e-c5a7b625133f,  -23.714020 ,  -49.615570 ,2024-07-25 18:00:00,Brasil,PARANÁ,SANTANA DO ITARARÉ,Mata Atlântica
 1702618947 ,d2ef2deb-7589-3309-9b6e-18d0faf37270,  -24.540000 ,  -50.196560 ,2024-07-25 18:00:00,Brasil,PARANÁ,TIBAGI,Cerrado
 1702618948 ,437e7953-d985-37f7-934c-dc6a5e9c52aa,  -25.243920 ,  -49.366250 ,2024-07-25 18:00:00,Brasil,PARANÁ,ITAPERUÇU,Mata Atlântica
 1702618949 ,4b6dcda7-522b-3fc5-928f-b081ad7a1094,  -25.073550 ,  -49.328630 ,2024-07-25 18:00:00,Brasil,PARANÁ,RIO BRANCO DO SUL,Mata Atlântica
 1702618950 ,16dccb6f-e225-370e-8ee4-9dc91643db3f,  -24.547750 ,  -50.183330 ,2024-07-25 18:00:00,Brasil,PARANÁ,TIBAGI,Cerrado
 1702618951 ,7fe84e2b-67ff-3adc-b864-4127d6c2253a,  -24.538140 ,  -50.185210 ,2024-07-25 18:00:00,Brasil,PARANÁ,TIBAGI,Cerrado
 1702618952 ,7545e99c-742d-3413-8563-57aca655d497,  -24.549590 ,  -50.194610 ,2024-07-25 18:00:00,Brasil,PARANÁ,TIBAGI,Cerrado
 1702618953 ,9b96d768-da63-3b4d-b710-8fcab76e5b82,  -25.294620 ,  -49.608580 ,2024-07-25 18:00:00,Brasil,PARANÁ,CAMPO LARGO,Mata Atlântica
 1702618954 ,3e3a519d-b647-3de6-83b8-04a319768687,  -25.292570 ,  -49.596220 ,2024-07-25 18:00:00,Brasil,PARANÁ,CAMPO LARGO,Mata Atlântica
 1702618955 ,63f41a58-1b1d-3d7c-916e-9b609d5d1898,  -25.143620 ,  -49.874300 ,2024-07-25 18:00:00,Brasil,PARANÁ,PONTA GROSSA,Mata Atlântica
 1702618958 ,0a0f67a2-b5ef-328e-b233-d10eee04d94a,  -25.960800 ,  -50.708440 ,2024-07-25 18:00:00,Brasil,PARANÁ,MALLET,Mata Atlântica
 1702618959 ,94c12826-c8f0-3ea1-b8bb-3301c50daf17,  -25.913080 ,  -50.745720 ,2024-07-25 18:00:00,Brasil,PARANÁ,MALLET,Mata Atlântica
 1702618960 ,58564340-89d5-36ba-a08b-1599b27b1557,  -25.869850 ,  -50.295060 ,2024-07-25 18:00:00,Brasil,PARANÁ,SÃO MATEUS DO SUL,Mata Atlântica
 1702618962 ,9be97d3c-5b8d-35ab-bab2-43bdd3f4a78b,  -25.753370 ,  -50.210560 ,2024-07-25 18:00:00,Brasil,PARANÁ,SÃO JOÃO DO TRIUNFO,Mata Atlântica
 1702618964 ,47b5b97a-9e09-397e-b3d1-cda8085de522,  -25.367230 ,  -49.906120 ,2024-07-25 18:00:00,Brasil,PARANÁ,PALMEIRA,Mata Atlântica
 1702619091 ,5b790b19-7596-3533-9bc0-ac2b63e4bed7,  -23.730650 ,  -51.735480 ,2024-07-25 18:00:00,Brasil,PARANÁ,BOM SUCESSO,Mata Atlântica
 1702619092 ,e58e860a-2095-30bc-9363-9553f3db54cd,  -23.729060 ,  -51.725290 ,2024-07-25 18:00:00,Brasil,PARANÁ,BOM SUCESSO,Mata Atlântica
 1702619093 ,6d20386b-21c6-3dd1-aa77-832c360ccce3,  -25.301860 ,  -51.093790 ,2024-07-25 18:00:00,Brasil,PARANÁ,PRUDENTÓPOLIS,Mata Atlântica
 1702619094 ,8ec71b6a-19da-30f6-bbda-796a726c4e52,  -25.300220 ,  -51.083370 ,2024-07-25 18:00:00,Brasil,PARANÁ,PRUDENTÓPOLIS,Mata Atlântica
 1702619095 ,4396a151-ab04-3a61-910e-1b8c42d82086,  -25.170850 ,  -51.973300 ,2024-07-25 18:00:00,Brasil,PARANÁ,GOIOXIM,Mata Atlântica
 1702619096 ,ad66f0bc-ddc8-3999-a9bd-eed0c42e2e2d,  -24.914830 ,  -51.326740 ,2024-07-25 18:00:00,Brasil,PARANÁ,PRUDENTÓPOLIS,Mata Atlântica
 1702619097 ,d48608e9-4511-3bff-81fa-65dc4fa2e026,  -24.649090 ,  -50.992000 ,2024-07-25 18:00:00,Brasil,PARANÁ,RESERVA,Mata Atlântica
 1702619098 ,25b12711-7e62-32b1-a39f-aff87315ca1b,  -24.638150 ,  -50.983140 ,2024-07-25 18:00:00,Brasil,PARANÁ,RESERVA,Mata Atlântica
 1702619099 ,4659bd79-a043-32da-9707-60fdc6cada3f,  -24.938550 ,  -51.720980 ,2024-07-25 18:00:00,Brasil,PARANÁ,BOA VENTURA DE SÃO ROQUE,Mata Atlântica
 1702619100 ,72769767-9d31-3d7b-80b7-c1e28363ff35,  -24.333400 ,  -50.994830 ,2024-07-25 18:00:00,Brasil,PARANÁ,ORTIGUEIRA,Mata Atlântica
 1702619101 ,738cb201-a788-39c7-b84a-f4e26238846b,  -24.228150 ,  -50.911170 ,2024-07-25 18:00:00,Brasil,PARANÁ,ORTIGUEIRA,Mata Atlântica
 1702619102 ,13f5dd54-83a5-3e92-b25b-4ed127d7af8f,  -24.998720 ,  -51.105240 ,2024-07-25 18:00:00,Brasil,PARANÁ,PRUDENTÓPOLIS,Mata Atlântica
 1702619103 ,d3227091-be8c-337a-867a-57da4d50b5b4,  -24.647400 ,  -50.981380 ,2024-07-25 18:00:00,Brasil,PARANÁ,RESERVA,Mata Atlântica
 1702619104 ,d1a27535-37cd-390c-b0b9-1ccc8437dd3d,  -24.509900 ,  -50.883280 ,2024-07-25 18:00:00,Brasil,PARANÁ,RESERVA,Mata Atlântica
 1702619105 ,f0232288-8422-38cd-ab9b-520d65e1f4b0,  -24.222730 ,  -50.918860 ,2024-07-25 18:00:00,Brasil,PARANÁ,ORTIGUEIRA,Mata Atlântica
 1702619106 ,80a021db-551c-364f-b7c0-e72d16cfce16,  -24.221020 ,  -50.908040 ,2024-07-25 18:00:00,Brasil,PARANÁ,ORTIGUEIRA,Mata Atlântica
 1702619107 ,a47d61b1-a986-3f91-a23f-f50742776bc9,  -25.176940 ,  -52.135100 ,2024-07-25 18:00:00,Brasil,PARANÁ,CANTAGALO,Mata Atlântica
 1702619108 ,78b3e052-2495-3747-bae5-18984265b3e6,  -25.175450 ,  -52.125230 ,2024-07-25 18:00:00,Brasil,PARANÁ,CANTAGALO,Mata Atlântica
 1702619109 ,2c33ee73-2654-3e1b-b723-3c8dad1b83b2,  -24.839960 ,  -51.443070 ,2024-07-25 18:00:00,Brasil,PARANÁ,TURVO,Mata Atlântica
 1702619110 ,0420fcf1-5c1b-3feb-8ae8-c4294a18da34,  -24.469800 ,  -51.558490 ,2024-07-25 18:00:00,Brasil,PARANÁ,MANOEL RIBAS,Mata Atlântica
 1702619111 ,c0a77451-5432-36c9-ad21-a35f2d4f6b4e,  -24.468190 ,  -51.548140 ,2024-07-25 18:00:00,Brasil,PARANÁ,MANOEL RIBAS,Mata Atlântica
 1702619114 ,7d2ec6c0-e2d4-384e-a675-93dc30092092,  -25.272690 ,  -52.223300 ,2024-07-25 18:00:00,Brasil,PARANÁ,VIRMOND,Mata Atlântica
 1702619121 ,5656a023-b6de-3088-b175-65e72bc3f338,  -26.557920 ,  -51.877810 ,2024-07-25 18:00:00,Brasil,PARANÁ,PALMAS,Mata Atlântica
 1702619122 ,29eaf9da-4262-3d93-b7e1-8c6264894dfa,  -26.556420 ,  -51.867820 ,2024-07-25 18:00:00,Brasil,PARANÁ,PALMAS,Mata Atlântica
 1702619123 ,c925c5bf-dd44-3106-9b4c-8f913dff5708,  -26.455940 ,  -51.686900 ,2024-07-25 18:00:00,Brasil,PARANÁ,PALMAS,Mata Atlântica
 1702619124 ,ab084e38-810c-32d4-b740-83ac630f304e,  -26.325610 ,  -51.500830 ,2024-07-25 18:00:00,Brasil,PARANÁ,GENERAL CARNEIRO,Mata Atlântica
 1702619125 ,c1f87370-7655-30ed-af41-8fb887046641,  -26.324060 ,  -51.490720 ,2024-07-25 18:00:00,Brasil,PARANÁ,GENERAL CARNEIRO,Mata Atlântica
 1702619126 ,fdd1d0fe-5bff-3e20-a08c-c1c093b89235,  -26.261460 ,  -52.364730 ,2024-07-25 18:00:00,Brasil,PARANÁ,HONÓRIO SERPA,Mata Atlântica
 1702619127 ,d4526abd-36e5-38f6-b369-9d3e1819e711,  -26.199740 ,  -51.949030 ,2024-07-25 18:00:00,Brasil,PARANÁ,CORONEL DOMINGOS SOARES,Mata Atlântica
 1702619128 ,9c991f30-ce56-3b1d-b50f-0487240bbb29,  -25.891430 ,  -51.199550 ,2024-07-25 18:00:00,Brasil,PARANÁ,CRUZ MACHADO,Mata Atlântica
 1702619129 ,b8927a2a-d0a0-3769-a569-1528b54cc06d,  -25.673530 ,  -51.397070 ,2024-07-25 18:00:00,Brasil,PARANÁ,PINHÃO,Mata Atlântica
 1702619130 ,1c7bab68-416c-3c2d-9367-a0edecb4cb40,  -25.671960 ,  -51.386880 ,2024-07-25 18:00:00,Brasil,PARANÁ,PINHÃO,Mata Atlântica
 1702619131 ,3c8211c7-c272-35d3-b946-f8b07a70164d,  -25.493270 ,  -51.847570 ,2024-07-25 18:00:00,Brasil,PARANÁ,CANDÓI,Mata Atlântica
 1702619132 ,60500317-ecc4-3bb8-8cb4-815d5231adde,  -25.491760 ,  -51.837620 ,2024-07-25 18:00:00,Brasil,PARANÁ,CANDÓI,Mata Atlântica
 1703172306 ,62d42201-e0d0-3f52-a670-5b6b80d2afea,  -25.893780 ,  -50.070640 ,2024-07-27 17:43:00,Brasil,PARANÁ,ANTÔNIO OLINTO,Mata Atlântica
 1703172307 ,5ff12db6-cc37-3c24-b279-455364b61b9d,  -25.832780 ,  -49.156960 ,2024-07-27 17:43:00,Brasil,PARANÁ,TIJUCAS DO SUL,Mata Atlântica
 1703172308 ,6dab8359-691a-3fa4-a7b3-ca9edf4b7cc4,  -25.673310 ,  -50.417910 ,2024-07-27 17:43:00,Brasil,PARANÁ,SÃO JOÃO DO TRIUNFO,Mata Atlântica
 1703172309 ,240f506d-1924-3220-99ab-5ae46b51b07a,  -25.569950 ,  -49.978330 ,2024-07-27 17:43:00,Brasil,PARANÁ,PORTO AMAZONAS,Mata Atlântica
 1703173072 ,bc4408ab-275a-3b1c-8ff7-a95fbd02e2c8,  -25.564100 ,  -49.607500 ,2024-07-27 17:43:00,Brasil,PARANÁ,BALSA NOVA,Mata Atlântica
 1703173073 ,786ba315-a0af-3e75-ada6-09225201a9bd,  -25.165950 ,  -49.715410 ,2024-07-27 17:43:00,Brasil,PARANÁ,PONTA GROSSA,Mata Atlântica
 1703173074 ,7c77ce66-fdf1-3fdc-8848-345ae6876aca,  -25.155360 ,  -49.445030 ,2024-07-27 17:43:00,Brasil,PARANÁ,RIO BRANCO DO SUL,Mata Atlântica
 1703173075 ,562269dd-698e-3232-a320-80f4d16e3ea4,  -25.153970 ,  -49.435040 ,2024-07-27 17:43:00,Brasil,PARANÁ,RIO BRANCO DO SUL,Mata Atlântica
 1703173076 ,f4428826-a738-3e13-9de6-d6db1d51bc80,  -25.092150 ,  -51.183340 ,2024-07-27 17:43:00,Brasil,PARANÁ,PRUDENTÓPOLIS,Mata Atlântica
 1703173077 ,8c13ef66-a5c2-3ec3-b4b9-4a5a6393888b,  -25.057730 ,  -50.955800 ,2024-07-27 17:43:00,Brasil,PARANÁ,PRUDENTÓPOLIS,Mata Atlântica
 1703173078 ,9f0cd113-a390-3913-b4be-5f47e5f771ca,  -25.005850 ,  -51.077140 ,2024-07-27 17:43:00,Brasil,PARANÁ,PRUDENTÓPOLIS,Mata Atlântica
 1703173079 ,769f4ddd-1d7d-3253-bc9e-fa386b77d68f,  -25.004440 ,  -51.066120 ,2024-07-27 17:43:00,Brasil,PARANÁ,PRUDENTÓPOLIS,Mata Atlântica
 1703173082 ,35339ea1-e04c-3411-bade-df8066800049,  -23.363460 ,  -51.401920 ,2024-07-27 17:43:00,Brasil,PARANÁ,ARAPONGAS,Mata Atlântica
 1711768036 ,3c198e17-9a7a-3044-ad79-78f3cb675f5d,  -25.226230 ,  -50.047910 ,2024-08-19 18:32:00,Brasil,PARANÁ,PONTA GROSSA,Mata Atlântica
 1711768037 ,e40a7542-8b1b-3c4d-9038-71357b51774a,  -25.160070 ,  -49.435670 ,2024-08-19 18:32:00,Brasil,PARANÁ,RIO BRANCO DO SUL,Mata Atlântica
 1711768038 ,1d528fc6-ec3e-3c4e-b272-d716389ea62f,  -25.045720 ,  -50.147680 ,2024-08-19 18:32:00,Brasil,PARANÁ,PONTA GROSSA,Mata Atlântica
 1711768057 ,1c50c9de-4eb1-3f6b-9afb-09f03174389b,  -26.467530 ,  -51.716820 ,2024-08-19 18:32:00,Brasil,PARANÁ,PALMAS,Mata Atlântica
 1711768058 ,a435ef8b-29b9-3d3b-acfb-68d0dd6ed7e8,  -26.463030 ,  -51.722250 ,2024-08-19 18:32:00,Brasil,PARANÁ,PALMAS,Mata Atlântica
 1711768059 ,da9978cf-c555-3a2d-973f-9925c4da3708,  -25.818170 ,  -51.789070 ,2024-08-19 18:32:00,Brasil,PARANÁ,PINHÃO,Mata Atlântica
 1711768060 ,7ec5e17a-c1d7-3a1b-9c0e-f2e7ec9f43e2,  -25.812940 ,  -51.797910 ,2024-08-19 18:32:00,Brasil,PARANÁ,PINHÃO,Mata Atlântica
 1711768061 ,6383936e-237f-368a-ad99-6d0d55051d90,  -25.807630 ,  -51.771820 ,2024-08-19 18:32:00,Brasil,PARANÁ,PINHÃO,Mata Atlântica
 1711768062 ,59f789a1-2f91-3888-a7c9-6bd61252a9b8,  -25.339770 ,  -51.519440 ,2024-08-19 18:32:00,Brasil,PARANÁ,GUARAPUAVA,Mata Atlântica
 1711768073 ,0a8fae70-f9ed-369b-bdce-24f9d4fe87ca,  -23.630100 ,  -53.155990 ,2024-08-19 18:32:00,Brasil,PARANÁ,MARIA HELENA,Mata Atlântica
 1711768074 ,62505710-106b-376e-aea7-827ba9f3c0c5,  -23.623400 ,  -52.650790 ,2024-08-19 18:32:00,Brasil,PARANÁ,CIANORTE,Mata Atlântica
 1711768075 ,d578a39e-742d-3237-a7a6-60bc17b209ae,  -23.621380 ,  -53.181490 ,2024-08-19 18:32:00,Brasil,PARANÁ,MARIA HELENA,Mata Atlântica
 1711768076 ,904421f1-bc34-32a5-a29e-2ca1e14e3838,  -23.616890 ,  -53.158820 ,2024-08-19 18:32:00,Brasil,PARANÁ,MARIA HELENA,Mata Atlântica
 1711768077 ,0fc924ae-5592-39c5-a63c-25bebe9ddecc,  -26.342740 ,  -52.989550 ,2024-08-19 18:32:00,Brasil,PARANÁ,RENASCENÇA,Mata Atlântica
 1711768078 ,95a68f1d-c7df-370c-a571-10d4802945c0,  -26.341770 ,  -52.984760 ,2024-08-19 18:32:00,Brasil,PARANÁ,RENASCENÇA,Mata Atlântica
 1711768120 ,99add398-9acb-3017-93ae-129ced24b868,  -25.186170 ,  -54.128730 ,2024-08-19 18:32:00,Brasil,PARANÁ,MEDIANEIRA,Mata Atlântica
 1693081073 ,d5801238-ed46-38fd-8a90-9c0785117828,  -24.217800 ,  -52.134610 ,2024-06-16 17:45:00,Brasil,PARANÁ,BARBOSA FERRAZ,Mata Atlântica
 1693081074 ,2ea28c81-607b-3a32-abb0-a133f27d0e78,  -24.216380 ,  -52.123910 ,2024-06-16 17:45:00,Brasil,PARANÁ,BARBOSA FERRAZ,Mata Atlântica
 1693081077 ,861dc523-0088-3ce2-8b78-ce0ff27ca74d,  -23.548730 ,  -51.536790 ,2024-06-16 17:45:00,Brasil,PARANÁ,APUCARANA,Mata Atlântica
 1693081079 ,6d93fa00-5e57-3071-8fb7-4789bae86941,  -23.212860 ,  -53.016620 ,2024-06-16 17:47:00,Brasil,PARANÁ,PLANALTINA DO PARANÁ,Mata Atlântica
 1693081080 ,c135a88c-e680-361f-a687-19542f1e3827,  -23.203220 ,  -53.018070 ,2024-06-16 17:47:00,Brasil,PARANÁ,PLANALTINA DO PARANÁ,Mata Atlântica
 1693409851 ,f70b04a7-6c73-3775-bda1-56ff90e437b0,  -25.897670 ,  -49.530940 ,2024-06-18 17:28:00,Brasil,PARANÁ,QUITANDINHA,Mata Atlântica
 1693409852 ,e573f966-f9eb-356f-b737-efaefe4c4a46,  -25.783930 ,  -49.710150 ,2024-06-18 17:28:00,Brasil,PARANÁ,LAPA,Mata Atlântica
 1693409853 ,4a139177-ce7e-3b48-a7f8-f595a79dd31c,  -25.576420 ,  -49.814510 ,2024-06-18 17:28:00,Brasil,PARANÁ,LAPA,Mata Atlântica
 1693409854 ,4327ad1b-6430-3632-861c-19afd2d1500a,  -25.179350 ,  -49.463640 ,2024-06-18 17:28:00,Brasil,PARANÁ,ITAPERUÇU,Mata Atlântica
 1693409855 ,82d22463-1e3e-33b7-91bd-a8c89838908c,  -25.148800 ,  -50.752920 ,2024-06-18 17:28:00,Brasil,PARANÁ,IMBITUVA,Mata Atlântica
 1693409856 ,8d622223-21cf-3c9f-a1c1-31f0125028da,  -24.931060 ,  -50.844890 ,2024-06-18 17:28:00,Brasil,PARANÁ,IVAÍ,Mata Atlântica
 1693409857 ,89789ccc-90be-3c3f-b9c3-c95a39b657eb,  -24.678330 ,  -49.035130 ,2024-06-18 17:28:00,Brasil,PARANÁ,ADRIANÓPOLIS,Mata Atlântica
 1693409859 ,155589a0-2456-3cd5-9510-71b472d57c50,  -24.668570 ,  -49.038140 ,2024-06-18 17:28:00,Brasil,PARANÁ,ADRIANÓPOLIS,Mata Atlântica
 1693409868 ,48193be3-de68-318e-ac32-94eb66f969dd,  -23.853350 ,  -52.685260 ,2024-06-18 17:28:00,Brasil,PARANÁ,CIANORTE,Mata Atlântica
 1693409869 ,faa0d45c-59a9-3d93-a741-4f0280ff99d9,  -23.695380 ,  -50.601830 ,2024-06-18 17:28:00,Brasil,PARANÁ,SANTO ANTÔNIO DO PARAÍSO,Mata Atlântica
 1693409870 ,61abbdb2-feb4-32eb-8c32-09af1253fa44,  -23.641900 ,  -49.869920 ,2024-06-18 17:28:00,Brasil,PARANÁ,SIQUEIRA CAMPOS,Mata Atlântica
 1693409871 ,be0406b6-6846-3883-98e4-0b3dc8995128,  -23.611390 ,  -53.484210 ,2024-06-18 17:28:00,Brasil,PARANÁ,UMUARAMA,Mata Atlântica
 1693409879 ,4ec89534-0215-3ba9-ac42-494a2dfc155a,  -23.061850 ,  -50.455940 ,2024-06-18 17:28:00,Brasil,PARANÁ,SANTA MARIANA,Mata Atlântica
 1693409880 ,f802dd13-1863-30b6-af6f-a0d4f861d05c,  -23.060190 ,  -50.441830 ,2024-06-18 17:28:00,Brasil,PARANÁ,BANDEIRANTES,Mata Atlântica
 1695521873 ,d1284799-8642-371b-a23c-78398365db35,  -22.854270 ,  -53.257350 ,2024-06-28 17:43:00,Brasil,PARANÁ,SÃO PEDRO DO PARANÁ,Mata Atlântica
 1695521874 ,9541f90a-7488-3983-96ec-dacf64cb9015,  -22.852710 ,  -53.244680 ,2024-06-28 17:43:00,Brasil,PARANÁ,SÃO PEDRO DO PARANÁ,Mata Atlântica
 1720879585 ,ec241fe6-2a90-3b7d-ab8f-b0ae99970749,  -25.028360 ,  -49.234560 ,2024-09-12 18:19:00,Brasil,PARANÁ,CERRO AZUL,Mata Atlântica
 1720879586 ,e860233e-a135-3b4f-8744-468a6be919c5,  -24.945450 ,  -49.142430 ,2024-09-12 18:19:00,Brasil,PARANÁ,CERRO AZUL,Mata Atlântica
 1720879605 ,b9deedae-63a9-364a-8f70-725eb3ac23fc,  -25.032080 ,  -50.686920 ,2024-09-12 18:19:00,Brasil,PARANÁ,IPIRANGA,Mata Atlântica
 1720879606 ,a4e122b2-ec38-38ea-bb29-0a2066477681,  -24.732500 ,  -50.514280 ,2024-09-12 18:19:00,Brasil,PARANÁ,TIBAGI,Mata Atlântica
 1720879607 ,5228c9df-8c4b-3845-8519-498fb9e85151,  -24.729100 ,  -50.496290 ,2024-09-12 18:19:00,Brasil,PARANÁ,TIBAGI,Mata Atlântica
 1720879608 ,9f5af54b-13a4-3144-bd60-8a5675fe1f77,  -24.720660 ,  -50.516990 ,2024-09-12 18:19:00,Brasil,PARANÁ,TIBAGI,Mata Atlântica
 1720879609 ,740c475d-f29a-368f-84e8-d54c5b3d65f4,  -24.717190 ,  -50.498680 ,2024-09-12 18:19:00,Brasil,PARANÁ,TIBAGI,Mata Atlântica
 1720879610 ,a992c60c-a3fe-3f7e-bd48-6f4975dace16,  -24.713690 ,  -50.480270 ,2024-09-12 18:19:00,Brasil,PARANÁ,TIBAGI,Mata Atlântica
 1720879611 ,a3413cb4-8912-340e-80e0-8e2f67bdda08,  -24.705230 ,  -50.500840 ,2024-09-12 18:19:00,Brasil,PARANÁ,TIBAGI,Mata Atlântica
 1720879612 ,ba9b40d1-5a60-3ab7-a43a-ecfae3f5999c,  -24.396790 ,  -49.866940 ,2024-09-12 18:19:00,Brasil,PARANÁ,PIRAÍ DO SUL,Cerrado
 1720879613 ,4ee1d087-ab8a-3969-94d6-9f13e1473962,  -24.396200 ,  -49.861920 ,2024-09-12 18:19:00,Brasil,PARANÁ,PIRAÍ DO SUL,Cerrado
 1720879614 ,d05e0495-8b26-3660-831c-5a898e90e440,  -24.393080 ,  -49.847290 ,2024-09-12 18:19:00,Brasil,PARANÁ,PIRAÍ DO SUL,Cerrado
 1720879615 ,a259a1ec-cede-37d8-98e3-15fac280f479,  -24.392330 ,  -49.842180 ,2024-09-12 18:19:00,Brasil,PARANÁ,JAGUARIAÍVA,Cerrado
 1720879616 ,fe65038e-606f-3134-b6b2-ea02da423d34,  -24.114450 ,  -50.323540 ,2024-09-12 18:19:00,Brasil,PARANÁ,VENTANIA,Mata Atlântica
 1720879617 ,44483b8e-731f-3e1d-99fb-33b0656c5db1,  -24.110620 ,  -50.303630 ,2024-09-12 18:19:00,Brasil,PARANÁ,VENTANIA,Mata Atlântica
 1720879618 ,504ef96f-3ad4-3cf1-a4e4-621733c19ea6,  -24.109020 ,  -50.309670 ,2024-09-12 18:19:00,Brasil,PARANÁ,VENTANIA,Mata Atlântica
 1720879619 ,2023b106-e889-3f4d-a4f3-391eafecd7ed,  -24.102290 ,  -50.326320 ,2024-09-12 18:19:00,Brasil,PARANÁ,VENTANIA,Mata Atlântica
 1720879620 ,6f2700e5-13bd-3857-a764-72ca06954a01,  -24.098430 ,  -50.306380 ,2024-09-12 18:19:00,Brasil,PARANÁ,VENTANIA,Mata Atlântica
 1720879621 ,5c37bd00-c0dc-3505-a6f3-0c83139ecbaa,  -23.773730 ,  -50.281340 ,2024-09-12 18:19:00,Brasil,PARANÁ,IBAITI,Mata Atlântica
 1720879622 ,f9baba80-b5b9-3d91-9caa-0659840e54ef,  -23.770000 ,  -50.261720 ,2024-09-12 18:19:00,Brasil,PARANÁ,IBAITI,Mata Atlântica
 1720879623 ,8ff9ffad-dfaa-35cc-9de4-edd9e107de65,  -23.761400 ,  -50.284000 ,2024-09-12 18:19:00,Brasil,PARANÁ,IBAITI,Mata Atlântica
 1720879624 ,08028703-ce01-3fe1-b95e-62f8677bc421,  -23.757640 ,  -50.264250 ,2024-09-12 18:19:00,Brasil,PARANÁ,IBAITI,Mata Atlântica
 1720879672 ,959e7b68-41ef-3d12-aa11-12b9dede4078,  -23.585610 ,  -51.062250 ,2024-09-12 18:19:00,Brasil,PARANÁ,LONDRINA,Mata Atlântica
 1720879675 ,572700a0-89f5-3bd3-9356-0b791d6ee599,  -25.070400 ,  -50.891490 ,2024-09-12 18:19:00,Brasil,PARANÁ,IVAÍ,Mata Atlântica
 1720879676 ,accbf983-cff5-38cc-9211-2a06785c331d,  -25.067360 ,  -50.875220 ,2024-09-12 18:19:00,Brasil,PARANÁ,IVAÍ,Mata Atlântica
 1720879677 ,93641d46-7e5b-309c-aef0-76c7068a99d6,  -25.059010 ,  -50.894370 ,2024-09-12 18:19:00,Brasil,PARANÁ,IVAÍ,Mata Atlântica
 1720879678 ,5f12c2ee-6f61-3d30-afc0-aee2d49561c9,  -25.047570 ,  -51.399480 ,2024-09-12 18:19:00,Brasil,PARANÁ,TURVO,Mata Atlântica
 1720879679 ,235909f9-2322-343a-ae68-ac48e867792b,  -25.045790 ,  -51.388840 ,2024-09-12 18:19:00,Brasil,PARANÁ,TURVO,Mata Atlântica
 1720879680 ,54e719cc-6ebc-3331-be26-d85bd37a64ec,  -25.044650 ,  -51.383680 ,2024-09-12 18:19:00,Brasil,PARANÁ,TURVO,Mata Atlântica
 1720879681 ,9f92ecdc-9f04-3423-ba9e-654d7f5c9f9b,  -24.934740 ,  -50.859380 ,2024-09-12 18:19:00,Brasil,PARANÁ,IVAÍ,Mata Atlântica
 1720879682 ,f9b2b118-41b7-3daa-a110-b9ecdb61c553,  -24.904140 ,  -50.995190 ,2024-09-12 18:19:00,Brasil,PARANÁ,CÂNDIDO DE ABREU,Mata Atlântica
 1720879683 ,4be1752a-8d94-3b8c-96e7-1616ddfdb110,  -24.514890 ,  -50.897040 ,2024-09-12 18:19:00,Brasil,PARANÁ,RESERVA,Mata Atlântica
 1720879684 ,d1e428d0-9cb0-37de-8dac-c37d52b0bb9f,  -24.511850 ,  -50.880760 ,2024-09-12 18:19:00,Brasil,PARANÁ,RESERVA,Mata Atlântica
 1720879685 ,0a1771f9-6192-3235-be2b-1861d955eb41,  -23.874900 ,  -51.835630 ,2024-09-12 18:19:00,Brasil,PARANÁ,SÃO PEDRO DO IVAÍ,Mata Atlântica
 1720879711 ,b8a2ce62-db04-3cab-8b69-6fe1f8aa6125,  -23.115700 ,  -52.437830 ,2024-09-12 18:19:00,Brasil,PARANÁ,PARANAVAÍ,Mata Atlântica
 1720879712 ,d177ac81-6ee8-3304-b94b-09707053a401,  -23.113180 ,  -52.423620 ,2024-09-12 18:19:00,Brasil,PARANÁ,PARANAVAÍ,Mata Atlântica
 1720879713 ,4caf034d-1b72-3200-a89a-989570ab8ecc,  -22.803740 ,  -51.995830 ,2024-09-12 18:19:00,Brasil,PARANÁ,COLORADO,Mata Atlântica
 1720879714 ,fe61b6a9-647f-3521-a038-0181ea3f5f37,  -23.493500 ,  -53.548730 ,2024-09-12 18:19:00,Brasil,PARANÁ,ICARAÍMA,Mata Atlântica
 1720879715 ,ccf73e1c-d944-3777-8e5b-f35dc5a0ca9b,  -23.491420 ,  -53.536450 ,2024-09-12 18:19:00,Brasil,PARANÁ,ICARAÍMA,Mata Atlântica
 1720879716 ,d6b4b221-9b59-3c25-b8a0-debd5669d37b,  -23.485630 ,  -53.562690 ,2024-09-12 18:19:00,Brasil,PARANÁ,ICARAÍMA,Mata Atlântica
 1720879717 ,0c92067e-40c3-371d-894c-2b15d8849a8e,  -23.483560 ,  -53.550500 ,2024-09-12 18:19:00,Brasil,PARANÁ,ICARAÍMA,Mata Atlântica
 1720879718 ,475b81ed-c578-3a3f-91ea-47e31967f72e,  -23.481500 ,  -53.538380 ,2024-09-12 18:19:00,Brasil,PARANÁ,ICARAÍMA,Mata Atlântica
 1720879719 ,ada6e8d1-fc5e-359c-b073-dc4579b67465,  -23.475700 ,  -53.564480 ,2024-09-12 18:19:00,Brasil,PARANÁ,ICARAÍMA,Mata Atlântica
 1720879720 ,d8e7b3a0-3384-3dde-8d97-175bc39d521a,  -23.473640 ,  -53.552390 ,2024-09-12 18:19:00,Brasil,PARANÁ,ICARAÍMA,Mata Atlântica
 1720879721 ,cb9739cb-c449-3abf-8088-3502df33a2d1,  -23.473630 ,  -53.559220 ,2024-09-12 18:19:00,Brasil,PARANÁ,ICARAÍMA,Mata Atlântica
 1720879722 ,8b668338-0fc3-39ae-ab13-047957d9c983,  -23.471640 ,  -53.547170 ,2024-09-12 18:19:00,Brasil,PARANÁ,ICARAÍMA,Mata Atlântica
 1720879723 ,a5d4d4dd-5f59-334d-8622-e31838b99e54,  -23.471590 ,  -53.540370 ,2024-09-12 18:19:00,Brasil,PARANÁ,ICARAÍMA,Mata Atlântica
 1720879724 ,73e82dea-961c-340e-8a95-3fd1b88adf5a,  -23.463750 ,  -53.561340 ,2024-09-12 18:19:00,Brasil,PARANÁ,ICARAÍMA,Mata Atlântica
 1720879725 ,cbd17fae-5a2e-33d1-bb79-a0abf5a41a2a,  -23.461730 ,  -53.549160 ,2024-09-12 18:19:00,Brasil,PARANÁ,ICARAÍMA,Mata Atlântica
 1720879726 ,ffa8b552-19c2-31dc-8877-96c2b22a1ad8,  -23.451850 ,  -53.551270 ,2024-09-12 18:19:00,Brasil,PARANÁ,ICARAÍMA,Mata Atlântica
 1720879729 ,17640e7a-ae71-3a47-94b1-b5a580b9e3f5,  -24.553680 ,  -52.535060 ,2024-09-12 18:19:00,Brasil,PARANÁ,NOVA CANTU,Mata Atlântica
 1720879746 ,0e1a7dd5-2ead-39f5-bb24-a9248adc0960,  -23.475630 ,  -53.571390 ,2024-09-12 18:19:00,Brasil,PARANÁ,ICARAÍMA,Mata Atlântica
 1720879747 ,5e0cd13a-5b1a-36d0-87c5-b82e565b180f,  -23.453870 ,  -53.563470 ,2024-09-12 18:19:00,Brasil,PARANÁ,ICARAÍMA,Mata Atlântica
 1722657597 ,82ed9eb1-8978-3f12-9655-2abcd9c8078d,  -23.239320 ,  -52.705510 ,2024-09-17 18:24:00,Brasil,PARANÁ,PARAÍSO DO NORTE,Mata Atlântica
 1722657598 ,a7509733-230f-3523-8541-42894b712fea,  -23.236040 ,  -52.700530 ,2024-09-17 18:24:00,Brasil,PARANÁ,PARAÍSO DO NORTE,Mata Atlântica
 1722988691 ,c971b2ae-1370-3180-8bcb-f85a254671a4,  -23.081840 ,  -52.376060 ,2024-09-18 17:26:00,Brasil,PARANÁ,ALTO PARANÁ,Mata Atlântica
 1722988692 ,f56444d6-45a5-32a7-9b97-dacebf074bb7,  -23.079110 ,  -52.346350 ,2024-09-18 17:26:00,Brasil,PARANÁ,ALTO PARANÁ,Mata Atlântica
 1724075975 ,349d9080-a046-3c35-af65-db88577861b6,  -26.394500 ,  -51.986410 ,2024-09-22 18:26:00,Brasil,PARANÁ,PALMAS,Mata Atlântica
 1724075976 ,3626813a-88f9-3962-8c05-aff33a732774,  -25.955580 ,  -52.604820 ,2024-09-22 18:26:00,Brasil,PARANÁ,CORONEL VIVIDA,Mata Atlântica
 1724075977 ,24719856-a6cc-3054-b4cd-cfa15ef5b84b,  -24.575090 ,  -50.776920 ,2024-09-22 18:26:00,Brasil,PARANÁ,RESERVA,Mata Atlântica
 1724075978 ,056391be-3c28-33ac-b7d1-4f09bdffbdf0,  -23.264980 ,  -51.104060 ,2024-09-22 18:28:00,Brasil,PARANÁ,LONDRINA,Mata Atlântica
 1724574450 ,ecf393cc-67b4-394c-9f38-20e608f5277f,  -25.154670 ,  -49.334100 ,2024-09-24 18:09:00,Brasil,PARANÁ,RIO BRANCO DO SUL,Mata Atlântica
 1724574451 ,4cf07b30-0542-3d0e-959b-7c98c2323d96,  -25.244780 ,  -49.324750 ,2024-09-24 18:09:00,Brasil,PARANÁ,ALMIRANTE TAMANDARÉ,Mata Atlântica
 1724574452 ,6aac9fb3-7825-39be-9846-aeca8223639b,  -25.242090 ,  -49.309760 ,2024-09-24 18:09:00,Brasil,PARANÁ,ALMIRANTE TAMANDARÉ,Mata Atlântica
 1724574476 ,d8656f5c-4469-3c88-91c0-5fbbc4aa1053,  -23.077050 ,  -49.897120 ,2024-09-24 18:09:00,Brasil,PARANÁ,JACAREZINHO,Mata Atlântica
 1724574477 ,8d4d5d0a-1a64-3170-8dd1-c1d781e72c6d,  -24.423500 ,  -50.102720 ,2024-09-24 18:09:00,Brasil,PARANÁ,PIRAÍ DO SUL,Cerrado
 1724574478 ,785183a2-56d8-30f8-95b2-f10371523958,  -25.104730 ,  -50.344390 ,2024-09-24 18:09:00,Brasil,PARANÁ,PONTA GROSSA,Mata Atlântica
 1724574479 ,c3cb9d07-94da-3228-be5e-7fb68e4d1a37,  -25.071110 ,  -49.389770 ,2024-09-24 18:09:00,Brasil,PARANÁ,RIO BRANCO DO SUL,Mata Atlântica
 1724574480 ,36b5b51e-7e25-350f-8e6b-047986f9b675,  -25.066130 ,  -50.837230 ,2024-09-24 18:09:00,Brasil,PARANÁ,IVAÍ,Mata Atlântica
 1724574481 ,f927bd47-3eee-31fa-8e67-c646e82bda2c,  -25.064140 ,  -50.825340 ,2024-09-24 18:09:00,Brasil,PARANÁ,IVAÍ,Mata Atlântica
 1724574486 ,1ae56da4-4f18-35a8-b455-19bf821abb21,  -25.703660 ,  -50.473210 ,2024-09-24 18:09:00,Brasil,PARANÁ,SÃO JOÃO DO TRIUNFO,Mata Atlântica
 1724574508 ,541d5cd5-000c-3257-a6ae-ab3d507d7511,  -23.629460 ,  -50.980740 ,2024-09-24 18:09:00,Brasil,PARANÁ,LONDRINA,Mata Atlântica
 1724574509 ,f61e2412-d667-3894-ad88-168a2356894e,  -23.101460 ,  -51.194480 ,2024-09-24 18:09:00,Brasil,PARANÁ,BELA VISTA DO PARAÍSO,Mata Atlântica
 1724574510 ,07cadbc7-e411-37dc-8796-d3ca1a74df26,  -25.106910 ,  -51.442100 ,2024-09-24 18:09:00,Brasil,PARANÁ,TURVO,Mata Atlântica
 1724574511 ,b74b1be9-1882-3716-8ac1-724d4011bd02,  -25.105020 ,  -51.430720 ,2024-09-24 18:09:00,Brasil,PARANÁ,TURVO,Mata Atlântica
 1724574512 ,fd03b24b-6ab6-325b-9a14-97d9fc7a1625,  -25.077430 ,  -51.146430 ,2024-09-24 18:09:00,Brasil,PARANÁ,PRUDENTÓPOLIS,Mata Atlântica
 1724574513 ,af65c987-5f61-3af8-98cf-83d6b50926c2,  -25.007950 ,  -51.288670 ,2024-09-24 18:09:00,Brasil,PARANÁ,PRUDENTÓPOLIS,Mata Atlântica
 1724574514 ,bfb61e49-a735-3c98-b839-5fa855be800f,  -25.000330 ,  -51.242980 ,2024-09-24 18:09:00,Brasil,PARANÁ,GUARAPUAVA,Mata Atlântica
 1724574515 ,e85a0976-697e-3328-a71c-552194052001,  -24.998220 ,  -51.290110 ,2024-09-24 18:09:00,Brasil,PARANÁ,PRUDENTÓPOLIS,Mata Atlântica
 1724574516 ,1ee9ef58-a7eb-3ac8-8bb1-de0eea78e86b,  -23.830550 ,  -51.495690 ,2024-09-24 18:09:00,Brasil,PARANÁ,RIO BOM,Mata Atlântica
 1724574517 ,85fd4e4c-86e7-3d52-a981-465d0a4fa585,  -26.077260 ,  -51.999540 ,2024-09-24 18:09:00,Brasil,PARANÁ,CORONEL DOMINGOS SOARES,Mata Atlântica
 1724574518 ,de070f51-3645-38de-9acd-cee8f62c936a,  -25.905410 ,  -51.440700 ,2024-09-24 18:09:00,Brasil,PARANÁ,PINHÃO,Mata Atlântica
 1724574519 ,4f2e16dc-6e85-3ed4-9923-d0ef828011d8,  -25.903590 ,  -51.429560 ,2024-09-24 18:09:00,Brasil,PARANÁ,PINHÃO,Mata Atlântica
 1724574520 ,2b231c03-85c0-32d2-8711-36383d623ec2,  -25.839300 ,  -51.454490 ,2024-09-24 18:09:00,Brasil,PARANÁ,PINHÃO,Mata Atlântica
 1724574521 ,49b2c1cf-f283-32e5-9f9c-5f4370505151,  -25.833480 ,  -51.451090 ,2024-09-24 18:09:00,Brasil,PARANÁ,PINHÃO,Mata Atlântica
 1724574522 ,c415f0e9-8a28-3014-9fba-a6d777806291,  -25.456500 ,  -52.098470 ,2024-09-24 18:09:00,Brasil,PARANÁ,CANDÓI,Mata Atlântica
 1725157707 ,8d571c9d-3ffc-37fb-9051-01f6511e46c3,  -25.544320 ,  -51.126140 ,2024-09-27 18:32:00,Brasil,PARANÁ,INÁCIO MARTINS,Mata Atlântica
 1725294884 ,35096d2a-e0c4-3d58-a0ce-6d9e372a6b21,  -25.149980 ,  -49.233090 ,2024-09-28 17:34:00,Brasil,PARANÁ,RIO BRANCO DO SUL,Mata Atlântica
 1725294994 ,8d744936-e3d3-3c5e-9433-564ff4d4d15d,  -25.222120 ,  -50.089100 ,2024-09-28 17:34:00,Brasil,PARANÁ,PONTA GROSSA,Mata Atlântica
 1725295030 ,d5f61a15-0c77-3bb5-9714-6dfbc3772b8f,  -25.040100 ,  -51.873280 ,2024-09-28 17:34:00,Brasil,PARANÁ,CAMPINA DO SIMÃO,Mata Atlântica
 1726604277 ,dc37cd75-78cc-337b-b4bf-3399ea63d7b4,  -24.716860 ,  -53.029310 ,2024-10-04 18:19:00,Brasil,PARANÁ,BRAGANEY,Mata Atlântica
 1726604278 ,4c57c92f-6fe5-36d2-885b-5a7893d2485e,  -26.011010 ,  -53.202120 ,2024-10-04 18:19:00,Brasil,PARANÁ,FRANCISCO BELTRÃO,Mata Atlântica
 1726604292 ,7102abec-0c13-31be-8f5b-7a49fd04ded9,  -25.120310 ,  -53.980370 ,2024-10-04 18:19:00,Brasil,PARANÁ,MATELÂNDIA,Mata Atlântica
 1727004856 ,cb662255-9340-367d-9461-9bc88feb1cb1,  -23.213490 ,  -51.732740 ,2024-10-06 18:02:00,Brasil,PARANÁ,ASTORGA,Mata Atlântica
 1727004857 ,3364a48a-df97-3521-b3f0-68f225c6a1e2,  -23.526520 ,  -50.570110 ,2024-10-06 18:02:00,Brasil,PARANÁ,CONGONHINHAS,Mata Atlântica
 1727004858 ,579f5371-02c4-3121-8998-3459bdab4dbf,  -23.528080 ,  -50.580110 ,2024-10-06 18:02:00,Brasil,PARANÁ,CONGONHINHAS,Mata Atlântica
 1727194897 ,54f91c98-1af9-30d4-a814-3deef0f7db5a,  -24.986170 ,  -54.092940 ,2024-10-07 18:41:00,Brasil,PARANÁ,DIAMANTE D'OESTE,Mata Atlântica
 1725901092 ,fb741009-8882-338a-af43-9a10e5561921,  -25.148080 ,  -49.332510 ,2024-10-01 17:56:00,Brasil,PARANÁ,RIO BRANCO DO SUL,Mata Atlântica
 1725901093 ,d85fa7df-2166-3356-9748-5d17374cb620,  -24.676540 ,  -49.145820 ,2024-10-01 17:56:00,Brasil,PARANÁ,CERRO AZUL,Mata Atlântica
 1725901096 ,829dcba3-e5cf-37ce-a14f-ec15f859f1aa,  -25.844310 ,  -49.291780 ,2024-10-01 17:56:00,Brasil,PARANÁ,MANDIRITUBA,Mata Atlântica
 1725901097 ,821a9624-0338-3323-9ff5-d81cec1e4ff4,  -25.842770 ,  -49.281760 ,2024-10-01 17:56:00,Brasil,PARANÁ,MANDIRITUBA,Mata Atlântica
 1725901199 ,9ec3fea3-0df9-327e-badc-0c7644b54cfa,  -23.155660 ,  -49.814030 ,2024-10-01 17:56:00,Brasil,PARANÁ,RIBEIRÃO CLARO,Mata Atlântica
 1725901205 ,54c94155-e762-3b5e-98fd-82e3e6f23de5,  -24.425930 ,  -50.096500 ,2024-10-01 17:56:00,Brasil,PARANÁ,PIRAÍ DO SUL,Cerrado
 1725901206 ,37967b12-3fea-341b-b812-424d39d82eca,  -24.417010 ,  -50.098150 ,2024-10-01 17:56:00,Brasil,PARANÁ,PIRAÍ DO SUL,Cerrado
 1725901207 ,478b128c-ceb6-3cca-bf97-48b72f4314a6,  -25.225780 ,  -50.082230 ,2024-10-01 17:56:00,Brasil,PARANÁ,PONTA GROSSA,Mata Atlântica
 1725901208 ,f0c7a3af-a37a-3647-ba4b-b7548064c9b7,  -25.086070 ,  -50.074320 ,2024-10-01 17:56:00,Brasil,PARANÁ,PONTA GROSSA,Mata Atlântica
 1725901209 ,804e5066-e4a2-3262-892c-dee32bde8109,  -24.496020 ,  -50.701030 ,2024-10-01 17:56:00,Brasil,PARANÁ,IMBAÚ,Mata Atlântica
 1725901210 ,fde6c702-39c3-3fff-98a4-6c90a651589d,  -24.494600 ,  -50.691310 ,2024-10-01 17:56:00,Brasil,PARANÁ,IMBAÚ,Mata Atlântica
 1725901211 ,19f55232-d8b9-3d58-acb7-cfe8aad73b3d,  -23.789880 ,  -50.164760 ,2024-10-01 17:56:00,Brasil,PARANÁ,JAPIRA,Mata Atlântica
 1725901212 ,2cf6ba50-6372-34c5-b769-13bd1dc0632e,  -25.224000 ,  -49.463720 ,2024-10-01 17:56:00,Brasil,PARANÁ,CAMPO MAGRO,Mata Atlântica
 1725901213 ,4c6241d5-4e9d-3378-8305-766466fe0bb2,  -25.222460 ,  -49.453620 ,2024-10-01 17:56:00,Brasil,PARANÁ,ITAPERUÇU,Mata Atlântica
 1725901214 ,818a5e5b-4fa5-351c-8dc5-7f5d610761fa,  -25.214750 ,  -49.403330 ,2024-10-01 17:56:00,Brasil,PARANÁ,ITAPERUÇU,Mata Atlântica
 1725901215 ,d16e5832-ab44-3fa7-a989-ec449d724efa,  -25.213200 ,  -49.393230 ,2024-10-01 17:56:00,Brasil,PARANÁ,ITAPERUÇU,Mata Atlântica
 1725901216 ,70b0c5e7-15a8-3ab3-9795-1c7269129cea,  -25.201060 ,  -49.374600 ,2024-10-01 17:56:00,Brasil,PARANÁ,ITAPERUÇU,Mata Atlântica
 1725901217 ,0d57157b-0e3a-3d98-b71e-df9388f54a86,  -24.971280 ,  -49.502320 ,2024-10-01 17:56:00,Brasil,PARANÁ,RIO BRANCO DO SUL,Mata Atlântica
 1725901218 ,d9528513-0a45-3fdd-a726-024c197ec8e1,  -24.787060 ,  -49.445780 ,2024-10-01 17:56:00,Brasil,PARANÁ,CERRO AZUL,Mata Atlântica
 1725901219 ,77eda0c9-9f5a-3df9-b985-abb02bca7ca9,  -24.785470 ,  -49.435580 ,2024-10-01 17:56:00,Brasil,PARANÁ,CERRO AZUL,Mata Atlântica
 1725901220 ,ff56d067-6390-34dd-9e5d-c011e0b10c7f,  -24.784540 ,  -49.309870 ,2024-10-01 17:56:00,Brasil,PARANÁ,CERRO AZUL,Mata Atlântica
 1725901221 ,88b36e15-f26b-317a-a54a-7fe043314fb1,  -24.778020 ,  -49.447420 ,2024-10-01 17:56:00,Brasil,PARANÁ,CERRO AZUL,Mata Atlântica
 1725901222 ,f74bba30-0c79-36aa-b6d1-ef54e10f67bc,  -24.776430 ,  -49.437260 ,2024-10-01 17:56:00,Brasil,PARANÁ,CERRO AZUL,Mata Atlântica
 1725901223 ,2cd971c8-a04e-3052-a14e-1d35a09fbb3f,  -24.770130 ,  -49.396830 ,2024-10-01 17:56:00,Brasil,PARANÁ,CERRO AZUL,Mata Atlântica
 1725901224 ,7e7a3174-fd23-3da8-a245-e3c64a294915,  -24.758920 ,  -49.325250 ,2024-10-01 17:56:00,Brasil,PARANÁ,DOUTOR ULYSSES,Mata Atlântica
 1725901225 ,f8af71bd-e0da-3250-a92b-f8b7e0dbf83d,  -24.575090 ,  -49.331150 ,2024-10-01 17:56:00,Brasil,PARANÁ,DOUTOR ULYSSES,Mata Atlântica
 1725901229 ,0d9e513b-584f-35f0-a2a3-937bd9a35f2b,  -26.177290 ,  -51.118110 ,2024-10-01 17:56:00,Brasil,PARANÁ,UNIÃO DA VITÓRIA,Mata Atlântica
 1725901230 ,491a8ff8-ac31-36f6-9a55-1534d318192c,  -25.973890 ,  -50.652980 ,2024-10-01 17:56:00,Brasil,PARANÁ,SÃO MATEUS DO SUL,Mata Atlântica
 1725901231 ,0621ae3f-ea2f-3209-9e8d-c915c07fa3ca,  -25.429570 ,  -50.026950 ,2024-10-01 17:56:00,Brasil,PARANÁ,PALMEIRA,Mata Atlântica
 1725901232 ,97024beb-71f5-3679-a17a-6c9379f4f939,  -25.223070 ,  -50.882660 ,2024-10-01 17:56:00,Brasil,PARANÁ,PRUDENTÓPOLIS,Mata Atlântica
 1725901233 ,58513561-6da5-365d-9ac5-2c8dd8c09dba,  -26.190500 ,  -49.625160 ,2024-10-01 17:56:00,Brasil,PARANÁ,RIO NEGRO,Mata Atlântica
 1725901234 ,06a9f600-114a-3811-b9e8-268bb5faf9b0,  -26.188990 ,  -49.615200 ,2024-10-01 17:56:00,Brasil,PARANÁ,RIO NEGRO,Mata Atlântica
 1725901235 ,6f15ec52-d8d2-32ad-a4db-24168c41d786,  -25.476910 ,  -49.665450 ,2024-10-01 17:56:00,Brasil,PARANÁ,BALSA NOVA,Mata Atlântica
 1725901236 ,ad9b11cf-7c76-353a-b8f9-be06d2ab38f8,  -25.475390 ,  -49.655510 ,2024-10-01 17:56:00,Brasil,PARANÁ,BALSA NOVA,Mata Atlântica
 1725901369 ,bbd45c36-6c4f-3a7d-8eef-2daca161cc9f,  -23.764570 ,  -50.740840 ,2024-10-01 17:56:00,Brasil,PARANÁ,SÃO JERÔNIMO DA SERRA,Mata Atlântica
 1725901370 ,dabcd523-965a-3e53-ac42-c4ddd42f94d0,  -23.755690 ,  -50.742400 ,2024-10-01 17:56:00,Brasil,PARANÁ,SÃO JERÔNIMO DA SERRA,Mata Atlântica
 1725901371 ,92d7d156-863c-36cd-b080-1adeb41ee5c7,  -23.750700 ,  -50.832420 ,2024-10-01 17:56:00,Brasil,PARANÁ,SÃO JERÔNIMO DA SERRA,Mata Atlântica
 1725901372 ,5e817318-2da3-3acb-9fef-2fbb802d2bcf,  -23.749290 ,  -50.822770 ,2024-10-01 17:56:00,Brasil,PARANÁ,SÃO JERÔNIMO DA SERRA,Mata Atlântica
 1725901373 ,16329ed3-b03a-3cde-8ce8-c6ddb1d5df04,  -23.743240 ,  -50.843630 ,2024-10-01 17:56:00,Brasil,PARANÁ,SÃO JERÔNIMO DA SERRA,Mata Atlântica
 1725901374 ,58413c3f-faa8-3301-9d76-0477cb68b4e5,  -23.741830 ,  -50.833980 ,2024-10-01 17:56:00,Brasil,PARANÁ,SÃO JERÔNIMO DA SERRA,Mata Atlântica
 1725901375 ,ac3ce6d9-92c8-31f2-b1bd-af2d158f2c07,  -23.598830 ,  -51.306200 ,2024-10-01 17:56:00,Brasil,PARANÁ,APUCARANA,Mata Atlântica
 1725901376 ,a1d26269-f8da-392c-8ee2-6db6df7baab5,  -23.392680 ,  -50.586350 ,2024-10-01 17:56:00,Brasil,PARANÁ,NOVA FÁTIMA,Mata Atlântica
 1725901377 ,db0b736c-7da3-3173-879a-30188cec3439,  -23.376590 ,  -50.981680 ,2024-10-01 17:56:00,Brasil,PARANÁ,ASSAÍ,Mata Atlântica
 1725901378 ,2ccbcd35-283a-38d3-bf66-2042c118e129,  -23.103840 ,  -50.387400 ,2024-10-01 17:56:00,Brasil,PARANÁ,BANDEIRANTES,Mata Atlântica
 1725901379 ,f6ba3628-ecf4-34c0-9ed8-33647ecc3cce,  -22.942150 ,  -50.910310 ,2024-10-01 17:56:00,Brasil,PARANÁ,SERTANEJA,Mata Atlântica
 1725901380 ,6b24d200-4d63-3c88-952b-58f9dd31ed0a,  -22.940730 ,  -50.900690 ,2024-10-01 17:56:00,Brasil,PARANÁ,SERTANEJA,Mata Atlântica
 1725901381 ,6dd62697-7403-3163-9856-2a263babc7d0,  -22.933260 ,  -50.911850 ,2024-10-01 17:56:00,Brasil,PARANÁ,SERTANEJA,Mata Atlântica
 1725901382 ,8f920f9e-a85d-3f97-93fe-90377464b35f,  -22.931850 ,  -50.902240 ,2024-10-01 17:56:00,Brasil,PARANÁ,SERTANEJA,Mata Atlântica
 1725901395 ,a5f08ef4-b5ee-3d5a-8c04-04947f14919d,  -25.089770 ,  -52.364500 ,2024-10-01 17:56:00,Brasil,PARANÁ,MARQUINHO,Mata Atlântica
 1725901396 ,02a10c3d-9e9f-3f75-813c-46c525349d44,  -25.088330 ,  -52.353980 ,2024-10-01 17:56:00,Brasil,PARANÁ,MARQUINHO,Mata Atlântica
 1725901397 ,529f810a-9757-31b9-ba2b-fd88baa309ec,  -24.875830 ,  -51.415470 ,2024-10-01 17:56:00,Brasil,PARANÁ,TURVO,Mata Atlântica
 1725901398 ,4039069c-87c7-3e9e-834c-eca4783797a9,  -24.840960 ,  -51.755780 ,2024-10-01 17:56:00,Brasil,PARANÁ,PITANGA,Mata Atlântica
 1725901399 ,98af1791-b676-387b-be31-9913e3e6b594,  -24.820830 ,  -50.838190 ,2024-10-01 17:56:00,Brasil,PARANÁ,TIBAGI,Mata Atlântica
 1725901400 ,b80b7fef-2fca-341b-b883-450e9cc62a24,  -24.721840 ,  -51.498900 ,2024-10-01 17:56:00,Brasil,PARANÁ,BOA VENTURA DE SÃO ROQUE,Mata Atlântica
 1725901402 ,7bef285d-ac0d-3bff-92e5-1e0449905939,  -24.518670 ,  -50.856320 ,2024-10-01 17:56:00,Brasil,PARANÁ,RESERVA,Mata Atlântica
 1725901403 ,cda97916-51dd-3747-ab8d-0d9666e31bbf,  -24.314140 ,  -52.072250 ,2024-10-01 17:56:00,Brasil,PARANÁ,IRETAMA,Mata Atlântica
 1725901404 ,79bf4987-fe56-39aa-a2d9-57fde2ce87d4,  -24.226850 ,  -51.974540 ,2024-10-01 17:56:00,Brasil,PARANÁ,GODOY MOREIRA,Mata Atlântica
 1725901406 ,e6cdfef3-0a6e-398b-b500-3dd260375763,  -26.516080 ,  -52.040090 ,2024-10-01 17:56:00,Brasil,PARANÁ,PALMAS,Mata Atlântica
 1725901407 ,849f3ced-dd05-38f1-9200-e5a649187906,  -26.514650 ,  -52.029530 ,2024-10-01 17:56:00,Brasil,PARANÁ,PALMAS,Mata Atlântica
 1725901408 ,66b3d776-cf57-3051-8716-af7074ce6199,  -26.501610 ,  -51.663420 ,2024-10-01 17:56:00,Brasil,PARANÁ,PALMAS,Mata Atlântica
 1725901409 ,055b95d2-e291-3060-920f-c474303dfd84,  -26.226420 ,  -51.603730 ,2024-10-01 17:56:00,Brasil,PARANÁ,BITURUNA,Mata Atlântica
 1725901410 ,e27be7fe-d77a-34e5-84f4-6c4e5ce1ebaf,  -26.221310 ,  -51.366770 ,2024-10-01 17:56:00,Brasil,PARANÁ,BITURUNA,Mata Atlântica
 1725901411 ,bcb1e418-4ce2-337a-8515-ceb2e76a5391,  -26.057620 ,  -51.314910 ,2024-10-01 17:56:00,Brasil,PARANÁ,CRUZ MACHADO,Mata Atlântica
 1725901412 ,9b19490d-526f-3073-a5ee-ead3087518ca,  -25.928840 ,  -51.710770 ,2024-10-01 17:56:00,Brasil,PARANÁ,BITURUNA,Mata Atlântica
 1725901413 ,da4aa77f-e38e-3e8b-a511-1beb3ef23104,  -25.927410 ,  -51.700450 ,2024-10-01 17:56:00,Brasil,PARANÁ,BITURUNA,Mata Atlântica
 1725901414 ,f5477f31-af9a-3ecc-9cd2-c0346a866845,  -25.854320 ,  -51.505700 ,2024-10-01 17:56:00,Brasil,PARANÁ,PINHÃO,Mata Atlântica
 1725901415 ,7200ee12-a521-328e-b045-7bcde1b30538,  -25.845340 ,  -51.507180 ,2024-10-01 17:56:00,Brasil,PARANÁ,PINHÃO,Mata Atlântica
 1725901416 ,1173f73d-4f0f-3e2a-b8f8-3c278f37404c,  -25.764200 ,  -51.383320 ,2024-10-01 17:56:00,Brasil,PARANÁ,PINHÃO,Mata Atlântica
 1725901417 ,c01cda88-58cb-3414-928b-650214da06db,  -25.762820 ,  -51.373430 ,2024-10-01 17:56:00,Brasil,PARANÁ,PINHÃO,Mata Atlântica
 1725901418 ,c351cd59-3f16-3bb8-8f16-e7b3eaca5d66,  -25.490490 ,  -51.007450 ,2024-10-01 17:56:00,Brasil,PARANÁ,IRATI,Mata Atlântica
 1725901419 ,4fdd0089-3c21-3f81-b894-3ba421428e97,  -25.345370 ,  -52.420530 ,2024-10-01 17:56:00,Brasil,PARANÁ,LARANJEIRAS DO SUL,Mata Atlântica
 1725901510 ,6e8c94b8-29a3-3c7d-ae52-cdce1fca0e7f,  -22.714570 ,  -52.077890 ,2024-10-01 17:56:00,Brasil,PARANÁ,PARANAPOEMA,Mata Atlântica
 1725901511 ,2bf9c629-68f1-39b0-b6ea-a47650d7160d,  -22.713210 ,  -52.068180 ,2024-10-01 17:56:00,Brasil,PARANÁ,PARANAPOEMA,Mata Atlântica
 1725901512 ,42bedb75-ff29-391e-a8ae-58db22feb012,  -22.711840 ,  -52.058480 ,2024-10-01 17:56:00,Brasil,PARANÁ,PARANAPOEMA,Mata Atlântica
 1725901513 ,7afab5b8-5f63-3fa4-a57f-d7c6a09759b8,  -22.705610 ,  -52.079350 ,2024-10-01 17:56:00,Brasil,PARANÁ,PARANAPOEMA,Mata Atlântica
 1725901514 ,a0fcdd20-e595-3c49-8df4-c8d1f975fc86,  -22.704250 ,  -52.069650 ,2024-10-01 17:56:00,Brasil,PARANÁ,PARANAPOEMA,Mata Atlântica
 1727402702 ,c449f266-95d5-306c-9f72-4fc668d77173,  -23.534320 ,  -50.433130 ,2024-10-08 17:43:00,Brasil,PARANÁ,CONGONHINHAS,Mata Atlântica
 1727402703 ,c5a7acd8-7944-3c20-b8cd-1ec1d76e5b08,  -23.122080 ,  -49.826550 ,2024-10-08 17:43:00,Brasil,PARANÁ,RIBEIRÃO CLARO,Mata Atlântica
 1727402712 ,45570711-8a1b-35d6-b63a-3cb6b2717e1f,  -25.310710 ,  -49.425860 ,2024-10-08 17:41:00,Brasil,PARANÁ,CAMPO MAGRO,Mata Atlântica
 1727402713 ,1c50bd7c-5247-3c13-afc5-9e9ed1d02660,  -24.491320 ,  -50.268520 ,2024-10-08 17:43:00,Brasil,PARANÁ,TIBAGI,Cerrado
 1727402714 ,0ff7f9be-0fe0-334e-921a-a797142adab8,  -24.482400 ,  -49.700820 ,2024-10-08 17:43:00,Brasil,PARANÁ,PIRAÍ DO SUL,Mata Atlântica
 1727402715 ,4707fd86-21df-3465-a697-e017acfff339,  -24.480980 ,  -49.689700 ,2024-10-08 17:43:00,Brasil,PARANÁ,PIRAÍ DO SUL,Mata Atlântica
 1727402716 ,7ab57972-c384-3dc1-b918-0d551ec4c261,  -24.476680 ,  -49.697040 ,2024-10-08 17:43:00,Brasil,PARANÁ,PIRAÍ DO SUL,Mata Atlântica
 1727402717 ,1cb0f92b-de1a-3ddd-8338-c49e4af11739,  -24.475220 ,  -49.685930 ,2024-10-08 17:43:00,Brasil,PARANÁ,PIRAÍ DO SUL,Mata Atlântica
 1727402768 ,9548f5c6-5437-3f1a-9d52-240b250ca451,  -23.494810 ,  -50.595130 ,2024-10-08 17:43:00,Brasil,PARANÁ,CONGONHINHAS,Mata Atlântica
 1727402769 ,3c78ca75-0e14-3725-8633-40ee8c9c9d95,  -23.290940 ,  -51.095160 ,2024-10-08 17:43:00,Brasil,PARANÁ,IBIPORÃ,Mata Atlântica
 1727402770 ,66222304-0035-3558-8908-56894b9a6cdd,  -23.289410 ,  -51.082490 ,2024-10-08 17:43:00,Brasil,PARANÁ,IBIPORÃ,Mata Atlântica
 1727402771 ,564826e5-42fd-3ea3-88d6-45e0ab01f81a,  -25.151720 ,  -51.185320 ,2024-10-08 17:43:00,Brasil,PARANÁ,PRUDENTÓPOLIS,Mata Atlântica
 1727402772 ,9c6b7938-e340-3f80-bfc5-6aa8e27f3952,  -24.914310 ,  -51.223200 ,2024-10-08 17:43:00,Brasil,PARANÁ,PRUDENTÓPOLIS,Mata Atlântica
 1727402773 ,68685f1a-8734-3f93-9ae3-0430e8f6273e,  -24.892170 ,  -51.397270 ,2024-10-08 17:43:00,Brasil,PARANÁ,PRUDENTÓPOLIS,Mata Atlântica
 1727402774 ,4e449e62-6ddf-387c-ae42-c2116a772451,  -24.890470 ,  -51.382610 ,2024-10-08 17:43:00,Brasil,PARANÁ,PRUDENTÓPOLIS,Mata Atlântica
 1727402775 ,65a3061b-f950-3241-8352-9b07acbdb9e1,  -24.842400 ,  -51.481230 ,2024-10-08 17:43:00,Brasil,PARANÁ,BOA VENTURA DE SÃO ROQUE,Mata Atlântica
 1727402776 ,7c235856-463e-37c2-af0d-86c7e397401a,  -24.815160 ,  -51.163490 ,2024-10-08 17:43:00,Brasil,PARANÁ,PRUDENTÓPOLIS,Mata Atlântica
 1727402777 ,5122a272-f232-3ea4-b80a-409de4e4192b,  -24.799920 ,  -51.486920 ,2024-10-08 17:43:00,Brasil,PARANÁ,BOA VENTURA DE SÃO ROQUE,Mata Atlântica
 1727402778 ,1bc8db90-c711-32db-94c5-d8c36f85b36f,  -24.202870 ,  -51.976330 ,2024-10-08 17:43:00,Brasil,PARANÁ,GODOY MOREIRA,Mata Atlântica
 1727402779 ,95328cd6-eaa9-3171-9094-8f2e221edee9,  -24.070600 ,  -51.999940 ,2024-10-08 17:43:00,Brasil,PARANÁ,BARBOSA FERRAZ,Mata Atlântica
 1727402780 ,c663d6fa-fa16-38a9-8a10-cc56f7cafa05,  -24.019250 ,  -50.810810 ,2024-10-08 17:43:00,Brasil,PARANÁ,ORTIGUEIRA,Mata Atlântica
 1727402781 ,cee9167a-a956-3527-a2ec-4a8861548819,  -25.535480 ,  -52.042910 ,2024-10-08 17:41:00,Brasil,PARANÁ,CANDÓI,Mata Atlântica
 1727404468 ,5416b7bb-825a-399e-ba3d-7d4a286829d4,  -24.879500 ,  -49.268600 ,2024-10-08 17:43:00,Brasil,PARANÁ,CERRO AZUL,Mata Atlântica
 1727404469 ,6c445423-010e-311d-9993-387af27dac06,  -24.878040 ,  -49.257700 ,2024-10-08 17:43:00,Brasil,PARANÁ,CERRO AZUL,Mata Atlântica
 1720429778 ,a43d8f0a-e6c0-341a-ba10-7f714793606a,  -24.829460 ,  -51.678700 ,2024-09-11 17:39:00,Brasil,PARANÁ,PITANGA,Mata Atlântica
 1720429779 ,27c6b5fd-b2e3-3c39-a454-346eeb1e980e,  -24.585300 ,  -50.938800 ,2024-09-11 17:39:00,Brasil,PARANÁ,RESERVA,Mata Atlântica
 1720429780 ,58c699cb-2be3-32ca-9f4c-d753f2e7bdf8,  -24.583630 ,  -50.924580 ,2024-09-11 17:39:00,Brasil,PARANÁ,RESERVA,Mata Atlântica
 1720429781 ,e9854676-b886-3759-8e1d-49ebdd57886c,  -24.581940 ,  -50.910130 ,2024-09-11 17:39:00,Brasil,PARANÁ,RESERVA,Mata Atlântica
 1720429460 ,f20a1988-b570-37a9-9281-ffbb0f033252,  -24.684650 ,  -48.856450 ,2024-09-11 17:39:00,Brasil,PARANÁ,ADRIANÓPOLIS,Mata Atlântica
 1720429463 ,dbb11943-9119-3308-a0e8-b8a2cbfceab2,  -25.238740 ,  -49.292030 ,2024-09-11 17:39:00,Brasil,PARANÁ,ALMIRANTE TAMANDARÉ,Mata Atlântica
 1720429538 ,7df58579-5b49-3570-913b-f25b2dd6d144,  -23.151830 ,  -49.775200 ,2024-09-11 17:39:00,Brasil,PARANÁ,RIBEIRÃO CLARO,Mata Atlântica
 1720429539 ,931f6c10-8757-3ff5-b796-cce2a13e1038,  -23.150410 ,  -49.763990 ,2024-09-11 17:39:00,Brasil,PARANÁ,RIBEIRÃO CLARO,Mata Atlântica
 1720429556 ,a5544f16-9ba2-3481-b78f-b866dffd2df9,  -23.480990 ,  -50.372290 ,2024-09-11 17:39:00,Brasil,PARANÁ,RIBEIRÃO DO PINHAL,Mata Atlântica
 1720429557 ,728f5afd-d025-348b-82d7-584139fea6ff,  -23.479390 ,  -50.359090 ,2024-09-11 17:39:00,Brasil,PARANÁ,RIBEIRÃO DO PINHAL,Mata Atlântica
 1720429558 ,7c0d7bed-664c-308d-afca-8302307b62b2,  -23.218760 ,  -50.227710 ,2024-09-11 17:39:00,Brasil,PARANÁ,SANTO ANTÔNIO DA PLATINA,Mata Atlântica
 1720429559 ,7def7c55-5181-343b-97f1-86dfb963ed93,  -23.217220 ,  -50.215380 ,2024-09-11 17:39:00,Brasil,PARANÁ,SANTO ANTÔNIO DA PLATINA,Mata Atlântica
 1720429560 ,cd5b1278-e4b9-3f63-a6b1-14753fe360b3,  -25.256270 ,  -49.670020 ,2024-09-11 17:39:00,Brasil,PARANÁ,CAMPO LARGO,Mata Atlântica
 1720429561 ,9897ca38-cc1d-36be-8f0e-f2e2892ad5f1,  -25.239570 ,  -49.376530 ,2024-09-11 17:39:00,Brasil,PARANÁ,ITAPERUÇU,Mata Atlântica
 1720429562 ,5a913ff8-6cd2-30cb-a7b9-3844b4effc93,  -25.006780 ,  -49.714630 ,2024-09-11 17:39:00,Brasil,PARANÁ,CASTRO,Mata Atlântica
 1720429563 ,768e34ca-5897-35d2-b30e-bd892743a134,  -24.935440 ,  -49.626220 ,2024-09-11 17:39:00,Brasil,PARANÁ,CASTRO,Mata Atlântica
 1720429564 ,4c50eeac-c7b3-3518-88a6-aba67d0c33a3,  -24.681960 ,  -49.631360 ,2024-09-11 17:39:00,Brasil,PARANÁ,CASTRO,Mata Atlântica
 1720429565 ,76d4b73b-5f3a-3b8f-a1ee-9427dc63f993,  -24.510490 ,  -49.644910 ,2024-09-11 17:39:00,Brasil,PARANÁ,PIRAÍ DO SUL,Mata Atlântica
 1720429566 ,88ece48c-4402-35d5-a5d5-ac34143c40b1,  -24.509020 ,  -49.633110 ,2024-09-11 17:39:00,Brasil,PARANÁ,PIRAÍ DO SUL,Mata Atlântica
 1720429568 ,7f767949-9181-3e08-bfab-275db69aea8b,  -24.946360 ,  -50.719020 ,2024-09-11 17:39:00,Brasil,PARANÁ,IPIRANGA,Mata Atlântica
 1720429569 ,511748e2-363a-3524-a278-416f58605f29,  -24.944710 ,  -50.705150 ,2024-09-11 17:39:00,Brasil,PARANÁ,IPIRANGA,Mata Atlântica
 1720429570 ,86a1843b-61bf-3728-a983-e893f7719379,  -24.456880 ,  -49.955590 ,2024-09-11 17:39:00,Brasil,PARANÁ,PIRAÍ DO SUL,Mata Atlântica
 1720429575 ,7442492c-d238-301a-8dd4-d33fbe167c03,  -25.452770 ,  -49.779190 ,2024-09-11 17:39:00,Brasil,PARANÁ,PALMEIRA,Mata Atlântica
 1720429576 ,f7357dff-5532-397e-9e49-1d370a324675,  -25.451240 ,  -49.766700 ,2024-09-11 17:39:00,Brasil,PARANÁ,PALMEIRA,Mata Atlântica
 1720429577 ,09464dee-7564-32ce-955c-c272d8c309b1,  -25.449700 ,  -49.754060 ,2024-09-11 17:39:00,Brasil,PARANÁ,BALSA NOVA,Mata Atlântica
 1720429585 ,7e5a980e-99a3-300d-8606-6772456b651f,  -25.978070 ,  -51.042870 ,2024-09-11 17:39:00,Brasil,PARANÁ,CRUZ MACHADO,Mata Atlântica
 1720429586 ,f5c10e0b-5453-3ff6-a802-fd6795259549,  -25.976390 ,  -51.028060 ,2024-09-11 17:39:00,Brasil,PARANÁ,CRUZ MACHADO,Mata Atlântica
 1720429587 ,412803fe-02fd-3f52-8837-dbb9db5d4499,  -25.975750 ,  -50.515240 ,2024-09-11 17:37:00,Brasil,PARANÁ,SÃO MATEUS DO SUL,Mata Atlântica
 1720429588 ,14eb65f9-7eb9-380d-a85f-75df8a2608fc,  -25.716970 ,  -50.191120 ,2024-09-11 17:39:00,Brasil,PARANÁ,SÃO JOÃO DO TRIUNFO,Mata Atlântica
 1720429589 ,6b692bd2-57b9-3b36-920e-9c4b83607460,  -25.577410 ,  -50.056420 ,2024-09-11 17:39:00,Brasil,PARANÁ,PALMEIRA,Mata Atlântica
 1720429592 ,3cfad0cb-ddf4-3e22-b127-a2df859758c0,  -25.652870 ,  -49.919400 ,2024-09-11 17:39:00,Brasil,PARANÁ,LAPA,Mata Atlântica
 1720429760 ,326bcbfc-a2a1-3278-bcdb-b58c0ff9f735,  -23.557060 ,  -51.331730 ,2024-09-11 17:39:00,Brasil,PARANÁ,APUCARANA,Mata Atlântica
 1720429761 ,e2d717e5-e015-330d-a1cd-92555795f889,  -23.344410 ,  -50.821160 ,2024-09-11 17:39:00,Brasil,PARANÁ,ASSAÍ,Mata Atlântica
 1720429762 ,60da5c5d-f28e-3b1e-a817-c3699c4ed2f6,  -23.340540 ,  -50.815040 ,2024-09-11 17:39:00,Brasil,PARANÁ,ASSAÍ,Mata Atlântica
 1720429764 ,4f0737e0-f8a6-352a-bf20-5a8c06fbac10,  -25.212800 ,  -51.438550 ,2024-09-11 17:39:00,Brasil,PARANÁ,GUARAPUAVA,Mata Atlântica
 1720429765 ,601ba60a-5a8f-3349-9605-dc3229a741f4,  -25.211050 ,  -51.423200 ,2024-09-11 17:39:00,Brasil,PARANÁ,GUARAPUAVA,Mata Atlântica
 1720429766 ,8b966d71-d193-358a-81d4-7a86d9703223,  -25.125390 ,  -51.260610 ,2024-09-11 17:39:00,Brasil,PARANÁ,GUARAPUAVA,Mata Atlântica
 1720429767 ,d0cfc786-d348-3ce1-9950-cd862cf194dd,  -25.123800 ,  -51.246270 ,2024-09-11 17:39:00,Brasil,PARANÁ,GUARAPUAVA,Mata Atlântica
 1720429768 ,a9dad6f9-189f-3772-8a55-734a5f8acc3d,  -25.122920 ,  -51.251140 ,2024-09-11 17:39:00,Brasil,PARANÁ,GUARAPUAVA,Mata Atlântica
 1720429770 ,bef25cca-01d2-32d6-8b3f-a2944f7e9b14,  -25.016110 ,  -50.995390 ,2024-09-11 17:39:00,Brasil,PARANÁ,PRUDENTÓPOLIS,Mata Atlântica
 1720429771 ,20940b56-6686-3a50-a2b6-6c6dae83d576,  -25.014590 ,  -50.981940 ,2024-09-11 17:39:00,Brasil,PARANÁ,PRUDENTÓPOLIS,Mata Atlântica
 1720429772 ,6e995f8d-9617-3e2c-9a94-ca05dfdf3cfa,  -25.012780 ,  -51.002890 ,2024-09-11 17:39:00,Brasil,PARANÁ,PRUDENTÓPOLIS,Mata Atlântica
 1720429773 ,e09004c3-1eef-38b7-95f2-af44c0b10e01,  -25.011120 ,  -50.988940 ,2024-09-11 17:39:00,Brasil,PARANÁ,PRUDENTÓPOLIS,Mata Atlântica
 1720429774 ,3d9b1335-93c9-3e9b-98b5-0d6ace4d2593,  -24.980820 ,  -50.918010 ,2024-09-11 17:39:00,Brasil,PARANÁ,IVAÍ,Mata Atlântica
 1720429775 ,fffeaf26-09c2-3721-9f8f-4f553e4c609a,  -24.904660 ,  -50.949760 ,2024-09-11 17:39:00,Brasil,PARANÁ,IVAÍ,Mata Atlântica
 1720429776 ,81a0a7af-4f6a-3692-8722-7a412204111c,  -24.902890 ,  -50.934960 ,2024-09-11 17:39:00,Brasil,PARANÁ,IVAÍ,Mata Atlântica
 1720429777 ,88fb2e6b-157b-3781-b927-32d742b419a4,  -24.843390 ,  -51.114350 ,2024-09-11 17:39:00,Brasil,PARANÁ,CÂNDIDO DE ABREU,Mata Atlântica
 1720429784 ,d555d344-ac3e-3b63-a5da-c9359b88eaa0,  -24.453870 ,  -51.876530 ,2024-09-11 17:39:00,Brasil,PARANÁ,NOVA TEBAS,Mata Atlântica
 1720429785 ,21874cef-e3f2-3ffd-8b7b-f47352c4fcd2,  -24.264450 ,  -51.716730 ,2024-09-11 17:39:00,Brasil,PARANÁ,IVAIPORÃ,Mata Atlântica
 1720429786 ,8028ecd5-714a-386c-9385-f09cb7dfeef5,  -24.263450 ,  -51.711780 ,2024-09-11 17:39:00,Brasil,PARANÁ,IVAIPORÃ,Mata Atlântica
 1720429787 ,f3790ca3-ef50-3c86-a5fc-2683d54ce1ff,  -24.262610 ,  -51.700890 ,2024-09-11 17:39:00,Brasil,PARANÁ,IVAIPORÃ,Mata Atlântica
 1720429795 ,3538737d-5d45-3ece-a715-9222d8499d6a,  -26.271130 ,  -52.402350 ,2024-09-11 17:37:00,Brasil,PARANÁ,HONÓRIO SERPA,Mata Atlântica
 1720429796 ,234b3783-1890-3e7b-9ded-603cc3042555,  -26.269130 ,  -52.382670 ,2024-09-11 17:37:00,Brasil,PARANÁ,CLEVELÂNDIA,Mata Atlântica
 1720429797 ,f4569ce1-b7b7-3ebe-be80-39119ee05ce6,  -26.264740 ,  -52.390690 ,2024-09-11 17:37:00,Brasil,PARANÁ,HONÓRIO SERPA,Mata Atlântica
 1720429798 ,53555323-b52f-3907-ae2b-4a85097c15c7,  -25.543760 ,  -52.056430 ,2024-09-11 17:39:00,Brasil,PARANÁ,CANDÓI,Mata Atlântica
 1720429799 ,e6056d2f-8799-3142-9bbc-df3ac7e27234,  -25.513250 ,  -51.167640 ,2024-09-11 17:39:00,Brasil,PARANÁ,INÁCIO MARTINS,Mata Atlântica
 1720429800 ,9e8d242a-dc4c-311a-aa98-66676996eb1a,  -25.348430 ,  -51.126980 ,2024-09-11 17:39:00,Brasil,PARANÁ,GUARAPUAVA,Mata Atlântica
 1720429832 ,b6831639-d351-36b4-a125-c9c7f3c9428e,  -23.628360 ,  -53.240470 ,2024-09-11 17:39:00,Brasil,PARANÁ,MARIA HELENA,Mata Atlântica
 1720429833 ,e21ff9c8-7157-3ef6-83ae-0cabf555d40a,  -23.620190 ,  -53.254200 ,2024-09-11 17:39:00,Brasil,PARANÁ,MARIA HELENA,Mata Atlântica
 1720429834 ,130c9075-4095-3f42-872b-2166cd9dd358,  -23.618200 ,  -53.234760 ,2024-09-11 17:39:00,Brasil,PARANÁ,MARIA HELENA,Mata Atlântica
 1720429835 ,d86b0953-d842-3c0e-b165-d26af04cd8af,  -23.615870 ,  -53.241780 ,2024-09-11 17:39:00,Brasil,PARANÁ,MARIA HELENA,Mata Atlântica
 1720429836 ,fbb5710a-f3ec-3692-8e85-56e168067a2c,  -23.613730 ,  -53.222190 ,2024-09-11 17:39:00,Brasil,PARANÁ,MARIA HELENA,Mata Atlântica
 1720429837 ,141782b3-d481-3c79-b15d-027d83ed3722,  -23.605740 ,  -53.236270 ,2024-09-11 17:39:00,Brasil,PARANÁ,MARIA HELENA,Mata Atlântica
 1720429838 ,8901c23e-5332-3279-812f-c5cc50df71ca,  -23.502590 ,  -53.382740 ,2024-09-11 17:39:00,Brasil,PARANÁ,IVATÉ,Mata Atlântica
 1720429839 ,988c79d4-1338-3005-8d35-b599cb63b709,  -23.490030 ,  -53.384380 ,2024-09-11 17:39:00,Brasil,PARANÁ,IVATÉ,Mata Atlântica
 1720429845 ,40196cd4-74ec-32b3-92e2-9f6eeeccc698,  -23.250240 ,  -52.233610 ,2024-09-11 17:39:00,Brasil,PARANÁ,NOVA ESPERANÇA,Mata Atlântica
 1720429846 ,57886ba8-90d5-3033-b721-cd8f1b97d90e,  -25.088890 ,  -53.034190 ,2024-09-11 17:39:00,Brasil,PARANÁ,CAMPO BONITO,Mata Atlântica
 1720429847 ,bac220c0-c6eb-33b1-a9e2-93446081f728,  -25.012080 ,  -53.176400 ,2024-09-11 17:39:00,Brasil,PARANÁ,CASCAVEL,Mata Atlântica
 1720429848 ,879bfa78-e022-3e4c-bd29-4fb2a6446944,  -25.010000 ,  -53.155910 ,2024-09-11 17:39:00,Brasil,PARANÁ,CASCAVEL,Mata Atlântica
 1720429850 ,e4115986-5aed-3ef4-af0a-e565184fa922,  -25.511540 ,  -52.732780 ,2024-09-11 17:39:00,Brasil,PARANÁ,RIO BONITO DO IGUAÇU,Mata Atlântica
 1720429851 ,36ede62b-2b73-3608-8a7a-1223191e7ea0,  -25.509500 ,  -52.712960 ,2024-09-11 17:39:00,Brasil,PARANÁ,RIO BONITO DO IGUAÇU,Mata Atlântica
 1720429852 ,16b24a1e-f6a6-3092-8b1b-a7eb6ce57665,  -25.476570 ,  -52.757740 ,2024-09-11 17:39:00,Brasil,PARANÁ,ESPIGÃO ALTO DO IGUAÇU,Mata Atlântica
 1720429853 ,42455b0c-fdaa-39e6-9aea-899a806fc489,  -25.474550 ,  -52.737540 ,2024-09-11 17:39:00,Brasil,PARANÁ,RIO BONITO DO IGUAÇU,Mata Atlântica
 1720429854 ,5c79729e-9a15-3c9e-9cdb-7330fbe5850c,  -25.472270 ,  -52.743070 ,2024-09-11 17:39:00,Brasil,PARANÁ,RIO BONITO DO IGUAÇU,Mata Atlântica
 1720429855 ,1dcff51d-56e7-36c8-92c7-75d33d72a963,  -25.404440 ,  -52.690730 ,2024-09-11 17:39:00,Brasil,PARANÁ,NOVA LARANJEIRAS,Mata Atlântica
 1720429856 ,efcda91b-cb77-344c-87a6-2fc88f4f5553,  -25.402410 ,  -52.671000 ,2024-09-11 17:39:00,Brasil,PARANÁ,NOVA LARANJEIRAS,Mata Atlântica
 1720429857 ,90e8c4b6-ab90-3f7d-b7ba-3610d08f5a30,  -25.372170 ,  -52.662570 ,2024-09-11 17:39:00,Brasil,PARANÁ,NOVA LARANJEIRAS,Mata Atlântica
 1720429858 ,ae54fffa-22c5-3373-9d32-08ef14df03ea,  -25.322540 ,  -53.034160 ,2024-09-11 17:39:00,Brasil,PARANÁ,GUARANIAÇU,Mata Atlântica
 1720429859 ,fe850714-fc1e-33af-9aa7-7a1b62f904a5,  -25.322000 ,  -53.039300 ,2024-09-11 17:39:00,Brasil,PARANÁ,GUARANIAÇU,Mata Atlântica
 1720429929 ,94620d2f-bbeb-3156-ad5c-75145c63eb8a,  -25.034900 ,  -54.042320 ,2024-09-11 17:39:00,Brasil,PARANÁ,DIAMANTE D'OESTE,Mata Atlântica
 1720429931 ,e423a7f6-5744-348f-b263-58f92b28dd70,  -24.083820 ,  -54.100300 ,2024-09-11 17:39:00,Brasil,PARANÁ,TERRA ROXA,Mata Atlântica
 1720429932 ,bfacf5b7-1dec-38a5-8e66-65fb2854238f,  -24.079570 ,  -54.093670 ,2024-09-11 17:39:00,Brasil,PARANÁ,TERRA ROXA,Mata Atlântica
 1721237458 ,842a3f78-fd5e-3cb7-8e35-f74e46579a65,  -25.063540 ,  -49.128160 ,2024-09-13 17:20:00,Brasil,PARANÁ,CERRO AZUL,Mata Atlântica
 1721237459 ,74aa18a7-1e57-3937-b466-47f8cc1302d5,  -25.049810 ,  -49.228260 ,2024-09-13 17:20:00,Brasil,PARANÁ,CERRO AZUL,Mata Atlântica
 1721237460 ,1af2657f-e607-3695-9d83-f08bc30ae5a7,  -24.684220 ,  -48.832760 ,2024-09-13 17:20:00,Brasil,PARANÁ,ADRIANÓPOLIS,Mata Atlântica
 1721237728 ,3b25b52d-1223-36ff-8a4c-2df489ef877f,  -25.459830 ,  -49.781430 ,2024-09-13 17:20:00,Brasil,PARANÁ,PALMEIRA,Mata Atlântica
 1721237701 ,25099e2f-4835-3723-b888-225de76bd962,  -23.471150 ,  -49.755470 ,2024-09-13 17:22:00,Brasil,PARANÁ,CARLÓPOLIS,Mata Atlântica
 1721237702 ,9f6c467f-b3e3-32c8-95fa-155e8aa7007d,  -23.468110 ,  -49.774140 ,2024-09-13 17:22:00,Brasil,PARANÁ,CARLÓPOLIS,Mata Atlântica
 1721237703 ,9d40003c-ba02-30e3-9c34-95cf4136a22b,  -23.465890 ,  -49.751090 ,2024-09-13 17:22:00,Brasil,PARANÁ,CARLÓPOLIS,Mata Atlântica
 1721237704 ,91d9ac16-0ad3-3961-9e35-ccdb7018ce49,  -24.426700 ,  -50.102430 ,2024-09-13 17:20:00,Brasil,PARANÁ,PIRAÍ DO SUL,Cerrado
 1721237705 ,f6d0a4e1-3e11-359c-8c6e-d8d840784773,  -25.211790 ,  -49.726260 ,2024-09-13 17:20:00,Brasil,PARANÁ,PONTA GROSSA,Mata Atlântica
 1721237706 ,a9735b97-05d2-3665-9409-458682c8b4b8,  -25.209480 ,  -49.701560 ,2024-09-13 17:20:00,Brasil,PARANÁ,CAMPO LARGO,Mata Atlântica
 1721237707 ,7c1ee811-4ee0-3cb2-a8dd-ee3b2a443969,  -25.204590 ,  -49.733870 ,2024-09-13 17:20:00,Brasil,PARANÁ,PONTA GROSSA,Mata Atlântica
 1721237708 ,94aa7dc7-6e17-3450-ab15-fc369c629d3a,  -25.202140 ,  -49.709320 ,2024-09-13 17:20:00,Brasil,PARANÁ,PONTA GROSSA,Mata Atlântica
 1721237709 ,67a50cdb-9375-379d-bc3f-ad2f95df6ede,  -24.873770 ,  -49.689200 ,2024-09-13 17:20:00,Brasil,PARANÁ,CASTRO,Mata Atlântica
 1721237710 ,842b2062-feb8-3671-9c28-c91557237bea,  -24.871410 ,  -49.664880 ,2024-09-13 17:20:00,Brasil,PARANÁ,CASTRO,Mata Atlântica
 1721237711 ,d0f6634d-ef51-37ac-b52b-6e2b5fb14bf4,  -24.837420 ,  -49.596200 ,2024-09-13 17:20:00,Brasil,PARANÁ,CASTRO,Mata Atlântica
 1721237712 ,f7580235-b0ab-3d6d-b023-9a7e2ea6e526,  -24.740880 ,  -50.506740 ,2024-09-13 17:20:00,Brasil,PARANÁ,TIBAGI,Mata Atlântica
 1721237713 ,36e7dd8a-0159-30ec-a1db-d75e982faa8e,  -24.738380 ,  -50.479030 ,2024-09-13 17:20:00,Brasil,PARANÁ,TIBAGI,Mata Atlântica
 1721237714 ,848af7f7-4e40-33c0-ac31-53371d1295b6,  -24.735430 ,  -50.486420 ,2024-09-13 17:20:00,Brasil,PARANÁ,TIBAGI,Mata Atlântica
 1721237715 ,9d44c908-a28f-3360-a38a-0bcdc1aa6e7e,  -24.726450 ,  -50.508370 ,2024-09-13 17:20:00,Brasil,PARANÁ,TIBAGI,Mata Atlântica
 1721237716 ,f692040d-c877-3426-a92c-302520be23c0,  -24.723690 ,  -50.515910 ,2024-09-13 17:20:00,Brasil,PARANÁ,TIBAGI,Mata Atlântica
 1721237717 ,1ffb4dc1-f0cc-3b09-87b8-ab9b13cbd6de,  -24.721060 ,  -50.488300 ,2024-09-13 17:20:00,Brasil,PARANÁ,TIBAGI,Mata Atlântica
 1721237718 ,6a3067aa-68de-3420-9a4a-6cf11fd2e09d,  -24.712100 ,  -50.510810 ,2024-09-13 17:20:00,Brasil,PARANÁ,TIBAGI,Mata Atlântica
 1721237719 ,d9c0c102-394d-3a29-9bac-aa0639ab200d,  -24.709630 ,  -50.482610 ,2024-09-13 17:20:00,Brasil,PARANÁ,TIBAGI,Mata Atlântica
 1721237720 ,5073669b-4c2d-3fb0-8b9c-2998bc86d3ad,  -24.709340 ,  -50.518300 ,2024-09-13 17:20:00,Brasil,PARANÁ,TIBAGI,Mata Atlântica
 1721237721 ,3ad33fdc-df28-33e7-9f02-ed2d5392416b,  -24.706690 ,  -50.490230 ,2024-09-13 17:20:00,Brasil,PARANÁ,TIBAGI,Mata Atlântica
 1721237722 ,92ebcd88-9cb8-3ebe-85ed-7614c406273b,  -24.495180 ,  -49.953130 ,2024-09-13 17:20:00,Brasil,PARANÁ,PIRAÍ DO SUL,Mata Atlântica
 1721237723 ,d77364e2-86d3-3e56-adb0-52152aab68b8,  -24.492850 ,  -49.928080 ,2024-09-13 17:20:00,Brasil,PARANÁ,PIRAÍ DO SUL,Mata Atlântica
 1721237724 ,d6bc046f-e755-3d0d-bf4c-c3905508431d,  -24.488580 ,  -49.961100 ,2024-09-13 17:20:00,Brasil,PARANÁ,PIRAÍ DO SUL,Mata Atlântica
 1721237725 ,db99c756-f051-3a5b-a25f-f9986d02b15a,  -24.486060 ,  -49.935770 ,2024-09-13 17:20:00,Brasil,PARANÁ,PIRAÍ DO SUL,Mata Atlântica
 1721237726 ,bf141b48-b64c-378c-9e1f-ec4e89a44cc0,  -23.857810 ,  -50.418210 ,2024-09-13 17:22:00,Brasil,PARANÁ,FIGUEIRA,Mata Atlântica
 1721237727 ,051a48da-e964-3bbf-ab69-52c8b37861b4,  -25.465500 ,  -49.760010 ,2024-09-13 17:20:00,Brasil,PARANÁ,BALSA NOVA,Mata Atlântica
 1721237729 ,8f513ee9-b3ef-3727-a12a-7024b940ddf7,  -25.457520 ,  -49.755790 ,2024-09-13 17:20:00,Brasil,PARANÁ,BALSA NOVA,Mata Atlântica
 1721237730 ,69e7d39b-53ad-35f8-9f06-360334414240,  -25.451700 ,  -49.761440 ,2024-09-13 17:20:00,Brasil,PARANÁ,BALSA NOVA,Mata Atlântica
 1721237731 ,d57b1474-3448-34d4-bdd6-0d28702a0d55,  -25.449220 ,  -49.735760 ,2024-09-13 17:20:00,Brasil,PARANÁ,BALSA NOVA,Mata Atlântica
 1721238034 ,747a427b-8451-3925-a7b4-bf9a0673239e,  -23.616440 ,  -51.060140 ,2024-09-13 17:22:00,Brasil,PARANÁ,LONDRINA,Mata Atlântica
 1721238035 ,19d9d960-0e58-3c01-a536-d1929646d2a3,  -23.615990 ,  -51.055120 ,2024-09-13 17:22:00,Brasil,PARANÁ,LONDRINA,Mata Atlântica
 1721238036 ,a1abbf5a-bdac-38fe-889c-f3f0760a85cc,  -23.613500 ,  -51.029900 ,2024-09-13 17:22:00,Brasil,PARANÁ,LONDRINA,Mata Atlântica
 1721238037 ,1c1f8598-0545-3c49-bfd7-6ece8b46a51c,  -23.349090 ,  -51.432980 ,2024-09-13 17:22:00,Brasil,PARANÁ,ROLÂNDIA,Mata Atlântica
 1721238038 ,a4b3cfe6-2591-348d-be47-5fd058b233df,  -23.347910 ,  -51.408950 ,2024-09-13 17:22:00,Brasil,PARANÁ,ROLÂNDIA,Mata Atlântica
 1721238462 ,5e4f2e1f-5d1e-38f0-8d64-d08b0af5d7c4,  -23.517860 ,  -52.187020 ,2024-09-13 17:22:00,Brasil,PARANÁ,DOUTOR CAMARGO,Mata Atlântica
 1721238463 ,0770c075-04a2-3bad-a4fd-1ba4b815857c,  -23.509830 ,  -52.192530 ,2024-09-13 17:22:00,Brasil,PARANÁ,PAIÇANDU,Mata Atlântica
 1723209512 ,cb874697-31b6-3be9-abc0-014d21ed6628,  -24.931780 ,  -50.899420 ,2024-09-19 18:04:00,Brasil,PARANÁ,IVAÍ,Mata Atlântica
 1723209513 ,8980107a-0e76-3c16-92ac-d65b8be6bf90,  -24.653170 ,  -51.894940 ,2024-09-19 18:04:00,Brasil,PARANÁ,PITANGA,Mata Atlântica
 1723209514 ,8e40ba59-02d4-3c3e-9900-5133a076b059,  -24.265130 ,  -51.835600 ,2024-09-19 18:04:00,Brasil,PARANÁ,JARDIM ALEGRE,Mata Atlântica
 1723209515 ,02d396a4-0baf-3e40-936b-41d316197633,  -26.219600 ,  -52.365280 ,2024-09-19 18:04:00,Brasil,PARANÁ,HONÓRIO SERPA,Mata Atlântica
 1723209516 ,cb91e864-8bfa-3672-b90a-de0c734a403b,  -26.218120 ,  -52.355380 ,2024-09-19 18:04:00,Brasil,PARANÁ,HONÓRIO SERPA,Mata Atlântica
 1723209517 ,b97c83e0-37e3-3597-8d16-883f6bdddc6e,  -26.210700 ,  -52.366950 ,2024-09-19 18:04:00,Brasil,PARANÁ,HONÓRIO SERPA,Mata Atlântica
 1723209518 ,d03c5cb6-a487-3304-95f7-ab4171cd4dc5,  -26.209230 ,  -52.357060 ,2024-09-19 18:04:00,Brasil,PARANÁ,HONÓRIO SERPA,Mata Atlântica
 1723209519 ,480052ff-bb6c-3704-ad51-68a1b048fe67,  -26.089080 ,  -51.924140 ,2024-09-19 18:04:00,Brasil,PARANÁ,CORONEL DOMINGOS SOARES,Mata Atlântica
 1723209520 ,abfa7529-af46-3592-a81d-4432f551980b,  -26.024540 ,  -52.540840 ,2024-09-19 18:04:00,Brasil,PARANÁ,CORONEL VIVIDA,Mata Atlântica
 1723209521 ,b7761235-940a-35af-8f83-d06cbda1e8c0,  -25.953510 ,  -52.065010 ,2024-09-19 18:04:00,Brasil,PARANÁ,CORONEL DOMINGOS SOARES,Mata Atlântica
 1723209522 ,d9cd2775-9998-37d2-b803-3e00e729df07,  -25.952020 ,  -52.055120 ,2024-09-19 18:04:00,Brasil,PARANÁ,CORONEL DOMINGOS SOARES,Mata Atlântica
 1723209754 ,ec89f00d-c2df-3939-b3d4-df010c4435e8,  -23.257730 ,  -52.242000 ,2024-09-19 18:06:00,Brasil,PARANÁ,NOVA ESPERANÇA,Mata Atlântica
 1723209755 ,400d8153-d73a-30ac-a0a6-08c33036aad3,  -22.892870 ,  -52.209730 ,2024-09-19 18:06:00,Brasil,PARANÁ,PARANACITY,Mata Atlântica
 1723209756 ,f8592739-0c99-37f0-a1bf-264ef0a8acaa,  -22.891310 ,  -52.199610 ,2024-09-19 18:06:00,Brasil,PARANÁ,PARANACITY,Mata Atlântica
 1723209760 ,b0ce996a-eaab-3275-b7e4-c362117cb821,  -25.333760 ,  -52.731140 ,2024-09-19 18:04:00,Brasil,PARANÁ,ESPIGÃO ALTO DO IGUAÇU,Mata Atlântica
 1723209761 ,e42377b3-5f52-35bf-8cea-f9e40fa6c9e7,  -25.332300 ,  -52.721320 ,2024-09-19 18:04:00,Brasil,PARANÁ,ESPIGÃO ALTO DO IGUAÇU,Mata Atlântica
 1723209762 ,c5d4ef44-b976-3614-b651-618b4c225235,  -25.324860 ,  -52.732760 ,2024-09-19 18:04:00,Brasil,PARANÁ,ESPIGÃO ALTO DO IGUAÇU,Mata Atlântica
 1723209763 ,b164e9dd-6b5f-3d5a-84cf-77c7b45f15f1,  -25.323410 ,  -52.722950 ,2024-09-19 18:04:00,Brasil,PARANÁ,ESPIGÃO ALTO DO IGUAÇU,Mata Atlântica
 1723209765 ,4db2dc36-5b0b-33dd-9418-d686dca80d53,  -25.505850 ,  -52.773640 ,2024-09-19 18:04:00,Brasil,PARANÁ,QUEDAS DO IGUAÇU,Mata Atlântica
 1723209766 ,2dc893c5-1000-331e-8b59-a863fd248273,  -25.504400 ,  -52.763850 ,2024-09-19 18:04:00,Brasil,PARANÁ,RIO BONITO DO IGUAÇU,Mata Atlântica
 1724355521 ,e5b9f614-ab9d-31c0-aa92-1a87b0a62ecd,  -24.510560 ,  -50.144100 ,2024-09-23 17:30:00,Brasil,PARANÁ,TIBAGI,Cerrado
 1724805296 ,9f7712ad-8fe8-33f5-8a06-a8edaa2d12e6,  -25.131470 ,  -50.828800 ,2024-09-25 17:11:00,Brasil,PARANÁ,GUAMIRANGA,Mata Atlântica
 1724805297 ,9f9e2d66-22de-3f53-a586-20f51dfe03bc,  -25.129790 ,  -50.836380 ,2024-09-25 17:11:00,Brasil,PARANÁ,GUAMIRANGA,Mata Atlântica
 1724805298 ,f7be423d-48e5-345b-8927-ed2873f59b04,  -25.084960 ,  -49.342510 ,2024-09-25 17:11:00,Brasil,PARANÁ,RIO BRANCO DO SUL,Mata Atlântica
 1725012454 ,a3c52198-ed3f-349f-98df-366fc751e33e,  -24.027300 ,  -50.142460 ,2024-09-26 17:52:00,Brasil,PARANÁ,ARAPOTI,Mata Atlântica
 1725012455 ,b8f006ff-5839-3d8b-af87-38e13ce9ae7f,  -24.025900 ,  -50.132760 ,2024-09-26 17:52:00,Brasil,PARANÁ,ARAPOTI,Mata Atlântica
 1725012475 ,898183e6-54a7-36c9-a619-404646d0ac01,  -23.911570 ,  -50.492790 ,2024-09-26 17:52:00,Brasil,PARANÁ,SAPOPEMA,Mata Atlântica
 1725012476 ,9be6b877-69d3-336f-a9c4-3f71abfd21f8,  -23.831550 ,  -50.188660 ,2024-09-26 17:52:00,Brasil,PARANÁ,IBAITI,Mata Atlântica
 1725012732 ,9400bc03-8335-39b2-9220-8e0623353a5d,  -25.076470 ,  -49.307500 ,2024-09-26 17:52:00,Brasil,PARANÁ,RIO BRANCO DO SUL,Mata Atlântica
 1725012733 ,e139e02d-f3cf-3fb4-9a4f-2ad766144458,  -25.075030 ,  -49.297730 ,2024-09-26 17:52:00,Brasil,PARANÁ,RIO BRANCO DO SUL,Mata Atlântica
 1725012734 ,0def0f8d-9d32-3a5f-88d1-6e09d1dbb460,  -25.053240 ,  -49.090390 ,2024-09-26 17:52:00,Brasil,PARANÁ,CERRO AZUL,Mata Atlântica
 1725012735 ,df2b7c73-1c1b-3d94-80fc-1568251e4d13,  -24.808550 ,  -48.941540 ,2024-09-26 17:52:00,Brasil,PARANÁ,ADRIANÓPOLIS,Mata Atlântica
 1725012736 ,2bfad066-c02a-3d03-a226-b7603883cb50,  -24.807050 ,  -48.931550 ,2024-09-26 17:52:00,Brasil,PARANÁ,ADRIANÓPOLIS,Mata Atlântica
 1725012741 ,aeab4eb8-8b20-34e5-b5e3-96ee8d215b46,  -25.163220 ,  -49.336590 ,2024-09-26 17:52:00,Brasil,PARANÁ,RIO BRANCO DO SUL,Mata Atlântica
 1725012874 ,2925f65e-119b-3197-a9e7-bcd0dc7d57b1,  -23.284780 ,  -49.720910 ,2024-09-26 17:52:00,Brasil,PARANÁ,RIBEIRÃO CLARO,Mata Atlântica
 1725012875 ,549e257e-8e2d-37be-9ab2-db0d487f358c,  -23.171820 ,  -50.019700 ,2024-09-26 17:52:00,Brasil,PARANÁ,JACAREZINHO,Mata Atlântica
 1725012876 ,4ac22c5c-c1ab-3d7a-a4db-bb64a304b47b,  -23.168770 ,  -49.812970 ,2024-09-26 17:52:00,Brasil,PARANÁ,RIBEIRÃO CLARO,Mata Atlântica
 1725012877 ,95cdceca-9b7d-3ed8-bc78-441f42410523,  -23.167350 ,  -49.803360 ,2024-09-26 17:52:00,Brasil,PARANÁ,RIBEIRÃO CLARO,Mata Atlântica
 1725012878 ,25b0aa39-aa0b-3a7d-8ac7-36388cd6d1c5,  -23.159880 ,  -49.814530 ,2024-09-26 17:52:00,Brasil,PARANÁ,RIBEIRÃO CLARO,Mata Atlântica
 1725012879 ,5290e30e-8418-3b3a-8e15-e94d39e0bbc3,  -23.158460 ,  -49.804920 ,2024-09-26 17:52:00,Brasil,PARANÁ,RIBEIRÃO CLARO,Mata Atlântica
 1725012880 ,e22ff7c4-eb86-3cfa-b766-4bfe349bc4c1,  -23.096340 ,  -50.138010 ,2024-09-26 17:52:00,Brasil,PARANÁ,BARRA DO JACARÉ,Mata Atlântica
 1725012881 ,06ec1851-96cb-37ad-8412-7006a7edfd23,  -23.089330 ,  -50.090000 ,2024-09-26 17:52:00,Brasil,PARANÁ,BARRA DO JACARÉ,Mata Atlântica
 1725012882 ,d7a3bf0b-0486-38cb-9aa9-b356c1e9b632,  -23.081860 ,  -50.101140 ,2024-09-26 17:52:00,Brasil,PARANÁ,BARRA DO JACARÉ,Mata Atlântica
 1725012883 ,65c06f24-059c-322e-9e69-eeb991e6a5ab,  -23.072980 ,  -50.102680 ,2024-09-26 17:52:00,Brasil,PARANÁ,CAMBARÁ,Mata Atlântica
 1725012885 ,b56504fd-0187-3d71-8030-269b8d50fb26,  -25.257590 ,  -49.419860 ,2024-09-26 17:52:00,Brasil,PARANÁ,ALMIRANTE TAMANDARÉ,Mata Atlântica
 1725012886 ,93ade69e-7aca-3836-b252-814d74183183,  -25.257310 ,  -49.480090 ,2024-09-26 17:52:00,Brasil,PARANÁ,CAMPO MAGRO,Mata Atlântica
 1725012887 ,b91321dd-a952-3fe4-b280-fb2e2108c96b,  -25.255880 ,  -49.470330 ,2024-09-26 17:52:00,Brasil,PARANÁ,CAMPO MAGRO,Mata Atlântica
 1725012888 ,969c576a-ca12-3c46-8991-07a5de2a24cc,  -25.164670 ,  -49.346350 ,2024-09-26 17:52:00,Brasil,PARANÁ,RIO BRANCO DO SUL,Mata Atlântica
 1725012889 ,3e27b577-cda2-35d0-bdf3-024a64efd76e,  -25.088290 ,  -49.325570 ,2024-09-26 17:52:00,Brasil,PARANÁ,RIO BRANCO DO SUL,Mata Atlântica
 1725012890 ,923b49d5-0388-3b26-887e-c3f595733cce,  -25.079390 ,  -49.327150 ,2024-09-26 17:52:00,Brasil,PARANÁ,RIO BRANCO DO SUL,Mata Atlântica
 1725012891 ,dd4964a2-4272-3a24-82da-18625bba1821,  -25.076290 ,  -49.367830 ,2024-09-26 17:52:00,Brasil,PARANÁ,RIO BRANCO DO SUL,Mata Atlântica
 1725012892 ,98348834-0f45-3cc9-8d9a-453a6dc8a9f1,  -25.074850 ,  -49.358070 ,2024-09-26 17:52:00,Brasil,PARANÁ,RIO BRANCO DO SUL,Mata Atlântica
 1725012893 ,8104c185-730d-366f-8230-0f68a1564d8c,  -24.996960 ,  -49.458970 ,2024-09-26 17:52:00,Brasil,PARANÁ,RIO BRANCO DO SUL,Mata Atlântica
 1725012894 ,09d3a794-8424-3743-b973-3d109133dcd9,  -24.932050 ,  -49.516290 ,2024-09-26 17:52:00,Brasil,PARANÁ,RIO BRANCO DO SUL,Mata Atlântica
 1725012895 ,f8075768-2a2e-32e6-9968-9956b7010cfb,  -24.902760 ,  -49.638360 ,2024-09-26 17:52:00,Brasil,PARANÁ,CASTRO,Mata Atlântica
 1725012896 ,5a29e758-703c-34d4-ab57-7b1a84ec164b,  -24.748180 ,  -49.581620 ,2024-09-26 17:52:00,Brasil,PARANÁ,CASTRO,Mata Atlântica
 1725012897 ,d8be0a1f-9466-3208-92b9-68ea4930830d,  -24.746750 ,  -49.571880 ,2024-09-26 17:52:00,Brasil,PARANÁ,CASTRO,Mata Atlântica
 1725012898 ,fa1c7768-26a2-36fe-8fb6-9daec03a0c30,  -24.468540 ,  -50.004500 ,2024-09-26 17:52:00,Brasil,PARANÁ,PIRAÍ DO SUL,Cerrado
 1725013110 ,fac31080-168c-3799-9e24-5b839c050b8f,  -25.046400 ,  -51.113610 ,2024-09-26 17:52:00,Brasil,PARANÁ,PRUDENTÓPOLIS,Mata Atlântica
 1725013111 ,a3176971-158e-3a13-a169-9d38d374d752,  -25.045030 ,  -51.103490 ,2024-09-26 17:52:00,Brasil,PARANÁ,PRUDENTÓPOLIS,Mata Atlântica
 1725013112 ,1937295a-f0a7-3136-bb51-e240658b31cb,  -25.038160 ,  -51.110060 ,2024-09-26 17:52:00,Brasil,PARANÁ,PRUDENTÓPOLIS,Mata Atlântica
 1725013113 ,883a9858-5def-39b2-b5d3-bce10d110ae9,  -24.932520 ,  -51.217880 ,2024-09-26 17:52:00,Brasil,PARANÁ,PRUDENTÓPOLIS,Mata Atlântica
 1725013114 ,d2cd4287-96d2-3d8f-8e6e-a257100fca2b,  -24.931140 ,  -51.207760 ,2024-09-26 17:52:00,Brasil,PARANÁ,PRUDENTÓPOLIS,Mata Atlântica
 1725013115 ,560f8c72-fce0-3bc9-84ea-7f3d946f6d64,  -24.783970 ,  -51.339550 ,2024-09-26 17:52:00,Brasil,PARANÁ,TURVO,Mata Atlântica
 1725013116 ,2eee9149-93a1-3335-8847-d2690684a397,  -24.782570 ,  -51.329280 ,2024-09-26 17:52:00,Brasil,PARANÁ,TURVO,Mata Atlântica
 1725013117 ,b1cb9fb5-ab79-3b0b-b9ea-d809df778517,  -23.832600 ,  -51.514160 ,2024-09-26 17:52:00,Brasil,PARANÁ,NOVO ITACOLOMI,Mata Atlântica
 1725444959 ,da67a9c3-9956-3847-8418-071b020bebd9,  -24.667640 ,  -49.983490 ,2024-09-29 18:13:00,Brasil,PARANÁ,CASTRO,Mata Atlântica
 1725444995 ,eb7e5710-ec8a-3570-88b7-ffbacb9536ba,  -25.975740 ,  -52.931510 ,2024-09-29 18:13:00,Brasil,PARANÁ,ITAPEJARA D'OESTE,Mata Atlântica
 1728406151 ,0f03273d-629b-3662-b7d3-e8998f3dde3d,  -23.680440 ,  -51.852990 ,2024-10-13 17:47:00,Brasil,PARANÁ,BOM SUCESSO,Mata Atlântica
 1728406152 ,e19ac66d-6bee-373d-848e-b93d10b41f83,  -23.678860 ,  -51.840450 ,2024-10-13 17:47:00,Brasil,PARANÁ,BOM SUCESSO,Mata Atlântica
 1728711858 ,2ef24f89-ebaa-35f4-8d6a-9cda504a5626,  -25.149600 ,  -52.734390 ,2024-10-15 17:28:00,Brasil,PARANÁ,GUARANIAÇU,Mata Atlântica
 1728711859 ,c03069ff-4881-35da-8ac9-d037e8ce078e,  -25.146920 ,  -52.701880 ,2024-10-15 17:28:00,Brasil,PARANÁ,GUARANIAÇU,Mata Atlântica
 1728711860 ,f8a9e3c0-03c3-3428-b5a1-76a6b2396d54,  -25.138000 ,  -52.738980 ,2024-10-15 17:28:00,Brasil,PARANÁ,GUARANIAÇU,Mata Atlântica
 1728711861 ,039d8c0a-82e2-3b02-8c96-64679359338b,  -25.135230 ,  -52.707520 ,2024-10-15 17:28:00,Brasil,PARANÁ,DIAMANTE DO SUL,Mata Atlântica
 1728711862 ,df8f6dd6-714a-3e87-9ab2-b90382a46a6c,  -24.379090 ,  -51.164800 ,2024-10-15 17:28:00,Brasil,PARANÁ,ROSÁRIO DO IVAÍ,Mata Atlântica
 1728711863 ,56d2870b-9163-39d4-8c4b-b76d3e021917,  -24.370960 ,  -51.172730 ,2024-10-15 17:28:00,Brasil,PARANÁ,RIO BRANCO DO IVAÍ,Mata Atlântica
 1728711864 ,bb6f6462-50aa-3715-9e64-ebc246906ab6,  -24.365560 ,  -51.166670 ,2024-10-15 17:28:00,Brasil,PARANÁ,ROSÁRIO DO IVAÍ,Mata Atlântica
 1728711865 ,386b8ff6-3bbe-3acd-9e88-3c852ef30c62,  -23.757020 ,  -51.795070 ,2024-10-15 17:28:00,Brasil,PARANÁ,BOM SUCESSO,Mata Atlântica
 1728837354 ,47946da0-c485-325b-a454-d1ab69c88f99,  -24.709930 ,  -49.358650 ,2024-10-16 18:09:00,Brasil,PARANÁ,DOUTOR ULYSSES,Mata Atlântica
 1728837355 ,dc9b10a7-a05d-3ce9-b09c-6fe5ac17a237,  -23.452930 ,  -51.614720 ,2024-10-16 18:09:00,Brasil,PARANÁ,APUCARANA,Mata Atlântica
 1728837356 ,70d072b5-bdbe-37d9-80ed-792742d617cd,  -23.278490 ,  -52.266490 ,2024-10-16 18:09:00,Brasil,PARANÁ,FLORAÍ,Mata Atlântica
 1728837547 ,b778d9a5-ce20-399d-9862-ba7a9ffa7b94,  -25.963830 ,  -49.712310 ,2024-10-16 18:09:00,Brasil,PARANÁ,CAMPO DO TENENTE,Mata Atlântica
 1728837548 ,192f2fbf-33fb-3811-99cf-8fadb0e8d6b4,  -25.435020 ,  -49.634070 ,2024-10-16 18:09:00,Brasil,PARANÁ,CAMPO LARGO,Mata Atlântica
 1728837550 ,dcc7e4c2-2f7a-3438-a6c3-8c244d0a0def,  -25.432800 ,  -49.621270 ,2024-10-16 18:09:00,Brasil,PARANÁ,CAMPO LARGO,Mata Atlântica
 1728837551 ,9d41a38f-2b62-3569-8d1e-5cc4bfe01f80,  -25.235670 ,  -49.309760 ,2024-10-16 18:09:00,Brasil,PARANÁ,ALMIRANTE TAMANDARÉ,Mata Atlântica
 1728837553 ,f52ad06c-798b-39ce-8ba9-ef34647581d9,  -25.231270 ,  -49.097880 ,2024-10-16 18:09:00,Brasil,PARANÁ,BOCAIÚVA DO SUL,Mata Atlântica
 1728837554 ,7c1e17f2-754e-3009-8b3a-9e6902c7f143,  -25.228930 ,  -49.106090 ,2024-10-16 18:09:00,Brasil,PARANÁ,BOCAIÚVA DO SUL,Mata Atlântica
 1728837555 ,0226b966-f1cb-30a2-93e7-7a8443ab0551,  -25.225160 ,  -49.722800 ,2024-10-16 18:09:00,Brasil,PARANÁ,CAMPO LARGO,Mata Atlântica
 1728837556 ,61f87c97-8376-38eb-ba46-1ac699746da4,  -25.223000 ,  -49.710050 ,2024-10-16 18:09:00,Brasil,PARANÁ,CAMPO LARGO,Mata Atlântica
 1728837557 ,531354cf-f544-3e9c-aac3-457710c1f20c,  -25.215140 ,  -49.724860 ,2024-10-16 18:09:00,Brasil,PARANÁ,PONTA GROSSA,Mata Atlântica
 1728837558 ,791b67ff-e80d-3f4e-9462-895bc6995854,  -25.212940 ,  -49.711960 ,2024-10-16 18:09:00,Brasil,PARANÁ,PONTA GROSSA,Mata Atlântica
 1728837559 ,a9b4e4ae-3a96-3654-8dd1-3c0cd6af4ef4,  -22.971490 ,  -52.306210 ,2024-10-16 18:09:00,Brasil,PARANÁ,ALTO PARANÁ,Mata Atlântica
 1728837560 ,9f31ec2f-d67e-3e32-8897-7e6c7135741e,  -24.727260 ,  -50.925610 ,2024-10-16 18:09:00,Brasil,PARANÁ,RESERVA,Mata Atlântica
 1728837561 ,578cb382-2741-3755-a591-6248288ccaa7,  -24.716090 ,  -49.350270 ,2024-10-16 18:09:00,Brasil,PARANÁ,DOUTOR ULYSSES,Mata Atlântica
 1729921135 ,ae7f3aea-c207-32af-841d-006acb73753c,  -23.664710 ,  -53.447760 ,2024-10-24 18:34:00,Brasil,PARANÁ,UMUARAMA,Mata Atlântica
 1729921136 ,9a87776c-b5f8-3fe1-a9f8-001a21c7228d,  -23.652390 ,  -53.450400 ,2024-10-24 18:34:00,Brasil,PARANÁ,UMUARAMA,Mata Atlântica
 1730389662 ,5add576f-666e-3451-86e0-fb8175330142,  -23.706480 ,  -51.544330 ,2024-10-27 17:20:00,Brasil,PARANÁ,CAMBIRA,Mata Atlântica
 1730389663 ,fa00ceb8-d929-3a2e-8ce7-0290f62fecf1,  -23.702960 ,  -51.551960 ,2024-10-27 17:20:00,Brasil,PARANÁ,NOVO ITACOLOMI,Mata Atlântica
 1730389664 ,69d6cb20-e18e-356b-bc95-9e2908722275,  -23.699610 ,  -51.510040 ,2024-10-27 17:20:00,Brasil,PARANÁ,NOVO ITACOLOMI,Mata Atlântica
 1730561540 ,8c50442a-238e-379f-9885-e8216a131f4c,  -25.765970 ,  -51.288700 ,2024-10-28 17:56:00,Brasil,PARANÁ,INÁCIO MARTINS,Mata Atlântica
 1730561541 ,56f8e3f1-2eda-313c-8536-bad757f84e29,  -25.953010 ,  -51.244340 ,2024-10-28 17:56:00,Brasil,PARANÁ,CRUZ MACHADO,Mata Atlântica
 1730561542 ,d4bdd117-29d4-32ce-a47e-8c1160bf4661,  -25.954430 ,  -51.254470 ,2024-10-28 17:56:00,Brasil,PARANÁ,CRUZ MACHADO,Mata Atlântica
 1730561543 ,4ff07f77-26c9-3e7f-858e-7a866f1f078d,  -26.205840 ,  -51.744320 ,2024-10-28 17:56:00,Brasil,PARANÁ,CORONEL DOMINGOS SOARES,Mata Atlântica
 1730561544 ,8d7ee3d6-e673-32e9-940b-726ee01ea671,  -26.207270 ,  -51.754850 ,2024-10-28 17:56:00,Brasil,PARANÁ,CORONEL DOMINGOS SOARES,Mata Atlântica
 1730561546 ,e3cc6b59-d99e-380b-b74d-7af9edb6037c,  -24.903810 ,  -51.378960 ,2024-10-28 17:58:00,Brasil,PARANÁ,PRUDENTÓPOLIS,Mata Atlântica
 1730561547 ,1293022f-2730-394e-9ef1-0649ffd68b52,  -24.905210 ,  -51.389020 ,2024-10-28 17:58:00,Brasil,PARANÁ,PRUDENTÓPOLIS,Mata Atlântica
 1730561574 ,15ddd16e-762d-3878-88e6-1ca665f75922,  -25.925980 ,  -49.346560 ,2024-10-28 17:56:00,Brasil,PARANÁ,MANDIRITUBA,Mata Atlântica
 1730874167 ,240c2738-d419-3991-813e-786ef2ad68f3,  -25.981820 ,  -51.361560 ,2024-10-30 17:39:00,Brasil,PARANÁ,CRUZ MACHADO,Mata Atlântica
 1730874168 ,f3cd0928-10d0-3d4b-8e64-074a842e7469,  -25.937010 ,  -51.387770 ,2024-10-30 17:39:00,Brasil,PARANÁ,CRUZ MACHADO,Mata Atlântica
 1730874169 ,3aaca9c4-572f-3925-b777-54c2249aa287,  -25.876090 ,  -49.345770 ,2024-10-30 17:39:00,Brasil,PARANÁ,MANDIRITUBA,Mata Atlântica
 1730874170 ,ede4af66-3460-3d75-8257-7760e2a5e682,  -25.847420 ,  -51.084920 ,2024-10-30 17:39:00,Brasil,PARANÁ,CRUZ MACHADO,Mata Atlântica
 1730874171 ,d8e2a02e-56c1-348e-b8b8-723d566cd870,  -25.845490 ,  -51.067770 ,2024-10-30 17:39:00,Brasil,PARANÁ,CRUZ MACHADO,Mata Atlântica
 1730874172 ,80e5c1af-5d66-3b08-b76b-cad173b9c5b0,  -25.845160 ,  -51.078290 ,2024-10-30 17:39:00,Brasil,PARANÁ,CRUZ MACHADO,Mata Atlântica
 1730874173 ,72973a43-d0e7-342c-99bc-45f6d79098e4,  -25.843340 ,  -51.368600 ,2024-10-30 17:39:00,Brasil,PARANÁ,PINHÃO,Mata Atlântica
 1730874174 ,bf29cede-0a61-3057-8c37-e118c41edb52,  -25.841460 ,  -51.351110 ,2024-10-30 17:39:00,Brasil,PARANÁ,PINHÃO,Mata Atlântica
 1730874175 ,5723fdd7-b22a-3bf9-a292-95d15bc9ad60,  -25.831560 ,  -51.369630 ,2024-10-30 17:39:00,Brasil,PARANÁ,PINHÃO,Mata Atlântica
 1730874176 ,9ab7321d-fdc3-36aa-a07b-00cfc10b5e2c,  -25.795750 ,  -51.483560 ,2024-10-30 17:39:00,Brasil,PARANÁ,PINHÃO,Mata Atlântica
 1730874177 ,e327e39c-80ed-3c37-9193-8cfc702daf85,  -24.859220 ,  -50.816720 ,2024-10-30 17:39:00,Brasil,PARANÁ,IPIRANGA,Mata Atlântica
 1730874178 ,2ffb3192-cf48-322a-a621-077e8cddd591,  -24.857500 ,  -50.801460 ,2024-10-30 17:39:00,Brasil,PARANÁ,IPIRANGA,Mata Atlântica
 1730874179 ,7945c534-9489-38fe-ae37-5d0e0503ebf6,  -24.848160 ,  -50.818490 ,2024-10-30 17:39:00,Brasil,PARANÁ,IPIRANGA,Mata Atlântica
 1730874180 ,8d7d6d87-bc03-3321-b009-7bb0817af20c,  -24.846390 ,  -50.802810 ,2024-10-30 17:39:00,Brasil,PARANÁ,TIBAGI,Mata Atlântica
 1730874181 ,b5cc109f-f636-3674-a76a-69ca8c1befdb,  -24.769410 ,  -49.361440 ,2024-10-30 17:39:00,Brasil,PARANÁ,CERRO AZUL,Mata Atlântica
 1730874182 ,a3ec8814-0036-3cd7-80d9-00aecaa7e954,  -24.745040 ,  -49.578080 ,2024-10-30 17:39:00,Brasil,PARANÁ,CASTRO,Mata Atlântica
 1730874183 ,e3ec1d80-cb1a-37b9-ab2a-133fdeedb886,  -24.743480 ,  -49.565460 ,2024-10-30 17:39:00,Brasil,PARANÁ,CASTRO,Mata Atlântica
 1730874186 ,9dc3ab56-1a5e-3485-94a0-90b572253eca,  -22.979360 ,  -51.137580 ,2024-10-30 17:39:00,Brasil,PARANÁ,SERTANÓPOLIS,Mata Atlântica
 1731002304 ,66b2b0a7-49f0-3d03-b59d-db33aeb60afe,  -26.332410 ,  -53.190830 ,2024-10-31 18:19:00,Brasil,PARANÁ,FLOR DA SERRA DO SUL,Mata Atlântica
 1731002305 ,50067822-da85-3d8a-8cd5-025fe6079fee,  -25.964550 ,  -51.213890 ,2024-10-31 18:19:00,Brasil,PARANÁ,CRUZ MACHADO,Mata Atlântica
 1731002306 ,1afd7b22-16fa-3f84-b81c-e059b127d9eb,  -25.506750 ,  -50.424080 ,2024-10-31 18:19:00,Brasil,PARANÁ,FERNANDES PINHEIRO,Mata Atlântica
 1731002307 ,0fc86de5-b219-376f-be0a-08a79053b766,  -24.175850 ,  -52.839530 ,2024-10-31 18:19:00,Brasil,PARANÁ,JANIÓPOLIS,Mata Atlântica
 1731110658 ,b4e7b403-9cb7-3687-ba5a-eb57c2811bd4,  -26.059390 ,  -51.899520 ,2024-11-01 17:22:00,Brasil,PARANÁ,CORONEL DOMINGOS SOARES,Mata Atlântica
 1731110659 ,59c135a4-0ac6-3f19-93e9-d8c607b812f5,  -26.056880 ,  -51.903810 ,2024-11-01 17:22:00,Brasil,PARANÁ,CORONEL DOMINGOS SOARES,Mata Atlântica
 1731110660 ,241166e3-5219-3498-badb-e2765a6b6e0a,  -26.053760 ,  -51.861320 ,2024-11-01 17:22:00,Brasil,PARANÁ,CORONEL DOMINGOS SOARES,Mata Atlântica
 1731110661 ,a8364a04-bf4c-3eaf-8291-8abc7a0ef6a6,  -24.803060 ,  -52.138790 ,2024-11-01 17:22:00,Brasil,PARANÁ,PALMITAL,Mata Atlântica
 1731110662 ,13770039-ab7c-31d5-af0a-e658a98d239f,  -24.799880 ,  -52.147540 ,2024-11-01 17:22:00,Brasil,PARANÁ,PALMITAL,Mata Atlântica
 1731110663 ,5273b2e9-a773-3642-9652-4bf297eb5e8b,  -24.767780 ,  -49.407290 ,2024-11-01 17:22:00,Brasil,PARANÁ,CERRO AZUL,Mata Atlântica
 1731500032 ,51bd0505-0ac4-3ed7-8e0a-e9d158a44088,  -23.950240 ,  -54.061710 ,2024-11-04 17:43:00,Brasil,PARANÁ,ALTÔNIA,Mata Atlântica
 1732108538 ,5717ae98-a2b9-3193-87a9-76392bbdc92e,  -23.902540 ,  -54.070410 ,2024-11-09 17:47:00,Brasil,PARANÁ,ALTÔNIA,Mata Atlântica
 1732266825 ,ab7bcf64-074a-3980-99f3-722b5e4e0ccb,  -23.919370 ,  -54.049260 ,2024-11-10 18:25:00,Brasil,PARANÁ,ALTÔNIA,Mata Atlântica
 1732266915 ,f5322787-c973-3eb8-b788-a90267f05ccd,  -23.870270 ,  -54.059190 ,2024-11-10 18:25:00,Brasil,PARANÁ,ALTÔNIA,Mata Atlântica
 1732267152 ,cc168b12-cd47-3f28-86b4-d7fc5a876b4e,  -23.922170 ,  -54.054270 ,2024-11-10 18:25:00,Brasil,PARANÁ,ALTÔNIA,Mata Atlântica
 1732831297 ,b52e774d-0685-3844-9eef-37801e611823,  -24.950450 ,  -51.063100 ,2024-11-14 17:49:00,Brasil,PARANÁ,PRUDENTÓPOLIS,Mata Atlântica
 1732831354 ,65253429-39e8-32af-8fed-2cd3160b99a7,  -25.135410 ,  -51.330670 ,2024-11-14 17:49:00,Brasil,PARANÁ,GUARAPUAVA,Mata Atlântica
 1732831422 ,3f61c173-5465-3337-b6cd-473c434e2e3b,  -25.114000 ,  -52.433250 ,2024-11-14 17:49:00,Brasil,PARANÁ,NOVA LARANJEIRAS,Mata Atlântica
 1733086664 ,923d6235-76cc-35a2-9d44-0450ecb46b5e,  -26.571380 ,  -51.251760 ,2024-11-16 17:28:00,Brasil,PARANÁ,GENERAL CARNEIRO,Mata Atlântica
 1733086709 ,8011bd8c-8ba4-3e87-809b-f4c9cd181d16,  -26.568880 ,  -51.223200 ,2024-11-16 17:28:00,Brasil,PARANÁ,GENERAL CARNEIRO,Mata Atlântica
 1733104702 ,801a63df-496a-303d-9911-3d47a26033b0,  -23.931000 ,  -54.084990 ,2024-11-16 17:30:00,Brasil,PARANÁ,ALTÔNIA,Mata Atlântica
 1733217645 ,620550e5-2a64-3bb9-9e7c-08c07344856d,  -25.123270 ,  -52.018820 ,2024-11-17 18:08:00,Brasil,PARANÁ,GOIOXIM,Mata Atlântica
 1733217713 ,46ef6d6d-92dd-3fdb-8e45-04a67e51ab67,  -24.780870 ,  -51.886680 ,2024-11-17 18:08:00,Brasil,PARANÁ,SANTA MARIA DO OESTE,Mata Atlântica
 1733217773 ,2dc80bbc-a68d-3d08-a236-0ba404b13607,  -25.509430 ,  -52.813450 ,2024-11-17 18:08:00,Brasil,PARANÁ,QUEDAS DO IGUAÇU,Mata Atlântica
 1733217788 ,bfcd9c09-5168-3226-a0d7-65f67f2958d9,  -26.019630 ,  -50.191560 ,2024-11-17 18:08:00,Brasil,PARANÁ,ANTÔNIO OLINTO,Mata Atlântica
 1733342672 ,98a924ae-8c5c-37c9-9476-e1e0d9cda559,  -24.935990 ,  -49.653180 ,2024-11-18 17:11:00,Brasil,PARANÁ,CASTRO,Mata Atlântica
 1733342678 ,8e3f84e8-15dd-3e08-86b0-f6f4ce872d5c,  -24.918660 ,  -49.646290 ,2024-11-18 17:11:00,Brasil,PARANÁ,CASTRO,Mata Atlântica
 1733343326 ,f3439fcf-f396-3454-b2b8-d23ba4e7dd1e,  -24.936420 ,  -49.645520 ,2024-11-18 17:11:00,Brasil,PARANÁ,CASTRO,Mata Atlântica
 1733412931 ,b17f01f9-9bda-35d0-b5af-c6939f7ff861,  -24.843830 ,  -49.599580 ,2024-11-19 17:49:00,Brasil,PARANÁ,CASTRO,Mata Atlântica
 1733413032 ,51045e28-e652-372e-bc17-447b410317d2,  -24.772970 ,  -49.487200 ,2024-11-19 17:51:00,Brasil,PARANÁ,CERRO AZUL,Mata Atlântica
 1733413770 ,a0a7517a-a73b-3305-901c-648b317eaf2f,  -24.174100 ,  -49.354590 ,2024-11-19 17:51:00,Brasil,PARANÁ,SENGÉS,Cerrado
 1733596166 ,ec2d1a82-fb9e-3444-a95a-4acd723498ee,  -24.042350 ,  -54.181510 ,2024-11-20 18:30:00,Brasil,PARANÁ,GUAÍRA,Mata Atlântica
 1733596253 ,decf5fe2-5368-30a7-ae7b-62e87ba607ad,  -24.044710 ,  -54.195110 ,2024-11-20 18:30:00,Brasil,PARANÁ,GUAÍRA,Mata Atlântica
 1734102335 ,c866d392-2452-31e6-a07b-c8d460cc6e92,  -23.398380 ,  -51.078930 ,2024-11-24 17:53:00,Brasil,PARANÁ,LONDRINA,Mata Atlântica
 1734102394 ,49affb33-c246-379b-8329-e8ea26d76af6,  -26.158190 ,  -53.032900 ,2024-11-24 17:53:00,Brasil,PARANÁ,MARMELEIRO,Mata Atlântica
 1734102614 ,a9f30821-e65e-3c54-b0d4-ad362460a679,  -25.060030 ,  -53.619970 ,2024-11-24 17:53:00,Brasil,PARANÁ,SANTA TEREZA DO OESTE,Mata Atlântica
 1734102652 ,2f1546ee-7b3b-38aa-bc01-8b5ecf3b7fd2,  -25.791000 ,  -53.309480 ,2024-11-24 17:53:00,Brasil,PARANÁ,SALTO DO LONTRA,Mata Atlântica
 1734102679 ,c9278dd4-b7c2-35ad-b135-c70bc2c26c98,  -23.900420 ,  -50.520420 ,2024-11-24 17:53:00,Brasil,PARANÁ,SAPOPEMA,Mata Atlântica
 1734102943 ,a7cb10da-5ecd-3d58-8728-fee802259dc8,  -23.502240 ,  -52.013500 ,2024-11-24 17:53:00,Brasil,PARANÁ,MARINGÁ,Mata Atlântica
 1734103009 ,d81e0bf2-cf19-35db-a57c-bf733aaf6d87,  -24.518150 ,  -53.576480 ,2024-11-24 17:53:00,Brasil,PARANÁ,ASSIS CHATEAUBRIAND,Mata Atlântica
 1734103015 ,3d888837-1bd4-3481-8a23-3266fb53f5bb,  -25.102680 ,  -49.356210 ,2024-11-24 17:53:00,Brasil,PARANÁ,RIO BRANCO DO SUL,Mata Atlântica
 1734355749 ,174eeefe-4d55-3c01-bbfa-71b63e187ad5,  -23.776460 ,  -50.310570 ,2024-11-26 17:34:00,Brasil,PARANÁ,IBAITI,Mata Atlântica
 1735029953 ,b2db1b8b-72c7-3fea-af75-ace677b8aeee,  -24.045090 ,  -52.390470 ,2024-12-01 17:36:00,Brasil,PARANÁ,CAMPO MOURÃO,Mata Atlântica
 1734489992 ,e7b9d9f0-3c4a-38cc-9384-6b34a89bbb7f,  -26.104080 ,  -50.886880 ,2024-11-27 18:15:00,Brasil,PARANÁ,PAULA FREITAS,Mata Atlântica
 1736335110 ,9b3d3154-4c9b-3731-81b9-9bad96e16303,  -25.544960 ,  -51.736700 ,2024-12-11 17:41:00,Brasil,PARANÁ,GUARAPUAVA,Mata Atlântica
 1737073402 ,88f5ac54-8e0b-364d-b85e-1c5746f5c5bf,  -23.473340 ,  -52.058560 ,2024-12-16 17:41:00,Brasil,PARANÁ,PAIÇANDU,Mata Atlântica
 1737073559 ,ca05af10-329c-309f-81a3-1701fe845820,  -25.447590 ,  -54.411340 ,2024-12-16 17:41:00,Brasil,PARANÁ,SANTA TEREZINHA DE ITAIPU,Mata Atlântica
 1737405762 ,aa03608c-ce08-3fc7-8fbd-cd60a86ba1f9,  -24.933550 ,  -51.784930 ,2024-12-18 17:24:00,Brasil,PARANÁ,SANTA MARIA DO OESTE,Mata Atlântica
 1737406162 ,c71c0437-c007-39ee-925f-22b3aa706b72,  -25.804410 ,  -49.281050 ,2024-12-18 17:24:00,Brasil,PARANÁ,MANDIRITUBA,Mata Atlântica
 1737406180 ,927d7d65-656e-3856-bbda-818d25c33cc4,  -24.931470 ,  -51.793240 ,2024-12-18 17:24:00,Brasil,PARANÁ,SANTA MARIA DO OESTE,Mata Atlântica
 1737406222 ,7fa968f5-732b-30c1-99b9-202845516291,  -25.454070 ,  -51.160050 ,2024-12-18 17:24:00,Brasil,PARANÁ,GUARAPUAVA,Mata Atlântica
 1737406226 ,3f152415-ab31-3b73-8229-0ff18dd35e2c,  -24.632860 ,  -51.127720 ,2024-12-18 17:24:00,Brasil,PARANÁ,CÂNDIDO DE ABREU,Mata Atlântica
 1737406416 ,485c1579-bd44-3557-91f7-c339613c4902,  -25.459410 ,  -51.151620 ,2024-12-18 17:24:00,Brasil,PARANÁ,GUARAPUAVA,Mata Atlântica
 1737406446 ,16a8f8cf-fb1d-38d3-8698-af58aca0f5b3,  -24.644000 ,  -51.130560 ,2024-12-18 17:24:00,Brasil,PARANÁ,CÂNDIDO DE ABREU,Mata Atlântica
 1737883675 ,1c7f7044-f13d-3358-b34f-4592ec7ef511,  -25.222600 ,  -50.977700 ,2024-12-21 17:45:00,Brasil,PARANÁ,PRUDENTÓPOLIS,Mata Atlântica
 1737883743 ,7b73bef1-4518-33cf-8cfa-800af9b1194d,  -26.244600 ,  -52.686460 ,2024-12-21 17:45:00,Brasil,PARANÁ,PATO BRANCO,Mata Atlântica
 1738323936 ,d0a71f37-e67f-368a-ac21-122565503ee2,  -25.422130 ,  -53.183680 ,2024-12-24 18:04:00,Brasil,PARANÁ,TRÊS BARRAS DO PARANÁ,Mata Atlântica
 1738323946 ,d0b20148-05f8-3bc8-b67b-f36d3d418c84,  -24.740050 ,  -53.511000 ,2024-12-24 18:04:00,Brasil,PARANÁ,TUPÃSSI,Mata Atlântica
 1738323990 ,4ec0102a-404c-3e9e-a560-bef0569b1ce5,  -25.831480 ,  -52.727360 ,2024-12-24 18:04:00,Brasil,PARANÁ,SÃO JOÃO,Mata Atlântica
 1738329757 ,67ac1bec-6953-3671-a8a6-01c2844bd81b,  -24.072530 ,  -53.843430 ,2024-12-24 18:04:00,Brasil,PARANÁ,FRANCISCO ALVES,Mata Atlântica
 1738590629 ,ff311b19-2be5-303d-b44e-57f2fdb747d7,  -26.070630 ,  -53.057270 ,2024-12-26 17:45:00,Brasil,PARANÁ,FRANCISCO BELTRÃO,Mata Atlântica
 1738917387 ,65111786-d752-3b9d-bb31-c260232d1c0d,  -25.791390 ,  -51.295280 ,2024-12-28 17:26:00,Brasil,PARANÁ,INÁCIO MARTINS,Mata Atlântica
 1738917451 ,653e82ea-d19f-3db1-8108-fd6a5a22ffb1,  -25.794230 ,  -51.331510 ,2024-12-28 17:26:00,Brasil,PARANÁ,PINHÃO,Mata Atlântica
 1739101535 ,361e27ec-02bb-3e30-8c75-023e61788943,  -25.072540 ,  -51.165720 ,2024-12-29 18:06:00,Brasil,PARANÁ,PRUDENTÓPOLIS,Mata Atlântica
 1739101559 ,b3b15933-f24d-3f25-8ba4-d50156b3df80,  -25.828300 ,  -53.108850 ,2024-12-29 18:04:00,Brasil,PARANÁ,DOIS VIZINHOS,Mata Atlântica
 1739101647 ,3786d516-279c-32d3-9c15-7ed7a0042e03,  -23.137500 ,  -50.316570 ,2024-12-29 18:06:00,Brasil,PARANÁ,BANDEIRANTES,Mata Atlântica
 1739101684 ,4453346a-e5c6-38e3-a384-c59a89a8e973,  -25.786970 ,  -53.308080 ,2024-12-29 18:04:00,Brasil,PARANÁ,SALTO DO LONTRA,Mata Atlântica
 1739101791 ,f17e3769-a982-3f9a-bdd6-5a122662d19e,  -24.594000 ,  -52.277260 ,2024-12-29 18:06:00,Brasil,PARANÁ,RONCADOR,Mata Atlântica
 1739101834 ,bd72b7ac-935b-32e4-9b22-18fa745f879f,  -24.375990 ,  -53.383470 ,2024-12-29 18:06:00,Brasil,PARANÁ,JESUÍTAS,Mata Atlântica
 1739102024 ,9ae4514a-01bb-3ef9-8971-30edd920d2cb,  -23.212880 ,  -53.004250 ,2024-12-29 18:06:00,Brasil,PARANÁ,PLANALTINA DO PARANÁ,Mata Atlântica
 1739102068 ,a240a463-f7c6-38a9-9814-ecdd78dd0c2b,  -23.214260 ,  -53.014380 ,2024-12-29 18:06:00,Brasil,PARANÁ,PLANALTINA DO PARANÁ,Mata Atlântica
 1739557976 ,897e3ee6-4bfc-32c6-9f43-083db60aa3ee,  -24.183510 ,  -53.024870 ,2024-12-31 17:47:00,Brasil,PARANÁ,GOIOERÊ,Mata Atlântica
 1739558142 ,f390d205-8c83-310c-9639-716504300da7,  -23.736680 ,  -52.868790 ,2024-12-31 17:47:00,Brasil,PARANÁ,TAPEJARA,Mata Atlântica
